timestamp,board_id,inircd100_voltage,inircd100_pctvol,inircd100_digital_pctvol,inircd100_temp_c,inirme100_voltage,inirme100_pctvol,battery_voltage,rssi,snr,sample
2026-09-21T15:20:05,2,1.662,32.93,29.3480,27.9,1.648,31.84,4.00,-62,10.00,
2026-09-21T15:20:06,2,1.632,30.55,29.3460,27.9,1.649,31.90,4.01,-63,10.00,
2026-09-21T15:20:08,2,1.666,33.26,29.3390,27.9,1.650,32.03,4.00,-64,9.75,
2026-09-21T15:20:09,2,1.634,30.74,29.3460,27.9,1.651,32.10,4.00,-59,9.75,
2026-09-21T15:20:10,2,1.631,30.48,29.3430,27.9,1.649,31.90,4.01,-63,10.00,
2026-09-21T15:20:11,2,1.665,33.19,29.3400,27.9,1.652,32.16,4.00,-60,9.75,7
2026-09-21T15:20:19,2,1.631,30.48,29.3370,27.9,1.642,31.32,4.00,-50,5.75,8
2026-09-21T15:20:20,2,1.664,33.13,29.3450,27.9,1.652,32.16,4.00,-60,9.25,
2026-09-21T15:20:21,2,1.635,30.81,29.3470,27.9,1.651,32.10,4.00,-59,9.50,
2026-09-21T15:20:22,2,1.674,33.90,29.3550,27.9,1.653,32.23,3.99,-59,9.50,
2026-09-21T15:20:23,2,1.676,34.10,29.3550,27.9,1.648,31.84,4.00,-59,9.75,
2026-09-21T15:20:24,2,1.632,30.55,29.3530,27.9,1.650,31.97,4.00,-60,9.50,
2026-09-21T15:20:25,2,1.667,33.39,29.3540,27.9,1.653,32.23,4.00,-60,10.00,
2026-09-21T15:20:26,2,1.633,30.68,29.3580,27.9,1.653,32.23,3.99,-60,9.25,
2026-09-21T15:20:27,2,1.632,30.55,29.3640,27.9,1.650,31.97,4.00,-60,9.75,
2026-09-21T15:20:28,2,1.667,33.32,29.3540,27.9,1.649,31.90,4.00,-60,9.25,
2026-09-21T15:20:29,2,1.630,30.42,29.3450,27.9,1.653,32.23,4.00,-63,10.25,
2026-09-21T15:20:31,2,1.628,30.23,29.3430,27.9,1.644,31.52,4.00,-64,10.00,
2026-09-21T15:20:32,2,1.666,33.26,29.3480,27.9,1.650,32.03,4.00,-62,10.25,
2026-09-21T15:20:33,2,1.633,30.61,29.3370,27.9,1.650,32.03,4.00,-61,9.50,
2026-09-21T15:20:34,2,1.670,33.58,29.3400,27.9,1.649,31.90,3.99,-64,9.25,
2026-09-21T15:20:35,2,1.661,32.87,29.3350,27.9,1.648,31.84,4.00,-61,9.75,
2026-09-21T15:20:36,2,1.633,30.61,29.3360,27.9,1.651,32.10,4.00,-60,9.75,
2026-09-21T15:20:37,2,1.666,33.26,29.3410,27.9,1.651,32.10,4.00,-60,9.75,
2026-09-21T15:20:38,2,1.630,30.42,29.3440,27.9,1.650,32.03,4.00,-59,9.50,
2026-09-21T15:20:39,2,1.632,30.55,29.3400,27.9,1.650,32.03,4.01,-60,9.50,
2026-09-21T15:20:40,2,1.663,33.06,29.3420,27.9,1.650,32.03,4.00,-61,9.25,
2026-09-21T15:20:41,2,1.633,30.68,29.3400,27.9,1.650,31.97,3.99,-60,9.25,
2026-09-21T15:20:43,2,1.671,33.71,29.3360,27.9,1.653,32.23,3.99,-61,9.50,
2026-09-21T15:20:44,2,1.662,32.93,29.3340,27.9,1.649,31.90,4.00,-61,9.75,
2026-09-21T15:20:45,2,1.633,30.61,29.3380,27.9,1.650,32.03,4.01,-61,9.75,
2026-09-21T15:20:46,2,1.668,33.45,29.3320,27.9,1.650,31.97,4.00,-60,9.50,
2026-09-21T15:20:47,2,1.632,30.55,29.3200,27.9,1.649,31.90,3.99,-60,9.25,
2026-09-21T15:20:48,2,1.633,30.61,29.3190,27.9,1.650,31.97,4.01,-59,10.00,
2026-09-21T15:20:49,2,1.664,33.13,29.3210,27.9,1.650,32.03,4.00,-61,9.50,
2026-09-21T15:20:50,2,1.632,30.55,29.3270,27.9,1.651,32.10,4.00,-61,9.50,
2026-09-21T15:20:51,2,1.675,34.03,29.3240,27.9,1.649,31.90,3.98,-59,9.75,
2026-09-21T15:20:52,2,1.661,32.87,29.3240,27.9,1.650,32.03,3.99,-59,9.25,
2026-09-21T15:20:53,2,1.630,30.42,29.3190,27.9,1.653,32.23,4.00,-61,10.00,
2026-09-21T15:20:55,2,1.669,33.52,29.3240,27.9,1.648,31.84,4.00,-65,9.25,
2026-09-21T15:21:03,2,1.669,33.52,29.3210,27.9,1.654,32.29,3.99,-62,9.50,
2026-09-21T15:21:04,2,1.668,33.45,29.3140,27.9,1.655,32.42,3.96,-63,10.25,
2026-09-21T15:21:05,2,1.630,30.42,29.3140,27.9,1.650,32.03,4.00,-63,9.75,
2026-09-21T15:21:07,2,1.667,33.39,29.3170,27.9,1.647,31.77,4.00,-63,10.25,
2026-09-21T15:21:08,2,1.633,30.61,29.3140,27.9,1.650,31.97,3.99,-62,9.25,
2026-09-21T15:21:09,2,1.632,30.55,29.3130,27.9,1.646,31.71,4.00,-63,9.50,
2026-09-21T15:21:10,2,1.662,32.93,29.3050,27.9,1.650,32.03,4.00,-64,9.75,
2026-09-21T15:21:11,2,1.634,30.74,29.3100,27.9,1.651,32.10,4.00,-64,9.75,
2026-09-21T15:21:12,2,1.676,34.10,29.3160,27.9,1.651,32.10,3.99,-64,9.25,
2026-09-21T15:21:13,2,1.662,32.93,29.3230,27.9,1.649,31.90,4.00,-63,9.75,
2026-09-21T15:21:14,2,1.633,30.68,29.3200,27.9,1.650,32.03,4.00,-63,9.75,
2026-09-21T15:21:15,2,1.667,33.39,29.3250,27.9,1.650,31.97,4.00,-63,9.75,
2026-09-21T15:21:16,2,1.636,30.87,29.3270,27.9,1.650,32.03,3.99,-62,9.50,
2026-09-21T15:21:18,2,1.633,30.68,29.3280,27.9,1.647,31.77,4.00,-64,9.50,
2026-09-21T15:21:19,2,1.663,33.06,29.3310,27.9,1.653,32.23,4.00,-64,10.00,
2026-09-21T15:21:20,2,1.632,30.55,29.3320,27.9,1.650,31.97,4.00,-63,9.50,
2026-09-21T15:21:21,2,1.668,33.45,29.3300,27.9,1.648,31.84,4.00,-60,9.50,
2026-09-21T15:21:22,2,1.662,33.00,29.3350,27.9,1.650,31.97,4.00,-60,9.50,
2026-09-21T15:21:23,2,1.633,30.61,29.3340,27.9,1.650,32.03,4.00,-64,9.75,
2026-09-21T15:21:24,2,1.669,33.52,29.3270,27.9,1.650,31.97,3.99,-64,9.75,
2026-09-21T15:21:25,2,1.667,33.39,29.3300,27.9,1.650,31.97,3.96,-64,9.25,
2026-09-21T15:21:26,2,1.633,30.68,29.3250,27.9,1.650,31.97,4.00,-63,9.50,
2026-09-21T15:21:27,2,1.665,33.19,29.3260,27.9,1.650,31.97,4.00,-65,9.50,
2026-09-21T15:21:28,2,1.633,30.61,29.3250,27.9,1.650,31.97,4.00,-64,9.75,
2026-09-21T15:21:30,2,1.627,30.16,29.3230,27.9,1.645,31.58,4.04,-67,10.00,
2026-09-21T15:21:31,2,1.664,33.13,29.3230,27.9,1.648,31.84,4.00,-64,9.50,
2026-09-21T15:21:32,2,1.640,31.19,29.3230,27.9,1.650,32.03,4.00,-64,9.50,
2026-09-21T15:21:33,2,1.669,33.52,29.3180,27.9,1.651,32.10,3.99,-62,9.50,
2026-09-21T15:21:34,2,1.671,33.64,29.3170,27.9,1.654,32.29,3.95,-64,9.75,
2026-09-21T15:21:35,2,1.631,30.48,29.3240,27.9,1.650,31.97,4.00,-66,9.25,
2026-09-21T15:21:36,2,1.667,33.39,29.3150,27.9,1.650,31.97,4.00,-64,9.75,
2026-09-21T15:21:37,2,1.632,30.55,29.3000,27.9,1.653,32.23,4.00,-65,9.25,
2026-09-21T15:21:38,2,1.624,29.90,29.2890,27.9,1.644,31.52,4.04,-66,10.00,
2026-09-21T15:21:47,2,1.621,29.65,29.2760,27.9,1.646,31.65,4.01,-63,10.00,
2026-09-21T15:21:48,2,1.662,33.00,29.2680,27.9,1.648,31.84,4.00,-66,9.50,
2026-09-21T15:21:49,2,1.632,30.55,29.2710,27.9,1.650,32.03,4.00,-62,9.50,
2026-09-21T15:21:50,2,1.626,30.10,29.2600,27.9,1.645,31.58,4.04,-63,9.75,
2026-09-21T15:21:51,2,1.660,32.81,29.2540,27.9,1.650,32.03,4.00,-63,9.50,
2026-09-21T15:21:52,2,1.631,30.48,29.2620,27.9,1.649,31.90,4.01,-65,9.50,
2026-09-21T15:21:54,2,1.669,33.52,29.2630,27.9,1.650,32.03,4.00,-63,9.50,
2026-09-21T15:21:55,2,1.665,33.19,29.2620,27.9,1.656,32.48,3.96,-62,10.00,
2026-09-21T15:21:56,2,1.631,30.48,29.2630,27.9,1.649,31.90,4.00,-66,9.50,
2026-09-21T15:21:57,2,1.665,33.19,29.2720,27.9,1.649,31.90,4.00,-63,9.75,
2026-09-21T15:21:58,2,1.633,30.61,29.2690,27.9,1.650,31.97,4.00,-63,9.50,
2026-09-21T15:21:59,2,1.627,30.16,29.2750,27.9,1.643,31.45,4.04,-63,10.00,
2026-09-21T15:22:00,2,1.661,32.87,29.2780,27.9,1.649,31.90,4.00,-63,9.75,
2026-09-21T15:22:01,2,1.631,30.48,29.2800,27.9,1.650,32.03,4.00,-62,9.75,
2026-09-21T15:22:02,2,1.670,33.58,29.2770,27.9,1.651,32.10,3.99,-60,9.25,
2026-09-21T15:22:03,2,1.668,33.45,29.2780,27.9,1.655,32.42,3.95,-61,9.75,
2026-09-21T15:22:05,2,1.631,30.48,29.2700,27.9,1.649,31.90,4.00,-61,9.50,
2026-09-21T15:22:06,2,1.667,33.39,29.2750,27.9,1.649,31.90,4.00,-62,10.00,
2026-09-21T15:22:07,2,1.630,30.42,29.2810,27.9,1.648,31.84,4.00,-65,9.50,
2026-09-21T15:22:08,2,1.628,30.23,29.2870,27.9,1.642,31.39,4.04,-65,9.75,
2026-09-21T15:22:09,2,1.664,33.13,29.2960,27.9,1.651,32.10,4.00,-66,9.25,
2026-09-21T15:22:10,2,1.632,30.55,29.2990,27.9,1.648,31.84,4.00,-65,9.50,
2026-09-21T15:22:11,2,1.677,34.16,29.3080,27.9,1.654,32.29,3.99,-63,9.00,
2026-09-21T15:22:12,2,1.669,33.52,29.3020,27.9,1.656,32.48,3.95,-63,9.75,
2026-09-21T15:22:13,2,1.631,30.48,29.3030,27.9,1.648,31.84,4.00,-64,9.25,
2026-09-21T15:22:14,2,1.667,33.32,29.2970,27.9,1.650,31.97,3.99,-64,9.25,
2026-09-21T15:22:15,2,1.638,31.07,29.3010,27.9,1.650,31.97,3.96,-64,9.25,
2026-09-21T15:22:17,2,1.625,29.97,29.2980,27.9,1.645,31.58,4.03,-65,9.50,
2026-09-21T15:22:18,2,1.663,33.06,29.3020,27.9,1.649,31.90,4.00,-66,9.75,
2026-09-21T15:22:19,2,1.631,30.48,29.2950,27.9,1.650,32.03,4.00,-65,9.50,
2026-09-21T15:22:20,2,1.628,30.23,29.2950,27.9,1.646,31.71,4.04,-65,9.75,
2026-09-21T15:22:21,2,1.670,33.58,29.2960,27.9,1.656,32.48,3.95,-64,9.75,
2026-09-21T15:22:22,2,1.632,30.55,29.2930,27.9,1.661,32.87,4.00,-63,9.75,
2026-09-21T15:22:31,2,1.633,30.61,29.2980,27.9,1.650,31.97,4.00,-67,9.50,
2026-09-21T15:22:32,2,1.675,34.03,29.3070,27.9,1.651,32.10,3.99,-65,10.00,
2026-09-21T15:22:33,2,1.667,33.39,29.3100,27.9,1.655,32.42,3.96,-64,9.75,
2026-09-21T15:22:34,2,1.631,30.48,29.3010,27.9,1.650,31.97,4.00,-65,9.00,
2026-09-21T15:22:35,2,1.667,33.39,29.3110,27.9,1.650,32.03,3.99,-62,10.25,
2026-09-21T15:22:36,2,1.633,30.61,29.3120,27.9,1.650,32.03,4.00,-61,9.50,
2026-09-21T15:22:37,2,1.626,30.10,29.3100,27.9,1.642,31.39,4.04,-61,10.00,
2026-09-21T15:22:38,2,1.662,33.00,29.3190,27.9,1.646,31.71,4.00,-62,9.75,
2026-09-21T15:22:39,2,1.633,30.61,29.3160,27.9,1.649,31.90,4.00,-63,9.75,
2026-09-21T15:22:41,2,1.673,33.84,29.3160,27.9,1.649,31.90,3.99,-62,9.75,
2026-09-21T15:22:42,2,1.667,33.39,29.3210,27.9,1.654,32.35,3.96,-62,10.25,
2026-09-21T15:22:43,2,1.632,30.55,29.3160,27.9,1.650,32.03,4.00,-61,9.75,
2026-09-21T15:22:44,2,1.669,33.52,29.3130,27.9,1.652,32.16,3.99,-62,10.00,
2026-09-21T15:22:45,2,1.668,33.45,29.3140,27.9,1.654,32.35,3.96,-64,9.25,
2026-09-21T15:22:46,2,1.626,30.10,29.3080,27.9,1.646,31.71,4.04,-63,10.25,
2026-09-21T15:22:47,2,1.662,33.00,29.3110,27.9,1.650,31.97,3.99,-60,9.75,
2026-09-21T15:22:48,2,1.633,30.68,29.3030,27.9,1.650,32.03,4.00,-61,9.25,
2026-09-21T15:22:49,2,1.625,30.03,29.2950,27.9,1.643,31.45,4.03,-61,9.75,
2026-09-21T15:22:50,2,1.670,33.58,29.2930,27.9,1.656,32.48,3.96,-62,9.75,
2026-09-21T15:22:52,2,1.633,30.61,29.2860,27.9,1.650,32.03,4.00,-59,9.50,
2026-09-21T15:22:53,2,1.671,33.71,29.2770,27.9,1.651,32.10,3.99,-61,9.25,
2026-09-21T15:22:54,2,1.667,33.39,29.2770,27.9,1.656,32.48,3.96,-63,9.75,
2026-09-21T15:22:55,2,1.625,30.03,29.2720,27.9,1.642,31.39,4.03,-60,9.75,
2026-09-21T15:22:56,2,1.667,33.32,29.2710,27.9,1.650,32.03,3.99,-59,9.00,
2026-09-21T15:22:57,2,1.633,30.61,29.2730,27.9,1.652,32.16,4.00,-59,9.25,
2026-09-21T15:22:58,2,1.627,30.16,29.2670,27.9,1.644,31.52,4.04,-59,10.00,
2026-09-21T15:22:59,2,1.668,33.45,29.2630,27.9,1.658,32.61,3.95,-58,9.50,
2026-09-21T15:23:00,2,1.632,30.55,29.2610,27.9,1.649,31.90,4.00,-59,10.00,
2026-09-21T15:23:01,2,1.674,33.90,29.2580,27.9,1.650,32.03,3.99,-58,10.00,
2026-09-21T15:23:02,2,1.667,33.32,29.2640,27.9,1.655,32.42,3.96,-58,10.00,
2026-09-21T15:23:04,2,1.625,30.03,29.2650,27.9,1.641,31.26,4.03,-58,9.75,
2026-09-21T15:23:05,2,1.666,33.26,29.2630,27.9,1.650,31.97,3.99,-58,9.75,
2026-09-21T15:23:06,2,1.630,30.42,29.2640,27.9,1.653,32.23,4.00,-57,10.00,
2026-09-21T15:23:07,2,1.627,30.16,29.2620,27.9,1.644,31.52,4.03,-58,10.00,
2026-09-21T15:23:12,2,1.627,30.16,29.2700,27.9,1.645,31.58,4.04,-50,-0.50,
2026-09-21T15:23:13,2,1.668,33.45,29.2700,27.9,1.649,31.90,3.99,-52,2.25,
2026-09-21T15:23:14,2,1.659,32.74,29.2710,27.9,1.657,32.55,3.96,-52,7.00,
2026-09-21T15:23:16,2,1.622,29.78,29.2670,27.9,1.645,31.58,4.03,-59,9.50,
2026-09-21T15:23:17,2,1.671,33.64,29.2580,27.9,1.657,32.55,3.95,-58,9.75,
2026-09-21T15:23:18,2,1.633,30.61,29.2700,27.9,1.651,32.10,4.00,-59,9.25,
2026-09-21T15:23:19,2,1.626,30.10,29.2590,27.9,1.643,31.45,4.03,-58,9.75,
2026-09-21T15:23:20,2,1.665,33.19,29.2580,27.9,1.656,32.48,3.95,-58,10.00,
2026-09-21T15:23:21,2,1.626,30.10,29.2540,27.9,1.646,31.65,4.03,-59,9.00,
2026-09-21T15:23:22,2,1.672,33.77,29.2600,27.9,1.650,32.03,3.99,-58,9.75,
2026-09-21T15:23:23,2,1.666,33.26,29.2640,27.9,1.653,32.23,3.96,-58,9.75,
2026-09-21T15:23:24,2,1.634,30.74,29.2670,27.9,1.644,31.52,4.04,-59,10.00,
2026-09-21T15:23:25,2,1.667,33.32,29.2730,27.9,1.651,32.10,4.00,-59,9.50,
2026-09-21T15:23:26,2,1.632,30.55,29.2670,27.9,1.650,31.97,4.00,-59,9.50,
2026-09-21T15:23:28,2,1.627,30.16,29.2710,27.9,1.643,31.45,4.04,-59,9.50,
2026-09-21T15:23:29,2,1.669,33.52,29.2720,27.9,1.659,32.74,3.95,-58,9.75,
2026-09-21T15:23:30,2,1.632,30.55,29.2640,27.9,1.649,31.90,4.00,-59,10.00,
2026-09-21T15:23:31,2,1.676,34.10,29.2650,27.9,1.650,32.03,3.98,-57,9.75,
2026-09-21T15:23:32,2,1.675,34.03,29.2660,27.9,1.656,32.48,3.96,-58,9.75,
2026-09-21T15:23:33,2,1.625,29.97,29.2720,27.9,1.644,31.52,4.04,-58,9.50,
2026-09-21T15:23:34,2,1.667,33.39,29.2750,27.9,1.650,32.03,3.99,-58,9.75,
2026-09-21T15:23:35,2,1.633,30.68,29.2730,27.9,1.650,31.97,4.00,-57,9.75,
2026-09-21T15:23:36,2,1.627,30.16,29.2810,27.9,1.642,31.39,4.04,-56,10.00,
2026-09-21T15:23:37,2,1.668,33.45,29.2720,27.9,1.656,32.48,3.95,-57,11.00,
2026-09-21T15:23:39,2,1.629,30.36,29.2800,27.9,1.648,31.84,4.00,-59,9.00,
2026-09-21T15:23:40,2,1.627,30.16,29.2790,27.9,1.641,31.26,4.03,-59,12.00,
2026-09-21T15:23:41,2,1.667,33.32,29.2770,27.9,1.657,32.55,3.96,-59,9.50,
2026-09-21T15:23:42,2,1.625,30.03,29.2780,27.9,1.643,31.45,4.04,-58,10.00,
2026-09-21T15:23:44,2,1.662,32.93,29.2660,27.9,1.655,32.42,3.96,-59,9.50,
2026-09-21T15:23:45,2,1.627,30.16,29.2640,27.9,1.647,31.77,4.03,-59,9.50,
2026-09-21T15:23:46,2,1.671,33.71,29.2640,27.9,1.658,32.61,3.95,-59,9.25,
2026-09-21T15:23:47,2,1.629,30.36,29.2570,27.9,1.650,32.03,4.00,-58,9.50,
2026-09-21T15:23:48,2,1.625,30.03,29.2670,27.9,1.646,31.65,4.04,-60,9.75,
2026-09-21T15:23:49,2,1.663,33.06,29.2770,27.9,1.654,32.29,3.96,-58,9.50,
2026-09-21T15:23:51,2,1.625,29.97,29.2760,27.9,1.646,31.65,4.04,-59,9.75,
2026-09-21T15:23:56,2,1.632,30.55,29.2590,27.9,1.649,31.90,4.00,-51,-0.25,
2026-09-21T15:23:57,2,1.625,30.03,29.2540,27.9,1.644,31.52,4.04,-52,-0.50,
2026-09-21T15:23:59,2,1.627,30.16,29.2610,27.9,1.643,31.45,4.03,-58,9.50,
2026-09-21T15:24:00,2,1.675,34.03,29.2670,27.9,1.652,32.16,3.99,-58,9.00,
2026-09-21T15:24:01,2,1.667,33.39,29.2620,27.9,1.655,32.42,3.96,-58,9.75,
2026-09-21T15:24:03,2,1.627,30.16,29.2670,27.9,1.642,31.39,4.04,-58,10.00,
2026-09-21T15:24:04,2,1.675,34.03,29.2730,27.9,1.654,32.35,3.94,-58,10.50,
2026-09-21T15:24:05,2,1.667,33.39,29.2680,27.9,1.654,32.35,3.96,-58,10.00,
2026-09-21T15:24:06,2,1.626,30.10,29.2680,27.9,1.645,31.58,4.03,-57,10.00,
2026-09-21T15:24:07,2,1.670,33.58,29.2690,27.9,1.655,32.42,3.95,-58,10.00,
2026-09-21T15:24:08,2,1.626,30.10,29.2800,27.9,1.645,31.58,4.03,-57,10.00,
2026-09-21T15:24:09,2,1.628,30.23,29.2660,27.9,1.644,31.52,4.03,-57,9.50,
2026-09-21T15:24:10,2,1.667,33.32,29.2620,27.9,1.649,31.90,3.96,-57,9.75,
2026-09-21T15:24:11,2,1.627,30.16,29.2510,27.9,1.645,31.58,4.03,-57,10.00,
2026-09-21T15:24:12,2,1.672,33.77,29.2580,27.9,1.650,31.97,3.99,-57,9.50,
2026-09-21T15:24:13,2,1.667,33.39,29.2640,27.9,1.655,32.42,3.97,-57,10.00,
2026-09-21T15:24:15,2,1.625,29.97,29.2660,27.9,1.646,31.65,4.03,-57,9.75,
2026-09-21T15:24:16,2,1.668,33.45,29.2710,27.9,1.656,32.48,3.95,-57,9.75,
2026-09-21T15:24:17,2,1.633,30.61,29.2690,27.9,1.661,32.87,4.00,-57,9.50,
2026-09-21T15:24:18,2,1.625,29.97,29.2640,27.9,1.644,31.52,4.03,-58,10.00,
2026-09-21T15:24:19,2,1.668,33.45,29.2620,27.9,1.655,32.42,3.96,-57,10.00,
2026-09-21T15:24:20,2,1.625,30.03,29.2620,27.9,1.646,31.71,4.03,-57,9.50,
2026-09-21T15:24:21,2,1.673,33.84,29.2560,27.9,1.651,32.10,3.99,-57,9.50,
2026-09-21T15:24:22,2,1.666,33.26,29.2620,27.9,1.656,32.48,3.96,-57,10.00,
2026-09-21T15:24:23,2,1.626,30.10,29.2520,27.9,1.642,31.39,4.04,-57,10.00,
2026-09-21T15:24:24,2,1.671,33.64,29.2580,27.9,1.647,31.77,3.95,-57,10.25,
2026-09-21T15:24:25,2,1.630,30.42,29.2520,27.9,1.649,31.90,4.00,-57,9.50,
2026-09-21T15:24:27,2,1.628,30.23,29.2560,27.9,1.645,31.58,4.03,-57,10.00,
2026-09-21T15:24:28,2,1.669,33.52,29.2480,27.9,1.652,32.16,3.96,-57,10.00,
2026-09-21T15:24:29,2,1.635,30.81,29.2500,27.9,1.645,31.58,4.03,-58,10.00,
2026-09-21T15:24:30,2,1.672,33.77,29.2520,27.9,1.652,32.16,3.99,-57,10.00,
2026-09-21T15:24:31,2,1.666,33.26,29.2520,27.9,1.655,32.42,3.96,-57,10.00,
2026-09-21T15:24:32,2,1.625,30.03,29.2470,27.9,1.644,31.52,4.03,-58,9.75,
2026-09-21T15:24:33,2,1.673,33.84,29.2470,27.9,1.655,32.42,3.95,-57,10.00,
2026-09-21T15:24:34,2,1.631,30.48,29.2480,27.9,1.653,32.23,3.96,-57,9.75,
2026-09-21T15:24:40,2,1.665,33.19,29.2550,27.9,1.656,32.48,3.96,-49,0.75,
2026-09-21T15:24:41,2,1.625,30.03,29.2590,27.9,1.642,31.39,4.03,-50,1.00,
2026-09-21T15:24:42,2,1.675,34.03,29.2470,27.9,1.658,32.68,3.94,-51,1.25,
2026-09-21T15:24:43,2,1.661,32.87,29.2600,27.9,1.654,32.29,3.96,-57,10.00,
2026-09-21T15:24:44,2,1.628,30.23,29.2550,27.9,1.646,31.71,4.03,-57,9.75,
2026-09-21T15:24:45,2,1.670,33.58,29.2540,27.9,1.656,32.48,3.95,-57,9.75,
2026-09-21T15:24:46,2,1.626,30.10,29.2460,27.9,1.646,31.65,4.04,-57,10.25,
2026-09-21T15:24:47,2,1.628,30.23,29.2530,27.9,1.646,31.65,4.03,-58,9.50,
2026-09-21T15:24:48,2,1.667,33.32,29.2560,27.9,1.657,32.55,3.96,-58,9.50,
2026-09-21T15:24:50,2,1.625,30.03,29.2580,27.9,1.643,31.45,4.04,-58,10.25,
2026-09-21T15:24:51,2,1.675,33.97,29.2580,27.9,1.662,33.00,3.95,-59,9.75,
2026-09-21T15:24:52,2,1.667,33.39,29.2630,27.9,1.654,32.29,3.97,-59,9.75,
2026-09-21T15:24:53,2,1.628,30.23,29.2560,27.9,1.643,31.45,4.03,-59,9.50,
2026-09-21T15:24:54,2,1.671,33.64,29.2490,27.9,1.655,32.42,3.95,-59,9.50,
2026-09-21T15:24:55,2,1.631,30.48,29.2530,27.9,1.650,31.97,4.00,-60,9.75,
2026-09-21T15:24:56,2,1.625,29.97,29.2490,27.9,1.644,31.52,4.04,-59,9.75,
2026-09-21T15:24:57,2,1.679,34.29,29.2420,27.9,1.654,32.35,3.96,-59,9.25,
2026-09-21T15:24:58,2,1.627,30.16,29.2420,27.9,1.644,31.52,4.04,-60,10.00,
2026-09-21T15:24:59,2,1.674,33.90,29.2320,27.9,1.650,32.03,3.99,-59,9.50,
2026-09-21T15:25:00,2,1.666,33.26,29.2320,27.9,1.658,32.68,3.96,-58,9.50,
2026-09-21T15:25:02,2,1.627,30.16,29.2350,27.9,1.645,31.58,4.03,-58,9.25,
2026-09-21T15:25:03,2,1.673,33.84,29.2350,27.9,1.669,33.52,3.95,-57,9.75,
2026-09-21T15:25:04,2,1.633,30.61,29.2410,27.9,1.650,31.97,4.00,-57,9.75,
2026-09-21T15:25:05,2,1.625,29.97,29.2370,27.9,1.642,31.39,4.03,-57,9.75,
2026-09-21T15:25:06,2,1.667,33.32,29.2350,27.9,1.655,32.42,3.96,-57,9.75,
2026-09-21T15:25:07,2,1.625,30.03,29.2400,27.9,1.644,31.52,4.04,-57,9.75,
2026-09-21T15:25:08,2,1.625,30.03,29.2350,27.9,1.645,31.58,4.04,-58,9.75,
2026-09-21T15:25:09,2,1.662,32.93,29.2330,27.9,1.658,32.61,3.96,-57,9.75,
2026-09-21T15:25:10,2,1.625,29.97,29.2290,27.9,1.641,31.26,4.03,-57,10.25,
2026-09-21T15:25:11,2,1.676,34.10,29.2250,27.9,1.655,32.42,3.95,-56,9.75,
2026-09-21T15:25:12,2,1.665,33.19,29.2230,27.9,1.656,32.48,3.96,-57,9.75,
2026-09-21T15:25:14,2,1.628,30.23,29.2290,27.9,1.642,31.39,4.03,-58,10.25,
2026-09-21T15:25:15,2,1.667,33.39,29.2220,27.9,1.656,32.48,3.96,-56,10.00,
2026-09-21T15:25:16,2,1.626,30.10,29.2260,27.9,1.644,31.52,4.03,-57,9.75,
2026-09-21T15:25:17,2,1.626,30.10,29.2280,27.9,1.645,31.58,4.03,-56,9.75,
2026-09-21T15:25:18,2,1.666,33.26,29.2330,27.9,1.656,32.48,3.96,-56,10.25,
2026-09-21T15:25:19,2,1.624,29.90,29.2280,27.9,1.643,31.45,4.04,-56,10.00,
2026-09-21T15:25:23,2,1.673,33.84,29.2300,27.9,1.653,32.23,3.96,-49,3.00,
2026-09-21T15:25:25,2,1.624,29.90,29.2310,27.9,1.644,31.52,4.03,-50,3.50,
2026-09-21T15:25:26,2,1.625,30.03,29.2360,27.9,1.635,30.81,4.03,-50,4.00,
2026-09-21T15:25:27,2,1.667,33.39,29.2370,27.9,1.654,32.29,3.96,-56,9.75,
2026-09-21T15:25:28,2,1.625,29.97,29.2440,27.9,1.642,31.32,4.04,-56,9.75,
2026-09-21T15:25:29,2,1.678,34.22,29.2480,27.9,1.656,32.48,3.93,-56,9.75,
2026-09-21T15:25:30,2,1.664,33.13,29.2440,27.9,1.656,32.48,3.97,-57,10.25,
2026-09-21T15:25:31,2,1.627,30.16,29.2450,27.9,1.645,31.58,4.04,-57,10.00,
2026-09-21T15:25:32,2,1.671,33.64,29.2490,27.9,1.655,32.42,3.96,-58,9.75,
2026-09-21T15:25:33,2,1.627,30.16,29.2500,27.9,1.646,31.65,4.00,-57,9.50,
2026-09-21T15:25:34,2,1.627,30.16,29.2620,27.9,1.643,31.45,4.04,-57,10.25,
2026-09-21T15:25:35,2,1.670,33.58,29.2630,27.9,1.654,32.35,3.96,-57,9.75,
2026-09-21T15:25:37,2,1.626,30.10,29.2670,27.9,1.642,31.39,4.04,-57,10.00,
2026-09-21T15:25:38,2,1.666,33.26,29.2630,27.9,1.651,32.10,4.00,-57,9.75,
2026-09-21T15:25:39,2,1.667,33.39,29.2640,27.9,1.655,32.42,3.96,-57,10.00,
2026-09-21T15:25:40,2,1.628,30.23,29.2610,27.9,1.644,31.52,4.03,-57,9.50,
2026-09-21T15:25:41,2,1.674,33.90,29.2690,27.9,1.655,32.42,3.95,-57,10.50,
2026-09-21T15:25:42,2,1.666,33.26,29.2720,27.9,1.657,32.55,3.96,-57,9.75,
2026-09-21T15:25:43,2,1.626,30.10,29.2730,27.9,1.644,31.52,4.03,-58,9.75,
2026-09-21T15:25:44,2,1.670,33.58,29.2610,27.9,1.657,32.55,3.96,-57,10.00,
2026-09-21T15:25:45,2,1.627,30.16,29.2590,27.9,1.643,31.45,4.04,-56,10.50,
2026-09-21T15:25:46,2,1.627,30.16,29.2570,27.9,1.646,31.71,4.03,-57,10.00,
2026-09-21T15:25:47,2,1.656,32.48,29.2520,27.9,1.654,32.29,3.96,-56,9.75,
2026-09-21T15:25:49,2,1.626,30.10,29.2530,27.9,1.643,31.45,4.03,-56,9.50,
2026-09-21T15:25:50,2,1.678,34.22,29.2520,27.9,1.651,32.10,3.95,-56,9.75,
2026-09-21T15:25:51,2,1.667,33.32,29.2570,27.9,1.654,32.35,3.96,-57,10.00,
2026-09-21T15:25:52,2,1.623,29.84,29.2520,27.9,1.645,31.58,4.03,-57,9.25,
2026-09-21T15:25:53,2,1.669,33.52,29.2540,27.9,1.654,32.35,3.96,-55,9.50,
2026-09-21T15:25:54,2,1.627,30.16,29.2520,27.9,1.645,31.58,4.03,-56,10.00,
2026-09-21T15:25:55,2,1.625,29.97,29.2440,27.9,1.640,31.19,4.03,-57,9.75,
2026-09-21T15:25:56,2,1.667,33.39,29.2340,27.9,1.654,32.29,3.96,-57,9.75,
2026-09-21T15:25:57,2,1.627,30.16,29.2330,27.9,1.642,31.32,4.03,-58,10.00,
2026-09-21T15:25:58,2,1.674,33.90,29.2300,27.9,1.657,32.55,3.94,-57,10.25,
2026-09-21T15:25:59,2,1.665,33.19,29.2330,27.9,1.653,32.23,3.96,-57,10.50,
2026-09-21T15:26:01,2,1.627,30.16,29.2290,27.9,1.646,31.65,4.03,-57,9.75,
2026-09-21T15:26:02,2,1.671,33.64,29.2250,27.9,1.656,32.48,3.95,-57,10.00,
2026-09-21T15:26:03,2,1.625,30.03,29.2280,27.9,1.643,31.45,4.03,-57,10.00,
2026-09-21T15:26:07,2,1.680,34.42,29.2360,27.9,1.659,32.74,3.94,-52,8.25,
2026-09-21T15:26:08,2,1.664,33.13,29.2390,27.9,1.657,32.55,3.96,-52,8.00,
2026-09-21T15:26:09,2,1.627,30.16,29.2490,27.9,1.642,31.39,4.03,-52,8.00,
2026-09-21T15:26:10,2,1.674,33.90,29.2580,27.9,1.655,32.42,3.95,-52,8.50,
2026-09-21T15:26:12,2,1.631,30.48,29.2640,27.9,1.644,31.52,4.00,-57,9.75,
2026-09-21T15:26:13,2,1.626,30.10,29.2720,27.9,1.642,31.39,4.04,-57,9.75,
2026-09-21T15:26:14,2,1.670,33.58,29.2760,27.9,1.654,32.35,3.96,-57,10.00,
2026-09-21T15:26:15,2,1.626,30.10,29.2800,27.9,1.642,31.32,4.04,-57,10.00,
2026-09-21T15:26:16,2,1.632,30.55,29.2880,27.9,1.651,32.10,4.01,-57,10.00,
2026-09-21T15:26:17,2,1.666,33.26,29.2780,27.9,1.655,32.42,3.96,-56,10.25,
2026-09-21T15:26:18,2,1.625,30.03,29.2750,27.9,1.644,31.52,4.03,-57,9.75,
2026-09-21T15:26:19,2,1.673,33.84,29.2740,27.9,1.653,32.23,3.95,-57,10.00,
2026-09-21T15:26:20,2,1.667,33.32,29.2700,27.9,1.655,32.42,3.96,-57,10.00,
2026-09-21T15:26:21,2,1.626,30.10,29.2650,27.9,1.643,31.45,4.03,-57,10.25,
2026-09-21T15:26:22,2,1.669,33.52,29.2630,27.9,1.657,32.55,3.96,-56,9.75,
2026-09-21T15:26:24,2,1.627,30.16,29.2670,27.9,1.642,31.39,4.03,-57,9.75,
2026-09-21T15:26:25,2,1.625,29.97,29.2650,27.9,1.643,31.45,4.04,-57,10.00,
2026-09-21T15:26:26,2,1.667,33.32,29.2760,27.9,1.654,32.35,3.96,-57,9.75,
2026-09-21T15:26:27,2,1.625,30.03,29.2730,27.9,1.644,31.52,4.04,-57,10.25,
2026-09-21T15:26:28,2,1.680,34.42,29.2690,27.9,1.657,32.55,3.94,-57,10.25,
2026-09-21T15:26:29,2,1.666,33.26,29.2590,27.9,1.655,32.42,3.96,-57,9.75,
2026-09-21T15:26:30,2,1.615,29.20,29.2550,27.9,1.646,31.65,4.03,-57,10.00,
2026-09-21T15:26:31,2,1.671,33.71,29.2560,27.9,1.658,32.61,3.95,-57,9.75,
2026-09-21T15:26:32,2,1.629,30.29,29.2420,27.9,1.642,31.39,4.03,-57,9.75,
2026-09-21T15:26:33,2,1.624,29.90,29.2370,27.9,1.640,31.19,4.03,-56,9.75,
2026-09-21T15:26:34,2,1.667,33.39,29.2360,27.9,1.654,32.29,3.96,-56,9.75,
2026-09-21T15:26:36,2,1.627,30.16,29.2410,27.9,1.644,31.52,4.03,-57,9.75,
2026-09-21T15:26:37,2,1.679,34.29,29.2440,27.9,1.658,32.61,3.94,-57,10.00,
2026-09-21T15:26:38,2,1.664,33.13,29.2470,27.9,1.655,32.42,3.96,-56,9.75,
2026-09-21T15:26:39,2,1.626,30.10,29.2550,27.9,1.645,31.58,4.03,-57,9.75,
2026-09-21T15:26:40,2,1.673,33.84,29.2520,27.9,1.654,32.35,3.95,-57,9.50,
2026-09-21T15:26:41,2,1.625,30.03,29.2550,27.9,1.643,31.45,4.04,-57,10.25,
2026-09-21T15:26:42,2,1.626,30.10,29.2590,27.9,1.643,31.45,4.03,-57,10.00,
2026-09-21T15:26:43,2,1.667,33.39,29.2480,27.9,1.654,32.35,3.96,-57,9.75,
2026-09-21T15:26:44,2,1.625,29.97,29.2500,27.9,1.644,31.52,4.03,-57,9.75,
2026-09-21T15:26:45,2,1.660,32.81,29.2460,27.9,1.655,32.42,3.99,-57,9.75,
2026-09-21T15:26:46,2,1.665,33.19,29.2420,27.9,1.654,32.35,3.96,-57,10.00,
2026-09-21T15:26:52,2,1.669,33.52,29.2350,27.9,1.655,32.42,3.96,-51,5.75,
2026-09-21T15:26:53,2,1.627,30.16,29.2390,27.9,1.643,31.45,4.03,-52,5.75,
2026-09-21T15:26:54,2,1.633,30.61,29.2360,27.9,1.650,32.03,3.99,-52,6.25,
2026-09-21T15:26:55,2,1.667,33.39,29.2360,27.9,1.654,32.29,3.96,-57,9.75,
2026-09-21T15:26:56,2,1.627,30.16,29.2430,27.9,1.646,31.71,4.03,-57,12.75,
2026-09-21T15:26:57,2,1.673,33.84,29.2500,27.9,1.656,32.48,3.94,-57,10.50,
2026-09-21T15:26:58,2,1.660,32.81,29.2440,27.9,1.650,31.97,4.00,-57,9.75,
2026-09-21T15:27:00,2,1.625,30.03,29.2350,27.9,1.643,31.45,4.02,-57,10.25,
2026-09-21T15:27:01,2,1.669,33.52,29.2350,27.9,1.654,32.35,3.96,-57,10.00,
2026-09-21T15:27:02,2,1.628,30.23,29.2380,27.9,1.642,31.32,4.03,-57,9.75,
2026-09-21T15:27:03,2,1.633,30.61,29.2490,27.9,1.649,31.90,3.99,-57,9.75,
2026-09-21T15:27:04,2,1.668,33.45,29.2580,27.9,1.654,32.35,3.96,-57,9.75,
2026-09-21T15:27:05,2,1.627,30.16,29.2560,27.9,1.642,31.39,4.03,-57,9.75,
2026-09-21T15:27:06,2,1.678,34.22,29.2540,27.9,1.654,32.29,3.94,-57,10.00,
2026-09-21T15:27:07,2,1.667,33.32,29.2580,27.9,1.649,31.90,3.96,-56,9.75,
2026-09-21T15:27:08,2,1.627,30.16,29.2550,27.9,1.642,31.39,4.04,-57,10.25,
2026-09-21T15:27:09,2,1.671,33.71,29.2590,27.9,1.655,32.42,3.96,-57,9.75,
2026-09-21T15:27:11,2,1.625,29.97,29.2710,27.9,1.644,31.52,4.03,-58,9.75,
2026-09-21T15:27:12,2,1.623,29.84,29.2730,27.9,1.643,31.45,4.04,-57,10.25,
2026-09-21T15:27:13,2,1.667,33.39,29.2680,27.9,1.654,32.29,3.96,-57,10.00,
2026-09-21T15:27:14,2,1.628,30.23,29.2750,27.9,1.643,31.45,4.03,-57,9.75,
2026-09-21T15:27:15,2,1.679,34.35,29.2740,27.9,1.650,32.03,3.95,-57,10.50,
2026-09-21T15:27:16,2,1.666,33.26,29.2660,27.9,1.654,32.35,3.96,-57,10.00,
2026-09-21T15:27:17,2,1.625,30.03,29.2620,27.9,1.646,31.65,4.03,-57,10.00,
2026-09-21T15:27:18,2,1.672,33.77,29.2560,27.9,1.657,32.55,3.96,-57,10.00,
2026-09-21T15:27:19,2,1.631,30.48,29.2670,27.9,1.645,31.58,4.00,-57,10.00,
2026-09-21T15:27:20,2,1.627,30.16,29.2710,27.9,1.645,31.58,4.03,-58,9.50,
2026-09-21T15:27:21,2,1.669,33.52,29.2640,27.9,1.656,32.48,3.96,-57,10.00,
2026-09-21T15:27:23,2,1.625,30.03,29.2630,27.9,1.642,31.39,4.03,-58,9.75,
2026-09-21T15:27:24,2,1.631,30.48,29.2570,27.9,1.650,31.97,3.99,-57,9.25,
2026-09-21T15:27:25,2,1.664,33.13,29.2570,27.9,1.654,32.35,3.96,-57,10.25,
2026-09-21T15:27:26,2,1.626,30.10,29.2530,27.9,1.649,31.90,4.03,-58,9.50,
2026-09-21T15:27:27,2,1.682,34.55,29.2520,27.9,1.658,32.61,3.95,-57,10.00,
2026-09-21T15:27:28,2,1.660,32.81,29.2540,27.9,1.651,32.10,4.00,-57,10.00,
2026-09-21T15:27:29,2,1.625,29.97,29.2470,27.9,1.643,31.45,4.03,-57,9.75,
2026-09-21T15:27:30,2,1.668,33.45,29.2380,27.9,1.657,32.55,3.96,-57,10.25,
2026-09-21T15:27:36,2,1.676,34.10,29.2320,27.9,1.658,32.68,3.95,-52,5.00,
2026-09-21T15:27:37,2,1.662,32.93,29.2400,27.9,1.649,31.90,4.00,-52,4.75,
2026-09-21T15:27:38,2,1.629,30.36,29.2410,27.9,1.655,32.42,4.03,-52,5.50,
2026-09-21T15:27:39,2,1.671,33.64,29.2370,27.9,1.656,32.48,3.96,-57,10.00,
2026-09-21T15:27:40,2,1.625,30.03,29.2310,27.9,1.642,31.39,4.03,-58,9.75,
2026-09-21T15:27:41,2,1.633,30.68,29.2220,27.9,1.650,32.03,3.98,-57,10.00,
2026-09-21T15:27:42,2,1.667,33.32,29.2270,27.9,1.657,32.55,3.96,-57,10.00,
2026-09-21T15:27:43,2,1.629,30.29,29.2240,27.9,1.646,31.65,4.03,-57,9.50,
2026-09-21T15:27:44,2,1.678,34.22,29.2140,27.9,1.658,32.61,3.95,-57,9.75,
2026-09-21T15:27:45,2,1.658,32.68,29.2180,27.9,1.650,31.97,4.00,-57,9.25,
2026-09-21T15:27:47,2,1.625,30.03,29.2190,27.9,1.644,31.52,4.02,-59,9.75,
2026-09-21T15:27:48,2,1.670,33.58,29.2160,27.9,1.654,32.29,3.95,-55,9.50,
2026-09-21T15:27:49,2,1.625,30.03,29.2160,27.9,1.645,31.58,4.03,-57,9.75,
2026-09-21T15:27:50,2,1.631,30.48,29.2270,27.9,1.652,32.16,3.98,-58,9.75,
2026-09-21T15:27:52,2,1.626,30.10,29.2150,27.9,1.644,31.52,4.03,-59,9.50,
2026-09-21T15:27:53,2,1.632,30.55,29.2140,27.9,1.647,31.77,3.99,-57,9.50,
2026-09-21T15:27:54,2,1.661,32.87,29.2120,27.9,1.649,31.90,3.99,-56,9.50,
2026-09-21T15:27:55,2,1.626,30.10,29.2200,27.9,1.646,31.65,4.03,-56,9.75,
2026-09-21T15:27:56,2,1.674,33.90,29.2190,27.9,1.658,32.61,3.95,-56,10.00,
2026-09-21T15:27:58,2,1.658,32.68,29.2200,27.9,1.651,32.10,4.00,-55,9.50,
2026-09-21T15:27:59,2,1.631,30.48,29.2180,27.9,1.652,32.16,4.01,-56,10.00,
2026-09-21T15:28:00,2,1.667,33.32,29.2220,27.9,1.655,32.42,3.96,-56,9.75,
2026-09-21T15:28:01,2,1.628,30.23,29.2240,27.9,1.643,31.45,4.03,-57,9.75,
2026-09-21T15:28:02,2,1.632,30.55,29.2230,27.9,1.651,32.10,3.99,-56,9.75,
2026-09-21T15:28:03,2,1.671,33.64,29.2240,27.9,1.655,32.42,3.96,-54,9.75,
2026-09-21T15:28:04,2,1.625,30.03,29.2230,27.9,1.646,31.71,4.03,-57,9.75,
2026-09-21T15:28:05,2,1.672,33.77,29.2310,27.9,1.656,32.48,3.95,-57,10.00,
2026-09-21T15:28:06,2,1.661,32.87,29.2320,27.9,1.648,31.84,4.00,-57,9.75,
2026-09-21T15:28:07,2,1.628,30.23,29.2350,27.9,1.646,31.65,4.03,-57,9.50,
2026-09-21T15:28:08,2,1.668,33.45,29.2250,27.9,1.657,32.55,3.96,-57,10.25,
2026-09-21T15:28:10,2,1.626,30.10,29.2290,27.9,1.643,31.45,4.04,-58,10.25,
2026-09-21T15:28:11,2,1.630,30.42,29.2340,27.9,1.649,31.90,3.99,-58,9.25,
2026-09-21T15:28:12,2,1.665,33.19,29.2380,27.9,1.654,32.29,3.96,-56,10.00,
2026-09-21T15:28:13,2,1.625,30.03,29.2380,27.9,1.644,31.52,4.03,-56,9.75,
2026-09-21T15:28:14,2,1.677,34.16,29.2340,27.9,1.657,32.55,3.95,-57,10.00,
2026-09-21T15:28:15,2,1.661,32.87,29.2370,27.9,1.649,31.90,4.00,-57,9.75,
2026-09-21T15:28:19,2,1.633,30.61,29.2450,27.9,1.652,32.16,3.99,-50,3.25,
2026-09-21T15:28:20,2,1.667,33.39,29.2530,27.9,1.655,32.42,3.96,-49,3.50,
2026-09-21T15:28:22,2,1.625,30.03,29.2530,27.9,1.644,31.52,4.03,-50,3.00,
2026-09-21T15:28:23,2,1.677,34.16,29.2540,27.9,1.658,32.61,3.95,-51,7.75,
2026-09-21T15:28:24,2,1.658,32.68,29.2500,27.9,1.650,32.03,3.99,-57,9.50,
2026-09-21T15:28:25,2,1.625,29.97,29.2410,27.9,1.645,31.58,4.03,-57,9.75,
2026-09-21T15:28:26,2,1.671,33.71,29.2460,27.9,1.656,32.48,3.95,-57,10.00,
2026-09-21T15:28:27,2,1.659,32.74,29.2440,27.9,1.648,31.84,4.00,-57,9.75,
2026-09-21T15:28:28,2,1.632,30.55,29.2380,27.9,1.650,32.03,3.98,-57,9.75,
2026-09-21T15:28:29,2,1.656,32.48,29.2440,27.9,1.656,32.48,3.96,-57,10.00,
2026-09-21T15:28:30,2,1.625,29.97,29.2380,27.9,1.642,31.39,4.03,-57,9.50,
2026-09-21T15:28:31,2,1.636,30.87,29.2380,27.9,1.650,31.97,4.00,-58,10.00,
2026-09-21T15:28:32,2,1.663,33.06,29.2380,27.9,1.646,31.65,3.99,-57,9.75,
2026-09-21T15:28:34,2,1.625,29.97,29.2360,27.9,1.645,31.58,4.03,-57,10.25,
2026-09-21T15:28:35,2,1.674,33.90,29.2310,27.9,1.654,32.35,3.95,-57,9.50,
2026-09-21T15:28:36,2,1.662,33.00,29.2310,27.9,1.651,32.10,4.00,-57,9.75,
2026-09-21T15:28:37,2,1.631,30.48,29.2290,27.9,1.652,32.16,3.98,-57,10.00,
2026-09-21T15:28:38,2,1.668,33.45,29.2230,27.9,1.655,32.42,3.96,-57,10.25,
2026-09-21T15:28:39,2,1.625,30.03,29.2290,27.9,1.643,31.45,4.03,-57,10.00,
2026-09-21T15:28:40,2,1.633,30.61,29.2250,27.9,1.650,31.97,3.99,-57,9.50,
2026-09-21T15:28:41,2,1.661,32.87,29.2270,27.9,1.649,31.90,3.99,-57,9.75,
2026-09-21T15:28:42,2,1.625,29.97,29.2280,27.9,1.644,31.52,4.03,-57,9.50,
2026-09-21T15:28:43,2,1.678,34.22,29.2400,27.9,1.655,32.42,3.95,-57,10.00,
2026-09-21T15:28:45,2,1.661,32.87,29.2480,27.9,1.649,31.90,4.00,-57,9.75,
2026-09-21T15:28:46,2,1.633,30.61,29.2440,27.9,1.651,32.10,3.98,-57,12.50,
2026-09-21T15:28:47,2,1.671,33.64,29.2480,27.9,1.655,32.42,3.95,-57,10.00,
2026-09-21T15:28:48,2,1.627,30.16,29.2570,27.9,1.645,31.58,4.03,-57,10.00,
2026-09-21T15:28:49,2,1.632,30.55,29.2620,27.9,1.647,31.77,3.99,-56,10.00,
2026-09-21T15:28:50,2,1.663,33.06,29.2580,27.9,1.649,31.90,3.96,-57,9.75,
2026-09-21T15:28:51,2,1.625,29.97,29.2610,27.9,1.645,31.58,4.03,-57,9.50,
2026-09-21T15:28:52,2,1.681,34.48,29.2590,27.9,1.658,32.61,3.95,-56,9.75,
2026-09-21T15:28:53,2,1.659,32.74,29.2600,27.9,1.651,32.10,4.00,-57,9.50,
2026-09-21T15:28:54,2,1.627,30.16,29.2670,27.9,1.644,31.52,4.03,-57,9.50,
2026-09-21T15:28:55,2,1.672,33.77,29.2660,27.9,1.657,32.55,3.95,-56,9.75,
2026-09-21T15:28:57,2,1.630,30.42,29.2660,27.9,1.647,31.77,4.00,-56,9.75,
2026-09-21T15:28:58,2,1.633,30.61,29.2690,27.9,1.650,32.03,3.99,-56,9.50,
2026-09-21T15:28:59,2,1.668,33.45,29.2700,27.9,1.659,32.74,3.96,-56,9.75,
2026-09-21T15:29:04,2,1.672,33.77,29.2550,27.9,1.654,32.29,3.95,-49,3.25,
2026-09-21T15:29:05,2,1.659,32.74,29.2550,27.9,1.649,31.90,3.99,-49,3.25,
2026-09-21T15:29:06,2,1.631,30.48,29.2480,27.9,1.644,31.52,3.99,-50,5.75,
2026-09-21T15:29:07,2,1.669,33.52,29.2470,27.9,1.654,32.35,3.95,-56,9.75,
2026-09-21T15:29:09,2,1.622,29.78,29.2370,27.9,1.646,31.71,4.03,-56,9.75,
2026-09-21T15:29:10,2,1.632,30.55,29.2380,27.9,1.648,31.84,3.99,-55,9.75,
2026-09-21T15:29:11,2,1.659,32.74,29.2360,27.9,1.661,32.87,4.00,-56,9.75,
2026-09-21T15:29:12,2,1.627,30.16,29.2350,27.9,1.644,31.52,4.03,-56,9.50,
2026-09-21T15:29:13,2,1.677,34.16,29.2400,27.9,1.658,32.68,3.95,-56,9.75,
2026-09-21T15:29:14,2,1.660,32.81,29.2420,27.9,1.650,31.97,4.00,-56,9.50,
2026-09-21T15:29:15,2,1.632,30.55,29.2410,27.9,1.648,31.84,3.99,-56,9.75,
2026-09-21T15:29:16,2,1.669,33.52,29.2370,27.9,1.656,32.48,3.95,-56,9.75,
2026-09-21T15:29:17,2,1.621,29.71,29.2340,27.9,1.643,31.45,4.03,-56,9.75,
2026-09-21T15:29:18,2,1.632,30.55,29.2320,27.9,1.646,31.65,3.99,-56,9.50,
2026-09-21T15:29:19,2,1.664,33.13,29.2330,27.9,1.649,31.90,4.00,-56,9.50,
2026-09-21T15:29:21,2,1.627,30.16,29.2390,27.9,1.646,31.65,4.03,-57,9.75,
2026-09-21T15:29:22,2,1.679,34.29,29.2430,27.9,1.657,32.55,3.95,-56,10.00,
2026-09-21T15:29:23,2,1.657,32.55,29.2390,27.9,1.647,31.77,4.00,-57,9.75,
2026-09-21T15:29:24,2,1.631,30.48,29.2410,27.9,1.650,31.97,3.98,-56,9.75,
2026-09-21T15:29:25,2,1.668,33.45,29.2430,27.9,1.654,32.35,3.95,-56,9.75,
2026-09-21T15:29:26,2,1.626,30.10,29.2380,27.9,1.643,31.45,4.03,-56,9.50,
2026-09-21T15:29:27,2,1.632,30.55,29.2410,27.9,1.649,31.90,3.99,-57,9.50,
2026-09-21T15:29:28,2,1.662,33.00,29.2380,27.9,1.653,32.23,3.99,-57,9.50,
2026-09-21T15:29:29,2,1.625,29.97,29.2400,27.9,1.650,31.97,4.04,-57,10.25,
2026-09-21T15:29:30,2,1.660,32.81,29.2370,27.9,1.655,32.42,4.00,-57,10.00,
2026-09-21T15:29:31,2,1.662,32.93,29.2360,27.9,1.647,31.77,4.00,-56,9.75,
2026-09-21T15:29:33,2,1.637,30.94,29.2350,27.9,1.652,32.16,3.98,-56,10.00,
2026-09-21T15:29:34,2,1.671,33.64,29.2340,27.9,1.654,32.35,3.96,-57,10.00,
2026-09-21T15:29:35,2,1.661,32.87,29.2300,27.9,1.651,32.10,3.99,-57,9.75,
2026-09-21T15:29:36,2,1.631,30.48,29.2280,27.9,1.642,31.39,3.99,-56,9.75,
2026-09-21T15:29:37,2,1.662,33.00,29.2270,27.9,1.651,32.10,3.99,-56,9.75,
2026-09-21T15:29:38,2,1.626,30.10,29.2300,27.9,1.642,31.39,4.03,-56,9.75,
2026-09-21T15:29:39,2,1.632,30.55,29.2310,27.9,1.650,32.03,3.99,-56,9.75,
2026-09-21T15:29:40,2,1.661,32.87,29.2230,27.9,1.651,32.10,3.98,-56,9.75,
2026-09-21T15:29:41,2,1.633,30.68,29.2300,27.9,1.651,32.10,4.03,-56,9.50,
2026-09-21T15:29:42,2,1.673,33.84,29.2310,27.9,1.660,32.81,3.95,-56,10.00,
2026-09-21T15:29:48,2,1.631,30.48,29.2250,27.9,1.650,32.03,3.99,-49,2.50,
2026-09-21T15:29:49,2,1.661,32.87,29.2330,27.9,1.649,31.90,4.00,-50,2.75,
2026-09-21T15:29:50,2,1.625,30.03,29.2380,27.9,1.643,31.45,4.03,-50,2.75,
2026-09-21T15:29:51,2,1.676,34.10,29.2410,27.9,1.657,32.55,3.95,-57,9.75,
2026-09-21T15:29:52,2,1.658,32.68,29.2490,27.9,1.647,31.77,4.00,-57,9.50,
2026-09-21T15:29:53,2,1.631,30.48,29.2440,27.9,1.650,31.97,3.99,-57,9.75,
2026-09-21T15:29:54,2,1.670,33.58,29.2540,27.9,1.656,32.48,3.96,-56,9.50,
2026-09-21T15:29:56,2,1.625,30.03,29.2570,27.9,1.645,31.58,4.04,-56,9.75,
2026-09-21T15:29:57,2,1.633,30.61,29.2590,27.9,1.651,32.10,4.00,-56,9.50,
2026-09-21T15:29:58,2,1.660,32.81,29.2590,27.9,1.646,31.71,3.99,-56,9.75,
2026-09-21T15:29:59,2,1.624,29.90,29.2510,27.9,1.632,30.55,4.03,-56,9.50,
2026-09-21T15:30:00,2,1.679,34.29,29.2570,27.9,1.658,32.61,3.95,-56,9.75,
2026-09-21T15:30:01,2,1.661,32.87,29.2520,27.9,1.650,32.03,4.00,-56,9.75,
2026-09-21T15:30:02,2,1.631,30.48,29.2400,27.9,1.652,32.16,3.99,-55,9.50,
2026-09-21T15:30:03,2,1.670,33.58,29.2470,27.9,1.657,32.55,3.95,-56,10.00,
2026-09-21T15:30:04,2,1.625,30.03,29.2540,27.9,1.646,31.71,4.03,-56,9.50,
2026-09-21T15:30:05,2,1.630,30.42,29.2550,27.9,1.650,32.03,3.99,-56,9.50,
2026-09-21T15:30:06,2,1.662,32.93,29.2550,27.9,1.649,31.90,3.99,-56,9.25,
2026-09-21T15:30:08,2,1.625,29.97,29.2590,27.9,1.643,31.45,4.03,-56,9.75,
2026-09-21T15:30:09,2,1.686,34.87,29.2530,27.9,1.656,32.48,3.95,-55,10.00,
2026-09-21T15:30:10,2,1.660,32.81,29.2450,27.9,1.650,31.97,3.99,-56,9.50,
2026-09-21T15:30:11,2,1.633,30.61,29.2440,27.9,1.651,32.10,3.99,-55,10.00,
2026-09-21T15:30:12,2,1.671,33.71,29.2400,27.9,1.655,32.42,3.96,-56,9.75,
2026-09-21T15:30:13,2,1.660,32.81,29.2450,27.9,1.650,31.97,4.00,-56,9.25,
2026-09-21T15:30:14,2,1.629,30.36,29.2460,27.9,1.650,31.97,3.99,-56,9.50,
2026-09-21T15:30:15,2,1.662,33.00,29.2370,27.9,1.650,31.97,3.99,-56,9.50,
2026-09-21T15:30:16,2,1.626,30.10,29.2320,27.9,1.646,31.71,4.03,-56,9.50,
2026-09-21T15:30:17,2,1.633,30.61,29.2260,27.9,1.649,31.90,4.00,-56,9.75,
2026-09-21T15:30:18,2,1.661,32.87,29.2370,27.9,1.651,32.10,4.00,-56,9.25,
2026-09-21T15:30:20,2,1.631,30.48,29.2380,27.9,1.652,32.16,3.98,-55,9.75,
2026-09-21T15:30:21,2,1.672,33.77,29.2490,27.9,1.658,32.61,3.95,-56,9.50,
2026-09-21T15:30:22,2,1.661,32.87,29.2520,27.9,1.651,32.10,3.99,-56,9.25,
2026-09-21T15:30:23,2,1.632,30.55,29.2480,27.9,1.649,31.90,3.99,-56,9.25,
2026-09-21T15:30:24,2,1.664,33.13,29.2450,27.9,1.650,31.97,3.99,-56,9.25,
2026-09-21T15:30:25,2,1.627,30.16,29.2450,27.9,1.644,31.52,4.03,-56,9.50,
2026-09-21T15:30:26,2,1.631,30.48,29.2440,27.9,1.651,32.10,3.99,-56,9.50,
2026-09-21T15:30:32,2,1.632,30.55,29.2430,27.9,1.652,32.16,3.99,-52,1.25,
2026-09-21T15:30:33,2,1.665,33.19,29.2440,27.9,1.652,32.16,3.98,-50,1.00,
2026-09-21T15:30:34,2,1.626,30.10,29.2480,27.9,1.645,31.58,4.03,-49,1.00,
2026-09-21T15:30:35,2,1.631,30.48,29.2510,27.9,1.645,31.58,4.00,-58,9.50,
2026-09-21T15:30:36,2,1.662,33.00,29.2550,27.9,1.647,31.77,3.99,-57,9.50,
2026-09-21T15:30:37,2,1.628,30.23,29.2560,27.9,1.646,31.65,4.03,-56,9.50,
2026-09-21T15:30:38,2,1.680,34.42,29.2590,27.9,1.658,32.61,3.95,-57,9.75,8
2026-09-21T15:30:39,2,1.662,33.00,29.2500,27.9,1.650,32.03,4.00,-58,9.50,
2026-09-21T15:30:40,2,1.631,30.48,29.2480,27.9,1.651,32.10,3.99,-57,9.50,
2026-09-21T15:30:41,2,1.669,33.52,29.2470,27.9,1.657,32.55,3.95,-58,9.75,
2026-09-21T15:30:43,2,1.626,30.10,29.2490,27.9,1.646,31.65,4.02,-60,9.75,
2026-09-21T15:30:44,2,1.633,30.61,29.2460,27.9,1.651,32.10,3.99,-55,9.50,
2026-09-21T15:30:45,2,1.661,32.87,29.2440,27.9,1.650,31.97,3.99,-58,9.50,
2026-09-21T15:30:46,2,1.625,29.97,29.2470,27.9,1.644,31.52,4.02,-61,10.00,
2026-09-21T15:30:47,2,1.632,30.55,29.2450,27.9,1.651,32.10,3.99,-58,9.50,
2026-09-21T15:30:48,2,1.659,32.74,29.2440,27.9,1.649,31.90,4.00,-59,10.00,
2026-09-21T15:30:49,2,1.633,30.61,29.2480,27.9,1.654,32.35,3.99,-61,9.25,
2026-09-21T15:30:50,2,1.675,33.97,29.2420,27.9,1.655,32.42,3.95,-63,9.75,
2026-09-21T15:30:51,2,1.661,32.87,29.2590,27.9,1.649,31.90,3.99,-64,9.50,
2026-09-21T15:30:52,2,1.630,30.42,29.2540,27.9,1.650,32.03,3.99,-63,9.25,
2026-09-21T15:30:53,2,1.666,33.26,29.2500,27.9,1.652,32.16,3.99,-67,9.50,
2026-09-21T15:30:55,2,1.627,30.16,29.2390,27.9,1.643,31.45,4.03,-69,9.75,
2026-09-21T15:30:56,2,1.629,30.29,29.2410,27.9,1.650,32.03,3.99,-68,9.50,
2026-09-21T15:30:57,2,1.663,33.06,29.2400,27.9,1.648,31.84,4.00,-69,9.50,
2026-09-21T15:30:58,2,1.633,30.61,29.2430,27.9,1.650,31.97,3.98,-69,9.50,
2026-09-21T15:30:59,2,1.674,33.90,29.2490,27.9,1.657,32.55,3.95,-69,9.50,
2026-09-21T15:31:00,2,1.662,33.00,29.2460,27.9,1.648,31.84,4.00,-67,9.75,
2026-09-21T15:31:01,2,1.632,30.55,29.2400,27.9,1.650,32.03,3.99,-69,9.25,
2026-09-21T15:31:02,2,1.664,33.13,29.2440,27.9,1.650,32.03,3.99,-63,9.50,
2026-09-21T15:31:03,2,1.629,30.29,29.2390,27.9,1.650,31.97,4.03,-66,9.50,
2026-09-21T15:31:04,2,1.637,30.94,29.2670,27.9,1.651,32.10,3.99,-67,9.75,
2026-09-21T15:31:05,2,1.672,33.77,29.3250,27.9,1.654,32.29,4.00,-73,9.75,
2026-09-21T15:31:07,2,1.636,30.87,29.3790,27.9,1.654,32.35,3.98,-59,9.75,
2026-09-21T15:31:08,2,1.685,34.80,29.4200,27.9,1.658,32.61,3.95,-59,9.50,
2026-09-21T15:31:09,2,1.669,33.52,29.4490,27.9,1.651,32.10,4.00,-60,9.50,
2026-09-21T15:31:10,2,1.637,30.94,29.4830,27.9,1.654,32.29,3.99,-63,9.50,
2026-09-21T15:31:11,2,1.674,33.90,29.5080,27.9,1.653,32.23,3.99,-60,9.50,
2026-09-21T15:31:19,2,1.639,31.13,29.6760,27.9,1.658,32.61,3.90,-48,6.50,
2026-09-21T15:31:20,2,1.680,34.42,29.6960,27.9,1.657,32.55,3.96,-58,9.75,
2026-09-21T15:31:21,2,1.633,30.61,29.7140,27.9,1.651,32.10,4.03,-73,10.25,
2026-09-21T15:31:22,2,1.638,31.07,29.7310,27.9,1.658,32.61,3.99,-77,9.25,
2026-09-21T15:31:23,2,1.671,33.71,29.7490,27.9,1.658,32.61,3.99,-81,9.00,
2026-09-21T15:31:24,2,1.633,30.61,29.7740,27.9,1.652,32.16,4.03,-69,9.50,
2026-09-21T15:31:25,2,1.636,30.87,29.7640,27.9,1.654,32.35,4.00,-63,9.50,
2026-09-21T15:31:26,2,1.673,33.84,29.7230,27.9,1.645,31.58,4.00,-63,9.50,
2026-09-21T15:31:27,2,1.638,31.07,29.7230,27.9,1.657,32.55,3.99,-54,9.75,
2026-09-21T15:31:28,2,1.683,34.61,29.7480,27.9,1.662,33.00,3.95,-55,10.00,
2026-09-21T15:31:30,2,1.671,33.71,29.7600,27.9,1.657,32.55,4.00,-57,9.75,
2026-09-21T15:31:31,2,1.640,31.19,29.7770,27.9,1.654,32.35,3.99,-56,9.25,
2026-09-21T15:31:32,2,1.674,33.90,29.7910,27.9,1.657,32.55,3.99,-57,9.50,9
2026-09-21T15:31:33,2,1.633,30.68,29.8110,27.9,1.653,32.23,4.03,-56,10.00,
2026-09-21T15:31:34,2,1.639,31.13,29.8200,27.9,1.658,32.68,4.00,-56,9.25,
2026-09-21T15:31:35,2,1.673,33.84,29.8360,27.9,1.657,32.55,4.00,-56,9.75,
2026-09-21T15:31:36,2,1.640,31.19,29.8540,27.9,1.660,32.81,3.99,-57,9.75,
2026-09-21T15:31:37,2,1.684,34.74,29.8680,27.9,1.663,33.06,3.95,-57,9.25,
2026-09-21T15:31:38,2,1.672,33.77,29.9060,27.9,1.656,32.48,4.00,-57,9.50,
2026-09-21T15:31:39,2,1.642,31.39,29.9180,27.9,1.658,32.68,3.99,-57,9.25,
2026-09-21T15:31:40,2,1.675,33.97,29.9370,27.9,1.657,32.55,3.99,-57,11.00,
2026-09-21T15:31:42,2,1.638,31.07,29.9390,27.9,1.653,32.23,4.03,-60,9.75,
2026-09-21T15:31:43,2,1.641,31.26,29.9510,27.9,1.661,32.87,4.00,-60,9.50,
2026-09-21T15:31:44,2,1.676,34.10,29.9680,27.9,1.658,32.61,4.00,-60,9.25,
2026-09-21T15:31:45,2,1.641,31.26,29.9750,27.9,1.659,32.74,3.99,-59,9.50,
2026-09-21T15:31:46,2,1.687,35.00,29.9940,27.9,1.667,33.32,3.95,-59,9.50,
2026-09-21T15:31:47,2,1.673,33.84,30.0130,27.9,1.656,32.48,3.99,-60,9.50,
2026-09-21T15:31:48,2,1.642,31.32,29.9680,27.9,1.663,33.06,3.99,-60,9.75,
2026-09-21T15:31:49,2,1.675,33.97,29.9460,27.9,1.659,32.74,3.99,-61,9.75,
2026-09-21T15:31:50,2,1.635,30.81,29.9210,27.9,1.651,32.10,4.03,-61,9.25,
2026-09-21T15:31:51,2,1.641,31.26,29.9140,27.9,1.659,32.74,3.99,-61,9.00,
2026-09-21T15:31:52,2,1.673,33.84,29.9020,27.9,1.658,32.61,3.99,-60,9.50,
2026-09-21T15:31:54,2,1.642,31.32,29.9110,27.9,1.660,32.81,3.99,-59,9.50,
2026-09-21T15:31:55,2,1.691,35.26,29.9120,27.9,1.660,32.81,3.95,-60,9.50,
2026-09-21T15:32:03,2,1.642,31.39,29.8950,27.9,1.662,32.93,4.00,-60,10.00,
2026-09-21T15:32:04,2,1.687,34.93,29.9030,27.9,1.659,32.74,3.99,-60,9.75,
2026-09-21T15:32:06,2,1.640,31.19,29.8970,27.9,1.659,32.74,3.99,-59,9.75,
2026-09-21T15:32:07,2,1.678,34.22,29.8940,27.9,1.657,32.55,3.99,-60,9.50,
2026-09-21T15:32:08,2,1.674,33.90,29.8950,27.9,1.658,32.61,3.99,-59,9.25,
2026-09-21T15:32:09,2,1.639,31.13,29.8960,27.9,1.657,32.55,3.99,-59,9.50,
2026-09-21T15:32:10,2,1.675,33.97,29.8990,27.9,1.658,32.61,3.99,-59,9.75,
2026-09-21T15:32:11,2,1.634,30.74,29.8950,27.9,1.658,32.61,4.03,-60,9.50,
2026-09-21T15:32:12,2,1.638,31.07,29.8980,27.9,1.658,32.61,3.99,-59,9.00,
2026-09-21T15:32:13,2,1.675,33.97,29.8920,27.9,1.657,32.55,4.00,-60,9.75,
2026-09-21T15:32:14,2,1.641,31.26,29.8720,27.9,1.665,33.19,3.99,-59,9.75,
2026-09-21T15:32:15,2,1.683,34.61,29.8680,27.9,1.662,32.93,3.95,-59,9.50,
2026-09-21T15:32:17,2,1.673,33.84,29.8840,27.9,1.657,32.55,4.00,-60,9.50,
2026-09-21T15:32:18,2,1.642,31.32,29.8900,27.9,1.655,32.42,3.99,-59,9.50,
2026-09-21T15:32:19,2,1.675,34.03,29.8870,27.9,1.654,32.35,3.99,-60,9.25,
2026-09-21T15:32:20,2,1.635,30.81,29.8830,27.9,1.651,32.10,4.03,-59,9.50,
2026-09-21T15:32:21,2,1.638,31.07,29.8880,27.9,1.658,32.61,4.00,-59,9.50,
2026-09-21T15:32:22,2,1.671,33.71,29.8860,27.9,1.657,32.55,3.99,-59,9.25,
2026-09-21T15:32:23,2,1.644,31.52,29.8780,27.9,1.657,32.55,3.99,-59,9.75,
2026-09-21T15:32:24,2,1.689,35.13,29.8800,27.9,1.665,33.19,3.95,-59,9.75,
2026-09-21T15:32:25,2,1.678,34.22,29.8730,27.9,1.659,32.74,3.99,-55,9.75,
2026-09-21T15:32:26,2,1.638,31.07,29.8670,27.9,1.659,32.74,3.99,-53,9.25,
2026-09-21T15:32:27,2,1.678,34.22,29.8700,27.9,1.658,32.68,3.99,-55,9.50,
2026-09-21T15:32:29,2,1.633,30.61,29.8680,27.9,1.654,32.35,4.03,-57,9.75,
2026-09-21T15:32:30,2,1.640,31.19,29.8660,27.9,1.659,32.74,3.99,-53,9.50,
2026-09-21T15:32:31,2,1.674,33.90,29.8660,27.9,1.659,32.74,3.99,-56,9.75,
2026-09-21T15:32:32,2,1.641,31.26,29.8620,27.9,1.658,32.68,3.99,-56,9.75,
2026-09-21T15:32:33,2,1.690,35.19,29.8770,27.9,1.667,33.32,3.95,-56,9.75,
2026-09-21T15:32:34,2,1.670,33.58,29.8710,27.9,1.658,32.61,3.99,-57,9.50,
2026-09-21T15:32:35,2,1.641,31.26,29.8790,27.9,1.654,32.35,3.99,-56,9.50,
2026-09-21T15:32:36,2,1.673,33.84,29.8730,27.9,1.658,32.68,3.99,-57,9.50,
2026-09-21T15:32:37,2,1.635,30.81,29.8510,27.9,1.652,32.16,4.03,-57,9.50,
2026-09-21T15:32:38,2,1.639,31.13,29.8500,27.9,1.659,32.74,3.99,-56,9.50,
2026-09-21T15:32:44,2,1.641,31.26,29.8580,27.9,1.658,32.68,3.99,-46,0.25,
2026-09-21T15:32:46,2,1.673,33.84,29.8720,27.9,1.658,32.61,3.99,-48,1.75,
2026-09-21T15:32:47,2,1.639,31.13,29.8790,27.9,1.658,32.68,3.99,-55,9.50,
2026-09-21T15:32:48,2,1.673,33.84,29.8710,27.9,1.656,32.48,3.99,-55,9.50,
2026-09-21T15:32:49,2,1.641,31.26,29.8670,27.9,1.662,33.00,3.98,-55,9.50,
2026-09-21T15:32:50,2,1.639,31.13,29.8740,27.9,1.661,32.87,3.99,-55,10.00,
2026-09-21T15:32:51,2,1.673,33.84,29.8750,27.9,1.656,32.48,3.99,-55,9.00,
2026-09-21T15:32:53,2,1.639,31.13,29.8700,27.9,1.661,32.87,3.99,-55,9.75,
2026-09-21T15:32:54,2,1.694,35.51,29.8770,27.9,1.658,32.68,3.99,-55,9.75,
2026-09-21T15:32:55,2,1.673,33.84,29.8710,27.9,1.658,32.61,4.00,-55,9.75,
2026-09-21T15:32:56,2,1.640,31.19,29.8830,27.9,1.655,32.42,3.99,-55,9.25,
2026-09-21T15:32:57,2,1.678,34.22,29.8860,27.9,1.657,32.55,3.99,-55,9.75,
2026-09-21T15:32:58,2,1.640,31.19,29.8910,27.9,1.657,32.55,3.99,-55,9.75,
2026-09-21T15:32:59,2,1.639,31.13,29.8990,27.9,1.657,32.55,4.00,-56,9.75,
2026-09-21T15:33:00,2,1.674,33.90,29.9070,27.9,1.658,32.68,3.99,-55,9.50,
2026-09-21T15:33:01,2,1.641,31.26,29.9110,27.9,1.659,32.74,3.99,-55,9.75,
2026-09-21T15:33:02,2,1.687,35.00,29.9030,27.9,1.660,32.81,3.94,-55,10.25,
2026-09-21T15:33:04,2,1.673,33.84,29.9110,27.9,1.658,32.68,3.99,-55,9.50,
2026-09-21T15:33:05,2,1.640,31.19,29.9110,27.9,1.658,32.68,3.99,-55,9.25,
2026-09-21T15:33:06,2,1.677,34.16,29.9020,27.9,1.661,32.87,3.99,-55,9.75,
2026-09-21T15:33:07,2,1.646,31.65,29.8970,27.9,1.652,32.16,4.03,-55,9.75,
2026-09-21T15:33:08,2,1.639,31.13,29.9050,27.9,1.659,32.74,4.00,-55,9.75,
2026-09-21T15:33:09,2,1.675,33.97,29.9020,27.9,1.657,32.55,3.98,-55,9.75,
2026-09-21T15:33:10,2,1.642,31.39,29.9060,27.9,1.659,32.74,3.99,-55,9.25,
2026-09-21T15:33:11,2,1.638,31.07,29.9000,27.9,1.659,32.74,4.00,-55,9.50,
2026-09-21T15:33:12,2,1.672,33.77,29.9010,27.9,1.658,32.61,4.00,-55,9.50,
2026-09-21T15:33:13,2,1.642,31.32,29.8900,27.9,1.660,32.81,3.99,-55,9.75,
2026-09-21T15:33:14,2,1.677,34.16,29.8920,27.9,1.658,32.68,3.99,-55,9.25,
2026-09-21T15:33:16,2,1.672,33.77,29.8860,27.9,1.657,32.55,3.99,-55,9.75,
2026-09-21T15:33:17,2,1.639,31.13,29.8830,27.9,1.658,32.61,4.00,-56,9.75,
2026-09-21T15:33:18,2,1.674,33.90,29.8810,27.9,1.657,32.55,3.99,-55,9.50,
2026-09-21T15:33:19,2,1.639,31.13,29.8700,27.9,1.658,32.61,3.99,-55,9.25,
2026-09-21T15:33:20,2,1.639,31.13,29.8580,27.9,1.658,32.61,3.99,-55,9.75,
2026-09-21T15:33:21,2,1.672,33.77,29.8570,27.9,1.655,32.42,4.00,-55,9.75,
2026-09-21T15:33:22,2,1.640,31.19,29.8580,27.9,1.662,32.93,3.99,-55,9.50,
2026-09-21T15:33:23,2,1.680,34.42,29.8630,27.9,1.658,32.61,3.98,-55,9.50,
2026-09-21T15:33:28,2,1.639,31.13,29.8810,27.9,1.661,32.87,3.99,-47,0.75,
2026-09-21T15:33:29,2,1.638,31.07,29.8880,27.9,1.656,32.48,3.99,-48,0.75,
2026-09-21T15:33:30,2,1.672,33.77,29.8900,27.9,1.657,32.55,3.99,-47,1.00,
2026-09-21T15:33:31,2,1.642,31.32,29.8900,27.9,1.657,32.55,3.99,-48,9.25,
2026-09-21T15:33:32,2,1.682,34.55,29.8900,27.9,1.658,32.68,3.98,-55,9.75,
2026-09-21T15:33:33,2,1.672,33.77,29.8900,27.9,1.657,32.55,3.99,-55,10.25,
2026-09-21T15:33:34,2,1.639,31.13,29.8950,27.9,1.654,32.35,3.99,-55,9.25,
2026-09-21T15:33:35,2,1.678,34.22,29.8960,27.9,1.658,32.61,3.99,-55,9.50,
2026-09-21T15:33:36,2,1.641,31.26,29.9030,27.9,1.659,32.74,3.98,-55,9.50,
2026-09-21T15:33:37,2,1.644,31.52,29.9140,27.9,1.658,32.68,4.00,-56,9.75,
2026-09-21T15:33:38,2,1.673,33.84,29.9240,27.9,1.656,32.48,3.99,-55,9.75,
2026-09-21T15:33:40,2,1.641,31.26,29.9300,27.9,1.660,32.81,3.99,-55,9.75,
2026-09-21T15:33:41,2,1.686,34.87,29.9280,27.9,1.658,32.68,3.98,-55,10.75,
2026-09-21T15:33:42,2,1.671,33.71,29.9230,27.9,1.658,32.61,3.99,-55,9.25,
2026-09-21T15:33:43,2,1.640,31.19,29.9290,27.9,1.658,32.68,4.00,-55,9.75,
2026-09-21T15:33:44,2,1.679,34.29,29.9260,27.9,1.658,32.61,3.99,-55,9.50,
2026-09-21T15:33:45,2,1.646,31.65,29.9210,27.9,1.662,33.00,3.95,-55,9.50,
2026-09-21T15:33:46,2,1.635,30.81,29.9230,27.9,1.658,32.61,3.99,-55,9.50,
2026-09-21T15:33:47,2,1.675,34.03,29.9180,27.9,1.657,32.55,3.99,-55,9.75,
2026-09-21T15:33:48,2,1.641,31.26,29.9110,27.9,1.658,32.68,3.99,-55,9.25,
2026-09-21T15:33:49,2,1.635,30.81,29.9100,27.9,1.651,32.10,4.03,-55,9.50,
2026-09-21T15:33:51,2,1.672,33.77,29.9140,27.9,1.657,32.55,3.99,-55,9.75,
2026-09-21T15:33:52,2,1.641,31.26,29.9120,27.9,1.657,32.55,3.99,-55,9.50,
2026-09-21T15:33:53,2,1.676,34.10,29.9080,27.9,1.657,32.55,3.99,-55,9.25,
2026-09-21T15:33:54,2,1.675,33.97,29.9060,27.9,1.662,33.00,3.99,-55,9.50,
2026-09-21T15:33:55,2,1.640,31.19,29.9100,27.9,1.658,32.61,3.99,-55,9.50,
2026-09-21T15:33:56,2,1.676,34.10,29.9000,27.9,1.657,32.55,3.99,-55,9.50,
2026-09-21T15:33:57,2,1.643,31.45,29.8980,27.9,1.660,32.81,3.99,-55,9.25,
2026-09-21T15:33:58,2,1.635,30.81,29.8950,27.9,1.660,32.81,3.99,-57,10.00,
2026-09-21T15:34:00,2,1.642,31.32,29.8910,27.9,1.658,32.68,3.99,-59,9.00,
2026-09-21T15:34:01,2,1.683,34.61,29.8900,27.9,1.673,33.84,3.98,-59,10.00,
2026-09-21T15:34:03,2,1.672,33.77,29.8820,27.9,1.659,32.74,3.99,-59,9.50,
2026-09-21T15:34:04,2,1.639,31.13,29.8790,27.9,1.656,32.48,4.00,-60,9.25,
2026-09-21T15:34:05,2,1.675,34.03,29.8800,27.9,1.658,32.61,3.99,-59,9.50,
2026-09-21T15:34:06,2,1.640,31.19,29.8830,27.9,1.660,32.81,3.99,-59,9.50,
2026-09-21T15:34:07,2,1.639,31.13,29.8870,27.9,1.658,32.68,4.00,-59,9.25,
2026-09-21T15:34:15,2,1.642,31.32,29.8910,27.9,1.658,32.61,0.00,-49,4.50,
2026-09-21T15:34:16,2,1.639,31.13,29.8900,27.9,1.658,32.68,4.00,-60,9.25,
2026-09-21T15:34:17,2,1.672,33.77,29.8850,27.9,1.657,32.55,3.99,-59,9.25,
2026-09-21T15:34:18,2,1.640,31.19,29.8800,27.9,1.659,32.74,3.99,-59,9.25,
2026-09-21T15:34:19,2,1.687,35.00,29.8860,27.9,1.662,32.93,3.97,-59,9.75,
2026-09-21T15:34:20,2,1.671,33.71,29.8830,27.9,1.658,32.61,3.99,-59,9.25,
2026-09-21T15:34:21,2,1.637,30.94,29.8810,27.9,1.657,32.55,3.99,-58,9.25,
2026-09-21T15:34:22,2,1.679,34.29,29.8870,27.9,1.658,32.68,3.99,-58,9.25,
2026-09-21T15:34:23,2,1.645,31.58,29.8860,27.9,1.661,32.87,3.98,-59,9.50,
2026-09-21T15:34:24,2,1.641,31.26,29.8860,27.9,1.662,32.93,4.00,-60,9.50,
2026-09-21T15:34:25,2,1.675,34.03,29.8740,27.9,1.660,32.81,3.99,-59,9.75,
2026-09-21T15:34:27,2,1.641,31.26,29.8750,27.9,1.659,32.74,3.99,-58,9.50,
2026-09-21T15:34:28,2,1.658,32.68,29.8680,27.9,1.657,32.55,4.03,-59,9.50,
2026-09-21T15:34:29,2,1.673,33.84,29.8700,27.9,1.658,32.61,3.99,-59,9.25,
2026-09-21T15:34:30,2,1.641,31.26,29.8770,27.9,1.660,32.81,3.99,-59,9.50,
2026-09-21T15:34:31,2,1.677,34.16,29.8790,27.9,1.658,32.61,3.98,-59,9.50,
2026-09-21T15:34:32,2,1.679,34.29,29.8790,27.9,1.664,33.13,3.94,-60,9.75,
2026-09-21T15:34:33,2,1.636,30.87,29.8720,27.9,1.660,32.81,4.00,-59,9.50,
2026-09-21T15:34:34,2,1.675,34.03,29.8720,27.9,1.657,32.55,3.99,-58,9.25,
2026-09-21T15:34:35,2,1.639,31.13,29.8710,27.9,1.659,32.74,3.99,-59,9.00,
2026-09-21T15:34:36,2,1.635,30.81,29.8820,27.9,1.653,32.23,4.02,-59,9.75,
2026-09-21T15:34:37,2,1.672,33.77,29.8850,27.9,1.658,32.61,3.99,-59,9.25,
2026-09-21T15:34:39,2,1.639,31.13,29.8910,27.9,1.658,32.61,3.99,-59,9.25,
2026-09-21T15:34:40,2,1.680,34.42,29.8900,27.9,1.657,32.55,3.98,-59,9.75,
2026-09-21T15:34:41,2,1.673,33.84,29.8920,27.9,1.664,33.13,3.99,-58,9.25,
2026-09-21T15:34:42,2,1.638,31.07,29.8900,27.9,1.656,32.48,3.99,-59,9.00,
2026-09-21T15:34:43,2,1.675,34.03,29.8900,27.9,1.658,32.61,3.99,-58,9.00,
2026-09-21T15:34:44,2,1.640,31.19,29.9000,27.9,1.659,32.74,3.99,-59,9.50,
2026-09-21T15:34:45,2,1.638,31.07,29.9020,27.9,1.657,32.55,4.00,-59,9.50,
2026-09-21T15:34:46,2,1.673,33.84,29.9040,27.9,1.658,32.61,3.99,-59,9.00,
2026-09-21T15:34:47,2,1.642,31.39,29.9060,27.9,1.658,32.61,3.99,-59,9.50,
2026-09-21T15:34:48,2,1.682,34.55,29.9080,27.9,1.660,32.81,3.98,-60,9.75,
2026-09-21T15:34:50,2,1.671,33.71,29.9080,27.9,1.658,32.61,3.99,-59,9.50,
2026-09-21T15:34:51,2,1.639,31.13,29.9090,27.9,1.658,32.61,4.00,-60,9.25,
2026-09-21T15:34:59,2,1.639,31.13,29.8990,27.9,1.658,32.61,3.99,-59,9.25,
2026-09-21T15:35:00,2,1.676,34.10,29.9030,27.9,1.657,32.55,3.99,-59,9.75,
2026-09-21T15:35:02,2,1.648,31.84,29.9020,27.9,1.661,32.87,3.95,-60,9.75,
2026-09-21T15:35:03,2,1.639,31.13,29.8970,27.9,1.658,32.68,4.00,-60,9.25,
2026-09-21T15:35:04,2,1.677,34.16,29.8910,27.9,1.658,32.68,3.99,-59,9.25,
2026-09-21T15:35:05,2,1.640,31.19,29.8920,27.9,1.658,32.68,3.99,-59,9.50,
2026-09-21T15:35:06,2,1.637,30.94,29.8950,27.9,1.654,32.29,4.03,-60,9.75,
2026-09-21T15:35:07,2,1.672,33.77,29.8940,27.9,1.658,32.68,3.99,-59,9.25,
2026-09-21T15:35:08,2,1.642,31.39,29.8870,27.9,1.659,32.74,3.99,-59,9.75,
2026-09-21T15:35:09,2,1.681,34.48,29.8870,27.9,1.657,32.55,3.99,-59,9.50,
2026-09-21T15:35:10,2,1.678,34.22,29.8860,27.9,1.665,33.19,3.94,-59,10.25,
2026-09-21T15:35:11,2,1.639,31.13,29.8880,27.9,1.658,32.68,3.99,-59,9.25,
2026-09-21T15:35:12,2,1.673,33.84,29.8870,27.9,1.656,32.48,3.99,-59,9.50,
2026-09-21T15:35:14,2,1.642,31.39,29.8860,27.9,1.656,32.48,3.99,-59,9.75,
2026-09-21T15:35:15,2,1.637,30.94,29.8950,27.9,1.654,32.29,4.03,-59,9.75,
2026-09-21T15:35:16,2,1.664,33.13,29.8870,27.9,1.658,32.61,3.99,-59,9.50,
2026-09-21T15:35:17,2,1.640,31.19,29.8850,27.9,1.658,32.68,3.99,-59,9.25,
2026-09-21T15:35:18,2,1.680,34.42,29.8850,27.9,1.658,32.61,3.98,-59,9.50,
2026-09-21T15:35:19,2,1.678,34.22,29.8890,27.9,1.667,33.32,3.95,-59,9.50,
2026-09-21T15:35:20,2,1.638,31.07,29.8990,27.9,1.658,32.61,3.99,-59,9.50,
2026-09-21T15:35:21,2,1.675,33.97,29.8970,27.9,1.657,32.55,3.99,-59,9.50,
2026-09-21T15:35:22,2,1.646,31.65,29.9150,27.9,1.658,32.68,3.99,-59,9.25,
2026-09-21T15:35:23,2,1.638,31.07,29.9210,27.9,1.650,32.03,4.03,-59,9.25,
2026-09-21T15:35:24,2,1.675,33.97,29.9170,27.9,1.656,32.48,3.99,-59,9.25,
2026-09-21T15:35:26,2,1.642,31.32,29.9210,27.9,1.658,32.68,3.99,-59,9.25,
2026-09-21T15:35:27,2,1.688,35.06,29.9250,27.9,1.656,32.48,3.98,-59,9.75,
2026-09-21T15:35:28,2,1.679,34.29,29.9360,27.9,1.664,33.13,3.97,-60,10.00,
2026-09-21T15:35:29,2,1.642,31.32,29.9350,27.9,1.658,32.68,4.00,-60,9.50,
2026-09-21T15:35:30,2,1.678,34.22,29.9290,27.9,1.658,32.61,3.99,-59,9.50,
2026-09-21T15:35:31,2,1.641,31.26,29.9270,27.9,1.658,32.68,3.99,-59,9.25,
2026-09-21T15:35:32,2,1.641,31.26,29.9290,27.9,1.658,32.68,3.99,-59,9.25,
2026-09-21T15:35:33,2,1.673,33.84,29.9320,27.9,1.657,32.55,3.99,-59,9.50,
2026-09-21T15:35:34,2,1.642,31.39,29.9320,27.9,1.658,32.68,3.99,-59,9.50,
2026-09-21T15:35:43,2,1.641,31.26,29.9220,27.9,1.659,32.74,3.99,-58,9.50,
2026-09-21T15:35:44,2,1.634,30.74,29.9190,27.9,1.650,32.03,4.03,-60,9.50,
2026-09-21T15:35:45,2,1.664,33.13,29.9160,27.9,1.660,32.81,3.99,-59,9.50,
2026-09-21T15:35:46,2,1.642,31.32,29.9050,27.9,1.658,32.68,3.99,-60,9.25,
2026-09-21T15:35:47,2,1.676,34.10,29.8960,27.9,1.658,32.68,3.99,-59,9.25,
2026-09-21T15:35:49,2,1.678,34.22,29.8990,27.9,1.663,33.06,3.94,-59,9.75,
2026-09-21T15:35:50,2,1.641,31.26,29.9070,27.9,1.656,32.48,4.00,-59,9.25,
2026-09-21T15:35:51,2,1.674,33.90,29.9030,27.9,1.656,32.48,3.99,-59,9.50,
2026-09-21T15:35:52,2,1.642,31.32,29.9030,27.9,1.660,32.81,3.99,-59,9.25,
2026-09-21T15:35:53,2,1.633,30.68,29.8980,27.9,1.654,32.35,4.03,-59,9.75,
2026-09-21T15:35:54,2,1.672,33.77,29.8950,27.9,1.657,32.55,3.99,-59,9.50,
2026-09-21T15:35:55,2,1.642,31.39,29.8930,27.9,1.656,32.48,3.99,-60,9.75,
2026-09-21T15:35:56,2,1.681,34.48,29.8900,27.9,1.658,32.68,3.99,-59,9.00,
2026-09-21T15:35:57,2,1.676,34.10,29.8950,27.9,1.664,33.13,3.95,-59,9.50,
2026-09-21T15:35:58,2,1.641,31.26,29.8900,27.9,1.661,32.87,4.00,-59,9.25,
2026-09-21T15:35:59,2,1.676,34.10,29.8880,27.9,1.658,32.61,3.99,-58,9.00,
2026-09-21T15:36:01,2,1.641,31.26,29.8910,27.9,1.660,32.81,3.99,-58,9.50,
2026-09-21T15:36:02,2,1.635,30.81,29.8890,27.9,1.653,32.23,4.03,-59,9.50,
2026-09-21T15:36:03,2,1.675,33.97,29.8870,27.9,1.658,32.68,3.99,-58,9.25,
2026-09-21T15:36:04,2,1.639,31.13,29.8830,27.9,1.658,32.68,3.99,-59,9.25,
2026-09-21T15:36:05,2,1.682,34.55,29.8910,27.9,1.658,32.68,3.98,-59,9.25,
2026-09-21T15:36:06,2,1.679,34.29,29.9010,27.9,1.665,33.19,3.94,-59,9.75,
2026-09-21T15:36:07,2,1.640,31.19,29.9100,27.9,1.658,32.61,3.99,-59,10.25,
2026-09-21T15:36:08,2,1.677,34.16,29.9050,27.9,1.657,32.55,3.99,-59,9.50,
2026-09-21T15:36:09,2,1.640,31.19,29.9030,27.9,1.658,32.68,3.99,-59,9.00,
2026-09-21T15:36:10,2,1.627,30.16,29.9020,27.9,1.651,32.10,4.03,-59,9.50,
2026-09-21T15:36:11,2,1.675,34.03,29.9010,27.9,1.656,32.48,3.99,-59,9.00,
2026-09-21T15:36:13,2,1.640,31.19,29.9060,27.9,1.658,32.61,3.99,-59,9.25,
2026-09-21T15:36:14,2,1.685,34.80,29.9030,27.9,1.658,32.68,3.98,-59,9.75,
2026-09-21T15:36:15,2,1.679,34.35,29.9140,27.9,1.663,33.06,3.95,-59,9.75,
2026-09-21T15:36:16,2,1.642,31.32,29.9200,27.9,1.658,32.61,3.99,-59,9.25,
2026-09-21T15:36:17,2,1.679,34.29,29.9120,27.9,1.658,32.68,3.99,-59,9.25,
2026-09-21T15:36:18,2,1.642,31.32,29.9100,27.9,1.659,32.74,3.99,-59,11.75,
2026-09-21T15:36:19,2,1.636,30.87,29.9170,27.9,1.653,32.23,3.99,-59,9.50,
2026-09-21T15:36:27,2,1.675,34.03,29.8910,27.9,1.665,33.19,3.90,-50,6.25,
2026-09-21T15:36:28,2,1.638,31.00,29.9030,27.9,1.656,32.48,4.00,-60,9.75,
2026-09-21T15:36:29,2,1.674,33.90,29.8950,27.9,1.659,32.74,3.99,-59,9.50,
2026-09-21T15:36:30,2,1.643,31.45,29.8920,27.9,1.662,32.93,3.99,-59,9.50,
2026-09-21T15:36:31,2,1.641,31.26,29.9000,27.9,1.654,32.29,4.03,-59,9.50,
2026-09-21T15:36:32,2,1.671,33.71,29.9000,27.9,1.656,32.48,3.99,-59,9.50,
2026-09-21T15:36:33,2,1.641,31.26,29.8980,27.9,1.659,32.74,3.99,-58,9.50,
2026-09-21T15:36:34,2,1.682,34.55,29.8890,27.9,1.658,32.61,3.98,-60,9.75,
2026-09-21T15:36:36,2,1.678,34.22,29.8880,27.9,1.665,33.19,3.95,-59,9.75,
2026-09-21T15:36:37,2,1.639,31.13,29.8860,27.9,1.659,32.74,3.99,-59,9.50,
2026-09-21T15:36:38,2,1.676,34.10,29.8940,27.9,1.658,32.68,3.99,-58,10.00,
2026-09-21T15:36:39,2,1.638,31.00,29.8870,27.9,1.658,32.68,3.99,-59,9.50,
2026-09-21T15:36:40,2,1.638,31.07,29.8910,27.9,1.651,32.10,4.02,-60,9.75,
2026-09-21T15:36:41,2,1.673,33.84,29.8960,27.9,1.657,32.55,3.99,-58,9.50,
2026-09-21T15:36:42,2,1.640,31.19,29.8840,27.9,1.658,32.61,3.99,-58,9.00,
2026-09-21T15:36:44,2,1.678,34.22,29.8800,27.9,1.666,33.26,3.94,-59,12.25,
2026-09-21T15:36:45,2,1.638,31.07,29.8870,27.9,1.658,32.61,3.99,-58,9.25,
2026-09-21T15:36:46,2,1.675,33.97,29.8920,27.9,1.660,32.81,3.99,-59,9.50,
2026-09-21T15:36:48,2,1.642,31.32,29.8870,27.9,1.657,32.55,3.99,-59,9.50,
2026-09-21T15:36:49,2,1.633,30.68,29.8990,27.9,1.654,32.29,4.03,-59,10.00,
2026-09-21T15:36:50,2,1.673,33.84,29.9060,27.9,1.657,32.55,3.99,-59,9.50,
2026-09-21T15:36:51,2,1.636,30.87,29.8980,27.9,1.658,32.61,3.99,-59,9.00,
2026-09-21T15:36:52,2,1.686,34.87,29.8970,27.9,1.658,32.68,3.98,-59,9.75,
2026-09-21T15:36:53,2,1.689,35.13,29.9000,27.9,1.663,33.06,3.95,-60,9.75,
2026-09-21T15:36:54,2,1.642,31.39,29.8990,27.9,1.659,32.74,3.99,-59,9.25,
2026-09-21T15:36:55,2,1.677,34.16,29.9030,27.9,1.659,32.74,3.99,-59,9.50,
2026-09-21T15:36:56,2,1.645,31.58,29.9060,27.9,1.658,32.61,3.95,-58,9.50,
2026-09-21T15:36:57,2,1.632,30.55,29.9070,27.9,1.653,32.23,4.03,-60,9.50,
2026-09-21T15:36:58,2,1.677,34.16,29.9120,27.9,1.656,32.48,3.99,-59,9.75,
2026-09-21T15:37:00,2,1.640,31.19,29.9130,27.9,1.659,32.74,3.99,-59,9.50,
2026-09-21T15:37:01,2,1.633,30.61,29.9070,27.9,1.650,32.03,4.02,-60,10.00,
2026-09-21T15:37:02,2,1.679,34.29,29.9180,27.9,1.667,33.39,3.94,-59,9.75,
2026-09-21T15:37:03,2,1.641,31.26,29.9170,27.9,1.655,32.42,3.99,-59,9.25,
2026-09-21T15:37:12,2,1.638,31.00,29.9140,27.9,1.654,32.29,4.00,-59,9.25,
2026-09-21T15:37:13,2,1.683,34.61,29.9090,27.9,1.658,32.68,3.98,-59,10.00,
2026-09-21T15:37:14,2,1.677,34.16,29.9120,27.9,1.664,33.13,3.95,-59,9.50,
2026-09-21T15:37:15,2,1.639,31.13,29.9070,27.9,1.659,32.74,3.99,-59,12.00,
2026-09-21T15:37:16,2,1.677,34.16,29.9070,27.9,1.657,32.55,3.99,-59,9.25,
2026-09-21T15:37:17,2,1.642,31.32,29.9020,27.9,1.658,32.61,3.99,-59,12.00,
2026-09-21T15:37:18,2,1.634,30.74,29.8990,27.9,1.652,32.16,4.03,-59,9.50,
2026-09-21T15:37:19,2,1.674,33.90,29.8930,27.9,1.667,33.32,3.99,-59,9.75,
2026-09-21T15:37:20,2,1.639,31.13,29.8980,27.9,1.658,32.61,3.99,-59,9.25,
2026-09-21T15:37:21,2,1.686,34.87,29.8990,27.9,1.659,32.74,3.98,-59,9.50,
2026-09-21T15:37:23,2,1.679,34.35,29.9020,27.9,1.662,33.00,3.95,-59,9.75,
2026-09-21T15:37:24,2,1.639,31.13,29.9100,27.9,1.658,32.68,3.99,-59,9.25,
2026-09-21T15:37:25,2,1.677,34.16,29.9100,27.9,1.661,32.87,3.98,-59,9.75,
2026-09-21T15:37:26,2,1.638,31.07,29.9050,27.9,1.658,32.61,3.99,-59,9.50,
2026-09-21T15:37:27,2,1.634,30.74,29.9060,27.9,1.653,32.23,4.03,-59,9.25,
2026-09-21T15:37:28,2,1.673,33.84,29.9120,27.9,1.654,32.35,3.99,-59,9.25,
2026-09-21T15:37:29,2,1.640,31.19,29.9140,27.9,1.657,32.55,3.99,-59,9.25,
2026-09-21T15:37:30,2,1.686,34.87,29.9140,27.9,1.655,32.42,3.98,-59,9.75,
2026-09-21T15:37:31,2,1.679,34.29,29.9090,27.9,1.662,33.00,3.95,-59,9.75,
2026-09-21T15:37:32,2,1.640,31.19,29.9200,27.9,1.657,32.55,4.00,-60,9.50,
2026-09-21T15:37:33,2,1.679,34.29,29.9230,27.9,1.656,32.48,3.98,-60,10.25,
2026-09-21T15:37:35,2,1.680,34.42,29.9270,27.9,1.658,32.61,3.96,-59,9.75,
2026-09-21T15:37:36,2,1.634,30.74,29.9330,27.9,1.650,32.03,4.02,-60,10.00,
2026-09-21T15:37:37,2,1.675,33.97,29.9380,27.9,1.655,32.42,3.99,-59,9.50,
2026-09-21T15:37:38,2,1.642,31.32,29.9320,27.9,1.658,32.68,3.99,-59,9.50,
2026-09-21T15:37:39,2,1.636,30.87,29.9350,27.9,1.650,32.03,4.03,-59,9.50,
2026-09-21T15:37:40,2,1.680,34.42,29.9320,27.9,1.664,33.13,3.94,-60,9.75,
2026-09-21T15:37:41,2,1.628,30.23,29.9250,27.9,1.659,32.74,3.99,-59,9.25,
2026-09-21T15:37:42,2,1.680,34.42,29.9140,27.9,1.658,32.68,3.98,-60,9.25,
2026-09-21T15:37:43,2,1.675,33.97,29.9040,27.9,1.662,32.93,3.95,-59,9.75,
2026-09-21T15:37:44,2,1.633,30.61,29.9000,27.9,1.652,32.16,4.03,-59,9.75,
2026-09-21T15:37:45,2,1.675,34.03,29.8990,27.9,1.656,32.48,3.99,-59,9.50,
2026-09-21T15:37:47,2,1.641,31.26,29.8940,27.9,1.655,32.42,3.99,-59,9.50,
2026-09-21T15:37:55,2,1.637,30.94,29.8950,27.9,1.660,32.81,3.99,-59,9.75,
2026-09-21T15:37:56,2,1.635,30.81,29.8910,27.9,1.656,32.48,4.03,-60,9.50,
2026-09-21T15:37:57,2,1.678,34.22,29.8970,27.9,1.666,33.26,3.95,-59,10.00,
2026-09-21T15:37:59,2,1.638,31.00,29.9080,27.9,1.660,32.81,3.99,-59,9.75,
2026-09-21T15:38:00,2,1.686,34.87,29.9050,27.9,1.660,32.81,3.98,-60,10.00,
2026-09-21T15:38:01,2,1.678,34.22,29.9050,27.9,1.658,32.68,3.95,-59,9.75,
2026-09-21T15:38:02,2,1.638,31.00,29.9140,27.9,1.652,32.16,3.99,-59,9.75,
2026-09-21T15:38:03,2,1.687,35.00,29.9210,27.9,1.655,32.42,3.98,-59,9.75,
2026-09-21T15:38:04,2,1.638,31.07,29.9180,27.9,1.658,32.61,3.99,-59,9.25,
2026-09-21T15:38:05,2,1.634,30.74,29.9210,27.9,1.645,31.58,4.02,-59,9.75,
2026-09-21T15:38:06,2,1.673,33.84,29.9210,27.9,1.658,32.61,3.99,-59,9.50,
2026-09-21T15:38:07,2,1.644,31.52,29.9120,27.9,1.658,32.68,3.99,-58,9.25,
2026-09-21T15:38:08,2,1.679,34.29,29.9170,27.9,1.659,32.74,3.99,-58,9.25,
2026-09-21T15:38:10,2,1.679,34.29,29.9110,27.9,1.664,33.13,3.94,-58,10.00,
2026-09-21T15:38:11,2,1.640,31.19,29.9050,27.9,1.658,32.68,3.99,-59,9.25,
2026-09-21T15:38:12,2,1.679,34.29,29.9010,27.9,1.659,32.74,3.98,-59,9.50,
2026-09-21T15:38:13,2,1.677,34.16,29.8990,27.9,1.662,33.00,3.95,-58,10.00,
2026-09-21T15:38:14,2,1.635,30.81,29.8930,27.9,1.651,32.10,4.03,-58,9.50,
2026-09-21T15:38:15,2,1.675,33.97,29.8910,27.9,1.658,32.61,3.99,-59,9.50,
2026-09-21T15:38:16,2,1.638,31.07,29.8960,27.9,1.660,32.81,4.00,-59,9.75,
2026-09-21T15:38:17,2,1.635,30.81,29.8950,27.9,1.654,32.35,4.02,-59,10.00,
2026-09-21T15:38:18,2,1.679,34.29,29.8990,27.9,1.667,33.32,3.95,-59,9.50,
2026-09-21T15:38:19,2,1.647,31.77,29.9010,27.9,1.663,33.06,3.99,-59,9.50,
2026-09-21T15:38:20,2,1.679,34.29,29.8990,27.9,1.660,32.81,3.99,-59,9.75,
2026-09-21T15:38:22,2,1.679,34.35,29.8940,27.9,1.674,33.90,3.95,-60,9.25,
2026-09-21T15:38:23,2,1.635,30.81,29.8900,27.9,1.651,32.10,4.03,-60,9.75,
2026-09-21T15:38:24,2,1.675,34.03,29.8980,27.9,1.658,32.68,3.99,-59,9.50,
2026-09-21T15:38:25,2,1.638,31.07,29.9020,27.9,1.658,32.61,3.99,-59,9.50,
2026-09-21T15:38:26,2,1.635,30.81,29.9040,27.9,1.654,32.29,4.02,-59,10.00,
2026-09-21T15:38:27,2,1.679,34.29,29.9170,27.9,1.667,33.32,3.95,-59,9.75,
2026-09-21T15:38:28,2,1.642,31.39,29.9150,27.9,1.660,32.81,3.99,-59,9.25,
2026-09-21T15:38:29,2,1.682,34.55,29.9110,27.9,1.656,32.48,3.98,-59,9.75,
2026-09-21T15:38:30,2,1.676,34.10,29.9150,27.9,1.666,33.26,3.95,-60,9.75,
2026-09-21T15:38:39,2,1.678,34.22,29.9220,27.9,1.664,33.13,3.95,-59,9.50,
2026-09-21T15:38:40,2,1.636,30.87,29.9090,27.9,1.651,32.10,4.03,-60,9.75,
2026-09-21T15:38:41,2,1.675,34.03,29.9050,27.9,1.659,32.74,3.99,-59,9.50,
2026-09-21T15:38:42,2,1.639,31.13,29.9060,27.9,1.661,32.87,3.99,-59,9.25,
2026-09-21T15:38:43,2,1.633,30.68,29.9060,27.9,1.654,32.29,4.02,-59,9.75,
2026-09-21T15:38:44,2,1.681,34.48,29.9040,27.9,1.666,33.26,3.95,-59,9.50,
2026-09-21T15:38:46,2,1.640,31.19,29.9080,27.9,1.658,32.61,3.99,-59,9.50,
2026-09-21T15:38:47,2,1.684,34.74,29.8990,27.9,1.659,32.74,3.98,-59,9.50,
2026-09-21T15:38:48,2,1.678,34.22,29.9050,27.9,1.664,33.13,3.95,-59,10.00,
2026-09-21T15:38:49,2,1.642,31.32,29.9130,27.9,1.654,32.29,3.99,-59,9.50,
2026-09-21T15:38:50,2,1.678,34.22,29.9130,27.9,1.658,32.68,3.99,-59,9.50,
2026-09-21T15:38:52,2,1.633,30.68,29.9160,27.9,1.651,32.10,4.02,-60,9.50,
2026-09-21T15:38:53,2,1.672,33.77,29.9210,27.9,1.655,32.42,3.99,-59,9.50,
2026-09-21T15:38:54,2,1.638,31.07,29.9110,27.9,1.658,32.68,3.99,-59,9.50,
2026-09-21T15:38:55,2,1.687,35.00,29.9110,27.9,1.658,32.68,3.97,-59,10.00,
2026-09-21T15:38:57,2,1.679,34.35,29.9080,27.9,1.657,32.55,3.95,-59,9.75,
2026-09-21T15:38:58,2,1.641,31.26,29.9070,27.9,1.655,32.42,3.99,-59,9.50,
2026-09-21T15:38:59,2,1.679,34.35,29.9050,27.9,1.658,32.61,3.99,-59,9.50,
2026-09-21T15:39:00,2,1.643,31.45,29.9110,27.9,1.659,32.74,3.98,-59,9.75,
2026-09-21T15:39:01,2,1.635,30.81,29.9190,27.9,1.654,32.29,4.02,-59,10.25,
2026-09-21T15:39:02,2,1.674,33.90,29.9210,27.9,1.660,32.81,3.99,-59,9.50,
2026-09-21T15:39:03,2,1.641,31.26,29.9240,27.9,1.658,32.68,3.99,-59,9.25,
2026-09-21T15:39:04,2,1.633,30.68,29.9220,27.9,1.653,32.23,4.03,-59,9.50,
2026-09-21T15:39:05,2,1.678,34.22,29.9280,27.9,1.664,33.13,3.95,-59,9.75,
2026-09-21T15:39:06,2,1.641,31.26,29.9240,27.9,1.656,32.48,3.99,-59,9.50,
2026-09-21T15:39:07,2,1.679,34.35,29.9210,27.9,1.657,32.55,3.99,-59,9.25,
2026-09-21T15:39:09,2,1.676,34.10,29.9120,27.9,1.663,33.06,3.96,-59,9.75,
2026-09-21T15:39:10,2,1.637,30.94,29.9140,27.9,1.652,32.16,4.03,-60,9.50,
2026-09-21T15:39:11,2,1.676,34.10,29.9150,27.9,1.659,32.74,3.99,-59,9.25,
2026-09-21T15:39:12,2,1.641,31.26,29.9130,27.9,1.656,32.48,3.99,-60,9.75,
2026-09-21T15:39:13,2,1.636,30.87,29.9120,27.9,1.653,32.23,4.03,-59,9.50,
2026-09-21T15:39:14,2,1.667,33.32,29.9170,27.9,1.666,33.26,3.95,-59,9.50,
2026-09-21T15:39:15,2,1.639,31.13,29.9260,27.9,1.658,32.68,3.99,-59,9.50,9
2026-09-21T15:39:23,2,1.679,34.35,29.9070,27.9,1.667,33.32,3.90,-48,2.25,
2026-09-21T15:39:24,2,1.640,31.19,29.9070,27.9,1.658,32.68,3.99,-59,9.25,
2026-09-21T15:39:25,2,1.681,34.48,29.8990,27.9,1.658,32.61,3.98,-59,9.50,
2026-09-21T15:39:26,2,1.678,34.22,29.9000,27.9,1.665,33.19,3.95,-62,10.00,
2026-09-21T15:39:28,2,1.673,33.84,29.9010,27.9,1.656,32.48,3.99,-58,9.25,
2026-09-21T15:39:29,2,1.642,31.39,29.9050,27.9,1.659,32.74,3.99,-65,9.50,
2026-09-21T15:39:30,2,1.637,30.94,29.9060,27.9,1.652,32.16,4.02,-84,7.75,
2026-09-21T15:39:31,2,1.671,33.71,29.9110,27.9,1.659,32.74,3.98,-79,8.75,
2026-09-21T15:39:33,2,1.643,31.45,29.9060,27.9,1.658,32.61,3.99,-64,9.00,
2026-09-21T15:39:34,2,1.685,34.80,29.9100,27.9,1.658,32.68,3.98,-64,10.00,
2026-09-21T15:39:35,2,1.678,34.22,29.9110,27.9,1.663,33.06,3.95,-65,9.75,
2026-09-21T15:39:36,2,1.642,31.32,29.9060,27.9,1.657,32.55,3.99,-64,9.25,
2026-09-21T15:39:37,2,1.678,34.22,29.9020,27.9,1.662,32.93,3.98,-64,9.75,
2026-09-21T15:39:38,2,1.643,31.45,29.9110,27.9,1.659,32.74,3.99,-60,10.25,
2026-09-21T15:39:39,2,1.638,31.07,29.9130,27.9,1.645,31.58,4.03,-60,9.50,
2026-09-21T15:39:40,2,1.681,34.48,29.9080,27.9,1.663,33.06,3.99,-59,9.25,
2026-09-21T15:39:41,2,1.647,31.77,30.0920,27.9,1.666,33.26,3.99,-59,9.50,
2026-09-21T15:39:42,2,1.694,35.51,30.2020,27.9,1.664,33.13,3.98,-60,9.75,
2026-09-21T15:39:44,2,1.687,35.00,30.2970,27.9,1.684,34.74,3.95,-60,9.75,
2026-09-21T15:39:45,2,1.647,31.77,30.3860,27.9,1.666,33.26,3.99,-59,9.75,
2026-09-21T15:39:46,2,1.690,35.19,30.4540,27.9,1.667,33.39,3.99,-58,10.00,
2026-09-21T15:39:47,2,1.654,32.35,30.5230,27.9,1.661,32.87,3.99,-59,9.25,
2026-09-21T15:39:48,2,1.647,31.77,30.5900,27.9,1.662,33.00,4.02,-59,10.00,10
2026-09-21T15:39:49,2,1.688,35.06,30.6430,27.9,1.668,33.45,3.99,-59,9.75,
2026-09-21T15:39:50,2,1.649,31.90,30.6960,27.9,1.670,33.58,3.99,-61,9.25,
2026-09-21T15:39:51,2,1.701,36.09,30.7530,27.9,1.672,33.77,3.98,-61,10.00,
2026-09-21T15:39:52,2,1.695,35.58,30.8010,27.9,1.680,34.42,3.94,-60,10.25,
2026-09-21T15:39:53,2,1.654,32.35,30.8980,27.9,1.672,33.77,4.00,-60,9.50,
2026-09-21T15:39:54,2,1.695,35.58,30.9420,27.9,1.674,33.90,3.98,-61,9.75,
2026-09-21T15:39:56,2,1.659,32.74,30.9900,27.9,1.673,33.84,3.95,-61,9.75,
2026-09-21T15:39:57,2,1.652,32.16,31.0470,27.9,1.668,33.45,4.02,-61,10.00,
2026-09-21T15:39:58,2,1.692,35.38,31.0880,27.9,1.674,33.90,3.99,-61,10.00,
2026-09-21T15:40:06,2,1.688,35.06,30.8840,27.9,1.671,33.64,3.99,-52,0.25,
2026-09-21T15:40:08,2,1.644,31.52,30.8630,27.9,1.676,34.10,3.99,-60,10.00,
2026-09-21T15:40:09,2,1.645,31.58,30.8550,27.9,1.663,33.06,4.03,-61,9.00,
2026-09-21T15:40:10,2,1.687,34.93,30.8490,27.9,1.667,33.39,3.99,-61,9.50,
2026-09-21T15:40:11,2,1.652,32.16,30.8410,27.9,1.671,33.71,3.99,-61,9.25,
2026-09-21T15:40:12,2,1.696,35.64,30.8300,27.9,1.670,33.58,3.98,-60,9.75,
2026-09-21T15:40:13,2,1.692,35.38,30.8230,27.9,1.675,33.97,3.95,-61,9.75,
2026-09-21T15:40:14,2,1.652,32.16,30.8140,27.9,1.670,33.58,3.99,-61,9.50,
2026-09-21T15:40:15,2,1.692,35.32,30.8060,27.9,1.667,33.39,3.98,-60,9.50,
2026-09-21T15:40:16,2,1.652,32.16,30.7980,27.9,1.669,33.52,3.99,-60,9.50,
2026-09-21T15:40:17,2,1.644,31.52,30.8010,27.9,1.663,33.06,4.03,-61,9.25,
2026-09-21T15:40:18,2,1.685,34.80,30.7930,27.9,1.671,33.64,3.99,-60,9.50,
2026-09-21T15:40:20,2,1.650,32.03,30.7850,27.9,1.670,33.58,3.99,-60,10.00,
2026-09-21T15:40:21,2,1.697,35.77,30.7820,27.9,1.671,33.64,3.98,-60,9.75,
2026-09-21T15:40:22,2,1.690,35.19,30.7790,27.9,1.676,34.10,3.95,-60,9.75,
2026-09-21T15:40:23,2,1.650,32.03,30.7780,27.9,1.668,33.45,3.99,-60,9.50,
2026-09-21T15:40:24,2,1.689,35.13,30.7790,27.9,1.667,33.39,3.99,-59,9.50,
2026-09-21T15:40:25,2,1.650,31.97,30.7790,27.9,1.671,33.64,3.99,-60,9.75,
2026-09-21T15:40:26,2,1.646,31.71,30.7790,27.9,1.676,34.10,4.03,-61,9.50,
2026-09-21T15:40:27,2,1.687,34.93,30.7830,27.9,1.667,33.39,3.99,-59,9.25,
2026-09-21T15:40:28,2,1.650,32.03,30.7760,27.9,1.667,33.39,3.98,-62,9.75,
2026-09-21T15:40:29,2,1.700,35.96,30.7650,27.9,1.670,33.58,3.98,-60,9.75,
2026-09-21T15:40:30,2,1.690,35.19,30.7540,27.9,1.676,34.10,3.95,-60,10.00,
2026-09-21T15:40:32,2,1.652,32.16,30.7540,27.9,1.670,33.58,3.99,-60,10.00,
2026-09-21T15:40:33,2,1.691,35.26,30.7540,27.9,1.669,33.52,3.98,-59,9.75,
2026-09-21T15:40:34,2,1.654,32.29,30.7600,27.9,1.668,33.45,3.99,-58,9.75,
2026-09-21T15:40:35,2,1.647,31.77,30.7640,27.9,1.658,32.61,4.03,-59,9.00,
2026-09-21T15:40:36,2,1.685,34.80,30.7570,27.9,1.669,33.52,3.99,-58,9.75,
2026-09-21T15:40:37,2,1.664,33.13,30.7550,27.9,1.670,33.58,3.99,-59,9.25,
2026-09-21T15:40:38,2,1.645,31.58,30.7570,27.9,1.662,33.00,4.03,-60,9.25,
2026-09-21T15:40:39,2,1.692,35.32,30.7590,27.9,1.676,34.10,3.94,-58,9.75,
2026-09-21T15:40:40,2,1.648,31.84,30.7750,27.9,1.668,33.45,3.99,-59,9.50,
2026-09-21T15:40:41,2,1.692,35.32,30.7710,27.9,1.672,33.77,3.99,-62,9.75,
2026-09-21T15:40:43,2,1.691,35.26,30.7700,27.9,1.675,33.97,3.95,-62,9.75,
2026-09-21T15:40:48,2,1.683,34.68,30.7660,27.9,1.671,33.71,3.99,-54,0.25,
2026-09-21T15:40:49,2,1.652,32.16,30.7680,27.9,1.672,33.77,3.99,-53,0.25,
2026-09-21T15:40:50,2,1.695,35.58,30.7770,27.9,1.669,33.52,3.99,-54,0.00,
2026-09-21T15:40:51,2,1.691,35.26,30.7860,27.9,1.674,33.90,3.95,-63,10.00,
2026-09-21T15:40:52,2,1.650,32.03,30.7880,27.9,1.671,33.64,3.99,-63,9.75,
2026-09-21T15:40:53,2,1.688,35.06,30.7860,27.9,1.668,33.45,3.99,-63,9.25,
2026-09-21T15:40:55,2,1.652,32.16,30.7860,27.9,1.671,33.64,3.99,-62,9.25,
2026-09-21T15:40:56,2,1.644,31.52,30.7810,27.9,1.664,33.13,4.03,-64,9.50,
2026-09-21T15:40:57,2,1.687,34.93,30.7910,27.9,1.667,33.32,3.99,-62,9.50,
2026-09-21T15:40:58,2,1.650,31.97,30.7850,27.9,1.671,33.64,3.99,-62,9.25,
2026-09-21T15:40:59,2,1.700,35.96,30.7880,27.9,1.671,33.71,3.98,-62,9.50,
2026-09-21T15:41:00,2,1.690,35.19,30.7900,27.9,1.674,33.90,3.95,-63,9.75,
2026-09-21T15:41:01,2,1.653,32.23,30.7830,27.9,1.670,33.58,3.99,-62,9.75,
2026-09-21T15:41:02,2,1.690,35.19,30.7920,27.9,1.670,33.58,3.98,-62,10.00,
2026-09-21T15:41:03,2,1.651,32.10,30.7950,27.9,1.669,33.52,3.98,-62,9.75,
2026-09-21T15:41:04,2,1.645,31.58,30.7930,27.9,1.662,32.93,4.02,-62,10.00,
2026-09-21T15:41:05,2,1.687,34.93,30.7990,27.9,1.665,33.19,3.99,-62,10.00,
2026-09-21T15:41:07,2,1.652,32.16,30.8030,27.9,1.669,33.52,3.99,-62,9.00,
2026-09-21T15:41:08,2,1.674,33.90,30.7890,27.9,1.665,33.19,4.03,-62,10.25,
2026-09-21T15:41:09,2,1.690,35.19,30.7860,27.9,1.678,34.22,3.94,-62,10.00,
2026-09-21T15:41:10,2,1.652,32.16,30.7860,27.9,1.671,33.71,3.99,-63,10.00,
2026-09-21T15:41:11,2,1.692,35.38,30.7860,27.9,1.667,33.39,3.98,-62,9.75,
2026-09-21T15:41:12,2,1.690,35.19,30.7930,27.9,1.679,34.35,3.95,-62,10.00,
2026-09-21T15:41:13,2,1.649,31.90,30.8040,27.9,1.662,33.00,4.03,-63,9.50,
2026-09-21T15:41:14,2,1.689,35.13,30.8010,27.9,1.669,33.52,3.99,-62,9.75,
2026-09-21T15:41:15,2,1.656,32.48,30.8000,27.9,1.669,33.52,3.99,-62,9.25,
2026-09-21T15:41:16,2,1.647,31.77,30.8010,27.9,1.662,33.00,4.03,-63,9.75,
2026-09-21T15:41:17,2,1.696,35.64,30.8020,27.9,1.681,34.48,3.94,-61,10.25,
2026-09-21T15:41:19,2,1.650,32.03,30.8010,27.9,1.668,33.45,3.99,-61,10.00,
2026-09-21T15:41:20,2,1.693,35.45,30.8000,27.9,1.669,33.52,3.98,-61,9.75,
2026-09-21T15:41:21,2,1.690,35.19,30.7990,27.9,1.674,33.90,3.95,-62,9.50,
2026-09-21T15:41:22,2,1.657,32.55,30.7910,27.9,1.664,33.13,4.02,-61,9.75,
2026-09-21T15:41:23,2,1.688,35.06,30.7940,27.9,1.668,33.45,3.98,-59,10.00,
2026-09-21T15:41:24,2,1.651,32.10,30.7930,27.9,1.669,33.52,3.99,-61,9.75,
2026-09-21T15:41:25,2,1.646,31.65,30.7910,27.9,1.663,33.06,4.02,-62,10.00,
2026-09-21T15:41:26,2,1.692,35.32,30.7880,27.9,1.675,34.03,3.94,-62,10.00,
2026-09-21T15:41:27,2,1.652,32.16,30.7920,27.9,1.667,33.39,3.99,-62,9.75,
2026-09-21T15:41:32,2,1.689,35.13,30.7800,27.9,1.671,33.64,3.98,-54,0.75,
2026-09-21T15:41:33,2,1.651,32.10,30.7740,27.9,1.670,33.58,3.99,-55,0.75,
2026-09-21T15:41:34,2,1.646,31.71,30.7790,27.9,1.664,33.13,4.03,-55,1.25,
2026-09-21T15:41:35,2,1.694,35.51,30.7880,27.9,1.677,34.16,3.94,-56,8.50,
2026-09-21T15:41:36,2,1.654,32.29,30.7920,27.9,1.667,33.39,3.99,-62,9.25,
2026-09-21T15:41:37,2,1.683,34.68,30.7830,27.9,1.669,33.52,4.03,-61,9.75,
2026-09-21T15:41:38,2,1.691,35.26,30.7850,27.9,1.674,33.90,3.95,-62,9.75,
2026-09-21T15:41:39,2,1.650,31.97,30.7750,27.9,1.662,33.00,3.99,-62,9.50,
2026-09-21T15:41:40,2,1.691,35.26,30.7780,27.9,1.667,33.39,3.99,-62,9.75,
2026-09-21T15:41:42,2,1.689,35.13,30.7790,27.9,1.673,33.84,3.95,-62,10.00,
2026-09-21T15:41:43,2,1.648,31.84,30.7750,27.9,1.666,33.26,4.03,-62,9.75,
2026-09-21T15:41:44,2,1.689,35.13,30.7800,27.9,1.668,33.45,3.99,-62,10.00,
2026-09-21T15:41:45,2,1.650,31.97,30.7800,27.9,1.669,33.52,3.99,-62,9.50,
2026-09-21T15:41:46,2,1.646,31.71,30.7770,27.9,1.663,33.06,4.03,-62,9.75,
2026-09-21T15:41:47,2,1.690,35.19,30.7830,27.9,1.675,34.03,3.94,-62,9.75,
2026-09-21T15:41:48,2,1.651,32.10,30.7840,27.9,1.670,33.58,3.99,-62,9.50,
2026-09-21T15:41:49,2,1.693,35.45,30.7830,27.9,1.669,33.52,3.98,-62,10.00,
2026-09-21T15:41:50,2,1.689,35.13,30.7750,27.9,1.675,33.97,3.95,-62,9.75,
2026-09-21T15:41:51,2,1.640,31.19,30.7830,27.9,1.664,33.13,4.03,-62,9.75,
2026-09-21T15:41:52,2,1.688,35.06,30.7830,27.9,1.669,33.52,3.98,-62,9.75,
2026-09-21T15:41:54,2,1.650,32.03,30.7820,27.9,1.674,33.90,3.99,-62,9.75,
2026-09-21T15:41:55,2,1.645,31.58,30.7710,27.9,1.664,33.13,4.03,-63,9.75,
2026-09-21T15:41:56,2,1.688,35.06,30.7680,27.9,1.679,34.35,3.94,-63,10.25,
2026-09-21T15:41:57,2,1.652,32.16,30.7830,27.9,1.671,33.64,3.99,-63,9.50,
2026-09-21T15:41:58,2,1.695,35.58,30.7800,27.9,1.667,33.39,3.98,-63,9.50,
2026-09-21T15:41:59,2,1.692,35.38,30.7900,27.9,1.674,33.90,3.95,-63,9.50,
2026-09-21T15:42:00,2,1.646,31.71,30.7950,27.9,1.664,33.13,4.03,-63,9.75,
2026-09-21T15:42:01,2,1.690,35.19,30.7900,27.9,1.669,33.52,3.99,-62,9.25,
2026-09-21T15:42:02,2,1.652,32.16,30.8000,27.9,1.670,33.58,3.99,-63,9.75,
2026-09-21T15:42:03,2,1.646,31.65,30.8000,27.9,1.663,33.06,4.02,-64,10.25,
2026-09-21T15:42:04,2,1.694,35.51,30.8080,27.9,1.677,34.16,3.94,-60,10.25,
2026-09-21T15:42:06,2,1.652,32.16,30.8140,27.9,1.670,33.58,3.99,-59,9.50,
2026-09-21T15:42:07,2,1.696,35.64,30.8190,27.9,1.671,33.71,3.99,-59,9.50,
2026-09-21T15:42:08,2,1.684,34.74,30.8150,27.9,1.673,33.84,3.95,-60,9.75,
2026-09-21T15:42:09,2,1.649,31.90,30.8150,27.9,1.664,33.13,4.02,-60,9.75,
2026-09-21T15:42:10,2,1.693,35.45,30.8180,27.9,1.671,33.64,3.98,-61,9.50,
2026-09-21T15:42:11,2,1.688,35.06,30.8160,27.9,1.676,34.10,3.95,-61,9.75,
2026-09-21T15:42:17,2,1.691,35.26,30.8080,27.9,1.675,33.97,3.95,-53,-0.50,
2026-09-21T15:42:18,2,1.647,31.77,30.8150,27.9,1.663,33.06,4.03,-55,1.25,
2026-09-21T15:42:19,2,1.692,35.38,30.8170,27.9,1.668,33.45,3.98,-53,2.75,
2026-09-21T15:42:20,2,1.689,35.13,30.8250,27.9,1.675,34.03,3.95,-61,10.25,
2026-09-21T15:42:21,2,1.647,31.77,30.8230,27.9,1.662,33.00,4.02,-61,9.75,
2026-09-21T15:42:22,2,1.693,35.45,30.8230,27.9,1.676,34.10,3.94,-61,10.00,
2026-09-21T15:42:23,2,1.650,31.97,30.8300,27.9,1.667,33.39,3.99,-60,9.25,
2026-09-21T15:42:24,2,1.636,30.87,30.8230,27.9,1.667,33.32,4.03,-61,9.50,
2026-09-21T15:42:25,2,1.692,35.32,30.8160,27.9,1.674,33.90,3.94,-61,10.00,
2026-09-21T15:42:26,2,1.650,32.03,30.8110,27.9,1.662,32.93,4.00,-61,9.75,
2026-09-21T15:42:27,2,1.691,35.26,30.8160,27.9,1.670,33.58,3.98,-61,9.50,
2026-09-21T15:42:29,2,1.687,35.00,30.8090,27.9,1.675,34.03,3.95,-61,9.75,
2026-09-21T15:42:30,2,1.645,31.58,30.8110,27.9,1.665,33.19,4.02,-61,9.75,
2026-09-21T15:42:31,2,1.689,35.13,30.8240,27.9,1.669,33.52,3.98,-61,9.50,
2026-09-21T15:42:32,2,1.651,32.10,30.8310,27.9,1.669,33.52,3.99,-61,9.25,
2026-09-21T15:42:33,2,1.646,31.71,30.8380,27.9,1.664,33.13,4.02,-61,9.75,
2026-09-21T15:42:34,2,1.692,35.38,30.8390,27.9,1.678,34.22,3.95,-60,9.75,
2026-09-21T15:42:35,2,1.652,32.16,30.8470,27.9,1.671,33.71,3.99,-59,9.25,
2026-09-21T15:42:36,2,1.676,34.10,30.8320,27.9,1.669,33.52,4.02,-60,10.00,
2026-09-21T15:42:37,2,1.690,35.19,30.8370,27.9,1.676,34.10,3.95,-60,9.75,
2026-09-21T15:42:38,2,1.650,32.03,30.8210,27.9,1.662,33.00,4.03,-60,10.00,
2026-09-21T15:42:39,2,1.692,35.32,30.8160,27.9,1.668,33.45,3.98,-60,9.75,
2026-09-21T15:42:41,2,1.689,35.13,30.8250,27.9,1.675,34.03,3.95,-60,9.75,
2026-09-21T15:42:42,2,1.648,31.84,30.8140,27.9,1.665,33.19,4.02,-60,10.25,
2026-09-21T15:42:43,2,1.693,35.45,30.8200,27.9,1.677,34.16,3.95,-60,9.75,
2026-09-21T15:42:44,2,1.652,32.16,30.8210,27.9,1.668,33.45,3.99,-60,10.25,
2026-09-21T15:42:45,2,1.646,31.71,30.8240,27.9,1.665,33.19,4.03,-60,9.50,
2026-09-21T15:42:46,2,1.691,35.26,30.8270,27.9,1.675,33.97,3.95,-60,10.00,
2026-09-21T15:42:47,2,1.646,31.65,30.8200,27.9,1.663,33.06,4.02,-60,9.75,
2026-09-21T15:42:48,2,1.696,35.64,30.8160,27.9,1.670,33.58,3.98,-60,9.75,
2026-09-21T15:42:49,2,1.690,35.19,30.8180,27.9,1.674,33.90,3.95,-59,9.25,
2026-09-21T15:42:50,2,1.646,31.65,30.8120,27.9,1.665,33.19,4.03,-59,9.50,
2026-09-21T15:42:51,2,1.693,35.45,30.8160,27.9,1.675,34.03,3.94,-60,10.00,
2026-09-21T15:42:53,2,1.651,32.10,30.8090,27.9,1.667,33.39,3.99,-60,9.25,
2026-09-21T15:42:54,2,1.647,31.77,30.8130,27.9,1.665,33.19,4.03,-61,9.75,
2026-09-21T15:42:55,2,1.687,34.93,30.8110,27.9,1.674,33.90,3.95,-62,9.75,
2026-09-21T15:43:00,2,1.696,35.64,30.8310,27.9,1.675,34.03,3.97,-52,0.75,
2026-09-21T15:43:01,2,1.652,32.16,30.8420,27.9,1.668,33.45,3.97,-52,0.00,
2026-09-21T15:43:02,2,1.647,31.77,30.8330,27.9,1.663,33.06,4.03,-53,1.00,
2026-09-21T15:43:03,2,1.692,35.32,30.8400,27.9,1.676,34.10,3.95,-61,10.00,
2026-09-21T15:43:05,2,1.652,32.16,30.8360,27.9,1.669,33.52,3.99,-60,9.50,
2026-09-21T15:43:06,2,1.695,35.58,30.8370,27.9,1.670,33.58,3.99,-60,9.50,
2026-09-21T15:43:07,2,1.693,35.45,30.8400,27.9,1.675,33.97,3.95,-60,9.50,
2026-09-21T15:43:08,2,1.646,31.71,30.8510,27.9,1.662,32.93,4.02,-61,10.00,
2026-09-21T15:43:09,2,1.692,35.38,30.8540,27.9,1.671,33.64,3.98,-59,9.50,
2026-09-21T15:43:10,2,1.690,35.19,30.8520,27.9,1.676,34.10,3.95,-61,10.00,
2026-09-21T15:43:11,2,1.649,31.90,30.8480,27.9,1.665,33.19,4.02,-60,10.00,
2026-09-21T15:43:12,2,1.695,35.58,30.8470,27.9,1.675,34.03,3.94,-60,10.00,
2026-09-21T15:43:13,2,1.653,32.23,30.8530,27.9,1.667,33.39,3.99,-60,9.50,
2026-09-21T15:43:14,2,1.646,31.71,30.8480,27.9,1.666,33.26,4.03,-60,9.75,
2026-09-21T15:43:16,2,1.692,35.38,30.8450,27.9,1.687,35.00,3.95,-60,10.00,
2026-09-21T15:43:17,2,1.649,31.90,30.8370,27.9,1.663,33.06,4.02,-60,10.25,
2026-09-21T15:43:18,2,1.694,35.51,30.8360,27.9,1.670,33.58,3.99,-61,9.50,
2026-09-21T15:43:19,2,1.688,35.06,30.8340,27.9,1.676,34.10,3.96,-60,10.00,
2026-09-21T15:43:20,2,1.645,31.58,30.8380,27.9,1.664,33.13,4.02,-59,10.00,
2026-09-21T15:43:21,2,1.696,35.64,30.8410,27.9,1.677,34.16,3.93,-60,9.75,
2026-09-21T15:43:22,2,1.651,32.10,30.8400,27.9,1.666,33.26,3.99,-60,9.25,
2026-09-21T15:43:23,2,1.646,31.65,30.8410,27.9,1.663,33.06,4.02,-61,9.75,
2026-09-21T15:43:24,2,1.691,35.26,30.8330,27.9,1.675,33.97,3.95,-60,9.75,
2026-09-21T15:43:25,2,1.646,31.71,30.8300,27.9,1.664,33.13,4.02,-60,9.50,
2026-09-21T15:43:26,2,1.696,35.71,30.8330,27.9,1.672,33.77,3.98,-60,9.50,
2026-09-21T15:43:28,2,1.690,35.19,30.8310,27.9,1.674,33.90,3.95,-61,9.75,
2026-09-21T15:43:29,2,1.645,31.58,30.8300,27.9,1.661,32.87,4.03,-61,9.50,
2026-09-21T15:43:30,2,1.696,35.64,30.8300,27.9,1.674,33.90,3.94,-60,10.50,
2026-09-21T15:43:31,2,1.653,32.23,30.8350,27.9,1.670,33.58,3.99,-61,9.50,
2026-09-21T15:43:32,2,1.645,31.58,30.8310,27.9,1.677,34.16,4.02,-60,9.75,
2026-09-21T15:43:33,2,1.696,35.64,30.8270,27.9,1.675,33.97,3.95,-60,9.50,
2026-09-21T15:43:34,2,1.646,31.65,30.8190,27.9,1.663,33.06,4.02,-59,11.75,
2026-09-21T15:43:35,2,1.699,35.90,30.8160,27.9,1.670,33.58,3.97,-59,10.00,
2026-09-21T15:43:36,2,1.690,35.19,30.8190,27.9,1.675,33.97,3.95,-59,9.50,
2026-09-21T15:43:37,2,1.646,31.71,30.8240,27.9,1.664,33.13,4.03,-59,9.00,
2026-09-21T15:43:38,2,1.696,35.64,30.8170,27.9,1.690,35.19,3.93,-59,9.25,
2026-09-21T15:43:44,2,1.647,31.77,30.8010,27.9,1.664,33.13,4.02,-52,3.25,
2026-09-21T15:43:45,2,1.696,35.64,30.7970,27.9,1.675,34.03,3.95,-52,3.25,
2026-09-21T15:43:46,2,1.645,31.58,30.8020,27.9,1.665,33.19,4.02,-53,3.00,
2026-09-21T15:43:47,2,1.692,35.32,30.8020,27.9,1.667,33.39,3.98,-59,9.50,
2026-09-21T15:43:48,2,1.689,35.13,30.7960,27.9,1.674,33.90,3.96,-60,9.75,
2026-09-21T15:43:49,2,1.648,31.84,30.8060,27.9,1.663,33.06,4.03,-60,9.50,
2026-09-21T15:43:50,2,1.695,35.58,30.8000,27.9,1.674,33.90,3.94,-60,9.75,
2026-09-21T15:43:52,2,1.652,32.16,30.8030,27.9,1.669,33.52,3.99,-60,9.25,
2026-09-21T15:43:53,2,1.649,31.90,30.7990,27.9,1.664,33.13,4.03,-60,9.50,
2026-09-21T15:43:54,2,1.688,35.06,30.8080,27.9,1.675,34.03,3.95,-60,9.75,
2026-09-21T15:43:55,2,1.645,31.58,30.8040,27.9,1.662,33.00,4.02,-59,9.50,
2026-09-21T15:43:56,2,1.695,35.58,30.7990,27.9,1.669,33.52,3.98,-59,9.75,
2026-09-21T15:43:57,2,1.687,35.00,30.7970,27.9,1.674,33.90,3.95,-60,9.75,
2026-09-21T15:43:58,2,1.646,31.71,30.7940,27.9,1.664,33.13,4.01,-59,11.25,
2026-09-21T15:43:59,2,1.696,35.71,30.7940,27.9,1.677,34.16,3.94,-59,10.25,
2026-09-21T15:44:00,2,1.651,32.10,30.7980,27.9,1.672,33.77,3.99,-60,9.25,
2026-09-21T15:44:01,2,1.646,31.65,30.8030,27.9,1.665,33.19,4.03,-60,9.50,
2026-09-21T15:44:03,2,1.691,35.26,30.8000,27.9,1.675,34.03,3.95,-60,10.00,
2026-09-21T15:44:04,2,1.645,31.58,30.7990,27.9,1.664,33.13,4.03,-59,9.50,
2026-09-21T15:44:05,2,1.696,35.71,30.7910,27.9,1.670,33.58,3.98,-59,9.50,
2026-09-21T15:44:06,2,1.691,35.26,30.7890,27.9,1.677,34.16,3.95,-59,10.00,
2026-09-21T15:44:07,2,1.646,31.71,30.7810,27.9,1.667,33.32,4.03,-60,9.75,
2026-09-21T15:44:08,2,1.697,35.77,30.7800,27.9,1.677,34.16,3.93,-59,10.00,
2026-09-21T15:44:09,2,1.650,32.03,30.7820,27.9,1.671,33.64,3.99,-59,9.25,
2026-09-21T15:44:10,2,1.646,31.65,30.7700,27.9,1.663,33.06,4.03,-60,9.50,
2026-09-21T15:44:11,2,1.692,35.32,30.7780,27.9,1.675,33.97,3.95,-59,9.75,
2026-09-21T15:44:12,2,1.647,31.77,30.7710,27.9,1.667,33.39,4.02,-59,9.50,
2026-09-21T15:44:13,2,1.698,35.84,30.7740,27.9,1.672,33.77,3.97,-60,10.00,
2026-09-21T15:44:15,2,1.692,35.32,30.7850,27.9,1.675,33.97,3.95,-59,9.75,
2026-09-21T15:44:16,2,1.644,31.52,30.7920,27.9,1.666,33.26,4.02,-60,10.25,
2026-09-21T15:44:17,2,1.698,35.84,30.7920,27.9,1.679,34.29,3.94,-59,10.25,
2026-09-21T15:44:18,2,1.650,32.03,30.7940,27.9,1.671,33.71,3.99,-59,9.25,
2026-09-21T15:44:19,2,1.646,31.71,30.7960,27.9,1.663,33.06,4.03,-60,9.75,
2026-09-21T15:44:20,2,1.691,35.26,30.7960,27.9,1.677,34.16,3.94,-59,10.00,
2026-09-21T15:44:21,2,1.645,31.58,30.7950,27.9,1.663,33.06,4.02,-60,9.75,
2026-09-21T15:44:22,2,1.646,31.65,30.7880,27.9,1.664,33.13,4.02,-60,9.75,
2026-09-21T15:44:23,2,1.692,35.38,30.7940,27.9,1.675,34.03,3.95,-59,9.75,
2026-09-21T15:44:31,2,1.643,31.45,30.8180,27.9,1.663,33.06,4.03,-53,5.75,
2026-09-21T15:44:32,2,1.691,35.26,30.8150,27.9,1.675,34.03,3.95,-60,10.00,
2026-09-21T15:44:33,2,1.646,31.65,30.8250,27.9,1.664,33.13,4.03,-60,9.75,
2026-09-21T15:44:34,2,1.694,35.51,30.8230,27.9,1.670,33.58,3.97,-60,10.50,
2026-09-21T15:44:35,2,1.704,36.35,30.8050,27.9,1.675,33.97,3.95,-59,9.50,
2026-09-21T15:44:37,2,1.692,35.38,30.8050,27.9,1.677,34.16,3.94,-59,9.75,
2026-09-21T15:44:39,2,1.650,31.97,30.8110,27.9,1.669,33.52,3.99,-59,9.25,
2026-09-21T15:44:40,2,1.646,31.65,30.8090,27.9,1.663,33.06,4.02,-61,9.75,
2026-09-21T15:44:41,2,1.692,35.32,30.8130,27.9,1.667,33.32,3.95,-59,10.00,
2026-09-21T15:44:42,2,1.646,31.65,30.8220,27.9,1.662,32.93,4.03,-60,9.25,
2026-09-21T15:44:43,2,1.709,36.74,30.8090,27.9,1.668,33.45,3.98,-59,9.75,
2026-09-21T15:44:44,2,1.688,35.06,30.8100,27.9,1.675,33.97,3.95,-59,9.75,
2026-09-21T15:44:45,2,1.646,31.71,30.8060,27.9,1.664,33.13,4.03,-60,9.75,
2026-09-21T15:44:46,2,1.696,35.71,30.8080,27.9,1.674,33.90,3.94,-60,10.00,
2026-09-21T15:44:47,2,1.650,31.97,30.8080,27.9,1.669,33.52,3.99,-59,9.75,
2026-09-21T15:44:48,2,1.646,31.71,30.8060,27.9,1.662,33.00,4.03,-60,9.50,
2026-09-21T15:44:49,2,1.693,35.45,30.8090,27.9,1.674,33.90,3.94,-60,10.00,
2026-09-21T15:44:51,2,1.646,31.65,30.8170,27.9,1.662,32.93,4.02,-60,9.75,
2026-09-21T15:44:52,2,1.695,35.58,30.8170,27.9,1.671,33.64,3.99,-60,9.50,
2026-09-21T15:44:53,2,1.691,35.26,30.8140,27.9,1.675,33.97,3.95,-59,9.50,
2026-09-21T15:44:54,2,1.645,31.58,30.8100,27.9,1.667,33.32,4.03,-60,9.75,
2026-09-21T15:44:55,2,1.700,35.96,30.8150,27.9,1.675,34.03,3.94,-60,10.25,
2026-09-21T15:44:56,2,1.687,35.00,30.8250,27.9,1.673,33.84,3.96,-59,9.75,
2026-09-21T15:44:57,2,1.647,31.77,30.8180,27.9,1.662,33.00,4.02,-60,10.00,
2026-09-21T15:44:58,2,1.691,35.26,30.8140,27.9,1.682,34.55,3.95,-60,9.75,
2026-09-21T15:44:59,2,1.646,31.71,30.8170,27.9,1.665,33.19,4.02,-60,9.75,
2026-09-21T15:45:00,2,1.646,31.65,30.8170,27.9,1.666,33.26,4.02,-60,10.25,
2026-09-21T15:45:02,2,1.692,35.38,30.8050,27.9,1.676,34.10,3.95,-59,9.75,
2026-09-21T15:45:03,2,1.645,31.58,30.8150,27.9,1.662,33.00,4.02,-60,10.00,
2026-09-21T15:45:04,2,1.700,36.03,30.8080,27.9,1.678,34.22,3.93,-60,9.50,
2026-09-21T15:45:05,2,1.693,35.45,30.8060,27.9,1.674,33.90,3.95,-60,10.00,
2026-09-21T15:45:06,2,1.646,31.71,30.8060,27.9,1.663,33.06,4.02,-59,9.50,
2026-09-21T15:45:07,2,1.694,35.51,30.8040,27.9,1.675,34.03,3.95,-59,9.50,
2026-09-21T15:45:16,2,1.694,35.51,30.8040,27.9,1.677,34.16,3.94,-59,10.00,
2026-09-21T15:45:17,2,1.650,32.03,30.8180,27.9,1.671,33.64,3.99,-60,9.50,
2026-09-21T15:45:18,2,1.645,31.58,30.8200,27.9,1.662,32.93,4.03,-60,9.50,
2026-09-21T15:45:19,2,1.692,35.38,30.8090,27.9,1.675,34.03,3.95,-60,9.75,
2026-09-21T15:45:20,2,1.647,31.77,30.8140,27.9,1.664,33.13,4.02,-59,9.75,
2026-09-21T15:45:21,2,1.698,35.84,30.8210,27.9,1.670,33.58,3.98,-59,9.25,
2026-09-21T15:45:22,2,1.691,35.26,30.8320,27.9,1.675,34.03,3.95,-60,9.50,
2026-09-21T15:45:23,2,1.646,31.71,30.8340,27.9,1.663,33.06,4.02,-59,9.50,
2026-09-21T15:45:24,2,1.695,35.58,30.8350,27.9,1.675,33.97,3.94,-59,10.00,
2026-09-21T15:45:26,2,1.651,32.10,30.8280,27.9,1.671,33.64,3.99,-59,9.75,
2026-09-21T15:45:27,2,1.646,31.65,30.8390,27.9,1.664,33.13,4.03,-60,10.25,
2026-09-21T15:45:28,2,1.693,35.45,30.8440,27.9,1.666,33.26,3.95,-60,9.75,
2026-09-21T15:45:29,2,1.648,31.84,30.8520,27.9,1.663,33.06,4.02,-60,10.25,
2026-09-21T15:45:30,2,1.699,35.90,30.8530,27.9,1.669,33.52,3.97,-60,10.25,
2026-09-21T15:45:31,2,1.692,35.38,30.8510,27.9,1.675,34.03,3.95,-60,9.75,
2026-09-21T15:45:32,2,1.645,31.58,30.8440,27.9,1.665,33.19,4.02,-59,10.00,
2026-09-21T15:45:33,2,1.697,35.77,30.8490,27.9,1.675,34.03,3.94,-59,10.00,
2026-09-21T15:45:34,2,1.651,32.10,30.8370,27.9,1.671,33.64,3.99,-60,9.50,
2026-09-21T15:45:35,2,1.647,31.77,30.8420,27.9,1.663,33.06,4.03,-60,9.50,
2026-09-21T15:45:36,2,1.692,35.38,30.8380,27.9,1.674,33.90,3.95,-60,9.75,
2026-09-21T15:45:38,2,1.648,31.84,30.8360,27.9,1.669,33.52,4.02,-60,9.75,
2026-09-21T15:45:39,2,1.646,31.71,30.8370,27.9,1.663,33.06,4.03,-60,9.25,
2026-09-21T15:45:40,2,1.692,35.32,30.8300,27.9,1.674,33.90,3.95,-60,9.50,
2026-09-21T15:45:41,2,1.647,31.77,30.8250,27.9,1.662,33.00,4.02,-60,10.25,
2026-09-21T15:45:42,2,1.696,35.71,30.8300,27.9,1.676,34.10,3.94,-60,10.50,
2026-09-21T15:45:43,2,1.689,35.13,30.8240,27.9,1.673,33.84,3.95,-59,10.00,
2026-09-21T15:45:44,2,1.646,31.71,30.8220,27.9,1.663,33.06,4.02,-59,9.75,
2026-09-21T15:45:45,2,1.692,35.38,30.8200,27.9,1.679,34.29,3.95,-60,9.75,
2026-09-21T15:45:46,2,1.645,31.58,30.8140,27.9,1.663,33.06,4.02,-60,10.50,
2026-09-21T15:45:49,2,1.690,35.19,30.8020,27.9,1.671,33.71,3.95,-60,9.50,
2026-09-21T15:45:50,2,1.645,31.58,30.7970,27.9,1.662,33.00,4.03,-58,10.00,
2026-09-21T15:45:51,2,1.703,36.22,30.7940,27.9,1.679,34.29,3.93,-60,9.75,
2026-09-21T15:45:57,2,1.689,35.13,0.0000,27.9,1.675,34.06,3.95,-49,-2.75,
2026-09-21T15:45:58,2,1.646,31.65,30.7730,27.9,1.666,33.26,0.00,-51,-1.75,
2026-09-21T15:45:59,2,1.704,36.35,30.7720,27.9,1.679,34.35,3.93,-60,9.50,
2026-09-21T15:46:01,2,1.689,35.13,30.7690,27.9,1.675,33.97,3.95,-60,9.75,
2026-09-21T15:46:02,2,1.646,31.65,30.7690,27.9,1.678,34.22,4.02,-60,10.50,
2026-09-21T15:46:03,2,1.699,35.90,30.7700,27.9,1.675,34.03,3.94,-59,10.25,
2026-09-21T15:46:04,2,1.646,31.65,30.7720,27.9,1.666,33.26,4.02,-59,10.00,
2026-09-21T15:46:05,2,1.646,31.71,30.7740,27.9,1.663,33.06,4.02,-59,9.75,
2026-09-21T15:46:06,2,1.695,35.58,30.7650,27.9,1.677,34.16,3.95,-60,9.75,
2026-09-21T15:46:07,2,1.646,31.71,30.7770,27.9,1.663,33.06,4.02,-60,9.75,
2026-09-21T15:46:08,2,1.668,33.45,30.7750,27.9,1.671,33.64,4.02,-60,10.00,
2026-09-21T15:46:09,2,1.688,35.06,30.7750,27.9,1.674,33.90,3.95,-59,10.00,
2026-09-21T15:46:10,2,1.644,31.52,30.7820,27.9,1.662,32.93,4.02,-59,9.75,
2026-09-21T15:46:11,2,1.696,35.71,30.7870,27.9,1.675,33.97,3.94,-59,10.00,
2026-09-21T15:46:13,2,1.692,35.38,30.7960,27.9,1.675,34.03,3.95,-60,9.75,
2026-09-21T15:46:14,2,1.647,31.77,30.7990,27.9,1.660,32.81,4.02,-60,9.75,
2026-09-21T15:46:15,2,1.694,35.51,30.8060,27.9,1.675,34.03,3.95,-60,9.75,
2026-09-21T15:46:16,2,1.648,31.84,30.8030,27.9,1.662,33.00,4.02,-59,9.75,
2026-09-21T15:46:17,2,1.646,31.71,30.8000,27.9,1.666,33.26,4.03,-60,9.75,
2026-09-21T15:46:18,2,1.692,35.32,30.8100,27.9,1.675,34.03,3.95,-59,9.25,
2026-09-21T15:46:19,2,1.646,31.65,30.8090,27.9,1.666,33.26,4.03,-60,9.50,
2026-09-21T15:46:20,2,1.696,35.71,30.8110,27.9,1.676,34.10,3.93,-59,10.00,
2026-09-21T15:46:21,2,1.692,35.38,30.8130,27.9,1.675,34.03,3.95,-60,9.75,
2026-09-21T15:46:22,2,1.645,31.58,30.8270,27.9,1.657,32.55,4.02,-60,10.00,
2026-09-21T15:46:23,2,1.694,35.51,30.8210,27.9,1.675,33.97,3.95,-60,9.50,
2026-09-21T15:46:25,2,1.646,31.65,30.8210,27.9,1.675,33.97,4.02,-59,9.75,
2026-09-21T15:46:26,2,1.646,31.71,30.8230,27.9,1.663,33.06,4.03,-60,9.50,
2026-09-21T15:46:27,2,1.692,35.32,30.8240,27.9,1.676,34.10,3.95,-59,10.00,
2026-09-21T15:46:28,2,1.646,31.65,30.8200,27.9,1.664,33.13,4.03,-59,9.50,
2026-09-21T15:46:29,2,1.702,36.16,30.8240,27.9,1.677,34.16,3.93,-59,10.00,
2026-09-21T15:46:30,2,1.691,35.26,30.8250,27.9,1.675,34.03,3.95,-60,9.75,
2026-09-21T15:46:31,2,1.646,31.65,30.8240,27.9,1.662,32.93,4.02,-59,9.50,
2026-09-21T15:46:32,2,1.686,34.87,30.8230,27.9,1.675,33.97,3.95,-65,9.75,
2026-09-21T15:46:33,2,1.647,31.77,30.8080,27.9,1.663,33.06,4.02,-64,9.50,
2026-09-21T15:46:34,2,1.648,31.84,30.8070,27.9,1.667,33.32,4.02,-64,10.00,
2026-09-21T15:46:42,2,1.644,31.52,30.8000,27.9,1.662,33.80,0.00,-50,-1.00,
2026-09-21T15:46:43,2,1.647,31.77,30.7880,27.9,1.662,33.00,4.02,-61,9.75,
2026-09-21T15:46:44,2,1.690,35.19,30.7910,27.9,1.675,34.03,3.94,-61,10.00,
2026-09-21T15:46:45,2,1.646,31.71,30.7970,27.9,1.662,33.00,4.02,-64,10.00,
2026-09-21T15:46:46,2,1.672,33.77,30.7910,27.9,1.677,34.16,3.97,-61,10.00,
2026-09-21T15:46:48,2,1.691,35.26,30.7970,27.9,1.678,34.22,3.96,-60,10.00,
2026-09-21T15:46:49,2,1.647,31.77,30.7950,27.9,1.662,33.00,4.02,-66,9.75,
2026-09-21T15:46:50,2,1.696,35.71,30.7890,27.9,1.675,34.03,3.94,-64,10.00,
2026-09-21T15:46:51,2,1.686,34.87,30.7920,27.9,1.668,33.45,3.99,-62,9.50,
2026-09-21T15:46:52,2,1.646,31.65,30.7920,27.9,1.663,33.06,4.02,-66,9.75,
2026-09-21T15:46:53,2,1.693,35.45,30.7950,27.9,1.674,33.90,3.93,-61,9.50,
2026-09-21T15:46:54,2,1.645,31.58,30.7990,27.9,1.662,33.00,4.02,-61,10.00,
2026-09-21T15:46:55,2,1.650,31.97,30.7930,27.9,1.671,33.64,3.99,-61,9.50,
2026-09-21T15:46:56,2,1.688,35.06,30.7920,27.9,1.672,33.77,3.95,-62,9.75,
2026-09-21T15:46:57,2,1.646,31.65,30.7840,27.9,1.664,33.13,4.02,-62,10.00,
2026-09-21T15:46:58,2,1.707,36.55,30.7780,27.9,1.678,34.22,3.93,-62,9.75,
2026-09-21T15:47:00,2,1.693,35.45,30.7760,27.9,1.671,33.64,3.95,-62,10.00,
2026-09-21T15:47:01,2,1.645,31.58,30.7770,27.9,1.662,33.00,4.03,-63,9.75,
2026-09-21T15:47:02,2,1.695,35.58,30.7720,27.9,1.679,34.29,3.95,-63,9.25,
2026-09-21T15:47:03,2,1.644,31.52,30.7760,27.9,1.663,33.06,4.03,-63,9.75,
2026-09-21T15:47:04,2,1.644,31.52,30.7740,27.9,1.661,32.87,4.02,-62,10.00,
2026-09-21T15:47:05,2,1.694,35.51,30.7780,27.9,1.675,33.97,3.95,-62,9.75,
2026-09-21T15:47:06,2,1.645,31.58,30.7740,27.9,1.662,33.00,4.02,-62,10.25,
2026-09-21T15:47:07,2,1.701,36.09,30.7760,27.9,1.675,34.03,3.93,-62,9.50,
2026-09-21T15:47:08,2,1.690,35.19,30.7720,27.9,1.675,34.03,3.96,-62,9.75,
2026-09-21T15:47:09,2,1.645,31.58,30.7730,27.9,1.664,33.13,4.02,-62,10.00,
2026-09-21T15:47:10,2,1.694,35.51,30.7700,27.9,1.676,34.10,3.94,-62,10.00,
2026-09-21T15:47:12,2,1.645,31.58,30.7760,27.9,1.664,33.13,4.02,-63,10.25,
2026-09-21T15:47:13,2,1.649,31.90,30.7770,27.9,1.667,33.32,4.02,-61,10.00,
2026-09-21T15:47:14,2,1.691,35.26,30.7710,27.9,1.673,33.84,3.95,-62,9.75,
2026-09-21T15:47:15,2,1.646,31.65,30.7770,27.9,1.663,33.06,4.02,-66,10.25,
2026-09-21T15:47:16,2,1.707,36.55,30.7770,27.9,1.675,34.03,3.93,-64,9.75,
2026-09-21T15:47:17,2,1.689,35.13,30.7820,27.9,1.674,33.90,3.95,-64,9.25,
2026-09-21T15:47:18,2,1.646,31.65,30.7920,27.9,1.662,33.00,4.02,-64,9.50,
2026-09-21T15:47:19,2,1.695,35.58,30.8010,27.9,1.676,34.10,3.94,-65,12.25,
2026-09-21T15:47:27,2,1.646,31.65,30.7990,27.9,1.665,33.19,4.00,-55,6.00,
2026-09-21T15:47:28,2,1.712,36.93,30.7990,27.9,1.675,34.03,3.94,-65,10.00,
2026-09-21T15:47:29,2,1.684,34.74,30.7950,27.9,1.670,33.58,3.99,-65,9.25,
2026-09-21T15:47:30,2,1.646,31.71,30.7900,27.9,1.663,33.06,4.03,-65,9.50,
2026-09-21T15:47:31,2,1.695,35.58,30.7970,27.9,1.675,34.03,3.95,-65,9.25,
2026-09-21T15:47:32,2,1.646,31.65,30.8030,27.9,1.664,33.13,4.02,-65,9.75,
2026-09-21T15:47:33,2,1.654,32.35,30.8070,27.9,1.675,33.97,3.97,-62,10.00,
2026-09-21T15:47:35,2,1.691,35.26,30.8040,27.9,1.673,33.84,3.95,-66,9.75,
2026-09-21T15:47:36,2,1.646,31.65,30.8080,27.9,1.662,32.93,4.02,-64,10.00,
2026-09-21T15:47:37,2,1.702,36.16,30.8070,27.9,1.675,34.03,3.94,-65,9.75,
2026-09-21T15:47:38,2,1.687,34.93,30.8060,27.9,1.670,33.58,3.98,-65,10.00,
2026-09-21T15:47:39,2,1.646,31.71,30.8050,27.9,1.662,33.00,4.02,-65,9.50,
2026-09-21T15:47:40,2,1.695,35.58,30.8060,27.9,1.676,34.10,3.94,-65,10.25,
2026-09-21T15:47:41,2,1.647,31.77,30.8060,27.9,1.662,33.00,4.02,-66,9.50,
2026-09-21T15:47:42,2,1.641,31.26,30.8100,27.9,1.668,33.45,4.03,-65,9.50,
2026-09-21T15:47:43,2,1.690,35.19,30.8200,27.9,1.675,33.97,3.95,-65,9.50,
2026-09-21T15:47:44,2,1.645,31.58,30.8250,27.9,1.662,33.00,4.02,-65,9.50,
2026-09-21T15:47:45,2,1.706,36.48,30.8210,27.9,1.677,34.16,3.93,-64,9.25,
2026-09-21T15:47:47,2,1.692,35.32,30.8200,27.9,1.675,33.97,3.95,-64,9.25,
2026-09-21T15:47:48,2,1.646,31.71,30.8230,27.9,1.663,33.06,4.02,-65,9.75,
2026-09-21T15:47:49,2,1.695,35.58,30.8290,27.9,1.674,33.90,3.94,-64,10.00,
2026-09-21T15:47:50,2,1.643,31.45,30.8380,27.9,1.664,33.13,4.02,-65,9.75,
2026-09-21T15:47:51,2,1.646,31.71,30.8350,27.9,1.662,32.93,4.02,-65,9.75,
2026-09-21T15:47:52,2,1.690,35.19,30.8210,27.9,1.674,33.90,3.95,-64,9.25,
2026-09-21T15:47:53,2,1.644,31.52,30.8270,27.9,1.662,32.93,4.02,-62,9.75,
2026-09-21T15:47:54,2,1.694,35.51,30.8250,27.9,1.675,34.03,3.96,-61,9.75,
2026-09-21T15:47:55,2,1.689,35.13,30.8280,27.9,1.674,33.90,3.94,-63,10.75,
2026-09-21T15:47:56,2,1.646,31.71,30.8140,27.9,1.661,32.87,4.03,-61,9.75,
2026-09-21T15:47:57,2,1.696,35.64,30.8050,27.9,1.676,34.10,3.94,-61,10.00,
2026-09-21T15:47:59,2,1.684,34.74,30.8020,27.9,1.670,33.58,3.98,-63,10.00,
2026-09-21T15:48:00,2,1.646,31.71,30.8110,27.9,1.663,33.06,4.02,-61,9.75,
2026-09-21T15:48:01,2,1.692,35.38,30.8090,27.9,1.673,33.84,3.95,-61,9.75,
2026-09-21T15:48:02,2,1.646,31.71,30.8020,27.9,1.671,33.71,4.02,-63,9.75,
2026-09-21T15:48:03,2,1.663,33.06,30.8020,27.9,1.670,33.58,3.98,-64,9.75,
2026-09-21T15:48:08,2,1.646,31.71,30.8260,27.9,1.663,33.06,4.02,-56,2.00,
2026-09-21T15:48:11,2,1.645,31.58,30.8180,27.9,1.662,32.93,4.02,-52,2.75,10
2026-09-21T15:48:12,2,1.651,32.10,30.8220,27.9,1.672,33.77,3.97,-59,10.00,
2026-09-21T15:48:13,2,1.691,35.26,30.8130,27.9,1.675,34.03,3.95,-59,9.25,
2026-09-21T15:48:14,2,1.645,31.58,30.8080,27.9,1.664,33.13,4.02,-59,10.25,
2026-09-21T15:48:15,2,1.705,36.42,30.8010,27.9,1.680,34.42,3.93,-58,10.00,
2026-09-21T15:48:16,2,1.685,34.80,30.8130,27.9,1.667,33.32,3.99,-58,9.00,
2026-09-21T15:48:17,2,1.645,31.58,30.8030,27.9,1.663,33.06,4.02,-64,9.75,
2026-09-21T15:48:18,2,1.696,35.71,30.8050,27.9,1.676,34.10,3.95,-62,10.25,
2026-09-21T15:48:19,2,1.646,31.65,30.7910,27.9,1.663,33.06,4.02,-59,9.75,
2026-09-21T15:48:20,2,1.654,32.29,30.7960,27.9,1.673,33.84,3.97,-59,10.25,
2026-09-21T15:48:22,2,1.688,35.06,30.8040,27.9,1.675,33.97,3.95,-66,10.25,
2026-09-21T15:48:23,2,1.645,31.58,30.7970,27.9,1.663,33.06,4.02,-70,9.50,
2026-09-21T15:48:24,2,1.697,35.77,30.7950,27.9,1.676,34.10,3.93,-76,9.00,
2026-09-21T15:48:25,2,1.687,34.93,30.7950,27.9,1.671,33.71,3.98,-73,9.50,
2026-09-21T15:48:26,2,1.650,32.03,30.7920,27.9,1.663,33.06,4.02,-72,9.50,
2026-09-21T15:48:27,2,1.700,35.96,30.7880,27.9,1.678,34.22,3.94,-66,10.00,
2026-09-21T15:48:28,2,1.687,34.93,30.7900,27.9,1.666,33.26,3.99,-61,9.75,
2026-09-21T15:48:29,2,1.651,32.10,30.7960,27.9,1.670,33.58,3.99,-62,9.75,
2026-09-21T15:48:30,2,1.696,35.71,30.8720,27.9,1.679,34.35,3.95,-60,9.75,
2026-09-21T15:48:31,2,1.650,32.03,31.0260,27.9,1.667,33.32,4.02,-59,10.00,
2026-09-21T15:48:32,2,1.657,32.55,31.0870,27.9,1.669,33.52,3.98,-64,9.25,
2026-09-21T15:48:34,2,1.695,35.58,31.1420,27.9,1.675,33.97,3.95,-57,9.75,
2026-09-21T15:48:35,2,1.652,32.16,31.2020,27.9,1.661,32.87,4.02,-59,9.75,
2026-09-21T15:48:36,2,1.704,36.35,31.2430,27.9,1.681,34.48,3.94,-59,10.50,
2026-09-21T15:48:37,2,1.693,35.45,31.2930,27.9,1.687,35.00,3.99,-59,9.75,
2026-09-21T15:48:38,2,1.654,32.29,31.3360,27.9,1.672,33.77,4.02,-60,10.25,
2026-09-21T15:48:39,2,1.700,35.96,31.3840,27.9,1.683,34.61,3.94,-59,9.75,
2026-09-21T15:48:40,2,1.655,32.42,31.4250,27.9,1.671,33.64,4.02,-60,10.00,
2026-09-21T15:48:41,2,1.662,33.00,31.4600,27.9,1.680,34.42,3.98,-59,9.75,
2026-09-21T15:48:42,2,1.703,36.22,31.4940,27.9,1.688,35.06,3.95,-60,9.75,
2026-09-21T15:48:43,2,1.655,32.42,31.5550,27.9,1.672,33.77,4.02,-60,10.00,11
2026-09-21T15:48:44,2,1.711,36.87,31.5840,27.9,1.690,35.19,3.94,-59,10.25,
2026-09-21T15:48:46,2,1.692,35.38,31.6070,27.9,1.679,34.29,3.98,-59,9.75,
2026-09-21T15:48:47,2,1.657,32.55,31.6330,27.9,1.677,34.16,4.03,-60,9.25,
2026-09-21T15:48:52,2,1.654,32.35,31.5390,27.9,1.672,33.77,4.02,-53,7.00,
2026-09-21T15:48:53,2,1.713,37.06,31.5210,27.9,1.684,34.74,3.94,-53,6.75,
2026-09-21T15:48:54,2,1.691,35.26,31.4980,27.9,1.676,34.10,3.99,-53,7.50,
2026-09-21T15:48:55,2,1.652,32.16,31.4610,27.9,1.671,33.64,4.02,-59,10.00,
2026-09-21T15:48:56,2,1.703,36.22,31.4500,27.9,1.684,34.74,3.94,-59,9.75,
2026-09-21T15:48:58,2,1.654,32.29,31.4440,27.9,1.677,34.16,4.03,-59,9.50,
2026-09-21T15:48:59,2,1.660,32.81,31.4310,27.9,1.679,34.29,3.97,-57,10.50,
2026-09-21T15:49:00,2,1.699,35.90,31.4140,27.9,1.681,34.48,3.95,-58,10.00,
2026-09-21T15:49:01,2,1.658,32.61,31.4180,27.9,1.671,33.64,4.02,-60,9.75,
2026-09-21T15:49:02,2,1.658,32.61,31.4040,27.9,1.677,34.16,3.98,-61,10.00,
2026-09-21T15:49:03,2,1.690,35.19,31.4060,27.9,1.676,34.10,3.98,-60,10.25,
2026-09-21T15:49:04,2,1.654,32.35,31.4040,27.9,1.675,34.03,4.03,-59,9.50,
2026-09-21T15:49:05,2,1.703,36.22,31.4010,27.9,1.683,34.61,3.94,-59,10.50,
2026-09-21T15:49:06,2,1.694,35.51,31.3990,27.9,1.673,33.84,3.99,-58,9.25,
2026-09-21T15:49:07,2,1.661,32.87,31.4040,27.9,1.679,34.35,3.97,-59,10.25,
2026-09-21T15:49:09,2,1.699,35.90,31.4060,27.9,1.680,34.42,3.95,-58,9.75,
2026-09-21T15:49:10,2,1.654,32.29,31.4080,27.9,1.671,33.71,4.02,-58,10.25,
2026-09-21T15:49:11,2,1.658,32.61,31.4080,27.9,1.677,34.16,3.98,-57,10.00,
2026-09-21T15:49:12,2,1.692,35.38,31.4080,27.9,1.674,33.90,3.97,-60,10.00,
2026-09-21T15:49:13,2,1.654,32.29,31.4000,27.9,1.674,33.90,4.02,-66,10.00,
2026-09-21T15:49:14,2,1.704,36.35,31.4010,27.9,1.683,34.68,3.94,-64,10.00,
2026-09-21T15:49:15,2,1.690,35.19,31.3940,27.9,1.675,34.03,3.99,-63,10.25,
2026-09-21T15:49:16,2,1.654,32.35,31.3950,27.9,1.672,33.77,4.02,-64,9.75,
2026-09-21T15:49:17,2,1.700,35.96,31.3860,27.9,1.682,34.55,3.95,-62,10.25,
2026-09-21T15:49:18,2,1.654,32.35,31.3910,27.9,1.671,33.64,4.02,-61,10.25,
2026-09-21T15:49:19,2,1.659,32.74,31.3930,27.9,1.677,34.16,3.98,-61,10.00,
2026-09-21T15:49:21,2,1.697,35.77,31.3820,27.9,1.683,34.61,3.95,-62,9.75,
2026-09-21T15:49:22,2,1.651,32.10,31.3920,27.9,1.671,33.71,4.02,-60,10.00,
2026-09-21T15:49:23,2,1.708,36.61,31.3910,27.9,1.682,34.55,3.94,-60,9.75,
2026-09-21T15:49:24,2,1.692,35.32,31.3870,27.9,1.678,34.22,3.99,-61,9.25,
2026-09-21T15:49:25,2,1.653,32.23,31.3890,27.9,1.671,33.64,4.02,-59,9.75,
2026-09-21T15:49:26,2,1.700,36.03,31.3880,27.9,1.673,33.84,3.95,-58,9.50,
2026-09-21T15:49:27,2,1.652,32.16,31.3990,27.9,1.671,33.71,4.03,-59,9.50,
2026-09-21T15:49:28,2,1.658,32.61,31.3930,27.9,1.677,34.16,3.98,-58,10.00,
2026-09-21T15:49:29,2,1.696,35.64,31.3980,27.9,1.680,34.42,3.95,-59,9.50,
2026-09-21T15:49:30,2,1.655,32.42,31.3890,26.9,1.670,33.58,4.03,-60,9.75,
2026-09-21T15:49:37,2,1.659,0.00,31.0000,27.9,1.000,34.35,3.00,-49,-2.50,
2026-09-21T15:49:39,2,1.650,32.03,31.3880,27.9,1.671,33.64,4.02,-61,9.75,
2026-09-21T15:49:40,2,1.678,34.22,31.3960,27.9,1.683,34.68,3.99,-59,9.25,
2026-09-21T15:49:41,2,1.691,35.26,31.4000,27.9,1.675,34.03,3.99,-59,9.00,
2026-09-21T15:49:42,2,1.654,32.29,31.3910,27.9,1.671,33.64,4.02,-60,9.75,
2026-09-21T15:49:43,2,1.704,36.29,31.3860,27.9,1.683,34.61,3.94,-60,10.25,
2026-09-21T15:49:45,2,1.691,35.26,31.3880,27.9,1.674,33.90,3.99,-60,9.25,
2026-09-21T15:49:46,2,1.659,32.74,31.3870,27.9,1.679,34.29,3.97,-59,10.25,
2026-09-21T15:49:47,2,1.699,35.90,31.3750,26.9,1.680,34.42,3.94,-59,10.00,
2026-09-21T15:49:48,2,1.653,32.23,31.3840,27.9,1.672,33.77,4.02,-60,10.25,
2026-09-21T15:49:49,2,1.655,32.42,31.3770,27.9,1.677,34.16,3.98,-59,9.50,
2026-09-21T15:49:50,2,1.693,35.45,31.3790,27.9,1.675,33.97,3.95,-58,9.50,
2026-09-21T15:49:51,2,1.654,32.35,31.3720,27.9,1.670,33.58,4.02,-59,9.25,
2026-09-21T15:49:52,2,1.704,36.35,31.3680,26.9,1.682,34.55,3.94,-60,10.00,
2026-09-21T15:49:53,2,1.691,35.26,31.3600,27.9,1.676,34.10,3.99,-59,9.50,
2026-09-21T15:49:54,2,1.652,32.16,31.3590,27.9,1.671,33.71,4.02,-59,10.75,
2026-09-21T15:49:56,2,1.699,35.90,31.3610,26.9,1.683,34.61,3.95,-59,9.75,
2026-09-21T15:49:57,2,1.654,32.29,31.3550,26.9,1.670,33.58,4.02,-59,9.75,
2026-09-21T15:49:58,2,1.660,32.81,31.3550,27.9,1.675,34.03,3.98,-59,9.50,
2026-09-21T15:49:59,2,1.696,35.71,31.3530,26.9,1.675,34.03,3.95,-59,9.50,
2026-09-21T15:50:00,2,1.653,32.23,31.3450,26.9,1.670,33.58,4.02,-60,9.50,
2026-09-21T15:50:01,2,1.708,36.61,31.3460,27.9,1.683,34.61,3.94,-59,9.50,
2026-09-21T15:50:02,2,1.692,35.32,31.3460,27.9,1.675,34.03,3.98,-60,10.00,
2026-09-21T15:50:03,2,1.654,32.29,31.3410,26.9,1.671,33.71,4.02,-59,9.50,
2026-09-21T15:50:04,2,1.701,36.09,31.3480,26.9,1.678,34.22,3.95,-58,9.50,
2026-09-21T15:50:05,2,1.653,32.23,31.3470,26.9,1.670,33.58,4.02,-59,9.50,
2026-09-21T15:50:06,2,1.658,32.68,31.3570,27.9,1.677,34.16,3.98,-59,10.25,
2026-09-21T15:50:08,2,1.694,35.51,31.3510,26.9,1.681,34.48,3.95,-59,9.50,
2026-09-21T15:50:09,2,1.653,32.23,31.3580,26.9,1.673,33.84,4.02,-59,9.50,
2026-09-21T15:50:10,2,1.712,36.93,31.3600,26.9,1.687,34.93,3.93,-59,9.50,
2026-09-21T15:50:11,2,1.691,35.26,31.3540,26.9,1.676,34.10,3.98,-58,9.50,
2026-09-21T15:50:12,2,1.652,32.16,31.3560,26.9,1.670,33.58,4.02,-59,9.50,
2026-09-21T15:50:13,2,1.703,36.22,31.3560,26.9,1.682,34.55,3.94,-59,9.75,
2026-09-21T15:50:14,2,1.654,32.29,31.3630,26.9,1.672,33.77,4.02,-59,9.75,
2026-09-21T15:50:15,2,1.660,32.81,31.3620,26.9,1.679,34.35,3.98,-57,10.00,
2026-09-21T15:50:21,2,1.654,32.29,31.3490,26.9,1.671,33.64,4.03,-54,6.50,
2026-09-21T15:50:22,2,1.704,36.35,31.3550,27.9,1.682,34.55,3.95,-52,4.25,
2026-09-21T15:50:23,2,1.690,35.19,31.3560,27.9,1.675,34.03,3.99,-52,8.25,
2026-09-21T15:50:24,2,1.661,32.87,31.3540,26.9,1.679,34.35,3.97,-58,10.00,
2026-09-21T15:50:25,2,1.696,35.71,31.3460,26.9,1.682,34.55,3.95,-59,9.25,
2026-09-21T15:50:26,2,1.654,32.29,31.3400,26.9,1.673,33.84,4.02,-59,10.00,
2026-09-21T15:50:27,2,1.658,32.68,31.3490,27.9,1.680,34.42,3.98,-58,10.00,
2026-09-21T15:50:28,2,1.694,35.51,31.3490,27.9,1.677,34.16,3.95,-59,9.50,
2026-09-21T15:50:29,2,1.650,32.03,31.3330,27.9,1.671,33.71,4.02,-59,9.75,
2026-09-21T15:50:30,2,1.704,36.35,31.3420,27.9,1.685,34.80,3.94,-59,9.75,
2026-09-21T15:50:32,2,1.692,35.38,31.3350,26.9,1.676,34.10,3.99,-58,9.50,
2026-09-21T15:50:33,2,1.654,32.29,31.3370,26.9,1.673,33.84,4.02,-59,10.25,
2026-09-21T15:50:34,2,1.701,36.09,31.3350,26.9,1.680,34.42,3.94,-59,9.75,
2026-09-21T15:50:35,2,1.653,32.23,31.3400,26.9,1.671,33.64,4.02,-59,10.00,
2026-09-21T15:50:36,2,1.659,32.74,31.3340,26.9,1.676,34.10,3.97,-58,9.75,
2026-09-21T15:50:37,2,1.696,35.71,31.3400,26.9,1.674,33.90,3.95,-59,10.00,
2026-09-21T15:50:38,2,1.654,32.29,31.3490,26.9,1.671,33.64,4.02,-60,9.75,
2026-09-21T15:50:39,2,1.706,36.48,31.3480,26.9,1.683,34.68,3.93,-59,9.25,
2026-09-21T15:50:40,2,1.685,34.80,31.3550,26.9,1.675,33.97,3.98,-59,9.50,
2026-09-21T15:50:41,2,1.653,32.23,31.3610,26.9,1.671,33.64,4.02,-60,10.00,
2026-09-21T15:50:42,2,1.700,36.03,31.3570,26.9,1.683,34.68,3.95,-60,9.50,
2026-09-21T15:50:44,2,1.653,32.23,31.3630,27.9,1.671,33.64,4.02,-60,10.25,
2026-09-21T15:50:45,2,1.658,32.68,31.3640,26.9,1.678,34.22,3.98,-60,10.00,
2026-09-21T15:50:46,2,1.697,35.77,31.3750,27.9,1.683,34.61,3.95,-60,9.75,
2026-09-21T15:50:47,2,1.649,31.90,31.3750,27.9,1.672,33.77,4.02,-60,9.50,
2026-09-21T15:50:48,2,1.712,36.93,31.3710,27.9,1.683,34.61,3.93,-59,9.75,
2026-09-21T15:50:49,2,1.692,35.38,31.3650,27.9,1.674,33.90,3.98,-59,10.00,
2026-09-21T15:50:50,2,1.653,32.23,31.3680,27.9,1.671,33.64,4.02,-60,10.00,
2026-09-21T15:50:51,2,1.700,36.03,31.3710,27.9,1.684,34.74,3.94,-60,10.00,
2026-09-21T15:50:52,2,1.652,32.16,31.3710,26.9,1.672,33.77,4.02,-61,9.75,
2026-09-21T15:50:53,2,1.660,32.81,31.3780,27.9,1.679,34.29,3.97,-61,9.75,
2026-09-21T15:50:55,2,1.700,35.96,31.3710,27.9,1.683,34.68,3.95,-61,9.75,
2026-09-21T15:50:56,2,1.651,32.10,31.3710,26.9,1.669,33.52,4.02,-61,10.00,
2026-09-21T15:50:57,2,1.659,32.74,31.3710,27.9,1.680,34.42,3.98,-60,9.75,
2026-09-21T15:50:58,2,1.691,35.26,31.3700,27.9,1.675,33.97,3.98,-60,9.75,
2026-09-21T15:50:59,2,1.652,32.16,31.3710,27.9,1.672,33.77,4.02,-60,9.75,
2026-09-21T15:51:04,2,1.652,32.16,31.3790,27.9,1.673,33.84,4.02,-50,-0.75,
2026-09-21T15:51:07,2,1.696,35.71,31.3740,27.9,1.675,34.03,3.99,-50,0.50,
2026-09-21T15:51:08,2,1.652,32.16,31.3760,27.9,1.671,33.64,4.02,-59,9.75,
2026-09-21T15:51:09,2,1.706,36.48,31.3900,27.9,1.685,34.80,3.93,-59,9.50,
2026-09-21T15:51:10,2,1.702,36.16,31.3860,27.9,1.676,34.10,3.99,-58,9.50,
2026-09-21T15:51:11,2,1.653,32.23,31.3800,27.9,1.671,33.64,4.02,-61,9.75,
2026-09-21T15:51:12,2,1.698,35.84,31.3840,27.9,1.681,34.48,3.94,-60,10.50,
2026-09-21T15:51:13,2,1.653,32.23,31.3890,27.9,1.671,33.71,4.02,-60,10.00,
2026-09-21T15:51:14,2,1.660,32.81,31.3900,27.9,1.673,33.84,3.98,-59,10.00,
2026-09-21T15:51:15,2,1.699,35.90,31.3960,27.9,1.681,34.48,3.95,-59,10.00,
2026-09-21T15:51:16,2,1.656,32.48,31.3990,27.9,1.671,33.64,4.02,-60,9.75,
2026-09-21T15:51:17,2,1.709,36.74,31.4010,27.9,1.684,34.74,3.93,-60,10.00,
2026-09-21T15:51:19,2,1.702,36.16,31.4010,27.9,1.680,34.42,3.98,-59,9.50,
2026-09-21T15:51:20,2,1.653,32.23,31.4020,26.9,1.671,33.64,4.02,-60,9.75,
2026-09-21T15:51:21,2,1.700,35.96,31.4020,26.9,1.683,34.61,3.94,-60,10.25,
2026-09-21T15:51:22,2,1.654,32.29,31.3840,26.9,1.670,33.58,4.02,-60,10.00,
2026-09-21T15:51:23,2,1.658,32.68,31.3830,26.9,1.679,34.35,3.97,-60,10.25,
2026-09-21T15:51:24,2,1.697,35.77,31.3850,27.9,1.686,34.87,3.95,-60,9.75,
2026-09-21T15:51:25,2,1.653,32.23,31.3800,27.9,1.669,33.52,4.02,-60,9.75,
2026-09-21T15:51:26,2,1.710,36.80,31.3790,27.9,1.682,34.55,3.93,-60,9.50,
2026-09-21T15:51:27,2,1.690,35.19,31.3880,27.9,1.676,34.10,3.97,-60,10.50,
2026-09-21T15:51:28,2,1.656,32.48,31.3870,26.9,1.671,33.71,4.02,-59,10.00,
2026-09-21T15:51:29,2,1.706,36.48,31.3990,27.9,1.686,34.87,3.94,-60,10.25,
2026-09-21T15:51:31,2,1.691,35.26,31.4000,26.9,1.674,33.90,3.98,-59,9.75,
2026-09-21T15:51:32,2,1.662,32.93,31.3980,26.9,1.678,34.22,3.98,-60,10.25,
2026-09-21T15:51:33,2,1.700,36.03,31.3950,26.9,1.681,34.48,3.95,-59,9.50,
2026-09-21T15:51:34,2,1.653,32.23,31.3960,26.9,1.671,33.71,4.02,-59,9.75,
2026-09-21T15:51:35,2,1.660,32.81,31.4010,26.9,1.669,33.52,3.98,-59,9.50,
2026-09-21T15:51:36,2,1.690,35.19,31.3970,26.9,1.675,34.03,3.99,-59,9.50,
2026-09-21T15:51:37,2,1.652,32.16,31.3950,26.9,1.671,33.64,4.02,-60,9.75,
2026-09-21T15:51:38,2,1.704,36.35,31.3880,26.9,1.682,34.55,3.94,-59,10.00,
2026-09-21T15:51:39,2,1.692,35.38,31.3870,26.9,1.673,33.84,3.98,-60,9.75,
2026-09-21T15:51:40,2,1.659,32.74,31.3840,26.9,1.679,34.29,3.97,-63,10.00,
2026-09-21T15:51:42,2,1.700,36.03,31.3970,26.9,1.674,33.90,3.94,-61,10.00,
2026-09-21T15:51:43,2,1.654,32.29,31.3990,26.9,1.672,33.77,4.02,-61,9.75,
2026-09-21T15:51:51,2,1.654,32.29,31.3760,26.9,1.672,33.77,4.02,-63,10.25,
2026-09-21T15:51:52,2,1.657,32.55,31.3750,26.9,1.676,34.10,3.98,-64,9.25,
2026-09-21T15:51:54,2,1.696,35.71,31.3730,26.9,1.682,34.55,3.95,-64,9.75,
2026-09-21T15:51:55,2,1.650,32.03,31.3750,26.9,1.669,33.52,4.02,-63,10.50,
2026-09-21T15:51:56,2,1.709,36.74,31.3810,26.9,1.685,34.80,3.93,-63,10.00,
2026-09-21T15:51:57,2,1.692,35.38,31.3870,26.9,1.676,34.10,3.98,-63,10.00,
2026-09-21T15:51:58,2,1.651,32.10,31.3980,26.9,1.671,33.71,4.02,-63,9.75,
2026-09-21T15:51:59,2,1.702,36.16,31.3960,26.9,1.683,34.61,3.94,-63,10.00,
2026-09-21T15:52:00,2,1.656,32.48,31.4080,26.9,1.671,33.71,4.02,-63,10.25,
2026-09-21T15:52:01,2,1.663,33.06,31.4120,26.9,1.677,34.16,3.97,-63,10.00,
2026-09-21T15:52:02,2,1.701,36.09,31.4090,26.9,1.683,34.68,3.95,-61,9.75,
2026-09-21T15:52:03,2,1.652,32.16,31.4160,26.9,1.670,33.58,4.02,-64,9.75,
2026-09-21T15:52:04,2,1.691,35.26,31.4220,26.9,1.682,34.55,3.98,-63,10.00,
2026-09-21T15:52:06,2,1.692,35.32,31.4180,26.9,1.677,34.16,3.98,-61,9.75,
2026-09-21T15:52:07,2,1.655,32.42,31.4160,26.9,1.670,33.58,4.02,-62,10.00,
2026-09-21T15:52:08,2,1.706,36.48,31.4170,26.9,1.683,34.68,3.94,-61,9.75,
2026-09-21T15:52:09,2,1.693,35.45,31.4180,26.9,1.678,34.22,3.98,-61,9.75,
2026-09-21T15:52:10,2,1.660,32.81,31.4180,26.9,1.679,34.29,3.97,-61,10.00,
2026-09-21T15:52:11,2,1.700,36.03,31.4120,26.9,1.682,34.55,3.94,-62,10.00,
2026-09-21T15:52:12,2,1.654,32.29,31.4100,26.9,1.683,34.68,4.02,-63,10.00,
2026-09-21T15:52:13,2,1.659,32.74,31.4130,26.9,1.676,34.10,3.98,-61,10.00,
2026-09-21T15:52:14,2,1.690,35.19,31.4090,26.9,1.679,34.29,3.98,-62,9.75,
2026-09-21T15:52:16,2,1.707,36.55,31.3930,26.9,1.686,34.87,3.94,-63,9.75,
2026-09-21T15:52:18,2,1.700,35.96,31.3900,26.9,1.675,34.03,3.98,-63,9.75,
2026-09-21T15:52:19,2,1.660,32.81,31.3870,26.9,1.681,34.48,3.97,-62,10.00,
2026-09-21T15:52:20,2,1.700,35.96,31.3840,26.9,1.683,34.61,3.94,-62,10.50,
2026-09-21T15:52:21,2,1.653,32.23,31.3830,26.9,1.671,33.71,4.02,-62,10.25,
2026-09-21T15:52:22,2,1.660,32.81,31.3760,26.9,1.678,34.22,3.98,-62,9.75,
2026-09-21T15:52:23,2,1.693,35.45,31.3680,26.9,1.676,34.10,3.98,-62,9.50,
2026-09-21T15:52:24,2,1.654,32.29,31.3700,26.9,1.673,33.84,4.02,-62,10.00,
2026-09-21T15:52:25,2,1.711,36.87,31.3660,26.9,1.683,34.61,3.93,-62,9.50,
2026-09-21T15:52:26,2,1.692,35.38,31.3750,26.9,1.675,34.03,3.98,-62,10.00,
2026-09-21T15:52:27,2,1.650,32.03,31.3840,26.9,1.668,33.45,4.02,-62,10.25,
2026-09-21T15:52:32,2,1.706,36.48,31.3760,26.9,1.683,34.68,3.94,-54,4.50,
2026-09-21T15:52:33,2,1.654,32.35,31.3820,26.9,1.670,33.58,4.01,-54,6.00,
2026-09-21T15:52:34,2,1.700,35.96,31.3910,26.9,1.682,34.55,3.95,-53,5.25,
2026-09-21T15:52:35,2,1.692,35.32,31.3860,26.9,1.678,34.22,3.99,-54,8.75,
2026-09-21T15:52:36,2,1.654,32.35,31.3820,26.9,1.671,33.64,4.02,-59,10.00,
2026-09-21T15:52:37,2,1.704,36.29,31.3860,26.9,1.683,34.61,3.94,-59,10.00,
2026-09-21T15:52:38,2,1.689,35.13,31.3900,26.9,1.678,34.22,3.99,-59,9.50,
2026-09-21T15:52:39,2,1.659,32.74,31.3840,26.9,1.677,34.16,3.98,-59,9.75,
2026-09-21T15:52:41,2,1.698,35.84,31.3850,26.9,1.679,34.35,3.95,-60,9.75,
2026-09-21T15:52:42,2,1.657,32.55,31.3900,26.9,1.668,33.45,4.02,-59,9.75,
2026-09-21T15:52:43,2,1.657,32.55,31.3920,26.9,1.677,34.16,3.98,-59,9.75,
2026-09-21T15:52:44,2,1.694,35.51,31.3890,26.9,1.680,34.42,3.98,-59,10.00,
2026-09-21T15:52:45,2,1.653,32.23,31.3910,26.9,1.671,33.71,4.02,-59,10.50,
2026-09-21T15:52:46,2,1.704,36.35,31.3850,26.9,1.679,34.35,3.94,-59,10.00,
2026-09-21T15:52:47,2,1.691,35.26,31.3830,26.9,1.676,34.10,3.98,-59,10.00,
2026-09-21T15:52:48,2,1.661,32.87,31.3860,26.9,1.678,34.22,3.97,-61,10.00,
2026-09-21T15:52:49,2,1.700,36.03,31.3760,26.9,1.681,34.48,3.95,-59,10.00,
2026-09-21T15:52:50,2,1.654,32.35,31.3840,26.9,1.673,33.84,4.02,-59,10.50,
2026-09-21T15:52:53,2,1.692,35.38,31.3810,26.9,1.676,34.10,3.99,-60,9.75,
2026-09-21T15:52:54,2,1.657,32.55,31.3750,26.9,1.671,33.64,4.02,-61,9.50,
2026-09-21T15:52:55,2,1.709,36.74,31.3810,26.9,1.684,34.74,3.93,-62,10.25,
2026-09-21T15:52:56,2,1.690,35.19,31.3800,26.9,1.673,33.84,3.98,-61,10.25,
2026-09-21T15:52:57,2,1.659,32.74,31.3810,26.9,1.679,34.35,3.98,-61,9.50,
2026-09-21T15:52:58,2,1.702,36.16,31.3700,26.9,1.684,34.74,3.95,-61,10.00,
2026-09-21T15:52:59,2,1.651,32.10,31.3730,26.9,1.671,33.64,4.02,-62,10.00,
2026-09-21T15:53:00,2,1.659,32.74,31.3700,26.9,1.678,34.22,3.98,-60,10.00,
2026-09-21T15:53:01,2,1.687,34.93,31.3680,26.9,1.679,34.35,3.98,-61,9.75,
2026-09-21T15:53:02,2,1.654,32.29,31.3620,26.9,1.671,33.64,4.02,-61,9.50,
2026-09-21T15:53:03,2,1.710,36.80,31.3670,26.9,1.683,34.68,3.93,-62,9.75,
2026-09-21T15:53:05,2,1.692,35.38,31.3620,26.9,1.677,34.16,3.99,-61,9.75,
2026-09-21T15:53:06,2,1.654,32.35,31.3640,26.9,1.674,33.90,4.02,-61,10.00,
2026-09-21T15:53:07,2,1.700,36.03,31.3670,26.9,1.679,34.29,3.95,-62,9.75,
2026-09-21T15:53:08,2,1.652,32.16,31.3600,26.9,1.671,33.71,4.02,-63,10.00,
2026-09-21T15:53:09,2,1.660,32.81,31.3690,26.9,1.678,34.22,3.98,-62,10.00,
2026-09-21T15:53:10,2,1.698,35.84,31.3650,26.9,1.680,34.42,3.94,-62,10.50,
2026-09-21T15:53:11,2,1.654,32.35,31.3640,26.9,1.669,33.52,4.02,-63,11.25,
2026-09-21T15:53:17,2,1.690,35.19,31.3850,26.9,1.676,34.10,3.98,-55,1.00,
2026-09-21T15:53:18,2,1.658,32.61,31.3910,26.9,1.676,34.10,3.97,-55,2.00,
2026-09-21T15:53:19,2,1.697,35.77,31.3880,26.9,1.681,34.48,3.94,-55,3.75,
2026-09-21T15:53:20,2,1.654,32.29,31.3880,26.9,1.670,33.58,4.02,-62,9.75,
2026-09-21T15:53:21,2,1.658,32.61,31.3910,26.9,1.677,34.16,3.98,-62,10.00,
2026-09-21T15:53:22,2,1.691,35.26,31.3930,26.9,1.678,34.22,3.98,-62,10.00,
2026-09-21T15:53:23,2,1.653,32.23,31.3980,26.9,1.671,33.71,4.02,-62,10.00,
2026-09-21T15:53:24,2,1.707,36.55,31.3950,26.9,1.685,34.80,3.93,-62,9.50,
2026-09-21T15:53:25,2,1.690,35.19,31.4000,26.9,1.675,34.03,3.98,-62,10.00,
2026-09-21T15:53:26,2,1.661,32.87,31.3950,26.9,1.678,34.22,3.97,-62,10.25,
2026-09-21T15:53:28,2,1.700,35.96,31.3960,26.9,1.681,34.48,3.94,-62,10.50,
2026-09-21T15:53:29,2,1.650,32.03,31.3940,26.9,1.668,33.45,4.02,-61,9.75,
2026-09-21T15:53:30,2,1.661,32.87,31.3960,26.9,1.675,33.97,3.98,-63,9.50,
2026-09-21T15:53:32,2,1.653,32.23,31.3940,26.9,1.671,33.71,4.03,-60,9.50,
2026-09-21T15:53:33,2,1.704,36.35,31.3860,26.9,1.683,34.68,3.93,-63,9.50,
2026-09-21T15:53:34,2,1.690,35.19,31.3770,26.9,1.676,34.10,3.99,-63,9.75,
2026-09-21T15:53:35,2,1.662,32.93,31.3730,26.9,1.677,34.16,3.97,-62,10.00,
2026-09-21T15:53:36,2,1.699,35.90,31.3730,26.9,1.683,34.61,3.94,-63,10.25,
2026-09-21T15:53:37,2,1.646,31.65,31.3630,26.9,1.673,33.84,4.02,-62,9.75,
2026-09-21T15:53:38,2,1.659,32.74,31.3590,26.9,1.676,34.10,3.98,-62,10.50,
2026-09-21T15:53:40,2,1.692,35.38,31.3660,26.9,1.674,33.90,3.98,-62,9.75,
2026-09-21T15:53:41,2,1.654,32.35,31.3580,26.9,1.668,33.45,4.02,-62,10.25,
2026-09-21T15:53:42,2,1.711,36.87,31.3640,26.9,1.683,34.68,3.94,-62,10.00,
2026-09-21T15:53:43,2,1.692,35.32,31.3590,26.9,1.674,33.90,3.98,-62,9.75,
2026-09-21T15:53:44,2,1.654,32.29,31.3560,26.9,1.671,33.71,4.02,-62,9.50,
2026-09-21T15:53:45,2,1.702,36.16,31.3570,26.9,1.682,34.55,3.93,-62,9.50,
2026-09-21T15:53:46,2,1.692,35.32,31.3530,26.9,1.675,34.03,3.99,-62,9.75,
2026-09-21T15:53:47,2,1.658,32.68,31.3530,26.9,1.679,34.29,3.98,-61,9.75,
2026-09-21T15:53:48,2,1.696,35.71,31.3490,26.9,1.680,34.42,3.95,-61,9.75,
2026-09-21T15:53:49,2,1.652,32.16,31.3420,26.9,1.669,33.52,4.02,-62,9.75,
2026-09-21T15:53:50,2,1.658,32.61,31.3370,26.9,1.678,34.22,3.98,-61,10.00,
2026-09-21T15:53:53,2,1.654,32.35,31.3310,26.9,1.670,33.58,4.02,-62,10.00,
2026-09-21T15:53:54,2,1.704,36.29,31.3400,26.9,1.682,34.55,3.94,-62,9.75,
2026-09-21T15:53:55,2,1.689,35.13,31.3400,26.9,1.675,33.97,3.98,-62,10.00,
2026-09-21T15:54:00,2,1.692,35.32,31.3290,26.9,1.675,34.03,3.98,-55,0.50,
2026-09-21T15:54:01,2,1.653,32.23,31.3370,26.9,1.671,33.64,4.02,-53,-0.75,
2026-09-21T15:54:02,2,1.706,36.48,31.3380,26.9,1.683,34.68,3.00,-53,0.00,
2026-09-21T15:54:04,2,1.691,35.26,31.3410,26.9,1.675,33.97,3.98,-63,9.50,
2026-09-21T15:54:05,2,1.657,32.55,31.3320,26.9,1.680,34.42,3.97,-61,10.00,
2026-09-21T15:54:06,2,1.699,35.90,31.3290,26.9,1.682,34.55,3.94,-60,11.25,
2026-09-21T15:54:07,2,1.652,32.16,31.3270,26.9,1.671,33.64,4.02,-60,10.00,
2026-09-21T15:54:09,2,1.694,35.51,31.3400,26.9,1.668,33.45,3.98,-60,9.50,
2026-09-21T15:54:10,2,1.651,32.10,31.3390,26.9,1.670,33.58,4.02,-60,9.75,
2026-09-21T15:54:11,2,1.708,36.67,31.3390,26.9,1.683,34.68,3.93,-59,9.75,
2026-09-21T15:54:12,2,1.689,35.13,31.3450,26.9,1.676,34.10,3.99,-62,9.75,
2026-09-21T15:54:13,2,1.661,32.87,31.3440,26.9,1.677,34.16,3.97,-59,10.25,
2026-09-21T15:54:15,2,1.703,36.22,31.3500,26.9,1.683,34.68,3.94,-60,10.00,
2026-09-21T15:54:16,2,1.657,32.55,31.3560,26.9,1.668,33.45,4.02,-60,9.50,
2026-09-21T15:54:18,2,1.692,35.32,31.3730,26.9,1.676,34.10,3.98,-60,9.75,
2026-09-21T15:54:19,2,1.654,32.29,31.3750,26.9,1.668,33.45,4.02,-60,10.00,
2026-09-21T15:54:20,2,1.657,32.55,31.3780,26.9,1.675,34.03,3.98,-60,9.50,
2026-09-21T15:54:21,2,1.692,35.38,31.3780,26.9,1.675,33.97,3.98,-59,9.75,
2026-09-21T15:54:22,2,1.660,32.81,31.3710,26.9,1.691,35.26,3.97,-60,10.25,
2026-09-21T15:54:23,2,1.706,36.48,31.3680,26.9,1.683,34.68,3.93,-60,9.50,
2026-09-21T15:54:24,2,1.685,34.80,31.3730,26.9,1.678,34.22,3.98,-60,9.75,
2026-09-21T15:54:25,2,1.659,32.74,31.3750,26.9,1.679,34.29,3.98,-60,9.75,
2026-09-21T15:54:27,2,1.695,35.58,31.3780,26.9,1.675,34.03,3.98,-59,9.50,
2026-09-21T15:54:28,2,1.654,32.29,31.3790,26.9,1.670,33.58,4.02,-60,9.75,
2026-09-21T15:54:29,2,1.658,32.61,31.3730,26.9,1.675,34.03,3.98,-59,9.75,
2026-09-21T15:54:30,2,1.693,35.45,31.3710,26.9,1.675,34.03,3.98,-59,10.00,
2026-09-21T15:54:31,2,1.653,32.23,31.3770,26.9,1.670,33.58,4.02,-60,10.00,
2026-09-21T15:54:32,2,1.710,36.80,31.3690,26.9,1.681,34.48,3.93,-60,9.75,
2026-09-21T15:54:33,2,1.692,35.32,31.3690,26.9,1.675,34.03,3.98,-60,9.75,
2026-09-21T15:54:34,2,1.658,32.68,31.3710,26.9,1.676,34.10,3.98,-60,9.50,
2026-09-21T15:54:35,2,1.696,35.71,31.3670,26.9,1.682,34.55,3.94,-60,9.75,
2026-09-21T15:54:36,2,1.653,32.23,31.3590,26.9,1.669,33.52,4.02,-60,9.50,
2026-09-21T15:54:37,2,1.658,32.68,31.3540,26.9,1.676,34.10,3.98,-60,9.75,
2026-09-21T15:54:39,2,1.693,35.45,31.3580,26.9,1.686,34.87,3.98,-60,9.75,
2026-09-21T15:54:44,2,1.701,36.09,31.3620,26.9,1.682,34.55,3.94,-53,0.25,
2026-09-21T15:54:45,2,1.652,32.16,31.3690,26.9,1.671,33.71,4.02,-54,2.75,
2026-09-21T15:54:46,2,1.667,33.39,31.3670,26.9,1.675,34.03,3.97,-54,2.50,
2026-09-21T15:54:47,2,1.693,35.45,31.3620,26.9,1.676,34.10,3.98,-64,9.75,
2026-09-21T15:54:48,2,1.654,32.29,31.3690,26.9,1.670,33.58,4.02,-62,10.25,
2026-09-21T15:54:49,2,1.711,36.87,31.3760,26.9,1.682,34.55,3.93,-61,9.50,
2026-09-21T15:54:51,2,1.702,36.16,31.3770,26.9,1.675,33.97,3.98,-61,9.50,
2026-09-21T15:54:52,2,1.658,32.61,31.3850,26.9,1.679,34.35,3.97,-61,10.25,
2026-09-21T15:54:53,2,1.703,36.22,31.3780,26.9,1.680,34.42,3.94,-60,12.25,
2026-09-21T15:54:54,2,1.674,33.90,31.3790,26.9,1.670,33.58,3.98,-60,9.75,
2026-09-21T15:54:55,2,1.658,32.61,31.3730,26.9,1.675,33.97,3.98,-61,10.00,
2026-09-21T15:54:56,2,1.694,35.51,31.3780,26.9,1.675,34.03,3.98,-61,9.75,
2026-09-21T15:54:57,2,1.654,32.29,31.3750,26.9,1.674,33.90,4.02,-63,10.25,
2026-09-21T15:54:58,2,1.657,32.55,31.3750,26.9,1.675,34.03,3.98,-61,9.50,
2026-09-21T15:55:00,2,1.658,32.68,31.3720,26.9,1.679,34.35,3.98,-61,9.75,
2026-09-21T15:55:02,2,1.706,36.48,31.3660,26.9,1.683,34.68,3.94,-61,10.25,
2026-09-21T15:55:03,2,1.692,35.38,31.3630,26.9,1.675,34.03,3.98,-60,9.75,
2026-09-21T15:55:04,2,1.660,32.81,31.3720,26.9,1.678,34.22,3.97,-61,10.25,
2026-09-21T15:55:05,2,1.698,35.84,31.3710,26.9,1.675,33.97,3.94,-61,10.00,
2026-09-21T15:55:06,2,1.654,32.35,31.3730,26.9,1.671,33.64,4.03,-61,9.25,
2026-09-21T15:55:07,2,1.657,32.55,31.3760,26.9,1.676,34.10,3.97,-61,10.75,
2026-09-21T15:55:08,2,1.691,35.26,31.3780,26.9,1.675,34.03,3.98,-62,10.00,
2026-09-21T15:55:09,2,1.652,32.16,31.3720,26.9,1.671,33.64,4.02,-63,10.25,
2026-09-21T15:55:10,2,1.711,36.87,31.3680,26.9,1.683,34.68,3.94,-62,10.25,
2026-09-21T15:55:11,2,1.692,35.38,31.3730,26.9,1.675,33.97,3.98,-61,9.75,
2026-09-21T15:55:12,2,1.658,32.61,31.3780,26.9,1.679,34.29,3.98,-61,9.75,
2026-09-21T15:55:14,2,1.700,35.96,31.3790,26.9,1.679,34.35,3.94,-61,10.00,
2026-09-21T15:55:15,2,1.654,32.35,31.3800,26.9,1.671,33.64,4.01,-62,10.00,
2026-09-21T15:55:16,2,1.658,32.61,31.3700,26.9,1.679,34.35,3.98,-62,9.75,
2026-09-21T15:55:17,2,1.692,35.32,31.3740,26.9,1.675,34.03,3.98,-61,9.75,
2026-09-21T15:55:18,2,1.652,32.16,31.3790,26.9,1.670,33.58,4.02,-61,10.25,
2026-09-21T15:55:19,2,1.708,36.61,31.3820,26.9,1.683,34.68,3.93,-62,9.75,
2026-09-21T15:55:20,2,1.693,35.45,31.3870,26.9,1.675,33.97,3.98,-62,10.00,
2026-09-21T15:55:21,2,1.660,32.81,31.3800,26.9,1.677,34.16,3.97,-62,10.00,
2026-09-21T15:55:22,2,1.703,36.22,31.3800,26.9,1.681,34.48,3.94,-62,10.25,
2026-09-21T15:55:23,2,1.652,32.16,31.3730,26.9,1.670,33.58,4.01,-64,10.00,
2026-09-21T15:55:28,2,1.708,36.61,31.3710,26.9,1.682,34.55,3.93,-58,10.25,
2026-09-21T15:55:29,2,1.692,35.38,31.3670,26.9,1.675,33.97,3.98,-55,3.75,
2026-09-21T15:55:30,2,1.661,32.87,31.3720,26.9,1.679,34.35,3.97,-55,6.50,
2026-09-21T15:55:31,2,1.703,36.22,31.3640,26.9,1.682,34.55,3.94,-57,8.25,11
2026-09-21T15:55:32,2,1.679,34.35,31.3640,26.9,1.681,34.48,3.98,-59,9.75,
2026-09-21T15:55:33,2,1.659,32.74,31.3650,26.9,1.677,34.16,3.98,-60,9.75,
2026-09-21T15:55:34,2,1.695,35.58,31.3650,26.9,1.675,34.03,3.98,-59,9.50,
2026-09-21T15:55:35,2,1.654,32.29,31.3790,26.9,1.669,33.52,4.02,-59,9.75,
2026-09-21T15:55:36,2,1.658,32.68,31.3770,26.9,1.676,34.10,3.98,-64,9.50,
2026-09-21T15:55:38,2,1.692,35.38,31.3680,26.9,1.677,34.16,3.98,-56,9.75,
2026-09-21T15:55:39,2,1.658,32.68,31.3670,26.9,1.676,34.10,4.00,-64,9.50,
2026-09-21T15:55:40,2,1.704,36.29,31.3610,26.9,1.671,33.64,3.94,-59,9.75,
2026-09-21T15:55:41,2,1.691,35.26,31.3650,26.9,1.675,33.97,3.98,-63,10.25,
2026-09-21T15:55:42,2,1.659,32.74,31.3600,26.9,1.677,34.16,3.98,-64,10.00,
2026-09-21T15:55:43,2,1.698,35.84,31.3600,26.9,1.682,34.55,3.94,-69,10.00,
2026-09-21T15:55:44,2,1.653,32.23,31.3700,26.9,1.668,33.45,4.01,-70,9.75,
2026-09-21T15:55:45,2,1.660,32.81,31.3680,26.9,1.678,34.22,3.98,-66,10.00,
2026-09-21T15:55:46,2,1.693,35.45,31.3660,26.9,1.674,33.90,3.99,-66,9.50,
2026-09-21T15:55:47,2,1.652,32.16,31.3530,26.9,1.669,33.52,4.02,-66,9.75,
2026-09-21T15:55:48,2,1.706,36.48,31.3580,26.9,1.684,34.74,3.94,-68,10.75,
2026-09-21T15:55:50,2,1.692,35.38,31.3620,26.9,1.679,34.35,3.98,-66,12.00,
2026-09-21T15:55:51,2,1.662,32.93,31.4290,26.9,1.676,34.10,3.97,-66,10.25,
2026-09-21T15:55:52,2,1.703,36.22,31.4900,26.9,1.677,34.16,3.94,-66,9.50,
2026-09-21T15:55:53,2,1.658,32.68,31.5440,26.9,1.675,34.03,4.02,-66,9.75,
2026-09-21T15:55:54,2,1.668,33.45,31.5960,26.9,1.683,34.68,3.98,-73,9.50,
2026-09-21T15:55:55,2,1.703,36.22,31.6620,26.9,1.686,34.87,3.98,-68,9.75,
2026-09-21T15:55:57,2,1.720,37.58,31.8620,26.9,1.690,35.19,3.94,-62,10.25,
2026-09-21T15:55:58,2,1.703,36.22,31.9580,26.9,1.687,34.93,3.98,-63,9.75,
2026-09-21T15:55:59,2,1.671,33.64,32.1000,26.9,1.687,34.93,3.97,-67,10.75,
2026-09-21T15:56:01,2,1.713,37.06,32.1610,26.9,1.695,35.58,3.95,-68,9.75,
2026-09-21T15:56:02,2,1.667,33.32,32.2190,26.9,1.687,34.93,4.02,-68,10.00,
2026-09-21T15:56:03,2,1.674,33.90,32.2800,26.9,1.692,35.38,3.98,-65,10.00,
2026-09-21T15:56:04,2,1.704,36.35,32.3350,26.9,1.690,35.19,3.98,-59,9.75,
2026-09-21T15:56:05,2,1.667,33.32,32.3940,26.9,1.686,34.87,4.02,-62,10.50,
2026-09-21T15:56:06,2,1.726,38.09,32.4450,26.9,1.700,36.03,3.93,-60,9.75,
2026-09-21T15:56:07,2,1.706,36.48,32.0000,2.0,1.000,35.00,3.98,-59,3.50,
2026-09-21T15:56:16,2,1.705,36.42,32.5420,26.9,1.689,35.13,3.98,-59,9.50,12
2026-09-21T15:56:17,2,1.673,33.84,32.4970,26.9,1.692,35.38,3.98,-61,9.75,
2026-09-21T15:56:18,2,1.716,37.25,32.4540,26.9,1.696,35.64,3.93,-62,10.25,
2026-09-21T15:56:19,2,1.700,36.03,32.4230,26.9,1.689,35.13,3.98,-59,9.50,
2026-09-21T15:56:20,2,1.673,33.84,32.4010,26.9,1.688,35.06,3.98,-61,10.00,
2026-09-21T15:56:21,2,1.711,36.87,32.3850,26.9,1.689,35.13,3.94,-62,10.75,
2026-09-21T15:56:22,2,1.673,33.84,32.3650,26.9,1.682,34.55,4.02,-62,10.00,
2026-09-21T15:56:23,2,1.671,33.71,32.3540,26.9,1.690,35.19,3.98,-60,9.75,
2026-09-21T15:56:25,2,1.703,36.22,32.3440,26.9,1.687,35.00,3.98,-62,9.75,
2026-09-21T15:56:26,2,1.663,33.06,32.3470,26.9,1.683,34.61,4.02,-60,10.00,
2026-09-21T15:56:27,2,1.707,36.55,32.3500,26.9,1.698,35.84,3.93,-62,10.00,
2026-09-21T15:56:28,2,1.702,36.16,32.3460,26.9,1.688,35.06,3.98,-59,10.00,
2026-09-21T15:56:29,2,1.671,33.71,32.3420,26.9,1.688,35.06,3.98,-57,9.50,
2026-09-21T15:56:30,2,1.712,37.00,32.3370,26.9,1.695,35.58,3.94,-62,9.75,
2026-09-21T15:56:31,2,1.665,33.19,32.3420,26.9,1.683,34.61,4.02,-64,9.75,
2026-09-21T15:56:32,2,1.674,33.90,32.3340,26.9,1.688,35.06,3.98,-61,9.75,
2026-09-21T15:56:33,2,1.702,36.16,32.3250,26.9,1.689,35.13,3.98,-60,9.75,
2026-09-21T15:56:34,2,1.663,33.06,32.3140,26.9,1.685,34.80,4.01,-61,9.75,
2026-09-21T15:56:35,2,1.720,37.58,32.3060,26.9,1.697,35.77,3.93,-62,9.75,
2026-09-21T15:56:37,2,1.700,36.03,32.2990,26.9,1.687,34.93,3.98,-63,9.75,
2026-09-21T15:56:38,2,1.686,34.87,32.2920,26.9,1.691,35.26,3.98,-64,9.75,
2026-09-21T15:56:39,2,1.716,37.32,32.2940,26.9,1.693,35.45,3.94,-63,10.00,
2026-09-21T15:56:40,2,1.666,33.26,32.2940,26.9,1.682,34.55,4.02,-67,9.75,
2026-09-21T15:56:41,2,1.672,33.77,32.2930,26.9,1.690,35.19,3.97,-66,10.50,
2026-09-21T15:56:42,2,1.703,36.22,32.2860,26.9,1.687,35.00,3.98,-67,9.75,
2026-09-21T15:56:43,2,1.662,32.93,32.2810,26.9,1.683,34.68,4.02,-65,9.50,
2026-09-21T15:56:45,2,1.697,35.77,32.2770,26.9,1.687,35.00,3.98,-63,10.00,
2026-09-21T15:56:46,2,1.672,33.77,32.2660,26.9,1.688,35.06,3.97,-63,10.00,
2026-09-21T15:56:48,2,1.714,37.13,32.2600,26.9,1.696,35.64,3.94,-62,10.00,
2026-09-21T15:56:49,2,1.699,35.90,32.2630,26.9,1.687,35.00,3.98,-62,9.50,
2026-09-21T15:56:50,2,1.671,33.64,32.2550,26.9,1.692,35.32,3.98,-62,10.00,
2026-09-21T15:56:51,2,1.705,36.42,32.2440,26.9,1.687,35.00,3.96,-62,9.75,
2026-09-21T15:57:00,2,1.701,36.09,32.2590,26.9,1.688,35.06,3.97,-65,10.00,
2026-09-21T15:57:01,2,1.664,33.13,32.2670,26.9,1.682,34.55,4.02,-66,10.00,
2026-09-21T15:57:02,2,1.671,33.64,32.2740,26.9,1.691,35.26,3.98,-65,9.50,
2026-09-21T15:57:03,2,1.700,36.03,32.2760,26.9,1.690,35.19,3.98,-65,9.75,
2026-09-21T15:57:04,2,1.669,33.52,32.2720,26.9,1.690,35.19,4.02,-64,9.50,
2026-09-21T15:57:05,2,1.718,37.45,32.2760,26.9,1.696,35.64,3.93,-64,9.50,
2026-09-21T15:57:06,2,1.702,36.16,32.2800,26.9,1.688,35.06,3.99,-63,9.75,
2026-09-21T15:57:07,2,1.671,33.71,32.2730,26.9,1.689,35.13,3.98,-60,10.00,
2026-09-21T15:57:08,2,1.715,37.19,32.2800,26.9,1.695,35.58,3.94,-62,9.75,
2026-09-21T15:57:09,2,1.664,33.13,32.2840,26.9,1.681,34.48,4.02,-63,9.75,
2026-09-21T15:57:10,2,1.659,32.74,32.2860,26.9,1.691,35.26,3.98,-62,10.00,
2026-09-21T15:57:12,2,1.700,36.03,32.2780,26.9,1.687,35.00,3.97,-61,10.25,
2026-09-21T15:57:13,2,1.666,33.26,32.2830,26.9,1.683,34.61,4.02,-64,10.00,
2026-09-21T15:57:14,2,1.717,37.38,32.2770,26.9,1.696,35.71,3.94,-62,9.75,
2026-09-21T15:57:15,2,1.700,35.96,32.2740,26.9,1.688,35.06,3.98,-66,9.25,
2026-09-21T15:57:16,2,1.671,33.64,32.2790,26.9,1.686,34.87,3.98,-63,9.50,
2026-09-21T15:57:17,2,1.712,36.93,32.2770,26.9,1.692,35.38,3.94,-64,10.00,
2026-09-21T15:57:18,2,1.701,36.09,32.2670,26.9,1.686,34.87,3.98,-63,10.00,
2026-09-21T15:57:19,2,1.670,33.58,32.2700,26.9,1.690,35.19,3.98,-64,9.25,
2026-09-21T15:57:20,2,1.704,36.29,32.2590,26.9,1.689,35.13,3.98,-63,9.25,
2026-09-21T15:57:21,2,1.662,32.93,32.2410,26.9,1.683,34.61,4.02,-66,9.50,
2026-09-21T15:57:22,2,1.671,33.64,32.2330,26.9,1.688,35.06,3.98,-64,9.25,
2026-09-21T15:57:24,2,1.702,36.16,32.2300,26.9,1.690,35.19,3.98,-63,9.50,
2026-09-21T15:57:25,2,1.671,33.64,32.2210,26.9,1.690,35.19,3.97,-60,10.50,
2026-09-21T15:57:26,2,1.716,37.25,32.2180,26.9,1.697,35.77,3.94,-60,10.00,
2026-09-21T15:57:27,2,1.700,36.03,32.2210,26.9,1.688,35.06,3.98,-60,9.75,
2026-09-21T15:57:28,2,1.671,33.64,32.2120,26.9,1.688,35.06,3.98,-60,9.50,
2026-09-21T15:57:29,2,1.702,36.16,32.2110,26.9,1.691,35.26,3.98,-60,10.25,
2026-09-21T15:57:30,2,1.665,33.19,32.2180,26.9,1.682,34.55,4.02,-60,9.50,
2026-09-21T15:57:31,2,1.670,33.58,32.2190,26.9,1.692,35.32,3.98,-61,10.00,
2026-09-21T15:57:32,2,1.700,35.96,32.2260,26.9,1.688,35.06,3.98,-61,9.75,
2026-09-21T15:57:33,2,1.669,33.52,32.2270,26.9,1.690,35.19,3.97,-61,10.25,
2026-09-21T15:57:35,2,1.718,37.45,32.2430,26.9,1.695,35.58,3.93,-61,9.75,
2026-09-21T15:57:40,2,1.670,33.58,32.2450,26.9,1.688,35.06,3.98,-53,0.00,
2026-09-21T15:57:41,2,1.703,36.22,32.2440,26.9,1.689,35.13,3.98,-54,0.00,
2026-09-21T15:57:42,2,1.683,34.68,32.2450,26.9,1.692,35.38,3.96,-54,3.50,
2026-09-21T15:57:43,2,1.720,37.58,32.2580,26.9,1.696,35.64,3.93,-61,9.50,
2026-09-21T15:57:44,2,1.711,36.87,32.2530,26.9,1.690,35.19,3.98,-60,9.50,
2026-09-21T15:57:45,2,1.669,33.52,32.2670,26.9,1.689,35.13,3.98,-60,10.25,
2026-09-21T15:57:47,2,1.706,36.48,32.2730,26.9,1.690,35.19,3.97,-60,10.25,
2026-09-21T15:57:48,2,1.667,33.39,32.2810,26.9,1.681,34.48,4.02,-61,9.75,
2026-09-21T15:57:49,2,1.670,33.58,32.2740,26.9,1.687,35.00,3.98,-60,10.00,
2026-09-21T15:57:50,2,1.702,36.16,32.2790,26.9,1.687,34.93,3.98,-60,9.75,
2026-09-21T15:57:51,2,1.664,33.13,32.2740,26.9,1.683,34.68,4.02,-60,10.00,
2026-09-21T15:57:52,2,1.670,33.58,32.2740,26.9,1.682,34.55,3.98,-61,9.50,
2026-09-21T15:57:53,2,1.702,36.16,32.2750,26.9,1.688,35.06,3.98,-62,9.50,
2026-09-21T15:57:54,2,1.671,33.64,32.2740,26.9,1.689,35.13,3.97,-64,9.75,
2026-09-21T15:57:55,2,1.712,37.00,32.2620,26.9,1.696,35.71,3.94,-62,10.25,
2026-09-21T15:57:56,2,1.699,35.90,32.2760,26.9,1.687,35.00,3.98,-60,9.50,
2026-09-21T15:57:57,2,1.671,33.71,32.2860,26.9,1.692,35.32,3.98,-60,9.50,
2026-09-21T15:57:59,2,1.704,36.35,32.2880,26.9,1.690,35.19,3.98,-60,9.50,
2026-09-21T15:58:00,2,1.664,33.13,32.2940,26.9,1.682,34.55,4.02,-61,9.75,
2026-09-21T15:58:01,2,1.670,33.58,32.2990,26.9,1.687,35.00,3.98,-59,9.50,
2026-09-21T15:58:02,2,1.694,35.51,32.2990,26.9,1.685,34.80,3.98,-60,9.75,
2026-09-21T15:58:03,2,1.673,33.84,32.3100,26.9,1.688,35.06,3.97,-60,12.25,
2026-09-21T15:58:04,2,1.715,37.19,32.3070,26.9,1.696,35.64,3.93,-65,9.25,
2026-09-21T15:58:05,2,1.700,36.03,32.3090,26.9,1.687,34.93,3.98,-66,9.50,
2026-09-21T15:58:06,2,1.671,33.71,32.3110,26.9,1.692,35.38,3.98,-66,9.25,
2026-09-21T15:58:07,2,1.706,36.48,32.3040,26.9,1.689,35.13,3.97,-65,11.00,
2026-09-21T15:58:08,2,1.665,33.19,32.2910,26.9,1.673,33.84,4.02,-65,10.25,
2026-09-21T15:58:09,2,1.670,33.58,32.2890,26.9,1.688,35.06,3.98,-60,10.00,
2026-09-21T15:58:11,2,1.700,36.03,32.2920,26.9,1.687,35.00,3.98,-61,9.75,
2026-09-21T15:58:12,2,1.671,33.64,32.2950,26.9,1.690,35.19,3.97,-60,9.75,
2026-09-21T15:58:13,2,1.717,37.38,32.2970,26.9,1.694,35.51,3.93,-60,9.75,
2026-09-21T15:58:14,2,1.699,35.90,32.3080,26.9,1.690,35.19,3.98,-59,9.50,
2026-09-21T15:58:15,2,1.671,33.64,32.3080,26.9,1.688,35.06,3.98,-59,9.25,
2026-09-21T15:58:16,2,1.705,36.42,32.3080,26.9,1.687,34.93,3.98,-60,9.75,
2026-09-21T15:58:17,2,1.665,33.19,32.2990,26.9,1.682,34.55,4.02,-60,10.00,
2026-09-21T15:58:18,2,1.672,33.77,32.2920,26.9,1.688,35.06,3.98,-60,9.50,
2026-09-21T15:58:19,2,1.702,36.16,32.2930,26.9,1.687,34.93,3.98,-58,9.75,
2026-09-21T15:58:25,2,1.709,36.74,32.2800,26.9,1.689,35.00,3.97,-53,-1.25,
2026-09-21T15:58:27,2,1.671,33.71,32.2990,26.9,1.687,34.93,3.90,-54,5.75,
2026-09-21T15:58:28,2,1.705,36.42,32.3040,26.9,1.690,35.19,3.98,-60,9.50,
2026-09-21T15:58:29,2,1.661,32.87,32.3050,26.9,1.682,34.55,4.02,-60,10.00,
2026-09-21T15:58:30,2,1.671,33.71,32.3050,26.9,1.691,35.26,3.98,-62,10.00,
2026-09-21T15:58:31,2,1.702,36.16,32.3020,26.9,1.687,35.00,3.98,-61,9.25,
2026-09-21T15:58:32,2,1.672,33.77,32.2960,26.9,1.688,35.06,3.97,-60,10.25,
2026-09-21T15:58:34,2,1.712,37.00,32.2910,26.9,1.693,35.45,3.94,-60,9.75,
2026-09-21T15:58:35,2,1.701,36.09,32.2920,26.9,1.689,35.13,3.98,-60,10.00,
2026-09-21T15:58:36,2,1.668,33.45,32.2950,26.9,1.686,34.87,3.98,-61,10.00,
2026-09-21T15:58:37,2,1.706,36.48,32.3030,26.9,1.688,35.06,3.98,-60,9.50,
2026-09-21T15:58:38,2,1.664,33.13,32.3030,26.9,1.683,34.61,4.02,-60,10.50,
2026-09-21T15:58:39,2,1.671,33.71,32.2990,26.9,1.689,35.13,3.98,-60,9.75,
2026-09-21T15:58:40,2,1.692,35.38,32.3060,26.9,1.687,34.93,3.98,-62,9.75,
2026-09-21T15:58:41,2,1.671,33.71,32.3080,26.9,1.688,35.06,3.97,-61,10.00,
2026-09-21T15:58:42,2,1.717,37.38,32.3120,26.9,1.696,35.64,3.93,-61,9.50,
2026-09-21T15:58:43,2,1.702,36.16,32.3150,26.9,1.687,35.00,3.98,-59,9.75,
2026-09-21T15:58:44,2,1.671,33.71,32.3100,26.9,1.690,35.19,3.98,-60,10.00,
2026-09-21T15:58:46,2,1.705,36.42,32.2970,26.9,1.687,34.93,3.97,-60,10.00,
2026-09-21T15:58:47,2,1.665,33.19,32.2920,26.9,1.683,34.61,4.02,-61,10.00,
2026-09-21T15:58:48,2,1.671,33.64,32.2930,26.9,1.688,35.06,3.98,-60,10.25,
2026-09-21T15:58:49,2,1.700,36.03,32.3030,26.9,1.694,35.51,3.98,-60,9.75,
2026-09-21T15:58:50,2,1.671,33.64,32.3020,26.9,1.690,35.19,3.97,-60,10.25,
2026-09-21T15:58:51,2,1.719,37.51,32.3060,26.9,1.699,35.90,3.93,-59,9.50,
2026-09-21T15:58:52,2,1.700,36.03,32.3010,26.9,1.688,35.06,3.98,-59,9.50,
2026-09-21T15:58:53,2,1.671,33.64,32.3010,26.9,1.688,35.06,3.97,-60,10.00,
2026-09-21T15:58:54,2,1.707,36.55,32.2940,26.9,1.689,35.13,3.98,-60,9.50,
2026-09-21T15:58:55,2,1.667,33.32,32.2940,26.9,1.681,34.48,3.98,-60,9.75,
2026-09-21T15:58:56,2,1.683,34.61,32.3020,26.9,1.688,35.06,3.98,-60,9.75,
2026-09-21T15:58:58,2,1.703,36.22,32.2960,26.9,1.689,35.13,3.98,-61,9.75,
2026-09-21T15:58:59,2,1.674,33.90,32.2950,26.9,1.692,35.32,3.97,-60,10.00,
2026-09-21T15:59:00,2,1.670,33.58,32.2890,26.9,1.688,35.06,3.98,-59,9.50,
2026-09-21T15:59:01,2,1.701,36.09,32.2850,26.9,1.690,35.19,3.98,-60,9.75,
2026-09-21T15:59:02,2,1.658,32.68,32.2860,26.9,1.688,35.06,3.98,-64,9.75,
2026-09-21T15:59:03,2,1.708,36.67,32.2900,26.9,1.692,35.38,3.97,-60,10.25,
2026-09-21T15:59:11,2,1.670,33.58,32.3030,26.9,1.688,35.06,0.00,-50,2.25,
2026-09-21T15:59:12,2,1.712,37.00,32.2970,26.9,1.687,35.00,3.97,-61,10.25,
2026-09-21T15:59:13,2,1.701,36.09,32.3010,26.9,1.687,35.00,3.98,-62,9.75,
2026-09-21T15:59:14,2,1.670,33.58,32.3080,26.9,1.688,35.06,3.98,-61,9.50,
2026-09-21T15:59:15,2,1.704,36.35,32.3080,26.9,1.685,34.80,3.98,-62,9.75,
2026-09-21T15:59:16,2,1.663,33.06,32.3070,26.9,1.681,34.48,4.02,-62,10.25,
2026-09-21T15:59:17,2,1.671,33.64,32.3030,26.9,1.687,34.93,3.98,-62,9.75,
2026-09-21T15:59:18,2,1.704,36.29,32.3100,26.9,1.688,35.06,3.98,-62,9.75,
2026-09-21T15:59:19,2,1.670,33.58,32.3040,26.9,1.692,35.32,3.97,-62,10.00,
2026-09-21T15:59:21,2,1.718,37.45,32.3070,26.9,1.696,35.64,3.93,-62,9.50,
2026-09-21T15:59:22,2,1.700,36.03,32.3010,26.9,1.691,35.26,3.98,-62,10.00,
2026-09-21T15:59:23,2,1.670,33.58,32.2880,26.9,1.690,35.19,3.98,-61,9.50,
2026-09-21T15:59:24,2,1.699,35.90,32.2840,26.9,1.690,35.19,3.98,-60,10.00,
2026-09-21T15:59:26,2,1.670,33.58,32.2820,26.9,1.689,35.13,3.98,-63,10.00,
2026-09-21T15:59:27,2,1.704,36.29,32.2860,26.9,1.689,35.13,3.98,-61,9.75,
2026-09-21T15:59:28,2,1.669,33.52,32.2860,26.9,1.688,35.06,3.97,-62,9.75,
2026-09-21T15:59:29,2,1.668,33.45,32.2980,26.9,1.687,34.93,3.98,-62,10.00,
2026-09-21T15:59:30,2,1.704,36.29,32.3040,26.9,1.688,35.06,3.98,-62,9.75,
2026-09-21T15:59:31,2,1.671,33.71,32.3050,26.9,1.689,35.13,3.98,-64,9.25,
2026-09-21T15:59:33,2,1.708,36.67,32.3050,26.9,1.691,35.26,3.97,-62,10.00,
2026-09-21T15:59:34,2,1.699,35.90,32.3050,26.9,1.687,34.93,3.98,-62,9.75,
2026-09-21T15:59:35,2,1.671,33.71,32.3080,26.9,1.690,35.19,3.98,-61,10.50,
2026-09-21T15:59:36,2,1.704,36.35,32.3090,26.9,1.688,35.06,3.98,-62,9.75,
2026-09-21T15:59:37,2,1.670,33.58,32.3100,26.9,1.689,35.13,3.97,-62,10.25,
2026-09-21T15:59:38,2,1.673,33.84,32.3100,26.9,1.687,34.93,3.98,-60,9.50,
2026-09-21T15:59:39,2,1.702,36.16,32.3010,26.9,1.687,35.00,3.98,-60,9.75,
2026-09-21T15:59:40,2,1.675,33.97,32.3150,26.9,1.692,35.32,3.98,-61,9.75,
2026-09-21T15:59:41,2,1.712,37.00,32.3080,26.9,1.689,35.13,3.96,-60,10.00,
2026-09-21T15:59:42,2,1.700,36.03,32.3120,26.9,1.688,35.06,3.98,-61,9.75,
2026-09-21T15:59:43,2,1.671,33.71,32.3220,26.9,1.687,34.93,3.98,-61,9.50,
2026-09-21T15:59:45,2,1.706,36.48,32.3220,26.9,1.686,34.87,3.98,-62,9.75,
2026-09-21T15:59:46,2,1.671,33.71,32.3270,26.9,1.692,35.38,3.97,-63,10.00,
2026-09-21T15:59:47,2,1.671,33.64,32.3240,26.9,1.688,35.06,3.98,-62,12.50,
2026-09-21T15:59:55,2,1.669,33.52,32.2920,26.9,1.687,35.00,3.98,-61,9.75,
2026-09-21T15:59:57,2,1.703,36.22,32.2970,26.9,1.689,35.13,3.98,-61,10.25,
2026-09-21T15:59:58,2,1.671,33.71,32.2910,26.9,1.690,35.19,3.98,-61,9.50,
2026-09-21T15:59:59,2,1.678,34.22,32.3040,26.9,1.680,34.42,3.98,-61,9.75,
2026-09-21T16:00:00,2,1.701,36.09,32.3000,26.9,1.688,35.06,3.98,-61,9.75,
2026-09-21T16:00:01,2,1.671,33.64,32.3050,26.9,1.689,35.13,3.98,-61,10.00,
2026-09-21T16:00:02,2,1.710,36.80,32.3010,26.9,1.690,35.19,3.97,-61,10.00,
2026-09-21T16:00:03,2,1.710,36.80,32.2960,26.9,1.690,35.19,3.97,-61,10.00,
2026-09-21T16:00:04,2,1.668,33.45,32.3020,26.9,1.687,35.00,3.98,-61,9.50,
2026-09-21T16:00:05,2,1.704,36.35,32.2970,26.9,1.687,34.93,3.98,-60,9.50,
2026-09-21T16:00:06,2,1.671,33.64,32.3030,26.9,1.688,35.06,3.97,-61,10.00,
2026-09-21T16:00:08,2,1.670,33.58,32.3020,26.9,1.690,35.19,3.98,-62,10.00,
2026-09-21T16:00:10,2,1.669,33.52,32.3030,26.9,1.693,35.45,3.98,-61,10.00,
2026-09-21T16:00:11,2,1.712,36.93,32.3080,26.9,1.687,34.93,3.97,-62,10.00,
2026-09-21T16:00:12,2,1.700,35.96,32.3080,26.9,1.688,35.06,3.98,-61,9.75,
2026-09-21T16:00:13,2,1.670,33.58,32.3060,26.9,1.687,35.00,3.98,-63,9.50,
2026-09-21T16:00:14,2,1.704,36.29,32.2960,26.9,1.689,35.13,3.98,-62,10.00,
2026-09-21T16:00:15,2,1.674,33.90,32.3030,26.9,1.689,35.13,3.97,-59,10.25,
2026-09-21T16:00:16,2,1.674,33.90,32.3000,26.9,1.687,35.00,3.98,-61,9.50,
2026-09-21T16:00:17,2,1.703,36.22,32.3040,26.9,1.688,35.06,3.97,-60,10.00,
2026-09-21T16:00:18,2,1.671,33.71,32.2990,26.9,1.690,35.19,3.98,-61,9.75,
2026-09-21T16:00:20,2,1.677,34.16,32.3010,26.9,1.687,34.93,4.01,-61,9.75,
2026-09-21T16:00:21,2,1.702,36.16,32.3120,26.9,1.686,34.87,3.97,-62,10.50,
2026-09-21T16:00:22,2,1.670,33.58,32.3130,26.9,1.687,35.00,3.98,-61,10.00,
2026-09-21T16:00:23,2,1.708,36.67,32.3180,26.9,1.689,35.13,3.97,-62,10.50,
2026-09-21T16:00:24,2,1.709,36.74,32.3140,26.9,1.693,35.45,3.93,-60,9.75,
2026-09-21T16:00:25,2,1.667,33.39,32.3160,26.9,1.691,35.26,3.98,-61,10.25,
2026-09-21T16:00:26,2,1.705,36.42,32.3180,26.9,1.688,35.06,3.97,-61,9.75,
2026-09-21T16:00:27,2,1.671,33.71,32.3120,26.9,1.690,35.19,3.97,-63,10.00,
2026-09-21T16:00:28,2,1.668,33.45,32.3210,26.9,1.679,34.35,4.01,-61,9.50,
2026-09-21T16:00:29,2,1.704,36.29,32.3260,26.9,1.687,35.00,3.98,-61,9.75,
2026-09-21T16:00:30,2,1.671,33.64,32.3310,26.9,1.687,34.93,3.98,-60,9.75,
2026-09-21T16:00:36,2,1.671,33.71,32.3350,0.0,1.691,35.26,3.97,-52,-3.50,
2026-09-21T16:00:39,2,1.669,33.52,32.3180,26.9,1.687,35.00,3.98,-62,9.25,
2026-09-21T16:00:40,2,1.715,37.19,32.3260,26.9,1.682,34.55,3.97,-62,10.50,
2026-09-21T16:00:41,2,1.701,36.09,32.3160,26.9,1.688,35.06,3.98,-64,9.25,
2026-09-21T16:00:42,2,1.673,33.84,32.3160,26.9,1.689,35.13,3.98,-63,9.50,
2026-09-21T16:00:44,2,1.709,36.74,32.3190,26.9,1.690,35.19,3.97,-62,10.50,
2026-09-21T16:00:45,2,1.675,34.03,32.3230,26.9,1.692,35.32,3.93,-63,10.00,
2026-09-21T16:00:46,2,1.671,33.64,32.3260,26.9,1.687,35.00,3.98,-62,9.50,
2026-09-21T16:00:47,2,1.702,36.16,32.3230,26.9,1.688,35.06,3.98,-62,9.75,
2026-09-21T16:00:48,2,1.669,33.52,32.3200,26.9,1.687,35.00,3.98,-62,10.00,
2026-09-21T16:00:49,2,1.662,33.00,32.3090,26.9,1.682,34.55,4.02,-62,10.00,
2026-09-21T16:00:50,2,1.703,36.22,32.3050,26.9,1.688,35.06,3.98,-61,10.00,
2026-09-21T16:00:51,2,1.669,33.52,32.2960,26.9,1.687,34.93,3.98,-62,9.75,
2026-09-21T16:00:52,2,1.709,36.74,32.2910,26.9,1.688,35.06,3.97,-63,10.00,
2026-09-21T16:00:53,2,1.708,36.61,32.2940,26.9,1.696,35.64,3.93,-63,9.50,
2026-09-21T16:00:55,2,1.671,33.64,32.3020,26.9,1.686,34.87,3.98,-63,10.00,
2026-09-21T16:00:56,2,1.708,36.61,32.2960,26.9,1.689,35.13,3.97,-59,10.25,
2026-09-21T16:00:57,2,1.671,33.64,32.3010,26.9,1.687,35.00,3.98,-62,9.75,
2026-09-21T16:00:58,2,1.662,33.00,32.3060,26.9,1.682,34.55,4.01,-62,10.00,
2026-09-21T16:00:59,2,1.700,35.96,32.3080,26.9,1.691,35.26,3.98,-59,10.25,
2026-09-21T16:01:00,2,1.671,33.64,32.3040,26.9,1.686,34.87,3.98,-59,9.25,
2026-09-21T16:01:01,2,1.715,37.19,32.3050,26.9,1.689,35.13,3.97,-59,10.25,
2026-09-21T16:01:02,2,1.707,36.55,32.2980,26.9,1.696,35.64,3.93,-65,12.50,
2026-09-21T16:01:03,2,1.671,33.64,32.2960,26.9,1.688,35.06,3.98,-65,9.75,
2026-09-21T16:01:04,2,1.705,36.42,32.2890,26.9,1.686,34.87,3.97,-60,10.50,
2026-09-21T16:01:05,2,1.670,33.58,32.2790,26.9,1.687,34.93,3.97,-62,10.25,
2026-09-21T16:01:07,2,1.664,33.13,32.2850,26.9,1.680,34.42,4.01,-64,10.00,
2026-09-21T16:01:08,2,1.703,36.22,32.2820,26.9,1.692,35.38,3.98,-58,10.00,
2026-09-21T16:01:09,2,1.669,33.52,32.2870,26.9,1.687,34.93,3.98,-60,10.00,
2026-09-21T16:01:10,2,1.706,36.48,32.2920,26.9,1.686,34.87,3.99,-62,9.75,
2026-09-21T16:01:11,2,1.709,36.74,32.3010,26.9,1.693,35.45,3.93,-60,9.50,
2026-09-21T16:01:12,2,1.671,33.71,32.3040,26.9,1.688,35.06,3.98,-60,9.50,
2026-09-21T16:01:13,2,1.708,36.61,32.3030,26.9,1.691,35.26,3.97,-59,10.00,
2026-09-21T16:01:14,2,1.706,36.48,32.3020,7.0,1.094,35.00,3.00,-60,4.50,
2026-09-21T16:01:15,2,1.667,33.32,32.2810,26.9,1.682,34.55,3.98,-61,10.00,
2026-09-21T16:01:21,2,1.670,33.58,32.2720,26.9,1.689,35.13,3.97,-53,0.25,
2026-09-21T16:01:22,2,1.711,36.87,32.2730,26.9,1.689,35.13,3.97,-53,0.25,
2026-09-21T16:01:23,2,1.708,36.61,32.2790,26.9,1.697,35.77,3.94,-53,4.50,
2026-09-21T16:01:24,2,1.670,33.58,32.2800,26.9,1.688,35.06,3.98,-60,9.50,
2026-09-21T16:01:25,2,1.702,36.16,32.2830,26.9,1.686,34.87,3.98,-60,10.00,
2026-09-21T16:01:26,2,1.670,33.58,32.2810,26.9,1.687,34.93,3.98,-60,10.00,
2026-09-21T16:01:27,2,1.662,33.00,32.2850,26.9,1.680,34.42,4.01,-61,10.00,
2026-09-21T16:01:28,2,1.704,36.29,32.2820,26.9,1.688,35.06,3.98,-60,9.75,
2026-09-21T16:01:29,2,1.670,33.58,32.2810,26.9,1.688,35.06,3.98,-60,9.75,
2026-09-21T16:01:31,2,1.715,37.19,32.2780,26.9,1.687,35.00,3.97,-60,10.50,
2026-09-21T16:01:32,2,1.708,36.67,32.2790,26.9,1.696,35.64,3.93,-59,9.75,
2026-09-21T16:01:33,2,1.670,33.58,32.2840,26.9,1.687,35.00,3.98,-60,9.75,
2026-09-21T16:01:34,2,1.705,36.42,32.2890,26.9,1.688,35.06,3.98,-60,10.00,
2026-09-21T16:01:35,2,1.680,34.42,32.2990,26.9,1.690,35.19,3.97,-59,10.50,
2026-09-21T16:01:36,2,1.667,33.32,32.2960,26.9,1.681,34.48,4.02,-61,9.75,
2026-09-21T16:01:37,2,1.702,36.16,32.3000,26.9,1.687,34.93,3.98,-59,10.25,
2026-09-21T16:01:38,2,1.670,33.58,32.3050,26.9,1.687,35.00,3.98,-59,9.75,
2026-09-21T16:01:39,2,1.667,33.32,32.3080,26.9,1.687,34.93,4.02,-62,10.00,
2026-09-21T16:01:40,2,1.708,36.61,32.3080,26.9,1.695,35.58,3.93,-62,9.75,
2026-09-21T16:01:41,2,1.671,33.71,32.3110,26.9,1.688,35.06,3.98,-60,10.00,
2026-09-21T16:01:43,2,1.708,36.67,32.3100,26.9,1.690,35.19,3.97,-61,10.00,
2026-09-21T16:01:44,2,1.708,36.61,32.3150,26.9,1.693,35.45,3.94,-60,9.75,
2026-09-21T16:01:45,2,1.665,33.19,32.3170,26.9,1.680,34.42,4.01,-59,9.75,
2026-09-21T16:01:46,2,1.703,36.22,32.3130,26.9,1.679,34.29,3.97,-60,10.50,
2026-09-21T16:01:47,2,1.671,33.64,32.3080,26.9,1.688,35.06,3.97,-60,10.00,
2026-09-21T16:01:48,2,1.665,33.19,32.3120,26.9,1.681,34.48,4.02,-60,10.00,
2026-09-21T16:01:49,2,1.709,36.74,32.3160,26.9,1.696,35.71,3.93,-62,9.75,
2026-09-21T16:01:50,2,1.670,33.58,32.3150,26.9,1.688,35.06,3.98,-61,10.00,
2026-09-21T16:01:51,2,1.708,36.67,32.3210,26.9,1.692,35.32,3.96,-60,9.75,
2026-09-21T16:01:52,2,1.708,36.61,32.3200,26.9,1.694,35.51,3.94,-59,10.00,
2026-09-21T16:01:54,2,1.666,33.26,32.3110,26.9,1.681,34.48,3.98,-59,9.75,
2026-09-21T16:01:55,2,1.705,36.42,32.3090,26.9,1.689,35.13,3.97,-59,10.25,
2026-09-21T16:01:56,2,1.671,33.64,32.3040,26.9,1.688,35.06,3.98,-60,9.75,
2026-09-21T16:01:57,2,1.665,33.19,32.3060,26.9,1.683,34.68,4.02,-60,9.25,
2026-09-21T16:01:58,2,1.702,36.16,32.3040,26.9,1.687,35.00,3.98,-60,9.75,
2026-09-21T16:01:59,2,1.671,33.71,32.3070,26.9,1.688,35.06,3.98,-60,9.75,
2026-09-21T16:02:08,2,1.669,33.52,32.3190,26.9,1.691,35.26,3.98,-65,9.75,
2026-09-21T16:02:09,2,1.664,33.13,32.3180,26.9,1.683,34.61,4.01,-61,9.75,
2026-09-21T16:02:10,2,1.710,36.80,32.3260,26.9,1.695,35.58,3.93,-64,9.25,
2026-09-21T16:02:11,2,1.671,33.71,32.3250,26.9,1.688,35.06,3.98,-63,9.75,
2026-09-21T16:02:12,2,1.708,36.67,32.3140,26.9,1.687,34.93,3.97,-66,9.75,
2026-09-21T16:02:13,2,1.706,36.48,32.3140,26.9,1.696,35.64,3.94,-66,9.50,
2026-09-21T16:02:14,2,1.665,33.19,32.3190,26.9,1.679,34.35,4.02,-66,9.75,
2026-09-21T16:02:15,2,1.700,36.03,32.3260,26.9,1.688,35.06,3.97,-65,10.25,
2026-09-21T16:02:16,2,1.671,33.64,32.3190,26.9,1.687,35.00,3.98,-65,9.50,
2026-09-21T16:02:18,2,1.661,32.87,32.3200,26.9,1.683,34.68,4.02,-66,9.50,
2026-09-21T16:02:19,2,1.709,36.74,32.3220,26.9,1.692,35.32,3.93,-66,9.50,
2026-09-21T16:02:20,2,1.671,33.71,32.3100,26.9,1.687,34.93,3.98,-66,9.25,
2026-09-21T16:02:21,2,1.720,37.58,32.3140,26.9,1.687,35.00,3.97,-66,9.50,
2026-09-21T16:02:22,2,1.708,36.61,32.3230,26.9,1.695,35.58,3.94,-67,9.50,
2026-09-21T16:02:23,2,1.663,33.06,32.3210,26.9,1.680,34.42,4.02,-66,9.75,
2026-09-21T16:02:24,2,1.715,37.19,32.3140,26.9,1.687,34.93,3.98,-66,9.50,
2026-09-21T16:02:25,2,1.671,33.71,32.3100,26.9,1.687,35.00,3.98,-65,9.50,
2026-09-21T16:02:26,2,1.663,33.06,32.3120,26.9,1.683,34.68,4.02,-66,9.50,
2026-09-21T16:02:27,2,1.711,36.87,32.3120,26.9,1.696,35.64,3.94,-66,9.75,
2026-09-21T16:02:28,2,1.670,33.58,32.3100,26.9,1.690,35.19,3.98,-65,10.00,
2026-09-21T16:02:30,2,1.712,37.00,32.2990,26.9,1.687,35.00,3.96,-65,9.75,
2026-09-21T16:02:31,2,1.709,36.74,32.2940,26.9,1.702,36.16,3.94,-66,10.25,
2026-09-21T16:02:32,2,1.671,33.71,32.3020,26.9,1.681,34.48,3.98,-66,9.75,
2026-09-21T16:02:33,2,1.705,36.42,32.3090,26.9,1.687,35.00,3.98,-65,9.50,
2026-09-21T16:02:34,2,1.671,33.71,32.3100,26.9,1.689,35.13,3.98,-66,10.00,
2026-09-21T16:02:35,2,1.664,33.13,32.3000,26.9,1.683,34.68,4.01,-67,9.50,
2026-09-21T16:02:36,2,1.703,36.22,32.2940,26.9,1.683,34.68,3.97,-66,10.25,
2026-09-21T16:02:37,2,1.671,33.71,32.3000,26.9,1.687,35.00,3.98,-66,9.75,
2026-09-21T16:02:38,2,1.684,34.74,32.2990,26.9,1.685,34.80,4.02,-66,10.25,
2026-09-21T16:02:39,2,1.707,36.55,32.2830,26.9,1.696,35.64,3.94,-66,9.75,
2026-09-21T16:02:41,2,1.670,33.58,32.3020,26.9,1.698,35.84,3.98,-63,9.75,
2026-09-21T16:02:42,2,1.711,36.87,32.3070,26.9,1.687,35.00,3.97,-58,10.00,
2026-09-21T16:02:43,2,1.705,36.42,32.3030,26.9,1.695,35.58,3.94,-64,9.75,
2026-09-21T16:02:49,2,1.669,33.52,32.3000,26.9,1.688,35.06,3.98,-52,-2.75,
2026-09-21T16:02:50,2,1.711,36.87,32.3040,26.9,1.687,35.00,3.97,-53,-1.00,
2026-09-21T16:02:51,2,1.707,36.55,32.3050,26.9,1.694,35.51,3.93,-62,9.75,
2026-09-21T16:02:53,2,1.664,33.13,32.2960,26.9,1.683,34.61,4.01,-62,10.25,
2026-09-21T16:02:54,2,1.704,36.29,32.2930,26.9,1.688,35.06,3.97,-60,10.00,
2026-09-21T16:02:55,2,1.669,33.52,32.2980,26.9,1.687,35.00,3.98,-59,9.75,
2026-09-21T16:02:56,2,1.664,33.13,32.3040,26.9,1.682,34.55,4.01,-60,9.75,
2026-09-21T16:02:57,2,1.708,36.67,32.3020,26.9,1.695,35.58,3.92,-62,9.75,
2026-09-21T16:02:58,2,1.664,33.13,32.2990,26.9,1.689,35.13,3.98,-61,9.50,
2026-09-21T16:02:59,2,1.712,36.93,32.3000,26.9,1.687,35.00,3.97,-62,10.25,
2026-09-21T16:03:00,2,1.706,36.48,32.2920,26.9,1.696,35.71,3.93,-62,9.75,
2026-09-21T16:03:01,2,1.666,33.26,32.2870,26.9,1.683,34.61,4.01,-62,10.00,
2026-09-21T16:03:02,2,1.705,36.42,32.2810,26.9,1.697,35.77,3.97,-62,10.25,
2026-09-21T16:03:03,2,1.665,33.19,32.2750,26.9,1.687,34.93,3.97,-63,10.00,
2026-09-21T16:03:05,2,1.664,33.13,32.2790,26.9,1.683,34.68,4.01,-61,9.50,
2026-09-21T16:03:06,2,1.712,36.93,32.2730,26.9,1.696,35.71,3.93,-59,9.50,
2026-09-21T16:03:07,2,1.670,33.58,32.2820,26.9,1.687,34.93,3.98,-60,10.25,
2026-09-21T16:03:08,2,1.715,37.19,32.2800,26.9,1.692,35.32,3.97,-60,12.25,
2026-09-21T16:03:09,2,1.708,36.61,32.2770,26.9,1.693,35.45,3.93,-63,9.75,
2026-09-21T16:03:10,2,1.665,33.19,32.2890,26.9,1.683,34.68,4.01,-63,12.25,
2026-09-21T16:03:11,2,1.704,36.35,32.2910,26.9,1.687,34.93,3.97,-60,9.75,
2026-09-21T16:03:12,2,1.708,36.67,32.2870,26.9,1.694,35.51,3.94,-61,10.00,
2026-09-21T16:03:13,2,1.669,33.52,32.2870,26.9,1.682,34.55,4.02,-61,9.75,
2026-09-21T16:03:14,2,1.702,36.16,32.2910,26.9,1.683,34.61,3.97,-61,9.75,
2026-09-21T16:03:15,2,1.669,33.52,32.2800,26.9,1.690,35.19,3.98,-61,9.75,
2026-09-21T16:03:17,2,1.665,33.19,32.2900,26.9,1.684,34.74,4.02,-61,10.00,
2026-09-21T16:03:18,2,1.708,36.67,32.3010,26.9,1.696,35.71,3.93,-61,9.75,
2026-09-21T16:03:19,2,1.669,33.52,32.3020,26.9,1.688,35.06,3.98,-61,9.75,
2026-09-21T16:03:20,2,1.709,36.74,32.2970,26.9,1.688,35.06,3.97,-60,9.75,
2026-09-21T16:03:21,2,1.708,36.61,32.3030,26.9,1.695,35.58,3.94,-61,10.25,
2026-09-21T16:03:22,2,1.662,33.00,32.3030,26.9,1.683,34.68,4.01,-62,9.75,
2026-09-21T16:03:23,2,1.705,36.42,32.3080,26.9,1.687,34.93,3.97,-62,10.25,
2026-09-21T16:03:24,2,1.671,33.71,32.3070,26.9,1.688,35.06,3.98,-62,10.00,
2026-09-21T16:03:25,2,1.660,32.81,32.3160,26.9,1.680,34.42,4.01,-62,10.00,
2026-09-21T16:03:26,2,1.708,36.61,32.3170,26.9,1.696,35.64,3.93,-62,9.75,
2026-09-21T16:03:28,2,1.667,33.39,32.3110,26.9,1.687,35.00,3.98,-62,9.75,
2026-09-21T16:03:35,2,1.712,37.00,32.3240,26.9,1.694,35.51,3.93,-62,9.50,
2026-09-21T16:03:36,2,1.668,33.45,32.3260,26.9,1.687,35.00,3.98,-62,10.00,
2026-09-21T16:03:37,2,1.714,37.13,32.3170,26.9,1.687,35.00,3.96,-62,9.75,
2026-09-21T16:03:38,2,1.707,36.55,32.3060,26.9,1.697,35.77,3.94,-61,10.25,
2026-09-21T16:03:40,2,1.664,33.13,32.3220,26.9,1.681,34.48,4.01,-63,10.25,
2026-09-21T16:03:41,2,1.704,36.29,32.3130,26.9,1.686,34.87,3.97,-62,12.25,
2026-09-21T16:03:42,2,1.671,33.64,32.3130,26.9,1.687,34.93,3.98,-62,9.75,
2026-09-21T16:03:43,2,1.666,33.26,32.3080,26.9,1.681,34.48,4.01,-62,10.25,
2026-09-21T16:03:44,2,1.712,36.93,32.3090,26.9,1.696,35.71,3.93,-62,9.50,
2026-09-21T16:03:45,2,1.671,33.64,32.3000,26.9,1.688,35.06,3.98,-62,10.00,
2026-09-21T16:03:46,2,1.664,33.13,32.2990,26.9,1.683,34.68,4.02,-62,10.25,
2026-09-21T16:03:47,2,1.704,36.35,32.3080,26.9,1.695,35.58,3.94,-62,10.00,
2026-09-21T16:03:48,2,1.664,33.13,32.3000,26.9,1.682,34.55,4.01,-62,9.75,
2026-09-21T16:03:49,2,1.709,36.74,32.3060,26.9,1.687,34.93,3.97,-61,10.00,
2026-09-21T16:03:50,2,1.704,36.29,32.2970,26.9,1.696,35.64,3.94,-62,10.25,
2026-09-21T16:03:52,2,1.665,33.19,32.2940,26.9,1.681,34.48,4.01,-61,9.75,
2026-09-21T16:03:53,2,1.711,36.87,32.2930,26.9,1.697,35.77,3.92,-62,10.00,
2026-09-21T16:03:54,2,1.671,33.71,32.2980,26.9,1.689,35.13,3.98,-62,11.00,
2026-09-21T16:03:55,2,1.662,33.00,32.2900,26.9,1.683,34.61,4.01,-63,10.25,
2026-09-21T16:03:56,2,1.705,36.42,32.2870,26.9,1.694,35.51,3.94,-63,10.00,
2026-09-21T16:03:57,2,1.667,33.32,32.2850,26.9,1.682,34.55,4.02,-63,10.00,
2026-09-21T16:03:58,2,1.712,37.00,32.2980,26.9,1.688,35.06,3.96,-62,9.75,
2026-09-21T16:03:59,2,1.704,36.35,32.2920,26.9,1.695,35.58,3.94,-62,10.25,
2026-09-21T16:04:00,2,1.665,33.19,32.2830,26.9,1.682,34.55,4.01,-63,9.75,
2026-09-21T16:04:01,2,1.708,36.61,32.2860,26.9,1.688,35.06,3.97,-62,10.25,
2026-09-21T16:04:02,2,1.670,33.58,32.2910,26.9,1.686,34.87,3.98,-62,9.75,
2026-09-21T16:04:04,2,1.664,33.13,32.2950,26.9,1.680,34.42,4.01,-63,11.00,
2026-09-21T16:04:05,2,1.708,36.67,32.2900,26.9,1.700,35.96,3.93,-62,9.75,
2026-09-21T16:04:06,2,1.668,33.45,32.2900,26.9,1.688,35.06,3.97,-62,10.25,
2026-09-21T16:04:07,2,1.712,36.93,32.2820,26.9,1.690,35.19,3.96,-63,9.75,
2026-09-21T16:04:08,2,1.706,36.48,32.2900,26.9,1.692,35.38,3.94,-63,10.00,
2026-09-21T16:04:09,2,1.664,33.13,32.2750,26.9,1.684,34.74,4.02,-63,10.00,
2026-09-21T16:04:10,2,1.706,36.48,32.2800,26.9,1.690,35.19,3.97,-63,10.50,
2026-09-21T16:04:11,2,1.671,33.64,32.2800,26.9,1.687,35.00,3.97,-63,10.50,
2026-09-21T16:04:19,2,1.713,37.06,32.2640,26.9,1.688,35.06,3.90,-52,6.00,
2026-09-21T16:04:20,2,1.701,36.09,32.2640,26.9,1.695,35.58,3.94,-62,10.00,
2026-09-21T16:04:21,2,1.664,33.13,32.2670,26.9,1.685,34.80,4.01,-63,10.00,
2026-09-21T16:04:22,2,1.709,36.74,32.2680,26.9,1.695,35.58,3.93,-62,9.75,
2026-09-21T16:04:23,2,1.668,33.45,32.2660,26.9,1.692,35.38,3.98,-62,9.75,
2026-09-21T16:04:24,2,1.662,32.93,32.2680,26.9,1.682,34.55,4.01,-63,10.25,
2026-09-21T16:04:25,2,1.709,36.74,32.2710,26.9,1.695,35.58,3.94,-62,9.75,
2026-09-21T16:04:27,2,1.667,33.39,32.2770,26.9,1.679,34.35,4.01,-63,9.75,
2026-09-21T16:04:28,2,1.709,36.74,32.2750,26.9,1.689,35.13,3.97,-61,10.25,
2026-09-21T16:04:29,2,1.706,36.48,32.2940,26.9,1.696,35.64,3.94,-61,10.00,
2026-09-21T16:04:30,2,1.663,33.06,32.2950,26.9,1.682,34.55,4.02,-62,10.00,
2026-09-21T16:04:31,2,1.712,36.93,32.2840,26.9,1.695,35.58,3.92,-64,10.00,
2026-09-21T16:04:32,2,1.671,33.71,32.2960,26.9,1.687,35.00,3.97,-63,10.00,
2026-09-21T16:04:33,2,1.664,33.13,32.2950,26.9,1.683,34.61,4.01,-63,9.75,
2026-09-21T16:04:34,2,1.708,36.67,32.2960,26.9,1.695,35.58,3.93,-65,9.50,
2026-09-21T16:04:35,2,1.663,33.06,32.3100,26.9,1.683,34.68,4.01,-64,9.50,
2026-09-21T16:04:36,2,1.712,37.00,32.3140,26.9,1.690,35.19,3.97,-63,10.25,
2026-09-21T16:04:37,2,1.704,36.35,32.3150,26.9,1.696,35.64,3.94,-62,10.00,
2026-09-21T16:04:39,2,1.666,33.26,32.3240,26.9,1.683,34.61,4.01,-62,10.00,
2026-09-21T16:04:40,2,1.713,37.06,32.3270,26.9,1.696,35.64,3.92,-62,9.75,
2026-09-21T16:04:41,2,1.669,33.52,32.3240,26.9,1.687,35.00,3.98,-63,10.00,
2026-09-21T16:04:42,2,1.662,33.00,32.3270,26.9,1.681,34.48,4.01,-63,10.25,
2026-09-21T16:04:43,2,1.708,36.67,32.3290,26.9,1.693,35.45,3.93,-61,9.25,
2026-09-21T16:04:44,2,1.666,33.26,32.3240,26.9,1.684,34.74,4.01,-60,10.00,
2026-09-21T16:04:45,2,1.713,37.06,32.3260,26.9,1.687,35.00,3.96,-60,9.50,
2026-09-21T16:04:46,2,1.705,36.42,32.3230,26.9,1.695,35.58,3.94,-59,10.00,
2026-09-21T16:04:47,2,1.662,33.00,32.3130,26.9,1.681,34.48,4.01,-61,10.25,
2026-09-21T16:04:48,2,1.706,36.48,32.3110,26.9,1.688,35.06,3.97,-63,10.50,
2026-09-21T16:04:49,2,1.706,36.48,32.3030,26.9,1.689,35.13,3.94,-62,10.25,
2026-09-21T16:04:51,2,1.664,33.13,32.3150,26.9,1.682,34.55,4.02,-63,9.75,
2026-09-21T16:04:52,2,1.709,36.74,32.3050,26.9,1.696,35.64,3.93,-60,9.50,
2026-09-21T16:04:53,2,1.671,33.64,32.3100,26.9,1.689,35.13,3.98,-64,9.50,
2026-09-21T16:04:54,2,1.665,33.19,32.3060,26.9,1.682,34.55,4.01,-61,10.25,
2026-09-21T16:04:55,2,1.708,36.61,32.2950,26.9,1.695,35.58,3.94,-59,9.75,
2026-09-21T16:05:00,2,1.710,36.80,32.2930,26.9,1.695,35.58,3.92,-55,1.75,
2026-09-21T16:05:01,2,1.670,33.58,32.2890,26.9,1.691,35.26,3.98,-55,-1.25,
2026-09-21T16:05:03,2,1.666,33.26,32.2830,26.9,1.683,34.61,4.01,-53,0.50,
2026-09-21T16:05:04,2,1.710,36.80,32.2770,26.9,1.695,35.58,3.94,-65,10.00,
2026-09-21T16:05:05,2,1.664,33.13,32.2710,26.9,1.681,34.48,4.01,-64,9.50,
2026-09-21T16:05:06,2,1.710,36.80,32.2800,26.9,1.690,35.19,3.96,-62,10.00,
2026-09-21T16:05:07,2,1.708,36.61,32.2850,26.9,1.692,35.32,3.94,-61,10.00,
2026-09-21T16:05:08,2,1.662,33.00,32.2770,26.9,1.680,34.42,4.01,-62,10.25,
2026-09-21T16:05:09,2,1.710,36.80,32.2740,26.9,1.696,35.71,3.93,-68,9.50,
2026-09-21T16:05:10,2,1.671,33.64,32.2850,26.9,1.687,35.00,3.98,-68,9.50,
2026-09-21T16:05:11,2,1.666,33.26,32.2800,26.9,1.683,34.68,4.02,-70,9.25,
2026-09-21T16:05:12,2,1.708,36.67,32.2800,26.9,1.695,35.58,3.94,-65,9.50,
2026-09-21T16:05:14,2,1.679,34.35,32.2750,26.9,1.682,34.55,4.01,-64,9.50,
2026-09-21T16:05:15,2,1.716,37.32,32.2770,26.9,1.690,35.19,3.96,-66,9.75,
2026-09-21T16:05:16,2,1.706,36.48,32.2780,26.9,1.693,35.45,3.94,-63,10.25,
2026-09-21T16:05:17,2,1.663,33.06,32.2820,26.9,1.682,34.55,4.01,-63,10.00,
2026-09-21T16:05:18,2,1.714,37.13,32.2780,26.9,1.696,35.71,3.92,-61,10.00,
2026-09-21T16:05:19,2,1.675,34.03,32.2700,26.9,1.688,35.06,3.98,-64,9.50,
2026-09-21T16:05:20,2,1.663,33.06,32.2740,26.9,1.681,34.48,4.01,-64,9.50,
2026-09-21T16:05:21,2,1.710,36.80,32.2670,26.9,1.696,35.71,3.93,-64,9.50,
2026-09-21T16:05:22,2,1.667,33.32,32.2760,26.9,1.682,34.55,4.02,-60,10.25,
2026-09-21T16:05:23,2,1.666,33.26,32.2800,26.9,1.680,34.42,4.01,-61,9.75,
2026-09-21T16:05:24,2,1.708,36.61,32.2810,26.9,1.693,35.45,3.94,-60,10.00,
2026-09-21T16:05:26,2,1.662,32.93,32.2770,26.9,1.679,34.29,4.01,-70,9.50,
2026-09-21T16:05:27,2,1.715,37.19,32.2720,26.9,1.699,35.90,3.91,-62,10.25,
2026-09-21T16:05:28,2,1.708,36.61,32.2720,26.9,1.696,35.64,3.94,-62,11.50,
2026-09-21T16:05:29,2,1.667,33.39,32.2650,26.9,1.682,34.55,4.01,-61,9.75,
2026-09-21T16:05:30,2,1.708,36.67,32.2650,26.9,1.693,35.45,3.93,-61,9.75,
2026-09-21T16:05:31,2,1.666,33.26,32.2740,26.9,1.682,34.55,4.01,-64,10.00,
2026-09-21T16:05:32,2,1.665,33.19,32.2820,26.9,1.682,34.55,4.01,-63,10.25,
2026-09-21T16:05:33,2,1.706,36.48,32.2930,26.9,1.695,35.58,3.94,-62,10.00,
2026-09-21T16:05:34,2,1.664,33.13,32.2860,26.9,1.682,34.55,4.01,-62,10.00,
2026-09-21T16:05:35,2,1.710,36.80,32.2910,26.9,1.688,35.06,3.97,-60,10.25,
2026-09-21T16:05:36,2,1.707,36.55,32.2780,26.9,1.694,35.51,3.94,-60,10.00,
2026-09-21T16:05:38,2,1.662,32.93,32.2690,26.9,1.682,34.55,4.01,-61,10.00,
2026-09-21T16:05:39,2,1.712,36.93,32.2740,26.9,1.696,35.64,3.93,-60,9.50,
2026-09-21T16:05:47,2,1.712,36.93,32.2740,26.9,1.696,35.71,3.92,-59,10.25,
2026-09-21T16:05:48,2,1.674,33.90,32.2850,26.9,1.687,35.00,3.98,-59,9.75,
2026-09-21T16:05:50,2,1.666,33.26,32.2810,26.9,1.694,35.51,4.01,-60,9.75,
2026-09-21T16:05:51,2,1.709,36.74,32.2800,26.9,1.692,35.38,3.93,-60,10.00,
2026-09-21T16:05:52,2,1.664,33.13,32.2780,26.9,1.682,34.55,4.01,-63,9.50,
2026-09-21T16:05:53,2,1.710,36.80,32.2770,26.9,1.692,35.32,3.97,-61,9.75,
2026-09-21T16:05:54,2,1.708,36.67,32.2860,26.9,1.694,35.51,3.94,-59,9.75,
2026-09-21T16:05:55,2,1.665,33.19,32.2870,26.9,1.682,34.55,4.01,-60,9.75,
2026-09-21T16:05:56,2,1.715,37.19,32.2870,26.9,1.700,35.96,3.92,-60,10.00,
2026-09-21T16:05:57,2,1.707,36.55,32.2910,26.9,1.692,35.38,3.94,-60,10.00,
2026-09-21T16:05:58,2,1.662,33.00,32.2970,26.9,1.687,34.93,4.01,-60,9.75,
2026-09-21T16:05:59,2,1.703,36.22,32.3020,26.9,1.695,35.58,3.93,-60,9.75,
2026-09-21T16:06:01,2,1.663,33.06,32.3040,26.9,1.685,34.80,4.01,-60,9.75,
2026-09-21T16:06:02,2,1.666,33.26,32.3140,26.9,1.680,34.42,4.02,-60,9.75,
2026-09-21T16:06:03,2,1.708,36.61,32.3160,26.9,1.694,35.51,3.94,-60,10.00,
2026-09-21T16:06:04,2,1.664,33.13,32.3220,26.9,1.681,34.48,4.01,-60,10.25,
2026-09-21T16:06:05,2,1.717,37.38,32.3230,26.9,1.699,35.90,3.92,-60,10.25,
2026-09-21T16:06:06,2,1.707,36.55,32.3310,26.9,1.695,35.58,3.94,-60,10.00,
2026-09-21T16:06:07,2,1.666,33.26,32.3320,26.9,1.683,34.61,4.01,-60,9.50,
2026-09-21T16:06:08,2,1.710,36.80,32.3280,26.9,1.694,35.51,3.93,-60,9.50,
2026-09-21T16:06:09,2,1.666,33.26,32.3220,26.9,1.679,34.35,4.01,-60,10.25,
2026-09-21T16:06:10,2,1.662,33.00,32.3210,26.9,1.681,34.48,4.01,-60,10.00,
2026-09-21T16:06:11,2,1.710,36.80,32.3150,26.9,1.695,35.58,3.94,-60,9.75,
2026-09-21T16:06:13,2,1.665,33.19,32.3100,26.9,1.683,34.61,4.01,-60,10.00,
2026-09-21T16:06:14,2,1.717,37.38,32.3030,26.9,1.696,35.64,3.97,-60,10.25,
2026-09-21T16:06:15,2,1.705,36.42,32.3070,26.9,1.696,35.64,3.94,-60,10.00,
2026-09-21T16:06:16,2,1.666,33.26,32.3140,26.9,1.682,34.55,4.01,-60,10.00,
2026-09-21T16:06:17,2,1.712,36.93,32.3150,26.9,1.695,35.58,3.93,-60,10.00,
2026-09-21T16:06:18,2,1.670,33.58,32.3030,26.9,1.688,35.06,3.98,-60,9.75,
2026-09-21T16:06:19,2,1.665,33.19,32.2940,26.9,1.673,33.84,4.01,-61,10.00,
2026-09-21T16:06:20,2,1.707,36.55,32.2920,26.9,1.694,35.51,3.93,-59,9.25,
2026-09-21T16:06:21,2,1.667,33.32,32.3020,26.9,1.681,34.48,4.01,-60,10.00,
2026-09-21T16:06:22,2,1.714,37.13,32.3030,26.9,1.691,35.26,3.96,-59,9.75,
2026-09-21T16:06:23,2,1.705,36.42,32.2970,26.9,1.690,35.19,3.94,-60,10.00,
2026-09-21T16:06:28,2,1.664,33.13,3.0000,26.9,1.683,34.61,4.01,-49,-4.00,
2026-09-21T16:06:31,2,1.662,33.00,32.2990,26.9,1.680,34.42,4.01,-60,9.50,
2026-09-21T16:06:32,2,1.707,36.55,32.2950,26.9,1.694,35.51,3.94,-60,9.75,
2026-09-21T16:06:33,2,1.662,33.00,32.3060,26.9,1.681,34.48,4.01,-60,9.75,
2026-09-21T16:06:34,2,1.714,37.13,32.3030,26.9,1.697,35.77,3.92,-59,9.50,
2026-09-21T16:06:35,2,1.704,36.35,32.2990,26.9,1.693,35.45,3.94,-58,9.75,
2026-09-21T16:06:37,2,1.665,33.19,32.3020,26.9,1.683,34.68,4.01,-60,9.75,
2026-09-21T16:06:38,2,1.707,36.55,32.3180,26.9,1.696,35.64,3.93,-57,9.50,
2026-09-21T16:06:39,2,1.665,33.19,32.3190,26.9,1.683,34.68,4.01,-57,11.00,
2026-09-21T16:06:40,2,1.662,33.00,32.3150,26.9,1.680,34.42,4.02,-59,9.75,
2026-09-21T16:06:41,2,1.706,36.48,32.3160,26.9,1.695,35.58,3.94,-58,10.00,
2026-09-21T16:06:42,2,1.663,33.06,32.3050,26.9,1.682,34.55,4.01,-59,9.25,
2026-09-21T16:06:43,2,1.717,37.38,32.3090,26.9,1.696,35.71,3.91,-59,10.00,
2026-09-21T16:06:44,2,1.706,36.48,32.3110,26.9,1.695,35.58,3.94,-59,9.75,
2026-09-21T16:06:45,2,1.665,33.19,32.3090,26.9,1.681,34.48,4.01,-59,10.00,
2026-09-21T16:06:46,2,1.712,36.93,32.3120,26.9,1.694,35.51,3.93,-58,9.25,
2026-09-21T16:06:47,2,1.665,33.19,32.3050,26.9,1.683,34.68,4.01,-59,9.50,
2026-09-21T16:06:49,2,1.664,33.13,32.3090,26.9,1.683,34.61,4.01,-59,10.00,
2026-09-21T16:06:50,2,1.707,36.55,32.3150,26.9,1.694,35.51,3.94,-59,9.75,
2026-09-21T16:06:51,2,1.664,33.13,32.3180,26.9,1.682,34.55,4.01,-60,9.75,
2026-09-21T16:06:52,2,1.722,37.77,32.3090,26.9,1.698,35.84,3.91,-59,9.75,
2026-09-21T16:06:53,2,1.705,36.42,32.2980,26.9,1.694,35.51,3.94,-60,10.25,
2026-09-21T16:06:54,2,1.665,33.19,32.3080,26.9,1.682,34.55,4.02,-59,10.00,
2026-09-21T16:06:55,2,1.712,36.93,32.3040,26.9,1.696,35.64,3.92,-58,10.25,
2026-09-21T16:06:56,2,1.665,33.19,32.3030,26.9,1.683,34.61,4.01,-58,10.50,
2026-09-21T16:06:57,2,1.675,34.03,32.3010,26.9,1.683,34.61,4.01,-61,10.00,
2026-09-21T16:06:58,2,1.709,36.74,32.2950,26.9,1.707,36.55,3.93,-60,9.75,
2026-09-21T16:07:00,2,1.666,33.26,32.3030,26.9,1.683,34.61,4.01,-59,9.75,
2026-09-21T16:07:01,2,1.719,37.51,32.2990,26.9,1.696,35.64,3.96,-59,10.00,
2026-09-21T16:07:02,2,1.706,36.48,32.3010,26.9,1.692,35.38,3.94,-59,10.25,
2026-09-21T16:07:03,2,1.663,33.06,32.2950,26.9,1.681,34.48,4.01,-60,10.00,
2026-09-21T16:07:04,2,1.713,37.06,32.3030,26.9,1.696,35.71,3.92,-60,10.00,
2026-09-21T16:07:05,2,1.705,36.42,32.3040,26.9,1.690,35.19,3.94,-59,10.00,
2026-09-21T16:07:06,2,1.661,32.87,32.2970,26.9,1.683,34.68,4.01,-61,10.00,
2026-09-21T16:07:07,2,1.708,36.67,32.3020,26.9,1.695,35.58,3.93,-59,9.75,
2026-09-21T16:07:15,2,1.664,33.13,32.2870,26.9,1.683,34.61,4.00,-51,4.25,
2026-09-21T16:07:16,2,1.709,36.74,32.2850,26.9,1.695,35.58,3.93,-59,9.25,
2026-09-21T16:07:17,2,1.664,33.13,32.2850,26.9,1.682,34.55,4.00,-60,9.50,
2026-09-21T16:07:18,2,1.664,33.13,32.2780,26.9,1.683,34.61,4.01,-60,9.75,
2026-09-21T16:07:19,2,1.706,36.48,32.2790,26.9,1.695,35.58,3.94,-59,10.00,
2026-09-21T16:07:20,2,1.663,33.06,32.2750,26.9,1.683,34.61,4.01,-60,10.00,
2026-09-21T16:07:21,2,1.718,37.45,32.2710,26.9,1.699,35.90,3.92,-60,10.00,
2026-09-21T16:07:22,2,1.704,36.29,32.2770,26.9,1.693,35.45,3.94,-59,10.00,
2026-09-21T16:07:24,2,1.663,33.06,32.2800,26.9,1.679,34.35,4.01,-61,9.50,
2026-09-21T16:07:25,2,1.711,36.87,32.2830,26.9,1.692,35.38,3.94,-59,10.00,
2026-09-21T16:07:26,2,1.666,33.26,32.2880,26.9,1.683,34.68,4.01,-60,9.50,
2026-09-21T16:07:27,2,1.662,33.00,32.2870,26.9,1.680,34.42,4.01,-60,10.25,
2026-09-21T16:07:28,2,1.708,36.67,32.2960,26.9,1.696,35.64,3.94,-59,10.00,
2026-09-21T16:07:29,2,1.666,33.26,32.2970,26.9,1.682,34.55,4.01,-60,10.00,
2026-09-21T16:07:30,2,1.719,37.51,32.2960,26.9,1.698,35.84,3.91,-59,9.75,
2026-09-21T16:07:31,2,1.704,36.29,32.3010,26.9,1.696,35.64,3.94,-60,10.00,
2026-09-21T16:07:32,2,1.665,33.19,32.2960,26.9,1.682,34.55,4.01,-59,9.75,
2026-09-21T16:07:33,2,1.713,37.06,32.2950,26.9,1.697,35.77,3.93,-59,9.75,
2026-09-21T16:07:34,2,1.665,33.19,32.3020,26.9,1.682,34.55,4.02,-60,9.75,
2026-09-21T16:07:36,2,1.662,33.00,32.3030,26.9,1.681,34.48,4.01,-60,9.75,
2026-09-21T16:07:37,2,1.708,36.61,32.3110,26.9,1.695,35.58,3.93,-59,9.25,
2026-09-21T16:07:38,2,1.664,33.13,32.3110,26.9,1.683,34.68,4.01,-60,10.00,
2026-09-21T16:07:39,2,1.720,37.58,32.3070,26.9,1.696,35.71,3.91,-59,9.75,
2026-09-21T16:07:40,2,1.706,36.48,32.3120,26.9,1.692,35.38,3.94,-59,9.50,
2026-09-21T16:07:41,2,1.665,33.19,32.3040,26.9,1.682,34.55,4.01,-60,9.75,
2026-09-21T16:07:42,2,1.711,36.87,32.3020,26.9,1.695,35.58,3.92,-58,9.75,
2026-09-21T16:07:43,2,1.700,36.03,32.2990,26.9,1.685,34.80,3.98,-58,9.50,
2026-09-21T16:07:44,2,1.663,33.06,32.2980,26.9,1.685,34.80,4.01,-58,10.25,
2026-09-21T16:07:45,2,1.708,36.67,32.3040,26.9,1.696,35.64,3.93,-58,9.75,
2026-09-21T16:07:47,2,1.664,33.13,32.2940,26.9,1.680,34.42,4.01,-59,10.00,
2026-09-21T16:07:48,2,1.670,33.58,32.2870,26.9,1.690,35.19,3.98,-58,9.75,
2026-09-21T16:07:49,2,1.708,36.61,32.2840,26.9,1.693,35.45,3.94,-57,10.25,
2026-09-21T16:07:50,2,1.662,33.00,32.2800,26.9,1.681,34.48,4.01,-59,9.50,
2026-09-21T16:07:51,2,1.713,37.06,32.2750,26.9,1.696,35.71,3.92,-59,9.50,
2026-09-21T16:08:00,2,1.717,37.38,32.2710,26.9,1.693,35.45,3.92,-59,10.00,
2026-09-21T16:08:01,2,1.704,36.35,32.2720,26.9,1.693,35.45,3.94,-59,10.00,
2026-09-21T16:08:02,2,1.664,33.13,32.2750,26.9,1.682,34.55,4.01,-59,9.75,
2026-09-21T16:08:03,2,1.710,36.80,32.2760,26.9,1.694,35.51,3.93,-60,9.75,
2026-09-21T16:08:04,2,1.664,33.13,32.2820,26.9,1.679,34.29,4.01,-61,9.75,
2026-09-21T16:08:05,2,1.662,33.00,32.2720,26.9,1.681,34.48,4.01,-60,9.75,
2026-09-21T16:08:06,2,1.706,36.48,32.2730,26.9,1.696,35.71,3.93,-59,10.00,
2026-09-21T16:08:07,2,1.664,33.13,32.2710,26.9,1.684,34.74,4.01,-60,12.50,
2026-09-21T16:08:08,2,1.716,37.25,32.2690,26.9,1.690,35.19,3.92,-59,9.75,
2026-09-21T16:08:09,2,1.706,36.48,32.2640,26.9,1.692,35.38,3.94,-59,10.00,
2026-09-21T16:08:11,2,1.662,33.00,32.2750,26.9,1.683,34.61,4.01,-59,9.50,
2026-09-21T16:08:12,2,1.712,37.00,32.2670,26.9,1.697,35.77,3.93,-58,9.50,
2026-09-21T16:08:13,2,1.664,33.13,32.2650,26.9,1.685,34.80,4.01,-59,9.75,
2026-09-21T16:08:14,2,1.663,33.06,32.2730,26.9,1.682,34.55,4.01,-59,9.25,
2026-09-21T16:08:15,2,1.706,36.48,32.2690,26.9,1.696,35.64,3.93,-59,9.25,
2026-09-21T16:08:16,2,1.665,33.19,32.2700,26.9,1.683,34.61,4.01,-59,9.75,
2026-09-21T16:08:17,2,1.671,33.71,32.2720,26.9,1.696,35.64,3.97,-59,9.75,
2026-09-21T16:08:18,2,1.706,36.48,32.2740,26.9,1.692,35.38,3.94,-58,9.75,
2026-09-21T16:08:19,2,1.666,33.26,32.2760,26.9,1.682,34.55,4.01,-59,9.50,
2026-09-21T16:08:20,2,1.712,36.93,32.2840,26.9,1.694,35.51,3.92,-60,10.00,
2026-09-21T16:08:21,2,1.700,35.96,32.2880,26.9,1.687,34.93,3.98,-58,9.75,
2026-09-21T16:08:23,2,1.665,33.19,32.2800,26.9,1.683,34.61,4.01,-59,9.75,
2026-09-21T16:08:24,2,1.709,36.74,32.2680,26.9,1.693,35.45,3.92,-58,10.25,
2026-09-21T16:08:25,2,1.665,33.19,32.2790,26.9,1.679,34.35,4.01,-59,9.50,
2026-09-21T16:08:26,2,1.671,33.71,32.2770,26.9,1.690,35.19,3.96,-58,10.00,
2026-09-21T16:08:27,2,1.706,36.48,32.2810,26.9,1.692,35.38,3.93,-58,9.75,
2026-09-21T16:08:28,2,1.663,33.06,32.2930,26.9,1.681,34.48,4.01,-59,9.25,
2026-09-21T16:08:29,2,1.711,36.87,32.2990,26.9,1.692,35.38,3.92,-61,9.75,
2026-09-21T16:08:30,2,1.702,36.16,32.2970,26.9,1.687,34.93,3.97,-61,10.25,
2026-09-21T16:08:31,2,1.653,32.23,32.2950,26.9,1.683,34.68,4.01,-61,9.75,
2026-09-21T16:08:32,2,1.709,36.74,32.2970,26.9,1.695,35.58,3.93,-60,9.50,
2026-09-21T16:08:34,2,1.663,33.06,32.2840,26.9,1.682,34.55,4.01,-60,10.00,
2026-09-21T16:08:35,2,1.671,33.71,32.2860,26.9,1.688,35.06,3.99,-60,9.50,
2026-09-21T16:08:43,2,1.666,33.26,32.2810,26.9,1.682,34.55,4.01,-60,9.50,
2026-09-21T16:08:44,2,1.704,36.35,32.2830,26.9,1.696,35.64,3.94,-60,9.75,
2026-09-21T16:08:46,2,1.665,33.19,32.2820,26.9,1.682,34.55,4.01,-59,10.00,
2026-09-21T16:08:47,2,1.720,37.58,32.2790,26.9,1.697,35.77,3.91,-59,10.00,
2026-09-21T16:08:48,2,1.706,36.48,32.2730,26.9,1.692,35.32,3.94,-59,9.75,
2026-09-21T16:08:49,2,1.665,33.19,32.2710,26.9,1.685,34.80,4.01,-59,10.00,
2026-09-21T16:08:50,2,1.710,36.80,32.2750,26.9,1.693,35.45,3.93,-59,9.75,
2026-09-21T16:08:51,2,1.661,32.87,32.2740,26.9,1.680,34.42,4.01,-60,9.75,
2026-09-21T16:08:52,2,1.667,33.32,32.2730,26.9,1.680,34.42,4.01,-60,10.25,
2026-09-21T16:08:53,2,1.708,36.61,32.2760,26.9,1.694,35.51,3.93,-59,9.25,
2026-09-21T16:08:54,2,1.665,33.19,32.2840,26.9,1.682,34.55,4.01,-60,9.25,
2026-09-21T16:08:55,2,1.662,33.00,32.2870,26.9,1.684,34.74,3.97,-56,10.00,
2026-09-21T16:08:56,2,1.706,36.48,32.2810,26.9,1.692,35.38,3.93,-57,9.50,
2026-09-21T16:08:58,2,1.663,33.06,32.2790,26.9,1.681,34.48,4.01,-56,9.75,
2026-09-21T16:08:59,2,1.714,37.13,32.2870,26.9,1.696,35.71,3.93,-55,10.25,12
2026-09-21T16:09:00,2,1.700,36.03,32.2910,26.9,1.687,34.93,3.98,-57,10.00,
2026-09-21T16:09:01,2,1.666,33.26,32.2850,26.9,1.687,35.00,4.01,-62,9.75,
2026-09-21T16:09:02,2,1.709,36.74,32.2790,26.9,1.693,35.45,3.93,-58,9.50,
2026-09-21T16:09:03,2,1.663,33.06,32.2790,26.9,1.681,34.48,4.01,-59,9.75,
2026-09-21T16:09:04,2,1.669,33.52,32.2840,26.9,1.692,35.32,3.96,-63,10.00,
2026-09-21T16:09:05,2,1.708,36.61,32.2770,26.9,1.693,35.45,3.94,-66,10.25,
2026-09-21T16:09:06,2,1.655,32.42,32.2720,26.9,1.681,34.48,4.01,-64,9.50,
2026-09-21T16:09:07,2,1.716,37.25,32.2710,26.9,1.695,35.58,3.92,-62,10.00,
2026-09-21T16:09:08,2,1.699,35.90,32.2770,26.9,1.686,34.87,3.97,-62,10.50,
2026-09-21T16:09:10,2,1.664,33.13,32.2830,26.9,1.681,34.48,4.02,-62,10.25,
2026-09-21T16:09:11,2,1.710,36.80,32.2790,26.9,1.694,35.51,3.93,-64,9.50,
2026-09-21T16:09:12,2,1.662,33.00,32.2730,26.9,1.682,34.55,4.01,-64,10.00,
2026-09-21T16:09:13,2,1.670,33.58,32.2740,26.9,1.695,35.58,3.97,-64,10.00,
2026-09-21T16:09:14,2,1.698,35.84,32.2720,26.9,1.694,35.51,3.93,-63,9.50,
2026-09-21T16:09:15,2,1.665,33.19,32.2600,26.9,1.683,34.68,4.00,-62,9.50,
2026-09-21T16:09:16,2,1.719,37.51,32.2710,26.9,1.698,35.84,3.92,-62,10.00,
2026-09-21T16:09:17,2,1.708,36.67,32.3020,26.9,1.693,35.45,3.94,-59,10.50,
2026-09-21T16:09:18,2,1.667,33.39,32.3690,26.9,1.683,34.68,4.01,-60,9.75,
2026-09-21T16:09:24,2,1.671,33.64,32.6570,26.9,1.687,35.00,4.01,-55,6.00,13
2026-09-21T16:09:25,2,1.725,38.03,32.7010,26.9,1.702,36.16,3.91,-53,-0.50,
2026-09-21T16:09:27,2,1.671,33.64,32.7650,26.9,1.691,35.26,4.01,-63,9.75,
2026-09-21T16:09:28,2,1.720,37.58,32.7920,26.9,1.701,36.09,3.93,-63,10.00,
2026-09-21T16:09:29,2,1.671,33.64,32.8120,26.9,1.691,35.26,4.01,-62,10.00,
2026-09-21T16:09:30,2,1.674,33.90,32.8280,26.9,1.690,35.19,4.01,-62,10.00,
2026-09-21T16:09:31,2,1.716,37.32,32.8580,26.9,1.704,36.29,3.94,-61,10.00,
2026-09-21T16:09:33,2,1.672,33.77,32.9240,26.9,1.690,35.19,4.01,-60,9.50,
2026-09-21T16:09:34,2,1.679,34.29,32.9490,26.9,1.700,36.03,3.97,-60,12.25,
2026-09-21T16:09:35,2,1.714,37.13,32.9840,26.9,1.703,36.22,3.94,-60,10.00,
2026-09-21T16:09:36,2,1.672,33.77,33.0140,26.9,1.689,35.13,4.01,-62,10.00,
2026-09-21T16:09:37,2,1.722,37.77,33.0060,26.9,1.701,36.09,3.92,-61,9.75,
2026-09-21T16:09:38,2,1.708,36.67,32.9640,26.9,1.693,35.45,3.98,-61,10.00,
2026-09-21T16:09:39,2,1.672,33.77,32.9390,26.9,1.687,35.00,4.01,-62,9.75,
2026-09-21T16:09:40,2,1.715,37.19,32.9070,26.9,1.701,36.09,3.93,-60,9.50,
2026-09-21T16:09:41,2,1.672,33.77,32.8900,26.9,1.687,35.00,4.01,-63,10.00,
2026-09-21T16:09:42,2,1.676,34.10,32.8640,26.9,1.696,35.64,3.97,-64,9.75,
2026-09-21T16:09:43,2,1.712,36.93,32.8480,26.9,1.701,36.09,3.94,-63,10.00,
2026-09-21T16:09:45,2,1.675,33.97,32.8240,26.9,1.688,35.06,4.01,-65,9.50,
2026-09-21T16:09:46,2,1.721,37.71,32.8230,26.9,1.702,36.16,3.92,-60,9.75,
2026-09-21T16:09:47,2,1.707,36.55,32.8200,26.9,1.696,35.71,3.97,-65,10.25,
2026-09-21T16:09:48,2,1.671,33.64,32.8180,26.9,1.687,35.00,4.01,-64,9.50,
2026-09-21T16:09:49,2,1.717,37.38,32.8250,26.9,1.700,36.03,3.93,-57,9.75,
2026-09-21T16:09:50,2,1.671,33.64,32.8240,26.9,1.686,34.87,4.01,-60,10.50,
2026-09-21T16:09:51,2,1.679,34.29,32.8220,26.9,1.696,35.64,3.96,-60,10.00,
2026-09-21T16:09:52,2,1.714,37.13,32.8200,26.9,1.699,35.90,3.94,-63,10.25,
2026-09-21T16:09:53,2,1.672,33.77,32.8110,26.9,1.688,35.06,4.01,-61,10.25,
2026-09-21T16:09:54,2,1.725,37.96,32.8080,26.9,1.704,36.35,3.92,-58,10.00,
2026-09-21T16:09:55,2,1.708,36.61,32.7910,26.9,1.692,35.32,3.97,-61,9.75,
2026-09-21T16:09:57,2,1.668,33.45,32.7870,26.9,1.687,34.93,4.01,-68,9.75,
2026-09-21T16:09:58,2,1.717,37.38,32.7870,26.9,1.701,36.09,3.93,-61,9.75,
2026-09-21T16:09:59,2,1.669,33.52,32.7720,26.9,1.689,35.13,4.01,-60,10.00,
2026-09-21T16:10:00,2,1.676,34.10,32.7610,26.9,1.697,35.77,3.97,-59,10.25,
2026-09-21T16:10:01,2,1.713,37.06,32.7540,26.9,1.697,35.77,3.93,-62,9.50,
2026-09-21T16:10:02,2,1.672,33.77,32.7510,26.9,1.676,34.10,4.01,-61,9.75,
2026-09-21T16:10:03,2,1.675,34.03,32.7460,26.9,1.695,35.58,3.96,-61,9.75,
2026-09-21T16:10:11,2,1.671,33.64,32.7350,26.9,1.688,35.06,4.01,-53,7.75,
2026-09-21T16:10:12,2,1.679,34.35,32.7280,26.9,1.695,35.58,3.96,-61,9.50,
2026-09-21T16:10:13,2,1.713,37.06,32.7280,26.9,1.700,35.96,3.93,-61,9.50,
2026-09-21T16:10:14,2,1.670,33.58,32.7240,26.9,1.686,34.87,4.01,-61,10.00,
2026-09-21T16:10:15,2,1.719,37.51,32.7350,26.9,1.700,35.96,3.92,-61,10.00,
2026-09-21T16:10:16,2,1.706,36.48,32.7320,26.9,1.694,35.51,3.97,-61,10.00,
2026-09-21T16:10:17,2,1.672,33.77,32.7250,26.9,1.689,35.13,4.01,-60,9.75,
2026-09-21T16:10:18,2,1.716,37.32,32.7260,26.9,1.699,35.90,3.93,-60,9.75,
2026-09-21T16:10:20,2,1.669,33.52,32.7490,26.9,1.687,35.00,4.01,-60,9.50,
2026-09-21T16:10:21,2,1.676,34.10,32.7460,26.9,1.697,35.77,3.96,-60,9.75,
2026-09-21T16:10:22,2,1.711,36.87,32.7570,26.9,1.700,35.96,3.94,-65,9.75,
2026-09-21T16:10:23,2,1.671,33.64,32.7560,26.9,1.687,34.93,4.01,-63,9.75,
2026-09-21T16:10:24,2,1.725,37.96,32.7480,26.9,1.698,35.84,3.92,-64,10.00,
2026-09-21T16:10:25,2,1.706,36.48,32.7350,26.9,1.692,35.32,3.98,-64,9.50,
2026-09-21T16:10:26,2,1.671,33.71,32.7340,26.9,1.689,35.13,4.01,-59,9.75,
2026-09-21T16:10:27,2,1.717,37.38,32.7380,26.9,1.700,36.03,3.93,-61,9.25,
2026-09-21T16:10:28,2,1.671,33.64,32.7290,26.9,1.687,35.00,4.01,-59,9.75,
2026-09-21T16:10:29,2,1.676,34.10,32.7330,26.9,1.695,35.58,3.96,-59,10.00,
2026-09-21T16:10:30,2,1.714,37.13,32.7310,26.9,1.700,36.03,3.94,-63,10.00,
2026-09-21T16:10:32,2,1.671,33.71,32.7340,26.9,1.687,34.93,4.01,-64,9.75,
2026-09-21T16:10:33,2,1.676,34.10,32.7330,26.9,1.693,35.45,3.97,-63,9.75,
2026-09-21T16:10:34,2,1.707,36.55,32.7360,26.9,1.692,35.32,3.97,-61,10.00,
2026-09-21T16:10:35,2,1.670,33.58,32.7290,26.9,1.687,34.93,4.00,-61,10.25,
2026-09-21T16:10:36,2,1.718,37.45,32.7300,26.9,1.702,36.16,3.93,-62,9.50,
2026-09-21T16:10:37,2,1.706,36.48,32.7300,26.9,1.694,35.51,3.98,-66,9.50,
2026-09-21T16:10:38,2,1.678,34.22,32.7260,26.9,1.700,35.96,3.96,-65,9.50,
2026-09-21T16:10:39,2,1.715,37.19,32.7260,26.9,1.699,35.90,3.93,-60,9.75,
2026-09-21T16:10:40,2,1.667,33.32,32.7310,26.9,1.683,34.61,4.01,-61,9.50,
2026-09-21T16:10:41,2,1.675,33.97,32.7340,26.9,1.695,35.58,3.97,-63,9.75,
2026-09-21T16:10:42,2,1.707,36.55,32.7330,26.9,1.692,35.38,3.97,-61,10.00,
2026-09-21T16:10:44,2,1.671,33.71,32.7370,26.9,1.690,35.19,4.01,-62,9.50,
2026-09-21T16:10:45,2,1.721,37.71,32.7360,26.9,1.700,36.03,3.92,-61,10.00,
2026-09-21T16:10:46,2,1.704,36.35,32.7330,26.9,1.696,35.71,3.97,-60,9.75,
2026-09-21T16:10:47,2,1.675,33.97,32.7330,26.9,1.695,35.58,3.98,-59,9.75,
2026-09-21T16:10:52,2,1.671,33.71,32.7300,26.9,1.688,35.06,4.01,-52,-0.50,
2026-09-21T16:10:53,2,1.724,37.90,32.7300,26.9,1.704,36.29,3.92,-50,0.50,
2026-09-21T16:10:54,2,1.705,36.42,32.7240,26.9,1.695,35.58,3.97,-53,4.00,
2026-09-21T16:10:56,2,1.670,33.58,32.7150,26.9,1.687,35.00,4.01,-60,9.50,
2026-09-21T16:10:57,2,1.715,37.19,32.7160,26.9,1.700,36.03,3.93,-60,9.75,
2026-09-21T16:10:58,2,1.668,33.45,32.7170,26.9,1.688,35.06,4.01,-63,10.00,
2026-09-21T16:11:00,2,1.712,36.93,32.7010,26.9,1.703,36.22,3.93,-60,9.75,
2026-09-21T16:11:01,2,1.670,33.58,32.7020,26.9,1.688,35.06,4.01,-61,10.00,
2026-09-21T16:11:02,2,1.723,37.83,32.6990,26.9,1.701,36.09,3.92,-60,10.00,
2026-09-21T16:11:03,2,1.706,36.48,32.7070,26.9,1.688,35.06,3.97,-61,10.25,
2026-09-21T16:11:04,2,1.670,33.58,32.6990,26.9,1.687,35.00,4.01,-62,9.75,
2026-09-21T16:11:05,2,1.716,37.32,32.7000,26.9,1.701,36.09,3.93,-62,10.00,
2026-09-21T16:11:07,2,1.673,33.84,32.7020,26.9,1.690,35.19,3.98,-62,10.00,
2026-09-21T16:11:08,2,1.677,34.16,32.6980,26.9,1.695,35.58,3.97,-62,10.00,
2026-09-21T16:11:09,2,1.713,37.06,32.6990,26.9,1.698,35.84,3.93,-63,9.75,
2026-09-21T16:11:10,2,1.671,33.71,32.7000,26.9,1.687,35.00,4.01,-63,9.75,
2026-09-21T16:11:11,2,1.676,34.10,32.6990,26.9,1.696,35.64,3.97,-63,10.25,
2026-09-21T16:11:12,2,1.707,36.55,32.6980,26.9,1.695,35.58,3.97,-63,10.00,
2026-09-21T16:11:13,2,1.670,33.58,32.7040,26.9,1.687,35.00,4.01,-63,9.75,
2026-09-21T16:11:14,2,1.719,37.51,32.7100,26.9,1.699,35.90,3.93,-63,9.50,
2026-09-21T16:11:15,2,1.708,36.67,32.7200,26.9,1.693,35.45,3.97,-62,10.25,
2026-09-21T16:11:16,2,1.675,34.03,32.7210,26.9,1.694,35.51,3.97,-62,10.00,
2026-09-21T16:11:17,2,1.714,37.13,32.7240,26.9,1.700,36.03,3.93,-62,9.75,
2026-09-21T16:11:19,2,1.670,33.58,32.7220,26.9,1.687,35.00,4.01,-63,9.75,
2026-09-21T16:11:20,2,1.675,34.03,32.7250,26.9,1.695,35.58,3.97,-62,10.50,
2026-09-21T16:11:21,2,1.707,36.55,32.7260,26.9,1.695,35.58,3.97,-62,10.25,
2026-09-21T16:11:22,2,1.669,33.52,32.7320,26.9,1.688,35.06,4.01,-63,9.75,
2026-09-21T16:11:23,2,1.719,37.51,32.7280,26.9,1.703,36.22,3.93,-62,9.75,
2026-09-21T16:11:24,2,1.705,36.42,32.7300,26.9,1.692,35.38,3.97,-63,10.50,
2026-09-21T16:11:25,2,1.675,34.03,32.7370,26.9,1.696,35.64,3.96,-62,9.75,
2026-09-21T16:11:26,2,1.712,37.00,32.7380,26.9,1.699,35.90,3.93,-62,9.50,
2026-09-21T16:11:27,2,1.670,33.58,32.7300,26.9,1.683,34.61,4.01,-62,9.25,
2026-09-21T16:11:28,2,1.676,34.10,32.7290,26.9,1.695,35.58,3.97,-62,10.25,
2026-09-21T16:11:29,2,1.706,36.48,32.7260,26.9,1.693,35.45,3.97,-62,10.00,
2026-09-21T16:11:31,2,1.671,33.64,32.7320,26.9,1.687,34.93,4.01,-63,9.50,
2026-09-21T16:11:38,2,1.708,36.61,32.7420,26.9,1.695,35.58,0.00,-52,1.50,
2026-09-21T16:11:39,2,1.670,33.58,32.7400,26.9,1.686,34.87,4.01,-62,10.00,
2026-09-21T16:11:40,2,1.725,37.96,32.7450,26.9,1.699,35.90,3.92,-61,9.75,
2026-09-21T16:11:41,2,1.707,36.55,32.7450,26.9,1.696,35.71,3.97,-62,10.00,
2026-09-21T16:11:43,2,1.677,34.16,32.7410,26.9,1.696,35.71,3.96,-61,9.50,
2026-09-21T16:11:44,2,1.719,37.51,32.7420,26.9,1.698,35.84,3.93,-62,10.00,
2026-09-21T16:11:45,2,1.671,33.64,32.7490,26.9,1.688,35.06,4.01,-62,9.75,
2026-09-21T16:11:46,2,1.674,33.90,32.7480,26.9,1.695,35.58,3.96,-60,10.00,
2026-09-21T16:11:47,2,1.708,36.67,32.7490,26.9,1.695,35.58,3.97,-61,10.00,
2026-09-21T16:11:48,2,1.671,33.71,32.7540,26.9,1.689,35.13,4.01,-60,10.00,
2026-09-21T16:11:49,2,1.677,34.16,32.7620,26.9,1.700,36.03,3.97,-61,10.00,
2026-09-21T16:11:50,2,1.705,36.42,32.7580,26.9,1.692,35.38,3.97,-61,10.25,
2026-09-21T16:11:51,2,1.668,33.45,32.7540,26.9,1.687,35.00,4.01,-61,12.50,
2026-09-21T16:11:52,2,1.719,37.51,32.7690,26.9,1.700,36.03,3.93,-61,9.25,
2026-09-21T16:11:53,2,1.707,36.55,32.7660,26.9,1.701,36.09,3.97,-59,10.00,
2026-09-21T16:11:55,2,1.675,34.03,32.7640,26.9,1.695,35.58,3.97,-60,10.00,
2026-09-21T16:11:56,2,1.716,37.32,32.7620,26.9,1.703,36.22,3.93,-60,10.00,
2026-09-21T16:11:57,2,1.670,33.58,32.7490,26.9,1.687,35.00,4.01,-60,9.75,
2026-09-21T16:11:58,2,1.677,34.16,32.7440,26.9,1.694,35.51,3.97,-60,10.00,
2026-09-21T16:12:00,2,1.660,32.81,32.7500,26.9,1.684,34.74,4.01,-60,9.75,
2026-09-21T16:12:01,2,1.717,37.38,32.7510,26.9,1.700,36.03,3.92,-60,10.25,
2026-09-21T16:12:02,2,1.707,36.55,32.7590,26.9,1.692,35.32,3.97,-60,10.25,
2026-09-21T16:12:03,2,1.680,34.42,32.7500,26.9,1.696,35.64,3.96,-60,9.50,
2026-09-21T16:12:04,2,1.713,37.06,32.7480,26.9,1.700,35.96,3.93,-60,9.50,
2026-09-21T16:12:06,2,1.670,33.58,32.7500,26.9,1.686,34.87,4.01,-60,10.00,
2026-09-21T16:12:07,2,1.676,34.10,32.7560,26.9,1.695,35.58,3.97,-59,10.25,
2026-09-21T16:12:08,2,1.705,36.42,32.7470,26.9,1.693,35.45,3.97,-60,10.50,
2026-09-21T16:12:09,2,1.667,33.39,32.7530,26.9,1.689,35.13,4.01,-60,9.75,
2026-09-21T16:12:10,2,1.721,37.71,32.7550,26.9,1.702,36.16,3.93,-59,9.75,
2026-09-21T16:12:11,2,1.706,36.48,32.7490,26.9,1.694,35.51,3.97,-60,10.00,
2026-09-21T16:12:12,2,1.677,34.16,32.7520,26.9,1.695,35.58,3.96,-60,9.50,
2026-09-21T16:12:13,2,1.716,37.25,32.7540,26.9,1.701,36.09,3.94,-59,10.00,
2026-09-21T16:12:14,2,1.681,34.48,32.7500,26.9,1.687,34.93,4.01,-60,10.00,
2026-09-21T16:12:23,2,1.673,33.84,32.7580,26.9,1.688,35.06,4.01,-58,9.75,
2026-09-21T16:12:24,2,1.679,34.35,32.7540,26.9,1.693,35.45,3.97,-57,10.75,
2026-09-21T16:12:25,2,1.706,36.48,32.7490,26.9,1.692,35.38,3.97,-58,11.25,
2026-09-21T16:12:26,2,1.668,33.45,32.7490,26.9,1.688,35.06,4.01,-59,9.25,
2026-09-21T16:12:27,2,1.674,33.90,32.7450,26.9,1.692,35.38,3.97,-58,10.00,
2026-09-21T16:12:28,2,1.706,36.48,32.7490,26.9,1.693,35.45,3.97,-58,10.25,
2026-09-21T16:12:30,2,1.678,34.22,32.7540,26.9,1.697,35.77,3.96,-58,10.00,
2026-09-21T16:12:31,2,1.722,37.77,32.7580,26.9,1.700,36.03,3.92,-58,9.75,
2026-09-21T16:12:32,2,1.705,36.42,32.7520,26.9,1.695,35.58,3.98,-59,9.25,
2026-09-21T16:12:33,2,1.679,34.29,32.7600,26.9,1.696,35.64,3.97,-57,10.25,
2026-09-21T16:12:34,2,1.709,36.74,32.7570,26.9,1.694,35.51,3.97,-58,10.00,
2026-09-21T16:12:35,2,1.670,33.58,32.7530,26.9,1.688,35.06,4.01,-60,9.50,
2026-09-21T16:12:36,2,1.675,33.97,32.7580,26.9,1.696,35.71,3.97,-62,10.00,
2026-09-21T16:12:37,2,1.707,36.55,32.7610,26.9,1.692,35.32,3.97,-61,10.25,
2026-09-21T16:12:38,2,1.669,33.52,32.7640,26.9,1.682,34.55,4.01,-64,9.75,
2026-09-21T16:12:39,2,1.720,37.58,32.7590,26.9,1.700,36.03,3.92,-60,10.25,
2026-09-21T16:12:40,2,1.708,36.67,32.7450,26.9,1.694,35.51,3.97,-59,9.75,
2026-09-21T16:12:42,2,1.674,33.90,32.7440,26.9,1.696,35.71,3.96,-62,10.75,
2026-09-21T16:12:43,2,1.716,37.25,32.7500,26.9,1.698,35.84,3.93,-70,9.50,
2026-09-21T16:12:44,2,1.669,33.52,32.7510,26.9,1.686,34.87,4.01,-68,10.00,
2026-09-21T16:12:45,2,1.669,33.52,32.7590,26.9,1.693,35.45,3.97,-60,9.75,
2026-09-21T16:12:46,2,1.708,36.67,32.7650,26.9,1.692,35.32,3.97,-62,10.00,
2026-09-21T16:12:47,2,1.671,33.71,32.7600,26.9,1.687,34.93,4.01,-63,10.00,
2026-09-21T16:12:48,2,1.726,38.09,32.7630,26.9,1.711,36.87,3.92,-59,9.75,
2026-09-21T16:12:49,2,1.705,36.42,32.7660,26.9,1.692,35.32,3.97,-57,10.00,
2026-09-21T16:12:50,2,1.687,34.93,32.7560,26.9,1.697,35.77,3.96,-57,10.00,
2026-09-21T16:12:51,2,1.714,37.13,32.7580,26.9,1.699,35.90,3.93,-57,10.25,
2026-09-21T16:12:53,2,1.667,33.39,32.7550,26.9,1.687,35.00,4.01,-63,10.25,
2026-09-21T16:12:54,2,1.675,33.97,32.7550,26.9,1.697,35.77,3.97,-58,10.25,
2026-09-21T16:12:55,2,1.710,36.80,32.7580,26.9,1.692,35.38,3.97,-58,10.50,
2026-09-21T16:12:56,2,1.669,33.52,32.7570,26.9,1.686,34.87,4.01,-60,9.75,
2026-09-21T16:12:57,2,1.723,37.83,32.7510,26.9,1.703,36.22,3.92,-59,10.00,
2026-09-21T16:12:58,2,1.706,36.48,32.7500,26.9,1.693,35.45,3.98,-61,9.75,13
2026-09-21T16:13:03,2,1.720,37.58,32.7440,26.9,1.700,36.03,3.97,-58,3.25,
