timestamp,board_id,inircd100_voltage,inircd100_pctvol,inircd100_digital_pctvol,inircd100_temp_c,inirme100_voltage,inirme100_pctvol,battery_voltage,rssi,snr
2026-08-31T14:31:23,2,1.258,0.64,0.0040,27.9,1.265,1.22,4.01,-123,-3.25
2026-08-31T14:31:24,2,1.274,1.93,0.0050,27.9,1.267,1.35,4.00,-123,-4.75
2026-08-31T14:31:25,2,1.271,1.67,0.0050,27.9,1.276,2.05,3.98,-114,6.75
2026-08-31T14:31:26,2,1.257,0.57,0.0050,27.9,1.264,1.09,4.01,-121,-1.00
2026-08-31T14:31:28,2,1.273,1.86,0.0050,27.9,1.276,2.05,3.98,-114,7.00
2026-08-31T14:31:29,2,1.260,0.83,0.0050,27.9,1.263,1.02,4.01,-117,4.25
2026-08-31T14:31:30,2,1.274,1.93,0.0040,27.9,1.280,2.38,3.98,-118,3.25
2026-08-31T14:31:32,2,1.261,0.89,0.0050,27.9,1.272,1.80,4.00,-121,-1.25
2026-08-31T14:31:34,2,1.275,1.99,0.0050,27.9,1.279,2.31,3.98,-116,5.75
2026-08-31T14:31:35,2,1.262,0.96,0.0050,27.9,1.278,2.25,4.00,-115,6.00
2026-08-31T14:31:36,2,1.256,0.51,0.0050,27.9,1.264,1.09,4.01,-114,7.00
2026-08-31T14:31:37,2,1.274,1.93,0.0050,27.9,1.276,2.12,3.98,-114,6.50
2026-08-31T14:31:39,2,1.255,0.38,0.0050,27.9,1.264,1.15,4.01,-113,7.00
2026-08-31T14:31:40,2,1.277,2.18,0.0050,27.9,1.277,2.18,3.98,-115,6.75
2026-08-31T14:31:41,2,1.255,0.38,0.0050,27.9,1.265,1.22,4.01,-114,6.50
2026-08-31T14:31:42,2,1.277,2.18,0.0050,27.9,1.266,1.28,3.98,-115,6.50
2026-08-31T14:31:44,2,1.272,1.73,0.0050,27.9,1.275,1.99,3.98,-113,7.00
2026-08-31T14:31:45,2,1.255,0.38,0.0050,27.9,1.264,1.15,4.01,-114,6.50
2026-08-31T14:31:46,2,1.276,2.12,0.0050,27.9,1.264,1.15,3.99,-115,6.75
2026-08-31T14:31:47,2,1.272,1.80,0.0040,27.9,1.277,2.18,3.98,-120,1.00
2026-08-31T14:31:48,2,1.256,0.51,0.0040,27.9,1.265,1.22,4.01,-119,2.75
2026-08-31T14:31:49,2,1.274,1.93,0.0040,27.9,1.267,1.35,4.00,-122,-1.25
2026-08-31T14:31:51,2,1.260,0.76,0.0040,27.9,1.264,1.15,4.01,-115,6.25
2026-08-31T14:31:52,2,1.272,1.73,0.0040,27.9,1.268,1.41,3.99,-117,4.50
2026-08-31T14:31:53,2,1.260,0.76,0.0040,27.9,1.269,1.54,4.00,-119,2.75
2026-08-31T14:31:54,2,1.256,0.51,0.0040,27.9,1.264,1.09,4.01,-121,0.25
2026-08-31T14:31:55,2,1.273,1.86,0.0040,27.9,1.281,2.51,3.97,-120,1.25
2026-08-31T14:31:57,2,1.260,0.76,0.0040,27.9,1.275,1.99,3.99,-123,-3.75
2026-08-31T14:31:58,2,1.257,0.57,0.0040,27.9,1.262,0.96,4.01,-123,-2.50
2026-08-31T14:31:59,2,1.276,2.05,0.0040,27.9,1.278,2.25,3.98,-123,-3.75
2026-08-31T14:32:00,2,1.260,0.76,0.0040,27.9,1.276,2.05,4.00,-123,-10.00
2026-08-31T14:32:01,2,1.256,0.44,0.0040,27.9,1.265,1.22,4.01,-121,-1.00
2026-08-31T14:32:02,2,1.271,1.67,0.0040,27.9,1.279,2.31,3.98,-122,-3.25
2026-08-31T14:32:03,2,1.256,0.51,0.0040,27.9,1.274,1.93,3.99,-123,-4.50
2026-08-31T14:32:04,2,1.276,2.12,0.0040,27.9,1.268,1.41,3.99,-123,-8.25
2026-08-31T14:32:05,2,1.274,1.93,0.0040,27.9,1.277,2.18,3.00,-124,-11.00
2026-08-31T14:32:06,2,1.259,0.70,0.0040,27.9,1.276,2.05,4.00,-121,-0.25
2026-08-31T14:32:07,2,1.272,1.80,0.0040,27.9,1.266,1.28,3.99,-118,3.75
2026-08-31T14:32:09,2,1.273,1.86,0.0040,27.9,1.281,2.44,3.97,-121,1.00
2026-08-31T14:32:10,2,1.257,0.57,0.0040,27.9,1.264,1.15,4.00,-119,2.00
2026-08-31T14:32:11,2,1.273,1.86,0.0040,27.9,1.267,1.35,3.99,-118,3.25
2026-08-31T14:32:12,2,1.272,1.73,0.0040,27.9,1.276,2.12,3.98,-121,0.25
2026-08-31T14:32:13,2,1.256,0.44,0.0040,27.9,1.264,1.15,4.01,-121,0.00
2026-08-31T14:32:14,2,1.272,1.80,0.0040,27.9,1.266,1.28,3.99,-119,2.50
2026-08-31T14:32:15,2,1.260,0.76,0.0040,27.9,1.274,1.93,3.99,-117,4.75
2026-08-31T14:32:16,2,1.256,0.51,0.0040,27.9,1.264,1.15,4.01,-120,1.25
2026-08-31T14:32:17,2,1.268,1.47,0.0040,27.9,1.266,1.28,3.99,-121,0.75
2026-08-31T14:32:18,2,1.257,0.57,0.0040,27.9,1.275,1.99,4.00,-119,3.00
2026-08-31T14:32:19,2,1.258,0.64,0.0040,27.9,1.263,1.02,4.01,-116,5.75
2026-08-31T14:32:20,2,1.271,1.67,0.0040,27.9,1.268,1.41,4.00,-120,1.25
2026-08-31T14:32:22,2,1.258,0.64,0.0050,27.9,1.278,2.25,4.00,-120,1.25
2026-08-31T14:32:23,2,1.257,0.57,0.0050,27.9,1.264,1.15,4.01,-120,1.75
2026-08-31T14:32:24,2,1.273,1.86,0.0040,27.9,1.281,2.51,3.97,-120,1.75
2026-08-31T14:32:25,2,1.258,0.64,0.0040,27.9,1.274,1.93,4.00,-118,3.25
2026-08-31T14:32:26,2,1.274,1.93,0.0050,27.9,1.267,1.35,3.99,-116,5.50
2026-08-31T14:32:27,2,1.273,1.86,0.0050,27.9,1.277,2.18,3.98,-115,6.00
2026-08-31T14:32:28,2,1.261,0.89,0.0050,27.9,1.276,2.05,4.00,-115,6.25
2026-08-31T14:32:29,2,1.276,2.05,0.0050,27.9,1.266,1.28,3.99,-116,6.25
2026-08-31T14:32:30,2,1.274,1.93,0.0050,27.9,1.277,2.18,3.98,-115,6.00
2026-08-31T14:32:31,2,1.257,0.57,0.0050,27.9,1.275,1.99,4.00,-115,5.75
2026-08-31T14:32:32,2,1.272,1.80,0.0050,27.9,1.264,1.15,3.99,-115,6.25
2026-08-31T14:32:34,2,1.275,1.99,0.0040,27.9,1.277,2.18,3.98,-115,6.75
2026-08-31T14:32:35,2,1.256,0.44,0.0050,27.9,1.266,1.28,4.00,-115,6.50
2026-08-31T14:32:36,2,1.273,1.86,0.0050,27.9,1.268,1.47,3.99,-115,6.75
2026-08-31T14:32:37,2,1.260,0.76,0.0050,27.9,1.276,2.05,4.00,-114,6.75
2026-08-31T14:32:38,2,1.259,0.70,0.0050,27.9,1.264,1.15,4.01,-115,6.75
2026-08-31T14:32:39,2,1.272,1.80,0.0050,27.9,1.265,1.22,4.00,-118,3.00
2026-08-31T14:32:40,2,1.257,0.57,0.0050,27.9,1.277,2.18,4.00,-119,-2.25
2026-08-31T14:32:41,2,1.257,0.57,0.0040,27.9,1.261,0.89,4.01,-115,6.00
2026-08-31T14:32:42,2,1.274,1.93,0.0140,27.9,1.267,1.35,3.99,-115,6.75
2026-08-31T14:32:43,2,1.260,0.76,0.0320,27.9,1.274,1.93,3.99,-115,6.25
2026-08-31T14:32:44,2,1.258,0.64,0.0560,27.9,1.263,1.02,4.01,-115,6.50
2026-08-31T14:32:47,2,1.260,0.83,0.1100,27.9,1.284,2.70,3.99,-115,6.50
2026-08-31T14:32:48,2,1.280,2.38,0.1400,27.9,1.263,1.02,3.99,-115,5.75
2026-08-31T14:32:49,2,1.275,1.99,0.1690,27.9,1.278,2.25,4.00,-119,2.50
2026-08-31T14:32:50,2,1.262,0.96,0.1990,27.9,1.273,1.86,4.00,-119,2.75
2026-08-31T14:32:51,2,1.276,2.12,0.2310,27.9,1.269,1.54,3.99,-118,2.50
2026-08-31T14:32:52,2,1.276,2.12,0.3010,27.9,1.281,2.51,3.98,-117,4.50
2026-08-31T14:32:53,2,1.264,1.15,0.3370,27.9,1.272,1.80,4.00,-118,3.75
2026-08-31T14:32:54,2,1.280,2.38,0.3760,27.9,1.264,1.09,4.00,-119,3.00
2026-08-31T14:32:55,2,1.280,2.38,0.4180,27.9,1.280,2.38,3.98,-119,3.25
2026-08-31T14:32:57,2,1.281,2.44,0.5100,27.9,1.268,1.41,4.00,-120,2.25
2026-08-31T14:32:59,2,1.267,1.35,0.5600,27.9,1.276,2.05,4.00,-118,3.25
2026-08-31T14:33:00,2,1.269,1.54,0.6130,27.9,1.275,1.99,4.00,-121,0.75
2026-08-31T14:33:01,2,1.281,2.51,0.6700,27.9,1.266,1.28,4.00,-122,-1.25
2026-08-31T14:33:03,2,1.267,1.35,0.7630,27.9,1.264,1.09,4.01,-115,6.00
2026-08-31T14:33:04,2,1.282,2.57,0.7820,27.9,1.267,1.35,4.00,-114,6.75
2026-08-31T14:33:05,2,1.271,1.67,0.8230,27.9,1.277,2.18,4.00,-114,7.25
2026-08-31T14:33:06,2,1.268,1.47,0.8480,27.9,1.262,0.96,4.01,-117,4.25
2026-08-31T14:33:07,2,1.284,2.70,0.8760,27.9,1.264,1.09,3.99,-117,5.50
2026-08-31T14:33:08,2,1.272,1.80,0.9110,27.9,1.276,2.05,4.00,-115,5.75
2026-08-31T14:33:09,2,1.288,3.02,0.9490,27.9,1.266,1.28,3.98,-115,6.25
2026-08-31T14:33:11,2,1.283,2.63,0.9860,27.9,1.262,0.96,4.00,-115,6.00
2026-08-31T14:33:12,2,1.272,1.80,1.0260,27.9,1.275,1.99,4.00,-116,5.00
2026-08-31T14:33:13,2,1.292,3.34,1.0670,28.9,1.264,1.15,3.99,-119,2.50
2026-08-31T14:33:14,2,1.288,3.02,1.1090,28.9,1.267,1.35,3.99,-116,5.25
2026-08-31T14:33:15,2,1.274,1.93,1.1520,28.9,1.273,1.86,3.99,-119,2.75
2026-08-31T14:33:16,2,1.290,3.21,1.1950,28.9,1.267,1.35,3.99,-119,2.75
2026-08-31T14:33:17,2,1.292,3.34,1.3080,28.9,1.279,2.31,3.97,-119,2.50
2026-08-31T14:33:18,2,1.280,2.38,1.3630,28.9,1.275,1.99,3.99,-118,3.25
2026-08-31T14:33:19,2,1.293,3.47,1.4220,28.9,1.262,0.96,4.00,-116,5.50
2026-08-31T14:33:20,2,1.278,2.25,1.4790,28.9,1.276,2.12,3.99,-116,5.50
2026-08-31T14:33:21,2,1.280,2.38,1.5390,28.9,1.272,1.80,3.99,-115,5.50
2026-08-31T14:33:22,2,1.293,3.47,1.5990,28.9,1.266,1.28,3.99,-116,5.50
2026-08-31T14:33:24,2,1.282,2.57,1.6560,28.9,1.276,2.12,4.00,-116,4.75
2026-08-31T14:33:25,2,1.283,2.63,1.7130,28.9,1.273,1.86,4.00,-117,4.75
2026-08-31T14:33:26,2,1.297,3.79,1.7700,28.9,1.265,1.22,3.99,-116,5.75
2026-08-31T14:33:27,2,1.285,2.83,1.8250,28.9,1.276,2.12,3.99,-116,5.50
2026-08-31T14:33:28,2,1.285,2.83,1.8830,28.9,1.276,2.05,3.99,-116,5.75
2026-08-31T14:33:29,2,1.298,3.86,1.9420,28.9,1.267,1.35,3.99,-116,5.75
2026-08-31T14:33:30,2,1.287,2.96,2.0600,28.9,1.276,2.05,3.99,-116,6.25
2026-08-31T14:33:31,2,1.305,4.44,2.1180,28.9,1.267,1.35,3.99,-116,5.75
2026-08-31T14:33:32,2,1.301,4.12,2.1790,28.9,1.265,1.22,4.00,-116,5.25
2026-08-31T14:33:33,2,1.289,3.09,2.2410,28.9,1.276,2.12,3.99,-115,5.50
2026-08-31T14:33:34,2,1.305,4.38,2.3030,28.9,1.267,1.35,3.99,-116,5.25
2026-08-31T14:33:36,2,1.308,4.63,2.3680,28.9,1.267,1.35,3.99,-116,5.50
2026-08-31T14:33:37,2,1.293,3.41,2.4320,28.9,1.274,1.93,4.00,-117,4.75
2026-08-31T14:33:38,2,1.307,4.57,2.4990,28.9,1.265,1.22,3.99,-122,-1.00
2026-08-31T14:33:40,2,1.293,3.47,2.6320,28.9,1.272,1.80,3.99,-123,-3.75
2026-08-31T14:33:41,2,1.301,4.05,2.6980,28.9,1.265,1.22,4.00,-119,2.50
2026-08-31T14:33:42,2,1.297,3.73,2.8290,28.9,1.279,2.31,3.99,-120,1.00
2026-08-31T14:33:43,2,1.299,3.92,2.8950,28.9,1.276,2.05,3.99,-119,3.00
2026-08-31T14:33:44,2,1.314,5.08,2.9600,28.9,1.269,1.54,4.00,-119,2.25
2026-08-31T14:33:45,2,1.300,3.99,3.0280,28.9,1.276,2.12,3.99,-120,1.00
2026-08-31T14:33:46,2,1.300,3.99,3.0940,28.9,1.272,1.80,3.99,-120,1.00
2026-08-31T14:33:48,2,1.313,5.02,3.1610,28.9,1.268,1.47,3.99,-121,0.75
2026-08-31T14:33:49,2,1.304,4.31,3.2260,28.9,1.275,1.99,3.99,-122,-2.75
2026-08-31T14:33:50,2,1.303,4.25,3.2920,28.9,1.274,1.93,4.00,-117,4.25
2026-08-31T14:33:51,2,1.320,5.60,3.3560,28.9,1.266,1.28,3.99,-115,6.00
2026-08-31T14:33:52,2,1.305,4.44,3.4240,28.9,1.276,2.05,4.00,-118,4.25
2026-08-31T14:33:53,2,1.323,5.86,3.4900,28.9,1.268,1.41,3.98,-117,5.00
2026-08-31T14:33:54,2,1.318,5.47,3.6220,28.9,1.267,1.35,3.99,-117,5.00
2026-08-31T14:33:55,2,1.308,4.63,3.6850,28.9,1.276,2.05,3.99,-117,5.00
2026-08-31T14:33:56,2,1.326,6.12,3.7470,28.9,1.266,1.28,3.99,-116,6.00
2026-08-31T14:33:57,2,1.319,5.54,3.8080,28.9,1.262,0.96,3.99,-116,5.75
2026-08-31T14:33:58,2,1.310,4.83,3.8730,28.9,1.276,2.05,4.00,-116,5.00
2026-08-31T14:33:59,2,1.326,6.05,3.9390,28.9,1.267,1.35,3.99,-116,5.50
2026-08-31T14:34:01,2,1.323,5.86,4.0050,28.9,1.265,1.22,3.99,-118,3.50
2026-08-31T14:34:02,2,1.314,5.08,4.0720,28.9,1.273,1.86,4.00,-117,5.00
2026-08-31T14:34:03,2,1.330,6.37,4.1400,28.9,1.263,1.02,3.99,-118,3.50
2026-08-31T14:34:04,2,1.313,5.02,4.2100,28.9,1.264,1.09,4.00,-119,2.50
2026-08-31T14:34:05,2,1.318,5.41,4.2830,28.9,1.275,1.99,3.99,-119,2.75
2026-08-31T14:34:06,2,1.334,6.70,4.3500,28.9,1.264,1.15,3.99,-118,3.75
2026-08-31T14:34:07,2,1.320,5.60,4.4970,28.9,1.279,2.31,3.99,-119,2.25
2026-08-31T14:34:08,2,1.319,5.54,4.6750,28.9,1.273,1.86,3.99,-119,3.25
2026-08-31T14:34:10,2,1.323,5.86,4.8290,28.9,1.276,2.12,3.99,-118,3.50
2026-08-31T14:34:11,2,1.322,5.73,4.9020,28.9,1.273,1.86,4.00,-121,0.25
2026-08-31T14:34:14,2,1.323,5.86,5.0370,28.9,1.277,2.18,3.99,-120,2.00
2026-08-31T14:34:15,2,1.325,5.99,5.1000,28.9,1.271,1.67,4.00,-114,-0.25
2026-08-31T14:34:16,2,1.339,7.08,5.1610,28.9,1.264,1.15,3.99,-117,4.50
2026-08-31T14:34:17,2,1.326,6.05,5.2200,28.9,1.275,1.99,3.99,-117,4.50
2026-08-31T14:34:18,2,1.346,7.66,5.2720,28.9,1.276,2.12,3.97,-118,4.25
2026-08-31T14:34:19,2,1.338,7.02,5.3580,28.9,1.268,1.41,3.99,-120,2.00
2026-08-31T14:34:21,2,1.342,7.34,5.4260,28.9,1.271,1.67,3.99,-118,3.25
2026-08-31T14:34:22,2,1.340,7.21,5.4540,28.9,1.267,1.35,3.99,-115,6.00
2026-08-31T14:34:23,2,1.326,6.05,5.4710,28.9,1.274,1.93,3.99,-116,5.25
2026-08-31T14:34:24,2,1.339,7.15,5.4840,28.9,1.267,1.35,3.99,-118,3.25
2026-08-31T14:34:27,2,1.329,6.31,5.5010,28.9,1.274,1.93,3.99,-118,4.00
2026-08-31T14:34:28,2,1.339,7.15,5.4970,28.9,1.265,1.22,3.99,-119,2.50
2026-08-31T14:34:29,2,1.326,6.05,5.4960,28.9,1.264,1.15,4.01,-115,5.75
2026-08-31T14:34:32,2,1.329,6.31,5.5060,28.9,1.279,2.31,3.99,-114,6.75
2026-08-31T14:34:33,2,1.326,6.12,5.5080,28.9,1.275,1.99,4.00,-115,5.75
2026-08-31T14:34:34,2,1.340,7.21,5.5090,28.9,1.266,1.28,3.99,-120,1.75
2026-08-31T14:34:35,2,1.327,6.18,5.5110,28.9,1.277,2.18,3.99,-120,2.25
2026-08-31T14:34:36,2,1.323,5.86,5.5140,28.9,1.272,1.80,4.00,-120,0.75
2026-08-31T14:34:38,2,1.339,7.15,5.5180,28.9,1.269,1.54,4.00,-122,-2.75
2026-08-31T14:34:39,2,1.326,6.12,5.5180,28.9,1.274,1.93,3.99,-121,-0.25
2026-08-31T14:34:40,2,1.343,7.41,5.5190,28.9,1.276,2.12,3.97,-120,1.25
2026-08-31T14:34:41,2,1.347,7.79,5.5210,28.9,1.274,1.93,4.00,-114,6.75
2026-08-31T14:34:42,2,1.326,6.12,5.5260,28.9,1.276,2.05,4.00,-115,6.00
2026-08-31T14:34:43,2,1.345,7.60,5.5230,28.9,1.275,1.99,3.98,-113,7.00
2026-08-31T14:34:44,2,1.338,7.02,5.5180,28.9,1.264,1.15,4.00,-115,6.00
2026-08-31T14:34:45,2,1.325,5.99,5.5170,28.9,1.276,2.12,4.00,-117,5.25
2026-08-31T14:34:46,2,1.349,7.92,5.5120,28.9,1.266,1.28,3.99,-121,-1.00
2026-08-31T14:34:47,2,1.339,7.15,5.5120,28.9,1.268,1.41,4.00,-119,3.00
2026-08-31T14:34:48,2,1.329,6.31,5.5090,28.9,1.269,1.54,4.00,-120,1.75
2026-08-31T14:34:50,2,1.342,7.34,5.5070,28.9,1.268,1.41,3.99,-119,3.00
2026-08-31T14:34:51,2,1.325,5.99,5.5050,28.9,1.264,1.15,4.01,-118,3.25
2026-08-31T14:34:52,2,1.329,6.31,5.5040,28.9,1.274,1.93,3.99,-118,3.50
2026-08-31T14:34:53,2,1.339,7.15,5.5040,28.9,1.266,1.28,4.00,-115,6.25
2026-08-31T14:34:54,2,1.326,6.05,5.5030,28.9,1.263,1.02,4.01,-116,5.25
2026-08-31T14:34:55,2,1.326,6.05,5.5000,28.9,1.275,1.99,3.99,-117,5.00
2026-08-31T14:34:56,2,1.343,7.47,5.4960,28.9,1.266,1.28,3.99,-115,6.25
2026-08-31T14:34:57,2,1.327,6.18,5.4830,28.9,1.276,2.05,4.00,-116,5.50
2026-08-31T14:34:58,2,1.327,6.18,5.4800,28.9,1.272,1.80,3.99,-115,6.50
2026-08-31T14:34:59,2,1.339,7.08,5.4760,28.9,1.266,1.28,3.99,-116,6.25
2026-08-31T14:35:00,2,1.327,6.18,5.4690,28.9,1.277,2.18,3.99,-114,7.00
2026-08-31T14:35:01,2,1.344,7.53,5.4610,28.9,1.276,2.12,3.97,-114,6.75
2026-08-31T14:35:03,2,1.339,7.15,5.4570,28.9,1.265,1.22,4.00,-118,3.75
2026-08-31T14:35:04,2,1.326,6.12,5.4580,28.9,1.275,1.99,4.00,-120,1.00
2026-08-31T14:35:05,2,1.343,7.41,5.4530,28.9,1.276,2.05,3.98,-116,5.50
2026-08-31T14:35:06,2,1.339,7.08,5.4490,28.9,1.268,1.41,3.99,-115,6.50
2026-08-31T14:35:07,2,1.328,6.24,5.4470,28.9,1.273,1.86,3.99,-116,5.50
2026-08-31T14:35:08,2,1.341,7.28,5.4420,28.9,1.276,2.12,3.98,-115,6.25
2026-08-31T14:35:09,2,1.339,7.08,5.4330,28.9,1.266,1.28,3.99,-114,6.75
2026-08-31T14:35:10,2,1.325,5.99,5.4270,28.9,1.275,1.99,4.00,-114,6.75
2026-08-31T14:35:11,2,1.338,7.02,5.4200,28.9,1.267,1.35,3.99,-116,5.25
2026-08-31T14:35:12,2,1.322,5.79,5.4160,28.9,1.264,1.09,4.01,-116,5.75
2026-08-31T14:35:13,2,1.324,5.92,5.4120,28.9,1.281,2.44,3.99,-117,4.25
2026-08-31T14:35:15,2,1.336,6.89,5.4100,28.9,1.267,1.35,3.99,-118,3.75
2026-08-31T14:35:16,2,1.327,6.18,5.4060,28.9,1.265,1.22,4.01,-121,0.75
2026-08-31T14:35:17,2,1.326,6.12,5.4040,28.9,1.274,1.93,4.00,-119,1.75
2026-08-31T14:35:18,2,1.338,7.02,5.4030,28.9,1.265,1.22,3.99,-120,1.75
2026-08-31T14:35:19,2,1.322,5.79,5.3960,28.9,1.264,1.15,4.01,-110,8.25
2026-08-31T14:35:20,2,1.328,6.24,5.3960,28.9,1.274,1.93,4.00,-112,7.75
2026-08-31T14:35:21,2,1.339,7.08,5.3900,28.9,1.264,1.09,3.99,-114,6.75
2026-08-31T14:35:22,2,1.326,6.05,5.3850,28.9,1.273,1.86,4.01,-114,7.00
2026-08-31T14:35:23,2,1.345,7.60,5.3840,28.9,1.276,2.12,3.97,-111,8.00
2026-08-31T14:35:24,2,1.337,6.95,5.3790,28.9,1.261,0.89,3.99,-115,6.00
2026-08-31T14:35:25,2,1.324,5.92,5.3760,28.9,1.276,2.12,3.99,-114,6.50
2026-08-31T14:35:26,2,1.343,7.41,5.3740,28.9,1.283,2.63,3.97,-119,2.50
2026-08-31T14:35:28,2,1.338,7.02,5.3720,28.9,1.264,1.09,3.99,-121,0.50
2026-08-31T14:35:29,2,1.326,6.12,5.3690,28.9,1.276,2.12,3.99,-122,-0.50
2026-08-31T14:35:30,2,1.339,7.08,5.3700,28.9,1.272,1.80,3.98,-120,1.25
2026-08-31T14:35:31,2,1.339,7.08,5.3690,28.9,1.265,1.22,3.99,-122,-1.00
2026-08-31T14:35:32,2,1.325,5.99,5.3620,28.9,1.276,2.05,3.99,-120,1.00
2026-08-31T14:35:34,2,1.320,5.60,5.3510,28.9,1.264,1.15,4.01,-123,-4.75
2026-08-31T14:35:37,2,1.320,5.60,5.3380,28.9,1.263,1.02,4.01,-120,1.25
2026-08-31T14:35:40,2,1.341,7.28,5.3320,28.9,1.265,1.22,3.99,-121,1.00
2026-08-31T14:35:41,2,1.322,5.79,5.3300,28.9,1.263,1.02,4.01,-122,-2.75
2026-08-31T14:35:43,2,1.338,7.02,5.3230,28.9,1.267,1.35,4.00,-123,-3.50
2026-08-31T14:35:45,2,1.342,7.34,5.3130,28.9,1.279,2.31,3.97,-116,5.50
2026-08-31T14:35:46,2,1.339,7.08,5.3080,28.9,1.264,1.15,3.99,-117,5.00
2026-08-31T14:35:47,2,1.322,5.79,5.3050,28.9,1.264,1.15,4.01,-117,4.00
2026-08-31T14:35:48,2,1.340,7.21,5.3010,28.9,1.275,1.99,3.98,-117,4.75
2026-08-31T14:35:50,2,1.324,5.92,5.2950,28.9,1.277,2.18,3.99,-119,3.00
2026-08-31T14:35:51,2,1.341,7.28,5.2860,28.9,1.276,2.05,3.97,-120,0.50
2026-08-31T14:35:53,2,1.337,6.95,5.2850,28.9,1.266,1.28,3.99,-121,0.50
2026-08-31T14:35:54,2,1.324,5.92,5.2810,28.9,1.276,2.12,3.99,-119,2.75
2026-08-31T14:35:56,2,1.322,5.79,5.2800,28.9,1.265,1.22,4.01,-120,2.25
2026-08-31T14:35:57,2,1.324,5.92,5.2730,28.9,1.278,2.25,3.99,-115,6.00
2026-08-31T14:35:58,2,1.339,7.15,5.2700,28.9,1.276,2.05,3.97,-116,5.75
2026-08-31T14:35:59,2,1.322,5.79,5.2680,28.9,1.271,1.67,4.01,-117,5.25
2026-08-31T14:36:00,2,1.326,6.12,5.2630,28.9,1.276,2.12,3.99,-115,6.50
2026-08-31T14:36:01,2,1.340,7.21,5.2610,28.9,1.272,1.80,3.98,-120,1.50
2026-08-31T14:36:02,2,1.322,5.73,5.2570,28.9,1.266,1.28,4.01,-121,0.00
2026-08-31T14:36:03,2,1.325,5.99,5.2550,28.9,1.274,1.93,3.99,-122,-4.25
2026-08-31T14:36:05,2,1.335,6.76,5.2530,28.9,1.264,1.15,4.00,-122,-4.00
2026-08-31T14:36:06,2,1.322,5.79,5.2480,28.9,1.264,1.15,4.01,-122,-1.75
2026-08-31T14:36:07,2,1.343,7.47,5.2460,28.9,1.276,2.12,3.98,-123,-2.75
2026-08-31T14:36:08,2,1.336,6.89,5.2430,28.9,1.266,1.28,3.99,-120,2.00
2026-08-31T14:36:09,2,1.322,5.79,5.2380,28.9,1.264,1.09,4.01,-119,2.75
2026-08-31T14:36:10,2,1.339,7.08,5.2340,28.9,1.278,2.25,3.97,-122,-2.25
2026-08-31T14:36:11,2,1.336,6.89,5.2320,28.9,1.265,1.22,3.99,-123,-5.50
2026-08-31T14:36:12,2,1.321,5.66,5.2270,28.9,1.264,1.09,4.01,-120,2.00
2026-08-31T14:36:13,2,1.339,7.15,5.2240,28.9,1.276,2.05,3.97,-116,6.25
2026-08-31T14:36:14,2,1.335,6.76,5.2230,28.9,1.264,1.15,3.99,-122,-1.75
2026-08-31T14:36:15,2,1.322,5.79,5.2200,28.9,1.268,1.41,4.01,-119,2.25
2026-08-31T14:36:17,2,1.338,7.02,5.2210,28.9,1.275,1.99,3.97,-120,2.25
2026-08-31T14:36:18,2,1.322,5.73,5.2200,28.9,1.264,1.09,4.01,-119,2.50
2026-08-31T14:36:19,2,1.325,5.99,5.2110,28.9,1.277,2.18,3.99,-120,2.25
2026-08-31T14:36:20,2,1.336,6.89,5.2120,28.9,1.276,2.05,3.97,-121,0.75
2026-08-31T14:36:21,2,1.320,5.60,5.2100,28.9,1.262,0.96,4.00,-118,3.25
2026-08-31T14:36:22,2,1.323,5.86,5.2090,28.9,1.276,2.05,3.99,-120,2.00
2026-08-31T14:36:23,2,1.337,6.95,5.2080,28.9,1.276,2.05,3.98,-120,2.00
2026-08-31T14:36:24,2,1.320,5.60,5.2040,28.9,1.264,1.09,4.01,-116,5.50
2026-08-31T14:36:25,2,1.321,5.66,5.2040,28.9,1.275,1.99,3.99,-117,5.25
2026-08-31T14:36:26,2,1.338,7.02,5.2030,28.9,1.275,1.99,3.98,-117,5.00
2026-08-31T14:36:27,2,1.320,5.60,5.1980,28.9,1.262,0.96,4.01,-117,5.00
2026-08-31T14:36:28,2,1.341,7.28,5.1990,28.9,1.276,2.12,3.98,-117,4.75
2026-08-31T14:36:30,2,1.333,6.63,5.1960,28.9,1.264,1.15,3.99,-117,4.25
2026-08-31T14:36:31,2,1.322,5.79,5.1920,28.9,1.264,1.15,4.01,-117,4.25
2026-08-31T14:36:32,2,1.339,7.08,5.1890,28.9,1.276,2.12,3.98,-117,4.25
2026-08-31T14:36:33,2,1.333,6.63,5.1890,28.9,1.264,1.15,3.99,-117,4.75
2026-08-31T14:36:34,2,1.320,5.60,5.1890,28.9,1.264,1.09,4.01,-117,4.75
2026-08-31T14:36:35,2,1.339,7.08,5.1830,28.9,1.275,1.99,3.97,-117,4.50
2026-08-31T14:36:36,2,1.334,6.70,5.1770,28.9,1.265,1.22,3.99,-117,4.25
2026-08-31T14:36:37,2,1.320,5.60,5.1730,28.9,1.266,1.28,4.01,-117,4.75
2026-08-31T14:36:38,2,1.344,7.53,5.1730,28.9,1.276,2.12,3.98,-117,4.75
2026-08-31T14:36:39,2,1.320,5.60,5.1680,28.9,1.256,0.51,4.01,-117,4.75
2026-08-31T14:36:40,2,1.318,5.47,5.1670,28.9,1.264,1.09,4.01,-117,5.00
2026-08-31T14:36:42,2,1.347,7.79,5.1620,28.9,1.276,2.05,3.97,-123,-3.75
2026-08-31T14:36:43,2,1.321,5.66,5.1620,28.9,1.263,1.02,4.01,-112,7.50
2026-08-31T14:36:44,2,1.322,5.79,5.1570,28.9,1.278,2.25,3.99,-118,3.75
2026-08-31T14:36:45,2,1.335,6.76,5.1550,28.9,1.276,2.05,3.98,-119,3.00
2026-08-31T14:36:46,2,1.320,5.60,5.1510,28.9,1.265,1.22,4.01,-120,2.25
2026-08-31T14:36:47,2,1.322,5.79,5.1480,28.9,1.276,2.05,3.99,-119,3.25
2026-08-31T14:36:48,2,1.337,6.95,5.1480,28.9,1.274,1.93,3.98,-119,3.25
2026-08-31T14:36:49,2,1.320,5.60,5.1340,28.9,1.265,1.22,4.01,-120,1.00
2026-08-31T14:36:50,2,1.341,7.28,5.1340,28.9,1.278,2.25,3.97,-120,2.25
2026-08-31T14:36:51,2,1.336,6.89,5.1330,28.9,1.275,1.99,3.98,-120,2.00
2026-08-31T14:36:52,2,1.323,5.86,5.1310,28.9,1.264,1.09,4.01,-120,2.25
2026-08-31T14:36:53,2,1.339,7.08,5.1260,28.9,1.276,2.12,3.98,-118,4.50
2026-08-31T14:36:55,2,1.330,6.37,5.1240,28.9,1.266,1.28,3.99,-117,5.25
2026-08-31T14:36:56,2,1.318,5.41,5.1100,28.9,1.264,1.15,4.01,-119,2.50
2026-08-31T14:36:58,2,1.330,6.44,5.0270,28.9,1.265,1.22,4.00,-119,2.25
2026-08-31T14:36:59,2,1.318,5.41,4.9830,28.9,1.266,1.28,4.01,-120,0.75
2026-08-31T14:37:00,2,1.331,6.50,4.9460,28.9,1.275,1.99,3.98,-119,2.75
2026-08-31T14:37:01,2,1.315,5.21,4.8660,28.9,1.264,1.09,4.00,-120,1.25
2026-08-31T14:37:03,2,1.333,6.63,4.7900,28.9,1.272,1.80,3.98,-121,-1.25
2026-08-31T14:37:04,2,1.314,5.15,4.7540,28.9,1.263,1.02,4.01,-121,1.00
2026-08-31T14:37:05,2,1.314,5.15,4.7220,28.9,1.264,1.09,4.00,-120,1.25
2026-08-31T14:37:07,2,1.330,6.44,4.6920,28.9,1.276,2.05,3.98,-120,1.25
2026-08-31T14:37:09,2,1.313,5.02,4.6360,28.9,1.277,2.18,3.99,-120,1.00
2026-08-31T14:37:10,2,1.328,6.24,4.6110,28.9,1.274,1.93,3.97,-121,1.00
2026-08-31T14:37:11,2,1.312,4.96,4.5750,28.9,1.263,1.02,4.01,-120,1.25
2026-08-31T14:37:12,2,1.330,6.44,4.5380,28.9,1.278,2.25,3.97,-120,1.50
2026-08-31T14:37:14,2,1.312,4.96,4.4310,28.9,1.265,1.22,4.01,-120,1.75
2026-08-31T14:37:15,2,1.320,5.60,4.4050,28.9,1.278,2.25,3.97,-120,1.75
2026-08-31T14:37:16,2,1.326,6.05,4.4050,28.9,1.275,1.99,3.98,-121,0.00
2026-08-31T14:37:17,2,1.311,4.89,4.4080,28.9,1.263,1.02,4.01,-121,0.75
2026-08-31T14:37:20,2,1.326,6.12,4.4040,28.9,1.276,2.05,3.98,-120,2.50
2026-08-31T14:37:21,2,1.311,4.89,4.4080,28.9,1.264,1.09,4.01,-120,2.25
2026-08-31T14:37:22,2,1.329,6.31,4.4040,28.9,1.277,2.18,3.97,-119,3.00
2026-08-31T14:37:23,2,1.311,4.89,4.4010,28.9,1.264,1.15,4.01,-118,3.50
2026-08-31T14:37:24,2,1.312,4.96,4.4000,28.9,1.264,1.09,4.01,-119,2.50
2026-08-31T14:37:25,2,1.330,6.44,4.3950,28.9,1.274,1.93,3.97,-120,1.00
2026-08-31T14:37:26,2,1.315,5.21,4.4170,28.9,1.262,0.96,4.00,-120,1.75
2026-08-31T14:37:27,2,1.314,5.15,4.4730,28.9,1.265,1.22,4.01,-121,1.00
2026-08-31T14:37:28,2,1.334,6.70,4.5400,28.9,1.276,2.12,3.97,-121,0.75
2026-08-31T14:37:29,2,1.317,5.34,4.6150,28.9,1.260,0.76,4.00,-120,1.25
2026-08-31T14:37:30,2,1.319,5.54,4.6990,28.9,1.264,1.09,4.01,-121,1.00
2026-08-31T14:37:32,2,1.335,6.76,4.7940,28.9,1.275,1.99,3.96,-119,2.25
2026-08-31T14:37:33,2,1.323,5.86,4.8970,28.9,1.264,1.15,4.01,-122,-3.75
2026-08-31T14:37:34,2,1.343,7.41,5.0080,28.9,1.264,1.09,3.99,-121,-0.75
2026-08-31T14:37:35,2,1.351,8.11,5.1300,28.9,1.276,2.12,3.98,-121,0.50
2026-08-31T14:37:36,2,1.328,6.24,5.2560,28.9,1.263,1.02,4.01,-120,0.75
2026-08-31T14:37:37,2,1.350,7.99,5.3840,28.9,1.277,2.18,3.97,-121,0.75
2026-08-31T14:37:38,2,1.347,7.79,5.6580,28.9,1.277,2.18,3.98,-121,1.25
2026-08-31T14:37:39,2,1.335,6.76,5.7990,28.9,1.264,1.09,4.01,-122,-1.50
2026-08-31T14:37:40,2,1.355,8.44,5.9440,28.9,1.278,2.25,3.97,-118,4.25
2026-08-31T14:37:41,2,1.355,8.37,6.0970,28.9,1.277,2.18,3.98,-118,4.50
2026-08-31T14:37:42,2,1.339,7.15,6.2530,28.9,1.265,1.22,4.01,-120,1.50
2026-08-31T14:37:44,2,1.359,8.69,6.4110,28.9,1.276,2.12,3.97,-117,5.25
2026-08-31T14:37:45,2,1.347,7.73,6.5820,28.9,1.274,1.93,4.00,-116,5.00
2026-08-31T14:37:46,2,1.345,7.60,6.7730,28.9,1.264,1.09,4.01,-116,5.25
2026-08-31T14:37:47,2,1.364,9.08,6.8760,28.9,1.278,2.25,3.97,-117,5.00
2026-08-31T14:37:48,2,1.347,7.79,6.9730,28.9,1.265,1.22,3.99,-117,5.00
2026-08-31T14:37:49,2,1.348,7.86,7.0600,28.9,1.263,1.02,4.00,-117,5.25
2026-08-31T14:37:50,2,1.365,9.21,7.1400,28.9,1.275,1.99,3.97,-117,5.25
2026-08-31T14:37:51,2,1.348,7.86,7.2930,28.9,1.264,1.09,4.01,-117,5.25
2026-08-31T14:37:52,2,1.352,8.18,7.3610,28.9,1.264,1.09,4.01,-117,5.00
2026-08-31T14:37:53,2,1.365,9.21,7.4260,28.9,1.276,2.05,3.98,-117,5.00
2026-08-31T14:37:54,2,1.351,8.05,7.4900,28.9,1.264,1.15,4.01,-117,5.25
2026-08-31T14:37:55,2,1.372,9.79,7.5510,28.9,1.265,1.22,3.99,-117,5.00
2026-08-31T14:37:57,2,1.370,9.60,7.6070,28.9,1.275,1.99,3.97,-114,7.00
2026-08-31T14:37:58,2,1.355,8.44,7.6700,28.9,1.265,1.22,4.01,-115,6.25
2026-08-31T14:37:59,2,1.375,9.98,7.7350,28.9,1.265,1.22,3.98,-116,6.00
2026-08-31T14:38:00,2,1.373,9.85,7.8050,28.9,1.276,2.05,3.98,-116,5.50
2026-08-31T14:38:01,2,1.358,8.63,7.8710,28.9,1.264,1.09,4.01,-116,5.50
2026-08-31T14:38:02,2,1.377,10.18,7.9390,28.9,1.278,2.25,3.99,-116,5.75
2026-08-31T14:38:03,2,1.375,9.98,8.0710,28.9,1.278,2.25,3.98,-116,5.00
2026-08-31T14:38:04,2,1.360,8.82,8.1370,28.9,1.263,1.02,4.01,-117,5.25
2026-08-31T14:38:05,2,1.379,10.31,8.2120,28.9,1.280,2.38,3.97,-117,5.25
2026-08-31T14:38:06,2,1.364,9.15,8.2860,28.9,1.274,1.93,3.99,-117,5.50
2026-08-31T14:38:07,2,1.366,9.27,8.3630,28.9,1.260,0.76,4.01,-114,7.00
2026-08-31T14:38:09,2,1.381,10.50,8.4420,28.9,1.278,2.25,3.97,-116,5.75
2026-08-31T14:38:10,2,1.366,9.27,8.5180,28.9,1.272,1.73,3.99,-116,5.50
2026-08-31T14:38:11,2,1.367,9.34,8.5980,28.9,1.264,1.09,4.01,-116,5.50
2026-08-31T14:38:12,2,1.385,10.82,8.6820,28.9,1.279,2.31,3.97,-120,1.00
2026-08-31T14:38:13,2,1.371,9.66,8.7630,28.9,1.274,1.93,3.99,-119,3.00
2026-08-31T14:38:14,2,1.372,9.79,8.8480,28.9,1.262,0.96,4.01,-118,3.50
2026-08-31T14:38:15,2,1.388,11.02,8.9350,28.9,1.275,1.99,3.00,-124,-10.50
2026-08-31T14:38:16,2,1.372,9.79,9.1030,28.9,1.260,0.76,4.01,-120,2.50
2026-08-31T14:38:17,2,1.394,11.53,9.1880,28.9,1.265,1.22,3.99,-121,0.00
2026-08-31T14:38:18,2,1.388,11.08,9.2670,28.9,1.276,2.12,3.98,-119,3.00
2026-08-31T14:38:19,2,1.380,10.37,9.3550,28.9,1.266,1.28,4.01,-123,-5.00
2026-08-31T14:38:21,2,1.393,11.40,9.4350,28.9,1.266,1.28,3.99,-117,5.25
2026-08-31T14:38:22,2,1.393,11.40,9.5180,28.9,1.275,1.99,3.98,-115,6.25
2026-08-31T14:38:23,2,1.380,10.44,9.6050,28.9,1.263,1.02,4.01,-119,2.50
2026-08-31T14:38:24,2,1.395,11.60,9.6930,28.9,1.266,1.28,3.99,-124,-8.25
2026-08-31T14:38:25,2,1.397,11.72,9.7800,28.9,1.276,2.12,3.98,-119,2.75
2026-08-31T14:38:26,2,1.384,10.69,9.8620,28.9,1.263,1.02,4.01,-120,2.50
2026-08-31T14:38:27,2,1.399,11.92,9.9480,28.9,1.265,1.22,3.99,-119,2.75
2026-08-31T14:38:28,2,1.388,11.08,10.1140,28.9,1.272,1.80,3.99,-119,2.25
2026-08-31T14:38:29,2,1.387,10.95,10.2000,28.9,1.264,1.09,4.01,-119,2.00
2026-08-31T14:38:30,2,1.407,12.56,10.2820,28.9,1.281,2.44,3.97,-121,-0.75
2026-08-31T14:38:31,2,1.390,11.21,10.3670,28.9,1.272,1.80,3.99,-123,-8.50
2026-08-31T14:38:32,2,1.387,10.95,10.4460,28.9,1.264,1.15,4.01,-122,-3.00
2026-08-31T14:38:34,2,1.409,12.69,10.5250,28.9,1.278,2.25,3.97,-123,-4.50
2026-08-31T14:38:35,2,1.397,11.72,10.6070,28.9,1.281,2.44,3.99,-122,-2.25
2026-08-31T14:38:36,2,1.413,13.08,10.6920,28.9,1.267,1.35,3.99,-122,-2.50
2026-08-31T14:38:37,2,1.412,12.95,10.7740,28.9,1.276,2.12,3.97,-121,-1.75
2026-08-31T14:38:38,2,1.397,11.79,10.8560,28.9,1.274,1.93,4.00,-122,-2.00
2026-08-31T14:38:39,2,1.414,13.14,10.9430,28.9,1.266,1.28,3.99,-122,-1.75
2026-08-31T14:38:40,2,1.413,13.08,11.1070,28.9,1.278,2.25,3.97,-122,-2.00
2026-08-31T14:38:41,2,1.402,12.18,11.1920,28.9,1.274,1.93,3.99,-120,1.25
2026-08-31T14:38:43,2,1.417,13.34,11.3570,28.9,1.275,1.99,3.97,-121,0.00
2026-08-31T14:38:44,2,1.403,12.24,11.4410,28.9,1.263,1.02,4.01,-120,0.50
2026-08-31T14:38:46,2,1.420,13.59,11.5250,28.9,1.266,1.28,3.99,-121,0.50
2026-08-31T14:38:47,2,1.409,12.69,11.6040,28.9,1.276,2.05,3.99,-120,0.50
2026-08-31T14:38:49,2,1.426,14.05,11.7670,28.9,1.268,1.41,3.99,-121,0.25
2026-08-31T14:38:50,2,1.410,12.82,11.8540,28.9,1.272,1.80,3.99,-121,0.25
2026-08-31T14:38:51,2,1.410,12.82,11.9360,28.9,1.264,1.15,4.01,-121,0.50
2026-08-31T14:38:52,2,1.423,13.85,12.0180,28.9,1.266,1.28,3.99,-121,0.50
2026-08-31T14:38:54,2,1.410,12.82,12.2650,28.9,1.264,1.09,4.00,-123,-5.50
2026-08-31T14:38:55,2,1.429,14.30,12.3410,28.9,1.265,1.22,3.99,-121,0.50
2026-08-31T14:38:56,2,1.417,13.34,12.4300,28.9,1.273,1.86,3.99,-121,0.50
2026-08-31T14:38:57,2,1.434,14.69,12.5080,28.9,1.265,1.22,3.99,-120,0.75
2026-08-31T14:39:00,2,1.422,13.72,12.6680,28.9,1.273,1.86,3.99,-121,1.00
2026-08-31T14:39:01,2,1.435,14.82,12.7410,28.9,1.266,1.28,3.99,-121,0.50
2026-08-31T14:39:02,2,1.438,15.01,12.8150,28.9,1.280,2.38,3.97,-120,0.50
2026-08-31T14:39:03,2,1.423,13.85,12.8920,28.9,1.272,1.80,3.99,-120,0.25
2026-08-31T14:39:05,2,1.430,14.37,13.1190,28.9,1.277,2.18,3.98,-121,0.75
2026-08-31T14:39:06,2,1.426,14.11,13.1970,28.9,1.274,1.93,3.99,-120,0.75
2026-08-31T14:39:07,2,1.441,15.27,13.2750,28.9,1.266,1.28,3.99,-121,0.75
2026-08-31T14:39:08,2,1.419,13.53,13.3480,28.9,1.276,2.12,3.99,-120,0.75
2026-08-31T14:39:11,2,1.444,15.53,13.4980,28.9,1.265,1.22,3.99,-120,1.00
2026-08-31T14:39:12,2,1.433,14.63,13.5680,28.9,1.273,1.86,3.99,-120,0.75
2026-08-31T14:39:13,2,1.432,14.56,13.6420,28.9,1.264,1.15,4.01,-120,1.00
2026-08-31T14:39:14,2,1.446,15.66,13.7140,28.9,1.265,1.22,3.99,-120,0.25
2026-08-31T14:39:16,2,1.451,16.04,13.8590,28.9,1.268,1.47,3.99,-120,0.50
2026-08-31T14:39:17,2,1.448,15.85,13.9970,28.9,1.264,1.15,3.99,-120,1.00
2026-08-31T14:39:18,2,1.439,15.14,14.0700,28.9,1.274,1.93,3.99,-121,0.75
2026-08-31T14:39:19,2,1.453,16.24,14.1440,28.9,1.265,1.22,3.99,-120,1.25
2026-08-31T14:39:20,2,1.450,15.98,14.2120,28.9,1.266,1.28,3.99,-120,1.00
2026-08-31T14:39:21,2,1.441,15.27,14.2870,28.9,1.274,1.93,3.99,-120,0.25
2026-08-31T14:39:23,2,1.457,16.56,14.3640,28.9,1.264,1.09,3.99,-120,0.00
2026-08-31T14:39:24,2,1.458,16.62,14.4440,28.9,1.280,2.38,3.97,-123,-5.25
2026-08-31T14:39:25,2,1.444,15.53,14.5080,28.9,1.274,1.93,3.99,-122,-2.50
2026-08-31T14:39:26,2,1.460,16.82,14.5710,28.9,1.266,1.28,3.99,-121,0.00
2026-08-31T14:39:27,2,1.447,15.72,14.6380,28.9,1.278,2.25,3.99,-121,0.00
2026-08-31T14:39:28,2,1.447,15.72,14.7110,28.9,1.273,1.86,3.99,-121,-0.25
2026-08-31T14:39:29,2,1.463,17.01,14.7880,28.9,1.257,0.57,4.00,-121,-0.25
2026-08-31T14:39:30,2,1.451,16.04,14.9440,28.9,1.275,1.99,3.99,-121,0.25
2026-08-31T14:39:31,2,1.450,15.98,15.0280,28.9,1.275,1.99,4.00,-121,0.25
2026-08-31T14:39:32,2,1.462,16.95,15.1030,28.9,1.266,1.28,3.99,-121,-0.50
2026-08-31T14:39:33,2,1.450,15.98,15.1810,28.9,1.275,1.99,3.99,-121,-0.25
2026-08-31T14:39:34,2,1.453,16.24,15.2530,28.9,1.266,1.28,3.99,-121,-0.25
2026-08-31T14:39:36,2,1.467,17.33,15.3310,28.9,1.265,1.22,3.99,-121,-0.25
2026-08-31T14:39:37,2,1.455,16.43,15.3970,28.9,1.272,1.73,3.99,-121,-1.00
2026-08-31T14:39:38,2,1.472,17.72,15.4590,28.9,1.266,1.28,3.99,-121,-0.25
2026-08-31T14:39:39,2,1.468,17.46,15.5250,28.9,1.263,1.02,4.00,-121,-0.25
2026-08-31T14:39:40,2,1.456,16.50,15.5840,28.9,1.276,2.12,4.00,-121,-0.50
2026-08-31T14:39:41,2,1.471,17.66,15.6480,28.9,1.266,1.28,3.99,-121,-0.75
2026-08-31T14:39:42,2,1.469,17.53,15.7520,28.9,1.264,1.15,3.99,-122,-1.00
2026-08-31T14:39:43,2,1.462,16.95,15.7950,28.9,1.269,1.54,3.99,-121,-0.75
2026-08-31T14:39:44,2,1.473,17.85,15.8540,28.9,1.266,1.28,3.99,-121,-0.50
2026-08-31T14:39:45,2,1.459,16.69,15.9110,28.9,1.264,1.15,3.99,-120,0.25
2026-08-31T14:39:46,2,1.460,16.82,15.9530,28.9,1.273,1.86,3.99,-121,-0.25
2026-08-31T14:39:48,2,1.472,17.72,15.9880,28.9,1.266,1.28,3.99,-122,-0.50
2026-08-31T14:39:49,2,1.461,16.88,16.0190,28.9,1.285,2.83,3.98,-121,-0.75
2026-08-31T14:39:50,2,1.459,16.75,16.0410,28.9,1.273,1.86,3.99,-121,-0.25
2026-08-31T14:39:51,2,1.473,17.85,16.0530,28.9,1.264,1.09,3.99,-121,-0.50
2026-08-31T14:39:52,2,1.459,16.69,16.0620,28.9,1.276,2.05,3.99,-121,-0.50
2026-08-31T14:39:53,2,1.459,16.75,16.0750,28.9,1.275,1.99,3.99,-121,-0.50
2026-08-31T14:39:54,2,1.474,17.91,16.0800,28.9,1.264,1.09,3.99,-121,-0.50
2026-08-31T14:39:55,2,1.460,16.82,16.0900,28.9,1.277,2.18,4.00,-121,-0.50
2026-08-31T14:39:56,2,1.484,18.75,16.0990,28.9,1.277,2.18,3.97,-122,-0.75
2026-08-31T14:39:57,2,1.470,17.59,16.1130,28.9,1.267,1.35,3.99,-121,-1.25
2026-08-31T14:39:58,2,1.463,17.08,16.1180,28.9,1.276,2.05,3.99,-121,-0.25
2026-08-31T14:39:59,2,1.477,18.17,16.1230,28.9,1.264,1.15,3.99,-121,-1.00
2026-08-31T14:40:01,2,1.472,17.72,16.1200,28.9,1.267,1.35,3.99,-121,-0.25
2026-08-31T14:40:02,2,1.461,16.88,16.1210,28.9,1.273,1.86,3.99,-121,0.00
2026-08-31T14:40:03,2,1.475,17.98,16.1180,28.9,1.267,1.35,3.99,-121,-0.25
2026-08-31T14:40:04,2,1.473,17.85,16.1140,28.9,1.268,1.41,3.99,-121,-0.50
2026-08-31T14:40:05,2,1.461,16.88,16.1060,28.9,1.272,1.80,3.99,-121,-0.75
2026-08-31T14:40:06,2,1.472,17.78,16.0990,28.9,1.268,1.41,3.99,-122,-0.75
2026-08-31T14:40:07,2,1.456,16.50,16.0890,28.9,1.262,0.96,4.01,-121,-0.25
2026-08-31T14:40:08,2,1.463,17.01,16.0820,28.9,1.274,1.93,3.99,-121,-0.25
2026-08-31T14:40:09,2,1.472,17.72,16.0850,28.9,1.267,1.35,3.99,-121,-0.50
2026-08-31T14:40:10,2,1.460,16.82,16.0810,28.9,1.264,1.09,4.01,-121,-0.50
2026-08-31T14:40:11,2,1.459,16.75,16.0760,28.9,1.273,1.86,3.99,-121,-0.75
2026-08-31T14:40:13,2,1.472,17.78,16.0720,28.9,1.264,1.15,3.99,-121,0.00
2026-08-31T14:40:14,2,1.459,16.75,16.0650,28.9,1.276,2.12,3.99,-121,-0.50
2026-08-31T14:40:15,2,1.459,16.69,16.0560,28.9,1.274,1.93,4.00,-121,-0.75
2026-08-31T14:40:16,2,1.473,17.85,16.0550,28.9,1.266,1.28,3.99,-121,-0.50
2026-08-31T14:40:17,2,1.459,16.75,16.0490,28.9,1.276,2.05,3.99,-121,-0.50
2026-08-31T14:40:18,2,1.478,18.24,16.0350,28.9,1.278,2.25,3.97,-121,-0.25
2026-08-31T14:40:19,2,1.469,17.53,16.0190,28.9,1.267,1.35,3.99,-121,-0.75
2026-08-31T14:40:20,2,1.463,17.08,16.0150,28.9,1.274,1.93,3.99,-121,0.00
2026-08-31T14:40:21,2,1.476,18.04,16.0120,28.9,1.275,1.99,3.97,-121,-0.50
2026-08-31T14:40:22,2,1.469,17.53,16.0090,28.9,1.265,1.22,3.99,-121,-1.25
2026-08-31T14:40:23,2,1.458,16.62,16.0040,28.9,1.268,1.47,3.99,-118,3.75
2026-08-31T14:40:25,2,1.476,18.11,15.9990,28.9,1.266,1.28,3.99,-117,4.75
2026-08-31T14:40:26,2,1.471,17.66,15.9970,28.9,1.265,1.22,3.99,-122,-4.00
2026-08-31T14:40:27,2,1.459,16.75,15.9910,28.9,1.275,1.99,3.99,-116,5.50
2026-08-31T14:40:28,2,1.471,17.66,15.9950,28.9,1.264,1.15,3.98,-113,7.00
2026-08-31T14:40:29,2,1.454,16.30,15.9870,28.9,1.264,1.09,4.01,-115,6.00
2026-08-31T14:40:30,2,1.460,16.82,15.9790,28.9,1.274,1.93,3.99,-118,3.00
2026-08-31T14:40:31,2,1.471,17.66,15.9710,28.9,1.264,1.15,3.98,-118,3.25
2026-08-31T14:40:32,2,1.455,16.37,15.9530,28.9,1.264,1.15,4.01,-118,3.25
2026-08-31T14:40:33,2,1.459,16.69,15.9480,28.9,1.273,1.86,3.99,-118,3.00
2026-08-31T14:40:34,2,1.471,17.66,15.9430,28.9,1.264,1.15,3.99,-116,5.25
2026-08-31T14:40:35,2,1.443,15.46,15.9360,28.9,1.264,1.09,4.01,-116,5.75
2026-08-31T14:40:36,2,1.455,16.37,15.8880,28.9,1.273,1.86,3.99,-118,4.00
2026-08-31T14:40:38,2,1.463,17.01,15.7790,28.9,1.265,1.22,3.99,-116,5.50
2026-08-31T14:40:40,2,1.467,17.33,15.4950,28.9,1.277,2.18,3.97,-119,2.50
2026-08-31T14:40:41,2,1.459,16.69,15.3580,28.9,1.260,0.76,3.99,-119,2.75
2026-08-31T14:40:42,2,1.443,15.46,15.2260,28.9,1.277,2.18,3.99,-119,3.00
2026-08-31T14:40:43,2,1.459,16.75,15.0970,28.9,1.273,1.86,3.97,-119,2.75
2026-08-31T14:40:45,2,1.439,15.14,14.7320,28.9,1.276,2.05,3.99,-119,2.50
2026-08-31T14:40:46,2,1.456,16.50,14.6110,28.9,1.277,2.18,3.97,-119,2.50
2026-08-31T14:40:47,2,1.447,15.79,14.4740,28.9,1.264,1.15,3.99,-123,-3.25
2026-08-31T14:40:48,2,1.437,14.95,14.3540,28.9,1.274,1.93,3.99,-118,3.50
2026-08-31T14:40:51,2,1.427,14.17,14.0970,28.9,1.264,1.15,4.01,-115,6.00
2026-08-31T14:40:52,2,1.426,14.11,13.9780,28.9,1.267,1.35,3.99,-122,-3.00
2026-08-31T14:40:53,2,1.441,15.27,13.8530,28.9,1.265,1.22,3.99,-116,5.50
2026-08-31T14:40:54,2,1.428,14.24,13.7300,28.9,1.264,1.09,4.01,-117,5.00
2026-08-31T14:40:56,2,1.438,15.01,13.4870,28.9,1.266,1.28,4.00,-116,5.00
2026-08-31T14:40:57,2,1.422,13.72,13.3770,28.9,1.264,1.15,4.00,-116,5.25
2026-08-31T14:40:58,2,1.427,14.17,13.3850,28.9,1.272,1.80,3.99,-116,5.75
2026-08-31T14:40:59,2,1.438,15.08,13.3830,28.9,1.267,1.35,3.99,-116,5.75
2026-08-31T14:41:01,2,1.446,15.66,13.3780,28.9,1.272,1.80,3.97,-115,6.00
2026-08-31T14:41:03,2,1.438,15.01,13.3660,28.9,1.266,1.28,3.99,-116,6.00
2026-08-31T14:41:04,2,1.426,14.11,13.3600,28.9,1.278,2.25,3.99,-118,3.75
2026-08-31T14:41:05,2,1.436,14.88,13.3460,28.9,1.273,1.86,3.97,-117,4.50
2026-08-31T14:41:07,2,1.428,14.24,13.3210,28.9,1.275,1.99,3.99,-114,7.00
2026-08-31T14:41:08,2,1.442,15.33,13.3140,28.9,1.278,2.25,3.97,-115,6.75
2026-08-31T14:41:09,2,1.438,15.08,13.3050,28.9,1.266,1.28,3.99,-115,6.50
2026-08-31T14:41:10,2,1.429,14.30,13.3020,28.9,1.276,2.05,3.99,-114,7.00
2026-08-31T14:41:12,2,1.430,14.43,13.4620,28.9,1.263,1.02,4.01,-112,7.50
2026-08-31T14:41:13,2,1.436,14.88,13.5810,28.9,1.275,1.99,3.99,-121,0.50
2026-08-31T14:41:15,2,1.452,16.17,13.7220,28.9,1.268,1.41,3.99,-123,-4.00
2026-08-31T14:41:16,2,1.441,15.27,13.8890,28.9,1.260,0.83,4.00,-122,-3.00
2026-08-31T14:41:17,2,1.437,14.95,14.0670,28.9,1.274,1.93,3.99,-123,-3.00
2026-08-31T14:41:18,2,1.461,16.88,14.2510,28.9,1.265,1.22,3.98,-122,-2.50
2026-08-31T14:41:19,2,1.448,15.85,14.4480,28.9,1.263,1.02,4.00,-121,-2.00
2026-08-31T14:41:20,2,1.453,16.24,14.6450,28.9,1.271,1.67,4.00,-122,-1.00
2026-08-31T14:41:21,2,1.468,17.46,14.8470,28.9,1.265,1.22,3.99,-121,-0.25
2026-08-31T14:41:22,2,1.456,16.50,15.2840,28.9,1.264,1.09,4.01,-121,-0.50
2026-08-31T14:41:23,2,1.480,18.43,15.5040,28.9,1.276,2.05,3.97,-121,-0.50
2026-08-31T14:41:24,2,1.478,18.24,15.7250,28.9,1.266,1.28,3.99,-121,0.00
2026-08-31T14:41:25,2,1.466,17.27,15.9540,28.9,1.267,1.35,4.01,-121,-0.50
2026-08-31T14:41:27,2,1.488,19.07,16.1830,28.9,1.276,2.05,3.97,-121,0.25
2026-08-31T14:41:28,2,1.487,18.95,16.4260,28.9,1.266,1.28,3.99,-121,0.25
2026-08-31T14:41:29,2,1.477,18.17,16.6720,28.9,1.277,2.18,3.98,-121,0.00
2026-08-31T14:41:30,2,1.497,19.78,16.9200,28.9,1.276,2.12,3.97,-121,0.25
2026-08-31T14:41:31,2,1.494,19.53,17.1780,28.9,1.265,1.22,3.99,-121,0.00
2026-08-31T14:41:32,2,1.484,18.69,17.3590,28.9,1.286,2.89,3.98,-121,0.00
2026-08-31T14:41:33,2,1.500,19.98,17.5140,28.9,1.275,1.99,3.96,-119,2.75
2026-08-31T14:41:34,2,1.481,18.49,17.7680,28.9,1.264,1.09,4.01,-121,1.00
2026-08-31T14:41:35,2,1.485,18.82,17.8590,28.9,1.274,1.93,3.99,-124,-8.50
2026-08-31T14:41:36,2,1.501,20.11,17.9450,28.9,1.274,1.93,3.97,-120,1.00
2026-08-31T14:41:37,2,1.486,18.88,18.0240,28.9,1.258,0.64,4.00,-121,1.25
2026-08-31T14:41:38,2,1.488,19.07,18.0970,28.9,1.276,2.05,3.99,-120,0.75
2026-08-31T14:41:40,2,1.505,20.43,18.1830,28.9,1.267,1.35,3.99,-120,0.75
2026-08-31T14:41:41,2,1.488,19.07,18.2620,28.9,1.259,0.70,4.01,-121,0.75
2026-08-31T14:41:42,2,1.490,19.20,18.3340,28.9,1.276,2.12,3.99,-120,0.75
2026-08-31T14:41:43,2,1.506,20.49,18.4100,28.9,1.264,1.15,3.99,-120,0.75
2026-08-31T14:41:44,2,1.494,19.53,18.4890,28.9,1.264,1.09,4.01,-120,0.75
2026-08-31T14:41:45,2,1.511,20.88,18.5750,28.9,1.274,1.93,3.99,-121,0.50
2026-08-31T14:41:46,2,1.508,20.62,18.7430,28.9,1.267,1.35,3.99,-120,0.50
2026-08-31T14:41:47,2,1.496,19.72,18.8280,28.9,1.264,1.15,4.01,-120,0.50
2026-08-31T14:41:48,2,1.517,21.39,18.9170,28.9,1.276,2.12,3.97,-121,0.75
2026-08-31T14:41:49,2,1.512,20.94,19.0050,28.9,1.266,1.28,3.99,-121,0.50
2026-08-31T14:41:50,2,1.501,20.04,19.0900,28.9,1.262,0.96,4.00,-121,0.25
2026-08-31T14:41:52,2,1.520,21.59,19.1890,28.9,1.276,2.12,3.97,-120,0.50
2026-08-31T14:41:53,2,1.514,21.14,19.2780,28.9,1.265,1.22,3.99,-121,0.25
2026-08-31T14:41:54,2,1.505,20.43,19.3620,28.9,1.277,2.18,3.99,-121,1.25
2026-08-31T14:41:55,2,1.523,21.85,19.4470,28.9,1.276,2.12,3.97,-119,3.25
2026-08-31T14:41:56,2,1.507,20.56,19.5310,28.9,1.264,1.15,4.00,-120,1.50
2026-08-31T14:41:57,2,1.511,20.88,19.6170,28.9,1.276,2.12,3.99,-121,-1.00
2026-08-31T14:41:58,2,1.526,22.10,19.7100,28.9,1.275,1.99,3.98,-110,8.00
2026-08-31T14:41:59,2,1.508,20.62,19.8860,28.9,1.261,0.89,4.00,-112,8.25
2026-08-31T14:42:00,2,1.513,21.01,19.9810,28.9,1.276,2.05,3.99,-117,4.75
2026-08-31T14:42:01,2,1.527,22.17,20.0770,28.9,1.274,1.93,3.98,-119,2.25
2026-08-31T14:42:02,2,1.516,21.27,20.1740,28.9,1.264,1.09,4.01,-120,1.50
2026-08-31T14:42:03,2,1.519,21.52,20.2750,28.9,1.272,1.80,3.99,-119,2.75
2026-08-31T14:42:05,2,1.532,22.56,20.3670,28.9,1.276,2.12,3.98,-119,2.25
2026-08-31T14:42:06,2,1.517,21.39,20.4710,28.9,1.264,1.09,4.01,-121,1.25
2026-08-31T14:42:07,2,1.532,22.56,20.5640,28.9,1.275,1.99,3.99,-120,2.00
2026-08-31T14:42:08,2,1.534,22.68,20.6590,28.9,1.266,1.28,3.99,-120,1.25
2026-08-31T14:42:09,2,1.521,21.65,20.7450,28.9,1.265,1.22,4.00,-117,4.75
2026-08-31T14:42:10,2,1.543,23.46,20.8360,28.9,1.276,2.12,3.97,-116,5.25
2026-08-31T14:42:11,2,1.536,22.88,21.0100,28.9,1.266,1.28,3.99,-115,6.50
2026-08-31T14:42:12,2,1.525,22.04,21.0940,28.9,1.262,0.96,4.01,-115,6.50
2026-08-31T14:42:13,2,1.544,23.52,21.1770,28.9,1.276,2.12,3.97,-115,6.25
2026-08-31T14:42:14,2,1.542,23.33,21.2640,28.9,1.265,1.22,3.99,-115,6.50
2026-08-31T14:42:15,2,1.529,22.30,21.3470,28.9,1.272,1.80,4.01,-115,6.25
2026-08-31T14:42:17,2,1.549,23.91,21.4300,28.9,1.276,2.05,3.97,-116,5.75
2026-08-31T14:42:18,2,1.542,23.39,21.5060,28.9,1.264,1.15,3.99,-116,5.50
2026-08-31T14:42:19,2,1.530,22.43,21.5790,28.9,1.260,0.76,4.01,-117,4.75
2026-08-31T14:42:20,2,1.550,24.04,21.6590,28.9,1.276,2.05,3.97,-114,7.00
2026-08-31T14:42:21,2,1.531,22.49,21.7400,28.9,1.264,1.09,4.00,-114,7.00
2026-08-31T14:42:22,2,1.536,22.88,21.8180,28.9,1.279,2.31,3.98,-114,7.00
2026-08-31T14:42:23,2,1.549,23.91,21.8930,28.9,1.276,2.12,3.98,-114,7.00
2026-08-31T14:42:24,2,1.535,22.81,22.0330,28.9,1.263,1.02,4.00,-113,7.00
2026-08-31T14:42:25,2,1.538,23.01,22.1000,28.9,1.277,2.18,3.99,-114,7.00
2026-08-31T14:42:26,2,1.554,24.30,22.1730,28.9,1.276,2.05,3.98,-114,7.75
2026-08-31T14:42:27,2,1.539,23.14,22.2440,28.9,1.265,1.22,4.01,-114,7.00
2026-08-31T14:42:29,2,1.540,23.20,22.3170,28.9,1.276,2.12,3.99,-115,6.75
2026-08-31T14:42:30,2,1.556,24.49,22.3890,28.9,1.276,2.05,3.97,-112,6.75
2026-08-31T14:42:31,2,1.542,23.39,22.4650,28.9,1.263,1.02,4.00,-113,6.50
2026-08-31T14:42:32,2,1.565,25.20,22.5390,28.9,1.277,2.18,3.97,-114,6.75
2026-08-31T14:42:33,2,1.558,24.62,22.6130,28.9,1.264,1.15,3.99,-113,6.75
2026-08-31T14:42:34,2,1.544,23.52,22.6910,28.9,1.264,1.15,4.01,-114,6.75
2026-08-31T14:42:36,2,1.560,24.81,22.9100,28.9,1.267,1.35,3.99,-114,6.50
2026-08-31T14:42:37,2,1.539,23.14,22.9860,28.9,1.263,1.02,4.01,-113,7.00
2026-08-31T14:42:38,2,1.564,25.13,23.0690,28.9,1.285,2.76,3.97,-114,7.25
2026-08-31T14:42:39,2,1.565,25.20,23.1410,28.9,1.266,1.28,3.99,-113,7.50
2026-08-31T14:42:42,2,1.567,25.39,23.2770,28.9,1.276,2.12,3.97,-114,7.25
2026-08-31T14:42:43,2,1.547,23.78,23.3480,28.9,1.264,1.15,4.00,-114,6.75
2026-08-31T14:42:44,2,1.555,24.36,23.4170,28.9,1.261,0.89,4.01,-115,6.75
2026-08-31T14:42:45,2,1.571,25.65,23.4980,28.9,1.276,2.12,3.97,-115,6.50
2026-08-31T14:42:47,2,1.559,24.68,23.6400,28.9,1.277,2.18,3.98,-115,6.50
2026-08-31T14:42:48,2,1.572,25.78,23.7160,28.9,1.276,2.05,3.97,-115,6.50
2026-08-31T14:42:49,2,1.557,24.55,23.8550,28.9,1.262,0.96,4.01,-114,6.50
2026-08-31T14:42:50,2,1.561,24.88,23.9210,28.9,1.276,2.12,3.99,-114,6.75
2026-08-31T14:42:52,2,1.559,24.68,24.0580,28.9,1.264,1.15,4.01,-115,6.50
2026-08-31T14:42:54,2,1.573,25.84,24.1240,28.9,1.277,2.18,3.97,-115,6.25
2026-08-31T14:42:55,2,1.577,26.17,24.1940,28.9,1.276,2.12,3.97,-114,7.00
2026-08-31T14:42:56,2,1.562,24.94,24.2550,28.9,1.266,1.28,4.00,-115,6.75
2026-08-31T14:42:58,2,1.583,26.62,24.3950,28.9,1.266,1.28,3.98,-115,6.75
2026-08-31T14:42:59,2,1.567,25.33,24.4530,28.9,1.264,1.15,4.00,-114,6.75
2026-08-31T14:43:00,2,1.599,27.91,24.5210,28.9,1.276,2.12,3.97,-115,6.75
2026-08-31T14:43:01,2,1.584,26.68,24.6540,28.9,1.266,1.28,3.99,-115,6.75
2026-08-31T14:43:03,2,1.587,26.94,24.7950,28.9,1.276,2.12,3.97,-115,6.75
2026-08-31T14:43:04,2,1.571,25.71,24.8490,28.9,1.262,0.96,4.01,-115,6.50
2026-08-31T14:43:05,2,1.571,25.65,24.9090,28.9,1.263,1.02,4.00,-114,7.00
2026-08-31T14:43:07,2,1.589,27.13,24.9780,28.9,1.276,2.12,3.97,-116,5.50
2026-08-31T14:43:08,2,1.574,25.91,25.0440,28.9,1.265,1.22,4.01,-115,5.75
2026-08-31T14:43:09,2,1.574,25.91,25.1130,28.9,1.261,0.89,4.01,-113,6.75
2026-08-31T14:43:10,2,1.592,27.39,25.1820,28.9,1.276,2.12,3.97,-114,7.25
2026-08-31T14:43:11,2,1.576,26.10,25.2540,28.9,1.264,1.15,4.00,-115,6.00
2026-08-31T14:43:12,2,1.580,26.42,25.3250,28.9,1.277,2.18,3.98,-115,6.25
2026-08-31T14:43:13,2,1.596,27.65,25.4110,28.9,1.276,2.12,3.97,-114,7.00
2026-08-31T14:43:14,2,1.581,26.49,25.5730,28.9,1.265,1.22,4.00,-114,7.00
2026-08-31T14:43:15,2,1.600,28.04,25.6620,28.9,1.281,2.44,3.97,-115,6.50
2026-08-31T14:43:16,2,1.597,27.78,25.7390,28.9,1.275,1.99,3.97,-114,6.75
2026-08-31T14:43:17,2,1.584,26.68,25.8240,28.9,1.264,1.09,4.01,-114,7.25
2026-08-31T14:43:19,2,1.604,28.29,25.9020,28.9,1.276,2.12,3.97,-114,6.75
2026-08-31T14:43:20,2,1.601,28.10,25.9770,28.9,1.276,2.05,3.97,-113,7.00
2026-08-31T14:43:21,2,1.585,26.81,26.0470,28.9,1.264,1.09,4.01,-120,2.00
2026-08-31T14:43:22,2,1.607,28.55,26.1180,28.9,1.275,1.99,3.97,-118,4.25
2026-08-31T14:43:23,2,1.604,28.36,26.1810,28.9,1.274,1.93,3.97,-118,4.50
2026-08-31T14:43:24,2,1.587,26.94,26.2390,28.9,1.262,0.96,4.01,-117,4.25
2026-08-31T14:43:25,2,1.604,28.29,26.3080,28.9,1.276,2.05,3.97,-117,4.50
2026-08-31T14:43:26,2,1.588,27.00,26.4240,28.9,1.262,0.96,4.01,-117,4.00
2026-08-31T14:43:27,2,1.592,27.39,26.4710,28.9,1.262,0.96,4.01,-118,4.00
2026-08-31T14:43:28,2,1.604,28.36,26.5100,28.9,1.276,2.05,3.97,-117,4.50
2026-08-31T14:43:29,2,1.591,27.26,26.5600,28.9,1.268,1.47,4.00,-118,4.25
2026-08-31T14:43:31,2,1.590,27.20,26.5970,28.9,1.264,1.09,4.01,-117,4.25
2026-08-31T14:43:32,2,1.606,28.49,26.6310,28.9,1.276,2.05,3.97,-117,4.25
2026-08-31T14:43:33,2,1.590,27.20,26.6500,28.9,1.264,1.09,4.00,-118,4.25
2026-08-31T14:43:34,2,1.591,27.26,26.6680,28.9,1.261,0.89,4.01,-117,4.25
2026-08-31T14:43:35,2,1.611,28.87,26.6820,28.9,1.276,2.05,3.97,-117,4.25
2026-08-31T14:43:36,2,1.590,27.20,26.6910,28.9,1.264,1.09,4.01,-117,4.00
2026-08-31T14:43:37,2,1.611,28.87,26.7070,28.9,1.269,1.54,3.99,-117,4.25
2026-08-31T14:43:38,2,1.607,28.55,26.7150,28.9,1.275,1.99,3.98,-118,4.00
2026-08-31T14:43:39,2,1.592,27.39,26.7200,28.9,1.264,1.15,4.01,-118,4.50
2026-08-31T14:43:40,2,1.612,28.94,26.7160,28.9,1.277,2.18,3.97,-117,4.00
2026-08-31T14:43:41,2,1.606,28.49,26.7150,28.9,1.276,2.05,3.97,-117,4.25
2026-08-31T14:43:42,2,1.594,27.52,26.7080,28.9,1.267,1.35,4.00,-118,4.50
2026-08-31T14:43:44,2,1.611,28.87,26.7130,28.9,1.279,2.31,3.97,-117,4.25
2026-08-31T14:43:45,2,1.605,28.42,26.7110,28.9,1.274,1.93,3.97,-117,4.25
2026-08-31T14:43:46,2,1.589,27.13,26.7100,28.9,1.260,0.83,4.00,-117,4.25
2026-08-31T14:43:47,2,1.608,28.68,26.7010,28.9,1.277,2.18,3.97,-118,4.25
2026-08-31T14:43:48,2,1.592,27.33,26.7030,28.9,1.276,2.05,3.99,-117,4.25
2026-08-31T14:43:49,2,1.590,27.20,26.7050,28.9,1.264,1.09,4.01,-117,4.75
2026-08-31T14:43:50,2,1.608,28.68,26.6940,28.9,1.278,2.25,3.97,-117,4.25
2026-08-31T14:43:51,2,1.591,27.26,26.6880,28.9,1.267,1.35,4.01,-117,4.75
2026-08-31T14:43:52,2,1.592,27.39,26.6820,28.9,1.264,1.15,4.00,-117,4.25
2026-08-31T14:43:53,2,1.608,28.68,26.6780,28.9,1.278,2.25,3.97,-117,4.25
2026-08-31T14:43:54,2,1.589,27.13,26.6700,28.9,1.264,1.15,4.00,-117,4.75
2026-08-31T14:43:56,2,1.591,27.26,26.6620,28.9,1.267,1.35,4.01,-118,4.50
2026-08-31T14:43:57,2,1.605,28.42,26.6480,28.9,1.276,2.05,3.97,-117,4.75
2026-08-31T14:43:58,2,1.590,27.20,26.6350,28.9,1.273,1.86,4.00,-117,4.00
2026-08-31T14:43:59,2,1.610,28.81,26.6250,28.9,1.268,1.41,3.98,-117,4.50
2026-08-31T14:44:00,2,1.606,28.49,26.6220,28.9,1.275,1.99,3.97,-117,4.75
2026-08-31T14:44:01,2,1.588,27.07,26.6270,28.9,1.265,1.22,4.00,-117,4.25
2026-08-31T14:44:02,2,1.608,28.62,26.6170,28.9,1.266,1.28,3.97,-117,5.00
2026-08-31T14:44:03,2,1.605,28.42,26.6200,28.9,1.273,1.86,3.98,-117,4.75
2026-08-31T14:44:04,2,1.589,27.13,26.6130,28.9,1.266,1.28,4.00,-117,5.00
2026-08-31T14:44:05,2,1.608,28.62,26.6010,28.9,1.278,2.25,3.96,-116,5.00
2026-08-31T14:44:06,2,1.604,28.29,26.6010,28.9,1.274,1.93,3.98,-117,5.25
2026-08-31T14:44:07,2,1.586,26.87,26.5880,28.9,1.265,1.22,4.00,-116,5.25
2026-08-31T14:44:09,2,1.608,28.68,26.5910,28.9,1.278,2.25,3.97,-116,5.50
2026-08-31T14:44:10,2,1.592,27.39,26.5850,28.9,1.272,1.80,3.99,-115,6.00
2026-08-31T14:44:11,2,1.588,27.07,26.5800,28.9,1.264,1.15,4.01,-116,5.50
2026-08-31T14:44:12,2,1.607,28.55,26.5730,28.9,1.276,2.12,3.97,-116,5.50
2026-08-31T14:44:13,2,1.589,27.13,26.5610,28.9,1.272,1.80,3.99,-116,5.50
2026-08-31T14:44:14,2,1.588,27.00,26.5600,28.9,1.263,1.02,4.01,-116,5.25
2026-08-31T14:44:15,2,1.607,28.55,26.5590,28.9,1.276,2.05,3.96,-116,5.50
2026-08-31T14:44:16,2,1.589,27.13,26.5480,28.9,1.265,1.22,4.00,-116,5.25
2026-08-31T14:44:17,2,1.589,27.13,26.5440,28.9,1.264,1.15,4.01,-116,5.50
2026-08-31T14:44:18,2,1.604,28.36,26.5460,28.9,1.275,1.99,3.96,-116,5.50
2026-08-31T14:44:19,2,1.588,27.00,26.5360,28.9,1.263,1.02,4.00,-116,5.75
2026-08-31T14:44:21,2,1.608,28.68,26.5170,28.9,1.266,1.28,3.99,-116,5.25
2026-08-31T14:44:22,2,1.605,28.42,26.5160,28.9,1.275,1.99,3.98,-116,5.25
2026-08-31T14:44:23,2,1.589,27.13,26.5020,28.9,1.266,1.28,4.01,-117,5.00
2026-08-31T14:44:24,2,1.606,28.49,26.4940,28.9,1.267,1.35,3.99,-116,5.25
2026-08-31T14:44:25,2,1.604,28.29,26.4930,28.9,1.281,2.51,3.97,-116,5.50
2026-08-31T14:44:26,2,1.585,26.81,26.4950,28.9,1.263,1.02,4.00,-114,3.50
2026-08-31T14:44:27,2,1.603,28.23,26.4850,28.9,1.272,1.73,3.99,-116,5.75
2026-08-31T14:44:28,2,1.604,28.29,26.4790,28.9,1.277,2.18,3.97,-116,5.50
2026-08-31T14:44:29,2,1.586,26.87,26.4750,28.9,1.267,1.35,4.01,-116,5.50
2026-08-31T14:44:30,2,1.604,28.36,26.4640,28.9,1.279,2.31,3.97,-116,5.25
2026-08-31T14:44:33,2,1.588,27.00,26.4580,28.9,1.263,1.02,4.00,-117,5.50
2026-08-31T14:44:34,2,1.605,28.42,26.4530,28.9,1.276,2.12,3.97,-116,5.25
2026-08-31T14:44:35,2,1.589,27.13,26.4370,28.9,1.274,1.93,3.99,-117,4.75
2026-08-31T14:44:36,2,1.587,26.94,26.4290,28.9,1.263,1.02,4.01,-117,4.75
2026-08-31T14:44:38,2,1.582,26.55,26.4250,28.9,1.274,1.93,3.99,-116,5.25
2026-08-31T14:44:39,2,1.600,27.97,26.4160,28.9,1.265,1.22,4.01,-116,5.50
2026-08-31T14:44:40,2,1.605,28.42,26.4140,28.9,1.275,1.99,3.97,-117,5.00
2026-08-31T14:44:41,2,1.587,26.94,26.4050,28.9,1.266,1.28,4.01,-117,5.50
2026-08-31T14:44:43,2,1.604,28.29,26.3960,28.9,1.277,2.18,3.97,-117,4.75
2026-08-31T14:44:44,2,1.584,26.75,26.3860,28.9,1.262,0.96,4.00,-117,5.25
2026-08-31T14:44:46,2,1.603,28.23,26.3810,28.9,1.264,1.15,3.98,-116,5.00
2026-08-31T14:44:47,2,1.601,28.10,26.3740,28.9,1.275,1.99,3.97,-117,5.50
2026-08-31T14:44:49,2,1.602,28.16,26.3450,28.9,1.265,1.22,3.99,-117,5.00
2026-08-31T14:44:50,2,1.588,27.00,26.3450,28.9,1.272,1.80,3.99,-117,5.00
2026-08-31T14:44:51,2,1.587,26.94,26.3500,28.9,1.263,1.02,4.01,-116,4.50
2026-08-31T14:44:52,2,1.600,28.04,26.3410,28.9,1.268,1.41,3.99,-117,5.00
2026-08-31T14:44:54,2,1.586,26.87,26.3290,28.9,1.264,1.09,4.00,-117,5.25
2026-08-31T14:44:55,2,1.602,28.16,26.3250,28.9,1.281,2.44,3.97,-117,5.00
2026-08-31T14:44:56,2,1.587,26.94,26.3170,28.9,1.273,1.86,3.99,-117,5.25
2026-08-31T14:44:58,2,1.586,26.87,26.3100,28.9,1.264,1.15,4.01,-117,5.00
2026-08-31T14:45:00,2,1.590,27.20,26.3040,28.9,1.274,1.93,3.99,-117,5.00
2026-08-31T14:45:01,2,1.605,28.42,26.2930,28.9,1.267,1.35,3.98,-117,5.50
2026-08-31T14:45:02,2,1.600,28.04,26.2860,28.9,1.278,2.25,3.98,-115,6.25
2026-08-31T14:45:03,2,1.587,26.94,26.2800,28.9,1.272,1.73,3.99,-114,6.75
2026-08-31T14:45:04,2,1.600,28.04,26.2640,28.9,1.267,1.35,3.99,-117,4.50
2026-08-31T14:45:05,2,1.600,28.04,26.2560,28.9,1.276,2.12,3.97,-119,2.75
2026-08-31T14:45:06,2,1.584,26.68,26.2550,28.9,1.259,0.70,4.00,-119,3.00
2026-08-31T14:45:07,2,1.601,28.10,26.2560,28.9,1.267,1.35,3.99,-115,6.50
2026-08-31T14:45:08,2,1.601,28.10,26.2550,28.9,1.277,2.18,3.97,-113,7.50
2026-08-31T14:45:10,2,1.584,26.75,26.2470,28.9,1.263,1.02,4.00,-119,3.50
2026-08-31T14:45:11,2,1.602,28.16,26.2260,28.9,1.266,1.28,3.99,-119,2.75
2026-08-31T14:45:12,2,1.588,27.07,26.2220,28.9,1.275,1.99,3.99,-118,4.25
2026-08-31T14:45:13,2,1.584,26.68,26.2150,28.9,1.265,1.22,4.00,-120,2.00
2026-08-31T14:45:14,2,1.596,27.71,26.2090,28.9,1.272,1.80,3.99,-119,2.25
2026-08-31T14:45:15,2,1.587,26.94,26.1970,28.9,1.274,1.93,3.99,-118,3.75
2026-08-31T14:45:16,2,1.580,26.42,26.1880,28.9,1.264,1.09,4.00,-117,4.50
2026-08-31T14:45:17,2,1.597,27.78,26.1820,28.9,1.265,1.22,3.99,-118,3.75
2026-08-31T14:45:18,2,1.587,26.94,26.1620,28.9,1.274,1.93,3.99,-117,4.25
2026-08-31T14:45:19,2,1.571,25.65,26.1570,28.9,1.264,1.09,4.01,-119,1.75
2026-08-31T14:45:20,2,1.600,28.04,26.1480,28.9,1.278,2.25,3.97,-120,1.50
2026-08-31T14:45:21,2,1.583,26.62,26.1520,28.9,1.272,1.80,3.99,-119,2.50
2026-08-31T14:45:23,2,1.599,27.91,26.1480,28.9,1.265,1.22,3.98,-117,5.25
2026-08-31T14:45:24,2,1.595,27.58,26.1390,28.9,1.276,2.12,3.97,-117,4.25
2026-08-31T14:45:25,2,1.571,25.65,26.0200,28.9,1.272,1.80,3.99,-117,3.75
2026-08-31T14:45:26,2,1.584,26.75,25.7780,28.9,1.267,1.35,3.99,-120,1.50
2026-08-31T14:45:27,2,1.579,26.36,25.5340,28.9,1.276,2.12,3.97,-116,5.50
2026-08-31T14:45:28,2,1.564,25.13,25.2870,28.9,1.272,1.80,3.99,-116,6.00
2026-08-31T14:45:29,2,1.574,25.91,25.0490,28.9,1.266,1.28,3.99,-115,4.50
2026-08-31T14:45:30,2,1.570,25.59,24.5960,28.9,1.277,2.18,3.97,-116,5.75
2026-08-31T14:45:31,2,1.555,24.36,24.3720,28.9,1.264,1.09,3.99,-116,5.50
2026-08-31T14:45:32,2,1.567,25.33,24.1480,28.9,1.265,1.22,3.99,-116,5.50
2026-08-31T14:45:33,2,1.549,23.91,23.9320,28.9,1.275,1.99,3.97,-116,5.50
2026-08-31T14:45:35,2,1.546,23.65,23.7170,28.9,1.264,1.15,4.00,-117,5.25
2026-08-31T14:45:36,2,1.559,24.68,23.5000,28.9,1.266,1.28,3.99,-116,5.50
2026-08-31T14:45:37,2,1.538,23.07,23.2780,28.9,1.274,1.93,3.99,-117,5.25
2026-08-31T14:45:38,2,1.538,23.01,23.0610,28.9,1.257,0.57,4.01,-116,5.50
2026-08-31T14:45:39,2,1.546,23.72,22.8440,28.9,1.264,1.09,3.99,-116,5.50
2026-08-31T14:45:40,2,1.532,22.56,22.6170,28.9,1.275,1.99,3.99,-117,5.25
2026-08-31T14:45:41,2,1.530,22.36,22.4070,28.9,1.263,1.02,4.01,-116,4.00
2026-08-31T14:45:42,2,1.542,23.33,22.1850,28.9,1.264,1.09,3.99,-116,5.75
2026-08-31T14:45:43,2,1.530,22.43,21.7610,28.9,1.274,1.93,3.99,-116,5.50
2026-08-31T14:45:44,2,1.546,23.72,21.6500,28.9,1.266,1.28,3.99,-116,5.75
2026-08-31T14:45:45,2,1.545,23.59,21.6520,28.9,1.281,2.44,3.97,-116,5.50
2026-08-31T14:45:46,2,1.530,22.43,21.6550,28.9,1.275,1.99,3.99,-116,5.75
2026-08-31T14:45:48,2,1.544,23.52,21.6580,28.9,1.267,1.35,3.99,-116,5.50
2026-08-31T14:45:49,2,1.543,23.46,21.6540,28.9,1.277,2.18,3.97,-116,6.00
2026-08-31T14:45:50,2,1.530,22.43,21.6520,28.9,1.269,1.54,3.99,-115,5.75
2026-08-31T14:45:51,2,1.542,23.33,21.6360,28.9,1.268,1.41,3.99,-116,5.50
2026-08-31T14:45:52,2,1.542,23.39,21.6310,28.9,1.277,2.18,3.97,-116,6.00
2026-08-31T14:45:53,2,1.527,22.17,21.6270,28.9,1.274,1.93,3.99,-116,5.75
2026-08-31T14:45:54,2,1.542,23.33,21.6150,28.9,1.267,1.35,3.99,-116,5.75
2026-08-31T14:45:55,2,1.526,22.10,21.5970,28.9,1.273,1.86,3.99,-116,6.00
2026-08-31T14:45:56,2,1.527,22.17,21.5970,28.9,1.266,1.28,3.99,-116,5.75
2026-08-31T14:45:57,2,1.540,23.20,21.5980,28.9,1.265,1.22,3.99,-116,5.75
2026-08-31T14:45:58,2,1.530,22.43,21.5910,28.9,1.275,1.99,3.99,-116,5.75
2026-08-31T14:46:00,2,1.528,22.23,21.5950,28.9,1.261,0.89,4.01,-115,5.75
2026-08-31T14:46:01,2,1.541,23.26,21.5870,28.9,1.266,1.28,3.99,-116,5.50
2026-08-31T14:46:02,2,1.530,22.36,21.5830,28.9,1.276,2.05,3.98,-115,5.50
2026-08-31T14:46:03,2,1.528,22.23,21.5840,28.9,1.264,1.15,4.01,-116,5.75
2026-08-31T14:46:04,2,1.541,23.26,21.5870,28.9,1.264,1.09,3.98,-116,5.75
2026-08-31T14:46:05,2,1.528,22.23,21.5880,28.9,1.274,1.93,3.99,-115,5.75
2026-08-31T14:46:06,2,1.544,23.52,21.5840,28.9,1.264,1.15,3.99,-116,5.75
2026-08-31T14:46:07,2,1.540,23.20,21.5710,28.9,1.268,1.47,3.99,-116,5.25
2026-08-31T14:46:08,2,1.528,22.23,21.5700,28.9,1.274,1.93,3.99,-116,5.75
2026-08-31T14:46:09,2,1.545,23.59,21.5680,28.9,1.265,1.22,3.99,-116,5.50
2026-08-31T14:46:10,2,1.543,23.46,21.5650,28.9,1.280,2.38,3.97,-116,6.00
2026-08-31T14:46:12,2,1.528,22.23,21.5530,28.9,1.272,1.80,3.99,-116,5.75
2026-08-31T14:46:13,2,1.544,23.52,21.5550,28.9,1.272,1.73,3.98,-116,5.75
2026-08-31T14:46:14,2,1.545,23.59,21.5490,28.9,1.278,2.25,3.97,-116,5.75
2026-08-31T14:46:15,2,1.528,22.23,21.5540,28.9,1.274,1.93,3.99,-116,5.75
2026-08-31T14:46:17,2,1.529,22.30,21.5470,28.9,1.276,2.05,3.99,-115,5.75
2026-08-31T14:46:18,2,1.530,22.36,21.5430,28.9,1.274,1.93,3.99,-116,6.00
2026-08-31T14:46:19,2,1.541,23.26,21.5400,28.9,1.271,1.67,3.99,-116,5.75
2026-08-31T14:46:20,2,1.528,22.23,21.5380,28.9,1.274,1.93,3.99,-115,5.75
2026-08-31T14:46:21,2,1.528,22.23,21.5360,28.9,1.265,1.22,3.99,-115,5.75
2026-08-31T14:46:22,2,1.538,23.07,21.5300,28.9,1.268,1.41,0.00,-113,2.75
2026-08-31T14:46:23,2,1.528,22.23,21.5220,28.9,1.274,1.93,3.99,-116,5.75
2026-08-31T14:46:25,2,1.527,22.17,21.5170,28.9,1.264,1.09,4.01,-116,5.75
2026-08-31T14:46:26,2,1.542,23.39,21.5140,28.9,1.268,1.41,3.99,-116,5.50
2026-08-31T14:46:27,2,1.529,22.30,21.5200,28.9,1.276,2.05,3.99,-116,5.75
2026-08-31T14:46:29,2,1.541,23.26,21.5140,28.9,1.264,1.15,3.99,-116,5.50
2026-08-31T14:46:30,2,1.529,22.30,21.5130,28.9,1.273,1.86,3.99,-116,5.75
2026-08-31T14:46:31,2,1.543,23.46,21.5110,28.9,1.268,1.41,3.98,-116,5.75
2026-08-31T14:46:32,2,1.542,23.39,21.5030,28.9,1.267,1.35,3.99,-116,5.50
2026-08-31T14:46:34,2,1.542,23.33,21.4890,28.9,1.264,1.15,3.99,-115,6.50
2026-08-31T14:46:35,2,1.531,22.49,21.4820,28.9,1.276,2.12,3.97,-115,6.00
2026-08-31T14:46:37,2,1.529,22.30,21.4810,28.9,1.273,1.86,3.98,-115,6.25
2026-08-31T14:46:38,2,1.542,23.39,21.4800,28.9,1.268,1.47,3.98,-119,2.50
2026-08-31T14:46:40,2,1.530,22.36,21.4750,28.9,1.274,1.93,3.99,-118,3.25
2026-08-31T14:46:41,2,1.542,23.33,21.4670,28.9,1.265,1.22,3.98,-119,3.25
2026-08-31T14:46:42,2,1.526,22.10,21.4710,28.9,1.277,2.18,3.99,-115,6.00
2026-08-31T14:46:43,2,1.527,22.17,21.4670,28.9,1.274,1.93,3.99,-116,5.75
2026-08-31T14:46:45,2,1.526,22.10,21.4500,28.9,1.275,1.99,3.98,-124,-7.00
2026-08-31T14:46:46,2,1.538,23.07,21.4480,28.9,1.266,1.28,3.99,-123,-5.50
2026-08-31T14:46:47,2,1.538,23.07,21.4420,28.9,1.265,1.22,3.99,-121,0.00
2026-08-31T14:46:48,2,1.529,22.30,21.4440,28.9,1.273,1.86,3.99,-116,5.25
2026-08-31T14:46:51,2,1.539,23.14,21.4750,28.9,1.260,0.76,3.99,-119,2.00
2026-08-31T14:46:52,2,1.528,22.23,21.5020,28.9,1.273,1.86,3.98,-118,3.25
2026-08-31T14:46:53,2,1.546,23.65,21.5330,28.9,1.268,1.47,3.98,-116,5.50
2026-08-31T14:46:54,2,1.540,23.20,21.5530,28.9,1.266,1.28,3.99,-113,7.00
2026-08-31T14:46:56,2,1.538,23.07,21.6490,28.9,1.264,1.15,3.98,-117,4.25
2026-08-31T14:46:57,2,1.537,22.94,21.8710,28.9,1.263,1.02,4.00,-116,5.75
2026-08-31T14:46:58,2,1.541,23.26,22.0080,28.9,1.276,2.05,3.98,-118,3.50
2026-08-31T14:46:59,2,1.555,24.36,22.1370,28.9,1.267,1.35,3.99,-119,3.00
2026-08-31T14:47:00,2,1.545,23.59,22.2680,28.9,1.276,2.05,3.98,-120,1.25
2026-08-31T14:47:02,2,1.544,23.52,22.4010,28.9,1.274,1.93,3.99,-119,3.25
2026-08-31T14:47:03,2,1.560,24.81,22.5480,28.9,1.265,1.22,3.99,-119,3.25
2026-08-31T14:47:04,2,1.552,24.17,22.7030,28.9,1.277,2.18,3.99,-119,2.75
2026-08-31T14:47:05,2,1.555,24.36,22.8630,28.9,1.265,1.22,3.99,-119,2.50
2026-08-31T14:47:06,2,1.567,25.33,23.0390,28.9,1.265,1.22,3.99,-118,3.50
2026-08-31T14:47:07,2,1.561,24.88,23.2110,28.9,1.276,2.05,3.98,-119,2.75
2026-08-31T14:47:08,2,1.579,26.36,23.3900,28.9,1.276,2.12,3.97,-118,2.75
2026-08-31T14:47:09,2,1.584,26.68,23.7640,28.9,1.264,1.09,3.99,-119,3.00
2026-08-31T14:47:10,2,1.566,25.26,23.9250,28.9,1.276,2.05,3.99,-119,2.75
2026-08-31T14:47:11,2,1.583,26.62,24.0860,28.9,1.267,1.35,3.98,-118,3.25
2026-08-31T14:47:12,2,1.580,26.42,24.2630,28.9,1.265,1.22,3.99,-118,3.50
2026-08-31T14:47:14,2,1.570,25.59,24.4570,28.9,1.275,1.99,3.98,-119,2.75
2026-08-31T14:47:15,2,1.587,26.94,24.6510,28.9,1.264,1.15,3.98,-119,2.50
2026-08-31T14:47:16,2,1.586,26.87,24.8000,28.9,1.266,1.28,3.99,-119,2.75
2026-08-31T14:47:17,2,1.574,25.91,24.9180,28.9,1.276,2.05,3.99,-119,3.00
2026-08-31T14:47:18,2,1.591,27.26,25.0170,28.9,1.265,1.22,3.99,-119,3.00
2026-08-31T14:47:19,2,1.577,26.17,25.1080,28.9,1.264,1.15,4.00,-118,3.00
2026-08-31T14:47:20,2,1.581,26.49,25.2130,28.9,1.274,1.93,3.99,-119,2.75
2026-08-31T14:47:21,2,1.595,27.58,25.3220,28.9,1.264,1.09,3.99,-119,3.25
2026-08-31T14:47:22,2,1.579,26.29,25.5390,28.9,1.264,1.15,4.00,-119,3.25
2026-08-31T14:47:23,2,1.585,26.81,2.0000,28.9,1.272,1.80,3.99,-118,1.50
2026-08-31T14:47:24,2,1.599,27.91,25.7440,28.9,1.266,1.28,3.99,-119,3.25
2026-08-31T14:47:25,2,1.586,26.87,25.8390,28.9,1.276,2.12,3.98,-119,3.50
2026-08-31T14:47:27,2,1.585,26.81,25.9360,28.9,1.274,1.93,3.99,-119,3.00
2026-08-31T14:47:28,2,1.600,27.97,26.0360,28.9,1.265,1.22,3.98,-117,4.50
2026-08-31T14:47:29,2,1.595,27.58,26.1370,28.9,1.274,1.93,3.98,-117,5.25
2026-08-31T14:47:30,2,1.613,29.00,26.2420,28.9,1.276,2.05,3.97,-117,5.00
2026-08-31T14:47:31,2,1.606,28.49,26.3390,28.9,1.265,1.22,3.99,-117,5.50
2026-08-31T14:47:32,2,1.594,27.52,26.4480,28.9,1.273,1.86,3.99,-116,5.00
2026-08-31T14:47:33,2,1.613,29.07,26.5480,28.9,1.274,1.93,3.97,-117,5.00
2026-08-31T14:47:34,2,1.608,28.68,26.7460,28.9,1.267,1.35,3.98,-117,5.25
2026-08-31T14:47:35,2,1.600,27.97,26.8480,28.9,1.276,2.05,3.98,-116,5.00
2026-08-31T14:47:36,2,1.615,29.20,26.9550,28.9,1.266,1.28,3.99,-117,5.25
2026-08-31T14:47:37,2,1.614,29.13,27.0630,28.9,1.265,1.22,3.99,-117,4.50
2026-08-31T14:47:39,2,1.602,28.16,27.1820,28.9,1.275,1.99,3.99,-117,5.25
2026-08-31T14:47:40,2,1.621,29.65,27.3000,28.9,1.268,1.41,3.99,-117,5.00
2026-08-31T14:47:41,2,1.608,28.62,27.4110,28.9,1.263,1.02,4.00,-117,5.50
2026-08-31T14:47:42,2,1.607,28.55,27.5190,28.9,1.269,1.54,3.99,-117,5.00
2026-08-31T14:47:43,2,1.624,29.90,27.6310,28.9,1.265,1.22,3.99,-117,5.00
2026-08-31T14:47:45,2,1.614,29.13,27.8640,28.9,1.274,1.93,3.99,-117,5.50
2026-08-31T14:47:46,2,1.628,30.23,27.9860,28.9,1.265,1.22,3.99,-118,4.00
2026-08-31T14:47:47,2,1.616,29.26,28.2230,28.9,1.271,1.67,4.01,-117,5.00
2026-08-31T14:47:48,2,1.619,29.52,28.3410,28.9,1.272,1.80,3.98,-119,2.75
2026-08-31T14:47:49,2,1.631,30.48,28.4660,28.9,1.265,1.22,3.99,-123,-5.50
2026-08-31T14:47:52,2,1.654,32.35,28.7140,28.9,1.276,2.05,3.97,-124,-7.50
2026-08-31T14:47:53,2,1.635,30.81,28.8450,28.9,1.267,1.35,3.99,-123,-5.50
2026-08-31T14:47:54,2,1.628,30.23,28.9830,28.9,1.274,1.93,3.98,-116,5.50
2026-08-31T14:47:55,2,1.646,31.65,29.1080,28.9,1.276,2.12,3.97,-115,6.25
2026-08-31T14:47:56,2,1.638,31.00,29.2380,28.9,1.265,1.22,3.99,-119,2.25
2026-08-31T14:47:57,2,1.631,30.48,29.3690,28.9,1.276,2.05,3.99,-117,4.50
2026-08-31T14:47:58,2,1.650,31.97,29.4890,28.9,1.276,2.12,3.97,-118,3.50
2026-08-31T14:47:59,2,1.634,30.74,29.7270,28.9,1.264,1.09,4.01,-117,5.00
2026-08-31T14:48:00,2,1.639,31.13,29.8400,28.9,1.274,1.93,3.99,-117,5.50
2026-08-31T14:48:01,2,1.650,32.03,29.9620,28.9,1.267,1.35,3.99,-117,5.25
2026-08-31T14:48:02,2,1.638,31.00,30.0700,28.9,1.266,1.28,4.01,-121,-1.50
2026-08-31T14:48:04,2,1.638,31.00,30.1800,28.9,1.273,1.86,3.99,-121,-1.75
2026-08-31T14:48:05,2,1.651,32.10,30.2880,28.9,1.265,1.22,3.98,-120,1.50
2026-08-31T14:48:06,2,1.641,31.26,30.3870,28.9,1.262,0.96,4.01,-120,0.25
2026-08-31T14:48:07,2,1.646,31.65,30.4860,28.9,1.273,1.86,3.99,-120,1.25
2026-08-31T14:48:08,2,1.662,33.00,30.5930,28.9,1.265,1.22,3.98,-120,1.75
2026-08-31T14:48:09,2,1.645,31.58,30.6860,28.9,1.263,1.02,4.00,-122,-1.25
2026-08-31T14:48:10,2,1.665,33.19,30.7660,28.9,1.277,2.18,3.97,-120,1.50
2026-08-31T14:48:11,2,1.662,32.93,30.9470,28.9,1.265,1.22,3.99,-120,1.75
2026-08-31T14:48:12,2,1.652,32.16,31.0250,28.9,1.286,2.89,3.98,-120,2.00
2026-08-31T14:48:13,2,1.667,33.32,31.0940,28.9,1.276,2.05,3.97,-120,1.50
2026-08-31T14:48:14,2,1.665,33.19,31.1750,28.9,1.266,1.28,3.99,-120,1.50
2026-08-31T14:48:16,2,1.654,32.29,31.2510,28.9,1.277,2.18,3.98,-120,2.25
2026-08-31T14:48:17,2,1.670,33.58,31.3290,28.9,1.276,2.12,3.97,-120,1.50
2026-08-31T14:48:18,2,1.664,33.13,31.4090,28.9,1.266,1.28,3.99,-117,4.50
2026-08-31T14:48:19,2,1.658,32.68,31.4710,28.9,1.275,1.00,3.00,-113,3.50
2026-08-31T14:48:20,2,1.671,33.71,31.5390,28.9,1.280,2.38,3.97,-118,3.75
2026-08-31T14:48:21,2,1.655,32.42,31.6180,28.9,1.263,1.02,4.00,-116,5.25
2026-08-31T14:48:22,2,1.657,32.55,31.6890,28.9,1.277,2.18,3.99,-116,5.50
2026-08-31T14:48:23,2,1.673,33.84,31.7650,28.9,1.265,1.22,3.98,-117,5.25
2026-08-31T14:48:25,2,1.662,33.00,31.9750,28.9,1.274,1.93,3.99,-117,5.00
2026-08-31T14:48:26,2,1.672,33.77,32.0560,28.9,1.263,1.02,3.98,-116,5.00
2026-08-31T14:48:27,2,1.672,33.77,32.1260,28.9,1.267,1.35,4.00,-116,5.50
2026-08-31T14:48:29,2,1.661,32.87,32.2070,28.9,1.273,1.86,3.99,-116,5.00
2026-08-31T14:48:31,2,1.664,33.13,32.3610,28.9,1.263,1.02,4.01,-117,5.00
2026-08-31T14:48:32,2,1.685,34.80,32.4360,28.9,1.276,2.05,3.97,-117,5.50
2026-08-31T14:48:33,2,1.679,34.29,32.5090,28.9,1.265,1.22,3.99,-116,5.50
2026-08-31T14:48:34,2,1.671,33.71,32.5890,28.9,1.280,2.38,3.99,-116,5.50
2026-08-31T14:48:36,2,1.683,34.68,32.8100,28.9,1.265,1.22,3.99,-116,5.75
2026-08-31T14:48:37,2,1.672,33.77,32.8880,28.9,1.276,2.05,3.98,-116,5.50
2026-08-31T14:48:38,2,1.690,35.19,32.9650,28.9,1.274,1.93,3.97,-116,5.00
2026-08-31T14:48:39,2,1.683,34.68,33.0370,28.9,1.268,1.41,3.99,-116,5.75
2026-08-31T14:48:42,2,1.692,35.38,33.1770,28.9,1.275,1.99,3.97,-116,4.75
2026-08-31T14:48:43,2,1.678,34.22,33.2510,28.9,1.264,1.09,4.00,-116,5.25
2026-08-31T14:48:44,2,1.681,34.48,33.3330,28.9,1.275,1.99,3.99,-116,5.25
2026-08-31T14:48:45,2,1.708,36.61,33.4110,28.9,1.264,1.15,3.97,-117,5.25
2026-08-31T14:48:47,2,1.680,34.42,33.5570,28.9,1.272,1.73,3.99,-117,5.25
2026-08-31T14:48:48,2,1.695,35.58,33.6300,28.9,1.259,0.70,3.99,-117,5.00
2026-08-31T14:48:49,2,1.681,34.48,33.7680,28.9,1.264,1.09,4.00,-117,5.00
2026-08-31T14:48:50,2,1.683,34.68,33.8410,28.9,1.272,1.80,3.99,-117,5.00
2026-08-31T14:48:52,2,1.683,34.68,33.9780,28.9,1.261,0.89,4.00,-116,5.00
2026-08-31T14:48:54,2,1.704,36.29,34.0390,28.9,1.275,1.99,3.97,-116,5.00
2026-08-31T14:48:55,2,1.700,35.96,34.1100,28.9,1.265,1.22,3.99,-117,4.75
2026-08-31T14:48:56,2,1.688,35.06,34.1860,28.9,1.264,1.15,4.00,-117,5.25
2026-08-31T14:48:57,2,1.707,36.55,34.2700,28.9,1.276,2.12,3.96,-117,5.00
2026-08-31T14:48:58,2,1.704,36.29,34.3440,28.9,1.267,1.35,3.99,-117,5.00
2026-08-31T14:48:59,2,1.691,35.26,34.4210,28.9,1.277,2.18,3.98,-117,5.50
2026-08-31T14:49:00,2,1.710,36.80,34.4980,28.9,1.276,2.12,3.97,-117,4.75
2026-08-31T14:49:01,2,1.692,35.38,34.6520,28.9,1.263,1.02,3.99,-117,5.50
2026-08-31T14:49:02,2,1.697,35.77,34.7300,28.9,1.278,2.25,3.98,-117,4.75
2026-08-31T14:49:03,2,1.712,36.93,34.8120,28.9,1.276,2.12,3.97,-117,5.00
2026-08-31T14:49:04,2,1.694,35.51,34.8920,28.9,1.264,1.09,4.00,-117,4.50
2026-08-31T14:49:06,2,1.700,35.96,34.9670,28.9,1.277,2.18,3.98,-117,4.75
2026-08-31T14:49:07,2,1.714,37.13,35.0500,28.9,1.276,2.05,3.97,-117,4.75
2026-08-31T14:49:08,2,1.698,35.84,35.1280,28.9,1.264,1.09,4.00,-117,5.25
2026-08-31T14:49:09,2,1.701,36.09,35.2010,28.9,1.275,1.99,3.99,-117,5.00
2026-08-31T14:49:10,2,1.716,37.25,35.2720,28.9,1.266,1.28,3.99,-117,5.25
2026-08-31T14:49:11,2,1.700,35.96,35.3350,28.9,1.262,0.96,4.00,-117,5.25
2026-08-31T14:49:12,2,1.722,37.77,35.4060,28.9,1.277,2.18,3.97,-117,5.00
2026-08-31T14:49:13,2,1.715,37.19,35.5500,28.9,1.264,1.15,3.99,-117,5.00
2026-08-31T14:49:14,2,1.704,36.29,35.6020,28.9,1.264,1.09,4.00,-117,4.75
2026-08-31T14:49:15,2,1.721,37.71,35.6410,28.9,1.274,1.93,3.97,-117,4.75
2026-08-31T14:49:16,2,1.714,37.13,35.6730,28.9,1.265,1.22,3.99,-117,5.00
2026-08-31T14:49:18,2,1.705,36.42,35.7060,28.9,1.263,1.02,4.00,-117,4.75
2026-08-31T14:49:19,2,1.721,37.71,35.7540,28.9,1.276,2.12,3.97,-117,5.25
2026-08-31T14:49:20,2,1.719,37.51,35.7900,28.9,1.265,1.22,3.99,-117,5.25
2026-08-31T14:49:21,2,1.704,36.35,35.8220,28.9,1.272,1.80,4.01,-117,5.25
2026-08-31T14:49:22,2,1.721,37.71,35.8530,28.9,1.276,2.12,3.97,-117,5.00
2026-08-31T14:49:23,2,1.708,36.61,35.8780,28.9,1.264,1.15,4.00,-117,5.00
2026-08-31T14:49:24,2,1.709,36.74,35.8890,28.9,1.278,2.25,3.98,-117,5.00
2026-08-31T14:49:25,2,1.722,37.77,35.9050,28.9,1.276,2.05,3.97,-117,5.25
2026-08-31T14:49:26,2,1.694,35.51,35.9130,28.9,1.264,1.15,4.00,-117,5.25
2026-08-31T14:49:27,2,1.707,36.55,35.9160,28.9,1.277,2.18,3.98,-117,5.25
2026-08-31T14:49:28,2,1.722,37.77,35.9180,28.9,1.276,2.05,3.97,-117,5.25
2026-08-31T14:49:29,2,1.704,36.35,35.9140,28.9,1.262,0.96,4.00,-117,4.75
2026-08-31T14:49:31,2,1.708,36.61,35.9200,28.9,1.276,2.05,3.98,-117,5.00
2026-08-31T14:49:32,2,1.720,37.58,35.9150,28.9,1.276,2.05,3.97,-117,5.25
2026-08-31T14:49:33,2,1.707,36.55,35.9130,28.9,1.267,1.35,4.00,-117,5.00
2026-08-31T14:49:34,2,1.726,38.09,35.9170,28.9,1.276,2.05,3.96,-117,5.25
2026-08-31T14:49:35,2,1.721,37.64,35.9230,28.9,1.268,1.41,3.98,-117,4.75
2026-08-31T14:49:36,2,1.708,36.61,35.9260,28.9,1.264,1.15,4.00,-117,5.25
2026-08-31T14:49:37,2,1.725,37.96,35.9380,28.9,1.275,1.99,3.97,-117,5.00
2026-08-31T14:49:38,2,1.721,37.64,35.9290,28.9,1.267,1.35,3.98,-117,5.00
2026-08-31T14:49:39,2,1.704,36.35,35.9280,28.9,1.265,1.22,4.00,-117,5.00
2026-08-31T14:49:40,2,1.725,37.96,35.9240,28.9,1.276,2.12,3.97,-116,5.00
2026-08-31T14:49:41,2,1.717,37.38,35.9140,28.9,1.266,1.28,3.99,-117,5.25
2026-08-31T14:49:43,2,1.706,36.48,35.9080,28.9,1.265,1.22,4.01,-117,5.00
2026-08-31T14:49:44,2,1.722,37.77,35.9070,28.9,1.274,1.93,3.97,-117,5.00
2026-08-31T14:49:45,2,1.705,36.42,35.9050,28.9,1.264,1.09,4.00,-117,5.25
2026-08-31T14:49:46,2,1.706,36.48,35.9040,28.9,1.277,2.18,3.98,-117,5.25
2026-08-31T14:49:47,2,1.724,37.90,35.9040,28.9,1.276,2.05,3.97,-117,5.50
2026-08-31T14:49:48,2,1.713,37.06,35.9040,28.9,1.266,1.28,4.00,-117,4.75
2026-08-31T14:49:49,2,1.709,36.74,35.9030,28.9,1.276,2.12,3.98,-117,5.25
2026-08-31T14:49:50,2,1.720,37.58,35.9090,28.9,1.271,1.67,3.97,-118,4.50
2026-08-31T14:49:51,2,1.707,36.55,35.8970,28.9,1.264,1.09,4.00,-117,4.50
2026-08-31T14:49:52,2,1.726,38.09,35.8890,28.9,1.276,2.05,3.99,-117,4.50
2026-08-31T14:49:53,2,1.721,37.71,35.8750,28.9,1.276,2.05,3.97,-117,4.50
2026-08-31T14:49:54,2,1.703,36.22,35.8670,28.9,1.264,1.15,4.00,-117,4.50
2026-08-31T14:49:56,2,1.723,37.83,35.8620,28.9,1.277,2.18,3.97,-117,4.25
2026-08-31T14:49:57,2,1.721,37.64,35.8510,28.9,1.268,1.41,3.97,-117,4.75
2026-08-31T14:49:58,2,1.706,36.48,35.8540,28.9,1.264,1.15,4.00,-117,4.50
2026-08-31T14:49:59,2,1.724,37.90,35.8480,28.9,1.276,2.05,3.96,-118,4.00
2026-08-31T14:50:00,2,1.721,37.64,35.8470,28.9,1.267,1.35,3.99,-117,4.25
2026-08-31T14:50:01,2,1.704,36.35,35.8440,28.9,1.266,1.28,4.00,-118,4.25
2026-08-31T14:50:02,2,1.722,37.77,35.8490,28.9,1.275,1.99,3.97,-118,4.50
2026-08-31T14:50:03,2,1.704,36.29,35.8320,28.9,1.260,0.83,4.00,-118,4.25
2026-08-31T14:50:04,2,1.703,36.22,35.8170,28.9,1.267,1.35,4.00,-117,4.75
2026-08-31T14:50:05,2,1.722,37.77,35.8130,28.9,1.276,2.12,3.97,-117,4.75
2026-08-31T14:50:06,2,1.706,36.48,35.8040,28.9,1.262,0.96,4.00,-117,4.50
2026-08-31T14:50:08,2,1.702,36.16,35.7980,28.9,1.264,1.15,4.00,-117,4.50
2026-08-31T14:50:09,2,1.718,37.45,35.7950,28.9,1.275,1.99,3.97,-118,4.25
2026-08-31T14:50:10,2,1.704,36.29,35.7780,28.9,1.266,1.28,4.00,-118,4.00
2026-08-31T14:50:11,2,1.711,36.87,35.7720,28.9,1.278,2.25,3.98,-117,5.00
2026-08-31T14:50:12,2,1.720,37.58,35.7800,28.9,1.276,2.12,3.97,-117,4.50
2026-08-31T14:50:13,2,1.705,36.42,35.7780,28.9,1.264,1.09,4.01,-118,4.25
2026-08-31T14:50:14,2,1.725,37.96,35.7830,28.9,1.278,2.25,3.96,-118,4.25
2026-08-31T14:50:16,2,1.701,36.09,35.7620,28.9,1.264,1.15,4.00,-117,4.25
2026-08-31T14:50:17,2,1.724,37.90,35.7580,28.9,1.287,2.96,3.97,-117,4.25
2026-08-31T14:50:18,2,1.720,37.58,35.7490,28.9,1.275,1.99,3.97,-118,4.50
2026-08-31T14:50:20,2,1.704,36.35,35.7440,28.9,1.264,1.09,4.00,-117,4.25
2026-08-31T14:50:22,2,1.716,37.32,35.7260,28.9,1.264,1.15,3.97,-118,4.75
2026-08-31T14:50:23,2,1.702,36.16,35.7180,28.9,1.265,1.22,4.00,-117,3.75
2026-08-31T14:50:24,2,1.719,37.51,35.7210,28.9,1.269,1.54,3.97,-118,4.25
2026-08-31T14:50:25,2,1.704,36.29,35.7150,28.9,1.264,1.09,4.00,-118,4.25
2026-08-31T14:50:27,2,1.718,37.45,35.7060,28.9,1.276,2.05,3.97,-117,4.50
2026-08-31T14:50:28,2,1.703,36.22,35.6900,28.9,1.264,1.09,4.00,-117,4.25
2026-08-31T14:50:29,2,1.701,36.09,35.6890,28.9,1.264,1.09,4.00,-118,4.50
2026-08-31T14:50:30,2,1.717,37.38,35.6830,28.9,1.275,1.99,3.97,-118,4.25
2026-08-31T14:50:33,2,1.720,37.58,35.6720,28.9,1.267,1.35,4.00,-117,4.50
2026-08-31T14:50:34,2,1.713,37.06,35.6530,28.9,1.275,1.99,3.97,-117,4.50
2026-08-31T14:50:35,2,1.704,36.35,35.6510,28.9,1.268,1.47,4.00,-118,4.50
2026-08-31T14:50:36,2,1.716,37.32,35.6550,28.9,1.279,2.31,3.96,-117,4.50
2026-08-31T14:50:38,2,1.706,36.48,35.6330,28.9,1.264,1.09,4.00,-117,4.25
2026-08-31T14:50:39,2,1.724,37.90,35.6310,28.9,1.280,2.38,3.96,-117,4.50
2026-08-31T14:50:40,2,1.716,37.32,35.6250,28.9,1.274,1.93,3.97,-117,4.50
2026-08-31T14:50:41,2,1.700,36.03,35.6210,28.9,1.262,0.96,4.00,-117,4.25
2026-08-31T14:50:43,2,1.702,36.16,35.6040,28.9,1.274,1.93,3.99,-118,4.00
2026-08-31T14:50:45,2,1.700,36.03,35.6040,28.9,1.260,0.76,4.00,-118,3.25
2026-08-31T14:50:46,2,1.723,37.83,35.6050,28.9,1.276,2.05,3.97,-117,5.25
2026-08-31T14:50:47,2,1.700,36.03,35.5910,28.9,1.264,1.09,3.99,-118,3.75
2026-08-31T14:50:49,2,1.720,37.58,35.5840,28.9,1.276,2.12,3.97,-117,5.50
2026-08-31T14:50:50,2,1.701,36.09,35.5810,28.9,1.264,1.15,4.00,-116,5.75
2026-08-31T14:50:51,2,1.698,35.84,35.5770,28.9,1.264,1.09,4.00,-116,5.75
2026-08-31T14:50:52,2,1.717,37.38,35.5640,28.9,1.278,2.25,3.97,-117,5.00
2026-08-31T14:50:53,2,1.700,36.03,35.5700,28.9,1.263,1.02,4.00,-117,4.50
2026-08-31T14:50:54,2,1.719,37.51,35.5620,28.9,1.268,1.41,3.98,-118,3.25
2026-08-31T14:50:55,2,1.717,37.38,35.5590,28.9,1.272,1.80,3.97,-120,2.25
2026-08-31T14:50:56,2,1.699,35.90,35.5490,28.9,1.263,1.02,4.00,-117,4.75
2026-08-31T14:50:58,2,1.716,37.25,35.5500,28.9,1.265,1.22,3.98,-119,3.00
2026-08-31T14:50:59,2,1.716,37.25,35.5380,28.9,1.277,2.18,3.97,-118,3.00
2026-08-31T14:51:00,2,1.703,36.22,35.5310,28.9,1.264,1.09,4.00,-117,4.50
2026-08-31T14:51:01,2,1.718,37.45,35.5210,28.9,1.278,2.25,3.96,-115,6.25
2026-08-31T14:51:02,2,1.700,35.96,35.5160,28.9,1.276,2.05,3.99,-116,5.25
2026-08-31T14:51:03,2,1.700,35.96,35.5100,28.9,1.264,1.09,4.01,-117,4.75
2026-08-31T14:51:04,2,1.718,37.45,35.5100,28.9,1.281,2.51,3.97,-116,5.75
2026-08-31T14:51:05,2,1.702,36.16,35.4940,28.9,1.272,1.73,3.98,-117,5.75
2026-08-31T14:51:06,2,1.700,36.03,35.4970,28.9,1.265,1.22,4.00,-116,5.25
2026-08-31T14:51:07,2,1.716,37.25,35.4970,28.9,1.279,2.31,3.97,-116,5.25
2026-08-31T14:51:08,2,1.700,35.96,35.4890,28.9,1.276,2.05,3.99,-117,5.50
2026-08-31T14:51:10,2,1.700,35.96,35.4800,28.9,1.264,1.09,4.00,-117,5.50
2026-08-31T14:51:11,2,1.715,37.19,35.4720,28.9,1.276,2.05,3.97,-117,5.50
2026-08-31T14:51:12,2,1.702,36.16,35.4670,28.9,1.274,1.93,3.98,-116,5.50
2026-08-31T14:51:13,2,1.718,37.45,35.4610,28.9,1.267,1.35,3.98,-116,5.50
2026-08-31T14:51:14,2,1.716,37.32,35.4510,28.9,1.276,2.05,3.97,-116,6.00
2026-08-31T14:51:15,2,1.698,35.84,35.4410,28.9,1.262,0.96,4.00,-116,5.75
2026-08-31T14:51:16,2,1.716,37.32,35.4300,28.9,1.265,1.22,3.99,-116,6.00
2026-08-31T14:51:17,2,1.716,37.25,35.4270,28.9,1.276,2.12,3.97,-116,5.50
2026-08-31T14:51:18,2,1.697,35.77,35.4330,28.9,1.261,0.89,4.00,-116,5.75
2026-08-31T14:51:19,2,1.710,36.80,35.4230,28.9,1.265,1.22,3.98,-114,7.00
2026-08-31T14:51:20,2,1.703,36.22,35.3910,28.9,1.275,1.99,3.97,-114,6.75
2026-08-31T14:51:22,2,1.681,34.48,35.2190,28.9,1.264,1.09,4.00,-117,4.50
2026-08-31T14:51:23,2,1.695,35.58,34.9000,28.9,1.266,1.28,3.97,-118,4.75
2026-08-31T14:51:24,2,1.672,33.77,34.5380,28.9,1.274,1.93,4.00,-118,3.00
2026-08-31T14:51:25,2,1.664,33.13,34.1840,28.9,1.261,0.89,4.00,-118,4.25
2026-08-31T14:51:26,2,1.679,34.35,33.8390,28.9,1.276,2.12,3.99,-116,5.75
2026-08-31T14:51:27,2,1.662,33.00,33.4980,28.9,1.273,1.86,3.99,-115,5.75
2026-08-31T14:51:28,2,1.658,32.68,33.1560,28.9,1.261,0.89,4.00,-116,5.50
2026-08-31T14:51:29,2,1.670,33.58,32.8280,28.9,1.277,2.18,3.97,-115,5.50
2026-08-31T14:51:30,2,1.650,31.97,32.1760,28.9,1.273,1.86,3.98,-116,5.25
2026-08-31T14:51:31,2,1.660,32.81,31.8560,28.9,1.267,1.35,3.98,-116,5.25
2026-08-31T14:51:32,2,1.654,32.35,31.5260,28.9,1.276,2.12,3.97,-117,5.25
2026-08-31T14:51:33,2,1.638,31.07,31.2000,28.9,1.275,1.99,3.98,-117,5.00
2026-08-31T14:51:35,2,1.648,31.84,30.8900,28.9,1.265,1.22,3.99,-116,5.25
2026-08-31T14:51:36,2,1.644,31.52,30.5760,28.9,1.279,2.31,3.97,-117,5.25
2026-08-31T14:51:37,2,1.620,29.58,30.2660,28.9,1.272,1.80,3.99,-116,5.50
2026-08-31T14:51:38,2,1.633,30.61,29.9490,28.9,1.265,1.22,3.98,-116,5.00
2026-08-31T14:51:39,2,1.632,30.55,29.6220,28.9,1.276,2.12,3.97,-116,5.75
2026-08-31T14:51:40,2,1.617,29.39,29.3160,28.9,1.264,1.15,4.00,-117,5.00
2026-08-31T14:51:41,2,1.633,30.61,29.0370,28.9,1.266,1.28,3.98,-121,0.25
2026-08-31T14:51:42,2,1.619,29.52,28.8580,28.9,1.271,1.67,3.99,-117,4.75
2026-08-31T14:51:43,2,1.615,29.20,28.8740,28.9,1.264,1.09,4.00,-118,4.00
2026-08-31T14:51:44,2,1.633,30.61,28.8810,28.9,1.268,1.47,3.99,-119,2.50
2026-08-31T14:51:45,2,1.622,29.78,28.8930,28.9,1.275,1.99,3.98,-118,4.50
2026-08-31T14:51:47,2,1.617,29.39,28.8950,28.9,1.264,1.09,4.00,-118,4.25
2026-08-31T14:51:48,2,1.632,30.55,28.8970,28.9,1.266,1.28,3.97,-117,4.50
2026-08-31T14:51:49,2,1.621,29.65,28.8950,28.9,1.275,1.99,3.99,-117,4.25
2026-08-31T14:51:50,2,1.619,29.52,28.8970,28.9,1.264,1.15,4.00,-117,4.75
2026-08-31T14:51:51,2,1.636,30.87,28.9040,28.9,1.278,2.25,3.96,-117,4.00
2026-08-31T14:51:52,2,1.621,29.71,28.9000,28.9,1.276,2.12,3.99,-117,4.75
2026-08-31T14:51:53,2,1.639,31.13,28.8980,28.9,1.267,1.35,3.98,-117,4.50
2026-08-31T14:51:54,2,1.633,30.68,28.9010,28.9,1.278,2.25,3.97,-117,4.25
2026-08-31T14:51:55,2,1.623,29.84,28.8990,28.9,1.278,2.25,3.98,-118,4.25
2026-08-31T14:51:56,2,1.635,30.81,28.8990,28.9,1.267,1.35,3.99,-118,4.50
2026-08-31T14:51:57,2,1.634,30.74,28.9000,28.9,1.277,2.18,3.97,-118,3.25
2026-08-31T14:51:59,2,1.619,29.52,28.9110,28.9,1.273,1.86,3.99,-117,5.25
2026-08-31T14:52:00,2,1.634,30.74,28.9050,28.9,1.264,1.15,3.98,-115,6.00
2026-08-31T14:52:01,2,1.636,30.87,28.9070,28.9,1.279,2.31,3.97,-116,5.50
2026-08-31T14:52:02,2,1.617,29.39,28.9110,28.9,1.261,0.89,4.00,-116,5.25
2026-08-31T14:52:03,2,1.632,30.55,28.9070,28.9,1.264,1.09,3.99,-116,5.25
2026-08-31T14:52:04,2,1.621,29.65,28.9030,28.9,1.271,1.67,3.99,-116,5.50
2026-08-31T14:52:05,2,1.618,29.45,28.9060,28.9,1.260,0.83,4.00,-116,5.25
2026-08-31T14:52:06,2,1.633,30.68,28.9100,28.9,1.265,1.22,3.99,-116,5.25
2026-08-31T14:52:07,2,1.621,29.65,28.9010,28.9,1.274,1.93,3.99,-116,5.75
2026-08-31T14:52:08,2,1.617,29.32,28.8970,28.9,1.264,1.09,4.00,-116,5.50
2026-08-31T14:52:09,2,1.632,30.55,28.8880,28.9,1.264,1.15,3.99,-117,5.25
2026-08-31T14:52:10,2,1.621,29.65,28.8760,28.9,1.273,1.86,3.98,-116,5.50
2026-08-31T14:52:13,2,1.632,30.55,28.8850,28.9,1.264,1.15,3.98,-116,5.25
2026-08-31T14:52:14,2,1.619,29.52,28.8850,28.9,1.273,1.86,3.99,-116,5.50
2026-08-31T14:52:15,2,1.636,30.87,28.8720,28.9,1.269,1.54,3.98,-116,5.00
2026-08-31T14:52:16,2,1.633,30.68,28.8650,28.9,1.278,2.25,3.96,-115,6.25
2026-08-31T14:52:18,2,1.633,30.68,28.8590,28.9,1.265,1.22,3.98,-117,4.25
2026-08-31T14:52:19,2,1.634,30.74,28.8570,28.9,1.276,2.12,3.96,-120,0.75
2026-08-31T14:52:20,2,1.621,29.65,28.8490,28.9,1.276,2.05,3.99,-120,1.25
2026-08-31T14:52:21,2,1.633,30.68,28.8500,28.9,1.268,1.47,3.99,-120,1.25
2026-08-31T14:52:24,2,1.618,29.45,28.8510,28.9,1.274,1.93,3.99,-120,1.25
2026-08-31T14:52:25,2,1.634,30.74,28.8480,28.9,1.267,1.35,3.98,-122,-4.00
2026-08-31T14:52:26,2,1.625,30.03,28.8390,28.9,1.274,1.93,3.98,-122,-3.75
2026-08-31T14:52:27,2,1.623,29.84,28.8800,28.9,1.263,1.02,4.00,-122,-3.25
2026-08-31T14:52:29,2,1.627,30.16,29.0120,28.9,1.273,1.86,3.99,-122,-1.25
2026-08-31T14:52:30,2,1.625,29.97,29.0790,28.9,1.264,1.09,4.00,-122,-1.50
2026-08-31T14:52:31,2,1.643,31.45,29.1540,28.9,1.268,1.41,3.99,-121,-0.25
2026-08-31T14:52:32,2,1.633,30.61,29.3530,28.9,1.272,1.80,3.98,-122,-1.75
2026-08-31T14:52:34,2,1.649,31.90,29.6560,28.9,1.265,1.22,3.98,-116,5.50
2026-08-31T14:52:35,2,1.637,30.94,29.8140,28.9,1.272,1.80,3.99,-117,4.50
2026-08-31T14:52:37,2,1.655,32.42,29.9680,28.9,1.266,1.28,3.98,-115,5.75
2026-08-31T14:52:38,2,1.654,32.35,30.1310,28.9,1.280,2.38,3.97,-120,2.25
2026-08-31T14:52:40,2,1.663,33.06,30.4600,28.9,1.267,1.35,3.98,-116,6.00
2026-08-31T14:52:41,2,1.662,32.93,30.6330,28.9,1.277,2.18,3.97,-113,7.25
2026-08-31T14:52:43,2,1.667,33.32,30.9970,28.9,1.267,1.35,3.98,-112,8.00
2026-08-31T14:52:45,2,1.659,32.74,31.5790,28.9,1.274,1.93,3.98,-112,8.25
2026-08-31T14:52:46,2,1.678,34.22,31.7470,28.9,1.265,1.22,3.98,-112,7.50
2026-08-31T14:52:47,2,1.663,33.06,31.9050,28.9,1.275,1.99,3.99,-112,8.25
2026-08-31T14:52:49,2,1.663,33.06,32.0400,28.9,1.267,1.35,3.98,-112,7.75
2026-08-31T14:52:50,2,1.680,34.42,32.1970,28.9,1.265,1.22,3.99,-113,8.00
2026-08-31T14:52:51,2,1.671,33.64,32.3550,28.9,1.274,1.93,3.99,-113,7.75
2026-08-31T14:52:52,2,1.666,33.26,32.5140,28.9,1.265,1.22,4.00,-113,8.75
2026-08-31T14:52:53,2,1.678,34.22,32.6230,28.9,1.264,1.15,3.99,-114,6.75
2026-08-31T14:52:54,2,1.665,33.19,32.7150,28.9,1.282,2.57,3.98,-113,7.00
2026-08-31T14:52:55,2,1.691,35.26,32.8100,28.9,1.264,1.15,3.98,-113,7.75
2026-08-31T14:52:56,2,1.677,34.16,33.0050,28.9,1.264,1.15,3.99,-112,8.25
2026-08-31T14:52:57,2,1.676,34.10,33.1200,28.9,1.274,1.93,3.99,-112,8.25
2026-08-31T14:52:58,2,1.692,35.32,33.2230,28.9,1.264,1.09,3.98,-112,8.00
2026-08-31T14:52:59,2,1.692,35.38,33.3360,28.9,1.263,1.02,3.98,-112,7.75
2026-08-31T14:53:01,2,1.681,34.48,33.4530,28.9,1.273,1.86,3.98,-112,8.00
2026-08-31T14:53:02,2,1.696,35.64,33.5730,28.9,1.266,1.28,3.98,-113,7.75
2026-08-31T14:53:03,2,1.699,35.90,33.6860,28.9,1.277,2.18,3.97,-113,7.75
2026-08-31T14:53:04,2,1.684,34.74,33.7990,28.9,1.273,1.86,3.98,-112,7.50
2026-08-31T14:53:05,2,1.706,36.48,33.9180,28.9,1.264,1.09,3.98,-113,6.75
2026-08-31T14:53:06,2,1.690,35.19,34.0360,28.9,1.277,2.18,3.98,-122,-0.25
2026-08-31T14:53:07,2,1.692,35.38,34.1610,28.9,1.273,1.86,3.98,-115,6.00
2026-08-31T14:53:10,2,1.697,35.77,34.6360,28.9,1.274,1.93,3.98,-123,-4.75
2026-08-31T14:53:11,2,1.712,37.00,34.7580,28.9,1.266,1.28,3.98,-115,6.50
2026-08-31T14:53:12,2,1.698,35.84,34.8820,28.9,1.276,2.05,3.98,-116,5.50
2026-08-31T14:53:14,2,1.700,35.96,35.0210,28.9,1.264,1.15,4.00,-117,4.75
2026-08-31T14:53:15,2,1.718,37.45,35.1430,28.9,1.264,1.09,3.98,-118,4.75
2026-08-31T14:53:16,2,1.701,36.09,35.2770,28.9,1.272,1.80,3.99,-116,5.25
2026-08-31T14:53:17,2,1.724,37.90,35.3940,28.9,1.266,1.28,3.98,-115,6.00
2026-08-31T14:53:18,2,1.722,37.77,35.5080,28.9,1.265,1.22,3.99,-116,5.75
2026-08-31T14:53:19,2,1.711,36.87,35.6370,28.9,1.274,1.93,3.99,-116,5.75
2026-08-31T14:53:20,2,1.724,37.90,35.7690,28.9,1.266,1.28,3.98,-115,6.50
2026-08-31T14:53:21,2,1.723,37.83,36.0110,28.9,1.266,1.28,3.99,-115,6.25
2026-08-31T14:53:22,2,1.716,37.25,36.1440,28.9,1.276,2.05,3.97,-115,6.25
2026-08-31T14:53:23,2,1.730,38.41,36.2720,28.9,1.266,1.28,3.98,-117,5.50
2026-08-31T14:53:24,2,1.721,37.64,36.4070,28.9,1.279,2.31,3.97,-117,5.50
2026-08-31T14:53:27,2,1.736,38.87,36.6630,28.9,1.266,1.28,3.99,-116,5.75
2026-08-31T14:53:28,2,1.727,38.16,36.7950,28.9,1.277,2.18,3.98,-116,5.50
2026-08-31T14:53:29,2,1.727,38.16,36.9360,28.9,1.274,1.93,3.98,-116,6.00
2026-08-31T14:53:30,2,1.742,39.38,37.0680,28.9,1.265,1.22,3.98,-116,5.50
2026-08-31T14:53:31,2,1.728,38.22,37.1950,28.9,1.276,2.12,3.99,-116,5.50
2026-08-31T14:53:32,2,1.733,38.61,37.3290,28.9,1.274,1.93,3.99,-117,5.25
2026-08-31T14:53:33,2,1.746,39.70,37.4620,28.9,1.266,1.28,3.98,-119,2.00
2026-08-31T14:53:34,2,1.737,38.93,37.7380,28.9,1.278,2.25,3.98,-119,2.50
2026-08-31T14:53:35,2,1.758,40.61,37.8790,28.9,1.276,2.05,3.97,-120,2.00
2026-08-31T14:53:36,2,1.750,40.03,38.0210,28.9,1.265,1.22,3.98,-120,2.25
2026-08-31T14:53:37,2,1.738,39.06,38.1660,28.9,1.273,1.86,3.98,-120,1.25
2026-08-31T14:53:39,2,1.758,40.67,38.3150,28.9,1.267,1.35,3.98,-120,1.50
2026-08-31T14:53:40,2,1.758,40.61,38.4590,28.9,1.265,1.22,3.98,-120,1.75
2026-08-31T14:53:41,2,1.748,39.83,38.6010,28.9,1.276,2.05,3.98,-118,2.75
2026-08-31T14:53:42,2,1.763,41.06,38.7480,28.9,1.266,1.28,3.98,-115,6.50
2026-08-31T14:53:43,2,1.762,40.99,38.8950,28.9,1.268,1.41,3.98,-119,2.50
2026-08-31T14:53:44,2,1.755,40.41,39.0340,28.9,1.273,1.86,3.99,-119,2.50
2026-08-31T14:53:45,2,1.766,41.32,39.1780,28.9,1.267,1.35,3.98,-119,3.25
2026-08-31T14:53:46,2,1.755,40.41,39.4590,28.9,1.264,1.15,4.00,-115,5.75
2026-08-31T14:53:47,2,1.759,40.74,39.5960,28.9,1.275,1.99,3.99,-115,6.00
2026-08-31T14:53:48,2,1.776,42.09,39.7290,28.9,1.266,1.28,3.98,-115,6.50
2026-08-31T14:53:49,2,1.762,40.99,39.8650,28.9,1.277,2.18,3.98,-115,6.50
2026-08-31T14:53:51,2,1.762,40.93,39.9950,28.9,1.274,1.93,3.97,-115,6.50
2026-08-31T14:53:52,2,1.775,42.02,40.1120,28.9,1.265,1.22,3.99,-115,6.00
2026-08-31T14:53:53,2,1.767,41.38,40.2310,28.9,1.276,2.12,3.98,-114,6.00
2026-08-31T14:53:54,2,1.768,41.44,40.3380,28.9,1.272,1.80,3.99,-114,6.50
2026-08-31T14:53:55,2,1.781,42.48,40.4340,28.9,1.267,1.35,3.98,-115,6.25
2026-08-31T14:53:56,2,1.770,41.64,40.5310,28.9,1.276,2.05,3.98,-115,6.50
2026-08-31T14:53:57,2,1.788,43.06,40.6330,28.9,1.274,1.93,3.96,-115,6.00
2026-08-31T14:53:58,2,1.797,43.77,40.8070,28.9,1.266,1.28,3.99,-115,6.50
2026-08-31T14:53:59,2,1.773,41.83,40.8820,28.9,1.275,1.99,3.98,-115,6.50
2026-08-31T14:54:00,2,1.789,43.12,40.9740,28.9,1.267,1.35,3.98,-115,6.25
2026-08-31T14:54:01,2,1.788,43.06,41.0480,28.9,1.265,1.22,3.99,-115,6.25
2026-08-31T14:54:03,2,1.775,42.02,41.1150,28.9,1.276,2.05,3.98,-115,6.25
2026-08-31T14:54:04,2,1.791,43.25,41.1860,28.9,1.267,1.35,3.98,-115,5.75
2026-08-31T14:54:05,2,1.789,43.12,41.2610,28.9,1.264,1.15,3.98,-115,5.75
2026-08-31T14:54:06,2,1.780,42.41,41.3330,28.9,1.275,1.99,3.99,-115,6.25
2026-08-31T14:54:07,2,1.795,43.57,41.4060,28.9,1.265,1.22,3.98,-115,6.25
2026-08-31T14:54:08,2,1.779,42.28,41.4720,28.9,1.266,1.28,4.00,-113,0.25
2026-08-31T14:54:09,2,1.783,42.61,41.5390,28.9,1.276,2.05,3.99,-115,6.25
2026-08-31T14:54:10,2,1.794,43.51,41.6010,28.9,1.263,1.02,3.98,-115,6.25
2026-08-31T14:54:11,2,1.775,41.96,41.7460,28.9,1.276,2.05,3.99,-116,5.75
2026-08-31T14:54:12,2,1.786,42.86,41.8110,28.9,1.274,1.93,3.99,-116,5.50
2026-08-31T14:54:13,2,1.796,43.70,41.8830,28.9,1.266,1.28,3.99,-113,0.25
2026-08-31T14:54:14,2,1.787,42.93,41.9550,28.9,1.277,2.18,3.99,-115,6.25
2026-08-31T14:54:16,2,1.785,42.80,42.0300,28.9,1.273,1.86,3.98,-115,5.75
2026-08-31T14:54:17,2,1.799,43.89,42.1060,28.9,1.266,1.28,3.99,-117,5.25
2026-08-31T14:54:18,2,1.795,43.64,42.1810,28.9,1.274,1.93,3.98,-122,-1.00
2026-08-31T14:54:20,2,1.804,44.28,42.3440,28.9,1.266,1.28,3.99,-116,5.25
2026-08-31T14:54:21,2,1.791,43.31,42.4080,28.9,1.276,2.12,3.98,-114,7.00
2026-08-31T14:54:22,2,1.808,44.60,42.4750,28.9,1.277,2.18,3.97,-117,5.00
2026-08-31T14:54:23,2,1.805,44.41,42.6320,28.9,1.265,1.22,3.98,-117,5.25
2026-08-31T14:54:25,2,1.809,44.73,42.7620,28.9,1.266,1.28,3.98,-116,5.50
2026-08-31T14:54:26,2,1.794,43.51,42.8290,28.9,1.264,1.15,4.00,-116,5.50
2026-08-31T14:54:28,2,1.797,43.77,42.8970,28.9,1.275,1.99,3.99,-115,6.25
2026-08-31T14:54:29,2,1.812,44.93,42.9620,28.9,1.264,1.09,3.98,-120,1.00
2026-08-31T14:54:31,2,1.800,44.02,43.0910,28.9,1.272,1.73,3.98,-118,4.25
2026-08-31T14:54:32,2,1.814,45.12,43.1720,28.9,1.266,1.28,3.98,-116,5.75
2026-08-31T14:54:33,2,1.799,43.96,43.2310,28.9,1.264,1.15,4.00,-120,1.50
2026-08-31T14:54:34,2,1.803,44.22,43.2990,28.9,1.272,1.73,3.98,-117,5.00
2026-08-31T14:54:36,2,1.804,44.35,43.5080,28.9,1.276,2.05,3.98,-118,4.25
2026-08-31T14:54:37,2,1.824,45.96,43.5730,28.9,1.276,2.05,3.96,-119,3.00
2026-08-31T14:54:38,2,1.820,45.57,43.6310,28.9,1.264,1.15,3.98,-118,3.25
2026-08-31T14:54:39,2,1.808,44.67,43.6970,28.9,1.276,2.05,3.98,-119,2.50
2026-08-31T14:54:42,2,1.820,45.64,43.8280,28.9,1.266,1.28,3.98,-118,4.00
2026-08-31T14:54:43,2,1.810,44.80,43.8940,28.9,1.274,1.93,3.99,-118,3.50
2026-08-31T14:54:44,2,1.829,46.34,43.9590,28.9,1.276,2.12,3.97,-118,3.50
2026-08-31T14:54:45,2,1.828,46.22,44.0140,28.9,1.265,1.22,3.99,-118,3.25
2026-08-31T14:54:46,2,1.816,45.25,44.0720,28.9,1.274,1.93,3.99,-118,3.75
2026-08-31T14:54:47,2,1.829,46.34,44.1360,28.9,1.264,1.09,3.98,-118,3.50
2026-08-31T14:54:48,2,1.810,44.80,44.2730,28.9,1.264,1.09,4.00,-118,3.50
2026-08-31T14:54:49,2,1.816,45.31,44.3480,28.9,1.278,2.25,3.99,-118,3.50
2026-08-31T14:54:50,2,1.829,46.34,44.4160,28.9,1.264,1.15,3.98,-118,3.50
2026-08-31T14:54:51,2,1.816,45.25,44.4720,28.9,1.263,1.02,4.00,-118,3.75
2026-08-31T14:54:53,2,1.817,45.38,44.5580,28.9,1.274,1.93,3.98,-118,3.00
2026-08-31T14:54:54,2,1.833,46.60,44.6480,28.9,1.264,1.15,3.98,-119,2.75
2026-08-31T14:54:55,2,1.817,45.38,44.7160,28.9,1.263,1.02,4.00,-121,1.00
2026-08-31T14:54:56,2,1.823,45.83,44.8050,28.9,1.272,1.80,3.98,-117,4.50
2026-08-31T14:54:57,2,1.837,46.92,44.8930,28.9,1.264,1.09,3.99,-118,4.25
2026-08-31T14:54:58,2,1.826,46.09,44.9830,28.9,1.278,2.25,3.98,-117,4.50
2026-08-31T14:54:59,2,1.845,47.57,45.0570,28.9,1.273,1.86,3.96,-117,4.50
2026-08-31T14:55:01,2,1.826,46.09,45.3120,28.9,1.276,2.12,3.97,-117,5.00
2026-08-31T14:55:02,2,1.841,47.31,45.3860,28.9,1.276,2.12,3.96,-117,4.50
2026-08-31T14:55:03,2,1.841,47.25,45.4550,28.9,1.266,1.28,3.99,-117,4.75
2026-08-31T14:55:05,2,1.831,46.47,45.5200,28.9,1.275,1.99,3.98,-117,4.75
2026-08-31T14:55:06,2,1.846,47.70,45.5820,28.9,1.276,2.12,3.97,-117,5.00
2026-08-31T14:55:07,2,1.843,47.44,45.6490,28.9,1.266,1.28,3.99,-117,4.75
2026-08-31T14:55:08,2,1.831,46.47,45.6950,28.9,1.275,1.99,3.98,-117,4.75
2026-08-31T14:55:09,2,1.844,47.50,45.7540,28.9,1.263,1.02,3.99,-116,5.00
2026-08-31T14:55:10,2,1.831,46.47,45.8070,28.9,1.262,0.96,4.00,-117,5.00
2026-08-31T14:55:11,2,1.833,46.60,45.8400,28.9,1.272,1.80,3.98,-116,5.25
2026-08-31T14:55:12,2,1.847,47.76,45.8890,28.9,1.266,1.28,3.98,-117,5.00
2026-08-31T14:55:13,2,1.832,46.54,45.9480,28.9,1.264,1.09,4.00,-117,5.00
2026-08-31T14:55:14,2,1.836,46.86,45.9690,28.9,1.276,2.05,3.98,-117,4.75
2026-08-31T14:55:15,2,1.843,47.44,45.9790,28.9,1.264,1.15,3.98,-117,5.00
2026-08-31T14:55:16,2,1.831,46.47,45.9850,28.9,1.265,1.22,4.00,-117,4.75
2026-08-31T14:55:18,2,1.849,47.89,45.9810,28.9,1.276,2.12,3.97,-117,5.00
2026-08-31T14:55:19,2,1.846,47.70,46.0010,28.9,1.265,1.22,3.98,-117,5.50
2026-08-31T14:55:20,2,1.833,46.67,45.9950,28.9,1.276,2.05,3.99,-117,4.75
2026-08-31T14:55:21,2,1.849,47.96,45.9890,28.9,1.276,2.05,3.96,-117,4.75
2026-08-31T14:55:22,2,1.853,48.21,45.9930,28.9,1.265,1.22,3.98,-117,5.25
2026-08-31T14:55:23,2,1.835,46.80,45.9890,28.9,1.278,2.25,3.98,-117,4.50
2026-08-31T14:55:24,2,1.861,48.86,45.9890,28.9,1.276,2.12,3.97,-117,4.75
2026-08-31T14:55:25,2,1.845,47.57,46.0040,28.9,1.264,1.15,3.99,-117,5.00
2026-08-31T14:55:26,2,1.835,46.80,45.9950,28.9,1.276,2.12,3.98,-117,4.75
2026-08-31T14:55:27,2,1.849,47.96,45.9920,28.9,1.274,1.93,3.96,-117,5.00
2026-08-31T14:55:28,2,1.831,46.47,45.9840,28.9,1.264,1.15,4.00,-117,5.00
2026-08-31T14:55:30,2,1.833,46.60,45.9750,28.9,1.276,2.05,3.98,-117,4.75
2026-08-31T14:55:31,2,1.847,47.76,45.9730,28.9,1.276,2.05,3.97,-117,5.25
2026-08-31T14:55:32,2,1.832,46.54,45.9610,28.9,1.264,1.15,4.00,-117,5.00
2026-08-31T14:55:33,2,1.830,46.41,45.9430,28.9,1.276,2.12,3.99,-117,5.25
2026-08-31T14:55:34,2,1.845,47.63,45.9300,28.9,1.267,1.35,3.98,-119,2.50
2026-08-31T14:55:35,2,1.833,46.60,45.9250,28.9,1.263,1.02,4.00,-120,1.50
2026-08-31T14:55:36,2,1.832,46.54,45.9140,28.9,1.273,1.86,3.98,-119,2.75
2026-08-31T14:55:37,2,1.841,47.25,45.9050,28.9,1.267,1.35,3.98,-119,2.25
2026-08-31T14:55:38,2,1.829,46.34,45.8920,28.9,1.264,1.09,4.00,-119,2.25
2026-08-31T14:55:39,2,1.852,48.15,45.8830,28.9,1.275,1.99,3.96,-119,3.00
2026-08-31T14:55:40,2,1.850,48.02,45.8800,28.9,1.266,1.28,3.99,-116,5.25
2026-08-31T14:55:41,2,1.828,46.28,45.8790,28.9,1.261,0.89,4.00,-113,7.25
2026-08-31T14:55:43,2,1.850,48.02,45.8730,28.9,1.276,2.05,3.97,-115,7.00
2026-08-31T14:55:44,2,1.845,47.63,45.8620,28.9,1.265,1.22,3.99,-119,3.00
2026-08-31T14:55:45,2,1.831,46.47,45.8520,28.9,1.276,2.12,3.98,-116,5.75
2026-08-31T14:55:46,2,1.849,47.89,45.8510,28.9,1.276,2.05,3.97,-115,5.50
2026-08-31T14:55:47,2,1.843,47.44,45.8430,28.9,1.265,1.22,3.99,-115,6.50
2026-08-31T14:55:48,2,1.833,46.60,45.8420,28.9,1.276,2.05,3.98,-116,6.00
2026-08-31T14:55:49,2,1.849,47.96,45.8440,28.9,1.276,2.12,3.96,-116,6.00
2026-08-31T14:55:50,2,1.829,46.34,45.8390,28.9,1.263,1.02,4.00,-116,6.00
2026-08-31T14:55:51,2,1.832,46.54,45.8330,28.9,1.275,1.99,3.99,-116,5.75
2026-08-31T14:55:52,2,1.846,47.70,45.8230,28.9,1.276,2.12,3.97,-116,5.75
2026-08-31T14:55:53,2,1.828,46.28,45.8170,28.9,1.264,1.15,4.00,-114,6.00
2026-08-31T14:55:55,2,1.830,46.41,45.8060,28.9,1.274,1.93,3.98,-115,5.25
2026-08-31T14:55:56,2,1.841,47.25,45.8060,28.9,1.265,1.22,3.97,-115,6.00
2026-08-31T14:55:57,2,1.828,46.22,45.8100,28.9,1.264,1.15,4.00,-116,5.50
2026-08-31T14:55:58,2,1.847,47.76,45.8070,28.9,1.276,2.05,3.96,-115,6.00
2026-08-31T14:56:00,2,1.829,46.34,45.7750,28.9,1.264,1.15,4.00,-116,5.75
2026-08-31T14:56:01,2,1.848,47.83,45.7680,28.9,1.276,2.12,3.96,-116,5.75
2026-08-31T14:56:02,2,1.842,47.38,45.7430,28.9,1.263,1.02,3.98,-115,5.75
2026-08-31T14:56:03,2,1.829,46.34,45.7400,28.9,1.263,1.02,4.00,-115,7.00
2026-08-31T14:56:05,2,1.841,47.31,45.7120,28.9,1.266,1.28,3.98,-115,6.25
2026-08-31T14:56:07,2,1.826,46.09,45.7130,28.9,1.262,0.96,4.00,-116,5.75
2026-08-31T14:56:08,2,1.846,47.70,45.7130,28.9,1.274,1.93,3.97,-115,5.75
2026-08-31T14:56:09,2,1.828,46.22,45.7030,28.9,1.264,1.09,4.00,-116,6.25
2026-08-31T14:56:11,2,1.845,47.57,45.6890,28.9,1.277,2.18,3.97,-115,5.75
2026-08-31T14:56:12,2,1.828,46.22,45.6880,28.9,1.264,1.15,4.00,-115,6.50
2026-08-31T14:56:13,2,1.830,46.41,45.6880,28.9,1.285,2.83,3.98,-116,5.75
2026-08-31T14:56:14,2,1.846,47.70,45.6910,28.9,1.276,2.12,3.97,-116,5.75
2026-08-31T14:56:16,2,1.829,46.34,45.6670,28.9,1.276,2.12,3.98,-115,6.00
2026-08-31T14:56:17,2,1.842,47.38,45.6640,28.9,1.277,2.18,3.97,-116,5.75
2026-08-31T14:56:18,2,1.826,46.09,45.6710,28.9,1.264,1.15,4.00,-116,5.75
2026-08-31T14:56:20,2,1.849,47.96,45.6630,28.9,1.276,2.12,3.97,-116,5.75
2026-08-31T14:56:22,2,1.824,45.96,45.6440,28.9,1.264,1.15,4.00,-116,5.75
2026-08-31T14:56:23,2,1.845,47.63,45.6360,28.9,1.272,1.80,3.97,-116,5.50
2026-08-31T14:56:24,2,1.838,47.05,45.6360,28.9,1.265,1.22,3.98,-115,6.50
2026-08-31T14:56:25,2,1.826,46.09,45.6240,28.9,1.264,1.15,4.00,-115,7.25
2026-08-31T14:56:27,2,1.844,47.50,45.5940,28.9,1.265,1.22,3.98,-117,5.75
2026-08-31T14:56:28,2,1.826,46.09,45.5760,28.9,1.264,1.09,4.00,-121,1.25
2026-08-31T14:56:29,2,1.842,47.38,45.5740,28.9,1.277,2.18,3.96,-112,8.25
2026-08-31T14:56:30,2,1.824,45.96,45.5650,28.9,1.262,0.96,4.00,-113,7.25
2026-08-31T14:56:32,2,1.824,45.96,45.5530,28.9,1.258,0.64,4.00,-112,8.00
2026-08-31T14:56:33,2,1.842,47.38,45.5410,28.9,1.276,2.05,3.97,-112,8.25
2026-08-31T14:56:34,2,1.826,46.09,45.5350,28.9,1.261,0.89,4.00,-112,8.00
2026-08-31T14:56:35,2,1.828,46.28,45.5200,28.9,1.276,2.12,3.98,-112,8.25
2026-08-31T14:56:36,2,1.841,47.25,45.5110,28.9,1.276,2.05,3.97,-112,8.25
2026-08-31T14:56:37,2,1.825,46.02,45.5090,28.9,1.264,1.15,4.00,-112,8.00
2026-08-31T14:56:38,2,1.827,46.15,45.5110,28.9,1.275,1.99,3.98,-112,8.25
2026-08-31T14:56:39,2,1.840,47.18,45.4970,28.9,1.272,1.80,3.97,-112,8.25
2026-08-31T14:56:40,2,1.823,45.83,45.4930,28.9,1.264,1.09,4.00,-112,8.00
2026-08-31T14:56:41,2,1.845,47.57,45.4940,28.9,1.279,2.31,3.96,-112,8.00
2026-08-31T14:56:42,2,1.842,47.38,45.4840,28.9,1.276,2.12,3.97,-112,7.75
2026-08-31T14:56:43,2,1.824,45.96,45.4660,28.9,1.264,1.09,4.00,-112,8.00
2026-08-31T14:56:45,2,1.844,47.50,45.4670,28.9,1.276,2.12,3.96,-112,8.25
2026-08-31T14:56:46,2,1.840,47.18,45.4630,28.9,1.265,1.22,3.98,-112,7.75
2026-08-31T14:56:47,2,1.825,46.02,45.4700,28.9,1.263,1.02,4.00,-112,8.25
2026-08-31T14:56:48,2,1.845,47.57,45.4710,28.9,1.276,2.05,3.97,-114,7.25
2026-08-31T14:56:49,2,1.839,47.12,45.4700,28.9,1.265,1.22,3.98,-113,7.00
2026-08-31T14:56:50,2,1.824,45.89,45.4630,28.9,1.262,0.96,4.00,-112,7.75
2026-08-31T14:56:51,2,1.838,47.05,45.4610,28.9,1.276,2.05,3.97,-112,8.00
2026-08-31T14:56:52,2,1.827,46.15,45.4640,28.9,1.264,1.09,4.00,-113,7.75
2026-08-31T14:56:53,2,1.824,45.96,45.4570,28.9,1.263,1.02,4.00,-113,7.75
2026-08-31T14:56:54,2,1.841,47.25,45.4560,28.9,1.276,2.05,3.97,-112,7.75
2026-08-31T14:56:55,2,1.824,45.89,45.4500,28.9,1.264,1.15,4.00,-112,7.75
2026-08-31T14:56:57,2,1.826,46.09,45.4490,28.9,1.273,1.86,3.98,-112,8.00
2026-08-31T14:56:58,2,1.841,47.31,45.4360,28.9,1.277,2.18,3.97,-114,6.75
2026-08-31T14:56:59,2,1.823,45.83,45.4390,28.9,1.264,1.15,4.00,-111,8.25
2026-08-31T14:57:00,2,1.826,46.09,45.4280,28.9,1.278,2.25,3.98,-113,7.75
2026-08-31T14:57:01,2,1.841,47.31,45.4190,28.9,1.275,1.99,3.96,-112,8.25
2026-08-31T14:57:02,2,1.824,45.96,45.4150,28.9,1.264,1.15,4.00,-113,7.25
2026-08-31T14:57:03,2,1.844,47.50,45.4160,28.9,1.277,2.18,3.96,-114,6.75
2026-08-31T14:57:04,2,1.839,47.12,45.4120,28.9,1.274,1.93,3.97,-114,7.00
2026-08-31T14:57:05,2,1.824,45.89,45.4070,28.9,1.263,1.02,4.00,-113,7.00
2026-08-31T14:57:06,2,1.841,47.25,45.3940,28.9,1.277,2.18,3.96,-114,7.00
2026-08-31T14:57:07,2,1.833,46.67,45.3780,28.9,1.265,1.22,3.99,-114,7.25
2026-08-31T14:57:09,2,1.815,45.18,45.3660,28.9,1.263,1.02,4.00,-112,8.00
2026-08-31T14:57:10,2,1.827,46.15,45.3680,28.9,1.276,2.12,3.97,-114,6.75
2026-08-31T14:57:11,2,1.818,45.44,45.1860,28.9,1.265,1.22,3.98,-115,6.00
2026-08-31T14:57:12,2,1.793,43.44,44.8240,28.9,1.264,1.09,4.00,-116,5.75
2026-08-31T14:57:13,2,1.804,44.35,44.3330,28.9,1.276,2.05,3.97,-114,7.00
2026-08-31T14:57:14,2,1.781,42.48,43.8510,28.9,1.264,1.15,4.00,-121,0.50
2026-08-31T14:57:15,2,1.777,42.15,43.3870,28.9,1.264,1.15,4.00,-121,-0.75
2026-08-31T14:57:16,2,1.789,43.12,42.9340,28.9,1.277,2.18,3.97,-123,-4.25
2026-08-31T14:57:17,2,1.766,41.25,42.0330,28.9,1.262,0.96,4.00,-122,-1.25
2026-08-31T14:57:18,2,1.759,40.74,41.5870,28.9,1.264,1.09,4.00,-122,-1.50
2026-08-31T14:57:19,2,1.774,41.90,41.1520,28.9,1.276,2.12,3.97,-123,-2.25
2026-08-31T14:57:20,2,1.751,40.09,40.7200,28.9,1.264,1.09,4.00,-119,1.75
2026-08-31T14:57:22,2,1.772,41.77,40.2910,28.9,1.279,2.31,3.96,-120,0.25
2026-08-31T14:57:23,2,1.767,41.38,39.8730,28.9,1.273,1.86,3.97,-120,0.75
2026-08-31T14:57:24,2,1.748,39.83,39.6930,28.9,1.264,1.15,4.00,-121,1.25
2026-08-31T14:57:25,2,1.767,41.38,39.5330,28.9,1.280,2.38,3.96,-120,1.00
2026-08-31T14:57:26,2,1.762,40.93,39.3690,28.9,1.276,2.12,3.97,-124,-8.25
2026-08-31T14:57:27,2,1.747,39.77,39.1850,28.9,1.268,1.47,4.00,-118,3.25
2026-08-31T14:57:28,2,1.769,41.51,39.1480,28.9,1.276,2.05,3.96,-117,4.00
2026-08-31T14:57:29,2,1.770,41.64,39.0560,28.9,1.273,1.86,3.96,-116,5.00
2026-08-31T14:57:30,2,1.762,40.93,39.1800,28.9,1.264,1.15,4.00,-123,-4.00
2026-08-31T14:57:31,2,1.786,42.86,39.4770,28.9,1.277,2.18,3.97,-124,-6.50
2026-08-31T14:57:32,2,1.770,41.57,39.8980,28.9,1.261,0.89,4.00,-120,1.50
2026-08-31T14:57:34,2,1.778,42.22,40.3320,28.9,1.264,1.15,4.00,-116,5.00
2026-08-31T14:57:35,2,1.801,44.09,40.7490,28.9,1.274,1.93,3.96,-117,4.25
2026-08-31T14:57:36,2,1.794,43.51,41.1930,28.9,1.263,1.02,4.00,-117,4.25
2026-08-31T14:57:37,2,1.800,44.02,41.6370,28.9,1.264,1.09,4.00,-118,4.25
2026-08-31T14:57:38,2,1.824,45.89,42.0830,28.9,1.276,2.12,3.97,-117,4.75
2026-08-31T14:57:39,2,1.814,45.12,42.5470,28.9,1.263,1.02,4.00,-120,0.50
2026-08-31T14:57:40,2,1.816,45.25,43.0170,28.9,1.264,1.09,4.00,-123,-2.50
2026-08-31T14:57:41,2,1.836,46.86,43.4880,28.9,1.276,2.05,3.97,-121,0.25
2026-08-31T14:57:42,2,1.820,45.57,44.4510,28.9,1.264,1.15,4.00,-121,-0.50
2026-08-31T14:57:43,2,1.849,47.89,44.6840,28.9,1.273,1.86,3.98,-121,-0.50
2026-08-31T14:57:44,2,1.841,47.31,44.9180,28.9,1.275,1.99,3.97,-121,0.50
2026-08-31T14:57:45,2,1.828,46.22,45.1630,28.9,1.263,1.02,4.00,-116,6.00
2026-08-31T14:57:47,2,1.852,48.15,45.4310,28.9,1.278,2.25,3.96,-120,3.00
2026-08-31T14:57:48,2,1.849,47.96,45.5630,28.9,1.273,1.86,3.97,-116,5.50
2026-08-31T14:57:49,2,1.836,46.86,45.7000,28.9,1.264,1.09,4.00,-119,3.00
2026-08-31T14:57:50,2,1.859,48.73,45.8580,28.9,1.277,2.18,0.00,-112,4.75
2026-08-31T14:57:51,2,1.853,48.28,46.0030,28.9,1.274,1.93,3.97,-119,3.00
2026-08-31T14:57:52,2,1.841,47.25,46.1490,28.9,1.263,1.02,4.00,-119,3.00
2026-08-31T14:57:53,2,1.859,48.73,46.3000,28.9,1.278,2.25,3.97,-119,3.00
2026-08-31T14:57:54,2,1.847,47.76,46.5980,28.9,1.272,1.80,3.98,-119,2.50
2026-08-31T14:57:56,2,1.869,49.50,46.8730,28.9,1.276,2.12,3.96,-117,5.00
2026-08-31T14:57:57,2,1.850,48.02,47.0400,28.9,1.262,0.96,4.00,-121,0.00
2026-08-31T14:57:59,2,1.851,48.08,47.1780,28.9,1.264,1.09,4.00,-118,4.00
2026-08-31T14:58:00,2,1.874,49.95,47.3300,28.9,1.280,2.38,3.96,-122,-1.50
2026-08-31T14:58:02,2,1.858,48.60,47.6420,28.9,1.263,1.02,4.00,-121,0.00
2026-08-31T14:58:03,2,1.879,50.34,47.7970,28.9,1.273,1.86,3.97,-120,0.75
2026-08-31T14:58:04,2,1.863,49.05,47.9350,28.9,1.262,0.96,3.99,-123,-4.00
2026-08-31T14:58:05,2,1.884,50.73,48.0770,28.9,1.266,1.28,3.98,-119,2.75
2026-08-31T14:58:07,2,1.866,49.31,48.4520,28.9,1.266,1.28,4.00,-117,4.75
2026-08-31T14:58:08,2,1.890,51.18,48.5530,28.9,1.276,2.05,3.98,-118,4.25
2026-08-31T14:58:09,2,1.886,50.86,48.6510,28.9,1.276,2.12,3.97,-118,4.00
2026-08-31T14:58:11,2,1.870,49.57,48.7640,28.9,1.264,1.09,3.99,-120,0.50
2026-08-31T14:58:13,2,1.890,51.18,48.9570,28.9,1.275,1.99,3.97,-119,3.50
2026-08-31T14:58:14,2,1.875,50.02,49.0530,28.9,1.264,1.09,4.00,-117,5.25
2026-08-31T14:58:15,2,1.895,51.57,49.1220,28.9,1.281,2.51,3.97,-116,6.00
2026-08-31T14:58:16,2,1.878,50.21,49.2060,28.9,1.275,1.99,3.98,-116,6.25
2026-08-31T14:58:18,2,1.895,51.63,49.3280,28.9,1.276,2.05,3.97,-123,-3.50
2026-08-31T14:58:19,2,1.880,50.41,49.4490,28.9,1.273,1.86,3.99,-121,-0.25
2026-08-31T14:58:21,2,1.895,51.57,49.5280,28.9,1.276,2.12,3.97,-119,2.50
2026-08-31T14:58:24,2,1.878,50.28,49.6180,28.9,1.268,1.47,4.00,-119,2.75
2026-08-31T14:58:25,2,1.898,51.82,49.6590,28.9,1.276,2.12,3.97,-120,2.00
2026-08-31T14:58:26,2,1.883,50.66,49.7050,28.9,1.258,0.64,4.00,-120,0.50
2026-08-31T14:58:27,2,1.902,52.15,49.7560,28.9,1.267,1.35,3.98,-117,5.00
2026-08-31T14:58:28,2,1.900,52.02,49.8070,28.9,1.269,1.54,3.97,-119,2.75
2026-08-31T14:58:29,2,1.882,50.53,49.8660,28.9,1.265,1.22,4.00,-117,5.75
2026-08-31T14:58:30,2,1.900,52.02,49.9130,28.9,1.267,1.35,3.98,-116,5.25
2026-08-31T14:58:31,2,1.901,52.08,50.0080,28.9,1.273,1.86,3.97,-116,6.00
2026-08-31T14:58:32,2,1.886,50.86,50.0710,28.9,1.261,0.89,4.00,-117,5.50
2026-08-31T14:58:33,2,1.903,52.28,50.1220,28.9,1.277,2.18,3.96,-116,5.50
2026-08-31T14:58:34,2,1.889,51.12,50.1910,28.9,1.273,1.86,3.98,-116,5.25
2026-08-31T14:58:36,2,1.891,51.24,50.2450,28.9,1.264,1.15,4.00,-116,5.50
2026-08-31T14:58:37,2,1.907,52.53,50.3180,28.9,1.278,2.25,3.96,-116,5.25
2026-08-31T14:58:38,2,1.891,51.24,50.3810,28.9,1.273,1.86,3.99,-116,5.50
2026-08-31T14:58:39,2,1.891,51.24,50.4450,28.9,1.264,1.15,4.00,-116,5.50
2026-08-31T14:58:40,2,1.922,53.76,50.5160,28.9,1.278,2.25,3.96,-116,5.75
2026-08-31T14:58:41,2,1.895,51.63,50.5860,28.9,1.275,1.99,3.98,-116,5.75
2026-08-31T14:58:42,2,1.893,51.44,50.6500,28.9,1.258,0.64,4.00,-117,5.25
2026-08-31T14:58:43,2,1.912,52.98,50.7150,28.9,1.276,2.12,3.96,-117,5.25
2026-08-31T14:58:44,2,1.907,52.53,50.8400,28.9,1.264,1.09,4.00,-116,5.50
2026-08-31T14:58:45,2,1.916,53.31,50.9000,28.9,1.267,1.35,3.97,-117,5.50
2026-08-31T14:58:46,2,1.912,52.98,50.9460,28.9,1.276,2.12,3.96,-117,5.25
2026-08-31T14:58:47,2,1.898,51.82,50.9970,28.9,1.265,1.22,4.00,-117,5.00
2026-08-31T14:58:49,2,1.915,53.18,51.0450,28.9,1.267,1.35,3.98,-117,5.25
2026-08-31T14:58:50,2,1.914,53.11,51.0910,28.9,1.276,2.05,3.97,-116,5.50
2026-08-31T14:58:51,2,1.898,51.82,51.1280,28.9,1.262,0.96,4.00,-116,6.00
2026-08-31T14:58:52,2,1.913,53.05,51.1720,28.9,1.266,1.28,3.98,-116,5.00
2026-08-31T14:58:53,2,1.916,53.31,51.1960,28.9,1.275,1.99,3.97,-117,5.00
2026-08-31T14:58:54,2,1.900,52.02,51.2260,28.9,1.267,1.35,4.00,-117,5.25
2026-08-31T14:58:55,2,1.918,53.44,51.2570,28.9,1.276,2.05,3.98,-117,5.25
2026-08-31T14:58:56,2,1.903,52.21,51.2810,28.9,1.273,1.86,3.98,-117,4.25
2026-08-31T14:58:57,2,1.888,51.05,51.2790,28.9,1.264,1.15,4.00,-117,5.25
2026-08-31T14:58:58,2,1.917,53.37,51.2850,28.9,1.276,2.12,3.96,-117,4.75
2026-08-31T14:58:59,2,1.899,51.95,51.2890,28.9,1.272,1.80,3.98,-117,5.00
2026-08-31T14:59:01,2,1.899,51.95,51.2930,28.9,1.265,1.22,4.00,-117,5.50
2026-08-31T14:59:02,2,1.919,53.50,51.2890,28.9,1.278,2.25,3.96,-117,4.75
2026-08-31T14:59:03,2,1.902,52.15,51.2950,28.9,1.274,1.93,3.99,-116,5.50
2026-08-31T14:59:04,2,1.900,52.02,51.2880,28.9,1.262,0.96,4.00,-115,5.75
2026-08-31T14:59:05,2,1.917,53.37,51.2830,28.9,1.277,2.18,3.96,-116,5.50
2026-08-31T14:59:06,2,1.898,51.82,51.2660,28.9,1.272,1.80,3.98,-118,3.50
2026-08-31T14:59:07,2,1.917,53.37,51.2740,28.9,1.266,1.28,3.98,-118,3.50
2026-08-31T14:59:08,2,1.913,53.05,51.2780,28.9,1.276,2.12,3.97,-118,4.00
2026-08-31T14:59:09,2,1.899,51.95,51.2600,28.9,1.264,1.15,3.99,-119,4.00
2026-08-31T14:59:10,2,1.916,53.31,51.2410,28.9,1.267,1.35,3.97,-115,6.25
2026-08-31T14:59:11,2,1.915,53.18,51.2390,28.9,1.277,2.18,3.97,-119,2.25
2026-08-31T14:59:13,2,1.897,51.76,51.2420,28.9,1.264,1.15,4.00,-114,6.75
2026-08-31T14:59:14,2,1.913,53.05,51.2330,28.9,1.265,1.22,3.98,-116,6.00
2026-08-31T14:59:15,2,1.899,51.95,51.2290,28.9,1.274,1.93,3.98,-122,-1.50
2026-08-31T14:59:16,2,1.899,51.89,51.2250,28.9,1.263,1.02,4.00,-118,3.00
2026-08-31T14:59:17,2,1.915,53.18,51.2240,28.9,1.266,1.28,3.98,-118,4.25
2026-08-31T14:59:18,2,1.897,51.76,51.2240,28.9,1.273,1.86,3.98,-117,4.25
2026-08-31T14:59:19,2,1.896,51.70,51.2190,28.9,1.263,1.02,4.00,-117,4.50
2026-08-31T14:59:20,2,1.914,53.11,51.2150,28.9,1.278,2.25,3.98,-117,4.50
2026-08-31T14:59:21,2,1.898,51.82,51.1990,28.9,1.272,1.80,3.98,-117,5.50
2026-08-31T14:59:22,2,1.896,51.70,51.1870,28.9,1.256,0.51,4.00,-117,4.75
2026-08-31T14:59:23,2,1.916,53.31,51.1960,28.9,1.276,2.12,3.96,-117,5.25
2026-08-31T14:59:24,2,1.899,51.95,51.1920,28.9,1.273,1.86,3.98,-116,5.50
2026-08-31T14:59:26,2,1.916,53.31,51.1930,28.9,1.266,1.28,3.98,-116,5.50
2026-08-31T14:59:27,2,1.916,53.24,51.1860,28.9,1.278,2.25,3.96,-116,5.50
2026-08-31T14:59:28,2,1.896,51.70,51.1900,28.9,1.273,1.86,3.98,-116,5.50
2026-08-31T14:59:29,2,1.912,52.92,51.1840,28.9,1.268,1.41,3.98,-116,5.50
2026-08-31T14:59:30,2,1.899,51.95,51.1870,28.9,1.276,2.05,3.97,-116,5.50
2026-08-31T14:59:31,2,1.874,49.95,51.1830,28.9,1.271,1.67,3.98,-116,5.50
2026-08-31T14:59:32,2,1.875,50.02,50.9840,28.9,1.265,1.22,3.98,-113,7.75
2026-08-31T14:59:33,2,1.863,49.05,49.9500,28.9,1.275,1.99,3.96,-117,4.25
2026-08-31T14:59:34,2,1.837,46.92,49.1760,28.9,1.263,1.02,4.00,-120,1.50
2026-08-31T14:59:35,2,1.843,47.44,48.2360,28.9,1.265,1.22,3.98,-118,3.50
2026-08-31T14:59:36,2,1.817,45.38,47.3070,28.9,1.274,1.93,3.98,-122,-2.00
2026-08-31T14:59:39,2,1.805,44.41,45.5060,28.9,1.266,1.28,3.98,-123,-4.50
2026-08-31T14:59:40,2,1.000,41.90,44.6410,28.9,1.274,1.93,3.98,-123,-5.75
2026-08-31T14:59:41,2,1.762,40.93,43.7880,28.9,1.263,1.02,4.00,-117,5.00
2026-08-31T14:59:42,2,1.766,41.32,42.9420,28.9,1.266,1.28,3.98,-119,2.75
2026-08-31T14:59:43,2,1.743,39.45,42.1140,28.9,1.278,2.25,3.98,-122,-1.50
2026-08-31T14:59:44,2,1.735,38.80,41.2830,28.9,1.264,1.15,4.00,-122,-0.75
2026-08-31T14:59:45,2,1.737,38.99,39.6450,28.9,1.265,1.22,3.98,-121,-1.50
2026-08-31T14:59:47,2,1.721,37.71,38.0420,28.9,1.266,1.28,3.98,-117,5.00
2026-08-31T14:59:48,2,1.712,36.93,37.2620,28.9,1.279,2.31,3.96,-113,8.00
2026-08-31T14:59:50,2,1.698,35.84,36.4980,28.9,1.272,1.80,3.98,-112,8.00
2026-08-31T14:59:51,2,1.708,36.61,35.7450,28.9,1.268,1.47,3.98,-113,6.75
2026-08-31T14:59:53,2,1.699,35.90,34.7760,28.9,1.273,1.86,3.98,-119,2.75
2026-08-31T14:59:54,2,1.711,36.87,34.6930,28.9,1.265,1.22,3.98,-118,3.50
2026-08-31T14:59:55,2,1.707,36.55,34.7630,28.9,1.277,2.18,3.98,-118,3.75
2026-08-31T14:59:56,2,1.711,36.87,34.9810,28.9,1.273,1.86,3.98,-119,3.00
2026-08-31T14:59:58,2,1.712,37.00,35.6950,28.9,1.273,1.86,3.98,-118,3.50
2026-08-31T14:59:59,2,1.715,37.19,35.9330,28.9,1.261,0.89,4.00,-115,6.25
2026-08-31T15:00:00,2,1.734,38.74,36.1690,28.9,1.266,1.28,3.98,-114,6.50
2026-08-31T15:00:01,2,1.725,37.96,36.4180,28.9,1.272,1.80,3.98,-117,5.00
2026-08-31T15:00:04,2,1.743,39.45,36.9260,28.9,1.265,1.22,3.98,-117,5.00
2026-08-31T15:00:05,2,1.737,38.99,37.2020,28.9,1.272,1.73,3.98,-114,6.50
2026-08-31T15:00:06,2,1.761,40.86,37.4960,28.9,1.267,1.35,3.98,-115,6.50
2026-08-31T15:00:07,2,1.758,40.67,37.7890,28.9,1.264,1.09,3.98,-115,7.00
2026-08-31T15:00:09,2,1.769,41.51,38.3990,28.9,1.267,1.35,3.97,-115,6.50
2026-08-31T15:00:10,2,1.770,41.64,39.0320,28.9,1.276,2.05,3.98,-114,6.75
2026-08-31T15:00:11,2,1.758,40.67,39.3580,28.9,1.274,1.93,3.98,-115,6.25
2026-08-31T15:00:12,2,1.775,42.02,39.6700,28.9,1.265,1.22,3.98,-115,6.50
2026-08-31T15:00:15,2,1.764,41.12,39.9840,28.9,1.273,1.86,3.98,-114,7.50
2026-08-31T15:00:16,2,1.780,42.41,40.1390,28.9,1.264,1.15,3.98,-119,3.25
2026-08-31T15:00:17,2,1.771,41.70,40.2920,28.9,1.271,1.67,3.98,-118,3.75
2026-08-31T15:00:18,2,1.772,41.77,40.4400,28.9,1.273,1.86,3.98,-118,3.50
2026-08-31T15:00:20,2,1.776,42.09,40.7320,28.9,1.276,2.05,3.98,-120,1.50
2026-08-31T15:00:21,2,1.776,42.09,40.8730,28.9,1.273,1.86,3.98,-120,2.25
2026-08-31T15:00:22,2,1.791,43.31,41.0180,28.9,1.266,1.28,3.99,-115,6.25
2026-08-31T15:00:23,2,1.773,41.83,41.3200,28.9,1.275,1.99,3.98,-121,-0.25
2026-08-31T15:00:24,2,1.788,43.06,41.4690,28.9,1.265,1.22,4.00,-122,-2.25
2026-08-31T15:00:25,2,1.797,43.77,41.6120,28.9,1.263,1.02,3.98,-119,2.50
2026-08-31T15:00:26,2,1.787,42.99,41.7650,28.9,1.277,2.18,3.98,-120,2.00
2026-08-31T15:00:28,2,1.806,44.47,41.9130,28.9,1.266,1.28,3.98,-121,-0.25
2026-08-31T15:00:29,2,1.801,44.09,42.0490,28.9,1.273,1.86,3.98,-119,3.75
2026-08-31T15:00:30,2,1.797,43.77,42.1990,28.9,1.274,1.93,3.98,-119,3.25
2026-08-31T15:00:31,2,1.823,45.83,42.3470,28.9,1.268,1.41,3.98,-119,2.75
2026-08-31T15:00:32,2,1.809,44.73,42.4960,28.9,1.264,1.09,3.98,-118,3.50
2026-08-31T15:00:33,2,1.798,43.83,42.6420,28.9,1.273,1.86,3.98,-118,3.25
2026-08-31T15:00:34,2,1.816,45.31,42.7930,28.9,1.266,1.28,3.98,-118,3.75
2026-08-31T15:00:35,2,1.799,43.96,43.0940,28.9,1.264,1.15,4.00,-119,2.50
2026-08-31T15:00:36,2,1.804,44.35,43.2430,28.9,1.272,1.73,3.98,-118,3.25
2026-08-31T15:00:37,2,1.820,45.64,43.3880,28.9,1.266,1.28,3.98,-118,4.00
2026-08-31T15:00:38,2,1.812,44.93,43.5340,28.9,1.272,1.73,3.98,-117,5.00
2026-08-31T15:00:40,2,1.810,44.80,43.6830,28.9,1.272,1.80,3.98,-119,3.25
2026-08-31T15:00:41,2,1.826,46.09,43.8380,28.9,1.266,1.28,3.98,-115,6.50
2026-08-31T15:00:42,2,1.816,45.25,43.9980,28.9,1.274,1.93,3.98,-115,6.00
2026-08-31T15:00:43,2,1.821,45.70,44.1460,28.9,1.274,1.93,3.98,-115,6.00
2026-08-31T15:00:44,2,1.831,46.47,44.3040,28.9,1.267,1.35,3.98,-116,6.00
2026-08-31T15:00:45,2,1.823,45.83,44.4670,28.9,1.276,2.12,3.98,-118,3.75
2026-08-31T15:00:46,2,1.845,47.63,44.6320,28.9,1.274,1.93,3.96,-117,5.00
2026-08-31T15:00:47,2,1.838,47.05,44.9520,28.9,1.265,1.22,3.98,-119,2.25
2026-08-31T15:00:48,2,1.830,46.41,45.1180,28.9,1.276,2.12,3.98,-118,3.25
2026-08-31T15:00:49,2,1.849,47.89,45.2680,28.9,1.264,1.09,3.98,-120,2.25
2026-08-31T15:00:50,2,1.847,47.76,45.4330,28.9,1.260,0.83,3.98,-119,2.50
2026-08-31T15:00:52,2,1.834,46.73,45.6030,28.9,1.275,1.99,3.98,-119,2.00
2026-08-31T15:00:53,2,1.850,48.02,45.7620,28.9,1.267,1.35,3.98,-120,1.50
2026-08-31T15:00:54,2,1.852,48.15,45.9180,28.9,1.266,1.28,3.98,-119,2.50
2026-08-31T15:00:55,2,1.842,47.38,46.0820,28.9,1.273,1.86,3.98,-120,1.25
2026-08-31T15:00:56,2,1.859,48.73,46.2520,28.9,1.267,1.35,3.97,-120,1.75
2026-08-31T15:00:57,2,1.845,47.63,46.4160,28.9,1.264,1.09,4.00,-120,2.50
2026-08-31T15:00:58,2,1.849,47.96,46.5900,28.9,1.273,1.86,3.98,-119,2.50
2026-08-31T15:00:59,2,1.865,49.18,46.7590,28.9,1.264,1.15,3.98,-119,2.50
2026-08-31T15:01:00,2,1.851,48.08,47.0840,28.9,1.264,1.09,4.00,-120,2.25
2026-08-31T15:01:01,2,1.855,48.41,47.2510,28.9,1.273,1.86,3.98,-119,2.25
2026-08-31T15:01:02,2,1.873,49.83,47.4230,28.9,1.266,1.28,3.99,-119,2.50
2026-08-31T15:01:03,2,1.860,48.79,47.5910,28.9,1.276,2.12,3.97,-119,2.50
2026-08-31T15:01:05,2,1.876,50.08,47.7620,28.9,1.276,2.05,3.98,-119,3.00
2026-08-31T15:01:06,2,1.874,49.89,47.9250,28.9,1.264,1.15,3.98,-119,2.75
2026-08-31T15:01:07,2,1.869,49.50,48.0930,28.9,1.274,1.93,3.98,-119,2.50
2026-08-31T15:01:08,2,1.890,51.18,48.2690,28.9,1.276,2.12,3.96,-122,-2.00
2026-08-31T15:01:09,2,1.884,50.73,48.4410,28.9,1.266,1.28,3.98,-122,-1.75
2026-08-31T15:01:10,2,1.879,50.34,48.6170,28.9,1.275,1.99,3.98,-122,-1.00
2026-08-31T15:01:11,2,1.895,51.63,48.7800,28.9,1.271,1.67,3.96,-122,-1.00
2026-08-31T15:01:12,2,1.892,51.37,49.1210,28.9,1.264,1.15,3.98,-119,1.75
2026-08-31T15:01:13,2,1.881,50.47,49.2910,28.9,1.276,2.12,3.98,-118,4.25
2026-08-31T15:01:14,2,1.897,51.76,49.4590,28.9,1.265,1.22,3.98,-122,-2.25
2026-08-31T15:01:15,2,1.882,50.60,49.6400,28.9,1.262,0.96,4.00,-116,5.50
2026-08-31T15:01:17,2,1.889,51.12,49.8180,28.9,1.272,1.80,3.98,-118,3.50
2026-08-31T15:01:18,2,1.905,52.40,49.9820,28.9,1.266,1.28,3.98,-118,3.50
2026-08-31T15:01:19,2,1.892,51.37,50.1600,28.9,1.272,1.80,4.00,-118,4.00
2026-08-31T15:01:20,2,1.898,51.82,50.3370,28.9,1.275,1.99,3.98,-115,5.75
2026-08-31T15:01:21,2,1.912,52.98,50.5260,28.9,1.267,1.35,3.98,-115,6.00
2026-08-31T15:01:22,2,1.899,51.89,50.7030,28.9,1.263,1.02,4.00,-115,6.00
2026-08-31T15:01:23,2,1.907,52.53,50.8760,28.9,1.274,1.93,3.98,-115,6.00
2026-08-31T15:01:24,2,1.918,53.44,51.0630,28.9,1.266,1.28,3.98,-116,5.75
2026-08-31T15:01:25,2,1.904,52.34,51.4190,28.9,1.265,1.22,4.00,-116,5.50
2026-08-31T15:01:26,2,1.931,54.47,51.5980,28.9,1.273,1.86,3.96,-116,5.75
2026-08-31T15:01:27,2,1.926,54.08,51.7670,28.9,1.267,1.35,3.98,-116,5.25
2026-08-31T15:01:28,2,1.917,53.37,51.9490,28.9,1.276,2.12,3.97,-117,4.00
2026-08-31T15:01:30,2,1.934,54.73,52.1310,28.9,1.274,1.93,3.96,-115,6.25
2026-08-31T15:01:31,2,1.936,54.85,52.3180,28.9,1.266,1.28,3.98,-116,5.50
2026-08-31T15:01:32,2,1.928,54.21,52.5190,28.9,1.278,2.25,3.98,-115,6.50
2026-08-31T15:01:34,2,1.942,55.37,52.9010,28.9,1.264,1.15,3.98,-115,6.25
2026-08-31T15:01:36,2,1.951,56.08,53.2660,28.9,1.276,2.05,3.96,-123,-4.50
2026-08-31T15:01:37,2,1.932,54.60,53.6440,28.9,1.264,1.15,4.00,-123,-5.50
2026-08-31T15:01:38,2,1.941,55.24,53.8410,28.9,1.273,1.86,3.98,-122,-3.00
2026-08-31T15:01:39,2,1.957,56.53,54.0300,28.9,1.265,1.22,3.99,-119,2.75
2026-08-31T15:01:40,2,1.945,55.56,54.2110,28.9,1.264,1.09,4.00,-118,4.00
2026-08-31T15:01:44,2,1.955,56.40,54.7630,28.9,1.264,1.15,4.00,-121,1.25
2026-08-31T15:01:45,2,1.964,57.11,54.9630,28.9,1.277,2.18,3.96,-120,0.50
2026-08-31T15:01:46,2,1.973,57.82,55.1530,28.9,1.268,1.41,3.98,-117,4.75
2026-08-31T15:01:47,2,1.958,56.66,55.3470,28.9,1.264,1.09,4.00,-118,3.75
2026-08-31T15:01:49,2,1.980,58.40,55.9330,28.9,1.264,1.15,3.99,-115,6.75
2026-08-31T15:01:50,2,1.966,57.30,56.1380,28.9,1.267,1.35,3.99,-115,6.50
2026-08-31T15:01:51,2,1.990,59.17,56.3270,28.9,1.277,2.18,3.96,-115,6.50
2026-08-31T15:01:52,2,1.985,58.79,56.5230,28.9,1.265,1.22,3.99,-115,6.50
2026-08-31T15:01:55,2,1.991,59.30,56.9120,28.9,1.275,1.99,3.96,-115,6.25
2026-08-31T15:01:56,2,1.979,58.34,57.1000,28.9,1.268,1.47,4.00,-115,5.50
2026-08-31T15:01:57,2,1.981,58.46,57.2950,28.9,1.274,1.93,3.98,-116,6.00
2026-08-31T15:01:58,2,2.003,60.21,57.4890,28.9,1.276,2.12,3.97,-115,6.25
2026-08-31T15:02:00,2,1.986,58.92,57.8630,28.9,1.276,2.05,3.98,-115,6.25
2026-08-31T15:02:01,2,2.011,60.85,58.0720,28.9,1.276,2.05,3.97,-115,6.00
2026-08-31T15:02:02,2,1.996,59.69,58.4900,28.9,1.264,1.15,4.00,-119,2.50
2026-08-31T15:02:03,2,2.000,60.01,58.6890,28.9,1.275,1.99,3.98,-119,2.50
2026-08-31T15:02:05,2,2.002,60.14,59.0900,28.9,1.262,0.96,4.00,-115,5.75
2026-08-31T15:02:07,2,2.026,62.07,59.2890,28.9,1.278,2.25,3.96,-116,5.50
2026-08-31T15:02:08,2,2.023,61.82,59.4800,28.9,1.267,1.35,3.98,-116,5.50
2026-08-31T15:02:09,2,2.014,61.11,59.6870,28.9,1.264,1.15,3.99,-117,5.75
2026-08-31T15:02:11,2,2.029,62.33,60.0480,28.9,1.268,1.47,3.98,-116,5.50
2026-08-31T15:02:12,2,2.017,61.37,60.2100,28.9,1.263,1.02,4.00,-116,5.50
2026-08-31T15:02:14,2,2.022,61.75,60.7020,28.9,1.263,1.02,4.00,-121,-1.25
2026-08-31T15:02:16,2,2.041,63.30,60.9780,28.9,1.277,2.18,3.96,-120,1.50
2026-08-31T15:02:17,2,2.025,62.01,61.1120,28.9,1.260,0.76,4.00,-119,2.50
2026-08-31T15:02:19,2,2.028,62.27,61.2360,28.9,1.274,1.93,3.97,-115,6.25
2026-08-31T15:02:20,2,2.046,63.69,61.3570,28.9,1.276,2.05,3.96,-115,6.50
2026-08-31T15:02:21,2,2.029,62.33,61.4580,28.9,1.265,1.22,4.00,-115,6.00
2026-08-31T15:02:22,2,2.035,62.78,61.5570,28.9,1.278,2.25,3.98,-116,5.25
2026-08-31T15:02:23,2,2.048,63.82,61.6580,28.9,1.276,2.05,3.97,-116,5.75
2026-08-31T15:02:24,2,2.032,62.59,61.7450,28.9,1.266,1.28,4.00,-116,6.00
2026-08-31T15:02:25,2,2.057,64.59,61.8210,28.9,1.277,2.18,3.96,-116,5.25
2026-08-31T15:02:26,2,2.051,64.07,61.9610,28.9,1.272,1.73,3.97,-116,5.50
2026-08-31T15:02:27,2,2.033,62.65,62.0480,28.9,1.266,1.28,4.00,-117,5.50
2026-08-31T15:02:28,2,2.057,64.52,62.1030,28.9,1.277,2.18,3.96,-117,5.25
2026-08-31T15:02:29,2,2.053,64.20,62.1670,28.9,1.267,1.35,3.98,-116,5.75
2026-08-31T15:02:30,2,2.051,64.07,62.2300,28.9,1.260,0.76,4.00,-116,5.50
2026-08-31T15:02:32,2,2.058,64.65,62.3010,28.9,1.275,1.99,3.96,-116,5.50
2026-08-31T15:02:33,2,2.052,64.14,62.3640,28.9,1.267,1.35,3.98,-116,5.25
2026-08-31T15:02:34,2,2.041,63.30,62.4290,28.9,1.265,1.22,4.00,-117,5.50
2026-08-31T15:02:35,2,2.061,64.85,62.4840,28.9,1.277,2.18,3.97,-116,6.00
2026-08-31T15:02:36,2,2.043,63.43,62.5470,28.9,1.266,1.28,4.00,-116,5.75
2026-08-31T15:02:37,2,2.056,64.46,62.6220,28.9,1.263,1.02,4.00,-116,5.25
2026-08-31T15:02:38,2,2.079,66.33,62.6870,28.9,1.276,2.05,3.96,-117,6.00
2026-08-31T15:02:39,2,2.045,63.62,62.8320,28.9,1.265,1.22,3.99,-116,5.50
2026-08-31T15:02:40,2,2.049,63.94,62.9000,28.9,1.276,2.12,3.97,-116,5.25
2026-08-31T15:02:41,2,2.065,65.23,62.9650,28.9,1.274,1.93,3.97,-116,5.50
2026-08-31T15:02:42,2,2.046,63.69,63.0360,28.9,1.263,1.02,4.00,-116,4.75
2026-08-31T15:02:44,2,2.050,64.01,63.1030,28.9,1.274,1.93,3.97,-117,5.25
2026-08-31T15:02:45,2,2.067,65.36,63.1730,28.9,1.276,2.05,3.96,-116,5.50
2026-08-31T15:02:46,2,2.052,64.14,63.2420,28.9,1.261,0.89,4.00,-116,5.75
2026-08-31T15:02:47,2,2.073,65.81,63.3120,28.9,1.275,1.99,3.96,-117,5.25
2026-08-31T15:02:48,2,2.069,65.49,63.3700,28.9,1.275,1.99,3.96,-117,5.50
2026-08-31T15:02:49,2,2.050,64.01,63.4320,28.9,1.264,1.15,4.00,-116,5.75
2026-08-31T15:02:50,2,2.077,66.14,63.5020,28.9,1.278,2.25,3.96,-116,5.25
2026-08-31T15:02:51,2,2.073,65.81,63.6560,28.9,1.275,1.99,3.97,-117,5.25
2026-08-31T15:02:52,2,2.056,64.46,63.7270,28.9,1.264,1.15,4.00,-116,5.50
2026-08-31T15:02:53,2,2.075,66.01,63.7940,28.9,1.276,2.12,3.96,-119,2.75
2026-08-31T15:02:54,2,2.074,65.94,63.8680,28.9,1.264,1.15,3.98,-121,0.75
2026-08-31T15:02:56,2,2.058,64.65,63.9370,28.9,1.264,1.09,4.00,-116,6.00
2026-08-31T15:02:57,2,2.078,66.27,64.0010,28.9,1.277,2.18,3.96,-116,6.75
2026-08-31T15:02:58,2,2.060,64.78,64.0640,28.9,1.262,0.96,4.00,-115,5.75
2026-08-31T15:02:59,2,2.062,64.98,64.1360,28.9,1.262,0.96,4.00,-116,5.75
2026-08-31T15:03:00,2,2.081,66.46,64.1960,28.9,1.273,1.86,3.96,-116,6.00
2026-08-31T15:03:01,2,2.063,65.04,64.2680,28.9,1.264,1.09,3.99,-116,5.75
2026-08-31T15:03:02,2,2.065,65.23,64.3290,28.9,1.264,1.09,4.00,-116,5.75
2026-08-31T15:03:03,2,2.083,66.65,64.3900,28.9,1.275,1.99,3.96,-116,5.75
2026-08-31T15:03:04,2,2.064,65.10,64.5320,28.9,1.264,1.15,3.99,-117,5.25
2026-08-31T15:03:05,2,2.087,66.97,64.6110,28.9,1.282,2.57,3.97,-117,5.50
2026-08-31T15:03:06,2,2.086,66.85,64.6840,28.9,1.274,1.93,3.97,-116,6.50
2026-08-31T15:03:07,2,2.069,65.49,64.7610,28.9,1.266,1.28,3.99,-116,5.75
2026-08-31T15:03:09,2,2.092,67.36,64.8490,28.9,1.277,2.18,3.96,-116,5.50
2026-08-31T15:03:10,2,2.086,66.91,64.9240,28.9,1.276,2.05,3.97,-116,5.50
2026-08-31T15:03:11,2,2.073,65.81,64.9860,28.9,1.264,1.09,3.99,-116,5.75
2026-08-31T15:03:12,2,2.092,67.36,65.0400,28.9,1.276,2.12,3.96,-116,5.50
2026-08-31T15:03:13,2,2.088,67.04,65.0980,28.9,1.270,1.60,3.97,-116,5.75
2026-08-31T15:03:14,2,2.075,66.01,65.1580,28.9,1.264,1.15,4.00,-116,5.75
2026-08-31T15:03:15,2,2.095,67.62,65.2090,28.9,1.276,2.05,3.96,-116,5.50
2026-08-31T15:03:16,2,2.077,66.14,65.3180,28.9,1.272,1.73,3.97,-116,5.75
2026-08-31T15:03:18,2,2.092,67.36,65.4200,28.9,1.278,2.25,3.96,-116,5.75
2026-08-31T15:03:19,2,2.075,66.01,65.4630,28.9,1.261,0.89,4.00,-116,5.75
2026-08-31T15:03:21,2,2.081,66.46,65.4880,28.9,1.264,1.15,4.00,-116,5.75
2026-08-31T15:03:22,2,2.085,66.78,65.5230,28.9,1.276,2.05,3.96,-116,5.50
2026-08-31T15:03:23,2,2.076,66.07,65.5510,28.9,1.262,0.96,3.99,-116,5.75
2026-08-31T15:03:24,2,2.083,66.65,65.5760,28.9,1.264,1.09,3.99,-116,5.75
2026-08-31T15:03:25,2,2.094,67.55,65.5920,28.9,1.275,1.99,3.97,-116,5.50
2026-08-31T15:03:26,2,2.075,66.01,65.6060,28.9,1.264,1.15,4.00,-115,5.50
2026-08-31T15:03:27,2,2.079,66.33,65.6040,28.9,1.270,1.60,4.00,-116,5.50
2026-08-31T15:03:28,2,2.094,67.55,65.6010,28.9,1.272,1.80,3.96,-116,5.50
2026-08-31T15:03:29,2,2.076,66.07,65.5880,28.9,1.267,1.35,3.99,-116,6.00
2026-08-31T15:03:30,2,2.098,67.88,65.5910,28.9,1.265,1.22,3.98,-116,5.75
2026-08-31T15:03:31,2,2.091,67.30,65.5900,28.9,1.276,2.05,3.96,-117,5.00
2026-08-31T15:03:32,2,2.074,65.94,65.5960,28.9,1.263,1.02,4.00,-116,5.50
2026-08-31T15:03:34,2,2.097,67.75,65.5890,28.9,1.280,2.38,3.96,-115,6.00
2026-08-31T15:03:35,2,2.092,67.36,65.5840,28.9,1.282,2.57,3.97,-116,5.75
2026-08-31T15:03:36,2,2.077,66.14,65.5770,28.9,1.262,0.96,4.00,-113,7.00
2026-08-31T15:03:37,2,2.097,67.75,65.5770,28.9,1.276,2.12,3.96,-113,7.25
2026-08-31T15:03:38,2,2.092,67.36,65.5730,28.9,1.272,1.73,3.96,-113,7.00
2026-08-31T15:03:39,2,2.079,66.33,65.5670,28.9,1.262,0.96,4.00,-109,1.25
2026-08-31T15:03:40,2,2.100,68.01,65.5550,28.9,1.277,2.18,3.96,-113,7.75
2026-08-31T15:03:41,2,2.080,66.39,65.5650,28.9,1.276,2.05,3.98,-114,6.75
2026-08-31T15:03:42,2,2.078,66.20,65.5700,28.9,1.263,1.02,4.00,-114,6.75
2026-08-31T15:03:43,2,2.094,67.55,65.5590,28.9,1.276,2.12,3.96,-115,6.50
2026-08-31T15:03:44,2,2.077,66.14,65.5490,28.9,1.264,1.15,4.00,-111,-1.25
2026-08-31T15:03:46,2,2.077,66.14,65.5450,28.9,1.263,1.02,3.99,-115,6.25
2026-08-31T15:03:47,2,2.093,67.43,65.5510,28.9,1.278,2.25,3.96,-115,6.75
2026-08-31T15:03:48,2,2.075,66.01,65.5500,28.9,1.264,1.15,4.00,-115,6.50
2026-08-31T15:03:49,2,2.076,66.07,65.5390,28.9,1.264,1.15,4.00,-115,6.25
2026-08-31T15:03:50,2,2.092,67.36,65.5450,28.9,1.276,2.12,3.96,-111,-1.25
2026-08-31T15:03:51,2,2.076,66.07,65.5350,28.9,1.264,1.09,4.00,-115,5.75
2026-08-31T15:03:52,2,2.095,67.62,65.5370,28.9,1.264,1.15,3.98,-115,6.00
2026-08-31T15:03:53,2,2.092,67.36,65.5300,28.9,1.274,1.93,3.96,-115,6.25
2026-08-31T15:03:54,2,2.073,65.88,65.5240,28.9,1.264,1.09,4.00,-115,6.25
2026-08-31T15:03:56,2,2.090,67.23,65.5290,28.9,1.274,1.93,3.96,-114,7.00
2026-08-31T15:03:58,2,2.074,65.94,65.5210,28.9,1.264,1.09,4.00,-114,6.75
2026-08-31T15:03:59,2,2.096,67.68,65.5060,28.9,1.277,2.18,3.96,-114,6.75
2026-08-31T15:04:00,2,2.093,67.43,65.5020,28.9,1.275,1.99,3.97,-115,7.00
2026-08-31T15:04:02,2,2.094,67.49,65.4740,28.9,1.276,2.12,3.96,-115,6.50
2026-08-31T15:04:03,2,2.078,66.27,65.4620,28.9,1.276,2.05,3.99,-114,6.75
2026-08-31T15:04:04,2,2.076,66.07,65.4620,28.9,1.261,0.89,3.99,-114,7.25
2026-08-31T15:04:05,2,2.093,67.43,65.4520,28.9,1.275,1.99,3.96,-114,7.00
2026-08-31T15:04:07,2,2.074,65.94,65.4260,28.9,1.265,1.22,4.00,-114,7.00
2026-08-31T15:04:08,2,2.092,67.36,65.4150,28.9,1.276,2.12,3.95,-114,7.00
2026-08-31T15:04:09,2,2.074,65.94,65.4080,28.9,1.264,1.09,4.00,-115,6.25
2026-08-31T15:04:11,2,2.073,65.88,65.3940,28.9,1.262,0.96,3.99,-115,6.50
2026-08-31T15:04:13,2,2.075,66.01,65.3850,28.9,1.265,1.22,3.99,-115,6.00
2026-08-31T15:04:14,2,2.093,67.43,65.3780,28.9,1.265,1.22,3.98,-115,6.00
2026-08-31T15:04:15,2,2.088,67.04,65.3680,28.9,1.282,2.57,3.96,-115,5.75
2026-08-31T15:04:16,2,2.072,65.75,65.3600,28.9,1.263,1.02,3.99,-115,6.00
2026-08-31T15:04:17,2,2.092,67.36,65.3470,28.9,1.265,1.22,3.98,-115,5.75
2026-08-31T15:04:18,2,2.090,67.23,65.3520,28.9,1.275,1.99,3.97,-115,6.25
2026-08-31T15:04:19,2,2.074,65.94,65.3450,28.9,1.264,1.09,4.00,-115,6.50
2026-08-31T15:04:20,2,2.089,67.10,65.3560,28.9,1.267,1.35,3.98,-115,6.75
2026-08-31T15:04:21,2,2.075,66.01,65.3570,28.9,1.281,2.51,3.98,-115,6.75
2026-08-31T15:04:23,2,2.073,65.81,65.3550,28.9,1.263,1.02,4.00,-115,6.25
2026-08-31T15:04:24,2,2.090,67.23,65.3540,28.9,1.281,2.44,3.96,-115,6.25
2026-08-31T15:04:25,2,2.075,66.01,65.3510,28.9,1.265,1.22,3.98,-114,6.75
2026-08-31T15:04:26,2,2.073,65.88,65.3450,28.9,1.264,1.09,4.00,-115,6.50
2026-08-31T15:04:27,2,2.091,67.30,65.3300,28.9,1.279,2.31,3.96,-114,6.50
2026-08-31T15:04:28,2,2.074,65.94,65.3260,28.9,1.274,1.93,3.98,-114,6.75
2026-08-31T15:04:29,2,2.073,65.81,65.3210,28.9,1.264,1.15,3.99,-114,7.00
2026-08-31T15:04:30,2,2.091,67.30,65.3130,28.9,1.280,2.38,3.96,-114,7.25
2026-08-31T15:04:31,2,2.080,66.39,65.2910,28.9,1.273,1.86,3.98,-115,7.00
2026-08-31T15:04:32,2,2.093,67.43,65.2850,28.9,1.268,1.41,3.98,-114,7.00
2026-08-31T15:04:33,2,2.090,67.17,65.2840,28.9,1.276,2.05,3.96,-115,6.25
2026-08-31T15:04:34,2,2.073,65.81,65.2800,28.9,1.263,1.02,4.00,-114,7.00
2026-08-31T15:04:36,2,2.089,67.10,65.2610,28.9,1.267,1.35,3.98,-115,6.25
2026-08-31T15:04:37,2,2.090,67.17,65.2570,28.9,1.276,2.12,3.96,-114,6.50
2026-08-31T15:04:38,2,2.069,65.49,65.2430,28.9,1.264,1.09,4.00,-115,6.75
2026-08-31T15:04:39,2,2.093,67.43,65.2340,28.9,1.266,1.28,3.98,-115,6.50
2026-08-31T15:04:40,2,2.088,67.04,65.2290,28.9,1.276,2.05,3.97,-115,6.25
2026-08-31T15:04:41,2,2.070,65.62,65.2170,28.9,1.264,1.09,4.00,-115,6.75
2026-08-31T15:04:42,2,2.088,67.04,65.2020,28.9,1.268,1.41,3.98,-115,6.25
2026-08-31T15:04:43,2,2.073,65.88,65.1830,28.9,1.274,1.93,3.99,-115,6.25
2026-08-31T15:04:44,2,2.073,65.81,65.1850,28.9,1.264,1.15,4.00,-115,6.50
2026-08-31T15:04:45,2,2.089,67.10,65.1860,28.9,1.266,1.28,3.98,-114,6.75
2026-08-31T15:04:46,2,2.073,65.88,65.1750,28.9,1.272,1.73,3.98,-114,7.00
2026-08-31T15:04:48,2,2.071,65.68,65.1720,28.9,1.263,1.02,3.99,-114,7.00
2026-08-31T15:04:49,2,2.082,66.59,65.1690,28.9,1.280,2.38,3.96,-116,5.75
2026-08-31T15:04:50,2,2.073,65.88,65.1650,28.9,1.275,1.99,3.98,-114,7.00
2026-08-31T15:04:51,2,2.070,65.62,65.1610,28.9,1.262,0.96,4.00,-114,7.00
2026-08-31T15:04:52,2,2.087,66.97,65.1520,28.9,1.278,2.25,3.96,-113,7.75
2026-08-31T15:04:53,2,2.071,65.68,65.1480,28.9,1.275,1.99,3.98,-113,7.25
2026-08-31T15:04:54,2,2.090,67.23,65.1420,28.9,1.265,1.22,3.97,-115,6.50
2026-08-31T15:04:55,2,2.087,66.97,65.1340,28.9,1.276,2.12,3.96,-116,6.25
2026-08-31T15:04:56,2,2.073,65.81,65.1350,28.9,1.273,1.86,3.98,-116,5.50
2026-08-31T15:04:57,2,2.088,67.04,65.1430,28.9,1.263,1.02,3.98,-115,5.50
2026-08-31T15:04:58,2,2.087,66.97,65.1430,28.9,1.275,1.99,3.96,-116,5.50
2026-08-31T15:05:00,2,2.064,65.10,65.1250,28.9,1.260,0.83,3.99,-116,5.50
2026-08-31T15:05:01,2,2.088,67.04,65.1130,28.9,1.264,1.15,3.98,-116,5.50
2026-08-31T15:05:02,2,2.085,66.78,65.1060,28.9,1.274,1.93,3.96,-116,5.25
2026-08-31T15:05:03,2,2.070,65.62,65.0940,28.9,1.264,1.15,4.00,-115,6.25
2026-08-31T15:05:04,2,2.086,66.91,65.1070,28.9,1.264,1.15,3.98,-115,6.25
2026-08-31T15:05:05,2,2.073,65.88,65.0900,28.9,1.275,1.99,3.98,-115,6.50
2026-08-31T15:05:06,2,2.070,65.62,65.0840,28.9,1.266,1.28,3.99,-115,6.50
2026-08-31T15:05:07,2,2.086,66.85,65.0790,28.9,1.265,1.22,3.98,-116,6.25
2026-08-31T15:05:08,2,2.073,65.81,65.0600,28.9,1.274,1.93,3.98,-118,4.50
2026-08-31T15:05:09,2,2.069,65.49,65.0520,28.9,1.267,1.35,3.99,-118,3.50
2026-08-31T15:05:10,2,2.083,66.65,65.0490,28.9,1.265,1.22,3.98,-116,5.50
2026-08-31T15:05:11,2,2.071,65.68,65.0460,28.9,1.274,1.93,3.98,-118,4.50
2026-08-31T15:05:13,2,2.082,66.59,65.0300,28.9,1.266,1.28,3.97,-117,4.50
2026-08-31T15:05:14,2,2.087,66.97,65.0260,28.9,1.279,2.31,3.96,-114,6.50
2026-08-31T15:05:15,2,2.070,65.62,65.0240,28.9,1.272,1.80,3.98,-118,3.75
2026-08-31T15:05:16,2,2.088,67.04,65.0150,28.9,1.267,1.35,3.97,-118,3.50
2026-08-31T15:05:17,2,2.084,66.72,65.0040,28.9,1.276,2.12,3.96,-119,3.00
2026-08-31T15:05:18,2,2.069,65.56,64.9910,28.9,1.273,1.86,3.98,-114,6.50
2026-08-31T15:05:19,2,2.086,66.85,64.9790,28.9,1.266,1.28,3.98,-123,-4.50
2026-08-31T15:05:20,2,2.087,66.97,64.9720,28.9,1.280,2.38,3.96,-118,4.00
2026-08-31T15:05:21,2,2.072,65.75,64.9650,28.9,1.275,1.99,3.98,-118,4.25
2026-08-31T15:05:22,2,2.083,66.65,64.9580,28.9,1.267,1.35,3.98,-118,3.25
2026-08-31T15:05:23,2,2.069,65.49,64.9400,28.9,1.273,1.86,3.98,-118,3.25
2026-08-31T15:05:26,2,2.082,66.59,64.9240,28.9,1.267,1.35,3.98,-122,-1.25
2026-08-31T15:05:27,2,2.071,65.68,64.9310,28.9,1.270,1.60,3.98,-121,-0.25
2026-08-31T15:05:28,2,2.067,65.36,64.9240,28.9,1.264,1.09,3.99,-122,-1.25
2026-08-31T15:05:29,2,2.085,66.78,64.9340,28.9,1.263,1.02,3.98,-122,-1.50
2026-08-31T15:05:30,2,2.069,65.56,64.9280,28.9,1.272,1.80,3.98,-124,-6.00
2026-08-31T15:05:31,2,2.070,65.62,64.9220,28.9,1.263,1.02,4.00,-124,-5.50
2026-08-31T15:05:32,2,2.084,66.72,64.9160,28.9,1.265,1.22,3.98,-119,2.50
2026-08-31T15:05:33,2,2.070,65.62,64.9120,28.9,1.272,1.80,3.98,-121,-0.50
2026-08-31T15:05:34,2,2.080,66.39,64.9030,28.9,1.267,1.35,3.98,-116,5.75
2026-08-31T15:05:35,2,2.085,66.78,64.9050,28.9,1.265,1.22,3.98,-113,2.00
2026-08-31T15:05:36,2,2.069,65.56,64.8960,28.9,1.272,1.73,3.98,-115,6.25
2026-08-31T15:05:38,2,2.087,66.97,64.9000,28.9,1.268,1.41,3.98,-115,6.75
2026-08-31T15:05:39,2,2.086,66.91,64.8980,28.9,1.280,2.38,3.96,-115,6.50
2026-08-31T15:05:40,2,2.062,64.98,64.8850,28.9,1.273,1.86,3.98,-114,6.25
2026-08-31T15:05:41,2,2.087,66.97,64.8800,28.9,1.267,1.35,3.98,-112,-0.75
2026-08-31T15:05:42,2,2.086,66.91,64.8900,28.9,1.276,2.12,3.96,-114,7.00
2026-08-31T15:05:43,2,2.068,65.43,64.8790,28.9,1.273,1.86,3.98,-114,7.00
2026-08-31T15:05:44,2,2.084,66.72,64.8720,28.9,1.267,1.35,3.98,-114,7.00
2026-08-31T15:05:45,2,2.073,65.81,64.8800,28.9,1.269,1.54,3.98,-114,6.75
2026-08-31T15:05:46,2,2.070,65.62,64.8740,28.9,1.274,1.93,3.98,-112,1.50
2026-08-31T15:05:47,2,2.085,66.78,64.8870,28.9,1.265,1.22,3.98,-114,7.25
2026-08-31T15:05:48,2,2.073,65.81,64.8870,28.9,1.272,1.73,3.97,-114,7.00
2026-08-31T15:05:50,2,2.069,65.56,64.8840,28.9,1.264,1.15,3.98,-113,7.50
2026-08-31T15:05:51,2,2.101,68.07,64.8810,28.9,1.264,1.15,3.98,-114,6.75
2026-08-31T15:05:53,2,2.068,65.43,64.8910,28.9,1.264,1.15,3.99,-114,6.50
2026-08-31T15:05:54,2,2.081,66.46,64.8990,28.9,1.264,1.09,3.98,-113,7.25
2026-08-31T15:05:55,2,2.069,65.49,64.8740,28.9,1.275,1.99,3.98,-115,6.50
2026-08-31T15:05:56,2,2.086,66.91,64.8480,28.9,1.260,0.76,3.97,-117,4.50
2026-08-31T15:05:58,2,2.068,65.43,64.7770,28.9,1.276,2.05,3.98,-118,3.75
2026-08-31T15:05:59,2,2.081,66.46,64.7700,28.9,1.269,1.54,3.97,-115,6.25
2026-08-31T15:06:00,2,2.078,66.20,64.7590,28.9,1.265,1.22,3.98,-117,4.50
2026-08-31T15:06:02,2,2.069,65.56,64.7320,28.9,1.274,1.93,3.98,-119,3.25
2026-08-31T15:06:04,2,2.065,65.23,64.6980,28.9,1.276,2.12,3.97,-117,4.25
2026-08-31T15:06:05,2,2.065,65.23,64.6660,28.9,1.272,1.80,3.98,-113,7.00
2026-08-31T15:06:06,2,2.080,66.39,64.6420,28.9,1.264,1.15,3.98,-115,6.00
2026-08-31T15:06:07,2,2.066,65.30,6.0000,78.9,1.471,1.67,3.00,-119,0.00
2026-08-31T15:06:09,2,2.080,66.39,64.5770,28.9,1.265,1.22,3.98,-119,2.50
2026-08-31T15:06:10,2,2.065,65.17,64.5560,28.9,1.276,2.05,3.97,-117,5.00
2026-08-31T15:06:11,2,2.066,65.30,64.5610,28.9,1.275,1.99,3.98,-117,5.00
2026-08-31T15:06:12,2,2.078,66.20,64.5510,28.9,1.267,1.35,3.98,-113,7.50
2026-08-31T15:06:13,2,2.066,65.30,64.5480,28.9,1.272,1.80,3.98,-116,5.25
2026-08-31T15:06:15,2,2.086,66.91,64.5720,28.9,1.273,1.86,3.97,-123,-5.00
2026-08-31T15:06:16,2,2.081,66.46,64.5760,28.9,1.267,1.35,3.98,-120,1.50
2026-08-31T15:06:17,2,2.066,65.30,64.5880,28.9,1.267,1.35,3.98,-118,4.25
2026-08-31T15:06:18,2,2.082,66.52,64.6160,28.9,1.266,1.28,3.97,-113,7.75
2026-08-31T15:06:19,2,2.082,66.59,64.6330,28.9,1.264,1.15,3.98,-115,6.00
2026-08-31T15:06:20,2,2.068,65.43,64.6400,28.9,1.272,1.80,3.98,-116,5.75
2026-08-31T15:06:21,2,2.097,67.75,64.6470,28.9,1.266,1.28,3.98,-114,6.50
2026-08-31T15:06:22,2,2.083,66.65,64.6740,28.9,1.266,1.28,3.98,-115,6.75
2026-08-31T15:06:23,2,2.067,65.36,64.6830,28.9,1.275,1.99,3.98,-113,7.00
2026-08-31T15:06:24,2,2.072,65.75,64.7030,28.9,1.268,1.41,3.98,-114,6.75
2026-08-31T15:06:25,2,2.044,63.56,64.7170,28.9,1.276,2.12,3.98,-115,5.75
2026-08-31T15:06:27,2,2.018,61.43,64.5440,28.9,1.272,1.80,3.98,-117,4.00
2026-08-31T15:06:28,2,2.001,60.08,63.9570,28.9,1.264,1.15,3.98,-118,3.50
2026-08-31T15:06:29,2,1.921,53.69,62.7230,28.9,1.275,1.99,3.98,-115,6.00
2026-08-31T15:06:30,2,1.880,50.41,60.8200,28.9,1.272,1.73,3.98,-114,6.75
2026-08-31T15:06:31,2,1.853,48.21,58.4030,28.9,1.273,1.86,3.98,-116,5.75
2026-08-31T15:06:32,2,1.804,44.28,55.6770,28.9,1.273,1.86,3.98,-115,6.25
2026-08-31T15:06:33,2,1.778,42.22,52.7750,28.9,1.277,2.18,3.97,-114,7.25
2026-08-31T15:06:34,2,1.731,38.48,46.5400,28.9,1.265,1.22,3.98,-118,3.75
2026-08-31T15:06:35,2,1.677,34.16,43.3310,28.9,1.275,1.99,3.98,-118,3.25
2026-08-31T15:06:36,2,1.650,31.97,40.0420,28.9,1.268,1.41,3.96,-120,0.75
2026-08-31T15:06:37,2,1.605,28.42,36.7080,28.9,1.261,0.89,3.97,-119,2.75
2026-08-31T15:06:39,2,1.559,24.68,33.3760,28.9,1.275,1.99,3.97,-115,5.75
2026-08-31T15:06:40,2,1.534,22.75,30.1030,28.9,1.264,1.09,3.98,-116,5.25
2026-08-31T15:06:41,2,1.492,19.33,26.9010,28.9,1.264,1.15,3.98,-119,2.75
2026-08-31T15:06:42,2,1.422,13.79,23.8060,28.9,1.276,2.05,3.98,-117,4.50
2026-08-31T15:06:43,2,1.405,12.43,20.8450,28.9,1.268,1.41,3.98,-114,6.75
2026-08-31T15:06:44,2,1.368,9.47,18.0420,28.9,1.263,1.02,4.00,-112,8.50
2026-08-31T15:06:45,2,1.349,7.92,15.4000,28.9,1.273,1.86,3.98,-113,7.75
2026-08-31T15:06:46,2,1.349,7.92,12.9390,28.9,1.263,1.02,3.98,-112,7.75
2026-08-31T15:06:47,2,1.322,5.73,8.8730,28.9,1.264,1.09,3.99,-112,8.00
2026-08-31T15:06:48,2,1.313,5.02,7.3540,28.9,1.272,1.80,3.98,-112,7.75
2026-08-31T15:06:49,2,1.320,5.60,6.1520,28.9,1.269,1.54,3.98,-113,7.50
2026-08-31T15:06:50,2,1.301,4.05,5.1790,28.9,1.278,2.25,3.97,-113,7.50
2026-08-31T15:06:53,2,1.300,3.99,3.6710,28.9,1.265,1.22,3.98,-113,7.25
