timestamp,board_id,inircd100_voltage,inircd100_pctvol,inircd100_digital_pctvol,inircd100_temp_c,inirme100_voltage,inirme100_pctvol,battery_voltage,rssi,snr,sample
2026-09-11T09:18:51,2,1.303,4.25,3.0060,25.9,1.307,4.57,4.10,-57,9.75,
2026-09-11T09:18:52,2,1.309,4.70,3.0060,25.9,1.306,4.50,4.10,-58,9.50,
2026-09-11T09:18:53,2,1.349,7.92,2.9790,25.9,1.314,5.08,4.11,-54,10.50,
2026-09-11T09:18:54,2,1.297,3.79,2.9230,25.9,1.305,4.44,4.10,-58,10.00,
2026-09-11T09:18:55,2,1.365,9.21,2.8420,25.9,1.305,4.38,4.09,-56,9.75,
2026-09-11T09:18:56,2,1.343,7.41,2.7400,25.9,1.300,3.99,4.11,-55,10.00,
2026-09-11T09:18:57,2,1.293,3.41,2.6290,25.9,1.299,3.92,4.10,-53,9.75,
2026-09-11T09:18:58,2,1.352,8.18,2.5050,25.9,1.301,4.05,4.09,-54,9.25,
2026-09-11T09:19:00,2,1.335,6.82,2.3730,25.9,1.296,3.67,4.11,-54,9.25,
2026-09-11T09:19:01,2,1.285,2.83,2.2360,25.9,1.295,3.60,4.11,-53,10.00,
2026-09-11T09:19:02,2,1.339,7.08,1.9000,25.9,1.290,3.21,4.10,-54,9.25,
2026-09-11T09:19:03,2,1.279,2.31,1.7020,25.9,1.285,2.76,4.11,-53,9.50,
2026-09-11T09:19:05,2,1.328,6.24,1.3050,25.9,1.281,2.44,4.10,-53,9.50,
2026-09-11T09:19:07,2,1.272,1.73,0.9380,25.9,1.276,2.12,4.10,-46,3.50,
2026-09-11T09:19:08,2,1.322,5.73,0.8390,25.9,1.276,2.05,4.11,-47,2.50,
2026-09-11T09:19:09,2,1.267,1.35,0.7040,25.9,1.270,1.60,4.12,-47,3.00,
2026-09-11T09:19:10,2,9.169,1.54,0.0000,25.0,1.274,1.80,4.10,-49,3.50,
2026-09-11T09:19:12,2,1.318,5.41,0.4900,25.9,1.270,1.60,4.11,-54,9.50,
2026-09-11T09:19:13,2,1.268,1.47,0.4090,25.9,1.271,1.67,4.10,-54,9.75,
2026-09-11T09:19:14,2,1.332,6.57,0.2880,25.9,1.276,2.05,4.08,-53,9.25,
2026-09-11T09:19:15,2,1.311,4.89,0.2430,25.9,1.270,1.60,4.10,-54,9.50,
2026-09-11T09:19:16,2,1.267,1.35,0.2070,25.9,1.268,1.47,4.10,-54,9.25,
2026-09-11T09:19:17,2,1.324,5.92,0.1760,25.9,1.272,1.80,4.09,-54,10.00,
2026-09-11T09:19:18,2,1.310,4.76,0.1510,25.9,1.268,1.47,4.10,-54,10.00,
2026-09-11T09:19:19,2,1.266,1.28,0.1280,25.9,1.267,1.35,4.11,-53,9.75,
2026-09-11T09:19:20,2,1.319,5.54,0.1090,25.9,1.271,1.67,4.09,-56,9.75,
2026-09-11T09:19:21,2,1.262,0.96,0.0940,25.9,1.265,1.22,4.12,-55,10.00,
2026-09-11T09:19:22,2,1.264,1.15,0.0780,25.9,1.264,1.15,4.10,-54,9.75,
2026-09-11T09:19:23,2,1.313,5.02,0.0650,25.9,1.265,1.22,4.10,-50,10.00,
2026-09-11T09:19:25,2,1.261,0.89,0.0540,25.9,1.264,1.15,4.11,-55,9.50,
2026-09-11T09:19:26,2,1.264,1.15,0.0450,25.9,1.267,1.35,4.11,-52,9.75,
2026-09-11T09:19:27,2,1.322,5.73,0.0310,25.9,1.268,1.41,4.10,-56,9.75,
2026-09-11T09:19:28,2,1.262,0.96,0.0250,25.9,1.264,1.09,4.12,-50,10.00,
2026-09-11T09:19:29,2,1.266,1.28,0.0200,25.9,1.268,1.41,4.10,-59,9.75,
2026-09-11T09:19:30,2,1.312,4.96,0.0170,25.9,1.266,1.28,4.10,-51,10.00,
2026-09-11T09:19:31,2,1.260,0.83,0.0140,25.9,1.264,1.15,4.11,-51,10.25,
2026-09-11T09:19:32,2,1.330,6.37,0.0110,25.9,1.271,1.67,4.08,-51,9.25,
2026-09-11T09:19:33,2,1.309,4.70,0.0090,25.9,1.264,1.15,4.11,-51,9.50,
2026-09-11T09:19:34,2,1.268,1.41,0.0070,25.9,1.268,1.47,4.10,-51,9.75,
2026-09-11T09:19:35,2,1.323,5.86,0.0050,25.9,1.272,1.73,4.09,-51,9.75,
2026-09-11T09:19:37,2,1.310,4.83,0.0040,25.9,1.266,1.28,4.10,-51,10.25,
2026-09-11T09:19:38,2,1.265,1.22,0.0030,25.9,1.266,1.28,4.10,-51,9.50,
2026-09-11T09:19:39,2,1.320,5.60,0.0010,25.9,1.272,1.73,4.09,-51,10.00,
2026-09-11T09:19:40,2,1.311,4.89,0.0000,25.9,1.265,1.22,4.11,-51,10.25,
2026-09-11T09:19:41,2,1.266,1.28,0.0000,25.9,1.267,1.35,4.10,-51,10.00,
2026-09-11T09:19:42,2,1.314,5.15,0.0000,25.9,1.266,1.28,4.10,-51,10.00,
2026-09-11T09:19:43,2,1.264,1.15,0.0000,25.9,1.260,0.83,4.12,-51,10.00,
2026-09-11T09:19:44,2,1.266,1.28,0.0000,25.9,1.265,1.22,4.11,-52,9.50,
2026-09-11T09:19:45,2,1.311,4.89,0.0000,25.9,1.265,1.22,4.11,-55,9.75,
2026-09-11T09:19:46,2,1.261,0.89,0.0000,25.9,1.263,1.02,4.11,-61,9.50,
2026-09-11T09:19:52,2,1.307,4.57,0.0000,25.9,1.264,1.15,4.10,-45,1.50,
2026-09-11T09:19:53,2,1.264,1.15,0.0000,25.9,1.267,1.35,4.11,-40,-0.75,
2026-09-11T09:19:54,2,1.319,5.54,0.0000,25.9,1.268,1.47,4.08,-42,6.50,
2026-09-11T09:19:55,2,1.308,4.63,0.0000,25.9,1.266,1.28,4.10,-51,9.75,
2026-09-11T09:19:56,2,1.265,1.22,0.0000,25.9,1.268,1.41,4.10,-49,9.75,
2026-09-11T09:19:57,2,1.317,5.34,0.0000,25.9,1.269,1.54,4.09,-51,9.25,
2026-09-11T09:19:58,2,1.306,4.50,0.0000,25.9,1.266,1.28,4.10,-50,10.25,
2026-09-11T09:19:59,2,1.265,1.22,0.0000,25.9,1.265,1.22,4.10,-51,9.75,
2026-09-11T09:20:00,2,1.314,5.15,0.0000,25.9,1.268,1.47,4.09,-50,9.75,
2026-09-11T09:20:02,2,1.264,1.09,0.0000,25.9,1.264,1.15,4.12,-53,9.25,
2026-09-11T09:20:03,2,1.266,1.28,0.0000,25.9,1.265,1.22,4.10,-61,9.75,
2026-09-11T09:20:04,2,1.301,4.12,0.0000,25.9,1.268,1.41,4.10,-57,9.75,
2026-09-11T09:20:05,2,1.260,0.83,0.0000,25.9,1.262,0.96,4.12,-55,10.00,
2026-09-11T09:20:06,2,1.265,1.22,0.0000,25.9,1.267,1.35,4.10,-53,9.50,
2026-09-11T09:20:07,2,1.301,4.12,0.0000,25.9,1.267,1.35,4.10,-54,10.00,
2026-09-11T09:20:08,2,1.260,0.76,0.0000,25.9,1.261,0.89,4.12,-55,9.50,
2026-09-11T09:20:09,2,1.264,1.09,0.0000,25.9,1.265,1.22,4.10,-55,9.50,
2026-09-11T09:20:10,2,1.301,4.12,0.0000,25.9,1.266,1.28,4.11,-58,9.75,
2026-09-11T09:20:11,2,1.262,0.96,0.0000,25.9,1.263,1.02,4.12,-62,10.25,
2026-09-11T09:20:12,2,1.318,5.41,0.0000,25.9,1.271,1.67,4.08,-61,9.50,
2026-09-11T09:20:14,2,1.304,4.31,0.0000,25.9,1.265,1.22,4.11,-59,9.50,
2026-09-11T09:20:15,2,1.266,1.28,0.0000,25.9,1.266,1.28,4.10,-53,9.50,
2026-09-11T09:20:16,2,1.318,5.41,0.0000,25.9,1.269,1.54,4.09,-53,9.00,
2026-09-11T09:20:17,2,1.304,4.31,0.0000,25.9,1.266,1.28,4.11,-48,10.00,
2026-09-11T09:20:18,2,1.264,1.09,0.0000,25.9,1.266,1.28,4.10,-49,10.00,
2026-09-11T09:20:19,2,1.311,4.89,0.0000,25.9,1.268,1.41,4.09,-50,10.00,
2026-09-11T09:20:20,2,1.262,0.96,0.0000,25.9,1.266,1.28,4.12,-50,9.75,
2026-09-11T09:20:21,2,1.265,1.22,0.0000,25.9,1.266,1.28,4.10,-50,10.00,
2026-09-11T09:20:22,2,1.308,4.63,0.0000,25.9,1.268,1.41,4.09,-49,9.50,
2026-09-11T09:20:23,2,1.262,0.96,0.0000,25.9,1.260,0.83,4.12,-50,9.75,
2026-09-11T09:20:24,2,1.264,1.09,0.0000,25.9,1.267,1.35,4.11,-50,9.50,
2026-09-11T09:20:26,2,1.306,4.50,0.0000,25.9,1.264,1.09,4.11,-50,9.50,
2026-09-11T09:20:27,2,1.260,0.76,0.0000,25.9,1.261,0.89,4.12,-50,9.75,
2026-09-11T09:20:28,2,1.264,1.15,0.0000,25.9,1.268,1.47,4.10,-59,9.50,
2026-09-11T09:20:29,2,1.303,4.25,0.0000,25.9,1.267,1.35,4.11,-52,9.75,
2026-09-11T09:20:30,2,1.261,0.89,0.0000,25.9,1.261,0.89,4.12,-51,9.50,
2026-09-11T09:20:37,2,1.306,4.50,0.0000,25.9,1.271,1.67,4.09,-42,2.50,
2026-09-11T09:20:39,2,1.299,3.92,0.0000,25.9,1.266,1.28,4.11,-52,10.50,
2026-09-11T09:20:40,2,1.266,1.28,0.0000,25.9,1.268,1.41,4.10,-52,11.00,
2026-09-11T09:20:41,2,1.304,4.31,0.0000,25.9,1.268,1.41,4.09,-52,10.25,
2026-09-11T09:20:42,2,1.261,0.89,0.0000,25.9,1.258,0.64,4.12,-51,10.00,
2026-09-11T09:20:43,2,1.263,1.02,0.0000,25.9,1.267,1.35,4.11,-52,9.50,
2026-09-11T09:20:44,2,1.302,4.18,0.0000,25.9,1.269,1.54,4.09,-51,9.75,
2026-09-11T09:20:45,2,1.253,0.25,0.0000,25.9,1.264,1.09,4.11,-51,10.00,
2026-09-11T09:20:46,2,1.273,1.86,0.0000,25.9,1.265,1.22,4.10,-52,10.25,
2026-09-11T09:20:47,2,1.305,4.38,0.0000,25.9,1.266,1.28,4.10,-53,10.25,
2026-09-11T09:20:48,2,1.262,0.96,0.0000,25.9,1.261,0.89,4.12,-52,9.75,
2026-09-11T09:20:49,2,1.323,5.86,0.0000,25.9,1.269,1.54,4.08,-52,9.50,
2026-09-11T09:20:51,2,1.303,4.25,0.0000,25.9,1.265,1.22,4.10,-52,10.00,
2026-09-11T09:20:52,2,1.263,1.02,0.0000,25.9,1.262,0.96,4.12,-52,10.25,
2026-09-11T09:20:53,2,1.316,5.28,0.0000,25.9,1.269,1.54,4.09,-52,9.75,
2026-09-11T09:20:54,2,1.303,4.25,0.0000,25.9,1.264,1.15,4.11,-52,9.50,
2026-09-11T09:20:55,2,1.261,0.89,0.0000,25.9,1.263,1.02,4.11,-52,10.25,
2026-09-11T09:20:56,2,1.314,5.15,0.0000,25.9,1.270,1.60,4.09,-52,10.00,
2026-09-11T09:20:57,2,1.297,3.73,0.0000,25.9,1.265,1.22,4.11,-51,9.75,
2026-09-11T09:20:58,2,1.271,1.67,0.0000,25.9,1.264,1.09,4.10,-51,10.00,
2026-09-11T09:21:00,2,1.262,0.96,0.0000,25.9,1.262,0.96,4.12,-52,9.75,
2026-09-11T09:21:01,2,1.266,1.28,0.0000,25.9,1.265,1.22,4.10,-52,10.00,
2026-09-11T09:21:02,2,1.308,4.63,0.0000,25.9,1.270,1.60,4.10,-52,10.00,
2026-09-11T09:21:04,2,1.264,1.09,0.0000,25.9,1.261,0.89,4.11,-51,10.00,
2026-09-11T09:21:05,2,1.264,1.15,0.0000,25.9,1.266,1.28,4.11,-52,10.25,
2026-09-11T09:21:06,2,1.306,4.50,0.0000,25.9,1.269,1.54,4.09,-51,9.50,
2026-09-11T09:21:07,2,1.260,0.83,0.0000,25.9,1.264,1.09,4.12,-51,9.75,
2026-09-11T09:21:08,2,1.311,4.89,0.0000,25.9,1.268,1.41,4.10,-51,9.50,
2026-09-11T09:21:09,2,1.303,4.25,0.0000,25.9,1.258,0.64,4.10,-52,10.00,
2026-09-11T09:21:10,2,1.263,1.02,0.0000,25.9,1.262,0.96,4.12,-52,9.25,
2026-09-11T09:21:11,2,1.318,5.47,0.0000,25.9,1.268,1.47,4.08,-52,9.75,
2026-09-11T09:21:12,2,1.306,4.50,0.0000,25.9,1.259,0.70,4.10,-52,9.75,
2026-09-11T09:21:13,2,1.261,0.89,0.0000,25.9,1.262,0.96,4.12,-51,9.75,
2026-09-11T09:21:22,2,1.262,0.96,0.0000,25.9,1.262,0.96,4.11,-56,10.00,
2026-09-11T09:21:23,2,1.262,0.96,0.0000,25.9,1.265,1.22,4.10,-54,10.00,
2026-09-11T09:21:24,2,1.305,4.44,0.0000,25.9,1.269,1.54,4.09,-58,9.50,
2026-09-11T09:21:26,2,1.260,0.83,0.0000,25.9,1.267,1.35,4.11,-55,10.00,
2026-09-11T09:21:28,2,1.305,4.38,0.0000,25.9,1.269,1.54,4.09,-55,9.50,
2026-09-11T09:21:29,2,1.262,0.96,0.0000,25.9,1.263,1.02,4.12,-55,9.75,
2026-09-11T09:21:30,2,1.318,5.47,0.0020,25.9,1.267,1.35,4.09,-55,12.00,
2026-09-11T09:21:31,2,1.303,4.25,0.0020,25.9,1.266,1.28,4.10,-55,10.50,
2026-09-11T09:21:32,2,1.262,0.96,0.0200,25.9,1.264,1.15,4.11,-64,9.50,
2026-09-11T09:21:33,2,1.318,5.41,0.0700,25.9,1.271,1.67,4.09,-57,10.00,
2026-09-11T09:21:34,2,1.305,4.38,0.1360,25.9,1.268,1.41,4.10,-51,10.00,
2026-09-11T09:21:35,2,1.266,1.28,0.2140,25.9,1.268,1.41,4.12,-50,10.00,
2026-09-11T09:21:36,2,1.315,5.21,0.2980,25.9,1.275,1.99,4.09,-51,10.00,
2026-09-11T09:21:37,2,1.268,1.41,0.3860,25.9,1.268,1.47,4.12,-52,10.25,
2026-09-11T09:21:38,2,1.269,1.54,0.4800,25.9,1.274,1.93,4.12,-59,9.50,
2026-09-11T09:21:39,2,1.318,5.47,0.5800,25.9,1.284,2.70,4.09,-55,9.50,
2026-09-11T09:21:41,2,1.274,1.93,0.6840,25.9,1.274,1.93,4.11,-60,9.50,
2026-09-11T09:21:42,2,1.275,1.99,0.7900,25.9,1.280,2.38,4.10,-57,10.50,
2026-09-11T09:21:43,2,1.323,5.86,1.0120,25.9,1.276,2.12,4.09,-60,10.00,
2026-09-11T09:21:45,2,1.285,2.83,1.2560,25.9,1.287,2.96,4.10,-54,9.50,
2026-09-11T09:21:46,2,1.327,6.18,1.4470,25.9,1.290,3.21,4.09,-54,9.75,
2026-09-11T09:21:47,2,1.287,2.96,1.6250,25.9,1.291,3.28,4.12,-53,9.50,
2026-09-11T09:21:48,2,1.347,7.79,1.8120,25.9,1.300,3.99,4.08,-52,9.75,
2026-09-11T09:21:49,2,1.332,6.57,2.0100,25.9,1.297,3.73,4.10,-53,9.50,
2026-09-11T09:21:50,2,1.296,3.67,2.2200,25.9,1.299,3.92,4.11,-53,9.50,
2026-09-11T09:21:51,2,1.347,7.79,2.4400,25.9,1.303,4.25,4.08,-53,9.50,
2026-09-11T09:21:53,2,1.343,7.47,2.5560,25.9,1.301,4.12,4.10,-53,9.75,
2026-09-11T09:21:54,2,1.294,3.54,2.5750,25.9,1.297,3.79,4.12,-53,9.75,
2026-09-11T09:21:55,2,1.342,7.34,2.5870,25.9,1.301,4.05,4.08,-53,9.25,
2026-09-11T09:21:56,2,1.296,3.67,2.6010,25.9,1.299,3.92,4.10,-53,9.75,
2026-09-11T09:21:57,2,1.294,3.54,2.6240,25.9,1.297,3.79,4.12,-53,10.00,
2026-09-11T09:21:58,2,1.341,7.28,2.6510,25.9,1.303,4.25,4.09,-53,9.50,
2026-09-11T09:22:06,2,1.299,3.92,2.8760,25.9,1.300,3.99,4.12,-56,10.25,
2026-09-11T09:22:07,2,1.358,8.63,2.9450,25.9,1.310,4.76,4.08,-56,9.75,
2026-09-11T09:22:08,2,1.341,7.28,2.9780,25.9,1.309,4.70,4.09,-55,9.50,
2026-09-11T09:22:09,2,1.298,3.86,3.0160,25.9,1.302,4.18,4.12,-55,10.00,
2026-09-11T09:22:10,2,1.353,8.24,3.0540,25.9,1.314,5.08,4.09,-55,9.75,
2026-09-11T09:22:11,2,1.339,7.15,3.0910,25.9,1.304,4.31,4.10,-55,10.00,
2026-09-11T09:22:12,2,1.301,4.12,3.1280,25.9,1.304,4.31,4.11,-56,10.25,
2026-09-11T09:22:13,2,1.350,7.99,3.1650,25.9,1.311,4.89,4.09,-56,10.00,
2026-09-11T09:22:14,2,1.345,7.60,3.2080,25.9,1.309,4.70,4.10,-55,11.00,
2026-09-11T09:22:15,2,1.301,4.12,3.2490,25.9,1.305,4.44,4.12,-55,9.75,
2026-09-11T09:22:16,2,1.346,7.66,3.2930,25.9,1.313,5.02,4.09,-56,9.50,
2026-09-11T09:22:18,2,1.305,4.44,3.3340,25.9,1.307,4.57,4.12,-56,9.50,
2026-09-11T09:22:19,2,1.301,4.05,3.3760,25.9,1.308,4.63,4.12,-56,9.75,
2026-09-11T09:22:20,2,1.351,8.05,3.4610,25.9,1.313,5.02,4.09,-56,9.50,
2026-09-11T09:22:21,2,1.306,4.50,3.5040,25.9,1.310,4.83,4.12,-53,9.75,
2026-09-11T09:22:22,2,1.309,4.70,3.5470,25.9,1.314,5.15,4.10,-51,9.50,
2026-09-11T09:22:23,2,1.351,8.05,3.5910,25.9,1.316,5.28,4.09,-50,9.75,
2026-09-11T09:22:24,2,1.308,4.63,3.6370,25.9,1.321,5.66,4.11,-50,9.75,
2026-09-11T09:22:25,2,1.358,8.63,3.6840,25.9,1.320,5.60,4.10,-50,9.75,
2026-09-11T09:22:26,2,1.351,8.11,3.7300,25.9,1.319,5.54,4.09,-50,10.00,
2026-09-11T09:22:27,2,1.304,4.31,3.7790,25.9,1.315,5.21,4.12,-51,9.75,
2026-09-11T09:22:30,2,1.348,7.86,3.8800,25.9,1.317,5.34,4.11,-50,9.75,
2026-09-11T09:22:31,2,1.313,5.02,3.9310,25.9,1.319,5.54,4.11,-57,10.25,
2026-09-11T09:22:32,2,1.359,8.76,4.0400,25.9,1.324,5.92,4.09,-58,10.00,
2026-09-11T09:22:33,2,1.351,8.11,4.0940,25.9,1.322,5.73,4.10,-59,9.75,
2026-09-11T09:22:34,2,1.312,4.96,4.1510,25.9,1.320,5.60,4.11,-50,9.50,
2026-09-11T09:22:35,2,1.363,9.02,4.2070,25.9,1.330,6.44,4.09,-55,9.75,
2026-09-11T09:22:36,2,1.318,5.41,4.2640,25.9,1.326,6.05,4.12,-54,10.00,
2026-09-11T09:22:37,2,1.325,5.99,4.3220,25.9,1.326,6.05,4.11,-56,10.25,
2026-09-11T09:22:38,2,1.364,9.08,4.3840,25.9,1.335,6.82,4.09,-57,10.00,
2026-09-11T09:22:39,2,1.320,5.60,4.4440,25.9,1.328,6.24,4.12,-56,9.75,
2026-09-11T09:22:40,2,1.323,5.86,4.6190,25.9,1.334,6.70,4.10,-54,10.00,
2026-09-11T09:22:41,2,1.367,9.34,4.6920,25.9,1.339,7.08,4.09,-55,9.50,
2026-09-11T09:22:46,2,1.326,6.12,5.1010,25.9,1.339,7.08,4.12,-46,8.75,
2026-09-11T09:22:47,2,1.380,10.37,5.1850,25.9,1.348,7.86,4.08,-42,1.50,
2026-09-11T09:22:48,2,1.370,9.60,5.2700,25.9,1.347,7.73,4.09,-43,4.75,
2026-09-11T09:22:49,2,1.332,6.57,5.3590,25.9,1.343,7.47,4.12,-49,9.50,
2026-09-11T09:22:50,2,1.378,10.24,5.4500,25.9,1.353,8.24,4.08,-53,9.50,
2026-09-11T09:22:51,2,1.371,9.66,5.5370,25.9,1.348,7.86,4.10,-52,10.00,
2026-09-11T09:22:52,2,1.334,6.70,5.6300,25.9,1.344,7.53,4.12,-55,10.00,
2026-09-11T09:22:53,2,1.382,10.56,5.7260,25.9,1.359,8.69,4.09,-55,10.00,
2026-09-11T09:22:55,2,1.336,6.89,5.8170,25.9,1.354,8.31,4.11,-54,10.25,
2026-09-11T09:22:56,2,1.337,6.95,5.9140,25.9,1.356,8.50,4.11,-55,9.50,
2026-09-11T09:22:57,2,1.384,10.69,6.1110,25.9,1.361,8.89,4.09,-58,9.50,
2026-09-11T09:22:58,2,1.340,7.21,6.2070,25.9,1.358,8.63,4.11,-57,9.75,
2026-09-11T09:23:00,2,1.388,11.02,6.4190,25.9,1.368,9.47,4.08,-55,9.50,
2026-09-11T09:23:01,2,1.343,7.47,6.5260,25.9,1.364,9.15,4.11,-58,9.25,
2026-09-11T09:23:02,2,1.351,8.05,6.6320,25.9,1.372,9.73,4.10,-58,9.75,
2026-09-11T09:23:03,2,1.389,11.14,6.7390,25.9,1.375,9.98,4.09,-61,10.00,
2026-09-11T09:23:04,2,1.351,8.11,6.8500,25.9,1.369,9.53,4.12,-56,10.00,
2026-09-11T09:23:05,2,1.407,12.56,6.9620,25.9,1.380,10.44,4.08,-53,9.50,
2026-09-11T09:23:07,2,1.394,11.53,7.0710,25.9,1.380,10.44,4.09,-55,10.00,
2026-09-11T09:23:08,2,1.355,8.37,7.1880,25.9,1.379,10.31,4.12,-55,9.50,
2026-09-11T09:23:09,2,1.404,12.30,7.4220,25.9,1.385,10.82,4.09,-54,9.75,
2026-09-11T09:23:10,2,1.396,11.66,7.5340,25.9,1.383,10.63,4.10,-54,9.75,
2026-09-11T09:23:11,2,1.358,8.63,7.6510,25.9,1.382,10.56,4.11,-55,9.75,
2026-09-11T09:23:12,2,1.406,12.50,7.7670,25.9,1.392,11.34,4.09,-54,9.75,
2026-09-11T09:23:13,2,1.364,9.08,7.8820,25.9,1.388,11.08,4.11,-55,9.50,
2026-09-11T09:23:14,2,1.363,9.02,8.0020,25.9,1.390,11.21,4.11,-55,9.50,
2026-09-11T09:23:15,2,1.409,12.69,8.1250,25.9,1.400,11.98,4.09,-54,9.75,
2026-09-11T09:23:16,2,1.373,9.85,8.2500,25.9,1.395,11.60,4.11,-54,9.75,
2026-09-11T09:23:17,2,1.371,9.66,8.3720,25.9,1.394,11.53,4.11,-55,9.50,
2026-09-11T09:23:18,2,1.416,13.27,8.5030,25.9,1.403,12.24,4.09,-54,10.00,
2026-09-11T09:23:26,2,1.384,10.76,9.5290,25.9,1.414,13.14,4.11,-55,9.50,
2026-09-11T09:23:27,2,1.434,14.69,9.6620,25.9,1.422,13.72,4.08,-57,9.75,
2026-09-11T09:23:28,2,1.429,14.30,9.7960,25.9,1.424,13.92,4.09,-56,10.00,
2026-09-11T09:23:29,2,1.389,11.14,9.9250,25.9,1.420,13.59,4.12,-56,9.75,
2026-09-11T09:23:30,2,1.438,15.08,10.0620,25.9,1.429,14.30,4.09,-57,9.25,
2026-09-11T09:23:32,2,1.395,11.60,10.1970,25.9,1.428,14.24,4.11,-56,9.75,
2026-09-11T09:23:33,2,1.395,11.60,10.3340,25.9,1.428,14.24,4.12,-58,10.00,
2026-09-11T09:23:34,2,1.439,15.14,10.6130,25.9,1.435,14.82,4.09,-58,9.25,
2026-09-11T09:23:35,2,1.398,11.85,10.7480,25.9,1.430,14.43,4.12,-57,10.00,
2026-09-11T09:23:36,2,1.453,16.24,10.8850,25.9,1.441,15.27,4.08,-57,10.25,
2026-09-11T09:23:37,2,1.445,15.59,11.0220,25.9,1.441,15.27,4.09,-57,9.75,
2026-09-11T09:23:38,2,1.402,12.18,11.1540,25.9,1.438,15.08,4.11,-57,10.25,
2026-09-11T09:23:39,2,1.451,16.11,11.2900,25.9,1.448,15.85,4.09,-57,10.00,
2026-09-11T09:23:40,2,1.409,12.69,11.4320,25.9,1.445,15.59,4.12,-57,10.00,
2026-09-11T09:23:41,2,1.411,12.88,11.5740,25.9,1.446,15.66,4.12,-57,10.25,
2026-09-11T09:23:42,2,1.456,16.50,11.7220,25.9,1.455,16.37,4.08,-53,9.75,
2026-09-11T09:23:44,2,1.417,13.34,11.8580,25.9,1.449,15.92,4.11,-54,9.50,
2026-09-11T09:23:45,2,1.472,17.72,12.0010,25.9,1.461,16.88,4.08,-53,10.25,
2026-09-11T09:23:46,2,1.461,16.88,12.2840,25.9,1.460,16.82,4.09,-50,9.25,
2026-09-11T09:23:47,2,1.418,13.47,12.4290,25.9,1.455,16.37,4.11,-55,9.75,
2026-09-11T09:23:48,2,1.467,17.40,12.5740,25.9,1.463,17.01,4.09,-55,9.75,
2026-09-11T09:23:49,2,1.418,13.47,12.7240,25.9,1.463,17.08,4.11,-55,9.75,
2026-09-11T09:23:50,2,1.427,14.17,12.8690,25.9,1.462,16.95,4.11,-51,9.75,
2026-09-11T09:23:51,2,1.470,17.59,13.0150,25.9,1.470,17.59,4.09,-60,9.50,
2026-09-11T09:23:52,2,1.433,14.63,13.1560,25.9,1.467,17.40,4.11,-52,10.25,
2026-09-11T09:23:53,2,1.488,19.07,13.3000,25.9,1.476,18.04,4.09,-54,9.50,
2026-09-11T09:23:54,2,1.473,17.85,13.4420,25.9,1.476,18.11,4.09,-56,9.25,
2026-09-11T09:23:56,2,1.436,14.88,13.5850,25.9,1.474,17.91,4.11,-58,9.75,
2026-09-11T09:23:57,2,1.476,18.11,13.8520,25.9,1.482,18.56,4.08,-58,9.75,
2026-09-11T09:23:58,2,1.442,15.33,13.9860,25.9,1.476,18.11,4.10,-53,9.50,
2026-09-11T09:23:59,2,1.442,15.33,14.1160,25.9,1.477,18.17,4.12,-55,9.75,
2026-09-11T09:24:00,2,1.476,18.04,14.2370,25.9,1.489,19.14,4.08,-54,9.75,
2026-09-11T09:24:01,2,1.446,15.66,14.3620,25.9,1.487,18.95,4.12,-51,10.25,
2026-09-11T09:24:07,2,1.484,18.75,16.0690,25.9,1.517,21.33,4.10,-42,2.25,
2026-09-11T09:24:10,2,1.505,20.43,18.3190,25.9,1.532,22.56,4.12,-59,10.00,
2026-09-11T09:24:11,2,1.546,23.72,18.9190,25.9,1.544,23.52,4.12,-59,10.25,
2026-09-11T09:24:12,2,1.559,24.75,19.5370,25.9,1.554,24.30,4.09,-57,9.75,
2026-09-11T09:24:13,2,1.530,22.36,20.1750,25.9,1.563,25.07,4.12,-55,9.75,
2026-09-11T09:24:14,2,1.584,26.68,20.8160,25.9,1.579,26.29,4.08,-59,9.50,
2026-09-11T09:24:15,2,1.586,26.87,21.4640,25.9,1.586,26.87,4.09,-55,10.00,
2026-09-11T09:24:16,2,1.563,25.01,22.1180,25.9,1.588,27.00,4.11,-57,10.00,
2026-09-11T09:24:17,2,1.613,29.07,22.7710,25.9,1.599,27.91,4.09,-61,9.25,
2026-09-11T09:24:19,2,1.578,26.23,23.4300,25.9,1.601,28.10,4.11,-62,10.00,
2026-09-11T09:24:20,2,1.588,27.07,24.0820,25.9,1.607,28.55,4.12,-63,10.00,
2026-09-11T09:24:21,2,1.637,30.94,25.4240,25.9,1.618,29.45,4.09,-60,9.50,
2026-09-11T09:24:22,2,1.601,28.10,26.1020,25.9,1.620,29.58,4.11,-68,12.50,
2026-09-11T09:24:23,2,1.647,31.77,26.6860,25.9,1.630,30.42,4.08,-59,9.50,
2026-09-11T09:24:24,2,1.640,31.19,26.9520,25.9,1.632,30.55,4.09,-59,9.25,
2026-09-11T09:24:25,2,1.603,28.23,27.0860,25.9,1.627,30.16,4.12,-57,10.25,
2026-09-11T09:24:26,2,1.646,31.65,27.2020,25.9,1.636,30.87,4.09,-60,9.25,
2026-09-11T09:24:27,2,1.592,27.39,27.2840,25.9,1.630,30.42,4.11,-59,9.50,
2026-09-11T09:24:28,2,1.602,28.16,27.3440,25.9,1.628,30.23,4.11,-59,9.75,
2026-09-11T09:24:29,2,1.642,31.39,27.4020,25.9,1.634,30.74,4.09,-59,8.75,
2026-09-11T09:24:31,2,1.604,28.36,27.4420,25.9,1.632,30.55,4.11,-59,9.75,
2026-09-11T09:24:32,2,1.651,32.10,27.4530,25.9,1.638,31.00,4.08,-58,9.25,
2026-09-11T09:24:33,2,1.647,31.77,27.4320,25.9,1.638,31.00,4.09,-62,9.50,
2026-09-11T09:24:34,2,1.604,28.29,27.4110,25.9,1.632,30.55,4.11,-54,10.00,
2026-09-11T09:24:35,2,1.646,31.65,27.3640,25.9,1.642,31.32,4.08,-52,10.00,
2026-09-11T09:24:36,2,1.603,28.23,27.3550,25.9,1.631,30.48,4.11,-53,10.25,
2026-09-11T09:24:37,2,1.604,28.29,27.3440,25.9,1.633,30.61,4.11,-53,9.50,
2026-09-11T09:24:38,2,1.645,31.58,27.3440,25.9,1.637,30.94,4.09,-54,9.50,
2026-09-11T09:24:39,2,1.601,28.10,27.3320,25.9,1.630,30.42,4.11,-55,10.25,
2026-09-11T09:24:40,2,1.652,32.16,27.3310,25.9,1.640,31.19,4.08,-54,9.75,
2026-09-11T09:24:42,2,1.642,31.32,27.3220,25.9,1.638,31.00,4.09,-55,9.25,
2026-09-11T09:24:43,2,1.603,28.23,27.3230,25.9,1.634,30.74,4.12,-56,10.00,
2026-09-11T09:24:44,2,1.645,31.58,27.3270,25.9,1.640,31.19,4.09,-55,9.50,
2026-09-11T09:24:45,2,1.609,28.74,27.3410,25.9,1.633,30.68,4.10,-57,12.50,
2026-09-11T09:24:46,2,1.602,28.16,27.3450,25.9,1.634,30.74,4.11,-56,10.00,
2026-09-11T09:24:51,2,1.602,28.16,27.3340,25.9,1.635,30.81,4.11,-42,-1.00,
2026-09-11T09:24:52,2,1.647,31.77,27.3410,25.9,1.642,31.32,4.08,-42,-1.25,
2026-09-11T09:24:54,2,1.607,28.55,27.3490,25.9,1.640,31.19,4.10,-42,0.50,
2026-09-11T09:24:55,2,1.604,28.29,27.3570,25.9,1.634,30.74,4.11,-51,9.75,
2026-09-11T09:24:56,2,1.645,31.58,27.3740,25.9,1.638,31.07,4.09,-52,9.50,
2026-09-11T09:24:57,2,1.603,28.23,27.3820,25.9,1.635,30.81,4.12,-51,10.00,
2026-09-11T09:24:58,2,1.649,31.90,27.3900,25.9,1.635,30.81,4.10,-51,9.50,
2026-09-11T09:24:59,2,1.644,31.52,27.3990,25.9,1.640,31.19,4.08,-51,10.00,
2026-09-11T09:25:00,2,1.606,28.49,27.4020,25.9,1.638,31.07,4.11,-51,10.00,
2026-09-11T09:25:01,2,1.647,31.77,27.4050,25.9,1.642,31.39,4.09,-51,9.50,
2026-09-11T09:25:02,2,1.604,28.36,27.4140,25.9,1.636,30.87,4.10,-51,10.00,
2026-09-11T09:25:03,2,1.607,28.55,27.4320,25.9,1.633,30.68,4.11,-52,9.75,
2026-09-11T09:25:04,2,1.645,31.58,27.4350,25.9,1.638,31.07,4.08,-52,9.75,
2026-09-11T09:25:06,2,1.606,28.49,27.4430,25.9,1.638,31.00,4.11,-51,9.75,
2026-09-11T09:25:07,2,1.650,31.97,27.4540,25.9,1.638,31.00,4.10,-50,9.50,
2026-09-11T09:25:08,2,1.646,31.65,27.4880,25.9,1.643,31.45,4.09,-52,9.50,
2026-09-11T09:25:09,2,1.605,28.42,27.5000,25.9,1.637,30.94,4.11,-52,10.00,
2026-09-11T09:25:10,2,1.650,31.97,27.5070,25.9,1.644,31.52,4.08,-52,10.00,
2026-09-11T09:25:11,2,1.609,28.74,27.5190,25.9,1.640,31.19,4.10,-52,9.75,
2026-09-11T09:25:12,2,1.607,28.55,27.5210,25.9,1.636,30.87,4.11,-52,10.25,
2026-09-11T09:25:13,2,1.648,31.84,27.5260,25.9,1.642,31.39,4.09,-52,9.75,
2026-09-11T09:25:14,2,1.604,28.36,27.5350,25.9,1.639,31.13,4.12,-52,10.00,
2026-09-11T09:25:15,2,1.653,32.23,27.5490,25.9,1.640,31.19,4.10,-57,10.25,
2026-09-11T09:25:16,2,1.646,31.65,27.5630,25.9,1.643,31.45,4.09,-53,9.75,
2026-09-11T09:25:18,2,1.607,28.55,27.5680,25.9,1.636,30.87,4.11,-52,10.25,
2026-09-11T09:25:20,2,1.612,28.94,27.6310,25.9,1.642,31.32,4.10,-57,10.00,
2026-09-11T09:25:21,2,1.606,28.49,27.6560,25.9,1.638,31.07,4.11,-57,10.00,
2026-09-11T09:25:22,2,1.650,31.97,27.6960,25.9,1.644,31.52,4.09,-58,9.50,
2026-09-11T09:25:23,2,1.608,28.62,27.7220,25.9,1.637,30.94,4.12,-58,10.25,
2026-09-11T09:25:24,2,1.660,32.81,27.7600,25.9,1.642,31.39,4.10,-55,10.00,
2026-09-11T09:25:25,2,1.660,32.81,27.8010,25.9,1.645,31.58,4.08,-55,9.50,
2026-09-11T09:25:26,2,1.611,28.87,27.8350,25.9,1.638,31.07,4.11,-60,9.75,
2026-09-11T09:25:27,2,1.657,32.55,27.8740,25.9,1.647,31.77,4.08,-59,9.75,
2026-09-11T09:25:29,2,1.617,29.32,27.9140,25.9,1.643,31.45,4.10,-60,9.50,
2026-09-11T09:25:30,2,1.612,28.94,27.9670,25.9,1.638,31.07,4.11,-53,9.75,
2026-09-11T09:25:31,2,1.658,32.68,28.0570,25.9,1.647,31.77,4.08,-54,9.50,
2026-09-11T09:25:39,2,1.658,32.68,28.3720,25.9,1.646,31.71,4.08,-58,10.00,
2026-09-11T09:25:41,2,1.619,29.52,28.3850,25.9,1.639,31.13,4.10,-57,10.00,
2026-09-11T09:25:42,2,1.667,33.32,28.4030,25.9,1.642,31.39,4.09,-57,9.75,
2026-09-11T09:25:43,2,1.655,32.42,28.4150,25.9,1.647,31.77,4.08,-57,9.75,
2026-09-11T09:25:44,2,1.614,29.13,28.4340,25.9,1.640,31.19,4.11,-66,9.50,
2026-09-11T09:25:45,2,1.658,32.68,28.4420,25.9,1.639,31.13,4.10,-55,9.50,
2026-09-11T09:25:46,2,1.617,29.39,28.4460,25.9,1.642,31.39,4.10,-60,10.00,
2026-09-11T09:25:47,2,1.617,29.32,28.4450,25.9,1.637,30.94,4.11,-66,10.25,
2026-09-11T09:25:48,2,1.659,32.74,28.4520,25.9,1.645,31.58,4.09,-58,9.50,
2026-09-11T09:25:49,2,1.617,29.32,28.4540,25.9,1.642,31.39,4.10,-55,9.50,
2026-09-11T09:25:50,2,1.667,33.39,28.4500,25.9,1.643,31.45,4.10,-51,9.75,
2026-09-11T09:25:51,2,1.655,32.42,28.4470,25.9,1.647,31.77,4.09,-53,9.50,
2026-09-11T09:25:53,2,1.617,29.39,28.4490,25.9,1.638,31.07,4.11,-56,10.00,
2026-09-11T09:25:54,2,1.650,32.03,28.4490,25.9,1.641,31.26,4.10,-58,9.50,
2026-09-11T09:25:55,2,1.618,29.45,28.4530,25.9,1.634,30.74,4.10,-59,9.50,
2026-09-11T09:25:56,2,1.612,28.94,28.4550,25.9,1.638,31.07,4.11,-60,9.75,
2026-09-11T09:25:57,2,1.658,32.68,28.4600,25.9,1.646,31.71,4.08,-58,9.75,
2026-09-11T09:25:58,2,1.620,29.58,28.4670,25.9,1.642,31.32,4.11,-66,9.75,
2026-09-11T09:25:59,2,1.667,33.39,28.4850,25.9,1.642,31.39,4.09,-65,9.00,
2026-09-11T09:26:00,2,1.656,32.48,28.4860,25.9,1.644,31.52,4.09,-59,9.25,
2026-09-11T09:26:01,2,1.617,29.32,28.4980,25.9,1.637,30.94,4.11,-58,10.25,
2026-09-11T09:26:02,2,1.659,32.74,28.5000,25.9,1.641,31.26,4.10,-60,9.50,
2026-09-11T09:26:03,2,1.622,29.78,28.4940,25.9,1.641,31.26,4.10,-69,9.50,
2026-09-11T09:26:05,2,1.616,29.26,28.4890,25.9,1.638,31.07,4.11,-58,10.00,
2026-09-11T09:26:06,2,1.658,32.61,28.4640,25.9,1.644,31.52,4.08,-58,10.00,
2026-09-11T09:26:07,2,1.619,29.52,28.4510,25.9,1.641,31.26,4.10,-58,9.75,
2026-09-11T09:26:08,2,1.618,29.45,28.4380,25.9,1.638,31.00,4.12,-57,10.25,
2026-09-11T09:26:09,2,1.655,32.42,28.4190,25.9,1.643,31.45,4.09,-58,9.25,
2026-09-11T09:26:10,2,1.616,29.26,28.4090,25.9,1.637,30.94,4.12,-58,10.25,
2026-09-11T09:26:11,2,1.661,32.87,28.4100,25.9,1.641,31.26,4.10,-58,9.75,
2026-09-11T09:26:12,2,1.654,32.29,28.4020,25.9,1.641,31.26,4.09,-57,9.75,
2026-09-11T09:26:13,2,1.616,29.26,28.4040,25.9,1.637,30.94,4.12,-58,10.25,
2026-09-11T09:26:14,2,1.655,32.42,28.3880,25.9,1.644,31.52,4.08,-59,9.00,
2026-09-11T09:26:16,2,1.618,29.45,28.3740,25.9,1.641,31.26,4.10,-64,9.25,
2026-09-11T09:26:21,2,1.652,32.16,28.0000,25.9,1.642,31.32,4.00,-55,-1.25,
2026-09-11T09:26:22,2,1.613,29.00,28.2710,25.9,1.639,0.00,4.11,-55,-0.75,
2026-09-11T09:26:23,2,1.654,32.35,28.2670,25.9,1.645,31.58,4.08,-57,6.50,
2026-09-11T09:26:24,2,1.617,29.32,28.2600,25.9,1.642,31.32,4.10,-63,9.75,
2026-09-11T09:26:25,2,1.612,28.94,28.2640,25.9,1.637,30.94,4.11,-64,9.75,
2026-09-11T09:26:26,2,1.654,32.35,28.2580,25.9,1.644,31.52,4.09,-62,9.50,
2026-09-11T09:26:29,2,1.658,32.68,28.2540,25.9,1.642,31.32,4.10,-61,9.50,
2026-09-11T09:26:30,2,1.652,32.16,28.2530,25.9,1.645,31.58,4.09,-60,9.50,
2026-09-11T09:26:31,2,1.613,29.00,28.2520,25.9,1.637,30.94,4.11,-60,9.75,
2026-09-11T09:26:32,2,1.654,32.29,28.2410,25.9,1.651,32.10,4.10,-61,9.75,
2026-09-11T09:26:33,2,1.617,29.39,28.2310,25.9,1.641,31.26,4.10,-68,10.00,
2026-09-11T09:26:34,2,1.617,29.32,28.2290,25.9,1.635,30.81,4.11,-63,10.25,
2026-09-11T09:26:35,2,1.654,32.29,28.2310,25.9,1.642,31.32,4.08,-81,8.25,
2026-09-11T09:26:36,2,1.616,29.26,28.2380,25.9,1.638,31.00,4.10,-73,9.75,
2026-09-11T09:26:37,2,1.660,32.81,28.2430,25.9,1.638,31.07,4.10,-71,9.75,
2026-09-11T09:26:38,2,1.652,32.16,28.2430,25.9,1.640,31.19,4.09,-67,9.50,
2026-09-11T09:26:40,2,1.614,29.13,28.2400,25.9,1.636,30.87,4.11,-64,10.25,
2026-09-11T09:26:41,2,1.652,32.16,28.2300,25.9,1.638,31.00,4.10,-63,12.25,
2026-09-11T09:26:42,2,1.617,29.39,28.2230,25.9,1.639,31.13,4.10,-63,10.25,
2026-09-11T09:26:43,2,1.613,29.00,28.2190,25.9,1.636,30.87,4.11,-66,10.00,
2026-09-11T09:26:44,2,1.655,32.42,28.2090,25.9,1.643,31.45,4.09,-61,9.75,
2026-09-11T09:26:45,2,1.614,29.13,28.2010,25.9,1.638,31.07,4.10,-67,9.75,
2026-09-11T09:26:46,2,1.671,33.71,28.2030,25.9,1.639,31.13,4.10,-63,9.50,
2026-09-11T09:26:47,2,1.651,32.10,28.2050,25.9,1.642,31.32,4.09,-64,9.25,
2026-09-11T09:26:48,2,1.613,29.00,28.2020,25.9,1.634,30.74,4.11,-65,10.25,
2026-09-11T09:26:49,2,1.656,32.48,28.2040,25.9,1.636,30.87,4.10,-65,10.00,
2026-09-11T09:26:51,2,1.617,29.32,28.2060,25.9,1.639,31.13,4.10,-67,9.50,
2026-09-11T09:26:52,2,1.613,29.00,28.2020,25.9,1.635,30.81,4.11,-66,10.25,
2026-09-11T09:26:53,2,1.654,32.35,28.2120,25.9,1.641,31.26,4.08,-62,9.75,
2026-09-11T09:26:54,2,1.616,29.26,28.2150,25.9,1.638,31.07,4.10,-62,9.50,
2026-09-11T09:26:55,2,1.659,32.74,28.2150,25.9,1.638,31.07,4.10,-63,9.50,
2026-09-11T09:26:56,2,1.653,32.23,28.2170,25.9,1.642,31.32,4.09,-63,9.25,
2026-09-11T09:26:57,2,1.612,28.94,28.2090,25.9,1.634,30.74,4.11,-64,10.00,
2026-09-11T09:26:58,2,1.657,32.55,28.2100,25.9,1.639,31.13,4.10,-66,9.50,
2026-09-11T09:26:59,2,1.618,29.45,28.2090,25.9,1.638,31.00,4.10,-60,9.50,
2026-09-11T09:27:05,2,1.643,31.45,28.2140,25.9,1.641,31.26,4.09,-55,0.75,
2026-09-11T09:27:08,2,1.617,29.32,28.1980,25.9,1.636,30.87,4.10,-64,9.25,
2026-09-11T09:27:09,2,1.613,29.00,28.1930,25.9,1.636,30.87,4.12,-67,10.00,
2026-09-11T09:27:10,2,1.655,32.42,28.1880,25.9,1.642,31.39,4.08,-66,9.75,
2026-09-11T09:27:11,2,1.617,29.39,28.1910,25.9,1.637,30.94,4.10,-66,9.50,
2026-09-11T09:27:12,2,1.661,32.87,28.1880,25.9,1.638,31.07,4.10,-63,9.75,
2026-09-11T09:27:13,2,1.653,32.23,28.1870,25.9,1.638,31.07,4.08,-61,10.00,
2026-09-11T09:27:15,2,1.608,28.68,28.1800,25.9,1.635,30.81,4.11,-64,9.75,
2026-09-11T09:27:16,2,1.653,32.23,28.1660,25.9,1.638,31.00,4.10,-64,9.75,
2026-09-11T09:27:17,2,1.619,29.52,28.1740,25.9,1.635,30.81,4.10,-60,9.75,
2026-09-11T09:27:18,2,1.616,29.26,28.1760,25.9,1.633,30.68,4.11,-63,10.00,
2026-09-11T09:27:19,2,1.658,32.61,28.1840,25.9,1.641,31.26,4.08,-65,10.00,
2026-09-11T09:27:20,2,1.616,29.26,28.1920,25.9,1.639,31.13,4.10,-70,9.25,
2026-09-11T09:27:21,2,1.662,32.93,28.1990,25.9,1.637,30.94,4.09,-71,9.25,
2026-09-11T09:27:22,2,1.655,32.42,28.2030,25.9,1.640,31.19,4.08,-65,9.75,
2026-09-11T09:27:23,2,1.613,29.00,28.2010,25.9,1.635,30.81,4.10,-70,9.75,
2026-09-11T09:27:24,2,1.655,32.42,28.2030,25.9,1.641,31.26,4.10,-64,9.25,
2026-09-11T09:27:25,2,1.616,29.26,28.2020,25.9,1.637,30.94,4.10,-67,9.50,
2026-09-11T09:27:27,2,1.615,29.20,28.2120,25.9,1.629,30.36,4.11,-70,10.00,
2026-09-11T09:27:28,2,1.651,32.10,28.2160,25.9,1.640,31.19,4.10,-68,9.75,
2026-09-11T09:27:29,2,1.618,29.45,28.2150,25.9,1.638,31.00,4.10,-65,9.25,
2026-09-11T09:27:30,2,1.667,33.32,28.2110,25.9,1.638,31.07,4.09,-67,9.25,
2026-09-11T09:27:31,2,1.654,32.29,28.2040,25.9,1.640,31.19,4.08,-67,9.75,
2026-09-11T09:27:32,2,1.617,29.32,28.1970,25.9,1.636,30.87,4.10,-70,9.50,
2026-09-11T09:27:33,2,1.654,32.29,28.1890,25.9,1.636,30.87,4.10,-63,9.75,
2026-09-11T09:27:34,2,1.614,29.13,28.1880,25.9,1.637,30.94,4.10,-63,9.25,
2026-09-11T09:27:35,2,1.611,28.87,28.1860,25.9,1.636,30.87,4.11,-66,10.00,
2026-09-11T09:27:36,2,1.649,31.90,28.1920,25.9,1.633,30.68,4.10,-65,9.75,
2026-09-11T09:27:38,2,1.616,29.26,28.1890,25.9,1.639,31.13,4.10,-68,9.75,
2026-09-11T09:27:39,2,1.665,33.19,28.1770,25.9,1.637,30.94,4.09,-63,9.50,
2026-09-11T09:27:40,2,1.653,32.23,28.1560,25.9,1.641,31.26,4.08,-61,10.00,
2026-09-11T09:27:41,2,1.614,29.13,28.1490,25.9,1.635,30.81,4.10,-61,9.75,
2026-09-11T09:27:42,2,1.655,32.42,28.1410,25.9,1.638,31.00,4.10,-61,9.75,
2026-09-11T09:27:43,2,1.613,29.07,28.1470,25.9,1.634,30.74,4.09,-62,9.50,
2026-09-11T09:27:44,2,1.614,29.13,28.1470,25.9,1.635,30.81,4.12,-62,10.50,
2026-09-11T09:27:50,2,1.617,29.32,28.1170,25.9,1.635,30.81,4.10,-54,4.75,
2026-09-11T09:27:51,2,1.659,32.74,28.1150,25.9,1.637,30.94,4.10,-56,6.75,
2026-09-11T09:27:52,2,1.616,29.26,28.1090,25.9,1.637,30.94,4.10,-59,2.25,
2026-09-11T09:27:53,2,1.612,28.94,28.1170,25.9,1.633,30.68,4.11,-64,9.75,
2026-09-11T09:27:54,2,1.653,32.23,28.1220,25.9,1.633,30.68,4.09,-64,9.50,
2026-09-11T09:27:55,2,1.614,29.13,28.1160,25.9,1.638,31.00,4.10,-63,9.50,
2026-09-11T09:27:56,2,1.689,35.13,28.1110,25.9,1.637,30.94,4.10,-59,9.50,
2026-09-11T09:27:57,2,1.670,33.58,28.0940,25.9,1.638,31.07,4.08,-60,9.75,
2026-09-11T09:27:58,2,1.617,29.32,28.1020,25.9,1.636,30.87,4.10,-60,9.75,
2026-09-11T09:27:59,2,1.676,34.10,28.0900,25.9,1.635,30.81,4.09,-59,9.25,
2026-09-11T09:28:00,2,1.619,29.52,28.0850,25.9,1.638,31.00,4.10,-60,9.75,
2026-09-11T09:28:02,2,1.617,29.32,28.0800,25.9,1.632,30.55,4.11,-64,9.75,
2026-09-11T09:28:03,2,1.657,32.55,28.0740,25.9,1.634,30.74,4.09,-62,9.50,
2026-09-11T09:28:04,2,1.617,29.32,28.0690,25.9,1.638,31.00,4.10,-63,9.50,
2026-09-11T09:28:05,2,1.685,34.80,28.0630,25.9,1.637,30.94,4.09,-60,9.50,
2026-09-11T09:28:06,2,1.669,33.52,28.0680,25.9,1.640,31.19,4.08,-64,9.75,
2026-09-11T09:28:08,2,1.669,33.52,28.0800,25.9,1.629,30.29,4.10,-62,9.75,
2026-09-11T09:28:09,2,1.617,29.32,28.0780,25.9,1.636,30.87,4.10,-78,9.25,
2026-09-11T09:28:10,2,1.613,29.00,28.0800,25.9,1.630,30.42,4.11,-66,10.00,
2026-09-11T09:28:11,2,1.645,31.58,28.0820,25.9,1.633,30.68,4.10,-66,9.75,
2026-09-11T09:28:12,2,1.613,29.00,28.0900,25.9,1.635,30.81,4.10,-65,9.75,
2026-09-11T09:28:14,2,1.630,30.42,28.0870,25.9,1.633,30.68,4.11,-64,9.75,
2026-09-11T09:28:15,2,1.654,32.29,28.0920,25.9,1.639,31.13,4.08,-67,9.50,
2026-09-11T09:28:16,2,1.617,29.39,28.0980,25.9,1.633,30.68,4.10,-65,9.50,
2026-09-11T09:28:17,2,1.662,32.93,28.1150,25.9,1.637,30.94,4.10,-69,9.75,
2026-09-11T09:28:18,2,1.622,29.78,28.1270,25.9,1.635,30.81,4.08,-65,9.50,
2026-09-11T09:28:19,2,1.613,29.00,28.1400,25.9,1.631,30.48,4.11,-66,10.00,
2026-09-11T09:28:20,2,1.656,32.48,28.1500,25.9,1.634,30.74,4.10,-61,9.50,
2026-09-11T09:28:21,2,1.615,29.20,28.1560,25.9,1.638,31.07,4.10,-64,9.75,
2026-09-11T09:28:22,2,1.614,29.13,28.1570,25.9,1.631,30.48,4.11,-61,9.75,
2026-09-11T09:28:23,2,1.653,32.23,28.1570,25.9,1.639,31.13,4.10,-61,9.75,
2026-09-11T09:28:25,2,1.614,29.13,28.1590,25.9,1.632,30.55,4.10,-61,9.50,
2026-09-11T09:28:26,2,1.650,31.97,28.1600,25.9,1.635,30.81,4.10,-62,10.00,
2026-09-11T09:28:27,2,1.618,29.45,28.1690,25.9,1.637,30.94,4.08,-64,10.00,
2026-09-11T09:28:28,2,1.613,29.07,28.1680,25.9,1.632,30.55,4.10,-64,9.25,
2026-09-11T09:28:29,2,1.650,31.97,28.1740,25.9,1.633,30.61,4.10,-64,9.50,
2026-09-11T09:28:34,2,1.646,31.65,28.1710,25.9,1.638,31.07,4.10,-61,8.00,
2026-09-11T09:28:35,2,1.642,31.32,28.1710,25.9,1.636,30.87,4.09,-60,8.50,
2026-09-11T09:28:37,2,1.614,29.13,28.1700,25.9,1.633,30.68,4.10,-55,8.00,
2026-09-11T09:28:38,2,1.634,30.74,28.1500,25.9,1.633,30.68,4.10,-61,9.50,
2026-09-11T09:28:39,2,1.614,29.13,28.1490,25.9,1.627,30.16,4.10,-65,9.50,
2026-09-11T09:28:40,2,1.611,28.87,28.1490,25.9,1.631,30.48,4.11,-63,10.25,
2026-09-11T09:28:41,2,1.635,30.81,28.1440,25.9,1.636,30.87,4.10,-66,9.50,
2026-09-11T09:28:42,2,1.613,29.07,28.1480,25.9,1.634,30.74,4.10,-63,9.75,
2026-09-11T09:28:43,2,1.640,31.19,28.1490,25.9,1.633,30.61,4.10,-65,9.75,
2026-09-11T09:28:44,2,1.638,31.07,28.1490,25.9,1.638,31.00,4.08,-62,9.75,
2026-09-11T09:28:45,2,1.613,29.07,28.1500,25.9,1.632,30.55,4.10,-72,9.50,
2026-09-11T09:28:46,2,1.637,30.94,28.1490,25.9,1.635,30.81,4.10,-65,9.50,
2026-09-11T09:28:47,2,1.613,29.00,28.1470,25.9,1.635,30.81,4.10,-64,9.50,
2026-09-11T09:28:49,2,1.611,28.87,28.1570,25.9,1.631,30.48,4.11,-69,10.00,
2026-09-11T09:28:50,2,1.639,31.13,28.1650,25.9,1.633,30.61,4.10,-65,9.50,
2026-09-11T09:28:51,2,1.614,29.13,28.1720,25.9,1.633,30.68,4.10,-61,9.25,
2026-09-11T09:28:52,2,1.638,31.07,28.1780,25.9,1.634,30.74,4.09,-63,9.75,
2026-09-11T09:28:53,2,1.635,30.81,28.1750,25.9,1.637,30.94,4.07,-67,10.00,
2026-09-11T09:28:54,2,1.615,29.20,28.1830,25.9,1.634,30.74,4.10,-66,9.50,
2026-09-11T09:28:55,2,1.632,30.55,28.1780,25.9,1.629,30.36,4.10,-64,9.50,
2026-09-11T09:28:56,2,1.613,29.07,28.1850,25.9,1.634,30.74,4.09,-61,9.50,
2026-09-11T09:28:57,2,1.611,28.87,28.1950,25.9,1.631,30.48,4.11,-64,9.50,
2026-09-11T09:28:58,2,1.632,30.55,28.2040,25.9,1.633,30.61,4.10,-64,9.25,
2026-09-11T09:29:00,2,1.612,28.94,28.2070,25.9,1.632,30.55,4.10,-65,9.50,
2026-09-11T09:29:01,2,1.638,31.00,28.2210,25.9,1.633,30.61,4.10,-66,9.50,
2026-09-11T09:29:03,2,1.613,29.07,28.2340,25.9,1.633,30.68,4.10,-69,9.50,
2026-09-11T09:29:04,2,1.633,30.61,28.2390,25.9,1.634,30.74,4.10,-74,9.50,
2026-09-11T09:29:05,2,1.613,29.07,28.2410,25.9,1.632,30.55,4.10,-64,9.25,
2026-09-11T09:29:06,2,1.611,28.87,28.2440,25.9,1.629,30.36,4.11,-64,9.75,
2026-09-11T09:29:07,2,1.634,30.74,28.2430,25.9,1.634,30.74,4.10,-67,9.50,
2026-09-11T09:29:08,2,1.614,29.13,28.2430,25.9,1.632,30.55,4.10,-64,9.75,
2026-09-11T09:29:09,2,1.637,30.94,28.2350,25.9,1.635,30.81,4.10,-63,10.00,
2026-09-11T09:29:10,2,1.637,30.94,28.2440,25.9,1.638,31.07,4.09,-65,9.50,
2026-09-11T09:29:12,2,1.613,29.07,28.2460,25.9,1.634,30.74,4.10,-63,10.00,
2026-09-11T09:29:13,2,1.635,30.81,28.2520,25.9,1.629,30.29,4.10,-60,9.75,
2026-09-11T09:29:14,2,1.612,28.94,28.2560,25.9,1.635,30.81,4.10,-63,10.00,
2026-09-11T09:29:18,2,1.638,31.07,28.2540,25.9,1.633,30.61,4.09,-56,3.50,
2026-09-11T09:29:19,2,1.636,30.87,28.2510,25.9,1.638,31.00,4.08,-56,2.00,
2026-09-11T09:29:20,2,1.615,29.20,28.2520,25.9,1.636,30.87,4.10,-57,2.50,
2026-09-11T09:29:21,2,1.633,30.68,28.2480,25.9,1.637,30.94,4.10,-57,7.75,
2026-09-11T09:29:22,2,1.614,29.13,28.2480,25.9,1.633,30.68,4.10,-63,12.25,
2026-09-11T09:29:24,2,1.611,28.87,28.2420,25.9,1.630,30.42,4.12,-63,10.25,
2026-09-11T09:29:25,2,1.633,30.61,28.2490,26.9,1.633,30.68,4.10,-63,9.75,
2026-09-11T09:29:26,2,1.621,29.71,28.2510,26.9,1.633,30.61,4.10,-63,9.50,
2026-09-11T09:29:27,2,1.636,30.87,28.2570,26.9,1.636,30.87,4.09,-62,9.50,
2026-09-11T09:29:28,2,1.637,30.94,28.2490,26.9,1.638,31.07,4.08,-62,10.00,
2026-09-11T09:29:29,2,1.613,29.07,28.2600,26.9,1.631,30.48,4.10,-65,9.75,
2026-09-11T09:29:30,2,1.633,30.61,28.2490,26.9,1.641,31.26,4.10,-64,11.75,
2026-09-11T09:29:31,2,1.612,28.94,28.2420,26.9,1.633,30.68,4.10,-64,9.50,
2026-09-11T09:29:32,2,1.613,29.00,28.2340,26.9,1.629,30.29,4.11,-64,9.75,
2026-09-11T09:29:33,2,1.630,30.42,28.2330,25.9,1.622,29.78,4.10,-63,10.00,
2026-09-11T09:29:34,2,1.616,29.26,28.2290,26.9,1.634,30.74,4.09,-64,9.50,
2026-09-11T09:29:36,2,1.638,31.07,28.2280,26.9,1.633,30.61,4.09,-65,9.50,
2026-09-11T09:29:37,2,1.634,30.74,28.2220,26.9,1.638,31.07,4.09,-64,9.00,
2026-09-11T09:29:38,2,1.613,29.07,28.2360,26.9,1.634,30.74,4.09,-62,9.50,
2026-09-11T09:29:39,2,1.635,30.81,28.2410,26.9,1.631,30.48,4.10,-62,9.75,
2026-09-11T09:29:40,2,1.615,29.20,28.2360,26.9,1.634,30.74,4.10,-63,9.50,
2026-09-11T09:29:41,2,1.611,28.87,28.2330,26.9,1.629,30.29,4.10,-63,10.00,
2026-09-11T09:29:43,2,1.613,29.00,28.2190,26.9,1.634,30.74,4.10,-66,9.50,
2026-09-11T09:29:44,2,1.638,31.07,28.2120,25.9,1.635,30.81,4.08,-65,10.50,
2026-09-11T09:29:45,2,1.630,30.42,28.2110,26.9,1.633,30.68,4.10,-64,12.50,
2026-09-11T09:29:47,2,1.613,29.00,28.2060,26.9,1.635,30.81,4.10,-64,9.50,
2026-09-11T09:29:48,2,1.633,30.61,28.2010,26.9,1.632,30.55,4.10,-60,9.75,
2026-09-11T09:29:49,2,1.614,29.13,28.1910,26.9,1.633,30.68,4.09,-59,9.25,
2026-09-11T09:29:50,2,1.610,28.81,28.1940,26.9,1.633,30.68,4.10,-61,9.75,
2026-09-11T09:29:51,2,1.634,30.74,28.1950,26.9,1.635,30.81,4.10,-63,9.75,
2026-09-11T09:29:52,2,1.613,29.00,28.1950,26.9,1.633,30.61,4.10,-66,9.75,
2026-09-11T09:29:53,2,1.638,31.07,28.1910,26.9,1.633,30.68,4.09,-64,9.00,
2026-09-11T09:29:54,2,1.631,30.48,28.1930,26.9,1.630,30.42,4.10,-68,9.75,
2026-09-11T09:29:55,2,1.612,28.94,28.1920,26.9,1.632,30.55,4.10,-73,9.00,
2026-09-11T09:29:56,2,1.634,30.74,28.1950,26.9,1.631,30.48,4.10,-72,9.50,
2026-09-11T09:29:57,2,1.615,29.20,28.1880,26.9,1.633,30.61,4.09,-62,9.50,
2026-09-11T09:30:04,2,1.605,28.42,28.2090,26.9,1.632,30.55,4.10,-60,-0.50,
2026-09-11T09:30:05,2,1.632,30.55,28.2010,26.9,1.633,30.61,4.10,-59,-1.00,
2026-09-11T09:30:06,2,1.612,28.94,28.2100,26.9,1.635,30.81,4.09,-67,9.50,
2026-09-11T09:30:08,2,1.630,30.42,28.2130,26.9,1.633,30.61,4.10,-66,9.75,
2026-09-11T09:30:09,2,1.613,29.07,28.2170,26.9,1.631,30.48,4.10,-67,9.50,
2026-09-11T09:30:11,2,1.638,31.00,28.2130,26.9,1.632,30.55,4.09,-67,9.50,
2026-09-11T09:30:12,2,1.631,30.48,28.2090,26.9,1.633,30.61,4.10,-67,9.50,
2026-09-11T09:30:13,2,1.612,28.94,28.2090,26.9,1.634,30.74,4.10,-67,9.75,
2026-09-11T09:30:14,2,1.634,30.74,28.2060,26.9,1.630,30.42,4.09,-67,9.50,
2026-09-11T09:30:15,2,1.615,29.20,28.2040,26.9,1.633,30.68,4.09,-66,9.25,
2026-09-11T09:30:16,2,1.611,28.87,28.2040,26.9,1.633,30.68,4.10,-67,9.75,
2026-09-11T09:30:17,2,1.630,30.42,28.2070,26.9,1.632,30.55,4.10,-68,9.75,
2026-09-11T09:30:18,2,1.614,29.13,28.2110,26.9,1.632,30.55,4.10,-69,9.75,
2026-09-11T09:30:19,2,1.638,31.07,28.2130,26.9,1.633,30.68,4.09,-59,9.25,
2026-09-11T09:30:20,2,1.642,31.39,28.2000,26.9,1.631,30.48,4.10,-59,9.75,
2026-09-11T09:30:21,2,1.615,29.20,28.1950,26.9,1.631,30.48,4.10,-61,9.75,
2026-09-11T09:30:23,2,1.635,30.81,28.1890,26.9,1.633,30.61,4.09,-62,9.50,
2026-09-11T09:30:24,2,1.614,29.13,28.1820,26.9,1.634,30.74,4.09,-71,9.75,
2026-09-11T09:30:25,2,1.611,28.87,28.1960,26.9,1.631,30.48,4.10,-73,9.50,
2026-09-11T09:30:26,2,1.633,30.68,28.1890,26.9,1.631,30.48,4.09,-68,9.25,
2026-09-11T09:30:27,2,1.613,29.00,28.1900,26.9,1.633,30.68,4.10,-71,9.25,
2026-09-11T09:30:28,2,1.638,31.00,28.1920,26.9,1.633,30.61,4.09,-69,9.25,
2026-09-11T09:30:29,2,1.629,30.36,28.1940,26.9,1.629,30.36,4.10,-71,9.25,
2026-09-11T09:30:30,2,1.613,29.07,28.1940,26.9,1.632,30.55,4.10,-68,9.75,
2026-09-11T09:30:31,2,1.636,30.87,28.1900,26.9,1.630,30.42,4.10,-60,9.50,
2026-09-11T09:30:32,2,1.625,29.97,28.1970,26.9,1.632,30.55,4.09,-72,9.25,
2026-09-11T09:30:34,2,1.613,29.07,28.1990,26.9,1.630,30.42,4.10,-60,9.75,
2026-09-11T09:30:35,2,1.628,30.23,28.1960,26.9,1.632,30.55,4.10,-60,9.25,
2026-09-11T09:30:36,2,1.613,29.00,28.1890,26.9,1.630,30.42,4.09,-62,9.50,
2026-09-11T09:30:37,2,1.640,31.19,28.1930,26.9,1.632,30.55,4.09,-60,9.00,
2026-09-11T09:30:38,2,1.633,30.68,28.1870,26.9,1.630,30.42,4.10,-59,10.50,
2026-09-11T09:30:39,2,1.622,29.78,28.1810,26.9,1.633,30.68,4.10,-60,9.50,
2026-09-11T09:30:40,2,1.633,30.68,28.1910,26.9,1.631,30.48,4.10,-59,9.50,
2026-09-11T09:30:41,2,1.613,29.07,28.1900,26.9,1.633,30.68,4.10,-60,9.75,
2026-09-11T09:30:42,2,1.608,28.68,28.1890,26.9,1.633,30.61,4.10,-60,9.50,
2026-09-11T09:30:48,2,1.614,29.13,28.1880,26.9,1.633,30.68,4.10,-55,8.00,
2026-09-11T09:30:49,2,1.633,30.68,28.1870,26.9,1.631,30.48,4.10,-55,8.25,
2026-09-11T09:30:50,2,1.613,29.00,28.1790,26.9,1.633,30.61,4.10,-55,8.50,
2026-09-11T09:30:51,2,1.612,28.94,28.1860,26.9,1.632,30.55,4.10,-60,9.25,
2026-09-11T09:30:52,2,1.631,30.48,28.1760,26.9,1.631,30.48,4.10,-59,9.50,
2026-09-11T09:30:53,2,1.613,29.00,28.1700,26.9,1.631,30.48,4.10,-59,9.50,
2026-09-11T09:30:54,2,1.638,31.07,28.1720,26.9,1.632,30.55,4.09,-60,9.25,
2026-09-11T09:30:55,2,1.630,30.42,28.1750,26.9,1.629,30.36,4.10,-59,9.25,
2026-09-11T09:30:56,2,1.613,29.07,28.1750,26.9,1.633,30.68,4.10,-59,9.25,
2026-09-11T09:30:58,2,1.623,29.84,28.1590,26.9,1.633,30.61,4.09,-59,9.00,
2026-09-11T09:30:59,2,1.613,29.07,28.1550,26.9,1.633,30.61,4.10,-59,9.25,
2026-09-11T09:31:00,2,1.611,28.87,28.1540,26.9,1.633,30.68,4.10,-58,9.75,
2026-09-11T09:31:01,2,1.632,30.55,28.1530,26.9,1.632,30.55,4.10,-59,9.50,
2026-09-11T09:31:02,2,1.614,29.13,28.1550,26.9,1.631,30.48,4.10,-60,9.50,
2026-09-11T09:31:03,2,1.639,31.13,28.1560,26.9,1.636,30.87,4.08,-59,9.75,
2026-09-11T09:31:04,2,1.628,30.23,28.1500,26.9,1.629,30.36,4.10,-60,9.25,
2026-09-11T09:31:05,2,1.613,29.00,28.1450,26.9,1.629,30.29,4.09,-60,9.25,
2026-09-11T09:31:06,2,1.632,30.55,28.1470,26.9,1.633,30.68,4.09,-58,9.00,
2026-09-11T09:31:07,2,1.608,28.68,28.1450,26.9,1.629,30.29,4.11,-56,10.25,
2026-09-11T09:31:09,2,1.614,29.13,28.1400,26.9,1.630,30.42,4.09,-54,9.75,
2026-09-11T09:31:10,2,1.629,30.36,28.1440,26.9,1.633,30.61,4.10,-59,9.75,
2026-09-11T09:31:11,2,1.624,29.90,28.1360,26.9,1.630,30.42,4.09,-59,9.25,
2026-09-11T09:31:12,2,1.641,31.26,28.1340,26.9,1.634,30.74,4.08,-59,9.25,
2026-09-11T09:31:13,2,1.631,30.48,28.1360,26.9,1.629,30.36,4.10,-56,9.75,
2026-09-11T09:31:14,2,1.613,29.00,28.1290,26.9,1.629,30.29,4.10,-58,10.00,
2026-09-11T09:31:15,2,1.633,30.61,28.1250,26.9,1.631,30.48,4.10,-59,9.25,
2026-09-11T09:31:16,2,1.610,28.81,28.1200,26.9,1.628,30.23,4.11,-59,9.75,
2026-09-11T09:31:17,2,1.613,29.07,28.1290,26.9,1.630,30.42,4.10,-57,9.75,
2026-09-11T09:31:18,2,1.633,30.61,28.1290,26.9,1.633,30.68,4.10,-59,9.50,
2026-09-11T09:31:19,2,1.614,29.13,28.1370,26.9,1.631,30.48,4.09,-59,9.50,
2026-09-11T09:31:21,2,1.634,30.74,28.1280,26.9,1.633,30.68,4.09,-59,9.00,
2026-09-11T09:31:22,2,1.629,30.36,28.1340,26.9,1.628,30.23,4.10,-60,9.75,
2026-09-11T09:31:23,2,1.608,28.62,28.1260,26.9,1.629,30.36,4.09,-58,9.75,
2026-09-11T09:31:24,2,1.633,30.61,28.1250,26.9,1.629,30.29,4.09,-60,9.50,
2026-09-11T09:31:25,2,1.608,28.62,28.1160,26.9,1.627,30.16,4.11,-60,9.75,
2026-09-11T09:31:26,2,1.613,29.00,28.1040,26.9,1.628,30.23,4.10,-61,9.75,
2026-09-11T09:31:27,2,1.630,30.42,28.1070,26.9,1.632,30.55,4.09,-59,9.50,
2026-09-11T09:31:33,2,1.633,30.61,28.0990,26.9,1.629,30.29,4.09,-56,6.75,
2026-09-11T09:31:34,2,1.609,28.74,28.0960,26.9,1.628,30.23,4.10,-56,9.25,
2026-09-11T09:31:35,2,1.611,28.87,28.0970,26.9,1.630,30.42,4.10,-57,6.75,
2026-09-11T09:31:36,2,1.629,30.36,28.1020,26.9,1.629,30.36,4.10,-59,9.50,
2026-09-11T09:31:37,2,1.613,29.00,28.1000,26.9,1.633,30.61,4.09,-63,9.50,
2026-09-11T09:31:38,2,1.614,29.13,28.0970,26.9,1.633,30.61,4.10,-65,9.50,
2026-09-11T09:31:39,2,1.629,30.36,28.0900,26.9,1.630,30.42,4.09,-59,9.25,
2026-09-11T09:31:40,2,1.611,28.87,28.1000,26.9,1.632,30.55,4.10,-64,9.50,
2026-09-11T09:31:41,2,1.634,30.74,28.0860,26.9,1.629,30.36,4.09,-64,8.75,
2026-09-11T09:31:42,2,1.630,30.42,28.0940,26.9,1.629,30.36,4.10,-63,9.50,
2026-09-11T09:31:43,2,1.613,29.00,28.0910,26.9,1.631,30.48,4.10,-61,9.75,
2026-09-11T09:31:45,2,1.000,30.48,28.0000,2.0,1.629,30.00,4.00,-62,4.25,
2026-09-11T09:31:46,2,1.610,28.81,28.0900,26.9,1.631,30.48,4.09,-62,9.50,
2026-09-11T09:31:47,2,1.613,29.00,28.0820,26.9,1.633,30.68,4.10,-62,9.25,
2026-09-11T09:31:48,2,1.629,30.29,28.0720,26.9,1.632,30.55,4.10,-62,9.75,
2026-09-11T09:31:49,2,1.608,28.68,28.0640,26.9,1.630,30.42,4.10,-62,9.50,
2026-09-11T09:31:50,2,1.632,30.55,28.0620,26.9,1.629,30.36,4.09,-62,9.50,
2026-09-11T09:31:51,2,1.629,30.36,28.0590,26.9,1.629,30.29,4.10,-60,10.00,
2026-09-11T09:31:52,2,1.610,28.81,28.0630,26.9,1.636,30.87,4.10,-61,9.75,
2026-09-11T09:31:53,2,1.629,30.29,28.0670,26.9,1.629,30.36,4.10,-63,9.75,
2026-09-11T09:31:54,2,1.613,29.07,28.0660,26.9,1.635,30.81,4.09,-63,9.25,
2026-09-11T09:31:56,2,1.612,28.94,28.0630,26.9,1.629,30.29,4.09,-62,9.50,
2026-09-11T09:31:57,2,1.629,30.29,28.0650,26.9,1.632,30.55,4.09,-60,9.50,
2026-09-11T09:31:58,2,1.611,28.87,28.0640,26.9,1.629,30.29,4.10,-60,9.75,
2026-09-11T09:31:59,2,1.624,29.90,28.0620,26.9,1.632,30.55,4.10,-62,9.75,
2026-09-11T09:32:00,2,1.629,30.29,28.0580,26.9,1.630,30.42,4.10,-62,10.00,
2026-09-11T09:32:01,2,1.611,28.87,28.0640,26.9,1.631,30.48,4.09,-61,10.00,
2026-09-11T09:32:02,2,1.633,30.61,28.0640,26.9,1.628,30.23,4.09,-61,9.00,
2026-09-11T09:32:03,2,1.610,28.81,28.0640,26.9,1.625,30.03,4.10,-60,9.50,
2026-09-11T09:32:04,2,1.613,29.00,28.0640,26.9,1.629,30.29,4.10,-61,9.75,
2026-09-11T09:32:05,2,1.631,30.48,28.0630,26.9,1.619,29.52,4.09,-61,9.50,
2026-09-11T09:32:06,2,1.610,28.81,28.0630,26.9,1.628,30.23,4.09,-61,9.50,
2026-09-11T09:32:08,2,1.634,30.74,28.0620,26.9,1.631,30.48,4.08,-60,9.50,
2026-09-11T09:32:09,2,1.629,30.36,28.0710,26.9,1.630,30.42,4.09,-60,9.25,
2026-09-11T09:32:10,2,1.612,28.94,28.0700,26.9,1.631,30.48,4.09,-61,9.25,
2026-09-11T09:32:11,2,1.631,30.48,28.0760,26.9,1.629,30.29,4.09,-60,9.50,
2026-09-11T09:32:12,2,1.608,28.68,28.0730,26.9,1.626,30.10,4.11,-61,10.25,
2026-09-11T09:32:16,2,1.636,30.87,28.0640,26.9,1.633,30.61,4.08,-56,7.25,
2026-09-11T09:32:17,2,1.629,30.36,28.0590,26.9,1.630,30.42,4.10,-56,7.00,
2026-09-11T09:32:18,2,1.611,28.87,28.0630,26.9,1.629,30.36,4.10,-56,7.75,
2026-09-11T09:32:20,2,1.644,31.52,28.0580,26.9,1.629,30.29,4.10,-56,8.75,
2026-09-11T09:32:21,2,1.608,28.62,28.0520,26.9,1.625,30.03,4.11,-60,10.00,
2026-09-11T09:32:22,2,1.611,28.87,28.0370,26.9,1.632,30.55,4.10,-60,9.50,
2026-09-11T09:32:23,2,1.630,30.42,28.0390,26.9,1.629,30.29,4.10,-61,9.75,
2026-09-11T09:32:24,2,1.611,28.87,28.0370,26.9,1.629,30.36,4.09,-61,9.25,
2026-09-11T09:32:25,2,1.636,30.87,28.0290,26.9,1.633,30.61,4.08,-61,9.50,
2026-09-11T09:32:26,2,1.626,30.10,28.0330,26.9,1.627,30.16,4.10,-61,10.00,
2026-09-11T09:32:27,2,1.613,29.00,28.0350,26.9,1.630,30.42,4.10,-61,9.50,
2026-09-11T09:32:28,2,1.632,30.55,28.0390,26.9,1.632,30.55,4.10,-61,9.50,
2026-09-11T09:32:29,2,1.607,28.55,28.0330,26.9,1.625,30.03,4.11,-61,9.75,
2026-09-11T09:32:30,2,1.611,28.87,28.0330,26.9,1.631,30.48,4.10,-61,9.75,
2026-09-11T09:32:32,2,1.629,30.29,28.0230,26.9,1.629,30.36,4.09,-61,9.75,
2026-09-11T09:32:33,2,1.612,28.94,28.0250,26.9,1.627,30.16,4.09,-61,9.25,
2026-09-11T09:32:34,2,1.638,31.00,28.0260,26.9,1.632,30.55,4.08,-61,9.50,
2026-09-11T09:32:35,2,1.629,30.29,28.0320,26.9,1.626,30.10,4.10,-61,9.50,
2026-09-11T09:32:36,2,1.609,28.74,28.0300,26.9,1.629,30.29,4.10,-61,9.75,
2026-09-11T09:32:37,2,1.630,30.42,28.0330,26.9,1.629,30.36,4.10,-61,9.50,
2026-09-11T09:32:38,2,1.609,28.74,28.0310,26.9,1.625,30.03,4.11,-61,9.75,
2026-09-11T09:32:39,2,1.610,28.81,28.0210,26.9,1.630,30.42,4.09,-61,9.50,
2026-09-11T09:32:40,2,1.629,30.36,28.0180,26.9,1.628,30.23,4.10,-61,9.50,
2026-09-11T09:32:41,2,1.613,29.00,28.0180,26.9,1.631,30.48,4.10,-61,9.50,
2026-09-11T09:32:43,2,1.642,31.39,28.0270,26.9,1.632,30.55,4.08,-61,9.75,
2026-09-11T09:32:44,2,1.626,30.10,28.0320,26.9,1.630,30.42,4.10,-61,9.50,
2026-09-11T09:32:45,2,1.610,28.81,28.0410,26.9,1.629,30.29,4.10,-61,9.50,
2026-09-11T09:32:46,2,1.631,30.48,28.0000,2.0,1.632,30.55,0.00,-60,2.75,
2026-09-11T09:32:47,2,1.608,28.68,28.0310,26.9,1.627,30.16,4.11,-60,10.00,
2026-09-11T09:32:48,2,1.609,28.74,28.0320,26.9,1.630,30.42,4.10,-61,9.75,
2026-09-11T09:32:49,2,1.629,30.29,28.0350,26.9,1.629,30.29,4.10,-60,9.50,
2026-09-11T09:32:50,2,1.611,28.87,28.0320,26.9,1.631,30.48,4.09,-60,9.50,
2026-09-11T09:32:51,2,1.636,30.87,28.0290,26.9,1.633,30.68,4.08,-60,9.75,
2026-09-11T09:32:52,2,1.629,30.29,28.0350,26.9,1.632,30.55,4.10,-60,9.50,
2026-09-11T09:32:53,2,1.612,28.94,28.0420,26.9,1.629,30.36,4.10,-61,9.50,
2026-09-11T09:32:55,2,1.630,30.42,28.0400,26.9,1.629,30.36,4.10,-60,9.25,
2026-09-11T09:32:56,2,1.609,28.74,28.0410,26.9,1.627,30.16,4.11,-60,9.50,
2026-09-11T09:33:01,2,1.627,30.16,28.0400,26.9,1.629,30.29,4.10,-55,6.75,
2026-09-11T09:33:02,2,1.613,29.00,28.0400,26.9,1.629,30.36,4.10,-55,7.00,
2026-09-11T09:33:03,2,1.633,30.61,28.0310,26.9,1.630,30.42,4.10,-55,7.00,
2026-09-11T09:33:04,2,1.608,28.62,28.0190,26.9,1.625,29.97,4.11,-60,10.00,
2026-09-11T09:33:05,2,1.612,28.94,28.0210,26.9,1.630,30.42,4.10,-61,9.75,
2026-09-11T09:33:07,2,1.629,30.36,28.0210,26.9,1.629,30.29,4.09,-61,9.25,
2026-09-11T09:33:08,2,1.611,28.87,28.0170,26.9,1.629,30.29,4.09,-60,9.50,
2026-09-11T09:33:09,2,1.637,30.94,28.0120,26.9,1.632,30.55,4.08,-61,9.75,
2026-09-11T09:33:10,2,1.628,30.23,28.0120,26.9,1.629,30.36,4.10,-61,9.75,
2026-09-11T09:33:11,2,1.610,28.81,28.0150,26.9,1.628,30.23,4.10,-62,9.75,
2026-09-11T09:33:12,2,1.644,31.52,28.0090,26.9,1.628,30.23,4.09,-63,9.75,
2026-09-11T09:33:13,2,1.606,28.49,28.0000,26.9,1.628,30.23,4.11,-61,9.75,
2026-09-11T09:33:14,2,1.610,28.81,27.9920,26.9,1.630,30.42,4.10,-61,9.50,
2026-09-11T09:33:15,2,1.629,30.36,27.9850,26.9,1.629,30.29,4.10,-62,9.25,
2026-09-11T09:33:16,2,1.611,28.87,27.9800,26.9,1.630,30.42,4.09,-62,9.50,
2026-09-11T09:33:18,2,1.637,30.94,27.9860,26.9,1.633,30.61,4.08,-61,10.00,
2026-09-11T09:33:19,2,1.627,30.16,27.9880,26.9,1.629,30.36,4.09,-62,10.25,
2026-09-11T09:33:20,2,1.611,28.87,27.9860,26.9,1.629,30.36,4.09,-62,9.75,
2026-09-11T09:33:21,2,1.629,30.36,27.9760,26.9,1.629,30.29,4.08,-61,9.75,
2026-09-11T09:33:22,2,1.609,28.74,27.9740,26.9,1.626,30.10,4.11,-61,10.25,
2026-09-11T09:33:23,2,1.612,28.94,27.9790,26.9,1.624,29.90,4.10,-62,9.75,
2026-09-11T09:33:24,2,1.629,30.36,27.9830,26.9,1.629,30.29,4.09,-62,9.50,
2026-09-11T09:33:25,2,1.608,28.68,27.9880,26.9,1.625,29.97,4.11,-62,10.00,
2026-09-11T09:33:26,2,1.638,31.00,27.9880,26.9,1.632,30.55,4.08,-63,10.00,
2026-09-11T09:33:27,2,1.637,30.94,27.9870,26.9,1.629,30.36,4.09,-62,9.50,
2026-09-11T09:33:28,2,1.609,28.74,27.9840,26.9,1.630,30.42,4.10,-63,10.00,
2026-09-11T09:33:30,2,1.634,30.74,27.9920,26.9,1.636,30.87,4.08,-63,10.00,
2026-09-11T09:33:31,2,1.608,28.62,27.9930,26.9,1.625,30.03,4.09,-63,9.50,
2026-09-11T09:33:32,2,1.611,28.87,28.0000,26.9,1.630,30.42,4.10,-63,9.75,
2026-09-11T09:33:33,2,1.629,30.36,27.9980,26.9,1.629,30.36,4.09,-63,10.00,
2026-09-11T09:33:34,2,1.598,27.84,28.0100,26.9,1.625,29.97,4.11,-62,10.00,
2026-09-11T09:33:35,2,1.636,30.87,28.0160,26.9,1.632,30.55,4.08,-62,9.75,
2026-09-11T09:33:36,2,1.629,30.29,28.0170,26.9,1.627,30.16,4.09,-62,9.75,
2026-09-11T09:33:37,2,1.611,28.87,28.0150,26.9,1.629,30.36,4.09,-62,9.75,
2026-09-11T09:33:38,2,1.635,30.81,28.0180,26.9,1.630,30.42,4.08,-62,9.75,
2026-09-11T09:33:39,2,1.611,28.87,28.0100,26.9,1.625,30.03,4.11,-62,9.50,
2026-09-11T09:33:40,2,1.622,29.78,28.0170,26.9,1.630,30.42,4.10,-62,10.25,
2026-09-11T09:33:46,2,1.611,28.87,27.9980,26.9,1.629,30.29,4.09,-56,2.50,
2026-09-11T09:33:47,2,1.633,30.61,27.9990,26.9,1.633,30.61,4.08,-56,7.75,
2026-09-11T09:33:48,2,1.606,28.49,28.0030,26.9,1.625,29.97,4.11,-56,6.25,
2026-09-11T09:33:49,2,1.608,28.68,27.9880,26.9,1.629,30.36,4.10,-62,9.75,
2026-09-11T09:33:50,2,1.629,30.36,27.9920,26.9,1.632,30.55,4.09,-62,9.50,
2026-09-11T09:33:51,2,1.607,28.55,27.9880,26.9,1.625,30.03,4.11,-63,10.00,
2026-09-11T09:33:52,2,1.633,30.68,27.9820,26.9,1.633,30.61,4.08,-61,9.75,
2026-09-11T09:33:54,2,1.628,30.23,27.9760,26.9,1.627,30.16,4.10,-63,10.00,
2026-09-11T09:33:55,2,1.612,28.94,27.9670,26.9,1.629,30.29,4.10,-62,10.00,
2026-09-11T09:33:56,2,1.633,30.68,27.9700,26.9,1.631,30.48,4.08,-62,9.50,
2026-09-11T09:33:57,2,1.605,28.42,27.9660,26.9,1.624,29.90,4.11,-63,10.00,
2026-09-11T09:33:58,2,1.611,28.87,27.9700,26.9,1.631,30.48,4.10,-63,9.25,
2026-09-11T09:33:59,2,1.628,30.23,27.9740,26.9,1.628,30.23,4.09,-63,9.50,
2026-09-11T09:34:00,2,1.608,28.62,27.9670,26.9,1.625,29.97,4.10,-63,9.75,
2026-09-11T09:34:01,2,1.631,30.48,27.9720,26.9,1.633,30.61,4.08,-63,9.50,
2026-09-11T09:34:02,2,1.629,30.36,27.9760,26.9,1.628,30.23,4.09,-62,9.50,
2026-09-11T09:34:03,2,1.611,28.87,27.9680,26.9,1.632,30.55,4.09,-63,9.75,
2026-09-11T09:34:05,2,1.633,30.68,27.9810,26.9,1.636,30.87,4.08,-63,10.00,
2026-09-11T09:34:06,2,1.608,28.68,27.9830,26.9,1.625,30.03,4.11,-63,10.00,
2026-09-11T09:34:07,2,1.605,28.42,27.9870,26.9,1.629,30.29,4.09,-63,9.25,
2026-09-11T09:34:08,2,1.638,31.00,27.9860,26.9,1.630,30.42,4.10,-63,9.75,
2026-09-11T09:34:09,2,1.607,28.55,27.9920,26.9,1.625,30.03,4.11,-63,10.00,
2026-09-11T09:34:10,2,1.638,31.07,27.9870,26.9,1.633,30.68,4.08,-63,9.75,
2026-09-11T09:34:11,2,1.627,30.16,27.9880,26.9,1.628,30.23,4.10,-63,9.75,
2026-09-11T09:34:12,2,1.611,28.87,27.9900,26.9,1.632,30.55,4.09,-63,9.50,
2026-09-11T09:34:13,2,1.632,30.55,27.9880,26.9,1.633,30.68,4.08,-63,9.75,
2026-09-11T09:34:14,2,1.605,28.42,27.9830,26.9,1.625,30.03,4.11,-63,10.00,
2026-09-11T09:34:15,2,1.609,28.74,27.9930,26.9,1.629,30.36,4.09,-63,9.25,
2026-09-11T09:34:17,2,1.629,30.36,27.9840,26.9,1.629,30.29,4.08,-62,10.00,
2026-09-11T09:34:18,2,1.608,28.68,27.9770,26.9,1.627,30.16,4.11,-63,10.25,
2026-09-11T09:34:19,2,1.633,30.61,27.9840,26.9,1.632,30.55,4.08,-63,9.75,
2026-09-11T09:34:20,2,1.628,30.23,27.9830,26.9,1.628,30.23,4.10,-63,9.75,
2026-09-11T09:34:21,2,1.608,28.62,27.9840,26.9,1.626,30.10,4.11,-63,10.50,
2026-09-11T09:34:22,2,1.627,30.16,27.9780,26.9,1.632,30.55,4.08,-63,9.75,
2026-09-11T09:34:23,2,1.608,28.62,27.9800,26.9,1.625,29.97,4.11,-63,9.75,
2026-09-11T09:34:24,2,1.608,28.68,27.9690,26.9,1.631,30.48,4.10,-61,10.00,
2026-09-11T09:34:25,2,1.633,30.68,27.9690,26.9,1.632,30.55,4.08,-59,9.25,
2026-09-11T09:34:31,2,1.632,30.55,27.9600,26.9,1.631,30.48,4.08,-54,6.00,
2026-09-11T09:34:32,2,1.607,28.55,27.9610,26.9,1.624,29.90,4.11,-54,5.75,
2026-09-11T09:34:33,2,1.610,28.81,27.9650,26.9,1.631,30.48,4.10,-54,7.00,
2026-09-11T09:34:34,2,1.634,30.74,27.9670,26.9,1.634,30.74,4.08,-59,10.00,
2026-09-11T09:34:35,2,1.606,28.49,27.9680,26.9,1.625,30.03,4.11,-60,10.50,
2026-09-11T09:34:36,2,1.626,30.10,27.9730,26.9,1.629,30.29,4.10,-60,9.75,
2026-09-11T09:34:37,2,1.629,30.29,27.9760,26.9,1.629,30.36,4.10,-60,9.50,
2026-09-11T09:34:38,2,1.607,28.55,27.9730,26.9,1.627,30.16,4.10,-59,9.50,
2026-09-11T09:34:39,2,1.636,30.87,27.9580,26.9,1.635,30.81,4.08,-60,9.75,
2026-09-11T09:34:41,2,1.612,28.94,27.9600,26.9,1.626,30.10,4.09,-59,9.25,
2026-09-11T09:34:42,2,1.613,29.00,27.9590,26.9,1.629,30.36,4.09,-59,9.25,
2026-09-11T09:34:43,2,1.633,30.68,27.9560,26.9,1.630,30.42,4.08,-60,9.50,
2026-09-11T09:34:44,2,1.607,28.55,27.9620,26.9,1.626,30.10,4.11,-58,10.00,
2026-09-11T09:34:45,2,1.610,28.81,27.9640,26.9,1.630,30.42,4.10,-59,9.25,
2026-09-11T09:34:46,2,1.628,30.23,27.9540,26.9,1.628,30.23,4.09,-58,9.00,
2026-09-11T09:34:47,2,1.608,28.62,27.9520,26.9,1.626,30.10,4.10,-57,9.25,
2026-09-11T09:34:48,2,1.633,30.68,27.9610,26.9,1.633,30.61,4.08,-59,9.50,
2026-09-11T09:34:49,2,1.629,30.29,27.9650,26.9,1.629,30.29,4.09,-59,9.00,
2026-09-11T09:34:50,2,1.610,28.81,27.9730,26.9,1.630,30.42,4.09,-59,8.75,
2026-09-11T09:34:52,2,1.631,30.48,27.9760,26.9,1.629,30.36,4.08,-59,9.25,
2026-09-11T09:34:53,2,1.609,28.74,27.9610,26.9,1.625,30.03,4.11,-58,9.50,
2026-09-11T09:34:54,2,1.611,28.87,27.9610,26.9,1.629,30.29,4.09,-59,9.50,
2026-09-11T09:34:55,2,1.629,30.29,27.9680,26.9,1.629,30.36,4.10,-59,8.75,
2026-09-11T09:34:56,2,1.608,28.62,27.9580,26.9,1.625,29.97,4.11,-59,9.50,
2026-09-11T09:34:57,2,1.632,30.55,27.9560,26.9,1.633,30.61,4.08,-59,9.75,
2026-09-11T09:34:58,2,1.627,30.16,27.9560,26.9,1.629,30.36,4.10,-59,9.50,
2026-09-11T09:34:59,2,1.613,29.07,27.9520,26.9,1.629,30.36,4.09,-59,9.25,
2026-09-11T09:35:00,2,1.632,30.55,27.9590,26.9,1.633,30.61,4.08,-59,9.25,
2026-09-11T09:35:01,2,1.610,28.81,27.9600,26.9,1.623,29.84,4.11,-59,9.75,
2026-09-11T09:35:02,2,1.610,28.81,27.9620,26.9,1.628,30.23,4.09,-59,9.00,
2026-09-11T09:35:04,2,1.629,30.29,27.9690,26.9,1.629,30.29,4.09,-58,9.25,
2026-09-11T09:35:05,2,1.608,28.62,27.9700,26.9,1.625,29.97,4.11,-59,9.50,
2026-09-11T09:35:06,2,1.636,30.87,27.9780,26.9,1.633,30.61,4.08,-59,9.50,
2026-09-11T09:35:07,2,1.629,30.29,27.9780,26.9,1.627,30.16,4.09,-58,8.75,
2026-09-11T09:35:08,2,1.609,28.74,27.9680,26.9,1.632,30.55,4.10,-59,9.50,
2026-09-11T09:35:09,2,1.635,30.81,27.9620,26.9,1.631,30.48,4.08,-59,9.50,
2026-09-11T09:35:10,2,1.607,28.55,27.9540,26.9,1.627,30.16,4.11,-59,9.50,
2026-09-11T09:35:14,2,1.633,30.68,27.9440,26.9,1.629,30.36,4.08,-54,6.25,
2026-09-11T09:35:16,2,1.626,30.10,27.9320,26.9,1.631,30.48,4.10,-54,6.00,
2026-09-11T09:35:17,2,1.603,28.23,27.9280,26.9,1.630,30.42,4.11,-54,6.25,
2026-09-11T09:35:18,2,1.633,30.68,27.9340,26.9,1.632,30.55,4.08,-54,8.25,
2026-09-11T09:35:19,2,1.606,28.49,27.9360,26.9,1.624,29.90,4.11,-59,9.50,
2026-09-11T09:35:20,2,1.608,28.68,27.9300,26.9,1.629,30.29,4.10,-59,9.50,
2026-09-11T09:35:21,2,1.633,30.61,27.9350,26.9,1.631,30.48,4.08,-60,10.00,
2026-09-11T09:35:22,2,1.607,28.55,27.9370,26.9,1.626,30.10,4.11,-60,9.75,
2026-09-11T09:35:23,2,1.637,30.94,27.9410,26.9,1.629,30.36,4.08,-60,9.50,
2026-09-11T09:35:24,2,1.628,30.23,27.9380,26.9,1.628,30.23,4.10,-59,9.75,
2026-09-11T09:35:25,2,1.608,28.62,27.9380,26.9,1.632,30.55,4.11,-59,9.75,
2026-09-11T09:35:27,2,1.632,30.55,27.9360,26.9,1.632,30.55,4.08,-60,9.50,
2026-09-11T09:35:28,2,1.608,28.62,27.9390,26.9,1.625,29.97,4.11,-60,9.75,
2026-09-11T09:35:29,2,1.611,28.87,27.9390,26.9,1.629,30.29,4.09,-60,9.25,
2026-09-11T09:35:30,2,1.630,30.42,27.9370,26.9,1.629,30.36,4.09,-59,9.50,
2026-09-11T09:35:31,2,1.608,28.62,27.9450,26.9,1.626,30.10,4.11,-60,10.00,
2026-09-11T09:35:32,2,1.633,30.68,27.9440,26.9,1.632,30.55,4.08,-60,9.75,
2026-09-11T09:35:33,2,1.623,29.84,27.9410,26.9,1.626,30.10,4.09,-60,9.00,
2026-09-11T09:35:34,2,1.607,28.55,27.9430,26.9,1.625,30.03,4.11,-60,9.50,
2026-09-11T09:35:35,2,1.632,30.55,27.9410,26.9,1.633,30.68,4.08,-59,9.75,
2026-09-11T09:35:36,2,1.607,28.55,27.9470,26.9,1.626,30.10,4.11,-59,9.25,
2026-09-11T09:35:37,2,1.609,28.74,27.9480,26.9,1.630,30.42,4.09,-58,9.25,
2026-09-11T09:35:39,2,1.631,30.48,27.9400,26.9,1.633,30.68,4.08,-59,9.50,
2026-09-11T09:35:40,2,1.605,28.42,27.9490,26.9,1.626,30.10,4.11,-59,10.00,
2026-09-11T09:35:41,2,1.638,31.00,27.9410,26.9,1.632,30.55,4.08,-59,9.50,
2026-09-11T09:35:42,2,1.627,30.16,27.9350,26.9,1.627,30.16,4.09,-58,9.25,
2026-09-11T09:35:43,2,1.607,28.55,27.9310,26.9,1.626,30.10,4.11,-59,9.50,
2026-09-11T09:35:44,2,1.633,30.68,27.9220,26.9,1.631,30.48,4.08,-59,9.25,
2026-09-11T09:35:45,2,1.608,28.62,27.9240,26.9,1.625,30.03,4.11,-59,10.25,
2026-09-11T09:35:46,2,1.610,28.81,27.9240,26.9,1.629,30.36,4.09,-59,9.00,
2026-09-11T09:35:47,2,1.633,30.61,27.9200,26.9,1.633,30.61,4.08,-60,9.75,
2026-09-11T09:35:48,2,1.608,28.62,27.9190,26.9,1.625,29.97,4.11,-60,10.00,
2026-09-11T09:35:49,2,1.638,31.00,27.9220,26.9,1.632,30.55,4.07,-60,10.00,
2026-09-11T09:35:51,2,1.627,30.16,27.9100,26.9,1.628,30.23,4.09,-60,9.50,
2026-09-11T09:35:52,2,1.607,28.55,27.9190,26.9,1.624,29.90,4.11,-61,10.00,
2026-09-11T09:35:53,2,1.633,30.68,27.9250,26.9,1.629,30.36,4.08,-60,9.75,
2026-09-11T09:35:54,2,1.600,28.04,27.9210,26.9,1.622,29.78,4.11,-59,10.50,
2026-09-11T09:35:59,2,1.626,30.10,27.9250,26.9,1.627,30.16,4.09,-54,6.50,
2026-09-11T09:36:00,2,1.605,28.42,27.9170,26.9,1.624,29.90,4.11,-54,6.50,
2026-09-11T09:36:01,2,1.633,30.61,27.9150,26.9,1.632,30.55,4.08,-54,6.75,
2026-09-11T09:36:03,2,1.605,28.42,27.9170,26.9,1.625,29.97,4.11,-59,9.75,
2026-09-11T09:36:04,2,1.609,28.74,27.9200,26.9,1.632,30.55,4.09,-58,9.25,
2026-09-11T09:36:05,2,1.631,30.48,27.9180,26.9,1.632,30.55,4.08,-59,9.25,
2026-09-11T09:36:06,2,1.607,28.55,27.9230,26.9,1.623,29.84,4.11,-58,9.50,
2026-09-11T09:36:07,2,1.638,31.07,27.9180,26.9,1.630,30.42,4.08,-58,9.50,
2026-09-11T09:36:08,2,1.625,30.03,27.9160,26.9,1.626,30.10,4.09,-59,9.25,
2026-09-11T09:36:09,2,1.607,28.55,27.9110,26.9,1.625,30.03,4.11,-59,9.75,
2026-09-11T09:36:10,2,1.632,30.55,27.9090,26.9,1.631,30.48,4.08,-59,9.50,
2026-09-11T09:36:11,2,1.604,28.29,27.9040,26.9,1.626,30.10,4.11,-59,9.75,
2026-09-11T09:36:12,2,1.609,28.74,27.9000,26.9,1.628,30.23,4.09,-59,9.50,
2026-09-11T09:36:14,2,1.628,30.23,27.8920,26.9,1.631,30.48,4.08,-59,9.50,
2026-09-11T09:36:15,2,1.605,28.42,27.8940,26.9,1.626,30.10,4.10,-58,9.50,
2026-09-11T09:36:16,2,1.637,30.94,27.8940,26.9,1.631,30.48,4.07,-59,10.00,
2026-09-11T09:36:17,2,1.629,30.29,27.8920,26.9,1.626,30.10,4.09,-60,9.50,
2026-09-11T09:36:18,2,1.607,28.55,27.8920,26.9,1.625,30.03,4.10,-59,9.50,
2026-09-11T09:36:19,2,1.633,30.61,27.8850,26.9,1.632,30.55,4.08,-59,9.25,
2026-09-11T09:36:20,2,1.607,28.55,27.8820,26.9,1.626,30.10,4.11,-59,9.75,
2026-09-11T09:36:21,2,1.607,28.55,27.8890,26.9,1.629,30.36,4.11,-59,10.00,
2026-09-11T09:36:22,2,1.629,30.36,27.8950,26.9,1.643,31.45,4.08,-58,9.25,
2026-09-11T09:36:23,2,1.607,28.55,27.8880,26.9,1.626,30.10,4.11,-59,10.50,
2026-09-11T09:36:24,2,1.635,30.81,27.8890,26.9,1.636,30.87,4.08,-58,9.50,
2026-09-11T09:36:26,2,1.629,30.36,27.8860,26.9,1.625,30.03,4.08,-59,9.75,
2026-09-11T09:36:27,2,1.607,28.55,27.8960,26.9,1.625,29.97,4.11,-59,9.75,
2026-09-11T09:36:28,2,1.633,30.68,27.9010,26.9,1.630,30.42,4.07,-59,10.00,
2026-09-11T09:36:29,2,1.607,28.55,27.9040,26.9,1.629,30.29,4.11,-59,10.25,
2026-09-11T09:36:30,2,1.607,28.55,27.9140,26.9,1.623,29.84,4.11,-59,10.25,
2026-09-11T09:36:31,2,1.631,30.48,27.9180,26.9,1.630,30.42,4.08,-58,9.25,
2026-09-11T09:36:32,2,1.608,28.68,27.9230,26.9,1.626,30.10,4.11,-59,10.00,
2026-09-11T09:36:33,2,1.633,30.68,27.9280,26.9,1.631,30.48,4.09,-58,9.50,
2026-09-11T09:36:34,2,1.628,30.23,27.9280,26.9,1.631,30.48,4.08,-59,9.50,
2026-09-11T09:36:35,2,1.606,28.49,27.9300,26.9,1.625,30.03,4.11,-59,10.25,
2026-09-11T09:36:36,2,1.632,30.55,27.9260,26.9,1.631,30.48,4.08,-59,10.00,
2026-09-11T09:36:38,2,1.608,28.62,27.9240,26.9,1.625,29.97,4.11,-60,10.00,
2026-09-11T09:36:39,2,1.606,28.49,27.9310,26.9,1.625,29.97,4.11,-60,9.75,
2026-09-11T09:36:44,2,1.607,28.55,27.9400,26.9,1.625,29.97,4.11,-56,7.75,
2026-09-11T09:36:45,2,1.636,30.87,27.9330,26.9,1.631,30.48,4.08,-55,8.25,
2026-09-11T09:36:46,2,1.626,30.10,27.9250,26.9,1.628,30.23,4.10,-56,8.25,
2026-09-11T09:36:47,2,1.606,28.49,27.9160,26.9,1.626,30.10,4.11,-60,10.25,
2026-09-11T09:36:48,2,1.632,30.55,27.9060,26.9,1.631,30.48,4.08,-60,9.75,
2026-09-11T09:36:50,2,1.605,28.42,27.8970,26.9,1.623,29.84,4.11,-60,9.75,
2026-09-11T09:36:51,2,1.611,28.87,27.8990,26.9,1.629,30.29,4.09,-60,9.50,
2026-09-11T09:36:52,2,1.629,30.36,27.8950,26.9,1.633,30.68,4.08,-60,10.00,
2026-09-11T09:36:53,2,1.607,28.55,27.9010,26.9,1.626,30.10,4.11,-60,9.75,
2026-09-11T09:36:54,2,1.633,30.68,27.9010,26.9,1.636,30.87,4.08,-60,9.75,
2026-09-11T09:36:55,2,1.628,30.23,27.8970,26.9,1.628,30.23,4.09,-59,9.75,
2026-09-11T09:36:56,2,1.606,28.49,27.9000,26.9,1.625,30.03,4.11,-60,9.75,
2026-09-11T09:36:57,2,1.631,30.48,27.9040,26.9,1.630,30.42,4.08,-60,9.75,
2026-09-11T09:36:58,2,1.607,28.55,27.8990,26.9,1.625,29.97,4.10,-60,9.50,
2026-09-11T09:36:59,2,1.610,28.81,27.8920,26.9,1.629,30.29,4.09,-60,9.25,
2026-09-11T09:37:01,2,1.629,30.36,27.8890,26.9,1.629,30.36,4.08,-59,9.25,
2026-09-11T09:37:02,2,1.606,28.49,27.8860,26.9,1.625,30.03,4.11,-59,9.50,
2026-09-11T09:37:03,2,1.633,30.61,27.8880,26.9,1.631,30.48,4.08,-60,9.75,
2026-09-11T09:37:04,2,1.627,30.16,27.8810,26.9,1.626,30.10,4.10,-60,9.50,
2026-09-11T09:37:05,2,1.600,27.97,27.8850,26.9,1.625,29.97,4.11,-60,9.75,
2026-09-11T09:37:06,2,1.631,30.48,27.8960,26.9,1.633,30.68,4.08,-60,9.75,
2026-09-11T09:37:07,2,1.607,28.55,27.9020,26.9,1.625,29.97,4.11,-60,9.75,
2026-09-11T09:37:08,2,1.610,28.81,27.8990,26.9,1.632,30.55,4.09,-59,9.50,
2026-09-11T09:37:09,2,1.631,30.48,27.9000,26.9,1.632,30.55,4.08,-59,9.50,
2026-09-11T09:37:10,2,1.607,28.55,27.9020,26.9,1.625,30.03,4.11,-60,9.75,
2026-09-11T09:37:11,2,1.633,30.68,27.9050,26.9,1.633,30.68,4.08,-60,9.75,
2026-09-11T09:37:13,2,1.628,30.23,27.9070,26.9,1.629,30.36,4.10,-59,9.50,
2026-09-11T09:37:14,2,1.604,28.36,27.9010,26.9,1.625,29.97,4.11,-60,10.00,
2026-09-11T09:37:15,2,1.633,30.61,27.9030,26.9,1.631,30.48,4.08,-60,9.75,
2026-09-11T09:37:16,2,1.606,28.49,27.8980,26.9,1.625,29.97,4.11,-57,11.00,
2026-09-11T09:37:17,2,1.608,28.68,27.8970,26.9,1.630,30.42,4.09,-59,9.25,
2026-09-11T09:37:18,2,1.629,30.29,27.8970,26.9,1.630,30.42,4.08,-60,9.50,
2026-09-11T09:37:19,2,1.604,28.36,27.9020,26.9,1.625,29.97,4.11,-62,9.75,
2026-09-11T09:37:20,2,1.632,30.55,27.9010,26.9,1.632,30.55,4.08,-60,9.75,
2026-09-11T09:37:21,2,1.628,30.23,27.8980,26.9,1.628,30.23,4.09,-60,9.50,
2026-09-11T09:37:22,2,1.608,28.62,27.8990,26.9,1.626,30.10,4.11,-60,10.00,
2026-09-11T09:37:23,2,1.632,30.55,27.8840,26.9,1.632,30.55,4.08,-60,9.75,
2026-09-11T09:37:29,2,1.637,30.94,27.8840,26.9,1.630,30.42,4.07,-58,7.50,
2026-09-11T09:37:30,2,1.631,30.48,27.8790,26.9,1.631,30.48,4.08,-58,7.25,
2026-09-11T09:37:31,2,1.608,28.62,27.8820,26.9,1.621,29.71,4.11,-58,7.75,
2026-09-11T09:37:32,2,1.629,30.36,27.8800,26.9,1.633,30.61,4.08,-63,10.25,
2026-09-11T09:37:33,2,1.606,28.49,27.8840,26.9,1.624,29.90,4.11,-62,10.00,
2026-09-11T09:37:34,2,1.607,28.55,27.8930,26.9,1.623,29.84,4.11,-63,10.25,
2026-09-11T09:37:36,2,1.630,30.42,27.9020,26.9,1.627,30.16,4.07,-62,10.25,
2026-09-11T09:37:37,2,1.608,28.62,27.9040,26.9,1.625,29.97,4.11,-62,10.25,
2026-09-11T09:37:38,2,1.634,30.74,27.9060,26.9,1.630,30.42,4.07,-62,10.25,
2026-09-11T09:37:39,2,1.630,30.42,27.9050,26.9,1.628,30.23,4.08,-62,10.00,
2026-09-11T09:37:40,2,1.605,28.42,27.9060,26.9,1.625,29.97,4.11,-63,10.25,
2026-09-11T09:37:41,2,1.631,30.48,27.9030,26.9,1.633,30.61,4.08,-63,9.75,
2026-09-11T09:37:42,2,1.606,28.49,27.9080,26.9,1.625,30.03,4.11,-63,10.00,
2026-09-11T09:37:43,2,1.607,28.55,27.9170,26.9,1.624,29.90,4.11,-63,10.00,
2026-09-11T09:37:44,2,1.630,30.42,27.9260,26.9,1.630,30.42,4.08,-63,9.75,
2026-09-11T09:37:45,2,1.607,28.55,27.9260,26.9,1.625,30.03,4.10,-63,9.75,
2026-09-11T09:37:46,2,1.635,30.81,27.9320,26.9,1.631,30.48,4.07,-62,10.00,
2026-09-11T09:37:48,2,1.629,30.29,27.9310,26.9,1.629,30.36,4.08,-62,10.00,
2026-09-11T09:37:49,2,1.605,28.42,27.9250,26.9,1.628,30.23,4.11,-63,10.25,
2026-09-11T09:37:50,2,1.633,30.61,27.9300,26.9,1.632,30.55,4.08,-63,9.50,
2026-09-11T09:37:51,2,1.619,29.52,27.9300,26.9,1.628,30.23,4.11,-63,9.75,
2026-09-11T09:37:52,2,1.607,28.55,27.9250,26.9,1.625,30.03,4.11,-62,10.00,
2026-09-11T09:37:53,2,1.630,30.42,27.9190,26.9,1.629,30.36,4.08,-63,10.00,
2026-09-11T09:37:54,2,1.608,28.62,27.9120,26.9,1.613,29.07,4.11,-64,10.00,
2026-09-11T09:37:55,2,1.636,30.87,27.9130,26.9,1.630,30.42,4.07,-63,10.50,
2026-09-11T09:37:56,2,1.630,30.42,27.9120,26.9,1.629,30.36,4.08,-63,10.00,
2026-09-11T09:37:57,2,1.609,28.74,27.9000,26.9,1.625,29.97,4.11,-63,8.25,
2026-09-11T09:37:58,2,1.630,30.42,27.9030,26.9,1.633,30.61,4.08,-60,9.50,
2026-09-11T09:38:00,2,1.605,28.42,27.8980,26.9,1.625,29.97,4.11,-65,9.75,
2026-09-11T09:38:01,2,1.608,28.62,27.9020,26.9,1.625,29.97,4.10,-62,9.75,
2026-09-11T09:38:02,2,1.630,30.42,27.8990,26.9,1.633,30.61,4.08,-61,9.75,
2026-09-11T09:38:03,2,1.597,27.78,27.8970,26.9,1.625,30.03,4.11,-61,10.25,
2026-09-11T09:38:04,2,1.644,31.52,27.8930,26.9,1.630,30.42,4.07,-60,9.75,
2026-09-11T09:38:05,2,1.630,30.42,27.8970,26.9,1.629,30.36,4.08,-60,9.75,
2026-09-11T09:38:06,2,1.608,28.62,27.8950,26.9,1.625,29.97,4.11,-61,10.00,
2026-09-11T09:38:07,2,1.633,30.68,27.9010,26.9,1.630,30.42,4.08,-61,10.00,
2026-09-11T09:38:08,2,1.604,28.36,27.9010,26.9,1.623,29.84,4.11,-62,10.00,
2026-09-11T09:38:13,2,1.635,30.81,27.9000,26.9,1.633,30.68,4.07,-58,9.00,
2026-09-11T09:38:14,2,1.630,30.42,27.9040,26.9,1.631,30.48,4.08,-58,9.25,
2026-09-11T09:38:15,2,1.605,28.42,27.9020,26.9,1.623,29.84,4.11,-57,8.50,
2026-09-11T09:38:16,2,1.631,30.48,27.8990,26.9,1.632,30.55,4.08,-57,9.50,
2026-09-11T09:38:17,2,1.609,28.74,27.9110,26.9,1.626,30.10,4.11,-61,10.00,
2026-09-11T09:38:18,2,1.606,28.49,27.9150,26.9,1.626,30.10,4.11,-60,10.25,
2026-09-11T09:38:19,2,1.632,30.55,27.9130,26.9,1.630,30.42,4.08,-60,9.75,
2026-09-11T09:38:20,2,1.608,28.62,27.9120,26.9,1.628,30.23,4.11,-60,10.00,
2026-09-11T09:38:21,2,1.635,30.81,27.9100,26.9,1.632,30.55,4.09,-60,9.25,
2026-09-11T09:38:23,2,1.638,31.00,27.9110,26.9,1.629,30.29,4.08,-61,9.75,
2026-09-11T09:38:24,2,1.605,28.42,27.9150,26.9,1.624,29.90,4.11,-58,10.25,
2026-09-11T09:38:25,2,1.629,30.36,27.9120,26.9,1.629,30.29,4.08,-60,9.75,
2026-09-11T09:38:26,2,1.607,28.55,27.9080,26.9,1.625,29.97,4.09,-60,9.50,
2026-09-11T09:38:27,2,1.606,28.49,27.8990,26.9,1.625,29.97,4.11,-60,10.00,
2026-09-11T09:38:28,2,1.629,30.29,27.9020,26.9,1.631,30.48,4.08,-59,9.75,
2026-09-11T09:38:29,2,1.608,28.68,27.9030,26.9,1.625,30.03,4.11,-58,9.75,
2026-09-11T09:38:30,2,1.634,30.74,27.9080,26.9,1.630,30.42,4.09,-59,9.50,
2026-09-11T09:38:31,2,1.629,30.36,27.9140,26.9,1.631,30.48,4.08,-59,9.75,
2026-09-11T09:38:32,2,1.606,28.49,27.9070,26.9,1.626,30.10,4.11,-60,9.75,
2026-09-11T09:38:33,2,1.632,30.55,27.8990,26.9,1.630,30.42,4.08,-59,10.00,
2026-09-11T09:38:35,2,1.610,28.81,27.8980,26.9,1.627,30.16,4.10,-60,9.50,
2026-09-11T09:38:36,2,1.607,28.55,27.9000,26.9,1.626,30.10,4.11,-60,10.00,
2026-09-11T09:38:37,2,1.629,30.29,27.8980,26.9,1.630,30.42,4.08,-59,10.00,
2026-09-11T09:38:38,2,1.604,28.36,27.8960,26.9,1.634,30.74,4.11,-60,9.75,
2026-09-11T09:38:39,2,1.630,30.42,27.8870,26.9,1.628,30.23,4.09,-60,9.50,
2026-09-11T09:38:40,2,1.630,30.42,27.8960,26.9,1.629,30.36,4.08,-60,9.50,
2026-09-11T09:38:41,2,1.605,28.42,27.8970,26.9,1.623,29.84,4.11,-60,10.00,
2026-09-11T09:38:42,2,1.631,30.48,27.8920,26.9,1.631,30.48,4.08,-59,9.50,
2026-09-11T09:38:43,2,1.608,28.68,27.8900,26.9,1.628,30.23,4.09,-60,9.50,
2026-09-11T09:38:44,2,1.606,28.49,27.8900,26.9,1.625,29.97,4.11,-59,9.50,
2026-09-11T09:38:45,2,1.627,30.16,27.8910,26.9,1.631,30.48,4.08,-59,9.50,
2026-09-11T09:38:47,2,1.605,28.42,27.8940,26.9,1.624,29.90,4.11,-59,9.50,
2026-09-11T09:38:48,2,1.632,30.55,27.8910,26.9,1.629,30.29,4.09,-60,9.25,
2026-09-11T09:38:49,2,1.630,30.42,27.8910,26.9,1.630,30.42,4.08,-59,10.00,
2026-09-11T09:38:50,2,1.606,28.49,27.8910,26.9,1.622,29.78,4.11,-59,9.75,
2026-09-11T09:38:51,2,1.631,30.48,27.8840,26.9,1.631,30.48,4.08,-59,9.50,
2026-09-11T09:38:52,2,1.608,28.68,27.8920,26.9,1.629,30.29,4.09,-60,9.75,
2026-09-11T09:38:57,2,1.627,30.16,27.8930,26.9,1.632,30.55,4.08,-55,6.00,
2026-09-11T09:38:59,2,1.608,28.68,27.9010,26.9,1.626,30.10,4.11,-54,5.75,
2026-09-11T09:39:00,2,1.633,30.68,27.8970,26.9,1.632,30.55,4.07,-53,7.75,
2026-09-11T09:39:01,2,1.608,28.68,27.9020,26.9,1.627,30.16,4.10,-60,9.75,
2026-09-11T09:39:02,2,1.606,28.49,27.9080,26.9,1.621,29.65,4.10,-60,9.75,
2026-09-11T09:39:03,2,1.629,30.36,27.9030,26.9,1.632,30.55,4.08,-60,9.75,
2026-09-11T09:39:04,2,1.607,28.55,27.8990,26.9,1.622,29.78,4.11,-60,11.50,
2026-09-11T09:39:05,2,1.633,30.61,27.9040,26.9,1.629,30.36,4.09,-60,9.50,
2026-09-11T09:39:06,2,1.629,30.36,27.9030,26.9,1.631,30.48,4.08,-60,9.50,
2026-09-11T09:39:07,2,1.607,28.55,27.8990,26.9,1.625,29.97,4.11,-59,10.25,
2026-09-11T09:39:08,2,1.636,30.87,27.9050,26.9,1.632,30.55,4.07,-59,9.75,
2026-09-11T09:39:10,2,1.608,28.62,27.9070,26.9,1.628,30.23,4.09,-59,9.00,
2026-09-11T09:39:11,2,1.604,28.36,27.9070,26.9,1.624,29.90,4.11,-60,9.75,
2026-09-11T09:39:12,2,1.633,30.61,27.9000,26.9,1.632,30.55,4.07,-59,9.50,
2026-09-11T09:39:13,2,1.608,28.68,27.8980,26.9,1.625,30.03,4.10,-59,9.25,
2026-09-11T09:39:14,2,1.632,30.55,27.9080,26.9,1.628,30.23,4.09,-59,9.50,
2026-09-11T09:39:15,2,1.631,30.48,27.9080,26.9,1.630,30.42,4.08,-60,10.25,
2026-09-11T09:39:16,2,1.608,28.62,27.9020,26.9,1.625,29.97,4.11,-59,9.50,
2026-09-11T09:39:17,2,1.630,30.42,27.9030,26.9,1.633,30.61,4.09,-59,9.00,
2026-09-11T09:39:18,2,1.608,28.62,27.9010,26.9,1.638,31.00,4.09,-59,9.25,
2026-09-11T09:39:19,2,1.604,28.36,27.8980,26.9,1.623,29.84,4.11,-59,9.50,
2026-09-11T09:39:20,2,1.629,30.36,27.8940,26.9,1.630,30.42,4.08,-59,9.75,
2026-09-11T09:39:22,2,1.610,28.81,27.8900,26.9,1.629,30.29,4.09,-59,9.50,
2026-09-11T09:39:23,2,1.632,30.55,27.8960,26.9,1.628,30.23,4.09,-59,9.25,
2026-09-11T09:39:24,2,1.629,30.29,27.8990,26.9,1.623,29.84,4.08,-59,9.25,
2026-09-11T09:39:25,2,1.617,29.39,27.8870,26.9,1.621,29.71,4.11,-59,9.50,
2026-09-11T09:39:26,2,1.629,30.29,27.8900,26.9,1.631,30.48,4.09,-59,9.50,
2026-09-11T09:39:27,2,1.608,28.68,27.8900,26.9,1.628,30.23,4.09,-59,12.00,
2026-09-11T09:39:28,2,1.605,28.42,27.8850,26.9,1.624,29.90,4.11,-59,9.75,
2026-09-11T09:39:29,2,1.627,30.16,27.8800,26.9,1.631,30.48,4.08,-59,12.25,
2026-09-11T09:39:30,2,1.607,28.55,27.8760,26.9,1.627,30.16,4.09,-59,9.50,
2026-09-11T09:39:31,2,1.630,30.42,27.8730,26.9,1.626,30.10,4.09,-59,9.50,
2026-09-11T09:39:32,2,1.628,30.23,27.8780,26.9,1.632,30.55,4.08,-57,12.25,
2026-09-11T09:39:34,2,1.605,28.42,27.8760,26.9,1.625,29.97,4.11,-59,9.75,
2026-09-11T09:39:35,2,1.629,30.29,27.8750,26.9,1.629,30.29,4.09,-58,9.00,
2026-09-11T09:39:36,2,1.609,28.74,27.8740,26.9,1.626,30.10,4.09,-59,9.50,
2026-09-11T09:39:37,2,1.604,28.36,27.8670,26.9,1.624,29.90,4.10,-60,9.25,
2026-09-11T09:39:42,2,1.607,28.55,27.8780,26.9,1.624,29.90,4.10,-53,5.25,
2026-09-11T09:39:43,2,1.629,30.36,27.8720,26.9,1.629,30.29,4.09,-55,6.75,
2026-09-11T09:39:44,2,1.608,28.68,27.8710,26.9,1.629,30.29,4.09,-56,7.25,
2026-09-11T09:39:46,2,1.607,28.55,27.8740,26.9,1.625,30.03,4.11,-60,9.75,
2026-09-11T09:39:47,2,1.628,30.23,27.8810,26.9,1.631,30.48,4.08,-58,9.50,
2026-09-11T09:39:48,2,1.612,28.94,27.8860,26.9,1.629,30.29,4.10,-60,9.50,
2026-09-11T09:39:49,2,1.632,30.55,27.8880,26.9,1.628,30.23,4.09,-60,9.50,
2026-09-11T09:39:50,2,1.630,30.42,27.8850,26.9,1.629,30.29,4.08,-59,9.50,
2026-09-11T09:39:51,2,1.605,28.42,27.8850,26.9,1.625,29.97,4.11,-61,9.75,
2026-09-11T09:39:53,2,1.608,28.62,27.8740,26.9,1.629,30.36,4.09,-60,9.25,
2026-09-11T09:39:54,2,1.608,28.62,27.8750,26.9,1.623,29.84,4.11,-59,10.00,
2026-09-11T09:39:55,2,1.629,30.29,27.8820,26.9,1.632,30.55,4.07,-59,10.00,
2026-09-11T09:39:57,2,1.608,28.68,27.8870,26.9,1.629,30.29,4.09,-60,9.25,
2026-09-11T09:39:58,2,1.629,30.36,27.8890,26.9,1.628,30.23,4.09,-60,9.75,
2026-09-11T09:39:59,2,1.629,30.29,27.8910,26.9,1.631,30.48,4.08,-60,10.00,
2026-09-11T09:40:00,2,1.606,28.49,27.8950,26.9,1.623,29.84,4.10,-60,9.75,
2026-09-11T09:40:01,2,1.629,30.36,27.8940,26.9,1.629,30.36,4.09,-60,9.50,
2026-09-11T09:40:02,2,1.610,28.81,27.8920,26.9,1.628,30.23,4.09,-60,9.50,
2026-09-11T09:40:03,2,1.605,28.42,27.8850,26.9,1.625,30.03,4.11,-61,9.75,
2026-09-11T09:40:04,2,1.629,30.29,27.8870,26.9,1.630,30.42,4.08,-59,9.50,
2026-09-11T09:40:05,2,1.608,28.68,27.8910,26.9,1.621,29.71,4.09,-62,9.50,
2026-09-11T09:40:06,2,1.630,30.42,27.8900,26.9,1.626,30.10,4.09,-64,9.75,
2026-09-11T09:40:07,2,1.629,30.29,27.8830,26.9,1.629,30.36,4.07,-62,10.00,
2026-09-11T09:40:09,2,1.606,28.49,27.8780,26.9,1.621,29.65,4.11,-63,9.75,
2026-09-11T09:40:10,2,1.627,30.16,27.8780,26.9,1.628,30.23,4.09,-62,9.50,
2026-09-11T09:40:11,2,1.607,28.55,27.8760,26.9,1.624,29.90,4.09,-62,9.75,
2026-09-11T09:40:12,2,1.605,28.42,27.8750,26.9,1.623,29.84,4.11,-62,10.00,
2026-09-11T09:40:13,2,1.626,30.10,27.8800,26.9,1.625,29.97,4.09,-62,9.50,
2026-09-11T09:40:14,2,1.610,28.81,27.8830,26.9,1.628,30.23,4.09,-62,9.75,
2026-09-11T09:40:15,2,1.629,30.36,27.8870,26.9,1.629,30.36,4.09,-62,9.50,
2026-09-11T09:40:16,2,1.631,30.48,27.8820,26.9,1.630,30.42,4.07,-62,10.25,
2026-09-11T09:40:17,2,1.607,28.55,27.8880,26.9,1.628,30.23,4.09,-63,9.00,
2026-09-11T09:40:18,2,1.629,30.29,27.8770,26.9,1.627,30.16,4.09,-62,9.50,
2026-09-11T09:40:19,2,1.610,28.81,27.8720,26.9,1.625,30.03,4.09,-64,9.25,
2026-09-11T09:40:21,2,1.605,28.42,27.8710,26.9,1.621,29.71,4.10,-63,9.50,
2026-09-11T09:40:22,2,1.624,29.90,27.8760,26.9,1.625,30.03,4.09,-64,9.00,
2026-09-11T09:40:27,2,1.627,30.16,27.8920,26.9,1.626,30.10,4.09,-56,8.00,
2026-09-11T09:40:28,2,1.607,28.55,27.8890,26.9,1.619,29.52,4.09,-55,7.75,
2026-09-11T09:40:29,2,1.607,28.55,27.8910,26.9,1.624,29.90,4.10,-56,7.00,
2026-09-11T09:40:30,2,1.629,30.36,27.8980,26.9,1.627,30.16,4.09,-60,9.25,
2026-09-11T09:40:32,2,1.603,28.23,27.9050,26.9,1.627,30.16,4.09,-59,9.25,
2026-09-11T09:40:33,2,1.629,30.36,27.9040,26.9,1.630,30.42,4.09,-58,9.50,
2026-09-11T09:40:34,2,1.630,30.42,27.9020,26.9,1.630,30.42,4.07,-60,10.25,
2026-09-11T09:40:35,2,1.612,28.94,27.8940,26.9,1.626,30.10,4.09,-59,9.25,
2026-09-11T09:40:36,2,1.633,30.61,27.8940,26.9,1.628,30.23,4.10,-59,9.25,
2026-09-11T09:40:37,2,1.608,28.68,27.8910,26.9,1.626,30.10,4.09,-59,9.00,
2026-09-11T09:40:38,2,1.606,28.49,27.8970,26.9,1.627,30.16,4.10,-58,9.75,
2026-09-11T09:40:39,2,1.627,30.16,27.8910,26.9,1.625,30.03,4.09,-58,9.50,
2026-09-11T09:40:40,2,1.609,28.74,27.8900,26.9,1.628,30.23,4.09,-58,9.50,
2026-09-11T09:40:41,2,1.630,30.42,27.8920,26.9,1.627,30.16,4.09,-58,9.25,
2026-09-11T09:40:42,2,1.629,30.36,27.8910,26.9,1.631,30.48,4.07,-58,9.75,
2026-09-11T09:40:44,2,1.608,28.62,27.8840,26.9,1.628,30.23,4.09,-58,9.50,
2026-09-11T09:40:45,2,1.628,30.23,27.8790,26.9,1.627,30.16,4.09,-58,9.75,
2026-09-11T09:40:46,2,1.608,28.68,27.8830,26.9,1.627,30.16,4.09,-58,9.75,
2026-09-11T09:40:47,2,1.605,28.42,27.8860,26.9,1.624,29.90,4.10,-59,9.50,
2026-09-11T09:40:48,2,1.625,29.97,27.8920,26.9,1.626,30.10,4.09,-59,9.25,
2026-09-11T09:40:49,2,1.610,28.81,27.9000,26.9,1.630,30.42,4.10,-59,9.75,
2026-09-11T09:40:50,2,1.629,30.36,27.8980,26.9,1.627,30.16,4.09,-58,9.50,
2026-09-11T09:40:51,2,1.631,30.48,27.9060,26.9,1.629,30.36,4.08,-60,10.00,
2026-09-11T09:40:52,2,1.610,28.81,27.9080,26.9,1.629,30.29,4.09,-59,9.50,
2026-09-11T09:40:53,2,1.628,30.23,27.9020,26.9,1.628,30.23,4.09,-59,9.50,
2026-09-11T09:40:56,2,1.608,28.62,27.8980,26.9,1.624,29.90,4.11,-59,9.50,
2026-09-11T09:40:57,2,1.628,30.23,27.9020,26.9,1.629,30.36,4.09,-60,9.50,
2026-09-11T09:40:58,2,1.607,28.55,27.9000,26.9,1.628,30.23,4.09,-60,9.25,
2026-09-11T09:40:59,2,1.631,30.48,27.9040,26.9,1.618,29.45,4.09,-60,9.75,
2026-09-11T09:41:00,2,1.626,30.10,27.9100,26.9,1.630,30.42,4.07,-60,10.00,
2026-09-11T09:41:01,2,1.609,28.74,27.9130,26.9,1.629,30.29,4.09,-60,9.00,
2026-09-11T09:41:02,2,1.629,30.36,27.9100,26.9,1.626,30.10,4.09,-57,9.75,
2026-09-11T09:41:03,2,1.609,28.74,27.9110,26.9,1.629,30.36,4.09,-57,9.25,
2026-09-11T09:41:04,2,1.606,28.49,27.9140,26.9,1.624,29.90,4.11,-58,10.00,
2026-09-11T09:41:05,2,1.628,30.23,27.9100,26.9,1.627,30.16,4.09,-58,9.75,
2026-09-11T09:41:06,2,1.608,28.62,27.9080,26.9,1.629,30.36,4.09,-58,8.75,
2026-09-11T09:41:11,2,1.627,30.16,27.8960,26.9,1.626,30.10,4.09,-54,8.25,
2026-09-11T09:41:12,2,1.609,28.74,27.8910,26.9,1.627,30.16,4.09,-54,9.00,
2026-09-11T09:41:13,2,1.608,28.62,27.8860,26.9,1.626,30.10,4.09,-54,9.50,
2026-09-11T09:41:14,2,1.627,30.16,27.8950,26.9,1.625,30.03,4.09,-54,9.50,
2026-09-11T09:41:15,2,1.610,28.81,27.9040,26.9,1.629,30.36,4.09,-59,9.25,
2026-09-11T09:41:16,2,1.632,30.55,27.9060,26.9,1.629,30.36,4.09,-59,9.50,
2026-09-11T09:41:17,2,1.625,30.03,27.9010,26.9,1.624,29.90,4.09,-60,9.25,
2026-09-11T09:41:19,2,1.608,28.68,27.9020,26.9,1.629,30.29,4.09,-60,9.50,
2026-09-11T09:41:20,2,1.628,30.23,27.8970,26.9,1.626,30.10,4.09,-60,9.50,
2026-09-11T09:41:21,2,1.609,28.74,27.8970,26.9,1.628,30.23,4.09,-60,9.50,
2026-09-11T09:41:22,2,1.608,28.68,27.8900,26.9,1.629,30.29,4.09,-59,11.50,
2026-09-11T09:41:23,2,1.627,30.16,27.8880,26.9,1.628,30.23,4.09,-58,9.50,
2026-09-11T09:41:24,2,1.609,28.74,27.8910,26.9,1.630,30.42,4.09,-59,9.50,
2026-09-11T09:41:25,2,1.633,30.61,27.8910,26.9,1.629,30.29,4.09,-59,9.75,
2026-09-11T09:41:26,2,1.625,29.97,27.8860,26.9,1.628,30.23,4.09,-60,9.25,
2026-09-11T09:41:27,2,1.608,28.62,27.8830,26.9,1.625,29.97,4.09,-60,9.25,
2026-09-11T09:41:28,2,1.627,30.16,27.8870,26.9,1.628,30.23,4.09,-59,9.25,
2026-09-11T09:41:29,2,1.608,28.62,27.8850,26.9,1.630,30.42,4.09,-59,9.25,
2026-09-11T09:41:31,2,1.611,28.87,27.8820,26.9,1.628,30.23,4.09,-58,9.25,
2026-09-11T09:41:32,2,1.627,30.16,27.8810,26.9,1.629,30.29,4.09,-58,9.75,
2026-09-11T09:41:33,2,1.608,28.68,27.8850,26.9,1.626,30.10,4.09,-58,9.75,
2026-09-11T09:41:34,2,1.633,30.68,27.8810,26.9,1.625,30.03,4.09,-59,9.25,
2026-09-11T09:41:36,2,1.610,28.81,27.8690,26.9,1.629,30.36,4.10,-59,9.75,
2026-09-11T09:41:37,2,1.629,30.29,27.8710,26.9,1.628,30.23,4.09,-58,9.25,
2026-09-11T09:41:38,2,1.609,28.74,27.8800,26.9,1.630,30.42,4.09,-58,10.00,
2026-09-11T09:41:39,2,1.608,28.68,27.8840,26.9,1.635,30.81,4.09,-58,9.75,
2026-09-11T09:41:40,2,1.626,30.10,27.8710,26.9,1.626,30.10,4.09,-58,9.00,
2026-09-11T09:41:41,2,1.608,28.62,27.8820,26.9,1.626,30.10,4.09,-59,9.25,
2026-09-11T09:41:43,2,1.632,30.55,27.8830,26.9,1.627,30.16,4.09,-59,9.50,
2026-09-11T09:41:44,2,1.628,30.23,27.8780,26.9,1.629,30.36,4.09,-59,9.50,
2026-09-11T09:41:45,2,1.609,28.74,27.8820,26.9,1.626,30.10,4.09,-58,9.75,
2026-09-11T09:41:46,2,1.629,30.29,27.8870,26.9,1.629,30.36,4.09,-56,9.50,
2026-09-11T09:41:47,2,1.611,28.87,27.8950,26.9,1.629,30.29,4.08,-58,10.00,
2026-09-11T09:41:48,2,1.607,28.55,27.8890,26.9,1.629,30.29,4.09,-57,9.25,
2026-09-11T09:41:49,2,1.629,30.29,27.8920,26.9,1.627,30.16,4.09,-58,9.50,
2026-09-11T09:41:50,2,1.608,28.68,27.8970,26.9,1.625,29.97,4.09,-58,9.50,
2026-09-11T09:41:56,2,1.605,28.42,27.8970,26.9,1.625,29.97,4.11,-54,9.50,
2026-09-11T09:41:57,2,1.612,28.94,27.8990,26.9,1.629,30.29,4.09,-54,8.75,
2026-09-11T09:41:58,2,1.629,30.29,27.8930,26.9,1.628,30.23,4.09,-53,9.50,
2026-09-11T09:41:59,2,1.609,28.74,27.8920,26.9,1.618,29.45,4.09,-58,9.50,
2026-09-11T09:42:00,2,1.632,30.55,27.9000,26.9,1.629,30.29,4.07,-58,9.75,
2026-09-11T09:42:01,2,1.628,30.23,27.9070,26.9,1.621,29.65,4.09,-58,9.50,
2026-09-11T09:42:02,2,1.610,28.81,27.8980,26.9,1.626,30.10,4.09,-58,9.50,
2026-09-11T09:42:03,2,1.629,30.29,27.9090,26.9,1.627,30.16,4.09,-58,9.50,
2026-09-11T09:42:04,2,1.606,28.49,27.9000,26.9,1.625,30.03,4.11,-58,10.25,
2026-09-11T09:42:06,2,1.608,28.68,27.9030,26.9,1.627,30.16,4.09,-58,9.75,
2026-09-11T09:42:07,2,1.618,29.45,27.9010,26.9,1.626,30.10,4.09,-59,9.25,
2026-09-11T09:42:08,2,1.609,28.74,27.9060,26.9,1.627,30.16,4.08,-56,10.00,
2026-09-11T09:42:09,2,1.634,30.74,27.9030,26.9,1.632,30.55,4.08,-56,9.75,
2026-09-11T09:42:10,2,1.625,30.03,27.9020,26.9,1.627,30.16,4.09,-56,9.50,
2026-09-11T09:42:11,2,1.608,28.62,27.8980,26.9,1.625,30.03,4.09,-59,9.00,
2026-09-11T09:42:12,2,1.628,30.23,27.8940,26.9,1.625,29.97,4.09,-59,9.00,
2026-09-11T09:42:13,2,1.606,28.49,27.8950,26.9,1.625,29.97,4.11,-59,9.25,
2026-09-11T09:42:14,2,1.609,28.74,27.8900,26.9,1.629,30.29,4.09,-57,9.75,
2026-09-11T09:42:15,2,1.627,30.16,27.8900,26.9,1.626,30.10,4.09,-58,9.50,
2026-09-11T09:42:16,2,1.608,28.68,27.8840,26.9,1.627,30.16,4.09,-58,10.00,
2026-09-11T09:42:18,2,1.635,30.81,27.8800,26.9,1.630,30.42,4.07,-56,10.00,
2026-09-11T09:42:19,2,1.626,30.10,27.8670,26.9,1.629,30.29,4.09,-57,9.75,
2026-09-11T09:42:20,2,1.609,28.74,27.8650,26.9,1.628,30.23,4.09,-57,9.50,
2026-09-11T09:42:21,2,1.628,30.23,27.8640,26.9,1.625,29.97,4.09,-59,9.50,
2026-09-11T09:42:22,2,1.607,28.55,27.8720,26.9,1.624,29.90,4.10,-58,9.75,
2026-09-11T09:42:23,2,1.606,28.49,27.8680,26.9,1.629,30.36,4.09,-63,9.50,
2026-09-11T09:42:24,2,1.627,30.16,27.8680,26.9,1.628,30.23,4.09,-64,9.25,
2026-09-11T09:42:25,2,1.608,28.62,27.8750,26.9,1.635,30.81,4.09,-64,9.00,
2026-09-11T09:42:26,2,1.634,30.74,27.8740,26.9,1.631,30.48,4.08,-61,10.00,
2026-09-11T09:42:27,2,1.625,30.03,27.8710,26.9,1.629,30.29,4.09,-59,9.75,
2026-09-11T09:42:28,2,1.609,28.74,27.8700,26.9,1.640,31.19,4.09,-59,9.25,
2026-09-11T09:42:30,2,1.629,30.29,27.8700,26.9,1.626,30.10,4.09,-56,9.75,
2026-09-11T09:42:31,2,1.606,28.49,27.8790,26.9,1.627,30.16,4.10,-57,9.75,
2026-09-11T09:42:32,2,1.608,28.68,27.8840,26.9,1.629,30.29,4.09,-57,9.50,
2026-09-11T09:42:33,2,1.627,30.16,27.8860,26.9,1.626,30.10,4.09,-57,9.75,
2026-09-11T09:42:34,2,1.608,28.62,27.8900,26.9,1.629,30.36,4.09,-57,9.75,
2026-09-11T09:42:35,2,1.625,30.03,27.8890,26.9,1.632,30.55,4.07,-58,10.25,
2026-09-11T09:42:41,2,1.609,28.74,27.9050,26.9,1.640,31.19,4.09,-52,8.25,
2026-09-11T09:42:42,2,1.626,30.10,27.9070,26.9,1.626,30.10,4.09,-52,8.50,
2026-09-11T09:42:43,2,1.610,28.81,27.9010,26.9,1.629,30.36,4.08,-53,8.50,
2026-09-11T09:42:44,2,1.628,30.23,27.8960,26.9,1.630,30.42,4.07,-57,10.00,
2026-09-11T09:42:45,2,1.627,30.16,27.8970,26.9,1.629,30.29,4.09,-57,9.75,
2026-09-11T09:42:46,2,1.610,28.81,27.9000,26.9,1.627,30.16,4.09,-57,9.50,
2026-09-11T09:42:47,2,1.630,30.42,27.9010,26.9,1.628,30.23,4.09,-57,9.50,
2026-09-11T09:42:48,2,1.604,28.36,27.9000,26.9,1.624,29.90,4.10,-58,9.50,
2026-09-11T09:42:49,2,1.610,28.81,27.9040,26.9,1.627,30.16,4.09,-57,9.25,
2026-09-11T09:42:50,2,1.627,30.16,27.8990,26.9,1.638,31.00,4.09,-57,9.75,
2026-09-11T09:42:51,2,1.608,28.68,27.8920,26.9,1.627,30.16,4.09,-57,9.75,
2026-09-11T09:42:53,2,1.650,31.97,27.8880,26.9,1.629,30.36,4.07,-57,10.00,
2026-09-11T09:42:54,2,1.626,30.10,27.8890,26.9,1.629,30.29,4.09,-57,9.50,
2026-09-11T09:42:55,2,1.611,28.87,27.8950,26.9,1.627,30.16,4.09,-57,9.50,
2026-09-11T09:42:56,2,1.631,30.48,27.8960,26.9,1.627,30.16,4.07,-57,10.50,
2026-09-11T09:42:57,2,1.606,28.49,27.9030,26.9,1.626,30.10,4.10,-57,9.75,
2026-09-11T09:42:58,2,1.609,28.74,27.9030,26.9,1.631,30.48,4.09,-57,9.50,
2026-09-11T09:42:59,2,1.627,30.16,27.8930,26.9,1.628,30.23,4.09,-57,10.00,
2026-09-11T09:43:00,2,1.606,28.49,27.8980,26.9,1.624,29.90,4.10,-58,9.50,
2026-09-11T09:43:01,2,1.634,30.74,27.9070,26.9,1.629,30.36,4.08,-58,9.75,
2026-09-11T09:43:02,2,1.627,30.16,27.9150,26.9,1.629,30.29,4.09,-56,10.00,
2026-09-11T09:43:03,2,1.608,28.68,27.9150,26.9,1.627,30.16,4.09,-56,9.75,
2026-09-11T09:43:05,2,1.632,30.55,27.9160,26.9,1.632,30.55,4.07,-57,10.25,
2026-09-11T09:43:06,2,1.608,28.62,27.9120,26.9,1.625,30.03,4.10,-56,9.50,
2026-09-11T09:43:07,2,1.608,28.68,27.9110,26.9,1.627,30.16,4.09,-57,10.00,
2026-09-11T09:43:08,2,1.629,30.29,27.9100,26.9,1.629,30.29,4.09,-57,10.00,
2026-09-11T09:43:09,2,1.608,28.62,27.9100,26.9,1.623,29.84,4.11,-57,10.25,
2026-09-11T09:43:10,2,1.614,29.13,27.9150,26.9,1.630,30.42,4.09,-57,9.50,
2026-09-11T09:43:11,2,1.629,30.36,27.9120,26.9,1.628,30.23,4.09,-57,9.75,
2026-09-11T09:43:12,2,1.609,28.74,27.9160,26.9,1.619,29.52,4.09,-58,9.50,
2026-09-11T09:43:13,2,1.633,30.68,27.9250,26.9,1.633,30.61,4.07,-57,10.25,
2026-09-11T09:43:14,2,1.609,28.74,27.9170,26.9,1.625,30.03,4.09,-58,9.50,
2026-09-11T09:43:15,2,1.609,28.74,27.9140,26.9,1.627,30.16,4.09,-57,9.50,
2026-09-11T09:43:17,2,1.629,30.29,27.9080,26.9,1.628,30.23,4.08,-57,9.75,
2026-09-11T09:43:18,2,1.607,28.55,27.9070,26.9,1.624,29.90,4.10,-58,9.50,
2026-09-11T09:43:19,2,1.608,28.62,27.9080,26.9,1.622,29.78,4.09,-57,9.50,
2026-09-11T09:43:20,2,1.627,30.16,27.9020,26.9,1.628,30.23,4.09,-57,9.75,
2026-09-11T09:43:25,2,1.628,30.23,27.8830,26.9,1.627,30.16,4.09,-52,8.25,
2026-09-11T09:43:26,2,1.608,28.62,27.8890,26.9,1.625,29.97,4.10,-53,9.00,
2026-09-11T09:43:28,2,1.608,28.68,27.8950,26.9,1.629,30.36,4.09,-53,8.50,
2026-09-11T09:43:29,2,1.629,30.29,27.8950,26.9,1.629,30.29,4.09,-57,9.75,
2026-09-11T09:43:30,2,1.608,28.62,27.8890,26.9,1.629,30.29,4.09,-57,9.50,
2026-09-11T09:43:31,2,1.635,30.81,27.8980,26.9,1.627,30.16,4.07,-57,10.25,
2026-09-11T09:43:32,2,1.628,30.23,27.8960,26.9,1.629,30.29,4.09,-57,9.50,
2026-09-11T09:43:33,2,1.608,28.62,27.8890,26.9,1.627,30.16,4.09,-57,9.25,
2026-09-11T09:43:34,2,1.625,30.03,27.8880,26.9,1.629,30.36,4.09,-57,9.75,
2026-09-11T09:43:35,2,1.604,28.36,27.8920,26.9,1.627,30.16,4.10,-57,9.75,
2026-09-11T09:43:37,2,1.628,30.23,27.8910,26.9,1.626,30.10,4.09,-57,9.75,
2026-09-11T09:43:38,2,1.609,28.74,27.8900,26.9,1.631,30.48,4.08,-57,9.75,
2026-09-11T09:43:40,2,1.633,30.68,27.8910,26.9,1.630,30.42,4.07,-57,10.25,
2026-09-11T09:43:41,2,1.626,30.10,27.9060,26.9,1.628,30.23,4.09,-57,9.50,
2026-09-11T09:43:42,2,1.611,28.87,27.9070,26.9,1.628,30.23,4.09,-57,9.50,
2026-09-11T09:43:43,2,1.632,30.55,27.8990,26.9,1.629,30.29,4.09,-57,9.75,
2026-09-11T09:43:44,2,1.606,28.49,27.9040,26.9,1.623,29.84,4.10,-57,10.00,
2026-09-11T09:43:45,2,1.608,28.68,27.9100,26.9,1.628,30.23,4.09,-57,9.25,
2026-09-11T09:43:46,2,1.625,30.03,27.9090,26.9,1.629,30.36,4.09,-57,9.50,
2026-09-11T09:43:47,2,1.610,28.81,27.9160,26.9,1.629,30.29,4.09,-57,9.75,
2026-09-11T09:43:48,2,1.634,30.74,27.9180,26.9,1.630,30.42,4.07,-57,10.50,
2026-09-11T09:43:49,2,1.628,30.23,27.9240,26.9,1.626,30.10,4.09,-57,9.50,
2026-09-11T09:43:50,2,1.609,28.74,27.9190,26.9,1.632,30.55,4.09,-58,9.50,
2026-09-11T09:43:52,2,1.633,30.61,27.9220,26.9,1.627,30.16,4.09,-56,10.00,
2026-09-11T09:43:54,2,1.609,28.74,27.9300,26.9,1.627,30.16,4.09,-57,9.75,
2026-09-11T09:43:55,2,1.633,30.68,27.9280,26.9,1.629,30.29,4.09,-57,9.50,
2026-09-11T09:43:56,2,1.612,28.94,27.9270,26.9,1.629,30.36,4.08,-57,9.50,
2026-09-11T09:43:57,2,1.636,30.87,27.9230,26.9,1.633,30.68,4.07,-55,10.50,
2026-09-11T09:43:58,2,1.625,30.03,27.9270,26.9,1.629,30.36,4.09,-58,9.50,
2026-09-11T09:43:59,2,1.602,28.16,27.9260,26.9,1.627,30.16,4.09,-57,9.75,
2026-09-11T09:44:00,2,1.625,29.97,27.9350,26.9,1.628,30.23,4.09,-57,9.50,
2026-09-11T09:44:01,2,1.606,28.49,27.9290,26.9,1.625,29.97,4.10,-58,9.75,
2026-09-11T09:44:02,2,1.609,28.74,27.9270,26.9,1.626,30.10,4.09,-57,9.50,
2026-09-11T09:44:04,2,1.628,30.23,27.9310,26.9,1.627,30.16,4.09,-57,9.50,
2026-09-11T09:44:05,2,1.609,28.74,27.9330,26.9,1.631,30.48,4.08,-57,9.75,
2026-09-11T09:44:09,2,1.630,30.42,27.9120,26.9,1.627,30.16,4.09,-52,8.25,
2026-09-11T09:44:10,2,1.608,28.62,27.9120,26.9,1.625,30.03,4.10,-53,8.50,
2026-09-11T09:44:11,2,1.611,28.87,27.9160,26.9,1.629,30.29,4.09,-52,8.25,
2026-09-11T09:44:12,2,1.629,30.29,27.9100,26.9,1.629,30.29,4.09,-53,8.75,
2026-09-11T09:44:13,2,1.606,28.49,27.9110,26.9,1.626,30.10,4.10,-57,10.00,
2026-09-11T09:44:15,2,1.636,30.87,27.9150,26.9,1.633,30.61,4.07,-58,10.50,
2026-09-11T09:44:16,2,1.627,30.16,27.9130,26.9,1.628,30.23,4.09,-57,9.75,
2026-09-11T09:44:17,2,1.608,28.68,27.9240,26.9,1.627,30.16,4.09,-57,10.00,
2026-09-11T09:44:18,2,1.630,30.42,27.9240,26.9,1.627,30.16,4.07,-57,10.25,
2026-09-11T09:44:19,2,1.609,28.74,27.9340,26.9,1.634,30.74,4.10,-57,9.75,
2026-09-11T09:44:20,2,1.609,28.74,27.9240,26.9,1.627,30.16,4.09,-57,9.50,
2026-09-11T09:44:21,2,1.625,30.03,27.9170,26.9,1.628,30.23,4.09,-57,9.50,
2026-09-11T09:44:22,2,1.611,28.87,27.9280,26.9,1.624,29.90,4.11,-58,10.00,
2026-09-11T09:44:23,2,1.638,31.00,27.9360,26.9,1.631,30.48,4.07,-57,10.25,
2026-09-11T09:44:24,2,1.626,30.10,27.9380,26.9,1.628,30.23,4.09,-57,9.50,
2026-09-11T09:44:25,2,1.609,28.74,27.9340,26.9,1.627,30.16,4.09,-57,10.00,
2026-09-11T09:44:27,2,1.633,30.68,27.9270,26.9,1.633,30.61,4.08,-58,10.00,
2026-09-11T09:44:28,2,1.606,28.49,27.9220,26.9,1.622,29.78,4.10,-57,10.25,
2026-09-11T09:44:29,2,1.612,28.94,27.9270,26.9,1.627,30.16,4.09,-57,9.50,
2026-09-11T09:44:30,2,1.642,31.32,27.9280,26.9,1.629,30.29,4.09,-57,9.75,
2026-09-11T09:44:31,2,1.607,28.55,27.9270,26.9,1.624,29.90,4.10,-58,9.75,
2026-09-11T09:44:32,2,1.636,30.87,27.9320,26.9,1.631,30.48,4.06,-57,9.50,
2026-09-11T09:44:33,2,1.627,30.16,27.9280,26.9,1.632,30.55,4.09,-58,9.50,
2026-09-11T09:44:34,2,1.613,29.00,27.9230,26.9,1.630,30.42,4.09,-57,9.50,
2026-09-11T09:44:35,2,1.632,30.55,27.9200,26.9,1.633,30.61,4.08,-58,9.75,
2026-09-11T09:44:36,2,1.599,27.91,27.9220,26.9,1.625,29.97,4.10,-57,10.00,
2026-09-11T09:44:37,2,1.610,28.81,27.9220,26.9,1.629,30.36,4.09,-57,9.50,
2026-09-11T09:44:39,2,1.629,30.29,27.9130,26.9,1.626,30.10,4.09,-57,9.50,
2026-09-11T09:44:40,2,1.608,28.62,27.9210,26.9,1.626,30.10,4.10,-57,9.50,
2026-09-11T09:44:41,2,1.638,31.00,27.9160,26.9,1.632,30.55,4.07,-57,10.00,
2026-09-11T09:44:42,2,1.625,30.03,27.9160,26.9,1.627,30.16,4.09,-57,9.50,
2026-09-11T09:44:43,2,1.609,28.74,27.9150,26.9,1.629,30.36,4.09,-57,9.50,
2026-09-11T09:44:44,2,1.634,30.74,27.9210,26.9,1.632,30.55,4.07,-57,10.25,
2026-09-11T09:44:45,2,1.606,28.49,27.9120,26.9,1.627,30.16,4.10,-57,9.75,
2026-09-11T09:44:46,2,1.608,28.62,27.9150,26.9,1.629,30.29,4.09,-57,12.25,
2026-09-11T09:44:47,2,1.629,30.29,27.9200,26.9,1.627,30.16,4.09,-57,9.50,
2026-09-11T09:44:48,2,1.604,28.36,27.9240,26.9,1.625,30.03,4.10,-57,9.75,
2026-09-11T09:44:54,2,1.608,28.62,27.9250,26.9,1.625,29.97,4.10,-53,9.00,
2026-09-11T09:44:55,2,1.617,29.39,27.9240,26.9,1.629,30.29,4.09,-52,8.50,
2026-09-11T09:44:56,2,1.629,30.36,27.9190,26.9,1.626,30.10,4.09,-53,8.25,
2026-09-11T09:44:57,2,1.606,28.49,27.9170,26.9,1.625,29.97,4.10,-58,10.00,
2026-09-11T09:44:58,2,1.636,30.87,27.9200,26.9,1.631,30.48,4.08,-57,9.75,
2026-09-11T09:44:59,2,1.627,30.16,27.9280,26.9,1.627,30.16,4.09,-57,9.75,
2026-09-11T09:45:00,2,1.608,28.62,27.9350,26.9,1.632,30.55,4.09,-57,10.75,
2026-09-11T09:45:02,2,1.633,30.68,27.9330,26.9,1.629,30.29,4.08,-57,10.25,
2026-09-11T09:45:03,2,1.606,28.49,27.9330,26.9,1.629,30.29,4.11,-57,10.00,
2026-09-11T09:45:04,2,1.609,28.74,27.9320,26.9,1.629,30.36,4.09,-57,9.75,
2026-09-11T09:45:05,2,1.628,30.23,27.9420,26.9,1.627,30.16,4.09,-57,9.75,
2026-09-11T09:45:06,2,1.608,28.62,27.9430,26.9,1.624,29.90,4.10,-58,9.75,
2026-09-11T09:45:07,2,1.610,28.81,27.9500,26.9,1.629,30.29,4.09,-57,10.00,
2026-09-11T09:45:08,2,1.628,30.23,27.9550,26.9,1.628,30.23,4.08,-57,9.50,
2026-09-11T09:45:09,2,1.608,28.68,27.9620,26.9,1.629,30.29,4.08,-57,9.75,
2026-09-11T09:45:10,2,1.633,30.61,27.9790,26.9,1.632,30.55,4.07,-57,11.25,
2026-09-11T09:45:11,2,1.631,30.48,27.9850,26.9,1.626,30.10,4.09,-57,9.75,
2026-09-11T09:45:12,2,1.609,28.74,27.9750,26.9,1.628,30.23,4.09,-57,9.50,
2026-09-11T09:45:14,2,1.629,30.29,27.9750,26.9,1.629,30.29,4.09,-57,10.00,
2026-09-11T09:45:15,2,1.605,28.42,27.9890,26.9,1.625,29.97,4.10,-57,9.50,
2026-09-11T09:45:16,2,1.609,28.74,27.9920,26.9,1.628,30.23,4.08,-57,9.75,
2026-09-11T09:45:17,2,1.622,29.78,27.9870,26.9,1.627,30.16,4.09,-57,9.75,
2026-09-11T09:45:18,2,1.610,28.81,27.9830,26.9,1.629,30.29,4.09,-57,9.50,
2026-09-11T09:45:19,2,1.633,30.68,27.9830,26.9,1.633,30.68,4.07,-57,10.00,
2026-09-11T09:45:20,2,1.625,29.97,27.9770,26.9,1.629,30.29,4.09,-57,9.50,
2026-09-11T09:45:21,2,1.609,28.74,27.9780,26.9,1.631,30.48,4.09,-57,9.75,
2026-09-11T09:45:22,2,1.629,30.29,27.9720,26.9,1.629,30.29,4.09,-57,10.75,
2026-09-11T09:45:23,2,1.606,28.49,27.9600,26.9,1.625,30.03,4.10,-57,9.75,
2026-09-11T09:45:24,2,1.611,28.87,27.9630,26.9,1.630,30.42,4.09,-56,9.50,
2026-09-11T09:45:26,2,1.628,30.23,27.9540,26.9,1.629,30.29,4.09,-57,10.00,
2026-09-11T09:45:27,2,1.612,28.94,27.9540,26.9,1.629,30.36,4.09,-57,10.00,
2026-09-11T09:45:28,2,1.634,30.74,27.9510,26.9,1.629,30.36,4.07,-57,10.25,
2026-09-11T09:45:29,2,1.624,29.90,27.9440,26.9,1.627,30.16,4.09,-57,9.50,
2026-09-11T09:45:30,2,1.608,28.68,27.9450,26.9,1.628,30.23,4.09,-57,9.50,
2026-09-11T09:45:31,2,1.629,30.36,27.9430,26.9,1.626,30.10,4.07,-57,10.25,
2026-09-11T09:45:32,2,1.607,28.55,27.9340,26.9,1.624,29.90,4.10,-58,9.50,
2026-09-11T09:45:33,2,1.609,28.74,27.9470,26.9,1.629,30.29,4.09,-57,9.25,
2026-09-11T09:45:39,2,1.611,28.87,27.9580,26.9,1.629,30.36,4.08,-53,8.50,
2026-09-11T09:45:40,2,1.633,30.61,27.9580,26.9,1.631,30.48,4.08,-53,8.50,
2026-09-11T09:45:41,2,1.607,28.55,27.9550,26.9,1.625,30.03,4.10,-53,8.75,
2026-09-11T09:45:42,2,1.608,28.68,27.9560,26.9,1.627,30.16,4.09,-57,9.50,
2026-09-11T09:45:43,2,1.629,30.29,27.9610,26.9,1.628,30.23,4.09,-57,9.75,
2026-09-11T09:45:44,2,1.608,28.62,27.9580,26.9,1.625,30.03,4.10,-58,9.75,
2026-09-11T09:45:45,2,1.635,30.81,27.9530,26.9,1.632,30.55,4.07,-58,10.00,
2026-09-11T09:45:46,2,1.629,30.36,27.9510,26.9,1.627,30.16,4.09,-56,9.75,
2026-09-11T09:45:47,2,1.610,28.81,27.9630,26.9,1.625,30.03,4.09,-58,9.50,
2026-09-11T09:45:49,2,1.633,30.61,27.9560,25.9,1.631,30.48,4.08,-57,9.75,
2026-09-11T09:45:50,2,1.606,28.49,27.9630,26.9,1.625,29.97,4.10,-58,9.25,
2026-09-11T09:45:51,2,1.611,28.87,27.9560,26.9,1.633,30.61,4.09,-57,9.25,
2026-09-11T09:45:52,2,1.630,30.42,27.9590,26.9,1.626,30.10,4.09,-57,9.25,
2026-09-11T09:45:53,2,1.608,28.62,27.9510,25.9,1.623,29.84,4.10,-57,10.50,
2026-09-11T09:45:55,2,1.628,30.23,27.9370,25.9,1.631,30.48,4.08,-56,10.00,
2026-09-11T09:45:56,2,1.610,28.81,27.9390,26.9,1.629,30.29,4.09,-57,9.25,
2026-09-11T09:45:57,2,1.633,30.61,27.9460,26.9,1.632,30.55,4.07,-58,10.25,
2026-09-11T09:45:58,2,1.606,28.49,27.9410,26.9,1.625,30.03,4.10,-57,10.25,
2026-09-11T09:45:59,2,1.610,28.81,27.9410,26.9,1.629,30.36,4.09,-57,10.00,
2026-09-11T09:46:01,2,1.629,30.36,27.9470,26.9,1.627,30.16,4.09,-57,9.50,
2026-09-11T09:46:02,2,1.608,28.62,27.9500,26.9,1.624,29.90,4.08,-57,9.75,
2026-09-11T09:46:03,2,1.638,31.00,27.9540,26.9,1.631,30.48,4.07,-57,10.25,
2026-09-11T09:46:04,2,1.631,30.48,27.9610,26.9,1.627,30.16,4.09,-57,9.75,
2026-09-11T09:46:05,2,1.610,28.81,27.9530,25.9,1.629,30.36,4.09,-56,9.50,
2026-09-11T09:46:06,2,1.631,30.48,27.9560,26.9,1.632,30.55,4.07,-57,10.25,
2026-09-11T09:46:07,2,1.606,28.49,27.9560,25.9,1.625,29.97,4.10,-57,10.00,
2026-09-11T09:46:08,2,1.608,28.68,27.9510,26.9,1.626,30.10,4.09,-57,9.75,
2026-09-11T09:46:09,2,1.628,30.23,27.9490,26.9,1.628,30.23,4.09,-57,9.50,
2026-09-11T09:46:10,2,1.607,28.55,27.9520,26.9,1.625,29.97,4.10,-57,10.00,
2026-09-11T09:46:11,2,1.638,31.00,27.9510,25.9,1.632,30.55,4.07,-57,10.50,
2026-09-11T09:46:13,2,1.628,30.23,27.9560,26.9,1.629,30.36,4.09,-57,9.75,
2026-09-11T09:46:14,2,1.608,28.68,27.9520,25.9,1.631,30.48,4.09,-57,9.75,
2026-09-11T09:46:15,2,1.633,30.61,27.9590,25.9,1.629,30.36,4.07,-57,10.25,
2026-09-11T09:46:16,2,1.611,28.87,27.9650,25.9,1.625,30.03,4.10,-57,10.00,
2026-09-11T09:46:17,2,1.621,29.65,27.9620,25.9,1.629,30.29,4.08,-57,10.00,
2026-09-11T09:46:18,2,1.627,30.16,27.9520,25.9,1.626,30.10,4.09,-57,9.50,
2026-09-11T09:46:24,2,1.631,30.48,27.9480,26.9,1.631,30.48,4.07,-53,8.75,
2026-09-11T09:46:25,2,1.608,28.62,27.9570,26.9,1.626,30.10,4.10,-53,8.75,
2026-09-11T09:46:26,2,1.611,28.87,27.9670,26.9,1.629,30.36,4.08,-53,9.00,
2026-09-11T09:46:27,2,1.629,30.29,27.9690,26.9,1.627,30.16,4.09,-57,9.50,
2026-09-11T09:46:28,2,1.607,28.55,27.9690,25.9,1.626,30.10,4.11,-57,10.25,
2026-09-11T09:46:29,2,1.638,31.07,27.9720,26.9,1.633,30.68,4.06,-57,10.00,
2026-09-11T09:46:30,2,1.629,30.29,27.9670,26.9,1.625,29.97,4.09,-58,9.50,
2026-09-11T09:46:31,2,1.611,28.87,27.9710,26.9,1.629,30.36,4.08,-57,9.75,
2026-09-11T09:46:32,2,1.631,30.48,27.9540,26.9,1.631,30.48,4.07,-57,10.25,
2026-09-11T09:46:33,2,1.617,29.39,27.9550,26.9,1.638,31.00,4.10,-57,9.75,
2026-09-11T09:46:34,2,1.610,28.81,27.9510,26.9,1.627,30.16,4.09,-57,9.75,
2026-09-11T09:46:36,2,1.628,30.23,27.9450,26.9,1.629,30.29,4.08,-57,9.75,
2026-09-11T09:46:37,2,1.607,28.55,27.9390,26.9,1.625,29.97,4.10,-58,9.50,
2026-09-11T09:46:38,2,1.638,31.00,27.9520,26.9,1.630,30.42,4.07,-57,10.00,
2026-09-11T09:46:39,2,1.629,30.29,27.9520,26.9,1.626,30.10,4.09,-57,9.50,
2026-09-11T09:46:40,2,1.606,28.49,27.9540,26.9,1.627,30.16,4.10,-57,10.00,
2026-09-11T09:46:41,2,1.633,30.68,27.9570,26.9,1.629,30.36,4.07,-56,10.25,
2026-09-11T09:46:42,2,1.606,28.49,27.9550,26.9,1.625,30.03,4.09,-57,9.75,
2026-09-11T09:46:43,2,1.612,28.94,27.9420,26.9,1.629,30.29,4.09,-55,9.50,
2026-09-11T09:46:44,2,1.629,30.29,27.9430,26.9,1.642,31.32,4.08,-57,10.00,
2026-09-11T09:46:45,2,1.604,28.36,27.9400,26.9,1.625,29.97,4.11,-56,10.25,
2026-09-11T09:46:46,2,1.623,29.84,27.9370,26.9,1.632,30.55,4.09,-58,9.50,
2026-09-11T09:46:48,2,1.628,30.23,27.9360,26.9,1.626,30.10,4.09,-57,9.75,
2026-09-11T09:46:49,2,1.609,28.74,27.9360,26.9,1.625,29.97,4.10,-57,10.00,
2026-09-11T09:46:50,2,1.634,30.74,27.9380,25.9,1.631,30.48,4.07,-57,10.50,
2026-09-11T09:46:51,2,1.625,29.97,27.9350,25.9,1.627,30.16,4.09,-57,9.50,
2026-09-11T09:46:52,2,1.610,28.81,27.9360,26.9,1.627,30.16,4.09,-57,9.75,
2026-09-11T09:46:53,2,1.629,30.36,27.9450,26.9,1.632,30.55,4.08,-57,9.75,
2026-09-11T09:46:54,2,1.612,28.94,27.9430,26.9,1.624,29.90,4.11,-58,10.25,
2026-09-11T09:46:55,2,1.611,28.87,27.9460,26.9,1.628,30.23,4.08,-56,9.75,
2026-09-11T09:46:56,2,1.628,30.23,27.9530,26.9,1.627,30.16,4.09,-57,9.50,
2026-09-11T09:46:57,2,1.606,28.49,27.9450,25.9,1.625,30.03,4.10,-57,9.50,
2026-09-11T09:46:59,2,1.632,30.55,27.9400,25.9,1.633,30.61,4.07,-57,10.25,
2026-09-11T09:47:00,2,1.629,30.29,27.9410,25.9,1.629,30.36,4.09,-57,9.50,
2026-09-11T09:47:01,2,1.609,28.74,27.9400,25.9,1.630,30.42,4.08,-57,10.00,
2026-09-11T09:47:02,2,1.629,30.36,27.9420,25.9,1.629,30.29,4.07,-57,10.25,
2026-09-11T09:47:03,2,1.606,28.49,27.9590,26.9,1.625,29.97,4.10,-57,9.50,
2026-09-11T09:47:07,2,1.631,30.48,27.9390,26.9,1.631,30.48,4.07,-52,8.75,
2026-09-11T09:47:08,2,1.627,30.16,27.9360,25.9,1.631,30.48,4.09,-52,8.75,
2026-09-11T09:47:09,2,1.608,28.68,27.9370,26.9,1.628,30.23,4.08,-53,8.75,
2026-09-11T09:47:11,2,1.633,30.61,27.9300,26.9,1.632,30.55,4.07,-53,9.50,
2026-09-11T09:47:12,2,1.610,28.81,27.9390,26.9,1.625,30.03,4.10,-57,10.25,
2026-09-11T09:47:13,2,1.608,28.62,27.9450,26.9,1.629,30.29,4.09,-57,9.75,
2026-09-11T09:47:14,2,1.631,30.48,27.9420,26.9,1.629,30.36,4.09,-57,9.50,
2026-09-11T09:47:15,2,1.608,28.68,27.9460,25.9,1.623,29.84,4.10,-57,10.00,
2026-09-11T09:47:16,2,1.636,30.87,27.9540,26.9,1.634,30.74,4.07,-57,10.25,
2026-09-11T09:47:17,2,1.627,30.16,27.9540,25.9,1.629,30.29,4.09,-57,9.50,
2026-09-11T09:47:18,2,1.608,28.68,27.9560,26.9,1.633,30.61,4.08,-57,9.75,
2026-09-11T09:47:19,2,1.631,30.48,27.9510,26.9,1.631,30.48,4.07,-57,9.75,
2026-09-11T09:47:20,2,1.606,28.49,27.9500,26.9,1.625,29.97,4.10,-58,10.25,
2026-09-11T09:47:21,2,1.610,28.81,27.9550,26.9,1.629,30.29,4.09,-57,9.50,
2026-09-11T09:47:23,2,1.629,30.29,27.9440,26.9,1.627,30.16,4.08,-57,9.75,
2026-09-11T09:47:24,2,1.608,28.62,27.9460,26.9,1.625,30.03,4.10,-57,9.50,
2026-09-11T09:47:25,2,1.637,30.94,27.9450,26.9,1.633,30.68,4.07,-57,10.25,
2026-09-11T09:47:26,2,1.628,30.23,27.9560,26.9,1.627,30.16,4.09,-56,9.25,
2026-09-11T09:47:27,2,1.611,28.87,27.9620,25.9,1.629,30.29,4.09,-57,9.50,
2026-09-11T09:47:28,2,1.633,30.68,27.9560,25.9,1.629,30.36,4.07,-58,10.00,
2026-09-11T09:47:29,2,1.608,28.68,27.9610,26.9,1.625,30.03,4.10,-57,9.50,
2026-09-11T09:47:30,2,1.609,28.74,27.9590,25.9,1.628,30.23,4.09,-57,9.75,
2026-09-11T09:47:31,2,1.629,30.29,27.9560,25.9,1.626,30.10,4.09,-57,9.50,
2026-09-11T09:47:32,2,1.611,28.87,27.9610,25.9,1.624,29.90,4.09,-58,9.50,
2026-09-11T09:47:33,2,1.635,30.81,27.9570,25.9,1.633,30.61,4.07,-57,10.00,
2026-09-11T09:47:35,2,1.626,30.10,27.9550,25.9,1.628,30.23,4.09,-57,9.75,
2026-09-11T09:47:36,2,1.609,28.74,27.9540,25.9,1.629,30.36,4.09,-56,9.75,
2026-09-11T09:47:37,2,1.632,30.55,27.9460,25.9,1.629,30.36,4.07,-57,10.50,
2026-09-11T09:47:38,2,1.610,28.81,27.9480,25.9,1.627,30.16,4.10,-57,10.00,
2026-09-11T09:47:39,2,1.612,28.94,27.9500,25.9,1.627,30.16,4.09,-55,9.75,
2026-09-11T09:47:40,2,1.630,30.42,27.9530,25.9,1.629,30.29,4.08,-57,9.75,
2026-09-11T09:47:41,2,1.606,28.49,27.9580,25.9,1.627,30.16,4.10,-56,9.75,
2026-09-11T09:47:42,2,1.638,31.00,27.9580,25.9,1.629,30.29,4.07,-57,9.75,
2026-09-11T09:47:43,2,1.627,30.16,27.9570,25.9,1.628,30.23,4.09,-57,9.25,
2026-09-11T09:47:44,2,1.606,28.49,27.9680,25.9,1.625,30.03,4.10,-58,9.50,
2026-09-11T09:47:46,2,1.634,30.74,27.9600,25.9,1.632,30.55,4.07,-57,10.25,
2026-09-11T09:47:47,2,1.606,28.49,27.9530,25.9,1.627,30.16,4.10,-57,10.00,
2026-09-11T09:47:52,2,1.629,30.29,27.9610,25.9,1.627,30.16,4.09,-53,8.75,
2026-09-11T09:47:53,2,1.605,28.42,27.9480,25.9,1.625,30.03,4.10,-53,8.50,
2026-09-11T09:47:54,2,1.631,30.48,27.9530,25.9,1.629,30.36,4.07,-53,8.50,
2026-09-11T09:47:55,2,1.609,28.74,27.9540,25.9,1.624,29.90,4.10,-58,9.75,
2026-09-11T09:47:56,2,1.609,28.74,27.9570,25.9,1.629,30.29,4.09,-57,9.50,
2026-09-11T09:47:58,2,1.630,30.42,27.9560,25.9,1.631,30.48,4.07,-57,10.00,
2026-09-11T09:47:59,2,1.607,28.55,27.9460,25.9,1.625,30.03,4.10,-57,10.00,
2026-09-11T09:48:00,2,1.637,30.94,27.9360,25.9,1.632,30.55,4.07,-57,10.00,
2026-09-11T09:48:01,2,1.627,30.16,27.9330,25.9,1.629,30.36,4.09,-57,9.75,
2026-09-11T09:48:02,2,1.605,28.42,27.9330,25.9,1.627,30.16,4.10,-57,9.75,
2026-09-11T09:48:03,2,1.633,30.61,27.9340,25.9,1.630,30.42,4.07,-57,10.75,
2026-09-11T09:48:04,2,1.606,28.49,27.9390,25.9,1.625,30.03,4.10,-57,10.00,
2026-09-11T09:48:05,2,1.606,28.49,27.9320,25.9,1.627,30.16,4.08,-57,9.50,
2026-09-11T09:48:06,2,1.625,29.97,27.9400,25.9,1.630,30.42,4.07,-56,10.00,
2026-09-11T09:48:07,2,1.607,28.55,27.9340,25.9,1.625,29.97,4.10,-58,9.75,
2026-09-11T09:48:08,2,1.640,31.19,27.9410,25.9,1.629,30.29,4.07,-57,10.25,
2026-09-11T09:48:10,2,1.629,30.29,27.9540,25.9,1.627,30.16,4.09,-57,10.00,
2026-09-11T09:48:11,2,1.605,28.42,27.9530,25.9,1.626,30.10,4.10,-57,9.75,
2026-09-11T09:48:12,2,1.639,31.13,27.9460,25.9,1.631,30.48,4.07,-57,10.50,
2026-09-11T09:48:13,2,1.607,28.55,27.9500,25.9,1.625,30.03,4.10,-57,9.75,
2026-09-11T09:48:14,2,1.610,28.81,27.9450,25.9,1.631,30.48,4.08,-57,10.00,
2026-09-11T09:48:15,2,1.630,30.42,27.9490,25.9,1.631,30.48,4.07,-57,10.25,
2026-09-11T09:48:16,2,1.608,28.68,27.9490,25.9,1.628,30.23,4.10,-56,9.50,
2026-09-11T09:48:17,2,1.637,30.94,27.9500,25.9,1.634,30.74,4.07,-57,10.25,
2026-09-11T09:48:18,2,1.626,30.10,27.9530,25.9,1.628,30.23,4.09,-57,9.50,
2026-09-11T09:48:19,2,1.609,28.74,27.9670,25.9,1.624,29.90,4.10,-58,10.25,
2026-09-11T09:48:20,2,1.632,30.55,27.9730,25.9,1.633,30.68,4.07,-57,10.25,
2026-09-11T09:48:22,2,1.606,28.49,27.9700,25.9,1.625,30.03,4.10,-57,10.00,
2026-09-11T09:48:23,2,1.613,29.00,27.9730,25.9,1.629,30.29,4.08,-57,9.75,
2026-09-11T09:48:24,2,1.630,30.42,27.9690,25.9,1.630,30.42,4.07,-57,10.25,
2026-09-11T09:48:25,2,1.605,28.42,27.9600,25.9,1.625,29.97,4.10,-58,9.75,
2026-09-11T09:48:26,2,1.610,28.81,27.9640,25.9,1.630,30.42,4.09,-56,10.50,
2026-09-11T09:48:27,2,1.627,30.16,27.9530,25.9,1.627,30.16,4.08,-57,9.75,
2026-09-11T09:48:28,2,1.604,28.36,27.9580,25.9,1.621,29.71,4.10,-57,10.00,
2026-09-11T09:48:29,2,1.633,30.68,27.9420,25.9,1.629,30.36,4.07,-57,10.25,
2026-09-11T09:48:30,2,1.627,30.16,27.9430,25.9,1.624,29.90,4.09,-58,10.00,
2026-09-11T09:48:31,2,1.613,29.07,27.9470,25.9,1.631,30.48,4.08,-57,10.25,
2026-09-11T09:48:37,2,1.606,28.49,27.9460,25.9,1.623,29.84,4.10,-53,8.75,
2026-09-11T09:48:38,2,1.632,30.55,27.9550,25.9,1.632,30.55,4.07,-53,8.75,
2026-09-11T09:48:39,2,1.630,30.42,27.9620,25.9,1.626,30.10,4.09,-52,8.50,
2026-09-11T09:48:40,2,1.608,28.62,27.9640,25.9,1.632,30.55,4.10,-57,9.50,
2026-09-11T09:48:41,2,1.632,30.55,27.9630,25.9,1.632,30.55,4.08,-57,9.75,
2026-09-11T09:48:42,2,1.606,28.49,27.9590,25.9,1.623,29.84,4.10,-57,9.75,
2026-09-11T09:48:43,2,1.609,28.74,27.9560,25.9,1.628,30.23,4.09,-57,9.75,
2026-09-11T09:48:45,2,1.630,30.42,27.9700,25.9,1.629,30.36,4.07,-58,10.00,
2026-09-11T09:48:46,2,1.607,28.55,27.9680,25.9,1.623,29.84,4.10,-57,9.50,
2026-09-11T09:48:47,2,1.638,31.00,27.9730,25.9,1.633,30.61,4.07,-57,10.25,
2026-09-11T09:48:48,2,1.628,30.23,27.9740,25.9,1.629,30.29,4.09,-57,9.25,
2026-09-11T09:48:49,2,1.607,28.55,27.9710,25.9,1.627,30.16,4.10,-57,10.00,
2026-09-11T09:48:50,2,1.632,30.55,27.9750,25.9,1.629,30.36,4.07,-57,10.50,
2026-09-11T09:48:51,2,1.607,28.55,27.9720,25.9,1.622,29.78,4.10,-57,10.00,
2026-09-11T09:48:52,2,1.612,28.94,27.9730,25.9,1.628,30.23,4.08,-57,10.00,
2026-09-11T09:48:53,2,1.630,30.42,27.9850,25.9,1.631,30.48,4.07,-57,10.50,
2026-09-11T09:48:54,2,1.607,28.55,27.9780,25.9,1.625,30.03,4.10,-57,9.75,
2026-09-11T09:48:55,2,1.633,30.61,27.9790,25.9,1.633,30.61,4.07,-57,10.00,
2026-09-11T09:48:57,2,1.627,30.16,27.9820,25.9,1.628,30.23,4.08,-56,9.75,
2026-09-11T09:48:58,2,1.606,28.49,27.9780,25.9,1.626,30.10,4.10,-57,9.75,
2026-09-11T09:48:59,2,1.635,30.81,27.9840,25.9,1.634,30.74,4.07,-56,10.75,
2026-09-11T09:49:00,2,1.608,28.68,27.9770,25.9,1.624,29.90,4.10,-58,9.75,
2026-09-11T09:49:01,2,1.611,28.87,27.9690,25.9,1.629,30.36,4.09,-58,9.25,
2026-09-11T09:49:02,2,1.631,30.48,27.9710,25.9,1.631,30.48,4.07,-57,10.00,
2026-09-11T09:49:03,2,1.608,28.62,27.9700,25.9,1.625,30.03,4.10,-57,9.75,
2026-09-11T09:49:04,2,1.639,31.13,27.9710,25.9,1.632,30.55,4.07,-57,10.25,
2026-09-11T09:49:05,2,1.629,30.29,27.9710,25.9,1.629,30.29,4.09,-57,9.50,
2026-09-11T09:49:06,2,1.608,28.62,27.9760,25.9,1.625,30.03,4.10,-56,9.75,
2026-09-11T09:49:08,2,1.633,30.68,27.9680,25.9,1.632,30.55,4.07,-58,9.75,
2026-09-11T09:49:09,2,1.608,28.62,27.9700,25.9,1.625,29.97,4.10,-58,10.00,
2026-09-11T09:49:10,2,1.613,29.00,27.9700,25.9,1.628,30.23,4.07,-57,11.00,
2026-09-11T09:49:11,2,1.631,30.48,27.9710,25.9,1.636,30.87,4.08,-57,10.50,
2026-09-11T09:49:12,2,1.608,28.62,27.9710,25.9,1.623,29.84,4.10,-57,10.00,
2026-09-11T09:49:13,2,1.636,30.87,27.9760,25.9,1.633,30.61,4.07,-57,10.00,
2026-09-11T09:49:14,2,1.628,30.23,27.9730,25.9,1.627,30.16,4.09,-57,9.75,
2026-09-11T09:49:15,2,1.608,28.62,27.9730,25.9,1.624,29.90,4.10,-58,9.50,
2026-09-11T09:49:16,2,1.630,30.42,27.9710,25.9,1.633,30.61,4.07,-57,11.00,
2026-09-11T09:49:22,2,1.637,30.94,27.9610,25.9,1.633,30.61,4.07,-52,9.00,
2026-09-11T09:49:23,2,1.626,30.10,27.9670,25.9,1.628,30.23,4.08,-52,8.50,
2026-09-11T09:49:24,2,1.621,29.71,27.9660,25.9,1.625,30.03,4.10,-53,8.75,
2026-09-11T09:49:25,2,1.633,30.61,27.9570,25.9,1.631,30.48,4.07,-57,10.25,
2026-09-11T09:49:26,2,1.609,28.74,27.9650,25.9,1.625,29.97,4.10,-58,9.75,
2026-09-11T09:49:27,2,1.613,29.07,27.9640,25.9,1.628,30.23,4.08,-57,9.50,
2026-09-11T09:49:28,2,1.630,30.42,27.9740,25.9,1.629,30.36,4.07,-57,10.00,
2026-09-11T09:49:29,2,1.606,28.49,27.9700,25.9,1.625,29.97,4.10,-58,10.00,
2026-09-11T09:49:30,2,1.637,30.94,27.9710,25.9,1.632,30.55,4.07,-58,10.00,
2026-09-11T09:49:32,2,1.629,30.36,27.9730,26.9,1.626,30.10,4.08,-57,10.00,
2026-09-11T09:49:33,2,1.608,28.62,27.9700,25.9,1.624,29.90,4.10,-58,10.00,
2026-09-11T09:49:34,2,1.633,30.61,27.9660,25.9,1.631,30.48,4.07,-57,9.75,
2026-09-11T09:49:35,2,1.607,28.55,27.9680,25.9,1.625,30.03,4.10,-57,9.75,
2026-09-11T09:49:36,2,1.610,28.81,27.9590,25.9,1.629,30.29,4.10,-57,9.00,
2026-09-11T09:49:37,2,1.630,30.42,27.9660,25.9,1.633,30.61,4.07,-57,10.25,
2026-09-11T09:49:38,2,1.606,28.49,27.9590,25.9,1.625,29.97,4.10,-58,9.75,
2026-09-11T09:49:39,2,1.636,30.87,27.9640,25.9,1.633,30.68,4.07,-57,9.50,
2026-09-11T09:49:40,2,1.626,30.10,27.9580,25.9,1.627,30.16,4.08,-57,10.00,
2026-09-11T09:49:41,2,1.606,28.49,27.9590,25.9,1.629,30.29,4.10,-57,10.00,
2026-09-11T09:49:42,2,1.632,30.55,27.9500,25.9,1.629,30.36,4.07,-58,10.00,
2026-09-11T09:49:44,2,1.600,27.97,27.9530,25.9,1.624,29.90,4.10,-58,9.50,
2026-09-11T09:49:45,2,1.606,28.49,27.9510,25.9,1.625,29.97,4.10,-58,9.75,
2026-09-11T09:49:46,2,1.630,30.42,27.9430,25.9,1.632,30.55,4.07,-57,10.25,
2026-09-11T09:49:47,2,1.607,28.55,27.9440,25.9,1.625,29.97,4.10,-57,9.75,
2026-09-11T09:49:48,2,1.638,31.00,27.9440,25.9,1.630,30.42,4.06,-57,10.75,
2026-09-11T09:49:49,2,1.631,30.48,27.9460,25.9,1.629,30.36,4.07,-57,10.25,
2026-09-11T09:49:50,2,1.608,28.62,27.9570,25.9,1.626,30.10,4.10,-57,10.00,
2026-09-11T09:49:51,2,1.633,30.61,27.9560,25.9,1.633,30.61,4.07,-57,10.50,
2026-09-11T09:49:52,2,1.608,28.62,27.9550,25.9,1.625,29.97,4.10,-57,10.25,
2026-09-11T09:49:53,2,1.607,28.55,27.9630,25.9,1.623,29.84,4.10,-57,9.75,
2026-09-11T09:49:55,2,1.633,30.68,27.9530,25.9,1.629,30.36,4.07,-57,10.25,
2026-09-11T09:49:56,2,1.608,28.62,27.9590,25.9,1.624,29.90,4.10,-58,10.00,
2026-09-11T09:49:57,2,1.638,31.00,27.9590,25.9,1.636,30.87,4.07,-56,9.75,
2026-09-11T09:49:58,2,1.631,30.48,27.9690,25.9,1.630,30.42,4.07,-57,10.25,
2026-09-11T09:49:59,2,1.608,28.62,27.9690,25.9,1.627,30.16,4.10,-57,10.00,
2026-09-11T09:50:00,2,1.634,30.74,27.9630,25.9,1.632,30.55,4.07,-57,10.00,
2026-09-11T09:50:01,2,1.609,28.74,27.9620,25.9,1.625,29.97,4.10,-58,9.75,
2026-09-11T09:50:05,2,1.637,30.94,27.9760,25.9,1.634,30.74,4.07,-53,9.25,
2026-09-11T09:50:07,2,1.632,30.55,27.9740,25.9,1.631,30.48,4.07,-53,9.00,
2026-09-11T09:50:08,2,1.606,28.49,27.9650,25.9,1.621,29.71,4.10,-53,8.50,
2026-09-11T09:50:09,2,1.633,30.61,27.9600,25.9,1.631,30.48,4.07,-52,9.25,
2026-09-11T09:50:10,2,1.604,28.36,27.9440,25.9,1.628,30.23,4.10,-57,9.75,
2026-09-11T09:50:11,2,1.608,28.62,27.9470,25.9,1.626,30.10,4.10,-57,9.75,
2026-09-11T09:50:12,2,1.629,30.36,27.9460,25.9,1.631,30.48,4.07,-57,10.25,
2026-09-11T09:50:13,2,1.608,28.62,27.9430,25.9,1.625,29.97,4.10,-57,9.75,
2026-09-11T09:50:14,2,1.638,31.07,27.9360,25.9,1.635,30.81,4.06,-57,10.00,
2026-09-11T09:50:15,2,1.630,30.42,27.9440,25.9,1.631,30.48,4.07,-57,10.50,
2026-09-11T09:50:16,2,1.608,28.62,27.9500,25.9,1.626,30.10,4.10,-57,10.00,
2026-09-11T09:50:17,2,1.634,30.74,27.9480,25.9,1.630,30.42,4.07,-57,10.25,
2026-09-11T09:50:19,2,1.608,28.62,27.9520,25.9,1.625,30.03,4.10,-57,9.50,
2026-09-11T09:50:20,2,1.606,28.49,27.9680,25.9,1.625,29.97,4.10,-57,9.75,
2026-09-11T09:50:21,2,1.632,30.55,27.9740,25.9,1.633,30.68,4.07,-57,10.25,
2026-09-11T09:50:22,2,1.606,28.49,27.9700,25.9,1.625,30.03,4.10,-57,9.75,
2026-09-11T09:50:23,2,1.639,31.13,27.9780,25.9,1.633,30.61,4.07,-57,10.00,
2026-09-11T09:50:24,2,1.630,30.42,27.9840,25.9,1.629,30.36,4.07,-57,10.25,
2026-09-11T09:50:25,2,1.608,28.62,27.9770,25.9,1.625,30.03,4.10,-57,10.00,
2026-09-11T09:50:26,2,1.633,30.68,27.9670,25.9,1.631,30.48,4.07,-57,10.00,
2026-09-11T09:50:27,2,1.608,28.62,27.9750,25.9,1.626,30.10,4.08,-57,10.00,
2026-09-11T09:50:28,2,1.610,28.81,27.9690,25.9,1.625,30.03,4.10,-57,9.75,
2026-09-11T09:50:29,2,1.631,30.48,27.9760,25.9,1.629,30.36,4.07,-57,10.00,
2026-09-11T09:50:31,2,1.606,28.49,27.9760,25.9,1.625,29.97,4.10,-57,9.75,
2026-09-11T09:50:32,2,1.607,28.55,27.9850,25.9,1.625,29.97,4.10,-58,9.75,
2026-09-11T09:50:33,2,1.630,30.42,27.9830,25.9,1.631,30.48,4.07,-57,10.25,
2026-09-11T09:50:34,2,1.607,28.55,27.9780,25.9,1.629,30.29,4.10,-57,9.50,
2026-09-11T09:50:35,2,1.636,30.87,27.9840,25.9,1.632,30.55,4.06,-57,9.75,
2026-09-11T09:50:36,2,1.629,30.36,27.9850,25.9,1.636,30.87,4.07,-57,10.25,
2026-09-11T09:50:37,2,1.608,28.62,27.9810,25.9,1.624,29.90,4.10,-56,10.00,
2026-09-11T09:50:38,2,1.629,30.36,27.9760,25.9,1.631,30.48,4.07,-57,10.00,
2026-09-11T09:50:39,2,1.608,28.62,27.9590,25.9,1.622,29.78,4.10,-58,9.50,
2026-09-11T09:50:40,2,1.608,28.68,27.9530,25.9,1.625,30.03,4.10,-57,9.50,
2026-09-11T09:50:42,2,1.631,30.48,27.9560,25.9,1.631,30.48,4.07,-57,10.25,
2026-09-11T09:50:43,2,1.608,28.62,27.9520,25.9,1.625,30.03,4.10,-57,9.75,
2026-09-11T09:50:44,2,1.633,30.61,27.9470,25.9,1.633,30.61,4.07,-57,10.00,
2026-09-11T09:50:45,2,1.629,30.36,27.9570,25.9,1.631,30.48,4.07,-57,10.25,
2026-09-11T09:50:46,2,1.610,28.81,27.9630,25.9,1.638,31.07,4.10,-57,9.50,
2026-09-11T09:50:50,2,1.629,30.36,27.9710,25.9,1.630,30.42,4.07,-53,8.75,
2026-09-11T09:50:51,2,1.610,28.81,27.9610,25.9,1.625,29.97,4.10,-53,8.50,
2026-09-11T09:50:52,2,1.635,30.81,27.9660,25.9,1.631,30.48,4.07,-52,8.75,
2026-09-11T09:50:54,2,1.628,30.23,27.9780,25.9,1.632,30.55,4.07,-53,10.00,
2026-09-11T09:50:55,2,1.606,28.49,27.9730,25.9,1.627,30.16,4.10,-57,9.75,
2026-09-11T09:50:56,2,1.632,30.55,27.9650,25.9,1.631,30.48,4.07,-57,10.50,
2026-09-11T09:50:57,2,1.607,28.55,27.9620,25.9,1.616,29.26,4.10,-57,10.00,
2026-09-11T09:50:58,2,1.608,28.68,27.9710,25.9,1.625,30.03,4.10,-57,10.00,
2026-09-11T09:50:59,2,1.627,30.16,27.9670,25.9,1.634,30.74,4.07,-57,10.50,
2026-09-11T09:51:00,2,1.607,28.55,27.9730,25.9,1.625,30.03,4.10,-57,9.75,
2026-09-11T09:51:01,2,1.636,30.87,27.9780,25.9,1.633,30.68,4.06,-57,9.75,
2026-09-11T09:51:02,2,1.630,30.42,27.9790,25.9,1.632,30.55,4.07,-57,10.25,
2026-09-11T09:51:03,2,1.608,28.68,27.9730,25.9,1.631,30.48,4.10,-57,10.00,
2026-09-11T09:51:04,2,1.632,30.55,27.9720,25.9,1.633,30.68,4.07,-57,10.25,
2026-09-11T09:51:06,2,1.602,28.16,27.9740,25.9,1.625,29.97,4.10,-58,9.75,
2026-09-11T09:51:07,2,1.608,28.68,27.9710,25.9,1.625,29.97,4.10,-57,9.75,
2026-09-11T09:51:08,2,1.630,30.42,27.9710,25.9,1.631,30.48,4.07,-57,9.75,
2026-09-11T09:51:09,2,1.608,28.68,27.9760,25.9,1.626,30.10,4.10,-57,9.75,
2026-09-11T09:51:10,2,1.639,31.13,27.9770,25.9,1.633,30.61,4.06,-56,9.50,
2026-09-11T09:51:11,2,1.633,30.61,27.9800,25.9,1.626,30.10,4.08,-57,10.00,
2026-09-11T09:51:12,2,1.608,28.62,27.9850,25.9,1.625,30.03,4.10,-57,10.00,
2026-09-11T09:51:13,2,1.633,30.61,27.9850,25.9,1.631,30.48,4.07,-57,10.00,
2026-09-11T09:51:14,2,1.607,28.55,27.9820,25.9,1.627,30.16,4.10,-57,10.50,
2026-09-11T09:51:15,2,1.607,28.55,27.9920,25.9,1.625,29.97,4.10,-57,9.75,
2026-09-11T09:51:17,2,1.633,30.68,28.0000,25.9,1.629,30.36,4.07,-57,9.50,
2026-09-11T09:51:18,2,1.609,28.74,27.9940,25.9,1.625,29.97,4.10,-56,9.75,
2026-09-11T09:51:19,2,1.639,31.13,28.0030,25.9,1.635,30.81,4.07,-57,10.25,
2026-09-11T09:51:20,2,1.631,30.48,28.0060,25.9,1.630,30.42,4.07,-57,10.25,
2026-09-11T09:51:21,2,1.608,28.68,28.0080,25.9,1.627,30.16,4.10,-57,9.75,
2026-09-11T09:51:22,2,1.634,30.74,27.9980,25.9,1.635,30.81,4.07,-57,10.50,
2026-09-11T09:51:23,2,1.608,28.62,28.0000,25.9,1.626,30.10,4.09,-57,9.50,
2026-09-11T09:51:24,2,1.599,27.91,28.0050,25.9,1.627,30.16,4.10,-57,10.00,
2026-09-11T09:51:25,2,1.628,30.23,28.0060,25.9,1.633,30.68,4.07,-57,10.00,
2026-09-11T09:51:26,2,1.608,28.62,28.0090,25.9,1.625,30.03,4.10,-57,10.00,
2026-09-11T09:51:27,2,1.638,31.00,28.0090,25.9,1.635,30.81,4.07,-56,10.00,
2026-09-11T09:51:29,2,1.632,30.55,28.0090,25.9,1.630,30.42,4.07,-57,10.00,
2026-09-11T09:51:30,2,1.608,28.68,28.0070,25.9,1.630,30.42,4.10,-57,9.75,
2026-09-11T09:51:35,2,1.607,28.55,28.0040,25.9,1.626,30.10,4.10,-53,8.50,
2026-09-11T09:51:36,2,1.614,29.13,27.9950,25.9,1.626,30.10,4.10,-53,8.50,
2026-09-11T09:51:37,2,1.633,30.61,27.9930,25.9,1.632,30.55,4.07,-52,9.25,
2026-09-11T09:51:38,2,1.607,28.55,27.9930,25.9,1.625,30.03,4.10,-57,9.75,
2026-09-11T09:51:39,2,1.633,30.61,27.9940,25.9,1.629,30.36,4.07,-57,10.25,
2026-09-11T09:51:41,2,1.621,29.65,27.9900,25.9,1.631,30.48,4.07,-57,10.25,
2026-09-11T09:51:42,2,1.608,28.62,28.0000,25.9,1.624,29.90,4.10,-58,9.75,
2026-09-11T09:51:43,2,1.629,30.29,27.9960,25.9,1.630,30.42,4.07,-57,10.25,
2026-09-11T09:51:44,2,1.607,28.55,27.9960,25.9,1.626,30.10,4.10,-57,9.75,
2026-09-11T09:51:45,2,1.608,28.62,27.9950,25.9,1.625,30.03,4.10,-57,9.75,
2026-09-11T09:51:46,2,1.632,30.55,28.0000,25.9,1.633,30.68,4.07,-57,10.00,
2026-09-11T09:51:47,2,1.608,28.62,27.9940,25.9,1.626,30.10,4.10,-57,9.75,
2026-09-11T09:51:48,2,1.634,30.74,27.9910,25.9,1.632,30.55,4.06,-57,10.00,
2026-09-11T09:51:49,2,1.628,30.23,27.9820,25.9,1.632,30.55,4.07,-57,10.50,
2026-09-11T09:51:50,2,1.608,28.62,27.9790,25.9,1.625,29.97,4.10,-58,9.75,
2026-09-11T09:51:51,2,1.633,30.68,27.9810,25.9,1.630,30.42,4.07,-57,10.50,
2026-09-11T09:51:53,2,1.600,27.97,27.9780,25.9,1.623,29.84,4.10,-57,10.50,
2026-09-11T09:51:54,2,1.609,28.74,27.9740,25.9,1.626,30.10,4.10,-57,9.75,
2026-09-11T09:51:55,2,1.632,30.55,27.9810,25.9,1.632,30.55,4.07,-57,10.25,
2026-09-11T09:51:56,2,1.609,28.74,27.9920,25.9,1.624,29.90,4.10,-58,9.75,
2026-09-11T09:51:57,2,1.637,30.94,27.9910,25.9,1.633,30.68,4.06,-57,10.00,
2026-09-11T09:51:58,2,1.632,30.55,27.9900,25.9,1.633,30.61,4.07,-57,10.25,
2026-09-11T09:51:59,2,1.607,28.55,27.9870,25.9,1.624,29.90,4.10,-57,9.50,
2026-09-11T09:52:00,2,1.632,30.55,28.0000,25.9,1.633,30.68,4.07,-57,10.25,
2026-09-11T09:52:01,2,1.608,28.68,27.9970,25.9,1.625,29.97,4.10,-57,9.75,
2026-09-11T09:52:02,2,1.607,28.55,28.0050,25.9,1.626,30.10,4.10,-57,9.75,
2026-09-11T09:52:04,2,1.632,30.55,28.0110,25.9,1.630,30.42,4.07,-57,10.25,
2026-09-11T09:52:05,2,1.609,28.74,28.0170,25.9,1.627,30.16,4.10,-57,9.75,
2026-09-11T09:52:06,2,1.638,31.00,28.0160,25.9,1.632,30.55,4.06,-57,9.75,
2026-09-11T09:52:07,2,1.631,30.48,28.0250,25.9,1.630,30.42,4.07,-57,10.25,
2026-09-11T09:52:08,2,1.608,28.68,28.0330,25.9,1.625,29.97,4.10,-57,9.75,
2026-09-11T09:52:09,2,1.633,30.61,28.0340,25.9,1.633,30.68,4.07,-57,10.25,
2026-09-11T09:52:10,2,1.608,28.62,28.0450,25.9,1.625,30.03,4.10,-59,9.50,
2026-09-11T09:52:11,2,1.608,28.62,28.0420,25.9,1.625,30.03,4.10,-59,8.75,
2026-09-11T09:52:12,2,1.633,30.61,28.0500,25.9,1.633,30.61,4.07,-60,10.00,
2026-09-11T09:52:13,2,1.607,28.55,28.0470,25.9,1.625,30.03,4.10,-62,9.75,
2026-09-11T09:52:14,2,1.638,31.00,28.0470,25.9,1.633,30.68,4.06,-58,10.25,
2026-09-11T09:52:20,2,1.608,28.68,28.0220,25.9,1.626,30.10,4.10,-55,7.50,
2026-09-11T09:52:21,2,1.633,30.61,28.0160,25.9,1.631,30.48,4.07,-55,8.50,
2026-09-11T09:52:22,2,1.608,28.62,28.0180,25.9,1.626,30.10,4.10,-56,8.00,
2026-09-11T09:52:23,2,1.633,30.61,28.0200,25.9,1.630,30.42,4.08,-60,9.75,
2026-09-11T09:52:24,2,1.633,30.61,28.0060,25.9,1.633,30.61,4.07,-60,10.25,
2026-09-11T09:52:25,2,1.607,28.55,28.0060,25.9,1.626,30.10,4.10,-60,9.50,
2026-09-11T09:52:26,2,1.635,30.81,28.0040,25.9,1.630,30.42,4.06,-60,10.00,
2026-09-11T09:52:28,2,1.611,28.87,27.9960,25.9,1.629,30.29,4.08,-59,9.75,
2026-09-11T09:52:29,2,1.608,28.68,27.9920,25.9,1.625,29.97,4.10,-60,9.75,
2026-09-11T09:52:30,2,1.633,30.61,27.9870,25.9,1.632,30.55,4.07,-60,10.00,
2026-09-11T09:52:31,2,1.605,28.42,27.9970,25.9,1.629,30.29,4.10,-60,9.50,
2026-09-11T09:52:32,2,1.635,30.81,27.9930,25.9,1.629,30.29,4.08,-60,9.75,
2026-09-11T09:52:33,2,1.633,30.68,28.0010,25.9,1.635,30.81,4.07,-60,10.25,
2026-09-11T09:52:34,2,1.607,28.55,28.0030,25.9,1.625,30.03,4.10,-59,9.75,
2026-09-11T09:52:35,2,1.635,30.81,27.9990,25.9,1.633,30.68,4.06,-60,9.50,
2026-09-11T09:52:36,2,1.611,28.87,28.0010,25.9,1.629,30.36,4.08,-59,9.75,
2026-09-11T09:52:37,2,1.608,28.62,28.0070,25.9,1.625,30.03,4.09,-60,9.50,
2026-09-11T09:52:38,2,1.633,30.68,28.0150,25.9,1.632,30.55,4.07,-60,9.75,
2026-09-11T09:52:40,2,1.611,28.87,28.0150,25.9,1.625,30.03,4.10,-60,9.50,
2026-09-11T09:52:41,2,1.649,31.90,28.0180,25.9,1.628,30.23,4.08,-59,11.00,
2026-09-11T09:52:42,2,1.632,30.55,28.0240,25.9,1.632,30.55,4.08,-58,10.00,
2026-09-11T09:52:43,2,1.608,28.68,28.0230,25.9,1.625,29.97,4.10,-60,9.25,
2026-09-11T09:52:44,2,1.626,30.10,28.0260,25.9,1.632,30.55,4.07,-58,10.25,
2026-09-11T09:52:45,2,1.612,28.94,28.0360,25.9,1.631,30.48,4.08,-57,9.75,
2026-09-11T09:52:46,2,1.609,28.74,28.0360,25.9,1.625,30.03,4.10,-56,10.00,
2026-09-11T09:52:47,2,1.630,30.42,28.0410,25.9,1.632,30.55,4.07,-58,9.75,
2026-09-11T09:52:48,2,1.607,28.55,28.0440,25.9,1.625,30.03,4.10,-55,9.50,
2026-09-11T09:52:49,2,1.627,30.16,28.0400,25.9,1.629,30.36,4.08,-59,9.50,
2026-09-11T09:52:51,2,1.630,30.42,28.0350,25.9,1.634,30.74,4.07,-59,9.75,
2026-09-11T09:52:52,2,1.608,28.62,28.0400,25.9,1.624,29.90,4.10,-59,9.25,
2026-09-11T09:52:53,2,1.635,30.81,28.0290,25.9,1.634,30.74,4.06,-59,9.50,
2026-09-11T09:52:54,2,1.608,28.62,28.0330,25.9,1.629,30.29,4.09,-59,9.00,
2026-09-11T09:52:55,2,1.606,28.49,28.0380,25.9,1.626,30.10,4.10,-59,9.50,
2026-09-11T09:52:56,2,1.633,30.61,28.0440,25.9,1.632,30.55,4.07,-59,9.50,
2026-09-11T09:52:57,2,1.604,28.29,28.0370,25.9,1.625,30.03,4.10,-59,9.25,
2026-09-11T09:52:58,2,1.632,30.55,28.0450,25.9,1.629,30.29,4.08,-59,9.75,
2026-09-11T09:52:59,2,1.631,30.48,28.0470,25.9,1.632,30.55,4.07,-59,9.75,
2026-09-11T09:53:05,2,1.633,30.68,28.0260,25.9,1.631,30.48,4.07,-54,7.00,
2026-09-11T09:53:06,2,1.608,28.62,28.0220,25.9,1.625,30.03,4.09,-54,6.75,
2026-09-11T09:53:07,2,1.608,28.68,28.0190,25.9,1.625,30.03,4.10,-54,8.50,
2026-09-11T09:53:08,2,1.631,30.48,28.0200,25.9,1.629,30.36,4.07,-59,10.00,
2026-09-11T09:53:09,2,1.608,28.68,28.0200,25.9,1.625,30.03,4.10,-59,9.50,
2026-09-11T09:53:10,2,1.635,30.81,28.0300,25.9,1.633,30.68,4.06,-59,9.25,
2026-09-11T09:53:11,2,1.629,30.36,28.0250,25.9,1.632,30.55,4.08,-59,9.75,
2026-09-11T09:53:12,2,1.607,28.55,28.0280,25.9,1.619,29.52,4.10,-59,9.00,
2026-09-11T09:53:13,2,1.632,30.55,28.0190,25.9,1.630,30.42,4.06,-59,9.50,
2026-09-11T09:53:15,2,1.610,28.81,28.0130,25.9,1.628,30.23,4.10,-59,9.50,
2026-09-11T09:53:16,2,1.607,28.55,28.0170,25.9,1.625,29.97,4.10,-59,9.75,
2026-09-11T09:53:17,2,1.632,30.55,28.0240,25.9,1.633,30.68,4.07,-59,9.75,
2026-09-11T09:53:18,2,1.608,28.62,28.0230,25.9,1.625,30.03,4.10,-59,9.25,
2026-09-11T09:53:19,2,1.632,30.55,28.0220,25.9,1.630,30.42,4.08,-59,9.50,
2026-09-11T09:53:20,2,1.625,30.03,28.0250,25.9,1.632,30.55,4.07,-59,9.75,
2026-09-11T09:53:21,2,1.609,28.74,28.0280,25.9,1.625,30.03,4.10,-59,9.25,
2026-09-11T09:53:22,2,1.633,30.61,28.0180,25.9,1.633,30.61,4.07,-59,9.50,
2026-09-11T09:53:23,2,1.613,29.00,28.0260,25.9,1.628,30.23,4.09,-59,9.75,
2026-09-11T09:53:24,2,1.607,28.55,28.0240,25.9,1.625,29.97,4.10,-60,9.75,
2026-09-11T09:53:26,2,1.633,30.68,28.0240,25.9,1.630,30.42,4.07,-60,10.00,
2026-09-11T09:53:27,2,1.608,28.68,28.0310,25.9,1.627,30.16,4.10,-59,9.75,
2026-09-11T09:53:28,2,1.631,30.48,28.0260,25.9,1.632,30.55,4.09,-59,9.50,
2026-09-11T09:53:29,2,1.631,30.48,28.0170,25.9,1.629,30.36,4.07,-60,10.25,
2026-09-11T09:53:30,2,1.609,28.74,28.0170,25.9,1.629,30.29,4.10,-60,9.50,
2026-09-11T09:53:31,2,1.633,30.61,28.0100,25.9,1.632,30.55,4.07,-60,10.25,
2026-09-11T09:53:32,2,1.610,28.81,28.0130,25.9,1.630,30.42,4.08,-60,9.50,
2026-09-11T09:53:33,2,1.606,28.49,28.0170,25.9,1.625,30.03,4.09,-59,9.50,
2026-09-11T09:53:34,2,1.632,30.55,28.0300,25.9,1.632,30.55,4.07,-60,10.00,
2026-09-11T09:53:35,2,1.608,28.62,28.0350,25.9,1.626,30.10,4.10,-59,9.75,
2026-09-11T09:53:36,2,1.635,30.81,28.0370,25.9,1.628,30.23,4.08,-60,9.75,
2026-09-11T09:53:38,2,1.631,30.48,28.0330,25.9,1.630,30.42,4.07,-60,10.00,
2026-09-11T09:53:39,2,1.608,28.62,28.0320,25.9,1.625,29.97,4.09,-59,9.25,
2026-09-11T09:53:40,2,1.633,30.61,28.0290,25.9,1.633,30.68,4.07,-60,10.00,
2026-09-11T09:53:41,2,1.612,28.94,28.0300,25.9,1.629,30.29,4.08,-59,9.50,
2026-09-11T09:53:42,2,1.608,28.68,28.0310,25.9,1.625,30.03,4.10,-60,9.75,
2026-09-11T09:53:43,2,1.633,30.68,28.0280,25.9,1.633,30.61,4.07,-60,10.25,
2026-09-11T09:53:48,2,1.633,30.68,28.0450,25.9,1.632,30.55,4.06,-55,6.75,
2026-09-11T09:53:50,2,1.608,28.68,28.0530,25.9,1.630,30.42,4.07,-55,7.00,
2026-09-11T09:53:51,2,1.609,28.74,28.0540,25.9,1.625,30.03,4.10,-55,7.00,
2026-09-11T09:53:52,2,1.633,30.68,28.0570,25.9,1.634,30.74,4.07,-55,10.75,
2026-09-11T09:53:53,2,1.599,27.91,28.0520,25.9,1.627,30.16,4.10,-59,9.75,
2026-09-11T09:53:54,2,1.634,30.74,28.0510,25.9,1.635,30.81,4.08,-59,9.50,
2026-09-11T09:53:55,2,1.634,30.74,28.0460,25.9,1.630,30.42,4.07,-59,10.00,
2026-09-11T09:53:56,2,1.608,28.62,28.0430,25.9,1.627,30.16,4.10,-60,9.50,
2026-09-11T09:53:57,2,1.635,30.81,28.0450,25.9,1.634,30.74,4.06,-59,9.75,
2026-09-11T09:53:58,2,1.610,28.81,28.0540,25.9,1.626,30.10,4.08,-59,9.75,
2026-09-11T09:53:59,2,1.611,28.87,28.0500,25.9,1.625,29.97,4.10,-60,9.50,
2026-09-11T09:54:00,2,1.633,30.61,28.0500,25.9,1.631,30.48,4.07,-59,10.00,
2026-09-11T09:54:02,2,1.609,28.74,28.0560,25.9,1.626,30.10,4.10,-60,10.00,
2026-09-11T09:54:03,2,1.636,30.87,28.0600,25.9,1.629,30.29,4.08,-60,10.00,
2026-09-11T09:54:04,2,1.630,30.42,28.0580,25.9,1.633,30.61,4.07,-60,10.00,
2026-09-11T09:54:05,2,1.606,28.49,28.0520,25.9,1.623,29.84,4.10,-60,9.75,
2026-09-11T09:54:06,2,1.635,30.81,28.0420,25.9,1.633,30.68,4.06,-59,9.50,
2026-09-11T09:54:07,2,1.610,28.81,28.0390,25.9,1.629,30.29,4.09,-59,9.25,
2026-09-11T09:54:08,2,1.608,28.62,28.0290,25.9,1.625,29.97,4.10,-59,9.25,
2026-09-11T09:54:09,2,1.633,30.61,28.0270,25.9,1.633,30.68,4.07,-60,10.00,
2026-09-11T09:54:10,2,1.609,28.74,28.0250,25.9,1.625,30.03,4.09,-59,9.25,
2026-09-11T09:54:11,2,1.638,31.00,28.0180,25.9,1.629,30.36,4.08,-59,9.50,
2026-09-11T09:54:13,2,1.633,30.61,28.0160,25.9,1.630,30.42,4.07,-59,9.75,
2026-09-11T09:54:14,2,1.608,28.68,28.0110,25.9,1.625,29.97,4.10,-60,9.25,
2026-09-11T09:54:15,2,1.631,30.48,28.0140,25.9,1.627,30.16,4.08,-60,9.25,
2026-09-11T09:54:16,2,1.609,28.74,28.0080,25.9,1.630,30.42,4.08,-60,10.00,
2026-09-11T09:54:17,2,1.608,28.62,28.0070,25.9,1.627,30.16,4.10,-58,9.00,
2026-09-11T09:54:18,2,1.633,30.61,27.9990,25.9,1.632,30.55,4.07,-60,10.25,
2026-09-11T09:54:19,2,1.610,28.81,27.9850,25.9,1.625,29.97,4.08,-58,9.25,
2026-09-11T09:54:20,2,1.634,30.74,27.9880,25.9,1.629,30.36,4.08,-60,9.50,
2026-09-11T09:54:21,2,1.631,30.48,27.9810,25.9,1.630,30.42,4.07,-60,9.75,
2026-09-11T09:54:22,2,1.606,28.49,27.9860,25.9,1.626,30.10,4.10,-59,9.50,
2026-09-11T09:54:23,2,1.629,30.29,27.9960,25.9,1.629,30.36,4.08,-60,9.50,
2026-09-11T09:54:25,2,1.610,28.81,28.0050,25.9,1.628,30.23,4.08,-59,9.25,
2026-09-11T09:54:26,2,1.606,28.49,28.0070,25.9,1.625,29.97,4.09,-59,9.25,
2026-09-11T09:54:27,2,1.632,30.55,28.0040,25.9,1.632,30.55,4.06,-59,9.50,
2026-09-11T09:54:28,2,1.611,28.87,28.0020,25.9,1.629,30.29,4.08,-59,9.25,
2026-09-11T09:54:33,2,1.629,30.29,28.0140,25.9,1.631,30.48,4.07,-54,8.50,
2026-09-11T09:54:34,2,1.605,28.42,28.0210,25.9,1.625,30.03,4.10,-54,8.25,
2026-09-11T09:54:35,2,1.632,30.55,28.0320,25.9,1.625,30.03,4.07,-54,8.75,
2026-09-11T09:54:37,2,1.611,28.87,28.0290,25.9,1.630,30.42,4.08,-59,9.25,
2026-09-11T09:54:38,2,1.608,28.68,28.0340,25.9,1.628,30.23,4.10,-59,9.50,
2026-09-11T09:54:39,2,1.633,30.68,28.0330,25.9,1.632,30.55,4.07,-59,10.75,
2026-09-11T09:54:40,2,1.609,28.74,28.0400,25.9,1.627,30.16,4.10,-59,9.75,
2026-09-11T09:54:41,2,1.633,30.61,28.0380,25.9,1.628,30.23,4.08,-59,10.00,
2026-09-11T09:54:42,2,1.630,30.42,28.0440,25.9,1.632,30.55,4.07,-59,9.75,
2026-09-11T09:54:43,2,1.608,28.68,28.0380,25.9,1.623,29.84,4.09,-59,9.25,
2026-09-11T09:54:44,2,1.633,30.61,28.0300,25.9,1.633,30.68,4.07,-59,9.75,
2026-09-11T09:54:45,2,1.610,28.81,28.0340,25.9,1.630,30.42,4.08,-59,9.50,
2026-09-11T09:54:46,2,1.607,28.55,28.0410,25.9,1.625,29.97,4.10,-59,9.25,
2026-09-11T09:54:47,2,1.631,30.48,28.0480,25.9,1.630,30.42,4.07,-59,9.75,
2026-09-11T09:54:49,2,1.611,28.87,28.0440,25.9,1.624,29.90,4.10,-59,9.25,
2026-09-11T09:54:50,2,1.635,30.81,28.0460,25.9,1.628,30.23,4.08,-59,9.50,
2026-09-11T09:54:51,2,1.630,30.42,28.0360,25.9,1.631,30.48,4.07,-58,10.00,
2026-09-11T09:54:52,2,1.608,28.62,28.0240,25.9,1.624,29.90,4.09,-59,9.25,
2026-09-11T09:54:53,2,1.633,30.68,28.0300,25.9,1.633,30.61,4.06,-59,9.50,
2026-09-11T09:54:54,2,1.610,28.81,28.0260,25.9,1.629,30.29,4.08,-59,9.75,
2026-09-11T09:54:55,2,1.608,28.62,28.0140,25.9,1.625,30.03,4.10,-58,9.25,
2026-09-11T09:54:56,2,1.632,30.55,28.0090,25.9,1.631,30.48,4.07,-59,10.00,
2026-09-11T09:54:57,2,1.608,28.68,28.0110,25.9,1.626,30.10,4.10,-59,9.25,
2026-09-11T09:54:58,2,1.646,31.65,28.0160,25.9,1.630,30.42,4.08,-59,9.50,
2026-09-11T09:55:00,2,1.632,30.55,28.0120,25.9,1.633,30.61,4.07,-59,9.75,
2026-09-11T09:55:01,2,1.608,28.62,28.0190,25.9,1.624,29.90,4.10,-59,9.50,
2026-09-11T09:55:02,2,1.632,30.55,28.0140,25.9,1.633,30.68,4.08,-59,9.50,
2026-09-11T09:55:03,2,1.609,28.74,28.0200,25.9,1.629,30.29,4.08,-59,9.25,
2026-09-11T09:55:04,2,1.612,28.94,28.0200,25.9,1.625,29.97,4.10,-59,9.25,
2026-09-11T09:55:05,2,1.633,30.61,28.0210,25.9,1.633,30.61,4.07,-59,10.25,
2026-09-11T09:55:06,2,1.612,28.94,28.0180,25.9,1.631,30.48,4.08,-59,9.75,
2026-09-11T09:55:07,2,1.632,30.55,28.0170,25.9,1.629,30.36,4.08,-58,9.75,
2026-09-11T09:55:08,2,1.633,30.61,28.0160,25.9,1.632,30.55,4.07,-59,9.50,
2026-09-11T09:55:09,2,1.605,28.42,28.0170,25.9,1.623,29.84,4.10,-59,9.25,
2026-09-11T09:55:10,2,1.627,30.16,28.0260,25.9,1.629,30.29,4.08,-59,9.75,
2026-09-11T09:55:12,2,1.612,28.94,28.0270,25.9,1.634,30.74,4.08,-59,9.25,
2026-09-11T09:55:13,2,1.608,28.68,28.0230,25.9,1.624,29.90,4.09,-59,9.50,
2026-09-11T09:55:19,2,1.628,30.23,28.0340,25.9,1.628,30.23,4.08,-54,7.75,
2026-09-11T09:55:20,2,1.608,28.68,28.0270,25.9,1.630,30.42,4.09,-54,7.75,
2026-09-11T09:55:21,2,1.608,28.68,28.0340,25.9,1.627,30.16,4.10,-59,9.50,
2026-09-11T09:55:22,2,1.631,30.48,28.0350,25.9,1.633,30.68,4.06,-59,9.50,
2026-09-11T09:55:24,2,1.610,28.81,28.0310,25.9,1.628,30.23,4.08,-59,9.75,
2026-09-11T09:55:25,2,1.635,30.81,28.0280,25.9,1.630,30.42,4.08,-59,9.50,
2026-09-11T09:55:26,2,1.629,30.29,28.0320,25.9,1.633,30.61,4.07,-59,10.00,
2026-09-11T09:55:27,2,1.608,28.68,28.0270,25.9,1.625,29.97,4.10,-59,9.00,
2026-09-11T09:55:28,2,1.629,30.36,28.0220,25.9,1.629,30.36,4.08,-59,9.50,
2026-09-11T09:55:29,2,1.610,28.81,28.0180,25.9,1.626,30.10,4.09,-58,9.00,
2026-09-11T09:55:30,2,1.607,28.55,28.0170,25.9,1.624,29.90,4.10,-59,9.50,
2026-09-11T09:55:31,2,1.632,30.55,28.0260,25.9,1.633,30.68,4.07,-59,10.00,
2026-09-11T09:55:32,2,1.611,28.87,28.0230,25.9,1.629,30.29,4.08,-59,9.50,
2026-09-11T09:55:33,2,1.634,30.74,28.0150,25.9,1.638,31.07,4.08,-59,9.50,
2026-09-11T09:55:35,2,1.629,30.36,28.0130,25.9,1.630,30.42,4.07,-59,9.50,
2026-09-11T09:55:36,2,1.608,28.62,28.0190,25.9,1.628,30.23,4.10,-59,9.00,
2026-09-11T09:55:37,2,1.629,30.29,28.0160,25.9,1.629,30.36,4.08,-59,9.50,
2026-09-11T09:55:38,2,1.610,28.81,28.0130,25.9,1.624,29.90,4.08,-59,9.50,
2026-09-11T09:55:39,2,1.608,28.62,28.0170,25.9,1.626,30.10,4.09,-59,9.25,
2026-09-11T09:55:40,2,1.633,30.68,28.0080,25.9,1.632,30.55,4.07,-59,9.75,
2026-09-11T09:55:41,2,1.610,28.81,28.0140,25.9,1.629,30.36,4.08,-59,9.25,
2026-09-11T09:55:42,2,1.638,31.00,28.0150,25.9,1.630,30.42,4.08,-59,8.75,
2026-09-11T09:55:43,2,1.632,30.55,28.0120,25.9,1.628,30.23,4.07,-59,9.75,
2026-09-11T09:55:44,2,1.608,28.62,28.0090,25.9,1.625,29.97,4.10,-58,9.75,
2026-09-11T09:55:45,2,1.631,30.48,28.0050,25.9,1.630,30.42,4.08,-57,9.75,
2026-09-11T09:55:47,2,1.602,28.16,28.0070,25.9,1.626,30.10,4.08,-59,9.50,
2026-09-11T09:55:48,2,1.609,28.74,28.0140,25.9,1.626,30.10,4.09,-59,9.25,
2026-09-11T09:55:49,2,1.629,30.29,28.0210,25.9,1.633,30.68,4.06,-59,10.00,
2026-09-11T09:55:50,2,1.612,28.94,28.0190,25.9,1.629,30.29,4.08,-59,9.50,
2026-09-11T09:55:51,2,1.637,30.94,28.0160,25.9,1.628,30.23,4.08,-57,9.50,
2026-09-11T09:55:52,2,1.630,30.42,28.0180,25.9,1.633,30.68,4.07,-59,9.75,
2026-09-11T09:55:53,2,1.608,28.68,28.0210,25.9,1.628,30.23,4.08,-59,9.25,
2026-09-11T09:55:54,2,1.631,30.48,28.0150,25.9,1.629,30.36,4.08,-59,9.50,
2026-09-11T09:55:55,2,1.612,28.94,28.0100,25.9,1.630,30.42,4.08,-59,9.50,
2026-09-11T09:55:56,2,1.608,28.62,28.0220,25.9,1.625,30.03,4.10,-59,9.25,
2026-09-11T09:55:57,2,1.629,30.29,28.0270,25.9,1.629,30.29,4.08,-59,9.50,
2026-09-11T09:56:02,2,1.610,28.81,28.0130,25.9,1.630,30.42,4.08,-55,8.25,
2026-09-11T09:56:03,2,1.631,30.48,28.0250,25.9,1.628,30.23,4.08,-54,8.25,
2026-09-11T09:56:04,2,1.630,30.42,28.0170,25.9,1.631,30.48,4.07,-54,8.25,
2026-09-11T09:56:05,2,1.608,28.62,28.0230,25.9,1.625,30.03,4.10,-55,8.50,
2026-09-11T09:56:06,2,1.631,30.48,28.0250,25.9,1.629,30.29,4.08,-59,9.75,
2026-09-11T09:56:07,2,1.610,28.81,28.0200,25.9,1.629,30.29,4.08,-59,9.75,
2026-09-11T09:56:08,2,1.609,28.74,28.0220,25.9,1.636,30.87,4.10,-59,9.25,
2026-09-11T09:56:09,2,1.628,30.23,28.0270,25.9,1.633,30.61,4.07,-59,9.75,
2026-09-11T09:56:11,2,1.622,29.78,28.0250,25.9,1.638,31.07,4.08,-59,9.00,
2026-09-11T09:56:12,2,1.632,30.55,28.0240,25.9,1.629,30.36,4.08,-59,9.50,
2026-09-11T09:56:13,2,1.632,30.55,28.0250,25.9,1.633,30.61,4.07,-59,9.75,
2026-09-11T09:56:14,2,1.612,28.94,28.0260,25.9,1.625,30.03,4.09,-59,9.25,
2026-09-11T09:56:15,2,1.630,30.42,28.0300,25.9,1.631,30.48,4.08,-59,9.50,
2026-09-11T09:56:16,2,1.611,28.87,28.0270,25.9,1.630,30.42,4.08,-59,10.00,
2026-09-11T09:56:17,2,1.608,28.62,28.0180,25.9,1.626,30.10,4.10,-59,9.25,
2026-09-11T09:56:18,2,1.631,30.48,28.0210,25.9,1.633,30.68,4.06,-59,9.50,
2026-09-11T09:56:19,2,1.601,28.10,28.0210,25.9,1.629,30.29,4.08,-59,9.50,
2026-09-11T09:56:20,2,1.633,30.61,28.0250,25.9,1.629,30.36,4.08,-59,9.50,
2026-09-11T09:56:22,2,1.631,30.48,28.0310,25.9,1.633,30.68,4.07,-59,9.25,
2026-09-11T09:56:23,2,1.609,28.74,28.0260,25.9,1.626,30.10,4.09,-58,9.50,
2026-09-11T09:56:24,2,1.630,30.42,28.0340,25.9,1.630,30.42,4.08,-58,10.25,
2026-09-11T09:56:25,2,1.613,29.07,28.0300,25.9,1.628,30.23,4.08,-60,9.25,
2026-09-11T09:56:26,2,1.610,28.81,28.0170,25.9,1.627,30.16,4.10,-59,9.50,
2026-09-11T09:56:27,2,1.631,30.48,28.0200,25.9,1.633,30.68,4.06,-62,9.75,
2026-09-11T09:56:28,2,1.609,28.74,28.0200,25.9,1.628,30.23,4.08,-57,9.75,
2026-09-11T09:56:29,2,1.634,30.74,28.0150,25.9,1.629,30.36,4.08,-57,9.75,
2026-09-11T09:56:30,2,1.630,30.42,28.0140,25.9,1.633,30.61,4.06,-58,9.75,
2026-09-11T09:56:31,2,1.608,28.68,28.0160,25.9,1.628,30.23,4.09,-59,9.25,
2026-09-11T09:56:32,2,1.630,30.42,28.0130,25.9,1.629,30.36,4.08,-60,9.50,
2026-09-11T09:56:34,2,1.609,28.74,28.0100,25.9,1.629,30.36,4.08,-60,9.75,
2026-09-11T09:56:35,2,1.608,28.62,28.0090,25.9,1.628,30.23,4.09,-61,9.50,
2026-09-11T09:56:36,2,1.633,30.61,28.0100,25.9,1.633,30.68,4.06,-60,10.00,
2026-09-11T09:56:37,2,1.611,28.87,28.0040,25.9,1.625,30.03,4.08,-60,9.75,
2026-09-11T09:56:38,2,1.633,30.68,28.0070,25.9,1.625,29.97,4.08,-61,9.75,
2026-09-11T09:56:39,2,1.630,30.42,28.0120,25.9,1.630,30.42,4.07,-59,10.00,
2026-09-11T09:56:40,2,1.607,28.55,28.0130,25.9,1.625,29.97,4.10,-61,9.75,
2026-09-11T09:56:41,2,1.630,30.42,28.0190,25.9,1.628,30.23,4.08,-59,9.50,
2026-09-11T09:56:47,2,1.635,30.81,28.0380,25.9,1.630,30.42,4.08,-56,8.25,
2026-09-11T09:56:48,2,1.633,30.61,28.0450,25.9,1.632,30.55,4.07,-57,8.75,
2026-09-11T09:56:49,2,1.608,28.68,28.0490,25.9,1.626,30.10,4.09,-57,7.50,
2026-09-11T09:56:50,2,1.632,30.55,28.0510,25.9,1.627,30.16,4.08,-60,10.00,
2026-09-11T09:56:51,2,1.611,28.87,28.0540,25.9,1.630,30.42,4.08,-60,9.50,
2026-09-11T09:56:52,2,1.608,28.68,28.0540,25.9,1.628,30.23,4.09,-61,9.50,
2026-09-11T09:56:53,2,1.631,30.48,28.0640,25.9,1.633,30.68,4.06,-61,9.50,
2026-09-11T09:56:54,2,1.615,29.20,28.0720,25.9,1.632,30.55,4.09,-60,9.50,
2026-09-11T09:56:55,2,1.634,30.74,28.0740,25.9,1.633,30.61,4.08,-63,9.75,
2026-09-11T09:56:56,2,1.632,30.55,28.0800,25.9,1.634,30.74,4.07,-60,10.00,
2026-09-11T09:56:58,2,1.608,28.62,28.0760,25.9,1.625,29.97,4.09,-60,9.50,
2026-09-11T09:56:59,2,1.637,30.94,28.0750,25.9,1.632,30.55,4.07,-60,9.75,
2026-09-11T09:57:00,2,1.612,28.94,28.0730,25.9,1.631,30.48,4.08,-60,10.00,
2026-09-11T09:57:01,2,1.608,28.68,28.0710,25.9,1.629,30.29,4.10,-59,9.50,
2026-09-11T09:57:02,2,1.633,30.68,28.0630,25.9,1.633,30.68,4.06,-61,10.25,
2026-09-11T09:57:03,2,1.612,28.94,28.0660,25.9,1.631,30.48,4.09,-60,9.75,
2026-09-11T09:57:04,2,1.637,30.94,28.0590,25.9,1.632,30.55,4.08,-60,9.75,
2026-09-11T09:57:05,2,1.633,30.61,28.0670,25.9,1.633,30.68,4.07,-60,10.00,
2026-09-11T09:57:06,2,1.608,28.68,28.0730,25.9,1.628,30.23,4.09,-60,9.50,
2026-09-11T09:57:07,2,1.632,30.55,28.0710,25.9,1.629,30.36,4.08,-60,9.75,
2026-09-11T09:57:09,2,1.611,28.87,28.0720,25.9,1.628,30.23,4.08,-60,9.50,
2026-09-11T09:57:10,2,1.609,28.74,28.0700,25.9,1.626,30.10,4.09,-60,9.50,
2026-09-11T09:57:11,2,1.633,30.61,28.0660,25.9,1.637,30.94,4.07,-60,10.50,
2026-09-11T09:57:12,2,1.610,28.81,28.0620,25.9,1.632,30.55,4.09,-60,9.50,
2026-09-11T09:57:13,2,1.636,30.87,28.0590,25.9,1.630,30.42,4.08,-59,9.50,
2026-09-11T09:57:14,2,1.631,30.48,28.0630,25.9,1.633,30.61,4.06,-60,9.50,
2026-09-11T09:57:15,2,1.600,27.97,28.0550,25.9,1.625,29.97,4.08,-60,9.75,
2026-09-11T09:57:16,2,1.632,30.55,28.0620,25.9,1.630,30.42,4.08,-60,10.75,
2026-09-11T09:57:17,2,1.609,28.74,28.0630,25.9,1.630,30.42,4.08,-59,10.00,
2026-09-11T09:57:18,2,1.607,28.55,28.0590,25.9,1.629,30.29,4.09,-59,9.50,
2026-09-11T09:57:19,2,1.629,30.36,28.0630,25.9,1.626,30.10,4.08,-60,9.50,
2026-09-11T09:57:21,2,1.610,28.81,28.0660,25.9,1.629,30.36,4.08,-60,9.75,
2026-09-11T09:57:22,2,1.608,28.68,28.0730,25.9,1.626,30.10,4.10,-59,9.75,
2026-09-11T09:57:23,2,1.633,30.68,28.0670,25.9,1.636,30.87,4.07,-60,10.25,
2026-09-11T09:57:24,2,1.608,28.68,28.0750,25.9,1.629,30.29,4.08,-59,10.00,
2026-09-11T09:57:25,2,1.632,30.55,28.0790,25.9,1.631,30.48,4.08,-59,9.50,
2026-09-11T09:57:26,2,1.631,30.48,28.0790,25.9,1.631,30.48,4.07,-59,10.25,
2026-09-11T09:57:31,2,1.631,30.48,28.0560,25.9,1.633,30.68,4.07,-54,9.00,
2026-09-11T09:57:33,2,1.610,28.81,28.0620,25.9,1.631,30.48,4.08,-54,8.00,
2026-09-11T09:57:34,2,1.632,30.55,28.0560,25.9,1.629,30.36,4.08,-54,7.25,
2026-09-11T09:57:35,2,1.632,30.55,28.0590,25.9,1.633,30.68,4.07,-58,10.25,
2026-09-11T09:57:36,2,1.608,28.68,28.0500,25.9,1.625,30.03,4.10,-59,9.75,
2026-09-11T09:57:37,2,1.629,30.36,28.0440,25.9,1.629,30.36,4.08,-59,9.00,
2026-09-11T09:57:38,2,1.610,28.81,28.0430,25.9,1.631,30.48,4.08,-59,9.50,
2026-09-11T09:57:39,2,1.608,28.68,28.0430,25.9,1.626,30.10,4.09,-59,9.75,
2026-09-11T09:57:40,2,1.633,30.61,28.0340,25.9,1.633,30.68,4.06,-57,9.75,
2026-09-11T09:57:41,2,1.604,28.36,28.0310,25.9,1.629,30.36,4.08,-59,10.50,
2026-09-11T09:57:42,2,1.633,30.61,28.0290,25.9,1.630,30.42,4.08,-59,9.50,
2026-09-11T09:57:43,2,1.633,30.68,28.0230,25.9,1.633,30.68,4.07,-59,10.50,
2026-09-11T09:57:45,2,1.608,28.62,28.0220,25.9,1.625,29.97,4.10,-59,9.25,
2026-09-11T09:57:46,2,1.629,30.29,28.0120,25.9,1.629,30.36,4.08,-58,9.75,
2026-09-11T09:57:47,2,1.613,29.07,28.0040,25.9,1.629,30.29,4.08,-60,9.75,
2026-09-11T09:57:48,2,1.607,28.55,28.0090,25.9,1.629,30.29,4.09,-58,9.25,
2026-09-11T09:57:49,2,1.633,30.68,28.0170,25.9,1.631,30.48,4.06,-59,9.75,
2026-09-11T09:57:50,2,1.611,28.87,28.0200,25.9,1.629,30.29,4.08,-59,9.50,
2026-09-11T09:57:51,2,1.632,30.55,28.0190,25.9,1.630,30.42,4.08,-59,9.50,
2026-09-11T09:57:52,2,1.629,30.29,28.0030,25.9,1.632,30.55,4.07,-59,10.00,
2026-09-11T09:57:53,2,1.605,28.42,28.0010,25.9,1.625,30.03,4.09,-59,9.25,
2026-09-11T09:57:54,2,1.631,30.48,28.0030,25.9,1.631,30.48,4.08,-59,9.50,
2026-09-11T09:57:56,2,1.610,28.81,28.0030,25.9,1.628,30.23,4.08,-59,9.25,
2026-09-11T09:57:57,2,1.606,28.49,28.0110,25.9,1.629,30.29,4.10,-59,9.25,
2026-09-11T09:57:58,2,1.633,30.61,28.0110,25.9,1.633,30.61,4.06,-58,9.50,
2026-09-11T09:57:59,2,1.610,28.81,28.0100,25.9,1.629,30.36,4.08,-59,9.50,
2026-09-11T09:58:00,2,1.636,30.87,28.0140,25.9,1.631,30.48,4.07,-59,9.75,
2026-09-11T09:58:01,2,1.631,30.48,28.0170,25.9,1.633,30.61,4.06,-59,9.25,
2026-09-11T09:58:02,2,1.609,28.74,28.0200,25.9,1.627,30.16,4.10,-59,9.50,
2026-09-11T09:58:03,2,1.630,30.42,28.0200,25.9,1.628,30.23,4.08,-59,9.50,
2026-09-11T09:58:04,2,1.609,28.74,28.0210,25.9,1.629,30.36,4.08,-59,9.50,
2026-09-11T09:58:05,2,1.607,28.55,28.0250,25.9,1.626,30.10,4.10,-59,9.75,
2026-09-11T09:58:06,2,1.633,30.61,28.0380,25.9,1.634,30.74,4.06,-59,9.50,
2026-09-11T09:58:08,2,1.612,28.94,28.0400,25.9,1.628,30.23,4.08,-58,10.75,
2026-09-11T09:58:09,2,1.636,30.87,28.0440,25.9,1.628,30.23,4.08,-58,10.00,
2026-09-11T09:58:10,2,1.633,30.61,28.0400,25.9,1.633,30.68,4.06,-58,9.75,
2026-09-11T09:58:11,2,1.608,28.62,28.0390,25.9,1.625,30.03,4.09,-59,9.50,
2026-09-11T09:58:16,2,1.612,28.94,28.0570,25.9,1.629,30.36,4.08,-54,6.75,
2026-09-11T09:58:17,2,1.635,30.81,28.0550,25.9,1.630,30.42,4.08,-53,6.50,
2026-09-11T09:58:18,2,1.630,30.42,28.0570,25.9,1.635,30.81,4.07,-53,7.50,
2026-09-11T09:58:20,2,1.610,28.81,28.0590,25.9,1.627,30.16,4.08,-59,9.50,
2026-09-11T09:58:21,2,1.629,30.36,28.0600,25.9,1.628,30.23,4.08,-59,9.75,
2026-09-11T09:58:22,2,1.612,28.94,28.0540,25.9,1.629,30.29,4.08,-59,9.50,
2026-09-11T09:58:23,2,1.608,28.68,28.0550,25.9,1.626,30.10,4.09,-59,9.25,
2026-09-11T09:58:24,2,1.629,30.29,28.0550,25.9,1.629,30.36,4.08,-59,9.75,
2026-09-11T09:58:25,2,1.605,28.42,28.0460,25.9,1.628,30.23,4.08,-59,9.50,
2026-09-11T09:58:26,2,1.629,30.36,28.0480,25.9,1.633,30.61,4.10,-59,9.25,
2026-09-11T09:58:27,2,1.631,30.48,28.0490,25.9,1.633,30.68,4.07,-59,9.75,
2026-09-11T09:58:28,2,1.611,28.87,28.0450,25.9,1.629,30.36,4.08,-59,9.50,
2026-09-11T09:58:29,2,1.633,30.61,28.0530,25.9,1.630,30.42,4.08,-59,9.75,
2026-09-11T09:58:31,2,1.614,29.13,28.0520,25.9,1.631,30.48,4.07,-59,9.50,
2026-09-11T09:58:32,2,1.608,28.62,28.0660,25.9,1.629,30.29,4.09,-59,9.00,
2026-09-11T09:58:33,2,1.630,30.42,28.0600,25.9,1.629,30.29,4.07,-59,10.00,
2026-09-11T09:58:34,2,1.611,28.87,28.0610,25.9,1.632,30.55,4.08,-58,9.25,
2026-09-11T09:58:35,2,1.608,28.68,28.0710,25.9,1.625,29.97,4.09,-57,9.75,
2026-09-11T09:58:36,2,1.632,30.55,28.0650,25.9,1.632,30.55,4.06,-59,9.25,
2026-09-11T09:58:37,2,1.609,28.74,28.0620,25.9,1.629,30.36,4.08,-59,9.50,
2026-09-11T09:58:38,2,1.632,30.55,28.0700,25.9,1.631,30.48,4.08,-59,9.25,
2026-09-11T09:58:39,2,1.631,30.48,28.0600,25.9,1.633,30.61,4.07,-59,10.00,
2026-09-11T09:58:40,2,1.608,28.68,28.0600,25.9,1.625,30.03,4.09,-59,9.50,
2026-09-11T09:58:41,2,1.632,30.55,28.0620,25.9,1.631,30.48,4.08,-59,10.00,
2026-09-11T09:58:43,2,1.611,28.87,28.0720,25.9,1.629,30.36,4.08,-59,9.50,
2026-09-11T09:58:44,2,1.608,28.68,28.0680,25.9,1.625,29.97,4.10,-59,10.00,
2026-09-11T09:58:45,2,1.632,30.55,28.0760,25.9,1.633,30.68,4.06,-59,9.50,
2026-09-11T09:58:46,2,1.614,29.13,28.0740,25.9,1.628,30.23,4.08,-59,10.00,
2026-09-11T09:58:47,2,1.633,30.68,28.0680,25.9,1.627,30.16,4.08,-59,9.50,
2026-09-11T09:58:48,2,1.645,31.58,28.0750,25.9,1.632,30.55,4.07,-59,10.25,
2026-09-11T09:58:49,2,1.608,28.68,28.0720,25.9,1.632,30.55,4.10,-59,9.50,
2026-09-11T09:58:50,2,1.632,30.55,28.0750,25.9,1.629,30.36,4.08,-59,9.50,
2026-09-11T09:58:51,2,1.603,28.23,28.0670,25.9,1.630,30.42,4.08,-59,9.75,
2026-09-11T09:58:52,2,1.608,28.62,28.0650,25.9,1.627,30.16,4.10,-59,9.50,
2026-09-11T09:58:53,2,1.632,30.55,28.0670,25.9,1.634,30.74,4.06,-59,9.75,
2026-09-11T09:58:55,2,1.612,28.94,28.0570,25.9,1.632,30.55,4.09,-59,9.00,
2026-09-11T09:58:56,2,1.633,30.61,28.0700,25.9,1.630,30.42,4.08,-59,9.75,
2026-09-11T09:59:00,2,1.610,28.81,28.0730,25.9,1.629,30.36,4.08,-54,7.00,
2026-09-11T09:59:01,2,1.609,28.74,28.0720,25.9,1.629,30.36,4.09,-53,6.75,
2026-09-11T09:59:02,2,1.633,30.68,28.0750,25.9,1.632,30.55,4.06,-53,6.75,
2026-09-11T09:59:03,2,1.609,28.74,28.0800,25.9,1.629,30.36,4.08,-53,8.50,
2026-09-11T09:59:04,2,1.637,30.94,28.0740,25.9,1.632,30.55,4.08,-59,9.75,
2026-09-11T09:59:05,2,1.633,30.61,28.0800,25.9,1.633,30.61,4.07,-59,10.25,
2026-09-11T09:59:07,2,1.607,28.55,28.0790,25.9,1.628,30.23,4.09,-59,9.75,
2026-09-11T09:59:08,2,1.633,30.61,28.0730,25.9,1.629,30.29,4.08,-58,9.25,
2026-09-11T09:59:09,2,1.611,28.87,28.0760,25.9,1.631,30.48,4.08,-59,12.25,
2026-09-11T09:59:10,2,1.608,28.68,28.0710,25.9,1.628,30.23,4.09,-59,12.00,
2026-09-11T09:59:11,2,1.633,30.68,28.0700,25.9,1.633,30.61,4.07,-59,10.25,
2026-09-11T09:59:12,2,1.611,28.87,28.0730,25.9,1.630,30.42,4.08,-59,9.75,
2026-09-11T09:59:13,2,1.638,31.00,28.0740,25.9,1.630,30.42,4.07,-59,10.00,
2026-09-11T09:59:14,2,1.633,30.68,28.0670,25.9,1.633,30.61,4.07,-59,9.75,
2026-09-11T09:59:15,2,1.611,28.87,28.0690,25.9,1.625,29.97,4.08,-59,10.00,
2026-09-11T09:59:16,2,1.629,30.36,28.0670,25.9,1.629,30.36,4.08,-59,9.25,
2026-09-11T09:59:18,2,1.611,28.87,28.0670,25.9,1.630,30.42,4.08,-59,9.50,
2026-09-11T09:59:19,2,1.603,28.23,28.0680,25.9,1.626,30.10,4.09,-59,9.50,
2026-09-11T09:59:20,2,1.631,30.48,28.0690,25.9,1.632,30.55,4.08,-59,9.75,
2026-09-11T09:59:21,2,1.611,28.87,28.0700,25.9,1.629,30.36,4.08,-59,9.25,
2026-09-11T09:59:22,2,1.626,30.10,28.0630,25.9,1.628,30.23,4.10,-59,9.25,
2026-09-11T09:59:23,2,1.642,31.32,28.0700,25.9,1.633,30.61,4.06,-59,9.25,
2026-09-11T09:59:24,2,1.609,28.74,28.0660,25.9,1.631,30.48,4.08,-59,9.25,
2026-09-11T09:59:25,2,1.632,30.55,28.0690,25.9,1.629,30.36,4.08,-59,9.00,
2026-09-11T09:59:26,2,1.632,30.55,28.0730,25.9,1.631,30.48,4.06,-59,9.50,
2026-09-11T09:59:27,2,1.607,28.55,28.0730,25.9,1.625,29.97,4.10,-58,9.25,
2026-09-11T09:59:28,2,1.633,30.61,28.0700,25.9,1.629,30.29,4.08,-59,9.50,
2026-09-11T09:59:30,2,1.614,29.13,28.0780,25.9,1.629,30.36,4.08,-58,9.75,
2026-09-11T09:59:31,2,1.609,28.74,28.0760,25.9,1.625,30.03,4.09,-59,9.00,
2026-09-11T09:59:32,2,1.631,30.48,28.0670,25.9,1.633,30.68,4.06,-59,9.50,
2026-09-11T09:59:33,2,1.611,28.87,28.0660,25.9,1.628,30.23,4.08,-59,9.50,
2026-09-11T09:59:34,2,1.633,30.68,28.0590,25.9,1.629,30.29,4.08,-59,9.25,
2026-09-11T09:59:35,2,1.633,30.68,28.0730,25.9,1.633,30.68,4.07,-59,10.00,
2026-09-11T09:59:36,2,1.610,28.81,28.0670,25.9,1.617,29.32,4.09,-59,9.25,
2026-09-11T09:59:37,2,1.629,30.29,28.0660,25.9,1.631,30.48,4.08,-59,9.50,
2026-09-11T09:59:38,2,1.611,28.87,28.0660,25.9,1.630,30.42,4.08,-59,9.50,
2026-09-11T09:59:39,2,1.604,28.29,28.0620,25.9,1.625,29.97,4.10,-59,9.25,
2026-09-11T09:59:45,2,1.608,28.62,28.0480,25.9,1.626,30.10,4.09,-53,6.75,
2026-09-11T09:59:46,2,1.629,30.36,28.0490,25.9,1.628,30.23,4.08,-53,6.75,
2026-09-11T09:59:47,2,1.609,28.74,28.0530,25.9,1.629,30.29,4.08,-54,6.75,
2026-09-11T09:59:48,2,1.606,28.49,28.0560,25.9,1.626,30.10,4.09,-59,9.25,
2026-09-11T09:59:49,2,1.632,30.55,28.0410,25.9,1.632,30.55,4.06,-59,9.75,
2026-09-11T09:59:50,2,1.610,28.81,28.0430,25.9,1.631,30.48,4.08,-59,9.50,
2026-09-11T09:59:51,2,1.634,30.74,28.0510,25.9,1.636,30.87,4.07,-59,9.75,
2026-09-11T09:59:52,2,1.632,30.55,28.0560,25.9,1.632,30.55,4.06,-56,9.75,
2026-09-11T09:59:54,2,1.607,28.55,28.0590,25.9,1.625,30.03,4.09,-58,9.75,
2026-09-11T09:59:55,2,1.632,30.55,28.0540,25.9,1.628,30.23,4.08,-60,12.25,
2026-09-11T09:59:56,2,1.609,28.74,28.0500,25.9,1.630,30.42,4.08,-60,10.00,
2026-09-11T09:59:57,2,1.608,28.62,28.0580,25.9,1.625,29.97,4.09,-60,9.50,
2026-09-11T09:59:58,2,1.633,30.68,28.0520,25.9,1.634,30.74,4.06,-59,9.50,
2026-09-11T09:59:59,2,1.611,28.87,28.0480,25.9,1.630,30.42,4.08,-59,9.50,
2026-09-11T10:00:00,2,1.636,30.87,28.0540,25.9,1.629,30.36,4.08,-59,10.00,
2026-09-11T10:00:01,2,1.630,30.42,28.0520,25.9,1.633,30.61,4.06,-58,9.75,
2026-09-11T10:00:02,2,1.609,28.74,28.0520,25.9,1.629,30.29,4.09,-58,9.75,
2026-09-11T10:00:03,2,1.631,30.48,28.0490,25.9,1.629,30.29,4.08,-57,9.75,
2026-09-11T10:00:05,2,1.611,28.87,28.0570,25.9,1.629,30.29,4.08,-57,10.00,
2026-09-11T10:00:06,2,1.608,28.62,28.0550,25.9,1.626,30.10,4.09,-57,9.50,
2026-09-11T10:00:07,2,1.633,30.68,28.0500,25.9,1.633,30.61,4.06,-57,10.00,
2026-09-11T10:00:08,2,1.611,28.87,28.0490,25.9,1.630,30.42,4.08,-58,10.00,
2026-09-11T10:00:09,2,1.638,31.00,28.0600,25.9,1.631,30.48,4.08,-62,9.75,
2026-09-11T10:00:10,2,1.632,30.55,28.0770,25.9,1.634,30.74,4.06,-58,9.50,
2026-09-11T10:00:11,2,1.609,28.74,28.0770,25.9,1.625,29.97,4.09,-61,9.25,
2026-09-11T10:00:12,2,1.633,30.61,28.0740,25.9,1.629,30.36,4.08,-59,9.75,
2026-09-11T10:00:13,2,1.611,28.87,28.0700,25.9,1.629,30.36,4.08,-59,9.75,
2026-09-11T10:00:14,2,1.612,28.94,28.0660,25.9,1.629,30.29,4.09,-59,9.00,
2026-09-11T10:00:15,2,1.633,30.68,28.0670,25.9,1.633,30.68,4.06,-58,9.75,
2026-09-11T10:00:17,2,1.607,28.55,28.0670,25.9,1.632,30.55,4.08,-59,9.25,
2026-09-11T10:00:18,2,1.608,28.62,28.0660,25.9,1.625,30.03,4.10,-58,10.25,
2026-09-11T10:00:19,2,1.633,30.61,28.0730,25.9,1.632,30.55,4.07,-58,10.00,
2026-09-11T10:00:20,2,1.608,28.68,28.0690,25.9,1.627,30.16,4.09,-58,9.75,
2026-09-11T10:00:21,2,1.632,30.55,28.0690,25.9,1.629,30.36,4.08,-58,9.75,
2026-09-11T10:00:22,2,1.633,30.68,28.0700,25.9,1.638,31.00,4.07,-58,9.75,
2026-09-11T10:00:23,2,1.611,28.87,28.0760,25.9,1.626,30.10,4.09,-58,9.75,
2026-09-11T10:00:24,2,1.634,30.74,28.0660,25.9,1.634,30.74,4.06,-58,10.25,
2026-09-11T10:00:30,2,1.632,30.55,28.0560,25.9,1.631,30.48,4.08,-54,9.00,
2026-09-11T10:00:31,2,1.632,30.55,28.0580,25.9,1.632,30.55,4.07,-54,9.00,
2026-09-11T10:00:32,2,1.608,28.68,28.0590,25.9,1.628,30.23,4.10,-54,8.75,
2026-09-11T10:00:33,2,1.631,30.48,28.0500,25.9,1.629,30.36,4.08,-59,9.50,
2026-09-11T10:00:34,2,1.609,28.74,28.0540,25.9,1.634,30.74,4.08,-59,9.75,
2026-09-11T10:00:35,2,1.607,28.55,28.0530,25.9,1.625,30.03,4.10,-58,9.50,
2026-09-11T10:00:36,2,1.632,30.55,28.0500,25.9,1.633,30.61,4.06,-58,10.00,
2026-09-11T10:00:37,2,1.609,28.74,28.0540,25.9,1.633,30.68,4.08,-58,9.50,
2026-09-11T10:00:38,2,1.634,30.74,28.0540,25.9,1.630,30.42,4.08,-59,9.25,
2026-09-11T10:00:40,2,1.630,30.42,28.0560,25.9,1.630,30.42,4.07,-57,10.25,
2026-09-11T10:00:41,2,1.607,28.55,28.0550,25.9,1.629,30.29,4.09,-59,9.00,
2026-09-11T10:00:42,2,1.631,30.48,28.0530,25.9,1.628,30.23,4.08,-58,9.75,
2026-09-11T10:00:43,2,1.610,28.81,28.0480,25.9,1.630,30.42,4.08,-59,9.50,
2026-09-11T10:00:44,2,1.608,28.62,28.0570,25.9,1.627,30.16,4.09,-59,9.25,
2026-09-11T10:00:45,2,1.633,30.61,28.0640,25.9,1.634,30.74,4.06,-58,10.25,
2026-09-11T10:00:46,2,1.614,29.13,28.0610,25.9,1.629,30.36,4.08,-61,9.75,
2026-09-11T10:00:47,2,1.634,30.74,28.0540,25.9,1.630,30.42,4.08,-59,9.50,
2026-09-11T10:00:48,2,1.632,30.55,28.0430,25.9,1.633,30.68,4.07,-61,9.75,
2026-09-11T10:00:49,2,1.607,28.55,28.0490,25.9,1.625,30.03,4.10,-58,10.00,
2026-09-11T10:00:50,2,1.629,30.36,28.0460,25.9,1.629,30.36,4.08,-59,9.25,
2026-09-11T10:00:52,2,1.611,28.87,28.0490,25.9,1.632,30.55,4.08,-59,9.25,
2026-09-11T10:00:53,2,1.600,28.04,28.0580,25.9,1.625,30.03,4.09,-60,9.50,
2026-09-11T10:00:54,2,1.633,30.61,28.0600,25.9,1.636,30.87,4.06,-60,9.50,
2026-09-11T10:00:55,2,1.609,28.74,28.0670,25.9,1.629,30.36,4.08,-60,9.75,
2026-09-11T10:00:56,2,1.636,30.87,28.0700,25.9,1.629,30.36,4.07,-60,10.00,
2026-09-11T10:00:57,2,1.633,30.61,28.0730,25.9,1.633,30.61,4.06,-61,9.50,
2026-09-11T10:00:58,2,1.608,28.62,28.0680,25.9,1.627,30.16,4.09,-59,9.75,
2026-09-11T10:00:59,2,1.633,30.61,28.0580,25.9,1.630,30.42,4.08,-59,9.50,
2026-09-11T10:01:00,2,1.613,29.00,28.0630,25.9,1.630,30.42,4.08,-60,10.00,
2026-09-11T10:01:01,2,1.608,28.68,28.0660,25.9,1.628,30.23,4.09,-60,9.50,
2026-09-11T10:01:02,2,1.631,30.48,28.0650,25.9,1.633,30.68,4.06,-59,9.50,
2026-09-11T10:01:04,2,1.611,28.87,28.0610,25.9,1.621,29.71,4.09,-59,9.50,
2026-09-11T10:01:05,2,1.634,30.74,28.0530,25.9,1.630,30.42,4.07,-59,9.75,
2026-09-11T10:01:06,2,1.631,30.48,28.0530,25.9,1.629,30.29,4.06,-60,9.50,
2026-09-11T10:01:07,2,1.605,28.42,28.0530,25.9,1.629,30.29,4.10,-60,10.00,
2026-09-11T10:01:08,2,1.632,30.55,28.0520,25.9,1.629,30.29,4.08,-59,9.50,
2026-09-11T10:01:09,2,1.609,28.74,28.0620,25.9,1.631,30.48,4.08,-60,9.75,
2026-09-11T10:01:14,2,1.630,30.42,28.0430,25.9,1.633,30.61,4.06,-57,9.50,
2026-09-11T10:01:16,2,1.608,28.68,28.0390,25.9,1.625,30.03,4.09,-56,8.50,
2026-09-11T10:01:17,2,1.630,30.42,28.0370,25.9,1.629,30.29,4.08,-55,7.75,
2026-09-11T10:01:18,2,1.612,28.94,28.0460,25.9,1.629,30.29,4.08,-59,9.50,
2026-09-11T10:01:19,2,1.605,28.42,28.0550,25.9,1.628,30.23,4.09,-60,9.50,
2026-09-11T10:01:20,2,1.633,30.61,28.0580,25.9,1.633,30.68,4.06,-60,9.75,
2026-09-11T10:01:21,2,1.609,28.74,28.0550,25.9,1.629,30.36,4.08,-59,9.25,
2026-09-11T10:01:22,2,1.636,30.87,28.0570,25.9,1.631,30.48,4.08,-59,9.50,
2026-09-11T10:01:23,2,1.632,30.55,28.0520,25.9,1.631,30.48,4.06,-59,9.75,
2026-09-11T10:01:24,2,1.606,28.49,28.0570,25.9,1.625,30.03,4.09,-59,9.00,
2026-09-11T10:01:25,2,1.631,30.48,28.0640,25.9,1.629,30.29,4.08,-59,9.25,
2026-09-11T10:01:27,2,1.610,28.81,28.0650,25.9,1.639,31.13,4.08,-59,9.50,
2026-09-11T10:01:28,2,1.609,28.74,28.0700,25.9,1.627,30.16,4.09,-59,9.25,
2026-09-11T10:01:29,2,1.631,30.48,28.0700,25.9,1.632,30.55,4.06,-59,9.50,
2026-09-11T10:01:30,2,1.610,28.81,28.0760,25.9,1.633,30.61,4.08,-59,9.50,
2026-09-11T10:01:31,2,1.613,29.00,28.0760,25.9,1.628,30.23,4.10,-59,9.50,
2026-09-11T10:01:32,2,1.630,30.42,28.0870,25.9,1.633,30.68,4.06,-59,9.25,
2026-09-11T10:01:33,2,1.607,28.55,28.0920,25.9,1.625,30.03,4.09,-60,9.25,
2026-09-11T10:01:34,2,1.631,30.48,28.0750,25.9,1.631,30.48,4.07,-59,10.00,
2026-09-11T10:01:35,2,1.629,30.36,28.0730,25.9,1.632,30.55,4.06,-59,9.50,
2026-09-11T10:01:36,2,1.609,28.74,28.0750,25.9,1.626,30.10,4.09,-59,9.25,
2026-09-11T10:01:37,2,1.633,30.68,28.0720,25.9,1.633,30.68,4.06,-60,9.50,
2026-09-11T10:01:39,2,1.612,28.94,28.0630,25.9,1.628,30.23,4.08,-60,10.25,
2026-09-11T10:01:40,2,1.603,28.23,28.0700,25.9,1.626,30.10,4.09,-59,9.25,
2026-09-11T10:01:41,2,1.631,30.48,28.0760,25.9,1.632,30.55,4.06,-60,9.50,
2026-09-11T10:01:42,2,1.609,28.74,28.0730,25.9,1.628,30.23,4.08,-59,9.50,
2026-09-11T10:01:43,2,1.633,30.61,28.0740,25.9,1.629,30.29,4.08,-59,9.50,
2026-09-11T10:01:44,2,1.629,30.36,28.0850,25.9,1.635,30.81,4.06,-60,9.75,
2026-09-11T10:01:45,2,1.608,28.62,28.0790,25.9,1.625,29.97,4.10,-59,9.75,
2026-09-11T10:01:46,2,1.631,30.48,28.0830,25.9,1.634,30.74,4.08,-60,9.50,
2026-09-11T10:01:47,2,1.613,29.07,28.0880,25.9,1.630,30.42,4.08,-60,9.50,
2026-09-11T10:01:48,2,1.610,28.81,28.0820,25.9,1.628,30.23,4.09,-59,9.25,
2026-09-11T10:01:49,2,1.631,30.48,28.0860,25.9,1.633,30.68,4.06,-60,9.50,
2026-09-11T10:01:51,2,1.613,29.07,28.0850,25.9,1.628,30.23,4.08,-59,9.25,
2026-09-11T10:01:52,2,1.634,30.74,28.0720,25.9,1.631,30.48,4.08,-59,9.50,
2026-09-11T10:01:53,2,1.630,30.42,28.0730,25.9,1.633,30.61,4.07,-60,10.25,
2026-09-11T10:01:54,2,1.609,28.74,28.0830,25.9,1.626,30.10,4.09,-59,9.25,
2026-09-11T10:01:58,2,1.633,30.68,28.0890,25.9,1.630,30.42,4.07,-55,8.75,
2026-09-11T10:01:59,2,1.613,29.00,28.0860,25.9,1.631,30.48,4.08,-55,10.00,
2026-09-11T10:02:00,2,1.635,30.81,28.0800,25.9,1.629,30.29,4.08,-55,8.25,
2026-09-11T10:02:01,2,1.632,30.55,28.0820,25.9,1.632,30.55,4.07,-56,9.50,
2026-09-11T10:02:03,2,1.609,28.74,28.0710,25.9,1.625,30.03,4.09,-59,9.25,
2026-09-11T10:02:04,2,1.633,30.61,28.0680,25.9,1.629,30.36,4.08,-60,9.75,
2026-09-11T10:02:05,2,1.613,29.00,28.0760,25.9,1.630,30.42,4.08,-60,9.75,
2026-09-11T10:02:06,2,1.608,28.62,28.0720,25.9,1.629,30.36,4.10,-60,9.50,
2026-09-11T10:02:07,2,1.633,30.68,28.0650,25.9,1.633,30.61,4.06,-59,9.75,
2026-09-11T10:02:08,2,1.610,28.81,28.0690,25.9,1.630,30.42,4.08,-60,9.50,
2026-09-11T10:02:09,2,1.636,30.87,28.0740,25.9,1.629,30.29,4.08,-60,9.50,
2026-09-11T10:02:10,2,1.631,30.48,28.0770,25.9,1.630,30.42,4.07,-60,10.00,
2026-09-11T10:02:11,2,1.613,29.07,28.0830,25.9,1.627,30.16,4.09,-60,9.50,
2026-09-11T10:02:12,2,1.631,30.48,28.0800,25.9,1.629,30.36,4.08,-60,9.75,
2026-09-11T10:02:14,2,1.624,29.90,28.0750,25.9,1.629,30.36,4.08,-60,10.00,
2026-09-11T10:02:15,2,1.608,28.62,28.0800,25.9,1.626,30.10,4.09,-59,9.75,
2026-09-11T10:02:16,2,1.634,30.74,28.0830,25.9,1.633,30.61,4.06,-60,9.50,
2026-09-11T10:02:17,2,1.610,28.81,28.0750,25.9,1.630,30.42,4.08,-60,10.00,
2026-09-11T10:02:18,2,1.631,30.48,28.0770,25.9,1.630,30.42,4.08,-60,9.75,
2026-09-11T10:02:19,2,1.633,30.61,28.0810,25.9,1.628,30.23,4.06,-59,10.00,
2026-09-11T10:02:20,2,1.609,28.74,28.0770,25.9,1.627,30.16,4.09,-59,9.25,
2026-09-11T10:02:21,2,1.631,30.48,28.0870,25.9,1.631,30.48,4.07,-60,10.25,
2026-09-11T10:02:22,2,1.612,28.94,28.0950,25.9,1.629,30.36,4.08,-60,9.50,
2026-09-11T10:02:23,2,1.609,28.74,28.1040,25.9,1.627,30.16,4.09,-59,9.50,
2026-09-11T10:02:24,2,1.633,30.61,28.0990,25.9,1.634,30.74,4.06,-60,9.50,
2026-09-11T10:02:26,2,1.605,28.42,28.0960,25.9,1.631,30.48,4.08,-60,9.50,
2026-09-11T10:02:27,2,1.608,28.68,28.0920,25.9,1.627,30.16,4.09,-60,9.50,
2026-09-11T10:02:28,2,1.631,30.48,28.0840,25.9,1.633,30.68,4.06,-59,9.50,
2026-09-11T10:02:29,2,1.599,27.91,28.0800,25.9,1.627,30.16,4.09,-59,9.25,
2026-09-11T10:02:30,2,1.632,30.55,28.0750,25.9,1.631,30.48,4.07,-60,10.00,
2026-09-11T10:02:31,2,1.629,30.36,28.0770,25.9,1.633,30.68,4.06,-59,9.50,
2026-09-11T10:02:32,2,1.608,28.68,28.0860,25.9,1.627,30.16,4.09,-58,9.50,
2026-09-11T10:02:33,2,1.633,30.68,28.0940,25.9,1.636,30.87,4.06,-58,10.00,
2026-09-11T10:02:34,2,1.612,28.94,28.0890,25.9,1.633,30.68,4.08,-60,9.50,
2026-09-11T10:02:35,2,1.608,28.68,28.0900,25.9,1.625,30.03,4.09,-59,9.50,
2026-09-11T10:02:36,2,1.631,30.48,28.0980,25.9,1.626,30.10,4.06,-59,9.50,
2026-09-11T10:02:38,2,1.608,28.62,28.0930,25.9,1.626,30.10,4.09,-60,9.50,
2026-09-11T10:02:43,2,1.613,29.00,28.0930,25.9,1.629,30.29,4.08,-56,7.50,
2026-09-11T10:02:44,2,1.609,28.74,28.0810,25.9,1.627,30.16,4.09,-56,7.50,
2026-09-11T10:02:45,2,1.633,30.68,28.0860,25.9,1.633,30.68,4.06,-56,8.25,
2026-09-11T10:02:46,2,1.610,28.81,28.0960,25.9,1.626,30.10,4.09,-60,9.25,
2026-09-11T10:02:47,2,1.633,30.61,28.0970,25.9,1.627,30.16,4.07,-60,10.25,
2026-09-11T10:02:49,2,1.632,30.55,28.1000,25.9,1.630,30.42,4.07,-59,10.00,
2026-09-11T10:02:50,2,1.607,28.55,28.0970,25.9,1.625,29.97,4.09,-60,9.75,
2026-09-11T10:02:51,2,1.631,30.48,28.0990,25.9,1.629,30.29,4.08,-60,9.75,
2026-09-11T10:02:52,2,1.612,28.94,28.0920,25.9,1.629,30.36,4.08,-60,9.50,
2026-09-11T10:02:53,2,1.609,28.74,28.0900,25.9,1.627,30.16,4.09,-60,9.25,
2026-09-11T10:02:54,2,1.630,30.42,28.0810,25.9,1.633,30.68,4.06,-60,9.50,
2026-09-11T10:02:55,2,1.613,29.00,28.0830,25.9,1.628,30.23,4.08,-60,10.00,
2026-09-11T10:02:56,2,1.636,30.87,28.0830,25.9,1.629,30.36,4.07,-60,10.00,
2026-09-11T10:02:57,2,1.633,30.61,28.0800,25.9,1.630,30.42,4.06,-60,10.00,
2026-09-11T10:02:58,2,1.609,28.74,28.0720,25.9,1.625,29.97,4.09,-60,9.25,
2026-09-11T10:02:59,2,1.631,30.48,28.0730,25.9,1.632,30.55,4.08,-60,10.25,
2026-09-11T10:03:01,2,1.612,28.94,28.0710,25.9,1.631,30.48,4.08,-61,9.75,
2026-09-11T10:03:02,2,1.609,28.74,28.0740,25.9,1.627,30.16,4.10,-61,9.75,
2026-09-11T10:03:03,2,1.633,30.68,28.0750,25.9,1.632,30.55,4.06,-60,9.75,
2026-09-11T10:03:04,2,1.611,28.87,28.0880,25.9,1.631,30.48,4.08,-60,9.50,
2026-09-11T10:03:05,2,1.647,31.77,28.0850,25.9,1.629,30.29,4.07,-60,9.50,
2026-09-11T10:03:06,2,1.632,30.55,28.0910,25.9,1.631,30.48,4.06,-60,9.75,
2026-09-11T10:03:07,2,1.608,28.62,28.0850,25.9,1.625,30.03,4.09,-60,9.25,
2026-09-11T10:03:08,2,1.633,30.61,28.0850,25.9,1.631,30.48,4.08,-60,10.00,
2026-09-11T10:03:09,2,1.612,28.94,28.0860,25.9,1.633,30.68,4.08,-60,9.75,
2026-09-11T10:03:10,2,1.609,28.74,28.0860,25.9,1.628,30.23,4.09,-60,9.25,
2026-09-11T10:03:11,2,1.633,30.61,28.0800,25.9,1.634,30.74,4.06,-61,10.25,
2026-09-11T10:03:13,2,1.610,28.81,28.0800,25.9,1.631,30.48,4.08,-60,9.50,
2026-09-11T10:03:14,2,1.633,30.61,28.0800,25.9,1.629,30.29,4.06,-60,9.75,
2026-09-11T10:03:15,2,1.631,30.48,28.0840,25.9,1.633,30.68,4.06,-60,10.00,
2026-09-11T10:03:16,2,1.609,28.74,28.0840,25.9,1.625,29.97,4.09,-60,9.50,
2026-09-11T10:03:17,2,1.633,30.61,28.0840,25.9,1.629,30.29,4.08,-60,9.75,
2026-09-11T10:03:18,2,1.611,28.87,28.0810,25.9,1.625,30.03,4.08,-60,9.75,
2026-09-11T10:03:19,2,1.608,28.68,28.0780,25.9,1.628,30.23,4.09,-60,9.25,
2026-09-11T10:03:20,2,1.635,30.81,28.0840,25.9,1.635,30.81,4.06,-60,10.25,
2026-09-11T10:03:21,2,1.611,28.87,28.0850,25.9,1.630,30.42,4.08,-60,10.00,
2026-09-11T10:03:22,2,1.636,30.87,28.0850,25.9,1.629,30.29,4.07,-60,10.50,
2026-09-11T10:03:28,2,1.608,28.68,28.0790,25.9,1.628,30.23,4.10,-56,7.00,
2026-09-11T10:03:29,2,1.646,31.65,28.0770,25.9,1.627,30.16,4.06,-56,7.25,
2026-09-11T10:03:30,2,1.613,29.00,28.0820,25.9,1.631,30.48,4.08,-56,7.50,
2026-09-11T10:03:31,2,1.636,30.87,28.0860,25.9,1.632,30.55,4.07,-61,10.25,
2026-09-11T10:03:32,2,1.632,30.55,28.0860,25.9,1.634,30.74,4.06,-60,10.75,
2026-09-11T10:03:33,2,1.609,28.74,28.0910,25.9,1.627,30.16,4.09,-61,9.75,
2026-09-11T10:03:34,2,1.632,30.55,28.0790,25.9,1.630,30.42,4.07,-60,10.00,
2026-09-11T10:03:36,2,1.610,28.81,28.0810,25.9,1.630,30.42,4.08,-61,9.75,
2026-09-11T10:03:37,2,1.608,28.62,28.0850,25.9,1.628,30.23,4.09,-61,9.50,
2026-09-11T10:03:38,2,1.633,30.68,28.1000,25.9,1.633,30.68,4.06,-61,9.75,
2026-09-11T10:03:39,2,1.615,29.20,28.0990,25.9,1.625,29.97,4.08,-60,10.00,
2026-09-11T10:03:40,2,1.633,30.61,28.1010,25.9,1.630,30.42,4.09,-60,9.25,
2026-09-11T10:03:41,2,1.631,30.48,28.0960,25.9,1.633,30.68,4.06,-60,9.50,
2026-09-11T10:03:42,2,1.611,28.87,28.0930,25.9,1.625,30.03,4.08,-60,9.50,
2026-09-11T10:03:43,2,1.632,30.55,28.0960,25.9,1.628,30.23,4.08,-60,9.75,
2026-09-11T10:03:44,2,1.613,29.07,28.1030,25.9,1.630,30.42,4.06,-60,10.25,
2026-09-11T10:03:45,2,1.609,28.74,28.0990,25.9,1.628,30.23,4.09,-60,9.50,
2026-09-11T10:03:46,2,1.630,30.42,28.0990,25.9,1.629,30.36,4.07,-60,10.25,
2026-09-11T10:03:48,2,1.612,28.94,28.0940,25.9,1.631,30.48,4.06,-60,9.75,
2026-09-11T10:03:49,2,1.608,28.62,28.0930,25.9,1.625,30.03,4.10,-61,9.75,
2026-09-11T10:03:50,2,1.632,30.55,28.0840,25.9,1.633,30.61,4.07,-60,10.00,
2026-09-11T10:03:51,2,1.610,28.81,28.0820,25.9,1.629,30.36,4.08,-60,9.75,
2026-09-11T10:03:52,2,1.632,30.55,28.0790,25.9,1.627,30.16,4.07,-60,10.00,
2026-09-11T10:03:53,2,1.621,29.71,28.0850,25.9,1.633,30.68,4.06,-60,9.75,
2026-09-11T10:03:54,2,1.608,28.62,28.0820,25.9,1.630,30.42,4.09,-60,9.75,
2026-09-11T10:03:55,2,1.629,30.36,28.0770,25.9,1.629,30.36,4.07,-61,10.00,
2026-09-11T10:03:56,2,1.611,28.87,28.0720,25.9,1.629,30.29,4.07,-60,10.50,
2026-09-11T10:03:57,2,1.610,28.81,28.0630,25.9,1.625,30.03,4.10,-60,9.50,
2026-09-11T10:03:58,2,1.633,30.68,28.0670,25.9,1.633,30.68,4.07,-60,9.75,
2026-09-11T10:04:00,2,1.614,29.13,28.0720,25.9,1.628,30.23,4.08,-60,9.50,
2026-09-11T10:04:01,2,1.633,30.68,28.0750,25.9,1.629,30.29,4.08,-60,9.75,
2026-09-11T10:04:02,2,1.632,30.55,28.0760,25.9,1.632,30.55,4.06,-61,9.75,
2026-09-11T10:04:03,2,1.607,28.55,28.0740,25.9,1.626,30.10,4.09,-61,9.75,
2026-09-11T10:04:04,2,1.635,30.81,28.0830,25.9,1.629,30.36,4.07,-60,10.25,
2026-09-11T10:04:05,2,1.611,28.87,28.0860,25.9,1.639,31.13,4.08,-59,9.75,
2026-09-11T10:04:06,2,1.608,28.68,28.0860,25.9,1.626,30.10,4.09,-60,9.75,
2026-09-11T10:04:07,2,1.635,30.81,28.0960,25.9,1.633,30.68,4.06,-60,9.75,
2026-09-11T10:04:13,2,1.631,30.48,28.1140,25.9,1.629,30.36,4.07,-56,9.50,
2026-09-11T10:04:14,2,1.612,28.94,28.1130,25.9,1.629,30.29,4.07,-56,10.00,
2026-09-11T10:04:15,2,1.609,28.74,28.1220,25.9,1.628,30.23,4.09,-56,9.25,
2026-09-11T10:04:16,2,1.633,30.68,28.1290,25.9,1.632,30.55,4.06,-60,9.50,
2026-09-11T10:04:17,2,1.613,29.00,28.1290,25.9,1.625,30.03,4.08,-60,9.75,
2026-09-11T10:04:18,2,1.634,30.74,28.1280,25.9,1.629,30.29,4.07,-59,10.00,
2026-09-11T10:04:19,2,1.632,30.55,28.1190,25.9,1.633,30.61,4.06,-61,9.75,
2026-09-11T10:04:20,2,1.611,28.87,28.1220,25.9,1.625,30.03,4.09,-61,9.25,
2026-09-11T10:04:21,2,1.632,30.55,28.1160,25.9,1.629,30.29,4.08,-60,9.75,
2026-09-11T10:04:23,2,1.612,28.94,28.1250,25.9,1.629,30.36,4.08,-61,10.00,
2026-09-11T10:04:24,2,1.608,28.68,28.1220,25.9,1.637,30.94,4.09,-61,9.25,
2026-09-11T10:04:25,2,1.633,30.61,28.1160,25.9,1.633,30.68,4.06,-61,9.50,
2026-09-11T10:04:26,2,1.612,28.94,28.1130,25.9,1.629,30.29,4.07,-60,10.25,
2026-09-11T10:04:27,2,1.635,30.81,28.1080,25.9,1.630,30.42,4.07,-60,10.25,
2026-09-11T10:04:28,2,1.633,30.61,28.1110,25.9,1.633,30.68,4.06,-60,9.75,
2026-09-11T10:04:29,2,1.610,28.81,28.1140,25.9,1.627,30.16,4.09,-60,9.25,
2026-09-11T10:04:30,2,1.632,30.55,28.1090,25.9,1.629,30.29,4.07,-60,10.25,
2026-09-11T10:04:31,2,1.611,28.87,28.1140,25.9,1.629,30.36,4.08,-60,9.75,
2026-09-11T10:04:32,2,1.605,28.42,28.1100,25.9,1.626,30.10,4.09,-61,9.50,
2026-09-11T10:04:33,2,1.633,30.61,28.1150,25.9,1.635,30.81,4.07,-60,11.25,
2026-09-11T10:04:35,2,1.611,28.87,28.1090,25.9,1.629,30.29,4.08,-60,9.75,
2026-09-11T10:04:36,2,1.635,30.81,28.1110,25.9,1.630,30.42,4.07,-60,10.00,
2026-09-11T10:04:37,2,1.633,30.61,28.1100,25.9,1.633,30.61,4.06,-61,9.50,
2026-09-11T10:04:38,2,1.610,28.81,28.1170,25.9,1.628,30.23,4.08,-60,9.50,
2026-09-11T10:04:39,2,1.632,30.55,28.1220,25.9,1.633,30.68,4.07,-60,10.25,
2026-09-11T10:04:40,2,1.613,29.00,28.1200,25.9,1.631,30.48,4.08,-60,10.00,
2026-09-11T10:04:41,2,1.608,28.62,28.1160,25.9,1.632,30.55,4.09,-60,9.25,
2026-09-11T10:04:42,2,1.629,30.36,28.1110,25.9,1.627,30.16,4.08,-60,9.75,
2026-09-11T10:04:43,2,1.610,28.81,28.1020,25.9,1.629,30.36,4.08,-60,9.50,
2026-09-11T10:04:44,2,1.638,31.00,28.1060,25.9,1.629,30.36,4.07,-60,10.25,
2026-09-11T10:04:45,2,1.631,30.48,28.1100,25.9,1.632,30.55,4.06,-60,9.50,
2026-09-11T10:04:47,2,1.610,28.81,28.1060,25.9,1.630,30.42,4.08,-60,11.00,
2026-09-11T10:04:48,2,1.630,30.42,28.1040,25.9,1.628,30.23,4.07,-60,10.00,
2026-09-11T10:04:49,2,1.610,28.81,28.1010,25.9,1.630,30.42,4.08,-60,9.75,
2026-09-11T10:04:50,2,1.621,29.65,28.1000,25.9,1.626,30.10,4.09,-60,9.50,
2026-09-11T10:04:51,2,1.628,30.23,28.0980,25.9,1.632,30.55,4.08,-60,9.75,
2026-09-11T10:04:52,2,1.612,28.94,28.0950,25.9,1.629,30.36,4.08,-60,9.75,
2026-09-11T10:04:56,2,1.631,30.48,28.0890,25.9,1.630,30.42,4.07,-56,8.25,
2026-09-11T10:04:58,2,1.612,28.94,28.0850,25.9,1.629,30.36,4.07,-56,7.75,
2026-09-11T10:04:59,2,1.600,28.04,28.0800,25.9,1.626,30.10,4.09,-56,7.50,
2026-09-11T10:05:00,2,1.630,30.42,28.0780,25.9,1.629,30.29,4.08,-56,8.75,
2026-09-11T10:05:01,2,1.610,28.81,28.0780,25.9,1.629,30.36,4.08,-60,10.75,
2026-09-11T10:05:02,2,1.638,31.07,28.0840,25.9,1.631,30.48,4.07,-60,10.25,
2026-09-11T10:05:03,2,1.632,30.55,28.0920,25.9,1.633,30.68,4.06,-60,10.00,
2026-09-11T10:05:04,2,1.610,28.81,28.0930,25.9,1.629,30.36,4.08,-60,9.75,
2026-09-11T10:05:05,2,1.631,30.48,28.0920,25.9,1.629,30.29,4.07,-60,10.00,
2026-09-11T10:05:06,2,1.610,28.81,28.1030,25.9,1.629,30.36,4.07,-60,9.75,
2026-09-11T10:05:07,2,1.609,28.74,28.0990,25.9,1.627,30.16,4.09,-60,9.75,
2026-09-11T10:05:08,2,1.629,30.36,28.0930,25.9,1.629,30.36,4.07,-60,10.25,
2026-09-11T10:05:10,2,1.622,29.78,28.0970,25.9,1.633,30.61,4.08,-61,9.50,
2026-09-11T10:05:11,2,1.637,30.94,28.0980,25.9,1.625,30.03,4.07,-60,10.00,
2026-09-11T10:05:12,2,1.633,30.61,28.0990,25.9,1.634,30.74,4.06,-60,9.75,
2026-09-11T10:05:13,2,1.611,28.87,28.1060,25.9,1.628,30.23,4.07,-60,10.00,
2026-09-11T10:05:14,2,1.631,30.48,28.1010,25.9,1.629,30.36,4.08,-60,9.75,
2026-09-11T10:05:15,2,1.613,29.07,28.1010,25.9,1.629,30.36,4.08,-61,9.75,
2026-09-11T10:05:16,2,1.607,28.55,28.0970,25.9,1.626,30.10,4.09,-60,9.50,
2026-09-11T10:05:17,2,1.630,30.42,28.1020,25.9,1.630,30.42,4.08,-60,9.50,
2026-09-11T10:05:18,2,1.611,28.87,28.1020,25.9,1.630,30.42,4.08,-60,9.75,
2026-09-11T10:05:19,2,1.608,28.62,28.1020,25.9,1.630,30.42,4.09,-60,9.25,
2026-09-11T10:05:20,2,1.632,30.55,28.1010,25.9,1.632,30.55,4.06,-61,9.75,
2026-09-11T10:05:22,2,1.611,28.87,28.0970,25.9,1.629,30.36,4.08,-60,9.50,
2026-09-11T10:05:23,2,1.634,30.74,28.0940,25.9,1.629,30.36,4.07,-61,10.50,
2026-09-11T10:05:24,2,1.631,30.48,28.1010,25.9,1.633,30.68,4.06,-61,9.50,
2026-09-11T10:05:25,2,1.609,28.74,28.1060,25.9,1.628,30.23,4.09,-60,9.25,
2026-09-11T10:05:26,2,1.629,30.36,28.1020,25.9,1.629,30.36,4.07,-60,10.25,
2026-09-11T10:05:27,2,1.611,28.87,28.0990,25.9,1.629,30.36,4.08,-60,9.75,
2026-09-11T10:05:28,2,1.608,28.68,28.1040,25.9,1.627,30.16,4.09,-60,9.75,
2026-09-11T10:05:29,2,1.633,30.61,28.0970,25.9,1.630,30.42,4.06,-61,9.75,
2026-09-11T10:05:30,2,1.610,28.81,28.1080,25.9,1.630,30.42,4.08,-57,9.75,
2026-09-11T10:05:31,2,1.636,30.87,28.1050,25.9,1.630,30.42,4.07,-60,10.25,
2026-09-11T10:05:32,2,1.630,30.42,28.1080,25.9,1.635,30.81,4.06,-60,10.00,
2026-09-11T10:05:34,2,1.608,28.68,28.1160,25.9,1.625,30.03,4.09,-60,9.25,
2026-09-11T10:05:35,2,1.630,30.42,28.1090,25.9,1.630,30.42,4.08,-60,9.75,
2026-09-11T10:05:36,2,1.608,28.68,28.1090,25.9,1.629,30.36,4.07,-60,10.50,
2026-09-11T10:05:37,2,1.608,28.68,28.1000,25.9,1.627,30.16,4.09,-60,9.75,
2026-09-11T10:05:38,2,1.633,30.68,28.1010,25.9,1.634,30.74,4.06,-60,9.75,
2026-09-11T10:05:41,2,1.633,30.61,28.1130,25.9,1.635,30.81,4.06,-56,7.75,
2026-09-11T10:05:42,2,1.608,28.62,28.1150,25.9,1.626,30.10,4.09,-56,7.50,
2026-09-11T10:05:43,2,1.630,30.42,28.1160,25.9,1.633,30.61,4.08,-56,7.50,
2026-09-11T10:05:45,2,1.610,28.81,28.1080,25.9,1.629,30.29,4.08,-60,9.50,
2026-09-11T10:05:46,2,1.608,28.62,28.1190,25.9,1.626,30.10,4.08,-61,10.00,
2026-09-11T10:05:47,2,1.633,30.61,28.1210,25.9,1.633,30.68,4.06,-61,9.50,
2026-09-11T10:05:48,2,1.611,28.87,28.1130,25.9,1.625,30.03,4.08,-61,10.75,
2026-09-11T10:05:49,2,1.646,31.71,28.1150,25.9,1.631,30.48,4.08,-61,9.75,
2026-09-11T10:05:50,2,1.631,30.48,28.1190,25.9,1.633,30.61,4.06,-61,9.50,
2026-09-11T10:05:51,2,1.609,28.74,28.1130,25.9,1.626,30.10,4.08,-61,9.50,
2026-09-11T10:05:52,2,1.633,30.68,28.1200,25.9,1.626,30.10,4.07,-61,10.25,
2026-09-11T10:05:53,2,1.613,29.00,28.1200,25.9,1.629,30.36,4.08,-61,9.50,
2026-09-11T10:05:54,2,1.612,28.94,28.1300,25.9,1.628,30.23,4.09,-61,9.50,
2026-09-11T10:05:55,2,1.630,30.42,28.1350,25.9,1.631,30.48,4.08,-59,9.75,
2026-09-11T10:05:57,2,1.613,29.00,28.1430,25.9,1.628,30.23,4.08,-60,9.50,
2026-09-11T10:05:58,2,1.632,30.55,28.1430,25.9,1.632,30.55,4.07,-61,9.75,
2026-09-11T10:05:59,2,1.630,30.42,28.1510,25.9,1.633,30.68,4.06,-61,9.50,
2026-09-11T10:06:00,2,1.615,29.20,28.1560,25.9,1.629,30.29,4.08,-61,10.00,
2026-09-11T10:06:01,2,1.632,30.55,28.1470,25.9,1.630,30.42,4.07,-62,10.50,
2026-09-11T10:06:02,2,1.602,28.16,28.1400,25.9,1.629,30.36,4.08,-61,12.25,
2026-09-11T10:06:03,2,1.608,28.62,28.1440,25.9,1.625,30.03,4.09,-61,9.50,
2026-09-11T10:06:04,2,1.630,30.42,28.1430,25.9,1.630,30.42,4.08,-61,9.75,
2026-09-11T10:06:05,2,1.611,28.87,28.1410,25.9,1.629,30.29,4.08,-61,9.75,
2026-09-11T10:06:06,2,1.636,30.87,28.1380,25.9,1.631,30.48,4.07,-61,10.00,
2026-09-11T10:06:07,2,1.631,30.48,28.1410,25.9,1.634,30.74,4.06,-62,9.50,
2026-09-11T10:06:09,2,1.613,29.00,28.1460,25.9,1.629,30.36,4.08,-62,9.75,
2026-09-11T10:06:10,2,1.631,30.48,28.1460,25.9,1.629,30.29,4.07,-61,10.00,
2026-09-11T10:06:11,2,1.611,28.87,28.1460,25.9,1.633,30.61,4.08,-62,9.75,
2026-09-11T10:06:12,2,1.610,28.81,28.1390,25.9,1.627,30.16,4.09,-62,9.25,
2026-09-11T10:06:13,2,1.630,30.42,28.1310,25.9,1.632,30.55,4.08,-61,9.75,
2026-09-11T10:06:15,2,1.638,31.07,28.1310,25.9,1.631,30.48,4.07,-61,10.00,
2026-09-11T10:06:16,2,1.630,30.42,28.1220,25.9,1.634,30.74,4.06,-62,9.75,
2026-09-11T10:06:17,2,1.610,28.81,28.1250,25.9,1.628,30.23,4.08,-61,9.75,
2026-09-11T10:06:18,2,1.633,30.61,28.1230,25.9,1.633,30.68,4.08,-61,9.75,
2026-09-11T10:06:19,2,1.612,28.94,28.1190,25.9,1.632,30.55,4.08,-61,9.50,
2026-09-11T10:06:21,2,1.608,28.62,28.1210,25.9,1.629,30.29,4.09,-61,9.50,
2026-09-11T10:06:26,2,1.609,28.74,28.1040,25.9,1.632,30.55,4.08,-56,8.25,
2026-09-11T10:06:27,2,1.631,30.48,28.1040,25.9,1.629,30.36,4.07,-56,8.50,
2026-09-11T10:06:28,2,1.610,28.81,28.0990,25.9,1.633,30.61,4.08,-56,8.50,
2026-09-11T10:06:29,2,1.605,28.42,28.1000,25.9,1.629,30.36,4.09,-60,9.25,
2026-09-11T10:06:30,2,1.630,30.42,28.0980,25.9,1.629,30.36,4.08,-59,9.75,
2026-09-11T10:06:32,2,1.613,29.00,28.0890,25.9,1.635,30.81,4.08,-60,11.00,
2026-09-11T10:06:33,2,1.637,30.94,28.0930,25.9,1.630,30.42,4.07,-60,10.00,
2026-09-11T10:06:34,2,1.630,30.42,28.0920,25.9,1.633,30.68,4.06,-59,9.50,
2026-09-11T10:06:35,2,1.613,29.00,28.0850,25.9,1.630,30.42,4.08,-59,9.50,
2026-09-11T10:06:36,2,1.632,30.55,28.0870,25.9,1.629,30.36,4.07,-60,9.75,
2026-09-11T10:06:37,2,1.612,28.94,28.0920,25.9,1.630,30.42,4.07,-59,10.25,
2026-09-11T10:06:38,2,1.613,29.00,28.0860,25.9,1.627,30.16,4.09,-59,9.50,
2026-09-11T10:06:39,2,1.632,30.55,28.1000,25.9,1.629,30.29,4.08,-60,9.75,
2026-09-11T10:06:40,2,1.613,29.00,28.1050,25.9,1.631,30.48,4.08,-60,9.75,
2026-09-11T10:06:41,2,1.620,29.58,28.1090,25.9,1.630,30.42,4.09,-59,9.25,
2026-09-11T10:06:42,2,1.633,30.68,28.1240,25.9,1.633,30.61,4.06,-60,9.75,
2026-09-11T10:06:44,2,1.612,28.94,28.1140,25.9,1.629,30.36,4.07,-60,10.25,
2026-09-11T10:06:45,2,1.631,30.48,28.1190,25.9,1.629,30.36,4.07,-60,10.00,
2026-09-11T10:06:46,2,1.632,30.55,28.1160,25.9,1.633,30.68,4.06,-60,9.75,
2026-09-11T10:06:47,2,1.608,28.68,28.1150,25.9,1.628,30.23,4.09,-60,9.50,
2026-09-11T10:06:48,2,1.631,30.48,28.1230,25.9,1.630,30.42,4.07,-60,9.75,
2026-09-11T10:06:49,2,1.612,28.94,28.1250,25.9,1.623,29.84,4.07,-60,10.00,
2026-09-11T10:06:50,2,1.607,28.55,28.1270,25.9,1.626,30.10,4.08,-60,9.50,
2026-09-11T10:06:51,2,1.635,30.81,28.1470,25.9,1.633,30.68,4.06,-60,9.50,
2026-09-11T10:06:52,2,1.609,28.74,28.1520,25.9,1.633,30.68,4.08,-60,9.50,
2026-09-11T10:06:53,2,1.634,30.74,28.1540,25.9,1.629,30.29,4.07,-60,10.25,
2026-09-11T10:06:54,2,1.631,30.48,28.1620,25.9,1.633,30.61,4.06,-60,9.75,
2026-09-11T10:06:56,2,1.611,28.87,28.1580,25.9,1.626,30.10,4.08,-60,9.50,
2026-09-11T10:06:57,2,1.636,30.87,28.1500,25.9,1.629,30.36,4.08,-60,9.50,
2026-09-11T10:06:58,2,1.613,29.07,28.1570,25.9,1.631,30.48,4.07,-59,10.00,
2026-09-11T10:06:59,2,1.608,28.68,28.1560,25.9,1.627,30.16,4.09,-60,9.75,
2026-09-11T10:07:00,2,1.630,30.42,28.1410,25.9,1.625,30.03,4.08,-60,9.50,
2026-09-11T10:07:01,2,1.613,29.00,28.1400,25.9,1.627,30.16,4.08,-60,9.75,
2026-09-11T10:07:02,2,1.635,30.81,28.1360,25.9,1.630,30.42,4.07,-60,10.00,
2026-09-11T10:07:03,2,1.624,29.90,28.1440,25.9,1.633,30.68,4.06,-60,9.50,
2026-09-11T10:07:04,2,1.612,28.94,28.1400,25.9,1.629,30.36,4.08,-60,9.75,
2026-09-11T10:07:05,2,1.631,30.48,28.1390,25.9,1.629,30.36,4.08,-60,9.75,
2026-09-11T10:07:11,2,1.632,30.55,28.1360,25.9,1.629,30.36,4.07,-55,6.25,
2026-09-11T10:07:12,2,1.633,30.61,28.1390,25.9,1.634,30.74,4.06,-55,6.25,
2026-09-11T10:07:13,2,1.605,28.42,28.1420,25.9,1.630,30.42,4.08,-55,7.25,
2026-09-11T10:07:14,2,1.630,30.42,28.1390,25.9,1.629,30.36,4.08,-59,9.50,
2026-09-11T10:07:15,2,1.612,28.94,28.1480,25.9,1.633,30.61,4.08,-59,9.50,
2026-09-11T10:07:16,2,1.612,28.94,28.1550,25.9,1.628,30.23,4.09,-60,9.50,
2026-09-11T10:07:17,2,1.625,30.03,28.1480,25.9,1.631,30.48,4.08,-59,9.75,
2026-09-11T10:07:19,2,1.612,28.94,28.1530,25.9,1.630,30.42,4.08,-60,9.75,
2026-09-11T10:07:20,2,1.633,30.68,28.1620,25.9,1.632,30.55,4.07,-60,10.00,
2026-09-11T10:07:21,2,1.632,30.55,28.1590,25.9,1.633,30.68,4.06,-60,9.75,
2026-09-11T10:07:22,2,1.611,28.87,28.1600,25.9,1.633,30.61,4.08,-60,10.00,
2026-09-11T10:07:23,2,1.633,30.61,28.1480,25.9,1.631,30.48,4.07,-59,9.75,
2026-09-11T10:07:24,2,1.614,29.13,28.1410,25.9,1.627,30.16,4.07,-60,10.50,
2026-09-11T10:07:25,2,1.609,28.74,28.1480,25.9,1.627,30.16,4.09,-60,9.75,
2026-09-11T10:07:26,2,1.634,30.74,28.1490,25.9,1.630,30.42,4.08,-59,10.00,
2026-09-11T10:07:27,2,1.611,28.87,28.1520,25.9,1.629,30.29,4.07,-60,10.25,
2026-09-11T10:07:28,2,1.636,30.87,28.1550,25.9,1.642,31.39,4.07,-60,9.75,
2026-09-11T10:07:29,2,1.644,31.52,28.1460,25.9,1.633,30.68,4.06,-60,9.25,
2026-09-11T10:07:31,2,1.612,28.94,28.1510,25.9,1.629,30.36,4.07,-59,9.75,
2026-09-11T10:07:32,2,1.630,30.42,28.1420,25.9,1.631,30.48,4.07,-59,10.25,
2026-09-11T10:07:33,2,1.601,28.10,28.1450,25.9,1.629,30.36,4.07,-60,10.50,
2026-09-11T10:07:34,2,1.609,28.74,28.1390,25.9,1.624,29.90,4.09,-60,9.75,
2026-09-11T10:07:35,2,1.629,30.29,28.1390,25.9,1.632,30.55,4.08,-60,9.75,
2026-09-11T10:07:36,2,1.613,29.07,28.1330,25.9,1.630,30.42,4.08,-60,9.50,
2026-09-11T10:07:37,2,1.638,31.00,28.1300,25.9,1.632,30.55,4.07,-60,10.00,
2026-09-11T10:07:38,2,1.632,30.55,28.1310,25.9,1.632,30.55,4.06,-60,9.25,
2026-09-11T10:07:39,2,1.612,28.94,28.1250,25.9,1.629,30.36,4.08,-60,9.75,
2026-09-11T10:07:40,2,1.633,30.68,28.1240,25.9,1.629,30.36,4.07,-60,10.00,
2026-09-11T10:07:41,2,1.612,28.94,28.1240,25.9,1.629,30.36,4.07,-60,10.25,
2026-09-11T10:07:43,2,1.609,28.74,28.1300,25.9,1.627,30.16,4.09,-59,9.25,
2026-09-11T10:07:44,2,1.629,30.36,28.1360,25.9,1.629,30.29,4.07,-60,10.00,
2026-09-11T10:07:45,2,1.615,29.20,28.1230,25.9,1.632,30.55,4.08,-60,9.50,
2026-09-11T10:07:46,2,1.633,30.68,28.1250,25.9,1.629,30.29,4.08,-59,9.75,
2026-09-11T10:07:47,2,1.632,30.55,28.1250,25.9,1.634,30.74,4.06,-60,9.50,
2026-09-11T10:07:48,2,1.614,29.13,28.1270,25.9,1.630,30.42,4.08,-59,10.50,
2026-09-11T10:07:49,2,1.631,30.48,28.1340,25.9,1.629,30.29,4.07,-59,10.00,
2026-09-11T10:07:50,2,1.617,29.39,28.1280,25.9,1.633,30.68,4.06,-59,9.25,
2026-09-11T10:07:55,2,1.608,28.62,28.1370,25.9,1.626,30.10,4.09,-55,6.25,
2026-09-11T10:07:56,2,1.632,30.55,28.1330,25.9,1.633,30.68,4.06,-55,6.75,
2026-09-11T10:07:57,2,1.611,28.87,28.1410,25.9,1.630,30.42,4.08,-55,6.50,
2026-09-11T10:07:58,2,1.636,30.87,28.1340,25.9,1.629,30.36,4.08,-55,7.75,
2026-09-11T10:07:59,2,1.632,30.55,28.1400,25.9,1.633,30.61,4.06,-59,10.00,
2026-09-11T10:08:00,2,1.609,28.74,28.1390,25.9,1.629,30.29,4.09,-60,9.25,
2026-09-11T10:08:01,2,1.629,30.36,28.1380,25.9,1.632,30.55,4.07,-59,9.75,
2026-09-11T10:08:02,2,1.612,28.94,28.1390,25.9,1.629,30.36,4.08,-61,9.50,
2026-09-11T10:08:03,2,1.610,28.81,28.1410,25.9,1.629,30.29,4.09,-64,9.00,
2026-09-11T10:08:04,2,1.634,30.74,28.1470,25.9,1.649,31.90,4.05,-60,9.50,
2026-09-11T10:08:06,2,1.613,29.00,28.1480,25.9,1.629,30.36,4.07,-60,9.75,
2026-09-11T10:08:07,2,1.634,30.74,28.1480,25.9,1.631,30.48,4.07,-59,10.00,
2026-09-11T10:08:08,2,1.635,30.81,28.1450,25.9,1.634,30.74,4.06,-60,9.75,
2026-09-11T10:08:09,2,1.608,28.68,28.1390,25.9,1.627,30.16,4.09,-59,9.50,
2026-09-11T10:08:10,2,1.631,30.48,28.1360,25.9,1.631,30.48,4.08,-60,9.50,
2026-09-11T10:08:11,2,1.610,28.81,28.1380,25.9,1.632,30.55,4.08,-61,10.00,
2026-09-11T10:08:12,2,1.607,28.55,28.1360,25.9,1.629,30.36,4.09,-61,9.50,
2026-09-11T10:08:13,2,1.632,30.55,28.1340,25.9,1.629,30.29,4.08,-61,9.50,
2026-09-11T10:08:14,2,1.611,28.87,28.1290,25.9,1.629,30.29,4.08,-60,9.75,
2026-09-11T10:08:15,2,1.633,30.68,28.1370,25.9,1.631,30.48,4.07,-60,10.25,
2026-09-11T10:08:16,2,1.633,30.68,28.1360,25.9,1.634,30.74,4.06,-61,9.75,
2026-09-11T10:08:18,2,1.608,28.68,28.1460,25.9,1.626,30.10,4.08,-60,9.75,
2026-09-11T10:08:19,2,1.631,30.48,28.1380,25.9,1.630,30.42,4.08,-60,10.25,
2026-09-11T10:08:20,2,1.610,28.81,28.1430,25.9,1.632,30.55,4.08,-60,9.75,
2026-09-11T10:08:21,2,1.609,28.74,28.1510,25.9,1.626,30.10,4.09,-60,9.75,
2026-09-11T10:08:22,2,1.625,30.03,28.1480,25.9,1.636,30.87,4.07,-59,10.00,
2026-09-11T10:08:23,2,1.613,29.00,28.1490,25.9,1.630,30.42,4.08,-59,9.50,
2026-09-11T10:08:24,2,1.634,30.74,28.1410,25.9,1.629,30.29,4.07,-59,9.75,
2026-09-11T10:08:25,2,1.630,30.42,28.1400,25.9,1.633,30.61,4.06,-59,9.50,
2026-09-11T10:08:26,2,1.616,29.26,28.1340,25.9,1.629,30.36,4.08,-59,9.75,
2026-09-11T10:08:27,2,1.630,30.42,28.1360,25.9,1.632,30.55,4.07,-59,10.00,
2026-09-11T10:08:28,2,1.613,29.00,28.1320,25.9,1.633,30.68,4.08,-59,9.25,
2026-09-11T10:08:30,2,1.609,28.74,28.1360,25.9,1.627,30.16,4.09,-59,9.00,
2026-09-11T10:08:31,2,1.630,30.42,28.1380,25.9,1.630,30.42,4.08,-59,9.50,
2026-09-11T10:08:32,2,1.612,28.94,28.1400,25.9,1.630,30.42,4.07,-59,9.75,
2026-09-11T10:08:33,2,1.633,30.68,28.1370,25.9,1.628,30.23,4.07,-59,10.00,
2026-09-11T10:08:34,2,1.633,30.61,28.1350,25.9,1.632,30.55,4.06,-59,9.50,
2026-09-11T10:08:35,2,1.612,28.94,28.1350,25.9,1.631,30.48,4.08,-59,9.50,
2026-09-11T10:08:39,2,1.633,30.68,28.1320,25.9,1.631,30.48,4.07,-55,9.50,
2026-09-11T10:08:41,2,1.612,28.94,28.1290,25.9,1.630,30.42,4.07,-55,9.50,
2026-09-11T10:08:42,2,1.638,31.00,28.1310,25.9,1.629,30.36,4.07,-55,9.00,
2026-09-11T10:08:43,2,1.638,31.00,28.1280,25.9,1.633,30.61,4.06,-59,9.25,
2026-09-11T10:08:44,2,1.613,29.07,28.1350,25.9,1.631,30.48,4.07,-59,9.75,
2026-09-11T10:08:45,2,1.632,30.55,28.1280,25.9,1.630,30.42,4.07,-59,9.75,
2026-09-11T10:08:46,2,1.610,28.81,28.1360,25.9,1.629,30.36,4.08,-59,9.50,
2026-09-11T10:08:47,2,1.609,28.74,28.1370,25.9,1.628,30.23,4.09,-59,8.75,
2026-09-11T10:08:48,2,1.631,30.48,28.1370,25.9,1.629,30.29,4.07,-58,9.75,
2026-09-11T10:08:49,2,1.612,28.94,28.1390,25.9,1.629,30.36,4.07,-58,10.25,
2026-09-11T10:08:50,2,1.638,31.00,28.1340,25.9,1.632,30.55,4.07,-58,10.25,
2026-09-11T10:08:51,2,1.633,30.68,28.1330,25.9,1.633,30.61,4.06,-59,9.75,
2026-09-11T10:08:53,2,1.612,28.94,28.1330,25.9,1.632,30.55,4.08,-59,9.75,
2026-09-11T10:08:54,2,1.629,30.29,28.1310,25.9,1.631,30.48,4.08,-59,9.75,
2026-09-11T10:08:55,2,1.611,28.87,28.1320,25.9,1.637,30.94,4.07,-59,10.00,
2026-09-11T10:08:56,2,1.609,28.74,28.1310,25.9,1.625,30.03,4.09,-59,9.50,
2026-09-11T10:08:57,2,1.629,30.36,28.1210,25.9,1.628,30.23,4.08,-58,9.75,
2026-09-11T10:08:58,2,1.611,28.87,28.1130,25.9,1.629,30.36,4.08,-60,9.75,
2026-09-11T10:08:59,2,1.642,31.32,28.1090,25.9,1.629,30.36,4.07,-59,9.50,
2026-09-11T10:09:00,2,1.636,30.87,28.1180,25.9,1.633,30.61,4.06,-59,9.50,
2026-09-11T10:09:01,2,1.614,29.13,28.1230,25.9,1.630,30.42,4.07,-59,9.50,
2026-09-11T10:09:02,2,1.630,30.42,28.1320,25.9,1.629,30.29,4.07,-59,9.75,
2026-09-11T10:09:03,2,1.613,29.00,28.1370,25.9,1.630,30.42,4.07,-59,9.75,
2026-09-11T10:09:05,2,1.609,28.74,28.1350,25.9,1.627,30.16,4.09,-59,9.50,
2026-09-11T10:09:06,2,1.631,30.48,28.1320,25.9,1.628,30.23,4.07,-59,10.25,
2026-09-11T10:09:07,2,1.615,29.20,28.1370,25.9,1.628,30.23,4.07,-59,10.00,
2026-09-11T10:09:08,2,1.638,31.00,28.1360,25.9,1.629,30.29,4.07,-59,10.25,
2026-09-11T10:09:09,2,1.632,30.55,28.1400,25.9,1.637,30.94,4.06,-59,9.75,
2026-09-11T10:09:10,2,1.625,29.97,28.1360,25.9,1.630,30.42,4.07,-59,10.00,
2026-09-11T10:09:11,2,1.633,30.61,28.1350,25.9,1.631,30.48,4.07,-59,9.50,
2026-09-11T10:09:12,2,1.613,29.07,28.1390,25.9,1.632,30.55,4.07,-59,9.75,
2026-09-11T10:09:13,2,1.610,28.81,28.1450,25.9,1.627,30.16,4.09,-59,9.25,
2026-09-11T10:09:14,2,1.631,30.48,28.1460,25.9,1.630,30.42,4.07,-59,9.75,
2026-09-11T10:09:16,2,1.611,28.87,28.1370,25.9,1.630,30.42,4.08,-59,9.50,
2026-09-11T10:09:17,2,1.638,31.00,28.1440,25.9,1.637,30.94,4.07,-59,9.75,
2026-09-11T10:09:18,2,1.633,30.68,28.1480,25.9,1.633,30.61,4.06,-59,9.25,
2026-09-11T10:09:19,2,1.612,28.94,28.1550,25.9,1.632,30.55,4.08,-59,9.25,
2026-09-11T10:09:24,2,1.612,28.94,28.1470,25.9,1.629,30.36,4.08,-55,8.25,
2026-09-11T10:09:25,2,1.634,30.74,28.1460,25.9,1.630,30.42,4.08,-54,8.50,
2026-09-11T10:09:26,2,1.629,30.29,28.1420,25.9,1.632,30.55,4.08,-54,8.00,
2026-09-11T10:09:28,2,1.613,29.00,28.1430,25.9,1.631,30.48,4.07,-59,10.25,
2026-09-11T10:09:29,2,1.633,30.68,28.1450,25.9,1.629,30.36,4.07,-59,9.75,
2026-09-11T10:09:31,2,1.613,29.00,28.1400,25.9,1.629,30.36,4.08,-59,9.50,
2026-09-11T10:09:32,2,1.633,30.68,28.1410,25.9,1.628,30.23,4.08,-59,9.50,
2026-09-11T10:09:33,2,1.611,28.87,28.1390,25.9,1.629,30.36,4.08,-59,9.25,
2026-09-11T10:09:34,2,1.609,28.74,28.1440,25.9,1.629,30.29,4.09,-57,9.25,
2026-09-11T10:09:35,2,1.631,30.48,28.1490,25.9,1.629,30.29,4.07,-59,10.00,
2026-09-11T10:09:36,2,1.612,28.94,28.1380,25.9,1.630,30.42,4.08,-59,9.50,
2026-09-11T10:09:37,2,1.633,30.68,28.1400,25.9,1.630,30.42,4.08,-59,9.50,
2026-09-11T10:09:38,2,1.633,30.68,28.1370,25.9,1.633,30.61,4.06,-59,9.50,
2026-09-11T10:09:40,2,1.609,28.74,28.1410,25.9,1.630,30.42,4.07,-59,9.75,
2026-09-11T10:09:41,2,1.632,30.55,28.1400,25.9,1.631,30.48,4.07,-59,10.00,
2026-09-11T10:09:42,2,1.608,28.68,28.1340,25.9,1.631,30.48,4.07,-59,9.75,
2026-09-11T10:09:43,2,1.609,28.74,28.1390,25.9,1.627,30.16,4.09,-59,11.25,
2026-09-11T10:09:44,2,1.632,30.55,28.1310,25.9,1.628,30.23,4.08,-59,9.50,
2026-09-11T10:09:45,2,1.613,29.07,28.1280,25.9,1.633,30.68,4.08,-59,9.25,
2026-09-11T10:09:46,2,1.633,30.68,28.1390,25.9,1.632,30.55,4.07,-59,10.00,
2026-09-11T10:09:47,2,1.633,30.61,28.1390,25.9,1.636,30.87,4.06,-59,9.50,
2026-09-11T10:09:48,2,1.614,29.13,28.1400,25.9,1.632,30.55,4.08,-59,9.75,
2026-09-11T10:09:49,2,1.632,30.55,28.1450,25.9,1.629,30.36,4.07,-59,9.50,
2026-09-11T10:09:50,2,1.613,29.07,28.1500,25.9,1.629,30.36,4.07,-59,9.75,
2026-09-11T10:09:52,2,1.609,28.74,28.1540,25.9,1.619,29.52,4.09,-59,9.00,
2026-09-11T10:09:53,2,1.632,30.55,28.1460,25.9,1.628,30.23,4.07,-59,9.75,
2026-09-11T10:09:54,2,1.613,29.07,28.1360,25.9,1.631,30.48,4.07,-59,9.75,
2026-09-11T10:09:55,2,1.631,30.48,28.1430,25.9,1.628,30.23,4.07,-59,9.75,
2026-09-11T10:09:56,2,1.630,30.42,28.1480,25.9,1.632,30.55,4.06,-59,9.50,
2026-09-11T10:09:57,2,1.613,29.00,28.1650,25.9,1.633,30.61,4.08,-59,9.25,
2026-09-11T10:09:58,2,1.631,30.48,28.1640,25.9,1.629,30.36,4.08,-59,9.25,
2026-09-11T10:09:59,2,1.613,29.07,28.1590,25.9,1.631,30.48,4.07,-59,9.50,
2026-09-11T10:10:00,2,1.601,28.10,28.1710,25.9,1.628,30.23,4.09,-58,9.25,
2026-09-11T10:10:01,2,1.631,30.48,28.1790,25.9,1.631,30.48,4.08,-60,9.50,
2026-09-11T10:10:03,2,1.611,28.87,28.1720,25.9,1.629,30.36,4.08,-60,9.50,
2026-09-11T10:10:04,2,1.634,30.74,28.1860,25.9,1.630,30.42,4.07,-59,9.75,
2026-09-11T10:10:09,2,1.610,28.81,28.1660,25.9,1.626,30.10,4.09,-54,7.75,
2026-09-11T10:10:10,2,1.633,30.68,28.1680,25.9,1.629,30.36,4.08,-54,7.75,
2026-09-11T10:10:11,2,1.613,29.00,28.1730,25.9,1.628,30.23,4.08,-54,8.25,
2026-09-11T10:10:12,2,1.633,30.68,28.1800,25.9,1.631,30.48,4.07,-60,10.00,
2026-09-11T10:10:13,2,1.627,30.16,28.1830,25.9,1.632,30.55,4.06,-59,9.50,
2026-09-11T10:10:15,2,1.612,28.94,28.1830,25.9,1.632,30.55,4.08,-60,9.75,
2026-09-11T10:10:16,2,1.633,30.61,28.1810,25.9,1.629,30.36,4.07,-60,9.75,
2026-09-11T10:10:17,2,1.615,29.20,28.1750,25.9,1.630,30.42,4.07,-60,10.00,
2026-09-11T10:10:18,2,1.611,28.87,28.1800,25.9,1.625,30.03,4.09,-59,9.50,
2026-09-11T10:10:19,2,1.629,30.29,28.1780,25.9,1.630,30.42,4.07,-60,10.00,
2026-09-11T10:10:20,2,1.613,29.00,28.1750,25.9,1.632,30.55,4.07,-60,10.00,
2026-09-11T10:10:21,2,1.634,30.74,28.1690,25.9,1.630,30.42,4.07,-60,9.75,
2026-09-11T10:10:22,2,1.633,30.61,28.1660,25.9,1.633,30.68,4.06,-59,9.75,
2026-09-11T10:10:23,2,1.612,28.94,28.1600,25.9,1.631,30.48,4.08,-63,9.75,
2026-09-11T10:10:24,2,1.632,30.55,28.1640,25.9,1.629,30.36,4.08,-58,9.75,
2026-09-11T10:10:25,2,1.613,29.00,28.1740,25.9,1.631,30.48,4.08,-58,9.75,
2026-09-11T10:10:27,2,1.613,29.00,28.1680,25.9,1.629,30.29,4.09,-58,9.75,
2026-09-11T10:10:28,2,1.631,30.48,28.1730,25.9,1.630,30.42,4.07,-58,10.25,
2026-09-11T10:10:29,2,1.611,28.87,28.1820,25.9,1.631,30.48,4.07,-57,10.25,
2026-09-11T10:10:30,2,1.638,31.00,28.1840,25.9,1.631,30.48,4.07,-58,10.00,
2026-09-11T10:10:31,2,1.623,29.84,28.1800,25.9,1.632,30.55,4.06,-59,9.75,
2026-09-11T10:10:32,2,1.614,29.13,28.1770,25.9,1.630,30.42,4.07,-58,9.75,
2026-09-11T10:10:33,2,1.632,30.55,28.1820,25.9,1.629,30.29,4.07,-58,10.00,
2026-09-11T10:10:34,2,1.612,28.94,28.1800,25.9,1.632,30.55,4.07,-58,10.50,
2026-09-11T10:10:35,2,1.613,29.07,28.1730,25.9,1.628,30.23,4.09,-58,9.50,
2026-09-11T10:10:36,2,1.629,30.36,28.1680,25.9,1.630,30.42,4.07,-58,10.00,
2026-09-11T10:10:37,2,1.613,29.00,28.1640,25.9,1.631,30.48,4.08,-58,9.50,
2026-09-11T10:10:39,2,1.638,31.07,28.1640,25.9,1.629,30.36,4.07,-58,10.00,
2026-09-11T10:10:40,2,1.633,30.61,28.1710,25.9,1.633,30.61,4.06,-58,12.50,
2026-09-11T10:10:41,2,1.613,29.00,28.1650,25.9,1.629,30.36,4.08,-59,9.50,
2026-09-11T10:10:42,2,1.632,30.55,28.1710,25.9,1.629,30.29,4.07,-58,10.50,
2026-09-11T10:10:43,2,1.612,28.94,28.1680,25.9,1.625,30.03,4.07,-58,10.50,
2026-09-11T10:10:44,2,1.607,28.55,28.1620,25.9,1.629,30.29,4.09,-58,9.25,
2026-09-11T10:10:45,2,1.631,30.48,28.1580,25.9,1.627,30.16,4.07,-58,10.50,
2026-09-11T10:10:46,2,1.613,29.07,28.1540,25.9,1.630,30.42,4.08,-58,9.50,
2026-09-11T10:10:47,2,1.625,30.03,28.1490,25.9,1.623,29.84,4.07,-58,10.50,
2026-09-11T10:10:48,2,1.632,30.55,28.1520,25.9,1.634,30.74,4.06,-58,10.00,
2026-09-11T10:10:53,2,1.608,28.68,28.1480,25.9,1.626,30.10,4.09,-53,7.50,
2026-09-11T10:10:54,2,1.628,30.23,28.1450,25.9,1.630,30.42,4.07,-53,8.00,
2026-09-11T10:10:55,2,1.610,28.81,28.1500,25.9,1.628,30.23,4.08,-53,8.00,
2026-09-11T10:10:56,2,1.638,31.00,28.1470,25.9,1.629,30.36,4.07,-53,10.75,
2026-09-11T10:10:57,2,1.632,30.55,28.1500,25.9,1.634,30.74,4.06,-58,9.75,
2026-09-11T10:10:58,2,1.614,29.13,28.1540,25.9,1.629,30.36,4.07,-58,10.25,
2026-09-11T10:10:59,2,1.638,31.07,28.1510,25.9,1.630,30.42,4.07,-58,10.25,
2026-09-11T10:11:00,2,1.613,29.07,28.1590,25.9,1.629,30.36,4.07,-58,10.00,
2026-09-11T10:11:02,2,1.611,28.87,28.1560,25.9,1.630,30.42,4.08,-58,9.75,
2026-09-11T10:11:03,2,1.631,30.48,28.1530,25.9,1.629,30.36,4.08,-58,9.50,
2026-09-11T10:11:04,2,1.613,29.00,28.1520,25.9,1.632,30.55,4.07,-58,10.00,
2026-09-11T10:11:05,2,1.639,31.13,28.1480,25.9,1.631,30.48,4.07,-58,10.25,
2026-09-11T10:11:06,2,1.633,30.68,28.1480,25.9,1.634,30.74,4.06,-58,9.75,
2026-09-11T10:11:07,2,1.611,28.87,28.1520,25.9,1.628,30.23,4.07,-58,10.25,
2026-09-11T10:11:08,2,1.632,30.55,28.1520,25.9,1.629,30.29,4.07,-58,10.00,
2026-09-11T10:11:09,2,1.613,29.00,28.1570,25.9,1.630,30.42,4.07,-58,10.25,
2026-09-11T10:11:10,2,1.610,28.81,28.1510,25.9,1.627,30.16,4.09,-58,9.50,
2026-09-11T10:11:11,2,1.629,30.36,28.1500,25.9,1.628,30.23,4.07,-58,10.00,
2026-09-11T10:11:12,2,1.612,28.94,28.1520,25.9,1.632,30.55,4.07,-58,10.00,
2026-09-11T10:11:14,2,1.634,30.74,28.1560,25.9,1.629,30.36,4.08,-58,9.50,
2026-09-11T10:11:15,2,1.633,30.61,28.1540,25.9,1.633,30.68,4.06,-58,9.75,
2026-09-11T10:11:16,2,1.613,29.00,28.1580,25.9,1.632,30.55,4.07,-58,10.25,
2026-09-11T10:11:17,2,1.633,30.68,28.1570,25.9,1.635,30.81,4.07,-58,10.00,
2026-09-11T10:11:18,2,1.617,29.32,28.1540,25.9,1.630,30.42,4.06,-58,10.00,
2026-09-11T10:11:19,2,1.610,28.81,28.1490,25.9,1.625,30.03,4.09,-58,9.50,
2026-09-11T10:11:20,2,1.631,30.48,28.1470,25.9,1.629,30.29,4.07,-58,10.00,
2026-09-11T10:11:21,2,1.613,29.00,28.1470,25.9,1.630,30.42,4.07,-58,10.25,
2026-09-11T10:11:22,2,1.613,29.00,28.1490,25.9,1.629,30.29,4.09,-58,9.25,
2026-09-11T10:11:23,2,1.633,30.68,28.1450,25.9,1.633,30.61,4.06,-56,9.75,
2026-09-11T10:11:24,2,1.608,28.62,28.1460,25.9,1.631,30.48,4.07,-58,10.50,
2026-09-11T10:11:26,2,1.632,30.55,28.1500,25.9,1.629,30.29,4.07,-58,9.75,
2026-09-11T10:11:27,2,1.633,30.61,28.1460,25.9,1.633,30.61,4.06,-58,9.75,
2026-09-11T10:11:28,2,1.613,29.07,28.1470,25.9,1.627,30.16,4.08,-58,10.00,
2026-09-11T10:11:29,2,1.629,30.29,28.1480,25.9,1.629,30.29,4.07,-58,10.00,
2026-09-11T10:11:30,2,1.613,29.00,28.1420,25.9,1.630,30.42,4.07,-58,11.00,
2026-09-11T10:11:31,2,1.609,28.74,28.1450,25.9,1.629,30.36,4.08,-58,9.75,
2026-09-11T10:11:32,2,1.633,30.68,28.1530,25.9,1.634,30.74,4.06,-58,10.00,
2026-09-11T10:11:33,2,1.609,28.74,28.1530,25.9,1.629,30.29,4.08,-58,10.25,
2026-09-11T10:11:38,2,1.631,30.48,28.1620,25.9,1.630,30.42,4.07,-53,8.75,
2026-09-11T10:11:39,2,1.613,29.00,28.1630,25.9,1.630,30.42,4.07,-53,8.50,
2026-09-11T10:11:40,2,1.609,28.74,28.1730,25.9,1.625,30.03,4.09,-53,8.00,
2026-09-11T10:11:41,2,1.629,30.29,28.1700,25.9,1.633,30.61,4.08,-52,9.25,
2026-09-11T10:11:42,2,1.611,28.87,28.1700,25.9,1.631,30.48,4.08,-58,9.75,
2026-09-11T10:11:43,2,1.633,30.61,28.1750,25.9,1.632,30.55,4.07,-58,10.00,
2026-09-11T10:11:44,2,1.634,30.74,28.1680,25.9,1.633,30.68,4.06,-58,9.50,
2026-09-11T10:11:45,2,1.610,28.81,28.1570,25.9,1.628,30.23,4.07,-58,10.25,
2026-09-11T10:11:46,2,1.631,30.48,28.1580,25.9,1.633,30.61,4.07,-58,10.25,
2026-09-11T10:11:47,2,1.611,28.87,28.1560,25.9,1.634,30.74,4.08,-58,9.50,
2026-09-11T10:11:49,2,1.610,28.81,28.1550,25.9,1.627,30.16,4.09,-59,9.25,
2026-09-11T10:11:50,2,1.632,30.55,28.1610,25.9,1.633,30.61,4.07,-59,9.75,
2026-09-11T10:11:51,2,1.611,28.87,28.1620,25.9,1.633,30.61,4.07,-59,9.75,
2026-09-11T10:11:52,2,1.634,30.74,28.1540,25.9,1.629,30.36,4.07,-59,9.75,
2026-09-11T10:11:53,2,1.633,30.61,28.1530,25.9,1.633,30.68,4.06,-59,10.00,
2026-09-11T10:11:54,2,1.611,28.87,28.1500,25.9,1.629,30.36,4.07,-59,10.00,
2026-09-11T10:11:55,2,1.632,30.55,28.1570,25.9,1.630,30.42,4.07,-59,10.00,
2026-09-11T10:11:56,2,1.613,29.00,28.1530,25.9,1.629,30.36,4.07,-59,9.75,
2026-09-11T10:11:57,2,1.608,28.68,28.1470,25.9,1.626,30.10,4.09,-59,9.00,
2026-09-11T10:11:58,2,1.630,30.42,28.1500,25.9,1.632,30.55,4.07,-59,9.75,
2026-09-11T10:11:59,2,1.613,29.07,28.1420,25.9,1.630,30.42,4.07,-59,10.00,
2026-09-11T10:12:01,2,1.633,30.61,28.1370,25.9,1.630,30.42,4.07,-59,10.00,
2026-09-11T10:12:02,2,1.633,30.68,28.1320,25.9,1.637,30.94,4.06,-59,10.00,
2026-09-11T10:12:03,2,1.612,28.94,28.1290,25.9,1.630,30.42,4.07,-58,10.25,
2026-09-11T10:12:04,2,1.630,30.42,28.1390,25.9,1.630,30.42,4.07,-58,9.75,
2026-09-11T10:12:05,2,1.611,28.87,28.1510,25.9,1.627,30.16,4.07,-58,10.50,
2026-09-11T10:12:06,2,1.608,28.68,28.1580,25.9,1.629,30.29,4.09,-58,9.50,
2026-09-11T10:12:07,2,1.630,30.42,28.1560,25.9,1.629,30.29,4.08,-58,10.00,
2026-09-11T10:12:08,2,1.610,28.81,28.1550,25.9,1.628,30.23,4.07,-58,10.25,
2026-09-11T10:12:09,2,1.637,30.94,28.1430,25.9,1.629,30.36,4.07,-58,10.00,
2026-09-11T10:12:10,2,1.633,30.68,28.1370,25.9,1.636,30.87,4.06,-58,10.00,
2026-09-11T10:12:12,2,1.613,29.07,28.1430,25.9,1.629,30.36,4.07,-59,9.75,
2026-09-11T10:12:13,2,1.633,30.61,28.1470,25.9,1.627,30.16,4.07,-58,10.75,
2026-09-11T10:12:14,2,1.613,29.00,28.1460,25.9,1.631,30.48,4.07,-58,10.75,
2026-09-11T10:12:15,2,1.612,28.94,28.1500,25.9,1.626,30.10,4.09,-58,9.75,
2026-09-11T10:12:16,2,1.630,30.42,28.1500,25.9,1.630,30.42,4.07,-59,10.75,
2026-09-11T10:12:17,2,1.612,28.94,28.1620,25.9,1.631,30.48,4.07,-59,10.00,
2026-09-11T10:12:22,2,1.612,28.94,28.1730,25.9,1.632,30.55,4.07,-54,6.50,
2026-09-11T10:12:24,2,1.610,28.81,28.1710,25.9,1.629,30.29,4.08,-53,6.00,
2026-09-11T10:12:25,2,1.629,30.29,28.1680,25.9,1.621,29.65,4.07,-53,6.50,
2026-09-11T10:12:26,2,1.611,28.87,28.1650,25.9,1.629,30.36,4.07,-58,10.25,
2026-09-11T10:12:27,2,1.637,30.94,28.1630,25.9,1.629,30.36,4.07,-58,10.25,
2026-09-11T10:12:28,2,1.646,31.65,28.1710,25.9,1.635,30.81,4.06,-59,10.00,
2026-09-11T10:12:29,2,1.613,29.07,28.1690,25.9,1.632,30.55,4.07,-58,10.25,
2026-09-11T10:12:30,2,1.631,30.48,28.1810,25.9,1.629,30.29,4.07,-58,10.00,
2026-09-11T10:12:31,2,1.613,29.00,28.1760,25.9,1.629,30.36,4.07,-59,10.25,
2026-09-11T10:12:32,2,1.610,28.81,28.1710,25.9,1.626,30.10,4.09,-58,9.50,
2026-09-11T10:12:33,2,1.627,30.16,28.1750,25.9,1.631,30.48,4.07,-59,10.00,
2026-09-11T10:12:34,2,1.611,28.87,28.1710,25.9,1.633,30.61,4.07,-59,10.00,
2026-09-11T10:12:36,2,1.635,30.81,28.1760,25.9,1.631,30.48,4.07,-59,10.00,
2026-09-11T10:12:37,2,1.633,30.68,28.1690,25.9,1.633,30.61,4.06,-59,9.50,
2026-09-11T10:12:38,2,1.605,28.42,28.1640,25.9,1.628,30.23,4.07,-59,10.00,
2026-09-11T10:12:39,2,1.634,30.74,28.1620,25.9,1.631,30.48,4.07,-59,10.25,
2026-09-11T10:12:40,2,1.611,28.87,28.1690,25.9,1.630,30.42,4.07,-59,10.25,
2026-09-11T10:12:41,2,1.611,28.87,28.1730,25.9,1.625,30.03,4.09,-59,9.25,
2026-09-11T10:12:42,2,1.629,30.36,28.1800,25.9,1.629,30.29,4.07,-58,10.00,
2026-09-11T10:12:43,2,1.613,29.00,28.1790,25.9,1.631,30.48,4.07,-59,10.50,
2026-09-11T10:12:44,2,1.638,31.07,28.1770,25.9,1.631,30.48,4.07,-59,10.00,
2026-09-11T10:12:45,2,1.634,30.74,28.1770,25.9,1.633,30.61,4.06,-59,9.75,
2026-09-11T10:12:46,2,1.613,29.00,28.1780,25.9,1.631,30.48,4.07,-59,10.00,
2026-09-11T10:12:48,2,1.633,30.61,28.1780,25.9,1.630,30.42,4.07,-58,10.00,
2026-09-11T10:12:49,2,1.609,28.74,28.1770,25.9,1.634,30.74,4.07,-58,10.00,
2026-09-11T10:12:50,2,1.610,28.81,28.1710,25.9,1.627,30.16,4.08,-59,9.50,
2026-09-11T10:12:51,2,1.633,30.68,28.1670,25.9,1.632,30.55,4.08,-59,9.50,
2026-09-11T10:12:52,2,1.613,29.07,28.1640,25.9,1.629,30.36,4.07,-58,10.25,
2026-09-11T10:12:53,2,1.614,29.13,28.1720,25.9,1.629,30.29,4.08,-58,9.25,
2026-09-11T10:12:54,2,1.635,30.81,28.1700,25.9,1.634,30.74,4.06,-58,9.75,
2026-09-11T10:12:55,2,1.613,29.00,28.1590,25.9,1.631,30.48,4.07,-58,10.25,
2026-09-11T10:12:57,2,1.630,30.42,28.1580,25.9,1.633,30.68,4.06,-59,9.50,
2026-09-11T10:12:59,2,1.610,28.81,28.1600,25.9,1.628,30.23,4.09,-58,9.25,
2026-09-11T10:13:00,2,1.632,30.55,28.1490,25.9,1.630,30.42,4.07,-58,10.50,
2026-09-11T10:13:01,2,1.613,29.07,28.1480,25.9,1.644,31.52,4.07,-58,9.50,
2026-09-11T10:13:02,2,1.608,28.68,28.1450,25.9,1.627,30.16,4.08,-58,10.25,
2026-09-11T10:13:07,2,1.611,28.87,28.1510,25.9,1.625,29.97,4.09,-53,6.75,
2026-09-11T10:13:08,2,1.630,30.42,28.1520,25.9,1.631,30.48,4.07,-53,7.50,
2026-09-11T10:13:09,2,1.613,29.00,28.1560,25.9,1.630,30.42,4.07,-53,7.75,
2026-09-11T10:13:11,2,1.611,28.87,28.1590,25.9,1.627,30.16,4.09,-58,9.50,
2026-09-11T10:13:12,2,1.633,30.68,28.1590,25.9,1.633,30.61,4.06,-58,10.25,
2026-09-11T10:13:13,2,1.613,29.00,28.1560,25.9,1.630,30.42,4.07,-58,10.00,
2026-09-11T10:13:14,2,1.633,30.61,28.1610,25.9,1.629,30.36,4.07,-58,10.00,
2026-09-11T10:13:15,2,1.631,30.48,28.1560,25.9,1.633,30.61,4.06,-59,9.75,
2026-09-11T10:13:16,2,1.609,28.74,28.1640,25.9,1.628,30.23,4.08,-58,10.00,
2026-09-11T10:13:17,2,1.630,30.42,28.1670,25.9,1.630,30.42,4.07,-58,10.50,
2026-09-11T10:13:18,2,1.613,29.00,28.1600,25.9,1.630,30.42,4.07,-58,10.25,
2026-09-11T10:13:19,2,1.609,28.74,28.1610,25.9,1.629,30.36,4.09,-58,9.75,
2026-09-11T10:13:20,2,1.634,30.74,28.1580,25.9,1.633,30.68,4.05,-58,9.50,
2026-09-11T10:13:21,2,1.613,29.07,28.1500,25.9,1.629,30.36,4.08,-58,10.25,
2026-09-11T10:13:23,2,1.633,30.68,28.1490,25.9,1.629,30.36,4.07,-58,10.25,
2026-09-11T10:13:24,2,1.631,30.48,28.1440,25.9,1.633,30.61,4.06,-58,10.00,
2026-09-11T10:13:25,2,1.611,28.87,28.1380,25.9,1.627,30.16,4.08,-58,10.00,
2026-09-11T10:13:26,2,1.631,30.48,28.1390,25.9,1.630,30.42,4.07,-58,10.25,
2026-09-11T10:13:27,2,1.610,28.81,28.1350,25.9,1.630,30.42,4.07,-59,9.75,
2026-09-11T10:13:28,2,1.609,28.74,28.1390,25.9,1.628,30.23,4.09,-58,9.25,
2026-09-11T10:13:29,2,1.632,30.55,28.1500,25.9,1.634,30.74,4.06,-58,9.75,
2026-09-11T10:13:30,2,1.613,29.07,28.1550,25.9,1.633,30.61,4.07,-58,10.25,
2026-09-11T10:13:31,2,1.634,30.74,28.1540,25.9,1.630,30.42,4.07,-58,10.25,
2026-09-11T10:13:32,2,1.633,30.61,28.1580,25.9,1.633,30.68,4.06,-58,9.75,
2026-09-11T10:13:33,2,1.609,28.74,28.1620,25.9,1.628,30.23,4.09,-58,10.00,
2026-09-11T10:13:35,2,1.631,30.48,28.1680,25.9,1.630,30.42,4.08,-58,9.75,
2026-09-11T10:13:36,2,1.601,28.10,28.1720,25.9,1.620,29.58,4.07,-59,10.00,
2026-09-11T10:13:37,2,1.608,28.68,28.1700,25.9,1.629,30.36,4.08,-58,10.00,
2026-09-11T10:13:38,2,1.639,31.13,28.1710,25.9,1.633,30.68,4.06,-59,9.75,
2026-09-11T10:13:39,2,1.613,29.07,28.1700,25.9,1.630,30.42,4.07,-59,9.75,
2026-09-11T10:13:40,2,1.637,30.94,28.1770,25.9,1.631,30.48,4.07,-58,10.00,
2026-09-11T10:13:41,2,1.631,30.48,28.1970,25.9,1.633,30.68,4.06,-58,9.75,
2026-09-11T10:13:42,2,1.608,28.68,28.1820,25.9,1.640,31.19,4.09,-59,12.00,
2026-09-11T10:13:43,2,1.633,30.68,28.1920,25.9,1.631,30.48,4.07,-62,10.25,
2026-09-11T10:13:44,2,1.603,28.23,28.1970,25.9,1.631,30.48,4.07,-59,10.00,
2026-09-11T10:13:46,2,1.611,28.87,28.2000,25.9,1.631,30.48,4.09,-59,9.00,
2026-09-11T10:13:47,2,1.634,30.74,28.2020,25.9,1.649,31.90,4.06,-60,9.25,
2026-09-11T10:13:52,2,1.632,30.55,28.1860,25.9,1.629,30.36,4.08,-54,8.50,
2026-09-11T10:13:53,2,1.613,29.00,28.1810,25.9,1.629,30.36,4.07,-53,8.00,
2026-09-11T10:13:54,2,1.611,28.87,28.1720,25.9,1.628,30.23,4.09,-54,7.00,
2026-09-11T10:13:55,2,1.633,30.61,28.1590,25.9,1.633,30.68,4.06,-59,9.50,
2026-09-11T10:13:56,2,1.608,28.62,28.1590,25.9,1.629,30.36,4.07,-59,9.50,
2026-09-11T10:13:58,2,1.638,31.07,28.1600,25.9,1.630,30.42,4.07,-59,10.00,
2026-09-11T10:13:59,2,1.631,30.48,28.1610,25.9,1.634,30.74,4.06,-58,9.25,
2026-09-11T10:14:00,2,1.609,28.74,28.1630,25.9,1.630,30.42,4.08,-59,9.75,
2026-09-11T10:14:01,2,1.632,30.55,28.1580,25.9,1.630,30.42,4.07,-59,9.75,
2026-09-11T10:14:02,2,1.611,28.87,28.1480,25.9,1.629,30.36,4.07,-60,9.75,
2026-09-11T10:14:03,2,1.609,28.74,28.1560,25.9,1.628,30.23,4.09,-58,9.50,
2026-09-11T10:14:04,2,1.632,30.55,28.1500,25.9,1.632,30.55,4.07,-59,9.50,
2026-09-11T10:14:05,2,1.611,28.87,28.1510,25.9,1.628,30.23,4.07,-59,10.00,
2026-09-11T10:14:06,2,1.638,31.00,28.1510,25.9,1.630,30.42,4.07,-59,10.00,
2026-09-11T10:14:07,2,1.633,30.61,28.1580,25.9,1.634,30.74,4.06,-58,9.50,
2026-09-11T10:14:08,2,1.611,28.87,28.1520,25.9,1.624,29.90,4.07,-57,10.00,
2026-09-11T10:14:10,2,1.631,30.48,28.1540,25.9,1.631,30.48,4.07,-59,10.00,
2026-09-11T10:14:11,2,1.617,29.32,28.1500,25.9,1.631,30.48,4.05,-58,9.75,
2026-09-11T10:14:12,2,1.609,28.74,28.1460,25.9,1.629,30.29,4.08,-58,10.00,
2026-09-11T10:14:13,2,1.633,30.68,28.1450,25.9,1.629,30.36,4.07,-59,9.75,
2026-09-11T10:14:14,2,1.612,28.94,28.1440,25.9,1.629,30.36,4.07,-59,10.00,
2026-09-11T10:14:15,2,1.610,28.81,28.1490,25.9,1.628,30.23,4.08,-61,10.00,
2026-09-11T10:14:16,2,1.636,30.87,28.1560,25.9,1.635,30.81,4.06,-59,10.50,
2026-09-11T10:14:17,2,1.616,29.26,28.1530,25.9,1.631,30.48,4.07,-59,9.50,
2026-09-11T10:14:18,2,1.633,30.61,28.1620,25.9,1.631,30.48,4.07,-59,9.75,
2026-09-11T10:14:19,2,1.632,30.55,28.1580,25.9,1.636,30.87,4.06,-59,10.00,
2026-09-11T10:14:21,2,1.609,28.74,28.1590,25.9,1.627,30.16,4.09,-59,9.25,
2026-09-11T10:14:22,2,1.631,30.48,28.1640,25.9,1.630,30.42,4.07,-59,10.00,
2026-09-11T10:14:23,2,1.611,28.87,28.1620,25.9,1.633,30.68,4.07,-59,9.75,
2026-09-11T10:14:24,2,1.608,28.68,28.1590,25.9,1.627,30.16,4.08,-59,9.50,
2026-09-11T10:14:25,2,1.633,30.61,28.1610,25.9,1.634,30.74,4.06,-59,9.25,
2026-09-11T10:14:26,2,1.612,28.94,28.1650,25.9,1.629,30.36,4.07,-59,10.00,
2026-09-11T10:14:27,2,1.632,30.55,28.1650,25.9,1.631,30.48,4.07,-59,10.00,
2026-09-11T10:14:28,2,1.633,30.61,28.1720,25.9,1.633,30.61,4.06,-59,9.25,
2026-09-11T10:14:29,2,1.611,28.87,28.1690,25.9,1.628,30.23,4.07,-59,10.00,
2026-09-11T10:14:30,2,1.629,30.36,28.1760,25.9,1.634,30.74,4.07,-59,9.75,
2026-09-11T10:14:31,2,1.611,28.87,28.1780,25.9,1.632,30.55,4.07,-59,9.75,
2026-09-11T10:14:36,2,1.642,31.39,28.1700,25.9,1.631,30.48,4.06,-54,6.75,
2026-09-11T10:14:37,2,1.633,30.61,28.1690,25.9,1.633,30.61,4.06,-53,6.50,
2026-09-11T10:14:38,2,1.608,28.62,28.1700,25.9,1.628,30.23,4.08,-54,6.75,
2026-09-11T10:14:39,2,1.633,30.68,28.1590,25.9,1.633,30.61,4.07,-54,8.25,
2026-09-11T10:14:40,2,1.612,28.94,28.1540,25.9,1.631,30.48,4.07,-59,9.75,
2026-09-11T10:14:41,2,1.611,28.87,28.1560,25.9,1.627,30.16,4.09,-58,9.00,
2026-09-11T10:14:42,2,1.634,30.74,28.1620,25.9,1.633,30.61,4.06,-59,9.25,
2026-09-11T10:14:43,2,1.611,28.87,28.1600,25.9,1.632,30.55,4.07,-58,9.50,
2026-09-11T10:14:45,2,1.632,30.55,28.1680,25.9,1.633,30.61,4.06,-58,9.50,
2026-09-11T10:14:46,2,1.633,30.68,28.1690,25.9,1.633,30.61,4.06,-59,9.25,
2026-09-11T10:14:47,2,1.610,28.81,28.1670,25.9,1.630,30.42,4.08,-59,10.00,
2026-09-11T10:14:48,2,1.633,30.61,28.1740,25.9,1.629,30.29,4.07,-59,9.75,
2026-09-11T10:14:49,2,1.612,28.94,28.1710,25.9,1.632,30.55,4.08,-58,9.50,
2026-09-11T10:14:50,2,1.609,28.74,28.1680,25.9,1.627,30.16,4.09,-59,9.25,
2026-09-11T10:14:51,2,1.633,30.61,28.1690,25.9,1.634,30.74,4.05,-59,9.25,
2026-09-11T10:14:52,2,1.610,28.81,28.1700,25.9,1.632,30.55,4.07,-59,10.00,
2026-09-11T10:14:53,2,1.637,30.94,28.1710,25.9,1.629,30.36,4.06,-59,9.25,
2026-09-11T10:14:55,2,1.611,28.87,28.1780,25.9,1.627,30.16,4.09,-59,9.25,
2026-09-11T10:14:57,2,1.633,30.61,28.1780,25.9,1.629,30.29,4.07,-59,9.75,
2026-09-11T10:14:58,2,1.613,29.00,28.1770,25.9,1.631,30.48,4.07,-59,10.00,
2026-09-11T10:14:59,2,1.609,28.74,28.1840,25.9,1.626,30.10,4.08,-58,9.50,
2026-09-11T10:15:00,2,1.632,30.55,28.1900,25.9,1.633,30.61,4.06,-59,9.25,
2026-09-11T10:15:01,2,1.612,28.94,28.1920,25.9,1.627,30.16,4.07,-59,9.75,
2026-09-11T10:15:02,2,1.638,31.07,28.1930,25.9,1.627,30.16,4.07,-59,10.00,
2026-09-11T10:15:03,2,1.633,30.61,28.1950,25.9,1.633,30.68,4.06,-59,9.75,
2026-09-11T10:15:04,2,1.609,28.74,28.1900,25.9,1.628,30.23,4.09,-58,9.00,
2026-09-11T10:15:05,2,1.632,30.55,28.1840,25.9,1.627,30.16,4.07,-59,9.75,
2026-09-11T10:15:06,2,1.613,29.00,28.1850,25.9,1.630,30.42,4.07,-59,9.75,
2026-09-11T10:15:08,2,1.610,28.81,28.1850,25.9,1.629,30.36,4.09,-59,9.25,
2026-09-11T10:15:09,2,1.634,30.74,28.1810,25.9,1.634,30.74,4.06,-58,9.50,
2026-09-11T10:15:10,2,1.611,28.87,28.1820,25.9,1.629,30.36,4.08,-59,9.25,
2026-09-11T10:15:11,2,1.639,31.13,28.1860,25.9,1.633,30.61,4.07,-59,9.50,
2026-09-11T10:15:12,2,1.632,30.55,28.1840,25.9,1.633,30.61,4.06,-59,9.75,
2026-09-11T10:15:13,2,1.610,28.81,28.1830,25.9,1.628,30.23,4.09,-59,9.00,
2026-09-11T10:15:14,2,1.634,30.74,28.1830,25.9,1.630,30.42,4.07,-59,10.00,
2026-09-11T10:15:15,2,1.614,29.13,28.1860,25.9,1.631,30.48,4.07,-59,9.75,
2026-09-11T10:15:21,2,1.635,30.81,28.1770,25.9,1.636,30.87,4.06,-53,6.50,
2026-09-11T10:15:22,2,1.610,28.81,28.1760,25.9,1.626,30.10,4.09,-54,6.25,
2026-09-11T10:15:23,2,1.633,30.68,28.1840,25.9,1.631,30.48,4.07,-54,6.75,
2026-09-11T10:15:24,2,1.633,30.68,28.1780,25.9,1.632,30.55,4.06,-59,9.50,
2026-09-11T10:15:25,2,1.608,28.68,28.1780,25.9,1.626,30.10,4.09,-59,9.50,
2026-09-11T10:15:26,2,1.636,30.87,28.1820,25.9,1.635,30.81,4.05,-59,9.25,
2026-09-11T10:15:27,2,1.611,28.87,28.1830,25.9,1.633,30.61,4.07,-59,9.75,
2026-09-11T10:15:28,2,1.611,28.87,28.1880,25.9,1.628,30.23,4.09,-59,9.25,
2026-09-11T10:15:29,2,1.633,30.61,28.1920,25.9,1.633,30.68,4.06,-59,9.50,
2026-09-11T10:15:30,2,1.609,28.74,28.1930,25.9,1.627,30.16,4.08,-59,9.50,
2026-09-11T10:15:32,2,1.636,30.87,28.1910,25.9,1.630,30.42,4.07,-59,9.50,
2026-09-11T10:15:33,2,1.632,30.55,28.1910,25.9,1.632,30.55,4.06,-59,9.25,
2026-09-11T10:15:34,2,1.609,28.74,28.2010,25.9,1.625,30.03,4.08,-59,9.25,
2026-09-11T10:15:36,2,1.612,28.94,28.1930,25.9,1.629,30.36,4.07,-59,9.75,
2026-09-11T10:15:37,2,1.610,28.81,28.1940,25.9,1.625,30.03,4.09,-59,9.00,
2026-09-11T10:15:38,2,1.633,30.68,28.2000,25.9,1.633,30.61,4.06,-58,9.50,
2026-09-11T10:15:39,2,1.608,28.68,28.2080,25.9,1.628,30.23,4.09,-58,9.50,
2026-09-11T10:15:41,2,1.633,30.68,28.2160,25.9,1.633,30.68,4.06,-59,9.50,
2026-09-11T10:15:43,2,1.607,28.55,28.2020,25.9,1.627,30.16,4.09,-59,9.25,
2026-09-11T10:15:44,2,1.638,31.00,28.2170,25.9,1.633,30.68,4.06,-59,9.50,
2026-09-11T10:15:45,2,1.613,29.07,28.2230,25.9,1.630,30.42,4.07,-59,10.00,
2026-09-11T10:15:46,2,1.614,29.13,28.2220,25.9,1.627,30.16,4.08,-59,9.50,
2026-09-11T10:15:47,2,1.633,30.61,28.2230,25.9,1.633,30.61,4.06,-59,9.00,
2026-09-11T10:15:48,2,1.613,29.00,28.2260,25.9,1.628,30.23,4.09,-58,9.00,
2026-09-11T10:15:49,2,1.638,31.00,28.2240,25.9,1.629,30.36,4.07,-58,9.75,
2026-09-11T10:15:50,2,1.633,30.61,28.2190,25.9,1.635,30.81,4.06,-58,12.00,
2026-09-11T10:15:51,2,1.609,28.74,28.2160,25.9,1.627,30.16,4.08,-59,9.75,
2026-09-11T10:15:52,2,1.633,30.68,28.2190,25.9,1.633,30.68,4.07,-59,9.75,
2026-09-11T10:15:53,2,1.613,29.07,28.2120,25.9,1.629,30.29,4.07,-59,9.50,
2026-09-11T10:15:55,2,1.608,28.68,28.2210,25.9,1.626,30.10,4.08,-59,9.50,
2026-09-11T10:15:56,2,1.633,30.68,28.2160,25.9,1.633,30.61,4.05,-59,9.50,
2026-09-11T10:15:57,2,1.613,29.00,28.2250,25.9,1.629,30.29,4.07,-59,10.00,
2026-09-11T10:15:58,2,1.637,30.94,28.2190,25.9,1.629,30.36,4.06,-59,9.75,
2026-09-11T10:15:59,2,1.633,30.68,28.2150,25.9,1.634,30.74,4.06,-59,9.50,
2026-09-11T10:16:00,2,1.608,28.68,28.2140,25.9,1.629,30.29,4.08,-59,9.25,
2026-09-11T10:16:05,2,1.613,29.00,28.1920,25.9,1.631,30.48,4.07,-54,6.00,
2026-09-11T10:16:07,2,1.638,31.07,28.1910,25.9,1.632,30.55,4.07,-54,6.00,
2026-09-11T10:16:08,2,1.633,30.68,28.1880,25.9,1.625,30.03,4.06,-53,6.25,
2026-09-11T10:16:09,2,1.608,28.62,28.1910,25.9,1.625,30.03,4.09,-59,9.50,
2026-09-11T10:16:10,2,1.629,30.36,28.1880,25.9,1.633,30.68,4.07,-59,9.75,
2026-09-11T10:16:11,2,1.613,29.07,28.1870,25.9,1.631,30.48,4.07,-59,10.00,
2026-09-11T10:16:12,2,1.610,28.81,28.1820,25.9,1.626,30.10,4.09,-58,9.75,
2026-09-11T10:16:13,2,1.635,30.81,28.1690,25.9,1.634,30.74,4.06,-59,9.75,
2026-09-11T10:16:14,2,1.610,28.81,28.1670,25.9,1.629,30.29,4.07,-59,10.00,
2026-09-11T10:16:15,2,1.637,30.94,28.1590,25.9,1.632,30.55,4.07,-58,10.50,
2026-09-11T10:16:16,2,1.632,30.55,28.1530,25.9,1.633,30.68,4.06,-58,9.75,
2026-09-11T10:16:17,2,1.609,28.74,28.1580,25.9,1.625,29.97,4.09,-58,9.50,
2026-09-11T10:16:19,2,1.633,30.61,28.1540,25.9,1.629,30.36,4.07,-59,10.25,
2026-09-11T10:16:20,2,1.616,29.26,28.1500,25.9,1.630,30.42,4.07,-58,10.00,
2026-09-11T10:16:21,2,1.608,28.62,28.1550,25.9,1.625,30.03,4.08,-59,9.25,
2026-09-11T10:16:22,2,1.633,30.61,28.1610,25.9,1.636,30.87,4.05,-58,11.00,
2026-09-11T10:16:23,2,1.613,29.00,28.1510,25.9,1.629,30.36,4.07,-59,10.00,
2026-09-11T10:16:24,2,1.638,31.00,28.1500,25.9,1.632,30.55,4.07,-59,9.75,
2026-09-11T10:16:25,2,1.632,30.55,28.1640,25.9,1.634,30.74,4.06,-58,10.00,
2026-09-11T10:16:26,2,1.609,28.74,28.1690,25.9,1.629,30.29,4.09,-58,9.25,
2026-09-11T10:16:27,2,1.632,30.55,28.1710,25.9,1.629,30.36,4.07,-58,10.00,
2026-09-11T10:16:28,2,1.614,29.13,28.1720,25.9,1.630,30.42,4.07,-58,9.75,
2026-09-11T10:16:30,2,1.611,28.87,28.1690,25.9,1.629,30.29,4.09,-58,9.50,
2026-09-11T10:16:31,2,1.634,30.74,28.1760,25.9,1.638,31.00,4.05,-59,9.50,
2026-09-11T10:16:32,2,1.613,29.00,28.1850,25.9,1.630,30.42,4.07,-58,10.00,
2026-09-11T10:16:33,2,1.638,31.07,28.1920,25.9,1.630,30.42,4.07,-58,10.00,
2026-09-11T10:16:34,2,1.632,30.55,28.1970,25.9,1.633,30.68,4.05,-59,9.75,
2026-09-11T10:16:35,2,1.609,28.74,28.1980,25.9,1.626,30.10,4.08,-58,10.25,
2026-09-11T10:16:36,2,1.634,30.74,28.2050,25.9,1.630,30.42,4.07,-58,10.25,
2026-09-11T10:16:37,2,1.611,28.87,28.2150,25.9,1.633,30.68,4.07,-58,10.25,
2026-09-11T10:16:38,2,1.608,28.68,28.2190,25.9,1.628,30.23,4.09,-58,9.25,
2026-09-11T10:16:39,2,1.635,30.81,28.2210,25.9,1.634,30.74,4.06,-58,10.00,
2026-09-11T10:16:40,2,1.614,29.13,28.2110,25.9,1.629,30.36,4.07,-59,9.75,
2026-09-11T10:16:42,2,1.633,30.68,28.2050,25.9,1.629,30.36,4.09,-59,9.25,
2026-09-11T10:16:43,2,1.635,30.81,28.1980,25.9,1.633,30.68,4.06,-59,9.50,
2026-09-11T10:16:44,2,1.611,28.87,28.1990,25.9,1.626,30.10,4.08,-59,9.75,
2026-09-11T10:16:45,2,1.633,30.61,28.2090,25.9,1.630,30.42,4.07,-59,10.00,
2026-09-11T10:16:50,2,1.610,28.81,28.1760,25.9,1.626,30.10,4.09,-53,5.00,
2026-09-11T10:16:51,2,1.633,30.68,28.1810,25.9,1.634,30.74,4.06,-53,5.50,
2026-09-11T10:16:52,2,1.608,28.68,28.1810,25.9,1.629,30.29,4.08,-53,5.75,
2026-09-11T10:16:54,2,1.633,30.68,28.1770,25.9,1.632,30.55,4.07,-59,9.75,
2026-09-11T10:16:55,2,1.632,30.55,28.1790,25.9,1.633,30.68,4.06,-59,9.75,
2026-09-11T10:16:56,2,1.610,28.81,28.1780,25.9,1.626,30.10,4.07,-59,9.75,
2026-09-11T10:16:57,2,1.633,30.68,28.1790,25.9,1.633,30.68,4.06,-59,9.25,
2026-09-11T10:16:58,2,1.613,29.00,28.1650,25.9,1.631,30.48,4.07,-59,10.25,
2026-09-11T10:16:59,2,1.609,28.74,28.1610,25.9,1.629,30.36,4.08,-59,9.25,
2026-09-11T10:17:00,2,1.633,30.68,28.1490,25.9,1.634,30.74,4.05,-59,9.75,
2026-09-11T10:17:01,2,1.609,28.74,28.1560,25.9,1.630,30.42,4.09,-59,9.50,
2026-09-11T10:17:02,2,1.634,30.74,28.1640,25.9,1.630,30.42,4.07,-59,10.00,
2026-09-11T10:17:03,2,1.634,30.74,28.1640,25.9,1.633,30.61,4.06,-59,9.25,
2026-09-11T10:17:04,2,1.609,28.74,28.1620,25.9,1.623,29.84,4.08,-59,9.50,
2026-09-11T10:17:06,2,1.634,30.74,28.1680,25.9,1.634,30.74,4.06,-59,9.50,
2026-09-11T10:17:07,2,1.614,29.13,28.1630,25.9,1.631,30.48,4.07,-59,9.75,
2026-09-11T10:17:08,2,1.610,28.81,28.1760,25.9,1.626,30.10,4.08,-59,9.50,
2026-09-11T10:17:09,2,1.631,30.48,28.1840,25.9,1.634,30.74,4.06,-59,9.75,
2026-09-11T10:17:10,2,1.611,28.87,28.1960,25.9,1.628,30.23,4.07,-58,10.00,
2026-09-11T10:17:11,2,1.633,30.68,28.1890,25.9,1.633,30.68,4.07,-59,10.00,
2026-09-11T10:17:12,2,1.633,30.68,28.1950,25.9,1.631,30.48,4.05,-59,9.75,
2026-09-11T10:17:13,2,1.609,28.74,28.1910,25.9,1.622,29.78,4.08,-59,10.00,
2026-09-11T10:17:14,2,1.630,30.42,28.1970,25.9,1.629,30.36,4.07,-59,9.50,
2026-09-11T10:17:15,2,1.613,29.00,28.1950,25.9,1.629,30.36,4.07,-59,9.75,
2026-09-11T10:17:17,2,1.611,28.87,28.2080,25.9,1.628,30.23,4.08,-59,9.50,
2026-09-11T10:17:18,2,1.633,30.68,28.2060,25.9,1.635,30.81,4.06,-59,9.75,
2026-09-11T10:17:19,2,1.612,28.94,28.2160,25.9,1.629,30.29,4.07,-60,10.00,
2026-09-11T10:17:20,2,1.635,30.81,28.2160,25.9,1.633,30.61,4.07,-58,9.50,
2026-09-11T10:17:21,2,1.632,30.55,28.2190,25.9,1.632,30.55,4.06,-59,9.50,
2026-09-11T10:17:22,2,1.611,28.87,28.2070,25.9,1.627,30.16,4.08,-59,9.75,
2026-09-11T10:17:23,2,1.635,30.81,28.2050,25.9,1.631,30.48,4.07,-59,9.75,
2026-09-11T10:17:24,2,1.617,29.39,28.2050,25.9,1.629,30.36,4.07,-60,10.00,
2026-09-11T10:17:25,2,1.611,28.87,28.1990,25.9,1.628,30.23,4.09,-59,9.00,
2026-09-11T10:17:26,2,1.633,30.61,28.2080,25.9,1.638,31.07,4.06,-60,9.75,
2026-09-11T10:17:27,2,1.613,29.07,28.2100,25.9,1.631,30.48,4.07,-59,9.75,
2026-09-11T10:17:29,2,1.635,30.81,28.2070,25.9,1.632,30.55,4.07,-60,10.25,
2026-09-11T10:17:30,2,1.632,30.55,28.1990,25.9,1.637,30.94,4.06,-59,9.50,
2026-09-11T10:17:34,2,1.610,28.81,28.2130,25.9,1.627,30.16,4.09,-54,6.25,
2026-09-11T10:17:35,2,1.635,30.81,28.2040,25.9,1.634,30.74,4.06,-54,6.75,
2026-09-11T10:17:36,2,1.615,29.20,28.1990,25.9,1.632,30.55,4.07,-53,6.75,
2026-09-11T10:17:37,2,1.635,30.81,28.1930,25.9,1.631,30.48,4.06,-53,7.75,
2026-09-11T10:17:38,2,1.633,30.68,28.1960,25.9,1.633,30.61,4.06,-59,9.50,
2026-09-11T10:17:39,2,1.609,28.74,28.1940,25.9,1.626,30.10,4.09,-59,9.25,
2026-09-11T10:17:41,2,1.633,30.61,28.1870,25.9,1.628,30.23,4.07,-59,9.75,
2026-09-11T10:17:42,2,1.625,30.03,28.1840,25.9,1.630,30.42,4.07,-59,9.25,
2026-09-11T10:17:43,2,1.609,28.74,28.1880,25.9,1.629,30.29,4.08,-59,9.00,
2026-09-11T10:17:44,2,1.633,30.68,28.1850,25.9,1.635,30.81,4.06,-59,9.50,
2026-09-11T10:17:45,2,1.612,28.94,28.1720,25.9,1.633,30.68,4.07,-59,9.75,
2026-09-11T10:17:46,2,1.636,30.87,28.1770,25.9,1.632,30.55,4.06,-59,9.50,
2026-09-11T10:17:47,2,1.630,30.42,28.1560,25.9,1.634,30.74,4.06,-59,10.00,
2026-09-11T10:17:48,2,1.610,28.81,28.1500,25.9,1.627,30.16,4.08,-59,9.50,
2026-09-11T10:17:49,2,1.631,30.48,28.1550,25.9,1.631,30.48,4.07,-59,9.75,
2026-09-11T10:17:50,2,1.611,28.87,28.1450,25.9,1.639,31.13,4.07,-59,9.75,
2026-09-11T10:17:52,2,1.611,28.87,28.1480,25.9,1.626,30.10,4.08,-59,9.75,
2026-09-11T10:17:53,2,1.632,30.55,28.1460,25.9,1.635,30.81,4.06,-59,9.50,
2026-09-11T10:17:54,2,1.613,29.07,28.1550,25.9,1.625,30.03,4.07,-59,10.00,
2026-09-11T10:17:55,2,1.634,30.74,28.1530,25.9,1.632,30.55,4.07,-59,10.00,
2026-09-11T10:17:56,2,1.633,30.61,28.1560,25.9,1.634,30.74,4.06,-59,9.75,
2026-09-11T10:17:57,2,1.608,28.68,28.1630,25.9,1.626,30.10,4.08,-59,9.25,
2026-09-11T10:17:59,2,1.613,29.00,28.1630,25.9,1.629,30.36,4.07,-59,9.75,
2026-09-11T10:18:00,2,1.608,28.62,28.1680,25.9,1.627,30.16,4.09,-58,9.50,
2026-09-11T10:18:01,2,1.633,30.68,28.1680,25.9,1.633,30.61,4.05,-59,9.50,
2026-09-11T10:18:02,2,1.625,29.97,28.1670,25.9,1.630,30.42,4.07,-59,9.75,
2026-09-11T10:18:04,2,1.638,31.00,28.1660,25.9,1.630,30.42,4.06,-59,9.25,
2026-09-11T10:18:05,2,1.634,30.74,28.1780,25.9,1.633,30.68,4.05,-59,9.25,
2026-09-11T10:18:06,2,1.611,28.87,28.1790,25.9,1.626,30.10,4.08,-59,9.25,
2026-09-11T10:18:07,2,1.633,30.61,28.1820,25.9,1.630,30.42,4.06,-58,9.50,
2026-09-11T10:18:08,2,1.611,28.87,28.1920,25.9,1.629,30.36,4.07,-59,9.25,
2026-09-11T10:18:09,2,1.600,27.97,28.2010,25.9,1.629,30.29,4.08,-59,9.50,
2026-09-11T10:18:10,2,1.633,30.61,28.2010,25.9,1.634,30.74,4.05,-59,9.25,
2026-09-11T10:18:11,2,1.613,29.00,28.1970,25.9,1.629,30.36,4.07,-59,10.25,
2026-09-11T10:18:12,2,1.639,31.13,28.1950,25.9,1.632,30.55,4.07,-59,10.00,
2026-09-11T10:18:13,2,1.633,30.61,28.1950,25.9,1.636,30.87,4.06,-59,10.25,
2026-09-11T10:18:19,2,1.633,30.68,28.2200,25.9,1.634,30.74,4.06,-55,4.50,
2026-09-11T10:18:20,2,1.617,29.39,28.2290,25.9,1.632,30.55,4.07,-55,3.75,
2026-09-11T10:18:21,2,1.634,30.74,28.2260,25.9,1.630,30.42,4.09,-52,6.75,
2026-09-11T10:18:22,2,1.646,31.71,28.2270,25.9,1.633,30.68,4.06,-62,9.50,
2026-09-11T10:18:23,2,1.610,28.81,28.2330,25.9,1.625,30.03,4.09,-58,9.50,
2026-09-11T10:18:24,2,1.633,30.61,28.2330,25.9,1.633,30.68,4.07,-59,9.75,
2026-09-11T10:18:25,2,1.608,28.68,28.2340,25.9,1.633,30.61,4.05,-57,10.00,
2026-09-11T10:18:26,2,1.609,28.74,28.2270,25.9,1.629,30.36,4.08,-57,10.00,
2026-09-11T10:18:28,2,1.634,30.74,28.2150,25.9,1.631,30.48,4.06,-57,10.25,
2026-09-11T10:18:29,2,1.613,29.07,28.2080,25.9,1.630,30.42,4.07,-57,10.25,
2026-09-11T10:18:30,2,1.609,28.74,28.2020,25.9,1.627,30.16,4.08,-57,9.50,
2026-09-11T10:18:31,2,1.631,30.48,28.2020,25.9,1.633,30.61,4.05,-58,10.25,
2026-09-11T10:18:32,2,1.611,28.87,28.2020,25.9,1.625,30.03,4.08,-57,12.75,
2026-09-11T10:18:33,2,1.633,30.61,28.2040,25.9,1.631,30.48,4.07,-57,10.00,
2026-09-11T10:18:34,2,1.629,30.29,28.2050,25.9,1.633,30.68,4.06,-57,10.00,
2026-09-11T10:18:35,2,1.611,28.87,28.2040,25.9,1.628,30.23,4.09,-57,9.50,
2026-09-11T10:18:36,2,1.645,31.58,28.1950,25.9,1.637,30.94,4.07,-57,10.25,
2026-09-11T10:18:37,2,1.613,29.00,28.1870,25.9,1.630,30.42,4.07,-57,10.25,
2026-09-11T10:18:39,2,1.608,28.68,28.1840,25.9,1.628,30.23,4.08,-57,10.00,
2026-09-11T10:18:40,2,1.633,30.61,28.1720,25.9,1.633,30.68,4.06,-57,9.75,
2026-09-11T10:18:41,2,1.612,28.94,28.1770,25.9,1.629,30.29,4.07,-57,9.75,
2026-09-11T10:18:42,2,1.636,30.87,28.1750,25.9,1.630,30.42,4.07,-57,10.25,
2026-09-11T10:18:43,2,1.633,30.68,28.1800,25.9,1.633,30.68,4.06,-57,9.75,
2026-09-11T10:18:44,2,1.621,29.65,28.1750,25.9,1.626,30.10,4.08,-57,10.00,
2026-09-11T10:18:45,2,1.629,30.29,28.1650,25.9,1.629,30.36,4.07,-57,10.25,
2026-09-11T10:18:46,2,1.613,29.07,28.1740,25.9,1.631,30.48,4.07,-57,10.25,
2026-09-11T10:18:47,2,1.612,28.94,28.1770,25.9,1.628,30.23,4.08,-57,10.00,
2026-09-11T10:18:48,2,1.635,30.81,28.1760,25.9,1.636,30.87,4.05,-57,9.75,
2026-09-11T10:18:49,2,1.613,29.00,28.1830,25.9,1.629,30.36,4.07,-57,10.25,
2026-09-11T10:18:51,2,1.634,30.74,28.1800,25.9,1.629,30.36,4.07,-57,10.00,
2026-09-11T10:18:52,2,1.633,30.68,28.1810,25.9,1.633,30.61,4.06,-57,9.75,
2026-09-11T10:18:53,2,1.609,28.74,28.1840,25.9,1.626,30.10,4.08,-57,10.00,
2026-09-11T10:18:54,2,1.631,30.48,28.1740,25.9,1.629,30.36,4.07,-57,10.00,
2026-09-11T10:18:56,2,1.608,28.62,28.1610,25.9,1.626,30.10,4.08,-57,9.75,
2026-09-11T10:18:57,2,1.633,30.68,28.1700,25.9,1.634,30.74,4.05,-57,9.75,
2026-09-11T10:18:58,2,1.612,28.94,28.1680,25.9,1.632,30.55,4.07,-57,10.25,
2026-09-11T10:19:04,2,1.611,28.87,28.1720,25.9,1.632,30.55,4.07,-51,6.00,
2026-09-11T10:19:05,2,1.609,28.74,28.1740,25.9,1.628,30.23,4.08,-51,5.75,
2026-09-11T10:19:06,2,1.629,30.36,28.1760,25.9,1.635,30.81,4.05,-51,5.75,
2026-09-11T10:19:07,2,1.611,28.87,28.1660,25.9,1.631,30.48,4.07,-57,10.25,
2026-09-11T10:19:08,2,1.638,31.00,28.1660,25.9,1.630,30.42,4.07,-57,10.25,
2026-09-11T10:19:09,2,1.632,30.55,28.1690,25.9,1.633,30.61,4.06,-58,9.75,
2026-09-11T10:19:10,2,1.609,28.74,28.1740,25.9,1.625,30.03,4.09,-57,9.50,
2026-09-11T10:19:11,2,1.632,30.55,28.1650,25.9,1.629,30.29,4.07,-57,10.50,
2026-09-11T10:19:12,2,1.614,29.13,28.1610,25.9,1.621,29.71,4.07,-57,10.00,
2026-09-11T10:19:13,2,1.609,28.74,28.1640,25.9,1.627,30.16,4.08,-57,10.00,
2026-09-11T10:19:15,2,1.634,30.74,28.1690,25.9,1.634,30.74,4.06,-57,10.25,
2026-09-11T10:19:16,2,1.604,28.36,28.1740,25.9,1.633,30.61,4.07,-57,10.25,
2026-09-11T10:19:17,2,1.634,30.74,28.1750,25.9,1.629,30.36,4.07,-57,10.25,
2026-09-11T10:19:18,2,1.632,30.55,28.1840,25.9,1.633,30.68,4.06,-57,9.75,
2026-09-11T10:19:19,2,1.610,28.81,28.1850,25.9,1.625,29.97,4.08,-57,10.00,
2026-09-11T10:19:20,2,1.632,30.55,28.1870,25.9,1.629,30.36,4.07,-57,10.75,
2026-09-11T10:19:21,2,1.614,29.13,28.1850,25.9,1.631,30.48,4.07,-57,10.00,
2026-09-11T10:19:22,2,1.609,28.74,28.1800,25.9,1.628,30.23,4.08,-57,10.00,
2026-09-11T10:19:23,2,1.633,30.61,28.1820,25.9,1.636,30.87,4.05,-57,10.00,
2026-09-11T10:19:24,2,1.614,29.13,28.1840,25.9,1.632,30.55,4.07,-58,10.50,
2026-09-11T10:19:26,2,1.637,30.94,28.1880,25.9,1.631,30.48,4.06,-57,10.25,
2026-09-11T10:19:27,2,1.629,30.29,28.1990,25.9,1.633,30.61,4.05,-57,9.50,
2026-09-11T10:19:28,2,1.609,28.74,28.2010,25.9,1.639,31.13,4.08,-57,10.00,
2026-09-11T10:19:29,2,1.632,30.55,28.1990,25.9,1.631,30.48,4.07,-57,10.25,
2026-09-11T10:19:30,2,1.626,30.10,28.2040,25.9,1.635,30.81,4.07,-57,12.75,
2026-09-11T10:19:31,2,1.609,28.74,28.2070,25.9,1.629,30.36,4.08,-57,9.50,
2026-09-11T10:19:32,2,1.635,30.81,28.2210,25.9,1.638,31.00,4.06,-57,9.75,
2026-09-11T10:19:33,2,1.612,28.94,28.2220,25.9,1.630,30.42,4.07,-57,10.50,
2026-09-11T10:19:34,2,1.638,31.00,28.2240,25.9,1.632,30.55,4.06,-58,9.50,
2026-09-11T10:19:35,2,1.632,30.55,28.2200,25.9,1.637,30.94,4.06,-58,10.00,
2026-09-11T10:19:36,2,1.611,28.87,28.2160,25.9,1.628,30.23,4.09,-57,9.50,
2026-09-11T10:19:38,2,1.633,30.61,28.2070,25.9,1.630,30.42,4.07,-57,10.50,
2026-09-11T10:19:39,2,1.612,28.94,28.2090,25.9,1.631,30.48,4.07,-56,10.50,
2026-09-11T10:19:40,2,1.613,29.07,28.2150,25.9,1.629,30.29,4.08,-57,10.00,
2026-09-11T10:19:41,2,1.630,30.42,28.2160,25.9,1.634,30.74,4.05,-57,10.25,
2026-09-11T10:19:42,2,1.613,29.00,28.2190,25.9,1.630,30.42,4.06,-57,10.25,
2026-09-11T10:19:43,2,1.637,30.94,28.2210,25.9,1.631,30.48,4.07,-57,10.00,
2026-09-11T10:19:48,2,1.609,28.74,28.2040,25.9,1.627,30.16,4.08,-53,5.25,
2026-09-11T10:19:50,2,1.633,30.68,28.2040,25.9,1.630,30.42,4.05,-52,4.75,
2026-09-11T10:19:51,2,1.612,28.94,28.2010,25.9,1.631,30.48,4.07,-53,5.75,
2026-09-11T10:19:52,2,1.638,31.00,28.2020,25.9,1.633,30.68,4.06,-58,10.00,
2026-09-11T10:19:53,2,1.631,30.48,28.2010,25.9,1.633,30.68,4.06,-58,9.75,
2026-09-11T10:19:54,2,1.608,28.68,28.2000,25.9,1.627,30.16,4.08,-58,10.00,
2026-09-11T10:19:55,2,1.634,30.74,28.2040,25.9,1.629,30.36,4.07,-58,9.75,
2026-09-11T10:19:56,2,1.611,28.87,28.1960,25.9,1.629,30.36,4.07,-59,10.75,
2026-09-11T10:19:57,2,1.609,28.74,28.2000,25.9,1.624,29.90,4.09,-60,9.50,
2026-09-11T10:19:58,2,1.632,30.55,28.1960,25.9,1.634,30.74,4.07,-59,10.00,
2026-09-11T10:19:59,2,1.615,29.20,28.1970,25.9,1.631,30.48,4.07,-58,10.25,
2026-09-11T10:20:00,2,1.638,31.07,28.1930,25.9,1.625,29.97,4.07,-58,10.25,
2026-09-11T10:20:02,2,1.634,30.74,28.1910,25.9,1.633,30.61,4.06,-58,10.00,
2026-09-11T10:20:03,2,1.613,29.00,28.1890,25.9,1.629,30.29,4.07,-61,10.00,
2026-09-11T10:20:04,2,1.636,30.87,28.1910,25.9,1.629,30.29,4.07,-58,10.75,
2026-09-11T10:20:05,2,1.614,29.13,28.2020,25.9,1.630,30.42,4.07,-58,9.50,
2026-09-11T10:20:06,2,1.609,28.74,28.1980,25.9,1.627,30.16,4.09,-57,9.75,
2026-09-11T10:20:07,2,1.632,30.55,28.2030,25.9,1.631,30.48,4.06,-57,9.75,
2026-09-11T10:20:08,2,1.613,29.00,28.2040,25.9,1.625,29.97,4.07,-58,10.00,
2026-09-11T10:20:09,2,1.638,31.00,28.1980,25.9,1.633,30.61,4.06,-57,9.50,
2026-09-11T10:20:10,2,1.636,30.87,28.2040,25.9,1.633,30.68,4.06,-58,10.00,
2026-09-11T10:20:11,2,1.613,29.00,28.1940,25.9,1.631,30.48,4.07,-56,12.50,
2026-09-11T10:20:13,2,1.634,30.74,28.1820,25.9,1.631,30.48,4.07,-58,9.75,
2026-09-11T10:20:14,2,1.616,29.26,28.1790,25.9,1.630,30.42,4.07,-58,10.25,
2026-09-11T10:20:15,2,1.612,28.94,28.1750,25.9,1.627,30.16,4.08,-58,10.00,
2026-09-11T10:20:16,2,1.632,30.55,28.1680,25.9,1.629,30.29,4.07,-58,10.00,
2026-09-11T10:20:17,2,1.613,29.00,28.1780,25.9,1.631,30.48,4.07,-58,10.25,
2026-09-11T10:20:18,2,1.648,31.84,28.1740,25.9,1.630,30.42,4.07,-58,10.25,
2026-09-11T10:20:19,2,1.635,30.81,28.1840,25.9,1.635,30.81,4.05,-58,10.25,
2026-09-11T10:20:20,2,1.614,29.13,28.1890,25.9,1.629,30.36,4.07,-58,10.25,
2026-09-11T10:20:21,2,1.633,30.68,28.1940,25.9,1.629,30.36,4.07,-57,10.75,
2026-09-11T10:20:22,2,1.616,29.26,28.1940,25.9,1.632,30.55,4.07,-58,10.25,
2026-09-11T10:20:23,2,1.611,28.87,28.1880,25.9,1.627,30.16,4.08,-57,9.75,
2026-09-11T10:20:25,2,1.632,30.55,28.1860,25.9,1.630,30.42,4.07,-58,10.25,
2026-09-11T10:20:26,2,1.613,29.00,28.1840,25.9,1.631,30.48,4.07,-58,10.25,
2026-09-11T10:20:27,2,1.608,28.68,28.1800,25.9,1.624,29.90,4.08,-58,9.75,
2026-09-11T10:20:28,2,1.636,30.87,28.1750,25.9,1.634,30.74,4.05,-58,10.00,
2026-09-11T10:20:32,2,1.613,29.07,28.1990,25.9,1.626,30.10,4.08,-52,5.50,
2026-09-11T10:20:33,2,1.631,30.48,28.2030,25.9,1.630,30.42,4.07,-52,5.75,
2026-09-11T10:20:34,2,1.613,29.00,28.1960,25.9,1.627,30.16,4.07,-52,5.50,
2026-09-11T10:20:35,2,1.613,29.00,28.2010,25.9,1.627,30.16,4.09,-52,7.50,
2026-09-11T10:20:37,2,1.633,30.68,28.1980,25.9,1.635,30.81,4.05,-58,10.00,
2026-09-11T10:20:38,2,1.611,28.87,28.2080,25.9,1.632,30.55,4.07,-58,10.25,
2026-09-11T10:20:39,2,1.636,30.87,28.2100,25.9,1.632,30.55,4.07,-58,9.75,
2026-09-11T10:20:40,2,1.629,30.29,28.2010,25.9,1.633,30.68,4.05,-58,9.75,
2026-09-11T10:20:41,2,1.612,28.94,28.1980,25.9,1.629,30.29,4.08,-58,10.00,
2026-09-11T10:20:42,2,1.631,30.48,28.1980,25.9,1.633,30.61,4.07,-58,10.00,
2026-09-11T10:20:43,2,1.613,29.00,28.2040,25.9,1.629,30.36,4.07,-58,10.25,
2026-09-11T10:20:44,2,1.609,28.74,28.1970,25.9,1.628,30.23,4.09,-58,9.50,
2026-09-11T10:20:45,2,1.633,30.61,28.2020,25.9,1.632,30.55,4.05,-59,9.75,
2026-09-11T10:20:46,2,1.611,28.87,28.2040,25.9,1.630,30.42,4.07,-58,10.00,
2026-09-11T10:20:48,2,1.633,30.68,28.2150,25.9,1.629,30.29,4.06,-58,9.75,
2026-09-11T10:20:49,2,1.633,30.61,28.2220,25.9,1.633,30.68,4.06,-58,10.00,
2026-09-11T10:20:50,2,1.610,28.81,28.2210,25.9,1.628,30.23,4.08,-58,10.50,
2026-09-11T10:20:51,2,1.632,30.55,28.2110,25.9,1.632,30.55,4.07,-58,9.50,
2026-09-11T10:20:52,2,1.615,29.20,28.2170,25.9,1.632,30.55,4.07,-58,10.00,
2026-09-11T10:20:53,2,1.610,28.81,28.2190,25.9,1.625,30.03,4.08,-58,9.75,
2026-09-11T10:20:54,2,1.633,30.61,28.2290,25.9,1.632,30.55,4.05,-58,10.00,
2026-09-11T10:20:55,2,1.613,29.00,28.2280,25.9,1.631,30.48,4.07,-57,10.00,
2026-09-11T10:20:56,2,1.635,30.81,28.2250,25.9,1.632,30.55,4.06,-59,9.75,
2026-09-11T10:20:57,2,1.632,30.55,28.2170,25.9,1.635,30.81,4.06,-60,10.00,
2026-09-11T10:20:58,2,1.608,28.68,28.2170,25.9,1.629,30.29,4.08,-61,9.75,
2026-09-11T10:21:00,2,1.633,30.68,28.2150,25.9,1.630,30.42,4.06,-60,10.00,
2026-09-11T10:21:01,2,1.611,28.87,28.2140,25.9,1.636,30.87,4.07,-60,10.00,
2026-09-11T10:21:02,2,1.610,28.81,28.2180,25.9,1.628,30.23,4.08,-60,9.50,
2026-09-11T10:21:03,2,1.633,30.68,28.2170,25.9,1.635,30.81,4.05,-60,10.00,
2026-09-11T10:21:04,2,1.613,29.07,28.2120,25.9,1.634,30.74,4.07,-60,10.00,
2026-09-11T10:21:05,2,1.650,32.03,28.2220,25.9,1.631,30.48,4.07,-61,9.75,
2026-09-11T10:21:06,2,1.638,31.07,28.2160,25.9,1.634,30.74,4.06,-62,9.75,
2026-09-11T10:21:07,2,1.610,28.81,28.2020,25.9,1.629,30.36,4.08,-62,10.00,
2026-09-11T10:21:08,2,1.633,30.61,28.1960,25.9,1.633,30.61,4.07,-62,10.25,
2026-09-11T10:21:09,2,1.622,29.78,28.1900,25.9,1.632,30.55,4.06,-62,9.75,
2026-09-11T10:21:10,2,1.610,28.81,28.2000,25.9,1.629,30.29,4.08,-62,9.50,
2026-09-11T10:21:12,2,1.636,30.87,28.1880,25.9,1.636,30.87,4.05,-62,9.75,
2026-09-11T10:21:17,2,1.633,30.61,28.1850,25.9,1.631,30.48,4.07,-55,4.50,
2026-09-11T10:21:18,2,1.612,28.94,28.1860,25.9,1.632,30.55,4.07,-56,4.25,
2026-09-11T10:21:19,2,1.611,28.87,28.1830,25.9,1.626,30.10,4.07,-56,4.00,
2026-09-11T10:21:20,2,1.631,30.48,28.1920,25.9,1.632,30.55,4.07,-61,10.00,
2026-09-11T10:21:21,2,1.613,29.07,28.1890,25.9,1.632,30.55,4.07,-61,10.00,
2026-09-11T10:21:22,2,1.638,31.00,28.1890,25.9,1.633,30.61,4.07,-61,10.00,
2026-09-11T10:21:24,2,1.633,30.61,28.1940,25.9,1.635,30.81,4.05,-61,10.00,
2026-09-11T10:21:25,2,1.613,29.00,28.1900,25.9,1.633,30.68,4.07,-61,10.00,
2026-09-11T10:21:26,2,1.637,30.94,28.1900,25.9,1.631,30.48,4.07,-61,10.25,
2026-09-11T10:21:27,2,1.612,28.94,28.1900,25.9,1.629,30.36,4.07,-61,10.00,
2026-09-11T10:21:28,2,1.608,28.62,28.1920,25.9,1.627,30.16,4.08,-60,10.00,
2026-09-11T10:21:29,2,1.631,30.48,28.1880,25.9,1.633,30.68,4.07,-61,10.00,
2026-09-11T10:21:30,2,1.612,28.94,28.1820,25.9,1.631,30.48,4.07,-57,10.25,
2026-09-11T10:21:31,2,1.638,31.00,28.1870,25.9,1.632,30.55,4.06,-58,9.75,
2026-09-11T10:21:32,2,1.631,30.48,28.1820,25.9,1.636,30.87,4.05,-57,10.00,
2026-09-11T10:21:33,2,1.614,29.13,28.1840,25.9,1.632,30.55,4.06,-58,10.00,
2026-09-11T10:21:35,2,1.632,30.55,28.1980,25.9,1.629,30.36,4.07,-58,10.50,
2026-09-11T10:21:36,2,1.613,29.07,28.1950,25.9,1.633,30.68,4.07,-58,10.00,
2026-09-11T10:21:37,2,1.614,29.13,28.1940,25.9,1.629,30.36,4.08,-58,9.75,
2026-09-11T10:21:38,2,1.631,30.48,28.1950,25.9,1.631,30.48,4.07,-58,10.25,
2026-09-11T10:21:39,2,1.613,29.00,28.1910,25.9,1.625,30.03,4.07,-58,11.25,
2026-09-11T10:21:40,2,1.639,31.13,28.1970,25.9,1.630,30.42,4.07,-58,10.25,
2026-09-11T10:21:41,2,1.633,30.61,28.1870,25.9,1.634,30.74,4.05,-58,9.75,
2026-09-11T10:21:42,2,1.609,28.74,28.1940,25.9,1.631,30.48,4.07,-57,10.50,
2026-09-11T10:21:43,2,1.633,30.61,28.1850,25.9,1.633,30.61,4.07,-58,10.50,
2026-09-11T10:21:44,2,1.611,28.87,28.1870,25.9,1.633,30.68,4.07,-57,10.00,
2026-09-11T10:21:45,2,1.610,28.81,28.1880,25.9,1.629,30.36,4.08,-58,9.75,
2026-09-11T10:21:47,2,1.631,30.48,28.1890,25.9,1.629,30.36,4.07,-58,10.00,
2026-09-11T10:21:48,2,1.613,29.00,28.1920,25.9,1.633,30.68,4.07,-58,10.00,
2026-09-11T10:21:49,2,1.640,31.19,28.2050,25.9,1.633,30.68,4.06,-58,9.75,
2026-09-11T10:21:50,2,1.636,30.87,28.2120,25.9,1.636,30.87,4.05,-58,10.25,
2026-09-11T10:21:51,2,1.612,28.94,28.2090,25.9,1.629,30.29,4.07,-57,10.00,
2026-09-11T10:21:52,2,1.633,30.68,28.2030,25.9,1.629,30.36,4.06,-57,9.75,
2026-09-11T10:21:53,2,1.613,29.07,28.1960,25.9,1.630,30.42,4.06,-58,10.00,
2026-09-11T10:21:54,2,1.612,28.94,28.1840,25.9,1.627,30.16,4.08,-57,10.00,
2026-09-11T10:21:55,2,1.631,30.48,28.1870,25.9,1.631,30.48,4.07,-57,10.00,
2026-09-11T10:21:56,2,1.613,29.07,28.1950,25.9,1.631,30.48,4.07,-58,9.75,
2026-09-11T10:22:02,2,1.633,30.61,28.1960,25.9,1.633,30.68,4.05,-52,7.00,
2026-09-11T10:22:03,2,1.611,28.87,28.1990,25.9,1.629,30.29,4.08,-52,7.00,
2026-09-11T10:22:04,2,1.633,30.61,28.2010,25.9,1.632,30.55,4.07,-52,7.50,
2026-09-11T10:22:05,2,1.611,28.87,28.2090,25.9,1.629,30.36,4.07,-57,10.00,
2026-09-11T10:22:06,2,1.613,29.07,28.2170,25.9,1.627,30.16,4.08,-58,10.00,
2026-09-11T10:22:07,2,1.636,30.87,28.2120,25.9,1.636,30.87,4.05,-57,9.75,
2026-09-11T10:22:08,2,1.614,29.13,28.2080,25.9,1.633,30.61,4.07,-58,9.75,
2026-09-11T10:22:09,2,1.634,30.74,28.2070,25.9,1.630,30.42,4.07,-57,10.00,
2026-09-11T10:22:11,2,1.633,30.68,28.2150,25.9,1.634,30.74,4.06,-57,10.00,
2026-09-11T10:22:12,2,1.608,28.68,28.2150,25.9,1.627,30.16,4.08,-57,9.75,
2026-09-11T10:22:13,2,1.637,30.94,28.2120,25.9,1.633,30.68,4.07,-58,9.75,
2026-09-11T10:22:14,2,1.614,29.13,28.2160,25.9,1.632,30.55,4.07,-59,10.00,
2026-09-11T10:22:15,2,1.608,28.68,28.2240,25.9,1.629,30.29,4.08,-58,9.75,
2026-09-11T10:22:16,2,1.633,30.68,28.2190,25.9,1.633,30.68,4.05,-59,9.50,
2026-09-11T10:22:17,2,1.613,29.07,28.2210,25.9,1.629,30.36,4.07,-59,10.25,
2026-09-11T10:22:18,2,1.633,30.61,28.2200,25.9,1.630,30.42,4.07,-58,10.00,
2026-09-11T10:22:19,2,1.634,30.74,28.2210,25.9,1.632,30.55,4.05,-59,10.00,
2026-09-11T10:22:20,2,1.608,28.68,28.2190,25.9,1.625,30.03,4.08,-59,9.50,
2026-09-11T10:22:22,2,1.633,30.61,28.2240,25.9,1.631,30.48,4.06,-58,9.75,
2026-09-11T10:22:23,2,1.613,29.00,28.2170,25.9,1.630,30.42,4.07,-57,9.75,
2026-09-11T10:22:24,2,1.611,28.87,28.2220,25.9,1.625,30.03,4.08,-59,10.00,
2026-09-11T10:22:25,2,1.637,30.94,28.2280,25.9,1.635,30.81,4.05,-58,9.75,
2026-09-11T10:22:26,2,1.612,28.94,28.2200,25.9,1.632,30.55,4.07,-58,9.75,
2026-09-11T10:22:27,2,1.635,30.81,28.2230,25.9,1.633,30.61,4.06,-58,9.75,
2026-09-11T10:22:28,2,1.633,30.61,28.2220,25.9,1.635,30.81,4.05,-58,9.75,
2026-09-11T10:22:29,2,1.613,29.00,28.2190,25.9,1.626,30.10,4.08,-58,9.75,
2026-09-11T10:22:30,2,1.631,30.48,28.2170,25.9,1.630,30.42,4.07,-58,10.00,
2026-09-11T10:22:31,2,1.609,28.74,28.2180,25.9,1.631,30.48,4.07,-58,10.25,
2026-09-11T10:22:32,2,1.609,28.74,28.2180,25.9,1.628,30.23,4.08,-56,10.25,
2026-09-11T10:22:34,2,1.633,30.68,28.2260,25.9,1.632,30.55,4.07,-58,9.75,
2026-09-11T10:22:35,2,1.613,29.07,28.2330,25.9,1.632,30.55,4.06,-58,9.75,
2026-09-11T10:22:36,2,1.638,31.07,28.2360,25.9,1.633,30.61,4.07,-58,10.25,
2026-09-11T10:22:37,2,1.633,30.68,28.2400,25.9,1.634,30.74,4.05,-58,9.75,
2026-09-11T10:22:38,2,1.615,29.20,28.2360,25.9,1.633,30.61,4.07,-58,12.75,
2026-09-11T10:22:39,2,1.632,30.55,28.2400,25.9,1.633,30.61,4.07,-58,10.25,
2026-09-11T10:22:40,2,1.612,28.94,28.2410,25.9,1.630,30.42,4.07,-58,10.00,
2026-09-11T10:22:41,2,1.610,28.81,28.2350,25.9,1.628,30.23,4.08,-58,9.75,
2026-09-11T10:22:47,2,1.613,29.00,28.2170,25.9,1.633,30.68,4.07,-52,6.50,
2026-09-11T10:22:48,2,1.632,30.55,28.2080,25.9,1.629,30.29,4.06,-52,6.25,
2026-09-11T10:22:49,2,1.615,29.20,28.2080,25.9,1.632,30.55,4.07,-53,7.50,
2026-09-11T10:22:50,2,1.611,28.87,28.2090,25.9,1.627,30.16,4.08,-58,9.75,
2026-09-11T10:22:51,2,1.632,30.55,28.1990,25.9,1.632,30.55,4.06,-58,10.00,
2026-09-11T10:22:52,2,1.612,28.94,28.1960,25.9,1.631,30.48,4.07,-58,10.25,
2026-09-11T10:22:53,2,1.637,30.94,28.1880,25.9,1.629,30.36,4.07,-58,10.25,
2026-09-11T10:22:54,2,1.631,30.48,28.1880,25.9,1.635,30.81,4.05,-58,10.00,
2026-09-11T10:22:55,2,1.613,29.07,28.1820,25.9,1.631,30.48,4.07,-58,10.25,
2026-09-11T10:22:57,2,1.631,30.48,28.1810,25.9,1.629,30.29,4.07,-58,10.00,
2026-09-11T10:22:58,2,1.613,29.07,28.1900,25.9,1.630,30.42,4.07,-58,10.25,
2026-09-11T10:22:59,2,1.608,28.68,28.1920,25.9,1.629,30.29,4.08,-58,9.50,
2026-09-11T10:23:00,2,1.632,30.55,28.1940,25.9,1.629,30.29,4.07,-58,10.50,
2026-09-11T10:23:01,2,1.613,29.07,28.1980,25.9,1.632,30.55,4.07,-58,10.00,
2026-09-11T10:23:02,2,1.638,31.00,28.2120,25.9,1.632,30.55,4.07,-58,10.25,
2026-09-11T10:23:03,2,1.632,30.55,28.2180,25.9,1.633,30.68,4.05,-58,9.50,
2026-09-11T10:23:04,2,1.613,29.07,28.2180,25.9,1.628,30.23,4.07,-58,10.00,
2026-09-11T10:23:05,2,1.633,30.68,28.2240,25.9,1.631,30.48,4.07,-58,10.50,
2026-09-11T10:23:06,2,1.613,29.07,28.2250,25.9,1.631,30.48,4.07,-58,10.00,
2026-09-11T10:23:07,2,1.610,28.81,28.2310,25.9,1.640,31.19,4.08,-58,10.00,
2026-09-11T10:23:09,2,1.632,30.55,28.2290,25.9,1.632,30.55,4.06,-58,10.00,
2026-09-11T10:23:10,2,1.616,29.26,28.2290,25.9,1.630,30.42,4.07,-58,10.25,
2026-09-11T10:23:11,2,1.637,30.94,28.2340,25.9,1.630,30.42,4.07,-58,10.50,
2026-09-11T10:23:12,2,1.638,31.00,28.2400,25.9,1.635,30.81,4.05,-59,9.25,
2026-09-11T10:23:13,2,1.613,29.00,28.2540,25.9,1.629,30.36,4.06,-58,9.75,
2026-09-11T10:23:14,2,1.634,30.74,28.2570,25.9,1.629,30.36,4.06,-58,10.25,
2026-09-11T10:23:15,2,1.613,29.07,28.2610,25.9,1.630,30.42,4.07,-58,10.00,
2026-09-11T10:23:16,2,1.609,28.74,28.2590,25.9,1.630,30.42,4.08,-58,10.00,
2026-09-11T10:23:17,2,1.634,30.74,28.2510,25.9,1.632,30.55,4.07,-56,10.25,
2026-09-11T10:23:18,2,1.613,29.07,28.2540,25.9,1.629,30.29,4.07,-58,10.50,
2026-09-11T10:23:19,2,1.612,28.94,28.2460,25.9,1.629,30.29,4.09,-58,9.00,
2026-09-11T10:23:22,2,1.615,29.20,28.2350,25.9,1.630,30.42,4.07,-58,10.25,
2026-09-11T10:23:23,2,1.637,30.94,28.2300,25.9,1.630,30.42,4.07,-58,10.00,
2026-09-11T10:23:24,2,1.632,30.55,28.2410,25.9,1.633,30.68,4.06,-58,9.75,
2026-09-11T10:23:25,2,1.609,28.74,28.2350,25.9,1.625,30.03,4.08,-58,9.75,
2026-09-11T10:23:26,2,1.633,30.68,28.2350,25.9,1.629,30.36,4.07,-58,10.00,
2026-09-11T10:23:30,2,1.613,29.00,28.2400,25.9,1.632,30.55,4.06,-53,5.75,
2026-09-11T10:23:31,2,1.634,30.74,28.2300,25.9,1.629,30.36,4.07,-53,6.00,
2026-09-11T10:23:33,2,1.634,30.74,28.2290,25.9,1.633,30.68,4.06,-53,7.75,
2026-09-11T10:23:34,2,1.610,28.81,28.2240,25.9,1.628,30.23,4.08,-52,8.50,
2026-09-11T10:23:35,2,1.633,30.61,28.2210,25.9,1.633,30.61,4.07,-57,10.25,
2026-09-11T10:23:36,2,1.615,29.20,28.2170,25.9,1.632,30.55,4.07,-57,10.25,
2026-09-11T10:23:37,2,1.611,28.87,28.2220,25.9,1.628,30.23,4.08,-57,9.75,
2026-09-11T10:23:38,2,1.633,30.61,28.2280,25.9,1.634,30.74,4.07,-57,10.50,
2026-09-11T10:23:39,2,1.614,29.13,28.2310,25.9,1.630,30.42,4.07,-57,10.50,
2026-09-11T10:23:40,2,1.636,30.87,28.2410,25.9,1.629,30.36,4.07,-58,10.00,
2026-09-11T10:23:41,2,1.633,30.61,28.2290,25.9,1.634,30.74,4.05,-57,10.25,
2026-09-11T10:23:42,2,1.613,29.07,28.2320,25.9,1.631,30.48,4.07,-57,10.00,
2026-09-11T10:23:44,2,1.646,31.65,28.2280,25.9,1.633,30.61,4.07,-57,10.25,
2026-09-11T10:23:45,2,1.613,29.00,28.2310,25.9,1.629,30.36,4.07,-58,10.25,
2026-09-11T10:23:46,2,1.610,28.81,28.2360,25.9,1.632,30.55,4.08,-57,9.50,
2026-09-11T10:23:47,2,1.633,30.68,28.2290,25.9,1.629,30.29,4.06,-57,9.75,
2026-09-11T10:23:48,2,1.613,29.00,28.2330,25.9,1.631,30.48,4.07,-57,10.00,
2026-09-11T10:23:49,2,1.640,31.19,28.2230,25.9,1.642,31.39,4.07,-58,10.50,
2026-09-11T10:23:50,2,1.635,30.81,28.2180,25.9,1.638,31.00,4.05,-58,9.75,
2026-09-11T10:23:51,2,1.614,29.13,28.2220,25.9,1.631,30.48,4.06,-57,10.00,
2026-09-11T10:23:52,2,1.635,30.81,28.2190,25.9,1.631,30.48,4.06,-58,9.75,
2026-09-11T10:23:53,2,1.615,29.20,28.2210,25.9,1.632,30.55,4.07,-57,10.50,
2026-09-11T10:23:54,2,1.610,28.81,28.2290,25.9,1.628,30.23,4.08,-57,9.75,
2026-09-11T10:23:56,2,1.632,30.55,28.2310,25.9,1.630,30.42,4.07,-57,10.25,
2026-09-11T10:23:57,2,1.612,28.94,28.2320,25.9,1.631,30.48,4.06,-58,9.75,
2026-09-11T10:23:58,2,1.638,31.07,28.2330,25.9,1.630,30.42,4.06,-57,9.75,
2026-09-11T10:23:59,2,1.629,30.36,28.2310,25.9,1.634,30.74,4.05,-58,10.00,
2026-09-11T10:24:00,2,1.613,29.00,28.2320,25.9,1.631,30.48,4.07,-58,10.00,
2026-09-11T10:24:01,2,1.634,30.74,28.2290,25.9,1.629,30.36,4.06,-58,9.75,
2026-09-11T10:24:02,2,1.613,29.00,28.2280,25.9,1.632,30.55,4.07,-57,10.00,
2026-09-11T10:24:03,2,1.608,28.68,28.2230,25.9,1.639,31.13,4.08,-57,9.75,
2026-09-11T10:24:04,2,1.632,30.55,28.2240,25.9,1.631,30.48,4.06,-57,10.50,
2026-09-11T10:24:05,2,1.613,29.00,28.2280,25.9,1.632,30.55,4.06,-58,9.75,
2026-09-11T10:24:06,2,1.628,30.23,28.2400,25.9,1.631,30.48,4.06,-58,9.75,
2026-09-11T10:24:08,2,1.634,30.74,28.2410,25.9,1.636,30.87,4.05,-57,10.00,
2026-09-11T10:24:09,2,1.613,29.07,28.2410,25.9,1.631,30.48,4.07,-58,10.25,
2026-09-11T10:24:10,2,1.633,30.61,28.2410,25.9,1.633,30.68,4.06,-58,10.00,
2026-09-11T10:24:15,2,1.638,31.00,28.2330,25.9,1.633,30.68,4.06,-52,6.50,
2026-09-11T10:24:16,2,1.639,31.13,28.2300,25.9,1.635,30.81,4.05,-52,6.50,
2026-09-11T10:24:17,2,1.612,28.94,28.2310,25.9,1.636,30.87,4.06,-52,6.25,
2026-09-11T10:24:18,2,1.633,30.61,28.2300,25.9,1.632,30.55,4.07,-58,10.00,
2026-09-11T10:24:20,2,1.617,29.32,28.2270,25.9,1.633,30.61,4.05,-58,10.00,
2026-09-11T10:24:21,2,1.610,28.81,28.2260,25.9,1.628,30.23,4.08,-58,10.00,
2026-09-11T10:24:22,2,1.633,30.61,28.2280,25.9,1.630,30.42,4.07,-58,10.00,
2026-09-11T10:24:23,2,1.613,29.07,28.2340,25.9,1.631,30.48,4.07,-57,10.00,
2026-09-11T10:24:24,2,1.610,28.81,28.2320,25.9,1.631,30.48,4.07,-58,10.25,
2026-09-11T10:24:25,2,1.633,30.68,28.2300,25.9,1.631,30.48,4.05,-57,10.00,
2026-09-11T10:24:26,2,1.613,29.00,28.2170,25.9,1.630,30.42,4.07,-57,10.00,
2026-09-11T10:24:27,2,1.634,30.74,28.2220,25.9,1.629,30.29,4.07,-58,9.75,
2026-09-11T10:24:28,2,1.633,30.68,28.2320,25.9,1.634,30.74,4.05,-58,10.75,
2026-09-11T10:24:29,2,1.609,28.74,28.2380,25.9,1.629,30.36,4.08,-58,9.50,
2026-09-11T10:24:31,2,1.630,30.42,28.2300,25.9,1.632,30.55,4.07,-58,10.50,
2026-09-11T10:24:32,2,1.615,29.20,28.2230,25.9,1.631,30.48,4.07,-57,10.00,
2026-09-11T10:24:33,2,1.612,28.94,28.2230,25.9,1.628,30.23,4.08,-58,10.00,
2026-09-11T10:24:34,2,1.635,30.81,28.2260,25.9,1.633,30.61,4.05,-58,9.50,
2026-09-11T10:24:35,2,1.615,29.20,28.2290,25.9,1.632,30.55,4.07,-58,9.75,
2026-09-11T10:24:36,2,1.633,30.68,28.2350,25.9,1.634,30.74,4.06,-57,10.00,
2026-09-11T10:24:37,2,1.635,30.81,28.2290,25.9,1.634,30.74,4.05,-59,9.50,
2026-09-11T10:24:38,2,1.610,28.81,28.2270,25.9,1.629,30.29,4.08,-58,9.75,
2026-09-11T10:24:39,2,1.633,30.61,28.2380,25.9,1.633,30.61,4.06,-58,10.00,
2026-09-11T10:24:40,2,1.614,29.13,28.2440,25.9,1.630,30.42,4.07,-59,10.50,
2026-09-11T10:24:41,2,1.610,28.81,28.2470,25.9,1.625,29.97,4.08,-59,9.50,
2026-09-11T10:24:43,2,1.635,30.81,28.2500,25.9,1.634,30.74,4.05,-59,9.75,
2026-09-11T10:24:44,2,1.613,29.00,28.2510,25.9,1.630,30.42,4.07,-58,10.00,
2026-09-11T10:24:45,2,1.634,30.74,28.2500,25.9,1.633,30.61,4.06,-59,9.75,
2026-09-11T10:24:46,2,1.634,30.74,28.2520,25.9,1.633,30.61,4.05,-59,9.50,
2026-09-11T10:24:47,2,1.611,28.87,28.2660,25.9,1.627,30.16,4.08,-58,9.75,
2026-09-11T10:24:48,2,1.633,30.68,28.2520,25.9,1.632,30.55,4.07,-58,9.75,
2026-09-11T10:24:49,2,1.613,29.00,28.2480,25.9,1.631,30.48,4.06,-58,9.75,
2026-09-11T10:24:50,2,1.612,28.94,28.2530,25.9,1.628,30.23,4.08,-58,9.75,
2026-09-11T10:24:51,2,1.633,30.61,28.2580,25.9,1.634,30.74,4.05,-58,9.75,
2026-09-11T10:24:52,2,1.613,29.00,28.2610,25.9,1.631,30.48,4.07,-59,10.00,
2026-09-11T10:24:53,2,1.637,30.94,28.2630,25.9,1.630,30.42,4.06,-56,10.00,
2026-09-11T10:24:55,2,1.632,30.55,28.2550,25.9,1.633,30.68,4.05,-58,9.50,
2026-09-11T10:25:00,2,1.635,30.81,28.2540,25.9,1.636,30.87,4.05,-52,7.00,
2026-09-11T10:25:01,2,1.611,28.87,28.2520,25.9,1.629,30.29,4.06,-53,7.25,
2026-09-11T10:25:02,2,1.641,31.26,28.2440,25.9,1.630,30.42,4.07,-52,7.25,
2026-09-11T10:25:03,2,1.633,30.68,28.2510,25.9,1.634,30.74,4.05,-58,10.00,
2026-09-11T10:25:04,2,1.611,28.87,28.2460,25.9,1.627,30.16,4.08,-58,9.50,
2026-09-11T10:25:06,2,1.634,30.74,28.2380,25.9,1.629,30.29,4.07,-58,10.25,
2026-09-11T10:25:07,2,1.613,29.07,28.2280,25.9,1.628,30.23,4.06,-58,10.00,
2026-09-11T10:25:08,2,1.611,28.87,28.2360,25.9,1.628,30.23,4.08,-58,10.00,
2026-09-11T10:25:09,2,1.634,30.74,28.2370,25.9,1.633,30.68,4.07,-58,10.00,
2026-09-11T10:25:10,2,1.612,28.94,28.2380,25.9,1.627,30.16,4.07,-58,10.00,
2026-09-11T10:25:11,2,1.639,31.13,28.2360,25.9,1.631,30.48,4.06,-58,10.50,
2026-09-11T10:25:12,2,1.633,30.68,28.2290,25.9,1.636,30.87,4.05,-58,9.75,
2026-09-11T10:25:13,2,1.612,28.94,28.2310,25.9,1.629,30.29,4.07,-58,10.00,
2026-09-11T10:25:14,2,1.633,30.68,28.2310,25.9,1.631,30.48,4.06,-58,9.75,
2026-09-11T10:25:15,2,1.613,29.07,28.2280,25.9,1.633,30.61,4.07,-58,10.00,
2026-09-11T10:25:16,2,1.611,28.87,28.2310,25.9,1.629,30.36,4.08,-58,9.75,
2026-09-11T10:25:18,2,1.633,30.68,28.2360,25.9,1.633,30.61,4.06,-58,10.25,
2026-09-11T10:25:19,2,1.613,29.00,28.2380,25.9,1.633,30.61,4.07,-58,10.25,
2026-09-11T10:25:20,2,1.611,28.87,28.2370,25.9,1.624,29.90,4.08,-58,10.00,
2026-09-11T10:25:21,2,1.633,30.68,28.2270,25.9,1.634,30.74,4.05,-58,10.00,
2026-09-11T10:25:22,2,1.613,29.07,28.2240,25.9,1.632,30.55,4.07,-58,10.50,
2026-09-11T10:25:23,2,1.635,30.81,28.2270,25.9,1.632,30.55,4.07,-58,10.25,
2026-09-11T10:25:24,2,1.632,30.55,28.2270,25.9,1.634,30.74,4.06,-58,9.75,
2026-09-11T10:25:25,2,1.611,28.87,28.2340,25.9,1.626,30.10,4.08,-58,10.25,
2026-09-11T10:25:26,2,1.630,30.42,28.2320,25.9,1.629,30.36,4.06,-58,10.00,
2026-09-11T10:25:27,2,1.615,29.20,28.2240,25.9,1.630,30.42,4.06,-58,9.50,
2026-09-11T10:25:28,2,1.611,28.87,28.2230,25.9,1.625,30.03,4.08,-58,9.50,
2026-09-11T10:25:30,2,1.634,30.74,28.2290,25.9,1.635,30.81,4.05,-58,10.00,
2026-09-11T10:25:31,2,1.610,28.81,28.2330,25.9,1.632,30.55,4.07,-58,10.00,
2026-09-11T10:25:32,2,1.636,30.87,28.2440,25.9,1.633,30.68,4.06,-58,10.00,
2026-09-11T10:25:33,2,1.629,30.29,28.2450,25.9,1.634,30.74,4.05,-58,9.75,
2026-09-11T10:25:34,2,1.611,28.87,28.2440,25.9,1.629,30.36,4.08,-56,9.50,
2026-09-11T10:25:35,2,1.634,30.74,28.2540,25.9,1.629,30.36,4.06,-58,9.75,
2026-09-11T10:25:36,2,1.613,29.07,28.2490,25.9,1.632,30.55,4.06,-58,10.00,
2026-09-11T10:25:37,2,1.609,28.74,28.2550,25.9,1.629,30.36,4.08,-58,10.00,
2026-09-11T10:25:38,2,1.634,30.74,28.2580,25.9,1.634,30.74,4.06,-58,10.00,
2026-09-11T10:25:39,2,1.615,29.20,28.2610,25.9,1.631,30.48,4.06,-58,9.75,
2026-09-11T10:25:45,2,1.614,29.13,28.2710,25.9,1.632,30.55,4.06,-54,4.50,
2026-09-11T10:25:46,2,1.610,28.81,28.2680,25.9,1.628,30.23,4.08,-51,6.50,
2026-09-11T10:25:47,2,1.634,30.74,28.2830,25.9,1.637,30.94,4.05,-53,7.75,
2026-09-11T10:25:48,2,1.611,28.87,28.2870,25.9,1.631,30.48,4.07,-57,10.50,
2026-09-11T10:25:49,2,1.635,30.81,28.2790,25.9,1.634,30.74,4.06,-58,10.00,
2026-09-11T10:25:50,2,1.635,30.81,28.2720,25.9,1.632,30.55,4.05,-58,9.75,
2026-09-11T10:25:51,2,1.611,28.87,28.2580,25.9,1.627,30.16,4.08,-57,10.00,
2026-09-11T10:25:53,2,1.633,30.68,28.2580,25.9,1.629,30.29,4.07,-57,10.25,
2026-09-11T10:25:54,2,1.615,29.20,28.2540,25.9,1.635,30.81,4.05,-58,9.75,
2026-09-11T10:25:55,2,1.610,28.81,28.2520,25.9,1.643,31.45,4.08,-57,9.75,
2026-09-11T10:25:56,2,1.633,30.68,28.2490,25.9,1.635,30.81,4.05,-58,10.00,
2026-09-11T10:25:57,2,1.614,29.13,28.2540,25.9,1.633,30.68,4.07,-58,9.75,
2026-09-11T10:25:58,2,1.636,30.87,28.2460,25.9,1.631,30.48,4.06,-58,9.75,
2026-09-11T10:25:59,2,1.634,30.74,28.2420,25.9,1.636,30.87,4.06,-58,10.25,
2026-09-11T10:26:00,2,1.611,28.87,28.2360,25.9,1.629,30.36,4.08,-58,9.50,
2026-09-11T10:26:01,2,1.627,30.16,28.2390,25.9,1.633,30.61,4.06,-58,9.75,
2026-09-11T10:26:02,2,1.613,29.07,28.2470,25.9,1.631,30.48,4.07,-58,10.25,
2026-09-11T10:26:03,2,1.610,28.81,28.2480,25.9,1.628,30.23,4.08,-58,9.75,
2026-09-11T10:26:05,2,1.633,30.68,28.2490,25.9,1.636,30.87,4.05,-57,10.00,
2026-09-11T10:26:06,2,1.614,29.13,28.2530,25.9,1.633,30.61,4.07,-58,9.75,
2026-09-11T10:26:07,2,1.639,31.13,28.2430,25.9,1.630,30.42,4.07,-58,10.25,
2026-09-11T10:26:08,2,1.634,30.74,28.2450,25.9,1.635,30.81,4.05,-58,10.00,
2026-09-11T10:26:09,2,1.611,28.87,28.2400,25.9,1.627,30.16,4.08,-58,9.75,
2026-09-11T10:26:10,2,1.633,30.68,28.2420,25.9,1.630,30.42,4.07,-58,10.00,
2026-09-11T10:26:11,2,1.612,28.94,28.2510,25.9,1.629,30.36,4.06,-58,10.00,
2026-09-11T10:26:12,2,1.610,28.81,28.2470,25.9,1.627,30.16,4.08,-58,9.75,
2026-09-11T10:26:13,2,1.638,31.00,28.2500,25.9,1.634,30.74,4.05,-58,12.25,
2026-09-11T10:26:14,2,1.614,29.13,28.2460,25.9,1.636,30.87,4.07,-57,10.25,
2026-09-11T10:26:15,2,1.637,30.94,28.2440,25.9,1.633,30.61,4.06,-58,9.75,
2026-09-11T10:26:17,2,1.636,30.87,28.2440,25.9,1.633,30.68,4.05,-58,9.75,
2026-09-11T10:26:18,2,1.611,28.87,28.2450,25.9,1.629,30.29,4.08,-58,9.75,
2026-09-11T10:26:19,2,1.633,30.68,28.2450,25.9,1.633,30.68,4.06,-58,9.50,
2026-09-11T10:26:20,2,1.613,29.07,28.2490,25.9,1.632,30.55,4.07,-58,10.00,
2026-09-11T10:26:21,2,1.611,28.87,28.2570,25.9,1.629,30.36,4.08,-58,9.50,
2026-09-11T10:26:22,2,1.635,30.81,28.2590,25.9,1.633,30.68,4.05,-58,9.75,
2026-09-11T10:26:23,2,1.614,29.13,28.2530,25.9,1.633,30.61,4.07,-58,10.25,
2026-09-11T10:26:24,2,1.637,30.94,28.2550,25.9,1.632,30.55,4.06,-57,10.25,
2026-09-11T10:26:30,2,1.613,29.00,28.2640,25.9,1.629,30.36,4.08,-52,6.25,
2026-09-11T10:26:31,2,1.635,30.81,28.2550,25.9,1.635,30.81,4.05,-52,6.25,
2026-09-11T10:26:32,2,1.609,28.74,28.2560,25.9,1.630,30.42,4.06,-52,7.50,
2026-09-11T10:26:33,2,1.612,28.94,28.2670,25.9,1.630,30.42,4.08,-57,10.00,
2026-09-11T10:26:34,2,1.635,30.81,28.2570,25.9,1.633,30.61,4.05,-58,9.75,
2026-09-11T10:26:35,2,1.611,28.87,28.2660,25.9,1.642,31.32,4.08,-58,10.00,
2026-09-11T10:26:36,2,1.636,30.87,28.2640,25.9,1.628,30.23,4.06,-57,9.75,
2026-09-11T10:26:37,2,1.633,30.68,28.2580,25.9,1.633,30.61,4.05,-58,10.25,
2026-09-11T10:26:38,2,1.610,28.81,28.2490,25.9,1.630,30.42,4.08,-57,9.75,
2026-09-11T10:26:40,2,1.636,30.87,28.2480,25.9,1.635,30.81,4.05,-57,10.25,
2026-09-11T10:26:41,2,1.612,28.94,28.2410,25.9,1.632,30.55,4.07,-58,11.25,
2026-09-11T10:26:42,2,1.608,28.68,28.2350,25.9,1.630,30.42,4.08,-57,9.50,
2026-09-11T10:26:43,2,1.635,30.81,28.2290,25.9,1.635,30.81,4.05,-58,9.75,
2026-09-11T10:26:44,2,1.609,28.74,28.2250,25.9,1.627,30.16,4.08,-58,9.25,
2026-09-11T10:26:45,2,1.635,30.81,28.2150,25.9,1.632,30.55,4.06,-58,10.00,
2026-09-11T10:26:46,2,1.633,30.68,28.2220,25.9,1.634,30.74,4.05,-58,12.25,
2026-09-11T10:26:47,2,1.609,28.74,28.2230,25.9,1.631,30.48,4.08,-58,10.25,
2026-09-11T10:26:48,2,1.637,30.94,28.2180,25.9,1.635,30.81,4.05,-58,9.50,
2026-09-11T10:26:49,2,1.614,29.13,28.2210,25.9,1.629,30.36,4.07,-58,10.25,
2026-09-11T10:26:50,2,1.614,29.13,28.2230,25.9,1.629,30.29,4.08,-57,10.00,
2026-09-11T10:26:52,2,1.632,30.55,28.2180,25.9,1.633,30.61,4.05,-58,9.75,
2026-09-11T10:26:53,2,1.609,28.74,28.2090,25.9,1.629,30.36,4.08,-58,9.75,
2026-09-11T10:26:54,2,1.638,31.00,28.2130,25.9,1.632,30.55,4.06,-58,9.75,
2026-09-11T10:26:55,2,1.633,30.68,28.2190,25.9,1.633,30.68,4.05,-57,9.75,
2026-09-11T10:26:56,2,1.608,28.68,28.2120,25.9,1.629,30.29,4.08,-57,9.50,
2026-09-11T10:26:57,2,1.634,30.74,28.2210,25.9,1.635,30.81,4.05,-56,9.75,
2026-09-11T10:26:58,2,1.613,29.00,28.2310,25.9,1.632,30.55,4.07,-57,12.50,
2026-09-11T10:26:59,2,1.610,28.81,28.2280,25.9,1.628,30.23,4.08,-57,9.75,
2026-09-11T10:27:00,2,1.633,30.61,28.2320,25.9,1.633,30.68,4.05,-57,10.00,
2026-09-11T10:27:01,2,1.609,28.74,28.2320,25.9,1.628,30.23,4.08,-56,9.75,
2026-09-11T10:27:02,2,1.636,30.87,28.2410,25.9,1.632,30.55,4.06,-57,9.75,
2026-09-11T10:27:04,2,1.638,31.07,28.2420,25.9,1.633,30.68,4.05,-57,9.50,
2026-09-11T10:27:05,2,1.610,28.81,28.2420,25.9,1.628,30.23,4.08,-56,9.75,
2026-09-11T10:27:06,2,1.638,31.00,28.2440,25.9,1.633,30.68,4.05,-57,9.75,
2026-09-11T10:27:07,2,1.613,29.00,28.2400,25.9,1.629,30.29,4.07,-56,10.00,
2026-09-11T10:27:09,2,1.634,30.74,28.2370,25.9,1.634,30.74,4.05,-56,9.75,
2026-09-11T10:27:13,2,1.611,28.87,28.2390,25.9,1.627,30.16,4.08,-52,6.25,
2026-09-11T10:27:15,2,1.637,30.94,28.2430,25.9,1.638,31.07,4.05,-53,5.50,
2026-09-11T10:27:16,2,1.613,29.00,28.2450,25.9,1.633,30.61,4.06,-53,6.00,
2026-09-11T10:27:17,2,1.611,28.87,28.2440,25.9,1.627,30.16,4.08,-52,9.00,
2026-09-11T10:27:18,2,1.635,30.81,28.2430,25.9,1.635,30.81,4.05,-58,9.75,
2026-09-11T10:27:19,2,1.611,28.87,28.2440,25.9,1.627,30.16,4.08,-58,9.75,
2026-09-11T10:27:20,2,1.638,31.07,28.2420,25.9,1.632,30.55,4.06,-58,9.50,
2026-09-11T10:27:21,2,1.636,30.87,28.2470,25.9,1.646,31.71,4.05,-58,9.50,
2026-09-11T10:27:22,2,1.611,28.87,28.2390,25.9,1.629,30.29,4.08,-58,10.00,
2026-09-11T10:27:23,2,1.635,30.81,28.2400,25.9,1.635,30.81,4.05,-58,9.75,
2026-09-11T10:27:24,2,1.614,29.13,28.2480,25.9,1.631,30.48,4.06,-58,9.75,
2026-09-11T10:27:25,2,1.609,28.74,28.2480,25.9,1.629,30.36,4.08,-58,10.00,
2026-09-11T10:27:27,2,1.635,30.81,28.2470,25.9,1.634,30.74,4.05,-58,9.75,
2026-09-11T10:27:28,2,1.610,28.81,28.2400,25.9,1.628,30.23,4.07,-58,10.25,
2026-09-11T10:27:29,2,1.638,31.00,28.2400,25.9,1.632,30.55,4.06,-58,10.00,
2026-09-11T10:27:30,2,1.634,30.74,28.2500,25.9,1.635,30.81,4.05,-58,10.00,
2026-09-11T10:27:31,2,1.611,28.87,28.2500,25.9,1.629,30.29,4.07,-58,10.75,
2026-09-11T10:27:32,2,1.634,30.74,28.2510,25.9,1.638,31.00,4.06,-58,9.75,
2026-09-11T10:27:33,2,1.615,29.20,28.2540,25.9,1.632,30.55,4.05,-58,9.50,
2026-09-11T10:27:34,2,1.611,28.87,28.2540,25.9,1.629,30.36,4.08,-58,10.00,
2026-09-11T10:27:35,2,1.647,31.77,28.2580,25.9,1.633,30.68,4.05,-58,9.75,
2026-09-11T10:27:36,2,1.613,29.07,28.2600,25.9,1.632,30.55,4.07,-58,10.25,
2026-09-11T10:27:37,2,1.614,29.13,28.2610,25.9,1.631,30.48,4.08,-58,10.25,
2026-09-11T10:27:39,2,1.633,30.68,28.2560,25.9,1.635,30.81,4.05,-58,9.75,
2026-09-11T10:27:40,2,1.610,28.81,28.2580,25.9,1.628,30.23,4.08,-58,9.75,
2026-09-11T10:27:41,2,1.635,30.81,28.2650,25.9,1.631,30.48,4.06,-58,10.00,
2026-09-11T10:27:42,2,1.634,30.74,28.2630,25.9,1.634,30.74,4.05,-58,10.00,
2026-09-11T10:27:43,2,1.612,28.94,28.2610,25.9,1.638,31.07,4.08,-58,9.75,
2026-09-11T10:27:44,2,1.636,30.87,28.2670,25.9,1.633,30.68,4.05,-58,9.75,
2026-09-11T10:27:45,2,1.613,29.07,28.2770,25.9,1.633,30.61,4.06,-56,10.25,
2026-09-11T10:27:46,2,1.611,28.87,28.2720,25.9,1.628,30.23,4.08,-57,9.75,
2026-09-11T10:27:47,2,1.634,30.74,28.2700,25.9,1.635,30.81,4.05,-57,9.75,
2026-09-11T10:27:48,2,1.608,28.68,28.2670,25.9,1.630,30.42,4.08,-57,9.75,
2026-09-11T10:27:49,2,1.636,30.87,28.2660,25.9,1.630,30.42,4.06,-57,9.75,
2026-09-11T10:27:51,2,1.631,30.48,28.2710,25.9,1.633,30.61,4.05,-58,10.00,
2026-09-11T10:27:52,2,1.609,28.74,28.2660,25.9,1.629,30.29,4.08,-58,10.00,
2026-09-11T10:27:53,2,1.634,30.74,28.2650,25.9,1.636,30.87,4.05,-57,9.75,
2026-09-11T10:27:58,2,1.633,30.68,28.2600,25.9,1.633,30.61,4.06,-52,7.00,
2026-09-11T10:27:59,2,1.628,30.23,28.2570,25.9,1.634,30.74,4.05,-52,7.50,
2026-09-11T10:28:00,2,1.610,28.81,28.2450,25.9,1.627,30.16,4.08,-53,7.25,
2026-09-11T10:28:02,2,1.640,31.19,28.2430,25.9,1.635,30.81,4.05,-57,10.00,
2026-09-11T10:28:03,2,1.613,29.07,28.2520,25.9,1.632,30.55,4.06,-58,9.75,
2026-09-11T10:28:04,2,1.610,28.81,28.2490,25.9,1.627,30.16,4.08,-57,9.75,
2026-09-11T10:28:05,2,1.635,30.81,28.2510,25.9,1.636,30.87,4.05,-57,10.00,
2026-09-11T10:28:06,2,1.613,29.00,28.2410,25.9,1.627,30.16,4.08,-57,10.00,
2026-09-11T10:28:07,2,1.633,30.68,28.2440,25.9,1.632,30.55,4.07,-58,10.75,
2026-09-11T10:28:08,2,1.634,30.74,28.2530,25.9,1.634,30.74,4.06,-57,9.75,
2026-09-11T10:28:09,2,1.602,28.16,28.2550,25.9,1.629,30.29,4.08,-57,10.00,
2026-09-11T10:28:10,2,1.635,30.81,28.2510,25.9,1.647,31.77,4.05,-57,10.00,
2026-09-11T10:28:11,2,1.617,29.39,28.2520,25.9,1.631,30.48,4.07,-57,10.25,
2026-09-11T10:28:12,2,1.616,29.26,28.2540,25.9,1.627,30.16,4.08,-57,9.75,
2026-09-11T10:28:14,2,1.634,30.74,28.2580,25.9,1.633,30.68,4.04,-58,10.25,
2026-09-11T10:28:15,2,1.611,28.87,28.2530,25.9,1.629,30.29,4.07,-57,10.25,
2026-09-11T10:28:16,2,1.638,31.00,28.2470,25.9,1.632,30.55,4.06,-57,9.75,
2026-09-11T10:28:17,2,1.633,30.61,28.2460,25.9,1.633,30.61,4.05,-58,10.00,
2026-09-11T10:28:18,2,1.609,28.74,28.2440,25.9,1.629,30.29,4.08,-57,9.25,
2026-09-11T10:28:19,2,1.638,31.00,28.2500,25.9,1.637,30.94,4.04,-57,10.50,
2026-09-11T10:28:20,2,1.613,29.00,28.2480,25.9,1.634,30.74,4.06,-57,9.75,
2026-09-11T10:28:21,2,1.611,28.87,28.2470,25.9,1.629,30.29,4.08,-57,10.00,
2026-09-11T10:28:22,2,1.634,30.74,28.2470,25.9,1.635,30.81,4.05,-57,9.75,
2026-09-11T10:28:23,2,1.608,28.62,28.2480,25.9,1.628,30.23,4.08,-57,9.75,
2026-09-11T10:28:24,2,1.634,30.74,28.2500,25.9,1.631,30.48,4.06,-57,10.00,
2026-09-11T10:28:26,2,1.634,30.74,28.2590,25.9,1.631,30.48,4.05,-57,9.75,
2026-09-11T10:28:27,2,1.611,28.87,28.2550,25.9,1.629,30.36,4.08,-57,10.25,
2026-09-11T10:28:28,2,1.637,30.94,28.2480,25.9,1.636,30.87,4.05,-57,10.00,
2026-09-11T10:28:29,2,1.612,28.94,28.2540,25.9,1.633,30.61,4.06,-57,10.00,
2026-09-11T10:28:30,2,1.612,28.94,28.2490,25.9,1.628,30.23,4.08,-57,10.25,
2026-09-11T10:28:31,2,1.633,30.68,28.2550,25.9,1.636,30.87,4.05,-57,10.00,
2026-09-11T10:28:32,2,1.612,28.94,28.2620,25.9,1.628,30.23,4.08,-57,10.00,
2026-09-11T10:28:33,2,1.638,31.00,28.2620,25.9,1.633,30.61,4.05,-57,9.75,
2026-09-11T10:28:34,2,1.631,30.48,28.2550,25.9,1.639,31.13,4.05,-57,9.75,
2026-09-11T10:28:35,2,1.612,28.94,28.2560,25.9,1.639,31.13,4.08,-57,9.50,
2026-09-11T10:28:36,2,1.636,30.87,28.2600,25.9,1.634,30.74,4.04,-57,12.50,
2026-09-11T10:28:38,2,1.613,29.00,28.2600,25.9,1.630,30.42,4.06,-57,10.00,
2026-09-11T10:28:43,2,1.633,30.61,28.2260,25.9,1.633,30.61,4.05,-52,7.50,
2026-09-11T10:28:44,2,1.611,28.87,28.2180,25.9,1.629,30.36,4.08,-51,7.25,
2026-09-11T10:28:45,2,1.637,30.94,28.2110,25.9,1.635,30.81,4.05,-52,8.25,
2026-09-11T10:28:46,2,1.613,29.00,28.2130,25.9,1.631,30.48,4.06,-57,9.75,
2026-09-11T10:28:47,2,1.610,28.81,28.2250,25.9,1.628,30.23,4.07,-57,10.00,
2026-09-11T10:28:49,2,1.634,30.74,28.2260,25.9,1.636,30.87,4.05,-57,9.75,
2026-09-11T10:28:50,2,1.610,28.81,28.2300,25.9,1.632,30.55,4.08,-57,9.75,
2026-09-11T10:28:51,2,1.635,30.81,28.2270,25.9,1.632,30.55,4.06,-57,9.75,
2026-09-11T10:28:52,2,1.632,30.55,28.2270,25.9,1.635,30.81,4.05,-57,9.75,
2026-09-11T10:28:53,2,1.610,28.81,28.2230,25.9,1.628,30.23,4.08,-57,9.75,
2026-09-11T10:28:54,2,1.638,31.00,28.2320,25.9,1.640,31.19,4.05,-57,10.25,
2026-09-11T10:28:55,2,1.617,29.39,28.2350,25.9,1.632,30.55,4.06,-57,9.75,
2026-09-11T10:28:56,2,1.610,28.81,28.2350,25.9,1.626,30.10,4.08,-56,10.00,
2026-09-11T10:28:57,2,1.634,30.74,28.2320,25.9,1.634,30.74,4.05,-57,10.00,
2026-09-11T10:28:58,2,1.612,28.94,28.2460,25.9,1.626,30.10,4.08,-57,10.00,
2026-09-11T10:28:59,2,1.611,28.87,28.2460,25.9,1.629,30.29,4.08,-57,9.75,
2026-09-11T10:29:01,2,1.633,30.61,28.2520,25.9,1.633,30.68,4.05,-58,10.00,
2026-09-11T10:29:02,2,1.609,28.74,28.2490,25.9,1.627,30.16,4.08,-57,10.00,
2026-09-11T10:29:03,2,1.634,30.74,28.2490,25.9,1.633,30.68,4.06,-58,9.75,
2026-09-11T10:29:04,2,1.633,30.68,28.2610,25.9,1.632,30.55,4.05,-58,9.75,
2026-09-11T10:29:05,2,1.611,28.87,28.2740,25.9,1.626,30.10,4.08,-57,10.00,
2026-09-11T10:29:06,2,1.625,30.03,28.2760,25.9,1.634,30.74,4.05,-57,10.00,
2026-09-11T10:29:07,2,1.613,29.07,28.2680,25.9,1.633,30.68,4.06,-57,10.00,
2026-09-11T10:29:08,2,1.609,28.74,28.2530,25.9,1.627,30.16,4.08,-57,9.75,
2026-09-11T10:29:09,2,1.635,30.81,28.2590,25.9,1.633,30.68,4.05,-58,9.75,
2026-09-11T10:29:10,2,1.611,28.87,28.2600,25.9,1.628,30.23,4.08,-57,9.75,
2026-09-11T10:29:11,2,1.636,30.87,28.2630,25.9,1.631,30.48,4.06,-57,10.00,
2026-09-11T10:29:13,2,1.633,30.68,28.2640,25.9,1.633,30.68,4.05,-57,9.75,
2026-09-11T10:29:14,2,1.611,28.87,28.2590,25.9,1.629,30.29,4.08,-57,10.00,
2026-09-11T10:29:15,2,1.634,30.74,28.2590,25.9,1.636,30.87,4.05,-57,10.25,
2026-09-11T10:29:16,2,1.621,29.65,28.2580,25.9,1.632,30.55,4.07,-57,10.25,
2026-09-11T10:29:17,2,1.611,28.87,28.2590,25.9,1.629,30.36,4.08,-57,9.75,
2026-09-11T10:29:18,2,1.633,30.68,28.2570,25.9,1.633,30.68,4.05,-57,10.00,
2026-09-11T10:29:19,2,1.610,28.81,28.2580,25.9,1.629,30.36,4.08,-57,9.75,
2026-09-11T10:29:20,2,1.635,30.81,28.2520,25.9,1.629,30.36,4.06,-58,10.00,
2026-09-11T10:29:21,2,1.633,30.68,28.2620,25.9,1.633,30.68,4.05,-58,10.25,
2026-09-11T10:29:22,2,1.610,28.81,28.2680,25.9,1.629,30.36,4.08,-58,9.25,
2026-09-11T10:29:28,2,1.610,28.81,28.2550,25.9,1.626,30.10,4.08,-51,7.00,
2026-09-11T10:29:29,2,1.637,30.94,28.2660,25.9,1.633,30.68,4.06,-52,7.00,
2026-09-11T10:29:30,2,1.633,30.61,28.2580,25.9,1.634,30.74,4.05,-52,7.50,
2026-09-11T10:29:31,2,1.611,28.87,28.2580,25.9,1.629,30.36,4.08,-57,9.75,
2026-09-11T10:29:32,2,1.635,30.81,28.2540,25.9,1.634,30.74,4.04,-57,10.75,
2026-09-11T10:29:33,2,1.614,29.13,28.2570,25.9,1.630,30.42,4.06,-57,10.50,
2026-09-11T10:29:34,2,1.610,28.81,28.2610,25.9,1.628,30.23,4.08,-57,10.00,
2026-09-11T10:29:36,2,1.635,30.81,28.2630,25.9,1.637,30.94,4.05,-58,10.00,
2026-09-11T10:29:37,2,1.613,29.07,28.2580,25.9,1.629,30.29,4.08,-57,10.00,
2026-09-11T10:29:38,2,1.638,31.07,28.2570,25.9,1.633,30.68,4.06,-57,10.00,
2026-09-11T10:29:39,2,1.633,30.61,28.2610,25.9,1.637,30.94,4.05,-57,9.75,
2026-09-11T10:29:40,2,1.609,28.74,28.2550,25.9,1.629,30.36,4.08,-57,10.00,
2026-09-11T10:29:41,2,1.633,30.68,28.2610,25.9,1.635,30.81,4.05,-57,9.50,
2026-09-11T10:29:42,2,1.611,28.87,28.2650,25.9,1.630,30.42,4.06,-57,9.75,
2026-09-11T10:29:43,2,1.612,28.94,28.2700,25.9,1.627,30.16,4.08,-57,9.75,
2026-09-11T10:29:44,2,1.633,30.61,28.2710,25.9,1.633,30.68,4.04,-57,10.00,
2026-09-11T10:29:45,2,1.609,28.74,28.2630,25.9,1.629,30.29,4.08,-57,9.75,
2026-09-11T10:29:46,2,1.636,30.87,28.2780,25.9,1.632,30.55,4.06,-57,9.50,
2026-09-11T10:29:48,2,1.633,30.61,28.2790,25.9,1.634,30.74,4.05,-57,10.00,
2026-09-11T10:29:49,2,1.613,29.00,28.2690,25.9,1.628,30.23,4.08,-58,10.50,
2026-09-11T10:29:50,2,1.635,30.81,28.2650,25.9,1.637,30.94,4.04,-58,10.25,
2026-09-11T10:29:51,2,1.612,28.94,28.2660,25.9,1.632,30.55,4.06,-58,9.75,
2026-09-11T10:29:52,2,1.610,28.81,28.2630,25.9,1.629,30.29,4.08,-57,10.00,
2026-09-11T10:29:53,2,1.630,30.42,28.2660,25.9,1.634,30.74,4.05,-57,10.00,
2026-09-11T10:29:54,2,1.618,29.45,28.2590,25.9,1.628,30.23,4.08,-57,9.75,
2026-09-11T10:29:55,2,1.637,30.94,28.2610,25.9,1.633,30.61,4.06,-57,9.75,
2026-09-11T10:29:56,2,1.633,30.68,28.2590,25.9,1.635,30.81,4.05,-56,10.00,
2026-09-11T10:29:57,2,1.613,29.00,28.2620,25.9,1.629,30.36,4.08,-57,9.75,
2026-09-11T10:29:58,2,1.635,30.81,28.2630,25.9,1.637,30.94,4.05,-58,9.50,
2026-09-11T10:30:00,2,1.613,29.00,28.2700,25.9,1.633,30.61,4.06,-57,10.50,
2026-09-11T10:30:01,2,1.611,28.87,28.2580,25.9,1.626,30.10,4.08,-57,9.50,
2026-09-11T10:30:02,2,1.634,30.74,28.2590,25.9,1.633,30.68,4.05,-58,9.75,
2026-09-11T10:30:03,2,1.611,28.87,28.2620,25.9,1.627,30.16,4.08,-57,10.50,
2026-09-11T10:30:04,2,1.637,30.94,28.2560,25.9,1.632,30.55,4.05,-57,9.75,
2026-09-11T10:30:05,2,1.632,30.55,28.2590,25.9,1.635,30.81,4.06,-57,10.00,
2026-09-11T10:30:06,2,1.609,28.74,28.2560,25.9,1.628,30.23,4.08,-57,10.00,
2026-09-11T10:30:07,2,1.638,31.00,28.2490,25.9,1.633,30.61,4.05,-58,10.00,
2026-09-11T10:30:12,2,1.610,28.81,28.2700,25.9,1.629,30.36,4.08,-52,6.25,
2026-09-11T10:30:13,2,1.639,31.13,28.2730,25.9,1.630,30.42,4.06,-51,8.00,
2026-09-11T10:30:14,2,1.633,30.61,28.2740,25.9,1.634,30.74,4.05,-52,7.25,
2026-09-11T10:30:15,2,1.610,28.81,28.2720,25.9,1.630,30.42,4.07,-52,9.00,
2026-09-11T10:30:16,2,1.637,30.94,28.2700,25.9,1.637,30.94,4.04,-58,10.75,
2026-09-11T10:30:17,2,1.613,29.07,28.2650,25.9,1.632,30.55,4.06,-57,9.75,
2026-09-11T10:30:18,2,1.612,28.94,28.2610,25.9,1.631,30.48,4.08,-57,9.75,
2026-09-11T10:30:20,2,1.610,28.81,28.2640,25.9,1.627,30.16,4.07,-57,10.50,
2026-09-11T10:30:21,2,1.638,31.00,28.2540,25.9,1.632,30.55,4.06,-58,9.75,
2026-09-11T10:30:23,2,1.631,30.48,28.2420,25.9,1.632,30.55,4.05,-58,10.00,
2026-09-11T10:30:24,2,1.611,28.87,28.2440,25.9,1.629,30.36,4.08,-57,10.00,
2026-09-11T10:30:25,2,1.633,30.68,28.2450,25.9,1.647,31.77,4.06,-57,9.75,
2026-09-11T10:30:26,2,1.617,29.32,28.2500,25.9,1.632,30.55,4.05,-57,9.75,
2026-09-11T10:30:27,2,1.606,28.49,28.2450,25.9,1.627,30.16,4.08,-57,10.00,
2026-09-11T10:30:28,2,1.632,30.55,28.2450,25.9,1.633,30.68,4.04,-58,10.50,
2026-09-11T10:30:29,2,1.613,29.07,28.2470,25.9,1.631,30.48,4.06,-57,10.00,
2026-09-11T10:30:30,2,1.611,28.87,28.2510,25.9,1.629,30.36,4.08,-57,10.00,
2026-09-11T10:30:31,2,1.634,30.74,28.2520,25.9,1.635,30.81,4.05,-57,9.75,
2026-09-11T10:30:32,2,1.611,28.87,28.2500,25.9,1.629,30.29,4.08,-57,9.50,
2026-09-11T10:30:33,2,1.636,30.87,28.2500,25.9,1.633,30.68,4.06,-57,9.75,
2026-09-11T10:30:35,2,1.633,30.61,28.2590,25.9,1.634,30.74,4.05,-57,9.75,
2026-09-11T10:30:37,2,1.629,30.29,28.2580,25.9,1.635,30.81,4.04,-56,10.25,
2026-09-11T10:30:38,2,1.615,29.20,28.2520,25.9,1.633,30.61,4.06,-57,10.25,
2026-09-11T10:30:39,2,1.611,28.87,28.2610,25.9,1.627,30.16,4.08,-57,10.00,
2026-09-11T10:30:40,2,1.634,30.74,28.2690,25.9,1.633,30.68,4.05,-57,10.00,
2026-09-11T10:30:41,2,1.609,28.74,28.2780,25.9,1.625,29.97,4.08,-58,9.75,
2026-09-11T10:30:42,2,1.637,30.94,28.2820,25.9,1.632,30.55,4.06,-57,9.75,
2026-09-11T10:30:43,2,1.633,30.61,28.2800,25.9,1.634,30.74,4.06,-57,10.00,
2026-09-11T10:30:44,2,1.610,28.81,28.2810,25.9,1.628,30.23,4.07,-57,10.25,
2026-09-11T10:30:45,2,1.637,30.94,28.2780,25.9,1.635,30.81,4.05,-56,9.50,
2026-09-11T10:30:47,2,1.609,28.74,28.2730,25.9,1.633,30.61,4.06,-56,10.50,
2026-09-11T10:30:48,2,1.611,28.87,28.2790,25.9,1.628,30.23,4.08,-56,9.75,
2026-09-11T10:30:49,2,1.633,30.68,28.2720,25.9,1.634,30.74,4.05,-56,9.50,
2026-09-11T10:30:50,2,1.609,28.74,28.2630,25.9,1.627,30.16,4.08,-56,9.75,
2026-09-11T10:30:51,2,1.636,30.87,28.2520,25.9,1.629,30.36,4.06,-56,10.25,
2026-09-11T10:30:56,2,1.610,28.81,28.2550,25.9,1.629,30.36,4.08,-53,6.00,
2026-09-11T10:30:58,2,1.634,30.74,28.2580,25.9,1.635,30.81,4.05,-53,7.50,
2026-09-11T10:30:59,2,1.613,29.00,28.2490,25.9,1.629,30.29,4.08,-51,7.25,
2026-09-11T10:31:00,2,1.636,30.87,28.2540,25.9,1.632,30.55,4.06,-56,9.25,
2026-09-11T10:31:01,2,1.633,30.61,28.2480,25.9,1.633,30.61,4.05,-57,10.00,
2026-09-11T10:31:02,2,1.612,28.94,28.2490,25.9,1.631,30.48,4.08,-57,9.75,
2026-09-11T10:31:03,2,1.640,31.19,28.2500,25.9,1.636,30.87,4.05,-57,9.75,
2026-09-11T10:31:04,2,1.613,29.00,28.2520,25.9,1.623,29.84,4.06,-56,10.00,
2026-09-11T10:31:05,2,1.608,28.68,28.2540,25.9,1.627,30.16,4.07,-56,10.00,
2026-09-11T10:31:06,2,1.635,30.81,28.2620,25.9,1.635,30.81,4.04,-56,10.50,
2026-09-11T10:31:07,2,1.609,28.74,28.2650,25.9,1.627,30.16,4.08,-56,10.00,
2026-09-11T10:31:08,2,1.638,31.00,28.2650,25.9,1.632,30.55,4.06,-57,9.75,
2026-09-11T10:31:10,2,1.633,30.68,28.2650,25.9,1.634,30.74,4.05,-57,10.00,
2026-09-11T10:31:11,2,1.609,28.74,28.2690,25.9,1.628,30.23,4.08,-56,9.75,
2026-09-11T10:31:12,2,1.637,30.94,28.2720,25.9,1.637,30.94,4.05,-57,9.75,
2026-09-11T10:31:13,2,1.615,29.20,28.2670,25.9,1.630,30.42,4.06,-56,9.75,
2026-09-11T10:31:14,2,1.609,28.74,28.2730,25.9,1.626,30.10,4.06,-56,9.75,
2026-09-11T10:31:15,2,1.636,30.87,28.2740,25.9,1.633,30.68,4.05,-57,9.75,
2026-09-11T10:31:16,2,1.610,28.81,28.2650,25.9,1.628,30.23,4.08,-56,9.75,
2026-09-11T10:31:17,2,1.631,30.48,28.2710,25.9,1.632,30.55,4.06,-56,9.75,
2026-09-11T10:31:18,2,1.633,30.61,28.2730,25.9,1.635,30.81,4.06,-56,9.75,
2026-09-11T10:31:19,2,1.611,28.87,28.2720,25.9,1.629,30.29,4.08,-56,9.75,
2026-09-11T10:31:20,2,1.638,31.07,28.2720,25.9,1.635,30.81,4.04,-56,10.25,
2026-09-11T10:31:22,2,1.632,30.55,28.2780,25.9,1.632,30.55,4.05,-57,9.50,
2026-09-11T10:31:23,2,1.609,28.74,28.2800,25.9,1.628,30.23,4.08,-56,9.75,
2026-09-11T10:31:24,2,1.635,30.81,28.2760,25.9,1.633,30.61,4.05,-57,10.00,
2026-09-11T10:31:25,2,1.609,28.74,28.2720,25.9,1.629,30.29,4.08,-56,10.00,
2026-09-11T10:31:26,2,1.611,28.87,28.2690,25.9,1.629,30.29,4.07,-56,10.00,
2026-09-11T10:31:27,2,1.632,30.55,28.2630,25.9,1.633,30.61,4.05,-56,9.75,
2026-09-11T10:31:28,2,1.611,28.87,28.2670,25.9,1.635,30.81,4.07,-56,10.25,
2026-09-11T10:31:29,2,1.637,30.94,28.2640,25.9,1.634,30.74,4.04,-56,10.00,
2026-09-11T10:31:30,2,1.630,30.42,28.2670,25.9,1.635,30.81,4.05,-56,9.75,
2026-09-11T10:31:31,2,1.610,28.81,28.2630,25.9,1.629,30.29,4.08,-56,10.00,
2026-09-11T10:31:33,2,1.635,30.81,28.2610,25.9,1.633,30.61,4.05,-54,9.50,
2026-09-11T10:31:34,2,1.610,28.81,28.2590,25.9,1.632,30.55,4.08,-57,9.75,
2026-09-11T10:31:35,2,1.612,28.94,28.2680,25.9,1.630,30.42,4.08,-56,9.75,
2026-09-11T10:31:36,2,1.636,30.87,28.2630,25.9,1.633,30.61,4.05,-57,9.50,
2026-09-11T10:31:41,2,1.635,30.81,28.2500,25.9,1.633,30.68,4.05,-52,7.00,
2026-09-11T10:31:42,2,1.612,28.94,28.2370,25.9,1.629,30.29,4.08,-51,7.25,
2026-09-11T10:31:43,2,1.613,29.07,28.2400,25.9,1.629,30.29,4.07,-51,7.75,
2026-09-11T10:31:45,2,1.635,30.81,28.2470,25.9,1.635,30.81,4.05,-57,10.00,
2026-09-11T10:31:46,2,1.611,28.87,28.2430,25.9,1.629,30.29,4.07,-57,10.00,
2026-09-11T10:31:47,2,1.632,30.55,28.2480,25.9,1.635,30.81,4.06,-57,9.75,
2026-09-11T10:31:48,2,1.633,30.68,28.2440,25.9,1.635,30.81,4.04,-57,10.25,
2026-09-11T10:31:49,2,1.610,28.81,28.2340,25.9,1.626,30.10,4.08,-57,10.00,
2026-09-11T10:31:50,2,1.636,30.87,28.2370,25.9,1.634,30.74,4.05,-57,9.75,
2026-09-11T10:31:51,2,1.613,29.07,28.2400,25.9,1.628,30.23,4.06,-57,10.00,
2026-09-11T10:31:52,2,1.609,28.74,28.2430,25.9,1.623,29.84,4.08,-57,9.75,
2026-09-11T10:31:53,2,1.633,30.61,28.2410,25.9,1.634,30.74,4.05,-57,9.50,
2026-09-11T10:31:54,2,1.611,28.87,28.2270,25.9,1.628,30.23,4.08,-57,9.75,
2026-09-11T10:31:55,2,1.636,30.87,28.2330,25.9,1.630,30.42,4.06,-56,9.50,
2026-09-11T10:31:57,2,1.633,30.61,28.2320,25.9,1.634,30.74,4.05,-57,10.00,
2026-09-11T10:31:58,2,1.609,28.74,28.2330,25.9,1.629,30.36,4.08,-57,9.75,
2026-09-11T10:31:59,2,1.638,31.07,28.2410,25.9,1.633,30.68,4.05,-57,10.00,
2026-09-11T10:32:00,2,1.613,29.00,28.2370,25.9,1.632,30.55,4.06,-57,10.00,
2026-09-11T10:32:01,2,1.610,28.81,28.2390,25.9,1.627,30.16,4.07,-57,10.25,
2026-09-11T10:32:02,2,1.634,30.74,28.2490,25.9,1.635,30.81,4.05,-57,10.00,
2026-09-11T10:32:03,2,1.611,28.87,28.2520,25.9,1.632,30.55,4.07,-57,10.25,
2026-09-11T10:32:04,2,1.638,31.00,28.2460,25.9,1.632,30.55,4.06,-57,10.00,
2026-09-11T10:32:05,2,1.633,30.61,28.2530,25.9,1.633,30.68,4.05,-57,9.75,
2026-09-11T10:32:06,2,1.612,28.94,28.2530,25.9,1.623,29.84,4.08,-57,9.75,
2026-09-11T10:32:07,2,1.634,30.74,28.2580,25.9,1.633,30.68,4.04,-56,10.25,
2026-09-11T10:32:09,2,1.613,29.00,28.2660,25.9,1.633,30.61,4.07,-57,10.00,
2026-09-11T10:32:10,2,1.612,28.94,28.2650,25.9,1.622,29.78,4.08,-57,9.75,
2026-09-11T10:32:11,2,1.635,30.81,28.2670,25.9,1.633,30.68,4.05,-57,10.25,
2026-09-11T10:32:12,2,1.612,28.94,28.2680,25.9,1.630,30.42,4.07,-57,10.75,
2026-09-11T10:32:13,2,1.640,31.19,28.2710,25.9,1.631,30.48,4.06,-57,9.75,
2026-09-11T10:32:14,2,1.632,30.55,28.2720,25.9,1.635,30.81,4.05,-56,10.00,
2026-09-11T10:32:15,2,1.612,28.94,28.2620,25.9,1.629,30.29,4.07,-57,10.00,
2026-09-11T10:32:16,2,1.636,30.87,28.2620,25.9,1.638,31.00,4.04,-57,10.00,
2026-09-11T10:32:17,2,1.613,29.07,28.2650,25.9,1.630,30.42,4.06,-57,9.75,
2026-09-11T10:32:18,2,1.615,29.20,28.2600,25.9,1.629,30.29,4.08,-57,10.00,
2026-09-11T10:32:20,2,1.634,30.74,28.2720,25.9,1.637,30.94,4.05,-57,10.25,
2026-09-11T10:32:21,2,1.611,28.87,28.2710,25.9,1.628,30.23,4.07,-57,10.25,
2026-09-11T10:32:26,2,1.612,28.94,28.2780,25.9,1.633,30.61,4.06,-51,7.50,
2026-09-11T10:32:27,2,1.611,28.87,28.2680,25.9,1.628,30.23,4.07,-52,7.75,
2026-09-11T10:32:28,2,1.636,30.87,28.2680,25.9,1.634,30.74,4.05,-52,8.00,
2026-09-11T10:32:29,2,1.610,28.81,28.2700,25.9,1.629,30.29,4.08,-56,9.50,
2026-09-11T10:32:30,2,1.613,29.00,28.2710,25.9,1.628,30.23,4.08,-57,10.00,
2026-09-11T10:32:32,2,1.634,30.74,28.2760,25.9,1.635,30.81,4.04,-57,10.00,
2026-09-11T10:32:33,2,1.612,28.94,28.2690,25.9,1.629,30.36,4.07,-57,9.75,
2026-09-11T10:32:34,2,1.638,31.00,28.2730,25.9,1.636,30.87,4.05,-57,9.75,
2026-09-11T10:32:35,2,1.630,30.42,28.2740,25.9,1.630,30.42,4.05,-57,10.00,
2026-09-11T10:32:36,2,1.612,28.94,28.2820,25.9,1.629,30.29,4.08,-57,9.75,
2026-09-11T10:32:37,2,1.636,30.87,28.2790,25.9,1.633,30.68,4.05,-57,9.75,
2026-09-11T10:32:38,2,1.612,28.94,28.2840,25.9,1.628,30.23,4.07,-57,10.50,
2026-09-11T10:32:39,2,1.614,29.13,28.2770,25.9,1.632,30.55,4.08,-57,10.00,
2026-09-11T10:32:40,2,1.633,30.61,28.2750,25.9,1.634,30.74,4.05,-57,9.50,
2026-09-11T10:32:41,2,1.608,28.68,28.2820,25.9,1.628,30.23,4.07,-57,10.25,
2026-09-11T10:32:42,2,1.628,30.23,28.2770,25.9,1.639,31.13,4.03,-57,9.25,
2026-09-11T10:32:44,2,1.632,30.55,28.2620,25.9,1.635,30.81,4.05,-57,9.75,
2026-09-11T10:32:45,2,1.610,28.81,28.2560,25.9,1.628,30.23,4.07,-57,10.00,
2026-09-11T10:32:46,2,1.634,30.74,28.2500,25.9,1.634,30.74,4.05,-57,10.00,
2026-09-11T10:32:47,2,1.610,28.81,28.2480,25.9,1.628,30.23,4.08,-57,10.25,
2026-09-11T10:32:48,2,1.609,28.74,28.2590,25.9,1.630,30.42,4.07,-56,10.25,
2026-09-11T10:32:49,2,1.635,30.81,28.2620,25.9,1.635,30.81,4.05,-57,10.00,
2026-09-11T10:32:50,2,1.611,28.87,28.2670,25.9,1.629,30.29,4.08,-57,9.75,
2026-09-11T10:32:51,2,1.639,31.13,28.2600,25.9,1.635,30.81,4.04,-57,10.50,
2026-09-11T10:32:52,2,1.633,30.68,28.2690,25.9,1.635,30.81,4.05,-57,10.00,
2026-09-11T10:32:53,2,1.612,28.94,28.2650,25.9,1.629,30.29,4.08,-57,10.00,
2026-09-11T10:32:54,2,1.633,30.68,28.2700,25.9,1.633,30.68,4.05,-57,9.75,
2026-09-11T10:32:56,2,1.609,28.74,28.2700,25.9,1.629,30.36,4.07,-57,10.25,
2026-09-11T10:32:57,2,1.611,28.87,28.2710,25.9,1.629,30.36,4.08,-57,9.75,
2026-09-11T10:32:58,2,1.633,30.68,28.2720,25.9,1.635,30.81,4.05,-57,10.25,
2026-09-11T10:32:59,2,1.610,28.81,28.2680,25.9,1.629,30.29,4.07,-57,10.00,
2026-09-11T10:33:00,2,1.642,31.39,28.2690,25.9,1.636,30.87,4.04,-57,10.25,
2026-09-11T10:33:01,2,1.633,30.61,28.2690,25.9,1.635,30.81,4.05,-57,10.00,
2026-09-11T10:33:02,2,1.612,28.94,28.2680,25.9,1.629,30.29,4.08,-57,9.75,
2026-09-11T10:33:03,2,1.638,31.00,28.2840,25.9,1.636,30.87,4.05,-56,10.00,
2026-09-11T10:33:04,2,1.610,28.81,28.2860,25.9,1.629,30.36,4.07,-57,10.00,
2026-09-11T10:33:05,2,1.609,28.74,28.2920,25.9,1.628,30.23,4.07,-57,10.25,
2026-09-11T10:33:10,2,1.635,30.81,28.2720,25.9,1.634,30.74,4.05,-52,7.25,
2026-09-11T10:33:11,2,1.612,28.94,28.2690,25.9,1.621,29.65,4.07,-53,5.50,
2026-09-11T10:33:12,2,1.637,30.94,28.2690,25.9,1.637,30.94,4.04,-52,5.00,
2026-09-11T10:33:13,2,1.609,28.74,28.2810,25.9,1.628,30.23,4.08,-52,8.25,
2026-09-11T10:33:14,2,1.611,28.87,28.2800,25.9,1.627,30.16,4.08,-58,9.50,
2026-09-11T10:33:15,2,1.633,30.68,28.2780,25.9,1.637,30.94,4.05,-58,9.50,
2026-09-11T10:33:16,2,1.612,28.94,28.2770,25.9,1.632,30.55,4.08,-57,10.00,
2026-09-11T10:33:17,2,1.641,31.26,28.2840,25.9,1.638,31.07,4.05,-58,9.25,
2026-09-11T10:33:19,2,1.633,30.68,28.2820,25.9,1.635,30.81,4.05,-58,11.00,
2026-09-11T10:33:20,2,1.611,28.87,28.2840,25.9,1.629,30.36,4.08,-58,9.75,
2026-09-11T10:33:21,2,1.635,30.81,28.2820,25.9,1.636,30.87,4.04,-58,9.75,
2026-09-11T10:33:22,2,1.612,28.94,28.2860,25.9,1.629,30.36,4.06,-56,9.50,
2026-09-11T10:33:23,2,1.611,28.87,28.2910,25.9,1.627,30.16,4.07,-57,10.25,
2026-09-11T10:33:24,2,1.624,29.90,28.2860,25.9,1.633,30.68,4.05,-57,9.75,
2026-09-11T10:33:25,2,1.610,28.81,28.2920,25.9,1.628,30.23,4.07,-58,10.00,
2026-09-11T10:33:26,2,1.638,31.07,28.2990,25.9,1.633,30.61,4.06,-58,9.75,
2026-09-11T10:33:27,2,1.629,30.29,28.3090,25.9,1.631,30.48,4.05,-59,9.75,
2026-09-11T10:33:28,2,1.611,28.87,28.3130,25.9,1.628,30.23,4.07,-58,9.75,
2026-09-11T10:33:29,2,1.637,30.94,28.3190,25.9,1.638,31.07,4.05,-58,9.50,
2026-09-11T10:33:31,2,1.613,29.07,28.3200,25.9,1.633,30.61,4.05,-58,9.25,
2026-09-11T10:33:32,2,1.613,29.07,28.3180,25.9,1.629,30.36,4.06,-58,9.50,
2026-09-11T10:33:33,2,1.634,30.74,28.3160,25.9,1.634,30.74,4.05,-58,10.50,
2026-09-11T10:33:34,2,1.612,28.94,28.3050,25.9,1.628,30.23,4.07,-58,10.00,
2026-09-11T10:33:35,2,1.610,28.81,28.2990,25.9,1.628,30.23,4.06,-58,10.25,
2026-09-11T10:33:36,2,1.635,30.81,28.2950,25.9,1.637,30.94,4.05,-58,9.50,
2026-09-11T10:33:37,2,1.610,28.81,28.2920,25.9,1.627,30.16,4.08,-58,9.75,
2026-09-11T10:33:38,2,1.636,30.87,28.2980,25.9,1.636,30.87,4.04,-57,10.75,
2026-09-11T10:33:39,2,1.633,30.61,28.2920,25.9,1.632,30.55,4.04,-58,10.00,
2026-09-11T10:33:40,2,1.612,28.94,28.2820,25.9,1.628,30.23,4.08,-58,9.50,
2026-09-11T10:33:42,2,1.633,30.68,28.2790,25.9,1.634,30.74,4.05,-58,9.75,
2026-09-11T10:33:43,2,1.610,28.81,28.2690,25.9,1.626,30.10,4.08,-58,9.75,
2026-09-11T10:33:44,2,1.613,29.00,28.2670,25.9,1.627,30.16,4.07,-58,10.00,
2026-09-11T10:33:45,2,1.635,30.81,28.2650,25.9,1.634,30.74,4.05,-58,10.00,
2026-09-11T10:33:46,2,1.613,29.00,28.2590,25.9,1.628,30.23,4.08,-57,9.75,
2026-09-11T10:33:47,2,1.637,30.94,28.2560,25.9,1.635,30.81,4.05,-57,10.00,
2026-09-11T10:33:48,2,1.632,30.55,28.2550,25.9,1.636,30.87,4.05,-57,10.00,
2026-09-11T10:33:49,2,1.610,28.81,28.2510,25.9,1.633,30.61,4.08,-57,10.00,
2026-09-11T10:33:55,2,1.611,28.87,28.2570,25.9,1.629,30.29,4.08,-52,6.50,
2026-09-11T10:33:56,2,1.639,31.13,28.2620,25.9,1.633,30.68,4.04,-52,6.25,
2026-09-11T10:33:57,2,1.633,30.68,28.2610,25.9,1.634,30.74,4.05,-52,6.50,
2026-09-11T10:33:58,2,1.611,28.87,28.2610,25.9,1.632,30.55,4.07,-57,9.75,
2026-09-11T10:33:59,2,1.635,30.81,28.2620,25.9,1.637,30.94,4.03,-58,9.50,
2026-09-11T10:34:00,2,1.613,29.00,28.2690,25.9,1.629,30.36,4.07,-57,10.50,
2026-09-11T10:34:01,2,1.613,29.00,28.2730,25.9,1.629,30.29,4.08,-57,9.75,
2026-09-11T10:34:02,2,1.634,30.74,28.2830,25.9,1.637,30.94,4.05,-58,9.75,
2026-09-11T10:34:03,2,1.612,28.94,28.2860,25.9,1.629,30.36,4.07,-57,10.50,
2026-09-11T10:34:04,2,1.640,31.19,28.2940,25.9,1.634,30.74,4.04,-57,10.00,
2026-09-11T10:34:06,2,1.635,30.81,28.2950,25.9,1.636,30.87,4.05,-57,9.75,
2026-09-11T10:34:07,2,1.612,28.94,28.3050,25.9,1.629,30.29,4.07,-57,10.25,
2026-09-11T10:34:08,2,1.635,30.81,28.3020,25.9,1.634,30.74,4.04,-57,10.25,
2026-09-11T10:34:09,2,1.612,28.94,28.2960,25.9,1.628,30.23,4.08,-58,9.75,
2026-09-11T10:34:10,2,1.613,29.00,28.2940,25.9,1.628,30.23,4.08,-58,10.00,
2026-09-11T10:34:11,2,1.636,30.87,28.2970,25.9,1.636,30.87,4.05,-58,9.75,
2026-09-11T10:34:12,2,1.610,28.81,28.2990,25.9,1.629,30.29,4.08,-58,9.25,
2026-09-11T10:34:13,2,1.642,31.39,28.3040,25.9,1.640,31.19,4.04,-58,10.00,
2026-09-11T10:34:14,2,1.633,30.68,28.3100,25.9,1.636,30.87,4.05,-58,10.00,
2026-09-11T10:34:15,2,1.610,28.81,28.3080,25.9,1.629,30.36,4.08,-58,9.50,
2026-09-11T10:34:16,2,1.636,30.87,28.3110,25.9,1.627,30.16,4.04,-56,9.75,
2026-09-11T10:34:18,2,1.611,28.87,28.3080,25.9,1.629,30.29,4.08,-58,10.00,
2026-09-11T10:34:19,2,1.615,29.20,28.3020,25.9,1.629,30.36,4.07,-56,10.25,
2026-09-11T10:34:20,2,1.633,30.68,28.3060,25.9,1.641,31.26,4.05,-58,10.50,
2026-09-11T10:34:21,2,1.612,28.94,28.3070,25.9,1.627,30.16,4.07,-58,10.50,
2026-09-11T10:34:22,2,1.641,31.26,28.3080,25.9,1.633,30.61,4.04,-57,10.25,
2026-09-11T10:34:23,2,1.635,30.81,28.3020,25.9,1.635,30.81,4.05,-57,10.25,
2026-09-11T10:34:24,2,1.612,28.94,28.3020,25.9,1.628,30.23,4.08,-57,9.75,
2026-09-11T10:34:25,2,1.638,31.00,28.2980,25.9,1.634,30.74,4.04,-57,10.00,
2026-09-11T10:34:26,2,1.612,28.94,28.2940,25.9,1.629,30.29,4.08,-57,10.00,
2026-09-11T10:34:27,2,1.608,28.68,28.2990,25.9,1.628,30.23,4.07,-56,10.50,
2026-09-11T10:34:29,2,1.636,30.87,28.3010,25.9,1.639,31.13,4.05,-57,10.25,
2026-09-11T10:34:30,2,1.612,28.94,28.3030,25.9,1.625,30.03,4.07,-57,10.25,
2026-09-11T10:34:31,2,1.642,31.32,28.3040,25.9,1.635,30.81,4.05,-57,9.75,
2026-09-11T10:34:32,2,1.634,30.74,28.3020,25.9,1.635,30.81,4.05,-57,9.75,
2026-09-11T10:34:33,2,1.611,28.87,28.2980,25.9,1.629,30.29,4.08,-58,9.75,
2026-09-11T10:34:34,2,1.637,30.94,28.2930,25.9,1.637,30.94,4.05,-58,9.50,
2026-09-11T10:34:39,2,1.615,29.20,28.2960,25.9,1.634,30.74,4.06,-53,5.50,
2026-09-11T10:34:41,2,1.635,30.81,28.2990,25.9,1.636,30.87,4.05,-53,5.25,
2026-09-11T10:34:42,2,1.612,28.94,28.2910,25.9,1.630,30.42,4.08,-53,6.25,
2026-09-11T10:34:43,2,1.638,31.07,28.2910,25.9,1.636,30.87,4.04,-59,9.75,
2026-09-11T10:34:44,2,1.631,30.48,28.2920,25.9,1.631,30.48,4.06,-59,9.50,
2026-09-11T10:34:45,2,1.611,28.87,28.2900,25.9,1.628,30.23,4.07,-58,10.50,
2026-09-11T10:34:46,2,1.633,30.61,28.2860,25.9,1.636,30.87,4.05,-58,10.00,
2026-09-11T10:34:47,2,1.607,28.55,28.2820,25.9,1.628,30.23,4.07,-57,10.50,
2026-09-11T10:34:48,2,1.614,29.13,28.2780,25.9,1.635,30.81,4.06,-58,10.00,
2026-09-11T10:34:49,2,1.634,30.74,28.2760,25.9,1.634,30.74,4.05,-58,10.50,
2026-09-11T10:34:50,2,1.608,28.68,28.2710,25.9,1.631,30.48,4.07,-57,10.00,
2026-09-11T10:34:51,2,1.639,31.13,28.2670,25.9,1.633,30.68,4.04,-57,10.00,
2026-09-11T10:34:53,2,1.632,30.55,28.2590,25.9,1.629,30.36,4.06,-57,10.25,
2026-09-11T10:34:54,2,1.607,28.55,28.2500,25.9,1.629,30.36,4.07,-58,10.25,
2026-09-11T10:34:55,2,1.633,30.61,28.2540,25.9,1.636,30.87,4.05,-57,12.00,
2026-09-11T10:34:56,2,1.610,28.81,28.2510,25.9,1.627,30.16,4.07,-57,10.50,
2026-09-11T10:34:57,2,1.614,29.13,28.2520,25.9,1.636,30.87,4.06,-58,9.75,
2026-09-11T10:34:58,2,1.633,30.61,28.2570,25.9,1.633,30.61,4.05,-58,10.00,
2026-09-11T10:34:59,2,1.613,29.00,28.2540,25.9,1.641,31.26,4.07,-58,10.00,
2026-09-11T10:35:00,2,1.635,30.81,28.2540,25.9,1.634,30.74,4.04,-58,10.00,
2026-09-11T10:35:01,2,1.631,30.48,28.2600,25.9,1.631,30.48,4.06,-58,9.75,
2026-09-11T10:35:02,2,1.609,28.74,28.2590,25.9,1.626,30.10,4.08,-58,10.25,
2026-09-11T10:35:03,2,1.638,31.00,28.2590,25.9,1.634,30.74,4.05,-58,9.75,
2026-09-11T10:35:05,2,1.609,28.74,28.2640,25.9,1.630,30.42,4.07,-57,10.00,
2026-09-11T10:35:06,2,1.611,28.87,28.2640,25.9,1.631,30.48,4.07,-57,10.25,
2026-09-11T10:35:07,2,1.633,30.61,28.2640,25.9,1.636,30.87,4.05,-57,9.50,
2026-09-11T10:35:08,2,1.609,28.74,28.2660,25.9,1.626,30.10,4.07,-57,10.25,
2026-09-11T10:35:09,2,1.639,31.13,28.2720,25.9,1.634,30.74,4.04,-56,10.00,
2026-09-11T10:35:10,2,1.633,30.61,28.2810,25.9,1.632,30.55,4.05,-58,9.50,
2026-09-11T10:35:11,2,1.613,29.00,28.2950,25.9,1.628,30.23,4.08,-56,9.75,
2026-09-11T10:35:12,2,1.635,30.81,28.3070,25.9,1.633,30.68,4.04,-58,10.50,
2026-09-11T10:35:13,2,1.612,28.94,28.3140,25.9,1.631,30.48,4.07,-57,10.25,
2026-09-11T10:35:14,2,1.613,29.00,28.3100,25.9,1.631,30.48,4.07,-58,10.00,
2026-09-11T10:35:16,2,1.634,30.74,28.3160,25.9,1.635,30.81,4.05,-58,9.50,
2026-09-11T10:35:17,2,1.611,28.87,28.3200,25.9,1.630,30.42,4.07,-58,10.25,
2026-09-11T10:35:18,2,1.639,31.13,28.3220,25.9,1.633,30.68,4.04,-58,9.75,
2026-09-11T10:35:19,2,1.646,31.71,28.3160,25.9,1.631,30.48,4.05,-58,9.75,
2026-09-11T10:35:24,2,1.635,30.81,28.3020,25.9,1.636,30.87,4.04,-52,7.25,
2026-09-11T10:35:25,2,1.610,28.81,28.3020,25.9,1.634,30.74,4.07,-52,6.25,
2026-09-11T10:35:26,2,1.641,31.26,28.2980,25.9,1.636,30.87,4.04,-55,7.25,
2026-09-11T10:35:28,2,1.633,30.68,28.3000,25.9,1.634,30.74,4.05,-60,9.50,
2026-09-11T10:35:29,2,1.612,28.94,28.3010,25.9,1.627,30.16,4.07,-59,10.25,
2026-09-11T10:35:30,2,1.638,31.00,28.3010,25.9,1.634,30.74,4.05,-60,9.25,
2026-09-11T10:35:31,2,1.609,28.74,28.2980,25.9,1.628,30.23,4.07,-60,10.25,
2026-09-11T10:35:32,2,1.611,28.87,28.2930,25.9,1.631,30.48,4.07,-60,10.00,
2026-09-11T10:35:33,2,1.633,30.61,28.2890,25.9,1.636,30.87,4.05,-59,9.50,
2026-09-11T10:35:34,2,1.609,28.74,28.2830,25.9,1.626,30.10,4.07,-60,10.00,
2026-09-11T10:35:36,2,1.631,30.48,28.2790,25.9,1.635,30.81,4.05,-59,9.75,
2026-09-11T10:35:37,2,1.610,28.81,28.2780,25.9,1.637,30.94,4.07,-59,10.00,
2026-09-11T10:35:38,2,1.636,30.87,28.2750,25.9,1.633,30.68,4.05,-59,10.00,
2026-09-11T10:35:40,2,1.611,28.87,28.2730,25.9,1.627,30.16,4.07,-57,10.50,
2026-09-11T10:35:41,2,1.612,28.94,28.2740,25.9,1.629,30.36,4.08,-58,9.75,
2026-09-11T10:35:42,2,1.633,30.61,28.2810,25.9,1.633,30.61,4.05,-59,9.75,
2026-09-11T10:35:43,2,1.609,28.74,28.2790,25.9,1.629,30.29,4.07,-59,10.00,
2026-09-11T10:35:44,2,1.629,30.29,28.2850,25.9,1.636,30.87,4.06,-59,9.75,
2026-09-11T10:35:45,2,1.634,30.74,28.3030,25.9,1.637,30.94,4.05,-59,9.00,
2026-09-11T10:35:46,2,1.609,28.74,28.3080,25.9,1.628,30.23,4.08,-59,9.50,
2026-09-11T10:35:47,2,1.639,31.13,28.3090,25.9,1.636,30.87,4.04,-59,9.50,
2026-09-11T10:35:48,2,1.632,30.55,28.3030,25.9,1.630,30.42,4.06,-59,9.25,
2026-09-11T10:35:49,2,1.612,28.94,28.2950,25.9,1.629,30.29,4.07,-58,9.75,
2026-09-11T10:35:51,2,1.634,30.74,28.2890,25.9,1.634,30.74,4.05,-59,12.00,
2026-09-11T10:35:52,2,1.611,28.87,28.2890,25.9,1.629,30.29,4.07,-59,10.50,
2026-09-11T10:35:53,2,1.616,29.26,28.2870,25.9,1.631,30.48,4.05,-59,9.50,
2026-09-11T10:35:54,2,1.634,30.74,28.2970,25.9,1.634,30.74,4.05,-59,10.50,
2026-09-11T10:35:55,2,1.611,28.87,28.3060,25.9,1.629,30.36,4.08,-59,9.75,
2026-09-11T10:35:57,2,1.632,30.55,28.3080,25.9,1.633,30.68,4.06,-59,9.50,
2026-09-11T10:35:58,2,1.613,29.07,28.3130,25.9,1.630,30.42,4.07,-59,10.00,
2026-09-11T10:35:59,2,1.634,30.74,28.3230,25.9,1.633,30.61,4.05,-58,9.25,
2026-09-11T10:36:00,2,1.611,28.87,28.3210,25.9,1.629,30.29,4.08,-59,9.75,
2026-09-11T10:36:01,2,1.613,29.07,28.3180,25.9,1.633,30.61,4.06,-59,9.50,
2026-09-11T10:36:03,2,1.639,31.13,28.3250,25.9,1.636,30.87,4.05,-59,9.75,
2026-09-11T10:36:04,2,1.612,28.94,28.3200,25.9,1.629,30.36,4.07,-59,10.00,
2026-09-11T10:36:08,2,1.638,31.00,28.3090,25.9,1.634,30.74,4.05,-54,6.25,
2026-09-11T10:36:09,2,1.612,28.94,28.3130,25.9,1.631,30.48,4.07,-54,6.50,
2026-09-11T10:36:10,2,1.616,29.26,28.3190,25.9,1.633,30.68,4.06,-54,6.25,
2026-09-11T10:36:11,2,1.637,30.94,28.3210,25.9,1.635,30.81,4.05,-54,8.50,
2026-09-11T10:36:12,2,1.613,29.00,28.3250,25.9,1.629,30.36,4.07,-59,9.50,
2026-09-11T10:36:13,2,1.638,31.07,28.3200,25.9,1.638,31.07,4.04,-60,9.75,
2026-09-11T10:36:15,2,1.632,30.55,28.3130,25.9,1.631,30.48,4.06,-59,9.25,
2026-09-11T10:36:16,2,1.610,28.81,28.3100,25.9,1.629,30.36,4.07,-59,9.50,
2026-09-11T10:36:17,2,1.636,30.87,28.3030,25.9,1.634,30.74,4.04,-59,9.75,
2026-09-11T10:36:18,2,1.611,28.87,28.3000,25.9,1.633,30.61,4.08,-59,9.25,
2026-09-11T10:36:19,2,1.614,29.13,28.2990,25.9,1.633,30.68,4.06,-59,9.25,
2026-09-11T10:36:20,2,1.635,30.81,28.2940,25.9,1.636,30.87,4.05,-59,9.75,
2026-09-11T10:36:21,2,1.612,28.94,28.3000,25.9,1.629,30.29,4.08,-59,9.50,
2026-09-11T10:36:22,2,1.642,31.32,28.2920,25.9,1.631,30.48,4.04,-59,9.75,
2026-09-11T10:36:23,2,1.632,30.55,28.2940,25.9,1.630,30.42,4.06,-59,9.75,
2026-09-11T10:36:24,2,1.610,28.81,28.2940,25.9,1.628,30.23,4.08,-59,9.50,
2026-09-11T10:36:25,2,1.632,30.55,28.2910,25.9,1.635,30.81,4.04,-59,9.75,
2026-09-11T10:36:27,2,1.612,28.94,28.2950,25.9,1.629,30.29,4.07,-59,10.00,
2026-09-11T10:36:28,2,1.613,29.00,28.2900,25.9,1.633,30.68,4.06,-59,9.50,
2026-09-11T10:36:29,2,1.633,30.68,28.2880,25.9,1.635,30.81,4.05,-57,10.50,
2026-09-11T10:36:30,2,1.612,28.94,28.2820,25.9,1.626,30.10,4.07,-58,10.50,
2026-09-11T10:36:31,2,1.642,31.39,28.2820,25.9,1.635,30.81,4.04,-58,10.25,
2026-09-11T10:36:32,2,1.630,30.42,28.2790,25.9,1.629,30.36,4.07,-58,10.00,
2026-09-11T10:36:33,2,1.610,28.81,28.2760,25.9,1.630,30.42,4.07,-58,10.00,
2026-09-11T10:36:34,2,1.638,31.00,28.2760,25.9,1.636,30.87,4.05,-59,9.75,
2026-09-11T10:36:35,2,1.611,28.87,28.2740,25.9,1.627,30.16,4.07,-58,10.00,
2026-09-11T10:36:36,2,1.615,29.20,28.2850,25.9,1.635,30.81,4.06,-59,9.75,
2026-09-11T10:36:38,2,1.634,30.74,28.2850,25.9,1.634,30.74,4.05,-59,9.25,
2026-09-11T10:36:39,2,1.608,28.62,28.2820,25.9,1.630,30.42,4.07,-59,10.25,
2026-09-11T10:36:40,2,1.613,29.00,28.2830,25.9,1.632,30.55,4.06,-58,9.75,
2026-09-11T10:36:41,2,1.633,30.68,28.2800,25.9,1.631,30.48,4.06,-59,9.75,
2026-09-11T10:36:42,2,1.613,29.00,28.2790,25.9,1.636,30.87,4.08,-59,9.75,
2026-09-11T10:36:43,2,1.638,31.07,28.2830,25.9,1.636,30.87,4.05,-59,9.25,
2026-09-11T10:36:44,2,1.633,30.61,28.2820,25.9,1.630,30.42,4.06,-59,9.75,
2026-09-11T10:36:45,2,1.616,29.26,28.2820,25.9,1.632,30.55,4.06,-59,9.50,
2026-09-11T10:36:46,2,1.633,30.61,28.2870,25.9,1.637,30.94,4.04,-59,10.00,
2026-09-11T10:36:47,2,1.611,28.87,28.2920,25.9,1.629,30.29,4.07,-59,9.75,
2026-09-11T10:36:53,2,1.630,30.42,28.2930,25.9,1.629,30.36,4.06,-53,6.00,
2026-09-11T10:36:54,2,1.615,29.20,28.2920,25.9,1.634,30.74,4.06,-53,6.00,
2026-09-11T10:36:55,2,1.637,30.94,28.2950,25.9,1.634,30.74,4.04,-53,6.25,
2026-09-11T10:36:56,2,1.611,28.87,28.2880,25.9,1.629,30.36,4.07,-59,10.25,
2026-09-11T10:36:57,2,1.615,29.20,28.2910,25.9,1.635,30.81,4.06,-59,9.50,
2026-09-11T10:36:58,2,1.630,30.42,28.2960,25.9,1.631,30.48,4.06,-60,9.75,
2026-09-11T10:36:59,2,1.612,28.94,28.2940,25.9,1.630,30.42,4.07,-57,10.00,
2026-09-11T10:37:00,2,1.638,31.07,28.3080,25.9,1.636,30.87,4.04,-56,10.25,
2026-09-11T10:37:02,2,1.631,30.48,28.3050,25.9,1.632,30.55,4.06,-54,9.50,
2026-09-11T10:37:03,2,1.614,29.13,28.3100,25.9,1.633,30.61,4.06,-54,9.50,
2026-09-11T10:37:04,2,1.637,30.94,28.3100,25.9,1.633,30.68,4.04,-54,9.75,
2026-09-11T10:37:05,2,1.613,29.00,28.3150,25.9,1.629,30.29,4.07,-55,10.00,
2026-09-11T10:37:06,2,1.616,29.26,28.3180,25.9,1.632,30.55,4.06,-53,10.00,
2026-09-11T10:37:07,2,1.633,30.68,28.3150,25.9,1.633,30.61,4.06,-53,9.25,
2026-09-11T10:37:08,2,1.613,29.00,28.3150,25.9,1.629,30.29,4.08,-56,9.75,
2026-09-11T10:37:09,2,1.641,31.26,28.3120,25.9,1.637,30.94,4.04,-54,10.25,
2026-09-11T10:37:10,2,1.631,30.48,28.3150,25.9,1.632,30.55,4.06,-52,9.50,
2026-09-11T10:37:11,2,1.617,29.32,28.3270,25.9,1.633,30.68,4.05,-52,9.75,
2026-09-11T10:37:12,2,1.638,31.00,28.3200,25.9,1.633,30.68,4.05,-52,9.75,
2026-09-11T10:37:14,2,1.610,28.81,28.3230,25.9,1.633,30.61,4.07,-52,10.00,
2026-09-11T10:37:15,2,1.613,29.07,28.3220,25.9,1.633,30.68,4.06,-52,9.75,
2026-09-11T10:37:16,2,1.632,30.55,28.3220,25.9,1.631,30.48,4.06,-52,10.00,
2026-09-11T10:37:17,2,1.612,28.94,28.3290,25.9,1.630,30.42,4.07,-53,9.75,
2026-09-11T10:37:18,2,1.641,31.26,28.3290,25.9,1.635,30.81,4.04,-53,10.00,
2026-09-11T10:37:19,2,1.631,30.48,28.3260,25.9,1.632,30.55,4.06,-53,9.25,
2026-09-11T10:37:20,2,1.617,29.39,28.3150,25.9,1.633,30.68,4.06,-53,9.50,
2026-09-11T10:37:21,2,1.638,31.00,28.3160,25.9,1.634,30.74,4.05,-53,9.75,
2026-09-11T10:37:22,2,1.611,28.87,28.3100,25.9,1.625,29.97,4.07,-53,10.00,
2026-09-11T10:37:23,2,1.613,29.07,28.3120,25.9,1.632,30.55,4.06,-53,9.75,
2026-09-11T10:37:25,2,1.633,30.61,28.3080,25.9,1.631,30.48,4.06,-52,9.75,
2026-09-11T10:37:26,2,1.612,28.94,28.3000,25.9,1.630,30.42,4.07,-52,10.75,
2026-09-11T10:37:27,2,1.643,31.45,28.2950,25.9,1.636,30.87,4.04,-53,10.25,
2026-09-11T10:37:28,2,1.631,30.48,28.3030,25.9,1.633,30.61,4.06,-52,9.75,
2026-09-11T10:37:29,2,1.611,28.87,28.3000,25.9,1.637,30.94,4.08,-52,11.00,
2026-09-11T10:37:30,2,1.638,31.00,28.2990,25.9,1.637,30.94,4.03,-52,10.00,
2026-09-11T10:37:31,2,1.608,28.68,28.2880,25.9,1.627,30.16,4.07,-53,10.25,
2026-09-11T10:37:32,2,1.625,29.97,28.2860,25.9,1.632,30.55,4.06,-53,9.75,
2026-09-11T10:37:38,2,1.611,28.87,28.2830,25.9,1.630,30.42,4.07,-46,6.50,
2026-09-11T10:37:39,2,1.637,30.94,28.2840,25.9,1.637,30.94,4.05,-46,6.25,
2026-09-11T10:37:40,2,1.611,28.87,28.2780,25.9,1.631,30.48,4.07,-47,6.25,
2026-09-11T10:37:41,2,1.613,29.07,28.2820,25.9,1.632,30.55,4.06,-52,9.75,
2026-09-11T10:37:42,2,1.635,30.81,28.2850,25.9,1.634,30.74,4.05,-53,10.00,
2026-09-11T10:37:43,2,1.611,28.87,28.2850,25.9,1.627,30.16,4.07,-53,9.75,
2026-09-11T10:37:44,2,1.614,29.13,28.2860,25.9,1.635,30.81,4.06,-53,9.75,
2026-09-11T10:37:45,2,1.633,30.61,28.2920,25.9,1.629,30.36,4.06,-53,9.50,
2026-09-11T10:37:46,2,1.611,28.87,28.2950,25.9,1.631,30.48,4.07,-53,9.75,
2026-09-11T10:37:47,2,1.637,30.94,28.2960,25.9,1.633,30.68,4.04,-53,9.25,
2026-09-11T10:37:49,2,1.630,30.42,28.2950,25.9,1.632,30.55,4.06,-52,9.75,
2026-09-11T10:37:50,2,1.615,29.20,28.2950,25.9,1.632,30.55,4.06,-53,10.00,
2026-09-11T10:37:51,2,1.634,30.74,28.2890,25.9,1.635,30.81,4.05,-52,9.75,
2026-09-11T10:37:52,2,1.609,28.74,28.2950,25.9,1.629,30.36,4.08,-52,9.50,
2026-09-11T10:37:53,2,1.614,29.13,28.2950,25.9,1.632,30.55,4.06,-52,9.75,
2026-09-11T10:37:54,2,1.630,30.42,28.2870,25.9,1.632,30.55,4.06,-52,9.75,
2026-09-11T10:37:55,2,1.612,28.94,28.2830,25.9,1.631,30.48,4.07,-52,10.00,
2026-09-11T10:37:56,2,1.641,31.26,28.2820,25.9,1.635,30.81,4.05,-53,9.75,
2026-09-11T10:37:57,2,1.630,30.42,28.2870,25.9,1.629,30.29,4.06,-52,9.75,
2026-09-11T10:37:58,2,1.613,29.07,28.2860,25.9,1.634,30.74,4.06,-52,9.75,
2026-09-11T10:38:00,2,1.636,30.87,28.2870,25.9,1.633,30.68,4.05,-51,10.00,
2026-09-11T10:38:01,2,1.610,28.81,28.2790,25.9,1.628,30.23,4.08,-52,9.50,
2026-09-11T10:38:02,2,1.614,29.13,28.2780,25.9,1.632,30.55,4.06,-52,9.50,
2026-09-11T10:38:03,2,1.630,30.42,28.2750,25.9,1.630,30.42,4.06,-52,9.75,
2026-09-11T10:38:04,2,1.609,28.74,28.2660,25.9,1.629,30.29,4.07,-52,10.25,
2026-09-11T10:38:05,2,1.638,31.00,28.2590,25.9,1.636,30.87,4.05,-52,9.50,
2026-09-11T10:38:06,2,1.634,30.74,28.2600,25.9,1.631,30.48,4.06,-53,10.25,
2026-09-11T10:38:07,2,1.615,29.20,28.2560,25.9,1.633,30.61,4.05,-52,10.00,
2026-09-11T10:38:08,2,1.639,31.13,28.2620,25.9,1.635,30.81,4.05,-53,11.00,
2026-09-11T10:38:09,2,1.610,28.81,28.2620,25.9,1.629,30.36,4.07,-54,10.00,
2026-09-11T10:38:10,2,1.613,29.07,28.2690,25.9,1.636,30.87,4.06,-51,10.25,
2026-09-11T10:38:12,2,1.630,30.42,28.2690,25.9,1.632,30.55,4.06,-53,9.25,
2026-09-11T10:38:13,2,1.609,28.74,28.2720,25.9,1.629,30.36,4.07,-53,10.00,
2026-09-11T10:38:14,2,1.638,31.00,28.2680,25.9,1.633,30.68,4.04,-53,10.00,
2026-09-11T10:38:15,2,1.630,30.42,28.2700,25.9,1.634,30.74,4.06,-53,9.50,
2026-09-11T10:38:16,2,1.613,29.00,28.2740,25.9,1.630,30.42,4.06,-53,12.50,
2026-09-11T10:38:17,2,1.635,30.81,28.2720,25.9,1.639,31.13,4.05,-53,9.75,
2026-09-11T10:38:22,2,1.642,31.32,28.2870,25.9,1.636,30.87,4.04,-48,5.75,
2026-09-11T10:38:24,2,1.632,30.55,28.2910,25.9,1.630,30.42,4.06,-48,5.75,
2026-09-11T10:38:25,2,1.614,29.13,28.3030,25.9,1.633,30.61,4.06,-47,6.50,
2026-09-11T10:38:26,2,1.636,30.87,28.3060,25.9,1.634,30.74,4.04,-53,9.75,
2026-09-11T10:38:27,2,1.610,28.81,28.2980,25.9,1.627,30.16,4.07,-53,9.75,
2026-09-11T10:38:28,2,1.617,29.39,28.2980,25.9,1.633,30.61,4.06,-55,9.75,
2026-09-11T10:38:29,2,1.633,30.61,28.3010,25.9,1.631,30.48,4.06,-54,9.75,
2026-09-11T10:38:30,2,1.612,28.94,28.2910,25.9,1.629,30.29,4.07,-54,10.25,
2026-09-11T10:38:31,2,1.641,31.26,28.2890,25.9,1.638,31.07,4.04,-54,10.00,
2026-09-11T10:38:32,2,1.629,30.29,28.2870,25.9,1.629,30.36,4.06,-55,10.00,
2026-09-11T10:38:33,2,1.615,29.20,28.2970,25.9,1.635,30.81,4.06,-54,9.75,
2026-09-11T10:38:34,2,1.635,30.81,28.3000,25.9,1.634,30.74,4.05,-55,10.00,
2026-09-11T10:38:36,2,1.610,28.81,28.2980,25.9,1.627,30.16,4.07,-54,10.00,
2026-09-11T10:38:37,2,1.613,29.07,28.3020,25.9,1.623,29.84,4.06,-54,9.75,
2026-09-11T10:38:38,2,1.633,30.68,28.3090,25.9,1.630,30.42,4.06,-54,10.00,
2026-09-11T10:38:39,2,1.610,28.81,28.3150,25.9,1.626,30.10,4.07,-54,10.50,
2026-09-11T10:38:40,2,1.614,29.13,28.3130,25.9,1.633,30.68,4.06,-54,9.75,
2026-09-11T10:38:41,2,1.642,31.39,28.3150,25.9,1.634,30.74,4.06,-54,10.00,
2026-09-11T10:38:42,2,1.616,29.26,28.3190,25.9,1.633,30.68,4.05,-55,9.75,
2026-09-11T10:38:43,2,1.640,31.19,28.3170,25.9,1.634,30.74,4.04,-55,9.75,
2026-09-11T10:38:44,2,1.629,30.36,28.3150,25.9,1.630,30.42,4.05,-55,9.75,
2026-09-11T10:38:45,2,1.616,29.26,28.3140,25.9,1.633,30.61,4.06,-55,9.50,
2026-09-11T10:38:47,2,1.635,30.81,28.3180,25.9,1.630,30.42,4.06,-54,9.75,
2026-09-11T10:38:48,2,1.611,28.87,28.3180,25.9,1.628,30.23,4.07,-55,10.00,
2026-09-11T10:38:49,2,1.613,29.07,28.3210,25.9,1.630,30.42,4.06,-55,9.75,
2026-09-11T10:38:50,2,1.633,30.61,28.3260,25.9,1.629,30.36,4.06,-55,9.75,
2026-09-11T10:38:51,2,1.616,29.26,28.3320,25.9,1.633,30.68,4.06,-55,9.75,
2026-09-11T10:38:52,2,1.635,30.81,28.3350,25.9,1.635,30.81,4.04,-55,10.00,
2026-09-11T10:38:53,2,1.632,30.55,28.3280,25.9,1.629,30.36,4.06,-55,9.75,
2026-09-11T10:38:54,2,1.615,29.20,28.3290,25.9,1.633,30.68,4.06,-55,9.75,
2026-09-11T10:38:55,2,1.633,30.68,28.3330,25.9,1.629,30.36,4.06,-55,10.00,
2026-09-11T10:38:56,2,1.609,28.74,28.3220,25.9,1.630,30.42,4.07,-55,10.00,
2026-09-11T10:38:57,2,1.613,29.07,28.3210,25.9,1.633,30.61,4.06,-55,9.75,
2026-09-11T10:38:59,2,1.632,30.55,28.3140,25.9,1.633,30.61,4.06,-55,9.75,
2026-09-11T10:39:00,2,1.612,28.94,28.3220,25.9,1.634,30.74,4.07,-55,10.00,
2026-09-11T10:39:01,2,1.637,30.94,28.3130,25.9,1.634,30.74,4.04,-55,10.25,
2026-09-11T10:39:02,2,1.630,30.42,28.3190,25.9,1.631,30.48,4.06,-55,9.50,
2026-09-11T10:39:06,2,1.614,29.13,28.3250,25.9,1.632,30.55,4.06,-49,5.25,
2026-09-11T10:39:07,2,1.633,30.61,28.3290,25.9,1.631,30.48,4.06,-49,6.00,
2026-09-11T10:39:08,2,1.614,29.13,28.3170,25.9,1.629,30.36,4.07,-49,6.00,
2026-09-11T10:39:09,2,1.638,31.07,28.3120,25.9,1.632,30.55,4.04,-48,7.75,
2026-09-11T10:39:11,2,1.632,30.55,28.3140,25.9,1.631,30.48,4.06,-54,10.00,
2026-09-11T10:39:12,2,1.614,29.13,28.3110,25.9,1.632,30.55,4.06,-55,9.75,
2026-09-11T10:39:13,2,1.635,30.81,28.3160,25.9,1.637,30.94,4.04,-53,10.25,
2026-09-11T10:39:14,2,1.613,29.00,28.3190,25.9,1.631,30.48,4.07,-53,10.25,
2026-09-11T10:39:15,2,1.614,29.13,28.3230,25.9,1.633,30.68,4.06,-54,9.25,
2026-09-11T10:39:16,2,1.627,30.16,28.3230,25.9,1.642,31.32,4.05,-53,9.25,
2026-09-11T10:39:17,2,1.611,28.87,28.3210,25.9,1.629,30.36,4.08,-53,9.75,
2026-09-11T10:39:18,2,1.642,31.39,28.3180,25.9,1.634,30.74,4.04,-54,10.25,
2026-09-11T10:39:19,2,1.630,30.42,28.3100,25.9,1.633,30.68,4.06,-54,9.75,
2026-09-11T10:39:20,2,1.613,29.00,28.3240,25.9,1.633,30.61,4.06,-54,9.75,
2026-09-11T10:39:21,2,1.638,31.00,28.3170,25.9,1.634,30.74,4.05,-54,9.75,
2026-09-11T10:39:23,2,1.613,29.07,28.3190,25.9,1.625,30.03,4.07,-54,10.25,
2026-09-11T10:39:24,2,1.612,28.94,28.3140,25.9,1.633,30.61,4.06,-53,9.50,
2026-09-11T10:39:25,2,1.631,30.48,28.3110,25.9,1.630,30.42,4.06,-53,9.75,
2026-09-11T10:39:26,2,1.610,28.81,28.3200,25.9,1.630,30.42,4.08,-54,9.50,
2026-09-11T10:39:27,2,1.641,31.26,28.3140,25.9,1.634,30.74,4.04,-54,10.25,
2026-09-11T10:39:28,2,1.633,30.61,28.3230,25.9,1.632,30.55,4.06,-55,10.00,
2026-09-11T10:39:29,2,1.615,29.20,28.3250,25.9,1.629,30.36,4.06,-54,9.50,
2026-09-11T10:39:30,2,1.638,31.07,28.3190,25.9,1.636,30.87,4.04,-54,10.00,
2026-09-11T10:39:31,2,1.613,29.00,28.3300,25.9,1.631,30.48,4.07,-54,10.00,
2026-09-11T10:39:32,2,1.621,29.71,28.3270,25.9,1.632,30.55,4.06,-54,9.75,
2026-09-11T10:39:34,2,1.630,30.42,28.3270,25.9,1.632,30.55,4.06,-54,9.50,
2026-09-11T10:39:35,2,1.611,28.87,28.3220,25.9,1.627,30.16,4.07,-54,9.75,
2026-09-11T10:39:36,2,1.613,29.00,28.3240,25.9,1.631,30.48,4.06,-54,10.00,
2026-09-11T10:39:37,2,1.633,30.61,28.3270,25.9,1.633,30.61,4.06,-54,9.75,
2026-09-11T10:39:38,2,1.615,29.20,28.3240,25.9,1.632,30.55,4.06,-55,9.75,
2026-09-11T10:39:39,2,1.635,30.81,28.3280,25.9,1.635,30.81,4.04,-54,10.25,
2026-09-11T10:39:40,2,1.631,30.48,28.3220,25.9,1.635,30.81,4.06,-54,9.75,
2026-09-11T10:39:41,2,1.616,29.26,28.3230,25.9,1.632,30.55,4.06,-54,9.75,
2026-09-11T10:39:42,2,1.632,30.55,28.3160,25.9,1.632,30.55,4.06,-55,9.50,
2026-09-11T10:39:43,2,1.611,28.87,28.3200,25.9,1.629,30.29,4.07,-54,10.00,
2026-09-11T10:39:44,2,1.615,29.20,28.3120,25.9,1.631,30.48,4.06,-54,9.75,
2026-09-11T10:39:46,2,1.633,30.61,28.3060,25.9,1.634,30.74,4.06,-54,10.00,
2026-09-11T10:39:47,2,1.616,29.26,28.3150,25.9,1.633,30.61,4.06,-54,9.75,
2026-09-11T10:39:51,2,1.632,30.55,28.3030,25.9,1.631,30.48,4.06,-48,5.25,
2026-09-11T10:39:52,2,1.611,28.87,28.2980,25.9,1.633,30.61,4.07,-48,5.25,
2026-09-11T10:39:53,2,1.614,29.13,28.2980,25.9,1.633,30.68,4.06,-48,5.25,
2026-09-11T10:39:54,2,1.632,30.55,28.3000,25.9,1.631,30.48,4.06,-54,9.75,
2026-09-11T10:39:55,2,1.615,29.20,28.3070,25.9,1.632,30.55,4.06,-54,9.50,
2026-09-11T10:39:56,2,1.638,31.00,28.3050,25.9,1.636,30.87,4.04,-54,10.00,
2026-09-11T10:39:58,2,1.626,30.10,28.3060,25.9,1.631,30.48,4.06,-54,9.75,
2026-09-11T10:39:59,2,1.617,29.39,28.3060,25.9,1.634,30.74,4.06,-54,10.25,
2026-09-11T10:40:00,2,1.635,30.81,28.3070,25.9,1.631,30.48,4.06,-54,9.75,
2026-09-11T10:40:01,2,1.612,28.94,28.3000,25.9,1.628,30.23,4.07,-54,10.75,
2026-09-11T10:40:02,2,1.614,29.13,28.3080,25.9,1.632,30.55,4.06,-54,9.75,
2026-09-11T10:40:03,2,1.633,30.61,28.3040,25.9,1.630,30.42,4.06,-54,9.75,
2026-09-11T10:40:04,2,1.615,29.20,28.3110,25.9,1.636,30.87,4.05,-54,9.75,
2026-09-11T10:40:05,2,1.639,31.13,28.3070,25.9,1.637,30.94,4.04,-54,10.25,
2026-09-11T10:40:06,2,1.631,30.48,28.3040,25.9,1.633,30.61,4.06,-55,9.50,
2026-09-11T10:40:07,2,1.614,29.13,28.3160,25.9,1.632,30.55,4.06,-54,10.00,
2026-09-11T10:40:08,2,1.633,30.61,28.3190,25.9,1.630,30.42,4.06,-54,9.75,
2026-09-11T10:40:10,2,1.613,29.00,28.3240,25.9,1.629,30.29,4.07,-54,9.75,
2026-09-11T10:40:11,2,1.615,29.20,28.3270,25.9,1.633,30.61,4.06,-54,10.00,
2026-09-11T10:40:12,2,1.633,30.61,28.3190,25.9,1.633,30.61,4.06,-54,9.75,
2026-09-11T10:40:13,2,1.616,29.26,28.3220,25.9,1.636,30.87,4.05,-53,9.75,
2026-09-11T10:40:14,2,1.641,31.26,28.3170,25.9,1.634,30.74,4.04,-54,10.00,
2026-09-11T10:40:15,2,1.634,30.74,28.3060,25.9,1.632,30.55,4.06,-54,10.00,
2026-09-11T10:40:16,2,1.613,29.00,28.3070,25.9,1.636,30.87,4.06,-54,10.00,
2026-09-11T10:40:17,2,1.636,30.87,28.3070,25.9,1.631,30.48,4.06,-54,9.50,
2026-09-11T10:40:18,2,1.613,29.07,28.3070,25.9,1.629,30.36,4.07,-54,10.00,
2026-09-11T10:40:19,2,1.613,29.07,28.3190,25.9,1.631,30.48,4.06,-54,9.75,
2026-09-11T10:40:21,2,1.633,30.68,28.3270,25.9,1.631,30.48,4.06,-54,10.00,
2026-09-11T10:40:22,2,1.614,29.13,28.3290,25.9,1.634,30.74,4.06,-54,9.75,
2026-09-11T10:40:23,2,1.641,31.26,28.3390,25.9,1.634,30.74,4.04,-54,10.25,
2026-09-11T10:40:24,2,1.633,30.61,28.3390,25.9,1.630,30.42,4.06,-54,10.00,
2026-09-11T10:40:25,2,1.613,29.07,28.3370,25.9,1.633,30.61,4.05,-55,9.75,
2026-09-11T10:40:26,2,1.638,31.00,28.3400,25.9,1.636,30.87,4.06,-54,9.75,
2026-09-11T10:40:27,2,1.610,28.81,28.3370,25.9,1.629,30.29,4.07,-54,10.00,
2026-09-11T10:40:28,2,1.613,29.07,28.3370,25.9,1.632,30.55,4.06,-54,9.50,
2026-09-11T10:40:29,2,1.631,30.48,28.3310,25.9,1.632,30.55,4.06,-54,9.75,
2026-09-11T10:40:30,2,1.611,28.87,28.3310,25.9,1.636,30.87,4.06,-54,9.50,
2026-09-11T10:40:36,2,1.629,30.29,28.3390,25.9,1.630,30.42,4.06,-47,5.00,
2026-09-11T10:40:37,2,1.614,29.13,28.3390,25.9,1.630,30.42,4.06,-49,4.75,
2026-09-11T10:40:38,2,1.634,30.74,28.3360,25.9,1.632,30.55,4.06,-48,5.50,
2026-09-11T10:40:39,2,1.611,28.87,28.3290,25.9,1.632,30.55,4.07,-54,9.75,
2026-09-11T10:40:40,2,1.604,28.29,28.3290,25.9,1.633,30.68,4.06,-54,9.75,
2026-09-11T10:40:41,2,1.633,30.68,28.3200,25.9,1.633,30.68,4.06,-54,9.50,
2026-09-11T10:40:42,2,1.616,29.26,28.3150,25.9,1.632,30.55,4.06,-54,9.50,
2026-09-11T10:40:43,2,1.638,31.00,28.3110,25.9,1.636,30.87,4.04,-54,10.00,
2026-09-11T10:40:45,2,1.630,30.42,28.3090,25.9,1.631,30.48,4.06,-54,9.75,
2026-09-11T10:40:46,2,1.613,29.00,28.3010,25.9,1.632,30.55,4.06,-54,9.50,
2026-09-11T10:40:47,2,1.633,30.68,28.3090,25.9,1.627,30.16,4.06,-54,9.50,
2026-09-11T10:40:48,2,1.612,28.94,28.3040,25.9,1.627,30.16,4.07,-54,10.00,
2026-09-11T10:40:49,2,1.616,29.26,28.2940,25.9,1.633,30.68,4.06,-55,9.75,
2026-09-11T10:40:50,2,1.633,30.68,28.2970,25.9,1.630,30.42,4.06,-54,9.50,
2026-09-11T10:40:51,2,1.614,29.13,28.2950,25.9,1.630,30.42,4.06,-54,9.75,
2026-09-11T10:40:52,2,1.636,30.87,28.2900,25.9,1.634,30.74,4.04,-54,10.00,
2026-09-11T10:40:53,2,1.630,30.42,28.2960,25.9,1.633,30.61,4.06,-54,10.00,
2026-09-11T10:40:54,2,1.613,29.00,28.2870,25.9,1.632,30.55,4.06,-54,10.00,
2026-09-11T10:40:56,2,1.632,30.55,28.2960,25.9,1.632,30.55,4.06,-54,9.50,
2026-09-11T10:40:57,2,1.612,28.94,28.2920,25.9,1.629,30.29,4.07,-54,10.00,
2026-09-11T10:40:58,2,1.613,29.07,28.2930,25.9,1.630,30.42,4.06,-54,10.00,
2026-09-11T10:40:59,2,1.633,30.61,28.2920,25.9,1.631,30.48,4.06,-54,9.50,
2026-09-11T10:41:00,2,1.614,29.13,28.2910,25.9,1.634,30.74,4.05,-54,10.25,
2026-09-11T10:41:01,2,1.637,30.94,28.2820,25.9,1.634,30.74,4.04,-54,10.00,
2026-09-11T10:41:02,2,1.632,30.55,28.2810,25.9,1.630,30.42,4.06,-54,9.50,
2026-09-11T10:41:03,2,1.613,29.07,28.2830,25.9,1.629,30.36,4.06,-54,9.75,
2026-09-11T10:41:04,2,1.633,30.68,28.2960,25.9,1.633,30.61,4.06,-54,9.50,
2026-09-11T10:41:05,2,1.611,28.87,28.2980,25.9,1.627,30.16,4.07,-53,10.25,
2026-09-11T10:41:06,2,1.613,29.00,28.3020,25.9,1.630,30.42,4.06,-54,9.50,
2026-09-11T10:41:08,2,1.633,30.61,28.3060,25.9,1.633,30.61,4.06,-54,9.25,
2026-09-11T10:41:09,2,1.617,29.32,28.3240,25.9,1.633,30.68,4.06,-54,9.25,
2026-09-11T10:41:10,2,1.642,31.39,28.3210,25.9,1.636,30.87,4.04,-54,9.50,
2026-09-11T10:41:11,2,1.631,30.48,28.3210,25.9,1.632,30.55,4.05,-54,9.50,
2026-09-11T10:41:12,2,1.614,29.13,28.3260,25.9,1.633,30.61,4.06,-53,9.50,
2026-09-11T10:41:13,2,1.635,30.81,28.3240,25.9,1.630,30.42,4.05,-53,9.50,
2026-09-11T10:41:14,2,1.606,28.49,28.3290,25.9,1.630,30.42,4.07,-53,9.75,
2026-09-11T10:41:15,2,1.616,29.26,28.3220,25.9,1.633,30.68,4.06,-54,9.50,
2026-09-11T10:41:21,2,1.618,29.45,28.3290,25.9,1.633,30.61,4.06,-48,6.25,
2026-09-11T10:41:22,2,1.632,30.55,28.3270,25.9,1.633,30.61,4.06,-48,6.25,
2026-09-11T10:41:23,2,1.612,28.94,28.3350,25.9,1.631,30.48,4.08,-48,6.75,
2026-09-11T10:41:24,2,1.614,29.13,28.3230,25.9,1.633,30.61,4.06,-54,9.50,
2026-09-11T10:41:25,2,1.632,30.55,28.3140,25.9,1.632,30.55,4.06,-54,9.75,
2026-09-11T10:41:26,2,1.615,29.20,28.3150,25.9,1.637,30.94,4.06,-54,9.50,
2026-09-11T10:41:27,2,1.640,31.19,28.3120,25.9,1.635,30.81,4.04,-54,9.75,
2026-09-11T10:41:28,2,1.631,30.48,28.3020,25.9,1.633,30.61,4.06,-54,9.50,
2026-09-11T10:41:29,2,1.615,29.20,28.3010,25.9,1.633,30.68,4.06,-54,9.75,
2026-09-11T10:41:30,2,1.637,30.94,28.3030,25.9,1.633,30.61,4.06,-53,9.50,
2026-09-11T10:41:32,2,1.612,28.94,28.2950,25.9,1.629,30.29,4.07,-54,10.00,
2026-09-11T10:41:33,2,1.614,29.13,28.2980,25.9,1.633,30.61,4.06,-53,9.50,
2026-09-11T10:41:34,2,1.633,30.61,28.2990,25.9,1.636,30.87,4.06,-53,9.25,
2026-09-11T10:41:35,2,1.620,29.58,28.2980,25.9,1.633,30.68,4.06,-53,9.75,
2026-09-11T10:41:36,2,1.642,31.32,28.3030,25.9,1.637,30.94,4.04,-54,9.50,
2026-09-11T10:41:37,2,1.633,30.61,28.3070,25.9,1.631,30.48,4.06,-54,9.75,
2026-09-11T10:41:38,2,1.617,29.32,28.3070,25.9,1.634,30.74,4.06,-54,10.00,
2026-09-11T10:41:39,2,1.636,30.87,28.3080,25.9,1.631,30.48,4.06,-54,10.00,
2026-09-11T10:41:40,2,1.611,28.87,28.3130,25.9,1.628,30.23,4.07,-54,10.00,
2026-09-11T10:41:41,2,1.615,29.20,28.3200,25.9,1.630,30.42,4.06,-54,10.00,
2026-09-11T10:41:43,2,1.634,30.74,28.3140,25.9,1.633,30.61,4.06,-54,9.50,
2026-09-11T10:41:44,2,1.610,28.81,28.3250,25.9,1.633,30.68,4.08,-53,9.50,
2026-09-11T10:41:45,2,1.616,29.26,28.3310,25.9,1.631,30.48,4.06,-53,9.75,
2026-09-11T10:41:46,2,1.633,30.61,28.3330,25.9,1.633,30.68,4.06,-53,9.25,
2026-09-11T10:41:47,2,1.615,29.20,28.3300,25.9,1.633,30.68,4.06,-53,9.50,
2026-09-11T10:41:48,2,1.639,31.13,28.3410,25.9,1.635,30.81,4.05,-53,9.50,
2026-09-11T10:41:49,2,1.633,30.61,28.3510,25.9,1.632,30.55,4.06,-52,9.50,
2026-09-11T10:41:50,2,1.613,29.07,28.3470,25.9,1.634,30.74,4.06,-53,9.50,
2026-09-11T10:41:51,2,1.638,31.00,28.3550,25.9,1.632,30.55,4.06,-53,9.50,
2026-09-11T10:41:52,2,1.613,29.00,28.3600,25.9,1.629,30.29,4.07,-53,10.00,
2026-09-11T10:41:53,2,1.617,29.32,28.3580,25.9,1.633,30.61,4.06,-53,9.50,
2026-09-11T10:41:55,2,1.633,30.68,28.3580,25.9,1.633,30.61,4.06,-53,9.50,
2026-09-11T10:41:56,2,1.613,29.07,28.3540,25.9,1.633,30.68,4.06,-53,9.25,
2026-09-11T10:41:57,2,1.639,31.13,28.3510,25.9,1.638,31.07,4.04,-53,9.50,
2026-09-11T10:41:58,2,1.631,30.48,28.3470,25.9,1.633,30.61,4.06,-53,9.25,
2026-09-11T10:41:59,2,1.616,29.26,28.3490,25.9,1.636,30.87,4.06,-53,9.50,
2026-09-11T10:42:00,2,1.643,31.45,28.3390,25.9,1.632,30.55,4.06,-54,9.25,
2026-09-11T10:42:04,2,1.614,29.13,28.3250,25.9,1.632,30.55,4.06,-48,6.75,
2026-09-11T10:42:05,2,1.638,31.00,28.3280,25.9,1.638,31.00,4.04,-48,6.50,
2026-09-11T10:42:07,2,1.633,30.61,28.3230,25.9,1.632,30.55,4.06,-48,5.75,
2026-09-11T10:42:08,2,1.614,29.13,28.3200,25.9,1.635,30.81,4.05,-47,7.50,
2026-09-11T10:42:09,2,1.635,30.81,28.3220,25.9,1.633,30.68,4.06,-53,9.25,
2026-09-11T10:42:10,2,1.612,28.94,28.3130,25.9,1.631,30.48,4.07,-54,10.50,
2026-09-11T10:42:11,2,1.615,29.20,28.3140,25.9,1.631,30.48,4.06,-54,9.75,
2026-09-11T10:42:12,2,1.629,30.36,28.3020,25.9,1.631,30.48,4.06,-54,9.50,
2026-09-11T10:42:13,2,1.617,29.32,28.2970,25.9,1.633,30.61,4.06,-53,9.75,
2026-09-11T10:42:14,2,1.638,31.00,28.2970,25.9,1.637,30.94,4.04,-54,9.50,
2026-09-11T10:42:15,2,1.633,30.61,28.2970,25.9,1.632,30.55,4.06,-54,9.50,
2026-09-11T10:42:16,2,1.614,29.13,28.3020,25.9,1.629,30.36,4.05,-54,9.50,
2026-09-11T10:42:17,2,1.632,30.55,28.3020,25.9,1.631,30.48,4.06,-55,10.00,
2026-09-11T10:42:19,2,1.610,28.81,28.2970,25.9,1.628,30.23,4.07,-55,10.00,
2026-09-11T10:42:20,2,1.614,29.13,28.2910,25.9,1.630,30.42,4.06,-54,9.50,
2026-09-11T10:42:21,2,1.633,30.61,28.2930,25.9,1.630,30.42,4.06,-54,9.50,
2026-09-11T10:42:23,2,1.641,31.26,28.2910,25.9,1.634,30.74,4.04,-53,9.75,
2026-09-11T10:42:24,2,1.629,30.36,28.3020,25.9,1.632,30.55,4.06,-54,9.75,
2026-09-11T10:42:25,2,1.613,29.00,28.3010,25.9,1.631,30.48,4.06,-54,9.50,
2026-09-11T10:42:26,2,1.633,30.68,28.3070,25.9,1.633,30.61,4.06,-54,9.50,
2026-09-11T10:42:27,2,1.612,28.94,28.3080,25.9,1.627,30.16,4.07,-54,10.00,
2026-09-11T10:42:28,2,1.613,29.07,28.3080,25.9,1.632,30.55,4.06,-54,9.50,
2026-09-11T10:42:30,2,1.629,30.36,28.3080,25.9,1.632,30.55,4.06,-55,9.50,
2026-09-11T10:42:31,2,1.615,29.20,28.3100,25.9,1.634,30.74,4.05,-54,9.50,
2026-09-11T10:42:32,2,1.634,30.74,28.3170,25.9,1.637,30.94,4.04,-54,10.25,
2026-09-11T10:42:33,2,1.632,30.55,28.3190,25.9,1.633,30.61,4.05,-54,9.50,
2026-09-11T10:42:34,2,1.613,29.00,28.3250,25.9,1.632,30.55,4.06,-54,9.50,
2026-09-11T10:42:35,2,1.633,30.61,28.3240,25.9,1.632,30.55,4.06,-54,9.75,
2026-09-11T10:42:36,2,1.612,28.94,28.3240,25.9,1.630,30.42,4.07,-54,10.25,
2026-09-11T10:42:37,2,1.615,29.20,28.3240,25.9,1.635,30.81,4.06,-54,9.75,
2026-09-11T10:42:38,2,1.633,30.68,28.3250,25.9,1.632,30.55,4.06,-54,9.75,
2026-09-11T10:42:39,2,1.618,29.45,28.3360,25.9,1.634,30.74,4.05,-54,9.50,
2026-09-11T10:42:40,2,1.642,31.32,28.3390,25.9,1.636,30.87,4.04,-55,10.00,
2026-09-11T10:42:42,2,1.630,30.42,28.3520,25.9,1.630,30.42,4.06,-54,9.75,
2026-09-11T10:42:43,2,1.614,29.13,28.3500,25.9,1.635,30.81,4.06,-54,9.75,
2026-09-11T10:42:44,2,1.633,30.68,28.3500,25.9,1.625,29.97,4.06,-54,9.75,
2026-09-11T10:42:45,2,1.613,29.00,28.3510,25.9,1.629,30.36,4.07,-54,10.75,
2026-09-11T10:42:49,2,1.641,31.26,28.3360,25.9,1.637,30.94,4.04,-49,5.25,
2026-09-11T10:42:50,2,1.635,30.81,28.3350,25.9,1.633,30.61,4.06,-48,4.75,
2026-09-11T10:42:51,2,1.613,29.07,28.3320,25.9,1.632,30.55,4.05,-49,5.25,
2026-09-11T10:42:52,2,1.638,31.00,28.3310,25.9,1.633,30.68,4.04,-47,9.50,
2026-09-11T10:42:54,2,1.609,28.74,28.3330,25.9,1.629,30.36,4.07,-53,10.25,
2026-09-11T10:42:55,2,1.615,29.20,28.3400,25.9,1.633,30.68,4.06,-53,9.50,
2026-09-11T10:42:56,2,1.634,30.74,28.3490,25.9,1.632,30.55,4.06,-55,9.75,
2026-09-11T10:42:58,2,1.642,31.32,28.3390,25.9,1.635,30.81,4.04,-54,10.25,
2026-09-11T10:42:59,2,1.632,30.55,28.3340,25.9,1.633,30.61,4.06,-54,9.50,
2026-09-11T10:43:00,2,1.614,29.13,28.3310,25.9,1.632,30.55,4.06,-54,9.25,
2026-09-11T10:43:01,2,1.650,31.97,28.3310,25.9,1.639,31.13,4.04,-52,10.25,
2026-09-11T10:43:02,2,1.609,28.74,28.3260,25.9,1.629,30.29,4.07,-54,9.50,
2026-09-11T10:43:03,2,1.612,28.94,28.3260,25.9,1.633,30.61,4.06,-53,9.75,
2026-09-11T10:43:05,2,1.633,30.68,28.3260,25.9,1.631,30.48,4.06,-55,9.50,
2026-09-11T10:43:06,2,1.610,28.81,28.3350,25.9,1.629,30.29,4.07,-55,10.25,
2026-09-11T10:43:07,2,1.615,29.20,28.3370,25.9,1.632,30.55,4.06,-55,9.50,
2026-09-11T10:43:08,2,1.631,30.48,28.3400,25.9,1.633,30.61,4.06,-54,9.75,
2026-09-11T10:43:09,2,1.615,29.20,28.3360,25.9,1.633,30.68,4.06,-55,9.50,
2026-09-11T10:43:10,2,1.638,31.00,28.3490,25.9,1.635,30.81,4.04,-54,10.00,
2026-09-11T10:43:11,2,1.631,30.48,28.3510,25.9,1.631,30.48,4.06,-54,10.00,
2026-09-11T10:43:12,2,1.617,29.39,28.3500,25.9,1.633,30.68,4.06,-55,9.50,
2026-09-11T10:43:13,2,1.633,30.68,28.3520,25.9,1.629,30.36,4.06,-54,10.00,
2026-09-11T10:43:14,2,1.612,28.94,28.3460,25.9,1.629,30.36,4.07,-54,9.75,
2026-09-11T10:43:15,2,1.613,29.07,28.3400,25.9,1.633,30.61,4.06,-55,10.75,
2026-09-11T10:43:17,2,1.633,30.68,28.3450,25.9,1.633,30.68,4.06,-55,9.75,
2026-09-11T10:43:18,2,1.615,29.20,28.3460,25.9,1.633,30.61,4.06,-55,9.50,
2026-09-11T10:43:19,2,1.638,31.07,28.3500,25.9,1.637,30.94,4.04,-55,10.00,
2026-09-11T10:43:20,2,1.633,30.68,28.3500,25.9,1.632,30.55,4.06,-55,9.50,
2026-09-11T10:43:21,2,1.614,29.13,28.3510,25.9,1.633,30.68,4.06,-54,9.50,
2026-09-11T10:43:22,2,1.633,30.68,28.3440,25.9,1.632,30.55,4.05,-54,9.50,
2026-09-11T10:43:23,2,1.609,28.74,28.3410,25.9,1.631,30.48,4.07,-54,10.25,
2026-09-11T10:43:24,2,1.617,29.39,28.3390,25.9,1.631,30.48,4.06,-55,9.75,
2026-09-11T10:43:25,2,1.629,30.36,28.3360,25.9,1.631,30.48,4.06,-55,10.00,
2026-09-11T10:43:26,2,1.615,29.20,28.3240,25.9,1.635,30.81,4.06,-53,9.75,
2026-09-11T10:43:27,2,1.642,31.39,28.3230,25.9,1.626,30.10,4.05,-55,9.50,
2026-09-11T10:43:29,2,1.632,30.55,28.3250,25.9,1.633,30.61,4.06,-55,10.00,
2026-09-11T10:43:34,2,1.632,30.55,28.3100,25.9,1.633,30.68,4.06,-46,6.25,
2026-09-11T10:43:35,2,1.613,29.07,28.3040,25.9,1.633,30.61,4.06,-47,6.00,
2026-09-11T10:43:36,2,1.647,31.77,28.3050,25.9,1.639,31.13,4.04,-48,4.75,
2026-09-11T10:43:37,2,1.631,30.48,28.3090,25.9,1.633,30.61,4.06,-52,10.00,
2026-09-11T10:43:38,2,1.614,29.13,28.3030,25.9,1.633,30.61,4.06,-54,9.75,
2026-09-11T10:43:39,2,1.632,30.55,28.3070,25.9,1.629,30.29,4.05,-53,9.50,
2026-09-11T10:43:41,2,1.612,28.94,28.3060,25.9,1.630,30.42,4.07,-54,10.00,
2026-09-11T10:43:42,2,1.614,29.13,28.3020,25.9,1.629,30.36,4.06,-54,10.00,
2026-09-11T10:43:43,2,1.633,30.68,28.3090,25.9,1.632,30.55,4.06,-54,9.75,
2026-09-11T10:43:44,2,1.615,29.20,28.3120,25.9,1.633,30.68,4.06,-52,9.25,
2026-09-11T10:43:45,2,1.638,31.00,28.3080,25.9,1.637,30.94,4.04,-54,10.25,
2026-09-11T10:43:46,2,1.632,30.55,28.3220,25.9,1.630,30.42,4.06,-53,9.50,
2026-09-11T10:43:47,2,1.613,29.00,28.3230,25.9,1.633,30.61,4.06,-54,9.75,
2026-09-11T10:43:48,2,1.632,30.55,28.3220,25.9,1.630,30.42,4.06,-54,9.75,
2026-09-11T10:43:49,2,1.612,28.94,28.3310,25.9,1.627,30.16,4.07,-53,10.00,
2026-09-11T10:43:50,2,1.609,28.74,28.3340,25.9,1.630,30.42,4.06,-54,9.75,
2026-09-11T10:43:52,2,1.632,30.55,28.3340,25.9,1.630,30.42,4.05,-54,9.50,
2026-09-11T10:43:53,2,1.615,29.20,28.3320,25.9,1.633,30.68,4.05,-54,9.50,
2026-09-11T10:43:54,2,1.642,31.32,28.3370,25.9,1.635,30.81,4.04,-54,9.50,
2026-09-11T10:43:55,2,1.633,30.68,28.3350,25.9,1.634,30.74,4.06,-54,9.75,
2026-09-11T10:43:56,2,1.616,29.26,28.3450,25.9,1.632,30.55,4.06,-54,9.75,
2026-09-11T10:43:57,2,1.636,30.87,28.3440,25.9,1.634,30.74,4.06,-54,9.75,
2026-09-11T10:43:58,2,1.613,29.00,28.3510,25.9,1.629,30.29,4.07,-53,10.00,
2026-09-11T10:43:59,2,1.614,29.13,28.3540,25.9,1.632,30.55,4.06,-54,9.50,
2026-09-11T10:44:00,2,1.632,30.55,28.3500,25.9,1.629,30.36,4.06,-53,9.50,
2026-09-11T10:44:01,2,1.614,29.13,28.3490,25.9,1.630,30.42,4.05,-53,9.75,
2026-09-11T10:44:02,2,1.642,31.32,28.3520,25.9,1.635,30.81,4.04,-53,9.75,
2026-09-11T10:44:04,2,1.631,30.48,28.3520,25.9,1.632,30.55,4.06,-54,9.25,
2026-09-11T10:44:05,2,1.617,29.39,28.3640,25.9,1.634,30.74,4.06,-54,10.00,
2026-09-11T10:44:06,2,1.637,30.94,28.3610,25.9,1.634,30.74,4.05,-53,9.75,
2026-09-11T10:44:07,2,1.615,29.20,28.3530,25.9,1.630,30.42,4.06,-54,9.50,
2026-09-11T10:44:08,2,1.615,29.20,28.3530,25.9,1.641,31.26,4.06,-53,9.50,
2026-09-11T10:44:09,2,1.630,30.42,28.3440,25.9,1.629,30.29,4.06,-54,9.25,
2026-09-11T10:44:10,2,1.613,29.07,28.3400,25.9,1.635,30.81,4.05,-53,9.50,
2026-09-11T10:44:11,2,1.616,29.26,28.3410,25.9,1.630,30.42,4.06,-52,9.75,
2026-09-11T10:44:12,2,1.631,30.48,28.3420,25.9,1.633,30.61,4.06,-54,9.75,
2026-09-11T10:44:13,2,1.613,29.00,28.3420,25.9,1.633,30.68,4.06,-53,9.75,
2026-09-11T10:44:19,2,1.609,28.74,28.3210,25.9,1.629,30.29,4.08,-46,4.75,
2026-09-11T10:44:20,2,1.613,29.07,28.3180,25.9,1.630,30.42,4.06,-46,4.50,
2026-09-11T10:44:21,2,1.630,30.42,28.3270,25.9,1.632,30.55,4.06,-46,6.00,
2026-09-11T10:44:22,2,1.614,29.13,28.3280,25.9,1.633,30.68,4.06,-52,10.00,
2026-09-11T10:44:23,2,1.638,31.00,28.3340,25.9,1.633,30.61,4.04,-53,9.75,
2026-09-11T10:44:24,2,1.632,30.55,28.3290,25.9,1.631,30.48,4.06,-52,9.50,
2026-09-11T10:44:25,2,1.613,29.07,28.3320,25.9,1.631,30.48,4.06,-52,9.75,
2026-09-11T10:44:27,2,1.634,30.74,28.3310,25.9,1.633,30.61,4.06,-53,10.00,
2026-09-11T10:44:28,2,1.613,29.00,28.3340,25.9,1.631,30.48,4.07,-53,10.00,
2026-09-11T10:44:29,2,1.615,29.20,28.3320,25.9,1.632,30.55,4.06,-53,9.50,
2026-09-11T10:44:30,2,1.634,30.74,28.3400,25.9,1.633,30.61,4.05,-53,9.75,
2026-09-11T10:44:31,2,1.614,29.13,28.3400,25.9,1.637,30.94,4.05,-53,9.50,
2026-09-11T10:44:32,2,1.640,31.19,28.3370,25.9,1.638,31.00,4.04,-53,10.00,
2026-09-11T10:44:33,2,1.632,30.55,28.3430,25.9,1.633,30.61,4.06,-52,10.25,
2026-09-11T10:44:34,2,1.613,29.07,28.3480,25.9,1.633,30.68,4.06,-53,9.75,
2026-09-11T10:44:35,2,1.632,30.55,28.3580,25.9,1.634,30.74,4.06,-53,10.00,
2026-09-11T10:44:36,2,1.613,29.00,28.3600,25.9,1.631,30.48,4.07,-52,10.00,
2026-09-11T10:44:37,2,1.617,29.32,28.3630,25.9,1.633,30.61,4.06,-53,9.75,
2026-09-11T10:44:39,2,1.631,30.48,28.3680,25.9,1.632,30.55,4.06,-52,9.75,
2026-09-11T10:44:40,2,1.614,29.13,28.3730,25.9,1.633,30.61,4.05,-53,9.75,
2026-09-11T10:44:41,2,1.640,31.19,28.3780,25.9,1.638,31.00,4.04,-53,9.75,
2026-09-11T10:44:42,2,1.635,30.81,28.3750,25.9,1.631,30.48,4.06,-52,10.00,
2026-09-11T10:44:43,2,1.616,29.26,28.3650,25.9,1.635,30.81,4.06,-52,9.50,
2026-09-11T10:44:44,2,1.633,30.68,28.3570,25.9,1.633,30.68,4.06,-52,9.75,
2026-09-11T10:44:45,2,1.613,29.00,28.3510,25.9,1.629,30.36,4.07,-53,10.25,
2026-09-11T10:44:46,2,1.613,29.00,28.3560,25.9,1.631,30.48,4.06,-52,10.25,
2026-09-11T10:44:47,2,1.634,30.74,28.3520,25.9,1.630,30.42,4.06,-52,9.75,
2026-09-11T10:44:48,2,1.616,29.26,28.3570,25.9,1.633,30.68,4.06,-52,10.00,
2026-09-11T10:44:49,2,1.640,31.19,28.3480,25.9,1.645,31.58,4.04,-52,10.50,
2026-09-11T10:44:51,2,1.633,30.61,28.3470,25.9,1.633,30.61,4.06,-52,9.75,
2026-09-11T10:44:52,2,1.616,29.26,28.3510,25.9,1.628,30.23,4.06,-52,10.00,
2026-09-11T10:44:53,2,1.636,30.87,28.3490,25.9,1.632,30.55,4.06,-53,9.75,
2026-09-11T10:44:54,2,1.614,29.13,28.3470,25.9,1.628,30.23,4.07,-53,10.00,
2026-09-11T10:44:55,2,1.616,29.26,28.3460,25.9,1.632,30.55,4.06,-52,9.75,
2026-09-11T10:44:56,2,1.633,30.61,28.3510,25.9,1.632,30.55,4.06,-52,10.00,
2026-09-11T10:44:57,2,1.616,29.26,28.3460,25.9,1.633,30.68,4.05,-52,9.25,
2026-09-11T10:44:58,2,1.641,31.26,28.3420,25.9,1.636,30.87,4.04,-53,10.50,
2026-09-11T10:45:04,2,1.615,29.20,28.3470,25.9,1.631,30.48,4.06,-46,5.00,
2026-09-11T10:45:05,2,1.640,31.19,28.3480,25.9,1.629,30.36,4.06,-46,3.50,
2026-09-11T10:45:06,2,1.615,29.20,28.3490,25.9,1.633,30.68,4.05,-46,5.75,
2026-09-11T10:45:07,2,1.645,31.58,28.3460,25.9,1.637,30.94,4.04,-53,10.25,
2026-09-11T10:45:08,2,1.634,30.74,28.3550,25.9,1.634,30.74,4.06,-53,9.75,
2026-09-11T10:45:09,2,1.615,29.20,28.3540,25.9,1.630,30.42,4.05,-53,9.75,
2026-09-11T10:45:10,2,1.634,30.74,28.3500,25.9,1.632,30.55,4.06,-52,9.75,
2026-09-11T10:45:11,2,1.613,29.00,28.3530,25.9,1.629,30.29,4.07,-52,9.75,
2026-09-11T10:45:12,2,1.617,29.39,28.3450,25.9,1.633,30.68,4.06,-53,9.75,
2026-09-11T10:45:14,2,1.633,30.61,28.3510,25.9,1.632,30.55,4.06,-53,10.00,
2026-09-11T10:45:15,2,1.617,29.39,28.3470,25.9,1.634,30.74,4.05,-52,9.75,
2026-09-11T10:45:16,2,1.635,30.81,28.3420,25.9,1.636,30.87,4.06,-52,10.00,
2026-09-11T10:45:17,2,1.632,30.55,28.3400,25.9,1.633,30.68,4.06,-53,10.00,
2026-09-11T10:45:18,2,1.618,29.45,28.3430,25.9,1.631,30.48,4.06,-52,9.75,
2026-09-11T10:45:19,2,1.634,30.74,28.3520,25.9,1.631,30.48,4.05,-52,9.50,
2026-09-11T10:45:20,2,1.632,30.55,28.3550,25.9,1.632,30.55,4.06,-52,9.75,
2026-09-11T10:45:21,2,1.616,29.26,28.3530,25.9,1.631,30.48,4.06,-52,9.75,
2026-09-11T10:45:22,2,1.631,30.48,28.3500,25.9,1.632,30.55,4.06,-52,9.75,
2026-09-11T10:45:23,2,1.617,29.32,28.3540,25.9,1.632,30.55,4.05,-52,9.50,
2026-09-11T10:45:24,2,1.617,29.39,28.3550,25.9,1.635,30.81,4.05,-52,9.75,
2026-09-11T10:45:26,2,1.631,30.48,28.3530,25.9,1.631,30.48,4.06,-52,9.25,
2026-09-11T10:45:27,2,1.613,29.07,28.3610,25.9,1.631,30.48,4.06,-52,10.00,
2026-09-11T10:45:28,2,1.637,30.94,28.3570,25.9,1.636,30.87,4.05,-53,10.00,
2026-09-11T10:45:29,2,1.633,30.61,28.3600,25.9,1.629,30.36,4.06,-53,9.50,
2026-09-11T10:45:30,2,1.614,29.13,28.3650,25.9,1.633,30.61,4.06,-53,9.25,
2026-09-11T10:45:32,2,1.615,29.20,28.3600,25.9,1.632,30.55,4.05,-53,9.75,
2026-09-11T10:45:33,2,1.613,29.00,28.3540,25.9,1.632,30.55,4.06,-52,9.50,
2026-09-11T10:45:34,2,1.631,30.48,28.3490,25.9,1.635,30.81,4.06,-52,10.25,
2026-09-11T10:45:35,2,1.614,29.13,28.3530,25.9,1.634,30.74,4.06,-52,10.25,
2026-09-11T10:45:36,2,1.638,31.00,28.3520,25.9,1.631,30.48,4.04,-53,10.00,
2026-09-11T10:45:38,2,1.633,30.61,28.3550,25.9,1.632,30.55,4.06,-53,10.00,
2026-09-11T10:45:39,2,1.613,29.07,28.3490,25.9,1.631,30.48,4.05,-52,9.75,
2026-09-11T10:45:40,2,1.635,30.81,28.3510,25.9,1.631,30.48,4.06,-52,10.00,
2026-09-11T10:45:41,2,1.613,29.00,28.3430,25.9,1.630,30.42,4.06,-52,10.00,
2026-09-11T10:45:42,2,1.614,29.13,28.3490,25.9,1.633,30.68,4.06,-52,9.75,
2026-09-11T10:45:43,2,1.631,30.48,28.3480,25.9,1.632,30.55,4.05,-52,10.00,
2026-09-11T10:45:47,2,1.615,29.20,28.3400,25.9,1.634,30.74,4.06,-46,3.75,
2026-09-11T10:45:48,2,1.634,30.74,28.3400,25.9,1.633,30.68,4.06,-46,3.75,
2026-09-11T10:45:50,2,1.613,29.07,28.3370,25.9,1.629,30.29,4.06,-46,4.25,
2026-09-11T10:45:51,2,1.613,29.00,28.3460,25.9,1.634,30.74,4.06,-46,8.00,
2026-09-11T10:45:52,2,1.632,30.55,28.3520,25.9,1.633,30.68,4.06,-53,9.75,
2026-09-11T10:45:53,2,1.615,29.20,28.3510,25.9,1.633,30.61,4.06,-52,9.75,
2026-09-11T10:45:54,2,1.642,31.32,28.3520,25.9,1.633,30.61,4.04,-53,9.75,
2026-09-11T10:45:55,2,1.633,30.61,28.3660,25.9,1.633,30.61,4.06,-52,9.75,
2026-09-11T10:45:56,2,1.608,28.68,28.3620,25.9,1.633,30.68,4.06,-52,9.50,
2026-09-11T10:45:57,2,1.635,30.81,28.3560,25.9,1.633,30.61,4.06,-52,10.00,
2026-09-11T10:45:58,2,1.612,28.94,28.3510,25.9,1.628,30.23,4.07,-52,10.75,
2026-09-11T10:45:59,2,1.616,29.26,28.3480,25.9,1.632,30.55,4.06,-53,10.00,
2026-09-11T10:46:01,2,1.633,30.68,28.3510,25.9,1.633,30.61,4.05,-53,10.25,
2026-09-11T10:46:02,2,1.610,28.81,28.3430,25.9,1.634,30.74,4.06,-53,10.00,
2026-09-11T10:46:03,2,1.639,31.13,28.3460,25.9,1.638,31.00,4.04,-53,10.25,
2026-09-11T10:46:04,2,1.632,30.55,28.3400,25.9,1.632,30.55,4.06,-53,9.75,
2026-09-11T10:46:05,2,1.616,29.26,28.3410,25.9,1.637,30.94,4.05,-53,9.75,
2026-09-11T10:46:06,2,1.635,30.81,28.3350,25.9,1.633,30.68,4.06,-53,9.75,
2026-09-11T10:46:07,2,1.611,28.87,28.3370,25.9,1.631,30.48,4.07,-52,10.00,
2026-09-11T10:46:08,2,1.614,29.13,28.3310,25.9,1.633,30.68,4.06,-53,9.50,
2026-09-11T10:46:09,2,1.633,30.61,28.3360,25.9,1.632,30.55,4.05,-53,9.75,
2026-09-11T10:46:10,2,1.613,29.00,28.3370,25.9,1.633,30.68,4.06,-52,9.75,
2026-09-11T10:46:11,2,1.642,31.39,28.3320,25.9,1.635,30.81,4.04,-53,10.00,
2026-09-11T10:46:13,2,1.632,30.55,28.3340,25.9,1.633,30.61,4.06,-53,10.25,
2026-09-11T10:46:14,2,1.615,29.20,28.3410,25.9,1.635,30.81,4.06,-52,10.25,
2026-09-11T10:46:15,2,1.635,30.81,28.3350,25.9,1.632,30.55,4.05,-53,10.00,
2026-09-11T10:46:16,2,1.608,28.68,28.3310,25.9,1.629,30.29,4.07,-52,10.00,
2026-09-11T10:46:17,2,1.613,29.07,28.3280,25.9,1.633,30.61,4.06,-53,9.75,
2026-09-11T10:46:18,2,1.634,30.74,28.3310,25.9,1.633,30.61,4.06,-52,9.75,
2026-09-11T10:46:19,2,1.614,29.13,28.3310,25.9,1.633,30.68,4.05,-52,10.00,
2026-09-11T10:46:20,2,1.639,31.13,28.3240,25.9,1.633,30.68,4.04,-53,10.00,
2026-09-11T10:46:21,2,1.632,30.55,28.3210,25.9,1.632,30.55,4.05,-52,9.50,
2026-09-11T10:46:22,2,1.613,29.00,28.3270,25.9,1.633,30.68,4.05,-53,9.75,
2026-09-11T10:46:23,2,1.629,30.36,28.3320,25.9,1.629,30.36,4.06,-52,9.75,
2026-09-11T10:46:25,2,1.611,28.87,28.3320,25.9,1.629,30.36,4.07,-52,10.00,
2026-09-11T10:46:26,2,1.613,29.07,28.3330,25.9,1.633,30.61,4.06,-53,9.75,
2026-09-11T10:46:27,2,1.633,30.61,28.3450,25.9,1.633,30.61,4.06,-53,10.00,
2026-09-11T10:46:32,2,1.642,31.32,28.3410,25.9,1.631,30.48,4.05,-46,3.75,
2026-09-11T10:46:33,2,1.612,28.94,28.3410,25.9,1.627,30.16,4.07,-45,4.75,
2026-09-11T10:46:34,2,1.615,29.20,28.3400,25.9,1.630,30.42,4.06,-47,5.00,
2026-09-11T10:46:35,2,1.633,30.61,28.3440,25.9,1.627,30.16,4.05,-52,10.00,
2026-09-11T10:46:37,2,1.616,29.26,28.3500,25.9,1.634,30.74,4.05,-53,10.25,
2026-09-11T10:46:38,2,1.639,31.13,28.3550,25.9,1.636,30.87,4.05,-53,9.50,
2026-09-11T10:46:39,2,1.629,30.36,28.3540,25.9,1.638,31.00,4.06,-53,9.25,
2026-09-11T10:46:40,2,1.616,29.26,28.3510,25.9,1.633,30.61,4.06,-53,9.25,
2026-09-11T10:46:41,2,1.638,31.07,28.3690,25.9,1.632,30.55,4.06,-53,9.75,
2026-09-11T10:46:42,2,1.613,29.07,28.3680,25.9,1.630,30.42,4.06,-53,9.75,
2026-09-11T10:46:43,2,1.616,29.26,28.3660,25.9,1.634,30.74,4.06,-53,10.25,
2026-09-11T10:46:44,2,1.631,30.48,28.3730,25.9,1.631,30.48,4.05,-52,9.75,
2026-09-11T10:46:45,2,1.614,29.13,28.3670,25.9,1.633,30.68,4.05,-52,10.00,
2026-09-11T10:46:46,2,1.617,29.32,28.3630,25.9,1.633,30.68,4.06,-52,9.75,
2026-09-11T10:46:48,2,1.631,30.48,28.3580,25.9,1.635,30.81,4.06,-52,9.50,
2026-09-11T10:46:49,2,1.617,29.39,28.3590,25.9,1.633,30.68,4.05,-53,9.50,
2026-09-11T10:46:50,2,1.636,30.87,28.3600,25.9,1.633,30.61,4.05,-53,9.75,
2026-09-11T10:46:51,2,1.629,30.36,28.3570,25.9,1.631,30.48,4.06,-52,10.00,
2026-09-11T10:46:52,2,1.614,29.13,28.3650,25.9,1.636,30.87,4.05,-52,10.25,
2026-09-11T10:46:53,2,1.634,30.74,28.3670,25.9,1.630,30.42,4.06,-53,10.25,
2026-09-11T10:46:54,2,1.614,29.13,28.3650,25.9,1.633,30.68,4.05,-53,10.00,
2026-09-11T10:46:55,2,1.617,29.32,28.3650,25.9,1.632,30.55,4.06,-52,9.75,
2026-09-11T10:46:56,2,1.633,30.61,28.3630,25.9,1.632,30.55,4.06,-53,9.50,
2026-09-11T10:46:57,2,1.613,29.07,28.3620,25.9,1.632,30.55,4.06,-52,10.00,
2026-09-11T10:46:58,2,1.647,31.77,28.3660,25.9,1.633,30.61,4.06,-52,9.50,
2026-09-11T10:47:00,2,1.633,30.68,28.3640,25.9,1.630,30.42,4.06,-52,10.00,
2026-09-11T10:47:01,2,1.617,29.39,28.3680,25.9,1.630,30.42,4.06,-52,10.00,
2026-09-11T10:47:02,2,1.637,30.94,28.3610,25.9,1.631,30.48,4.06,-53,10.00,
2026-09-11T10:47:03,2,1.615,29.20,28.3590,25.9,1.635,30.81,4.05,-53,9.75,
2026-09-11T10:47:04,2,1.616,29.26,28.3650,25.9,1.633,30.68,4.06,-52,9.50,
2026-09-11T10:47:05,2,1.635,30.81,28.3680,25.9,1.632,30.55,4.05,-53,9.50,
2026-09-11T10:47:06,2,1.615,29.20,28.3710,25.9,1.633,30.68,4.06,-53,9.75,
2026-09-11T10:47:07,2,1.637,30.94,28.3750,25.9,1.630,30.42,4.05,-52,9.75,
2026-09-11T10:47:08,2,1.631,30.48,28.3760,25.9,1.630,30.42,4.06,-52,10.25,
2026-09-11T10:47:09,2,1.615,29.20,28.3830,25.9,1.631,30.48,4.05,-53,9.50,
2026-09-11T10:47:10,2,1.633,30.68,28.3890,25.9,1.631,30.48,4.05,-53,9.75,
2026-09-11T10:47:12,2,1.610,28.81,28.3860,25.9,1.634,30.74,4.05,-53,10.25,
2026-09-11T10:47:17,2,1.633,30.68,28.3780,25.9,1.631,30.48,4.06,-46,5.00,
2026-09-11T10:47:18,2,1.613,29.00,28.3790,25.9,1.633,30.68,4.06,-46,5.00,
2026-09-11T10:47:19,2,1.635,30.81,28.3810,25.9,1.633,30.68,4.05,-47,4.50,
2026-09-11T10:47:20,2,1.614,29.13,28.3820,25.9,1.632,30.55,4.06,-53,9.25,
2026-09-11T10:47:21,2,1.617,29.39,28.3860,25.9,1.630,30.42,4.05,-53,9.50,
2026-09-11T10:47:23,2,1.632,30.55,28.3870,25.9,1.631,30.48,4.05,-53,9.25,
2026-09-11T10:47:24,2,1.615,29.20,28.3790,25.9,1.635,30.81,4.06,-53,9.50,
2026-09-11T10:47:25,2,1.642,31.32,28.3740,25.9,1.633,30.61,4.04,-53,9.75,
2026-09-11T10:47:26,2,1.632,30.55,28.3710,25.9,1.633,30.68,4.05,-53,9.50,
2026-09-11T10:47:27,2,1.610,28.81,28.3630,25.9,1.633,30.61,4.06,-53,9.50,
2026-09-11T10:47:28,2,1.633,30.68,28.3680,25.9,1.631,30.48,4.05,-53,9.50,
2026-09-11T10:47:29,2,1.612,28.94,28.3640,25.9,1.629,30.29,4.07,-53,9.75,
2026-09-11T10:47:30,2,1.613,29.07,28.3660,25.9,1.633,30.68,4.05,-53,9.25,
2026-09-11T10:47:31,2,1.635,30.81,28.3670,25.9,1.633,30.61,4.05,-53,9.75,
2026-09-11T10:47:32,2,1.615,29.20,28.3720,25.9,1.635,30.81,4.05,-52,9.50,
2026-09-11T10:47:33,2,1.642,31.32,28.3770,25.9,1.638,31.00,4.03,-52,9.50,
2026-09-11T10:47:35,2,1.635,30.81,28.3840,25.9,1.632,30.55,4.06,-52,10.00,
2026-09-11T10:47:36,2,1.614,29.13,28.3780,25.9,1.632,30.55,4.06,-53,9.25,
2026-09-11T10:47:37,2,1.635,30.81,28.3760,25.9,1.631,30.48,4.06,-53,9.75,
2026-09-11T10:47:38,2,1.611,28.87,28.3770,25.9,1.631,30.48,4.07,-53,10.00,
2026-09-11T10:47:39,2,1.614,29.13,28.3780,25.9,1.633,30.61,4.06,-53,9.75,
2026-09-11T10:47:40,2,1.635,30.81,28.3820,25.9,1.635,30.81,4.05,-53,9.75,
2026-09-11T10:47:41,2,1.614,29.13,28.3760,25.9,1.633,30.68,4.05,-53,10.00,
2026-09-11T10:47:42,2,1.642,31.32,28.3730,25.9,1.637,30.94,4.04,-53,9.75,
2026-09-11T10:47:43,2,1.632,30.55,28.3750,25.9,1.634,30.74,4.05,-53,9.75,
2026-09-11T10:47:44,2,1.613,29.07,28.3750,25.9,1.633,30.61,4.05,-53,9.50,
2026-09-11T10:47:45,2,1.636,30.87,28.3790,25.9,1.633,30.68,4.05,-53,9.75,
2026-09-11T10:47:47,2,1.610,28.81,28.3840,25.9,1.629,30.29,4.06,-53,9.50,
2026-09-11T10:47:48,2,1.615,29.20,28.3910,25.9,1.621,29.65,4.06,-53,9.50,
2026-09-11T10:47:49,2,1.636,30.87,28.3860,25.9,1.633,30.61,4.05,-53,9.50,
2026-09-11T10:47:50,2,1.615,29.20,28.3830,25.9,1.634,30.74,4.05,-53,10.00,
2026-09-11T10:47:51,2,1.617,29.39,28.3830,25.9,1.633,30.61,4.06,-53,9.50,
2026-09-11T10:47:52,2,1.646,31.65,28.3800,25.9,1.631,30.48,4.06,-52,9.25,
2026-09-11T10:47:53,2,1.615,29.20,28.3810,25.9,1.631,30.48,4.06,-53,9.25,
2026-09-11T10:47:54,2,1.637,30.94,28.3740,25.9,1.631,30.48,4.05,-54,9.50,
2026-09-11T10:47:55,2,1.633,30.61,28.3830,25.9,1.631,30.48,4.06,-53,9.50,
2026-09-11T10:47:56,2,1.615,29.20,28.3790,25.9,1.632,30.55,4.05,-53,9.00,
2026-09-11T10:48:02,2,1.617,29.32,28.3860,25.9,1.629,30.29,4.05,-48,3.50,
2026-09-11T10:48:03,2,1.638,31.07,28.3860,25.9,1.633,30.61,4.05,-48,4.25,
2026-09-11T10:48:04,2,1.630,30.42,28.3910,25.9,1.632,30.55,4.06,-48,4.75,
2026-09-11T10:48:05,2,1.613,29.07,28.3890,25.9,1.635,30.81,4.06,-54,9.75,
2026-09-11T10:48:06,2,1.636,30.87,28.3910,25.9,1.635,30.81,4.06,-54,9.75,
2026-09-11T10:48:07,2,1.616,29.26,28.3830,25.9,1.633,30.68,4.05,-54,11.75,
2026-09-11T10:48:08,2,1.617,29.39,28.3970,25.9,1.633,30.68,4.06,-54,10.00,
2026-09-11T10:48:10,2,1.632,30.55,28.3990,25.9,1.630,30.42,4.06,-55,10.25,
2026-09-11T10:48:11,2,1.614,29.13,28.3940,25.9,1.633,30.61,4.05,-55,9.25,
2026-09-11T10:48:12,2,1.638,31.00,28.3880,25.9,1.633,30.61,4.05,-54,9.50,
2026-09-11T10:48:13,2,1.633,30.61,28.3850,25.9,1.633,30.61,4.06,-54,9.75,
2026-09-11T10:48:14,2,1.615,29.20,28.3890,25.9,1.635,30.81,4.06,-54,9.75,
2026-09-11T10:48:15,2,1.635,30.81,28.3960,25.9,1.633,30.61,4.05,-54,9.50,
2026-09-11T10:48:16,2,1.619,29.52,28.3940,25.9,1.634,30.74,4.05,-54,9.50,
2026-09-11T10:48:17,2,1.615,29.20,28.3880,25.9,1.633,30.68,4.06,-55,9.50,
2026-09-11T10:48:18,2,1.633,30.68,28.3950,25.9,1.633,30.68,4.06,-55,9.50,
2026-09-11T10:48:19,2,1.615,29.20,28.3900,25.9,1.633,30.68,4.06,-54,9.75,
2026-09-11T10:48:20,2,1.639,31.13,28.3940,25.9,1.637,30.94,4.05,-54,9.75,
2026-09-11T10:48:22,2,1.634,30.74,28.3900,25.9,1.631,30.48,4.05,-54,9.25,
2026-09-11T10:48:23,2,1.613,29.07,28.3900,25.9,1.633,30.61,4.06,-54,9.50,
2026-09-11T10:48:24,2,1.637,30.94,28.3930,25.9,1.632,30.55,4.05,-55,9.50,
2026-09-11T10:48:25,2,1.616,29.26,28.3870,25.9,1.636,30.87,4.05,-54,9.75,
2026-09-11T10:48:26,2,1.612,28.94,28.3900,25.9,1.631,30.48,4.06,-53,9.00,
2026-09-11T10:48:27,2,1.633,30.61,28.3940,25.9,1.629,30.36,4.06,-54,9.50,
2026-09-11T10:48:28,2,1.617,29.32,28.3800,25.9,1.633,30.61,4.06,-54,9.50,
2026-09-11T10:48:29,2,1.640,31.19,28.3810,25.9,1.634,30.74,4.05,-54,9.50,
2026-09-11T10:48:30,2,1.632,30.55,28.3820,25.9,1.643,31.45,4.06,-54,9.75,
2026-09-11T10:48:31,2,1.613,29.07,28.3930,25.9,1.632,30.55,4.06,-53,9.75,
2026-09-11T10:48:32,2,1.634,30.74,28.3980,25.9,1.633,30.61,4.05,-52,10.00,
2026-09-11T10:48:34,2,1.613,29.07,28.3970,25.9,1.633,30.61,4.05,-53,9.75,
2026-09-11T10:48:35,2,1.616,29.26,28.3940,25.9,1.633,30.61,4.06,-53,9.50,
2026-09-11T10:48:36,2,1.633,30.68,28.3930,25.9,1.633,30.61,4.06,-52,10.00,
2026-09-11T10:48:37,2,1.615,29.20,28.3970,25.9,1.632,30.55,4.05,-53,10.00,
2026-09-11T10:48:38,2,1.639,31.13,28.4040,25.9,1.630,30.42,4.05,-53,9.75,
2026-09-11T10:48:39,2,1.634,30.74,28.4000,25.9,1.632,30.55,4.06,-53,9.50,
2026-09-11T10:48:40,2,1.617,29.32,28.3940,25.9,1.635,30.81,4.05,-53,9.50,
2026-09-11T10:48:41,2,1.637,30.94,28.3940,25.9,1.633,30.61,4.05,-53,10.00,
2026-09-11T10:48:46,2,1.614,29.13,28.3920,25.9,1.633,30.68,4.05,-46,5.25,
2026-09-11T10:48:47,2,1.611,28.87,28.3900,25.9,1.629,30.36,4.07,-47,5.25,
2026-09-11T10:48:48,2,1.634,30.74,28.3950,25.9,1.631,30.48,4.05,-47,5.25,
2026-09-11T10:48:49,2,1.615,29.20,28.4010,25.9,1.633,30.68,4.05,-47,6.50,
2026-09-11T10:48:50,2,1.636,30.87,28.4000,25.9,1.644,31.52,4.05,-53,9.50,
2026-09-11T10:48:51,2,1.636,30.87,28.3940,25.9,1.638,31.00,4.04,-53,9.50,
2026-09-11T10:48:52,2,1.615,29.20,28.3930,25.9,1.632,30.55,4.06,-53,9.50,
2026-09-11T10:48:53,2,1.634,30.74,28.3930,25.9,1.634,30.74,4.05,-53,9.75,
2026-09-11T10:48:54,2,1.617,29.32,28.3950,25.9,1.633,30.68,4.05,-52,9.50,
2026-09-11T10:48:55,2,1.615,29.20,28.4000,25.9,1.630,30.42,4.07,-53,10.25,
2026-09-11T10:48:57,2,1.634,30.74,28.3990,25.9,1.631,30.48,4.06,-53,9.25,
2026-09-11T10:48:58,2,1.615,29.20,28.3990,25.9,1.633,30.68,4.05,-53,9.50,
2026-09-11T10:48:59,2,1.638,31.00,28.4060,25.9,1.633,30.68,4.05,-53,9.00,
2026-09-11T10:49:00,2,1.625,29.97,28.4030,25.9,1.638,31.00,4.03,-53,10.50,
2026-09-11T10:49:01,2,1.614,29.13,28.4000,25.9,1.633,30.61,4.06,-53,9.75,
2026-09-11T10:49:02,2,1.636,30.87,28.4010,25.9,1.632,30.55,4.05,-53,9.75,
2026-09-11T10:49:03,2,1.615,29.20,28.4070,25.9,1.628,30.23,4.06,-53,9.50,
2026-09-11T10:49:04,2,1.621,29.65,28.4100,25.9,1.629,30.29,4.06,-53,9.25,
2026-09-11T10:49:05,2,1.633,30.61,28.4100,25.9,1.633,30.68,4.06,-53,9.75,
2026-09-11T10:49:06,2,1.616,29.26,28.4080,25.9,1.632,30.55,4.06,-53,10.00,
2026-09-11T10:49:07,2,1.638,31.07,28.4020,25.9,1.638,31.00,4.05,-53,9.50,
2026-09-11T10:49:09,2,1.636,30.87,28.3990,25.9,1.637,30.94,4.04,-53,9.75,
2026-09-11T10:49:10,2,1.614,29.13,28.3930,25.9,1.631,30.48,4.06,-53,9.50,
2026-09-11T10:49:11,2,1.648,31.84,28.3920,25.9,1.632,30.55,4.06,-53,9.50,
2026-09-11T10:49:12,2,1.615,29.20,28.3820,25.9,1.633,30.68,4.05,-54,9.75,
2026-09-11T10:49:13,2,1.613,29.07,28.3750,25.9,1.629,30.36,4.06,-56,9.75,
2026-09-11T10:49:14,2,1.635,30.81,28.3690,25.9,1.632,30.55,4.06,-56,9.75,
2026-09-11T10:49:15,2,1.615,29.20,28.3700,25.9,1.636,30.87,4.06,-55,9.75,
2026-09-11T10:49:16,2,1.639,31.13,28.3720,25.9,1.633,30.68,4.05,-55,9.75,
2026-09-11T10:49:17,2,1.633,30.61,28.3680,25.9,1.637,30.94,4.05,-54,9.75,
2026-09-11T10:49:18,2,1.616,29.26,28.3690,25.9,1.632,30.55,4.05,-55,9.75,
2026-09-11T10:49:19,2,1.636,30.87,28.3670,25.9,1.633,30.61,4.05,-56,9.75,
2026-09-11T10:49:21,2,1.618,29.45,28.3750,25.9,1.634,30.74,4.05,-55,10.00,
2026-09-11T10:49:22,2,1.613,29.07,28.3730,25.9,1.633,30.68,4.05,-55,9.75,
2026-09-11T10:49:23,2,1.633,30.61,28.3680,25.9,1.634,30.74,4.05,-55,9.50,
2026-09-11T10:49:24,2,1.617,29.32,28.3630,25.9,1.635,30.81,4.06,-56,9.50,
2026-09-11T10:49:25,2,1.642,31.32,28.3650,25.9,1.633,30.68,4.05,-54,9.75,
2026-09-11T10:49:26,2,1.631,30.48,28.3650,25.9,1.631,30.48,4.06,-55,9.50,
2026-09-11T10:49:30,2,1.613,29.07,28.3630,25.9,1.631,30.48,4.06,-49,1.50,
2026-09-11T10:49:32,2,1.631,30.48,28.3700,25.9,1.628,30.23,4.05,-49,4.00,
2026-09-11T10:49:33,2,1.615,29.20,28.3780,25.9,1.633,30.68,4.06,-49,3.50,
2026-09-11T10:49:34,2,1.640,31.19,28.3740,25.9,1.633,30.61,4.05,-55,9.75,
2026-09-11T10:49:35,2,1.643,31.45,28.3830,25.9,1.633,30.68,4.06,-56,9.50,
2026-09-11T10:49:36,2,1.615,29.20,28.3770,25.9,1.632,30.55,4.06,-55,9.50,
2026-09-11T10:49:37,2,1.636,30.87,28.3800,25.9,1.633,30.61,4.05,-54,9.50,
2026-09-11T10:49:38,2,1.615,29.20,28.3750,25.9,1.634,30.74,4.05,-56,10.25,
2026-09-11T10:49:39,2,1.613,29.07,28.3750,25.9,1.633,30.61,4.05,-56,9.75,
2026-09-11T10:49:40,2,1.635,30.81,28.3730,25.9,1.634,30.74,4.05,-55,9.75,
2026-09-11T10:49:41,2,1.617,29.39,28.3770,25.9,1.633,30.61,4.05,-56,9.25,
2026-09-11T10:49:42,2,1.613,29.07,28.3810,25.9,1.629,30.36,4.07,-55,10.25,
2026-09-11T10:49:44,2,1.634,30.74,28.3840,25.9,1.634,30.74,4.06,-55,9.50,
2026-09-11T10:49:45,2,1.614,29.13,28.3770,25.9,1.632,30.55,4.06,-55,9.75,
2026-09-11T10:49:46,2,1.634,30.74,28.3890,25.9,1.635,30.81,4.05,-54,9.50,
2026-09-11T10:49:47,2,1.635,30.81,28.3950,25.9,1.638,31.00,4.04,-54,9.75,
2026-09-11T10:49:48,2,1.613,29.07,28.3890,25.9,1.633,30.61,4.05,-54,9.75,
2026-09-11T10:49:49,2,1.635,30.81,28.3870,25.9,1.632,30.55,4.05,-54,9.50,
2026-09-11T10:49:50,2,1.616,29.26,28.3980,25.9,1.630,30.42,4.05,-54,9.75,
2026-09-11T10:49:51,2,1.613,29.07,28.3930,25.9,1.630,30.42,4.07,-55,10.00,
2026-09-11T10:49:52,2,1.633,30.68,28.3930,25.9,1.633,30.68,4.05,-54,10.00,
2026-09-11T10:49:53,2,1.614,29.13,28.3980,25.9,1.636,30.87,4.06,-53,9.50,
2026-09-11T10:49:54,2,1.640,31.19,28.3900,25.9,1.633,30.68,4.06,-53,9.50,
2026-09-11T10:49:56,2,1.634,30.74,28.3930,25.9,1.637,30.94,4.04,-53,10.25,
2026-09-11T10:49:57,2,1.609,28.74,28.3930,25.9,1.633,30.68,4.06,-53,9.50,
2026-09-11T10:49:58,2,1.633,30.61,28.3930,25.9,1.632,30.55,4.05,-53,9.75,
2026-09-11T10:49:59,2,1.615,29.20,28.3940,25.9,1.633,30.61,4.05,-53,9.25,
2026-09-11T10:50:00,2,1.620,29.58,28.3890,25.9,1.628,30.23,4.07,-53,9.50,
2026-09-11T10:50:01,2,1.621,29.65,28.3900,25.9,1.633,30.68,4.05,-53,9.75,
2026-09-11T10:50:02,2,1.617,29.32,28.3910,25.9,1.633,30.61,4.06,-53,9.50,
2026-09-11T10:50:03,2,1.637,30.94,28.3880,25.9,1.633,30.68,4.05,-53,9.50,
2026-09-11T10:50:04,2,1.638,31.07,28.4020,25.9,1.637,30.94,4.03,-54,9.50,
2026-09-11T10:50:05,2,1.615,29.20,28.3970,25.9,1.633,30.68,4.05,-53,9.25,
2026-09-11T10:50:06,2,1.635,30.81,28.3930,25.9,1.633,30.61,4.05,-53,9.25,
2026-09-11T10:50:08,2,1.613,29.07,28.4040,25.9,1.633,30.61,4.06,-53,9.50,
2026-09-11T10:50:09,2,1.611,28.87,28.3980,25.9,1.629,30.29,4.07,-54,10.00,
2026-09-11T10:50:10,2,1.632,30.55,28.3920,25.9,1.633,30.68,4.05,-54,9.50,
2026-09-11T10:50:15,2,1.637,30.94,28.3890,25.9,1.633,30.61,4.05,-49,5.25,
2026-09-11T10:50:16,2,1.615,29.20,28.3860,25.9,1.633,30.61,4.05,-49,5.50,
2026-09-11T10:50:17,2,1.613,29.00,28.3830,25.9,1.629,30.29,4.06,-49,5.25,
2026-09-11T10:50:19,2,1.630,30.42,28.3860,25.9,1.633,30.61,4.06,-55,9.75,
2026-09-11T10:50:20,2,1.615,29.20,28.3900,25.9,1.633,30.68,4.05,-54,10.00,
2026-09-11T10:50:21,2,1.638,31.07,28.3920,25.9,1.633,30.61,4.05,-54,9.50,
2026-09-11T10:50:22,2,1.635,30.81,28.3940,25.9,1.637,30.94,4.03,-54,9.75,
2026-09-11T10:50:23,2,1.616,29.26,28.3990,25.9,1.632,30.55,4.05,-54,9.50,
2026-09-11T10:50:24,2,1.633,30.61,28.3840,25.9,1.635,30.81,4.05,-55,10.00,
2026-09-11T10:50:25,2,1.607,28.55,28.3780,25.9,1.637,30.94,4.06,-55,10.00,
2026-09-11T10:50:26,2,1.612,28.94,28.3830,25.9,1.630,30.42,4.07,-56,10.00,
2026-09-11T10:50:27,2,1.632,30.55,28.3800,25.9,1.633,30.61,4.05,-56,9.75,
2026-09-11T10:50:28,2,1.620,29.58,28.3790,25.9,1.629,30.36,4.05,-57,9.50,
2026-09-11T10:50:29,2,1.639,31.13,28.3790,25.9,1.634,30.74,4.05,-56,9.50,
2026-09-11T10:50:31,2,1.633,30.68,28.3800,25.9,1.634,30.74,4.04,-60,10.00,
2026-09-11T10:50:32,2,1.617,29.32,28.3700,25.9,1.633,30.61,4.05,-57,9.75,
2026-09-11T10:50:33,2,1.633,30.68,28.3720,25.9,1.633,30.68,4.05,-56,9.75,
2026-09-11T10:50:34,2,1.615,29.20,28.3810,25.9,1.633,30.61,4.05,-54,9.75,
2026-09-11T10:50:35,2,1.609,28.74,28.3760,25.9,1.633,30.61,4.06,-56,9.50,
2026-09-11T10:50:36,2,1.633,30.61,28.3700,25.9,1.631,30.48,4.05,-53,9.25,
2026-09-11T10:50:37,2,1.613,29.00,28.3770,25.9,1.633,30.61,4.05,-55,10.00,
2026-09-11T10:50:38,2,1.638,31.07,28.3730,25.9,1.634,30.74,4.05,-55,9.75,
2026-09-11T10:50:39,2,1.633,30.61,28.3710,25.9,1.639,31.13,4.05,-55,9.75,
2026-09-11T10:50:40,2,1.613,29.07,28.3690,25.9,1.632,30.55,4.06,-55,9.75,
2026-09-11T10:50:41,2,1.636,30.87,28.3530,25.9,1.631,30.48,4.05,-55,9.50,
2026-09-11T10:50:43,2,1.615,29.20,28.3520,25.9,1.630,30.42,4.05,-55,9.75,
2026-09-11T10:50:44,2,1.618,29.45,28.3460,25.9,1.629,30.29,4.06,-55,9.75,
2026-09-11T10:50:45,2,1.634,30.74,28.3600,25.9,1.633,30.68,4.06,-55,10.00,
2026-09-11T10:50:46,2,1.615,29.20,28.3640,25.9,1.632,30.55,4.06,-55,9.75,
2026-09-11T10:50:47,2,1.642,31.39,28.3560,25.9,1.634,30.74,4.05,-55,9.50,
2026-09-11T10:50:48,2,1.631,30.48,28.3590,25.9,1.632,30.55,4.05,-55,9.50,
2026-09-11T10:50:49,2,1.615,29.20,28.3670,25.9,1.636,30.87,4.05,-55,10.25,
2026-09-11T10:50:50,2,1.637,30.94,28.3710,25.9,1.645,31.58,4.05,-55,9.50,
2026-09-11T10:50:51,2,1.616,29.26,28.3810,25.9,1.635,30.81,4.06,-54,9.50,
2026-09-11T10:50:52,2,1.614,29.13,28.3770,25.9,1.633,30.68,4.05,-55,9.75,
2026-09-11T10:50:53,2,1.633,30.61,28.3640,25.9,1.633,30.61,4.05,-55,9.75,
2026-09-11T10:50:55,2,1.615,29.20,28.3660,25.9,1.632,30.55,4.05,-55,9.75,
2026-09-11T10:51:00,2,1.635,30.81,28.3720,25.9,1.636,30.87,4.04,-49,2.00,
2026-09-11T10:51:01,2,1.616,29.26,28.3890,25.9,1.629,30.29,4.05,-48,2.25,
2026-09-11T10:51:02,2,1.630,30.42,28.3840,25.9,1.633,30.61,4.06,-49,3.00,
2026-09-11T10:51:03,2,1.612,28.94,28.3850,25.9,1.633,30.68,4.05,-56,9.75,
2026-09-11T10:51:04,2,1.613,29.00,28.3760,25.9,1.629,30.36,4.07,-55,10.50,
2026-09-11T10:51:06,2,1.634,30.74,28.3780,25.9,1.633,30.68,4.06,-55,9.75,
2026-09-11T10:51:07,2,1.617,29.32,28.3820,25.9,1.635,30.81,4.05,-55,9.75,
2026-09-11T10:51:08,2,1.638,31.00,28.3840,25.9,1.632,30.55,4.05,-55,10.75,
2026-09-11T10:51:09,2,1.646,31.65,28.3900,25.9,1.636,30.87,4.04,-55,10.00,
2026-09-11T10:51:10,2,1.614,29.13,28.3860,25.9,1.633,30.61,4.05,-55,12.00,
2026-09-11T10:51:11,2,1.634,30.74,28.3830,25.9,1.631,30.48,4.05,-55,9.75,
2026-09-11T10:51:12,2,1.618,29.45,28.3900,25.9,1.633,30.68,4.05,-56,10.00,
2026-09-11T10:51:13,2,1.616,29.26,28.3980,25.9,1.628,30.23,4.07,-53,9.50,
2026-09-11T10:51:14,2,1.635,30.81,28.3960,25.9,1.633,30.61,4.04,-53,10.00,
2026-09-11T10:51:15,2,1.617,29.32,28.4010,25.9,1.633,30.68,4.06,-53,9.50,
2026-09-11T10:51:16,2,1.636,30.87,28.4080,25.9,1.632,30.55,4.05,-53,9.75,
2026-09-11T10:51:18,2,1.636,30.87,28.4140,25.9,1.638,31.00,4.04,-55,9.75,
2026-09-11T10:51:19,2,1.617,29.32,28.4120,25.9,1.632,30.55,4.06,-55,10.25,
2026-09-11T10:51:20,2,1.633,30.61,28.4030,25.9,1.623,29.84,4.05,-55,10.25,
2026-09-11T10:51:21,2,1.613,29.07,28.4170,25.9,1.632,30.55,4.06,-55,10.00,
2026-09-11T10:51:22,2,1.612,28.94,28.4110,25.9,1.629,30.36,4.07,-55,9.75,
2026-09-11T10:51:23,2,1.632,30.55,28.4230,25.9,1.632,30.55,4.05,-55,9.75,
2026-09-11T10:51:24,2,1.610,28.81,28.4240,25.9,1.633,30.61,4.06,-55,9.75,
2026-09-11T10:51:25,2,1.640,31.19,28.4220,25.9,1.633,30.61,4.05,-55,9.75,
2026-09-11T10:51:26,2,1.636,30.87,28.4190,25.9,1.635,30.81,4.04,-55,10.00,
2026-09-11T10:51:27,2,1.614,29.13,28.4240,25.9,1.634,30.74,4.06,-55,9.75,
2026-09-11T10:51:28,2,1.633,30.68,28.4260,25.9,1.632,30.55,4.05,-55,9.75,
2026-09-11T10:51:30,2,1.615,29.20,28.4350,25.9,1.630,30.42,4.06,-55,10.00,
2026-09-11T10:51:31,2,1.615,29.20,28.4330,25.9,1.629,30.29,4.07,-55,10.25,
2026-09-11T10:51:32,2,1.633,30.68,28.4250,25.9,1.634,30.74,4.05,-55,10.00,
2026-09-11T10:51:33,2,1.614,29.13,28.4210,25.9,1.633,30.68,4.05,-56,9.50,
2026-09-11T10:51:34,2,1.638,31.07,28.4200,25.9,1.634,30.74,4.05,-55,9.50,
2026-09-11T10:51:35,2,1.637,30.94,28.4180,25.9,1.638,31.00,4.04,-55,10.25,
2026-09-11T10:51:36,2,1.616,29.26,28.4170,25.9,1.632,30.55,4.06,-55,10.00,
2026-09-11T10:51:37,2,1.633,30.68,28.4090,25.9,1.633,30.61,4.05,-56,10.00,
2026-09-11T10:51:38,2,1.617,29.32,28.4040,25.9,1.634,30.74,4.04,-55,10.00,
2026-09-11T10:51:39,2,1.614,29.13,28.4050,25.9,1.629,30.36,4.07,-55,10.00,
2026-09-11T10:51:44,2,1.637,30.94,28.3870,25.9,1.638,31.00,4.03,-49,2.00,
2026-09-11T10:51:45,2,1.615,29.20,28.3850,25.9,1.634,30.74,4.05,-49,2.00,
2026-09-11T10:51:46,2,1.638,31.00,28.3790,25.9,1.630,30.42,4.05,-49,2.00,
2026-09-11T10:51:47,2,1.614,29.13,28.3810,25.9,1.634,30.74,4.05,-49,4.00,
2026-09-11T10:51:48,2,1.613,29.07,28.3790,25.9,1.629,30.36,4.07,-55,9.75,
2026-09-11T10:51:49,2,1.633,30.61,28.3750,25.9,1.633,30.68,4.05,-55,9.25,
2026-09-11T10:51:50,2,1.615,29.20,28.3860,25.9,1.635,30.81,4.06,-55,9.50,
2026-09-11T10:51:53,2,1.635,30.81,28.3880,25.9,1.635,30.81,4.04,-55,10.00,
2026-09-11T10:51:54,2,1.613,29.07,28.3870,25.9,1.631,30.48,4.05,-55,9.75,
2026-09-11T10:51:55,2,1.633,30.68,28.3820,25.9,1.637,30.94,4.05,-55,9.75,
2026-09-11T10:51:56,2,1.617,29.32,28.3850,25.9,1.635,30.81,4.05,-55,10.25,
2026-09-11T10:51:57,2,1.614,29.13,28.3870,25.9,1.631,30.48,4.06,-55,10.00,
2026-09-11T10:51:58,2,1.633,30.68,28.3990,25.9,1.634,30.74,4.06,-55,9.75,
2026-09-11T10:51:59,2,1.614,29.13,28.3970,25.9,1.634,30.74,4.05,-56,9.75,
2026-09-11T10:52:00,2,1.640,31.19,28.3930,25.9,1.634,30.74,4.04,-55,10.25,
2026-09-11T10:52:01,2,1.638,31.07,28.4050,25.9,1.638,31.07,4.03,-56,9.25,
2026-09-11T10:52:02,2,1.604,28.36,28.4170,25.9,1.633,30.68,4.05,-56,9.50,
2026-09-11T10:52:03,2,1.636,30.87,28.4150,25.9,1.637,30.94,4.05,-56,9.75,
2026-09-11T10:52:05,2,1.611,28.87,28.4250,25.9,1.633,30.68,4.05,-55,9.50,
2026-09-11T10:52:06,2,1.613,29.00,28.4290,25.9,1.629,30.36,4.06,-56,9.75,
2026-09-11T10:52:07,2,1.633,30.61,28.4350,25.9,1.633,30.68,4.06,-55,9.75,
2026-09-11T10:52:08,2,1.617,29.32,28.4290,25.9,1.636,30.87,4.05,-56,9.75,
2026-09-11T10:52:09,2,1.640,31.19,28.4190,25.9,1.634,30.74,4.05,-56,10.00,
2026-09-11T10:52:10,2,1.636,30.87,28.4180,25.9,1.639,31.13,4.03,-54,9.75,
2026-09-11T10:52:11,2,1.617,29.39,28.4230,25.9,1.626,30.10,4.06,-55,10.25,
2026-09-11T10:52:12,2,1.634,30.74,28.4140,25.9,1.634,30.74,4.05,-55,10.00,
2026-09-11T10:52:13,2,1.613,29.07,28.4120,25.9,1.634,30.74,4.05,-55,9.25,
2026-09-11T10:52:14,2,1.613,29.00,28.4130,25.9,1.632,30.55,4.06,-55,10.00,
2026-09-11T10:52:15,2,1.634,30.74,28.4160,25.9,1.634,30.74,4.05,-55,9.75,
2026-09-11T10:52:17,2,1.614,29.13,28.4170,25.9,1.633,30.61,4.06,-55,9.50,
2026-09-11T10:52:18,2,1.627,30.16,28.4230,25.9,1.635,30.81,4.07,-55,10.50,
2026-09-11T10:52:19,2,1.634,30.74,28.4100,25.9,1.638,31.07,4.06,-55,9.50,
2026-09-11T10:52:20,2,1.615,29.20,28.4200,25.9,1.633,30.68,4.05,-55,9.75,
2026-09-11T10:52:21,2,1.633,30.61,28.4260,25.9,1.634,30.74,4.05,-55,10.00,
2026-09-11T10:52:22,2,1.637,30.94,28.4200,25.9,1.638,31.07,4.04,-55,10.00,
2026-09-11T10:52:23,2,1.608,28.68,28.4150,25.9,1.630,30.42,4.05,-55,12.25,
2026-09-11T10:52:24,2,1.632,30.55,28.4050,25.9,1.636,30.87,4.06,-55,10.00,
2026-09-11T10:52:29,2,1.614,29.13,28.4070,25.9,1.633,30.68,4.05,-49,3.50,
2026-09-11T10:52:30,2,1.635,30.81,28.4070,25.9,1.635,30.81,4.05,-49,3.25,
2026-09-11T10:52:31,2,1.636,30.87,28.4050,25.9,1.635,30.81,4.04,-49,3.75,
2026-09-11T10:52:32,2,1.613,29.07,28.4050,25.9,1.633,30.68,4.06,-48,7.75,
2026-09-11T10:52:33,2,1.635,30.81,28.4200,25.9,1.634,30.74,4.05,-55,9.50,
2026-09-11T10:52:34,2,1.617,29.32,28.4230,25.9,1.633,30.68,4.06,-54,10.00,
2026-09-11T10:52:35,2,1.612,28.94,28.4170,25.9,1.630,30.42,4.06,-54,10.00,
2026-09-11T10:52:36,2,1.633,30.61,28.4160,25.9,1.633,30.61,4.05,-54,10.00,
2026-09-11T10:52:37,2,1.621,29.71,28.4050,25.9,1.633,30.68,4.06,-54,9.75,
2026-09-11T10:52:38,2,1.636,30.87,28.4090,25.9,1.634,30.74,4.05,-54,9.75,
2026-09-11T10:52:40,2,1.640,31.19,28.4040,25.9,1.637,30.94,4.04,-54,10.00,
2026-09-11T10:52:41,2,1.613,29.07,28.4050,25.9,1.635,30.81,4.05,-54,12.00,
2026-09-11T10:52:42,2,1.635,30.81,28.3990,25.9,1.635,30.81,4.05,-54,9.50,
2026-09-11T10:52:43,2,1.615,29.20,28.4080,25.9,1.631,30.48,4.05,-54,9.50,
2026-09-11T10:52:44,2,1.613,29.07,28.4130,25.9,1.631,30.48,4.06,-54,9.75,
2026-09-11T10:52:45,2,1.636,30.87,28.4220,25.9,1.633,30.61,4.05,-54,9.75,
2026-09-11T10:52:46,2,1.617,29.32,28.4240,25.9,1.636,30.87,4.05,-55,10.00,
2026-09-11T10:52:47,2,1.638,31.00,28.4190,25.9,1.633,30.68,4.05,-55,9.25,
2026-09-11T10:52:48,2,1.636,30.87,28.4070,25.9,1.637,30.94,4.04,-55,10.00,
2026-09-11T10:52:49,2,1.613,29.07,28.4130,25.9,1.635,30.81,4.06,-55,10.00,
2026-09-11T10:52:50,2,1.637,30.94,28.4140,25.9,1.633,30.68,4.05,-55,9.75,
2026-09-11T10:52:52,2,1.614,29.13,28.4130,25.9,1.631,30.48,4.05,-55,9.75,
2026-09-11T10:52:54,2,1.632,30.55,28.4150,25.9,1.633,30.68,4.05,-55,9.25,
2026-09-11T10:52:55,2,1.615,29.20,28.4160,25.9,1.636,30.87,4.05,-55,9.50,
2026-09-11T10:52:56,2,1.638,31.07,28.4190,25.9,1.632,30.55,4.05,-55,9.75,
2026-09-11T10:52:57,2,1.637,30.94,28.4300,25.9,1.638,31.00,4.04,-54,10.00,
2026-09-11T10:52:58,2,1.617,29.32,28.4450,25.9,1.633,30.68,4.05,-55,10.00,
2026-09-11T10:52:59,2,1.636,30.87,28.4460,25.9,1.634,30.74,4.05,-55,9.75,
2026-09-11T10:53:00,2,1.617,29.32,28.4430,25.9,1.633,30.68,4.04,-55,9.50,
2026-09-11T10:53:01,2,1.616,29.26,28.4530,25.9,1.635,30.81,4.06,-55,10.00,
2026-09-11T10:53:02,2,1.639,31.13,28.4460,25.9,1.631,30.48,4.05,-55,9.25,
2026-09-11T10:53:04,2,1.615,29.20,28.4440,25.9,1.633,30.68,4.05,-55,10.00,
2026-09-11T10:53:05,2,1.641,31.26,28.4450,25.9,1.633,30.61,4.05,-55,9.75,
2026-09-11T10:53:06,2,1.638,31.00,28.4470,25.9,1.637,30.94,4.04,-55,10.25,
2026-09-11T10:53:07,2,1.613,29.07,28.4490,25.9,1.633,30.68,4.05,-55,9.75,
2026-09-11T10:53:08,2,1.637,30.94,28.4630,25.9,1.634,30.74,4.05,-55,9.50,
2026-09-11T10:53:13,2,1.612,28.94,28.4580,25.9,1.631,30.48,4.07,-49,2.00,
2026-09-11T10:53:15,2,1.638,31.00,28.4580,25.9,1.638,31.00,4.03,-48,2.00,
2026-09-11T10:53:16,2,1.616,29.26,28.4540,25.9,1.633,30.61,4.06,-48,2.00,
2026-09-11T10:53:17,2,1.638,31.07,28.4540,25.9,1.633,30.68,4.05,-55,9.75,
2026-09-11T10:53:18,2,1.635,30.81,28.4510,25.9,1.638,31.00,4.04,-55,10.00,
2026-09-11T10:53:19,2,1.613,29.00,28.4450,25.9,1.630,30.42,4.07,-55,10.25,
2026-09-11T10:53:20,2,1.633,30.68,28.4460,25.9,1.631,30.48,4.05,-55,9.75,
2026-09-11T10:53:21,2,1.618,29.45,28.4410,25.9,1.632,30.55,4.05,-55,9.75,
2026-09-11T10:53:22,2,1.614,29.13,28.4370,25.9,1.629,30.29,4.06,-55,10.00,
2026-09-11T10:53:23,2,1.632,30.55,28.4370,25.9,1.629,30.29,4.03,-55,9.75,
2026-09-11T10:53:24,2,1.617,29.32,28.4460,25.9,1.633,30.68,4.05,-55,9.75,
2026-09-11T10:53:25,2,1.638,31.00,28.4510,25.9,1.632,30.55,4.05,-54,9.75,
2026-09-11T10:53:27,2,1.636,30.87,28.4510,25.9,1.637,30.94,4.04,-55,10.25,
2026-09-11T10:53:28,2,1.611,28.87,28.4470,25.9,1.631,30.48,4.06,-55,12.00,
2026-09-11T10:53:29,2,1.628,30.23,28.4500,25.9,1.632,30.55,4.05,-55,9.50,
2026-09-11T10:53:30,2,1.617,29.39,28.4560,25.9,1.636,30.87,4.05,-55,10.25,
2026-09-11T10:53:31,2,1.614,29.13,28.4580,25.9,1.629,30.29,4.07,-55,10.00,
2026-09-11T10:53:32,2,1.639,31.13,28.4490,25.9,1.637,30.94,4.05,-55,9.75,
2026-09-11T10:53:33,2,1.616,29.26,28.4470,25.9,1.633,30.68,4.05,-55,9.75,
2026-09-11T10:53:34,2,1.633,30.61,28.4480,25.9,1.634,30.74,4.05,-55,9.75,
2026-09-11T10:53:35,2,1.637,30.94,28.4570,25.9,1.638,31.00,4.03,-55,9.50,
2026-09-11T10:53:36,2,1.617,29.32,28.4550,25.9,1.630,30.42,4.06,-55,9.75,
2026-09-11T10:53:37,2,1.636,30.87,28.4540,25.9,1.635,30.81,4.05,-54,9.75,
2026-09-11T10:53:39,2,1.615,29.20,28.4510,25.9,1.636,30.87,4.05,-54,9.50,
2026-09-11T10:53:40,2,1.613,29.00,28.4430,25.9,1.630,30.42,4.07,-54,10.50,
2026-09-11T10:53:41,2,1.634,30.74,28.4490,25.9,1.634,30.74,4.05,-54,10.00,
2026-09-11T10:53:42,2,1.620,29.58,28.4480,25.9,1.633,30.61,4.05,-55,9.75,
2026-09-11T10:53:43,2,1.641,31.26,28.4500,25.9,1.634,30.74,4.05,-54,9.50,
2026-09-11T10:53:44,2,1.637,30.94,28.4510,25.9,1.638,31.00,4.04,-54,10.00,
2026-09-11T10:53:45,2,1.617,29.32,28.4500,25.9,1.634,30.74,4.05,-54,9.75,
2026-09-11T10:53:46,2,1.637,30.94,28.4500,25.9,1.642,31.39,4.05,-55,9.75,
2026-09-11T10:53:47,2,1.618,29.45,28.4500,25.9,1.633,30.68,4.05,-55,9.75,
2026-09-11T10:53:48,2,1.610,28.81,28.4470,25.9,1.632,30.55,4.07,-54,9.75,
2026-09-11T10:53:50,2,1.634,30.74,28.4390,25.9,1.633,30.61,4.05,-55,9.75,
2026-09-11T10:53:51,2,1.615,29.20,28.4400,25.9,1.634,30.74,4.05,-55,9.75,
2026-09-11T10:53:52,2,1.639,31.13,28.4420,25.9,1.632,30.55,4.05,-54,9.75,
2026-09-11T10:53:53,2,1.634,30.74,28.4390,25.9,1.636,30.87,4.04,-54,10.25,
2026-09-11T10:53:58,2,1.635,30.81,28.4490,25.9,1.633,30.61,4.05,-49,4.00,
2026-09-11T10:54:00,2,1.641,31.26,28.4450,25.9,1.633,30.61,4.05,-48,5.25,
2026-09-11T10:54:02,2,1.635,30.81,28.4440,25.9,1.638,31.00,4.04,-55,10.00,
2026-09-11T10:54:03,2,1.617,29.39,28.4480,25.9,1.634,30.74,4.05,-55,10.00,
2026-09-11T10:54:04,2,1.634,30.74,28.4520,25.9,1.633,30.61,4.05,-54,9.75,
2026-09-11T10:54:05,2,1.617,29.39,28.4460,25.9,1.634,30.74,4.05,-55,9.50,
2026-09-11T10:54:06,2,1.612,28.94,28.4420,25.9,1.632,30.55,4.07,-55,10.00,
2026-09-11T10:54:07,2,1.634,30.74,28.4380,25.9,1.633,30.68,4.05,-54,9.75,
2026-09-11T10:54:08,2,1.617,29.32,28.4390,25.9,1.633,30.68,4.05,-55,9.75,
2026-09-11T10:54:09,2,1.640,31.19,28.4420,25.9,1.632,30.55,4.05,-54,9.75,
2026-09-11T10:54:10,2,1.637,30.94,28.4450,25.9,1.638,31.07,4.03,-55,9.75,
2026-09-11T10:54:11,2,1.614,29.13,28.4420,25.9,1.633,30.68,4.05,-55,10.00,
2026-09-11T10:54:12,2,1.637,30.94,28.4480,25.9,1.635,30.81,4.05,-56,9.75,
2026-09-11T10:54:15,2,1.612,28.94,28.4520,25.9,1.631,30.48,4.06,-53,9.75,
2026-09-11T10:54:16,2,1.636,30.87,28.4530,25.9,1.634,30.74,4.05,-55,10.00,
2026-09-11T10:54:17,2,1.616,29.26,28.4490,25.9,1.635,30.81,4.05,-54,9.50,
2026-09-11T10:54:18,2,1.613,29.07,28.4500,25.9,1.633,30.61,4.06,-55,10.00,
2026-09-11T10:54:19,2,1.637,30.94,28.4570,25.9,1.639,31.13,4.03,-53,9.00,
2026-09-11T10:54:20,2,1.616,29.26,28.4570,25.9,1.636,30.87,4.06,-55,9.50,
2026-09-11T10:54:21,2,1.638,31.07,28.4600,25.9,1.633,30.61,4.05,-54,9.50,
2026-09-11T10:54:22,2,1.635,30.81,28.4570,25.9,1.630,30.42,4.04,-55,10.00,
2026-09-11T10:54:23,2,1.609,28.74,28.4590,25.9,1.632,30.55,4.06,-54,9.50,
2026-09-11T10:54:24,2,1.634,30.74,28.4620,25.9,1.634,30.74,4.05,-55,9.75,
2026-09-11T10:54:26,2,1.617,29.32,28.4650,25.9,1.634,30.74,4.05,-53,9.75,
2026-09-11T10:54:27,2,1.613,29.00,28.4650,25.9,1.630,30.42,4.06,-55,10.00,
2026-09-11T10:54:28,2,1.637,30.94,28.4700,25.9,1.638,31.07,4.03,-55,9.75,
2026-09-11T10:54:29,2,1.617,29.32,28.4760,25.9,1.636,30.87,4.05,-55,10.00,
2026-09-11T10:54:30,2,1.638,31.00,28.4680,25.9,1.635,30.81,4.05,-55,9.50,
2026-09-11T10:54:31,2,1.637,30.94,28.4760,25.9,1.637,30.94,4.04,-55,9.75,
2026-09-11T10:54:32,2,1.614,29.13,28.4760,25.9,1.629,30.36,4.06,-55,9.75,
2026-09-11T10:54:33,2,1.637,30.94,28.4710,25.9,1.632,30.55,4.05,-55,9.75,
2026-09-11T10:54:34,2,1.617,29.32,28.4710,25.9,1.633,30.61,4.05,-55,9.25,
2026-09-11T10:54:35,2,1.612,28.94,28.4760,25.9,1.632,30.55,4.07,-55,10.25,
2026-09-11T10:54:37,2,1.638,31.00,28.4780,25.9,1.639,31.13,4.03,-55,9.50,
2026-09-11T10:54:38,2,1.615,29.20,28.4780,25.9,1.634,30.74,4.05,-55,10.00,
2026-09-11T10:54:43,2,1.616,29.26,28.4680,25.9,1.633,30.68,4.05,-49,2.25,
2026-09-11T10:54:44,2,1.613,29.00,28.4650,25.9,1.629,30.29,4.06,-49,2.25,
2026-09-11T10:54:45,2,1.634,30.74,28.4650,25.9,1.633,30.61,4.05,-49,3.75,
2026-09-11T10:54:46,2,1.617,29.39,28.4630,25.9,1.633,30.68,4.05,-56,9.50,
2026-09-11T10:54:47,2,1.642,31.32,28.4650,25.9,1.633,30.68,4.04,-56,10.00,
2026-09-11T10:54:49,2,1.637,30.94,28.4640,25.9,1.636,30.87,4.04,-55,10.00,
2026-09-11T10:54:50,2,1.615,29.20,28.4750,25.9,1.633,30.68,4.05,-55,9.50,
2026-09-11T10:54:51,2,1.635,30.81,28.4770,25.9,1.634,30.74,4.05,-55,10.00,
2026-09-11T10:54:52,2,1.617,29.39,28.4690,25.9,1.634,30.74,4.05,-55,9.50,
2026-09-11T10:54:53,2,1.612,28.94,28.4740,25.9,1.631,30.48,4.06,-54,9.75,
2026-09-11T10:54:54,2,1.636,30.87,28.4790,25.9,1.633,30.61,4.05,-55,10.00,
2026-09-11T10:54:55,2,1.617,29.32,28.4710,25.9,1.634,30.74,4.05,-55,10.25,
2026-09-11T10:54:56,2,1.625,30.03,28.4690,25.9,1.631,30.48,4.07,-54,9.75,
2026-09-11T10:54:57,2,1.638,31.07,28.4700,25.9,1.638,31.00,4.04,-55,9.75,
2026-09-11T10:54:58,2,1.616,29.26,28.4720,25.9,1.637,30.94,4.05,-55,9.50,
2026-09-11T10:54:59,2,1.635,30.81,28.4730,25.9,1.633,30.61,4.05,-55,9.75,
2026-09-11T10:55:01,2,1.637,30.94,28.4760,25.9,1.638,31.00,4.04,-54,9.75,
2026-09-11T10:55:02,2,1.627,30.16,28.4740,25.9,1.630,30.42,4.06,-54,10.25,
2026-09-11T10:55:03,2,1.635,30.81,28.4850,25.9,1.633,30.61,4.05,-54,9.75,
2026-09-11T10:55:04,2,1.617,29.39,28.4850,25.9,1.635,30.81,4.05,-54,9.75,
2026-09-11T10:55:05,2,1.614,29.13,28.4850,25.9,1.629,30.36,4.06,-54,9.75,
2026-09-11T10:55:06,2,1.640,31.19,28.4930,25.9,1.638,31.00,4.03,-55,10.50,
2026-09-11T10:55:07,2,1.617,29.39,28.4950,25.9,1.632,30.55,4.06,-54,9.50,
2026-09-11T10:55:08,2,1.637,30.94,28.4940,25.9,1.635,30.81,4.05,-54,9.50,
2026-09-11T10:55:09,2,1.637,30.94,28.4900,25.9,1.638,31.00,4.04,-54,10.25,
2026-09-11T10:55:10,2,1.613,29.00,28.4950,25.9,1.631,30.48,4.06,-54,9.75,
2026-09-11T10:55:11,2,1.637,30.94,28.5040,25.9,1.634,30.74,4.05,-54,9.75,
2026-09-11T10:55:13,2,1.616,29.26,28.4980,25.9,1.633,30.61,4.05,-54,9.50,
2026-09-11T10:55:14,2,1.616,29.26,28.4970,25.9,1.633,30.61,4.06,-54,10.00,
2026-09-11T10:55:15,2,1.637,30.94,28.4990,25.9,1.638,31.00,4.04,-54,10.00,
2026-09-11T10:55:16,2,1.621,29.71,28.5100,25.9,1.634,30.74,4.05,-54,10.25,
2026-09-11T10:55:17,2,1.639,31.13,28.5100,25.9,1.634,30.74,4.05,-54,9.50,
2026-09-11T10:55:18,2,1.649,31.90,28.5120,25.9,1.637,30.94,4.04,-54,9.75,
2026-09-11T10:55:19,2,1.614,29.13,28.5200,25.9,1.629,30.29,4.06,-54,10.50,
2026-09-11T10:55:20,2,1.638,31.00,28.5230,25.9,1.635,30.81,4.05,-53,10.00,
2026-09-11T10:55:21,2,1.617,29.32,28.5210,25.9,1.633,30.61,4.05,-54,9.75,
2026-09-11T10:55:22,2,1.612,28.94,28.5130,25.9,1.630,30.42,4.07,-54,10.25,
2026-09-11T10:55:27,2,1.637,30.94,28.5270,25.9,1.638,31.00,4.04,-48,4.25,
2026-09-11T10:55:28,2,1.613,29.07,28.5300,25.9,1.633,30.61,4.06,-49,4.50,
2026-09-11T10:55:29,2,1.636,30.87,28.5360,25.9,1.633,30.61,4.05,-48,4.25,
2026-09-11T10:55:30,2,1.608,28.68,28.5300,25.9,1.633,30.68,4.05,-48,6.50,
2026-09-11T10:55:31,2,1.615,29.20,28.5270,25.9,1.631,30.48,4.06,-54,9.75,
2026-09-11T10:55:32,2,1.638,31.07,28.5350,25.9,1.638,31.00,4.03,-54,9.50,
2026-09-11T10:55:33,2,1.615,29.20,28.5390,25.9,1.635,30.81,4.05,-54,10.00,
2026-09-11T10:55:34,2,1.641,31.26,28.5410,25.9,1.633,30.68,4.05,-55,9.50,
2026-09-11T10:55:36,2,1.637,30.94,28.5430,25.9,1.638,31.00,4.04,-55,10.00,
2026-09-11T10:55:37,2,1.613,29.07,28.5480,25.9,1.633,30.68,4.07,-54,10.25,
2026-09-11T10:55:38,2,1.636,30.87,28.5510,25.9,1.635,30.81,4.05,-54,10.00,
2026-09-11T10:55:39,2,1.620,29.58,28.5510,25.9,1.633,30.68,4.05,-55,9.50,
2026-09-11T10:55:40,2,1.604,28.36,28.5480,25.9,1.631,30.48,4.06,-54,9.75,
2026-09-11T10:55:41,2,1.640,31.19,28.5520,25.9,1.638,31.07,4.03,-54,9.50,
2026-09-11T10:55:42,2,1.617,29.32,28.5610,25.9,1.636,30.87,4.05,-54,9.50,
2026-09-11T10:55:43,2,1.642,31.39,28.5550,25.9,1.633,30.68,4.05,-55,9.25,
2026-09-11T10:55:44,2,1.648,31.84,28.5570,25.9,1.638,31.07,4.04,-55,10.00,
2026-09-11T10:55:45,2,1.616,29.26,28.5580,25.9,1.633,30.61,4.06,-56,9.75,
2026-09-11T10:55:46,2,1.640,31.19,28.5630,25.9,1.633,30.68,4.05,-56,10.00,
2026-09-11T10:55:48,2,1.616,29.26,28.5590,25.9,1.635,30.81,4.05,-55,10.00,
2026-09-11T10:55:49,2,1.616,29.26,28.5600,25.9,1.631,30.48,4.06,-55,9.50,
2026-09-11T10:55:50,2,1.638,31.00,28.5580,25.9,1.638,31.07,4.05,-56,9.75,
2026-09-11T10:55:51,2,1.617,29.39,28.5620,25.9,1.633,30.61,4.05,-55,9.75,
2026-09-11T10:55:52,2,1.642,31.32,28.5630,25.9,1.636,30.87,4.05,-55,10.00,
2026-09-11T10:55:53,2,1.637,30.94,28.5600,25.9,1.637,30.94,4.03,-55,9.75,
2026-09-11T10:55:54,2,1.616,29.26,28.5550,25.9,1.631,30.48,4.06,-55,10.00,
2026-09-11T10:55:55,2,1.637,30.94,28.5500,25.9,1.633,30.61,4.05,-55,9.75,
2026-09-11T10:55:56,2,1.608,28.68,28.5520,25.9,1.636,30.87,4.05,-55,10.00,
2026-09-11T10:55:57,2,1.614,29.13,28.5440,25.9,1.631,30.48,4.06,-55,9.75,
2026-09-11T10:55:59,2,1.637,30.94,28.5430,25.9,1.635,30.81,4.05,-55,10.00,
2026-09-11T10:56:00,2,1.616,29.26,28.5360,25.9,1.630,30.42,4.05,-55,9.50,
2026-09-11T10:56:01,2,1.643,31.45,28.5360,25.9,1.634,30.74,4.05,-55,9.50,
2026-09-11T10:56:02,2,1.639,31.13,28.5310,25.9,1.638,31.07,4.04,-56,9.75,
2026-09-11T10:56:03,2,1.620,29.58,28.5300,25.9,1.636,30.87,4.05,-55,9.75,
2026-09-11T10:56:04,2,1.638,31.07,28.5260,25.9,1.638,31.07,4.05,-55,9.50,
2026-09-11T10:56:05,2,1.616,29.26,28.5310,25.9,1.635,30.81,4.05,-55,10.00,
2026-09-11T10:56:06,2,1.613,29.07,28.5220,25.9,1.630,30.42,4.06,-55,10.25,
2026-09-11T10:56:07,2,1.636,30.87,28.5260,25.9,1.635,30.81,4.05,-55,9.75,
2026-09-11T10:56:12,2,1.617,29.32,28.5290,25.9,1.633,30.68,4.05,-48,2.00,
2026-09-11T10:56:13,2,1.640,31.19,28.5270,25.9,1.634,30.74,4.05,-48,3.25,
2026-09-11T10:56:14,2,1.614,29.13,28.5270,25.9,1.635,30.81,4.05,-48,5.00,
2026-09-11T10:56:15,2,1.614,29.13,28.5390,25.9,1.628,30.23,4.06,-52,9.50,
2026-09-11T10:56:16,2,1.635,30.81,28.5430,25.9,1.634,30.74,4.05,-54,9.75,
2026-09-11T10:56:17,2,1.626,30.10,28.5460,25.9,1.636,30.87,4.04,-54,9.75,
2026-09-11T10:56:18,2,1.640,31.19,28.5520,25.9,1.635,30.81,4.05,-54,9.75,
2026-09-11T10:56:19,2,1.639,31.13,28.5670,25.9,1.639,31.13,4.04,-54,10.00,
2026-09-11T10:56:20,2,1.620,29.58,28.5650,25.9,1.634,30.74,4.05,-54,9.75,
2026-09-11T10:56:21,2,1.638,31.00,28.5670,25.9,1.633,30.68,4.05,-54,10.00,
2026-09-11T10:56:23,2,1.617,29.32,28.5640,25.9,1.633,30.61,4.05,-54,9.75,
2026-09-11T10:56:24,2,1.613,29.07,28.5590,25.9,1.630,30.42,4.06,-54,9.50,
2026-09-11T10:56:25,2,1.636,30.87,28.5570,25.9,1.634,30.74,4.05,-54,10.00,
2026-09-11T10:56:26,2,1.618,29.45,28.5530,25.9,1.634,30.74,4.05,-54,9.50,
2026-09-11T10:56:27,2,1.641,31.26,28.5640,25.9,1.633,30.68,4.05,-54,9.75,
2026-09-11T10:56:28,2,1.640,31.19,28.5620,25.9,1.639,31.13,4.04,-54,9.75,
2026-09-11T10:56:29,2,1.618,29.45,28.5600,25.9,1.634,30.74,4.05,-54,9.50,
2026-09-11T10:56:30,2,1.641,31.26,28.5530,25.9,1.634,30.74,4.05,-54,9.75,
2026-09-11T10:56:31,2,1.616,29.26,28.5590,25.9,1.634,30.74,4.05,-55,10.00,
2026-09-11T10:56:32,2,1.614,29.13,28.5610,25.9,1.632,30.55,4.06,-55,9.50,
2026-09-11T10:56:33,2,1.636,30.87,28.5600,25.9,1.638,31.00,4.05,-55,9.75,
2026-09-11T10:56:35,2,1.618,29.45,28.5580,25.9,1.633,30.61,4.05,-55,9.25,
2026-09-11T10:56:36,2,1.625,29.97,28.5550,25.9,1.633,30.61,4.06,-53,9.50,
2026-09-11T10:56:37,2,1.641,31.26,28.5500,25.9,1.638,31.00,4.03,-53,9.50,
2026-09-11T10:56:38,2,1.616,29.26,28.5600,25.9,1.634,30.74,4.05,-53,9.25,
2026-09-11T10:56:39,2,1.640,31.19,28.5580,25.9,1.636,30.87,4.05,-54,9.50,
2026-09-11T10:56:40,2,1.641,31.26,28.5650,25.9,1.635,30.81,4.04,-55,10.50,
2026-09-11T10:56:41,2,1.617,29.32,28.5700,25.9,1.635,30.81,4.06,-53,9.50,
2026-09-11T10:56:42,2,1.633,30.68,28.5740,25.9,1.634,30.74,4.05,-53,9.25,
2026-09-11T10:56:43,2,1.617,29.39,28.5810,25.9,1.636,30.87,4.05,-53,9.50,
2026-09-11T10:56:44,2,1.614,29.13,28.5850,25.9,1.632,30.55,4.06,-54,9.50,
2026-09-11T10:56:46,2,1.633,30.61,28.5850,25.9,1.640,31.19,4.03,-54,9.75,
2026-09-11T10:56:47,2,1.617,29.39,28.5830,25.9,1.634,30.74,4.05,-54,9.50,
2026-09-11T10:56:48,2,1.639,31.13,28.5770,25.9,1.633,30.61,4.05,-57,9.50,
2026-09-11T10:56:49,2,1.635,30.81,28.5830,25.9,1.638,31.00,4.04,-55,10.25,
2026-09-11T10:56:50,2,1.615,29.20,28.5810,25.9,1.630,30.42,4.06,-55,10.00,
2026-09-11T10:56:51,2,1.637,30.94,28.5950,25.9,1.634,30.74,4.05,-54,9.50,
2026-09-11T10:56:56,2,1.642,31.32,28.6130,25.9,1.636,30.87,4.05,-48,6.50,
2026-09-11T10:56:58,2,1.638,31.00,28.6090,25.9,1.638,31.00,4.04,-49,7.00,
2026-09-11T10:56:59,2,1.615,29.20,28.6070,25.9,1.630,30.42,4.06,-48,8.00,
2026-09-11T10:57:00,2,1.638,31.07,28.6160,25.9,1.633,30.61,4.05,-54,9.25,
2026-09-11T10:57:01,2,1.617,29.32,28.6150,25.9,1.638,31.07,4.05,-54,9.25,
2026-09-11T10:57:02,2,1.615,29.20,28.6140,25.9,1.632,30.55,4.06,-55,9.75,
2026-09-11T10:57:03,2,1.640,31.19,28.6260,25.9,1.640,31.19,4.04,-55,10.50,
2026-09-11T10:57:04,2,1.618,29.45,28.6290,25.9,1.633,30.68,4.05,-55,9.75,
2026-09-11T10:57:05,2,1.641,31.26,28.6430,25.9,1.635,30.81,4.05,-55,9.75,
2026-09-11T10:57:06,2,1.639,31.13,28.6570,25.9,1.637,30.94,4.04,-56,9.75,
2026-09-11T10:57:07,2,1.617,29.32,28.6670,25.9,1.632,30.55,4.06,-55,9.75,
2026-09-11T10:57:08,2,1.639,31.13,28.6640,25.9,1.633,30.61,4.06,-55,10.00,
2026-09-11T10:57:10,2,1.617,29.39,28.6700,25.9,1.632,30.55,4.05,-54,9.75,
2026-09-11T10:57:11,2,1.611,28.87,28.6700,25.9,1.633,30.68,4.06,-55,10.25,
2026-09-11T10:57:12,2,1.641,31.26,28.6700,25.9,1.638,31.00,4.03,-55,9.75,
2026-09-11T10:57:13,2,1.619,29.52,28.6750,25.9,1.629,30.29,4.06,-55,9.75,
2026-09-11T10:57:14,2,1.642,31.32,28.6810,25.9,1.633,30.68,4.05,-55,9.75,
2026-09-11T10:57:15,2,1.638,31.07,28.6790,25.9,1.640,31.19,4.03,-54,9.75,
2026-09-11T10:57:16,2,1.617,29.32,28.6760,25.9,1.629,30.36,4.06,-55,9.75,
2026-09-11T10:57:17,2,1.638,31.00,28.6890,25.9,1.633,30.68,4.05,-55,9.75,
2026-09-11T10:57:18,2,1.618,29.45,28.6910,25.9,1.638,31.00,4.05,-54,9.50,
2026-09-11T10:57:19,2,1.617,29.39,28.6920,25.9,1.633,30.61,4.06,-55,9.75,
2026-09-11T10:57:20,2,1.639,31.13,28.6960,25.9,1.639,31.13,4.03,-54,9.50,
2026-09-11T10:57:22,2,1.619,29.52,28.6950,25.9,1.633,30.61,4.05,-55,9.75,
2026-09-11T10:57:23,2,1.641,31.26,28.6920,25.9,1.634,30.74,4.05,-55,9.75,
2026-09-11T10:57:24,2,1.638,31.07,28.6880,25.9,1.638,31.00,4.03,-56,9.50,
2026-09-11T10:57:25,2,1.615,29.20,28.6950,25.9,1.629,30.36,4.06,-55,9.50,
2026-09-11T10:57:26,2,1.638,31.00,28.6820,25.9,1.633,30.61,4.05,-55,10.00,
2026-09-11T10:57:27,2,1.620,29.58,28.6820,25.9,1.633,30.68,4.05,-56,9.50,
2026-09-11T10:57:28,2,1.615,29.20,28.6850,25.9,1.625,30.03,4.07,-56,9.75,
2026-09-11T10:57:29,2,1.642,31.39,28.6910,25.9,1.638,31.07,4.04,-57,10.00,
2026-09-11T10:57:30,2,1.619,29.52,28.6980,25.9,1.634,30.74,4.05,-54,10.00,
2026-09-11T10:57:31,2,1.642,31.39,28.7070,25.9,1.636,30.87,4.04,-55,10.25,
2026-09-11T10:57:33,2,1.640,31.19,28.7150,25.9,1.637,30.94,4.03,-54,9.50,
2026-09-11T10:57:34,2,1.616,29.26,28.7110,25.9,1.633,30.61,4.06,-55,10.00,
2026-09-11T10:57:35,2,1.637,30.94,28.7110,25.9,1.633,30.68,4.05,-56,9.50,
2026-09-11T10:57:36,2,1.619,29.52,28.7130,25.9,1.635,30.81,4.05,-54,9.50,
2026-09-11T10:57:41,2,1.638,31.07,28.7220,25.9,1.637,30.94,4.03,-51,8.75,
2026-09-11T10:57:42,2,1.617,29.32,28.7320,25.9,1.630,30.42,4.05,-51,6.50,
2026-09-11T10:57:43,2,1.641,31.26,28.7420,25.9,1.637,30.94,4.05,-51,6.25,
2026-09-11T10:57:45,2,1.619,29.52,28.7380,25.9,1.636,30.87,4.06,-56,9.50,
2026-09-11T10:57:46,2,1.617,29.32,28.7380,25.9,1.629,30.36,4.06,-57,9.75,
2026-09-11T10:57:47,2,1.640,31.19,28.7320,25.9,1.636,30.87,4.05,-56,9.75,
2026-09-11T10:57:48,2,1.619,29.52,28.7320,25.9,1.633,30.68,4.05,-57,10.00,
2026-09-11T10:57:49,2,1.646,31.65,28.7390,25.9,1.636,30.87,4.05,-57,10.00,
2026-09-11T10:57:50,2,1.642,31.32,28.7340,25.9,1.642,31.32,4.03,-57,9.50,
2026-09-11T10:57:51,2,1.618,29.45,28.7320,25.9,1.636,30.87,4.05,-57,10.25,
2026-09-11T10:57:52,2,1.641,31.26,28.7300,25.9,1.634,30.74,4.05,-56,9.50,
2026-09-11T10:57:53,2,1.620,29.58,28.7320,25.9,1.638,31.07,4.05,-56,9.50,
2026-09-11T10:57:54,2,1.617,29.32,28.7280,25.9,1.631,30.48,4.06,-57,10.00,
2026-09-11T10:57:55,2,1.635,30.81,28.7370,25.9,1.634,30.74,4.05,-57,9.50,
2026-09-11T10:57:57,2,1.622,29.78,28.7290,25.9,1.635,30.81,4.05,-56,9.75,
2026-09-11T10:57:59,2,1.640,31.19,28.7280,25.9,1.639,31.13,4.04,-57,10.00,
2026-09-11T10:58:00,2,1.620,29.58,28.7200,25.9,1.637,30.94,4.05,-56,10.25,
2026-09-11T10:58:01,2,1.642,31.32,28.7240,25.9,1.635,30.81,4.04,-57,9.75,
2026-09-11T10:58:02,2,1.618,29.45,28.7220,25.9,1.633,30.68,4.05,-56,9.50,
2026-09-11T10:58:03,2,1.616,29.26,28.7110,25.9,1.626,30.10,4.06,-57,10.00,
2026-09-11T10:58:04,2,1.637,30.94,28.7070,25.9,1.634,30.74,4.05,-55,9.50,
2026-09-11T10:58:05,2,1.622,29.78,28.7140,25.9,1.634,30.74,4.06,-56,9.50,
2026-09-11T10:58:06,2,1.646,31.65,28.7260,25.9,1.633,30.68,4.05,-56,9.50,
2026-09-11T10:58:08,2,1.639,31.13,28.7280,25.9,1.639,31.13,4.02,-57,9.75,
2026-09-11T10:58:09,2,1.620,29.58,28.7310,25.9,1.634,30.74,4.05,-56,10.00,
2026-09-11T10:58:10,2,1.650,31.97,28.7380,25.9,1.634,30.74,4.05,-56,9.75,
2026-09-11T10:58:11,2,1.620,29.58,28.7460,25.9,1.635,30.81,4.05,-56,9.50,
2026-09-11T10:58:12,2,1.617,29.39,28.7450,25.9,1.632,30.55,4.06,-56,9.75,
2026-09-11T10:58:13,2,1.638,31.07,28.7380,25.9,1.636,30.87,4.05,-56,9.75,
2026-09-11T10:58:14,2,1.619,29.52,28.7490,25.9,1.633,30.68,4.05,-56,9.50,
2026-09-11T10:58:15,2,1.646,31.71,28.7470,25.9,1.638,31.00,4.05,-56,9.75,
2026-09-11T10:58:16,2,1.640,31.19,28.7510,25.9,1.641,31.26,4.03,-56,9.50,
2026-09-11T10:58:17,2,1.621,29.71,28.7600,25.9,1.636,30.87,4.05,-56,9.75,
2026-09-11T10:58:18,2,1.641,31.26,28.7670,25.9,1.634,30.74,4.05,-56,9.50,
2026-09-11T10:58:20,2,1.621,29.71,28.7760,25.9,1.636,30.87,4.05,-57,10.00,
2026-09-11T10:58:21,2,1.619,29.52,28.7750,25.9,1.631,30.48,4.05,-57,10.00,
2026-09-11T10:58:25,2,1.638,31.07,28.7770,25.9,1.638,31.00,4.03,-51,6.25,
2026-09-11T10:58:26,2,1.617,29.39,28.7620,25.9,1.636,30.87,4.05,-50,6.75,
2026-09-11T10:58:27,2,1.638,31.00,28.7620,25.9,1.637,30.94,4.05,-51,7.25,
2026-09-11T10:58:28,2,1.619,29.52,28.7580,25.9,1.636,30.87,4.04,-50,9.00,
2026-09-11T10:58:29,2,1.617,29.39,28.7530,25.9,1.633,30.61,4.06,-56,9.50,
2026-09-11T10:58:30,2,1.638,31.07,28.7460,25.9,1.634,30.74,4.05,-56,9.50,
2026-09-11T10:58:32,2,1.618,29.45,28.7530,25.9,1.635,30.81,4.05,-56,9.75,
2026-09-11T10:58:33,2,1.642,31.39,28.7540,25.9,1.636,30.87,4.05,-56,9.50,
2026-09-11T10:58:34,2,1.641,31.26,28.7630,25.9,1.639,31.13,4.03,-56,9.75,
2026-09-11T10:58:35,2,1.619,29.52,28.7540,25.9,1.636,30.87,4.05,-56,9.75,
2026-09-11T10:58:36,2,1.640,31.19,28.7490,25.9,1.635,30.81,4.05,-56,9.75,
2026-09-11T10:58:37,2,1.620,29.58,28.7550,25.9,1.637,30.94,4.05,-56,9.75,
2026-09-11T10:58:38,2,1.617,29.32,28.7510,25.9,1.634,30.74,4.06,-56,9.75,
2026-09-11T10:58:39,2,1.639,31.13,28.7480,25.9,1.635,30.81,4.05,-56,9.50,
2026-09-11T10:58:40,2,1.621,29.65,28.7450,25.9,1.633,30.68,4.05,-56,9.50,
2026-09-11T10:58:41,2,1.633,30.68,28.7430,25.9,1.635,30.81,4.06,-56,9.75,
2026-09-11T10:58:42,2,1.642,31.32,28.7410,25.9,1.638,31.00,4.03,-56,9.25,
2026-09-11T10:58:44,2,1.619,29.52,28.7380,25.9,1.633,30.68,4.05,-56,9.50,
2026-09-11T10:58:45,2,1.639,31.13,28.7490,25.9,1.636,30.87,4.04,-56,10.25,
2026-09-11T10:58:46,2,1.638,31.07,28.7470,25.9,1.638,31.00,4.04,-56,10.25,
2026-09-11T10:58:47,2,1.620,29.58,28.7560,25.9,1.634,30.74,4.07,-56,10.25,
2026-09-11T10:58:48,2,1.634,30.74,28.7600,25.9,1.633,30.68,4.05,-57,10.00,
2026-09-11T10:58:49,2,1.617,29.39,28.7560,25.9,1.637,30.94,4.05,-57,9.50,
2026-09-11T10:58:50,2,1.618,29.45,28.7590,25.9,1.633,30.61,4.06,-56,9.50,
2026-09-11T10:58:51,2,1.640,31.19,28.7580,25.9,1.638,31.00,4.03,-56,9.50,
2026-09-11T10:58:52,2,1.618,29.45,28.7620,25.9,1.635,30.81,4.05,-56,9.75,
2026-09-11T10:58:53,2,1.642,31.32,28.7580,25.9,1.634,30.74,4.05,-56,9.75,
2026-09-11T10:58:55,2,1.640,31.19,28.7660,25.9,1.638,31.07,4.04,-56,9.75,
2026-09-11T10:58:56,2,1.616,29.26,28.7610,25.9,1.633,30.68,4.06,-55,9.75,
2026-09-11T10:58:57,2,1.641,31.26,28.7720,25.9,1.628,30.23,4.05,-56,9.75,
2026-09-11T10:58:58,2,1.617,29.39,28.7600,25.9,1.637,30.94,4.05,-55,9.50,
2026-09-11T10:58:59,2,1.617,29.39,28.7450,25.9,1.633,30.68,4.06,-56,9.50,
2026-09-11T10:59:00,2,1.641,31.26,28.7580,25.9,1.640,31.19,4.04,-56,9.75,
2026-09-11T10:59:01,2,1.621,29.65,28.7600,25.9,1.635,30.81,4.05,-56,9.75,
2026-09-11T10:59:02,2,1.640,31.19,28.7640,25.9,1.637,30.94,4.05,-56,10.25,
2026-09-11T10:59:03,2,1.638,31.07,28.7780,25.9,1.638,31.07,4.04,-56,9.75,
2026-09-11T10:59:04,2,1.617,29.32,28.7830,25.9,1.630,30.42,4.06,-56,9.50,
2026-09-11T10:59:10,2,1.620,29.58,28.7860,25.9,1.636,30.87,4.05,-51,7.50,
2026-09-11T10:59:11,2,1.641,31.26,28.7700,25.9,1.636,30.87,4.05,-50,6.00,
2026-09-11T10:59:12,2,1.638,31.07,28.7710,25.9,1.638,31.00,4.03,-51,6.50,
2026-09-11T10:59:13,2,1.617,29.39,28.7720,25.9,1.632,30.55,4.06,-58,10.25,
2026-09-11T10:59:14,2,1.638,31.07,28.7720,25.9,1.638,31.07,4.05,-56,10.00,
2026-09-11T10:59:15,2,1.621,29.65,28.7820,25.9,1.636,30.87,4.05,-57,9.75,
2026-09-11T10:59:16,2,1.617,29.32,28.7900,25.9,1.635,30.81,4.06,-57,10.00,
2026-09-11T10:59:17,2,1.642,31.32,28.8000,25.9,1.646,31.71,4.03,-56,9.75,
2026-09-11T10:59:19,2,1.620,29.58,28.7960,25.9,1.637,30.94,4.05,-58,9.75,
2026-09-11T10:59:20,2,1.642,31.32,28.7930,25.9,1.636,30.87,4.04,-57,9.75,
2026-09-11T10:59:21,2,1.642,31.32,28.7920,25.9,1.639,31.13,4.04,-57,10.50,
2026-09-11T10:59:22,2,1.617,29.32,28.7850,25.9,1.632,30.55,4.06,-57,10.00,
2026-09-11T10:59:23,2,1.639,31.13,28.7810,25.9,1.637,30.94,4.05,-57,10.00,
2026-09-11T10:59:24,2,1.618,29.45,28.7630,25.9,1.636,30.87,4.05,-55,9.50,
2026-09-11T10:59:25,2,1.615,29.20,28.7630,25.9,1.638,31.07,4.06,-55,10.00,
2026-09-11T10:59:26,2,1.643,31.45,28.7680,25.9,1.642,31.32,4.03,-57,10.00,
2026-09-11T10:59:27,2,1.620,29.58,28.7670,25.9,1.638,31.00,4.05,-55,9.50,
2026-09-11T10:59:28,2,1.640,31.19,28.7630,25.9,1.638,31.07,4.05,-55,9.75,
2026-09-11T10:59:29,2,1.639,31.13,28.7680,25.9,1.640,31.19,4.04,-57,10.25,
2026-09-11T10:59:31,2,1.617,29.39,28.7790,25.9,1.629,30.36,4.06,-56,9.75,
2026-09-11T10:59:32,2,1.639,31.13,28.7850,25.9,1.635,30.81,4.05,-58,9.50,
2026-09-11T10:59:33,2,1.620,29.58,28.7880,25.9,1.642,31.32,4.05,-57,9.75,
2026-09-11T10:59:34,2,1.617,29.39,28.7870,25.9,1.634,30.74,4.06,-58,9.75,
2026-09-11T10:59:35,2,1.642,31.39,28.7890,25.9,1.642,31.39,4.05,-58,10.50,
2026-09-11T10:59:36,2,1.618,29.45,28.7770,25.9,1.637,30.94,4.05,-56,9.75,
2026-09-11T10:59:37,2,1.645,31.58,28.7800,25.9,1.638,31.00,4.05,-55,9.75,
2026-09-11T10:59:38,2,1.640,31.19,28.7730,25.9,1.651,32.10,4.03,-56,9.75,
2026-09-11T10:59:39,2,1.618,29.45,28.7750,25.9,1.633,30.68,4.05,-56,9.25,
2026-09-11T10:59:40,2,1.638,31.00,28.7750,25.9,1.638,31.00,4.05,-56,10.00,
2026-09-11T10:59:42,2,1.621,29.65,28.7790,25.9,1.638,31.00,4.04,-55,10.50,
2026-09-11T10:59:43,2,1.618,29.45,28.7880,25.9,1.635,30.81,4.06,-53,9.75,
2026-09-11T10:59:44,2,1.639,31.13,28.7840,25.9,1.638,31.00,4.05,-53,9.25,
2026-09-11T10:59:45,2,1.621,29.65,28.8010,25.9,1.638,31.00,4.05,-53,9.25,
2026-09-11T10:59:46,2,1.642,31.39,28.7910,25.9,1.638,31.07,4.04,-53,9.75,
2026-09-11T10:59:47,2,1.642,31.39,28.7900,25.9,1.640,31.19,4.04,-54,10.25,
2026-09-11T10:59:48,2,1.620,29.58,28.7950,25.9,1.634,30.74,4.05,-54,10.00,
2026-09-11T10:59:49,2,1.639,31.13,28.7950,25.9,1.641,31.26,4.05,-54,9.75,
2026-09-11T10:59:55,2,1.643,31.45,28.7970,25.9,1.636,30.87,4.05,-48,5.00,
2026-09-11T10:59:56,2,1.642,31.32,28.7970,25.9,1.639,31.13,4.04,-48,5.00,
2026-09-11T10:59:57,2,1.619,29.52,28.7970,25.9,1.637,30.94,4.05,-48,6.00,
2026-09-11T10:59:58,2,1.640,31.19,28.7920,25.9,1.637,30.94,4.05,-55,9.75,
2026-09-11T10:59:59,2,1.620,29.58,28.7900,25.9,1.638,31.07,4.05,-55,10.00,
2026-09-11T11:00:00,2,1.617,29.39,28.7870,25.9,1.632,30.55,4.06,-54,11.25,
2026-09-11T11:00:01,2,1.637,30.94,28.7860,25.9,1.639,31.13,4.05,-54,9.50,
2026-09-11T11:00:02,2,1.623,29.84,28.7870,25.9,1.638,31.00,4.05,-55,9.50,
2026-09-11T11:00:03,2,1.646,31.65,28.7910,25.9,1.637,30.94,4.05,-55,9.75,
2026-09-11T11:00:04,2,1.641,31.26,28.7760,25.9,1.643,31.45,4.03,-54,9.75,
2026-09-11T11:00:06,2,1.622,29.78,28.7820,25.9,1.638,31.00,4.05,-55,9.75,
2026-09-11T11:00:07,2,1.639,31.13,28.7800,25.9,1.636,30.87,4.05,-55,9.75,
2026-09-11T11:00:08,2,1.614,29.13,28.7820,25.9,1.637,30.94,4.04,-54,10.00,
2026-09-11T11:00:09,2,1.615,29.20,28.7810,25.9,1.634,30.74,4.07,-54,10.00,
2026-09-11T11:00:10,2,1.637,30.94,28.7640,25.9,1.637,30.94,4.05,-54,9.50,
2026-09-11T11:00:11,2,1.620,29.58,28.7590,25.9,1.636,30.87,4.04,-54,9.75,
2026-09-11T11:00:12,2,1.642,31.32,28.7530,25.9,1.638,31.07,4.05,-54,9.50,
2026-09-11T11:00:13,2,1.640,31.19,28.7590,25.9,1.642,31.39,4.03,-54,9.50,
2026-09-11T11:00:14,2,1.619,29.52,28.7590,25.9,1.636,30.87,4.05,-54,10.00,
2026-09-11T11:00:15,2,1.637,30.94,28.7590,25.9,1.638,31.07,4.05,-53,9.25,
2026-09-11T11:00:17,2,1.620,29.58,28.7620,25.9,1.638,31.07,4.05,-54,9.75,
2026-09-11T11:00:18,2,1.618,29.45,28.7660,25.9,1.633,30.61,4.06,-54,10.00,
2026-09-11T11:00:19,2,1.638,31.00,28.7710,25.9,1.635,30.81,4.05,-54,10.00,
2026-09-11T11:00:20,2,1.621,29.71,28.7760,25.9,1.641,31.26,4.05,-54,9.75,
2026-09-11T11:00:21,2,1.644,31.52,28.7750,25.9,1.640,31.19,4.05,-54,9.75,
2026-09-11T11:00:22,2,1.641,31.26,28.7830,25.9,1.640,31.19,4.03,-54,10.00,
2026-09-11T11:00:23,2,1.633,30.61,28.7830,25.9,1.633,30.61,4.05,-54,9.50,
2026-09-11T11:00:24,2,1.640,31.19,28.7940,25.9,1.636,30.87,4.05,-54,9.50,
2026-09-11T11:00:25,2,1.621,29.71,28.7930,25.9,1.636,30.87,4.05,-54,9.75,
2026-09-11T11:00:26,2,1.618,29.45,28.7840,25.9,1.643,31.45,4.06,-55,9.50,
2026-09-11T11:00:27,2,1.647,31.77,28.7890,25.9,1.636,30.87,4.05,-54,10.00,
2026-09-11T11:00:29,2,1.618,29.45,28.7810,25.9,1.638,31.00,4.05,-54,9.50,
2026-09-11T11:00:30,2,1.645,31.58,28.7860,25.9,1.638,31.00,4.05,-54,9.50,
2026-09-11T11:00:31,2,1.641,31.26,28.7840,25.9,1.641,31.26,4.03,-54,9.75,
2026-09-11T11:00:32,2,1.621,29.65,28.7870,25.9,1.638,31.07,4.05,-54,9.75,
2026-09-11T11:00:33,2,1.639,31.13,28.7810,25.9,1.638,31.00,4.05,-54,9.50,
2026-09-11T11:00:34,2,1.621,29.65,28.7790,25.9,1.642,31.32,4.05,-54,9.50,
2026-09-11T11:00:38,2,1.643,31.45,28.7760,25.9,1.638,31.07,4.05,-49,6.25,
2026-09-11T11:00:39,2,1.642,31.39,28.7750,25.9,1.640,31.19,4.03,-49,6.00,
2026-09-11T11:00:41,2,1.621,29.65,28.7810,25.9,1.638,31.00,4.05,-49,5.50,
2026-09-11T11:00:42,2,1.640,31.19,28.7760,25.9,1.637,30.94,4.05,-49,8.50,
2026-09-11T11:00:43,2,1.622,29.78,28.7670,25.9,1.631,30.48,4.05,-54,9.75,
2026-09-11T11:00:44,2,1.616,29.26,28.7610,25.9,1.636,30.87,4.06,-54,10.00,
2026-09-11T11:00:45,2,1.638,31.00,28.7600,25.9,1.638,31.07,4.05,-54,9.25,
2026-09-11T11:00:46,2,1.619,29.52,28.7680,25.9,1.637,30.94,4.05,-55,9.75,
2026-09-11T11:00:47,2,1.643,31.45,28.7710,25.9,1.638,31.07,4.05,-55,9.50,
2026-09-11T11:00:48,2,1.640,31.19,28.7730,25.9,1.641,31.26,4.03,-54,9.75,
2026-09-11T11:00:49,2,1.618,29.45,28.7750,25.9,1.639,31.13,4.05,-54,9.75,
2026-09-11T11:00:50,2,1.640,31.19,28.7770,25.9,1.638,31.00,4.05,-54,9.50,
2026-09-11T11:00:51,2,1.618,29.45,28.7760,25.9,1.639,31.13,4.05,-54,9.75,
2026-09-11T11:00:53,2,1.617,29.39,28.7800,25.9,1.634,30.74,4.06,-54,9.75,
2026-09-11T11:00:54,2,1.636,30.87,28.7780,25.9,1.638,31.00,4.05,-54,9.75,
2026-09-11T11:00:55,2,1.619,29.52,28.7730,25.9,1.638,31.00,4.05,-55,9.75,
2026-09-11T11:00:56,2,1.645,31.58,28.7730,25.9,1.638,31.00,4.05,-54,9.75,
2026-09-11T11:00:57,2,1.638,31.07,28.7700,25.9,1.642,31.32,4.03,-54,10.00,
2026-09-11T11:00:58,2,1.617,29.39,28.7690,25.9,1.638,31.00,4.05,-55,12.25,
2026-09-11T11:00:59,2,1.638,31.07,28.7640,25.9,1.639,31.13,4.05,-54,9.75,
2026-09-11T11:01:00,2,1.620,29.58,28.7600,25.9,1.639,31.13,4.05,-54,9.75,
2026-09-11T11:01:01,2,1.616,29.26,28.7550,25.9,1.634,30.74,4.06,-54,9.50,
2026-09-11T11:01:02,2,1.638,31.00,28.7570,25.9,1.637,30.94,4.05,-55,10.00,
2026-09-11T11:01:04,2,1.620,29.58,28.7470,25.9,1.636,30.87,4.05,-54,9.75,
2026-09-11T11:01:05,2,1.646,31.65,28.7510,25.9,1.638,31.07,4.04,-54,10.00,
2026-09-11T11:01:06,2,1.637,30.94,28.7520,25.9,1.636,30.87,4.05,-54,9.75,
2026-09-11T11:01:07,2,1.619,29.52,28.7540,25.9,1.638,31.07,4.05,-55,9.75,
2026-09-11T11:01:08,2,1.638,31.07,28.7390,25.9,1.637,30.94,4.05,-54,9.50,
2026-09-11T11:01:09,2,1.618,29.45,28.7370,25.9,1.634,30.74,4.05,-54,10.00,
2026-09-11T11:01:10,2,1.617,29.32,28.7380,25.9,1.637,30.94,4.05,-55,9.75,
2026-09-11T11:01:11,2,1.637,30.94,28.7400,25.9,1.636,30.87,4.05,-54,10.25,
2026-09-11T11:01:12,2,1.617,29.39,28.7390,25.9,1.638,31.00,4.05,-54,9.50,
2026-09-11T11:01:13,2,1.643,31.45,28.7460,25.9,1.637,30.94,4.04,-54,10.00,
2026-09-11T11:01:14,2,1.637,30.94,28.7450,25.9,1.650,31.97,4.05,-55,10.00,
2026-09-11T11:01:16,2,1.617,29.39,28.7470,25.9,1.635,30.81,4.05,-55,9.75,
2026-09-11T11:01:17,2,1.640,31.19,28.7510,25.9,1.637,30.94,4.05,-55,9.75,
2026-09-11T11:01:18,2,1.620,29.58,28.7380,25.9,1.636,30.87,4.04,-55,10.25,
2026-09-11T11:01:23,2,1.635,30.81,28.7520,25.9,1.634,30.74,4.05,-49,5.50,
2026-09-11T11:01:24,2,1.619,29.52,28.7520,25.9,1.638,31.00,4.05,-49,5.25,
2026-09-11T11:01:25,2,1.640,31.19,28.7470,25.9,1.637,30.94,4.05,-49,5.75,
2026-09-11T11:01:26,2,1.622,29.78,28.7450,25.9,1.638,31.07,4.05,-55,9.50,
2026-09-11T11:01:28,2,1.620,29.58,28.7490,25.9,1.635,30.81,4.05,-54,9.75,
2026-09-11T11:01:29,2,1.638,31.00,28.7560,25.9,1.632,30.55,4.05,-54,12.50,
2026-09-11T11:01:30,2,1.617,29.39,28.7550,25.9,1.638,31.07,4.05,-54,10.00,
2026-09-11T11:01:31,2,1.643,31.45,28.7620,25.9,1.637,30.94,4.04,-54,10.25,
2026-09-11T11:01:32,2,1.637,30.94,28.7610,25.9,1.636,30.87,4.05,-56,9.75,
2026-09-11T11:01:33,2,1.621,29.65,28.7520,25.9,1.636,30.87,4.05,-54,10.00,
2026-09-11T11:01:34,2,1.639,31.13,28.7670,25.9,1.640,31.19,4.05,-54,10.00,
2026-09-11T11:01:35,2,1.620,29.58,28.7620,25.9,1.639,31.13,4.05,-55,9.50,
2026-09-11T11:01:36,2,1.619,29.52,28.7610,25.9,1.639,31.13,4.05,-55,9.75,
2026-09-11T11:01:37,2,1.638,31.00,28.7640,25.9,1.648,31.84,4.05,-55,9.75,
2026-09-11T11:01:38,2,1.621,29.71,28.7630,25.9,1.637,30.94,4.05,-55,9.50,
2026-09-11T11:01:40,2,1.643,31.45,28.7700,25.9,1.637,30.94,4.05,-56,9.50,
2026-09-11T11:01:41,2,1.636,30.87,28.7710,25.9,1.638,31.07,4.05,-54,9.75,
2026-09-11T11:01:42,2,1.621,29.71,28.7790,25.9,1.636,30.87,4.05,-54,9.75,
2026-09-11T11:01:43,2,1.642,31.32,28.7740,25.9,1.637,30.94,4.05,-55,9.75,
2026-09-11T11:01:44,2,1.621,29.65,28.7750,25.9,1.638,31.00,4.05,-55,9.50,
2026-09-11T11:01:45,2,1.619,29.52,28.7800,25.9,1.640,31.19,4.05,-54,9.50,
2026-09-11T11:01:46,2,1.638,31.07,28.7770,25.9,1.642,31.39,4.05,-54,9.75,
2026-09-11T11:01:47,2,1.621,29.65,28.7790,25.9,1.638,31.07,4.05,-55,9.75,
2026-09-11T11:01:48,2,1.646,31.65,28.7810,25.9,1.637,30.94,4.04,-54,9.75,
2026-09-11T11:01:49,2,1.638,31.07,28.7810,25.9,1.638,31.07,4.05,-54,9.50,
2026-09-11T11:01:51,2,1.619,29.52,28.7750,25.9,1.637,30.94,4.05,-54,9.75,
2026-09-11T11:01:52,2,1.640,31.19,28.7750,25.9,1.637,30.94,4.04,-53,9.50,
2026-09-11T11:01:53,2,1.619,29.52,28.7780,25.9,1.641,31.26,4.04,-54,10.00,
2026-09-11T11:01:54,2,1.620,29.58,28.7810,25.9,1.635,30.81,4.05,-54,9.50,
2026-09-11T11:01:55,2,1.642,31.39,28.7760,25.9,1.636,30.87,4.05,-54,10.00,
2026-09-11T11:01:56,2,1.617,29.32,28.7740,25.9,1.637,30.94,4.05,-55,9.50,
2026-09-11T11:01:57,2,1.642,31.39,28.7740,25.9,1.639,31.13,4.04,-54,10.00,
2026-09-11T11:01:58,2,1.638,31.00,28.7700,25.9,1.638,31.07,4.05,-55,10.50,
2026-09-11T11:01:59,2,1.621,29.65,28.7660,25.9,1.633,30.68,4.05,-55,9.75,
2026-09-11T11:02:00,2,1.640,31.19,28.7610,25.9,1.637,30.94,4.05,-55,10.00,
2026-09-11T11:02:01,2,1.619,29.52,28.7550,25.9,1.640,31.19,4.04,-54,10.25,
2026-09-11T11:02:03,2,1.619,29.52,28.7550,25.9,1.637,30.94,4.05,-55,9.50,
2026-09-11T11:02:08,2,1.620,29.58,28.7510,25.9,1.638,31.07,4.05,-49,6.00,
2026-09-11T11:02:09,2,1.638,31.00,28.7530,25.9,1.637,30.94,4.05,-48,6.50,
2026-09-11T11:02:10,2,1.620,29.58,28.7470,25.9,1.641,31.26,4.04,-49,6.75,
2026-09-11T11:02:11,2,1.619,29.52,28.7430,25.9,1.640,31.19,4.05,-54,10.00,
2026-09-11T11:02:12,2,1.638,31.00,28.7370,25.9,1.638,31.00,4.05,-54,9.50,
2026-09-11T11:02:13,2,1.621,29.65,28.7400,25.9,1.637,30.94,4.05,-54,9.50,
2026-09-11T11:02:15,2,1.646,31.65,28.7460,25.9,1.638,31.07,4.04,-54,9.75,
2026-09-11T11:02:16,2,1.636,30.87,28.7430,25.9,1.635,30.81,4.05,-54,10.00,
2026-09-11T11:02:17,2,1.620,29.58,28.7500,25.9,1.638,31.00,4.05,-54,9.75,
2026-09-11T11:02:18,2,1.637,30.94,28.7440,25.9,1.638,31.00,4.04,-54,10.75,
2026-09-11T11:02:19,2,1.619,29.52,28.7490,25.9,1.642,31.32,4.04,-54,9.75,
2026-09-11T11:02:20,2,1.618,29.45,28.7540,25.9,1.638,31.00,4.05,-54,9.50,
2026-09-11T11:02:21,2,1.639,31.13,28.7600,25.9,1.637,30.94,4.05,-54,10.00,
2026-09-11T11:02:22,2,1.619,29.52,28.7600,25.9,1.639,31.13,4.05,-55,9.50,
2026-09-11T11:02:23,2,1.642,31.39,28.7680,25.9,1.637,30.94,4.05,-54,9.75,
2026-09-11T11:02:24,2,1.637,30.94,28.7690,25.9,1.637,30.94,4.05,-54,9.50,
2026-09-11T11:02:26,2,1.620,29.58,28.7750,25.9,1.638,31.07,4.05,-54,10.00,
2026-09-11T11:02:27,2,1.642,31.32,28.7710,25.9,1.638,31.07,4.05,-54,9.75,
2026-09-11T11:02:28,2,1.624,29.90,28.7760,25.9,1.642,31.32,4.03,-53,9.50,
2026-09-11T11:02:29,2,1.620,29.58,28.7740,25.9,1.639,31.13,4.05,-53,9.50,
2026-09-11T11:02:30,2,1.638,31.07,28.7850,25.9,1.637,30.94,4.05,-54,9.50,
2026-09-11T11:02:31,2,1.620,29.58,28.7840,25.9,1.638,31.07,4.04,-54,9.50,
2026-09-11T11:02:32,2,1.637,30.94,28.7950,25.9,1.633,30.68,4.06,-53,9.50,
2026-09-11T11:02:33,2,1.637,30.94,28.7940,25.9,1.647,31.77,4.05,-54,9.50,
2026-09-11T11:02:34,2,1.618,29.45,28.7830,25.9,1.637,30.94,4.04,-54,9.75,
2026-09-11T11:02:35,2,1.639,31.13,28.7860,25.9,1.638,31.00,4.03,-54,9.50,
2026-09-11T11:02:36,2,1.620,29.58,28.7830,25.9,1.634,30.74,4.05,-54,9.75,
2026-09-11T11:02:38,2,1.620,29.58,28.7850,25.9,1.638,31.00,4.05,-54,9.50,
2026-09-11T11:02:39,2,1.637,30.94,28.7820,25.9,1.637,30.94,4.04,-53,10.00,
2026-09-11T11:02:40,2,1.622,29.78,28.7820,25.9,1.638,31.00,4.05,-53,9.50,
2026-09-11T11:02:41,2,1.621,29.65,28.7710,25.9,1.642,31.32,4.05,-54,9.00,
2026-09-11T11:02:42,2,1.642,31.32,28.7650,25.9,1.637,30.94,4.05,-54,9.50,
2026-09-11T11:02:43,2,1.620,29.58,28.7680,25.9,1.638,31.00,4.05,-53,9.25,
2026-09-11T11:02:44,2,1.641,31.26,28.7720,25.9,1.640,31.19,4.05,-53,9.25,
2026-09-11T11:02:45,2,1.637,30.94,28.7660,25.9,1.635,30.81,4.05,-53,9.50,
2026-09-11T11:02:46,2,1.618,29.45,28.7680,25.9,1.638,31.07,4.05,-54,9.50,
2026-09-11T11:02:47,2,1.638,31.07,28.7700,25.9,1.637,30.94,4.04,-54,10.00,
2026-09-11T11:02:52,2,1.621,29.71,28.7610,25.9,1.638,31.07,4.05,-49,5.25,
2026-09-11T11:02:53,2,1.642,31.32,28.7540,25.9,1.637,30.94,4.04,-49,4.00,
2026-09-11T11:02:54,2,1.637,30.94,28.7600,25.9,1.639,31.13,4.05,-49,4.00,
2026-09-11T11:02:55,2,1.619,29.52,28.7650,25.9,1.639,31.13,4.05,-48,8.00,
2026-09-11T11:02:56,2,1.639,31.13,28.7660,25.9,1.637,30.94,4.05,-55,9.50,
2026-09-11T11:02:57,2,1.620,29.58,28.7740,25.9,1.637,30.94,4.05,-55,9.25,
2026-09-11T11:02:58,2,1.619,29.52,28.7770,25.9,1.637,30.94,4.04,-55,9.75,
2026-09-11T11:02:59,2,1.638,31.07,28.7730,25.9,1.638,31.00,4.05,-55,9.25,
2026-09-11T11:03:00,2,1.621,29.65,28.7720,25.9,1.639,31.13,4.05,-54,9.50,
2026-09-11T11:03:02,2,1.640,31.19,28.7660,25.9,1.638,31.00,4.04,-55,10.00,
2026-09-11T11:03:03,2,1.639,31.13,28.7690,25.9,1.635,30.81,4.05,-54,9.75,
2026-09-11T11:03:04,2,1.618,29.45,28.7600,25.9,1.638,31.07,4.05,-55,9.50,
2026-09-11T11:03:05,2,1.638,31.07,28.7530,25.9,1.637,30.94,4.05,-55,9.75,
2026-09-11T11:03:06,2,1.621,29.65,28.7460,25.9,1.638,31.07,4.04,-55,10.00,
2026-09-11T11:03:07,2,1.623,29.84,28.7440,25.9,1.642,31.32,4.05,-55,9.50,
2026-09-11T11:03:08,2,1.635,30.81,28.7390,25.9,1.636,30.87,4.05,-54,9.75,
2026-09-11T11:03:09,2,1.622,29.78,28.7390,25.9,1.635,30.81,4.04,-54,10.25,
2026-09-11T11:03:10,2,1.640,31.19,28.7350,25.9,1.637,30.94,4.04,-54,9.75,
2026-09-11T11:03:11,2,1.635,30.81,28.7290,25.9,1.635,30.81,4.05,-54,9.50,
2026-09-11T11:03:13,2,1.617,29.32,28.7350,25.9,1.650,32.03,4.05,-55,10.00,
2026-09-11T11:03:14,2,1.640,31.19,28.7380,25.9,1.636,30.87,4.05,-54,9.50,
2026-09-11T11:03:15,2,1.617,29.39,28.7300,25.9,1.638,31.07,4.05,-54,9.50,
2026-09-11T11:03:18,2,1.622,29.78,28.7200,25.9,1.638,31.07,4.05,-54,10.00,
2026-09-11T11:03:19,2,1.640,31.19,28.7200,25.9,1.638,31.00,4.05,-55,10.00,
2026-09-11T11:03:20,2,1.638,31.00,28.7270,25.9,1.638,31.07,4.05,-54,9.75,
2026-09-11T11:03:21,2,1.620,29.58,28.7260,25.9,1.636,30.87,4.05,-56,10.00,
2026-09-11T11:03:22,2,1.640,31.19,28.7300,25.9,1.638,31.00,4.05,-56,9.75,
2026-09-11T11:03:23,2,1.631,30.48,28.7280,25.9,1.642,31.32,4.04,-54,10.50,
2026-09-11T11:03:25,2,1.618,29.45,28.7290,25.9,1.638,31.00,4.05,-55,9.75,
2026-09-11T11:03:26,2,1.636,30.87,28.7310,25.9,1.635,30.81,4.05,-55,9.50,
2026-09-11T11:03:27,2,1.624,29.90,28.7310,25.9,1.636,30.87,4.05,-55,9.50,
2026-09-11T11:03:28,2,1.640,31.19,28.7390,25.9,1.638,31.07,4.04,-55,10.25,
2026-09-11T11:03:29,2,1.637,30.94,28.7390,25.9,1.637,30.94,4.04,-53,9.75,
2026-09-11T11:03:30,2,1.621,29.71,28.7440,25.9,1.638,31.00,4.05,-54,9.50,
2026-09-11T11:03:31,2,1.640,31.19,28.7450,25.9,1.638,31.07,4.04,-54,10.25,
2026-09-11T11:03:37,2,1.640,31.19,28.7400,25.9,1.638,31.00,4.05,-48,7.00,
2026-09-11T11:03:38,2,1.638,31.00,28.7390,25.9,1.638,31.07,4.05,-48,6.50,
2026-09-11T11:03:39,2,1.620,29.58,28.7370,25.9,1.638,31.07,4.05,-47,6.50,
2026-09-11T11:03:40,2,1.642,31.32,28.7560,25.9,1.636,30.87,4.05,-53,9.25,
2026-09-11T11:03:41,2,1.621,29.65,28.7560,25.9,1.638,31.00,4.04,-53,10.00,
2026-09-11T11:03:42,2,1.619,29.52,28.7530,25.9,1.636,30.87,4.05,-53,9.25,
2026-09-11T11:03:43,2,1.625,30.03,28.7560,25.9,1.637,30.94,4.05,-53,9.50,
2026-09-11T11:03:44,2,1.619,29.52,28.7630,25.9,1.637,30.94,4.04,-53,9.75,
2026-09-11T11:03:45,2,1.641,31.26,28.7560,25.9,1.638,31.00,4.05,-53,9.75,
2026-09-11T11:03:46,2,1.635,30.81,28.7580,25.9,1.636,30.87,4.05,-53,10.00,
2026-09-11T11:03:47,2,1.621,29.65,28.7590,25.9,1.638,31.07,4.05,-53,9.75,
2026-09-11T11:03:49,2,1.640,31.19,28.7530,25.9,1.638,31.00,4.05,-54,9.00,
2026-09-11T11:03:50,2,1.619,29.52,28.7590,25.9,1.639,31.13,4.06,-54,9.50,
2026-09-11T11:03:51,2,1.620,29.58,28.7580,25.9,1.638,31.07,4.05,-54,9.50,
2026-09-11T11:03:52,2,1.637,30.94,28.7620,25.9,1.638,31.00,4.05,-54,9.75,
2026-09-11T11:03:53,2,1.621,29.71,28.7590,25.9,1.642,31.32,4.04,-54,10.00,
2026-09-11T11:03:54,2,1.643,31.45,28.7610,25.9,1.640,31.19,4.02,-54,9.50,
2026-09-11T11:03:55,2,1.636,30.87,28.7600,25.9,1.639,31.13,4.04,-54,9.75,
2026-09-11T11:03:56,2,1.621,29.71,28.7590,25.9,1.636,30.87,4.05,-53,9.50,
2026-09-11T11:03:57,2,1.638,31.07,28.7560,25.9,1.637,30.94,4.05,-53,9.50,
2026-09-11T11:03:58,2,1.617,29.39,28.7580,25.9,1.634,30.74,4.06,-53,9.50,
2026-09-11T11:04:00,2,1.621,29.65,28.7440,25.9,1.637,30.94,4.05,-53,9.50,
2026-09-11T11:04:01,2,1.638,31.07,28.7330,25.9,1.637,30.94,4.05,-53,9.50,
2026-09-11T11:04:02,2,1.618,29.45,28.7240,25.9,1.638,31.00,4.04,-53,10.00,
2026-09-11T11:04:03,2,1.643,31.45,28.7260,25.9,1.642,31.32,4.03,-53,9.75,
2026-09-11T11:04:04,2,1.636,30.87,28.7140,25.9,1.636,30.87,4.05,-53,9.50,
2026-09-11T11:04:05,2,1.618,29.45,28.7250,25.9,1.637,30.94,4.05,-53,9.25,
2026-09-11T11:04:06,2,1.645,31.58,28.7280,25.9,1.638,31.00,4.04,-53,9.75,
2026-09-11T11:04:07,2,1.617,29.32,28.7180,25.9,1.635,30.81,4.06,-52,10.00,
2026-09-11T11:04:08,2,1.620,29.58,28.7170,25.9,1.638,31.00,4.05,-53,9.50,
2026-09-11T11:04:09,2,1.637,30.94,28.7120,25.9,1.636,30.87,4.05,-53,9.25,
2026-09-11T11:04:10,2,1.614,29.13,28.7150,25.9,1.639,31.13,4.05,-53,9.50,
2026-09-11T11:04:12,2,1.644,31.52,28.7240,25.9,1.642,31.32,4.03,-53,9.25,
2026-09-11T11:04:13,2,1.638,31.00,28.7270,25.9,1.640,31.19,4.05,-53,9.25,
2026-09-11T11:04:14,2,1.619,29.52,28.7220,25.9,1.638,31.07,4.05,-53,9.25,
2026-09-11T11:04:15,2,1.640,31.19,28.7270,25.9,1.637,30.94,4.05,-53,9.25,
2026-09-11T11:04:16,2,1.615,29.20,28.7210,25.9,1.638,31.00,4.06,-53,9.50,
2026-09-11T11:04:21,2,1.637,30.94,28.7340,25.9,1.639,31.13,4.04,-48,6.25,
2026-09-11T11:04:22,2,1.619,29.52,28.7260,25.9,1.639,31.13,4.05,-48,6.25,
2026-09-11T11:04:24,2,1.642,31.39,28.7290,25.9,1.636,30.87,4.04,-48,6.75,
2026-09-11T11:04:25,2,1.617,29.39,28.7350,25.9,1.634,30.74,4.06,-53,9.50,
2026-09-11T11:04:26,2,1.611,28.87,28.7260,25.9,1.638,31.00,4.05,-53,9.75,
2026-09-11T11:04:27,2,1.638,31.00,28.7260,25.9,1.637,30.94,4.05,-53,9.25,
2026-09-11T11:04:28,2,1.620,29.58,28.7270,25.9,1.642,31.32,4.04,-53,9.50,
2026-09-11T11:04:29,2,1.649,31.90,28.7280,25.9,1.642,31.32,4.03,-53,9.50,
2026-09-11T11:04:30,2,1.638,31.00,28.7180,25.9,1.638,31.00,4.05,-53,9.25,
2026-09-11T11:04:31,2,1.619,29.52,28.7070,25.9,1.636,30.87,4.04,-53,10.00,
2026-09-11T11:04:32,2,1.629,30.36,28.7060,25.9,1.634,30.74,4.05,-54,9.50,
2026-09-11T11:04:33,2,1.614,29.13,28.7100,25.9,1.634,30.74,4.06,-53,9.50,
2026-09-11T11:04:35,2,1.619,29.52,28.7090,25.9,1.636,30.87,4.05,-53,9.50,
2026-09-11T11:04:36,2,1.638,31.00,28.7050,25.9,1.640,31.19,4.05,-53,9.25,
2026-09-11T11:04:37,2,1.618,29.45,28.7030,25.9,1.638,31.07,4.04,-54,10.00,
2026-09-11T11:04:38,2,1.637,30.94,28.7060,25.9,1.638,31.07,4.04,-54,9.50,
2026-09-11T11:04:39,2,1.637,30.94,28.7020,25.9,1.635,30.81,4.05,-55,9.75,
2026-09-11T11:04:40,2,1.619,29.52,28.6990,25.9,1.638,31.07,4.05,-54,9.25,
2026-09-11T11:04:41,2,1.640,31.19,28.6930,25.9,1.638,31.00,4.04,-53,9.25,
2026-09-11T11:04:42,2,1.621,29.71,28.6950,25.9,1.638,31.00,4.05,-53,9.75,
2026-09-11T11:04:43,2,1.618,29.45,28.6940,25.9,1.638,31.07,4.04,-54,9.50,
2026-09-11T11:04:44,2,1.639,31.13,28.6910,25.9,1.639,31.13,4.05,-53,9.00,
2026-09-11T11:04:45,2,1.620,29.58,28.6900,25.9,1.639,31.13,4.05,-53,9.25,
2026-09-11T11:04:47,2,1.620,29.58,28.6960,25.9,1.638,31.00,4.05,-53,9.25,
2026-09-11T11:04:48,2,1.636,30.87,28.6950,25.9,1.635,30.81,4.05,-54,9.75,
2026-09-11T11:04:49,2,1.621,29.71,28.6990,25.9,1.638,31.07,4.04,-53,9.75,
2026-09-11T11:04:50,2,1.641,31.26,28.7080,25.9,1.637,30.94,4.03,-53,9.25,
2026-09-11T11:04:51,2,1.637,30.94,28.7160,25.9,1.634,30.74,4.05,-53,9.50,
2026-09-11T11:04:52,2,1.618,29.45,28.7190,25.9,1.638,31.00,4.05,-54,9.25,
2026-09-11T11:04:53,2,1.638,31.00,28.7200,25.9,1.638,31.00,4.04,-54,10.25,
2026-09-11T11:04:54,2,1.617,29.39,28.7200,25.9,1.634,30.74,4.06,-54,9.25,
2026-09-11T11:04:55,2,1.620,29.58,28.7200,25.9,1.638,31.00,4.05,-54,9.25,
2026-09-11T11:04:56,2,1.639,31.13,28.7300,25.9,1.636,30.87,4.05,-53,9.50,
2026-09-11T11:04:57,2,1.620,29.58,28.7240,25.9,1.639,31.13,4.04,-54,9.75,
2026-09-11T11:04:59,2,1.643,31.45,28.7330,25.9,1.640,31.19,4.03,-53,9.50,
2026-09-11T11:05:00,2,1.635,30.81,28.7350,25.9,1.636,30.87,4.04,-53,10.50,
2026-09-11T11:05:01,2,1.621,29.71,28.7370,25.9,1.636,30.87,4.05,-53,9.25,
2026-09-11T11:05:05,2,1.638,31.07,28.7600,25.9,1.636,30.87,4.05,-48,6.25,
2026-09-11T11:05:06,2,1.621,29.71,28.7540,25.9,1.639,31.13,4.04,-48,6.00,
2026-09-11T11:05:07,2,1.643,31.45,28.7550,25.9,1.638,31.07,4.02,-49,5.50,
2026-09-11T11:05:08,2,1.638,31.00,28.7520,25.9,1.640,31.19,4.05,-49,7.50,
2026-09-11T11:05:09,2,1.618,29.45,28.7460,25.9,1.638,31.07,4.04,-55,9.50,
2026-09-11T11:05:11,2,1.640,31.19,28.7450,25.9,1.641,31.26,4.05,-55,9.50,
2026-09-11T11:05:12,2,1.616,29.26,28.7420,25.9,1.633,30.61,4.06,-55,9.75,
2026-09-11T11:05:13,2,1.620,29.58,28.7350,25.9,1.635,30.81,4.05,-55,10.00,
2026-09-11T11:05:14,2,1.638,31.07,28.7290,25.9,1.637,30.94,4.05,-55,9.25,
2026-09-11T11:05:15,2,1.618,29.45,28.7300,25.9,1.628,30.23,4.04,-54,9.75,
2026-09-11T11:05:16,2,1.644,31.52,28.7240,25.9,1.639,31.13,4.03,-54,9.75,
2026-09-11T11:05:17,2,1.638,31.07,28.7270,25.9,1.627,30.16,4.05,-55,9.50,
2026-09-11T11:05:18,2,1.620,29.58,28.7260,25.9,1.638,31.07,4.05,-54,9.75,
2026-09-11T11:05:19,2,1.639,31.13,28.7290,25.9,1.638,31.00,4.05,-54,10.00,
2026-09-11T11:05:20,2,1.617,29.39,28.7290,25.9,1.633,30.61,4.06,-54,10.00,
2026-09-11T11:05:22,2,1.619,29.52,28.7240,25.9,1.639,31.13,4.05,-53,9.50,
2026-09-11T11:05:23,2,1.635,30.81,28.7220,25.9,1.638,31.07,4.05,-54,10.25,
2026-09-11T11:05:24,2,1.618,29.45,28.7100,25.9,1.638,31.00,4.04,-54,10.00,
2026-09-11T11:05:25,2,1.641,31.26,28.7000,25.9,1.642,31.39,4.03,-55,9.50,
2026-09-11T11:05:26,2,1.638,31.07,28.7090,25.9,1.635,30.81,4.05,-55,10.25,
2026-09-11T11:05:27,2,1.617,29.39,28.7150,25.9,1.639,31.13,4.03,-54,9.75,
2026-09-11T11:05:28,2,1.637,30.94,28.7140,25.9,1.635,30.81,4.04,-54,9.75,
2026-09-11T11:05:30,2,1.617,29.39,28.7080,25.9,1.638,31.00,4.04,-55,9.75,
2026-09-11T11:05:31,2,1.638,31.07,28.7150,25.9,1.636,30.87,4.05,-55,10.00,
2026-09-11T11:05:32,2,1.621,29.71,28.7140,25.9,1.640,31.19,4.04,-56,9.75,
2026-09-11T11:05:34,2,1.644,31.52,28.7190,25.9,1.641,31.26,4.03,-56,9.75,
2026-09-11T11:05:35,2,1.638,31.00,28.7240,25.9,1.635,30.81,4.05,-53,9.50,
2026-09-11T11:05:36,2,1.619,29.52,28.7270,25.9,1.639,31.13,4.04,-53,9.75,
2026-09-11T11:05:37,2,1.641,31.26,28.7220,25.9,1.639,31.13,4.04,-54,10.25,
2026-09-11T11:05:38,2,1.615,29.20,28.7130,25.9,1.631,30.48,4.06,-53,9.25,
2026-09-11T11:05:39,2,1.618,29.45,28.7140,25.9,1.637,30.94,4.05,-54,9.25,
2026-09-11T11:05:40,2,1.638,31.00,28.7090,25.9,1.636,30.87,4.04,-53,9.75,
2026-09-11T11:05:41,2,1.622,29.78,28.7120,25.9,1.638,31.00,4.04,-53,9.75,
2026-09-11T11:05:42,2,1.645,31.58,28.7100,25.9,1.641,31.26,4.03,-53,9.50,
2026-09-11T11:05:43,2,1.636,30.87,28.7160,25.9,1.637,30.94,4.05,-53,9.75,
2026-09-11T11:05:44,2,1.621,29.65,28.7150,25.9,1.638,31.00,4.05,-53,9.50,
2026-09-11T11:05:50,2,1.617,29.32,28.7270,25.9,1.633,30.68,4.06,-49,6.25,
2026-09-11T11:05:51,2,1.644,31.52,28.7200,25.9,1.640,31.19,4.03,-48,5.75,
2026-09-11T11:05:52,2,1.636,30.87,28.7210,25.9,1.636,30.87,4.05,-48,6.50,
2026-09-11T11:05:53,2,1.620,29.58,28.7100,25.9,1.638,31.00,4.04,-54,9.50,
2026-09-11T11:05:54,2,1.643,31.45,28.7060,25.9,1.640,31.19,4.03,-53,9.25,
2026-09-11T11:05:55,2,1.617,29.39,28.7040,25.9,1.633,30.68,4.06,-53,9.50,
2026-09-11T11:05:56,2,1.617,29.39,28.7030,25.9,1.638,31.07,4.05,-53,9.25,
2026-09-11T11:05:58,2,1.631,30.48,28.7000,25.9,1.641,31.26,4.05,-53,9.75,
2026-09-11T11:05:59,2,1.617,29.32,28.7010,25.9,1.633,30.61,4.06,-53,9.50,
2026-09-11T11:06:00,2,1.647,31.77,28.7080,25.9,1.642,31.39,4.02,-53,9.50,
2026-09-11T11:06:01,2,1.633,30.61,28.7210,25.9,1.640,31.19,4.04,-53,10.00,
2026-09-11T11:06:02,2,1.619,29.52,28.7190,25.9,1.638,31.00,4.04,-53,10.25,
2026-09-11T11:06:03,2,1.636,30.87,28.7180,25.9,1.641,31.26,4.03,-53,9.50,
2026-09-11T11:06:04,2,1.617,29.32,28.7210,25.9,1.633,30.61,4.06,-53,9.75,
2026-09-11T11:06:05,2,1.619,29.52,28.7230,25.9,1.638,31.07,4.05,-53,9.50,
2026-09-11T11:06:06,2,1.638,31.07,28.7220,25.9,1.636,30.87,4.04,-53,10.00,
2026-09-11T11:06:07,2,1.616,29.26,28.7170,25.9,1.642,31.39,4.06,-53,9.25,
2026-09-11T11:06:09,2,1.645,31.58,28.7130,25.9,1.642,31.32,4.03,-53,9.00,
2026-09-11T11:06:10,2,1.638,31.00,28.7100,25.9,1.638,31.00,4.05,-53,9.50,
2026-09-11T11:06:11,2,1.621,29.71,28.7120,25.9,1.639,31.13,4.04,-53,9.50,
2026-09-11T11:06:12,2,1.642,31.39,28.7210,25.9,1.640,31.19,4.03,-53,9.00,
2026-09-11T11:06:13,2,1.614,29.13,28.7310,25.9,1.636,30.87,4.06,-53,10.00,
2026-09-11T11:06:14,2,1.618,29.45,28.7260,25.9,1.638,31.07,4.04,-53,9.75,
2026-09-11T11:06:15,2,1.637,30.94,28.7220,25.9,1.638,31.07,4.05,-53,9.25,
2026-09-11T11:06:16,2,1.617,29.39,28.7290,25.9,1.634,30.74,4.06,-53,9.75,
2026-09-11T11:06:17,2,1.646,31.71,28.7330,25.9,1.641,31.26,4.03,-53,9.50,
2026-09-11T11:06:18,2,1.638,31.00,28.7360,25.9,1.636,30.87,4.04,-53,9.75,
2026-09-11T11:06:19,2,1.621,29.71,28.7380,25.9,1.638,31.00,4.04,-52,9.75,
2026-09-11T11:06:21,2,1.643,31.45,28.7370,25.9,1.642,31.32,4.03,-53,9.75,
2026-09-11T11:06:22,2,1.616,29.26,28.7380,25.9,1.634,30.74,4.06,-52,9.75,
2026-09-11T11:06:23,2,1.622,29.78,28.7420,25.9,1.648,31.84,4.05,-53,9.50,
2026-09-11T11:06:24,2,1.629,30.36,28.7370,25.9,1.629,30.29,4.05,-53,11.75,
2026-09-11T11:06:25,2,1.619,29.52,28.7390,25.9,1.635,30.81,4.06,-53,9.25,
2026-09-11T11:06:26,2,1.621,29.65,28.7440,25.9,1.639,31.13,4.05,-53,9.50,
2026-09-11T11:06:27,2,1.637,30.94,28.7510,25.9,1.636,30.87,4.05,-53,9.50,
2026-09-11T11:06:28,2,1.620,29.58,28.7540,25.9,1.640,31.19,4.04,-53,9.75,
2026-09-11T11:06:29,2,1.642,31.32,28.7540,25.9,1.641,31.26,4.03,-53,9.25,
2026-09-11T11:06:35,2,1.620,29.58,28.7470,25.9,1.635,30.81,4.04,-48,6.50,
2026-09-11T11:06:36,2,1.639,31.13,28.7510,25.9,1.641,31.26,4.04,-47,6.50,
2026-09-11T11:06:37,2,1.620,29.58,28.7500,25.9,1.637,30.94,4.06,-48,7.00,
2026-09-11T11:06:38,2,1.644,31.52,28.7510,25.9,1.639,31.13,4.02,-53,9.50,
2026-09-11T11:06:39,2,1.638,31.00,28.7450,25.9,1.638,31.00,4.04,-53,9.50,
2026-09-11T11:06:40,2,1.621,29.65,28.7460,25.9,1.639,31.13,4.05,-53,9.50,
2026-09-11T11:06:41,2,1.642,31.32,28.7440,25.9,1.639,31.13,4.04,-53,9.75,
2026-09-11T11:06:42,2,1.617,29.32,28.7410,25.9,1.633,30.61,4.06,-53,9.50,
2026-09-11T11:06:44,2,1.620,29.58,28.7490,25.9,1.639,31.13,4.05,-53,10.00,
2026-09-11T11:06:45,2,1.638,31.00,28.7510,25.9,1.638,31.00,4.05,-54,9.75,
2026-09-11T11:06:46,2,1.617,29.32,28.7400,25.9,1.635,30.81,4.05,-54,9.50,
2026-09-11T11:06:47,2,1.643,31.45,28.7460,25.9,1.643,31.45,4.03,-54,9.50,
2026-09-11T11:06:48,2,1.638,31.00,28.7370,25.9,1.639,31.13,4.04,-54,10.50,
2026-09-11T11:06:49,2,1.621,29.71,28.7410,25.9,1.636,30.87,4.04,-53,9.50,
2026-09-11T11:06:50,2,1.641,31.26,28.7400,25.9,1.642,31.32,4.03,-53,9.50,
2026-09-11T11:06:51,2,1.616,29.26,28.7370,25.9,1.633,30.68,4.06,-53,9.75,
2026-09-11T11:06:52,2,1.620,29.58,28.7360,25.9,1.630,30.42,4.05,-53,9.50,
2026-09-11T11:06:53,2,1.650,32.03,28.7430,25.9,1.638,31.00,4.04,-53,10.00,
2026-09-11T11:06:54,2,1.618,29.45,28.7450,25.9,1.646,31.71,4.06,-53,10.00,
2026-09-11T11:06:56,2,1.648,31.84,28.7360,25.9,1.641,31.26,4.03,-52,9.75,
2026-09-11T11:06:57,2,1.634,30.74,28.7440,25.9,1.637,30.94,4.05,-53,9.75,
2026-09-11T11:06:58,2,1.621,29.71,28.7470,25.9,1.638,31.07,4.04,-53,9.50,
2026-09-11T11:06:59,2,1.642,31.32,28.7520,25.9,1.639,31.13,4.03,-53,9.75,
2026-09-11T11:07:00,2,1.617,29.32,28.7490,25.9,1.637,30.94,4.06,-53,9.25,
2026-09-11T11:07:01,2,1.620,29.58,28.7480,25.9,1.638,31.07,4.04,-53,9.50,
2026-09-11T11:07:02,2,1.637,30.94,28.7360,25.9,1.638,31.07,4.04,-53,9.50,
2026-09-11T11:07:03,2,1.617,29.39,28.7280,25.9,1.634,30.74,4.06,-53,9.75,
2026-09-11T11:07:04,2,1.646,31.65,28.7280,25.9,1.640,31.19,4.03,-53,9.75,
2026-09-11T11:07:05,2,1.636,30.87,28.7250,25.9,1.637,30.94,4.05,-53,9.25,
2026-09-11T11:07:06,2,1.619,29.52,28.7160,25.9,1.639,31.13,4.04,-53,10.50,
2026-09-11T11:07:08,2,1.641,31.26,28.7090,25.9,1.641,31.26,4.03,-53,9.75,
2026-09-11T11:07:09,2,1.616,29.26,28.7160,25.9,1.633,30.68,4.06,-53,10.00,
2026-09-11T11:07:10,2,1.621,29.65,28.7050,25.9,1.638,31.00,4.05,-53,8.75,
2026-09-11T11:07:11,2,1.631,30.48,28.7040,25.9,1.638,31.00,4.04,-53,9.50,
2026-09-11T11:07:12,2,1.616,29.26,28.6980,25.9,1.639,31.13,4.06,-53,9.50,
2026-09-11T11:07:13,2,1.646,31.65,28.6960,25.9,1.638,31.07,4.03,-53,9.50,
2026-09-11T11:07:14,2,1.630,30.42,28.6920,25.9,1.638,31.07,4.04,-52,9.50,
2026-09-11T11:07:18,2,1.619,29.52,28.6750,25.9,1.638,31.00,4.04,-47,7.00,
2026-09-11T11:07:20,2,1.637,30.94,28.6710,25.9,1.638,31.00,4.05,-48,6.75,
2026-09-11T11:07:21,2,1.613,29.00,28.6720,25.9,1.629,30.36,4.06,-47,6.50,
2026-09-11T11:07:22,2,1.646,31.65,28.6690,25.9,1.640,31.19,4.03,-47,8.00,
2026-09-11T11:07:23,2,1.635,30.81,28.6810,25.9,1.639,31.13,4.05,-53,9.25,
2026-09-11T11:07:24,2,1.622,29.78,28.6870,25.9,1.638,31.07,4.04,-54,9.50,
2026-09-11T11:07:25,2,1.641,31.26,28.6890,25.9,1.640,31.19,4.03,-53,9.50,
2026-09-11T11:07:26,2,1.617,29.32,28.6900,25.9,1.633,30.61,4.06,-54,9.50,
2026-09-11T11:07:27,2,1.621,29.71,28.7030,25.9,1.639,31.13,4.05,-55,9.75,
2026-09-11T11:07:28,2,1.638,31.07,28.6970,25.9,1.636,30.87,4.05,-53,9.75,
2026-09-11T11:07:29,2,1.616,29.26,28.6990,25.9,1.634,30.74,4.06,-53,10.00,
2026-09-11T11:07:31,2,1.646,31.65,28.6960,25.9,1.641,31.26,4.03,-54,9.50,
2026-09-11T11:07:32,2,1.636,30.87,28.6990,25.9,1.638,31.00,4.04,-54,9.25,
2026-09-11T11:07:33,2,1.615,29.20,28.7030,25.9,1.636,30.87,4.06,-53,9.50,
2026-09-11T11:07:34,2,1.646,31.71,28.6880,25.9,1.639,31.13,4.03,-53,9.50,
2026-09-11T11:07:35,2,1.616,29.26,28.6930,25.9,1.634,30.74,4.06,-54,9.50,
2026-09-11T11:07:36,2,1.620,29.58,28.6890,25.9,1.637,30.94,4.04,-54,10.00,
2026-09-11T11:07:37,2,1.638,31.07,28.6890,25.9,1.641,31.26,4.03,-54,9.25,
2026-09-11T11:07:38,2,1.618,29.45,28.6960,25.9,1.632,30.55,4.06,-54,9.75,
2026-09-11T11:07:39,2,1.646,31.65,28.6970,25.9,1.640,31.19,4.03,-54,9.75,
2026-09-11T11:07:40,2,1.635,30.81,28.6930,25.9,1.636,30.87,4.05,-54,9.75,
2026-09-11T11:07:41,2,1.616,29.26,28.6960,25.9,1.633,30.61,4.06,-54,9.50,
2026-09-11T11:07:43,2,1.641,31.26,28.6900,25.9,1.638,31.07,4.03,-54,9.50,
2026-09-11T11:07:44,2,1.618,29.45,28.6970,25.9,1.635,30.81,4.04,-54,10.00,
2026-09-11T11:07:45,2,1.621,29.65,28.6950,25.9,1.638,31.07,4.04,-54,9.75,
2026-09-11T11:07:46,2,1.641,31.26,28.7150,25.9,1.639,31.13,4.04,-54,9.75,
2026-09-11T11:07:47,2,1.616,29.26,28.7040,25.9,1.637,30.94,4.06,-54,9.50,
2026-09-11T11:07:48,2,1.629,30.36,28.6990,25.9,1.640,31.19,4.04,-54,9.75,
2026-09-11T11:07:49,2,1.638,31.00,28.7020,25.9,1.638,31.00,4.05,-55,9.50,
2026-09-11T11:07:50,2,1.616,29.26,28.7020,25.9,1.635,30.81,4.06,-54,9.75,
2026-09-11T11:07:51,2,1.634,30.74,28.6960,25.9,1.634,30.74,4.03,-54,9.75,
2026-09-11T11:07:52,2,1.638,31.00,28.7070,25.9,1.638,31.00,4.05,-55,9.25,
2026-09-11T11:07:53,2,1.621,29.71,28.7160,25.9,1.638,31.07,4.04,-54,9.75,
2026-09-11T11:07:55,2,1.639,31.13,28.7230,25.9,1.640,31.19,4.03,-54,10.25,
2026-09-11T11:07:56,2,1.616,29.26,28.7240,25.9,1.634,30.74,4.06,-52,9.75,
2026-09-11T11:07:57,2,1.619,29.52,28.7300,25.9,1.636,30.87,4.04,-54,10.00,
2026-09-11T11:07:58,2,1.637,30.94,28.7400,25.9,1.638,31.00,4.05,-54,9.50,
2026-09-11T11:08:03,2,1.640,31.19,28.7180,25.9,1.639,31.13,4.03,-47,6.50,
2026-09-11T11:08:04,2,1.619,29.52,28.7270,25.9,1.635,30.81,4.06,-47,6.25,
2026-09-11T11:08:05,2,1.620,29.58,28.7220,25.9,1.638,31.00,4.04,-48,6.50,
2026-09-11T11:08:07,2,1.637,30.94,28.7200,25.9,1.636,30.87,4.05,-53,9.50,
2026-09-11T11:08:08,2,1.617,29.32,28.7220,25.9,1.635,30.81,4.06,-53,9.50,
2026-09-11T11:08:09,2,1.644,31.52,28.7370,25.9,1.641,31.26,4.03,-52,9.25,
2026-09-11T11:08:10,2,1.638,31.07,28.7400,25.9,1.637,30.94,4.04,-54,10.00,
2026-09-11T11:08:11,2,1.623,29.84,28.7500,25.9,1.638,31.00,4.04,-55,9.75,
2026-09-11T11:08:12,2,1.642,31.39,28.7350,25.9,1.642,31.32,4.03,-53,9.75,
2026-09-11T11:08:13,2,1.617,29.32,28.7400,25.9,1.632,30.55,4.06,-53,9.75,
2026-09-11T11:08:14,2,1.618,29.45,28.7390,25.9,1.636,30.87,4.04,-53,10.50,
2026-09-11T11:08:15,2,1.640,31.19,28.7370,25.9,1.646,31.71,4.05,-53,9.75,
2026-09-11T11:08:16,2,1.615,29.20,28.7280,25.9,1.633,30.68,4.06,-52,10.00,
2026-09-11T11:08:18,2,1.644,31.52,28.7280,25.9,1.642,31.32,4.03,-53,9.50,
2026-09-11T11:08:19,2,1.640,31.19,28.7290,25.9,1.637,30.94,4.04,-53,9.50,
2026-09-11T11:08:20,2,1.619,29.52,28.7320,25.9,1.641,31.26,4.06,-52,9.75,
2026-09-11T11:08:21,2,1.641,31.26,28.7450,25.9,1.639,31.13,4.03,-53,9.00,
2026-09-11T11:08:22,2,1.619,29.52,28.7450,25.9,1.635,30.81,4.06,-53,10.00,
2026-09-11T11:08:23,2,1.620,29.58,28.7570,25.9,1.639,31.13,4.04,-53,9.75,
2026-09-11T11:08:24,2,1.641,31.26,28.7550,25.9,1.639,31.13,4.03,-53,9.25,
2026-09-11T11:08:25,2,1.618,29.45,28.7510,25.9,1.633,30.68,4.06,-52,9.75,
2026-09-11T11:08:26,2,1.645,31.58,28.7430,25.9,1.638,31.07,4.03,-53,9.25,
2026-09-11T11:08:27,2,1.635,30.81,28.7450,25.9,1.633,30.68,4.05,-53,9.75,
2026-09-11T11:08:28,2,1.617,29.32,28.7400,25.9,1.638,31.00,4.06,-53,9.50,
2026-09-11T11:08:30,2,1.645,31.58,28.7330,25.9,1.642,31.32,4.03,-52,9.75,
2026-09-11T11:08:31,2,1.617,29.39,28.7350,25.9,1.633,30.68,4.06,-53,9.50,
2026-09-11T11:08:32,2,1.615,29.20,28.7340,25.9,1.637,30.94,4.04,-53,9.75,
2026-09-11T11:08:33,2,1.638,31.07,28.7380,25.9,1.639,31.13,4.03,-52,9.50,
2026-09-11T11:08:34,2,1.617,29.39,28.7350,25.9,1.634,30.74,4.06,-53,9.50,
2026-09-11T11:08:35,2,1.646,31.65,28.7300,25.9,1.642,31.32,4.03,-52,9.75,
2026-09-11T11:08:36,2,1.629,30.36,28.7320,25.9,1.636,30.87,4.05,-52,9.75,
2026-09-11T11:08:37,2,1.617,29.32,28.7300,25.9,1.632,30.55,4.06,-53,10.00,
2026-09-11T11:08:38,2,1.641,31.26,28.7310,25.9,1.638,31.00,4.03,-53,10.00,
2026-09-11T11:08:39,2,1.614,29.13,28.7250,25.9,1.633,30.68,4.06,-53,9.75,
2026-09-11T11:08:40,2,1.619,29.52,28.7170,25.9,1.642,31.32,4.04,-53,10.00,
2026-09-11T11:08:42,2,1.641,31.26,28.7130,25.9,1.642,31.32,4.03,-53,9.50,
2026-09-11T11:08:43,2,1.617,29.39,28.7180,25.9,1.638,31.07,4.06,-53,10.00,
2026-09-11T11:08:48,2,1.616,29.26,28.7150,25.9,1.634,30.74,4.06,-49,6.25,
2026-09-11T11:08:49,2,1.619,29.52,28.7180,25.9,1.638,31.07,4.04,-50,5.50,
2026-09-11T11:08:50,2,1.639,31.13,28.7150,25.9,1.642,31.39,4.03,-49,4.75,
2026-09-11T11:08:51,2,1.619,29.52,28.7230,25.9,1.633,30.61,4.06,-55,9.50,
2026-09-11T11:08:53,2,1.647,31.77,28.7190,25.9,1.641,31.26,4.02,-55,10.00,
2026-09-11T11:08:54,2,1.638,31.00,28.7170,25.9,1.637,30.94,4.05,-55,9.50,
2026-09-11T11:08:55,2,1.616,29.26,28.7150,25.9,1.633,30.68,4.05,-55,9.00,
2026-09-11T11:08:56,2,1.644,31.52,28.7240,25.9,1.639,31.13,4.03,-55,9.75,
2026-09-11T11:08:57,2,1.616,29.26,28.7270,25.9,1.635,30.81,4.06,-54,9.50,
2026-09-11T11:08:58,2,1.619,29.52,28.7320,25.9,1.638,31.00,4.04,-55,10.50,
2026-09-11T11:08:59,2,1.639,31.13,28.7240,25.9,1.640,31.19,4.03,-55,10.75,
2026-09-11T11:09:00,2,1.617,29.39,28.7270,25.9,1.637,30.94,4.06,-53,9.50,
2026-09-11T11:09:01,2,1.648,31.84,28.7270,25.9,1.641,31.26,4.02,-53,9.75,
2026-09-11T11:09:02,2,1.637,30.94,28.7200,25.9,1.636,30.87,4.04,-53,10.00,
2026-09-11T11:09:03,2,1.616,29.26,28.7130,25.9,1.633,30.61,4.06,-52,9.75,
2026-09-11T11:09:05,2,1.642,31.32,28.7130,25.9,1.640,31.19,4.03,-53,9.50,
2026-09-11T11:09:06,2,1.614,29.13,28.7150,25.9,1.632,30.55,4.06,-53,9.50,
2026-09-11T11:09:07,2,1.616,29.26,28.7130,25.9,1.637,30.94,4.06,-54,9.75,
2026-09-11T11:09:08,2,1.641,31.26,28.7150,25.9,1.641,31.26,4.03,-54,9.75,
2026-09-11T11:09:09,2,1.614,29.13,28.7160,25.9,1.635,30.81,4.06,-54,9.50,
2026-09-11T11:09:10,2,1.647,31.77,28.7140,25.9,1.639,31.13,4.02,-53,9.50,
2026-09-11T11:09:11,2,1.638,31.07,28.7060,25.9,1.638,31.07,4.03,-53,9.25,
2026-09-11T11:09:12,2,1.617,29.32,28.7030,25.9,1.633,30.68,4.06,-53,9.50,
2026-09-11T11:09:13,2,1.642,31.32,28.7090,25.9,1.640,31.19,4.03,-54,9.75,
2026-09-11T11:09:14,2,1.614,29.13,28.7120,25.9,1.633,30.68,4.06,-54,9.75,
2026-09-11T11:09:15,2,1.617,29.39,28.7100,25.9,1.633,30.61,4.06,-54,9.75,
2026-09-11T11:09:17,2,1.639,31.13,28.7050,25.9,1.640,31.19,4.03,-53,9.25,
2026-09-11T11:09:18,2,1.617,29.39,28.6990,25.9,1.633,30.68,4.06,-53,10.25,
2026-09-11T11:09:19,2,1.646,31.65,28.6970,25.9,1.640,31.19,4.02,-53,9.50,
2026-09-11T11:09:20,2,1.638,31.00,28.6950,25.9,1.638,31.07,4.03,-54,9.25,
2026-09-11T11:09:21,2,1.617,29.39,28.7030,25.9,1.636,30.87,4.06,-53,9.50,
2026-09-11T11:09:22,2,1.644,31.52,28.7150,25.9,1.639,31.13,4.03,-53,9.50,
2026-09-11T11:09:23,2,1.617,29.32,28.7230,25.9,1.632,30.55,4.06,-53,9.75,
2026-09-11T11:09:24,2,1.614,29.13,28.7230,25.9,1.636,30.87,4.06,-53,9.50,
2026-09-11T11:09:25,2,1.641,31.26,28.7220,25.9,1.639,31.13,4.03,-53,9.25,
2026-09-11T11:09:26,2,1.617,29.32,28.7120,25.9,1.635,30.81,4.06,-53,9.75,
2026-09-11T11:09:27,2,1.647,31.77,28.7070,25.9,1.641,31.26,4.02,-53,9.50,
2026-09-11T11:09:32,2,1.617,29.32,28.7060,25.9,1.634,30.74,4.06,-48,6.00,
2026-09-11T11:09:33,2,1.617,29.32,28.7040,25.9,1.633,30.61,4.06,-48,6.00,
2026-09-11T11:09:34,2,1.638,31.07,28.7040,25.9,1.640,31.19,4.03,-48,6.00,
2026-09-11T11:09:35,2,1.617,29.32,28.7060,25.9,1.633,30.61,4.06,-48,7.50,
2026-09-11T11:09:36,2,1.647,31.77,28.7100,25.9,1.641,31.26,4.02,-54,9.50,
2026-09-11T11:09:37,2,1.639,31.13,28.7090,25.9,1.639,31.13,4.03,-54,9.50,
2026-09-11T11:09:38,2,1.617,29.39,28.7030,25.9,1.635,30.81,4.06,-54,9.50,
2026-09-11T11:09:40,2,1.639,31.13,28.7090,25.9,1.640,31.19,4.03,-53,9.25,
2026-09-11T11:09:41,2,1.617,29.39,28.7140,25.9,1.635,30.81,4.06,-53,9.50,
2026-09-11T11:09:42,2,1.616,29.26,28.7120,25.9,1.635,30.81,4.06,-53,10.00,
2026-09-11T11:09:43,2,1.639,31.13,28.7040,25.9,1.638,31.07,4.03,-53,9.25,
2026-09-11T11:09:44,2,1.615,29.20,28.7080,25.9,1.633,30.68,4.06,-53,9.25,
2026-09-11T11:09:45,2,1.647,31.77,28.7040,25.9,1.643,31.45,4.02,-53,9.75,
2026-09-11T11:09:46,2,1.639,31.13,28.7100,25.9,1.639,31.13,4.03,-53,9.75,
2026-09-11T11:09:47,2,1.615,29.20,28.7150,25.9,1.634,30.74,4.06,-53,9.75,
2026-09-11T11:09:48,2,1.644,31.52,28.7100,25.9,1.642,31.39,4.03,-54,9.25,
2026-09-11T11:09:49,2,1.616,29.26,28.7070,25.9,1.635,30.81,4.06,-53,9.50,
2026-09-11T11:09:50,2,1.618,29.45,28.7160,25.9,1.633,30.61,4.06,-53,9.50,
2026-09-11T11:09:52,2,1.641,31.26,28.7140,25.9,1.639,31.13,4.03,-53,9.50,
2026-09-11T11:09:53,2,1.617,29.32,28.7140,25.9,1.632,30.55,4.06,-53,9.25,
2026-09-11T11:09:54,2,1.640,31.19,28.7120,25.9,1.642,31.32,4.04,-53,9.75,
2026-09-11T11:09:55,2,1.638,31.07,28.7050,25.9,1.640,31.19,4.03,-54,9.75,
2026-09-11T11:09:56,2,1.615,29.20,28.7100,25.9,1.634,30.74,4.06,-54,9.50,
2026-09-11T11:09:57,2,1.642,31.39,28.7160,25.9,1.641,31.26,4.03,-53,9.00,
2026-09-11T11:09:58,2,1.621,29.71,28.7260,25.9,1.635,30.81,4.04,-53,9.75,
2026-09-11T11:09:59,2,1.616,29.26,28.7130,25.9,1.633,30.68,4.06,-53,9.25,
2026-09-11T11:10:00,2,1.642,31.39,28.7170,25.9,1.639,31.13,4.03,-53,9.25,
2026-09-11T11:10:01,2,1.616,29.26,28.7190,25.9,1.633,30.61,4.06,-53,9.50,
2026-09-11T11:10:02,2,1.617,29.32,28.7260,25.9,1.633,30.68,4.06,-53,9.25,
2026-09-11T11:10:04,2,1.640,31.19,28.7160,25.9,1.652,32.16,4.03,-53,9.75,
2026-09-11T11:10:05,2,1.617,29.39,28.7190,25.9,1.634,30.74,4.06,-54,9.50,
2026-09-11T11:10:06,2,1.651,32.10,28.7150,25.9,1.639,31.13,4.02,-53,9.50,
2026-09-11T11:10:07,2,1.639,31.13,28.7130,25.9,1.639,31.13,4.03,-53,9.50,
2026-09-11T11:10:08,2,1.616,29.26,28.7130,25.9,1.633,30.68,4.06,-53,9.25,
2026-09-11T11:10:09,2,1.640,31.19,28.7180,25.9,1.642,31.39,4.03,-54,9.50,
2026-09-11T11:10:10,2,1.617,29.32,28.7110,25.9,1.633,30.61,4.06,-54,9.50,
2026-09-11T11:10:11,2,1.611,28.87,28.7170,25.9,1.634,30.74,4.06,-54,9.50,
2026-09-11T11:10:17,2,1.617,29.32,28.7040,25.9,1.634,30.74,4.06,-48,5.75,
2026-09-11T11:10:18,2,1.638,31.07,28.6940,25.9,1.641,31.26,4.03,-48,6.00,
2026-09-11T11:10:19,2,1.617,29.32,28.7060,25.9,1.633,30.61,4.06,-48,6.00,
2026-09-11T11:10:20,2,1.615,29.20,28.7060,25.9,1.632,30.55,4.06,-55,9.75,
2026-09-11T11:10:21,2,1.633,30.68,28.6970,25.9,1.639,31.13,4.03,-54,9.50,
2026-09-11T11:10:22,2,1.616,29.26,28.6970,25.9,1.633,30.61,4.06,-54,9.50,
2026-09-11T11:10:23,2,1.642,31.39,28.7000,25.9,1.640,31.19,4.02,-54,10.00,
2026-09-11T11:10:24,2,1.638,31.07,28.7020,25.9,1.640,31.19,4.03,-54,9.75,
2026-09-11T11:10:25,2,1.614,29.13,28.7050,25.9,1.633,30.68,4.06,-55,9.75,
2026-09-11T11:10:27,2,1.641,31.26,28.7100,25.9,1.642,31.39,4.03,-55,9.50,
2026-09-11T11:10:28,2,1.617,29.39,28.7130,25.9,1.634,30.74,4.06,-54,9.50,
2026-09-11T11:10:29,2,1.616,29.26,28.7170,25.9,1.638,31.00,4.06,-55,9.75,
2026-09-11T11:10:30,2,1.639,31.13,28.7120,25.9,1.639,31.13,4.03,-55,9.75,
2026-09-11T11:10:31,2,1.617,29.39,28.7110,25.9,1.633,30.68,4.06,-54,9.75,
2026-09-11T11:10:32,2,1.646,31.65,28.7170,25.9,1.642,31.32,4.02,-54,9.75,
2026-09-11T11:10:33,2,1.641,31.26,28.7220,25.9,1.638,31.07,4.03,-54,9.50,
2026-09-11T11:10:34,2,1.619,29.52,28.7280,25.9,1.637,30.94,4.05,-54,9.50,
2026-09-11T11:10:35,2,1.640,31.19,28.7230,25.9,1.642,31.32,4.02,-54,9.50,
2026-09-11T11:10:36,2,1.617,29.32,28.7260,25.9,1.634,30.74,4.06,-54,9.75,
2026-09-11T11:10:37,2,1.617,29.32,28.7240,25.9,1.634,30.74,4.06,-54,9.75,
2026-09-11T11:10:39,2,1.639,31.13,28.7250,25.9,1.642,31.32,4.03,-54,9.50,
2026-09-11T11:10:40,2,1.617,29.39,28.7250,25.9,1.635,30.81,4.05,-53,9.75,
2026-09-11T11:10:41,2,1.644,31.52,28.7170,25.9,1.643,31.45,4.02,-54,9.50,
2026-09-11T11:10:42,2,1.640,31.19,28.7210,25.9,1.639,31.13,4.03,-54,9.50,
2026-09-11T11:10:43,2,1.617,29.39,28.7150,25.9,1.632,30.55,4.06,-54,9.50,
2026-09-11T11:10:44,2,1.641,31.26,28.7120,25.9,1.637,30.94,4.03,-54,9.50,
2026-09-11T11:10:45,2,1.617,29.39,28.7110,25.9,1.633,30.68,4.05,-54,9.50,
2026-09-11T11:10:46,2,1.618,29.45,28.7130,25.9,1.635,30.81,4.06,-54,9.50,
2026-09-11T11:10:47,2,1.641,31.26,28.7090,25.9,1.640,31.19,4.03,-54,9.75,
2026-09-11T11:10:48,2,1.617,29.39,28.7090,25.9,1.634,30.74,4.06,-53,9.75,
2026-09-11T11:10:49,2,1.642,31.32,28.7160,25.9,1.637,30.94,4.04,-54,10.00,
2026-09-11T11:10:51,2,1.640,31.19,28.7190,25.9,1.639,31.13,4.03,-54,9.25,
2026-09-11T11:10:52,2,1.615,29.20,28.7250,25.9,1.633,30.61,4.06,-54,9.50,
2026-09-11T11:10:53,2,1.642,31.39,28.7150,25.9,1.640,31.19,4.02,-54,9.75,
2026-09-11T11:10:54,2,1.617,29.39,28.7140,25.9,1.638,31.07,4.05,-54,9.50,
2026-09-11T11:10:55,2,1.616,29.26,28.7120,25.9,1.631,30.48,4.06,-54,9.50,
2026-09-11T11:10:56,2,1.640,31.19,28.7160,25.9,1.641,31.26,4.03,-54,9.50,
2026-09-11T11:11:02,2,1.641,31.26,28.7180,25.9,1.654,32.29,4.03,-48,4.50,
2026-09-11T11:11:03,2,1.619,29.52,28.7150,25.9,1.638,31.00,4.05,-48,4.50,
2026-09-11T11:11:04,2,1.616,29.26,28.7130,25.9,1.638,31.07,4.06,-49,5.00,
2026-09-11T11:11:05,2,1.641,31.26,28.7100,25.9,1.642,31.39,4.02,-55,9.75,
2026-09-11T11:11:06,2,1.614,29.13,28.7060,25.9,1.633,30.68,4.06,-54,10.00,
2026-09-11T11:11:07,2,1.645,31.58,28.7120,25.9,1.644,31.52,4.04,-55,10.25,
2026-09-11T11:11:08,2,1.639,31.13,28.7080,25.9,1.642,31.32,4.03,-55,9.50,
2026-09-11T11:11:09,2,1.617,29.39,28.7040,25.9,1.634,30.74,4.04,-54,10.00,
2026-09-11T11:11:10,2,1.643,31.45,28.6880,25.9,1.642,31.32,4.03,-54,9.75,
2026-09-11T11:11:11,2,1.618,29.45,28.6880,25.9,1.638,31.07,4.05,-55,9.50,
2026-09-11T11:11:12,2,1.616,29.26,28.6880,25.9,1.637,30.94,4.06,-54,9.75,
2026-09-11T11:11:14,2,1.641,31.26,28.6970,25.9,1.641,31.26,4.03,-54,10.25,
2026-09-11T11:11:15,2,1.617,29.32,28.7050,25.9,1.635,30.81,4.06,-54,9.50,
2026-09-11T11:11:16,2,1.642,31.32,28.7050,25.9,1.640,31.19,4.04,-54,10.00,
2026-09-11T11:11:17,2,1.638,31.00,28.6910,25.9,1.637,30.94,4.03,-55,9.00,
2026-09-11T11:11:18,2,1.619,29.52,28.6940,25.9,1.633,30.68,4.06,-54,9.50,
2026-09-11T11:11:19,2,1.641,31.26,28.6910,25.9,1.640,31.19,4.02,-53,10.00,
2026-09-11T11:11:20,2,1.618,29.45,28.6870,25.9,1.638,31.00,4.04,-53,9.75,
2026-09-11T11:11:21,2,1.614,29.13,28.6860,25.9,1.641,31.26,4.06,-54,10.00,
2026-09-11T11:11:22,2,1.638,31.07,28.6910,25.9,1.638,31.07,4.03,-54,9.25,
2026-09-11T11:11:23,2,1.619,29.52,28.6930,25.9,1.633,30.61,4.06,-54,9.50,
2026-09-11T11:11:24,2,1.646,31.65,28.6890,25.9,1.636,30.87,4.04,-54,10.00,
2026-09-11T11:11:26,2,1.639,31.13,28.6880,25.9,1.639,31.13,4.03,-54,9.25,
2026-09-11T11:11:27,2,1.608,28.68,28.6930,25.9,1.633,30.68,4.06,-54,9.75,
2026-09-11T11:11:28,2,1.642,31.39,28.6870,25.9,1.642,31.32,4.03,-53,12.75,
2026-09-11T11:11:29,2,1.620,29.58,28.6900,25.9,1.637,30.94,4.04,-53,10.00,
2026-09-11T11:11:30,2,1.617,29.32,28.7040,25.9,1.635,30.81,4.06,-54,9.25,
2026-09-11T11:11:31,2,1.640,31.19,28.7020,25.9,1.640,31.19,4.03,-53,9.50,
2026-09-11T11:11:32,2,1.623,29.84,28.7030,25.9,1.633,30.61,4.06,-54,9.25,
2026-09-11T11:11:33,2,1.645,31.58,28.6920,25.9,1.639,31.13,4.04,-53,9.50,
2026-09-11T11:11:34,2,1.639,31.13,28.6820,25.9,1.641,31.26,4.03,-53,9.25,
2026-09-11T11:11:35,2,1.617,29.32,28.6820,25.9,1.634,30.74,4.06,-54,9.50,
2026-09-11T11:11:36,2,1.639,31.13,28.6820,25.9,1.642,31.39,4.04,-54,10.00,
2026-09-11T11:11:38,2,1.617,29.32,28.6880,25.9,1.637,30.94,4.04,-54,9.50,
2026-09-11T11:11:39,2,1.614,29.13,28.6880,25.9,1.631,30.48,4.06,-54,10.00,
2026-09-11T11:11:40,2,1.642,31.32,28.6840,25.9,1.643,31.45,4.03,-54,9.50,
2026-09-11T11:11:41,2,1.619,29.52,28.6870,25.9,1.638,31.07,4.05,-54,12.00,
2026-09-11T11:11:45,2,1.639,31.13,28.6860,25.9,1.638,31.00,4.04,-47,5.25,
2026-09-11T11:11:46,2,1.619,29.52,28.6880,25.9,1.637,30.94,4.04,-47,5.25,
2026-09-11T11:11:47,2,1.618,29.45,28.6950,25.9,1.635,30.81,4.06,-48,5.50,
2026-09-11T11:11:49,2,1.641,31.26,28.6900,25.9,1.642,31.39,4.03,-48,6.75,
2026-09-11T11:11:50,2,1.617,29.39,28.6860,25.9,1.636,30.87,4.04,-54,9.75,
2026-09-11T11:11:51,2,1.617,29.39,28.6840,25.9,1.635,30.81,4.06,-54,10.00,
2026-09-11T11:11:52,2,1.639,31.13,28.6820,25.9,1.640,31.19,4.02,-54,10.00,
2026-09-11T11:11:53,2,1.618,29.45,28.6860,25.9,1.634,30.74,4.06,-54,9.50,
2026-09-11T11:11:54,2,1.640,31.19,28.6940,25.9,1.633,30.61,4.04,-54,9.75,
2026-09-11T11:11:55,2,1.638,31.00,28.6990,25.9,1.639,31.13,4.03,-54,9.75,
2026-09-11T11:11:56,2,1.617,29.39,28.6950,25.9,1.635,30.81,4.05,-54,9.75,
2026-09-11T11:11:57,2,1.642,31.32,28.7050,25.9,1.641,31.26,4.03,-54,9.75,
2026-09-11T11:11:58,2,1.618,29.45,28.7000,25.9,1.635,30.81,4.05,-53,9.25,
2026-09-11T11:11:59,2,1.617,29.32,28.7020,25.9,1.635,30.81,4.06,-53,9.50,
2026-09-11T11:12:01,2,1.638,31.07,28.7030,25.9,1.638,31.07,4.03,-53,9.75,
2026-09-11T11:12:02,2,1.616,29.26,28.7040,25.9,1.635,30.81,4.06,-53,9.75,
2026-09-11T11:12:03,2,1.637,30.94,28.7070,25.9,1.634,30.74,4.04,-53,9.50,
2026-09-11T11:12:04,2,1.633,30.61,28.7060,25.9,1.640,31.19,4.03,-53,9.50,
2026-09-11T11:12:05,2,1.617,29.39,28.7090,25.9,1.635,30.81,4.05,-53,9.75,
2026-09-11T11:12:06,2,1.639,31.13,28.7040,25.9,1.642,31.39,4.03,-52,9.25,
2026-09-11T11:12:07,2,1.618,29.45,28.7070,25.9,1.641,31.26,4.05,-53,9.50,
2026-09-11T11:12:08,2,1.615,29.20,28.7100,25.9,1.632,30.55,4.06,-53,9.50,
2026-09-11T11:12:09,2,1.638,31.07,28.7170,25.9,1.643,31.45,4.03,-53,9.25,
2026-09-11T11:12:10,2,1.614,29.13,28.7110,25.9,1.634,30.74,4.06,-53,9.75,
2026-09-11T11:12:11,2,1.642,31.39,28.7210,25.9,1.638,31.00,4.04,-54,9.75,
2026-09-11T11:12:13,2,1.638,31.07,28.7180,25.9,1.640,31.19,4.03,-53,9.75,
2026-09-11T11:12:14,2,1.618,29.45,28.7180,25.9,1.636,30.87,4.06,-53,9.75,
2026-09-11T11:12:15,2,1.640,31.19,28.7190,25.9,1.644,31.52,4.03,-53,10.00,
2026-09-11T11:12:16,2,1.618,29.45,28.7250,25.9,1.637,30.94,4.04,-53,10.00,
2026-09-11T11:12:17,2,1.619,29.52,28.7130,25.9,1.635,30.81,4.06,-53,9.75,
2026-09-11T11:12:18,2,1.642,31.32,28.7220,25.9,1.641,31.26,4.03,-53,9.50,
2026-09-11T11:12:19,2,1.617,29.39,28.7290,25.9,1.633,30.68,4.05,-53,9.25,
2026-09-11T11:12:20,2,1.642,31.32,28.7260,25.9,1.638,31.00,4.04,-53,9.50,
2026-09-11T11:12:21,2,1.638,31.07,28.7310,25.9,1.635,30.81,4.03,-53,9.75,
2026-09-11T11:12:22,2,1.617,29.39,28.7300,25.9,1.633,30.61,4.06,-52,9.50,
2026-09-11T11:12:23,2,1.642,31.39,28.7210,25.9,1.642,31.39,4.02,-53,9.50,
2026-09-11T11:12:25,2,1.620,29.58,28.7300,25.9,1.638,31.07,4.04,-53,10.25,
2026-09-11T11:12:26,2,1.606,28.49,28.7330,25.9,1.635,30.81,4.06,-52,10.25,
2026-09-11T11:12:27,2,1.643,31.45,28.7270,25.9,1.642,31.39,4.03,-53,9.25,
2026-09-11T11:12:30,2,1.643,31.45,28.7240,25.9,1.638,31.00,4.03,-47,6.25,
2026-09-11T11:12:31,2,1.617,29.39,28.7130,25.9,1.633,30.61,4.06,-47,5.50,
2026-09-11T11:12:32,2,1.634,30.74,28.7200,25.9,1.636,30.87,4.04,-47,6.00,
2026-09-11T11:12:33,2,1.620,29.58,28.7240,25.9,1.637,30.94,4.04,-53,9.75,
2026-09-11T11:12:34,2,1.617,29.32,28.7160,25.9,1.635,30.81,4.06,-52,9.50,
2026-09-11T11:12:36,2,1.638,31.07,28.7170,25.9,1.639,31.13,4.03,-52,10.00,
2026-09-11T11:12:37,2,1.617,29.39,28.7130,25.9,1.638,31.00,4.04,-53,10.25,
2026-09-11T11:12:38,2,1.639,31.13,28.7180,25.9,1.633,30.68,4.04,-53,10.25,
2026-09-11T11:12:39,2,1.640,31.19,28.7100,25.9,1.639,31.13,4.03,-53,9.75,
2026-09-11T11:12:40,2,1.617,29.32,28.7130,25.9,1.636,30.87,4.06,-53,9.75,
2026-09-11T11:12:41,2,1.639,31.13,28.7090,25.9,1.637,30.94,4.04,-54,10.00,
2026-09-11T11:12:42,2,1.623,29.84,28.7120,25.9,1.638,31.00,4.04,-54,9.50,
2026-09-11T11:12:43,2,1.616,29.26,28.7230,25.9,1.633,30.68,4.06,-53,9.50,
2026-09-11T11:12:44,2,1.638,31.07,28.7270,25.9,1.639,31.13,4.03,-53,9.50,
2026-09-11T11:12:45,2,1.620,29.58,28.7240,25.9,1.638,31.07,4.05,-53,9.25,
2026-09-11T11:12:46,2,1.644,31.52,28.7230,25.9,1.639,31.13,4.04,-53,9.25,
2026-09-11T11:12:48,2,1.639,31.13,28.7250,25.9,1.641,31.26,4.03,-53,9.50,
2026-09-11T11:12:49,2,1.617,29.32,28.7250,25.9,1.634,30.74,4.06,-53,9.75,
2026-09-11T11:12:50,2,1.638,31.07,28.7330,25.9,1.634,30.74,4.04,-53,9.50,
2026-09-11T11:12:51,2,1.616,29.26,28.7330,25.9,1.638,31.07,4.04,-53,10.00,
2026-09-11T11:12:52,2,1.616,29.26,28.7220,25.9,1.633,30.68,4.06,-53,9.25,
2026-09-11T11:12:53,2,1.639,31.13,28.7190,25.9,1.640,31.19,4.02,-53,9.75,
2026-09-11T11:12:54,2,1.621,29.71,28.7190,25.9,1.638,31.00,4.04,-53,9.50,
2026-09-11T11:12:55,2,1.642,31.39,28.7120,25.9,1.638,31.00,4.04,-54,9.50,
2026-09-11T11:12:56,2,1.639,31.13,28.7130,25.9,1.639,31.13,4.03,-54,9.25,
2026-09-11T11:12:57,2,1.614,29.13,28.7190,25.9,1.643,31.45,4.06,-54,9.75,
2026-09-11T11:12:58,2,1.640,31.19,28.7160,25.9,1.637,30.94,4.04,-55,10.25,
2026-09-11T11:13:00,2,1.619,29.52,28.7180,25.9,1.639,31.13,4.04,-54,10.00,
2026-09-11T11:13:01,2,1.616,29.26,28.7220,25.9,1.635,30.81,4.06,-55,9.75,
2026-09-11T11:13:02,2,1.639,31.13,28.7200,25.9,1.642,31.32,4.03,-54,9.75,
2026-09-11T11:13:03,2,1.618,29.45,28.7100,25.9,1.637,30.94,4.04,-55,10.00,
2026-09-11T11:13:04,2,1.644,31.52,28.6980,25.9,1.640,31.19,4.04,-55,10.00,
2026-09-11T11:13:05,2,1.638,31.00,28.7010,25.9,1.640,31.19,4.03,-54,10.25,
2026-09-11T11:13:06,2,1.615,29.20,28.6990,25.9,1.635,30.81,4.06,-54,9.50,
2026-09-11T11:13:07,2,1.638,31.07,28.7000,25.9,1.638,31.00,4.05,-54,9.50,
2026-09-11T11:13:08,2,1.620,29.58,28.6990,25.9,1.636,30.87,4.04,-54,10.75,
2026-09-11T11:13:09,2,1.614,29.13,28.6950,25.9,1.636,30.87,4.05,-54,9.75,
2026-09-11T11:13:15,2,1.615,29.20,28.7180,25.9,1.636,30.87,4.06,-49,6.00,
2026-09-11T11:13:16,2,1.638,31.07,28.7150,25.9,1.636,30.87,4.04,-49,6.75,
2026-09-11T11:13:17,2,1.619,29.52,28.7110,25.9,1.639,31.13,4.04,-49,6.75,
2026-09-11T11:13:18,2,1.615,29.20,28.7030,25.9,1.634,30.74,4.06,-54,9.50,
2026-09-11T11:13:19,2,1.641,31.26,28.7010,25.9,1.640,31.19,4.02,-54,10.00,
2026-09-11T11:13:20,2,1.617,29.39,28.6970,25.9,1.638,31.07,4.04,-54,9.50,
2026-09-11T11:13:21,2,1.642,31.32,28.6950,25.9,1.637,30.94,4.04,-54,9.75,
2026-09-11T11:13:23,2,1.638,31.07,28.6990,25.9,1.643,31.45,4.02,-54,9.75,
2026-09-11T11:13:24,2,1.617,29.32,28.7000,25.9,1.633,30.68,4.04,-54,10.25,
2026-09-11T11:13:25,2,1.638,31.07,28.7070,25.9,1.636,30.87,4.04,-54,10.00,
2026-09-11T11:13:26,2,1.621,29.65,28.7140,25.9,1.638,31.00,4.05,-55,9.75,
2026-09-11T11:13:27,2,1.615,29.20,28.7180,25.9,1.633,30.68,4.06,-55,10.00,
2026-09-11T11:13:28,2,1.639,31.13,28.7090,25.9,1.638,31.00,4.04,-55,10.00,
2026-09-11T11:13:29,2,1.618,29.45,28.7010,25.9,1.636,30.87,4.04,-54,10.25,
2026-09-11T11:13:30,2,1.644,31.52,28.7040,25.9,1.639,31.13,4.04,-54,10.25,
2026-09-11T11:13:31,2,1.641,31.26,28.7090,25.9,1.640,31.19,4.03,-54,9.50,
2026-09-11T11:13:32,2,1.621,29.65,28.7080,25.9,1.638,31.07,4.04,-55,9.75,
2026-09-11T11:13:33,2,1.638,31.07,28.7080,25.9,1.636,30.87,4.04,-54,10.00,
2026-09-11T11:13:35,2,1.619,29.52,28.7090,25.9,1.642,31.39,4.04,-54,10.50,
2026-09-11T11:13:36,2,1.615,29.20,28.6990,25.9,1.633,30.61,4.06,-55,10.50,
2026-09-11T11:13:37,2,1.640,31.19,28.7000,25.9,1.637,30.94,4.04,-55,10.25,
2026-09-11T11:13:38,2,1.619,29.52,28.7070,25.9,1.636,30.87,4.05,-56,9.50,
2026-09-11T11:13:39,2,1.642,31.39,28.7080,25.9,1.640,31.19,4.04,-56,10.00,
2026-09-11T11:13:40,2,1.641,31.26,28.7200,25.9,1.641,31.26,4.03,-56,9.75,
2026-09-11T11:13:41,2,1.620,29.58,28.7300,25.9,1.638,31.00,4.04,-57,9.75,
2026-09-11T11:13:42,2,1.641,31.26,28.7280,25.9,1.641,31.26,4.04,-55,10.00,
2026-09-11T11:13:43,2,1.624,29.90,28.7260,25.9,1.641,31.26,4.03,-55,9.75,
2026-09-11T11:13:44,2,1.618,29.45,28.7270,25.9,1.633,30.68,4.06,-54,9.75,
2026-09-11T11:13:45,2,1.638,31.00,28.7220,25.9,1.638,31.00,4.04,-55,9.75,
2026-09-11T11:13:47,2,1.618,29.45,28.7220,25.9,1.638,31.07,4.04,-54,9.75,
2026-09-11T11:13:48,2,1.618,29.45,28.7220,25.9,1.633,30.68,4.06,-55,9.75,
2026-09-11T11:13:49,2,1.642,31.32,28.7320,25.9,1.640,31.19,4.03,-54,9.50,
2026-09-11T11:13:50,2,1.618,29.45,28.7360,25.9,1.641,31.26,4.04,-55,10.25,
2026-09-11T11:13:51,2,1.641,31.26,28.7340,25.9,1.637,30.94,4.04,-55,9.50,
2026-09-11T11:13:52,2,1.638,31.07,28.7410,25.9,1.642,31.32,4.03,-55,9.75,
2026-09-11T11:13:53,2,1.617,29.39,28.7420,25.9,1.635,30.81,4.06,-55,10.00,
2026-09-11T11:13:54,2,1.637,30.94,28.7340,25.9,1.638,31.07,4.04,-55,9.75,
2026-09-11T11:14:00,2,1.643,31.45,28.7300,25.9,1.637,30.94,4.04,-49,5.50,
2026-09-11T11:14:01,2,1.640,31.19,28.7260,25.9,1.640,31.19,4.03,-49,5.50,
2026-09-11T11:14:02,2,1.615,29.20,28.7280,25.9,1.632,30.55,4.06,-48,6.75,
2026-09-11T11:14:03,2,1.638,31.00,28.7270,25.9,1.640,31.19,4.04,-55,10.00,
2026-09-11T11:14:04,2,1.619,29.52,28.7310,25.9,1.638,31.00,4.04,-55,10.00,
2026-09-11T11:14:05,2,1.617,29.32,28.7280,25.9,1.633,30.61,4.06,-54,10.00,
2026-09-11T11:14:06,2,1.641,31.26,28.7170,25.9,1.639,31.13,4.02,-54,9.75,
2026-09-11T11:14:07,2,1.620,29.58,28.7170,25.9,1.636,30.87,4.05,-54,9.75,
2026-09-11T11:14:08,2,1.639,31.13,28.7110,25.9,1.635,30.81,4.04,-55,10.25,
2026-09-11T11:14:10,2,1.642,31.32,28.7060,25.9,1.639,31.13,4.03,-54,9.50,
2026-09-11T11:14:11,2,1.617,29.32,28.7050,25.9,1.633,30.61,4.06,-55,9.75,
2026-09-11T11:14:12,2,1.636,30.87,28.6930,25.9,1.635,30.81,4.04,-56,10.00,
2026-09-11T11:14:13,2,1.620,29.58,28.6890,25.9,1.638,31.00,4.04,-56,9.75,
2026-09-11T11:14:14,2,1.617,29.32,28.6990,25.9,1.634,30.74,4.06,-55,9.75,
2026-09-11T11:14:15,2,1.638,31.00,28.7060,25.9,1.638,31.07,4.04,-55,9.75,
2026-09-11T11:14:16,2,1.620,29.58,28.7130,25.9,1.638,31.00,4.05,-55,9.75,
2026-09-11T11:14:17,2,1.642,31.39,28.7180,25.9,1.635,30.81,4.04,-55,11.00,
2026-09-11T11:14:18,2,1.638,31.00,28.7210,25.9,1.640,31.19,4.02,-55,10.25,
2026-09-11T11:14:19,2,1.621,29.65,28.7300,25.9,1.638,31.00,4.04,-54,10.00,
2026-09-11T11:14:20,2,1.638,31.07,28.7300,25.9,1.638,31.00,4.04,-55,10.25,
2026-09-11T11:14:22,2,1.618,29.45,28.7300,25.9,1.636,30.87,4.04,-54,10.00,
2026-09-11T11:14:23,2,1.616,29.26,28.7310,25.9,1.632,30.55,4.06,-55,9.50,
2026-09-11T11:14:24,2,1.637,30.94,28.7340,25.9,1.634,30.74,4.04,-54,10.25,
2026-09-11T11:14:25,2,1.616,29.26,28.7320,25.9,1.634,30.74,4.04,-54,10.00,
2026-09-11T11:14:26,2,1.643,31.45,28.7370,25.9,1.637,30.94,4.04,-55,9.50,
2026-09-11T11:14:27,2,1.640,31.19,28.7430,25.9,1.638,31.00,4.03,-55,9.75,
2026-09-11T11:14:28,2,1.618,29.45,28.7520,25.9,1.637,30.94,4.04,-55,10.25,
2026-09-11T11:14:29,2,1.641,31.26,28.7570,25.9,1.638,31.07,4.04,-54,10.00,
2026-09-11T11:14:30,2,1.619,29.52,28.7600,25.9,1.636,30.87,4.04,-54,9.50,
2026-09-11T11:14:31,2,1.617,29.32,28.7620,25.9,1.633,30.61,4.06,-55,9.75,
2026-09-11T11:14:32,2,1.638,31.00,28.7700,25.9,1.636,30.87,4.04,-55,9.75,
2026-09-11T11:14:34,2,1.619,29.52,28.7740,25.9,1.638,31.00,4.05,-55,9.50,
2026-09-11T11:14:35,2,1.639,31.13,28.7660,25.9,1.635,30.81,4.04,-55,10.25,
2026-09-11T11:14:36,2,1.635,30.81,28.7590,25.9,1.641,31.26,4.03,-54,9.50,
2026-09-11T11:14:37,2,1.621,29.65,28.7560,25.9,1.635,30.81,4.04,-54,10.25,
2026-09-11T11:14:38,2,1.639,31.13,28.7540,25.9,1.639,31.13,4.04,-54,10.25,
2026-09-11T11:14:39,2,1.621,29.65,28.7510,25.9,1.638,31.00,4.04,-55,9.75,
2026-09-11T11:14:43,2,1.644,31.52,28.7310,25.9,1.638,31.00,4.04,-50,6.75,
2026-09-11T11:14:45,2,1.639,31.13,28.7310,25.9,1.640,31.19,4.02,-49,6.75,
2026-09-11T11:14:46,2,1.621,29.65,28.7360,25.9,1.637,30.94,4.04,-50,6.00,
2026-09-11T11:14:47,2,1.638,31.07,28.7230,25.9,1.635,30.81,4.04,-50,9.75,
2026-09-11T11:14:48,2,1.617,29.39,28.7210,25.9,1.637,30.94,4.04,-55,10.25,
2026-09-11T11:14:49,2,1.627,30.16,28.7200,25.9,1.634,30.74,4.06,-55,9.50,
2026-09-11T11:14:50,2,1.639,31.13,28.7150,25.9,1.637,30.94,4.04,-56,10.00,
2026-09-11T11:14:51,2,1.621,29.65,28.7080,25.9,1.639,31.13,4.04,-54,10.00,
2026-09-11T11:14:52,2,1.643,31.45,28.7070,25.9,1.638,31.07,4.04,-55,10.25,
2026-09-11T11:14:53,2,1.638,31.00,28.7000,25.9,1.643,31.45,4.02,-54,10.00,
2026-09-11T11:14:54,2,1.618,29.45,28.7000,25.9,1.638,31.00,4.04,-55,10.25,
2026-09-11T11:14:55,2,1.628,30.23,28.6930,25.9,1.633,30.68,4.04,-54,9.75,
2026-09-11T11:14:57,2,1.622,29.78,28.6920,25.9,1.638,31.07,4.03,-55,10.00,
2026-09-11T11:14:58,2,1.616,29.26,28.6900,25.9,1.633,30.68,4.06,-55,10.00,
2026-09-11T11:14:59,2,1.638,31.07,28.6970,25.9,1.636,30.87,4.04,-54,10.25,
2026-09-11T11:15:00,2,1.619,29.52,28.7060,25.9,1.642,31.39,4.04,-55,10.50,
2026-09-11T11:15:01,2,1.616,29.26,28.7050,25.9,1.637,30.94,4.06,-55,10.00,
2026-09-11T11:15:02,2,1.638,31.00,28.7030,25.9,1.642,31.39,4.02,-55,10.00,
2026-09-11T11:15:03,2,1.619,29.52,28.7010,25.9,1.635,30.81,4.05,-55,9.50,
2026-09-11T11:15:04,2,1.641,31.26,28.7010,25.9,1.637,30.94,4.04,-55,10.00,
2026-09-11T11:15:05,2,1.641,31.26,28.6990,25.9,1.642,31.32,4.03,-55,9.50,
2026-09-11T11:15:06,2,1.616,29.26,28.7040,25.9,1.633,30.68,4.06,-56,9.75,
2026-09-11T11:15:07,2,1.638,31.00,28.7080,25.9,1.638,31.00,4.04,-56,10.00,
2026-09-11T11:15:09,2,1.620,29.58,28.7100,25.9,1.638,31.00,4.04,-56,9.75,
2026-09-11T11:15:10,2,1.614,29.13,28.7170,25.9,1.634,30.74,4.06,-55,9.75,
2026-09-11T11:15:11,2,1.637,30.94,28.7130,25.9,1.636,30.87,4.04,-54,10.00,
2026-09-11T11:15:12,2,1.619,29.52,28.7150,25.9,1.643,31.45,4.04,-54,10.00,
2026-09-11T11:15:13,2,1.642,31.39,28.7300,25.9,1.638,31.07,4.04,-55,9.75,
2026-09-11T11:15:14,2,1.638,31.07,28.7290,25.9,1.641,31.26,4.02,-55,10.00,
2026-09-11T11:15:15,2,1.621,29.65,28.7310,25.9,1.637,30.94,4.04,-55,10.00,
2026-09-11T11:15:16,2,1.639,31.13,28.7310,25.9,1.636,30.87,4.04,-55,10.25,
2026-09-11T11:15:17,2,1.619,29.52,28.7310,25.9,1.638,31.07,4.04,-55,10.00,
2026-09-11T11:15:18,2,1.617,29.32,28.7320,25.9,1.633,30.61,4.06,-55,9.75,
2026-09-11T11:15:20,2,1.638,31.07,28.7320,25.9,1.636,30.87,4.05,-54,9.75,
2026-09-11T11:15:21,2,1.619,29.52,28.7270,25.9,1.636,30.87,4.04,-54,10.00,
2026-09-11T11:15:22,2,1.644,31.52,28.7330,25.9,1.638,31.07,4.04,-55,9.75,
2026-09-11T11:15:23,2,1.640,31.19,28.7370,25.9,1.639,31.13,4.03,-54,9.50,
2026-09-11T11:15:28,2,1.637,30.94,28.7390,25.9,1.638,31.00,4.04,-49,5.75,
2026-09-11T11:15:29,2,1.621,29.65,28.7340,25.9,1.640,31.19,4.05,-48,5.25,
2026-09-11T11:15:30,2,1.642,31.39,28.7340,25.9,1.637,30.94,4.04,-49,6.00,
2026-09-11T11:15:32,2,1.640,31.19,28.7260,25.9,1.640,31.19,4.02,-54,10.00,
2026-09-11T11:15:33,2,1.619,29.52,28.7270,25.9,1.636,30.87,4.04,-54,10.50,
2026-09-11T11:15:34,2,1.639,31.13,28.7210,25.9,1.638,31.00,4.04,-54,10.00,
2026-09-11T11:15:35,2,1.617,29.39,28.7160,25.9,1.639,31.13,4.04,-53,10.00,
2026-09-11T11:15:36,2,1.618,29.45,28.7140,25.9,1.632,30.55,4.06,-54,9.50,
2026-09-11T11:15:37,2,1.638,31.00,28.7190,25.9,1.636,30.87,4.04,-54,10.00,
2026-09-11T11:15:38,2,1.618,29.45,28.7150,25.9,1.637,30.94,4.04,-55,10.00,
2026-09-11T11:15:39,2,1.643,31.45,28.7150,25.9,1.638,31.00,4.04,-55,9.75,
2026-09-11T11:15:40,2,1.640,31.19,28.7060,25.9,1.643,31.45,4.02,-54,9.75,
2026-09-11T11:15:41,2,1.619,29.52,28.7020,25.9,1.636,30.87,4.04,-54,10.25,
2026-09-11T11:15:42,2,1.638,31.07,28.7040,25.9,1.636,30.87,4.04,-55,9.75,
2026-09-11T11:15:44,2,1.619,29.52,28.7070,25.9,1.638,31.07,4.04,-55,10.00,
2026-09-11T11:15:45,2,1.615,29.20,28.7010,25.9,1.634,30.74,4.06,-55,10.00,
2026-09-11T11:15:46,2,1.637,30.94,28.6990,25.9,1.635,30.81,4.04,-54,10.00,
2026-09-11T11:15:47,2,1.619,29.52,28.6980,25.9,1.637,30.94,4.04,-54,10.00,
2026-09-11T11:15:48,2,1.629,30.36,28.6980,25.9,1.636,30.87,4.05,-54,9.75,
2026-09-11T11:15:49,2,1.640,31.19,28.6930,25.9,1.641,31.26,4.03,-54,9.50,
2026-09-11T11:15:50,2,1.620,29.58,28.6890,25.9,1.635,30.81,4.04,-54,10.25,
2026-09-11T11:15:51,2,1.649,31.90,28.6980,25.9,1.636,30.87,4.04,-54,10.00,
2026-09-11T11:15:52,2,1.639,31.13,28.6940,25.9,1.638,31.07,4.03,-54,9.75,
2026-09-11T11:15:53,2,1.617,29.32,28.6880,25.9,1.633,30.68,4.05,-54,9.50,
2026-09-11T11:15:54,2,1.639,31.13,28.6820,25.9,1.635,30.81,4.04,-54,10.50,
2026-09-11T11:15:56,2,1.617,29.32,28.6930,25.9,1.638,31.07,4.04,-55,10.00,
2026-09-11T11:15:57,2,1.609,28.74,28.6960,25.9,1.634,30.74,4.06,-55,10.00,
2026-09-11T11:15:58,2,1.637,30.94,28.7000,25.9,1.642,31.32,4.02,-55,10.00,
2026-09-11T11:15:59,2,1.619,29.52,28.7030,25.9,1.638,31.07,4.04,-53,9.50,
2026-09-11T11:16:01,2,1.639,31.13,28.7090,25.9,1.639,31.13,4.03,-54,10.25,
2026-09-11T11:16:02,2,1.618,29.45,28.7070,25.9,1.633,30.68,4.05,-54,9.25,
2026-09-11T11:16:03,2,1.639,31.13,28.7080,25.9,1.636,30.87,4.04,-54,10.25,
2026-09-11T11:16:04,2,1.616,29.26,28.7190,25.9,1.638,31.07,4.04,-54,10.00,
2026-09-11T11:16:05,2,1.617,29.32,28.7110,25.9,1.639,31.13,4.06,-54,9.75,
2026-09-11T11:16:07,2,1.638,31.07,28.7130,25.9,1.641,31.26,4.04,-54,10.00,
2026-09-11T11:16:08,2,1.617,29.39,28.7070,25.9,1.633,30.68,4.04,-54,11.00,
2026-09-11T11:16:13,2,1.620,29.58,28.7170,25.9,1.638,31.00,4.04,-49,5.75,
2026-09-11T11:16:14,2,1.617,29.39,28.7220,25.9,1.631,30.48,4.06,-48,6.00,
2026-09-11T11:16:15,2,1.637,30.94,28.7050,25.9,1.637,30.94,4.04,-48,7.25,
2026-09-11T11:16:16,2,1.621,29.65,28.7080,25.9,1.638,31.00,4.04,-55,10.25,
2026-09-11T11:16:17,2,1.641,31.26,28.6950,25.9,1.637,30.94,4.03,-55,9.75,
2026-09-11T11:16:19,2,1.639,31.13,28.7010,25.9,1.642,31.32,4.02,-54,10.25,
2026-09-11T11:16:20,2,1.617,29.32,28.6870,25.9,1.633,30.61,4.04,-55,9.75,
2026-09-11T11:16:21,2,1.640,31.19,28.6790,25.9,1.639,31.13,4.04,-54,9.75,
2026-09-11T11:16:22,2,1.631,30.48,28.6740,25.9,1.636,30.87,4.04,-54,10.25,
2026-09-11T11:16:23,2,1.616,29.26,28.6820,25.9,1.633,30.68,4.06,-55,10.00,
2026-09-11T11:16:24,2,1.640,31.19,28.6690,25.9,1.638,31.07,4.04,-55,10.00,
2026-09-11T11:16:25,2,1.620,29.58,28.6800,25.9,1.638,31.07,4.04,-54,10.00,
2026-09-11T11:16:26,2,1.643,31.45,28.6800,25.9,1.640,31.19,4.04,-55,10.00,
2026-09-11T11:16:27,2,1.639,31.13,28.6870,25.9,1.641,31.26,4.03,-54,9.75,
2026-09-11T11:16:28,2,1.619,29.52,28.6960,25.9,1.636,30.87,4.04,-55,10.00,
2026-09-11T11:16:29,2,1.639,31.13,28.6990,25.9,1.645,31.58,4.04,-54,10.25,
2026-09-11T11:16:31,2,1.618,29.45,28.7040,25.9,1.638,31.07,4.04,-55,9.75,
2026-09-11T11:16:32,2,1.616,29.26,28.7080,25.9,1.635,30.81,4.06,-55,10.00,
2026-09-11T11:16:33,2,1.636,30.87,28.7060,25.9,1.638,31.07,4.04,-54,9.75,
2026-09-11T11:16:34,2,1.620,29.58,28.7060,25.9,1.637,30.94,4.04,-54,10.00,
2026-09-11T11:16:35,2,1.647,31.77,28.7110,25.9,1.638,31.00,4.03,-54,9.50,
2026-09-11T11:16:36,2,1.641,31.26,28.7070,25.9,1.641,31.26,4.02,-54,10.00,
2026-09-11T11:16:37,2,1.621,29.71,28.7090,25.9,1.638,31.07,4.04,-54,10.00,
2026-09-11T11:16:38,2,1.638,31.00,28.7090,25.9,1.638,31.00,4.04,-54,9.75,
2026-09-11T11:16:39,2,1.622,29.78,28.7130,25.9,1.638,31.00,4.02,-55,9.75,
2026-09-11T11:16:40,2,1.617,29.39,28.7140,25.9,1.633,30.68,4.06,-55,9.75,
2026-09-11T11:16:41,2,1.638,31.00,28.7190,25.9,1.636,30.87,4.04,-54,10.00,
2026-09-11T11:16:43,2,1.617,29.39,28.7250,25.9,1.638,31.00,4.04,-55,9.75,
2026-09-11T11:16:44,2,1.617,29.32,28.7250,25.9,1.634,30.74,4.05,-55,9.75,
2026-09-11T11:16:45,2,1.638,31.00,28.7170,25.9,1.641,31.26,4.02,-54,10.00,
2026-09-11T11:16:46,2,1.623,29.84,28.7060,25.9,1.638,31.00,4.04,-55,9.75,
2026-09-11T11:16:47,2,1.639,31.13,28.7100,25.9,1.638,31.07,4.04,-55,10.00,
2026-09-11T11:16:48,2,1.638,31.07,28.7050,25.9,1.640,31.19,4.03,-55,9.50,
2026-09-11T11:16:49,2,1.616,29.26,28.6990,25.9,1.633,30.68,4.05,-56,10.00,
2026-09-11T11:16:50,2,1.638,31.00,28.6870,25.9,1.638,31.00,4.04,-57,10.25,
2026-09-11T11:16:51,2,1.620,29.58,28.6870,25.9,1.638,31.00,4.04,-56,10.00,
2026-09-11T11:16:52,2,1.617,29.32,28.6800,25.9,1.633,30.68,4.05,-56,9.50,
2026-09-11T11:16:57,2,1.638,31.07,28.6720,25.9,1.639,31.13,4.03,-49,7.75,
2026-09-11T11:16:58,2,1.617,29.32,28.6770,25.9,1.633,30.61,4.05,-50,7.25,
2026-09-11T11:16:59,2,1.641,31.26,28.6820,25.9,1.636,30.87,4.04,-50,7.00,
2026-09-11T11:17:00,2,1.619,29.52,28.6780,25.9,1.638,31.07,4.04,-50,9.00,
2026-09-11T11:17:01,2,1.617,29.32,28.6710,25.9,1.637,30.94,4.05,-55,9.50,
2026-09-11T11:17:02,2,1.638,31.07,28.6600,25.9,1.642,31.39,4.02,-55,10.25,
2026-09-11T11:17:03,2,1.619,29.52,28.6650,25.9,1.638,31.07,4.04,-55,9.75,
2026-09-11T11:17:04,2,1.640,31.19,28.6770,25.9,1.638,31.07,4.04,-55,10.00,
2026-09-11T11:17:06,2,1.638,31.07,28.6810,25.9,1.639,31.13,4.03,-55,9.50,
2026-09-11T11:17:07,2,1.617,29.32,28.6770,25.9,1.632,30.55,4.06,-55,9.75,
2026-09-11T11:17:08,2,1.638,31.07,28.6850,25.9,1.635,30.81,4.04,-55,10.25,
2026-09-11T11:17:09,2,1.608,28.68,28.6910,25.9,1.636,30.87,4.04,-55,10.50,
2026-09-11T11:17:10,2,1.617,29.32,28.6970,25.9,1.635,30.81,4.05,-55,9.75,
2026-09-11T11:17:11,2,1.638,31.07,28.7010,25.9,1.642,31.32,4.03,-56,9.50,
2026-09-11T11:17:12,2,1.618,29.45,28.7070,25.9,1.637,30.94,4.04,-56,9.50,
2026-09-11T11:17:13,2,1.640,31.19,28.7070,25.9,1.639,31.13,4.04,-56,10.00,
2026-09-11T11:17:14,2,1.641,31.26,28.7090,25.9,1.640,31.19,4.02,-54,10.00,
2026-09-11T11:17:15,2,1.621,29.65,28.7060,25.9,1.636,30.87,4.04,-54,10.25,
2026-09-11T11:17:16,2,1.638,31.07,28.7060,25.9,1.635,30.81,4.04,-54,9.75,
2026-09-11T11:17:18,2,1.618,29.45,28.7140,25.9,1.637,30.94,4.04,-55,10.00,
2026-09-11T11:17:19,2,1.616,29.26,28.7050,25.9,1.636,30.87,4.05,-54,9.75,
2026-09-11T11:17:20,2,1.637,30.94,28.7030,25.9,1.636,30.87,4.04,-55,10.00,
2026-09-11T11:17:21,2,1.617,29.39,28.7100,25.9,1.632,30.55,4.04,-54,10.50,
2026-09-11T11:17:22,2,1.645,31.58,28.7190,25.9,1.639,31.13,4.04,-54,10.00,
2026-09-11T11:17:23,2,1.639,31.13,28.7180,25.9,1.642,31.32,4.02,-55,10.00,
2026-09-11T11:17:24,2,1.619,29.52,28.7200,25.9,1.636,30.87,4.04,-54,9.75,
2026-09-11T11:17:25,2,1.638,31.00,28.7190,25.9,1.637,30.94,4.02,-54,10.00,
2026-09-11T11:17:26,2,1.618,29.45,28.7140,25.9,1.638,31.07,4.04,-55,9.75,
2026-09-11T11:17:27,2,1.617,29.39,28.7170,25.9,1.638,31.07,4.05,-55,9.50,
2026-09-11T11:17:28,2,1.637,30.94,28.7130,25.9,1.638,31.00,4.04,-55,10.25,
2026-09-11T11:17:30,2,1.621,29.71,28.7010,25.9,1.636,30.87,4.03,-55,10.00,
2026-09-11T11:17:31,2,1.645,31.58,28.6990,25.9,1.638,31.07,4.03,-55,9.50,
2026-09-11T11:17:32,2,1.638,31.07,28.6780,25.9,1.641,31.26,4.02,-54,10.00,
2026-09-11T11:17:33,2,1.618,29.45,28.6830,25.9,1.638,31.00,4.04,-56,10.00,
2026-09-11T11:17:34,2,1.640,31.19,28.6840,25.9,1.637,30.94,4.04,-57,10.00,
2026-09-11T11:17:35,2,1.618,29.45,28.6900,25.9,1.637,30.94,4.04,-56,9.75,
2026-09-11T11:17:36,2,1.617,29.32,28.6900,25.9,1.634,30.74,4.06,-55,9.75,
2026-09-11T11:17:42,2,1.621,29.65,28.6940,25.9,1.639,31.13,4.04,-50,6.50,
2026-09-11T11:17:43,2,1.638,31.07,28.6920,25.9,1.638,31.00,4.04,-50,6.50,
2026-09-11T11:17:44,2,1.620,29.58,28.6830,25.9,1.638,31.00,4.04,-50,7.75,
2026-09-11T11:17:45,2,1.616,29.26,28.6770,25.9,1.633,30.68,4.05,-55,10.00,
2026-09-11T11:17:46,2,1.639,31.13,28.6810,25.9,1.637,30.94,4.04,-55,10.00,
2026-09-11T11:17:47,2,1.619,29.52,28.6800,25.9,1.638,31.00,4.04,-55,9.75,
2026-09-11T11:17:48,2,1.643,31.45,28.6820,25.9,1.640,31.19,4.04,-55,10.00,
2026-09-11T11:17:49,2,1.639,31.13,28.6890,25.9,1.641,31.26,4.02,-55,10.25,
2026-09-11T11:17:50,2,1.623,29.84,28.6940,25.9,1.647,31.77,4.03,-55,9.75,
2026-09-11T11:17:51,2,1.638,31.07,28.7040,25.9,1.637,30.94,4.04,-55,10.00,
2026-09-11T11:17:53,2,1.619,29.52,28.7150,25.9,1.640,31.19,4.04,-54,9.75,
2026-09-11T11:17:54,2,1.620,29.58,28.7150,25.9,1.634,30.74,4.05,-54,9.75,
2026-09-11T11:17:55,2,1.638,31.07,28.7230,25.9,1.635,30.81,4.04,-53,9.50,
2026-09-11T11:17:56,2,1.619,29.52,28.7270,25.9,1.638,31.07,4.04,-55,10.25,
2026-09-11T11:17:58,2,1.645,31.58,28.7280,25.9,1.637,30.94,4.02,-55,11.00,
2026-09-11T11:17:59,2,1.620,29.58,28.7280,25.9,1.636,30.87,4.04,-55,10.25,
2026-09-11T11:18:00,2,1.639,31.13,28.7340,25.9,1.634,30.74,4.04,-55,10.25,
2026-09-11T11:18:01,2,1.621,29.65,28.7340,25.9,1.636,30.87,4.04,-55,10.50,
2026-09-11T11:18:02,2,1.615,29.20,28.7240,25.9,1.632,30.55,4.06,-55,9.50,
2026-09-11T11:18:03,2,1.637,30.94,28.7330,25.9,1.637,30.94,4.04,-55,9.75,
2026-09-11T11:18:05,2,1.618,29.45,28.7310,25.9,1.638,31.00,4.04,-55,9.75,
2026-09-11T11:18:06,2,1.637,30.94,28.7320,25.9,1.639,31.13,4.03,-55,9.75,
2026-09-11T11:18:07,2,1.639,31.13,28.7250,25.9,1.642,31.32,4.04,-55,10.00,
2026-09-11T11:18:08,2,1.620,29.58,28.7260,25.9,1.638,31.07,4.04,-55,10.25,
2026-09-11T11:18:09,2,1.640,31.19,28.7350,25.9,1.638,31.07,4.03,-55,9.50,
2026-09-11T11:18:10,2,1.621,29.71,28.7320,25.9,1.637,30.94,4.04,-55,9.75,
2026-09-11T11:18:11,2,1.621,29.71,28.7320,25.9,1.640,31.19,4.04,-55,9.75,
2026-09-11T11:18:12,2,1.635,30.81,28.7320,25.9,1.636,30.87,4.04,-55,10.25,
2026-09-11T11:18:13,2,1.618,29.45,28.7240,25.9,1.638,31.00,4.04,-55,10.00,
2026-09-11T11:18:14,2,1.638,31.07,28.7180,25.9,1.638,31.00,4.05,-55,9.75,
2026-09-11T11:18:16,2,1.637,30.94,28.7030,25.9,1.638,31.00,4.04,-55,9.75,
2026-09-11T11:18:17,2,1.620,29.58,28.7020,25.9,1.638,31.00,4.04,-55,10.00,
2026-09-11T11:18:18,2,1.643,31.45,28.6990,25.9,1.637,30.94,4.04,-55,10.25,
2026-09-11T11:18:19,2,1.622,29.78,28.6940,25.9,1.637,30.94,4.03,-55,9.50,
2026-09-11T11:18:20,2,1.617,29.39,28.6870,25.9,1.641,31.26,4.04,-54,10.00,
2026-09-11T11:18:21,2,1.634,30.74,28.6870,25.9,1.636,30.87,4.04,-53,10.00,
2026-09-11T11:18:26,2,1.642,31.32,28.7080,25.9,1.638,31.00,4.04,-49,7.50,
2026-09-11T11:18:28,2,1.641,31.26,28.7070,25.9,1.640,31.19,4.02,-49,7.00,
2026-09-11T11:18:29,2,1.617,29.39,28.6990,25.9,1.637,30.94,4.04,-49,8.75,
2026-09-11T11:18:30,2,1.637,30.94,28.6890,25.9,1.636,30.87,4.02,-53,10.00,
2026-09-11T11:18:31,2,1.620,29.58,28.6890,25.9,1.637,30.94,4.04,-54,9.75,
2026-09-11T11:18:32,2,1.617,29.39,28.6870,25.9,1.633,30.68,4.06,-54,9.75,
2026-09-11T11:18:33,2,1.636,30.87,28.6960,25.9,1.636,30.87,4.04,-54,9.75,
2026-09-11T11:18:34,2,1.618,29.45,28.6980,25.9,1.637,30.94,4.04,-54,10.00,
2026-09-11T11:18:35,2,1.641,31.26,28.7000,25.9,1.638,31.07,4.04,-54,9.75,
2026-09-11T11:18:36,2,1.629,30.29,28.7010,25.9,1.640,31.19,4.03,-54,9.75,
2026-09-11T11:18:37,2,1.619,29.52,28.7020,25.9,1.637,30.94,4.04,-54,10.00,
2026-09-11T11:18:38,2,1.636,30.87,28.6980,25.9,1.637,30.94,4.04,-54,10.00,
2026-09-11T11:18:40,2,1.618,29.45,28.7060,25.9,1.637,30.94,4.04,-54,10.00,
2026-09-11T11:18:41,2,1.615,29.20,28.7040,25.9,1.633,30.61,4.05,-58,9.50,
2026-09-11T11:18:42,2,1.639,31.13,28.7070,25.9,1.635,30.81,4.04,-58,10.00,
2026-09-11T11:18:43,2,1.618,29.45,28.7130,25.9,1.638,31.00,4.04,-58,10.00,
2026-09-11T11:18:44,2,1.642,31.32,28.7090,25.9,1.637,30.94,4.04,-59,10.00,
2026-09-11T11:18:45,2,1.638,31.00,28.7030,25.9,1.642,31.32,4.02,-59,9.75,
2026-09-11T11:18:46,2,1.618,29.45,28.7090,25.9,1.638,31.00,4.04,-59,9.50,
2026-09-11T11:18:47,2,1.638,31.00,28.7080,25.9,1.633,30.68,4.04,-59,10.25,
2026-09-11T11:18:48,2,1.619,29.52,28.7140,25.9,1.636,30.87,4.04,-57,10.00,
2026-09-11T11:18:49,2,1.615,29.20,28.7140,25.9,1.634,30.74,4.05,-57,10.00,
2026-09-11T11:18:50,2,1.634,30.74,28.7190,25.9,1.637,30.94,4.04,-58,10.50,
2026-09-11T11:18:52,2,1.618,29.45,28.7140,25.9,1.638,31.07,4.04,-57,10.00,
2026-09-11T11:18:53,2,1.642,31.39,28.7090,25.9,1.638,31.00,4.03,-57,9.25,
2026-09-11T11:18:54,2,1.641,31.26,28.7050,25.9,1.641,31.26,4.03,-57,9.25,
2026-09-11T11:18:55,2,1.619,29.52,28.7070,25.9,1.638,31.00,4.04,-58,9.75,
2026-09-11T11:18:56,2,1.639,31.13,28.7120,25.9,1.637,30.94,4.04,-58,9.75,
2026-09-11T11:18:57,2,1.619,29.52,28.7130,25.9,1.637,30.94,4.04,-57,10.25,
2026-09-11T11:18:58,2,1.616,29.26,28.7170,25.9,1.633,30.61,4.05,-57,9.75,
2026-09-11T11:18:59,2,1.638,31.00,28.7220,25.9,1.637,30.94,4.04,-57,10.50,
2026-09-11T11:19:00,2,1.619,29.52,28.7140,25.9,1.637,30.94,4.04,-57,10.00,
2026-09-11T11:19:01,2,1.641,31.26,28.7140,25.9,1.638,31.00,4.04,-57,10.00,
2026-09-11T11:19:03,2,1.640,31.19,28.7030,25.9,1.643,31.45,4.02,-57,10.50,
2026-09-11T11:19:04,2,1.621,29.65,28.7100,25.9,1.635,30.81,4.04,-58,10.75,
2026-09-11T11:19:05,2,1.634,30.74,28.7050,25.9,1.638,31.00,4.03,-58,9.50,
2026-09-11T11:19:06,2,1.619,29.52,28.6950,25.9,1.635,30.81,4.04,-57,10.25,
2026-09-11T11:19:10,2,1.641,31.26,28.7020,25.9,1.638,31.00,4.04,-53,6.50,
2026-09-11T11:19:11,2,1.638,31.00,28.7100,25.9,1.638,31.00,4.03,-54,6.25,
2026-09-11T11:19:12,2,1.620,29.58,28.7170,25.9,1.637,30.94,4.04,-52,7.75,
2026-09-11T11:19:13,2,1.637,30.94,28.7240,25.9,1.638,31.00,4.04,-51,9.25,
2026-09-11T11:19:15,2,1.620,29.58,28.7230,25.9,1.638,31.07,4.03,-56,9.50,
2026-09-11T11:19:16,2,1.618,29.45,28.7150,25.9,1.637,30.94,4.04,-56,10.25,
2026-09-11T11:19:17,2,1.638,31.07,28.7170,25.9,1.638,31.00,4.04,-57,10.00,
2026-09-11T11:19:18,2,1.617,29.39,28.7150,25.9,1.638,31.00,4.04,-57,10.25,
2026-09-11T11:19:19,2,1.657,32.55,28.7120,25.9,1.638,31.07,4.03,-55,10.25,
2026-09-11T11:19:20,2,1.638,31.07,28.7160,25.9,1.636,30.87,4.04,-55,9.75,
2026-09-11T11:19:21,2,1.618,29.45,28.7180,25.9,1.636,30.87,4.04,-57,10.25,
2026-09-11T11:19:22,2,1.640,31.19,28.7240,25.9,1.637,30.94,4.04,-57,10.25,
2026-09-11T11:19:23,2,1.623,29.84,28.7140,25.9,1.638,31.00,4.04,-57,9.75,
2026-09-11T11:19:24,2,1.619,29.52,28.7220,25.9,1.634,30.74,4.04,-57,10.00,
2026-09-11T11:19:25,2,1.637,30.94,28.7340,25.9,1.637,30.94,4.04,-57,10.25,
2026-09-11T11:19:27,2,1.623,29.84,28.7360,25.9,1.638,31.00,4.04,-57,9.50,
2026-09-11T11:19:28,2,1.643,31.45,28.7360,25.9,1.638,31.00,4.03,-57,9.75,
2026-09-11T11:19:29,2,1.637,30.94,28.7320,25.9,1.638,31.00,4.04,-57,9.75,
2026-09-11T11:19:30,2,1.620,29.58,28.7330,25.9,1.635,30.81,4.04,-57,9.75,
2026-09-11T11:19:31,2,1.640,31.19,28.7310,25.9,1.636,30.87,4.03,-56,9.50,
2026-09-11T11:19:32,2,1.619,29.52,28.7240,25.9,1.638,31.07,4.03,-56,9.75,
2026-09-11T11:19:33,2,1.620,29.58,28.7210,25.9,1.638,31.07,4.04,-57,9.75,
2026-09-11T11:19:34,2,1.638,31.00,28.7220,25.9,1.636,30.87,4.04,-57,10.50,
2026-09-11T11:19:35,2,1.619,29.52,28.7270,25.9,1.639,31.13,4.04,-57,10.25,
2026-09-11T11:19:36,2,1.638,31.00,28.7320,25.9,1.638,31.00,4.05,-58,12.75,
2026-09-11T11:19:37,2,1.638,31.00,28.7330,25.9,1.641,31.26,4.04,-58,10.25,
2026-09-11T11:19:39,2,1.617,29.39,28.7320,25.9,1.638,31.07,4.04,-58,10.25,
2026-09-11T11:19:40,2,1.638,31.07,28.7210,25.9,1.635,30.81,4.04,-58,10.25,
2026-09-11T11:19:41,2,1.622,29.78,28.7180,25.9,1.641,31.26,4.02,-57,10.00,
2026-09-11T11:19:42,2,1.618,29.45,28.7080,25.9,1.636,30.87,4.04,-58,9.75,
2026-09-11T11:19:43,2,1.638,31.07,28.7100,25.9,1.637,30.94,4.04,-58,10.00,
2026-09-11T11:19:44,2,1.617,29.39,28.7080,25.9,1.638,31.07,4.04,-58,10.00,
2026-09-11T11:19:45,2,1.616,29.26,28.7010,25.9,1.634,30.74,4.05,-57,10.00,
2026-09-11T11:19:46,2,1.638,31.07,28.7050,25.9,1.641,31.26,4.04,-57,10.50,
2026-09-11T11:19:47,2,1.618,29.45,28.7090,25.9,1.638,31.00,4.04,-58,10.00,
2026-09-11T11:19:48,2,1.640,31.19,28.7040,25.9,1.638,31.07,4.03,-57,9.75,
2026-09-11T11:19:50,2,1.642,31.32,28.7040,25.9,1.642,31.32,4.02,-57,10.00,
2026-09-11T11:19:55,2,1.633,30.68,28.6920,25.9,1.638,31.07,4.04,-55,8.00,
2026-09-11T11:19:56,2,1.619,29.52,28.6830,25.9,1.637,30.94,4.04,-55,7.75,
2026-09-11T11:19:57,2,1.640,31.19,28.6820,25.9,1.640,31.19,4.04,-55,8.00,
2026-09-11T11:19:58,2,1.637,30.94,28.6830,25.9,1.640,31.19,4.04,-60,10.25,
2026-09-11T11:19:59,2,1.621,29.65,28.6860,25.9,1.633,30.61,4.04,-59,10.25,
2026-09-11T11:20:00,2,1.637,30.94,28.7030,25.9,1.639,31.13,4.04,-60,10.25,
2026-09-11T11:20:02,2,1.621,29.65,28.7030,25.9,1.639,31.13,4.04,-61,10.25,
2026-09-11T11:20:03,2,1.618,29.45,28.7040,25.9,1.638,31.00,4.04,-59,10.00,
2026-09-11T11:20:04,2,1.637,30.94,28.7100,25.9,1.637,30.94,4.04,-62,10.25,
2026-09-11T11:20:05,2,1.620,29.58,28.7120,25.9,1.638,31.00,4.04,-62,9.75,
2026-09-11T11:20:06,2,1.642,31.39,28.7010,25.9,1.636,30.87,4.04,-60,10.50,
2026-09-11T11:20:07,2,1.634,30.74,28.6920,25.9,1.636,30.87,4.04,-60,9.75,
2026-09-11T11:20:08,2,1.618,29.45,28.6940,25.9,1.638,31.07,4.04,-60,10.25,
2026-09-11T11:20:09,2,1.638,31.00,28.6970,25.9,1.640,31.19,4.04,-60,9.75,
2026-09-11T11:20:10,2,1.620,29.58,28.7050,25.9,1.638,31.07,4.02,-60,9.75,
2026-09-11T11:20:11,2,1.617,29.39,28.7090,25.9,1.637,30.94,4.04,-60,9.75,
2026-09-11T11:20:12,2,1.638,31.07,28.7120,25.9,1.636,30.87,4.04,-60,10.00,
2026-09-11T11:20:14,2,1.620,29.58,28.7120,25.9,1.638,31.00,4.04,-61,9.75,
2026-09-11T11:20:15,2,1.642,31.32,28.7100,25.9,1.638,31.07,4.03,-61,10.50,
2026-09-11T11:20:16,2,1.638,31.00,28.7240,25.9,1.637,30.94,4.04,-61,10.00,
2026-09-11T11:20:17,2,1.620,29.58,28.7230,25.9,1.636,30.87,4.04,-60,10.25,
2026-09-11T11:20:18,2,1.639,31.13,28.7140,25.9,1.639,31.13,4.04,-60,9.75,
2026-09-11T11:20:19,2,1.620,29.58,28.7030,25.9,1.638,31.00,4.03,-61,9.50,
2026-09-11T11:20:20,2,1.617,29.39,28.7010,25.9,1.638,31.07,4.04,-61,9.75,
2026-09-11T11:20:21,2,1.637,30.94,28.6950,25.9,1.638,31.00,4.04,-60,10.00,
2026-09-11T11:20:22,2,1.618,29.45,28.7000,25.9,1.638,31.00,4.04,-60,9.75,
2026-09-11T11:20:23,2,1.643,31.45,28.7040,25.9,1.636,30.87,4.03,-60,9.75,
2026-09-11T11:20:25,2,1.638,31.00,28.6920,25.9,1.638,31.07,4.04,-59,10.00,
2026-09-11T11:20:26,2,1.619,29.52,28.6890,25.9,1.636,30.87,4.04,-59,10.00,
2026-09-11T11:20:27,2,1.640,31.19,28.7000,25.9,1.637,30.94,4.04,-59,10.00,
2026-09-11T11:20:28,2,1.621,29.65,28.7050,25.9,1.640,31.19,4.04,-59,10.00,
2026-09-11T11:20:29,2,1.617,29.39,28.7080,25.9,1.638,31.00,4.04,-60,9.75,
2026-09-11T11:20:30,2,1.637,30.94,28.6980,25.9,1.638,31.00,4.04,-60,10.00,
2026-09-11T11:20:31,2,1.619,29.52,28.6960,25.9,1.637,30.94,4.04,-60,10.00,
2026-09-11T11:20:32,2,1.643,31.45,28.6930,25.9,1.637,30.94,4.03,-60,9.75,
2026-09-11T11:20:33,2,1.635,30.81,28.6900,25.9,1.638,31.00,4.04,-60,9.50,
2026-09-11T11:20:34,2,1.618,29.45,28.6950,25.9,1.638,31.07,4.04,-61,10.00,
2026-09-11T11:20:40,2,1.619,29.52,28.6960,25.9,1.638,31.00,4.04,-56,8.25,
2026-09-11T11:20:41,2,1.643,31.45,28.7040,25.9,1.638,31.00,4.03,-56,8.25,
2026-09-11T11:20:42,2,1.636,30.87,28.7030,25.9,1.633,30.68,4.04,-56,9.00,
2026-09-11T11:20:43,2,1.619,29.52,28.7090,25.9,1.638,31.07,4.04,-60,9.75,
2026-09-11T11:20:44,2,1.641,31.26,28.7160,25.9,1.639,31.13,4.03,-59,9.75,
2026-09-11T11:20:45,2,1.624,29.90,28.7160,25.9,1.638,31.07,4.04,-60,9.75,
2026-09-11T11:20:46,2,1.619,29.52,28.7190,25.9,1.638,31.00,4.04,-60,9.75,
2026-09-11T11:20:47,2,1.639,31.13,28.7160,25.9,1.639,31.13,4.04,-60,9.50,
2026-09-11T11:20:49,2,1.617,29.39,28.7160,25.9,1.637,30.94,4.04,-60,9.75,
2026-09-11T11:20:50,2,1.619,29.52,28.7160,25.9,1.634,30.74,4.05,-60,9.75,
2026-09-11T11:20:51,2,1.637,30.94,28.7270,25.9,1.636,30.87,4.04,-60,10.00,
2026-09-11T11:20:52,2,1.619,29.52,28.7320,25.9,1.648,31.84,4.04,-60,9.75,
2026-09-11T11:20:53,2,1.642,31.39,28.7320,25.9,1.637,30.94,4.04,-60,9.75,
2026-09-11T11:20:54,2,1.633,30.68,28.7310,25.9,1.642,31.39,4.02,-61,10.00,
2026-09-11T11:20:55,2,1.620,29.58,28.7260,25.9,1.634,30.74,4.04,-60,10.00,
2026-09-11T11:20:56,2,1.650,32.03,28.7190,25.9,1.640,31.19,4.04,-60,10.00,
2026-09-11T11:20:57,2,1.619,29.52,28.7200,25.9,1.638,31.00,4.04,-60,10.00,
2026-09-11T11:20:58,2,1.608,28.68,28.7230,25.9,1.633,30.68,4.06,-59,9.75,
2026-09-11T11:20:59,2,1.635,30.81,28.7200,25.9,1.635,30.81,4.04,-59,9.50,
2026-09-11T11:21:01,2,1.622,29.78,28.7200,25.9,1.635,30.81,4.04,-59,9.75,
2026-09-11T11:21:02,2,1.653,32.23,28.7110,25.9,1.638,31.00,4.04,-61,9.75,
2026-09-11T11:21:03,2,1.639,31.13,28.7090,25.9,1.642,31.32,4.03,-60,9.50,
2026-09-11T11:21:04,2,1.620,29.58,28.7080,25.9,1.638,31.00,4.04,-60,10.25,
2026-09-11T11:21:05,2,1.638,31.07,28.7060,25.9,1.638,31.00,4.04,-61,10.25,
2026-09-11T11:21:06,2,1.619,29.52,28.7090,25.9,1.638,31.00,4.03,-60,9.75,
2026-09-11T11:21:07,2,1.619,29.52,28.7020,25.9,1.638,31.07,4.04,-61,10.25,
2026-09-11T11:21:08,2,1.636,30.87,28.7020,25.9,1.635,30.81,4.04,-60,10.00,
2026-09-11T11:21:09,2,1.619,29.52,28.6960,25.9,1.639,31.13,4.03,-60,9.75,
2026-09-11T11:21:10,2,1.646,31.71,28.6930,25.9,1.638,31.00,4.03,-60,9.50,
2026-09-11T11:21:12,2,1.635,30.81,28.6930,25.9,1.633,30.61,4.04,-60,12.50,
2026-09-11T11:21:13,2,1.617,29.39,28.6910,25.9,1.639,31.13,4.04,-60,10.25,
2026-09-11T11:21:14,2,1.638,31.00,28.6880,25.9,1.641,31.26,4.04,-60,10.50,
2026-09-11T11:21:15,2,1.617,29.39,28.6920,25.9,1.638,31.07,4.04,-59,9.75,
2026-09-11T11:21:16,2,1.617,29.39,28.6950,25.9,1.640,31.19,4.04,-60,10.00,
2026-09-11T11:21:17,2,1.636,30.87,28.6930,25.9,1.637,30.94,4.03,-60,9.75,
2026-09-11T11:21:18,2,1.620,29.58,28.6940,25.9,1.633,30.61,4.04,-60,10.00,
2026-09-11T11:21:19,2,1.643,31.45,28.6970,25.9,1.634,30.74,4.03,-60,9.75,
2026-09-11T11:21:24,2,1.617,29.32,28.7160,25.9,1.637,30.94,4.03,-57,8.00,
2026-09-11T11:21:25,2,1.617,29.39,28.7120,25.9,1.636,30.87,4.04,-56,9.00,
2026-09-11T11:21:26,2,1.638,31.07,28.7080,25.9,1.638,31.00,4.04,-56,8.25,
2026-09-11T11:21:27,2,1.619,29.52,28.7160,25.9,1.638,31.07,4.04,-55,9.50,
2026-09-11T11:21:28,2,1.647,31.77,28.7150,25.9,1.636,30.87,4.03,-60,9.75,
2026-09-11T11:21:29,2,1.637,30.94,28.7170,25.9,1.636,30.87,4.04,-60,10.50,
2026-09-11T11:21:30,2,1.619,29.52,28.7090,25.9,1.638,31.00,4.04,-60,10.25,
2026-09-11T11:21:31,2,1.639,31.13,28.7100,25.9,1.638,31.07,4.04,-60,10.00,
2026-09-11T11:21:32,2,1.621,29.71,28.7030,25.9,1.639,31.13,4.04,-60,9.75,
2026-09-11T11:21:33,2,1.619,29.52,28.7070,25.9,1.637,30.94,4.04,-60,10.25,
2026-09-11T11:21:34,2,1.639,31.13,28.7120,25.9,1.637,30.94,4.04,-61,10.25,
2026-09-11T11:21:36,2,1.621,29.71,28.7120,25.9,1.636,30.87,4.04,-61,10.25,
2026-09-11T11:21:37,2,1.629,30.36,28.7100,25.9,1.642,31.32,4.05,-60,9.25,
2026-09-11T11:21:38,2,1.639,31.13,28.7200,25.9,1.641,31.26,4.04,-60,9.75,
2026-09-11T11:21:39,2,1.620,29.58,28.7210,25.9,1.638,31.00,4.03,-60,9.75,
2026-09-11T11:21:40,2,1.641,31.26,28.7100,25.9,1.638,31.07,4.03,-60,10.00,
2026-09-11T11:21:41,2,1.642,31.32,28.7070,25.9,1.641,31.26,4.02,-60,9.75,
2026-09-11T11:21:42,2,1.617,29.32,28.7070,25.9,1.637,30.94,4.03,-60,9.50,
2026-09-11T11:21:43,2,1.638,31.07,28.7030,25.9,1.641,31.26,4.04,-60,10.25,
2026-09-11T11:21:44,2,1.618,29.45,28.7070,25.9,1.636,30.87,4.03,-60,9.75,
2026-09-11T11:21:45,2,1.617,29.32,28.7000,25.9,1.636,30.87,4.05,-60,9.75,
2026-09-11T11:21:46,2,1.638,31.07,28.7040,25.9,1.636,30.87,4.04,-60,10.00,
2026-09-11T11:21:48,2,1.619,29.52,28.6980,25.9,1.640,31.19,4.04,-60,10.00,
2026-09-11T11:21:49,2,1.639,31.13,28.6960,25.9,1.634,30.74,4.04,-60,10.25,
2026-09-11T11:21:50,2,1.640,31.19,28.7030,25.9,1.642,31.39,4.02,-60,9.75,
2026-09-11T11:21:51,2,1.626,30.10,28.7110,25.9,1.641,31.26,4.04,-60,10.00,
2026-09-11T11:21:52,2,1.638,31.00,28.7140,25.9,1.632,30.55,4.04,-60,10.50,
2026-09-11T11:21:53,2,1.617,29.39,28.7110,25.9,1.638,31.07,4.04,-60,10.00,
2026-09-11T11:21:54,2,1.617,29.39,28.7080,25.9,1.633,30.68,4.05,-60,9.75,
2026-09-11T11:21:55,2,1.638,31.00,28.7170,25.9,1.637,30.94,4.04,-60,10.00,
2026-09-11T11:21:56,2,1.619,29.52,28.7270,25.9,1.638,31.07,4.03,-60,9.75,
2026-09-11T11:21:57,2,1.640,31.19,28.7280,25.9,1.639,31.13,4.04,-60,9.75,
2026-09-11T11:21:59,2,1.639,31.13,28.7290,25.9,1.640,31.19,4.02,-60,10.00,
2026-09-11T11:22:01,2,1.638,31.00,28.7320,25.9,1.638,31.07,4.04,-60,9.75,
2026-09-11T11:22:02,2,1.617,29.39,28.7240,25.9,1.638,31.00,4.04,-61,9.75,
2026-09-11T11:22:03,2,1.616,29.26,28.7140,25.9,1.636,30.87,4.05,-60,9.50,
2026-09-11T11:22:08,2,1.621,29.65,28.7230,25.9,1.638,31.00,4.04,-56,7.50,
2026-09-11T11:22:09,2,1.639,31.13,28.7170,25.9,1.638,31.07,4.04,-55,7.50,
2026-09-11T11:22:11,2,1.618,29.45,28.7200,25.9,1.636,30.87,4.04,-56,6.50,
2026-09-11T11:22:12,2,1.618,29.45,28.7170,25.9,1.633,30.68,4.04,-61,10.25,
2026-09-11T11:22:13,2,1.631,30.48,28.7200,25.9,1.639,31.13,4.04,-61,9.75,
2026-09-11T11:22:14,2,1.620,29.58,28.7200,25.9,1.638,31.00,4.04,-61,10.00,
2026-09-11T11:22:15,2,1.640,31.19,28.7110,25.9,1.638,31.00,4.04,-62,9.75,
2026-09-11T11:22:16,2,1.638,31.00,28.6980,25.9,1.638,31.00,4.04,-60,9.75,
2026-09-11T11:22:17,2,1.618,29.45,28.6950,25.9,1.638,31.07,4.05,-60,9.50,
2026-09-11T11:22:18,2,1.640,31.19,28.6900,25.9,1.639,31.13,4.04,-60,10.25,
2026-09-11T11:22:19,2,1.619,29.52,28.6930,25.9,1.638,31.07,4.04,-60,10.00,
2026-09-11T11:22:20,2,1.620,29.58,28.6930,25.9,1.640,31.19,4.04,-60,9.50,
2026-09-11T11:22:21,2,1.638,31.00,28.6940,25.9,1.638,31.07,4.04,-60,10.00,
2026-09-11T11:22:23,2,1.621,29.65,28.6930,25.9,1.640,31.19,4.04,-60,10.00,
2026-09-11T11:22:24,2,1.643,31.45,28.6980,25.9,1.638,31.00,4.03,-60,9.75,
2026-09-11T11:22:25,2,1.636,30.87,28.6950,25.9,1.635,30.81,4.04,-60,10.00,
2026-09-11T11:22:26,2,1.619,29.52,28.6880,25.9,1.635,30.81,4.04,-60,10.25,
2026-09-11T11:22:27,2,1.638,31.07,28.6880,25.9,1.637,30.94,4.04,-60,9.50,
2026-09-11T11:22:28,2,1.617,29.39,28.6800,25.9,1.637,30.94,4.04,-60,9.75,
2026-09-11T11:22:29,2,1.620,29.58,28.6920,25.9,1.638,31.07,4.04,-61,10.25,
2026-09-11T11:22:30,2,1.633,30.68,28.6860,25.9,1.638,31.07,4.04,-59,9.75,
2026-09-11T11:22:31,2,1.617,29.32,28.6880,25.9,1.638,31.07,4.04,-59,9.75,
2026-09-11T11:22:32,2,1.647,31.77,28.6870,25.9,1.641,31.26,4.04,-60,9.75,
2026-09-11T11:22:34,2,1.638,31.00,28.6820,25.9,1.635,30.81,4.04,-60,10.00,
2026-09-11T11:22:35,2,1.619,29.52,28.6870,25.9,1.638,31.07,4.04,-60,9.75,
2026-09-11T11:22:36,2,1.640,31.19,28.6920,25.9,1.638,31.00,4.04,-60,10.00,
2026-09-11T11:22:37,2,1.618,29.45,28.6920,25.9,1.638,31.07,4.04,-60,11.00,
2026-09-11T11:22:38,2,1.617,29.39,28.6930,25.9,1.648,31.84,4.04,-61,10.00,
2026-09-11T11:22:39,2,1.638,31.00,28.6960,25.9,1.636,30.87,4.04,-60,9.75,
2026-09-11T11:22:40,2,1.619,29.52,28.6900,25.9,1.638,31.00,4.04,-60,10.50,
2026-09-11T11:22:41,2,1.632,30.55,28.6940,25.9,1.637,30.94,4.05,-61,9.75,
2026-09-11T11:22:42,2,1.637,30.94,28.6990,25.9,1.635,30.81,4.03,-60,9.75,
2026-09-11T11:22:43,2,1.618,29.45,28.6970,25.9,1.638,31.07,4.04,-61,10.00,
2026-09-11T11:22:44,2,1.641,31.26,28.7010,25.9,1.636,30.87,4.03,-60,9.75,
2026-09-11T11:22:46,2,1.638,31.07,28.6990,25.9,1.640,31.19,4.02,-59,9.50,
2026-09-11T11:22:47,2,1.620,29.58,28.7040,25.9,1.635,30.81,4.04,-60,10.25,
2026-09-11T11:22:48,2,1.638,31.07,28.7170,25.9,1.637,30.94,4.04,-60,10.00,
2026-09-11T11:22:53,2,1.640,31.19,28.7070,25.9,1.636,30.87,4.04,-56,8.00,
2026-09-11T11:22:54,2,1.638,31.07,28.7090,25.9,1.642,31.39,4.02,-56,9.00,
2026-09-11T11:22:55,2,1.619,29.52,28.7070,25.9,1.637,30.94,4.04,-56,8.00,
2026-09-11T11:22:56,2,1.637,30.94,28.7070,25.9,1.637,30.94,4.04,-60,10.00,
2026-09-11T11:22:58,2,1.619,29.52,28.7080,25.9,1.637,30.94,4.04,-59,9.75,
2026-09-11T11:22:59,2,1.615,29.20,28.7100,25.9,1.633,30.61,4.05,-61,10.00,
2026-09-11T11:23:00,2,1.640,31.19,28.7220,25.9,1.635,30.81,4.04,-62,10.00,
2026-09-11T11:23:01,2,1.618,29.45,28.7150,25.9,1.639,31.13,4.04,-61,10.25,
2026-09-11T11:23:02,2,1.639,31.13,28.7160,25.9,1.637,30.94,4.03,-60,9.50,
2026-09-11T11:23:03,2,1.640,31.19,28.7130,25.9,1.643,31.45,4.02,-60,10.00,
2026-09-11T11:23:04,2,1.619,29.52,28.7120,25.9,1.638,31.00,4.04,-60,10.25,
2026-09-11T11:23:05,2,1.639,31.13,28.7120,25.9,1.637,30.94,4.04,-60,9.75,
2026-09-11T11:23:06,2,1.621,29.65,28.7090,25.9,1.639,31.13,4.03,-60,9.75,
2026-09-11T11:23:07,2,1.615,29.20,28.7030,25.9,1.633,30.68,4.05,-60,9.75,
2026-09-11T11:23:08,2,1.636,30.87,28.7040,25.9,1.635,30.81,4.04,-60,10.00,
2026-09-11T11:23:10,2,1.621,29.71,28.7070,25.9,1.636,30.87,4.04,-60,10.00,
2026-09-11T11:23:11,2,1.641,31.26,28.7000,25.9,1.638,31.00,4.03,-61,9.50,
2026-09-11T11:23:12,2,1.638,31.00,28.6920,25.9,1.643,31.45,4.02,-60,10.00,
2026-09-11T11:23:13,2,1.619,29.52,28.7010,25.9,1.637,30.94,4.04,-60,9.75,
2026-09-11T11:23:14,2,1.638,31.07,28.6980,25.9,1.636,30.87,4.03,-60,10.25,
2026-09-11T11:23:15,2,1.619,29.52,28.6980,25.9,1.638,31.00,4.04,-61,10.25,
2026-09-11T11:23:16,2,1.618,29.45,28.6950,25.9,1.633,30.61,4.05,-61,9.50,
2026-09-11T11:23:17,2,1.639,31.13,28.6930,25.9,1.638,31.07,4.03,-61,9.25,
2026-09-11T11:23:18,2,1.619,29.52,28.6990,25.9,1.638,31.07,4.04,-60,10.25,
2026-09-11T11:23:19,2,1.640,31.19,28.6950,25.9,1.637,30.94,4.03,-61,10.00,
2026-09-11T11:23:22,2,1.620,29.58,28.6970,25.9,1.635,30.81,4.04,-60,10.00,
2026-09-11T11:23:23,2,1.638,31.00,28.7030,25.9,1.635,30.81,4.04,-60,10.25,
2026-09-11T11:23:24,2,1.619,29.52,28.6960,25.9,1.638,31.07,4.03,-60,10.00,
2026-09-11T11:23:25,2,1.617,29.32,28.6950,25.9,1.635,30.81,4.03,-61,9.75,
2026-09-11T11:23:26,2,1.638,31.07,28.7030,25.9,1.637,30.94,4.04,-60,10.00,
2026-09-11T11:23:27,2,1.619,29.52,28.7070,25.9,1.641,31.26,4.04,-60,10.25,
2026-09-11T11:23:28,2,1.642,31.39,28.7050,25.9,1.638,31.07,4.03,-60,9.50,
2026-09-11T11:23:29,2,1.635,30.81,28.6970,25.9,1.637,30.94,4.04,-60,10.00,
2026-09-11T11:23:30,2,1.617,29.39,28.6960,25.9,1.636,30.87,4.04,-60,10.00,
2026-09-11T11:23:31,2,1.639,31.13,28.6970,25.9,1.637,30.94,4.04,-59,10.25,
2026-09-11T11:23:33,2,1.620,29.58,28.7000,25.9,1.641,31.26,4.03,-60,9.75,
2026-09-11T11:23:37,2,1.646,31.65,28.6890,25.9,1.638,31.07,4.04,-54,6.75,
2026-09-11T11:23:38,2,1.638,31.07,28.6870,25.9,1.637,30.94,4.04,-55,7.00,
2026-09-11T11:23:39,2,1.618,29.45,28.6810,25.9,1.635,30.81,4.04,-54,7.75,
2026-09-11T11:23:40,2,1.639,31.13,28.6790,25.9,1.640,31.19,4.04,-54,9.00,
2026-09-11T11:23:41,2,1.617,29.39,28.6760,25.9,1.638,31.07,4.04,-60,9.75,
2026-09-11T11:23:42,2,1.619,29.52,28.6720,25.9,1.635,30.81,4.04,-60,10.00,
2026-09-11T11:23:43,2,1.635,30.81,28.6630,25.9,1.637,30.94,4.04,-60,10.50,
2026-09-11T11:23:45,2,1.619,29.52,28.6650,25.9,1.638,31.00,4.03,-60,9.75,
2026-09-11T11:23:46,2,1.642,31.32,28.6670,25.9,1.637,30.94,4.04,-60,10.25,
2026-09-11T11:23:47,2,1.636,30.87,28.6660,25.9,1.637,30.94,4.04,-60,10.00,
2026-09-11T11:23:48,2,1.617,29.32,28.6700,25.9,1.649,31.90,4.04,-60,9.75,
2026-09-11T11:23:49,2,1.640,31.19,28.6760,25.9,1.638,31.00,4.04,-61,10.00,
2026-09-11T11:23:50,2,1.617,29.39,28.6780,25.9,1.636,30.87,4.04,-60,10.25,
2026-09-11T11:23:51,2,1.619,29.52,28.6790,25.9,1.639,31.13,4.04,-60,10.00,
2026-09-11T11:23:52,2,1.637,30.94,28.6810,25.9,1.637,30.94,4.04,-60,10.00,
2026-09-11T11:23:53,2,1.619,29.52,28.6930,25.9,1.640,31.19,4.04,-60,10.00,
2026-09-11T11:23:54,2,1.644,31.52,28.6980,25.9,1.638,31.00,4.03,-60,9.50,
2026-09-11T11:23:56,2,1.636,30.87,28.7050,25.9,1.633,30.61,4.04,-60,9.50,
2026-09-11T11:23:57,2,1.617,29.32,28.7050,25.9,1.638,31.07,4.04,-59,9.25,
2026-09-11T11:23:58,2,1.638,31.00,28.7010,25.9,1.636,30.87,4.03,-59,9.50,
2026-09-11T11:23:59,2,1.619,29.52,28.7050,25.9,1.638,31.00,4.03,-59,9.75,
2026-09-11T11:24:00,2,1.616,29.26,28.6970,25.9,1.646,31.65,4.04,-60,9.75,
2026-09-11T11:24:01,2,1.639,31.13,28.7010,25.9,1.637,30.94,4.04,-60,9.75,
2026-09-11T11:24:02,2,1.621,29.65,28.7050,25.9,1.636,30.87,4.04,-60,10.00,
2026-09-11T11:24:03,2,1.638,31.07,28.7100,25.9,1.637,30.94,4.05,-60,9.50,
2026-09-11T11:24:04,2,1.636,30.87,28.7120,25.9,1.639,31.13,4.04,-59,9.50,
2026-09-11T11:24:05,2,1.619,29.52,28.7040,25.9,1.637,30.94,4.04,-60,9.50,
2026-09-11T11:24:06,2,1.640,31.19,28.7060,25.9,1.640,31.19,4.03,-59,9.50,
2026-09-11T11:24:08,2,1.641,31.26,28.6980,25.9,1.638,31.00,4.02,-60,9.75,
2026-09-11T11:24:09,2,1.619,29.52,28.7020,25.9,1.633,30.68,4.03,-59,9.25,
2026-09-11T11:24:10,2,1.638,31.07,28.6990,25.9,1.644,31.52,4.03,-60,9.25,
2026-09-11T11:24:11,2,1.618,29.45,28.7030,25.9,1.639,31.13,4.04,-59,9.50,
2026-09-11T11:24:12,2,1.618,29.45,28.6980,25.9,1.634,30.74,4.05,-59,9.50,
2026-09-11T11:24:13,2,1.637,30.94,28.6920,25.9,1.635,30.81,4.04,-59,10.25,
2026-09-11T11:24:14,2,1.617,29.39,28.6970,25.9,1.640,31.19,4.04,-58,9.75,
2026-09-11T11:24:15,2,1.640,31.19,28.7010,25.9,1.637,30.94,4.04,-59,9.50,
2026-09-11T11:24:16,2,1.639,31.13,28.7050,25.9,1.639,31.13,4.02,-58,9.75,
2026-09-11T11:24:22,2,1.636,30.87,28.7070,25.9,1.637,30.94,4.04,-55,8.75,
2026-09-11T11:24:23,2,1.618,29.45,28.7130,25.9,1.650,31.97,4.04,-55,8.00,
2026-09-11T11:24:24,2,1.640,31.19,28.7130,25.9,1.636,30.87,4.03,-55,8.50,
2026-09-11T11:24:25,2,1.641,31.26,28.7180,25.9,1.640,31.19,4.01,-59,10.00,
2026-09-11T11:24:26,2,1.622,29.78,28.7190,25.9,1.636,30.87,4.04,-59,9.75,
2026-09-11T11:24:27,2,1.639,31.13,28.7300,25.9,1.635,30.81,4.04,-59,9.75,
2026-09-11T11:24:28,2,1.618,29.45,28.7220,25.9,1.628,30.23,4.04,-59,11.50,
2026-09-11T11:24:29,2,1.617,29.32,28.7120,25.9,1.633,30.61,4.05,-59,9.25,
2026-09-11T11:24:30,2,1.650,32.03,28.7160,25.9,1.638,31.00,4.04,-59,9.50,
2026-09-11T11:24:32,2,1.619,29.52,28.7140,25.9,1.636,30.87,4.03,-59,9.50,
2026-09-11T11:24:33,2,1.639,31.13,28.7180,25.9,1.637,30.94,4.03,-59,9.50,
2026-09-11T11:24:34,2,1.640,31.19,28.7140,25.9,1.640,31.19,4.04,-59,10.00,
2026-09-11T11:24:35,2,1.621,29.65,28.7040,25.9,1.637,30.94,4.04,-60,9.50,
2026-09-11T11:24:36,2,1.637,30.94,28.6950,25.9,1.637,30.94,4.04,-59,10.25,
2026-09-11T11:24:38,2,1.620,29.58,28.6840,25.9,1.633,30.68,4.04,-59,10.00,
2026-09-11T11:24:39,2,1.636,30.87,28.6840,25.9,1.637,30.94,4.04,-60,10.25,
2026-09-11T11:24:40,2,1.620,29.58,28.6910,25.9,1.638,31.07,4.04,-60,12.75,
2026-09-11T11:24:41,2,1.641,31.26,28.6820,25.9,1.636,30.87,4.03,-60,9.75,
2026-09-11T11:24:43,2,1.634,30.74,28.6850,25.9,1.637,30.94,4.04,-60,10.00,
2026-09-11T11:24:44,2,1.620,29.58,28.6810,25.9,1.635,30.81,4.04,-60,10.25,
2026-09-11T11:24:45,2,1.636,30.87,28.6870,25.9,1.637,30.94,4.03,-60,9.25,
2026-09-11T11:24:46,2,1.620,29.58,28.6890,25.9,1.638,31.00,4.03,-60,9.50,
2026-09-11T11:24:47,2,1.617,29.32,28.6800,25.9,1.638,31.00,4.04,-60,9.75,
2026-09-11T11:24:48,2,1.638,31.00,28.6850,25.9,1.635,30.81,4.04,-59,9.75,
2026-09-11T11:24:49,2,1.619,29.52,28.6890,25.9,1.639,31.13,4.04,-60,9.75,
2026-09-11T11:24:50,2,1.642,31.32,28.6940,25.9,1.639,31.13,4.04,-59,10.00,
2026-09-11T11:24:51,2,1.636,30.87,28.6940,25.9,1.636,30.87,4.04,-60,10.25,
2026-09-11T11:24:52,2,1.619,29.52,28.6930,25.9,1.640,31.19,4.04,-60,9.75,
2026-09-11T11:24:53,2,1.640,31.19,28.6860,25.9,1.637,30.94,4.04,-60,9.75,
2026-09-11T11:24:55,2,1.619,29.52,28.6930,25.9,1.637,30.94,4.03,-59,9.25,
2026-09-11T11:24:56,2,1.617,29.32,28.7070,25.9,1.640,31.19,4.04,-60,10.00,
2026-09-11T11:24:57,2,1.637,30.94,28.7160,25.9,1.637,30.94,4.04,-60,9.75,
2026-09-11T11:24:58,2,1.619,29.52,28.7050,25.9,1.638,31.00,4.04,-60,9.75,
2026-09-11T11:24:59,2,1.642,31.39,28.7000,25.9,1.637,30.94,4.03,-59,9.25,
2026-09-11T11:25:00,2,1.636,30.87,28.6980,25.9,1.638,31.00,4.04,-60,9.75,
2026-09-11T11:25:01,2,1.618,29.45,28.7040,25.9,1.641,31.26,4.04,-60,9.75,
2026-09-11T11:25:07,2,1.617,29.39,28.6930,25.9,1.638,31.00,4.04,-55,7.75,
2026-09-11T11:25:08,2,1.642,31.39,28.7010,25.9,1.637,30.94,4.03,-54,7.75,
2026-09-11T11:25:09,2,1.638,31.00,28.6960,25.9,1.636,30.87,4.04,-54,8.25,
2026-09-11T11:25:10,2,1.619,29.52,28.6920,25.9,1.638,31.00,4.04,-60,9.75,
2026-09-11T11:25:11,2,1.637,30.94,28.6950,25.9,1.637,30.94,4.04,-59,9.75,
2026-09-11T11:25:12,2,1.619,29.52,28.6950,25.9,1.638,31.07,4.03,-60,10.00,
2026-09-11T11:25:13,2,1.619,29.52,28.6980,25.9,1.642,31.32,4.04,-60,9.75,
2026-09-11T11:25:14,2,1.639,31.13,28.6980,25.9,1.636,30.87,4.04,-60,10.00,
2026-09-11T11:25:15,2,1.617,29.39,28.7000,25.9,1.638,31.00,4.03,-60,9.50,
2026-09-11T11:25:16,2,1.637,30.94,28.6980,25.9,1.637,30.94,4.05,-60,9.50,
2026-09-11T11:25:17,2,1.636,30.87,28.6960,25.9,1.634,30.74,4.03,-59,9.75,
2026-09-11T11:25:19,2,1.618,29.45,28.7090,25.9,1.638,31.00,4.03,-60,9.50,
2026-09-11T11:25:20,2,1.642,31.39,28.7100,25.9,1.636,30.87,4.03,-58,10.00,
2026-09-11T11:25:21,2,1.623,29.84,28.7090,25.9,1.638,31.07,4.02,-59,9.25,
2026-09-11T11:25:22,2,1.617,29.39,28.7050,25.9,1.639,31.13,4.03,-59,9.75,
2026-09-11T11:25:23,2,1.639,31.13,28.7070,25.9,1.637,30.94,4.03,-60,9.25,
2026-09-11T11:25:24,2,1.619,29.52,28.6990,25.9,1.638,31.07,4.04,-60,9.75,
2026-09-11T11:25:25,2,1.617,29.32,28.6960,25.9,1.633,30.68,4.03,-59,9.75,
2026-09-11T11:25:26,2,1.640,31.19,28.7040,25.9,1.637,30.94,4.04,-61,10.25,
2026-09-11T11:25:27,2,1.625,30.03,28.6970,25.9,1.636,30.87,4.04,-60,10.00,
2026-09-11T11:25:28,2,1.640,31.19,28.6960,25.9,1.638,31.07,4.04,-60,10.00,
2026-09-11T11:25:30,2,1.637,30.94,28.6930,25.9,1.636,30.87,4.04,-60,10.25,
2026-09-11T11:25:31,2,1.620,29.58,28.6930,25.9,1.638,31.00,4.04,-60,9.75,
2026-09-11T11:25:32,2,1.640,31.19,28.6910,25.9,1.638,31.00,4.03,-60,10.00,
2026-09-11T11:25:33,2,1.620,29.58,28.6900,25.9,1.638,31.07,4.03,-59,9.75,
2026-09-11T11:25:34,2,1.617,29.39,28.6890,25.9,1.637,30.94,4.04,-60,10.00,
2026-09-11T11:25:35,2,1.633,30.61,28.6750,25.9,1.636,30.87,4.04,-60,10.00,
2026-09-11T11:25:36,2,1.618,29.45,28.6780,25.9,1.638,31.00,4.03,-60,9.75,
2026-09-11T11:25:37,2,1.639,31.13,28.6780,25.9,1.639,31.13,4.03,-60,9.50,
2026-09-11T11:25:38,2,1.638,31.00,28.6820,25.9,1.637,30.94,4.03,-60,9.50,
2026-09-11T11:25:39,2,1.619,29.52,28.6840,25.9,1.635,30.81,4.04,-59,10.00,
2026-09-11T11:25:40,2,1.641,31.26,28.6860,25.9,1.637,30.94,4.03,-60,9.25,
2026-09-11T11:25:42,2,1.620,29.58,28.6950,25.9,1.639,31.13,4.03,-61,9.75,
2026-09-11T11:25:43,2,1.618,29.45,28.7000,25.9,1.637,30.94,4.03,-60,9.25,
2026-09-11T11:25:44,2,1.637,30.94,28.7040,25.9,1.635,30.81,4.04,-59,9.50,
2026-09-11T11:25:45,2,1.618,29.45,28.7070,25.9,1.638,31.00,4.04,-59,9.75,
2026-09-11T11:25:46,2,1.639,31.13,28.7040,25.9,1.637,30.94,4.03,-59,9.50,
2026-09-11T11:25:50,2,1.620,29.58,28.7160,25.9,1.638,31.00,4.03,-56,7.75,
2026-09-11T11:25:51,2,1.620,29.58,28.7220,25.9,1.636,30.87,4.04,-56,8.50,
2026-09-11T11:25:52,2,1.637,30.94,28.7140,25.9,1.636,30.87,4.03,-55,8.25,
2026-09-11T11:25:54,2,1.621,29.71,28.7080,25.9,1.639,31.13,4.03,-55,9.25,
2026-09-11T11:25:55,2,1.642,31.32,28.7100,25.9,1.635,30.81,4.04,-59,10.25,
2026-09-11T11:25:56,2,1.631,30.48,28.7180,25.9,1.637,30.94,4.04,-60,10.00,
2026-09-11T11:25:57,2,1.620,29.58,28.7120,25.9,1.638,31.00,4.03,-60,10.00,
2026-09-11T11:25:58,2,1.638,31.07,28.7100,25.9,1.636,30.87,4.03,-60,9.75,
2026-09-11T11:25:59,2,1.621,29.71,28.7090,25.9,1.638,31.07,4.03,-60,9.50,
2026-09-11T11:26:00,2,1.619,29.52,28.7110,25.9,1.635,30.81,4.04,-59,10.00,
2026-09-11T11:26:01,2,1.636,30.87,28.7070,25.9,1.636,30.87,4.04,-59,10.00,
2026-09-11T11:26:02,2,1.626,30.10,28.7020,25.9,1.641,31.26,4.03,-59,9.75,
2026-09-11T11:26:03,2,1.642,31.39,28.7110,25.9,1.638,31.07,4.04,-60,10.00,
2026-09-11T11:26:04,2,1.638,31.00,28.7150,25.9,1.638,31.00,4.04,-60,9.75,
2026-09-11T11:26:06,2,1.632,30.55,28.7160,25.9,1.638,31.00,4.03,-60,9.50,
2026-09-11T11:26:07,2,1.634,30.74,28.7240,25.9,1.636,30.87,4.04,-60,9.75,
2026-09-11T11:26:08,2,1.620,29.58,28.7340,25.9,1.633,30.61,4.03,-60,9.50,
2026-09-11T11:26:09,2,1.618,29.45,28.7200,25.9,1.638,31.07,4.04,-60,12.50,
2026-09-11T11:26:10,2,1.635,30.81,28.7210,25.9,1.637,30.94,4.04,-60,10.00,
2026-09-11T11:26:11,2,1.621,29.71,28.7180,25.9,1.638,31.00,4.04,-60,9.75,
2026-09-11T11:26:12,2,1.643,31.45,28.7180,25.9,1.637,30.94,4.03,-60,9.50,
2026-09-11T11:26:13,2,1.635,30.81,28.7220,25.9,1.635,30.81,4.04,-59,9.75,
2026-09-11T11:26:14,2,1.621,29.71,28.7230,25.9,1.638,31.00,4.03,-60,9.50,
2026-09-11T11:26:15,2,1.640,31.19,28.7160,25.9,1.636,30.87,4.03,-60,9.25,
2026-09-11T11:26:17,2,1.617,29.39,28.7170,25.9,1.639,31.13,4.04,-60,10.00,
2026-09-11T11:26:18,2,1.620,29.58,28.7250,25.9,1.635,30.81,4.03,-60,9.50,
2026-09-11T11:26:19,2,1.638,31.07,28.7150,25.9,1.635,30.81,4.04,-59,9.75,
2026-09-11T11:26:20,2,1.618,29.45,28.7160,25.9,1.638,31.00,4.03,-60,9.50,
2026-09-11T11:26:21,2,1.640,31.19,28.7180,25.9,1.635,30.81,4.02,-59,9.75,
2026-09-11T11:26:22,2,1.634,30.74,28.7130,25.9,1.637,30.94,4.03,-59,9.50,
2026-09-11T11:26:23,2,1.619,29.52,28.7150,25.9,1.638,31.00,4.04,-60,9.75,
2026-09-11T11:26:24,2,1.638,31.07,28.7080,25.9,1.638,31.07,4.03,-59,9.50,
2026-09-11T11:26:25,2,1.616,29.26,28.7030,25.9,1.625,30.03,4.05,-60,9.50,
2026-09-11T11:26:26,2,1.619,29.52,28.6990,25.9,1.636,30.87,4.04,-60,10.25,
2026-09-11T11:26:27,2,1.638,31.07,28.6890,25.9,1.636,30.87,4.04,-60,10.25,
2026-09-11T11:26:29,2,1.620,29.58,28.6850,25.9,1.638,31.00,4.03,-60,9.75,
2026-09-11T11:26:30,2,1.644,31.52,28.6940,25.9,1.641,31.26,4.02,-59,10.25,
2026-09-11T11:26:35,2,1.617,29.32,28.7010,25.9,1.637,30.94,4.04,-56,7.00,
2026-09-11T11:26:36,2,1.638,31.00,28.7030,25.9,1.638,31.00,4.03,-56,8.25,
2026-09-11T11:26:37,2,1.618,29.45,28.7000,25.9,1.640,31.19,4.04,-57,9.50,
2026-09-11T11:26:38,2,1.648,31.84,28.6980,25.9,1.640,31.19,4.02,-60,10.25,
2026-09-11T11:26:39,2,1.635,30.81,28.7100,25.9,1.636,30.87,4.04,-59,9.75,
2026-09-11T11:26:41,2,1.617,29.39,28.7060,25.9,1.636,30.87,4.03,-59,9.75,
2026-09-11T11:26:42,2,1.639,31.13,28.7050,25.9,1.634,30.74,4.04,-60,10.00,
2026-09-11T11:26:43,2,1.617,29.39,28.6990,25.9,1.645,31.58,4.05,-60,9.75,
2026-09-11T11:26:44,2,1.621,29.71,28.7010,25.9,1.637,30.94,4.04,-61,10.00,
2026-09-11T11:26:45,2,1.637,30.94,28.7080,25.9,1.633,30.61,4.04,-59,9.75,
2026-09-11T11:26:46,2,1.619,29.52,28.7110,25.9,1.636,30.87,4.03,-60,10.00,
2026-09-11T11:26:47,2,1.645,31.58,28.7100,25.9,1.640,31.19,4.02,-60,10.00,
2026-09-11T11:26:48,2,1.639,31.13,28.7140,25.9,1.638,31.07,4.04,-59,9.50,
2026-09-11T11:26:49,2,1.622,29.78,28.7140,25.9,1.639,31.13,4.04,-60,9.75,
2026-09-11T11:26:50,2,1.638,31.07,28.7010,25.9,1.638,31.00,4.03,-61,9.50,
2026-09-11T11:26:52,2,1.617,29.32,28.7000,25.9,1.633,30.61,4.05,-60,9.50,
2026-09-11T11:26:53,2,1.621,29.65,28.7010,25.9,1.637,30.94,4.04,-60,9.50,
2026-09-11T11:26:54,2,1.636,30.87,28.7070,25.9,1.635,30.81,4.04,-60,10.25,
2026-09-11T11:26:55,2,1.621,29.65,28.7030,25.9,1.636,30.87,4.03,-60,9.50,
2026-09-11T11:26:56,2,1.647,31.77,28.7080,25.9,1.639,31.13,4.02,-60,9.50,
2026-09-11T11:26:57,2,1.634,30.74,28.7020,25.9,1.636,30.87,4.03,-60,9.75,
2026-09-11T11:26:58,2,1.620,29.58,28.7110,25.9,1.637,30.94,4.03,-60,9.50,
2026-09-11T11:26:59,2,1.640,31.19,28.7020,25.9,1.638,31.00,4.03,-60,9.75,
2026-09-11T11:27:00,2,1.615,29.20,28.7060,25.9,1.634,30.74,4.05,-60,9.75,
2026-09-11T11:27:01,2,1.620,29.58,28.7070,25.9,1.639,31.13,4.04,-60,10.25,
2026-09-11T11:27:02,2,1.636,30.87,28.7050,25.9,1.639,31.13,4.03,-60,9.50,
2026-09-11T11:27:04,2,1.618,29.45,28.7030,25.9,1.638,31.07,4.03,-61,9.25,
2026-09-11T11:27:05,2,1.647,31.77,28.7020,25.9,1.644,31.52,4.02,-62,10.00,
2026-09-11T11:27:06,2,1.637,30.94,28.7030,25.9,1.636,30.87,4.03,-60,9.75,
2026-09-11T11:27:07,2,1.621,29.65,28.7120,25.9,1.646,31.65,4.04,-61,10.00,
2026-09-11T11:27:08,2,1.638,31.00,28.7110,25.9,1.636,30.87,4.04,-60,10.25,
2026-09-11T11:27:09,2,1.617,29.39,28.7070,25.9,1.634,30.74,4.05,-60,9.50,
2026-09-11T11:27:10,2,1.619,29.52,28.7190,25.9,1.636,30.87,4.04,-60,10.00,
2026-09-11T11:27:11,2,1.638,31.00,28.7160,25.9,1.638,31.07,4.04,-60,10.25,
2026-09-11T11:27:12,2,1.617,29.32,28.7210,25.9,1.638,31.00,4.03,-60,9.75,
2026-09-11T11:27:13,2,1.646,31.71,28.7290,25.9,1.642,31.39,4.02,-60,10.00,
2026-09-11T11:27:14,2,1.635,30.81,28.7200,25.9,1.636,30.87,4.04,-60,10.00,
2026-09-11T11:27:20,2,1.636,30.87,28.7000,25.9,1.635,30.81,4.04,-54,6.75,
2026-09-11T11:27:21,2,1.621,29.65,28.7020,25.9,1.641,31.26,4.03,-55,6.75,
2026-09-11T11:27:22,2,1.642,31.39,28.7010,25.9,1.641,31.26,4.03,-55,6.75,
2026-09-11T11:27:23,2,1.635,30.81,28.7090,25.9,1.638,31.00,4.04,-59,9.50,
2026-09-11T11:27:24,2,1.620,29.58,28.7130,25.9,1.642,31.32,4.03,-60,9.25,
2026-09-11T11:27:25,2,1.642,31.32,28.7050,25.9,1.634,30.74,4.02,-60,10.00,
2026-09-11T11:27:26,2,1.617,29.39,28.6990,25.9,1.635,30.81,4.04,-59,10.00,
2026-09-11T11:27:28,2,1.619,29.52,28.7020,25.9,1.638,31.00,4.03,-60,9.25,
2026-09-11T11:27:29,2,1.638,31.07,28.7130,25.9,1.638,31.00,4.04,-60,9.75,
2026-09-11T11:27:30,2,1.617,29.32,28.7090,25.9,1.633,30.61,4.05,-60,9.75,
2026-09-11T11:27:31,2,1.626,30.10,28.7100,25.9,1.640,31.19,4.04,-60,9.75,
2026-09-11T11:27:32,2,1.636,30.87,28.7060,25.9,1.633,30.68,4.03,-60,9.75,
2026-09-11T11:27:33,2,1.619,29.52,28.6920,25.9,1.638,31.00,4.03,-60,9.25,
2026-09-11T11:27:34,2,1.642,31.32,28.6980,25.9,1.641,31.26,4.02,-60,10.00,
2026-09-11T11:27:35,2,1.634,30.74,28.7000,25.9,1.626,30.10,4.04,-60,10.00,
2026-09-11T11:27:36,2,1.619,29.52,28.7050,25.9,1.638,31.00,4.03,-59,9.75,
2026-09-11T11:27:37,2,1.638,31.00,28.6990,25.9,1.638,31.07,4.02,-60,9.75,
2026-09-11T11:27:39,2,1.619,29.52,28.6980,25.9,1.634,30.74,4.05,-60,10.00,
2026-09-11T11:27:40,2,1.617,29.39,28.6880,25.9,1.638,31.00,4.04,-60,9.75,
2026-09-11T11:27:41,2,1.634,30.74,28.6960,25.9,1.637,30.94,4.04,-61,10.00,
2026-09-11T11:27:42,2,1.619,29.52,28.6970,25.9,1.638,31.00,4.03,-60,9.50,
2026-09-11T11:27:43,2,1.643,31.45,28.7060,25.9,1.640,31.19,4.02,-60,9.75,
2026-09-11T11:27:44,2,1.636,30.87,28.7110,25.9,1.638,31.00,4.04,-60,9.50,
2026-09-11T11:27:45,2,1.620,29.58,28.7170,25.9,1.636,30.87,4.03,-60,9.25,
2026-09-11T11:27:46,2,1.640,31.19,28.7180,25.9,1.635,30.81,4.03,-60,8.75,
2026-09-11T11:27:47,2,1.615,29.20,28.7100,25.9,1.633,30.61,4.05,-58,9.25,
2026-09-11T11:27:48,2,1.618,29.45,28.7210,25.9,1.639,31.13,4.03,-59,9.50,
2026-09-11T11:27:49,2,1.638,31.00,28.7030,25.9,1.636,30.87,4.03,-60,9.50,
2026-09-11T11:27:51,2,1.619,29.52,28.7070,25.9,1.638,31.07,4.04,-59,9.50,
2026-09-11T11:27:52,2,1.642,31.32,28.7000,25.9,1.641,31.26,4.02,-59,9.75,
2026-09-11T11:27:53,2,1.635,30.81,28.7020,25.9,1.637,30.94,4.04,-59,9.75,
2026-09-11T11:27:54,2,1.620,29.58,28.6970,25.9,1.637,30.94,4.03,-60,9.00,
2026-09-11T11:27:55,2,1.639,31.13,28.6970,25.9,1.635,30.81,4.03,-60,9.25,
2026-09-11T11:27:56,2,1.618,29.45,28.7030,25.9,1.635,30.81,4.05,-60,9.75,
2026-09-11T11:27:57,2,1.617,29.32,28.7060,25.9,1.637,30.94,4.03,-59,9.75,
2026-09-11T11:27:58,2,1.638,31.07,28.7020,25.9,1.637,30.94,4.03,-59,9.25,
2026-09-11T11:27:59,2,1.621,29.65,28.7060,25.9,1.638,31.07,4.03,-59,9.25,
2026-09-11T11:28:04,2,1.638,31.00,28.6800,25.9,1.636,30.87,4.04,-55,5.75,
2026-09-11T11:28:05,2,1.616,29.26,28.6790,25.9,1.635,30.81,4.05,-54,6.75,
2026-09-11T11:28:06,2,1.621,29.65,28.6840,25.9,1.638,31.00,4.04,-54,6.50,
2026-09-11T11:28:07,2,1.638,31.00,28.6880,25.9,1.635,30.81,4.04,-54,9.00,
2026-09-11T11:28:08,2,1.619,29.52,28.6820,25.9,1.638,31.00,4.03,-59,9.50,
2026-09-11T11:28:09,2,1.642,31.32,28.6960,25.9,1.640,31.19,4.02,-59,10.00,
2026-09-11T11:28:10,2,1.636,30.87,28.6940,25.9,1.636,30.87,4.03,-59,9.75,
2026-09-11T11:28:11,2,1.619,29.52,28.7010,25.9,1.638,31.00,4.04,-59,9.50,
2026-09-11T11:28:12,2,1.640,31.19,28.6940,25.9,1.637,30.94,4.03,-60,9.75,
2026-09-11T11:28:13,2,1.615,29.20,28.7060,25.9,1.634,30.74,4.05,-59,9.50,
2026-09-11T11:28:15,2,1.616,29.26,28.7110,25.9,1.637,30.94,4.03,-60,9.50,
2026-09-11T11:28:16,2,1.636,30.87,28.7080,25.9,1.637,30.94,4.04,-60,9.75,
2026-09-11T11:28:17,2,1.621,29.65,28.7090,25.9,1.638,31.07,4.03,-60,9.75,
2026-09-11T11:28:18,2,1.635,30.81,28.7130,25.9,1.642,31.32,4.02,-59,10.00,
2026-09-11T11:28:19,2,1.634,30.74,28.7220,25.9,1.638,31.07,4.03,-60,9.50,
2026-09-11T11:28:20,2,1.620,29.58,28.7270,25.9,1.639,31.13,4.03,-60,9.50,
2026-09-11T11:28:21,2,1.642,31.32,28.7320,25.9,1.638,31.00,4.02,-59,9.75,
2026-09-11T11:28:22,2,1.617,29.32,28.7410,25.9,1.636,30.87,4.05,-60,9.50,
2026-09-11T11:28:23,2,1.617,29.39,28.7460,25.9,1.636,30.87,4.03,-60,9.75,
2026-09-11T11:28:24,2,1.638,31.00,28.7470,25.9,1.637,30.94,4.04,-60,10.25,
2026-09-11T11:28:26,2,1.617,29.39,28.7480,25.9,1.633,30.68,4.05,-60,9.75,
2026-09-11T11:28:27,2,1.642,31.39,28.7470,25.9,1.638,31.07,4.02,-60,9.75,
2026-09-11T11:28:28,2,1.638,31.07,28.7530,25.9,1.638,31.00,4.04,-60,10.00,
2026-09-11T11:28:29,2,1.619,29.52,28.7390,25.9,1.641,31.26,4.03,-60,9.75,
2026-09-11T11:28:30,2,1.641,31.26,28.7310,25.9,1.638,31.07,4.02,-60,10.00,
2026-09-11T11:28:31,2,1.617,29.39,28.7330,25.9,1.633,30.61,4.05,-60,10.00,
2026-09-11T11:28:32,2,1.619,29.52,28.7370,25.9,1.637,30.94,4.03,-60,9.50,
2026-09-11T11:28:33,2,1.640,31.19,28.7350,25.9,1.636,30.87,4.04,-60,10.50,
2026-09-11T11:28:34,2,1.623,29.84,28.7340,25.9,1.634,30.74,4.05,-60,9.75,
2026-09-11T11:28:35,2,1.643,31.45,28.7360,25.9,1.639,31.13,4.02,-60,10.50,
2026-09-11T11:28:36,2,1.637,30.94,28.7300,25.9,1.637,30.94,4.03,-60,9.25,
2026-09-11T11:28:38,2,1.619,29.52,28.7320,25.9,1.639,31.13,4.03,-60,9.50,
2026-09-11T11:28:39,2,1.638,31.07,28.7250,25.9,1.642,31.39,4.02,-61,9.75,
2026-09-11T11:28:40,2,1.608,28.62,28.7160,25.9,1.633,30.61,4.05,-61,9.50,
2026-09-11T11:28:41,2,1.621,29.65,28.7120,25.9,1.637,30.94,4.03,-60,9.75,
2026-09-11T11:28:42,2,1.634,30.74,28.7070,25.9,1.637,30.94,4.04,-60,10.25,
2026-09-11T11:28:43,2,1.613,29.07,28.7000,25.9,1.638,31.00,4.05,-61,9.75,
2026-09-11T11:28:48,2,1.615,29.20,28.6750,25.9,1.634,30.74,4.05,-55,6.25,
2026-09-11T11:28:50,2,1.619,29.52,28.6850,25.9,1.640,31.19,4.04,-55,6.50,
2026-09-11T11:28:51,2,1.636,30.87,28.6810,25.9,1.636,30.87,4.03,-55,6.50,
2026-09-11T11:28:52,2,1.614,29.13,28.6820,25.9,1.633,30.68,4.05,-60,9.25,
2026-09-11T11:28:53,2,1.643,31.45,28.6780,25.9,1.642,31.39,4.01,-60,9.75,
2026-09-11T11:28:54,2,1.636,30.87,28.6720,25.9,1.635,30.81,4.03,-60,9.75,
2026-09-11T11:28:55,2,1.618,29.45,28.6730,25.9,1.634,30.74,4.03,-61,10.00,
2026-09-11T11:28:56,2,1.642,31.39,28.6830,25.9,1.641,31.26,4.02,-60,10.25,
2026-09-11T11:28:57,2,1.617,29.39,28.6840,25.9,1.636,30.87,4.05,-60,9.75,
2026-09-11T11:28:58,2,1.620,29.58,28.6890,25.9,1.638,31.00,4.03,-60,9.25,
2026-09-11T11:28:59,2,1.638,31.07,28.6870,25.9,1.637,30.94,4.03,-60,9.25,
2026-09-11T11:29:01,2,1.618,29.45,28.6900,25.9,1.634,30.74,4.05,-60,9.75,
2026-09-11T11:29:02,2,1.645,31.58,28.6930,25.9,1.638,31.00,4.02,-60,10.00,
2026-09-11T11:29:03,2,1.642,31.32,28.7020,25.9,1.636,30.87,4.04,-59,10.00,
2026-09-11T11:29:04,2,1.619,29.52,28.7010,25.9,1.638,31.00,4.03,-60,9.50,
2026-09-11T11:29:05,2,1.639,31.13,28.6920,25.9,1.649,31.90,4.02,-59,9.75,
2026-09-11T11:29:06,2,1.616,29.26,28.6950,25.9,1.635,30.81,4.05,-60,10.25,
2026-09-11T11:29:07,2,1.619,29.52,28.7020,25.9,1.636,30.87,4.03,-60,9.50,
2026-09-11T11:29:08,2,1.635,30.81,28.6960,25.9,1.638,31.00,4.03,-61,9.75,
2026-09-11T11:29:09,2,1.616,29.26,28.7000,25.9,1.634,30.74,4.05,-60,9.50,
2026-09-11T11:29:10,2,1.645,31.58,28.7090,25.9,1.641,31.26,4.02,-59,10.25,
2026-09-11T11:29:11,2,1.636,30.87,28.7180,25.9,1.637,30.94,4.04,-60,10.25,
2026-09-11T11:29:13,2,1.623,29.84,28.7140,25.9,1.642,31.32,4.03,-58,9.75,
2026-09-11T11:29:14,2,1.644,31.52,28.7180,25.9,1.641,31.26,4.02,-60,10.00,
2026-09-11T11:29:15,2,1.618,29.45,28.7280,25.9,1.633,30.61,4.05,-60,9.75,
2026-09-11T11:29:16,2,1.621,29.65,28.7190,25.9,1.638,31.07,4.03,-59,9.50,
2026-09-11T11:29:17,2,1.639,31.13,28.7120,25.9,1.637,30.94,4.04,-60,10.00,
2026-09-11T11:29:18,2,1.617,29.39,28.7080,25.9,1.638,31.00,4.05,-60,10.25,
2026-09-11T11:29:19,2,1.642,31.32,28.7160,25.9,1.641,31.26,4.02,-60,10.25,
2026-09-11T11:29:20,2,1.636,30.87,28.7190,25.9,1.634,30.74,4.04,-60,10.00,
2026-09-11T11:29:21,2,1.619,29.52,28.7150,25.9,1.638,31.00,4.04,-61,9.75,
2026-09-11T11:29:22,2,1.640,31.19,28.7190,25.9,1.642,31.32,4.02,-60,9.75,
2026-09-11T11:29:23,2,1.617,29.32,28.6990,25.9,1.635,30.81,4.05,-60,9.75,
2026-09-11T11:29:25,2,1.619,29.52,28.7030,25.9,1.641,31.26,4.03,-59,9.75,
2026-09-11T11:29:26,2,1.640,31.19,28.7140,25.9,1.651,32.10,4.02,-60,9.50,
2026-09-11T11:29:27,2,1.617,29.39,28.7060,25.9,1.634,30.74,4.05,-60,10.00,
2026-09-11T11:29:28,2,1.650,32.03,28.7100,25.9,1.646,31.71,4.01,-60,9.75,
2026-09-11T11:29:33,2,1.619,29.52,28.6860,25.9,1.639,31.13,4.03,-55,6.50,
2026-09-11T11:29:34,2,1.638,31.07,28.6810,25.9,1.639,31.13,4.02,-55,6.75,
2026-09-11T11:29:35,2,1.620,29.58,28.6700,25.9,1.635,30.81,4.05,-55,7.75,
2026-09-11T11:29:37,2,1.646,31.65,28.6760,25.9,1.645,31.58,4.01,-60,10.00,
2026-09-11T11:29:38,2,1.636,30.87,28.6920,25.9,1.638,31.07,4.03,-60,9.50,
2026-09-11T11:29:39,2,1.615,29.20,28.6910,25.9,1.633,30.61,4.05,-60,9.75,
2026-09-11T11:29:40,2,1.642,31.39,28.6860,25.9,1.640,31.19,4.01,-60,9.50,
2026-09-11T11:29:41,2,1.617,29.32,28.6960,25.9,1.633,30.68,4.05,-60,10.00,
2026-09-11T11:29:42,2,1.619,29.52,28.6900,25.9,1.627,30.16,4.03,-60,9.50,
2026-09-11T11:29:43,2,1.640,31.19,28.6930,25.9,1.638,31.07,4.02,-60,9.75,
2026-09-11T11:29:44,2,1.617,29.32,28.6900,25.9,1.632,30.55,4.05,-60,9.75,
2026-09-11T11:29:45,2,1.646,31.65,28.6850,25.9,1.641,31.26,4.01,-59,10.00,
2026-09-11T11:29:46,2,1.635,30.81,28.6810,25.9,1.637,30.94,4.03,-60,9.75,
2026-09-11T11:29:48,2,1.616,29.26,28.6790,25.9,1.635,30.81,4.05,-60,9.50,
2026-09-11T11:29:49,2,1.641,31.26,28.6730,25.9,1.641,31.26,4.02,-60,10.00,
2026-09-11T11:29:50,2,1.617,29.32,28.6820,25.9,1.633,30.61,4.05,-60,9.75,
2026-09-11T11:29:51,2,1.618,29.45,28.6850,25.9,1.640,31.19,4.03,-61,9.50,
2026-09-11T11:29:52,2,1.639,31.13,28.6930,25.9,1.641,31.26,4.03,-61,9.75,
2026-09-11T11:29:53,2,1.617,29.39,28.6920,25.9,1.632,30.55,4.04,-60,10.25,
2026-09-11T11:29:54,2,1.627,30.16,28.6990,25.9,1.641,31.26,4.04,-60,9.75,
2026-09-11T11:29:55,2,1.637,30.94,28.7030,25.9,1.634,30.74,4.04,-60,10.00,
2026-09-11T11:29:56,2,1.617,29.39,28.7080,25.9,1.636,30.87,4.05,-60,9.75,
2026-09-11T11:29:57,2,1.642,31.39,28.7020,25.9,1.642,31.39,4.02,-60,9.25,
2026-09-11T11:29:58,2,1.636,30.87,28.6990,25.9,1.636,30.87,4.04,-60,9.75,
2026-09-11T11:30:00,2,1.620,29.58,28.7070,25.9,1.637,30.94,4.03,-60,9.75,
2026-09-11T11:30:01,2,1.640,31.19,28.6990,25.9,1.642,31.32,4.02,-59,10.25,
2026-09-11T11:30:02,2,1.617,29.32,28.6970,25.9,1.633,30.61,4.05,-60,9.50,
2026-09-11T11:30:03,2,1.621,29.65,28.7110,25.9,1.638,31.00,4.04,-59,9.75,
2026-09-11T11:30:04,2,1.637,30.94,28.7160,25.9,1.637,30.94,4.03,-60,9.75,
2026-09-11T11:30:05,2,1.618,29.45,28.7290,25.9,1.635,30.81,4.05,-60,10.00,
2026-09-11T11:30:06,2,1.642,31.39,28.7260,25.9,1.641,31.26,4.02,-59,9.75,
2026-09-11T11:30:07,2,1.637,30.94,28.7350,25.9,1.640,31.19,4.04,-58,10.25,
2026-09-11T11:30:08,2,1.620,29.58,28.7330,25.9,1.638,31.00,4.03,-61,9.25,
2026-09-11T11:30:09,2,1.640,31.19,28.7370,25.9,1.640,31.19,4.02,-60,10.25,
2026-09-11T11:30:10,2,1.617,29.39,28.7310,25.9,1.642,31.32,4.05,-61,9.75,
2026-09-11T11:30:12,2,1.623,29.84,28.7290,25.9,1.637,30.94,4.03,-61,9.50,
2026-09-11T11:30:13,2,1.638,31.00,28.7330,25.9,1.638,31.07,4.04,-61,10.25,
2026-09-11T11:30:17,2,1.620,29.58,28.7130,25.9,1.642,31.32,4.03,-55,4.00,
2026-09-11T11:30:18,2,1.639,31.13,28.7160,25.9,1.638,31.00,4.02,-55,3.75,
2026-09-11T11:30:19,2,1.617,29.32,28.7160,25.9,1.633,30.61,4.03,-55,3.75,
2026-09-11T11:30:20,2,1.621,29.65,28.7120,25.9,1.635,30.81,4.03,-55,8.00,
2026-09-11T11:30:21,2,1.636,30.87,28.7130,25.9,1.637,30.94,4.03,-61,10.00,
2026-09-11T11:30:22,2,1.619,29.52,28.7130,25.9,1.635,30.81,4.05,-61,10.00,
2026-09-11T11:30:24,2,1.644,31.52,28.7080,25.9,1.639,31.13,4.02,-61,9.50,
2026-09-11T11:30:25,2,1.637,30.94,28.6990,25.9,1.635,30.81,4.03,-61,9.75,
2026-09-11T11:30:26,2,1.622,29.78,28.7010,25.9,1.638,31.00,4.03,-61,9.75,
2026-09-11T11:30:27,2,1.640,31.19,28.6970,25.9,1.641,31.26,4.02,-61,10.00,
2026-09-11T11:30:28,2,1.617,29.32,28.7050,25.9,1.633,30.68,4.05,-61,9.75,
2026-09-11T11:30:29,2,1.617,29.39,28.7040,25.9,1.638,31.00,4.03,-62,9.50,
2026-09-11T11:30:30,2,1.638,31.00,28.7010,25.9,1.638,31.00,4.02,-61,9.50,
2026-09-11T11:30:31,2,1.618,29.45,28.7050,25.9,1.636,30.87,4.05,-61,9.75,
2026-09-11T11:30:32,2,1.644,31.52,28.7090,25.9,1.641,31.26,4.01,-61,9.50,
2026-09-11T11:30:33,2,1.638,31.00,28.7050,25.9,1.635,30.81,4.03,-62,9.50,
2026-09-11T11:30:35,2,1.620,29.58,28.7080,25.9,1.635,30.81,4.05,-61,9.50,
2026-09-11T11:30:36,2,1.644,31.52,28.7210,25.9,1.641,31.26,4.02,-61,10.00,
2026-09-11T11:30:37,2,1.616,29.26,28.7260,25.9,1.634,30.74,4.05,-61,9.50,
2026-09-11T11:30:38,2,1.621,29.65,28.7200,25.9,1.639,31.13,4.04,-60,10.25,
2026-09-11T11:30:39,2,1.641,31.26,28.7080,25.9,1.638,31.07,4.02,-61,9.75,
2026-09-11T11:30:40,2,1.614,29.13,28.7120,25.9,1.637,30.94,4.05,-61,9.75,
2026-09-11T11:30:41,2,1.645,31.58,28.7130,25.9,1.641,31.26,4.02,-61,10.00,
2026-09-11T11:30:42,2,1.636,30.87,28.7100,25.9,1.637,30.94,4.03,-61,9.50,
2026-09-11T11:30:43,2,1.617,29.32,28.7050,25.9,1.630,30.42,4.04,-60,10.25,
2026-09-11T11:30:44,2,1.642,31.32,28.6920,25.9,1.640,31.19,4.02,-61,10.00,
2026-09-11T11:30:45,2,1.615,29.20,28.6930,25.9,1.634,30.74,4.05,-61,9.75,
2026-09-11T11:30:47,2,1.617,29.39,28.6940,25.9,1.636,30.87,4.03,-60,9.50,
2026-09-11T11:30:48,2,1.640,31.19,28.6960,25.9,1.639,31.13,4.02,-59,10.00,
2026-09-11T11:30:49,2,1.616,29.26,28.7010,25.9,1.634,30.74,4.05,-60,9.75,
2026-09-11T11:30:50,2,1.646,31.65,28.7030,25.9,1.642,31.32,4.01,-60,10.25,
2026-09-11T11:30:51,2,1.637,30.94,28.7010,25.9,1.636,30.87,4.04,-59,9.75,
2026-09-11T11:30:52,2,1.616,29.26,28.6980,25.9,1.633,30.61,4.05,-60,9.50,
2026-09-11T11:30:53,2,1.642,31.32,28.6960,25.9,1.638,31.00,4.02,-60,9.75,
2026-09-11T11:30:54,2,1.614,29.13,28.6920,25.9,1.634,30.74,4.04,-60,10.25,
2026-09-11T11:30:55,2,1.619,29.52,28.6830,25.9,1.638,31.00,4.03,-60,9.50,
2026-09-11T11:30:56,2,1.640,31.19,28.6710,25.9,1.638,31.07,4.02,-61,9.75,
2026-09-11T11:31:02,2,1.642,31.39,28.6890,25.9,1.641,31.26,4.02,-54,5.75,
2026-09-11T11:31:03,2,1.617,29.32,28.7030,25.9,1.630,30.42,4.05,-54,6.50,
2026-09-11T11:31:04,2,1.617,29.39,28.7090,25.9,1.640,31.19,4.03,-54,6.75,
2026-09-11T11:31:05,2,1.638,31.07,28.7120,25.9,1.640,31.19,4.02,-60,9.50,
2026-09-11T11:31:06,2,1.617,29.32,28.7120,25.9,1.633,30.68,4.05,-59,9.50,
2026-09-11T11:31:07,2,1.617,29.32,28.7080,25.9,1.642,31.32,4.04,-60,9.75,
2026-09-11T11:31:08,2,1.633,30.61,28.7120,25.9,1.636,30.87,4.03,-60,9.50,
2026-09-11T11:31:10,2,1.618,29.45,28.7090,25.9,1.637,30.94,4.05,-59,9.50,
2026-09-11T11:31:11,2,1.642,31.32,28.7110,25.9,1.640,31.19,4.02,-60,10.50,
2026-09-11T11:31:12,2,1.635,30.81,28.7090,25.9,1.635,30.81,4.04,-60,10.25,
2026-09-11T11:31:13,2,1.624,29.90,28.7100,25.9,1.638,31.07,4.03,-59,9.25,
2026-09-11T11:31:14,2,1.638,31.07,28.7140,25.9,1.638,31.07,4.02,-59,9.75,
2026-09-11T11:31:15,2,1.616,29.26,28.7050,25.9,1.626,30.10,4.05,-59,9.25,
2026-09-11T11:31:16,2,1.617,29.39,28.7150,25.9,1.637,30.94,4.03,-60,9.75,
2026-09-11T11:31:17,2,1.636,30.87,28.7200,25.9,1.637,30.94,4.03,-59,9.50,
2026-09-11T11:31:18,2,1.616,29.26,28.7130,25.9,1.635,30.81,4.05,-60,9.75,
2026-09-11T11:31:19,2,1.642,31.39,28.7180,25.9,1.640,31.19,4.02,-59,9.75,
2026-09-11T11:31:20,2,1.636,30.87,28.7160,25.9,1.635,30.81,4.03,-60,10.00,
2026-09-11T11:31:22,2,1.620,29.58,28.7190,25.9,1.642,31.32,4.03,-60,10.00,
2026-09-11T11:31:23,2,1.640,31.19,28.7070,25.9,1.640,31.19,4.02,-59,10.00,
2026-09-11T11:31:24,2,1.612,28.94,28.7110,25.9,1.635,30.81,4.05,-60,9.50,
2026-09-11T11:31:25,2,1.617,29.39,28.7150,25.9,1.637,30.94,4.03,-60,9.75,
2026-09-11T11:31:26,2,1.633,30.68,28.7150,25.9,1.636,30.87,4.03,-59,9.50,
2026-09-11T11:31:27,2,1.618,29.45,28.7210,25.9,1.633,30.68,4.05,-60,9.50,
2026-09-11T11:31:28,2,1.645,31.58,28.7120,25.9,1.642,31.39,4.02,-60,9.75,
2026-09-11T11:31:29,2,1.637,30.94,28.7080,25.9,1.635,30.81,4.04,-59,10.00,
2026-09-11T11:31:30,2,1.619,29.52,28.7000,25.9,1.640,31.19,4.03,-60,9.75,
2026-09-11T11:31:31,2,1.634,30.74,28.7000,25.9,1.641,31.26,4.02,-60,10.25,
2026-09-11T11:31:32,2,1.616,29.26,28.6960,25.9,1.635,30.81,4.05,-60,10.25,
2026-09-11T11:31:34,2,1.621,29.65,28.7040,25.9,1.638,31.07,4.03,-60,9.50,
2026-09-11T11:31:35,2,1.635,30.81,28.7110,25.9,1.637,30.94,4.03,-59,9.50,
2026-09-11T11:31:36,2,1.616,29.26,28.7070,25.9,1.633,30.61,4.05,-60,10.75,
2026-09-11T11:31:37,2,1.642,31.39,28.7050,25.9,1.642,31.32,4.02,-60,9.75,
2026-09-11T11:31:38,2,1.637,30.94,28.7050,25.9,1.639,31.13,4.03,-59,9.50,
2026-09-11T11:31:39,2,1.617,29.39,28.6930,25.9,1.638,31.07,4.02,-60,10.25,
2026-09-11T11:31:40,2,1.640,31.19,28.6990,25.9,1.641,31.26,4.02,-60,9.75,
2026-09-11T11:31:41,2,1.619,29.52,28.6970,25.9,1.634,30.74,4.05,-60,9.75,
2026-09-11T11:31:47,2,1.635,30.81,28.7020,25.9,1.638,31.00,4.03,-54,6.75,
2026-09-11T11:31:48,2,1.620,29.58,28.7030,25.9,1.637,30.94,4.03,-54,6.50,
2026-09-11T11:31:49,2,1.639,31.13,28.7050,25.9,1.639,31.13,4.02,-54,6.50,
2026-09-11T11:31:50,2,1.616,29.26,28.7110,25.9,1.633,30.61,4.05,-60,9.75,
2026-09-11T11:31:51,2,1.619,29.52,28.7140,25.9,1.636,30.87,4.03,-60,9.75,
2026-09-11T11:31:52,2,1.638,31.07,28.7150,25.9,1.635,30.81,4.03,-60,9.25,
2026-09-11T11:31:53,2,1.620,29.58,28.7160,25.9,1.633,30.61,4.04,-60,9.50,
2026-09-11T11:31:54,2,1.643,31.45,28.7160,25.9,1.636,30.87,4.02,-59,10.00,
2026-09-11T11:31:55,2,1.638,31.07,28.7100,25.9,1.638,31.00,4.04,-59,12.25,
2026-09-11T11:31:57,2,1.620,29.58,28.7140,25.9,1.638,31.00,4.03,-58,9.50,
2026-09-11T11:31:58,2,1.637,30.94,28.7080,25.9,1.635,30.81,4.02,-60,10.25,
2026-09-11T11:31:59,2,1.616,29.26,28.7130,25.9,1.634,30.74,4.04,-60,10.00,
2026-09-11T11:32:00,2,1.617,29.39,28.7070,25.9,1.638,31.07,4.03,-59,9.50,
2026-09-11T11:32:01,2,1.637,30.94,28.7100,25.9,1.633,30.68,4.03,-60,9.75,
2026-09-11T11:32:02,2,1.614,29.13,28.7050,25.9,1.633,30.68,4.04,-60,9.75,
2026-09-11T11:32:03,2,1.644,31.52,28.7100,25.9,1.636,30.87,4.02,-60,10.00,
2026-09-11T11:32:04,2,1.633,30.68,28.7030,25.9,1.637,30.94,4.03,-60,9.50,
2026-09-11T11:32:05,2,1.619,29.52,28.6960,25.9,1.633,30.61,4.03,-60,9.50,
2026-09-11T11:32:06,2,1.642,31.32,28.6960,25.9,1.639,31.13,4.02,-59,10.00,
2026-09-11T11:32:07,2,1.616,29.26,28.6990,25.9,1.635,30.81,4.04,-61,10.00,
2026-09-11T11:32:09,2,1.618,29.45,28.7070,25.9,1.637,30.94,4.03,-65,9.50,
2026-09-11T11:32:10,2,1.638,31.00,28.6980,25.9,1.637,30.94,4.03,-65,9.50,
2026-09-11T11:32:11,2,1.616,29.26,28.6930,25.9,1.633,30.68,4.05,-63,9.75,
2026-09-11T11:32:12,2,1.650,31.97,28.6920,25.9,1.642,31.32,4.01,-63,10.25,
2026-09-11T11:32:13,2,1.635,30.81,28.6860,25.9,1.636,30.87,4.03,-65,9.75,
2026-09-11T11:32:15,2,1.642,31.39,28.6930,25.9,1.642,31.32,4.02,-64,9.75,
2026-09-11T11:32:16,2,1.618,29.45,28.6850,25.9,1.644,31.52,4.05,-61,9.50,
2026-09-11T11:32:17,2,1.619,29.52,28.6890,25.9,1.639,31.13,4.03,-61,9.50,
2026-09-11T11:32:18,2,1.635,30.81,28.6870,25.9,1.635,30.81,4.03,-61,10.00,
2026-09-11T11:32:19,2,1.615,29.20,28.6790,25.9,1.633,30.61,4.05,-61,9.50,
2026-09-11T11:32:21,2,1.643,31.45,28.6780,25.9,1.638,31.07,4.01,-62,10.25,
2026-09-11T11:32:22,2,1.639,31.13,28.6630,25.9,1.637,30.94,4.03,-64,9.50,
2026-09-11T11:32:23,2,1.617,29.39,28.6520,25.9,1.638,31.07,4.02,-65,9.75,
2026-09-11T11:32:24,2,1.642,31.32,28.6590,25.9,1.638,31.07,4.03,-65,9.50,
2026-09-11T11:32:25,2,1.614,29.13,28.6540,25.9,1.632,30.55,4.04,-62,10.00,
2026-09-11T11:32:26,2,1.617,29.32,28.6450,25.9,1.638,31.00,4.03,-64,9.50,
2026-09-11T11:32:30,2,1.636,30.87,28.6500,25.9,1.638,31.00,4.04,-55,3.75,
2026-09-11T11:32:31,2,1.619,29.52,28.6550,25.9,1.635,30.81,4.04,-57,5.25,
2026-09-11T11:32:33,2,1.641,31.26,28.6490,25.9,1.639,31.13,4.02,-56,5.75,
2026-09-11T11:32:34,2,1.615,29.20,28.6590,25.9,1.628,30.23,4.05,-56,8.75,
2026-09-11T11:32:35,2,1.616,29.26,28.6590,25.9,1.628,30.23,4.03,-62,9.50,
2026-09-11T11:32:36,2,1.637,30.94,28.6630,25.9,1.638,31.00,4.04,-61,10.00,
2026-09-11T11:32:37,2,1.615,29.20,28.6610,25.9,1.633,30.61,4.05,-61,10.00,
2026-09-11T11:32:38,2,1.642,31.39,28.6650,25.9,1.642,31.32,4.02,-62,9.75,
2026-09-11T11:32:39,2,1.635,30.81,28.6690,25.9,1.639,31.13,4.03,-63,9.75,
2026-09-11T11:32:40,2,1.620,29.58,28.6700,25.9,1.636,30.87,4.05,-62,10.00,
2026-09-11T11:32:41,2,1.638,31.07,28.6800,25.9,1.639,31.13,4.01,-63,9.75,
2026-09-11T11:32:42,2,1.617,29.39,28.6860,25.9,1.634,30.74,4.06,-62,10.00,
2026-09-11T11:32:44,2,1.619,29.52,28.6870,25.9,1.638,31.00,4.03,-63,10.00,
2026-09-11T11:32:45,2,1.639,31.13,28.6860,25.9,1.634,30.74,4.02,-63,10.50,
2026-09-11T11:32:46,2,1.616,29.26,28.6920,25.9,1.633,30.61,4.05,-60,9.50,
2026-09-11T11:32:47,2,1.642,31.39,28.6950,25.9,1.642,31.39,4.01,-60,10.00,
2026-09-11T11:32:48,2,1.636,30.87,28.6920,25.9,1.634,30.74,4.03,-60,9.75,
2026-09-11T11:32:49,2,1.617,29.32,28.6940,25.9,1.636,30.87,4.05,-60,9.75,
2026-09-11T11:32:50,2,1.642,31.32,28.6910,25.9,1.639,31.13,4.01,-60,9.75,
2026-09-11T11:32:51,2,1.615,29.20,28.6890,25.9,1.633,30.68,4.04,-61,10.00,
2026-09-11T11:32:52,2,1.620,29.58,28.6950,25.9,1.639,31.13,4.03,-61,9.50,
2026-09-11T11:32:53,2,1.638,31.00,28.6950,25.9,1.639,31.13,4.02,-60,9.75,
2026-09-11T11:32:54,2,1.614,29.13,28.6840,25.9,1.634,30.74,4.05,-60,10.00,
2026-09-11T11:32:56,2,1.646,31.65,28.6790,25.9,1.641,31.26,4.02,-60,10.25,
2026-09-11T11:32:57,2,1.638,31.00,28.6860,25.9,1.635,30.81,4.03,-61,9.75,
2026-09-11T11:32:58,2,1.617,29.32,28.6910,25.9,1.633,30.61,4.05,-63,10.00,
2026-09-11T11:32:59,2,1.644,31.52,28.6900,25.9,1.640,31.19,4.01,-63,10.25,
2026-09-11T11:33:00,2,1.617,29.32,28.6980,25.9,1.632,30.55,4.05,-63,9.75,
2026-09-11T11:33:01,2,1.618,29.45,28.7020,25.9,1.636,30.87,4.03,-63,10.00,
2026-09-11T11:33:02,2,1.641,31.26,28.7090,25.9,1.640,31.19,4.02,-63,10.00,
2026-09-11T11:33:03,2,1.617,29.32,28.7080,25.9,1.635,30.81,4.05,-63,9.75,
2026-09-11T11:33:04,2,1.645,31.58,28.7100,25.9,1.637,30.94,4.02,-64,9.75,
2026-09-11T11:33:05,2,1.636,30.87,28.7160,25.9,1.637,30.94,4.03,-64,10.25,
2026-09-11T11:33:06,2,1.616,29.26,28.7220,25.9,1.635,30.81,4.05,-63,10.00,
2026-09-11T11:33:08,2,1.644,31.52,28.7190,25.9,1.641,31.26,4.02,-63,10.50,
2026-09-11T11:33:09,2,1.617,29.32,28.7220,25.9,1.633,30.68,4.05,-64,9.75,
2026-09-11T11:33:10,2,1.619,29.52,28.7210,25.9,1.638,31.00,4.03,-63,9.50,
2026-09-11T11:33:15,2,1.616,29.26,28.7230,25.9,1.634,30.74,4.05,-55,0.75,
2026-09-11T11:33:16,2,1.640,31.19,28.7220,25.9,1.639,31.13,4.02,-56,1.25,
2026-09-11T11:33:17,2,1.618,29.45,28.7180,25.9,1.633,30.68,4.04,-55,1.75,
2026-09-11T11:33:19,2,1.619,29.52,28.7190,25.9,1.640,31.19,4.03,-64,10.00,
2026-09-11T11:33:20,2,1.638,31.07,28.7180,25.9,1.638,31.07,4.02,-64,10.25,
2026-09-11T11:33:21,2,1.617,29.39,28.7100,25.9,1.633,30.61,4.05,-64,10.25,
2026-09-11T11:33:22,2,1.646,31.71,28.7070,25.9,1.642,31.32,4.01,-63,10.25,
2026-09-11T11:33:23,2,1.635,30.81,28.7110,25.9,1.640,31.19,4.03,-63,10.25,
2026-09-11T11:33:24,2,1.616,29.26,28.7100,25.9,1.633,30.68,4.05,-63,9.75,
2026-09-11T11:33:25,2,1.642,31.39,28.7000,25.9,1.641,31.26,4.02,-62,10.25,
2026-09-11T11:33:26,2,1.615,29.20,28.6920,25.9,1.632,30.55,4.05,-62,9.50,
2026-09-11T11:33:27,2,1.618,29.45,28.6920,25.9,1.636,30.87,4.03,-62,10.00,
2026-09-11T11:33:28,2,1.639,31.13,28.6880,25.9,1.640,31.19,4.02,-63,10.50,
2026-09-11T11:33:29,2,1.615,29.20,28.6900,25.9,1.634,30.74,4.05,-63,10.00,
2026-09-11T11:33:31,2,1.646,31.71,28.6910,25.9,1.642,31.32,4.01,-64,9.75,
2026-09-11T11:33:32,2,1.637,30.94,28.6790,25.9,1.649,31.90,4.04,-65,9.75,
2026-09-11T11:33:33,2,1.617,29.32,28.6760,25.9,1.634,30.74,4.05,-64,9.50,
2026-09-11T11:33:34,2,1.642,31.32,28.6770,25.9,1.638,31.00,4.02,-63,10.00,
2026-09-11T11:33:35,2,1.617,29.39,28.6730,25.9,1.638,31.00,4.04,-63,10.25,
2026-09-11T11:33:36,2,1.620,29.58,28.6730,25.9,1.639,31.13,4.03,-63,10.25,
2026-09-11T11:33:37,2,1.638,31.07,28.6780,25.9,1.640,31.19,4.02,-63,10.25,
2026-09-11T11:33:38,2,1.616,29.26,28.6710,25.9,1.636,30.87,4.04,-63,9.50,
2026-09-11T11:33:39,2,1.646,31.65,28.6700,25.9,1.641,31.26,4.01,-63,10.25,
2026-09-11T11:33:40,2,1.636,30.87,28.6730,25.9,1.637,30.94,4.03,-63,10.00,
2026-09-11T11:33:41,2,1.610,28.81,28.6700,25.9,1.634,30.74,4.05,-64,10.00,
2026-09-11T11:33:43,2,1.641,31.26,28.6640,25.9,1.641,31.26,4.02,-63,10.00,
2026-09-11T11:33:44,2,1.616,29.26,28.6630,25.9,1.633,30.68,4.04,-63,10.00,
2026-09-11T11:33:45,2,1.619,29.52,28.6660,25.9,1.638,31.07,4.03,-63,10.00,
2026-09-11T11:33:46,2,1.640,31.19,28.6730,25.9,1.638,31.07,4.01,-63,10.00,
2026-09-11T11:33:47,2,1.617,29.32,28.6800,25.9,1.633,30.68,4.04,-63,10.25,
2026-09-11T11:33:48,2,1.649,31.90,28.6840,25.9,1.642,31.39,4.01,-63,9.75,
2026-09-11T11:33:49,2,1.636,30.87,28.6880,25.9,1.635,30.81,4.03,-62,10.00,
2026-09-11T11:33:50,2,1.616,29.26,28.6930,25.9,1.632,30.55,4.05,-63,9.50,
2026-09-11T11:33:51,2,1.642,31.39,28.7000,25.9,1.642,31.39,4.02,-63,10.00,
2026-09-11T11:33:52,2,1.617,29.32,28.7120,25.9,1.633,30.61,4.05,-63,10.00,
2026-09-11T11:33:53,2,1.618,29.45,28.7140,25.9,1.638,31.07,4.03,-63,9.50,
2026-09-11T11:33:55,2,1.638,31.07,28.7210,25.9,1.639,31.13,4.02,-63,10.25,
2026-09-11T11:34:00,2,1.641,31.26,28.6960,25.9,1.643,31.45,4.02,-56,1.50,
2026-09-11T11:34:01,2,1.615,29.20,28.7000,25.9,1.633,30.68,4.04,-56,1.00,
2026-09-11T11:34:02,2,1.618,29.45,28.7050,25.9,1.637,30.94,4.02,-56,3.00,
2026-09-11T11:34:03,2,1.640,31.19,28.7100,25.9,1.644,31.52,4.01,-63,10.00,
2026-09-11T11:34:04,2,1.616,29.26,28.7110,25.9,1.633,30.68,4.05,-63,9.75,
2026-09-11T11:34:06,2,1.646,31.65,28.7070,25.9,1.642,31.39,4.01,-63,9.75,
2026-09-11T11:34:07,2,1.638,31.00,28.6960,25.9,1.636,30.87,4.03,-63,10.50,
2026-09-11T11:34:08,2,1.616,29.26,28.6940,25.9,1.646,31.71,4.04,-60,10.00,
2026-09-11T11:34:09,2,1.643,31.45,28.6860,25.9,1.642,31.32,4.02,-66,10.00,
2026-09-11T11:34:10,2,1.615,29.20,28.6800,25.9,1.638,31.00,4.05,-66,9.50,
2026-09-11T11:34:11,2,1.620,29.58,28.6660,25.9,1.640,31.19,4.03,-68,10.00,
2026-09-11T11:34:12,2,1.638,31.07,28.6620,25.9,1.640,31.19,4.02,-66,10.00,
2026-09-11T11:34:13,2,1.614,29.13,28.6610,25.9,1.629,30.36,4.04,-64,10.25,
2026-09-11T11:34:14,2,1.629,30.29,28.6530,25.9,1.639,31.13,4.03,-64,9.50,
2026-09-11T11:34:15,2,1.636,30.87,28.6460,25.9,1.636,30.87,4.03,-64,9.50,
2026-09-11T11:34:16,2,1.615,29.20,28.6530,25.9,1.636,30.87,4.05,-62,9.75,
2026-09-11T11:34:18,2,1.640,31.19,28.6530,25.9,1.642,31.32,4.02,-62,10.00,
2026-09-11T11:34:19,2,1.620,29.58,28.6620,25.9,1.638,31.00,4.03,-63,9.75,
2026-09-11T11:34:20,2,1.620,29.58,28.6620,25.9,1.640,31.19,4.03,-61,9.75,
2026-09-11T11:34:21,2,1.639,31.13,28.6660,25.9,1.642,31.39,4.02,-61,10.00,
2026-09-11T11:34:22,2,1.614,29.13,28.6690,25.9,1.633,30.68,4.05,-61,9.75,
2026-09-11T11:34:23,2,1.618,29.45,28.6600,25.9,1.639,31.13,4.03,-61,9.75,
2026-09-11T11:34:24,2,1.634,30.74,28.6580,25.9,1.637,30.94,4.02,-61,9.75,
2026-09-11T11:34:25,2,1.605,28.42,28.6660,25.9,1.633,30.68,4.04,-61,10.00,
2026-09-11T11:34:26,2,1.643,31.45,28.6670,25.9,1.638,31.00,4.02,-61,10.50,
2026-09-11T11:34:27,2,1.637,30.94,28.6720,25.9,1.638,31.07,4.03,-61,9.50,
2026-09-11T11:34:28,2,1.614,29.13,28.6680,25.9,1.631,30.48,4.03,-60,9.75,
2026-09-11T11:34:30,2,1.639,31.13,28.6760,25.9,1.640,31.19,4.02,-60,10.25,
2026-09-11T11:34:31,2,1.617,29.39,28.6850,25.9,1.634,30.74,4.04,-60,10.25,
2026-09-11T11:34:32,2,1.617,29.32,28.6860,25.9,1.635,30.81,4.03,-61,9.75,
2026-09-11T11:34:33,2,1.639,31.13,28.6900,25.9,1.639,31.13,4.02,-59,10.00,
2026-09-11T11:34:34,2,1.619,29.52,28.7050,25.9,1.633,30.61,4.05,-60,9.25,
2026-09-11T11:34:35,2,1.642,31.39,28.7100,25.9,1.640,31.19,4.02,-59,9.50,
2026-09-11T11:34:36,2,1.636,30.87,28.7100,25.9,1.638,31.00,4.03,-60,9.25,
2026-09-11T11:34:37,2,1.616,29.26,28.6950,25.9,1.633,30.68,4.04,-62,9.75,
2026-09-11T11:34:38,2,1.645,31.58,28.7030,25.9,1.638,31.07,4.02,-63,10.00,
2026-09-11T11:34:39,2,1.615,29.20,28.6970,25.9,1.634,30.74,4.05,-63,9.75,
2026-09-11T11:34:44,2,1.643,31.45,28.6980,25.9,1.638,31.07,4.01,-55,2.00,
2026-09-11T11:34:45,2,1.635,30.81,28.6940,25.9,1.638,31.07,4.03,-56,1.50,
2026-09-11T11:34:46,2,1.617,29.32,28.6930,25.9,1.633,30.61,4.05,-56,2.00,
2026-09-11T11:34:47,2,1.638,31.07,28.6870,25.9,1.640,31.19,4.02,-56,6.75,
2026-09-11T11:34:48,2,1.617,29.32,28.6880,25.9,1.626,30.10,4.04,-62,10.25,
2026-09-11T11:34:49,2,1.621,29.71,28.6850,25.9,1.640,31.19,4.03,-62,9.75,
2026-09-11T11:34:50,2,1.639,31.13,28.6780,25.9,1.641,31.26,4.02,-63,9.75,
2026-09-11T11:34:51,2,1.614,29.13,28.6780,25.9,1.634,30.74,4.04,-61,10.25,
2026-09-11T11:34:53,2,1.641,31.26,28.6800,25.9,1.642,31.39,4.02,-61,10.00,
2026-09-11T11:34:54,2,1.637,30.94,28.6740,25.9,1.637,30.94,4.03,-61,9.25,
2026-09-11T11:34:55,2,1.617,29.32,28.6790,25.9,1.634,30.74,4.04,-61,10.00,
2026-09-11T11:34:56,2,1.638,31.07,28.6850,25.9,1.640,31.19,4.02,-62,10.00,
2026-09-11T11:34:57,2,1.616,29.26,28.6970,25.9,1.635,30.81,4.05,-62,9.75,
2026-09-11T11:34:58,2,1.620,29.58,28.6940,25.9,1.638,31.00,4.03,-62,9.75,
2026-09-11T11:34:59,2,1.638,31.07,28.7030,25.9,1.642,31.32,4.02,-62,9.75,
2026-09-11T11:35:00,2,1.617,29.32,28.7070,25.9,1.634,30.74,4.05,-62,9.75,
2026-09-11T11:35:01,2,1.644,31.52,28.7100,25.9,1.641,31.26,4.02,-60,10.00,
2026-09-11T11:35:02,2,1.638,31.00,28.7130,25.9,1.638,31.00,4.03,-61,9.75,
2026-09-11T11:35:03,2,1.617,29.39,28.7010,25.9,1.634,30.74,4.04,-61,10.00,
2026-09-11T11:35:05,2,1.641,31.26,28.7020,25.9,1.642,31.32,4.02,-60,10.25,
2026-09-11T11:35:06,2,1.620,29.58,28.7030,25.9,1.633,30.68,4.05,-61,9.75,
2026-09-11T11:35:07,2,1.620,29.58,28.7010,25.9,1.637,30.94,4.03,-61,10.25,
2026-09-11T11:35:08,2,1.639,31.13,28.7010,25.9,1.642,31.32,4.02,-60,9.50,
2026-09-11T11:35:09,2,1.618,29.45,28.7040,25.9,1.637,30.94,4.04,-61,10.25,
2026-09-11T11:35:10,2,1.644,31.52,28.7050,25.9,1.638,31.07,4.01,-61,10.25,
2026-09-11T11:35:11,2,1.634,30.74,28.7010,25.9,1.635,30.81,4.03,-61,9.75,
2026-09-11T11:35:12,2,1.617,29.32,28.7030,25.9,1.632,30.55,4.04,-61,9.50,
2026-09-11T11:35:13,2,1.638,31.07,28.7020,25.9,1.639,31.13,4.01,-61,9.75,
2026-09-11T11:35:14,2,1.614,29.13,28.7020,25.9,1.632,30.55,4.05,-61,9.75,
2026-09-11T11:35:15,2,1.618,29.45,28.6960,25.9,1.638,31.07,4.03,-61,9.75,
2026-09-11T11:35:17,2,1.638,31.07,28.6830,25.9,1.633,30.61,4.02,-61,10.00,
2026-09-11T11:35:18,2,1.617,29.39,28.6790,25.9,1.633,30.61,4.04,-61,10.25,
2026-09-11T11:35:19,2,1.643,31.45,28.6800,25.9,1.642,31.39,4.01,-61,9.75,
2026-09-11T11:35:20,2,1.637,30.94,28.6700,25.9,1.636,30.87,4.04,-61,9.75,
2026-09-11T11:35:21,2,1.617,29.39,28.6660,25.9,1.634,30.74,4.04,-61,10.50,
2026-09-11T11:35:22,2,1.641,31.26,28.6600,25.9,1.640,31.19,4.02,-61,10.00,
2026-09-11T11:35:23,2,1.616,29.26,28.6660,25.9,1.635,30.81,4.04,-61,10.00,
2026-09-11T11:35:29,2,1.633,30.68,28.6780,25.9,1.634,30.74,4.03,-55,3.50,
2026-09-11T11:35:30,2,1.618,29.45,28.6840,25.9,1.634,30.74,4.04,-56,1.00,
2026-09-11T11:35:31,2,1.642,31.39,28.6900,25.9,1.640,31.19,4.02,-56,3.00,
2026-09-11T11:35:32,2,1.615,29.20,28.6820,25.9,1.637,30.94,4.05,-62,9.75,
2026-09-11T11:35:33,2,1.621,29.65,28.6820,25.9,1.638,31.07,4.03,-60,9.75,
2026-09-11T11:35:34,2,1.638,31.07,28.6830,25.9,1.638,31.07,4.02,-61,10.00,
2026-09-11T11:35:35,2,1.615,29.20,28.6890,25.9,1.634,30.74,4.05,-61,9.50,
2026-09-11T11:35:36,2,1.643,31.45,28.6820,25.9,1.641,31.26,4.01,-61,10.25,
2026-09-11T11:35:37,2,1.634,30.74,28.6900,25.9,1.637,30.94,4.03,-61,9.50,
2026-09-11T11:35:38,2,1.615,29.20,28.6900,25.9,1.637,30.94,4.05,-61,10.25,
2026-09-11T11:35:40,2,1.641,31.26,28.6890,25.9,1.638,31.07,4.02,-60,10.00,
2026-09-11T11:35:41,2,1.618,29.45,28.6950,25.9,1.633,30.68,4.04,-61,10.25,
2026-09-11T11:35:42,2,1.619,29.52,28.6990,25.9,1.637,30.94,4.03,-61,9.50,
2026-09-11T11:35:43,2,1.639,31.13,28.7000,25.9,1.638,31.00,4.02,-61,10.00,
2026-09-11T11:35:44,2,1.617,29.39,28.7000,25.9,1.633,30.68,4.04,-61,10.00,
2026-09-11T11:35:45,2,1.644,31.52,28.6950,25.9,1.642,31.32,4.01,-61,10.50,
2026-09-11T11:35:46,2,1.638,31.07,28.6960,25.9,1.639,31.13,4.03,-60,9.50,
2026-09-11T11:35:47,2,1.618,29.45,28.7010,25.9,1.633,30.61,4.05,-61,9.75,
2026-09-11T11:35:48,2,1.641,31.26,28.7030,25.9,1.643,31.45,4.02,-60,10.00,
2026-09-11T11:35:49,2,1.616,29.26,28.6950,25.9,1.635,30.81,4.04,-61,10.25,
2026-09-11T11:35:50,2,1.618,29.45,28.6880,25.9,1.638,31.07,4.02,-61,9.75,
2026-09-11T11:35:52,2,1.641,31.26,28.6800,25.9,1.639,31.13,4.02,-62,10.00,
2026-09-11T11:35:53,2,1.616,29.26,28.6810,25.9,1.634,30.74,4.04,-63,10.25,
2026-09-11T11:35:54,2,1.644,31.52,28.6760,25.9,1.642,31.32,4.01,-63,10.00,
2026-09-11T11:35:55,2,1.634,30.74,28.6730,25.9,1.636,30.87,4.03,-62,9.75,
2026-09-11T11:35:56,2,1.616,29.26,28.6780,25.9,1.632,30.55,4.04,-63,9.75,
2026-09-11T11:35:57,2,1.641,31.26,28.6700,25.9,1.641,31.26,4.02,-63,10.25,
2026-09-11T11:35:58,2,1.619,29.52,28.6760,25.9,1.635,30.81,4.05,-63,10.00,
2026-09-11T11:35:59,2,1.617,29.39,28.6740,25.9,1.650,32.03,4.03,-63,9.75,
2026-09-11T11:36:00,2,1.640,31.19,28.6750,25.9,1.641,31.26,4.02,-63,10.25,
2026-09-11T11:36:01,2,1.616,29.26,28.6670,25.9,1.638,31.00,4.05,-63,9.75,
2026-09-11T11:36:02,2,1.648,31.84,28.6660,25.9,1.644,31.52,4.01,-62,10.00,
2026-09-11T11:36:04,2,1.637,30.94,28.6690,25.9,1.641,31.26,4.02,-62,10.25,
2026-09-11T11:36:05,2,1.615,29.20,28.6710,25.9,1.635,30.81,4.04,-60,10.25,
2026-09-11T11:36:06,2,1.643,31.45,28.6740,25.9,1.641,31.26,4.02,-60,10.25,
2026-09-11T11:36:07,2,1.615,29.20,28.6710,25.9,1.637,30.94,4.05,-61,9.50,
2026-09-11T11:36:08,2,1.614,29.13,28.6710,25.9,1.636,30.87,4.05,-61,9.25,
2026-09-11T11:36:13,2,1.616,29.26,28.6970,25.9,1.633,30.68,4.05,-55,4.25,
2026-09-11T11:36:15,2,1.642,31.39,28.6820,25.9,1.640,31.19,4.01,-56,3.75,
2026-09-11T11:36:16,2,1.617,29.32,28.6770,25.9,1.631,30.48,4.04,-55,4.75,
2026-09-11T11:36:17,2,1.617,29.39,28.6760,25.9,1.640,31.19,4.04,-61,10.25,
2026-09-11T11:36:18,2,1.641,31.26,28.6700,25.9,1.640,31.19,4.01,-60,10.00,
2026-09-11T11:36:19,2,1.615,29.20,28.6720,25.9,1.633,30.61,4.05,-61,10.00,
2026-09-11T11:36:20,2,1.633,30.68,28.6740,25.9,1.642,31.39,4.03,-61,9.50,
2026-09-11T11:36:21,2,1.639,31.13,28.6720,25.9,1.639,31.13,4.02,-61,10.25,
2026-09-11T11:36:22,2,1.616,29.26,28.6680,25.9,1.633,30.68,4.05,-61,9.50,
2026-09-11T11:36:23,2,1.642,31.39,28.6760,25.9,1.638,31.07,4.02,-61,9.50,
2026-09-11T11:36:24,2,1.629,30.36,28.6770,25.9,1.637,30.94,4.03,-62,9.50,
2026-09-11T11:36:25,2,1.618,29.45,28.6760,25.9,1.633,30.61,4.05,-62,9.50,
2026-09-11T11:36:27,2,1.638,31.07,28.6720,25.9,1.638,31.07,4.02,-61,10.00,
2026-09-11T11:36:28,2,1.615,29.20,28.6730,25.9,1.634,30.74,4.05,-61,9.75,
2026-09-11T11:36:29,2,1.621,29.71,28.6750,25.9,1.638,31.00,4.03,-62,9.50,
2026-09-11T11:36:30,2,1.640,31.19,28.6770,25.9,1.639,31.13,4.02,-61,9.75,
2026-09-11T11:36:31,2,1.617,29.32,28.6730,25.9,1.636,30.87,4.04,-60,10.00,
2026-09-11T11:36:32,2,1.643,31.45,28.6700,25.9,1.640,31.19,4.01,-62,10.25,
2026-09-11T11:36:33,2,1.633,30.68,28.6740,25.9,1.635,30.81,4.03,-62,10.00,
2026-09-11T11:36:34,2,1.617,29.32,28.6880,25.9,1.633,30.61,4.05,-62,9.75,
2026-09-11T11:36:35,2,1.638,31.07,28.6900,25.9,1.640,31.19,4.02,-60,9.75,
2026-09-11T11:36:36,2,1.619,29.52,28.6930,25.9,1.632,30.55,4.04,-60,10.00,
2026-09-11T11:36:37,2,1.621,29.71,28.6990,25.9,1.638,31.07,4.03,-60,9.50,
2026-09-11T11:36:39,2,1.639,31.13,28.7020,25.9,1.640,31.19,4.02,-60,10.25,
2026-09-11T11:36:40,2,1.615,29.20,28.7010,25.9,1.633,30.61,4.05,-61,9.75,
2026-09-11T11:36:41,2,1.642,31.32,28.7040,25.9,1.641,31.26,4.01,-60,10.25,
2026-09-11T11:36:42,2,1.637,30.94,28.7050,25.9,1.635,30.81,4.03,-60,10.00,
2026-09-11T11:36:43,2,1.617,29.39,28.6900,25.9,1.633,30.61,4.05,-60,9.50,
2026-09-11T11:36:44,2,1.643,31.45,28.6930,25.9,1.638,31.07,4.02,-61,10.25,
2026-09-11T11:36:45,2,1.617,29.32,28.6940,25.9,1.633,30.68,4.04,-61,10.00,
2026-09-11T11:36:46,2,1.620,29.58,28.6960,25.9,1.638,31.00,4.03,-60,9.25,
2026-09-11T11:36:47,2,1.637,30.94,28.6930,25.9,1.638,31.00,4.01,-61,9.75,
2026-09-11T11:36:48,2,1.616,29.26,28.6930,25.9,1.633,30.68,4.04,-61,10.50,
2026-09-11T11:36:49,2,1.643,31.45,28.6890,25.9,1.641,31.26,4.01,-61,10.50,
2026-09-11T11:36:51,2,1.636,30.87,28.6840,25.9,1.636,30.87,4.03,-60,9.75,
2026-09-11T11:36:52,2,1.616,29.26,28.6890,25.9,1.634,30.74,4.05,-61,9.50,
2026-09-11T11:36:53,2,1.641,31.26,28.6860,25.9,1.638,31.00,4.01,-61,9.75,
2026-09-11T11:36:57,2,1.619,29.52,28.6850,25.9,1.633,30.68,4.04,-55,3.50,
2026-09-11T11:36:58,2,1.644,31.52,28.6900,25.9,1.640,31.19,4.01,-55,2.75,
2026-09-11T11:36:59,2,1.635,30.81,28.6890,25.9,1.631,30.48,4.03,-55,3.00,
2026-09-11T11:37:00,2,1.616,29.26,28.6900,25.9,1.633,30.61,4.04,-56,6.75,
2026-09-11T11:37:02,2,1.640,31.19,28.7010,25.9,1.639,31.13,4.01,-61,10.00,
2026-09-11T11:37:03,2,1.616,29.26,28.7000,25.9,1.633,30.68,4.04,-61,9.75,
2026-09-11T11:37:04,2,1.622,29.78,28.6940,25.9,1.638,31.07,4.03,-61,9.75,
2026-09-11T11:37:05,2,1.639,31.13,28.6970,25.9,1.640,31.19,4.02,-61,10.00,
2026-09-11T11:37:06,2,1.616,29.26,28.6980,25.9,1.633,30.68,4.04,-61,10.00,
2026-09-11T11:37:07,2,1.643,31.45,28.6990,25.9,1.643,31.45,4.01,-61,12.50,
2026-09-11T11:37:08,2,1.636,30.87,28.6990,25.9,1.637,30.94,4.03,-61,9.75,
2026-09-11T11:37:09,2,1.618,29.45,28.6930,25.9,1.635,30.81,4.04,-61,10.00,
2026-09-11T11:37:10,2,1.642,31.32,28.6990,25.9,1.639,31.13,4.01,-61,9.75,
2026-09-11T11:37:11,2,1.616,29.26,28.7070,25.9,1.633,30.68,4.05,-61,9.50,
2026-09-11T11:37:14,2,1.638,31.07,28.6980,25.9,1.638,31.07,4.02,-61,9.75,
2026-09-11T11:37:15,2,1.617,29.32,28.7010,25.9,1.633,30.61,4.04,-60,10.50,
2026-09-11T11:37:16,2,1.646,31.65,28.7000,25.9,1.637,30.94,4.01,-62,10.00,
2026-09-11T11:37:17,2,1.634,30.74,28.7050,25.9,1.636,30.87,4.03,-62,9.75,
2026-09-11T11:37:18,2,1.616,29.26,28.7050,25.9,1.633,30.61,4.04,-63,9.75,
2026-09-11T11:37:19,2,1.639,31.13,28.7120,25.9,1.640,31.19,4.01,-63,10.00,
2026-09-11T11:37:20,2,1.617,29.39,28.7150,25.9,1.633,30.61,4.04,-61,10.25,
2026-09-11T11:37:21,2,1.619,29.52,28.7180,25.9,1.638,31.00,4.02,-61,9.75,
2026-09-11T11:37:22,2,1.640,31.19,28.7220,25.9,1.641,31.26,4.02,-61,10.00,
2026-09-11T11:37:23,2,1.617,29.39,28.7320,25.9,1.633,30.68,4.04,-61,9.75,
2026-09-11T11:37:24,2,1.646,31.65,28.7290,25.9,1.640,31.19,4.01,-61,10.00,
2026-09-11T11:37:26,2,1.638,31.00,28.7220,25.9,1.636,30.87,4.03,-61,9.75,
2026-09-11T11:37:27,2,1.614,29.13,28.7240,25.9,1.633,30.61,4.05,-61,9.75,
2026-09-11T11:37:28,2,1.642,31.32,28.7220,25.9,1.640,31.19,4.01,-61,10.25,
2026-09-11T11:37:29,2,1.616,29.26,28.7350,25.9,1.634,30.74,4.04,-61,9.75,
2026-09-11T11:37:30,2,1.618,29.45,28.7270,25.9,1.640,31.19,4.03,-61,9.75,
2026-09-11T11:37:31,2,1.640,31.19,28.7250,25.9,1.638,31.07,4.01,-61,9.50,
2026-09-11T11:37:32,2,1.617,29.32,28.7290,25.9,1.632,30.55,4.04,-61,10.00,
2026-09-11T11:37:33,2,1.647,31.77,28.7350,25.9,1.642,31.39,4.01,-61,10.00,
2026-09-11T11:37:34,2,1.639,31.13,28.7290,25.9,1.636,30.87,4.02,-61,9.75,
2026-09-11T11:37:35,2,1.615,29.20,28.7300,25.9,1.630,30.42,4.05,-61,9.75,
2026-09-11T11:37:37,2,1.642,31.32,28.7220,25.9,1.638,31.07,4.02,-61,9.75,
2026-09-11T11:37:42,2,1.646,31.65,28.6970,25.9,1.642,31.32,4.01,-55,3.00,
2026-09-11T11:37:43,2,1.639,31.13,28.6930,25.9,1.640,31.19,4.01,-54,3.00,
2026-09-11T11:37:44,2,1.617,29.32,28.6980,25.9,1.633,30.61,4.04,-55,3.00,
2026-09-11T11:37:45,2,1.642,31.32,28.6910,25.9,1.640,31.19,4.02,-61,9.75,
2026-09-11T11:37:46,2,1.617,29.32,28.6970,25.9,1.635,30.81,4.04,-61,10.25,
2026-09-11T11:37:47,2,1.618,29.45,28.6990,25.9,1.641,31.26,4.04,-61,9.75,
2026-09-11T11:37:49,2,1.642,31.32,28.6960,25.9,1.638,31.07,4.02,-61,9.75,
2026-09-11T11:37:50,2,1.617,29.39,28.7000,25.9,1.634,30.74,4.04,-61,9.75,
2026-09-11T11:37:51,2,1.638,31.07,28.6970,25.9,1.638,31.07,4.02,-62,9.50,
2026-09-11T11:37:52,2,1.637,30.94,28.6880,25.9,1.641,31.26,4.02,-61,10.00,
2026-09-11T11:37:53,2,1.616,29.26,28.6820,25.9,1.633,30.61,4.04,-61,10.00,
2026-09-11T11:37:54,2,1.642,31.39,28.6850,25.9,1.638,31.07,4.02,-61,9.75,
2026-09-11T11:37:55,2,1.637,30.94,28.6790,25.9,1.634,30.74,4.03,-62,9.75,
2026-09-11T11:37:56,2,1.617,29.39,28.6780,25.9,1.636,30.87,4.05,-62,9.75,
2026-09-11T11:37:57,2,1.642,31.32,28.6830,25.9,1.640,31.19,4.02,-61,10.00,
2026-09-11T11:37:58,2,1.616,29.26,28.6860,25.9,1.633,30.68,4.04,-61,10.25,
2026-09-11T11:37:59,2,1.621,29.71,28.6800,25.9,1.627,30.16,4.03,-61,9.50,
2026-09-11T11:38:01,2,1.640,31.19,28.6760,25.9,1.642,31.39,4.02,-61,10.00,
2026-09-11T11:38:02,2,1.617,29.39,28.6760,25.9,1.634,30.74,4.04,-61,10.00,
2026-09-11T11:38:03,2,1.642,31.39,28.6780,25.9,1.640,31.19,4.01,-61,10.00,
2026-09-11T11:38:04,2,1.636,30.87,28.6770,25.9,1.636,30.87,4.03,-62,9.50,
2026-09-11T11:38:05,2,1.617,29.32,28.6790,25.9,1.632,30.55,4.05,-62,9.50,
2026-09-11T11:38:06,2,1.640,31.19,28.6820,25.9,1.639,31.13,4.02,-61,10.00,
2026-09-11T11:38:07,2,1.617,29.39,28.6840,25.9,1.634,30.74,4.05,-62,9.50,
2026-09-11T11:38:08,2,1.620,29.58,28.6860,25.9,1.637,30.94,4.03,-62,9.50,
2026-09-11T11:38:09,2,1.638,31.07,28.6790,25.9,1.642,31.39,4.02,-61,9.75,
2026-09-11T11:38:10,2,1.619,29.52,28.6790,25.9,1.632,30.55,4.05,-61,9.50,
2026-09-11T11:38:11,2,1.643,31.45,28.6810,25.9,1.640,31.19,4.01,-61,9.50,
2026-09-11T11:38:13,2,1.637,30.94,28.6850,25.9,1.638,31.07,4.03,-61,9.50,
2026-09-11T11:38:14,2,1.616,29.26,28.6850,25.9,1.634,30.74,4.04,-62,10.00,
2026-09-11T11:38:15,2,1.639,31.13,28.6840,25.9,1.641,31.26,4.02,-63,10.00,
2026-09-11T11:38:16,2,1.615,29.20,28.6870,25.9,1.635,30.81,4.05,-63,9.75,
2026-09-11T11:38:17,2,1.631,30.48,28.6800,25.9,1.639,31.13,4.02,-61,10.00,
2026-09-11T11:38:18,2,1.638,31.07,28.6770,25.9,1.640,31.19,4.01,-62,9.75,
2026-09-11T11:38:19,2,1.617,29.39,28.6770,25.9,1.634,30.74,4.04,-60,10.25,
2026-09-11T11:38:20,2,1.642,31.39,28.6850,25.9,1.642,31.32,4.01,-61,10.00,
2026-09-11T11:38:21,2,1.636,30.87,28.6860,25.9,1.636,30.87,4.04,-61,11.25,
2026-09-11T11:38:27,2,1.640,31.19,28.6960,25.9,1.640,31.19,4.02,-55,3.00,
2026-09-11T11:38:28,2,1.616,29.26,28.7040,25.9,1.633,30.68,4.04,-56,3.75,
2026-09-11T11:38:29,2,1.647,31.77,28.7080,25.9,1.642,31.32,4.01,-55,4.25,
2026-09-11T11:38:30,2,1.635,30.81,28.7170,25.9,1.635,30.81,4.03,-61,9.75,
2026-09-11T11:38:31,2,1.617,29.39,28.7220,25.9,1.633,30.68,4.04,-61,10.25,
2026-09-11T11:38:32,2,1.643,31.45,28.7210,25.9,1.640,31.19,4.02,-61,10.00,
2026-09-11T11:38:33,2,1.617,29.39,28.7280,25.9,1.632,30.55,4.04,-61,10.00,
2026-09-11T11:38:34,2,1.619,29.52,28.7300,25.9,1.637,30.94,4.02,-61,10.25,
2026-09-11T11:38:36,2,1.639,31.13,28.7320,25.9,1.640,31.19,4.02,-60,9.75,
2026-09-11T11:38:37,2,1.615,29.20,28.7410,25.9,1.633,30.68,4.04,-62,10.75,
2026-09-11T11:38:38,2,1.646,31.65,28.7440,25.9,1.638,31.07,4.01,-62,9.75,
2026-09-11T11:38:39,2,1.638,31.00,28.7450,25.9,1.633,30.68,4.03,-62,9.25,
2026-09-11T11:38:40,2,1.617,29.39,28.7390,25.9,1.634,30.74,4.04,-61,10.00,
2026-09-11T11:38:41,2,1.638,31.07,28.7440,25.9,1.637,30.94,4.01,-61,9.75,
2026-09-11T11:38:42,2,1.624,29.90,28.7360,25.9,1.632,30.55,4.05,-61,9.75,
2026-09-11T11:38:43,2,1.619,29.52,28.7310,25.9,1.636,30.87,4.02,-61,10.25,
2026-09-11T11:38:44,2,1.640,31.19,28.7320,25.9,1.643,31.45,4.02,-61,10.00,
2026-09-11T11:38:45,2,1.615,29.20,28.7390,25.9,1.633,30.68,4.04,-61,10.25,
2026-09-11T11:38:46,2,1.646,31.71,28.7280,25.9,1.640,31.19,4.01,-60,10.00,
2026-09-11T11:38:48,2,1.635,30.81,28.7190,25.9,1.638,31.00,4.03,-61,9.50,
2026-09-11T11:38:49,2,1.615,29.20,28.7220,25.9,1.633,30.68,4.04,-61,9.75,
2026-09-11T11:38:50,2,1.641,31.26,28.7160,25.9,1.638,31.07,4.01,-61,10.00,
2026-09-11T11:38:51,2,1.615,29.20,28.7070,25.9,1.634,30.74,4.04,-61,10.25,
2026-09-11T11:38:52,2,1.617,29.39,28.7010,25.9,1.637,30.94,4.03,-60,9.75,
2026-09-11T11:38:53,2,1.642,31.32,28.6940,25.9,1.641,31.26,4.01,-61,10.00,
2026-09-11T11:38:54,2,1.615,29.20,28.6890,25.9,1.634,30.74,4.04,-62,10.25,
2026-09-11T11:38:55,2,1.647,31.77,28.6870,25.9,1.641,31.26,4.01,-62,10.25,
2026-09-11T11:38:56,2,1.636,30.87,28.6900,25.9,1.636,30.87,4.03,-62,9.75,
2026-09-11T11:38:57,2,1.618,29.45,28.6920,25.9,1.633,30.68,4.04,-62,9.50,
2026-09-11T11:38:58,2,1.642,31.39,28.6830,25.9,1.640,31.19,4.01,-61,9.75,
2026-09-11T11:39:00,2,1.617,29.32,28.6830,25.9,1.633,30.68,4.05,-61,9.50,
2026-09-11T11:39:01,2,1.621,29.71,28.6770,25.9,1.638,31.00,4.03,-62,9.25,
2026-09-11T11:39:02,2,1.640,31.19,28.6740,25.9,1.642,31.39,4.02,-61,9.75,
2026-09-11T11:39:03,2,1.618,29.45,28.6760,25.9,1.634,30.74,4.04,-60,10.00,
2026-09-11T11:39:04,2,1.648,31.84,28.6790,25.9,1.642,31.32,4.01,-62,10.00,
2026-09-11T11:39:05,2,1.633,30.68,28.6750,25.9,1.634,30.74,4.02,-62,10.25,
2026-09-11T11:39:06,2,1.617,29.39,28.6870,25.9,1.634,30.74,4.05,-62,9.75,
2026-09-11T11:39:11,2,1.639,31.13,28.6560,25.9,1.639,31.13,4.02,-55,3.25,
2026-09-11T11:39:12,2,1.615,29.20,28.6620,25.9,1.634,30.74,4.04,-55,3.25,
2026-09-11T11:39:13,2,1.639,31.13,28.6690,25.9,1.642,31.39,4.03,-55,3.75,
2026-09-11T11:39:14,2,1.638,31.07,28.6770,25.9,1.637,30.94,4.02,-55,7.00,
2026-09-11T11:39:15,2,1.620,29.58,28.6760,25.9,1.633,30.68,4.05,-60,9.75,
2026-09-11T11:39:16,2,1.642,31.39,28.6770,25.9,1.640,31.19,4.02,-60,10.25,
2026-09-11T11:39:17,2,1.633,30.68,28.6730,25.9,1.634,30.74,4.03,-59,10.00,
2026-09-11T11:39:18,2,1.615,29.20,28.6800,25.9,1.633,30.68,4.04,-61,10.00,
2026-09-11T11:39:19,2,1.641,31.26,28.6810,25.9,1.641,31.26,4.02,-60,10.00,
2026-09-11T11:39:20,2,1.616,29.26,28.6870,25.9,1.633,30.61,4.04,-61,10.25,
2026-09-11T11:39:21,2,1.619,29.52,28.6960,25.9,1.638,31.00,4.03,-61,9.75,
2026-09-11T11:39:23,2,1.639,31.13,28.7050,25.9,1.640,31.19,4.02,-60,10.00,
2026-09-11T11:39:24,2,1.617,29.32,28.7070,25.9,1.630,30.42,4.05,-60,9.75,
2026-09-11T11:39:25,2,1.643,31.45,28.7050,25.9,1.642,31.32,4.01,-61,10.00,
2026-09-11T11:39:26,2,1.636,30.87,28.6980,25.9,1.636,30.87,4.03,-61,10.00,
2026-09-11T11:39:27,2,1.616,29.26,28.7050,25.9,1.633,30.68,4.05,-61,10.00,
2026-09-11T11:39:28,2,1.641,31.26,28.7150,25.9,1.641,31.26,4.01,-61,10.25,
2026-09-11T11:39:29,2,1.617,29.32,28.7070,25.9,1.634,30.74,4.04,-60,10.00,
2026-09-11T11:39:30,2,1.619,29.52,28.7080,25.9,1.637,30.94,4.03,-61,9.50,
2026-09-11T11:39:31,2,1.642,31.32,28.7130,25.9,1.641,31.26,4.01,-61,10.00,
2026-09-11T11:39:32,2,1.617,29.32,28.7160,25.9,1.633,30.68,4.04,-61,10.25,
2026-09-11T11:39:33,2,1.642,31.39,28.7040,25.9,1.640,31.19,4.01,-61,10.00,
2026-09-11T11:39:35,2,1.638,31.07,28.7050,25.9,1.636,30.87,4.03,-61,9.50,
2026-09-11T11:39:36,2,1.616,29.26,28.7050,25.9,1.634,30.74,4.05,-61,9.50,
2026-09-11T11:39:37,2,1.635,30.81,28.7040,25.9,1.642,31.39,4.02,-61,9.75,
2026-09-11T11:39:38,2,1.617,29.39,28.7000,25.9,1.633,30.68,4.04,-61,10.00,
2026-09-11T11:39:39,2,1.621,29.65,28.6920,25.9,1.638,31.00,4.02,-61,9.75,
2026-09-11T11:39:40,2,1.638,31.07,28.6780,25.9,1.646,31.65,4.01,-62,9.75,
2026-09-11T11:39:41,2,1.605,28.42,28.6710,25.9,1.633,30.61,4.05,-63,9.50,
2026-09-11T11:39:42,2,1.644,31.52,28.6750,25.9,1.640,31.19,4.02,-63,9.75,
2026-09-11T11:39:43,2,1.635,30.81,28.6710,25.9,1.635,30.81,4.03,-63,10.00,
2026-09-11T11:39:44,2,1.615,29.20,28.6710,25.9,1.633,30.68,4.04,-60,10.25,
2026-09-11T11:39:46,2,1.642,31.32,28.6740,25.9,1.639,31.13,4.01,-60,10.25,
2026-09-11T11:39:47,2,1.615,29.20,28.6700,25.9,1.634,30.74,4.04,-60,10.00,
2026-09-11T11:39:48,2,1.619,29.52,28.6730,25.9,1.635,30.81,4.03,-60,9.50,
2026-09-11T11:39:49,2,1.640,31.19,28.6800,25.9,1.640,31.19,4.01,-60,9.75,
2026-09-11T11:39:50,2,1.617,29.39,28.6800,25.9,1.633,30.68,4.04,-60,9.75,
2026-09-11T11:39:55,2,1.616,29.26,28.6820,25.9,1.634,30.74,4.05,-55,5.00,
2026-09-11T11:39:56,2,1.618,29.45,28.6800,25.9,1.638,31.07,4.03,-55,5.00,
2026-09-11T11:39:58,2,1.638,31.07,28.6810,25.9,1.640,31.19,4.02,-55,5.00,
2026-09-11T11:39:59,2,1.616,29.26,28.6850,25.9,1.633,30.68,4.04,-60,10.25,
2026-09-11T11:40:00,2,1.644,31.52,28.6870,25.9,1.641,31.26,4.01,-60,10.00,
2026-09-11T11:40:01,2,1.635,30.81,28.6890,25.9,1.635,30.81,4.03,-60,10.25,
2026-09-11T11:40:02,2,1.617,29.39,28.6970,25.9,1.631,30.48,4.04,-60,10.00,
2026-09-11T11:40:03,2,1.641,31.26,28.6930,25.9,1.642,31.32,4.02,-60,10.25,
2026-09-11T11:40:04,2,1.616,29.26,28.6930,25.9,1.633,30.61,4.05,-61,10.50,
2026-09-11T11:40:05,2,1.621,29.65,28.6900,25.9,1.638,31.07,4.03,-61,9.50,
2026-09-11T11:40:06,2,1.638,31.00,28.6860,25.9,1.639,31.13,4.02,-60,10.00,
2026-09-11T11:40:07,2,1.616,29.26,28.6800,25.9,1.636,30.87,4.04,-60,10.00,
2026-09-11T11:40:08,2,1.644,31.52,28.6720,25.9,1.639,31.13,4.01,-60,10.00,
2026-09-11T11:40:10,2,1.635,30.81,28.6700,25.9,1.637,30.94,4.03,-61,9.75,
2026-09-11T11:40:11,2,1.613,29.00,28.6700,25.9,1.634,30.74,4.05,-62,9.75,
2026-09-11T11:40:12,2,1.639,31.13,28.6650,25.9,1.641,31.26,4.01,-60,10.00,
2026-09-11T11:40:13,2,1.614,29.13,28.6650,25.9,1.640,31.19,4.05,-62,9.75,
2026-09-11T11:40:14,2,1.620,29.58,28.6620,25.9,1.637,30.94,4.03,-62,9.75,
2026-09-11T11:40:15,2,1.637,30.94,28.6650,25.9,1.639,31.13,4.02,-60,10.00,
2026-09-11T11:40:16,2,1.615,29.20,28.6700,25.9,1.634,30.74,4.04,-59,10.25,
2026-09-11T11:40:17,2,1.639,31.13,28.6630,25.9,1.641,31.26,4.01,-59,10.00,
2026-09-11T11:40:18,2,1.634,30.74,28.6610,25.9,1.636,30.87,4.03,-60,9.75,
2026-09-11T11:40:19,2,1.614,29.13,28.6600,25.9,1.633,30.68,4.04,-60,10.00,
2026-09-11T11:40:20,2,1.654,32.29,28.6580,25.9,1.642,31.32,4.02,-60,10.00,
2026-09-11T11:40:22,2,1.615,29.20,28.6520,25.9,1.633,30.61,4.05,-60,10.00,
2026-09-11T11:40:23,2,1.619,29.52,28.6590,25.9,1.640,31.19,4.03,-61,10.75,
2026-09-11T11:40:24,2,1.639,31.13,28.6530,25.9,1.639,31.13,4.02,-60,9.75,
2026-09-11T11:40:25,2,1.614,29.13,28.6570,25.9,1.633,30.68,4.05,-62,9.50,
2026-09-11T11:40:26,2,1.649,31.90,28.6610,25.9,1.642,31.32,4.01,-63,10.00,
2026-09-11T11:40:27,2,1.636,30.87,28.6650,25.9,1.637,30.94,4.03,-62,9.50,
2026-09-11T11:40:28,2,1.617,29.39,28.6690,25.9,1.634,30.74,4.04,-62,9.75,
2026-09-11T11:40:29,2,1.636,30.87,28.6690,25.9,1.640,31.19,4.01,-62,10.25,
2026-09-11T11:40:30,2,1.616,29.26,28.6770,25.9,1.635,30.81,4.05,-62,9.50,
2026-09-11T11:40:31,2,1.619,29.52,28.6740,25.9,1.638,31.00,4.03,-62,9.75,
2026-09-11T11:40:33,2,1.638,31.07,28.6820,25.9,1.638,31.07,4.01,-60,9.75,
2026-09-11T11:40:34,2,1.616,29.26,28.6920,25.9,1.633,30.61,4.04,-59,10.00,
2026-09-11T11:40:35,2,1.646,31.65,28.6910,25.9,1.640,31.19,4.01,-60,10.00,
2026-09-11T11:40:40,2,1.617,29.39,28.7030,25.9,1.639,31.13,4.02,-55,5.00,
2026-09-11T11:40:41,2,1.639,31.13,28.7110,25.9,1.641,31.26,4.02,-55,3.75,
2026-09-11T11:40:42,2,1.618,29.45,28.7200,25.9,1.633,30.61,4.04,-55,5.00,
2026-09-11T11:40:43,2,1.646,31.71,28.7180,25.9,1.641,31.26,4.01,-60,9.75,
2026-09-11T11:40:45,2,1.637,30.94,28.7310,25.9,1.634,30.74,4.03,-60,9.75,
2026-09-11T11:40:46,2,1.616,29.26,28.7220,25.9,1.632,30.55,4.04,-62,10.50,
2026-09-11T11:40:47,2,1.641,31.26,28.7280,25.9,1.643,31.45,4.01,-65,9.75,
2026-09-11T11:40:48,2,1.617,29.32,28.7300,25.9,1.633,30.61,4.04,-65,10.00,
2026-09-11T11:40:49,2,1.621,29.71,28.7280,25.9,1.638,31.00,4.02,-63,10.00,
2026-09-11T11:40:50,2,1.640,31.19,28.7240,25.9,1.642,31.39,4.02,-63,9.50,
2026-09-11T11:40:51,2,1.617,29.32,28.7260,25.9,1.633,30.68,4.04,-64,9.75,
2026-09-11T11:40:52,2,1.627,30.16,28.7290,25.9,1.638,31.07,4.03,-64,9.75,
2026-09-11T11:40:53,2,1.636,30.87,28.7350,25.9,1.637,30.94,4.03,-64,9.75,
2026-09-11T11:40:54,2,1.617,29.32,28.7280,25.9,1.635,30.81,4.04,-64,10.25,
2026-09-11T11:40:55,2,1.642,31.32,28.7170,25.9,1.638,31.07,4.01,-64,10.00,
2026-09-11T11:40:57,2,1.644,31.52,28.7210,25.9,1.638,31.00,4.03,-64,9.50,
2026-09-11T11:40:58,2,1.619,29.52,28.7190,25.9,1.640,31.19,4.03,-64,9.50,
2026-09-11T11:40:59,2,1.641,31.26,28.7140,25.9,1.640,31.19,4.02,-64,10.00,
2026-09-11T11:41:00,2,1.624,29.90,28.7170,25.9,1.633,30.61,4.04,-64,9.75,
2026-09-11T11:41:01,2,1.619,29.52,28.7220,25.9,1.638,31.00,4.03,-63,9.50,
2026-09-11T11:41:02,2,1.635,30.81,28.7180,25.9,1.633,30.68,4.03,-64,9.50,
2026-09-11T11:41:03,2,1.617,29.32,28.7080,25.9,1.631,30.48,4.04,-64,10.00,
2026-09-11T11:41:04,2,1.643,31.45,28.7090,25.9,1.642,31.32,4.01,-64,9.50,
2026-09-11T11:41:05,2,1.634,30.74,28.7030,25.9,1.638,31.00,4.03,-65,9.50,
2026-09-11T11:41:06,2,1.621,29.65,28.7110,25.9,1.638,31.00,4.03,-63,9.25,
2026-09-11T11:41:07,2,1.639,31.13,28.7050,25.9,1.641,31.26,4.01,-64,9.75,
2026-09-11T11:41:09,2,1.617,29.39,28.7000,25.9,1.635,30.81,4.05,-65,9.50,
2026-09-11T11:41:10,2,1.621,29.71,28.7010,25.9,1.638,31.07,4.03,-65,9.25,
2026-09-11T11:41:11,2,1.638,31.07,28.7030,25.9,1.637,30.94,4.03,-65,9.50,
2026-09-11T11:41:12,2,1.619,29.52,28.6980,25.9,1.633,30.68,4.04,-66,10.50,
2026-09-11T11:41:13,2,1.642,31.39,28.6920,25.9,1.643,31.45,4.01,-64,9.25,
2026-09-11T11:41:14,2,1.636,30.87,28.6990,25.9,1.637,30.94,4.03,-65,9.50,
2026-09-11T11:41:15,2,1.617,29.39,28.7080,25.9,1.636,30.87,4.04,-65,9.75,
2026-09-11T11:41:16,2,1.640,31.19,28.7100,25.9,1.643,31.45,4.01,-65,9.75,
2026-09-11T11:41:17,2,1.629,30.29,28.7180,25.9,1.633,30.68,4.04,-65,10.00,
2026-09-11T11:41:18,2,1.620,29.58,28.7130,25.9,1.640,31.19,4.03,-65,9.25,
2026-09-11T11:41:20,2,1.637,30.94,28.7090,25.9,1.638,31.00,4.01,-65,9.25,
2026-09-11T11:41:24,2,1.616,29.26,28.7110,25.9,1.634,30.74,4.05,-56,0.25,
2026-09-11T11:41:25,2,1.640,31.19,28.7130,25.9,1.640,31.19,4.01,-56,0.25,
2026-09-11T11:41:26,2,1.617,29.39,28.7120,25.9,1.632,30.55,4.04,-56,0.50,
2026-09-11T11:41:27,2,1.618,29.45,28.7160,25.9,1.639,31.13,4.03,-56,4.75,
2026-09-11T11:41:28,2,1.639,31.13,28.7150,25.9,1.641,31.26,4.01,-63,10.25,
2026-09-11T11:41:29,2,1.614,29.13,28.7120,25.9,1.635,30.81,4.04,-62,10.00,
2026-09-11T11:41:30,2,1.644,31.52,28.7170,25.9,1.641,31.26,4.01,-62,10.00,
2026-09-11T11:41:32,2,1.637,30.94,28.7170,25.9,1.639,31.13,4.03,-64,9.75,
2026-09-11T11:41:33,2,1.619,29.52,28.7180,25.9,1.633,30.68,4.04,-63,10.00,
2026-09-11T11:41:34,2,1.640,31.19,28.7140,25.9,1.642,31.39,4.02,-63,9.75,
2026-09-11T11:41:35,2,1.616,29.26,28.7130,25.9,1.633,30.61,4.04,-64,10.00,
2026-09-11T11:41:36,2,1.621,29.65,28.7070,25.9,1.638,31.00,4.02,-64,10.50,
2026-09-11T11:41:37,2,1.638,31.07,28.6980,25.9,1.641,31.26,4.02,-63,10.00,
2026-09-11T11:41:38,2,1.614,29.13,28.7070,25.9,1.633,30.68,4.04,-63,10.00,
2026-09-11T11:41:39,2,1.647,31.77,28.7070,25.9,1.642,31.32,4.01,-63,10.00,
2026-09-11T11:41:40,2,1.637,30.94,28.7090,25.9,1.638,31.00,4.03,-63,9.75,
2026-09-11T11:41:41,2,1.617,29.32,28.7070,25.9,1.633,30.61,4.04,-63,10.00,
2026-09-11T11:41:42,2,1.642,31.32,28.6970,25.9,1.641,31.26,4.01,-64,10.00,
2026-09-11T11:41:44,2,1.611,28.87,28.6960,25.9,1.635,30.81,4.04,-63,10.25,
2026-09-11T11:41:45,2,1.618,29.45,28.6990,25.9,1.641,31.26,4.03,-63,10.00,
2026-09-11T11:41:46,2,1.638,31.07,28.7000,25.9,1.640,31.19,4.02,-63,10.25,
2026-09-11T11:41:47,2,1.617,29.32,28.6990,25.9,1.634,30.74,4.04,-63,10.00,
2026-09-11T11:41:48,2,1.646,31.65,28.7000,25.9,1.642,31.32,4.01,-63,9.75,
2026-09-11T11:41:49,2,1.636,30.87,28.7110,25.9,1.638,31.00,4.02,-63,10.25,
2026-09-11T11:41:50,2,1.616,29.26,28.7030,25.9,1.633,30.68,4.04,-63,10.25,
2026-09-11T11:41:51,2,1.642,31.39,28.7030,25.9,1.640,31.19,4.01,-63,10.00,
2026-09-11T11:41:52,2,1.615,29.20,28.7010,25.9,1.631,30.48,4.04,-62,10.00,
2026-09-11T11:41:53,2,1.617,29.32,28.7000,25.9,1.638,31.00,4.03,-63,9.75,
2026-09-11T11:41:55,2,1.639,31.13,28.7020,25.9,1.638,31.07,4.02,-63,9.75,
2026-09-11T11:41:56,2,1.607,28.55,28.7080,25.9,1.639,31.13,4.04,-63,10.25,
2026-09-11T11:41:57,2,1.642,31.32,28.7010,25.9,1.642,31.32,4.03,-63,9.25,
2026-09-11T11:41:58,2,1.636,30.87,28.7050,25.9,1.637,30.94,4.03,-63,9.50,
2026-09-11T11:41:59,2,1.616,29.26,28.7010,25.9,1.633,30.68,4.04,-65,9.75,
2026-09-11T11:42:00,2,1.642,31.39,28.6940,25.9,1.639,31.13,4.02,-65,10.00,
2026-09-11T11:42:01,2,1.631,30.48,28.6910,25.9,1.635,30.81,4.03,-62,9.25,
2026-09-11T11:42:02,2,1.619,29.52,28.6950,25.9,1.641,31.26,4.02,-65,10.25,
2026-09-11T11:42:03,2,1.638,31.07,28.6870,25.9,1.642,31.32,4.02,-65,10.00,
2026-09-11T11:42:09,2,1.644,31.52,28.6760,25.9,1.633,30.61,4.01,-57,-1.50,
2026-09-11T11:42:10,2,1.638,31.00,28.6820,25.9,1.638,31.00,4.03,-56,-1.50,
2026-09-11T11:42:11,2,1.618,29.45,28.6830,25.9,1.640,31.19,4.02,-55,0.00,
2026-09-11T11:42:12,2,1.642,31.32,28.6840,25.9,1.641,31.26,4.01,-64,10.25,
2026-09-11T11:42:13,2,1.615,29.20,28.6880,25.9,1.633,30.61,4.04,-63,10.00,
2026-09-11T11:42:14,2,1.621,29.65,28.6860,25.9,1.633,30.68,4.03,-62,9.75,
2026-09-11T11:42:15,2,1.636,30.87,28.6880,25.9,1.638,31.00,4.03,-65,9.25,
2026-09-11T11:42:16,2,1.613,29.00,28.6830,25.9,1.633,30.61,4.04,-64,9.75,
2026-09-11T11:42:17,2,1.643,31.45,28.6780,25.9,1.643,31.45,4.01,-65,9.75,
2026-09-11T11:42:19,2,1.636,30.87,28.6880,25.9,1.636,30.87,4.03,-64,9.75,
2026-09-11T11:42:20,2,1.617,29.39,28.6890,25.9,1.639,31.13,4.02,-61,9.75,
2026-09-11T11:42:21,2,1.640,31.19,28.6950,25.9,1.640,31.19,4.01,-61,10.50,
2026-09-11T11:42:22,2,1.614,29.13,28.6910,25.9,1.638,31.07,4.04,-62,9.50,
2026-09-11T11:42:23,2,1.617,29.39,28.7020,25.9,1.637,30.94,4.03,-62,9.75,
2026-09-11T11:42:24,2,1.637,30.94,28.7000,25.9,1.634,30.74,4.03,-62,9.75,
2026-09-11T11:42:25,2,1.617,29.32,28.7000,25.9,1.634,30.74,4.04,-62,9.75,
2026-09-11T11:42:26,2,1.642,31.39,28.7030,25.9,1.638,31.07,4.01,-62,10.00,
2026-09-11T11:42:27,2,1.638,31.00,28.7050,25.9,1.633,30.68,4.03,-62,9.75,
2026-09-11T11:42:28,2,1.621,29.71,28.6960,25.9,1.638,31.00,4.02,-62,10.00,
2026-09-11T11:42:29,2,1.642,31.39,28.6810,25.9,1.639,31.13,4.01,-62,10.00,
2026-09-11T11:42:31,2,1.616,29.26,28.6810,25.9,1.629,30.36,4.04,-62,10.00,
2026-09-11T11:42:32,2,1.617,29.39,28.6780,25.9,1.635,30.81,4.03,-61,9.75,
2026-09-11T11:42:33,2,1.638,31.07,28.6680,25.9,1.638,31.00,4.03,-64,9.25,
2026-09-11T11:42:34,2,1.617,29.39,28.6720,25.9,1.636,30.87,4.04,-63,10.00,
2026-09-11T11:42:35,2,1.641,31.26,28.6720,25.9,1.641,31.26,4.01,-63,10.00,
2026-09-11T11:42:36,2,1.636,30.87,28.6760,25.9,1.638,31.00,4.03,-63,9.25,
2026-09-11T11:42:37,2,1.618,29.45,28.6770,25.9,1.640,31.19,4.02,-61,9.50,
2026-09-11T11:42:38,2,1.642,31.39,28.6820,25.9,1.640,31.19,4.01,-62,11.00,
2026-09-11T11:42:39,2,1.614,29.13,28.6760,25.9,1.636,30.87,4.04,-62,10.25,
2026-09-11T11:42:40,2,1.619,29.52,28.6790,25.9,1.632,30.55,4.03,-62,10.00,
2026-09-11T11:42:42,2,1.637,30.94,28.6800,25.9,1.634,30.74,4.03,-62,9.75,
2026-09-11T11:42:43,2,1.617,29.39,28.6780,25.9,1.633,30.68,4.04,-61,10.25,
2026-09-11T11:42:44,2,1.645,31.58,28.6810,25.9,1.640,31.19,4.01,-62,10.00,
2026-09-11T11:42:45,2,1.635,30.81,28.6850,25.9,1.636,30.87,4.03,-62,9.50,
2026-09-11T11:42:46,2,1.620,29.58,28.6860,25.9,1.641,31.26,4.02,-61,9.75,
2026-09-11T11:42:47,2,1.642,31.32,28.6820,25.9,1.641,31.26,4.01,-62,10.25,
2026-09-11T11:42:48,2,1.617,29.32,28.6900,25.9,1.635,30.81,4.05,-62,10.00,
2026-09-11T11:42:54,2,1.636,30.87,28.7110,25.9,1.634,30.74,4.03,-55,2.75,
2026-09-11T11:42:55,2,1.618,29.45,28.7150,25.9,1.639,31.13,4.03,-55,2.75,
2026-09-11T11:42:56,2,1.640,31.19,28.7120,25.9,1.639,31.13,4.01,-55,3.50,
2026-09-11T11:42:57,2,1.616,29.26,28.7150,25.9,1.636,30.87,4.04,-62,10.00,
2026-09-11T11:42:58,2,1.620,29.58,28.7160,25.9,1.637,30.94,4.02,-61,9.75,
2026-09-11T11:42:59,2,1.637,30.94,28.7140,25.9,1.636,30.87,4.03,-62,9.50,
2026-09-11T11:43:00,2,1.617,29.32,28.7130,25.9,1.633,30.61,4.04,-63,10.50,
2026-09-11T11:43:01,2,1.650,32.03,28.7110,25.9,1.640,31.19,4.01,-63,9.75,
2026-09-11T11:43:02,2,1.636,30.87,28.7200,25.9,1.637,30.94,4.03,-62,9.75,
2026-09-11T11:43:03,2,1.617,29.32,28.7170,25.9,1.642,31.39,4.04,-61,10.00,
2026-09-11T11:43:04,2,1.640,31.19,28.7110,25.9,1.643,31.45,4.01,-61,10.00,
2026-09-11T11:43:06,2,1.615,29.20,28.7120,25.9,1.633,30.61,4.04,-62,10.00,
2026-09-11T11:43:07,2,1.619,29.52,28.7110,25.9,1.637,30.94,4.02,-62,9.75,
2026-09-11T11:43:08,2,1.639,31.13,28.7160,25.9,1.638,31.07,4.02,-62,9.50,
2026-09-11T11:43:09,2,1.615,29.20,28.7130,25.9,1.634,30.74,4.04,-62,10.50,
2026-09-11T11:43:10,2,1.643,31.45,28.7090,25.9,1.639,31.13,4.00,-63,9.75,
2026-09-11T11:43:11,2,1.636,30.87,28.7070,25.9,1.634,30.74,4.03,-63,9.50,
2026-09-11T11:43:12,2,1.617,29.32,28.7040,25.9,1.633,30.61,4.04,-64,9.50,
2026-09-11T11:43:13,2,1.643,31.45,28.7070,25.9,1.639,31.13,4.01,-61,10.00,
2026-09-11T11:43:14,2,1.633,30.68,28.7040,25.9,1.636,30.87,4.03,-61,10.00,
2026-09-11T11:43:15,2,1.621,29.65,28.6970,25.9,1.637,30.94,4.03,-61,9.75,
2026-09-11T11:43:16,2,1.642,31.39,28.6830,25.9,1.639,31.13,4.02,-60,10.00,
2026-09-11T11:43:18,2,1.618,29.45,28.6770,25.9,1.634,30.74,4.04,-61,10.00,
2026-09-11T11:43:19,2,1.619,29.52,28.6750,25.9,1.635,30.81,4.03,-61,9.75,
2026-09-11T11:43:20,2,1.638,31.00,28.6730,25.9,1.638,31.07,4.03,-61,9.50,
2026-09-11T11:43:21,2,1.616,29.26,28.6750,25.9,1.633,30.68,4.04,-62,9.75,
2026-09-11T11:43:22,2,1.642,31.39,28.6700,25.9,1.641,31.26,4.01,-62,10.00,
2026-09-11T11:43:23,2,1.637,30.94,28.6650,25.9,1.632,30.55,4.03,-63,9.75,
2026-09-11T11:43:24,2,1.618,29.45,28.6660,25.9,1.638,31.00,4.02,-62,9.75,
2026-09-11T11:43:25,2,1.638,31.00,28.6630,25.9,1.639,31.13,4.00,-62,10.25,
2026-09-11T11:43:26,2,1.615,29.20,28.6590,25.9,1.633,30.61,4.04,-62,9.75,
2026-09-11T11:43:27,2,1.617,29.32,28.6490,25.9,1.637,30.94,4.03,-61,9.75,
2026-09-11T11:43:29,2,1.635,30.81,28.6430,25.9,1.636,30.87,4.03,-63,9.75,
2026-09-11T11:43:30,2,1.613,29.07,28.6430,25.9,1.635,30.81,4.04,-61,10.00,
2026-09-11T11:43:31,2,1.640,31.19,28.6420,25.9,1.640,31.19,4.01,-60,9.50,
2026-09-11T11:43:32,2,1.635,30.81,28.6410,25.9,1.637,30.94,4.03,-61,10.00,
2026-09-11T11:43:33,2,1.619,29.52,28.6370,25.9,1.639,31.13,4.03,-61,9.75,
2026-09-11T11:43:37,2,1.636,30.87,28.6490,25.9,1.635,30.81,4.03,-55,4.25,
2026-09-11T11:43:38,2,1.615,29.20,28.6530,25.9,1.632,30.55,4.04,-55,4.50,
2026-09-11T11:43:39,2,1.642,31.39,28.6510,25.9,1.639,31.13,4.01,-55,4.00,
2026-09-11T11:43:41,2,1.637,30.94,28.6590,25.9,1.638,31.07,4.03,-55,4.75,
2026-09-11T11:43:42,2,1.617,29.39,28.6590,25.9,1.638,31.07,4.03,-63,9.75,
2026-09-11T11:43:43,2,1.639,31.13,28.6600,25.9,1.640,31.19,4.01,-63,10.00,
2026-09-11T11:43:44,2,1.627,30.16,28.6570,25.9,1.634,30.74,4.04,-62,10.50,
2026-09-11T11:43:45,2,1.618,29.45,28.6620,25.9,1.638,31.07,4.03,-62,9.75,
2026-09-11T11:43:46,2,1.633,30.61,28.6590,25.9,1.638,31.00,4.03,-62,9.50,
2026-09-11T11:43:47,2,1.617,29.32,28.6670,25.9,1.632,30.55,4.04,-62,10.00,
2026-09-11T11:43:48,2,1.643,31.45,28.6650,25.9,1.639,31.13,4.01,-62,10.25,
2026-09-11T11:43:49,2,1.636,30.87,28.6660,25.9,1.638,31.00,4.03,-62,10.00,
2026-09-11T11:43:50,2,1.624,29.90,28.6710,25.9,1.637,30.94,4.03,-62,9.75,
2026-09-11T11:43:51,2,1.638,31.07,28.6640,25.9,1.641,31.26,4.01,-62,10.50,
2026-09-11T11:43:53,2,1.614,29.13,28.6700,25.9,1.637,30.94,4.04,-62,10.25,
2026-09-11T11:43:54,2,1.619,29.52,28.6720,25.9,1.634,30.74,4.03,-62,9.75,
2026-09-11T11:43:55,2,1.635,30.81,28.6640,25.9,1.635,30.81,4.03,-62,10.25,
2026-09-11T11:43:56,2,1.615,29.20,28.6700,25.9,1.634,30.74,4.04,-62,10.00,
2026-09-11T11:43:57,2,1.645,31.58,28.6720,25.9,1.640,31.19,4.01,-62,10.25,
2026-09-11T11:43:58,2,1.634,30.74,28.6740,25.9,1.637,30.94,4.03,-62,9.50,
2026-09-11T11:43:59,2,1.619,29.52,28.6760,25.9,1.637,30.94,4.03,-63,10.00,
2026-09-11T11:44:00,2,1.641,31.26,28.6720,25.9,1.638,31.07,4.01,-63,9.75,
2026-09-11T11:44:01,2,1.616,29.26,28.6640,25.9,1.633,30.68,4.04,-63,10.00,
2026-09-11T11:44:02,2,1.605,28.42,28.6580,25.9,1.636,30.87,4.02,-63,9.75,
2026-09-11T11:44:04,2,1.629,30.36,28.6640,25.9,1.635,30.81,4.03,-61,9.75,
2026-09-11T11:44:05,2,1.616,29.26,28.6650,25.9,1.631,30.48,4.04,-61,10.00,
2026-09-11T11:44:06,2,1.643,31.45,28.6730,25.9,1.646,31.65,4.01,-61,10.00,
2026-09-11T11:44:07,2,1.637,30.94,28.6690,25.9,1.636,30.87,4.03,-62,9.75,
2026-09-11T11:44:08,2,1.621,29.65,28.6700,25.9,1.640,31.19,4.02,-61,9.75,
2026-09-11T11:44:09,2,1.651,32.10,28.6670,25.9,1.638,31.07,4.01,-62,9.75,
2026-09-11T11:44:10,2,1.617,29.39,28.6750,25.9,1.633,30.68,4.04,-62,9.50,
2026-09-11T11:44:11,2,1.621,29.71,28.6770,25.9,1.640,31.19,4.03,-62,9.75,
2026-09-11T11:44:12,2,1.634,30.74,28.6730,25.9,1.635,30.81,4.02,-62,10.00,
2026-09-11T11:44:13,2,1.616,29.26,28.6740,25.9,1.632,30.55,4.04,-61,10.00,
2026-09-11T11:44:14,2,1.646,31.71,28.6690,25.9,1.640,31.19,4.01,-61,10.25,
2026-09-11T11:44:16,2,1.634,30.74,28.6680,25.9,1.633,30.68,4.02,-61,10.00,
2026-09-11T11:44:17,2,1.617,29.39,28.6700,25.9,1.639,31.13,4.03,-62,9.50,
2026-09-11T11:44:18,2,1.642,31.32,28.6640,25.9,1.638,31.07,4.01,-62,10.00,
2026-09-11T11:44:19,2,1.615,29.20,28.6680,25.9,1.633,30.68,4.03,-62,9.50,
2026-09-11T11:44:22,2,1.617,29.32,28.6830,25.9,1.631,30.48,4.04,-56,3.25,
2026-09-11T11:44:23,2,1.646,31.71,28.6740,25.9,1.642,31.32,4.01,-55,2.75,
2026-09-11T11:44:24,2,1.634,30.74,28.6770,25.9,1.635,30.81,4.03,-55,2.25,
2026-09-11T11:44:25,2,1.618,29.45,28.6750,25.9,1.638,31.00,4.03,-63,9.75,
2026-09-11T11:44:26,2,1.640,31.19,28.6800,25.9,1.640,31.19,4.01,-66,10.00,
2026-09-11T11:44:28,2,1.617,29.39,28.6870,25.9,1.633,30.68,4.04,-64,10.25,
2026-09-11T11:44:29,2,1.621,29.65,28.6870,25.9,1.634,30.74,4.03,-64,9.75,
2026-09-11T11:44:30,2,1.638,31.00,28.6740,25.9,1.635,30.81,4.03,-61,10.00,
2026-09-11T11:44:31,2,1.617,29.32,28.6850,25.9,1.634,30.74,4.04,-60,10.00,
2026-09-11T11:44:32,2,1.647,31.77,28.6920,25.9,1.642,31.32,4.01,-60,10.25,
2026-09-11T11:44:33,2,1.636,30.87,28.6800,25.9,1.634,30.74,4.02,-59,9.75,
2026-09-11T11:44:34,2,1.619,29.52,28.6890,25.9,1.635,30.81,4.03,-61,10.00,
2026-09-11T11:44:35,2,1.642,31.39,28.6800,25.9,1.642,31.32,4.01,-61,9.75,
2026-09-11T11:44:36,2,1.615,29.20,28.6740,25.9,1.634,30.74,4.04,-60,10.50,
2026-09-11T11:44:37,2,1.618,29.45,28.6700,25.9,1.632,30.55,4.03,-61,9.50,
2026-09-11T11:44:38,2,1.638,31.00,28.6670,25.9,1.635,30.81,4.03,-60,9.75,
2026-09-11T11:44:40,2,1.615,29.20,28.6720,25.9,1.632,30.55,4.04,-60,9.50,
2026-09-11T11:44:41,2,1.646,31.65,28.6740,25.9,1.641,31.26,4.01,-60,10.00,
2026-09-11T11:44:42,2,1.638,31.00,28.6640,25.9,1.635,30.81,4.02,-59,9.75,
2026-09-11T11:44:43,2,1.617,29.39,28.6700,25.9,1.637,30.94,4.02,-60,10.00,
2026-09-11T11:44:44,2,1.642,31.32,28.6670,25.9,1.638,31.00,4.01,-60,9.50,
2026-09-11T11:44:45,2,1.617,29.32,28.6610,25.9,1.635,30.81,4.02,-60,10.00,
2026-09-11T11:44:46,2,1.616,29.26,28.6640,25.9,1.638,31.07,4.02,-60,9.50,
2026-09-11T11:44:47,2,1.638,31.07,28.6610,25.9,1.634,30.74,4.03,-60,9.75,
2026-09-11T11:44:48,2,1.614,29.13,28.6640,25.9,1.633,30.68,4.04,-61,10.00,
2026-09-11T11:44:49,2,1.617,29.39,28.6650,25.9,1.638,31.00,4.02,-60,9.75,
2026-09-11T11:44:51,2,1.634,30.74,28.6580,25.9,1.636,30.87,4.03,-59,9.75,
2026-09-11T11:44:52,2,1.618,29.45,28.6540,25.9,1.639,31.13,4.02,-60,9.75,
2026-09-11T11:44:53,2,1.643,31.45,28.6650,25.9,1.638,31.07,4.01,-61,9.75,
2026-09-11T11:44:54,2,1.634,30.74,28.6660,25.9,1.636,30.87,4.03,-62,9.75,
2026-09-11T11:44:55,2,1.620,29.58,28.6690,25.9,1.637,30.94,4.03,-62,9.75,
2026-09-11T11:44:56,2,1.638,31.07,28.6730,25.9,1.638,31.00,4.02,-60,9.75,
2026-09-11T11:44:57,2,1.617,29.32,28.6730,25.9,1.634,30.74,4.04,-60,10.25,
2026-09-11T11:44:59,2,1.632,30.55,28.6820,25.9,1.638,31.00,4.03,-61,9.50,
2026-09-11T11:45:00,2,1.618,29.45,28.6730,25.9,1.638,31.07,4.02,-61,9.75,
2026-09-11T11:45:01,2,1.645,31.58,28.6770,25.9,1.638,31.00,4.01,-61,9.75,
2026-09-11T11:45:07,2,1.618,29.45,28.6730,25.9,1.637,30.94,4.02,-56,3.00,
2026-09-11T11:45:08,2,1.635,30.81,28.6710,25.9,1.636,30.87,4.03,-55,3.50,
2026-09-11T11:45:09,2,1.621,29.65,28.6730,25.9,1.637,30.94,4.02,-55,4.00,
2026-09-11T11:45:10,2,1.641,31.26,28.6760,25.9,1.642,31.32,4.01,-62,10.00,
2026-09-11T11:45:11,2,1.635,30.81,28.6730,25.9,1.634,30.74,4.03,-61,9.75,
2026-09-11T11:45:12,2,1.621,29.71,28.6750,25.9,1.638,31.00,4.03,-61,9.75,
2026-09-11T11:45:13,2,1.638,31.07,28.6580,25.9,1.634,30.74,4.02,-60,10.25,
2026-09-11T11:45:15,2,1.615,29.20,28.6610,25.9,1.633,30.61,4.04,-61,10.00,
2026-09-11T11:45:16,2,1.618,29.45,28.6710,25.9,1.636,30.87,4.03,-61,9.75,
2026-09-11T11:45:17,2,1.638,31.00,28.6810,25.9,1.634,30.74,4.03,-61,9.75,
2026-09-11T11:45:18,2,1.621,29.65,28.6780,25.9,1.638,31.07,4.02,-61,9.50,
2026-09-11T11:45:19,2,1.644,31.52,28.6730,25.9,1.640,31.19,4.01,-61,10.00,
2026-09-11T11:45:20,2,1.635,30.81,28.6760,25.9,1.636,30.87,4.02,-61,9.75,
2026-09-11T11:45:21,2,1.621,29.71,28.6760,25.9,1.638,31.00,4.02,-61,10.00,
2026-09-11T11:45:22,2,1.638,31.07,28.6760,25.9,1.635,30.81,4.03,-61,9.50,
2026-09-11T11:45:23,2,1.611,28.87,28.6870,25.9,1.633,30.68,4.04,-61,9.50,
2026-09-11T11:45:24,2,1.618,29.45,28.6890,25.9,1.630,30.42,4.03,-62,9.75,
2026-09-11T11:45:25,2,1.638,31.00,28.6920,25.9,1.636,30.87,4.03,-62,10.00,
2026-09-11T11:45:27,2,1.621,29.71,28.6960,25.9,1.638,31.07,4.02,-61,9.75,
2026-09-11T11:45:28,2,1.642,31.39,28.6850,25.9,1.641,31.26,4.01,-61,10.00,
2026-09-11T11:45:29,2,1.638,31.00,28.6880,25.9,1.638,31.00,4.03,-62,9.50,
2026-09-11T11:45:30,2,1.617,29.39,28.6890,25.9,1.636,30.87,4.03,-61,9.50,
2026-09-11T11:45:31,2,1.638,31.07,28.7000,25.9,1.633,30.68,4.02,-61,10.25,
2026-09-11T11:45:32,2,1.616,29.26,28.7010,25.9,1.634,30.74,4.04,-61,10.00,
2026-09-11T11:45:33,2,1.621,29.65,28.7090,25.9,1.638,31.00,4.03,-61,9.25,
2026-09-11T11:45:34,2,1.638,31.07,28.7070,25.9,1.635,30.81,4.02,-60,9.75,
2026-09-11T11:45:35,2,1.617,29.39,28.7050,25.9,1.638,31.07,4.02,-61,10.00,
2026-09-11T11:45:36,2,1.645,31.58,28.7020,25.9,1.642,31.39,4.01,-61,9.75,
2026-09-11T11:45:38,2,1.637,30.94,28.6980,25.9,1.634,30.74,4.02,-61,10.25,
2026-09-11T11:45:39,2,1.621,29.71,28.6970,25.9,1.625,30.03,4.03,-61,9.50,
2026-09-11T11:45:40,2,1.638,31.07,28.7000,25.9,1.637,30.94,4.03,-61,9.75,
2026-09-11T11:45:41,2,1.615,29.20,28.6920,25.9,1.634,30.74,4.04,-61,9.75,
2026-09-11T11:45:42,2,1.617,29.39,28.6930,25.9,1.636,30.87,4.03,-61,9.75,
2026-09-11T11:45:43,2,1.637,30.94,28.6910,25.9,1.634,30.74,4.01,-62,10.00,
2026-09-11T11:45:44,2,1.620,29.58,28.6970,25.9,1.642,31.39,4.03,-64,9.50,
2026-09-11T11:45:45,2,1.643,31.45,28.6860,25.9,1.641,31.26,4.01,-65,9.75,
2026-09-11T11:45:46,2,1.637,30.94,28.6890,25.9,1.637,30.94,4.03,-65,10.00,
2026-09-11T11:45:52,2,1.627,30.16,28.6730,25.9,1.635,30.81,4.03,-56,-0.75,
2026-09-11T11:45:53,2,1.618,29.45,28.6710,25.9,1.632,30.55,4.02,-57,-0.75,
2026-09-11T11:45:54,2,1.643,31.45,28.6760,25.9,1.640,31.19,4.01,-58,2.50,
2026-09-11T11:45:55,2,1.635,30.81,28.6770,25.9,1.635,30.81,4.03,-65,9.50,
2026-09-11T11:45:56,2,1.619,29.52,28.6700,25.9,1.637,30.94,4.02,-66,10.00,
2026-09-11T11:45:57,2,1.638,31.07,28.6670,25.9,1.635,30.81,4.02,-65,9.75,
2026-09-11T11:45:58,2,1.616,29.26,28.6700,25.9,1.633,30.61,4.04,-66,10.00,
2026-09-11T11:45:59,2,1.621,29.71,28.6730,25.9,1.638,31.00,4.02,-66,9.50,
2026-09-11T11:46:00,2,1.638,31.00,28.6820,25.9,1.635,30.81,4.03,-65,9.75,
2026-09-11T11:46:02,2,1.620,29.58,28.6800,25.9,1.638,31.00,4.03,-66,9.75,
2026-09-11T11:46:03,2,1.644,31.52,28.6810,25.9,1.641,31.26,4.01,-66,10.00,
2026-09-11T11:46:04,2,1.637,30.94,28.6750,25.9,1.634,30.74,4.03,-66,9.75,
2026-09-11T11:46:05,2,1.614,29.13,28.6850,25.9,1.637,30.94,4.02,-66,9.75,
2026-09-11T11:46:06,2,1.645,31.58,28.6830,25.9,1.636,30.87,4.02,-66,9.75,
2026-09-11T11:46:07,2,1.616,29.26,28.6850,25.9,1.633,30.68,4.04,-66,10.25,
2026-09-11T11:46:08,2,1.618,29.45,28.6860,25.9,1.639,31.13,4.03,-63,9.50,
2026-09-11T11:46:09,2,1.636,30.87,28.6860,25.9,1.636,30.87,4.03,-63,10.25,
2026-09-11T11:46:10,2,1.621,29.65,28.6840,25.9,1.633,30.68,4.04,-60,10.25,
2026-09-11T11:46:11,2,1.646,31.71,28.6760,25.9,1.642,31.32,4.01,-60,10.00,
2026-09-11T11:46:13,2,1.634,30.74,28.6760,25.9,1.646,31.71,4.02,-60,9.75,
2026-09-11T11:46:14,2,1.619,29.52,28.6740,25.9,1.639,31.13,4.03,-60,9.50,
2026-09-11T11:46:15,2,1.652,32.16,28.6700,25.9,1.641,31.26,4.01,-60,9.75,
2026-09-11T11:46:16,2,1.616,29.26,28.6690,25.9,1.636,30.87,4.04,-60,10.00,
2026-09-11T11:46:17,2,1.617,29.32,28.6680,25.9,1.638,31.00,4.03,-60,9.25,
2026-09-11T11:46:18,2,1.640,31.19,28.6720,25.9,1.637,30.94,4.02,-60,10.25,
2026-09-11T11:46:19,2,1.616,29.26,28.6760,25.9,1.629,30.36,4.04,-60,10.25,
2026-09-11T11:46:20,2,1.644,31.52,28.6680,25.9,1.641,31.26,4.01,-60,11.00,
2026-09-11T11:46:21,2,1.633,30.68,28.6680,25.9,1.634,30.74,4.03,-60,10.00,
2026-09-11T11:46:22,2,1.619,29.52,28.6750,25.9,1.641,31.26,4.03,-60,9.50,
2026-09-11T11:46:23,2,1.642,31.32,28.6830,25.9,1.641,31.26,4.01,-61,10.25,
2026-09-11T11:46:25,2,1.620,29.58,28.6750,25.9,1.636,30.87,4.04,-60,10.50,
2026-09-11T11:46:26,2,1.619,29.52,28.6710,25.9,1.638,31.07,4.03,-60,9.50,
2026-09-11T11:46:27,2,1.640,31.19,28.6670,25.9,1.636,30.87,4.02,-60,10.00,
2026-09-11T11:46:28,2,1.612,28.94,28.6630,25.9,1.636,30.87,4.04,-60,10.50,
2026-09-11T11:46:29,2,1.617,29.39,28.6690,25.9,1.642,31.32,4.03,-60,9.50,
2026-09-11T11:46:30,2,1.636,30.87,28.6630,25.9,1.637,30.94,4.03,-60,9.75,
2026-09-11T11:46:31,2,1.616,29.26,28.6590,25.9,1.639,31.13,4.03,-60,9.75,
2026-09-11T11:46:35,2,1.638,31.00,28.6650,25.9,1.636,30.87,4.03,-54,3.25,
2026-09-11T11:46:37,2,1.616,29.26,28.6640,25.9,1.636,30.87,4.04,-54,2.75,
2026-09-11T11:46:38,2,1.618,29.45,28.6550,25.9,1.637,30.94,4.02,-56,1.00,
2026-09-11T11:46:39,2,1.635,30.81,28.6560,25.9,1.635,30.81,4.03,-62,9.75,
2026-09-11T11:46:40,2,1.618,29.45,28.6670,25.9,1.638,31.00,4.03,-62,9.50,
2026-09-11T11:46:41,2,1.642,31.32,28.6650,25.9,1.642,31.32,4.01,-61,10.25,
2026-09-11T11:46:42,2,1.637,30.94,28.6530,25.9,1.633,30.68,4.03,-60,9.50,
2026-09-11T11:46:43,2,1.618,29.45,28.6460,25.9,1.646,31.71,4.03,-60,9.25,
2026-09-11T11:46:44,2,1.638,31.07,28.6440,25.9,1.638,31.00,4.03,-61,9.75,
2026-09-11T11:46:45,2,1.614,29.13,28.6490,25.9,1.633,30.68,4.04,-61,10.00,
2026-09-11T11:46:46,2,1.619,29.52,28.6490,25.9,1.637,30.94,4.03,-61,9.75,
2026-09-11T11:46:47,2,1.636,30.87,28.6520,25.9,1.638,31.07,4.02,-61,10.00,
2026-09-11T11:46:49,2,1.620,29.58,28.6470,25.9,1.638,31.00,4.02,-61,9.50,
2026-09-11T11:46:50,2,1.643,31.45,28.6490,25.9,1.639,31.13,4.01,-61,10.00,
2026-09-11T11:46:51,2,1.636,30.87,28.6570,25.9,1.638,31.00,4.03,-61,9.50,
2026-09-11T11:46:52,2,1.619,29.52,28.6630,25.9,1.640,31.19,4.02,-60,10.00,
2026-09-11T11:46:53,2,1.633,30.68,28.6620,25.9,1.636,30.87,4.03,-60,9.75,
2026-09-11T11:46:54,2,1.617,29.32,28.6630,25.9,1.633,30.68,4.04,-61,9.75,
2026-09-11T11:46:55,2,1.618,29.45,28.6640,25.9,1.637,30.94,4.03,-61,9.75,
2026-09-11T11:46:56,2,1.633,30.68,28.6640,25.9,1.638,31.00,4.02,-61,12.75,
2026-09-11T11:46:57,2,1.618,29.45,28.6650,25.9,1.639,31.13,4.02,-59,10.25,
2026-09-11T11:46:58,2,1.643,31.45,28.6690,25.9,1.641,31.26,4.01,-61,10.00,
2026-09-11T11:47:00,2,1.638,31.07,28.6590,25.9,1.637,30.94,4.03,-61,9.50,
2026-09-11T11:47:01,2,1.618,29.45,28.6570,25.9,1.637,30.94,4.02,-61,10.00,
2026-09-11T11:47:02,2,1.638,31.00,28.6660,25.9,1.638,31.00,4.03,-61,9.50,
2026-09-11T11:47:03,2,1.616,29.26,28.6650,25.9,1.633,30.68,4.04,-61,10.25,
2026-09-11T11:47:04,2,1.617,29.39,28.6620,25.9,1.637,30.94,4.02,-60,10.00,
2026-09-11T11:47:05,2,1.634,30.74,28.6560,25.9,1.635,30.81,4.03,-60,9.75,
2026-09-11T11:47:06,2,1.630,30.42,28.6540,25.9,1.639,31.13,4.02,-60,10.25,
2026-09-11T11:47:07,2,1.642,31.39,28.6570,25.9,1.640,31.19,4.01,-61,9.50,
2026-09-11T11:47:08,2,1.636,30.87,28.6540,25.9,1.636,30.87,4.02,-60,10.25,
2026-09-11T11:47:09,2,1.620,29.58,28.6550,25.9,1.636,30.87,4.03,-60,9.50,
2026-09-11T11:47:10,2,1.636,30.87,28.6620,25.9,1.634,30.74,4.03,-60,9.75,
2026-09-11T11:47:12,2,1.617,29.32,28.6610,25.9,1.638,31.07,4.04,-61,10.00,
2026-09-11T11:47:13,2,1.617,29.32,28.6650,25.9,1.638,31.00,4.03,-61,9.25,
2026-09-11T11:47:14,2,1.638,31.00,28.6640,25.9,1.637,30.94,4.02,-61,10.25,
2026-09-11T11:47:15,2,1.618,29.45,28.6650,25.9,1.637,30.94,4.02,-61,9.75,
2026-09-11T11:47:20,2,1.614,29.13,28.6510,25.9,1.633,30.61,4.04,-55,2.25,
2026-09-11T11:47:21,2,1.619,29.52,28.6470,25.9,1.640,31.19,4.02,-54,2.75,
2026-09-11T11:47:22,2,1.635,30.81,28.6420,25.9,1.634,30.74,4.03,-54,3.75,
2026-09-11T11:47:24,2,1.618,29.45,28.6450,25.9,1.640,31.19,4.02,-60,9.25,
2026-09-11T11:47:25,2,1.645,31.58,28.6460,25.9,1.642,31.32,4.01,-60,10.00,
2026-09-11T11:47:26,2,1.633,30.68,28.6500,25.9,1.637,30.94,4.03,-60,9.50,
2026-09-11T11:47:27,2,1.619,29.52,28.6590,25.9,1.637,30.94,4.03,-60,9.75,
2026-09-11T11:47:28,2,1.639,31.13,28.6650,25.9,1.635,30.81,4.02,-61,9.75,
2026-09-11T11:47:29,2,1.615,29.20,28.6660,25.9,1.633,30.61,4.04,-61,10.00,
2026-09-11T11:47:30,2,1.617,29.39,28.6590,25.9,1.636,30.87,4.03,-62,9.50,
2026-09-11T11:47:31,2,1.638,31.00,28.6670,25.9,1.638,31.00,4.03,-61,9.50,
2026-09-11T11:47:32,2,1.621,29.65,28.6610,25.9,1.639,31.13,4.02,-60,9.75,
2026-09-11T11:47:33,2,1.636,30.87,28.6540,25.9,1.639,31.13,4.03,-59,9.75,
2026-09-11T11:47:34,2,1.635,30.81,28.6610,25.9,1.636,30.87,4.02,-60,10.00,
2026-09-11T11:47:36,2,1.622,29.78,28.6620,25.9,1.637,30.94,4.02,-61,10.25,
2026-09-11T11:47:37,2,1.640,31.19,28.6710,25.9,1.638,31.07,4.02,-61,10.50,
2026-09-11T11:47:38,2,1.636,30.87,28.6730,25.9,1.634,30.74,4.02,-61,9.75,
2026-09-11T11:47:39,2,1.619,29.52,28.6720,25.9,1.637,30.94,4.02,-61,10.25,
2026-09-11T11:47:40,2,1.638,31.07,28.6770,25.9,1.638,31.00,4.03,-61,9.75,
2026-09-11T11:47:41,2,1.619,29.52,28.6810,25.9,1.638,31.00,4.02,-61,10.00,
2026-09-11T11:47:42,2,1.617,29.39,28.6860,25.9,1.637,30.94,4.03,-61,9.50,
2026-09-11T11:47:43,2,1.635,30.81,28.6890,25.9,1.634,30.74,4.02,-61,9.75,
2026-09-11T11:47:44,2,1.618,29.45,28.6840,25.9,1.640,31.19,4.03,-62,9.50,
2026-09-11T11:47:45,2,1.638,31.00,28.6860,25.9,1.638,31.07,4.02,-61,9.75,
2026-09-11T11:47:47,2,1.633,30.61,28.6740,25.9,1.637,30.94,4.02,-61,10.00,
2026-09-11T11:47:48,2,1.619,29.52,28.6630,25.9,1.636,30.87,4.02,-61,10.00,
2026-09-11T11:47:49,2,1.638,31.00,28.6630,25.9,1.638,31.00,4.02,-61,10.00,
2026-09-11T11:47:50,2,1.620,29.58,28.6680,25.9,1.640,31.19,4.02,-61,10.25,
2026-09-11T11:47:51,2,1.631,30.48,28.6620,25.9,1.636,30.87,4.03,-61,9.50,
2026-09-11T11:47:52,2,1.637,30.94,28.6690,25.9,1.633,30.68,4.02,-61,10.00,
2026-09-11T11:47:53,2,1.619,29.52,28.6680,25.9,1.637,30.94,4.02,-61,9.50,
2026-09-11T11:47:54,2,1.641,31.26,28.6640,25.9,1.638,31.00,4.02,-61,10.00,
2026-09-11T11:47:55,2,1.636,30.87,28.6610,25.9,1.635,30.81,4.02,-61,9.75,
2026-09-11T11:47:56,2,1.623,29.84,28.6690,25.9,1.639,31.13,4.03,-61,9.50,
2026-09-11T11:47:57,2,1.639,31.13,28.6600,25.9,1.640,31.19,4.03,-61,9.75,
2026-09-11T11:47:59,2,1.618,29.45,28.6630,25.9,1.638,31.00,4.04,-61,9.75,
2026-09-11T11:48:00,2,1.617,29.32,28.6600,25.9,1.637,30.94,4.03,-61,9.50,
2026-09-11T11:48:04,2,1.636,30.87,28.6520,25.9,1.636,30.87,4.02,-55,3.50,
2026-09-11T11:48:05,2,1.618,29.45,28.6600,25.9,1.639,31.13,4.02,-55,3.25,
2026-09-11T11:48:06,2,1.636,30.87,28.6580,25.9,1.642,31.32,4.02,-55,3.25,
2026-09-11T11:48:07,2,1.616,29.26,28.6620,25.9,1.635,30.81,4.04,-56,5.25,
2026-09-11T11:48:08,2,1.621,29.65,28.6660,25.9,1.637,30.94,4.03,-62,10.00,
2026-09-11T11:48:09,2,1.636,30.87,28.6720,25.9,1.637,30.94,4.02,-62,10.00,
2026-09-11T11:48:11,2,1.619,29.52,28.6670,25.9,1.629,30.29,4.02,-61,9.75,
2026-09-11T11:48:12,2,1.644,31.52,28.6670,25.9,1.641,31.26,4.01,-61,9.75,
2026-09-11T11:48:13,2,1.637,30.94,28.6700,25.9,1.637,30.94,4.02,-61,9.75,
2026-09-11T11:48:14,2,1.617,29.39,28.6700,25.9,1.637,30.94,4.02,-60,9.50,
2026-09-11T11:48:15,2,1.629,30.29,28.6610,25.9,1.636,30.87,4.03,-61,9.50,
2026-09-11T11:48:16,2,1.616,29.26,28.6590,25.9,1.634,30.74,4.04,-62,10.50,
2026-09-11T11:48:17,2,1.619,29.52,28.6560,25.9,1.639,31.13,4.02,-61,10.00,
2026-09-11T11:48:18,2,1.638,31.00,28.6600,25.9,1.636,30.87,4.02,-61,9.75,
2026-09-11T11:48:19,2,1.620,29.58,28.6540,25.9,1.638,31.00,4.02,-61,9.75,
2026-09-11T11:48:20,2,1.642,31.39,28.6560,25.9,1.642,31.32,4.01,-62,9.75,
2026-09-11T11:48:22,2,1.638,31.07,28.6610,25.9,1.639,31.13,4.03,-62,9.75,
2026-09-11T11:48:23,2,1.621,29.65,28.6620,25.9,1.637,30.94,4.02,-62,10.00,
2026-09-11T11:48:24,2,1.638,31.00,28.6660,25.9,1.637,30.94,4.02,-63,10.00,
2026-09-11T11:48:25,2,1.617,29.32,28.6620,25.9,1.630,30.42,4.04,-63,10.25,
2026-09-11T11:48:26,2,1.618,29.45,28.6610,25.9,1.637,30.94,4.02,-63,10.00,
2026-09-11T11:48:27,2,1.636,30.87,28.6660,25.9,1.636,30.87,4.03,-62,9.50,
2026-09-11T11:48:28,2,1.617,29.39,28.6720,25.9,1.637,30.94,4.02,-61,10.00,
2026-09-11T11:48:29,2,1.646,31.65,28.6680,25.9,1.639,31.13,4.01,-61,10.00,
2026-09-11T11:48:30,2,1.636,30.87,28.6630,25.9,1.638,31.07,4.03,-61,9.25,
2026-09-11T11:48:31,2,1.617,29.39,28.6670,25.9,1.637,30.94,4.02,-61,10.75,
2026-09-11T11:48:32,2,1.627,30.16,28.6760,25.9,1.637,30.94,4.02,-61,10.00,
2026-09-11T11:48:34,2,1.614,29.13,28.6790,25.9,1.634,30.74,4.04,-61,10.50,
2026-09-11T11:48:35,2,1.620,29.58,28.6860,25.9,1.637,30.94,4.03,-62,9.50,
2026-09-11T11:48:36,2,1.639,31.13,28.6750,25.9,1.638,31.07,4.03,-62,9.75,
2026-09-11T11:48:37,2,1.621,29.71,28.6840,25.9,1.638,31.00,4.02,-62,10.00,
2026-09-11T11:48:38,2,1.647,31.77,28.6850,25.9,1.642,31.32,4.01,-61,10.25,
2026-09-11T11:48:39,2,1.636,30.87,28.6930,25.9,1.638,31.00,4.03,-62,9.75,
2026-09-11T11:48:40,2,1.617,29.32,28.6960,25.9,1.638,31.00,4.02,-61,10.00,
2026-09-11T11:48:41,2,1.640,31.19,28.6980,25.9,1.637,30.94,4.03,-62,12.75,
2026-09-11T11:48:42,2,1.616,29.26,28.7050,25.9,1.634,30.74,4.04,-61,9.75,
2026-09-11T11:48:43,2,1.617,29.39,28.7000,25.9,1.634,30.74,4.03,-62,9.75,
2026-09-11T11:48:44,2,1.636,30.87,28.6970,25.9,1.636,30.87,4.02,-61,10.00,
2026-09-11T11:48:49,2,1.619,29.52,28.6950,25.9,1.639,31.13,4.02,-55,2.00,
2026-09-11T11:48:50,2,1.638,31.07,28.7020,25.9,1.635,30.81,4.02,-55,2.00,
2026-09-11T11:48:51,2,1.616,29.26,28.7070,25.9,1.634,30.74,4.04,-55,2.75,
2026-09-11T11:48:52,2,1.620,29.58,28.7060,25.9,1.638,31.07,4.03,-61,9.75,
2026-09-11T11:48:53,2,1.638,31.00,28.7010,25.9,1.636,30.87,4.03,-61,9.75,
2026-09-11T11:48:54,2,1.618,29.45,28.7010,25.9,1.638,31.00,4.02,-61,9.75,
2026-09-11T11:48:55,2,1.647,31.77,28.6990,25.9,1.638,31.07,4.01,-61,9.75,
2026-09-11T11:48:56,2,1.638,31.07,28.7010,25.9,1.632,30.55,4.03,-61,9.25,
2026-09-11T11:48:58,2,1.619,29.52,28.6920,25.9,1.638,31.00,4.02,-61,12.50,
2026-09-11T11:48:59,2,1.639,31.13,28.6920,25.9,1.638,31.00,4.02,-61,9.75,
2026-09-11T11:49:00,2,1.616,29.26,28.6870,25.9,1.635,30.81,4.04,-61,10.25,
2026-09-11T11:49:01,2,1.619,29.52,28.6920,25.9,1.638,31.00,4.03,-61,9.50,
2026-09-11T11:49:02,2,1.642,31.39,28.6870,25.9,1.636,30.87,4.02,-61,9.75,
2026-09-11T11:49:03,2,1.618,29.45,28.6880,25.9,1.638,31.07,4.02,-61,9.50,
2026-09-11T11:49:04,2,1.645,31.58,28.6880,25.9,1.641,31.26,4.01,-61,10.00,
2026-09-11T11:49:05,2,1.636,30.87,28.6820,25.9,1.634,30.74,4.02,-61,9.75,
2026-09-11T11:49:06,2,1.618,29.45,28.6830,25.9,1.637,30.94,4.02,-63,10.25,
2026-09-11T11:49:07,2,1.638,31.00,28.6830,25.9,1.637,30.94,4.02,-63,9.75,
2026-09-11T11:49:09,2,1.617,29.32,28.6750,25.9,1.632,30.55,4.03,-63,9.75,
2026-09-11T11:49:10,2,1.619,29.52,28.6750,25.9,1.638,31.07,4.03,-63,9.50,
2026-09-11T11:49:11,2,1.637,30.94,28.6700,25.9,1.636,30.87,4.03,-63,10.00,
2026-09-11T11:49:12,2,1.618,29.45,28.6670,25.9,1.638,31.07,4.02,-62,10.00,
2026-09-11T11:49:13,2,1.643,31.45,28.6620,25.9,1.641,31.26,4.01,-63,9.75,
2026-09-11T11:49:14,2,1.638,31.00,28.6620,25.9,1.639,31.13,4.02,-61,10.25,
2026-09-11T11:49:15,2,1.621,29.65,28.6600,25.9,1.637,30.94,4.02,-61,10.00,
2026-09-11T11:49:16,2,1.640,31.19,28.6630,25.9,1.637,30.94,4.02,-61,9.75,
2026-09-11T11:49:17,2,1.617,29.39,28.6660,25.9,1.634,30.74,4.02,-61,10.50,
2026-09-11T11:49:18,2,1.615,29.20,28.6740,25.9,1.637,30.94,4.02,-61,10.00,
2026-09-11T11:49:19,2,1.638,31.00,28.6740,25.9,1.637,30.94,4.03,-61,9.50,
2026-09-11T11:49:21,2,1.631,30.48,28.6750,25.9,1.636,30.87,4.02,-61,10.50,
2026-09-11T11:49:22,2,1.617,29.39,28.6700,25.9,1.635,30.81,4.03,-61,9.75,
2026-09-11T11:49:23,2,1.637,30.94,28.6750,25.9,1.636,30.87,4.03,-61,10.00,
2026-09-11T11:49:24,2,1.615,29.20,28.6740,25.9,1.633,30.68,4.02,-61,9.75,
2026-09-11T11:49:26,2,1.635,30.81,28.6810,25.9,1.635,30.81,4.03,-61,9.75,
2026-09-11T11:49:27,2,1.613,29.07,28.6800,25.9,1.636,30.87,4.02,-61,10.00,
2026-09-11T11:49:28,2,1.638,31.07,28.6800,25.9,1.638,31.00,4.03,-62,9.50,
2026-09-11T11:49:34,2,1.641,31.26,28.6950,25.9,1.632,30.55,4.02,-54,2.00,
2026-09-11T11:49:35,2,1.635,30.81,28.6970,25.9,1.636,30.87,4.02,-55,2.25,
2026-09-11T11:49:36,2,1.620,29.58,28.6880,25.9,1.635,30.81,4.02,-55,3.25,
2026-09-11T11:49:37,2,1.637,30.94,28.6880,25.9,1.638,31.00,4.03,-61,9.50,
2026-09-11T11:49:38,2,1.621,29.71,28.6840,25.9,1.638,31.00,4.02,-61,9.75,
2026-09-11T11:49:39,2,1.619,29.52,28.6790,25.9,1.637,30.94,4.02,-61,9.75,
2026-09-11T11:49:40,2,1.638,31.00,28.6790,25.9,1.636,30.87,4.03,-61,9.75,
2026-09-11T11:49:41,2,1.619,29.52,28.6820,25.9,1.635,30.81,4.02,-61,10.25,
2026-09-11T11:49:42,2,1.641,31.26,28.6800,25.9,1.637,30.94,4.02,-61,10.00,
2026-09-11T11:49:43,2,1.634,30.74,28.6760,25.9,1.633,30.68,4.03,-61,9.50,
2026-09-11T11:49:45,2,1.620,29.58,28.6770,25.9,1.636,30.87,4.02,-61,10.25,
2026-09-11T11:49:46,2,1.637,30.94,28.6730,25.9,1.635,30.81,4.02,-61,10.00,
2026-09-11T11:49:47,2,1.620,29.58,28.6720,25.9,1.639,31.13,4.02,-61,9.75,
2026-09-11T11:49:48,2,1.619,29.52,28.6690,25.9,1.636,30.87,4.02,-61,10.00,
2026-09-11T11:49:49,2,1.637,30.94,28.6680,25.9,1.638,31.00,4.02,-61,10.00,
2026-09-11T11:49:50,2,1.619,29.52,28.6670,25.9,1.639,31.13,4.02,-61,9.75,
2026-09-11T11:49:51,2,1.640,31.19,28.6580,25.9,1.637,30.94,4.02,-61,9.75,
2026-09-11T11:49:52,2,1.637,30.94,28.6620,25.9,1.635,30.81,4.02,-62,10.25,
2026-09-11T11:49:53,2,1.621,29.71,28.6730,25.9,1.638,31.07,4.02,-61,10.00,
2026-09-11T11:49:54,2,1.637,30.94,28.6690,25.9,1.637,30.94,4.02,-61,9.75,
2026-09-11T11:49:56,2,1.619,29.52,28.6720,25.9,1.640,31.19,4.02,-61,10.00,
2026-09-11T11:49:57,2,1.618,29.45,28.6730,25.9,1.633,30.61,4.03,-61,9.25,
2026-09-11T11:49:58,2,1.637,30.94,28.6780,25.9,1.637,30.94,4.03,-61,9.75,
2026-09-11T11:49:59,2,1.617,29.32,28.6830,25.9,1.638,31.00,4.02,-61,9.50,
2026-09-11T11:50:00,2,1.641,31.26,28.6840,25.9,1.635,30.81,4.02,-61,9.75,
2026-09-11T11:50:01,2,1.633,30.68,28.6770,25.9,1.638,31.00,4.02,-61,9.75,
2026-09-11T11:50:02,2,1.619,29.52,28.6750,25.9,1.637,30.94,4.03,-61,9.75,
2026-09-11T11:50:03,2,1.638,31.00,28.6750,25.9,1.638,31.00,4.03,-61,9.50,
2026-09-11T11:50:04,2,1.618,29.45,28.6830,25.9,1.638,31.00,4.02,-61,10.50,
2026-09-11T11:50:05,2,1.618,29.45,28.6800,25.9,1.635,30.81,4.02,-61,9.75,
2026-09-11T11:50:06,2,1.636,30.87,28.6780,25.9,1.635,30.81,4.03,-61,9.75,
2026-09-11T11:50:08,2,1.619,29.52,28.6930,25.9,1.639,31.13,4.02,-61,9.75,
2026-09-11T11:50:09,2,1.642,31.32,28.6930,25.9,1.636,30.87,4.02,-62,10.25,
2026-09-11T11:50:10,2,1.633,30.68,28.6900,25.9,1.636,30.87,4.03,-63,9.75,
2026-09-11T11:50:11,2,1.618,29.45,28.6940,25.9,1.638,31.00,4.03,-62,9.75,
2026-09-11T11:50:12,2,1.640,31.19,28.6900,25.9,1.637,30.94,4.02,-62,9.75,
2026-09-11T11:50:13,2,1.619,29.52,28.6800,25.9,1.639,31.13,4.02,-61,10.00,
2026-09-11T11:50:17,2,1.642,31.39,28.6670,25.9,1.637,30.94,4.02,-55,2.75,
2026-09-11T11:50:18,2,1.637,30.94,28.6690,25.9,1.638,31.07,4.02,-55,2.25,
2026-09-11T11:50:20,2,1.617,29.32,28.6600,25.9,1.638,31.07,4.02,-55,2.25,
2026-09-11T11:50:21,2,1.636,30.87,28.6570,25.9,1.637,30.94,4.02,-56,4.25,
2026-09-11T11:50:22,2,1.619,29.52,28.6540,25.9,1.637,30.94,4.02,-61,9.75,
2026-09-11T11:50:23,2,1.620,29.58,28.6560,25.9,1.638,31.00,4.03,-62,9.50,
2026-09-11T11:50:24,2,1.638,31.00,28.6500,25.9,1.633,30.68,4.02,-61,10.00,
2026-09-11T11:50:25,2,1.617,29.39,28.6550,25.9,1.636,30.87,4.02,-61,10.00,
2026-09-11T11:50:26,2,1.638,31.07,28.6530,25.9,1.637,30.94,4.02,-62,10.00,
2026-09-11T11:50:27,2,1.634,30.74,28.6540,25.9,1.635,30.81,4.02,-63,10.25,
2026-09-11T11:50:28,2,1.619,29.52,28.6380,25.9,1.634,30.74,4.03,-62,9.75,
2026-09-11T11:50:29,2,1.637,30.94,28.6300,25.9,1.633,30.68,4.02,-63,10.00,
2026-09-11T11:50:31,2,1.620,29.58,28.6270,25.9,1.639,31.13,4.02,-61,10.00,
2026-09-11T11:50:32,2,1.618,29.45,28.6320,25.9,1.636,30.87,4.02,-61,10.00,
2026-09-11T11:50:33,2,1.635,30.81,28.6320,25.9,1.636,30.87,4.02,-61,10.25,
2026-09-11T11:50:34,2,1.617,29.39,28.6410,25.9,1.637,30.94,4.02,-61,10.25,
2026-09-11T11:50:35,2,1.642,31.32,28.6370,25.9,1.638,31.00,4.02,-61,10.25,
2026-09-11T11:50:36,2,1.637,30.94,28.6410,25.9,1.637,30.94,4.02,-61,10.00,
2026-09-11T11:50:37,2,1.618,29.45,28.6450,25.9,1.638,31.07,4.03,-62,9.75,
2026-09-11T11:50:38,2,1.638,31.00,28.6490,25.9,1.637,30.94,4.02,-62,10.00,
2026-09-11T11:50:39,2,1.616,29.26,28.6490,25.9,1.638,31.00,4.03,-62,9.25,
2026-09-11T11:50:40,2,1.619,29.52,28.6570,25.9,1.638,31.00,4.01,-61,9.75,
2026-09-11T11:50:41,2,1.638,31.00,28.6710,25.9,1.638,31.00,4.03,-62,9.75,
2026-09-11T11:50:43,2,1.619,29.52,28.6740,25.9,1.638,31.00,4.02,-61,10.00,
2026-09-11T11:50:44,2,1.641,31.26,28.6780,25.9,1.638,31.00,4.02,-62,10.00,
2026-09-11T11:50:45,2,1.634,30.74,28.6800,25.9,1.637,30.94,4.02,-62,9.75,
2026-09-11T11:50:46,2,1.619,29.52,28.6780,25.9,1.636,30.87,4.02,-61,10.00,
2026-09-11T11:50:47,2,1.638,31.07,28.6750,25.9,1.636,30.87,4.02,-62,10.25,
2026-09-11T11:50:48,2,1.616,29.26,28.6810,25.9,1.637,30.94,4.04,-62,10.00,
2026-09-11T11:50:49,2,1.620,29.58,28.6850,25.9,1.635,30.81,4.02,-62,9.75,
2026-09-11T11:50:50,2,1.638,31.07,28.6830,25.9,1.633,30.68,4.02,-62,9.50,
2026-09-11T11:50:51,2,1.621,29.65,28.6830,25.9,1.646,31.65,4.02,-62,10.25,
2026-09-11T11:50:52,2,1.645,31.58,28.6710,25.9,1.640,31.19,4.01,-62,10.50,
2026-09-11T11:50:53,2,1.636,30.87,28.6760,25.9,1.637,30.94,4.03,-62,9.50,
2026-09-11T11:50:55,2,1.617,29.39,28.6820,25.9,1.638,31.00,4.02,-61,9.75,
2026-09-11T11:50:56,2,1.639,31.13,28.6920,25.9,1.638,31.07,4.03,-62,9.50,
2026-09-11T11:50:57,2,1.618,29.45,28.6970,25.9,1.632,30.55,4.04,-61,10.00,
2026-09-11T11:50:58,2,1.618,29.45,28.6910,25.9,1.637,30.94,4.03,-62,9.75,
2026-09-11T11:51:02,2,1.633,30.68,28.6710,25.9,1.636,30.87,4.02,-55,2.00,
2026-09-11T11:51:03,2,1.617,29.32,28.6680,25.9,1.643,31.45,4.03,-55,2.00,
2026-09-11T11:51:04,2,1.641,31.26,28.6570,25.9,1.634,30.74,4.02,-55,2.50,
2026-09-11T11:51:05,2,1.615,29.20,28.6580,25.9,1.633,30.61,4.04,-56,10.00,
2026-09-11T11:51:07,2,1.618,29.45,28.6670,25.9,1.635,30.81,4.03,-62,9.50,
2026-09-11T11:51:08,2,1.635,30.81,28.6640,25.9,1.637,30.94,4.03,-62,9.50,
2026-09-11T11:51:09,2,1.618,29.45,28.6660,25.9,1.638,31.00,4.02,-62,10.25,
2026-09-11T11:51:10,2,1.633,30.61,28.6610,25.9,1.639,31.13,4.03,-63,9.50,
2026-09-11T11:51:11,2,1.639,31.13,28.6560,25.9,1.641,31.26,4.02,-60,10.25,
2026-09-11T11:51:12,2,1.620,29.58,28.6610,25.9,1.638,31.00,4.03,-62,10.00,
2026-09-11T11:51:13,2,1.638,31.00,28.6590,25.9,1.638,31.00,4.02,-61,9.75,
2026-09-11T11:51:14,2,1.637,30.94,28.6550,25.9,1.637,30.94,4.02,-62,10.25,
2026-09-11T11:51:15,2,1.618,29.45,28.6540,25.9,1.638,31.07,4.02,-61,10.00,
2026-09-11T11:51:16,2,1.635,30.81,28.6440,25.9,1.636,30.87,4.02,-61,10.00,
2026-09-11T11:51:18,2,1.616,29.26,28.6420,25.9,1.639,31.13,4.02,-61,10.00,
2026-09-11T11:51:19,2,1.617,29.39,28.6440,25.9,1.636,30.87,4.02,-62,10.00,
2026-09-11T11:51:20,2,1.635,30.81,28.6540,25.9,1.638,31.00,4.02,-61,9.75,
2026-09-11T11:51:21,2,1.617,29.39,28.6510,25.9,1.638,31.00,4.02,-62,10.00,
2026-09-11T11:51:22,2,1.638,31.07,28.6610,25.9,1.638,31.07,4.02,-61,10.00,
2026-09-11T11:51:23,2,1.633,30.68,28.6630,25.9,1.637,30.94,4.02,-61,10.25,
2026-09-11T11:51:24,2,1.617,29.39,28.6680,25.9,1.639,31.13,4.02,-61,9.75,
2026-09-11T11:51:25,2,1.632,30.55,28.6620,25.9,1.639,31.13,4.02,-61,9.75,
2026-09-11T11:51:26,2,1.618,29.45,28.6650,25.9,1.637,30.94,4.02,-61,9.50,
2026-09-11T11:51:27,2,1.618,29.45,28.6550,25.9,1.638,31.07,4.02,-61,10.00,
2026-09-11T11:51:28,2,1.641,31.26,28.6570,25.9,1.635,30.81,4.03,-61,9.75,
2026-09-11T11:51:30,2,1.619,29.52,28.6610,25.9,1.638,31.07,4.02,-61,10.00,
2026-09-11T11:51:31,2,1.639,31.13,28.6680,25.9,1.638,31.07,4.02,-61,10.00,
2026-09-11T11:51:32,2,1.632,30.55,28.6680,25.9,1.637,30.94,4.02,-61,9.75,
2026-09-11T11:51:33,2,1.617,29.39,28.6590,25.9,1.637,30.94,4.02,-61,9.75,
2026-09-11T11:51:34,2,1.637,30.94,28.6590,25.9,1.636,30.87,4.02,-60,10.00,
2026-09-11T11:51:35,2,1.619,29.52,28.6550,25.9,1.638,31.07,4.02,-60,10.00,
2026-09-11T11:51:36,2,1.618,29.45,28.6560,25.9,1.638,31.00,4.02,-61,10.00,
2026-09-11T11:51:37,2,1.636,30.87,28.6550,25.9,1.638,31.00,4.02,-61,10.00,
2026-09-11T11:51:39,2,1.642,31.32,28.6520,25.9,1.639,31.13,4.02,-61,10.00,
2026-09-11T11:51:40,2,1.629,30.29,28.6510,25.9,1.635,30.81,4.03,-61,9.75,
2026-09-11T11:51:42,2,1.617,29.39,28.6440,25.9,1.637,30.94,4.03,-62,9.50,
2026-09-11T11:51:47,2,1.621,29.65,28.6420,25.9,1.638,31.00,4.02,-55,3.00,
2026-09-11T11:51:48,2,1.641,31.26,28.6340,25.9,1.635,30.81,4.02,-55,2.50,
2026-09-11T11:51:49,2,1.635,30.81,28.6430,25.9,1.637,30.94,4.02,-55,3.25,
2026-09-11T11:51:50,2,1.619,29.52,28.6420,25.9,1.641,31.26,4.03,-62,9.75,
2026-09-11T11:51:51,2,1.638,31.07,28.6380,25.9,1.638,31.00,4.02,-61,10.00,
2026-09-11T11:51:52,2,1.619,29.52,28.6460,25.9,1.638,31.07,4.02,-62,10.25,
2026-09-11T11:51:54,2,1.618,29.45,28.6500,25.9,1.635,30.81,4.02,-62,10.25,
2026-09-11T11:51:55,2,1.634,30.74,28.6580,25.9,1.638,31.00,4.02,-63,9.75,
2026-09-11T11:51:56,2,1.621,29.65,28.6570,25.9,1.638,31.00,4.03,-62,9.50,
2026-09-11T11:51:57,2,1.657,32.55,28.6570,25.9,1.638,31.07,4.02,-61,10.00,
2026-09-11T11:51:58,2,1.638,31.00,28.6660,25.9,1.638,31.07,4.03,-62,9.50,
2026-09-11T11:51:59,2,1.617,29.39,28.6660,25.9,1.638,31.00,4.03,-62,9.75,
2026-09-11T11:52:00,2,1.639,31.13,28.6690,25.9,1.637,30.94,4.02,-61,9.50,
2026-09-11T11:52:01,2,1.619,29.52,28.6800,25.9,1.638,31.07,4.02,-61,9.75,
2026-09-11T11:52:03,2,1.638,31.00,28.6860,25.9,1.638,31.07,4.02,-61,10.00,
2026-09-11T11:52:05,2,1.620,29.58,28.6810,25.9,1.638,31.07,4.02,-61,10.25,
2026-09-11T11:52:06,2,1.642,31.32,28.6740,25.9,1.637,30.94,4.01,-60,9.75,
2026-09-11T11:52:07,2,1.638,31.00,28.6790,25.9,1.636,30.87,4.02,-61,9.75,
2026-09-11T11:52:08,2,1.619,29.52,28.6850,25.9,1.633,30.61,4.02,-62,10.00,
2026-09-11T11:52:09,2,1.640,31.19,28.6830,25.9,1.638,31.00,4.02,-62,9.75,
2026-09-11T11:52:10,2,1.617,29.39,28.6790,25.9,1.633,30.68,4.04,-63,10.25,
2026-09-11T11:52:11,2,1.619,29.52,28.6840,25.9,1.634,30.74,4.03,-61,9.25,
2026-09-11T11:52:12,2,1.638,31.07,28.6830,25.9,1.636,30.87,4.02,-61,10.25,
2026-09-11T11:52:13,2,1.616,29.26,28.6810,25.9,1.642,31.32,4.02,-61,10.00,
2026-09-11T11:52:14,2,1.642,31.32,28.6740,25.9,1.642,31.32,4.01,-61,10.50,
2026-09-11T11:52:15,2,1.639,31.13,28.6630,25.9,1.637,30.94,4.03,-61,10.00,
2026-09-11T11:52:17,2,1.618,29.45,28.6610,25.9,1.638,31.07,4.02,-61,9.75,
2026-09-11T11:52:18,2,1.639,31.13,28.6530,25.9,1.633,30.68,4.02,-61,10.00,
2026-09-11T11:52:19,2,1.610,28.81,28.6430,25.9,1.634,30.74,4.03,-62,9.50,
2026-09-11T11:52:20,2,1.618,29.45,28.6380,25.9,1.638,31.00,4.02,-61,9.75,
2026-09-11T11:52:21,2,1.638,31.07,28.6310,25.9,1.636,30.87,4.01,-61,10.00,
2026-09-11T11:52:22,2,1.619,29.52,28.6330,25.9,1.641,31.26,4.02,-61,10.75,
2026-09-11T11:52:23,2,1.616,29.26,28.6290,25.9,1.635,30.81,4.02,-61,10.00,
2026-09-11T11:52:24,2,1.635,30.81,28.6280,25.9,1.638,31.07,4.02,-61,10.25,
2026-09-11T11:52:25,2,1.617,29.39,28.6410,25.9,1.635,30.81,4.02,-62,10.50,
2026-09-11T11:52:26,2,1.638,31.07,28.6500,25.9,1.637,30.94,4.02,-62,9.50,
2026-09-11T11:52:32,2,1.618,29.45,28.6460,25.9,1.637,30.94,4.03,-56,2.25,
2026-09-11T11:52:33,2,1.636,30.87,28.6460,25.9,1.638,31.00,4.03,-55,2.50,
2026-09-11T11:52:34,2,1.618,29.45,28.6520,25.9,1.638,31.07,4.02,-55,4.50,
2026-09-11T11:52:35,2,1.641,31.26,28.6490,25.9,1.638,31.00,4.02,-61,9.75,
2026-09-11T11:52:36,2,1.638,31.00,28.6630,25.9,1.637,30.94,4.03,-62,9.75,
2026-09-11T11:52:37,2,1.619,29.52,28.6690,25.9,1.636,30.87,4.02,-61,10.00,
2026-09-11T11:52:38,2,1.638,31.07,28.6780,25.9,1.639,31.13,4.03,-61,9.75,
2026-09-11T11:52:40,2,1.619,29.52,28.6760,25.9,1.638,31.00,4.02,-61,9.75,
2026-09-11T11:52:41,2,1.620,29.58,28.6810,25.9,1.636,30.87,4.03,-62,9.50,
2026-09-11T11:52:42,2,1.634,30.74,28.6740,25.9,1.634,30.74,4.03,-62,9.50,
2026-09-11T11:52:43,2,1.619,29.52,28.6840,25.9,1.638,31.00,4.02,-62,9.75,
2026-09-11T11:52:44,2,1.639,31.13,28.6790,25.9,1.640,31.19,4.02,-61,10.50,
2026-09-11T11:52:45,2,1.636,30.87,28.6710,25.9,1.637,30.94,4.02,-61,10.25,
2026-09-11T11:52:46,2,1.619,29.52,28.6750,25.9,1.637,30.94,4.02,-61,9.50,
2026-09-11T11:52:47,2,1.639,31.13,28.6730,25.9,1.636,30.87,4.02,-61,9.75,
2026-09-11T11:52:48,2,1.617,29.39,28.6680,25.9,1.636,30.87,4.02,-61,10.00,
2026-09-11T11:52:49,2,1.614,29.13,28.6710,25.9,1.637,30.94,4.02,-61,9.75,
2026-09-11T11:52:50,2,1.636,30.87,28.6730,25.9,1.637,30.94,4.02,-61,9.75,
2026-09-11T11:52:52,2,1.617,29.32,28.6780,25.9,1.638,31.00,4.01,-61,10.00,
2026-09-11T11:52:53,2,1.639,31.13,28.6840,25.9,1.637,30.94,4.02,-61,10.00,
2026-09-11T11:52:54,2,1.638,31.00,28.6800,25.9,1.637,30.94,4.02,-62,10.25,
2026-09-11T11:52:55,2,1.619,29.52,28.6810,25.9,1.638,31.00,4.02,-63,9.75,
2026-09-11T11:52:56,2,1.639,31.13,28.6740,25.9,1.638,31.00,4.03,-62,9.50,
2026-09-11T11:52:57,2,1.620,29.58,28.6700,25.9,1.638,31.00,4.02,-63,10.25,
2026-09-11T11:52:58,2,1.618,29.45,28.6700,25.9,1.638,31.07,4.02,-61,9.75,
2026-09-11T11:52:59,2,1.635,30.81,28.6690,25.9,1.635,30.81,4.02,-62,9.75,
2026-09-11T11:53:00,2,1.620,29.58,28.6720,25.9,1.639,31.13,4.02,-59,10.00,
2026-09-11T11:53:01,2,1.641,31.26,28.6630,25.9,1.638,31.07,4.02,-61,10.00,
2026-09-11T11:53:02,2,1.634,30.74,28.6620,25.9,1.638,31.00,4.02,-61,10.00,
2026-09-11T11:53:04,2,1.619,29.52,28.6640,25.9,1.633,30.68,4.03,-61,9.50,
2026-09-11T11:53:05,2,1.639,31.13,28.6690,25.9,1.635,30.81,4.02,-61,10.25,
2026-09-11T11:53:06,2,1.623,29.84,28.6630,25.9,1.639,31.13,4.02,-61,9.75,
2026-09-11T11:53:07,2,1.618,29.45,28.6720,25.9,1.637,30.94,4.02,-61,10.25,
2026-09-11T11:53:08,2,1.637,30.94,28.6770,25.9,1.636,30.87,4.02,-63,10.00,
2026-09-11T11:53:09,2,1.619,29.52,28.6720,25.9,1.636,30.87,4.02,-64,10.25,
2026-09-11T11:53:10,2,1.642,31.32,28.6650,25.9,1.637,30.94,4.02,-62,10.00,
2026-09-11T11:53:11,2,1.638,31.00,28.6680,25.9,1.636,30.87,4.02,-61,9.75,
2026-09-11T11:53:16,2,1.625,30.03,28.6930,25.9,1.635,30.81,4.02,-55,2.25,
2026-09-11T11:53:17,2,1.637,30.94,28.6840,25.9,1.636,30.87,4.02,-55,2.00,
2026-09-11T11:53:18,2,1.619,29.52,28.6960,25.9,1.637,30.94,4.02,-54,2.25,
2026-09-11T11:53:19,2,1.642,31.32,28.7010,25.9,1.638,31.00,4.02,-57,10.00,
2026-09-11T11:53:20,2,1.634,30.74,28.7030,25.9,1.637,30.94,4.02,-62,9.75,
2026-09-11T11:53:21,2,1.621,29.65,28.7100,25.9,1.636,30.87,4.02,-62,10.00,
2026-09-11T11:53:22,2,1.639,31.13,28.7130,25.9,1.636,30.87,4.03,-62,9.50,
2026-09-11T11:53:23,2,1.619,29.52,28.7070,25.9,1.637,30.94,4.01,-62,10.00,
2026-09-11T11:53:24,2,1.621,29.65,28.7130,25.9,1.639,31.13,4.02,-61,10.00,
2026-09-11T11:53:25,2,1.639,31.13,28.7090,25.9,1.636,30.87,4.02,-61,10.25,
2026-09-11T11:53:27,2,1.617,29.32,28.6990,25.9,1.639,31.13,4.02,-62,10.00,
2026-09-11T11:53:28,2,1.644,31.52,28.7000,25.9,1.639,31.13,4.02,-61,10.00,
2026-09-11T11:53:30,2,1.617,29.39,28.7080,25.9,1.635,30.81,4.02,-61,10.00,
2026-09-11T11:53:31,2,1.638,31.00,28.7170,25.9,1.637,30.94,4.02,-62,9.75,
2026-09-11T11:53:32,2,1.618,29.45,28.7110,25.9,1.638,31.07,4.02,-61,9.75,
2026-09-11T11:53:33,2,1.617,29.39,28.7090,25.9,1.644,31.52,4.03,-62,9.50,
2026-09-11T11:53:34,2,1.636,30.87,28.7120,25.9,1.635,30.81,4.02,-61,10.00,
2026-09-11T11:53:35,2,1.621,29.65,28.7050,25.9,1.638,31.00,4.02,-61,9.75,
2026-09-11T11:53:36,2,1.645,31.58,28.6870,25.9,1.639,31.13,4.02,-62,10.50,
2026-09-11T11:53:37,2,1.637,30.94,28.6840,25.9,1.638,31.00,4.02,-63,10.25,
2026-09-11T11:53:40,2,1.642,31.32,28.6800,25.9,1.636,30.87,4.02,-60,10.00,
2026-09-11T11:53:41,2,1.617,29.39,28.6730,25.9,1.638,31.07,4.02,-61,9.75,
2026-09-11T11:53:42,2,1.619,29.52,28.6680,25.9,1.635,30.81,4.02,-61,10.00,
2026-09-11T11:53:43,2,1.636,30.87,28.6690,25.9,1.635,30.81,4.02,-60,10.25,
2026-09-11T11:53:44,2,1.630,30.42,28.6610,25.9,1.640,31.19,4.02,-61,10.00,
2026-09-11T11:53:45,2,1.634,30.74,28.6640,25.9,1.638,31.00,4.03,-61,9.25,
2026-09-11T11:53:46,2,1.636,30.87,28.6610,25.9,1.635,30.81,4.02,-61,10.00,
2026-09-11T11:53:47,2,1.617,29.39,28.6610,25.9,1.637,30.94,4.02,-61,10.00,
2026-09-11T11:53:48,2,1.639,31.13,28.6550,25.9,1.636,30.87,4.02,-63,10.00,
2026-09-11T11:53:49,2,1.635,30.81,28.6550,25.9,1.635,30.81,4.02,-63,9.75,
2026-09-11T11:53:51,2,1.617,29.39,28.6470,25.9,1.637,30.94,4.02,-64,10.25,
2026-09-11T11:53:52,2,1.638,31.00,28.6500,25.9,1.639,31.13,4.02,-62,10.00,
2026-09-11T11:53:53,2,1.619,29.52,28.6560,25.9,1.637,30.94,4.02,-60,9.25,
2026-09-11T11:53:54,2,1.617,29.32,28.6460,25.9,1.634,30.74,4.02,-60,10.00,
2026-09-11T11:53:55,2,1.625,30.03,28.6410,25.9,1.636,30.87,4.02,-59,10.25,
2026-09-11T11:54:00,2,1.636,30.87,28.6650,25.9,1.635,30.81,4.02,-55,3.00,
2026-09-11T11:54:01,2,1.621,29.65,28.6670,25.9,1.638,31.00,4.02,-55,1.75,
2026-09-11T11:54:03,2,1.619,29.52,28.6650,25.9,1.635,30.81,4.03,-56,2.25,
2026-09-11T11:54:04,2,1.637,30.94,28.6730,25.9,1.636,30.87,4.02,-63,10.00,
2026-09-11T11:54:05,2,1.618,29.45,28.6700,25.9,1.638,31.00,4.02,-61,9.50,
2026-09-11T11:54:06,2,1.642,31.39,28.6700,25.9,1.637,30.94,4.02,-61,10.25,
2026-09-11T11:54:07,2,1.635,30.81,28.6780,25.9,1.646,31.71,4.02,-61,10.25,
2026-09-11T11:54:08,2,1.618,29.45,28.6780,25.9,1.636,30.87,4.02,-61,10.50,
2026-09-11T11:54:09,2,1.642,31.32,28.6820,25.9,1.639,31.13,4.02,-61,10.00,
2026-09-11T11:54:10,2,1.619,29.52,28.6800,25.9,1.635,30.81,4.02,-61,10.25,
2026-09-11T11:54:11,2,1.619,29.52,28.6790,25.9,1.636,30.87,4.02,-61,10.00,
2026-09-11T11:54:12,2,1.636,30.87,28.6750,25.9,1.633,30.61,4.02,-61,10.00,
2026-09-11T11:54:14,2,1.617,29.39,28.6720,25.9,1.639,31.13,4.02,-61,9.50,
2026-09-11T11:54:15,2,1.644,31.52,28.6760,25.9,1.638,31.07,4.02,-61,12.50,
2026-09-11T11:54:16,2,1.638,31.00,28.6770,25.9,1.638,31.07,4.02,-61,10.00,
2026-09-11T11:54:17,2,1.621,29.71,28.6740,25.9,1.638,31.00,4.02,-60,10.00,
2026-09-11T11:54:18,2,1.638,31.00,28.6690,25.9,1.636,30.87,4.02,-60,10.00,
2026-09-11T11:54:19,2,1.617,29.39,28.6690,25.9,1.638,31.07,4.02,-62,9.50,
2026-09-11T11:54:20,2,1.621,29.71,28.6680,25.9,1.633,30.68,4.02,-62,9.75,
2026-09-11T11:54:21,2,1.633,30.68,28.6660,25.9,1.644,31.52,4.02,-63,9.75,
2026-09-11T11:54:22,2,1.618,29.45,28.6720,25.9,1.638,31.07,4.02,-62,10.50,
2026-09-11T11:54:23,2,1.643,31.45,28.6670,25.9,1.639,31.13,4.02,-62,9.75,
2026-09-11T11:54:24,2,1.645,31.58,28.6650,25.9,1.637,30.94,4.03,-61,9.50,
2026-09-11T11:54:26,2,1.617,29.32,28.6670,25.9,1.638,31.00,4.02,-61,9.75,
2026-09-11T11:54:27,2,1.636,30.87,28.6620,25.9,1.627,30.16,4.02,-60,10.25,
2026-09-11T11:54:28,2,1.620,29.58,28.6630,25.9,1.640,31.19,4.02,-60,9.75,
2026-09-11T11:54:29,2,1.616,29.26,28.6600,25.9,1.636,30.87,4.02,-61,10.50,
2026-09-11T11:54:30,2,1.637,30.94,28.6590,25.9,1.639,31.13,4.02,-61,9.75,
2026-09-11T11:54:31,2,1.620,29.58,28.6620,25.9,1.638,31.00,4.02,-62,9.50,
2026-09-11T11:54:32,2,1.645,31.58,28.6560,25.9,1.636,30.87,4.02,-62,10.25,
2026-09-11T11:54:33,2,1.637,30.94,28.6640,25.9,1.638,31.00,4.02,-61,9.75,
2026-09-11T11:54:34,2,1.619,29.52,28.6760,25.9,1.638,31.00,4.02,-61,9.75,
2026-09-11T11:54:35,2,1.637,30.94,28.6860,25.9,1.638,31.00,4.02,-61,9.75,
2026-09-11T11:54:36,2,1.621,29.65,28.6920,25.9,1.638,31.00,4.02,-61,10.00,
2026-09-11T11:54:38,2,1.620,29.58,28.6940,25.9,1.638,31.07,4.03,-61,9.50,
2026-09-11T11:54:39,2,1.638,31.00,28.6960,25.9,1.637,30.94,4.02,-61,9.75,
2026-09-11T11:54:40,2,1.619,29.52,28.6960,25.9,1.638,31.00,4.02,-61,10.00,
2026-09-11T11:54:45,2,1.620,29.58,28.7100,25.9,1.636,30.87,4.02,-55,2.75,
2026-09-11T11:54:46,2,1.618,29.45,28.7070,25.9,1.638,31.07,4.02,-55,2.25,
2026-09-11T11:54:47,2,1.638,31.07,28.7030,25.9,1.637,30.94,4.02,-56,4.75,
2026-09-11T11:54:48,2,1.621,29.71,28.7010,25.9,1.637,30.94,4.02,-60,10.00,
2026-09-11T11:54:50,2,1.640,31.19,28.6980,25.9,1.637,30.94,4.02,-59,9.75,
2026-09-11T11:54:51,2,1.635,30.81,28.7010,25.9,1.639,31.13,4.02,-61,9.75,
2026-09-11T11:54:52,2,1.619,29.52,28.7050,25.9,1.637,30.94,4.02,-61,10.25,
2026-09-11T11:54:53,2,1.642,31.39,28.7060,25.9,1.638,31.07,4.02,-61,10.00,
2026-09-11T11:54:54,2,1.621,29.65,28.6950,25.9,1.648,31.84,4.00,-61,9.25,
2026-09-11T11:54:55,2,1.618,29.45,28.6950,25.9,1.637,30.94,4.02,-61,9.75,
2026-09-11T11:54:56,2,1.634,30.74,28.6950,25.9,1.634,30.74,4.02,-61,10.00,
2026-09-11T11:54:57,2,1.619,29.52,28.6850,25.9,1.636,30.87,4.02,-61,9.75,
2026-09-11T11:54:58,2,1.617,29.32,28.6810,25.9,1.635,30.81,4.03,-62,9.75,
2026-09-11T11:54:59,2,1.634,30.74,28.6790,25.9,1.636,30.87,4.02,-61,10.25,
2026-09-11T11:55:01,2,1.618,29.45,28.6820,25.9,1.639,31.13,4.02,-61,10.00,
2026-09-11T11:55:02,2,1.640,31.19,28.6790,25.9,1.636,30.87,4.02,-62,11.00,
2026-09-11T11:55:03,2,1.637,30.94,28.6840,25.9,1.641,31.26,4.00,-63,9.75,
2026-09-11T11:55:04,2,1.619,29.52,28.6860,25.9,1.635,30.81,4.02,-61,9.75,
2026-09-11T11:55:05,2,1.641,31.26,28.6890,25.9,1.634,30.74,4.02,-61,9.75,
2026-09-11T11:55:06,2,1.620,29.58,28.6860,25.9,1.638,31.07,4.01,-61,10.00,
2026-09-11T11:55:07,2,1.616,29.26,28.6880,25.9,1.633,30.61,4.04,-61,10.25,
2026-09-11T11:55:08,2,1.637,30.94,28.6960,25.9,1.638,31.07,4.02,-61,9.75,
2026-09-11T11:55:09,2,1.618,29.45,28.7030,25.9,1.638,31.07,4.02,-61,10.00,
2026-09-11T11:55:10,2,1.638,31.00,28.7060,25.9,1.637,30.94,4.02,-62,10.00,
2026-09-11T11:55:11,2,1.642,31.39,28.6980,25.9,1.641,31.26,4.01,-61,10.00,
2026-09-11T11:55:14,2,1.640,31.19,28.7000,25.9,1.637,30.94,4.02,-63,10.25,
2026-09-11T11:55:15,2,1.618,29.45,28.6920,25.9,1.650,31.97,4.02,-63,10.00,
2026-09-11T11:55:16,2,1.615,29.20,28.6970,25.9,1.634,30.74,4.03,-63,10.25,
2026-09-11T11:55:17,2,1.638,31.07,28.6980,25.9,1.637,30.94,4.02,-63,9.75,
2026-09-11T11:55:18,2,1.619,29.52,28.6920,25.9,1.637,30.94,4.02,-64,10.00,
2026-09-11T11:55:19,2,1.635,30.81,28.6950,25.9,1.639,31.13,4.01,-64,10.00,
2026-09-11T11:55:20,2,1.636,30.87,28.7000,25.9,1.638,31.07,4.03,-64,9.75,
2026-09-11T11:55:21,2,1.619,29.52,28.7000,25.9,1.638,31.00,4.03,-64,9.75,
2026-09-11T11:55:22,2,1.642,31.32,28.6950,25.9,1.636,30.87,4.02,-63,10.50,
2026-09-11T11:55:23,2,1.620,29.58,28.6930,25.9,1.638,31.00,4.02,-64,10.00,
2026-09-11T11:55:25,2,1.620,29.58,28.6880,25.9,1.638,31.07,4.02,-63,10.25,
2026-09-11T11:55:29,2,1.638,31.00,28.6820,25.9,1.637,30.94,4.02,-55,3.25,
2026-09-11T11:55:30,2,1.619,29.52,28.6820,25.9,1.636,30.87,4.02,-55,3.50,
2026-09-11T11:55:31,2,1.638,31.07,28.6790,25.9,1.638,31.07,4.02,-55,2.75,
2026-09-11T11:55:32,2,1.618,29.45,28.6830,25.9,1.637,30.94,4.02,-55,9.75,
2026-09-11T11:55:33,2,1.621,29.65,28.6820,25.9,1.637,30.94,4.02,-61,9.75,
2026-09-11T11:55:34,2,1.636,30.87,28.6920,25.9,1.638,31.00,4.02,-61,9.75,
2026-09-11T11:55:36,2,1.620,29.58,28.6980,25.9,1.632,30.55,4.02,-61,10.25,
2026-09-11T11:55:37,2,1.644,31.52,28.6940,25.9,1.637,30.94,4.02,-61,10.00,
2026-09-11T11:55:38,2,1.638,31.07,28.6890,25.9,1.638,31.00,4.02,-62,10.00,
2026-09-11T11:55:39,2,1.617,29.32,28.6900,25.9,1.637,30.94,4.01,-61,10.00,
2026-09-11T11:55:40,2,1.637,30.94,28.6840,25.9,1.636,30.87,4.02,-60,9.75,
2026-09-11T11:55:41,2,1.621,29.71,28.6750,25.9,1.637,30.94,4.02,-61,9.75,
2026-09-11T11:55:42,2,1.619,29.52,28.6730,25.9,1.637,30.94,4.02,-62,9.75,
2026-09-11T11:55:43,2,1.633,30.68,28.6780,25.9,1.638,31.00,4.03,-62,9.50,
2026-09-11T11:55:44,2,1.621,29.71,28.6730,25.9,1.638,31.07,4.02,-61,10.00,
2026-09-11T11:55:45,2,1.643,31.45,28.6740,25.9,1.636,30.87,4.02,-61,10.00,
2026-09-11T11:55:46,2,1.636,30.87,28.6770,25.9,1.637,30.94,4.02,-61,9.50,
2026-09-11T11:55:48,2,1.617,29.32,28.6740,25.9,1.637,30.94,4.02,-61,10.25,
2026-09-11T11:55:49,2,1.636,30.87,28.6640,25.9,1.635,30.81,4.02,-61,10.25,
2026-09-11T11:55:50,2,1.620,29.58,28.6620,25.9,1.637,30.94,4.02,-61,9.75,
2026-09-11T11:55:51,2,1.619,29.52,28.6660,25.9,1.637,30.94,4.02,-61,10.00,
2026-09-11T11:55:52,2,1.637,30.94,28.6650,25.9,1.633,30.68,4.02,-61,9.50,
2026-09-11T11:55:53,2,1.617,29.39,28.6700,25.9,1.637,30.94,4.02,-61,10.25,
2026-09-11T11:55:54,2,1.638,31.00,28.6700,25.9,1.637,30.94,4.02,-62,9.75,
2026-09-11T11:55:55,2,1.636,30.87,28.6580,25.9,1.638,31.00,4.02,-61,9.75,
2026-09-11T11:55:56,2,1.618,29.45,28.6580,25.9,1.638,31.07,4.02,-60,10.00,
2026-09-11T11:55:57,2,1.642,31.32,28.6670,25.9,1.638,31.00,4.02,-61,10.00,
2026-09-11T11:55:58,2,1.618,29.45,28.6680,25.9,1.637,30.94,4.02,-61,10.00,
2026-09-11T11:56:00,2,1.619,29.52,28.6760,25.9,1.638,31.07,4.01,-61,10.00,
2026-09-11T11:56:01,2,1.640,31.19,28.6840,25.9,1.639,31.13,4.02,-61,10.00,
2026-09-11T11:56:02,2,1.618,29.45,28.6760,25.9,1.637,30.94,4.02,-61,9.75,
2026-09-11T11:56:03,2,1.642,31.32,28.6730,25.9,1.639,31.13,4.02,-62,10.25,
2026-09-11T11:56:04,2,1.637,30.94,28.6760,25.9,1.637,30.94,4.02,-63,10.00,
2026-09-11T11:56:05,2,1.617,29.39,28.6810,25.9,1.638,31.00,4.02,-64,9.75,
2026-09-11T11:56:06,2,1.640,31.19,28.6860,25.9,1.633,30.61,4.02,-64,10.00,
2026-09-11T11:56:07,2,1.639,31.13,28.6810,25.9,1.639,31.13,4.00,-64,9.25,
2026-09-11T11:56:08,2,1.618,29.45,28.6830,25.9,1.637,30.94,4.02,-64,9.75,
2026-09-11T11:56:14,2,1.617,29.39,28.6830,25.9,1.650,32.03,4.02,-56,-2.00,
2026-09-11T11:56:16,2,1.639,31.13,28.6870,25.9,1.640,31.19,4.01,-56,-1.00,
2026-09-11T11:56:17,2,1.619,29.52,28.6840,25.9,1.633,30.61,4.02,-64,9.75,
2026-09-11T11:56:18,2,1.640,31.19,28.6850,25.9,1.635,30.81,4.02,-61,10.00,
2026-09-11T11:56:19,2,1.619,29.52,28.6880,25.9,1.636,30.87,4.02,-61,10.00,
2026-09-11T11:56:20,2,1.618,29.45,28.6850,25.9,1.634,30.74,4.04,-60,10.25,
2026-09-11T11:56:21,2,1.634,30.74,28.6830,25.9,1.639,31.13,4.02,-61,10.00,
2026-09-11T11:56:23,2,1.620,29.58,28.6810,25.9,1.636,30.87,4.02,-61,10.00,
2026-09-11T11:56:24,2,1.642,31.32,28.6840,25.9,1.636,30.87,4.02,-61,10.25,
2026-09-11T11:56:25,2,1.639,31.13,28.6780,25.9,1.641,31.26,4.01,-62,9.75,
2026-09-11T11:56:26,2,1.620,29.58,28.6730,25.9,1.636,30.87,4.02,-63,10.00,
2026-09-11T11:56:28,2,1.617,29.39,28.6820,25.9,1.638,31.00,4.02,-63,10.00,
2026-09-11T11:56:29,2,1.607,28.55,28.6760,25.9,1.634,30.74,4.03,-63,10.00,
2026-09-11T11:56:30,2,1.638,31.00,28.6800,25.9,1.638,31.07,4.02,-63,10.25,
2026-09-11T11:56:31,2,1.618,29.45,28.6900,25.9,1.638,31.00,4.02,-63,9.50,
2026-09-11T11:56:32,2,1.642,31.39,28.6800,25.9,1.638,31.07,4.02,-63,10.00,
2026-09-11T11:56:33,2,1.639,31.13,28.6780,25.9,1.642,31.32,4.00,-66,9.25,
2026-09-11T11:56:35,2,1.619,29.52,28.6770,25.9,1.638,31.07,4.02,-66,9.75,
2026-09-11T11:56:36,2,1.636,30.87,28.6710,25.9,1.637,30.94,4.02,-66,9.75,
2026-09-11T11:56:37,2,1.617,29.39,28.6710,25.9,1.638,31.07,4.02,-65,9.75,
2026-09-11T11:56:38,2,1.617,29.32,28.6690,25.9,1.633,30.61,4.03,-66,9.50,
2026-09-11T11:56:39,2,1.636,30.87,28.6630,25.9,1.632,30.55,4.02,-65,9.50,
2026-09-11T11:56:40,2,1.619,29.52,28.6600,25.9,1.634,30.74,4.02,-65,10.00,
2026-09-11T11:56:41,2,1.642,31.32,28.6670,25.9,1.641,31.26,4.02,-65,9.50,
2026-09-11T11:56:42,2,1.638,31.00,28.6670,25.9,1.638,31.07,4.02,-65,9.50,
2026-09-11T11:56:43,2,1.618,29.45,28.6720,25.9,1.638,31.07,4.02,-65,10.00,
2026-09-11T11:56:44,2,1.640,31.19,28.6720,25.9,1.636,30.87,4.02,-65,9.75,
2026-09-11T11:56:45,2,1.619,29.52,28.6730,25.9,1.638,31.07,4.02,-65,9.75,
2026-09-11T11:56:47,2,1.618,29.45,28.6710,25.9,1.633,30.61,4.02,-65,10.00,
2026-09-11T11:56:48,2,1.639,31.13,28.6670,25.9,1.636,30.87,4.02,-65,9.75,
2026-09-11T11:56:49,2,1.619,29.52,28.6710,25.9,1.638,31.00,4.02,-65,9.75,
2026-09-11T11:56:50,2,1.641,31.26,28.6690,25.9,1.644,31.52,4.02,-65,9.75,
2026-09-11T11:56:51,2,1.636,30.87,28.6580,25.9,1.636,30.87,4.02,-64,10.50,
2026-09-11T11:56:52,2,1.619,29.52,28.6630,25.9,1.638,31.00,4.02,-64,10.00,
2026-09-11T11:56:53,2,1.639,31.13,28.6680,25.9,1.636,30.87,4.02,-63,10.00,
2026-09-11T11:56:59,2,1.642,31.39,28.6810,25.9,1.638,31.07,4.02,-56,-0.75,
2026-09-11T11:57:00,2,1.638,31.00,28.6780,25.9,1.637,30.94,4.02,-56,-1.50,
2026-09-11T11:57:01,2,1.617,29.39,28.6700,25.9,1.639,31.13,4.02,-57,1.00,
2026-09-11T11:57:02,2,1.639,31.13,28.6800,25.9,1.637,30.94,4.02,-65,9.75,
2026-09-11T11:57:03,2,1.619,29.52,28.6740,25.9,1.633,30.68,4.02,-64,10.00,
2026-09-11T11:57:04,2,1.604,28.29,28.6660,25.9,1.638,31.00,4.02,-65,9.50,
2026-09-11T11:57:05,2,1.635,30.81,28.6690,25.9,1.638,31.07,4.02,-65,9.50,
2026-09-11T11:57:06,2,1.619,29.52,28.6750,25.9,1.638,31.00,4.02,-64,9.75,
2026-09-11T11:57:07,2,1.630,30.42,28.6770,25.9,1.635,30.81,4.02,-64,9.75,
2026-09-11T11:57:08,2,1.635,30.81,28.6680,25.9,1.636,30.87,4.02,-64,9.75,
2026-09-11T11:57:10,2,1.618,29.45,28.6620,25.9,1.640,31.19,4.02,-64,9.75,
2026-09-11T11:57:11,2,1.637,30.94,28.6700,25.9,1.638,31.00,4.02,-63,10.25,
2026-09-11T11:57:12,2,1.617,29.39,28.6720,25.9,1.642,31.32,4.02,-62,10.00,
2026-09-11T11:57:13,2,1.618,29.45,28.6720,25.9,1.634,30.74,4.02,-64,9.75,
2026-09-11T11:57:14,2,1.638,31.07,28.6730,25.9,1.637,30.94,4.02,-64,9.50,
2026-09-11T11:57:15,2,1.619,29.52,28.6700,25.9,1.628,30.23,4.02,-64,10.00,
2026-09-11T11:57:16,2,1.641,31.26,28.6750,25.9,1.638,31.00,4.02,-65,9.50,
2026-09-11T11:57:17,2,1.631,30.48,28.6780,25.9,1.635,30.81,4.02,-64,9.75,
2026-09-11T11:57:18,2,1.619,29.52,28.6710,25.9,1.636,30.87,4.02,-64,9.75,
2026-09-11T11:57:19,2,1.638,31.00,28.6700,25.9,1.638,31.00,4.02,-64,9.25,
2026-09-11T11:57:20,2,1.621,29.65,28.6750,25.9,1.637,30.94,4.02,-65,9.50,
2026-09-11T11:57:22,2,1.619,29.52,28.6650,25.9,1.640,31.19,4.02,-64,9.75,
2026-09-11T11:57:23,2,1.637,30.94,28.6740,25.9,1.635,30.81,4.02,-64,9.50,
2026-09-11T11:57:24,2,1.619,29.52,28.6820,25.9,1.638,31.07,4.01,-64,9.25,
2026-09-11T11:57:25,2,1.645,31.58,28.6840,25.9,1.638,31.00,4.02,-65,10.00,
2026-09-11T11:57:26,2,1.636,30.87,28.6800,25.9,1.638,31.00,4.02,-65,9.50,
2026-09-11T11:57:27,2,1.617,29.39,28.6820,25.9,1.638,31.00,4.02,-65,9.75,
2026-09-11T11:57:28,2,1.639,31.13,28.6830,25.9,1.636,30.87,4.02,-65,9.75,
2026-09-11T11:57:29,2,1.621,29.65,28.6840,25.9,1.638,31.00,4.01,-66,10.00,
2026-09-11T11:57:30,2,1.620,29.58,28.6890,25.9,1.631,30.48,4.02,-64,9.75,
2026-09-11T11:57:31,2,1.638,31.07,28.6860,25.9,1.638,31.00,4.02,-64,9.75,
2026-09-11T11:57:32,2,1.619,29.52,28.6820,25.9,1.638,31.07,4.02,-64,9.50,
2026-09-11T11:57:34,2,1.625,30.03,28.6850,25.9,1.638,31.07,4.02,-64,9.75,
2026-09-11T11:57:35,2,1.637,30.94,28.6820,25.9,1.637,30.94,4.02,-64,10.00,
2026-09-11T11:57:36,2,1.617,29.32,28.6910,25.9,1.641,31.26,4.02,-64,9.75,
2026-09-11T11:57:37,2,1.640,31.19,28.6890,25.9,1.638,31.00,4.02,-64,9.50,
2026-09-11T11:57:38,2,1.642,31.32,28.6930,25.9,1.642,31.32,4.00,-64,9.50,
2026-09-11T11:57:42,2,1.619,29.52,28.6980,25.9,1.638,31.07,4.03,-57,0.75,
2026-09-11T11:57:43,2,1.638,31.00,28.6740,25.9,1.638,31.00,4.02,-57,1.25,
2026-09-11T11:57:45,2,1.617,29.32,28.6800,25.9,1.638,31.07,4.02,-57,2.00,
2026-09-11T11:57:46,2,1.642,31.39,28.6750,25.9,1.635,30.81,4.02,-58,7.25,
2026-09-11T11:57:47,2,1.636,30.87,28.6700,25.9,1.641,31.26,4.02,-64,10.00,
2026-09-11T11:57:48,2,1.618,29.45,28.6730,25.9,1.637,30.94,4.02,-63,10.00,
2026-09-11T11:57:49,2,1.638,31.00,28.6720,25.9,1.634,30.74,4.02,-65,9.50,
2026-09-11T11:57:50,2,1.620,29.58,28.6720,25.9,1.638,31.07,4.02,-64,9.75,
2026-09-11T11:57:51,2,1.619,29.52,28.6750,25.9,1.632,30.55,4.02,-64,10.25,
2026-09-11T11:57:52,2,1.643,31.45,28.6710,25.9,1.635,30.81,4.02,-64,10.50,
2026-09-11T11:57:53,2,1.620,29.58,28.6670,25.9,1.636,30.87,4.02,-63,10.00,
2026-09-11T11:57:54,2,1.643,31.45,28.6660,25.9,1.638,31.00,4.01,-63,11.25,
2026-09-11T11:57:55,2,1.636,30.87,28.6660,25.9,1.636,30.87,4.02,-63,10.00,
2026-09-11T11:57:57,2,1.619,29.52,28.6710,25.9,1.637,30.94,4.02,-64,10.00,
2026-09-11T11:57:58,2,1.638,31.00,28.6660,25.9,1.636,30.87,4.02,-64,9.50,
2026-09-11T11:57:59,2,1.621,29.65,28.6670,25.9,1.637,30.94,4.02,-63,10.00,
2026-09-11T11:58:00,2,1.620,29.58,28.6680,25.9,1.637,30.94,4.02,-63,9.75,
2026-09-11T11:58:01,2,1.638,31.00,28.6690,25.9,1.636,30.87,4.02,-64,10.00,
2026-09-11T11:58:02,2,1.618,29.45,28.6670,25.9,1.636,30.87,4.02,-64,12.50,
2026-09-11T11:58:03,2,1.642,31.32,28.6760,25.9,1.633,30.61,4.01,-63,10.00,
2026-09-11T11:58:04,2,1.637,30.94,28.6860,25.9,1.637,30.94,4.02,-63,10.00,
2026-09-11T11:58:05,2,1.617,29.39,28.6780,25.9,1.639,31.13,4.02,-63,10.50,
2026-09-11T11:58:06,2,1.640,31.19,28.6790,25.9,1.637,30.94,4.02,-64,11.00,
2026-09-11T11:58:07,2,1.620,29.58,28.6760,25.9,1.637,30.94,4.02,-64,10.25,
2026-09-11T11:58:09,2,1.618,29.45,28.6770,25.9,1.638,31.00,4.02,-63,10.25,
2026-09-11T11:58:10,2,1.636,30.87,28.6800,25.9,1.646,31.65,4.02,-63,10.75,
2026-09-11T11:58:11,2,1.619,29.52,28.6750,25.9,1.638,31.00,4.02,-63,10.00,
2026-09-11T11:58:12,2,1.642,31.39,28.6730,25.9,1.636,30.87,4.02,-63,10.00,
2026-09-11T11:58:13,2,1.638,31.07,28.6890,25.9,1.640,31.19,4.02,-63,10.25,
2026-09-11T11:58:14,2,1.625,29.97,28.6870,25.9,1.649,31.90,4.02,-63,9.75,
2026-09-11T11:58:15,2,1.638,31.00,28.6910,25.9,1.636,30.87,4.02,-63,10.50,
2026-09-11T11:58:16,2,1.620,29.58,28.6770,25.9,1.635,30.81,4.02,-64,10.00,
2026-09-11T11:58:17,2,1.619,29.52,28.6770,25.9,1.639,31.13,4.02,-64,9.75,
2026-09-11T11:58:18,2,1.636,30.87,28.6840,25.9,1.640,31.19,4.02,-63,10.00,
2026-09-11T11:58:19,2,1.615,29.20,28.6780,25.9,1.637,30.94,4.02,-63,10.25,
2026-09-11T11:58:21,2,1.645,31.58,28.6760,25.9,1.637,30.94,4.02,-64,10.25,
2026-09-11T11:58:22,2,1.636,30.87,28.6720,25.9,1.636,30.87,4.02,-63,10.00,
2026-09-11T11:58:27,2,1.638,31.07,28.6700,25.9,1.638,31.00,4.02,-56,1.75,
2026-09-11T11:58:28,2,1.619,29.52,28.6690,25.9,1.636,30.87,4.02,-56,1.25,
2026-09-11T11:58:29,2,1.642,31.39,28.6660,25.9,1.636,30.87,4.01,-56,2.50,
2026-09-11T11:58:30,2,1.636,30.87,28.6730,25.9,1.638,31.07,4.02,-63,9.50,
2026-09-11T11:58:32,2,1.617,29.39,28.6860,25.9,1.634,30.74,4.02,-62,10.00,
2026-09-11T11:58:33,2,1.638,31.00,28.6740,25.9,1.635,30.81,4.02,-64,9.75,
2026-09-11T11:58:34,2,1.619,29.52,28.6780,25.9,1.636,30.87,4.01,-63,10.25,
2026-09-11T11:58:35,2,1.617,29.39,28.6730,25.9,1.638,31.07,4.02,-64,9.50,
2026-09-11T11:58:36,2,1.638,31.00,28.6790,25.9,1.636,30.87,4.02,-63,10.00,
2026-09-11T11:58:37,2,1.618,29.45,28.6740,25.9,1.638,31.00,4.02,-63,10.00,
2026-09-11T11:58:38,2,1.637,30.94,28.6750,25.9,1.638,31.00,4.01,-64,9.50,
2026-09-11T11:58:39,2,1.637,30.94,28.6680,25.9,1.633,30.68,4.02,-64,10.25,
2026-09-11T11:58:40,2,1.619,29.52,28.6650,25.9,1.639,31.13,4.02,-61,9.75,
2026-09-11T11:58:41,2,1.638,31.07,28.6740,25.9,1.637,30.94,4.02,-61,10.25,
2026-09-11T11:58:42,2,1.621,29.65,28.6700,25.9,1.638,31.07,4.01,-64,9.75,
2026-09-11T11:58:44,2,1.620,29.58,28.6690,25.9,1.636,30.87,4.02,-63,9.75,
2026-09-11T11:58:45,2,1.638,31.07,28.6800,25.9,1.638,31.07,4.02,-63,10.00,
2026-09-11T11:58:46,2,1.621,29.71,28.6800,25.9,1.638,31.00,4.02,-63,10.00,
2026-09-11T11:58:47,2,1.646,31.65,28.6840,25.9,1.640,31.19,4.02,-63,10.00,
2026-09-11T11:58:48,2,1.638,31.00,28.6850,25.9,1.637,30.94,4.02,-64,9.75,
2026-09-11T11:58:49,2,1.618,29.45,28.6880,25.9,1.637,30.94,4.01,-64,10.00,
2026-09-11T11:58:50,2,1.639,31.13,28.6830,25.9,1.636,30.87,4.02,-63,10.50,
2026-09-11T11:58:51,2,1.620,29.58,28.6820,25.9,1.638,31.00,4.01,-64,10.25,
2026-09-11T11:58:52,2,1.618,29.45,28.6720,25.9,1.640,31.19,4.02,-65,9.75,
2026-09-11T11:58:53,2,1.637,30.94,28.6690,25.9,1.636,30.87,4.02,-64,9.75,
2026-09-11T11:58:54,2,1.620,29.58,28.6660,25.9,1.638,31.00,4.02,-64,9.75,
2026-09-11T11:58:56,2,1.656,32.48,28.6650,25.9,1.636,30.87,4.02,-64,10.25,
2026-09-11T11:58:57,2,1.638,31.00,28.6640,25.9,1.638,31.07,4.02,-64,9.50,
2026-09-11T11:58:58,2,1.617,29.39,28.6640,25.9,1.630,30.42,4.02,-64,9.50,
2026-09-11T11:58:59,2,1.640,31.19,28.6630,25.9,1.635,30.81,4.02,-64,9.75,
2026-09-11T11:59:00,2,1.624,29.90,28.6630,25.9,1.637,30.94,4.02,-61,9.75,
2026-09-11T11:59:01,2,1.618,29.45,28.6600,25.9,1.638,31.00,4.02,-62,9.75,
2026-09-11T11:59:02,2,1.638,31.00,28.6480,25.9,1.640,31.19,4.02,-61,10.00,
2026-09-11T11:59:03,2,1.617,29.39,28.6550,25.9,1.635,30.81,4.02,-61,9.75,
2026-09-11T11:59:04,2,1.625,29.97,28.6610,25.9,1.638,31.07,4.03,-62,9.25,
2026-09-11T11:59:05,2,1.636,30.87,28.6540,25.9,1.635,30.81,4.02,-61,10.00,
2026-09-11T11:59:07,2,1.619,29.52,28.6520,25.9,1.638,31.00,4.02,-62,10.25,
2026-09-11T11:59:12,2,1.617,29.39,28.6600,25.9,1.636,30.87,4.02,-55,3.75,
2026-09-11T11:59:13,2,1.614,29.13,28.6570,25.9,1.635,30.81,4.04,-56,4.50,
2026-09-11T11:59:14,2,1.636,30.87,28.6620,25.9,1.637,30.94,4.02,-56,5.75,
2026-09-11T11:59:15,2,1.617,29.39,28.6630,25.9,1.638,31.07,4.02,-61,10.00,
2026-09-11T11:59:16,2,1.639,31.13,28.6670,25.9,1.637,30.94,4.02,-61,10.00,
2026-09-11T11:59:17,2,1.640,31.19,28.6540,25.9,1.641,31.26,4.00,-62,9.75,
2026-09-11T11:59:19,2,1.617,29.39,28.6620,25.9,1.637,30.94,4.02,-61,9.50,
2026-09-11T11:59:20,2,1.638,31.07,28.6660,25.9,1.629,30.29,4.02,-61,9.75,
2026-09-11T11:59:21,2,1.619,29.52,28.6700,25.9,1.638,31.00,4.02,-61,9.75,
2026-09-11T11:59:22,2,1.619,29.52,28.6850,25.9,1.630,30.42,4.03,-62,9.75,
2026-09-11T11:59:23,2,1.635,30.81,28.6780,25.9,1.636,30.87,4.02,-61,10.00,
2026-09-11T11:59:24,2,1.616,29.26,28.6750,25.9,1.637,30.94,4.01,-61,9.75,
2026-09-11T11:59:25,2,1.650,31.97,28.6660,25.9,1.637,30.94,4.02,-61,9.75,
2026-09-11T11:59:26,2,1.638,31.07,28.6640,25.9,1.642,31.39,4.01,-61,10.00,
2026-09-11T11:59:27,2,1.619,29.52,28.6640,25.9,1.636,30.87,4.02,-61,10.50,
2026-09-11T11:59:28,2,1.638,31.00,28.6610,25.9,1.635,30.81,4.02,-61,9.75,
2026-09-11T11:59:29,2,1.617,29.32,28.6630,25.9,1.636,30.87,4.02,-62,10.00,
2026-09-11T11:59:31,2,1.616,29.26,28.6630,25.9,1.633,30.61,4.03,-62,9.50,
2026-09-11T11:59:32,2,1.636,30.87,28.6510,25.9,1.636,30.87,4.03,-62,9.75,
2026-09-11T11:59:33,2,1.616,29.26,28.6540,25.9,1.637,30.94,4.02,-61,10.25,
2026-09-11T11:59:34,2,1.641,31.26,28.6500,25.9,1.638,31.00,4.02,-61,9.75,
2026-09-11T11:59:35,2,1.636,30.87,28.6510,25.9,1.639,31.13,4.02,-62,10.00,
2026-09-11T11:59:36,2,1.620,29.58,28.6490,25.9,1.650,31.97,4.02,-62,10.00,
2026-09-11T11:59:37,2,1.638,31.07,28.6540,25.9,1.633,30.68,4.02,-62,10.00,
2026-09-11T11:59:38,2,1.619,29.52,28.6620,25.9,1.637,30.94,4.02,-63,10.25,
2026-09-11T11:59:39,2,1.618,29.45,28.6620,25.9,1.635,30.81,4.02,-62,10.00,
2026-09-11T11:59:40,2,1.635,30.81,28.6700,25.9,1.633,30.68,4.02,-62,10.00,
2026-09-11T11:59:41,2,1.619,29.52,28.6590,25.9,1.634,30.74,4.02,-62,10.50,
2026-09-11T11:59:43,2,1.641,31.26,28.6640,25.9,1.634,30.74,4.02,-61,10.00,
2026-09-11T11:59:44,2,1.633,30.68,28.6590,25.9,1.637,30.94,4.02,-61,10.00,
2026-09-11T11:59:45,2,1.618,29.45,28.6650,25.9,1.635,30.81,4.02,-61,10.00,
2026-09-11T11:59:46,2,1.638,31.00,28.6720,25.9,1.634,30.74,4.02,-61,9.75,
2026-09-11T11:59:47,2,1.617,29.39,28.6720,25.9,1.639,31.13,4.02,-61,10.00,
2026-09-11T11:59:48,2,1.621,29.65,28.6690,25.9,1.636,30.87,4.02,-61,9.75,
2026-09-11T11:59:49,2,1.638,31.07,28.6770,25.9,1.635,30.81,4.02,-61,10.25,
2026-09-11T11:59:50,2,1.618,29.45,28.6740,25.9,1.641,31.26,4.02,-61,9.75,
2026-09-11T11:59:51,2,1.640,31.19,28.6750,25.9,1.636,30.87,4.02,-61,10.25,
2026-09-11T11:59:56,2,1.619,29.52,28.6920,25.9,1.638,31.07,4.02,-55,3.75,
2026-09-11T11:59:57,2,1.620,29.58,28.6930,25.9,1.637,30.94,4.02,-56,4.25,
2026-09-11T11:59:58,2,1.638,31.00,28.6990,25.9,1.639,31.13,4.02,-55,4.50,
2026-09-11T11:59:59,2,1.619,29.52,28.6850,25.9,1.640,31.19,4.02,-56,8.25,
2026-09-11T12:00:00,2,1.642,31.39,28.6730,25.9,1.640,31.19,4.01,-61,9.75,
2026-09-11T12:00:01,2,1.638,31.00,28.6710,25.9,1.638,31.07,4.02,-61,10.00,
2026-09-11T12:00:02,2,1.620,29.58,28.6770,25.9,1.638,31.00,4.02,-61,9.75,
2026-09-11T12:00:04,2,1.620,29.58,28.6850,25.9,1.636,30.87,4.02,-61,10.00,
2026-09-11T12:00:06,2,1.619,29.52,28.6850,25.9,1.637,30.94,4.02,-62,10.00,
2026-09-11T12:00:07,2,1.636,30.87,28.6810,25.9,1.636,30.87,4.02,-62,9.50,
2026-09-11T12:00:08,2,1.617,29.39,28.6750,25.9,1.638,31.07,4.02,-61,10.00,
2026-09-11T12:00:09,2,1.642,31.39,28.6760,25.9,1.638,31.00,4.02,-61,10.00,
2026-09-11T12:00:10,2,1.636,30.87,28.6780,25.9,1.638,31.00,4.02,-62,10.00,
2026-09-11T12:00:11,2,1.610,28.81,28.6720,25.9,1.638,31.00,4.01,-62,9.75,
2026-09-11T12:00:12,2,1.637,30.94,28.6740,25.9,1.637,30.94,4.02,-62,10.25,
2026-09-11T12:00:13,2,1.618,29.45,28.6750,25.9,1.638,31.00,4.02,-62,9.75,
2026-09-11T12:00:14,2,1.618,29.45,28.6780,25.9,1.638,31.00,4.02,-61,10.00,
2026-09-11T12:00:15,2,1.635,30.81,28.6810,25.9,1.637,30.94,4.02,-61,10.00,
2026-09-11T12:00:16,2,1.620,29.58,28.6720,25.9,1.638,31.07,4.02,-61,10.25,
2026-09-11T12:00:18,2,1.642,31.39,28.6680,25.9,1.638,31.07,4.02,-61,9.75,
2026-09-11T12:00:19,2,1.638,31.07,28.6840,25.9,1.636,30.87,4.02,-61,10.25,
2026-09-11T12:00:20,2,1.619,29.52,28.6860,25.9,1.633,30.61,4.02,-61,9.75,
2026-09-11T12:00:21,2,1.637,30.94,28.6900,25.9,1.635,30.81,4.02,-61,9.75,
2026-09-11T12:00:22,2,1.619,29.52,28.6930,25.9,1.639,31.13,4.01,-61,9.75,
2026-09-11T12:00:23,2,1.619,29.52,28.6850,25.9,1.636,30.87,4.02,-61,10.25,
2026-09-11T12:00:24,2,1.638,31.00,28.6870,25.9,1.635,30.81,4.02,-61,9.50,
2026-09-11T12:00:25,2,1.621,29.71,28.6870,25.9,1.636,30.87,4.02,-61,9.75,
2026-09-11T12:00:26,2,1.642,31.39,28.6930,25.9,1.637,30.94,4.01,-61,10.00,
2026-09-11T12:00:27,2,1.638,31.07,28.7050,25.9,1.636,30.87,4.02,-61,10.00,
2026-09-11T12:00:28,2,1.617,29.39,28.6950,25.9,1.639,31.13,4.02,-62,9.75,
2026-09-11T12:00:30,2,1.633,30.68,28.6890,25.9,1.636,30.87,4.02,-62,10.00,
2026-09-11T12:00:31,2,1.619,29.52,28.6900,25.9,1.637,30.94,4.02,-62,9.75,
2026-09-11T12:00:32,2,1.621,29.65,28.6830,25.9,1.642,31.32,4.02,-61,10.00,
2026-09-11T12:00:33,2,1.634,30.74,28.6880,25.9,1.636,30.87,4.02,-61,10.25,
2026-09-11T12:00:34,2,1.617,29.39,28.6850,25.9,1.636,30.87,4.02,-62,10.00,
2026-09-11T12:00:35,2,1.645,31.58,28.6790,25.9,1.638,31.00,4.02,-61,10.25,
2026-09-11T12:00:41,2,1.617,29.39,28.6560,25.9,1.636,30.87,4.02,-55,4.00,
2026-09-11T12:00:42,2,1.636,30.87,28.6510,25.9,1.636,30.87,4.02,-55,3.75,
2026-09-11T12:00:43,2,1.618,29.45,28.6550,25.9,1.637,30.94,4.02,-55,4.75,
2026-09-11T12:00:44,2,1.644,31.52,28.6570,25.9,1.638,31.00,4.01,-61,9.50,
2026-09-11T12:00:45,2,1.636,30.87,28.6550,25.9,1.637,30.94,4.02,-61,10.25,
2026-09-11T12:00:46,2,1.617,29.39,28.6380,25.9,1.636,30.87,4.02,-60,10.00,
2026-09-11T12:00:47,2,1.638,31.00,28.6440,25.9,1.638,31.00,4.02,-61,9.75,
2026-09-11T12:00:48,2,1.619,29.52,28.6450,25.9,1.639,31.13,4.02,-61,10.00,
2026-09-11T12:00:49,2,1.618,29.45,28.6460,25.9,1.636,30.87,4.02,-62,10.50,
2026-09-11T12:00:50,2,1.638,31.00,28.6490,25.9,1.636,30.87,4.02,-62,10.50,
2026-09-11T12:00:51,2,1.618,29.45,28.6510,25.9,1.638,31.00,4.02,-63,9.75,
2026-09-11T12:00:53,2,1.642,31.32,28.6450,25.9,1.634,30.74,4.01,-62,10.00,
2026-09-11T12:00:54,2,1.634,30.74,28.6460,25.9,1.638,31.07,4.02,-62,9.75,
2026-09-11T12:00:55,2,1.617,29.39,28.6470,25.9,1.638,31.00,4.02,-63,10.00,
2026-09-11T12:00:56,2,1.638,31.00,28.6430,25.9,1.637,30.94,4.02,-62,10.25,
2026-09-11T12:00:57,2,1.617,29.32,28.6490,25.9,1.638,31.00,4.01,-61,9.75,
2026-09-11T12:00:58,2,1.619,29.52,28.6540,25.9,1.638,31.00,4.02,-62,10.00,
2026-09-11T12:00:59,2,1.638,31.07,28.6570,25.9,1.636,30.87,4.02,-61,10.00,
2026-09-11T12:01:00,2,1.617,29.39,28.6640,25.9,1.638,31.07,4.02,-61,10.00,
2026-09-11T12:01:01,2,1.645,31.58,28.6750,25.9,1.638,31.00,4.01,-62,10.25,
2026-09-11T12:01:02,2,1.634,30.74,28.6760,25.9,1.640,31.19,4.02,-62,10.25,
2026-09-11T12:01:03,2,1.618,29.45,28.6750,25.9,1.638,31.07,4.02,-62,10.00,
2026-09-11T12:01:05,2,1.638,31.07,28.6740,25.9,1.637,30.94,4.02,-62,9.50,
2026-09-11T12:01:06,2,1.620,29.58,28.6830,25.9,1.637,30.94,4.02,-62,10.00,
2026-09-11T12:01:07,2,1.621,29.65,28.6840,25.9,1.638,31.07,4.02,-61,10.25,
2026-09-11T12:01:08,2,1.636,30.87,28.6780,25.9,1.639,31.13,4.02,-60,9.75,
2026-09-11T12:01:09,2,1.616,29.26,28.6830,25.9,1.638,31.07,4.02,-61,10.00,
2026-09-11T12:01:10,2,1.640,31.19,28.6840,25.9,1.639,31.13,4.02,-60,9.75,
2026-09-11T12:01:11,2,1.636,30.87,28.6860,25.9,1.636,30.87,4.02,-61,10.00,
2026-09-11T12:01:12,2,1.619,29.52,28.6870,25.9,1.636,30.87,4.02,-60,9.75,
2026-09-11T12:01:13,2,1.640,31.19,28.6950,25.9,1.635,30.81,4.02,-60,9.75,
2026-09-11T12:01:14,2,1.621,29.65,28.7010,25.9,1.638,31.00,4.00,-61,9.50,
2026-09-11T12:01:15,2,1.618,29.45,28.7070,25.9,1.638,31.00,4.02,-60,9.75,
2026-09-11T12:01:17,2,1.636,30.87,28.7070,25.9,1.637,30.94,4.02,-61,9.75,
2026-09-11T12:01:18,2,1.618,29.45,28.7040,25.9,1.638,31.00,4.02,-61,10.25,
2026-09-11T12:01:19,2,1.616,29.26,28.7080,25.9,1.637,30.94,4.03,-61,10.25,
2026-09-11T12:01:20,2,1.635,30.81,28.7100,25.9,1.637,30.94,4.02,-61,10.00,
2026-09-11T12:01:25,2,1.638,31.00,28.7030,25.9,1.636,30.87,4.02,-55,6.00,
2026-09-11T12:01:26,2,1.617,29.32,28.6990,25.9,1.638,31.00,4.02,-55,5.25,
2026-09-11T12:01:28,2,1.629,30.36,28.7010,25.9,1.635,30.81,4.02,-55,6.75,
2026-09-11T12:01:29,2,1.638,31.00,28.7030,25.9,1.637,30.94,4.02,-61,9.50,
2026-09-11T12:01:30,2,1.616,29.26,28.7050,25.9,1.638,31.00,4.02,-60,9.75,
2026-09-11T12:01:31,2,1.640,31.19,28.7090,25.9,1.638,31.07,4.02,-60,10.00,
2026-09-11T12:01:32,2,1.636,30.87,28.7050,25.9,1.636,30.87,4.02,-60,10.00,
2026-09-11T12:01:33,2,1.619,29.52,28.6990,25.9,1.637,30.94,4.02,-60,9.75,
2026-09-11T12:01:34,2,1.638,31.00,28.6980,25.9,1.635,30.81,4.02,-60,9.75,
2026-09-11T12:01:35,2,1.618,29.45,28.6900,25.9,1.638,31.00,4.02,-60,9.75,
2026-09-11T12:01:36,2,1.620,29.58,28.6790,25.9,1.633,30.68,4.02,-60,10.25,
2026-09-11T12:01:37,2,1.638,31.00,28.6800,25.9,1.639,31.13,4.02,-60,9.75,
2026-09-11T12:01:38,2,1.619,29.52,28.6860,25.9,1.636,30.87,4.02,-60,9.75,
2026-09-11T12:01:40,2,1.642,31.39,28.6800,25.9,1.635,30.81,4.01,-59,10.00,
2026-09-11T12:01:41,2,1.635,30.81,28.6760,25.9,1.638,31.00,4.02,-60,10.25,
2026-09-11T12:01:42,2,1.620,29.58,28.6740,25.9,1.636,30.87,4.02,-60,10.00,
2026-09-11T12:01:43,2,1.638,31.00,28.6810,25.9,1.636,30.87,4.02,-58,10.50,
2026-09-11T12:01:44,2,1.620,29.58,28.6780,25.9,1.638,31.00,4.02,-61,9.75,
2026-09-11T12:01:45,2,1.620,29.58,28.6860,25.9,1.638,31.00,4.02,-60,9.75,
2026-09-11T12:01:46,2,1.637,30.94,28.6800,25.9,1.635,30.81,4.02,-61,9.75,
2026-09-11T12:01:47,2,1.620,29.58,28.6820,25.9,1.637,30.94,4.02,-61,10.25,
2026-09-11T12:01:48,2,1.646,31.65,28.6800,25.9,1.638,31.00,4.01,-60,9.75,
2026-09-11T12:01:49,2,1.637,30.94,28.6780,25.9,1.638,31.00,4.02,-61,9.50,
2026-09-11T12:01:50,2,1.618,29.45,28.6730,25.9,1.638,31.00,4.02,-61,9.75,
2026-09-11T12:01:52,2,1.646,31.71,28.6750,25.9,1.648,31.84,4.02,-61,9.50,
2026-09-11T12:01:53,2,1.619,29.52,28.6740,25.9,1.638,31.00,4.01,-61,10.00,
2026-09-11T12:01:54,2,1.617,29.39,28.6780,25.9,1.637,30.94,4.02,-61,10.00,
2026-09-11T12:01:55,2,1.635,30.81,28.6810,25.9,1.638,31.07,4.02,-61,10.00,
2026-09-11T12:01:56,2,1.618,29.45,28.6860,25.9,1.638,31.07,4.02,-61,9.75,
2026-09-11T12:01:57,2,1.642,31.39,28.6850,25.9,1.648,31.84,4.01,-60,10.00,
2026-09-11T12:01:58,2,1.637,30.94,28.6780,25.9,1.637,30.94,4.02,-60,10.00,
2026-09-11T12:01:59,2,1.617,29.39,28.6710,25.9,1.632,30.55,4.02,-60,10.00,
2026-09-11T12:02:00,2,1.639,31.13,28.6730,25.9,1.640,31.19,4.02,-61,10.25,
2026-09-11T12:02:01,2,1.620,29.58,28.6770,25.9,1.636,30.87,4.01,-61,10.00,
2026-09-11T12:02:03,2,1.618,29.45,28.6810,25.9,1.638,31.00,4.02,-60,9.75,
2026-09-11T12:02:04,2,1.638,31.00,28.6780,25.9,1.638,31.00,4.02,-61,9.75,
2026-09-11T12:02:05,2,1.617,29.32,28.6780,25.9,1.637,30.94,4.02,-60,9.75,
2026-09-11T12:02:09,2,1.638,31.07,28.6750,25.9,1.639,31.13,4.02,-55,5.25,
2026-09-11T12:02:10,2,1.640,31.19,28.6730,25.9,1.638,31.07,4.00,-55,5.00,
2026-09-11T12:02:11,2,1.618,29.45,28.6770,25.9,1.637,30.94,4.02,-55,5.50,
2026-09-11T12:02:12,2,1.637,30.94,28.6750,25.9,1.633,30.61,4.02,-54,7.75,
2026-09-11T12:02:13,2,1.619,29.52,28.6680,25.9,1.635,30.81,4.02,-59,10.25,
2026-09-11T12:02:15,2,1.617,29.39,28.6670,25.9,1.634,30.74,4.03,-60,9.75,
2026-09-11T12:02:16,2,1.636,30.87,28.6620,25.9,1.638,31.00,4.02,-61,9.75,
2026-09-11T12:02:17,2,1.619,29.52,28.6700,25.9,1.636,30.87,4.02,-60,10.25,
2026-09-11T12:02:18,2,1.637,30.94,28.6820,25.9,1.635,30.81,4.02,-61,10.00,
2026-09-11T12:02:19,2,1.639,31.13,28.6850,25.9,1.642,31.32,4.00,-62,9.75,
2026-09-11T12:02:20,2,1.617,29.39,28.6780,25.9,1.638,31.00,4.02,-61,9.75,
2026-09-11T12:02:21,2,1.638,31.00,28.6830,25.9,1.639,31.13,4.02,-62,10.00,
2026-09-11T12:02:22,2,1.620,29.58,28.6890,25.9,1.637,30.94,4.02,-61,10.25,
2026-09-11T12:02:23,2,1.614,29.13,28.6860,25.9,1.630,30.42,4.04,-61,10.00,
2026-09-11T12:02:24,2,1.638,31.07,28.6730,25.9,1.636,30.87,4.02,-61,10.25,
2026-09-11T12:02:25,2,1.617,29.39,28.6700,25.9,1.639,31.13,4.02,-61,10.00,
2026-09-11T12:02:27,2,1.642,31.32,28.6790,25.9,1.638,31.07,4.01,-61,10.00,
2026-09-11T12:02:28,2,1.637,30.94,28.6790,25.9,1.638,31.00,4.02,-61,10.00,
2026-09-11T12:02:29,2,1.619,29.52,28.6840,25.9,1.636,30.87,4.02,-60,9.75,
2026-09-11T12:02:30,2,1.637,30.94,28.6800,25.9,1.638,31.00,4.02,-62,10.00,
2026-09-11T12:02:31,2,1.621,29.71,28.6770,25.9,1.638,31.07,4.02,-63,10.25,
2026-09-11T12:02:32,2,1.620,29.58,28.6710,25.9,1.625,30.03,4.02,-63,9.75,
2026-09-11T12:02:33,2,1.637,30.94,28.6710,25.9,1.636,30.87,4.02,-61,10.00,
2026-09-11T12:02:34,2,1.619,29.52,28.6820,25.9,1.635,30.81,4.02,-62,10.50,
2026-09-11T12:02:35,2,1.642,31.32,28.6850,25.9,1.638,31.00,4.01,-63,10.25,
2026-09-11T12:02:36,2,1.636,30.87,28.6870,25.9,1.625,30.03,4.02,-63,10.00,
2026-09-11T12:02:37,2,1.617,29.32,28.6800,25.9,1.638,31.00,4.01,-63,9.75,
2026-09-11T12:02:39,2,1.639,31.13,28.6810,25.9,1.636,30.87,4.02,-63,10.25,
2026-09-11T12:02:40,2,1.617,29.39,28.6850,25.9,1.642,31.39,4.02,-63,9.75,
2026-09-11T12:02:41,2,1.616,29.26,28.6740,25.9,1.635,30.81,4.02,-62,10.00,
2026-09-11T12:02:42,2,1.635,30.81,28.6670,25.9,1.636,30.87,4.01,-63,10.25,
2026-09-11T12:02:43,2,1.625,30.03,28.6620,25.9,1.638,31.00,4.02,-62,10.00,
2026-09-11T12:02:44,2,1.642,31.39,28.6600,25.9,1.638,31.07,4.02,-62,10.25,
2026-09-11T12:02:45,2,1.635,30.81,28.6680,25.9,1.637,30.94,4.02,-62,9.75,
2026-09-11T12:02:46,2,1.619,29.52,28.6700,25.9,1.638,31.07,4.02,-62,10.00,
2026-09-11T12:02:47,2,1.639,31.13,28.6750,25.9,1.639,31.13,4.02,-62,10.00,
2026-09-11T12:02:48,2,1.618,29.45,28.6720,25.9,1.637,30.94,4.02,-63,9.75,
2026-09-11T12:02:54,2,1.634,30.74,28.6580,25.9,1.638,31.00,4.02,-56,4.25,
2026-09-11T12:02:55,2,1.619,29.52,28.6570,25.9,1.639,31.13,4.02,-56,4.00,
2026-09-11T12:02:56,2,1.638,31.00,28.6540,25.9,1.638,31.07,4.02,-57,4.50,
2026-09-11T12:02:57,2,1.615,29.20,28.6430,25.9,1.638,31.00,4.02,-62,10.00,
2026-09-11T12:02:58,2,1.616,29.26,28.6490,25.9,1.636,30.87,4.02,-62,10.25,
2026-09-11T12:02:59,2,1.635,30.81,28.6520,25.9,1.638,31.00,4.02,-62,10.25,
2026-09-11T12:03:00,2,1.618,29.45,28.6560,25.9,1.637,30.94,4.02,-62,10.25,
2026-09-11T12:03:02,2,1.643,31.45,28.6640,25.9,1.638,31.07,4.01,-63,10.25,
2026-09-11T12:03:03,2,1.637,30.94,28.6660,25.9,1.637,30.94,4.01,-61,9.75,
2026-09-11T12:03:04,2,1.619,29.52,28.6630,25.9,1.640,31.19,4.02,-62,10.00,
2026-09-11T12:03:05,2,1.638,31.00,28.6700,25.9,1.636,30.87,4.02,-61,10.00,
2026-09-11T12:03:06,2,1.617,29.39,28.6610,25.9,1.638,31.00,4.01,-62,10.25,
2026-09-11T12:03:07,2,1.617,29.32,28.6630,25.9,1.634,30.74,4.02,-62,10.00,
2026-09-11T12:03:08,2,1.635,30.81,28.6490,25.9,1.640,31.19,4.02,-62,10.25,
2026-09-11T12:03:09,2,1.617,29.32,28.6390,25.9,1.638,31.07,4.02,-63,10.00,
2026-09-11T12:03:10,2,1.644,31.52,28.6380,25.9,1.638,31.00,4.02,-62,9.75,
2026-09-11T12:03:11,2,1.636,30.87,28.6490,25.9,1.635,30.81,4.02,-61,10.00,
2026-09-11T12:03:12,2,1.620,29.58,28.6550,25.9,1.638,31.00,4.02,-62,10.00,
2026-09-11T12:03:14,2,1.639,31.13,28.6510,25.9,1.636,30.87,4.02,-62,9.75,
2026-09-11T12:03:15,2,1.620,29.58,28.6500,25.9,1.638,31.00,4.01,-63,10.00,
2026-09-11T12:03:16,2,1.618,29.45,28.6460,25.9,1.637,30.94,4.02,-62,9.75,
2026-09-11T12:03:17,2,1.639,31.13,28.6520,25.9,1.638,31.00,4.02,-62,9.50,
2026-09-11T12:03:18,2,1.619,29.52,28.6520,25.9,1.638,31.07,4.01,-62,10.25,
2026-09-11T12:03:19,2,1.624,29.90,28.6440,25.9,1.638,31.00,4.03,-62,9.50,
2026-09-11T12:03:20,2,1.636,30.87,28.6460,25.9,1.636,30.87,4.02,-62,10.50,
2026-09-11T12:03:21,2,1.618,29.45,28.6440,25.9,1.636,30.87,4.02,-62,10.25,
2026-09-11T12:03:22,2,1.639,31.13,28.6460,25.9,1.638,31.00,4.01,-62,9.75,
2026-09-11T12:03:23,2,1.646,31.71,28.6530,25.9,1.642,31.32,4.00,-63,9.50,
2026-09-11T12:03:24,2,1.617,29.32,28.6480,25.9,1.638,31.07,4.02,-62,10.25,
2026-09-11T12:03:26,2,1.640,31.19,28.6470,25.9,1.639,31.13,4.02,-62,10.00,
2026-09-11T12:03:27,2,1.617,29.32,28.6410,25.9,1.639,31.13,4.01,-63,10.00,
2026-09-11T12:03:28,2,1.618,29.45,28.6400,25.9,1.633,30.68,4.03,-62,9.75,
2026-09-11T12:03:29,2,1.637,30.94,28.6540,25.9,1.637,30.94,4.02,-62,11.00,
2026-09-11T12:03:30,2,1.619,29.52,28.6700,25.9,1.636,30.87,4.02,-62,10.25,
2026-09-11T12:03:31,2,1.639,31.13,28.6750,25.9,1.635,30.81,4.02,-62,11.00,
2026-09-11T12:03:32,2,1.640,31.19,28.6740,25.9,1.641,31.26,4.00,-62,9.75,
2026-09-11T12:03:33,2,1.619,29.52,28.6800,25.9,1.637,30.94,4.02,-61,9.75,
2026-09-11T12:03:39,2,1.617,29.39,28.6760,25.9,1.638,31.07,4.02,-56,4.00,
2026-09-11T12:03:40,2,1.642,31.32,28.6780,25.9,1.636,30.87,4.01,-56,4.50,
2026-09-11T12:03:41,2,1.640,31.19,28.6850,25.9,1.640,31.19,4.00,-56,5.00,
2026-09-11T12:03:42,2,1.617,29.39,28.6910,25.9,1.636,30.87,4.02,-61,10.25,
2026-09-11T12:03:43,2,1.637,30.94,28.6780,25.9,1.638,31.00,4.02,-62,9.75,
2026-09-11T12:03:44,2,1.628,30.23,28.6720,25.9,1.638,31.00,4.01,-62,9.75,
2026-09-11T12:03:45,2,1.617,29.39,28.6670,25.9,1.633,30.68,4.03,-62,9.75,
2026-09-11T12:03:46,2,1.636,30.87,28.6720,25.9,1.634,30.74,4.01,-61,10.25,
2026-09-11T12:03:47,2,1.617,29.39,28.6840,25.9,1.639,31.13,4.02,-61,10.00,
2026-09-11T12:03:49,2,1.642,31.32,28.6830,25.9,1.637,30.94,4.02,-61,9.75,
2026-09-11T12:03:50,2,1.640,31.19,28.6720,25.9,1.640,31.19,4.00,-62,9.75,
2026-09-11T12:03:51,2,1.619,29.52,28.6650,25.9,1.637,30.94,4.02,-62,10.00,
2026-09-11T12:03:52,2,1.640,31.19,28.6630,25.9,1.636,30.87,4.02,-62,11.00,
2026-09-11T12:03:53,2,1.619,29.52,28.6560,25.9,1.637,30.94,4.01,-62,10.00,
2026-09-11T12:03:54,2,1.614,29.13,28.6510,25.9,1.632,30.55,4.03,-61,9.50,
2026-09-11T12:03:55,2,1.638,31.00,28.6530,25.9,1.638,31.07,4.02,-62,10.00,
2026-09-11T12:03:56,2,1.620,29.58,28.6590,25.9,1.638,31.07,4.02,-61,9.75,
2026-09-11T12:03:57,2,1.642,31.32,28.6710,25.9,1.637,30.94,4.01,-62,9.75,
2026-09-11T12:03:58,2,1.637,30.94,28.6660,25.9,1.639,31.13,4.02,-61,10.00,
2026-09-11T12:03:59,2,1.617,29.39,28.6630,25.9,1.638,31.00,4.02,-59,9.50,
2026-09-11T12:04:01,2,1.638,31.00,28.6600,25.9,1.638,31.07,4.02,-61,10.00,
2026-09-11T12:04:02,2,1.620,29.58,28.6570,25.9,1.638,31.07,4.01,-61,9.75,
2026-09-11T12:04:03,2,1.619,29.52,28.6640,25.9,1.635,30.81,4.02,-61,9.75,
2026-09-11T12:04:04,2,1.634,30.74,28.6760,25.9,1.638,31.00,4.02,-61,10.00,
2026-09-11T12:04:05,2,1.618,29.45,28.6730,25.9,1.638,31.07,4.02,-61,9.75,
2026-09-11T12:04:07,2,1.636,30.87,28.6790,25.9,1.638,31.07,4.01,-63,10.00,
2026-09-11T12:04:08,2,1.618,29.45,28.6750,25.9,1.639,31.13,4.01,-63,9.75,
2026-09-11T12:04:09,2,1.638,31.07,28.6730,25.9,1.638,31.07,4.02,-62,10.00,
2026-09-11T12:04:10,2,1.619,29.52,28.6820,25.9,1.638,31.07,4.01,-63,10.00,
2026-09-11T12:04:12,2,1.621,29.71,28.6860,25.9,1.638,31.00,4.02,-63,10.00,
2026-09-11T12:04:13,2,1.635,30.81,28.6860,25.9,1.636,30.87,4.02,-62,10.00,
2026-09-11T12:04:14,2,1.619,29.52,28.6940,25.9,1.638,31.07,4.02,-63,10.25,
2026-09-11T12:04:15,2,1.642,31.39,28.6980,25.9,1.637,30.94,4.01,-62,10.25,
2026-09-11T12:04:16,2,1.635,30.81,28.6990,25.9,1.635,30.81,4.02,-62,10.00,
2026-09-11T12:04:17,2,1.618,29.45,28.6960,25.9,1.638,31.00,4.02,-63,10.25,
2026-09-11T12:04:18,2,1.639,31.13,28.6950,25.9,1.638,31.00,4.02,-62,9.75,
2026-09-11T12:04:22,2,1.619,29.52,28.6840,25.9,1.637,30.94,4.02,-56,3.50,
2026-09-11T12:04:24,2,1.645,31.58,28.6780,25.9,1.635,30.81,4.01,-56,3.00,
2026-09-11T12:04:25,2,1.636,30.87,28.6870,25.9,1.638,31.00,4.02,-56,3.50,
2026-09-11T12:04:26,2,1.621,29.71,28.6870,25.9,1.637,30.94,4.02,-57,6.75,
2026-09-11T12:04:27,2,1.639,31.13,28.6870,25.9,1.637,30.94,4.02,-62,9.75,
2026-09-11T12:04:28,2,1.618,29.45,28.6790,25.9,1.638,31.00,4.01,-63,9.75,
2026-09-11T12:04:29,2,1.617,29.32,28.6790,25.9,1.633,30.68,4.02,-62,10.00,
2026-09-11T12:04:30,2,1.638,31.07,28.6870,25.9,1.635,30.81,4.02,-62,10.00,
2026-09-11T12:04:31,2,1.619,29.52,28.6800,25.9,1.638,31.07,4.02,-62,9.75,
2026-09-11T12:04:32,2,1.634,30.74,28.6800,25.9,1.639,31.13,4.03,-62,9.75,
2026-09-11T12:04:33,2,1.638,31.00,28.6800,25.9,1.637,30.94,4.01,-62,10.00,
2026-09-11T12:04:34,2,1.618,29.45,28.6720,25.9,1.636,30.87,4.02,-62,10.25,
2026-09-11T12:04:36,2,1.638,31.07,28.6770,25.9,1.636,30.87,4.00,-62,9.75,
2026-09-11T12:04:37,2,1.625,30.03,28.6800,25.9,1.650,32.03,4.00,-63,9.75,
2026-09-11T12:04:38,2,1.620,29.58,28.6820,25.9,1.637,30.94,4.02,-63,10.00,
2026-09-11T12:04:39,2,1.636,30.87,28.6880,25.9,1.638,31.00,4.01,-63,10.00,
2026-09-11T12:04:40,2,1.620,29.58,28.6930,25.9,1.638,31.07,4.02,-62,10.25,
2026-09-11T12:04:41,2,1.617,29.32,28.6920,25.9,1.633,30.68,4.03,-62,10.00,
2026-09-11T12:04:42,2,1.638,31.07,28.6980,25.9,1.636,30.87,4.02,-62,10.50,
2026-09-11T12:04:43,2,1.619,29.52,28.6990,25.9,1.634,30.74,4.02,-62,10.50,
2026-09-11T12:04:44,2,1.641,31.26,28.6980,25.9,1.636,30.87,4.01,-61,10.25,
2026-09-11T12:04:45,2,1.637,30.94,28.6950,25.9,1.642,31.32,4.01,-63,9.75,
2026-09-11T12:04:46,2,1.617,29.39,28.6940,25.9,1.635,30.81,4.01,-63,10.25,
2026-09-11T12:04:48,2,1.636,30.87,28.7010,25.9,1.638,31.00,4.02,-63,10.00,
2026-09-11T12:04:49,2,1.619,29.52,28.7040,25.9,1.638,31.00,4.02,-61,9.75,
2026-09-11T12:04:50,2,1.617,29.32,28.7020,25.9,1.634,30.74,4.03,-62,9.75,
2026-09-11T12:04:51,2,1.637,30.94,28.7060,25.9,1.640,31.19,4.02,-62,10.00,
2026-09-11T12:04:52,2,1.617,29.32,28.7040,25.9,1.638,31.07,4.02,-62,9.50,
2026-09-11T12:04:53,2,1.638,31.07,28.7070,25.9,1.638,31.00,4.01,-62,10.00,
2026-09-11T12:04:54,2,1.638,31.07,28.7010,25.9,1.639,31.13,4.00,-61,9.50,
2026-09-11T12:04:55,2,1.617,29.39,28.7030,25.9,1.635,30.81,4.02,-62,10.00,
2026-09-11T12:04:56,2,1.637,30.94,28.6930,25.9,1.635,30.81,4.02,-62,9.75,
2026-09-11T12:04:57,2,1.620,29.58,28.6850,25.9,1.640,31.19,4.01,-62,10.00,
2026-09-11T12:04:59,2,1.616,29.26,28.6870,25.9,1.632,30.55,4.03,-62,9.75,
2026-09-11T12:05:00,2,1.638,31.00,28.6880,25.9,1.637,30.94,4.02,-63,10.00,
2026-09-11T12:05:01,2,1.619,29.52,28.6920,25.9,1.638,31.00,4.02,-63,10.00,
2026-09-11T12:05:02,2,1.643,31.45,28.6960,25.9,1.637,30.94,4.02,-63,10.00,
2026-09-11T12:05:03,2,1.640,31.19,28.6960,25.9,1.641,31.26,4.01,-62,10.25,
2026-09-11T12:05:07,2,1.617,29.39,28.7010,25.9,1.632,30.55,4.02,-56,3.75,
2026-09-11T12:05:08,2,1.635,30.81,28.6940,25.9,1.635,30.81,4.02,-56,3.50,
2026-09-11T12:05:09,2,1.623,29.84,28.6920,25.9,1.637,30.94,4.02,-56,4.00,
2026-09-11T12:05:11,2,1.642,31.32,28.6960,25.9,1.639,31.13,4.02,-61,10.00,
2026-09-11T12:05:12,2,1.637,30.94,28.7010,25.9,1.639,31.13,4.02,-61,10.00,
2026-09-11T12:05:13,2,1.619,29.52,28.7000,25.9,1.640,31.19,4.02,-61,9.50,
2026-09-11T12:05:14,2,1.640,31.19,28.6900,25.9,1.636,30.87,4.02,-61,10.00,
2026-09-11T12:05:15,2,1.619,29.52,28.6940,25.9,1.638,31.07,4.01,-61,10.00,
2026-09-11T12:05:16,2,1.621,29.65,28.6890,25.9,1.636,30.87,4.02,-61,10.00,
2026-09-11T12:05:17,2,1.636,30.87,28.6820,25.9,1.633,30.68,4.01,-62,9.75,
2026-09-11T12:05:18,2,1.620,29.58,28.6920,25.9,1.638,31.00,4.02,-62,9.75,
2026-09-11T12:05:19,2,1.642,31.32,28.6880,25.9,1.637,30.94,4.01,-62,10.00,
2026-09-11T12:05:20,2,1.636,30.87,28.6900,25.9,1.637,30.94,4.01,-62,10.00,
2026-09-11T12:05:21,2,1.617,29.39,28.6890,25.9,1.638,31.00,4.01,-62,10.00,
2026-09-11T12:05:23,2,1.638,31.00,28.6840,25.9,1.635,30.81,4.00,-62,9.50,
2026-09-11T12:05:24,2,1.621,29.65,28.6840,25.9,1.635,30.81,4.01,-63,9.75,
2026-09-11T12:05:25,2,1.617,29.39,28.6700,25.9,1.634,30.74,4.02,-63,10.50,
2026-09-11T12:05:26,2,1.637,30.94,28.6720,25.9,1.635,30.81,4.02,-62,10.25,
2026-09-11T12:05:27,2,1.621,29.65,28.6700,25.9,1.637,30.94,4.02,-62,10.00,
2026-09-11T12:05:28,2,1.642,31.39,28.6730,25.9,1.637,30.94,4.01,-63,10.25,
2026-09-11T12:05:29,2,1.637,30.94,28.6730,25.9,1.635,30.81,4.02,-62,10.50,
2026-09-11T12:05:30,2,1.617,29.32,28.6750,25.9,1.638,31.07,4.02,-62,9.75,
2026-09-11T12:05:31,2,1.641,31.26,28.6600,25.9,1.638,31.00,4.01,-62,10.00,
2026-09-11T12:05:32,2,1.616,29.26,28.6560,25.9,1.636,30.87,4.02,-62,10.00,
2026-09-11T12:05:33,2,1.618,29.45,28.6670,25.9,1.638,31.07,4.02,-62,9.75,
2026-09-11T12:05:35,2,1.635,30.81,28.6690,25.9,1.635,30.81,4.02,-62,10.00,
2026-09-11T12:05:36,2,1.617,29.39,28.6680,25.9,1.635,30.81,4.02,-62,10.25,
2026-09-11T12:05:37,2,1.643,31.45,28.6750,25.9,1.638,31.07,4.01,-62,9.75,
2026-09-11T12:05:38,2,1.634,30.74,28.6710,25.9,1.633,30.68,4.01,-62,9.75,
2026-09-11T12:05:39,2,1.620,29.58,28.6640,25.9,1.638,31.00,4.02,-62,9.75,
2026-09-11T12:05:40,2,1.637,30.94,28.6610,25.9,1.637,30.94,4.01,-62,10.00,
2026-09-11T12:05:41,2,1.619,29.52,28.6610,25.9,1.637,30.94,4.01,-62,10.25,
2026-09-11T12:05:42,2,1.618,29.45,28.6490,25.9,1.631,30.48,4.02,-62,9.75,
2026-09-11T12:05:43,2,1.637,30.94,28.6520,25.9,1.635,30.81,4.02,-62,10.00,
2026-09-11T12:05:44,2,1.617,29.39,28.6640,25.9,1.638,31.00,4.02,-62,9.50,
2026-09-11T12:05:46,2,1.642,31.32,28.6700,25.9,1.638,31.00,4.01,-62,10.00,
2026-09-11T12:05:47,2,1.626,30.10,28.6740,25.9,1.638,31.00,4.02,-62,10.00,
2026-09-11T12:05:52,2,1.638,31.00,28.6720,25.9,1.636,30.87,4.01,-56,3.00,
2026-09-11T12:05:53,2,1.619,29.52,28.6730,25.9,1.636,30.87,4.02,-56,2.50,
2026-09-11T12:05:54,2,1.646,31.65,28.6660,25.9,1.637,30.94,4.01,-55,6.50,
2026-09-11T12:05:55,2,1.635,30.81,28.6670,25.9,1.638,31.00,4.02,-61,9.75,
2026-09-11T12:05:56,2,1.618,29.45,28.6700,25.9,1.632,30.55,4.02,-60,10.25,
2026-09-11T12:05:58,2,1.642,31.39,28.6680,25.9,1.637,30.94,4.02,-61,9.75,
2026-09-11T12:05:59,2,1.619,29.52,28.6710,25.9,1.639,31.13,4.01,-61,9.75,
2026-09-11T12:06:00,2,1.617,29.39,28.6730,25.9,1.638,31.07,4.02,-60,10.00,
2026-09-11T12:06:01,2,1.628,30.23,28.6680,25.9,1.637,30.94,4.02,-61,10.00,
2026-09-11T12:06:02,2,1.618,29.45,28.6660,25.9,1.633,30.68,4.02,-61,9.75,
2026-09-11T12:06:03,2,1.631,30.48,28.6580,25.9,1.637,30.94,4.03,-61,10.25,
2026-09-11T12:06:04,2,1.642,31.32,28.6650,25.9,1.638,31.07,4.02,-63,10.00,
2026-09-11T12:06:05,2,1.617,29.32,28.6630,25.9,1.638,31.00,4.02,-62,9.50,
2026-09-11T12:06:06,2,1.639,31.13,28.6590,25.9,1.638,31.00,4.02,-63,13.00,
2026-09-11T12:06:07,2,1.638,31.07,28.6520,25.9,1.638,31.07,3.99,-64,9.00,
2026-09-11T12:06:08,2,1.617,29.39,28.6500,25.9,1.636,30.87,4.01,-61,10.00,
2026-09-11T12:06:10,2,1.636,30.87,28.6540,25.9,1.637,30.94,4.02,-61,9.75,
2026-09-11T12:06:11,2,1.618,29.45,28.6530,25.9,1.636,30.87,4.01,-61,9.75,
2026-09-11T12:06:12,2,1.628,30.23,28.6560,25.9,1.635,30.81,4.03,-61,10.00,
2026-09-11T12:06:13,2,1.638,31.00,28.6660,25.9,1.633,30.68,4.02,-61,10.00,
2026-09-11T12:06:14,2,1.619,29.52,28.6720,25.9,1.635,30.81,4.02,-61,9.75,
2026-09-11T12:06:15,2,1.638,31.07,28.6710,25.9,1.637,30.94,4.01,-61,9.75,
2026-09-11T12:06:16,2,1.640,31.19,28.6800,25.9,1.640,31.19,4.00,-61,9.25,
2026-09-11T12:06:17,2,1.620,29.58,28.6830,25.9,1.635,30.81,4.02,-61,9.25,
2026-09-11T12:06:18,2,1.640,31.19,28.6910,25.9,1.637,30.94,4.02,-61,10.00,
2026-09-11T12:06:19,2,1.619,29.52,28.6960,25.9,1.646,31.71,4.02,-61,10.00,
2026-09-11T12:06:21,2,1.616,29.26,28.7040,25.9,1.632,30.55,4.03,-61,9.50,
2026-09-11T12:06:22,2,1.627,30.16,28.7070,25.9,1.636,30.87,4.02,-61,10.00,
2026-09-11T12:06:23,2,1.621,29.65,28.7080,25.9,1.637,30.94,4.01,-61,10.00,
2026-09-11T12:06:24,2,1.640,31.19,28.6980,25.9,1.636,30.87,4.02,-61,10.25,
2026-09-11T12:06:25,2,1.636,30.87,28.6970,25.9,1.640,31.19,4.02,-60,9.75,
2026-09-11T12:06:26,2,1.617,29.39,28.6980,25.9,1.638,31.00,4.02,-61,10.00,
2026-09-11T12:06:27,2,1.640,31.19,28.6970,25.9,1.637,30.94,4.01,-61,9.50,
2026-09-11T12:06:28,2,1.618,29.45,28.6970,25.9,1.639,31.13,4.02,-61,9.75,
2026-09-11T12:06:29,2,1.619,29.52,28.6990,25.9,1.636,30.87,4.02,-61,10.00,
2026-09-11T12:06:30,2,1.637,30.94,28.7090,25.9,1.637,30.94,4.02,-61,10.00,
2026-09-11T12:06:31,2,1.617,29.39,28.7130,25.9,1.638,31.00,4.01,-61,10.00,
2026-09-11T12:06:36,2,1.638,31.07,28.6840,25.9,1.636,30.87,4.01,-57,8.75,
2026-09-11T12:06:37,2,1.620,29.58,28.6840,25.9,1.636,30.87,4.02,-57,8.25,
2026-09-11T12:06:38,2,1.618,29.45,28.6860,25.9,1.640,31.19,4.02,-57,8.50,
2026-09-11T12:06:39,2,1.637,30.94,28.6810,25.9,1.635,30.81,4.02,-57,9.25,
2026-09-11T12:06:40,2,1.618,29.45,28.6790,25.9,1.631,30.48,4.01,-61,10.00,
2026-09-11T12:06:41,2,1.638,31.07,28.6750,25.9,1.635,30.81,4.01,-60,9.75,
2026-09-11T12:06:42,2,1.637,30.94,28.6600,25.9,1.637,30.94,4.02,-61,9.75,
2026-09-11T12:06:43,2,1.617,29.32,28.6660,25.9,1.636,30.87,4.02,-60,10.00,
2026-09-11T12:06:45,2,1.638,31.00,28.6650,25.9,1.637,30.94,4.02,-61,9.75,
2026-09-11T12:06:46,2,1.619,29.52,28.6640,25.9,1.636,30.87,4.02,-61,10.25,
2026-09-11T12:06:47,2,1.631,30.48,28.6570,25.9,1.637,30.94,4.02,-61,10.25,
2026-09-11T12:06:48,2,1.637,30.94,28.6560,25.9,1.634,30.74,4.02,-61,10.00,
2026-09-11T12:06:49,2,1.619,29.52,28.6560,25.9,1.635,30.81,4.01,-61,10.00,
2026-09-11T12:06:50,2,1.636,30.87,28.6450,25.9,1.637,30.94,4.01,-61,10.00,
2026-09-11T12:06:51,2,1.633,30.68,28.6470,25.9,1.635,30.81,4.01,-61,10.25,
2026-09-11T12:06:52,2,1.618,29.45,28.6400,25.9,1.637,30.94,4.01,-60,10.00,
2026-09-11T12:06:53,2,1.638,31.00,28.6410,25.9,1.634,30.74,4.01,-61,9.75,
2026-09-11T12:06:54,2,1.619,29.52,28.6450,25.9,1.641,31.26,4.01,-60,9.75,
2026-09-11T12:06:55,2,1.619,29.52,28.6460,25.9,1.637,30.94,4.02,-60,10.00,
2026-09-11T12:06:57,2,1.635,30.81,28.6460,25.9,1.634,30.74,4.01,-61,10.25,
2026-09-11T12:06:58,2,1.621,29.65,28.6410,25.9,1.636,30.87,4.02,-60,10.25,
2026-09-11T12:06:59,2,1.640,31.19,28.6420,25.9,1.637,30.94,4.02,-61,9.75,
2026-09-11T12:07:01,2,1.618,29.45,28.6330,25.9,1.637,30.94,4.02,-61,9.75,
2026-09-11T12:07:02,2,1.636,30.87,28.6370,25.9,1.636,30.87,4.01,-60,10.25,
2026-09-11T12:07:03,2,1.618,29.45,28.6420,25.9,1.638,31.07,4.01,-60,10.00,
2026-09-11T12:07:04,2,1.618,29.45,28.6460,25.9,1.637,30.94,4.02,-61,9.75,
2026-09-11T12:07:05,2,1.633,30.68,28.6520,25.9,1.637,30.94,4.02,-60,9.75,
2026-09-11T12:07:06,2,1.617,29.39,28.6590,25.9,1.635,30.81,4.02,-60,9.75,
2026-09-11T12:07:08,2,1.642,31.39,28.6610,25.9,1.648,31.84,4.02,-64,9.50,
2026-09-11T12:07:09,2,1.636,30.87,28.6610,25.9,1.635,30.81,4.01,-66,10.00,
2026-09-11T12:07:10,2,1.617,29.39,28.6690,25.9,1.639,31.13,4.02,-63,10.00,
2026-09-11T12:07:11,2,1.638,31.07,28.6650,25.9,1.634,30.74,4.01,-63,10.00,
2026-09-11T12:07:12,2,1.618,29.45,28.6610,25.9,1.638,31.00,4.02,-60,9.75,
2026-09-11T12:07:13,2,1.617,29.32,28.6740,25.9,1.631,30.48,4.02,-63,10.00,
2026-09-11T12:07:14,2,1.636,30.87,28.6640,25.9,1.636,30.87,4.01,-64,9.50,
2026-09-11T12:07:15,2,1.618,29.45,28.6640,25.9,1.637,30.94,4.02,-62,10.00,
2026-09-11T12:07:21,2,1.618,29.45,28.6620,25.9,1.639,31.13,4.01,-57,6.50,
2026-09-11T12:07:22,2,1.609,28.74,28.6620,25.9,1.640,31.19,4.01,-57,6.25,
2026-09-11T12:07:23,2,1.638,31.07,28.6640,25.9,1.635,30.81,4.01,-57,7.00,
2026-09-11T12:07:24,2,1.618,29.45,28.6530,25.9,1.640,31.19,4.01,-62,10.25,
2026-09-11T12:07:25,2,1.639,31.13,28.6500,25.9,1.636,30.87,4.01,-63,10.25,
2026-09-11T12:07:26,2,1.635,30.81,28.6520,25.9,1.632,30.55,4.02,-62,9.75,
2026-09-11T12:07:27,2,1.619,29.52,28.6530,25.9,1.638,31.00,4.01,-62,10.00,
2026-09-11T12:07:28,2,1.636,30.87,28.6540,25.9,1.635,30.81,4.01,-62,10.25,
2026-09-11T12:07:29,2,1.620,29.58,28.6500,25.9,1.638,31.07,4.01,-63,9.75,
2026-09-11T12:07:30,2,1.617,29.39,28.6470,25.9,1.637,30.94,4.01,-62,10.00,
2026-09-11T12:07:32,2,1.636,30.87,28.6490,25.9,1.635,30.81,4.02,-62,10.25,
2026-09-11T12:07:33,2,1.619,29.52,28.6450,25.9,1.638,31.00,4.02,-62,9.75,
2026-09-11T12:07:34,2,1.640,31.19,28.6490,25.9,1.633,30.61,4.01,-62,10.00,
2026-09-11T12:07:35,2,1.635,30.81,28.6430,25.9,1.637,30.94,4.01,-62,10.00,
2026-09-11T12:07:36,2,1.617,29.32,28.6390,25.9,1.637,30.94,4.02,-62,9.50,
2026-09-11T12:07:37,2,1.638,31.07,28.6420,25.9,1.636,30.87,4.02,-62,10.00,
2026-09-11T12:07:38,2,1.615,29.20,28.6390,25.9,1.633,30.61,4.03,-62,9.50,
2026-09-11T12:07:39,2,1.617,29.39,28.6530,25.9,1.638,31.00,4.02,-62,9.75,
2026-09-11T12:07:40,2,1.636,30.87,28.6580,25.9,1.635,30.81,4.02,-62,10.00,
2026-09-11T12:07:41,2,1.618,29.45,28.6560,25.9,1.638,31.00,4.01,-63,9.50,
2026-09-11T12:07:43,2,1.646,31.65,28.6530,25.9,1.641,31.26,4.00,-62,9.75,
2026-09-11T12:07:44,2,1.635,30.81,28.6560,25.9,1.646,31.65,4.02,-62,10.00,
2026-09-11T12:07:45,2,1.616,29.26,28.6570,25.9,1.638,31.00,4.01,-63,10.00,
2026-09-11T12:07:46,2,1.639,31.13,28.6550,25.9,1.637,30.94,4.02,-62,9.75,
2026-09-11T12:07:47,2,1.615,29.20,28.6560,25.9,1.635,30.81,4.03,-61,9.50,
2026-09-11T12:07:48,2,1.617,29.32,28.6520,25.9,1.638,31.00,4.02,-63,9.75,
2026-09-11T12:07:49,2,1.634,30.74,28.6500,25.9,1.637,30.94,4.02,-61,10.00,
2026-09-11T12:07:50,2,1.618,29.45,28.6500,25.9,1.641,31.26,4.02,-62,10.50,
2026-09-11T12:07:51,2,1.646,31.65,28.6620,25.9,1.639,31.13,4.00,-63,9.50,
2026-09-11T12:07:52,2,1.635,30.81,28.6580,25.9,1.636,30.87,4.02,-63,10.25,
2026-09-11T12:07:53,2,1.617,29.32,28.6600,25.9,1.638,31.07,4.01,-63,10.00,
2026-09-11T12:07:55,2,1.638,31.00,28.6610,25.9,1.638,31.07,4.01,-63,10.00,
2026-09-11T12:07:56,2,1.616,29.26,28.6650,25.9,1.635,30.81,4.03,-61,9.75,
2026-09-11T12:07:57,2,1.618,29.45,28.6670,25.9,1.638,31.07,4.02,-63,10.00,
2026-09-11T12:07:58,2,1.638,31.00,28.6550,25.9,1.636,30.87,4.02,-62,10.00,
2026-09-11T12:07:59,2,1.617,29.32,28.6420,25.9,1.639,31.13,4.01,-62,10.25,
2026-09-11T12:08:00,2,1.642,31.39,28.6350,25.9,1.639,31.13,4.00,-63,9.50,
2026-09-11T12:08:05,2,1.621,29.71,28.6320,25.9,1.637,30.94,4.02,-58,7.25,
2026-09-11T12:08:07,2,1.637,30.94,28.6270,25.9,1.633,30.68,4.02,-58,7.00,
2026-09-11T12:08:08,2,1.618,29.45,28.6310,25.9,1.640,31.19,4.02,-58,7.50,
2026-09-11T12:08:09,2,1.644,31.52,28.6290,25.9,1.642,31.32,4.00,-61,10.00,
2026-09-11T12:08:10,2,1.635,30.81,28.6270,25.9,1.638,31.00,4.01,-62,10.00,
2026-09-11T12:08:11,2,1.618,29.45,28.6300,25.9,1.638,31.07,4.02,-62,9.75,
2026-09-11T12:08:12,2,1.637,30.94,28.6340,25.9,1.636,30.87,4.01,-63,10.25,
2026-09-11T12:08:13,2,1.618,29.45,28.6270,25.9,1.634,30.74,4.03,-62,10.00,
2026-09-11T12:08:14,2,1.619,29.52,28.6250,25.9,1.637,30.94,4.01,-62,10.25,
2026-09-11T12:08:15,2,1.639,31.13,28.6320,25.9,1.635,30.81,4.02,-62,10.00,
2026-09-11T12:08:16,2,1.619,29.52,28.6250,25.9,1.638,31.07,4.01,-63,10.25,
2026-09-11T12:08:17,2,1.647,31.77,28.6420,25.9,1.641,31.26,4.00,-63,10.25,
2026-09-11T12:08:19,2,1.635,30.81,28.6550,25.9,1.634,30.74,4.02,-62,10.00,
2026-09-11T12:08:20,2,1.619,29.52,28.6590,25.9,1.634,30.74,4.01,-63,10.50,
2026-09-11T12:08:21,2,1.639,31.13,28.6620,25.9,1.634,30.74,4.01,-63,10.25,
2026-09-11T12:08:22,2,1.613,29.07,28.6650,25.9,1.632,30.55,4.03,-63,9.75,
2026-09-11T12:08:23,2,1.617,29.32,28.6660,25.9,1.638,31.00,4.01,-63,10.00,
2026-09-11T12:08:24,2,1.634,30.74,28.6740,25.9,1.634,30.74,4.01,-63,10.00,
2026-09-11T12:08:25,2,1.619,29.52,28.6650,25.9,1.638,31.00,4.02,-62,10.00,
2026-09-11T12:08:26,2,1.650,32.03,28.6620,25.9,1.642,31.32,4.00,-63,9.75,
2026-09-11T12:08:27,2,1.633,30.68,28.6680,25.9,1.637,30.94,4.02,-62,10.25,
2026-09-11T12:08:28,2,1.619,29.52,28.6700,25.9,1.637,30.94,4.02,-62,10.25,
2026-09-11T12:08:30,2,1.640,31.19,28.6780,25.9,1.638,31.07,4.00,-63,9.50,
2026-09-11T12:08:31,2,1.616,29.26,28.6790,25.9,1.629,30.36,4.02,-62,9.50,
2026-09-11T12:08:32,2,1.618,29.45,28.6760,25.9,1.638,31.00,4.02,-63,10.00,
2026-09-11T12:08:33,2,1.639,31.13,28.6810,25.9,1.637,30.94,4.02,-62,10.25,
2026-09-11T12:08:34,2,1.618,29.45,28.6810,25.9,1.634,30.74,4.03,-63,9.75,
2026-09-11T12:08:35,2,1.648,31.84,28.6880,25.9,1.639,31.13,4.00,-62,9.50,
2026-09-11T12:08:36,2,1.634,30.74,28.6870,25.9,1.630,30.42,4.02,-61,9.75,
2026-09-11T12:08:37,2,1.621,29.65,28.6870,25.9,1.638,31.00,4.01,-63,10.00,
2026-09-11T12:08:38,2,1.642,31.32,28.6790,25.9,1.640,31.19,4.00,-63,9.75,
2026-09-11T12:08:39,2,1.614,29.13,28.6760,25.9,1.635,30.81,4.03,-62,9.75,
2026-09-11T12:08:40,2,1.618,29.45,28.6750,25.9,1.635,30.81,4.01,-63,10.00,
2026-09-11T12:08:42,2,1.635,30.81,28.6730,25.9,1.634,30.74,4.02,-62,10.00,
2026-09-11T12:08:43,2,1.616,29.26,28.6650,25.9,1.635,30.81,4.02,-62,10.25,
2026-09-11T12:08:44,2,1.645,31.58,28.6680,25.9,1.640,31.19,4.00,-63,9.75,
2026-09-11T12:08:45,2,1.638,31.00,28.6710,25.9,1.634,30.74,4.02,-62,10.50,
2026-09-11T12:08:49,2,1.618,29.45,28.6740,25.9,1.643,31.45,4.02,-57,6.50,
2026-09-11T12:08:50,2,1.636,30.87,28.6610,25.9,1.629,30.36,4.01,-58,6.75,
2026-09-11T12:08:51,2,1.618,29.45,28.6610,25.9,1.633,30.68,4.03,-58,6.25,
2026-09-11T12:08:52,2,1.645,31.58,28.6690,25.9,1.640,31.19,4.00,-58,8.00,
2026-09-11T12:08:54,2,1.634,30.74,28.6710,25.9,1.636,30.87,4.01,-63,10.50,
2026-09-11T12:08:55,2,1.621,29.65,28.6600,25.9,1.638,31.07,4.01,-63,10.00,
2026-09-11T12:08:56,2,1.640,31.19,28.6620,25.9,1.639,31.13,4.00,-63,9.75,
2026-09-11T12:08:57,2,1.613,29.00,28.6610,25.9,1.635,30.81,4.03,-63,9.75,
2026-09-11T12:08:58,2,1.617,29.39,28.6630,25.9,1.638,31.00,4.01,-62,10.00,
2026-09-11T12:08:59,2,1.636,30.87,28.6550,25.9,1.638,31.07,4.02,-63,10.25,
2026-09-11T12:09:00,2,1.616,29.26,28.6470,25.9,1.633,30.68,4.02,-63,10.00,
2026-09-11T12:09:01,2,1.642,31.32,28.6470,25.9,1.642,31.32,4.01,-63,10.00,
2026-09-11T12:09:02,2,1.637,30.94,28.6520,25.9,1.635,30.81,4.01,-63,10.25,
2026-09-11T12:09:03,2,1.620,29.58,28.6440,25.9,1.640,31.19,4.01,-62,10.00,
2026-09-11T12:09:04,2,1.641,31.26,28.6470,25.9,1.639,31.13,4.00,-61,9.75,
2026-09-11T12:09:06,2,1.617,29.32,28.6430,25.9,1.634,30.74,4.02,-62,10.25,
2026-09-11T12:09:07,2,1.617,29.39,28.6530,25.9,1.638,31.00,4.01,-62,9.75,
2026-09-11T12:09:08,2,1.638,31.07,28.6570,25.9,1.636,30.87,4.01,-63,10.00,
2026-09-11T12:09:09,2,1.614,29.13,28.6480,25.9,1.636,30.87,4.03,-63,10.00,
2026-09-11T12:09:10,2,1.640,31.19,28.6560,25.9,1.640,31.19,4.01,-62,9.75,
2026-09-11T12:09:11,2,1.633,30.61,28.6590,25.9,1.638,31.00,4.01,-63,10.25,
2026-09-11T12:09:12,2,1.618,29.45,28.6620,25.9,1.638,31.07,4.01,-63,9.75,
2026-09-11T12:09:13,2,1.642,31.32,28.6500,25.9,1.640,31.19,4.00,-63,10.00,
2026-09-11T12:09:14,2,1.615,29.20,28.6520,25.9,1.635,30.81,4.03,-62,10.25,
2026-09-11T12:09:15,2,1.619,29.52,28.6480,25.9,1.635,30.81,4.01,-63,9.75,
2026-09-11T12:09:17,2,1.635,30.81,28.6540,25.9,1.636,30.87,4.01,-61,10.50,
2026-09-11T12:09:18,2,1.617,29.32,28.6490,25.9,1.632,30.55,4.02,-62,10.00,
2026-09-11T12:09:19,2,1.634,30.74,28.6440,25.9,1.640,31.19,4.01,-63,10.25,
2026-09-11T12:09:20,2,1.636,30.87,28.6530,25.9,1.633,30.68,4.02,-62,10.00,
2026-09-11T12:09:21,2,1.617,29.39,28.6550,25.9,1.631,30.48,4.03,-62,9.75,
2026-09-11T12:09:22,2,1.638,31.07,28.6520,25.9,1.642,31.32,4.00,-62,9.25,
2026-09-11T12:09:23,2,1.636,30.87,28.6580,25.9,1.634,30.74,4.02,-62,10.50,
2026-09-11T12:09:24,2,1.620,29.58,28.6630,25.9,1.638,31.00,4.01,-63,10.00,
2026-09-11T12:09:25,2,1.642,31.32,28.6700,25.9,1.638,31.07,4.00,-63,9.50,
2026-09-11T12:09:26,2,1.617,29.39,28.6670,25.9,1.633,30.68,4.03,-61,9.25,
2026-09-11T12:09:27,2,1.618,29.45,28.6600,25.9,1.635,30.81,4.01,-63,10.25,
2026-09-11T12:09:29,2,1.634,30.74,28.6680,25.9,1.638,31.00,4.02,-63,10.00,
2026-09-11T12:09:33,2,1.620,29.58,28.6790,25.9,1.632,30.55,4.01,-63,8.75,
2026-09-11T12:09:34,2,1.642,31.39,28.6770,25.9,1.639,31.13,4.01,-58,6.50,
2026-09-11T12:09:35,2,1.617,29.39,28.6810,25.9,1.633,30.68,4.03,-58,6.50,
2026-09-11T12:09:36,2,1.619,29.52,28.6760,25.9,1.638,31.00,4.02,-58,6.75,
2026-09-11T12:09:37,2,1.636,30.87,28.6770,25.9,1.637,30.94,4.01,-63,9.75,
2026-09-11T12:09:38,2,1.617,29.32,28.6850,25.9,1.632,30.55,4.03,-62,9.50,
2026-09-11T12:09:39,2,1.642,31.39,28.6900,25.9,1.638,31.07,4.00,-63,9.75,
2026-09-11T12:09:41,2,1.635,30.81,28.6880,25.9,1.633,30.61,4.01,-63,9.75,
2026-09-11T12:09:42,2,1.617,29.39,28.6890,25.9,1.637,30.94,4.01,-63,10.25,
2026-09-11T12:09:43,2,1.641,31.26,28.6750,25.9,1.638,31.07,4.00,-63,10.00,
2026-09-11T12:09:44,2,1.616,29.26,28.6720,25.9,1.633,30.68,4.03,-63,10.00,
2026-09-11T12:09:45,2,1.619,29.52,28.6660,25.9,1.632,30.55,4.01,-63,10.00,
2026-09-11T12:09:46,2,1.634,30.74,28.6640,25.9,1.638,31.07,4.01,-63,10.00,
2026-09-11T12:09:47,2,1.616,29.26,28.6600,25.9,1.635,30.81,4.03,-63,10.00,
2026-09-11T12:09:48,2,1.642,31.32,28.6650,25.9,1.641,31.26,4.00,-63,9.50,
2026-09-11T12:09:49,2,1.635,30.81,28.6500,25.9,1.635,30.81,4.02,-62,10.25,
2026-09-11T12:09:50,2,1.617,29.39,28.6400,25.9,1.637,30.94,4.01,-63,10.00,
2026-09-11T12:09:51,2,1.640,31.19,28.6390,25.9,1.639,31.13,4.00,-63,9.75,
2026-09-11T12:09:53,2,1.615,29.20,28.6340,25.9,1.633,30.68,4.03,-62,9.50,
2026-09-11T12:09:54,2,1.618,29.45,28.6400,25.9,1.635,30.81,4.01,-63,10.00,
2026-09-11T12:09:55,2,1.636,30.87,28.6340,25.9,1.637,30.94,4.01,-63,9.50,
2026-09-11T12:09:56,2,1.622,29.78,28.6430,25.9,1.632,30.55,4.03,-62,9.50,
2026-09-11T12:09:57,2,1.642,31.39,28.6480,25.9,1.638,31.07,4.00,-62,9.50,
2026-09-11T12:09:58,2,1.637,30.94,28.6420,25.9,1.635,30.81,4.02,-62,10.00,
2026-09-11T12:09:59,2,1.619,29.52,28.6390,25.9,1.638,31.07,4.03,-62,10.00,
2026-09-11T12:10:00,2,1.636,30.87,28.6350,25.9,1.641,31.26,4.00,-62,9.75,
2026-09-11T12:10:01,2,1.615,29.20,28.6330,25.9,1.636,30.87,4.03,-62,10.00,
2026-09-11T12:10:02,2,1.617,29.39,28.6430,25.9,1.638,31.00,4.01,-63,10.00,
2026-09-11T12:10:04,2,1.638,31.00,28.6400,25.9,1.636,30.87,4.00,-62,9.75,
2026-09-11T12:10:05,2,1.617,29.32,28.6470,25.9,1.634,30.74,4.03,-62,10.00,
2026-09-11T12:10:06,2,1.643,31.45,28.6410,25.9,1.642,31.32,4.00,-62,9.50,
2026-09-11T12:10:07,2,1.636,30.87,28.6440,25.9,1.634,30.74,4.01,-61,10.00,
2026-09-11T12:10:08,2,1.615,29.20,28.6350,25.9,1.633,30.61,4.03,-62,10.00,
2026-09-11T12:10:09,2,1.640,31.19,28.6310,25.9,1.639,31.13,4.00,-62,9.50,
2026-09-11T12:10:10,2,1.616,29.26,28.6420,25.9,1.633,30.61,4.03,-62,9.75,
2026-09-11T12:10:11,2,1.622,29.78,28.6420,25.9,1.640,31.19,4.01,-62,10.00,
2026-09-11T12:10:12,2,1.638,31.00,28.6300,25.9,1.632,30.55,4.00,-62,10.00,
2026-09-11T12:10:13,2,1.615,29.20,28.6280,25.9,1.633,30.68,4.03,-62,9.75,
2026-09-11T12:10:19,2,1.616,29.26,28.6240,25.9,1.633,30.61,4.03,-58,7.00,
2026-09-11T12:10:20,2,1.617,29.32,28.6290,25.9,1.638,31.07,4.01,-58,6.75,
2026-09-11T12:10:21,2,1.638,31.07,28.6290,25.9,1.639,31.13,3.99,-57,7.50,
2026-09-11T12:10:22,2,1.615,29.20,28.6240,25.9,1.632,30.55,4.03,-62,9.50,
2026-09-11T12:10:23,2,1.642,31.32,28.6250,25.9,1.642,31.32,4.00,-62,9.75,
2026-09-11T12:10:24,2,1.636,30.87,28.6290,25.9,1.633,30.68,4.02,-61,10.25,
2026-09-11T12:10:25,2,1.604,28.36,28.6330,25.9,1.628,30.23,4.03,-62,9.50,
2026-09-11T12:10:26,2,1.640,31.19,28.6290,25.9,1.641,31.26,4.00,-62,9.50,
2026-09-11T12:10:28,2,1.616,29.26,28.6290,25.9,1.646,31.65,4.03,-62,10.00,
2026-09-11T12:10:29,2,1.619,29.52,28.6300,25.9,1.638,31.00,4.01,-62,10.00,
2026-09-11T12:10:30,2,1.639,31.13,28.6350,25.9,1.642,31.32,4.00,-62,9.75,
2026-09-11T12:10:31,2,1.618,29.45,28.6390,25.9,1.633,30.61,4.03,-62,9.50,
2026-09-11T12:10:32,2,1.642,31.39,28.6410,25.9,1.640,31.19,4.00,-62,10.25,
2026-09-11T12:10:33,2,1.636,30.87,28.6450,25.9,1.638,31.00,4.01,-62,9.50,
2026-09-11T12:10:34,2,1.616,29.26,28.6460,25.9,1.625,30.03,4.03,-62,9.50,
2026-09-11T12:10:35,2,1.639,31.13,28.6510,25.9,1.640,31.19,4.00,-62,9.50,
2026-09-11T12:10:36,2,1.614,29.13,28.6590,25.9,1.633,30.61,4.03,-62,9.50,
2026-09-11T12:10:37,2,1.619,29.52,28.6590,25.9,1.638,31.00,4.01,-62,10.25,
2026-09-11T12:10:39,2,1.638,31.00,28.6550,25.9,1.639,31.13,4.00,-61,9.75,
2026-09-11T12:10:40,2,1.614,29.13,28.6620,25.9,1.634,30.74,4.03,-62,9.50,
2026-09-11T12:10:41,2,1.642,31.39,28.6590,25.9,1.638,31.07,4.00,-62,9.50,
2026-09-11T12:10:42,2,1.645,31.58,28.6650,25.9,1.636,30.87,4.01,-62,10.00,
2026-09-11T12:10:43,2,1.614,29.13,28.6650,25.9,1.635,30.81,4.03,-62,9.75,
2026-09-11T12:10:44,2,1.640,31.19,28.6670,25.9,1.638,31.07,4.00,-62,10.25,
2026-09-11T12:10:45,2,1.615,29.20,28.6730,25.9,1.634,30.74,4.03,-62,9.75,
2026-09-11T12:10:46,2,1.618,29.45,28.6700,25.9,1.638,31.07,4.01,-62,10.00,
2026-09-11T12:10:47,2,1.638,31.07,28.6800,25.9,1.640,31.19,4.00,-60,9.75,
2026-09-11T12:10:48,2,1.612,28.94,28.6850,25.9,1.635,30.81,4.03,-62,9.75,
2026-09-11T12:10:49,2,1.643,31.45,28.6820,25.9,1.640,31.19,4.00,-62,10.00,
2026-09-11T12:10:51,2,1.635,30.81,28.6750,25.9,1.636,30.87,4.02,-62,9.75,
2026-09-11T12:10:52,2,1.617,29.32,28.6740,25.9,1.634,30.74,4.03,-62,9.75,
2026-09-11T12:10:53,2,1.640,31.19,28.6740,25.9,1.641,31.26,4.00,-62,9.50,
2026-09-11T12:10:54,2,1.617,29.32,28.6680,25.9,1.633,30.61,4.03,-62,10.00,
2026-09-11T12:10:55,2,1.615,29.20,28.6550,25.9,1.633,30.68,4.03,-62,9.75,
2026-09-11T12:10:56,2,1.639,31.13,28.6650,25.9,1.642,31.32,4.00,-62,9.50,
2026-09-11T12:10:57,2,1.613,29.07,28.6510,25.9,1.633,30.68,4.02,-61,10.00,
2026-09-11T12:10:58,2,1.644,31.52,28.6500,25.9,1.638,31.07,3.99,-62,9.50,
2026-09-11T12:11:03,2,1.613,29.07,28.6400,25.9,1.630,30.42,4.03,-57,6.75,
2026-09-11T12:11:04,2,1.617,29.32,28.6350,25.9,1.633,30.68,4.03,-58,6.75,
2026-09-11T12:11:05,2,1.641,31.26,28.6370,25.9,1.640,31.19,4.00,-57,7.25,
2026-09-11T12:11:06,2,1.616,29.26,28.6440,25.9,1.632,30.55,4.03,-57,8.50,
2026-09-11T12:11:07,2,1.643,31.45,28.6420,25.9,1.640,31.19,3.98,-61,9.75,
2026-09-11T12:11:08,2,1.638,31.07,28.6340,25.9,1.638,31.07,4.00,-62,9.75,
2026-09-11T12:11:09,2,1.616,29.26,28.6300,25.9,1.630,30.42,4.03,-62,10.00,
2026-09-11T12:11:10,2,1.641,31.26,28.6240,25.9,1.640,31.19,4.00,-62,9.50,
2026-09-11T12:11:11,2,1.616,29.26,28.6200,25.9,1.633,30.61,4.03,-62,9.75,
2026-09-11T12:11:12,2,1.618,29.45,28.6230,25.9,1.633,30.61,4.03,-62,9.75,
2026-09-11T12:11:13,2,1.638,31.00,28.6260,25.9,1.640,31.19,4.00,-62,9.75,
2026-09-11T12:11:15,2,1.616,29.26,28.6220,25.9,1.635,30.81,4.03,-62,10.00,
2026-09-11T12:11:16,2,1.644,31.52,28.6200,25.9,1.641,31.26,3.99,-62,9.75,
2026-09-11T12:11:17,2,1.637,30.94,28.6210,25.9,1.640,31.19,4.00,-62,9.75,
2026-09-11T12:11:18,2,1.616,29.26,28.6220,25.9,1.635,30.81,4.03,-62,9.50,
2026-09-11T12:11:19,2,1.640,31.19,28.6140,25.9,1.639,31.13,4.00,-62,9.75,
2026-09-11T12:11:20,2,1.617,29.32,28.6160,25.9,1.635,30.81,4.03,-61,9.50,
2026-09-11T12:11:21,2,1.616,29.26,28.6250,25.9,1.635,30.81,4.03,-62,9.75,
2026-09-11T12:11:22,2,1.638,31.00,28.6260,25.9,1.642,31.39,4.00,-62,9.75,
2026-09-11T12:11:23,2,1.617,29.32,28.6290,25.9,1.633,30.68,4.03,-61,9.75,
2026-09-11T12:11:24,2,1.644,31.52,28.6310,25.9,1.642,31.32,3.99,-62,9.25,
2026-09-11T12:11:26,2,1.636,30.87,28.6240,25.9,1.642,31.32,4.01,-62,10.00,
2026-09-11T12:11:27,2,1.608,28.68,28.6280,25.9,1.633,30.68,4.03,-62,9.75,
2026-09-11T12:11:28,2,1.641,31.26,28.6340,25.9,1.638,31.07,4.00,-62,9.75,
2026-09-11T12:11:29,2,1.615,29.20,28.6360,25.9,1.634,30.74,4.02,-61,10.25,
2026-09-11T12:11:30,2,1.618,29.45,28.6360,25.9,1.633,30.68,4.03,-62,10.00,
2026-09-11T12:11:31,2,1.637,30.94,28.6450,25.9,1.639,31.13,4.00,-62,9.50,
2026-09-11T12:11:32,2,1.616,29.26,28.6560,25.9,1.635,30.81,4.03,-62,9.50,
2026-09-11T12:11:33,2,1.644,31.52,28.6560,25.9,1.644,31.52,3.99,-61,9.50,
2026-09-11T12:11:34,2,1.640,31.19,28.6650,25.9,1.634,30.74,4.00,-62,10.00,
2026-09-11T12:11:35,2,1.617,29.32,28.6700,25.9,1.632,30.55,4.03,-62,12.00,
2026-09-11T12:11:36,2,1.635,30.81,28.6750,25.9,1.641,31.26,4.00,-62,9.75,
2026-09-11T12:11:38,2,1.616,29.26,28.6820,25.9,1.633,30.61,4.03,-61,9.50,
2026-09-11T12:11:39,2,1.618,29.45,28.6930,25.9,1.635,30.81,4.03,-62,9.75,
2026-09-11T12:11:40,2,1.638,31.00,28.6970,25.9,1.641,31.26,4.00,-60,9.50,
2026-09-11T12:11:41,2,1.616,29.26,28.6950,25.9,1.633,30.61,4.03,-62,9.25,
2026-09-11T12:11:42,2,1.644,31.52,28.6890,25.9,1.638,31.07,3.99,-61,9.50,
2026-09-11T12:11:47,2,1.617,29.39,28.6730,25.9,1.631,30.48,4.03,-57,6.25,
2026-09-11T12:11:48,2,1.642,31.32,28.6730,25.9,1.646,31.65,4.00,-57,5.25,
2026-09-11T12:11:50,2,1.614,29.13,28.6760,25.9,1.635,30.81,4.03,-57,5.75,
2026-09-11T12:11:51,2,1.646,31.65,28.6750,25.9,1.641,31.26,3.99,-62,9.50,
2026-09-11T12:11:52,2,1.638,31.00,28.6590,25.9,1.640,31.19,4.00,-62,9.75,
2026-09-11T12:11:53,2,1.616,29.26,28.6550,25.9,1.635,30.81,4.03,-62,9.50,
2026-09-11T12:11:54,2,1.639,31.13,28.6550,25.9,1.641,31.26,4.00,-62,10.00,
2026-09-11T12:11:55,2,1.616,29.26,28.6500,25.9,1.635,30.81,4.03,-62,10.00,
2026-09-11T12:11:56,2,1.616,29.26,28.6450,25.9,1.635,30.81,4.03,-62,9.75,
2026-09-11T12:11:57,2,1.640,31.19,28.6390,25.9,1.640,31.19,4.00,-62,9.75,
2026-09-11T12:11:58,2,1.614,29.13,28.6340,25.9,1.633,30.68,4.03,-62,9.50,
2026-09-11T12:11:59,2,1.646,31.65,28.6260,25.9,1.649,31.90,3.99,-62,9.50,
2026-09-11T12:12:00,2,1.636,30.87,28.6270,25.9,1.640,31.19,4.00,-62,9.75,
2026-09-11T12:12:02,2,1.617,29.39,28.6290,25.9,1.639,31.13,4.03,-62,9.75,
2026-09-11T12:12:03,2,1.641,31.26,28.6310,25.9,1.642,31.32,3.99,-61,9.50,
2026-09-11T12:12:04,2,1.617,29.32,28.6270,25.9,1.633,30.61,4.01,-62,9.50,
2026-09-11T12:12:05,2,1.616,29.26,28.6300,25.9,1.633,30.61,4.03,-62,9.50,
2026-09-11T12:12:06,2,1.639,31.13,28.6340,25.9,1.640,31.19,4.00,-62,9.75,
2026-09-11T12:12:07,2,1.614,29.13,28.6340,25.9,1.635,30.81,4.03,-62,9.75,
2026-09-11T12:12:08,2,1.642,31.32,28.6360,25.9,1.638,31.00,4.01,-62,10.00,
2026-09-11T12:12:09,2,1.639,31.13,28.6330,25.9,1.638,31.00,4.00,-61,9.50,
2026-09-11T12:12:10,2,1.614,29.13,28.6330,25.9,1.633,30.68,4.03,-62,9.75,
2026-09-11T12:12:11,2,1.640,31.19,28.6400,25.9,1.645,31.58,3.99,-62,9.50,
2026-09-11T12:12:13,2,1.622,29.78,28.6480,25.9,1.638,31.00,4.01,-62,9.75,
2026-09-11T12:12:14,2,1.615,29.20,28.6480,25.9,1.635,30.81,4.03,-62,10.00,
2026-09-11T12:12:15,2,1.638,31.07,28.6500,25.9,1.640,31.19,4.00,-61,9.75,
2026-09-11T12:12:16,2,1.615,29.20,28.6470,25.9,1.633,30.68,4.03,-61,9.75,
2026-09-11T12:12:17,2,1.643,31.45,28.6500,25.9,1.634,30.74,4.01,-61,10.00,
2026-09-11T12:12:18,2,1.638,31.00,28.6540,25.9,1.638,31.07,4.01,-61,10.00,
2026-09-11T12:12:19,2,1.616,29.26,28.6540,25.9,1.631,30.48,4.02,-61,9.75,
2026-09-11T12:12:20,2,1.638,31.07,28.6600,25.9,1.640,31.19,4.00,-61,10.50,
2026-09-11T12:12:21,2,1.617,29.32,28.6620,25.9,1.649,31.90,4.01,-61,10.00,
2026-09-11T12:12:22,2,1.617,29.32,28.6620,25.9,1.633,30.61,4.03,-61,9.50,
2026-09-11T12:12:23,2,1.639,31.13,28.6620,25.9,1.641,31.26,3.99,-60,9.25,
2026-09-11T12:12:25,2,1.617,29.32,28.6600,25.9,1.633,30.61,4.03,-61,10.00,
2026-09-11T12:12:26,2,1.642,31.39,28.6610,25.9,1.637,30.94,4.01,-61,9.75,
2026-09-11T12:12:27,2,1.637,30.94,28.6570,25.9,1.638,31.07,4.00,-62,9.50,
2026-09-11T12:12:32,2,1.638,31.07,28.6680,25.9,1.639,31.13,4.00,-56,6.50,
2026-09-11T12:12:33,2,1.616,29.26,28.6750,25.9,1.632,30.55,4.03,-56,6.50,
2026-09-11T12:12:34,2,1.650,31.97,28.6790,25.9,1.638,31.07,4.00,-56,7.25,
2026-09-11T12:12:35,2,1.638,31.07,28.6880,25.9,1.639,31.13,4.00,-60,9.50,
2026-09-11T12:12:37,2,1.615,29.20,28.6860,25.9,1.633,30.68,4.03,-61,9.75,
2026-09-11T12:12:38,2,1.644,31.52,28.6860,25.9,1.639,31.13,3.99,-60,9.50,
2026-09-11T12:12:39,2,1.617,29.39,28.6870,25.9,1.635,30.81,4.02,-60,10.25,
2026-09-11T12:12:40,2,1.617,29.39,28.6820,25.9,1.644,31.52,4.03,-61,9.50,
2026-09-11T12:12:41,2,1.651,32.10,28.6810,25.9,1.641,31.26,4.00,-62,9.50,
2026-09-11T12:12:42,2,1.616,29.26,28.6800,25.9,1.635,30.81,4.03,-60,10.00,
2026-09-11T12:12:43,2,1.642,31.32,28.6830,25.9,1.638,31.07,4.01,-60,10.25,
2026-09-11T12:12:44,2,1.639,31.13,28.6970,25.9,1.639,31.13,4.00,-61,9.50,
2026-09-11T12:12:45,2,1.613,29.07,28.6920,25.9,1.632,30.55,4.03,-62,9.50,
2026-09-11T12:12:46,2,1.645,31.58,28.7000,25.9,1.639,31.13,3.99,-61,9.75,
2026-09-11T12:12:48,2,1.617,29.32,28.6980,25.9,1.636,30.87,4.01,-61,10.00,
2026-09-11T12:12:49,2,1.617,29.32,28.6890,25.9,1.629,30.36,4.03,-61,9.75,
2026-09-11T12:12:50,2,1.642,31.32,28.6860,25.9,1.639,31.13,4.00,-61,9.50,
2026-09-11T12:12:51,2,1.615,29.20,28.6810,25.9,1.630,30.42,4.02,-61,10.25,
2026-09-11T12:12:52,2,1.644,31.52,28.6810,25.9,1.638,31.07,4.01,-60,9.50,
2026-09-11T12:12:53,2,1.637,30.94,28.6730,25.9,1.638,31.07,4.00,-62,9.50,
2026-09-11T12:12:54,2,1.615,29.20,28.6660,25.9,1.646,31.71,4.03,-61,9.50,
2026-09-11T12:12:55,2,1.642,31.39,28.6570,25.9,1.642,31.32,4.00,-62,9.75,
2026-09-11T12:12:56,2,1.617,29.39,28.6540,25.9,1.636,30.87,4.02,-61,9.50,
2026-09-11T12:12:57,2,1.617,29.32,28.6510,25.9,1.633,30.61,4.03,-62,9.75,
2026-09-11T12:12:58,2,1.639,31.13,28.6470,25.9,1.639,31.13,3.99,-61,9.75,
2026-09-11T12:13:00,2,1.615,29.20,28.6440,25.9,1.635,30.81,4.02,-61,10.00,
2026-09-11T12:13:01,2,1.643,31.45,28.6370,25.9,1.638,31.00,4.01,-61,9.75,
2026-09-11T12:13:02,2,1.638,31.07,28.6330,25.9,1.639,31.13,4.00,-61,9.50,
2026-09-11T12:13:03,2,1.615,29.20,28.6270,25.9,1.635,30.81,4.03,-61,9.50,
2026-09-11T12:13:04,2,1.642,31.32,28.6180,25.9,1.640,31.19,3.99,-61,9.75,
2026-09-11T12:13:05,2,1.617,29.32,28.6160,25.9,1.635,30.81,4.01,-61,9.75,
2026-09-11T12:13:06,2,1.616,29.26,28.6180,25.9,1.632,30.55,4.03,-61,9.75,
2026-09-11T12:13:07,2,1.638,31.07,28.6110,25.9,1.638,31.00,4.00,-61,9.25,
2026-09-11T12:13:08,2,1.614,29.13,28.6220,25.9,1.630,30.42,4.03,-60,9.50,
2026-09-11T12:13:09,2,1.641,31.26,28.6250,25.9,1.625,30.03,4.01,-58,10.25,
2026-09-11T12:13:10,2,1.638,31.00,28.6210,25.9,1.639,31.13,4.00,-61,9.50,
2026-09-11T12:13:12,2,1.616,29.26,28.6170,25.9,1.634,30.74,4.02,-61,10.00,
2026-09-11T12:13:16,2,1.638,31.00,28.6280,25.9,1.638,31.00,4.00,-57,7.50,
2026-09-11T12:13:17,2,1.629,30.36,28.6300,25.9,1.637,30.94,4.01,-57,7.50,
2026-09-11T12:13:18,2,1.616,29.26,28.6280,25.9,1.633,30.68,4.03,-57,7.00,
2026-09-11T12:13:19,2,1.638,31.07,28.6350,25.9,1.641,31.26,4.00,-56,8.75,
2026-09-11T12:13:20,2,1.614,29.13,28.6480,25.9,1.633,30.61,4.03,-61,9.50,
2026-09-11T12:13:21,2,1.642,31.39,28.6520,25.9,1.635,30.81,4.01,-61,9.75,
2026-09-11T12:13:22,2,1.638,31.00,28.6570,25.9,1.638,31.00,4.00,-62,10.00,
2026-09-11T12:13:24,2,1.615,29.20,28.6550,25.9,1.633,30.68,4.03,-62,9.75,
2026-09-11T12:13:25,2,1.639,31.13,28.6600,25.9,1.641,31.26,4.00,-61,9.75,
2026-09-11T12:13:26,2,1.617,29.32,28.6590,25.9,1.635,30.81,4.01,-61,9.75,
2026-09-11T12:13:27,2,1.612,28.94,28.6590,25.9,1.633,30.61,4.03,-63,9.50,
2026-09-11T12:13:28,2,1.638,31.07,28.6700,25.9,1.638,31.07,4.00,-63,10.00,
2026-09-11T12:13:29,2,1.617,29.39,28.6640,25.9,1.633,30.68,4.03,-63,9.75,
2026-09-11T12:13:30,2,1.640,31.19,28.6710,25.9,1.637,30.94,4.01,-63,10.25,
2026-09-11T12:13:31,2,1.638,31.07,28.6740,25.9,1.639,31.13,4.00,-63,9.75,
2026-09-11T12:13:32,2,1.614,29.13,28.6730,25.9,1.634,30.74,4.03,-62,10.00,
2026-09-11T12:13:33,2,1.633,30.61,28.6720,25.9,1.639,31.13,4.00,-62,10.00,
2026-09-11T12:13:35,2,1.620,29.58,28.6690,25.9,1.637,30.94,4.01,-63,10.25,
2026-09-11T12:13:36,2,1.613,29.07,28.6690,25.9,1.633,30.61,4.03,-62,10.00,
2026-09-11T12:13:37,2,1.638,31.07,28.6690,25.9,1.633,30.61,4.00,-62,9.25,
2026-09-11T12:13:38,2,1.614,29.13,28.6650,25.9,1.636,30.87,4.03,-61,9.75,
2026-09-11T12:13:39,2,1.639,31.13,28.6630,25.9,1.634,30.74,4.01,-61,10.00,
2026-09-11T12:13:40,2,1.639,31.13,28.6620,25.9,1.632,30.55,4.00,-61,9.75,
2026-09-11T12:13:41,2,1.617,29.32,28.6540,25.9,1.633,30.68,4.03,-60,9.25,
2026-09-11T12:13:42,2,1.639,31.13,28.6410,25.9,1.642,31.32,3.99,-60,9.25,
2026-09-11T12:13:43,2,1.616,29.26,28.6420,25.9,1.636,30.87,4.01,-61,9.75,
2026-09-11T12:13:44,2,1.616,29.26,28.6400,25.9,1.633,30.61,4.02,-62,10.25,
2026-09-11T12:13:45,2,1.638,31.07,28.6430,25.9,1.637,30.94,4.00,-63,9.50,
2026-09-11T12:13:47,2,1.616,29.26,28.6430,25.9,1.633,30.61,4.02,-61,10.00,
2026-09-11T12:13:48,2,1.639,31.13,28.6420,25.9,1.636,30.87,4.01,-63,10.00,
2026-09-11T12:13:49,2,1.638,31.00,28.6420,25.9,1.641,31.26,4.00,-63,9.75,
2026-09-11T12:13:50,2,1.615,29.20,28.6350,25.9,1.633,30.61,4.03,-63,9.75,
2026-09-11T12:13:51,2,1.641,31.26,28.6360,25.9,1.640,31.19,3.99,-62,9.50,
2026-09-11T12:13:52,2,1.619,29.52,28.6370,25.9,1.636,30.87,4.01,-63,10.25,
2026-09-11T12:13:53,2,1.612,28.94,28.6350,25.9,1.632,30.55,4.03,-61,9.75,
2026-09-11T12:13:54,2,1.640,31.19,28.6380,25.9,1.639,31.13,4.00,-63,9.75,
2026-09-11T12:13:55,2,1.617,29.39,28.6370,25.9,1.634,30.74,4.03,-61,10.00,
2026-09-11T12:14:01,2,1.617,29.39,28.6490,25.9,1.638,31.07,4.01,-58,6.25,
2026-09-11T12:14:02,2,1.618,29.45,28.6410,25.9,1.634,30.74,4.03,-57,5.25,
2026-09-11T12:14:03,2,1.639,31.13,28.6590,25.9,1.635,30.81,4.00,-56,6.25,
2026-09-11T12:14:04,2,1.613,29.07,28.6540,25.9,1.633,30.68,4.03,-60,9.50,
2026-09-11T12:14:05,2,1.641,31.26,28.6560,25.9,1.639,31.13,4.01,-63,10.00,
2026-09-11T12:14:06,2,1.638,31.07,28.6500,25.9,1.641,31.26,4.00,-63,9.75,
2026-09-11T12:14:07,2,1.614,29.13,28.6480,25.9,1.631,30.48,4.03,-61,9.50,
2026-09-11T12:14:08,2,1.642,31.32,28.6440,25.9,1.638,31.00,3.99,-62,9.25,
2026-09-11T12:14:09,2,1.617,29.39,28.6470,25.9,1.635,30.81,4.01,-62,10.25,
2026-09-11T12:14:11,2,1.617,29.39,28.6390,25.9,1.633,30.61,4.03,-62,9.75,
2026-09-11T12:14:12,2,1.629,30.36,28.6320,25.9,1.641,31.26,4.00,-62,10.00,
2026-09-11T12:14:13,2,1.615,29.20,28.6380,25.9,1.631,30.48,4.03,-62,9.75,
2026-09-11T12:14:14,2,1.642,31.32,28.6390,25.9,1.638,31.00,4.01,-63,10.00,
2026-09-11T12:14:15,2,1.639,31.13,28.6410,25.9,1.638,31.07,4.00,-63,9.50,
2026-09-11T12:14:16,2,1.617,29.39,28.6360,25.9,1.634,30.74,4.03,-62,10.25,
2026-09-11T12:14:17,2,1.639,31.13,28.6220,25.9,1.641,31.26,4.01,-62,10.00,
2026-09-11T12:14:18,2,1.617,29.39,28.6220,25.9,1.637,30.94,4.01,-62,10.00,
2026-09-11T12:14:19,2,1.615,29.20,28.6220,25.9,1.632,30.55,4.02,-62,10.00,
2026-09-11T12:14:20,2,1.640,31.19,28.6170,25.9,1.639,31.13,4.00,-63,9.50,
2026-09-11T12:14:22,2,1.620,29.58,28.6270,25.9,1.638,31.00,4.01,-63,10.00,
2026-09-11T12:14:23,2,1.642,31.32,28.6190,25.9,1.638,31.07,4.01,-62,10.00,
2026-09-11T12:14:24,2,1.640,31.19,28.6230,25.9,1.641,31.26,4.00,-62,9.75,
2026-09-11T12:14:25,2,1.615,29.20,28.6200,25.9,1.634,30.74,4.03,-62,9.50,
2026-09-11T12:14:26,2,1.637,30.94,28.6210,25.9,1.635,30.81,4.01,-63,10.25,
2026-09-11T12:14:27,2,1.617,29.39,28.6170,25.9,1.634,30.74,4.01,-63,10.00,
2026-09-11T12:14:28,2,1.615,29.20,28.6130,25.9,1.633,30.61,4.03,-62,9.25,
2026-09-11T12:14:29,2,1.638,31.07,28.6140,25.9,1.641,31.26,4.00,-63,9.75,
2026-09-11T12:14:30,2,1.619,29.52,28.6140,25.9,1.634,30.74,4.01,-62,10.00,
2026-09-11T12:14:31,2,1.640,31.19,28.6180,25.9,1.637,30.94,4.01,-63,10.00,
2026-09-11T12:14:32,2,1.639,31.13,28.6120,25.9,1.638,31.00,3.99,-62,10.00,
2026-09-11T12:14:34,2,1.617,29.32,28.6100,25.9,1.633,30.68,4.02,-62,10.00,
2026-09-11T12:14:35,2,1.638,31.07,28.6140,25.9,1.635,30.81,4.01,-62,10.50,
2026-09-11T12:14:36,2,1.621,29.65,28.6180,25.9,1.637,30.94,4.01,-62,9.75,
2026-09-11T12:14:37,2,1.616,29.26,28.6230,25.9,1.633,30.61,4.03,-62,9.75,
2026-09-11T12:14:38,2,1.639,31.13,28.6200,25.9,1.640,31.19,3.99,-62,9.50,
2026-09-11T12:14:39,2,1.620,29.58,28.6190,25.9,1.638,31.07,4.01,-61,10.50,
2026-09-11T12:14:40,2,1.638,31.07,28.6160,25.9,1.637,30.94,4.01,-63,9.75,
2026-09-11T12:14:46,2,1.614,29.13,28.6140,25.9,1.634,30.74,4.02,-57,5.50,
2026-09-11T12:14:47,2,1.638,31.07,28.6190,25.9,1.641,31.26,4.00,-57,5.75,
2026-09-11T12:14:48,2,1.618,29.45,28.6200,25.9,1.636,30.87,4.01,-57,6.25,
2026-09-11T12:14:49,2,1.638,31.07,28.6290,25.9,1.637,30.94,4.01,-61,10.00,
2026-09-11T12:14:50,2,1.638,31.00,28.6260,25.9,1.640,31.19,4.00,-63,9.75,
2026-09-11T12:14:51,2,1.616,29.26,28.6230,25.9,1.634,30.74,4.02,-62,10.25,
2026-09-11T12:14:52,2,1.638,31.00,28.6200,25.9,1.638,31.07,4.01,-62,10.00,
2026-09-11T12:14:53,2,1.631,30.48,28.6200,25.9,1.638,31.07,4.01,-62,10.00,
2026-09-11T12:14:54,2,1.614,29.13,28.6180,25.9,1.634,30.74,4.03,-62,10.00,
2026-09-11T12:14:55,2,1.638,31.07,28.6180,25.9,1.640,31.19,3.99,-62,9.50,
2026-09-11T12:14:57,2,1.606,28.49,28.6180,25.9,1.637,30.94,4.01,-62,10.00,
2026-09-11T12:14:58,2,1.642,31.39,28.6290,25.9,1.642,31.32,4.01,-62,9.75,
2026-09-11T12:14:59,2,1.638,31.07,28.6300,25.9,1.639,31.13,4.00,-60,10.00,
2026-09-11T12:15:00,2,1.613,29.07,28.6300,25.9,1.633,30.68,4.03,-62,9.75,
2026-09-11T12:15:01,2,1.638,31.07,28.6310,25.9,1.636,30.87,4.01,-62,10.00,
2026-09-11T12:15:02,2,1.617,29.39,28.6210,25.9,1.638,31.00,4.01,-62,10.00,
2026-09-11T12:15:03,2,1.616,29.26,28.6230,25.9,1.633,30.61,4.03,-62,9.75,
2026-09-11T12:15:04,2,1.638,31.07,28.6270,25.9,1.639,31.13,3.99,-62,9.75,
2026-09-11T12:15:05,2,1.617,29.39,28.6250,25.9,1.634,30.74,4.01,-63,10.00,
2026-09-11T12:15:06,2,1.638,31.07,28.6280,25.9,1.637,30.94,4.01,-63,9.50,
2026-09-11T12:15:07,2,1.640,31.19,28.6340,25.9,1.642,31.39,4.00,-62,9.75,
2026-09-11T12:15:09,2,1.616,29.26,28.6300,25.9,1.633,30.61,4.03,-62,9.50,
2026-09-11T12:15:10,2,1.638,31.07,28.6320,25.9,1.636,30.87,4.01,-62,10.00,
2026-09-11T12:15:11,2,1.618,29.45,28.6390,25.9,1.639,31.13,4.01,-60,9.75,
2026-09-11T12:15:12,2,1.614,29.13,28.6370,25.9,1.634,30.74,4.03,-62,9.75,
2026-09-11T12:15:13,2,1.639,31.13,28.6430,25.9,1.642,31.32,3.99,-61,9.50,
2026-09-11T12:15:14,2,1.620,29.58,28.6450,25.9,1.636,30.87,4.01,-62,10.25,
2026-09-11T12:15:15,2,1.642,31.32,28.6480,25.9,1.637,30.94,4.01,-62,9.75,
2026-09-11T12:15:16,2,1.638,31.00,28.6560,25.9,1.637,30.94,4.00,-62,10.00,
2026-09-11T12:15:17,2,1.614,29.13,28.6410,25.9,1.636,30.87,4.02,-62,9.75,
2026-09-11T12:15:18,2,1.636,30.87,28.6380,25.9,1.635,30.81,4.01,-62,10.00,
2026-09-11T12:15:19,2,1.618,29.45,28.6350,25.9,1.633,30.61,4.01,-62,11.00,
2026-09-11T12:15:21,2,1.617,29.32,28.6360,25.9,1.634,30.74,4.03,-62,10.00,
2026-09-11T12:15:22,2,1.647,31.77,28.6420,25.9,1.640,31.19,4.01,-62,9.75,
2026-09-11T12:15:23,2,1.617,29.32,28.6410,25.9,1.637,30.94,4.01,-62,10.00,
2026-09-11T12:15:24,2,1.641,31.26,28.6440,25.9,1.638,31.00,4.01,-62,9.75,
2026-09-11T12:15:25,2,1.638,31.00,28.6480,25.9,1.640,31.19,4.00,-62,9.50,
2026-09-11T12:15:29,2,1.615,29.20,28.6470,25.9,1.629,30.36,4.03,-57,5.50,
2026-09-11T12:15:30,2,1.636,30.87,28.6470,25.9,1.635,30.81,4.01,-56,6.00,
2026-09-11T12:15:31,2,1.617,29.39,28.6440,25.9,1.637,30.94,4.01,-57,5.50,
2026-09-11T12:15:33,2,1.642,31.32,28.6510,25.9,1.637,30.94,4.01,-57,7.25,
2026-09-11T12:15:34,2,1.642,31.32,28.6510,25.9,1.639,31.13,4.00,-62,9.25,
2026-09-11T12:15:35,2,1.608,28.68,28.6490,25.9,1.637,30.94,4.01,-63,9.75,
2026-09-11T12:15:36,2,1.637,30.94,28.6500,25.9,1.634,30.74,4.01,-62,10.00,
2026-09-11T12:15:37,2,1.619,29.52,28.6500,25.9,1.636,30.87,4.01,-63,10.25,
2026-09-11T12:15:38,2,1.617,29.32,28.6570,25.9,1.637,30.94,4.03,-62,9.50,
2026-09-11T12:15:39,2,1.638,31.07,28.6690,25.9,1.646,31.71,4.01,-62,10.25,
2026-09-11T12:15:40,2,1.618,29.45,28.6730,25.9,1.638,31.00,4.01,-62,10.25,
2026-09-11T12:15:41,2,1.642,31.39,28.6690,25.9,1.638,31.00,4.01,-62,10.00,
2026-09-11T12:15:42,2,1.636,30.87,28.6700,25.9,1.638,31.07,3.99,-62,9.75,
2026-09-11T12:15:44,2,1.618,29.45,28.6670,25.9,1.635,30.81,4.01,-62,10.00,
2026-09-11T12:15:45,2,1.638,31.00,28.6610,25.9,1.637,30.94,4.01,-62,10.00,
2026-09-11T12:15:46,2,1.618,29.45,28.6530,25.9,1.638,31.07,4.01,-62,10.00,
2026-09-11T12:15:47,2,1.614,29.13,28.6540,25.9,1.632,30.55,4.03,-62,9.50,
2026-09-11T12:15:48,2,1.627,30.16,28.6480,25.9,1.638,31.00,4.01,-61,10.50,
2026-09-11T12:15:49,2,1.617,29.32,28.6490,25.9,1.637,30.94,4.01,-62,10.00,
2026-09-11T12:15:50,2,1.643,31.45,28.6460,25.9,1.638,31.07,4.01,-62,11.25,
2026-09-11T12:15:51,2,1.638,31.07,28.6460,25.9,1.640,31.19,4.00,-62,9.50,
2026-09-11T12:15:52,2,1.617,29.39,28.6350,25.9,1.636,30.87,4.01,-62,10.50,
2026-09-11T12:15:53,2,1.637,30.94,28.6380,25.9,1.635,30.81,4.01,-61,10.25,
2026-09-11T12:15:54,2,1.618,29.45,28.6350,25.9,1.637,30.94,4.01,-62,12.50,
2026-09-11T12:15:56,2,1.616,29.26,28.6360,25.9,1.634,30.74,4.02,-62,10.25,
2026-09-11T12:15:57,2,1.636,30.87,28.6390,25.9,1.635,30.81,4.01,-62,10.00,
2026-09-11T12:15:58,2,1.614,29.13,28.6470,25.9,1.638,31.07,4.01,-62,10.00,
2026-09-11T12:15:59,2,1.642,31.32,28.6520,25.9,1.638,31.00,4.00,-63,10.00,
2026-09-11T12:16:00,2,1.638,31.00,28.6520,25.9,1.638,31.07,4.00,-62,10.00,
2026-09-11T12:16:01,2,1.618,29.45,28.6510,25.9,1.637,30.94,4.01,-62,10.00,
2026-09-11T12:16:02,2,1.641,31.26,28.6490,25.9,1.638,31.00,4.01,-62,10.00,
2026-09-11T12:16:03,2,1.619,29.52,28.6480,25.9,1.636,30.87,4.01,-62,9.75,
2026-09-11T12:16:04,2,1.613,29.07,28.6510,25.9,1.633,30.68,4.02,-62,10.00,
2026-09-11T12:16:05,2,1.636,30.87,28.6550,25.9,1.638,31.00,4.01,-62,9.75,
2026-09-11T12:16:06,2,1.621,29.65,28.6640,25.9,1.638,31.07,4.02,-62,9.75,
2026-09-11T12:16:08,2,1.645,31.58,28.6770,25.9,1.636,30.87,4.01,-62,10.50,
2026-09-11T12:16:09,2,1.638,31.00,28.6710,25.9,1.642,31.39,3.99,-61,9.75,
2026-09-11T12:16:14,2,1.636,30.87,28.6780,25.9,1.635,30.81,4.01,-57,5.75,
2026-09-11T12:16:15,2,1.620,29.58,28.6730,25.9,1.636,30.87,4.01,-57,5.75,
2026-09-11T12:16:16,2,1.640,31.19,28.6700,25.9,1.637,30.94,4.01,-57,5.50,
2026-09-11T12:16:17,2,1.641,31.26,28.6730,25.9,1.641,31.26,3.99,-62,9.75,
2026-09-11T12:16:19,2,1.620,29.58,28.6710,25.9,1.637,30.94,4.01,-62,10.25,
2026-09-11T12:16:20,2,1.637,30.94,28.6670,25.9,1.635,30.81,4.01,-61,10.25,
2026-09-11T12:16:21,2,1.619,29.52,28.6630,25.9,1.638,31.07,4.01,-62,9.75,
2026-09-11T12:16:22,2,1.615,29.20,28.6640,25.9,1.633,30.68,4.02,-62,9.75,
2026-09-11T12:16:23,2,1.635,30.81,28.6570,25.9,1.629,30.36,4.01,-62,10.00,
2026-09-11T12:16:24,2,1.619,29.52,28.6540,25.9,1.638,31.00,4.01,-62,9.50,
2026-09-11T12:16:25,2,1.642,31.39,28.6520,25.9,1.638,31.00,4.01,-62,10.00,
2026-09-11T12:16:26,2,1.639,31.13,28.6340,25.9,1.642,31.32,3.99,-62,9.75,
2026-09-11T12:16:27,2,1.619,29.52,28.6290,25.9,1.637,30.94,4.01,-62,10.25,
2026-09-11T12:16:28,2,1.638,31.07,28.6310,25.9,1.636,30.87,4.01,-61,10.00,
2026-09-11T12:16:29,2,1.618,29.45,28.6370,25.9,1.639,31.13,4.01,-62,10.00,
2026-09-11T12:16:31,2,1.617,29.39,28.6420,25.9,1.633,30.68,4.03,-62,9.50,
2026-09-11T12:16:32,2,1.638,31.07,28.6440,25.9,1.639,31.13,4.01,-62,9.50,
2026-09-11T12:16:33,2,1.618,29.45,28.6340,25.9,1.637,30.94,4.01,-62,10.00,
2026-09-11T12:16:34,2,1.643,31.45,28.6370,25.9,1.641,31.26,4.01,-62,10.00,
2026-09-11T12:16:35,2,1.638,31.07,28.6380,25.9,1.639,31.13,3.99,-62,9.50,
2026-09-11T12:16:36,2,1.619,29.52,28.6390,25.9,1.637,30.94,4.01,-61,9.75,
2026-09-11T12:16:37,2,1.637,30.94,28.6220,25.9,1.633,30.68,4.01,-62,10.00,
2026-09-11T12:16:38,2,1.618,29.45,28.6150,25.9,1.638,31.00,4.01,-62,9.75,
2026-09-11T12:16:39,2,1.617,29.32,28.6150,25.9,1.632,30.55,4.02,-61,10.00,
2026-09-11T12:16:40,2,1.637,30.94,28.6140,25.9,1.638,31.00,4.01,-62,10.00,
2026-09-11T12:16:41,2,1.620,29.58,28.6170,25.9,1.638,31.00,4.01,-62,9.75,
2026-09-11T12:16:43,2,1.642,31.39,28.6240,25.9,1.638,31.07,4.01,-62,9.75,
2026-09-11T12:16:44,2,1.636,30.87,28.6260,25.9,1.635,30.81,4.01,-62,10.25,
2026-09-11T12:16:45,2,1.619,29.52,28.6350,25.9,1.639,31.13,4.01,-62,10.25,
2026-09-11T12:16:46,2,1.638,31.00,28.6340,25.9,1.638,31.00,4.01,-62,9.75,
2026-09-11T12:16:47,2,1.618,29.45,28.6360,25.9,1.637,30.94,4.01,-62,10.00,
2026-09-11T12:16:48,2,1.617,29.32,28.6410,25.9,1.638,31.00,4.02,-59,10.00,
2026-09-11T12:16:49,2,1.635,30.81,28.6370,25.9,1.638,31.00,4.01,-62,10.25,
2026-09-11T12:16:50,2,1.617,29.39,28.6280,25.9,1.635,30.81,4.01,-62,9.75,
2026-09-11T12:16:51,2,1.643,31.45,28.6270,25.9,1.639,31.13,4.01,-62,10.00,
2026-09-11T12:16:52,2,1.635,30.81,28.6330,25.9,1.638,31.00,4.01,-62,9.50,
2026-09-11T12:16:53,2,1.615,29.20,28.6300,25.9,1.637,30.94,4.01,-61,9.75,
2026-09-11T12:16:59,2,1.617,29.32,28.6170,25.9,1.638,31.07,4.01,-57,5.75,
2026-09-11T12:17:00,2,1.646,31.71,28.6200,25.9,1.638,31.07,4.01,-57,5.25,
2026-09-11T12:17:01,2,1.637,30.94,28.6180,25.9,1.638,31.00,4.01,-57,6.00,
2026-09-11T12:17:02,2,1.618,29.45,28.6200,25.9,1.638,31.00,4.02,-62,11.00,
2026-09-11T12:17:03,2,1.638,31.00,28.6170,25.9,1.638,31.07,4.01,-62,9.75,
2026-09-11T12:17:04,2,1.618,29.45,28.6160,25.9,1.640,31.19,4.01,-62,9.75,
2026-09-11T12:17:06,2,1.616,29.26,28.6200,25.9,1.637,30.94,4.02,-62,10.00,
2026-09-11T12:17:07,2,1.637,30.94,28.6250,25.9,1.641,31.26,4.01,-62,10.50,
2026-09-11T12:17:08,2,1.617,29.39,28.6190,25.9,1.638,31.00,4.01,-62,10.00,
2026-09-11T12:17:09,2,1.642,31.32,28.6170,25.9,1.637,30.94,4.01,-61,9.75,
2026-09-11T12:17:10,2,1.634,30.74,28.6140,25.9,1.628,30.23,4.01,-61,10.00,
2026-09-11T12:17:11,2,1.615,29.20,28.6100,25.9,1.637,30.94,4.01,-61,9.75,
2026-09-11T12:17:12,2,1.638,31.07,28.6090,25.9,1.637,30.94,4.01,-62,10.00,
2026-09-11T12:17:13,2,1.617,29.39,28.6080,25.9,1.641,31.26,4.01,-61,9.75,
2026-09-11T12:17:14,2,1.617,29.32,28.6240,25.9,1.638,31.00,4.01,-62,9.75,
2026-09-11T12:17:15,2,1.635,30.81,28.6260,25.9,1.635,30.81,4.01,-62,10.00,
2026-09-11T12:17:16,2,1.618,29.45,28.6290,25.9,1.637,30.94,4.01,-62,10.00,
2026-09-11T12:17:18,2,1.640,31.19,28.6260,25.9,1.636,30.87,4.01,-62,10.25,
2026-09-11T12:17:19,2,1.636,30.87,28.6230,25.9,1.637,30.94,4.01,-62,9.50,
2026-09-11T12:17:20,2,1.613,29.07,28.6220,25.9,1.638,31.00,4.01,-62,9.75,
2026-09-11T12:17:21,2,1.640,31.19,28.6180,25.9,1.635,30.81,4.01,-62,10.00,
2026-09-11T12:17:22,2,1.621,29.65,28.6180,25.9,1.637,30.94,4.01,-62,10.25,
2026-09-11T12:17:23,2,1.617,29.39,28.6100,25.9,1.641,31.26,4.01,-61,10.00,
2026-09-11T12:17:24,2,1.638,31.00,28.6130,25.9,1.637,30.94,4.01,-62,9.75,
2026-09-11T12:17:25,2,1.613,29.00,28.6140,25.9,1.638,31.00,4.01,-62,9.75,
2026-09-11T12:17:26,2,1.639,31.13,28.6110,25.9,1.638,31.00,4.01,-62,9.75,
2026-09-11T12:17:27,2,1.634,30.74,28.6120,25.9,1.637,30.94,4.01,-62,9.75,
2026-09-11T12:17:28,2,1.617,29.32,28.6030,25.9,1.638,31.07,4.01,-62,10.25,
2026-09-11T12:17:30,2,1.635,30.81,28.5970,25.9,1.636,30.87,4.01,-61,10.00,
2026-09-11T12:17:31,2,1.616,29.26,28.6020,25.9,1.637,30.94,4.01,-62,9.75,
2026-09-11T12:17:32,2,1.618,29.45,28.6000,25.9,1.635,30.81,4.01,-62,10.00,
2026-09-11T12:17:33,2,1.646,31.65,28.6070,25.9,1.633,30.61,4.01,-62,10.00,
2026-09-11T12:17:34,2,1.617,29.39,28.6050,25.9,1.637,30.94,4.01,-62,10.00,
2026-09-11T12:17:35,2,1.642,31.32,28.6000,25.9,1.638,31.07,4.01,-62,9.50,
2026-09-11T12:17:36,2,1.634,30.74,28.6170,25.9,1.637,30.94,4.01,-62,10.00,
2026-09-11T12:17:37,2,1.617,29.39,28.6290,25.9,1.637,30.94,4.01,-63,11.00,
2026-09-11T12:17:38,2,1.638,31.07,28.6330,25.9,1.637,30.94,4.01,-63,9.75,
2026-09-11T12:17:43,2,1.616,29.26,28.6570,25.9,1.637,30.94,4.01,-57,5.25,
2026-09-11T12:17:44,2,1.644,31.52,28.6560,25.9,1.634,30.74,3.99,-57,5.50,
2026-09-11T12:17:45,2,1.638,31.00,28.6560,25.9,1.635,30.81,4.01,-57,5.25,
2026-09-11T12:17:46,2,1.618,29.45,28.6610,25.9,1.636,30.87,4.01,-57,7.25,
2026-09-11T12:17:47,2,1.640,31.19,28.6700,25.9,1.638,31.07,4.01,-63,9.75,
2026-09-11T12:17:48,2,1.618,29.45,28.6810,25.9,1.633,30.68,4.02,-62,10.50,
2026-09-11T12:17:49,2,1.617,29.39,28.6870,25.9,1.638,31.07,4.01,-62,11.50,
2026-09-11T12:17:50,2,1.638,31.07,28.6880,25.9,1.633,30.61,4.01,-61,10.00,
2026-09-11T12:17:51,2,1.619,29.52,28.6920,25.9,1.635,30.81,4.01,-62,9.75,
2026-09-11T12:17:53,2,1.646,31.65,28.6880,25.9,1.639,31.13,3.99,-62,9.75,
2026-09-11T12:17:54,2,1.631,30.48,28.6970,25.9,1.637,30.94,4.01,-63,10.00,
2026-09-11T12:17:55,2,1.608,28.62,28.6980,25.9,1.636,30.87,4.01,-62,10.00,
2026-09-11T12:17:56,2,1.638,31.07,28.6930,25.9,1.635,30.81,4.01,-62,10.00,
2026-09-11T12:17:57,2,1.616,29.26,28.6810,25.9,1.632,30.55,4.02,-62,11.00,
2026-09-11T12:17:58,2,1.618,29.45,28.6760,25.9,1.638,31.00,4.01,-62,10.25,
2026-09-11T12:17:59,2,1.638,31.00,28.6650,25.9,1.638,31.00,4.01,-61,10.00,
2026-09-11T12:18:00,2,1.617,29.39,28.6630,25.9,1.637,30.94,4.01,-62,10.00,
2026-09-11T12:18:01,2,1.645,31.58,28.6580,25.9,1.642,31.32,3.99,-61,9.50,
2026-09-11T12:18:02,2,1.637,30.94,28.6530,25.9,1.633,30.68,4.01,-61,9.75,
2026-09-11T12:18:03,2,1.619,29.52,28.6600,25.9,1.636,30.87,4.01,-62,9.50,
2026-09-11T12:18:05,2,1.637,30.94,28.6580,25.9,1.646,31.65,4.01,-62,9.50,
2026-09-11T12:18:06,2,1.615,29.20,28.6560,25.9,1.633,30.68,4.03,-61,9.50,
2026-09-11T12:18:07,2,1.617,29.39,28.6570,25.9,1.636,30.87,4.01,-62,10.00,
2026-09-11T12:18:08,2,1.637,30.94,28.6490,25.9,1.639,31.13,4.01,-62,10.00,
2026-09-11T12:18:09,2,1.619,29.52,28.6510,25.9,1.638,31.07,4.01,-62,9.75,
2026-09-11T12:18:10,2,1.645,31.58,28.6480,25.9,1.641,31.26,3.99,-61,9.75,
2026-09-11T12:18:11,2,1.634,30.74,28.6370,25.9,1.638,31.07,4.01,-62,10.00,
2026-09-11T12:18:12,2,1.619,29.52,28.6360,25.9,1.637,30.94,4.01,-62,10.25,
2026-09-11T12:18:13,2,1.638,31.00,28.6290,25.9,1.638,31.00,4.01,-62,9.75,
2026-09-11T12:18:14,2,1.616,29.26,28.6310,25.9,1.638,31.07,4.02,-62,10.00,
2026-09-11T12:18:15,2,1.617,29.39,28.6300,25.9,1.638,31.07,4.01,-62,10.00,
2026-09-11T12:18:17,2,1.638,31.00,28.6340,25.9,1.635,30.81,4.01,-62,10.75,
2026-09-11T12:18:18,2,1.621,29.65,28.6270,25.9,1.634,30.74,4.01,-62,9.75,
2026-09-11T12:18:19,2,1.645,31.58,28.6240,25.9,1.640,31.19,3.99,-62,9.50,
2026-09-11T12:18:20,2,1.635,30.81,28.6210,25.9,1.638,31.00,4.01,-62,10.25,
2026-09-11T12:18:21,2,1.617,29.39,28.6210,25.9,1.626,30.10,4.01,-62,10.50,
2026-09-11T12:18:22,2,1.637,30.94,28.6220,25.9,1.637,30.94,4.01,-62,9.75,
2026-09-11T12:18:27,2,1.644,31.52,28.6120,25.9,1.634,30.74,3.99,-56,5.50,
2026-09-11T12:18:29,2,1.637,30.94,28.6090,25.9,1.633,30.61,4.01,-57,5.00,
2026-09-11T12:18:30,2,1.617,29.39,28.6170,25.9,1.637,30.94,4.01,-57,5.50,
2026-09-11T12:18:31,2,1.638,31.07,28.6190,25.9,1.637,30.94,4.01,-61,10.00,
2026-09-11T12:18:32,2,1.614,29.13,28.6220,25.9,1.632,30.55,4.02,-62,9.75,
2026-09-11T12:18:33,2,1.618,29.45,28.6240,25.9,1.637,30.94,4.01,-62,9.75,
2026-09-11T12:18:34,2,1.638,31.07,28.6220,25.9,1.633,30.68,4.01,-62,9.75,
2026-09-11T12:18:35,2,1.619,29.52,28.6220,25.9,1.637,30.94,4.01,-62,10.25,
2026-09-11T12:18:36,2,1.646,31.65,28.6250,25.9,1.641,31.26,3.99,-61,9.75,
2026-09-11T12:18:37,2,1.638,31.07,28.6320,25.9,1.635,30.81,4.01,-61,9.75,
2026-09-11T12:18:38,2,1.616,29.26,28.6330,25.9,1.638,31.00,4.01,-62,9.75,
2026-09-11T12:18:40,2,1.641,31.26,28.6330,25.9,1.640,31.19,4.01,-61,10.25,
2026-09-11T12:18:41,2,1.615,29.20,28.6350,25.9,1.633,30.68,4.03,-61,9.50,
2026-09-11T12:18:42,2,1.619,29.52,28.6320,25.9,1.633,30.61,4.01,-61,10.00,
2026-09-11T12:18:43,2,1.638,31.00,28.6390,25.9,1.635,30.81,4.01,-62,10.00,
2026-09-11T12:18:44,2,1.617,29.39,28.6450,25.9,1.638,31.00,4.01,-61,10.00,
2026-09-11T12:18:45,2,1.642,31.39,28.6440,25.9,1.639,31.13,3.99,-61,9.75,
2026-09-11T12:18:46,2,1.634,30.74,28.6370,25.9,1.637,30.94,4.01,-62,10.00,
2026-09-11T12:18:47,2,1.617,29.32,28.6440,25.9,1.638,31.00,4.00,-62,9.25,
2026-09-11T12:18:48,2,1.640,31.19,28.6430,25.9,1.635,30.81,4.01,-61,10.00,
2026-09-11T12:18:49,2,1.613,29.00,28.6400,25.9,1.633,30.68,4.02,-61,10.25,
2026-09-11T12:18:50,2,1.618,29.45,28.6460,25.9,1.637,30.94,4.01,-62,9.75,
2026-09-11T12:18:52,2,1.638,31.00,28.6470,25.9,1.635,30.81,4.01,-62,10.00,
2026-09-11T12:18:53,2,1.619,29.52,28.6450,25.9,1.638,31.00,4.01,-62,10.25,
2026-09-11T12:18:54,2,1.643,31.45,28.6500,25.9,1.641,31.26,3.99,-62,9.50,
2026-09-11T12:18:55,2,1.650,32.03,28.6510,25.9,1.636,30.87,4.01,-61,10.25,
2026-09-11T12:18:56,2,1.620,29.58,28.6510,25.9,1.638,31.00,4.01,-62,9.75,
2026-09-11T12:18:57,2,1.638,31.00,28.6440,25.9,1.634,30.74,4.01,-62,10.00,
2026-09-11T12:18:58,2,1.621,29.65,28.6440,25.9,1.633,30.61,4.03,-62,9.75,
2026-09-11T12:18:59,2,1.618,29.45,28.6410,25.9,1.637,30.94,4.01,-62,10.00,
2026-09-11T12:19:00,2,1.638,31.07,28.6470,25.9,1.637,30.94,4.01,-62,10.00,
2026-09-11T12:19:01,2,1.618,29.45,28.6460,25.9,1.637,30.94,4.01,-62,10.50,
2026-09-11T12:19:02,2,1.646,31.65,28.6500,25.9,1.633,30.68,3.99,-62,9.75,
2026-09-11T12:19:04,2,1.637,30.94,28.6350,25.9,1.634,30.74,4.01,-62,10.50,
2026-09-11T12:19:05,2,1.613,29.00,28.6310,25.9,1.638,31.07,4.01,-62,10.00,
2026-09-11T12:19:06,2,1.637,30.94,28.6270,25.9,1.637,30.94,4.00,-62,9.75,
2026-09-11T12:19:07,2,1.615,29.20,28.6360,25.9,1.633,30.61,4.02,-62,9.75,
2026-09-11T12:19:12,2,1.634,30.74,28.6400,25.9,1.634,30.74,4.01,-56,5.75,
2026-09-11T12:19:13,2,1.618,29.45,28.6360,25.9,1.639,31.13,4.01,-56,6.25,
2026-09-11T12:19:15,2,1.642,31.32,28.6340,25.9,1.638,31.07,4.00,-57,6.75,
2026-09-11T12:19:16,2,1.618,29.45,28.6380,25.9,1.623,29.84,4.02,-61,10.00,
2026-09-11T12:19:17,2,1.628,30.23,28.6330,25.9,1.635,30.81,4.01,-62,10.00,
2026-09-11T12:19:18,2,1.636,30.87,28.6350,25.9,1.635,30.81,4.01,-62,9.75,
2026-09-11T12:19:19,2,1.615,29.20,28.6400,25.9,1.629,30.36,4.03,-62,9.50,
2026-09-11T12:19:20,2,1.644,31.52,28.6430,25.9,1.638,31.07,3.99,-62,9.50,
2026-09-11T12:19:21,2,1.633,30.68,28.6420,25.9,1.638,31.00,4.01,-61,9.75,
2026-09-11T12:19:22,2,1.618,29.45,28.6370,25.9,1.638,31.00,4.01,-62,9.75,
2026-09-11T12:19:23,2,1.641,31.26,28.6430,25.9,1.640,31.19,3.99,-61,9.50,
2026-09-11T12:19:24,2,1.615,29.20,28.6500,25.9,1.632,30.55,4.02,-62,9.75,
2026-09-11T12:19:25,2,1.618,29.45,28.6530,25.9,1.637,30.94,4.01,-62,10.00,
2026-09-11T12:19:27,2,1.638,31.07,28.6510,25.9,1.636,30.87,4.01,-62,10.50,
2026-09-11T12:19:28,2,1.613,29.00,28.6560,25.9,1.633,30.61,4.02,-62,10.00,
2026-09-11T12:19:29,2,1.657,32.55,28.6500,25.9,1.641,31.26,3.99,-61,9.50,
2026-09-11T12:19:30,2,1.636,30.87,28.6530,25.9,1.636,30.87,4.01,-62,10.00,
2026-09-11T12:19:31,2,1.620,29.58,28.6480,25.9,1.637,30.94,4.01,-62,10.25,
2026-09-11T12:19:32,2,1.641,31.26,28.6420,25.9,1.639,31.13,4.00,-61,9.50,
2026-09-11T12:19:33,2,1.615,29.20,28.6360,25.9,1.633,30.61,4.02,-62,9.75,
2026-09-11T12:19:34,2,1.617,29.32,28.6390,25.9,1.635,30.81,4.01,-62,10.00,
2026-09-11T12:19:35,2,1.639,31.13,28.6350,25.9,1.636,30.87,4.01,-62,10.00,
2026-09-11T12:19:36,2,1.616,29.26,28.6430,25.9,1.633,30.68,4.02,-62,9.50,
2026-09-11T12:19:37,2,1.645,31.58,28.6400,25.9,1.638,31.07,3.99,-62,9.25,
2026-09-11T12:19:39,2,1.638,31.07,28.6360,25.9,1.637,30.94,4.01,-62,10.25,
2026-09-11T12:19:40,2,1.620,29.58,28.6430,25.9,1.636,30.87,4.01,-62,10.00,
2026-09-11T12:19:41,2,1.643,31.45,28.6450,25.9,1.639,31.13,4.00,-62,9.50,
2026-09-11T12:19:42,2,1.616,29.26,28.6430,25.9,1.632,30.55,4.02,-62,10.00,
2026-09-11T12:19:43,2,1.618,29.45,28.6420,25.9,1.636,30.87,4.01,-62,10.00,
2026-09-11T12:19:44,2,1.637,30.94,28.6350,25.9,1.636,30.87,4.01,-62,10.25,
2026-09-11T12:19:45,2,1.616,29.26,28.6300,25.9,1.631,30.48,4.02,-62,10.00,
2026-09-11T12:19:46,2,1.643,31.45,28.6320,25.9,1.640,31.19,4.00,-62,9.50,
2026-09-11T12:19:47,2,1.633,30.68,28.6240,25.9,1.636,30.87,4.01,-62,10.50,
2026-09-11T12:19:48,2,1.619,29.52,28.6250,25.9,1.637,30.94,4.01,-62,9.75,
2026-09-11T12:19:49,2,1.642,31.32,28.6260,25.9,1.639,31.13,3.99,-62,9.50,
2026-09-11T12:19:51,2,1.615,29.20,28.6350,25.9,1.635,30.81,4.02,-61,10.00,
2026-09-11T12:19:52,2,1.617,29.32,28.6360,25.9,1.638,31.00,4.00,-62,9.50,
2026-09-11T12:19:56,2,1.635,30.81,28.6410,25.9,1.645,31.58,4.01,-57,5.50,
2026-09-11T12:19:57,2,1.617,29.32,28.6460,25.9,1.640,31.19,4.01,-57,6.00,
2026-09-11T12:19:58,2,1.642,31.39,28.6500,25.9,1.639,31.13,4.00,-56,5.50,
2026-09-11T12:19:59,2,1.617,29.32,28.6410,25.9,1.635,30.81,4.01,-56,7.50,
2026-09-11T12:20:00,2,1.619,29.52,28.6350,25.9,1.635,30.81,4.01,-61,10.50,
2026-09-11T12:20:02,2,1.635,30.81,28.6420,25.9,1.637,30.94,4.01,-61,9.50,
2026-09-11T12:20:03,2,1.614,29.13,28.6440,25.9,1.635,30.81,4.03,-62,9.75,
2026-09-11T12:20:04,2,1.619,29.52,28.6520,25.9,1.641,31.26,4.01,-61,10.25,
2026-09-11T12:20:05,2,1.635,30.81,28.6610,25.9,1.637,30.94,4.00,-62,9.25,
2026-09-11T12:20:06,2,1.617,29.39,28.6650,25.9,1.637,30.94,4.01,-62,10.00,
2026-09-11T12:20:07,2,1.644,31.52,28.6620,25.9,1.641,31.26,4.00,-62,9.50,
2026-09-11T12:20:08,2,1.629,30.36,28.6620,25.9,1.635,30.81,4.01,-62,10.00,
2026-09-11T12:20:09,2,1.617,29.39,28.6610,25.9,1.637,30.94,4.01,-62,10.25,
2026-09-11T12:20:10,2,1.637,30.94,28.6560,25.9,1.636,30.87,4.01,-62,10.25,
2026-09-11T12:20:11,2,1.615,29.20,28.6590,25.9,1.634,30.74,4.02,-62,10.25,
2026-09-11T12:20:12,2,1.617,29.39,28.6610,25.9,1.638,31.07,4.01,-62,9.75,
2026-09-11T12:20:14,2,1.635,30.81,28.6610,25.9,1.638,31.07,4.01,-62,9.75,
2026-09-11T12:20:15,2,1.619,29.52,28.6650,25.9,1.637,30.94,4.01,-62,10.00,
2026-09-11T12:20:16,2,1.642,31.39,28.6640,25.9,1.639,31.13,4.00,-62,9.75,
2026-09-11T12:20:17,2,1.638,31.00,28.6650,25.9,1.636,30.87,4.01,-61,10.00,
2026-09-11T12:20:18,2,1.618,29.45,28.6620,25.9,1.638,31.00,4.01,-62,9.75,
2026-09-11T12:20:19,2,1.638,31.00,28.6660,25.9,1.636,30.87,4.00,-62,9.75,
2026-09-11T12:20:20,2,1.616,29.26,28.6590,25.9,1.632,30.55,4.02,-61,10.00,
2026-09-11T12:20:21,2,1.618,29.45,28.6530,25.9,1.636,30.87,4.01,-62,9.75,
2026-09-11T12:20:22,2,1.637,30.94,28.6480,25.9,1.632,30.55,4.01,-61,9.75,
2026-09-11T12:20:23,2,1.617,29.39,28.6480,25.9,1.633,30.68,4.03,-61,9.75,
2026-09-11T12:20:24,2,1.642,31.39,28.6420,25.9,1.640,31.19,4.00,-60,9.50,
2026-09-11T12:20:26,2,1.636,30.87,28.6380,25.9,1.634,30.74,4.01,-62,10.00,
2026-09-11T12:20:27,2,1.623,29.84,28.6380,25.9,1.634,30.74,4.01,-62,10.00,
2026-09-11T12:20:28,2,1.641,31.26,28.6340,25.9,1.638,31.07,4.00,-62,9.75,
2026-09-11T12:20:29,2,1.615,29.20,28.6360,25.9,1.634,30.74,4.02,-61,10.00,
2026-09-11T12:20:30,2,1.622,29.78,28.6310,25.9,1.638,31.00,4.01,-62,9.75,
2026-09-11T12:20:31,2,1.637,30.94,28.6260,25.9,1.638,31.00,4.01,-62,9.75,
2026-09-11T12:20:32,2,1.616,29.26,28.6290,25.9,1.631,30.48,4.02,-61,9.75,
2026-09-11T12:20:33,2,1.642,31.32,28.6350,25.9,1.641,31.26,3.99,-61,9.25,
2026-09-11T12:20:34,2,1.636,30.87,28.6380,25.9,1.637,30.94,4.01,-61,10.00,
2026-09-11T12:20:35,2,1.619,29.52,28.6400,25.9,1.633,30.68,4.01,-62,9.75,
2026-09-11T12:20:41,2,1.612,28.94,28.6430,25.9,1.634,30.74,4.02,-57,5.50,
2026-09-11T12:20:42,2,1.642,31.32,28.6490,25.9,1.639,31.13,3.99,-56,5.25,
2026-09-11T12:20:43,2,1.633,30.68,28.6490,25.9,1.637,30.94,4.01,-57,6.25,
2026-09-11T12:20:44,2,1.620,29.58,28.6480,25.9,1.640,31.19,4.01,-62,10.25,
2026-09-11T12:20:45,2,1.641,31.26,28.6450,25.9,1.638,31.00,3.99,-62,9.50,
2026-09-11T12:20:46,2,1.616,29.26,28.6520,25.9,1.633,30.61,4.02,-62,9.75,
2026-09-11T12:20:47,2,1.618,29.45,28.6540,25.9,1.639,31.13,4.01,-62,10.25,
2026-09-11T12:20:49,2,1.637,30.94,28.6500,25.9,1.627,30.16,4.01,-62,10.00,
2026-09-11T12:20:50,2,1.617,29.32,28.6570,25.9,1.633,30.68,4.03,-62,9.50,
2026-09-11T12:20:51,2,1.645,31.58,28.6600,25.9,1.641,31.26,4.00,-62,9.50,
2026-09-11T12:20:52,2,1.634,30.74,28.6520,25.9,1.636,30.87,4.01,-60,10.00,
2026-09-11T12:20:53,2,1.616,29.26,28.6460,25.9,1.635,30.81,4.01,-61,10.00,
2026-09-11T12:20:54,2,1.638,31.07,28.6450,25.9,1.640,31.19,3.99,-61,9.75,
2026-09-11T12:20:55,2,1.615,29.20,28.6540,25.9,1.633,30.68,4.02,-61,10.00,
2026-09-11T12:20:56,2,1.617,29.39,28.6460,25.9,1.640,31.19,4.01,-62,9.50,
2026-09-11T12:20:57,2,1.634,30.74,28.6450,25.9,1.635,30.81,4.01,-62,10.00,
2026-09-11T12:20:58,2,1.617,29.32,28.6440,25.9,1.631,30.48,4.03,-62,9.50,
2026-09-11T12:20:59,2,1.642,31.39,28.6530,25.9,1.640,31.19,3.99,-61,9.25,
2026-09-11T12:21:01,2,1.643,31.45,28.6490,25.9,1.635,30.81,4.01,-61,10.00,
2026-09-11T12:21:02,2,1.618,29.45,28.6460,25.9,1.636,30.87,4.01,-62,10.00,
2026-09-11T12:21:03,2,1.642,31.39,28.6500,25.9,1.641,31.26,4.00,-62,9.75,
2026-09-11T12:21:04,2,1.616,29.26,28.6560,25.9,1.633,30.61,4.02,-62,10.00,
2026-09-11T12:21:05,2,1.618,29.45,28.6640,25.9,1.637,30.94,4.01,-62,10.25,
2026-09-11T12:21:06,2,1.638,31.00,28.6710,25.9,1.635,30.81,4.01,-62,10.00,
2026-09-11T12:21:07,2,1.617,29.32,28.6690,25.9,1.631,30.48,4.03,-61,9.50,
2026-09-11T12:21:08,2,1.646,31.65,28.6750,25.9,1.638,31.00,3.99,-61,9.25,
2026-09-11T12:21:09,2,1.634,30.74,28.6790,25.9,1.638,31.00,4.01,-62,9.75,
2026-09-11T12:21:10,2,1.618,29.45,28.6750,25.9,1.637,30.94,4.01,-62,10.25,
2026-09-11T12:21:11,2,1.640,31.19,28.6810,25.9,1.639,31.13,3.99,-62,9.25,
2026-09-11T12:21:13,2,1.619,29.52,28.6890,25.9,1.632,30.55,4.03,-61,9.50,
2026-09-11T12:21:14,2,1.618,29.45,28.6860,25.9,1.638,31.00,4.01,-62,9.75,
2026-09-11T12:21:15,2,1.638,31.07,28.6820,25.9,1.637,30.94,4.01,-62,9.75,
2026-09-11T12:21:16,2,1.617,29.39,28.6750,25.9,1.629,30.36,4.02,-62,9.50,
2026-09-11T12:21:17,2,1.645,31.58,28.6850,25.9,1.642,31.32,3.99,-62,9.75,
2026-09-11T12:21:18,2,1.637,30.94,28.6910,25.9,1.636,30.87,4.01,-62,10.00,
2026-09-11T12:21:19,2,1.618,29.45,28.6830,25.9,1.637,30.94,4.01,-62,10.00,
2026-09-11T12:21:20,2,1.642,31.32,28.6800,25.9,1.638,31.07,4.00,-62,9.75,
2026-09-11T12:21:26,2,1.642,31.39,28.6680,25.9,1.639,31.13,4.00,-56,6.25,
2026-09-11T12:21:27,2,1.636,30.87,28.6570,25.9,1.639,31.13,4.01,-57,6.75,
2026-09-11T12:21:28,2,1.620,29.58,28.6640,25.9,1.637,30.94,4.00,-56,7.00,
2026-09-11T12:21:29,2,1.642,31.32,28.6540,25.9,1.639,31.13,4.00,-61,9.50,
2026-09-11T12:21:30,2,1.617,29.39,28.6630,25.9,1.635,30.81,4.01,-60,10.00,
2026-09-11T12:21:31,2,1.618,29.45,28.6620,25.9,1.638,31.00,4.01,-62,9.75,
2026-09-11T12:21:32,2,1.639,31.13,28.6700,25.9,1.638,31.00,4.01,-60,9.75,
2026-09-11T12:21:33,2,1.616,29.26,28.6690,25.9,1.633,30.68,4.02,-62,10.00,
2026-09-11T12:21:34,2,1.618,29.45,28.6680,25.9,1.637,30.94,4.01,-62,10.00,
2026-09-11T12:21:36,2,1.636,30.87,28.6690,25.9,1.636,30.87,4.01,-61,9.75,
2026-09-11T12:21:37,2,1.619,29.52,28.6640,25.9,1.636,30.87,4.02,-62,9.75,
2026-09-11T12:21:38,2,1.640,31.19,28.6660,25.9,1.638,31.07,3.99,-61,9.50,
2026-09-11T12:21:39,2,1.637,30.94,28.6630,25.9,1.635,30.81,4.01,-61,10.25,
2026-09-11T12:21:40,2,1.621,29.65,28.6670,25.9,1.638,31.07,4.01,-61,10.00,
2026-09-11T12:21:41,2,1.638,31.00,28.6760,25.9,1.637,30.94,4.00,-62,10.00,
2026-09-11T12:21:42,2,1.615,29.20,28.6760,25.9,1.633,30.68,4.02,-61,10.00,
2026-09-11T12:21:43,2,1.616,29.26,28.6680,25.9,1.639,31.13,4.01,-62,10.00,
2026-09-11T12:21:44,2,1.636,30.87,28.6670,25.9,1.637,30.94,4.01,-61,9.75,
2026-09-11T12:21:45,2,1.615,29.20,28.6680,25.9,1.633,30.61,4.02,-62,10.00,
2026-09-11T12:21:46,2,1.639,31.13,28.6710,25.9,1.639,31.13,3.99,-61,9.75,
2026-09-11T12:21:48,2,1.634,30.74,28.6640,25.9,1.637,30.94,4.01,-61,10.00,
2026-09-11T12:21:49,2,1.617,29.39,28.6650,25.9,1.635,30.81,4.01,-61,10.25,
2026-09-11T12:21:50,2,1.637,30.94,28.6640,25.9,1.638,31.07,4.00,-62,9.25,
2026-09-11T12:21:51,2,1.614,29.13,28.6560,25.9,1.632,30.55,4.02,-61,9.75,
2026-09-11T12:21:52,2,1.621,29.65,28.6570,25.9,1.636,30.87,4.01,-61,10.25,
2026-09-11T12:21:53,2,1.633,30.68,28.6530,25.9,1.635,30.81,4.01,-61,10.00,
2026-09-11T12:21:54,2,1.613,29.07,28.6590,25.9,1.634,30.74,4.02,-61,10.50,
2026-09-11T12:21:55,2,1.642,31.32,28.6520,25.9,1.640,31.19,3.99,-61,9.50,
2026-09-11T12:21:56,2,1.633,30.68,28.6500,25.9,1.634,30.74,4.01,-61,10.00,
2026-09-11T12:21:57,2,1.620,29.58,28.6470,25.9,1.637,30.94,4.01,-61,9.75,
2026-09-11T12:21:58,2,1.638,31.07,28.6470,25.9,1.639,31.13,4.00,-62,9.75,
2026-09-11T12:22:00,2,1.614,29.13,28.6510,25.9,1.633,30.61,4.02,-61,9.75,
2026-09-11T12:22:01,2,1.608,28.68,28.6520,25.9,1.639,31.13,4.01,-61,10.00,
2026-09-11T12:22:02,2,1.635,30.81,28.6410,25.9,1.635,30.81,4.01,-61,10.25,
2026-09-11T12:22:03,2,1.615,29.20,28.6390,25.9,1.635,30.81,4.02,-61,10.00,
2026-09-11T12:22:04,2,1.641,31.26,28.6410,25.9,1.638,31.07,3.99,-61,9.25,
2026-09-11T12:22:05,2,1.637,30.94,28.6240,25.9,1.634,30.74,4.01,-62,9.75,
2026-09-11T12:22:08,2,1.616,29.26,28.6330,25.9,1.637,30.94,4.02,-62,9.75,
2026-09-11T12:22:09,2,1.619,29.52,28.6280,25.9,1.636,30.87,4.01,-57,7.00,
2026-09-11T12:22:11,2,1.633,30.68,28.6280,25.9,1.635,30.81,4.01,-57,6.75,
2026-09-11T12:22:12,2,1.614,29.13,28.6290,25.9,1.635,30.81,4.02,-57,6.50,
2026-09-11T12:22:13,2,1.642,31.32,28.6310,25.9,1.643,31.45,3.99,-56,7.50,
2026-09-11T12:22:14,2,1.635,30.81,28.6320,25.9,1.636,30.87,4.01,-62,10.25,
2026-09-11T12:22:15,2,1.621,29.65,28.6270,25.9,1.638,31.00,4.01,-61,9.75,
2026-09-11T12:22:16,2,1.639,31.13,28.6240,25.9,1.640,31.19,4.00,-62,9.50,
2026-09-11T12:22:17,2,1.617,29.32,28.6320,25.9,1.633,30.61,4.02,-61,10.00,
2026-09-11T12:22:18,2,1.617,29.32,28.6370,25.9,1.637,30.94,4.01,-61,9.75,
2026-09-11T12:22:19,2,1.635,30.81,28.6360,25.9,1.636,30.87,4.01,-61,9.75,
2026-09-11T12:22:20,2,1.615,29.20,28.6400,25.9,1.634,30.74,4.02,-61,9.75,
2026-09-11T12:22:21,2,1.644,31.52,28.6460,25.9,1.643,31.45,3.99,-61,9.75,
2026-09-11T12:22:23,2,1.635,30.81,28.6510,25.9,1.638,31.07,4.01,-61,9.75,
2026-09-11T12:22:24,2,1.619,29.52,28.6560,25.9,1.640,31.19,4.01,-62,10.25,
2026-09-11T12:22:25,2,1.642,31.39,28.6660,25.9,1.641,31.26,3.99,-61,9.50,
2026-09-11T12:22:26,2,1.615,29.20,28.6720,25.9,1.635,30.81,4.02,-61,10.00,
2026-09-11T12:22:27,2,1.618,29.45,28.6680,25.9,1.638,31.00,4.01,-62,9.50,
2026-09-11T12:22:28,2,1.638,31.00,28.6680,25.9,1.637,30.94,4.01,-62,10.00,
2026-09-11T12:22:29,2,1.617,29.32,28.6800,25.9,1.634,30.74,4.02,-62,10.25,
2026-09-11T12:22:30,2,1.645,31.58,28.6920,25.9,1.639,31.13,3.99,-61,9.50,
2026-09-11T12:22:31,2,1.633,30.68,28.6930,25.9,1.639,31.13,4.01,-61,9.75,
2026-09-11T12:22:32,2,1.619,29.52,28.6920,25.9,1.637,30.94,4.00,-62,9.50,
2026-09-11T12:22:33,2,1.640,31.19,28.6870,25.9,1.640,31.19,4.00,-62,9.75,
2026-09-11T12:22:35,2,1.617,29.39,28.6810,25.9,1.632,30.55,4.02,-61,10.00,
2026-09-11T12:22:36,2,1.620,29.58,28.6830,25.9,1.637,30.94,4.01,-62,10.00,
2026-09-11T12:22:37,2,1.638,31.00,28.6870,25.9,1.629,30.29,4.01,-61,9.75,
2026-09-11T12:22:38,2,1.617,29.32,28.6880,25.9,1.633,30.68,4.03,-62,9.50,
2026-09-11T12:22:39,2,1.648,31.84,28.6800,25.9,1.639,31.13,3.99,-61,9.75,
2026-09-11T12:22:40,2,1.635,30.81,28.6640,25.9,1.636,30.87,4.01,-61,10.00,
2026-09-11T12:22:41,2,1.619,29.52,28.6610,25.9,1.636,30.87,4.00,-62,9.50,
2026-09-11T12:22:42,2,1.641,31.26,28.6540,25.9,1.642,31.39,4.00,-62,9.75,
2026-09-11T12:22:43,2,1.614,29.13,28.6480,25.9,1.633,30.68,4.02,-61,10.25,
2026-09-11T12:22:44,2,1.618,29.45,28.6380,25.9,1.638,31.00,4.01,-61,9.75,
2026-09-11T12:22:45,2,1.637,30.94,28.6360,25.9,1.637,30.94,4.01,-61,10.25,
2026-09-11T12:22:47,2,1.617,29.39,28.6400,25.9,1.633,30.68,4.02,-61,10.25,
2026-09-11T12:22:48,2,1.644,31.52,28.6320,25.9,1.640,31.19,3.99,-59,9.25,
2026-09-11T12:22:49,2,1.633,30.68,28.6260,25.9,1.638,31.00,4.01,-61,10.00,
2026-09-11T12:22:54,2,1.635,30.81,28.6090,25.9,1.636,30.87,4.01,-57,6.25,
2026-09-11T12:22:55,2,1.615,29.20,28.6010,25.9,1.632,30.55,4.02,-57,6.25,
2026-09-11T12:22:56,2,1.646,31.65,28.6070,25.9,1.639,31.13,3.99,-56,6.00,
2026-09-11T12:22:58,2,1.635,30.81,28.5970,25.9,1.633,30.68,4.01,-61,10.00,
2026-09-11T12:22:59,2,1.616,29.26,28.6100,25.9,1.638,31.07,4.02,-61,9.75,
2026-09-11T12:23:00,2,1.642,31.32,28.6190,25.9,1.641,31.26,3.99,-61,9.25,
2026-09-11T12:23:01,2,1.616,29.26,28.6210,25.9,1.635,30.81,4.02,-62,9.75,
2026-09-11T12:23:02,2,1.619,29.52,28.6210,25.9,1.636,30.87,4.01,-61,10.00,
2026-09-11T12:23:03,2,1.637,30.94,28.6250,25.9,1.635,30.81,4.00,-60,9.75,
2026-09-11T12:23:04,2,1.615,29.20,28.6370,25.9,1.633,30.68,4.02,-61,9.75,
2026-09-11T12:23:05,2,1.618,29.45,28.6240,25.9,1.638,31.00,4.01,-61,10.25,
2026-09-11T12:23:06,2,1.635,30.81,28.6170,25.9,1.638,31.07,4.01,-61,10.25,
2026-09-11T12:23:07,2,1.615,29.20,28.6260,25.9,1.633,30.68,4.02,-61,10.25,
2026-09-11T12:23:08,2,1.642,31.32,28.6350,25.9,1.639,31.13,3.99,-61,9.25,
2026-09-11T12:23:10,2,1.633,30.61,28.6340,25.9,1.635,30.81,4.01,-61,10.00,
2026-09-11T12:23:11,2,1.619,29.52,28.6370,25.9,1.637,30.94,4.01,-61,9.75,
2026-09-11T12:23:12,2,1.639,31.13,28.6420,25.9,1.639,31.13,3.99,-61,9.50,
2026-09-11T12:23:13,2,1.616,29.26,28.6340,25.9,1.633,30.61,4.03,-60,9.25,
2026-09-11T12:23:14,2,1.617,29.32,28.6330,25.9,1.639,31.13,4.01,-61,9.75,
2026-09-11T12:23:15,2,1.636,30.87,28.6380,25.9,1.638,31.00,4.01,-61,10.25,
2026-09-11T12:23:16,2,1.613,29.07,28.6360,25.9,1.632,30.55,4.02,-61,10.00,
2026-09-11T12:23:17,2,1.642,31.32,28.6460,25.9,1.638,31.00,3.99,-61,9.50,
2026-09-11T12:23:18,2,1.638,31.00,28.6410,25.9,1.636,30.87,4.01,-61,10.00,
2026-09-11T12:23:19,2,1.618,29.45,28.6410,25.9,1.637,30.94,4.00,-62,9.50,
2026-09-11T12:23:20,2,1.639,31.13,28.6400,25.9,1.638,31.00,3.99,-61,9.25,
2026-09-11T12:23:22,2,1.614,29.13,28.6430,25.9,1.635,30.81,4.02,-61,10.00,
2026-09-11T12:23:23,2,1.621,29.65,28.6450,25.9,1.638,31.00,4.01,-61,10.00,
2026-09-11T12:23:24,2,1.637,30.94,28.6420,25.9,1.634,30.74,4.01,-61,10.00,
2026-09-11T12:23:25,2,1.617,29.32,28.6380,25.9,1.633,30.61,4.02,-61,10.00,
2026-09-11T12:23:26,2,1.643,31.45,28.6440,25.9,1.640,31.19,3.99,-61,9.75,
2026-09-11T12:23:27,2,1.637,30.94,28.6490,25.9,1.635,30.81,4.01,-61,9.75,
2026-09-11T12:23:28,2,1.619,29.52,28.6410,25.9,1.636,30.87,4.00,-62,10.00,
2026-09-11T12:23:29,2,1.638,31.07,28.6390,25.9,1.639,31.13,4.00,-62,9.50,
2026-09-11T12:23:30,2,1.613,29.07,28.6440,25.9,1.634,30.74,4.02,-61,10.00,
2026-09-11T12:23:31,2,1.621,29.71,28.6480,25.9,1.636,30.87,4.01,-62,10.25,
2026-09-11T12:23:33,2,1.637,30.94,28.6530,25.9,1.635,30.81,4.01,-61,10.25,
2026-09-11T12:23:34,2,1.614,29.13,28.6600,25.9,1.634,30.74,4.03,-61,9.50,
2026-09-11T12:23:39,2,1.616,29.26,28.6620,25.9,1.631,30.48,4.02,-56,6.50,
2026-09-11T12:23:40,2,1.619,29.52,28.6610,25.9,1.638,31.07,4.01,-57,6.75,
2026-09-11T12:23:41,2,1.631,30.48,28.6660,25.9,1.633,30.68,4.01,-57,7.25,
2026-09-11T12:23:42,2,1.615,29.20,28.6630,25.9,1.635,30.81,4.02,-61,10.00,
2026-09-11T12:23:43,2,1.649,31.90,28.6580,25.9,1.638,31.00,3.99,-60,9.50,
2026-09-11T12:23:45,2,1.636,30.87,28.6620,25.9,1.639,31.13,4.01,-61,9.75,
2026-09-11T12:23:46,2,1.619,29.52,28.6740,25.9,1.636,30.87,4.00,-62,9.75,
2026-09-11T12:23:47,2,1.642,31.32,28.6690,25.9,1.638,31.00,3.99,-61,9.50,
2026-09-11T12:23:48,2,1.615,29.20,28.6630,25.9,1.633,30.61,4.02,-61,9.75,
2026-09-11T12:23:49,2,1.619,29.52,28.6670,25.9,1.639,31.13,4.01,-62,10.00,
2026-09-11T12:23:50,2,1.636,30.87,28.6670,25.9,1.634,30.74,4.01,-61,10.00,
2026-09-11T12:23:51,2,1.616,29.26,28.6630,25.9,1.634,30.74,4.02,-61,12.75,
2026-09-11T12:23:52,2,1.643,31.45,28.6650,25.9,1.639,31.13,3.99,-60,9.25,
2026-09-11T12:23:53,2,1.636,30.87,28.6650,25.9,1.637,30.94,4.01,-60,9.50,
2026-09-11T12:23:54,2,1.621,29.65,28.6630,25.9,1.636,30.87,4.00,-62,9.75,
2026-09-11T12:23:55,2,1.640,31.19,28.6680,25.9,1.639,31.13,3.99,-61,9.50,
2026-09-11T12:23:57,2,1.617,29.39,28.6660,25.9,1.633,30.61,4.02,-61,10.00,
2026-09-11T12:23:58,2,1.618,29.45,28.6690,25.9,1.638,31.07,4.01,-62,9.50,
2026-09-11T12:23:59,2,1.635,30.81,28.6620,25.9,1.635,30.81,4.01,-61,10.25,
2026-09-11T12:24:00,2,1.616,29.26,28.6580,25.9,1.634,30.74,4.02,-61,9.75,
2026-09-11T12:24:01,2,1.649,31.90,28.6610,25.9,1.643,31.45,3.99,-61,9.75,
2026-09-11T12:24:02,2,1.634,30.74,28.6570,25.9,1.637,30.94,4.01,-62,10.25,
2026-09-11T12:24:03,2,1.617,29.32,28.6660,25.9,1.638,31.07,4.02,-61,9.50,
2026-09-11T12:24:04,2,1.641,31.26,28.6680,25.9,1.640,31.19,3.99,-61,9.75,
2026-09-11T12:24:05,2,1.617,29.32,28.6610,25.9,1.632,30.55,4.02,-60,9.50,
2026-09-11T12:24:06,2,1.624,29.90,28.6630,25.9,1.637,30.94,4.01,-61,9.75,
2026-09-11T12:24:07,2,1.639,31.13,28.6590,25.9,1.633,30.68,4.00,-60,9.75,
2026-09-11T12:24:09,2,1.615,29.20,28.6640,25.9,1.633,30.68,4.02,-61,10.00,
2026-09-11T12:24:10,2,1.648,31.84,28.6620,25.9,1.639,31.13,3.99,-61,9.50,
2026-09-11T12:24:11,2,1.637,30.94,28.6640,25.9,1.637,30.94,4.01,-61,9.75,
2026-09-11T12:24:12,2,1.613,29.07,28.6650,25.9,1.633,30.68,4.02,-62,10.00,
2026-09-11T12:24:13,2,1.642,31.32,28.6490,25.9,1.641,31.26,3.99,-61,9.25,
2026-09-11T12:24:14,2,1.617,29.39,28.6460,25.9,1.631,30.48,4.02,-61,9.75,
2026-09-11T12:24:15,2,1.617,29.39,28.6420,25.9,1.636,30.87,4.01,-62,9.75,
2026-09-11T12:24:16,2,1.641,31.26,28.6360,25.9,1.638,31.07,4.00,-62,9.75,
2026-09-11T12:24:17,2,1.617,29.32,28.6330,25.9,1.634,30.74,4.02,-61,9.50,
2026-09-11T12:24:18,2,1.646,31.65,28.6350,25.9,1.639,31.13,3.99,-61,9.75,
2026-09-11T12:24:23,2,1.617,29.39,28.6370,25.9,1.633,30.61,4.02,-56,6.25,
2026-09-11T12:24:24,2,1.618,29.45,28.6380,25.9,1.636,30.87,4.01,-56,6.25,
2026-09-11T12:24:25,2,1.638,31.00,28.6320,25.9,1.638,31.07,4.00,-57,6.25,
2026-09-11T12:24:26,2,1.615,29.20,28.6310,25.9,1.632,30.55,4.02,-56,7.50,
2026-09-11T12:24:27,2,1.628,30.23,28.6380,25.9,1.638,31.07,4.01,-61,9.75,
2026-09-11T12:24:28,2,1.637,30.94,28.6310,25.9,1.637,30.94,4.01,-61,10.00,
2026-09-11T12:24:29,2,1.615,29.20,28.6250,25.9,1.633,30.68,4.02,-61,10.00,
2026-09-11T12:24:30,2,1.642,31.32,28.6310,25.9,1.642,31.32,3.99,-61,9.75,
2026-09-11T12:24:32,2,1.635,30.81,28.6270,25.9,1.637,30.94,4.01,-61,9.75,
2026-09-11T12:24:33,2,1.619,29.52,28.6300,25.9,1.636,30.87,4.00,-61,9.75,
2026-09-11T12:24:34,2,1.639,31.13,28.6410,25.9,1.638,31.07,3.99,-59,9.50,
2026-09-11T12:24:35,2,1.616,29.26,28.6430,25.9,1.634,30.74,4.02,-61,9.75,
2026-09-11T12:24:36,2,1.620,29.58,28.6480,25.9,1.634,30.74,4.01,-61,10.00,
2026-09-11T12:24:37,2,1.637,30.94,28.6510,25.9,1.635,30.81,4.01,-62,10.00,
2026-09-11T12:24:38,2,1.614,29.13,28.6540,25.9,1.633,30.68,4.03,-61,9.25,
2026-09-11T12:24:39,2,1.644,31.52,28.6540,25.9,1.641,31.26,3.99,-61,9.50,
2026-09-11T12:24:40,2,1.635,30.81,28.6570,25.9,1.637,30.94,4.01,-62,10.25,
2026-09-11T12:24:41,2,1.617,29.39,28.6570,25.9,1.637,30.94,4.00,-62,9.50,
2026-09-11T12:24:42,2,1.639,31.13,28.6580,25.9,1.638,31.07,3.99,-61,9.25,
2026-09-11T12:24:44,2,1.618,29.45,28.6530,25.9,1.633,30.61,4.02,-60,9.75,
2026-09-11T12:24:45,2,1.617,29.32,28.6470,25.9,1.635,30.81,4.00,-62,9.50,
2026-09-11T12:24:46,2,1.635,30.81,28.6560,25.9,1.637,30.94,4.01,-62,9.75,
2026-09-11T12:24:47,2,1.616,29.26,28.6570,25.9,1.632,30.55,4.02,-61,10.00,
2026-09-11T12:24:48,2,1.644,31.52,28.6630,25.9,1.640,31.19,3.98,-61,10.25,
2026-09-11T12:24:49,2,1.635,30.81,28.6710,25.9,1.635,30.81,4.01,-61,10.00,
2026-09-11T12:24:50,2,1.617,29.39,28.6620,25.9,1.637,30.94,4.01,-62,10.00,
2026-09-11T12:24:51,2,1.639,31.13,28.6680,25.9,1.639,31.13,3.99,-62,9.25,
2026-09-11T12:24:52,2,1.615,29.20,28.6660,25.9,1.633,30.61,4.02,-61,9.75,
2026-09-11T12:24:53,2,1.620,29.58,28.6620,25.9,1.636,30.87,4.01,-61,10.00,
2026-09-11T12:24:54,2,1.634,30.74,28.6650,25.9,1.636,30.87,4.01,-61,9.75,
2026-09-11T12:24:56,2,1.614,29.13,28.6660,25.9,1.633,30.61,4.02,-61,9.75,
2026-09-11T12:24:57,2,1.646,31.71,28.6670,25.9,1.642,31.39,3.99,-61,9.25,
2026-09-11T12:24:58,2,1.637,30.94,28.6700,25.9,1.636,30.87,4.01,-61,10.00,
2026-09-11T12:24:59,2,1.616,29.26,28.6630,25.9,1.638,31.07,4.01,-61,9.75,
2026-09-11T12:25:00,2,1.641,31.26,28.6560,25.9,1.639,31.13,3.99,-61,9.75,
2026-09-11T12:25:01,2,1.615,29.20,28.6540,25.9,1.633,30.68,4.02,-60,9.75,
2026-09-11T12:25:02,2,1.619,29.52,28.6530,25.9,1.638,31.00,4.01,-62,10.00,
2026-09-11T12:25:08,2,1.618,29.45,28.6570,25.9,1.638,31.00,4.00,-57,6.00,
2026-09-11T12:25:09,2,1.635,30.81,28.6600,25.9,1.640,31.19,3.99,-56,5.75,
2026-09-11T12:25:10,2,1.615,29.20,28.6600,25.9,1.633,30.68,4.02,-57,6.25,
2026-09-11T12:25:11,2,1.620,29.58,28.6570,25.9,1.635,30.81,4.01,-62,9.75,
2026-09-11T12:25:12,2,1.637,30.94,28.6500,25.9,1.636,30.87,4.01,-62,10.25,
2026-09-11T12:25:13,2,1.614,29.13,28.6520,25.9,1.632,30.55,4.02,-62,10.00,
2026-09-11T12:25:14,2,1.649,31.90,28.6460,25.9,1.642,31.32,3.99,-60,9.50,
2026-09-11T12:25:15,2,1.633,30.68,28.6390,25.9,1.636,30.87,4.01,-61,10.25,
2026-09-11T12:25:16,2,1.619,29.52,28.6370,25.9,1.639,31.13,4.01,-61,9.75,
2026-09-11T12:25:17,2,1.642,31.39,28.6270,25.9,1.640,31.19,3.99,-60,9.25,
2026-09-11T12:25:19,2,1.615,29.20,28.6380,25.9,1.633,30.61,4.02,-61,9.75,
2026-09-11T12:25:20,2,1.617,29.39,28.6420,25.9,1.641,31.26,4.00,-61,9.75,
2026-09-11T12:25:21,2,1.635,30.81,28.6410,25.9,1.636,30.87,4.01,-61,10.00,
2026-09-11T12:25:22,2,1.614,29.13,28.6400,25.9,1.632,30.55,4.02,-61,9.75,
2026-09-11T12:25:23,2,1.641,31.26,28.6420,25.9,1.638,31.07,4.01,-60,10.00,
2026-09-11T12:25:24,2,1.635,30.81,28.6480,25.9,1.637,30.94,4.01,-60,9.75,
2026-09-11T12:25:25,2,1.620,29.58,28.6470,25.9,1.639,31.13,4.00,-62,9.50,
2026-09-11T12:25:26,2,1.641,31.26,28.6520,25.9,1.639,31.13,3.99,-61,9.75,
2026-09-11T12:25:27,2,1.635,30.81,28.6420,25.9,1.638,31.00,4.01,-61,9.75,
2026-09-11T12:25:28,2,1.621,29.65,28.6370,25.9,1.638,31.07,4.01,-61,10.00,
2026-09-11T12:25:29,2,1.636,30.87,28.6310,25.9,1.637,30.94,4.01,-61,9.50,
2026-09-11T12:25:31,2,1.613,29.07,28.6310,25.9,1.635,30.81,4.02,-61,10.00,
2026-09-11T12:25:32,2,1.608,28.68,28.6370,25.9,1.635,30.81,4.01,-61,9.75,
2026-09-11T12:25:33,2,1.633,30.68,28.6310,25.9,1.636,30.87,4.01,-61,10.00,
2026-09-11T12:25:34,2,1.619,29.52,28.6360,25.9,1.638,31.07,4.00,-62,9.75,
2026-09-11T12:25:35,2,1.639,31.13,28.6500,25.9,1.639,31.13,3.99,-61,9.50,
2026-09-11T12:25:36,2,1.634,30.74,28.6510,25.9,1.638,31.07,4.01,-61,12.75,
2026-09-11T12:25:37,2,1.617,29.39,28.6530,25.9,1.635,30.81,4.00,-61,9.50,
2026-09-11T12:25:38,2,1.634,30.74,28.6450,25.9,1.636,30.87,4.01,-61,10.00,
2026-09-11T12:25:39,2,1.615,29.20,28.6430,25.9,1.636,30.87,4.02,-61,10.00,
2026-09-11T12:25:40,2,1.620,29.58,28.6490,25.9,1.636,30.87,4.01,-62,10.25,
2026-09-11T12:25:42,2,1.633,30.68,28.6490,25.9,1.636,30.87,4.01,-61,9.75,
2026-09-11T12:25:43,2,1.616,29.26,28.6460,25.9,1.636,30.87,4.02,-61,10.00,
2026-09-11T12:25:44,2,1.642,31.39,28.6460,25.9,1.642,31.39,3.99,-61,9.25,
2026-09-11T12:25:45,2,1.633,30.68,28.6410,25.9,1.635,30.81,4.01,-60,10.00,
2026-09-11T12:25:46,2,1.620,29.58,28.6420,25.9,1.638,31.00,4.01,-61,10.25,
2026-09-11T12:25:47,2,1.637,30.94,28.6370,25.9,1.638,31.07,4.00,-61,9.25,
2026-09-11T12:25:52,2,1.642,31.32,28.6480,25.9,1.642,31.32,3.99,-56,6.50,
2026-09-11T12:25:54,2,1.635,30.81,28.6390,25.9,1.638,31.00,4.01,-56,6.75,
2026-09-11T12:25:55,2,1.619,29.52,28.6460,25.9,1.637,30.94,4.01,-57,7.50,
2026-09-11T12:25:56,2,1.639,31.13,28.6420,25.9,1.640,31.19,3.99,-61,9.50,
2026-09-11T12:25:57,2,1.617,29.39,28.6390,25.9,1.631,30.48,4.02,-61,10.00,
2026-09-11T12:25:58,2,1.619,29.52,28.6380,25.9,1.636,30.87,4.01,-59,12.25,
2026-09-11T12:25:59,2,1.634,30.74,28.6460,25.9,1.635,30.81,4.01,-61,9.75,
2026-09-11T12:26:00,2,1.617,29.32,28.6420,25.9,1.635,30.81,4.02,-61,9.75,
2026-09-11T12:26:01,2,1.644,31.52,28.6390,25.9,1.641,31.26,3.99,-61,9.75,
2026-09-11T12:26:02,2,1.635,30.81,28.6370,25.9,1.635,30.81,4.01,-61,11.00,
2026-09-11T12:26:03,2,1.619,29.52,28.6360,25.9,1.638,31.00,4.01,-61,9.75,
2026-09-11T12:26:04,2,1.640,31.19,28.6380,25.9,1.642,31.32,3.99,-59,9.50,
2026-09-11T12:26:06,2,1.617,29.32,28.6400,25.9,1.633,30.68,4.02,-61,9.75,
2026-09-11T12:26:07,2,1.618,29.45,28.6450,25.9,1.636,30.87,4.01,-61,10.00,
2026-09-11T12:26:08,2,1.638,31.00,28.6560,25.9,1.635,30.81,4.01,-61,9.50,
2026-09-11T12:26:09,2,1.616,29.26,28.6550,25.9,1.632,30.55,4.01,-61,10.25,
2026-09-11T12:26:10,2,1.642,31.32,28.6490,25.9,1.639,31.13,3.99,-61,9.50,
2026-09-11T12:26:11,2,1.634,30.74,28.6520,25.9,1.633,30.68,4.01,-61,9.75,
2026-09-11T12:26:12,2,1.617,29.39,28.6480,25.9,1.637,30.94,4.00,-62,9.50,
2026-09-11T12:26:13,2,1.640,31.19,28.6550,25.9,1.641,31.26,4.00,-62,9.50,
2026-09-11T12:26:14,2,1.615,29.20,28.6470,25.9,1.633,30.68,4.02,-60,9.75,
2026-09-11T12:26:15,2,1.617,29.32,28.6510,25.9,1.637,30.94,4.01,-61,9.50,
2026-09-11T12:26:16,2,1.636,30.87,28.6620,25.9,1.634,30.74,4.01,-61,10.00,
2026-09-11T12:26:18,2,1.617,29.32,28.6650,25.9,1.629,30.36,4.02,-62,9.75,
2026-09-11T12:26:19,2,1.645,31.58,28.6660,25.9,1.640,31.19,3.99,-61,9.00,
2026-09-11T12:26:20,2,1.636,30.87,28.6610,25.9,1.636,30.87,4.01,-61,9.75,
2026-09-11T12:26:21,2,1.620,29.58,28.6580,25.9,1.638,31.00,4.00,-60,9.75,
2026-09-11T12:26:22,2,1.641,31.26,28.6760,25.9,1.640,31.19,3.99,-61,9.50,
2026-09-11T12:26:23,2,1.617,29.39,28.6740,25.9,1.633,30.68,4.02,-61,9.50,
2026-09-11T12:26:24,2,1.618,29.45,28.6670,25.9,1.638,31.00,4.01,-61,9.75,
2026-09-11T12:26:25,2,1.636,30.87,28.6660,25.9,1.636,30.87,4.00,-61,9.75,
2026-09-11T12:26:26,2,1.617,29.32,28.6670,25.9,1.630,30.42,4.02,-61,10.00,
2026-09-11T12:26:27,2,1.647,31.77,28.6610,25.9,1.640,31.19,3.99,-61,9.75,
2026-09-11T12:26:29,2,1.636,30.87,28.6570,25.9,1.634,30.74,4.01,-61,10.00,
2026-09-11T12:26:30,2,1.617,29.39,28.6560,25.9,1.638,31.00,4.01,-62,9.75,
2026-09-11T12:26:31,2,1.638,31.07,28.6550,25.9,1.634,30.74,3.99,-62,9.75,
2026-09-11T12:26:32,2,1.619,29.52,28.6550,25.9,1.633,30.61,4.02,-61,9.75,
2026-09-11T12:26:36,2,1.616,29.26,28.6390,25.9,1.637,30.94,4.01,-57,7.00,
2026-09-11T12:26:37,2,1.638,31.00,28.6410,25.9,1.636,30.87,4.01,-57,6.25,
2026-09-11T12:26:38,2,1.622,29.78,28.6410,25.9,1.638,31.07,4.00,-56,6.25,
2026-09-11T12:26:39,2,1.641,31.26,28.6400,25.9,1.639,31.13,4.00,-56,7.75,
2026-09-11T12:26:41,2,1.638,31.07,28.6350,25.9,1.635,30.81,4.01,-61,9.75,
2026-09-11T12:26:42,2,1.617,29.39,28.6280,25.9,1.638,31.00,4.01,-61,9.75,
2026-09-11T12:26:43,2,1.635,30.81,28.6200,25.9,1.635,30.81,4.00,-61,9.75,
2026-09-11T12:26:44,2,1.618,29.45,28.6200,25.9,1.633,30.68,4.02,-61,10.00,
2026-09-11T12:26:45,2,1.618,29.45,28.6220,25.9,1.629,30.29,4.01,-61,9.75,
2026-09-11T12:26:46,2,1.636,30.87,28.6150,25.9,1.633,30.61,4.01,-61,9.75,
2026-09-11T12:26:47,2,1.617,29.39,28.6070,25.9,1.638,31.00,4.00,-61,9.50,
2026-09-11T12:26:48,2,1.642,31.39,28.6120,25.9,1.638,31.07,3.99,-61,9.50,
2026-09-11T12:26:49,2,1.635,30.81,28.6220,25.9,1.637,30.94,4.01,-61,9.75,
2026-09-11T12:26:50,2,1.615,29.20,28.6230,25.9,1.637,30.94,4.01,-61,10.25,
2026-09-11T12:26:51,2,1.638,31.07,28.6230,25.9,1.635,30.81,4.01,-61,9.75,
2026-09-11T12:26:53,2,1.615,29.20,28.6310,25.9,1.633,30.68,4.02,-59,12.75,
2026-09-11T12:26:54,2,1.619,29.52,28.6250,25.9,1.635,30.81,4.00,-61,9.75,
2026-09-11T12:26:55,2,1.637,30.94,28.6340,25.9,1.638,31.07,4.01,-60,9.75,
2026-09-11T12:26:56,2,1.620,29.58,28.6370,25.9,1.638,31.00,4.01,-62,9.75,
2026-09-11T12:26:57,2,1.641,31.26,28.6310,25.9,1.638,31.07,3.99,-61,9.75,
2026-09-11T12:26:58,2,1.636,30.87,28.6180,25.9,1.636,30.87,4.01,-61,10.00,
2026-09-11T12:26:59,2,1.617,29.39,28.6180,25.9,1.636,30.87,4.00,-61,10.00,
2026-09-11T12:27:00,2,1.638,31.00,28.6250,25.9,1.635,30.81,4.01,-61,10.00,
2026-09-11T12:27:01,2,1.614,29.13,28.6170,25.9,1.632,30.55,4.02,-61,10.00,
2026-09-11T12:27:02,2,1.617,29.39,28.6260,25.9,1.633,30.61,4.01,-61,9.75,
2026-09-11T12:27:03,2,1.638,31.00,28.6230,25.9,1.634,30.74,4.01,-61,10.00,
2026-09-11T12:27:05,2,1.620,29.58,28.6240,25.9,1.638,31.07,4.00,-61,9.50,
2026-09-11T12:27:06,2,1.645,31.58,28.6180,25.9,1.638,31.07,3.99,-60,9.75,
2026-09-11T12:27:07,2,1.634,30.74,28.6180,25.9,1.634,30.74,4.01,-61,9.75,
2026-09-11T12:27:08,2,1.618,29.45,28.6220,25.9,1.637,30.94,3.99,-61,9.75,
2026-09-11T12:27:09,2,1.636,30.87,28.6180,25.9,1.635,30.81,4.00,-62,9.50,
2026-09-11T12:27:10,2,1.617,29.32,28.6160,25.9,1.633,30.61,4.02,-61,10.00,
2026-09-11T12:27:11,2,1.618,29.45,28.6210,25.9,1.635,30.81,4.01,-61,10.25,
2026-09-11T12:27:12,2,1.635,30.81,28.6180,25.9,1.635,30.81,4.01,-61,10.25,
2026-09-11T12:27:13,2,1.619,29.52,28.6280,25.9,1.638,31.00,4.01,-62,9.25,
2026-09-11T12:27:14,2,1.642,31.39,28.6190,25.9,1.639,31.13,3.99,-61,9.25,
2026-09-11T12:27:16,2,1.635,30.81,28.6100,25.9,1.634,30.74,4.01,-61,9.75,
2026-09-11T12:27:21,2,1.634,30.74,28.6330,25.9,1.636,30.87,4.01,-57,7.00,
2026-09-11T12:27:22,2,1.618,29.45,28.6300,25.9,1.635,30.81,4.00,-57,6.50,
2026-09-11T12:27:23,2,1.643,31.45,28.6400,25.9,1.640,31.19,3.99,-56,6.75,
2026-09-11T12:27:24,2,1.634,30.74,28.6420,25.9,1.637,30.94,4.00,-61,9.25,
2026-09-11T12:27:25,2,1.610,28.81,28.6560,25.9,1.637,30.94,4.01,-61,9.50,
2026-09-11T12:27:26,2,1.636,30.87,28.6560,25.9,1.635,30.81,4.01,-61,10.00,
2026-09-11T12:27:28,2,1.615,29.20,28.6550,25.9,1.629,30.36,4.02,-61,9.75,
2026-09-11T12:27:29,2,1.620,29.58,28.6550,25.9,1.638,31.00,4.01,-62,9.50,
2026-09-11T12:27:30,2,1.638,31.00,28.6530,25.9,1.635,30.81,4.01,-61,10.00,
2026-09-11T12:27:31,2,1.620,29.58,28.6560,25.9,1.638,31.00,4.00,-61,9.50,
2026-09-11T12:27:32,2,1.644,31.52,28.6520,25.9,1.641,31.26,4.00,-62,9.50,
2026-09-11T12:27:33,2,1.636,30.87,28.6420,25.9,1.636,30.87,4.01,-61,10.25,
2026-09-11T12:27:34,2,1.617,29.32,28.6450,25.9,1.637,30.94,4.01,-62,9.75,
2026-09-11T12:27:35,2,1.639,31.13,28.6440,25.9,1.635,30.81,4.01,-60,10.00,
2026-09-11T12:27:36,2,1.617,29.32,28.6480,25.9,1.633,30.68,4.02,-60,10.00,
2026-09-11T12:27:37,2,1.618,29.45,28.6460,25.9,1.638,31.07,4.00,-61,9.50,
2026-09-11T12:27:38,2,1.637,30.94,28.6340,25.9,1.632,30.55,4.01,-60,10.00,
2026-09-11T12:27:40,2,1.620,29.58,28.6260,25.9,1.638,31.07,4.00,-62,9.50,
2026-09-11T12:27:41,2,1.643,31.45,28.6220,25.9,1.641,31.26,3.99,-61,9.50,
2026-09-11T12:27:42,2,1.639,31.13,28.6170,25.9,1.637,30.94,4.01,-61,9.75,
2026-09-11T12:27:43,2,1.618,29.45,28.6170,25.9,1.638,31.07,4.00,-62,9.50,
2026-09-11T12:27:44,2,1.636,30.87,28.6110,25.9,1.633,30.68,4.00,-62,9.50,
2026-09-11T12:27:45,2,1.617,29.32,28.6010,25.9,1.633,30.68,4.02,-61,9.75,
2026-09-11T12:27:46,2,1.617,29.32,28.5990,25.9,1.638,31.07,4.00,-62,9.25,
2026-09-11T12:27:47,2,1.637,30.94,28.6000,25.9,1.636,30.87,4.01,-59,10.00,
2026-09-11T12:27:48,2,1.617,29.32,28.5990,25.9,1.639,31.13,4.01,-62,10.00,
2026-09-11T12:27:49,2,1.643,31.45,28.6040,25.9,1.640,31.19,3.99,-61,9.50,
2026-09-11T12:27:51,2,1.633,30.61,28.6000,25.9,1.638,31.00,4.01,-61,12.75,
2026-09-11T12:27:52,2,1.618,29.45,28.6020,25.9,1.638,31.00,4.01,-62,9.75,
2026-09-11T12:27:53,2,1.638,31.07,28.6070,25.9,1.645,31.58,3.99,-61,9.50,
2026-09-11T12:27:54,2,1.615,29.20,28.6050,25.9,1.632,30.55,4.02,-61,9.75,
2026-09-11T12:27:55,2,1.616,29.26,28.6030,25.9,1.633,30.68,4.01,-61,9.75,
2026-09-11T12:27:56,2,1.637,30.94,28.6060,25.9,1.636,30.87,4.01,-61,10.00,
2026-09-11T12:27:57,2,1.615,29.20,28.6050,25.9,1.636,30.87,4.02,-61,10.00,
2026-09-11T12:27:58,2,1.645,31.58,28.6170,25.9,1.638,31.00,3.99,-61,9.50,
2026-09-11T12:27:59,2,1.638,31.00,28.6190,25.9,1.634,30.74,4.01,-61,10.00,
2026-09-11T12:28:00,2,1.618,29.45,28.6290,25.9,1.637,30.94,4.00,-62,9.75,
2026-09-11T12:28:06,2,1.616,29.26,28.6470,25.9,1.633,30.61,4.02,-57,6.25,
2026-09-11T12:28:07,2,1.618,29.45,28.6490,25.9,1.638,31.00,4.01,-57,6.50,
2026-09-11T12:28:08,2,1.634,30.74,28.6490,25.9,1.635,30.81,4.01,-56,6.75,
2026-09-11T12:28:09,2,1.614,29.13,28.6470,25.9,1.639,31.13,4.01,-62,9.75,
2026-09-11T12:28:10,2,1.640,31.19,28.6440,25.9,1.638,31.07,3.99,-61,9.50,
2026-09-11T12:28:11,2,1.638,31.07,28.6430,25.9,1.636,30.87,4.01,-61,10.00,
2026-09-11T12:28:12,2,1.618,29.45,28.6480,25.9,1.636,30.87,4.01,-61,10.00,
2026-09-11T12:28:13,2,1.637,30.94,28.6460,25.9,1.635,30.81,4.01,-61,10.00,
2026-09-11T12:28:15,2,1.621,29.65,28.6510,25.9,1.633,30.61,4.02,-62,9.75,
2026-09-11T12:28:16,2,1.617,29.39,28.6460,25.9,1.636,30.87,4.01,-62,10.25,
2026-09-11T12:28:17,2,1.637,30.94,28.6400,25.9,1.636,30.87,4.01,-62,9.75,
2026-09-11T12:28:18,2,1.617,29.39,28.6470,25.9,1.639,31.13,4.01,-61,9.75,
2026-09-11T12:28:19,2,1.641,31.26,28.6490,25.9,1.640,31.19,3.99,-61,9.50,
2026-09-11T12:28:20,2,1.637,30.94,28.6460,25.9,1.633,30.68,4.01,-61,9.75,
2026-09-11T12:28:21,2,1.618,29.45,28.6420,25.9,1.636,30.87,4.01,-62,10.00,
2026-09-11T12:28:22,2,1.636,30.87,28.6460,25.9,1.636,30.87,4.01,-61,10.00,
2026-09-11T12:28:23,2,1.617,29.39,28.6430,25.9,1.631,30.48,4.02,-61,10.00,
2026-09-11T12:28:24,2,1.618,29.45,28.6420,25.9,1.636,30.87,4.01,-61,10.25,
2026-09-11T12:28:25,2,1.638,31.00,28.6330,25.9,1.638,31.07,4.01,-60,10.00,
2026-09-11T12:28:27,2,1.619,29.52,28.6410,25.9,1.638,31.00,4.00,-62,9.75,
2026-09-11T12:28:28,2,1.641,31.26,28.6410,25.9,1.638,31.07,3.99,-61,9.25,
2026-09-11T12:28:29,2,1.633,30.68,28.6430,25.9,1.635,30.81,4.01,-61,9.75,
2026-09-11T12:28:30,2,1.617,29.39,28.6410,25.9,1.633,30.61,4.00,-62,9.25,
2026-09-11T12:28:31,2,1.635,30.81,28.6410,25.9,1.636,30.87,4.01,-62,9.75,
2026-09-11T12:28:32,2,1.617,29.32,28.6410,25.9,1.634,30.74,4.02,-61,9.75,
2026-09-11T12:28:33,2,1.618,29.45,28.6440,25.9,1.637,30.94,4.00,-61,9.25,
2026-09-11T12:28:34,2,1.634,30.74,28.6430,25.9,1.636,30.87,4.01,-61,10.00,
2026-09-11T12:28:35,2,1.618,29.45,28.6480,25.9,1.638,31.07,4.00,-62,9.50,
2026-09-11T12:28:36,2,1.641,31.26,28.6540,25.9,1.641,31.26,3.99,-61,10.00,
2026-09-11T12:28:38,2,1.635,30.81,28.6530,25.9,1.636,30.87,4.01,-61,10.00,
2026-09-11T12:28:39,2,1.608,28.62,28.6500,25.9,1.638,31.00,4.00,-61,9.50,
2026-09-11T12:28:40,2,1.637,30.94,28.6450,25.9,1.633,30.68,4.00,-62,9.25,
2026-09-11T12:28:41,2,1.614,29.13,28.6420,25.9,1.635,30.81,4.02,-61,10.00,
2026-09-11T12:28:42,2,1.617,29.39,28.6430,25.9,1.635,30.81,4.01,-60,10.25,
2026-09-11T12:28:43,2,1.635,30.81,28.6420,25.9,1.635,30.81,4.01,-61,9.75,
2026-09-11T12:28:44,2,1.619,29.52,28.6400,25.9,1.648,31.84,4.01,-61,10.00,
2026-09-11T12:28:45,2,1.642,31.32,28.6450,25.9,1.640,31.19,3.99,-61,9.50,
2026-09-11T12:28:50,2,1.614,29.13,28.6370,25.9,1.631,30.48,4.02,-56,6.25,
2026-09-11T12:28:51,2,1.620,29.58,28.6400,25.9,1.637,30.94,4.01,-56,7.00,
2026-09-11T12:28:52,2,1.635,30.81,28.6380,25.9,1.640,31.19,4.01,-56,6.75,
2026-09-11T12:28:53,2,1.619,29.52,28.6350,25.9,1.637,30.94,4.00,-56,8.25,
2026-09-11T12:28:54,2,1.646,31.65,28.6270,25.9,1.640,31.19,3.99,-59,9.50,
2026-09-11T12:28:55,2,1.633,30.61,28.6280,25.9,1.633,30.61,4.01,-61,10.25,
2026-09-11T12:28:56,2,1.620,29.58,28.6370,25.9,1.638,31.00,4.00,-61,9.75,
2026-09-11T12:28:57,2,1.638,31.07,28.6270,25.9,1.633,30.68,4.00,-61,9.25,
2026-09-11T12:28:58,2,1.616,29.26,28.6370,25.9,1.631,30.48,4.02,-61,10.00,
2026-09-11T12:28:59,2,1.617,29.32,28.6380,25.9,1.638,31.00,4.00,-62,9.50,
2026-09-11T12:29:00,2,1.637,30.94,28.6370,25.9,1.635,30.81,4.00,-61,9.75,
2026-09-11T12:29:02,2,1.616,29.26,28.6350,25.9,1.632,30.55,4.02,-61,9.75,
2026-09-11T12:29:03,2,1.646,31.65,28.6410,25.9,1.642,31.32,3.99,-61,9.50,
2026-09-11T12:29:04,2,1.635,30.81,28.6260,25.9,1.638,31.00,4.00,-61,9.50,
2026-09-11T12:29:05,2,1.618,29.45,28.6280,25.9,1.639,31.13,4.00,-62,9.25,
2026-09-11T12:29:06,2,1.640,31.19,28.6210,25.9,1.642,31.39,3.99,-60,9.50,
2026-09-11T12:29:07,2,1.616,29.26,28.6230,25.9,1.635,30.81,4.02,-61,10.00,
2026-09-11T12:29:08,2,1.613,29.07,28.6200,25.9,1.638,31.07,4.01,-61,9.25,
2026-09-11T12:29:09,2,1.636,30.87,28.6160,25.9,1.637,30.94,4.01,-62,10.00,
2026-09-11T12:29:10,2,1.613,29.07,28.6160,25.9,1.633,30.68,4.02,-61,10.00,
2026-09-11T12:29:11,2,1.642,31.39,28.6290,25.9,1.638,31.07,3.99,-61,9.50,
2026-09-11T12:29:12,2,1.635,30.81,28.6280,25.9,1.635,30.81,4.00,-62,9.75,
2026-09-11T12:29:15,2,1.640,31.19,28.6360,25.9,1.641,31.26,3.99,-62,9.75,
2026-09-11T12:29:16,2,1.615,29.20,28.6370,25.9,1.631,30.48,4.02,-60,10.00,
2026-09-11T12:29:17,2,1.622,29.78,28.6290,25.9,1.636,30.87,4.01,-61,10.00,
2026-09-11T12:29:18,2,1.627,30.16,28.6250,25.9,1.637,30.94,4.01,-61,9.75,
2026-09-11T12:29:19,2,1.615,29.20,28.6210,25.9,1.631,30.48,4.02,-61,10.25,
2026-09-11T12:29:20,2,1.648,31.84,28.6230,25.9,1.645,31.58,3.99,-61,9.50,
2026-09-11T12:29:21,2,1.633,30.68,28.6250,25.9,1.646,31.65,4.00,-61,9.50,
2026-09-11T12:29:22,2,1.619,29.52,28.6270,25.9,1.636,30.87,4.00,-61,9.75,
2026-09-11T12:29:23,2,1.640,31.19,28.6340,25.9,1.639,31.13,3.99,-61,9.75,
2026-09-11T12:29:25,2,1.617,29.32,28.6420,25.9,1.634,30.74,4.02,-61,9.75,
2026-09-11T12:29:26,2,1.618,29.45,28.6430,25.9,1.637,30.94,4.00,-62,9.50,
2026-09-11T12:29:27,2,1.635,30.81,28.6450,25.9,1.635,30.81,4.00,-62,9.75,
2026-09-11T12:29:28,2,1.617,29.39,28.6550,25.9,1.634,30.74,4.02,-61,10.00,
2026-09-11T12:29:29,2,1.617,29.39,28.6620,25.9,1.635,30.81,4.01,-61,10.00,
2026-09-11T12:29:34,2,1.616,29.26,28.6520,25.9,1.635,30.81,4.00,-56,5.75,
2026-09-11T12:29:35,2,1.638,31.00,28.6490,25.9,1.636,30.87,4.00,-56,6.00,
2026-09-11T12:29:37,2,1.614,29.13,28.6430,25.9,1.634,30.74,4.02,-56,6.25,
2026-09-11T12:29:38,2,1.617,29.39,28.6390,25.9,1.638,31.00,4.01,-61,9.75,
2026-09-11T12:29:39,2,1.635,30.81,28.6420,25.9,1.637,30.94,4.00,-61,9.75,
2026-09-11T12:29:40,2,1.620,29.58,28.6490,25.9,1.637,30.94,4.00,-62,9.50,
2026-09-11T12:29:41,2,1.640,31.19,28.6450,25.9,1.641,31.26,3.99,-61,9.75,
2026-09-11T12:29:42,2,1.633,30.68,28.6450,25.9,1.637,30.94,4.01,-62,10.00,
2026-09-11T12:29:43,2,1.618,29.45,28.6460,25.9,1.638,31.00,4.01,-62,10.00,
2026-09-11T12:29:44,2,1.637,30.94,28.6470,25.9,1.634,30.74,4.00,-61,9.75,
2026-09-11T12:29:45,2,1.615,29.20,28.6490,25.9,1.636,30.87,4.02,-61,10.00,
2026-09-11T12:29:46,2,1.621,29.65,28.6470,25.9,1.637,30.94,4.00,-62,9.50,
2026-09-11T12:29:47,2,1.635,30.81,28.6370,25.9,1.635,30.81,4.00,-62,9.50,
2026-09-11T12:29:49,2,1.615,29.20,28.6370,25.9,1.638,31.00,4.00,-61,9.50,
2026-09-11T12:29:50,2,1.639,31.13,28.6410,25.9,1.639,31.13,3.99,-59,9.50,
2026-09-11T12:29:51,2,1.635,30.81,28.6450,25.9,1.637,30.94,4.01,-62,10.00,
2026-09-11T12:29:52,2,1.621,29.65,28.6500,25.9,1.635,30.81,4.01,-60,9.75,
2026-09-11T12:29:53,2,1.637,30.94,28.6490,25.9,1.635,30.81,4.00,-62,9.75,
2026-09-11T12:29:54,2,1.618,29.45,28.6520,25.9,1.631,30.48,4.02,-62,10.25,
2026-09-11T12:29:55,2,1.618,29.45,28.6460,25.9,1.639,31.13,4.01,-62,9.75,
2026-09-11T12:29:56,2,1.630,30.42,28.6510,25.9,1.633,30.61,4.01,-62,9.75,
2026-09-11T12:29:57,2,1.618,29.45,28.6520,25.9,1.638,31.00,4.00,-62,9.50,
2026-09-11T12:29:58,2,1.644,31.52,28.6590,25.9,1.638,31.07,3.99,-62,9.50,
2026-09-11T12:30:00,2,1.635,30.81,28.6580,25.9,1.637,30.94,4.01,-62,9.75,
2026-09-11T12:30:01,2,1.620,29.58,28.6580,25.9,1.629,30.36,4.01,-62,9.50,
2026-09-11T12:30:02,2,1.639,31.13,28.6640,25.9,1.636,30.87,4.01,-62,10.00,
2026-09-11T12:30:03,2,1.614,29.13,28.6630,25.9,1.636,30.87,4.02,-61,10.00,
2026-09-11T12:30:04,2,1.617,29.39,28.6660,25.9,1.635,30.81,4.01,-62,10.00,
2026-09-11T12:30:05,2,1.637,30.94,28.6630,25.9,1.635,30.81,4.01,-62,9.75,
2026-09-11T12:30:06,2,1.621,29.71,28.6540,25.9,1.638,31.00,4.01,-62,9.75,
2026-09-11T12:30:07,2,1.643,31.45,28.6520,25.9,1.639,31.13,3.99,-61,9.50,
2026-09-11T12:30:08,2,1.636,30.87,28.6570,25.9,1.635,30.81,4.01,-61,10.00,
2026-09-11T12:30:09,2,1.620,29.58,28.6650,25.9,1.638,31.00,4.01,-62,11.00,
2026-09-11T12:30:10,2,1.638,31.00,28.6670,25.9,1.634,30.74,3.99,-61,9.75,
2026-09-11T12:30:12,2,1.617,29.32,28.6610,25.9,1.632,30.55,4.02,-62,10.00,
2026-09-11T12:30:13,2,1.617,29.39,28.6560,25.9,1.638,31.07,4.00,-62,9.50,
2026-09-11T12:30:14,2,1.634,30.74,28.6550,25.9,1.635,30.81,4.01,-62,10.00,
2026-09-11T12:30:19,2,1.638,31.07,28.6560,25.9,1.632,30.55,3.98,-56,6.25,
2026-09-11T12:30:20,2,1.615,29.20,28.6550,25.9,1.630,30.42,4.02,-56,6.00,
2026-09-11T12:30:21,2,1.621,29.65,28.6500,25.9,1.638,31.00,4.00,-56,6.75,
2026-09-11T12:30:22,2,1.637,30.94,28.6440,25.9,1.635,30.81,4.01,-61,10.00,
2026-09-11T12:30:24,2,1.613,29.07,28.6390,25.9,1.635,30.81,4.02,-61,9.75,
2026-09-11T12:30:25,2,1.644,31.52,28.6370,25.9,1.640,31.19,3.99,-61,9.50,
2026-09-11T12:30:26,2,1.637,30.94,28.6270,25.9,1.635,30.81,4.01,-62,10.00,
2026-09-11T12:30:27,2,1.619,29.52,28.6300,25.9,1.639,31.13,4.00,-61,9.50,
2026-09-11T12:30:28,2,1.641,31.26,28.6330,25.9,1.640,31.19,3.99,-61,9.50,
2026-09-11T12:30:29,2,1.613,29.07,28.6240,25.9,1.630,30.42,4.02,-61,10.25,
2026-09-11T12:30:30,2,1.617,29.39,28.6200,25.9,1.635,30.81,4.01,-62,9.75,
2026-09-11T12:30:31,2,1.638,31.00,28.6250,25.9,1.634,30.74,4.01,-61,10.25,
2026-09-11T12:30:32,2,1.613,29.07,28.6240,25.9,1.637,30.94,4.02,-62,10.00,
2026-09-11T12:30:33,2,1.618,29.45,28.6300,25.9,1.638,31.07,4.00,-62,9.75,
2026-09-11T12:30:34,2,1.636,30.87,28.6270,25.9,1.637,30.94,4.00,-62,9.50,
2026-09-11T12:30:36,2,1.618,29.45,28.6160,25.9,1.638,31.07,4.00,-62,9.50,
2026-09-11T12:30:37,2,1.642,31.32,28.6130,25.9,1.640,31.19,3.99,-62,9.75,
2026-09-11T12:30:38,2,1.635,30.81,28.6170,25.9,1.635,30.81,4.01,-62,10.50,
2026-09-11T12:30:39,2,1.618,29.45,28.6190,25.9,1.637,30.94,4.00,-62,9.75,
2026-09-11T12:30:40,2,1.635,30.81,28.6250,25.9,1.636,30.87,4.01,-61,10.00,
2026-09-11T12:30:41,2,1.616,29.26,28.6210,25.9,1.633,30.68,4.02,-62,10.00,
2026-09-11T12:30:42,2,1.617,29.32,28.6280,25.9,1.636,30.87,4.01,-62,10.00,
2026-09-11T12:30:43,2,1.634,30.74,28.6320,25.9,1.638,31.00,4.01,-61,10.00,
2026-09-11T12:30:44,2,1.619,29.52,28.6300,25.9,1.637,30.94,4.00,-62,9.75,
2026-09-11T12:30:45,2,1.643,31.45,28.6390,25.9,1.639,31.13,3.98,-61,9.75,
2026-09-11T12:30:47,2,1.637,30.94,28.6420,25.9,1.633,30.61,4.00,-62,9.50,
2026-09-11T12:30:48,2,1.618,29.45,28.6350,25.9,1.638,31.07,4.00,-62,9.75,
2026-09-11T12:30:49,2,1.639,31.13,28.6280,25.9,1.635,30.81,4.01,-61,9.50,
2026-09-11T12:30:50,2,1.616,29.26,28.6340,25.9,1.633,30.61,4.02,-62,10.00,
2026-09-11T12:30:51,2,1.619,29.52,28.6330,25.9,1.637,30.94,4.00,-62,9.75,
2026-09-11T12:30:52,2,1.637,30.94,28.6220,25.9,1.637,30.94,4.00,-61,9.50,
2026-09-11T12:30:53,2,1.619,29.52,28.6150,25.9,1.638,31.00,4.00,-62,9.75,
2026-09-11T12:30:54,2,1.642,31.32,28.6140,25.9,1.643,31.45,3.99,-61,9.75,
2026-09-11T12:30:55,2,1.635,30.81,28.6160,25.9,1.635,30.81,4.00,-62,9.50,
2026-09-11T12:30:56,2,1.621,29.71,28.6160,25.9,1.635,30.81,4.00,-62,9.75,
2026-09-11T12:30:57,2,1.638,31.00,28.6180,25.9,1.635,30.81,4.00,-62,9.50,
2026-09-11T12:30:59,2,1.616,29.26,28.6240,25.9,1.633,30.68,4.02,-62,9.75,
2026-09-11T12:31:03,2,1.643,31.45,28.6250,25.9,1.640,31.19,3.99,-56,6.00,
2026-09-11T12:31:04,2,1.635,30.81,28.6270,25.9,1.637,30.94,4.00,-57,6.25,
2026-09-11T12:31:05,2,1.633,30.68,28.6240,25.9,1.635,30.81,4.00,-56,6.25,
2026-09-11T12:31:06,2,1.637,30.94,28.6280,25.9,1.635,30.81,4.01,-57,8.25,
2026-09-11T12:31:07,2,1.614,29.13,28.6310,25.9,1.633,30.68,4.02,-61,10.00,
2026-09-11T12:31:08,2,1.617,29.39,28.6410,25.9,1.635,30.81,4.00,-62,9.50,
2026-09-11T12:31:09,2,1.637,30.94,28.6340,25.9,1.637,30.94,4.01,-62,10.00,
2026-09-11T12:31:11,2,1.620,29.58,28.6400,25.9,1.637,30.94,4.00,-62,9.75,
2026-09-11T12:31:12,2,1.644,31.52,28.6390,25.9,1.639,31.13,3.99,-61,9.75,
2026-09-11T12:31:13,2,1.635,30.81,28.6490,25.9,1.635,30.81,4.01,-61,9.75,
2026-09-11T12:31:14,2,1.617,29.39,28.6540,25.9,1.638,31.07,4.01,-61,9.75,
2026-09-11T12:31:15,2,1.638,31.07,28.6580,25.9,1.638,31.07,4.00,-62,9.50,
2026-09-11T12:31:16,2,1.616,29.26,28.6610,25.9,1.635,30.81,4.02,-61,10.75,
2026-09-11T12:31:17,2,1.618,29.45,28.6640,25.9,1.637,30.94,4.00,-61,12.25,
2026-09-11T12:31:18,2,1.637,30.94,28.6640,25.9,1.635,30.81,4.01,-61,10.00,
2026-09-11T12:31:19,2,1.620,29.58,28.6630,25.9,1.640,31.19,4.00,-61,9.75,
2026-09-11T12:31:20,2,1.647,31.77,28.6610,25.9,1.641,31.26,3.99,-61,9.50,
2026-09-11T12:31:21,2,1.637,30.94,28.6540,25.9,1.634,30.74,4.01,-61,10.25,
2026-09-11T12:31:23,2,1.618,29.45,28.6560,25.9,1.635,30.81,4.00,-62,9.75,
2026-09-11T12:31:24,2,1.637,30.94,28.6500,25.9,1.634,30.74,4.00,-62,9.25,
2026-09-11T12:31:25,2,1.613,29.07,28.6480,25.9,1.635,30.81,4.01,-61,9.75,
2026-09-11T12:31:26,2,1.631,30.48,28.6580,25.9,1.628,30.23,4.00,-61,9.50,
2026-09-11T12:31:27,2,1.634,30.74,28.6560,25.9,1.629,30.36,4.01,-62,9.75,
2026-09-11T12:31:28,2,1.617,29.39,28.6500,25.9,1.637,30.94,4.02,-62,9.50,
2026-09-11T12:31:29,2,1.618,29.45,28.6430,25.9,1.638,31.00,4.00,-62,9.50,
2026-09-11T12:31:30,2,1.637,30.94,28.6400,25.9,1.638,31.07,4.01,-62,10.00,
2026-09-11T12:31:31,2,1.617,29.32,28.6400,25.9,1.638,31.00,4.00,-61,9.75,
2026-09-11T12:31:32,2,1.642,31.39,28.6320,25.9,1.638,31.00,3.99,-61,9.25,
2026-09-11T12:31:34,2,1.634,30.74,28.6260,25.9,1.638,31.00,4.01,-61,9.75,
2026-09-11T12:31:35,2,1.617,29.39,28.6240,25.9,1.636,30.87,4.00,-61,10.00,
2026-09-11T12:31:36,2,1.639,31.13,28.6230,25.9,1.646,31.65,4.00,-61,9.25,
2026-09-11T12:31:37,2,1.615,29.20,28.6240,25.9,1.632,30.55,4.02,-61,10.00,
2026-09-11T12:31:38,2,1.620,29.58,28.6170,25.9,1.636,30.87,4.01,-61,10.00,
2026-09-11T12:31:39,2,1.636,30.87,28.6130,25.9,1.633,30.68,4.00,-62,9.25,
2026-09-11T12:31:40,2,1.617,29.39,28.6130,25.9,1.635,30.81,4.00,-62,9.50,
2026-09-11T12:31:41,2,1.630,30.42,28.6140,25.9,1.642,31.39,3.99,-61,9.50,
2026-09-11T12:31:42,2,1.634,30.74,28.6210,25.9,1.633,30.68,4.00,-62,9.75,
2026-09-11T12:31:48,2,1.636,30.87,28.6030,25.9,1.637,30.94,4.01,-57,6.25,
2026-09-11T12:31:49,2,1.619,29.52,28.6080,25.9,1.637,30.94,4.00,-56,7.00,
2026-09-11T12:31:50,2,1.643,31.45,28.6090,25.9,1.640,31.19,3.99,-56,7.25,
2026-09-11T12:31:51,2,1.638,31.00,28.6100,25.9,1.634,30.74,4.01,-61,11.00,
2026-09-11T12:31:52,2,1.617,29.32,28.6160,25.9,1.637,30.94,4.00,-61,9.50,
2026-09-11T12:31:53,2,1.638,31.07,28.6210,25.9,1.635,30.81,4.00,-61,10.00,
2026-09-11T12:31:54,2,1.606,28.49,28.6200,25.9,1.629,30.36,4.02,-61,10.00,
2026-09-11T12:31:55,2,1.618,29.45,28.6200,25.9,1.635,30.81,4.00,-62,9.75,
2026-09-11T12:31:56,2,1.633,30.68,28.6150,25.9,1.636,30.87,4.01,-61,10.25,
2026-09-11T12:31:58,2,1.622,29.78,28.6130,25.9,1.632,30.55,4.00,-62,9.50,
2026-09-11T12:31:59,2,1.642,31.32,28.6050,25.9,1.640,31.19,3.99,-61,9.75,
2026-09-11T12:32:00,2,1.635,30.81,28.6040,25.9,1.637,30.94,4.01,-61,10.00,
2026-09-11T12:32:01,2,1.617,29.32,28.6180,25.9,1.638,31.00,4.01,-61,9.75,
2026-09-11T12:32:02,2,1.638,31.07,28.6120,25.9,1.638,31.00,4.01,-61,10.00,
2026-09-11T12:32:03,2,1.616,29.26,28.6030,25.9,1.631,30.48,4.02,-62,9.75,
2026-09-11T12:32:04,2,1.617,29.32,28.6020,25.9,1.635,30.81,4.00,-62,9.75,
2026-09-11T12:32:05,2,1.633,30.68,28.6100,25.9,1.639,31.13,4.00,-61,9.75,
2026-09-11T12:32:06,2,1.617,29.39,28.6200,25.9,1.637,30.94,4.00,-61,9.75,
2026-09-11T12:32:07,2,1.643,31.45,28.6380,25.9,1.638,31.07,3.99,-61,9.00,
2026-09-11T12:32:09,2,1.635,30.81,28.6360,25.9,1.634,30.74,4.01,-61,10.00,
2026-09-11T12:32:10,2,1.617,29.39,28.6450,25.9,1.635,30.81,4.00,-61,9.50,
2026-09-11T12:32:11,2,1.639,31.13,28.6530,25.9,1.634,30.74,4.00,-61,9.75,
2026-09-11T12:32:12,2,1.613,29.07,28.6580,25.9,1.633,30.68,4.02,-61,10.25,
2026-09-11T12:32:13,2,1.621,29.65,28.6540,25.9,1.635,30.81,4.00,-62,9.50,
2026-09-11T12:32:14,2,1.639,31.13,28.6510,25.9,1.637,30.94,4.00,-61,9.75,
2026-09-11T12:32:15,2,1.618,29.45,28.6530,25.9,1.637,30.94,4.00,-61,9.75,
2026-09-11T12:32:16,2,1.636,30.87,28.6560,25.9,1.638,31.07,3.99,-61,9.25,
2026-09-11T12:32:17,2,1.637,30.94,28.6640,25.9,1.639,31.13,4.00,-62,10.00,
2026-09-11T12:32:18,2,1.617,29.32,28.6710,25.9,1.638,31.00,4.01,-61,9.75,
2026-09-11T12:32:19,2,1.639,31.13,28.6720,25.9,1.636,30.87,4.01,-61,10.00,
2026-09-11T12:32:21,2,1.617,29.32,28.6680,25.9,1.633,30.68,4.02,-61,9.75,
2026-09-11T12:32:22,2,1.618,29.45,28.6680,25.9,1.637,30.94,4.01,-61,9.50,
2026-09-11T12:32:23,2,1.636,30.87,28.6720,25.9,1.638,31.00,4.00,-61,9.25,
2026-09-11T12:32:24,2,1.621,29.65,28.6830,25.9,1.637,30.94,4.00,-61,9.50,
2026-09-11T12:32:25,2,1.646,31.65,28.6780,25.9,1.642,31.39,3.99,-61,9.50,
2026-09-11T12:32:26,2,1.636,30.87,28.6730,25.9,1.636,30.87,4.00,-61,9.75,
2026-09-11T12:32:27,2,1.614,29.13,28.6630,25.9,1.638,31.07,4.00,-61,9.50,
2026-09-11T12:32:33,2,1.621,29.65,28.6430,25.9,1.638,31.00,4.00,-56,6.25,
2026-09-11T12:32:34,2,1.640,31.19,28.6490,25.9,1.641,31.26,4.00,-56,6.00,
2026-09-11T12:32:35,2,1.633,30.68,28.6510,25.9,1.635,30.81,4.01,-57,7.00,
2026-09-11T12:32:36,2,1.609,28.74,28.6450,25.9,1.636,30.87,4.01,-61,10.00,
2026-09-11T12:32:37,2,1.638,31.00,28.6290,25.9,1.646,31.71,4.00,-62,9.25,
2026-09-11T12:32:38,2,1.617,29.39,28.6250,25.9,1.633,30.68,4.01,-62,9.50,
2026-09-11T12:32:39,2,1.614,29.13,28.6200,25.9,1.633,30.68,4.00,-61,9.50,
2026-09-11T12:32:40,2,1.637,30.94,28.6130,25.9,1.637,30.94,4.00,-62,9.50,
2026-09-11T12:32:41,2,1.617,29.32,28.6130,25.9,1.638,31.07,4.00,-61,9.75,
2026-09-11T12:32:42,2,1.617,29.32,28.6100,25.9,1.637,30.94,4.01,-61,10.00,
2026-09-11T12:32:43,2,1.635,30.81,28.6090,25.9,1.638,31.07,4.00,-61,10.00,
2026-09-11T12:32:45,2,1.617,29.32,28.6130,25.9,1.634,30.74,4.00,-61,9.75,
2026-09-11T12:32:46,2,1.640,31.19,28.6190,25.9,1.635,30.81,4.00,-61,9.75,
2026-09-11T12:32:47,2,1.635,30.81,28.6230,25.9,1.636,30.87,4.01,-60,10.50,
2026-09-11T12:32:48,2,1.618,29.45,28.6170,25.9,1.635,30.81,4.01,-61,10.25,
2026-09-11T12:32:49,2,1.625,30.03,28.6340,26.9,1.638,31.00,3.99,-61,9.75,
2026-09-11T12:32:50,2,1.617,29.39,28.6300,26.9,1.638,31.07,4.00,-61,9.50,
2026-09-11T12:32:51,2,1.619,29.52,28.6300,26.9,1.639,31.13,4.01,-61,10.00,
2026-09-11T12:32:52,2,1.636,30.87,28.6310,26.9,1.635,30.81,4.00,-62,9.50,
2026-09-11T12:32:53,2,1.617,29.39,28.6410,25.9,1.641,31.26,4.00,-61,9.75,
2026-09-11T12:32:54,2,1.639,31.13,28.6390,25.9,1.637,30.94,4.01,-61,9.50,
2026-09-11T12:32:56,2,1.636,30.87,28.6440,25.9,1.639,31.13,4.00,-61,9.25,
2026-09-11T12:32:57,2,1.618,29.45,28.6510,25.9,1.636,30.87,4.00,-61,9.50,
2026-09-11T12:32:58,2,1.638,31.00,28.6650,26.9,1.633,30.68,4.01,-61,9.75,
2026-09-11T12:32:59,2,1.618,29.45,28.6620,26.9,1.638,31.00,4.00,-61,9.50,
2026-09-11T12:33:00,2,1.618,29.45,28.6630,26.9,1.638,31.07,4.01,-61,10.50,
2026-09-11T12:33:01,2,1.639,31.13,28.6690,26.9,1.636,30.87,4.01,-61,10.00,
2026-09-11T12:33:02,2,1.619,29.52,28.6630,25.9,1.638,31.07,4.00,-62,9.25,
2026-09-11T12:33:03,2,1.638,31.00,28.6670,25.9,1.643,31.45,4.00,-61,9.75,
2026-09-11T12:33:04,2,1.633,30.68,28.6730,26.9,1.637,30.94,4.01,-61,10.00,
2026-09-11T12:33:05,2,1.617,29.32,28.6660,25.9,1.640,31.19,4.00,-61,9.50,
2026-09-11T12:33:06,2,1.639,31.13,28.6590,25.9,1.637,30.94,4.01,-62,10.00,
2026-09-11T12:33:08,2,1.617,29.32,28.6640,25.9,1.637,30.94,4.02,-61,10.00,
2026-09-11T12:33:09,2,1.619,29.52,28.6660,26.9,1.637,30.94,4.00,-62,9.50,
2026-09-11T12:33:10,2,1.638,31.00,28.6600,26.9,1.637,30.94,4.00,-62,9.25,
2026-09-11T12:33:11,2,1.613,29.00,28.6550,26.9,1.633,30.61,4.00,-62,9.50,
2026-09-11T12:33:12,2,1.643,31.45,28.6550,26.9,1.638,31.07,3.99,-61,9.25,
2026-09-11T12:33:16,2,1.614,29.13,28.6400,26.9,1.634,30.74,4.02,-56,5.75,
2026-09-11T12:33:17,2,1.617,29.39,28.6320,26.9,1.635,30.81,4.00,-56,6.00,
2026-09-11T12:33:18,2,1.635,30.81,28.6440,26.9,1.635,30.81,4.00,-56,5.75,
2026-09-11T12:33:20,2,1.619,29.52,28.6460,25.9,1.638,31.00,4.01,-57,8.75,
2026-09-11T12:33:21,2,1.644,31.52,28.6480,25.9,1.640,31.19,3.99,-61,9.50,
2026-09-11T12:33:22,2,1.635,30.81,28.6600,25.9,1.634,30.74,4.00,-61,9.75,
2026-09-11T12:33:23,2,1.618,29.45,28.6620,26.9,1.635,30.81,4.00,-61,10.00,
2026-09-11T12:33:24,2,1.637,30.94,28.6540,25.9,1.636,30.87,4.00,-61,9.25,
2026-09-11T12:33:25,2,1.608,28.68,28.6480,25.9,1.634,30.74,4.01,-61,10.00,
2026-09-11T12:33:26,2,1.618,29.45,28.6480,25.9,1.635,30.81,4.01,-62,9.75,
2026-09-11T12:33:27,2,1.634,30.74,28.6450,25.9,1.637,30.94,4.00,-62,9.50,
2026-09-11T12:33:28,2,1.617,29.39,28.6380,25.9,1.638,31.00,4.00,-62,9.50,
2026-09-11T12:33:29,2,1.645,31.58,28.6370,26.9,1.638,31.07,3.98,-61,9.75,
2026-09-11T12:33:30,2,1.635,30.81,28.6360,26.9,1.629,30.36,4.00,-62,9.75,
2026-09-11T12:33:32,2,1.617,29.39,28.6400,26.9,1.637,30.94,4.00,-62,9.50,
2026-09-11T12:33:33,2,1.639,31.13,28.6410,25.9,1.637,30.94,4.00,-62,9.50,
2026-09-11T12:33:34,2,1.613,29.07,28.6330,25.9,1.633,30.61,4.02,-61,10.00,
2026-09-11T12:33:35,2,1.620,29.58,28.6280,25.9,1.637,30.94,4.00,-62,9.25,
2026-09-11T12:33:36,2,1.638,31.00,28.6220,25.9,1.633,30.68,4.01,-62,10.00,
2026-09-11T12:33:37,2,1.618,29.45,28.6170,25.9,1.638,31.00,4.00,-62,9.25,
2026-09-11T12:33:38,2,1.645,31.58,28.6110,25.9,1.641,31.26,3.98,-61,10.00,
2026-09-11T12:33:39,2,1.633,30.61,28.6050,25.9,1.637,30.94,4.01,-61,10.00,
2026-09-11T12:33:40,2,1.617,29.39,28.6010,26.9,1.636,30.87,4.00,-61,9.50,
2026-09-11T12:33:41,2,1.637,30.94,28.5920,26.9,1.636,30.87,4.00,-61,9.50,
2026-09-11T12:33:43,2,1.612,28.94,28.5970,26.9,1.629,30.36,4.02,-61,10.00,
2026-09-11T12:33:44,2,1.616,29.26,28.5950,26.9,1.635,30.81,4.01,-61,9.75,
2026-09-11T12:33:45,2,1.635,30.81,28.5890,26.9,1.636,30.87,4.01,-61,10.00,
2026-09-11T12:33:46,2,1.617,29.39,28.5950,26.9,1.638,31.00,4.00,-61,10.00,
2026-09-11T12:33:47,2,1.616,29.26,28.6040,26.9,1.636,30.87,4.00,-61,9.75,
2026-09-11T12:33:48,2,1.634,30.74,28.6040,26.9,1.630,30.42,4.01,-61,9.75,
2026-09-11T12:33:49,2,1.617,29.32,28.6020,26.9,1.637,30.94,4.00,-62,9.25,
2026-09-11T12:33:50,2,1.638,31.00,28.6070,26.9,1.633,30.68,4.00,-61,9.50,
2026-09-11T12:33:51,2,1.635,30.81,28.6060,26.9,1.637,30.94,4.00,-61,9.75,
2026-09-11T12:33:52,2,1.620,29.58,28.6100,26.9,1.638,31.07,4.01,-61,9.50,
2026-09-11T12:33:53,2,1.636,30.87,28.6100,26.9,1.636,30.87,4.00,-59,10.50,
2026-09-11T12:33:55,2,1.619,29.52,28.6170,26.9,1.636,30.87,4.00,-61,9.50,
2026-09-11T12:33:56,2,1.614,29.13,28.6080,26.9,1.640,31.19,4.00,-62,9.50,
2026-09-11T12:33:58,2,1.620,29.58,28.6250,26.9,1.636,30.87,4.01,-61,9.75,
2026-09-11T12:34:01,2,1.619,29.52,28.6210,26.9,1.638,31.07,4.01,-57,5.75,
2026-09-11T12:34:02,2,1.635,30.81,28.6240,26.9,1.634,30.74,4.00,-56,5.50,
2026-09-11T12:34:03,2,1.617,29.39,28.6220,26.9,1.637,30.94,4.00,-56,5.75,
2026-09-11T12:34:04,2,1.618,29.45,28.6220,26.9,1.642,31.32,4.00,-61,9.50,
2026-09-11T12:34:05,2,1.635,30.81,28.6260,26.9,1.636,30.87,4.00,-62,9.50,
2026-09-11T12:34:07,2,1.618,29.45,28.6190,26.9,1.635,30.81,4.01,-61,10.50,
2026-09-11T12:34:08,2,1.639,31.13,28.6170,26.9,1.635,30.81,4.00,-61,9.75,
2026-09-11T12:34:09,2,1.633,30.68,28.6130,26.9,1.643,31.45,4.01,-61,10.00,
2026-09-11T12:34:10,2,1.616,29.26,28.6090,26.9,1.635,30.81,4.00,-61,9.50,
2026-09-11T12:34:11,2,1.638,31.07,28.6080,25.9,1.635,30.81,4.00,-62,9.50,
2026-09-11T12:34:12,2,1.618,29.45,28.6030,26.9,1.638,31.00,4.00,-62,9.75,
2026-09-11T12:34:13,2,1.616,29.26,28.6050,26.9,1.636,30.87,4.00,-62,9.50,
2026-09-11T12:34:14,2,1.637,30.94,28.5980,26.9,1.637,30.94,4.00,-61,9.75,
2026-09-11T12:34:15,2,1.619,29.52,28.5960,26.9,1.638,31.00,4.00,-61,9.75,
2026-09-11T12:34:16,2,1.641,31.26,28.5950,25.9,1.635,30.81,4.00,-61,9.75,
2026-09-11T12:34:18,2,1.635,30.81,28.5990,26.9,1.635,30.81,4.01,-61,9.75,
2026-09-11T12:34:19,2,1.618,29.45,28.5990,26.9,1.633,30.68,4.00,-62,9.75,
2026-09-11T12:34:20,2,1.633,30.68,28.6030,26.9,1.633,30.68,4.00,-61,9.75,
2026-09-11T12:34:21,2,1.615,29.20,28.5980,26.9,1.637,30.94,4.00,-62,12.50,
2026-09-11T12:34:22,2,1.618,29.45,28.6080,26.9,1.635,30.81,4.01,-61,9.50,
2026-09-11T12:34:23,2,1.633,30.68,28.6040,26.9,1.635,30.81,4.00,-61,9.75,
2026-09-11T12:34:24,2,1.619,29.52,28.6080,25.9,1.636,30.87,4.00,-62,9.75,
2026-09-11T12:34:25,2,1.639,31.13,28.6130,25.9,1.634,30.74,4.00,-62,9.50,
2026-09-11T12:34:26,2,1.633,30.61,28.6020,25.9,1.638,31.07,4.00,-61,9.25,
2026-09-11T12:34:27,2,1.619,29.52,28.6030,25.9,1.636,30.87,4.00,-61,9.50,
2026-09-11T12:34:28,2,1.637,30.94,28.6080,25.9,1.634,30.74,4.01,-61,10.25,
2026-09-11T12:34:30,2,1.620,29.58,28.6240,25.9,1.636,30.87,4.00,-61,10.00,
2026-09-11T12:34:31,2,1.617,29.39,28.6250,26.9,1.633,30.61,4.01,-61,9.75,
2026-09-11T12:34:32,2,1.638,31.00,28.6230,25.9,1.638,31.00,4.00,-61,9.50,
2026-09-11T12:34:33,2,1.617,29.39,28.6320,25.9,1.637,30.94,4.00,-61,9.50,
2026-09-11T12:34:34,2,1.638,31.07,28.6330,25.9,1.639,31.13,4.00,-61,9.50,
2026-09-11T12:34:35,2,1.633,30.68,28.6420,25.9,1.633,30.68,4.01,-61,12.75,
2026-09-11T12:34:36,2,1.617,29.32,28.6360,25.9,1.637,30.94,4.01,-61,9.75,
2026-09-11T12:34:37,2,1.637,30.94,28.6460,25.9,1.634,30.74,4.00,-61,9.25,
2026-09-11T12:34:38,2,1.620,29.58,28.6520,26.9,1.638,31.00,4.00,-62,9.50,
2026-09-11T12:34:39,2,1.621,29.65,28.6480,25.9,1.637,30.94,4.00,-61,9.75,
2026-09-11T12:34:40,2,1.637,30.94,28.6440,25.9,1.636,30.87,4.00,-62,9.50,
2026-09-11T12:34:47,2,1.619,29.52,28.6400,26.9,1.637,30.94,4.00,-56,6.50,
2026-09-11T12:34:48,2,1.617,29.39,28.6390,26.9,1.637,30.94,4.01,-56,7.50,
2026-09-11T12:34:49,2,1.637,30.94,28.6350,26.9,1.636,30.87,4.00,-60,9.75,
2026-09-11T12:34:50,2,1.620,29.58,28.6340,26.9,1.638,31.07,4.00,-61,9.25,
2026-09-11T12:34:51,2,1.643,31.45,28.6360,26.9,1.633,30.68,4.00,-62,9.75,
2026-09-11T12:34:52,2,1.633,30.61,28.6270,26.9,1.635,30.81,4.00,-61,10.00,
2026-09-11T12:34:54,2,1.619,29.52,28.6280,26.9,1.635,30.81,4.00,-62,9.75,
2026-09-11T12:34:55,2,1.637,30.94,28.6240,26.9,1.637,30.94,4.00,-62,9.75,
2026-09-11T12:34:56,2,1.617,29.32,28.6240,26.9,1.636,30.87,4.00,-62,9.75,
2026-09-11T12:34:57,2,1.616,29.26,28.6310,26.9,1.635,30.81,4.00,-62,9.75,
2026-09-11T12:34:58,2,1.635,30.81,28.6290,26.9,1.646,31.71,4.00,-62,9.25,
2026-09-11T12:34:59,2,1.617,29.32,28.6340,26.9,1.635,30.81,4.00,-62,9.50,
2026-09-11T12:35:00,2,1.642,31.32,28.6410,26.9,1.634,30.74,4.00,-62,9.50,
2026-09-11T12:35:01,2,1.636,30.87,28.6440,26.9,1.633,30.68,4.00,-61,9.50,
2026-09-11T12:35:02,2,1.616,29.26,28.6460,26.9,1.643,31.45,4.00,-62,9.75,
2026-09-11T12:35:03,2,1.638,31.07,28.6430,26.9,1.635,30.81,4.00,-62,9.75,
2026-09-11T12:35:05,2,1.622,29.78,28.6280,26.9,1.638,31.07,3.99,-61,9.25,
2026-09-11T12:35:06,2,1.618,29.45,28.6330,26.9,1.639,31.13,4.00,-62,9.25,
2026-09-11T12:35:07,2,1.635,30.81,28.6300,26.9,1.635,30.81,4.00,-62,9.75,
2026-09-11T12:35:08,2,1.618,29.45,28.6310,26.9,1.637,30.94,4.00,-61,9.25,
2026-09-11T12:35:09,2,1.617,29.32,28.6300,26.9,1.631,30.48,4.01,-61,9.75,
2026-09-11T12:35:10,2,1.636,30.87,28.6290,26.9,1.633,30.68,3.99,-61,9.75,
2026-09-11T12:35:11,2,1.617,29.39,28.6210,26.9,1.636,30.87,4.00,-62,9.50,
2026-09-11T12:35:12,2,1.637,30.94,28.6280,26.9,1.637,30.94,4.00,-62,9.25,
2026-09-11T12:35:13,2,1.642,31.32,28.6270,26.9,1.638,31.00,3.99,-61,9.25,
2026-09-11T12:35:14,2,1.617,29.39,28.6320,26.9,1.638,31.00,4.01,-61,10.25,
2026-09-11T12:35:15,2,1.638,31.00,28.6400,26.9,1.637,30.94,4.00,-62,9.50,
2026-09-11T12:35:17,2,1.617,29.32,28.6370,26.9,1.637,30.94,4.00,-62,9.50,
2026-09-11T12:35:18,2,1.616,29.26,28.6280,26.9,1.630,30.42,4.02,-61,9.75,
2026-09-11T12:35:19,2,1.635,30.81,28.6350,26.9,1.636,30.87,4.00,-61,9.25,
2026-09-11T12:35:20,2,1.620,29.58,28.6260,26.9,1.625,29.97,4.00,-62,9.50,
2026-09-11T12:35:21,2,1.640,31.19,28.6300,26.9,1.637,30.94,4.00,-62,9.75,
2026-09-11T12:35:22,2,1.638,31.00,28.6270,26.9,1.638,31.07,3.99,-60,9.75,
2026-09-11T12:35:23,2,1.618,29.45,28.6310,26.9,1.637,30.94,4.00,-62,9.50,
2026-09-11T12:35:24,2,1.638,31.07,28.6370,26.9,1.636,30.87,4.00,-62,9.75,
2026-09-11T12:35:25,2,1.611,28.87,28.6310,26.9,1.634,30.74,4.00,-62,9.75,
2026-09-11T12:35:30,2,1.639,31.13,28.6280,26.9,1.636,30.87,4.00,-57,6.25,
2026-09-11T12:35:31,2,1.641,31.26,28.6300,26.9,1.640,31.19,3.99,-56,6.50,
2026-09-11T12:35:32,2,1.619,29.52,28.6370,26.9,1.634,30.74,4.00,-56,6.75,
2026-09-11T12:35:33,2,1.638,31.00,28.6320,26.9,1.636,30.87,4.00,-56,8.00,
2026-09-11T12:35:34,2,1.616,29.26,28.6200,26.9,1.637,30.94,4.00,-62,9.50,
2026-09-11T12:35:35,2,1.616,29.26,28.6160,26.9,1.631,30.48,4.02,-61,10.00,
2026-09-11T12:35:36,2,1.638,31.00,28.6160,26.9,1.637,30.94,4.01,-61,10.00,
2026-09-11T12:35:38,2,1.642,31.32,28.6200,26.9,1.636,30.87,4.00,-61,9.50,
2026-09-11T12:35:39,2,1.638,31.00,28.6340,26.9,1.642,31.32,3.99,-60,9.25,
2026-09-11T12:35:41,2,1.618,29.45,28.6310,26.9,1.637,30.94,4.00,-61,9.50,
2026-09-11T12:35:42,2,1.638,31.00,28.6290,26.9,1.637,30.94,4.00,-61,9.25,
2026-09-11T12:35:43,2,1.617,29.39,28.6310,26.9,1.638,31.00,4.00,-61,9.50,
2026-09-11T12:35:44,2,1.615,29.20,28.6300,26.9,1.633,30.61,4.01,-61,10.00,
2026-09-11T12:35:45,2,1.638,31.00,28.6380,26.9,1.633,30.61,4.01,-62,10.00,
2026-09-11T12:35:46,2,1.618,29.45,28.6400,26.9,1.636,30.87,4.01,-61,9.75,
2026-09-11T12:35:47,2,1.642,31.32,28.6390,26.9,1.636,30.87,4.00,-62,9.50,
2026-09-11T12:35:48,2,1.641,31.26,28.6300,26.9,1.639,31.13,3.99,-61,9.50,
2026-09-11T12:35:49,2,1.618,29.45,28.6360,26.9,1.638,31.07,4.01,-61,10.00,
2026-09-11T12:35:50,2,1.638,31.07,28.6310,26.9,1.636,30.87,4.00,-61,9.50,
2026-09-11T12:35:52,2,1.619,29.52,28.6220,26.9,1.637,30.94,4.00,-62,9.50,
2026-09-11T12:35:53,2,1.616,29.26,28.6230,26.9,1.633,30.61,4.02,-61,9.75,
2026-09-11T12:35:54,2,1.634,30.74,28.6140,26.9,1.635,30.81,4.00,-62,9.50,
2026-09-11T12:35:55,2,1.617,29.39,28.6220,26.9,1.636,30.87,4.00,-62,9.50,
2026-09-11T12:35:56,2,1.642,31.39,28.6260,26.9,1.629,30.29,4.00,-62,9.25,
2026-09-11T12:35:57,2,1.637,30.94,28.6260,26.9,1.638,31.07,4.00,-61,9.50,
2026-09-11T12:35:58,2,1.620,29.58,28.6230,26.9,1.626,30.10,4.01,-61,9.50,
2026-09-11T12:35:59,2,1.636,30.87,28.6100,26.9,1.637,30.94,4.01,-61,10.00,
2026-09-11T12:36:00,2,1.618,29.45,28.6020,26.9,1.636,30.87,4.00,-62,10.25,
2026-09-11T12:36:01,2,1.614,29.13,28.6030,26.9,1.633,30.68,4.02,-61,9.50,
2026-09-11T12:36:02,2,1.637,30.94,28.6010,26.9,1.636,30.87,4.01,-61,10.25,
2026-09-11T12:36:04,2,1.621,29.71,28.6080,26.9,1.636,30.87,4.00,-61,9.75,
2026-09-11T12:36:05,2,1.615,29.20,28.6040,26.9,1.633,30.61,4.02,-61,9.75,
2026-09-11T12:36:06,2,1.637,30.94,28.6030,26.9,1.638,31.07,4.00,-61,9.75,
2026-09-11T12:36:07,2,1.616,29.26,28.6030,26.9,1.638,31.00,4.00,-62,9.50,
2026-09-11T12:36:08,2,1.638,31.00,28.6040,26.9,1.636,30.87,4.00,-62,9.50,
2026-09-11T12:36:09,2,1.638,31.00,28.6100,26.9,1.643,31.45,3.98,-61,10.00,
2026-09-11T12:36:14,2,1.635,30.81,28.6020,26.9,1.634,30.74,4.00,-56,7.00,
2026-09-11T12:36:16,2,1.618,29.45,28.6020,26.9,1.634,30.74,4.00,-57,6.00,
2026-09-11T12:36:17,2,1.638,31.00,28.6070,26.9,1.632,30.55,4.00,-56,6.50,
2026-09-11T12:36:18,2,1.640,31.19,28.6050,26.9,1.642,31.32,3.99,-61,9.50,
2026-09-11T12:36:19,2,1.617,29.32,28.6010,26.9,1.636,30.87,4.00,-61,9.75,
2026-09-11T12:36:20,2,1.634,30.74,28.6100,26.9,1.647,31.77,4.00,-61,10.25,
2026-09-11T12:36:21,2,1.618,29.45,28.6100,26.9,1.638,31.00,4.00,-61,9.50,
2026-09-11T12:36:22,2,1.616,29.26,28.6080,26.9,1.634,30.74,4.02,-61,10.25,
2026-09-11T12:36:23,2,1.634,30.74,28.6060,26.9,1.633,30.68,4.00,-62,9.75,
2026-09-11T12:36:24,2,1.617,29.39,28.6120,26.9,1.634,30.74,4.01,-62,10.00,
2026-09-11T12:36:25,2,1.638,31.00,28.6080,26.9,1.635,30.81,4.00,-62,9.50,
2026-09-11T12:36:27,2,1.638,31.07,28.6070,26.9,1.639,31.13,3.99,-61,9.50,
2026-09-11T12:36:28,2,1.617,29.32,28.6060,26.9,1.635,30.81,4.01,-61,12.50,
2026-09-11T12:36:29,2,1.635,30.81,28.6170,26.9,1.633,30.61,4.00,-61,9.75,
2026-09-11T12:36:30,2,1.617,29.32,28.6140,26.9,1.638,31.00,4.00,-62,9.75,
2026-09-11T12:36:31,2,1.617,29.32,28.6130,26.9,1.633,30.68,4.02,-61,9.75,
2026-09-11T12:36:32,2,1.634,30.74,28.6280,26.9,1.634,30.74,4.00,-61,9.75,
2026-09-11T12:36:33,2,1.617,29.32,28.6220,26.9,1.636,30.87,4.00,-61,10.00,
2026-09-11T12:36:34,2,1.639,31.13,28.6330,26.9,1.636,30.87,4.00,-61,10.00,
2026-09-11T12:36:35,2,1.637,30.94,28.6410,26.9,1.638,31.07,3.98,-60,10.00,
2026-09-11T12:36:36,2,1.617,29.32,28.6360,26.9,1.638,31.00,4.00,-61,9.75,
2026-09-11T12:36:37,2,1.633,30.61,28.6370,26.9,1.637,30.94,4.01,-61,9.75,
2026-09-11T12:36:39,2,1.617,29.32,28.6410,26.9,1.637,30.94,4.00,-61,9.75,
2026-09-11T12:36:40,2,1.615,29.20,28.6390,26.9,1.633,30.61,4.02,-61,9.75,
2026-09-11T12:36:41,2,1.633,30.61,28.6410,26.9,1.636,30.87,4.01,-61,9.50,
2026-09-11T12:36:42,2,1.621,29.65,28.6440,26.9,1.634,30.74,4.00,-62,10.00,
2026-09-11T12:36:43,2,1.641,31.26,28.6430,26.9,1.636,30.87,4.00,-62,9.75,
2026-09-11T12:36:44,2,1.638,31.07,28.6410,26.9,1.637,30.94,3.98,-61,9.75,
2026-09-11T12:36:45,2,1.617,29.39,28.6380,26.9,1.635,30.81,4.01,-61,9.75,
2026-09-11T12:36:46,2,1.638,31.00,28.6440,26.9,1.634,30.74,4.00,-62,9.75,
2026-09-11T12:36:47,2,1.620,29.58,28.6340,26.9,1.637,30.94,4.00,-61,9.50,
2026-09-11T12:36:48,2,1.614,29.13,28.6290,26.9,1.633,30.61,4.00,-61,12.25,
2026-09-11T12:36:49,2,1.636,30.87,28.6300,26.9,1.638,31.07,4.00,-62,9.50,
2026-09-11T12:36:51,2,1.617,29.39,28.6230,26.9,1.638,31.07,4.00,-61,9.75,
2026-09-11T12:36:52,2,1.641,31.26,28.6210,26.9,1.637,30.94,4.00,-61,9.75,
2026-09-11T12:36:53,2,1.637,30.94,28.6190,26.9,1.639,31.13,3.99,-61,10.00,
2026-09-11T12:36:54,2,1.618,29.45,28.6180,26.9,1.639,31.13,4.00,-62,9.25,
2026-09-11T12:36:59,2,1.615,29.20,28.6020,26.9,1.638,31.00,4.00,-56,6.25,
2026-09-11T12:37:00,2,1.640,31.19,28.5960,26.9,1.636,30.87,4.01,-56,6.75,
2026-09-11T12:37:01,2,1.638,31.07,28.5940,26.9,1.640,31.19,3.99,-56,7.00,
2026-09-11T12:37:03,2,1.618,29.45,28.5990,26.9,1.636,30.87,4.01,-61,9.75,
2026-09-11T12:37:04,2,1.638,31.07,28.5980,26.9,1.635,30.81,4.00,-62,9.75,
2026-09-11T12:37:05,2,1.616,29.26,28.5960,26.9,1.635,30.81,4.00,-62,9.50,
2026-09-11T12:37:06,2,1.613,29.00,28.5940,26.9,1.633,30.61,4.01,-61,10.00,
2026-09-11T12:37:07,2,1.635,30.81,28.6010,26.9,1.638,31.07,4.00,-62,9.25,
2026-09-11T12:37:08,2,1.618,29.45,28.6050,26.9,1.636,30.87,4.00,-62,9.75,
2026-09-11T12:37:09,2,1.643,31.45,28.6110,26.9,1.638,31.00,4.00,-61,9.25,
2026-09-11T12:37:10,2,1.638,31.07,28.6270,26.9,1.640,31.19,3.99,-61,9.00,
2026-09-11T12:37:11,2,1.617,29.39,28.6300,26.9,1.637,30.94,4.00,-61,9.75,
2026-09-11T12:37:12,2,1.636,30.87,28.6300,26.9,1.637,30.94,4.00,-61,9.50,
2026-09-11T12:37:14,2,1.617,29.39,28.6370,26.9,1.637,30.94,4.00,-62,9.75,
2026-09-11T12:37:15,2,1.615,29.20,28.6370,26.9,1.632,30.55,4.02,-61,9.75,
2026-09-11T12:37:16,2,1.636,30.87,28.6290,26.9,1.636,30.87,4.00,-61,9.75,
2026-09-11T12:37:17,2,1.617,29.39,28.6370,26.9,1.638,31.00,4.00,-62,9.50,
2026-09-11T12:37:18,2,1.640,31.19,28.6350,26.9,1.637,30.94,4.00,-62,9.75,
2026-09-11T12:37:19,2,1.638,31.07,28.6320,26.9,1.642,31.32,3.99,-61,9.50,
2026-09-11T12:37:20,2,1.617,29.39,28.6330,26.9,1.635,30.81,4.00,-62,9.50,
2026-09-11T12:37:21,2,1.639,31.13,28.6300,26.9,1.638,31.00,4.00,-62,9.50,
2026-09-11T12:37:22,2,1.617,29.32,28.6300,26.9,1.638,31.00,4.00,-61,9.00,
2026-09-11T12:37:23,2,1.615,29.20,28.6310,26.9,1.631,30.48,4.02,-61,10.25,
2026-09-11T12:37:24,2,1.635,30.81,28.6300,26.9,1.636,30.87,4.00,-61,9.50,
2026-09-11T12:37:26,2,1.620,29.58,28.6330,26.9,1.638,31.00,4.01,-61,10.00,
2026-09-11T12:37:27,2,1.642,31.32,28.6270,26.9,1.638,31.07,4.00,-62,9.50,
2026-09-11T12:37:28,2,1.637,30.94,28.6240,26.9,1.640,31.19,3.99,-61,9.25,
2026-09-11T12:37:29,2,1.620,29.58,28.6230,26.9,1.635,30.81,4.00,-61,10.00,
2026-09-11T12:37:30,2,1.639,31.13,28.6030,26.9,1.636,30.87,4.00,-62,10.00,
2026-09-11T12:37:31,2,1.617,29.32,28.6010,26.9,1.638,31.00,4.00,-61,9.50,
2026-09-11T12:37:32,2,1.614,29.13,28.6080,26.9,1.633,30.61,4.01,-61,10.00,
2026-09-11T12:37:33,2,1.635,30.81,28.6060,26.9,1.638,31.00,4.00,-62,10.00,
2026-09-11T12:37:34,2,1.617,29.39,28.6050,26.9,1.636,30.87,4.00,-61,9.50,
2026-09-11T12:37:35,2,1.639,31.13,28.6040,26.9,1.635,30.81,4.00,-62,9.50,
2026-09-11T12:37:36,2,1.638,31.07,28.5960,26.9,1.640,31.19,3.99,-61,9.25,
2026-09-11T12:37:38,2,1.617,29.32,28.6050,26.9,1.638,31.07,4.00,-62,9.50,
2026-09-11T12:37:39,2,1.635,30.81,28.6090,26.9,1.638,31.00,3.99,-61,9.75,
2026-09-11T12:37:43,2,1.617,29.39,28.5990,26.9,1.634,30.74,4.00,-56,6.50,
2026-09-11T12:37:44,2,1.613,29.00,28.5960,26.9,1.635,30.81,4.01,-56,6.00,
2026-09-11T12:37:45,2,1.637,30.94,28.5980,26.9,1.639,31.13,3.98,-56,6.00,
2026-09-11T12:37:46,2,1.619,29.52,28.5980,26.9,1.635,30.81,4.01,-56,8.75,
2026-09-11T12:37:47,2,1.639,31.13,28.5940,26.9,1.637,30.94,4.00,-62,9.50,
2026-09-11T12:37:48,2,1.640,31.19,28.5910,26.9,1.638,31.00,3.99,-61,9.25,
2026-09-11T12:37:50,2,1.617,29.32,28.5890,26.9,1.633,30.68,4.01,-61,10.00,
2026-09-11T12:37:51,2,1.636,30.87,28.5900,26.9,1.635,30.81,4.00,-62,9.25,
2026-09-11T12:37:52,2,1.617,29.39,28.5920,26.9,1.637,30.94,4.01,-60,12.50,
2026-09-11T12:37:53,2,1.615,29.20,28.5860,26.9,1.635,30.81,4.01,-61,9.75,
2026-09-11T12:37:54,2,1.638,31.07,28.5780,26.9,1.638,31.07,3.99,-61,9.50,
2026-09-11T12:37:55,2,1.617,29.32,28.5900,26.9,1.636,30.87,4.00,-62,9.75,
2026-09-11T12:37:56,2,1.638,31.07,28.5960,26.9,1.636,30.87,4.00,-62,9.50,
2026-09-11T12:37:57,2,1.637,30.94,28.5950,26.9,1.640,31.19,3.99,-61,10.75,
2026-09-11T12:37:58,2,1.613,29.07,28.5880,26.9,1.633,30.61,4.02,-61,9.75,
2026-09-11T12:37:59,2,1.637,30.94,28.5860,26.9,1.636,30.87,4.00,-61,9.75,
2026-09-11T12:38:01,2,1.617,29.32,28.5920,26.9,1.637,30.94,4.00,-61,9.50,
2026-09-11T12:38:02,2,1.616,29.26,28.5900,26.9,1.633,30.61,4.01,-61,10.00,
2026-09-11T12:38:03,2,1.638,31.07,28.5960,26.9,1.640,31.19,3.98,-61,9.75,
2026-09-11T12:38:04,2,1.618,29.45,28.5970,26.9,1.637,30.94,4.00,-61,9.50,
2026-09-11T12:38:05,2,1.640,31.19,28.5960,26.9,1.635,30.81,4.00,-62,9.50,
2026-09-11T12:38:06,2,1.636,30.87,28.5990,26.9,1.637,30.94,3.99,-61,9.25,
2026-09-11T12:38:07,2,1.616,29.26,28.6020,26.9,1.634,30.74,4.01,-61,10.00,
2026-09-11T12:38:08,2,1.638,31.00,28.6040,26.9,1.634,30.74,4.00,-62,9.75,
2026-09-11T12:38:09,2,1.617,29.39,28.6130,26.9,1.638,31.00,4.00,-62,9.00,
2026-09-11T12:38:10,2,1.617,29.39,28.6230,26.9,1.633,30.61,4.02,-61,9.75,
2026-09-11T12:38:11,2,1.640,31.19,28.6250,26.9,1.640,31.19,3.99,-61,9.75,
2026-09-11T12:38:13,2,1.611,28.87,28.6250,26.9,1.637,30.94,4.00,-62,9.25,
2026-09-11T12:38:14,2,1.641,31.26,28.6230,26.9,1.637,30.94,4.00,-62,9.50,
2026-09-11T12:38:15,2,1.638,31.00,28.6280,26.9,1.642,31.39,3.99,-61,9.25,
2026-09-11T12:38:16,2,1.615,29.20,28.6230,26.9,1.633,30.61,4.01,-61,9.75,
2026-09-11T12:38:17,2,1.636,30.87,28.6090,26.9,1.634,30.74,4.00,-61,9.50,
2026-09-11T12:38:18,2,1.619,29.52,28.6130,26.9,1.635,30.81,4.00,-61,9.75,
2026-09-11T12:38:19,2,1.616,29.26,28.6250,26.9,1.633,30.61,4.00,-62,9.75,
2026-09-11T12:38:20,2,1.639,31.13,28.6270,26.9,1.636,30.87,3.99,-61,9.50,
2026-09-11T12:38:21,2,1.622,29.78,28.6280,26.9,1.636,30.87,4.01,-61,10.00,
2026-09-11T12:38:22,2,1.642,31.32,28.6240,26.9,1.636,30.87,4.00,-61,9.75,
2026-09-11T12:38:28,2,1.616,29.26,28.6330,26.9,1.635,30.81,4.01,-56,6.00,
2026-09-11T12:38:29,2,1.639,31.13,28.6320,26.9,1.640,31.19,3.98,-56,6.50,
2026-09-11T12:38:30,2,1.619,29.52,28.6250,26.9,1.637,30.94,4.00,-57,6.50,
2026-09-11T12:38:31,2,1.642,31.39,28.6260,26.9,1.636,30.87,4.00,-61,10.00,
2026-09-11T12:38:32,2,1.638,31.00,28.6230,26.9,1.639,31.13,3.99,-62,9.50,
2026-09-11T12:38:33,2,1.615,29.20,28.6310,26.9,1.633,30.61,4.02,-61,10.00,
2026-09-11T12:38:34,2,1.636,30.87,28.6360,26.9,1.634,30.74,4.00,-61,9.75,
2026-09-11T12:38:35,2,1.620,29.58,28.6420,26.9,1.639,31.13,4.00,-61,9.75,
2026-09-11T12:38:37,2,1.617,29.32,28.6440,26.9,1.633,30.61,4.02,-61,10.00,
2026-09-11T12:38:38,2,1.638,31.07,28.6510,26.9,1.641,31.26,3.98,-61,9.50,
2026-09-11T12:38:39,2,1.614,29.13,28.6490,26.9,1.634,30.74,4.00,-62,9.75,
2026-09-11T12:38:40,2,1.642,31.39,28.6520,26.9,1.637,30.94,4.00,-62,9.50,
2026-09-11T12:38:41,2,1.638,31.07,28.6310,26.9,1.638,31.07,3.99,-61,9.50,
2026-09-11T12:38:42,2,1.617,29.39,28.6240,26.9,1.629,30.36,4.02,-61,10.25,
2026-09-11T12:38:43,2,1.642,31.32,28.6280,26.9,1.640,31.19,4.00,-61,9.25,
2026-09-11T12:38:44,2,1.617,29.39,28.6280,26.9,1.638,31.00,4.00,-61,9.75,
2026-09-11T12:38:45,2,1.613,29.07,28.6280,26.9,1.632,30.55,4.01,-61,10.25,
2026-09-11T12:38:46,2,1.640,31.19,28.6280,26.9,1.641,31.26,3.98,-59,10.25,
2026-09-11T12:38:48,2,1.619,29.52,28.6290,26.9,1.632,30.55,4.00,-62,9.75,
2026-09-11T12:38:49,2,1.646,31.71,28.6240,26.9,1.635,30.81,4.00,-62,9.25,
2026-09-11T12:38:50,2,1.638,31.00,28.6190,26.9,1.639,31.13,3.99,-61,9.75,
2026-09-11T12:38:51,2,1.613,29.07,28.6200,26.9,1.632,30.55,4.01,-61,9.75,
2026-09-11T12:38:52,2,1.640,31.19,28.6300,26.9,1.637,30.94,4.00,-61,9.75,
2026-09-11T12:38:53,2,1.619,29.52,28.6260,26.9,1.640,31.19,4.00,-62,9.50,
2026-09-11T12:38:54,2,1.615,29.20,28.6240,26.9,1.634,30.74,4.01,-61,10.00,
2026-09-11T12:38:55,2,1.638,31.07,28.6190,26.9,1.641,31.26,3.99,-61,9.50,
2026-09-11T12:38:56,2,1.617,29.32,28.6270,26.9,1.638,31.00,4.00,-62,9.50,
2026-09-11T12:38:57,2,1.616,29.26,28.6220,26.9,1.633,30.61,4.01,-61,9.75,
2026-09-11T12:38:58,2,1.642,31.32,28.6250,26.9,1.639,31.13,3.98,-61,9.50,
2026-09-11T12:39:00,2,1.616,29.26,28.6200,26.9,1.635,30.81,4.01,-61,10.50,
2026-09-11T12:39:01,2,1.636,30.87,28.6270,26.9,1.635,30.81,4.00,-62,10.00,
2026-09-11T12:39:02,2,1.638,31.00,28.6400,26.9,1.639,31.13,3.99,-61,9.25,
2026-09-11T12:39:03,2,1.617,29.39,28.6400,26.9,1.632,30.55,4.02,-61,10.00,
2026-09-11T12:39:04,2,1.638,31.07,28.6340,26.9,1.641,31.26,3.99,-61,9.50,
2026-09-11T12:39:05,2,1.617,29.39,28.6270,26.9,1.636,30.87,4.00,-62,9.75,
2026-09-11T12:39:06,2,1.617,29.39,28.6310,26.9,1.633,30.61,4.01,-61,9.75,
2026-09-11T12:39:07,2,1.637,30.94,28.6310,26.9,1.640,31.19,3.99,-61,9.50,
2026-09-11T12:39:13,2,1.642,31.39,28.6140,26.9,1.629,30.36,3.98,-56,6.50,
2026-09-11T12:39:14,2,1.617,29.32,28.6110,26.9,1.635,30.81,4.00,-56,6.75,
2026-09-11T12:39:15,2,1.614,29.13,28.6130,26.9,1.632,30.55,4.01,-56,7.25,
2026-09-11T12:39:16,2,1.638,31.07,28.6060,26.9,1.639,31.13,3.99,-61,9.75,
2026-09-11T12:39:17,2,1.614,29.13,28.6060,26.9,1.643,31.45,4.02,-61,9.75,
2026-09-11T12:39:18,2,1.640,31.19,28.5990,26.9,1.638,31.00,4.00,-62,9.50,
2026-09-11T12:39:19,2,1.634,30.74,28.6040,26.9,1.639,31.13,3.99,-61,9.75,
2026-09-11T12:39:20,2,1.617,29.32,28.6030,26.9,1.633,30.61,4.01,-61,10.00,
2026-09-11T12:39:21,2,1.638,31.07,28.6000,26.9,1.641,31.26,3.98,-61,9.75,
2026-09-11T12:39:23,2,1.617,29.32,28.6060,26.9,1.648,31.84,4.00,-62,9.75,
2026-09-11T12:39:24,2,1.614,29.13,28.6010,26.9,1.632,30.55,4.01,-61,9.75,
2026-09-11T12:39:25,2,1.637,30.94,28.5940,26.9,1.641,31.26,3.99,-61,9.50,
2026-09-11T12:39:26,2,1.614,29.13,28.5940,26.9,1.633,30.68,4.01,-61,9.75,
2026-09-11T12:39:27,2,1.641,31.26,28.5940,26.9,1.636,30.87,4.00,-61,9.75,
2026-09-11T12:39:28,2,1.637,30.94,28.6020,26.9,1.637,30.94,3.99,-61,9.75,
2026-09-11T12:39:29,2,1.613,29.07,28.5920,26.9,1.631,30.48,4.01,-61,10.00,
2026-09-11T12:39:30,2,1.641,31.26,28.5890,26.9,1.640,31.19,3.99,-61,9.50,
2026-09-11T12:39:31,2,1.615,29.20,28.5980,26.9,1.638,31.07,4.00,-62,9.25,
2026-09-11T12:39:32,2,1.613,29.07,28.6020,26.9,1.634,30.74,4.02,-61,9.75,
2026-09-11T12:39:33,2,1.638,31.07,28.6100,26.9,1.638,31.00,3.99,-61,9.50,
2026-09-11T12:39:35,2,1.615,29.20,28.6060,26.9,1.632,30.55,4.01,-61,10.00,
2026-09-11T12:39:36,2,1.646,31.65,28.5990,26.9,1.636,30.87,4.00,-61,9.50,
2026-09-11T12:39:37,2,1.636,30.87,28.6090,26.9,1.640,31.19,3.99,-61,9.50,
2026-09-11T12:39:38,2,1.616,29.26,28.6100,26.9,1.633,30.61,4.02,-61,10.00,
2026-09-11T12:39:39,2,1.641,31.26,28.6090,26.9,1.642,31.32,3.98,-61,11.00,
2026-09-11T12:39:40,2,1.617,29.39,28.6110,26.9,1.635,30.81,4.00,-61,9.50,
2026-09-11T12:39:41,2,1.615,29.20,28.6030,26.9,1.636,30.87,4.02,-59,10.00,
2026-09-11T12:39:42,2,1.636,30.87,28.6000,26.9,1.641,31.26,3.99,-61,9.25,
2026-09-11T12:39:43,2,1.615,29.20,28.6060,26.9,1.631,30.48,4.01,-61,9.75,
2026-09-11T12:39:44,2,1.642,31.39,28.6050,26.9,1.638,31.00,4.00,-62,9.50,
2026-09-11T12:39:45,2,1.633,30.68,28.6020,26.9,1.637,30.94,3.99,-61,9.00,
2026-09-11T12:39:47,2,1.614,29.13,28.5930,26.9,1.635,30.81,4.02,-61,9.75,
2026-09-11T12:39:48,2,1.640,31.19,28.5990,26.9,1.642,31.39,3.98,-61,9.75,
2026-09-11T12:39:49,2,1.616,29.26,28.6010,26.9,1.637,30.94,4.00,-62,12.50,
2026-09-11T12:39:50,2,1.615,29.20,28.6080,26.9,1.633,30.68,4.02,-61,10.25,
2026-09-11T12:39:51,2,1.638,31.00,28.5970,26.9,1.638,31.07,3.99,-60,9.25,
2026-09-11T12:39:52,2,1.613,29.07,28.5830,26.9,1.630,30.42,4.02,-61,10.00,
2026-09-11T12:39:56,2,1.646,31.65,28.5890,26.9,1.639,31.13,3.98,-56,6.50,
2026-09-11T12:39:57,2,1.615,29.20,28.5920,26.9,1.635,30.81,4.00,-56,6.25,
2026-09-11T12:39:59,2,1.621,29.65,28.5890,26.9,1.633,30.68,4.01,-57,6.50,
2026-09-11T12:40:00,2,1.638,31.07,28.5860,26.9,1.641,31.26,3.99,-56,9.00,
2026-09-11T12:40:01,2,1.612,28.94,28.5830,26.9,1.632,30.55,4.02,-61,10.00,
2026-09-11T12:40:02,2,1.616,29.26,28.5850,26.9,1.634,30.74,4.01,-61,10.00,
2026-09-11T12:40:03,2,1.639,31.13,28.5910,26.9,1.637,30.94,3.99,-61,9.25,
2026-09-11T12:40:04,2,1.614,29.13,28.6010,26.9,1.633,30.61,4.01,-61,10.00,
2026-09-11T12:40:05,2,1.642,31.32,28.6140,26.9,1.639,31.13,3.98,-61,9.75,
2026-09-11T12:40:06,2,1.638,31.00,28.6180,26.9,1.642,31.39,3.99,-61,9.50,
2026-09-11T12:40:07,2,1.616,29.26,28.6180,26.9,1.632,30.55,4.02,-62,9.50,
2026-09-11T12:40:08,2,1.644,31.52,28.6210,26.9,1.639,31.13,3.97,-61,10.00,
2026-09-11T12:40:10,2,1.617,29.32,28.6230,26.9,1.632,30.55,4.02,-61,9.75,
2026-09-11T12:40:11,2,1.613,29.07,28.6240,26.9,1.633,30.61,4.01,-61,10.00,
2026-09-11T12:40:12,2,1.638,31.00,28.6200,26.9,1.642,31.32,3.99,-61,9.00,
2026-09-11T12:40:13,2,1.614,29.13,28.6280,26.9,1.633,30.68,4.01,-61,10.00,
2026-09-11T12:40:14,2,1.644,31.52,28.6280,26.9,1.643,31.45,3.98,-60,9.75,
2026-09-11T12:40:15,2,1.638,31.07,28.6250,26.9,1.642,31.39,3.98,-61,9.50,
2026-09-11T12:40:16,2,1.610,28.81,28.6160,26.9,1.632,30.55,4.02,-61,10.00,
2026-09-11T12:40:17,2,1.638,31.07,28.6080,26.9,1.638,31.07,3.99,-61,9.25,
2026-09-11T12:40:18,2,1.618,29.45,28.6160,26.9,1.633,30.61,4.01,-61,9.50,
2026-09-11T12:40:19,2,1.614,29.13,28.6170,26.9,1.635,30.81,4.01,-61,10.00,
2026-09-11T12:40:20,2,1.636,30.87,28.6220,26.9,1.638,31.07,3.99,-61,9.50,
2026-09-11T12:40:22,2,1.613,29.07,28.6200,26.9,1.633,30.61,4.01,-61,10.00,
2026-09-11T12:40:23,2,1.643,31.45,28.6210,26.9,1.642,31.32,3.98,-61,9.75,
2026-09-11T12:40:24,2,1.650,31.97,28.6160,26.9,1.642,31.39,3.99,-61,9.50,
2026-09-11T12:40:25,2,1.616,29.26,28.6100,26.9,1.634,30.74,4.01,-61,10.00,
2026-09-11T12:40:26,2,1.639,31.13,28.6030,26.9,1.639,31.13,3.99,-61,9.50,
2026-09-11T12:40:27,2,1.614,29.13,28.6020,26.9,1.632,30.55,4.01,-61,10.00,
2026-09-11T12:40:28,2,1.616,29.26,28.6050,26.9,1.634,30.74,4.01,-61,9.50,
2026-09-11T12:40:29,2,1.638,31.07,28.6110,26.9,1.639,31.13,3.99,-60,9.75,
2026-09-11T12:40:30,2,1.617,29.32,28.6130,26.9,1.633,30.61,4.01,-61,10.00,
2026-09-11T12:40:31,2,1.644,31.52,28.6230,26.9,1.641,31.26,3.98,-60,10.00,
2026-09-11T12:40:32,2,1.637,30.94,28.6240,26.9,1.638,31.07,3.99,-61,9.50,
2026-09-11T12:40:34,2,1.617,29.32,28.6230,26.9,1.635,30.81,4.01,-61,10.00,
2026-09-11T12:40:35,2,1.640,31.19,28.6230,26.9,1.637,30.94,3.98,-61,9.75,
2026-09-11T12:40:36,2,1.617,29.39,28.6270,26.9,1.632,30.55,4.01,-61,9.50,
2026-09-11T12:40:41,2,1.638,31.07,28.6110,26.9,1.638,31.00,3.99,-56,6.25,
2026-09-11T12:40:42,2,1.617,29.32,28.6170,26.9,1.635,30.81,4.02,-56,6.50,
2026-09-11T12:40:43,2,1.641,31.26,28.6190,26.9,1.642,31.39,3.98,-56,6.75,
2026-09-11T12:40:45,2,1.616,29.26,28.6260,26.9,1.629,30.36,4.01,-61,10.00,
2026-09-11T12:40:46,2,1.615,29.20,28.6300,26.9,1.636,30.87,4.01,-61,10.25,
2026-09-11T12:40:47,2,1.638,31.00,28.6320,26.9,1.638,31.00,3.98,-61,9.75,
2026-09-11T12:40:48,2,1.617,29.39,28.6380,26.9,1.632,30.55,4.01,-61,10.25,
2026-09-11T12:40:49,2,1.643,31.45,28.6300,26.9,1.641,31.26,3.98,-61,9.75,
2026-09-11T12:40:50,2,1.637,30.94,28.6260,26.9,1.638,31.00,3.99,-61,9.25,
2026-09-11T12:40:51,2,1.615,29.20,28.6220,26.9,1.633,30.68,4.01,-61,9.75,
2026-09-11T12:40:52,2,1.641,31.26,28.6250,26.9,1.638,31.07,3.98,-61,10.00,
2026-09-11T12:40:53,2,1.617,29.32,28.6290,26.9,1.634,30.74,4.01,-61,10.00,
2026-09-11T12:40:54,2,1.615,29.20,28.6300,26.9,1.633,30.61,4.01,-61,10.00,
2026-09-11T12:40:55,2,1.638,31.07,28.6200,26.9,1.640,31.19,3.99,-61,9.75,
2026-09-11T12:40:57,2,1.620,29.58,28.6280,26.9,1.633,30.61,4.01,-61,9.75,
2026-09-11T12:40:58,2,1.646,31.65,28.6310,26.9,1.639,31.13,3.98,-60,9.75,
2026-09-11T12:40:59,2,1.640,31.19,28.6260,26.9,1.638,31.00,3.99,-61,9.75,
2026-09-11T12:41:00,2,1.617,29.32,28.6270,26.9,1.633,30.61,4.02,-61,9.75,
2026-09-11T12:41:01,2,1.640,31.19,28.6370,26.9,1.638,31.07,3.99,-61,9.25,
2026-09-11T12:41:02,2,1.616,29.26,28.6360,26.9,1.635,30.81,4.02,-61,10.00,
2026-09-11T12:41:03,2,1.616,29.26,28.6350,26.9,1.634,30.74,4.01,-62,9.75,
2026-09-11T12:41:04,2,1.638,31.07,28.6280,26.9,1.637,30.94,3.98,-61,9.25,
2026-09-11T12:41:05,2,1.616,29.26,28.6270,26.9,1.630,30.42,4.01,-61,10.25,
2026-09-11T12:41:06,2,1.642,31.39,28.6190,26.9,1.643,31.45,3.98,-61,10.00,
2026-09-11T12:41:07,2,1.639,31.13,28.6170,26.9,1.638,31.07,3.98,-61,9.50,
2026-09-11T12:41:09,2,1.617,29.32,28.6130,26.9,1.634,30.74,4.00,-61,9.75,
2026-09-11T12:41:10,2,1.641,31.26,28.6100,26.9,1.640,31.19,3.99,-61,9.50,
2026-09-11T12:41:11,2,1.620,29.58,28.6210,26.9,1.637,30.94,4.01,-62,12.50,
2026-09-11T12:41:12,2,1.617,29.39,28.6170,26.9,1.633,30.61,4.01,-61,10.25,
2026-09-11T12:41:13,2,1.639,31.13,28.6030,26.9,1.639,31.13,3.99,-61,9.50,
2026-09-11T12:41:14,2,1.616,29.26,28.6010,26.9,1.634,30.74,4.01,-61,9.75,
2026-09-11T12:41:15,2,1.644,31.52,28.6050,26.9,1.641,31.26,3.98,-61,10.00,
2026-09-11T12:41:16,2,1.637,30.94,28.6130,26.9,1.640,31.19,3.97,-61,10.25,
2026-09-11T12:41:17,2,1.617,29.32,28.6130,26.9,1.632,30.55,4.01,-61,10.25,
2026-09-11T12:41:18,2,1.640,31.19,28.6210,26.9,1.638,31.07,3.98,-61,9.75,
2026-09-11T12:41:19,2,1.617,29.32,28.6260,26.9,1.633,30.61,4.01,-61,9.75,
2026-09-11T12:41:21,2,1.617,29.32,28.6200,26.9,1.641,31.26,4.02,-61,10.00,
2026-09-11T12:41:26,2,1.616,29.26,28.6160,26.9,1.632,30.55,4.02,-56,6.00,
2026-09-11T12:41:27,2,1.641,31.26,28.6150,26.9,1.642,31.32,3.98,-56,6.50,
2026-09-11T12:41:28,2,1.613,29.00,28.6160,26.9,1.632,30.55,4.01,-56,7.50,
2026-09-11T12:41:29,2,1.615,29.20,28.6190,26.9,1.634,30.74,4.01,-61,9.75,
2026-09-11T12:41:30,2,1.639,31.13,28.6170,26.9,1.638,31.07,3.98,-61,9.75,
2026-09-11T12:41:32,2,1.617,29.32,28.6240,26.9,1.633,30.61,4.01,-62,9.50,
2026-09-11T12:41:33,2,1.646,31.65,28.6210,26.9,1.643,31.45,3.99,-61,9.25,
2026-09-11T12:41:34,2,1.638,31.00,28.6280,26.9,1.638,31.07,3.97,-61,10.00,
2026-09-11T12:41:35,2,1.616,29.26,28.6300,26.9,1.633,30.68,4.02,-62,9.75,
2026-09-11T12:41:36,2,1.642,31.39,28.6250,26.9,1.639,31.13,3.98,-62,9.50,
2026-09-11T12:41:37,2,1.615,29.20,28.6250,26.9,1.633,30.68,4.01,-62,9.75,
2026-09-11T12:41:38,2,1.616,29.26,28.6180,26.9,1.636,30.87,4.02,-61,10.00,
2026-09-11T12:41:39,2,1.638,31.07,28.6180,26.9,1.641,31.26,3.99,-61,9.75,
2026-09-11T12:41:40,2,1.614,29.13,28.6130,26.9,1.633,30.61,4.01,-62,10.00,
2026-09-11T12:41:41,2,1.643,31.45,28.6040,26.9,1.639,31.13,4.00,-62,9.75,
2026-09-11T12:41:42,2,1.637,30.94,28.6090,26.9,1.639,31.13,3.99,-62,9.75,
2026-09-11T12:41:44,2,1.616,29.26,28.6180,26.9,1.633,30.68,4.01,-62,10.25,
2026-09-11T12:41:45,2,1.640,31.19,28.6240,26.9,1.638,31.07,3.98,-62,9.75,
2026-09-11T12:41:46,2,1.621,29.65,28.6250,26.9,1.632,30.55,4.00,-62,9.25,
2026-09-11T12:41:47,2,1.614,29.13,28.6280,26.9,1.633,30.61,4.01,-62,10.00,
2026-09-11T12:41:48,2,1.640,31.19,28.6200,26.9,1.641,31.26,3.99,-62,9.75,
2026-09-11T12:41:49,2,1.613,29.00,28.6120,26.9,1.632,30.55,4.01,-62,10.00,
2026-09-11T12:41:50,2,1.636,30.87,28.6110,26.9,1.642,31.32,4.01,-62,10.00,
2026-09-11T12:41:51,2,1.636,30.87,28.6040,26.9,1.630,30.42,3.98,-61,10.25,
2026-09-11T12:41:52,2,1.613,29.07,28.6050,26.9,1.634,30.74,4.01,-62,10.00,
2026-09-11T12:41:53,2,1.640,31.19,28.5990,26.9,1.641,31.26,3.98,-62,9.50,
2026-09-11T12:41:54,2,1.639,31.13,28.6060,26.9,1.632,30.55,3.98,-62,9.75,
2026-09-11T12:41:56,2,1.615,29.20,28.6070,26.9,1.632,30.55,4.01,-62,10.00,
2026-09-11T12:41:57,2,1.638,31.07,28.6120,26.9,1.639,31.13,3.99,-62,9.50,
2026-09-11T12:41:58,2,1.615,29.20,28.6140,26.9,1.633,30.68,4.01,-62,10.00,
2026-09-11T12:41:59,2,1.617,29.32,28.6200,26.9,1.634,30.74,4.01,-62,9.75,
2026-09-11T12:42:00,2,1.633,30.68,28.6260,26.9,1.638,31.00,3.99,-62,9.75,
2026-09-11T12:42:01,2,1.617,29.32,28.6260,26.9,1.627,30.16,4.01,-61,10.00,
2026-09-11T12:42:02,2,1.642,31.32,28.6280,26.9,1.640,31.19,3.98,-61,9.50,
2026-09-11T12:42:03,2,1.638,31.07,28.6270,26.9,1.640,31.19,3.99,-61,9.50,
2026-09-11T12:42:04,2,1.617,29.32,28.6310,26.9,1.633,30.68,4.01,-62,10.00,
2026-09-11T12:42:05,2,1.641,31.26,28.6240,26.9,1.642,31.39,3.98,-61,10.00,
2026-09-11T12:42:10,2,1.616,29.26,28.6350,26.9,1.631,30.48,4.01,-57,6.25,
2026-09-11T12:42:11,2,1.642,31.32,28.6310,26.9,1.642,31.39,3.98,-57,6.00,
2026-09-11T12:42:12,2,1.638,31.00,28.6320,26.9,1.638,31.07,3.99,-56,6.00,
2026-09-11T12:42:13,2,1.617,29.32,28.6400,26.9,1.632,30.55,4.01,-57,8.00,
2026-09-11T12:42:14,2,1.641,31.26,28.6300,26.9,1.642,31.32,3.98,-61,10.00,
2026-09-11T12:42:15,2,1.615,29.20,28.6300,26.9,1.633,30.61,4.01,-62,10.25,
2026-09-11T12:42:16,2,1.615,29.20,28.6300,26.9,1.632,30.55,4.01,-62,10.00,
2026-09-11T12:42:17,2,1.638,31.00,28.6270,26.9,1.641,31.26,3.98,-61,9.75,
2026-09-11T12:42:19,2,1.615,29.20,28.6170,26.9,1.633,30.68,4.01,-62,10.25,
2026-09-11T12:42:20,2,1.643,31.45,28.6150,26.9,1.642,31.39,3.98,-61,9.75,
2026-09-11T12:42:21,2,1.635,30.81,28.6130,26.9,1.639,31.13,3.99,-62,10.00,
2026-09-11T12:42:22,2,1.616,29.26,28.6210,26.9,1.633,30.68,4.01,-62,10.00,
2026-09-11T12:42:23,2,1.639,31.13,28.6080,26.9,1.638,31.07,3.99,-62,9.75,
2026-09-11T12:42:24,2,1.614,29.13,28.6020,26.9,1.633,30.61,4.02,-62,10.25,
2026-09-11T12:42:25,2,1.613,29.07,28.6060,26.9,1.634,30.74,4.01,-62,10.00,
2026-09-11T12:42:26,2,1.638,31.07,28.6020,26.9,1.642,31.32,3.99,-62,9.75,
2026-09-11T12:42:27,2,1.616,29.26,28.6070,26.9,1.633,30.61,4.01,-61,10.00,
2026-09-11T12:42:28,2,1.643,31.45,28.6000,26.9,1.638,31.00,3.98,-62,9.75,
2026-09-11T12:42:29,2,1.639,31.13,28.6020,26.9,1.636,30.87,3.99,-62,9.50,
2026-09-11T12:42:31,2,1.616,29.26,28.6040,26.9,1.633,30.61,4.01,-62,10.00,
2026-09-11T12:42:32,2,1.639,31.13,28.6060,26.9,1.637,30.94,3.98,-61,9.50,
2026-09-11T12:42:33,2,1.614,29.13,28.6070,26.9,1.634,30.74,4.01,-62,10.00,
2026-09-11T12:42:34,2,1.614,29.13,28.6060,26.9,1.634,30.74,4.02,-61,10.25,
2026-09-11T12:42:35,2,1.636,30.87,28.6040,26.9,1.637,30.94,3.99,-62,10.00,
2026-09-11T12:42:36,2,1.612,28.94,28.5950,26.9,1.633,30.68,4.01,-62,10.00,
2026-09-11T12:42:37,2,1.642,31.39,28.5960,26.9,1.638,31.07,3.98,-62,9.75,
2026-09-11T12:42:38,2,1.635,30.81,28.6030,26.9,1.638,31.07,3.99,-61,9.75,
2026-09-11T12:42:39,2,1.616,29.26,28.6090,26.9,1.633,30.61,4.01,-62,10.00,
2026-09-11T12:42:40,2,1.640,31.19,28.5980,26.9,1.637,30.94,3.98,-62,9.75,
2026-09-11T12:42:41,2,1.615,29.20,28.5910,26.9,1.634,30.74,4.01,-62,10.00,
2026-09-11T12:42:43,2,1.616,29.26,28.5920,26.9,1.635,30.81,4.02,-62,10.25,
2026-09-11T12:42:44,2,1.637,30.94,28.5900,26.9,1.638,31.07,3.98,-62,9.75,
2026-09-11T12:42:45,2,1.614,29.13,28.5920,26.9,1.634,30.74,4.02,-62,10.00,
2026-09-11T12:42:46,2,1.644,31.52,28.5860,26.9,1.640,31.19,3.98,-61,9.75,
2026-09-11T12:42:47,2,1.637,30.94,28.6000,26.9,1.643,31.45,3.99,-62,10.00,
2026-09-11T12:42:48,2,1.616,29.26,28.6100,26.9,1.634,30.74,4.01,-62,10.00,
2026-09-11T12:42:49,2,1.639,31.13,28.6110,26.9,1.638,31.00,3.99,-61,9.50,
2026-09-11T12:42:55,2,1.641,31.26,28.6180,26.9,1.640,31.19,3.98,-57,6.00,
2026-09-11T12:42:56,2,1.638,31.07,28.6120,26.9,1.638,31.00,3.98,-56,6.25,
2026-09-11T12:42:57,2,1.616,29.26,28.6060,26.9,1.633,30.61,4.01,-57,6.50,
2026-09-11T12:42:58,2,1.641,31.26,28.5960,26.9,1.642,31.32,3.98,-61,10.00,
2026-09-11T12:42:59,2,1.615,29.20,28.5870,26.9,1.633,30.61,4.01,-62,10.00,
2026-09-11T12:43:00,2,1.613,29.00,28.5990,26.9,1.634,30.74,4.01,-62,10.00,
2026-09-11T12:43:01,2,1.639,31.13,28.5990,26.9,1.639,31.13,3.99,-61,9.75,
2026-09-11T12:43:02,2,1.614,29.13,28.5940,26.9,1.632,30.55,4.01,-62,9.75,
2026-09-11T12:43:03,2,1.645,31.58,28.6110,26.9,1.641,31.26,3.98,-61,9.75,
2026-09-11T12:43:04,2,1.638,31.07,28.6130,26.9,1.640,31.19,3.99,-61,9.75,
2026-09-11T12:43:06,2,1.615,29.20,28.6130,26.9,1.636,30.87,4.02,-61,10.00,
2026-09-11T12:43:07,2,1.635,30.81,28.6130,26.9,1.639,31.13,3.98,-61,10.00,
2026-09-11T12:43:08,2,1.616,29.26,28.6050,26.9,1.633,30.61,4.01,-62,10.00,
2026-09-11T12:43:09,2,1.615,29.20,28.5920,26.9,1.634,30.74,4.02,-62,10.25,
2026-09-11T12:43:10,2,1.637,30.94,28.6050,26.9,1.638,31.00,3.99,-61,9.50,
2026-09-11T12:43:11,2,1.615,29.20,28.6020,26.9,1.633,30.68,4.01,-62,10.00,
2026-09-11T12:43:12,2,1.647,31.77,28.6020,26.9,1.642,31.32,3.98,-61,9.75,
2026-09-11T12:43:13,2,1.636,30.87,28.6050,26.9,1.639,31.13,3.98,-61,9.75,
2026-09-11T12:43:14,2,1.616,29.26,28.5980,26.9,1.629,30.36,4.01,-62,9.75,
2026-09-11T12:43:15,2,1.638,31.07,28.6000,26.9,1.641,31.26,3.98,-61,10.00,
2026-09-11T12:43:16,2,1.616,29.26,28.6110,26.9,1.633,30.61,4.01,-61,9.75,
2026-09-11T12:43:18,2,1.614,29.13,28.6160,26.9,1.633,30.61,4.02,-62,10.00,
2026-09-11T12:43:19,2,1.640,31.19,28.6220,26.9,1.638,31.00,3.99,-61,9.50,
2026-09-11T12:43:20,2,1.615,29.20,28.6290,26.9,1.633,30.68,4.01,-62,9.75,
2026-09-11T12:43:21,2,1.636,30.87,28.6240,26.9,1.641,31.26,4.00,-62,9.75,
2026-09-11T12:43:22,2,1.638,31.07,28.6190,26.9,1.641,31.26,3.99,-62,9.75,
2026-09-11T12:43:23,2,1.616,29.26,28.6090,26.9,1.634,30.74,4.01,-62,10.00,
2026-09-11T12:43:24,2,1.636,30.87,28.6070,26.9,1.642,31.32,3.98,-61,10.00,
2026-09-11T12:43:25,2,1.618,29.45,28.6110,26.9,1.633,30.61,4.00,-62,9.75,
2026-09-11T12:43:26,2,1.613,29.07,28.6090,26.9,1.642,31.39,4.01,-62,9.75,
2026-09-11T12:43:27,2,1.641,31.26,28.6000,26.9,1.639,31.13,3.99,-62,9.50,
2026-09-11T12:43:28,2,1.614,29.13,28.6030,26.9,1.634,30.74,4.01,-62,10.00,
2026-09-11T12:43:30,2,1.618,29.45,28.5990,26.9,1.633,30.61,4.00,-62,9.50,
2026-09-11T12:43:31,2,1.636,30.87,28.5950,26.9,1.639,31.13,3.99,-61,9.50,
2026-09-11T12:43:32,2,1.614,29.13,28.5930,26.9,1.633,30.68,4.01,-62,9.75,
2026-09-11T12:43:33,2,1.641,31.26,28.5910,26.9,1.638,31.07,3.98,-61,9.75,
2026-09-11T12:43:34,2,1.633,30.68,28.6000,26.9,1.635,30.81,4.00,-62,9.50,
2026-09-11T12:43:39,2,1.635,30.81,28.6030,26.9,1.629,30.36,3.98,-56,6.25,
2026-09-11T12:43:41,2,1.614,29.13,28.6060,26.9,1.633,30.68,4.02,-57,6.25,
2026-09-11T12:43:42,2,1.643,31.45,28.6050,26.9,1.638,31.00,3.98,-56,7.00,
2026-09-11T12:43:43,2,1.633,30.68,28.6110,26.9,1.638,31.00,4.00,-62,9.75,
2026-09-11T12:43:44,2,1.613,29.07,28.6100,26.9,1.632,30.55,4.01,-62,10.00,
2026-09-11T12:43:45,2,1.638,31.00,28.6130,26.9,1.638,31.00,3.99,-61,9.50,
2026-09-11T12:43:46,2,1.613,29.07,28.6120,26.9,1.634,30.74,4.01,-62,10.00,
2026-09-11T12:43:47,2,1.620,29.58,28.6180,26.9,1.638,31.07,3.99,-61,9.25,
2026-09-11T12:43:48,2,1.638,31.00,28.6190,26.9,1.638,31.00,3.99,-61,9.50,
2026-09-11T12:43:49,2,1.625,29.97,28.6170,26.9,1.632,30.55,4.01,-62,10.00,
2026-09-11T12:43:50,2,1.643,31.45,28.6150,26.9,1.640,31.19,3.98,-62,9.75,
2026-09-11T12:43:51,2,1.633,30.61,28.6180,26.9,1.632,30.55,4.00,-62,9.75,
2026-09-11T12:43:53,2,1.614,29.13,28.6130,26.9,1.633,30.68,4.01,-62,10.00,
2026-09-11T12:43:54,2,1.637,30.94,28.6090,26.9,1.638,31.07,3.98,-61,10.00,
2026-09-11T12:43:55,2,1.617,29.32,28.6100,26.9,1.633,30.68,4.01,-61,10.00,
2026-09-11T12:43:56,2,1.619,29.52,28.6100,26.9,1.637,30.94,3.99,-61,9.75,
2026-09-11T12:43:57,2,1.639,31.13,28.6170,26.9,1.639,31.13,3.98,-61,10.00,
2026-09-11T12:43:58,2,1.617,29.39,28.6220,26.9,1.626,30.10,4.01,-61,10.25,
2026-09-11T12:43:59,2,1.642,31.39,28.6230,26.9,1.642,31.32,3.98,-61,9.75,
2026-09-11T12:44:00,2,1.636,30.87,28.6220,26.9,1.638,31.00,4.00,-62,9.25,
2026-09-11T12:44:01,2,1.617,29.39,28.6260,26.9,1.632,30.55,4.01,-62,9.75,
2026-09-11T12:44:02,2,1.639,31.13,28.6330,26.9,1.634,30.74,3.99,-62,11.75,
2026-09-11T12:44:03,2,1.614,29.13,28.6300,26.9,1.625,29.97,4.01,-62,9.75,
2026-09-11T12:44:05,2,1.620,29.58,28.6250,26.9,1.638,31.07,4.00,-62,9.50,
2026-09-11T12:44:06,2,1.639,31.13,28.6280,26.9,1.638,31.00,3.99,-62,9.50,
2026-09-11T12:44:07,2,1.613,29.07,28.6310,26.9,1.633,30.68,4.01,-62,10.50,
2026-09-11T12:44:08,2,1.640,31.19,28.6360,26.9,1.640,31.19,3.99,-62,9.75,
2026-09-11T12:44:09,2,1.635,30.81,28.6370,26.9,1.635,30.81,4.00,-62,10.00,
2026-09-11T12:44:10,2,1.614,29.13,28.6390,26.9,1.632,30.55,4.01,-62,9.75,
2026-09-11T12:44:11,2,1.641,31.26,28.6380,26.9,1.639,31.13,3.98,-61,9.50,
2026-09-11T12:44:12,2,1.617,29.32,28.6410,26.9,1.633,30.68,4.01,-62,10.00,
2026-09-11T12:44:13,2,1.621,29.71,28.6470,26.9,1.637,30.94,3.99,-62,9.50,
2026-09-11T12:44:14,2,1.638,31.00,28.6440,26.9,1.637,30.94,3.99,-62,9.75,
2026-09-11T12:44:15,2,1.608,28.68,28.6430,26.9,1.633,30.61,4.01,-62,9.75,
2026-09-11T12:44:17,2,1.645,31.58,28.6400,26.9,1.644,31.52,3.98,-61,10.00,
2026-09-11T12:44:18,2,1.634,30.74,28.6380,26.9,1.636,30.87,4.00,-62,9.75,
2026-09-11T12:44:19,2,1.616,29.26,28.6340,26.9,1.632,30.55,4.01,-62,10.00,
2026-09-11T12:44:23,2,1.640,31.19,28.6430,26.9,1.641,31.26,3.99,-56,6.00,
2026-09-11T12:44:24,2,1.619,29.52,28.6390,26.9,1.633,30.68,4.01,-56,6.50,
2026-09-11T12:44:25,2,1.646,31.65,28.6410,26.9,1.638,31.07,3.98,-56,6.25,
2026-09-11T12:44:26,2,1.635,30.81,28.6330,26.9,1.635,30.81,4.00,-56,7.50,
2026-09-11T12:44:28,2,1.613,29.07,28.6310,26.9,1.633,30.68,4.01,-62,10.00,
2026-09-11T12:44:29,2,1.641,31.26,28.6260,26.9,1.639,31.13,3.98,-62,10.25,
2026-09-11T12:44:30,2,1.606,28.49,28.6290,26.9,1.634,30.74,4.01,-62,10.25,
2026-09-11T12:44:31,2,1.618,29.45,28.6280,26.9,1.637,30.94,3.99,-62,9.50,
2026-09-11T12:44:32,2,1.638,31.00,28.6260,26.9,1.638,31.00,3.99,-62,9.75,
2026-09-11T12:44:33,2,1.615,29.20,28.6190,26.9,1.635,30.81,4.01,-62,10.50,
2026-09-11T12:44:34,2,1.646,31.71,28.6290,26.9,1.641,31.26,3.98,-61,9.75,
2026-09-11T12:44:35,2,1.635,30.81,28.6260,26.9,1.633,30.68,4.00,-62,9.25,
2026-09-11T12:44:36,2,1.613,29.07,28.6200,26.9,1.632,30.55,4.00,-62,9.50,
2026-09-11T12:44:37,2,1.641,31.26,28.6180,26.9,1.638,31.00,3.98,-61,10.00,
2026-09-11T12:44:38,2,1.615,29.20,28.6140,26.9,1.633,30.68,4.01,-62,10.00,
2026-09-11T12:44:40,2,1.617,29.32,28.6190,26.9,1.638,31.07,4.00,-62,9.25,
2026-09-11T12:44:41,2,1.638,31.00,28.6150,26.9,1.642,31.32,3.99,-61,9.50,
2026-09-11T12:44:42,2,1.613,29.00,28.6160,26.9,1.633,30.61,4.00,-62,9.75,
2026-09-11T12:44:43,2,1.644,31.52,28.6100,26.9,1.638,31.00,3.98,-61,9.75,
2026-09-11T12:44:44,2,1.635,30.81,28.6040,26.9,1.637,30.94,4.00,-62,9.50,
2026-09-11T12:44:45,2,1.613,29.00,28.6100,26.9,1.631,30.48,4.01,-62,10.00,
2026-09-11T12:44:46,2,1.642,31.32,28.6130,26.9,1.642,31.39,3.98,-61,10.00,
2026-09-11T12:44:47,2,1.615,29.20,28.6090,26.9,1.635,30.81,4.01,-62,10.00,
2026-09-11T12:44:48,2,1.615,29.20,28.6120,26.9,1.638,31.00,4.01,-62,10.00,
2026-09-11T12:44:49,2,1.640,31.19,28.6070,26.9,1.639,31.13,3.99,-61,9.75,
2026-09-11T12:44:50,2,1.615,29.20,28.6030,26.9,1.633,30.61,4.01,-62,9.75,
2026-09-11T12:44:52,2,1.617,29.39,28.6010,26.9,1.635,30.81,4.00,-62,9.75,
2026-09-11T12:44:53,2,1.638,31.07,28.6140,26.9,1.635,30.81,3.99,-62,9.75,
2026-09-11T12:44:54,2,1.628,30.23,28.6230,26.9,1.634,30.74,4.01,-62,10.00,
2026-09-11T12:44:55,2,1.642,31.32,28.6200,26.9,1.640,31.19,3.98,-61,10.00,
2026-09-11T12:44:56,2,1.635,30.81,28.6240,26.9,1.637,30.94,4.00,-62,9.75,
2026-09-11T12:44:57,2,1.611,28.87,28.6300,26.9,1.633,30.68,4.01,-62,10.00,
2026-09-11T12:44:58,2,1.638,31.07,28.6280,26.9,1.638,31.07,3.98,-62,9.75,
2026-09-11T12:44:59,2,1.615,29.20,28.6190,26.9,1.634,30.74,4.01,-62,10.25,
2026-09-11T12:45:00,2,1.616,29.26,28.6180,26.9,1.635,30.81,4.00,-62,9.75,
2026-09-11T12:45:01,2,1.638,31.00,28.6150,26.9,1.638,31.00,3.98,-61,10.00,
2026-09-11T12:45:02,2,1.615,29.20,28.6160,26.9,1.632,30.55,4.01,-62,9.75,
2026-09-11T12:45:04,2,1.641,31.26,28.6150,26.9,1.639,31.13,3.98,-61,9.50,
2026-09-11T12:45:08,2,1.613,29.07,28.6160,26.9,1.633,30.68,4.01,-57,6.25,
2026-09-11T12:45:09,2,1.616,29.26,28.6070,26.9,1.637,30.94,3.99,-56,6.00,
2026-09-11T12:45:10,2,1.640,31.19,28.6100,26.9,1.640,31.19,3.99,-56,6.25,
2026-09-11T12:45:11,2,1.613,29.07,28.6200,26.9,1.633,30.61,4.01,-62,10.75,
2026-09-11T12:45:12,2,1.641,31.26,28.6200,26.9,1.638,31.07,3.98,-62,9.75,
2026-09-11T12:45:13,2,1.634,30.74,28.6110,26.9,1.636,30.87,4.00,-62,10.50,
2026-09-11T12:45:15,2,1.620,29.58,28.6140,26.9,1.633,30.68,4.01,-62,10.00,
2026-09-11T12:45:16,2,1.638,31.07,28.6060,26.9,1.637,30.94,3.99,-62,9.50,
2026-09-11T12:45:17,2,1.613,29.07,28.5990,26.9,1.633,30.61,4.01,-62,10.00,
2026-09-11T12:45:18,2,1.617,29.32,28.5920,26.9,1.639,31.13,3.99,-61,9.50,
2026-09-11T12:45:19,2,1.640,31.19,28.5970,26.9,1.640,31.19,3.99,-61,9.50,
2026-09-11T12:45:20,2,1.616,29.26,28.5990,26.9,1.631,30.48,4.01,-62,9.75,
2026-09-11T12:45:21,2,1.642,31.32,28.6030,26.9,1.639,31.13,3.98,-62,9.50,
2026-09-11T12:45:22,2,1.632,30.55,28.6020,26.9,1.638,31.07,4.00,-62,9.50,
2026-09-11T12:45:23,2,1.613,29.00,28.6070,26.9,1.632,30.55,4.01,-62,10.00,
2026-09-11T12:45:24,2,1.639,31.13,28.6140,26.9,1.640,31.19,3.98,-62,9.75,
2026-09-11T12:45:25,2,1.620,29.58,28.6100,26.9,1.634,30.74,4.01,-62,10.25,
2026-09-11T12:45:27,2,1.619,29.52,28.6130,26.9,1.639,31.13,4.00,-62,9.50,
2026-09-11T12:45:28,2,1.638,31.07,28.6120,26.9,1.638,31.00,3.98,-61,10.00,
2026-09-11T12:45:29,2,1.617,29.39,28.6130,26.9,1.643,31.45,4.01,-62,9.75,
2026-09-11T12:45:30,2,1.644,31.52,28.6260,26.9,1.641,31.26,3.98,-61,9.75,
2026-09-11T12:45:31,2,1.636,30.87,28.6190,26.9,1.635,30.81,4.00,-62,9.50,
2026-09-11T12:45:32,2,1.614,29.13,28.6090,26.9,1.633,30.61,4.01,-62,9.75,
2026-09-11T12:45:33,2,1.639,31.13,28.6140,26.9,1.640,31.19,3.98,-61,10.00,
2026-09-11T12:45:34,2,1.616,29.26,28.6040,26.9,1.631,30.48,4.01,-62,10.00,
2026-09-11T12:45:35,2,1.620,29.58,28.6040,26.9,1.638,31.00,3.99,-62,9.25,
2026-09-11T12:45:36,2,1.637,30.94,28.6110,26.9,1.641,31.26,3.99,-61,9.75,
2026-09-11T12:45:37,2,1.613,29.07,28.6080,26.9,1.633,30.61,4.01,-62,10.00,
2026-09-11T12:45:39,2,1.642,31.39,28.6050,26.9,1.642,31.32,3.98,-61,10.00,
2026-09-11T12:45:40,2,1.633,30.68,28.6040,26.9,1.635,30.81,4.00,-62,9.75,
2026-09-11T12:45:41,2,1.615,29.20,28.5970,26.9,1.633,30.61,4.01,-62,10.00,
2026-09-11T12:45:42,2,1.637,30.94,28.6030,26.9,1.640,31.19,3.98,-61,10.25,
2026-09-11T12:45:43,2,1.613,29.07,28.6000,26.9,1.632,30.55,4.01,-62,10.25,
2026-09-11T12:45:44,2,1.613,29.07,28.5930,26.9,1.638,31.00,3.99,-62,9.50,
2026-09-11T12:45:45,2,1.638,31.00,28.5920,26.9,1.640,31.19,3.99,-61,9.75,
2026-09-11T12:45:46,2,1.614,29.13,28.5940,26.9,1.633,30.61,4.01,-62,9.75,
2026-09-11T12:45:47,2,1.642,31.39,28.5960,26.9,1.640,31.19,3.98,-62,9.75,
2026-09-11T12:45:53,2,1.619,29.52,28.5900,26.9,1.635,30.81,3.99,-56,6.25,
2026-09-11T12:45:54,2,1.641,31.26,28.5940,26.9,1.638,31.07,3.98,-56,6.25,
2026-09-11T12:45:55,2,1.613,29.07,28.6020,26.9,1.632,30.55,4.01,-56,6.75,
2026-09-11T12:45:56,2,1.642,31.39,28.5990,26.9,1.641,31.26,3.98,-61,10.25,
2026-09-11T12:45:57,2,1.633,30.68,28.5980,26.9,1.635,30.81,4.00,-62,9.75,
2026-09-11T12:45:58,2,1.615,29.20,28.5980,26.9,1.635,30.81,4.01,-61,9.75,
2026-09-11T12:45:59,2,1.641,31.26,28.5990,26.9,1.637,30.94,3.98,-62,9.75,
2026-09-11T12:46:00,2,1.614,29.13,28.6100,26.9,1.633,30.68,4.02,-62,9.75,
2026-09-11T12:46:02,2,1.618,29.45,28.6120,26.9,1.638,31.00,3.99,-61,9.75,
2026-09-11T12:46:03,2,1.627,30.16,28.6060,26.9,1.638,31.00,3.98,-61,9.75,
2026-09-11T12:46:04,2,1.617,29.32,28.6170,26.9,1.634,30.74,4.01,-62,9.75,
2026-09-11T12:46:05,2,1.646,31.65,28.6240,26.9,1.639,31.13,3.98,-62,9.50,
2026-09-11T12:46:06,2,1.634,30.74,28.6160,26.9,1.634,30.74,4.00,-62,9.75,
2026-09-11T12:46:07,2,1.614,29.13,28.6150,26.9,1.633,30.68,4.01,-62,10.50,
2026-09-11T12:46:08,2,1.641,31.26,28.6230,26.9,1.638,31.07,3.98,-61,9.75,
2026-09-11T12:46:09,2,1.613,29.07,28.6230,26.9,1.633,30.61,4.01,-62,10.00,
2026-09-11T12:46:10,2,1.618,29.45,28.6130,26.9,1.638,31.00,3.99,-62,9.75,
2026-09-11T12:46:11,2,1.638,31.07,28.6170,26.9,1.640,31.19,3.99,-62,9.75,
2026-09-11T12:46:12,2,1.614,29.13,28.6140,26.9,1.633,30.68,4.01,-62,10.00,
2026-09-11T12:46:14,2,1.646,31.65,28.6170,26.9,1.641,31.26,3.98,-62,10.00,
2026-09-11T12:46:15,2,1.635,30.81,28.6140,26.9,1.635,30.81,4.00,-62,9.75,
2026-09-11T12:46:16,2,1.614,29.13,28.6190,26.9,1.633,30.68,4.01,-62,9.75,
2026-09-11T12:46:17,2,1.641,31.26,28.6350,26.9,1.639,31.13,3.98,-61,10.00,
2026-09-11T12:46:18,2,1.615,29.20,28.6340,26.9,1.633,30.61,4.01,-62,11.00,
2026-09-11T12:46:19,2,1.620,29.58,28.6400,26.9,1.638,31.00,4.00,-62,9.75,
2026-09-11T12:46:20,2,1.639,31.13,28.6370,26.9,1.640,31.19,3.98,-61,9.50,
2026-09-11T12:46:21,2,1.613,29.07,28.6350,26.9,1.630,30.42,4.01,-62,10.25,
2026-09-11T12:46:22,2,1.643,31.45,28.6310,26.9,1.642,31.32,3.98,-61,10.00,
2026-09-11T12:46:23,2,1.634,30.74,28.6150,26.9,1.637,30.94,4.00,-62,9.75,
2026-09-11T12:46:24,2,1.616,29.26,28.6140,26.9,1.633,30.61,4.01,-62,10.00,
2026-09-11T12:46:26,2,1.640,31.19,28.6150,26.9,1.638,31.07,3.98,-62,9.75,
2026-09-11T12:46:27,2,1.614,29.13,28.6200,26.9,1.633,30.68,4.01,-62,10.00,
2026-09-11T12:46:28,2,1.620,29.58,28.6180,26.9,1.638,31.07,3.99,-62,9.25,
2026-09-11T12:46:29,2,1.641,31.26,28.6180,26.9,1.639,31.13,3.98,-62,10.00,
2026-09-11T12:46:30,2,1.616,29.26,28.6250,26.9,1.632,30.55,4.01,-62,10.00,
2026-09-11T12:46:31,2,1.645,31.58,28.6290,26.9,1.642,31.32,3.98,-61,10.00,
2026-09-11T12:46:32,2,1.633,30.61,28.6310,26.9,1.635,30.81,4.00,-62,9.75,
2026-09-11T12:46:37,2,1.620,29.58,28.6060,26.9,1.637,30.94,3.99,-56,6.00,
2026-09-11T12:46:38,2,1.642,31.32,28.5970,26.9,1.638,31.07,3.98,-56,6.50,
2026-09-11T12:46:39,2,1.616,29.26,28.5980,26.9,1.636,30.87,4.01,-56,6.25,
2026-09-11T12:46:40,2,1.646,31.71,28.6090,26.9,1.640,31.19,3.98,-56,7.75,
2026-09-11T12:46:41,2,1.633,30.68,28.6030,26.9,1.638,31.07,4.00,-62,10.00,
2026-09-11T12:46:42,2,1.617,29.32,28.6070,26.9,1.633,30.68,4.01,-61,10.00,
2026-09-11T12:46:43,2,1.642,31.32,28.6200,26.9,1.639,31.13,3.98,-61,9.75,
2026-09-11T12:46:44,2,1.617,29.32,28.6110,26.9,1.631,30.48,4.01,-61,10.00,
2026-09-11T12:46:45,2,1.620,29.58,28.6130,26.9,1.637,30.94,3.99,-61,9.50,
2026-09-11T12:46:46,2,1.640,31.19,28.6120,26.9,1.641,31.26,3.99,-61,9.50,
2026-09-11T12:46:47,2,1.614,29.13,28.6090,26.9,1.632,30.55,4.01,-62,10.00,
2026-09-11T12:46:49,2,1.635,30.81,28.6110,26.9,1.639,31.13,4.00,-62,9.50,
2026-09-11T12:46:50,2,1.634,30.74,28.6060,26.9,1.634,30.74,3.99,-62,9.75,
2026-09-11T12:46:51,2,1.613,29.07,28.6030,26.9,1.632,30.55,4.01,-62,10.00,
2026-09-11T12:46:52,2,1.641,31.26,28.5840,26.9,1.641,31.26,3.98,-61,10.00,
2026-09-11T12:46:53,2,1.618,29.45,28.5860,26.9,1.629,30.36,3.99,-61,9.75,
2026-09-11T12:46:54,2,1.617,29.32,28.5900,26.9,1.650,31.97,3.99,-61,9.25,
2026-09-11T12:46:55,2,1.636,30.87,28.5930,26.9,1.638,31.07,3.98,-61,9.75,
2026-09-11T12:46:56,2,1.614,29.13,28.6000,26.9,1.634,30.74,4.01,-62,10.25,
2026-09-11T12:46:57,2,1.618,29.45,28.6040,26.9,1.636,30.87,4.00,-62,9.75,
2026-09-11T12:46:58,2,1.638,31.07,28.6070,26.9,1.635,30.81,3.99,-62,9.75,
2026-09-11T12:46:59,2,1.616,29.26,28.5970,26.9,1.634,30.74,4.01,-62,10.00,
2026-09-11T12:47:01,2,1.641,31.26,28.6030,26.9,1.640,31.19,3.98,-61,9.75,
2026-09-11T12:47:02,2,1.634,30.74,28.5950,26.9,1.638,31.07,4.00,-60,9.50,
2026-09-11T12:47:03,2,1.619,29.52,28.5960,26.9,1.648,31.84,3.99,-61,9.50,
2026-09-11T12:47:04,2,1.638,31.07,28.5960,26.9,1.637,30.94,3.98,-61,9.75,
2026-09-11T12:47:05,2,1.613,29.00,28.5930,26.9,1.632,30.55,4.01,-62,10.00,
2026-09-11T12:47:06,2,1.617,29.39,28.5890,26.9,1.637,30.94,4.00,-62,12.00,
2026-09-11T12:47:07,2,1.634,30.74,28.5970,26.9,1.633,30.68,4.00,-62,9.75,
2026-09-11T12:47:08,2,1.617,29.39,28.5930,26.9,1.633,30.68,4.01,-62,9.75,
2026-09-11T12:47:09,2,1.642,31.32,28.5990,26.9,1.641,31.26,3.98,-61,10.00,
2026-09-11T12:47:10,2,1.633,30.68,28.6030,26.9,1.635,30.81,4.00,-62,9.75,
2026-09-11T12:47:11,2,1.619,29.52,28.6070,26.9,1.638,31.07,4.00,-62,9.50,
2026-09-11T12:47:13,2,1.640,31.19,28.6140,26.9,1.641,31.26,3.98,-61,9.75,
2026-09-11T12:47:14,2,1.613,29.07,28.6100,26.9,1.633,30.68,4.01,-62,9.75,
2026-09-11T12:47:15,2,1.617,29.32,28.6060,26.9,1.638,31.00,4.00,-62,9.75,
2026-09-11T12:47:16,2,1.629,30.29,28.5990,26.9,1.634,30.74,4.00,-62,9.75,
2026-09-11T12:47:17,2,1.615,29.20,28.6030,26.9,1.633,30.61,4.01,-62,10.00,
2026-09-11T12:47:21,2,1.641,31.26,28.5980,26.9,1.638,31.07,3.98,-56,6.00,
2026-09-11T12:47:22,2,1.626,30.10,28.5980,26.9,1.631,30.48,4.01,-56,6.25,
2026-09-11T12:47:24,2,1.618,29.45,28.5920,26.9,1.636,30.87,3.99,-57,6.25,
2026-09-11T12:47:25,2,1.636,30.87,28.5900,26.9,1.637,30.94,4.00,-62,9.50,
2026-09-11T12:47:26,2,1.614,29.13,28.5920,26.9,1.635,30.81,4.01,-61,10.00,
2026-09-11T12:47:27,2,1.643,31.45,28.5930,26.9,1.642,31.39,3.98,-61,9.75,
2026-09-11T12:47:28,2,1.636,30.87,28.5930,26.9,1.634,30.74,4.00,-62,9.75,
2026-09-11T12:47:29,2,1.617,29.32,28.5960,26.9,1.640,31.19,4.00,-62,9.50,
2026-09-11T12:47:30,2,1.640,31.19,28.6020,26.9,1.642,31.32,3.98,-61,9.75,
2026-09-11T12:47:31,2,1.617,29.39,28.6020,26.9,1.633,30.61,4.01,-62,9.75,
2026-09-11T12:47:32,2,1.616,29.26,28.5970,26.9,1.637,30.94,4.00,-62,9.75,
2026-09-11T12:47:33,2,1.635,30.81,28.5960,26.9,1.633,30.61,4.00,-62,9.25,
2026-09-11T12:47:34,2,1.625,30.03,28.5890,26.9,1.635,30.81,4.01,-62,10.00,
2026-09-11T12:47:36,2,1.646,31.71,28.5960,26.9,1.641,31.26,3.98,-61,10.00,
2026-09-11T12:47:37,2,1.634,30.74,28.5960,26.9,1.637,30.94,4.00,-62,9.50,
2026-09-11T12:47:38,2,1.615,29.20,28.5940,26.9,1.636,30.87,4.01,-62,10.00,
2026-09-11T12:47:39,2,1.638,31.07,28.5920,26.9,1.638,31.07,3.98,-62,10.00,
2026-09-11T12:47:40,2,1.614,29.13,28.5990,26.9,1.631,30.48,4.01,-62,10.25,
2026-09-11T12:47:41,2,1.621,29.65,28.6000,26.9,1.637,30.94,4.00,-62,9.50,
2026-09-11T12:47:42,2,1.637,30.94,28.6050,26.9,1.635,30.81,4.00,-62,9.50,
2026-09-11T12:47:43,2,1.613,29.07,28.6030,26.9,1.633,30.68,4.01,-62,10.00,
2026-09-11T12:47:44,2,1.617,29.32,28.6010,26.9,1.637,30.94,4.00,-62,9.75,
2026-09-11T12:47:45,2,1.633,30.68,28.6030,26.9,1.634,30.74,4.00,-62,9.75,
2026-09-11T12:47:46,2,1.614,29.13,28.5990,26.9,1.634,30.74,4.01,-62,9.75,
2026-09-11T12:47:48,2,1.639,31.13,28.6060,26.9,1.640,31.19,3.98,-61,10.00,
2026-09-11T12:47:49,2,1.635,30.81,28.6050,26.9,1.634,30.74,4.00,-62,10.00,
2026-09-11T12:47:50,2,1.617,29.32,28.5960,26.9,1.638,31.00,3.99,-62,9.75,
2026-09-11T12:47:51,2,1.638,31.07,28.5800,26.9,1.633,30.61,3.98,-61,12.25,
2026-09-11T12:47:52,2,1.613,29.07,28.5860,26.9,1.638,31.07,4.01,-62,9.75,
2026-09-11T12:47:53,2,1.616,29.26,28.5840,26.9,1.634,30.74,4.00,-62,9.50,
2026-09-11T12:47:54,2,1.633,30.68,28.5860,26.9,1.636,30.87,4.00,-62,9.50,
2026-09-11T12:47:55,2,1.613,29.07,28.5890,26.9,1.634,30.74,4.01,-62,10.00,
2026-09-11T12:47:56,2,1.643,31.45,28.5900,26.9,1.640,31.19,3.98,-59,9.75,
2026-09-11T12:47:57,2,1.639,31.13,28.5890,26.9,1.637,30.94,4.00,-62,9.75,
2026-09-11T12:47:59,2,1.617,29.39,28.5910,26.9,1.635,30.81,4.00,-62,9.50,
2026-09-11T12:48:00,2,1.640,31.19,28.5870,26.9,1.637,30.94,3.98,-61,9.50,
2026-09-11T12:48:01,2,1.613,29.07,28.5870,26.9,1.635,30.81,4.01,-61,10.00,
2026-09-11T12:48:06,2,1.634,30.74,28.6020,26.9,1.635,30.81,4.00,-57,6.25,
2026-09-11T12:48:07,2,1.618,29.45,28.5890,26.9,1.637,30.94,4.00,-58,6.50,
2026-09-11T12:48:08,2,1.649,31.90,28.5920,26.9,1.641,31.26,3.98,-56,7.00,
2026-09-11T12:48:09,2,1.616,29.26,28.5910,26.9,1.633,30.68,4.01,-62,9.75,
2026-09-11T12:48:11,2,1.616,29.26,28.5970,26.9,1.637,30.94,4.00,-62,12.50,
2026-09-11T12:48:12,2,1.637,30.94,28.6050,26.9,1.636,30.87,4.00,-62,9.75,
2026-09-11T12:48:13,2,1.615,29.20,28.6060,26.9,1.633,30.68,4.01,-62,10.25,
2026-09-11T12:48:14,2,1.643,31.45,28.6100,26.9,1.640,31.19,3.98,-61,9.75,
2026-09-11T12:48:15,2,1.636,30.87,28.6140,26.9,1.633,30.61,4.00,-62,9.75,
2026-09-11T12:48:16,2,1.621,29.71,28.6180,26.9,1.637,30.94,3.99,-62,9.50,
2026-09-11T12:48:17,2,1.639,31.13,28.6120,26.9,1.638,31.07,3.98,-62,9.50,
2026-09-11T12:48:18,2,1.617,29.32,28.6080,26.9,1.634,30.74,4.01,-62,10.00,
2026-09-11T12:48:19,2,1.630,30.42,28.6070,26.9,1.636,30.87,4.00,-62,9.75,
2026-09-11T12:48:20,2,1.635,30.81,28.6090,26.9,1.636,30.87,4.00,-62,9.75,
2026-09-11T12:48:21,2,1.614,29.13,28.6070,26.9,1.634,30.74,4.01,-62,9.50,
2026-09-11T12:48:23,2,1.644,31.52,28.6020,26.9,1.642,31.39,3.98,-62,9.75,
2026-09-11T12:48:24,2,1.632,30.55,28.5970,26.9,1.633,30.68,4.00,-62,9.75,
2026-09-11T12:48:25,2,1.616,29.26,28.6070,26.9,1.637,30.94,3.99,-62,9.50,
2026-09-11T12:48:26,2,1.639,31.13,28.6010,26.9,1.638,31.00,3.98,-62,11.00,
2026-09-11T12:48:27,2,1.616,29.26,28.6030,26.9,1.630,30.42,4.01,-62,9.75,
2026-09-11T12:48:28,2,1.620,29.58,28.5980,26.9,1.637,30.94,4.00,-62,9.50,
2026-09-11T12:48:29,2,1.635,30.81,28.6120,26.9,1.636,30.87,4.00,-62,9.50,
2026-09-11T12:48:30,2,1.617,29.39,28.6040,26.9,1.632,30.55,4.01,-62,9.75,
2026-09-11T12:48:31,2,1.642,31.39,28.6050,26.9,1.639,31.13,3.98,-61,10.25,
2026-09-11T12:48:32,2,1.636,30.87,28.6050,26.9,1.637,30.94,4.00,-62,9.75,
2026-09-11T12:48:33,2,1.617,29.32,28.6070,26.9,1.638,31.07,3.99,-62,9.50,
2026-09-11T12:48:35,2,1.639,31.13,28.6000,26.9,1.638,31.00,3.99,-62,10.00,
2026-09-11T12:48:36,2,1.615,29.20,28.6020,26.9,1.635,30.81,4.01,-61,10.00,
2026-09-11T12:48:37,2,1.617,29.32,28.5930,26.9,1.634,30.74,4.00,-62,9.50,
2026-09-11T12:48:38,2,1.633,30.68,28.6030,26.9,1.636,30.87,4.00,-62,9.75,
2026-09-11T12:48:39,2,1.615,29.20,28.6090,26.9,1.633,30.61,4.01,-62,10.25,
2026-09-11T12:48:40,2,1.644,31.52,28.6100,26.9,1.638,31.07,3.98,-62,9.75,
2026-09-11T12:48:41,2,1.633,30.61,28.6030,26.9,1.635,30.81,4.00,-62,9.50,
2026-09-11T12:48:42,2,1.617,29.39,28.6020,26.9,1.636,30.87,3.99,-62,11.75,
2026-09-11T12:48:43,2,1.640,31.19,28.6110,26.9,1.639,31.13,3.98,-61,9.75,
2026-09-11T12:48:44,2,1.617,29.32,28.6020,26.9,1.629,30.36,4.01,-62,10.00,
2026-09-11T12:48:46,2,1.617,29.39,28.6000,26.9,1.634,30.74,3.99,-61,9.50,
2026-09-11T12:48:51,2,1.617,29.39,28.5970,26.9,1.637,30.94,3.99,-56,6.25,
2026-09-11T12:48:52,2,1.638,31.07,28.5900,26.9,1.640,31.19,3.98,-56,6.25,
2026-09-11T12:48:53,2,1.617,29.32,28.5860,26.9,1.635,30.81,4.01,-57,7.50,
2026-09-11T12:48:54,2,1.619,29.52,28.5910,26.9,1.636,30.87,4.00,-62,9.75,
2026-09-11T12:48:55,2,1.635,30.81,28.5850,26.9,1.636,30.87,3.99,-62,9.75,
2026-09-11T12:48:56,2,1.618,29.45,28.5860,26.9,1.634,30.74,4.01,-62,9.75,
2026-09-11T12:48:58,2,1.644,31.52,28.5860,26.9,1.632,30.55,3.98,-61,9.50,
2026-09-11T12:48:59,2,1.636,30.87,28.5850,26.9,1.637,30.94,4.00,-62,9.50,
2026-09-11T12:49:00,2,1.615,29.20,28.5830,26.9,1.638,31.00,3.99,-61,9.50,
2026-09-11T12:49:01,2,1.639,31.13,28.5860,26.9,1.638,31.00,3.98,-62,9.75,
2026-09-11T12:49:02,2,1.613,29.07,28.5980,26.9,1.634,30.74,4.01,-62,11.25,
2026-09-11T12:49:03,2,1.617,29.39,28.5890,26.9,1.638,31.00,3.99,-62,9.75,
2026-09-11T12:49:04,2,1.635,30.81,28.5870,26.9,1.637,30.94,4.00,-62,10.00,
2026-09-11T12:49:05,2,1.616,29.26,28.5800,26.9,1.635,30.81,4.01,-62,9.75,
2026-09-11T12:49:06,2,1.645,31.58,28.5810,26.9,1.642,31.32,3.98,-61,9.75,
2026-09-11T12:49:07,2,1.635,30.81,28.5800,26.9,1.638,31.00,3.99,-61,9.50,
2026-09-11T12:49:08,2,1.618,29.45,28.5810,26.9,1.638,31.00,4.00,-62,9.50,
2026-09-11T12:49:10,2,1.642,31.32,28.5760,26.9,1.638,31.00,3.97,-61,10.25,
2026-09-11T12:49:11,2,1.614,29.13,28.5720,26.9,1.633,30.61,4.01,-62,9.75,
2026-09-11T12:49:12,2,1.617,29.32,28.5730,26.9,1.637,30.94,4.00,-62,9.50,
2026-09-11T12:49:13,2,1.633,30.68,28.5760,26.9,1.635,30.81,3.99,-61,9.75,
2026-09-11T12:49:14,2,1.615,29.20,28.5670,26.9,1.630,30.42,4.01,-62,10.00,
2026-09-11T12:49:15,2,1.645,31.58,28.5760,26.9,1.642,31.32,3.98,-61,10.00,
2026-09-11T12:49:16,2,1.631,30.48,28.5800,26.9,1.634,30.74,4.00,-62,9.75,
2026-09-11T12:49:17,2,1.624,29.90,28.5800,26.9,1.635,30.81,3.99,-62,9.50,
2026-09-11T12:49:18,2,1.640,31.19,28.5790,26.9,1.639,31.13,3.98,-61,10.00,
2026-09-11T12:49:19,2,1.615,29.20,28.5760,26.9,1.633,30.61,4.01,-62,10.00,
2026-09-11T12:49:21,2,1.608,28.68,28.5750,26.9,1.637,30.94,4.00,-62,9.50,
2026-09-11T12:49:22,2,1.635,30.81,28.5680,26.9,1.636,30.87,4.00,-62,9.75,
2026-09-11T12:49:23,2,1.613,29.00,28.5690,26.9,1.634,30.74,4.01,-62,10.00,
2026-09-11T12:49:24,2,1.630,30.42,28.5700,26.9,1.639,31.13,3.99,-62,9.75,
2026-09-11T12:49:25,2,1.635,30.81,28.5740,26.9,1.635,30.81,4.00,-62,9.75,
2026-09-11T12:49:26,2,1.618,29.45,28.5740,26.9,1.635,30.81,3.99,-62,9.50,
2026-09-11T12:49:27,2,1.640,31.19,28.5780,26.9,1.639,31.13,3.98,-61,9.75,
2026-09-11T12:49:28,2,1.613,29.07,28.5760,26.9,1.633,30.61,4.01,-62,10.00,
2026-09-11T12:49:29,2,1.618,29.45,28.5810,26.9,1.638,31.07,4.00,-62,9.50,
2026-09-11T12:49:30,2,1.635,30.81,28.5800,26.9,1.637,30.94,3.99,-61,9.25,
2026-09-11T12:49:35,2,1.616,29.26,28.5800,26.9,1.637,30.94,3.99,-57,6.25,
2026-09-11T12:49:36,2,1.641,31.26,28.5690,26.9,1.640,31.19,3.98,-56,6.50,
2026-09-11T12:49:37,2,1.619,29.52,28.5570,26.9,1.632,30.55,4.00,-57,6.25,
2026-09-11T12:49:38,2,1.620,29.58,28.5630,26.9,1.638,31.00,4.00,-62,10.00,
2026-09-11T12:49:39,2,1.638,31.07,28.5630,26.9,1.637,30.94,3.99,-62,10.00,
2026-09-11T12:49:40,2,1.616,29.26,28.5700,26.9,1.633,30.68,4.01,-62,13.00,
2026-09-11T12:49:41,2,1.617,29.39,28.5780,26.9,1.636,30.87,3.99,-62,9.50,
2026-09-11T12:49:42,2,1.634,30.74,28.5770,26.9,1.637,30.94,4.00,-62,9.50,
2026-09-11T12:49:43,2,1.616,29.26,28.5760,26.9,1.641,31.26,3.99,-61,9.25,
2026-09-11T12:49:45,2,1.641,31.26,28.5800,26.9,1.638,31.07,3.98,-62,9.50,
2026-09-11T12:49:46,2,1.633,30.61,28.5820,26.9,1.637,30.94,4.00,-60,9.50,
2026-09-11T12:49:47,2,1.617,29.39,28.5790,26.9,1.632,30.55,4.00,-62,9.50,
2026-09-11T12:49:48,2,1.635,30.81,28.5690,26.9,1.637,30.94,3.99,-62,9.50,
2026-09-11T12:49:49,2,1.617,29.39,28.5620,26.9,1.629,30.29,4.01,-62,10.00,
2026-09-11T12:49:50,2,1.616,29.26,28.5670,26.9,1.639,31.13,4.00,-61,9.50,
2026-09-11T12:49:51,2,1.636,30.87,28.5650,26.9,1.636,30.87,4.00,-62,10.00,
2026-09-11T12:49:52,2,1.614,29.13,28.5650,26.9,1.638,31.07,3.99,-62,9.50,
2026-09-11T12:49:53,2,1.642,31.32,28.5670,26.9,1.640,31.19,3.98,-62,10.00,
2026-09-11T12:49:54,2,1.635,30.81,28.5720,26.9,1.636,30.87,3.99,-62,9.50,
2026-09-11T12:49:55,2,1.629,30.36,28.5740,26.9,1.640,31.19,4.00,-62,9.75,
2026-09-11T12:49:57,2,1.636,30.87,28.5740,26.9,1.633,30.61,4.00,-62,9.75,
2026-09-11T12:49:58,2,1.614,29.13,28.5810,26.9,1.633,30.68,4.01,-62,10.00,
2026-09-11T12:49:59,2,1.613,29.00,28.5770,26.9,1.635,30.81,4.00,-62,9.75,
2026-09-11T12:50:00,2,1.635,30.81,28.5690,26.9,1.635,30.81,3.99,-62,9.75,
2026-09-11T12:50:01,2,1.617,29.32,28.5720,26.9,1.638,31.00,4.00,-62,9.75,
2026-09-11T12:50:02,2,1.642,31.32,28.5700,26.9,1.639,31.13,3.98,-62,10.00,
2026-09-11T12:50:03,2,1.633,30.68,28.5750,26.9,1.637,30.94,4.00,-62,9.75,
2026-09-11T12:50:04,2,1.619,29.52,28.5650,26.9,1.637,30.94,3.99,-62,9.50,
2026-09-11T12:50:05,2,1.636,30.87,28.5600,26.9,1.637,30.94,3.99,-61,9.50,
2026-09-11T12:50:06,2,1.614,29.13,28.5580,26.9,1.632,30.55,4.00,-62,9.75,
2026-09-11T12:50:08,2,1.617,29.39,28.5600,26.9,1.637,30.94,4.00,-62,9.50,
2026-09-11T12:50:09,2,1.634,30.74,28.5590,26.9,1.635,30.81,4.00,-62,9.50,
2026-09-11T12:50:10,2,1.617,29.39,28.5670,26.9,1.637,30.94,4.00,-62,9.25,
2026-09-11T12:50:11,2,1.642,31.39,28.5660,26.9,1.640,31.19,3.98,-62,9.75,
2026-09-11T12:50:12,2,1.634,30.74,28.5740,26.9,1.635,30.81,3.99,-61,9.50,
2026-09-11T12:50:13,2,1.619,29.52,28.5690,26.9,1.638,31.00,4.00,-62,9.25,
2026-09-11T12:50:14,2,1.637,30.94,28.5690,26.9,1.634,30.74,3.99,-62,9.50,
2026-09-11T12:50:20,2,1.646,31.65,28.5750,26.9,1.639,31.13,3.98,-56,6.50,
2026-09-11T12:50:21,2,1.632,30.55,28.5780,26.9,1.634,30.74,4.00,-58,6.25,
2026-09-11T12:50:22,2,1.620,29.58,28.5750,26.9,1.637,30.94,3.99,-57,6.50,
2026-09-11T12:50:23,2,1.638,31.00,28.5700,26.9,1.637,30.94,3.98,-62,9.75,
2026-09-11T12:50:24,2,1.616,29.26,28.5720,26.9,1.634,30.74,4.01,-62,10.00,
2026-09-11T12:50:25,2,1.617,29.39,28.5760,26.9,1.636,30.87,4.00,-62,9.50,
2026-09-11T12:50:26,2,1.635,30.81,28.5810,26.9,1.636,30.87,3.99,-61,9.75,
2026-09-11T12:50:27,2,1.614,29.13,28.5800,26.9,1.633,30.68,4.01,-62,10.00,
2026-09-11T12:50:28,2,1.640,31.19,28.5860,26.9,1.642,31.39,3.98,-62,9.50,
2026-09-11T12:50:29,2,1.633,30.68,28.5780,26.9,1.635,30.81,4.00,-62,9.50,
2026-09-11T12:50:30,2,1.616,29.26,28.5770,26.9,1.634,30.74,3.99,-62,9.50,
2026-09-11T12:50:32,2,1.638,31.07,28.5840,26.9,1.638,31.00,3.98,-61,9.75,
2026-09-11T12:50:33,2,1.616,29.26,28.5780,26.9,1.631,30.48,4.01,-62,9.75,
2026-09-11T12:50:34,2,1.618,29.45,28.5730,26.9,1.624,29.90,4.00,-62,10.00,
2026-09-11T12:50:35,2,1.633,30.68,28.5750,26.9,1.638,31.00,3.99,-62,9.75,
2026-09-11T12:50:36,2,1.615,29.20,28.5760,26.9,1.638,31.07,4.01,-62,9.75,
2026-09-11T12:50:37,2,1.643,31.45,28.5680,26.9,1.641,31.26,3.98,-62,10.25,
2026-09-11T12:50:38,2,1.634,30.74,28.5740,26.9,1.635,30.81,4.00,-62,9.75,
2026-09-11T12:50:39,2,1.619,29.52,28.5720,26.9,1.635,30.81,3.99,-61,9.75,
2026-09-11T12:50:40,2,1.638,31.00,28.5710,26.9,1.634,30.74,3.98,-61,9.75,
2026-09-11T12:50:41,2,1.605,28.42,28.5690,26.9,1.629,30.29,4.01,-62,10.25,
2026-09-11T12:50:42,2,1.618,29.45,28.5630,26.9,1.638,31.00,3.99,-61,9.50,
2026-09-11T12:50:44,2,1.633,30.68,28.5700,26.9,1.637,30.94,4.00,-62,9.50,
2026-09-11T12:50:45,2,1.617,29.39,28.5740,26.9,1.635,30.81,4.01,-62,9.75,
2026-09-11T12:50:46,2,1.642,31.39,28.5740,26.9,1.641,31.26,3.98,-62,9.50,
2026-09-11T12:50:47,2,1.634,30.74,28.5690,26.9,1.635,30.81,4.00,-62,9.50,
2026-09-11T12:50:48,2,1.618,29.45,28.5760,26.9,1.635,30.81,3.99,-62,9.50,
2026-09-11T12:50:49,2,1.637,30.94,28.5810,26.9,1.637,30.94,3.98,-61,9.75,
2026-09-11T12:50:50,2,1.614,29.13,28.5800,26.9,1.633,30.61,4.01,-62,10.00,
2026-09-11T12:50:51,2,1.617,29.32,28.5780,26.9,1.637,30.94,4.00,-62,9.50,
2026-09-11T12:50:52,2,1.633,30.68,28.5790,26.9,1.635,30.81,3.99,-61,9.75,
2026-09-11T12:50:53,2,1.616,29.26,28.5850,26.9,1.631,30.48,4.01,-62,10.00,
2026-09-11T12:50:55,2,1.645,31.58,28.5820,26.9,1.638,31.07,3.98,-62,10.00,
2026-09-11T12:50:56,2,1.636,30.87,28.5890,26.9,1.634,30.74,4.00,-62,9.50,
2026-09-11T12:50:57,2,1.618,29.45,28.5910,26.9,1.635,30.81,4.00,-62,9.50,
2026-09-11T12:50:58,2,1.641,31.26,28.5860,26.9,1.635,30.81,3.98,-62,10.25,
2026-09-11T12:50:59,2,1.615,29.20,28.5870,26.9,1.633,30.61,4.01,-62,10.25,
2026-09-11T12:51:04,2,1.633,30.61,28.5910,26.9,1.634,30.74,3.99,-56,6.00,
2026-09-11T12:51:05,2,1.619,29.52,28.5950,26.9,1.637,30.94,3.99,-56,6.25,
2026-09-11T12:51:07,2,1.633,30.61,28.5980,26.9,1.638,31.07,3.98,-57,7.75,
2026-09-11T12:51:08,2,1.617,29.39,28.6050,26.9,1.630,30.42,4.01,-62,10.25,
2026-09-11T12:51:09,2,1.617,29.32,28.6030,26.9,1.636,30.87,4.00,-62,9.75,
2026-09-11T12:51:10,2,1.638,31.00,28.6030,26.9,1.633,30.68,4.00,-62,9.50,
2026-09-11T12:51:11,2,1.615,29.20,28.5990,26.9,1.632,30.55,4.01,-62,10.00,
2026-09-11T12:51:12,2,1.645,31.58,28.6050,26.9,1.643,31.45,3.98,-62,9.50,
2026-09-11T12:51:13,2,1.635,30.81,28.6100,26.9,1.635,30.81,4.00,-62,9.75,
2026-09-11T12:51:14,2,1.619,29.52,28.6050,26.9,1.634,30.74,4.00,-62,10.00,
2026-09-11T12:51:15,2,1.638,31.07,28.5970,26.9,1.639,31.13,3.97,-61,10.25,
2026-09-11T12:51:16,2,1.613,29.07,28.5940,26.9,1.631,30.48,4.01,-62,10.00,
2026-09-11T12:51:17,2,1.618,29.45,28.5970,26.9,1.637,30.94,3.99,-62,9.75,
2026-09-11T12:51:19,2,1.636,30.87,28.5990,26.9,1.640,31.19,4.00,-62,9.75,
2026-09-11T12:51:20,2,1.615,29.20,28.5990,26.9,1.633,30.68,4.01,-62,9.75,
2026-09-11T12:51:21,2,1.642,31.39,28.6040,26.9,1.638,31.07,3.98,-61,9.50,
2026-09-11T12:51:22,2,1.634,30.74,28.5990,26.9,1.633,30.68,3.99,-61,9.75,
2026-09-11T12:51:23,2,1.617,29.32,28.6090,26.9,1.634,30.74,4.00,-62,9.50,
2026-09-11T12:51:24,2,1.640,31.19,28.6080,26.9,1.639,31.13,3.98,-61,10.00,
2026-09-11T12:51:25,2,1.613,29.07,28.6020,26.9,1.633,30.61,4.01,-62,10.00,
2026-09-11T12:51:26,2,1.617,29.32,28.5980,26.9,1.635,30.81,3.99,-61,9.75,
2026-09-11T12:51:27,2,1.634,30.74,28.6010,26.9,1.635,30.81,4.00,-62,9.50,
2026-09-11T12:51:28,2,1.617,29.39,28.6050,26.9,1.635,30.81,4.01,-62,9.75,
2026-09-11T12:51:30,2,1.643,31.45,28.6070,26.9,1.642,31.32,3.97,-61,10.00,
2026-09-11T12:51:31,2,1.635,30.81,28.6100,26.9,1.636,30.87,4.00,-62,10.00,
2026-09-11T12:51:32,2,1.617,29.32,28.6050,26.9,1.638,31.00,3.99,-62,9.75,
2026-09-11T12:51:33,2,1.639,31.13,28.5930,26.9,1.638,31.07,3.98,-62,9.75,
2026-09-11T12:51:34,2,1.613,29.07,28.5980,26.9,1.632,30.55,4.01,-62,9.75,
2026-09-11T12:51:35,2,1.618,29.45,28.6070,26.9,1.638,31.07,3.99,-61,9.75,
2026-09-11T12:51:36,2,1.635,30.81,28.6080,26.9,1.637,30.94,3.99,-62,9.50,
2026-09-11T12:51:37,2,1.614,29.13,28.6100,26.9,1.633,30.61,4.01,-62,10.00,
2026-09-11T12:51:38,2,1.633,30.61,28.6120,26.9,1.638,31.07,4.00,-62,9.75,
2026-09-11T12:51:39,2,1.639,31.13,28.6130,26.9,1.635,30.81,4.00,-62,9.50,
2026-09-11T12:51:40,2,1.617,29.32,28.6090,26.9,1.637,30.94,3.99,-61,9.75,
2026-09-11T12:51:42,2,1.641,31.26,28.6130,26.9,1.640,31.19,3.98,-61,9.75,
2026-09-11T12:51:43,2,1.633,30.68,28.6160,26.9,1.634,30.74,3.99,-62,10.00,
2026-09-11T12:51:44,2,1.619,29.52,28.6080,26.9,1.639,31.13,4.00,-62,9.50,
2026-09-11T12:51:48,2,1.634,30.74,28.5960,26.9,1.635,30.81,3.99,-56,6.50,
2026-09-11T12:51:49,2,1.619,29.52,28.5950,26.9,1.635,30.81,3.99,-56,6.25,
2026-09-11T12:51:50,2,1.641,31.26,28.5950,26.9,1.638,31.07,3.98,-56,6.25,
2026-09-11T12:51:51,2,1.636,30.87,28.6000,26.9,1.629,30.36,3.99,-62,9.50,
2026-09-11T12:51:52,2,1.618,29.45,28.6030,26.9,1.639,31.13,3.99,-61,9.50,
2026-09-11T12:51:54,2,1.635,30.81,28.6110,26.9,1.637,30.94,4.00,-62,9.75,
2026-09-11T12:51:55,2,1.614,29.13,28.6080,26.9,1.635,30.81,4.01,-62,9.75,
2026-09-11T12:51:56,2,1.618,29.45,28.6030,26.9,1.633,30.68,4.00,-62,10.00,
2026-09-11T12:51:57,2,1.635,30.81,28.5960,26.9,1.637,30.94,3.99,-62,9.50,
2026-09-11T12:51:58,2,1.616,29.26,28.5970,26.9,1.638,31.00,3.99,-62,9.50,
2026-09-11T12:51:59,2,1.642,31.32,28.6010,26.9,1.639,31.13,3.98,-62,10.00,
2026-09-11T12:52:00,2,1.633,30.61,28.6070,26.9,1.636,30.87,4.00,-62,10.00,
2026-09-11T12:52:01,2,1.620,29.58,28.6090,26.9,1.635,30.81,4.00,-62,9.50,
2026-09-11T12:52:02,2,1.637,30.94,28.6050,26.9,1.638,31.00,4.00,-62,9.25,
2026-09-11T12:52:03,2,1.616,29.26,28.6010,26.9,1.631,30.48,4.01,-62,9.75,
2026-09-11T12:52:04,2,1.616,29.26,28.6050,26.9,1.635,30.81,3.99,-62,9.50,
2026-09-11T12:52:06,2,1.634,30.74,28.6040,26.9,1.633,30.68,3.99,-61,9.50,
2026-09-11T12:52:07,2,1.606,28.49,28.6040,26.9,1.639,31.13,3.99,-61,9.50,
2026-09-11T12:52:08,2,1.643,31.45,28.6010,26.9,1.638,31.07,3.98,-62,9.75,
2026-09-11T12:52:09,2,1.637,30.94,28.6070,26.9,1.637,30.94,4.00,-62,9.75,
2026-09-11T12:52:10,2,1.617,29.32,28.6150,26.9,1.638,31.07,4.00,-62,9.75,
2026-09-11T12:52:11,2,1.634,30.74,28.6110,26.9,1.638,31.07,4.00,-62,9.75,
2026-09-11T12:52:12,2,1.616,29.26,28.6100,26.9,1.633,30.61,4.01,-62,10.00,
2026-09-11T12:52:13,2,1.618,29.45,28.6000,26.9,1.635,30.81,4.00,-62,9.25,
2026-09-11T12:52:14,2,1.635,30.81,28.6090,26.9,1.636,30.87,3.99,-61,9.75,
2026-09-11T12:52:15,2,1.620,29.58,28.6110,26.9,1.638,31.00,4.00,-62,9.50,
2026-09-11T12:52:17,2,1.642,31.32,28.6200,26.9,1.641,31.26,3.98,-61,9.75,
2026-09-11T12:52:18,2,1.634,30.74,28.6160,26.9,1.637,30.94,3.99,-61,9.75,
2026-09-11T12:52:19,2,1.616,29.26,28.6140,26.9,1.635,30.81,3.99,-61,9.75,
2026-09-11T12:52:20,2,1.637,30.94,28.6000,26.9,1.629,30.29,3.99,-61,9.75,
2026-09-11T12:52:21,2,1.615,29.20,28.6030,26.9,1.631,30.48,4.01,-62,10.25,
2026-09-11T12:52:22,2,1.618,29.45,28.6010,26.9,1.638,31.07,3.99,-61,9.75,
2026-09-11T12:52:23,2,1.635,30.81,28.5980,26.9,1.634,30.74,4.00,-62,9.50,
2026-09-11T12:52:24,2,1.617,29.32,28.6020,26.9,1.636,30.87,3.99,-61,10.00,
2026-09-11T12:52:25,2,1.644,31.52,28.6080,26.9,1.638,31.07,3.98,-61,9.50,
2026-09-11T12:52:26,2,1.633,30.68,28.6050,26.9,1.636,30.87,4.00,-62,9.75,
2026-09-11T12:52:27,2,1.618,29.45,28.6070,26.9,1.635,30.81,4.00,-62,9.75,
2026-09-11T12:52:33,2,1.617,29.32,28.5900,26.9,1.636,30.87,3.99,-56,6.00,
2026-09-11T12:52:34,2,1.644,31.52,28.5830,26.9,1.644,31.52,3.98,-56,6.00,
2026-09-11T12:52:35,2,1.633,30.68,28.5790,26.9,1.635,30.81,4.00,-56,6.00,
2026-09-11T12:52:36,2,1.617,29.32,28.5810,26.9,1.636,30.87,3.99,-61,9.50,
2026-09-11T12:52:37,2,1.633,30.61,28.5780,26.9,1.635,30.81,3.99,-62,9.75,
2026-09-11T12:52:38,2,1.613,29.07,28.5790,26.9,1.631,30.48,4.01,-62,10.25,
2026-09-11T12:52:39,2,1.617,29.39,28.5790,26.9,1.636,30.87,3.99,-62,9.75,
2026-09-11T12:52:41,2,1.633,30.61,28.5800,26.9,1.637,30.94,4.00,-62,10.00,
2026-09-11T12:52:42,2,1.619,29.52,28.5770,26.9,1.637,30.94,3.99,-62,9.50,
2026-09-11T12:52:43,2,1.646,31.65,28.5820,26.9,1.638,31.00,3.98,-61,9.75,
2026-09-11T12:52:44,2,1.635,30.81,28.5830,26.9,1.636,30.87,3.99,-62,9.50,
2026-09-11T12:52:45,2,1.617,29.32,28.5830,26.9,1.637,30.94,3.99,-62,9.50,
2026-09-11T12:52:46,2,1.638,31.00,28.5880,26.9,1.636,30.87,3.99,-61,10.00,
2026-09-11T12:52:47,2,1.613,29.00,28.5880,26.9,1.634,30.74,4.01,-62,10.00,
2026-09-11T12:52:48,2,1.619,29.52,28.5920,26.9,1.633,30.68,4.00,-62,9.50,
2026-09-11T12:52:49,2,1.636,30.87,28.5920,26.9,1.633,30.61,4.00,-62,12.00,
2026-09-11T12:52:50,2,1.617,29.39,28.5890,26.9,1.636,30.87,3.99,-62,9.75,
2026-09-11T12:52:51,2,1.646,31.65,28.5890,26.9,1.642,31.32,3.98,-62,10.00,
2026-09-11T12:52:53,2,1.635,30.81,28.5930,26.9,1.635,30.81,4.00,-62,9.75,
2026-09-11T12:52:54,2,1.617,29.39,28.5990,26.9,1.636,30.87,3.99,-62,9.75,
2026-09-11T12:52:55,2,1.637,30.94,28.6010,26.9,1.636,30.87,3.99,-61,10.00,
2026-09-11T12:52:56,2,1.609,28.74,28.5890,26.9,1.632,30.55,4.01,-62,10.25,
2026-09-11T12:52:57,2,1.614,29.13,28.5980,26.9,1.631,30.48,4.00,-62,10.00,
2026-09-11T12:52:58,2,1.635,30.81,28.5990,26.9,1.635,30.81,4.00,-62,9.75,
2026-09-11T12:52:59,2,1.618,29.45,28.5970,26.9,1.638,31.00,3.99,-62,9.00,
2026-09-11T12:53:00,2,1.643,31.45,28.5990,26.9,1.639,31.13,3.98,-61,9.75,
2026-09-11T12:53:01,2,1.633,30.68,28.5900,26.9,1.635,30.81,3.99,-62,9.50,
2026-09-11T12:53:02,2,1.617,29.32,28.5900,26.9,1.636,30.87,3.99,-62,9.50,
2026-09-11T12:53:04,2,1.638,31.00,28.5920,26.9,1.634,30.74,4.00,-62,9.50,
2026-09-11T12:53:05,2,1.614,29.13,28.5950,26.9,1.629,30.36,4.01,-62,10.00,
2026-09-11T12:53:06,2,1.618,29.45,28.5910,26.9,1.636,30.87,4.00,-62,10.00,
2026-09-11T12:53:07,2,1.635,30.81,28.5860,26.9,1.634,30.74,4.00,-62,9.50,
2026-09-11T12:53:08,2,1.617,29.32,28.5830,26.9,1.633,30.68,3.99,-61,9.50,
2026-09-11T12:53:09,2,1.645,31.58,28.5800,26.9,1.641,31.26,3.97,-61,10.25,
2026-09-11T12:53:10,2,1.637,30.94,28.5880,26.9,1.635,30.81,3.99,-61,10.00,
2026-09-11T12:53:11,2,1.617,29.39,28.5930,26.9,1.637,30.94,3.99,-62,10.00,
2026-09-11T12:53:12,2,1.638,31.00,28.5910,26.9,1.634,30.74,3.99,-61,10.00,
2026-09-11T12:53:18,2,1.619,29.52,28.5830,26.9,1.632,30.55,4.00,-57,5.75,
2026-09-11T12:53:20,2,1.618,29.45,28.5950,26.9,1.634,30.74,3.99,-57,7.25,
2026-09-11T12:53:21,2,1.638,31.07,28.6060,26.9,1.636,30.87,3.99,-61,9.75,
2026-09-11T12:53:22,2,1.634,30.74,28.6060,26.9,1.635,30.81,3.99,-61,9.25,
2026-09-11T12:53:23,2,1.617,29.32,28.6050,26.9,1.636,30.87,4.00,-62,9.50,
2026-09-11T12:53:24,2,1.635,30.81,28.5980,26.9,1.635,30.81,3.99,-61,9.50,
2026-09-11T12:53:25,2,1.621,29.65,28.5950,26.9,1.636,30.87,3.99,-61,9.75,
2026-09-11T12:53:26,2,1.620,29.58,28.6050,26.9,1.637,30.94,4.00,-62,9.50,
2026-09-11T12:53:28,2,1.634,30.74,28.6090,26.9,1.638,31.07,4.00,-62,9.75,
2026-09-11T12:53:29,2,1.621,29.65,28.6090,26.9,1.640,31.19,3.99,-61,9.75,
2026-09-11T12:53:30,2,1.638,31.07,28.6110,26.9,1.637,30.94,3.99,-62,9.50,
2026-09-11T12:53:31,2,1.634,30.74,28.6100,26.9,1.634,30.74,4.00,-62,9.75,
2026-09-11T12:53:32,2,1.614,29.13,28.6130,26.9,1.633,30.61,3.99,-62,9.50,
2026-09-11T12:53:33,2,1.636,30.87,28.6130,26.9,1.635,30.81,3.99,-62,9.50,
2026-09-11T12:53:34,2,1.619,29.52,28.6160,26.9,1.637,30.94,3.99,-62,9.50,
2026-09-11T12:53:35,2,1.617,29.32,28.6160,26.9,1.636,30.87,3.99,-62,9.75,
2026-09-11T12:53:36,2,1.635,30.81,28.6180,26.9,1.634,30.74,3.99,-62,9.50,
2026-09-11T12:53:37,2,1.619,29.52,28.6230,26.9,1.633,30.61,4.00,-62,9.75,
2026-09-11T12:53:39,2,1.638,31.07,28.6200,26.9,1.638,31.00,3.99,-62,9.25,
2026-09-11T12:53:40,2,1.631,30.48,28.6120,26.9,1.633,30.68,4.00,-62,9.50,
2026-09-11T12:53:41,2,1.617,29.39,28.6110,26.9,1.638,31.00,3.99,-62,10.00,
2026-09-11T12:53:42,2,1.637,30.94,28.6020,26.9,1.637,30.94,3.99,-62,9.50,
2026-09-11T12:53:43,2,1.617,29.32,28.6010,26.9,1.637,30.94,3.99,-62,9.50,
2026-09-11T12:53:44,2,1.617,29.32,28.6020,26.9,1.638,31.07,4.00,-62,9.75,
2026-09-11T12:53:45,2,1.636,30.87,28.6040,26.9,1.634,30.74,4.00,-62,9.50,
2026-09-11T12:53:46,2,1.618,29.45,28.5960,26.9,1.638,31.00,3.99,-61,9.25,
2026-09-11T12:53:47,2,1.641,31.26,28.5970,26.9,1.638,31.07,3.99,-62,9.50,
2026-09-11T12:53:48,2,1.634,30.74,28.5940,26.9,1.634,30.74,3.99,-61,9.50,
2026-09-11T12:53:49,2,1.618,29.45,28.5960,26.9,1.636,30.87,3.99,-61,9.50,
2026-09-11T12:53:51,2,1.634,30.74,28.6000,26.9,1.637,30.94,3.99,-62,9.50,
2026-09-11T12:53:52,2,1.617,29.32,28.6050,26.9,1.636,30.87,4.01,-62,10.00,
2026-09-11T12:53:53,2,1.617,29.39,28.6040,26.9,1.637,30.94,4.00,-62,9.50,
2026-09-11T12:53:54,2,1.633,30.61,28.5970,26.9,1.634,30.74,4.00,-62,9.50,
2026-09-11T12:53:55,2,1.617,29.39,28.6040,26.9,1.633,30.61,3.99,-62,9.25,
2026-09-11T12:53:56,2,1.642,31.39,28.6010,26.9,1.640,31.19,3.98,-61,10.00,
2026-09-11T12:54:01,2,1.619,29.52,28.5980,26.9,1.638,31.07,4.00,-57,5.75,
2026-09-11T12:54:03,2,1.637,30.94,28.5950,26.9,1.635,30.81,4.00,-56,5.75,
2026-09-11T12:54:04,2,1.617,29.39,28.6070,26.9,1.637,30.94,4.00,-57,6.00,
2026-09-11T12:54:05,2,1.644,31.52,28.6080,26.9,1.638,31.00,3.98,-62,9.75,
2026-09-11T12:54:06,2,1.634,30.74,28.6030,26.9,1.633,30.68,3.99,-62,9.50,
2026-09-11T12:54:07,2,1.616,29.26,28.6000,26.9,1.636,30.87,4.00,-62,9.75,
2026-09-11T12:54:08,2,1.638,31.07,28.5970,26.9,1.635,30.81,3.99,-62,10.00,
2026-09-11T12:54:09,2,1.615,29.20,28.5860,26.9,1.633,30.61,4.00,-62,9.50,
2026-09-11T12:54:10,2,1.617,29.32,28.5810,26.9,1.636,30.87,3.99,-62,9.50,
2026-09-11T12:54:11,2,1.633,30.68,28.5810,26.9,1.638,31.00,3.99,-62,9.75,
2026-09-11T12:54:12,2,1.617,29.32,28.5760,26.9,1.638,31.00,3.99,-62,9.50,
2026-09-11T12:54:13,2,1.645,31.58,28.5800,26.9,1.639,31.13,3.97,-61,10.00,
2026-09-11T12:54:15,2,1.634,30.74,28.5850,26.9,1.633,30.61,3.99,-62,9.50,
2026-09-11T12:54:16,2,1.617,29.39,28.5820,26.9,1.635,30.81,3.99,-62,10.00,
2026-09-11T12:54:17,2,1.634,30.74,28.5790,26.9,1.635,30.81,4.00,-62,9.50,
2026-09-11T12:54:18,2,1.615,29.20,28.5790,26.9,1.632,30.55,4.01,-62,9.50,
2026-09-11T12:54:19,2,1.619,29.52,28.5820,26.9,1.636,30.87,3.99,-62,9.75,
2026-09-11T12:54:20,2,1.635,30.81,28.5850,26.9,1.635,30.81,4.00,-62,10.00,
2026-09-11T12:54:21,2,1.618,29.45,28.5890,26.9,1.637,30.94,3.99,-62,10.25,
2026-09-11T12:54:22,2,1.645,31.58,28.5930,26.9,1.641,31.26,3.98,-61,10.00,
2026-09-11T12:54:23,2,1.636,30.87,28.5810,26.9,1.633,30.68,3.99,-62,9.50,
2026-09-11T12:54:24,2,1.617,29.39,28.5810,26.9,1.636,30.87,4.00,-62,9.75,
2026-09-11T12:54:26,2,1.631,30.48,28.5830,26.9,1.635,30.81,4.00,-62,9.75,
2026-09-11T12:54:27,2,1.616,29.26,28.5870,26.9,1.633,30.61,4.01,-62,10.00,
2026-09-11T12:54:28,2,1.619,29.52,28.5830,26.9,1.639,31.13,3.99,-61,9.50,
2026-09-11T12:54:29,2,1.637,30.94,28.5970,26.9,1.633,30.68,3.99,-62,9.75,
2026-09-11T12:54:30,2,1.619,29.52,28.5950,26.9,1.637,30.94,4.00,-62,9.75,
2026-09-11T12:54:31,2,1.647,31.77,28.5930,26.9,1.640,31.19,3.98,-62,10.00,
2026-09-11T12:54:32,2,1.634,30.74,28.5960,26.9,1.625,29.97,3.99,-62,9.75,
2026-09-11T12:54:33,2,1.617,29.39,28.5900,26.9,1.636,30.87,3.99,-62,10.00,
2026-09-11T12:54:34,2,1.637,30.94,28.5960,26.9,1.635,30.81,3.99,-62,9.75,
2026-09-11T12:54:35,2,1.614,29.13,28.5950,26.9,1.635,30.81,4.01,-62,10.00,
2026-09-11T12:54:36,2,1.617,29.32,28.5960,26.9,1.637,30.94,4.00,-62,9.75,
2026-09-11T12:54:38,2,1.635,30.81,28.6020,26.9,1.634,30.74,3.99,-62,10.00,
2026-09-11T12:54:39,2,1.617,29.32,28.6040,26.9,1.636,30.87,3.99,-61,10.00,
2026-09-11T12:54:40,2,1.644,31.52,28.6050,26.9,1.639,31.13,3.97,-61,10.00,
2026-09-11T12:54:41,2,1.633,30.68,28.5990,26.9,1.636,30.87,3.99,-62,10.00,
2026-09-11T12:54:46,2,1.636,30.87,28.6040,26.9,1.637,30.94,3.99,-57,5.75,
2026-09-11T12:54:47,2,1.619,29.52,28.6080,26.9,1.637,30.94,3.99,-56,5.50,
2026-09-11T12:54:48,2,1.646,31.65,28.6010,26.9,1.644,31.52,3.97,-57,6.25,
2026-09-11T12:54:50,2,1.633,30.61,28.6080,26.9,1.635,30.81,3.99,-62,9.75,
2026-09-11T12:54:51,2,1.617,29.39,28.5960,26.9,1.636,30.87,3.99,-61,9.75,
2026-09-11T12:54:52,2,1.638,31.00,28.6040,26.9,1.635,30.81,3.99,-62,9.75,
2026-09-11T12:54:53,2,1.617,29.32,28.6140,26.9,1.633,30.61,4.01,-62,10.25,
2026-09-11T12:54:54,2,1.621,29.65,28.6170,26.9,1.638,31.00,4.00,-62,9.50,
2026-09-11T12:54:55,2,1.638,31.00,28.6190,26.9,1.634,30.74,4.00,-62,9.50,
2026-09-11T12:54:56,2,1.617,29.32,28.6170,26.9,1.634,30.74,3.99,-61,9.75,
2026-09-11T12:54:57,2,1.643,31.45,28.6150,26.9,1.644,31.52,3.98,-61,9.75,
2026-09-11T12:54:58,2,1.634,30.74,28.6200,26.9,1.634,30.74,4.00,-62,9.50,
2026-09-11T12:54:59,2,1.617,29.39,28.6160,26.9,1.638,31.00,4.00,-62,9.75,
2026-09-11T12:55:00,2,1.638,31.00,28.6130,26.9,1.636,30.87,3.99,-62,9.75,
2026-09-11T12:55:02,2,1.614,29.13,28.6200,26.9,1.633,30.68,4.00,-62,9.75,
2026-09-11T12:55:03,2,1.617,29.39,28.6190,26.9,1.636,30.87,4.00,-62,9.75,
2026-09-11T12:55:04,2,1.635,30.81,28.6090,26.9,1.633,30.68,3.99,-61,9.50,
2026-09-11T12:55:05,2,1.617,29.39,28.6110,26.9,1.638,31.00,3.99,-62,9.50,
2026-09-11T12:55:06,2,1.644,31.52,28.6070,26.9,1.642,31.32,3.98,-62,10.00,
2026-09-11T12:55:07,2,1.634,30.74,28.6060,26.9,1.636,30.87,3.99,-61,10.00,
2026-09-11T12:55:08,2,1.617,29.39,28.6070,26.9,1.637,30.94,4.00,-62,9.50,
2026-09-11T12:55:09,2,1.642,31.32,28.5970,26.9,1.636,30.87,3.99,-62,9.75,
2026-09-11T12:55:10,2,1.618,29.45,28.5980,26.9,1.636,30.87,3.99,-62,9.50,
2026-09-11T12:55:11,2,1.617,29.32,28.6020,26.9,1.638,31.07,4.00,-62,9.50,
2026-09-11T12:55:13,2,1.637,30.94,28.5970,26.9,1.636,30.87,4.00,-62,9.75,
2026-09-11T12:55:14,2,1.617,29.32,28.5810,26.9,1.638,31.00,3.99,-62,9.75,
2026-09-11T12:55:15,2,1.618,29.45,28.5800,26.9,1.636,30.87,3.99,-61,9.75,
2026-09-11T12:55:16,2,1.634,30.74,28.5850,26.9,1.638,31.00,3.99,-62,9.75,
2026-09-11T12:55:17,2,1.618,29.45,28.5870,26.9,1.637,30.94,3.99,-62,10.00,
2026-09-11T12:55:18,2,1.638,31.00,28.5860,26.9,1.631,30.48,3.99,-62,9.50,
2026-09-11T12:55:19,2,1.633,30.61,28.5860,26.9,1.633,30.68,3.99,-62,9.50,
2026-09-11T12:55:20,2,1.617,29.32,28.5860,26.9,1.637,30.94,4.00,-62,9.50,
2026-09-11T12:55:21,2,1.636,30.87,28.5850,26.9,1.640,31.19,3.99,-62,9.50,
2026-09-11T12:55:22,2,1.616,29.26,28.5940,26.9,1.637,30.94,4.01,-62,10.25,
2026-09-11T12:55:23,2,1.615,29.20,28.5890,26.9,1.635,30.81,3.99,-62,10.00,
2026-09-11T12:55:25,2,1.635,30.81,28.5940,26.9,1.634,30.74,3.99,-62,9.75,
2026-09-11T12:55:26,2,1.618,29.45,28.5840,26.9,1.635,30.81,3.99,-62,9.50,
2026-09-11T12:55:31,2,1.613,29.07,28.6000,26.9,1.632,30.55,4.01,-57,6.00,
2026-09-11T12:55:32,2,1.610,28.81,28.5970,26.9,1.636,30.87,4.00,-57,5.50,
2026-09-11T12:55:33,2,1.636,30.87,28.6050,26.9,1.635,30.81,3.99,-57,7.25,
2026-09-11T12:55:34,2,1.620,29.58,28.5950,26.9,1.638,31.07,3.99,-62,10.25,
2026-09-11T12:55:35,2,1.644,31.52,28.5970,26.9,1.632,30.55,3.98,-61,9.50,
2026-09-11T12:55:37,2,1.635,30.81,28.6070,26.9,1.635,30.81,3.99,-61,9.50,
2026-09-11T12:55:38,2,1.617,29.32,28.5980,26.9,1.635,30.81,3.99,-62,9.75,
2026-09-11T12:55:39,2,1.637,30.94,28.5960,26.9,1.636,30.87,4.00,-62,9.75,
2026-09-11T12:55:40,2,1.616,29.26,28.5920,26.9,1.633,30.68,4.01,-62,10.75,
2026-09-11T12:55:41,2,1.616,29.26,28.5850,26.9,1.637,30.94,3.99,-62,9.50,
2026-09-11T12:55:42,2,1.634,30.74,28.5740,26.9,1.637,30.94,3.99,-61,9.50,
2026-09-11T12:55:43,2,1.618,29.45,28.5770,26.9,1.636,30.87,3.99,-62,9.75,
2026-09-11T12:55:44,2,1.640,31.19,28.5800,26.9,1.639,31.13,3.98,-61,10.00,
2026-09-11T12:55:45,2,1.636,30.87,28.5900,26.9,1.634,30.74,4.00,-62,9.50,
2026-09-11T12:55:46,2,1.617,29.32,28.5830,26.9,1.636,30.87,3.99,-62,9.50,
2026-09-11T12:55:48,2,1.635,30.81,28.5820,26.9,1.634,30.74,3.99,-61,9.50,
2026-09-11T12:55:49,2,1.618,29.45,28.5820,26.9,1.633,30.68,4.01,-62,10.00,
2026-09-11T12:55:50,2,1.617,29.32,28.5840,26.9,1.636,30.87,4.00,-62,9.50,
2026-09-11T12:55:51,2,1.635,30.81,28.5900,26.9,1.637,30.94,3.99,-61,9.50,
2026-09-11T12:55:52,2,1.618,29.45,28.5920,26.9,1.637,30.94,3.99,-62,10.00,
2026-09-11T12:55:53,2,1.640,31.19,28.5860,26.9,1.640,31.19,3.98,-61,9.75,
2026-09-11T12:55:54,2,1.634,30.74,28.5890,26.9,1.634,30.74,3.99,-62,10.25,
2026-09-11T12:55:55,2,1.625,29.97,28.5860,26.9,1.637,30.94,3.99,-62,9.50,
2026-09-11T12:55:56,2,1.635,30.81,28.5810,26.9,1.637,30.94,3.99,-62,9.75,
2026-09-11T12:55:57,2,1.616,29.26,28.5890,26.9,1.632,30.55,4.01,-62,9.75,
2026-09-11T12:55:58,2,1.617,29.39,28.5910,26.9,1.636,30.87,4.00,-62,9.75,
2026-09-11T12:56:00,2,1.637,30.94,28.5860,26.9,1.637,30.94,4.00,-62,9.75,
2026-09-11T12:56:01,2,1.617,29.39,28.5920,26.9,1.637,30.94,3.99,-62,9.75,
2026-09-11T12:56:02,2,1.640,31.19,28.5940,26.9,1.640,31.19,3.98,-61,10.00,
2026-09-11T12:56:03,2,1.635,30.81,28.5970,26.9,1.635,30.81,3.99,-62,9.75,
2026-09-11T12:56:04,2,1.618,29.45,28.5930,26.9,1.636,30.87,3.99,-62,9.75,
2026-09-11T12:56:05,2,1.635,30.81,28.5830,26.9,1.635,30.81,3.99,-62,10.25,
2026-09-11T12:56:06,2,1.613,29.07,28.5820,26.9,1.634,30.74,4.01,-62,9.75,
2026-09-11T12:56:07,2,1.615,29.20,28.5850,26.9,1.636,30.87,4.00,-62,9.75,
2026-09-11T12:56:08,2,1.632,30.55,28.5870,26.9,1.635,30.81,3.99,-62,9.50,
2026-09-11T12:56:09,2,1.617,29.39,28.5820,26.9,1.637,30.94,3.99,-62,12.00,
2026-09-11T12:56:10,2,1.645,31.58,28.5870,26.9,1.639,31.13,3.98,-61,10.00,
2026-09-11T12:56:15,2,1.615,29.20,28.6010,26.9,1.633,30.68,4.01,-57,6.00,
2026-09-11T12:56:16,2,1.617,29.32,28.6020,26.9,1.636,30.87,3.99,-57,6.00,
2026-09-11T12:56:17,2,1.633,30.61,28.5980,26.9,1.634,30.74,4.00,-57,5.75,
2026-09-11T12:56:18,2,1.621,29.65,28.5960,26.9,1.638,31.00,3.99,-57,9.00,
2026-09-11T12:56:19,2,1.642,31.32,28.5990,26.9,1.640,31.19,3.98,-61,10.00,
2026-09-11T12:56:20,2,1.635,30.81,28.5960,26.9,1.636,30.87,4.00,-62,10.00,
2026-09-11T12:56:21,2,1.616,29.26,28.6020,26.9,1.636,30.87,3.98,-61,10.00,
2026-09-11T12:56:22,2,1.637,30.94,28.6040,26.9,1.636,30.87,3.99,-62,9.50,
2026-09-11T12:56:24,2,1.614,29.13,28.6040,26.9,1.633,30.61,4.01,-62,10.00,
2026-09-11T12:56:25,2,1.617,29.32,28.5980,26.9,1.637,30.94,4.00,-62,9.50,
2026-09-11T12:56:26,2,1.636,30.87,28.6020,26.9,1.637,30.94,3.99,-62,9.50,
2026-09-11T12:56:27,2,1.617,29.39,28.6000,26.9,1.636,30.87,3.99,-62,9.75,
2026-09-11T12:56:28,2,1.643,31.45,28.6010,26.9,1.641,31.26,3.98,-62,10.00,
2026-09-11T12:56:29,2,1.635,30.81,28.6010,26.9,1.633,30.68,3.99,-62,9.50,
2026-09-11T12:56:30,2,1.618,29.45,28.5960,26.9,1.635,30.81,3.99,-62,9.75,
2026-09-11T12:56:31,2,1.635,30.81,28.5910,26.9,1.633,30.68,3.99,-62,9.50,
2026-09-11T12:56:32,2,1.617,29.32,28.5870,26.9,1.631,30.48,4.00,-62,9.75,
2026-09-11T12:56:33,2,1.617,29.39,28.5790,26.9,1.635,30.81,3.99,-61,9.50,
2026-09-11T12:56:35,2,1.634,30.74,28.5820,26.9,1.635,30.81,3.99,-62,9.50,
2026-09-11T12:56:36,2,1.621,29.65,28.5790,26.9,1.641,31.26,3.99,-61,9.75,
2026-09-11T12:56:37,2,1.645,31.58,28.5800,26.9,1.638,31.07,3.98,-62,9.75,
2026-09-11T12:56:38,2,1.635,30.81,28.5740,26.9,1.634,30.74,4.00,-62,9.75,
2026-09-11T12:56:39,2,1.617,29.32,28.5770,26.9,1.636,30.87,3.99,-62,9.75,
2026-09-11T12:56:40,2,1.637,30.94,28.5780,26.9,1.635,30.81,3.99,-62,9.75,
2026-09-11T12:56:41,2,1.613,29.07,28.5710,26.9,1.633,30.68,4.01,-62,9.75,
2026-09-11T12:56:42,2,1.618,29.45,28.5660,26.9,1.635,30.81,4.00,-62,9.50,
2026-09-11T12:56:43,2,1.636,30.87,28.5660,26.9,1.633,30.68,3.99,-62,9.50,
2026-09-11T12:56:44,2,1.616,29.26,28.5750,26.9,1.635,30.81,3.99,-62,10.00,
2026-09-11T12:56:45,2,1.643,31.45,28.5750,26.9,1.639,31.13,3.98,-62,9.75,
2026-09-11T12:56:47,2,1.637,30.94,28.5660,26.9,1.635,30.81,3.99,-62,9.50,
2026-09-11T12:56:48,2,1.619,29.52,28.5600,26.9,1.634,30.74,3.99,-62,9.75,
2026-09-11T12:56:49,2,1.636,30.87,28.5630,26.9,1.636,30.87,3.99,-62,10.00,
2026-09-11T12:56:50,2,1.615,29.20,28.5690,26.9,1.633,30.61,4.01,-62,10.00,
2026-09-11T12:56:51,2,1.617,29.32,28.5680,26.9,1.637,30.94,3.99,-62,9.75,
2026-09-11T12:56:52,2,1.634,30.74,28.5700,26.9,1.637,30.94,3.99,-62,9.50,
2026-09-11T12:56:53,2,1.621,29.65,28.5740,26.9,1.636,30.87,3.99,-62,9.50,
2026-09-11T12:56:54,2,1.642,31.39,28.5690,26.9,1.638,31.00,3.97,-61,10.25,
2026-09-11T12:57:00,2,1.615,29.20,28.5770,26.9,1.635,30.81,3.99,-56,5.75,
2026-09-11T12:57:01,2,1.625,30.03,28.5820,26.9,1.634,30.74,3.99,-56,5.50,
2026-09-11T12:57:02,2,1.618,29.45,28.5850,26.9,1.635,30.81,3.98,-56,5.75,
2026-09-11T12:57:03,2,1.643,31.45,28.5820,26.9,1.646,31.71,3.98,-62,10.00,
2026-09-11T12:57:04,2,1.633,30.68,28.5720,26.9,1.633,30.68,3.99,-62,9.50,
2026-09-11T12:57:05,2,1.619,29.52,28.5710,26.9,1.634,30.74,3.99,-62,12.25,
2026-09-11T12:57:06,2,1.638,31.00,28.5830,26.9,1.635,30.81,3.99,-59,9.75,
2026-09-11T12:57:07,2,1.615,29.20,28.5920,26.9,1.633,30.61,4.01,-62,10.25,
2026-09-11T12:57:08,2,1.619,29.52,28.5870,26.9,1.635,30.81,3.99,-62,9.75,
2026-09-11T12:57:09,2,1.635,30.81,28.5810,26.9,1.634,30.74,3.99,-62,9.75,
2026-09-11T12:57:11,2,1.615,29.20,28.5770,26.9,1.636,30.87,4.00,-62,9.50,
2026-09-11T12:57:12,2,1.645,31.58,28.5800,26.9,1.638,31.00,3.97,-62,9.75,
2026-09-11T12:57:13,2,1.635,30.81,28.5840,26.9,1.637,30.94,3.99,-62,9.25,
2026-09-11T12:57:14,2,1.617,29.32,28.5880,26.9,1.634,30.74,3.99,-62,10.50,
2026-09-11T12:57:15,2,1.642,31.32,28.5840,26.9,1.634,30.74,3.97,-62,10.25,
2026-09-11T12:57:16,2,1.616,29.26,28.5800,26.9,1.630,30.42,4.00,-62,10.00,
2026-09-11T12:57:17,2,1.617,29.39,28.5760,26.9,1.635,30.81,3.99,-62,9.50,
2026-09-11T12:57:18,2,1.635,30.81,28.5720,26.9,1.635,30.81,3.99,-61,9.75,
2026-09-11T12:57:19,2,1.608,28.62,28.5770,26.9,1.632,30.55,4.01,-62,10.25,
2026-09-11T12:57:20,2,1.642,31.39,28.5750,26.9,1.641,31.26,3.98,-61,9.75,
2026-09-11T12:57:22,2,1.635,30.81,28.5740,26.9,1.636,30.87,4.00,-62,9.75,
2026-09-11T12:57:23,2,1.617,29.32,28.5760,26.9,1.638,31.07,3.98,-61,10.00,
2026-09-11T12:57:24,2,1.639,31.13,28.5820,26.9,1.642,31.32,3.98,-61,10.00,
2026-09-11T12:57:25,2,1.617,29.32,28.5860,26.9,1.632,30.55,4.00,-62,9.75,
2026-09-11T12:57:26,2,1.617,29.32,28.5790,26.9,1.635,30.81,3.99,-62,9.50,
2026-09-11T12:57:27,2,1.635,30.81,28.5750,26.9,1.626,30.10,3.99,-62,9.50,
2026-09-11T12:57:28,2,1.615,29.20,28.5870,26.9,1.633,30.68,4.01,-62,10.00,
2026-09-11T12:57:29,2,1.617,29.39,28.5810,26.9,1.636,30.87,3.99,-61,9.75,
2026-09-11T12:57:30,2,1.638,31.07,28.5750,26.9,1.638,31.07,3.99,-62,9.75,
2026-09-11T12:57:31,2,1.618,29.45,28.5780,26.9,1.638,31.07,3.99,-61,9.50,
2026-09-11T12:57:32,2,1.640,31.19,28.5740,26.9,1.637,30.94,3.98,-62,10.00,
2026-09-11T12:57:34,2,1.634,30.74,28.5740,26.9,1.635,30.81,3.99,-62,9.75,
2026-09-11T12:57:35,2,1.617,29.39,28.5730,26.9,1.635,30.81,3.99,-62,9.75,
2026-09-11T12:57:36,2,1.638,31.00,28.5900,26.9,1.632,30.55,3.99,-61,9.50,
2026-09-11T12:57:37,2,1.613,29.07,28.5970,26.9,1.632,30.55,4.01,-62,10.00,
2026-09-11T12:57:38,2,1.617,29.39,28.5970,26.9,1.637,30.94,3.99,-62,9.75,
2026-09-11T12:57:39,2,1.635,30.81,28.5860,26.9,1.634,30.74,3.99,-62,9.75,
2026-09-11T12:57:44,2,1.636,30.87,28.5760,26.9,1.636,30.87,3.99,-56,5.75,
2026-09-11T12:57:46,2,1.614,29.13,28.5700,26.9,1.645,31.58,4.01,-57,5.75,
2026-09-11T12:57:47,2,1.617,29.39,28.5710,26.9,1.636,30.87,4.00,-57,6.50,
2026-09-11T12:57:48,2,1.633,30.61,28.5610,26.9,1.634,30.74,3.99,-62,10.00,
2026-09-11T12:57:49,2,1.615,29.20,28.5630,26.9,1.635,30.81,3.99,-62,9.75,
2026-09-11T12:57:50,2,1.641,31.26,28.5760,26.9,1.640,31.19,3.98,-61,10.00,
2026-09-11T12:57:51,2,1.634,30.74,28.5680,26.9,1.636,30.87,3.99,-62,9.50,
2026-09-11T12:57:52,2,1.617,29.32,28.5620,26.9,1.634,30.74,3.99,-62,9.75,
2026-09-11T12:57:53,2,1.633,30.68,28.5650,26.9,1.634,30.74,3.99,-62,9.75,
2026-09-11T12:57:54,2,1.613,29.07,28.5730,26.9,1.631,30.48,4.01,-62,9.75,
2026-09-11T12:57:55,2,1.616,29.26,28.5640,26.9,1.639,31.13,3.99,-61,9.50,
2026-09-11T12:57:57,2,1.636,30.87,28.5610,26.9,1.634,30.74,3.99,-62,10.00,
2026-09-11T12:57:58,2,1.617,29.32,28.5660,26.9,1.638,31.07,3.99,-61,9.75,
2026-09-11T12:57:59,2,1.641,31.26,28.5650,26.9,1.638,31.00,3.98,-62,9.75,
2026-09-11T12:58:00,2,1.636,30.87,28.5680,26.9,1.629,30.36,3.99,-62,9.50,
2026-09-11T12:58:01,2,1.620,29.58,28.5680,26.9,1.636,30.87,3.99,-60,9.50,
2026-09-11T12:58:02,2,1.638,31.00,28.5770,26.9,1.638,31.00,3.99,-61,9.50,
2026-09-11T12:58:03,2,1.616,29.26,28.5670,26.9,1.633,30.61,4.01,-64,10.00,
2026-09-11T12:58:04,2,1.619,29.52,28.5700,26.9,1.638,31.00,3.99,-63,9.25,
2026-09-11T12:58:05,2,1.635,30.81,28.5730,26.9,1.636,30.87,3.99,-62,9.25,
2026-09-11T12:58:06,2,1.618,29.45,28.5700,26.9,1.636,30.87,3.99,-62,10.00,
2026-09-11T12:58:07,2,1.640,31.19,28.5710,26.9,1.635,30.81,3.98,-62,10.00,
2026-09-11T12:58:09,2,1.633,30.61,28.5750,26.9,1.645,31.58,3.99,-62,9.00,
2026-09-11T12:58:10,2,1.630,30.42,28.5750,26.9,1.634,30.74,3.99,-63,9.50,
2026-09-11T12:58:11,2,1.635,30.81,28.5710,26.9,1.629,30.29,3.99,-63,9.75,
2026-09-11T12:58:12,2,1.614,29.13,28.5760,26.9,1.632,30.55,4.01,-63,10.00,
2026-09-11T12:58:13,2,1.617,29.32,28.5800,26.9,1.634,30.74,3.99,-63,9.75,
2026-09-11T12:58:14,2,1.635,30.81,28.5760,26.9,1.636,30.87,3.99,-62,9.50,
2026-09-11T12:58:15,2,1.617,29.39,28.5760,26.9,1.638,31.00,3.99,-62,9.75,
2026-09-11T12:58:16,2,1.644,31.52,28.5780,26.9,1.638,31.07,3.97,-62,10.25,
2026-09-11T12:58:17,2,1.633,30.68,28.5720,26.9,1.636,30.87,3.99,-62,9.75,
2026-09-11T12:58:18,2,1.618,29.45,28.5650,26.9,1.638,31.07,3.99,-62,9.75,
2026-09-11T12:58:19,2,1.636,30.87,28.5650,26.9,1.634,30.74,3.99,-62,9.75,
2026-09-11T12:58:21,2,1.604,28.36,28.5620,26.9,1.633,30.61,4.01,-63,10.00,
2026-09-11T12:58:22,2,1.618,29.45,28.5700,26.9,1.636,30.87,3.99,-63,9.75,
2026-09-11T12:58:23,2,1.636,30.87,28.5810,26.9,1.635,30.81,3.99,-62,9.75,
2026-09-11T12:58:24,2,1.618,29.45,28.5920,26.9,1.637,30.94,3.99,-63,10.25,
2026-09-11T12:58:28,2,1.635,30.81,28.5940,26.9,1.636,30.87,3.99,-56,1.25,
2026-09-11T12:58:29,2,1.612,28.94,28.5950,26.9,1.632,30.55,4.01,-56,1.50,
2026-09-11T12:58:30,2,1.616,29.26,28.5920,26.9,1.636,30.87,4.00,-57,1.25,
2026-09-11T12:58:31,2,1.634,30.74,28.5980,26.9,1.637,30.94,3.99,-57,8.00,
2026-09-11T12:58:33,2,1.619,29.52,28.5940,26.9,1.637,30.94,3.99,-63,9.50,
2026-09-11T12:58:34,2,1.643,31.45,28.5800,26.9,1.642,31.32,3.97,-63,10.25,
2026-09-11T12:58:35,2,1.635,30.81,28.5770,26.9,1.633,30.68,3.99,-63,9.25,
2026-09-11T12:58:36,2,1.617,29.39,28.5770,26.9,1.637,30.94,3.99,-63,9.75,
2026-09-11T12:58:37,2,1.636,30.87,28.5760,26.9,1.638,31.00,3.99,-63,9.75,
2026-09-11T12:58:38,2,1.615,29.20,28.5750,26.9,1.633,30.61,4.01,-63,9.75,
2026-09-11T12:58:39,2,1.618,29.45,28.5790,26.9,1.636,30.87,3.99,-63,9.75,
2026-09-11T12:58:40,2,1.632,30.55,28.5840,26.9,1.637,30.94,3.99,-62,9.75,
2026-09-11T12:58:41,2,1.616,29.26,28.5780,26.9,1.636,30.87,3.99,-62,9.75,
2026-09-11T12:58:42,2,1.642,31.32,28.5800,26.9,1.639,31.13,3.97,-62,10.25,
2026-09-11T12:58:44,2,1.637,30.94,28.5780,26.9,1.649,31.90,4.00,-63,9.25,
2026-09-11T12:58:45,2,1.617,29.39,28.5740,26.9,1.638,31.00,3.99,-63,9.25,
2026-09-11T12:58:46,2,1.636,30.87,28.5720,26.9,1.635,30.81,3.98,-63,10.00,
2026-09-11T12:58:47,2,1.615,29.20,28.5700,26.9,1.633,30.61,4.00,-63,9.75,
2026-09-11T12:58:48,2,1.617,29.39,28.5720,26.9,1.638,31.07,3.99,-62,9.75,
2026-09-11T12:58:49,2,1.638,31.07,28.5700,26.9,1.635,30.81,3.99,-62,9.25,
2026-09-11T12:58:50,2,1.617,29.39,28.5690,26.9,1.636,30.87,3.98,-62,9.75,
2026-09-11T12:58:51,2,1.642,31.39,28.5660,26.9,1.639,31.13,3.97,-62,10.25,
2026-09-11T12:58:52,2,1.635,30.81,28.5700,26.9,1.646,31.71,4.00,-63,9.50,
2026-09-11T12:58:53,2,1.617,29.32,28.5700,26.9,1.639,31.13,3.99,-63,9.75,
2026-09-11T12:58:54,2,1.636,30.87,28.5690,26.9,1.635,30.81,3.99,-63,9.75,
2026-09-11T12:58:56,2,1.615,29.20,28.5810,26.9,1.632,30.55,4.00,-61,9.50,
2026-09-11T12:58:57,2,1.616,29.26,28.5770,26.9,1.638,31.07,3.99,-63,9.50,
2026-09-11T12:58:58,2,1.635,30.81,28.5830,26.9,1.639,31.13,3.99,-63,9.50,
2026-09-11T12:58:59,2,1.618,29.45,28.5860,26.9,1.639,31.13,3.98,-62,9.75,
2026-09-11T12:59:00,2,1.642,31.39,28.5880,26.9,1.640,31.19,3.97,-63,10.25,
2026-09-11T12:59:01,2,1.633,30.68,28.5920,26.9,1.633,30.61,3.99,-62,9.75,
2026-09-11T12:59:02,2,1.617,29.32,28.5850,26.9,1.637,30.94,3.99,-63,9.75,
2026-09-11T12:59:03,2,1.636,30.87,28.5820,26.9,1.635,30.81,3.99,-62,9.75,
2026-09-11T12:59:04,2,1.614,29.13,28.5800,26.9,1.632,30.55,4.00,-63,9.75,
2026-09-11T12:59:05,2,1.619,29.52,28.5740,26.9,1.641,31.26,3.99,-62,9.25,
2026-09-11T12:59:06,2,1.635,30.81,28.5840,26.9,1.633,30.68,3.99,-62,9.75,
2026-09-11T12:59:08,2,1.619,29.52,28.5870,26.9,1.638,31.00,3.99,-62,10.25,
2026-09-11T12:59:13,2,1.613,29.07,28.5830,26.9,1.633,30.68,4.00,-56,1.50,
2026-09-11T12:59:14,2,1.618,29.45,28.5880,26.9,1.635,30.81,3.99,-56,2.50,
2026-09-11T12:59:15,2,1.636,30.87,28.5870,26.9,1.637,30.94,3.99,-57,2.00,
2026-09-11T12:59:16,2,1.608,28.62,28.5930,26.9,1.637,30.94,3.99,-62,9.75,
2026-09-11T12:59:17,2,1.645,31.58,28.5930,26.9,1.640,31.19,3.97,-62,10.25,
2026-09-11T12:59:18,2,1.626,30.10,28.5890,26.9,1.635,30.81,3.99,-63,9.50,
2026-09-11T12:59:20,2,1.617,29.32,28.5790,26.9,1.634,30.74,3.99,-62,9.50,
2026-09-11T12:59:21,2,1.634,30.74,28.5610,26.9,1.636,30.87,3.99,-62,10.00,
2026-09-11T12:59:22,2,1.615,29.20,28.5620,26.9,1.634,30.74,4.01,-63,9.75,
2026-09-11T12:59:23,2,1.614,29.13,28.5590,26.9,1.634,30.74,3.99,-63,9.50,
2026-09-11T12:59:24,2,1.635,30.81,28.5620,26.9,1.635,30.81,3.99,-62,9.75,
2026-09-11T12:59:25,2,1.618,29.45,28.5670,26.9,1.637,30.94,3.99,-62,9.50,
2026-09-11T12:59:26,2,1.645,31.58,28.5670,26.9,1.639,31.13,3.97,-62,10.50,
2026-09-11T12:59:27,2,1.634,30.74,28.5710,26.9,1.634,30.74,3.99,-62,9.50,
2026-09-11T12:59:28,2,1.621,29.71,28.5780,26.9,1.638,31.00,3.99,-62,10.00,
2026-09-11T12:59:29,2,1.637,30.94,28.5740,26.9,1.638,31.00,3.99,-62,9.50,
2026-09-11T12:59:31,2,1.615,29.20,28.5790,26.9,1.633,30.68,4.01,-63,10.25,
2026-09-11T12:59:32,2,1.620,29.58,28.5830,26.9,1.634,30.74,3.99,-62,9.50,
2026-09-11T12:59:33,2,1.635,30.81,28.5830,26.9,1.637,30.94,3.99,-62,9.50,
2026-09-11T12:59:34,2,1.616,29.26,28.5770,26.9,1.636,30.87,4.01,-63,10.25,
2026-09-11T12:59:35,2,1.645,31.58,28.5740,26.9,1.640,31.19,3.97,-63,10.75,
2026-09-11T12:59:36,2,1.633,30.68,28.5670,26.9,1.633,30.68,4.00,-63,9.75,
2026-09-11T12:59:37,2,1.620,29.58,28.5680,26.9,1.636,30.87,3.99,-62,9.25,
2026-09-11T12:59:38,2,1.642,31.32,28.5650,26.9,1.636,30.87,3.98,-63,10.25,
2026-09-11T12:59:39,2,1.616,29.26,28.5720,26.9,1.632,30.55,4.01,-63,10.00,
2026-09-11T12:59:40,2,1.620,29.58,28.5840,26.9,1.635,30.81,3.99,-63,9.75,
2026-09-11T12:59:41,2,1.632,30.55,28.5880,26.9,1.634,30.74,4.00,-63,9.25,
2026-09-11T12:59:43,2,1.607,28.55,28.5900,26.9,1.640,31.19,4.00,-63,10.00,
2026-09-11T12:59:44,2,1.645,31.58,28.5900,26.9,1.638,31.00,3.97,-62,10.00,
2026-09-11T12:59:45,2,1.634,30.74,28.5890,26.9,1.634,30.74,3.99,-63,9.50,
2026-09-11T12:59:46,2,1.618,29.45,28.5910,26.9,1.638,31.00,3.99,-62,9.50,
2026-09-11T12:59:47,2,1.637,30.94,28.5900,26.9,1.639,31.13,3.97,-62,10.50,
2026-09-11T12:59:48,2,1.613,29.00,28.5860,26.9,1.632,30.55,4.00,-63,9.50,
2026-09-11T12:59:49,2,1.615,29.20,28.5900,26.9,1.637,30.94,3.99,-63,9.50,
2026-09-11T12:59:50,2,1.631,30.48,28.5970,26.9,1.633,30.68,3.99,-60,9.50,
2026-09-11T12:59:51,2,1.613,29.07,28.5930,26.9,1.630,30.42,4.01,-63,10.50,
2026-09-11T12:59:52,2,1.644,31.52,28.5970,26.9,1.641,31.26,3.98,-63,9.75,
2026-09-11T12:59:58,2,1.621,29.65,28.6100,26.9,1.638,31.07,3.99,-56,1.25,
2026-09-11T12:59:59,2,1.634,30.74,28.6070,26.9,1.636,30.87,3.99,-56,1.25,
2026-09-11T13:00:00,2,1.615,29.20,28.6020,26.9,1.633,30.61,4.01,-57,3.50,
2026-09-11T13:00:01,2,1.633,30.61,28.5990,26.9,1.639,31.13,3.99,-63,9.75,
2026-09-11T13:00:02,2,1.637,30.94,28.5950,26.9,1.633,30.61,3.99,-62,9.50,
2026-09-11T13:00:03,2,1.619,29.52,28.5950,26.9,1.633,30.68,3.99,-63,9.25,
2026-09-11T13:00:04,2,1.640,31.19,28.5900,26.9,1.631,30.48,3.98,-63,9.75,
2026-09-11T13:00:06,2,1.634,30.74,28.5970,26.9,1.635,30.81,4.00,-63,9.50,
2026-09-11T13:00:07,2,1.619,29.52,28.5960,26.9,1.633,30.68,4.00,-63,9.75,
2026-09-11T13:00:08,2,1.637,30.94,28.5990,26.9,1.637,30.94,3.99,-63,9.50,
2026-09-11T13:00:09,2,1.611,28.87,28.6020,26.9,1.632,30.55,4.01,-63,10.00,
2026-09-11T13:00:10,2,1.618,29.45,28.5970,26.9,1.638,31.07,3.99,-63,9.75,
2026-09-11T13:00:11,2,1.633,30.68,28.5920,26.9,1.634,30.74,3.99,-63,10.00,
2026-09-11T13:00:12,2,1.617,29.39,28.5860,26.9,1.638,31.00,3.99,-63,9.25,
2026-09-11T13:00:13,2,1.645,31.58,28.5880,26.9,1.639,31.13,3.97,-63,10.50,
2026-09-11T13:00:14,2,1.642,31.32,28.5800,26.9,1.633,30.61,3.99,-63,9.50,
2026-09-11T13:00:15,2,1.619,29.52,28.5760,26.9,1.634,30.74,3.99,-62,9.50,
2026-09-11T13:00:16,2,1.638,31.00,28.5720,26.9,1.634,30.74,3.99,-63,9.50,
2026-09-11T13:00:18,2,1.610,28.81,28.5760,26.9,1.634,30.74,4.01,-63,10.25,
2026-09-11T13:00:19,2,1.617,29.39,28.5730,26.9,1.639,31.13,3.99,-63,9.75,
2026-09-11T13:00:20,2,1.637,30.94,28.5700,26.9,1.635,30.81,3.99,-63,9.75,
2026-09-11T13:00:21,2,1.617,29.32,28.5700,26.9,1.637,30.94,3.99,-63,9.50,
2026-09-11T13:00:22,2,1.641,31.26,28.5710,26.9,1.640,31.19,3.98,-63,9.75,
2026-09-11T13:00:23,2,1.630,30.42,28.5780,26.9,1.637,30.94,3.99,-63,9.75,
2026-09-11T13:00:24,2,1.617,29.32,28.5820,26.9,1.635,30.81,3.99,-63,9.50,
2026-09-11T13:00:25,2,1.634,30.74,28.5710,26.9,1.637,30.94,3.99,-62,9.25,
2026-09-11T13:00:26,2,1.616,29.26,28.5690,26.9,1.632,30.55,4.00,-63,9.75,
2026-09-11T13:00:27,2,1.617,29.32,28.5660,26.9,1.637,30.94,3.99,-63,9.75,
2026-09-11T13:00:28,2,1.635,30.81,28.5660,26.9,1.637,30.94,3.99,-63,9.75,
2026-09-11T13:00:30,2,1.617,29.39,28.5640,26.9,1.635,30.81,3.99,-62,10.00,
2026-09-11T13:00:31,2,1.642,31.39,28.5700,26.9,1.638,31.07,3.97,-63,10.00,
2026-09-11T13:00:32,2,1.635,30.81,28.5740,26.9,1.634,30.74,3.99,-63,9.50,
2026-09-11T13:00:33,2,1.617,29.39,28.5740,26.9,1.627,30.16,3.99,-63,10.00,
2026-09-11T13:00:34,2,1.638,31.00,28.5810,26.9,1.635,30.81,3.99,-63,9.25,
2026-09-11T13:00:35,2,1.613,29.07,28.5900,26.9,1.630,30.42,4.00,-63,9.50,
2026-09-11T13:00:36,2,1.615,29.20,28.5950,26.9,1.629,30.36,3.99,-63,9.75,
2026-09-11T13:00:37,2,1.635,30.81,28.5940,26.9,1.635,30.81,3.99,-63,9.25,
2026-09-11T13:00:43,2,1.635,30.81,28.5850,26.9,1.636,30.87,3.99,-56,2.00,
2026-09-11T13:00:44,2,1.617,29.32,28.5780,26.9,1.632,30.55,4.01,-56,1.75,
2026-09-11T13:00:45,2,1.618,29.45,28.5890,26.9,1.633,30.61,3.99,-57,6.75,
2026-09-11T13:00:46,2,1.634,30.74,28.5840,26.9,1.633,30.68,3.99,-63,9.50,
2026-09-11T13:00:47,2,1.617,29.39,28.5830,26.9,1.637,30.94,3.99,-63,9.50,
2026-09-11T13:00:48,2,1.640,31.19,28.5820,26.9,1.640,31.19,3.97,-63,10.00,
2026-09-11T13:00:50,2,1.619,29.52,28.5790,26.9,1.637,30.94,3.99,-63,9.50,
2026-09-11T13:00:51,2,1.634,30.74,28.5800,26.9,1.634,30.74,3.99,-62,9.50,
2026-09-11T13:00:53,2,1.616,29.26,28.5760,26.9,1.631,30.48,4.00,-63,10.25,
2026-09-11T13:00:54,2,1.618,29.45,28.5780,26.9,1.635,30.81,3.99,-62,9.50,
2026-09-11T13:00:55,2,1.634,30.74,28.5700,26.9,1.634,30.74,3.99,-62,9.75,
2026-09-11T13:00:56,2,1.617,29.39,28.5740,26.9,1.638,31.00,3.99,-62,9.50,
2026-09-11T13:00:57,2,1.643,31.45,28.5720,26.9,1.638,31.07,3.97,-63,10.25,
2026-09-11T13:00:58,2,1.630,30.42,28.5610,26.9,1.636,30.87,3.99,-62,9.75,
2026-09-11T13:00:59,2,1.617,29.32,28.5630,26.9,1.637,30.94,3.99,-63,9.50,
2026-09-11T13:01:00,2,1.635,30.81,28.5670,26.9,1.638,31.00,3.99,-63,9.50,
2026-09-11T13:01:01,2,1.616,29.26,28.5770,26.9,1.633,30.61,4.00,-63,9.50,
2026-09-11T13:01:02,2,1.617,29.39,28.5810,26.9,1.635,30.81,3.99,-62,9.75,
2026-09-11T13:01:03,2,1.634,30.74,28.5810,26.9,1.635,30.81,3.99,-62,9.50,
2026-09-11T13:01:05,2,1.617,29.39,28.5810,26.9,1.636,30.87,3.99,-62,9.75,
2026-09-11T13:01:06,2,1.644,31.52,28.5760,26.9,1.641,31.26,3.97,-63,10.50,
2026-09-11T13:01:07,2,1.635,30.81,28.5810,26.9,1.636,30.87,4.00,-63,10.25,
2026-09-11T13:01:08,2,1.617,29.32,28.5820,26.9,1.636,30.87,3.99,-62,10.00,
2026-09-11T13:01:09,2,1.633,30.68,28.5780,26.9,1.635,30.81,3.99,-62,9.75,
2026-09-11T13:01:10,2,1.615,29.20,28.5820,26.9,1.633,30.61,4.00,-63,9.75,
2026-09-11T13:01:11,2,1.617,29.32,28.5910,26.9,1.637,30.94,4.00,-63,9.50,
2026-09-11T13:01:12,2,1.633,30.68,28.5980,26.9,1.636,30.87,3.99,-62,9.50,
2026-09-11T13:01:13,2,1.620,29.58,28.5970,26.9,1.636,30.87,3.99,-63,9.75,
2026-09-11T13:01:14,2,1.644,31.52,28.5970,26.9,1.638,31.00,3.97,-62,10.00,
2026-09-11T13:01:15,2,1.635,30.81,28.5940,26.9,1.627,30.16,3.99,-63,9.50,
2026-09-11T13:01:17,2,1.618,29.45,28.5940,26.9,1.634,30.74,3.99,-62,9.75,
2026-09-11T13:01:18,2,1.635,30.81,28.6070,26.9,1.638,31.00,4.00,-63,9.75,
2026-09-11T13:01:19,2,1.615,29.20,28.6020,26.9,1.632,30.55,4.00,-63,9.50,
2026-09-11T13:01:20,2,1.617,29.39,28.6080,26.9,1.635,30.81,3.99,-63,9.50,
2026-09-11T13:01:21,2,1.633,30.61,28.6050,26.9,1.633,30.68,3.99,-62,9.75,
2026-09-11T13:01:26,2,1.637,30.94,28.5950,26.9,1.635,30.81,3.99,-56,1.25,
2026-09-11T13:01:27,2,1.608,28.68,28.5960,26.9,1.630,30.42,4.01,-56,1.50,
2026-09-11T13:01:29,2,1.616,29.26,28.5910,26.9,1.637,30.94,3.99,-56,1.75,
2026-09-11T13:01:30,2,1.638,31.00,28.5870,26.9,1.638,31.07,3.99,-63,9.75,
2026-09-11T13:01:31,2,1.618,29.45,28.5830,26.9,1.638,31.00,3.99,-63,9.75,
2026-09-11T13:01:32,2,1.643,31.45,28.5790,26.9,1.640,31.19,3.97,-62,10.25,
2026-09-11T13:01:33,2,1.633,30.68,28.5750,26.9,1.637,30.94,3.99,-63,9.50,
2026-09-11T13:01:34,2,1.617,29.39,28.5790,26.9,1.636,30.87,3.99,-62,9.75,
2026-09-11T13:01:35,2,1.638,31.07,28.5800,26.9,1.637,30.94,3.99,-63,9.50,
2026-09-11T13:01:36,2,1.616,29.26,28.5750,26.9,1.631,30.48,4.00,-63,9.50,
2026-09-11T13:01:37,2,1.617,29.39,28.5690,26.9,1.625,30.03,3.99,-62,9.25,
2026-09-11T13:01:38,2,1.637,30.94,28.5640,26.9,1.636,30.87,3.99,-62,9.75,
2026-09-11T13:01:40,2,1.617,29.39,28.5700,26.9,1.634,30.74,3.99,-63,9.25,
2026-09-11T13:01:41,2,1.644,31.52,28.5680,26.9,1.638,31.07,3.97,-62,10.00,
2026-09-11T13:01:42,2,1.622,29.78,28.5840,26.9,1.635,30.81,3.99,-63,9.25,
2026-09-11T13:01:43,2,1.618,29.45,28.5800,26.9,1.638,31.00,3.99,-63,10.50,
2026-09-11T13:01:44,2,1.638,31.07,28.5820,26.9,1.633,30.68,3.99,-62,9.25,
2026-09-11T13:01:45,2,1.613,29.00,28.5800,26.9,1.632,30.55,4.01,-63,10.00,
2026-09-11T13:01:46,2,1.619,29.52,28.5830,26.9,1.636,30.87,3.99,-62,10.00,
2026-09-11T13:01:47,2,1.638,31.00,28.5790,26.9,1.638,31.00,3.99,-62,9.50,
2026-09-11T13:01:48,2,1.620,29.58,28.5880,26.9,1.640,31.19,3.99,-62,9.75,
2026-09-11T13:01:49,2,1.638,31.00,28.5880,26.9,1.639,31.13,3.99,-62,10.00,
2026-09-11T13:01:50,2,1.633,30.68,28.5860,26.9,1.636,30.87,3.99,-62,9.75,
2026-09-11T13:01:52,2,1.618,29.45,28.5770,26.9,1.638,31.00,3.99,-63,9.50,
2026-09-11T13:01:53,2,1.636,30.87,28.5810,26.9,1.637,30.94,3.99,-63,10.00,
2026-09-11T13:01:54,2,1.635,30.81,28.5800,26.9,1.633,30.68,3.99,-62,9.50,
2026-09-11T13:01:55,2,1.618,29.45,28.5840,26.9,1.637,30.94,3.99,-63,9.50,
2026-09-11T13:01:56,2,1.636,30.87,28.5900,26.9,1.635,30.81,3.98,-63,10.00,
2026-09-11T13:01:57,2,1.617,29.39,28.6030,26.9,1.636,30.87,4.00,-63,9.75,
2026-09-11T13:01:58,2,1.619,29.52,28.6100,26.9,1.637,30.94,3.99,-63,9.50,
2026-09-11T13:01:59,2,1.633,30.61,28.6070,26.9,1.634,30.74,3.99,-63,9.75,
2026-09-11T13:02:00,2,1.616,29.26,28.6100,26.9,1.637,30.94,3.99,-63,9.75,
2026-09-11T13:02:01,2,1.641,31.26,28.6060,26.9,1.638,31.00,3.97,-62,10.00,
2026-09-11T13:02:02,2,1.635,30.81,28.6010,26.9,1.638,31.00,3.98,-63,9.75,
2026-09-11T13:02:04,2,1.617,29.32,28.6050,26.9,1.641,31.26,3.99,-63,9.75,
2026-09-11T13:02:05,2,1.638,31.07,28.6110,26.9,1.638,31.00,3.99,-63,9.50,
2026-09-11T13:02:06,2,1.617,29.39,28.6040,26.9,1.636,30.87,4.00,-63,9.75,
2026-09-11T13:02:11,2,1.625,30.03,28.6020,26.9,1.632,30.55,3.99,-56,1.25,
2026-09-11T13:02:12,2,1.616,29.26,28.6040,26.9,1.635,30.81,3.99,-56,1.25,
2026-09-11T13:02:13,2,1.638,31.00,28.6060,26.9,1.636,30.87,3.99,-56,3.25,
2026-09-11T13:02:15,2,1.616,29.26,28.6090,26.9,1.636,30.87,4.00,-63,9.75,
2026-09-11T13:02:16,2,1.617,29.32,28.6010,26.9,1.634,30.74,3.99,-62,9.50,
2026-09-11T13:02:17,2,1.636,30.87,28.5890,26.9,1.646,31.65,3.99,-63,9.50,
2026-09-11T13:02:18,2,1.617,29.39,28.5850,26.9,1.639,31.13,3.99,-62,9.50,
2026-09-11T13:02:19,2,1.642,31.39,28.5890,26.9,1.640,31.19,3.96,-62,10.00,
2026-09-11T13:02:20,2,1.636,30.87,28.5870,26.9,1.636,30.87,3.99,-62,9.75,
2026-09-11T13:02:21,2,1.617,29.32,28.5810,26.9,1.635,30.81,3.99,-62,9.25,
2026-09-11T13:02:22,2,1.638,31.07,28.5770,26.9,1.635,30.81,3.99,-62,9.25,
2026-09-11T13:02:23,2,1.615,29.20,28.5780,26.9,1.635,30.81,4.00,-63,9.50,
2026-09-11T13:02:24,2,1.617,29.39,28.5850,26.9,1.635,30.81,3.99,-63,10.00,
2026-09-11T13:02:25,2,1.635,30.81,28.5910,26.9,1.635,30.81,3.99,-63,12.00,
2026-09-11T13:02:27,2,1.617,29.32,28.5890,26.9,1.637,30.94,3.99,-63,9.25,
2026-09-11T13:02:28,2,1.645,31.58,28.5880,26.9,1.641,31.26,3.97,-63,10.25,
2026-09-11T13:02:29,2,1.633,30.61,28.5840,26.9,1.636,30.87,3.99,-62,9.50,
2026-09-11T13:02:30,2,1.618,29.45,28.5900,26.9,1.636,30.87,3.99,-62,9.75,
2026-09-11T13:02:31,2,1.636,30.87,28.5890,26.9,1.634,30.74,3.99,-62,10.00,
2026-09-11T13:02:32,2,1.611,28.87,28.5860,26.9,1.632,30.55,4.01,-63,10.00,
2026-09-11T13:02:33,2,1.617,29.39,28.5870,26.9,1.638,31.00,3.99,-62,9.75,
2026-09-11T13:02:34,2,1.633,30.68,28.5820,26.9,1.635,30.81,3.99,-62,9.75,
2026-09-11T13:02:35,2,1.617,29.32,28.5810,26.9,1.635,30.81,3.98,-62,10.00,
2026-09-11T13:02:36,2,1.644,31.52,28.5840,26.9,1.637,30.94,3.97,-63,10.50,
2026-09-11T13:02:37,2,1.635,30.81,28.5820,26.9,1.642,31.39,3.99,-62,9.75,
2026-09-11T13:02:39,2,1.621,29.65,28.5820,26.9,1.636,30.87,3.99,-63,10.00,
2026-09-11T13:02:40,2,1.638,31.07,28.5790,26.9,1.633,30.68,3.99,-63,9.50,
2026-09-11T13:02:41,2,1.613,29.07,28.5810,26.9,1.632,30.55,4.00,-63,9.75,
2026-09-11T13:02:42,2,1.617,29.32,28.5830,26.9,1.634,30.74,3.99,-62,9.25,
2026-09-11T13:02:43,2,1.636,30.87,28.5820,26.9,1.637,30.94,3.99,-63,9.50,
2026-09-11T13:02:44,2,1.617,29.32,28.5710,26.9,1.638,31.07,3.99,-63,9.75,
2026-09-11T13:02:45,2,1.642,31.32,28.5650,26.9,1.639,31.13,3.97,-62,10.25,
2026-09-11T13:02:46,2,1.634,30.74,28.5720,26.9,1.633,30.68,3.99,-62,9.25,
2026-09-11T13:02:47,2,1.617,29.39,28.5770,26.9,1.636,30.87,3.98,-62,9.75,
2026-09-11T13:02:48,2,1.638,31.07,28.5770,26.9,1.636,30.87,3.99,-63,9.75,
2026-09-11T13:02:49,2,1.614,29.13,28.5800,26.9,1.632,30.55,4.00,-63,10.00,
2026-09-11T13:02:51,2,1.617,29.32,28.5760,26.9,1.638,31.00,3.99,-63,9.50,
2026-09-11T13:02:56,2,1.617,29.32,28.5840,26.9,1.634,30.74,3.99,-56,1.25,
2026-09-11T13:02:57,2,1.641,31.26,28.5870,26.9,1.634,30.74,3.99,-55,1.50,
2026-09-11T13:02:58,2,1.614,29.13,28.5730,26.9,1.634,30.74,4.01,-58,6.00,
2026-09-11T13:02:59,2,1.617,29.32,28.5680,26.9,1.636,30.87,3.99,-62,9.75,
2026-09-11T13:03:00,2,1.637,30.94,28.5720,26.9,1.636,30.87,3.99,-62,9.75,
2026-09-11T13:03:02,2,1.622,29.78,28.5760,26.9,1.638,31.00,3.99,-63,9.50,
2026-09-11T13:03:03,2,1.643,31.45,28.5670,26.9,1.638,31.00,3.98,-63,10.00,
2026-09-11T13:03:04,2,1.634,30.74,28.5680,26.9,1.634,30.74,3.99,-63,9.75,
2026-09-11T13:03:05,2,1.613,29.07,28.5690,26.9,1.634,30.74,3.99,-62,9.75,
2026-09-11T13:03:06,2,1.638,31.00,28.5640,26.9,1.635,30.81,3.99,-63,9.50,
2026-09-11T13:03:07,2,1.614,29.13,28.5540,26.9,1.630,30.42,4.00,-63,9.50,
2026-09-11T13:03:08,2,1.618,29.45,28.5610,26.9,1.637,30.94,3.99,-63,9.75,
2026-09-11T13:03:09,2,1.635,30.81,28.5510,26.9,1.634,30.74,3.99,-63,10.00,
2026-09-11T13:03:10,2,1.617,29.39,28.5490,26.9,1.636,30.87,3.99,-63,9.75,
2026-09-11T13:03:11,2,1.614,29.13,28.5550,26.9,1.638,31.00,3.99,-63,9.50,
2026-09-11T13:03:12,2,1.634,30.74,28.5670,26.9,1.634,30.74,3.99,-62,9.50,
2026-09-11T13:03:14,2,1.617,29.32,28.5620,26.9,1.636,30.87,3.99,-62,9.75,
2026-09-11T13:03:15,2,1.638,31.07,28.5510,26.9,1.629,30.36,3.99,-62,9.75,
2026-09-11T13:03:16,2,1.635,30.81,28.5550,26.9,1.633,30.61,3.99,-63,9.75,
2026-09-11T13:03:17,2,1.617,29.39,28.5470,26.9,1.635,30.81,3.99,-62,9.50,
2026-09-11T13:03:18,2,1.636,30.87,28.5630,26.9,1.638,31.00,3.99,-63,9.50,
2026-09-11T13:03:19,2,1.620,29.58,28.5610,26.9,1.637,30.94,3.99,-62,9.50,
2026-09-11T13:03:20,2,1.616,29.26,28.5610,26.9,1.638,31.00,3.99,-63,9.75,
2026-09-11T13:03:21,2,1.632,30.55,28.5570,26.9,1.637,30.94,3.99,-63,9.25,
2026-09-11T13:03:22,2,1.617,29.39,28.5650,26.9,1.635,30.81,3.99,-62,10.00,
2026-09-11T13:03:23,2,1.638,31.07,28.5720,26.9,1.630,30.42,3.99,-62,9.75,
2026-09-11T13:03:24,2,1.633,30.68,28.5700,26.9,1.633,30.68,3.99,-63,9.50,
2026-09-11T13:03:26,2,1.616,29.26,28.5730,26.9,1.636,30.87,3.99,-63,10.00,
2026-09-11T13:03:27,2,1.633,30.68,28.5810,26.9,1.635,30.81,3.99,-63,9.75,
2026-09-11T13:03:28,2,1.619,29.52,28.5740,26.9,1.638,31.00,3.99,-63,9.50,
2026-09-11T13:03:29,2,1.618,29.45,28.5850,26.9,1.639,31.13,3.99,-63,9.75,
2026-09-11T13:03:30,2,1.635,30.81,28.5840,26.9,1.636,30.87,3.99,-63,10.00,
2026-09-11T13:03:31,2,1.616,29.26,28.5840,26.9,1.638,31.00,3.99,-63,9.50,
2026-09-11T13:03:32,2,1.630,30.42,28.5650,26.9,1.638,31.07,3.99,-62,9.75,
2026-09-11T13:03:33,2,1.635,30.81,28.5660,26.9,1.638,31.07,3.99,-62,9.00,
2026-09-11T13:03:34,2,1.616,29.26,28.5760,26.9,1.636,30.87,3.99,-62,9.75,
2026-09-11T13:03:40,2,1.621,29.65,28.5770,26.9,1.636,30.87,3.99,-56,1.50,
2026-09-11T13:03:41,2,1.638,31.07,28.5830,26.9,1.637,30.94,3.99,-56,1.50,
2026-09-11T13:03:42,2,1.635,30.81,28.5860,26.9,1.635,30.81,3.99,-56,1.75,
2026-09-11T13:03:43,2,1.617,29.32,28.5860,26.9,1.637,30.94,3.99,-63,9.75,
2026-09-11T13:03:44,2,1.636,30.87,28.5870,26.9,1.639,31.13,3.99,-62,9.50,
2026-09-11T13:03:45,2,1.620,29.58,28.5800,26.9,1.634,30.74,3.99,-62,9.50,
2026-09-11T13:03:46,2,1.617,29.32,28.5740,26.9,1.637,30.94,3.99,-63,9.75,
2026-09-11T13:03:47,2,1.635,30.81,28.5760,26.9,1.636,30.87,3.99,-62,9.75,
2026-09-11T13:03:49,2,1.617,29.39,28.5750,26.9,1.634,30.74,3.99,-63,9.75,
2026-09-11T13:03:50,2,1.641,31.26,28.5810,26.9,1.638,31.00,3.98,-62,10.00,
2026-09-11T13:03:51,2,1.633,30.61,28.5730,26.9,1.636,30.87,3.99,-63,9.75,
2026-09-11T13:03:52,2,1.621,29.71,28.5830,26.9,1.647,31.77,3.99,-63,10.00,
2026-09-11T13:03:53,2,1.636,30.87,28.5860,26.9,1.637,30.94,3.99,-62,9.25,
2026-09-11T13:03:54,2,1.620,29.58,28.5740,26.9,1.632,30.55,3.98,-63,9.75,
2026-09-11T13:03:55,2,1.618,29.45,28.5790,26.9,1.634,30.74,3.99,-62,9.50,
2026-09-11T13:03:56,2,1.633,30.68,28.5830,26.9,1.633,30.61,3.99,-62,9.50,
2026-09-11T13:03:57,2,1.617,29.32,28.5840,26.9,1.637,30.94,3.98,-62,9.50,
2026-09-11T13:03:58,2,1.642,31.39,28.5910,26.9,1.636,30.87,3.99,-63,9.50,
2026-09-11T13:03:59,2,1.633,30.61,28.5840,26.9,1.628,30.23,3.99,-63,9.75,
2026-09-11T13:04:01,2,1.618,29.45,28.5790,26.9,1.637,30.94,3.99,-63,10.00,
2026-09-11T13:04:02,2,1.635,30.81,28.5750,26.9,1.636,30.87,3.99,-62,9.75,
2026-09-11T13:04:03,2,1.616,29.26,28.5720,26.9,1.636,30.87,4.00,-63,9.75,
2026-09-11T13:04:04,2,1.616,29.26,28.5720,26.9,1.638,31.07,3.99,-63,9.50,
2026-09-11T13:04:05,2,1.637,30.94,28.5710,26.9,1.635,30.81,3.99,-62,10.75,
2026-09-11T13:04:06,2,1.619,29.52,28.5750,26.9,1.637,30.94,3.99,-63,9.75,
2026-09-11T13:04:07,2,1.644,31.52,28.5740,26.9,1.641,31.26,3.97,-63,10.25,
2026-09-11T13:04:08,2,1.637,30.94,28.5790,26.9,1.634,30.74,3.99,-63,9.75,
2026-09-11T13:04:09,2,1.618,29.45,28.5760,26.9,1.638,31.07,3.99,-63,9.75,
2026-09-11T13:04:10,2,1.638,31.00,28.5840,26.9,1.634,30.74,3.99,-62,9.75,
2026-09-11T13:04:11,2,1.614,29.13,28.5920,26.9,1.633,30.68,4.01,-63,9.75,
2026-09-11T13:04:13,2,1.617,29.39,28.5890,26.9,1.629,30.29,3.99,-63,9.75,
2026-09-11T13:04:14,2,1.638,31.07,28.5880,26.9,1.638,31.07,3.99,-62,9.50,
2026-09-11T13:04:15,2,1.619,29.52,28.5880,26.9,1.636,30.87,3.99,-62,9.25,
2026-09-11T13:04:16,2,1.643,31.45,28.5820,26.9,1.639,31.13,3.97,-63,10.00,
2026-09-11T13:04:17,2,1.634,30.74,28.5860,26.9,1.636,30.87,3.99,-62,9.75,
2026-09-11T13:04:18,2,1.621,29.65,28.5890,26.9,1.635,30.81,3.98,-63,10.00,
2026-09-11T13:04:19,2,1.638,31.07,28.5870,26.9,1.634,30.74,3.99,-62,9.50,
2026-09-11T13:04:25,2,1.642,31.39,28.5860,26.9,1.638,31.07,3.97,-56,1.50,
2026-09-11T13:04:26,2,1.636,30.87,28.5870,26.9,1.634,30.74,3.99,-56,1.25,
2026-09-11T13:04:27,2,1.617,29.39,28.5890,26.9,1.637,30.94,3.99,-57,2.75,
2026-09-11T13:04:28,2,1.641,31.26,28.5830,26.9,1.643,31.45,3.98,-63,10.00,
2026-09-11T13:04:29,2,1.613,29.07,28.5820,26.9,1.632,30.55,4.00,-63,9.50,
2026-09-11T13:04:30,2,1.617,29.39,28.5840,26.9,1.635,30.81,3.99,-63,9.75,
2026-09-11T13:04:31,2,1.643,31.45,28.5810,26.9,1.634,30.74,3.99,-62,9.75,
2026-09-11T13:04:32,2,1.619,29.52,28.5820,26.9,1.637,30.94,3.99,-63,9.75,
2026-09-11T13:04:33,2,1.621,29.65,28.5860,26.9,1.637,30.94,3.99,-63,9.50,
2026-09-11T13:04:34,2,1.633,30.61,28.5870,26.9,1.633,30.68,3.99,-62,9.50,
2026-09-11T13:04:36,2,1.617,29.32,28.5880,26.9,1.644,31.52,3.99,-63,9.75,
2026-09-11T13:04:37,2,1.638,31.07,28.5890,26.9,1.636,30.87,3.99,-63,10.00,
2026-09-11T13:04:38,2,1.625,30.03,28.5780,26.9,1.635,30.81,3.99,-63,10.00,
2026-09-11T13:04:39,2,1.618,29.45,28.5870,26.9,1.637,30.94,3.99,-62,9.25,
2026-09-11T13:04:40,2,1.634,30.74,28.5890,26.9,1.634,30.74,4.00,-63,9.50,
2026-09-11T13:04:41,2,1.617,29.39,28.5880,26.9,1.638,31.00,3.98,-63,10.25,
2026-09-11T13:04:42,2,1.617,29.32,28.5820,26.9,1.635,30.81,3.99,-62,9.50,
2026-09-11T13:04:43,2,1.634,30.74,28.5800,26.9,1.634,30.74,3.99,-63,9.75,
2026-09-11T13:04:44,2,1.611,28.87,28.5830,26.9,1.636,30.87,3.99,-62,9.75,
2026-09-11T13:04:45,2,1.637,30.94,28.5840,26.9,1.633,30.68,3.99,-62,10.00,
2026-09-11T13:04:46,2,1.635,30.81,28.5830,26.9,1.634,30.74,3.99,-62,9.50,
2026-09-11T13:04:48,2,1.617,29.32,28.5820,26.9,1.641,31.26,3.99,-62,9.75,
2026-09-11T13:04:49,2,1.638,31.07,28.5750,26.9,1.637,30.94,3.99,-63,9.50,
2026-09-11T13:04:50,2,1.617,29.39,28.5720,26.9,1.636,30.87,3.99,-62,9.75,
2026-09-11T13:04:51,2,1.619,29.52,28.5710,26.9,1.635,30.81,3.99,-62,9.75,
2026-09-11T13:04:52,2,1.635,30.81,28.5740,26.9,1.635,30.81,3.99,-62,9.75,
2026-09-11T13:04:53,2,1.616,29.26,28.5720,26.9,1.636,30.87,3.99,-62,9.50,
2026-09-11T13:04:54,2,1.636,30.87,28.5700,26.9,1.636,30.87,3.98,-62,10.00,
2026-09-11T13:04:55,2,1.634,30.74,28.5610,26.9,1.637,30.94,3.99,-62,9.50,
2026-09-11T13:04:56,2,1.617,29.32,28.5550,26.9,1.636,30.87,3.99,-62,9.75,
2026-09-11T13:04:57,2,1.637,30.94,28.5610,26.9,1.634,30.74,3.99,-62,9.75,
2026-09-11T13:04:58,2,1.619,29.52,28.5610,26.9,1.636,30.87,3.99,-63,9.75,
2026-09-11T13:05:00,2,1.615,29.20,28.5560,26.9,1.640,31.19,3.99,-62,9.75,
2026-09-11T13:05:01,2,1.633,30.61,28.5540,26.9,1.636,30.87,3.99,-62,9.75,
2026-09-11T13:05:02,2,1.619,29.52,28.5540,26.9,1.635,30.81,3.99,-62,9.75,
2026-09-11T13:05:03,2,1.640,31.19,28.5600,26.9,1.637,30.94,3.99,-62,9.50,
2026-09-11T13:05:04,2,1.635,30.81,28.5590,26.9,1.627,30.16,3.99,-62,9.50,
2026-09-11T13:05:08,2,1.617,29.39,28.5710,26.9,1.634,30.74,3.99,-56,1.25,
2026-09-11T13:05:09,2,1.635,30.81,28.5730,26.9,1.633,30.68,3.99,-55,1.25,
2026-09-11T13:05:11,2,1.618,29.45,28.5730,26.9,1.649,31.90,3.98,-56,1.50,
2026-09-11T13:05:12,2,1.639,31.13,28.5680,26.9,1.635,30.81,3.99,-56,5.25,
2026-09-11T13:05:13,2,1.634,30.74,28.5720,26.9,1.633,30.68,3.99,-62,9.50,
2026-09-11T13:05:14,2,1.618,29.45,28.5680,26.9,1.636,30.87,3.99,-62,10.00,
2026-09-11T13:05:15,2,1.634,30.74,28.5720,26.9,1.634,30.74,3.99,-62,9.75,
2026-09-11T13:05:16,2,1.619,29.52,28.5720,26.9,1.629,30.29,3.99,-63,9.50,
2026-09-11T13:05:17,2,1.617,29.32,28.5710,26.9,1.635,30.81,3.99,-62,9.50,
2026-09-11T13:05:18,2,1.633,30.68,28.5780,26.9,1.634,30.74,3.99,-63,9.50,
2026-09-11T13:05:19,2,1.617,29.39,28.5780,26.9,1.635,30.81,3.98,-62,10.00,
2026-09-11T13:05:21,2,1.633,30.68,28.5810,26.9,1.635,30.81,3.99,-62,9.75,
2026-09-11T13:05:23,2,1.619,29.52,28.5870,26.9,1.634,30.74,3.99,-62,10.00,
2026-09-11T13:05:24,2,1.636,30.87,28.5750,26.9,1.637,30.94,3.99,-63,9.75,
2026-09-11T13:05:25,2,1.620,29.58,28.5740,26.9,1.639,31.13,3.99,-62,9.75,
2026-09-11T13:05:26,2,1.618,29.45,28.5700,26.9,1.637,30.94,3.99,-62,9.50,
2026-09-11T13:05:27,2,1.633,30.68,28.5640,26.9,1.634,30.74,3.99,-62,10.00,
2026-09-11T13:05:28,2,1.615,29.20,28.5630,26.9,1.636,30.87,3.99,-62,9.50,
2026-09-11T13:05:29,2,1.638,31.07,28.5660,26.9,1.638,31.07,3.98,-63,9.75,
2026-09-11T13:05:30,2,1.633,30.68,28.5710,26.9,1.634,30.74,3.99,-63,9.50,
2026-09-11T13:05:31,2,1.617,29.32,28.5730,26.9,1.633,30.68,3.99,-62,9.50,
2026-09-11T13:05:32,2,1.638,31.00,28.5610,26.9,1.636,30.87,3.99,-63,9.75,
2026-09-11T13:05:33,2,1.615,29.20,28.5650,26.9,1.634,30.74,4.00,-63,9.75,
2026-09-11T13:05:35,2,1.619,29.52,28.5720,26.9,1.635,30.81,3.99,-62,10.25,
2026-09-11T13:05:36,2,1.634,30.74,28.5750,26.9,1.633,30.61,3.99,-62,9.25,
2026-09-11T13:05:37,2,1.610,28.81,28.5710,26.9,1.632,30.55,3.99,-62,9.50,
2026-09-11T13:05:38,2,1.639,31.13,28.5670,26.9,1.635,30.81,3.97,-62,10.50,
2026-09-11T13:05:39,2,1.635,30.81,28.5700,26.9,1.635,30.81,3.99,-62,9.50,
2026-09-11T13:05:40,2,1.618,29.45,28.5700,26.9,1.636,30.87,3.99,-62,9.75,
2026-09-11T13:05:41,2,1.633,30.61,28.5700,26.9,1.638,31.00,3.99,-63,9.50,
2026-09-11T13:05:42,2,1.613,29.07,28.5650,26.9,1.631,30.48,4.00,-63,9.75,
2026-09-11T13:05:43,2,1.618,29.45,28.5610,26.9,1.635,30.81,3.99,-62,9.75,
2026-09-11T13:05:44,2,1.633,30.68,28.5670,26.9,1.633,30.61,3.99,-62,9.50,
2026-09-11T13:05:45,2,1.625,29.97,28.5680,26.9,1.635,30.81,3.99,-62,9.75,
2026-09-11T13:05:47,2,1.642,31.39,28.5730,26.9,1.638,31.07,3.97,-62,10.25,
2026-09-11T13:05:48,2,1.634,30.74,28.5730,26.9,1.635,30.81,3.99,-62,9.50,
2026-09-11T13:05:53,2,1.637,30.94,28.5770,26.9,1.636,30.87,3.99,-56,1.50,
2026-09-11T13:05:54,2,1.619,29.52,28.5790,26.9,1.634,30.74,3.99,-56,1.25,
2026-09-11T13:05:55,2,1.642,31.39,28.5810,26.9,1.640,31.19,3.97,-56,1.75,
2026-09-11T13:05:56,2,1.637,30.94,28.5750,26.9,1.646,31.71,3.99,-62,9.75,
2026-09-11T13:05:58,2,1.617,29.39,28.5760,26.9,1.634,30.74,3.99,-63,11.25,
2026-09-11T13:05:59,2,1.630,30.42,28.5750,26.9,1.635,30.81,3.99,-63,9.50,
2026-09-11T13:06:00,2,1.614,29.13,28.5730,26.9,1.633,30.61,4.00,-63,9.75,
2026-09-11T13:06:01,2,1.618,29.45,28.5730,26.9,1.637,30.94,3.98,-63,9.75,
2026-09-11T13:06:02,2,1.638,31.00,28.5770,26.9,1.635,30.81,3.99,-62,10.00,
2026-09-11T13:06:03,2,1.617,29.32,28.5800,26.9,1.638,31.07,3.99,-62,9.50,
2026-09-11T13:06:04,2,1.642,31.32,28.5830,26.9,1.640,31.19,3.97,-63,10.25,
2026-09-11T13:06:05,2,1.634,30.74,28.5890,26.9,1.634,30.74,3.99,-63,9.50,
2026-09-11T13:06:06,2,1.619,29.52,28.5790,26.9,1.634,30.74,3.99,-62,10.00,
2026-09-11T13:06:07,2,1.637,30.94,28.5800,26.9,1.633,30.68,3.99,-62,9.50,
2026-09-11T13:06:08,2,1.615,29.20,28.5810,26.9,1.636,30.87,4.00,-63,9.75,
2026-09-11T13:06:10,2,1.617,29.32,28.5740,26.9,1.635,30.81,3.99,-63,10.00,
2026-09-11T13:06:11,2,1.636,30.87,28.5660,26.9,1.633,30.68,3.99,-62,9.50,
2026-09-11T13:06:12,2,1.620,29.58,28.5610,26.9,1.634,30.74,3.99,-62,9.75,
2026-09-11T13:06:13,2,1.642,31.39,28.5520,26.9,1.638,31.07,3.97,-63,10.00,
2026-09-11T13:06:14,2,1.632,30.55,28.5490,26.9,1.633,30.68,3.99,-62,9.25,
2026-09-11T13:06:15,2,1.618,29.45,28.5430,26.9,1.638,31.00,3.98,-62,9.75,
2026-09-11T13:06:16,2,1.638,31.07,28.5440,26.9,1.635,30.81,3.99,-63,9.50,
2026-09-11T13:06:17,2,1.613,29.07,28.5480,26.9,1.631,30.48,4.00,-63,9.75,
2026-09-11T13:06:18,2,1.617,29.32,28.5510,26.9,1.636,30.87,3.99,-62,9.50,
2026-09-11T13:06:19,2,1.634,30.74,28.5570,26.9,1.639,31.13,3.99,-63,10.25,
2026-09-11T13:06:20,2,1.618,29.45,28.5590,26.9,1.636,30.87,3.99,-63,9.50,
2026-09-11T13:06:22,2,1.638,31.07,28.5570,26.9,1.639,31.13,3.97,-63,10.50,
2026-09-11T13:06:23,2,1.636,30.87,28.5590,26.9,1.637,30.94,3.99,-63,9.75,
2026-09-11T13:06:24,2,1.617,29.39,28.5620,26.9,1.636,30.87,3.99,-62,9.75,
2026-09-11T13:06:25,2,1.637,30.94,28.5510,26.9,1.638,31.00,3.99,-63,9.50,
2026-09-11T13:06:26,2,1.616,29.26,28.5600,26.9,1.630,30.42,4.00,-63,9.50,
2026-09-11T13:06:27,2,1.617,29.39,28.5660,26.9,1.634,30.74,3.99,-62,9.75,
2026-09-11T13:06:28,2,1.636,30.87,28.5710,26.9,1.635,30.81,3.98,-62,10.25,
2026-09-11T13:06:29,2,1.617,29.32,28.5800,26.9,1.639,31.13,3.99,-63,9.25,
2026-09-11T13:06:30,2,1.642,31.32,28.5760,26.9,1.633,30.61,3.97,-62,10.25,
2026-09-11T13:06:31,2,1.633,30.68,28.5850,26.9,1.636,30.87,3.99,-63,9.75,
2026-09-11T13:06:33,2,1.614,29.13,28.5820,26.9,1.638,31.00,3.99,-62,9.50,
2026-09-11T13:06:38,2,1.621,29.65,28.5910,26.9,1.634,30.74,3.99,-56,1.50,
2026-09-11T13:06:39,2,1.637,30.94,28.5840,26.9,1.638,31.07,3.97,-56,1.75,
2026-09-11T13:06:40,2,1.633,30.61,28.5850,26.9,1.635,30.81,3.99,-56,2.50,
2026-09-11T13:06:41,2,1.617,29.39,28.5840,26.9,1.636,30.87,3.99,-62,10.50,
2026-09-11T13:06:42,2,1.638,31.07,28.5850,26.9,1.636,30.87,3.99,-63,9.50,
2026-09-11T13:06:43,2,1.613,29.07,28.5820,26.9,1.632,30.55,4.00,-63,9.75,
2026-09-11T13:06:45,2,1.622,29.78,28.5820,26.9,1.635,30.81,3.99,-63,9.50,
2026-09-11T13:06:46,2,1.635,30.81,28.5930,26.9,1.634,30.74,3.99,-63,9.50,
2026-09-11T13:06:47,2,1.617,29.32,28.5820,26.9,1.637,30.94,3.98,-63,10.00,
2026-09-11T13:06:48,2,1.645,31.58,28.5760,26.9,1.638,31.07,3.97,-62,10.25,
2026-09-11T13:06:49,2,1.640,31.19,28.5790,26.9,1.635,30.81,3.99,-62,10.75,
2026-09-11T13:06:50,2,1.617,29.39,28.5790,26.9,1.641,31.26,3.99,-62,10.00,
2026-09-11T13:06:51,2,1.637,30.94,28.5720,26.9,1.638,31.07,3.99,-62,9.75,
2026-09-11T13:06:52,2,1.614,29.13,28.5770,26.9,1.629,30.36,4.00,-63,9.75,
2026-09-11T13:06:53,2,1.619,29.52,28.5810,26.9,1.639,31.13,3.99,-62,9.75,
2026-09-11T13:06:54,2,1.637,30.94,28.5840,26.9,1.637,30.94,3.99,-62,9.75,
2026-09-11T13:06:55,2,1.615,29.20,28.5840,26.9,1.637,30.94,3.99,-62,9.50,
2026-09-11T13:06:57,2,1.643,31.45,28.5760,26.9,1.640,31.19,3.97,-63,10.25,
2026-09-11T13:06:58,2,1.633,30.68,28.5790,26.9,1.638,31.07,3.99,-63,9.50,
2026-09-11T13:06:59,2,1.617,29.39,28.5840,26.9,1.637,30.94,3.99,-63,9.25,
2026-09-11T13:07:00,2,1.634,30.74,28.5770,26.9,1.636,30.87,3.98,-63,10.25,
2026-09-11T13:07:01,2,1.613,29.07,28.5760,26.9,1.632,30.55,4.00,-63,10.00,
2026-09-11T13:07:02,2,1.617,29.39,28.5750,26.9,1.638,31.07,3.99,-62,9.25,
2026-09-11T13:07:03,2,1.634,30.74,28.5810,26.9,1.633,30.61,3.99,-62,9.75,
2026-09-11T13:07:04,2,1.619,29.52,28.5780,26.9,1.634,30.74,3.99,-63,10.50,
2026-09-11T13:07:05,2,1.643,31.45,28.5720,26.9,1.638,31.07,3.97,-63,10.50,
2026-09-11T13:07:06,2,1.633,30.68,28.5670,26.9,1.634,30.74,3.99,-63,10.00,
2026-09-11T13:07:07,2,1.617,29.39,28.5760,26.9,1.637,30.94,3.99,-63,9.50,
2026-09-11T13:07:09,2,1.637,30.94,28.5790,26.9,1.634,30.74,3.99,-63,9.50,
2026-09-11T13:07:10,2,1.614,29.13,28.5830,26.9,1.630,30.42,4.00,-63,9.50,
2026-09-11T13:07:11,2,1.618,29.45,28.5890,26.9,1.633,30.68,3.99,-60,9.50,
2026-09-11T13:07:12,2,1.635,30.81,28.5940,26.9,1.635,30.81,3.99,-62,9.50,
2026-09-11T13:07:13,2,1.617,29.39,28.6000,26.9,1.638,31.00,3.98,-63,9.50,
2026-09-11T13:07:14,2,1.641,31.26,28.5930,26.9,1.638,31.00,3.97,-62,10.25,
2026-09-11T13:07:15,2,1.633,30.68,28.5940,26.9,1.635,30.81,3.99,-63,9.75,
2026-09-11T13:07:16,2,1.618,29.45,28.5980,26.9,1.637,30.94,3.99,-63,9.75,
2026-09-11T13:07:17,2,1.638,31.07,28.6010,26.9,1.635,30.81,3.98,-63,10.25,
2026-09-11T13:07:23,2,1.616,29.26,28.5940,26.9,1.636,30.87,3.99,-56,1.00,
2026-09-11T13:07:24,2,1.635,30.81,28.5850,26.9,1.634,30.74,3.99,-56,1.50,
2026-09-11T13:07:25,2,1.617,29.32,28.5890,26.9,1.635,30.81,3.99,-57,4.25,
2026-09-11T13:07:26,2,1.638,31.00,28.5860,26.9,1.634,30.74,3.98,-62,9.75,
2026-09-11T13:07:27,2,1.635,30.81,28.5900,26.9,1.635,30.81,3.99,-62,9.50,
2026-09-11T13:07:28,2,1.618,29.45,28.5860,26.9,1.634,30.74,3.99,-62,9.50,
2026-09-11T13:07:29,2,1.636,30.87,28.5830,26.9,1.637,30.94,3.99,-62,9.25,
2026-09-11T13:07:30,2,1.618,29.45,28.5810,26.9,1.638,31.00,3.99,-63,9.75,
2026-09-11T13:07:32,2,1.617,29.32,28.5830,26.9,1.638,31.00,3.99,-62,9.75,
2026-09-11T13:07:33,2,1.635,30.81,28.5760,26.9,1.635,30.81,3.99,-63,9.50,
2026-09-11T13:07:34,2,1.617,29.39,28.5820,26.9,1.635,30.81,3.98,-62,10.25,
2026-09-11T13:07:35,2,1.638,31.07,28.5810,26.9,1.638,31.07,3.98,-62,10.00,
2026-09-11T13:07:36,2,1.633,30.61,28.5780,26.9,1.636,30.87,3.99,-62,10.00,
2026-09-11T13:07:37,2,1.618,29.45,28.5710,26.9,1.635,30.81,3.99,-62,9.75,
2026-09-11T13:07:38,2,1.636,30.87,28.5770,26.9,1.637,30.94,3.99,-62,9.50,
2026-09-11T13:07:39,2,1.609,28.74,28.5820,26.9,1.637,30.94,3.99,-62,10.00,
2026-09-11T13:07:40,2,1.616,29.26,28.5760,26.9,1.647,31.77,3.98,-62,10.25,
2026-09-11T13:07:41,2,1.634,30.74,28.5820,26.9,1.636,30.87,3.99,-62,9.50,
2026-09-11T13:07:42,2,1.617,29.32,28.5880,26.9,1.636,30.87,3.99,-62,9.75,
2026-09-11T13:07:44,2,1.636,30.87,28.5970,26.9,1.634,30.74,3.98,-62,10.00,
2026-09-11T13:07:45,2,1.633,30.68,28.5980,26.9,1.636,30.87,3.99,-62,9.75,
2026-09-11T13:07:46,2,1.615,29.20,28.6000,26.9,1.645,31.58,3.98,-63,9.50,
2026-09-11T13:07:47,2,1.636,30.87,28.5920,26.9,1.638,31.07,3.99,-62,9.75,
2026-09-11T13:07:48,2,1.618,29.45,28.5930,26.9,1.638,31.00,3.98,-62,10.25,
2026-09-11T13:07:49,2,1.616,29.26,28.5940,26.9,1.636,30.87,3.99,-63,9.50,
2026-09-11T13:07:50,2,1.633,30.68,28.5850,26.9,1.633,30.61,3.99,-62,9.50,
2026-09-11T13:07:51,2,1.617,29.39,28.5820,26.9,1.638,31.00,3.99,-62,9.50,
2026-09-11T13:07:52,2,1.636,30.87,28.5750,26.9,1.634,30.74,3.99,-62,9.50,
2026-09-11T13:07:53,2,1.633,30.68,28.5730,26.9,1.636,30.87,3.99,-62,9.50,
2026-09-11T13:07:54,2,1.617,29.39,28.5750,26.9,1.634,30.74,3.99,-62,9.75,
2026-09-11T13:07:56,2,1.637,30.94,28.5810,26.9,1.636,30.87,3.98,-62,10.25,
2026-09-11T13:07:57,2,1.618,29.45,28.5790,26.9,1.641,31.26,3.99,-62,9.75,
2026-09-11T13:07:58,2,1.616,29.26,28.5740,26.9,1.638,31.07,3.99,-62,9.75,
2026-09-11T13:07:59,2,1.633,30.61,28.5750,26.9,1.636,30.87,3.98,-63,9.75,
2026-09-11T13:08:00,2,1.618,29.45,28.5750,26.9,1.635,30.81,3.99,-62,9.50,
2026-09-11T13:08:01,2,1.638,31.00,28.5690,26.9,1.628,30.23,3.99,-62,9.25,
2026-09-11T13:08:07,2,1.616,29.26,28.5730,26.9,1.636,30.87,3.99,-55,1.00,
2026-09-11T13:08:08,2,1.635,30.81,28.5750,26.9,1.634,30.74,3.99,-56,1.50,
2026-09-11T13:08:09,2,1.617,29.32,28.5760,26.9,1.634,30.74,3.99,-55,1.75,
2026-09-11T13:08:10,2,1.639,31.13,28.5780,26.9,1.633,30.68,3.98,-57,10.25,
2026-09-11T13:08:11,2,1.634,30.74,28.5840,26.9,1.634,30.74,3.99,-62,9.75,
2026-09-11T13:08:12,2,1.617,29.32,28.5950,26.9,1.636,30.87,3.99,-62,10.00,
2026-09-11T13:08:13,2,1.636,30.87,28.6010,26.9,1.637,30.94,3.99,-62,9.50,
2026-09-11T13:08:14,2,1.620,29.58,28.6060,26.9,1.638,31.07,3.98,-62,9.50,
2026-09-11T13:08:15,2,1.617,29.32,28.6060,26.9,1.635,30.81,3.99,-62,9.25,
2026-09-11T13:08:16,2,1.635,30.81,28.6100,26.9,1.634,30.74,3.99,-62,9.50,
2026-09-11T13:08:17,2,1.618,29.45,28.6120,26.9,1.638,31.07,3.99,-62,9.50,
2026-09-11T13:08:19,2,1.642,31.32,28.6140,26.9,1.638,31.07,3.99,-62,9.50,
2026-09-11T13:08:20,2,1.634,30.74,28.6160,26.9,1.637,30.94,3.99,-63,9.25,
2026-09-11T13:08:21,2,1.620,29.58,28.6150,26.9,1.650,31.97,3.99,-62,9.00,
2026-09-11T13:08:22,2,1.638,31.00,28.6110,26.9,1.633,30.68,3.99,-62,9.75,
2026-09-11T13:08:23,2,1.622,29.78,28.6120,26.9,1.636,30.87,3.97,-62,10.50,
2026-09-11T13:08:24,2,1.617,29.32,28.6180,26.9,1.635,30.81,3.99,-63,9.50,
2026-09-11T13:08:25,2,1.635,30.81,28.6160,26.9,1.635,30.81,3.99,-63,9.25,
2026-09-11T13:08:26,2,1.620,29.58,28.6150,26.9,1.636,30.87,3.98,-62,9.25,
2026-09-11T13:08:27,2,1.647,31.77,28.6200,26.9,1.637,30.94,3.98,-62,9.50,
2026-09-11T13:08:28,2,1.633,30.68,28.6220,26.9,1.633,30.68,3.99,-62,9.75,
2026-09-11T13:08:29,2,1.617,29.39,28.6250,26.9,1.636,30.87,3.99,-62,9.50,
2026-09-11T13:08:31,2,1.638,31.00,28.6150,26.9,1.640,31.19,3.97,-62,10.50,
2026-09-11T13:08:32,2,1.617,29.39,28.6070,26.9,1.637,30.94,3.98,-63,9.75,
2026-09-11T13:08:33,2,1.616,29.26,28.5970,26.9,1.638,31.00,3.99,-63,9.75,
2026-09-11T13:08:34,2,1.634,30.74,28.5950,26.9,1.635,30.81,3.99,-63,9.75,
2026-09-11T13:08:35,2,1.619,29.52,28.5950,26.9,1.633,30.68,3.99,-62,9.75,
2026-09-11T13:08:36,2,1.632,30.55,28.5840,26.9,1.634,30.74,3.99,-62,10.00,
2026-09-11T13:08:37,2,1.635,30.81,28.5830,26.9,1.634,30.74,3.99,-62,9.75,
2026-09-11T13:08:38,2,1.619,29.52,28.5810,26.9,1.635,30.81,3.99,-62,9.75,
2026-09-11T13:08:39,2,1.638,31.07,28.5840,26.9,1.636,30.87,3.98,-62,9.75,
2026-09-11T13:08:40,2,1.617,29.32,28.5800,26.9,1.638,31.00,3.98,-63,9.50,
2026-09-11T13:08:42,2,1.617,29.39,28.5820,26.9,1.635,30.81,3.99,-62,9.50,
2026-09-11T13:08:43,2,1.633,30.61,28.5710,26.9,1.635,30.81,3.99,-63,9.50,
2026-09-11T13:08:44,2,1.618,29.45,28.5740,26.9,1.634,30.74,3.99,-62,9.25,
2026-09-11T13:08:45,2,1.640,31.19,28.5790,26.9,1.639,31.13,3.98,-62,10.25,
2026-09-11T13:08:46,2,1.634,30.74,28.5780,26.9,1.637,30.94,3.99,-63,9.75,
2026-09-11T13:08:51,2,1.634,30.74,28.5670,26.9,1.634,30.74,3.98,-55,1.50,
2026-09-11T13:08:52,2,1.627,30.16,28.5610,26.9,1.636,30.87,3.99,-56,1.25,
2026-09-11T13:08:54,2,1.641,31.26,28.5670,26.9,1.636,30.87,3.98,-57,2.00,
2026-09-11T13:08:55,2,1.633,30.68,28.5760,26.9,1.634,30.74,3.99,-62,9.50,
2026-09-11T13:08:56,2,1.617,29.32,28.5770,26.9,1.637,30.94,3.99,-63,9.50,
2026-09-11T13:08:57,2,1.638,31.00,28.5770,26.9,1.639,31.13,3.99,-63,9.50,
2026-09-11T13:08:58,2,1.617,29.39,28.5770,26.9,1.638,31.07,3.98,-63,10.00,
2026-09-11T13:08:59,2,1.617,29.32,28.5750,26.9,1.636,30.87,3.99,-63,9.75,
2026-09-11T13:09:00,2,1.636,30.87,28.5710,26.9,1.634,30.74,3.99,-60,9.50,
2026-09-11T13:09:01,2,1.617,29.32,28.5680,26.9,1.641,31.26,3.99,-62,9.50,
2026-09-11T13:09:02,2,1.639,31.13,28.5720,26.9,1.637,30.94,3.99,-62,9.75,
2026-09-11T13:09:03,2,1.634,30.74,28.5730,26.9,1.635,30.81,3.99,-62,9.50,
2026-09-11T13:09:04,2,1.618,29.45,28.5660,26.9,1.634,30.74,3.99,-62,9.75,
2026-09-11T13:09:06,2,1.629,30.29,28.5640,26.9,1.634,30.74,3.98,-63,9.75,
2026-09-11T13:09:07,2,1.619,29.52,28.5700,26.9,1.638,31.00,3.98,-63,9.75,
2026-09-11T13:09:08,2,1.617,29.32,28.5590,26.9,1.636,30.87,3.98,-63,9.75,
2026-09-11T13:09:09,2,1.635,30.81,28.5590,26.9,1.634,30.74,3.99,-62,9.50,
2026-09-11T13:09:10,2,1.617,29.39,28.5670,26.9,1.638,31.00,3.99,-62,9.50,
2026-09-11T13:09:11,2,1.641,31.26,28.5670,26.9,1.635,30.81,3.98,-62,10.00,
2026-09-11T13:09:12,2,1.632,30.55,28.5730,26.9,1.633,30.61,3.99,-62,9.50,
2026-09-11T13:09:13,2,1.618,29.45,28.5740,26.9,1.636,30.87,3.99,-63,11.00,
2026-09-11T13:09:14,2,1.639,31.13,28.5650,26.9,1.635,30.81,3.99,-62,9.50,
2026-09-11T13:09:15,2,1.618,29.45,28.5590,26.9,1.641,31.26,3.98,-62,10.25,
2026-09-11T13:09:16,2,1.617,29.39,28.5570,26.9,1.633,30.68,3.99,-62,9.25,
2026-09-11T13:09:18,2,1.633,30.68,28.5550,26.9,1.636,30.87,3.98,-62,10.00,
2026-09-11T13:09:19,2,1.616,29.26,28.5570,26.9,1.633,30.68,3.99,-63,9.75,
2026-09-11T13:09:20,2,1.635,30.81,28.5640,26.9,1.636,30.87,3.98,-62,10.00,
2026-09-11T13:09:21,2,1.633,30.68,28.5690,26.9,1.635,30.81,3.99,-62,9.75,
2026-09-11T13:09:22,2,1.616,29.26,28.5660,26.9,1.629,30.36,3.99,-62,9.75,
2026-09-11T13:09:24,2,1.617,29.39,28.5700,26.9,1.638,31.00,3.99,-62,9.50,
2026-09-11T13:09:25,2,1.617,29.32,28.5760,26.9,1.636,30.87,3.99,-62,9.75,
2026-09-11T13:09:26,2,1.636,30.87,28.5760,26.9,1.636,30.87,3.99,-62,9.75,
2026-09-11T13:09:27,2,1.617,29.39,28.5800,26.9,1.636,30.87,3.98,-62,9.75,
2026-09-11T13:09:29,2,1.641,31.26,28.5890,26.9,1.635,30.81,3.98,-62,9.75,
2026-09-11T13:09:30,2,1.633,30.61,28.5940,26.9,1.634,30.74,3.99,-63,9.75,
2026-09-11T13:09:31,2,1.617,29.39,28.5880,26.9,1.633,30.68,3.99,-62,9.75,
2026-09-11T13:09:35,2,1.638,31.00,28.5840,26.9,1.633,30.68,3.98,-56,1.25,
2026-09-11T13:09:36,2,1.622,29.78,28.5890,26.9,1.636,30.87,3.99,-56,1.25,
2026-09-11T13:09:37,2,1.647,31.77,28.5840,26.9,1.635,30.81,3.96,-56,1.75,
2026-09-11T13:09:38,2,1.635,30.81,28.5930,26.9,1.640,31.19,3.99,-56,4.25,
2026-09-11T13:09:39,2,1.618,29.45,28.5870,26.9,1.635,30.81,3.99,-62,10.00,
2026-09-11T13:09:41,2,1.637,30.94,28.5760,26.9,1.635,30.81,3.99,-63,9.50,
2026-09-11T13:09:42,2,1.615,29.20,28.5810,26.9,1.633,30.61,4.00,-63,9.75,
2026-09-11T13:09:43,2,1.616,29.26,28.5840,26.9,1.639,31.13,3.99,-62,9.75,
2026-09-11T13:09:44,2,1.637,30.94,28.5780,26.9,1.635,30.81,3.98,-62,10.00,
2026-09-11T13:09:45,2,1.618,29.45,28.5780,26.9,1.638,31.00,3.99,-62,9.00,
2026-09-11T13:09:46,2,1.636,30.87,28.5730,26.9,1.639,31.13,3.97,-62,10.25,
2026-09-11T13:09:47,2,1.635,30.81,28.5610,26.9,1.636,30.87,3.98,-62,9.75,
2026-09-11T13:09:48,2,1.616,29.26,28.5580,26.9,1.636,30.87,3.99,-63,9.75,
2026-09-11T13:09:49,2,1.638,31.07,28.5510,26.9,1.634,30.74,3.98,-62,10.00,
2026-09-11T13:09:50,2,1.613,29.07,28.5430,26.9,1.636,30.87,4.01,-63,10.25,
2026-09-11T13:09:51,2,1.616,29.26,28.5480,26.9,1.635,30.81,3.99,-63,10.00,
2026-09-11T13:09:53,2,1.637,30.94,28.5580,26.9,1.637,30.94,3.99,-63,9.50,
2026-09-11T13:09:54,2,1.618,29.45,28.5580,26.9,1.638,31.00,3.98,-63,9.75,
2026-09-11T13:09:55,2,1.646,31.65,28.5610,26.9,1.638,31.07,3.96,-61,9.75,
2026-09-11T13:09:56,2,1.633,30.68,28.5630,26.9,1.637,30.94,3.99,-63,9.25,
2026-09-11T13:09:57,2,1.617,29.39,28.5680,26.9,1.636,30.87,3.98,-62,9.75,
2026-09-11T13:09:58,2,1.636,30.87,28.5590,26.9,1.636,30.87,3.98,-62,9.75,
2026-09-11T13:09:59,2,1.615,29.20,28.5720,26.9,1.631,30.48,4.00,-63,9.75,
2026-09-11T13:10:00,2,1.617,29.39,28.5680,26.9,1.638,31.07,3.99,-63,9.50,
2026-09-11T13:10:01,2,1.634,30.74,28.5780,26.9,1.635,30.81,3.99,-63,9.25,
2026-09-11T13:10:02,2,1.618,29.45,28.5760,26.9,1.636,30.87,3.99,-62,9.50,
2026-09-11T13:10:03,2,1.644,31.52,28.5740,26.9,1.640,31.19,3.97,-62,10.25,
2026-09-11T13:10:05,2,1.634,30.74,28.5740,26.9,1.637,30.94,3.98,-63,10.25,
2026-09-11T13:10:06,2,1.618,29.45,28.5760,26.9,1.635,30.81,3.99,-62,9.50,
2026-09-11T13:10:07,2,1.638,31.00,28.5850,26.9,1.633,30.68,3.99,-63,9.50,
2026-09-11T13:10:08,2,1.613,29.07,28.5770,26.9,1.633,30.61,4.00,-63,9.75,
2026-09-11T13:10:09,2,1.615,29.20,28.5840,26.9,1.637,30.94,3.99,-62,9.75,
2026-09-11T13:10:10,2,1.633,30.61,28.5890,26.9,1.634,30.74,3.99,-63,9.75,
2026-09-11T13:10:11,2,1.617,29.39,28.5860,26.9,1.637,30.94,3.99,-63,9.50,
2026-09-11T13:10:12,2,1.646,31.65,28.5870,26.9,1.639,31.13,3.97,-63,10.25,
2026-09-11T13:10:13,2,1.637,30.94,28.5840,26.9,1.636,30.87,3.99,-62,10.00,
2026-09-11T13:10:14,2,1.617,29.32,28.5920,26.9,1.634,30.74,3.98,-62,9.75,
2026-09-11T13:10:16,2,1.638,31.00,28.5910,26.9,1.633,30.61,3.98,-63,10.00,
2026-09-11T13:10:20,2,1.619,29.52,28.5970,26.9,1.636,30.87,3.98,-56,1.25,
2026-09-11T13:10:21,2,1.645,31.58,28.5950,26.9,1.640,31.19,3.97,-56,1.25,
2026-09-11T13:10:22,2,1.635,30.81,28.5950,26.9,1.633,30.68,3.99,-56,2.25,
2026-09-11T13:10:23,2,1.617,29.32,28.5950,26.9,1.634,30.74,3.99,-57,8.25,
2026-09-11T13:10:24,2,1.637,30.94,28.6030,26.9,1.636,30.87,3.99,-63,9.75,
2026-09-11T13:10:25,2,1.615,29.20,28.6040,26.9,1.633,30.61,4.00,-63,9.75,
2026-09-11T13:10:26,2,1.617,29.39,28.6080,26.9,1.637,30.94,3.98,-63,10.00,
2026-09-11T13:10:29,2,1.616,29.26,28.5900,26.9,1.638,31.07,3.99,-63,9.75,
2026-09-11T13:10:30,2,1.643,31.45,28.5920,26.9,1.641,31.26,3.97,-63,10.00,
2026-09-11T13:10:31,2,1.636,30.87,28.5920,26.9,1.642,31.32,3.99,-63,9.00,
2026-09-11T13:10:32,2,1.618,29.45,28.5890,26.9,1.636,30.87,3.98,-63,10.25,
2026-09-11T13:10:33,2,1.638,31.00,28.5850,26.9,1.635,30.81,3.98,-63,10.25,
2026-09-11T13:10:34,2,1.617,29.32,28.5850,26.9,1.633,30.61,3.99,-63,9.75,
2026-09-11T13:10:35,2,1.619,29.52,28.5870,26.9,1.637,30.94,3.99,-63,9.75,
2026-09-11T13:10:36,2,1.635,30.81,28.5850,26.9,1.634,30.74,3.98,-63,10.00,
2026-09-11T13:10:37,2,1.617,29.39,28.5850,26.9,1.640,31.19,3.98,-63,10.25,
2026-09-11T13:10:38,2,1.618,29.45,28.5810,26.9,1.638,31.00,3.99,-63,9.25,
2026-09-11T13:10:40,2,1.636,30.87,28.5700,26.9,1.635,30.81,3.99,-63,9.75,
2026-09-11T13:10:41,2,1.615,29.20,28.5680,26.9,1.637,30.94,3.99,-63,9.75,
2026-09-11T13:10:42,2,1.638,31.07,28.5750,26.9,1.633,30.68,3.98,-63,10.00,
2026-09-11T13:10:43,2,1.619,29.52,28.5680,26.9,1.631,30.48,3.99,-63,9.75,
2026-09-11T13:10:44,2,1.617,29.32,28.5570,26.9,1.635,30.81,3.99,-62,9.75,
2026-09-11T13:10:45,2,1.633,30.68,28.5540,26.9,1.638,31.07,3.99,-63,9.75,
2026-09-11T13:10:46,2,1.617,29.39,28.5490,26.9,1.635,30.81,3.99,-63,9.50,
2026-09-11T13:10:47,2,1.616,29.26,28.5530,26.9,1.637,30.94,3.99,-63,9.75,
2026-09-11T13:10:48,2,1.638,31.00,28.5580,26.9,1.636,30.87,3.99,-63,10.00,
2026-09-11T13:10:49,2,1.615,29.20,28.5660,26.9,1.638,31.07,3.99,-63,9.50,
2026-09-11T13:10:51,2,1.638,31.00,28.5650,26.9,1.633,30.68,3.98,-63,9.75,
2026-09-11T13:10:52,2,1.635,30.81,28.5680,26.9,1.628,30.23,3.99,-62,9.75,
2026-09-11T13:10:53,2,1.617,29.39,28.5680,26.9,1.633,30.68,3.98,-63,9.50,
2026-09-11T13:10:54,2,1.637,30.94,28.5660,26.9,1.635,30.81,3.98,-63,10.00,
2026-09-11T13:10:55,2,1.617,29.39,28.5610,26.9,1.636,30.87,3.98,-62,9.75,
2026-09-11T13:10:56,2,1.619,29.52,28.5570,26.9,1.637,30.94,3.98,-63,10.00,
2026-09-11T13:10:57,2,1.633,30.61,28.5530,26.9,1.636,30.87,3.99,-63,9.50,
2026-09-11T13:10:58,2,1.611,28.87,28.5570,26.9,1.636,30.87,3.98,-63,9.75,
2026-09-11T13:10:59,2,1.639,31.13,28.5620,26.9,1.634,30.74,3.98,-62,10.00,
2026-09-11T13:11:05,2,1.618,29.45,28.5650,26.9,1.638,31.00,3.99,-56,1.00,
2026-09-11T13:11:06,2,1.635,30.81,28.5690,26.9,1.638,31.07,3.99,-56,1.25,
2026-09-11T13:11:07,2,1.617,29.39,28.5650,26.9,1.639,31.13,3.98,-56,1.75,
2026-09-11T13:11:08,2,1.638,31.07,28.5650,26.9,1.635,30.81,3.98,-63,9.75,
2026-09-11T13:11:09,2,1.634,30.74,28.5620,26.9,1.634,30.74,3.99,-63,10.00,
2026-09-11T13:11:10,2,1.617,29.39,28.5700,26.9,1.636,30.87,3.97,-63,10.50,
2026-09-11T13:11:11,2,1.625,29.97,28.5650,26.9,1.634,30.74,3.98,-63,10.00,
2026-09-11T13:11:12,2,1.618,29.45,28.5540,26.9,1.639,31.13,3.98,-63,10.00,
2026-09-11T13:11:13,2,1.616,29.26,28.5560,26.9,1.625,30.03,3.98,-63,9.50,
2026-09-11T13:11:15,2,1.635,30.81,28.5560,26.9,1.634,30.74,3.99,-63,9.75,
2026-09-11T13:11:16,2,1.617,29.39,28.5670,26.9,1.635,30.81,3.98,-63,10.00,
2026-09-11T13:11:17,2,1.641,31.26,28.5680,26.9,1.635,30.81,3.99,-63,9.50,
2026-09-11T13:11:18,2,1.633,30.68,28.5700,26.9,1.633,30.68,3.99,-63,9.75,
2026-09-11T13:11:19,2,1.619,29.52,28.5620,26.9,1.635,30.81,3.98,-63,10.00,
2026-09-11T13:11:20,2,1.636,30.87,28.5700,26.9,1.634,30.74,3.99,-62,9.75,
2026-09-11T13:11:21,2,1.619,29.52,28.5720,26.9,1.639,31.13,3.98,-62,10.25,
2026-09-11T13:11:22,2,1.617,29.32,28.5820,26.9,1.636,30.87,3.99,-63,9.75,
2026-09-11T13:11:23,2,1.635,30.81,28.5760,26.9,1.634,30.74,3.98,-63,10.00,
2026-09-11T13:11:24,2,1.618,29.45,28.5740,26.9,1.636,30.87,3.99,-62,10.00,
2026-09-11T13:11:25,2,1.639,31.13,28.5780,26.9,1.635,30.81,3.98,-62,12.50,
2026-09-11T13:11:27,2,1.634,30.74,28.5750,26.9,1.635,30.81,3.99,-63,9.75,
2026-09-11T13:11:28,2,1.617,29.39,28.5780,26.9,1.635,30.81,3.99,-62,9.75,
2026-09-11T13:11:29,2,1.640,31.19,28.5810,26.9,1.636,30.87,3.98,-62,10.00,
2026-09-11T13:11:30,2,1.617,29.39,28.5750,26.9,1.648,31.84,3.99,-62,9.75,
2026-09-11T13:11:31,2,1.617,29.39,28.5810,26.9,1.636,30.87,3.98,-62,10.25,
2026-09-11T13:11:32,2,1.643,31.45,28.5850,26.9,1.634,30.74,3.99,-63,9.25,
2026-09-11T13:11:33,2,1.616,29.26,28.5820,26.9,1.635,30.81,3.98,-63,10.00,
2026-09-11T13:11:34,2,1.637,30.94,28.5850,26.9,1.636,30.87,3.98,-62,10.00,
2026-09-11T13:11:35,2,1.634,30.74,28.5790,26.9,1.634,30.74,3.99,-62,9.75,
2026-09-11T13:11:36,2,1.611,28.87,28.5740,26.9,1.635,30.81,3.99,-62,9.50,
2026-09-11T13:11:38,2,1.639,31.13,28.5760,26.9,1.635,30.81,3.98,-63,10.00,
2026-09-11T13:11:39,2,1.617,29.39,28.5790,26.9,1.637,30.94,3.98,-63,10.00,
2026-09-11T13:11:40,2,1.617,29.39,28.5820,26.9,1.638,31.00,3.98,-63,9.75,
2026-09-11T13:11:41,2,1.633,30.68,28.5840,26.9,1.634,30.74,3.98,-62,10.00,
2026-09-11T13:11:42,2,1.617,29.32,28.5700,26.9,1.636,30.87,3.98,-62,10.25,
2026-09-11T13:11:43,2,1.639,31.13,28.5750,26.9,1.635,30.81,3.98,-63,10.25,
2026-09-11T13:11:44,2,1.634,30.74,28.5800,26.9,1.634,30.74,3.98,-63,9.75,
2026-09-11T13:11:50,2,1.636,30.87,28.5720,26.9,1.637,30.94,3.98,-56,1.50,
2026-09-11T13:11:51,2,1.617,29.39,28.5670,26.9,1.635,30.81,3.98,-56,1.50,
2026-09-11T13:11:52,2,1.642,31.39,28.5710,26.9,1.634,30.74,3.98,-56,3.00,
2026-09-11T13:11:53,2,1.633,30.68,28.5720,26.9,1.634,30.74,3.99,-63,9.50,
2026-09-11T13:11:54,2,1.618,29.45,28.5770,26.9,1.634,30.74,3.99,-63,9.75,
2026-09-11T13:11:55,2,1.638,31.00,28.5900,26.9,1.635,30.81,3.99,-62,9.75,
2026-09-11T13:11:56,2,1.617,29.39,28.5840,26.9,1.636,30.87,3.98,-63,9.75,
2026-09-11T13:11:57,2,1.632,30.55,28.5920,26.9,1.639,31.13,3.98,-62,10.00,
2026-09-11T13:11:58,2,1.635,30.81,28.5900,26.9,1.636,30.87,3.98,-62,9.50,
2026-09-11T13:11:59,2,1.619,29.52,28.5980,26.9,1.635,30.81,3.98,-62,10.25,
2026-09-11T13:12:00,2,1.643,31.45,28.5970,26.9,1.636,30.87,3.98,-62,9.75,
2026-09-11T13:12:02,2,1.634,30.74,28.5990,26.9,1.637,30.94,3.98,-63,10.00,
2026-09-11T13:12:03,2,1.617,29.39,28.5970,26.9,1.637,30.94,3.98,-63,9.50,
2026-09-11T13:12:04,2,1.638,31.00,28.5920,26.9,1.637,30.94,3.98,-63,10.00,
2026-09-11T13:12:05,2,1.617,29.39,28.5890,26.9,1.638,31.00,3.99,-63,9.25,
2026-09-11T13:12:06,2,1.617,29.39,28.6000,26.9,1.636,30.87,3.98,-63,9.75,
2026-09-11T13:12:07,2,1.637,30.94,28.6020,26.9,1.632,30.55,3.98,-63,11.00,
2026-09-11T13:12:08,2,1.618,29.45,28.6080,26.9,1.636,30.87,3.99,-63,9.75,
2026-09-11T13:12:09,2,1.641,31.26,28.6070,26.9,1.638,31.07,3.98,-63,10.00,
2026-09-11T13:12:10,2,1.636,30.87,28.6160,26.9,1.634,30.74,3.99,-63,9.50,
2026-09-11T13:12:11,2,1.620,29.58,28.6110,26.9,1.635,30.81,3.99,-63,9.50,
2026-09-11T13:12:12,2,1.640,31.19,28.6170,26.9,1.638,31.00,3.99,-62,9.75,
2026-09-11T13:12:14,2,1.617,29.32,28.6110,26.9,1.635,30.81,3.98,-63,9.75,
2026-09-11T13:12:15,2,1.618,29.45,28.5980,26.9,1.635,30.81,3.98,-63,10.00,
2026-09-11T13:12:16,2,1.637,30.94,28.6050,26.9,1.634,30.74,3.98,-62,9.75,
2026-09-11T13:12:17,2,1.619,29.52,28.6000,26.9,1.636,30.87,3.99,-62,12.00,
2026-09-11T13:12:18,2,1.613,29.07,28.5940,26.9,1.633,30.61,4.00,-63,9.75,
2026-09-11T13:12:19,2,1.636,30.87,28.5830,26.9,1.634,30.74,3.99,-62,9.75,
2026-09-11T13:12:20,2,1.616,29.26,28.5760,26.9,1.637,30.94,3.99,-63,10.00,
2026-09-11T13:12:21,2,1.639,31.13,28.5760,26.9,1.635,30.81,3.99,-63,9.50,
2026-09-11T13:12:22,2,1.637,30.94,28.5750,26.9,1.640,31.19,3.97,-62,10.50,
2026-09-11T13:12:23,2,1.618,29.45,28.5770,26.9,1.637,30.94,3.99,-63,9.50,
2026-09-11T13:12:25,2,1.632,30.55,28.5770,26.9,1.634,30.74,3.98,-63,10.50,
2026-09-11T13:12:26,2,1.619,29.52,28.5700,26.9,1.638,31.00,3.98,-63,9.75,
2026-09-11T13:12:27,2,1.616,29.26,28.5670,26.9,1.633,30.68,4.00,-63,9.75,
2026-09-11T13:12:28,2,1.634,30.74,28.5700,26.9,1.634,30.74,3.98,-62,10.25,
2026-09-11T13:12:29,2,1.619,29.52,28.5700,26.9,1.637,30.94,3.98,-63,10.00,
2026-09-11T13:12:33,2,1.636,30.87,28.5700,26.9,1.635,30.81,3.99,-56,1.50,
2026-09-11T13:12:34,2,1.617,29.32,28.5700,26.9,1.637,30.94,3.99,-56,1.50,
2026-09-11T13:12:35,2,1.615,29.20,28.5710,26.9,1.631,30.48,4.00,-57,1.50,
2026-09-11T13:12:37,2,1.635,30.81,28.5690,26.9,1.635,30.81,3.99,-56,6.00,
2026-09-11T13:12:38,2,1.617,29.39,28.5740,26.9,1.635,30.81,3.99,-63,10.00,
2026-09-11T13:12:39,2,1.638,31.00,28.5820,26.9,1.629,30.29,3.98,-63,10.00,
2026-09-11T13:12:40,2,1.639,31.13,28.5790,26.9,1.638,31.00,3.97,-63,10.00,
2026-09-11T13:12:41,2,1.618,29.45,28.5850,26.9,1.638,31.07,3.98,-63,10.00,
2026-09-11T13:12:42,2,1.636,30.87,28.5840,26.9,1.635,30.81,3.99,-62,9.75,
2026-09-11T13:12:43,2,1.618,29.45,28.5810,26.9,1.638,31.00,3.98,-63,9.25,
2026-09-11T13:12:44,2,1.614,29.13,28.5930,26.9,1.632,30.55,4.00,-63,9.50,
2026-09-11T13:12:45,2,1.638,31.00,28.5920,26.9,1.635,30.81,3.98,-62,10.00,
2026-09-11T13:12:46,2,1.617,29.32,28.5950,26.9,1.641,31.26,3.99,-63,9.50,
2026-09-11T13:12:47,2,1.641,31.26,28.6050,26.9,1.636,30.87,3.98,-62,10.00,
2026-09-11T13:12:49,2,1.639,31.13,28.5950,26.9,1.640,31.19,3.97,-63,10.25,
2026-09-11T13:12:50,2,1.617,29.32,28.6050,26.9,1.634,30.74,3.98,-63,9.75,
2026-09-11T13:12:51,2,1.636,30.87,28.5940,26.9,1.636,30.87,3.99,-63,9.75,
2026-09-11T13:12:52,2,1.617,29.39,28.5920,26.9,1.636,30.87,3.98,-62,9.50,
2026-09-11T13:12:53,2,1.617,29.32,28.5820,26.9,1.620,29.58,4.00,-63,10.00,
2026-09-11T13:12:54,2,1.635,30.81,28.5870,26.9,1.635,30.81,3.98,-62,9.75,
2026-09-11T13:12:55,2,1.618,29.45,28.5850,26.9,1.637,30.94,3.98,-63,9.75,
2026-09-11T13:12:56,2,1.641,31.26,28.5850,26.9,1.637,30.94,3.98,-63,9.75,
2026-09-11T13:12:57,2,1.636,30.87,28.5830,26.9,1.638,31.00,3.97,-63,10.25,
2026-09-11T13:12:58,2,1.617,29.32,28.5760,26.9,1.636,30.87,3.99,-62,10.00,
2026-09-11T13:13:00,2,1.635,30.81,28.5840,26.9,1.637,30.94,3.99,-63,10.00,
2026-09-11T13:13:01,2,1.617,29.39,28.5760,26.9,1.638,31.00,3.98,-63,10.00,
2026-09-11T13:13:02,2,1.609,28.74,28.5740,26.9,1.632,30.55,4.00,-63,9.50,
2026-09-11T13:13:03,2,1.635,30.81,28.5740,26.9,1.634,30.74,3.98,-63,9.75,
2026-09-11T13:13:04,2,1.616,29.26,28.5650,26.9,1.637,30.94,3.99,-63,9.50,
2026-09-11T13:13:05,2,1.641,31.26,28.5700,26.9,1.636,30.87,3.98,-63,9.75,
2026-09-11T13:13:06,2,1.636,30.87,28.5690,26.9,1.638,31.00,3.97,-62,9.75,
2026-09-11T13:13:07,2,1.617,29.39,28.5630,26.9,1.636,30.87,3.99,-63,10.25,
2026-09-11T13:13:08,2,1.638,31.07,28.5670,26.9,1.634,30.74,3.99,-63,9.50,
2026-09-11T13:13:09,2,1.629,30.29,28.5640,26.9,1.637,30.94,3.98,-63,9.50,
2026-09-11T13:13:10,2,1.613,29.07,28.5520,26.9,1.633,30.68,4.00,-64,9.50,
2026-09-11T13:13:12,2,1.635,30.81,28.5540,26.9,1.634,30.74,3.99,-62,10.00,
2026-09-11T13:13:13,2,1.617,29.39,28.5600,26.9,1.637,30.94,3.99,-62,9.50,
2026-09-11T13:13:18,2,1.617,29.32,28.5600,26.9,1.633,30.68,3.98,-56,1.50,
2026-09-11T13:13:19,2,1.616,29.26,28.5520,26.9,1.633,30.68,4.00,-57,1.25,
2026-09-11T13:13:20,2,1.636,30.87,28.5430,26.9,1.634,30.74,3.99,-56,2.00,
2026-09-11T13:13:21,2,1.616,29.26,28.5460,26.9,1.636,30.87,3.99,-63,9.75,
2026-09-11T13:13:22,2,1.640,31.19,28.5550,26.9,1.640,31.19,3.98,-63,10.00,
2026-09-11T13:13:24,2,1.634,30.74,28.5640,26.9,1.640,31.19,3.97,-62,10.25,
2026-09-11T13:13:25,2,1.617,29.32,28.5620,26.9,1.638,31.00,3.99,-63,9.50,
2026-09-11T13:13:26,2,1.638,31.00,28.5560,26.9,1.638,31.00,3.98,-63,10.00,
2026-09-11T13:13:27,2,1.615,29.20,28.5540,26.9,1.636,30.87,3.98,-63,10.00,
2026-09-11T13:13:28,2,1.613,29.07,28.5500,26.9,1.630,30.42,4.00,-63,10.00,
2026-09-11T13:13:29,2,1.633,30.68,28.5500,26.9,1.636,30.87,3.98,-62,10.00,
2026-09-11T13:13:30,2,1.617,29.32,28.5460,26.9,1.635,30.81,3.99,-63,9.75,
2026-09-11T13:13:31,2,1.640,31.19,28.5520,26.9,1.636,30.87,3.99,-63,10.00,
2026-09-11T13:13:32,2,1.637,30.94,28.5480,26.9,1.641,31.26,3.96,-62,9.75,
2026-09-11T13:13:33,2,1.617,29.32,28.5570,26.9,1.633,30.61,3.99,-63,9.50,
2026-09-11T13:13:34,2,1.637,30.94,28.5630,26.9,1.634,30.74,3.98,-62,10.00,
2026-09-11T13:13:36,2,1.618,29.45,28.5650,26.9,1.636,30.87,3.98,-62,10.00,
2026-09-11T13:13:37,2,1.615,29.20,28.5610,26.9,1.633,30.68,4.00,-63,9.50,
2026-09-11T13:13:38,2,1.638,31.00,28.5630,26.9,1.636,30.87,3.98,-62,9.50,
2026-09-11T13:13:39,2,1.616,29.26,28.5610,26.9,1.635,30.81,3.99,-62,9.75,
2026-09-11T13:13:40,2,1.629,30.29,28.5670,26.9,1.634,30.74,4.00,-63,10.50,
2026-09-11T13:13:41,2,1.639,31.13,28.5610,26.9,1.636,30.87,3.97,-62,10.50,
2026-09-11T13:13:42,2,1.616,29.26,28.5510,26.9,1.632,30.55,3.99,-63,9.75,
2026-09-11T13:13:43,2,1.636,30.87,28.5470,26.9,1.632,30.55,3.99,-62,9.50,
2026-09-11T13:13:44,2,1.638,31.07,28.5440,26.9,1.640,31.19,3.97,-62,10.00,
2026-09-11T13:13:45,2,1.613,29.00,28.5410,26.9,1.633,30.61,4.00,-63,10.00,
2026-09-11T13:13:47,2,1.636,30.87,28.5410,26.9,1.637,30.94,3.98,-63,10.00,
2026-09-11T13:13:48,2,1.616,29.26,28.5460,26.9,1.635,30.81,3.98,-63,10.00,
2026-09-11T13:13:49,2,1.613,29.00,28.5440,26.9,1.630,30.42,4.00,-63,9.75,
2026-09-11T13:13:50,2,1.641,31.26,28.5470,26.9,1.638,31.00,3.96,-63,10.00,
2026-09-11T13:13:51,2,1.617,29.32,28.5490,26.9,1.637,30.94,3.99,-63,9.25,
2026-09-11T13:13:52,2,1.639,31.13,28.5600,26.9,1.633,30.68,3.99,-63,9.25,
2026-09-11T13:13:53,2,1.638,31.00,28.5570,26.9,1.638,31.00,3.97,-63,10.25,
2026-09-11T13:13:54,2,1.608,28.68,28.5510,26.9,1.633,30.61,4.00,-63,9.75,
2026-09-11T13:13:55,2,1.635,30.81,28.5560,26.9,1.638,31.00,3.99,-63,10.25,
2026-09-11T13:13:56,2,1.619,29.52,28.5520,26.9,1.638,31.07,3.99,-63,9.25,
2026-09-11T13:13:57,2,1.616,29.26,28.5580,26.9,1.631,30.48,4.00,-63,10.00,
2026-09-11T13:14:03,2,1.615,29.20,28.5610,26.9,1.631,30.48,3.99,-56,1.50,
2026-09-11T13:14:04,2,1.636,30.87,28.5530,26.9,1.638,31.00,3.98,-56,1.25,
2026-09-11T13:14:05,2,1.616,29.26,28.5490,26.9,1.634,30.74,3.99,-57,3.25,
2026-09-11T13:14:06,2,1.614,29.13,28.5490,26.9,1.631,30.48,4.00,-63,9.75,
2026-09-11T13:14:07,2,1.636,30.87,28.5490,26.9,1.639,31.13,3.97,-62,10.25,
2026-09-11T13:14:08,2,1.617,29.39,28.5470,26.9,1.633,30.68,3.99,-63,9.50,
2026-09-11T13:14:09,2,1.641,31.26,28.5480,26.9,1.635,30.81,3.98,-63,9.75,
2026-09-11T13:14:11,2,1.637,30.94,28.5490,26.9,1.639,31.13,3.97,-62,10.00,
2026-09-11T13:14:12,2,1.616,29.26,28.5470,26.9,1.633,30.61,4.00,-63,9.75,
2026-09-11T13:14:13,2,1.634,30.74,28.5490,26.9,1.638,31.07,3.98,-63,9.75,
2026-09-11T13:14:14,2,1.617,29.32,28.5410,26.9,1.638,31.07,3.99,-63,9.75,
2026-09-11T13:14:15,2,1.615,29.20,28.5410,26.9,1.631,30.48,4.00,-63,10.00,
2026-09-11T13:14:16,2,1.638,31.00,28.5430,26.9,1.638,31.07,3.97,-63,9.50,
2026-09-11T13:14:17,2,1.617,29.32,28.5490,26.9,1.638,31.00,3.99,-63,9.50,
2026-09-11T13:14:18,2,1.646,31.71,28.5490,26.9,1.637,30.94,3.98,-63,9.75,
2026-09-11T13:14:19,2,1.635,30.81,28.5480,26.9,1.637,30.94,3.97,-63,10.00,
2026-09-11T13:14:20,2,1.614,29.13,28.5400,26.9,1.633,30.61,4.00,-63,9.75,
2026-09-11T13:14:21,2,1.636,30.87,28.5590,26.9,1.638,31.00,3.98,-63,9.50,
2026-09-11T13:14:23,2,1.619,29.52,28.5620,26.9,1.638,31.00,3.99,-63,9.75,
2026-09-11T13:14:24,2,1.613,29.07,28.5630,26.9,1.633,30.61,4.00,-63,9.50,
2026-09-11T13:14:25,2,1.636,30.87,28.5650,26.9,1.640,31.19,3.96,-62,10.25,
2026-09-11T13:14:26,2,1.616,29.26,28.5670,26.9,1.637,30.94,3.99,-62,9.50,
2026-09-11T13:14:27,2,1.642,31.39,28.5680,26.9,1.636,30.87,3.98,-62,10.00,
2026-09-11T13:14:28,2,1.637,30.94,28.5680,26.9,1.638,31.00,3.97,-63,9.75,
2026-09-11T13:14:29,2,1.613,29.07,28.5720,26.9,1.635,30.81,4.00,-63,10.00,
2026-09-11T13:14:30,2,1.637,30.94,28.5680,26.9,1.633,30.68,3.98,-63,10.25,
2026-09-11T13:14:31,2,1.616,29.26,28.5730,26.9,1.636,30.87,3.99,-63,9.50,
2026-09-11T13:14:32,2,1.613,29.00,28.5680,26.9,1.631,30.48,4.00,-63,9.75,
2026-09-11T13:14:34,2,1.638,31.07,28.5710,26.9,1.633,30.68,3.96,-62,10.00,
2026-09-11T13:14:35,2,1.616,29.26,28.5740,26.9,1.636,30.87,3.99,-63,9.75,
2026-09-11T13:14:36,2,1.637,30.94,28.5740,26.9,1.634,30.74,3.98,-62,10.25,
2026-09-11T13:14:37,2,1.639,31.13,28.5610,26.9,1.640,31.19,3.97,-63,10.50,
2026-09-11T13:14:38,2,1.615,29.20,28.5680,26.9,1.633,30.61,4.00,-63,9.75,
2026-09-11T13:14:39,2,1.636,30.87,28.5760,26.9,1.635,30.81,3.98,-63,10.25,
2026-09-11T13:14:40,2,1.617,29.32,28.5900,26.9,1.635,30.81,3.98,-62,10.25,
2026-09-11T13:14:41,2,1.614,29.13,28.5830,26.9,1.638,31.07,4.00,-63,9.75,
2026-09-11T13:14:42,2,1.640,31.19,28.5780,26.9,1.639,31.13,3.97,-62,10.50,
2026-09-11T13:14:47,2,1.610,28.81,28.5860,26.9,1.632,30.55,4.00,-56,1.00,
2026-09-11T13:14:48,2,1.640,31.19,28.5860,26.9,1.641,31.26,3.98,-56,1.50,
2026-09-11T13:14:49,2,1.617,29.39,28.5910,26.9,1.635,30.81,3.99,-56,1.50,
2026-09-11T13:14:50,2,1.614,29.13,28.5860,26.9,1.632,30.55,4.00,-57,6.00,
2026-09-11T13:14:51,2,1.639,31.13,28.5820,26.9,1.640,31.19,3.97,-63,10.00,
2026-09-11T13:14:52,2,1.617,29.39,28.5830,26.9,1.638,31.07,3.99,-62,9.50,
2026-09-11T13:14:53,2,1.642,31.39,28.5790,26.9,1.638,31.07,3.98,-63,10.00,
2026-09-11T13:14:54,2,1.638,31.00,28.5850,26.9,1.639,31.13,3.96,-63,10.25,
2026-09-11T13:14:55,2,1.614,29.13,28.5930,26.9,1.630,30.42,4.00,-63,10.00,
2026-09-11T13:14:56,2,1.638,31.00,28.5940,26.9,1.633,30.68,3.98,-62,10.25,
2026-09-11T13:14:58,2,1.620,29.58,28.5880,26.9,1.636,30.87,3.99,-62,9.50,
2026-09-11T13:14:59,2,1.615,29.20,28.5760,26.9,1.632,30.55,3.99,-63,9.50,
2026-09-11T13:15:00,2,1.637,30.94,28.5740,26.9,1.640,31.19,3.97,-63,10.25,
2026-09-11T13:15:01,2,1.617,29.32,28.5710,26.9,1.637,30.94,3.99,-63,9.50,
2026-09-11T13:15:02,2,1.641,31.26,28.5750,26.9,1.636,30.87,3.98,-63,10.00,
2026-09-11T13:15:03,2,1.636,30.87,28.5760,26.9,1.636,30.87,3.97,-63,10.25,
2026-09-11T13:15:04,2,1.617,29.39,28.5740,26.9,1.633,30.61,4.00,-63,9.50,
2026-09-11T13:15:05,2,1.637,30.94,28.5720,26.9,1.636,30.87,3.98,-63,9.75,
2026-09-11T13:15:06,2,1.617,29.32,28.5740,26.9,1.636,30.87,3.99,-62,9.75,
2026-09-11T13:15:07,2,1.617,29.32,28.5740,26.9,1.633,30.61,4.00,-63,9.50,
2026-09-11T13:15:09,2,1.638,31.07,28.5670,26.9,1.640,31.19,3.97,-63,10.25,
2026-09-11T13:15:10,2,1.617,29.32,28.5750,26.9,1.637,30.94,3.99,-63,9.25,
2026-09-11T13:15:11,2,1.642,31.39,28.5720,26.9,1.636,30.87,3.98,-62,10.25,
2026-09-11T13:15:12,2,1.637,30.94,28.5720,26.9,1.640,31.19,3.97,-63,10.00,
2026-09-11T13:15:13,2,1.615,29.20,28.5750,26.9,1.633,30.61,4.00,-63,9.50,
2026-09-11T13:15:14,2,1.638,31.07,28.5740,26.9,1.633,30.68,3.98,-62,9.75,
2026-09-11T13:15:15,2,1.617,29.32,28.5600,26.9,1.634,30.74,3.99,-63,9.50,
2026-09-11T13:15:16,2,1.614,29.13,28.5640,26.9,1.633,30.68,4.00,-63,10.00,
2026-09-11T13:15:17,2,1.638,31.07,28.5620,26.9,1.638,31.00,3.97,-63,10.00,
2026-09-11T13:15:18,2,1.618,29.45,28.5610,26.9,1.636,30.87,3.98,-62,10.25,
2026-09-11T13:15:19,2,1.642,31.39,28.5670,26.9,1.637,30.94,3.98,-63,10.00,
2026-09-11T13:15:21,2,1.639,31.13,28.5630,26.9,1.638,31.00,3.97,-62,10.00,
2026-09-11T13:15:22,2,1.614,29.13,28.5650,26.9,1.632,30.55,4.00,-63,9.50,
2026-09-11T13:15:23,2,1.637,30.94,28.5600,26.9,1.637,30.94,3.98,-63,10.00,
2026-09-11T13:15:24,2,1.617,29.32,28.5680,26.9,1.634,30.74,3.98,-62,9.75,
2026-09-11T13:15:25,2,1.617,29.32,28.5650,26.9,1.632,30.55,4.00,-63,9.50,
2026-09-11T13:15:26,2,1.638,31.07,28.5670,26.9,1.639,31.13,3.97,-63,10.25,
2026-09-11T13:15:31,2,1.640,31.19,28.5600,26.9,1.634,30.74,3.98,-57,1.25,
2026-09-11T13:15:33,2,1.617,29.32,28.5590,26.9,1.637,30.94,3.99,-56,1.50,
2026-09-11T13:15:34,2,1.613,29.07,28.5570,26.9,1.631,30.48,4.00,-56,1.50,
2026-09-11T13:15:35,2,1.636,30.87,28.5610,26.9,1.642,31.32,3.97,-63,10.25,
2026-09-11T13:15:36,2,1.627,30.16,28.5530,26.9,1.636,30.87,3.98,-63,10.00,
2026-09-11T13:15:37,2,1.642,31.32,28.5550,26.9,1.633,30.68,3.98,-63,10.00,
2026-09-11T13:15:38,2,1.636,30.87,28.5560,26.9,1.638,31.00,3.97,-63,10.00,
2026-09-11T13:15:39,2,1.617,29.39,28.5520,26.9,1.633,30.68,3.99,-62,9.50,
2026-09-11T13:15:40,2,1.639,31.13,28.5520,26.9,1.633,30.68,3.98,-63,10.00,
2026-09-11T13:15:41,2,1.613,29.07,28.5540,26.9,1.636,30.87,3.98,-62,10.25,
2026-09-11T13:15:42,2,1.617,29.39,28.5530,26.9,1.631,30.48,4.00,-63,9.75,
2026-09-11T13:15:43,2,1.641,31.26,28.5510,26.9,1.640,31.19,3.97,-63,10.50,
2026-09-11T13:15:45,2,1.618,29.45,28.5630,26.9,1.636,30.87,3.98,-63,10.25,
2026-09-11T13:15:46,2,1.632,30.55,28.5590,26.9,1.634,30.74,4.00,-63,9.75,
2026-09-11T13:15:47,2,1.636,30.87,28.5660,26.9,1.639,31.13,3.97,-63,10.00,
2026-09-11T13:15:48,2,1.615,29.20,28.5720,26.9,1.634,30.74,4.00,-63,9.25,
2026-09-11T13:15:49,2,1.637,30.94,28.5760,26.9,1.636,30.87,3.99,-62,9.75,
2026-09-11T13:15:50,2,1.635,30.81,28.5750,26.9,1.634,30.74,3.98,-62,9.75,
2026-09-11T13:15:51,2,1.617,29.39,28.5860,26.9,1.643,31.45,4.00,-63,9.50,
2026-09-11T13:15:52,2,1.640,31.19,28.5820,26.9,1.641,31.26,3.97,-63,10.50,
2026-09-11T13:15:53,2,1.615,29.20,28.5830,26.9,1.635,30.81,3.99,-63,10.00,
2026-09-11T13:15:54,2,1.621,29.65,28.5900,26.9,1.632,30.55,4.00,-63,9.75,
2026-09-11T13:15:56,2,1.640,31.19,28.5910,26.9,1.637,30.94,3.97,-63,10.25,
2026-09-11T13:15:57,2,1.614,29.13,28.5900,26.9,1.631,30.48,4.00,-63,9.50,
2026-09-11T13:15:58,2,1.641,31.26,28.5850,26.9,1.635,30.81,3.99,-63,9.75,
2026-09-11T13:15:59,2,1.638,31.00,28.5850,26.9,1.639,31.13,3.97,-62,10.00,
2026-09-11T13:16:00,2,1.614,29.13,28.5860,26.9,1.636,30.87,4.00,-63,9.50,
2026-09-11T13:16:01,2,1.638,31.00,28.5870,26.9,1.639,31.13,3.96,-63,10.25,
2026-09-11T13:16:02,2,1.615,29.20,28.5830,26.9,1.637,30.94,3.99,-63,9.50,
2026-09-11T13:16:03,2,1.615,29.20,28.5800,26.9,1.633,30.61,4.00,-63,9.50,
2026-09-11T13:16:04,2,1.638,31.00,28.5820,26.9,1.639,31.13,3.97,-62,10.25,
2026-09-11T13:16:05,2,1.615,29.20,28.5760,26.9,1.630,30.42,4.00,-63,10.25,
2026-09-11T13:16:06,2,1.637,30.94,28.5820,26.9,1.633,30.68,3.98,-63,10.00,
2026-09-11T13:16:08,2,1.634,30.74,28.5820,26.9,1.638,31.07,3.97,-63,10.50,
2026-09-11T13:16:09,2,1.615,29.20,28.5750,26.9,1.632,30.55,4.00,-63,10.00,
2026-09-11T13:16:10,2,1.640,31.19,28.5720,26.9,1.638,31.07,3.96,-63,10.00,
2026-09-11T13:16:11,2,1.617,29.39,28.5790,26.9,1.632,30.55,3.98,-62,10.00,
2026-09-11T13:16:16,2,1.635,30.81,28.5740,26.9,1.638,31.07,3.97,-56,1.25,
2026-09-11T13:16:17,2,1.617,29.32,28.5800,26.9,1.632,30.55,4.00,-56,1.50,
2026-09-11T13:16:18,2,1.638,31.07,28.5890,26.9,1.640,31.19,3.96,-56,2.50,
2026-09-11T13:16:20,2,1.617,29.39,28.5840,26.9,1.635,30.81,3.99,-63,9.75,
2026-09-11T13:16:21,2,1.616,29.26,28.5810,26.9,1.632,30.55,4.00,-61,9.50,
2026-09-11T13:16:22,2,1.638,31.07,28.5820,26.9,1.641,31.26,3.97,-63,10.50,
2026-09-11T13:16:23,2,1.613,29.00,28.5810,26.9,1.631,30.48,4.00,-63,9.25,
2026-09-11T13:16:24,2,1.638,31.07,28.5770,26.9,1.634,30.74,3.98,-63,9.75,
2026-09-11T13:16:25,2,1.636,30.87,28.5810,26.9,1.638,31.00,3.97,-63,10.00,
2026-09-11T13:16:26,2,1.623,29.84,28.5850,26.9,1.633,30.68,4.00,-63,9.50,
2026-09-11T13:16:27,2,1.640,31.19,28.5770,26.9,1.640,31.19,3.97,-62,10.25,
2026-09-11T13:16:28,2,1.617,29.32,28.5790,26.9,1.636,30.87,3.99,-63,9.50,
2026-09-11T13:16:29,2,1.613,29.07,28.5870,26.9,1.631,30.48,4.00,-63,9.50,
2026-09-11T13:16:30,2,1.638,31.07,28.5810,26.9,1.639,31.13,3.97,-63,10.00,
2026-09-11T13:16:32,2,1.613,29.00,28.5850,26.9,1.631,30.48,4.00,-63,9.75,
2026-09-11T13:16:33,2,1.631,30.48,28.5840,26.9,1.636,30.87,3.98,-63,10.00,
2026-09-11T13:16:34,2,1.638,31.07,28.5830,26.9,1.639,31.13,3.97,-63,10.25,
2026-09-11T13:16:35,2,1.615,29.20,28.5880,26.9,1.632,30.55,4.00,-63,9.75,
2026-09-11T13:16:36,2,1.642,31.39,28.5940,26.9,1.639,31.13,3.97,-63,10.00,
2026-09-11T13:16:37,2,1.615,29.20,28.5860,26.9,1.637,30.94,3.98,-63,9.75,
2026-09-11T13:16:38,2,1.613,29.07,28.5940,26.9,1.631,30.48,4.00,-63,9.50,
2026-09-11T13:16:39,2,1.638,31.07,28.5850,26.9,1.642,31.39,3.96,-62,10.00,
2026-09-11T13:16:40,2,1.617,29.39,28.5970,26.9,1.622,29.78,4.00,-63,9.50,
2026-09-11T13:16:41,2,1.642,31.32,28.6060,26.9,1.634,30.74,3.98,-63,10.00,
2026-09-11T13:16:43,2,1.638,31.00,28.6140,26.9,1.637,30.94,3.97,-63,10.50,
2026-09-11T13:16:44,2,1.613,29.07,28.6150,26.9,1.632,30.55,4.00,-63,9.50,
2026-09-11T13:16:45,2,1.638,31.07,28.6070,26.9,1.642,31.32,3.96,-62,10.25,
2026-09-11T13:16:46,2,1.617,29.32,28.6030,26.9,1.635,30.81,3.98,-63,10.25,
2026-09-11T13:16:47,2,1.615,29.20,28.6020,26.9,1.631,30.48,4.00,-63,10.00,
2026-09-11T13:16:48,2,1.638,31.00,28.6020,26.9,1.638,31.07,3.97,-63,10.50,
2026-09-11T13:16:49,2,1.621,29.71,28.6000,26.9,1.632,30.55,4.00,-63,9.75,
2026-09-11T13:16:50,2,1.642,31.32,28.5990,26.9,1.646,31.65,3.98,-63,10.50,
2026-09-11T13:16:51,2,1.639,31.13,28.5990,26.9,1.639,31.13,3.97,-63,10.25,
2026-09-11T13:16:52,2,1.613,29.07,28.5940,26.9,1.630,30.42,4.00,-63,9.50,
2026-09-11T13:16:53,2,1.641,31.26,28.5920,26.9,1.639,31.13,3.96,-62,9.75,
2026-09-11T13:16:55,2,1.617,29.32,28.5900,26.9,1.634,30.74,3.99,-63,10.00,
2026-09-11T13:16:56,2,1.613,29.07,28.5910,26.9,1.633,30.61,3.99,-63,9.75,
2026-09-11T13:17:00,2,1.638,31.00,28.5850,26.9,1.636,30.87,3.97,-56,1.50,
2026-09-11T13:17:01,2,1.613,29.00,28.5780,26.9,1.632,30.55,3.99,-56,1.50,
2026-09-11T13:17:02,2,1.642,31.32,28.5780,26.9,1.641,31.26,3.96,-56,1.75,
2026-09-11T13:17:03,2,1.617,29.39,28.5770,26.9,1.636,30.87,3.98,-57,6.00,
2026-09-11T13:17:04,2,1.617,29.39,28.5840,26.9,1.633,30.68,4.00,-63,9.50,
2026-09-11T13:17:05,2,1.641,31.26,28.5850,26.9,1.638,31.07,3.97,-63,10.25,
2026-09-11T13:17:07,2,1.615,29.20,28.5840,26.9,1.633,30.68,4.00,-63,9.50,
2026-09-11T13:17:08,2,1.641,31.26,28.5840,26.9,1.632,30.55,3.98,-63,9.75,
2026-09-11T13:17:09,2,1.638,31.07,28.5760,26.9,1.638,31.07,3.97,-63,10.25,
2026-09-11T13:17:10,2,1.615,29.20,28.5830,26.9,1.633,30.61,4.00,-62,9.50,
2026-09-11T13:17:11,2,1.642,31.32,28.5830,26.9,1.642,31.32,3.96,-62,9.75,
2026-09-11T13:17:12,2,1.621,29.65,28.5760,26.9,1.638,31.00,3.98,-63,9.50,
2026-09-11T13:17:13,2,1.616,29.26,28.5810,26.9,1.631,30.48,3.99,-62,9.75,
2026-09-11T13:17:14,2,1.638,31.07,28.5850,26.9,1.639,31.13,3.97,-62,10.25,
2026-09-11T13:17:15,2,1.614,29.13,28.5790,26.9,1.633,30.61,4.00,-61,9.75,
2026-09-11T13:17:16,2,1.629,30.29,28.5810,26.9,1.633,30.68,4.00,-63,10.00,
2026-09-11T13:17:18,2,1.637,30.94,28.5850,26.9,1.638,31.00,3.97,-63,9.75,
2026-09-11T13:17:19,2,1.616,29.26,28.5850,26.9,1.634,30.74,4.00,-63,9.75,
2026-09-11T13:17:20,2,1.642,31.39,28.5790,26.9,1.640,31.19,3.96,-63,9.75,
2026-09-11T13:17:21,2,1.622,29.78,28.5860,26.9,1.635,30.81,3.97,-63,10.00,
2026-09-11T13:17:22,2,1.612,28.94,28.5950,26.9,1.633,30.68,4.00,-63,9.50,
2026-09-11T13:17:23,2,1.639,31.13,28.5970,26.9,1.640,31.19,3.97,-62,10.00,
2026-09-11T13:17:24,2,1.614,29.13,28.5880,26.9,1.633,30.61,4.00,-63,9.75,
2026-09-11T13:17:25,2,1.615,29.20,28.5870,26.9,1.630,30.42,4.00,-63,10.00,
2026-09-11T13:17:26,2,1.635,30.81,28.5900,26.9,1.638,31.07,3.97,-62,10.25,
2026-09-11T13:17:27,2,1.614,29.13,28.5940,26.9,1.631,30.48,4.00,-63,9.75,
2026-09-11T13:17:28,2,1.642,31.39,28.6030,26.9,1.641,31.26,3.97,-63,9.75,
2026-09-11T13:17:30,2,1.637,30.94,28.6010,26.9,1.638,31.00,3.97,-62,10.25,
2026-09-11T13:17:31,2,1.615,29.20,28.6000,26.9,1.631,30.48,3.99,-63,9.75,
2026-09-11T13:17:32,2,1.639,31.13,28.6010,26.9,1.638,31.00,3.97,-63,10.25,
2026-09-11T13:17:33,2,1.608,28.62,28.5960,26.9,1.630,30.42,4.00,-63,9.50,
2026-09-11T13:17:34,2,1.613,29.07,28.5970,26.9,1.631,30.48,4.00,-63,9.75,
2026-09-11T13:17:35,2,1.637,30.94,28.5980,26.9,1.641,31.26,3.97,-63,10.25,
2026-09-11T13:17:36,2,1.615,29.20,28.6000,26.9,1.632,30.55,4.00,-63,9.50,
2026-09-11T13:17:37,2,1.642,31.32,28.5960,26.9,1.641,31.26,3.96,-62,10.00,
2026-09-11T13:17:38,2,1.635,30.81,28.6000,26.9,1.639,31.13,3.97,-63,10.50,
2026-09-11T13:17:39,2,1.616,29.26,28.5900,26.9,1.632,30.55,4.00,-63,9.75,
2026-09-11T13:17:45,2,1.613,29.07,28.5830,26.9,1.633,30.61,4.00,-56,1.50,
2026-09-11T13:17:46,2,1.641,31.26,28.5780,26.9,1.639,31.13,3.96,-56,1.25,
2026-09-11T13:17:47,2,1.637,30.94,28.5760,26.9,1.639,31.13,3.97,-56,1.75,
2026-09-11T13:17:48,2,1.612,28.94,28.5770,26.9,1.633,30.61,4.00,-63,9.50,
2026-09-11T13:17:49,2,1.650,31.97,28.5750,26.9,1.638,31.00,3.97,-63,10.25,
2026-09-11T13:17:50,2,1.613,29.00,28.5710,26.9,1.631,30.48,4.00,-63,9.50,
2026-09-11T13:17:51,2,1.614,29.13,28.5730,26.9,1.634,30.74,3.99,-63,10.00,
2026-09-11T13:17:52,2,1.635,30.81,28.5850,26.9,1.639,31.13,3.97,-63,10.00,
2026-09-11T13:17:54,2,1.614,29.13,28.5800,26.9,1.631,30.48,3.99,-62,12.00,
2026-09-11T13:17:55,2,1.644,31.52,28.5830,26.9,1.638,31.07,3.96,-63,9.50,
2026-09-11T13:17:56,2,1.637,30.94,28.5730,26.9,1.638,31.00,3.97,-62,10.50,
2026-09-11T13:17:57,2,1.614,29.13,28.5750,26.9,1.630,30.42,3.99,-62,9.50,
2026-09-11T13:17:58,2,1.640,31.19,28.5760,26.9,1.638,31.07,3.97,-62,10.00,
2026-09-11T13:17:59,2,1.616,29.26,28.5850,26.9,1.632,30.55,3.99,-62,9.75,
2026-09-11T13:18:00,2,1.614,29.13,28.5850,26.9,1.631,30.48,4.00,-63,10.00,
2026-09-11T13:18:01,2,1.637,30.94,28.5850,26.9,1.636,30.87,3.97,-63,10.25,
2026-09-11T13:18:02,2,1.613,29.07,28.5920,26.9,1.633,30.61,3.99,-63,9.50,
2026-09-11T13:18:03,2,1.643,31.45,28.5920,26.9,1.644,31.52,3.96,-63,10.00,
2026-09-11T13:18:05,2,1.635,30.81,28.5960,26.9,1.638,31.07,3.97,-62,10.00,
2026-09-11T13:18:06,2,1.613,29.07,28.5940,26.9,1.633,30.68,4.00,-63,9.50,
2026-09-11T13:18:07,2,1.642,31.39,28.5930,26.9,1.640,31.19,3.97,-62,10.25,
2026-09-11T13:18:08,2,1.616,29.26,28.5940,26.9,1.633,30.61,3.99,-63,9.75,
2026-09-11T13:18:09,2,1.616,29.26,28.5960,26.9,1.634,30.74,4.00,-63,10.00,
2026-09-11T13:18:10,2,1.638,31.07,28.5930,26.9,1.641,31.26,3.97,-60,10.00,
2026-09-11T13:18:11,2,1.616,29.26,28.5910,26.9,1.631,30.48,3.99,-62,9.75,
2026-09-11T13:18:12,2,1.642,31.32,28.5830,26.9,1.642,31.39,3.96,-62,10.00,
2026-09-11T13:18:13,2,1.638,31.00,28.5850,26.9,1.638,31.07,3.97,-63,10.00,
2026-09-11T13:18:14,2,1.612,28.94,28.5870,26.9,1.633,30.68,4.00,-63,10.00,
2026-09-11T13:18:15,2,1.642,31.39,28.5920,26.9,1.639,31.13,3.97,-62,10.25,
2026-09-11T13:18:17,2,1.615,29.20,28.5950,26.9,1.642,31.32,3.99,-63,10.00,
2026-09-11T13:18:18,2,1.615,29.20,28.5920,26.9,1.631,30.48,4.00,-63,9.50,
2026-09-11T13:18:19,2,1.635,30.81,28.5880,26.9,1.638,31.00,3.97,-62,10.25,
2026-09-11T13:18:20,2,1.613,29.07,28.5860,26.9,1.633,30.61,3.99,-63,10.00,
2026-09-11T13:18:21,2,1.640,31.19,28.5990,26.9,1.642,31.32,3.96,-63,10.00,
2026-09-11T13:18:22,2,1.638,31.07,28.5910,26.9,1.636,30.87,3.97,-62,10.50,
2026-09-11T13:18:23,2,1.613,29.07,28.5830,26.9,1.631,30.48,4.00,-63,9.75,
2026-09-11T13:18:24,2,1.641,31.26,28.5890,26.9,1.641,31.26,3.97,-63,10.00,
2026-09-11T13:18:30,2,1.643,31.45,28.5860,26.9,1.636,30.87,3.96,-56,1.50,
2026-09-11T13:18:31,2,1.638,31.00,28.5840,26.9,1.637,30.94,3.97,-56,1.50,
2026-09-11T13:18:33,2,1.640,31.19,28.5890,26.9,1.638,31.00,3.97,-63,10.00,
2026-09-11T13:18:34,2,1.613,29.07,28.5890,26.9,1.632,30.55,4.00,-63,9.50,
2026-09-11T13:18:35,2,1.615,29.20,28.5870,26.9,1.633,30.61,4.00,-63,10.25,
2026-09-11T13:18:36,2,1.638,31.07,28.5900,26.9,1.638,31.07,3.97,-62,10.25,
2026-09-11T13:18:37,2,1.614,29.13,28.5950,26.9,1.633,30.61,3.99,-63,10.00,
2026-09-11T13:18:38,2,1.642,31.32,28.5900,26.9,1.641,31.26,3.96,-63,10.25,
2026-09-11T13:18:39,2,1.635,30.81,28.5910,26.9,1.639,31.13,3.97,-62,10.50,
2026-09-11T13:18:41,2,1.616,29.26,28.5840,26.9,1.633,30.61,3.99,-63,9.25,
2026-09-11T13:18:42,2,1.641,31.26,28.5870,26.9,1.641,31.26,3.97,-62,10.75,
2026-09-11T13:18:43,2,1.619,29.52,28.5860,26.9,1.631,30.48,4.00,-63,9.75,
2026-09-11T13:18:44,2,1.613,29.07,28.5820,26.9,1.634,30.74,3.99,-62,9.50,
2026-09-11T13:18:45,2,1.637,30.94,28.5890,26.9,1.637,30.94,3.97,-63,10.00,
2026-09-11T13:18:46,2,1.613,29.07,28.5950,26.9,1.634,30.74,3.99,-63,9.25,
2026-09-11T13:18:47,2,1.646,31.71,28.5960,26.9,1.642,31.32,3.96,-63,9.75,
2026-09-11T13:18:48,2,1.639,31.13,28.5990,26.9,1.638,31.00,3.97,-63,10.25,
2026-09-11T13:18:49,2,1.613,29.07,28.5970,26.9,1.633,30.61,3.99,-62,9.50,
2026-09-11T13:18:50,2,1.640,31.19,28.5950,26.9,1.640,31.19,3.97,-63,10.00,
2026-09-11T13:18:52,2,1.616,29.26,28.5880,26.9,1.630,30.42,4.00,-63,10.00,
2026-09-11T13:18:53,2,1.613,29.07,28.5870,26.9,1.630,30.42,3.99,-62,10.00,
2026-09-11T13:18:54,2,1.638,31.00,28.5860,26.9,1.638,31.07,3.97,-63,10.00,
2026-09-11T13:18:55,2,1.614,29.13,28.5860,26.9,1.634,30.74,4.00,-63,9.50,
2026-09-11T13:18:56,2,1.643,31.45,28.5810,26.9,1.638,31.00,3.96,-63,10.00,
2026-09-11T13:18:57,2,1.636,30.87,28.5790,26.9,1.637,30.94,3.97,-63,10.25,
2026-09-11T13:18:58,2,1.617,29.32,28.5760,26.9,1.632,30.55,3.99,-63,9.50,
2026-09-11T13:18:59,2,1.640,31.19,28.5760,26.9,1.639,31.13,3.96,-63,11.25,
2026-09-11T13:19:00,2,1.613,29.00,28.5700,26.9,1.633,30.61,4.00,-63,10.00,
2026-09-11T13:19:01,2,1.616,29.26,28.5690,26.9,1.631,30.48,3.99,-63,9.75,
2026-09-11T13:19:02,2,1.636,30.87,28.5610,26.9,1.633,30.61,3.97,-63,10.00,
2026-09-11T13:19:04,2,1.616,29.26,28.5620,26.9,1.633,30.61,3.99,-63,9.25,
2026-09-11T13:19:05,2,1.641,31.26,28.5650,26.9,1.642,31.32,3.96,-60,12.25,
2026-09-11T13:19:06,2,1.635,30.81,28.5620,26.9,1.637,30.94,3.97,-63,9.75,
2026-09-11T13:19:07,2,1.613,29.07,28.5500,26.9,1.635,30.81,4.00,-63,9.75,
2026-09-11T13:19:08,2,1.640,31.19,28.5480,26.9,1.638,31.00,3.96,-63,9.75,
2026-09-11T13:19:09,2,1.614,29.13,28.5460,26.9,1.632,30.55,4.00,-63,9.75,
2026-09-11T13:19:13,2,1.647,31.77,28.5560,26.9,1.640,31.19,3.96,-56,2.25,
2026-09-11T13:19:14,2,1.635,30.81,28.5570,26.9,1.640,31.19,3.97,-56,1.50,
2026-09-11T13:19:16,2,1.615,29.20,28.5610,26.9,1.632,30.55,4.00,-57,1.50,
2026-09-11T13:19:17,2,1.642,31.32,28.5590,26.9,1.638,31.07,3.97,-57,4.25,
2026-09-11T13:19:18,2,1.616,29.26,28.5660,26.9,1.635,30.81,4.00,-63,9.75,
2026-09-11T13:19:19,2,1.615,29.20,28.5680,26.9,1.640,31.19,4.00,-64,9.75,
2026-09-11T13:19:20,2,1.638,31.00,28.5730,26.9,1.638,31.07,3.97,-63,10.00,
2026-09-11T13:19:21,2,1.614,29.13,28.5770,26.9,1.633,30.61,4.00,-63,10.00,
2026-09-11T13:19:22,2,1.642,31.39,28.5750,26.9,1.640,31.19,3.96,-63,10.00,
2026-09-11T13:19:23,2,1.637,30.94,28.5860,26.9,1.638,31.07,3.97,-63,10.25,
2026-09-11T13:19:24,2,1.614,29.13,28.5820,26.9,1.633,30.61,3.99,-63,9.25,
2026-09-11T13:19:25,2,1.638,31.07,28.5780,26.9,1.640,31.19,3.97,-63,10.50,
2026-09-11T13:19:27,2,1.615,29.20,28.5860,26.9,1.632,30.55,4.00,-63,9.75,
2026-09-11T13:19:28,2,1.613,29.00,28.5890,26.9,1.631,30.48,4.00,-63,10.00,
2026-09-11T13:19:29,2,1.638,31.00,28.5880,26.9,1.638,31.00,3.97,-63,10.00,
2026-09-11T13:19:30,2,1.613,29.07,28.5840,26.9,1.632,30.55,4.00,-63,9.50,
2026-09-11T13:19:31,2,1.643,31.45,28.5800,26.9,1.643,31.45,3.96,-62,9.75,
2026-09-11T13:19:32,2,1.636,30.87,28.5840,26.9,1.639,31.13,3.97,-63,10.75,
2026-09-11T13:19:33,2,1.616,29.26,28.5770,26.9,1.631,30.48,4.00,-63,10.00,
2026-09-11T13:19:34,2,1.640,31.19,28.5740,26.9,1.638,31.07,3.97,-63,9.75,
2026-09-11T13:19:35,2,1.613,29.00,28.5740,26.9,1.632,30.55,4.00,-63,10.00,
2026-09-11T13:19:36,2,1.617,29.32,28.5750,26.9,1.633,30.68,4.00,-63,10.00,
2026-09-11T13:19:37,2,1.638,31.07,28.5760,26.9,1.639,31.13,3.97,-63,10.25,
2026-09-11T13:19:39,2,1.615,29.20,28.5770,26.9,1.631,30.48,4.00,-63,9.75,
2026-09-11T13:19:40,2,1.642,31.39,28.5750,26.9,1.640,31.19,3.96,-62,9.75,
2026-09-11T13:19:41,2,1.637,30.94,28.5760,26.9,1.641,31.26,3.97,-63,10.50,
2026-09-11T13:19:42,2,1.603,28.23,28.5780,26.9,1.633,30.68,4.00,-63,9.50,
2026-09-11T13:19:43,2,1.640,31.19,28.5760,26.9,1.642,31.39,3.97,-62,9.75,
2026-09-11T13:19:44,2,1.614,29.13,28.5740,26.9,1.630,30.42,4.00,-63,9.75,
2026-09-11T13:19:45,2,1.613,29.07,28.5770,26.9,1.633,30.61,3.99,-63,9.50,
2026-09-11T13:19:46,2,1.635,30.81,28.5740,26.9,1.638,31.00,3.97,-62,9.75,
2026-09-11T13:19:47,2,1.614,29.13,28.5740,26.9,1.630,30.42,4.00,-63,9.75,
2026-09-11T13:19:48,2,1.645,31.58,28.5750,26.9,1.642,31.32,3.96,-63,10.25,
2026-09-11T13:19:49,2,1.636,30.87,28.5790,26.9,1.638,31.07,3.97,-63,10.25,
2026-09-11T13:19:51,2,1.613,29.07,28.5750,26.9,1.633,30.68,4.00,-63,9.75,
2026-09-11T13:19:52,2,1.641,31.26,28.5760,26.9,1.640,31.19,3.97,-62,10.25,
2026-09-11T13:19:53,2,1.617,29.32,28.5800,26.9,1.633,30.68,4.00,-63,9.75,
2026-09-11T13:19:58,2,1.637,30.94,28.5790,26.9,1.637,30.94,3.97,-55,3.50,
2026-09-11T13:20:00,2,1.634,30.74,28.5730,26.9,1.639,31.00,3.97,-58,-1.25,
2026-09-11T13:20:01,2,1.614,29.13,28.5770,26.9,1.633,30.68,4.00,-66,9.75,
2026-09-11T13:20:03,2,1.615,29.20,28.5860,26.9,1.632,30.55,3.99,-64,9.00,
2026-09-11T13:20:04,2,1.640,31.19,28.5910,26.9,1.638,31.00,3.97,-64,9.75,
2026-09-11T13:20:05,2,1.616,29.26,28.5900,26.9,1.632,30.55,4.00,-63,10.00,
2026-09-11T13:20:06,2,1.644,31.52,28.5920,26.9,1.638,31.07,3.96,-62,9.75,
2026-09-11T13:20:07,2,1.635,30.81,28.5930,26.9,1.638,31.00,3.97,-62,10.25,
2026-09-11T13:20:08,2,1.614,29.13,28.5900,26.9,1.633,30.68,3.99,-62,9.50,
2026-09-11T13:20:09,2,1.640,31.19,28.5910,26.9,1.638,31.07,3.97,-64,10.00,
2026-09-11T13:20:10,2,1.613,29.07,28.5870,26.9,1.630,30.42,4.00,-64,9.75,
2026-09-11T13:20:11,2,1.619,29.52,28.5960,26.9,1.633,30.68,4.00,-64,9.50,
2026-09-11T13:20:12,2,1.638,31.00,28.6020,26.9,1.637,30.94,3.97,-62,10.25,
2026-09-11T13:20:14,2,1.615,29.20,28.5960,26.9,1.633,30.61,4.00,-63,9.75,
2026-09-11T13:20:15,2,1.644,31.52,28.5950,26.9,1.642,31.32,3.96,-62,9.75,
2026-09-11T13:20:16,2,1.634,30.74,28.5890,26.9,1.638,31.07,3.97,-63,10.50,
2026-09-11T13:20:17,2,1.612,28.94,28.5940,26.9,1.633,30.61,3.99,-63,9.75,
2026-09-11T13:20:18,2,1.640,31.19,28.5970,26.9,1.638,31.07,3.96,-63,12.25,
2026-09-11T13:20:19,2,1.613,29.07,28.6000,26.9,1.635,30.81,3.99,-62,9.50,
2026-09-11T13:20:20,2,1.614,29.13,28.6000,26.9,1.631,30.48,4.00,-63,9.50,
2026-09-11T13:20:21,2,1.638,31.00,28.6030,26.9,1.638,31.00,3.97,-63,10.25,
2026-09-11T13:20:22,2,1.614,29.13,28.6000,26.9,1.631,30.48,4.00,-63,9.50,
2026-09-11T13:20:23,2,1.644,31.52,28.5920,26.9,1.641,31.26,3.98,-63,9.50,
2026-09-11T13:20:24,2,1.635,30.81,28.5840,26.9,1.638,31.07,3.96,-62,10.00,
2026-09-11T13:20:26,2,1.615,29.20,28.5820,26.9,1.632,30.55,4.00,-63,9.75,
2026-09-11T13:20:27,2,1.640,31.19,28.5780,26.9,1.639,31.13,3.97,-62,11.25,
2026-09-11T13:20:28,2,1.615,29.20,28.5750,26.9,1.632,30.55,3.98,-62,10.00,
2026-09-11T13:20:29,2,1.612,28.94,28.5800,26.9,1.631,30.48,4.00,-63,9.75,
2026-09-11T13:20:30,2,1.640,31.19,28.5870,26.9,1.640,31.19,3.96,-62,9.75,
2026-09-11T13:20:31,2,1.613,29.00,28.5800,26.9,1.633,30.68,3.99,-62,9.50,
2026-09-11T13:20:32,2,1.640,31.19,28.5730,26.9,1.640,31.19,3.98,-62,10.00,
2026-09-11T13:20:33,2,1.635,30.81,28.5730,26.9,1.638,31.00,3.97,-63,10.00,
2026-09-11T13:20:34,2,1.617,29.32,28.5750,26.9,1.634,30.74,3.99,-62,9.50,
2026-09-11T13:20:35,2,1.640,31.19,28.5720,26.9,1.638,31.07,3.97,-63,10.00,
2026-09-11T13:20:36,2,1.617,29.39,28.5730,26.9,1.631,30.48,3.98,-63,10.00,
2026-09-11T13:20:38,2,1.617,29.32,28.5730,26.9,1.633,30.61,3.99,-62,9.25,
2026-09-11T13:20:43,2,1.614,29.13,28.5750,26.9,1.631,30.48,4.00,-57,1.50,
2026-09-11T13:20:44,2,1.640,31.19,28.5760,26.9,1.638,31.07,3.96,-57,1.00,
2026-09-11T13:20:45,2,1.616,29.26,28.5790,26.9,1.633,30.68,3.98,-56,2.25,
2026-09-11T13:20:46,2,1.615,29.20,28.5830,26.9,1.646,31.65,4.00,-64,9.75,
2026-09-11T13:20:47,2,1.637,30.94,28.5800,26.9,1.638,31.00,3.96,-64,9.75,
2026-09-11T13:20:49,2,1.616,29.26,28.5770,26.9,1.632,30.55,4.00,-64,9.75,
2026-09-11T13:20:50,2,1.641,31.26,28.5730,26.9,1.638,31.00,3.99,-63,9.50,
2026-09-11T13:20:51,2,1.638,31.07,28.5730,26.9,1.639,31.13,3.97,-63,10.50,
2026-09-11T13:20:52,2,1.616,29.26,28.5750,26.9,1.636,30.87,4.00,-64,9.75,
2026-09-11T13:20:53,2,1.640,31.19,28.5740,26.9,1.638,31.00,3.96,-64,10.00,
2026-09-11T13:20:54,2,1.619,29.52,28.5760,26.9,1.636,30.87,3.97,-63,10.25,
2026-09-11T13:20:55,2,1.616,29.26,28.5830,26.9,1.633,30.68,3.99,-63,9.50,
2026-09-11T13:20:56,2,1.642,31.32,28.5750,26.9,1.639,31.13,3.97,-63,10.00,
2026-09-11T13:20:57,2,1.615,29.20,28.5720,26.9,1.631,30.48,4.00,-64,9.75,
2026-09-11T13:20:58,2,1.614,29.13,28.5750,26.9,1.630,30.42,3.99,-63,9.50,
2026-09-11T13:20:59,2,1.636,30.87,28.5690,26.9,1.637,30.94,3.97,-63,9.75,
2026-09-11T13:21:01,2,1.613,29.07,28.5700,26.9,1.633,30.68,3.99,-63,10.00,
2026-09-11T13:21:02,2,1.632,30.55,28.5680,26.9,1.639,31.13,3.96,-64,9.75,
2026-09-11T13:21:03,2,1.638,31.07,28.5610,26.9,1.638,31.07,3.97,-63,9.75,
2026-09-11T13:21:04,2,1.613,29.00,28.5630,26.9,1.633,30.61,3.99,-63,9.75,
2026-09-11T13:21:05,2,1.638,31.07,28.5600,26.9,1.639,31.13,3.97,-63,10.25,
2026-09-11T13:21:06,2,1.613,29.07,28.5600,26.9,1.632,30.55,4.00,-64,9.75,
2026-09-11T13:21:07,2,1.615,29.20,28.5630,26.9,1.630,30.42,3.99,-63,9.75,
2026-09-11T13:21:08,2,1.638,31.07,28.5660,26.9,1.635,30.81,3.97,-63,10.00,
2026-09-11T13:21:09,2,1.615,29.20,28.5630,26.9,1.634,30.74,4.00,-64,9.50,
2026-09-11T13:21:10,2,1.642,31.39,28.5640,26.9,1.639,31.13,3.96,-63,9.75,
2026-09-11T13:21:11,2,1.635,30.81,28.5610,26.9,1.629,30.36,3.97,-63,10.00,
2026-09-11T13:21:13,2,1.613,29.00,28.5630,26.9,1.633,30.61,4.00,-63,9.75,
2026-09-11T13:21:14,2,1.638,31.00,28.5570,26.9,1.638,31.07,3.96,-63,10.00,
2026-09-11T13:21:15,2,1.613,29.07,28.5560,26.9,1.637,30.94,4.00,-64,9.75,
2026-09-11T13:21:16,2,1.613,29.07,28.5590,26.9,1.635,30.81,4.00,-64,10.00,
2026-09-11T13:21:17,2,1.637,30.94,28.5650,26.9,1.639,31.13,3.96,-63,10.00,
2026-09-11T13:21:18,2,1.616,29.26,28.5630,26.9,1.630,30.42,3.99,-63,9.50,
2026-09-11T13:21:19,2,1.640,31.19,28.5650,26.9,1.638,31.00,3.97,-63,10.00,
2026-09-11T13:21:20,2,1.637,30.94,28.5650,26.9,1.639,31.13,3.97,-63,10.00,
2026-09-11T13:21:21,2,1.615,29.20,28.5650,26.9,1.634,30.74,3.99,-63,9.50,
2026-09-11T13:21:22,2,1.638,31.00,28.5770,26.9,1.641,31.26,3.97,-63,10.25,
2026-09-11T13:21:28,2,1.642,31.39,28.5820,26.9,1.640,31.19,3.96,-56,2.00,
2026-09-11T13:21:29,2,1.637,30.94,28.5830,26.9,1.636,30.87,3.97,-56,2.25,
2026-09-11T13:21:30,2,1.615,29.20,28.5850,26.9,1.632,30.55,4.00,-57,5.25,
2026-09-11T13:21:31,2,1.638,31.00,28.5830,26.9,1.636,30.87,3.97,-63,10.25,
2026-09-11T13:21:32,2,1.617,29.32,28.5810,26.9,1.633,30.61,4.00,-63,10.00,
2026-09-11T13:21:33,2,1.615,29.20,28.5870,26.9,1.633,30.68,3.99,-64,9.75,
2026-09-11T13:21:34,2,1.637,30.94,28.5970,26.9,1.638,31.00,3.97,-64,9.75,
2026-09-11T13:21:36,2,1.618,29.45,28.5960,26.9,1.633,30.61,4.00,-64,9.25,
2026-09-11T13:21:37,2,1.642,31.32,28.5880,26.9,1.638,31.07,3.96,-64,9.50,
2026-09-11T13:21:38,2,1.634,30.74,28.5900,26.9,1.638,31.00,3.97,-64,9.75,
2026-09-11T13:21:39,2,1.615,29.20,28.5980,26.9,1.632,30.55,4.00,-65,9.00,
2026-09-11T13:21:40,2,1.642,31.32,28.5970,26.9,1.639,31.13,3.97,-64,9.75,
2026-09-11T13:21:41,2,1.613,29.07,28.5930,26.9,1.633,30.68,3.99,-64,9.00,
2026-09-11T13:21:42,2,1.614,29.13,28.5950,26.9,1.633,30.61,3.99,-64,9.00,
2026-09-11T13:21:43,2,1.638,31.00,28.5970,26.9,1.640,31.19,3.97,-64,10.00,
2026-09-11T13:21:44,2,1.612,28.94,28.6010,26.9,1.632,30.55,4.00,-65,9.25,
2026-09-11T13:21:45,2,1.643,31.45,28.6010,26.9,1.638,31.07,3.97,-64,9.75,
2026-09-11T13:21:46,2,1.637,30.94,28.6070,26.9,1.639,31.13,3.97,-64,9.50,
2026-09-11T13:21:48,2,1.616,29.26,28.6070,26.9,1.630,30.42,4.00,-64,9.50,
2026-09-11T13:21:49,2,1.640,31.19,28.6120,26.9,1.640,31.19,3.97,-64,9.75,
2026-09-11T13:21:50,2,1.614,29.13,28.6140,26.9,1.633,30.61,4.00,-64,9.50,
2026-09-11T13:21:51,2,1.613,29.07,28.6120,26.9,1.632,30.55,4.00,-64,9.25,
2026-09-11T13:21:52,2,1.638,31.07,28.6160,26.9,1.639,31.13,3.97,-64,9.75,
2026-09-11T13:21:53,2,1.616,29.26,28.6080,26.9,1.627,30.16,4.00,-64,9.25,
2026-09-11T13:21:54,2,1.646,31.65,28.6050,26.9,1.640,31.19,3.96,-64,9.50,
2026-09-11T13:21:55,2,1.636,30.87,28.5990,26.9,1.636,30.87,3.96,-64,9.50,
2026-09-11T13:21:56,2,1.614,29.13,28.6090,26.9,1.630,30.42,3.99,-64,9.25,
2026-09-11T13:21:57,2,1.642,31.39,28.6020,26.9,1.640,31.19,3.97,-64,9.50,
2026-09-11T13:21:58,2,1.617,29.32,28.5950,26.9,1.631,30.48,4.00,-64,9.50,
2026-09-11T13:22:00,2,1.613,29.07,28.5980,26.9,1.632,30.55,4.00,-65,9.25,
2026-09-11T13:22:01,2,1.637,30.94,28.6030,26.9,1.638,31.07,3.97,-64,9.75,
2026-09-11T13:22:02,2,1.614,29.13,28.5980,26.9,1.634,30.74,4.00,-64,9.25,
2026-09-11T13:22:03,2,1.641,31.26,28.5930,26.9,1.639,31.13,3.98,-64,9.50,
2026-09-11T13:22:04,2,1.636,30.87,28.5990,26.9,1.636,30.87,3.97,-64,12.00,
2026-09-11T13:22:05,2,1.614,29.13,28.5980,26.9,1.634,30.74,3.99,-64,9.75,
2026-09-11T13:22:06,2,1.642,31.32,28.5930,26.9,1.638,31.07,3.96,-64,9.25,
2026-09-11T13:22:12,2,1.616,29.26,28.5850,26.9,1.637,30.94,3.98,-57,0.00,
2026-09-11T13:22:13,2,1.633,30.68,28.5950,26.9,1.637,30.94,3.97,-57,0.25,
2026-09-11T13:22:14,2,1.614,29.13,28.6000,26.9,1.632,30.55,4.00,-58,0.25,
2026-09-11T13:22:15,2,1.641,31.26,28.6030,26.9,1.638,31.07,3.96,-64,9.50,
2026-09-11T13:22:16,2,1.635,30.81,28.5980,26.9,1.638,31.07,3.98,-64,9.00,
2026-09-11T13:22:17,2,1.613,29.07,28.5970,26.9,1.632,30.55,3.99,-64,9.25,
2026-09-11T13:22:18,2,1.640,31.19,28.5990,26.9,1.638,31.07,3.97,-64,9.50,
2026-09-11T13:22:19,2,1.614,29.13,28.5920,26.9,1.631,30.48,4.00,-65,9.50,
2026-09-11T13:22:20,2,1.618,29.45,28.5990,26.9,1.636,30.87,3.98,-64,9.50,
2026-09-11T13:22:21,2,1.635,30.81,28.5980,26.9,1.639,31.13,3.96,-64,9.50,
2026-09-11T13:22:23,2,1.617,29.39,28.5950,26.9,1.631,30.48,3.99,-64,9.50,
2026-09-11T13:22:24,2,1.644,31.52,28.5800,26.9,1.638,31.00,3.97,-64,9.25,
2026-09-11T13:22:25,2,1.633,30.61,28.5760,26.9,1.638,31.07,3.98,-64,9.50,
2026-09-11T13:22:26,2,1.617,29.32,28.5710,26.9,1.632,30.55,3.99,-64,9.25,
2026-09-11T13:22:27,2,1.639,31.13,28.5690,26.9,1.641,31.26,3.97,-64,9.75,
2026-09-11T13:22:28,2,1.613,29.07,28.5600,26.9,1.633,30.68,3.99,-64,9.50,
2026-09-11T13:22:29,2,1.616,29.26,28.5610,26.9,1.636,30.87,3.98,-64,9.75,
2026-09-11T13:22:30,2,1.638,31.00,28.5620,26.9,1.640,31.19,3.97,-64,9.75,
2026-09-11T13:22:31,2,1.614,29.13,28.5610,26.9,1.633,30.68,3.99,-64,9.00,
2026-09-11T13:22:32,2,1.641,31.26,28.5630,26.9,1.642,31.39,3.96,-64,9.25,
2026-09-11T13:22:33,2,1.634,30.74,28.5520,26.9,1.633,30.68,3.98,-64,9.75,
2026-09-11T13:22:35,2,1.614,29.13,28.5470,26.9,1.635,30.81,4.00,-65,9.50,
2026-09-11T13:22:36,2,1.638,31.00,28.5440,26.9,1.640,31.19,3.97,-64,9.75,
2026-09-11T13:22:37,2,1.609,28.74,28.5420,26.9,1.632,30.55,3.99,-64,9.25,
2026-09-11T13:22:38,2,1.617,29.32,28.5530,26.9,1.634,30.74,3.98,-64,9.50,
2026-09-11T13:22:39,2,1.636,30.87,28.5530,26.9,1.639,31.13,3.96,-64,9.25,
2026-09-11T13:22:40,2,1.613,29.07,28.5460,26.9,1.629,30.36,3.99,-64,9.00,
2026-09-11T13:22:41,2,1.642,31.39,28.5360,26.9,1.638,31.07,3.96,-64,9.50,
2026-09-11T13:22:42,2,1.632,30.55,28.5390,26.9,1.633,30.68,3.98,-64,9.50,
2026-09-11T13:22:43,2,1.613,29.00,28.5470,26.9,1.631,30.48,4.00,-64,9.00,
2026-09-11T13:22:44,2,1.637,30.94,28.5470,26.9,1.637,30.94,3.97,-64,9.75,
2026-09-11T13:22:45,2,1.608,28.68,28.5480,26.9,1.633,30.61,4.00,-64,9.00,
2026-09-11T13:22:47,2,1.618,29.45,28.5470,26.9,1.635,30.81,3.98,-64,9.25,
2026-09-11T13:22:48,2,1.637,30.94,28.5540,26.9,1.642,31.39,3.97,-64,9.50,
2026-09-11T13:22:49,2,1.615,29.20,28.5530,26.9,1.633,30.61,3.99,-64,9.25,
2026-09-11T13:22:50,2,1.645,31.58,28.5540,26.9,1.639,31.13,3.96,-64,9.25,
2026-09-11T13:22:51,2,1.634,30.74,28.5520,26.9,1.634,30.74,3.98,-64,9.75,
2026-09-11T13:22:56,2,1.631,30.48,28.5630,26.9,1.637,30.94,3.97,-57,0.50,
2026-09-11T13:22:57,2,1.613,29.07,28.5670,26.9,1.632,30.55,3.99,-57,0.50,
2026-09-11T13:22:59,2,1.645,31.58,28.5730,26.9,1.640,31.19,3.96,-56,1.75,
2026-09-11T13:23:00,2,1.633,30.68,28.5720,26.9,1.635,30.81,3.98,-64,9.50,
2026-09-11T13:23:01,2,1.615,29.20,28.5840,26.9,1.632,30.55,3.99,-64,9.25,
2026-09-11T13:23:02,2,1.640,31.19,28.5780,26.9,1.638,31.00,3.96,-64,9.50,
2026-09-11T13:23:03,2,1.613,29.07,28.5730,26.9,1.630,30.42,3.99,-64,9.50,
2026-09-11T13:23:04,2,1.617,29.39,28.5730,26.9,1.637,30.94,3.97,-64,9.75,
2026-09-11T13:23:05,2,1.638,31.07,28.5780,26.9,1.639,31.13,3.96,-64,9.50,
2026-09-11T13:23:06,2,1.615,29.20,28.5860,26.9,1.633,30.61,3.99,-64,9.00,
2026-09-11T13:23:07,2,1.646,31.65,28.5830,26.9,1.638,31.07,3.96,-64,9.50,
2026-09-11T13:23:08,2,1.633,30.61,28.5760,26.9,1.637,30.94,3.98,-64,9.25,
2026-09-11T13:23:10,2,1.615,29.20,28.5800,26.9,1.632,30.55,4.00,-64,8.75,
2026-09-11T13:23:11,2,1.637,30.94,28.5840,26.9,1.638,31.07,3.96,-64,9.75,
2026-09-11T13:23:12,2,1.613,29.00,28.5850,26.9,1.633,30.61,4.00,-65,9.00,
2026-09-11T13:23:13,2,1.619,29.52,28.5770,26.9,1.635,30.81,3.98,-64,10.00,
2026-09-11T13:23:14,2,1.638,31.00,28.5820,26.9,1.638,31.07,3.97,-64,10.00,
2026-09-11T13:23:15,2,1.616,29.26,28.5840,26.9,1.634,30.74,3.99,-64,9.00,
2026-09-11T13:23:16,2,1.644,31.52,28.5920,26.9,1.640,31.19,3.97,-64,9.75,
2026-09-11T13:23:17,2,1.636,30.87,28.5890,26.9,1.635,30.81,3.98,-64,9.50,
2026-09-11T13:23:18,2,1.609,28.74,28.5830,26.9,1.630,30.42,3.99,-64,9.50,
2026-09-11T13:23:19,2,1.641,31.26,28.5830,26.9,1.639,31.13,3.97,-64,10.00,
2026-09-11T13:23:20,2,1.617,29.32,28.5830,26.9,1.632,30.55,3.98,-63,9.75,
2026-09-11T13:23:22,2,1.618,29.45,28.5870,26.9,1.635,30.81,3.98,-64,9.25,
2026-09-11T13:23:23,2,1.638,31.07,28.5930,26.9,1.639,31.13,3.97,-64,9.75,
2026-09-11T13:23:24,2,1.616,29.26,28.5890,26.9,1.633,30.61,4.00,-64,9.25,
2026-09-11T13:23:25,2,1.617,29.39,28.5860,26.9,1.634,30.74,3.98,-64,9.50,
2026-09-11T13:23:26,2,1.634,30.74,28.5890,26.9,1.634,30.74,3.98,-64,9.25,
2026-09-11T13:23:27,2,1.615,29.20,28.5880,26.9,1.632,30.55,4.00,-64,9.50,
2026-09-11T13:23:28,2,1.636,30.87,28.5880,26.9,1.638,31.07,3.96,-64,9.75,
2026-09-11T13:23:29,2,1.633,30.68,28.5880,26.9,1.633,30.68,3.98,-64,9.25,
2026-09-11T13:23:30,2,1.617,29.32,28.5890,26.9,1.638,31.07,3.98,-64,9.50,
2026-09-11T13:23:31,2,1.638,31.00,28.5840,26.9,1.639,31.13,3.97,-64,10.25,
2026-09-11T13:23:32,2,1.618,29.45,28.5900,26.9,1.630,30.42,3.98,-64,9.75,
2026-09-11T13:23:34,2,1.617,29.39,28.5860,26.9,1.637,30.94,3.97,-64,9.75,
2026-09-11T13:23:35,2,1.633,30.68,28.5800,26.9,1.637,30.94,3.98,-64,9.25,
2026-09-11T13:23:36,2,1.615,29.20,28.5710,26.9,1.631,30.48,4.00,-64,9.75,
2026-09-11T13:23:41,2,1.613,29.07,28.5770,26.9,1.633,30.61,3.98,-57,0.25,
2026-09-11T13:23:42,2,1.617,29.39,28.5770,26.9,1.629,30.36,3.98,-57,0.50,
2026-09-11T13:23:43,2,1.634,30.74,28.5840,26.9,1.634,30.74,3.98,-58,3.00,
2026-09-11T13:23:45,2,1.615,29.20,28.5870,26.9,1.630,30.42,3.99,-63,9.75,
2026-09-11T13:23:46,2,1.641,31.26,28.5800,26.9,1.639,31.13,3.96,-63,10.00,
2026-09-11T13:23:47,2,1.632,30.55,28.5860,26.9,1.638,31.07,3.98,-64,9.75,
2026-09-11T13:23:48,2,1.618,29.45,28.5780,26.9,1.635,30.81,3.98,-64,9.75,
2026-09-11T13:23:49,2,1.634,30.74,28.5840,26.9,1.638,31.07,3.96,-64,9.75,
2026-09-11T13:23:50,2,1.614,29.13,28.5820,26.9,1.633,30.68,3.98,-64,9.25,
2026-09-11T13:23:51,2,1.617,29.39,28.5780,26.9,1.636,30.87,3.98,-64,10.00,
2026-09-11T13:23:52,2,1.638,31.00,28.5760,26.9,1.636,30.87,3.97,-64,10.00,
2026-09-11T13:23:53,2,1.616,29.26,28.5740,26.9,1.632,30.55,4.00,-65,9.00,
2026-09-11T13:23:54,2,1.641,31.26,28.5760,26.9,1.638,31.07,3.97,-64,9.75,
2026-09-11T13:23:55,2,1.635,30.81,28.5730,26.9,1.634,30.74,3.98,-64,10.00,
2026-09-11T13:23:57,2,1.615,29.20,28.5790,26.9,1.637,30.94,3.99,-64,9.00,
2026-09-11T13:23:58,2,1.638,31.00,28.5770,26.9,1.637,30.94,3.96,-64,9.75,
2026-09-11T13:23:59,2,1.613,29.07,28.5840,26.9,1.630,30.42,3.99,-64,9.75,
2026-09-11T13:24:00,2,1.619,29.52,28.5740,26.9,1.637,30.94,3.98,-64,9.50,
2026-09-11T13:24:01,2,1.637,30.94,28.5700,26.9,1.636,30.87,3.97,-64,10.00,
2026-09-11T13:24:02,2,1.613,29.07,28.5700,26.9,1.633,30.61,4.00,-64,9.25,
2026-09-11T13:24:03,2,1.643,31.45,28.5650,26.9,1.640,31.19,3.96,-64,9.50,
2026-09-11T13:24:04,2,1.634,30.74,28.5680,26.9,1.636,30.87,3.98,-63,9.75,
2026-09-11T13:24:05,2,1.613,29.00,28.5590,26.9,1.632,30.55,3.99,-64,9.00,
2026-09-11T13:24:06,2,1.637,30.94,28.5530,26.9,1.638,31.00,3.97,-64,9.50,
2026-09-11T13:24:07,2,1.613,29.07,28.5650,26.9,1.632,30.55,4.00,-64,9.75,
2026-09-11T13:24:09,2,1.617,29.32,28.5580,26.9,1.636,30.87,3.97,-63,10.25,
2026-09-11T13:24:10,2,1.638,31.00,28.5560,26.9,1.642,31.39,3.97,-63,10.00,
2026-09-11T13:24:11,2,1.613,29.07,28.5560,26.9,1.633,30.61,4.00,-64,9.25,
2026-09-11T13:24:12,2,1.645,31.58,28.5560,26.9,1.640,31.19,3.96,-64,9.75,
2026-09-11T13:24:13,2,1.632,30.55,28.5620,26.9,1.633,30.61,3.98,-64,9.25,
2026-09-11T13:24:14,2,1.616,29.26,28.5630,26.9,1.631,30.48,3.99,-64,9.25,
2026-09-11T13:24:15,2,1.641,31.26,28.5640,26.9,1.637,30.94,3.97,-64,9.75,
2026-09-11T13:24:16,2,1.614,29.13,28.5660,26.9,1.632,30.55,3.99,-64,9.25,
2026-09-11T13:24:17,2,1.616,29.26,28.5560,26.9,1.636,30.87,3.98,-64,9.75,
2026-09-11T13:24:18,2,1.638,31.07,28.5490,26.9,1.640,31.19,3.97,-64,10.00,
2026-09-11T13:24:19,2,1.613,29.07,28.5520,26.9,1.632,30.55,4.00,-65,9.00,
2026-09-11T13:24:21,2,1.643,31.45,28.5560,26.9,1.639,31.13,3.96,-64,9.50,
2026-09-11T13:24:25,2,1.613,29.00,28.5420,26.9,1.631,30.48,3.99,-57,0.25,
2026-09-11T13:24:26,2,1.616,29.26,28.5420,26.9,1.637,30.94,3.98,-57,0.00,
2026-09-11T13:24:27,2,1.638,31.07,28.5490,26.9,1.638,31.00,3.97,-56,0.50,
2026-09-11T13:24:28,2,1.613,29.07,28.5460,26.9,1.631,30.48,4.00,-62,9.50,
2026-09-11T13:24:29,2,1.645,31.58,28.5480,26.9,1.638,31.07,3.96,-64,9.50,
2026-09-11T13:24:30,2,1.633,30.68,28.5590,26.9,1.635,30.81,3.98,-64,9.75,
2026-09-11T13:24:32,2,1.614,29.13,28.5660,26.9,1.629,30.36,3.99,-64,9.50,
2026-09-11T13:24:33,2,1.640,31.19,28.5670,26.9,1.640,31.19,3.96,-64,9.50,
2026-09-11T13:24:34,2,1.609,28.74,28.5630,26.9,1.632,30.55,3.99,-64,9.00,
2026-09-11T13:24:35,2,1.617,29.32,28.5650,26.9,1.633,30.68,3.98,-64,9.25,
2026-09-11T13:24:36,2,1.638,31.00,28.5650,26.9,1.637,30.94,3.97,-64,9.75,
2026-09-11T13:24:37,2,1.617,29.32,28.5640,26.9,1.630,30.42,3.99,-63,9.75,
2026-09-11T13:24:38,2,1.644,31.52,28.5660,26.9,1.641,31.26,3.96,-64,9.75,
2026-09-11T13:24:39,2,1.633,30.61,28.5640,26.9,1.635,30.81,3.98,-64,9.50,
2026-09-11T13:24:40,2,1.617,29.39,28.5650,26.9,1.633,30.68,3.99,-64,9.25,
2026-09-11T13:24:41,2,1.633,30.61,28.5550,26.9,1.639,31.13,3.97,-64,10.25,
2026-09-11T13:24:42,2,1.615,29.20,28.5640,26.9,1.632,30.55,3.99,-64,9.25,
2026-09-11T13:24:44,2,1.620,29.58,28.5650,26.9,1.637,30.94,3.98,-64,9.25,
2026-09-11T13:24:45,2,1.636,30.87,28.5690,26.9,1.638,31.00,3.97,-64,9.50,
2026-09-11T13:24:46,2,1.614,29.13,28.5720,26.9,1.631,30.48,3.99,-64,9.00,
2026-09-11T13:24:47,2,1.633,30.61,28.5740,26.9,1.638,31.00,3.97,-64,9.50,
2026-09-11T13:24:48,2,1.634,30.74,28.5760,26.9,1.634,30.74,3.98,-64,9.50,
2026-09-11T13:24:49,2,1.617,29.39,28.5780,26.9,1.633,30.68,3.99,-64,9.00,
2026-09-11T13:24:50,2,1.640,31.19,28.5750,26.9,1.638,31.07,3.97,-64,9.75,
2026-09-11T13:24:51,2,1.636,30.87,28.5740,26.9,1.629,30.36,3.99,-64,9.25,
2026-09-11T13:24:52,2,1.617,29.32,28.5700,26.9,1.636,30.87,3.98,-64,10.00,
2026-09-11T13:24:53,2,1.637,30.94,28.5720,26.9,1.639,31.13,3.97,-64,10.00,
2026-09-11T13:24:54,2,1.614,29.13,28.5700,26.9,1.633,30.61,3.99,-64,9.00,
2026-09-11T13:24:56,2,1.625,29.97,28.5750,26.9,1.636,30.87,3.98,-64,9.50,
2026-09-11T13:24:57,2,1.635,30.81,28.5700,26.9,1.633,30.68,3.98,-64,9.50,
2026-09-11T13:24:58,2,1.614,29.13,28.5640,26.9,1.629,30.29,3.99,-63,9.00,
2026-09-11T13:24:59,2,1.642,31.32,28.5650,26.9,1.638,31.07,3.96,-64,9.75,
2026-09-11T13:25:00,2,1.633,30.68,28.5670,26.9,1.635,30.81,3.98,-64,9.25,
2026-09-11T13:25:01,2,1.633,30.61,28.5740,26.9,1.638,31.00,3.98,-64,9.00,
2026-09-11T13:25:02,2,1.638,31.07,28.5730,26.9,1.637,30.94,3.97,-64,10.00,
2026-09-11T13:25:03,2,1.613,29.00,28.5720,26.9,1.632,30.55,3.99,-64,9.00,
2026-09-11T13:25:04,2,1.617,29.32,28.5640,26.9,1.639,31.13,3.98,-64,9.25,
2026-09-11T13:25:07,2,1.609,28.74,28.5490,26.9,1.630,30.42,4.00,-64,9.50,
2026-09-11T13:25:11,2,1.638,31.00,28.5460,26.9,1.637,30.94,3.97,-57,0.25,
2026-09-11T13:25:12,2,1.611,28.87,28.5490,26.9,1.633,30.68,3.99,-56,0.50,
2026-09-11T13:25:13,2,1.617,29.32,28.5550,26.9,1.638,31.00,3.98,-63,9.25,
2026-09-11T13:25:14,2,1.634,30.74,28.5470,26.9,1.637,30.94,3.98,-64,9.75,
2026-09-11T13:25:15,2,1.617,29.32,28.5420,26.9,1.625,30.03,3.99,-64,9.50,
2026-09-11T13:25:16,2,1.642,31.32,28.5390,26.9,1.640,31.19,3.96,-64,9.25,
2026-09-11T13:25:17,2,1.633,30.61,28.5640,26.9,1.634,30.74,3.98,-65,9.75,
2026-09-11T13:25:19,2,1.618,29.45,28.5640,26.9,1.639,31.13,3.98,-63,9.75,
2026-09-11T13:25:20,2,1.639,31.13,28.5670,26.9,1.643,31.45,3.97,-65,10.00,
2026-09-11T13:25:21,2,1.616,29.26,28.5750,26.9,1.624,29.90,4.00,-64,10.00,
2026-09-11T13:25:22,2,1.619,29.52,28.5800,26.9,1.635,30.81,3.98,-65,10.00,
2026-09-11T13:25:23,2,1.634,30.74,28.5840,26.9,1.633,30.68,3.98,-65,9.50,
2026-09-11T13:25:24,2,1.610,28.81,28.5900,26.9,1.632,30.55,3.99,-64,9.25,
2026-09-11T13:25:25,2,1.642,31.39,28.5960,26.9,1.640,31.19,3.96,-65,9.75,
2026-09-11T13:25:26,2,1.635,30.81,28.5980,26.9,1.637,30.94,3.98,-65,9.75,
2026-09-11T13:25:27,2,1.618,29.45,28.6010,26.9,1.638,31.07,3.98,-67,9.75,
2026-09-11T13:25:28,2,1.639,31.13,28.6050,26.9,1.639,31.13,3.96,-66,9.75,
2026-09-11T13:25:29,2,1.615,29.20,28.6060,26.9,1.631,30.48,3.99,-70,9.75,
2026-09-11T13:25:31,2,1.619,29.52,28.6040,26.9,1.637,30.94,3.98,-69,9.50,
2026-09-11T13:25:32,2,1.635,30.81,28.6080,26.9,1.638,31.00,3.98,-70,9.75,
2026-09-11T13:25:33,2,1.612,28.94,28.6000,26.9,1.625,29.97,4.00,-71,9.75,
2026-09-11T13:25:34,2,1.645,31.58,28.6070,26.9,1.639,31.13,3.96,-70,9.50,
2026-09-11T13:25:35,2,1.635,30.81,28.6160,26.9,1.636,30.87,3.98,-70,10.00,
2026-09-11T13:25:36,2,1.620,29.58,28.6170,26.9,1.637,30.94,3.98,-70,11.75,
2026-09-11T13:25:37,2,1.638,31.00,28.6090,26.9,1.642,31.32,3.96,-70,9.75,
2026-09-11T13:25:38,2,1.613,29.00,28.6050,26.9,1.641,31.26,4.00,-71,9.75,
2026-09-11T13:25:39,2,1.616,29.26,28.6080,26.9,1.636,30.87,3.98,-70,10.00,
2026-09-11T13:25:40,2,1.633,30.68,28.5930,26.9,1.636,30.87,3.98,-70,10.00,
2026-09-11T13:25:41,2,1.617,29.39,28.5910,26.9,1.632,30.55,3.99,-70,9.25,
2026-09-11T13:25:43,2,1.645,31.58,28.5810,26.9,1.640,31.19,3.96,-70,9.50,
2026-09-11T13:25:44,2,1.637,30.94,28.5790,26.9,1.634,30.74,3.98,-71,10.25,
2026-09-11T13:25:45,2,1.618,29.45,28.5760,26.9,1.633,30.68,3.97,-71,11.00,
2026-09-11T13:25:46,2,1.639,31.13,28.5790,26.9,1.637,30.94,3.96,-70,9.75,
2026-09-11T13:25:47,2,1.617,29.32,28.5840,26.9,1.629,30.36,3.98,-70,9.50,
2026-09-11T13:25:48,2,1.617,29.32,28.5770,26.9,1.636,30.87,3.98,-69,9.75,
2026-09-11T13:25:49,2,1.636,30.87,28.5800,26.9,1.635,30.81,3.98,-69,9.50,
2026-09-11T13:25:57,2,1.617,29.39,28.5650,26.9,1.637,30.94,3.98,-62,1.25,
2026-09-11T13:25:58,2,1.637,30.94,28.5620,26.9,1.635,30.81,3.97,-70,10.25,
2026-09-11T13:25:59,2,1.610,28.81,28.5600,26.9,1.635,30.81,4.00,-71,9.75,
2026-09-11T13:26:00,2,1.617,29.32,28.5600,26.9,1.635,30.81,3.98,-70,10.00,
2026-09-11T13:26:01,2,1.634,30.74,28.5550,26.9,1.633,30.61,3.98,-70,9.25,
2026-09-11T13:26:02,2,1.613,29.07,28.5630,26.9,1.638,31.00,3.98,-70,9.25,
2026-09-11T13:26:03,2,1.640,31.19,28.5650,26.9,1.639,31.13,3.96,-70,9.50,
2026-09-11T13:26:04,2,1.634,30.74,28.5630,26.9,1.634,30.74,3.98,-69,11.00,
2026-09-11T13:26:06,2,1.619,29.52,28.5640,26.9,1.635,30.81,3.98,-70,9.50,
2026-09-11T13:26:07,2,1.633,30.68,28.5570,26.9,1.635,30.81,3.98,-69,9.75,
2026-09-11T13:26:08,2,1.613,29.00,28.5570,26.9,1.633,30.68,3.99,-70,9.25,
2026-09-11T13:26:09,2,1.616,29.26,28.5460,26.9,1.634,30.74,3.98,-70,9.50,
2026-09-11T13:26:10,2,1.633,30.61,28.5490,26.9,1.634,30.74,3.98,-71,9.75,
2026-09-11T13:26:11,2,1.608,28.68,28.5500,26.9,1.635,30.81,3.98,-70,10.00,
2026-09-11T13:26:12,2,1.639,31.13,28.5550,26.9,1.642,31.32,3.96,-70,9.50,
2026-09-11T13:26:13,2,1.634,30.74,28.5530,26.9,1.634,30.74,3.98,-69,9.50,
2026-09-11T13:26:14,2,1.624,29.90,28.5550,26.9,1.635,30.81,3.98,-69,10.00,
2026-09-11T13:26:15,2,1.636,30.87,28.5590,26.9,1.635,30.81,3.98,-69,9.50,
2026-09-11T13:26:16,2,1.614,29.13,28.5490,26.9,1.633,30.61,3.99,-69,9.50,
2026-09-11T13:26:18,2,1.617,29.32,28.5590,26.9,1.634,30.74,3.98,-69,9.75,
2026-09-11T13:26:19,2,1.636,30.87,28.5650,26.9,1.637,30.94,3.98,-70,9.25,
2026-09-11T13:26:20,2,1.617,29.32,28.5610,26.9,1.641,31.26,3.98,-69,9.75,
2026-09-11T13:26:21,2,1.642,31.39,28.5700,26.9,1.639,31.13,3.96,-69,9.50,
2026-09-11T13:26:22,2,1.634,30.74,28.5700,26.9,1.634,30.74,3.98,-70,9.50,
2026-09-11T13:26:23,2,1.616,29.26,28.5720,26.9,1.635,30.81,3.98,-69,9.50,
2026-09-11T13:26:24,2,1.636,30.87,28.5740,26.9,1.635,30.81,3.98,-69,9.50,
2026-09-11T13:26:25,2,1.617,29.32,28.5790,26.9,1.631,30.48,3.98,-68,9.50,
2026-09-11T13:26:26,2,1.620,29.58,28.5700,26.9,1.634,30.74,3.98,-69,9.50,
2026-09-11T13:26:27,2,1.636,30.87,28.5720,26.9,1.633,30.61,3.98,-70,9.50,
2026-09-11T13:26:28,2,1.618,29.45,28.5800,26.9,1.638,31.00,3.98,-70,9.75,
2026-09-11T13:26:30,2,1.641,31.26,28.5740,26.9,1.642,31.32,3.96,-70,9.75,
2026-09-11T13:26:31,2,1.635,30.81,28.5750,26.9,1.634,30.74,3.98,-71,10.00,
2026-09-11T13:26:32,2,1.617,29.39,28.5730,26.9,1.636,30.87,3.98,-69,9.50,
2026-09-11T13:26:33,2,1.638,31.00,28.5740,26.9,1.635,30.81,3.98,-69,9.75,
2026-09-11T13:26:34,2,1.614,29.13,28.5740,26.9,1.632,30.55,4.00,-71,9.25,
2026-09-11T13:26:38,2,1.642,31.00,28.5700,26.9,1.000,31.07,3.96,-60,-2.75,
2026-09-11T13:26:42,2,1.636,30.87,28.5580,26.9,1.633,30.68,3.98,-62,6.25,
2026-09-11T13:26:43,2,1.612,28.94,28.5610,26.9,1.631,30.48,3.99,-70,9.50,
2026-09-11T13:26:44,2,1.610,28.81,28.5600,26.9,1.637,30.94,3.98,-70,10.00,
2026-09-11T13:26:45,2,1.637,30.94,28.5520,26.9,1.637,30.94,3.98,-70,9.50,
2026-09-11T13:26:46,2,1.618,29.45,28.5630,26.9,1.638,31.07,3.97,-70,10.00,
2026-09-11T13:26:47,2,1.643,31.45,28.5650,26.9,1.639,31.13,3.96,-70,9.50,
2026-09-11T13:26:48,2,1.634,30.74,28.5660,26.9,1.629,30.36,3.98,-70,9.50,
2026-09-11T13:26:49,2,1.617,29.32,28.5600,26.9,1.648,31.84,3.97,-70,9.50,
2026-09-11T13:26:50,2,1.635,30.81,28.5590,26.9,1.637,30.94,3.98,-70,9.50,
2026-09-11T13:26:51,2,1.614,29.13,28.5650,26.9,1.629,30.36,3.99,-70,9.00,
2026-09-11T13:26:53,2,1.621,29.65,28.5640,26.9,1.633,30.68,3.97,-69,9.50,
2026-09-11T13:26:54,2,1.633,30.68,28.5570,26.9,1.635,30.81,3.98,-69,9.50,
2026-09-11T13:26:55,2,1.617,29.32,28.5620,26.9,1.638,31.07,3.98,-70,9.50,
2026-09-11T13:26:56,2,1.646,31.65,28.5580,26.9,1.640,31.19,3.96,-70,9.50,
2026-09-11T13:26:57,2,1.634,30.74,28.5560,26.9,1.634,30.74,3.98,-69,9.50,
2026-09-11T13:26:58,2,1.618,29.45,28.5560,26.9,1.630,30.42,3.98,-70,9.75,
2026-09-11T13:26:59,2,1.637,30.94,28.5640,26.9,1.633,30.68,3.98,-69,9.25,
2026-09-11T13:27:00,2,1.616,29.26,28.5660,26.9,1.630,30.42,3.99,-70,9.50,
2026-09-11T13:27:01,2,1.617,29.39,28.5650,26.9,1.637,30.94,3.97,-70,9.50,
2026-09-11T13:27:02,2,1.636,30.87,28.5660,26.9,1.637,30.94,3.98,-68,10.50,
2026-09-11T13:27:03,2,1.615,29.20,28.5620,26.9,1.638,31.07,3.97,-68,11.25,
2026-09-11T13:27:05,2,1.642,31.32,28.5610,26.9,1.642,31.39,3.96,-68,9.75,
2026-09-11T13:27:06,2,1.633,30.68,28.5580,26.9,1.633,30.68,3.98,-67,9.75,
2026-09-11T13:27:07,2,1.617,29.32,28.5550,26.9,1.637,30.94,3.98,-68,9.75,
2026-09-11T13:27:08,2,1.636,30.87,28.5550,26.9,1.637,30.94,3.97,-66,10.00,
2026-09-11T13:27:09,2,1.613,29.00,28.5630,26.9,1.633,30.61,3.99,-67,9.75,
2026-09-11T13:27:10,2,1.610,28.81,28.5640,26.9,1.634,30.74,3.98,-67,10.00,
2026-09-11T13:27:11,2,1.633,30.61,28.5620,26.9,1.634,30.74,3.98,-68,9.75,
2026-09-11T13:27:12,2,1.618,29.45,28.5540,26.9,1.639,31.13,3.98,-68,10.00,
2026-09-11T13:27:13,2,1.642,31.32,28.5530,26.9,1.652,32.16,3.96,-68,10.00,
2026-09-11T13:27:14,2,1.636,30.87,28.5670,26.9,1.634,30.74,3.98,-69,9.50,
2026-09-11T13:27:16,2,1.616,29.26,28.5590,26.9,1.639,31.13,3.98,-67,10.25,
2026-09-11T13:27:17,2,1.636,30.87,28.5650,26.9,1.636,30.87,3.98,-68,9.75,
2026-09-11T13:27:18,2,1.613,29.07,28.5630,26.9,1.629,30.36,3.99,-69,9.25,
2026-09-11T13:27:23,2,1.633,30.68,28.5650,26.9,1.634,30.74,3.98,-60,-0.75,
2026-09-11T13:27:24,2,1.621,29.00,0.0000,26.0,0.636,30.87,3.98,-62,0.00,
2026-09-11T13:27:25,2,1.638,31.00,28.5700,26.9,1.635,30.81,3.98,-61,-0.25,
2026-09-11T13:27:26,2,1.614,29.13,28.5680,26.9,1.633,30.68,4.00,-66,9.75,
2026-09-11T13:27:28,2,1.616,29.26,28.5660,26.9,1.635,30.81,3.98,-67,9.75,
2026-09-11T13:27:29,2,1.636,30.87,28.5570,26.9,1.635,30.81,3.98,-66,10.00,
2026-09-11T13:27:30,2,1.616,29.26,28.5570,26.9,1.638,31.00,3.98,-67,9.75,
2026-09-11T13:27:31,2,1.643,31.45,28.5630,26.9,1.640,31.19,3.97,-66,10.25,
2026-09-11T13:27:32,2,1.636,30.87,28.5690,26.9,1.634,30.74,3.98,-66,10.00,
2026-09-11T13:27:33,2,1.619,29.52,28.5710,26.9,1.636,30.87,3.98,-66,10.00,
2026-09-11T13:27:34,2,1.638,31.00,28.5720,26.9,1.633,30.68,3.97,-66,10.25,
2026-09-11T13:27:35,2,1.618,29.45,28.5650,26.9,1.632,30.55,3.98,-65,9.50,
2026-09-11T13:27:36,2,1.615,29.20,28.5650,26.9,1.635,30.81,3.98,-65,9.75,
2026-09-11T13:27:37,2,1.633,30.68,28.5550,26.9,1.635,30.81,3.98,-65,10.00,
2026-09-11T13:27:38,2,1.617,29.39,28.5540,26.9,1.636,30.87,3.97,-66,10.25,
2026-09-11T13:27:40,2,1.615,29.20,28.5500,26.9,1.637,30.94,3.98,-66,9.75,
2026-09-11T13:27:41,2,1.636,30.87,28.5580,26.9,1.636,30.87,3.98,-66,10.00,
2026-09-11T13:27:42,2,1.619,29.52,28.5530,26.9,1.636,30.87,3.96,-66,9.75,
2026-09-11T13:27:43,2,1.639,31.13,28.5600,26.9,1.636,30.87,3.97,-66,10.00,
2026-09-11T13:27:44,2,1.635,30.81,28.5550,26.9,1.631,30.48,3.98,-66,10.00,
2026-09-11T13:27:45,2,1.619,29.52,28.5590,26.9,1.636,30.87,3.98,-68,10.25,
2026-09-11T13:27:46,2,1.636,30.87,28.5690,26.9,1.634,30.74,3.98,-66,9.75,
2026-09-11T13:27:47,2,1.615,29.20,28.5670,26.9,1.637,30.94,3.99,-66,9.25,
2026-09-11T13:27:48,2,1.617,29.39,28.5670,26.9,1.636,30.87,3.98,-66,10.00,
2026-09-11T13:27:49,2,1.635,30.81,28.5790,26.9,1.635,30.81,3.98,-66,9.50,
2026-09-11T13:27:50,2,1.617,29.39,28.5710,26.9,1.635,30.81,3.98,-66,9.75,
2026-09-11T13:27:52,2,1.633,30.68,28.5630,26.9,1.635,30.81,3.96,-66,9.75,
2026-09-11T13:27:53,2,1.633,30.68,28.5630,26.9,1.634,30.74,3.98,-66,9.75,
2026-09-11T13:27:54,2,1.618,29.45,28.5620,26.9,1.638,31.00,3.98,-67,10.25,
2026-09-11T13:27:55,2,1.638,31.00,28.5650,26.9,1.634,30.74,3.98,-67,9.75,
2026-09-11T13:27:56,2,1.615,29.20,28.5660,26.9,1.631,30.48,3.99,-70,9.25,
2026-09-11T13:27:57,2,1.616,29.26,28.5710,26.9,1.637,30.94,3.98,-68,9.75,
2026-09-11T13:27:58,2,1.635,30.81,28.5750,26.9,1.637,30.94,3.98,-66,9.50,
2026-09-11T13:27:59,2,1.614,29.13,28.5690,26.9,1.636,30.87,3.98,-68,9.75,
2026-09-11T13:28:00,2,1.642,31.39,28.5670,26.9,1.637,30.94,3.97,-70,9.75,
2026-09-11T13:28:01,2,1.634,30.74,28.5520,26.9,1.635,30.81,3.98,-66,9.50,
2026-09-11T13:28:03,2,1.617,29.39,28.5500,26.9,1.636,30.87,3.98,-66,9.75,
2026-09-11T13:28:08,2,1.617,29.32,28.5430,26.9,1.634,30.74,3.98,-62,2.25,
2026-09-11T13:28:09,2,1.638,31.07,28.5370,26.9,1.635,30.81,3.96,-62,1.50,
2026-09-11T13:28:10,2,1.633,30.68,28.5360,26.9,1.635,30.81,3.98,-63,2.25,
2026-09-11T13:28:11,2,1.620,29.58,28.5410,26.9,1.637,30.94,3.98,-69,10.00,
2026-09-11T13:28:12,2,1.636,30.87,28.5530,26.9,1.635,30.81,3.98,-68,9.75,
2026-09-11T13:28:13,2,1.616,29.26,28.5560,26.9,1.635,30.81,3.99,-68,9.50,
2026-09-11T13:28:15,2,1.617,29.32,28.5580,26.9,1.634,30.74,3.98,-67,9.50,
2026-09-11T13:28:16,2,1.637,30.94,28.5570,26.9,1.634,30.74,3.98,-68,9.75,
2026-09-11T13:28:17,2,1.617,29.39,28.5560,26.9,1.636,30.87,3.98,-68,9.75,
2026-09-11T13:28:18,2,1.644,31.52,28.5600,26.9,1.635,30.81,3.96,-69,10.00,
2026-09-11T13:28:19,2,1.634,30.74,28.5650,26.9,1.635,30.81,3.98,-67,9.75,
2026-09-11T13:28:20,2,1.617,29.32,28.5660,26.9,1.634,30.74,3.98,-70,9.50,
2026-09-11T13:28:21,2,1.636,30.87,28.5760,26.9,1.637,30.94,3.98,-66,10.00,
2026-09-11T13:28:22,2,1.614,29.13,28.5760,26.9,1.633,30.61,3.99,-67,9.50,
2026-09-11T13:28:23,2,1.618,29.45,28.5670,26.9,1.634,30.74,3.98,-69,9.25,
