timestamp,board_id,inircd100_voltage,inircd100_pctvol,inircd100_digital_pctvol,inircd100_temp_c,inirme100_voltage,inirme100_pctvol,battery_voltage,rssi,snr,sample
2026-09-18T12:33:26,2,1.256,0.51,0.0000,24.9,1.260,0.83,4.12,-59,9.75,
2026-09-18T12:33:27,2,1.256,0.44,0.0000,24.9,1.260,0.83,4.14,-58,9.50,
2026-09-18T12:33:28,2,1.291,3.28,0.0000,24.9,1.262,0.96,4.10,-58,10.00,
2026-09-18T12:33:29,2,1.256,0.44,0.0000,24.9,1.264,1.09,4.12,-59,9.50,
2026-09-18T12:33:30,2,1.254,0.31,0.0000,24.9,1.257,0.57,4.14,-57,10.00,
2026-09-18T12:33:31,2,1.288,3.02,0.0000,24.9,1.257,0.57,4.10,-55,10.25,
2026-09-18T12:33:32,2,1.261,0.89,0.0000,24.9,1.260,0.83,4.12,-56,9.75,
2026-09-18T12:33:34,2,1.255,0.38,0.0000,24.9,1.261,0.89,4.14,-60,9.75,
2026-09-18T12:33:35,2,1.285,2.83,0.0000,24.9,1.261,0.89,4.10,-57,10.25,
2026-09-18T12:33:36,2,1.255,0.38,0.0000,24.9,1.258,0.64,4.15,-56,9.75,
2026-09-18T12:33:37,2,1.295,3.60,0.0000,24.9,1.260,0.83,4.12,-58,9.75,
2026-09-18T12:33:38,2,1.289,3.09,0.0000,24.9,1.261,0.89,4.10,-63,9.50,
2026-09-18T12:33:39,2,1.257,0.57,0.0000,24.9,1.260,0.76,4.14,-61,10.25,
2026-09-18T12:33:40,2,1.293,3.47,0.0000,24.9,1.259,0.70,4.12,-80,7.75,
2026-09-18T12:33:41,2,1.289,3.15,0.0000,24.9,1.261,0.89,4.10,-73,9.50,
2026-09-18T12:33:42,2,1.256,0.51,0.0000,24.9,1.259,0.70,4.14,-74,9.25,
2026-09-18T12:33:43,2,1.293,3.47,0.0000,24.9,1.260,0.83,4.12,-73,9.50,
2026-09-18T12:33:44,2,1.287,2.96,0.0000,24.9,1.262,0.96,4.10,-72,9.75,
2026-09-18T12:33:46,2,1.255,0.38,0.0000,24.9,1.258,0.64,4.15,-75,9.00,
2026-09-18T12:33:47,2,1.289,3.15,0.0000,24.9,1.261,0.89,4.12,-71,9.50,
2026-09-18T12:33:48,2,1.258,0.64,0.0000,24.9,1.256,0.51,4.10,-72,9.75,
2026-09-18T12:33:49,2,1.257,0.57,0.0000,24.9,1.258,0.64,4.14,-88,2.00,
2026-09-18T12:33:50,2,1.290,3.21,0.0000,24.9,1.264,1.09,4.10,-64,9.75,
2026-09-18T12:33:51,2,1.257,0.57,0.0000,24.9,1.261,0.89,4.12,-68,9.75,
2026-09-18T12:33:52,2,1.256,0.44,0.0000,24.9,1.258,0.64,4.14,-72,9.50,
2026-09-18T12:33:57,2,1.256,0.44,0.0000,24.9,1.260,0.76,4.12,-55,0.75,
2026-09-18T12:34:00,2,1.289,3.09,0.0000,24.9,1.261,0.89,4.10,-58,4.50,
2026-09-18T12:34:01,2,1.259,0.70,0.0000,24.9,1.259,0.70,4.12,-66,9.75,
2026-09-18T12:34:02,2,1.293,3.41,0.0000,24.9,1.261,0.89,4.12,-66,10.00,
2026-09-18T12:34:03,2,1.289,3.09,0.0000,24.9,1.264,1.15,4.10,-65,9.50,
2026-09-18T12:34:05,2,1.296,3.67,0.0000,24.9,1.260,0.76,4.12,-66,9.50,
2026-09-18T12:34:06,2,1.288,3.02,0.0000,24.9,1.260,0.76,4.10,-66,10.00,
2026-09-18T12:34:07,2,1.251,0.06,0.0000,24.9,1.258,0.64,4.14,-66,10.00,
2026-09-18T12:34:08,2,1.290,3.21,0.0000,24.9,1.262,0.96,4.12,-67,9.50,
2026-09-18T12:34:09,2,1.288,3.02,0.0000,24.9,1.262,0.96,4.11,-68,9.25,
2026-09-18T12:34:11,2,1.246,-0.33,0.0000,24.9,1.257,0.57,4.14,-71,9.25,
2026-09-18T12:34:12,2,1.289,3.09,0.0000,24.9,1.260,0.76,4.12,-71,9.50,
2026-09-18T12:34:13,2,1.285,2.83,0.0000,24.9,1.264,1.09,4.11,-71,9.75,
2026-09-18T12:34:14,2,1.256,0.44,0.0000,24.9,1.258,0.64,4.14,-71,9.50,
2026-09-18T12:34:15,2,1.291,3.28,0.0000,24.9,1.262,0.96,4.10,-66,9.50,
2026-09-18T12:34:16,2,1.256,0.51,0.0000,24.9,1.258,0.64,4.12,-62,10.00,
2026-09-18T12:34:17,2,1.256,0.44,0.0000,24.9,1.257,0.57,4.14,-64,9.25,
2026-09-18T12:34:18,2,1.290,3.21,0.0000,24.9,1.264,1.15,4.10,-60,9.50,
2026-09-18T12:34:19,2,1.255,0.38,0.0000,24.9,1.260,0.83,4.12,-61,10.00,
2026-09-18T12:34:20,2,1.256,0.44,0.0000,24.9,1.257,0.57,4.14,-61,9.75,
2026-09-18T12:34:21,2,1.285,2.76,0.0000,24.9,1.263,1.02,4.10,-61,10.25,
2026-09-18T12:34:22,2,1.256,0.51,0.0000,24.9,1.258,0.64,4.12,-61,9.75,
2026-09-18T12:34:24,2,1.253,0.25,0.0000,24.9,1.257,0.57,4.14,-61,10.00,
2026-09-18T12:34:25,2,1.288,3.02,0.0000,24.9,1.261,0.89,4.10,-60,10.00,
2026-09-18T12:34:26,2,1.256,0.51,0.0000,24.9,1.257,0.57,4.12,-62,9.75,
2026-09-18T12:34:27,2,1.256,0.44,0.0000,24.9,1.256,0.51,4.14,-61,9.50,
2026-09-18T12:34:28,2,1.289,3.09,0.0000,24.9,1.262,0.96,4.11,-59,10.00,
2026-09-18T12:34:29,2,1.256,0.51,0.0000,24.9,1.257,0.57,4.13,-61,10.00,
2026-09-18T12:34:30,2,1.297,3.79,0.0000,24.9,1.260,0.76,4.12,-60,10.50,
2026-09-18T12:34:31,2,1.284,2.70,0.0000,24.9,1.263,1.02,4.10,-61,10.00,
2026-09-18T12:34:32,2,1.256,0.51,0.0000,24.9,1.257,0.57,4.14,-61,9.75,
2026-09-18T12:34:33,2,1.294,3.54,0.0000,24.9,1.260,0.83,4.12,-61,10.00,
2026-09-18T12:34:34,2,1.289,3.15,0.0000,24.9,1.262,0.96,4.10,-61,10.25,
2026-09-18T12:34:41,2,1.284,2.70,0.0000,24.9,1.261,0.00,4.10,-53,-2.50,
2026-09-18T12:34:42,2,1.254,0.31,0.0000,24.9,1.257,0.57,4.14,-61,9.75,
2026-09-18T12:34:43,2,1.288,3.02,0.0000,24.9,1.262,0.96,4.10,-61,10.00,
2026-09-18T12:34:44,2,1.256,0.44,0.0000,24.9,1.259,0.70,4.12,-62,10.25,
2026-09-18T12:34:45,2,1.248,-0.14,0.0000,24.9,1.257,0.57,4.14,-66,9.50,
2026-09-18T12:34:46,2,1.289,3.09,0.0000,24.9,1.263,1.02,4.10,-63,9.75,
2026-09-18T12:34:47,2,1.256,0.51,0.0000,24.9,1.260,0.83,4.12,-60,9.75,
2026-09-18T12:34:49,2,1.254,0.31,0.0000,24.9,1.257,0.57,4.14,-63,10.00,
2026-09-18T12:34:50,2,1.289,3.15,0.0000,24.9,1.260,0.76,4.10,-60,9.75,
2026-09-18T12:34:51,2,1.256,0.51,0.0010,24.9,1.259,0.70,4.14,-64,9.50,
2026-09-18T12:34:52,2,1.254,0.31,0.0010,24.9,1.259,0.70,4.14,-62,9.50,
2026-09-18T12:34:53,2,1.287,2.96,0.0020,24.9,1.260,0.83,4.10,-63,10.00,
2026-09-18T12:34:54,2,1.254,0.31,0.0020,24.9,1.258,0.64,4.14,-60,9.50,
2026-09-18T12:34:55,2,1.287,2.96,0.0020,24.9,1.260,0.76,4.14,-65,9.50,
2026-09-18T12:34:56,2,1.285,2.83,0.0030,24.9,1.261,0.89,4.10,-63,9.50,
2026-09-18T12:34:57,2,1.252,0.18,0.0030,24.9,1.258,0.64,4.14,-64,9.75,
2026-09-18T12:34:58,2,1.296,3.67,0.0030,24.9,1.260,0.76,4.12,-64,9.75,
2026-09-18T12:34:59,2,1.289,3.15,0.0030,24.9,1.261,0.89,4.11,-63,9.75,
2026-09-18T12:35:01,2,1.256,0.51,0.0030,24.9,1.259,0.70,4.14,-65,9.75,
2026-09-18T12:35:02,2,1.291,3.28,0.0030,24.9,1.260,0.76,4.12,-63,9.50,
2026-09-18T12:35:03,2,1.286,2.89,0.0030,24.9,1.261,0.89,4.11,-65,9.50,
2026-09-18T12:35:04,2,1.254,0.31,0.0030,24.9,1.260,0.76,4.14,-62,9.75,
2026-09-18T12:35:05,2,1.292,3.34,0.0020,24.9,1.262,0.96,4.10,-70,9.50,
2026-09-18T12:35:06,2,1.289,3.09,0.0020,24.9,1.263,1.02,4.11,-64,9.50,
2026-09-18T12:35:07,2,1.256,0.51,0.0010,24.9,1.259,0.70,4.14,-66,10.00,
2026-09-18T12:35:08,2,1.291,3.28,0.0010,24.9,1.262,0.96,4.10,-67,9.75,
2026-09-18T12:35:09,2,1.257,0.57,0.0010,24.9,1.260,0.83,4.12,-61,9.75,
2026-09-18T12:35:10,2,1.255,0.38,0.0000,24.9,1.259,0.70,4.14,-60,9.50,
2026-09-18T12:35:11,2,1.289,3.15,0.0000,24.9,1.260,0.83,4.10,-61,9.50,
2026-09-18T12:35:12,2,1.256,0.44,0.0000,24.9,1.258,0.64,4.12,-59,10.00,
2026-09-18T12:35:14,2,1.256,0.51,0.0000,24.9,1.259,0.70,4.14,-64,9.50,
2026-09-18T12:35:15,2,1.288,3.02,0.0000,24.9,1.261,0.89,4.11,-64,9.75,
2026-09-18T12:35:16,2,1.254,0.31,0.0000,24.9,1.256,0.51,4.14,-63,9.25,
2026-09-18T12:35:23,2,1.293,3.41,0.0000,24.9,1.262,0.96,4.11,-59,6.50,
2026-09-18T12:35:24,2,1.284,2.70,0.0000,24.9,1.264,1.09,4.10,-59,9.75,
2026-09-18T12:35:26,2,1.252,0.18,0.0000,24.9,1.257,0.57,4.14,-58,9.50,
2026-09-18T12:35:27,2,1.293,3.41,0.0010,24.9,1.262,0.96,4.10,-57,9.50,
2026-09-18T12:35:28,2,1.285,2.83,0.0150,24.9,1.268,1.41,4.10,-59,9.75,
2026-09-18T12:35:29,2,1.258,0.64,0.0430,24.9,1.259,0.70,4.14,-60,9.50,
2026-09-18T12:35:30,2,1.290,3.21,0.0820,24.9,1.268,1.41,4.10,-67,9.75,
2026-09-18T12:35:31,2,1.289,3.09,0.1300,24.9,1.268,1.47,4.10,-63,9.50,
2026-09-18T12:35:32,2,1.260,0.76,0.1840,24.9,1.266,1.28,4.14,-62,9.75,
2026-09-18T12:35:33,2,1.294,3.54,0.2450,24.9,1.271,1.67,4.10,-57,10.25,
2026-09-18T12:35:34,2,1.258,0.64,0.3130,24.9,1.271,1.67,4.12,-59,10.00,
2026-09-18T12:35:35,2,1.264,1.09,0.3870,24.9,1.268,1.41,4.14,-60,9.50,
2026-09-18T12:35:36,2,1.298,3.86,0.4670,24.9,1.273,1.86,4.10,-59,10.00,
2026-09-18T12:35:37,2,1.267,1.35,0.5520,24.9,1.274,1.93,4.12,-60,10.00,
2026-09-18T12:35:39,2,1.267,1.35,0.6420,24.9,1.269,1.54,4.14,-65,9.75,
2026-09-18T12:35:40,2,1.299,3.92,0.7370,24.9,1.277,2.18,4.10,-64,10.00,
2026-09-18T12:35:41,2,1.268,1.47,0.9370,24.9,1.280,2.38,4.14,-64,7.75,
2026-09-18T12:35:42,2,1.272,1.73,1.0400,24.9,1.279,2.31,4.14,-63,9.50,
2026-09-18T12:35:43,2,1.305,4.38,1.1440,24.9,1.288,3.02,4.10,-63,9.25,
2026-09-18T12:35:44,2,1.275,1.99,1.2520,24.9,1.287,2.96,4.14,-63,9.25,
2026-09-18T12:35:45,2,1.305,4.38,1.4250,24.9,1.289,3.09,4.14,-63,9.25,
2026-09-18T12:35:46,2,1.306,4.50,1.5770,24.9,1.293,3.41,4.10,-63,9.75,
2026-09-18T12:35:47,2,1.279,2.31,1.7380,24.9,1.289,3.09,4.14,-63,9.25,
2026-09-18T12:35:48,2,1.316,5.28,1.8410,24.9,1.292,3.34,4.12,-64,9.25,
2026-09-18T12:35:49,2,1.305,4.38,1.9010,24.9,1.293,3.41,4.10,-64,9.50,
2026-09-18T12:35:51,2,1.280,2.38,1.9520,24.9,1.291,3.28,4.14,-63,9.25,
2026-09-18T12:35:52,2,1.316,5.28,1.9950,24.9,1.296,3.67,4.10,-64,9.50,
2026-09-18T12:35:53,2,1.310,4.83,2.0760,24.9,1.296,3.67,4.10,-64,9.75,
2026-09-18T12:35:54,2,1.282,2.57,2.1120,24.9,1.293,3.41,4.14,-64,9.50,
2026-09-18T12:35:55,2,1.316,5.28,2.1470,24.9,1.297,3.73,4.10,-63,9.50,
2026-09-18T12:35:56,2,1.313,5.02,2.1800,24.9,1.298,3.86,4.10,-63,10.00,
2026-09-18T12:35:57,2,1.283,2.63,2.2130,24.9,1.295,3.60,4.14,-64,9.25,
2026-09-18T12:35:58,2,1.318,5.47,2.2440,24.9,1.299,3.92,4.10,-64,9.25,
2026-09-18T12:36:06,2,1.285,2.83,2.4970,24.9,1.298,3.86,4.14,-63,9.25,
2026-09-18T12:36:07,2,1.286,2.89,2.5330,24.9,1.298,3.86,4.14,-64,9.50,
2026-09-18T12:36:08,2,1.318,5.47,2.5700,24.9,1.302,4.18,4.10,-63,9.50,
2026-09-18T12:36:09,2,1.287,2.96,2.6090,24.9,1.297,3.79,4.14,-63,9.50,
2026-09-18T12:36:10,2,1.327,6.18,2.6480,24.9,1.304,4.31,4.11,-61,9.50,
2026-09-18T12:36:11,2,1.318,5.41,2.6900,24.9,1.304,4.31,4.10,-64,9.75,
2026-09-18T12:36:12,2,1.290,3.21,2.7340,24.9,1.301,4.12,4.14,-68,9.25,
2026-09-18T12:36:13,2,1.329,6.31,2.7790,24.9,1.309,4.70,4.10,-68,9.25,
2026-09-18T12:36:14,2,1.322,5.73,2.8240,24.9,1.305,4.44,4.10,-68,9.75,
2026-09-18T12:36:16,2,1.293,3.41,2.8710,24.9,1.305,4.44,4.14,-68,9.50,
2026-09-18T12:36:17,2,1.328,6.24,2.9170,24.9,1.306,4.50,4.10,-62,10.00,
2026-09-18T12:36:18,2,1.322,5.79,3.0170,24.9,1.307,4.57,4.10,-58,9.00,
2026-09-18T12:36:19,2,1.296,3.67,3.0660,24.9,1.305,4.38,4.14,-63,10.25,
2026-09-18T12:36:20,2,1.330,6.37,3.1210,24.9,1.310,4.83,4.10,-62,10.25,
2026-09-18T12:36:21,2,1.297,3.79,3.1750,24.9,1.308,4.63,4.12,-62,10.00,
2026-09-18T12:36:22,2,1.297,3.79,3.2300,24.9,1.308,4.63,4.14,-63,9.50,
2026-09-18T12:36:23,2,1.330,6.37,3.2860,24.9,1.313,5.02,4.10,-62,9.75,
2026-09-18T12:36:24,2,1.303,4.25,3.3430,24.9,1.313,5.02,4.12,-65,9.75,
2026-09-18T12:36:25,2,1.301,4.05,3.4000,24.9,1.311,4.89,4.14,-64,9.50,
2026-09-18T12:36:26,2,1.330,6.44,3.4570,24.9,1.318,5.47,4.10,-66,9.75,
2026-09-18T12:36:27,2,1.300,3.99,3.5170,24.9,1.313,5.02,4.14,-66,9.50,
2026-09-18T12:36:29,2,1.309,4.70,3.5770,24.9,1.316,5.28,4.14,-66,9.75,
2026-09-18T12:36:30,2,1.332,6.57,3.6370,24.9,1.318,5.47,4.10,-65,10.00,
2026-09-18T12:36:31,2,1.301,4.12,3.7560,24.9,1.319,5.54,4.14,-65,9.50,
2026-09-18T12:36:32,2,1.305,4.38,3.8140,24.9,1.318,5.47,4.14,-64,9.50,
2026-09-18T12:36:33,2,1.333,6.63,3.8710,24.9,1.325,5.99,4.10,-65,9.50,
2026-09-18T12:36:34,2,1.307,4.57,3.9310,24.9,1.321,5.66,4.14,-65,10.25,
2026-09-18T12:36:35,2,1.344,7.53,3.9870,24.9,1.325,5.99,4.11,-63,10.00,
2026-09-18T12:36:36,2,1.337,6.95,4.0460,24.9,1.326,6.05,4.10,-65,9.75,
2026-09-18T12:36:37,2,1.307,4.57,4.1010,24.9,1.319,5.54,4.14,-65,10.00,
2026-09-18T12:36:38,2,1.346,7.66,4.1600,24.9,1.330,6.44,4.09,-65,9.75,
2026-09-18T12:36:39,2,1.341,7.28,4.2200,24.9,1.330,6.37,4.11,-65,9.75,
2026-09-18T12:36:46,2,1.315,5.21,4.7600,24.9,1.343,7.47,4.12,-55,-1.25,
2026-09-18T12:36:47,2,1.317,5.34,4.8230,24.9,1.332,6.57,4.13,-63,10.00,
2026-09-18T12:36:48,2,1.348,7.86,4.8890,24.9,1.336,6.89,4.10,-69,9.75,
2026-09-18T12:36:49,2,1.320,5.60,4.9510,24.9,1.333,6.63,4.14,-71,9.25,
2026-09-18T12:36:50,2,1.321,5.66,5.0170,24.9,1.332,6.57,4.14,-61,9.50,
2026-09-18T12:36:51,2,1.352,8.18,5.0800,24.9,1.339,7.08,4.10,-63,9.75,
2026-09-18T12:36:52,2,1.321,5.66,5.1460,24.9,1.334,6.70,4.14,-63,9.50,1
2026-09-18T12:36:54,2,1.322,5.73,5.2070,24.9,1.335,6.82,4.14,-66,9.50,
2026-09-18T12:36:55,2,1.354,8.31,5.2670,24.9,1.338,7.02,4.10,-63,9.75,
2026-09-18T12:36:56,2,1.319,5.54,5.3890,24.9,1.339,7.08,4.14,-70,9.25,
2026-09-18T12:36:57,2,1.361,8.89,5.4490,24.9,1.335,6.82,4.13,-70,9.75,
2026-09-18T12:36:58,2,1.355,8.44,5.5060,24.9,1.344,7.53,4.10,-69,9.25,
2026-09-18T12:36:59,2,1.325,5.99,5.5610,24.9,1.343,7.41,4.14,-70,9.00,
2026-09-18T12:37:00,2,1.362,8.95,5.6180,24.9,1.346,7.66,4.10,-70,9.25,
2026-09-18T12:37:01,2,1.356,8.50,5.6720,24.9,1.344,7.53,4.10,-70,9.50,
2026-09-18T12:37:03,2,1.365,9.21,5.7770,24.9,1.347,7.73,4.09,-64,9.50,
2026-09-18T12:37:04,2,1.359,8.69,5.8240,24.9,1.345,7.60,4.10,-62,9.50,
2026-09-18T12:37:06,2,1.330,6.37,5.8750,24.9,1.343,7.41,4.14,-63,9.00,
2026-09-18T12:37:07,2,1.365,9.21,5.9190,24.9,1.350,7.99,4.09,-62,9.75,
2026-09-18T12:37:08,2,1.361,8.89,6.0210,24.9,1.350,7.99,4.11,-63,9.75,
2026-09-18T12:37:09,2,1.333,6.63,6.0700,24.9,1.347,7.73,4.14,-63,9.50,
2026-09-18T12:37:10,2,1.364,9.15,6.1150,24.9,1.351,8.05,4.10,-63,10.00,
2026-09-18T12:37:11,2,1.335,6.82,6.1600,24.9,1.353,8.24,4.12,-63,9.75,
2026-09-18T12:37:12,2,1.333,6.63,6.2050,24.9,1.347,7.79,4.14,-63,9.50,
2026-09-18T12:37:13,2,1.367,9.34,6.2500,24.9,1.350,7.99,4.10,-63,9.50,
2026-09-18T12:37:14,2,1.334,6.70,6.2930,24.9,1.348,7.86,4.14,-63,11.75,
2026-09-18T12:37:15,2,1.335,6.76,6.3350,24.9,1.350,7.99,4.14,-63,9.50,
2026-09-18T12:37:16,2,1.366,9.27,6.3780,24.9,1.356,8.50,4.10,-63,9.25,
2026-09-18T12:37:17,2,1.335,6.82,6.4150,24.9,1.351,8.11,4.14,-63,10.00,
2026-09-18T12:37:19,2,1.338,7.02,6.4520,24.9,1.351,8.05,4.13,-63,10.00,
2026-09-18T12:37:20,2,1.366,9.27,6.4940,24.9,1.355,8.37,4.10,-63,10.00,
2026-09-18T12:37:21,2,1.337,6.95,6.5670,24.9,1.351,8.11,4.14,-63,9.75,
2026-09-18T12:37:22,2,1.376,10.11,6.6050,24.9,1.354,8.31,4.11,-61,9.75,
2026-09-18T12:37:29,2,1.369,9.53,6.8660,24.9,1.359,8.76,4.10,-67,10.00,
2026-09-18T12:37:31,2,1.347,7.73,6.9000,24.9,1.355,8.44,4.14,-65,9.75,
2026-09-18T12:37:32,2,1.375,9.98,6.9340,24.9,1.361,8.89,4.10,-66,9.75,
2026-09-18T12:37:33,2,1.345,7.60,6.9950,24.9,1.359,8.69,4.11,-67,9.75,
2026-09-18T12:37:34,2,1.344,7.53,7.0250,24.9,1.355,8.44,4.13,-67,9.75,
2026-09-18T12:37:35,2,1.374,9.92,7.0570,24.9,1.363,9.02,4.10,-66,10.75,
2026-09-18T12:37:36,2,1.345,7.60,7.0880,24.9,1.359,8.69,4.14,-66,9.75,
2026-09-18T12:37:37,2,1.344,7.53,7.1250,24.9,1.359,8.76,4.14,-67,9.50,
2026-09-18T12:37:38,2,1.376,10.05,7.1560,24.9,1.364,9.08,4.10,-66,9.50,
2026-09-18T12:37:39,2,1.340,7.21,7.1840,24.9,1.358,8.63,4.14,-71,9.25,
2026-09-18T12:37:40,2,1.346,7.66,7.2160,24.9,1.359,8.76,4.14,-65,9.75,
2026-09-18T12:37:41,2,1.376,10.05,7.2480,24.9,1.365,9.21,4.10,-66,9.50,
2026-09-18T12:37:43,2,1.346,7.66,7.2730,24.9,1.360,8.82,4.14,-67,9.75,
2026-09-18T12:37:44,2,1.347,7.73,7.3020,24.9,1.360,8.82,4.14,-65,9.50,
2026-09-18T12:37:45,2,1.378,10.24,7.3540,24.9,1.364,9.15,4.10,-65,9.50,
2026-09-18T12:37:46,2,1.348,7.86,7.3800,24.9,1.361,8.89,4.14,-65,9.50,
2026-09-18T12:37:47,2,1.384,10.69,7.4010,24.9,1.368,9.40,4.08,-64,9.50,
2026-09-18T12:37:48,2,1.378,10.24,7.4260,24.9,1.365,9.21,4.11,-64,9.50,
2026-09-18T12:37:49,2,1.344,7.53,7.4500,24.9,1.364,9.08,4.14,-64,9.25,
2026-09-18T12:37:50,2,1.384,10.76,7.4720,24.9,1.367,9.34,4.10,-64,9.50,
2026-09-18T12:37:51,2,1.379,10.31,7.4970,24.9,1.366,9.27,4.10,-65,9.75,
2026-09-18T12:37:52,2,1.348,7.86,7.5230,24.9,1.364,9.08,4.14,-66,9.75,
2026-09-18T12:37:53,2,1.384,10.69,7.5470,24.9,1.368,9.40,4.10,-66,9.50,
2026-09-18T12:37:54,2,1.378,10.24,7.5720,24.9,1.368,9.40,4.10,-66,9.75,
2026-09-18T12:37:56,2,1.351,8.05,7.5940,24.9,1.359,8.69,4.14,-62,9.50,
2026-09-18T12:37:57,2,1.383,10.63,7.6180,24.9,1.368,9.47,4.10,-67,9.75,
2026-09-18T12:37:58,2,1.351,8.11,7.6600,24.9,1.362,8.95,4.14,-63,9.25,
2026-09-18T12:37:59,2,1.348,7.86,7.6810,24.9,1.364,9.15,4.14,-64,9.25,
2026-09-18T12:38:00,2,1.380,10.44,7.7000,24.9,1.368,9.47,4.10,-66,9.75,
2026-09-18T12:38:01,2,1.350,7.99,7.7240,24.9,1.364,9.15,4.14,-72,9.25,
2026-09-18T12:38:02,2,1.351,8.05,7.7480,24.9,1.365,9.21,4.14,-73,9.75,
2026-09-18T12:38:03,2,1.382,10.56,7.7670,24.9,1.372,9.79,4.10,-71,9.75,
2026-09-18T12:38:09,2,1.397,11.72,7.8730,24.9,1.374,9.92,4.11,-56,-0.75,
2026-09-18T12:38:10,2,1.381,10.50,7.9120,24.9,1.372,9.73,4.11,-55,1.25,
2026-09-18T12:38:11,2,1.352,8.18,7.9270,24.9,1.366,9.27,4.14,-63,9.50,
2026-09-18T12:38:12,2,1.392,11.34,7.9470,24.9,1.370,9.60,4.09,-61,9.50,
2026-09-18T12:38:13,2,1.385,10.82,7.9640,24.9,1.372,9.73,4.10,-61,10.00,
2026-09-18T12:38:14,2,1.355,8.44,7.9890,24.9,1.368,9.47,4.14,-63,10.00,
2026-09-18T12:38:15,2,1.388,11.08,8.0110,24.9,1.372,9.73,4.10,-62,10.00,
2026-09-18T12:38:16,2,1.381,10.50,8.0300,24.9,1.372,9.79,4.10,-59,9.75,
2026-09-18T12:38:17,2,1.357,8.57,8.0490,24.9,1.368,9.47,4.14,-61,9.50,
2026-09-18T12:38:18,2,1.482,18.56,8.0670,24.9,1.372,9.73,4.10,-62,9.75,
2026-09-18T12:38:19,2,1.370,9.60,8.0890,24.9,1.377,10.18,4.10,-61,9.50,
2026-09-18T12:38:21,2,1.362,8.95,8.1060,24.9,1.369,9.53,4.14,-61,9.75,
2026-09-18T12:38:22,2,1.427,14.17,8.1220,24.9,1.374,9.92,4.10,-63,9.75,
2026-09-18T12:38:23,2,1.359,8.76,8.1530,24.9,1.369,9.53,4.14,-61,9.75,
2026-09-18T12:38:24,2,1.362,8.95,8.1700,24.9,1.371,9.66,4.14,-61,9.50,
2026-09-18T12:38:25,2,1.422,13.79,8.1860,24.9,1.373,9.85,4.10,-64,9.50,
2026-09-18T12:38:26,2,1.362,8.95,8.2020,24.9,1.370,9.60,4.14,-63,9.25,
2026-09-18T12:38:27,2,1.363,9.02,8.2220,24.9,1.372,9.73,4.14,-65,9.75,
2026-09-18T12:38:28,2,1.422,13.72,8.2350,24.9,1.375,9.98,4.10,-64,9.00,
2026-09-18T12:38:29,2,1.360,8.82,8.2510,24.9,1.369,9.53,4.14,-63,9.25,
2026-09-18T12:38:30,2,1.365,9.21,8.2650,24.9,1.368,9.47,4.14,-64,9.25,
2026-09-18T12:38:31,2,1.422,13.72,8.2840,24.9,1.376,10.05,4.10,-64,9.50,
2026-09-18T12:38:33,2,1.364,9.15,8.2950,24.9,1.376,10.11,4.14,-63,9.50,
2026-09-18T12:38:34,2,1.443,15.46,8.3050,24.9,1.377,10.18,4.09,-66,10.25,
2026-09-18T12:38:35,2,1.422,13.79,8.3270,24.9,1.376,10.11,4.10,-66,9.25,
2026-09-18T12:38:36,2,1.361,8.89,8.3340,24.9,1.373,9.85,4.14,-58,9.50,
2026-09-18T12:38:37,2,1.409,12.69,8.3460,24.9,1.376,10.05,4.10,-59,9.50,
2026-09-18T12:38:38,2,1.398,11.85,8.3570,24.9,1.376,10.11,4.10,-59,9.25,
2026-09-18T12:38:39,2,1.360,8.82,8.3660,24.9,1.372,9.79,4.14,-59,9.25,
2026-09-18T12:38:40,2,1.407,12.56,8.3780,24.9,1.377,10.18,4.10,-58,9.25,
2026-09-18T12:38:41,2,1.401,12.05,8.3910,24.9,1.376,10.05,4.10,-59,9.25,
2026-09-18T12:38:42,2,1.360,8.82,8.3990,24.9,1.379,10.31,4.14,-61,9.50,
2026-09-18T12:38:43,2,1.405,12.43,8.4110,24.9,1.379,10.31,4.10,-59,9.50,
2026-09-18T12:38:44,2,1.374,9.92,8.4170,24.9,1.374,9.92,4.14,-61,9.50,
2026-09-18T12:38:51,2,1.364,9.15,8.4820,24.9,1.375,9.98,4.12,-54,3.25,
2026-09-18T12:38:52,2,1.364,9.08,8.4960,24.9,1.375,9.98,4.14,-56,6.50,
2026-09-18T12:38:53,2,1.431,14.50,8.5070,24.9,1.379,10.31,4.10,-57,9.75,
2026-09-18T12:38:54,2,1.361,8.89,8.5110,24.9,1.372,9.79,4.14,-58,9.50,
2026-09-18T12:38:55,2,1.394,11.53,8.5210,24.9,1.380,10.37,4.11,-58,9.75,
2026-09-18T12:38:56,2,1.390,11.21,8.5290,24.9,1.379,10.31,4.10,-58,9.75,
2026-09-18T12:38:58,2,1.359,8.69,8.5340,24.9,1.376,10.05,4.14,-59,9.25,
2026-09-18T12:38:59,2,1.400,11.98,8.5410,24.9,1.387,10.95,4.09,-56,10.00,
2026-09-18T12:39:00,2,1.391,11.27,8.5530,24.9,1.380,10.44,4.09,-58,10.25,
2026-09-18T12:39:01,2,1.359,8.69,8.5570,24.9,1.373,9.85,4.14,-59,9.25,
2026-09-18T12:39:02,2,1.394,11.53,8.5660,24.9,1.386,10.89,4.09,-57,9.75,
2026-09-18T12:39:03,2,1.390,11.21,8.5660,24.9,1.380,10.37,4.10,-56,9.75,
2026-09-18T12:39:05,2,1.396,11.66,8.5880,24.9,1.381,10.50,4.09,-67,10.25,
2026-09-18T12:39:06,2,1.393,11.47,8.5930,24.9,1.377,10.18,4.10,-57,9.50,
2026-09-18T12:39:07,2,1.361,8.89,8.6040,24.9,1.375,9.98,4.13,-54,9.75,
2026-09-18T12:39:08,2,1.398,11.85,8.6130,24.9,1.380,10.44,4.10,-62,9.75,
2026-09-18T12:39:09,2,1.361,8.89,8.6210,24.9,1.376,10.05,4.13,-57,9.50,
2026-09-18T12:39:11,2,1.362,8.95,8.6310,24.9,1.376,10.05,4.14,-55,9.50,
2026-09-18T12:39:12,2,1.398,11.85,8.6400,24.9,1.382,10.56,4.10,-53,9.75,
2026-09-18T12:39:13,2,1.363,9.02,8.6620,24.9,1.379,10.31,4.14,-55,9.75,
2026-09-18T12:39:14,2,1.363,9.02,8.6720,24.9,1.374,9.92,4.14,-54,9.25,
2026-09-18T12:39:15,2,1.398,11.85,8.6840,24.9,1.379,10.31,4.10,-54,10.25,
2026-09-18T12:39:16,2,1.356,8.50,8.6980,24.9,1.378,10.24,4.14,-55,9.75,
2026-09-18T12:39:17,2,1.364,9.15,8.7120,24.9,1.378,10.24,4.14,-54,9.50,
2026-09-18T12:39:18,2,1.399,11.92,8.7240,24.9,1.381,10.50,4.10,-54,9.25,
2026-09-18T12:39:19,2,1.364,9.15,8.7330,24.9,1.379,10.31,4.14,-56,9.50,
2026-09-18T12:39:20,2,1.409,12.69,8.7450,24.9,1.384,10.69,4.09,-57,10.25,
2026-09-18T12:39:21,2,1.397,11.79,8.7550,24.9,1.381,10.50,4.10,-55,9.50,
2026-09-18T12:39:23,2,1.364,9.08,8.7630,24.9,1.378,10.24,4.13,-54,9.50,
2026-09-18T12:39:24,2,1.406,12.50,8.7800,24.9,1.381,10.50,4.09,-59,10.00,
2026-09-18T12:39:28,2,1.397,11.79,8.8060,24.9,1.384,10.69,4.09,-53,2.50,
2026-09-18T12:39:29,2,1.363,9.02,8.8160,24.9,1.379,10.31,4.14,-54,5.75,
2026-09-18T12:39:30,2,1.400,11.98,8.8170,24.9,1.384,10.69,4.10,-60,10.00,
2026-09-18T12:39:31,2,1.363,9.02,8.8180,24.9,1.380,10.44,4.13,-60,9.75,
2026-09-18T12:39:32,2,1.364,9.08,8.8240,24.9,1.377,10.18,4.14,-60,9.50,
2026-09-18T12:39:33,2,1.398,11.85,8.8300,24.9,1.384,10.69,4.10,-60,10.00,
2026-09-18T12:39:34,2,1.367,9.34,8.8350,24.9,1.380,10.44,4.14,-60,9.25,
2026-09-18T12:39:36,2,1.365,9.21,8.8380,24.9,1.380,10.44,4.14,-60,9.75,
2026-09-18T12:39:37,2,1.400,11.98,8.8410,24.9,1.383,10.63,4.10,-60,9.50,
2026-09-18T12:39:38,2,1.364,9.08,8.8470,24.9,1.379,10.31,4.13,-60,9.50,
2026-09-18T12:39:39,2,1.365,9.21,8.8490,24.9,1.380,10.37,4.13,-60,9.75,
2026-09-18T12:39:40,2,1.400,11.98,8.8560,24.9,1.382,10.56,4.10,-60,9.75,
2026-09-18T12:39:41,2,1.366,9.27,8.8610,24.9,1.378,10.24,4.14,-60,10.00,
2026-09-18T12:39:42,2,1.368,9.47,8.8680,24.9,1.381,10.50,4.11,-61,9.50,
2026-09-18T12:39:43,2,1.397,11.79,8.8730,24.9,1.380,10.44,4.10,-59,9.50,
2026-09-18T12:39:44,2,1.364,9.15,8.8820,24.9,1.374,9.92,4.14,-60,10.00,
2026-09-18T12:39:45,2,1.410,12.82,8.8880,24.9,1.384,10.76,4.08,-59,9.75,
2026-09-18T12:39:46,2,1.400,11.98,8.8970,24.9,1.384,10.69,4.10,-60,9.75,
2026-09-18T12:39:48,2,1.366,9.27,8.8990,24.9,1.380,10.44,4.14,-61,10.00,
2026-09-18T12:39:49,2,1.406,12.50,8.9050,24.9,1.382,10.56,4.09,-58,9.75,
2026-09-18T12:39:50,2,1.392,11.34,8.9220,24.9,1.382,10.56,4.10,-60,9.50,
2026-09-18T12:39:51,2,1.368,9.40,8.9330,24.9,1.380,10.37,4.14,-58,10.00,
2026-09-18T12:39:52,2,1.404,12.30,8.9380,24.9,1.384,10.69,4.10,-60,9.75,
2026-09-18T12:39:53,2,1.397,11.79,8.9410,24.9,1.383,10.63,4.12,-59,10.00,
2026-09-18T12:39:54,2,1.365,9.21,8.9510,24.9,1.380,10.37,4.14,-59,9.50,
2026-09-18T12:39:55,2,1.405,12.37,8.9620,24.9,1.382,10.56,4.09,-58,9.75,
2026-09-18T12:39:56,2,1.368,9.40,8.9690,24.9,1.379,10.31,4.14,-56,9.75,
2026-09-18T12:39:57,2,1.366,9.27,8.9760,24.9,1.380,10.44,4.13,-56,9.75,
2026-09-18T12:39:58,2,1.402,12.18,8.9890,24.9,1.385,10.82,4.10,-58,9.50,
2026-09-18T12:40:00,2,1.368,9.40,8.9970,24.9,1.384,10.69,4.14,-62,9.50,
2026-09-18T12:40:04,2,1.366,9.27,9.0320,24.9,1.381,10.50,4.14,-55,8.25,
2026-09-18T12:40:05,2,1.401,12.05,9.0400,24.9,1.384,10.76,4.10,-55,8.50,
2026-09-18T12:40:06,2,1.368,9.47,9.0460,24.9,1.380,10.44,4.14,-60,9.75,
2026-09-18T12:40:07,2,1.414,13.14,9.0600,24.9,1.384,10.76,4.09,-59,9.50,
2026-09-18T12:40:08,2,1.397,11.72,9.0690,24.9,1.379,10.31,4.10,-60,10.75,
2026-09-18T12:40:09,2,1.371,9.66,9.0760,24.9,1.382,10.56,4.14,-60,9.75,
2026-09-18T12:40:10,2,1.408,12.63,9.0830,24.9,1.383,10.63,4.09,-59,10.00,
2026-09-18T12:40:11,2,1.400,11.98,9.0890,24.9,1.385,10.82,4.10,-59,9.50,
2026-09-18T12:40:13,2,1.367,9.34,9.0990,24.9,1.380,10.44,4.13,-59,12.50,
2026-09-18T12:40:14,2,1.407,12.56,9.1050,24.9,1.386,10.89,4.10,-60,9.75,
2026-09-18T12:40:15,2,1.402,12.18,9.1190,24.9,1.386,10.89,4.10,-58,9.50,
2026-09-18T12:40:16,2,1.368,9.40,9.1280,24.9,1.381,10.50,4.14,-60,9.75,
2026-09-18T12:40:17,2,1.405,12.37,9.1320,24.9,1.386,10.89,4.09,-58,10.00,
2026-09-18T12:40:18,2,1.373,9.85,9.1370,24.9,1.382,10.56,4.12,-60,9.50,
2026-09-18T12:40:19,2,1.368,9.40,9.1490,24.9,1.382,10.56,4.13,-60,9.50,
2026-09-18T12:40:20,2,1.407,12.56,9.1560,24.9,1.388,11.02,4.10,-57,9.75,
2026-09-18T12:40:21,2,1.368,9.47,9.1580,24.9,1.384,10.69,4.14,-60,9.75,
2026-09-18T12:40:22,2,1.368,9.47,9.1690,24.9,1.382,10.56,4.14,-59,9.50,
2026-09-18T12:40:23,2,1.410,12.82,9.1750,24.9,1.384,10.76,4.10,-60,9.75,
2026-09-18T12:40:25,2,1.372,9.79,9.1830,24.9,1.376,10.05,4.14,-60,9.75,
2026-09-18T12:40:26,2,1.372,9.79,9.1890,24.9,1.381,10.50,4.14,-60,9.75,
2026-09-18T12:40:27,2,1.404,12.30,9.1950,24.9,1.386,10.89,4.10,-60,9.75,
2026-09-18T12:40:28,2,1.369,9.53,9.2090,24.9,1.384,10.76,4.13,-59,9.75,
2026-09-18T12:40:29,2,1.371,9.66,9.2140,24.9,1.384,10.76,4.11,-61,9.75,
2026-09-18T12:40:30,2,1.402,12.18,9.2230,24.9,1.386,10.89,4.10,-60,9.75,
2026-09-18T12:40:31,2,1.370,9.60,9.2300,24.9,1.384,10.69,4.14,-60,9.25,
2026-09-18T12:40:32,2,1.415,13.21,9.2320,24.9,1.388,11.08,4.08,-59,10.00,
2026-09-18T12:40:33,2,1.398,11.85,9.2410,24.9,1.386,10.89,4.10,-60,9.50,
2026-09-18T12:40:34,2,1.370,9.60,9.2500,24.9,1.383,10.63,4.13,-60,9.50,
2026-09-18T12:40:39,2,1.409,12.76,9.2740,24.9,1.389,11.14,4.09,-54,8.00,
2026-09-18T12:40:40,2,1.402,12.18,9.2860,24.9,1.385,10.82,4.09,-54,8.25,
2026-09-18T12:40:41,2,1.371,9.66,9.3030,24.9,1.384,10.69,4.14,-54,8.25,
2026-09-18T12:40:42,2,1.408,12.63,9.3080,24.9,1.389,11.14,4.09,-59,10.00,
2026-09-18T12:40:43,2,1.374,9.92,9.3200,24.9,1.385,10.82,4.14,-59,9.50,
2026-09-18T12:40:44,2,1.372,9.73,9.3320,24.9,1.384,10.76,4.14,-59,9.75,
2026-09-18T12:40:45,2,1.407,12.56,9.3490,24.9,1.388,11.08,4.10,-59,9.75,
2026-09-18T12:40:46,2,1.370,9.60,9.3660,24.9,1.384,10.69,4.14,-59,9.50,
2026-09-18T12:40:47,2,1.371,9.66,9.3800,24.9,1.384,10.76,4.13,-59,9.50,
2026-09-18T12:40:48,2,1.406,12.50,9.3920,24.9,1.389,11.14,4.09,-58,10.00,
2026-09-18T12:40:50,2,1.372,9.73,9.4070,24.9,1.385,10.82,4.13,-60,10.00,
2026-09-18T12:40:51,2,1.372,9.73,9.4210,24.9,1.383,10.63,4.14,-60,9.50,
2026-09-18T12:40:52,2,1.408,12.63,9.4360,24.9,1.384,10.76,4.10,-57,9.50,
2026-09-18T12:40:53,2,1.375,9.98,9.4700,24.9,1.385,10.82,4.14,-60,9.75,
2026-09-18T12:40:54,2,1.376,10.05,9.4780,24.9,1.388,11.08,4.11,-58,9.50,
2026-09-18T12:40:55,2,1.409,12.69,9.4910,24.9,1.397,11.72,4.10,-59,9.50,
2026-09-18T12:40:56,2,1.373,9.85,9.5050,24.9,1.385,10.82,4.14,-59,9.50,
2026-09-18T12:40:57,2,1.418,13.40,9.5190,24.9,1.390,11.21,4.09,-59,10.00,
2026-09-18T12:40:58,2,1.407,12.56,9.5300,24.9,1.390,11.21,4.10,-59,9.75,
2026-09-18T12:40:59,2,1.375,9.98,9.5400,24.9,1.385,10.82,4.13,-59,9.75,
2026-09-18T12:41:00,2,1.413,13.08,9.5470,24.9,1.390,11.21,4.10,-59,9.50,
2026-09-18T12:41:01,2,1.409,12.76,9.5510,24.9,1.386,10.89,4.10,-59,10.00,
2026-09-18T12:41:03,2,1.373,9.85,9.5550,24.9,1.383,10.63,4.14,-60,9.75,
2026-09-18T12:41:04,2,1.413,13.01,9.5590,24.9,1.390,11.21,4.09,-59,10.00,
2026-09-18T12:41:05,2,1.404,12.30,9.5570,24.9,1.387,10.95,4.12,-60,9.25,
2026-09-18T12:41:06,2,1.375,9.98,9.5520,24.9,1.379,10.31,4.13,-59,9.50,
2026-09-18T12:41:07,2,1.410,12.82,9.5530,24.9,1.392,11.34,4.10,-59,9.50,
2026-09-18T12:41:08,2,1.371,9.66,9.5530,24.9,1.387,10.95,4.13,-59,9.50,
2026-09-18T12:41:09,2,1.374,9.92,9.5510,24.9,1.388,11.02,4.13,-59,10.00,
2026-09-18T12:41:10,2,1.409,12.76,9.5470,24.9,1.389,11.14,4.10,-59,9.75,
2026-09-18T12:41:15,2,1.371,9.66,9.5260,24.9,1.396,11.66,4.14,-55,8.00,
2026-09-18T12:41:16,2,1.374,9.92,9.5200,24.9,1.390,11.21,4.11,-55,9.25,
2026-09-18T12:41:17,2,1.404,12.30,9.5120,24.9,1.392,11.34,4.10,-55,10.75,
2026-09-18T12:41:18,2,1.384,10.69,9.5020,24.9,1.388,11.08,4.13,-58,9.75,
2026-09-18T12:41:19,2,1.374,9.92,9.5020,24.9,1.389,11.14,4.12,-60,9.50,
2026-09-18T12:41:20,2,1.408,12.63,9.4940,24.9,1.390,11.21,4.10,-58,10.00,
2026-09-18T12:41:21,2,1.371,9.66,9.4850,24.9,1.386,10.89,4.13,-60,9.50,
2026-09-18T12:41:22,2,1.418,13.40,9.4850,24.9,1.392,11.34,4.09,-59,10.25,
2026-09-18T12:41:23,2,1.406,12.50,9.4810,24.9,1.389,11.14,4.10,-57,9.75,
2026-09-18T12:41:24,2,1.372,9.79,9.4790,24.9,1.385,10.82,4.14,-59,9.75,
2026-09-18T12:41:25,2,1.413,13.08,9.4760,24.9,1.389,11.14,4.09,-58,10.25,
2026-09-18T12:41:26,2,1.404,12.30,9.4700,24.9,1.386,10.89,4.12,-60,9.25,
2026-09-18T12:41:28,2,1.371,9.66,9.4700,24.9,1.391,11.27,4.13,-60,9.75,
2026-09-18T12:41:29,2,1.412,12.95,9.4660,24.9,1.390,11.21,4.09,-59,9.75,
2026-09-18T12:41:30,2,1.409,12.76,9.4530,24.9,1.386,10.89,4.11,-59,9.75,
2026-09-18T12:41:31,2,1.373,9.85,9.4450,24.9,1.384,10.76,4.14,-60,9.50,
2026-09-18T12:41:32,2,1.408,12.63,9.4410,24.9,1.392,11.34,4.09,-59,9.75,
2026-09-18T12:41:33,2,1.373,9.85,9.4410,24.9,1.384,10.76,4.14,-59,9.75,
2026-09-18T12:41:34,2,1.371,9.66,9.4370,24.9,1.385,10.82,4.14,-60,9.50,
2026-09-18T12:41:35,2,1.409,12.69,9.4340,24.9,1.390,11.21,4.10,-59,9.75,
2026-09-18T12:41:36,2,1.372,9.73,9.4320,24.9,1.384,10.76,4.13,-60,9.50,
2026-09-18T12:41:37,2,1.372,9.79,9.4240,24.9,1.384,10.76,4.13,-60,9.00,
2026-09-18T12:41:38,2,1.407,12.56,9.4200,24.9,1.392,11.34,4.08,-59,10.00,
2026-09-18T12:41:40,2,1.372,9.79,9.4170,24.9,1.384,10.69,4.13,-60,9.50,
2026-09-18T12:41:41,2,1.372,9.73,9.4170,24.9,1.393,11.40,4.11,-60,9.75,
2026-09-18T12:41:42,2,1.408,12.63,9.4160,24.9,1.383,10.63,4.10,-59,9.75,
2026-09-18T12:41:43,2,1.374,9.92,9.4080,24.9,1.385,10.82,4.13,-60,9.75,
2026-09-18T12:41:44,2,1.371,9.66,9.4050,24.9,1.389,11.14,4.11,-60,9.75,
2026-09-18T12:41:45,2,1.406,12.50,9.4000,24.9,1.391,11.27,4.10,-59,9.50,
2026-09-18T12:41:46,2,1.372,9.73,9.3980,24.9,1.385,10.82,4.13,-60,9.75,
2026-09-18T12:41:50,2,1.416,13.27,9.3930,24.9,1.388,11.08,4.09,-54,8.50,
2026-09-18T12:41:51,2,1.404,12.30,9.3900,24.9,1.388,11.02,4.11,-54,8.50,
2026-09-18T12:41:53,2,1.372,9.79,9.3880,24.9,1.384,10.69,4.13,-60,9.50,
2026-09-18T12:41:54,2,1.413,13.08,9.3880,24.9,1.384,10.76,4.09,-59,10.00,
2026-09-18T12:41:55,2,1.401,12.11,9.3800,24.9,1.387,10.95,4.12,-58,9.00,
2026-09-18T12:41:56,2,1.370,9.60,9.3790,24.9,1.386,10.89,4.13,-58,9.75,
2026-09-18T12:41:57,2,1.412,12.95,9.3780,24.9,1.390,11.21,4.09,-57,10.00,
2026-09-18T12:41:58,2,1.404,12.30,9.3810,24.9,1.388,11.02,4.12,-60,9.25,
2026-09-18T12:41:59,2,1.374,9.92,9.3810,24.9,1.384,10.69,4.13,-59,9.50,
2026-09-18T12:42:00,2,1.407,12.56,9.3790,24.9,1.389,11.14,4.10,-60,9.25,
2026-09-18T12:42:01,2,1.373,9.85,9.3750,24.9,1.382,10.56,4.14,-60,9.50,
2026-09-18T12:42:02,2,1.374,9.92,9.3690,24.9,1.387,10.95,4.11,-60,9.75,
2026-09-18T12:42:03,2,1.405,12.37,9.3720,24.9,1.388,11.08,4.09,-59,10.00,
2026-09-18T12:42:05,2,1.372,9.79,9.3720,24.9,1.382,10.56,4.13,-60,9.75,
2026-09-18T12:42:06,2,1.372,9.79,9.3740,24.9,1.386,10.89,4.11,-60,9.50,
2026-09-18T12:42:07,2,1.410,12.82,9.3710,24.9,1.388,11.02,4.09,-59,9.75,
2026-09-18T12:42:08,2,1.372,9.79,9.3680,24.9,1.386,10.89,4.13,-60,9.75,
2026-09-18T12:42:09,2,1.372,9.79,9.3690,24.9,1.388,11.02,4.11,-60,9.50,
2026-09-18T12:42:10,2,1.407,12.56,9.3680,24.9,1.393,11.40,4.09,-59,9.75,
2026-09-18T12:42:11,2,1.371,9.66,9.3720,24.9,1.384,10.69,4.14,-60,9.25,
2026-09-18T12:42:12,2,1.416,13.27,9.3700,24.9,1.389,11.14,4.09,-59,9.25,
2026-09-18T12:42:13,2,1.404,12.30,9.3690,24.9,1.387,10.95,4.12,-60,9.00,
2026-09-18T12:42:14,2,1.372,9.73,9.3740,24.9,1.383,10.63,4.14,-60,9.50,
2026-09-18T12:42:15,2,1.413,13.01,9.3770,24.9,1.389,11.14,4.09,-59,9.75,
2026-09-18T12:42:16,2,1.405,12.43,9.3780,24.9,1.387,10.95,4.12,-60,9.25,
2026-09-18T12:42:18,2,1.371,9.66,9.3780,24.9,1.384,10.76,4.13,-60,9.50,
2026-09-18T12:42:19,2,1.411,12.88,9.3780,24.9,1.389,11.14,4.09,-59,10.00,
2026-09-18T12:42:20,2,1.403,12.24,9.3730,24.9,1.385,10.82,4.12,-59,9.50,
2026-09-18T12:42:21,2,1.371,9.66,9.3760,24.9,1.385,10.82,4.14,-59,12.25,
2026-09-18T12:42:25,2,1.409,12.69,9.3770,24.9,1.389,11.14,4.10,-54,8.25,
2026-09-18T12:42:26,2,1.372,9.79,9.3810,24.9,1.384,10.76,4.14,-55,8.50,
2026-09-18T12:42:27,2,1.373,9.85,9.3760,24.9,1.388,11.02,4.11,-56,9.00,
2026-09-18T12:42:28,2,1.407,12.56,9.3800,24.9,1.386,10.89,4.09,-57,9.75,
2026-09-18T12:42:30,2,1.371,9.66,9.3800,24.9,1.384,10.69,4.14,-60,9.50,
2026-09-18T12:42:31,2,1.373,9.85,9.3740,24.9,1.386,10.89,4.11,-60,9.75,
2026-09-18T12:42:32,2,1.406,12.50,9.3740,24.9,1.388,11.02,4.10,-59,9.75,
2026-09-18T12:42:33,2,1.376,10.11,9.3700,24.9,1.384,10.76,4.14,-59,9.50,
2026-09-18T12:42:34,2,1.372,9.79,9.3630,24.9,1.386,10.89,4.11,-60,9.50,
2026-09-18T12:42:35,2,1.404,12.30,9.3630,24.9,1.385,10.82,4.12,-60,9.50,
2026-09-18T12:42:36,2,1.372,9.73,9.3630,24.9,1.382,10.56,4.13,-59,9.50,
2026-09-18T12:42:37,2,1.416,13.27,9.3660,24.9,1.387,10.95,4.09,-59,9.75,
2026-09-18T12:42:38,2,1.403,12.24,9.3610,24.9,1.385,10.82,4.12,-60,9.50,
2026-09-18T12:42:39,2,1.371,9.66,9.3630,24.9,1.384,10.76,4.13,-60,9.50,
2026-09-18T12:42:40,2,1.413,13.01,9.3630,24.9,1.388,11.08,4.09,-59,9.75,
2026-09-18T12:42:41,2,1.404,12.30,9.3630,24.9,1.385,10.82,4.11,-59,9.50,
2026-09-18T12:42:43,2,1.373,9.85,9.3660,24.9,1.375,9.98,4.13,-59,9.75,
2026-09-18T12:42:44,2,1.411,12.88,9.3680,24.9,1.388,11.02,4.09,-59,9.75,
2026-09-18T12:42:45,2,1.403,12.24,9.3610,24.9,1.385,10.82,4.11,-59,9.75,
2026-09-18T12:42:46,2,1.376,10.11,9.3600,24.9,1.386,10.89,4.11,-59,9.75,
2026-09-18T12:42:47,2,1.409,12.76,9.3620,24.9,1.388,11.02,4.09,-59,9.75,
2026-09-18T12:42:48,2,1.404,12.30,9.3590,24.9,1.383,10.63,4.12,-60,9.75,
2026-09-18T12:42:49,2,1.376,10.05,9.3590,24.9,1.387,10.95,4.11,-59,10.00,
2026-09-18T12:42:50,2,1.408,12.63,9.3600,24.9,1.386,10.89,4.10,-58,9.75,
2026-09-18T12:42:51,2,1.372,9.73,9.3590,24.9,1.382,10.56,4.13,-60,9.50,
2026-09-18T12:42:52,2,1.376,10.05,9.3570,24.9,1.386,10.89,4.11,-58,9.25,
2026-09-18T12:42:53,2,1.408,12.63,9.3570,24.9,1.384,10.76,4.10,-60,9.50,
2026-09-18T12:42:55,2,1.372,9.79,9.3620,24.9,1.383,10.63,4.13,-59,9.75,
2026-09-18T12:42:56,2,1.373,9.85,9.3580,24.9,1.381,10.50,4.11,-60,10.00,
2026-09-18T12:42:57,2,1.406,12.50,9.3530,24.9,1.386,10.89,4.10,-60,9.75,
2026-09-18T12:43:01,2,1.368,9.47,9.3330,24.9,1.380,10.44,4.14,-55,8.50,
2026-09-18T12:43:02,2,1.415,13.21,9.3290,24.9,1.388,11.02,4.09,-55,8.50,
2026-09-18T12:43:03,2,1.403,12.24,9.3220,24.9,1.384,10.69,4.11,-56,8.75,
2026-09-18T12:43:04,2,1.370,9.60,9.3200,24.9,1.384,10.76,4.13,-60,9.50,
2026-09-18T12:43:05,2,1.413,13.01,9.3220,24.9,1.389,11.14,4.09,-59,10.00,
2026-09-18T12:43:07,2,1.403,12.24,9.3210,24.9,1.384,10.76,4.11,-60,9.75,
2026-09-18T12:43:08,2,1.372,9.79,9.3140,24.9,1.383,10.63,4.14,-60,9.75,
2026-09-18T12:43:09,2,1.410,12.82,9.3130,24.9,1.388,11.02,4.09,-59,9.75,
2026-09-18T12:43:10,2,1.401,12.11,9.3080,24.9,1.386,10.89,4.11,-59,9.25,
2026-09-18T12:43:11,2,1.376,10.05,9.3060,24.9,1.384,10.76,4.11,-59,9.75,
2026-09-18T12:43:12,2,1.409,12.76,9.3060,24.9,1.388,11.08,4.09,-58,10.25,
2026-09-18T12:43:13,2,1.404,12.30,9.3050,24.9,1.384,10.69,4.12,-59,9.75,
2026-09-18T12:43:14,2,1.372,9.73,9.3010,24.9,1.384,10.76,4.11,-60,9.25,
2026-09-18T12:43:15,2,1.405,12.43,9.3030,24.9,1.387,10.95,4.10,-60,9.50,
2026-09-18T12:43:16,2,1.372,9.79,9.3040,24.9,1.382,10.56,4.14,-60,9.75,
2026-09-18T12:43:17,2,1.373,9.85,9.3010,24.9,1.388,11.02,4.11,-60,9.75,
2026-09-18T12:43:18,2,1.408,12.63,9.2990,24.9,1.387,10.95,4.09,-59,9.50,
2026-09-18T12:43:20,2,1.372,9.73,9.2970,25.9,1.383,10.63,4.13,-60,9.50,
2026-09-18T12:43:21,2,1.374,9.92,9.3040,24.9,1.385,10.82,4.11,-60,9.50,
2026-09-18T12:43:22,2,1.403,12.24,9.3080,24.9,1.382,10.56,4.11,-58,9.50,
2026-09-18T12:43:23,2,1.371,9.66,9.3090,25.9,1.382,10.56,4.13,-60,9.50,
2026-09-18T12:43:24,2,1.372,9.79,9.3090,25.9,1.384,10.76,4.11,-59,9.75,
2026-09-18T12:43:25,2,1.402,12.18,9.3050,25.9,1.381,10.50,4.11,-60,9.50,
2026-09-18T12:43:26,2,1.369,9.53,9.3030,25.9,1.382,10.56,4.14,-59,9.25,
2026-09-18T12:43:27,2,1.411,12.88,9.3040,25.9,1.386,10.89,4.09,-59,10.00,
2026-09-18T12:43:28,2,1.404,12.30,9.3030,25.9,1.382,10.56,4.11,-59,9.50,
2026-09-18T12:43:29,2,1.372,9.79,9.3050,25.9,1.382,10.56,4.13,-58,9.25,
2026-09-18T12:43:30,2,1.413,13.01,9.3040,25.9,1.387,10.95,4.09,-59,10.00,
2026-09-18T12:43:32,2,1.399,11.92,9.3030,25.9,1.384,10.69,4.11,-58,9.25,
2026-09-18T12:43:33,2,1.372,9.79,9.3050,25.9,1.388,11.02,4.11,-60,9.50,
2026-09-18T12:43:37,2,1.406,12.50,9.3000,25.9,1.384,10.76,4.09,-55,8.75,
2026-09-18T12:43:38,2,1.400,11.98,9.3000,25.9,1.384,10.69,4.12,-55,8.25,
2026-09-18T12:43:39,2,1.372,9.79,9.3030,25.9,1.384,10.76,4.11,-60,9.75,
2026-09-18T12:43:40,2,1.406,12.50,9.2980,25.9,1.384,10.76,4.10,-59,9.50,
2026-09-18T12:43:41,2,1.368,9.40,9.2980,25.9,1.381,10.50,4.13,-60,9.75,
2026-09-18T12:43:42,2,1.372,9.79,9.3010,25.9,1.383,10.63,4.11,-60,10.00,
2026-09-18T12:43:43,2,1.406,12.50,9.2980,25.9,1.385,10.82,4.11,-59,9.50,
2026-09-18T12:43:45,2,1.368,9.47,9.2940,25.9,1.380,10.44,4.13,-60,9.75,
2026-09-18T12:43:46,2,1.372,9.73,9.2920,25.9,1.384,10.69,4.11,-60,9.75,
2026-09-18T12:43:47,2,1.404,12.30,9.2930,25.9,1.382,10.56,4.12,-60,9.50,
2026-09-18T12:43:48,2,1.369,9.53,9.2910,25.9,1.380,10.37,4.13,-60,9.75,
2026-09-18T12:43:49,2,1.368,9.47,9.2880,25.9,1.384,10.76,4.11,-60,9.75,
2026-09-18T12:43:50,2,1.403,12.24,9.2850,25.9,1.385,10.82,4.12,-59,9.50,
2026-09-18T12:43:51,2,1.371,9.66,9.2850,25.9,1.383,10.63,4.13,-60,9.75,
2026-09-18T12:43:52,2,1.414,13.14,9.2820,25.9,1.384,10.76,4.09,-59,10.00,
2026-09-18T12:43:53,2,1.401,12.11,9.2800,25.9,1.382,10.56,4.11,-58,9.75,
2026-09-18T12:43:54,2,1.374,9.92,9.2820,25.9,1.385,10.82,4.11,-60,9.75,
2026-09-18T12:43:55,2,1.411,12.88,9.2790,25.9,1.386,10.89,4.09,-58,10.00,
2026-09-18T12:43:57,2,1.401,12.05,9.2760,25.9,1.384,10.69,4.12,-60,9.75,
2026-09-18T12:43:58,2,1.371,9.66,9.2740,25.9,1.378,10.24,4.11,-59,9.75,
2026-09-18T12:43:59,2,1.412,12.95,9.2690,25.9,1.385,10.82,4.09,-59,10.00,
2026-09-18T12:44:00,2,1.403,12.24,9.2650,25.9,1.383,10.63,4.11,-59,10.00,
2026-09-18T12:44:01,2,1.372,9.79,9.2610,25.9,1.384,10.69,4.11,-58,9.25,
2026-09-18T12:44:02,2,1.407,12.56,9.2580,25.9,1.382,10.56,4.10,-59,10.00,
2026-09-18T12:44:03,2,1.372,9.73,9.2580,25.9,1.379,10.31,4.13,-58,9.50,
2026-09-18T12:44:04,2,1.372,9.79,9.2580,25.9,1.384,10.76,4.11,-60,9.50,
2026-09-18T12:44:05,2,1.405,12.37,9.2580,25.9,1.382,10.56,4.11,-60,9.75,
2026-09-18T12:44:06,2,1.369,9.53,9.2570,25.9,1.380,10.44,4.13,-60,10.00,
2026-09-18T12:44:07,2,1.371,9.66,9.2510,25.9,1.384,10.69,4.11,-60,9.75,
2026-09-18T12:44:08,2,1.404,12.30,9.2550,25.9,1.382,10.56,4.11,-59,9.75,
2026-09-18T12:44:13,2,1.370,9.60,9.2420,25.9,1.384,10.76,4.13,-56,9.00,
2026-09-18T12:44:14,2,1.370,9.60,9.2430,25.9,1.382,10.56,4.11,-55,9.25,
2026-09-18T12:44:15,2,1.398,11.85,9.2440,25.9,1.384,10.76,4.12,-60,9.75,
2026-09-18T12:44:16,2,1.372,9.73,9.2460,25.9,1.382,10.56,4.13,-60,9.75,
2026-09-18T12:44:17,2,1.414,13.14,9.2440,25.9,1.386,10.89,4.08,-59,9.75,
2026-09-18T12:44:18,2,1.403,12.24,9.2410,25.9,1.381,10.50,4.12,-59,9.75,
2026-09-18T12:44:19,2,1.371,9.66,9.2440,25.9,1.383,10.63,4.11,-60,10.00,
2026-09-18T12:44:20,2,1.412,12.95,9.2440,25.9,1.385,10.82,4.09,-59,9.50,
2026-09-18T12:44:22,2,1.401,12.05,9.2460,25.9,1.383,10.63,4.12,-60,9.50,
2026-09-18T12:44:23,2,1.372,9.79,9.2420,25.9,1.384,10.76,4.11,-60,9.75,
2026-09-18T12:44:24,2,1.407,12.56,9.2400,25.9,1.385,10.82,4.09,-59,9.75,
2026-09-18T12:44:25,2,1.400,11.98,9.2390,25.9,1.384,10.69,4.12,-58,9.75,
2026-09-18T12:44:26,2,1.373,9.85,9.2340,25.9,1.384,10.76,4.11,-60,9.25,
2026-09-18T12:44:27,2,1.396,11.66,9.2380,25.9,1.384,10.76,4.09,-59,10.00,
2026-09-18T12:44:28,2,1.368,9.47,9.2340,25.9,1.380,10.44,4.13,-60,9.50,
2026-09-18T12:44:29,2,1.369,9.53,9.2290,25.9,1.384,10.69,4.11,-58,9.25,
2026-09-18T12:44:30,2,1.405,12.43,9.2340,25.9,1.380,10.37,4.11,-59,9.75,
2026-09-18T12:44:31,2,1.370,9.60,9.2310,25.9,1.380,10.44,4.13,-59,9.75,
2026-09-18T12:44:32,2,1.373,9.85,9.2290,25.9,1.383,10.63,4.11,-58,9.50,
2026-09-18T12:44:33,2,1.404,12.30,9.2300,25.9,1.382,10.56,4.11,-60,9.50,
2026-09-18T12:44:35,2,1.369,9.53,9.2280,25.9,1.381,10.50,4.13,-58,9.75,
2026-09-18T12:44:36,2,1.372,9.73,9.2220,25.9,1.376,10.05,4.11,-60,9.50,
2026-09-18T12:44:37,2,1.401,12.11,9.2190,25.9,1.383,10.63,4.11,-60,9.50,
2026-09-18T12:44:38,2,1.368,9.47,9.2240,25.9,1.380,10.37,4.13,-60,9.75,
2026-09-18T12:44:39,2,1.413,13.01,9.2250,25.9,1.384,10.69,4.09,-59,9.75,
2026-09-18T12:44:40,2,1.399,11.92,9.2210,25.9,1.381,10.50,4.11,-60,10.00,
2026-09-18T12:44:41,2,1.372,9.73,9.2170,25.9,1.386,10.89,4.11,-59,9.50,
2026-09-18T12:44:42,2,1.412,12.95,9.2180,25.9,1.385,10.82,4.09,-58,10.25,
2026-09-18T12:44:43,2,1.400,11.98,9.2200,25.9,1.383,10.63,4.11,-59,9.25,
2026-09-18T12:44:49,2,1.407,12.56,9.2180,25.9,1.385,10.82,4.10,-56,8.50,
2026-09-18T12:44:50,2,1.401,12.11,9.2150,25.9,1.384,10.69,4.12,-57,8.50,
2026-09-18T12:44:51,2,1.372,9.73,9.2190,25.9,1.381,10.50,4.11,-60,9.75,
2026-09-18T12:44:52,2,1.405,12.43,9.2190,25.9,1.382,10.56,4.11,-60,9.75,
2026-09-18T12:44:53,2,1.369,9.53,9.2190,25.9,1.380,10.44,4.14,-58,9.50,
2026-09-18T12:44:54,2,1.372,9.79,9.2120,25.9,1.382,10.56,4.11,-61,9.75,
2026-09-18T12:44:55,2,1.402,12.18,9.2150,25.9,1.381,10.50,4.11,-61,11.00,
2026-09-18T12:44:56,2,1.369,9.53,9.2140,25.9,1.373,9.85,4.13,-57,9.50,
2026-09-18T12:44:57,2,1.372,9.73,9.2140,25.9,1.380,10.44,4.11,-59,9.50,
2026-09-18T12:44:58,2,1.404,12.30,9.2120,25.9,1.384,10.69,4.11,-57,9.25,
2026-09-18T12:45:00,2,1.369,9.53,9.2090,25.9,1.381,10.50,4.13,-59,9.75,
2026-09-18T12:45:01,2,1.369,9.53,9.2090,25.9,1.381,10.50,4.11,-58,9.25,
2026-09-18T12:45:02,2,1.404,12.30,9.2090,25.9,1.382,10.56,4.11,-59,9.00,
2026-09-18T12:45:03,2,1.369,9.53,9.2020,25.9,1.384,10.76,4.13,-59,9.50,
2026-09-18T12:45:04,2,1.413,13.01,9.2000,25.9,1.386,10.89,4.09,-57,10.00,
2026-09-18T12:45:05,2,1.402,12.18,9.1970,25.9,1.382,10.56,4.11,-59,9.50,
2026-09-18T12:45:06,2,1.372,9.79,9.1970,25.9,1.382,10.56,4.11,-58,9.50,
2026-09-18T12:45:07,2,1.411,12.88,9.1950,25.9,1.384,10.76,4.09,-59,9.75,
2026-09-18T12:45:08,2,1.405,12.37,9.1940,25.9,1.384,10.69,4.11,-58,9.50,
2026-09-18T12:45:09,2,1.372,9.79,9.1980,25.9,1.382,10.56,4.11,-60,9.50,
2026-09-18T12:45:10,2,1.408,12.63,9.1980,25.9,1.387,10.95,4.09,-59,9.50,
2026-09-18T12:45:12,2,1.401,12.05,9.1940,25.9,1.384,10.69,4.11,-59,9.50,
2026-09-18T12:45:13,2,1.372,9.73,9.1960,25.9,1.384,10.69,4.11,-59,9.50,
2026-09-18T12:45:14,2,1.409,12.76,9.1910,25.9,1.385,10.82,4.09,-59,10.00,
2026-09-18T12:45:15,2,1.392,11.34,9.1990,25.9,1.384,10.69,4.11,-60,9.75,
2026-09-18T12:45:16,2,1.368,9.47,9.1940,25.9,1.383,10.63,4.11,-61,9.75,
2026-09-18T12:45:17,2,1.406,12.50,9.1930,25.9,1.383,10.63,4.11,-64,9.50,
2026-09-18T12:45:18,2,1.370,9.60,9.1870,25.9,1.381,10.50,4.13,-57,10.25,
2026-09-18T12:45:19,2,1.368,9.47,9.1840,25.9,1.381,10.50,4.11,-61,9.50,
2026-09-18T12:45:26,2,1.371,9.66,9.1790,25.9,1.383,10.63,4.11,-50,9.25,
2026-09-18T12:45:27,2,1.403,12.24,9.1730,25.9,1.382,10.56,4.11,-49,9.50,
2026-09-18T12:45:28,2,1.371,9.66,9.1770,25.9,1.384,10.76,4.11,-50,8.75,
2026-09-18T12:45:29,2,1.416,13.27,9.1740,25.9,1.384,10.76,4.09,-56,9.75,
2026-09-18T12:45:30,2,1.400,11.98,9.1710,25.9,1.382,10.56,4.11,-57,9.50,
2026-09-18T12:45:31,2,1.371,9.66,9.1750,25.9,1.384,10.69,4.11,-59,9.25,
2026-09-18T12:45:32,2,1.407,12.56,9.1710,25.9,1.382,10.56,4.09,-58,9.50,
2026-09-18T12:45:33,2,1.399,11.92,9.1720,25.9,1.380,10.37,4.11,-57,9.75,
2026-09-18T12:45:34,2,1.370,9.60,9.1710,25.9,1.384,10.69,4.11,-60,9.50,
2026-09-18T12:45:35,2,1.405,12.43,9.1630,25.9,1.384,10.69,4.09,-55,10.25,
2026-09-18T12:45:37,2,1.401,12.11,9.1650,25.9,1.381,10.50,4.12,-56,9.75,
2026-09-18T12:45:38,2,1.372,9.79,9.1640,25.9,1.384,10.69,4.11,-55,9.50,
2026-09-18T12:45:39,2,1.405,12.43,9.1680,25.9,1.384,10.69,4.11,-57,10.00,
2026-09-18T12:45:40,2,1.371,9.66,9.1640,25.9,1.380,10.44,4.13,-57,10.25,
2026-09-18T12:45:41,2,1.371,9.66,9.1620,25.9,1.382,10.56,4.10,-57,9.50,
2026-09-18T12:45:42,2,1.406,12.50,9.1610,25.9,1.378,10.24,4.11,-58,10.25,
2026-09-18T12:45:43,2,1.372,9.79,9.1610,25.9,1.379,10.31,4.13,-60,9.50,
2026-09-18T12:45:44,2,1.370,9.60,9.1600,25.9,1.385,10.82,4.11,-59,9.50,
2026-09-18T12:45:45,2,1.404,12.30,9.1570,25.9,1.381,10.50,4.11,-58,9.50,
2026-09-18T12:45:46,2,1.374,9.92,9.1560,25.9,1.379,10.31,4.13,-58,9.25,
2026-09-18T12:45:47,2,1.370,9.60,9.1570,25.9,1.383,10.63,4.11,-59,9.50,
2026-09-18T12:45:48,2,1.401,12.11,9.1520,25.9,1.381,10.50,4.11,-58,9.25,
2026-09-18T12:45:50,2,1.371,9.66,9.1520,25.9,1.382,10.56,4.11,-58,9.75,
2026-09-18T12:45:51,2,1.392,11.34,9.1520,25.9,1.384,10.76,4.11,-58,9.25,
2026-09-18T12:45:52,2,1.402,12.18,9.1490,25.9,1.380,10.44,4.11,-57,10.00,
2026-09-18T12:45:53,2,1.371,9.66,9.1480,25.9,1.384,10.76,4.11,-60,9.25,
2026-09-18T12:45:54,2,1.413,13.01,9.1450,25.9,1.384,10.76,4.09,-59,10.00,
2026-09-18T12:45:55,2,1.401,12.05,9.1470,25.9,1.381,10.50,4.11,-56,10.00,
2026-09-18T12:45:56,2,1.372,9.73,9.1440,25.9,1.382,10.56,4.11,-57,9.50,
2026-09-18T12:45:57,2,1.408,12.63,9.1480,25.9,1.384,10.69,4.09,-57,9.75,
2026-09-18T12:45:58,2,1.401,12.11,9.1480,25.9,1.381,10.50,4.12,-57,9.75,
2026-09-18T12:45:59,2,1.372,9.79,9.1530,25.9,1.382,10.56,4.11,-57,10.00,
2026-09-18T12:46:00,2,1.406,12.50,9.1520,25.9,1.382,10.56,4.11,-57,9.75,
2026-09-18T12:46:02,2,1.398,11.85,9.1580,25.9,1.383,10.63,4.11,-56,10.00,
2026-09-18T12:46:03,2,1.372,9.73,9.1570,25.9,1.380,10.37,4.11,-57,9.50,
2026-09-18T12:46:07,2,1.402,12.18,9.1500,25.9,1.381,10.50,4.11,-52,9.25,
2026-09-18T12:46:08,2,1.368,9.47,9.1480,25.9,1.380,10.37,4.13,-52,9.50,
2026-09-18T12:46:09,2,1.372,9.79,9.1490,25.9,1.383,10.63,4.11,-53,10.00,
2026-09-18T12:46:10,2,1.402,12.18,9.1520,25.9,1.380,10.37,4.12,-57,9.75,
2026-09-18T12:46:11,2,1.371,9.66,9.1480,25.9,1.386,10.89,4.11,-56,10.00,
2026-09-18T12:46:12,2,1.371,9.66,9.1520,25.9,1.382,10.56,4.11,-57,9.75,
2026-09-18T12:46:14,2,1.402,12.18,9.1530,25.9,1.381,10.50,4.11,-56,9.75,
2026-09-18T12:46:15,2,1.368,9.47,9.1500,25.9,1.381,10.50,4.11,-56,9.50,
2026-09-18T12:46:16,2,1.393,11.47,9.1500,25.9,1.382,10.56,4.11,-57,9.75,
2026-09-18T12:46:17,2,1.400,11.98,9.1410,25.9,1.384,10.69,4.11,-56,9.75,
2026-09-18T12:46:18,2,1.368,9.40,9.1400,25.9,1.384,10.76,4.11,-56,9.75,
2026-09-18T12:46:19,2,1.410,12.82,9.1360,25.9,1.384,10.76,4.09,-56,10.25,
2026-09-18T12:46:20,2,1.401,12.05,9.1330,25.9,1.381,10.50,4.12,-57,9.50,
2026-09-18T12:46:21,2,1.370,9.60,9.1330,25.9,1.380,10.44,4.11,-56,9.50,
2026-09-18T12:46:22,2,1.408,12.63,9.1320,25.9,1.382,10.56,4.11,-56,10.00,
2026-09-18T12:46:23,2,1.401,12.05,9.1330,25.9,1.382,10.56,4.12,-57,9.75,
2026-09-18T12:46:24,2,1.368,9.40,9.1340,25.9,1.381,10.50,4.11,-57,10.00,
2026-09-18T12:46:25,2,1.405,12.37,9.1310,25.9,1.381,10.50,4.11,-56,9.75,
2026-09-18T12:46:27,2,1.401,12.05,9.1370,25.9,1.380,10.37,4.11,-56,10.00,
2026-09-18T12:46:28,2,1.369,9.53,9.1430,25.9,1.380,10.37,4.11,-57,9.75,
2026-09-18T12:46:29,2,1.405,12.43,9.1420,25.9,1.381,10.50,4.11,-56,10.00,
2026-09-18T12:46:30,2,1.367,9.34,9.1360,25.9,1.379,10.31,4.13,-56,9.75,
2026-09-18T12:46:31,2,1.370,9.60,9.1370,25.9,1.380,10.44,4.11,-57,9.75,
2026-09-18T12:46:32,2,1.402,12.18,9.1360,25.9,1.388,11.08,4.10,-56,9.75,
2026-09-18T12:46:33,2,1.376,10.11,9.1320,25.9,1.379,10.31,4.13,-56,10.00,
2026-09-18T12:46:34,2,1.371,9.66,9.1340,25.9,1.384,10.69,4.11,-57,9.25,
2026-09-18T12:46:35,2,1.401,12.05,9.1330,25.9,1.381,10.50,4.11,-56,9.75,
2026-09-18T12:46:36,2,1.369,9.53,9.1380,25.9,1.380,10.37,4.10,-57,9.50,
2026-09-18T12:46:37,2,1.372,9.73,9.1390,25.9,1.383,10.63,4.11,-56,10.25,
2026-09-18T12:46:39,2,1.402,12.18,9.1380,25.9,1.380,10.44,4.11,-57,9.75,
2026-09-18T12:46:40,2,1.372,9.73,9.1380,25.9,1.380,10.44,4.11,-57,9.50,
2026-09-18T12:46:41,2,1.410,12.82,9.1420,25.9,1.384,10.76,4.09,-56,10.00,
2026-09-18T12:46:42,2,1.401,12.05,9.1420,25.9,1.384,10.69,4.11,-56,10.00,
2026-09-18T12:46:43,2,1.372,9.73,9.1410,25.9,1.380,10.37,4.11,-56,9.50,
2026-09-18T12:46:44,2,1.410,12.82,9.1420,25.9,1.385,10.82,4.09,-56,10.00,
2026-09-18T12:46:45,2,1.401,12.05,9.1410,25.9,1.382,10.56,4.11,-56,9.75,
2026-09-18T12:46:49,2,1.371,9.66,9.1220,25.9,1.380,10.44,4.11,-52,9.50,
2026-09-18T12:46:50,2,1.404,12.30,9.1220,25.9,1.380,10.44,4.11,-52,9.25,
2026-09-18T12:46:52,2,1.401,12.05,9.1210,25.9,1.379,10.31,4.11,-52,9.25,
2026-09-18T12:46:53,2,1.370,9.60,9.1190,25.9,1.380,10.44,4.11,-57,9.75,
2026-09-18T12:46:54,2,1.405,12.37,9.1200,25.9,1.379,10.31,4.11,-56,9.50,
2026-09-18T12:46:55,2,1.367,9.34,9.1200,25.9,1.381,10.50,4.13,-56,9.50,
2026-09-18T12:46:56,2,1.370,9.60,9.1200,25.9,1.380,10.44,4.12,-56,9.75,
2026-09-18T12:46:57,2,1.404,12.30,9.1220,25.9,1.382,10.56,4.11,-56,9.75,
2026-09-18T12:46:58,2,1.372,9.79,9.1210,25.9,1.382,10.56,4.11,-56,10.00,
2026-09-18T12:46:59,2,1.370,9.60,9.1230,25.9,1.382,10.56,4.11,-57,9.75,
2026-09-18T12:47:00,2,1.402,12.18,9.1160,25.9,1.380,10.44,4.11,-56,10.00,
2026-09-18T12:47:01,2,1.372,9.73,9.1170,25.9,1.381,10.50,4.11,-56,9.75,
2026-09-18T12:47:02,2,1.371,9.66,9.1130,25.9,1.380,10.44,4.11,-56,9.25,
2026-09-18T12:47:04,2,1.404,12.30,9.1130,25.9,1.381,10.50,4.11,-56,9.75,
2026-09-18T12:47:05,2,1.372,9.73,9.1120,25.9,1.380,10.44,4.11,-56,9.75,
2026-09-18T12:47:06,2,1.370,9.60,9.1110,25.9,1.381,10.50,4.11,-56,9.75,
2026-09-18T12:47:07,2,1.401,12.11,9.1070,25.9,1.382,10.56,4.11,-56,9.75,
2026-09-18T12:47:08,2,1.369,9.53,9.1070,25.9,1.383,10.63,4.11,-56,9.75,
2026-09-18T12:47:09,2,1.411,12.88,9.1070,25.9,1.376,10.11,4.10,-56,9.75,
2026-09-18T12:47:10,2,1.399,11.92,9.1060,25.9,1.379,10.31,4.11,-56,10.00,
2026-09-18T12:47:11,2,1.370,9.60,9.1020,25.9,1.381,10.50,4.11,-56,10.00,
2026-09-18T12:47:12,2,1.418,13.47,9.0990,25.9,1.380,10.44,4.11,-56,9.75,
2026-09-18T12:47:13,2,1.401,12.11,9.1010,25.9,1.380,10.37,4.12,-56,9.75,
2026-09-18T12:47:14,2,1.370,9.60,9.0990,25.9,1.380,10.37,4.11,-57,10.00,
2026-09-18T12:47:17,2,1.397,11.79,9.0930,25.9,1.381,10.50,4.11,-56,10.00,
2026-09-18T12:47:18,2,1.370,9.60,9.0910,25.9,1.380,10.44,4.11,-57,9.75,
2026-09-18T12:47:19,2,1.404,12.30,9.0910,25.9,1.387,10.95,4.11,-56,9.75,
2026-09-18T12:47:20,2,1.401,12.11,9.0860,25.9,1.384,10.69,4.09,-56,10.25,
2026-09-18T12:47:21,2,1.360,8.82,9.0810,25.9,1.382,10.56,4.12,-56,10.00,
2026-09-18T12:47:22,2,1.403,12.24,9.0850,25.9,1.380,10.44,4.10,-56,9.75,
2026-09-18T12:47:23,2,1.370,9.60,9.0830,25.9,1.380,10.44,4.11,-56,10.25,
2026-09-18T12:47:24,2,1.368,9.40,9.0820,25.9,1.382,10.56,4.11,-56,9.75,
2026-09-18T12:47:25,2,1.401,12.11,9.0850,25.9,1.381,10.50,4.11,-58,10.00,
2026-09-18T12:47:26,2,1.370,9.60,9.0830,25.9,1.380,10.37,4.11,-57,10.00,
2026-09-18T12:47:31,2,1.365,9.21,9.0880,25.9,1.377,10.18,4.13,-55,9.75,
2026-09-18T12:47:32,2,1.401,12.05,9.0900,25.9,1.381,10.50,4.11,-54,9.00,
2026-09-18T12:47:33,2,1.370,9.60,9.0870,25.9,1.382,10.56,4.11,-55,8.50,
2026-09-18T12:47:34,2,1.407,12.56,9.0870,25.9,1.380,10.37,4.11,-55,9.50,
2026-09-18T12:47:35,2,1.399,11.92,9.0910,25.9,1.372,9.73,4.11,-59,9.50,
2026-09-18T12:47:36,2,1.371,9.66,9.0890,25.9,1.384,10.69,4.11,-59,9.00,
2026-09-18T12:47:37,2,1.412,12.95,9.0900,25.9,1.380,10.37,4.10,-59,9.25,
2026-09-18T12:47:38,2,1.401,12.11,9.0880,25.9,1.381,10.50,4.11,-58,9.25,
2026-09-18T12:47:39,2,1.371,9.66,9.0910,25.9,1.380,10.37,4.11,-59,9.50,
2026-09-18T12:47:40,2,1.406,12.50,9.0920,25.9,1.380,10.37,4.11,-59,9.75,
2026-09-18T12:47:42,2,1.402,12.18,9.0920,25.9,1.382,10.56,4.11,-59,9.75,
2026-09-18T12:47:43,2,1.370,9.60,9.0900,25.9,1.380,10.44,4.11,-59,9.25,
2026-09-18T12:47:44,2,1.403,12.24,9.0880,25.9,1.382,10.56,4.11,-59,9.50,
2026-09-18T12:47:45,2,1.401,12.11,9.0850,25.9,1.381,10.50,4.09,-58,10.00,
2026-09-18T12:47:46,2,1.369,9.53,9.0850,25.9,1.380,10.44,4.11,-59,9.75,
2026-09-18T12:47:47,2,1.405,12.37,9.0820,25.9,1.379,10.31,4.11,-59,9.25,
2026-09-18T12:47:48,2,1.370,9.60,9.0880,25.9,1.380,10.37,4.11,-59,9.25,
2026-09-18T12:47:49,2,1.370,9.60,9.0810,25.9,1.381,10.50,4.12,-59,9.50,
2026-09-18T12:47:50,2,1.401,12.05,9.0790,25.9,1.381,10.50,4.11,-58,9.50,
2026-09-18T12:47:51,2,1.370,9.60,9.0750,25.9,1.380,10.37,4.11,-58,9.50,
2026-09-18T12:47:52,2,1.370,9.60,9.0730,25.9,1.380,10.37,4.13,-59,9.25,
2026-09-18T12:47:54,2,1.401,12.05,9.0760,25.9,1.377,10.18,4.11,-58,9.75,
2026-09-18T12:47:55,2,1.369,9.53,9.0770,25.9,1.380,10.37,4.11,-59,9.50,
2026-09-18T12:47:56,2,1.368,9.47,9.0720,25.9,1.379,10.31,4.13,-58,9.50,
2026-09-18T12:47:57,2,1.401,12.05,9.0710,25.9,1.379,10.31,4.11,-58,10.00,
2026-09-18T12:47:58,2,1.370,9.60,9.0640,25.9,1.380,10.37,4.11,-58,9.50,
2026-09-18T12:47:59,2,1.368,9.40,9.0650,25.9,1.378,10.24,4.13,-58,9.50,
2026-09-18T12:48:00,2,1.401,12.05,9.0640,25.9,1.383,10.63,4.11,-58,9.75,
2026-09-18T12:48:01,2,1.369,9.53,9.0680,25.9,1.378,10.24,4.11,-58,9.75,
2026-09-18T12:48:02,2,1.411,12.88,9.0670,25.9,1.379,10.31,4.11,-58,9.50,
2026-09-18T12:48:03,2,1.400,11.98,9.0720,25.9,1.382,10.56,4.11,-58,9.75,
2026-09-18T12:48:04,2,1.371,9.66,9.0730,25.9,1.376,10.05,4.11,-58,10.00,
2026-09-18T12:48:05,2,1.409,12.76,9.0700,25.9,1.380,10.37,4.11,-58,9.75,
2026-09-18T12:48:07,2,1.401,12.05,9.0750,25.9,1.380,10.37,4.09,-58,10.00,
2026-09-18T12:48:08,2,1.371,9.66,9.0770,25.9,1.384,10.76,4.11,-58,9.25,
2026-09-18T12:48:09,2,1.405,12.43,9.0720,25.9,1.380,10.37,4.11,-58,10.00,
2026-09-18T12:48:13,2,1.403,12.24,9.0830,25.9,1.382,10.56,4.09,-54,9.75,
2026-09-18T12:48:14,2,1.368,9.47,9.0800,25.9,1.382,10.56,4.11,-54,9.25,
2026-09-18T12:48:15,2,1.405,12.37,9.0830,25.9,1.380,10.44,4.11,-54,9.50,
2026-09-18T12:48:16,2,1.370,9.60,9.0840,25.9,1.378,10.24,4.11,-58,9.50,
2026-09-18T12:48:17,2,1.368,9.40,9.0860,25.9,1.380,10.37,4.13,-59,9.50,
2026-09-18T12:48:19,2,1.401,12.05,9.0850,25.9,1.380,10.37,4.11,-58,9.75,
2026-09-18T12:48:20,2,1.367,9.34,9.0880,25.9,1.380,10.44,4.11,-59,9.75,
2026-09-18T12:48:21,2,1.367,9.34,9.0900,25.9,1.379,10.31,4.13,-58,9.50,
2026-09-18T12:48:22,2,1.401,12.11,9.0860,25.9,1.381,10.50,4.11,-58,10.00,
2026-09-18T12:48:23,2,1.369,9.53,9.0800,25.9,1.381,10.50,4.11,-58,9.75,
2026-09-18T12:48:24,2,1.366,9.27,9.0790,25.9,1.377,10.18,4.13,-58,9.50,
2026-09-18T12:48:25,2,1.397,11.79,9.0820,25.9,1.380,10.37,4.11,-58,9.50,
2026-09-18T12:48:26,2,1.369,9.53,9.0770,25.9,1.380,10.44,4.11,-59,9.50,
2026-09-18T12:48:27,2,1.396,11.66,9.0730,25.9,1.380,10.44,4.14,-58,9.50,
2026-09-18T12:48:28,2,1.401,12.11,9.0750,25.9,1.381,10.50,4.09,-58,9.75,
2026-09-18T12:48:29,2,1.372,9.73,9.0680,25.9,1.380,10.44,4.11,-58,9.75,
2026-09-18T12:48:30,2,1.409,12.76,9.0700,25.9,1.380,10.37,4.11,-58,9.50,
2026-09-18T12:48:33,2,1.371,9.66,9.0730,25.9,1.380,10.44,4.11,-58,9.25,
2026-09-18T12:48:34,2,1.407,12.56,9.0690,25.9,1.385,10.82,4.11,-58,9.50,
2026-09-18T12:48:35,2,1.400,11.98,9.0660,25.9,1.395,11.60,4.09,-58,10.00,
2026-09-18T12:48:36,2,1.372,9.73,9.0640,25.9,1.381,10.50,4.11,-57,9.75,
2026-09-18T12:48:37,2,1.407,12.56,9.0630,25.9,1.380,10.37,4.11,-58,10.25,
2026-09-18T12:48:38,2,1.397,11.79,9.0610,25.9,1.381,10.50,4.09,-55,10.00,
2026-09-18T12:48:39,2,1.368,9.40,9.0550,25.9,1.379,10.31,4.13,-54,9.50,
2026-09-18T12:48:40,2,1.402,12.18,9.0510,25.9,1.383,10.63,4.11,-57,9.75,
2026-09-18T12:48:41,2,1.368,9.40,9.0500,25.9,1.380,10.37,4.11,-56,9.75,
2026-09-18T12:48:42,2,1.369,9.53,9.0480,25.9,1.379,10.31,4.13,-55,9.25,
2026-09-18T12:48:44,2,1.399,11.92,9.0500,25.9,1.380,10.44,4.11,-55,9.75,
2026-09-18T12:48:45,2,1.370,9.60,9.0490,25.9,1.380,10.44,4.11,-55,9.75,
2026-09-18T12:48:46,2,1.367,9.34,9.0500,25.9,1.380,10.37,4.13,-55,9.50,
2026-09-18T12:48:47,2,1.401,12.05,9.0520,25.9,1.377,10.18,4.11,-55,9.25,
2026-09-18T12:48:48,2,1.369,9.53,9.0540,25.9,1.380,10.44,4.11,-55,9.50,
2026-09-18T12:48:49,2,1.365,9.21,9.0510,25.9,1.387,10.95,4.13,-55,9.50,
2026-09-18T12:48:50,2,1.402,12.18,9.0500,25.9,1.381,10.50,4.08,-55,9.75,
2026-09-18T12:48:56,2,1.408,12.63,9.0450,25.9,1.380,10.44,4.10,-50,6.25,
2026-09-18T12:48:57,2,1.401,12.05,9.0460,25.9,1.393,11.40,4.09,-50,5.75,
2026-09-18T12:48:58,2,1.370,9.60,9.0450,25.9,1.378,10.24,4.11,-51,8.50,
2026-09-18T12:48:59,2,1.406,12.50,9.0470,25.9,1.376,10.11,4.10,-56,9.75,
2026-09-18T12:49:00,2,1.401,12.05,9.0450,25.9,1.380,10.44,4.10,-54,9.75,
2026-09-18T12:49:01,2,1.367,9.34,9.0480,25.9,1.377,10.18,4.13,-56,9.50,
2026-09-18T12:49:02,2,1.405,12.37,9.0470,25.9,1.380,10.44,4.11,-56,9.50,
2026-09-18T12:49:03,2,1.401,12.05,9.0450,25.9,1.391,11.27,4.09,-56,9.75,
2026-09-18T12:49:04,2,1.372,9.73,9.0460,25.9,1.376,10.11,4.13,-55,9.50,
2026-09-18T12:49:05,2,1.401,12.05,9.0420,25.9,1.380,10.37,4.11,-54,9.75,
2026-09-18T12:49:06,2,1.368,9.47,9.0390,25.9,1.379,10.31,4.11,-55,9.50,
2026-09-18T12:49:07,2,1.367,9.34,9.0330,25.9,1.377,10.18,4.13,-55,9.75,
2026-09-18T12:49:09,2,1.402,12.18,9.0290,25.9,1.380,10.37,4.11,-56,9.50,
2026-09-18T12:49:10,2,1.368,9.47,9.0330,25.9,1.376,10.11,4.11,-55,10.25,
2026-09-18T12:49:11,2,1.368,9.47,9.0290,25.9,1.376,10.11,4.13,-56,9.50,
2026-09-18T12:49:12,2,1.402,12.18,9.0270,25.9,1.381,10.50,4.11,-55,9.75,
2026-09-18T12:49:13,2,1.370,9.60,9.0290,25.9,1.384,10.69,4.11,-55,10.50,
2026-09-18T12:49:14,2,1.371,9.66,9.0320,25.9,1.376,10.05,4.13,-56,9.75,
2026-09-18T12:49:15,2,1.401,12.05,9.0310,25.9,1.380,10.44,4.09,-55,10.00,
2026-09-18T12:49:16,2,1.370,9.60,9.0290,25.9,1.380,10.37,4.11,-56,9.75,
2026-09-18T12:49:17,2,1.368,9.47,9.0270,25.9,1.377,10.18,4.13,-56,9.50,
2026-09-18T12:49:18,2,1.402,12.18,9.0280,25.9,1.380,10.44,4.09,-56,11.50,
2026-09-18T12:49:19,2,1.370,9.60,9.0310,25.9,1.381,10.50,4.11,-56,9.75,
2026-09-18T12:49:20,2,1.412,12.95,9.0310,25.9,1.380,10.37,4.10,-56,9.75,
2026-09-18T12:49:22,2,1.401,12.11,9.0300,25.9,1.379,10.31,4.09,-55,10.00,
2026-09-18T12:49:23,2,1.369,9.53,9.0310,25.9,1.380,10.44,4.12,-55,10.25,
2026-09-18T12:49:24,2,1.406,12.50,9.0260,25.9,1.380,10.37,4.11,-55,9.75,
2026-09-18T12:49:25,2,1.401,12.05,9.0270,25.9,1.381,10.50,4.09,-56,9.75,
2026-09-18T12:49:26,2,1.364,9.08,9.0280,25.9,1.377,10.18,4.13,-56,9.75,
2026-09-18T12:49:27,2,1.405,12.43,9.0300,25.9,1.380,10.37,4.11,-55,9.75,
2026-09-18T12:49:28,2,1.401,12.05,9.0350,25.9,1.382,10.56,4.09,-56,10.00,
2026-09-18T12:49:29,2,1.369,9.53,9.0360,25.9,1.378,10.24,4.13,-56,9.50,
2026-09-18T12:49:30,2,1.402,12.18,9.0400,25.9,1.379,10.31,4.10,-55,9.75,
2026-09-18T12:49:31,2,1.372,9.73,9.0420,25.9,1.374,9.92,4.09,-55,9.75,
2026-09-18T12:49:32,2,1.364,9.15,9.0370,25.9,1.377,10.18,4.13,-56,9.25,
2026-09-18T12:49:37,2,1.401,12.11,9.0260,25.9,1.382,10.56,4.08,-50,7.00,
2026-09-18T12:49:38,2,1.367,9.34,9.0220,25.9,1.379,10.31,4.11,-51,7.00,
2026-09-18T12:49:39,2,1.367,9.34,9.0220,25.9,1.379,10.31,4.13,-50,7.00,
2026-09-18T12:49:40,2,1.403,12.24,9.0200,25.9,1.382,10.56,4.09,-56,10.00,
2026-09-18T12:49:41,2,1.368,9.40,9.0180,25.9,1.381,10.50,4.11,-55,9.50,
2026-09-18T12:49:42,2,1.365,9.21,9.0200,25.9,1.374,9.92,4.13,-55,10.00,
2026-09-18T12:49:43,2,1.399,11.92,9.0220,25.9,1.383,10.63,4.09,-56,10.00,
2026-09-18T12:49:44,2,1.367,9.34,9.0150,25.9,1.380,10.37,4.11,-55,9.50,
2026-09-18T12:49:46,2,1.410,12.82,9.0130,25.9,1.381,10.50,4.10,-55,9.50,
2026-09-18T12:49:47,2,1.401,12.11,9.0090,25.9,1.381,10.50,4.09,-54,9.75,
2026-09-18T12:49:48,2,1.368,9.47,9.0120,25.9,1.378,10.24,4.13,-56,10.25,
2026-09-18T12:49:49,2,1.408,12.63,9.0110,25.9,1.378,10.24,4.10,-55,9.75,
2026-09-18T12:49:50,2,1.397,11.79,9.0090,25.9,1.381,10.50,4.09,-56,10.00,
2026-09-18T12:49:51,2,1.367,9.34,9.0080,25.9,1.376,10.11,4.13,-55,9.75,
2026-09-18T12:49:52,2,1.405,12.43,9.0100,25.9,1.377,10.18,4.11,-55,9.75,
2026-09-18T12:49:53,2,1.400,11.98,9.0060,25.9,1.385,10.82,4.09,-55,9.25,
2026-09-18T12:49:54,2,1.368,9.40,9.0080,25.9,1.378,10.24,4.13,-55,9.50,
2026-09-18T12:49:55,2,1.403,12.24,9.0070,25.9,1.380,10.37,4.11,-55,9.50,
2026-09-18T12:49:56,2,1.401,12.05,9.0090,25.9,1.380,10.44,4.09,-55,10.00,
2026-09-18T12:49:57,2,1.365,9.21,9.0130,25.9,1.380,10.37,4.13,-55,9.75,
2026-09-18T12:49:59,2,1.402,12.18,9.0130,25.9,1.383,10.63,4.09,-55,9.75,
2026-09-18T12:50:00,2,1.370,9.60,9.0100,25.9,1.380,10.37,4.11,-56,9.50,
2026-09-18T12:50:01,2,1.365,9.21,9.0070,25.9,1.379,10.31,4.13,-55,9.50,
2026-09-18T12:50:02,2,1.403,12.24,9.0070,25.9,1.381,10.50,4.08,-55,10.00,
2026-09-18T12:50:03,2,1.368,9.40,9.0100,25.9,1.380,10.44,4.11,-56,9.75,
2026-09-18T12:50:04,2,1.365,9.21,9.0140,25.9,1.377,10.18,4.13,-55,9.75,
2026-09-18T12:50:05,2,1.404,12.30,9.0150,25.9,1.384,10.76,4.09,-56,10.00,
2026-09-18T12:50:06,2,1.370,9.60,9.0150,25.9,1.378,10.24,4.11,-55,9.50,
2026-09-18T12:50:07,2,1.369,9.53,9.0100,25.9,1.377,10.18,4.13,-55,9.50,
2026-09-18T12:50:08,2,1.397,11.72,9.0080,25.9,1.375,9.98,4.08,-55,9.75,
2026-09-18T12:50:09,2,1.366,9.27,9.0080,25.9,1.378,10.24,4.13,-55,9.75,
2026-09-18T12:50:11,2,1.411,12.88,9.0060,25.9,1.379,10.31,4.10,-54,9.75,
2026-09-18T12:50:12,2,1.401,12.05,9.0050,25.9,1.381,10.50,4.09,-55,9.75,
2026-09-18T12:50:13,2,1.366,9.27,9.0060,25.9,1.378,10.24,4.12,-56,9.50,
2026-09-18T12:50:14,2,1.407,12.56,9.0020,25.9,1.380,10.44,4.11,-55,9.75,
2026-09-18T12:50:19,2,1.368,9.47,9.0070,25.9,1.380,10.37,4.13,-50,6.50,
2026-09-18T12:50:20,2,1.405,12.37,9.0100,25.9,1.383,10.63,4.08,-50,6.50,
2026-09-18T12:50:21,2,1.400,11.98,9.0060,25.9,1.381,10.50,4.09,-50,9.75,
2026-09-18T12:50:22,2,1.366,9.27,9.0020,25.9,1.376,10.11,4.13,-55,9.75,
2026-09-18T12:50:24,2,1.407,12.56,9.0010,25.9,1.383,10.63,4.08,-55,11.75,
2026-09-18T12:50:25,2,1.368,9.47,9.0030,25.9,1.379,10.31,4.11,-55,9.75,
2026-09-18T12:50:26,2,1.364,9.15,9.0020,25.9,1.380,10.37,4.13,-55,9.50,
2026-09-18T12:50:27,2,1.403,12.24,9.0030,25.9,1.382,10.56,4.09,-55,10.00,
2026-09-18T12:50:28,2,1.370,9.60,9.0000,25.9,1.382,10.56,4.11,-55,10.00,
2026-09-18T12:50:29,2,1.368,9.40,9.0000,25.9,1.377,10.18,4.13,-55,9.25,
2026-09-18T12:50:30,2,1.403,12.24,8.9990,25.9,1.380,10.37,4.09,-55,9.50,
2026-09-18T12:50:31,2,1.364,9.08,8.9970,25.9,1.375,9.98,4.13,-55,9.50,
2026-09-18T12:50:32,2,1.370,9.60,8.9970,25.9,1.376,10.11,4.13,-55,9.75,
2026-09-18T12:50:33,2,1.401,12.11,9.0060,25.9,1.382,10.56,4.09,-55,9.75,
2026-09-18T12:50:34,2,1.367,9.34,9.0040,25.9,1.376,10.11,4.13,-55,9.50,
2026-09-18T12:50:36,2,1.411,12.88,9.0020,25.9,1.380,10.44,4.10,-55,9.50,
2026-09-18T12:50:37,2,1.402,12.18,8.9990,25.9,1.382,10.56,4.09,-55,9.75,
2026-09-18T12:50:38,2,1.366,9.27,9.0030,25.9,1.377,10.18,4.13,-55,9.50,
2026-09-18T12:50:39,2,1.403,12.24,9.0010,25.9,1.377,10.18,4.11,-55,9.25,
2026-09-18T12:50:40,2,1.399,11.92,8.9950,25.9,1.381,10.50,4.09,-54,10.00,
2026-09-18T12:50:41,2,1.361,8.89,8.9990,25.9,1.377,10.18,4.13,-55,9.50,
2026-09-18T12:50:42,2,1.406,12.50,9.0000,25.9,1.382,10.56,4.08,-55,10.00,
2026-09-18T12:50:43,2,1.400,11.98,8.9990,25.9,1.380,10.44,4.09,-55,10.00,
2026-09-18T12:50:44,2,1.366,9.27,8.9910,25.9,1.377,10.18,4.13,-56,9.75,
2026-09-18T12:50:45,2,1.406,12.50,8.9880,25.9,1.382,10.56,4.08,-55,9.75,
2026-09-18T12:50:46,2,1.398,11.85,8.9880,25.9,1.381,10.50,4.09,-55,9.75,
2026-09-18T12:50:47,2,1.367,9.34,8.9880,25.9,1.380,10.44,4.13,-54,9.75,
2026-09-18T12:50:49,2,1.404,12.30,8.9890,25.9,1.382,10.56,4.08,-54,9.75,
2026-09-18T12:50:50,2,1.369,9.53,8.9810,25.9,1.376,10.11,4.10,-54,9.75,
2026-09-18T12:50:51,2,1.368,9.40,8.9840,25.9,1.378,10.24,4.13,-55,9.75,
2026-09-18T12:50:52,2,1.403,12.24,8.9850,25.9,1.381,10.50,4.09,-54,9.75,
2026-09-18T12:50:53,2,1.368,9.40,8.9790,25.9,1.377,10.18,4.13,-55,9.25,
2026-09-18T12:50:54,2,1.368,9.47,8.9770,25.9,1.376,10.11,4.13,-55,9.75,
2026-09-18T12:50:55,2,1.404,12.30,8.9810,25.9,1.380,10.37,4.09,-54,10.50,
2026-09-18T12:51:01,2,1.395,11.60,8.9860,25.9,1.379,10.31,4.13,-49,8.25,
2026-09-18T12:51:02,2,1.403,12.24,8.9850,25.9,1.380,10.44,4.09,-49,8.50,
2026-09-18T12:51:03,2,1.364,9.15,8.9820,25.9,1.378,10.24,4.12,-49,8.50,
2026-09-18T12:51:04,2,1.409,12.76,8.9840,25.9,1.377,10.18,4.11,-54,9.75,
2026-09-18T12:51:05,2,1.402,12.18,8.9940,25.9,1.381,10.50,4.09,-54,9.75,
2026-09-18T12:51:06,2,1.367,9.34,8.9930,25.9,1.376,10.11,4.12,-54,10.00,
2026-09-18T12:51:07,2,1.408,12.63,8.9930,25.9,1.383,10.63,4.08,-54,10.00,
2026-09-18T12:51:08,2,1.401,12.11,8.9980,25.9,1.378,10.24,4.09,-54,11.25,
2026-09-18T12:51:09,2,1.366,9.27,8.9990,25.9,1.378,10.24,4.12,-54,9.50,
2026-09-18T12:51:10,2,1.404,12.30,8.9940,25.9,1.390,11.21,4.08,-54,10.25,
2026-09-18T12:51:11,2,1.400,11.98,8.9970,25.9,1.380,10.37,4.09,-54,9.50,
2026-09-18T12:51:12,2,1.366,9.27,8.9950,25.9,1.377,10.18,4.13,-54,9.50,
2026-09-18T12:51:14,2,1.403,12.24,8.9950,25.9,1.384,10.69,4.09,-54,9.50,
2026-09-18T12:51:15,2,1.368,9.47,8.9920,25.9,1.379,10.31,4.11,-55,9.75,
2026-09-18T12:51:16,2,1.368,9.47,8.9930,25.9,1.377,10.18,4.13,-54,9.75,
2026-09-18T12:51:17,2,1.402,12.18,8.9900,25.9,1.381,10.50,4.09,-54,9.75,
2026-09-18T12:51:18,2,1.363,9.02,8.9860,25.9,1.376,10.11,4.13,-55,9.50,
2026-09-18T12:51:19,2,1.367,9.34,8.9900,25.9,1.376,10.11,4.13,-54,9.50,
2026-09-18T12:51:20,2,1.401,12.05,8.9870,25.9,1.383,10.63,4.09,-55,10.00,
2026-09-18T12:51:21,2,1.367,9.34,8.9880,25.9,1.376,10.11,4.13,-55,9.75,
2026-09-18T12:51:22,2,1.366,9.27,8.9910,25.9,1.376,10.11,4.13,-55,9.50,
2026-09-18T12:51:23,2,1.401,12.11,8.9890,25.9,1.384,10.69,4.09,-55,10.00,
2026-09-18T12:51:24,2,1.367,9.34,8.9810,25.9,1.375,9.98,4.13,-54,9.50,
2026-09-18T12:51:26,2,1.409,12.76,8.9810,25.9,1.381,10.50,4.11,-55,9.75,
2026-09-18T12:51:27,2,1.401,12.11,8.9790,25.9,1.378,10.24,4.09,-55,10.00,
2026-09-18T12:51:28,2,1.364,9.15,8.9800,25.9,1.379,10.31,4.13,-55,9.50,
2026-09-18T12:51:29,2,1.409,12.69,8.9740,25.9,1.382,10.56,4.08,-55,10.25,
2026-09-18T12:51:30,2,1.401,12.05,8.9790,25.9,1.383,10.63,4.09,-55,10.00,
2026-09-18T12:51:31,2,1.363,9.02,8.9810,25.9,1.380,10.44,4.13,-55,10.00,
2026-09-18T12:51:32,2,1.408,12.63,8.9790,25.9,1.380,10.44,4.08,-55,9.50,
2026-09-18T12:51:33,2,1.402,12.18,8.9820,25.9,1.380,10.37,4.09,-55,9.75,
2026-09-18T12:51:34,2,1.368,9.40,8.9800,25.9,1.376,10.05,4.13,-55,9.75,
2026-09-18T12:51:35,2,1.405,12.43,8.9750,25.9,1.382,10.56,4.08,-55,9.50,
2026-09-18T12:51:36,2,1.398,11.85,8.9790,25.9,1.380,10.44,4.10,-55,9.75,
2026-09-18T12:51:37,2,1.366,9.27,8.9790,25.9,1.377,10.18,4.13,-55,9.75,
2026-09-18T12:51:43,2,1.366,9.27,8.9690,25.9,1.378,10.24,4.12,-51,9.25,
2026-09-18T12:51:44,2,1.366,9.27,8.9740,25.9,1.379,10.31,4.12,-51,9.50,
2026-09-18T12:51:45,2,1.402,12.18,8.9760,25.9,1.382,10.56,4.09,-54,9.75,
2026-09-18T12:51:46,2,1.363,9.02,8.9780,25.9,1.376,10.11,4.13,-55,10.00,
2026-09-18T12:51:47,2,1.367,9.34,8.9760,25.9,1.376,10.11,4.13,-57,10.00,
2026-09-18T12:51:48,2,1.401,12.05,8.9800,25.9,1.380,10.44,4.09,-58,9.50,
2026-09-18T12:51:49,2,1.368,9.47,8.9800,25.9,1.378,10.24,4.13,-55,9.50,
2026-09-18T12:51:51,2,1.408,12.63,8.9790,25.9,1.379,10.31,4.11,-53,9.75,
2026-09-18T12:51:52,2,1.401,12.05,8.9760,25.9,1.383,10.63,4.09,-56,9.75,
2026-09-18T12:51:53,2,1.368,9.40,8.9740,25.9,1.376,10.11,4.13,-58,9.50,
2026-09-18T12:51:54,2,1.412,12.95,8.9750,25.9,1.382,10.56,4.08,-59,9.75,
2026-09-18T12:51:55,2,1.401,12.11,8.9780,25.9,1.382,10.56,4.09,-59,9.75,
2026-09-18T12:51:56,2,1.368,9.40,8.9750,25.9,1.378,10.24,4.12,-62,9.75,
2026-09-18T12:51:57,2,1.407,12.56,8.9770,25.9,1.380,10.37,4.08,-59,10.00,
2026-09-18T12:51:58,2,1.398,11.85,8.9760,25.9,1.381,10.50,4.09,-59,9.75,
2026-09-18T12:51:59,2,1.366,9.27,8.9780,25.9,1.378,10.24,4.12,-60,9.75,
2026-09-18T12:52:00,2,1.404,12.30,8.9750,25.9,1.384,10.69,4.08,-59,10.00,
2026-09-18T12:52:01,2,1.401,12.05,8.9740,25.9,1.382,10.56,4.10,-64,9.50,
2026-09-18T12:52:02,2,1.366,9.27,8.9750,25.9,1.376,10.05,4.13,-58,9.25,
2026-09-18T12:52:04,2,1.401,12.11,8.9700,25.9,1.380,10.37,4.09,-57,10.00,
2026-09-18T12:52:05,2,1.364,9.08,8.9660,25.9,1.375,9.98,4.13,-55,9.75,
2026-09-18T12:52:06,2,1.367,9.34,8.9630,25.9,1.376,10.11,4.13,-56,10.00,
2026-09-18T12:52:07,2,1.402,12.18,8.9600,25.9,1.380,10.44,4.09,-59,9.75,
2026-09-18T12:52:08,2,1.366,9.27,8.9550,25.9,1.376,10.05,4.13,-60,10.75,
2026-09-18T12:52:09,2,1.368,9.40,8.9550,25.9,1.379,10.31,4.13,-59,9.25,
2026-09-18T12:52:10,2,1.398,11.85,8.9590,25.9,1.382,10.56,4.09,-56,9.75,
2026-09-18T12:52:11,2,1.365,9.21,8.9590,25.9,1.378,10.24,4.13,-58,10.00,
2026-09-18T12:52:12,2,1.365,9.21,8.9610,25.9,1.378,10.24,4.13,-58,9.25,
2026-09-18T12:52:13,2,1.401,12.05,8.9570,25.9,1.380,10.44,4.09,-58,10.50,
2026-09-18T12:52:14,2,1.364,9.08,8.9590,25.9,1.376,10.11,4.13,-56,9.75,
2026-09-18T12:52:16,2,1.367,9.34,8.9600,25.9,1.381,10.50,4.10,-59,9.25,
2026-09-18T12:52:17,2,1.402,12.18,8.9600,25.9,1.382,10.56,4.08,-63,9.75,
2026-09-18T12:52:18,2,1.367,9.34,8.9600,25.9,1.376,10.05,4.13,-61,9.50,
2026-09-18T12:52:19,2,1.409,12.76,8.9560,25.9,1.380,10.44,4.08,-59,10.00,
2026-09-18T12:52:20,2,1.399,11.92,8.9610,25.9,1.380,10.37,4.09,-60,10.00,
2026-09-18T12:52:24,2,1.368,9.40,8.9660,25.9,1.376,10.11,4.13,-56,8.50,
2026-09-18T12:52:25,2,1.406,12.50,8.9690,25.9,1.382,10.56,4.08,-56,8.00,
2026-09-18T12:52:26,2,1.397,11.72,8.9700,25.9,1.381,10.50,4.11,-55,8.75,
2026-09-18T12:52:27,2,1.365,9.21,8.9760,25.9,1.377,10.18,4.13,-60,9.75,
2026-09-18T12:52:29,2,1.405,12.43,8.9750,25.9,1.380,10.44,4.08,-60,9.75,
2026-09-18T12:52:30,2,1.367,9.34,8.9760,25.9,1.376,10.11,4.13,-61,10.00,
2026-09-18T12:52:31,2,1.366,9.27,8.9700,25.9,1.376,10.11,4.12,-61,9.50,
2026-09-18T12:52:32,2,1.394,11.53,8.9710,25.9,1.383,10.63,4.09,-60,9.50,
2026-09-18T12:52:33,2,1.366,9.27,8.9750,25.9,1.384,10.69,4.13,-61,9.75,
2026-09-18T12:52:34,2,1.369,9.53,8.9770,25.9,1.377,10.18,4.13,-61,10.00,
2026-09-18T12:52:35,2,1.400,11.98,8.9730,25.9,1.382,10.56,4.09,-59,9.75,
2026-09-18T12:52:36,2,1.368,9.40,8.9750,25.9,1.377,10.18,4.13,-61,9.75,
2026-09-18T12:52:37,2,1.366,9.27,8.9750,25.9,1.380,10.37,4.12,-61,10.00,
2026-09-18T12:52:38,2,1.400,11.98,8.9770,25.9,1.389,11.14,4.09,-60,10.00,
2026-09-18T12:52:39,2,1.368,9.40,8.9760,25.9,1.377,10.18,4.13,-61,10.00,
2026-09-18T12:52:41,2,1.368,9.47,8.9720,25.9,1.380,10.44,4.10,-61,9.50,
2026-09-18T12:52:42,2,1.398,11.85,8.9670,25.9,1.384,10.76,4.09,-60,9.75,
2026-09-18T12:52:43,2,1.367,9.34,8.9700,25.9,1.376,10.11,4.12,-61,9.75,
2026-09-18T12:52:44,2,1.413,13.01,8.9700,25.9,1.383,10.63,4.08,-60,9.75,
2026-09-18T12:52:45,2,1.401,12.05,8.9630,25.9,1.380,10.37,4.09,-60,10.00,
2026-09-18T12:52:46,2,1.368,9.40,8.9640,25.9,1.374,9.92,4.13,-60,10.25,
2026-09-18T12:52:47,2,1.408,12.63,8.9620,25.9,1.381,10.50,4.09,-60,10.00,
2026-09-18T12:52:48,2,1.397,11.79,8.9610,25.9,1.378,10.24,4.09,-60,10.25,
2026-09-18T12:52:49,2,1.366,9.27,8.9610,25.9,1.376,10.11,4.13,-61,9.75,
2026-09-18T12:52:50,2,1.405,12.37,8.9650,25.9,1.382,10.56,4.08,-60,10.25,
2026-09-18T12:52:51,2,1.399,11.92,8.9620,25.9,1.381,10.50,4.11,-60,9.50,
2026-09-18T12:52:52,2,1.368,9.40,8.9610,25.9,1.376,10.11,4.13,-61,9.50,
2026-09-18T12:52:54,2,1.403,12.24,8.9600,25.9,1.380,10.37,4.09,-60,10.25,
2026-09-18T12:52:55,2,1.367,9.34,8.9580,25.9,1.378,10.24,4.13,-60,9.50,
2026-09-18T12:52:56,2,1.365,9.21,8.9610,25.9,1.376,10.11,4.13,-61,9.75,
2026-09-18T12:52:57,2,1.402,12.18,8.9610,25.9,1.381,10.50,4.09,-60,10.50,
2026-09-18T12:52:58,2,1.368,9.47,8.9580,25.9,1.376,10.05,4.13,-61,9.50,
2026-09-18T12:52:59,2,1.365,9.21,8.9590,25.9,1.377,10.18,4.13,-61,9.50,
2026-09-18T12:53:00,2,1.401,12.05,8.9620,25.9,1.381,10.50,4.09,-60,10.00,
2026-09-18T12:53:01,2,1.367,9.34,8.9630,25.9,1.376,10.05,4.13,-61,9.75,
2026-09-18T12:53:06,2,1.366,9.27,8.9610,25.9,1.381,10.50,4.10,-56,8.50,
2026-09-18T12:53:07,2,1.401,12.05,8.9580,25.9,1.381,10.50,4.09,-56,8.50,
2026-09-18T12:53:08,2,1.364,9.15,8.9600,25.9,1.376,10.11,4.13,-56,8.25,
2026-09-18T12:53:09,2,1.413,13.08,8.9620,25.9,1.382,10.56,4.08,-60,9.75,
2026-09-18T12:53:10,2,1.401,12.11,8.9600,25.9,1.380,10.44,4.09,-60,10.00,
2026-09-18T12:53:11,2,1.364,9.08,8.9600,25.9,1.371,9.66,4.12,-60,9.50,
2026-09-18T12:53:12,2,1.407,12.56,8.9600,25.9,1.380,10.44,4.08,-60,9.75,
2026-09-18T12:53:13,2,1.389,11.14,8.9610,25.9,1.381,10.50,4.11,-66,9.50,1
2026-09-18T12:53:14,2,1.367,9.34,8.9620,25.9,1.375,9.98,4.12,-60,9.75,
2026-09-18T12:53:15,2,1.405,12.37,8.9610,25.9,1.383,10.63,4.08,-55,10.50,
2026-09-18T12:53:16,2,1.400,11.98,8.9570,25.9,1.380,10.44,4.11,-58,9.25,
2026-09-18T12:53:17,2,1.366,9.27,8.9630,25.9,1.377,10.18,4.13,-58,9.75,
2026-09-18T12:53:19,2,1.405,12.43,8.9630,25.9,1.380,10.37,4.08,-57,9.75,
2026-09-18T12:53:20,2,1.367,9.34,8.9620,25.9,1.376,10.11,4.11,-62,9.75,
2026-09-18T12:53:21,2,1.364,9.15,8.9610,25.9,1.376,10.05,4.12,-64,9.25,
2026-09-18T12:53:22,2,1.400,11.98,8.9610,25.9,1.381,10.50,4.09,-63,10.00,
2026-09-18T12:53:23,2,1.366,9.27,8.9630,25.9,1.378,10.24,4.13,-60,9.75,
2026-09-18T12:53:24,2,1.368,9.47,8.9630,25.9,1.380,10.44,4.10,-62,10.00,
2026-09-18T12:53:25,2,1.402,12.18,8.9610,25.9,1.379,10.31,4.09,-62,9.50,
2026-09-18T12:53:26,2,1.367,9.34,8.9650,25.9,1.376,10.11,4.13,-63,9.75,
2026-09-18T12:53:27,2,1.368,9.40,8.9620,25.9,1.380,10.37,4.10,-62,9.75,
2026-09-18T12:53:28,2,1.401,12.11,8.9620,25.9,1.383,10.63,4.08,-62,10.00,
2026-09-18T12:53:29,2,1.366,9.27,8.9590,25.9,1.376,10.05,4.13,-65,9.25,
2026-09-18T12:53:31,2,1.369,9.53,8.9590,25.9,1.384,10.69,4.11,-61,10.00,
2026-09-18T12:53:32,2,1.402,12.18,8.9660,25.9,1.381,10.50,4.09,-59,9.75,
2026-09-18T12:53:33,2,1.366,9.27,9.0100,25.9,1.381,10.50,4.13,-57,9.75,
2026-09-18T12:53:34,2,1.417,13.34,9.0650,25.9,1.384,10.76,4.08,-56,10.00,
2026-09-18T12:53:35,2,1.403,12.24,9.1540,25.9,1.380,10.44,4.10,-54,10.00,
2026-09-18T12:53:36,2,1.368,9.47,9.1930,25.9,1.381,10.50,4.13,-62,9.75,
2026-09-18T12:53:37,2,1.412,12.95,9.2250,25.9,1.384,10.76,4.08,-55,10.00,
2026-09-18T12:53:38,2,1.403,12.24,9.2530,25.9,1.382,10.56,4.11,-57,9.75,
2026-09-18T12:53:39,2,1.369,9.53,9.2840,25.9,1.382,10.56,4.12,-57,10.00,
2026-09-18T12:53:40,2,1.412,12.95,9.3130,25.9,1.388,11.02,4.09,-57,9.75,
2026-09-18T12:53:41,2,1.405,12.37,9.3420,25.9,1.385,10.82,4.11,-57,9.75,
2026-09-18T12:53:47,2,1.413,13.01,9.4670,25.9,1.390,11.21,4.09,-54,9.00,
2026-09-18T12:53:48,2,1.374,9.92,9.5140,25.9,1.385,10.82,4.12,-53,11.25,
2026-09-18T12:53:49,2,1.378,10.24,9.5410,25.9,1.388,11.02,4.10,-55,9.25,
2026-09-18T12:53:50,2,1.409,12.76,9.5630,25.9,1.389,11.14,4.09,-55,10.00,
2026-09-18T12:53:51,2,1.372,9.73,9.5830,25.9,1.386,10.89,4.13,-61,9.75,
2026-09-18T12:53:52,2,1.375,9.98,9.5610,25.9,1.386,10.89,4.11,-61,10.00,
2026-09-18T12:53:53,2,1.409,12.69,9.5220,25.9,1.388,11.02,4.09,-58,9.75,
2026-09-18T12:53:54,2,1.372,9.79,9.4940,25.9,1.381,10.50,4.13,-59,9.75,
2026-09-18T12:53:56,2,1.373,9.85,9.4780,25.9,1.387,10.95,4.11,-55,9.50,
2026-09-18T12:53:57,2,1.405,12.43,9.4690,25.9,1.387,10.95,4.09,-55,10.00,
2026-09-18T12:53:58,2,1.371,9.66,9.4570,25.9,1.386,10.89,4.13,-55,10.00,
2026-09-18T12:53:59,2,1.420,13.59,9.4460,25.9,1.386,10.89,4.08,-55,9.75,
2026-09-18T12:54:00,2,1.405,12.43,9.4300,25.9,1.384,10.76,4.11,-56,9.75,
2026-09-18T12:54:01,2,1.372,9.79,9.4260,25.9,1.384,10.69,4.13,-55,9.25,
2026-09-18T12:54:02,2,1.416,13.27,9.4250,25.9,1.389,11.14,4.08,-56,9.75,
2026-09-18T12:54:03,2,1.405,12.37,9.4230,25.9,1.384,10.76,4.11,-58,9.50,
2026-09-18T12:54:04,2,1.373,9.85,9.4170,25.9,1.379,10.31,4.13,-56,9.75,
2026-09-18T12:54:05,2,1.413,13.01,9.4160,25.9,1.388,11.08,4.08,-56,10.25,
2026-09-18T12:54:06,2,1.404,12.30,9.4160,25.9,1.385,10.82,4.11,-55,9.50,
2026-09-18T12:54:07,2,1.372,9.73,9.4160,25.9,1.384,10.69,4.12,-55,9.75,
2026-09-18T12:54:09,2,1.413,13.08,9.4160,25.9,1.387,10.95,4.08,-57,10.00,
2026-09-18T12:54:10,2,1.404,12.30,9.4170,25.9,1.385,10.82,4.11,-59,9.50,
2026-09-18T12:54:11,2,1.373,9.85,9.4150,25.9,1.387,10.95,4.10,-58,9.75,
2026-09-18T12:54:12,2,1.409,12.76,9.4120,25.9,1.387,10.95,4.09,-59,9.50,
2026-09-18T12:54:13,2,1.371,9.66,9.4110,25.9,1.382,10.56,4.12,-59,9.75,
2026-09-18T12:54:14,2,1.372,9.73,9.4130,25.9,1.384,10.69,4.10,-58,9.25,
2026-09-18T12:54:15,2,1.406,12.50,9.4110,25.9,1.389,11.14,4.09,-58,9.50,
2026-09-18T12:54:16,2,1.371,9.66,9.4050,25.9,1.384,10.76,4.13,-58,9.75,
2026-09-18T12:54:17,2,1.377,10.18,9.4060,25.9,1.384,10.76,4.10,-58,9.50,
2026-09-18T12:54:22,2,1.405,12.43,9.4120,25.9,1.385,10.82,4.09,-52,2.50,
2026-09-18T12:54:23,2,1.372,9.79,9.4090,25.9,1.382,10.56,4.13,-52,2.25,
2026-09-18T12:54:24,2,1.376,10.05,9.4050,25.9,1.385,10.82,4.11,-51,4.00,
2026-09-18T12:54:25,2,1.404,12.30,9.4060,25.9,1.385,10.82,4.11,-58,9.75,
2026-09-18T12:54:26,2,1.370,9.60,9.4060,25.9,1.384,10.69,4.13,-58,9.50,
2026-09-18T12:54:27,2,1.419,13.53,9.4100,25.9,1.388,11.08,4.08,-58,10.00,
2026-09-18T12:54:28,2,1.402,12.18,9.4060,25.9,1.378,10.24,4.11,-58,9.50,
2026-09-18T12:54:29,2,1.373,9.85,9.4040,25.9,1.384,10.69,4.12,-58,9.75,
2026-09-18T12:54:30,2,1.413,13.01,9.4030,25.9,1.389,11.14,4.08,-58,9.50,
2026-09-18T12:54:31,2,1.405,12.43,9.4050,25.9,1.386,10.89,4.11,-58,9.50,
2026-09-18T12:54:32,2,1.374,9.92,9.4040,25.9,1.385,10.82,4.10,-58,9.50,
2026-09-18T12:54:34,2,1.409,12.69,9.4040,25.9,1.386,10.89,4.09,-58,9.75,
2026-09-18T12:54:35,2,1.403,12.24,9.4030,25.9,1.384,10.69,4.11,-58,9.50,
2026-09-18T12:54:36,2,1.372,9.79,9.4070,25.9,1.385,10.82,4.10,-58,9.25,
2026-09-18T12:54:37,2,1.409,12.76,9.4070,25.9,1.386,10.89,4.09,-58,9.75,
2026-09-18T12:54:38,2,1.371,9.66,9.4060,25.9,1.382,10.56,4.12,-60,9.50,
2026-09-18T12:54:39,2,1.372,9.79,9.4090,25.9,1.384,10.76,4.11,-61,10.00,
2026-09-18T12:54:40,2,1.408,12.63,9.4010,25.9,1.395,11.60,4.09,-64,10.25,
2026-09-18T12:54:41,2,1.372,9.79,9.4000,25.9,1.382,10.56,4.13,-59,9.50,2
2026-09-18T12:54:42,2,1.376,10.05,9.3980,25.9,1.385,10.82,4.10,-60,9.50,
2026-09-18T12:54:43,2,1.406,12.50,9.4030,25.9,1.382,10.56,4.11,-59,9.25,
2026-09-18T12:54:44,2,1.371,9.66,9.4010,25.9,1.381,10.50,4.12,-60,9.50,
2026-09-18T12:54:46,2,1.373,9.85,9.3990,25.9,1.384,10.76,4.11,-60,9.75,
2026-09-18T12:54:47,2,1.405,12.37,9.3950,25.9,1.388,11.02,4.10,-60,9.50,
2026-09-18T12:54:48,2,1.373,9.85,9.3940,25.9,1.382,10.56,4.12,-60,9.50,
2026-09-18T12:54:49,2,1.417,13.34,9.3940,25.9,1.385,10.82,4.08,-58,9.75,
2026-09-18T12:54:50,2,1.404,12.30,9.3970,25.9,1.384,10.76,4.11,-58,9.75,
2026-09-18T12:54:51,2,1.374,9.92,9.3940,25.9,1.382,10.56,4.13,-58,9.50,
2026-09-18T12:54:52,2,1.416,13.27,9.3940,25.9,1.388,11.08,4.08,-58,9.75,
2026-09-18T12:54:53,2,1.404,12.30,9.3930,25.9,1.384,10.76,4.10,-58,10.00,
2026-09-18T12:54:57,2,1.375,9.98,9.3920,25.9,1.397,11.79,4.10,-53,8.25,
2026-09-18T12:54:59,2,1.410,12.82,9.3910,25.9,1.389,11.14,4.09,-52,8.50,
2026-09-18T12:55:00,2,1.378,10.24,9.3870,25.9,1.382,10.56,4.11,-53,9.00,
2026-09-18T12:55:01,2,1.373,9.85,9.3890,25.9,1.384,10.69,4.11,-58,9.50,
2026-09-18T12:55:02,2,1.408,12.63,9.3880,25.9,1.384,10.76,4.09,-57,10.00,
2026-09-18T12:55:03,2,1.372,9.79,9.3880,25.9,1.384,10.69,4.12,-57,9.75,
2026-09-18T12:55:04,2,1.375,9.98,9.3930,25.9,1.384,10.69,4.11,-57,12.00,
2026-09-18T12:55:05,2,1.408,12.63,9.3910,25.9,1.385,10.82,4.09,-57,9.75,
2026-09-18T12:55:06,2,1.372,9.73,9.3930,25.9,1.381,10.50,4.13,-58,9.50,
2026-09-18T12:55:07,2,1.373,9.85,9.3910,25.9,1.380,10.44,4.10,-57,9.50,
2026-09-18T12:55:08,2,1.405,12.43,9.3940,25.9,1.384,10.69,4.11,-58,10.00,
2026-09-18T12:55:09,2,1.371,9.66,9.3890,25.9,1.380,10.44,4.13,-58,9.75,
2026-09-18T12:55:11,2,1.372,9.79,9.3920,25.9,1.385,10.82,4.11,-57,10.25,
2026-09-18T12:55:12,2,1.406,12.50,9.3940,25.9,1.384,10.69,4.11,-58,9.75,
2026-09-18T12:55:13,2,1.372,9.79,9.3930,25.9,1.385,10.82,4.12,-58,10.00,
2026-09-18T12:55:14,2,1.418,13.40,9.3980,25.9,1.386,10.89,4.08,-58,10.00,
2026-09-18T12:55:15,2,1.406,12.50,9.3900,25.9,1.385,10.82,4.11,-57,9.50,
2026-09-18T12:55:16,2,1.372,9.73,9.3930,25.9,1.380,10.44,4.12,-58,9.75,
2026-09-18T12:55:17,2,1.415,13.21,9.3930,25.9,1.385,10.82,4.08,-58,9.75,
2026-09-18T12:55:18,2,1.405,12.43,9.3920,25.9,1.385,10.82,4.11,-57,9.50,
2026-09-18T12:55:19,2,1.374,9.92,9.3980,25.9,1.384,10.76,4.10,-58,10.00,
2026-09-18T12:55:20,2,1.411,12.88,9.4000,25.9,1.381,10.50,4.08,-58,10.25,
2026-09-18T12:55:21,2,1.403,12.24,9.4020,25.9,1.382,10.56,4.11,-58,9.50,
2026-09-18T12:55:23,2,1.373,9.85,9.4020,25.9,1.387,10.95,4.10,-58,9.75,
2026-09-18T12:55:24,2,1.411,12.88,9.4020,25.9,1.387,10.95,4.09,-57,9.75,
2026-09-18T12:55:25,2,1.404,12.30,9.4010,25.9,1.384,10.69,4.11,-58,10.50,
2026-09-18T12:55:26,2,1.373,9.85,9.4040,25.9,1.384,10.69,4.10,-57,9.50,
2026-09-18T12:55:27,2,1.409,12.76,9.4050,25.9,1.388,11.02,4.09,-57,10.00,
2026-09-18T12:55:28,2,1.372,9.79,9.4050,25.9,1.380,10.37,4.12,-58,9.75,
2026-09-18T12:55:29,2,1.374,9.92,9.4050,25.9,1.385,10.82,4.11,-57,10.00,
2026-09-18T12:55:33,2,1.407,12.56,9.4020,25.9,1.384,10.76,4.10,-52,8.25,
2026-09-18T12:55:34,2,1.372,9.73,9.4060,25.9,1.381,10.50,4.12,-52,8.25,
2026-09-18T12:55:36,2,1.373,9.85,9.4120,25.9,1.385,10.82,4.11,-52,9.00,
2026-09-18T12:55:37,2,1.403,12.24,9.4110,25.9,1.384,10.76,4.11,-57,9.50,
2026-09-18T12:55:38,2,1.372,9.79,9.4100,25.9,1.383,10.63,4.13,-58,9.75,
2026-09-18T12:55:39,2,1.409,12.69,9.4080,25.9,1.385,10.82,4.08,-57,9.50,
2026-09-18T12:55:40,2,1.405,12.43,9.4040,25.9,1.384,10.69,4.10,-57,9.75,
2026-09-18T12:55:41,2,1.374,9.92,9.4020,25.9,1.386,10.89,4.10,-58,9.50,
2026-09-18T12:55:42,2,1.416,13.27,9.4010,25.9,1.384,10.76,4.09,-58,10.25,
2026-09-18T12:55:43,2,1.405,12.43,9.3980,25.9,1.385,10.82,4.11,-57,10.00,
2026-09-18T12:55:44,2,1.376,10.11,9.3930,25.9,1.384,10.76,4.11,-58,9.75,
2026-09-18T12:55:45,2,1.409,12.69,9.3970,25.9,1.388,11.08,4.09,-58,10.25,
2026-09-18T12:55:46,2,1.404,12.30,9.3960,25.9,1.383,10.63,4.11,-57,10.00,
2026-09-18T12:55:47,2,1.374,9.92,9.3920,25.9,1.384,10.69,4.11,-57,9.75,
2026-09-18T12:55:49,2,1.410,12.82,9.3940,25.9,1.384,10.69,4.09,-58,9.75,
2026-09-18T12:55:50,2,1.404,12.30,9.3950,25.9,1.383,10.63,4.11,-58,10.25,
2026-09-18T12:55:51,2,1.372,9.79,9.3910,25.9,1.384,10.76,4.11,-58,9.50,
2026-09-18T12:55:52,2,1.408,12.63,9.3900,25.9,1.383,10.63,4.10,-58,9.50,
2026-09-18T12:55:53,2,1.370,9.60,9.3880,25.9,1.384,10.69,4.12,-58,9.75,
2026-09-18T12:55:54,2,1.375,9.98,9.3850,25.9,1.385,10.82,4.10,-58,10.25,
2026-09-18T12:55:56,2,1.372,9.79,9.3790,25.9,1.384,10.69,4.13,-58,9.75,
2026-09-18T12:55:57,2,1.372,9.79,9.3780,25.9,1.387,10.95,4.11,-58,9.75,
2026-09-18T12:55:58,2,1.408,12.63,9.3800,25.9,1.382,10.56,4.10,-57,9.75,
2026-09-18T12:55:59,2,1.369,9.53,9.3800,25.9,1.383,10.63,4.12,-58,9.75,
2026-09-18T12:56:01,2,1.372,9.73,9.3810,25.9,1.386,10.89,4.11,-57,10.00,
2026-09-18T12:56:02,2,1.402,12.18,9.3820,25.9,1.384,10.69,4.11,-58,9.50,
2026-09-18T12:56:03,2,1.373,9.85,9.3760,25.9,1.384,10.76,4.11,-57,10.00,
2026-09-18T12:56:04,2,1.374,9.92,9.3780,25.9,1.386,10.89,4.11,-58,10.25,
2026-09-18T12:56:05,2,1.406,12.50,9.3760,25.9,1.388,11.02,4.10,-57,9.50,
2026-09-18T12:56:09,2,1.376,10.05,9.3820,25.9,1.385,10.82,4.10,-53,8.25,
2026-09-18T12:56:10,2,1.413,13.08,9.3820,25.9,1.389,11.14,4.08,-52,8.00,
2026-09-18T12:56:11,2,1.405,12.43,9.3840,25.9,1.384,10.69,4.10,-51,9.00,
2026-09-18T12:56:13,2,1.372,9.79,9.3850,25.9,1.384,10.69,4.10,-57,10.00,
2026-09-18T12:56:14,2,1.412,12.95,9.3850,25.9,1.383,10.63,4.09,-57,10.00,
2026-09-18T12:56:15,2,1.401,12.11,9.3890,25.9,1.383,10.63,4.10,-57,9.75,
2026-09-18T12:56:16,2,1.372,9.79,9.3900,25.9,1.383,10.63,4.09,-57,9.75,
2026-09-18T12:56:17,2,1.409,12.69,9.3890,25.9,1.386,10.89,4.10,-57,9.50,
2026-09-18T12:56:18,2,1.372,9.73,9.3880,25.9,1.381,10.50,4.12,-57,9.75,
2026-09-18T12:56:19,2,1.374,9.92,9.3870,25.9,1.385,10.82,4.11,-57,9.50,
2026-09-18T12:56:20,2,1.408,12.63,9.3890,25.9,1.384,10.76,4.10,-57,9.50,
2026-09-18T12:56:21,2,1.372,9.79,9.3910,25.9,1.383,10.63,4.12,-57,9.75,
2026-09-18T12:56:22,2,1.371,9.66,9.3960,25.9,1.382,10.56,4.10,-57,10.00,
2026-09-18T12:56:23,2,1.405,12.43,9.3980,25.9,1.384,10.76,4.10,-57,9.50,
2026-09-18T12:56:24,2,1.370,9.60,9.4010,25.9,1.382,10.56,4.13,-57,10.00,
2026-09-18T12:56:26,2,1.372,9.73,9.4050,25.9,1.384,10.69,4.10,-57,9.75,
2026-09-18T12:56:27,2,1.407,12.56,9.4030,25.9,1.383,10.63,4.11,-57,9.75,
2026-09-18T12:56:28,2,1.376,10.05,9.4050,25.9,1.388,11.02,4.10,-57,9.75,
2026-09-18T12:56:29,2,1.376,10.11,9.4040,25.9,1.382,10.56,4.11,-57,9.75,
2026-09-18T12:56:30,2,1.405,12.43,9.4120,25.9,1.383,10.63,4.10,-57,10.00,
2026-09-18T12:56:31,2,1.372,9.79,9.4080,25.9,1.386,10.89,4.10,-57,10.25,
2026-09-18T12:56:32,2,1.419,13.53,9.4090,25.9,1.386,10.89,4.08,-57,10.25,
2026-09-18T12:56:33,2,1.406,12.50,9.4080,25.9,1.382,10.56,4.11,-57,10.00,
2026-09-18T12:56:34,2,1.375,9.98,9.4070,25.9,1.385,10.82,4.10,-57,9.75,
2026-09-18T12:56:35,2,1.414,13.14,9.4110,25.9,1.386,10.89,4.08,-57,10.00,
2026-09-18T12:56:36,2,1.405,12.37,9.4120,25.9,1.383,10.63,4.10,-57,9.75,
2026-09-18T12:56:38,2,1.376,10.11,9.4120,25.9,1.385,10.82,4.11,-57,9.50,
2026-09-18T12:56:39,2,1.409,12.69,9.4120,25.9,1.385,10.82,4.10,-60,9.75,
2026-09-18T12:56:40,2,1.405,12.37,9.4120,25.9,1.384,10.76,4.11,-66,9.50,
2026-09-18T12:56:41,2,1.372,9.79,9.4130,25.9,1.385,10.82,4.10,-59,9.25,
2026-09-18T12:56:45,2,1.406,12.50,9.4050,25.9,1.384,10.69,4.11,-53,4.00,
2026-09-18T12:56:46,2,1.372,9.73,9.4060,25.9,1.382,10.56,4.12,-53,3.75,
2026-09-18T12:56:47,2,1.373,9.85,9.4020,25.9,1.384,10.76,4.11,-53,8.00,
2026-09-18T12:56:48,2,1.405,12.37,9.4040,25.9,1.381,10.50,4.11,-58,9.25,
2026-09-18T12:56:49,2,1.372,9.79,9.3980,25.9,1.387,10.95,4.11,-59,9.50,
2026-09-18T12:56:51,2,1.372,9.79,9.3980,25.9,1.384,10.76,4.11,-63,9.25,
2026-09-18T12:56:52,2,1.407,12.56,9.3970,25.9,1.384,10.69,4.11,-60,10.50,
2026-09-18T12:56:53,2,1.372,9.79,9.3950,25.9,1.387,10.95,4.10,-62,9.75,
2026-09-18T12:56:54,2,1.372,9.79,9.4000,25.9,1.385,10.82,4.10,-61,9.50,
2026-09-18T12:56:55,2,1.406,12.50,9.3930,25.9,1.383,10.63,4.11,-61,9.25,
2026-09-18T12:56:56,2,1.374,9.92,9.3880,25.9,1.395,11.60,4.10,-61,9.75,
2026-09-18T12:56:57,2,1.417,13.34,9.3860,25.9,1.389,11.14,4.08,-60,10.00,
2026-09-18T12:56:58,2,1.403,12.24,9.3850,25.9,1.384,10.69,4.11,-60,9.50,
2026-09-18T12:56:59,2,1.374,9.92,9.3820,25.9,1.384,10.69,4.10,-68,9.50,
2026-09-18T12:57:00,2,1.413,13.01,9.3780,25.9,1.384,10.69,4.08,-68,9.75,
2026-09-18T12:57:01,2,1.403,12.24,9.3790,25.9,1.385,10.82,4.11,-60,9.50,
2026-09-18T12:57:03,2,1.374,9.92,9.3800,25.9,1.386,10.89,4.10,-61,9.50,
2026-09-18T12:57:04,2,1.409,12.76,9.3820,25.9,1.383,10.63,4.10,-61,9.75,
2026-09-18T12:57:05,2,1.405,12.37,9.3830,25.9,1.384,10.76,4.11,-61,9.50,
2026-09-18T12:57:06,2,1.374,9.92,9.3820,25.9,1.384,10.76,4.10,-59,9.50,
2026-09-18T12:57:07,2,1.409,12.69,9.3810,25.9,1.386,10.89,4.10,-61,9.50,
2026-09-18T12:57:08,2,1.376,10.05,9.3780,25.9,1.382,10.56,4.12,-61,9.50,
2026-09-18T12:57:09,2,1.373,9.85,9.3780,25.9,1.385,10.82,4.11,-61,9.50,
2026-09-18T12:57:10,2,1.405,12.43,9.3780,25.9,1.385,10.82,4.10,-61,9.75,
2026-09-18T12:57:11,2,1.372,9.79,9.3820,25.9,1.383,10.63,4.12,-61,9.50,
2026-09-18T12:57:12,2,1.372,9.79,9.3780,25.9,1.385,10.82,4.10,-61,9.75,
2026-09-18T12:57:13,2,1.405,12.43,9.3750,25.9,1.384,10.76,4.11,-61,9.50,
2026-09-18T12:57:14,2,1.376,10.05,9.3770,25.9,1.386,10.89,4.10,-61,9.50,
2026-09-18T12:57:16,2,1.376,10.05,9.3750,25.9,1.387,10.95,4.11,-61,12.00,
2026-09-18T12:57:17,2,1.403,12.24,9.3770,25.9,1.385,10.82,4.11,-61,9.50,
2026-09-18T12:57:21,2,1.374,9.92,9.3850,25.9,1.385,10.82,4.10,-56,3.75,
2026-09-18T12:57:22,2,1.414,13.14,9.3820,25.9,1.384,10.76,4.08,-55,2.25,
2026-09-18T12:57:23,2,1.404,12.30,9.3840,25.9,1.383,10.63,4.10,-57,9.25,
2026-09-18T12:57:24,2,1.372,9.79,9.3850,25.9,1.384,10.69,4.10,-61,9.75,
2026-09-18T12:57:25,2,1.410,12.82,9.3850,25.9,1.386,10.89,4.10,-61,9.75,
2026-09-18T12:57:26,2,1.405,12.37,9.3870,25.9,1.385,10.82,4.11,-61,9.50,
2026-09-18T12:57:28,2,1.374,9.92,9.3880,25.9,1.386,10.89,4.10,-62,9.75,
2026-09-18T12:57:29,2,1.406,12.50,9.3920,25.9,1.384,10.69,4.10,-61,9.50,
2026-09-18T12:57:30,2,1.405,12.37,9.3930,25.9,1.388,11.08,4.11,-60,10.00,
2026-09-18T12:57:31,2,1.373,9.85,9.3880,25.9,1.383,10.63,4.11,-62,9.75,
2026-09-18T12:57:32,2,1.409,12.69,9.3880,25.9,1.384,10.76,4.10,-61,9.50,
2026-09-18T12:57:33,2,1.372,9.73,9.3890,25.9,1.385,10.82,4.12,-61,9.75,
2026-09-18T12:57:34,2,1.379,10.31,9.3920,25.9,1.384,10.69,4.10,-61,9.50,
2026-09-18T12:57:35,2,1.405,12.43,9.3900,25.9,1.384,10.76,4.11,-61,9.50,
2026-09-18T12:57:36,2,1.374,9.92,9.3890,25.9,1.386,10.89,4.10,-61,9.25,
2026-09-18T12:57:37,2,1.375,9.98,9.3880,25.9,1.384,10.69,4.11,-61,9.75,
2026-09-18T12:57:38,2,1.405,12.43,9.3830,25.9,1.384,10.69,4.11,-60,9.50,
2026-09-18T12:57:39,2,1.378,10.24,9.3810,25.9,1.384,10.76,4.10,-61,9.50,
2026-09-18T12:57:41,2,1.374,9.92,9.3790,25.9,1.385,10.82,4.11,-61,9.75,
2026-09-18T12:57:42,2,1.406,12.50,9.3800,25.9,1.383,10.63,4.10,-61,9.50,
2026-09-18T12:57:43,2,1.375,9.98,9.3800,25.9,1.384,10.76,4.10,-60,10.00,
2026-09-18T12:57:44,2,1.401,12.11,9.3730,25.9,1.384,10.76,4.11,-60,9.50,
2026-09-18T12:57:45,2,1.406,12.50,9.3740,25.9,1.384,10.76,4.11,-60,9.75,
2026-09-18T12:57:46,2,1.376,10.05,9.3740,25.9,1.386,10.89,4.10,-59,9.50,
2026-09-18T12:57:47,2,1.414,13.14,9.3790,25.9,1.385,10.82,4.08,-59,10.00,
2026-09-18T12:57:48,2,1.405,12.43,9.3800,25.9,1.384,10.69,4.10,-59,10.75,
2026-09-18T12:57:49,2,1.375,9.98,9.3790,25.9,1.384,10.69,4.11,-60,9.75,
2026-09-18T12:57:50,2,1.411,12.88,9.3830,25.9,1.384,10.69,4.10,-59,9.75,
2026-09-18T12:57:51,2,1.405,12.37,9.3820,25.9,1.384,10.76,4.10,-60,9.50,
2026-09-18T12:57:53,2,1.376,10.05,9.3840,25.9,1.384,10.76,4.10,-60,9.50,
2026-09-18T12:57:57,2,1.409,12.76,9.3880,25.9,1.383,10.63,4.11,-54,2.75,
2026-09-18T12:57:58,2,1.371,9.66,9.3960,25.9,1.381,10.50,4.12,-53,2.25,
2026-09-18T12:57:59,2,1.372,9.79,9.3930,25.9,1.386,10.89,4.10,-60,9.75,
2026-09-18T12:58:00,2,1.406,12.50,9.3970,25.9,1.382,10.56,4.10,-59,9.50,
2026-09-18T12:58:01,2,1.374,9.92,9.3970,25.9,1.385,10.82,4.10,-61,9.75,
2026-09-18T12:58:02,2,1.373,9.85,9.4020,25.9,1.384,10.69,4.11,-61,9.75,
2026-09-18T12:58:03,2,1.405,12.43,9.4080,25.9,1.386,10.89,4.11,-60,9.75,
2026-09-18T12:58:04,2,1.375,9.98,9.4000,25.9,1.384,10.76,4.10,-61,9.75,
2026-09-18T12:58:06,2,1.375,9.98,9.4000,25.9,1.392,11.34,4.10,-61,9.75,
2026-09-18T12:58:07,2,1.404,12.30,9.4000,25.9,1.384,10.76,4.10,-60,9.50,
2026-09-18T12:58:08,2,1.375,9.98,9.3960,25.9,1.384,10.69,4.10,-60,9.75,
2026-09-18T12:58:09,2,1.372,9.73,9.3940,25.9,1.384,10.76,4.11,-60,9.75,
2026-09-18T12:58:10,2,1.405,12.43,9.3920,25.9,1.385,10.82,4.11,-60,9.50,
2026-09-18T12:58:11,2,1.374,9.92,9.3890,25.9,1.386,10.89,4.11,-60,9.50,
2026-09-18T12:58:12,2,1.415,13.21,9.3910,25.9,1.384,10.76,4.08,-59,9.75,
2026-09-18T12:58:13,2,1.403,12.24,9.3910,25.9,1.383,10.63,4.11,-59,9.75,
2026-09-18T12:58:14,2,1.377,10.18,9.3940,25.9,1.383,10.63,4.10,-60,9.25,
2026-09-18T12:58:15,2,1.413,13.08,9.3910,25.9,1.384,10.76,4.10,-60,9.50,
2026-09-18T12:58:16,2,1.403,12.24,9.3960,25.9,1.386,10.89,4.11,-60,9.50,
2026-09-18T12:58:18,2,1.374,9.92,9.3880,25.9,1.387,10.95,4.11,-60,9.75,
2026-09-18T12:58:19,2,1.410,12.82,9.3920,25.9,1.384,10.69,4.10,-60,10.00,
2026-09-18T12:58:20,2,1.405,12.37,9.3900,25.9,1.384,10.69,4.09,-59,10.25,
2026-09-18T12:58:21,2,1.372,9.79,9.3860,25.9,1.383,10.63,4.10,-60,9.75,
2026-09-18T12:58:22,2,1.408,12.63,9.3850,25.9,1.384,10.69,4.10,-59,9.50,
2026-09-18T12:58:23,2,1.375,9.98,9.3830,25.9,1.377,10.18,4.10,-60,9.50,
2026-09-18T12:58:24,2,1.375,9.98,9.3860,25.9,1.384,10.69,4.10,-60,9.75,
2026-09-18T12:58:25,2,1.406,12.50,9.3850,25.9,1.390,11.21,4.10,-60,9.75,
2026-09-18T12:58:26,2,1.375,9.98,9.3850,25.9,1.384,10.76,4.09,-60,9.75,
2026-09-18T12:58:27,2,1.376,10.11,9.3900,25.9,1.384,10.76,4.11,-59,9.50,
2026-09-18T12:58:28,2,1.407,12.56,9.3930,25.9,1.384,10.76,4.10,-59,9.50,
2026-09-18T12:58:33,2,1.375,9.98,9.3930,25.9,1.384,10.69,4.10,-53,2.25,
2026-09-18T12:58:34,2,1.375,9.98,9.3900,25.9,1.381,10.50,4.11,-54,2.50,
2026-09-18T12:58:35,2,1.414,13.14,9.3910,25.9,1.384,10.69,4.10,-60,9.75,
2026-09-18T12:58:36,2,1.374,9.92,9.3890,25.9,1.385,10.82,4.10,-61,9.75,
2026-09-18T12:58:37,2,1.411,12.88,9.3950,25.9,1.383,10.63,4.08,-60,9.50,
2026-09-18T12:58:38,2,1.403,12.24,9.3940,25.9,1.386,10.89,4.11,-60,9.00,
2026-09-18T12:58:39,2,1.373,9.85,9.3960,25.9,1.384,10.69,4.10,-60,9.50,
2026-09-18T12:58:40,2,1.416,13.27,9.4040,25.9,1.384,10.69,4.10,-60,9.50,
2026-09-18T12:58:41,2,1.405,12.43,9.4030,25.9,1.379,10.31,4.10,-61,9.75,
2026-09-18T12:58:43,2,1.372,9.79,9.4050,25.9,1.384,10.76,4.10,-61,10.75,
2026-09-18T12:58:44,2,1.410,12.82,9.4010,25.9,1.385,10.82,4.10,-61,9.50,
2026-09-18T12:58:45,2,1.405,12.37,9.4030,25.9,1.383,10.63,4.11,-61,9.50,
2026-09-18T12:58:46,2,1.376,10.11,9.4060,25.9,1.384,10.76,4.10,-61,9.75,
2026-09-18T12:58:47,2,1.406,12.50,9.4070,25.9,1.383,10.63,4.10,-61,9.75,
2026-09-18T12:58:48,2,1.405,12.43,9.4020,25.9,1.384,10.76,4.11,-61,9.50,
2026-09-18T12:58:49,2,1.375,9.98,9.4030,25.9,1.386,10.89,4.10,-61,9.75,
2026-09-18T12:58:50,2,1.408,12.63,9.4040,25.9,1.384,10.76,4.10,-61,9.75,
2026-09-18T12:58:51,2,1.373,9.85,9.4060,25.9,1.384,10.76,4.10,-61,9.50,
2026-09-18T12:58:52,2,1.372,9.79,9.4070,25.9,1.385,10.82,4.11,-62,9.75,
2026-09-18T12:58:53,2,1.408,12.63,9.4090,25.9,1.384,10.76,4.10,-61,9.50,
2026-09-18T12:58:54,2,1.374,9.92,9.4060,25.9,1.388,11.02,4.10,-61,9.75,
2026-09-18T12:58:56,2,1.373,9.85,9.4020,25.9,1.384,10.76,4.11,-62,9.75,
2026-09-18T12:58:57,2,1.405,12.37,9.4040,25.9,1.383,10.63,4.10,-61,9.50,
2026-09-18T12:58:58,2,1.373,9.85,9.4010,25.9,1.384,10.69,4.10,-67,10.00,
2026-09-18T12:58:59,2,1.375,9.98,9.4020,25.9,1.386,10.89,4.10,-60,9.25,
2026-09-18T12:59:00,2,1.405,12.43,9.4040,25.9,1.384,10.76,4.10,-60,9.75,
2026-09-18T12:59:01,2,1.374,9.92,9.3950,25.9,1.384,10.69,4.10,-60,9.50,
2026-09-18T12:59:02,2,1.372,9.73,9.3950,25.9,1.393,11.47,4.12,-60,10.00,
2026-09-18T12:59:03,2,1.405,12.37,9.4010,25.9,1.385,10.82,4.10,-60,9.25,
2026-09-18T12:59:04,2,1.374,9.92,9.3980,25.9,1.385,10.82,4.10,-60,9.75,
2026-09-18T12:59:09,2,1.413,13.01,9.3910,25.9,1.387,10.95,4.10,-54,2.00,
2026-09-18T12:59:10,2,1.404,12.30,9.3890,25.9,1.383,10.63,4.10,-54,2.25,
2026-09-18T12:59:11,2,1.373,9.85,9.3890,25.9,1.387,10.95,4.11,-61,9.50,
2026-09-18T12:59:12,2,1.407,12.56,9.3920,25.9,1.384,10.69,4.10,-60,10.00,
2026-09-18T12:59:13,2,1.406,12.50,9.3890,25.9,1.386,10.89,4.08,-60,10.00,
2026-09-18T12:59:14,2,1.374,9.92,9.3920,25.9,1.386,10.89,4.10,-61,9.75,
2026-09-18T12:59:15,2,1.408,12.63,9.3940,25.9,1.385,10.82,4.10,-60,9.50,
2026-09-18T12:59:16,2,1.374,9.92,9.3960,25.9,1.388,11.08,4.10,-60,9.50,
2026-09-18T12:59:17,2,1.375,9.98,9.4000,25.9,1.386,10.89,4.11,-60,9.25,
2026-09-18T12:59:18,2,1.406,12.50,9.3950,25.9,1.384,10.69,4.10,-60,9.75,
2026-09-18T12:59:19,2,1.374,9.92,9.3950,25.9,1.385,10.82,4.10,-60,9.75,
2026-09-18T12:59:21,2,1.377,10.18,9.3950,25.9,1.384,10.69,4.11,-60,9.25,
2026-09-18T12:59:22,2,1.407,12.56,9.3970,25.9,1.384,10.69,4.10,-60,10.00,
2026-09-18T12:59:23,2,1.373,9.85,9.3940,25.9,1.386,10.89,4.10,-60,9.75,
2026-09-18T12:59:24,2,1.377,10.18,9.3880,25.9,1.386,10.89,4.11,-60,9.75,
2026-09-18T12:59:25,2,1.405,12.43,9.3840,25.9,1.384,10.69,4.10,-60,9.75,
2026-09-18T12:59:26,2,1.372,9.79,9.3870,25.9,1.385,10.82,4.11,-60,9.75,
2026-09-18T12:59:27,2,1.371,9.66,9.3890,25.9,1.381,10.50,4.12,-60,10.00,
2026-09-18T12:59:28,2,1.406,12.50,9.3880,25.9,1.384,10.76,4.11,-60,9.25,
2026-09-18T12:59:29,2,1.376,10.05,9.3890,25.9,1.384,10.76,4.10,-60,9.50,
2026-09-18T12:59:30,2,1.420,13.59,9.3910,25.9,1.384,10.69,4.09,-60,10.00,
2026-09-18T12:59:31,2,1.405,12.37,9.3890,25.9,1.384,10.76,4.11,-61,9.50,
2026-09-18T12:59:33,2,1.375,9.98,9.3880,25.9,1.384,10.69,4.10,-59,9.75,
2026-09-18T12:59:34,2,1.414,13.14,9.3890,25.9,1.384,10.69,4.10,-60,9.50,
2026-09-18T12:59:35,2,1.401,12.11,9.3860,25.9,1.384,10.69,4.10,-59,9.75,
2026-09-18T12:59:36,2,1.369,9.53,9.3890,25.9,1.383,10.63,4.11,-60,12.50,
2026-09-18T12:59:37,2,1.412,12.95,9.3900,25.9,1.384,10.76,4.10,-60,9.50,
2026-09-18T12:59:38,2,1.405,12.37,9.3920,25.9,1.388,11.02,4.08,-60,9.50,
2026-09-18T12:59:39,2,1.372,9.73,9.3900,25.9,1.380,10.37,4.10,-60,9.50,
2026-09-18T12:59:40,2,1.409,12.69,9.3910,25.9,1.384,10.76,4.10,-60,9.75,
2026-09-18T12:59:44,2,1.374,9.92,9.4010,25.9,1.386,10.89,4.10,-54,2.50,
2026-09-18T12:59:46,2,1.374,9.92,9.3990,25.9,1.383,10.63,4.10,-54,2.25,
2026-09-18T12:59:47,2,1.408,12.63,9.3950,25.9,1.383,10.63,4.11,-54,9.25,
2026-09-18T12:59:48,2,1.375,9.98,9.3980,25.9,1.386,10.89,4.09,-60,9.75,
2026-09-18T12:59:49,2,1.370,9.60,9.3970,25.9,1.385,10.82,4.12,-60,10.00,
2026-09-18T12:59:50,2,1.407,12.56,9.3970,25.9,1.383,10.63,4.10,-60,9.50,
2026-09-18T12:59:51,2,1.376,10.05,9.3940,25.9,1.384,10.69,4.10,-60,9.50,
2026-09-18T12:59:52,2,1.372,9.79,9.3980,25.9,1.384,10.69,4.12,-60,9.75,
2026-09-18T12:59:53,2,1.405,12.37,9.3990,25.9,1.384,10.69,4.10,-60,9.75,
2026-09-18T12:59:54,2,1.372,9.79,9.4000,25.9,1.385,10.82,4.10,-60,9.50,
2026-09-18T12:59:55,2,1.373,9.85,9.3960,25.9,1.384,10.69,4.12,-60,9.50,
2026-09-18T12:59:56,2,1.403,12.24,9.3930,25.9,1.384,10.69,4.10,-60,9.50,
2026-09-18T12:59:58,2,1.375,9.98,9.3900,25.9,1.384,10.69,4.10,-60,10.00,
2026-09-18T12:59:59,2,1.413,13.01,9.3940,25.9,1.386,10.89,4.10,-60,9.50,
2026-09-18T13:00:00,2,1.402,12.18,9.3940,25.9,1.384,10.76,4.10,-60,10.00,
2026-09-18T13:00:01,2,1.372,9.79,9.3930,25.9,1.385,10.82,4.11,-60,9.75,
2026-09-18T13:00:02,2,1.413,13.01,9.3900,25.9,1.385,10.82,4.10,-59,9.50,
2026-09-18T13:00:03,2,1.405,12.37,9.3860,25.9,1.388,11.02,4.08,-59,10.00,
2026-09-18T13:00:04,2,1.374,9.92,9.3910,25.9,1.386,10.89,4.10,-60,9.75,
2026-09-18T13:00:05,2,1.410,12.82,9.3900,25.9,1.383,10.63,4.10,-60,9.75,
2026-09-18T13:00:06,2,1.406,12.50,9.3890,25.9,1.388,11.02,4.08,-59,9.75,
2026-09-18T13:00:07,2,1.375,9.98,9.3860,25.9,1.384,10.69,4.10,-59,9.75,
2026-09-18T13:00:08,2,1.409,12.69,9.3880,25.9,1.388,11.02,4.10,-60,9.50,
2026-09-18T13:00:10,2,1.404,12.30,9.3920,25.9,1.384,10.69,4.09,-59,9.75,
2026-09-18T13:00:11,2,1.373,9.85,9.3910,25.9,1.384,10.69,4.11,-60,9.75,
2026-09-18T13:00:12,2,1.406,12.50,9.3880,25.9,1.383,10.63,4.10,-60,10.00,
2026-09-18T13:00:13,2,1.373,9.85,9.3860,25.9,1.384,10.69,4.10,-60,9.75,
2026-09-18T13:00:14,2,1.374,9.92,9.3830,25.9,1.380,10.44,4.12,-60,9.50,
2026-09-18T13:00:15,2,1.407,12.56,9.3820,25.9,1.384,10.69,4.10,-60,9.50,
2026-09-18T13:00:16,2,1.374,9.92,9.3810,25.9,1.387,10.95,4.11,-60,10.00,
2026-09-18T13:00:20,2,1.370,9.60,9.3710,25.9,1.380,10.37,4.12,-54,1.75,
2026-09-18T13:00:21,2,1.405,12.43,9.3710,25.9,1.384,10.76,4.10,-54,2.00,
2026-09-18T13:00:23,2,1.373,9.85,9.3730,25.9,1.385,10.82,4.11,-61,9.75,
2026-09-18T13:00:24,2,1.410,12.82,9.3710,25.9,1.384,10.69,4.11,-60,10.00,
2026-09-18T13:00:25,2,1.407,12.56,9.3660,25.9,1.384,10.76,4.11,-60,9.75,
2026-09-18T13:00:26,2,1.372,9.73,9.3700,25.9,1.385,10.82,4.10,-60,9.75,
2026-09-18T13:00:27,2,1.417,13.34,9.3740,25.9,1.384,10.76,4.09,-59,9.50,
2026-09-18T13:00:28,2,1.405,12.43,9.3710,25.9,1.388,11.02,4.08,-59,9.50,
2026-09-18T13:00:29,2,1.372,9.79,9.3670,25.9,1.386,10.89,4.11,-60,9.75,
2026-09-18T13:00:30,2,1.411,12.88,9.3670,25.9,1.385,10.82,4.10,-60,9.50,
2026-09-18T13:00:31,2,1.406,12.50,9.3680,25.9,1.388,11.08,4.08,-59,10.25,
2026-09-18T13:00:32,2,1.374,9.92,9.3730,25.9,1.385,10.82,4.11,-60,10.00,
2026-09-18T13:00:33,2,1.407,12.56,9.3680,25.9,1.384,10.76,4.10,-60,9.50,
2026-09-18T13:00:35,2,1.405,12.43,9.3680,25.9,1.388,11.08,4.08,-59,9.50,
2026-09-18T13:00:36,2,1.374,9.92,9.3720,25.9,1.385,10.82,4.11,-60,10.00,
2026-09-18T13:00:37,2,1.408,12.63,9.3710,25.9,1.385,10.82,4.10,-60,11.00,
2026-09-18T13:00:38,2,1.373,9.85,9.3730,25.9,1.386,10.89,4.11,-60,9.75,
2026-09-18T13:00:39,2,1.371,9.66,9.3730,25.9,1.381,10.50,4.12,-60,9.50,
2026-09-18T13:00:40,2,1.406,12.50,9.3750,25.9,1.384,10.69,4.10,-60,9.50,
2026-09-18T13:00:41,2,1.373,9.85,9.3830,25.9,1.383,10.63,4.10,-60,9.75,
2026-09-18T13:00:42,2,1.370,9.60,9.3840,25.9,1.384,10.69,4.12,-61,9.75,
2026-09-18T13:00:43,2,1.405,12.37,9.3870,25.9,1.384,10.69,4.10,-60,9.50,
2026-09-18T13:00:44,2,1.372,9.79,9.3880,25.9,1.383,10.63,4.10,-61,9.75,
2026-09-18T13:00:45,2,1.371,9.66,9.3850,25.9,1.384,10.69,4.12,-61,9.75,
2026-09-18T13:00:46,2,1.405,12.37,9.3830,25.9,1.384,10.69,4.10,-60,9.25,
2026-09-18T13:00:48,2,1.373,9.85,9.3860,25.9,1.386,10.89,4.10,-60,9.75,
2026-09-18T13:00:49,2,1.372,9.73,9.3850,25.9,1.383,10.63,4.12,-61,10.00,
2026-09-18T13:00:50,2,1.406,12.50,9.3880,25.9,1.387,10.95,4.08,-60,9.75,
2026-09-18T13:00:51,2,1.373,9.85,9.3870,25.9,1.385,10.82,4.11,-60,10.25,
2026-09-18T13:00:52,2,1.412,12.95,9.3860,25.9,1.383,10.63,4.11,-60,10.00,
2026-09-18T13:00:56,2,1.406,12.50,9.3880,25.9,1.388,11.08,4.08,-54,2.00,
2026-09-18T13:00:57,2,1.374,9.92,9.3840,25.9,1.383,10.63,4.09,-54,1.75,
2026-09-18T13:00:58,2,1.410,12.82,9.3860,25.9,1.382,10.56,4.10,-54,4.75,
2026-09-18T13:01:00,2,1.408,12.63,9.3840,25.9,1.385,10.82,4.08,-60,9.75,
2026-09-18T13:01:01,2,1.371,9.66,9.3810,25.9,1.382,10.56,4.12,-61,9.50,
2026-09-18T13:01:02,2,1.410,12.82,9.3810,25.9,1.386,10.89,4.10,-60,9.50,
2026-09-18T13:01:03,2,1.404,12.30,9.3820,25.9,1.385,10.82,4.08,-60,9.75,
2026-09-18T13:01:04,2,1.373,9.85,9.3780,25.9,1.382,10.56,4.12,-61,9.50,
2026-09-18T13:01:05,2,1.409,12.69,9.3780,25.9,1.384,10.76,4.10,-60,9.75,
2026-09-18T13:01:06,2,1.373,9.85,9.3760,25.9,1.386,10.89,4.11,-61,9.75,
2026-09-18T13:01:07,2,1.371,9.66,9.3750,25.9,1.382,10.56,4.12,-61,10.00,
2026-09-18T13:01:08,2,1.408,12.63,9.3740,25.9,1.384,10.69,4.10,-60,9.75,
2026-09-18T13:01:09,2,1.373,9.85,9.3690,25.9,1.383,10.63,4.11,-61,10.00,
2026-09-18T13:01:10,2,1.373,9.85,9.3700,25.9,1.381,10.50,4.12,-61,10.00,
2026-09-18T13:01:11,2,1.409,12.76,9.3740,25.9,1.386,10.89,4.08,-60,10.00,
2026-09-18T13:01:13,2,1.373,9.85,9.3800,25.9,1.384,10.76,4.10,-62,9.75,
2026-09-18T13:01:14,2,1.372,9.73,9.3780,25.9,1.383,10.63,4.12,-63,9.75,
2026-09-18T13:01:15,2,1.408,12.63,9.3740,25.9,1.386,10.89,4.08,-62,10.25,
2026-09-18T13:01:16,2,1.371,9.66,9.3800,25.9,1.384,10.76,4.10,-63,9.75,
2026-09-18T13:01:17,2,1.373,9.85,9.3860,25.9,1.382,10.56,4.12,-65,9.75,
2026-09-18T13:01:18,2,1.408,12.63,9.3890,25.9,1.388,11.02,4.08,-65,9.75,
2026-09-18T13:01:19,2,1.373,9.85,9.3900,25.9,1.383,10.63,4.10,-65,9.75,
2026-09-18T13:01:20,2,1.417,13.34,9.3850,25.9,1.388,11.02,4.09,-64,9.50,
2026-09-18T13:01:21,2,1.405,12.43,9.3810,25.9,1.386,10.89,4.08,-64,9.50,
2026-09-18T13:01:22,2,1.374,9.92,9.3810,25.9,1.383,10.63,4.12,-66,9.50,
2026-09-18T13:01:23,2,1.413,13.01,9.3810,25.9,1.384,10.69,4.10,-63,9.75,
2026-09-18T13:01:25,2,1.405,12.37,9.3810,25.9,1.385,10.82,4.08,-62,10.00,
2026-09-18T13:01:26,2,1.374,9.92,9.3820,25.9,1.382,10.56,4.11,-63,9.75,
2026-09-18T13:01:27,2,1.410,12.82,9.3830,25.9,1.386,10.89,4.10,-62,9.75,
2026-09-18T13:01:28,2,1.406,12.50,9.3830,25.9,1.386,10.89,4.08,-62,10.00,
2026-09-18T13:01:32,2,1.372,9.73,9.3800,25.9,1.382,10.56,4.12,-56,1.50,
2026-09-18T13:01:33,2,1.409,12.76,9.3770,25.9,1.386,10.89,4.07,-56,1.25,
2026-09-18T13:01:34,2,1.374,9.92,9.3770,25.9,1.383,10.63,4.10,-57,5.50,
2026-09-18T13:01:35,2,1.375,9.98,9.3750,25.9,1.392,11.34,4.12,-63,9.75,
2026-09-18T13:01:36,2,1.405,12.43,9.3660,25.9,1.386,10.89,4.08,-62,10.00,
2026-09-18T13:01:38,2,1.373,9.85,9.3710,25.9,1.385,10.82,4.10,-62,9.75,
2026-09-18T13:01:39,2,1.372,9.73,9.3690,25.9,1.380,10.37,4.12,-63,9.50,
2026-09-18T13:01:40,2,1.410,12.82,9.3660,25.9,1.388,11.02,4.08,-62,10.00,
2026-09-18T13:01:41,2,1.373,9.85,9.3650,25.9,1.384,10.69,4.10,-63,11.00,
2026-09-18T13:01:42,2,1.371,9.66,9.3690,25.9,1.381,10.50,4.12,-63,9.75,
2026-09-18T13:01:43,2,1.408,12.63,9.3740,25.9,1.388,11.08,4.08,-63,9.75,
2026-09-18T13:01:44,2,1.374,9.92,9.3740,25.9,1.384,10.76,4.12,-65,10.00,
2026-09-18T13:01:45,2,1.375,9.98,9.3760,25.9,1.380,10.44,4.12,-63,9.75,
2026-09-18T13:01:46,2,1.405,12.37,9.3780,25.9,1.386,10.89,4.08,-65,9.75,
2026-09-18T13:01:47,2,1.370,9.60,9.3780,25.9,1.383,10.63,4.12,-65,9.75,
2026-09-18T13:01:48,2,1.417,13.34,9.3800,25.9,1.385,10.82,4.09,-65,9.75,
2026-09-18T13:01:50,2,1.404,12.30,9.3780,25.9,1.386,10.89,4.08,-65,9.75,
2026-09-18T13:01:51,2,1.372,9.79,9.3740,25.9,1.384,10.69,4.12,-65,12.25,
2026-09-18T13:01:52,2,1.413,13.01,9.3740,25.9,1.386,10.89,4.10,-64,9.25,
2026-09-18T13:01:53,2,1.405,12.43,9.3710,25.9,1.386,10.89,4.09,-64,10.00,
2026-09-18T13:01:54,2,1.372,9.73,9.3780,25.9,1.382,10.56,4.12,-64,9.75,
2026-09-18T13:01:55,2,1.412,12.95,9.3800,25.9,1.387,10.95,4.07,-63,9.75,
2026-09-18T13:01:56,2,1.405,12.37,9.3820,25.9,1.385,10.82,4.09,-63,9.50,
2026-09-18T13:01:57,2,1.375,9.98,9.3790,25.9,1.380,10.37,4.12,-63,9.75,
2026-09-18T13:01:58,2,1.409,12.69,9.3770,25.9,1.386,10.89,4.07,-63,10.00,
2026-09-18T13:01:59,2,1.375,9.98,9.3790,25.9,1.387,10.95,4.08,-63,9.75,
2026-09-18T13:02:00,2,1.371,9.66,9.3820,25.9,1.383,10.63,4.12,-63,9.75,
2026-09-18T13:02:01,2,1.409,12.69,9.3840,25.9,1.386,10.89,4.08,-63,10.00,
2026-09-18T13:02:03,2,1.370,9.60,9.3810,25.9,1.383,10.63,4.10,-62,9.75,
2026-09-18T13:02:04,2,1.375,9.98,9.3800,25.9,1.382,10.56,4.12,-63,9.75,
2026-09-18T13:02:09,2,1.370,9.60,9.3780,25.9,1.381,10.50,4.12,-55,1.00,
2026-09-18T13:02:10,2,1.380,10.37,9.3820,25.9,1.384,10.76,4.12,-55,5.50,
2026-09-18T13:02:11,2,1.409,12.69,9.3830,25.9,1.384,10.76,4.08,-62,10.00,
2026-09-18T13:02:12,2,1.372,9.73,9.3850,25.9,1.381,10.50,4.12,-63,10.00,
2026-09-18T13:02:13,2,1.374,9.92,9.3820,25.9,1.382,10.56,4.12,-64,9.50,
2026-09-18T13:02:15,2,1.406,12.50,9.3790,25.9,1.385,10.82,4.08,-65,9.75,
2026-09-18T13:02:16,2,1.373,9.85,9.3800,25.9,1.379,10.31,4.12,-64,9.50,
2026-09-18T13:02:17,2,1.422,13.72,9.3780,25.9,1.388,11.08,4.08,-63,9.75,
2026-09-18T13:02:18,2,1.406,12.50,9.3800,25.9,1.385,10.82,4.08,-63,9.75,
2026-09-18T13:02:19,2,1.372,9.79,9.3820,25.9,1.381,10.50,4.12,-63,10.25,
2026-09-18T13:02:20,2,1.414,13.14,9.3810,25.9,1.386,10.89,4.07,-63,9.75,
2026-09-18T13:02:21,2,1.407,12.56,9.3760,25.9,1.390,11.21,4.08,-64,9.50,
2026-09-18T13:02:22,2,1.373,9.85,9.3770,25.9,1.381,10.50,4.12,-64,9.25,
2026-09-18T13:02:23,2,1.413,13.01,9.3790,25.9,1.384,10.76,4.08,-64,9.50,
2026-09-18T13:02:24,2,1.397,11.72,9.3800,25.9,1.386,10.89,4.08,-64,9.25,
2026-09-18T13:02:25,2,1.372,9.79,9.3780,25.9,1.381,10.50,4.12,-64,9.00,
2026-09-18T13:02:26,2,1.408,12.63,9.3800,25.9,1.385,10.82,4.08,-65,9.50,
2026-09-18T13:02:28,2,1.370,9.60,9.3790,25.9,1.384,10.69,4.12,-64,9.25,
2026-09-18T13:02:29,2,1.371,9.66,9.3800,25.9,1.384,10.69,4.12,-64,9.50,
2026-09-18T13:02:30,2,1.409,12.69,9.3810,25.9,1.388,11.08,4.08,-66,9.75,
2026-09-18T13:02:31,2,1.372,9.73,9.3830,25.9,1.379,10.31,4.12,-61,9.75,
2026-09-18T13:02:32,2,1.373,9.85,9.3820,25.9,1.382,10.56,4.11,-61,9.75,
2026-09-18T13:02:33,2,1.408,12.63,9.3830,25.9,1.386,10.89,4.07,-60,9.75,
2026-09-18T13:02:34,2,1.372,9.79,9.3850,25.9,1.382,10.56,4.12,-61,9.50,
2026-09-18T13:02:35,2,1.372,9.73,9.3800,25.9,1.381,10.50,4.12,-61,9.75,
2026-09-18T13:02:36,2,1.407,12.56,9.3770,25.9,1.385,10.82,4.08,-60,10.00,
2026-09-18T13:02:37,2,1.370,9.60,9.3770,25.9,1.380,10.44,4.12,-61,9.75,
2026-09-18T13:02:38,2,1.375,9.98,9.3780,25.9,1.385,10.82,4.10,-61,9.50,
2026-09-18T13:02:40,2,1.407,12.56,9.3830,25.9,1.387,10.95,4.08,-60,9.75,
2026-09-18T13:02:44,2,1.372,9.79,9.3890,25.9,1.383,10.63,4.12,-55,2.25,
2026-09-18T13:02:45,2,1.414,13.14,9.3890,25.9,1.387,10.95,4.07,-55,2.50,
2026-09-18T13:02:46,2,1.406,12.50,9.3900,25.9,1.385,10.82,4.08,-54,6.00,
2026-09-18T13:02:47,2,1.372,9.73,9.3880,25.9,1.381,10.50,4.12,-61,9.75,
2026-09-18T13:02:48,2,1.411,12.88,9.3870,25.9,1.384,10.69,4.08,-61,9.75,
2026-09-18T13:02:49,2,1.405,12.37,9.3870,25.9,1.384,10.76,4.10,-61,9.50,
2026-09-18T13:02:50,2,1.371,9.66,9.3830,25.9,1.382,10.56,4.11,-61,9.75,
2026-09-18T13:02:52,2,1.409,12.76,9.3870,25.9,1.389,11.14,4.08,-61,9.75,
2026-09-18T13:02:53,2,1.376,10.05,9.3870,25.9,1.384,10.69,4.10,-61,9.75,
2026-09-18T13:02:54,2,1.373,9.85,9.3830,25.9,1.381,10.50,4.12,-61,9.50,
2026-09-18T13:02:55,2,1.409,12.69,9.3860,25.9,1.388,11.02,4.08,-60,10.00,
2026-09-18T13:02:56,2,1.372,9.73,9.3910,25.9,1.383,10.63,4.12,-61,9.50,
2026-09-18T13:02:57,2,1.372,9.73,9.3960,25.9,1.380,10.44,4.12,-61,9.50,
2026-09-18T13:02:58,2,1.409,12.76,9.3920,25.9,1.387,10.95,4.08,-60,9.75,
2026-09-18T13:02:59,2,1.375,9.98,9.3890,25.9,1.382,10.56,4.12,-61,9.25,
2026-09-18T13:03:00,2,1.374,9.92,9.3870,25.9,1.382,10.56,4.09,-61,10.00,
2026-09-18T13:03:01,2,1.407,12.56,9.3850,25.9,1.388,11.02,4.08,-61,10.00,
2026-09-18T13:03:02,2,1.371,9.66,9.3860,25.9,1.381,10.50,4.12,-62,9.50,
2026-09-18T13:03:03,2,1.375,9.98,9.3810,25.9,1.384,10.76,4.10,-61,9.50,
2026-09-18T13:03:05,2,1.405,12.43,9.3820,25.9,1.386,10.89,4.08,-59,9.75,
2026-09-18T13:03:06,2,1.372,9.73,9.3790,25.9,1.382,10.56,4.12,-62,12.00,
2026-09-18T13:03:07,2,1.418,13.47,9.3780,25.9,1.388,11.08,4.07,-61,9.75,
2026-09-18T13:03:08,2,1.406,12.50,9.3830,25.9,1.388,11.08,4.08,-61,9.75,
2026-09-18T13:03:09,2,1.369,9.53,9.3780,25.9,1.382,10.56,4.12,-61,9.75,
2026-09-18T13:03:10,2,1.415,13.21,9.3800,25.9,1.386,10.89,4.07,-60,10.00,2
2026-09-18T13:03:11,2,1.406,12.50,9.3810,25.9,1.381,10.50,4.10,-60,9.50,
2026-09-18T13:03:12,2,1.369,9.53,9.3780,25.9,1.381,10.50,4.12,-64,9.25,
2026-09-18T13:03:13,2,1.413,13.01,9.3810,25.9,1.389,11.14,4.07,-66,10.00,
2026-09-18T13:03:14,2,1.401,12.11,9.3760,25.9,1.384,10.69,4.10,-64,9.75,
2026-09-18T13:03:15,2,1.370,9.60,9.3760,25.9,1.380,10.44,4.11,-62,9.50,
2026-09-18T13:03:20,2,1.408,12.63,9.3760,25.9,1.384,10.76,4.08,-60,8.00,
2026-09-18T13:03:21,2,1.371,9.66,9.3770,25.9,1.380,10.44,4.12,-60,6.75,
2026-09-18T13:03:22,2,1.373,9.85,9.3760,25.9,1.386,10.89,4.10,-60,7.25,
2026-09-18T13:03:23,2,1.410,12.82,9.3740,25.9,1.388,11.02,4.08,-65,9.75,
2026-09-18T13:03:24,2,1.373,9.85,9.3770,25.9,1.382,10.56,4.12,-65,10.00,
2026-09-18T13:03:25,2,1.375,9.98,9.3820,25.9,1.383,10.63,4.10,-65,9.25,
2026-09-18T13:03:26,2,1.411,12.88,9.3800,25.9,1.384,10.69,4.08,-65,9.75,
2026-09-18T13:03:27,2,1.372,9.73,9.3780,25.9,1.383,10.63,4.12,-65,9.50,
2026-09-18T13:03:28,2,1.374,9.92,9.3960,25.9,1.387,10.95,4.10,-65,10.00,
2026-09-18T13:03:30,2,1.405,12.43,9.4100,25.9,1.384,10.76,4.08,-66,9.50,
2026-09-18T13:03:31,2,1.372,9.73,9.4170,25.9,1.384,10.76,4.12,-73,9.75,
2026-09-18T13:03:32,2,1.418,13.40,9.4280,25.9,1.387,10.95,4.07,-60,9.50,
2026-09-18T13:03:33,2,1.405,12.43,9.4410,25.9,1.384,10.76,4.10,-59,9.25,
2026-09-18T13:03:34,2,1.374,9.92,9.4520,25.9,1.384,10.76,4.12,-62,9.50,
2026-09-18T13:03:35,2,1.418,13.47,9.4740,25.9,1.389,11.14,4.08,-65,9.75,
2026-09-18T13:03:36,2,1.407,12.56,9.5050,25.9,1.384,10.76,4.10,-68,9.50,
2026-09-18T13:03:37,2,1.374,9.92,9.5230,25.9,1.384,10.76,4.12,-59,9.50,
2026-09-18T13:03:38,2,1.414,13.14,9.5370,25.9,1.389,11.14,4.08,-75,9.50,
2026-09-18T13:03:39,2,1.407,12.56,9.5440,25.9,1.388,11.02,4.10,-63,9.50,
2026-09-18T13:03:40,2,1.376,10.05,9.5580,25.9,1.385,10.82,4.12,-59,9.50,
2026-09-18T13:03:42,2,1.413,13.08,9.5660,25.9,1.388,11.08,4.08,-60,10.00,
2026-09-18T13:03:43,2,1.406,12.50,9.5840,25.9,1.387,10.95,4.10,-60,9.25,
2026-09-18T13:03:44,2,1.379,10.31,9.5910,25.9,1.388,11.08,4.09,-60,9.75,
2026-09-18T13:03:45,2,1.412,12.95,9.6020,25.9,1.390,11.21,4.08,-60,9.25,
2026-09-18T13:03:46,2,1.372,9.73,9.6110,25.9,1.384,10.76,4.12,-61,9.50,
2026-09-18T13:03:47,2,1.376,10.05,9.6250,25.9,1.389,11.14,4.09,-60,10.00,
2026-09-18T13:03:48,2,1.411,12.88,9.6340,25.9,1.390,11.21,4.08,-61,10.00,
2026-09-18T13:03:49,2,1.375,9.98,9.6210,25.9,1.384,10.76,4.12,-61,9.75,
2026-09-18T13:03:50,2,1.377,10.18,9.6250,25.9,1.386,10.89,4.10,-61,9.50,
2026-09-18T13:03:51,2,1.410,12.82,9.6260,25.9,1.384,10.69,4.08,-61,9.75,
2026-09-18T13:03:56,2,1.372,9.73,9.6010,25.9,1.384,10.76,4.12,-58,6.50,
2026-09-18T13:03:57,2,1.368,9.40,9.5940,25.9,1.386,10.89,4.10,-58,6.00,
2026-09-18T13:03:58,2,1.405,12.43,9.5850,25.9,1.386,10.89,4.10,-56,7.25,
2026-09-18T13:03:59,2,1.372,9.79,9.5770,25.9,1.385,10.82,4.12,-61,9.50,
2026-09-18T13:04:00,2,1.420,13.59,9.5760,25.9,1.389,11.14,4.07,-60,9.25,
2026-09-18T13:04:01,2,1.406,12.50,9.5720,25.9,1.388,11.02,4.10,-60,9.50,
2026-09-18T13:04:02,2,1.374,9.92,9.5700,25.9,1.384,10.69,4.12,-61,9.75,
2026-09-18T13:04:03,2,1.419,13.53,9.5690,25.9,1.392,11.34,4.07,-61,10.00,
2026-09-18T13:04:04,2,1.406,12.50,9.5700,25.9,1.388,11.02,4.10,-60,9.75,
2026-09-18T13:04:05,2,1.375,9.98,9.5700,25.9,1.388,11.08,4.09,-60,9.50,
2026-09-18T13:04:07,2,1.414,13.14,9.5700,25.9,1.388,11.08,4.07,-61,10.25,
2026-09-18T13:04:08,2,1.396,11.66,9.5660,25.9,1.385,10.82,4.10,-60,9.50,
2026-09-18T13:04:09,2,1.376,10.05,9.5650,25.9,1.390,11.21,4.09,-60,9.75,
2026-09-18T13:04:10,2,1.412,12.95,9.5670,25.9,1.389,11.14,4.08,-59,9.50,
2026-09-18T13:04:11,2,1.407,12.56,9.5650,25.9,1.384,10.69,4.10,-61,9.50,
2026-09-18T13:04:12,2,1.378,10.24,9.5610,25.9,1.384,10.69,4.10,-60,9.75,
2026-09-18T13:04:13,2,1.410,12.82,9.5620,25.9,1.389,11.14,4.08,-60,9.75,
2026-09-18T13:04:14,2,1.371,9.66,9.5630,25.9,1.384,10.69,4.12,-61,9.75,
2026-09-18T13:04:15,2,1.374,9.92,9.5660,25.9,1.387,10.95,4.10,-61,10.00,
2026-09-18T13:04:16,2,1.409,12.69,9.5680,25.9,1.386,10.89,4.10,-60,9.50,
2026-09-18T13:04:17,2,1.369,9.53,9.5720,25.9,1.384,10.76,4.11,-61,9.50,
2026-09-18T13:04:18,2,1.374,9.92,9.5730,25.9,1.386,10.89,4.10,-61,9.50,
2026-09-18T13:04:20,2,1.409,12.69,9.5720,25.9,1.387,10.95,4.10,-60,9.25,
2026-09-18T13:04:21,2,1.374,9.92,9.5690,25.9,1.384,10.76,4.12,-61,9.75,
2026-09-18T13:04:22,2,1.375,9.98,9.5700,25.9,1.387,10.95,4.10,-61,9.50,
2026-09-18T13:04:23,2,1.408,12.63,9.5670,25.9,1.388,11.02,4.10,-61,9.25,
2026-09-18T13:04:24,2,1.372,9.79,9.5650,25.9,1.394,11.53,4.12,-61,9.50,
2026-09-18T13:04:25,2,1.373,9.85,9.5610,25.9,1.385,10.82,4.10,-61,10.00,
2026-09-18T13:04:26,2,1.406,12.50,9.5640,25.9,1.386,10.89,4.10,-60,9.75,
2026-09-18T13:04:27,2,1.375,9.98,9.5640,25.9,1.385,10.82,4.10,-61,9.50,
2026-09-18T13:04:32,2,1.414,13.14,9.5660,25.9,1.389,11.14,4.08,-56,7.75,
2026-09-18T13:04:33,2,1.409,12.69,9.5630,25.9,1.386,10.89,4.10,-56,7.50,
2026-09-18T13:04:34,2,1.386,10.89,9.5630,25.9,1.386,10.89,4.10,-55,7.75,
2026-09-18T13:04:35,2,1.413,13.01,9.5630,25.9,1.388,11.08,4.08,-60,10.00,
2026-09-18T13:04:36,2,1.406,12.50,9.5620,25.9,1.387,10.95,4.11,-60,9.75,
2026-09-18T13:04:37,2,1.375,9.98,9.5580,25.9,1.386,10.89,4.10,-61,9.50,
2026-09-18T13:04:38,2,1.410,12.82,9.5590,25.9,1.387,10.95,4.10,-61,9.50,
2026-09-18T13:04:39,2,1.372,9.79,9.5620,25.9,1.384,10.76,4.12,-61,9.50,
2026-09-18T13:04:40,2,1.376,10.05,9.5630,25.9,1.386,10.89,4.10,-60,9.50,
2026-09-18T13:04:41,2,1.410,12.82,9.5620,25.9,1.389,11.14,4.10,-60,9.75,
2026-09-18T13:04:42,2,1.375,9.98,9.5610,25.9,1.385,10.82,4.12,-61,9.75,
2026-09-18T13:04:43,2,1.376,10.05,9.5630,25.9,1.389,11.14,4.10,-60,9.25,
2026-09-18T13:04:45,2,1.408,12.63,9.5620,25.9,1.388,11.08,4.10,-60,9.75,
2026-09-18T13:04:46,2,1.372,9.79,9.5570,25.9,1.384,10.69,4.12,-61,9.50,
2026-09-18T13:04:47,2,1.376,10.11,9.5580,25.9,1.386,10.89,4.10,-60,9.75,
2026-09-18T13:04:48,2,1.408,12.63,9.5560,25.9,1.384,10.69,4.10,-60,10.00,
2026-09-18T13:04:49,2,1.376,10.05,9.5590,25.9,1.386,10.89,4.11,-60,9.75,
2026-09-18T13:04:50,2,1.377,10.18,9.5570,25.9,1.388,11.02,4.10,-63,9.25,
2026-09-18T13:04:51,2,1.407,12.56,9.5490,25.9,1.387,10.95,4.10,-59,9.50,
2026-09-18T13:04:52,2,1.377,10.18,9.5500,25.9,1.384,10.76,4.09,-60,9.50,
2026-09-18T13:04:53,2,1.417,13.34,9.5490,25.9,1.388,11.08,4.08,-59,9.75,
2026-09-18T13:04:54,2,1.409,12.69,9.5460,25.9,1.385,10.82,4.10,-59,9.25,
2026-09-18T13:04:55,2,1.381,10.50,9.5430,25.9,1.386,10.89,4.10,-60,9.50,
2026-09-18T13:04:57,2,1.416,13.27,9.5450,25.9,1.386,10.89,4.08,-67,10.25,
2026-09-18T13:04:58,2,1.407,12.56,9.5430,25.9,1.385,10.82,4.10,-64,9.00,
2026-09-18T13:04:59,2,1.375,9.98,9.5400,25.9,1.382,10.56,4.10,-64,9.25,
2026-09-18T13:05:00,2,1.412,12.95,9.5390,25.9,1.386,10.89,4.08,-61,9.75,
2026-09-18T13:05:01,2,1.407,12.56,9.5380,25.9,1.386,10.89,4.10,-61,9.25,
2026-09-18T13:05:02,2,1.375,9.98,9.5380,25.9,1.386,10.89,4.10,-64,9.50,
2026-09-18T13:05:03,2,1.409,12.76,9.5360,25.9,1.384,10.76,4.10,-64,9.25,
2026-09-18T13:05:07,2,1.372,9.79,9.5320,25.9,1.384,10.76,4.12,-55,4.75,3
2026-09-18T13:05:08,2,1.376,10.05,9.5290,25.9,1.385,10.82,4.10,-56,4.50,
2026-09-18T13:05:10,2,1.409,12.76,9.5320,25.9,1.381,10.50,4.10,-56,8.25,
2026-09-18T13:05:11,2,1.372,9.73,9.5330,25.9,1.386,10.89,4.12,-66,9.50,
2026-09-18T13:05:12,2,1.376,10.11,9.5340,25.9,1.388,11.02,4.10,-64,9.25,
2026-09-18T13:05:13,2,1.409,12.76,9.5350,25.9,1.382,10.56,4.10,-65,9.50,
2026-09-18T13:05:14,2,1.374,9.92,9.5320,25.9,1.390,11.21,4.09,-62,10.00,
2026-09-18T13:05:15,2,1.374,9.92,9.5320,25.9,1.386,10.89,4.10,-63,9.50,
2026-09-18T13:05:16,2,1.408,12.63,9.5360,25.9,1.386,10.89,4.10,-63,9.50,
2026-09-18T13:05:17,2,1.372,9.73,9.5310,25.9,1.384,10.76,4.10,-63,13.00,
2026-09-18T13:05:18,2,1.419,13.53,9.5320,25.9,1.389,11.14,4.07,-63,10.50,
2026-09-18T13:05:19,2,1.406,12.50,9.5330,25.9,1.384,10.76,4.10,-63,9.50,
2026-09-18T13:05:20,2,1.379,10.31,9.5340,25.9,1.388,11.02,4.10,-62,9.50,
2026-09-18T13:05:22,2,1.421,13.66,9.5390,25.9,1.398,11.85,4.08,-63,10.00,
2026-09-18T13:05:23,2,1.405,12.43,9.5430,25.9,1.388,11.02,4.10,-62,9.75,
2026-09-18T13:05:24,2,1.376,10.11,9.5400,25.9,1.388,11.02,4.10,-63,9.50,
2026-09-18T13:05:25,2,1.412,12.95,9.5420,25.9,1.381,10.50,4.09,-63,10.25,
2026-09-18T13:05:26,2,1.405,12.37,9.5410,25.9,1.384,10.76,4.10,-63,9.50,
2026-09-18T13:05:27,2,1.375,9.98,9.5410,25.9,1.388,11.02,4.10,-63,9.50,
2026-09-18T13:05:28,2,1.412,12.95,9.5450,25.9,1.387,10.95,4.09,-63,10.00,
2026-09-18T13:05:29,2,1.405,12.43,9.5450,25.9,1.386,10.89,4.10,-61,9.75,
2026-09-18T13:05:30,2,1.376,10.05,9.5460,25.9,1.389,11.14,4.10,-63,9.75,
2026-09-18T13:05:31,2,1.409,12.69,9.5440,25.9,1.386,10.89,4.09,-66,10.00,
2026-09-18T13:05:32,2,1.374,9.92,9.5430,25.9,1.386,10.89,4.12,-61,9.75,
2026-09-18T13:05:34,2,1.374,9.92,9.5460,25.9,1.389,11.14,4.10,-61,9.50,
2026-09-18T13:05:35,2,1.408,12.63,9.5480,25.9,1.388,11.02,4.10,-70,9.25,
2026-09-18T13:05:36,2,1.372,9.79,9.5440,25.9,1.388,11.08,4.09,-65,9.75,
2026-09-18T13:05:37,2,1.375,9.98,9.5470,25.9,1.382,10.56,4.10,-66,9.50,
2026-09-18T13:05:38,2,1.409,12.76,9.5450,25.9,1.388,11.08,4.10,-67,9.50,
2026-09-18T13:05:39,2,1.376,10.11,9.5490,25.9,1.386,10.89,4.10,-62,10.00,
2026-09-18T13:05:43,2,1.376,10.05,9.5440,25.9,1.375,9.98,4.10,-55,7.75,
2026-09-18T13:05:44,2,1.408,12.63,9.5430,25.9,1.386,10.89,4.10,-55,7.50,
2026-09-18T13:05:45,2,1.376,10.05,9.5450,25.9,1.385,10.82,4.10,-55,8.00,
2026-09-18T13:05:47,2,1.417,13.34,9.5440,25.9,1.381,10.50,4.09,-59,10.00,
2026-09-18T13:05:48,2,1.402,12.18,9.5410,25.9,1.386,10.89,4.10,-60,9.50,
2026-09-18T13:05:49,2,1.374,9.92,9.5440,25.9,1.385,10.82,4.10,-60,11.75,
2026-09-18T13:05:50,2,1.414,13.14,9.5380,25.9,1.383,10.63,4.09,-59,9.75,
2026-09-18T13:05:51,2,1.407,12.56,9.5420,25.9,1.385,10.82,4.10,-60,9.75,
2026-09-18T13:05:52,2,1.375,9.98,9.5460,25.9,1.385,10.82,4.10,-61,9.75,
2026-09-18T13:05:53,2,1.414,13.14,9.5480,25.9,1.385,10.82,4.09,-60,10.00,
2026-09-18T13:05:54,2,1.404,12.30,9.5440,25.9,1.387,10.95,4.10,-60,9.50,
2026-09-18T13:05:55,2,1.373,9.85,9.5490,25.9,1.387,10.95,4.10,-61,10.25,
2026-09-18T13:05:56,2,1.410,12.82,9.5470,25.9,1.387,10.95,4.10,-60,9.50,
2026-09-18T13:05:57,2,1.376,10.05,9.5530,25.9,1.385,10.82,4.09,-59,10.00,
2026-09-18T13:05:58,2,1.376,10.11,9.5490,25.9,1.385,10.82,4.10,-60,9.75,
2026-09-18T13:06:00,2,1.409,12.69,9.5520,25.9,1.384,10.76,4.10,-60,9.75,
2026-09-18T13:06:01,2,1.375,9.98,9.5510,25.9,1.387,10.95,4.09,-61,9.75,
2026-09-18T13:06:02,2,1.376,10.05,9.5510,25.9,1.388,11.02,4.10,-60,9.25,
2026-09-18T13:06:03,2,1.409,12.69,9.5500,25.9,1.385,10.82,4.10,-60,9.25,
2026-09-18T13:06:04,2,1.376,10.05,9.5510,25.9,1.388,11.08,4.09,-59,10.00,
2026-09-18T13:06:05,2,1.376,10.05,9.5520,25.9,1.385,10.82,4.10,-59,10.00,
2026-09-18T13:06:06,2,1.406,12.50,9.5530,25.9,1.386,10.89,4.09,-60,10.25,
2026-09-18T13:06:07,2,1.377,10.18,9.5550,25.9,1.388,11.08,4.09,-59,10.00,
2026-09-18T13:06:08,2,1.373,9.85,9.5570,25.9,1.384,10.76,4.12,-60,10.00,
2026-09-18T13:06:09,2,1.405,12.43,9.5620,25.9,1.386,10.89,4.11,-60,10.00,
2026-09-18T13:06:10,2,1.376,10.11,9.5580,25.9,1.384,10.76,4.10,-60,9.50,
2026-09-18T13:06:12,2,1.417,13.34,9.5570,25.9,1.385,10.82,4.09,-60,9.75,
2026-09-18T13:06:13,2,1.407,12.56,9.5540,25.9,1.393,11.47,4.10,-60,9.75,
2026-09-18T13:06:14,2,1.375,9.98,9.5580,25.9,1.387,10.95,4.10,-61,10.25,
2026-09-18T13:06:15,2,1.413,13.08,9.5600,25.9,1.388,11.08,4.10,-60,9.75,
2026-09-18T13:06:19,2,1.409,12.76,9.5530,25.9,1.391,11.27,4.08,-55,8.00,
2026-09-18T13:06:20,2,1.375,9.98,9.5550,25.9,1.397,11.79,4.10,-56,7.75,
2026-09-18T13:06:21,2,1.411,12.88,9.5570,25.9,1.387,10.95,4.10,-55,8.25,
2026-09-18T13:06:22,2,1.376,10.05,9.5570,25.9,1.388,11.02,4.09,-60,10.00,
2026-09-18T13:06:24,2,1.374,9.92,9.5600,25.9,1.385,10.82,4.10,-61,9.75,
2026-09-18T13:06:25,2,1.409,12.76,9.5630,25.9,1.387,10.95,4.09,-59,10.00,
2026-09-18T13:06:26,2,1.376,10.11,9.5650,25.9,1.388,11.02,4.10,-60,9.50,
2026-09-18T13:06:27,2,1.372,9.79,9.5630,25.9,1.385,10.82,4.11,-60,10.25,
2026-09-18T13:06:28,2,1.408,12.63,9.5670,25.9,1.385,10.82,4.10,-60,9.00,
2026-09-18T13:06:29,2,1.375,9.98,9.5660,25.9,1.388,11.08,4.10,-61,9.50,
2026-09-18T13:06:30,2,1.373,9.85,9.5670,25.9,1.385,10.82,4.11,-61,9.50,
2026-09-18T13:06:31,2,1.407,12.56,9.5690,25.9,1.388,11.02,4.09,-59,10.00,
2026-09-18T13:06:32,2,1.375,9.98,9.5650,25.9,1.388,11.02,4.10,-60,10.00,
2026-09-18T13:06:33,2,1.372,9.79,9.5560,25.9,1.383,10.63,4.12,-60,9.75,
2026-09-18T13:06:34,2,1.408,12.63,9.5600,25.9,1.385,10.82,4.10,-60,9.50,
2026-09-18T13:06:35,2,1.376,10.11,9.5580,25.9,1.387,10.95,4.10,-60,9.75,
2026-09-18T13:06:37,2,1.416,13.27,9.5610,25.9,1.390,11.21,4.10,-59,9.75,
2026-09-18T13:06:38,2,1.399,11.92,9.5640,25.9,1.388,11.08,4.07,-60,10.50,
2026-09-18T13:06:39,2,1.376,10.11,9.5660,25.9,1.386,10.89,4.10,-60,9.50,
2026-09-18T13:06:40,2,1.417,13.34,9.5670,25.9,1.385,10.82,4.09,-59,9.75,
2026-09-18T13:06:41,2,1.409,12.69,9.5630,25.9,1.384,10.69,4.08,-60,9.75,
2026-09-18T13:06:42,2,1.375,9.98,9.5630,25.9,1.388,11.02,4.09,-60,10.00,
2026-09-18T13:06:43,2,1.414,13.14,9.5590,25.9,1.387,10.95,4.10,-60,9.50,
2026-09-18T13:06:44,2,1.408,12.63,9.5580,25.9,1.388,11.02,4.08,-60,10.00,
2026-09-18T13:06:46,2,1.411,12.88,9.5570,25.9,1.384,10.76,4.10,-61,9.50,
2026-09-18T13:06:47,2,1.405,12.43,9.5530,25.9,1.389,11.14,4.08,-60,10.25,
2026-09-18T13:06:49,2,1.375,9.98,9.5520,25.9,1.383,10.63,4.12,-61,9.75,
2026-09-18T13:06:50,2,1.409,12.69,9.5480,25.9,1.385,10.82,4.10,-60,9.25,
2026-09-18T13:06:51,2,1.372,9.79,9.5490,25.9,1.384,10.76,4.10,-61,9.50,
2026-09-18T13:06:52,2,1.374,9.92,9.5480,25.9,1.384,10.76,4.12,-61,9.50,
2026-09-18T13:06:56,2,1.416,13.27,9.5570,25.9,1.386,10.89,4.10,-56,7.75,
2026-09-18T13:06:57,2,1.376,10.05,9.5570,25.9,1.386,10.89,4.10,-55,8.00,
2026-09-18T13:06:58,2,1.374,9.92,9.5540,25.9,1.384,10.69,4.12,-61,9.50,
2026-09-18T13:06:59,2,1.407,12.56,9.5490,25.9,1.391,11.27,4.07,-59,10.00,
2026-09-18T13:07:00,2,1.376,10.05,9.5530,25.9,1.385,10.82,4.10,-63,9.25,
2026-09-18T13:07:02,2,1.374,9.92,9.5460,25.9,1.384,10.69,4.12,-63,9.50,
2026-09-18T13:07:03,2,1.409,12.69,9.5480,25.9,1.388,11.02,4.08,-65,9.75,
2026-09-18T13:07:04,2,1.376,10.05,9.5500,25.9,1.385,10.82,4.10,-64,9.00,
2026-09-18T13:07:05,2,1.422,13.79,9.5490,25.9,1.387,10.95,4.09,-64,9.50,
2026-09-18T13:07:06,2,1.409,12.69,9.5460,25.9,1.388,11.02,4.06,-64,9.25,
2026-09-18T13:07:07,2,1.378,10.24,9.5490,25.9,1.389,11.14,4.10,-64,9.25,
2026-09-18T13:07:08,2,1.415,13.21,9.5510,25.9,1.389,11.14,4.09,-64,9.75,
2026-09-18T13:07:09,2,1.409,12.76,9.5500,25.9,1.390,11.21,4.08,-64,10.00,
2026-09-18T13:07:10,2,1.373,9.85,9.5480,25.9,1.383,10.63,4.11,-64,10.25,
2026-09-18T13:07:11,2,1.411,12.88,9.5490,25.9,1.390,11.21,4.09,-64,9.75,
2026-09-18T13:07:12,2,1.408,12.63,9.5450,25.9,1.391,11.27,4.08,-64,9.50,
2026-09-18T13:07:14,2,1.374,9.92,9.5440,25.9,1.384,10.69,4.11,-64,9.75,
2026-09-18T13:07:15,2,1.411,12.88,9.5410,25.9,1.387,10.95,4.10,-64,9.00,
2026-09-18T13:07:16,2,1.409,12.76,9.5420,25.9,1.388,11.08,4.07,-64,9.75,
2026-09-18T13:07:17,2,1.374,9.92,9.5470,25.9,1.383,10.63,4.12,-64,9.50,
2026-09-18T13:07:18,2,1.409,12.69,9.5440,25.9,1.395,11.60,4.10,-64,9.00,
2026-09-18T13:07:19,2,1.373,9.85,9.5480,25.9,1.388,11.02,4.10,-64,9.25,
2026-09-18T13:07:20,2,1.373,9.85,9.5550,25.9,1.384,10.76,4.11,-64,9.25,
2026-09-18T13:07:21,2,1.411,12.88,9.5580,25.9,1.389,11.14,4.07,-64,9.50,
2026-09-18T13:07:22,2,1.376,10.11,9.5710,25.9,1.387,10.95,4.10,-64,9.25,
2026-09-18T13:07:23,2,1.376,10.05,9.5710,25.9,1.384,10.69,4.11,-64,9.50,
2026-09-18T13:07:24,2,1.409,12.76,9.5720,25.9,1.391,11.27,4.07,-64,9.50,
2026-09-18T13:07:25,2,1.367,9.34,9.5750,25.9,1.384,10.76,4.10,-64,9.50,
2026-09-18T13:07:27,2,1.374,9.92,9.5730,25.9,1.384,10.76,4.12,-64,9.50,
2026-09-18T13:07:28,2,1.411,12.88,9.5730,25.9,1.388,11.08,4.08,-64,10.00,
2026-09-18T13:07:32,2,1.376,10.05,9.5720,25.9,1.384,10.76,4.12,-58,2.75,
2026-09-18T13:07:33,2,1.416,13.27,9.5710,25.9,1.387,10.95,4.09,-58,3.50,
2026-09-18T13:07:34,2,1.409,12.69,9.5790,25.9,1.389,11.14,4.08,-64,9.75,
2026-09-18T13:07:35,2,1.376,10.11,9.5790,25.9,1.385,10.82,4.11,-64,9.25,
2026-09-18T13:07:36,2,1.412,12.95,9.5710,25.9,1.388,11.08,4.09,-64,10.00,
2026-09-18T13:07:37,2,1.407,12.56,9.5720,25.9,1.390,11.21,4.08,-64,9.50,
2026-09-18T13:07:39,2,1.372,9.79,9.5700,25.9,1.384,10.69,4.12,-64,9.50,
2026-09-18T13:07:40,2,1.412,12.95,9.5660,25.9,1.387,10.95,4.09,-64,9.50,
2026-09-18T13:07:41,2,1.407,12.56,9.5630,25.9,1.389,11.14,4.08,-64,9.50,
2026-09-18T13:07:42,2,1.375,9.98,9.5580,25.9,1.384,10.69,4.12,-64,9.25,
2026-09-18T13:07:43,2,1.413,13.08,9.5510,25.9,1.390,11.21,4.07,-64,9.75,
2026-09-18T13:07:44,2,1.374,9.92,9.5500,25.9,1.390,11.21,4.10,-64,9.50,
2026-09-18T13:07:45,2,1.375,9.98,9.5490,25.9,1.387,10.95,4.12,-64,9.75,
2026-09-18T13:07:46,2,1.411,12.88,9.5470,25.9,1.390,11.21,4.07,-64,9.50,
2026-09-18T13:07:47,2,1.375,9.98,9.5510,25.9,1.387,10.95,4.10,-64,9.25,
2026-09-18T13:07:48,2,1.372,9.73,9.5510,25.9,1.383,10.63,4.11,-64,9.75,
2026-09-18T13:07:49,2,1.411,12.88,9.5560,25.9,1.391,11.27,4.07,-64,9.50,
2026-09-18T13:07:52,2,1.374,9.92,9.5550,25.9,1.385,10.82,4.11,-64,9.75,
2026-09-18T13:07:53,2,1.409,12.76,9.5550,25.9,1.389,11.14,4.07,-64,9.50,
2026-09-18T13:07:54,2,1.373,9.85,9.5500,25.9,1.384,10.69,4.11,-64,9.00,
2026-09-18T13:07:55,2,1.375,9.98,9.5490,25.9,1.383,10.63,4.12,-64,9.25,
2026-09-18T13:07:56,2,1.411,12.88,9.5490,25.9,1.386,10.89,4.08,-64,9.50,
2026-09-18T13:07:57,2,1.372,9.79,9.5510,25.9,1.384,10.69,4.11,-64,9.50,
2026-09-18T13:07:58,2,1.420,13.59,9.5490,25.9,1.385,10.82,4.10,-64,9.25,
2026-09-18T13:07:59,2,1.409,12.76,9.5500,25.9,1.388,11.02,4.08,-70,10.00,
2026-09-18T13:08:00,2,1.372,9.79,9.5500,25.9,1.384,10.69,4.12,-65,9.75,
2026-09-18T13:08:01,2,1.416,13.27,9.5540,25.9,1.391,11.27,4.08,-65,9.75,
2026-09-18T13:08:02,2,1.407,12.56,9.5570,25.9,1.388,11.08,4.08,-64,10.00,
2026-09-18T13:08:04,2,1.371,9.66,9.5560,25.9,1.386,10.89,4.12,-65,9.50,
2026-09-18T13:08:08,2,1.413,13.01,9.5480,25.9,1.390,11.21,4.07,-59,2.75,
2026-09-18T13:08:09,2,1.408,12.63,9.5460,25.9,1.385,10.82,4.08,-58,4.00,
2026-09-18T13:08:10,2,1.372,9.79,9.5460,25.9,1.384,10.76,4.12,-65,9.50,
2026-09-18T13:08:11,2,1.413,13.01,9.5480,25.9,1.389,11.14,4.07,-65,9.75,
2026-09-18T13:08:12,2,1.374,9.92,9.5480,25.9,1.382,10.56,4.10,-65,9.50,
2026-09-18T13:08:13,2,1.372,9.79,9.5490,25.9,1.384,10.69,4.11,-65,9.75,
2026-09-18T13:08:14,2,1.410,12.82,9.5470,25.9,1.387,10.95,4.07,-64,9.25,
2026-09-18T13:08:15,2,1.372,9.73,9.5490,25.9,1.385,10.82,4.12,-65,9.50,
2026-09-18T13:08:17,2,1.378,10.24,9.5510,25.9,1.384,10.76,4.11,-65,9.50,
2026-09-18T13:08:18,2,1.409,12.76,9.5540,25.9,1.388,11.08,4.08,-64,10.25,
2026-09-18T13:08:19,2,1.374,9.92,9.5530,25.9,1.384,10.69,4.12,-65,9.75,
2026-09-18T13:08:20,2,1.367,9.34,9.5460,25.9,1.381,10.50,4.11,-65,9.75,
2026-09-18T13:08:21,2,1.409,12.69,9.5430,25.9,1.388,11.02,4.08,-64,9.50,
2026-09-18T13:08:22,2,1.374,9.92,9.5420,25.9,1.387,10.95,4.12,-64,9.50,
2026-09-18T13:08:23,2,1.375,9.98,9.5440,25.9,1.391,11.27,4.11,-64,9.75,
2026-09-18T13:08:24,2,1.409,12.69,9.5430,25.9,1.390,11.21,4.08,-64,9.75,
2026-09-18T13:08:25,2,1.373,9.85,9.5410,25.9,1.386,10.89,4.11,-64,9.50,
2026-09-18T13:08:26,2,1.422,13.72,9.5440,25.9,1.390,11.21,4.07,-64,9.75,
2026-09-18T13:08:27,2,1.409,12.69,9.5420,25.9,1.389,11.14,4.08,-64,9.25,
2026-09-18T13:08:29,2,1.373,9.85,9.5450,25.9,1.383,10.63,4.11,-64,9.25,
2026-09-18T13:08:30,2,1.419,13.53,9.5460,25.9,1.388,11.08,4.07,-64,9.50,
2026-09-18T13:08:31,2,1.409,12.69,9.5470,25.9,1.388,11.08,4.08,-64,9.75,
2026-09-18T13:08:32,2,1.373,9.85,9.5590,25.9,1.388,11.02,4.11,-64,9.75,
2026-09-18T13:08:33,2,1.405,12.43,9.5550,25.9,1.389,11.14,4.07,-64,9.50,
2026-09-18T13:08:34,2,1.406,12.50,9.5570,25.9,1.385,10.82,4.10,-64,9.50,
2026-09-18T13:08:35,2,1.373,9.85,9.5610,25.9,1.384,10.76,4.12,-64,9.25,
2026-09-18T13:08:36,2,1.413,13.08,9.5570,25.9,1.391,11.27,4.08,-64,9.50,
2026-09-18T13:08:37,2,1.372,9.79,9.5550,25.9,1.384,10.76,4.11,-65,10.00,
2026-09-18T13:08:38,2,1.372,9.79,9.5530,25.9,1.383,10.63,4.11,-66,9.75,
2026-09-18T13:08:44,2,1.374,9.92,9.5580,25.9,1.384,10.76,4.12,-58,1.50,
2026-09-18T13:08:45,2,1.378,10.24,9.5590,25.9,1.389,11.14,4.10,-59,2.25,
2026-09-18T13:08:46,2,1.408,12.63,9.5580,25.9,1.388,11.08,4.08,-65,10.50,
2026-09-18T13:08:47,2,1.372,9.73,9.5590,25.9,1.384,10.76,4.11,-67,9.50,
2026-09-18T13:08:48,2,1.377,10.18,9.5630,25.9,1.386,10.89,4.09,-65,9.50,
2026-09-18T13:08:49,2,1.411,12.88,9.5590,25.9,1.388,11.02,4.08,-70,10.00,
2026-09-18T13:08:50,2,1.375,9.98,9.5580,25.9,1.384,10.69,4.11,-65,9.50,
2026-09-18T13:08:51,2,1.422,13.72,9.5510,25.9,1.388,11.08,4.07,-64,10.50,
2026-09-18T13:08:52,2,1.409,12.69,9.5580,25.9,1.387,10.95,4.07,-63,9.75,
2026-09-18T13:08:54,2,1.372,9.79,9.5560,25.9,1.384,10.76,4.12,-63,9.75,
2026-09-18T13:08:55,2,1.418,13.40,9.5540,25.9,1.390,11.21,4.07,-64,10.25,
2026-09-18T13:08:56,2,1.415,13.21,9.5540,25.9,1.384,10.76,4.10,-64,9.00,
2026-09-18T13:08:57,2,1.374,9.92,9.5500,25.9,1.382,10.56,4.12,-64,9.75,
2026-09-18T13:08:58,2,1.414,13.14,9.5530,25.9,1.388,11.08,4.07,-63,9.75,
2026-09-18T13:08:59,2,1.398,11.85,9.5550,25.9,1.385,10.82,4.10,-63,9.50,
2026-09-18T13:09:00,2,1.372,9.79,9.5550,25.9,1.384,10.76,4.12,-64,9.25,
2026-09-18T13:09:01,2,1.413,13.08,9.5550,25.9,1.388,11.08,4.07,-63,11.00,
2026-09-18T13:09:02,2,1.406,12.50,9.5500,25.9,1.386,10.89,4.10,-63,10.00,
2026-09-18T13:09:03,2,1.374,9.92,9.5470,25.9,1.384,10.76,4.11,-63,10.00,
2026-09-18T13:09:04,2,1.412,12.95,9.5460,25.9,1.389,11.14,4.08,-62,10.00,
2026-09-18T13:09:07,2,1.376,10.05,9.5450,25.9,1.386,10.89,4.10,-64,9.25,
2026-09-18T13:09:08,2,1.411,12.88,9.5440,25.9,1.388,11.08,4.08,-66,10.00,
2026-09-18T13:09:09,2,1.374,9.92,9.5470,25.9,1.388,11.02,4.11,-67,9.75,
2026-09-18T13:09:10,2,1.376,10.11,9.5420,25.9,1.388,11.02,4.09,-65,9.50,
2026-09-18T13:09:11,2,1.411,12.88,9.5440,25.9,1.388,11.02,4.08,-66,9.50,
2026-09-18T13:09:12,2,1.376,10.05,9.5430,25.9,1.384,10.76,4.11,-66,9.25,
2026-09-18T13:09:13,2,1.374,9.92,9.5370,25.9,1.387,10.95,4.10,-66,9.75,
2026-09-18T13:09:14,2,1.409,12.76,9.5400,25.9,1.390,11.21,4.07,-66,10.00,
2026-09-18T13:09:20,2,1.419,13.53,9.5350,26.9,1.388,11.02,0.00,-58,-2.25,
2026-09-18T13:09:21,2,1.406,12.50,9.5360,25.9,1.384,10.00,0.00,-57,-0.50,
2026-09-18T13:09:22,2,1.375,9.98,9.5390,25.9,1.384,10.69,4.11,-66,9.75,
2026-09-18T13:09:23,2,1.415,13.21,9.5400,25.9,1.388,11.08,4.07,-65,10.00,
2026-09-18T13:09:24,2,1.405,12.43,9.5420,25.9,1.388,11.02,4.10,-66,9.75,
2026-09-18T13:09:25,2,1.376,10.11,9.5490,25.9,1.385,10.82,4.11,-66,9.50,
2026-09-18T13:09:26,2,1.414,13.14,9.5470,25.9,1.389,11.14,4.08,-66,10.00,
2026-09-18T13:09:27,2,1.405,12.43,9.5460,25.9,1.385,10.82,4.10,-66,9.00,
2026-09-18T13:09:28,2,1.376,10.11,9.5440,25.9,1.385,10.82,4.11,-66,9.25,
2026-09-18T13:09:29,2,1.412,12.95,9.5500,25.9,1.391,11.27,4.08,-66,10.50,
2026-09-18T13:09:30,2,1.372,9.73,9.5460,25.9,1.384,10.69,4.11,-65,10.00,
2026-09-18T13:09:32,2,1.376,10.11,9.5500,25.9,1.388,11.08,4.09,-65,10.50,
2026-09-18T13:09:33,2,1.409,12.76,9.5540,25.9,1.388,11.08,4.07,-65,10.25,
2026-09-18T13:09:34,2,1.374,9.92,9.5490,25.9,1.384,10.76,4.12,-67,9.50,
2026-09-18T13:09:35,2,1.372,9.79,9.5460,25.9,1.384,10.76,4.09,-66,10.00,
2026-09-18T13:09:36,2,1.409,12.76,9.5420,25.9,1.388,11.08,4.07,-65,10.00,
2026-09-18T13:09:37,2,1.373,9.85,9.5470,25.9,1.384,10.69,4.12,-66,9.25,
2026-09-18T13:09:38,2,1.375,9.98,9.5430,25.9,1.378,10.24,4.09,-65,9.75,
2026-09-18T13:09:39,2,1.409,12.76,9.5470,25.9,1.387,10.95,4.07,-65,10.00,
2026-09-18T13:09:40,2,1.372,9.79,9.5540,25.9,1.384,10.69,4.12,-66,9.50,
2026-09-18T13:09:41,2,1.377,10.18,9.5510,25.9,1.387,10.95,4.10,-66,9.50,
2026-09-18T13:09:42,2,1.410,12.82,9.5470,25.9,1.384,10.76,4.09,-70,9.50,
2026-09-18T13:09:44,2,1.372,9.79,9.5480,25.9,1.384,10.76,4.11,-69,9.00,
2026-09-18T13:09:45,2,1.420,13.59,9.5410,25.9,1.389,11.14,4.07,-69,9.50,
2026-09-18T13:09:46,2,1.409,12.69,9.5470,25.9,1.384,10.76,4.10,-69,8.75,
2026-09-18T13:09:47,2,1.372,9.79,9.5460,25.9,1.384,10.69,4.11,-69,9.25,
2026-09-18T13:09:48,2,1.417,13.34,9.5480,25.9,1.388,11.02,4.07,-69,9.75,
2026-09-18T13:09:49,2,1.405,12.43,9.5450,25.9,1.386,10.89,4.10,-69,9.50,
2026-09-18T13:09:50,2,1.375,9.98,9.5380,25.9,1.382,10.56,4.11,-70,9.25,
2026-09-18T13:09:57,2,1.376,10.05,9.5300,25.9,1.389,11.14,4.09,-60,2.75,
2026-09-18T13:09:58,2,1.412,12.95,9.5320,25.9,1.388,11.08,4.07,-73,10.00,
2026-09-18T13:09:59,2,1.374,9.92,9.5310,25.9,1.397,11.72,4.11,-70,9.75,
2026-09-18T13:10:00,2,1.377,10.18,9.5310,25.9,1.385,10.82,4.10,-68,9.75,
2026-09-18T13:10:01,2,1.412,12.95,9.5310,25.9,1.386,10.89,4.07,-68,10.00,
2026-09-18T13:10:02,2,1.377,10.18,9.5310,25.9,1.385,10.82,4.11,-66,9.50,
2026-09-18T13:10:03,2,1.373,9.85,9.5330,25.9,1.386,10.89,4.10,-67,9.75,
2026-09-18T13:10:04,2,1.409,12.69,9.5320,25.9,1.386,10.89,4.10,-62,9.75,
2026-09-18T13:10:05,2,1.374,9.92,9.5320,25.9,1.386,10.89,4.11,-62,9.75,
2026-09-18T13:10:06,2,1.376,10.05,9.5320,25.9,1.387,10.95,4.10,-60,9.50,
2026-09-18T13:10:07,2,1.409,12.69,9.5260,25.9,1.384,10.76,4.09,-59,9.50,
2026-09-18T13:10:09,2,1.374,9.92,9.5270,25.9,1.386,10.89,4.11,-61,9.75,
2026-09-18T13:10:10,2,1.417,13.34,9.5310,25.9,1.394,11.53,4.07,-60,9.75,
2026-09-18T13:10:11,2,1.406,12.50,9.5310,25.9,1.385,10.82,4.10,-59,9.50,
2026-09-18T13:10:12,2,1.372,9.79,9.5360,25.9,1.384,10.76,4.12,-61,9.50,
2026-09-18T13:10:13,2,1.420,13.59,9.5470,25.9,1.388,11.02,4.07,-60,10.00,
2026-09-18T13:10:14,2,1.407,12.56,9.5450,25.9,1.387,10.95,4.10,-60,9.50,
2026-09-18T13:10:15,2,1.374,9.92,9.5450,25.9,1.388,11.08,4.09,-60,10.25,
2026-09-18T13:10:16,2,1.413,13.08,9.5390,25.9,1.388,11.08,4.08,-60,10.25,
2026-09-18T13:10:17,2,1.405,12.43,9.5430,25.9,1.385,10.82,4.10,-60,9.25,
2026-09-18T13:10:18,2,1.379,10.31,9.5390,25.9,1.388,11.08,4.09,-60,11.50,
2026-09-18T13:10:19,2,1.411,12.88,9.5400,25.9,1.388,11.08,4.07,-60,10.25,
2026-09-18T13:10:21,2,1.405,12.43,9.5360,25.9,1.388,11.02,4.10,-60,12.00,
2026-09-18T13:10:22,2,1.376,10.11,9.5370,25.9,1.386,10.89,4.10,-60,9.50,
2026-09-18T13:10:23,2,1.410,12.82,9.5380,25.9,1.390,11.21,4.07,-61,10.00,
2026-09-18T13:10:24,2,1.375,9.98,9.5360,25.9,1.384,10.76,4.12,-61,9.75,
2026-09-18T13:10:25,2,1.375,9.98,9.5430,25.9,1.386,10.89,4.09,-63,9.75,
2026-09-18T13:10:26,2,1.408,12.63,9.5370,25.9,1.386,10.89,4.10,-60,9.25,
2026-09-18T13:10:30,2,1.376,10.05,9.5430,25.9,1.385,10.82,4.11,-53,0.50,
2026-09-18T13:10:31,2,1.374,9.92,9.5410,25.9,1.386,10.89,4.09,-53,1.00,
2026-09-18T13:10:32,2,1.408,12.63,9.5340,25.9,1.387,10.95,4.10,-54,4.00,
2026-09-18T13:10:34,2,1.373,9.85,9.5320,25.9,1.385,10.82,4.11,-60,10.00,
2026-09-18T13:10:35,2,1.377,10.18,9.5380,25.9,1.388,11.02,4.10,-60,9.25,
2026-09-18T13:10:36,2,1.409,12.69,9.5430,25.9,1.385,10.82,4.09,-59,9.75,
2026-09-18T13:10:37,2,1.376,10.05,9.5430,25.9,1.387,10.95,4.09,-60,10.00,
2026-09-18T13:10:38,2,1.418,13.40,9.5380,25.9,1.387,10.95,4.07,-60,10.25,
2026-09-18T13:10:39,2,1.407,12.56,9.5400,25.9,1.385,10.82,4.09,-61,10.00,
2026-09-18T13:10:40,2,1.375,9.98,9.5380,25.9,1.387,10.95,4.09,-60,10.00,
2026-09-18T13:10:41,2,1.413,13.08,9.5440,25.9,1.388,11.08,4.07,-60,9.75,
2026-09-18T13:10:42,2,1.404,12.30,9.5420,25.9,1.388,11.02,4.10,-60,9.50,
2026-09-18T13:10:43,2,1.379,10.31,9.5440,25.9,1.386,10.89,4.09,-59,9.75,
2026-09-18T13:10:44,2,1.413,13.08,9.5400,25.9,1.388,11.08,4.07,-60,10.00,
2026-09-18T13:10:46,2,1.406,12.50,9.5440,25.9,1.387,10.95,4.10,-61,9.50,
2026-09-18T13:10:47,2,1.373,9.85,9.5470,25.9,1.388,11.08,4.10,-61,9.25,
2026-09-18T13:10:48,2,1.409,12.69,9.5420,25.9,1.385,10.82,4.09,-60,9.75,
2026-09-18T13:10:49,2,1.376,10.11,9.5420,25.9,1.384,10.69,4.12,-62,9.75,
2026-09-18T13:10:50,2,1.375,9.98,9.5370,25.9,1.384,10.76,4.10,-61,9.50,
2026-09-18T13:10:51,2,1.400,11.98,9.5350,25.9,1.384,10.69,4.10,-61,9.75,
2026-09-18T13:10:52,2,1.372,9.79,9.5340,26.9,1.383,10.63,4.11,-61,9.75,
2026-09-18T13:10:53,2,1.375,9.98,9.5310,25.9,1.386,10.89,4.10,-61,9.50,
2026-09-18T13:10:54,2,1.408,12.63,9.5340,25.9,1.385,10.82,4.10,-61,9.75,
2026-09-18T13:10:55,2,1.374,9.92,9.5330,25.9,1.385,10.82,4.11,-61,9.75,
2026-09-18T13:10:56,2,1.378,10.24,9.5350,25.9,1.387,10.95,4.10,-61,9.50,
2026-09-18T13:10:57,2,1.407,12.56,9.5320,25.9,1.385,10.82,4.10,-61,10.00,
2026-09-18T13:10:59,2,1.376,10.05,9.5300,25.9,1.385,10.82,4.10,-61,10.00,
2026-09-18T13:11:00,2,1.376,10.05,9.5340,25.9,1.387,10.95,4.10,-60,9.25,
2026-09-18T13:11:01,2,1.409,12.76,9.5310,25.9,1.384,10.76,4.09,-61,10.00,
2026-09-18T13:11:02,2,1.376,10.11,9.5320,25.9,1.387,10.95,4.09,-60,9.50,
2026-09-18T13:11:06,2,1.418,13.47,9.5290,25.9,1.384,10.69,4.07,-54,1.50,
2026-09-18T13:11:07,2,1.406,12.50,9.5320,25.9,1.384,10.69,4.10,-55,1.25,
2026-09-18T13:11:08,2,1.375,9.98,9.5290,25.9,1.386,10.89,4.09,-55,9.00,
2026-09-18T13:11:09,2,1.418,13.40,9.5300,25.9,1.387,10.95,4.08,-61,10.00,
2026-09-18T13:11:11,2,1.408,12.63,9.5330,25.9,1.388,11.02,4.10,-61,10.00,
2026-09-18T13:11:12,2,1.374,9.92,9.5340,25.9,1.387,10.95,4.10,-62,10.00,
2026-09-18T13:11:13,2,1.411,12.88,9.5380,25.9,1.389,11.14,4.09,-61,9.75,
2026-09-18T13:11:14,2,1.409,12.69,9.5370,25.9,1.386,10.89,4.10,-61,9.50,
2026-09-18T13:11:15,2,1.374,9.92,9.5350,25.9,1.387,10.95,4.10,-62,9.50,
2026-09-18T13:11:16,2,1.410,12.82,9.5340,25.9,1.385,10.82,4.10,-61,9.50,
2026-09-18T13:11:17,2,1.367,9.34,9.5320,25.9,1.382,10.56,4.11,-62,9.50,
2026-09-18T13:11:18,2,1.377,10.18,9.5390,25.9,1.386,10.89,4.09,-59,10.00,
2026-09-18T13:11:19,2,1.407,12.56,9.5380,25.9,1.386,10.89,4.10,-61,9.25,
2026-09-18T13:11:20,2,1.372,9.79,9.5370,25.9,1.384,10.76,4.11,-62,9.75,
2026-09-18T13:11:21,2,1.377,10.18,9.5370,26.9,1.387,10.95,4.10,-61,9.75,
2026-09-18T13:11:22,2,1.407,12.56,9.5360,25.9,1.386,10.89,4.09,-61,9.75,
2026-09-18T13:11:24,2,1.376,10.05,9.5350,25.9,1.388,11.02,4.09,-61,9.75,
2026-09-18T13:11:25,2,1.387,10.95,9.5390,25.9,1.386,10.89,4.10,-61,9.50,
2026-09-18T13:11:26,2,1.405,12.37,9.5400,25.9,1.388,11.02,4.10,-60,9.50,
2026-09-18T13:11:27,2,1.376,10.05,9.5390,25.9,1.388,11.08,4.09,-61,10.25,
2026-09-18T13:11:28,2,1.405,12.43,9.5350,25.9,1.386,10.89,4.10,-61,9.50,
2026-09-18T13:11:29,2,1.407,12.56,9.5400,25.9,1.384,10.76,4.10,-61,9.75,
2026-09-18T13:11:30,2,1.375,9.98,9.5400,25.9,1.387,10.95,4.09,-61,9.75,
2026-09-18T13:11:31,2,1.419,13.53,9.5350,25.9,1.389,11.14,4.07,-61,9.75,
2026-09-18T13:11:32,2,1.418,13.40,9.5370,25.9,1.385,10.82,4.09,-61,9.75,
2026-09-18T13:11:33,2,1.375,9.98,9.5370,25.9,1.384,10.76,4.09,-61,10.00,
2026-09-18T13:11:34,2,1.413,13.08,9.5360,25.9,1.384,10.69,4.09,-61,10.00,
2026-09-18T13:11:36,2,1.406,12.50,9.5360,25.9,1.386,10.89,4.10,-61,9.50,
2026-09-18T13:11:37,2,1.376,10.05,9.5370,25.9,1.383,10.63,4.09,-61,9.75,
2026-09-18T13:11:38,2,1.414,13.14,9.5370,25.9,1.387,10.95,4.10,-60,9.75,
2026-09-18T13:11:42,2,1.371,9.66,9.5330,25.9,1.385,10.82,4.12,-55,2.00,
2026-09-18T13:11:43,2,1.376,10.11,9.5390,25.9,1.387,10.95,4.09,-55,1.75,
2026-09-18T13:11:44,2,1.408,12.63,9.5390,25.9,1.388,11.02,4.09,-61,9.75,
2026-09-18T13:11:45,2,1.376,10.05,9.5330,25.9,1.387,10.95,4.09,-61,10.00,
2026-09-18T13:11:46,2,1.375,9.98,9.5360,25.9,1.387,10.95,4.10,-61,9.75,
2026-09-18T13:11:47,2,1.408,12.63,9.5400,25.9,1.385,10.82,4.09,-61,9.50,
2026-09-18T13:11:49,2,1.375,9.98,9.5380,25.9,1.391,11.27,4.09,-61,9.50,
2026-09-18T13:11:50,2,1.376,10.05,9.5390,25.9,1.386,10.89,4.09,-61,9.75,
2026-09-18T13:11:51,2,1.410,12.82,9.5440,25.9,1.387,10.95,4.10,-61,9.50,
2026-09-18T13:11:52,2,1.376,10.05,9.5420,25.9,1.384,10.76,4.09,-61,10.00,
2026-09-18T13:11:53,2,1.375,9.98,9.5360,25.9,1.387,10.95,4.09,-60,9.75,
2026-09-18T13:11:54,2,1.407,12.56,9.5360,25.9,1.386,10.89,4.09,-62,10.00,
2026-09-18T13:11:55,2,1.378,10.24,9.5360,25.9,1.387,10.95,4.09,-62,10.00,
2026-09-18T13:11:56,2,1.418,13.47,9.5380,25.9,1.385,10.82,4.09,-60,10.00,
2026-09-18T13:11:57,2,1.405,12.37,9.5340,25.9,1.386,10.89,4.09,-61,9.75,
2026-09-18T13:11:58,2,1.373,9.85,9.5350,25.9,1.385,10.82,4.10,-61,9.75,
2026-09-18T13:11:59,2,1.413,13.08,9.5400,25.9,1.385,10.82,4.09,-60,9.50,
2026-09-18T13:12:01,2,1.407,12.56,9.5370,25.9,1.383,10.63,4.09,-60,9.75,
2026-09-18T13:12:02,2,1.375,9.98,9.5400,25.9,1.385,10.82,4.09,-60,9.75,
2026-09-18T13:12:03,2,1.413,13.08,9.5330,25.9,1.386,10.89,4.09,-60,9.75,
2026-09-18T13:12:04,2,1.406,12.50,9.5370,25.9,1.386,10.89,4.10,-61,9.25,
2026-09-18T13:12:05,2,1.377,10.18,9.5350,25.9,1.387,10.95,4.10,-60,9.25,
2026-09-18T13:12:06,2,1.410,12.82,9.5400,25.9,1.388,11.02,4.10,-61,9.50,
2026-09-18T13:12:07,2,1.407,12.56,9.5380,26.9,1.393,11.40,4.07,-61,10.00,
2026-09-18T13:12:08,2,1.377,10.18,9.5370,25.9,1.388,11.08,4.10,-60,9.50,
2026-09-18T13:12:09,2,1.408,12.63,9.5380,25.9,1.386,10.89,4.09,-60,10.25,
2026-09-18T13:12:10,2,1.376,10.11,9.5380,26.9,1.386,10.89,4.09,-60,10.00,
2026-09-18T13:12:11,2,1.374,9.92,9.5400,26.9,1.388,11.08,4.10,-61,9.25,
2026-09-18T13:12:12,2,1.409,12.76,9.5410,25.9,1.384,10.76,4.09,-60,9.75,
2026-09-18T13:12:14,2,1.377,10.18,9.5420,26.9,1.388,11.02,4.09,-60,9.50,
2026-09-18T13:12:18,2,1.368,9.40,9.5460,26.9,1.384,10.69,4.11,-60,7.75,
2026-09-18T13:12:19,2,1.409,12.69,9.5490,26.9,1.384,10.69,4.10,-63,7.50,
2026-09-18T13:12:20,2,1.375,9.98,9.5440,26.9,1.388,11.02,4.09,-64,9.75,
2026-09-18T13:12:21,2,1.373,9.85,9.5460,25.9,1.383,10.63,4.11,-63,9.50,
2026-09-18T13:12:22,2,1.405,12.43,9.5530,25.9,1.385,10.82,4.09,-63,10.00,
2026-09-18T13:12:23,2,1.373,9.85,9.5500,25.9,1.386,10.89,4.09,-63,10.00,
2026-09-18T13:12:24,2,1.420,13.59,9.5490,25.9,1.386,10.89,4.09,-63,10.00,
2026-09-18T13:12:26,2,1.405,12.43,9.5500,25.9,1.385,10.82,4.10,-62,9.50,
2026-09-18T13:12:27,2,1.376,10.11,9.5490,25.9,1.385,10.82,4.10,-63,9.25,
2026-09-18T13:12:28,2,1.413,13.08,9.5520,25.9,1.388,11.02,4.09,-63,10.25,
2026-09-18T13:12:29,2,1.407,12.56,9.5520,25.9,1.392,11.34,4.07,-63,10.25,
2026-09-18T13:12:30,2,1.380,10.37,9.5440,25.9,1.386,10.89,4.10,-62,9.75,
2026-09-18T13:12:31,2,1.412,12.95,9.5500,25.9,1.388,11.02,4.09,-62,10.00,
2026-09-18T13:12:32,2,1.407,12.56,9.5530,25.9,1.391,11.27,4.07,-63,9.75,
2026-09-18T13:12:33,2,1.375,9.98,9.5540,25.9,1.386,10.89,4.09,-62,9.75,
2026-09-18T13:12:34,2,1.408,12.63,9.5540,25.9,1.384,10.76,4.10,-63,9.50,
2026-09-18T13:12:35,2,1.408,12.63,9.5570,25.9,1.388,11.02,4.07,-62,10.25,
2026-09-18T13:12:36,2,1.375,9.98,9.5590,25.9,1.386,10.89,4.10,-63,9.75,
2026-09-18T13:12:37,2,1.411,12.88,9.5530,25.9,1.387,10.95,4.09,-62,9.75,
2026-09-18T13:12:39,2,1.375,9.98,9.5540,25.9,1.385,10.82,4.09,-62,10.00,
2026-09-18T13:12:40,2,1.376,10.05,9.5580,25.9,1.386,10.89,4.11,-62,9.50,
2026-09-18T13:12:41,2,1.409,12.76,9.5560,25.9,1.385,10.82,4.09,-62,10.00,
2026-09-18T13:12:42,2,1.376,10.05,9.5530,25.9,1.387,10.95,4.09,-62,10.00,
2026-09-18T13:12:43,2,1.373,9.85,9.5530,26.9,1.384,10.76,4.11,-63,9.75,
2026-09-18T13:12:44,2,1.407,12.56,9.5530,25.9,1.385,10.82,4.09,-61,10.00,
2026-09-18T13:12:45,2,1.375,9.98,9.5580,25.9,1.390,11.21,4.10,-63,9.75,
2026-09-18T13:12:46,2,1.374,9.92,9.5570,25.9,1.396,11.66,4.11,-63,10.25,
2026-09-18T13:12:47,2,1.405,12.37,9.5580,25.9,1.384,10.76,4.10,-62,9.75,
2026-09-18T13:12:48,2,1.373,9.85,9.5540,26.9,1.386,10.89,4.09,-64,9.25,
2026-09-18T13:12:53,2,1.417,13.34,9.5540,26.9,1.385,10.82,4.09,-54,0.50,
2026-09-18T13:12:56,2,1.413,13.08,9.5560,25.9,1.386,10.89,4.09,-62,10.00,
2026-09-18T13:12:57,2,1.407,12.56,9.5550,25.9,1.388,11.02,4.07,-62,10.00,
2026-09-18T13:12:58,2,1.376,10.05,9.5530,25.9,1.386,10.89,4.10,-63,10.00,
2026-09-18T13:12:59,2,1.412,12.95,9.5540,25.9,1.384,10.76,4.09,-63,9.75,
2026-09-18T13:13:00,2,1.409,12.69,9.5500,26.9,1.386,10.89,4.07,-63,10.00,
2026-09-18T13:13:01,2,1.372,9.79,9.5460,26.9,1.384,10.69,4.11,-64,9.50,
2026-09-18T13:13:02,2,1.410,12.82,9.5460,25.9,1.385,10.82,4.10,-59,9.75,
2026-09-18T13:13:04,2,1.373,9.85,9.5500,26.9,1.385,10.82,4.10,-60,10.00,
2026-09-18T13:13:05,2,1.373,9.85,9.5470,26.9,1.384,10.69,4.11,-60,9.50,
2026-09-18T13:13:06,2,1.409,12.76,9.5510,26.9,1.385,10.82,4.09,-59,10.00,
2026-09-18T13:13:07,2,1.367,9.34,9.5540,25.9,1.386,10.89,4.09,-59,9.75,
2026-09-18T13:13:08,2,1.375,9.98,9.5560,25.9,1.383,10.63,4.11,-66,9.75,
2026-09-18T13:13:09,2,1.409,12.76,9.5550,25.9,1.386,10.89,4.09,-59,9.75,
2026-09-18T13:13:10,2,1.377,10.18,9.5540,25.9,1.385,10.82,4.09,-62,10.00,
2026-09-18T13:13:11,2,1.374,9.92,9.5570,25.9,1.384,10.69,4.11,-66,9.25,
2026-09-18T13:13:12,2,1.405,12.37,9.5540,25.9,1.388,11.08,4.10,-65,10.00,
2026-09-18T13:13:13,2,1.374,9.92,9.5570,25.9,1.387,10.95,4.09,-66,9.50,
2026-09-18T13:13:14,2,1.375,9.98,9.5560,25.9,1.383,10.63,4.11,-66,10.00,
2026-09-18T13:13:16,2,1.406,12.50,9.5570,25.9,1.389,11.14,4.07,-65,10.00,
2026-09-18T13:13:17,2,1.376,10.05,9.5560,25.9,1.386,10.89,4.09,-65,9.75,
2026-09-18T13:13:18,2,1.418,13.47,9.5590,25.9,1.388,11.08,4.09,-65,10.00,
2026-09-18T13:13:19,2,1.409,12.76,9.5570,25.9,1.388,11.08,4.07,-66,11.50,
2026-09-18T13:13:20,2,1.376,10.05,9.5620,25.9,1.385,10.82,4.09,-66,9.75,
2026-09-18T13:13:21,2,1.417,13.34,9.5660,25.9,1.387,10.95,4.09,-65,9.25,
2026-09-18T13:13:22,2,1.407,12.56,9.5660,25.9,1.389,11.14,4.07,-66,10.00,
2026-09-18T13:13:23,2,1.376,10.05,9.5640,26.9,1.383,10.63,4.10,-67,9.50,
2026-09-18T13:13:24,2,1.412,12.95,9.5650,25.9,1.384,10.76,4.09,-66,10.00,
2026-09-18T13:13:32,2,1.376,10.11,9.5530,26.9,1.385,10.82,4.10,-67,9.50,
2026-09-18T13:13:33,2,1.375,9.98,9.5550,25.9,1.385,10.82,4.11,-67,9.50,
2026-09-18T13:13:34,2,1.407,12.56,9.5510,26.9,1.390,11.21,4.09,-60,10.00,
2026-09-18T13:13:35,2,1.377,10.18,9.5520,26.9,1.387,10.95,4.10,-60,10.00,
2026-09-18T13:13:36,2,1.373,9.85,9.5520,25.9,1.384,10.76,4.11,-61,9.75,
2026-09-18T13:13:37,2,1.409,12.76,9.5500,25.9,1.391,11.27,4.07,-64,9.50,
2026-09-18T13:13:38,2,1.375,9.98,9.5500,25.9,1.388,11.08,4.09,-65,9.75,
2026-09-18T13:13:39,2,1.376,10.05,9.5510,25.9,1.382,10.56,4.11,-65,9.75,
2026-09-18T13:13:41,2,1.410,12.82,9.5440,25.9,1.388,11.08,4.07,-65,10.25,
2026-09-18T13:13:42,2,1.376,10.05,9.5440,25.9,1.384,10.76,4.10,-66,10.00,
2026-09-18T13:13:43,2,1.402,12.18,9.5470,25.9,1.385,10.82,4.11,-65,9.50,
2026-09-18T13:13:44,2,1.407,12.56,9.5410,26.9,1.388,11.08,4.07,-65,9.75,
2026-09-18T13:13:45,2,1.375,9.98,9.5450,26.9,1.386,10.89,4.10,-65,9.50,
2026-09-18T13:13:46,2,1.418,13.40,9.5470,26.9,1.386,10.89,4.08,-65,9.75,
2026-09-18T13:13:47,2,1.410,12.82,9.5490,26.9,1.389,11.14,4.07,-65,9.75,
2026-09-18T13:13:48,2,1.375,9.98,9.5510,25.9,1.384,10.69,4.11,-66,9.50,
2026-09-18T13:13:49,2,1.412,12.95,9.5490,25.9,1.386,10.89,4.09,-65,9.75,
2026-09-18T13:13:50,2,1.407,12.56,9.5440,25.9,1.388,11.08,4.07,-65,9.75,
2026-09-18T13:13:51,2,1.375,9.98,9.5470,25.9,1.386,10.89,4.11,-66,9.50,
2026-09-18T13:13:52,2,1.412,12.95,9.5470,25.9,1.390,11.21,4.09,-65,10.00,
2026-09-18T13:13:54,2,1.409,12.76,9.5490,26.9,1.388,11.08,4.08,-65,10.25,
2026-09-18T13:13:55,2,1.373,9.85,9.5490,25.9,1.383,10.63,4.11,-66,10.75,
2026-09-18T13:13:56,2,1.411,12.88,9.5500,26.9,1.386,10.89,4.09,-65,9.75,
2026-09-18T13:13:57,2,1.376,10.05,9.5490,26.9,1.387,10.95,4.10,-66,9.50,
2026-09-18T13:13:58,2,1.373,9.85,9.5510,26.9,1.384,10.76,4.11,-66,9.25,
2026-09-18T13:13:59,2,1.410,12.82,9.5550,26.9,1.389,11.14,4.07,-65,10.00,
2026-09-18T13:14:00,2,1.374,9.92,9.5590,26.9,1.388,11.02,4.09,-66,10.00,
2026-09-18T13:14:04,2,1.373,9.85,9.5610,25.9,1.381,10.50,4.11,-61,4.00,
2026-09-18T13:14:06,2,1.408,12.63,9.5610,25.9,1.388,11.08,4.07,-60,4.00,
2026-09-18T13:14:07,2,1.376,10.05,9.5580,26.9,1.385,10.82,4.09,-61,6.50,
2026-09-18T13:14:08,2,1.372,9.79,9.5560,25.9,1.385,10.82,4.11,-66,12.50,
2026-09-18T13:14:09,2,1.409,12.76,9.5560,25.9,1.390,11.21,4.07,-65,10.00,
2026-09-18T13:14:10,2,1.373,9.85,9.5560,26.9,1.384,10.69,4.11,-66,12.25,
2026-09-18T13:14:11,2,1.420,13.59,9.5590,25.9,1.385,10.82,4.09,-64,9.75,
2026-09-18T13:14:12,2,1.404,12.30,9.5530,25.9,1.391,11.27,4.07,-64,9.75,
2026-09-18T13:14:13,2,1.373,9.85,9.5520,25.9,1.384,10.76,4.12,-62,10.00,
2026-09-18T13:14:14,2,1.416,13.27,9.5540,26.9,1.386,10.89,4.09,-60,10.00,
2026-09-18T13:14:15,2,1.408,12.63,9.5510,26.9,1.388,11.08,4.07,-60,10.00,
2026-09-18T13:14:16,2,1.372,9.79,9.5530,25.9,1.384,10.76,4.11,-62,9.50,
2026-09-18T13:14:18,2,1.410,12.82,9.5510,25.9,1.386,10.89,4.09,-61,10.50,
2026-09-18T13:14:19,2,1.408,12.63,9.5410,25.9,1.380,10.37,4.08,-61,10.00,
2026-09-18T13:14:20,2,1.375,9.98,9.5380,26.9,1.384,10.76,4.12,-62,9.75,
2026-09-18T13:14:21,2,1.414,13.14,9.5370,25.9,1.390,11.21,4.07,-62,10.25,
2026-09-18T13:14:22,2,1.409,12.69,9.5310,26.9,1.388,11.02,4.08,-62,10.25,
2026-09-18T13:14:23,2,1.374,9.92,9.5290,26.9,1.384,10.76,4.11,-62,10.00,
2026-09-18T13:14:24,2,1.412,12.95,9.5310,25.9,1.388,11.08,4.07,-61,10.00,
2026-09-18T13:14:25,2,1.376,10.05,9.5320,26.9,1.388,11.02,4.10,-62,9.75,
2026-09-18T13:14:26,2,1.372,9.79,9.5330,26.9,1.384,10.69,4.11,-62,9.50,
2026-09-18T13:14:27,2,1.411,12.88,9.5350,26.9,1.387,10.95,4.07,-61,9.50,
2026-09-18T13:14:28,2,1.374,9.92,9.5360,26.9,1.381,10.50,4.09,-64,9.75,
2026-09-18T13:14:29,2,1.375,9.98,9.5360,25.9,1.381,10.50,4.11,-64,9.25,
2026-09-18T13:14:31,2,1.409,12.69,9.5300,25.9,1.389,11.14,4.07,-65,10.00,
2026-09-18T13:14:32,2,1.375,9.98,9.5310,26.9,1.381,10.50,4.11,-63,9.25,
2026-09-18T13:14:33,2,1.372,9.79,9.5340,26.9,1.383,10.63,4.11,-64,9.25,
2026-09-18T13:14:34,2,1.409,12.69,9.5320,26.9,1.389,11.14,4.08,-64,9.25,
2026-09-18T13:14:35,2,1.372,9.79,9.5320,26.9,1.384,10.69,4.11,-64,9.25,
2026-09-18T13:14:36,2,1.406,12.50,9.5230,26.9,1.384,10.69,4.11,-64,9.25,
2026-09-18T13:14:40,2,1.408,12.63,9.5230,25.9,1.384,10.69,4.08,-56,4.50,
2026-09-18T13:14:41,2,1.374,9.92,9.5270,26.9,1.384,10.69,4.11,-56,4.75,
2026-09-18T13:14:43,2,1.417,13.34,9.5290,26.9,1.389,11.14,4.07,-57,7.25,
2026-09-18T13:14:44,2,1.408,12.63,9.5220,26.9,1.388,11.08,4.07,-67,9.75,
2026-09-18T13:14:45,2,1.372,9.79,9.5210,25.9,1.385,10.82,4.11,-74,9.50,
2026-09-18T13:14:46,2,1.419,13.53,9.5170,25.9,1.387,10.95,4.07,-73,9.50,
2026-09-18T13:14:47,2,1.407,12.56,9.5160,25.9,1.389,11.14,4.07,-72,9.50,
2026-09-18T13:14:48,2,1.375,9.98,9.5170,25.9,1.384,10.76,4.11,-75,9.00,
2026-09-18T13:14:49,2,1.411,12.88,9.5200,25.9,1.388,11.02,4.06,-78,9.75,
2026-09-18T13:14:50,2,1.376,10.05,9.5210,25.9,1.386,10.89,4.09,-89,3.50,
2026-09-18T13:14:51,2,1.376,10.05,9.5280,26.9,1.384,10.69,4.11,-87,5.00,
2026-09-18T13:14:52,2,1.410,12.82,9.5330,25.9,1.388,11.02,4.07,-88,4.25,
2026-09-18T13:14:53,2,1.372,9.79,9.5300,25.9,1.383,10.63,4.11,-86,6.00,
2026-09-18T13:14:54,2,1.371,9.66,9.5300,25.9,1.384,10.76,4.11,-84,7.25,
2026-09-18T13:14:56,2,1.412,12.95,9.5360,25.9,1.387,10.95,4.07,-87,5.00,
2026-09-18T13:14:57,2,1.374,9.92,9.5380,25.9,1.385,10.82,4.11,-83,8.25,
2026-09-18T13:14:58,2,1.374,9.92,9.5370,25.9,1.382,10.56,4.11,-82,7.75,
2026-09-18T13:14:59,2,1.411,12.88,9.5380,25.9,1.388,11.02,4.07,-65,9.75,
2026-09-18T13:15:00,2,1.376,10.05,9.5370,25.9,1.385,10.82,4.11,-69,9.50,
2026-09-18T13:15:01,2,1.379,10.31,9.5400,25.9,1.384,10.69,4.11,-57,10.00,
2026-09-18T13:15:02,2,1.409,12.76,9.5590,25.9,1.393,11.40,4.07,-60,10.00,
2026-09-18T13:15:03,2,1.375,9.98,9.5830,25.9,1.384,10.76,4.11,-58,9.50,
2026-09-18T13:15:04,2,1.423,13.85,9.6100,25.9,1.391,11.27,4.06,-63,10.25,
2026-09-18T13:15:05,2,1.412,12.95,9.6560,25.9,1.390,11.21,4.07,-60,9.75,3
2026-09-18T13:15:06,2,1.368,9.47,9.6750,25.9,1.384,10.76,4.11,-60,10.00,
2026-09-18T13:15:08,2,1.420,13.59,9.6940,25.9,1.392,11.34,4.06,-60,10.00,
2026-09-18T13:15:09,2,1.411,12.88,9.7040,25.9,1.389,11.14,4.08,-60,9.75,
2026-09-18T13:15:10,2,1.376,10.11,9.7170,25.9,1.384,10.76,4.11,-60,9.75,
2026-09-18T13:15:11,2,1.418,13.47,9.7290,25.9,1.393,11.40,4.06,-60,10.00,4
2026-09-18T13:15:12,2,1.409,12.69,9.7370,25.9,1.392,11.34,4.07,-58,9.50,
2026-09-18T13:15:16,2,1.376,10.05,9.7860,25.9,1.387,10.95,4.11,-53,3.25,
2026-09-18T13:15:17,2,1.414,13.14,9.7990,25.9,1.393,11.40,4.07,-55,4.00,
2026-09-18T13:15:18,2,1.376,10.11,9.8240,25.9,1.388,11.02,4.11,-58,9.50,
2026-09-18T13:15:19,2,1.378,10.24,9.8370,25.9,1.387,10.95,4.11,-58,10.00,
2026-09-18T13:15:21,2,1.416,13.27,9.8450,25.9,1.390,11.21,4.07,-60,10.25,
2026-09-18T13:15:22,2,1.377,10.18,9.8360,25.9,1.388,11.08,4.11,-60,10.00,
2026-09-18T13:15:23,2,1.378,10.24,9.8240,25.9,1.388,11.08,4.12,-61,9.50,
2026-09-18T13:15:24,2,1.413,13.08,9.8110,25.9,1.391,11.27,4.07,-59,9.75,
2026-09-18T13:15:25,2,1.376,10.11,9.8030,25.9,1.389,11.14,4.11,-58,9.25,
2026-09-18T13:15:26,2,1.378,10.24,9.7910,25.9,1.392,11.34,4.09,-59,10.00,
2026-09-18T13:15:27,2,1.410,12.82,9.7860,25.9,1.393,11.47,4.08,-59,9.25,
2026-09-18T13:15:28,2,1.376,10.05,9.7790,25.9,1.388,11.02,4.11,-58,9.25,
2026-09-18T13:15:29,2,1.379,10.31,9.7780,25.9,1.389,11.14,4.09,-58,9.50,
2026-09-18T13:15:30,2,1.413,13.08,9.7690,25.9,1.390,11.21,4.07,-59,9.75,
2026-09-18T13:15:31,2,1.376,10.11,9.7680,25.9,1.389,11.14,4.11,-58,9.75,
2026-09-18T13:15:33,2,1.425,13.98,9.7580,25.9,1.393,11.40,4.07,-59,9.50,
2026-09-18T13:15:34,2,1.413,13.08,9.7590,25.9,1.391,11.27,4.08,-59,9.75,
2026-09-18T13:15:35,2,1.375,9.98,9.7580,25.9,1.390,11.21,4.11,-59,9.25,
2026-09-18T13:15:36,2,1.429,14.30,9.7570,25.9,1.393,11.40,4.07,-59,9.50,
2026-09-18T13:15:37,2,1.410,12.82,9.7560,26.9,1.389,11.14,4.09,-58,9.75,
2026-09-18T13:15:38,2,1.376,10.05,9.7510,26.9,1.389,11.14,4.11,-59,9.50,
2026-09-18T13:15:39,2,1.422,13.72,9.7480,25.9,1.392,11.34,4.07,-58,9.50,
2026-09-18T13:15:40,2,1.409,12.69,9.7440,25.9,1.389,11.14,4.10,-59,9.50,
2026-09-18T13:15:41,2,1.375,9.98,9.7450,25.9,1.386,10.89,4.11,-59,9.00,
2026-09-18T13:15:42,2,1.413,13.01,9.7420,25.9,1.391,11.27,4.07,-59,11.00,
2026-09-18T13:15:43,2,1.377,10.18,9.7400,25.9,1.388,11.02,4.09,-58,10.00,
2026-09-18T13:15:44,2,1.382,10.56,9.7380,25.9,1.385,10.82,4.11,-59,9.50,
2026-09-18T13:15:46,2,1.413,13.08,9.7380,25.9,1.390,11.21,4.07,-59,10.00,
2026-09-18T13:15:47,2,1.376,10.11,9.7370,25.9,1.388,11.02,4.11,-59,9.75,
2026-09-18T13:15:48,2,1.375,9.98,9.7330,26.9,1.388,11.02,4.09,-59,10.00,
2026-09-18T13:15:52,2,1.409,12.76,9.7330,26.9,1.392,11.34,4.07,-55,8.50,
2026-09-18T13:15:53,2,1.377,10.18,9.7380,26.9,1.384,10.76,4.11,-55,8.75,
2026-09-18T13:15:54,2,1.385,10.82,9.7330,25.9,1.389,11.14,4.09,-58,9.75,
2026-09-18T13:15:55,2,1.412,12.95,9.7340,25.9,1.389,11.14,4.07,-59,9.50,
2026-09-18T13:15:56,2,1.377,10.18,9.7350,25.9,1.388,11.02,4.11,-59,9.25,
2026-09-18T13:15:58,2,1.423,13.85,9.7360,25.9,1.393,11.47,4.06,-59,9.50,
2026-09-18T13:15:59,2,1.413,13.01,9.7360,25.9,1.386,10.89,4.10,-59,9.25,
2026-09-18T13:16:00,2,1.375,9.98,9.7430,26.9,1.387,10.95,4.11,-60,9.50,
2026-09-18T13:16:01,2,1.421,13.66,9.7460,25.9,1.393,11.40,4.07,-59,10.00,
2026-09-18T13:16:02,2,1.409,12.69,9.7480,25.9,1.388,11.08,4.09,-58,10.00,
2026-09-18T13:16:03,2,1.378,10.24,9.7450,25.9,1.386,10.89,4.11,-60,9.75,
2026-09-18T13:16:04,2,1.418,13.47,9.7500,25.9,1.390,11.21,4.07,-59,10.00,
2026-09-18T13:16:05,2,1.409,12.76,9.7520,25.9,1.390,11.21,4.09,-59,9.75,
2026-09-18T13:16:06,2,1.377,10.18,9.7500,25.9,1.386,10.89,4.11,-59,9.25,
2026-09-18T13:16:07,2,1.416,13.27,9.7450,25.9,1.393,11.40,4.06,-59,9.75,
2026-09-18T13:16:08,2,1.409,12.76,9.7490,26.9,1.388,11.08,4.10,-59,9.50,
2026-09-18T13:16:09,2,1.378,10.24,9.7460,25.9,1.390,11.21,4.10,-59,9.50,
2026-09-18T13:16:11,2,1.414,13.14,9.7460,25.9,1.390,11.21,4.07,-59,10.00,
2026-09-18T13:16:12,2,1.376,10.11,9.7380,25.9,1.385,10.82,4.11,-59,9.50,
2026-09-18T13:16:14,2,1.413,13.01,9.7440,25.9,1.391,11.27,4.07,-59,10.25,
2026-09-18T13:16:15,2,1.378,10.24,9.7430,25.9,1.388,11.08,4.11,-59,9.75,
2026-09-18T13:16:16,2,1.378,10.24,9.7400,25.9,1.389,11.14,4.09,-59,9.75,
2026-09-18T13:16:17,2,1.411,12.88,9.7380,25.9,1.393,11.40,4.07,-59,10.00,
2026-09-18T13:16:18,2,1.375,9.98,9.7380,25.9,1.385,10.82,4.11,-60,9.50,
2026-09-18T13:16:19,2,1.378,10.24,9.7390,25.9,1.389,11.14,4.09,-59,9.75,
2026-09-18T13:16:20,2,1.409,12.76,9.7350,25.9,1.385,10.82,4.09,-61,10.00,
2026-09-18T13:16:21,2,1.376,10.05,9.7280,25.9,1.387,10.95,4.11,-61,9.25,
2026-09-18T13:16:23,2,1.419,13.53,9.7310,25.9,1.388,11.08,4.07,-60,10.00,
2026-09-18T13:16:24,2,1.409,12.69,9.7270,25.9,1.386,10.89,4.08,-61,9.75,
2026-09-18T13:16:28,2,1.375,9.98,9.7310,25.9,1.388,11.08,4.11,-56,6.75,
2026-09-18T13:16:29,2,1.418,13.47,9.7320,26.9,1.391,11.27,4.07,-56,7.25,
2026-09-18T13:16:30,2,1.410,12.82,9.7320,26.9,1.387,10.95,4.09,-60,10.00,
2026-09-18T13:16:31,2,1.375,9.98,9.7350,25.9,1.389,11.14,4.11,-62,9.50,
2026-09-18T13:16:32,2,1.418,13.40,9.7410,25.9,1.392,11.34,4.07,-60,9.50,
2026-09-18T13:16:33,2,1.409,12.69,9.7360,25.9,1.388,11.08,4.09,-60,10.00,
2026-09-18T13:16:34,2,1.381,10.50,9.7380,25.9,1.390,11.21,4.09,-61,10.00,
2026-09-18T13:16:36,2,1.413,13.08,9.7410,25.9,1.391,11.27,4.07,-61,9.75,
2026-09-18T13:16:37,2,1.376,10.11,9.7380,25.9,1.386,10.89,4.11,-60,9.50,
2026-09-18T13:16:38,2,1.378,10.24,9.7380,25.9,1.384,10.76,4.09,-60,10.00,
2026-09-18T13:16:39,2,1.413,13.01,9.7330,25.9,1.391,11.27,4.07,-61,10.00,
2026-09-18T13:16:40,2,1.376,10.05,9.7320,25.9,1.385,10.82,4.11,-60,9.75,
2026-09-18T13:16:41,2,1.378,10.24,9.7350,25.9,1.389,11.14,4.09,-60,10.00,
2026-09-18T13:16:42,2,1.411,12.88,9.7390,25.9,1.389,11.14,4.07,-60,9.75,
2026-09-18T13:16:43,2,1.379,10.31,9.7340,26.9,1.385,10.82,4.11,-60,9.75,
2026-09-18T13:16:44,2,1.376,10.11,9.7340,26.9,1.391,11.27,4.09,-61,11.00,
2026-09-18T13:16:45,2,1.409,12.76,9.7300,26.9,1.389,11.14,4.09,-60,10.00,
2026-09-18T13:16:46,2,1.375,9.98,9.7280,26.9,1.386,10.89,4.11,-62,9.75,
2026-09-18T13:16:48,2,1.379,10.31,9.7320,25.9,1.390,11.21,4.09,-60,10.00,
2026-09-18T13:16:49,2,1.409,12.69,9.7350,25.9,1.389,11.14,4.09,-60,9.75,
2026-09-18T13:16:50,2,1.377,10.18,9.7310,26.9,1.385,10.82,4.11,-61,10.00,
2026-09-18T13:16:51,2,1.422,13.72,9.7260,25.9,1.389,11.14,4.07,-60,9.50,
2026-09-18T13:16:52,2,1.410,12.82,9.7240,25.9,1.381,10.50,4.10,-61,9.50,
2026-09-18T13:16:53,2,1.375,9.98,9.7220,25.9,1.388,11.02,4.11,-62,10.00,
2026-09-18T13:16:54,2,1.420,13.59,9.7220,25.9,1.395,11.60,4.07,-62,9.75,
2026-09-18T13:16:55,2,1.408,12.63,9.7240,26.9,1.389,11.14,4.09,-61,9.75,
2026-09-18T13:16:56,2,1.380,10.37,9.7260,25.9,1.391,11.27,4.09,-61,9.75,
2026-09-18T13:16:57,2,1.415,13.21,9.7290,25.9,1.393,11.47,4.07,-61,10.75,
2026-09-18T13:16:58,2,1.406,12.50,9.7280,25.9,1.388,11.08,4.09,-61,10.50,
2026-09-18T13:16:59,2,1.379,10.31,9.7270,25.9,1.389,11.14,4.09,-61,9.75,
2026-09-18T13:17:04,2,1.412,12.95,9.7230,25.9,1.392,11.34,4.07,-58,7.75,
2026-09-18T13:17:05,2,1.377,10.18,9.7270,25.9,1.386,10.89,4.11,-58,8.25,
2026-09-18T13:17:06,2,1.373,9.85,9.7230,25.9,1.389,11.14,4.09,-62,9.50,
2026-09-18T13:17:07,2,1.410,12.82,9.7230,26.9,1.386,10.89,4.09,-59,9.50,
2026-09-18T13:17:08,2,1.375,9.98,9.7180,26.9,1.388,11.02,4.11,-61,9.50,
2026-09-18T13:17:09,2,1.376,10.05,9.7140,25.9,1.388,11.02,4.09,-59,10.00,
2026-09-18T13:17:10,2,1.401,12.11,9.7150,25.9,1.390,11.21,4.09,-60,9.75,
2026-09-18T13:17:11,2,1.376,10.11,9.7180,25.9,1.380,10.37,4.11,-59,9.50,
2026-09-18T13:17:13,2,1.377,10.18,9.7170,25.9,1.388,11.08,4.09,-59,10.00,
2026-09-18T13:17:14,2,1.409,12.76,9.7160,25.9,1.388,11.08,4.09,-58,10.00,
2026-09-18T13:17:15,2,1.375,9.98,9.7170,25.9,1.384,10.69,4.11,-59,9.00,
2026-09-18T13:17:16,2,1.410,12.82,9.7180,25.9,1.391,11.27,4.09,-59,10.25,
2026-09-18T13:17:17,2,1.408,12.63,9.7180,25.9,1.388,11.02,4.09,-59,9.75,
2026-09-18T13:17:18,2,1.378,10.24,9.7210,26.9,1.390,11.21,4.08,-59,9.75,
2026-09-18T13:17:19,2,1.418,13.40,9.7240,25.9,1.392,11.34,4.07,-59,10.00,
2026-09-18T13:17:20,2,1.410,12.82,9.7250,26.9,1.389,11.14,4.09,-59,9.50,
2026-09-18T13:17:21,2,1.379,10.31,9.7240,26.9,1.390,11.21,4.08,-59,10.00,
2026-09-18T13:17:22,2,1.418,13.40,9.7260,25.9,1.389,11.14,4.07,-59,10.00,
2026-09-18T13:17:23,2,1.406,12.50,9.7340,25.9,1.388,11.02,4.09,-58,9.75,
2026-09-18T13:17:25,2,1.379,10.31,9.7310,25.9,1.388,11.08,4.09,-59,9.75,
2026-09-18T13:17:26,2,1.417,13.34,9.7380,25.9,1.392,11.34,4.07,-59,9.50,
2026-09-18T13:17:27,2,1.409,12.76,9.7370,25.9,1.389,11.14,4.09,-59,10.00,
2026-09-18T13:17:28,2,1.380,10.37,9.7360,25.9,1.391,11.27,4.09,-59,9.75,
2026-09-18T13:17:29,2,1.414,13.14,9.7380,25.9,1.389,11.14,4.09,-59,9.50,
2026-09-18T13:17:30,2,1.409,12.76,9.7420,25.9,1.391,11.27,4.10,-59,9.25,
2026-09-18T13:17:31,2,1.376,10.11,9.7410,25.9,1.389,11.14,4.09,-59,9.75,
2026-09-18T13:17:32,2,1.413,13.01,9.7410,25.9,1.388,11.08,4.09,-59,10.25,
2026-09-18T13:17:33,2,1.375,9.98,9.7430,26.9,1.388,11.02,4.11,-62,9.50,
2026-09-18T13:17:34,2,1.377,10.18,9.7430,26.9,1.390,11.21,4.09,-61,10.00,
2026-09-18T13:17:39,2,1.411,12.88,9.7330,25.9,1.388,11.02,4.09,-55,4.25,
2026-09-18T13:17:40,2,1.376,10.11,9.7330,25.9,1.392,11.34,4.09,-54,4.50,
2026-09-18T13:17:41,2,1.376,10.11,9.7310,25.9,1.388,11.08,4.09,-55,5.00,
2026-09-18T13:17:42,2,1.409,12.69,9.7310,25.9,1.389,11.14,4.10,-60,9.50,
2026-09-18T13:17:43,2,1.379,10.31,9.7260,25.9,1.388,11.08,4.09,-60,10.00,
2026-09-18T13:17:44,2,1.377,10.18,9.7230,25.9,1.388,11.08,4.08,-61,9.50,
2026-09-18T13:17:45,2,1.409,12.69,9.7240,25.9,1.389,11.14,4.09,-62,10.25,
2026-09-18T13:17:46,2,1.380,10.37,9.7220,25.9,1.389,11.14,4.09,-59,10.00,
2026-09-18T13:17:47,2,1.422,13.72,9.7220,25.9,1.389,11.14,4.07,-61,10.00,
2026-09-18T13:17:48,2,1.409,12.69,9.7220,25.9,1.386,10.89,4.09,-61,10.00,
2026-09-18T13:17:49,2,1.377,10.18,9.7220,25.9,1.389,11.14,4.09,-61,10.00,
2026-09-18T13:17:51,2,1.418,13.47,9.7220,25.9,1.388,11.02,4.07,-61,9.75,
2026-09-18T13:17:52,2,1.406,12.50,9.7220,25.9,1.388,11.02,4.09,-61,9.75,
2026-09-18T13:17:53,2,1.376,10.05,9.7230,25.9,1.388,11.02,4.09,-61,10.25,
2026-09-18T13:17:54,2,1.415,13.21,9.7270,25.9,1.386,10.89,4.09,-61,10.00,
2026-09-18T13:17:55,2,1.409,12.69,9.7260,25.9,1.389,11.14,4.09,-61,9.75,
2026-09-18T13:17:56,2,1.376,10.05,9.7280,25.9,1.390,11.21,4.09,-61,10.00,
2026-09-18T13:17:57,2,1.414,13.14,9.7310,25.9,1.388,11.08,4.09,-61,10.00,
2026-09-18T13:17:58,2,1.406,12.50,9.7310,26.9,1.384,10.76,4.09,-60,10.00,
2026-09-18T13:17:59,2,1.378,10.24,9.7300,26.9,1.388,11.08,4.09,-61,10.25,
2026-09-18T13:18:00,2,1.412,12.95,9.7310,26.9,1.388,11.08,4.09,-61,10.25,
2026-09-18T13:18:01,2,1.376,10.05,9.7320,25.9,1.388,11.08,4.11,-60,10.00,
2026-09-18T13:18:03,2,1.380,10.44,9.7340,25.9,1.390,11.21,4.09,-61,10.00,
2026-09-18T13:18:04,2,1.411,12.88,9.7380,26.9,1.390,11.21,4.10,-60,9.75,
2026-09-18T13:18:05,2,1.380,10.44,9.7400,26.9,1.389,11.14,4.08,-60,9.75,
2026-09-18T13:18:06,2,1.380,10.44,9.7380,25.9,1.388,11.08,4.09,-60,10.00,
2026-09-18T13:18:07,2,1.412,12.95,9.7440,26.9,1.389,11.14,4.09,-60,10.25,
2026-09-18T13:18:08,2,1.376,10.11,9.7430,25.9,1.389,11.14,4.09,-60,10.00,
2026-09-18T13:18:09,2,1.375,9.98,9.7460,26.9,1.390,11.21,4.09,-60,9.50,
2026-09-18T13:18:10,2,1.409,12.76,9.7410,26.9,1.388,11.02,4.09,-60,9.25,
2026-09-18T13:18:15,2,1.379,10.31,9.7370,26.9,1.391,11.27,4.09,-56,5.25,
2026-09-18T13:18:16,2,1.418,13.47,9.7330,25.9,1.388,11.08,4.08,-56,4.75,
2026-09-18T13:18:17,2,1.408,12.63,9.7320,25.9,1.386,10.89,4.09,-56,7.00,
2026-09-18T13:18:18,2,1.378,10.24,9.7320,25.9,1.389,11.14,4.09,-61,9.75,
2026-09-18T13:18:19,2,1.417,13.34,9.7320,25.9,1.380,10.44,4.09,-61,9.75,
2026-09-18T13:18:20,2,1.410,12.82,9.7300,25.9,1.389,11.14,4.09,-60,10.00,
2026-09-18T13:18:21,2,1.377,10.18,9.7300,26.9,1.388,11.02,4.09,-61,9.75,
2026-09-18T13:18:22,2,1.415,13.21,9.7330,25.9,1.391,11.27,4.09,-61,10.00,
2026-09-18T13:18:23,2,1.409,12.69,9.7340,25.9,1.387,10.95,4.09,-61,9.75,
2026-09-18T13:18:24,2,1.379,10.31,9.7340,26.9,1.390,11.21,4.09,-60,10.00,
2026-09-18T13:18:25,2,1.413,13.01,9.7320,26.9,1.389,11.14,4.09,-60,9.75,
2026-09-18T13:18:26,2,1.380,10.44,9.7290,25.9,1.390,11.21,4.09,-61,10.25,
2026-09-18T13:18:28,2,1.378,10.24,9.7360,26.9,1.390,11.21,4.09,-61,9.50,
2026-09-18T13:18:29,2,1.413,13.08,9.7310,26.9,1.389,11.14,4.09,-60,9.75,
2026-09-18T13:18:30,2,1.373,9.85,9.7360,26.9,1.388,11.08,4.08,-61,9.75,
2026-09-18T13:18:31,2,1.377,10.18,9.7390,26.9,1.388,11.08,4.10,-60,9.25,
2026-09-18T13:18:32,2,1.413,13.01,9.7350,25.9,1.392,11.34,4.09,-60,10.00,
2026-09-18T13:18:33,2,1.380,10.37,9.7380,26.9,1.388,11.02,4.08,-61,9.75,
2026-09-18T13:18:34,2,1.371,9.66,9.7370,26.9,1.390,11.21,4.08,-61,9.25,
2026-09-18T13:18:35,2,1.409,12.76,9.7320,26.9,1.389,11.14,4.09,-60,9.75,
2026-09-18T13:18:36,2,1.379,10.31,9.7380,26.9,1.389,11.14,4.09,-60,10.00,
2026-09-18T13:18:37,2,1.374,9.92,9.7400,26.9,1.388,11.02,4.11,-60,9.50,
2026-09-18T13:18:38,2,1.411,12.88,9.7370,26.9,1.388,11.02,4.09,-60,10.00,
2026-09-18T13:18:40,2,1.381,10.50,9.7370,26.9,1.388,11.02,4.09,-60,9.50,
2026-09-18T13:18:41,2,1.418,13.40,9.7350,26.9,1.389,11.14,4.08,-60,10.00,
2026-09-18T13:18:42,2,1.409,12.69,9.7360,26.9,1.391,11.27,4.09,-61,10.25,
2026-09-18T13:18:43,2,1.377,10.18,9.7310,26.9,1.388,11.08,4.09,-61,10.50,
2026-09-18T13:18:44,2,1.418,13.47,9.7290,26.9,1.388,11.08,4.09,-60,10.25,
2026-09-18T13:18:45,2,1.411,12.88,9.7290,26.9,1.386,10.89,4.09,-60,9.75,
2026-09-18T13:18:46,2,1.378,10.24,9.7300,26.9,1.392,11.34,4.09,-60,10.00,
2026-09-18T13:18:50,2,1.413,13.01,9.7270,26.9,1.388,11.08,4.09,-55,4.50,
2026-09-18T13:18:51,2,1.411,12.88,9.7310,26.9,1.383,10.63,4.07,-55,4.25,
2026-09-18T13:18:53,2,1.378,10.24,9.7350,26.9,1.388,11.08,4.09,-54,7.25,
2026-09-18T13:18:54,2,1.411,12.88,9.7340,26.9,1.388,11.08,4.09,-60,9.75,
2026-09-18T13:18:55,2,1.375,9.98,9.7400,26.9,1.385,10.82,4.08,-61,9.75,
2026-09-18T13:18:56,2,1.376,10.11,9.7340,26.9,1.384,10.76,4.09,-61,9.75,
2026-09-18T13:18:57,2,1.416,13.27,9.7300,26.9,1.389,11.14,4.09,-60,9.75,
2026-09-18T13:18:58,2,1.377,10.18,9.7340,26.9,1.388,11.02,4.09,-60,9.75,
2026-09-18T13:18:59,2,1.378,10.24,9.7350,26.9,1.384,10.76,4.11,-61,10.00,
2026-09-18T13:19:00,2,1.411,12.88,9.7410,25.9,1.388,11.02,4.09,-63,10.75,
2026-09-18T13:19:01,2,1.378,10.24,9.7370,26.9,1.387,10.95,4.09,-63,9.75,
2026-09-18T13:19:02,2,1.377,10.18,9.7340,26.9,1.388,11.08,4.11,-64,9.75,
2026-09-18T13:19:03,2,1.409,12.76,9.7400,26.9,1.389,11.14,4.09,-62,9.75,
2026-09-18T13:19:05,2,1.377,10.18,9.7470,26.9,1.388,11.08,4.09,-67,10.50,
2026-09-18T13:19:06,2,1.423,13.85,9.7460,26.9,1.392,11.34,4.08,-67,10.00,
2026-09-18T13:19:07,2,1.409,12.76,9.7480,26.9,1.388,11.02,4.10,-64,9.75,
2026-09-18T13:19:08,2,1.378,10.24,9.7480,26.9,1.388,11.08,4.09,-61,10.00,
2026-09-18T13:19:09,2,1.421,13.66,9.7520,26.9,1.388,11.02,4.09,-61,9.75,
2026-09-18T13:19:10,2,1.412,12.95,9.7600,26.9,1.391,11.27,4.07,-61,9.75,
2026-09-18T13:19:11,2,1.381,10.50,9.7590,26.9,1.388,11.08,4.09,-61,10.50,
2026-09-18T13:19:12,2,1.415,13.21,9.7580,25.9,1.387,10.95,4.09,-61,10.00,
2026-09-18T13:19:13,2,1.417,13.34,9.7570,26.9,1.392,11.34,4.07,-62,10.25,
2026-09-18T13:19:14,2,1.376,10.11,9.7570,26.9,1.389,11.14,4.09,-61,10.00,
2026-09-18T13:19:15,2,1.426,14.05,9.7540,26.9,1.389,11.14,4.09,-60,10.00,
2026-09-18T13:19:16,2,1.411,12.88,9.7520,26.9,1.391,11.27,4.06,-62,9.75,
2026-09-18T13:19:18,2,1.382,10.56,9.7490,26.9,1.387,10.95,4.09,-62,11.75,
2026-09-18T13:19:19,2,1.413,13.08,9.7490,26.9,1.382,10.56,4.09,-64,10.00,
2026-09-18T13:19:20,2,1.388,11.08,9.7490,26.9,1.388,11.08,4.09,-65,10.25,
2026-09-18T13:19:21,2,1.376,10.11,9.7570,26.9,1.384,10.76,4.11,-64,9.25,
2026-09-18T13:19:22,2,1.412,12.95,9.7550,26.9,1.388,11.02,4.09,-64,9.50,
2026-09-18T13:19:26,2,1.379,10.31,9.7520,26.9,1.388,11.08,4.09,-58,9.25,
2026-09-18T13:19:27,2,1.376,10.05,9.7500,26.9,1.386,10.89,4.11,-58,9.25,
2026-09-18T13:19:28,2,1.410,12.82,9.7430,26.9,1.390,11.21,4.09,-57,9.75,
2026-09-18T13:19:30,2,1.380,10.44,9.7370,26.9,1.388,11.08,4.09,-61,10.25,
2026-09-18T13:19:31,2,1.422,13.79,9.7350,26.9,1.393,11.40,4.08,-63,10.25,
2026-09-18T13:19:32,2,1.413,13.01,9.7340,26.9,1.391,11.27,4.07,-62,9.75,
2026-09-18T13:19:33,2,1.379,10.31,9.7340,26.9,1.388,11.08,4.09,-61,10.25,
2026-09-18T13:19:34,2,1.418,13.47,9.7360,26.9,1.390,11.21,4.09,-66,9.75,
2026-09-18T13:19:35,2,1.413,13.08,9.7380,26.9,1.391,11.27,4.07,-63,10.00,
2026-09-18T13:19:36,2,1.377,10.18,9.7370,26.9,1.388,11.02,4.09,-60,10.25,
2026-09-18T13:19:37,2,1.417,13.34,9.7400,26.9,1.388,11.08,4.09,-61,9.75,
2026-09-18T13:19:38,2,1.409,12.69,9.7410,26.9,1.392,11.34,4.07,-59,9.50,
2026-09-18T13:19:39,2,1.378,10.24,9.7370,26.9,1.388,11.02,4.09,-58,9.50,
2026-09-18T13:19:40,2,1.414,13.14,9.7330,26.9,1.388,11.08,4.08,-59,9.75,
2026-09-18T13:19:41,2,1.405,12.37,9.7290,26.9,1.392,11.34,4.07,-59,9.75,
2026-09-18T13:19:43,2,1.376,10.11,9.7270,26.9,1.387,10.95,4.11,-59,9.25,
2026-09-18T13:19:44,2,1.411,12.88,9.7240,26.9,1.389,11.14,4.09,-58,9.75,
2026-09-18T13:19:45,2,1.378,10.24,9.7250,26.9,1.388,11.02,4.08,-59,9.75,
2026-09-18T13:19:46,2,1.376,10.11,9.7260,26.9,1.391,11.27,4.11,-59,9.25,
2026-09-18T13:19:47,2,1.411,12.88,9.7220,26.9,1.388,11.08,4.09,-58,10.25,
2026-09-18T13:19:48,2,1.377,10.18,9.7260,26.9,1.388,11.02,4.09,-58,9.75,
2026-09-18T13:19:49,2,1.376,10.05,9.7260,26.9,1.385,10.82,4.11,-59,9.50,
2026-09-18T13:19:50,2,1.409,12.69,9.7230,26.9,1.392,11.34,4.07,-58,9.75,
2026-09-18T13:19:51,2,1.377,10.18,9.7230,26.9,1.391,11.27,4.09,-59,10.00,
2026-09-18T13:19:52,2,1.374,9.92,9.7260,26.9,1.390,11.21,4.11,-59,9.50,
2026-09-18T13:19:53,2,1.412,12.95,9.7230,26.9,1.392,11.34,4.06,-58,9.50,
2026-09-18T13:19:55,2,1.378,10.24,9.7260,26.9,1.385,10.82,4.09,-59,9.75,
2026-09-18T13:19:56,2,1.422,13.79,9.7300,26.9,1.390,11.21,4.09,-59,9.75,
2026-09-18T13:19:57,2,1.410,12.82,9.7290,25.9,1.393,11.47,4.07,-58,9.75,
2026-09-18T13:19:58,2,1.376,10.11,9.7320,25.9,1.390,11.21,4.09,-58,9.50,
2026-09-18T13:20:02,2,1.413,13.08,9.7350,26.9,1.388,11.08,4.09,-53,5.00,
2026-09-18T13:20:03,2,1.411,12.88,9.7350,26.9,1.393,11.40,4.07,-53,4.75,
2026-09-18T13:20:04,2,1.378,10.24,9.7350,26.9,1.388,11.08,4.11,-53,8.50,
2026-09-18T13:20:05,2,1.413,13.01,9.7340,26.9,1.389,11.14,4.09,-58,10.00,
2026-09-18T13:20:06,2,1.413,13.01,9.7350,25.9,1.391,11.27,4.07,-59,9.50,
2026-09-18T13:20:08,2,1.376,10.11,9.7370,26.9,1.388,11.02,4.11,-59,9.25,
2026-09-18T13:20:09,2,1.413,13.08,9.7340,26.9,1.388,11.02,4.09,-59,9.50,
2026-09-18T13:20:10,2,1.378,10.24,9.7410,26.9,1.392,11.34,4.09,-58,9.25,
2026-09-18T13:20:11,2,1.375,9.98,9.7380,26.9,1.389,11.14,4.11,-59,9.25,
2026-09-18T13:20:12,2,1.413,13.08,9.7350,26.9,1.393,11.40,4.06,-59,9.75,
2026-09-18T13:20:13,2,1.376,10.11,9.7350,26.9,1.389,11.14,4.09,-58,9.75,
2026-09-18T13:20:14,2,1.375,9.98,9.7330,26.9,1.387,10.95,4.11,-59,9.25,
2026-09-18T13:20:15,2,1.413,13.01,9.7290,26.9,1.392,11.34,4.07,-59,9.25,
2026-09-18T13:20:16,2,1.376,10.05,9.7260,25.9,1.390,11.21,4.09,-58,9.75,
2026-09-18T13:20:17,2,1.378,10.24,9.7250,26.9,1.388,11.02,4.11,-59,9.50,
2026-09-18T13:20:18,2,1.411,12.88,9.7260,26.9,1.391,11.27,4.07,-59,9.50,
2026-09-18T13:20:20,2,1.376,10.11,9.7270,25.9,1.388,11.08,4.09,-58,10.00,
2026-09-18T13:20:21,2,1.376,10.11,9.7300,25.9,1.385,10.82,4.11,-59,9.50,
2026-09-18T13:20:22,2,1.410,12.82,9.7310,25.9,1.390,11.21,4.07,-58,9.50,
2026-09-18T13:20:23,2,1.376,10.11,9.7320,25.9,1.388,11.08,4.10,-59,9.50,
2026-09-18T13:20:24,2,1.422,13.79,9.7380,25.9,1.388,11.02,4.08,-59,9.50,
2026-09-18T13:20:25,2,1.409,12.69,9.7360,26.9,1.391,11.27,4.07,-58,9.50,
2026-09-18T13:20:26,2,1.378,10.24,9.7340,26.9,1.388,11.02,4.11,-59,9.25,
2026-09-18T13:20:27,2,1.415,13.21,9.7380,26.9,1.388,11.02,4.08,-59,9.50,
2026-09-18T13:20:28,2,1.411,12.88,9.7340,26.9,1.393,11.47,4.07,-58,9.75,
2026-09-18T13:20:29,2,1.376,10.11,9.7350,26.9,1.384,10.76,4.11,-59,9.25,
2026-09-18T13:20:30,2,1.415,13.21,9.7300,26.9,1.388,11.08,4.09,-59,10.00,
2026-09-18T13:20:31,2,1.409,12.69,9.7310,26.9,1.390,11.21,4.07,-58,9.50,
2026-09-18T13:20:33,2,1.377,10.18,9.7330,26.9,1.387,10.95,4.11,-59,9.25,
2026-09-18T13:20:34,2,1.414,13.14,9.7360,25.9,1.389,11.14,4.05,-58,9.50,
2026-09-18T13:20:38,2,1.377,10.18,9.7350,26.9,1.386,10.89,4.09,-53,5.50,
2026-09-18T13:20:39,2,1.376,10.11,9.7340,26.9,1.388,11.08,4.11,-53,5.75,
2026-09-18T13:20:40,2,1.414,13.14,9.7300,26.9,1.391,11.27,4.07,-54,7.50,
2026-09-18T13:20:41,2,1.378,10.24,9.7260,26.9,1.388,11.08,4.09,-59,10.25,
2026-09-18T13:20:42,2,1.376,10.11,9.7240,26.9,1.388,11.08,4.11,-59,9.50,
2026-09-18T13:20:43,2,1.413,13.01,9.7230,26.9,1.388,11.08,4.07,-58,9.75,
2026-09-18T13:20:45,2,1.375,9.98,9.7190,26.9,1.387,10.95,4.11,-58,9.25,
2026-09-18T13:20:46,2,1.376,10.05,9.7200,26.9,1.388,11.02,4.11,-59,9.50,
2026-09-18T13:20:47,2,1.410,12.82,9.7160,26.9,1.388,11.08,4.07,-59,9.50,
2026-09-18T13:20:48,2,1.376,10.05,9.7170,26.9,1.388,11.02,4.11,-59,9.25,
2026-09-18T13:20:49,2,1.415,13.21,9.7180,26.9,1.389,11.14,4.09,-59,10.00,
2026-09-18T13:20:50,2,1.409,12.76,9.7140,26.9,1.390,11.21,4.07,-59,9.50,
2026-09-18T13:20:51,2,1.376,10.11,9.7120,26.9,1.388,11.08,4.11,-59,9.25,
2026-09-18T13:20:52,2,1.420,13.59,9.7180,26.9,1.390,11.21,4.08,-59,10.00,
2026-09-18T13:20:53,2,1.409,12.76,9.7190,26.9,1.393,11.40,4.07,-59,9.75,
2026-09-18T13:20:54,2,1.377,10.18,9.7190,26.9,1.386,10.89,4.11,-60,10.00,
2026-09-18T13:20:55,2,1.415,13.21,9.7170,26.9,1.392,11.34,4.06,-59,9.50,
2026-09-18T13:20:56,2,1.411,12.88,9.7160,26.9,1.391,11.27,4.07,-59,9.50,
2026-09-18T13:20:58,2,1.377,10.18,9.7170,25.9,1.387,10.95,4.11,-59,9.50,
2026-09-18T13:20:59,2,1.416,13.27,9.7160,26.9,1.395,11.60,4.06,-60,9.75,
2026-09-18T13:21:00,2,1.409,12.76,9.7220,25.9,1.390,11.21,4.07,-59,9.50,
2026-09-18T13:21:01,2,1.376,10.05,9.7220,25.9,1.389,11.14,4.11,-59,9.25,
2026-09-18T13:21:02,2,1.413,13.08,9.7280,25.9,1.392,11.34,4.07,-59,9.75,
2026-09-18T13:21:03,2,1.378,10.24,9.7240,25.9,1.389,11.14,4.09,-61,9.75,
2026-09-18T13:21:04,2,1.377,10.18,9.7190,25.9,1.388,11.02,4.11,-60,9.75,
2026-09-18T13:21:05,2,1.414,13.14,9.7220,25.9,1.393,11.40,4.06,-63,9.50,
2026-09-18T13:21:06,2,1.376,10.11,9.7210,25.9,1.385,10.82,4.11,-63,9.75,
2026-09-18T13:21:07,2,1.376,10.05,9.7210,25.9,1.381,10.50,4.10,-63,9.75,
2026-09-18T13:21:08,2,1.412,12.95,9.7230,25.9,1.392,11.34,4.07,-62,10.25,
2026-09-18T13:21:10,2,1.377,10.18,9.7270,25.9,1.387,10.95,4.10,-60,9.50,
2026-09-18T13:21:14,2,1.420,13.59,9.7170,25.9,1.388,11.02,4.09,-54,8.00,
2026-09-18T13:21:15,2,1.409,12.69,9.7200,25.9,1.392,11.34,4.07,-54,8.00,
2026-09-18T13:21:16,2,1.376,10.11,9.7180,25.9,1.387,10.95,4.11,-59,9.50,
2026-09-18T13:21:17,2,1.420,13.59,9.7180,26.9,1.388,11.08,4.06,-59,9.75,
2026-09-18T13:21:18,2,1.411,12.88,9.7130,25.9,1.390,11.21,4.07,-59,9.75,
2026-09-18T13:21:19,2,1.372,9.73,9.7130,26.9,1.388,11.02,4.10,-60,9.50,
2026-09-18T13:21:20,2,1.417,13.34,9.7110,25.9,1.393,11.40,4.06,-59,9.75,
2026-09-18T13:21:21,2,1.408,12.63,9.7090,25.9,1.387,10.95,4.07,-59,9.75,
2026-09-18T13:21:23,2,1.376,10.05,9.7130,25.9,1.386,10.89,4.10,-60,9.75,
2026-09-18T13:21:24,2,1.414,13.14,9.7180,25.9,1.389,11.14,4.06,-59,9.75,
2026-09-18T13:21:25,2,1.409,12.76,9.7180,25.9,1.392,11.34,4.07,-59,10.00,
2026-09-18T13:21:26,2,1.376,10.05,9.7190,25.9,1.384,10.76,4.10,-59,9.75,
2026-09-18T13:21:27,2,1.414,13.14,9.7200,25.9,1.390,11.21,4.07,-59,10.00,
2026-09-18T13:21:28,2,1.377,10.18,9.7180,25.9,1.387,10.95,4.11,-59,9.50,
2026-09-18T13:21:29,2,1.384,10.76,9.7250,25.9,1.000,10.95,4.11,-60,6.25,
2026-09-18T13:21:30,2,1.413,13.01,9.7250,25.9,1.393,11.40,4.06,-60,7.50,
2026-09-18T13:21:31,2,1.376,10.11,9.7220,25.9,1.388,11.08,4.11,-59,9.50,
2026-09-18T13:21:32,2,1.374,9.92,9.7280,25.9,1.387,10.95,4.10,-60,9.75,
2026-09-18T13:21:33,2,1.412,12.95,9.7250,25.9,1.392,11.34,4.07,-59,9.75,
2026-09-18T13:21:35,2,1.376,10.11,9.7270,25.9,1.388,11.08,4.10,-59,9.50,
2026-09-18T13:21:36,2,1.376,10.05,9.7260,25.9,1.386,10.89,4.10,-59,9.75,
2026-09-18T13:21:37,2,1.401,12.05,9.7280,25.9,1.389,11.14,4.07,-58,9.50,
2026-09-18T13:21:38,2,1.376,10.11,9.7330,25.9,1.386,10.89,4.11,-60,9.75,
2026-09-18T13:21:39,2,1.418,13.40,9.7320,26.9,1.390,11.21,4.07,-60,9.75,
2026-09-18T13:21:40,2,1.407,12.56,9.7320,25.9,1.389,11.14,4.07,-60,9.75,
2026-09-18T13:21:41,2,1.376,10.05,9.7340,25.9,1.388,11.02,4.10,-60,9.50,
2026-09-18T13:21:42,2,1.422,13.72,9.7330,25.9,1.392,11.34,4.06,-60,10.00,
2026-09-18T13:21:43,2,1.410,12.82,9.7310,25.9,1.390,11.21,4.07,-60,9.75,
2026-09-18T13:21:44,2,1.376,10.05,9.7310,25.9,1.386,10.89,4.11,-60,10.00,
2026-09-18T13:21:45,2,1.419,13.53,9.7300,25.9,1.392,11.34,4.06,-59,9.75,
2026-09-18T13:21:50,2,1.409,12.69,9.7180,25.9,1.388,11.08,4.09,-56,9.00,
2026-09-18T13:21:51,2,1.375,9.98,9.7190,25.9,1.385,10.82,4.11,-57,9.00,
2026-09-18T13:21:52,2,1.415,13.21,9.7140,25.9,1.389,11.14,4.07,-60,10.00,
2026-09-18T13:21:53,2,1.374,9.92,9.7210,25.9,1.385,10.82,4.11,-61,9.75,
2026-09-18T13:21:54,2,1.376,10.11,9.7200,25.9,1.385,10.82,4.11,-60,9.75,
2026-09-18T13:21:55,2,1.413,13.01,9.7210,25.9,1.391,11.27,4.07,-58,9.50,
2026-09-18T13:21:56,2,1.376,10.05,9.7270,25.9,1.384,10.76,4.11,-59,9.25,
2026-09-18T13:21:57,2,1.372,9.79,9.7270,25.9,1.388,11.02,4.11,-59,9.50,
2026-09-18T13:21:58,2,1.413,13.01,9.7300,25.9,1.393,11.40,4.07,-58,9.50,
2026-09-18T13:22:00,2,1.377,10.18,9.7270,25.9,1.387,10.95,4.11,-59,9.50,
2026-09-18T13:22:01,2,1.377,10.18,9.7240,25.9,1.389,11.14,4.09,-60,10.25,
2026-09-18T13:22:03,2,1.376,10.05,9.7260,25.9,1.386,10.89,4.11,-60,9.50,
2026-09-18T13:22:04,2,1.411,12.88,9.7240,25.9,1.391,11.27,4.09,-60,10.00,
2026-09-18T13:22:05,2,1.413,13.01,9.7270,25.9,1.393,11.47,4.06,-60,9.75,
2026-09-18T13:22:06,2,1.374,9.92,9.7250,25.9,1.388,11.02,4.11,-60,10.00,
2026-09-18T13:22:07,2,1.421,13.66,9.7260,25.9,1.391,11.27,4.06,-60,10.50,
2026-09-18T13:22:08,2,1.411,12.88,9.7280,26.9,1.393,11.47,4.07,-60,10.50,
2026-09-18T13:22:09,2,1.372,9.79,9.7280,26.9,1.387,10.95,4.11,-61,10.00,
2026-09-18T13:22:10,2,1.417,13.34,9.7270,26.9,1.391,11.27,4.06,-60,9.75,
2026-09-18T13:22:12,2,1.410,12.82,9.7280,25.9,1.389,11.14,4.09,-60,9.75,
2026-09-18T13:22:13,2,1.376,10.11,9.7260,25.9,1.384,10.76,4.10,-60,9.25,
2026-09-18T13:22:14,2,1.417,13.34,9.7340,25.9,1.393,11.40,4.06,-60,10.00,
2026-09-18T13:22:15,2,1.409,12.69,9.7350,25.9,1.388,11.08,4.09,-60,10.25,
2026-09-18T13:22:16,2,1.377,10.18,9.7310,25.9,1.389,11.14,4.10,-60,9.25,
2026-09-18T13:22:17,2,1.413,13.08,9.7320,26.9,1.390,11.21,4.07,-60,10.25,
2026-09-18T13:22:18,2,1.377,10.18,9.7320,25.9,1.386,10.89,4.11,-60,7.00,
2026-09-18T13:22:19,2,1.376,10.11,9.7330,25.9,1.385,10.82,4.11,-60,10.00,
2026-09-18T13:22:20,2,1.415,13.21,9.7380,26.9,1.388,11.08,4.06,-60,10.25,
2026-09-18T13:22:21,2,1.377,10.18,9.7430,26.9,1.386,10.89,4.11,-60,9.75,
2026-09-18T13:22:26,2,1.379,10.31,9.7510,25.9,1.388,11.08,4.09,-58,9.75,
2026-09-18T13:22:27,2,1.413,13.08,9.7510,25.9,1.388,11.08,4.07,-57,10.00,
2026-09-18T13:22:28,2,1.376,10.05,9.7450,25.9,1.385,10.82,4.11,-60,9.50,
2026-09-18T13:22:29,2,1.407,12.56,9.7450,25.9,1.389,11.14,4.08,-60,10.00,
2026-09-18T13:22:30,2,1.410,12.82,9.7490,25.9,1.389,11.14,4.07,-60,9.50,
2026-09-18T13:22:31,2,1.378,10.24,9.7470,25.9,1.386,10.89,4.11,-60,9.50,
2026-09-18T13:22:32,2,1.420,13.59,9.7500,25.9,1.391,11.27,4.06,-60,9.75,
2026-09-18T13:22:33,2,1.411,12.88,9.7470,25.9,1.391,11.27,4.07,-60,9.75,
2026-09-18T13:22:34,2,1.380,10.44,9.7390,25.9,1.387,10.95,4.10,-60,9.00,
2026-09-18T13:22:35,2,1.418,13.47,9.7380,25.9,1.391,11.27,4.06,-60,9.75,
2026-09-18T13:22:37,2,1.409,12.69,9.7390,25.9,1.381,10.50,4.09,-60,9.75,
2026-09-18T13:22:38,2,1.375,9.98,9.7350,25.9,1.384,10.76,4.11,-61,9.50,
2026-09-18T13:22:39,2,1.416,13.27,9.7370,25.9,1.390,11.21,4.06,-60,10.00,
2026-09-18T13:22:40,2,1.409,12.69,9.7340,25.9,1.388,11.02,4.08,-60,10.25,
2026-09-18T13:22:41,2,1.375,9.98,9.7310,25.9,1.386,10.89,4.10,-61,9.75,
2026-09-18T13:22:42,2,1.413,13.08,9.7300,25.9,1.393,11.47,4.07,-60,10.00,
2026-09-18T13:22:43,2,1.376,10.05,9.7320,25.9,1.386,10.89,4.11,-61,10.00,
2026-09-18T13:22:44,2,1.377,10.18,9.7310,25.9,1.384,10.76,4.11,-60,9.50,
2026-09-18T13:22:45,2,1.413,13.08,9.7280,25.9,1.393,11.47,4.07,-60,9.75,
2026-09-18T13:22:46,2,1.375,9.98,9.7320,25.9,1.388,11.02,4.11,-61,9.50,
2026-09-18T13:22:47,2,1.381,10.50,9.7290,25.9,1.391,11.27,4.08,-60,10.00,
2026-09-18T13:22:48,2,1.412,12.95,9.7380,25.9,1.392,11.34,4.07,-61,10.00,
2026-09-18T13:22:50,2,1.377,10.18,9.7360,25.9,1.385,10.82,4.11,-60,9.25,
2026-09-18T13:22:51,2,1.379,10.31,9.7420,25.9,1.389,11.14,4.09,-60,10.00,
2026-09-18T13:22:52,2,1.412,12.95,9.7400,25.9,1.393,11.40,4.07,-61,9.75,
2026-09-18T13:22:53,2,1.378,10.24,9.7430,25.9,1.386,10.89,4.11,-61,9.75,
2026-09-18T13:22:54,2,1.379,10.31,9.7470,25.9,1.388,11.08,4.08,-62,9.75,
2026-09-18T13:22:55,2,1.410,12.82,9.7490,25.9,1.389,11.14,4.07,-61,9.50,
2026-09-18T13:22:56,2,1.376,10.05,9.7500,25.9,1.384,10.76,4.11,-61,9.75,
2026-09-18T13:23:00,2,1.419,13.53,9.7470,25.9,1.391,11.27,4.06,-57,9.75,
2026-09-18T13:23:02,2,1.407,12.56,9.7430,25.9,1.389,11.14,4.09,-56,9.75,
2026-09-18T13:23:03,2,1.377,10.18,9.7420,25.9,1.386,10.89,4.11,-56,9.25,
2026-09-18T13:23:04,2,1.414,13.14,9.7380,25.9,1.392,11.34,4.06,-60,10.50,
2026-09-18T13:23:05,2,1.409,12.69,9.7370,25.9,1.388,11.02,4.09,-60,9.75,
2026-09-18T13:23:06,2,1.378,10.24,9.7340,25.9,1.388,11.02,4.10,-60,9.50,
2026-09-18T13:23:07,2,1.413,13.08,9.7360,25.9,1.391,11.27,4.07,-62,9.75,
2026-09-18T13:23:08,2,1.408,12.63,9.7290,25.9,1.387,10.95,4.09,-59,10.00,
2026-09-18T13:23:09,2,1.377,10.18,9.7260,25.9,1.391,11.27,4.08,-60,10.00,
2026-09-18T13:23:10,2,1.412,12.95,9.7250,25.9,1.391,11.27,4.07,-61,10.00,
2026-09-18T13:23:11,2,1.377,10.18,9.7170,25.9,1.376,10.11,4.11,-60,9.50,
2026-09-18T13:23:12,2,1.375,9.98,9.7200,25.9,1.391,11.27,4.08,-61,9.50,
2026-09-18T13:23:13,2,1.413,13.01,9.7200,25.9,1.392,11.34,4.07,-60,10.25,
2026-09-18T13:23:15,2,1.376,10.05,9.7120,25.9,1.384,10.76,4.11,-60,9.25,
2026-09-18T13:23:16,2,1.377,10.18,9.7100,25.9,1.388,11.02,4.09,-60,9.75,
2026-09-18T13:23:17,2,1.411,12.88,9.7130,25.9,1.388,11.08,4.07,-60,10.00,
2026-09-18T13:23:18,2,1.376,10.11,9.7120,25.9,1.387,10.95,4.10,-59,9.00,
2026-09-18T13:23:19,2,1.376,10.05,9.7100,25.9,1.389,11.14,4.08,-60,9.75,
2026-09-18T13:23:20,2,1.410,12.82,9.7080,25.9,1.386,10.89,4.09,-61,9.75,
2026-09-18T13:23:21,2,1.378,10.24,9.7120,25.9,1.388,11.02,4.11,-61,9.75,
2026-09-18T13:23:22,2,1.420,13.59,9.7140,25.9,1.392,11.34,4.07,-61,9.50,
2026-09-18T13:23:23,2,1.409,12.76,9.7170,25.9,1.389,11.14,4.09,-61,10.25,
2026-09-18T13:23:24,2,1.375,9.98,9.7230,25.9,1.384,10.76,4.11,-62,9.50,
2026-09-18T13:23:25,2,1.430,14.43,9.7240,25.9,1.395,11.60,4.07,-62,10.00,
2026-09-18T13:23:27,2,1.409,12.76,9.7260,25.9,1.385,10.82,4.09,-61,9.75,
2026-09-18T13:23:28,2,1.376,10.05,9.7240,25.9,1.388,11.08,4.11,-60,10.00,
2026-09-18T13:23:29,2,1.417,13.34,9.7250,25.9,1.390,11.21,4.07,-61,10.00,
2026-09-18T13:23:30,2,1.412,12.95,9.7230,25.9,1.384,10.69,4.09,-60,10.00,
2026-09-18T13:23:31,2,1.379,10.31,9.7300,25.9,1.391,11.27,4.08,-61,9.50,
2026-09-18T13:23:32,2,1.416,13.27,9.7290,25.9,1.392,11.34,4.07,-62,10.25,
2026-09-18T13:23:36,2,1.376,10.11,9.7260,25.9,1.385,10.82,4.11,-53,6.00,
2026-09-18T13:23:37,2,1.378,10.24,9.7260,25.9,1.388,11.08,4.08,-55,7.75,
2026-09-18T13:23:38,2,1.415,13.21,9.7230,25.9,1.388,11.02,4.07,-55,9.50,
2026-09-18T13:23:40,2,1.376,10.11,9.7260,25.9,1.387,10.95,4.10,-60,9.50,
2026-09-18T13:23:41,2,1.378,10.24,9.7240,25.9,1.389,11.14,4.09,-59,7.25,
2026-09-18T13:23:42,2,1.412,12.95,9.7250,25.9,1.388,11.08,4.09,-59,10.00,
2026-09-18T13:23:43,2,1.374,9.92,9.7230,25.9,1.388,11.08,4.11,-60,9.75,
2026-09-18T13:23:44,2,1.378,10.24,9.7200,25.9,1.390,11.21,4.09,-59,10.75,
2026-09-18T13:23:45,2,1.410,12.82,9.7180,25.9,1.389,11.14,4.09,-59,9.75,
2026-09-18T13:23:46,2,1.373,9.85,9.7160,25.9,1.386,10.89,4.11,-60,9.75,
2026-09-18T13:23:47,2,1.377,10.18,9.7110,25.9,1.390,11.21,4.09,-60,9.50,
2026-09-18T13:23:48,2,1.409,12.69,9.7130,25.9,1.388,11.02,4.08,-59,10.00,
2026-09-18T13:23:49,2,1.372,9.79,9.7120,25.9,1.386,10.89,4.10,-61,10.00,
2026-09-18T13:23:50,2,1.422,13.79,9.7150,25.9,1.392,11.34,4.06,-60,9.75,
2026-09-18T13:23:52,2,1.408,12.63,9.7050,25.9,1.388,11.02,4.09,-58,9.50,
2026-09-18T13:23:53,2,1.376,10.05,9.7030,25.9,1.389,11.14,4.08,-60,7.25,
2026-09-18T13:23:54,2,1.420,13.59,9.7040,25.9,1.389,11.14,4.06,-60,9.75,
2026-09-18T13:23:55,2,1.412,12.95,9.7060,25.9,1.391,11.27,4.09,-59,10.25,
2026-09-18T13:23:56,2,1.376,10.11,9.7070,25.9,1.389,11.14,4.08,-66,9.75,
2026-09-18T13:23:57,2,1.419,13.53,9.7070,26.9,1.391,11.27,4.05,-59,9.25,
2026-09-18T13:23:58,2,1.409,12.69,9.7090,25.9,1.387,10.95,4.09,-58,9.75,
2026-09-18T13:23:59,2,1.377,10.18,9.7170,26.9,1.389,11.14,4.08,-58,9.75,
2026-09-18T13:24:00,2,1.413,13.08,9.7100,25.9,1.390,11.21,4.07,-59,9.75,
2026-09-18T13:24:01,2,1.410,12.82,9.7120,25.9,1.387,10.95,4.09,-60,9.75,
2026-09-18T13:24:02,2,1.381,10.50,9.7120,25.9,1.390,11.21,4.08,-60,9.50,
2026-09-18T13:24:03,2,1.413,13.01,9.7080,25.9,1.389,11.14,4.09,-62,10.00,
2026-09-18T13:24:05,2,1.373,9.85,9.7140,25.9,1.385,10.82,4.10,-59,9.50,
2026-09-18T13:24:06,2,1.379,10.31,9.7120,25.9,1.389,11.14,4.09,-59,10.00,
2026-09-18T13:24:07,2,1.409,12.76,9.7190,25.9,1.388,11.02,4.09,-60,10.00,
2026-09-18T13:24:08,2,1.376,10.11,9.7160,25.9,1.384,10.76,4.11,-61,9.50,
2026-09-18T13:24:12,2,1.378,10.24,9.7220,25.9,1.389,11.14,4.09,-56,3.75,
2026-09-18T13:24:13,2,1.411,12.88,9.7210,25.9,1.388,11.08,4.08,-57,7.00,
2026-09-18T13:24:14,2,1.379,10.31,9.7270,25.9,1.391,11.27,4.08,-62,10.25,
2026-09-18T13:24:15,2,1.426,14.05,9.7230,25.9,1.393,11.40,4.06,-62,10.25,
2026-09-18T13:24:17,2,1.409,12.76,9.7250,25.9,1.388,11.02,4.09,-62,10.50,
2026-09-18T13:24:18,2,1.376,10.11,9.7280,25.9,1.387,10.95,4.08,-62,10.00,
2026-09-18T13:24:19,2,1.420,13.59,9.7260,25.9,1.390,11.21,4.06,-62,9.75,
2026-09-18T13:24:20,2,1.409,12.76,9.7310,25.9,1.386,10.89,4.09,-62,10.25,
2026-09-18T13:24:21,2,1.376,10.05,9.7290,25.9,1.389,11.14,4.08,-62,10.00,
2026-09-18T13:24:22,2,1.417,13.34,9.7300,25.9,1.392,11.34,4.06,-62,10.00,
2026-09-18T13:24:23,2,1.409,12.76,9.7330,25.9,1.389,11.14,4.09,-61,10.25,
2026-09-18T13:24:24,2,1.377,10.18,9.7310,25.9,1.388,11.02,4.08,-61,10.00,
2026-09-18T13:24:25,2,1.413,13.08,9.7350,25.9,1.390,11.21,4.08,-62,10.00,
2026-09-18T13:24:26,2,1.407,12.56,9.7350,25.9,1.386,10.89,4.09,-61,10.00,
2026-09-18T13:24:27,2,1.379,10.31,9.7280,25.9,1.388,11.08,4.08,-62,9.75,
2026-09-18T13:24:28,2,1.411,12.88,9.7310,25.9,1.390,11.21,4.09,-61,10.00,
2026-09-18T13:24:30,2,1.376,10.05,9.7240,25.9,1.384,10.69,4.11,-61,9.75,
2026-09-18T13:24:31,2,1.380,10.37,9.7230,25.9,1.385,10.82,4.09,-61,10.00,
2026-09-18T13:24:32,2,1.413,13.08,9.7250,25.9,1.388,11.08,4.09,-61,10.00,
2026-09-18T13:24:33,2,1.377,10.18,9.7290,25.9,1.389,11.14,4.10,-61,9.75,
2026-09-18T13:24:34,2,1.377,10.18,9.7270,25.9,1.388,11.08,4.09,-61,9.75,
2026-09-18T13:24:35,2,1.410,12.82,9.7280,25.9,1.388,11.02,4.08,-61,9.50,
2026-09-18T13:24:36,2,1.376,10.11,9.7270,25.9,1.388,11.08,4.09,-62,10.25,
2026-09-18T13:24:38,2,1.412,12.95,9.7240,25.9,1.388,11.02,4.08,-61,9.50,
2026-09-18T13:24:39,2,1.378,10.24,9.7230,25.9,1.388,11.08,4.08,-61,9.75,
2026-09-18T13:24:40,2,1.380,10.37,9.7220,25.9,1.389,11.14,4.09,-61,10.25,
2026-09-18T13:24:42,2,1.410,12.82,9.7230,25.9,1.387,10.95,4.09,-62,9.50,
2026-09-18T13:24:43,2,1.377,10.18,9.7240,25.9,1.390,11.21,4.08,-62,10.00,
2026-09-18T13:24:44,2,1.424,13.92,9.7240,25.9,1.392,11.34,4.06,-62,10.00,
2026-09-18T13:24:48,2,1.411,12.88,9.7190,25.9,1.389,11.14,4.09,-56,5.50,
2026-09-18T13:24:49,2,1.380,10.44,9.7220,25.9,1.392,11.34,4.08,-57,5.75,
2026-09-18T13:24:50,2,1.418,13.40,9.7230,25.9,1.387,10.95,4.08,-61,10.00,
2026-09-18T13:24:51,2,1.409,12.69,9.7250,25.9,1.391,11.27,4.09,-62,10.00,
2026-09-18T13:24:52,2,1.377,10.18,9.7200,25.9,1.388,11.08,4.08,-62,10.00,
2026-09-18T13:24:53,2,1.416,13.27,9.7160,25.9,1.391,11.27,4.08,-62,10.00,
2026-09-18T13:24:55,2,1.408,12.63,9.7180,25.9,1.388,11.02,4.09,-61,9.75,
2026-09-18T13:24:56,2,1.375,9.98,9.7190,25.9,1.391,11.27,4.09,-62,10.00,
2026-09-18T13:24:57,2,1.412,12.95,9.7170,25.9,1.387,10.95,4.09,-59,9.75,
2026-09-18T13:24:58,2,9.000,10.11,9.0000,25.9,1.388,1.00,4.11,-59,5.50,
2026-09-18T13:24:59,2,1.377,10.18,9.7160,25.9,1.388,11.08,4.09,-60,12.25,
2026-09-18T13:25:00,2,1.412,12.95,9.7150,25.9,1.391,11.27,4.08,-59,10.25,
2026-09-18T13:25:01,2,1.377,10.18,9.7170,25.9,1.390,11.21,4.08,-59,10.00,
2026-09-18T13:25:02,2,1.376,10.11,9.7160,25.9,1.388,11.08,4.09,-59,9.50,
2026-09-18T13:25:03,2,1.411,12.88,9.7150,25.9,1.388,11.02,4.09,-59,11.00,
2026-09-18T13:25:04,2,1.376,10.11,9.7150,25.9,1.388,11.08,4.08,-59,10.25,
2026-09-18T13:25:05,2,1.370,9.60,9.7140,25.9,1.388,11.08,4.09,-60,9.75,
2026-09-18T13:25:07,2,1.409,12.76,9.7170,25.9,1.388,11.02,4.09,-57,10.00,
2026-09-18T13:25:08,2,1.376,10.11,9.7240,25.9,1.390,11.21,4.09,-57,6.75,
2026-09-18T13:25:09,2,1.378,10.24,9.7250,25.9,1.389,11.14,4.09,-55,10.00,
2026-09-18T13:25:10,2,1.409,12.69,9.7270,25.9,1.389,11.14,4.09,-55,10.00,
2026-09-18T13:25:11,2,1.377,10.18,9.7290,25.9,1.389,11.14,4.08,-59,10.00,4
2026-09-18T13:25:12,2,1.419,13.53,9.7290,25.9,1.384,10.69,4.08,-57,9.75,
2026-09-18T13:25:13,2,1.408,12.63,9.7300,25.9,1.387,10.95,4.08,-62,10.00,
2026-09-18T13:25:14,2,1.377,10.18,9.7250,25.9,1.388,11.02,4.08,-58,9.75,
2026-09-18T13:25:15,2,1.414,13.14,9.7220,25.9,1.387,10.95,4.08,-57,9.75,
2026-09-18T13:25:16,2,1.411,12.88,9.7270,26.9,1.387,10.95,4.09,-59,10.00,
2026-09-18T13:25:17,2,1.376,10.05,9.7310,25.9,1.388,11.08,4.08,-67,10.25,
2026-09-18T13:25:18,2,1.415,13.21,9.7310,25.9,1.388,11.08,4.09,-66,10.00,
2026-09-18T13:25:23,2,1.377,10.18,9.7210,25.9,1.389,11.14,4.08,-65,5.50,
2026-09-18T13:25:24,2,1.377,10.18,9.7210,25.9,1.389,11.14,4.09,-62,4.50,
2026-09-18T13:25:25,2,1.412,12.95,9.7210,25.9,1.389,11.14,4.09,-62,8.25,
2026-09-18T13:25:26,2,1.377,10.18,9.7190,25.9,1.392,11.34,4.08,-67,9.75,
2026-09-18T13:25:27,2,1.380,10.37,9.7180,25.9,1.388,11.02,4.09,-68,10.25,
2026-09-18T13:25:28,2,1.409,12.76,9.7180,25.9,1.388,11.08,4.09,-67,10.00,
2026-09-18T13:25:29,2,1.376,10.05,9.7170,25.9,1.390,11.21,4.09,-66,10.25,
2026-09-18T13:25:30,2,1.379,10.31,9.7200,25.9,1.387,10.95,4.08,-65,9.75,
2026-09-18T13:25:32,2,1.411,12.88,9.7190,25.9,1.392,11.34,4.09,-69,10.00,
2026-09-18T13:25:33,2,1.381,10.50,9.7270,25.9,1.391,11.27,4.08,-68,9.75,
2026-09-18T13:25:34,2,1.379,10.31,9.7450,25.9,1.387,10.95,4.11,-56,11.50,
2026-09-18T13:25:35,2,1.412,12.95,9.7720,25.9,1.389,11.14,4.09,-57,10.00,
2026-09-18T13:25:36,2,1.378,10.24,9.7950,25.9,1.393,11.40,4.09,-58,10.00,
2026-09-18T13:25:37,2,1.421,13.66,9.8110,25.9,1.388,11.08,4.09,-58,10.00,
2026-09-18T13:25:38,2,1.413,13.08,9.8250,25.9,1.394,11.53,4.08,-64,10.00,
2026-09-18T13:25:39,2,1.379,10.31,9.8460,25.9,1.392,11.34,4.09,-58,9.75,
2026-09-18T13:25:40,2,1.422,13.79,9.8610,25.9,1.390,11.21,4.08,-59,9.50,
2026-09-18T13:25:41,2,1.414,13.14,9.8750,25.9,1.391,11.27,4.08,-59,9.75,
2026-09-18T13:25:42,2,1.380,10.37,9.8850,25.9,1.393,11.40,4.09,-58,9.75,
2026-09-18T13:25:44,2,1.418,13.47,9.8980,25.9,1.393,11.40,4.08,-59,10.00,
2026-09-18T13:25:45,2,1.409,12.76,9.9200,25.9,1.397,11.72,4.06,-59,9.50,
2026-09-18T13:25:46,2,1.379,10.31,9.9290,25.9,1.384,10.76,4.09,-58,9.75,
2026-09-18T13:25:47,2,1.418,13.47,9.9390,25.9,1.393,11.40,4.08,-58,9.75,5
2026-09-18T13:25:48,2,1.412,12.95,9.9520,25.9,1.394,11.53,4.06,-56,10.00,
2026-09-18T13:25:49,2,1.380,10.37,9.9590,25.9,1.391,11.27,4.09,-56,10.00,
2026-09-18T13:25:50,2,1.416,13.27,9.9650,25.9,1.394,11.53,4.08,-57,10.00,
2026-09-18T13:25:51,2,1.383,10.63,9.9750,25.9,1.395,11.60,4.08,-56,9.50,
2026-09-18T13:25:52,2,1.377,10.18,9.9820,25.9,1.390,11.21,4.09,-57,10.25,
2026-09-18T13:25:53,2,1.414,13.14,9.9900,25.9,1.392,11.34,4.08,-59,10.25,
2026-09-18T13:25:54,2,1.380,10.37,9.9840,25.9,1.393,11.40,4.09,-57,10.25,
2026-09-18T13:25:59,2,1.380,10.37,9.9320,25.9,1.391,11.27,4.09,-51,7.00,
2026-09-18T13:26:00,2,1.412,12.95,9.9250,25.9,1.392,11.34,4.08,-50,6.25,
2026-09-18T13:26:01,2,1.379,10.31,9.9190,25.9,1.391,11.27,4.08,-56,9.75,
2026-09-18T13:26:02,2,1.380,10.37,9.9180,25.9,1.391,11.27,4.11,-59,9.25,
2026-09-18T13:26:03,2,1.413,13.08,9.9150,25.9,1.397,11.79,4.07,-59,9.25,
2026-09-18T13:26:04,2,1.383,10.63,9.9110,25.9,1.393,11.40,4.09,-59,9.75,
2026-09-18T13:26:05,2,1.427,14.17,9.9130,25.9,1.391,11.27,4.08,-59,10.25,
2026-09-18T13:26:06,2,1.413,13.08,9.9130,25.9,1.394,11.53,4.06,-59,9.50,
2026-09-18T13:26:07,2,1.380,10.37,9.9150,25.9,1.391,11.27,4.08,-59,9.75,
2026-09-18T13:26:09,2,1.419,13.53,9.9150,25.9,1.393,11.40,4.08,-58,9.25,
2026-09-18T13:26:10,2,1.412,12.95,9.9170,25.9,1.393,11.40,4.06,-59,9.25,
2026-09-18T13:26:11,2,1.380,10.37,9.9130,25.9,1.392,11.34,4.09,-59,9.25,
2026-09-18T13:26:12,2,1.417,13.34,9.9150,25.9,1.391,11.27,4.09,-58,9.75,
2026-09-18T13:26:13,2,1.412,12.95,9.9160,25.9,1.393,11.47,4.07,-59,9.75,
2026-09-18T13:26:14,2,1.379,10.31,9.9170,25.9,1.389,11.14,4.10,-59,9.25,
2026-09-18T13:26:15,2,1.416,13.27,9.9170,25.9,1.392,11.34,4.08,-58,9.25,
2026-09-18T13:26:16,2,1.411,12.88,9.9170,25.9,1.393,11.47,4.06,-58,9.50,
2026-09-18T13:26:17,2,1.380,10.37,9.9160,25.9,1.392,11.34,4.10,-59,9.50,
2026-09-18T13:26:18,2,1.417,13.34,9.9170,25.9,1.391,11.27,4.08,-59,10.00,
2026-09-18T13:26:19,2,1.378,10.24,9.9150,25.9,1.390,11.21,4.09,-59,9.50,
2026-09-18T13:26:20,2,1.379,10.31,9.9160,25.9,1.388,11.08,4.10,-58,9.50,
2026-09-18T13:26:22,2,1.414,13.14,9.9190,25.9,1.390,11.21,4.09,-58,9.75,
2026-09-18T13:26:23,2,1.381,10.50,9.9180,25.9,1.393,11.40,4.08,-59,9.50,
2026-09-18T13:26:24,2,1.375,9.98,9.9160,25.9,1.388,11.02,4.10,-58,9.75,
2026-09-18T13:26:25,2,1.414,13.14,9.9190,25.9,1.393,11.40,4.06,-59,9.75,
2026-09-18T13:26:26,2,1.383,10.63,9.9150,25.9,1.393,11.47,4.08,-58,9.75,
2026-09-18T13:26:27,2,1.377,10.18,9.9140,25.9,1.389,11.14,4.11,-58,9.25,
2026-09-18T13:26:28,2,1.415,13.21,9.9150,25.9,1.394,11.53,4.06,-58,9.25,
2026-09-18T13:26:29,2,1.382,10.56,9.9160,25.9,1.391,11.27,4.08,-59,9.50,
2026-09-18T13:26:30,2,1.418,13.47,9.9130,25.9,1.394,11.53,4.08,-59,9.50,
2026-09-18T13:26:35,2,1.403,12.24,9.9160,25.9,1.393,11.47,4.06,-55,9.50,
2026-09-18T13:26:36,2,1.378,10.24,9.9130,25.9,1.389,11.14,4.10,-55,9.25,
2026-09-18T13:26:37,2,1.419,13.53,9.9140,25.9,1.392,11.34,4.08,-59,9.75,
2026-09-18T13:26:38,2,1.413,13.08,9.9160,25.9,1.393,11.40,4.06,-59,9.25,
2026-09-18T13:26:39,2,1.379,10.31,9.9190,25.9,1.390,11.21,4.10,-58,9.50,
2026-09-18T13:26:40,2,1.418,13.40,9.9190,25.9,1.393,11.40,4.08,-58,9.50,
2026-09-18T13:26:41,2,1.413,13.01,9.9200,25.9,1.393,11.40,4.07,-59,9.50,
2026-09-18T13:26:42,2,1.380,10.37,9.9190,25.9,1.388,11.08,4.10,-58,9.25,
2026-09-18T13:26:43,2,1.415,13.21,9.9240,25.9,1.394,11.53,4.09,-59,9.25,
2026-09-18T13:26:44,2,1.380,10.44,9.9250,25.9,1.391,11.27,4.08,-59,9.75,
2026-09-18T13:26:45,2,1.380,10.37,9.9210,25.9,1.388,11.02,4.10,-58,9.50,
2026-09-18T13:26:47,2,1.414,13.14,9.9230,25.9,1.393,11.47,4.06,-58,9.75,
2026-09-18T13:26:48,2,1.388,11.02,9.9180,25.9,1.392,11.34,4.09,-59,9.50,
2026-09-18T13:26:49,2,1.378,10.24,9.9200,25.9,1.390,11.21,4.10,-58,9.25,
2026-09-18T13:26:50,2,1.414,13.14,9.9190,25.9,1.394,11.53,4.06,-59,9.25,
2026-09-18T13:26:51,2,1.379,10.31,9.9190,25.9,1.393,11.40,4.09,-59,9.50,
2026-09-18T13:26:52,2,1.377,10.18,9.9200,25.9,1.391,11.27,4.10,-58,9.25,
2026-09-18T13:26:53,2,1.415,13.21,9.9150,25.9,1.396,11.66,4.06,-59,9.50,
2026-09-18T13:26:54,2,1.382,10.56,9.9150,25.9,1.393,11.40,4.09,-58,9.75,
2026-09-18T13:26:55,2,1.377,10.18,9.9140,25.9,1.388,11.02,4.11,-59,9.50,
2026-09-18T13:26:56,2,1.413,13.08,9.9220,25.9,1.393,11.40,4.06,-59,9.50,
2026-09-18T13:26:57,2,1.378,10.24,9.9220,25.9,1.390,11.21,4.10,-59,9.50,
2026-09-18T13:26:59,2,1.425,13.98,9.9230,25.9,1.391,11.27,4.08,-59,9.50,
2026-09-18T13:27:00,2,1.414,13.14,9.9270,25.9,1.393,11.40,4.07,-59,9.75,
2026-09-18T13:27:01,2,1.381,10.50,9.9230,25.9,1.391,11.27,4.10,-59,9.25,
2026-09-18T13:27:02,2,1.420,13.59,9.9240,25.9,1.390,11.21,4.08,-58,9.75,
2026-09-18T13:27:03,2,1.414,13.14,9.9240,25.9,1.395,11.60,4.07,-59,10.00,
2026-09-18T13:27:04,2,1.377,10.18,9.9250,25.9,1.389,11.14,4.10,-59,9.75,
2026-09-18T13:27:05,2,1.418,13.40,9.9320,25.9,1.391,11.27,4.08,-59,9.75,
2026-09-18T13:27:09,2,1.381,10.50,9.9350,25.9,1.393,11.40,4.08,-55,9.50,
2026-09-18T13:27:10,2,1.384,10.76,9.9350,25.9,1.389,11.14,4.10,-55,9.25,
2026-09-18T13:27:12,2,1.415,13.21,9.9370,25.9,1.393,11.40,4.06,-56,9.75,
2026-09-18T13:27:13,2,1.379,10.31,9.9380,25.9,1.389,11.14,4.08,-59,9.50,
2026-09-18T13:27:14,2,1.380,10.37,9.9480,25.9,1.387,10.95,4.10,-59,9.00,
2026-09-18T13:27:15,2,1.415,13.21,9.9480,25.9,1.392,11.34,4.06,-59,9.50,
2026-09-18T13:27:16,2,1.379,10.31,9.9430,25.9,1.394,11.53,4.09,-59,9.75,
2026-09-18T13:27:17,2,1.379,10.31,9.9410,25.9,1.383,10.63,4.10,-59,9.50,
2026-09-18T13:27:18,2,1.414,13.14,9.9370,25.9,1.392,11.34,4.06,-59,9.50,
2026-09-18T13:27:19,2,1.376,10.11,9.9360,25.9,1.387,10.95,4.10,-59,9.00,
2026-09-18T13:27:20,2,1.378,10.24,9.9370,25.9,1.388,11.08,4.10,-59,9.00,
2026-09-18T13:27:21,2,1.413,13.08,9.9380,25.9,1.392,11.34,4.06,-59,9.75,
2026-09-18T13:27:22,2,1.379,10.31,9.9350,25.9,1.389,11.14,4.11,-59,9.25,
2026-09-18T13:27:24,2,1.428,14.24,9.9350,25.9,1.391,11.27,4.08,-59,9.75,
2026-09-18T13:27:25,2,1.413,13.01,9.9280,25.9,1.393,11.40,4.07,-59,9.75,
2026-09-18T13:27:26,2,1.377,10.18,9.9320,25.9,1.388,11.08,4.10,-59,9.50,
2026-09-18T13:27:27,2,1.422,13.72,9.9300,25.9,1.388,11.02,4.08,-58,10.00,
2026-09-18T13:27:28,2,1.413,13.08,9.9280,25.9,1.395,11.60,4.06,-59,9.50,
2026-09-18T13:27:29,2,1.380,10.44,9.9310,25.9,1.388,11.08,4.11,-59,9.25,
2026-09-18T13:27:30,2,1.419,13.53,9.9330,25.9,1.396,11.66,4.05,-59,9.75,
2026-09-18T13:27:31,2,1.412,12.95,9.9310,26.9,1.393,11.47,4.06,-59,12.00,
2026-09-18T13:27:32,2,1.379,10.31,9.9300,25.9,1.390,11.21,4.10,-58,9.25,
2026-09-18T13:27:33,2,1.418,13.40,9.9260,25.9,1.394,11.53,4.06,-59,9.50,
2026-09-18T13:27:34,2,1.384,10.69,9.9160,25.9,1.389,11.14,4.09,-58,9.75,
2026-09-18T13:27:35,2,1.379,10.31,9.9180,26.9,1.392,11.34,4.11,-58,9.75,
2026-09-18T13:27:37,2,1.416,13.27,9.9180,25.9,1.393,11.40,4.06,-58,9.50,
2026-09-18T13:27:38,2,1.382,10.56,9.9200,26.9,1.393,11.40,4.09,-58,9.75,
2026-09-18T13:27:39,2,1.378,10.24,9.9180,25.9,1.391,11.27,4.11,-58,9.75,
2026-09-18T13:27:40,2,1.418,13.40,9.9150,25.9,1.393,11.47,4.07,-59,9.00,
2026-09-18T13:27:41,2,1.379,10.31,9.9160,25.9,1.391,11.27,4.10,-58,9.50,
2026-09-18T13:27:45,2,1.380,10.44,9.9140,25.9,1.392,11.34,4.10,-55,9.50,
2026-09-18T13:27:46,2,1.414,13.14,9.9120,25.9,1.393,11.40,4.06,-55,9.50,
2026-09-18T13:27:47,2,1.378,10.24,9.9110,25.9,1.388,11.08,4.10,-55,9.50,
2026-09-18T13:27:49,2,1.426,14.05,9.9130,25.9,1.391,11.27,4.07,-59,9.75,
2026-09-18T13:27:50,2,1.414,13.14,9.9120,26.9,1.394,11.53,4.07,-59,9.25,
2026-09-18T13:27:51,2,1.378,10.24,9.9080,25.9,1.389,11.14,4.10,-58,9.50,
2026-09-18T13:27:52,2,1.426,14.05,9.9130,25.9,1.395,11.60,4.06,-59,9.25,
2026-09-18T13:27:53,2,1.413,13.01,9.9190,25.9,1.393,11.47,4.07,-59,10.00,
2026-09-18T13:27:54,2,1.379,10.31,9.9200,25.9,1.392,11.34,4.11,-58,9.50,
2026-09-18T13:27:55,2,1.422,13.79,9.9200,25.9,1.393,11.40,4.06,-58,9.50,
2026-09-18T13:27:56,2,1.414,13.14,9.9170,25.9,1.389,11.14,4.07,-59,9.50,
2026-09-18T13:27:57,2,1.378,10.24,9.9150,25.9,1.391,11.27,4.11,-58,9.25,
2026-09-18T13:27:58,2,1.417,13.34,9.9180,25.9,1.394,11.53,4.06,-59,9.50,
2026-09-18T13:27:59,2,1.412,12.95,9.9090,25.9,1.392,11.34,4.07,-59,10.00,
2026-09-18T13:28:00,2,1.380,10.37,9.9110,25.9,1.391,11.27,4.10,-58,9.50,
2026-09-18T13:28:02,2,1.417,13.34,9.9080,25.9,1.393,11.40,4.06,-58,9.25,
2026-09-18T13:28:03,2,1.380,10.37,9.9170,25.9,1.388,11.02,4.10,-58,9.50,
2026-09-18T13:28:04,2,1.380,10.37,9.9170,25.9,1.390,11.21,4.10,-58,9.50,
2026-09-18T13:28:05,2,1.414,13.14,9.9180,25.9,1.388,11.08,4.06,-59,9.75,
2026-09-18T13:28:06,2,1.380,10.37,9.9200,25.9,1.391,11.27,4.11,-58,9.75,
2026-09-18T13:28:07,2,1.380,10.44,9.9180,25.9,1.392,11.34,4.10,-58,9.25,
2026-09-18T13:28:08,2,1.413,13.08,9.9160,26.9,1.397,11.72,4.06,-59,9.50,
2026-09-18T13:28:09,2,1.378,10.24,9.9140,25.9,1.390,11.21,4.10,-58,10.00,
2026-09-18T13:28:10,2,1.380,10.37,9.9190,25.9,1.390,11.21,4.10,-58,9.50,
2026-09-18T13:28:11,2,1.415,13.21,9.9200,26.9,1.395,11.60,4.06,-59,9.25,
2026-09-18T13:28:12,2,1.376,10.05,9.9140,26.9,1.388,11.02,4.10,-58,9.25,
2026-09-18T13:28:14,2,1.428,14.24,9.9080,25.9,1.394,11.53,4.06,-59,9.50,
2026-09-18T13:28:15,2,1.413,13.01,9.9090,26.9,1.393,11.47,4.07,-58,10.00,
2026-09-18T13:28:16,2,1.379,10.31,9.9110,25.9,1.389,11.14,4.10,-58,9.25,
2026-09-18T13:28:17,2,1.427,14.17,9.9140,25.9,1.395,11.60,4.06,-59,9.75,
2026-09-18T13:28:21,2,1.413,13.01,9.9210,26.9,1.392,11.34,4.07,-55,9.50,
2026-09-18T13:28:22,2,1.389,11.14,9.9160,25.9,1.388,11.08,4.10,-54,9.50,
2026-09-18T13:28:23,2,1.413,13.08,9.9150,25.9,1.393,11.40,4.06,-59,9.50,
2026-09-18T13:28:24,2,1.412,12.95,9.9130,25.9,1.392,11.34,4.09,-58,10.50,
2026-09-18T13:28:25,2,1.377,10.18,9.9120,25.9,1.390,11.21,4.10,-58,9.50,
2026-09-18T13:28:27,2,1.417,13.34,9.9120,25.9,1.395,11.60,4.06,-59,9.50,
2026-09-18T13:28:28,2,1.384,10.76,9.9160,25.9,1.388,11.02,4.08,-59,9.75,
2026-09-18T13:28:29,2,1.379,10.31,9.9150,26.9,1.388,11.08,4.11,-58,9.75,
2026-09-18T13:28:30,2,1.415,13.21,9.9080,25.9,1.394,11.53,4.06,-59,9.75,
2026-09-18T13:28:31,2,1.379,10.31,9.9080,25.9,1.393,11.47,4.10,-59,9.50,
2026-09-18T13:28:32,2,1.380,10.37,9.9100,25.9,1.389,11.14,4.10,-58,9.00,
2026-09-18T13:28:33,2,1.415,13.21,9.9120,25.9,1.393,11.47,4.06,-58,9.50,
2026-09-18T13:28:34,2,1.379,10.31,9.9100,25.9,1.390,11.21,4.10,-58,9.50,
2026-09-18T13:28:35,2,1.377,10.18,9.9110,25.9,1.393,11.47,4.08,-59,9.50,
2026-09-18T13:28:36,2,1.416,13.27,9.9080,25.9,1.393,11.40,4.06,-59,9.50,
2026-09-18T13:28:37,2,1.380,10.37,9.9090,25.9,1.389,11.14,4.10,-58,9.50,
2026-09-18T13:28:39,2,1.380,10.44,9.9060,25.9,1.393,11.40,4.08,-58,9.75,
2026-09-18T13:28:40,2,1.415,13.21,9.9040,25.9,1.393,11.40,4.07,-59,9.75,
2026-09-18T13:28:41,2,1.377,10.18,9.9060,25.9,1.390,11.21,4.10,-58,9.50,
2026-09-18T13:28:42,2,1.425,13.98,9.9030,25.9,1.393,11.47,4.06,-59,9.75,
2026-09-18T13:28:43,2,1.413,13.01,9.9050,25.9,1.393,11.40,4.07,-58,10.00,
2026-09-18T13:28:44,2,1.380,10.44,9.9030,25.9,1.389,11.14,4.10,-58,9.25,
2026-09-18T13:28:45,2,1.422,13.79,9.9040,25.9,1.393,11.40,4.06,-59,9.75,
2026-09-18T13:28:46,2,1.411,12.88,9.9020,25.9,1.388,11.08,4.08,-58,9.75,
2026-09-18T13:28:47,2,1.379,10.31,9.9030,25.9,1.389,11.14,4.10,-58,9.25,
2026-09-18T13:28:48,2,1.419,13.53,9.9010,25.9,1.396,11.66,4.06,-59,9.25,
2026-09-18T13:28:49,2,1.413,13.01,9.8980,25.9,1.392,11.34,4.08,-58,9.50,
2026-09-18T13:28:50,2,1.377,10.18,9.9020,25.9,1.388,11.02,4.10,-58,9.25,
2026-09-18T13:28:52,2,1.418,13.47,9.9030,25.9,1.395,11.60,4.06,-59,9.75,
2026-09-18T13:28:56,2,1.381,10.50,9.9010,25.9,1.390,11.21,4.11,-54,10.00,
2026-09-18T13:28:57,2,1.378,10.24,9.9020,25.9,1.392,11.34,4.08,-55,9.75,
2026-09-18T13:28:58,2,1.417,13.34,9.9030,25.9,1.392,11.34,4.06,-55,9.75,
2026-09-18T13:28:59,2,1.377,10.18,9.9040,25.9,1.389,11.14,4.10,-58,9.25,
2026-09-18T13:29:00,2,1.380,10.44,9.9000,25.9,1.390,11.21,4.08,-58,9.75,
2026-09-18T13:29:01,2,1.416,13.27,9.9050,25.9,1.393,11.47,4.06,-59,9.75,
2026-09-18T13:29:02,2,1.379,10.31,9.9080,25.9,1.387,10.95,4.10,-58,9.50,
2026-09-18T13:29:04,2,1.386,10.89,9.9050,25.9,1.390,11.21,4.08,-59,10.25,
2026-09-18T13:29:05,2,1.414,13.14,9.9070,25.9,1.393,11.47,4.06,-58,10.00,
2026-09-18T13:29:06,2,1.379,10.31,9.9100,25.9,1.389,11.14,4.10,-58,9.50,
2026-09-18T13:29:07,2,1.378,10.24,9.9080,25.9,1.391,11.27,4.08,-59,10.00,
2026-09-18T13:29:08,2,1.413,13.08,9.9070,25.9,1.392,11.34,4.09,-60,10.00,
2026-09-18T13:29:09,2,1.379,10.31,9.9070,25.9,1.390,11.21,4.10,-57,9.75,
2026-09-18T13:29:10,2,1.413,13.08,9.9050,25.9,1.393,11.40,4.08,-62,10.25,
2026-09-18T13:29:11,2,1.413,13.08,9.9080,25.9,1.393,11.40,4.08,-60,9.50,
2026-09-18T13:29:12,2,1.378,10.24,9.9110,25.9,1.391,11.27,4.10,-61,9.75,
2026-09-18T13:29:13,2,1.428,14.24,9.9110,25.9,1.392,11.34,4.06,-61,9.75,
2026-09-18T13:29:14,2,1.412,12.95,9.9120,25.9,1.392,11.34,4.09,-61,10.25,
2026-09-18T13:29:15,2,1.380,10.37,9.9100,25.9,1.388,11.08,4.10,-61,9.50,
2026-09-18T13:29:17,2,1.418,13.47,9.9150,25.9,1.392,11.34,4.06,-59,9.75,
2026-09-18T13:29:18,2,1.411,12.88,9.9110,25.9,1.388,11.08,4.09,-59,10.00,
2026-09-18T13:29:19,2,1.380,10.44,9.9080,25.9,1.392,11.34,4.08,-59,9.75,
2026-09-18T13:29:20,2,1.421,13.66,9.9120,25.9,1.395,11.60,4.06,-59,9.75,
2026-09-18T13:29:21,2,1.411,12.88,9.9090,25.9,1.394,11.53,4.09,-59,9.50,
2026-09-18T13:29:22,2,1.381,10.50,9.9120,25.9,1.391,11.27,4.08,-59,9.75,
2026-09-18T13:29:23,2,1.418,13.40,9.9140,25.9,1.393,11.47,4.06,-60,9.75,
2026-09-18T13:29:24,2,1.380,10.37,9.9150,25.9,1.389,11.14,4.11,-60,9.50,
2026-09-18T13:29:25,2,1.380,10.37,9.9120,25.9,1.393,11.47,4.08,-60,10.00,
2026-09-18T13:29:26,2,1.418,13.40,9.9130,25.9,1.392,11.34,4.06,-60,10.00,
2026-09-18T13:29:27,2,1.377,10.18,9.9140,25.9,1.389,11.14,4.10,-59,9.25,
2026-09-18T13:29:32,2,1.380,10.44,9.9190,25.9,1.397,11.79,4.08,-54,7.50,
2026-09-18T13:29:33,2,1.412,12.95,9.9230,26.9,1.392,11.34,4.08,-54,7.25,
2026-09-18T13:29:34,2,1.380,10.44,9.9270,25.9,1.389,11.14,4.10,-54,9.50,
2026-09-18T13:29:35,2,1.380,10.37,9.9310,25.9,1.401,12.11,4.08,-58,9.25,
2026-09-18T13:29:36,2,1.413,13.08,9.9270,25.9,1.391,11.27,4.08,-59,9.50,
2026-09-18T13:29:37,2,1.379,10.31,9.9350,25.9,1.391,11.27,4.10,-59,9.50,
2026-09-18T13:29:38,2,1.429,14.30,9.9350,25.9,1.394,11.53,4.06,-59,9.50,
2026-09-18T13:29:39,2,1.413,13.01,9.9340,25.9,1.391,11.27,4.08,-59,9.50,
2026-09-18T13:29:40,2,1.381,10.50,9.9310,25.9,1.393,11.40,4.08,-59,9.50,
2026-09-18T13:29:42,2,1.422,13.79,9.9330,25.9,1.392,11.34,4.06,-58,9.75,
2026-09-18T13:29:43,2,1.414,13.14,9.9340,25.9,1.389,11.14,4.08,-58,9.50,
2026-09-18T13:29:44,2,1.386,10.89,9.9390,25.9,1.393,11.40,4.08,-59,10.00,
2026-09-18T13:29:45,2,1.419,13.53,9.9370,25.9,1.393,11.47,4.07,-59,9.75,
2026-09-18T13:29:46,2,1.413,13.01,9.9390,25.9,1.392,11.34,4.08,-59,11.25,
2026-09-18T13:29:47,2,1.382,10.56,9.9380,25.9,1.392,11.34,4.08,-59,9.50,
2026-09-18T13:29:48,2,1.417,13.34,9.9370,25.9,1.402,12.18,4.06,-59,9.75,
2026-09-18T13:29:49,2,1.410,12.82,9.9340,25.9,1.390,11.21,4.09,-58,9.75,
2026-09-18T13:29:50,2,1.382,10.56,9.9320,25.9,1.390,11.21,4.08,-59,9.50,
2026-09-18T13:29:51,2,1.413,13.01,9.9310,25.9,1.392,11.34,4.08,-59,10.00,
2026-09-18T13:29:52,2,1.377,10.18,9.9300,25.9,1.389,11.14,4.10,-59,12.00,
2026-09-18T13:29:54,2,1.380,10.37,9.9240,25.9,1.393,11.47,4.08,-59,9.50,
2026-09-18T13:29:55,2,1.413,13.01,9.9210,25.9,1.392,11.34,4.08,-59,9.75,
2026-09-18T13:29:56,2,1.377,10.18,9.9230,25.9,1.389,11.14,4.10,-59,9.50,
2026-09-18T13:29:57,2,1.382,10.56,9.9130,25.9,1.390,11.21,4.09,-59,10.00,
2026-09-18T13:29:58,2,1.413,13.01,9.9170,25.9,1.397,11.79,4.08,-59,9.50,
2026-09-18T13:29:59,2,1.377,10.18,9.9190,25.9,1.390,11.21,4.10,-58,9.50,
2026-09-18T13:30:00,2,1.380,10.37,9.9200,25.9,1.393,11.47,4.08,-59,11.00,
2026-09-18T13:30:01,2,1.415,13.21,9.9180,25.9,1.387,10.95,4.08,-59,9.75,
2026-09-18T13:30:02,2,1.381,10.50,9.9070,25.9,1.391,11.27,4.08,-58,9.75,
2026-09-18T13:30:03,2,1.397,11.79,9.9070,25.9,1.393,11.47,4.09,-59,10.00,
2026-09-18T13:30:08,2,1.410,12.82,9.9050,25.9,1.391,11.27,4.09,-54,8.00,
2026-09-18T13:30:09,2,1.378,10.24,9.9080,25.9,1.393,11.40,4.08,-55,7.25,
2026-09-18T13:30:10,2,1.423,13.85,9.9140,25.9,1.393,11.47,4.06,-60,9.75,
2026-09-18T13:30:11,2,1.412,12.95,9.9090,25.9,1.390,11.21,4.08,-59,10.00,
2026-09-18T13:30:12,2,1.380,10.44,9.9120,25.9,1.393,11.47,4.08,-59,9.50,
2026-09-18T13:30:13,2,1.418,13.40,9.9160,25.9,1.390,11.21,4.08,-59,9.75,
2026-09-18T13:30:14,2,1.413,13.01,9.9180,25.9,1.391,11.27,4.08,-59,10.25,
2026-09-18T13:30:15,2,1.380,10.37,9.9160,25.9,1.394,11.53,4.08,-60,10.00,
2026-09-18T13:30:16,2,1.418,13.40,9.9160,25.9,1.391,11.27,4.08,-60,10.25,
2026-09-18T13:30:17,2,1.378,10.24,9.9190,25.9,1.389,11.14,4.10,-60,9.75,
2026-09-18T13:30:19,2,1.380,10.44,9.9210,25.9,1.393,11.40,4.08,-60,9.75,
2026-09-18T13:30:20,2,1.413,13.08,9.9170,26.9,1.392,11.34,4.08,-60,10.00,
2026-09-18T13:30:21,2,1.380,10.37,9.9200,25.9,1.391,11.27,4.10,-59,9.75,
2026-09-18T13:30:22,2,1.380,10.44,9.9260,25.9,1.392,11.34,4.08,-59,9.75,
2026-09-18T13:30:23,2,1.416,13.27,9.9260,26.9,1.395,11.60,4.08,-60,9.75,
2026-09-18T13:30:24,2,1.380,10.44,9.9260,26.9,1.395,11.60,4.08,-59,9.75,
2026-09-18T13:30:25,2,1.381,10.50,9.9270,25.9,1.393,11.40,4.08,-60,10.25,
2026-09-18T13:30:26,2,1.413,13.08,9.9290,25.9,1.391,11.27,4.08,-61,10.00,
2026-09-18T13:30:27,2,1.383,10.63,9.9300,25.9,1.394,11.53,4.08,-60,10.00,
2026-09-18T13:30:28,2,1.382,10.56,9.9250,25.9,1.392,11.34,4.09,-59,9.75,
2026-09-18T13:30:29,2,1.415,13.21,9.9210,25.9,1.393,11.40,4.08,-60,9.50,
2026-09-18T13:30:31,2,1.382,10.56,9.9170,25.9,1.393,11.47,4.08,-60,10.00,
2026-09-18T13:30:32,2,1.430,14.37,9.9210,25.9,1.393,11.47,4.06,-60,9.75,
2026-09-18T13:30:33,2,1.412,12.95,9.9160,25.9,1.392,11.34,4.08,-60,9.75,
2026-09-18T13:30:34,2,1.379,10.31,9.9130,25.9,1.391,11.27,4.08,-60,10.00,
2026-09-18T13:30:35,2,1.422,13.72,9.9100,25.9,1.392,11.34,4.08,-60,9.75,
2026-09-18T13:30:36,2,1.413,13.01,9.9050,25.9,1.393,11.40,4.09,-60,9.50,
2026-09-18T13:30:37,2,1.381,10.50,9.9090,25.9,1.401,12.05,4.08,-59,10.00,
2026-09-18T13:30:38,2,1.421,13.66,9.9020,25.9,1.390,11.21,4.08,-60,10.00,
2026-09-18T13:30:42,2,1.411,12.88,9.9070,25.9,1.389,11.14,4.09,-55,7.75,
2026-09-18T13:30:44,2,1.382,10.56,9.9060,25.9,1.393,11.47,4.08,-55,8.75,
2026-09-18T13:30:45,2,1.416,13.27,9.9080,25.9,1.390,11.21,4.08,-56,9.00,
2026-09-18T13:30:46,2,1.380,10.37,9.9050,25.9,1.392,11.34,4.10,-60,9.50,
2026-09-18T13:30:47,2,1.382,10.56,9.9000,25.9,1.392,11.34,4.08,-60,10.00,
2026-09-18T13:30:48,2,1.415,13.21,9.9090,25.9,1.388,11.02,4.08,-60,9.75,
2026-09-18T13:30:49,2,1.381,10.50,9.9060,25.9,1.392,11.34,4.08,-60,10.00,
2026-09-18T13:30:50,2,1.380,10.44,9.9050,25.9,1.392,11.34,4.08,-60,10.00,
2026-09-18T13:30:51,2,1.414,13.14,9.9100,25.9,1.391,11.27,4.08,-60,10.00,
2026-09-18T13:30:52,2,1.380,10.37,9.9080,25.9,1.388,11.02,4.08,-60,9.50,
2026-09-18T13:30:53,2,1.381,10.50,9.9090,25.9,1.393,11.40,4.08,-60,10.00,
2026-09-18T13:30:54,2,1.413,13.08,9.9110,25.9,1.393,11.40,4.08,-61,10.00,
2026-09-18T13:30:56,2,1.380,10.37,9.9090,25.9,1.393,11.40,4.08,-60,9.50,
2026-09-18T13:30:57,2,1.430,14.37,9.9150,26.9,1.393,11.47,4.06,-61,9.75,
2026-09-18T13:30:58,2,1.411,12.88,9.9080,25.9,1.391,11.27,4.08,-60,10.00,
2026-09-18T13:30:59,2,1.379,10.31,9.9130,25.9,1.393,11.40,4.08,-60,10.00,
2026-09-18T13:31:00,2,1.422,13.72,9.9110,25.9,1.390,11.21,4.08,-60,10.00,
2026-09-18T13:31:01,2,1.409,12.76,9.9140,25.9,1.390,11.21,4.08,-60,9.75,
2026-09-18T13:31:02,2,1.380,10.44,9.9120,25.9,1.390,11.21,4.08,-60,9.75,
2026-09-18T13:31:03,2,1.418,13.47,9.9140,25.9,1.391,11.27,4.08,-60,10.00,
2026-09-18T13:31:04,2,1.411,12.88,9.9080,26.9,1.388,11.02,4.08,-60,9.75,
2026-09-18T13:31:05,2,1.379,10.31,9.9090,25.9,1.390,11.21,4.08,-60,10.00,
2026-09-18T13:31:06,2,1.418,13.47,9.9120,25.9,1.392,11.34,4.08,-59,9.50,
2026-09-18T13:31:07,2,1.412,12.95,9.9180,25.9,1.394,11.53,4.08,-55,10.00,
2026-09-18T13:31:09,2,1.380,10.44,9.9100,26.9,1.391,11.27,4.08,-57,10.00,
2026-09-18T13:31:10,2,1.417,13.34,9.9100,25.9,1.392,11.34,4.08,-57,10.25,
2026-09-18T13:31:11,2,1.380,10.37,9.9120,25.9,1.391,11.27,4.08,-57,10.00,
2026-09-18T13:31:12,2,1.380,10.37,9.9180,25.9,1.394,11.53,4.08,-57,11.75,
2026-09-18T13:31:13,2,1.414,13.14,9.9130,25.9,1.391,11.27,4.08,-56,9.75,
2026-09-18T13:31:14,2,1.381,10.50,9.9140,25.9,1.393,11.40,4.08,-57,10.00,
2026-09-18T13:31:18,2,1.381,10.50,9.9230,25.9,1.388,11.08,4.09,-52,10.00,
2026-09-18T13:31:19,2,1.415,13.21,9.9220,25.9,1.391,11.27,4.09,-52,10.25,
2026-09-18T13:31:21,2,1.380,10.37,9.9190,25.9,1.393,11.40,4.08,-52,10.00,
2026-09-18T13:31:22,2,1.379,10.31,9.9150,25.9,1.388,11.02,4.10,-56,10.00,
2026-09-18T13:31:23,2,1.413,13.01,9.9120,25.9,1.389,11.14,4.08,-57,9.75,
2026-09-18T13:31:24,2,1.381,10.50,9.9120,25.9,1.391,11.27,4.08,-56,10.25,
2026-09-18T13:31:25,2,1.426,14.11,9.9160,25.9,1.394,11.53,4.08,-56,9.75,
2026-09-18T13:31:26,2,1.409,12.76,9.9130,25.9,1.388,11.08,4.08,-55,10.00,
2026-09-18T13:31:27,2,1.380,10.44,9.9130,25.9,1.389,11.14,4.08,-57,9.75,
2026-09-18T13:31:28,2,1.422,13.72,9.9140,25.9,1.391,11.27,4.07,-56,10.00,
2026-09-18T13:31:29,2,1.412,12.95,9.9170,25.9,1.391,11.27,4.08,-57,10.25,
2026-09-18T13:31:30,2,1.380,10.44,9.9120,25.9,1.391,11.27,4.09,-57,9.75,
2026-09-18T13:31:31,2,1.418,13.47,9.9130,25.9,1.391,11.27,4.08,-57,10.00,
2026-09-18T13:31:32,2,1.414,13.14,9.9100,25.9,1.393,11.47,4.06,-57,10.25,
2026-09-18T13:31:34,2,1.380,10.44,9.9120,25.9,1.391,11.27,4.08,-56,10.00,
2026-09-18T13:31:35,2,1.418,13.40,9.9110,25.9,1.393,11.40,4.08,-57,10.25,
2026-09-18T13:31:36,2,1.413,13.01,9.9100,25.9,1.393,11.40,4.06,-56,9.75,
2026-09-18T13:31:37,2,1.379,10.31,9.9140,25.9,1.393,11.47,4.08,-57,10.00,
2026-09-18T13:31:38,2,1.414,13.14,9.9150,25.9,1.390,11.21,4.08,-57,10.25,
2026-09-18T13:31:39,2,1.380,10.44,9.9170,25.9,1.392,11.34,4.08,-56,9.75,5
2026-09-18T13:31:40,2,1.378,10.24,9.9230,25.9,1.389,11.14,4.08,-55,10.25,
2026-09-18T13:31:41,2,1.413,13.01,9.9250,25.9,1.390,11.21,4.08,-55,9.75,
2026-09-18T13:31:42,2,1.380,10.37,9.9270,25.9,1.392,11.34,4.09,-57,10.00,
2026-09-18T13:31:43,2,1.381,10.50,9.9320,25.9,1.390,11.21,4.10,-56,9.75,
2026-09-18T13:31:44,2,1.413,13.08,9.9370,25.9,1.393,11.47,4.08,-58,9.50,
2026-09-18T13:31:46,2,1.382,10.56,9.9380,25.9,1.393,11.40,4.08,-71,9.75,
2026-09-18T13:31:47,2,1.379,10.31,9.9410,25.9,1.388,11.08,4.10,-68,10.00,
2026-09-18T13:31:48,2,1.412,12.95,9.9390,25.9,1.393,11.40,4.08,-69,9.25,
2026-09-18T13:31:49,2,1.381,10.50,9.9430,25.9,1.392,11.34,4.08,-68,9.75,
2026-09-18T13:31:50,2,1.379,10.31,9.9420,25.9,1.393,11.40,4.10,-67,9.50,
2026-09-18T13:31:54,2,1.414,13.14,9.9660,25.9,1.394,11.53,4.06,-52,10.00,
2026-09-18T13:31:55,2,1.380,10.44,9.9800,25.9,1.394,11.53,4.08,-52,8.25,
2026-09-18T13:31:56,2,1.422,13.72,9.9960,25.9,1.402,12.18,4.08,-63,10.00,
2026-09-18T13:31:57,2,1.414,13.14,10.0040,25.9,1.391,11.27,4.06,-54,9.50,
2026-09-18T13:31:59,2,1.384,10.69,10.0170,25.9,1.393,11.47,4.08,-59,9.75,
2026-09-18T13:32:00,2,1.418,13.40,10.0270,25.9,1.393,11.40,4.08,-60,9.75,
2026-09-18T13:32:01,2,1.380,10.44,10.0460,25.9,1.395,11.60,4.08,-60,9.50,
2026-09-18T13:32:02,2,1.384,10.69,10.0550,25.9,1.391,11.27,4.10,-58,9.75,
2026-09-18T13:32:03,2,1.417,13.34,10.0620,25.9,1.395,11.60,4.08,-55,9.75,
2026-09-18T13:32:04,2,1.383,10.63,10.0670,25.9,1.393,11.40,4.08,-55,10.00,
2026-09-18T13:32:05,2,1.381,10.50,10.0740,25.9,1.393,11.40,4.10,-56,9.75,
2026-09-18T13:32:06,2,1.415,13.21,10.0750,25.9,1.397,11.72,4.06,-55,9.75,
2026-09-18T13:32:07,2,1.381,10.50,10.0830,25.9,1.394,11.53,4.09,-60,9.00,
2026-09-18T13:32:08,2,1.422,13.72,10.0840,25.9,1.384,10.76,4.08,-66,9.75,
2026-09-18T13:32:09,2,1.416,13.27,10.0910,25.9,1.397,11.72,4.06,-67,9.75,
2026-09-18T13:32:11,2,1.381,10.50,10.0980,25.9,1.392,11.34,4.10,-66,9.50,
2026-09-18T13:32:12,2,1.420,13.59,10.1010,25.9,1.395,11.60,4.08,-62,9.50,
2026-09-18T13:32:13,2,1.380,10.44,10.1080,25.9,1.394,11.53,4.08,-55,9.50,
2026-09-18T13:32:14,2,1.380,10.44,10.0950,25.9,1.394,11.53,4.10,-54,9.25,
2026-09-18T13:32:15,2,1.417,13.34,10.1010,25.9,1.395,11.60,4.06,-56,9.25,
2026-09-18T13:32:16,2,1.384,10.76,10.1030,25.9,1.394,11.53,4.08,-58,10.00,
2026-09-18T13:32:17,2,1.422,13.79,10.1080,25.9,1.394,11.53,4.07,-55,9.75,
2026-09-18T13:32:18,2,1.417,13.34,10.1120,25.9,1.388,11.02,4.06,-59,9.75,
2026-09-18T13:32:19,2,1.380,10.44,10.1150,25.9,1.392,11.34,4.11,-59,9.25,
2026-09-18T13:32:20,2,1.419,13.53,10.1190,25.9,1.395,11.60,4.08,-60,9.50,
2026-09-18T13:32:22,2,1.383,10.63,10.1230,25.9,1.393,11.47,4.08,-59,10.25,
2026-09-18T13:32:23,2,1.380,10.44,10.1250,25.9,1.393,11.40,4.10,-60,9.50,
2026-09-18T13:32:24,2,1.415,13.21,10.1310,25.9,1.394,11.53,4.07,-58,10.25,6
2026-09-18T13:32:25,2,1.381,10.50,10.1370,25.9,1.394,11.53,4.09,-59,9.50,
2026-09-18T13:32:26,2,1.379,10.31,10.1480,25.9,1.393,11.47,4.10,-59,9.50,
2026-09-18T13:32:27,2,1.417,13.34,10.1550,25.9,1.395,11.60,4.06,-60,9.75,
2026-09-18T13:32:28,2,1.384,10.76,10.1620,25.9,1.395,11.60,4.08,-60,9.75,
2026-09-18T13:32:29,2,1.422,13.72,10.1670,25.9,1.388,11.02,4.08,-60,9.50,
2026-09-18T13:32:30,2,1.416,13.27,10.1780,25.9,1.395,11.60,4.06,-60,9.50,
2026-09-18T13:32:36,2,1.419,13.53,10.1870,25.9,1.396,11.66,4.06,-55,8.75,
2026-09-18T13:32:37,2,1.382,10.56,10.1720,25.9,1.394,11.53,4.08,-55,8.50,
2026-09-18T13:32:38,2,1.429,14.30,10.1640,25.9,1.395,11.60,4.07,-56,9.00,
2026-09-18T13:32:39,2,1.417,13.34,10.1570,25.9,1.397,11.72,4.06,-59,9.75,
2026-09-18T13:32:40,2,1.381,10.50,10.1560,25.9,1.390,11.21,4.10,-59,9.50,
2026-09-18T13:32:41,2,1.419,13.53,10.1500,25.9,1.393,11.40,4.08,-59,9.75,
2026-09-18T13:32:42,2,1.384,10.76,10.1460,25.9,1.394,11.53,4.06,-59,10.25,
2026-09-18T13:32:43,2,1.382,10.56,10.1410,25.9,1.393,11.40,4.10,-60,9.25,
2026-09-18T13:32:44,2,1.418,13.40,10.1370,25.9,1.398,11.85,4.06,-59,10.00,
2026-09-18T13:32:46,2,1.383,10.63,10.1350,25.9,1.397,11.72,4.08,-59,9.75,
2026-09-18T13:32:47,2,1.380,10.37,10.1260,25.9,1.392,11.34,4.10,-59,9.75,
2026-09-18T13:32:48,2,1.417,13.34,10.1270,25.9,1.396,11.66,4.06,-59,9.50,
2026-09-18T13:32:49,2,1.381,10.50,10.1230,25.9,1.392,11.34,4.08,-59,9.25,
2026-09-18T13:32:50,2,1.424,13.92,10.1190,25.9,1.394,11.53,4.08,-59,9.50,
2026-09-18T13:32:51,2,1.418,13.40,10.1240,25.9,1.397,11.79,4.06,-59,10.25,
2026-09-18T13:32:52,2,1.390,11.21,10.1230,25.9,1.391,11.27,4.10,-59,9.75,
2026-09-18T13:32:53,2,1.419,13.53,10.1280,25.9,1.393,11.40,4.08,-59,9.50,
2026-09-18T13:32:54,2,1.381,10.50,10.1280,25.9,1.395,11.60,4.08,-60,9.75,
2026-09-18T13:32:55,2,1.381,10.50,10.1280,25.9,1.392,11.34,4.10,-58,9.50,
2026-09-18T13:32:56,2,1.417,13.34,10.1280,25.9,1.401,12.05,4.06,-59,9.25,
2026-09-18T13:32:58,2,1.383,10.63,10.1310,25.9,1.394,11.53,4.08,-59,9.50,
2026-09-18T13:32:59,2,1.429,14.30,10.1320,25.9,1.395,11.60,4.07,-59,9.75,
2026-09-18T13:33:00,2,1.415,13.21,10.1360,25.9,1.398,11.85,4.05,-59,9.50,
2026-09-18T13:33:01,2,1.379,10.31,10.1340,25.9,1.393,11.47,4.10,-58,10.25,
2026-09-18T13:33:02,2,1.419,13.53,10.1390,25.9,1.394,11.53,4.08,-59,9.75,
2026-09-18T13:33:03,2,1.418,13.40,10.1390,25.9,1.398,11.85,4.06,-58,10.25,
2026-09-18T13:33:04,2,1.381,10.50,10.1400,25.9,1.393,11.40,4.10,-59,10.00,
2026-09-18T13:33:05,2,1.418,13.47,10.1420,25.9,1.397,11.72,4.06,-59,9.75,
2026-09-18T13:33:06,2,1.384,10.69,10.1490,25.9,1.397,11.72,4.08,-59,9.50,
2026-09-18T13:33:07,2,1.380,10.44,10.1480,25.9,1.393,11.40,4.10,-59,9.50,
2026-09-18T13:33:08,2,1.417,13.34,10.1510,25.9,1.397,11.72,4.06,-59,9.50,
2026-09-18T13:33:10,2,1.382,10.56,10.1540,25.9,1.391,11.27,4.10,-61,9.50,
2026-09-18T13:33:11,2,1.435,14.82,10.1480,25.9,1.394,11.53,4.08,-59,10.00,
2026-09-18T13:33:12,2,1.418,13.40,10.1450,25.9,1.394,11.53,4.07,-59,9.75,
2026-09-18T13:33:13,2,1.382,10.56,10.1460,25.9,1.389,11.14,4.10,-59,9.25,
2026-09-18T13:33:17,2,1.416,13.27,10.1430,25.9,1.397,11.79,4.06,-56,9.25,
2026-09-18T13:33:18,2,1.382,10.56,10.1390,25.9,1.391,11.27,4.10,-56,9.25,
2026-09-18T13:33:19,2,1.420,13.59,10.1400,25.9,1.394,11.53,4.09,-56,9.25,
2026-09-18T13:33:20,2,1.416,13.27,10.1340,25.9,1.400,11.98,4.06,-59,9.50,
2026-09-18T13:33:22,2,1.380,10.44,10.1330,25.9,1.390,11.21,4.10,-60,9.50,
2026-09-18T13:33:23,2,1.421,13.66,10.1280,25.9,1.398,11.85,4.08,-60,9.75,
2026-09-18T13:33:24,2,1.415,13.21,10.1300,25.9,1.398,11.85,4.06,-60,9.75,
2026-09-18T13:33:25,2,1.380,10.44,10.1290,25.9,1.393,11.40,4.10,-60,9.50,
2026-09-18T13:33:26,2,1.419,13.53,10.1320,25.9,1.397,11.72,4.06,-60,10.00,
2026-09-18T13:33:27,2,1.383,10.63,10.1270,25.9,1.393,11.47,4.08,-59,10.00,
2026-09-18T13:33:28,2,1.382,10.56,10.1250,25.9,1.391,11.27,4.10,-60,9.50,
2026-09-18T13:33:29,2,1.417,13.34,10.1280,25.9,1.397,11.79,4.06,-59,9.75,
2026-09-18T13:33:30,2,1.382,10.56,10.1320,25.9,1.390,11.21,4.10,-60,9.50,
2026-09-18T13:33:31,2,1.426,14.05,10.1310,25.9,1.395,11.60,4.08,-60,9.75,
2026-09-18T13:33:33,2,1.415,13.21,10.1330,25.9,1.397,11.79,4.06,-59,9.75,
2026-09-18T13:33:34,2,1.380,10.44,10.1350,25.9,1.393,11.47,4.10,-59,9.50,
2026-09-18T13:33:35,2,1.422,13.72,10.1300,25.9,1.396,11.66,4.06,-59,9.75,
2026-09-18T13:33:36,2,1.381,10.50,10.1350,25.9,1.395,11.60,4.08,-59,9.50,
2026-09-18T13:33:37,2,1.383,10.63,10.1370,25.9,1.391,11.27,4.10,-60,9.75,
2026-09-18T13:33:38,2,1.418,13.47,10.1390,25.9,1.396,11.66,4.06,-60,9.50,
2026-09-18T13:33:39,2,1.381,10.50,10.1350,25.9,1.390,11.21,4.10,-60,9.50,
2026-09-18T13:33:40,2,1.423,13.85,10.1370,25.9,1.393,11.47,4.08,-60,9.75,
2026-09-18T13:33:41,2,1.415,13.21,10.1420,25.9,1.397,11.72,4.06,-59,9.75,
2026-09-18T13:33:42,2,1.383,10.63,10.1360,25.9,1.393,11.47,4.10,-59,9.50,
2026-09-18T13:33:43,2,1.424,13.92,10.1400,25.9,1.397,11.79,4.05,-60,9.50,
2026-09-18T13:33:45,2,1.413,13.08,10.1420,25.9,1.397,11.72,4.07,-60,10.25,
2026-09-18T13:33:46,2,1.382,10.56,10.1390,25.9,1.393,11.40,4.10,-60,9.75,
2026-09-18T13:33:47,2,1.421,13.66,10.1330,25.9,1.396,11.66,4.06,-59,9.75,
2026-09-18T13:33:48,2,1.380,10.44,10.1310,25.9,1.395,11.60,4.10,-60,9.25,
2026-09-18T13:33:49,2,1.382,10.56,10.1280,25.9,1.389,11.14,4.10,-60,9.50,
2026-09-18T13:33:50,2,1.417,13.34,10.1260,25.9,1.395,11.60,4.06,-59,9.75,
2026-09-18T13:33:51,2,1.381,10.50,10.1300,25.9,1.393,11.47,4.10,-59,9.50,
2026-09-18T13:33:52,2,1.426,14.11,10.1250,25.9,1.396,11.66,4.05,-60,9.50,
2026-09-18T13:33:53,2,1.416,13.27,10.1240,25.9,1.395,11.60,4.06,-60,9.75,
2026-09-18T13:33:54,2,1.380,10.44,10.1270,25.9,1.393,11.40,4.10,-60,12.00,
2026-09-18T13:34:00,2,1.379,10.31,10.1140,25.9,1.393,11.40,4.10,-56,9.25,
2026-09-18T13:34:01,2,1.422,13.72,10.1130,25.9,1.394,11.53,4.08,-56,9.25,
2026-09-18T13:34:02,2,1.414,13.14,10.1190,25.9,1.397,11.72,4.06,-55,9.50,
2026-09-18T13:34:03,2,1.382,10.56,10.1160,25.9,1.392,11.34,4.10,-60,9.25,
2026-09-18T13:34:04,2,1.421,13.66,10.1150,25.9,1.397,11.72,4.05,-59,9.25,
2026-09-18T13:34:05,2,1.416,13.27,10.1150,25.9,1.395,11.60,4.06,-60,9.50,
2026-09-18T13:34:06,2,1.381,10.50,10.1150,25.9,1.391,11.27,4.10,-60,9.75,
2026-09-18T13:34:07,2,1.418,13.40,10.1170,25.9,1.397,11.72,4.06,-59,9.75,
2026-09-18T13:34:09,2,1.380,10.44,10.1170,25.9,1.392,11.34,4.10,-60,9.75,
2026-09-18T13:34:10,2,1.381,10.50,10.1140,25.9,1.393,11.40,4.10,-59,12.00,
2026-09-18T13:34:11,2,1.416,13.27,10.1160,25.9,1.397,11.72,4.06,-60,9.50,
2026-09-18T13:34:12,2,1.380,10.44,10.1110,25.9,1.393,11.47,4.10,-59,9.50,
2026-09-18T13:34:13,2,1.426,14.11,10.1140,25.9,1.390,11.21,4.05,-59,9.50,
2026-09-18T13:34:15,2,1.381,10.50,10.1190,25.9,1.393,11.40,4.10,-60,9.25,
2026-09-18T13:34:16,2,1.420,13.59,10.1170,25.9,1.397,11.79,4.06,-59,9.50,
2026-09-18T13:34:17,2,1.380,10.37,10.1230,25.9,1.393,11.40,4.10,-59,9.75,
2026-09-18T13:34:18,2,1.380,10.37,10.1260,25.9,1.389,11.14,4.10,-60,9.75,
2026-09-18T13:34:19,2,1.417,13.34,10.1270,25.9,1.397,11.79,4.06,-59,10.00,
2026-09-18T13:34:21,2,1.382,10.56,10.1290,25.9,1.391,11.27,4.09,-59,9.50,
2026-09-18T13:34:22,2,1.432,14.56,10.1280,25.9,1.400,11.98,4.05,-60,9.75,
2026-09-18T13:34:23,2,1.417,13.34,10.1260,25.9,1.394,11.53,4.06,-60,9.75,
2026-09-18T13:34:24,2,1.383,10.63,10.1290,25.9,1.391,11.27,4.10,-60,9.50,
2026-09-18T13:34:25,2,1.425,13.98,10.1290,25.9,1.396,11.66,4.06,-60,9.75,
2026-09-18T13:34:26,2,1.417,13.34,10.1340,25.9,1.397,11.79,4.08,-60,9.75,
2026-09-18T13:34:27,2,1.383,10.63,10.1270,25.9,1.393,11.40,4.10,-59,9.50,
2026-09-18T13:34:28,2,1.420,13.59,10.1330,25.9,1.397,11.79,4.06,-60,9.50,
2026-09-18T13:34:29,2,1.380,10.44,10.1300,25.9,1.392,11.34,4.10,-60,9.50,
2026-09-18T13:34:30,2,1.385,10.82,10.1310,25.9,1.397,11.79,4.07,-60,10.00,
2026-09-18T13:34:31,2,1.417,13.34,10.1370,25.9,1.390,11.21,4.07,-60,10.25,
2026-09-18T13:34:33,2,1.382,10.56,10.1350,25.9,1.393,11.40,4.10,-60,9.00,
2026-09-18T13:34:34,2,1.426,14.05,10.1310,25.9,1.396,11.66,4.06,-60,9.75,
2026-09-18T13:34:35,2,1.413,13.08,10.1380,25.9,1.393,11.40,4.08,-60,9.75,
2026-09-18T13:34:36,2,1.380,10.37,10.1390,25.9,1.392,11.34,4.10,-59,9.25,
2026-09-18T13:34:37,2,1.419,13.53,10.1360,25.9,1.398,11.85,4.06,-59,9.50,
2026-09-18T13:34:41,2,1.382,10.56,10.1360,25.9,1.392,11.34,4.10,-56,9.00,
2026-09-18T13:34:42,2,1.414,13.14,10.1370,25.9,1.396,11.66,4.08,-55,9.50,
2026-09-18T13:34:44,2,1.414,13.14,10.1370,25.9,1.397,11.79,4.06,-56,9.25,
2026-09-18T13:34:45,2,1.384,10.69,10.1400,25.9,1.393,11.47,4.10,-56,9.25,
2026-09-18T13:34:46,2,1.423,13.85,10.1430,25.9,1.396,11.66,4.06,-60,9.25,
2026-09-18T13:34:47,2,1.413,13.08,10.1450,25.9,1.395,11.60,4.08,-59,9.75,
2026-09-18T13:34:48,2,1.383,10.63,10.1430,25.9,1.392,11.34,4.10,-60,9.25,
2026-09-18T13:34:49,2,1.420,13.59,10.1500,25.9,1.397,11.72,4.06,-59,9.50,
2026-09-18T13:34:50,2,1.380,10.44,10.1470,25.9,1.391,11.27,4.10,-60,9.75,
2026-09-18T13:34:51,2,1.385,10.82,10.1430,25.9,1.395,11.60,4.07,-60,10.00,
2026-09-18T13:34:52,2,1.417,13.34,10.1430,25.9,1.396,11.66,4.06,-60,9.50,
2026-09-18T13:34:53,2,1.382,10.56,10.1420,25.9,1.393,11.40,4.10,-59,10.00,
2026-09-18T13:34:54,2,1.427,14.17,10.1440,25.9,1.397,11.79,4.06,-59,10.00,
2026-09-18T13:34:56,2,1.413,13.01,10.1380,25.9,1.393,11.47,4.08,-59,9.50,
2026-09-18T13:34:57,2,1.381,10.50,10.1400,25.9,1.392,11.34,4.09,-59,9.00,
2026-09-18T13:34:58,2,1.421,13.66,10.1450,25.9,1.397,11.72,4.06,-59,9.50,
2026-09-18T13:34:59,2,1.383,10.63,10.1460,25.9,1.391,11.27,4.10,-59,9.50,
2026-09-18T13:35:00,2,1.384,10.69,10.1420,25.9,1.397,11.72,4.08,-59,9.50,
2026-09-18T13:35:01,2,1.421,13.66,10.1410,25.9,1.397,11.72,4.06,-59,9.50,
2026-09-18T13:35:02,2,1.384,10.69,10.1390,25.9,1.391,11.27,4.09,-58,9.50,
2026-09-18T13:35:03,2,1.413,13.08,10.1410,25.9,1.396,11.66,4.08,-59,9.25,
2026-09-18T13:35:04,2,1.414,13.14,10.1380,25.9,1.391,11.27,4.08,-59,9.50,
2026-09-18T13:35:05,2,1.381,10.50,10.1370,25.9,1.392,11.34,4.10,-59,9.25,
2026-09-18T13:35:06,2,1.422,13.72,10.1370,25.9,1.394,11.53,4.06,-60,9.25,
2026-09-18T13:35:08,2,1.414,13.14,10.1350,25.9,1.394,11.53,4.08,-58,9.75,
2026-09-18T13:35:09,2,1.384,10.69,10.1380,25.9,1.394,11.53,4.08,-59,9.25,
2026-09-18T13:35:10,2,1.418,13.47,10.1360,25.9,1.396,11.66,4.06,-59,10.00,
2026-09-18T13:35:11,2,1.381,10.50,10.1350,25.9,1.392,11.34,4.09,-59,9.25,
2026-09-18T13:35:12,2,1.384,10.76,10.1370,25.9,1.391,11.27,4.08,-59,10.50,
2026-09-18T13:35:13,2,1.416,13.27,10.1370,25.9,1.397,11.79,4.06,-59,9.25,
2026-09-18T13:35:14,2,1.382,10.56,10.1350,25.9,1.393,11.47,4.10,-59,9.25,
2026-09-18T13:35:15,2,1.423,13.85,10.1400,25.9,1.395,11.60,4.06,-59,9.50,
2026-09-18T13:35:16,2,1.415,13.21,10.1420,25.9,1.395,11.60,4.08,-59,9.25,
2026-09-18T13:35:17,2,1.380,10.44,10.1360,25.9,1.392,11.34,4.10,-59,9.25,
2026-09-18T13:35:18,2,1.422,13.72,10.1410,25.9,1.396,11.66,4.06,-59,10.00,
2026-09-18T13:35:24,2,1.409,12.69,10.1430,25.9,1.396,11.66,4.08,-55,10.25,
2026-09-18T13:35:25,2,1.417,13.34,10.1460,25.9,1.394,11.53,4.08,-55,9.50,
2026-09-18T13:35:26,2,1.381,10.50,10.1430,25.9,1.394,11.53,4.10,-55,9.25,
2026-09-18T13:35:27,2,1.422,13.72,10.1450,25.9,1.396,11.66,4.06,-59,9.25,
2026-09-18T13:35:28,2,1.413,13.01,10.1400,25.9,1.395,11.60,4.08,-59,9.50,
2026-09-18T13:35:29,2,1.385,10.82,10.1370,25.9,1.397,11.72,4.07,-59,9.75,
2026-09-18T13:35:30,2,1.418,13.47,10.1330,25.9,1.397,11.72,4.06,-59,9.50,
2026-09-18T13:35:32,2,1.380,10.44,10.1320,25.9,1.393,11.40,4.10,-59,9.25,
2026-09-18T13:35:33,2,1.383,10.63,10.1300,25.9,1.396,11.66,4.08,-59,9.25,
2026-09-18T13:35:34,2,1.415,13.21,10.1290,25.9,1.392,11.34,4.08,-59,9.25,
2026-09-18T13:35:35,2,1.379,10.31,10.1210,25.9,1.392,11.34,4.10,-59,9.75,
2026-09-18T13:35:36,2,1.429,14.30,10.1180,25.9,1.397,11.79,4.06,-59,9.50,
2026-09-18T13:35:37,2,1.415,13.21,10.1210,25.9,1.395,11.60,4.08,-59,9.50,
2026-09-18T13:35:38,2,1.382,10.56,10.1190,25.9,1.397,11.72,4.08,-59,9.50,
2026-09-18T13:35:39,2,1.419,13.53,10.1180,25.9,1.403,12.24,4.06,-59,9.50,
2026-09-18T13:35:40,2,1.381,10.50,10.1120,25.9,1.391,11.27,4.11,-59,9.50,
2026-09-18T13:35:41,2,1.383,10.63,10.1080,25.9,1.393,11.47,4.08,-59,9.75,
2026-09-18T13:35:43,2,1.418,13.47,10.1100,25.9,1.395,11.60,4.06,-59,9.50,
2026-09-18T13:35:44,2,1.380,10.44,10.1070,25.9,1.391,11.27,4.10,-58,9.75,
2026-09-18T13:35:45,2,1.414,13.14,10.1020,25.9,1.395,11.60,4.08,-59,9.50,
2026-09-18T13:35:46,2,1.415,13.21,10.1010,25.9,1.393,11.40,4.08,-59,9.50,
2026-09-18T13:35:47,2,1.380,10.44,10.1040,25.9,1.390,11.21,4.09,-59,9.50,
2026-09-18T13:35:48,2,1.425,13.98,10.1030,25.9,1.395,11.60,4.05,-60,9.75,
2026-09-18T13:35:49,2,1.416,13.27,10.1050,25.9,1.392,11.34,4.08,-60,9.50,
2026-09-18T13:35:50,2,1.384,10.69,10.1130,25.9,1.395,11.60,4.08,-59,9.50,
2026-09-18T13:35:51,2,1.418,13.40,10.1200,25.9,1.391,11.27,4.06,-59,10.00,
2026-09-18T13:35:52,2,1.383,10.63,10.1210,25.9,1.393,11.47,4.08,-59,9.75,
2026-09-18T13:35:53,2,1.382,10.56,10.1240,25.9,1.396,11.66,4.08,-59,9.75,
2026-09-18T13:35:55,2,1.417,13.34,10.1260,25.9,1.394,11.53,4.08,-59,9.25,
2026-09-18T13:35:56,2,1.383,10.63,10.1250,25.9,1.393,11.40,4.10,-58,9.50,
2026-09-18T13:35:57,2,1.428,14.24,10.1280,25.9,1.397,11.79,4.05,-59,9.25,
2026-09-18T13:35:58,2,1.415,13.21,10.1230,25.9,1.393,11.40,4.08,-59,9.75,
2026-09-18T13:35:59,2,1.382,10.56,10.1230,25.9,1.393,11.47,4.07,-59,9.75,
2026-09-18T13:36:00,2,1.422,13.79,10.1250,25.9,1.396,11.66,4.06,-59,9.50,
2026-09-18T13:36:01,2,1.380,10.44,10.1260,25.9,1.393,11.40,4.10,-59,10.00,
2026-09-18T13:36:07,2,1.416,13.27,10.1340,25.9,1.396,11.66,4.08,-53,7.50,
2026-09-18T13:36:08,2,1.383,10.63,10.1350,25.9,1.393,11.47,4.07,-53,7.75,
2026-09-18T13:36:09,2,1.423,13.85,10.1360,25.9,1.397,11.72,4.06,-53,8.25,
2026-09-18T13:36:10,2,1.416,13.27,10.1380,25.9,1.394,11.53,4.08,-58,9.25,
2026-09-18T13:36:11,2,1.384,10.69,10.1350,25.9,1.394,11.53,4.08,-59,9.25,
2026-09-18T13:36:12,2,1.419,13.53,10.1420,25.9,1.394,11.53,4.06,-59,12.00,
2026-09-18T13:36:13,2,1.380,10.44,10.1410,25.9,1.390,11.21,4.10,-59,9.75,
2026-09-18T13:36:14,2,1.383,10.63,10.1410,25.9,1.394,11.53,4.08,-59,9.75,
2026-09-18T13:36:15,2,1.416,13.27,10.1450,25.9,1.394,11.53,4.08,-59,9.75,
2026-09-18T13:36:16,2,1.383,10.63,10.1450,25.9,1.395,11.60,4.10,-59,9.75,
2026-09-18T13:36:17,2,1.429,14.30,10.1500,25.9,1.397,11.72,4.06,-58,9.75,
2026-09-18T13:36:19,2,1.414,13.14,10.1510,25.9,1.397,11.72,4.08,-58,9.75,
2026-09-18T13:36:20,2,1.384,10.76,10.1480,25.9,1.396,11.66,4.08,-58,9.75,
2026-09-18T13:36:21,2,1.422,13.79,10.1460,25.9,1.396,11.66,4.06,-59,9.50,
2026-09-18T13:36:22,2,1.382,10.56,10.1460,25.9,1.391,11.27,4.10,-59,9.50,
2026-09-18T13:36:23,2,1.383,10.63,10.1420,25.9,1.395,11.60,4.08,-60,9.50,
2026-09-18T13:36:24,2,1.417,13.34,10.1450,25.9,1.402,12.18,4.08,-59,9.75,
2026-09-18T13:36:25,2,1.379,10.31,10.1430,25.9,1.393,11.40,4.09,-59,9.50,
2026-09-18T13:36:26,2,1.383,10.63,10.1440,25.9,1.393,11.47,4.08,-60,9.75,
2026-09-18T13:36:27,2,1.416,13.27,10.1410,25.9,1.394,11.53,4.08,-60,9.50,
2026-09-18T13:36:28,2,1.383,10.63,10.1410,25.9,1.397,11.79,4.07,-60,10.25,
2026-09-18T13:36:29,2,1.426,14.05,10.1390,25.9,1.395,11.60,4.06,-59,10.00,
2026-09-18T13:36:31,2,1.416,13.27,10.1330,25.9,1.394,11.53,4.08,-60,9.50,
2026-09-18T13:36:32,2,1.384,10.69,10.1340,25.9,1.395,11.60,4.08,-60,9.75,
2026-09-18T13:36:33,2,1.416,13.27,10.1290,25.9,1.396,11.66,4.08,-60,9.75,
2026-09-18T13:36:34,2,1.379,10.31,10.1280,25.9,1.390,11.21,4.10,-60,9.75,
2026-09-18T13:36:35,2,1.380,10.37,10.1230,25.9,1.395,11.60,4.08,-60,9.25,
2026-09-18T13:36:36,2,1.413,13.08,10.1230,25.9,1.393,11.40,4.08,-59,9.75,
2026-09-18T13:36:37,2,1.384,10.69,10.1250,25.9,1.393,11.47,4.07,-59,10.00,
2026-09-18T13:36:38,2,1.427,14.17,10.1210,25.9,1.397,11.79,4.06,-59,9.75,
2026-09-18T13:36:39,2,1.414,13.14,10.1190,25.9,1.395,11.60,4.08,-60,9.75,
2026-09-18T13:36:40,2,1.381,10.50,10.1190,25.9,1.394,11.53,4.08,-60,9.75,
2026-09-18T13:36:41,2,1.419,13.53,10.1150,25.9,1.393,11.40,4.07,-59,10.25,
2026-09-18T13:36:43,2,1.380,10.37,10.1150,25.9,1.393,11.47,4.10,-60,9.50,
2026-09-18T13:36:44,2,1.382,10.56,10.1200,25.9,1.394,11.53,4.08,-57,10.00,
2026-09-18T13:36:48,2,1.415,13.21,10.1270,25.9,1.396,11.66,4.08,-52,11.75,
2026-09-18T13:36:49,2,1.384,10.76,10.1260,25.9,1.396,11.66,4.07,-52,9.25,
2026-09-18T13:36:50,2,1.423,13.85,10.1260,25.9,1.397,11.72,4.06,-53,9.25,
2026-09-18T13:36:51,2,1.415,13.21,10.1230,25.9,1.393,11.47,4.08,-57,10.00,
2026-09-18T13:36:52,2,1.384,10.69,10.1230,25.9,1.397,11.72,4.08,-57,10.00,
2026-09-18T13:36:54,2,1.417,13.34,10.1220,25.9,1.394,11.53,4.08,-57,9.75,
2026-09-18T13:36:55,2,1.380,10.44,10.1210,25.9,1.391,11.27,4.10,-57,10.00,
2026-09-18T13:36:56,2,1.381,10.50,10.1230,25.9,1.392,11.34,4.08,-57,10.00,
2026-09-18T13:36:57,2,1.416,13.27,10.1220,25.9,1.395,11.60,4.08,-57,10.00,
2026-09-18T13:36:58,2,1.383,10.63,10.1210,25.9,1.394,11.53,4.08,-57,9.75,
2026-09-18T13:36:59,2,1.428,14.24,10.1220,25.9,1.397,11.79,4.06,-57,9.75,
2026-09-18T13:37:00,2,1.415,13.21,10.1230,25.9,1.395,11.60,4.08,-60,10.00,
2026-09-18T13:37:01,2,1.385,10.82,10.1280,25.9,1.396,11.66,4.08,-60,9.50,
2026-09-18T13:37:02,2,1.416,13.27,10.1260,25.9,1.396,11.66,4.08,-60,10.00,
2026-09-18T13:37:03,2,1.380,10.37,10.1280,25.9,1.392,11.34,4.10,-60,9.50,
2026-09-18T13:37:04,2,1.379,10.31,10.1280,25.9,1.397,11.79,4.08,-60,9.50,
2026-09-18T13:37:06,2,1.415,13.21,10.1270,25.9,1.395,11.60,4.08,-60,9.75,
2026-09-18T13:37:07,2,1.381,10.50,10.1290,25.9,1.393,11.47,4.08,-60,9.50,
2026-09-18T13:37:08,2,1.417,13.34,10.1280,25.9,1.397,11.79,4.08,-60,10.50,
2026-09-18T13:37:09,2,1.416,13.27,10.1240,25.9,1.395,11.60,4.08,-60,9.75,
2026-09-18T13:37:10,2,1.380,10.44,10.1250,25.9,1.395,11.60,4.08,-60,9.75,
2026-09-18T13:37:11,2,1.422,13.79,10.1280,25.9,1.393,11.47,4.07,-60,10.00,
2026-09-18T13:37:12,2,1.413,13.08,10.1290,25.9,1.394,11.53,4.08,-60,9.50,
2026-09-18T13:37:13,2,1.381,10.50,10.1340,25.9,1.395,11.60,4.08,-60,10.00,
2026-09-18T13:37:14,2,1.418,13.40,10.1290,25.9,1.395,11.60,4.08,-60,9.50,
2026-09-18T13:37:15,2,1.380,10.37,10.1240,25.9,1.394,11.53,4.10,-60,10.00,
2026-09-18T13:37:16,2,1.384,10.76,10.1250,25.9,1.393,11.47,4.08,-59,9.75,
2026-09-18T13:37:18,2,1.416,13.27,10.1210,25.9,1.396,11.66,4.08,-60,9.50,
2026-09-18T13:37:19,2,1.385,10.82,10.1270,25.9,1.395,11.60,4.08,-60,9.50,
2026-09-18T13:37:20,2,1.427,14.17,10.1280,25.9,1.397,11.72,4.05,-60,10.50,
2026-09-18T13:37:21,2,1.413,13.08,10.1250,25.9,1.393,11.47,4.08,-59,10.00,
2026-09-18T13:37:22,2,1.383,10.63,10.1230,25.9,1.395,11.60,4.08,-59,9.75,
2026-09-18T13:37:23,2,1.418,13.47,10.1170,25.9,1.391,11.27,4.08,-60,9.50,
2026-09-18T13:37:24,2,1.380,10.44,10.1200,25.9,1.392,11.34,4.09,-60,9.75,
2026-09-18T13:37:25,2,1.382,10.56,10.1220,25.9,1.393,11.47,4.08,-60,9.75,
2026-09-18T13:37:31,2,1.383,10.63,10.1210,25.9,1.393,11.40,4.08,-55,8.25,
2026-09-18T13:37:32,2,1.422,13.72,10.1190,25.9,1.395,11.60,4.07,-56,8.25,
2026-09-18T13:37:33,2,1.413,13.01,10.1180,25.9,1.392,11.34,4.09,-57,10.25,
2026-09-18T13:37:34,2,1.381,10.50,10.1200,25.9,1.396,11.66,4.08,-59,9.75,
2026-09-18T13:37:35,2,1.418,13.47,10.1260,25.9,1.393,11.40,4.08,-59,9.50,
2026-09-18T13:37:36,2,1.382,10.56,10.1250,25.9,1.397,11.72,4.07,-60,10.25,
2026-09-18T13:37:37,2,1.381,10.50,10.1270,25.9,1.393,11.40,4.08,-59,9.75,
2026-09-18T13:37:38,2,1.417,13.34,10.1220,25.9,1.395,11.60,4.08,-60,9.75,
2026-09-18T13:37:39,2,1.384,10.69,10.1230,25.9,1.394,11.53,4.08,-60,9.50,
2026-09-18T13:37:40,2,1.426,14.05,10.1290,25.9,1.394,11.53,4.07,-59,10.00,
2026-09-18T13:37:42,2,1.417,13.34,10.1280,25.9,1.393,11.47,4.09,-60,9.75,
2026-09-18T13:37:43,2,1.380,10.44,10.1350,25.9,1.394,11.53,4.08,-59,9.50,
2026-09-18T13:37:44,2,1.418,13.40,10.1370,25.9,1.393,11.47,4.08,-59,9.75,
2026-09-18T13:37:45,2,1.383,10.63,10.1300,25.9,1.396,11.66,4.10,-60,9.75,
2026-09-18T13:37:46,2,1.381,10.50,10.1340,25.9,1.393,11.47,4.07,-60,10.50,
2026-09-18T13:37:47,2,1.418,13.47,10.1360,25.9,1.393,11.47,4.08,-60,10.00,
2026-09-18T13:37:48,2,1.386,10.89,10.1370,25.9,1.397,11.79,4.08,-60,9.75,
2026-09-18T13:37:49,2,1.384,10.76,10.1370,25.9,1.394,11.53,4.08,-60,9.50,
2026-09-18T13:37:50,2,1.415,13.21,10.1410,25.9,1.394,11.53,4.08,-60,9.50,
2026-09-18T13:37:51,2,1.386,10.89,10.1450,25.9,1.394,11.53,4.08,-60,9.75,
2026-09-18T13:37:52,2,1.422,13.79,10.1460,25.9,1.393,11.40,4.08,-59,9.50,
2026-09-18T13:37:54,2,1.414,13.14,10.1410,25.9,1.394,11.53,4.08,-60,9.50,
2026-09-18T13:37:55,2,1.384,10.76,10.1410,25.9,1.395,11.60,4.08,-60,9.75,
2026-09-18T13:37:56,2,1.414,13.14,10.1390,25.9,1.393,11.47,4.08,-59,9.75,
2026-09-18T13:37:57,2,1.383,10.63,10.1370,25.9,1.396,11.66,4.07,-60,10.00,
2026-09-18T13:37:58,2,1.385,10.82,10.1370,25.9,1.395,11.60,4.08,-60,9.50,
2026-09-18T13:37:59,2,1.417,13.34,10.1340,25.9,1.392,11.34,4.08,-59,9.75,
2026-09-18T13:38:00,2,1.380,10.44,10.1320,25.9,1.395,11.60,4.08,-59,9.75,
2026-09-18T13:38:01,2,1.426,14.11,10.1330,25.9,1.385,10.82,4.07,-59,10.25,
2026-09-18T13:38:02,2,1.415,13.21,10.1290,25.9,1.393,11.40,4.08,-59,9.50,
2026-09-18T13:38:03,2,1.384,10.69,10.1270,25.9,1.393,11.47,4.08,-59,9.50,
2026-09-18T13:38:05,2,1.420,13.59,10.1280,25.9,1.394,11.53,4.08,-60,9.50,
2026-09-18T13:38:06,2,1.383,10.63,10.1330,25.9,1.394,11.53,4.07,-60,10.25,
2026-09-18T13:38:07,2,1.382,10.56,10.1280,25.9,1.394,11.53,4.08,-60,9.75,
2026-09-18T13:38:08,2,1.415,13.21,10.1230,25.9,1.393,11.47,4.08,-60,9.50,
2026-09-18T13:38:13,2,1.422,13.72,10.1140,25.9,1.393,11.40,4.07,-57,9.00,
2026-09-18T13:38:14,2,1.417,13.34,10.1140,25.9,1.397,11.79,4.05,-57,8.75,
2026-09-18T13:38:15,2,1.385,10.82,10.1160,25.9,1.393,11.40,4.08,-56,9.25,
2026-09-18T13:38:17,2,1.418,13.47,10.1100,25.9,1.393,11.47,4.07,-60,10.00,
2026-09-18T13:38:18,2,1.382,10.56,10.1150,25.9,1.393,11.40,4.08,-59,9.75,
2026-09-18T13:38:19,2,1.382,10.56,10.1180,25.9,1.393,11.40,4.08,-59,9.75,
2026-09-18T13:38:20,2,1.415,13.21,10.1220,25.9,1.393,11.40,4.08,-59,9.75,
2026-09-18T13:38:21,2,1.381,10.50,10.1220,25.9,1.395,11.60,4.08,-59,9.75,
2026-09-18T13:38:22,2,1.429,14.30,10.1200,25.9,1.396,11.66,4.08,-59,9.50,
2026-09-18T13:38:23,2,1.413,13.08,10.1180,25.9,1.393,11.47,4.08,-59,9.50,
2026-09-18T13:38:24,2,1.384,10.76,10.1180,25.9,1.396,11.66,4.08,-59,10.00,
2026-09-18T13:38:25,2,1.419,13.53,10.1130,25.9,1.393,11.47,4.07,-59,10.50,
2026-09-18T13:38:26,2,1.383,10.63,10.1150,25.9,1.393,11.47,4.07,-59,10.25,
2026-09-18T13:38:27,2,1.383,10.63,10.1150,25.9,1.392,11.34,4.07,-59,9.75,
2026-09-18T13:38:29,2,1.420,13.59,10.1160,25.9,1.393,11.40,4.08,-59,9.50,
2026-09-18T13:38:30,2,1.381,10.50,10.1150,25.9,1.395,11.60,4.08,-59,9.75,
2026-09-18T13:38:31,2,1.381,10.50,10.1130,25.9,1.393,11.40,4.10,-60,9.75,
2026-09-18T13:38:32,2,1.413,13.08,10.1140,25.9,1.395,11.60,4.08,-60,9.75,
2026-09-18T13:38:33,2,1.381,10.50,10.1170,25.9,1.394,11.53,4.08,-60,9.50,
2026-09-18T13:38:34,2,1.422,13.72,10.1180,25.9,1.395,11.60,4.07,-60,9.50,
2026-09-18T13:38:36,2,1.380,10.44,10.1170,25.9,1.397,11.72,4.08,-59,9.75,
2026-09-18T13:38:37,2,1.416,13.27,10.1120,25.9,1.389,11.14,4.07,-59,10.25,
2026-09-18T13:38:38,2,1.382,10.56,10.1070,25.9,1.394,11.53,4.08,-59,9.75,
2026-09-18T13:38:39,2,1.380,10.44,10.1040,25.9,1.390,11.21,4.09,-61,9.50,
2026-09-18T13:38:41,2,1.416,13.27,10.1070,25.9,1.397,11.72,4.08,-67,9.50,
2026-09-18T13:38:42,2,1.383,10.63,10.1040,25.9,1.393,11.47,4.08,-64,9.50,
2026-09-18T13:38:43,2,1.428,14.24,10.1070,25.9,1.394,11.53,4.07,-66,9.75,
2026-09-18T13:38:44,2,1.416,13.27,10.1080,25.9,1.398,11.85,4.05,-64,9.50,6
2026-09-18T13:38:45,2,1.381,10.50,10.1090,25.9,1.393,11.47,4.08,-60,9.75,
2026-09-18T13:38:46,2,1.418,13.40,10.1120,25.9,1.393,11.47,4.08,-57,9.75,
2026-09-18T13:38:47,2,1.381,10.50,10.1140,25.9,1.393,11.47,4.08,-58,9.75,
2026-09-18T13:38:48,2,1.379,10.31,10.1130,25.9,1.393,11.40,4.10,-59,9.50,
2026-09-18T13:38:49,2,1.414,13.14,10.1140,25.9,1.393,11.47,4.08,-58,10.25,
2026-09-18T13:38:50,2,1.383,10.63,10.1170,25.9,1.396,11.66,4.08,-58,10.00,
2026-09-18T13:38:56,2,1.415,13.21,10.1220,25.9,1.398,11.85,4.06,-53,1.75,
2026-09-18T13:38:57,2,1.382,10.56,10.1260,25.9,1.393,11.47,4.08,-52,0.75,
2026-09-18T13:38:58,2,1.414,13.14,10.1260,25.9,1.395,11.60,4.08,-59,9.75,
2026-09-18T13:38:59,2,1.381,10.50,10.1220,25.9,1.395,11.60,4.08,-65,9.50,
2026-09-18T13:39:00,2,1.382,10.56,10.1210,25.9,1.391,11.27,4.09,-66,9.50,
2026-09-18T13:39:01,2,1.410,12.82,10.1250,25.9,1.392,11.34,4.08,-65,9.50,
2026-09-18T13:39:02,2,1.384,10.76,10.1190,25.9,1.396,11.66,4.08,-67,10.00,
2026-09-18T13:39:04,2,1.419,13.53,10.1220,25.9,1.393,11.47,4.07,-68,10.00,
2026-09-18T13:39:05,2,1.413,13.08,10.1220,25.9,1.397,11.79,4.06,-66,10.00,
2026-09-18T13:39:06,2,1.383,10.63,10.1250,25.9,1.396,11.66,4.07,-67,9.75,
2026-09-18T13:39:07,2,1.418,13.40,10.1410,25.9,1.396,11.66,4.08,-70,9.25,
2026-09-18T13:39:08,2,1.384,10.76,10.1700,25.9,1.402,12.18,4.07,-72,10.25,
2026-09-18T13:39:09,2,1.381,10.50,10.1820,25.9,1.393,11.40,4.09,-66,9.25,
2026-09-18T13:39:10,2,1.414,13.14,10.1990,25.9,1.394,11.53,4.08,-67,9.75,
2026-09-18T13:39:11,2,1.383,10.63,10.2070,25.9,1.395,11.60,4.08,-74,9.50,
2026-09-18T13:39:12,2,1.382,10.56,10.2180,25.9,1.394,11.53,4.10,-66,9.25,
2026-09-18T13:39:13,2,1.418,13.40,10.2290,25.9,1.401,12.05,4.05,-63,9.75,
2026-09-18T13:39:14,2,1.385,10.82,10.2400,25.9,1.398,11.85,4.08,-64,9.75,
2026-09-18T13:39:16,2,1.418,13.40,10.2490,25.9,1.396,11.66,4.07,-61,10.00,
2026-09-18T13:39:17,2,1.409,12.69,10.2620,25.9,1.401,12.05,4.06,-62,9.75,
2026-09-18T13:39:18,2,1.378,10.24,10.2710,25.9,1.388,11.08,4.09,-65,9.50,
2026-09-18T13:39:19,2,1.401,12.11,10.2800,25.9,1.390,11.21,4.08,-64,9.75,
2026-09-18T13:39:20,2,1.379,10.31,10.1550,25.9,1.385,10.82,4.08,-64,9.75,
2026-09-18T13:39:21,2,1.378,10.24,10.0510,25.9,1.376,10.05,4.09,-64,9.50,
2026-09-18T13:39:22,2,1.430,14.37,9.9310,25.9,1.373,9.85,4.06,-72,10.00,
2026-09-18T13:39:23,2,1.368,9.47,9.7810,25.9,1.367,9.34,4.08,-66,9.75,
2026-09-18T13:39:24,2,1.372,9.79,9.5710,25.9,1.356,8.50,4.10,-69,9.00,
2026-09-18T13:39:25,2,1.413,13.08,9.3030,25.9,1.352,8.18,4.05,-67,9.75,
2026-09-18T13:39:26,2,1.353,8.24,8.9980,25.9,1.341,7.28,4.07,-65,9.75,
2026-09-18T13:39:28,2,1.224,-2.07,8.6780,25.9,1.329,6.31,4.10,-72,9.50,
2026-09-18T13:39:29,2,0.187,-85.04,8.3230,25.9,1.332,6.57,4.05,-75,9.50,
2026-09-18T13:39:30,2,0.518,-58.55,7.9850,25.9,1.323,5.86,4.07,-80,8.50,
2026-09-18T13:39:31,2,0.627,-49.84,7.6300,25.9,1.317,5.34,4.07,-71,9.75,
2026-09-18T13:39:32,2,0.605,-51.58,0.0000,25.9,1.312,4.96,4.06,-77,8.75,
2026-09-18T13:39:39,2,0.501,-59.90,0.0000,25.9,1.280,2.38,4.10,-68,9.50,
2026-09-18T13:39:41,2,0.517,-58.61,0.0000,25.9,1.272,1.80,4.10,-60,9.50,
2026-09-18T13:39:42,2,0.589,-52.87,0.0000,25.9,1.276,2.05,4.06,-67,9.75,
2026-09-18T13:39:43,2,0.508,-59.32,0.0000,25.9,1.266,1.28,4.09,-58,9.75,
2026-09-18T13:39:44,2,0.505,-59.58,0.0000,25.9,1.268,1.47,4.09,-59,10.25,
2026-09-18T13:39:45,2,0.541,-56.74,0.0000,25.9,1.271,1.67,4.06,-67,10.00,
2026-09-18T13:39:46,2,0.500,-60.03,0.0000,25.9,1.262,0.96,4.09,-56,10.00,
2026-09-18T13:39:47,2,0.503,-59.77,0.0000,25.9,1.261,0.89,4.07,-69,9.50,
2026-09-18T13:39:48,2,0.529,-57.71,0.0000,25.9,1.268,1.47,4.06,-57,10.00,
2026-09-18T13:39:49,2,0.499,-60.09,0.0000,25.9,1.260,0.83,4.09,-49,9.75,
2026-09-18T13:39:50,2,0.558,-55.32,0.0000,25.9,1.263,1.02,4.07,-62,10.50,
2026-09-18T13:39:51,2,0.700,-43.98,0.0000,25.9,1.267,1.35,4.07,-60,10.00,
2026-09-18T13:39:53,2,0.506,-59.51,0.0000,25.9,1.262,0.96,4.09,-60,10.25,
2026-09-18T13:39:54,2,0.596,-52.36,0.0000,25.9,1.265,1.22,4.06,-59,10.00,
2026-09-18T13:39:55,2,0.572,-54.23,0.0000,25.9,1.265,1.22,4.06,-58,11.00,
2026-09-18T13:39:56,2,0.508,-59.38,0.0000,25.9,1.260,0.76,4.10,-55,9.50,
2026-09-18T13:39:57,2,0.582,-53.45,0.0000,25.9,1.261,0.89,4.06,-57,10.00,
2026-09-18T13:39:58,2,0.563,-54.94,0.0000,25.9,1.259,0.70,4.08,-58,9.50,
2026-09-18T13:39:59,2,0.507,-59.45,0.0000,25.9,1.259,0.70,4.10,-59,9.25,
2026-09-18T13:40:00,2,0.579,-53.71,0.0000,25.9,1.256,0.51,4.06,-59,9.75,
2026-09-18T13:40:01,2,0.565,-54.81,0.0000,25.9,1.259,0.70,4.08,-59,9.75,
2026-09-18T13:40:02,2,0.507,-59.45,0.0000,25.9,1.252,0.12,4.10,-58,9.25,
2026-09-18T13:40:03,2,0.575,-53.97,0.0000,25.9,1.261,0.89,4.06,-58,10.00,
2026-09-18T13:40:04,2,0.564,-54.87,0.0000,25.9,1.260,0.83,4.08,-59,10.00,
2026-09-18T13:40:06,2,0.508,-59.38,0.0000,25.9,1.255,0.38,4.10,-56,10.25,
2026-09-18T13:40:07,2,0.575,-54.03,0.0000,25.9,1.260,0.76,4.06,-58,9.75,
2026-09-18T13:40:08,2,0.506,-59.51,0.0000,25.9,1.258,0.64,4.09,-55,9.50,
2026-09-18T13:40:09,2,0.506,-59.51,0.0000,25.9,1.260,0.76,4.07,-64,9.50,
2026-09-18T13:40:10,2,0.551,-55.90,0.0000,25.9,1.261,0.89,4.06,-67,10.00,
2026-09-18T13:40:11,2,0.505,-59.58,0.0000,25.9,1.258,0.64,4.10,-61,9.25,
2026-09-18T13:40:12,2,0.508,-59.38,0.0000,25.9,1.262,0.96,4.08,-67,9.75,
2026-09-18T13:40:13,2,0.542,-56.61,0.0000,25.9,1.262,0.96,4.06,-62,10.00,
2026-09-18T13:40:20,2,0.527,-57.84,0.0000,25.9,1.264,1.15,4.09,-52,2.25,
2026-09-18T13:40:21,2,0.507,-59.45,0.0000,25.9,1.264,1.09,4.10,-55,8.00,
2026-09-18T13:40:22,2,0.537,-57.06,0.0000,25.9,1.271,1.67,4.07,-75,9.75,
2026-09-18T13:40:23,2,1.290,3.21,0.0000,25.9,1.264,1.15,4.08,-71,9.25,
2026-09-18T13:40:24,2,1.268,1.41,0.0000,25.9,1.262,0.96,4.10,-68,9.50,
2026-09-18T13:40:25,2,1.297,3.73,0.0000,25.9,1.269,1.54,4.07,-71,9.25,
2026-09-18T13:40:26,2,1.288,3.02,0.8870,25.9,1.275,1.99,4.09,-70,9.50,
2026-09-18T13:40:27,2,1.267,1.35,0.8180,25.9,1.263,1.02,4.10,-74,9.50,
2026-09-18T13:40:28,2,1.291,3.28,0.7490,25.9,1.270,1.60,4.07,-77,9.25,
2026-09-18T13:40:29,2,1.286,2.89,0.6820,25.9,1.266,1.28,4.09,-76,9.25,
2026-09-18T13:40:31,2,1.264,1.15,0.6140,25.9,1.268,1.47,4.10,-75,9.00,
2026-09-18T13:40:33,2,1.264,1.09,0.4840,25.9,1.264,1.09,4.10,-71,9.50,
2026-09-18T13:40:34,2,1.263,1.02,0.4220,25.9,1.266,1.28,4.08,-73,9.50,
2026-09-18T13:40:35,2,1.288,3.02,0.3630,25.9,1.275,1.99,4.07,-73,9.50,
2026-09-18T13:40:36,2,1.260,0.76,0.3080,25.9,1.263,1.02,4.10,-72,10.00,
2026-09-18T13:40:37,2,1.261,0.89,0.2560,25.9,1.261,0.89,4.09,-63,9.75,
2026-09-18T13:40:38,2,1.285,2.76,0.2070,25.9,1.269,1.54,4.07,-63,9.25,
2026-09-18T13:40:39,2,1.260,0.76,0.1220,25.9,1.261,0.89,4.10,-66,9.50,
2026-09-18T13:40:40,2,1.261,0.89,0.0930,25.9,1.268,1.41,4.08,-69,9.50,
2026-09-18T13:40:41,2,1.281,2.44,0.0700,25.9,1.267,1.35,4.07,-69,9.25,
2026-09-18T13:40:43,2,1.258,0.64,0.0530,25.9,1.263,1.02,4.10,-70,9.75,
2026-09-18T13:40:44,2,1.261,0.89,0.0390,25.9,1.266,1.28,4.08,-69,9.50,
2026-09-18T13:40:45,2,1.279,2.31,0.0280,25.9,1.264,1.15,4.08,-68,9.25,
2026-09-18T13:40:46,2,1.256,0.51,0.0200,25.9,1.265,1.22,4.10,-68,9.75,
2026-09-18T13:40:47,2,1.290,3.21,0.0150,25.9,1.268,1.47,4.07,-69,9.25,
2026-09-18T13:40:48,2,1.281,2.44,0.0100,25.9,1.265,1.22,4.08,-69,9.25,
2026-09-18T13:40:49,2,1.256,0.44,0.0070,25.9,1.263,1.02,4.10,-68,10.00,
2026-09-18T13:40:50,2,1.287,2.96,0.0040,25.9,1.271,1.67,4.06,-66,9.50,
2026-09-18T13:40:51,2,1.282,2.57,0.0010,25.9,1.265,1.22,4.09,-67,9.50,
2026-09-18T13:40:52,2,1.257,0.57,0.0010,25.9,1.260,0.83,4.10,-65,9.75,
2026-09-18T13:40:53,2,1.296,3.67,0.0000,25.9,1.269,1.54,4.07,-60,9.25,
2026-09-18T13:40:54,2,1.279,2.31,0.0000,25.9,1.263,1.02,4.09,-63,10.00,
2026-09-18T13:41:01,2,1.255,0.38,0.0000,25.9,1.262,0.96,4.10,-53,-0.75,
2026-09-18T13:41:02,2,1.260,0.76,0.0000,25.9,1.266,1.28,4.08,-62,10.00,
2026-09-18T13:41:03,2,1.281,2.51,0.0000,25.9,1.269,1.54,4.07,-60,9.25,
2026-09-18T13:41:04,2,1.257,0.57,0.0000,25.9,1.260,0.83,4.10,-58,9.50,
2026-09-18T13:41:05,2,1.260,0.76,0.0000,25.9,1.268,1.41,4.08,-62,10.25,
2026-09-18T13:41:06,2,1.280,2.38,0.0000,25.9,1.267,1.35,4.08,-71,9.25,
2026-09-18T13:41:08,2,1.256,0.44,0.0000,25.9,1.264,1.09,4.10,-66,10.00,
2026-09-18T13:41:09,2,1.261,0.89,0.0000,25.9,1.270,1.60,4.08,-63,9.75,
2026-09-18T13:41:10,2,1.278,2.25,0.0000,25.9,1.266,1.28,4.08,-66,9.50,
2026-09-18T13:41:11,2,1.260,0.76,0.0000,25.9,1.262,0.96,4.10,-63,9.50,
2026-09-18T13:41:12,2,1.257,0.57,0.0000,25.9,1.264,1.09,4.08,-69,9.25,
2026-09-18T13:41:13,2,1.278,2.25,0.0000,25.9,1.268,1.41,4.08,-69,9.50,
2026-09-18T13:41:14,2,1.260,0.83,0.0000,25.9,1.262,0.96,4.10,-68,9.50,
2026-09-18T13:41:15,2,1.289,3.09,0.0000,25.9,1.268,1.47,4.06,-64,9.50,
2026-09-18T13:41:16,2,1.279,2.31,0.0000,25.9,1.265,1.22,4.08,-67,9.75,
2026-09-18T13:41:17,2,1.259,0.70,0.0000,25.9,1.264,1.15,4.10,-65,9.75,
2026-09-18T13:41:18,2,1.285,2.76,0.0000,25.9,1.270,1.60,4.05,-67,9.50,
2026-09-18T13:41:19,2,1.281,2.44,0.0000,25.9,1.264,1.15,4.08,-68,9.75,
2026-09-18T13:41:21,2,1.261,0.89,0.0000,25.9,1.268,1.47,4.08,-63,9.75,
2026-09-18T13:41:22,2,1.285,2.83,0.0000,25.9,1.268,1.41,4.06,-60,9.75,
2026-09-18T13:41:23,2,1.277,2.18,0.0000,25.9,1.261,0.89,4.08,-65,9.75,
2026-09-18T13:41:24,2,1.260,0.83,0.0000,25.9,1.267,1.35,4.08,-65,9.25,
2026-09-18T13:41:25,2,1.284,2.70,0.0000,25.9,1.273,1.86,4.06,-65,9.50,
2026-09-18T13:41:26,2,1.277,2.18,0.0000,25.9,1.264,1.15,4.09,-65,9.75,
2026-09-18T13:41:27,2,1.261,0.89,0.0000,25.9,1.266,1.28,4.08,-63,9.75,
2026-09-18T13:41:28,2,1.285,2.83,0.0000,25.9,1.263,1.02,4.07,-60,9.50,
2026-09-18T13:41:29,2,1.256,0.51,0.0000,25.9,1.264,1.09,4.10,-63,9.75,
2026-09-18T13:41:30,2,1.258,0.64,0.0000,25.9,1.268,1.47,4.08,-61,9.75,
2026-09-18T13:41:31,2,1.279,2.31,0.0000,25.9,1.264,1.15,4.08,-63,9.50,
2026-09-18T13:41:33,2,1.256,0.51,0.0000,25.9,1.263,1.02,4.10,-68,10.25,
2026-09-18T13:41:34,2,1.261,0.89,0.0000,25.9,1.268,1.41,4.09,-62,9.75,
2026-09-18T13:41:35,2,1.281,2.44,0.0000,25.9,1.264,1.15,4.08,-70,9.50,
2026-09-18T13:41:36,2,1.258,0.64,0.0000,25.9,1.263,1.02,4.10,-70,10.25,
2026-09-18T13:41:40,2,1.286,2.89,0.0000,25.9,1.269,1.54,4.06,-59,0.50,
2026-09-18T13:41:41,2,1.279,2.31,0.0000,25.9,1.266,1.28,4.09,-57,6.75,
2026-09-18T13:41:43,2,1.285,2.83,0.0000,25.9,1.268,1.47,4.06,-67,9.75,
2026-09-18T13:41:44,2,1.276,2.12,0.0000,25.9,1.265,1.22,4.08,-66,9.75,
2026-09-18T13:41:46,2,1.260,0.83,0.0000,25.9,1.267,1.35,4.08,-65,9.75,
2026-09-18T13:41:47,2,1.284,2.70,0.0000,25.9,1.269,1.54,4.06,-69,9.25,
2026-09-18T13:41:48,2,1.276,2.12,0.0000,25.9,1.265,1.22,4.08,-63,10.00,
2026-09-18T13:41:49,2,1.263,1.02,0.0000,25.9,1.267,1.35,4.08,-60,9.50,
2026-09-18T13:41:50,2,1.278,2.25,0.0000,25.9,1.269,1.54,4.06,-60,9.50,
2026-09-18T13:41:51,2,1.258,0.64,0.0000,25.9,1.266,1.28,4.09,-60,10.00,
2026-09-18T13:41:52,2,1.252,0.18,0.0000,25.9,1.265,1.22,4.08,-60,10.00,
2026-09-18T13:41:53,2,1.280,2.38,0.0000,25.9,1.264,1.15,4.08,-60,10.00,
2026-09-18T13:41:54,2,1.259,0.70,0.0000,25.9,1.262,0.96,4.10,-59,9.75,
2026-09-18T13:41:55,2,1.261,0.89,0.0000,25.9,1.266,1.28,4.08,-59,9.25,
2026-09-18T13:41:56,2,1.278,2.25,0.0000,25.9,1.264,1.15,4.08,-60,9.50,
2026-09-18T13:41:58,2,1.256,0.51,0.0000,25.9,1.262,0.96,4.10,-63,9.75,
2026-09-18T13:41:59,2,1.260,0.76,0.0000,25.9,1.265,1.22,4.08,-62,9.75,
2026-09-18T13:42:00,2,1.279,2.31,0.0000,25.9,1.264,1.15,4.08,-63,9.25,
2026-09-18T13:42:01,2,1.259,0.70,0.0000,25.9,1.264,1.09,4.10,-62,9.75,
2026-09-18T13:42:02,2,1.260,0.83,0.0000,25.9,1.265,1.22,4.08,-64,9.75,
2026-09-18T13:42:03,2,1.279,2.31,0.0000,25.9,1.266,1.28,4.08,-62,10.25,
2026-09-18T13:42:04,2,1.255,0.38,0.0000,25.9,1.266,1.28,4.08,-61,9.75,
2026-09-18T13:42:05,2,1.289,3.09,0.0000,25.9,1.267,1.35,4.07,-62,9.50,
2026-09-18T13:42:06,2,1.278,2.25,0.0000,25.9,1.266,1.28,4.08,-61,9.75,
2026-09-18T13:42:07,2,1.261,0.89,0.0000,25.9,1.265,1.22,4.08,-60,9.75,
2026-09-18T13:42:08,2,1.287,2.96,0.0000,25.9,1.270,1.60,4.06,-61,9.50,
2026-09-18T13:42:09,2,1.282,2.57,0.0000,25.9,1.264,1.15,4.08,-61,10.00,
2026-09-18T13:42:11,2,1.258,0.64,0.0000,25.9,1.267,1.35,4.08,-60,10.00,
2026-09-18T13:42:12,2,1.285,2.76,0.0000,25.9,1.267,1.35,4.07,-61,9.50,
2026-09-18T13:42:13,2,1.280,2.38,0.0000,25.9,1.264,1.15,4.08,-60,9.75,
2026-09-18T13:42:14,2,1.261,0.89,0.0000,25.9,1.268,1.41,4.08,-62,9.50,
2026-09-18T13:42:15,2,1.272,1.80,0.0000,25.9,1.263,1.02,4.08,-60,9.75,
2026-09-18T13:42:16,2,1.256,0.51,0.0000,25.9,1.262,0.96,4.10,-61,10.00,
2026-09-18T13:42:17,2,1.260,0.76,0.0000,25.9,1.267,1.35,4.08,-60,9.75,
2026-09-18T13:42:25,2,1.279,2.31,0.0000,25.9,1.258,0.64,4.08,-67,9.75,
2026-09-18T13:42:26,2,1.260,0.76,0.0000,25.9,1.267,1.35,4.09,-76,9.25,
2026-09-18T13:42:27,2,1.260,0.76,0.0000,25.9,1.265,1.22,4.08,-67,9.50,
2026-09-18T13:42:28,2,1.279,2.31,0.0000,25.9,1.266,1.28,4.08,-66,9.75,
2026-09-18T13:42:29,2,1.262,0.96,0.0000,25.9,1.266,1.28,4.08,-66,9.75,
2026-09-18T13:42:30,2,1.287,2.96,0.0000,25.9,1.268,1.47,4.06,-69,9.00,
2026-09-18T13:42:31,2,1.278,2.25,0.0000,25.9,1.266,1.28,4.08,-66,9.75,
2026-09-18T13:42:32,2,1.261,0.89,0.0000,25.9,1.267,1.35,4.08,-70,9.25,
2026-09-18T13:42:33,2,1.287,2.96,0.0000,25.9,1.268,1.41,4.06,-65,9.75,
2026-09-18T13:42:34,2,1.280,2.38,0.0000,25.9,1.265,1.22,4.08,-73,9.75,
2026-09-18T13:42:36,2,1.263,1.02,0.0000,25.9,1.264,1.15,4.08,-67,9.75,
2026-09-18T13:42:37,2,1.284,2.70,0.0000,25.9,1.267,1.35,4.06,-65,9.25,
2026-09-18T13:42:38,2,1.282,2.57,0.0000,25.9,1.264,1.15,4.09,-68,9.75,
2026-09-18T13:42:39,2,1.260,0.76,0.0000,25.9,1.268,1.41,4.08,-63,9.50,
2026-09-18T13:42:40,2,1.281,2.44,0.0000,25.9,1.264,1.15,4.08,-71,9.75,
2026-09-18T13:42:41,2,1.256,0.51,0.0000,25.9,1.264,1.09,4.10,-65,9.75,
2026-09-18T13:42:42,2,1.259,0.70,0.0000,25.9,1.268,1.41,4.08,-66,9.50,
2026-09-18T13:42:43,2,1.279,2.31,0.0000,25.9,1.265,1.22,4.08,-65,9.75,
2026-09-18T13:42:44,2,1.257,0.57,0.0000,25.9,1.262,0.96,4.10,-70,10.00,
2026-09-18T13:42:45,2,1.260,0.76,0.0000,25.9,1.265,1.22,4.08,-64,9.50,
2026-09-18T13:42:46,2,1.279,2.31,0.0000,25.9,1.273,1.86,4.08,-68,9.75,
2026-09-18T13:42:48,2,1.258,0.64,0.0000,25.9,1.264,1.09,4.10,-69,9.50,
2026-09-18T13:42:49,2,1.262,0.96,0.0000,25.9,1.264,1.15,4.08,-69,9.50,
2026-09-18T13:42:50,2,1.276,2.05,0.0000,25.9,1.265,1.22,4.07,-65,9.50,
2026-09-18T13:42:51,2,1.259,0.70,0.0000,25.9,1.265,1.22,4.07,-65,9.25,
2026-09-18T13:42:52,2,1.261,0.89,0.0000,25.9,1.265,1.22,4.08,-70,9.75,
2026-09-18T13:42:53,2,1.275,1.99,0.0000,25.9,1.266,1.28,4.08,-66,9.75,
2026-09-18T13:42:54,2,1.261,0.89,0.0000,25.9,1.265,1.22,4.08,-71,9.75,
2026-09-18T13:42:55,2,1.287,2.96,0.0000,25.9,1.270,1.60,4.06,-66,9.50,
2026-09-18T13:42:56,2,1.276,2.12,0.0000,25.9,1.263,1.02,4.08,-71,9.25,
2026-09-18T13:42:57,2,1.260,0.76,0.0000,25.9,1.268,1.47,4.08,-79,9.00,
2026-09-18T13:42:58,2,1.285,2.76,0.0000,25.9,1.270,1.60,4.06,-78,9.25,
2026-09-18T13:43:06,2,1.255,0.38,0.0000,25.9,1.265,1.22,4.00,-67,8.00,
2026-09-18T13:43:07,2,1.261,0.89,0.0000,25.9,1.264,1.09,4.08,-72,9.50,
2026-09-18T13:43:08,2,1.277,2.18,0.0000,25.9,1.264,1.15,4.08,-69,9.50,
2026-09-18T13:43:09,2,1.258,0.64,0.0000,25.9,1.262,0.96,4.10,-68,10.25,
2026-09-18T13:43:10,2,1.258,0.64,0.0000,25.9,1.265,1.22,4.08,-68,9.75,
2026-09-18T13:43:11,2,1.279,2.31,0.0000,25.9,1.264,1.15,4.08,-68,9.75,
2026-09-18T13:43:13,2,1.262,0.96,0.0000,25.9,1.269,1.54,4.08,-65,9.50,
2026-09-18T13:43:14,2,1.262,0.96,0.0000,25.9,1.266,1.28,4.08,-64,9.50,
2026-09-18T13:43:15,2,1.279,2.31,0.0000,25.9,1.264,1.15,4.09,-64,9.50,
2026-09-18T13:43:16,2,1.260,0.76,0.0000,25.9,1.268,1.47,4.08,-64,9.75,
2026-09-18T13:43:17,2,1.260,0.76,0.0000,25.9,1.265,1.22,4.09,-64,9.25,
2026-09-18T13:43:18,2,1.281,2.44,0.0000,25.9,1.268,1.41,4.08,-63,9.75,
2026-09-18T13:43:19,2,1.260,0.83,0.0000,25.9,1.266,1.28,4.08,-62,10.00,
2026-09-18T13:43:20,2,1.292,3.34,0.0000,25.9,1.268,1.47,4.06,-62,9.75,
2026-09-18T13:43:21,2,1.303,4.25,0.0000,25.9,1.264,1.15,4.08,-65,9.50,
2026-09-18T13:43:22,2,1.259,0.70,0.0000,25.9,1.267,1.35,4.08,-65,9.50,
2026-09-18T13:43:23,2,1.281,2.51,0.0000,25.9,1.265,1.22,4.08,-75,9.25,
2026-09-18T13:43:24,2,1.276,2.12,0.0000,25.9,1.265,1.22,4.08,-71,9.75,
2026-09-18T13:43:26,2,1.260,0.76,0.0000,25.9,1.266,1.28,4.08,-69,10.00,
2026-09-18T13:43:27,2,1.282,2.57,0.0000,25.9,1.263,1.02,4.08,-67,9.50,
2026-09-18T13:43:28,2,1.274,1.93,0.0000,25.9,1.266,1.28,4.08,-70,9.75,
2026-09-18T13:43:29,2,1.262,0.96,0.0000,25.9,1.266,1.28,4.08,-70,10.00,
2026-09-18T13:43:30,2,1.281,2.51,0.0000,25.9,1.264,1.15,4.08,-70,9.75,
2026-09-18T13:43:31,2,1.274,1.93,0.0000,25.9,1.267,1.35,4.09,-71,9.25,
2026-09-18T13:43:32,2,1.259,0.70,0.0000,25.9,1.264,1.15,4.08,-73,9.75,
2026-09-18T13:43:33,2,1.278,2.25,0.0000,25.9,1.264,1.09,4.08,-76,9.50,
2026-09-18T13:43:34,2,1.260,0.83,0.0000,25.9,1.268,1.41,4.10,-74,9.75,
2026-09-18T13:43:35,2,1.260,0.83,0.0000,25.9,1.265,1.22,4.08,-74,9.75,
2026-09-18T13:43:36,2,1.278,2.25,0.0000,25.9,1.260,0.83,4.08,-70,9.75,
2026-09-18T13:43:38,2,1.260,0.76,0.0000,25.9,1.267,1.35,4.08,-70,9.75,
2026-09-18T13:43:39,2,1.260,0.76,0.0000,25.9,1.268,1.41,4.08,-70,9.25,
2026-09-18T13:43:40,2,1.276,2.12,0.0000,25.9,1.265,1.22,4.08,-71,10.00,
2026-09-18T13:43:45,2,1.275,1.99,0.0000,25.9,1.265,1.22,4.08,-66,7.75,
2026-09-18T13:43:47,2,1.258,0.64,0.0000,25.9,1.266,1.28,4.00,-56,6.75,
2026-09-18T13:43:48,2,1.284,2.70,0.0000,25.9,1.266,1.28,4.08,-64,9.50,
2026-09-18T13:43:49,2,1.276,2.12,0.0000,25.9,1.267,1.35,4.08,-70,9.25,
2026-09-18T13:43:51,2,1.261,0.89,0.0000,25.9,1.265,1.22,4.08,-66,9.50,
2026-09-18T13:43:52,2,1.282,2.57,0.0000,25.9,1.266,1.28,4.08,-70,9.75,
2026-09-18T13:43:53,2,1.276,2.12,0.0000,25.9,1.265,1.22,4.08,-67,10.00,
2026-09-18T13:43:54,2,1.259,0.70,0.0000,25.9,1.266,1.28,4.09,-67,9.75,
2026-09-18T13:43:55,2,1.281,2.44,0.0000,25.9,1.264,1.15,4.07,-67,9.50,
2026-09-18T13:43:56,2,1.276,2.05,0.0000,25.9,1.269,1.54,4.08,-64,9.25,
2026-09-18T13:43:57,2,1.260,0.76,0.0000,25.9,1.267,1.35,4.08,-64,9.25,
2026-09-18T13:43:58,2,1.278,2.25,0.0000,25.9,1.265,1.22,4.08,-62,10.75,
2026-09-18T13:43:59,2,1.261,0.89,0.0000,25.9,1.266,1.28,4.08,-63,9.75,
2026-09-18T13:44:00,2,1.260,0.76,0.0000,25.9,1.265,1.22,4.08,-63,9.50,
2026-09-18T13:44:01,2,1.276,2.05,0.0000,25.9,1.264,1.15,4.08,-63,9.75,
2026-09-18T13:44:03,2,1.259,0.70,0.0000,25.9,1.267,1.35,4.08,-63,9.75,
2026-09-18T13:44:04,2,1.260,0.83,0.0000,25.9,1.268,1.41,4.08,-66,9.50,
2026-09-18T13:44:05,2,1.276,2.12,0.0000,25.9,1.264,1.15,4.08,-65,9.75,
2026-09-18T13:44:06,2,1.260,0.83,0.0000,25.9,1.266,1.28,4.08,-65,9.50,
2026-09-18T13:44:07,2,1.256,0.51,0.0010,25.9,1.264,1.15,4.10,-64,10.00,
2026-09-18T13:44:08,2,1.276,2.12,0.0020,25.9,1.268,1.47,4.08,-63,9.50,
2026-09-18T13:44:09,2,1.260,0.83,0.0030,25.9,1.268,1.41,4.08,-63,10.25,
2026-09-18T13:44:10,2,1.256,0.51,0.0040,25.9,1.264,1.15,4.09,-61,9.75,
2026-09-18T13:44:11,2,1.276,2.12,0.0070,25.9,1.264,1.15,4.08,-62,9.75,
2026-09-18T13:44:12,2,1.259,0.70,0.0090,25.9,1.266,1.28,4.08,-60,9.50,
2026-09-18T13:44:13,2,1.281,2.51,0.0120,25.9,1.265,1.22,4.08,-65,9.50,
2026-09-18T13:44:14,2,1.277,2.18,0.0140,25.9,1.267,1.35,4.08,-62,9.50,
2026-09-18T13:44:16,2,1.262,0.96,0.0320,25.9,1.264,1.09,4.08,-63,9.25,
2026-09-18T13:44:17,2,1.285,2.76,0.0760,25.9,1.270,1.60,4.08,-63,10.00,
2026-09-18T13:44:18,2,1.280,2.38,0.1410,25.9,1.274,1.93,4.08,-65,9.50,
2026-09-18T13:44:19,2,1.268,1.47,0.2150,25.9,1.272,1.80,4.08,-65,9.50,
2026-09-18T13:44:20,2,1.288,3.02,0.2960,25.9,1.274,1.93,4.09,-61,9.75,
2026-09-18T13:44:21,2,1.291,3.28,0.3850,25.9,1.280,2.38,4.06,-63,9.75,
2026-09-18T13:44:22,2,1.271,1.67,0.4810,25.9,1.280,2.38,4.08,-63,10.00,
2026-09-18T13:44:30,2,1.304,4.31,1.5510,25.9,1.298,3.86,4.08,-61,9.75,
2026-09-18T13:44:31,2,1.293,3.41,1.7470,25.9,1.301,4.12,4.08,-61,9.50,
2026-09-18T13:44:32,2,1.293,3.47,1.9510,25.9,1.305,4.44,4.10,-61,9.75,
2026-09-18T13:44:33,2,1.314,5.08,2.1640,25.9,1.305,4.44,4.08,-61,9.50,
2026-09-18T13:44:34,2,1.297,3.73,2.3880,25.9,1.307,4.57,4.07,-61,9.50,
2026-09-18T13:44:35,2,1.318,5.47,2.6250,25.9,1.309,4.70,4.08,-61,9.50,
2026-09-18T13:44:36,2,1.316,5.28,2.9380,25.9,1.309,4.70,4.08,-62,9.75,
2026-09-18T13:44:37,2,1.301,4.05,3.0160,25.9,1.313,5.02,4.08,-62,9.50,
2026-09-18T13:44:38,2,1.322,5.79,3.0930,25.9,1.307,4.57,4.07,-61,9.25,
2026-09-18T13:44:39,2,1.322,5.73,3.1720,25.9,1.315,5.21,4.07,-61,9.75,
2026-09-18T13:44:41,2,1.303,4.25,3.2500,25.9,1.314,5.08,4.07,-61,9.50,
2026-09-18T13:44:42,2,1.322,5.73,3.3270,25.9,1.314,5.08,4.08,-61,12.00,
2026-09-18T13:44:43,2,1.326,6.05,3.4000,25.9,1.318,5.41,4.06,-61,9.25,
2026-09-18T13:44:44,2,1.305,4.44,3.4680,25.9,1.318,5.41,4.07,-61,9.50,
2026-09-18T13:44:45,2,1.322,5.79,3.5380,25.9,1.315,5.21,4.08,-61,9.75,
2026-09-18T13:44:46,2,1.310,4.76,3.6100,25.9,1.320,5.60,4.08,-60,9.50,
2026-09-18T13:44:47,2,1.309,4.70,3.6760,25.9,1.318,5.41,4.08,-64,9.50,
2026-09-18T13:44:48,2,1.327,6.18,3.7420,25.9,1.320,5.60,4.08,-62,9.75,
2026-09-18T13:44:49,2,1.311,4.89,3.8840,25.9,1.322,5.73,4.08,-62,9.75,
2026-09-18T13:44:50,2,1.311,4.89,3.9550,25.9,1.323,5.86,4.08,-62,9.75,
2026-09-18T13:44:51,2,1.331,6.50,4.0290,25.9,1.325,5.99,4.08,-62,9.75,
2026-09-18T13:44:53,2,1.314,5.08,4.1040,25.9,1.325,5.99,4.08,-62,9.75,
2026-09-18T13:44:54,2,1.311,4.89,4.1770,25.9,1.322,5.79,4.10,-62,9.75,
2026-09-18T13:44:55,2,1.330,6.44,4.2530,25.9,1.328,6.24,4.08,-63,10.00,
2026-09-18T13:44:56,2,1.314,5.15,4.2850,25.9,1.329,6.31,4.07,-63,9.50,
2026-09-18T13:44:57,2,1.339,7.15,4.3140,25.9,1.330,6.44,4.07,-62,9.75,
2026-09-18T13:44:58,2,1.333,6.63,4.3430,25.9,1.332,6.57,4.08,-63,9.75,
2026-09-18T13:44:59,2,1.317,5.34,4.3730,25.9,1.334,6.70,4.08,-62,9.75,
2026-09-18T13:45:00,2,1.337,6.95,4.4030,25.9,1.333,6.63,4.07,-63,10.00,
2026-09-18T13:45:01,2,1.335,6.76,4.5720,25.9,1.332,6.57,4.08,-62,10.25,
2026-09-18T13:45:02,2,1.319,5.54,4.6180,25.9,1.335,6.76,4.08,-62,9.75,
2026-09-18T13:45:03,2,1.339,7.08,4.6680,25.9,1.335,6.82,4.08,-64,9.50,
2026-09-18T13:45:11,2,1.326,6.05,5.0390,25.9,1.343,7.41,4.08,-57,7.50,
2026-09-18T13:45:12,2,1.326,6.05,5.1000,25.9,1.344,7.53,4.08,-64,9.25,
2026-09-18T13:45:13,2,1.344,7.53,5.1580,25.9,1.343,7.47,4.08,-64,9.50,
2026-09-18T13:45:14,2,1.326,6.12,5.2830,25.9,1.346,7.66,4.08,-64,9.00,
2026-09-18T13:45:15,2,1.325,5.99,5.3490,25.9,1.344,7.53,4.10,-64,9.50,
2026-09-18T13:45:16,2,1.347,7.79,5.4130,25.9,1.349,7.92,4.08,-64,9.50,
2026-09-18T13:45:18,2,1.330,6.44,5.4770,25.9,1.349,7.92,4.08,-64,9.25,
2026-09-18T13:45:19,2,1.328,6.24,5.5450,25.9,1.349,7.92,4.10,-63,10.00,
2026-09-18T13:45:20,2,1.347,7.79,5.6150,25.9,1.355,8.37,4.08,-63,9.50,
2026-09-18T13:45:21,2,1.333,6.63,5.6830,25.9,1.351,8.11,4.08,-64,9.25,
2026-09-18T13:45:22,2,1.358,8.63,5.7570,25.9,1.352,8.18,4.07,-64,9.25,
2026-09-18T13:45:23,2,1.350,7.99,5.8240,25.9,1.361,8.89,4.08,-64,9.50,
2026-09-18T13:45:24,2,1.338,7.02,5.8970,25.9,1.357,8.57,4.08,-62,9.50,
2026-09-18T13:45:25,2,1.359,8.69,5.9650,25.9,1.358,8.63,4.08,-64,9.25,
2026-09-18T13:45:26,2,1.359,8.76,6.1140,25.9,1.362,8.95,4.06,-66,9.25,
2026-09-18T13:45:27,2,1.338,7.02,6.1910,25.9,1.359,8.76,4.08,-63,9.75,
2026-09-18T13:45:28,2,1.360,8.82,6.2690,25.9,1.360,8.82,4.08,-64,9.75,
2026-09-18T13:45:30,2,1.363,9.02,6.3500,25.9,1.374,9.92,4.06,-62,9.50,
2026-09-18T13:45:31,2,1.340,7.21,6.4310,25.9,1.364,9.08,4.08,-61,9.50,
2026-09-18T13:45:32,2,1.362,8.95,6.5100,25.9,1.364,9.15,4.07,-61,9.50,
2026-09-18T13:45:33,2,1.347,7.73,6.5930,25.9,1.366,9.27,4.07,-61,11.50,
2026-09-18T13:45:34,2,1.346,7.66,6.6780,25.9,1.368,9.40,4.08,-60,9.75,
2026-09-18T13:45:35,2,1.368,9.40,6.7640,25.9,1.368,9.47,4.08,-61,9.75,
2026-09-18T13:45:36,2,1.348,7.86,6.8540,25.9,1.372,9.73,4.08,-63,9.75,
2026-09-18T13:45:37,2,1.347,7.79,6.9410,25.9,1.368,9.40,4.10,-66,10.25,
2026-09-18T13:45:38,2,1.370,9.60,7.0270,25.9,1.374,9.92,4.08,-63,9.00,
2026-09-18T13:45:40,2,1.352,8.18,7.2950,25.9,1.374,9.92,4.10,-63,9.25,
2026-09-18T13:45:41,2,1.372,9.73,7.3900,25.9,1.380,10.37,4.08,-67,9.50,
2026-09-18T13:45:43,2,1.356,8.50,7.4860,25.9,1.380,10.44,4.08,-63,9.75,
2026-09-18T13:45:49,2,1.364,9.15,8.0770,25.9,1.390,11.21,4.08,-65,9.75,
2026-09-18T13:45:50,2,1.389,11.14,8.1760,25.9,1.394,11.53,4.08,-67,9.75,
2026-09-18T13:45:51,2,1.391,11.27,8.3860,25.9,1.396,11.66,4.06,-65,9.50,
2026-09-18T13:45:52,2,1.369,9.53,8.4900,25.9,1.395,11.60,4.08,-66,9.50,
2026-09-18T13:45:53,2,1.389,11.14,8.5960,25.9,1.394,11.53,4.08,-64,9.25,
2026-09-18T13:45:55,2,1.389,11.14,8.7040,25.9,1.400,11.98,4.06,-62,10.00,
2026-09-18T13:45:56,2,1.372,9.79,8.8060,25.9,1.399,11.92,4.08,-64,9.25,
2026-09-18T13:45:57,2,1.392,11.34,8.9130,25.9,1.402,12.18,4.08,-64,9.50,
2026-09-18T13:45:58,2,1.380,10.37,9.0250,25.9,1.405,12.37,4.08,-64,9.75,
2026-09-18T13:45:59,2,1.374,9.92,9.1380,25.9,1.402,12.18,4.09,-63,9.75,
2026-09-18T13:46:00,2,1.397,11.72,9.2440,25.9,1.406,12.50,4.08,-64,9.25,
2026-09-18T13:46:01,2,1.381,10.50,9.3600,25.9,1.409,12.69,4.08,-64,9.50,
2026-09-18T13:46:02,2,1.381,10.50,9.4720,25.9,1.408,12.63,4.10,-64,9.25,
2026-09-18T13:46:03,2,1.401,12.11,9.5820,25.9,1.410,12.82,4.08,-62,9.75,
2026-09-18T13:46:04,2,1.385,10.82,9.8070,25.9,1.413,13.08,4.08,-63,10.00,
2026-09-18T13:46:05,2,1.385,10.82,9.9220,25.9,1.413,13.01,4.10,-64,9.50,
2026-09-18T13:46:06,2,1.406,12.50,10.0360,25.9,1.417,13.34,4.08,-65,9.25,
2026-09-18T13:46:08,2,1.389,11.14,10.1510,25.9,1.418,13.40,4.08,-64,10.25,
2026-09-18T13:46:09,2,1.413,13.08,10.2670,25.9,1.419,13.53,4.07,-62,10.25,
2026-09-18T13:46:10,2,1.415,13.21,10.3870,25.9,1.426,14.05,4.06,-63,9.75,
2026-09-18T13:46:11,2,1.395,11.60,10.5020,25.9,1.428,14.24,4.08,-64,9.75,
2026-09-18T13:46:12,2,1.417,13.34,10.6210,25.9,1.427,14.17,4.08,-64,9.75,
2026-09-18T13:46:13,2,1.400,11.98,10.7410,25.9,1.430,14.43,4.08,-64,9.25,
2026-09-18T13:46:14,2,1.393,11.47,10.8620,25.9,1.430,14.37,4.10,-64,9.50,
2026-09-18T13:46:15,2,1.420,13.59,10.9770,25.9,1.433,14.63,4.08,-65,9.75,
2026-09-18T13:46:16,2,1.404,12.30,11.2190,25.9,1.436,14.88,4.07,-65,10.25,
2026-09-18T13:46:17,2,1.432,14.56,11.3420,25.9,1.438,15.08,4.08,-65,9.25,
2026-09-18T13:46:18,2,1.428,14.24,11.4610,25.9,1.441,15.27,4.06,-65,9.75,
2026-09-18T13:46:20,2,1.409,12.76,11.5840,25.9,1.439,15.14,4.08,-65,9.50,
2026-09-18T13:46:28,2,1.422,13.79,12.6920,25.9,1.457,16.56,4.08,-64,9.75,
2026-09-18T13:46:29,2,1.446,15.66,12.8160,25.9,1.457,16.56,4.08,-64,9.75,
2026-09-18T13:46:31,2,1.447,15.72,12.9450,25.9,1.463,17.01,4.06,-63,10.00,
2026-09-18T13:46:32,2,1.427,14.17,13.0690,25.9,1.457,16.56,4.08,-64,9.75,
2026-09-18T13:46:33,2,1.447,15.79,13.1940,25.9,1.465,17.20,4.08,-64,10.00,
2026-09-18T13:46:34,2,1.432,14.56,13.3210,25.9,1.464,17.14,4.08,-64,9.50,
2026-09-18T13:46:35,2,1.432,14.56,13.4470,25.9,1.463,17.08,4.09,-71,9.25,
2026-09-18T13:46:36,2,1.455,16.43,13.5770,25.9,1.469,17.53,4.08,-71,9.50,
2026-09-18T13:46:37,2,1.438,15.08,13.6980,25.9,1.472,17.72,4.08,-67,9.75,
2026-09-18T13:46:38,2,1.462,16.95,13.8150,25.9,1.476,18.11,4.07,-65,10.00,
2026-09-18T13:46:39,2,1.460,16.82,13.9360,25.9,1.477,18.17,4.06,-68,10.25,
2026-09-18T13:46:40,2,1.441,15.27,14.1870,25.9,1.474,17.91,4.08,-69,9.25,
2026-09-18T13:46:41,2,1.463,17.01,14.3160,25.9,1.476,18.11,4.07,-68,10.75,
2026-09-18T13:46:43,2,1.446,15.66,14.4430,25.9,1.480,18.43,4.08,-69,9.75,
2026-09-18T13:46:44,2,1.449,15.92,14.5630,25.9,1.478,18.24,4.10,-70,9.50,
2026-09-18T13:46:45,2,1.464,17.14,14.6880,25.9,1.481,18.49,4.08,-70,9.75,
2026-09-18T13:46:46,2,1.456,16.50,14.8050,25.9,1.484,18.69,4.08,-70,9.75,
2026-09-18T13:46:47,2,1.477,18.17,14.9220,25.9,1.486,18.88,4.07,-71,10.50,
2026-09-18T13:46:48,2,1.476,18.04,15.0400,25.9,1.488,19.01,4.06,-72,9.75,
2026-09-18T13:46:49,2,1.453,16.24,15.1560,25.9,1.489,19.14,4.08,-69,9.75,
2026-09-18T13:46:50,2,1.477,18.17,15.2700,25.9,1.488,19.01,4.08,-68,9.75,
2026-09-18T13:46:51,2,1.474,17.91,15.4840,25.9,1.496,19.65,4.06,-65,9.75,
2026-09-18T13:46:52,2,1.455,16.37,15.5990,25.9,1.489,19.14,4.10,-69,9.75,
2026-09-18T13:46:53,2,1.481,18.49,15.7010,25.9,1.493,19.46,4.08,-68,9.75,
2026-09-18T13:46:55,2,1.455,16.43,15.8060,25.9,1.496,19.65,4.08,-68,10.00,
2026-09-18T13:46:56,2,1.458,16.62,15.9060,25.9,1.493,19.46,4.09,-67,9.75,
2026-09-18T13:46:57,2,1.487,18.95,16.0040,25.9,1.504,20.30,4.06,-68,9.50,
2026-09-18T13:46:58,2,1.465,17.20,16.1100,25.9,1.494,19.53,4.08,-69,10.00,
2026-09-18T13:46:59,2,1.488,19.01,16.2090,25.9,1.499,19.91,4.07,-69,10.00,
2026-09-18T13:47:00,2,1.487,18.95,16.3070,25.9,1.506,20.49,4.06,-69,10.25,
2026-09-18T13:47:01,2,1.468,17.46,16.3960,25.9,1.501,20.04,4.10,-69,9.75,
2026-09-18T13:47:02,2,1.490,19.20,16.4810,25.9,1.506,20.49,4.08,-69,10.00,
2026-09-18T13:47:10,2,1.477,18.17,17.1410,25.9,1.508,20.62,4.00,-55,5.00,
2026-09-18T13:47:11,2,1.498,19.85,17.2230,25.9,1.517,21.39,4.07,-66,10.25,
2026-09-18T13:47:12,2,1.500,19.98,17.2970,25.9,1.517,21.33,4.06,-66,9.50,
2026-09-18T13:47:13,2,1.478,18.24,17.3630,25.9,1.511,20.88,4.09,-66,9.75,
2026-09-18T13:47:14,2,1.500,19.98,17.4380,25.9,1.517,21.33,4.08,-66,9.75,
2026-09-18T13:47:15,2,1.484,18.69,17.5790,25.9,1.518,21.46,4.08,-69,10.00,
2026-09-18T13:47:16,2,1.484,18.69,17.6570,25.9,1.513,21.01,4.10,-66,9.50,
2026-09-18T13:47:17,2,1.502,20.17,17.7150,25.9,1.521,21.65,4.06,-65,9.50,
2026-09-18T13:47:19,2,1.485,18.82,17.7750,25.9,1.519,21.52,4.08,-64,9.25,
2026-09-18T13:47:20,2,1.505,20.36,17.8370,25.9,1.517,21.39,4.07,-64,10.00,
2026-09-18T13:47:21,2,1.506,20.49,17.9000,25.9,1.521,21.65,4.06,-64,9.50,
2026-09-18T13:47:22,2,1.483,18.62,17.9620,25.9,1.517,21.39,4.10,-67,9.75,
2026-09-18T13:47:23,2,1.505,20.43,18.0140,25.9,1.520,21.59,4.08,-65,9.50,
2026-09-18T13:47:24,2,1.489,19.14,18.0720,25.9,1.522,21.78,4.08,-66,9.75,
2026-09-18T13:47:25,2,1.489,19.14,18.1220,25.9,1.517,21.33,4.10,-66,10.00,
2026-09-18T13:47:26,2,1.512,20.94,18.1740,25.9,1.525,22.04,4.06,-66,9.75,
2026-09-18T13:47:27,2,1.490,19.20,18.2800,25.9,1.524,21.91,4.08,-66,10.00,
2026-09-18T13:47:28,2,1.514,21.14,18.3310,25.9,1.522,21.78,4.07,-66,10.00,
2026-09-18T13:47:30,2,1.509,20.75,18.3770,25.9,1.538,23.01,4.06,-63,10.00,
2026-09-18T13:47:31,2,1.492,19.33,18.4150,25.9,1.521,21.65,4.10,-67,9.75,
2026-09-18T13:47:32,2,1.513,21.01,18.4600,25.9,1.525,22.04,4.08,-67,9.75,
2026-09-18T13:47:33,2,1.493,19.46,18.5040,25.9,1.525,22.04,4.08,-69,9.50,
2026-09-18T13:47:34,2,1.492,19.33,18.5430,25.9,1.522,21.78,4.10,-65,10.00,
2026-09-18T13:47:35,2,1.516,21.27,18.5770,25.9,1.530,22.36,4.05,-67,10.00,
2026-09-18T13:47:36,2,1.495,19.59,18.6190,25.9,1.525,22.04,4.08,-67,9.50,
2026-09-18T13:47:37,2,1.494,19.53,18.6530,25.9,1.523,21.85,4.10,-65,9.50,
2026-09-18T13:47:38,2,1.516,21.27,18.6960,25.9,1.534,22.68,4.06,-66,10.00,
2026-09-18T13:47:39,2,1.494,19.53,18.7770,25.9,1.525,22.04,4.10,-65,9.50,
2026-09-18T13:47:40,2,1.521,21.72,18.8150,25.9,1.530,22.43,4.08,-65,9.75,
2026-09-18T13:47:42,2,1.517,21.39,18.8460,25.9,1.532,22.56,4.06,-67,9.75,
2026-09-18T13:47:43,2,1.494,19.53,18.8850,25.9,1.527,22.17,4.09,-65,9.50,
2026-09-18T13:47:44,2,1.520,21.59,18.9230,25.9,1.534,22.75,4.06,-65,10.00,
2026-09-18T13:47:45,2,1.499,19.91,18.9590,25.9,1.531,22.49,4.09,-66,9.50,
2026-09-18T13:47:52,2,1.519,21.52,19.2180,25.9,1.530,22.36,4.08,-61,9.50,
2026-09-18T13:47:54,2,1.503,20.23,19.2460,25.9,1.531,22.49,4.08,-64,9.50,
2026-09-18T13:47:55,2,1.499,19.91,19.2810,25.9,1.530,22.36,4.10,-64,9.50,
2026-09-18T13:47:56,2,1.524,21.91,19.3110,25.9,1.538,23.01,4.06,-65,9.50,
2026-09-18T13:47:57,2,1.504,20.30,19.3460,25.9,1.534,22.75,4.08,-62,10.00,
2026-09-18T13:47:58,2,1.526,22.10,19.3720,25.9,1.534,22.75,4.07,-63,10.50,
2026-09-18T13:47:59,2,1.523,21.85,19.3950,25.9,1.539,23.14,4.06,-61,9.75,
2026-09-18T13:48:00,2,1.502,20.17,19.4220,25.9,1.531,22.49,4.08,-60,10.25,
2026-09-18T13:48:01,2,1.526,22.10,19.4490,25.9,1.535,22.81,4.07,-65,10.00,
2026-09-18T13:48:02,2,1.525,21.98,19.5010,25.9,1.538,23.07,4.06,-65,9.75,
2026-09-18T13:48:03,2,1.501,20.04,19.5210,25.9,1.535,22.81,4.10,-61,9.75,
2026-09-18T13:48:04,2,1.525,21.98,19.5440,25.9,1.540,23.20,4.06,-61,10.00,
2026-09-18T13:48:06,2,1.506,20.49,19.5740,25.9,1.534,22.75,4.08,-63,10.00,
2026-09-18T13:48:07,2,1.503,20.23,19.6000,25.9,1.534,22.68,4.10,-62,9.50,
2026-09-18T13:48:08,2,1.525,22.04,19.6280,25.9,1.538,23.01,4.06,-61,9.75,
2026-09-18T13:48:09,2,1.505,20.43,19.6490,25.9,1.534,22.68,4.09,-61,9.25,
2026-09-18T13:48:10,2,1.529,22.30,19.6720,25.9,1.549,23.91,4.08,-60,9.75,
2026-09-18T13:48:11,2,1.525,22.04,19.6920,25.9,1.540,23.20,4.06,-65,9.50,
2026-09-18T13:48:12,2,1.505,20.36,19.7160,25.9,1.534,22.75,4.10,-64,9.50,
2026-09-18T13:48:13,2,1.530,22.36,19.7420,25.9,1.540,23.20,4.05,-64,9.25,
2026-09-18T13:48:14,2,1.509,20.75,19.7940,25.9,1.539,23.14,4.08,-64,10.00,
2026-09-18T13:48:15,2,1.506,20.49,19.8140,25.9,1.534,22.68,4.10,-64,9.50,
2026-09-18T13:48:16,2,1.528,22.23,19.8340,25.9,1.541,23.26,4.06,-62,10.00,
2026-09-18T13:48:18,2,1.508,20.62,19.8550,25.9,1.536,22.88,4.10,-62,9.75,
2026-09-18T13:48:19,2,1.534,22.68,19.8780,25.9,1.542,23.33,4.07,-63,10.25,
2026-09-18T13:48:20,2,1.525,21.98,19.8990,25.9,1.542,23.39,4.06,-63,10.00,
2026-09-18T13:48:21,2,1.509,20.69,19.9210,25.9,1.536,22.88,4.10,-60,9.75,
2026-09-18T13:48:22,2,1.534,22.75,19.9370,25.9,1.544,23.52,4.05,-67,9.50,
2026-09-18T13:48:23,2,1.530,22.36,19.9490,25.9,1.545,23.59,4.06,-66,9.50,
2026-09-18T13:48:24,2,1.509,20.69,19.9770,25.9,1.538,23.07,4.09,-61,9.25,
2026-09-18T13:48:25,2,1.531,22.49,19.9980,25.9,1.542,23.39,4.06,-62,10.00,
2026-09-18T13:48:26,2,1.510,20.81,20.0300,25.9,1.537,22.94,4.10,-60,9.75,
2026-09-18T13:48:27,2,1.509,20.69,20.0480,25.9,1.538,23.07,4.09,-59,9.50,
2026-09-18T13:48:32,2,0.000,22.56,20.1100,25.9,1.500,0.00,4.06,-50,-3.50,7
2026-09-18T13:48:35,2,1.513,21.07,20.1690,25.9,1.542,23.39,4.08,-61,9.25,
2026-09-18T13:48:36,2,1.510,20.81,20.1860,25.9,1.538,23.07,4.10,-61,9.50,
2026-09-18T13:48:37,2,1.532,22.56,20.1990,25.9,1.546,23.72,4.06,-60,9.75,
2026-09-18T13:48:38,2,1.513,21.01,20.2340,25.9,1.539,23.14,4.09,-60,9.00,
2026-09-18T13:48:39,2,1.538,23.07,20.2550,25.9,1.542,23.39,4.07,-60,9.75,
2026-09-18T13:48:41,2,1.531,22.49,20.2700,25.9,1.544,23.52,4.06,-60,9.75,
2026-09-18T13:48:42,2,1.511,20.88,20.2820,25.9,1.540,23.20,4.09,-61,9.25,
2026-09-18T13:48:43,2,1.536,22.88,20.3050,25.9,1.547,23.78,4.05,-60,10.00,
2026-09-18T13:48:44,2,1.534,22.75,20.3210,25.9,1.545,23.59,4.06,-60,9.50,
2026-09-18T13:48:45,2,1.513,21.01,20.3370,25.9,1.539,23.14,4.10,-61,9.75,
2026-09-18T13:48:46,2,1.536,22.88,20.3540,25.9,1.546,23.72,4.06,-60,10.00,
2026-09-18T13:48:47,2,1.513,21.01,20.3650,25.9,1.540,23.20,4.10,-61,9.50,
2026-09-18T13:48:48,2,1.513,21.01,20.3810,25.9,1.540,23.20,4.10,-61,10.00,
2026-09-18T13:48:49,2,1.535,22.81,20.4070,25.9,1.547,23.78,4.06,-60,9.75,
2026-09-18T13:48:50,2,1.515,21.20,20.4280,25.9,1.542,23.39,4.09,-61,9.75,
2026-09-18T13:48:51,2,1.539,23.14,20.4430,25.9,1.547,23.78,4.05,-61,9.50,
2026-09-18T13:48:53,2,1.540,23.20,20.4590,25.9,1.547,23.78,4.06,-61,10.00,
2026-09-18T13:48:54,2,1.514,21.14,20.4680,25.9,1.542,23.33,4.09,-61,9.25,
2026-09-18T13:48:55,2,1.538,23.01,20.4870,25.9,1.550,23.97,4.06,-61,10.00,
2026-09-18T13:48:56,2,1.514,21.14,20.4990,25.9,1.542,23.39,4.10,-61,9.50,
2026-09-18T13:48:57,2,1.516,21.27,20.5070,25.9,1.541,23.26,4.10,-61,9.75,
2026-09-18T13:48:58,2,1.538,23.01,20.5210,25.9,1.543,23.46,4.06,-61,9.75,
2026-09-18T13:48:59,2,1.516,21.27,20.5300,25.9,1.542,23.33,4.10,-61,9.50,
2026-09-18T13:49:00,2,1.546,23.65,20.5360,25.9,1.549,23.91,4.05,-61,9.50,
2026-09-18T13:49:01,2,1.536,22.88,20.5490,25.9,1.547,23.78,4.06,-61,10.00,
2026-09-18T13:49:02,2,1.516,21.27,20.5850,25.9,1.542,23.33,4.09,-61,9.50,
2026-09-18T13:49:03,2,1.552,24.17,20.5970,25.9,1.549,23.91,4.06,-61,9.75,
2026-09-18T13:49:05,2,1.509,20.75,20.6130,25.9,1.542,23.33,4.08,-61,10.75,
2026-09-18T13:49:06,2,1.525,22.04,20.6180,25.9,1.542,23.33,4.10,-61,9.50,
2026-09-18T13:49:07,2,1.537,22.94,20.6350,25.9,1.548,23.84,4.06,-60,10.50,
2026-09-18T13:49:08,2,1.516,21.27,20.6470,25.9,1.542,23.33,4.09,-60,9.25,
2026-09-18T13:49:09,2,1.516,21.27,20.6500,25.9,1.542,23.33,4.10,-60,9.50,
2026-09-18T13:49:18,2,1.518,21.46,20.7660,25.9,1.544,23.52,4.10,-61,9.75,
2026-09-18T13:49:19,2,1.540,23.20,20.7730,25.9,1.549,23.91,4.06,-60,9.75,
2026-09-18T13:49:20,2,1.519,21.52,20.7860,25.9,1.544,23.52,4.09,-60,9.50,
2026-09-18T13:49:21,2,1.546,23.65,20.8010,25.9,1.552,24.17,4.05,-60,9.50,
2026-09-18T13:49:22,2,1.540,23.20,20.8040,25.9,1.550,23.97,4.06,-61,9.75,
2026-09-18T13:49:23,2,1.519,21.52,20.8150,25.9,1.544,23.52,4.10,-60,9.50,
2026-09-18T13:49:24,2,1.546,23.72,20.8250,25.9,1.550,24.04,4.05,-61,9.75,
2026-09-18T13:49:25,2,1.517,21.39,20.8500,25.9,1.545,23.59,4.10,-60,9.75,
2026-09-18T13:49:26,2,1.518,21.46,20.8560,25.9,1.544,23.52,4.10,-60,9.75,
2026-09-18T13:49:27,2,1.541,23.26,20.8660,25.9,1.546,23.65,4.06,-60,9.75,
2026-09-18T13:49:29,2,1.519,21.52,20.8770,25.9,1.545,23.59,4.09,-60,9.25,
2026-09-18T13:49:30,2,1.523,21.85,20.9000,25.9,1.550,23.97,4.07,-61,10.25,
2026-09-18T13:49:31,2,1.541,23.26,20.9110,25.9,1.550,24.04,4.06,-60,9.75,
2026-09-18T13:49:32,2,1.520,21.59,20.9240,25.9,1.545,23.59,4.09,-60,9.50,
2026-09-18T13:49:33,2,1.546,23.72,20.9270,25.9,1.551,24.10,4.05,-60,9.50,
2026-09-18T13:49:34,2,1.541,23.26,20.9460,25.9,1.547,23.78,4.08,-60,9.50,
2026-09-18T13:49:35,2,1.519,21.52,20.9600,25.9,1.545,23.59,4.09,-60,9.50,
2026-09-18T13:49:36,2,1.545,23.59,20.9650,25.9,1.551,24.10,4.06,-60,10.00,
2026-09-18T13:49:37,2,1.521,21.65,20.9910,25.9,1.546,23.65,4.10,-61,9.75,
2026-09-18T13:49:38,2,1.525,21.98,21.0020,25.9,1.551,24.10,4.08,-60,9.50,
2026-09-18T13:49:40,2,1.543,23.46,21.0140,25.9,1.550,23.97,4.06,-60,10.25,
2026-09-18T13:49:41,2,1.518,21.46,21.0170,25.9,1.544,23.52,4.09,-60,9.50,
2026-09-18T13:49:42,2,1.549,23.91,21.0340,25.9,1.555,24.42,4.05,-60,10.00,
2026-09-18T13:49:43,2,1.542,23.39,21.0430,25.9,1.549,23.91,4.06,-60,10.00,
2026-09-18T13:49:44,2,1.521,21.72,21.0560,25.9,1.546,23.72,4.09,-60,9.75,
2026-09-18T13:49:45,2,1.545,23.59,21.0670,25.9,1.555,24.36,4.06,-60,9.75,
2026-09-18T13:49:46,2,1.524,21.91,21.0790,25.9,1.546,23.72,4.10,-60,10.00,
2026-09-18T13:49:47,2,1.522,21.78,21.0900,25.9,1.552,24.17,4.09,-60,9.50,
2026-09-18T13:49:48,2,1.545,23.59,21.1050,25.9,1.555,24.42,4.06,-59,10.25,
2026-09-18T13:49:49,2,1.520,21.59,21.1190,25.9,1.545,23.59,4.10,-60,9.75,
2026-09-18T13:49:50,2,1.545,23.59,21.1320,25.9,1.553,24.23,4.06,-60,9.75,
2026-09-18T13:49:52,2,1.542,23.39,21.1400,25.9,1.550,24.04,4.06,-60,9.75,
2026-09-18T13:49:59,2,1.528,22.23,21.1860,25.9,1.561,24.88,4.07,-53,5.00,
2026-09-18T13:50:00,2,1.543,23.46,21.1950,25.9,1.551,24.10,4.06,-61,10.00,
2026-09-18T13:50:01,2,1.524,21.91,21.2150,25.9,1.546,23.72,4.09,-59,9.25,
2026-09-18T13:50:02,2,1.547,23.78,21.2270,25.9,1.554,24.30,4.06,-61,9.75,
2026-09-18T13:50:04,2,1.541,23.26,21.2250,25.9,1.551,24.10,4.08,-60,9.75,
2026-09-18T13:50:05,2,1.524,21.91,21.2280,25.9,1.546,23.65,4.10,-62,9.50,
2026-09-18T13:50:06,2,1.548,23.84,21.2380,25.9,1.552,24.17,4.06,-62,10.00,
2026-09-18T13:50:07,2,1.525,22.04,21.2470,25.9,1.548,23.84,4.10,-64,9.75,
2026-09-18T13:50:08,2,1.525,21.98,21.2500,25.9,1.550,24.04,4.07,-64,10.25,
2026-09-18T13:50:09,2,1.548,23.84,21.2530,25.9,1.555,24.42,4.06,-64,10.25,
2026-09-18T13:50:10,2,1.525,21.98,21.2620,25.9,1.546,23.72,4.10,-64,9.50,
2026-09-18T13:50:11,2,1.553,24.23,21.2700,25.9,1.556,24.49,4.05,-64,9.50,
2026-09-18T13:50:12,2,1.542,23.39,21.2740,25.9,1.550,24.04,4.08,-64,9.75,
2026-09-18T13:50:13,2,1.523,21.85,21.2940,25.9,1.548,23.84,4.09,-64,9.25,
2026-09-18T13:50:14,2,1.550,24.04,21.3060,25.9,1.552,24.17,4.06,-64,9.75,
2026-09-18T13:50:16,2,1.525,21.98,21.3180,25.9,1.548,23.84,4.09,-64,9.50,
2026-09-18T13:50:17,2,1.530,22.43,21.3240,25.9,1.552,24.17,4.08,-61,9.75,
2026-09-18T13:50:18,2,1.550,23.97,21.3390,25.9,1.555,24.42,4.06,-62,10.00,
2026-09-18T13:50:19,2,1.523,21.85,21.3470,25.9,1.550,23.97,4.10,-62,9.50,
2026-09-18T13:50:20,2,1.526,22.10,21.3490,25.9,1.553,24.23,4.07,-62,10.00,
2026-09-18T13:50:21,2,1.546,23.65,21.3500,25.9,1.555,24.36,4.06,-63,10.00,
2026-09-18T13:50:22,2,1.525,22.04,21.3510,25.9,1.550,24.04,4.09,-63,9.50,
2026-09-18T13:50:23,2,1.546,23.72,21.3580,25.9,1.554,24.30,4.06,-64,10.00,
2026-09-18T13:50:24,2,1.544,23.52,21.3790,25.9,1.552,24.17,4.08,-62,10.25,
2026-09-18T13:50:25,2,1.525,21.98,21.3800,25.9,1.547,23.78,4.09,-62,9.50,
2026-09-18T13:50:26,2,1.549,23.91,21.3810,25.9,1.554,24.30,4.06,-63,9.75,
2026-09-18T13:50:28,2,1.525,22.04,21.3940,25.9,1.550,23.97,4.10,-62,10.25,
2026-09-18T13:50:29,2,1.521,21.65,21.4100,25.9,1.552,24.17,4.07,-62,10.25,
2026-09-18T13:50:30,2,1.547,23.78,21.4190,25.9,1.555,24.42,4.06,-62,10.00,
2026-09-18T13:50:31,2,1.525,22.04,21.4180,25.9,1.549,23.91,4.10,-62,9.50,
2026-09-18T13:50:32,2,1.554,24.30,21.4280,25.9,1.555,24.42,4.05,-62,9.75,
2026-09-18T13:50:33,2,1.546,23.65,21.4410,25.9,1.554,24.30,4.07,-62,10.75,
2026-09-18T13:50:41,2,1.547,23.78,21.5140,25.9,1.558,24.62,4.07,-54,-1.00,
2026-09-18T13:50:42,2,1.545,23.59,21.5350,25.9,1.555,24.42,4.08,-61,9.75,
2026-09-18T13:50:43,2,1.522,21.78,21.5430,25.9,1.550,24.04,4.09,-61,9.50,
2026-09-18T13:50:44,2,1.552,24.17,21.5530,25.9,1.555,24.42,4.06,-62,9.75,
2026-09-18T13:50:45,2,1.546,23.72,21.5600,25.9,1.548,23.84,4.07,-62,9.75,
2026-09-18T13:50:46,2,1.532,22.56,21.5700,25.9,1.554,24.30,4.07,-62,10.00,
2026-09-18T13:50:47,2,1.552,24.17,21.5810,25.9,1.559,24.68,4.06,-61,10.00,
2026-09-18T13:50:48,2,1.530,22.43,21.5920,25.9,1.551,24.10,4.10,-62,9.50,
2026-09-18T13:50:49,2,1.531,22.49,21.5970,25.9,1.554,24.30,4.07,-62,10.00,
2026-09-18T13:50:51,2,1.550,24.04,21.6090,25.9,1.555,24.36,4.08,-62,10.00,
2026-09-18T13:50:52,2,1.528,22.23,21.6170,25.9,1.551,24.10,4.09,-62,9.75,
2026-09-18T13:50:53,2,1.556,24.49,21.6260,25.9,1.558,24.62,4.06,-62,9.75,
2026-09-18T13:50:54,2,1.547,23.78,21.6360,25.9,1.553,24.23,4.08,-61,10.25,
2026-09-18T13:50:55,2,1.527,22.17,21.6410,25.9,1.550,23.97,4.10,-62,9.75,
2026-09-18T13:50:56,2,1.553,24.23,21.6510,25.9,1.558,24.62,4.05,-62,10.00,
2026-09-18T13:50:57,2,1.528,22.23,21.6470,25.9,1.551,24.10,4.09,-62,9.50,
2026-09-18T13:50:58,2,1.530,22.43,21.6580,25.9,1.555,24.36,4.08,-62,9.75,
2026-09-18T13:50:59,2,1.551,24.10,21.6710,25.9,1.554,24.30,4.06,-62,10.00,
2026-09-18T13:51:00,2,1.529,22.30,21.6870,25.9,1.551,24.10,4.09,-61,9.75,
2026-09-18T13:51:01,2,1.532,22.56,21.6910,25.9,1.556,24.49,4.07,-61,10.00,
2026-09-18T13:51:03,2,1.548,23.84,21.6940,25.9,1.554,24.30,4.08,-61,10.00,
2026-09-18T13:51:04,2,1.530,22.43,21.7030,25.9,1.552,24.17,4.09,-61,9.75,
2026-09-18T13:51:05,2,1.555,24.36,21.7130,25.9,1.558,24.62,4.06,-61,9.75,
2026-09-18T13:51:06,2,1.548,23.84,21.7250,25.9,1.554,24.30,4.08,-62,10.00,
2026-09-18T13:51:07,2,1.529,22.30,21.7430,25.9,1.555,24.36,4.08,-62,9.75,
2026-09-18T13:51:08,2,1.550,24.04,21.7470,25.9,1.556,24.49,4.06,-61,10.00,
2026-09-18T13:51:09,2,1.530,22.36,21.7550,25.9,1.552,24.17,4.09,-61,9.50,
2026-09-18T13:51:10,2,1.533,22.62,21.7610,25.9,1.555,24.42,4.07,-61,10.25,
2026-09-18T13:51:11,2,1.547,23.78,21.7680,25.9,1.556,24.49,4.07,-61,10.25,
2026-09-18T13:51:12,2,1.530,22.36,21.7760,25.9,1.551,24.10,4.09,-61,9.50,
2026-09-18T13:51:13,2,1.559,24.68,21.7830,25.9,1.559,24.68,4.05,-62,10.00,
2026-09-18T13:51:15,2,1.546,23.65,21.7870,25.9,1.557,24.55,4.08,-62,9.75,
2026-09-18T13:51:16,2,1.533,22.62,21.7920,25.9,1.556,24.49,4.07,-61,9.75,
2026-09-18T13:51:24,2,1.536,22.88,21.8580,25.9,1.557,24.55,4.07,-62,10.00,
2026-09-18T13:51:25,2,1.554,24.30,21.8640,25.9,1.560,24.81,4.05,-62,10.00,
2026-09-18T13:51:27,2,1.551,24.10,21.8560,25.9,1.556,24.49,4.07,-62,10.25,
2026-09-18T13:51:28,2,1.533,22.62,21.8620,25.9,1.555,24.42,4.07,-61,10.00,
2026-09-18T13:51:29,2,1.552,24.17,21.8660,25.9,1.555,24.36,4.08,-61,9.75,
2026-09-18T13:51:30,2,1.531,22.49,21.8860,25.9,1.552,24.17,4.09,-61,9.50,
2026-09-18T13:51:31,2,1.533,22.62,21.8950,25.9,1.555,24.36,4.07,-61,9.50,
2026-09-18T13:51:32,2,1.551,24.10,21.9150,25.9,1.556,24.49,4.08,-61,10.00,
2026-09-18T13:51:33,2,1.531,22.49,21.9110,25.9,1.553,24.23,4.09,-61,9.25,
2026-09-18T13:51:34,2,1.558,24.62,21.9170,25.9,1.559,24.68,4.06,-61,9.50,
2026-09-18T13:51:35,2,1.550,23.97,21.9350,25.9,1.558,24.62,4.08,-61,9.75,
2026-09-18T13:51:36,2,1.534,22.75,21.9430,25.9,1.558,24.62,4.08,-61,9.50,
2026-09-18T13:51:37,2,1.556,24.49,21.9520,25.9,1.556,24.49,4.06,-62,12.50,
2026-09-18T13:51:39,2,1.533,22.62,21.9630,25.9,1.555,24.36,4.10,-62,10.50,
2026-09-18T13:51:40,2,1.538,23.01,21.9610,25.9,1.558,24.62,4.08,-62,9.75,
2026-09-18T13:51:41,2,1.543,23.46,21.9660,25.9,1.555,24.42,4.07,-62,10.25,
2026-09-18T13:51:42,2,1.533,22.62,21.9670,25.9,1.554,24.30,4.09,-63,9.50,
2026-09-18T13:51:43,2,1.562,24.94,21.9770,25.9,1.558,24.62,4.05,-64,10.25,
2026-09-18T13:51:44,2,1.552,24.17,21.9800,25.9,1.556,24.49,4.08,-63,10.00,
2026-09-18T13:51:45,2,1.535,22.81,21.9940,25.9,1.559,24.75,4.07,-63,10.25,
2026-09-18T13:51:46,2,1.559,24.68,21.9930,25.9,1.559,24.75,4.05,-64,9.75,
2026-09-18T13:51:47,2,1.534,22.68,22.0080,25.9,1.553,24.23,4.10,-64,9.25,
2026-09-18T13:51:48,2,1.535,22.81,22.0230,25.9,1.558,24.62,4.07,-64,10.25,
2026-09-18T13:51:49,2,1.554,24.30,22.0170,25.9,1.556,24.49,4.08,-63,9.50,
2026-09-18T13:51:51,2,1.534,22.68,22.0210,25.9,1.552,24.17,4.10,-63,10.00,
2026-09-18T13:51:52,2,1.538,23.07,22.0250,25.9,1.559,24.68,4.08,-63,9.75,
2026-09-18T13:51:53,2,1.553,24.23,22.0450,25.9,1.559,24.68,4.08,-63,9.75,
2026-09-18T13:51:54,2,1.537,22.94,22.0520,25.9,1.559,24.68,4.07,-63,10.25,
2026-09-18T13:51:55,2,1.558,24.62,22.0610,25.9,1.561,24.88,4.05,-64,10.00,
2026-09-18T13:51:56,2,1.553,24.23,22.0670,25.9,1.560,24.81,4.08,-63,10.00,
2026-09-18T13:51:57,2,1.538,23.07,22.0770,25.9,1.558,24.62,4.07,-63,9.75,
2026-09-18T13:51:58,2,1.555,24.36,22.0880,26.9,1.559,24.68,4.08,-63,9.50,
2026-09-18T13:52:06,2,1.536,22.88,22.1330,25.9,1.559,24.75,4.00,-55,4.50,
2026-09-18T13:52:07,2,1.556,24.49,22.1470,26.9,1.558,24.62,4.07,-63,9.75,
2026-09-18T13:52:08,2,1.537,22.94,22.1510,25.9,1.555,24.36,4.09,-64,9.50,
2026-09-18T13:52:09,2,1.538,23.01,22.1510,26.9,1.559,24.75,4.07,-63,9.75,
2026-09-18T13:52:10,2,1.555,24.42,22.1640,26.9,1.556,24.49,4.08,-64,10.00,
2026-09-18T13:52:11,2,1.534,22.75,22.1780,26.9,1.555,24.42,4.10,-66,9.50,
2026-09-18T13:52:12,2,1.535,22.81,22.1780,26.9,1.562,24.94,4.07,-62,11.50,
2026-09-18T13:52:14,2,1.554,24.30,22.1870,26.9,1.559,24.75,4.07,-62,10.25,
2026-09-18T13:52:15,2,1.539,23.14,22.1910,26.9,1.560,24.81,4.07,-62,10.00,
2026-09-18T13:52:17,2,1.553,24.23,22.1970,26.9,1.560,24.81,4.08,-60,9.75,
2026-09-18T13:52:18,2,1.537,22.94,22.2020,26.9,1.558,24.62,4.08,-60,10.00,
2026-09-18T13:52:19,2,1.555,24.36,22.2080,26.9,1.559,24.68,4.07,-61,10.25,
2026-09-18T13:52:20,2,1.534,22.68,22.2170,26.9,1.554,24.30,4.09,-61,9.25,
2026-09-18T13:52:21,2,1.538,23.01,22.2200,26.9,1.561,24.88,4.07,-61,10.00,
2026-09-18T13:52:22,2,1.555,24.36,22.2260,26.9,1.559,24.75,4.08,-61,9.50,
2026-09-18T13:52:23,2,1.538,23.01,22.2380,26.9,1.561,24.88,4.07,-61,10.25,
2026-09-18T13:52:24,2,1.564,25.13,22.2470,26.9,1.563,25.07,4.05,-61,9.75,
2026-09-18T13:52:26,2,1.555,24.42,22.2580,26.9,1.559,24.75,4.07,-61,10.00,
2026-09-18T13:52:27,2,1.538,23.07,22.2600,26.9,1.559,24.75,4.07,-61,10.50,
2026-09-18T13:52:28,2,1.559,24.68,22.2650,26.9,1.562,24.94,4.07,-61,9.75,
2026-09-18T13:52:29,2,1.536,22.88,22.2710,26.9,1.557,24.55,4.09,-61,9.25,
2026-09-18T13:52:30,2,1.525,22.04,22.2730,26.9,1.562,24.94,4.07,-61,10.25,
2026-09-18T13:52:31,2,1.556,24.49,22.2790,26.9,1.560,24.81,4.07,-61,10.00,
2026-09-18T13:52:32,2,1.541,23.26,22.2820,26.9,1.563,25.07,4.07,-61,10.00,
2026-09-18T13:52:33,2,1.555,24.36,22.2910,26.9,1.562,24.94,4.08,-61,9.75,
2026-09-18T13:52:34,2,1.556,24.49,22.2980,26.9,1.559,24.68,4.08,-61,9.75,
2026-09-18T13:52:35,2,1.540,23.20,22.3250,26.9,1.560,24.81,4.08,-61,9.75,
2026-09-18T13:52:36,2,1.559,24.75,22.3480,26.9,1.559,24.75,4.07,-61,10.00,
2026-09-18T13:52:38,2,1.555,24.36,22.3640,26.9,1.560,24.81,4.07,-60,10.25,
2026-09-18T13:52:39,2,1.541,23.26,22.3890,26.9,1.561,24.88,4.08,-62,9.75,
2026-09-18T13:52:40,2,1.558,24.62,22.4120,26.9,1.561,24.88,4.07,-62,10.00,
2026-09-18T13:52:41,2,1.542,23.39,22.4390,26.9,1.561,24.88,4.08,-64,10.00,
2026-09-18T13:52:48,2,1.563,25.07,22.6220,26.9,1.563,25.01,4.08,-64,9.25,
2026-09-18T13:52:50,2,1.542,23.33,22.6400,26.9,1.559,24.75,4.09,-64,9.25,
2026-09-18T13:52:51,2,1.543,23.46,22.6590,26.9,1.564,25.13,4.08,-64,9.25,
2026-09-18T13:52:52,2,1.559,24.75,22.6740,26.9,1.562,24.94,4.07,-64,9.75,
2026-09-18T13:52:53,2,1.545,23.59,22.6840,26.9,1.564,25.13,4.07,-64,9.75,
2026-09-18T13:52:54,2,1.565,25.20,22.6940,26.9,1.567,25.33,4.07,-64,9.50,
2026-09-18T13:52:55,2,1.559,24.68,22.7000,26.9,1.564,25.13,4.08,-64,9.75,
2026-09-18T13:52:56,2,1.542,23.33,22.7070,26.9,1.564,25.13,4.07,-64,9.75,
2026-09-18T13:52:57,2,1.564,25.13,22.7010,26.9,1.563,25.07,4.07,-63,10.50,
2026-09-18T13:52:58,2,1.559,24.68,22.6970,26.9,1.562,24.94,4.07,-64,9.75,
2026-09-18T13:52:59,2,1.544,23.52,22.6960,26.9,1.557,24.55,4.07,-64,9.50,
2026-09-18T13:53:01,2,1.562,24.94,22.6950,26.9,1.565,25.20,4.07,-64,10.00,
2026-09-18T13:53:02,2,1.542,23.33,22.6800,26.9,1.564,25.13,4.07,-63,10.50,
2026-09-18T13:53:03,2,1.542,23.39,22.6680,26.9,1.564,25.13,4.08,-64,9.75,
2026-09-18T13:53:04,2,1.559,24.75,22.6620,26.9,1.562,24.94,4.07,-63,10.00,
2026-09-18T13:53:05,2,1.542,23.33,22.6590,26.9,1.566,25.26,4.07,-65,10.00,
2026-09-18T13:53:06,2,1.564,25.13,22.6530,26.9,1.563,25.07,4.06,-64,9.75,
2026-09-18T13:53:07,2,1.559,24.75,22.6440,26.9,1.564,25.13,4.08,-64,9.50,
2026-09-18T13:53:08,2,1.542,23.33,22.6350,26.9,1.563,25.01,4.08,-64,9.50,
2026-09-18T13:53:09,2,1.563,25.01,22.6340,26.9,1.566,25.26,4.07,-64,10.50,
2026-09-18T13:53:10,2,1.543,23.46,22.6270,26.9,1.575,25.97,4.07,-64,10.00,
2026-09-18T13:53:11,2,1.541,23.26,22.6190,26.9,1.563,25.07,4.07,-64,9.75,
2026-09-18T13:53:13,2,1.558,24.62,22.6210,26.9,1.564,25.13,4.07,-64,10.25,
2026-09-18T13:53:14,2,1.542,23.33,22.6140,26.9,1.562,24.94,4.07,-64,9.50,
2026-09-18T13:53:15,2,1.565,25.20,22.6000,26.9,1.562,24.94,4.07,-64,9.75,
2026-09-18T13:53:16,2,1.558,24.62,22.5900,26.9,1.555,24.36,4.07,-64,9.75,
2026-09-18T13:53:17,2,1.542,23.33,22.5840,26.9,1.561,24.88,4.07,-64,10.00,
2026-09-18T13:53:18,2,1.562,24.94,22.5690,26.9,1.563,25.01,4.07,-64,10.00,
2026-09-18T13:53:19,2,1.562,24.94,22.5540,26.9,1.562,24.94,4.05,-64,9.75,
2026-09-18T13:53:20,2,1.542,23.33,22.5400,26.9,1.563,25.01,4.07,-64,9.75,
2026-09-18T13:53:21,2,1.558,24.62,22.5340,26.9,1.562,24.94,4.07,-64,10.25,
2026-09-18T13:53:22,2,1.543,23.46,22.5170,26.9,1.563,25.07,4.07,-64,9.75,
2026-09-18T13:53:23,2,1.537,22.94,22.5080,26.9,1.559,24.75,4.09,-64,9.50,
2026-09-18T13:53:31,2,1.538,23.07,22.4450,26.9,1.564,25.13,4.08,-64,9.50,
2026-09-18T13:53:32,2,1.541,23.26,22.4390,26.9,1.563,25.01,4.08,-64,9.75,
2026-09-18T13:53:33,2,1.556,24.49,22.4280,26.9,1.563,25.01,4.07,-64,9.75,
2026-09-18T13:53:35,2,1.563,25.07,22.4140,26.9,1.561,24.88,4.06,-64,9.50,
2026-09-18T13:53:37,2,1.557,24.55,22.4140,26.9,1.563,25.07,4.08,-64,9.75,
2026-09-18T13:53:38,2,1.539,23.14,22.4180,26.9,1.563,25.01,4.07,-64,9.50,
2026-09-18T13:53:39,2,1.559,24.68,22.4150,26.9,1.563,25.01,4.07,-64,9.75,
2026-09-18T13:53:40,2,1.546,23.72,22.4050,26.9,1.563,25.01,4.07,-64,10.00,
2026-09-18T13:53:41,2,1.539,23.14,22.3850,26.9,1.560,24.81,4.08,-64,9.25,
2026-09-18T13:53:42,2,1.559,24.68,22.3760,26.9,1.563,25.01,4.07,-64,10.00,
2026-09-18T13:53:43,2,1.539,23.14,22.3730,26.9,1.560,24.81,4.08,-64,9.25,
2026-09-18T13:53:44,2,1.538,23.01,22.3750,26.9,1.568,25.46,4.09,-64,9.50,
2026-09-18T13:53:45,2,1.554,24.30,22.3700,26.9,1.559,24.75,4.07,-64,9.50,
2026-09-18T13:53:46,2,1.542,23.33,22.3660,26.9,1.559,24.68,4.07,-64,10.00,
2026-09-18T13:53:47,2,1.563,25.01,22.3680,26.9,1.561,24.88,4.07,-64,10.00,
2026-09-18T13:53:49,2,1.563,25.07,22.3580,26.9,1.568,25.46,4.05,-64,9.75,
2026-09-18T13:53:50,2,1.538,23.07,22.3490,26.9,1.562,24.94,4.08,-64,9.75,
2026-09-18T13:53:51,2,1.559,24.75,22.3440,26.9,1.562,24.94,4.08,-64,9.75,
2026-09-18T13:53:52,2,1.538,23.07,22.3440,26.9,1.563,25.01,4.07,-64,10.25,
2026-09-18T13:53:53,2,1.538,23.07,22.3400,26.9,1.558,24.62,4.09,-64,9.50,
2026-09-18T13:53:54,2,1.555,24.36,22.3380,26.9,1.560,24.81,4.07,-64,10.50,
2026-09-18T13:53:55,2,1.538,23.01,22.3390,26.9,1.563,25.01,4.07,-64,9.75,
2026-09-18T13:53:56,2,1.563,25.01,22.3370,26.9,1.563,25.01,4.07,-64,10.00,
2026-09-18T13:53:57,2,1.558,24.62,22.3370,26.9,1.565,25.20,4.05,-64,9.75,
2026-09-18T13:53:58,2,1.539,23.14,22.3360,26.9,1.564,25.13,4.08,-64,9.75,
2026-09-18T13:53:59,2,1.559,24.75,22.3380,26.9,1.559,24.75,4.07,-63,10.50,
2026-09-18T13:54:01,2,1.539,23.14,22.3470,26.9,1.563,25.01,4.07,-64,10.25,
2026-09-18T13:54:02,2,1.538,23.01,22.3530,26.9,1.562,24.94,4.07,-63,10.25,
2026-09-18T13:54:03,2,1.558,24.62,22.3430,26.9,1.563,25.01,4.07,-63,10.25,
2026-09-18T13:54:04,2,1.544,23.52,22.3390,26.9,1.561,24.88,4.07,-63,10.50,
2026-09-18T13:54:05,2,1.550,23.97,22.3290,26.9,1.560,24.81,4.09,-63,9.75,
2026-09-18T13:54:12,2,1.560,24.81,22.3000,9.0,1.000,84.00,0.00,-53,-2.50,
2026-09-18T13:54:13,2,1.539,23.14,22.3140,26.9,1.560,24.81,0.00,-55,-0.50,
2026-09-18T13:54:14,2,1.538,23.07,22.3140,26.9,1.558,24.62,4.09,-64,9.00,
2026-09-18T13:54:15,2,1.556,24.49,22.3140,26.9,1.561,24.88,4.08,-64,10.00,
2026-09-18T13:54:16,2,1.538,23.07,22.3080,26.9,1.563,25.07,4.07,-64,10.25,
2026-09-18T13:54:17,2,1.565,25.20,22.3030,26.9,1.565,25.20,4.07,-63,9.75,
2026-09-18T13:54:18,2,1.560,24.81,22.3090,26.9,1.565,25.20,4.05,-64,9.75,
2026-09-18T13:54:19,2,1.538,23.01,22.3140,26.9,1.564,25.13,4.07,-63,10.25,
2026-09-18T13:54:20,2,1.559,24.68,22.3270,26.9,1.561,24.88,4.07,-64,10.00,
2026-09-18T13:54:21,2,1.542,23.33,22.3320,26.9,1.559,24.75,4.07,-64,9.75,
2026-09-18T13:54:22,2,1.538,23.07,22.3430,26.9,1.558,24.62,4.09,-64,9.25,
2026-09-18T13:54:24,2,1.557,24.55,22.3510,26.9,1.548,23.84,4.07,-64,10.25,
2026-09-18T13:54:25,2,1.538,23.01,22.3620,26.9,1.559,24.75,4.07,-64,10.25,
2026-09-18T13:54:26,2,1.559,24.75,22.3680,26.9,1.560,24.81,4.07,-64,10.00,
2026-09-18T13:54:27,2,1.559,24.75,22.3660,26.9,1.555,24.42,4.05,-64,9.75,
2026-09-18T13:54:28,2,1.550,24.04,22.3620,26.9,1.560,24.81,4.07,-64,10.25,
2026-09-18T13:54:29,2,1.563,25.07,22.3600,26.9,1.560,24.81,4.07,-64,10.00,
2026-09-18T13:54:30,2,1.557,24.55,22.3550,26.9,1.564,25.13,4.06,-64,9.50,
2026-09-18T13:54:31,2,1.537,22.94,22.3650,26.9,1.559,24.75,4.09,-64,9.25,
2026-09-18T13:54:32,2,1.558,24.62,22.3730,26.9,1.558,24.62,4.07,-63,10.50,
2026-09-18T13:54:33,2,1.538,23.01,22.3740,26.9,1.563,25.07,4.07,-65,9.50,
2026-09-18T13:54:34,2,1.543,23.46,22.3690,26.9,1.558,24.62,4.09,-62,10.00,
2026-09-18T13:54:36,2,1.559,24.68,22.3750,26.9,1.566,25.26,4.07,-63,10.00,
2026-09-18T13:54:37,2,1.540,23.20,22.3690,26.9,1.563,25.07,4.08,-62,10.00,
2026-09-18T13:54:38,2,1.562,24.94,22.3610,26.9,1.562,24.94,4.07,-62,10.00,
2026-09-18T13:54:39,2,1.559,24.68,22.3510,26.9,1.562,24.94,4.06,-63,10.50,
2026-09-18T13:54:40,2,1.539,23.14,22.3420,26.9,1.559,24.68,4.08,-64,9.50,
2026-09-18T13:54:41,2,1.555,24.42,22.3310,26.9,1.559,24.75,4.07,-64,10.00,
2026-09-18T13:54:42,2,1.539,23.14,22.3260,26.9,1.559,24.75,4.07,-63,10.50,
2026-09-18T13:54:43,2,1.534,22.75,22.3230,26.9,1.555,24.42,4.09,-64,9.25,
2026-09-18T13:54:44,2,1.555,24.36,22.3210,26.9,1.560,24.81,4.07,-63,10.50,
2026-09-18T13:54:45,2,1.539,23.14,22.3120,26.9,1.563,25.07,4.08,-64,9.25,
2026-09-18T13:54:46,2,1.562,24.94,22.3140,26.9,1.559,24.75,4.07,-63,10.50,
2026-09-18T13:54:48,2,1.559,24.75,22.3120,26.9,1.563,25.01,4.06,-64,9.75,
2026-09-18T13:54:55,2,1.537,22.94,22.3020,26.9,1.559,24.68,4.09,-57,4.25,
2026-09-18T13:54:56,2,1.559,24.68,22.3020,26.9,1.562,24.94,4.05,-60,9.75,
2026-09-18T13:54:57,2,1.538,23.07,22.3050,26.9,1.561,24.88,4.07,-60,10.25,
2026-09-18T13:54:58,2,1.559,24.75,22.3060,26.9,1.559,24.68,4.07,-60,10.50,
2026-09-18T13:55:00,2,1.558,24.62,22.3100,26.9,1.561,24.88,4.06,-59,9.75,
2026-09-18T13:55:01,2,1.535,22.81,22.3110,26.9,1.556,24.49,4.09,-60,9.50,
2026-09-18T13:55:02,2,1.556,24.49,22.3160,26.9,1.565,25.20,4.08,-60,9.75,
2026-09-18T13:55:03,2,1.538,23.01,22.3090,26.9,1.559,24.75,4.07,-60,9.75,
2026-09-18T13:55:04,2,1.537,22.94,22.2990,26.9,1.555,24.36,4.10,-60,10.00,
2026-09-18T13:55:05,2,1.559,24.75,22.3070,26.9,1.564,25.13,4.05,-60,10.00,
2026-09-18T13:55:06,2,1.537,22.94,22.3030,26.9,1.560,24.81,4.07,-60,10.00,
2026-09-18T13:55:07,2,1.562,24.94,22.2990,26.9,1.559,24.75,4.07,-60,10.25,
2026-09-18T13:55:08,2,1.558,24.62,22.3050,26.9,1.562,24.94,4.05,-60,10.25,
2026-09-18T13:55:09,2,1.538,23.01,22.3100,26.9,1.554,24.30,4.09,-60,9.50,
2026-09-18T13:55:10,2,1.559,24.68,22.3120,26.9,1.560,24.81,4.07,-60,10.25,
2026-09-18T13:55:12,2,1.537,22.94,22.3160,26.9,1.559,24.75,4.08,-60,9.75,
2026-09-18T13:55:13,2,1.534,22.75,22.3090,26.9,1.556,24.49,4.09,-60,9.75,
2026-09-18T13:55:14,2,1.557,24.55,22.3010,26.9,1.563,25.01,4.06,-60,9.50,
2026-09-18T13:55:15,2,1.538,23.01,22.2900,26.9,1.559,24.68,4.08,-60,10.00,
2026-09-18T13:55:16,2,1.534,22.75,22.2800,26.9,1.558,24.62,4.09,-61,9.25,
2026-09-18T13:55:17,2,1.558,24.62,22.2790,26.9,1.561,24.88,4.06,-60,9.75,
2026-09-18T13:55:18,2,1.540,23.20,22.2740,26.9,1.559,24.68,4.07,-61,9.75,
2026-09-18T13:55:19,2,1.557,24.55,22.2730,26.9,1.558,24.62,4.07,-61,10.00,
2026-09-18T13:55:20,2,1.559,24.68,22.2670,26.9,1.562,24.94,4.06,-61,9.75,
2026-09-18T13:55:21,2,1.534,22.68,22.2580,26.9,1.555,24.42,4.09,-61,9.50,
2026-09-18T13:55:23,2,1.557,24.55,22.2620,26.9,1.560,24.81,4.07,-60,10.75,
2026-09-18T13:55:24,2,1.539,23.14,22.2630,26.9,1.559,24.68,4.07,-60,9.75,
2026-09-18T13:55:25,2,1.538,23.07,22.2570,26.9,1.556,24.49,4.09,-60,9.75,
2026-09-18T13:55:26,2,1.557,24.55,22.2510,26.9,1.565,25.20,4.05,-60,9.75,
2026-09-18T13:55:27,2,1.538,23.07,22.2580,26.9,1.559,24.68,4.07,-60,10.25,
2026-09-18T13:55:28,2,1.559,24.68,22.2550,26.9,1.559,24.75,4.07,-60,10.25,
2026-09-18T13:55:29,2,1.557,24.55,22.2500,26.9,1.563,25.01,4.05,-60,9.25,
2026-09-18T13:55:30,2,1.533,22.62,22.2470,26.9,1.555,24.42,4.09,-59,9.50,
2026-09-18T13:55:38,2,1.560,24.81,22.2530,26.9,1.560,24.81,4.06,-60,9.75,
2026-09-18T13:55:39,2,1.532,22.56,22.2490,26.9,1.556,24.49,4.09,-60,9.75,
2026-09-18T13:55:40,2,1.559,24.75,22.2340,26.9,1.557,24.55,4.07,-60,10.00,
2026-09-18T13:55:41,2,1.556,24.49,22.2360,26.9,1.562,24.94,4.04,-60,10.00,
2026-09-18T13:55:42,2,1.538,23.01,22.2320,26.9,1.553,24.23,4.09,-60,9.50,
2026-09-18T13:55:43,2,1.559,24.68,22.2310,26.9,1.563,25.07,4.05,-60,9.50,
2026-09-18T13:55:44,2,1.538,23.07,22.2280,26.9,1.559,24.68,4.07,-60,10.00,
2026-09-18T13:55:45,2,1.534,22.68,22.2330,26.9,1.555,24.36,4.09,-60,9.50,
2026-09-18T13:55:47,2,1.557,24.55,22.2300,26.9,1.561,24.88,4.06,-60,10.00,
2026-09-18T13:55:48,2,1.534,22.75,22.2230,26.9,1.556,24.49,4.09,-59,9.25,
2026-09-18T13:55:49,2,1.560,24.81,22.2240,26.9,1.559,24.68,4.07,-60,10.50,
2026-09-18T13:55:50,2,1.557,24.55,22.2260,26.9,1.562,24.94,4.06,-60,9.50,
2026-09-18T13:55:51,2,1.534,22.75,22.2260,26.9,1.556,24.49,4.09,-59,9.00,
2026-09-18T13:55:52,2,1.556,24.49,22.2210,26.9,1.558,24.62,4.07,-59,10.50,
2026-09-18T13:55:53,2,1.537,22.94,22.2200,26.9,1.559,24.68,4.07,-60,10.00,
2026-09-18T13:55:54,2,1.535,22.81,22.2190,26.9,1.555,24.42,4.09,-59,9.25,
2026-09-18T13:55:55,2,1.558,24.62,22.2120,26.9,1.563,25.07,4.05,-60,9.75,
2026-09-18T13:55:56,2,1.538,23.01,22.2200,26.9,1.556,24.49,4.07,-59,10.00,
2026-09-18T13:55:57,2,1.536,22.88,22.2200,26.9,1.555,24.36,4.09,-60,9.50,
2026-09-18T13:55:59,2,1.559,24.68,22.2250,26.9,1.562,24.94,4.06,-60,9.75,
2026-09-18T13:56:00,2,1.536,22.88,22.2330,26.9,1.553,24.23,4.09,-60,9.25,
2026-09-18T13:56:01,2,1.559,24.68,22.2280,26.9,1.557,24.55,4.07,-60,10.25,
2026-09-18T13:56:02,2,1.557,24.55,22.2270,26.9,1.559,24.68,4.06,-60,9.75,
2026-09-18T13:56:03,2,1.537,22.94,22.2270,26.9,1.555,24.42,4.09,-60,9.25,
2026-09-18T13:56:04,2,1.561,24.88,22.2260,26.9,1.561,24.88,4.05,-60,9.50,
2026-09-18T13:56:05,2,1.538,23.01,22.2160,26.9,1.567,25.39,4.07,-60,9.75,
2026-09-18T13:56:06,2,1.536,22.88,22.2100,26.9,1.554,24.30,4.09,-60,9.50,
2026-09-18T13:56:07,2,1.556,24.49,22.2080,26.9,1.559,24.75,4.05,-60,9.75,
2026-09-18T13:56:08,2,1.532,22.56,22.2060,26.9,1.557,24.55,4.09,-60,9.25,
2026-09-18T13:56:09,2,1.559,24.75,22.2080,26.9,1.557,24.55,4.07,-60,10.00,
2026-09-18T13:56:11,2,1.557,24.55,22.2040,26.9,1.560,24.81,4.05,-60,9.75,
2026-09-18T13:56:12,2,1.534,22.68,22.2060,26.9,1.558,24.62,4.09,-60,9.75,
2026-09-18T13:56:13,2,1.560,24.81,22.2090,26.9,1.561,24.88,4.05,-60,9.75,
2026-09-18T13:56:20,2,1.534,22.75,22.1980,26.9,1.555,24.42,4.09,-60,9.75,
2026-09-18T13:56:22,2,1.559,24.75,22.2040,26.9,1.561,24.88,4.07,-60,9.75,
2026-09-18T13:56:23,2,1.556,24.49,22.2030,26.9,1.559,24.75,4.06,-61,10.00,
2026-09-18T13:56:24,2,1.533,22.62,22.2040,26.9,1.553,24.23,4.09,-60,9.25,
2026-09-18T13:56:25,2,1.557,24.55,22.2120,26.9,1.561,24.88,4.05,-60,10.25,
2026-09-18T13:56:26,2,1.536,22.88,22.2050,26.9,1.559,24.75,4.07,-62,10.00,
2026-09-18T13:56:27,2,1.534,22.75,22.2040,26.9,1.559,24.68,4.09,-62,9.50,
2026-09-18T13:56:28,2,1.556,24.49,22.2040,26.9,1.562,24.94,4.05,-61,9.75,
2026-09-18T13:56:29,2,1.535,22.81,22.2020,26.9,1.554,24.30,4.09,-61,9.00,
2026-09-18T13:56:30,2,1.562,24.94,22.1940,26.9,1.559,24.75,4.07,-61,10.00,
2026-09-18T13:56:31,2,1.557,24.55,22.2000,26.9,1.559,24.68,4.06,-62,9.75,
2026-09-18T13:56:32,2,1.534,22.75,22.1940,26.9,1.557,24.55,4.09,-62,9.50,
2026-09-18T13:56:34,2,1.559,24.68,22.1910,26.9,1.560,24.81,4.05,-61,9.50,
2026-09-18T13:56:35,2,1.538,23.01,22.1900,26.9,1.557,24.55,4.07,-62,9.75,
2026-09-18T13:56:36,2,1.535,22.81,22.1870,26.9,1.555,24.42,4.09,-62,9.50,
2026-09-18T13:56:37,2,1.557,24.55,22.1780,26.9,1.559,24.68,4.06,-62,10.25,
2026-09-18T13:56:38,2,1.534,22.75,22.1750,26.9,1.554,24.30,4.09,-62,9.50,
2026-09-18T13:56:39,2,1.534,22.68,22.1700,26.9,1.554,24.30,4.09,-62,9.50,
2026-09-18T13:56:40,2,1.555,24.36,22.1630,26.9,1.563,25.01,4.06,-62,10.00,
2026-09-18T13:56:41,2,1.534,22.75,22.1630,26.9,1.553,24.23,4.09,-62,9.25,
2026-09-18T13:56:42,2,1.561,24.88,22.1540,26.9,1.563,25.07,4.05,-62,9.50,
2026-09-18T13:56:43,2,1.555,24.42,22.1560,26.9,1.559,24.68,4.06,-62,10.75,
2026-09-18T13:56:44,2,1.534,22.68,22.1510,26.9,1.555,24.36,4.09,-62,9.50,
2026-09-18T13:56:46,2,1.556,24.49,22.1490,26.9,1.561,24.88,4.05,-62,9.75,
2026-09-18T13:56:47,2,1.534,22.75,22.1480,26.9,1.553,24.23,4.09,-62,10.00,
2026-09-18T13:56:48,2,1.534,22.68,22.1450,26.9,1.556,24.49,4.10,-61,9.75,
2026-09-18T13:56:49,2,1.557,24.55,22.1450,26.9,1.557,24.55,4.05,-62,9.75,
2026-09-18T13:56:50,2,1.534,22.75,22.1450,26.9,1.555,24.36,4.09,-62,9.50,
2026-09-18T13:56:51,2,1.559,24.68,22.1340,26.9,1.559,24.75,4.06,-61,9.75,
2026-09-18T13:56:52,2,1.555,24.42,22.1290,26.9,1.562,24.94,4.05,-62,9.75,
2026-09-18T13:56:53,2,1.534,22.75,22.1200,26.9,1.554,24.30,4.10,-62,10.00,
2026-09-18T13:56:54,2,1.559,24.75,22.1210,26.9,1.561,24.88,4.05,-62,10.25,
2026-09-18T13:57:03,2,1.559,24.68,22.1560,26.9,1.574,25.91,4.05,-62,9.25,
2026-09-18T13:57:04,2,1.555,24.36,22.1480,26.9,1.562,24.94,4.06,-62,10.00,
2026-09-18T13:57:05,2,1.534,22.75,22.1470,26.9,1.556,24.49,4.09,-62,9.50,
2026-09-18T13:57:06,2,1.555,24.42,22.1450,26.9,1.559,24.75,4.06,-62,9.75,
2026-09-18T13:57:07,2,1.532,22.56,22.1400,26.9,1.555,24.36,4.09,-62,9.25,
2026-09-18T13:57:08,2,1.534,22.75,22.1330,26.9,1.553,24.23,4.09,-62,9.50,
2026-09-18T13:57:10,2,1.555,24.36,22.1350,26.9,1.564,25.13,4.06,-62,9.75,
2026-09-18T13:57:11,2,1.534,22.75,22.1430,26.9,1.552,24.17,4.09,-62,9.50,
2026-09-18T13:57:12,2,1.559,24.68,22.1480,26.9,1.561,24.88,4.05,-62,9.75,
2026-09-18T13:57:13,2,1.559,24.68,22.1500,26.9,1.558,24.62,4.05,-62,9.75,
2026-09-18T13:57:14,2,1.536,22.88,22.1500,26.9,1.563,25.07,4.09,-61,9.50,
2026-09-18T13:57:15,2,1.559,24.75,22.1500,26.9,1.559,24.75,4.05,-62,9.75,
2026-09-18T13:57:16,2,1.534,22.68,22.1490,26.9,1.552,24.17,4.09,-62,9.50,
2026-09-18T13:57:17,2,1.544,23.52,22.1440,26.9,1.557,24.55,4.09,-62,9.75,
2026-09-18T13:57:18,2,1.557,24.55,22.1450,26.9,1.557,24.55,4.05,-62,10.00,
2026-09-18T13:57:19,2,1.534,22.68,22.1390,26.9,1.554,24.30,4.09,-62,9.50,
2026-09-18T13:57:20,2,1.563,25.01,22.1400,26.9,1.559,24.75,4.06,-61,9.75,
2026-09-18T13:57:22,2,1.554,24.30,22.1360,26.9,1.557,24.55,4.05,-62,9.75,
2026-09-18T13:57:23,2,1.534,22.75,22.1360,26.9,1.545,23.59,4.09,-62,9.75,
2026-09-18T13:57:24,2,1.559,24.68,22.1410,26.9,1.559,24.68,4.05,-62,9.50,
2026-09-18T13:57:25,2,1.538,23.01,22.1390,26.9,1.556,24.49,4.07,-62,10.25,
2026-09-18T13:57:26,2,1.536,22.88,22.1420,26.9,1.554,24.30,4.09,-61,9.50,
2026-09-18T13:57:27,2,1.558,24.62,22.1530,26.9,1.561,24.88,4.05,-61,9.50,
2026-09-18T13:57:28,2,1.535,22.81,22.1590,26.9,1.555,24.42,4.09,-62,9.25,
2026-09-18T13:57:29,2,1.535,22.81,22.1610,26.9,1.553,24.23,4.09,-61,10.00,
2026-09-18T13:57:30,2,1.545,23.59,22.1650,26.9,1.560,24.81,4.05,-62,10.25,
2026-09-18T13:57:31,2,1.537,22.94,22.1620,26.9,1.551,24.10,4.09,-62,9.75,
2026-09-18T13:57:33,2,1.560,24.81,22.1650,26.9,1.560,24.81,4.05,-62,9.75,
2026-09-18T13:57:34,2,1.555,24.36,22.1610,26.9,1.558,24.62,4.06,-62,9.75,
2026-09-18T13:57:35,2,1.534,22.68,22.1660,26.9,1.552,24.17,4.09,-62,9.75,
2026-09-18T13:57:36,2,1.558,24.62,22.1690,26.9,1.558,24.62,4.06,-62,10.00,
2026-09-18T13:57:37,2,1.532,22.56,22.1630,26.9,1.553,24.23,4.09,-62,9.50,
2026-09-18T13:57:46,2,1.534,22.68,22.1470,26.9,1.555,24.42,4.09,-63,9.50,
2026-09-18T13:57:47,2,1.534,22.75,22.1410,26.9,1.551,24.10,4.09,-62,9.75,
2026-09-18T13:57:48,2,1.555,24.42,22.1400,26.9,1.559,24.75,4.05,-62,9.75,
2026-09-18T13:57:49,2,1.534,22.68,22.1370,26.9,1.553,24.23,4.09,-62,9.50,
2026-09-18T13:57:50,2,1.537,22.94,22.1330,26.9,1.558,24.62,4.06,-62,9.75,
2026-09-18T13:57:51,2,1.555,24.42,22.1310,26.9,1.557,24.55,4.05,-62,9.75,
2026-09-18T13:57:52,2,1.535,22.81,22.1300,26.9,1.552,24.17,4.09,-62,10.00,
2026-09-18T13:57:53,2,1.559,24.75,22.1270,26.9,1.559,24.68,4.05,-62,10.00,
2026-09-18T13:57:54,2,1.554,24.30,22.1200,26.9,1.554,24.30,4.07,-62,10.25,
2026-09-18T13:57:55,2,1.535,22.81,22.1210,26.9,1.552,24.17,4.09,-62,9.75,
2026-09-18T13:57:57,2,1.555,24.42,22.1240,26.9,1.558,24.62,4.05,-62,9.50,
2026-09-18T13:57:58,2,1.534,22.75,22.1230,26.9,1.551,24.10,4.09,-62,9.50,
2026-09-18T13:57:59,2,1.533,22.62,22.1250,26.9,1.553,24.23,4.09,-62,9.50,
2026-09-18T13:58:00,2,1.557,24.55,22.1210,26.9,1.558,24.62,4.05,-62,10.00,
2026-09-18T13:58:01,2,1.534,22.75,22.1210,26.9,1.547,23.78,4.09,-62,9.75,
2026-09-18T13:58:02,2,1.563,25.01,22.1220,26.9,1.559,24.75,4.05,-62,9.75,
2026-09-18T13:58:03,2,1.555,24.42,22.1190,26.9,1.558,24.62,4.06,-61,9.25,
2026-09-18T13:58:04,2,1.534,22.75,22.1230,26.9,1.552,24.17,4.09,-62,9.75,
2026-09-18T13:58:05,2,1.559,24.68,22.1320,26.9,1.559,24.68,4.05,-61,9.75,
2026-09-18T13:58:06,2,1.535,22.81,22.1240,26.9,1.554,24.30,4.09,-61,9.50,
2026-09-18T13:58:07,2,1.534,22.68,22.1150,26.9,1.555,24.42,4.09,-62,9.25,
2026-09-18T13:58:10,2,1.534,22.68,22.1140,26.9,1.551,24.10,4.09,-61,10.00,
2026-09-18T13:58:11,2,1.562,24.94,22.1190,26.9,1.560,24.81,4.05,-62,10.00,
2026-09-18T13:58:12,2,1.554,24.30,22.1220,26.9,1.560,24.81,4.06,-61,9.75,
2026-09-18T13:58:13,2,1.535,22.81,22.1250,26.9,1.543,23.46,4.09,-62,9.50,
2026-09-18T13:58:14,2,1.559,24.68,22.1240,26.9,1.559,24.68,4.05,-61,9.75,
2026-09-18T13:58:15,2,1.554,24.30,22.1170,26.9,1.556,24.49,4.07,-62,9.75,
2026-09-18T13:58:16,2,1.531,22.49,22.1100,26.9,1.555,24.36,4.09,-62,9.75,
2026-09-18T13:58:17,2,1.557,24.55,22.1010,26.9,1.559,24.68,4.05,-62,9.50,
2026-09-18T13:58:18,2,1.531,22.49,22.0970,26.9,1.552,24.17,4.09,-61,9.50,
2026-09-18T13:58:19,2,1.534,22.75,22.0970,26.9,1.567,25.33,4.07,-62,10.00,
2026-09-18T13:58:28,2,1.537,22.94,22.0640,26.9,1.557,24.55,4.07,-62,10.25,
2026-09-18T13:58:29,2,1.553,24.23,22.0620,26.9,1.559,24.75,4.05,-62,9.25,
2026-09-18T13:58:30,2,1.534,22.75,22.0520,26.9,1.552,24.17,4.09,-62,9.75,
2026-09-18T13:58:32,2,1.561,24.88,22.0440,26.9,1.561,24.88,4.05,-62,10.25,
2026-09-18T13:58:33,2,1.552,24.17,22.0420,26.9,1.554,24.30,4.07,-62,9.75,
2026-09-18T13:58:34,2,1.534,22.75,22.0400,26.9,1.556,24.49,4.09,-62,9.75,
2026-09-18T13:58:35,2,1.559,24.68,22.0450,26.9,1.560,24.81,4.05,-62,9.75,
2026-09-18T13:58:36,2,1.534,22.68,22.0490,26.9,1.552,24.17,4.09,-62,9.75,
2026-09-18T13:58:37,2,1.534,22.68,22.0520,26.9,1.550,23.97,4.09,-62,10.00,
2026-09-18T13:58:38,2,1.558,24.62,22.0530,26.9,1.561,24.88,4.05,-62,9.75,
2026-09-18T13:58:39,2,1.533,22.62,22.0620,26.9,1.550,24.04,4.09,-62,9.50,
2026-09-18T13:58:40,2,1.538,23.01,22.0690,26.9,1.555,24.42,4.07,-61,10.25,
2026-09-18T13:58:41,2,1.555,24.36,22.0710,26.9,1.560,24.81,4.05,-62,9.75,
2026-09-18T13:58:42,2,1.534,22.68,22.0670,26.9,1.551,24.10,4.09,-61,9.75,
2026-09-18T13:58:44,2,1.558,24.62,22.0640,26.9,1.559,24.68,4.05,-62,9.50,
2026-09-18T13:58:45,2,1.553,24.23,22.0720,26.9,1.554,24.30,4.07,-62,10.00,
2026-09-18T13:58:46,2,1.532,22.56,22.0750,26.9,1.550,24.04,4.08,-62,10.25,
2026-09-18T13:58:47,2,1.558,24.62,22.0820,26.9,1.561,24.88,4.05,-62,9.75,
2026-09-18T13:58:48,2,1.534,22.68,22.0830,26.9,1.554,24.30,4.09,-62,9.50,
2026-09-18T13:58:49,2,1.538,23.01,22.0790,26.9,1.553,24.23,4.07,-61,10.00,
2026-09-18T13:58:50,2,1.556,24.49,22.0800,26.9,1.558,24.62,4.05,-62,9.50,
2026-09-18T13:58:51,2,1.534,22.75,22.0740,26.9,1.550,24.04,4.09,-62,9.50,
2026-09-18T13:58:52,2,1.563,25.07,22.0770,26.9,1.557,24.55,4.05,-62,9.75,
2026-09-18T13:58:53,2,1.551,24.10,22.0680,26.9,1.554,24.30,4.07,-62,10.00,
2026-09-18T13:58:54,2,1.534,22.75,22.0700,26.9,1.554,24.30,4.09,-62,9.50,
2026-09-18T13:58:56,2,1.555,24.36,22.0700,26.9,1.560,24.81,4.05,-62,10.00,
2026-09-18T13:58:57,2,1.534,22.68,22.0700,26.9,1.553,24.23,4.09,-62,9.50,
2026-09-18T13:58:58,2,1.537,22.94,22.0690,26.9,1.555,24.36,4.07,-62,10.75,
2026-09-18T13:58:59,2,1.548,23.84,22.0620,26.9,1.559,24.68,4.05,-62,9.75,
2026-09-18T13:59:00,2,1.537,22.94,22.0530,26.9,1.553,24.23,4.09,-62,9.75,
2026-09-18T13:59:01,2,1.537,22.94,22.0600,26.9,1.556,24.49,4.06,-62,9.75,
2026-09-18T13:59:02,2,1.553,24.23,22.0560,26.9,1.555,24.36,4.08,-62,9.75,
2026-09-18T13:59:10,2,1.537,22.94,22.0680,26.9,1.555,24.42,4.03,-52,2.50,
2026-09-18T13:59:11,2,1.555,24.42,22.0690,26.9,1.560,24.81,4.06,-62,10.00,
2026-09-18T13:59:12,2,1.532,22.56,22.0700,26.9,1.552,24.17,4.09,-62,9.75,
2026-09-18T13:59:13,2,1.560,24.81,22.0800,26.9,1.557,24.55,4.05,-62,9.75,
2026-09-18T13:59:14,2,1.549,23.91,22.0750,26.9,1.555,24.42,4.07,-61,10.00,
2026-09-18T13:59:15,2,1.534,22.68,22.0770,26.9,1.553,24.23,4.09,-62,9.75,
2026-09-18T13:59:16,2,1.557,24.55,22.0800,26.9,1.567,25.39,4.06,-62,9.75,
2026-09-18T13:59:17,2,1.532,22.56,22.0840,26.9,1.551,24.10,4.09,-62,9.50,
2026-09-18T13:59:18,2,1.536,22.88,22.0840,26.9,1.556,24.49,4.07,-61,10.00,
2026-09-18T13:59:20,2,1.556,24.49,22.0890,26.9,1.556,24.49,4.06,-62,9.75,
2026-09-18T13:59:21,2,1.534,22.68,22.0790,26.9,1.550,24.04,4.09,-62,9.75,
2026-09-18T13:59:22,2,1.563,25.01,22.0900,26.9,1.559,24.75,4.05,-62,9.50,
2026-09-18T13:59:23,2,1.554,24.30,22.0930,26.9,1.555,24.36,4.07,-62,10.00,
2026-09-18T13:59:24,2,1.532,22.56,22.0930,26.9,1.549,23.91,4.09,-62,9.50,
2026-09-18T13:59:25,2,1.556,24.49,22.0880,26.9,1.557,24.55,4.05,-62,9.75,
2026-09-18T13:59:26,2,1.552,24.17,22.0840,26.9,1.553,24.23,4.07,-61,10.25,
2026-09-18T13:59:27,2,1.538,23.01,22.0810,26.9,1.555,24.42,4.07,-62,10.00,
2026-09-18T13:59:28,2,1.555,24.42,22.0750,26.9,1.560,24.81,4.06,-61,10.00,
2026-09-18T13:59:29,2,1.531,22.49,22.0680,26.9,1.553,24.23,4.09,-62,9.50,
2026-09-18T13:59:30,2,1.535,22.81,22.0700,26.9,1.555,24.42,4.07,-62,10.25,
2026-09-18T13:59:32,2,1.553,24.23,22.0690,26.9,1.555,24.36,4.07,-62,10.00,
2026-09-18T13:59:33,2,1.532,22.56,22.0730,26.9,1.550,24.04,4.09,-62,9.75,
2026-09-18T13:59:34,2,1.553,24.23,22.0790,26.9,1.557,24.55,4.05,-62,9.75,
2026-09-18T13:59:35,2,1.555,24.42,22.0720,26.9,1.555,24.36,4.07,-62,11.25,
2026-09-18T13:59:36,2,1.537,22.94,22.0680,26.9,1.559,24.68,4.06,-62,9.75,
2026-09-18T13:59:37,2,1.556,24.49,22.0670,26.9,1.557,24.55,4.05,-62,9.50,
2026-09-18T13:59:38,2,1.531,22.49,22.0660,26.9,1.552,24.17,4.09,-62,9.75,
2026-09-18T13:59:39,2,1.536,22.88,22.0610,26.9,1.559,24.75,4.07,-62,10.25,
2026-09-18T13:59:40,2,1.555,24.36,22.0660,26.9,1.555,24.36,4.05,-62,9.75,
2026-09-18T13:59:41,2,1.534,22.68,22.0530,26.9,1.552,24.17,4.09,-62,10.00,
2026-09-18T13:59:43,2,1.562,24.94,22.0520,26.9,1.559,24.75,4.05,-62,10.00,
2026-09-18T13:59:44,2,1.552,24.17,22.0560,26.9,1.555,24.42,4.07,-62,10.25,
2026-09-18T13:59:45,2,1.533,22.62,22.0570,26.9,1.551,24.10,4.09,-62,9.50,
2026-09-18T13:59:52,2,1.553,24.23,22.0570,26.9,1.555,24.42,4.00,-53,7.00,
2026-09-18T13:59:53,2,1.533,22.62,22.0460,26.9,1.552,24.17,4.09,-62,10.00,
2026-09-18T13:59:55,2,1.559,24.75,22.0510,26.9,1.558,24.62,4.05,-62,9.75,
2026-09-18T13:59:56,2,1.551,24.10,22.0470,26.9,1.554,24.30,4.07,-62,10.00,
2026-09-18T13:59:57,2,1.537,22.94,22.0460,26.9,1.554,24.30,4.07,-62,10.25,
2026-09-18T13:59:58,2,1.545,23.59,22.0470,26.9,1.558,24.62,4.05,-62,9.75,
2026-09-18T13:59:59,2,1.534,22.75,22.0470,26.9,1.553,24.23,4.08,-62,10.00,
2026-09-18T14:00:00,2,1.535,22.81,22.0450,26.9,1.553,24.23,4.07,-62,10.25,
2026-09-18T14:00:01,2,1.551,24.10,22.0570,26.9,1.555,24.42,4.07,-62,10.25,
2026-09-18T14:00:02,2,1.534,22.75,22.0540,26.9,1.551,24.10,4.09,-62,10.00,
2026-09-18T14:00:03,2,1.561,24.88,22.0570,26.9,1.559,24.75,4.05,-60,10.00,
2026-09-18T14:00:04,2,1.552,24.17,22.0540,26.9,1.553,24.23,4.07,-62,10.25,
2026-09-18T14:00:05,2,1.536,22.88,22.0560,26.9,1.559,24.68,4.07,-62,10.00,
2026-09-18T14:00:07,2,1.559,24.68,22.0710,26.9,1.557,24.55,4.05,-62,9.50,
2026-09-18T14:00:08,2,1.532,22.56,22.0800,26.9,1.551,24.10,4.09,-61,9.50,
2026-09-18T14:00:09,2,1.536,22.88,22.0820,26.9,1.554,24.30,4.07,-62,10.00,
2026-09-18T14:00:10,2,1.554,24.30,22.0860,26.9,1.555,24.36,4.07,-62,10.00,
2026-09-18T14:00:11,2,1.534,22.68,22.0820,26.9,1.552,24.17,4.09,-62,9.75,
2026-09-18T14:00:12,2,1.535,22.81,22.0800,26.9,1.555,24.42,4.07,-61,9.75,
2026-09-18T14:00:13,2,1.552,24.17,22.0760,26.9,1.554,24.30,4.07,-62,10.00,
2026-09-18T14:00:14,2,1.539,23.14,22.0800,26.9,1.558,24.62,4.06,-62,10.00,
2026-09-18T14:00:15,2,1.564,25.13,22.0790,26.9,1.559,24.75,4.05,-62,9.75,
2026-09-18T14:00:16,2,1.554,24.30,22.0820,26.9,1.551,24.10,4.07,-62,10.00,
2026-09-18T14:00:17,2,1.536,22.88,22.0760,26.9,1.556,24.49,4.07,-61,10.25,
2026-09-18T14:00:19,2,1.555,24.36,22.0770,26.9,1.555,24.42,4.07,-62,10.00,
2026-09-18T14:00:20,2,1.536,22.88,22.0710,26.9,1.550,24.04,4.09,-62,9.75,
2026-09-18T14:00:21,2,1.535,22.81,22.0620,26.9,1.553,24.23,4.07,-60,10.25,
2026-09-18T14:00:22,2,1.552,24.17,22.0710,26.9,1.555,24.42,4.07,-62,10.25,
2026-09-18T14:00:23,2,1.534,22.75,22.0660,26.9,1.553,24.23,4.09,-64,9.25,
2026-09-18T14:00:24,2,1.558,24.62,22.0610,26.9,1.557,24.55,4.05,-60,9.50,
2026-09-18T14:00:25,2,1.550,23.97,22.0520,26.9,1.554,24.30,4.07,-60,10.25,
2026-09-18T14:00:26,2,1.536,22.88,22.0440,26.9,1.555,24.36,4.06,-59,9.75,
2026-09-18T14:00:27,2,1.556,24.49,22.0370,26.9,1.558,24.62,4.05,-60,9.75,
2026-09-18T14:00:35,2,1.535,22.81,22.0380,26.9,1.554,24.30,4.06,-53,8.00,
2026-09-18T14:00:36,2,1.557,24.55,22.0400,26.9,1.554,24.30,4.05,-60,9.50,
2026-09-18T14:00:37,2,1.532,22.56,22.0430,26.9,1.552,24.17,4.09,-59,9.50,
2026-09-18T14:00:38,2,1.534,22.75,22.0520,26.9,1.555,24.36,4.07,-60,9.75,
2026-09-18T14:00:39,2,1.554,24.30,22.0530,26.9,1.555,24.42,4.07,-60,10.25,
2026-09-18T14:00:40,2,1.532,22.56,22.0650,26.9,1.551,24.10,4.09,-59,9.75,
2026-09-18T14:00:42,2,1.538,23.01,22.0630,26.9,1.555,24.42,4.07,-60,10.00,
2026-09-18T14:00:43,2,1.550,24.04,22.0600,26.9,1.551,24.10,4.07,-60,10.25,
2026-09-18T14:00:44,2,1.540,23.20,22.0600,26.9,1.554,24.30,4.06,-60,9.75,
2026-09-18T14:00:45,2,1.559,24.68,22.0710,26.9,1.556,24.49,4.05,-60,9.50,
2026-09-18T14:00:46,2,1.552,24.17,22.0730,26.9,1.555,24.42,4.07,-60,10.00,
2026-09-18T14:00:47,2,1.535,22.81,22.0710,26.9,1.559,24.68,4.07,-61,10.50,
2026-09-18T14:00:48,2,1.554,24.30,22.0720,26.9,1.554,24.30,4.07,-61,9.75,
2026-09-18T14:00:49,2,1.535,22.81,22.0690,26.9,1.550,24.04,4.09,-63,9.50,
2026-09-18T14:00:50,2,1.537,22.94,22.0710,26.9,1.554,24.30,4.07,-63,10.25,
2026-09-18T14:00:51,2,1.550,24.04,22.0690,26.9,1.555,24.42,4.07,-62,10.75,
2026-09-18T14:00:52,2,1.534,22.75,22.0650,26.9,1.553,24.23,4.08,-62,10.25,
2026-09-18T14:00:54,2,1.559,24.75,22.0700,26.9,1.561,24.88,4.05,-62,10.50,
2026-09-18T14:00:55,2,1.554,24.30,22.0590,26.9,1.555,24.42,4.06,-63,9.75,
2026-09-18T14:00:56,2,1.535,22.81,22.0610,26.9,1.555,24.42,4.07,-63,10.25,
2026-09-18T14:00:57,2,1.559,24.68,22.0520,26.9,1.560,24.81,4.05,-63,10.00,
2026-09-18T14:00:58,2,1.533,22.62,22.0460,26.9,1.550,24.04,4.08,-63,10.00,
2026-09-18T14:00:59,2,1.534,22.75,22.0450,26.9,1.557,24.55,4.07,-62,10.25,
2026-09-18T14:01:00,2,1.553,24.23,22.0380,26.9,1.555,24.36,4.06,-63,9.75,
2026-09-18T14:01:01,2,1.533,22.62,22.0350,26.9,1.551,24.10,4.09,-63,9.75,
2026-09-18T14:01:02,2,1.563,25.01,22.0370,26.9,1.558,24.62,4.05,-63,9.75,
2026-09-18T14:01:03,2,1.551,24.10,22.0440,26.9,1.555,24.36,4.07,-63,10.75,
2026-09-18T14:01:04,2,1.535,22.81,22.0370,26.9,1.558,24.62,4.07,-63,10.50,
2026-09-18T14:01:06,2,1.558,24.62,22.0390,26.9,1.559,24.75,4.05,-62,10.00,
2026-09-18T14:01:07,2,1.550,24.04,22.0430,26.9,1.553,24.23,4.08,-63,9.75,
2026-09-18T14:01:08,2,1.537,22.94,22.0340,26.9,1.555,24.42,4.07,-63,10.00,
2026-09-18T14:01:09,2,1.552,24.17,22.0320,26.9,1.553,24.23,4.07,-63,10.00,
2026-09-18T14:01:10,2,1.534,22.68,22.0310,26.9,1.551,24.10,4.09,-63,9.25,
2026-09-18T14:01:18,2,1.555,24.36,22.0370,26.9,1.553,24.23,4.07,-63,10.00,
2026-09-18T14:01:19,2,1.530,22.43,22.0320,26.9,1.551,24.10,4.09,-63,9.50,
2026-09-18T14:01:20,2,1.536,22.88,22.0350,26.9,1.555,24.42,4.07,-63,10.25,
2026-09-18T14:01:21,2,1.552,24.17,22.0380,26.9,1.555,24.36,4.07,-63,10.25,
2026-09-18T14:01:22,2,1.538,23.07,22.0340,26.9,1.555,24.42,4.06,-63,10.00,
2026-09-18T14:01:23,2,1.563,25.01,22.0350,26.9,1.559,24.68,4.04,-63,9.75,
2026-09-18T14:01:24,2,1.550,24.04,22.0380,26.9,1.555,24.42,4.07,-63,10.25,
2026-09-18T14:01:25,2,1.535,22.81,22.0430,26.9,1.557,24.55,4.07,-62,10.50,
2026-09-18T14:01:26,2,1.555,24.42,22.0410,26.9,1.556,24.49,4.07,-62,10.25,
2026-09-18T14:01:27,2,1.527,22.17,22.0440,26.9,1.550,24.04,4.09,-63,9.75,
2026-09-18T14:01:28,2,1.534,22.68,22.0480,26.9,1.558,24.62,4.07,-63,10.00,
2026-09-18T14:01:30,2,1.552,24.17,22.0510,26.9,1.554,24.30,4.07,-63,9.75,
2026-09-18T14:01:31,2,1.532,22.56,22.0420,26.9,1.556,24.49,4.09,-60,9.50,
2026-09-18T14:01:32,2,1.537,22.94,22.0450,26.9,1.555,24.36,4.07,-62,11.25,
2026-09-18T14:01:33,2,1.552,24.17,22.0450,26.9,1.554,24.30,4.07,-63,10.50,
2026-09-18T14:01:34,2,1.537,22.94,22.0490,26.9,1.554,24.30,4.07,-64,10.50,
2026-09-18T14:01:35,2,1.559,24.75,22.0480,26.9,1.557,24.55,4.05,-64,10.00,
2026-09-18T14:01:36,2,1.553,24.23,22.0410,26.9,1.551,24.10,4.07,-64,10.00,
2026-09-18T14:01:37,2,1.535,22.81,22.0430,26.9,1.553,24.23,4.06,-64,9.75,
2026-09-18T14:01:38,2,1.555,24.42,22.0490,26.9,1.555,24.42,4.07,-63,10.25,
2026-09-18T14:01:39,2,1.533,22.62,22.0480,26.9,1.550,23.97,4.09,-64,9.00,
2026-09-18T14:01:41,2,1.536,22.88,22.0430,26.9,1.556,24.49,4.07,-64,9.75,
2026-09-18T14:01:42,2,1.554,24.30,22.0530,26.9,1.551,24.10,4.07,-64,10.50,
2026-09-18T14:01:43,2,1.535,22.81,22.0440,26.9,1.555,24.36,4.06,-64,10.00,
2026-09-18T14:01:44,2,1.560,24.81,22.0450,26.9,1.567,25.33,4.05,-64,10.00,
2026-09-18T14:01:45,2,1.552,24.17,22.0370,26.9,1.551,24.10,4.07,-63,10.25,
2026-09-18T14:01:46,2,1.534,22.75,22.0300,26.9,1.554,24.30,4.06,-64,9.75,
2026-09-18T14:01:47,2,1.552,24.17,22.0250,26.9,1.554,24.30,4.07,-63,10.25,
2026-09-18T14:01:48,2,1.531,22.49,22.0220,26.9,1.550,23.97,4.08,-61,9.75,
2026-09-18T14:01:49,2,1.535,22.81,22.0210,26.9,1.554,24.30,4.07,-60,10.00,
2026-09-18T14:01:50,2,1.555,24.36,22.0180,26.9,1.554,24.30,4.07,-60,10.25,
2026-09-18T14:01:51,2,1.536,22.88,22.0200,26.9,1.555,24.36,4.06,-60,9.75,
2026-09-18T14:01:53,2,1.535,22.81,22.0210,26.9,1.553,24.23,4.07,-60,10.25,
2026-09-18T14:02:00,2,1.537,22.94,22.0270,26.9,1.552,24.17,4.07,-60,10.00,
2026-09-18T14:02:01,2,1.534,22.75,22.0260,26.9,1.554,24.30,4.07,-60,10.25,
2026-09-18T14:02:02,2,1.552,24.17,22.0140,26.9,1.553,24.23,4.07,-60,10.00,
2026-09-18T14:02:03,2,1.537,22.94,22.0100,26.9,1.556,24.49,4.07,-60,10.00,
2026-09-18T14:02:05,2,1.559,24.75,22.0150,26.9,1.553,24.23,4.05,-60,9.50,
2026-09-18T14:02:06,2,1.550,23.97,22.0180,26.9,1.553,24.23,4.07,-60,10.25,
2026-09-18T14:02:07,2,1.536,22.88,22.0200,26.9,1.555,24.36,4.07,-60,10.00,
2026-09-18T14:02:08,2,1.555,24.36,22.0210,26.9,1.554,24.30,4.07,-60,10.25,
2026-09-18T14:02:09,2,1.535,22.81,22.0140,26.9,1.550,24.04,4.09,-60,10.25,
2026-09-18T14:02:10,2,1.534,22.68,22.0160,26.9,1.554,24.30,4.07,-60,10.00,
2026-09-18T14:02:11,2,1.555,24.42,22.0090,26.9,1.557,24.55,4.07,-60,10.00,
2026-09-18T14:02:12,2,1.537,22.94,22.0100,26.9,1.555,24.36,4.06,-60,9.75,
2026-09-18T14:02:13,2,1.562,24.94,22.0110,26.9,1.558,24.62,4.04,-60,9.75,
2026-09-18T14:02:14,2,1.551,24.10,22.0120,26.9,1.558,24.62,4.07,-60,10.00,
2026-09-18T14:02:15,2,1.534,22.68,22.0070,26.9,1.554,24.30,4.07,-60,9.75,
2026-09-18T14:02:17,2,1.556,24.49,22.0040,26.9,1.563,25.07,4.07,-60,10.25,
2026-09-18T14:02:18,2,1.552,24.17,22.0050,26.9,1.551,24.10,4.07,-60,10.25,
2026-09-18T14:02:19,2,1.535,22.81,22.0010,26.9,1.555,24.36,4.07,-60,10.00,
2026-09-18T14:02:20,2,1.553,24.23,21.9930,26.9,1.554,24.30,4.06,-60,10.25,
2026-09-18T14:02:21,2,1.546,23.72,21.9940,26.9,1.555,24.36,4.06,-60,9.75,
2026-09-18T14:02:22,2,1.536,22.88,22.0010,26.9,1.554,24.30,4.07,-60,10.25,
2026-09-18T14:02:23,2,1.552,24.17,22.0080,26.9,1.553,24.23,4.07,-60,10.50,
2026-09-18T14:02:24,2,1.534,22.75,22.0200,26.9,1.555,24.42,4.07,-62,10.25,
2026-09-18T14:02:25,2,1.558,24.62,22.0210,26.9,1.555,24.36,4.06,-62,10.00,
2026-09-18T14:02:26,2,1.550,24.04,22.0250,26.9,1.555,24.36,4.06,-62,10.25,
2026-09-18T14:02:27,2,1.536,22.88,22.0280,26.9,1.553,24.23,4.05,-62,9.75,
2026-09-18T14:02:29,2,1.555,24.36,22.0280,26.9,1.554,24.30,4.07,-62,10.00,
2026-09-18T14:02:30,2,1.536,22.88,22.0240,26.9,1.555,24.36,4.06,-62,10.00,
2026-09-18T14:02:31,2,1.534,22.75,22.0250,26.9,1.555,24.36,4.07,-62,10.25,
2026-09-18T14:02:32,2,1.552,24.17,22.0210,26.9,1.551,24.10,4.06,-62,9.75,
2026-09-18T14:02:33,2,1.534,22.68,22.0180,26.9,1.555,24.36,4.07,-62,10.50,
2026-09-18T14:02:34,2,1.558,24.62,22.0110,26.9,1.552,24.17,4.05,-62,10.25,
2026-09-18T14:02:43,2,1.551,24.10,21.9910,26.9,1.557,24.55,4.07,-62,10.25,
2026-09-18T14:02:44,2,1.552,24.17,21.9840,26.9,1.553,24.23,4.07,-62,10.25,
2026-09-18T14:02:45,2,1.534,22.75,21.9810,26.9,1.555,24.36,4.07,-62,10.25,
2026-09-18T14:02:46,2,1.555,24.36,21.9780,26.9,1.552,24.17,4.07,-62,10.25,
2026-09-18T14:02:47,2,1.542,23.39,21.9790,26.9,1.554,24.30,4.07,-63,10.00,
2026-09-18T14:02:48,2,1.531,22.49,21.9810,26.9,1.553,24.23,4.07,-62,10.25,
2026-09-18T14:02:49,2,1.555,24.36,21.9800,26.9,1.555,24.42,4.07,-62,10.25,
2026-09-18T14:02:50,2,1.537,22.94,21.9720,26.9,1.555,24.42,4.06,-62,10.00,
2026-09-18T14:02:52,2,1.538,23.01,21.9740,26.9,1.556,24.49,4.07,-62,10.50,
2026-09-18T14:02:53,2,1.552,24.17,21.9840,26.9,1.552,24.17,4.07,-62,10.50,
2026-09-18T14:02:54,2,1.534,22.68,21.9850,26.9,1.554,24.30,4.07,-62,10.50,
2026-09-18T14:02:55,2,1.556,24.49,21.9840,26.9,1.552,24.17,4.06,-62,9.75,
2026-09-18T14:02:56,2,1.551,24.10,21.9800,26.9,1.555,24.36,4.07,-62,10.00,
2026-09-18T14:02:57,2,1.534,22.75,21.9720,26.9,1.551,24.10,4.07,-62,10.00,
2026-09-18T14:02:58,2,1.554,24.30,21.9730,26.9,1.551,24.10,4.05,-61,9.75,
2026-09-18T14:02:59,2,1.536,22.88,21.9690,26.9,1.554,24.30,4.06,-62,9.75,
2026-09-18T14:03:00,2,1.535,22.81,21.9700,26.9,1.552,24.17,4.07,-62,10.50,
2026-09-18T14:03:01,2,1.552,24.17,21.9730,26.9,1.552,24.17,4.07,-61,10.25,
2026-09-18T14:03:02,2,1.536,22.88,21.9960,26.9,1.555,24.36,4.07,-62,9.75,
2026-09-18T14:03:04,2,1.559,24.75,21.9930,26.9,1.555,24.42,4.06,-62,9.75,
2026-09-18T14:03:05,2,1.550,24.04,21.9900,26.9,1.552,24.17,4.07,-61,10.25,
2026-09-18T14:03:06,2,1.534,22.68,21.9940,26.9,1.556,24.49,4.07,-62,10.25,
2026-09-18T14:03:07,2,1.556,24.49,21.9880,26.9,1.554,24.30,4.07,-62,10.25,
2026-09-18T14:03:08,2,1.552,24.17,21.9830,26.9,1.549,23.91,4.04,-62,10.00,
2026-09-18T14:03:09,2,1.532,22.56,21.9840,26.9,1.555,24.36,4.07,-62,10.00,
2026-09-18T14:03:10,2,1.554,24.30,21.9830,26.9,1.553,24.23,4.07,-61,11.25,
2026-09-18T14:03:11,2,1.535,22.81,21.9890,26.9,1.555,24.42,4.06,-62,9.75,
2026-09-18T14:03:12,2,1.531,22.49,21.9800,26.9,1.552,24.17,4.09,-62,9.50,
2026-09-18T14:03:13,2,1.547,23.78,21.9690,26.9,1.550,24.04,4.07,-62,10.00,
2026-09-18T14:03:14,2,1.535,22.81,21.9750,26.9,1.554,24.30,4.06,-62,9.75,
2026-09-18T14:03:16,2,1.555,24.42,21.9820,26.9,1.555,24.36,4.07,-62,10.25,
2026-09-18T14:03:17,2,1.555,24.42,21.9890,26.9,1.558,24.62,4.05,-62,9.75,
2026-09-18T14:03:25,2,1.551,24.10,21.9700,26.9,1.553,24.23,4.06,-62,9.75,
2026-09-18T14:03:26,2,1.534,22.75,21.9710,26.9,1.555,24.42,4.07,-62,10.00,
2026-09-18T14:03:28,2,1.563,25.01,21.9710,26.9,1.554,24.30,4.06,-62,9.50,
2026-09-18T14:03:29,2,1.536,22.88,21.9710,26.9,1.555,24.36,4.07,-61,10.00,
2026-09-18T14:03:30,2,1.534,22.68,21.9780,26.9,1.553,24.23,4.07,-62,10.25,
2026-09-18T14:03:31,2,1.551,24.10,21.9740,26.9,1.546,23.72,4.07,-62,10.50,
2026-09-18T14:03:32,2,1.534,22.75,21.9790,26.9,1.555,24.42,4.07,-62,10.50,
2026-09-18T14:03:33,2,1.547,23.78,21.9800,26.9,1.550,24.04,4.09,-62,9.50,
2026-09-18T14:03:34,2,1.552,24.17,21.9850,26.9,1.551,24.10,4.07,-62,9.75,
2026-09-18T14:03:35,2,1.532,22.56,21.9860,26.9,1.559,24.75,4.07,-62,10.50,
2026-09-18T14:03:36,2,1.553,24.23,21.9840,26.9,1.553,24.23,4.07,-62,10.50,
2026-09-18T14:03:37,2,1.554,24.30,21.9810,26.9,1.557,24.55,4.05,-62,9.75,
2026-09-18T14:03:38,2,1.538,23.01,21.9870,26.9,1.552,24.17,4.07,-61,10.00,
2026-09-18T14:03:40,2,1.555,24.36,21.9890,26.9,1.554,24.30,4.07,-62,10.00,
2026-09-18T14:03:41,2,1.536,22.88,21.9900,26.9,1.557,24.55,4.07,-62,10.00,
2026-09-18T14:03:42,2,1.534,22.75,21.9940,26.9,1.550,24.04,4.09,-59,9.50,
2026-09-18T14:03:43,2,1.548,23.84,21.9920,26.9,1.556,24.49,4.07,-61,10.00,
2026-09-18T14:03:44,2,1.532,22.56,21.9950,26.9,1.555,24.36,4.07,-62,10.00,
2026-09-18T14:03:45,2,1.558,24.62,22.0000,26.9,1.551,24.10,4.06,-59,10.00,
2026-09-18T14:03:46,2,1.555,24.36,21.9900,26.9,1.557,24.55,4.05,-62,10.00,
2026-09-18T14:03:47,2,1.534,22.75,21.9860,26.9,1.551,24.10,4.07,-62,10.25,
2026-09-18T14:03:48,2,1.554,24.30,21.9870,26.9,1.553,24.23,4.07,-62,10.50,
2026-09-18T14:03:49,2,1.534,22.75,21.9930,26.9,1.556,24.49,4.07,-62,10.25,
2026-09-18T14:03:51,2,1.534,22.68,21.9910,26.9,1.548,23.84,4.09,-62,9.50,
2026-09-18T14:03:52,2,1.553,24.23,21.9900,26.9,1.555,24.36,4.06,-62,10.00,
2026-09-18T14:03:53,2,1.534,22.75,21.9940,26.9,1.552,24.17,4.07,-61,10.00,
2026-09-18T14:03:54,2,1.558,24.62,21.9960,26.9,1.554,24.30,4.06,-62,10.25,
2026-09-18T14:03:55,2,1.553,24.23,21.9990,26.9,1.555,24.42,4.05,-62,10.00,
2026-09-18T14:03:56,2,1.533,22.62,21.9970,26.9,1.552,24.17,4.07,-62,10.25,
2026-09-18T14:03:57,2,1.557,24.55,21.9940,26.9,1.554,24.30,4.07,-62,9.75,
2026-09-18T14:03:58,2,1.556,24.49,21.9980,26.9,1.556,24.49,4.05,-62,9.75,
2026-09-18T14:03:59,2,1.532,22.56,21.9990,26.9,1.549,23.91,4.09,-62,9.25,
2026-09-18T14:04:08,2,1.534,22.68,21.9950,26.9,1.551,24.10,4.07,-62,10.25,
2026-09-18T14:04:09,2,1.553,24.23,21.9960,26.9,1.554,24.30,4.07,-62,10.25,
2026-09-18T14:04:10,2,1.536,22.88,21.9870,26.9,1.556,24.49,4.07,-61,10.00,
2026-09-18T14:04:11,2,1.532,22.56,21.9860,26.9,1.550,23.97,4.09,-62,9.50,
2026-09-18T14:04:12,2,1.553,24.23,21.9910,26.9,1.554,24.30,4.07,-62,10.25,
2026-09-18T14:04:13,2,1.532,22.56,21.9850,26.9,1.554,24.30,4.07,-62,10.50,
2026-09-18T14:04:15,2,1.555,24.42,21.9820,26.9,1.551,24.10,4.06,-62,9.75,
2026-09-18T14:04:16,2,1.553,24.23,21.9820,26.9,1.558,24.62,4.05,-62,9.75,
2026-09-18T14:04:17,2,1.533,22.62,21.9800,26.9,1.553,24.23,4.07,-62,10.00,
2026-09-18T14:04:18,2,1.554,24.30,21.9730,26.9,1.553,24.23,4.06,-62,10.25,
2026-09-18T14:04:19,2,1.534,22.68,21.9690,26.9,1.553,24.23,4.07,-61,12.75,
2026-09-18T14:04:20,2,1.530,22.43,21.9660,26.9,1.552,24.17,4.09,-61,10.00,
2026-09-18T14:04:21,2,1.551,24.10,21.9570,26.9,1.552,24.17,4.07,-61,9.75,
2026-09-18T14:04:22,2,1.536,22.88,21.9590,26.9,1.555,24.36,4.07,-62,10.25,
2026-09-18T14:04:23,2,1.533,22.62,21.9540,26.9,1.554,24.30,4.09,-62,9.50,
2026-09-18T14:04:24,2,1.555,24.42,21.9490,26.9,1.557,24.55,4.04,-62,10.25,
2026-09-18T14:04:25,2,1.535,22.81,21.9480,26.9,1.555,24.42,4.07,-61,10.25,
2026-09-18T14:04:27,2,1.552,24.17,21.9470,26.9,1.553,24.23,4.06,-62,9.75,
2026-09-18T14:04:28,2,1.553,24.23,21.9590,26.9,1.565,25.20,4.05,-61,9.25,
2026-09-18T14:04:29,2,1.533,22.62,21.9560,26.9,1.550,24.04,4.09,-62,9.25,
2026-09-18T14:04:30,2,1.552,24.17,21.9600,26.9,1.552,24.17,4.07,-62,10.50,
2026-09-18T14:04:31,2,1.534,22.68,21.9650,26.9,1.548,23.84,4.07,-61,10.00,
2026-09-18T14:04:32,2,1.534,22.68,21.9610,26.9,1.550,23.97,4.09,-62,9.50,
2026-09-18T14:04:33,2,1.555,24.36,21.9590,26.9,1.557,24.55,4.04,-62,10.25,
2026-09-18T14:04:34,2,1.534,22.75,21.9550,26.9,1.551,24.10,4.07,-61,10.50,
2026-09-18T14:04:35,2,1.551,24.10,21.9480,26.9,1.553,24.23,4.06,-62,9.75,
2026-09-18T14:04:36,2,1.555,24.36,21.9490,26.9,1.553,24.23,4.04,-60,9.75,
2026-09-18T14:04:37,2,1.532,22.56,21.9570,26.9,1.549,23.91,4.09,-62,9.50,
2026-09-18T14:04:40,2,1.533,22.62,21.9530,26.9,1.552,24.17,4.07,-60,10.00,
2026-09-18T14:04:41,2,1.530,22.43,21.9590,26.9,1.553,24.23,4.09,-61,9.75,
2026-09-18T14:04:42,2,1.558,24.62,21.9540,26.9,1.557,24.55,4.04,-60,10.00,
2026-09-18T14:04:51,2,1.551,24.10,21.9580,26.9,1.552,24.17,4.07,-60,10.00,
2026-09-18T14:04:52,2,1.524,21.91,21.9660,26.9,1.552,24.17,4.07,-60,10.25,
2026-09-18T14:04:53,2,1.531,22.49,21.9700,26.9,1.553,24.23,4.09,-60,9.50,
2026-09-18T14:04:55,2,1.533,22.62,21.9720,26.9,1.553,24.23,4.07,-60,10.00,
2026-09-18T14:04:56,2,1.557,24.55,21.9770,26.9,1.555,24.36,4.06,-60,9.75,
2026-09-18T14:04:57,2,1.550,24.04,21.9790,26.9,1.554,24.30,4.05,-60,9.50,
2026-09-18T14:04:58,2,1.533,22.62,21.9760,26.9,1.551,24.10,4.08,-60,10.00,
2026-09-18T14:04:59,2,1.554,24.30,21.9690,26.9,1.550,23.97,4.06,-60,9.75,
2026-09-18T14:05:00,2,1.533,22.62,21.9770,26.9,1.555,24.36,4.06,-60,11.75,
2026-09-18T14:05:02,2,1.532,22.56,21.9810,26.9,1.551,24.10,4.08,-60,9.75,
2026-09-18T14:05:03,2,1.564,25.13,21.9810,26.9,1.559,24.68,4.05,-61,9.75,
2026-09-18T14:05:04,2,1.538,23.01,21.9900,26.9,1.554,24.30,4.07,-60,10.00,
2026-09-18T14:05:05,2,1.559,24.75,21.9860,26.9,1.554,24.30,4.06,-60,9.75,
2026-09-18T14:05:06,2,1.553,24.23,21.9760,26.9,1.555,24.36,4.04,-61,10.00,
2026-09-18T14:05:07,2,1.531,22.49,21.9720,26.9,1.550,24.04,4.09,-60,9.50,
2026-09-18T14:05:08,2,1.554,24.30,21.9770,26.9,1.564,25.13,4.06,-61,10.00,
2026-09-18T14:05:09,2,1.537,22.94,21.9740,26.9,1.553,24.23,4.07,-60,10.00,
2026-09-18T14:05:10,2,1.530,22.43,21.9760,26.9,1.550,23.97,4.09,-60,10.00,
2026-09-18T14:05:11,2,1.569,25.52,21.9720,26.9,1.556,24.49,4.04,-60,10.00,
2026-09-18T14:05:12,2,1.535,22.81,21.9600,26.9,1.552,24.17,4.07,-61,10.00,
2026-09-18T14:05:14,2,1.559,24.68,21.9600,26.9,1.554,24.30,4.06,-61,9.25,
2026-09-18T14:05:15,2,1.557,24.55,21.9670,26.9,1.557,24.55,4.05,-60,10.00,
2026-09-18T14:05:16,2,1.530,22.43,21.9640,26.9,1.549,23.91,4.08,-60,9.50,
2026-09-18T14:05:17,2,1.555,24.42,21.9600,26.9,1.552,24.17,4.07,-59,9.75,
2026-09-18T14:05:18,2,1.540,23.20,21.9580,26.9,1.552,24.17,4.05,-60,9.75,
2026-09-18T14:05:19,2,1.531,22.49,21.9580,26.9,1.550,23.97,4.08,-61,9.75,
2026-09-18T14:05:20,2,1.555,24.42,21.9620,26.9,1.558,24.62,4.04,-62,10.00,
2026-09-18T14:05:21,2,1.536,22.88,21.9600,26.9,1.552,24.17,4.07,-61,10.00,
2026-09-18T14:05:22,2,1.533,22.62,21.9540,26.9,1.553,24.23,4.08,-61,9.75,
2026-09-18T14:05:23,2,1.554,24.30,21.9520,26.9,1.558,24.62,4.05,-62,9.75,
2026-09-18T14:05:24,2,1.533,22.62,21.9560,26.9,1.551,24.10,4.09,-62,9.50,
2026-09-18T14:05:32,2,1.555,24.42,21.9530,26.9,1.556,24.49,0.00,-51,3.25,
2026-09-18T14:05:33,2,1.534,22.68,21.9510,26.9,1.553,24.23,4.07,-62,10.50,
2026-09-18T14:05:34,2,1.559,24.68,21.9510,26.9,1.551,24.10,4.07,-61,10.25,
2026-09-18T14:05:35,2,1.554,24.30,21.9480,26.9,1.555,24.42,4.05,-61,10.00,
2026-09-18T14:05:36,2,1.531,22.49,21.9510,26.9,1.553,24.23,4.09,-61,9.75,
2026-09-18T14:05:38,2,1.556,24.49,21.9490,26.9,1.552,24.17,4.06,-61,10.00,
2026-09-18T14:05:39,2,1.536,22.88,21.9600,26.9,1.554,24.30,4.07,-61,9.50,
2026-09-18T14:05:40,2,1.528,22.23,21.9610,26.9,1.550,24.04,4.08,-61,9.75,
2026-09-18T14:05:41,2,1.555,24.36,21.9510,26.9,1.556,24.49,4.05,-62,9.50,
2026-09-18T14:05:42,2,1.532,22.56,21.9530,26.9,1.555,24.36,4.07,-61,10.00,
2026-09-18T14:05:43,2,1.533,22.62,21.9550,26.9,1.550,24.04,4.08,-62,9.75,
2026-09-18T14:05:44,2,1.555,24.42,21.9500,26.9,1.556,24.49,4.05,-62,9.75,
2026-09-18T14:05:45,2,1.532,22.56,21.9500,26.9,1.551,24.10,4.08,-62,9.75,
2026-09-18T14:05:46,2,1.558,24.62,21.9520,26.9,1.555,24.36,4.06,-62,10.00,
2026-09-18T14:05:47,2,1.555,24.36,21.9460,26.9,1.555,24.36,4.05,-62,9.75,
2026-09-18T14:05:48,2,1.532,22.56,21.9500,26.9,1.549,23.91,4.09,-62,9.25,
2026-09-18T14:05:50,2,1.557,24.55,21.9510,26.9,1.557,24.55,4.04,-62,10.25,
2026-09-18T14:05:51,2,1.534,22.75,21.9500,26.9,1.552,24.17,4.07,-62,10.25,
2026-09-18T14:05:52,2,1.532,22.56,21.9460,26.9,1.547,23.78,4.08,-62,9.75,
2026-09-18T14:05:53,2,1.554,24.30,21.9460,26.9,1.558,24.62,4.05,-61,9.75,
2026-09-18T14:05:54,2,1.534,22.68,21.9450,26.9,1.548,23.84,4.08,-61,10.25,
2026-09-18T14:05:55,2,1.556,24.49,21.9490,26.9,1.551,24.10,4.06,-60,9.75,
2026-09-18T14:05:56,2,1.555,24.36,21.9440,26.9,1.557,24.55,4.05,-60,9.75,
2026-09-18T14:05:57,2,1.531,22.49,21.9450,26.9,1.548,23.84,4.09,-59,9.50,
2026-09-18T14:05:58,2,1.557,24.55,21.9420,26.9,1.557,24.55,4.04,-59,10.00,
2026-09-18T14:05:59,2,1.533,22.62,21.9460,26.9,1.552,24.17,4.07,-59,10.50,
2026-09-18T14:06:01,2,1.532,22.56,21.9580,26.9,1.551,24.10,4.09,-60,9.50,
2026-09-18T14:06:02,2,1.555,24.42,21.9620,26.9,1.556,24.49,4.05,-60,9.75,
2026-09-18T14:06:03,2,1.531,22.49,21.9600,26.9,1.550,23.97,4.08,-59,10.00,
2026-09-18T14:06:04,2,1.559,24.75,21.9590,26.9,1.553,24.23,4.06,-59,9.75,
2026-09-18T14:06:05,2,1.555,24.36,21.9550,26.9,1.556,24.49,4.05,-59,9.75,
2026-09-18T14:06:06,2,1.534,22.68,21.9570,26.9,1.543,23.46,4.08,-59,9.75,
2026-09-18T14:06:07,2,1.553,24.23,21.9640,26.9,1.553,24.23,4.06,-59,9.75,
2026-09-18T14:06:15,2,1.535,22.81,21.9680,26.9,1.550,23.97,4.09,-53,8.75,
2026-09-18T14:06:16,2,1.558,24.62,21.9720,26.9,1.550,24.04,4.07,-59,10.00,
2026-09-18T14:06:17,2,1.555,24.42,21.9740,26.9,1.554,24.30,4.05,-60,9.75,
2026-09-18T14:06:18,2,1.530,22.43,21.9820,26.9,1.550,24.04,4.09,-59,9.25,
2026-09-18T14:06:19,2,1.555,24.42,21.9720,26.9,1.556,24.49,4.05,-59,9.75,
2026-09-18T14:06:20,2,1.534,22.68,21.9680,26.9,1.554,24.30,4.07,-59,10.25,
2026-09-18T14:06:21,2,1.535,22.81,21.9650,26.9,1.549,23.91,4.09,-59,9.25,
2026-09-18T14:06:22,2,1.554,24.30,21.9710,26.9,1.555,24.42,4.05,-59,9.50,
2026-09-18T14:06:23,2,1.532,22.56,21.9840,26.9,1.548,23.84,4.09,-59,9.50,
2026-09-18T14:06:25,2,1.558,24.62,21.9860,26.9,1.550,24.04,4.06,-60,9.75,
2026-09-18T14:06:26,2,1.554,24.30,21.9850,26.9,1.555,24.42,4.05,-59,10.00,
2026-09-18T14:06:27,2,1.530,22.43,21.9800,26.9,1.550,23.97,4.08,-59,10.00,
2026-09-18T14:06:28,2,1.558,24.62,21.9880,26.9,1.556,24.49,4.04,-59,9.75,
2026-09-18T14:06:29,2,1.531,22.49,21.9900,26.9,1.549,23.91,4.07,-59,10.00,
2026-09-18T14:06:30,2,1.531,22.49,21.9920,26.9,1.548,23.84,4.08,-59,9.75,
2026-09-18T14:06:31,2,1.553,24.23,21.9880,26.9,1.555,24.42,4.05,-59,9.75,
2026-09-18T14:06:32,2,1.533,22.62,21.9840,26.9,1.550,23.97,4.08,-60,9.75,
2026-09-18T14:06:33,2,1.534,22.75,21.9780,26.9,1.552,24.17,4.08,-59,9.50,
2026-09-18T14:06:34,2,1.553,24.23,21.9850,26.9,1.557,24.55,4.05,-59,9.50,
2026-09-18T14:06:35,2,1.531,22.49,21.9880,26.9,1.552,24.17,4.08,-59,9.50,
2026-09-18T14:06:37,2,1.558,24.62,21.9840,26.9,1.558,24.62,4.04,-59,9.75,
2026-09-18T14:06:38,2,1.553,24.23,21.9760,26.9,1.555,24.42,4.05,-59,9.25,
2026-09-18T14:06:39,2,1.532,22.56,21.9810,26.9,1.550,23.97,4.08,-60,9.50,
2026-09-18T14:06:40,2,1.557,24.55,21.9840,26.9,1.566,25.26,4.05,-60,9.50,
2026-09-18T14:06:41,2,1.534,22.75,21.9850,26.9,1.545,23.59,4.09,-59,9.25,
2026-09-18T14:06:42,2,1.531,22.49,21.9810,26.9,1.551,24.10,4.09,-60,9.50,
2026-09-18T14:06:43,2,1.554,24.30,21.9800,26.9,1.555,24.42,4.05,-60,10.00,
2026-09-18T14:06:44,2,1.530,22.43,21.9780,26.9,1.550,24.04,4.09,-59,9.50,
2026-09-18T14:06:45,2,1.555,24.36,21.9790,26.9,1.552,24.17,4.06,-59,9.50,
2026-09-18T14:06:46,2,1.555,24.42,21.9790,26.9,1.557,24.55,4.05,-60,10.25,
2026-09-18T14:06:47,2,1.534,22.68,21.9810,26.9,1.550,24.04,4.08,-59,9.75,
2026-09-18T14:06:49,2,1.556,24.49,21.9830,26.9,1.556,24.49,4.04,-59,10.25,
2026-09-18T14:06:57,2,1.559,24.75,21.9880,26.9,1.556,24.49,4.05,-61,9.50,
2026-09-18T14:06:58,2,1.554,24.30,21.9890,26.9,1.555,24.42,4.05,-61,10.25,
2026-09-18T14:07:00,2,1.532,22.56,21.9810,26.9,1.547,23.78,4.09,-61,9.75,
2026-09-18T14:07:01,2,1.556,24.49,21.9740,26.9,1.555,24.42,4.05,-61,9.75,
2026-09-18T14:07:02,2,1.535,22.81,21.9760,26.9,1.551,24.10,4.09,-61,9.25,
2026-09-18T14:07:03,2,1.534,22.68,21.9750,26.9,1.550,23.97,4.09,-60,9.75,
2026-09-18T14:07:04,2,1.552,24.17,21.9760,26.9,1.555,24.42,4.05,-62,9.50,
2026-09-18T14:07:05,2,1.530,22.43,21.9790,26.9,1.548,23.84,4.09,-62,9.75,
2026-09-18T14:07:06,2,1.559,24.75,21.9770,26.9,1.559,24.68,4.04,-60,10.25,
2026-09-18T14:07:07,2,1.552,24.17,21.9840,26.9,1.556,24.49,4.05,-62,10.00,
2026-09-18T14:07:08,2,1.532,22.56,21.9880,26.9,1.542,23.39,4.08,-61,9.75,
2026-09-18T14:07:09,2,1.559,24.68,21.9850,26.9,1.556,24.49,4.04,-61,9.75,
2026-09-18T14:07:10,2,1.530,22.36,21.9840,26.9,1.550,23.97,4.08,-60,9.75,
2026-09-18T14:07:12,2,1.530,22.43,21.9820,26.9,1.549,23.91,4.08,-60,9.75,
2026-09-18T14:07:13,2,1.557,24.55,21.9820,26.9,1.557,24.55,4.05,-61,9.75,
2026-09-18T14:07:14,2,1.531,22.49,21.9890,26.9,1.554,24.30,4.08,-60,10.00,
2026-09-18T14:07:15,2,1.561,24.88,21.9900,26.9,1.557,24.55,4.06,-60,9.50,
2026-09-18T14:07:16,2,1.551,24.10,21.9830,26.9,1.558,24.62,4.05,-61,9.50,
2026-09-18T14:07:17,2,1.532,22.56,21.9790,26.9,1.548,23.84,4.08,-60,10.00,
2026-09-18T14:07:18,2,1.555,24.42,21.9710,26.9,1.555,24.42,4.04,-61,10.25,
2026-09-18T14:07:19,2,1.536,22.88,21.9650,26.9,1.554,24.30,4.07,-61,10.25,
2026-09-18T14:07:20,2,1.532,22.56,21.9680,26.9,1.552,24.17,4.09,-60,9.50,
2026-09-18T14:07:21,2,1.554,24.30,21.9690,26.9,1.557,24.55,4.05,-59,9.25,
2026-09-18T14:07:22,2,1.533,22.62,21.9590,26.9,1.550,23.97,4.09,-60,9.50,
2026-09-18T14:07:24,2,1.539,23.14,21.9510,26.9,1.553,24.23,4.08,-59,9.75,
2026-09-18T14:07:25,2,1.552,24.17,21.9480,26.9,1.555,24.42,4.05,-60,9.75,
2026-09-18T14:07:26,2,1.531,22.49,21.9530,26.9,1.548,23.84,4.08,-59,9.50,
2026-09-18T14:07:27,2,1.559,24.68,21.9360,26.9,1.557,24.55,4.04,-60,10.25,
2026-09-18T14:07:28,2,1.551,24.10,21.9370,26.9,1.558,24.62,4.05,-60,9.75,
2026-09-18T14:07:29,2,1.532,22.56,21.9370,26.9,1.548,23.84,4.08,-59,9.50,
2026-09-18T14:07:30,2,1.555,24.36,21.9270,26.9,1.557,24.55,4.05,-59,9.75,
2026-09-18T14:07:31,2,1.530,22.43,21.9270,26.9,1.552,24.17,4.08,-59,9.50,
2026-09-18T14:07:40,2,1.533,22.62,21.9550,26.9,1.549,23.91,4.08,-59,9.75,
2026-09-18T14:07:41,2,1.534,22.68,21.9600,26.9,1.550,23.97,4.09,-59,9.50,
2026-09-18T14:07:42,2,1.555,24.36,21.9610,26.9,1.556,24.49,4.05,-59,10.25,
2026-09-18T14:07:43,2,1.532,22.56,21.9710,26.9,1.550,23.97,4.08,-59,9.25,
2026-09-18T14:07:44,2,1.562,24.94,21.9760,26.9,1.559,24.75,4.03,-60,9.75,
2026-09-18T14:07:45,2,1.554,24.30,21.9770,26.9,1.555,24.42,4.05,-60,9.50,
2026-09-18T14:07:46,2,1.531,22.49,21.9800,26.9,1.549,23.91,4.08,-59,9.75,
2026-09-18T14:07:48,2,1.557,24.55,21.9860,26.9,1.559,24.68,4.05,-60,10.00,
2026-09-18T14:07:49,2,1.534,22.68,21.9870,26.9,1.552,24.17,4.09,-60,9.50,
2026-09-18T14:07:50,2,1.531,22.49,21.9970,26.9,1.555,24.36,4.09,-59,9.25,
2026-09-18T14:07:51,2,1.557,24.55,22.0020,26.9,1.555,24.42,4.05,-59,9.75,
2026-09-18T14:07:52,2,1.532,22.56,22.0000,26.9,1.548,23.84,4.09,-59,9.50,
2026-09-18T14:07:53,2,1.534,22.68,22.0010,26.9,1.549,23.91,4.08,-60,9.50,
2026-09-18T14:07:54,2,1.553,24.23,22.0010,26.9,1.554,24.30,4.05,-60,10.25,
2026-09-18T14:07:55,2,1.531,22.49,22.0040,26.9,1.550,23.97,4.08,-60,9.75,
2026-09-18T14:07:56,2,1.559,24.68,21.9950,26.9,1.558,24.62,4.04,-59,10.00,
2026-09-18T14:07:57,2,1.553,24.23,21.9900,26.9,1.554,24.30,4.05,-60,9.75,
2026-09-18T14:07:58,2,1.530,22.43,21.9910,26.9,1.549,23.91,4.08,-60,9.50,
2026-09-18T14:08:00,2,1.555,24.36,21.9940,26.9,1.557,24.55,4.05,-60,9.50,
2026-09-18T14:08:01,2,1.521,21.72,21.9910,26.9,1.551,24.10,4.08,-60,9.75,
2026-09-18T14:08:02,2,1.529,22.30,21.9860,26.9,1.552,24.17,4.09,-61,9.50,
2026-09-18T14:08:03,2,1.554,24.30,21.9790,26.9,1.558,24.62,4.05,-60,9.75,
2026-09-18T14:08:04,2,1.533,22.62,21.9830,26.9,1.550,24.04,4.09,-59,10.25,
2026-09-18T14:08:05,2,1.556,24.49,21.9830,26.9,1.559,24.68,4.03,-60,9.50,
2026-09-18T14:08:06,2,1.553,24.23,21.9870,26.9,1.557,24.55,4.05,-59,10.00,
2026-09-18T14:08:07,2,1.533,22.62,21.9810,26.9,1.550,24.04,4.08,-60,9.75,7
2026-09-18T14:08:08,2,1.557,24.55,21.9810,26.9,1.556,24.49,4.05,-59,9.75,
2026-09-18T14:08:09,2,1.534,22.68,21.9770,26.9,1.548,23.84,4.09,-60,9.75,
2026-09-18T14:08:11,2,1.533,22.62,21.9750,26.9,1.550,23.97,4.08,-66,10.00,
2026-09-18T14:08:12,2,1.554,24.30,21.9800,26.9,1.557,24.55,4.05,-62,9.50,
2026-09-18T14:08:13,2,1.534,22.68,21.9730,26.9,1.550,23.97,4.09,-61,9.50,
2026-09-18T14:08:14,2,1.560,24.81,21.9730,26.9,1.559,24.75,4.03,-60,9.75,
2026-09-18T14:08:23,2,1.537,22.94,22.0520,26.9,1.558,24.62,4.09,-62,9.50,
2026-09-18T14:08:24,2,1.559,24.75,22.1780,26.9,1.563,25.01,4.05,-60,9.75,
2026-09-18T14:08:25,2,1.539,23.14,22.2810,26.9,1.558,24.62,4.08,-66,9.25,
2026-09-18T14:08:26,2,1.567,25.33,22.3680,26.9,1.564,25.13,4.04,-65,9.75,
2026-09-18T14:08:27,2,1.563,25.07,22.4530,26.9,1.565,25.20,4.05,-62,9.50,
2026-09-18T14:08:28,2,1.540,23.20,22.5160,26.9,1.558,24.62,4.08,-60,9.75,8
2026-09-18T14:08:29,2,1.565,25.20,22.5840,26.9,1.567,25.33,4.05,-63,9.75,
2026-09-18T14:08:30,2,1.546,23.72,22.6390,26.9,1.558,24.62,4.08,-60,9.50,
2026-09-18T14:08:31,2,1.542,23.39,22.6960,26.9,1.561,24.88,4.08,-60,9.50,
2026-09-18T14:08:32,2,1.567,25.33,22.7460,26.9,1.568,25.46,4.05,-59,9.75,
2026-09-18T14:08:35,2,1.575,26.04,22.9180,26.9,1.569,25.52,4.04,-60,11.00,
2026-09-18T14:08:36,2,1.569,25.52,22.9710,26.9,1.569,25.52,4.05,-61,9.50,
2026-09-18T14:08:37,2,1.546,23.72,23.0180,26.9,1.562,24.94,4.08,-60,9.75,
2026-09-18T14:08:38,2,1.571,25.65,23.0650,26.9,1.572,25.78,4.05,-60,9.75,
2026-09-18T14:08:39,2,1.549,23.91,23.1050,26.9,1.567,25.39,4.08,-59,9.75,
2026-09-18T14:08:40,2,1.550,23.97,23.1600,26.9,1.567,25.33,4.08,-59,9.75,
2026-09-18T14:08:41,2,1.567,25.39,23.2110,26.9,1.571,25.65,4.05,-59,9.75,
2026-09-18T14:08:42,2,1.545,23.59,23.2680,26.9,1.563,25.01,4.08,-59,9.75,
2026-09-18T14:08:43,2,1.573,25.84,23.2380,26.9,1.571,25.71,4.04,-60,9.75,
2026-09-18T14:08:44,2,1.565,25.20,23.1510,26.9,1.568,25.46,4.05,-62,9.50,
2026-09-18T14:08:45,2,1.546,23.65,23.0530,26.9,1.562,24.94,4.08,-60,9.50,
2026-09-18T14:08:47,2,1.570,25.59,23.0210,26.9,1.572,25.78,4.04,-60,10.00,
2026-09-18T14:08:48,2,1.544,23.52,23.0020,26.9,1.563,25.01,4.08,-59,9.50,
2026-09-18T14:08:49,2,1.544,23.52,22.9840,26.9,1.564,25.13,4.07,-59,10.50,
2026-09-18T14:08:50,2,1.566,25.26,22.9760,26.9,1.568,25.46,4.05,-60,10.00,
2026-09-18T14:08:51,2,1.546,23.65,22.9690,26.9,1.560,24.81,4.08,-59,9.50,
2026-09-18T14:08:52,2,1.546,23.72,22.9580,26.9,1.564,25.13,4.06,-59,10.00,
2026-09-18T14:08:53,2,1.567,25.33,22.9540,26.9,1.568,25.46,4.05,-58,9.50,
2026-09-18T14:08:54,2,1.544,23.52,22.9410,26.9,1.561,24.88,4.08,-60,9.50,
2026-09-18T14:08:55,2,1.577,26.17,22.9370,26.9,1.568,25.46,4.04,-59,10.00,
2026-09-18T14:08:56,2,1.563,25.01,22.9380,26.9,1.563,25.01,4.05,-60,9.75,
2026-09-18T14:09:04,2,1.572,25.78,22.9360,26.9,1.569,25.52,4.00,-51,4.50,
2026-09-18T14:09:05,2,1.566,25.26,22.9450,26.9,1.567,25.39,4.05,-60,10.00,
2026-09-18T14:09:06,2,1.543,23.46,22.9440,26.9,1.563,25.01,4.09,-59,9.50,
2026-09-18T14:09:07,2,1.568,25.46,22.9440,26.9,1.579,26.36,4.04,-60,9.50,
2026-09-18T14:09:08,2,1.546,23.65,22.9360,26.9,1.562,24.94,4.08,-60,9.50,
2026-09-18T14:09:10,2,1.544,23.52,22.9380,26.9,1.562,24.94,4.08,-60,9.50,
2026-09-18T14:09:11,2,1.567,25.33,22.9360,26.9,1.568,25.46,4.05,-60,9.75,
2026-09-18T14:09:12,2,1.545,23.59,22.9420,26.9,1.561,24.88,4.08,-60,10.25,
2026-09-18T14:09:13,2,1.571,25.71,22.9410,26.9,1.569,25.52,4.04,-60,10.00,
2026-09-18T14:09:14,2,1.566,25.26,22.9420,26.9,1.567,25.39,4.05,-59,9.50,
2026-09-18T14:09:15,2,1.542,23.33,22.9480,26.9,1.563,25.01,4.08,-60,10.00,
2026-09-18T14:09:16,2,1.569,25.52,22.9490,26.9,1.566,25.26,4.05,-60,9.50,
2026-09-18T14:09:17,2,1.546,23.65,22.9510,26.9,1.563,25.01,4.08,-60,9.75,
2026-09-18T14:09:18,2,1.545,23.59,22.9490,26.9,1.563,25.01,4.08,-60,9.75,
2026-09-18T14:09:19,2,1.567,25.33,22.9450,26.9,1.569,25.52,4.04,-59,10.25,
2026-09-18T14:09:20,2,1.542,23.33,22.9500,26.9,1.563,25.01,4.08,-59,9.50,
2026-09-18T14:09:22,2,1.573,25.84,22.9420,26.9,1.569,25.52,4.04,-60,11.00,
2026-09-18T14:09:23,2,1.567,25.33,22.9460,26.9,1.567,25.39,4.05,-59,9.75,
2026-09-18T14:09:24,2,1.543,23.46,22.9470,26.9,1.560,24.81,4.08,-60,9.50,
2026-09-18T14:09:25,2,1.568,25.46,22.9440,26.9,1.568,25.46,4.04,-60,10.00,
2026-09-18T14:09:26,2,1.546,23.65,22.9450,26.9,1.565,25.20,4.06,-60,9.75,
2026-09-18T14:09:27,2,1.543,23.46,22.9380,26.9,1.563,25.07,4.08,-60,9.75,
2026-09-18T14:09:28,2,1.567,25.39,22.9430,26.9,1.569,25.52,4.05,-60,9.75,
2026-09-18T14:09:29,2,1.543,23.46,22.9400,26.9,1.564,25.13,4.08,-60,9.75,
2026-09-18T14:09:30,2,1.549,23.91,22.9340,26.9,1.566,25.26,4.06,-60,9.75,
2026-09-18T14:09:31,2,1.567,25.33,22.9320,26.9,1.568,25.46,4.05,-60,9.75,
2026-09-18T14:09:32,2,1.542,23.39,22.9340,26.9,1.564,25.13,4.08,-59,10.00,
2026-09-18T14:09:34,2,1.571,25.65,22.9350,26.9,1.569,25.52,4.04,-60,9.75,
2026-09-18T14:09:35,2,1.566,25.26,22.9330,26.9,1.564,25.13,4.05,-59,9.75,
2026-09-18T14:09:36,2,1.542,23.39,22.9250,26.9,1.563,25.01,4.09,-60,9.50,
2026-09-18T14:09:37,2,1.566,25.26,22.9200,26.9,1.568,25.46,4.05,-60,10.00,
2026-09-18T14:09:38,2,1.544,23.52,22.9210,26.9,1.561,24.88,4.08,-60,9.75,
2026-09-18T14:09:39,2,1.544,23.52,22.9170,26.9,1.561,24.88,4.09,-59,9.75,
2026-09-18T14:09:47,2,1.541,23.26,22.9110,26.9,1.562,24.94,4.08,-55,9.25,
2026-09-18T14:09:48,2,1.542,23.39,22.9150,26.9,1.560,24.81,4.09,-59,9.50,
2026-09-18T14:09:49,2,1.567,25.39,22.9190,26.9,1.567,25.33,4.05,-59,9.25,
2026-09-18T14:09:50,2,1.546,23.72,22.9200,26.9,1.562,24.94,4.08,-59,9.75,
2026-09-18T14:09:51,2,1.573,25.84,22.9220,26.9,1.571,25.65,4.04,-59,9.50,
2026-09-18T14:09:52,2,1.567,25.33,22.9240,26.9,1.567,25.39,4.05,-59,9.50,
2026-09-18T14:09:53,2,1.545,23.59,22.9290,26.9,1.565,25.20,4.08,-59,9.75,
2026-09-18T14:09:54,2,1.569,25.52,22.9280,26.9,1.567,25.33,4.04,-59,9.50,
2026-09-18T14:09:55,2,1.566,25.26,22.9300,26.9,1.562,24.94,4.06,-59,9.50,
2026-09-18T14:09:56,2,1.542,23.39,22.9260,26.9,1.562,24.94,4.08,-59,9.75,
2026-09-18T14:09:58,2,1.567,25.33,22.9250,26.9,1.564,25.13,4.05,-59,9.50,
2026-09-18T14:09:59,2,1.549,23.91,22.9360,26.9,1.562,24.94,4.08,-60,9.75,
2026-09-18T14:10:00,2,1.546,23.65,22.9460,26.9,1.566,25.26,4.06,-60,9.50,
2026-09-18T14:10:01,2,1.563,25.01,22.9420,26.9,1.567,25.39,4.04,-60,10.25,
2026-09-18T14:10:02,2,1.544,23.52,22.9410,26.9,1.561,24.88,4.09,-59,9.25,
2026-09-18T14:10:03,2,1.572,25.78,22.9350,26.9,1.571,25.65,4.04,-59,10.25,
2026-09-18T14:10:04,2,1.563,25.07,22.9330,26.9,1.567,25.33,4.06,-59,9.75,
2026-09-18T14:10:05,2,1.553,24.23,22.9320,26.9,1.563,25.01,4.08,-60,9.50,
2026-09-18T14:10:06,2,1.566,25.26,22.9370,26.9,1.568,25.46,4.05,-60,9.75,
2026-09-18T14:10:07,2,1.543,23.46,22.9310,26.9,1.563,25.07,4.09,-59,9.25,
2026-09-18T14:10:09,2,1.547,23.78,22.9320,26.9,1.567,25.33,4.06,-59,9.75,
2026-09-18T14:10:10,2,1.566,25.26,22.9360,26.9,1.569,25.52,4.05,-60,9.50,
2026-09-18T14:10:11,2,1.546,23.65,22.9370,26.9,1.564,25.13,4.08,-60,9.50,
2026-09-18T14:10:12,2,1.574,25.91,22.9380,26.9,1.567,25.39,4.04,-60,10.00,
2026-09-18T14:10:13,2,1.563,25.01,22.9260,26.9,1.566,25.26,4.06,-59,9.75,
2026-09-18T14:10:14,2,1.546,23.72,22.9260,26.9,1.561,24.88,4.08,-60,9.75,
2026-09-18T14:10:15,2,1.571,25.65,22.9240,26.9,1.569,25.52,4.04,-60,10.00,
2026-09-18T14:10:16,2,1.544,23.52,22.9300,26.9,1.563,25.07,4.08,-60,9.75,
2026-09-18T14:10:17,2,1.543,23.46,22.9370,26.9,1.560,24.81,4.08,-60,9.75,
2026-09-18T14:10:18,2,1.567,25.39,22.9400,26.9,1.569,25.52,4.05,-60,9.25,
2026-09-18T14:10:19,2,1.545,23.59,22.9310,26.9,1.562,24.94,4.08,-60,9.50,
2026-09-18T14:10:21,2,1.572,25.78,22.9310,26.9,1.570,25.59,4.04,-60,9.75,
2026-09-18T14:10:22,2,1.566,25.26,22.9340,26.9,1.568,25.46,4.05,-60,9.50,
2026-09-18T14:10:29,2,1.547,23.78,22.9590,26.9,1.567,25.33,4.06,-59,10.00,
2026-09-18T14:10:30,2,1.566,25.26,22.9630,26.9,1.568,25.46,4.05,-60,9.75,
2026-09-18T14:10:31,2,1.546,23.72,22.9580,26.9,1.562,24.94,4.08,-59,9.75,
2026-09-18T14:10:33,2,1.571,25.65,22.9600,26.9,1.569,25.52,4.04,-59,10.25,
2026-09-18T14:10:34,2,1.560,24.81,22.9590,26.9,1.564,25.13,4.06,-60,9.75,
2026-09-18T14:10:35,2,1.543,23.46,22.9610,26.9,1.561,24.88,4.08,-60,9.75,
2026-09-18T14:10:36,2,1.569,25.52,22.9600,26.9,1.570,25.59,4.05,-59,9.50,
2026-09-18T14:10:37,2,1.544,23.52,22.9570,26.9,1.575,25.97,4.08,-59,9.50,
2026-09-18T14:10:38,2,1.546,23.65,22.9550,26.9,1.566,25.26,4.06,-59,9.50,
2026-09-18T14:10:39,2,1.564,25.13,22.9480,26.9,1.568,25.46,4.05,-58,10.00,
2026-09-18T14:10:40,2,1.548,23.84,22.9500,26.9,1.562,24.94,4.08,-59,10.00,
2026-09-18T14:10:41,2,1.571,25.71,22.9470,26.9,1.567,25.39,4.04,-58,10.25,
2026-09-18T14:10:42,2,1.563,25.01,22.9490,26.9,1.563,25.01,4.06,-59,10.00,
2026-09-18T14:10:43,2,1.543,23.46,22.9310,26.9,1.556,24.49,4.08,-59,9.75,
2026-09-18T14:10:45,2,1.568,25.46,22.9380,26.9,1.567,25.39,4.04,-59,9.75,
2026-09-18T14:10:46,2,1.543,23.46,22.9390,26.9,1.561,24.88,4.08,-59,9.75,
2026-09-18T14:10:47,2,1.549,23.91,22.9370,26.9,1.559,24.75,4.06,-59,9.75,
2026-09-18T14:10:48,2,1.567,25.33,22.9320,26.9,1.568,25.46,4.05,-59,9.50,
2026-09-18T14:10:49,2,1.543,23.46,22.9350,26.9,1.563,25.01,4.08,-59,9.25,
2026-09-18T14:10:50,2,1.550,23.97,22.9260,26.9,1.569,25.52,4.06,-59,10.00,
2026-09-18T14:10:51,2,1.563,25.01,22.9360,26.9,1.565,25.20,4.06,-59,9.75,
2026-09-18T14:10:52,2,1.546,23.65,22.9310,26.9,1.563,25.07,4.08,-59,9.25,
2026-09-18T14:10:53,2,1.572,25.78,22.9420,26.9,1.567,25.39,4.04,-59,9.50,
2026-09-18T14:10:54,2,1.563,25.01,22.9440,26.9,1.566,25.26,4.07,-60,9.50,
2026-09-18T14:10:55,2,1.544,23.52,22.9370,26.9,1.566,25.26,4.08,-60,9.75,
2026-09-18T14:10:57,2,1.567,25.39,22.9350,26.9,1.567,25.39,4.04,-60,9.50,
2026-09-18T14:10:58,2,1.544,23.52,22.9410,26.9,1.563,25.01,4.08,-59,9.75,
2026-09-18T14:10:59,2,1.549,23.91,22.9410,26.9,1.556,24.49,4.06,-58,9.75,
2026-09-18T14:11:00,2,1.566,25.26,22.9500,26.9,1.568,25.46,4.05,-60,9.25,
2026-09-18T14:11:01,2,1.546,23.72,22.9490,26.9,1.563,25.01,4.08,-59,9.50,
2026-09-18T14:11:02,2,1.572,25.78,22.9440,26.9,1.571,25.71,4.04,-59,10.00,
2026-09-18T14:11:03,2,1.566,25.26,22.9450,26.9,1.566,25.26,4.06,-59,9.50,
2026-09-18T14:11:04,2,1.544,23.52,22.9500,26.9,1.561,24.88,4.08,-59,9.75,
2026-09-18T14:11:12,2,1.557,24.55,22.9410,26.9,1.566,25.26,4.06,-59,9.75,
2026-09-18T14:11:13,2,1.545,23.59,22.9310,26.9,1.563,25.07,4.08,-60,9.75,
2026-09-18T14:11:14,2,1.564,25.13,22.9280,26.9,1.568,25.46,4.04,-60,10.00,
2026-09-18T14:11:15,2,1.549,23.91,22.9300,26.9,1.562,24.94,4.06,-59,9.50,
2026-09-18T14:11:16,2,1.546,23.72,22.9340,26.9,1.566,25.26,4.06,-59,9.50,
2026-09-18T14:11:17,2,1.566,25.26,22.9330,26.9,1.571,25.71,4.05,-60,9.75,
2026-09-18T14:11:18,2,1.542,23.39,22.9280,26.9,1.563,25.01,4.08,-60,9.50,
2026-09-18T14:11:20,2,1.547,23.78,22.9310,26.9,1.564,25.13,4.06,-59,9.75,
2026-09-18T14:11:21,2,1.565,25.20,22.9300,26.9,1.563,25.01,4.06,-60,9.75,
2026-09-18T14:11:22,2,1.543,23.46,22.9350,26.9,1.559,24.75,4.08,-60,10.00,
2026-09-18T14:11:23,2,1.566,25.26,22.9330,26.9,1.569,25.52,4.04,-60,10.25,
2026-09-18T14:11:24,2,1.562,24.94,22.9220,26.9,1.563,25.07,4.06,-59,9.75,
2026-09-18T14:11:25,2,1.546,23.72,22.9150,26.9,1.570,25.59,4.06,-59,9.75,
2026-09-18T14:11:26,2,1.566,25.26,22.9140,26.9,1.567,25.39,4.05,-60,9.50,
2026-09-18T14:11:27,2,1.544,23.52,22.9170,26.9,1.562,24.94,4.08,-60,10.00,
2026-09-18T14:11:28,2,1.546,23.72,22.9170,26.9,1.568,25.46,4.06,-59,9.50,
2026-09-18T14:11:29,2,1.563,25.07,22.9110,26.9,1.568,25.46,4.06,-59,9.75,
2026-09-18T14:11:30,2,1.544,23.52,22.9260,26.9,1.562,24.94,4.08,-60,9.75,
2026-09-18T14:11:32,2,1.573,25.84,22.9270,26.9,1.568,25.46,4.04,-60,10.00,
2026-09-18T14:11:33,2,1.565,25.20,22.9250,26.9,1.564,25.13,4.06,-60,9.75,
2026-09-18T14:11:34,2,1.545,23.59,22.9250,26.9,1.567,25.39,4.08,-60,9.50,
2026-09-18T14:11:35,2,1.568,25.46,22.9270,26.9,1.568,25.46,4.04,-60,10.00,
2026-09-18T14:11:36,2,1.544,23.52,22.9280,26.9,1.563,25.07,4.08,-60,9.75,
2026-09-18T14:11:37,2,1.547,23.78,22.9360,26.9,1.566,25.26,4.06,-59,9.25,
2026-09-18T14:11:38,2,1.568,25.46,22.9360,26.9,1.571,25.65,4.05,-59,9.25,
2026-09-18T14:11:39,2,1.543,23.46,22.9370,26.9,1.560,24.81,4.08,-59,9.50,
2026-09-18T14:11:40,2,1.540,23.20,22.9320,26.9,1.565,25.20,4.07,-59,9.75,
2026-09-18T14:11:41,2,1.565,25.20,22.9340,26.9,1.563,25.01,4.06,-59,9.50,
2026-09-18T14:11:42,2,1.543,23.46,22.9330,26.9,1.559,24.68,4.08,-59,9.75,
2026-09-18T14:11:44,2,1.570,25.59,22.9440,26.9,1.567,25.33,4.04,-61,10.00,
2026-09-18T14:11:45,2,1.563,25.07,22.9530,26.9,1.565,25.20,4.07,-58,10.75,
2026-09-18T14:11:46,2,1.547,23.78,22.9540,26.9,1.563,25.07,4.06,-58,10.25,
2026-09-18T14:11:47,2,1.567,25.39,22.9520,26.9,1.570,25.59,4.04,-58,10.00,
2026-09-18T14:11:54,2,1.548,23.84,22.9480,26.9,1.565,25.20,4.06,-58,9.75,
2026-09-18T14:11:56,2,1.567,25.33,22.9480,26.9,1.568,25.46,4.05,-58,9.75,
2026-09-18T14:11:57,2,1.543,23.46,22.9420,26.9,1.560,24.81,4.08,-58,9.75,
2026-09-18T14:11:58,2,1.547,23.78,22.9470,26.9,1.564,25.13,4.06,-58,9.50,
2026-09-18T14:11:59,2,1.563,25.07,22.9550,26.9,1.565,25.20,4.07,-58,10.75,
2026-09-18T14:12:00,2,1.543,23.46,22.9550,26.9,1.562,24.94,4.08,-58,9.50,
2026-09-18T14:12:01,2,1.574,25.91,22.9520,26.9,1.567,25.39,4.04,-58,10.25,
2026-09-18T14:12:02,2,1.563,25.01,22.9610,26.9,1.563,25.07,4.06,-58,9.50,
2026-09-18T14:12:03,2,1.547,23.78,22.9490,26.9,1.565,25.20,4.06,-59,9.50,
2026-09-18T14:12:04,2,1.567,25.39,22.9440,26.9,1.578,26.23,4.04,-59,10.50,
2026-09-18T14:12:05,2,1.543,23.46,22.9540,26.9,1.561,24.88,4.08,-58,11.00,
2026-09-18T14:12:07,2,1.546,23.72,22.9530,26.9,1.564,25.13,4.07,-58,10.00,
2026-09-18T14:12:08,2,1.571,25.65,22.9500,26.9,1.565,25.20,4.06,-58,9.50,
2026-09-18T14:12:09,2,1.543,23.46,22.9450,26.9,1.562,24.94,4.08,-59,9.50,
2026-09-18T14:12:10,2,1.571,25.65,22.9510,26.9,1.568,25.46,4.05,-59,9.50,
2026-09-18T14:12:11,2,1.561,24.88,22.9490,26.9,1.566,25.26,4.06,-59,9.75,
2026-09-18T14:12:12,2,1.549,23.91,22.9530,26.9,1.567,25.33,4.06,-58,10.00,
2026-09-18T14:12:13,2,1.570,25.59,22.9640,26.9,1.567,25.39,4.04,-59,9.75,
2026-09-18T14:12:14,2,1.563,25.01,22.9580,26.9,1.563,25.07,4.06,-58,10.00,
2026-09-18T14:12:15,2,1.546,23.65,22.9580,26.9,1.562,24.94,4.06,-59,10.00,
2026-09-18T14:12:16,2,1.564,25.13,22.9560,26.9,1.565,25.20,4.06,-59,9.75,
2026-09-18T14:12:17,2,1.544,23.52,22.9580,26.9,1.559,24.75,4.08,-58,10.00,
2026-09-18T14:12:19,2,1.549,23.91,22.9510,26.9,1.566,25.26,4.07,-58,10.25,
2026-09-18T14:12:20,2,1.565,25.20,22.9550,26.9,1.564,25.13,4.06,-59,9.50,
2026-09-18T14:12:21,2,1.546,23.65,22.9510,26.9,1.568,25.46,4.08,-58,9.75,
2026-09-18T14:12:22,2,1.571,25.65,22.9450,26.9,1.568,25.46,4.04,-59,10.25,
2026-09-18T14:12:23,2,1.559,24.75,22.9510,26.9,1.563,25.01,4.05,-59,9.50,
2026-09-18T14:12:24,2,1.547,23.78,22.9570,26.9,1.565,25.20,4.06,-58,9.75,
2026-09-18T14:12:25,2,1.567,25.33,22.9590,26.9,1.567,25.39,4.05,-59,9.50,
2026-09-18T14:12:26,2,1.544,23.52,22.9500,26.9,1.562,24.94,4.08,-58,10.00,
2026-09-18T14:12:27,2,1.547,23.78,22.9550,26.9,1.566,25.26,4.06,-58,9.75,
2026-09-18T14:12:28,2,1.567,25.33,22.9710,26.9,1.565,25.20,4.06,-59,10.00,
2026-09-18T14:12:37,2,1.563,25.01,22.9470,26.9,1.567,25.33,4.06,-59,9.50,
2026-09-18T14:12:38,2,1.544,23.52,22.9410,26.9,1.563,25.01,4.08,-58,9.75,
2026-09-18T14:12:39,2,1.569,25.52,22.9430,26.9,1.571,25.71,4.04,-59,10.00,
2026-09-18T14:12:40,2,1.565,25.20,22.9350,26.9,1.564,25.13,4.06,-58,9.75,
2026-09-18T14:12:41,2,1.547,23.78,22.9400,26.9,1.564,25.13,4.06,-58,10.25,
2026-09-18T14:12:43,2,1.570,25.59,22.9440,26.9,1.568,25.46,4.04,-58,10.50,
2026-09-18T14:12:44,2,1.563,25.01,22.9410,26.9,1.563,25.01,4.07,-58,10.25,
2026-09-18T14:12:45,2,1.545,23.59,22.9310,26.9,1.565,25.20,4.06,-58,9.50,
2026-09-18T14:12:46,2,1.563,25.01,22.9320,26.9,1.565,25.20,4.06,-58,10.25,
2026-09-18T14:12:47,2,1.549,23.91,22.9300,26.9,1.561,24.88,4.08,-58,9.75,
2026-09-18T14:12:48,2,1.548,23.84,22.9210,26.9,1.565,25.20,4.06,-58,10.00,
2026-09-18T14:12:49,2,1.563,25.01,22.9210,26.9,1.565,25.20,4.06,-58,9.75,
2026-09-18T14:12:50,2,1.550,23.97,22.9220,26.9,1.564,25.13,4.06,-58,9.75,
2026-09-18T14:12:51,2,1.572,25.78,22.9220,26.9,1.569,25.52,4.04,-57,10.00,
2026-09-18T14:12:52,2,1.565,25.20,22.9330,26.9,1.564,25.13,4.06,-57,10.00,
2026-09-18T14:12:53,2,1.548,23.84,22.9320,26.9,1.566,25.26,4.06,-57,10.00,
2026-09-18T14:12:55,2,1.564,25.13,22.9300,26.9,1.564,25.13,4.06,-58,10.25,
2026-09-18T14:12:56,2,1.545,23.59,22.9320,26.9,1.562,24.94,4.08,-58,10.00,
2026-09-18T14:12:57,2,1.542,23.39,22.9280,26.9,1.564,25.13,4.06,-58,10.00,
2026-09-18T14:12:58,2,1.563,25.07,22.9290,26.9,1.565,25.20,4.06,-58,10.00,
2026-09-18T14:12:59,2,1.547,23.78,22.9220,26.9,1.565,25.20,4.06,-58,10.00,
2026-09-18T14:13:00,2,1.570,25.59,22.9260,26.9,1.567,25.33,4.04,-59,10.00,
2026-09-18T14:13:01,2,1.564,25.13,22.9280,26.9,1.563,25.07,4.06,-58,9.75,
2026-09-18T14:13:02,2,1.548,23.84,22.9300,26.9,1.567,25.39,4.06,-59,9.75,
2026-09-18T14:13:03,2,1.567,25.39,22.9320,26.9,1.564,25.13,4.06,-58,9.50,
2026-09-18T14:13:04,2,1.546,23.65,22.9380,26.9,1.573,25.84,4.08,-58,9.75,
2026-09-18T14:13:06,2,1.546,23.72,22.9450,26.9,1.565,25.20,4.06,-59,9.75,
2026-09-18T14:13:07,2,1.563,25.01,22.9490,26.9,1.567,25.33,4.07,-59,10.25,
2026-09-18T14:13:08,2,1.546,23.65,22.9520,26.9,1.564,25.13,4.08,-58,9.75,
2026-09-18T14:13:09,2,1.557,24.55,22.9500,26.9,1.567,25.39,4.07,-58,10.25,
2026-09-18T14:13:10,2,1.566,25.26,22.9590,26.9,1.559,24.75,4.06,-58,10.25,
2026-09-18T14:13:11,2,1.548,23.84,22.9580,26.9,1.565,25.20,4.06,-58,11.00,
2026-09-18T14:13:20,2,1.548,23.84,22.9810,26.9,1.564,25.13,4.06,-59,9.75,
2026-09-18T14:13:21,2,1.571,25.65,22.9860,26.9,1.568,25.46,4.04,-60,9.75,
2026-09-18T14:13:22,2,1.565,25.20,22.9860,26.9,1.567,25.33,4.05,-60,9.25,
2026-09-18T14:13:23,2,1.547,23.78,22.9790,26.9,1.566,25.26,4.06,-59,10.00,
2026-09-18T14:13:24,2,1.564,25.13,22.9800,26.9,1.564,25.13,4.06,-60,9.75,
2026-09-18T14:13:25,2,1.539,23.14,22.9830,26.9,1.571,25.71,4.08,-60,9.75,
2026-09-18T14:13:26,2,1.546,23.65,22.9830,26.9,1.565,25.20,4.07,-59,9.75,
2026-09-18T14:13:27,2,1.563,25.01,22.9810,26.9,1.564,25.13,4.06,-59,9.50,
2026-09-18T14:13:28,2,1.549,23.91,22.9700,26.9,1.566,25.26,4.06,-59,9.50,
2026-09-18T14:13:30,2,1.573,25.84,22.9630,26.9,1.567,25.33,4.04,-59,9.50,
2026-09-18T14:13:31,2,1.563,25.07,22.9680,26.9,1.564,25.13,4.06,-58,9.50,
2026-09-18T14:13:32,2,1.546,23.65,22.9630,26.9,1.563,25.07,4.06,-58,9.50,
2026-09-18T14:13:33,2,1.565,25.20,22.9600,26.9,1.564,25.13,4.06,-59,9.75,
2026-09-18T14:13:34,2,1.539,23.14,22.9650,26.9,1.561,24.88,4.08,-59,9.50,
2026-09-18T14:13:35,2,1.546,23.65,22.9590,26.9,1.566,25.26,4.06,-59,9.25,
2026-09-18T14:13:36,2,1.563,25.07,22.9540,26.9,1.567,25.33,4.07,-60,10.00,
2026-09-18T14:13:37,2,1.547,23.78,22.9520,26.9,1.567,25.39,4.06,-60,9.75,
2026-09-18T14:13:38,2,1.550,23.97,22.9520,26.9,1.566,25.26,4.06,-60,10.00,
2026-09-18T14:13:39,2,1.562,24.94,22.9520,26.9,1.562,24.94,4.06,-59,9.75,
2026-09-18T14:13:40,2,1.547,23.78,22.9550,26.9,1.567,25.39,4.06,-60,10.00,
2026-09-18T14:13:42,2,1.566,25.26,22.9520,26.9,1.564,25.13,4.06,-60,10.00,
2026-09-18T14:13:43,2,1.563,25.01,22.9510,26.9,1.566,25.26,4.06,-59,9.75,
2026-09-18T14:13:44,2,1.548,23.84,22.9490,26.9,1.565,25.20,4.07,-60,10.25,
2026-09-18T14:13:45,2,1.566,25.26,22.9410,26.9,1.564,25.13,4.06,-59,9.75,
2026-09-18T14:13:46,2,1.546,23.65,22.9340,26.9,1.567,25.39,4.06,-60,10.00,
2026-09-18T14:13:47,2,1.547,23.78,22.9300,26.9,1.562,24.94,4.06,-60,9.75,
2026-09-18T14:13:48,2,1.563,25.07,22.9360,26.9,1.566,25.26,4.06,-59,9.75,
2026-09-18T14:13:49,2,1.547,23.78,22.9370,26.9,1.569,25.52,4.06,-60,9.50,
2026-09-18T14:13:50,2,1.571,25.65,22.9360,26.9,1.566,25.26,4.04,-60,10.25,
2026-09-18T14:13:51,2,1.556,24.49,22.9340,26.9,1.566,25.26,4.06,-59,9.50,
2026-09-18T14:13:52,2,1.548,23.84,22.9370,26.9,1.568,25.46,4.06,-59,9.75,
2026-09-18T14:13:54,2,1.567,25.39,22.9360,26.9,1.566,25.26,4.06,-59,9.75,
2026-09-18T14:14:01,2,1.546,23.72,22.9360,26.9,1.567,25.33,4.00,-51,6.25,
2026-09-18T14:14:02,2,1.565,25.20,22.9410,26.9,1.567,25.33,4.06,-60,9.75,
2026-09-18T14:14:03,2,1.563,25.01,22.9510,26.9,1.564,25.13,4.06,-60,9.50,
2026-09-18T14:14:04,2,1.550,23.97,22.9590,26.9,1.555,24.36,4.06,-60,10.00,
2026-09-18T14:14:06,2,1.565,25.20,22.9550,26.9,1.567,25.33,4.06,-60,9.50,
2026-09-18T14:14:07,2,1.549,23.91,22.9570,26.9,1.571,25.71,4.06,-60,9.75,
2026-09-18T14:14:08,2,1.551,24.10,22.9580,26.9,1.565,25.20,4.07,-59,10.25,
2026-09-18T14:14:09,2,1.563,25.01,22.9590,26.9,1.564,25.13,4.06,-60,9.75,
2026-09-18T14:14:10,2,1.547,23.78,22.9540,26.9,1.567,25.33,4.06,-59,9.75,
2026-09-18T14:14:11,2,1.566,25.26,22.9590,26.9,1.565,25.20,4.06,-59,9.75,
2026-09-18T14:14:12,2,1.563,25.01,22.9570,26.9,1.564,25.13,4.06,-59,10.00,
2026-09-18T14:14:13,2,1.545,23.59,22.9590,26.9,1.565,25.20,4.05,-60,9.75,
2026-09-18T14:14:14,2,1.566,25.26,22.9610,26.9,1.563,25.07,4.06,-60,9.75,
2026-09-18T14:14:15,2,1.547,23.78,22.9570,26.9,1.565,25.20,4.06,-60,10.00,
2026-09-18T14:14:17,2,1.546,23.65,22.9520,26.9,1.567,25.33,4.07,-59,10.50,
2026-09-18T14:14:18,2,1.564,25.13,22.9500,26.9,1.563,25.07,4.06,-60,9.50,
2026-09-18T14:14:19,2,1.546,23.65,22.9500,26.9,1.565,25.20,4.06,-59,9.75,
2026-09-18T14:14:20,2,1.571,25.65,22.9500,26.9,1.566,25.26,4.06,-60,10.00,
2026-09-18T14:14:21,2,1.563,25.07,22.9580,26.9,1.566,25.26,4.06,-60,10.00,
2026-09-18T14:14:22,2,1.546,23.72,22.9530,26.9,1.565,25.20,4.06,-60,9.75,
2026-09-18T14:14:23,2,1.565,25.20,22.9540,26.9,1.567,25.39,4.06,-59,9.50,
2026-09-18T14:14:24,2,1.551,24.10,22.9510,26.9,1.566,25.26,4.06,-60,9.75,
2026-09-18T14:14:25,2,1.547,23.78,22.9510,26.9,1.566,25.26,4.07,-59,10.25,
2026-09-18T14:14:26,2,1.563,25.07,22.9630,26.9,1.567,25.33,4.06,-60,10.00,
2026-09-18T14:14:27,2,1.549,23.91,22.9580,26.9,1.566,25.26,4.06,-59,9.75,
2026-09-18T14:14:29,2,1.542,23.33,22.9660,26.9,1.561,24.88,4.08,-59,9.75,
2026-09-18T14:14:30,2,1.563,25.01,22.9700,26.9,1.563,25.01,4.06,-59,9.75,
2026-09-18T14:14:31,2,1.546,23.65,22.9570,26.9,1.566,25.26,4.06,-59,10.00,
2026-09-18T14:14:32,2,1.567,25.39,22.9570,26.9,1.569,25.52,4.06,-60,9.75,
2026-09-18T14:14:33,2,1.567,25.33,22.9570,26.9,1.571,25.65,4.04,-59,10.25,
2026-09-18T14:14:34,2,1.546,23.72,22.9520,26.9,1.564,25.13,4.06,-59,9.75,
2026-09-18T14:14:35,2,1.563,25.01,22.9560,26.9,1.565,25.20,4.06,-60,9.50,
2026-09-18T14:14:36,2,1.545,23.59,22.9560,26.9,1.567,25.39,4.06,-60,9.50,
2026-09-18T14:14:44,2,1.567,25.33,22.9440,26.9,1.565,25.20,4.06,-59,9.75,
2026-09-18T14:14:45,2,1.546,23.72,22.9360,26.9,1.567,25.39,4.06,-60,9.25,
2026-09-18T14:14:46,2,1.544,23.52,22.9300,26.9,1.566,25.26,4.06,-61,9.50,
2026-09-18T14:14:47,2,1.567,25.39,22.9310,26.9,1.565,25.20,4.06,-60,9.75,
2026-09-18T14:14:48,2,1.547,23.78,22.9310,26.9,1.566,25.26,4.06,-60,10.00,
2026-09-18T14:14:49,2,1.570,25.59,22.9200,26.9,1.565,25.20,4.06,-60,9.75,
2026-09-18T14:14:50,2,1.561,24.88,22.9210,26.9,1.564,25.13,4.06,-59,10.25,
2026-09-18T14:14:51,2,1.546,23.65,22.9170,26.9,1.563,25.07,4.06,-60,9.50,
2026-09-18T14:14:53,2,1.566,25.26,22.9170,26.9,1.566,25.26,4.05,-60,10.00,
2026-09-18T14:14:54,2,1.566,25.26,22.9180,26.9,1.570,25.59,4.04,-59,10.25,
2026-09-18T14:14:55,2,1.545,23.59,22.9130,26.9,1.567,25.33,4.06,-60,9.50,
2026-09-18T14:14:56,2,1.564,25.13,22.9140,26.9,1.566,25.26,4.06,-59,10.00,
2026-09-18T14:14:57,2,1.546,23.72,22.9120,26.9,1.569,25.52,4.06,-60,9.50,
2026-09-18T14:14:58,2,1.542,23.39,22.9190,26.9,1.563,25.01,4.08,-62,10.00,
2026-09-18T14:14:59,2,1.563,25.01,22.9150,26.9,1.567,25.33,4.06,-60,9.50,
2026-09-18T14:15:00,2,1.546,23.72,22.9180,26.9,1.566,25.26,4.06,-60,10.00,
2026-09-18T14:15:01,2,1.579,26.36,22.9160,26.9,1.567,25.33,4.06,-61,9.75,
2026-09-18T14:15:02,2,1.567,25.39,22.9210,26.9,1.568,25.46,4.04,-60,10.25,
2026-09-18T14:15:03,2,1.546,23.72,22.9190,26.9,1.566,25.26,4.07,-60,9.75,
2026-09-18T14:15:05,2,1.566,25.26,22.9250,26.9,1.565,25.20,4.06,-60,10.50,
2026-09-18T14:15:06,2,1.546,23.72,22.9290,26.9,1.567,25.33,4.06,-61,9.75,
2026-09-18T14:15:07,2,1.545,23.59,22.9250,26.9,1.561,24.88,4.08,-60,10.00,
2026-09-18T14:15:08,2,1.563,25.07,22.9240,26.9,1.563,25.07,4.06,-60,9.75,
2026-09-18T14:15:09,2,1.546,23.65,22.9270,26.9,1.568,25.46,4.06,-60,9.75,
2026-09-18T14:15:10,2,1.569,25.52,22.9280,26.9,1.566,25.26,4.06,-61,9.50,
2026-09-18T14:15:11,2,1.566,25.26,22.9290,26.9,1.571,25.71,4.04,-61,10.25,
2026-09-18T14:15:12,2,1.546,23.72,22.9340,26.9,1.566,25.26,4.06,-61,10.00,
2026-09-18T14:15:13,2,1.566,25.26,22.9340,26.9,1.566,25.26,4.06,-61,10.00,
2026-09-18T14:15:14,2,1.546,23.72,22.9340,26.9,1.565,25.20,4.06,-60,10.00,
2026-09-18T14:15:16,2,1.545,23.59,22.9370,26.9,1.564,25.13,4.08,-61,10.00,
2026-09-18T14:15:17,2,1.565,25.20,22.9400,26.9,1.566,25.26,4.06,-61,10.00,
2026-09-18T14:15:18,2,1.546,23.72,22.9380,26.9,1.566,25.26,4.06,-60,9.75,
2026-09-18T14:15:26,2,1.547,23.78,22.9360,26.9,1.565,25.20,4.06,-60,9.50,
2026-09-18T14:15:28,2,1.545,23.59,22.9430,26.9,1.563,25.01,4.08,-59,9.50,
2026-09-18T14:15:29,2,1.564,25.13,22.9470,26.9,1.564,25.13,4.06,-60,9.50,
2026-09-18T14:15:30,2,1.546,23.65,22.9570,26.9,1.563,25.07,4.06,-60,9.75,
2026-09-18T14:15:31,2,1.569,25.52,22.9690,26.9,1.567,25.33,4.06,-60,9.75,
2026-09-18T14:15:32,2,1.568,25.46,22.9710,26.9,1.570,25.59,4.04,-60,9.75,
2026-09-18T14:15:33,2,1.538,23.07,22.9750,26.9,1.567,25.33,4.07,-60,10.00,
2026-09-18T14:15:34,2,1.560,24.81,22.9810,26.9,1.567,25.39,4.06,-60,12.25,
2026-09-18T14:15:35,2,1.548,23.84,22.9770,26.9,1.566,25.26,4.06,-60,9.75,
2026-09-18T14:15:36,2,1.543,23.46,22.9730,26.9,1.564,25.13,4.08,-60,9.75,
2026-09-18T14:15:37,2,1.565,25.20,22.9650,26.9,1.567,25.39,4.06,-59,9.50,
2026-09-18T14:15:38,2,1.551,24.10,22.9770,26.9,1.565,25.20,4.07,-59,10.25,
2026-09-18T14:15:40,2,1.563,25.01,22.9830,26.9,1.566,25.26,4.06,-60,10.25,
2026-09-18T14:15:41,2,1.558,24.62,22.9850,26.9,1.567,25.39,4.04,-60,10.25,
2026-09-18T14:15:42,2,1.547,23.78,22.9920,26.9,1.565,25.20,4.06,-59,9.50,
2026-09-18T14:15:43,2,1.566,25.26,22.9960,26.9,1.564,25.13,4.06,-60,10.00,
2026-09-18T14:15:44,2,1.565,25.20,22.9950,26.9,1.567,25.33,4.04,-60,10.00,
2026-09-18T14:15:45,2,1.545,23.59,22.9930,26.9,1.562,24.94,4.08,-60,9.75,
2026-09-18T14:15:46,2,1.567,25.33,22.9910,26.9,1.565,25.20,4.06,-60,9.50,
2026-09-18T14:15:47,2,1.555,24.36,22.9920,26.9,1.558,24.62,4.06,-60,9.50,
2026-09-18T14:15:48,2,1.540,23.20,22.9860,26.9,1.563,25.07,4.08,-60,10.00,
2026-09-18T14:15:49,2,1.566,25.26,22.9900,26.9,1.571,25.71,4.04,-60,9.75,
2026-09-18T14:15:50,2,1.549,23.91,22.9750,26.9,1.565,25.20,4.06,-60,10.00,
2026-09-18T14:15:52,2,1.569,25.52,22.9690,26.9,1.566,25.26,4.05,-60,9.75,
2026-09-18T14:15:53,2,1.566,25.26,22.9650,26.9,1.569,25.52,4.04,-60,10.00,
2026-09-18T14:15:54,2,1.544,23.52,22.9650,26.9,1.555,24.36,4.08,-60,9.50,
2026-09-18T14:15:55,2,1.565,25.20,22.9720,26.9,1.567,25.39,4.06,-60,9.50,
2026-09-18T14:15:56,2,1.548,23.84,22.9720,26.9,1.566,25.26,4.06,-60,10.00,
2026-09-18T14:15:57,2,1.544,23.52,22.9790,26.9,1.559,24.75,4.08,-60,9.75,
2026-09-18T14:15:58,2,1.569,25.52,22.9820,26.9,1.569,25.52,4.04,-60,10.25,
2026-09-18T14:15:59,2,1.546,23.72,22.9770,26.9,1.578,26.23,4.06,-59,9.50,
2026-09-18T14:16:00,2,1.571,25.71,22.9760,26.9,1.563,25.07,4.06,-59,9.75,
2026-09-18T14:16:09,2,1.564,25.13,22.9740,26.9,1.565,25.20,4.07,-60,9.75,
2026-09-18T14:16:10,2,1.567,25.39,22.9740,26.9,1.568,25.46,4.04,-60,9.75,
2026-09-18T14:16:11,2,1.548,23.84,22.9760,26.9,1.567,25.33,4.06,-60,9.75,
2026-09-18T14:16:12,2,1.567,25.33,22.9790,26.9,1.564,25.13,4.06,-61,10.00,
2026-09-18T14:16:13,2,1.564,25.13,22.9710,26.9,1.568,25.46,4.04,-60,10.25,
2026-09-18T14:16:14,2,1.542,23.33,22.9660,26.9,1.564,25.13,4.08,-60,9.50,
2026-09-18T14:16:16,2,1.564,25.13,22.9700,26.9,1.565,25.20,4.06,-60,10.00,
2026-09-18T14:16:17,2,1.547,23.78,22.9700,26.9,1.566,25.26,4.07,-61,10.25,
2026-09-18T14:16:18,2,1.543,23.46,22.9650,26.9,1.560,24.81,4.08,-61,10.00,
2026-09-18T14:16:19,2,1.564,25.13,22.9640,26.9,1.567,25.39,4.04,-60,10.00,
2026-09-18T14:16:20,2,1.550,24.04,22.9650,26.9,1.565,25.20,4.06,-60,10.25,
2026-09-18T14:16:21,2,1.570,25.59,22.9650,26.9,1.563,25.01,4.06,-60,9.75,
2026-09-18T14:16:22,2,1.565,25.20,22.9600,26.9,1.567,25.33,4.04,-60,10.25,
2026-09-18T14:16:23,2,1.546,23.65,22.9540,26.9,1.562,24.94,4.08,-60,9.50,
2026-09-18T14:16:24,2,1.565,25.20,22.9480,26.9,1.563,25.07,4.06,-60,9.50,
2026-09-18T14:16:25,2,1.546,23.65,22.9450,26.9,1.565,25.20,4.06,-59,10.00,
2026-09-18T14:16:27,2,1.545,23.59,22.9410,26.9,1.563,25.01,4.07,-59,10.50,
2026-09-18T14:16:28,2,1.567,25.39,22.9400,26.9,1.567,25.39,4.04,-59,9.75,
2026-09-18T14:16:29,2,1.550,23.97,22.9450,26.9,1.564,25.13,4.07,-59,10.00,
2026-09-18T14:16:30,2,1.568,25.46,22.9390,26.9,1.564,25.13,4.05,-60,9.75,
2026-09-18T14:16:31,2,1.565,25.20,22.9380,26.9,1.567,25.39,4.04,-60,9.75,
2026-09-18T14:16:32,2,1.544,23.52,22.9420,26.9,1.562,24.94,4.08,-60,10.00,
2026-09-18T14:16:33,2,1.566,25.26,22.9390,26.9,1.566,25.26,4.06,-60,9.75,
2026-09-18T14:16:34,2,1.549,23.91,22.9410,26.9,1.572,25.78,4.06,-60,9.50,
2026-09-18T14:16:35,2,1.546,23.65,22.9410,26.9,1.561,24.88,4.08,-59,9.75,
2026-09-18T14:16:36,2,1.565,25.20,22.9360,26.9,1.569,25.52,4.04,-59,10.00,
2026-09-18T14:16:37,2,1.546,23.65,22.9380,26.9,1.563,25.07,4.06,-60,9.50,
2026-09-18T14:16:39,2,1.571,25.65,22.9390,26.9,1.567,25.33,4.06,-58,9.50,
2026-09-18T14:16:40,2,1.559,24.75,22.9400,26.9,1.569,25.52,4.04,-59,9.75,
2026-09-18T14:16:41,2,1.543,23.46,22.9330,26.9,1.562,24.94,4.08,-60,9.75,
2026-09-18T14:16:42,2,1.567,25.33,22.9320,26.9,1.565,25.20,4.06,-60,9.75,
2026-09-18T14:16:43,2,1.542,23.39,22.9300,26.9,1.565,25.20,4.06,-61,9.75,
2026-09-18T14:16:51,2,1.568,25.46,22.9340,26.9,1.564,25.10,0.00,-49,1.50,
2026-09-18T14:16:52,2,1.567,25.39,22.9310,26.9,1.568,25.46,4.05,-61,10.00,
2026-09-18T14:16:53,2,1.542,23.39,22.9400,26.9,1.562,24.94,4.08,-60,9.50,
2026-09-18T14:16:54,2,1.563,25.07,22.9440,26.9,1.565,25.20,4.06,-59,9.50,
2026-09-18T14:16:55,2,1.548,23.84,22.9450,26.9,1.566,25.26,4.06,-59,9.50,
2026-09-18T14:16:56,2,1.545,23.59,22.9550,26.9,1.561,24.88,4.08,-59,10.50,
2026-09-18T14:16:57,2,1.566,25.26,22.9560,26.9,1.567,25.39,4.04,-59,9.75,
2026-09-18T14:16:58,2,1.548,23.84,22.9580,26.9,1.563,25.01,4.06,-59,9.75,
2026-09-18T14:16:59,2,1.567,25.39,22.9600,26.9,1.565,25.20,4.06,-59,9.50,
2026-09-18T14:17:00,2,1.563,25.01,22.9550,26.9,1.568,25.46,4.04,-59,9.50,
2026-09-18T14:17:01,2,1.545,23.59,22.9550,26.9,1.562,24.94,4.08,-59,9.50,
2026-09-18T14:17:03,2,1.565,25.20,22.9590,26.9,1.564,25.13,4.06,-59,9.75,8
2026-09-18T14:17:04,2,1.546,23.72,22.9640,26.9,1.564,25.13,4.06,-59,9.75,
2026-09-18T14:17:05,2,1.546,23.65,22.9700,26.9,1.556,24.49,4.08,-66,9.50,
2026-09-18T14:17:06,2,1.567,25.39,22.9660,26.9,1.570,25.59,4.04,-59,10.25,
2026-09-18T14:17:07,2,1.545,23.59,22.9700,26.9,1.570,25.59,4.06,-61,9.50,
2026-09-18T14:17:08,2,1.571,25.71,22.9710,26.9,1.565,25.20,4.06,-62,9.50,
2026-09-18T14:17:09,2,1.565,25.20,22.9700,26.9,1.568,25.46,4.04,-61,10.00,
2026-09-18T14:17:10,2,1.543,23.46,22.9780,26.9,1.563,25.07,4.08,-67,10.00,
2026-09-18T14:17:11,2,1.564,25.13,22.9780,26.9,1.566,25.26,4.06,-62,10.00,
2026-09-18T14:17:12,2,1.548,23.84,22.9840,26.9,1.566,25.26,4.05,-62,10.00,
2026-09-18T14:17:13,2,1.536,22.88,22.9810,26.9,1.563,25.07,4.08,-62,10.00,
2026-09-18T14:17:15,2,1.568,25.46,22.9840,26.9,1.571,25.65,4.04,-66,10.25,
2026-09-18T14:17:16,2,1.550,24.04,22.9750,26.9,1.568,25.46,4.06,-61,9.75,
2026-09-18T14:17:17,2,1.547,23.78,22.9690,26.9,1.565,25.20,4.08,-62,9.75,
2026-09-18T14:17:18,2,1.572,25.78,23.0620,26.9,1.572,25.78,4.04,-60,10.75,
2026-09-18T14:17:19,2,1.551,24.10,23.1410,26.9,1.566,25.26,4.07,-63,10.25,
2026-09-18T14:17:20,2,1.571,25.71,23.2110,26.9,1.569,25.52,4.06,-61,10.00,
2026-09-18T14:17:21,2,1.567,25.33,23.2690,26.9,1.572,25.78,4.04,-61,10.25,
2026-09-18T14:17:22,2,1.551,24.10,23.3190,26.9,1.569,25.52,4.08,-60,9.75,
2026-09-18T14:17:23,2,1.573,25.84,23.3620,26.9,1.573,25.84,4.03,-60,9.50,
2026-09-18T14:17:24,2,1.552,24.17,23.4450,26.9,1.575,25.97,4.06,-60,9.75,
2026-09-18T14:17:26,2,1.552,24.17,23.4900,26.9,1.571,25.71,4.08,-60,10.00,
2026-09-18T14:17:33,2,1.559,24.68,23.7360,26.9,1.579,26.00,0.00,-49,0.25,9
2026-09-18T14:17:34,2,1.554,24.30,23.7680,26.9,1.574,25.91,4.06,-59,9.25,
2026-09-18T14:17:35,2,1.578,26.23,23.8000,26.9,1.579,26.29,4.04,-59,10.00,
2026-09-18T14:17:36,2,1.558,24.62,23.8840,26.9,1.571,25.71,4.06,-59,10.00,
2026-09-18T14:17:38,2,1.582,26.55,23.8250,26.9,1.576,26.10,4.05,-59,10.00,
2026-09-18T14:17:39,2,1.575,26.04,23.7820,26.9,1.582,26.55,4.04,-59,10.25,
2026-09-18T14:17:40,2,1.554,24.30,23.7500,26.9,1.573,25.84,4.06,-59,9.50,
2026-09-18T14:17:41,2,1.576,26.10,23.7290,26.9,1.575,26.04,4.06,-58,9.50,
2026-09-18T14:17:42,2,1.555,24.42,23.7170,26.9,1.576,26.10,4.06,-59,9.75,
2026-09-18T14:17:43,2,1.555,24.36,23.7080,26.9,1.571,25.65,4.08,-59,9.50,
2026-09-18T14:17:44,2,1.577,26.17,23.6900,26.9,1.578,26.23,4.04,-59,9.75,
2026-09-18T14:17:45,2,1.556,24.49,23.6800,26.9,1.575,25.97,4.06,-59,9.25,
2026-09-18T14:17:46,2,1.551,24.10,23.6770,26.9,1.573,25.84,4.08,-59,9.75,
2026-09-18T14:17:47,2,1.578,26.23,23.6740,26.9,1.576,26.10,4.04,-59,9.25,
2026-09-18T14:17:48,2,1.553,24.23,23.6560,26.9,1.572,25.78,4.08,-59,9.25,
2026-09-18T14:17:50,2,1.576,26.10,23.6550,26.9,1.575,26.04,4.06,-59,9.50,
2026-09-18T14:17:51,2,1.571,25.71,23.6500,26.9,1.576,26.10,4.05,-59,9.75,
2026-09-18T14:17:52,2,1.553,24.23,23.6430,26.9,1.572,25.78,4.08,-59,9.50,
2026-09-18T14:17:53,2,1.575,26.04,23.6460,26.9,1.579,26.29,4.04,-58,10.00,
2026-09-18T14:17:54,2,1.556,24.49,23.6440,26.9,1.575,25.97,4.06,-59,9.50,
2026-09-18T14:17:55,2,1.553,24.23,23.6450,26.9,1.571,25.65,4.08,-60,9.50,
2026-09-18T14:17:56,2,1.573,25.84,23.6420,26.9,1.576,26.10,4.04,-60,10.00,
2026-09-18T14:17:57,2,1.552,24.17,23.6400,26.9,1.572,25.78,4.08,-59,10.25,
2026-09-18T14:17:58,2,1.575,25.97,23.6350,26.9,1.574,25.91,4.04,-59,9.75,
2026-09-18T14:17:59,2,1.573,25.84,23.6240,26.9,1.576,26.10,4.04,-59,9.75,
2026-09-18T14:18:00,2,1.553,24.23,23.6220,26.9,1.572,25.78,4.08,-59,9.50,
2026-09-18T14:18:02,2,1.575,25.97,23.6220,26.9,1.578,26.23,4.03,-59,9.25,
2026-09-18T14:18:03,2,1.556,24.49,23.6240,26.9,1.571,25.71,4.06,-59,9.50,
2026-09-18T14:18:04,2,1.550,24.04,23.6320,26.9,1.570,25.59,4.08,-59,9.50,
2026-09-18T14:18:05,2,1.576,26.10,23.6340,26.9,1.576,26.10,4.04,-59,9.75,
2026-09-18T14:18:06,2,1.557,24.55,23.6300,26.9,1.571,25.65,4.07,-59,9.75,
2026-09-18T14:18:07,2,1.580,26.42,23.6310,26.9,1.573,25.84,4.05,-59,9.75,
2026-09-18T14:18:08,2,1.574,25.91,23.6430,26.9,1.576,26.10,4.05,-59,11.75,
2026-09-18T14:18:16,2,1.552,24.17,23.6340,26.9,1.569,25.52,4.08,-48,-0.50,
2026-09-18T14:18:17,2,1.578,26.23,23.6310,26.9,1.576,26.10,4.04,-59,9.75,
2026-09-18T14:18:18,2,1.552,24.17,23.6370,26.9,1.572,25.78,4.08,-59,9.50,
2026-09-18T14:18:19,2,1.578,26.23,23.6430,26.9,1.579,26.29,4.03,-59,9.25,
2026-09-18T14:18:20,2,1.572,25.78,23.6390,26.9,1.577,26.17,4.05,-59,9.75,
2026-09-18T14:18:21,2,1.552,24.17,23.6340,26.9,1.571,25.65,4.08,-59,9.50,
2026-09-18T14:18:22,2,1.572,25.78,23.6320,26.9,1.579,26.36,4.04,-59,10.00,
2026-09-18T14:18:23,2,1.552,24.17,23.6210,26.9,1.574,25.91,4.07,-59,10.00,
2026-09-18T14:18:25,2,1.549,23.91,23.6240,26.9,1.571,25.65,4.08,-59,9.25,
2026-09-18T14:18:26,2,1.575,26.04,23.6250,26.9,1.575,26.04,4.04,-59,9.75,
2026-09-18T14:18:27,2,1.550,24.04,23.6240,26.9,1.571,25.65,4.08,-58,9.25,
2026-09-18T14:18:28,2,1.578,26.23,23.6160,26.9,1.574,25.91,4.06,-59,9.75,
2026-09-18T14:18:29,2,1.575,25.97,23.6160,26.9,1.575,26.04,4.04,-59,9.75,
2026-09-18T14:18:30,2,1.553,24.23,23.6130,26.9,1.568,25.46,4.07,-59,10.25,
2026-09-18T14:18:31,2,1.568,25.46,23.6060,26.9,1.577,26.17,4.04,-59,10.50,
2026-09-18T14:18:32,2,1.555,24.36,23.6130,26.9,1.575,25.97,4.06,-59,9.75,
2026-09-18T14:18:33,2,1.555,24.36,23.6150,26.9,1.571,25.65,4.08,-59,9.75,
2026-09-18T14:18:34,2,1.574,25.91,23.6190,26.9,1.576,26.10,4.04,-59,10.00,
2026-09-18T14:18:35,2,1.551,24.10,23.6210,26.9,1.571,25.65,4.08,-58,9.25,
2026-09-18T14:18:37,2,1.580,26.42,23.6170,26.9,1.575,25.97,4.06,-59,9.50,
2026-09-18T14:18:38,2,1.573,25.84,23.6100,26.9,1.576,26.10,4.05,-59,10.00,
2026-09-18T14:18:39,2,1.554,24.30,23.6060,26.9,1.569,25.52,4.07,-59,9.75,
2026-09-18T14:18:40,2,1.576,26.10,23.6040,26.9,1.578,26.23,4.03,-58,10.25,
2026-09-18T14:18:41,2,1.555,24.42,23.6080,26.9,1.575,26.04,4.06,-59,9.75,
2026-09-18T14:18:42,2,1.555,24.36,23.6120,26.9,1.572,25.78,4.08,-58,10.00,
2026-09-18T14:18:43,2,1.574,25.91,23.6230,26.9,1.577,26.17,4.04,-59,10.75,
2026-09-18T14:18:44,2,1.552,24.17,23.6330,26.9,1.570,25.59,4.07,-59,9.75,
2026-09-18T14:18:45,2,1.576,26.10,23.6270,26.9,1.575,25.97,4.06,-59,9.75,
2026-09-18T14:18:46,2,1.575,26.04,23.6230,26.9,1.577,26.17,4.05,-59,9.50,
2026-09-18T14:18:47,2,1.552,24.17,23.6190,26.9,1.568,25.46,4.08,-58,9.50,
2026-09-18T14:18:49,2,1.579,26.36,23.6210,26.9,1.576,26.10,4.03,-59,9.25,
2026-09-18T14:18:50,2,1.574,25.91,23.6250,26.9,1.575,25.97,4.04,-59,10.00,
2026-09-18T14:18:51,2,1.547,23.78,23.6300,26.9,1.572,25.78,4.08,-59,9.50,
2026-09-18T14:18:58,2,1.576,26.10,23.6330,26.9,1.577,26.17,4.04,-49,0.50,
2026-09-18T14:18:59,2,1.554,24.30,23.6440,26.9,1.570,25.59,4.08,-59,9.50,
2026-09-18T14:19:01,2,1.575,25.97,23.6450,26.9,1.579,26.29,4.04,-59,9.75,
2026-09-18T14:19:02,2,1.550,23.97,23.6400,26.9,1.570,25.59,4.08,-59,9.50,
2026-09-18T14:19:03,2,1.551,24.10,23.6370,26.9,1.570,25.59,4.08,-59,9.25,
2026-09-18T14:19:04,2,1.576,26.10,23.6300,26.9,1.574,25.91,4.04,-58,10.00,
2026-09-18T14:19:05,2,1.551,24.10,23.6320,26.9,1.570,25.59,4.08,-59,9.25,
2026-09-18T14:19:06,2,1.580,26.42,23.6290,26.9,1.577,26.17,4.03,-59,10.00,
2026-09-18T14:19:07,2,1.575,25.97,23.6320,26.9,1.577,26.17,4.03,-59,10.00,
2026-09-18T14:19:08,2,1.551,24.10,23.6270,26.9,1.572,25.78,4.08,-59,9.75,
2026-09-18T14:19:09,2,1.578,26.23,23.6310,26.9,1.576,26.10,4.04,-59,9.75,
2026-09-18T14:19:10,2,1.555,24.36,23.6280,26.9,1.569,25.52,4.06,-59,9.50,
2026-09-18T14:19:11,2,1.551,24.10,23.6260,26.9,1.570,25.59,4.08,-59,9.50,
2026-09-18T14:19:13,2,1.578,26.23,23.6270,26.9,1.577,26.17,4.04,-59,10.25,
2026-09-18T14:19:14,2,1.553,24.23,23.6230,26.9,1.569,25.52,4.08,-59,9.50,
2026-09-18T14:19:15,2,1.571,25.71,23.6240,26.9,1.573,25.84,4.06,-59,9.50,
2026-09-18T14:19:16,2,1.573,25.84,23.6340,26.9,1.577,26.17,4.05,-59,9.75,
2026-09-18T14:19:17,2,1.553,24.23,23.6400,26.9,1.570,25.59,4.08,-59,9.50,
2026-09-18T14:19:18,2,1.579,26.29,23.6400,26.9,1.576,26.10,4.04,-59,10.25,
2026-09-18T14:19:19,2,1.588,27.00,23.6490,26.9,1.574,25.91,4.04,-59,10.00,
2026-09-18T14:19:20,2,1.555,24.36,23.6490,26.9,1.570,25.59,4.08,-59,9.00,
2026-09-18T14:19:21,2,1.575,26.04,23.6520,26.9,1.575,26.04,4.04,-59,9.50,
2026-09-18T14:19:22,2,1.554,24.30,23.6480,26.9,1.569,25.52,4.07,-59,10.00,
2026-09-18T14:19:24,2,1.552,24.17,23.6530,26.9,1.571,25.65,4.08,-59,9.25,
2026-09-18T14:19:25,2,1.576,26.10,23.6550,26.9,1.576,26.10,4.04,-59,10.25,
2026-09-18T14:19:26,2,1.554,24.30,23.6640,26.9,1.571,25.71,4.08,-59,10.00,
2026-09-18T14:19:27,2,1.580,26.42,23.6650,26.9,1.583,26.62,4.04,-59,9.75,
2026-09-18T14:19:28,2,1.575,25.97,23.6640,26.9,1.575,26.04,4.05,-58,9.75,
2026-09-18T14:19:29,2,1.553,24.23,23.6540,26.9,1.577,26.17,4.08,-58,10.25,
2026-09-18T14:19:30,2,1.574,25.91,23.6520,26.9,1.577,26.17,4.04,-59,10.00,
2026-09-18T14:19:31,2,1.552,24.17,23.6550,26.9,1.569,25.52,4.08,-60,9.50,
2026-09-18T14:19:32,2,1.553,24.23,23.6570,26.9,1.569,25.52,4.08,-59,9.25,
2026-09-18T14:19:33,2,1.576,26.10,23.6600,26.9,1.576,26.10,4.05,-59,12.00,
2026-09-18T14:19:42,2,1.575,25.97,23.6480,26.9,1.577,26.17,4.04,-61,10.00,
2026-09-18T14:19:43,2,1.554,24.30,23.6460,26.9,1.573,25.84,4.08,-61,9.75,
2026-09-18T14:19:44,2,1.583,26.62,23.6470,26.9,1.580,26.42,4.03,-60,9.75,
2026-09-18T14:19:45,2,1.575,25.97,23.6460,26.9,1.576,26.10,4.04,-61,10.00,
2026-09-18T14:19:46,2,1.553,24.23,23.6550,26.9,1.571,25.65,4.08,-63,9.50,
2026-09-18T14:19:48,2,1.576,26.10,23.6630,26.9,1.576,26.10,4.04,-63,10.25,
2026-09-18T14:19:49,2,1.554,24.30,23.6740,26.9,1.571,25.65,4.08,-63,9.50,
2026-09-18T14:19:50,2,1.555,24.36,23.6730,26.9,1.571,25.65,4.08,-64,9.75,
2026-09-18T14:19:51,2,1.577,26.17,23.6730,26.9,1.577,26.17,4.04,-64,10.00,
2026-09-18T14:19:52,2,1.552,24.17,23.6680,26.9,1.571,25.65,4.08,-62,10.00,
2026-09-18T14:19:53,2,1.555,24.42,23.6610,26.9,1.575,25.97,4.06,-61,10.00,
2026-09-18T14:19:54,2,1.574,25.91,23.6620,26.9,1.586,26.87,4.04,-61,10.00,
2026-09-18T14:19:55,2,1.551,24.10,23.6680,26.9,1.571,25.65,4.08,-62,9.75,
2026-09-18T14:19:56,2,1.581,26.49,23.6680,26.9,1.575,26.04,4.03,-61,9.50,
2026-09-18T14:19:57,2,1.573,25.84,23.6660,26.9,1.572,25.78,4.06,-62,10.00,
2026-09-18T14:19:58,2,1.554,24.30,23.6620,26.9,1.570,25.59,4.08,-60,9.50,
2026-09-18T14:20:00,2,1.576,26.10,23.6640,26.9,1.576,26.10,4.04,-61,10.25,
2026-09-18T14:20:01,2,1.553,24.23,23.6580,26.9,1.573,25.84,4.08,-62,10.50,
2026-09-18T14:20:02,2,1.553,24.23,23.6590,26.9,1.571,25.71,4.08,-62,10.25,
2026-09-18T14:20:03,2,1.575,26.04,23.6660,26.9,1.574,25.91,4.04,-63,10.00,
2026-09-18T14:20:04,2,1.554,24.30,23.6620,26.9,1.569,25.52,4.08,-62,9.75,
2026-09-18T14:20:05,2,1.580,26.42,23.6570,26.9,1.579,26.36,4.03,-62,9.50,
2026-09-18T14:20:06,2,1.572,25.78,23.6520,26.9,1.579,26.29,4.04,-63,9.75,
2026-09-18T14:20:07,2,1.553,24.23,23.6490,26.9,1.571,25.65,4.07,-61,10.00,
2026-09-18T14:20:08,2,1.577,26.17,23.6480,26.9,1.575,26.04,4.04,-60,10.25,
2026-09-18T14:20:09,2,1.551,24.10,23.6400,26.9,1.570,25.59,4.08,-61,9.25,
2026-09-18T14:20:10,2,1.553,24.23,23.6420,26.9,1.569,25.52,4.08,-60,9.75,
2026-09-18T14:20:12,2,1.575,26.04,23.6440,26.9,1.577,26.17,4.04,-60,10.25,
2026-09-18T14:20:13,2,1.553,24.23,23.6530,26.9,1.571,25.71,4.08,-61,9.75,
2026-09-18T14:20:14,2,1.581,26.49,23.6480,26.9,1.577,26.17,4.03,-65,9.50,
2026-09-18T14:20:15,2,1.572,25.78,23.6450,26.9,1.579,26.29,4.04,-61,10.00,
2026-09-18T14:20:16,2,1.555,24.42,23.6380,26.9,1.571,25.65,4.08,-61,9.75,
2026-09-18T14:20:25,2,1.553,24.23,23.6500,26.9,1.571,25.65,4.07,-61,10.00,
2026-09-18T14:20:26,2,1.579,26.36,23.6450,26.9,1.579,26.29,4.04,-61,9.75,
2026-09-18T14:20:27,2,1.573,25.84,23.6410,26.9,1.568,25.46,4.06,-62,9.75,
2026-09-18T14:20:28,2,1.555,24.36,23.6450,26.9,1.571,25.71,4.08,-61,10.00,
2026-09-18T14:20:29,2,1.577,26.17,23.6550,26.9,1.579,26.36,4.04,-61,10.50,
2026-09-18T14:20:30,2,1.553,24.23,23.6480,26.9,1.568,25.46,4.08,-61,9.50,
2026-09-18T14:20:31,2,1.559,24.68,23.6410,26.9,1.573,25.84,4.06,-61,9.75,
2026-09-18T14:20:32,2,1.576,26.10,23.6440,26.9,1.578,26.23,4.04,-61,10.00,
2026-09-18T14:20:33,2,1.554,24.30,23.6480,26.9,1.568,25.46,4.08,-61,9.50,
2026-09-18T14:20:35,2,1.582,26.55,23.6440,26.9,1.579,26.29,4.03,-61,9.75,
2026-09-18T14:20:36,2,1.570,25.59,23.6450,26.9,1.573,25.84,4.06,-61,9.50,
2026-09-18T14:20:37,2,1.553,24.23,23.6440,26.9,1.570,25.59,4.08,-61,9.50,
2026-09-18T14:20:38,2,1.578,26.23,23.6410,26.9,1.576,26.10,4.04,-61,10.25,
2026-09-18T14:20:39,2,1.572,25.78,23.6360,26.9,1.572,25.78,4.06,-62,10.00,
2026-09-18T14:20:40,2,1.557,24.55,23.6370,26.9,1.575,25.97,4.05,-63,10.25,
2026-09-18T14:20:41,2,1.575,26.04,23.6360,26.9,1.579,26.29,4.04,-61,10.25,
2026-09-18T14:20:42,2,1.554,24.30,23.6470,26.9,1.575,26.04,4.08,-63,9.75,
2026-09-18T14:20:43,2,1.554,24.30,23.6420,26.9,1.573,25.84,4.06,-63,10.00,
2026-09-18T14:20:44,2,1.573,25.84,23.6370,26.9,1.574,25.91,4.06,-62,10.25,
2026-09-18T14:20:45,2,1.554,24.30,23.6500,26.9,1.569,25.52,4.08,-63,9.75,
2026-09-18T14:20:47,2,1.578,26.23,23.6520,26.9,1.576,26.10,4.04,-61,10.00,
2026-09-18T14:20:48,2,1.572,25.78,23.6540,26.9,1.573,25.84,4.06,-62,9.75,
2026-09-18T14:20:49,2,1.566,25.26,23.6420,26.9,1.576,26.10,4.05,-62,9.75,
2026-09-18T14:20:50,2,1.575,25.97,23.6440,26.9,1.575,25.97,4.04,-62,10.00,
2026-09-18T14:20:51,2,1.552,24.17,23.6470,26.9,1.571,25.65,4.08,-63,9.75,
2026-09-18T14:20:52,2,1.558,24.62,23.6400,26.9,1.575,25.97,4.05,-63,10.00,
2026-09-18T14:20:53,2,1.577,26.17,23.6450,26.9,1.572,25.78,4.05,-58,9.00,
2026-09-18T14:20:54,2,1.551,24.10,23.6430,26.9,1.569,25.52,4.08,-59,9.50,
2026-09-18T14:20:55,2,1.582,26.55,23.6450,26.9,1.579,26.29,4.03,-60,9.00,
2026-09-18T14:20:56,2,1.573,25.84,23.6510,26.9,1.572,25.78,4.06,-59,9.75,
2026-09-18T14:20:57,2,1.553,24.23,23.6400,26.9,1.571,25.71,4.08,-60,9.75,
2026-09-18T14:20:59,2,1.577,26.17,23.6470,26.9,1.575,26.04,4.04,-60,10.00,
2026-09-18T14:21:06,2,1.551,24.10,23.6570,26.9,1.571,25.65,4.08,-61,9.75,
2026-09-18T14:21:07,2,1.580,26.42,23.6580,26.9,1.576,26.10,4.04,-59,9.75,
2026-09-18T14:21:08,2,1.572,25.78,23.6590,26.9,1.572,25.78,4.06,-59,10.00,
2026-09-18T14:21:09,2,1.555,24.36,23.6680,26.9,1.574,25.91,4.06,-60,9.75,
2026-09-18T14:21:11,2,1.576,26.10,23.6700,26.9,1.575,26.04,4.04,-59,10.00,
2026-09-18T14:21:12,2,1.553,24.23,23.6800,26.9,1.571,25.71,4.08,-59,9.50,
2026-09-18T14:21:13,2,1.556,24.49,23.6820,26.9,1.569,25.52,4.06,-60,9.75,
2026-09-18T14:21:14,2,1.572,25.78,23.6820,26.9,1.573,25.84,4.06,-59,10.00,
2026-09-18T14:21:15,2,1.554,24.30,23.6830,26.9,1.570,25.59,4.08,-59,9.50,
2026-09-18T14:21:16,2,1.578,26.23,23.6810,26.9,1.577,26.17,4.04,-59,10.00,
2026-09-18T14:21:17,2,1.571,25.71,23.6770,26.9,1.572,25.78,4.06,-60,9.75,
2026-09-18T14:21:18,2,1.556,24.49,23.6780,26.9,1.575,25.97,4.05,-60,10.00,
2026-09-18T14:21:19,2,1.577,26.17,23.6750,26.9,1.576,26.10,4.04,-60,10.25,
2026-09-18T14:21:20,2,1.553,24.23,23.6680,26.9,1.570,25.59,4.07,-60,10.00,
2026-09-18T14:21:22,2,1.555,24.36,23.6600,26.9,1.573,25.84,4.06,-61,9.75,
2026-09-18T14:21:23,2,1.573,25.84,23.6520,26.9,1.573,25.84,4.06,-61,9.75,
2026-09-18T14:21:24,2,1.551,24.10,23.6540,26.9,1.572,25.78,4.08,-60,9.50,
2026-09-18T14:21:25,2,1.580,26.42,23.6610,26.9,1.578,26.23,4.03,-60,9.75,
2026-09-18T14:21:26,2,1.571,25.71,23.6550,26.9,1.572,25.78,4.06,-60,9.50,
2026-09-18T14:21:27,2,1.555,24.42,23.6550,26.9,1.575,25.97,4.08,-59,9.75,
2026-09-18T14:21:28,2,1.576,26.10,23.6620,26.9,1.579,26.29,4.04,-62,10.25,
2026-09-18T14:21:29,2,1.554,24.30,23.6560,26.9,1.570,25.59,4.07,-60,10.25,
2026-09-18T14:21:30,2,1.556,24.49,23.6470,26.9,1.575,25.97,4.05,-60,10.00,
2026-09-18T14:21:31,2,1.578,26.23,23.6490,26.9,1.578,26.23,4.04,-60,10.25,
2026-09-18T14:21:32,2,1.553,24.23,23.6320,26.9,1.571,25.71,4.08,-60,9.50,
2026-09-18T14:21:34,2,1.555,24.42,23.6360,26.9,1.576,26.10,4.06,-60,9.75,
2026-09-18T14:21:35,2,1.572,25.78,23.6380,26.9,1.572,25.78,4.06,-60,9.75,
2026-09-18T14:21:36,2,1.564,25.13,23.6380,26.9,1.571,25.71,4.08,-60,10.00,
2026-09-18T14:21:37,2,1.579,26.36,23.6400,26.9,1.577,26.17,4.04,-60,10.00,
2026-09-18T14:21:38,2,1.574,25.91,23.6430,26.9,1.574,25.91,4.06,-61,10.00,
2026-09-18T14:21:39,2,1.556,24.49,23.6500,26.9,1.575,25.97,4.05,-60,9.75,
2026-09-18T14:21:40,2,1.575,26.04,23.6460,26.9,1.577,26.17,4.04,-60,11.00,
2026-09-18T14:21:41,2,1.555,24.36,23.6450,26.9,1.570,25.59,4.08,-60,9.50,
2026-09-18T14:21:49,2,1.580,26.42,23.6400,26.9,1.576,26.10,4.04,-60,10.00,
2026-09-18T14:21:50,2,1.553,24.23,23.6400,26.9,1.569,25.52,4.07,-59,9.75,
2026-09-18T14:21:51,2,1.557,24.55,23.6300,26.9,1.573,25.84,4.06,-59,10.25,
2026-09-18T14:21:52,2,1.573,25.84,23.6330,26.9,1.572,25.78,4.06,-60,9.75,
2026-09-18T14:21:53,2,1.553,24.23,23.6410,26.9,1.572,25.78,4.08,-59,9.75,
2026-09-18T14:21:54,2,1.581,26.49,23.6400,25.9,1.576,26.10,4.03,-60,9.50,
2026-09-18T14:21:55,2,1.571,25.65,23.6390,26.9,1.571,25.71,4.06,-61,9.75,
2026-09-18T14:21:56,2,1.555,24.42,23.6510,26.9,1.576,26.10,4.05,-60,10.00,
2026-09-18T14:21:58,2,1.578,26.23,23.6480,26.9,1.576,26.10,4.04,-60,10.00,
2026-09-18T14:21:59,2,1.553,24.23,23.6380,26.9,1.569,25.52,4.08,-60,10.00,
2026-09-18T14:22:00,2,1.556,24.49,23.6410,26.9,1.575,26.04,4.06,-60,9.75,
2026-09-18T14:22:01,2,1.575,26.04,23.6420,26.9,1.571,25.71,4.06,-60,10.00,
2026-09-18T14:22:02,2,1.555,24.36,23.6370,26.9,1.572,25.78,4.07,-60,10.50,
2026-09-18T14:22:03,2,1.556,24.49,23.6380,25.9,1.579,26.29,4.06,-60,9.75,
2026-09-18T14:22:04,2,1.571,25.65,23.6440,25.9,1.577,26.17,4.06,-60,10.25,
2026-09-18T14:22:05,2,1.548,23.84,23.6540,25.9,1.570,25.59,4.08,-60,9.75,
2026-09-18T14:22:06,2,1.579,26.36,23.6570,25.9,1.579,26.36,4.04,-60,10.25,
2026-09-18T14:22:07,2,1.570,25.59,23.6560,26.9,1.572,25.78,4.06,-60,9.75,
2026-09-18T14:22:08,2,1.548,23.84,23.6580,25.9,1.584,26.75,4.06,-60,9.50,
2026-09-18T14:22:10,2,1.575,26.04,23.6670,25.9,1.576,26.10,4.04,-60,9.75,
2026-09-18T14:22:11,2,1.554,24.30,23.6680,25.9,1.573,25.84,4.08,-60,12.25,
2026-09-18T14:22:12,2,1.555,24.36,23.6700,26.9,1.575,26.04,4.06,-60,9.50,
2026-09-18T14:22:13,2,1.574,25.91,23.6710,26.9,1.576,26.10,4.06,-60,9.75,
2026-09-18T14:22:14,2,1.553,24.23,23.6690,26.9,1.570,25.59,4.07,-60,10.00,
2026-09-18T14:22:15,2,1.582,26.55,23.6690,26.9,1.577,26.17,4.04,-59,10.25,
2026-09-18T14:22:16,2,1.572,25.78,23.6690,26.9,1.573,25.84,4.06,-60,9.50,
2026-09-18T14:22:17,2,1.555,24.42,23.6610,25.9,1.576,26.10,4.05,-61,10.00,
2026-09-18T14:22:18,2,1.576,26.10,23.6640,26.9,1.579,26.36,4.04,-61,10.25,
2026-09-18T14:22:19,2,1.553,24.23,23.6650,26.9,1.566,25.26,4.08,-60,10.00,
2026-09-18T14:22:20,2,1.555,24.36,23.6630,26.9,1.575,25.97,4.05,-60,9.75,
2026-09-18T14:22:22,2,1.571,25.65,23.6640,26.9,1.575,25.97,4.06,-60,10.00,
2026-09-18T14:22:23,2,1.553,24.23,23.6570,25.9,1.582,26.55,4.07,-60,10.25,
2026-09-18T14:22:24,2,1.581,26.49,23.6560,26.9,1.573,25.84,4.03,-61,9.75,
2026-09-18T14:22:31,2,1.550,24.04,23.6360,26.9,1.581,26.49,4.08,-60,9.75,
2026-09-18T14:22:33,2,1.555,24.42,23.6350,26.9,1.571,25.71,4.06,-61,10.00,
2026-09-18T14:22:34,2,1.567,25.33,23.6280,26.9,1.573,25.84,4.06,-60,10.25,
2026-09-18T14:22:35,2,1.552,24.17,23.6240,26.9,1.573,25.84,4.08,-60,10.00,
2026-09-18T14:22:36,2,1.578,26.23,23.6260,26.9,1.576,26.10,4.04,-60,10.50,
2026-09-18T14:22:37,2,1.570,25.59,23.6330,26.9,1.575,25.97,4.06,-60,9.75,
2026-09-18T14:22:38,2,1.556,24.49,23.6260,25.9,1.574,25.91,4.05,-60,10.00,
2026-09-18T14:22:39,2,1.575,25.97,23.6240,26.9,1.576,26.10,4.04,-60,10.50,
2026-09-18T14:22:40,2,1.555,24.36,23.6090,25.9,1.570,25.59,4.08,-60,9.50,
2026-09-18T14:22:41,2,1.556,24.49,23.6130,26.9,1.575,25.97,4.06,-60,10.00,
2026-09-18T14:22:42,2,1.571,25.71,23.6100,26.9,1.571,25.71,4.06,-61,9.50,
2026-09-18T14:22:43,2,1.554,24.30,23.6140,26.9,1.571,25.71,4.08,-60,9.75,
2026-09-18T14:22:45,2,1.580,26.42,23.6130,26.9,1.578,26.23,4.04,-60,10.25,
2026-09-18T14:22:46,2,1.571,25.71,23.6170,26.9,1.571,25.71,4.06,-60,9.75,
2026-09-18T14:22:47,2,1.556,24.49,23.6170,25.9,1.575,25.97,4.06,-60,9.75,
2026-09-18T14:22:48,2,1.579,26.29,23.6100,26.9,1.575,26.04,4.04,-60,9.75,
2026-09-18T14:22:49,2,1.552,24.17,23.6090,26.9,1.570,25.59,4.08,-60,9.50,
2026-09-18T14:22:50,2,1.555,24.36,23.6140,26.9,1.574,25.91,4.06,-60,9.75,
2026-09-18T14:22:51,2,1.571,25.65,23.6160,26.9,1.571,25.71,4.06,-61,10.25,
2026-09-18T14:22:52,2,1.553,24.23,23.6160,26.9,1.569,25.52,4.07,-61,10.00,
2026-09-18T14:22:53,2,1.579,26.36,23.6120,26.9,1.577,26.17,4.04,-61,10.00,
2026-09-18T14:22:54,2,1.571,25.65,23.6200,26.9,1.572,25.78,4.06,-61,9.75,
2026-09-18T14:22:55,2,1.556,24.49,23.6130,26.9,1.573,25.84,4.05,-61,9.50,
2026-09-18T14:22:57,2,1.579,26.36,23.6140,26.9,1.577,26.17,4.04,-61,10.25,
2026-09-18T14:22:58,2,1.571,25.65,23.6140,26.9,1.571,25.71,4.06,-61,9.75,
2026-09-18T14:22:59,2,1.557,24.55,23.6190,26.9,1.573,25.84,4.06,-61,9.25,
2026-09-18T14:23:00,2,1.577,26.17,23.6370,26.9,1.573,25.84,4.06,-61,9.75,
2026-09-18T14:23:01,2,1.553,24.23,23.6350,25.9,1.571,25.65,4.08,-61,10.00,
2026-09-18T14:23:02,2,1.555,24.36,23.6390,25.9,1.571,25.71,4.06,-61,9.50,
2026-09-18T14:23:03,2,1.575,26.04,23.6390,26.9,1.574,25.91,4.06,-61,9.50,
2026-09-18T14:23:04,2,1.557,24.55,23.6370,26.9,1.576,26.10,4.07,-61,10.25,
2026-09-18T14:23:05,2,1.579,26.29,23.6370,26.9,1.575,25.97,4.04,-61,9.75,
2026-09-18T14:23:14,2,1.580,26.42,23.6340,25.9,1.575,26.04,4.04,-61,9.75,
2026-09-18T14:23:15,2,1.571,25.71,23.6250,25.9,1.573,25.84,4.06,-61,10.00,
2026-09-18T14:23:16,2,1.557,24.55,23.6290,25.9,1.577,26.17,4.06,-60,9.75,
2026-09-18T14:23:17,2,1.578,26.23,23.6280,25.9,1.577,26.17,4.04,-61,10.00,
2026-09-18T14:23:18,2,1.555,24.36,23.6450,25.9,1.569,25.52,4.08,-61,9.75,
2026-09-18T14:23:19,2,1.555,24.42,23.6340,25.9,1.573,25.84,4.05,-60,9.75,
2026-09-18T14:23:21,2,1.573,25.84,23.6320,25.9,1.576,26.10,4.06,-61,10.00,
2026-09-18T14:23:22,2,1.552,24.17,23.6410,26.9,1.568,25.46,4.07,-61,10.50,
2026-09-18T14:23:23,2,1.583,26.62,23.6420,25.9,1.575,25.97,4.04,-60,10.25,
2026-09-18T14:23:24,2,1.574,25.91,23.6440,25.9,1.572,25.78,4.06,-59,9.75,
2026-09-18T14:23:25,2,1.558,24.62,23.6460,26.9,1.574,25.91,4.05,-60,9.50,
2026-09-18T14:23:26,2,1.578,26.23,23.6490,26.9,1.589,27.13,4.04,-59,10.00,
2026-09-18T14:23:27,2,1.571,25.65,23.6470,25.9,1.571,25.65,4.06,-59,9.75,
2026-09-18T14:23:28,2,1.556,24.49,23.6430,25.9,1.575,25.97,4.06,-60,9.50,
2026-09-18T14:23:29,2,1.575,25.97,23.6420,25.9,1.572,25.78,4.06,-60,9.75,
2026-09-18T14:23:30,2,1.553,24.23,23.6490,25.9,1.575,25.97,4.07,-60,10.00,
2026-09-18T14:23:32,2,1.555,24.42,23.6470,26.9,1.572,25.78,4.06,-59,12.25,
2026-09-18T14:23:33,2,1.572,25.78,23.6510,26.9,1.574,25.91,4.06,-60,10.00,
2026-09-18T14:23:34,2,1.555,24.42,23.6520,26.9,1.575,25.97,4.06,-60,10.00,
2026-09-18T14:23:35,2,1.579,26.36,23.6600,25.9,1.578,26.23,4.03,-60,9.50,
2026-09-18T14:23:36,2,1.574,25.91,23.6620,25.9,1.574,25.91,4.06,-60,10.00,
2026-09-18T14:23:37,2,1.556,24.49,23.6520,25.9,1.575,26.04,4.06,-60,9.75,
2026-09-18T14:23:38,2,1.575,26.04,23.6490,25.9,1.573,25.84,4.06,-60,10.00,
2026-09-18T14:23:39,2,1.554,24.30,23.6410,25.9,1.571,25.71,4.08,-59,9.75,
2026-09-18T14:23:40,2,1.567,25.33,23.6420,25.9,1.573,25.84,4.06,-60,9.75,
2026-09-18T14:23:41,2,1.573,25.84,23.6390,25.9,1.575,26.04,4.06,-60,9.50,
2026-09-18T14:23:42,2,1.556,24.49,23.6370,25.9,1.575,26.04,4.06,-60,9.75,
2026-09-18T14:23:44,2,1.579,26.29,23.6340,25.9,1.579,26.29,4.02,-61,9.50,
2026-09-18T14:23:45,2,1.571,25.65,23.6350,25.9,1.575,25.97,4.06,-61,9.75,
2026-09-18T14:23:46,2,1.555,24.42,23.6270,25.9,1.576,26.10,4.05,-61,9.75,
2026-09-18T14:23:47,2,1.576,26.10,23.6220,25.9,1.574,25.91,4.04,-61,10.00,
2026-09-18T14:23:48,2,1.555,24.36,23.6210,25.9,1.569,25.52,4.07,-61,10.25,
2026-09-18T14:23:56,2,1.583,26.62,23.6270,25.9,1.576,26.10,0.00,-50,4.50,
2026-09-18T14:23:57,2,1.571,25.65,23.6340,25.9,1.574,25.91,4.06,-61,9.75,
2026-09-18T14:23:58,2,1.559,24.75,23.6340,25.9,1.574,25.91,4.06,-61,9.75,
2026-09-18T14:23:59,2,1.573,25.84,23.6440,25.9,1.575,25.97,4.06,-61,9.50,
2026-09-18T14:24:00,2,1.553,24.23,23.6470,26.9,1.571,25.65,4.08,-61,9.75,
2026-09-18T14:24:01,2,1.557,24.55,23.6440,25.9,1.573,25.84,4.05,-61,10.00,
2026-09-18T14:24:02,2,1.571,25.71,23.6410,25.9,1.572,25.78,4.05,-61,12.25,
2026-09-18T14:24:03,2,1.556,24.49,23.6320,25.9,1.572,25.78,4.05,-61,9.75,
2026-09-18T14:24:04,2,1.579,26.36,23.6260,25.9,1.576,26.10,4.04,-60,10.50,
2026-09-18T14:24:05,2,1.571,25.65,23.6420,25.9,1.576,26.10,4.06,-61,10.00,
2026-09-18T14:24:06,2,1.555,24.42,23.6500,25.9,1.575,25.97,4.05,-61,9.25,
2026-09-18T14:24:08,2,1.572,25.78,23.6530,25.9,1.573,25.84,4.06,-61,9.75,
2026-09-18T14:24:10,2,1.556,24.49,23.6510,25.9,1.576,26.10,4.06,-61,9.75,
2026-09-18T14:24:11,2,1.572,25.78,23.6470,25.9,1.574,25.91,4.06,-61,10.00,
2026-09-18T14:24:12,2,1.558,24.62,23.6520,25.9,1.575,26.04,4.05,-61,9.75,
2026-09-18T14:24:13,2,1.582,26.55,23.6510,25.9,1.577,26.17,4.03,-61,9.75,
2026-09-18T14:24:14,2,1.572,25.78,23.6560,25.9,1.575,25.97,4.06,-61,9.75,
2026-09-18T14:24:15,2,1.559,24.68,23.6550,25.9,1.573,25.84,4.05,-61,9.75,
2026-09-18T14:24:16,2,1.575,26.04,23.6540,25.9,1.573,25.84,4.04,-60,10.00,
2026-09-18T14:24:17,2,1.555,24.36,23.6550,25.9,1.570,25.59,4.08,-61,10.25,
2026-09-18T14:24:18,2,1.555,24.42,23.6500,25.9,1.575,25.97,4.06,-60,9.75,
2026-09-18T14:24:20,2,1.572,25.78,23.6470,25.9,1.573,25.84,4.06,-60,9.75,
2026-09-18T14:24:21,2,1.553,24.23,23.6540,25.9,1.574,25.91,4.07,-61,10.25,
2026-09-18T14:24:22,2,1.555,24.36,23.6520,25.9,1.573,25.84,4.06,-60,9.75,
2026-09-18T14:24:23,2,1.571,25.71,23.6540,25.9,1.572,25.78,4.06,-60,9.75,
2026-09-18T14:24:24,2,1.556,24.49,23.6620,25.9,1.573,25.84,4.06,-60,10.50,
2026-09-18T14:24:25,2,1.579,26.29,23.6660,26.9,1.580,26.42,4.04,-60,10.00,
2026-09-18T14:24:26,2,1.571,25.71,23.6610,25.9,1.574,25.91,4.06,-60,9.75,
2026-09-18T14:24:27,2,1.555,24.42,23.6560,25.9,1.574,25.91,4.06,-61,9.75,
2026-09-18T14:24:28,2,1.574,25.91,23.6560,25.9,1.572,25.78,4.06,-60,10.00,
2026-09-18T14:24:29,2,1.552,24.17,23.6530,25.9,1.571,25.65,4.08,-60,9.75,
2026-09-18T14:24:30,2,1.556,24.49,23.6520,25.9,1.572,25.78,4.06,-61,9.50,9
2026-09-18T14:24:38,2,1.554,24.30,23.6500,25.9,1.572,25.78,4.07,-60,10.25,
2026-09-18T14:24:39,2,1.555,24.42,23.6400,25.9,1.575,26.04,4.06,-60,9.75,
2026-09-18T14:24:40,2,1.571,25.71,23.6470,25.9,1.572,25.78,4.06,-62,9.75,
2026-09-18T14:24:41,2,1.558,24.62,23.6520,25.9,1.578,26.23,4.05,-61,9.50,
2026-09-18T14:24:43,2,1.580,26.42,23.6540,25.9,1.579,26.29,4.04,-65,10.00,
2026-09-18T14:24:45,2,1.555,24.42,23.6430,25.9,1.575,25.97,4.06,-61,9.50,
2026-09-18T14:24:46,2,1.573,25.84,23.6410,25.9,1.574,25.91,4.05,-62,9.75,
2026-09-18T14:24:47,2,1.570,25.59,23.6400,25.9,1.572,25.78,4.06,-62,10.00,
2026-09-18T14:24:48,2,1.556,24.49,23.6410,25.9,1.575,26.04,4.06,-62,9.50,
2026-09-18T14:24:49,2,1.573,25.84,23.6370,25.9,1.573,25.84,4.06,-62,10.00,
2026-09-18T14:24:50,2,1.558,24.62,23.6430,25.9,1.576,26.10,4.05,-64,9.50,
2026-09-18T14:24:51,2,1.555,24.36,23.6390,25.9,1.575,25.97,4.06,-64,9.25,
2026-09-18T14:24:52,2,1.577,26.17,23.6350,25.9,1.574,25.91,4.06,-62,9.75,
2026-09-18T14:24:53,2,1.555,24.36,23.6400,25.9,1.569,25.52,4.05,-60,9.75,
2026-09-18T14:24:55,2,1.576,26.10,23.6470,25.9,1.575,25.97,4.05,-62,10.25,
2026-09-18T14:24:56,2,1.572,25.78,23.6460,25.9,1.584,26.75,4.06,-62,9.75,
2026-09-18T14:24:57,2,1.555,24.42,23.6400,25.9,1.571,25.71,4.05,-64,9.50,
2026-09-18T14:24:58,2,1.574,25.91,23.6370,25.9,1.575,25.97,4.06,-63,10.25,
2026-09-18T14:24:59,2,1.552,24.17,23.6470,25.9,1.569,25.52,4.07,-63,10.25,
2026-09-18T14:25:00,2,1.556,24.49,23.6460,25.9,1.573,25.84,4.06,-63,10.25,
2026-09-18T14:25:01,2,1.574,25.91,23.6400,25.9,1.576,26.10,4.06,-61,9.75,
2026-09-18T14:25:02,2,1.559,24.68,23.6380,25.9,1.576,26.10,4.06,-62,10.00,
2026-09-18T14:25:03,2,1.584,26.75,23.6400,25.9,1.579,26.29,4.04,-69,10.25,
2026-09-18T14:25:04,2,1.573,25.84,23.6670,25.9,1.575,25.97,4.06,-67,10.00,
2026-09-18T14:25:05,2,1.560,24.81,23.7890,25.9,1.577,26.17,4.06,-70,9.75,
2026-09-18T14:25:07,2,1.578,26.23,23.8380,25.9,1.577,26.17,4.05,-66,10.00,
2026-09-18T14:25:08,2,1.559,24.68,23.8900,25.9,1.573,25.84,4.08,-71,10.00,
2026-09-18T14:25:09,2,1.562,24.94,23.9300,25.9,1.579,26.29,4.06,-66,9.50,
2026-09-18T14:25:10,2,1.578,26.23,23.9670,25.9,1.579,26.29,4.06,-68,10.00,
2026-09-18T14:25:11,2,1.561,24.88,24.0010,25.9,1.579,26.29,4.05,-68,10.25,
2026-09-18T14:25:12,2,1.562,24.94,24.0340,25.9,1.581,26.49,4.06,-69,9.75,
2026-09-18T14:25:21,2,1.564,25.13,24.2550,25.9,1.582,26.55,4.06,-67,9.50,
2026-09-18T14:25:22,2,1.582,26.55,24.2830,25.9,1.583,26.62,4.06,-67,9.75,
2026-09-18T14:25:23,2,1.563,25.07,24.3080,25.9,1.584,26.75,4.05,-67,10.25,
2026-09-18T14:25:24,2,1.587,26.94,24.3100,25.9,1.581,26.49,4.05,-67,9.75,
2026-09-18T14:25:25,2,1.579,26.36,24.2570,25.9,1.580,26.42,4.06,-66,9.50,
2026-09-18T14:25:26,2,1.562,24.94,24.2220,25.9,1.579,26.36,4.06,-68,9.75,
2026-09-18T14:25:27,2,1.580,26.42,24.1940,25.9,1.580,26.42,4.05,-68,10.00,
2026-09-18T14:25:28,2,1.563,25.07,24.1670,25.9,1.580,26.42,4.05,-67,10.00,
2026-09-18T14:25:29,2,1.561,24.88,24.1470,25.9,1.579,26.29,4.06,-67,9.75,
2026-09-18T14:25:31,2,1.579,26.29,24.1420,25.9,1.568,25.46,4.05,-67,10.00,
2026-09-18T14:25:32,2,1.560,24.81,24.1310,25.9,1.579,26.36,4.06,-67,10.00,
2026-09-18T14:25:33,2,1.579,26.29,24.1230,25.9,1.579,26.29,4.03,-67,9.50,
2026-09-18T14:25:34,2,1.577,26.17,24.1190,25.9,1.582,26.55,4.06,-67,10.00,
2026-09-18T14:25:35,2,1.561,24.88,24.1220,25.9,1.579,26.29,4.06,-67,9.75,
2026-09-18T14:25:36,2,1.582,26.55,24.1080,25.9,1.580,26.42,4.05,-67,10.00,
2026-09-18T14:25:37,2,1.576,26.10,24.1020,25.9,1.580,26.42,4.06,-67,9.75,
2026-09-18T14:25:38,2,1.561,24.88,24.1070,25.9,1.579,26.29,4.06,-65,10.00,
2026-09-18T14:25:39,2,1.578,26.23,24.1140,25.9,1.583,26.62,4.06,-70,9.50,
2026-09-18T14:25:40,2,1.560,24.81,24.1190,25.9,1.580,26.42,4.05,-70,9.50,
2026-09-18T14:25:42,2,1.560,24.81,24.1210,25.9,1.578,26.23,4.06,-69,9.75,
2026-09-18T14:25:43,2,1.577,26.17,24.1190,25.9,1.579,26.36,4.06,-69,9.50,
2026-09-18T14:25:44,2,1.563,25.07,24.1200,25.9,1.579,26.29,4.06,-69,9.75,
2026-09-18T14:25:45,2,1.582,26.55,24.1360,25.9,1.579,26.29,4.06,-69,9.75,10
2026-09-18T14:25:46,2,1.578,26.23,24.1430,25.9,1.579,26.36,4.05,-70,9.25,
2026-09-18T14:25:47,2,1.563,25.01,24.1430,25.9,1.578,26.23,4.05,-73,10.00,
2026-09-18T14:25:48,2,1.577,26.17,24.1400,25.9,1.579,26.36,4.06,-71,10.00,
2026-09-18T14:25:49,2,1.562,24.94,24.1310,25.9,1.581,26.49,4.05,-71,9.75,
2026-09-18T14:25:50,2,1.563,25.07,24.1340,25.9,1.575,26.04,4.06,-70,9.50,
2026-09-18T14:25:51,2,1.580,26.42,24.1330,25.9,1.579,26.36,4.05,-74,10.00,
2026-09-18T14:25:52,2,1.563,25.07,24.1250,25.9,1.579,26.29,4.06,-73,10.00,
2026-09-18T14:25:54,2,1.584,26.68,24.1240,25.9,1.575,25.97,4.05,-75,9.50,
2026-09-18T14:25:55,2,1.579,26.29,24.1220,25.9,1.578,26.23,4.05,-72,9.50,
2026-09-18T14:26:03,2,1.576,26.10,24.1100,25.9,1.578,26.23,4.06,-73,10.25,
2026-09-18T14:26:04,2,1.562,24.94,24.0960,25.9,1.580,26.42,4.06,-76,9.75,
2026-09-18T14:26:06,2,1.581,26.49,24.0960,25.9,1.579,26.29,4.05,-76,9.50,
2026-09-18T14:26:07,2,1.579,26.29,24.1010,25.9,1.582,26.55,4.03,-75,9.50,
2026-09-18T14:26:08,2,1.563,25.01,24.1020,25.9,1.579,26.36,4.06,-74,10.25,
2026-09-18T14:26:09,2,1.579,26.29,24.0980,25.9,1.580,26.42,4.06,-76,12.25,
2026-09-18T14:26:10,2,1.562,24.94,24.0920,25.9,1.579,26.36,4.06,-73,10.00,
2026-09-18T14:26:11,2,1.559,24.68,24.0850,25.9,1.577,26.17,4.07,-77,9.75,
2026-09-18T14:26:12,2,1.577,26.17,24.0990,25.9,1.579,26.29,4.05,-75,9.50,
2026-09-18T14:26:13,2,1.562,24.94,24.1080,25.9,1.579,26.29,4.06,-75,9.50,
2026-09-18T14:26:14,2,1.584,26.75,24.1150,25.9,1.578,26.23,4.05,-76,9.75,
2026-09-18T14:26:15,2,1.579,26.36,24.1140,25.9,1.582,26.55,4.04,-76,9.50,
2026-09-18T14:26:16,2,1.559,24.68,24.1140,25.9,1.581,26.49,4.06,-76,9.75,
2026-09-18T14:26:18,2,1.581,26.49,24.1160,25.9,1.578,26.23,4.05,-76,9.75,
2026-09-18T14:26:19,2,1.561,24.88,24.1190,25.9,1.579,26.36,4.05,-76,9.50,
2026-09-18T14:26:20,2,1.562,24.94,24.1230,25.9,1.581,26.49,4.06,-76,10.00,
2026-09-18T14:26:21,2,1.578,26.23,24.1320,25.9,1.580,26.42,4.05,-76,9.50,
2026-09-18T14:26:22,2,1.562,24.94,24.1310,25.9,1.579,26.36,4.06,-76,9.75,
2026-09-18T14:26:23,2,1.559,24.75,24.1330,25.9,1.578,26.23,4.07,-76,10.00,
2026-09-18T14:26:24,2,1.578,26.23,24.1320,25.9,1.581,26.49,4.06,-75,9.50,
2026-09-18T14:26:25,2,1.572,25.78,24.1370,25.9,1.579,26.29,4.06,-72,9.75,
2026-09-18T14:26:26,2,1.582,26.55,24.1260,25.9,1.578,26.23,4.05,-72,9.50,
2026-09-18T14:26:27,2,1.579,26.29,24.1200,25.9,1.584,26.75,4.03,-72,9.75,
2026-09-18T14:26:28,2,1.563,25.01,24.1240,25.9,1.579,26.36,4.05,-71,10.25,
2026-09-18T14:26:30,2,1.579,26.29,24.1280,25.9,1.579,26.29,4.04,-81,10.00,
2026-09-18T14:26:31,2,1.569,25.52,24.1390,25.9,1.579,26.36,4.05,-72,10.00,
2026-09-18T14:26:32,2,1.558,24.62,24.1300,25.9,1.577,26.17,4.07,-72,10.25,
2026-09-18T14:26:33,2,1.577,26.17,24.1230,25.9,1.579,26.36,4.06,-73,9.50,
2026-09-18T14:26:34,2,1.560,24.81,24.1210,25.9,1.579,26.36,4.06,-71,9.75,
2026-09-18T14:26:35,2,1.580,26.42,24.1160,25.9,1.577,26.17,4.05,-72,10.00,
2026-09-18T14:26:36,2,1.579,26.36,24.1190,25.9,1.581,26.49,4.03,-72,9.50,
2026-09-18T14:26:37,2,1.562,24.94,24.1230,25.9,1.582,26.55,4.05,-72,9.75,
2026-09-18T14:26:45,2,1.583,26.62,24.1030,25.9,1.584,26.68,4.03,-62,6.75,
2026-09-18T14:26:46,2,1.562,24.94,24.1090,25.9,1.577,26.17,4.06,-72,9.50,
2026-09-18T14:26:47,2,1.583,26.62,24.1150,25.9,1.580,26.42,4.05,-73,9.75,
2026-09-18T14:26:48,2,1.580,26.42,24.1190,25.9,1.582,26.55,4.04,-73,10.25,
2026-09-18T14:26:49,2,1.556,24.49,24.1220,25.9,1.578,26.23,4.07,-72,9.75,
2026-09-18T14:26:50,2,1.581,26.49,24.1230,25.9,1.580,26.42,4.06,-73,10.00,
2026-09-18T14:26:51,2,1.561,24.88,24.1170,25.9,1.581,26.49,4.06,-72,10.00,
2026-09-18T14:26:53,2,1.557,24.55,24.1200,25.9,1.578,26.23,4.07,-71,10.00,
2026-09-18T14:26:54,2,1.582,26.55,24.1150,25.9,1.584,26.68,4.03,-74,9.75,
2026-09-18T14:26:55,2,1.562,24.94,24.1190,25.9,1.579,26.36,4.06,-73,9.75,
2026-09-18T14:26:56,2,1.583,26.62,24.1150,25.9,1.579,26.29,4.05,-72,9.50,
2026-09-18T14:26:57,2,1.579,26.36,24.1180,25.9,1.584,26.68,4.04,-72,10.50,
2026-09-18T14:26:58,2,1.559,24.75,24.1130,25.9,1.576,26.10,4.05,-71,9.50,
2026-09-18T14:26:59,2,1.578,26.23,24.1240,25.9,1.582,26.55,4.06,-71,9.75,
2026-09-18T14:27:00,2,1.563,25.01,24.1210,25.9,1.580,26.42,4.06,-69,9.75,
2026-09-18T14:27:01,2,1.559,24.75,24.1210,25.9,1.575,26.04,4.07,-67,10.50,
2026-09-18T14:27:02,2,1.579,26.29,24.1240,25.9,1.579,26.36,4.05,-70,9.50,
2026-09-18T14:27:03,2,1.562,24.94,24.1180,25.9,1.592,27.39,4.06,-69,10.00,
2026-09-18T14:27:05,2,1.586,26.87,24.1180,25.9,1.578,26.23,4.05,-69,10.25,
2026-09-18T14:27:06,2,1.579,26.36,24.1130,25.9,1.581,26.49,4.04,-69,10.25,
2026-09-18T14:27:07,2,1.561,24.88,24.1050,25.9,1.579,26.29,4.06,-69,9.75,
2026-09-18T14:27:08,2,1.580,26.42,24.1040,25.9,1.579,26.29,4.06,-69,9.50,
2026-09-18T14:27:09,2,1.579,26.29,24.0900,25.9,1.579,26.36,4.03,-69,9.75,
2026-09-18T14:27:10,2,1.559,24.75,24.0900,25.9,1.577,26.17,4.07,-69,9.75,
2026-09-18T14:27:11,2,1.579,26.36,24.0880,25.9,1.578,26.23,4.05,-70,9.75,
2026-09-18T14:27:12,2,1.557,24.55,24.0820,25.9,1.579,26.36,4.06,-69,9.50,
2026-09-18T14:27:13,2,1.558,24.62,24.0860,25.9,1.577,26.17,4.07,-70,10.25,
2026-09-18T14:27:14,2,1.582,26.55,24.0880,25.9,1.595,27.58,4.03,-76,9.50,
2026-09-18T14:27:15,2,1.562,24.94,24.0890,25.9,1.579,26.29,4.05,-70,9.50,
2026-09-18T14:27:17,2,1.581,26.49,24.0890,25.9,1.579,26.29,4.05,-69,9.50,
2026-09-18T14:27:18,2,1.580,26.42,24.0870,25.9,1.582,26.55,4.04,-70,9.75,
2026-09-18T14:27:19,2,1.559,24.75,24.0860,25.9,1.569,25.52,4.07,-70,9.75,
2026-09-18T14:27:20,2,1.579,26.29,24.0880,25.9,1.579,26.29,4.05,-70,9.50,
2026-09-18T14:27:27,2,1.557,24.55,24.1060,25.9,1.578,26.23,4.07,-71,10.00,
2026-09-18T14:27:29,2,1.579,26.29,24.1190,25.9,1.579,26.36,4.05,-71,9.75,
2026-09-18T14:27:30,2,1.559,24.75,24.1180,25.9,1.578,26.23,4.06,-71,10.00,
2026-09-18T14:27:31,2,1.559,24.68,24.1180,25.9,1.579,26.36,4.07,-70,9.75,
2026-09-18T14:27:32,2,1.583,26.62,24.1250,25.9,1.583,26.62,4.03,-70,9.50,
2026-09-18T14:27:33,2,1.559,24.68,24.1200,25.9,1.577,26.17,4.05,-70,9.50,
2026-09-18T14:27:34,2,1.575,26.04,24.1130,25.9,1.579,26.36,4.07,-70,9.75,
2026-09-18T14:27:35,2,1.580,26.42,24.1120,25.9,1.583,26.62,4.04,-70,9.50,
2026-09-18T14:27:36,2,1.559,24.68,24.1100,25.9,1.576,26.10,4.06,-70,9.75,
2026-09-18T14:27:37,2,1.582,26.55,24.1060,25.9,1.579,26.36,4.05,-71,9.50,
2026-09-18T14:27:38,2,1.581,26.49,24.1180,25.9,1.578,26.23,4.04,-71,10.50,
2026-09-18T14:27:39,2,1.558,24.62,24.1130,25.9,1.575,25.97,4.07,-71,10.25,
2026-09-18T14:27:41,2,1.579,26.29,24.1010,25.9,1.577,26.17,4.06,-71,10.00,
2026-09-18T14:27:42,2,1.562,24.94,24.1060,25.9,1.577,26.17,4.06,-71,10.00,
2026-09-18T14:27:43,2,1.559,24.75,24.1080,25.9,1.575,26.04,4.07,-68,10.00,
2026-09-18T14:27:44,2,1.580,26.42,24.1070,25.9,1.582,26.55,4.03,-71,9.50,
2026-09-18T14:27:45,2,1.560,24.81,24.1070,25.9,1.582,26.55,4.06,-70,9.75,
2026-09-18T14:27:46,2,1.588,27.07,24.0980,25.9,1.579,26.36,4.05,-71,9.50,
2026-09-18T14:27:47,2,1.580,26.42,24.1010,25.9,1.594,27.52,4.04,-71,10.00,
2026-09-18T14:27:48,2,1.559,24.68,24.0990,25.9,1.575,26.04,4.07,-69,10.00,
2026-09-18T14:27:49,2,1.580,26.42,24.0980,25.9,1.581,26.49,4.05,-69,9.75,
2026-09-18T14:27:50,2,1.561,24.88,24.1110,25.9,1.580,26.42,4.05,-70,9.50,
2026-09-18T14:27:52,2,1.556,24.49,24.1050,25.9,1.575,26.04,4.07,-69,10.25,
2026-09-18T14:27:53,2,1.580,26.42,24.1050,25.9,1.580,26.42,4.03,-68,9.50,
2026-09-18T14:27:54,2,1.561,24.88,24.1110,25.9,1.579,26.29,4.06,-69,10.25,
2026-09-18T14:27:55,2,1.584,26.75,24.1110,25.9,1.578,26.23,4.05,-69,9.75,
2026-09-18T14:27:56,2,1.580,26.42,24.1180,25.9,1.584,26.68,4.03,-69,9.50,
2026-09-18T14:27:57,2,1.559,24.68,24.1190,25.9,1.567,25.33,4.07,-70,9.75,
2026-09-18T14:27:58,2,1.581,26.49,24.1190,25.9,1.577,26.17,4.05,-69,10.00,
2026-09-18T14:27:59,2,1.581,26.49,24.1130,25.9,1.583,26.62,4.04,-69,10.50,
2026-09-18T14:28:00,2,1.556,24.49,24.1200,25.9,1.575,26.04,4.07,-71,10.00,
2026-09-18T14:28:01,2,1.582,26.55,24.1210,25.9,1.585,26.81,4.03,-71,9.50,
2026-09-18T14:28:10,2,1.584,26.68,24.1340,25.9,1.584,26.68,4.03,-71,9.50,
2026-09-18T14:28:11,2,1.561,24.88,24.1330,25.9,1.579,26.36,4.06,-71,9.75,
2026-09-18T14:28:12,2,1.559,24.75,24.1420,25.9,1.575,26.04,4.07,-70,10.00,
2026-09-18T14:28:13,2,1.581,26.49,24.1460,25.9,1.582,26.55,4.03,-71,9.50,
2026-09-18T14:28:14,2,1.559,24.75,24.1430,25.9,1.577,26.17,4.07,-71,10.00,
2026-09-18T14:28:16,2,1.584,26.68,24.1370,25.9,1.582,26.55,4.05,-70,10.00,
2026-09-18T14:28:17,2,1.578,26.23,24.1370,25.9,1.582,26.55,4.04,-71,10.25,
2026-09-18T14:28:18,2,1.553,24.23,24.1330,25.9,1.575,26.04,4.07,-70,10.25,
2026-09-18T14:28:19,2,1.584,26.75,24.1270,25.9,1.583,26.62,4.03,-71,9.75,
2026-09-18T14:28:20,2,1.561,24.88,24.1210,25.9,1.579,26.29,4.05,-71,10.00,
2026-09-18T14:28:21,2,1.559,24.68,24.1230,25.9,1.586,26.87,4.07,-71,10.00,
2026-09-18T14:28:22,2,1.581,26.49,24.1290,25.9,1.582,26.55,4.04,-71,10.00,
2026-09-18T14:28:23,2,1.559,24.68,24.1330,25.9,1.576,26.10,4.06,-71,9.75,
2026-09-18T14:28:24,2,1.559,24.75,24.1240,25.9,1.574,25.91,4.07,-71,10.00,
2026-09-18T14:28:25,2,1.578,26.23,24.1230,25.9,1.585,26.81,4.04,-71,10.00,
2026-09-18T14:28:26,2,1.558,24.62,24.1270,25.9,1.575,25.97,4.07,-71,10.25,
2026-09-18T14:28:28,2,1.579,26.36,24.1160,25.9,1.578,26.23,4.04,-71,10.50,
2026-09-18T14:28:29,2,1.579,26.29,24.1070,25.9,1.582,26.55,4.04,-71,10.25,
2026-09-18T14:28:30,2,1.555,24.36,24.1050,25.9,1.578,26.23,4.07,-71,10.00,
2026-09-18T14:28:31,2,1.581,26.49,24.1130,25.9,1.584,26.68,4.03,-70,9.50,
2026-09-18T14:28:32,2,1.561,24.88,24.1160,25.9,1.581,26.49,4.06,-70,9.75,
2026-09-18T14:28:33,2,1.559,24.68,24.1090,25.9,1.575,26.04,4.08,-70,9.75,
2026-09-18T14:28:34,2,1.579,26.36,24.1060,25.9,1.582,26.55,4.03,-71,9.50,
2026-09-18T14:28:35,2,1.559,24.68,24.1100,25.9,1.576,26.10,4.08,-71,10.00,
2026-09-18T14:28:36,2,1.583,26.62,24.1140,25.9,1.579,26.29,4.05,-71,10.00,
2026-09-18T14:28:37,2,1.582,26.55,24.1210,25.9,1.582,26.55,4.03,-71,9.50,
2026-09-18T14:28:38,2,1.559,24.75,24.1270,25.9,1.577,26.17,4.07,-71,10.25,
2026-09-18T14:28:40,2,1.585,26.81,24.1270,25.9,1.580,26.42,4.03,-71,9.75,
2026-09-18T14:28:42,2,1.561,24.88,24.1270,25.9,1.576,26.10,4.07,-76,10.00,
2026-09-18T14:28:43,2,1.581,26.49,24.1290,25.9,1.583,26.62,4.03,-69,9.50,
2026-09-18T14:28:44,2,1.559,24.75,24.1340,25.9,1.577,26.17,4.07,-71,10.50,
2026-09-18T14:28:53,2,1.559,24.68,24.1280,25.9,1.576,26.10,4.07,-70,10.00,
2026-09-18T14:28:54,2,1.552,24.17,24.1280,25.9,1.579,26.29,4.07,-69,9.75,
2026-09-18T14:28:55,2,1.582,26.55,24.1270,25.9,1.581,26.49,4.04,-69,10.00,
2026-09-18T14:28:56,2,1.554,24.30,24.1230,25.9,1.571,25.71,4.07,-70,9.50,
2026-09-18T14:28:57,2,1.585,26.81,24.1180,25.9,1.585,26.81,4.03,-70,9.50,
2026-09-18T14:28:58,2,1.579,26.36,24.1120,25.9,1.583,26.62,4.04,-69,9.50,
2026-09-18T14:28:59,2,1.558,24.62,24.1120,25.9,1.579,26.29,4.08,-69,9.75,
2026-09-18T14:29:00,2,1.580,26.42,24.1100,25.9,1.580,26.42,4.03,-69,9.50,
2026-09-18T14:29:01,2,1.557,24.55,24.1090,25.9,1.575,26.04,4.07,-69,9.75,
2026-09-18T14:29:03,2,1.559,24.68,24.1050,25.9,1.577,26.17,4.07,-70,10.50,
2026-09-18T14:29:04,2,1.584,26.68,24.1030,25.9,1.581,26.49,4.04,-70,10.00,
2026-09-18T14:29:05,2,1.557,24.55,24.1030,25.9,1.577,26.17,4.07,-72,10.00,
2026-09-18T14:29:06,2,1.584,26.68,24.1110,25.9,1.584,26.75,4.03,-76,9.75,
2026-09-18T14:29:07,2,1.578,26.23,24.1060,25.9,1.582,26.55,4.04,-75,9.75,
2026-09-18T14:29:08,2,1.560,24.81,24.0990,25.9,1.575,25.97,4.07,-78,10.00,
2026-09-18T14:29:09,2,1.582,26.55,24.0980,25.9,1.582,26.55,4.03,-76,9.75,
2026-09-18T14:29:10,2,1.562,24.94,24.1010,25.9,1.579,26.29,4.05,-79,9.50,
2026-09-18T14:29:11,2,1.559,24.75,24.0930,25.9,1.579,26.36,4.07,-79,10.50,
2026-09-18T14:29:12,2,1.581,26.49,24.0980,25.9,1.585,26.81,4.03,-79,10.50,
2026-09-18T14:29:13,2,1.571,25.65,24.0990,25.9,1.579,26.29,4.07,-78,9.75,
2026-09-18T14:29:15,2,1.559,24.68,24.0910,25.9,1.575,26.04,4.07,-80,9.50,
2026-09-18T14:29:16,2,1.579,26.36,24.0930,25.9,1.581,26.49,4.04,-79,9.75,
2026-09-18T14:29:17,2,1.557,24.55,24.0870,25.9,1.575,25.97,4.07,-77,12.25,
2026-09-18T14:29:18,2,1.584,26.75,24.0910,25.9,1.595,27.58,4.03,-77,9.50,
2026-09-18T14:29:19,2,1.579,26.36,24.0920,25.9,1.582,26.55,4.04,-75,9.50,
2026-09-18T14:29:20,2,1.561,24.88,24.0950,25.9,1.576,26.10,4.07,-74,10.25,
2026-09-18T14:29:21,2,1.584,26.68,24.0990,25.9,1.585,26.81,4.03,-71,9.75,
2026-09-18T14:29:22,2,1.562,24.94,24.1020,25.9,1.578,26.23,4.07,-71,10.25,
2026-09-18T14:29:23,2,1.558,24.62,24.0950,25.9,1.576,26.10,4.07,-73,10.75,
2026-09-18T14:29:24,2,1.581,26.49,24.0930,25.9,1.581,26.49,4.04,-72,10.00,
2026-09-18T14:29:25,2,1.559,24.68,24.0910,25.9,1.578,26.23,4.07,-72,9.50,
2026-09-18T14:29:27,2,1.587,26.94,24.0990,25.9,1.584,26.75,4.03,-72,9.75,
2026-09-18T14:29:34,2,1.558,24.62,24.0930,25.9,1.576,26.10,4.06,-63,9.00,
2026-09-18T14:29:35,2,1.588,27.07,24.0990,25.9,1.585,26.81,4.03,-72,10.75,
2026-09-18T14:29:36,2,1.579,26.29,24.0980,25.9,1.582,26.55,4.04,-73,9.75,
2026-09-18T14:29:37,2,1.559,24.75,24.0880,25.9,1.577,26.17,4.07,-74,10.50,
2026-09-18T14:29:39,2,1.584,26.75,24.0910,25.9,1.582,26.55,4.03,-74,10.00,
2026-09-18T14:29:40,2,1.560,24.81,24.0890,25.9,1.573,25.84,4.05,-73,9.75,
2026-09-18T14:29:41,2,1.559,24.68,24.0900,25.9,1.575,25.97,4.07,-73,10.50,
2026-09-18T14:29:42,2,1.580,26.42,24.0850,25.9,1.583,26.62,4.04,-73,10.00,
2026-09-18T14:29:43,2,1.559,24.75,24.0900,25.9,1.577,26.17,4.07,-71,10.25,
2026-09-18T14:29:44,2,1.569,25.52,24.0930,25.9,1.580,26.42,4.06,-75,9.75,
2026-09-18T14:29:45,2,1.581,26.49,24.0890,25.9,1.584,26.68,4.03,-71,10.00,
2026-09-18T14:29:46,2,1.558,24.62,24.0930,25.9,1.576,26.10,4.07,-73,10.00,
2026-09-18T14:29:47,2,1.586,26.87,24.0830,25.9,1.583,26.62,4.03,-72,9.50,
2026-09-18T14:29:48,2,1.579,26.36,24.0880,25.9,1.584,26.68,4.04,-73,9.75,
2026-09-18T14:29:49,2,1.558,24.62,24.0850,25.9,1.576,26.10,4.07,-71,9.50,
2026-09-18T14:29:51,2,1.581,26.49,24.0740,25.9,1.585,26.81,4.03,-72,9.75,
2026-09-18T14:29:52,2,1.558,24.62,24.0780,25.9,1.579,26.36,4.07,-72,10.25,
2026-09-18T14:29:53,2,1.558,24.62,24.0670,25.9,1.577,26.17,4.07,-71,10.25,
2026-09-18T14:29:54,2,1.580,26.42,24.0780,25.9,1.583,26.62,4.03,-73,9.50,
2026-09-18T14:29:55,2,1.559,24.68,24.0740,25.9,1.578,26.23,4.07,-75,10.00,
2026-09-18T14:29:56,2,1.588,27.07,24.0780,25.9,1.583,26.62,4.03,-73,9.75,
2026-09-18T14:29:57,2,1.580,26.42,24.0850,25.9,1.583,26.62,4.04,-74,10.50,
2026-09-18T14:29:58,2,1.559,24.68,24.0880,25.9,1.576,26.10,4.07,-73,10.50,
2026-09-18T14:29:59,2,1.581,26.49,24.0860,25.9,1.581,26.49,4.03,-72,9.50,
2026-09-18T14:30:00,2,1.559,24.75,24.0790,25.9,1.575,26.04,4.07,-73,10.25,
2026-09-18T14:30:01,2,1.559,24.68,24.0770,25.9,1.578,26.23,4.07,-73,10.50,
2026-09-18T14:30:03,2,1.583,26.62,24.0860,25.9,1.583,26.62,4.03,-70,9.75,
2026-09-18T14:30:04,2,1.559,24.68,24.0800,25.9,1.577,26.17,4.07,-72,10.50,
2026-09-18T14:30:05,2,1.557,24.55,24.0850,25.9,1.580,26.42,4.05,-78,9.75,
2026-09-18T14:30:06,2,1.579,26.29,24.0880,25.9,1.582,26.55,4.04,-70,9.75,
2026-09-18T14:30:07,2,1.557,24.55,24.0900,25.9,1.577,26.17,4.07,-76,10.25,
2026-09-18T14:30:08,2,1.581,26.49,24.0960,25.9,1.583,26.62,4.03,-74,9.75,
2026-09-18T14:30:17,2,1.585,26.81,24.0790,25.9,1.583,26.62,4.03,-79,10.00,
2026-09-18T14:30:18,2,1.578,26.23,24.0810,25.9,1.590,27.20,4.05,-68,9.75,
2026-09-18T14:30:19,2,1.558,24.62,24.0820,25.9,1.576,26.10,4.07,-71,10.50,
2026-09-18T14:30:20,2,1.582,26.55,24.0830,25.9,1.583,26.62,4.03,-69,9.75,
2026-09-18T14:30:21,2,1.559,24.68,24.0870,25.9,1.576,26.10,4.07,-70,10.25,
2026-09-18T14:30:22,2,1.564,25.13,24.0890,25.9,1.581,26.49,4.05,-70,11.75,
2026-09-18T14:30:23,2,1.581,26.49,24.0830,25.9,1.581,26.49,4.04,-71,11.25,
2026-09-18T14:30:24,2,1.562,24.94,24.0850,25.9,1.577,26.17,4.07,-71,9.75,
2026-09-18T14:30:26,2,1.588,27.07,24.0740,25.9,1.584,26.68,4.02,-70,10.00,
2026-09-18T14:30:27,2,1.579,26.29,24.0770,25.9,1.579,26.36,4.04,-72,9.75,
2026-09-18T14:30:28,2,1.557,24.55,24.0760,25.9,1.575,25.97,4.07,-72,9.75,
2026-09-18T14:30:29,2,1.583,26.62,24.0790,25.9,1.584,26.68,4.03,-70,9.25,
2026-09-18T14:30:30,2,1.578,26.23,24.0850,25.9,1.590,27.20,4.05,-66,9.75,
2026-09-18T14:30:31,2,1.558,24.62,24.0890,25.9,1.576,26.10,4.07,-66,10.00,
2026-09-18T14:30:32,2,1.580,26.42,24.0930,25.9,1.583,26.62,4.03,-66,10.00,
2026-09-18T14:30:33,2,1.560,24.81,24.0960,25.9,1.576,26.10,4.07,-74,10.00,
2026-09-18T14:30:34,2,1.562,24.94,24.0970,25.9,1.579,26.36,4.05,-66,9.75,
2026-09-18T14:30:35,2,1.583,26.62,24.0910,25.9,1.581,26.49,4.04,-67,10.00,
2026-09-18T14:30:36,2,1.559,24.75,24.0930,25.9,1.575,26.04,4.07,-67,10.00,
2026-09-18T14:30:38,2,1.584,26.68,24.0990,25.9,1.578,26.23,4.03,-68,9.75,
2026-09-18T14:30:39,2,1.578,26.23,24.1030,25.9,1.578,26.23,4.05,-67,9.50,
2026-09-18T14:30:40,2,1.557,24.55,24.1080,25.9,1.579,26.29,4.07,-66,10.25,
2026-09-18T14:30:41,2,1.581,26.49,24.1050,25.9,1.582,26.55,4.04,-66,10.00,
2026-09-18T14:30:42,2,1.556,24.49,24.1050,25.9,1.577,26.17,4.07,-66,10.00,
2026-09-18T14:30:43,2,1.563,25.01,24.1030,25.9,1.579,26.36,4.05,-66,9.75,
2026-09-18T14:30:44,2,1.581,26.49,24.1060,25.9,1.581,26.49,4.04,-66,9.50,
2026-09-18T14:30:45,2,1.557,24.55,24.1000,25.9,1.576,26.10,4.07,-66,9.75,
2026-09-18T14:30:46,2,1.588,27.07,24.1090,25.9,1.582,26.55,4.03,-67,9.50,
2026-09-18T14:30:47,2,1.575,26.04,24.1150,25.9,1.577,26.17,4.05,-67,10.00,
2026-09-18T14:30:48,2,1.559,24.68,24.1200,25.9,1.577,26.17,4.07,-66,9.75,
2026-09-18T14:30:50,2,1.580,26.42,24.1180,25.9,1.581,26.49,4.03,-67,9.75,
2026-09-18T14:30:51,2,1.557,24.55,24.1120,25.9,1.576,26.10,4.07,-68,10.50,
2026-09-18T14:30:59,2,1.575,25.97,24.1140,25.9,1.579,26.29,4.06,-72,9.50,
2026-09-18T14:31:00,2,1.560,24.81,24.1120,25.9,1.579,26.36,4.06,-70,9.50,
2026-09-18T14:31:02,2,1.583,26.62,24.1170,25.9,1.581,26.49,4.03,-70,9.50,
2026-09-18T14:31:03,2,1.558,24.62,24.1200,25.9,1.576,26.10,4.07,-70,10.25,
2026-09-18T14:31:04,2,1.561,24.88,24.1300,25.9,1.584,26.75,4.05,-68,9.75,
2026-09-18T14:31:05,2,1.580,26.42,24.1310,25.9,1.583,26.62,4.04,-70,9.50,
2026-09-18T14:31:06,2,1.558,24.62,24.1220,25.9,1.575,26.04,4.08,-71,9.75,
2026-09-18T14:31:07,2,1.585,26.81,24.1150,25.9,1.580,26.42,4.03,-64,9.50,
2026-09-18T14:31:08,2,1.577,26.17,24.1060,25.9,1.580,26.42,4.05,-64,9.75,
2026-09-18T14:31:09,2,1.559,24.68,24.1080,25.9,1.574,25.91,4.07,-64,10.00,
2026-09-18T14:31:10,2,1.581,26.49,24.1060,25.9,1.583,26.62,4.03,-64,9.50,
2026-09-18T14:31:11,2,1.559,24.68,24.1040,25.9,1.578,26.23,4.07,-63,10.25,
2026-09-18T14:31:13,2,1.561,24.88,24.0990,25.9,1.579,26.36,4.05,-64,9.75,
2026-09-18T14:31:14,2,1.579,26.29,24.1000,25.9,1.584,26.68,4.03,-64,10.00,
2026-09-18T14:31:15,2,1.559,24.68,24.1030,25.9,1.577,26.17,4.07,-67,10.50,
2026-09-18T14:31:16,2,1.587,26.94,24.1050,25.9,1.582,26.55,4.03,-67,9.75,
2026-09-18T14:31:17,2,1.575,26.04,24.1030,25.9,1.577,26.17,4.05,-68,10.25,
2026-09-18T14:31:18,2,1.558,24.62,24.1060,25.9,1.577,26.17,4.07,-70,10.00,
2026-09-18T14:31:19,2,1.584,26.75,24.1050,25.9,1.584,26.75,4.03,-68,10.00,
2026-09-18T14:31:20,2,1.577,26.17,24.1160,25.9,1.579,26.36,4.05,-66,9.50,
2026-09-18T14:31:21,2,1.563,25.01,24.1130,25.9,1.579,26.36,4.05,-68,10.00,
2026-09-18T14:31:22,2,1.581,26.49,24.1110,25.9,1.583,26.62,4.03,-68,9.50,
2026-09-18T14:31:23,2,1.559,24.75,24.0970,25.9,1.586,26.87,4.07,-69,10.25,
2026-09-18T14:31:25,2,1.563,25.01,24.1010,25.9,1.579,26.29,4.05,-68,9.75,
2026-09-18T14:31:26,2,1.578,26.23,24.1050,25.9,1.580,26.42,4.05,-68,10.00,
2026-09-18T14:31:27,2,1.558,24.62,24.1000,25.9,1.568,25.46,4.07,-69,10.25,
2026-09-18T14:31:28,2,1.586,26.87,24.0980,25.9,1.585,26.81,4.03,-69,9.75,
2026-09-18T14:31:29,2,1.579,26.36,24.0960,25.9,1.579,26.29,4.06,-68,9.75,
2026-09-18T14:31:30,2,1.562,24.94,24.0910,25.9,1.583,26.62,4.05,-68,10.00,
2026-09-18T14:31:31,2,1.583,26.62,24.0990,25.9,1.584,26.75,4.03,-68,10.00,
2026-09-18T14:31:32,2,1.559,24.75,24.1000,25.9,1.577,26.17,4.07,-69,10.00,
2026-09-18T14:31:33,2,1.561,24.88,24.1060,25.9,1.580,26.42,4.05,-70,9.75,
2026-09-18T14:31:42,2,1.561,24.88,24.1070,25.9,1.579,26.36,4.05,-78,9.50,
2026-09-18T14:31:43,2,1.580,26.42,24.1160,25.9,1.581,26.49,4.04,-77,9.75,
2026-09-18T14:31:44,2,1.566,25.26,24.1110,25.9,1.575,26.04,4.08,-76,9.75,
2026-09-18T14:31:45,2,1.563,25.01,24.1070,25.9,1.579,26.29,4.05,-78,9.50,
2026-09-18T14:31:46,2,1.577,26.17,24.1080,25.9,1.579,26.36,4.06,-77,9.50,
2026-09-18T14:31:47,2,1.559,24.68,24.1190,25.9,1.576,26.10,4.07,-77,9.50,
2026-09-18T14:31:49,2,1.588,27.00,24.1250,25.9,1.580,26.42,4.03,-76,9.50,
2026-09-18T14:31:50,2,1.580,26.42,24.1320,25.9,1.578,26.23,4.06,-72,9.75,
2026-09-18T14:31:51,2,1.565,25.20,24.1300,25.9,1.579,26.36,4.05,-74,9.75,
2026-09-18T14:31:52,2,1.582,26.55,24.1370,25.9,1.581,26.49,4.03,-73,9.75,
2026-09-18T14:31:53,2,1.561,24.88,24.1350,25.9,1.575,26.04,4.06,-75,9.50,
2026-09-18T14:31:54,2,1.563,25.01,24.1440,25.9,1.583,26.62,4.05,-75,9.50,
2026-09-18T14:31:55,2,1.577,26.17,24.1320,25.9,1.579,26.36,4.05,-75,9.75,
2026-09-18T14:31:56,2,1.559,24.68,24.1290,25.9,1.576,26.10,4.08,-75,9.25,
2026-09-18T14:31:57,2,1.588,27.07,24.1320,25.9,1.580,26.42,4.03,-75,9.25,
2026-09-18T14:31:58,2,1.577,26.17,24.1410,25.9,1.579,26.36,4.05,-76,9.50,
2026-09-18T14:31:59,2,1.562,24.94,24.1350,25.9,1.580,26.42,4.05,-76,9.50,
2026-09-18T14:32:01,2,1.580,26.42,24.1300,25.9,1.582,26.55,4.03,-75,9.50,
2026-09-18T14:32:02,2,1.560,24.81,24.1320,25.9,1.578,26.23,4.07,-75,9.50,
2026-09-18T14:32:03,2,1.563,25.07,24.1240,25.9,1.579,26.29,4.05,-74,9.50,
2026-09-18T14:32:04,2,1.579,26.29,24.1290,25.9,1.580,26.42,4.05,-75,9.50,
2026-09-18T14:32:05,2,1.550,24.04,24.1300,25.9,1.576,26.10,4.07,-75,10.00,
2026-09-18T14:32:06,2,1.587,26.94,24.1330,25.9,1.584,26.68,4.03,-76,9.75,
2026-09-18T14:32:07,2,1.575,26.04,24.1320,25.9,1.579,26.29,4.05,-78,9.75,
2026-09-18T14:32:08,2,1.560,24.81,24.1360,25.9,1.585,26.81,4.05,-77,9.50,
2026-09-18T14:32:09,2,1.584,26.68,24.1240,25.9,1.582,26.55,4.03,-76,9.75,
2026-09-18T14:32:10,2,1.579,26.36,24.1270,25.9,1.582,26.55,4.06,-79,9.50,
2026-09-18T14:32:11,2,1.557,24.55,24.1220,25.9,1.579,26.36,4.05,-80,9.50,
2026-09-18T14:32:13,2,1.578,26.23,24.1240,25.9,1.577,26.17,4.05,-78,10.25,
2026-09-18T14:32:14,2,1.558,24.62,24.1130,25.9,1.578,26.23,4.07,-78,10.00,
2026-09-18T14:32:15,2,1.562,24.94,24.1210,25.9,1.579,26.36,4.05,-80,9.00,
2026-09-18T14:32:16,2,1.576,26.10,24.1140,25.9,1.581,26.49,4.05,-80,9.50,
2026-09-18T14:32:25,2,1.578,26.23,24.1270,25.9,1.579,26.29,4.05,-78,9.25,
2026-09-18T14:32:26,2,1.559,24.68,24.1300,25.9,1.576,26.10,4.07,-80,10.00,
2026-09-18T14:32:27,2,1.587,26.94,24.1330,25.9,1.584,26.75,4.03,-76,9.75,
2026-09-18T14:32:28,2,1.577,26.17,24.1370,25.9,1.579,26.36,4.06,-76,9.50,
2026-09-18T14:32:29,2,1.561,24.88,24.1430,25.9,1.580,26.42,4.05,-78,10.00,
2026-09-18T14:32:30,2,1.583,26.62,24.1420,25.9,1.582,26.55,4.04,-71,10.00,
2026-09-18T14:32:31,2,1.560,24.81,24.1350,25.9,1.579,26.29,4.07,-70,10.25,
2026-09-18T14:32:32,2,1.571,25.71,24.1360,25.9,1.582,26.55,4.05,-66,10.00,
2026-09-18T14:32:33,2,1.576,26.10,24.1380,25.9,1.579,26.36,4.05,-66,9.50,
2026-09-18T14:32:34,2,1.558,24.62,24.1330,25.9,1.579,26.29,4.07,-67,10.50,
2026-09-18T14:32:36,2,1.562,24.94,24.1340,25.9,1.582,26.55,4.06,-65,9.75,
2026-09-18T14:32:37,2,1.579,26.36,24.1300,25.9,1.579,26.36,4.05,-66,10.00,
2026-09-18T14:32:38,2,1.564,25.13,24.1370,25.9,1.583,26.62,4.05,-66,10.00,
2026-09-18T14:32:39,2,1.584,26.68,24.1370,25.9,1.585,26.81,4.03,-65,10.00,
2026-09-18T14:32:40,2,1.579,26.36,24.1360,25.9,1.578,26.23,4.06,-65,9.75,
2026-09-18T14:32:41,2,1.562,24.94,24.1410,25.9,1.579,26.29,4.05,-66,9.75,
2026-09-18T14:32:42,2,1.580,26.42,24.1370,25.9,1.579,26.29,4.06,-65,9.75,
2026-09-18T14:32:43,2,1.550,23.97,24.1410,25.9,1.576,26.10,4.07,-66,10.25,
2026-09-18T14:32:44,2,1.563,25.01,24.1400,25.9,1.579,26.29,4.05,-71,9.75,
2026-09-18T14:32:45,2,1.575,26.04,24.1260,25.9,1.579,26.36,4.05,-70,9.75,
2026-09-18T14:32:46,2,1.559,24.75,24.1210,25.9,1.580,26.42,4.05,-70,9.25,
2026-09-18T14:32:48,2,1.586,26.87,24.1170,25.9,1.581,26.49,4.03,-70,9.50,
2026-09-18T14:32:49,2,1.576,26.10,24.1240,25.9,1.579,26.29,4.05,-69,9.75,
2026-09-18T14:32:50,2,1.562,24.94,24.1220,25.9,1.580,26.42,4.05,-69,9.75,
2026-09-18T14:32:51,2,1.580,26.42,24.1240,25.9,1.577,26.17,4.05,-70,9.25,
2026-09-18T14:32:52,2,1.560,24.81,24.1260,25.9,1.576,26.10,4.07,-71,9.75,
2026-09-18T14:32:53,2,1.559,24.68,24.1270,25.9,1.582,26.55,4.05,-71,9.50,
2026-09-18T14:32:54,2,1.580,26.42,24.1360,25.9,1.591,27.26,4.05,-70,9.25,
2026-09-18T14:32:56,2,1.585,26.81,24.1450,25.9,1.582,26.55,4.03,-71,9.75,
2026-09-18T14:32:57,2,1.578,26.23,24.1430,25.9,1.580,26.42,4.05,-70,9.25,
2026-09-18T14:32:58,2,1.568,25.46,24.1360,25.9,1.581,26.49,4.05,-71,10.00,
2026-09-18T14:33:06,2,1.578,26.23,24.1400,25.9,1.579,26.36,4.00,-57,7.25,
2026-09-18T14:33:07,2,1.563,25.01,24.1410,25.9,1.580,26.42,4.05,-71,9.50,
2026-09-18T14:33:08,2,1.579,26.36,24.1410,25.9,1.580,26.42,4.03,-71,9.75,
2026-09-18T14:33:09,2,1.578,26.23,24.1380,25.9,1.577,26.17,4.05,-72,10.00,
2026-09-18T14:33:10,2,1.562,24.94,24.1430,25.9,1.579,26.29,4.05,-71,9.75,
2026-09-18T14:33:12,2,1.580,26.42,24.1420,25.9,1.580,26.42,4.05,-70,10.00,
2026-09-18T14:33:13,2,1.560,24.81,24.1350,25.9,1.577,26.17,4.07,-70,10.25,
2026-09-18T14:33:14,2,1.560,24.81,24.1300,25.9,1.579,26.36,4.05,-70,9.25,
2026-09-18T14:33:15,2,1.580,26.42,24.1250,25.9,1.581,26.49,4.05,-71,9.50,
2026-09-18T14:33:16,2,1.560,24.81,24.1270,25.9,1.580,26.42,4.05,-71,9.75,
2026-09-18T14:33:17,2,1.585,26.81,24.1310,26.9,1.583,26.62,4.03,-71,9.50,
2026-09-18T14:33:18,2,1.578,26.23,24.1300,25.9,1.579,26.36,4.05,-71,9.75,
2026-09-18T14:33:19,2,1.564,25.13,24.1290,25.9,1.579,26.36,4.05,-71,9.25,
2026-09-18T14:33:20,2,1.580,26.42,24.1260,25.9,1.579,26.29,4.05,-71,9.50,
2026-09-18T14:33:21,2,1.559,24.75,24.1350,25.9,1.579,26.29,4.07,-70,10.00,
2026-09-18T14:33:23,2,1.564,25.13,24.1340,25.9,1.579,26.29,4.05,-69,10.00,
2026-09-18T14:33:24,2,1.578,26.23,24.1370,25.9,1.579,26.29,4.06,-69,9.75,
2026-09-18T14:33:25,2,1.563,25.01,24.1340,25.9,1.584,26.68,4.05,-71,9.75,
2026-09-18T14:33:26,2,1.563,25.01,24.1390,25.9,1.579,26.29,4.06,-70,9.50,
2026-09-18T14:33:27,2,1.579,26.29,24.1370,25.9,1.580,26.42,4.05,-71,10.00,
2026-09-18T14:33:28,2,1.563,25.07,24.1290,25.9,1.580,26.42,4.05,-71,9.50,
2026-09-18T14:33:29,2,1.582,26.55,24.1270,26.9,1.579,26.29,4.05,-72,9.75,
2026-09-18T14:33:30,2,1.579,26.36,24.1300,26.9,1.579,26.36,4.05,-71,9.50,
2026-09-18T14:33:31,2,1.562,24.94,24.1220,26.9,1.581,26.49,4.05,-73,9.50,
2026-09-18T14:33:32,2,1.579,26.29,24.1250,26.9,1.579,26.29,4.05,-73,10.00,
2026-09-18T14:33:33,2,1.560,24.81,24.1260,26.9,1.582,26.55,4.05,-72,9.50,
2026-09-18T14:33:35,2,1.562,24.94,24.1310,26.9,1.577,26.17,4.05,-72,10.00,
2026-09-18T14:33:36,2,1.581,26.49,24.1270,26.9,1.578,26.23,4.06,-72,9.75,
2026-09-18T14:33:37,2,1.559,24.75,24.1250,26.9,1.579,26.36,4.05,-72,10.00,
2026-09-18T14:33:38,2,1.583,26.62,24.1220,26.9,1.581,26.49,4.05,-71,9.75,
2026-09-18T14:33:39,2,1.578,26.23,24.1170,26.9,1.579,26.29,4.05,-73,10.00,
2026-09-18T14:33:40,2,1.562,24.94,24.1200,25.9,1.579,26.36,4.05,-73,10.00,
2026-09-18T14:33:41,2,1.578,26.23,24.1140,26.9,1.579,26.29,4.05,-71,9.75,
2026-09-18T14:33:49,2,1.559,24.75,24.1060,26.9,1.580,26.42,4.06,-64,8.75,
2026-09-18T14:33:50,2,1.580,26.42,24.1010,25.9,1.579,26.29,4.05,-72,10.00,
2026-09-18T14:33:51,2,1.576,26.10,24.1000,25.9,1.582,26.55,4.05,-74,9.50,
2026-09-18T14:33:52,2,1.559,24.75,24.1000,25.9,1.579,26.36,4.05,-77,9.75,
2026-09-18T14:33:53,2,1.576,26.10,24.1060,25.9,1.574,25.91,4.05,-84,9.25,
2026-09-18T14:33:54,2,1.562,24.94,24.1110,25.9,1.581,26.49,4.05,-71,9.75,
2026-09-18T14:33:55,2,1.559,24.68,24.1110,25.9,1.580,26.42,4.06,-74,10.00,
2026-09-18T14:33:56,2,1.576,26.10,24.1150,25.9,1.579,26.29,4.05,-72,10.00,
2026-09-18T14:33:57,2,1.561,24.88,24.1190,25.9,1.580,26.42,4.05,-72,9.75,
2026-09-18T14:33:59,2,1.584,26.68,24.1190,25.9,1.582,26.55,4.04,-72,10.25,
2026-09-18T14:34:00,2,1.573,25.84,24.1120,25.9,1.580,26.42,4.05,-72,10.25,
2026-09-18T14:34:01,2,1.561,24.88,24.1060,25.9,1.575,25.97,4.05,-74,9.75,
2026-09-18T14:34:02,2,1.580,26.42,24.1070,25.9,1.580,26.42,4.05,-74,10.00,
2026-09-18T14:34:03,2,1.560,24.81,24.1100,25.9,1.579,26.29,4.05,-74,10.25,
2026-09-18T14:34:04,2,1.561,24.88,24.1070,25.9,1.581,26.49,4.06,-73,12.00,
2026-09-18T14:34:05,2,1.578,26.23,24.1060,25.9,1.579,26.36,4.05,-75,10.00,
2026-09-18T14:34:06,2,1.561,24.88,24.1150,25.9,1.581,26.49,4.05,-74,9.50,
2026-09-18T14:34:07,2,1.568,25.46,24.1170,25.9,1.579,26.36,4.07,-75,9.75,
2026-09-18T14:34:08,2,1.577,26.17,24.1090,25.9,1.579,26.29,4.04,-73,10.00,
2026-09-18T14:34:09,2,1.559,24.75,24.1140,25.9,1.580,26.42,4.05,-73,9.50,
2026-09-18T14:34:11,2,1.579,26.36,24.1150,25.9,1.579,26.29,4.05,-76,9.25,
2026-09-18T14:34:12,2,1.580,26.42,24.1070,25.9,1.581,26.49,4.03,-77,9.75,
2026-09-18T14:34:13,2,1.560,24.81,24.1030,25.9,1.581,26.49,4.05,-74,9.50,
2026-09-18T14:34:14,2,1.588,27.07,24.1020,25.9,1.579,26.36,4.05,-74,9.75,
2026-09-18T14:34:15,2,1.561,24.88,24.1020,25.9,1.579,26.36,4.05,-74,9.50,
2026-09-18T14:34:16,2,1.558,24.62,24.0990,25.9,1.576,26.10,4.07,-75,9.75,
2026-09-18T14:34:17,2,1.579,26.29,24.1030,25.9,1.575,25.97,4.05,-75,9.00,
2026-09-18T14:34:18,2,1.561,24.88,24.1010,25.9,1.580,26.42,4.05,-76,9.75,
2026-09-18T14:34:19,2,1.582,26.55,24.1090,25.9,1.579,26.36,4.05,-76,9.25,
2026-09-18T14:34:20,2,1.582,26.55,24.1170,25.9,1.584,26.68,4.03,-76,9.50,
2026-09-18T14:34:21,2,1.562,24.94,24.1070,25.9,1.580,26.42,4.05,-73,10.00,
2026-09-18T14:34:23,2,1.579,26.36,24.1130,25.9,1.580,26.42,4.05,-72,10.00,
2026-09-18T14:34:24,2,1.560,24.81,24.1080,25.9,1.578,26.23,4.05,-74,10.00,
2026-09-18T14:34:31,2,1.581,26.49,24.1370,25.9,1.579,26.29,4.05,-76,9.50,
2026-09-18T14:34:32,2,1.560,24.81,24.1400,25.9,1.581,26.49,4.05,-66,9.50,
2026-09-18T14:34:34,2,1.561,24.88,24.1320,25.9,1.578,26.23,4.05,-67,9.75,
2026-09-18T14:34:35,2,1.575,25.97,24.1220,25.9,1.580,26.42,4.05,-67,9.75,
2026-09-18T14:34:36,2,1.563,25.01,24.1230,25.9,1.581,26.49,4.05,-67,10.00,
2026-09-18T14:34:37,2,1.558,24.62,24.1140,25.9,1.578,26.23,4.07,-66,10.50,
2026-09-18T14:34:38,2,1.578,26.23,24.1090,25.9,1.579,26.36,4.05,-66,9.75,
2026-09-18T14:34:39,2,1.563,25.07,24.1100,25.9,1.579,26.36,4.05,-66,9.75,
2026-09-18T14:34:40,2,1.584,26.75,24.1100,25.9,1.579,26.36,4.05,-65,10.00,
2026-09-18T14:34:41,2,1.580,26.42,24.1140,25.9,1.582,26.55,4.03,-66,9.50,
2026-09-18T14:34:42,2,1.563,25.07,24.1210,25.9,1.581,26.49,4.05,-65,10.00,
2026-09-18T14:34:43,2,1.579,26.36,24.1290,25.9,1.579,26.29,4.05,-66,10.00,
2026-09-18T14:34:44,2,1.562,24.94,24.1380,25.9,1.579,26.29,4.05,-65,9.50,
2026-09-18T14:34:46,2,1.558,24.62,24.1390,25.9,1.579,26.29,4.07,-65,10.25,
2026-09-18T14:34:47,2,1.576,26.10,24.1320,25.9,1.579,26.29,4.05,-66,9.75,
2026-09-18T14:34:48,2,1.564,25.13,24.1280,25.9,1.579,26.29,4.05,-67,9.75,
2026-09-18T14:34:49,2,1.584,26.68,24.1300,25.9,1.579,26.29,4.04,-68,9.75,
2026-09-18T14:34:50,2,1.581,26.49,24.1270,25.9,1.581,26.49,4.03,-73,10.00,
2026-09-18T14:34:51,2,1.564,25.13,24.1260,25.9,1.581,26.49,4.05,-71,9.50,
2026-09-18T14:34:52,2,1.579,26.29,24.1190,25.9,1.581,26.49,4.05,-72,10.00,
2026-09-18T14:34:53,2,1.559,24.75,24.1170,25.9,1.573,25.84,4.05,-71,10.00,
2026-09-18T14:34:54,2,1.562,24.94,24.1270,25.9,1.579,26.29,4.07,-71,10.50,
2026-09-18T14:34:55,2,1.580,26.42,24.1290,25.9,1.581,26.49,4.05,-69,9.75,
2026-09-18T14:34:56,2,1.561,24.88,24.1200,25.9,1.580,26.42,4.04,-69,10.25,
2026-09-18T14:34:58,2,1.559,24.68,24.1260,25.9,1.579,26.36,4.07,-70,10.00,
2026-09-18T14:34:59,2,1.579,26.36,24.1220,25.9,1.583,26.62,4.02,-71,9.75,
2026-09-18T14:35:00,2,1.574,25.91,24.1190,25.9,1.580,26.42,4.05,-71,9.50,
2026-09-18T14:35:01,2,1.573,25.84,24.1160,25.9,1.580,26.42,4.04,-71,10.25,
2026-09-18T14:35:02,2,1.580,26.42,24.1150,25.9,1.583,26.62,4.03,-71,9.50,
2026-09-18T14:35:03,2,1.557,24.55,24.1190,25.9,1.575,25.97,4.07,-71,10.00,
2026-09-18T14:35:04,2,1.574,25.91,24.1170,25.9,1.579,26.29,4.05,-70,9.50,
2026-09-18T14:35:05,2,1.562,24.94,24.1210,25.9,1.579,26.29,4.06,-70,9.75,
2026-09-18T14:35:14,2,1.563,25.01,24.1190,25.9,1.578,26.23,4.05,-70,9.25,
2026-09-18T14:35:15,2,1.561,24.88,24.1190,25.9,1.578,26.23,4.07,-70,10.00,
2026-09-18T14:35:16,2,1.578,26.23,24.1230,25.9,1.578,26.23,4.05,-69,9.25,
2026-09-18T14:35:17,2,1.562,24.94,24.1240,25.9,1.582,26.55,4.05,-71,9.75,
2026-09-18T14:35:18,2,1.584,26.75,24.1270,25.9,1.580,26.42,4.05,-71,9.75,
2026-09-18T14:35:19,2,1.584,26.68,24.1290,26.9,1.584,26.68,4.02,-71,9.75,
2026-09-18T14:35:20,2,1.561,24.88,24.1260,25.9,1.579,26.29,4.05,-70,9.75,
2026-09-18T14:35:22,2,1.580,26.42,24.1240,25.9,1.579,26.36,4.05,-71,9.75,
2026-09-18T14:35:23,2,1.580,26.42,24.1260,25.9,1.579,26.36,4.03,-71,9.75,
2026-09-18T14:35:24,2,1.558,24.62,24.1320,25.9,1.576,26.10,4.07,-70,9.75,
2026-09-18T14:35:25,2,1.571,25.65,24.1230,25.9,1.579,26.29,4.04,-70,10.25,
2026-09-18T14:35:26,2,1.562,24.94,24.1280,25.9,1.578,26.23,4.05,-70,9.75,
2026-09-18T14:35:27,2,1.558,24.62,24.1270,25.9,1.575,26.04,4.07,-69,10.50,
2026-09-18T14:35:28,2,1.581,26.49,24.1290,25.9,1.583,26.62,4.03,-70,9.25,
2026-09-18T14:35:29,2,1.559,24.75,24.1160,25.9,1.578,26.23,4.05,-69,9.75,
2026-09-18T14:35:30,2,1.583,26.62,24.1140,25.9,1.578,26.23,4.05,-70,9.25,
2026-09-18T14:35:31,2,1.579,26.29,24.1130,25.9,1.584,26.68,4.03,-70,9.50,
2026-09-18T14:35:33,2,1.559,24.75,24.1110,25.9,1.579,26.36,4.07,-70,10.00,
2026-09-18T14:35:34,2,1.579,26.36,24.1130,25.9,1.579,26.29,4.05,-70,9.50,
2026-09-18T14:35:35,2,1.562,24.94,24.1160,25.9,1.580,26.42,4.05,-68,10.00,
2026-09-18T14:35:36,2,1.558,24.62,24.1210,25.9,1.575,26.04,4.06,-68,9.75,
2026-09-18T14:35:37,2,1.580,26.42,24.1290,25.9,1.584,26.68,4.03,-67,9.75,
2026-09-18T14:35:38,2,1.560,24.81,24.1260,25.9,1.578,26.23,4.05,-67,10.00,
2026-09-18T14:35:39,2,1.585,26.81,24.1300,25.9,1.579,26.29,4.04,-69,10.00,
2026-09-18T14:35:40,2,1.581,26.49,24.1270,25.9,1.581,26.49,4.03,-72,9.75,
2026-09-18T14:35:41,2,1.560,24.81,24.1340,25.9,1.577,26.17,4.07,-66,10.00,
2026-09-18T14:35:42,2,1.579,26.29,24.1360,25.9,1.584,26.75,4.05,-66,9.75,
2026-09-18T14:35:43,2,1.559,24.75,24.1170,25.9,1.579,26.36,4.05,-66,10.00,10
2026-09-18T14:35:45,2,1.557,24.55,24.1240,25.9,1.575,26.04,4.06,-64,10.00,
2026-09-18T14:35:46,2,1.584,26.75,24.1190,25.9,1.584,26.75,4.03,-68,9.50,
2026-09-18T14:35:47,2,1.561,24.88,24.1200,25.9,1.581,26.49,4.05,-65,9.25,
2026-09-18T14:35:48,2,1.557,24.55,24.1240,25.9,1.577,26.17,4.07,-68,10.25,
2026-09-18T14:35:57,2,1.558,24.62,24.1240,25.9,1.575,26.04,4.07,-66,10.00,
2026-09-18T14:35:58,2,1.582,26.55,24.1140,25.9,1.583,26.62,4.03,-67,10.00,
2026-09-18T14:35:59,2,1.565,25.20,24.1130,25.9,1.581,26.49,4.05,-72,10.50,
2026-09-18T14:36:00,2,1.586,26.87,24.1450,25.9,1.584,26.75,4.04,-70,9.75,
2026-09-18T14:36:01,2,1.587,26.94,24.2260,25.9,1.586,26.87,4.03,-69,9.75,
2026-09-18T14:36:02,2,1.565,25.20,24.3180,25.9,1.593,27.45,4.07,-68,9.75,
2026-09-18T14:36:03,2,1.587,26.94,24.4100,25.9,1.586,26.87,4.05,-66,10.00,
2026-09-18T14:36:04,2,1.569,25.52,24.4830,25.9,1.588,27.00,4.05,-69,9.25,
2026-09-18T14:36:05,2,1.564,25.13,24.5350,25.9,1.584,26.68,4.07,-68,10.00,
2026-09-18T14:36:06,2,1.590,27.20,24.5980,25.9,1.592,27.39,4.03,-70,9.25,
2026-09-18T14:36:07,2,1.568,25.46,24.6900,25.9,1.591,27.26,4.05,-73,9.50,
2026-09-18T14:36:09,2,1.567,25.39,24.7370,25.9,1.588,27.00,4.07,-77,10.25,
2026-09-18T14:36:10,2,1.590,27.20,24.7790,25.9,1.592,27.39,4.03,-82,8.75,
2026-09-18T14:36:11,2,1.570,25.59,24.8190,25.9,1.587,26.94,4.07,-77,10.00,
2026-09-18T14:36:12,2,1.594,27.52,24.8660,25.9,1.592,27.33,4.05,-76,10.25,
2026-09-18T14:36:13,2,1.592,27.39,24.9090,25.9,1.596,27.65,4.03,-86,9.00,
2026-09-18T14:36:14,2,1.561,24.88,24.9590,25.9,1.589,27.13,4.06,-80,9.00,
2026-09-18T14:36:15,2,1.595,27.58,24.9990,25.9,1.596,27.65,4.03,-74,9.75,
2026-09-18T14:36:16,2,1.574,25.91,25.0360,25.9,1.596,27.71,4.05,-66,9.50,
2026-09-18T14:36:17,2,1.569,25.52,25.0760,25.9,1.591,27.26,4.07,-66,9.75,
2026-09-18T14:36:18,2,1.594,27.52,25.1220,25.9,1.594,27.52,4.02,-66,9.75,
2026-09-18T14:36:19,2,1.572,25.78,25.1560,25.9,1.587,26.94,4.07,-66,9.75,
2026-09-18T14:36:21,2,1.597,27.78,25.1080,25.9,1.589,27.13,4.05,-66,9.75,
2026-09-18T14:36:22,2,1.590,27.20,25.0490,25.9,1.592,27.39,4.03,-66,9.50,
2026-09-18T14:36:23,2,1.569,25.52,25.0030,25.9,1.588,27.00,4.07,-66,10.25,
2026-09-18T14:36:24,2,1.592,27.39,24.9580,25.9,1.595,27.58,4.02,-65,10.25,
2026-09-18T14:36:25,2,1.570,25.59,24.9350,25.9,1.592,27.39,4.05,-66,9.75,
2026-09-18T14:36:26,2,1.569,25.52,24.9070,25.9,1.586,26.87,4.06,-65,9.75,
2026-09-18T14:36:27,2,1.589,27.13,24.8930,25.9,1.592,27.33,4.03,-66,9.75,
2026-09-18T14:36:28,2,1.567,25.39,24.8860,25.9,1.588,27.00,4.07,-67,9.75,
2026-09-18T14:36:29,2,1.589,27.13,24.8740,25.9,1.591,27.26,4.05,-67,9.75,
2026-09-18T14:36:30,2,1.604,28.36,24.8650,25.9,1.593,27.45,4.03,-67,9.50,
2026-09-18T14:36:38,2,1.580,26.42,24.8370,25.9,1.585,26.00,0.00,-48,1.25,
2026-09-18T14:36:39,2,1.587,26.94,24.8440,25.9,1.592,27.33,4.03,-66,9.25,
2026-09-18T14:36:40,2,1.568,25.46,24.8520,25.9,1.587,26.94,4.06,-66,10.00,
2026-09-18T14:36:41,2,1.592,27.33,24.8470,25.9,1.591,27.26,4.05,-66,9.75,
2026-09-18T14:36:42,2,1.588,27.00,24.8450,25.9,1.592,27.39,4.03,-66,9.50,
2026-09-18T14:36:44,2,1.570,25.59,24.8480,25.9,1.597,27.78,4.07,-67,10.00,
2026-09-18T14:36:45,2,1.592,27.39,24.8490,25.9,1.592,27.33,4.03,-67,9.50,
2026-09-18T14:36:46,2,1.571,25.71,24.8570,25.9,1.588,27.07,4.05,-67,9.50,
2026-09-18T14:36:47,2,1.570,25.59,24.8550,25.9,1.585,26.81,4.07,-66,12.25,
2026-09-18T14:36:48,2,1.592,27.39,24.8530,25.9,1.594,27.52,4.03,-66,9.50,
2026-09-18T14:36:49,2,1.567,25.39,24.8570,25.9,1.584,26.68,4.07,-66,10.00,
2026-09-18T14:36:50,2,1.589,27.13,24.8570,25.9,1.590,27.20,4.04,-69,10.00,
2026-09-18T14:36:51,2,1.585,26.81,24.8480,25.9,1.592,27.39,4.03,-69,9.75,
2026-09-18T14:36:52,2,1.570,25.59,24.8470,25.9,1.588,27.07,4.07,-69,10.00,
2026-09-18T14:36:53,2,1.591,27.26,24.8460,25.9,1.594,27.52,4.02,-69,9.75,
2026-09-18T14:36:54,2,1.571,25.71,24.8470,25.9,1.588,27.07,4.03,-69,9.75,
2026-09-18T14:36:56,2,1.568,25.46,24.8560,25.9,1.588,27.00,4.07,-68,10.25,
2026-09-18T14:36:57,2,1.592,27.39,24.8600,25.9,1.593,27.45,4.03,-68,9.75,
2026-09-18T14:36:58,2,1.561,24.88,24.8560,25.9,1.588,27.00,4.06,-68,9.50,
2026-09-18T14:36:59,2,1.569,25.52,24.8490,25.9,1.586,26.87,4.07,-68,10.25,
2026-09-18T14:37:00,2,1.588,27.00,24.8490,25.9,1.591,27.26,4.03,-68,11.00,
2026-09-18T14:37:01,2,1.568,25.46,24.8480,25.9,1.586,26.87,4.07,-69,9.75,
2026-09-18T14:37:02,2,1.592,27.39,24.8550,25.9,1.592,27.33,4.02,-69,10.25,
2026-09-18T14:37:03,2,1.592,27.33,24.8530,25.9,1.592,27.33,4.03,-67,9.50,
2026-09-18T14:37:04,2,1.568,25.46,24.8600,25.9,1.586,26.87,4.07,-66,10.50,
2026-09-18T14:37:05,2,1.592,27.39,24.8630,25.9,1.592,27.33,4.03,-65,9.50,
2026-09-18T14:37:06,2,1.571,25.65,24.8480,25.9,1.587,26.94,4.07,-66,10.25,
2026-09-18T14:37:08,2,1.568,25.46,24.8480,25.9,1.585,26.81,4.07,-67,10.00,
2026-09-18T14:37:09,2,1.589,27.13,24.8420,25.9,1.592,27.33,4.04,-66,10.00,
2026-09-18T14:37:10,2,1.568,25.46,24.8380,25.9,1.587,26.94,4.07,-66,10.00,
2026-09-18T14:37:11,2,1.597,27.78,24.8420,25.9,1.593,27.45,4.02,-66,9.75,
2026-09-18T14:37:12,2,1.587,26.94,24.8430,25.9,1.592,27.33,4.03,-66,9.75,
2026-09-18T14:37:13,2,1.567,25.33,24.8420,25.9,1.586,26.87,4.06,-65,9.75,
2026-09-18T14:37:22,2,1.567,25.33,24.8330,25.9,1.587,26.94,4.06,-72,9.25,
2026-09-18T14:37:23,2,1.592,27.33,24.8330,25.9,1.592,27.39,4.03,-73,9.75,
2026-09-18T14:37:24,2,1.588,27.07,24.8300,25.9,1.591,27.26,4.03,-73,9.75,
2026-09-18T14:37:25,2,1.567,25.33,24.8310,25.9,1.585,26.81,4.06,-73,9.50,
2026-09-18T14:37:26,2,1.589,27.13,24.8360,25.9,1.592,27.33,4.03,-73,10.00,
2026-09-18T14:37:27,2,1.567,25.33,24.8440,25.9,1.585,26.81,4.07,-72,10.00,
2026-09-18T14:37:28,2,1.568,25.46,24.8350,25.9,1.585,26.81,4.07,-72,10.25,
2026-09-18T14:37:29,2,1.591,27.26,24.8310,25.9,1.591,27.26,4.03,-72,9.75,
2026-09-18T14:37:30,2,1.555,24.42,24.8390,25.9,1.585,26.81,4.07,-72,9.75,
2026-09-18T14:37:32,2,1.596,27.65,24.8450,25.9,1.592,27.39,4.02,-73,10.00,
2026-09-18T14:37:33,2,1.589,27.13,24.8500,25.9,1.591,27.26,4.03,-71,9.75,
2026-09-18T14:37:34,2,1.567,25.33,24.8400,25.9,1.583,26.62,4.07,-72,10.25,
2026-09-18T14:37:35,2,1.592,27.39,24.8360,25.9,1.592,27.33,4.03,-72,9.50,
2026-09-18T14:37:36,2,1.570,25.59,24.8330,25.9,1.583,26.62,4.07,-72,10.50,
2026-09-18T14:37:37,2,1.568,25.46,24.8310,25.9,1.588,27.00,4.07,-72,9.75,
2026-09-18T14:37:38,2,1.591,27.26,24.8310,25.9,1.592,27.39,4.03,-73,9.50,
2026-09-18T14:37:39,2,1.566,25.26,24.8360,25.9,1.586,26.87,4.07,-72,10.00,
2026-09-18T14:37:40,2,1.596,27.71,24.8290,25.9,1.594,27.52,4.02,-74,9.75,
2026-09-18T14:37:41,2,1.588,27.00,24.8380,25.9,1.592,27.39,4.03,-72,9.75,
2026-09-18T14:37:43,2,1.569,25.52,24.8450,25.9,1.587,26.94,4.07,-70,9.75,
2026-09-18T14:37:44,2,1.594,27.52,24.8540,25.9,1.592,27.33,4.02,-69,9.75,
2026-09-18T14:37:45,2,1.569,25.52,24.8570,25.9,1.588,27.07,4.07,-70,9.75,
2026-09-18T14:37:46,2,1.568,25.46,24.8590,25.9,1.587,26.94,4.07,-68,12.50,
2026-09-18T14:37:47,2,1.592,27.33,24.8690,25.9,1.592,27.33,4.03,-67,9.75,
2026-09-18T14:37:48,2,1.569,25.52,24.8820,25.9,1.586,26.87,4.06,-69,10.00,
2026-09-18T14:37:49,2,1.575,25.97,24.8910,25.9,1.590,27.20,4.04,-69,9.50,
2026-09-18T14:37:50,2,1.593,27.45,24.8930,25.9,1.591,27.26,4.03,-75,9.25,
2026-09-18T14:37:51,2,1.564,25.13,24.8880,25.9,1.587,26.94,4.07,-68,10.00,
2026-09-18T14:37:52,2,1.592,27.39,24.8810,25.9,1.592,27.33,4.02,-70,10.25,
2026-09-18T14:37:53,2,1.586,26.87,24.8940,25.9,1.588,27.07,4.05,-69,9.50,
2026-09-18T14:37:55,2,1.571,25.71,24.8940,25.9,1.585,26.81,4.07,-68,10.50,
2026-09-18T14:37:56,2,1.592,27.39,24.9070,25.9,1.594,27.52,4.03,-68,9.50,
2026-09-18T14:38:03,2,1.567,25.39,24.8990,25.9,1.587,26.94,0.00,-52,5.75,
2026-09-18T14:38:04,2,1.594,27.52,24.8960,25.9,1.592,27.33,4.03,-79,8.75,
2026-09-18T14:38:08,2,1.592,27.39,24.8700,25.9,1.590,27.20,4.03,-77,9.50,
2026-09-18T14:38:09,2,1.570,25.59,24.8700,25.9,1.584,26.75,4.07,-76,9.75,
2026-09-18T14:38:10,2,1.588,27.07,24.8660,25.9,1.592,27.33,4.05,-72,9.50,
2026-09-18T14:38:11,2,1.589,27.13,24.8660,25.9,1.592,27.39,4.03,-74,10.00,
2026-09-18T14:38:12,2,1.569,25.52,24.8660,25.9,1.585,26.81,4.07,-73,10.50,
2026-09-18T14:38:13,2,1.592,27.39,24.8680,25.9,1.591,27.26,4.03,-73,9.75,
2026-09-18T14:38:14,2,1.585,26.81,24.8680,25.9,1.587,26.94,4.05,-75,9.75,
2026-09-18T14:38:15,2,1.568,25.46,24.8660,25.9,1.585,26.81,4.07,-74,9.75,
2026-09-18T14:38:16,2,1.592,27.39,24.8630,25.9,1.592,27.33,4.03,-78,9.50,
2026-09-18T14:38:17,2,1.567,25.33,24.8610,25.9,1.587,26.94,4.07,-77,10.00,
2026-09-18T14:38:19,2,1.572,25.78,24.8630,25.9,1.592,27.33,4.04,-84,10.00,
2026-09-18T14:38:20,2,1.590,27.20,24.8680,25.9,1.592,27.33,4.03,-87,9.00,
2026-09-18T14:38:21,2,1.564,25.13,24.8750,25.9,1.588,27.00,4.07,-80,9.75,
2026-09-18T14:38:22,2,1.599,27.91,24.8770,25.9,1.592,27.39,4.03,-80,9.50,
2026-09-18T14:38:23,2,1.584,26.75,24.8680,25.9,1.589,27.13,4.04,-75,10.50,
2026-09-18T14:38:24,2,1.568,25.46,24.8650,25.9,1.583,26.62,4.07,-80,10.50,
2026-09-18T14:38:25,2,1.592,27.33,24.8700,25.9,1.596,27.65,4.03,-77,12.00,
2026-09-18T14:38:26,2,1.567,25.33,24.8750,25.9,1.585,26.81,4.07,-84,9.75,
2026-09-18T14:38:27,2,1.571,25.65,24.8760,25.9,1.591,27.26,4.05,-85,9.50,
2026-09-18T14:38:28,2,1.588,27.07,24.8840,25.9,1.593,27.45,4.03,-73,9.50,
2026-09-18T14:38:29,2,1.567,25.39,24.8890,25.9,1.585,26.81,4.06,-68,10.75,
2026-09-18T14:38:31,2,1.596,27.71,24.8890,25.9,1.594,27.52,4.03,-75,9.50,
2026-09-18T14:38:32,2,1.584,26.68,24.8990,25.9,1.584,26.75,4.05,-71,9.75,
2026-09-18T14:38:33,2,1.570,25.59,24.8980,25.9,1.585,26.81,4.06,-72,9.75,
2026-09-18T14:38:34,2,1.592,27.39,24.8990,25.9,1.594,27.52,4.03,-71,9.50,
2026-09-18T14:38:35,2,1.585,26.81,24.9020,25.9,1.588,27.07,4.05,-71,9.50,
2026-09-18T14:38:36,2,1.572,25.78,24.8980,25.9,1.591,27.26,4.04,-79,10.00,
2026-09-18T14:38:37,2,1.592,27.39,24.9000,25.9,1.590,27.20,4.03,-75,10.75,
2026-09-18T14:38:38,2,1.567,25.33,24.9030,25.9,1.586,26.87,4.06,-73,10.00,
2026-09-18T14:38:46,2,1.591,27.26,24.9040,25.9,1.592,27.39,0.00,-54,6.50,
2026-09-18T14:38:47,2,1.567,25.39,24.9050,25.9,1.584,26.68,4.07,-77,9.00,
2026-09-18T14:38:48,2,1.571,25.65,24.8930,25.9,1.591,27.26,4.05,-76,9.75,
2026-09-18T14:38:49,2,1.588,27.07,24.8880,25.9,1.593,27.45,4.03,-77,9.75,
2026-09-18T14:38:50,2,1.567,25.39,24.8840,25.9,1.585,26.81,4.07,-76,10.00,
2026-09-18T14:38:51,2,1.599,27.91,24.8810,25.9,1.591,27.26,4.02,-76,9.75,
2026-09-18T14:38:52,2,1.587,26.94,24.8790,25.9,1.585,26.81,4.05,-76,9.75,
2026-09-18T14:38:54,2,1.566,25.26,24.8680,25.9,1.597,27.78,4.07,-76,10.00,
2026-09-18T14:38:55,2,1.594,27.52,24.8720,25.9,1.590,27.20,4.03,-76,9.50,
2026-09-18T14:38:56,2,1.570,25.59,24.8690,25.9,1.585,26.81,4.07,-75,10.25,
2026-09-18T14:38:57,2,1.574,25.91,24.8650,25.9,1.588,27.00,4.04,-71,10.25,
2026-09-18T14:38:58,2,1.591,27.26,24.8600,25.9,1.592,27.33,4.03,-70,9.25,
2026-09-18T14:38:59,2,1.567,25.39,24.8590,25.9,1.588,27.00,4.07,-71,10.00,
2026-09-18T14:39:00,2,1.571,25.71,24.8540,25.9,1.590,27.20,4.05,-71,9.50,
2026-09-18T14:39:01,2,1.600,27.97,24.8520,25.9,1.588,27.00,4.05,-71,9.50,
2026-09-18T14:39:02,2,1.569,25.52,24.8480,25.9,1.588,27.07,4.07,-71,10.25,
2026-09-18T14:39:03,2,1.596,27.65,24.8540,25.9,1.590,27.20,4.03,-71,9.50,
2026-09-18T14:39:04,2,1.575,25.97,24.8570,25.9,1.586,26.87,4.05,-72,9.75,
2026-09-18T14:39:06,2,1.573,25.84,24.8620,25.9,1.589,27.13,4.04,-71,10.25,
2026-09-18T14:39:07,2,1.590,27.20,24.8700,25.9,1.591,27.26,4.03,-72,9.75,
2026-09-18T14:39:08,2,1.567,25.33,24.8680,25.9,1.583,26.62,4.06,-72,9.50,
2026-09-18T14:39:09,2,1.571,25.71,24.8780,25.9,1.588,27.07,4.05,-74,9.75,
2026-09-18T14:39:10,2,1.586,26.87,24.8800,25.9,1.588,27.07,4.05,-74,9.75,
2026-09-18T14:39:11,2,1.567,25.33,24.8800,25.9,1.588,27.00,4.07,-74,10.00,
2026-09-18T14:39:12,2,1.596,27.65,24.8710,25.9,1.591,27.26,4.02,-75,9.75,
2026-09-18T14:39:13,2,1.588,27.00,24.8660,25.9,1.599,27.91,4.05,-77,9.75,
2026-09-18T14:39:14,2,1.573,25.84,24.8730,25.9,1.590,27.20,4.05,-80,9.50,
2026-09-18T14:39:15,2,1.592,27.33,24.8670,25.9,1.592,27.39,4.03,-79,9.75,
2026-09-18T14:39:16,2,1.569,25.52,24.8630,25.9,1.588,27.00,4.07,-77,9.75,
2026-09-18T14:39:18,2,1.575,25.97,24.8700,25.9,1.592,27.39,4.04,-78,10.00,
2026-09-18T14:39:19,2,1.592,27.33,24.8680,25.9,1.590,27.20,4.03,-76,9.50,
2026-09-18T14:39:20,2,1.568,25.46,24.8650,25.9,1.588,27.07,4.06,-76,9.50,
2026-09-18T14:39:21,2,1.592,27.33,24.8660,25.9,1.594,27.52,4.03,-77,9.50,
2026-09-18T14:39:30,2,1.571,25.71,24.8400,25.9,1.601,28.10,4.05,-76,9.00,
2026-09-18T14:39:31,2,1.588,27.07,24.8410,25.9,1.586,26.87,4.05,-75,9.25,
2026-09-18T14:39:32,2,1.569,25.52,24.8550,25.9,1.587,26.94,4.06,-74,9.50,
2026-09-18T14:39:33,2,1.596,27.65,24.8580,25.9,1.591,27.26,4.03,-73,9.75,
2026-09-18T14:39:34,2,1.585,26.81,24.8500,25.9,1.588,27.07,4.05,-74,10.00,
2026-09-18T14:39:35,2,1.571,25.71,24.8590,25.9,1.592,27.33,4.04,-75,9.75,
2026-09-18T14:39:36,2,1.591,27.26,24.8620,25.9,1.592,27.33,4.02,-75,10.25,
2026-09-18T14:39:37,2,1.567,25.39,24.8680,25.9,1.587,26.94,4.07,-76,10.00,
2026-09-18T14:39:38,2,1.571,25.65,24.8640,25.9,1.589,27.13,4.04,-72,9.75,
2026-09-18T14:39:39,2,1.588,27.00,24.8610,25.9,1.587,26.94,4.05,-78,9.50,
2026-09-18T14:39:41,2,1.568,25.46,24.8580,25.9,1.586,26.87,4.06,-80,9.25,
2026-09-18T14:39:42,2,1.596,27.65,24.8540,25.9,1.595,27.58,4.02,-89,9.00,
2026-09-18T14:39:43,2,1.587,26.94,24.8510,25.9,1.588,27.07,4.05,-89,8.25,
2026-09-18T14:39:44,2,1.573,25.84,24.8530,25.9,1.588,27.07,4.05,-81,9.75,
2026-09-18T14:39:45,2,1.592,27.39,24.8520,25.9,1.593,27.45,4.03,-81,9.25,
2026-09-18T14:39:46,2,1.568,25.46,24.8480,25.9,1.585,26.81,4.07,-80,9.50,
2026-09-18T14:39:47,2,1.571,25.65,24.8480,25.9,1.589,27.13,4.04,-80,9.50,
2026-09-18T14:39:48,2,1.588,27.00,24.8550,25.9,1.588,27.00,4.05,-75,10.00,
2026-09-18T14:39:49,2,1.567,25.33,24.8580,25.9,1.584,26.75,4.06,-72,9.75,
2026-09-18T14:39:50,2,1.581,26.49,24.8520,25.9,1.593,27.45,4.05,-73,10.25,
2026-09-18T14:39:51,2,1.588,27.00,24.8500,25.9,1.588,27.00,4.05,-72,9.75,
2026-09-18T14:39:53,2,1.571,25.71,24.8440,25.9,1.589,27.13,4.04,-72,10.00,
2026-09-18T14:39:54,2,1.595,27.58,24.8410,25.9,1.592,27.33,4.03,-73,9.75,
2026-09-18T14:39:55,2,1.585,26.81,24.8280,25.9,1.588,27.00,4.05,-76,9.25,
2026-09-18T14:39:56,2,1.570,25.59,24.8250,25.9,1.588,27.07,4.05,-77,9.50,
2026-09-18T14:39:57,2,1.578,26.23,24.8230,25.9,1.591,27.26,4.04,-74,10.50,
2026-09-18T14:39:58,2,1.567,25.33,24.8230,25.9,1.587,26.94,4.07,-73,10.00,
2026-09-18T14:39:59,2,1.571,25.65,24.8290,25.9,1.589,27.13,4.05,-75,9.25,
2026-09-18T14:40:00,2,1.585,26.81,24.8360,25.9,1.587,26.94,4.04,-68,10.00,
2026-09-18T14:40:01,2,1.568,25.46,24.8400,25.9,1.589,27.13,4.07,-70,9.75,
2026-09-18T14:40:02,2,1.595,27.58,24.8370,25.9,1.592,27.33,4.03,-71,9.50,
2026-09-18T14:40:03,2,1.589,27.13,24.8360,25.9,1.588,27.07,4.05,-72,9.50,
2026-09-18T14:40:12,2,1.588,27.07,24.8440,25.9,1.589,27.13,4.05,-71,9.25,
2026-09-18T14:40:13,2,1.567,25.33,24.8480,25.9,1.589,27.13,4.04,-71,11.00,
2026-09-18T14:40:14,2,1.595,27.58,24.8580,25.9,1.592,27.39,4.03,-70,9.25,
2026-09-18T14:40:15,2,1.568,25.46,24.8700,25.9,1.585,26.81,4.06,-71,9.75,
2026-09-18T14:40:17,2,1.571,25.65,24.8700,25.9,1.591,27.26,4.04,-71,10.25,
2026-09-18T14:40:18,2,1.590,27.20,24.8600,25.9,1.587,26.94,4.04,-71,9.75,
2026-09-18T14:40:19,2,1.568,25.46,24.8560,25.9,1.586,26.87,4.06,-70,10.00,
2026-09-18T14:40:20,2,1.590,27.20,24.8550,25.9,1.604,28.36,4.05,-71,9.75,
2026-09-18T14:40:21,2,1.588,27.07,24.8550,25.9,1.588,27.00,4.04,-71,10.50,
2026-09-18T14:40:22,2,1.571,25.71,24.8580,25.9,1.578,26.23,4.04,-70,10.50,
2026-09-18T14:40:23,2,1.592,27.39,24.8590,25.9,1.593,27.45,4.03,-70,9.75,
2026-09-18T14:40:24,2,1.588,27.00,24.8620,25.9,1.589,27.13,4.05,-71,9.50,
2026-09-18T14:40:25,2,1.571,25.65,24.8620,25.9,1.589,27.13,4.04,-73,10.25,
2026-09-18T14:40:26,2,1.590,27.20,24.8560,25.9,1.587,26.94,4.05,-72,9.25,
2026-09-18T14:40:27,2,1.568,25.46,24.8620,25.9,1.585,26.81,4.07,-72,10.00,
2026-09-18T14:40:29,2,1.570,25.59,24.8630,25.9,1.588,27.07,4.05,-72,9.50,
2026-09-18T14:40:30,2,1.586,26.87,24.8660,25.9,1.586,26.87,4.05,-71,10.00,
2026-09-18T14:40:31,2,1.571,25.71,24.8600,25.9,1.591,27.26,4.04,-72,10.00,
2026-09-18T14:40:32,2,1.593,27.45,24.8670,25.9,1.593,27.45,4.02,-71,10.25,
2026-09-18T14:40:33,2,1.587,26.94,24.8600,25.9,1.590,27.20,4.05,-70,9.25,
2026-09-18T14:40:34,2,1.570,25.59,24.8530,25.9,1.590,27.20,4.05,-68,10.00,
2026-09-18T14:40:35,2,1.588,27.07,24.8500,25.9,1.588,27.07,4.04,-68,10.00,
2026-09-18T14:40:36,2,1.571,25.65,24.8470,25.9,1.585,26.81,4.06,-73,9.75,
2026-09-18T14:40:37,2,1.570,25.59,24.8430,25.9,1.591,27.26,4.05,-69,9.50,
2026-09-18T14:40:38,2,1.585,26.81,24.8520,25.9,1.589,27.13,4.05,-71,9.75,
2026-09-18T14:40:40,2,1.572,25.78,24.8590,25.9,1.592,27.39,4.05,-72,9.75,
2026-09-18T14:40:41,2,1.598,27.84,24.8480,25.9,1.595,27.58,4.03,-68,10.00,
2026-09-18T14:40:42,2,1.588,27.07,24.8530,25.9,1.589,27.13,4.05,-68,9.75,
2026-09-18T14:40:43,2,1.562,24.94,24.8590,25.9,1.590,27.20,4.04,-74,10.50,
2026-09-18T14:40:44,2,1.588,27.00,24.8580,25.9,1.590,27.20,4.04,-71,10.25,
2026-09-18T14:40:45,2,1.571,25.71,24.8600,25.9,1.585,26.81,4.05,-71,10.00,
2026-09-18T14:40:46,2,1.570,25.59,24.8590,25.9,1.591,27.26,4.05,-71,9.75,
2026-09-18T14:40:55,2,1.567,25.39,24.8410,25.9,1.591,27.26,4.05,-73,9.75,
2026-09-18T14:40:56,2,1.588,27.07,24.8400,25.9,1.589,27.13,4.05,-75,9.75,
2026-09-18T14:40:57,2,1.567,25.33,24.8490,25.9,1.587,26.94,4.07,-74,10.75,
2026-09-18T14:40:58,2,1.571,25.65,24.8520,25.9,1.584,26.75,4.05,-73,9.50,
2026-09-18T14:40:59,2,1.586,26.87,24.8460,25.9,1.588,27.00,4.05,-76,9.25,
2026-09-18T14:41:00,2,1.573,25.84,24.8430,25.9,1.590,27.20,4.04,-76,10.00,
2026-09-18T14:41:01,2,1.595,27.58,24.8590,25.9,1.592,27.33,4.02,-67,9.75,
2026-09-18T14:41:02,2,1.586,26.87,24.8550,25.9,1.588,27.00,4.05,-65,10.25,
2026-09-18T14:41:04,2,1.571,25.65,24.8470,25.9,1.588,27.07,4.05,-74,9.25,
2026-09-18T14:41:05,2,1.589,27.13,24.8410,25.9,1.586,26.87,4.04,-74,10.50,
2026-09-18T14:41:06,2,1.568,25.46,24.8450,25.9,1.583,26.62,4.07,-71,10.00,
2026-09-18T14:41:07,2,1.571,25.65,24.8480,25.9,1.590,27.20,4.05,-73,9.50,
2026-09-18T14:41:08,2,1.588,27.07,24.8550,25.9,1.587,26.94,4.05,-72,9.75,
2026-09-18T14:41:09,2,1.568,25.46,24.8490,25.9,1.590,27.20,4.05,-74,9.75,
2026-09-18T14:41:11,2,1.586,26.87,24.8530,25.9,1.588,27.00,4.05,-72,9.75,
2026-09-18T14:41:12,2,1.571,25.65,24.8510,25.9,1.587,26.94,4.05,-73,10.00,
2026-09-18T14:41:13,2,1.587,26.94,24.8550,25.9,1.589,27.13,4.05,-73,9.75,
2026-09-18T14:41:14,2,1.586,26.87,24.8490,25.9,1.588,27.00,4.05,-72,9.50,
2026-09-18T14:41:16,2,1.571,25.71,24.8510,25.9,1.590,27.20,4.04,-73,9.75,
2026-09-18T14:41:17,2,1.588,27.07,24.8510,25.9,1.589,27.13,4.04,-72,10.00,
2026-09-18T14:41:18,2,1.573,25.84,24.8460,25.9,1.589,27.13,4.04,-73,10.25,
2026-09-18T14:41:19,2,1.572,25.78,24.8450,25.9,1.588,27.07,4.05,-72,9.25,
2026-09-18T14:41:20,2,1.588,27.00,24.8440,25.9,1.589,27.13,4.05,-79,9.50,
2026-09-18T14:41:21,2,1.569,25.52,24.8420,25.9,1.587,26.94,4.05,-84,8.50,
2026-09-18T14:41:22,2,1.592,27.33,24.8460,25.9,1.589,27.13,4.04,-72,10.00,
2026-09-18T14:41:23,2,1.579,26.29,24.8520,25.9,1.586,26.87,4.05,-78,9.50,
2026-09-18T14:41:24,2,1.570,25.59,24.8530,25.9,1.589,27.13,4.05,-75,9.50,
2026-09-18T14:41:25,2,1.588,27.07,24.8580,25.9,1.588,27.07,4.05,-74,10.00,
2026-09-18T14:41:26,2,1.561,24.88,24.8560,25.9,1.589,27.13,4.04,-72,9.75,
2026-09-18T14:41:28,2,1.570,25.59,24.8570,25.9,1.588,27.07,4.05,-75,9.75,
2026-09-18T14:41:29,2,1.586,26.87,24.8570,25.9,1.589,27.13,4.05,-72,9.75,
2026-09-18T14:41:37,2,1.587,26.94,24.8520,25.9,1.590,27.20,4.05,-71,9.25,
2026-09-18T14:41:39,2,1.571,25.71,24.8620,25.9,1.588,27.07,4.04,-72,10.00,
2026-09-18T14:41:40,2,1.571,25.71,24.8690,25.9,1.588,27.07,4.04,-71,10.00,
2026-09-18T14:41:41,2,1.587,26.94,24.8580,25.9,1.589,27.13,4.05,-71,10.00,
2026-09-18T14:41:42,2,1.572,25.78,24.8580,25.9,1.588,27.07,4.05,-73,9.50,
2026-09-18T14:41:43,2,1.588,27.07,24.8550,25.9,1.588,27.00,4.04,-71,9.75,
2026-09-18T14:41:44,2,1.585,26.81,24.8570,25.9,1.591,27.26,4.05,-74,10.25,
2026-09-18T14:41:45,2,1.572,25.78,24.8560,25.9,1.588,27.07,4.05,-74,9.75,
2026-09-18T14:41:46,2,1.590,27.20,24.8560,25.9,1.588,27.07,4.03,-72,9.75,
2026-09-18T14:41:47,2,1.571,25.71,24.8640,25.9,1.593,27.45,4.04,-71,10.00,
2026-09-18T14:41:48,2,1.570,25.59,24.8640,25.9,1.587,26.94,4.04,-71,9.50,
2026-09-18T14:41:49,2,1.587,26.94,24.8680,25.9,1.589,27.13,4.05,-71,9.75,
2026-09-18T14:41:51,2,1.573,25.84,24.8720,25.9,1.590,27.20,4.05,-71,10.00,
2026-09-18T14:41:52,2,1.596,27.65,24.8760,25.9,1.588,27.00,4.04,-71,9.75,
2026-09-18T14:41:53,2,1.589,27.13,24.8780,25.9,1.588,27.07,4.04,-71,10.00,
2026-09-18T14:41:54,2,1.571,25.65,24.8800,25.9,1.588,27.07,4.05,-71,9.75,
2026-09-18T14:41:55,2,1.588,27.07,24.8780,25.9,1.590,27.20,4.04,-71,9.75,
2026-09-18T14:41:56,2,1.570,25.59,24.8810,25.9,1.591,27.26,4.03,-70,9.25,
2026-09-18T14:41:57,2,1.573,25.84,24.8840,25.9,1.588,27.00,4.05,-70,9.50,
2026-09-18T14:41:58,2,1.592,27.33,24.8820,25.9,1.588,27.00,4.05,-70,9.50,
2026-09-18T14:41:59,2,1.571,25.65,24.8810,25.9,1.588,27.00,4.04,-70,9.75,
2026-09-18T14:42:00,2,1.594,27.52,24.8800,25.9,1.592,27.33,4.04,-70,10.00,
2026-09-18T14:42:01,2,1.589,27.13,24.8810,25.9,1.588,27.00,4.04,-69,9.25,
2026-09-18T14:42:03,2,1.572,25.78,24.8810,25.9,1.588,27.07,4.05,-75,9.75,
2026-09-18T14:42:04,2,1.589,27.13,24.8740,25.9,1.588,27.07,4.04,-66,10.50,
2026-09-18T14:42:05,2,1.589,27.13,24.8700,25.9,1.595,27.58,4.03,-67,9.50,
2026-09-18T14:42:06,2,1.572,25.78,24.8720,25.9,1.589,27.13,4.05,-70,9.50,
2026-09-18T14:42:07,2,1.589,27.13,24.8660,25.9,1.589,27.13,4.04,-75,9.75,
2026-09-18T14:42:08,2,1.564,25.13,24.8660,25.9,1.592,27.33,4.05,-74,9.75,
2026-09-18T14:42:09,2,1.570,25.59,24.8630,25.9,1.591,27.26,4.05,-74,9.75,
2026-09-18T14:42:10,2,1.585,26.81,24.8660,25.9,1.587,26.94,4.05,-74,10.25,
2026-09-18T14:42:11,2,1.570,25.59,24.8780,25.9,1.588,27.07,4.05,-76,9.75,
2026-09-18T14:42:12,2,1.590,27.20,24.8730,25.9,1.592,27.33,4.04,-74,10.00,
2026-09-18T14:42:20,2,1.570,25.59,24.8580,25.9,1.592,27.33,4.05,-77,9.00,
2026-09-18T14:42:21,2,1.595,27.58,24.8540,25.9,1.588,27.00,4.05,-75,9.25,
2026-09-18T14:42:22,2,1.579,26.29,24.8510,25.9,1.589,27.13,4.05,-76,9.50,
2026-09-18T14:42:23,2,1.569,25.52,24.8560,25.9,1.588,27.07,4.05,-77,9.75,
2026-09-18T14:42:24,2,1.590,27.20,24.8550,25.9,1.588,27.07,4.04,-78,9.75,
2026-09-18T14:42:25,2,1.571,25.65,24.8540,25.9,1.592,27.39,4.04,-77,10.00,
2026-09-18T14:42:27,2,1.571,25.65,24.8500,25.9,1.602,28.16,4.05,-76,9.50,
2026-09-18T14:42:28,2,1.592,27.33,24.8540,25.9,1.590,27.20,4.04,-77,10.00,
2026-09-18T14:42:29,2,1.570,25.59,24.8480,25.9,1.588,27.07,4.05,-76,9.50,
2026-09-18T14:42:30,2,1.567,25.39,24.8450,25.9,1.587,26.94,4.06,-76,9.25,
2026-09-18T14:42:31,2,1.587,26.94,24.8360,25.9,1.590,27.20,4.05,-74,9.50,
2026-09-18T14:42:32,2,1.572,25.78,24.8400,25.9,1.588,27.07,4.05,-73,9.75,
2026-09-18T14:42:33,2,1.590,27.20,24.8430,25.9,1.586,26.87,4.04,-74,10.00,
2026-09-18T14:42:34,2,1.582,26.55,24.8390,25.9,1.596,27.71,4.03,-71,9.50,
2026-09-18T14:42:35,2,1.571,25.71,24.8350,25.9,1.589,27.13,4.05,-72,10.00,
2026-09-18T14:42:36,2,1.590,27.20,24.8400,25.9,1.588,27.07,4.05,-72,9.75,
2026-09-18T14:42:38,2,1.569,25.52,24.8520,25.9,1.587,26.94,4.05,-70,9.50,
2026-09-18T14:42:39,2,1.571,25.65,24.8510,25.9,1.588,27.07,4.05,-71,9.50,
2026-09-18T14:42:40,2,1.587,26.94,24.8570,25.9,1.588,27.00,4.05,-75,9.50,
2026-09-18T14:42:41,2,1.571,25.65,24.8670,25.9,1.588,27.00,4.05,-74,10.00,
2026-09-18T14:42:42,2,1.586,26.87,24.8740,25.9,1.590,27.20,4.04,-73,10.00,
2026-09-18T14:42:43,2,1.588,27.00,24.8710,25.9,1.588,27.07,4.05,-72,9.50,
2026-09-18T14:42:44,2,1.571,25.71,24.8770,25.9,1.587,26.94,4.05,-72,9.75,
2026-09-18T14:42:45,2,1.589,27.13,24.8850,25.9,1.588,27.00,4.05,-73,10.00,
2026-09-18T14:42:46,2,1.571,25.71,24.8850,25.9,1.588,27.07,4.05,-72,9.50,
2026-09-18T14:42:47,2,1.572,25.78,24.8930,25.9,1.588,27.00,4.05,-72,9.75,
2026-09-18T14:42:48,2,1.588,27.07,24.8910,25.9,1.588,27.07,4.05,-72,9.25,
2026-09-18T14:42:50,2,1.574,25.91,24.9060,25.9,1.589,27.13,4.05,-72,9.75,
2026-09-18T14:42:51,2,1.595,27.58,24.9080,25.9,1.589,27.13,4.04,-72,9.75,
2026-09-18T14:42:52,2,1.588,27.00,24.9100,25.9,1.588,27.00,4.03,-73,9.75,
2026-09-18T14:42:53,2,1.569,25.52,24.9080,25.9,1.591,27.26,4.04,-72,9.75,
2026-09-18T14:42:54,2,1.591,27.26,24.9090,25.9,1.590,27.20,4.04,-72,10.00,
2026-09-18T14:43:03,2,1.590,27.20,24.8880,25.9,1.589,27.13,4.04,-79,9.25,
2026-09-18T14:43:04,2,1.591,27.26,24.8910,25.9,1.593,27.45,4.02,-74,9.75,
2026-09-18T14:43:05,2,1.571,25.65,24.8850,25.9,1.590,27.20,4.05,-74,10.00,
2026-09-18T14:43:06,2,1.588,27.07,24.8840,25.9,1.589,27.13,4.04,-75,10.25,
2026-09-18T14:43:07,2,1.571,25.65,24.8830,25.9,1.589,27.13,4.05,-74,9.75,
2026-09-18T14:43:08,2,1.568,25.46,24.8810,25.9,1.583,26.62,4.06,-74,9.50,
2026-09-18T14:43:09,2,1.588,27.00,24.8790,25.9,1.588,27.00,4.05,-74,9.50,
2026-09-18T14:43:10,2,1.571,25.71,24.8760,25.9,1.588,27.07,4.05,-74,9.50,
2026-09-18T14:43:11,2,1.591,27.26,24.8710,25.9,1.589,27.13,4.04,-74,10.25,
2026-09-18T14:43:12,2,1.590,27.20,24.8710,25.9,1.592,27.39,4.04,-73,10.25,
2026-09-18T14:43:14,2,1.569,25.52,24.8770,25.9,1.587,26.94,4.05,-73,10.00,
2026-09-18T14:43:15,2,1.588,27.07,24.8760,25.9,1.588,27.00,4.05,-73,10.00,
2026-09-18T14:43:16,2,1.570,25.59,24.8760,25.9,1.588,27.07,4.04,-73,9.50,
2026-09-18T14:43:17,2,1.571,25.71,24.8760,25.9,1.588,27.07,4.05,-73,9.50,
2026-09-18T14:43:18,2,1.588,27.07,24.8760,25.9,1.588,27.00,4.05,-73,10.00,
2026-09-18T14:43:19,2,1.570,25.59,24.8670,25.9,1.588,27.00,4.04,-73,10.00,
2026-09-18T14:43:20,2,1.594,27.52,24.8630,25.9,1.589,27.13,4.04,-73,10.50,
2026-09-18T14:43:21,2,1.587,26.94,24.8690,25.9,1.587,26.94,4.04,-74,9.75,
2026-09-18T14:43:22,2,1.572,25.78,24.8660,25.9,1.592,27.33,4.05,-74,9.50,
2026-09-18T14:43:23,2,1.591,27.26,24.8710,25.9,1.589,27.13,4.04,-75,9.75,
2026-09-18T14:43:24,2,1.573,25.84,24.8720,25.9,1.588,27.00,4.03,-76,9.25,
2026-09-18T14:43:26,2,1.569,25.52,24.8690,25.9,1.592,27.39,4.05,-76,9.00,
2026-09-18T14:43:27,2,1.588,27.07,24.8660,25.9,1.589,27.13,4.05,-81,9.50,
2026-09-18T14:43:28,2,1.571,25.71,24.8720,25.9,1.588,27.07,4.05,-80,9.50,
2026-09-18T14:43:29,2,1.567,25.33,24.8690,25.9,1.585,26.81,4.06,-80,9.50,
2026-09-18T14:43:30,2,1.587,26.94,24.8650,25.9,1.589,27.13,4.05,-79,9.50,
2026-09-18T14:43:31,2,1.571,25.65,24.8690,25.9,1.592,27.33,4.05,-80,9.50,
2026-09-18T14:43:32,2,1.589,27.13,24.8670,25.9,1.589,27.13,4.05,-76,9.75,
2026-09-18T14:43:33,2,1.589,27.13,24.8670,25.9,1.592,27.39,4.02,-73,9.50,
2026-09-18T14:43:34,2,1.567,25.39,24.8630,25.9,1.589,27.13,4.05,-83,9.00,
2026-09-18T14:43:35,2,1.588,27.07,24.8660,25.9,1.588,27.00,4.05,-86,8.00,
2026-09-18T14:43:36,2,1.571,25.65,24.8770,25.9,1.588,27.00,4.04,-74,10.50,
2026-09-18T14:43:45,2,1.570,25.59,24.8620,25.9,1.588,27.07,4.05,-72,9.50,
2026-09-18T14:43:46,2,1.571,25.65,24.8650,25.9,1.587,26.94,4.06,-71,9.50,
2026-09-18T14:43:47,2,1.590,27.20,24.8660,25.9,1.590,27.20,4.04,-70,9.75,
2026-09-18T14:43:49,2,1.571,25.65,24.8640,25.9,1.590,27.20,4.04,-71,10.25,
2026-09-18T14:43:50,2,1.593,27.45,24.8590,25.9,1.590,27.20,4.05,-71,12.50,
2026-09-18T14:43:51,2,1.589,27.13,24.8520,25.9,1.591,27.26,4.05,-71,9.75,
2026-09-18T14:43:52,2,1.570,25.59,24.8530,25.9,1.588,27.00,4.04,-71,9.75,
2026-09-18T14:43:53,2,1.592,27.39,24.8510,25.9,1.591,27.26,4.04,-71,9.75,
2026-09-18T14:43:54,2,1.591,27.26,24.8580,25.9,1.590,27.20,4.03,-71,9.50,
2026-09-18T14:43:55,2,1.570,25.59,24.8520,25.9,1.588,27.07,4.05,-71,9.25,
2026-09-18T14:43:56,2,1.589,27.13,24.8500,25.9,1.589,27.13,4.05,-71,9.50,
2026-09-18T14:43:57,2,1.572,25.78,24.8450,25.9,1.589,27.13,4.04,-70,9.75,
2026-09-18T14:43:58,2,1.568,25.46,24.8410,25.9,1.585,26.81,4.06,-71,9.75,
2026-09-18T14:43:59,2,1.588,27.00,24.8380,25.9,1.588,27.00,4.03,-77,9.50,
2026-09-18T14:44:01,2,1.569,25.52,24.8430,25.9,1.589,27.13,4.05,-80,9.50,
2026-09-18T14:44:02,2,1.589,27.13,24.8430,25.9,1.588,27.07,4.05,-71,9.75,
2026-09-18T14:44:03,2,1.589,27.13,24.8450,25.9,1.591,27.26,4.03,-69,9.75,
2026-09-18T14:44:04,2,1.571,25.65,24.8350,25.9,1.591,27.26,4.05,-69,10.00,
2026-09-18T14:44:05,2,1.588,27.07,24.8370,25.9,1.588,27.07,4.04,-68,10.50,
2026-09-18T14:44:06,2,1.572,25.78,24.8350,25.9,1.588,27.07,4.05,-68,9.75,
2026-09-18T14:44:07,2,1.567,25.33,24.8400,25.9,1.584,26.68,4.06,-68,10.00,
2026-09-18T14:44:08,2,1.586,26.87,24.8380,25.9,1.588,27.07,4.05,-75,9.25,
2026-09-18T14:44:09,2,1.571,25.65,24.8450,25.9,1.589,27.13,4.05,-81,9.50,
2026-09-18T14:44:10,2,1.594,27.52,24.8480,25.9,1.589,27.13,4.04,-78,9.75,
2026-09-18T14:44:11,2,1.589,27.13,24.8580,25.9,1.592,27.33,4.02,-71,11.00,
2026-09-18T14:44:13,2,1.572,25.78,24.8560,25.9,1.589,27.13,4.05,-89,6.25,
2026-09-18T14:44:14,2,1.591,27.26,24.8560,25.9,1.588,27.00,4.04,-70,9.50,
2026-09-18T14:44:15,2,1.569,25.52,24.8620,25.9,1.589,27.13,4.05,-68,10.00,
2026-09-18T14:44:16,2,1.568,25.46,24.8590,25.9,1.584,26.75,4.07,-70,10.50,
2026-09-18T14:44:17,2,1.588,27.00,24.8590,25.9,1.589,27.13,4.05,-73,10.00,
2026-09-18T14:44:18,2,1.571,25.71,24.8570,25.9,1.591,27.26,4.04,-74,10.25,
2026-09-18T14:44:19,2,1.569,25.52,24.8580,25.9,1.584,26.75,4.06,-73,9.75,
2026-09-18T14:44:28,2,1.566,25.26,24.8370,25.9,1.585,26.81,4.06,-72,9.50,
2026-09-18T14:44:29,2,1.585,26.81,24.8340,25.9,1.588,27.07,4.04,-74,10.00,
2026-09-18T14:44:30,2,1.571,25.65,24.8340,25.9,1.589,27.13,4.05,-72,10.00,
2026-09-18T14:44:31,2,1.592,27.39,24.8300,25.9,1.592,27.33,4.04,-77,9.50,
2026-09-18T14:44:32,2,1.588,27.07,24.8350,25.9,1.592,27.33,4.02,-84,9.00,
2026-09-18T14:44:33,2,1.570,25.59,24.8250,25.9,1.584,26.68,4.05,-82,9.50,
2026-09-18T14:44:34,2,1.588,27.07,24.8180,25.9,1.586,26.87,4.04,-79,9.75,
2026-09-18T14:44:35,2,1.571,25.65,24.8100,25.9,1.588,27.07,4.05,-79,9.50,
2026-09-18T14:44:37,2,1.568,25.46,24.8100,25.9,1.587,26.94,4.06,-79,9.75,
2026-09-18T14:44:38,2,1.588,27.07,24.8100,25.9,1.591,27.26,4.05,-80,9.50,
2026-09-18T14:44:39,2,1.567,25.33,24.8130,25.9,1.588,27.07,4.05,-79,9.25,
2026-09-18T14:44:40,2,1.594,27.52,24.8170,25.9,1.588,27.00,4.04,-80,9.75,
2026-09-18T14:44:41,2,1.592,27.33,24.8220,25.9,1.596,27.65,4.02,-80,9.25,
2026-09-18T14:44:42,2,1.570,25.59,24.8320,25.9,1.589,27.13,4.05,-79,11.75,
2026-09-18T14:44:43,2,1.591,27.26,24.8370,25.9,1.590,27.20,4.05,-80,9.50,
2026-09-18T14:44:44,2,1.571,25.65,24.8420,25.9,1.588,27.07,4.04,-73,10.25,
2026-09-18T14:44:45,2,1.567,25.33,24.8540,25.9,1.584,26.75,4.06,-72,9.75,
2026-09-18T14:44:46,2,1.588,27.00,24.8550,25.9,1.588,27.00,4.05,-72,9.75,
2026-09-18T14:44:48,2,1.571,25.71,24.8610,25.9,1.588,27.00,4.04,-72,10.00,
2026-09-18T14:44:49,2,1.568,25.46,24.8500,25.9,1.585,26.81,4.06,-71,9.75,
2026-09-18T14:44:50,2,1.591,27.26,24.8480,25.9,1.592,27.33,4.03,-72,9.50,
2026-09-18T14:44:51,2,1.571,25.65,24.8530,25.9,1.589,27.13,4.05,-73,10.00,
2026-09-18T14:44:52,2,1.591,27.26,24.8540,25.9,1.589,27.13,4.04,-70,10.00,
2026-09-18T14:44:53,2,1.589,27.13,24.8660,25.9,1.592,27.33,4.02,-76,10.00,
2026-09-18T14:44:54,2,1.567,25.39,24.8680,25.9,1.587,26.94,4.06,-74,10.25,
2026-09-18T14:44:55,2,1.589,27.13,24.8560,25.9,1.592,27.39,4.04,-70,10.00,
2026-09-18T14:44:56,2,1.571,25.71,24.8690,25.9,1.588,27.00,4.04,-70,10.75,
2026-09-18T14:44:57,2,1.567,25.33,24.8740,25.9,1.585,26.81,4.06,-72,10.00,
2026-09-18T14:44:58,2,1.591,27.26,24.8780,25.9,1.590,27.20,4.02,-72,10.00,
2026-09-18T14:45:00,2,1.569,25.52,24.8710,25.9,1.588,27.07,4.04,-75,9.50,
2026-09-18T14:45:01,2,1.592,27.39,24.8590,25.9,1.588,27.07,4.05,-73,9.50,
2026-09-18T14:45:02,2,1.589,27.13,24.8420,25.9,1.592,27.33,4.02,-72,9.75,
2026-09-18T14:45:10,2,1.591,27.26,24.8400,25.9,1.590,27.20,4.02,-80,8.75,
2026-09-18T14:45:12,2,1.568,25.46,24.8380,25.9,1.588,27.07,4.05,-77,9.25,
2026-09-18T14:45:13,2,1.589,27.13,24.8320,25.9,1.589,27.13,4.04,-72,9.75,
2026-09-18T14:45:14,2,1.571,25.65,24.8290,25.9,1.590,27.20,4.03,-75,9.25,
2026-09-18T14:45:15,2,1.567,25.39,24.8340,25.9,1.586,26.87,4.06,-76,9.75,
2026-09-18T14:45:16,2,1.588,27.07,24.8350,25.9,1.588,27.07,4.04,-70,9.50,
2026-09-18T14:45:17,2,1.573,25.84,24.8320,25.9,1.589,27.13,4.04,-77,9.75,
2026-09-18T14:45:18,2,1.567,25.33,24.8390,25.9,1.585,26.81,4.06,-71,9.75,
2026-09-18T14:45:19,2,1.590,27.20,24.8410,25.9,1.595,27.58,4.03,-72,9.50,
2026-09-18T14:45:20,2,1.571,25.71,24.8450,25.9,1.587,26.94,4.05,-71,9.25,
2026-09-18T14:45:21,2,1.591,27.26,24.8510,25.9,1.588,27.07,4.05,-77,9.25,
2026-09-18T14:45:22,2,1.589,27.13,24.8670,25.9,1.589,27.13,4.03,-72,9.75,
2026-09-18T14:45:24,2,1.567,25.33,24.8640,25.9,1.584,26.75,4.06,-75,9.50,
2026-09-18T14:45:25,2,1.588,27.07,24.8620,25.9,1.588,27.00,4.04,-72,10.25,
2026-09-18T14:45:26,2,1.568,25.46,24.8650,25.9,1.589,27.13,4.04,-75,10.00,
2026-09-18T14:45:27,2,1.567,25.33,24.8640,25.9,1.586,26.87,4.06,-76,9.50,
2026-09-18T14:45:28,2,1.592,27.33,24.8660,25.9,1.592,27.33,4.02,-73,10.00,
2026-09-18T14:45:29,2,1.570,25.59,24.8600,25.9,1.588,27.07,4.05,-77,9.25,
2026-09-18T14:45:30,2,1.592,27.39,24.8550,25.9,1.588,27.07,4.04,-72,10.00,
2026-09-18T14:45:31,2,1.588,27.07,24.8490,25.9,1.590,27.20,4.03,-77,9.50,
2026-09-18T14:45:32,2,1.567,25.33,24.8420,25.9,1.584,26.75,4.06,-71,9.75,
2026-09-18T14:45:33,2,1.589,27.13,24.8370,25.9,1.588,27.00,4.04,-78,9.75,
2026-09-18T14:45:34,2,1.571,25.71,24.8330,25.9,1.592,27.33,4.04,-73,9.50,
2026-09-18T14:45:36,2,1.566,25.26,24.8280,25.9,1.588,27.07,4.06,-70,9.50,
2026-09-18T14:45:37,2,1.589,27.13,24.8260,25.9,1.595,27.58,4.02,-72,10.75,
2026-09-18T14:45:38,2,1.570,25.59,24.8140,25.9,1.589,27.13,4.04,-85,9.00,
2026-09-18T14:45:39,2,1.595,27.58,24.8160,25.9,1.588,27.07,4.04,-86,8.00,
2026-09-18T14:45:40,2,1.589,27.13,24.8070,25.9,1.592,27.33,4.02,-81,9.25,
2026-09-18T14:45:41,2,1.568,25.46,24.8110,25.9,1.584,26.68,4.06,-91,3.75,
2026-09-18T14:45:42,2,1.588,27.07,24.8100,25.9,1.592,27.33,4.05,-90,5.75,
2026-09-18T14:45:43,2,1.572,25.78,24.8080,25.9,1.590,27.20,4.02,-83,9.00,
2026-09-18T14:45:44,2,1.567,25.33,24.8040,25.9,1.585,26.81,4.06,-73,9.75,
2026-09-18T14:45:53,2,1.567,25.39,24.8320,25.9,1.584,26.68,4.06,-74,8.75,
2026-09-18T14:45:54,2,1.588,27.07,24.8330,25.9,1.584,26.75,4.05,-74,9.50,
2026-09-18T14:45:55,2,1.568,25.46,24.8420,25.9,1.590,27.20,4.05,-75,9.25,
2026-09-18T14:45:56,2,1.569,25.52,24.8520,25.9,1.586,26.87,4.06,-79,9.50,
2026-09-18T14:45:57,2,1.590,27.20,24.8580,25.9,1.594,27.52,4.02,-82,9.50,
2026-09-18T14:45:59,2,1.570,25.59,24.8560,25.9,1.599,27.91,4.05,-75,9.50,
2026-09-18T14:46:00,2,1.593,27.45,24.8600,25.9,1.589,27.13,4.04,-82,9.25,
2026-09-18T14:46:01,2,1.591,27.26,24.8600,25.9,1.591,27.26,4.03,-77,9.75,
2026-09-18T14:46:02,2,1.571,25.65,24.8660,25.9,1.585,26.81,4.06,-83,9.25,
2026-09-18T14:46:03,2,1.588,27.07,24.8670,25.9,1.588,27.07,4.04,-73,10.00,
2026-09-18T14:46:04,2,1.571,25.65,24.8690,25.9,1.586,26.87,4.05,-73,9.75,
2026-09-18T14:46:05,2,1.569,25.52,24.8660,25.9,1.587,26.94,4.06,-74,9.50,
2026-09-18T14:46:06,2,1.592,27.39,24.8660,25.9,1.593,27.45,4.02,-74,10.25,
2026-09-18T14:46:07,2,1.571,25.65,24.8580,25.9,1.592,27.33,4.04,-74,9.75,
2026-09-18T14:46:08,2,1.596,27.65,24.8640,25.9,1.591,27.26,4.04,-74,9.75,
2026-09-18T14:46:09,2,1.590,27.20,24.8580,25.9,1.593,27.45,4.02,-74,10.00,
2026-09-18T14:46:11,2,1.567,25.33,24.8500,25.9,1.586,26.87,4.06,-74,9.75,
2026-09-18T14:46:12,2,1.587,26.94,24.8500,25.9,1.591,27.26,4.04,-75,9.50,
2026-09-18T14:46:13,2,1.569,25.52,24.8580,25.9,1.588,27.00,4.05,-77,10.00,
2026-09-18T14:46:14,2,1.569,25.52,24.8630,25.9,1.585,26.81,4.06,-82,9.50,
2026-09-18T14:46:15,2,1.592,27.33,24.8590,25.9,1.588,27.00,4.02,-81,9.25,
2026-09-18T14:46:16,2,1.571,25.65,24.8480,25.9,1.588,27.07,4.05,-72,9.50,
2026-09-18T14:46:17,2,1.567,25.33,24.8480,25.9,1.586,26.87,4.06,-73,9.75,
2026-09-18T14:46:18,2,1.589,27.13,24.8570,25.9,1.592,27.39,4.03,-72,9.50,
2026-09-18T14:46:19,2,1.568,25.46,24.8570,25.9,1.586,26.87,4.07,-78,9.75,
2026-09-18T14:46:20,2,1.588,27.07,24.8530,25.9,1.591,27.26,4.05,-85,8.75,
2026-09-18T14:46:21,2,1.589,27.13,24.8490,25.9,1.592,27.33,4.02,-80,9.25,
2026-09-18T14:46:23,2,1.566,25.26,24.8510,25.9,1.586,26.87,4.07,-77,12.25,
2026-09-18T14:46:24,2,1.587,26.94,24.8510,25.9,1.579,26.36,4.04,-79,9.50,
2026-09-18T14:46:25,2,1.569,25.52,24.8550,25.9,1.589,27.13,4.04,-77,9.75,
2026-09-18T14:46:26,2,1.568,25.46,24.8500,25.9,1.585,26.81,4.06,-78,9.75,
2026-09-18T14:46:27,2,1.592,27.39,24.8490,25.9,1.593,27.45,4.02,-76,10.00,
2026-09-18T14:46:36,2,1.591,27.26,24.8750,25.9,1.592,27.33,4.02,-77,8.50,
2026-09-18T14:46:37,2,1.572,25.78,24.8730,25.9,1.590,27.20,4.05,-76,9.25,
2026-09-18T14:46:38,2,1.594,27.52,24.8680,25.9,1.590,27.20,4.04,-76,9.50,
2026-09-18T14:46:39,2,1.589,27.13,24.8730,25.9,1.588,27.07,4.02,-75,9.50,
2026-09-18T14:46:40,2,1.569,25.52,24.8800,25.9,1.586,26.87,4.06,-76,9.50,
2026-09-18T14:46:41,2,1.591,27.26,24.8760,25.9,1.588,27.07,4.04,-75,9.25,
2026-09-18T14:46:42,2,1.571,25.71,24.8690,25.9,1.588,27.00,4.04,-75,9.50,
2026-09-18T14:46:43,2,1.567,25.39,24.8560,25.9,1.587,26.94,4.06,-75,9.50,
2026-09-18T14:46:44,2,1.592,27.33,24.8550,25.9,1.593,27.45,4.02,-75,9.25,
2026-09-18T14:46:45,2,1.571,25.65,24.8560,25.9,1.589,27.13,4.05,-75,9.25,
2026-09-18T14:46:47,2,1.593,27.45,24.8620,25.9,1.590,27.20,4.04,-74,10.00,
2026-09-18T14:46:48,2,1.592,27.33,24.8570,25.9,1.593,27.45,4.01,-73,10.00,
2026-09-18T14:46:49,2,1.567,25.39,24.8620,25.9,1.585,26.81,4.06,-76,9.50,
2026-09-18T14:46:50,2,1.588,27.07,24.8630,25.9,1.589,27.13,4.04,-72,10.00,
2026-09-18T14:46:51,2,1.591,27.26,24.8640,25.9,1.590,27.20,4.03,-74,9.50,
2026-09-18T14:46:52,2,1.571,25.65,24.8610,25.9,1.586,26.87,4.06,-74,9.75,
2026-09-18T14:46:53,2,1.591,27.26,24.8550,25.9,1.591,27.26,4.02,-72,10.00,
2026-09-18T14:46:54,2,1.571,25.65,24.8580,25.9,1.589,27.13,4.04,-74,10.00,
2026-09-18T14:46:55,2,1.571,25.65,24.8480,25.9,1.595,27.58,4.06,-74,9.50,
2026-09-18T14:46:56,2,1.591,27.26,24.8400,25.9,1.589,27.13,4.02,-73,9.50,
2026-09-18T14:46:58,2,1.567,25.39,24.8420,25.9,1.588,27.07,4.06,-73,9.75,
2026-09-18T14:46:59,2,1.590,27.20,24.8410,25.9,1.588,27.00,4.04,-70,10.00,
2026-09-18T14:47:00,2,1.590,27.20,24.8400,25.9,1.591,27.26,4.03,-71,9.50,
2026-09-18T14:47:01,2,1.566,25.26,24.8430,25.9,1.585,26.81,4.06,-71,10.00,
2026-09-18T14:47:02,2,1.590,27.20,24.8460,25.9,1.589,27.13,4.04,-75,10.25,
2026-09-18T14:47:03,2,1.571,25.71,24.8560,25.9,1.588,27.07,4.05,-75,10.00,
2026-09-18T14:47:04,2,1.570,25.59,24.8640,25.9,1.586,26.87,4.06,-71,10.00,
2026-09-18T14:47:05,2,1.591,27.26,24.8610,25.9,1.594,27.52,4.02,-76,9.25,
2026-09-18T14:47:06,2,1.571,25.65,24.8670,25.9,1.588,27.07,4.05,-78,9.50,
2026-09-18T14:47:07,2,1.595,27.58,24.8700,25.9,1.590,27.20,4.04,-72,10.00,
2026-09-18T14:47:08,2,1.589,27.13,24.8680,25.9,1.591,27.26,4.03,-73,9.75,
2026-09-18T14:47:10,2,1.567,25.39,24.8650,25.9,1.584,26.75,4.06,-76,9.75,
2026-09-18T14:47:18,2,1.568,25.46,24.8680,25.9,1.586,26.87,4.06,-75,9.25,
2026-09-18T14:47:19,2,1.591,27.26,24.8690,25.9,1.588,27.07,4.04,-77,10.25,
2026-09-18T14:47:20,2,1.571,25.65,24.8630,25.9,1.584,26.68,4.05,-77,9.25,
2026-09-18T14:47:22,2,1.569,25.52,24.8580,25.9,1.585,26.81,4.06,-76,10.00,
2026-09-18T14:47:23,2,1.591,27.26,24.8620,25.9,1.596,27.65,4.02,-76,10.00,
2026-09-18T14:47:24,2,1.571,25.65,24.8590,25.9,1.588,27.00,4.04,-76,9.75,
2026-09-18T14:47:25,2,1.568,25.46,24.8560,25.9,1.584,26.75,4.06,-77,9.75,
2026-09-18T14:47:26,2,1.587,26.94,24.8500,25.9,1.594,27.52,4.02,-78,9.50,
2026-09-18T14:47:27,2,1.568,25.46,24.8480,25.9,1.583,26.62,4.07,-76,10.25,
2026-09-18T14:47:28,2,1.584,26.75,24.8530,25.9,1.587,26.94,4.04,-76,9.75,
2026-09-18T14:47:29,2,1.588,27.00,24.8510,25.9,1.594,27.52,4.03,-65,9.25,
2026-09-18T14:47:30,2,1.568,25.46,24.8500,25.9,1.585,26.81,4.06,-74,9.75,
2026-09-18T14:47:31,2,1.592,27.33,24.8420,25.9,1.592,27.39,4.02,-77,9.50,
2026-09-18T14:47:32,2,1.567,25.39,24.8290,25.9,1.591,27.26,4.05,-78,10.00,
2026-09-18T14:47:34,2,1.567,25.39,24.8300,25.9,1.587,26.94,4.06,-76,9.50,
2026-09-18T14:47:35,2,1.590,27.20,24.8330,25.9,1.592,27.33,4.02,-75,9.75,11
2026-09-18T14:47:36,2,1.567,25.39,24.8310,25.9,1.586,26.87,4.06,-73,10.25,
2026-09-18T14:47:37,2,1.592,27.39,24.8330,25.9,1.590,27.20,4.04,-76,9.25,
2026-09-18T14:47:38,2,1.592,27.39,24.8390,25.9,1.591,27.26,4.03,-82,9.00,
2026-09-18T14:47:39,2,1.568,25.46,24.8320,25.9,1.587,26.94,4.06,-85,8.50,
2026-09-18T14:47:41,2,1.571,25.65,24.8340,25.9,1.590,27.20,4.05,-81,9.25,
2026-09-18T14:47:42,2,1.567,25.39,24.8360,25.9,1.586,26.87,4.06,-74,9.50,
2026-09-18T14:47:43,2,1.591,27.26,24.8310,25.9,1.595,27.58,4.02,-72,9.50,
2026-09-18T14:47:44,2,1.569,25.52,24.8370,25.9,1.588,27.07,4.05,-73,9.75,11
2026-09-18T14:47:46,2,1.593,27.45,24.8440,25.9,1.588,27.00,4.04,-74,10.00,
2026-09-18T14:47:47,2,1.589,27.13,24.8370,25.9,1.593,27.45,4.02,-72,9.75,
2026-09-18T14:47:48,2,1.566,25.26,24.8390,25.9,1.585,26.81,4.06,-67,10.00,
2026-09-18T14:47:49,2,1.590,27.20,24.8390,25.9,1.588,27.00,4.04,-69,9.75,
2026-09-18T14:47:50,2,1.589,27.13,24.8380,25.9,1.596,27.65,4.03,-71,9.50,
2026-09-18T14:47:51,2,1.574,25.91,24.8410,25.9,1.587,26.94,4.06,-88,7.50,
2026-09-18T14:47:52,2,1.595,27.58,24.8430,25.9,1.591,27.26,4.02,-84,9.25,
2026-09-18T14:48:01,2,1.596,27.71,24.8640,25.9,1.593,27.45,4.02,-76,9.75,
2026-09-18T14:48:02,2,1.571,25.71,24.8980,25.9,1.590,27.20,4.04,-69,10.25,
2026-09-18T14:48:03,2,1.568,25.46,24.9370,25.9,1.588,27.07,4.06,-65,9.50,
2026-09-18T14:48:04,2,1.596,27.65,24.9630,25.9,1.596,27.71,4.02,-65,9.50,
2026-09-18T14:48:05,2,1.570,25.59,24.9920,25.9,1.588,27.00,4.06,-72,9.50,
2026-09-18T14:48:06,2,1.596,27.71,25.0110,25.9,1.589,27.13,4.04,-72,9.50,
2026-09-18T14:48:07,2,1.592,27.39,25.0430,25.9,1.595,27.58,4.02,-74,10.00,
2026-09-18T14:48:09,2,1.571,25.71,25.0700,25.9,1.592,27.33,4.06,-71,9.50,
2026-09-18T14:48:10,2,1.592,27.39,25.0880,25.9,1.598,27.84,4.02,-66,10.25,
2026-09-18T14:48:11,2,1.576,26.10,25.1020,25.9,1.593,27.45,4.05,-74,9.75,
2026-09-18T14:48:12,2,1.571,25.65,25.1300,25.9,1.592,27.33,4.06,-76,9.75,
2026-09-18T14:48:13,2,1.595,27.58,25.1550,25.9,1.608,28.68,4.02,-70,9.75,
2026-09-18T14:48:14,2,1.573,25.84,25.1730,25.9,1.590,27.20,4.06,-71,9.75,
2026-09-18T14:48:15,2,1.598,27.84,25.2000,25.9,1.595,27.58,4.04,-70,9.75,
2026-09-18T14:48:16,2,1.594,27.52,25.2140,25.9,1.610,28.81,4.02,-69,9.75,
2026-09-18T14:48:17,2,1.572,25.78,25.2260,25.9,1.592,27.39,4.06,-70,9.50,
2026-09-18T14:48:18,2,1.596,27.71,25.2420,25.9,1.596,27.65,4.04,-70,9.75,
2026-09-18T14:48:19,2,1.584,26.68,25.2970,25.9,1.597,27.78,4.03,-70,9.50,
2026-09-18T14:48:21,2,1.573,25.84,25.2830,25.9,1.587,26.94,4.06,-69,10.00,
2026-09-18T14:48:22,2,1.595,27.58,25.2610,25.9,1.598,27.84,4.02,-69,9.25,
2026-09-18T14:48:23,2,1.573,25.84,25.2340,25.9,1.595,27.58,4.04,-69,9.50,
2026-09-18T14:48:24,2,1.573,25.84,25.2130,25.9,1.592,27.39,4.06,-68,9.50,
2026-09-18T14:48:25,2,1.593,27.45,25.1940,25.9,1.596,27.65,4.03,-69,9.50,
2026-09-18T14:48:26,2,1.571,25.71,25.1860,25.9,1.590,27.20,4.06,-70,9.75,
2026-09-18T14:48:27,2,1.593,27.45,25.1790,25.9,1.591,27.26,4.04,-69,10.50,
2026-09-18T14:48:28,2,1.592,27.39,25.1720,25.9,1.595,27.58,4.03,-70,9.50,
2026-09-18T14:48:29,2,1.570,25.59,25.1710,25.9,1.588,27.07,4.06,-72,9.75,
2026-09-18T14:48:30,2,1.598,27.84,25.1710,25.9,1.594,27.52,4.02,-70,9.75,
2026-09-18T14:48:31,2,1.575,25.97,25.1530,25.9,1.590,27.20,4.04,-70,10.00,
2026-09-18T14:48:33,2,1.573,25.84,25.1440,25.9,1.590,27.20,4.06,-69,10.00,
2026-09-18T14:48:34,2,1.590,27.20,25.1460,25.9,1.595,27.58,4.02,-71,10.00,
2026-09-18T14:48:35,2,1.573,25.84,25.1380,25.9,1.594,27.52,4.06,-71,9.75,
2026-09-18T14:48:42,2,1.594,27.52,25.1330,25.9,1.596,27.65,4.00,-57,6.75,
2026-09-18T14:48:43,2,1.572,25.78,25.1500,25.9,1.589,27.13,4.06,-71,9.75,
2026-09-18T14:48:45,2,1.597,27.78,25.1550,25.9,1.593,27.45,4.04,-76,9.50,
2026-09-18T14:48:46,2,1.595,27.58,25.1530,25.9,1.596,27.71,4.02,-73,10.00,
2026-09-18T14:48:47,2,1.570,25.59,25.1490,25.9,1.588,27.07,4.06,-73,9.75,
2026-09-18T14:48:48,2,1.596,27.71,25.1490,25.9,1.596,27.71,4.01,-71,10.00,
2026-09-18T14:48:49,2,1.591,27.26,25.1540,25.9,1.592,27.33,4.02,-71,10.00,
2026-09-18T14:48:50,2,1.571,25.65,25.1530,25.9,1.588,27.07,4.06,-71,10.00,
2026-09-18T14:48:51,2,1.594,27.52,25.1600,25.9,1.595,27.58,4.02,-71,9.75,
2026-09-18T14:48:52,2,1.571,25.71,25.1640,25.9,1.590,27.20,4.06,-71,9.75,
2026-09-18T14:48:53,2,1.573,25.84,25.1610,25.9,1.587,26.94,4.06,-71,9.25,
2026-09-18T14:48:54,2,1.592,27.33,25.1600,25.9,1.595,27.58,4.02,-71,9.75,
2026-09-18T14:48:56,2,1.571,25.71,25.1520,25.9,1.584,26.75,4.06,-71,9.75,
2026-09-18T14:48:57,2,1.595,27.58,25.1500,25.9,1.596,27.65,4.04,-71,10.00,
2026-09-18T14:48:58,2,1.592,27.39,25.1490,25.9,1.597,27.78,4.02,-77,10.00,
2026-09-18T14:48:59,2,1.571,25.65,25.1480,25.9,1.588,27.00,4.06,-72,9.75,
2026-09-18T14:49:00,2,1.594,27.52,25.1540,25.9,1.598,27.84,4.02,-71,9.75,
2026-09-18T14:49:01,2,1.574,25.91,25.1560,25.9,1.595,27.58,4.05,-76,9.50,
2026-09-18T14:49:02,2,1.572,25.78,25.1560,25.9,1.591,27.26,4.06,-80,9.50,
2026-09-18T14:49:03,2,1.595,27.58,25.1430,25.9,1.596,27.71,4.02,-86,9.00,
2026-09-18T14:49:04,2,1.572,25.78,25.1440,25.9,1.591,27.26,4.06,-82,9.25,
2026-09-18T14:49:05,2,1.595,27.58,25.1440,25.9,1.593,27.45,4.04,-91,7.00,
2026-09-18T14:49:06,2,1.592,27.39,25.1420,25.9,1.596,27.71,4.02,-75,10.25,
2026-09-18T14:49:08,2,1.571,25.65,25.1390,25.9,1.589,27.13,4.06,-77,9.25,12
2026-09-18T14:49:09,2,1.595,27.58,25.1410,25.9,1.598,27.84,4.02,-76,9.75,
2026-09-18T14:49:10,2,1.572,25.78,25.1410,25.9,1.588,27.07,4.04,-76,9.75,
2026-09-18T14:49:11,2,1.574,25.91,25.1300,25.9,1.587,26.94,4.06,-76,9.75,
2026-09-18T14:49:12,2,1.595,27.58,25.1270,25.9,1.609,28.74,4.02,-75,9.75,
2026-09-18T14:49:13,2,1.571,25.71,25.1350,25.9,1.590,27.20,4.06,-77,9.75,
2026-09-18T14:49:14,2,1.599,27.91,25.1370,25.9,1.592,27.33,4.04,-80,9.75,
2026-09-18T14:49:15,2,1.592,27.39,25.1350,25.9,1.596,27.71,4.02,-81,9.00,
2026-09-18T14:49:16,2,1.571,25.71,25.1410,25.9,1.592,27.33,4.06,-77,9.50,
2026-09-18T14:49:17,2,1.597,27.78,25.1450,25.9,1.597,27.78,4.02,-79,9.75,
2026-09-18T14:49:25,2,1.571,25.71,25.1330,25.9,1.590,27.20,4.00,-60,7.00,
2026-09-18T14:49:26,2,1.596,27.71,25.1490,25.9,1.598,27.84,4.02,-72,9.75,
2026-09-18T14:49:27,2,1.594,27.52,25.1470,25.9,1.596,27.71,4.03,-74,10.00,
2026-09-18T14:49:28,2,1.571,25.71,25.1530,25.9,1.588,27.00,4.06,-73,9.75,
2026-09-18T14:49:29,2,1.601,28.10,25.1510,25.9,1.595,27.58,4.03,-72,9.50,
2026-09-18T14:49:30,2,1.571,25.71,25.1600,25.9,1.588,27.07,4.04,-77,9.75,
2026-09-18T14:49:32,2,1.571,25.71,25.1630,25.9,1.583,26.62,4.05,-71,9.75,
2026-09-18T14:49:33,2,1.596,27.65,25.1480,25.9,1.594,27.52,4.02,-71,10.00,
2026-09-18T14:49:34,2,1.570,25.59,25.1510,25.9,1.589,27.13,4.06,-73,10.00,
2026-09-18T14:49:35,2,1.596,27.71,25.1550,25.9,1.592,27.39,4.04,-72,10.00,
2026-09-18T14:49:36,2,1.594,27.52,25.1490,25.9,1.596,27.71,4.03,-73,9.75,
2026-09-18T14:49:37,2,1.571,25.65,25.1500,25.9,1.587,26.94,4.06,-72,9.75,
2026-09-18T14:49:38,2,1.596,27.71,25.1500,25.9,1.596,27.65,4.02,-73,10.25,
2026-09-18T14:49:39,2,1.573,25.84,25.1560,25.9,1.592,27.33,4.04,-74,11.00,
2026-09-18T14:49:40,2,1.571,25.65,25.1560,25.9,1.588,27.07,4.06,-74,9.75,
2026-09-18T14:49:41,2,1.594,27.52,25.1560,25.9,1.596,27.65,4.03,-75,9.50,
2026-09-18T14:49:42,2,1.570,25.59,25.1700,25.9,1.592,27.39,4.06,-74,10.00,
2026-09-18T14:49:44,2,1.597,27.78,25.1640,25.9,1.594,27.52,4.04,-74,9.50,
2026-09-18T14:49:45,2,1.592,27.39,25.1640,25.9,1.596,27.65,4.03,-73,9.75,
2026-09-18T14:49:46,2,1.572,25.78,25.1620,25.9,1.590,27.20,4.06,-73,10.25,
2026-09-18T14:49:47,2,1.596,27.71,25.1640,25.9,1.598,27.84,4.02,-73,10.00,
2026-09-18T14:49:48,2,1.572,25.78,25.1580,25.9,1.593,27.45,4.04,-74,9.75,
2026-09-18T14:49:49,2,1.573,25.84,25.1550,25.9,1.590,27.20,4.06,-75,9.50,
2026-09-18T14:49:50,2,1.595,27.58,25.1560,25.9,1.592,27.33,4.03,-75,9.25,
2026-09-18T14:49:51,2,1.570,25.59,25.1580,25.9,1.589,27.13,4.06,-75,9.25,
2026-09-18T14:49:52,2,1.571,25.71,25.1630,25.9,1.591,27.26,4.06,-74,10.00,
2026-09-18T14:49:53,2,1.599,27.91,25.1730,25.9,1.596,27.71,4.02,-75,9.75,
2026-09-18T14:49:55,2,1.571,25.65,25.1670,25.9,1.589,27.13,4.06,-74,9.75,
2026-09-18T14:49:56,2,1.600,27.97,25.1710,25.9,1.597,27.78,4.01,-74,9.50,
2026-09-18T14:49:57,2,1.594,27.52,25.1690,25.9,1.595,27.58,4.03,-74,9.25,
2026-09-18T14:49:58,2,1.572,25.78,25.1660,25.9,1.592,27.33,4.06,-74,9.75,
2026-09-18T14:49:59,2,1.596,27.65,25.1580,25.9,1.597,27.78,4.02,-74,10.00,
2026-09-18T14:50:00,2,1.572,25.78,25.1490,25.9,1.591,27.26,4.06,-74,10.50,
2026-09-18T14:50:08,2,1.598,27.84,25.1270,25.9,1.597,27.78,4.02,-70,9.75,
2026-09-18T14:50:09,2,1.573,25.84,25.1270,25.9,1.593,27.45,4.04,-75,9.50,
2026-09-18T14:50:10,2,1.572,25.78,25.1240,25.9,1.589,27.13,4.06,-74,9.75,
2026-09-18T14:50:11,2,1.592,27.33,25.1230,25.9,1.596,27.65,4.02,-75,9.50,
2026-09-18T14:50:12,2,1.571,25.71,25.1190,25.9,1.588,27.00,4.06,-75,9.75,
2026-09-18T14:50:13,2,1.596,27.71,25.1130,25.9,1.588,27.07,4.04,-75,9.50,
2026-09-18T14:50:14,2,1.591,27.26,25.1020,25.9,1.596,27.71,4.03,-75,9.75,
2026-09-18T14:50:15,2,1.569,25.52,25.1030,25.9,1.591,27.26,4.06,-73,9.75,
2026-09-18T14:50:16,2,1.596,27.71,25.0990,25.9,1.596,27.71,4.02,-74,9.75,
2026-09-18T14:50:17,2,1.573,25.84,25.0910,25.9,1.592,27.33,4.04,-74,10.00,
2026-09-18T14:50:19,2,1.571,25.65,25.0990,25.9,1.588,27.00,4.06,-74,10.00,
2026-09-18T14:50:20,2,1.593,27.45,25.1050,25.9,1.593,27.45,4.01,-74,10.00,
2026-09-18T14:50:21,2,1.573,25.84,25.1120,25.9,1.590,27.20,4.06,-74,9.75,
2026-09-18T14:50:22,2,1.596,27.65,25.1100,25.9,1.592,27.33,4.04,-75,10.00,
2026-09-18T14:50:23,2,1.594,27.52,25.1110,25.9,1.596,27.65,4.02,-75,9.75,
2026-09-18T14:50:24,2,1.572,25.78,25.1230,25.9,1.588,27.00,4.06,-72,9.50,
2026-09-18T14:50:25,2,1.597,27.78,25.1320,25.9,1.592,27.39,4.02,-72,9.50,
2026-09-18T14:50:26,2,1.593,27.45,25.1420,25.9,1.594,27.52,4.02,-69,10.00,
2026-09-18T14:50:27,2,1.571,25.71,25.1350,25.9,1.590,27.20,4.06,-74,10.00,
2026-09-18T14:50:28,2,1.596,27.71,25.1180,25.9,1.589,27.13,4.02,-69,9.50,
2026-09-18T14:50:29,2,1.571,25.71,25.1210,25.9,1.589,27.13,4.06,-75,9.75,
2026-09-18T14:50:31,2,1.571,25.65,25.1220,25.9,1.588,27.07,4.06,-69,9.75,
2026-09-18T14:50:32,2,1.592,27.39,25.1200,25.9,1.596,27.65,4.02,-73,10.00,
2026-09-18T14:50:33,2,1.574,25.91,25.1220,25.9,1.586,26.87,4.06,-69,10.00,
2026-09-18T14:50:34,2,1.599,27.91,25.1220,25.9,1.597,27.78,4.01,-67,9.75,
2026-09-18T14:50:35,2,1.594,27.52,25.1230,25.9,1.592,27.39,4.02,-70,9.75,
2026-09-18T14:50:36,2,1.571,25.65,25.1260,25.9,1.590,27.20,4.06,-72,9.75,
2026-09-18T14:50:37,2,1.597,27.78,25.1340,25.9,1.595,27.58,4.02,-76,10.00,
2026-09-18T14:50:38,2,1.571,25.65,25.1370,25.9,1.588,27.00,4.04,-72,9.75,
2026-09-18T14:50:39,2,1.573,25.84,25.1230,25.9,1.588,27.07,4.06,-72,10.00,
2026-09-18T14:50:40,2,1.592,27.39,25.1210,25.9,1.596,27.65,4.02,-74,9.75,
2026-09-18T14:50:41,2,1.571,25.65,25.1370,25.9,1.591,27.26,4.06,-73,9.75,
2026-09-18T14:50:43,2,1.594,27.52,25.1360,25.9,1.592,27.33,4.04,-74,10.25,
2026-09-18T14:50:50,2,1.571,25.65,25.1300,25.9,1.588,27.00,4.06,-74,9.50,
2026-09-18T14:50:51,2,1.597,27.78,25.1310,25.9,1.592,27.33,4.04,-74,10.50,
2026-09-18T14:50:52,2,1.592,27.33,25.1320,25.9,1.595,27.58,4.02,-75,9.50,
2026-09-18T14:50:53,2,1.571,25.65,25.1420,25.9,1.589,27.13,4.06,-72,9.75,
2026-09-18T14:50:55,2,1.599,27.91,25.1390,25.9,1.597,27.78,4.02,-74,10.50,
2026-09-18T14:50:56,2,1.595,27.58,25.1470,25.9,1.596,27.65,4.02,-71,10.00,
2026-09-18T14:50:57,2,1.572,25.78,25.1490,25.9,1.590,27.20,4.06,-71,9.75,
2026-09-18T14:50:58,2,1.597,27.78,25.1480,25.9,1.596,27.71,4.02,-75,10.00,
2026-09-18T14:50:59,2,1.571,25.71,25.1590,25.9,1.588,27.07,4.05,-73,9.50,
2026-09-18T14:51:00,2,1.575,25.97,25.1660,25.9,1.588,27.00,4.06,-75,9.50,
2026-09-18T14:51:01,2,1.592,27.39,25.1550,25.9,1.594,27.52,4.02,-75,9.75,
2026-09-18T14:51:02,2,1.571,25.71,25.1600,25.9,1.588,27.07,4.06,-74,9.75,
2026-09-18T14:51:03,2,1.597,27.78,25.1550,25.9,1.596,27.71,4.01,-75,10.50,
2026-09-18T14:51:04,2,1.592,27.33,25.1510,25.9,1.594,27.52,4.02,-75,9.75,
2026-09-18T14:51:06,2,1.571,25.71,25.1500,25.9,1.588,27.00,4.06,-74,9.75,
2026-09-18T14:51:07,2,1.595,27.58,25.1530,25.9,1.596,27.65,4.02,-75,9.50,
2026-09-18T14:51:08,2,1.571,25.71,25.1550,25.9,1.588,27.00,4.06,-72,9.50,
2026-09-18T14:51:09,2,1.570,25.59,25.1500,25.9,1.589,27.13,4.06,-87,8.75,
2026-09-18T14:51:10,2,1.592,27.39,25.1430,25.9,1.596,27.65,4.02,-78,10.00,
2026-09-18T14:51:11,2,1.570,25.59,25.1390,25.9,1.588,27.07,4.06,-76,9.50,
2026-09-18T14:51:12,2,1.596,27.71,25.1440,25.9,1.596,27.65,4.04,-71,10.25,
2026-09-18T14:51:13,2,1.593,27.45,25.1400,25.9,1.593,27.45,4.02,-72,9.75,
2026-09-18T14:51:14,2,1.571,25.65,25.1360,25.9,1.588,27.07,4.06,-72,10.00,
2026-09-18T14:51:15,2,1.596,27.65,25.1460,25.9,1.598,27.84,4.02,-72,11.00,
2026-09-18T14:51:16,2,1.572,25.78,25.1410,25.9,1.592,27.39,4.04,-72,10.00,
2026-09-18T14:51:18,2,1.573,25.84,25.1480,25.9,1.584,26.68,4.06,-71,9.75,
2026-09-18T14:51:19,2,1.595,27.58,25.1440,25.9,1.596,27.71,4.02,-70,10.00,
2026-09-18T14:51:20,2,1.571,25.65,25.1440,25.9,1.589,27.13,4.06,-70,10.00,
2026-09-18T14:51:21,2,1.571,25.71,25.1460,25.9,1.593,27.45,4.06,-71,9.75,
2026-09-18T14:51:22,2,1.595,27.58,25.1440,25.9,1.595,27.58,4.01,-71,10.25,
2026-09-18T14:51:23,2,1.572,25.78,25.1490,25.9,1.590,27.20,4.06,-71,9.75,
2026-09-18T14:51:24,2,1.596,27.71,25.1470,25.9,1.596,27.71,4.02,-71,10.25,
2026-09-18T14:51:33,2,1.598,27.84,25.1640,25.9,1.596,27.65,4.01,-73,9.75,
2026-09-18T14:51:34,2,1.593,27.45,25.1600,25.9,1.595,27.58,4.02,-75,9.75,
2026-09-18T14:51:35,2,1.572,25.78,25.1600,25.9,1.588,27.07,4.06,-75,9.25,
2026-09-18T14:51:36,2,1.596,27.65,25.1550,25.9,1.592,27.33,4.02,-74,10.25,
2026-09-18T14:51:37,2,1.568,25.46,25.1560,25.9,1.588,27.00,4.06,-74,9.75,
2026-09-18T14:51:38,2,1.574,25.91,25.1520,25.9,1.590,27.20,4.06,-74,9.75,
2026-09-18T14:51:39,2,1.594,27.52,25.1530,25.9,1.596,27.71,4.02,-71,10.75,
2026-09-18T14:51:42,2,1.601,28.10,25.1490,25.9,1.596,27.65,4.01,-71,10.25,
2026-09-18T14:51:43,2,1.593,27.45,25.1470,25.9,1.596,27.71,4.02,-70,9.75,
2026-09-18T14:51:44,2,1.571,25.65,25.1480,25.9,1.591,27.26,4.06,-71,9.75,
2026-09-18T14:51:45,2,1.595,27.58,25.1440,25.9,1.596,27.71,4.02,-70,9.75,
2026-09-18T14:51:46,2,1.572,25.78,25.1440,25.9,1.587,26.94,4.06,-68,9.25,
2026-09-18T14:51:47,2,1.571,25.71,25.1380,25.9,1.590,27.20,4.06,-69,9.50,
2026-09-18T14:51:48,2,1.592,27.39,25.1380,25.9,1.595,27.58,4.02,-70,10.00,
2026-09-18T14:51:49,2,1.571,25.65,25.1350,25.9,1.590,27.20,4.06,-70,9.75,
2026-09-18T14:51:50,2,1.571,25.71,25.1310,25.9,1.588,27.07,4.06,-68,9.50,
2026-09-18T14:51:51,2,1.592,27.33,25.1200,25.9,1.598,27.84,4.02,-70,9.75,
2026-09-18T14:51:52,2,1.571,25.65,25.1230,25.9,1.589,27.13,4.06,-69,9.75,
2026-09-18T14:51:54,2,1.593,27.45,25.1340,25.9,1.594,27.52,4.01,-70,9.50,
2026-09-18T14:51:55,2,1.595,27.58,25.1280,25.9,1.596,27.71,4.02,-70,9.50,
2026-09-18T14:51:56,2,1.569,25.52,25.1290,25.9,1.591,27.26,4.06,-71,9.25,
2026-09-18T14:51:57,2,1.595,27.58,25.1240,25.9,1.596,27.71,4.02,-71,10.00,
2026-09-18T14:51:58,2,1.571,25.65,25.1310,25.9,1.589,27.13,4.06,-71,9.75,
2026-09-18T14:51:59,2,1.572,25.78,25.1320,25.9,1.589,27.13,4.06,-71,10.25,
2026-09-18T14:52:00,2,1.592,27.39,25.1260,25.9,1.596,27.71,4.02,-71,10.00,
2026-09-18T14:52:01,2,1.571,25.65,25.1230,25.9,1.589,27.13,4.06,-69,9.50,
2026-09-18T14:52:02,2,1.598,27.84,25.1280,25.9,1.597,27.78,4.01,-70,10.00,
2026-09-18T14:52:03,2,1.592,27.33,25.1280,25.9,1.596,27.65,4.02,-70,9.50,
2026-09-18T14:52:05,2,1.570,25.59,25.1330,25.9,1.589,27.13,4.05,-70,9.75,
2026-09-18T14:52:06,2,1.597,27.78,25.1300,25.9,1.596,27.71,4.02,-70,9.75,
2026-09-18T14:52:07,2,1.563,25.07,25.1400,25.9,1.588,27.00,4.06,-70,9.75,
2026-09-18T14:52:08,2,1.571,25.71,25.1360,25.9,1.590,27.20,4.06,-70,9.50,
2026-09-18T14:52:15,2,1.590,27.20,25.1760,25.9,1.593,27.45,4.04,-70,10.00,
2026-09-18T14:52:17,2,1.571,25.65,25.1820,25.9,1.589,27.13,4.06,-70,9.75,
2026-09-18T14:52:18,2,1.605,28.42,25.1820,25.9,1.597,27.78,4.02,-70,9.50,
2026-09-18T14:52:19,2,1.573,25.84,25.1820,25.9,1.591,27.26,4.06,-70,9.75,
2026-09-18T14:52:20,2,1.578,26.23,25.1850,25.9,1.592,27.39,4.04,-69,9.50,
2026-09-18T14:52:21,2,1.595,27.58,25.1770,25.9,1.596,27.65,4.02,-71,9.50,
2026-09-18T14:52:22,2,1.571,25.71,25.1760,25.9,1.589,27.13,4.06,-71,9.50,
2026-09-18T14:52:23,2,1.599,27.91,25.1770,25.9,1.596,27.71,4.02,-71,10.00,
2026-09-18T14:52:24,2,1.592,27.33,25.1770,25.9,1.590,27.20,4.04,-71,9.75,
2026-09-18T14:52:25,2,1.572,25.78,25.1870,25.9,1.587,26.94,4.06,-71,9.50,
2026-09-18T14:52:26,2,1.588,27.07,25.1810,25.9,1.596,27.65,4.02,-70,9.75,
2026-09-18T14:52:27,2,1.573,25.84,25.1850,25.9,1.587,26.94,4.06,-71,9.75,
2026-09-18T14:52:29,2,1.572,25.78,25.1830,25.9,1.589,27.13,4.06,-71,9.75,
2026-09-18T14:52:30,2,1.595,27.58,25.1840,25.9,1.596,27.65,4.02,-71,9.50,
2026-09-18T14:52:31,2,1.576,26.10,25.1770,25.9,1.591,27.26,4.06,-70,9.75,
2026-09-18T14:52:32,2,1.600,27.97,25.1710,25.9,1.597,27.78,4.02,-70,9.75,
2026-09-18T14:52:33,2,1.596,27.65,25.1750,25.9,1.595,27.58,4.02,-70,9.50,
2026-09-18T14:52:34,2,1.569,25.52,25.1740,25.9,1.590,27.20,4.06,-69,9.75,
2026-09-18T14:52:35,2,1.596,27.71,25.1670,25.9,1.595,27.58,4.02,-70,9.75,
2026-09-18T14:52:36,2,1.591,27.26,25.1550,25.9,1.592,27.39,4.04,-70,9.75,
2026-09-18T14:52:37,2,1.571,25.71,25.1530,25.9,1.589,27.13,4.06,-71,9.50,
2026-09-18T14:52:38,2,1.593,27.45,25.1490,25.9,1.596,27.71,4.02,-70,9.50,
2026-09-18T14:52:39,2,1.571,25.65,25.1480,25.9,1.589,27.13,4.06,-69,9.25,
2026-09-18T14:52:41,2,1.575,25.97,25.1530,25.9,1.595,27.58,4.04,-70,9.75,
2026-09-18T14:52:42,2,1.592,27.33,25.1600,25.9,1.594,27.52,4.03,-70,9.25,
2026-09-18T14:52:43,2,1.571,25.65,25.1610,25.9,1.588,27.07,4.06,-70,9.50,
2026-09-18T14:52:44,2,1.597,27.78,25.1600,25.9,1.596,27.71,4.01,-70,9.50,
2026-09-18T14:52:45,2,1.594,27.52,25.1560,25.9,1.595,27.58,4.04,-70,9.75,
2026-09-18T14:52:46,2,1.571,25.71,25.1580,25.9,1.590,27.20,4.06,-71,9.75,
2026-09-18T14:52:47,2,1.596,27.71,25.1520,25.9,1.593,27.45,4.01,-71,9.75,
2026-09-18T14:52:48,2,1.571,25.65,25.1470,25.9,1.590,27.20,4.06,-70,9.50,
2026-09-18T14:52:49,2,1.575,26.04,25.1560,25.9,1.592,27.33,4.03,-69,9.50,
2026-09-18T14:52:58,2,1.575,25.97,25.1600,25.9,1.595,27.58,4.04,-70,9.25,
2026-09-18T14:52:59,2,1.593,27.45,25.1600,25.9,1.595,27.58,4.02,-70,9.25,
2026-09-18T14:53:00,2,1.572,25.78,25.1660,25.9,1.589,27.13,4.06,-70,9.50,
2026-09-18T14:53:01,2,1.575,25.97,25.1630,25.9,1.594,27.52,4.04,-69,10.00,
2026-09-18T14:53:02,2,1.585,26.81,25.1550,25.9,1.592,27.39,4.02,-70,9.75,
2026-09-18T14:53:03,2,1.573,25.84,25.1560,25.9,1.591,27.26,4.06,-69,9.75,
2026-09-18T14:53:05,2,1.596,27.71,25.1540,25.9,1.599,27.91,4.02,-70,9.75,
2026-09-18T14:53:06,2,1.590,27.20,25.1570,25.9,1.589,27.13,4.04,-70,9.75,
2026-09-18T14:53:07,2,1.571,25.71,25.1610,25.9,1.590,27.20,4.06,-69,9.50,
2026-09-18T14:53:08,2,1.597,27.78,25.1630,25.9,1.596,27.65,4.02,-70,9.75,
2026-09-18T14:53:09,2,1.571,25.65,25.1580,25.9,1.590,27.20,4.06,-70,9.75,
2026-09-18T14:53:10,2,1.572,25.78,25.1580,25.9,1.592,27.39,4.04,-70,9.50,
2026-09-18T14:53:11,2,1.595,27.58,25.1520,25.9,1.596,27.71,4.02,-70,10.00,
2026-09-18T14:53:12,2,1.569,25.52,25.1530,25.9,1.589,27.13,4.06,-69,9.75,
2026-09-18T14:53:13,2,1.600,28.04,25.1500,25.9,1.594,27.52,4.02,-70,9.75,
2026-09-18T14:53:14,2,1.591,27.26,25.1510,25.9,1.592,27.33,4.04,-70,10.00,
2026-09-18T14:53:16,2,1.571,25.71,25.1500,25.9,1.590,27.20,4.06,-70,9.50,
2026-09-18T14:53:17,2,1.595,27.58,25.1520,25.9,1.595,27.58,4.02,-69,9.50,
2026-09-18T14:53:18,2,1.570,25.59,25.1520,25.9,1.589,27.13,4.06,-69,9.50,
2026-09-18T14:53:19,2,1.575,26.04,25.1540,25.9,1.591,27.26,4.04,-69,10.25,
2026-09-18T14:53:20,2,1.596,27.71,25.1500,25.9,1.596,27.65,4.02,-69,10.00,
2026-09-18T14:53:21,2,1.571,25.65,25.1560,25.9,1.591,27.26,4.06,-69,10.00,
2026-09-18T14:53:22,2,1.596,27.65,25.1560,25.9,1.596,27.71,4.03,-69,9.75,
2026-09-18T14:53:23,2,1.588,27.00,25.1500,25.9,1.592,27.39,4.04,-69,9.50,
2026-09-18T14:53:24,2,1.571,25.65,25.1540,25.9,1.592,27.33,4.06,-69,9.50,
2026-09-18T14:53:25,2,1.598,27.84,25.1510,25.9,1.596,27.71,4.02,-69,9.50,
2026-09-18T14:53:26,2,1.589,27.13,25.1520,25.9,1.592,27.33,4.04,-70,10.00,
2026-09-18T14:53:28,2,1.575,25.97,25.1530,25.9,1.594,27.52,4.04,-70,9.75,
2026-09-18T14:53:29,2,1.594,27.52,25.1560,25.9,1.596,27.65,4.02,-70,9.75,
2026-09-18T14:53:30,2,1.571,25.65,25.1500,25.9,1.595,27.58,4.06,-70,9.50,
2026-09-18T14:53:31,2,1.571,25.71,25.1560,25.9,1.592,27.33,4.04,-70,9.50,
2026-09-18T14:53:32,2,1.590,27.20,25.1560,25.9,1.592,27.33,4.04,-69,9.75,
2026-09-18T14:53:33,2,1.575,25.97,25.1560,25.9,1.591,27.26,4.06,-69,9.75,
2026-09-18T14:53:41,2,1.592,27.33,25.1330,25.9,1.596,27.65,4.02,-69,9.75,
2026-09-18T14:53:42,2,1.572,25.78,25.1330,25.9,1.590,27.20,4.06,-69,9.50,
2026-09-18T14:53:43,2,1.599,27.91,25.1400,25.9,1.596,27.71,4.02,-70,9.75,
2026-09-18T14:53:44,2,1.590,27.20,25.1280,25.9,1.592,27.39,4.04,-70,9.50,
2026-09-18T14:53:45,2,1.571,25.65,25.1260,25.9,1.590,27.20,4.06,-69,9.50,
2026-09-18T14:53:46,2,1.594,27.52,25.1230,25.9,1.596,27.71,4.02,-69,10.25,
2026-09-18T14:53:47,2,1.571,25.65,25.1240,25.9,1.590,27.20,4.06,-70,9.75,
2026-09-18T14:53:48,2,1.576,26.10,25.1330,25.9,1.596,27.71,4.04,-69,9.75,
2026-09-18T14:53:49,2,1.594,27.52,25.1300,25.9,1.598,27.84,4.02,-69,9.75,
2026-09-18T14:53:50,2,1.573,25.84,25.1310,25.9,1.589,27.13,4.06,-69,9.50,
2026-09-18T14:53:52,2,1.574,25.91,25.1260,25.9,1.594,27.52,4.04,-69,10.25,
2026-09-18T14:53:53,2,1.592,27.33,25.1230,25.9,1.592,27.33,4.04,-70,9.25,
2026-09-18T14:53:54,2,1.573,25.84,25.1290,25.9,1.588,27.00,4.06,-69,9.00,
2026-09-18T14:53:55,2,1.597,27.78,25.1320,25.9,1.607,28.55,4.02,-69,9.75,
2026-09-18T14:53:56,2,1.592,27.39,25.1230,25.9,1.594,27.52,4.04,-70,9.75,
2026-09-18T14:53:57,2,1.572,25.78,25.1200,25.9,1.593,27.45,4.04,-68,10.25,
2026-09-18T14:53:58,2,1.593,27.45,25.1260,25.9,1.596,27.65,4.02,-69,10.00,
2026-09-18T14:53:59,2,1.571,25.71,25.1310,25.9,1.591,27.26,4.06,-69,10.25,
2026-09-18T14:54:00,2,1.570,25.59,25.1440,25.9,1.594,27.52,4.04,-69,9.75,
2026-09-18T14:54:01,2,1.590,27.20,25.1580,25.9,1.592,27.39,4.04,-69,9.75,
2026-09-18T14:54:02,2,1.571,25.65,25.1530,25.9,1.588,27.07,4.06,-69,9.50,
2026-09-18T14:54:04,2,1.611,28.87,25.1610,25.9,1.596,27.65,4.02,-70,10.00,
2026-09-18T14:54:05,2,1.590,27.20,25.1610,25.9,1.592,27.39,4.04,-70,9.50,
2026-09-18T14:54:06,2,1.574,25.91,25.1620,25.9,1.593,27.45,4.03,-70,9.50,
2026-09-18T14:54:07,2,1.596,27.65,25.1600,25.9,1.597,27.78,4.02,-69,10.00,
2026-09-18T14:54:08,2,1.571,25.71,25.1480,25.9,1.589,27.13,4.06,-70,9.25,
2026-09-18T14:54:09,2,1.577,26.17,25.1490,25.9,1.584,26.68,4.04,-69,9.75,
2026-09-18T14:54:10,2,1.591,27.26,25.1490,25.9,1.593,27.45,4.04,-69,9.50,
2026-09-18T14:54:11,2,1.571,25.71,25.1560,25.9,1.588,27.07,4.06,-69,9.75,
2026-09-18T14:54:12,2,1.601,28.10,25.1650,25.9,1.600,27.97,4.01,-70,10.50,
2026-09-18T14:54:13,2,1.590,27.20,25.1650,25.9,1.591,27.26,4.04,-69,9.75,
2026-09-18T14:54:15,2,1.577,26.17,25.1600,25.9,1.592,27.33,4.06,-71,9.50,
2026-09-18T14:54:23,2,1.571,25.71,25.1540,25.9,1.592,27.33,4.06,-80,8.50,
2026-09-18T14:54:24,2,1.597,27.78,25.1430,25.9,1.596,27.65,4.02,-78,9.50,
2026-09-18T14:54:25,2,1.589,27.13,25.1480,25.9,1.592,27.39,4.04,-79,9.75,
2026-09-18T14:54:27,2,1.575,26.04,25.1450,25.9,1.596,27.65,4.04,-78,10.00,
2026-09-18T14:54:28,2,1.596,27.71,25.1480,25.9,1.593,27.45,4.02,-78,9.75,
2026-09-18T14:54:29,2,1.571,25.71,25.1460,25.9,1.588,27.07,4.06,-77,9.50,
2026-09-18T14:54:30,2,1.573,25.84,25.1520,25.9,1.599,27.91,4.04,-77,10.50,
2026-09-18T14:54:31,2,1.590,27.20,25.1440,25.9,1.591,27.26,4.04,-71,9.75,
2026-09-18T14:54:32,2,1.575,25.97,25.1290,25.9,1.590,27.20,4.06,-76,9.50,
2026-09-18T14:54:33,2,1.600,28.04,25.1290,25.9,1.600,28.04,4.02,-74,9.75,
2026-09-18T14:54:34,2,1.590,27.20,25.1300,25.9,1.590,27.20,4.04,-71,10.25,
2026-09-18T14:54:35,2,1.575,25.97,25.1280,25.9,1.596,27.65,4.03,-67,9.75,
2026-09-18T14:54:36,2,1.596,27.65,25.1160,25.9,1.596,27.65,4.02,-79,10.00,
2026-09-18T14:54:37,2,1.571,25.65,25.1190,25.9,1.590,27.20,4.06,-73,9.50,
2026-09-18T14:54:39,2,1.574,25.91,25.1180,25.9,1.596,27.71,4.04,-71,10.00,
2026-09-18T14:54:40,2,1.592,27.33,25.1200,25.9,1.592,27.33,4.04,-72,9.75,
2026-09-18T14:54:41,2,1.569,25.52,25.1250,25.9,1.590,27.20,4.06,-71,9.75,
2026-09-18T14:54:42,2,1.600,27.97,25.1200,25.9,1.596,27.71,4.01,-71,10.25,
2026-09-18T14:54:43,2,1.603,28.23,25.1210,25.9,1.591,27.26,4.04,-72,10.00,
2026-09-18T14:54:44,2,1.573,25.84,25.1350,25.9,1.596,27.65,4.04,-72,9.75,
2026-09-18T14:54:45,2,1.596,27.65,25.1380,25.9,1.597,27.78,4.02,-72,10.25,
2026-09-18T14:54:46,2,1.569,25.52,25.1430,25.9,1.589,27.13,4.06,-72,9.75,
2026-09-18T14:54:47,2,1.572,25.78,25.1440,25.9,1.592,27.39,4.04,-71,9.75,
2026-09-18T14:54:48,2,1.592,27.33,25.1470,25.9,1.592,27.39,4.04,-72,10.00,
2026-09-18T14:54:49,2,1.572,25.78,25.1470,25.9,1.589,27.13,4.06,-71,9.75,
2026-09-18T14:54:52,2,1.589,27.13,25.1560,25.9,1.592,27.33,4.04,-72,10.00,
2026-09-18T14:54:53,2,1.573,25.84,25.1540,25.9,1.592,27.33,4.06,-71,9.75,
2026-09-18T14:54:54,2,1.593,27.45,25.1540,25.9,1.596,27.71,4.02,-71,10.00,
2026-09-18T14:54:55,2,1.591,27.26,25.1560,25.9,1.592,27.39,4.04,-71,9.75,
2026-09-18T14:54:56,2,1.577,26.17,25.1570,25.9,1.595,27.58,4.04,-71,10.25,
2026-09-18T14:54:57,2,1.595,27.58,25.1510,25.9,1.596,27.71,4.02,-71,12.50,
2026-09-18T14:54:58,2,1.573,25.84,25.1550,25.9,1.600,27.97,4.06,-76,9.75,
2026-09-18T14:55:06,2,1.593,27.45,25.1390,25.9,1.596,27.65,4.02,-70,7.75,
2026-09-18T14:55:07,2,1.571,25.71,25.1410,25.9,1.592,27.33,4.06,-77,9.50,
2026-09-18T14:55:08,2,1.572,25.78,25.1410,25.9,1.592,27.39,4.04,-77,9.75,
2026-09-18T14:55:09,2,1.590,27.20,25.1430,25.9,1.595,27.58,4.04,-76,9.75,
2026-09-18T14:55:10,2,1.572,25.78,25.1340,25.9,1.588,27.00,4.06,-79,9.50,
2026-09-18T14:55:11,2,1.600,27.97,25.1310,25.9,1.596,27.71,4.01,-80,9.25,
2026-09-18T14:55:12,2,1.589,27.13,25.1360,25.9,1.592,27.33,4.04,-76,10.00,
2026-09-18T14:55:14,2,1.573,25.84,25.1420,25.9,1.596,27.65,4.04,-74,10.00,
2026-09-18T14:55:15,2,1.595,27.58,25.1440,25.9,1.595,27.58,4.02,-75,9.50,
2026-09-18T14:55:16,2,1.572,25.78,25.1480,25.9,1.595,27.58,4.06,-75,9.75,
2026-09-18T14:55:17,2,1.575,25.97,25.1570,25.9,1.592,27.39,4.04,-75,10.25,
2026-09-18T14:55:18,2,1.591,27.26,25.1540,25.9,1.594,27.52,4.04,-74,10.00,
2026-09-18T14:55:19,2,1.573,25.84,25.1540,25.9,1.589,27.13,4.06,-76,9.25,
2026-09-18T14:55:20,2,1.575,25.97,25.1560,25.9,1.591,27.26,4.04,-76,9.75,
2026-09-18T14:55:21,2,1.594,27.52,25.1620,25.9,1.594,27.52,4.04,-74,9.75,
2026-09-18T14:55:22,2,1.574,25.91,25.1700,25.9,1.594,27.52,4.04,-75,10.25,
2026-09-18T14:55:23,2,1.598,27.84,25.1750,25.9,1.597,27.78,4.02,-74,10.00,
2026-09-18T14:55:24,2,1.592,27.33,25.1710,25.9,1.598,27.84,4.04,-74,9.75,
2026-09-18T14:55:26,2,1.575,26.04,25.1750,25.9,1.593,27.45,4.04,-74,10.00,
2026-09-18T14:55:27,2,1.592,27.33,25.1760,25.9,1.593,27.45,4.04,-73,9.50,
2026-09-18T14:55:28,2,1.571,25.71,25.1800,25.9,1.590,27.20,4.06,-74,9.50,
2026-09-18T14:55:29,2,1.584,26.68,25.1810,25.9,1.596,27.65,4.04,-75,9.75,
2026-09-18T14:55:30,2,1.591,27.26,25.1910,25.9,1.591,27.26,4.05,-75,9.25,
2026-09-18T14:55:31,2,1.575,25.97,25.1910,25.9,1.596,27.65,4.03,-75,9.25,
2026-09-18T14:55:32,2,1.601,28.10,25.1940,25.9,1.595,27.58,4.02,-75,9.25,
2026-09-18T14:55:33,2,1.591,27.26,25.1900,25.9,1.592,27.39,4.04,-75,9.75,
2026-09-18T14:55:34,2,1.574,25.91,25.1850,25.9,1.593,27.45,4.03,-75,9.25,
2026-09-18T14:55:35,2,1.595,27.58,25.1920,25.9,1.591,27.26,4.02,-75,9.50,
2026-09-18T14:55:36,2,1.572,25.78,25.1860,25.9,1.588,27.07,4.05,-75,9.50,
2026-09-18T14:55:38,2,1.576,26.10,25.1860,25.9,1.592,27.39,4.04,-74,9.75,
2026-09-18T14:55:39,2,1.591,27.26,25.1830,25.9,1.592,27.33,4.04,-75,9.50,
2026-09-18T14:55:40,2,1.574,25.91,25.1820,25.9,1.591,27.26,4.06,-74,9.75,
2026-09-18T14:55:41,2,1.601,28.10,25.1760,25.9,1.596,27.65,4.01,-75,9.25,
2026-09-18T14:55:48,2,1.571,25.65,25.1550,25.9,1.589,27.13,4.02,-63,7.50,
2026-09-18T14:55:50,2,1.574,25.91,25.1570,25.9,1.592,27.33,4.04,-75,9.50,
2026-09-18T14:55:51,2,1.592,27.39,25.1650,25.9,1.591,27.26,4.04,-76,9.75,
2026-09-18T14:55:52,2,1.576,26.10,25.1640,25.9,1.591,27.26,4.04,-76,9.75,
2026-09-18T14:55:53,2,1.596,27.71,25.1630,25.9,1.596,27.65,4.01,-76,10.00,
2026-09-18T14:55:54,2,1.586,26.87,25.1620,25.9,1.592,27.39,4.04,-76,10.00,
2026-09-18T14:55:55,2,1.576,26.10,25.1600,25.9,1.594,27.52,4.04,-78,9.75,
2026-09-18T14:55:56,2,1.592,27.33,25.1660,25.9,1.592,27.33,4.04,-78,9.75,
2026-09-18T14:55:57,2,1.571,25.71,25.1620,25.9,1.588,27.07,4.06,-79,9.50,
2026-09-18T14:55:58,2,1.575,26.04,25.1600,25.9,1.591,27.26,4.04,-78,10.00,
2026-09-18T14:55:59,2,1.591,27.26,25.1680,25.9,1.592,27.33,4.04,-79,10.00,
2026-09-18T14:56:00,2,1.575,26.04,25.1660,25.9,1.590,27.20,4.04,-78,10.50,
2026-09-18T14:56:02,2,1.601,28.10,25.1670,25.9,1.597,27.78,4.02,-78,9.75,
2026-09-18T14:56:03,2,1.589,27.13,25.1660,25.9,1.592,27.33,4.04,-77,9.75,
2026-09-18T14:56:04,2,1.575,26.04,25.1690,25.9,1.595,27.58,4.04,-77,9.75,
2026-09-18T14:56:05,2,1.592,27.39,25.1650,25.9,1.592,27.39,4.04,-79,10.00,
2026-09-18T14:56:06,2,1.571,25.65,25.1660,25.9,1.596,27.71,4.06,-78,9.75,
2026-09-18T14:56:07,2,1.573,25.84,25.1650,25.9,1.592,27.39,4.04,-78,10.00,
2026-09-18T14:56:08,2,1.592,27.39,25.1680,25.9,1.592,27.33,4.04,-78,10.00,
2026-09-18T14:56:09,2,1.572,25.78,25.1610,25.9,1.590,27.20,4.06,-78,9.75,
2026-09-18T14:56:10,2,1.600,27.97,25.1550,25.9,1.596,27.65,4.01,-78,9.75,
2026-09-18T14:56:11,2,1.589,27.13,25.1410,25.9,1.592,27.39,4.04,-79,10.00,
2026-09-18T14:56:13,2,1.575,26.04,25.1370,25.9,1.594,27.52,4.04,-79,9.75,
2026-09-18T14:56:14,2,1.595,27.58,25.1330,25.9,1.597,27.78,4.02,-80,10.00,
2026-09-18T14:56:15,2,1.571,25.65,25.1230,25.9,1.589,27.13,4.06,-78,9.25,
2026-09-18T14:56:16,2,1.572,25.78,25.1210,25.9,1.594,27.52,4.04,-77,9.75,
2026-09-18T14:56:17,2,1.590,27.20,25.1260,25.9,1.585,26.81,4.04,-78,10.00,
2026-09-18T14:56:18,2,1.571,25.71,25.1290,25.9,1.588,27.07,4.06,-80,10.25,
2026-09-18T14:56:19,2,1.576,26.10,25.1260,25.9,1.595,27.58,4.04,-78,9.50,
2026-09-18T14:56:20,2,1.592,27.39,25.1330,25.9,1.583,26.62,4.04,-80,9.75,
2026-09-18T14:56:21,2,1.575,25.97,25.1320,25.9,1.595,27.58,4.04,-78,9.75,
2026-09-18T14:56:22,2,1.597,27.78,25.1280,25.9,1.607,28.55,4.02,-78,10.00,
2026-09-18T14:56:23,2,1.591,27.26,25.1240,25.9,1.595,27.58,4.04,-78,9.75,
2026-09-18T14:56:31,2,1.596,27.71,25.1390,25.9,1.597,27.78,4.01,-82,8.75,
2026-09-18T14:56:32,2,1.592,27.33,25.1430,25.9,1.592,27.33,4.04,-77,9.75,
2026-09-18T14:56:33,2,1.572,25.78,25.1460,25.9,1.594,27.52,4.04,-79,10.25,
2026-09-18T14:56:34,2,1.596,27.65,25.1520,25.9,1.592,27.33,4.04,-78,10.00,
2026-09-18T14:56:35,2,1.572,25.78,25.1650,25.9,1.592,27.33,4.06,-81,9.00,
2026-09-18T14:56:37,2,1.574,25.91,25.1620,25.9,1.592,27.33,4.04,-82,9.50,
2026-09-18T14:56:38,2,1.593,27.45,25.1650,25.9,1.592,27.33,4.04,-85,9.00,
2026-09-18T14:56:39,2,1.575,26.04,25.1660,25.9,1.596,27.65,4.03,-80,9.25,
2026-09-18T14:56:40,2,1.596,27.65,25.1690,25.9,1.597,27.78,4.01,-80,9.75,
2026-09-18T14:56:41,2,1.588,27.00,25.1740,25.9,1.595,27.58,4.04,-81,9.50,
2026-09-18T14:56:42,2,1.576,26.10,25.1820,25.9,1.594,27.52,4.04,-83,9.25,
2026-09-18T14:56:43,2,1.593,27.45,25.1740,25.9,1.592,27.33,4.04,-82,10.00,
2026-09-18T14:56:44,2,1.573,25.84,25.1780,25.9,1.590,27.20,4.06,-78,9.75,
2026-09-18T14:56:45,2,1.573,25.84,25.1730,25.9,1.605,28.42,4.04,-79,10.25,
2026-09-18T14:56:46,2,1.592,27.33,25.1700,25.9,1.592,27.39,4.04,-81,9.75,
2026-09-18T14:56:47,2,1.572,25.78,25.1810,25.9,1.592,27.33,4.06,-83,9.25,
2026-09-18T14:56:49,2,1.575,26.04,25.1860,25.9,1.592,27.39,4.04,-83,9.50,
2026-09-18T14:56:50,2,1.590,27.20,25.1790,25.9,1.588,27.00,4.04,-91,4.25,
2026-09-18T14:56:51,2,1.575,26.04,25.1780,25.9,1.595,27.58,4.04,-87,8.25,
2026-09-18T14:56:52,2,1.598,27.84,25.1800,25.9,1.592,27.39,4.01,-87,6.75,
2026-09-18T14:56:53,2,1.588,27.07,25.1720,25.9,1.592,27.33,4.04,-84,9.25,
2026-09-18T14:56:54,2,1.573,25.84,25.1740,25.9,1.591,27.26,4.04,-85,8.00,
2026-09-18T14:56:55,2,1.601,28.10,25.1610,25.9,1.593,27.45,4.04,-85,8.75,
2026-09-18T14:56:56,2,1.571,25.65,25.1570,25.9,1.603,28.23,4.06,-82,9.00,
2026-09-18T14:56:57,2,1.572,25.78,25.1590,25.9,1.594,27.52,4.04,-85,8.50,
2026-09-18T14:56:58,2,1.594,27.52,25.1530,25.9,1.591,27.26,4.04,-85,9.00,
2026-09-18T14:56:59,2,1.575,25.97,25.1520,25.9,1.595,27.58,4.03,-84,9.00,
2026-09-18T14:57:01,2,1.603,28.23,25.1450,25.9,1.595,27.58,4.02,-86,8.50,
2026-09-18T14:57:02,2,1.589,27.13,25.1390,25.9,1.592,27.39,4.04,-83,8.75,
2026-09-18T14:57:03,2,1.575,25.97,25.1470,25.9,1.591,27.26,4.03,-82,9.00,
2026-09-18T14:57:04,2,1.594,27.52,25.1460,25.9,1.594,27.52,4.04,-82,9.00,
2026-09-18T14:57:05,2,1.571,25.71,25.1400,25.9,1.588,27.07,4.06,-83,9.00,
2026-09-18T14:57:06,2,1.574,25.91,25.1370,25.9,1.594,27.52,4.04,-83,9.25,
2026-09-18T14:57:14,2,1.570,25.59,25.1410,25.9,1.589,27.13,4.06,-74,8.00,
2026-09-18T14:57:15,2,1.572,25.78,25.1480,25.9,1.592,27.33,4.04,-80,9.50,
2026-09-18T14:57:16,2,1.592,27.39,25.1490,25.9,1.590,27.20,4.04,-79,10.25,
2026-09-18T14:57:17,2,1.575,25.97,25.1500,25.9,1.592,27.39,4.03,-83,9.50,
2026-09-18T14:57:18,2,1.574,25.91,25.1530,25.9,1.592,27.39,4.04,-74,10.25,
2026-09-18T14:57:19,2,1.591,27.26,25.1500,25.9,1.592,27.39,4.04,-71,10.25,
2026-09-18T14:57:20,2,1.573,25.84,25.1440,25.9,1.592,27.33,4.04,-71,9.75,
2026-09-18T14:57:21,2,1.595,27.58,25.1450,25.9,1.592,27.39,4.03,-73,9.75,
2026-09-18T14:57:22,2,1.592,27.39,25.1420,25.9,1.595,27.58,4.04,-71,9.75,
2026-09-18T14:57:24,2,1.575,25.97,25.1410,25.9,1.592,27.39,4.04,-71,10.25,
2026-09-18T14:57:25,2,1.592,27.33,25.1530,25.9,1.593,27.45,4.03,-69,9.50,
2026-09-18T14:57:26,2,1.574,25.91,25.1680,25.9,1.593,27.45,4.03,-70,12.50,
2026-09-18T14:57:27,2,1.572,25.78,25.1630,25.9,1.592,27.33,4.04,-70,9.50,
2026-09-18T14:57:28,2,1.590,27.20,25.1570,25.9,1.591,27.26,4.04,-71,10.25,
2026-09-18T14:57:29,2,1.575,25.97,25.1660,25.9,1.595,27.58,4.04,-70,9.75,
2026-09-18T14:57:30,2,1.597,27.78,25.1630,25.9,1.592,27.39,4.02,-70,9.75,
2026-09-18T14:57:32,2,1.573,25.84,25.1720,25.9,1.594,27.52,4.04,-71,9.75,
2026-09-18T14:57:33,2,1.593,27.45,25.1690,25.9,1.592,27.39,4.04,-72,9.75,
2026-09-18T14:57:34,2,1.572,25.78,25.1640,25.9,1.590,27.20,4.06,-72,10.00,
2026-09-18T14:57:36,2,1.566,25.26,25.1660,25.9,1.592,27.33,4.03,-72,9.75,
2026-09-18T14:57:37,2,1.592,27.39,25.1670,25.9,1.596,27.65,4.04,-74,9.50,
2026-09-18T14:57:38,2,1.575,26.04,25.1680,25.9,1.592,27.39,4.04,-71,10.00,
2026-09-18T14:57:39,2,1.600,28.04,25.1720,25.9,1.596,27.65,4.02,-72,10.00,
2026-09-18T14:57:40,2,1.592,27.39,25.1780,25.9,1.594,27.52,4.04,-70,10.00,
2026-09-18T14:57:41,2,1.575,25.97,25.1750,25.9,1.592,27.39,4.04,-66,10.25,
2026-09-18T14:57:42,2,1.592,27.33,25.1760,25.9,1.591,27.26,4.03,-69,9.50,
2026-09-18T14:57:43,2,1.571,25.71,25.1810,25.9,1.593,27.45,4.05,-76,10.00,
2026-09-18T14:57:44,2,1.575,25.97,25.1790,25.9,1.592,27.33,4.04,-71,10.00,
2026-09-18T14:57:45,2,1.592,27.33,25.1740,25.9,1.596,27.65,4.03,-71,9.50,
2026-09-18T14:57:46,2,1.575,25.97,25.1640,25.9,1.593,27.45,4.04,-71,10.25,
2026-09-18T14:57:48,2,1.574,25.91,25.1680,25.9,1.593,27.45,4.04,-71,9.75,
2026-09-18T14:57:49,2,1.588,27.07,25.1610,25.9,1.592,27.33,4.04,-71,10.00,12
2026-09-18T14:57:56,2,1.572,25.78,25.1510,25.9,1.591,27.26,4.04,-72,9.50,
2026-09-18T14:57:57,2,1.590,27.20,25.1530,25.9,1.592,27.33,4.04,-74,10.00,
2026-09-18T14:57:58,2,1.575,25.97,25.1490,25.9,1.592,27.39,4.04,-72,9.75,
2026-09-18T14:58:00,2,1.596,27.71,25.1430,25.9,1.594,27.52,4.03,-71,9.50,
2026-09-18T14:58:01,2,1.591,27.26,25.1500,25.9,1.585,26.81,4.04,-70,10.00,
2026-09-18T14:58:02,2,1.572,25.78,25.1520,25.9,1.592,27.33,4.04,-70,9.50,
2026-09-18T14:58:03,2,1.585,26.81,25.1440,25.9,1.592,27.33,4.04,-66,9.75,
2026-09-18T14:58:04,2,1.573,25.84,25.1430,25.9,1.592,27.39,4.06,-65,9.25,
2026-09-18T14:58:05,2,1.575,25.97,25.1460,25.9,1.592,27.39,4.04,-66,10.00,
2026-09-18T14:58:06,2,1.591,27.26,25.1510,25.9,1.592,27.39,4.04,-67,9.75,
2026-09-18T14:58:07,2,1.573,25.84,25.1480,25.9,1.596,27.65,4.04,-66,10.00,
2026-09-18T14:58:08,2,1.600,27.97,25.1440,25.9,1.595,27.58,4.01,-66,10.25,
2026-09-18T14:58:09,2,1.590,27.20,25.1460,25.9,1.591,27.26,4.04,-66,10.00,
2026-09-18T14:58:11,2,1.579,26.29,25.1470,25.9,1.594,27.52,4.04,-66,10.00,
2026-09-18T14:58:12,2,1.593,27.45,25.1460,25.9,1.596,27.65,4.03,-66,9.25,
2026-09-18T14:58:13,2,1.592,27.39,25.1410,25.9,1.592,27.39,4.04,-65,10.25,
2026-09-18T14:58:14,2,1.574,25.91,25.1420,25.9,1.595,27.58,4.04,-65,9.50,
2026-09-18T14:58:15,2,1.589,27.13,25.1590,25.9,1.587,26.94,4.04,-65,10.00,
2026-09-18T14:58:16,2,1.558,24.62,25.1840,25.9,1.584,26.68,4.04,-71,9.75,
2026-09-18T14:58:17,2,1.546,23.72,25.2050,25.9,1.571,25.65,4.04,-69,10.00,
2026-09-18T14:58:18,2,1.549,23.91,24.9650,25.9,1.557,24.55,4.04,-66,10.00,
2026-09-18T14:58:19,2,1.521,21.72,24.4580,25.9,1.546,23.72,4.04,-68,9.75,
2026-09-18T14:58:20,2,1.526,22.10,23.7500,25.9,1.511,20.88,4.04,-78,10.00,
2026-09-18T14:58:21,2,1.505,20.43,21.8650,25.9,1.498,19.85,4.04,-73,10.50,
2026-09-18T14:58:23,2,1.472,17.78,20.7460,25.9,1.480,18.43,4.04,-78,10.00,
2026-09-18T14:58:24,2,1.476,18.11,19.5470,25.9,1.463,17.01,4.03,-67,10.00,
2026-09-18T14:58:25,2,1.442,15.40,18.2860,25.9,1.448,15.85,4.03,-70,9.25,
2026-09-18T14:58:26,2,1.426,14.05,16.9950,25.9,1.430,14.43,4.04,-71,10.50,
2026-09-18T14:58:27,2,1.424,13.92,15.7040,25.9,1.414,13.14,4.04,-73,10.25,
2026-09-18T14:58:28,2,1.377,10.18,14.4160,25.9,1.397,11.79,4.04,-75,9.75,
2026-09-18T14:58:29,2,1.385,10.82,13.1340,25.9,1.381,10.50,4.03,-73,9.75,
2026-09-18T14:58:30,2,1.368,9.40,11.8790,25.9,1.367,9.34,4.04,-71,9.50,
2026-09-18T14:58:38,2,1.289,3.09,3.6420,25.9,1.297,3.79,4.04,-62,8.25,
2026-09-18T14:58:39,2,1.303,4.25,3.1820,25.9,1.291,3.28,4.04,-75,9.75,
2026-09-18T14:58:40,2,1.279,2.31,2.7520,25.9,1.291,3.28,4.04,-68,9.75,
2026-09-18T14:58:41,2,1.275,1.99,2.3790,25.9,1.285,2.83,4.04,-69,9.75,
2026-09-18T14:58:42,2,1.301,4.12,2.0640,25.9,1.285,2.76,4.04,-71,9.25,
2026-09-18T14:58:43,2,1.272,1.73,1.7930,25.9,1.280,2.38,4.03,-69,9.75,
2026-09-18T14:58:44,2,1.271,1.67,1.5560,25.9,1.277,2.18,4.04,-69,9.25,
2026-09-18T14:58:45,2,1.295,3.60,1.3530,25.9,1.276,2.05,4.03,-71,9.50,
2026-09-18T14:58:46,2,1.271,1.67,1.0170,25.9,1.276,2.05,4.03,-65,9.75,
2026-09-18T14:58:48,2,1.264,1.15,0.9290,25.9,1.272,1.80,4.05,-65,9.75,
2026-09-18T14:58:49,2,1.291,3.28,0.8230,25.9,1.272,1.73,4.03,-65,9.75,
2026-09-18T14:58:50,2,1.267,1.35,0.7260,25.9,1.273,1.86,4.03,-64,9.50,
2026-09-18T14:58:51,2,1.292,3.34,0.6390,25.9,1.273,1.86,4.03,-62,9.50,
2026-09-18T14:58:52,2,1.287,2.96,0.5600,25.9,1.270,1.60,4.03,-62,10.00,
2026-09-18T14:58:53,2,1.264,1.15,0.4890,25.9,1.269,1.54,4.03,-62,10.00,
2026-09-18T14:58:54,2,1.289,3.15,0.4270,25.9,1.272,1.80,4.03,-63,9.75,
2026-09-18T14:58:55,2,1.288,3.02,0.3740,25.9,1.271,1.67,4.04,-63,9.75,
2026-09-18T14:58:56,2,1.264,1.09,0.3300,25.9,1.269,1.54,4.03,-63,10.00,
2026-09-18T14:58:57,2,1.288,3.02,0.2930,25.9,1.271,1.67,4.04,-64,9.25,
2026-09-18T14:58:58,2,1.289,3.15,0.2330,25.9,1.273,1.86,4.01,-64,10.00,
2026-09-18T14:59:00,2,1.263,1.02,0.2080,25.9,1.269,1.54,4.03,-62,9.00,
2026-09-18T14:59:01,2,1.287,2.96,0.1880,25.9,1.268,1.41,4.02,-64,9.50,
2026-09-18T14:59:02,2,1.264,1.09,0.1710,25.9,1.267,1.35,4.03,-63,9.50,
2026-09-18T14:59:03,2,1.253,0.25,0.1570,25.9,1.269,1.54,4.03,-63,9.25,
2026-09-18T14:59:04,2,1.285,2.83,0.1470,25.9,1.265,1.22,4.03,-66,9.75,
2026-09-18T14:59:05,2,1.260,0.83,0.1370,25.9,1.268,1.47,4.04,-68,9.50,
2026-09-18T14:59:06,2,1.263,1.02,0.1280,25.9,1.267,1.35,4.04,-62,9.75,
2026-09-18T14:59:07,2,1.283,2.63,0.1220,25.9,1.270,1.60,4.04,-68,9.75,
2026-09-18T14:59:08,2,1.264,1.15,0.1170,25.9,1.271,1.67,4.04,-66,9.25,
2026-09-18T14:59:09,2,1.260,0.76,0.1140,25.9,1.266,1.28,4.05,-65,9.75,
2026-09-18T14:59:10,2,1.285,2.76,0.1120,25.9,1.268,1.41,4.04,-66,9.50,
2026-09-18T14:59:11,2,1.263,1.02,0.1100,25.9,1.268,1.41,4.03,-66,9.75,
2026-09-18T14:59:13,2,1.285,2.76,0.1100,25.9,1.266,1.28,4.05,-66,9.50,
2026-09-18T14:59:20,2,1.287,2.96,0.1120,25.9,1.271,1.67,4.01,-71,9.50,
2026-09-18T14:59:21,2,1.261,0.89,0.1120,25.9,1.268,1.47,4.04,-69,9.50,
2026-09-18T14:59:22,2,1.285,2.83,0.1110,25.9,1.265,1.22,4.04,-69,9.50,
2026-09-18T14:59:23,2,1.262,0.96,0.1090,25.9,1.268,1.47,4.03,-66,9.50,
2026-09-18T14:59:25,2,1.264,1.09,0.1090,25.9,1.265,1.22,4.03,-64,9.50,
2026-09-18T14:59:26,2,1.285,2.83,0.1080,25.9,1.266,1.28,4.04,-66,9.50,
2026-09-18T14:59:27,2,1.262,0.96,0.1070,25.9,1.268,1.41,4.03,-81,9.25,
2026-09-18T14:59:28,2,1.260,0.76,0.1060,25.9,1.269,1.54,4.04,-63,9.75,
2026-09-18T14:59:29,2,1.283,2.63,0.1060,25.9,1.274,1.93,4.04,-70,9.50,
2026-09-18T14:59:30,2,1.261,0.89,0.1050,25.9,1.267,1.35,4.03,-78,9.50,
2026-09-18T14:59:31,2,1.258,0.64,0.1040,25.9,1.264,1.09,4.06,-72,9.25,
2026-09-18T14:59:32,2,1.283,2.63,0.1030,25.9,1.268,1.41,4.03,-73,10.25,
2026-09-18T14:59:33,2,1.264,1.15,0.1000,25.9,1.269,1.54,4.04,-74,10.00,
2026-09-18T14:59:34,2,1.290,3.21,0.0980,25.9,1.267,1.35,4.03,-74,9.50,
2026-09-18T14:59:35,2,1.288,3.02,0.0920,25.9,1.266,1.28,4.04,-73,9.50,
2026-09-18T14:59:37,2,1.262,0.96,0.0900,25.9,1.266,1.28,4.04,-65,9.50,
2026-09-18T14:59:38,2,1.289,3.09,0.0870,25.9,1.266,1.28,4.03,-66,9.75,
2026-09-18T14:59:39,2,1.281,2.44,0.0850,25.9,1.267,1.35,4.04,-66,9.00,
2026-09-18T14:59:40,2,1.260,0.83,0.0830,25.9,1.268,1.41,4.04,-64,9.25,
2026-09-18T14:59:41,2,1.289,3.09,0.0810,25.9,1.268,1.41,4.03,-66,9.50,
2026-09-18T14:59:42,2,1.287,2.96,0.0790,25.9,1.272,1.73,4.01,-66,9.75,
2026-09-18T14:59:43,2,1.262,0.96,0.0780,25.9,1.268,1.47,4.03,-70,9.50,
2026-09-18T14:59:44,2,1.289,3.09,0.0770,25.9,1.267,1.35,4.04,-77,9.00,
2026-09-18T14:59:45,2,1.264,1.15,0.0870,25.9,1.269,1.54,4.03,-73,9.75,
2026-09-18T14:59:46,2,1.262,0.96,0.1120,25.9,1.271,1.67,4.04,-71,9.50,
2026-09-18T14:59:47,2,1.287,2.96,0.1450,25.9,1.273,1.86,4.04,-75,9.50,
2026-09-18T14:59:48,2,1.265,1.22,0.2220,25.9,1.271,1.67,4.04,-69,9.25,
2026-09-18T14:59:50,2,1.264,1.09,0.2630,25.9,1.268,1.47,4.06,-70,10.00,
2026-09-18T14:59:51,2,1.288,3.02,0.3070,25.9,1.276,2.05,4.03,-70,9.75,
2026-09-18T14:59:52,2,1.268,1.47,0.3540,25.9,1.273,1.86,4.03,-70,9.75,
2026-09-18T14:59:53,2,1.264,1.09,0.4020,25.9,1.271,1.67,4.06,-70,9.50,
2026-09-18T14:59:54,2,1.290,3.21,0.4520,25.9,1.275,1.99,4.04,-69,9.25,
2026-09-18T14:59:55,2,1.271,1.67,0.5030,25.9,1.276,2.12,4.04,-71,9.50,
2026-09-18T15:00:03,2,1.303,4.25,1.0180,25.9,1.285,2.76,4.03,-67,9.75,
2026-09-18T15:00:04,2,1.299,3.92,1.1030,25.9,1.287,2.96,4.01,-66,9.50,
2026-09-18T15:00:05,2,1.277,2.18,1.1630,25.9,1.285,2.83,4.03,-72,9.75,
2026-09-18T15:00:06,2,1.301,4.12,1.1970,25.9,1.283,2.63,4.03,-74,9.75,
2026-09-18T15:00:07,2,1.281,2.44,1.2350,25.9,1.285,2.83,4.01,-68,9.75,
2026-09-18T15:00:08,2,1.275,1.99,1.2610,25.9,1.285,2.83,4.04,-74,9.75,
2026-09-18T15:00:09,2,1.305,4.38,1.2880,25.9,1.289,3.09,4.03,-72,9.50,
2026-09-18T15:00:10,2,1.278,2.25,1.3150,25.9,1.289,3.09,4.03,-69,9.50,
2026-09-18T15:00:11,2,1.276,2.05,1.3440,25.9,1.284,2.70,4.06,-69,9.75,
2026-09-18T15:00:12,2,1.303,4.25,1.3730,25.9,1.289,3.15,4.04,-69,9.75,
2026-09-18T15:00:13,2,1.280,2.38,1.4380,25.9,1.289,3.09,4.03,-69,9.25,
2026-09-18T15:00:15,2,1.278,2.25,1.4750,25.9,1.286,2.89,4.05,-69,10.00,
2026-09-18T15:00:16,2,1.303,4.25,1.5120,25.9,1.293,3.41,4.03,-69,10.00,
2026-09-18T15:00:17,2,1.281,2.44,1.5500,25.9,1.292,3.34,4.04,-68,9.75,
2026-09-18T15:00:18,2,1.278,2.25,1.5910,25.9,1.291,3.28,4.06,-66,9.75,
2026-09-18T15:00:19,2,1.297,3.73,1.6320,25.9,1.293,3.41,4.03,-70,9.50,
2026-09-18T15:00:20,2,1.284,2.70,1.6760,25.9,1.287,2.96,4.04,-71,9.00,
2026-09-18T15:00:21,2,1.314,5.15,1.7230,25.9,1.293,3.47,4.03,-68,9.75,
2026-09-18T15:00:22,2,1.311,4.89,1.7570,25.9,1.296,3.67,4.01,-67,10.00,
2026-09-18T15:00:23,2,1.283,2.63,1.7800,25.9,1.297,3.73,4.04,-73,9.75,
2026-09-18T15:00:24,2,1.313,5.02,1.8110,25.9,1.298,3.86,4.03,-71,10.00,
2026-09-18T15:00:25,2,1.313,5.02,1.8900,25.9,1.300,3.99,4.01,-70,9.50,
2026-09-18T15:00:27,2,1.286,2.89,1.9360,25.9,1.300,3.99,4.04,-81,9.75,
2026-09-18T15:00:28,2,1.315,5.21,1.9830,25.9,1.293,3.41,4.03,-65,9.75,
2026-09-18T15:00:29,2,1.312,4.96,2.0330,25.9,1.301,4.12,4.01,-69,9.50,
2026-09-18T15:00:30,2,1.287,2.96,2.0840,25.9,1.301,4.05,4.04,-70,9.00,
2026-09-18T15:00:31,2,1.314,5.08,2.1350,25.9,1.301,4.12,4.03,-70,9.50,
2026-09-18T15:00:32,2,1.289,3.15,2.1900,25.9,1.305,4.38,4.03,-67,9.75,
2026-09-18T15:00:33,2,1.289,3.15,2.2450,25.9,1.299,3.92,4.06,-69,9.75,
2026-09-18T15:00:34,2,1.314,5.08,2.3020,25.9,1.305,4.44,4.03,-69,9.50,
2026-09-18T15:00:35,2,1.294,3.54,2.3590,25.9,1.306,4.50,4.04,-70,9.50,
2026-09-18T15:00:36,2,1.289,3.09,2.4200,25.9,1.305,4.38,4.06,-67,9.50,
2026-09-18T15:00:45,2,1.300,3.99,3.0140,25.9,1.316,5.28,4.04,-65,9.75,
2026-09-18T15:00:46,2,1.331,6.50,3.0840,25.9,1.316,5.28,4.03,-66,10.00,
2026-09-18T15:00:47,2,1.330,6.44,3.1570,25.9,1.322,5.73,4.01,-66,9.50,
2026-09-18T15:00:49,2,1.335,6.76,3.3040,25.9,1.322,5.79,4.04,-66,9.75,
2026-09-18T15:00:50,2,1.330,6.37,3.4550,25.9,1.326,6.12,4.01,-64,10.00,
2026-09-18T15:00:52,2,1.303,4.25,3.5330,25.9,1.322,5.79,4.06,-66,9.50,
2026-09-18T15:00:53,2,1.333,6.63,3.6120,25.9,1.327,6.18,4.03,-66,10.75,
2026-09-18T15:00:54,2,1.334,6.70,3.6900,25.9,1.329,6.31,4.01,-66,9.25,
2026-09-18T15:00:55,2,1.309,4.70,3.7690,25.9,1.325,5.99,4.06,-66,9.50,
2026-09-18T15:00:56,2,1.335,6.82,3.8470,25.9,1.331,6.50,4.04,-66,9.50,
2026-09-18T15:00:57,2,1.311,4.89,3.9280,25.9,1.330,6.37,4.03,-66,9.75,
2026-09-18T15:00:58,2,1.313,5.02,4.0070,25.9,1.330,6.37,4.06,-66,9.50,
2026-09-18T15:00:59,2,1.339,7.08,4.0860,25.9,1.337,6.95,4.03,-66,9.50,
2026-09-18T15:01:00,2,1.316,5.28,4.1660,25.9,1.338,7.02,4.03,-64,9.75,
2026-09-18T15:01:01,2,1.314,5.15,4.2460,25.9,1.335,6.82,4.05,-66,9.50,
2026-09-18T15:01:02,2,1.346,7.66,4.3280,25.9,1.345,7.60,4.01,-67,10.00,
2026-09-18T15:01:04,2,1.322,5.73,4.4930,25.9,1.341,7.28,4.04,-65,9.75,
2026-09-18T15:01:05,2,1.323,5.86,4.6990,25.9,1.339,7.08,4.05,-66,9.25,
2026-09-18T15:01:06,2,1.348,7.86,4.8050,25.9,1.347,7.79,4.01,-66,9.75,
2026-09-18T15:01:07,2,1.324,5.92,4.9080,25.9,1.347,7.73,4.03,-66,9.75,
2026-09-18T15:01:08,2,1.359,8.69,5.0130,25.9,1.348,7.86,4.03,-66,9.50,
2026-09-18T15:01:09,2,1.352,8.18,5.1180,25.9,1.354,8.31,4.01,-66,9.75,
2026-09-18T15:01:10,2,1.327,6.18,5.2240,25.9,1.351,8.11,4.04,-66,9.25,
2026-09-18T15:01:11,2,1.363,9.02,5.3370,25.9,1.351,8.11,4.03,-66,9.50,
2026-09-18T15:01:12,2,1.358,8.63,5.4390,25.9,1.358,8.63,4.01,-66,9.75,
2026-09-18T15:01:13,2,1.332,6.57,5.5490,25.9,1.353,8.24,4.05,-67,9.75,
2026-09-18T15:01:14,2,1.364,9.15,5.6570,25.9,1.359,8.76,4.03,-66,9.50,
2026-09-18T15:01:15,2,1.362,8.95,5.8760,25.9,1.362,8.95,4.01,-69,9.25,
2026-09-18T15:01:17,2,1.335,6.76,5.9830,25.9,1.360,8.82,4.05,-66,9.50,
2026-09-18T15:01:18,2,1.366,9.27,6.0950,25.9,1.364,9.15,4.03,-65,9.75,
2026-09-18T15:01:24,2,1.378,10.24,6.7690,25.9,1.376,10.11,4.01,-58,7.75,
2026-09-18T15:01:25,2,1.353,8.24,6.8850,25.9,1.375,9.98,4.03,-68,9.75,
2026-09-18T15:01:26,2,1.348,7.86,6.9940,25.9,1.374,9.92,4.05,-68,9.75,
2026-09-18T15:01:27,2,1.379,10.31,7.1080,25.9,1.381,10.50,4.01,-68,9.75,
2026-09-18T15:01:29,2,1.357,8.57,7.3410,25.9,1.381,10.50,4.03,-67,9.50,
2026-09-18T15:01:30,2,1.388,11.02,7.4510,25.9,1.381,10.50,4.03,-68,10.00,
2026-09-18T15:01:31,2,1.384,10.76,7.5630,25.9,1.387,10.95,4.01,-66,10.00,
2026-09-18T15:01:32,2,1.360,8.82,7.6830,25.9,1.385,10.82,4.04,-68,10.00,
2026-09-18T15:01:33,2,1.391,11.27,7.7920,25.9,1.390,11.21,4.03,-68,9.50,
2026-09-18T15:01:34,2,1.388,11.08,7.9110,25.9,1.394,11.53,4.01,-69,9.25,
2026-09-18T15:01:35,2,1.364,9.08,8.0300,25.9,1.388,11.08,4.06,-66,10.00,
2026-09-18T15:01:36,2,1.394,11.53,8.1460,25.9,1.393,11.40,4.03,-67,10.00,
2026-09-18T15:01:37,2,1.394,11.53,8.2670,25.9,1.396,11.66,4.01,-63,10.00,
2026-09-18T15:01:38,2,1.368,9.47,8.3830,25.9,1.394,11.53,4.05,-66,9.75,
2026-09-18T15:01:39,2,1.401,12.05,8.4970,25.9,1.400,11.98,4.03,-69,9.75,
2026-09-18T15:01:40,2,1.400,11.98,8.7380,25.9,1.398,11.85,4.02,-71,9.50,
2026-09-18T15:01:42,2,1.372,9.79,8.8570,25.9,1.399,11.92,4.06,-72,9.75,
2026-09-18T15:01:43,2,1.404,12.30,8.9820,25.9,1.402,12.18,4.03,-72,10.00,
2026-09-18T15:01:44,2,1.378,10.24,9.1030,25.9,1.406,12.50,4.03,-73,10.25,
2026-09-18T15:01:45,2,1.376,10.11,9.2240,25.9,1.406,12.50,4.06,-72,9.50,
2026-09-18T15:01:46,2,1.409,12.69,9.3470,25.9,1.415,13.21,4.01,-71,9.75,
2026-09-18T15:01:47,2,1.375,9.98,9.4700,25.9,1.409,12.76,4.04,-68,9.75,
2026-09-18T15:01:48,2,1.384,10.76,9.5890,25.9,1.410,12.82,4.04,-67,9.50,
2026-09-18T15:01:49,2,1.414,13.14,9.7090,25.9,1.428,14.24,4.01,-68,10.00,
2026-09-18T15:01:50,2,1.390,11.21,9.8420,25.9,1.415,13.21,4.03,-65,10.75,
2026-09-18T15:01:51,2,1.388,11.02,9.9630,25.9,1.416,13.27,4.06,-62,9.75,
2026-09-18T15:01:52,2,1.419,13.53,10.0850,25.9,1.426,14.05,4.01,-66,9.50,
2026-09-18T15:01:54,2,1.392,11.34,10.3270,25.9,1.417,13.34,4.05,-68,9.75,
2026-09-18T15:02:02,2,1.405,12.43,11.3090,25.9,1.437,14.95,4.05,-67,9.75,
2026-09-18T15:02:03,2,1.442,15.33,11.4300,25.9,1.440,15.21,4.03,-67,9.25,
2026-09-18T15:02:06,2,1.409,12.76,11.8000,25.9,1.439,15.14,4.06,-68,9.75,
2026-09-18T15:02:07,2,1.440,15.21,11.9250,25.9,1.446,15.66,4.03,-68,9.75,
2026-09-18T15:02:08,2,1.414,13.14,12.0460,25.9,1.446,15.66,4.04,-67,10.25,
2026-09-18T15:02:09,2,1.418,13.40,12.1710,25.9,1.447,15.72,4.05,-68,9.50,
2026-09-18T15:02:10,2,1.446,15.66,12.2900,25.9,1.453,16.24,4.01,-68,10.50,
2026-09-18T15:02:11,2,1.422,13.79,12.4140,25.9,1.451,16.11,4.04,-67,10.25,
2026-09-18T15:02:12,2,1.421,13.66,12.5390,25.9,1.448,15.85,4.05,-69,9.75,
2026-09-18T15:02:13,2,1.451,16.11,12.6710,25.9,1.459,16.69,4.01,-69,10.00,
2026-09-18T15:02:14,2,1.422,13.79,12.7990,25.9,1.455,16.43,4.06,-67,9.75,
2026-09-18T15:02:15,2,1.456,16.50,12.9230,25.9,1.462,16.95,4.03,-67,9.75,
2026-09-18T15:02:16,2,1.455,16.37,13.1790,25.9,1.464,17.14,4.01,-67,9.75,
2026-09-18T15:02:18,2,1.430,14.37,13.3130,25.9,1.459,16.75,4.05,-67,9.75,
2026-09-18T15:02:19,2,1.461,16.88,13.4410,25.9,1.467,17.40,4.01,-68,10.50,
2026-09-18T15:02:20,2,1.435,14.82,13.5770,25.9,1.467,17.33,4.03,-68,9.50,
2026-09-18T15:02:21,2,1.435,14.82,13.7050,25.9,1.467,17.40,4.05,-67,9.75,
2026-09-18T15:02:22,2,1.463,17.08,13.8320,25.9,1.475,17.98,4.01,-69,10.50,
2026-09-18T15:02:23,2,1.440,15.21,13.9610,25.9,1.469,17.53,4.05,-67,9.75,
2026-09-18T15:02:24,2,1.473,17.85,14.0950,25.9,1.473,17.85,4.02,-68,10.00,
2026-09-18T15:02:25,2,1.472,17.72,14.2230,25.9,1.480,18.43,4.02,-67,9.75,
2026-09-18T15:02:26,2,1.447,15.79,14.3540,25.9,1.475,17.98,4.05,-67,9.75,
2026-09-18T15:02:27,2,1.478,18.24,14.4850,25.9,1.484,18.75,4.01,-68,9.75,
2026-09-18T15:02:28,2,1.451,16.11,14.7550,25.9,1.481,18.49,4.03,-68,10.00,
2026-09-18T15:02:30,2,1.450,15.98,14.8870,25.9,1.483,18.62,4.05,-64,9.50,
2026-09-18T15:02:31,2,1.478,18.24,15.0160,25.9,1.489,19.14,4.01,-63,10.00,
2026-09-18T15:02:32,2,1.451,16.04,15.1460,25.9,1.484,18.69,4.06,-62,10.00,
2026-09-18T15:02:33,2,1.488,19.01,15.2720,25.9,1.489,19.14,4.03,-64,9.75,
2026-09-18T15:02:34,2,1.482,18.56,15.3960,25.9,1.493,19.46,4.01,-66,10.50,
2026-09-18T15:02:35,2,1.459,16.75,15.5290,25.9,1.491,19.27,4.05,-64,9.75,
2026-09-18T15:02:36,2,1.492,19.33,15.6550,25.9,1.498,19.85,4.00,-64,9.75,
2026-09-18T15:02:45,2,1.507,20.56,16.8260,25.9,1.513,21.07,4.00,-64,9.25,
2026-09-18T15:02:46,2,1.505,20.43,16.9600,25.9,1.515,21.20,4.01,-64,9.75,
2026-09-18T15:02:47,2,1.482,18.56,17.0860,25.9,1.511,20.88,4.06,-64,9.75,
2026-09-18T15:02:48,2,1.510,20.81,17.2180,25.9,1.523,21.85,4.01,-64,10.25,
2026-09-18T15:02:49,2,1.480,18.43,17.3500,25.9,1.514,21.14,4.05,-64,9.50,
2026-09-18T15:02:50,2,1.484,18.75,17.4900,25.9,1.520,21.59,4.05,-64,9.00,
2026-09-18T15:02:51,2,1.513,21.01,17.6320,25.9,1.525,22.04,4.01,-63,9.75,
2026-09-18T15:02:53,2,1.487,18.95,17.8970,25.9,1.520,21.59,4.06,-64,10.00,
2026-09-18T15:02:54,2,1.521,21.72,18.0430,25.9,1.526,22.10,4.03,-64,9.50,
2026-09-18T15:02:55,2,1.520,21.59,18.1790,25.9,1.530,22.43,4.01,-64,9.75,
2026-09-18T15:02:56,2,1.489,19.14,18.3160,25.9,1.529,22.30,4.05,-64,9.50,
2026-09-18T15:02:57,2,1.525,21.98,18.4540,25.9,1.534,22.75,4.01,-64,9.75,
2026-09-18T15:02:58,2,1.500,19.98,18.5920,25.9,1.534,22.68,4.03,-64,9.25,
2026-09-18T15:02:59,2,1.496,19.72,18.7320,25.9,1.535,22.81,4.06,-65,9.75,
2026-09-18T15:03:00,2,1.532,22.56,18.8770,25.9,1.542,23.33,4.01,-65,10.25,
2026-09-18T15:03:01,2,1.503,20.23,19.0130,25.9,1.539,23.14,4.05,-64,9.75,
2026-09-18T15:03:02,2,1.534,22.75,19.1520,25.9,1.545,23.59,4.03,-66,9.50,
2026-09-18T15:03:03,2,1.534,22.68,19.2940,25.9,1.546,23.72,4.01,-66,9.75,
2026-09-18T15:03:05,2,1.509,20.75,19.5730,25.9,1.542,23.39,4.06,-66,10.00,
2026-09-18T15:03:06,2,1.541,23.26,19.7090,25.9,1.552,24.17,4.00,-66,9.75,
2026-09-18T15:03:07,2,1.538,23.07,19.8520,25.9,1.545,23.59,4.01,-66,9.75,
2026-09-18T15:03:08,2,1.513,21.01,19.9880,25.9,1.550,24.04,4.05,-65,9.50,
2026-09-18T15:03:09,2,1.546,23.65,20.1240,25.9,1.557,24.55,4.01,-65,9.75,
2026-09-18T15:03:10,2,1.521,21.65,20.2580,25.9,1.554,24.30,4.06,-65,9.50,
2026-09-18T15:03:11,2,1.521,21.65,20.3940,25.9,1.553,24.23,4.05,-65,9.50,
2026-09-18T15:03:12,2,1.549,23.91,20.5320,25.9,1.562,24.94,4.01,-65,9.50,
2026-09-18T15:03:13,2,1.523,21.85,20.6760,25.9,1.561,24.88,4.05,-64,10.00,
2026-09-18T15:03:14,2,1.559,24.68,20.8040,25.9,1.569,25.52,4.00,-64,9.75,
2026-09-18T15:03:15,2,1.555,24.42,21.0890,25.9,1.570,25.59,4.01,-63,9.75,
2026-09-18T15:03:17,2,1.530,22.36,21.2320,25.9,1.566,25.26,4.05,-62,10.00,
2026-09-18T15:03:18,2,1.560,24.81,21.3690,25.9,1.574,25.91,4.01,-63,10.25,
2026-09-18T15:03:19,2,1.534,22.68,21.5040,25.9,1.569,25.52,4.05,-66,10.00,
2026-09-18T15:03:27,2,1.547,23.78,22.7650,25.9,1.584,26.68,4.04,-64,9.50,
2026-09-18T15:03:29,2,1.552,24.17,22.9040,25.9,1.588,27.00,4.05,-64,9.75,
2026-09-18T15:03:30,2,1.582,26.55,23.0490,25.9,1.597,27.78,4.01,-65,9.75,
2026-09-18T15:03:31,2,1.555,24.42,23.1940,25.9,1.591,27.26,4.05,-65,9.50,
2026-09-18T15:03:32,2,1.554,24.30,23.3430,25.9,1.595,27.58,4.06,-65,9.50,
2026-09-18T15:03:33,2,1.586,26.87,23.4810,25.9,1.600,27.97,4.02,-65,11.00,
2026-09-18T15:03:34,2,1.559,24.68,23.6310,25.9,1.597,27.78,4.05,-65,9.75,
2026-09-18T15:03:35,2,1.594,27.52,23.7650,25.9,1.605,28.42,4.01,-65,10.00,
2026-09-18T15:03:36,2,1.591,27.26,23.9090,25.9,1.614,29.13,4.02,-66,10.50,
2026-09-18T15:03:37,2,1.567,25.33,24.0500,25.9,1.604,28.29,4.05,-66,9.75,
2026-09-18T15:03:38,2,1.598,27.84,24.1930,25.9,1.615,29.20,4.01,-66,10.00,
2026-09-18T15:03:40,2,1.570,25.59,24.4750,25.9,1.608,28.62,4.05,-61,9.50,
2026-09-18T15:03:41,2,1.561,24.88,24.6170,25.9,1.611,28.87,4.05,-72,9.75,
2026-09-18T15:03:42,2,1.603,28.23,24.7710,25.9,1.617,29.39,4.01,-60,10.25,
2026-09-18T15:03:43,2,1.575,25.97,24.9160,25.9,1.617,29.32,4.05,-63,10.25,
2026-09-18T15:03:44,2,1.613,29.07,25.0570,25.9,1.621,29.71,4.00,-64,9.50,
2026-09-18T15:03:45,2,1.604,28.36,25.1980,25.9,1.623,29.84,4.01,-63,10.00,
2026-09-18T15:03:46,2,1.588,27.00,25.3500,25.9,1.621,29.65,4.05,-65,9.75,
2026-09-18T15:03:47,2,1.614,29.13,25.4990,25.9,1.629,30.29,4.01,-61,9.50,
2026-09-18T15:03:48,2,1.585,26.81,25.6430,25.9,1.627,30.16,4.05,-62,9.50,
2026-09-18T15:03:49,2,1.588,27.00,25.7960,25.9,1.620,29.58,4.06,-62,9.75,
2026-09-18T15:03:50,2,1.621,29.65,25.9440,25.9,1.635,30.81,4.01,-62,10.00,
2026-09-18T15:03:52,2,1.594,27.52,26.2390,25.9,1.634,30.74,4.06,-62,9.75,
2026-09-18T15:03:53,2,1.631,30.48,26.3880,25.9,1.642,31.39,4.00,-62,10.00,
2026-09-18T15:03:54,2,1.622,29.78,26.5330,25.9,1.641,31.26,4.01,-61,10.25,
2026-09-18T15:03:55,2,1.599,27.91,26.6870,25.9,1.636,30.87,4.05,-62,10.00,
2026-09-18T15:03:56,2,1.632,30.55,26.8300,25.9,1.645,31.58,4.01,-62,10.25,
2026-09-18T15:03:57,2,1.625,29.97,26.9740,25.9,1.643,31.45,4.03,-62,9.50,
2026-09-18T15:03:58,2,1.606,28.49,27.1300,25.9,1.643,31.45,4.05,-62,9.75,
2026-09-18T15:03:59,2,1.633,30.61,27.2880,25.9,1.651,32.10,4.01,-62,10.00,
2026-09-18T15:04:00,2,1.609,28.74,27.4340,25.9,1.651,32.10,4.06,-62,10.00,
2026-09-18T15:04:01,2,1.615,29.20,27.5850,25.9,1.657,32.55,4.06,-62,10.00,
2026-09-18T15:04:09,2,1.626,30.10,28.7560,25.9,1.664,33.13,4.03,-54,5.25,
2026-09-18T15:04:10,2,1.626,30.10,28.8920,25.9,1.664,33.13,4.05,-64,9.50,
2026-09-18T15:04:11,2,1.657,32.55,29.0340,25.9,1.672,33.77,4.01,-65,9.75,
2026-09-18T15:04:12,2,1.630,30.42,29.1690,25.9,1.671,33.64,4.06,-64,9.75,
2026-09-18T15:04:13,2,1.667,33.39,29.2960,25.9,1.678,34.22,4.00,-64,9.50,
2026-09-18T15:04:14,2,1.659,32.74,29.4350,25.9,1.679,34.29,4.02,-61,10.25,
2026-09-18T15:04:16,2,1.634,30.74,29.6800,25.9,1.679,34.29,4.05,-64,9.50,
2026-09-18T15:04:17,2,1.667,33.39,29.7970,25.9,1.681,34.48,4.01,-62,9.75,
2026-09-18T15:04:18,2,1.638,31.07,29.9000,25.9,1.680,34.42,4.03,-65,9.50,
2026-09-18T15:04:19,2,1.636,30.87,30.0030,25.9,1.678,34.22,4.05,-64,9.75,
2026-09-18T15:04:20,2,1.667,33.32,30.0990,25.9,1.686,34.87,4.01,-60,10.00,
2026-09-18T15:04:21,2,1.638,31.07,30.1940,25.9,1.678,34.22,4.05,-60,9.50,
2026-09-18T15:04:22,2,1.645,31.58,30.2820,25.9,1.684,34.74,4.02,-58,10.25,
2026-09-18T15:04:23,2,1.670,33.58,30.3700,25.9,1.687,35.00,4.01,-61,10.25,
2026-09-18T15:04:24,2,1.640,31.19,30.4420,25.9,1.683,34.68,4.05,-60,9.50,
2026-09-18T15:04:25,2,1.676,34.10,30.5210,25.9,1.696,35.71,4.01,-60,10.00,
2026-09-18T15:04:26,2,1.669,33.52,30.6490,25.9,1.684,34.74,4.03,-66,10.00,
2026-09-18T15:04:28,2,1.645,31.58,30.7100,25.9,1.686,34.87,4.05,-64,9.50,
2026-09-18T15:04:29,2,1.676,34.10,30.7640,25.9,1.692,35.32,4.01,-62,9.75,
2026-09-18T15:04:30,2,1.644,31.52,30.8190,25.9,1.685,34.80,4.04,-60,10.00,
2026-09-18T15:04:31,2,1.648,31.84,30.8650,25.9,1.689,35.13,4.03,-60,9.75,
2026-09-18T15:04:32,2,1.677,34.16,30.9090,25.9,1.693,35.45,4.01,-58,9.75,
2026-09-18T15:04:33,2,1.644,31.52,30.9580,25.9,1.688,35.06,4.05,-59,9.50,
2026-09-18T15:04:34,2,1.682,34.55,30.9940,25.9,1.694,35.51,4.01,-60,10.00,
2026-09-18T15:04:35,2,1.673,33.84,31.0460,25.9,1.685,34.80,4.04,-60,10.00,
2026-09-18T15:04:36,2,1.649,31.90,31.0810,25.9,1.690,35.19,4.05,-60,10.00,
2026-09-18T15:04:37,2,1.679,34.35,31.1180,25.9,1.687,34.93,4.01,-60,9.75,
2026-09-18T15:04:39,2,1.648,31.84,31.1940,25.9,1.688,35.06,4.06,-59,9.50,
2026-09-18T15:04:40,2,1.647,31.77,31.2370,25.9,1.692,35.32,4.05,-59,9.75,
2026-09-18T15:04:41,2,1.679,34.29,31.2700,25.9,1.697,35.77,4.01,-60,10.00,
2026-09-18T15:04:42,2,1.650,32.03,31.3050,25.9,1.691,35.26,4.05,-60,10.00,
2026-09-18T15:04:43,2,1.654,32.35,31.3410,25.9,1.696,35.71,4.03,-59,9.50,
2026-09-18T15:04:44,2,1.679,34.35,31.3820,25.9,1.691,35.26,4.02,-59,10.00,
2026-09-18T15:04:52,2,1.658,32.61,31.5990,25.9,1.696,35.64,4.03,-54,8.75,
2026-09-18T15:04:53,2,1.682,34.55,31.6350,25.9,1.698,35.84,4.01,-61,10.00,
2026-09-18T15:04:54,2,1.654,32.29,31.6620,25.9,1.692,35.38,4.05,-61,9.75,
2026-09-18T15:04:55,2,1.690,35.19,31.6760,25.9,1.698,35.84,4.01,-60,10.00,
2026-09-18T15:04:56,2,1.680,34.42,31.7050,25.9,1.697,35.77,4.04,-60,10.00,
2026-09-18T15:04:57,2,1.658,32.68,31.7300,25.9,1.693,35.45,4.05,-60,9.25,
2026-09-18T15:04:58,2,1.686,34.87,31.7500,25.9,1.702,36.16,4.01,-60,10.00,
2026-09-18T15:04:59,2,1.657,32.55,31.7790,25.9,1.695,35.58,4.05,-61,9.75,
2026-09-18T15:05:00,2,1.662,32.93,31.7960,25.9,1.698,35.84,4.03,-61,9.75,
2026-09-18T15:05:01,2,1.686,34.87,31.8220,25.9,1.702,36.16,4.01,-60,9.75,
2026-09-18T15:05:03,2,1.656,32.48,31.8760,25.9,1.695,35.58,4.05,-60,9.75,
2026-09-18T15:05:04,2,1.694,35.51,31.9040,25.9,1.702,36.16,4.01,-60,10.00,
2026-09-18T15:05:05,2,1.683,34.68,31.9310,25.9,1.697,35.77,4.03,-60,9.50,
2026-09-18T15:05:06,2,1.658,32.68,31.9620,25.9,1.693,35.45,4.06,-60,10.25,
2026-09-18T15:05:07,2,1.690,35.19,31.9820,25.9,1.703,36.22,4.01,-60,10.00,
2026-09-18T15:05:08,2,1.685,34.80,32.0020,25.9,1.696,35.71,4.03,-60,9.75,
2026-09-18T15:05:09,2,1.662,33.00,32.0210,25.9,1.700,35.96,4.02,-60,10.25,
2026-09-18T15:05:10,2,1.687,35.00,32.0400,25.9,1.702,36.16,4.01,-60,10.00,
2026-09-18T15:05:11,2,1.660,32.81,32.0610,25.9,1.684,34.74,4.05,-60,10.25,
2026-09-18T15:05:12,2,1.661,32.87,32.0900,25.9,1.699,35.90,4.03,-59,9.50,
2026-09-18T15:05:13,2,1.683,34.68,32.0930,25.9,1.700,36.03,4.03,-60,9.75,
2026-09-18T15:05:15,2,1.660,32.81,32.1320,25.9,1.697,35.77,4.05,-61,9.75,
2026-09-18T15:05:16,2,1.696,35.71,32.1500,25.9,1.694,35.51,4.01,-61,9.75,
2026-09-18T15:05:17,2,1.683,34.61,32.1640,25.9,1.702,36.16,4.03,-60,10.00,
2026-09-18T15:05:18,2,1.662,33.00,32.1870,25.9,1.696,35.71,4.05,-60,10.00,
2026-09-18T15:05:19,2,1.688,35.06,32.2080,25.9,1.703,36.22,4.01,-60,10.25,
2026-09-18T15:05:20,2,1.663,33.06,32.2280,25.9,1.696,35.64,4.05,-60,9.75,
2026-09-18T15:05:21,2,1.665,33.19,32.2460,25.9,1.699,35.90,4.03,-59,9.25,
2026-09-18T15:05:22,2,1.692,35.32,32.2610,25.9,1.703,36.22,4.01,-59,9.50,
2026-09-18T15:05:23,2,1.665,33.19,32.2690,25.9,1.697,35.77,4.06,-59,10.00,
2026-09-18T15:05:24,2,1.698,35.84,32.2780,25.9,1.706,36.48,4.00,-60,9.50,
2026-09-18T15:05:25,2,1.686,34.87,32.3000,25.9,1.701,36.09,4.03,-59,9.50,
2026-09-18T15:05:27,2,1.667,33.32,32.3330,25.9,1.699,35.90,4.06,-60,9.75,
2026-09-18T15:05:31,2,1.690,35.19,32.4080,25.9,1.704,36.29,4.01,-50,-3.00,
2026-09-18T15:05:33,2,1.667,33.32,32.4510,25.9,1.701,36.09,1.00,-49,-1.75,
2026-09-18T15:05:34,2,1.688,35.06,32.4580,25.9,1.701,36.09,4.03,-62,9.50,
2026-09-18T15:05:35,2,1.663,33.06,32.4820,25.9,1.699,35.90,4.05,-60,9.50,
2026-09-18T15:05:36,2,1.696,35.64,32.5030,25.9,1.706,36.48,4.01,-61,9.75,
2026-09-18T15:05:38,2,1.687,35.00,32.5200,25.9,1.702,36.16,4.03,-62,9.75,
2026-09-18T15:05:39,2,1.668,33.45,32.5210,25.9,1.703,36.22,4.03,-61,9.75,
2026-09-18T15:05:40,2,1.696,35.64,32.5230,25.9,1.706,36.48,4.01,-59,9.75,
2026-09-18T15:05:41,2,1.664,33.13,32.5370,25.9,1.703,36.22,4.05,-59,9.50,
2026-09-18T15:05:42,2,1.666,33.26,32.5400,25.9,1.702,36.16,4.03,-59,9.50,
2026-09-18T15:05:43,2,1.689,35.13,32.5600,25.9,1.702,36.16,4.03,-60,9.75,
2026-09-18T15:05:44,2,1.666,33.26,32.5670,25.9,1.698,35.84,4.05,-59,9.75,
2026-09-18T15:05:45,2,1.701,36.09,32.5770,25.9,1.707,36.55,4.00,-60,9.50,
2026-09-18T15:05:46,2,1.691,35.26,32.5910,25.9,1.705,36.42,4.03,-61,9.50,
2026-09-18T15:05:47,2,1.668,33.45,32.6010,25.9,1.703,36.22,4.02,-60,9.75,
2026-09-18T15:05:48,2,1.697,35.77,32.6070,25.9,1.709,36.74,4.01,-60,9.50,
2026-09-18T15:05:50,2,1.665,33.19,32.6230,25.9,1.700,35.96,4.05,-60,9.50,
2026-09-18T15:05:51,2,1.671,33.64,32.6330,25.9,1.707,36.55,4.03,-63,9.75,
2026-09-18T15:05:52,2,1.693,35.45,32.6290,25.9,1.704,36.29,4.03,-65,9.50,
2026-09-18T15:05:53,2,1.667,33.39,32.6400,25.9,1.700,36.03,4.05,-61,10.00,
2026-09-18T15:05:54,2,1.671,33.64,32.6530,25.9,1.703,36.22,4.04,-61,10.00,
2026-09-18T15:05:55,2,1.692,35.32,32.6560,25.9,1.704,36.29,4.03,-62,9.50,
2026-09-18T15:05:56,2,1.670,33.58,32.6660,25.9,1.692,35.38,4.05,-62,9.50,
2026-09-18T15:05:57,2,1.701,36.09,32.6820,25.9,1.707,36.55,4.01,-62,10.25,
2026-09-18T15:05:58,2,1.691,35.26,32.6970,25.9,1.702,36.16,4.03,-62,9.75,
2026-09-18T15:05:59,2,1.672,33.77,32.7100,25.9,1.704,36.35,4.03,-62,10.00,
2026-09-18T15:06:00,2,1.695,35.58,32.7230,25.9,1.708,36.67,4.01,-63,9.50,
2026-09-18T15:06:02,2,1.678,34.22,32.7400,25.9,1.703,36.22,4.05,-62,10.00,
2026-09-18T15:06:03,2,1.671,33.64,32.7460,25.9,1.703,36.22,4.04,-60,9.75,
2026-09-18T15:06:04,2,1.694,35.51,32.7640,25.9,1.703,36.22,4.04,-62,10.00,
2026-09-18T15:06:05,2,1.671,33.64,32.7710,25.9,1.701,36.09,4.05,-61,9.75,
2026-09-18T15:06:06,2,1.704,36.35,32.7830,25.9,1.706,36.48,4.01,-62,10.50,
2026-09-18T15:06:07,2,1.685,34.80,32.7960,25.9,1.701,36.09,4.03,-62,9.50,
2026-09-18T15:06:08,2,1.663,33.06,32.8010,25.9,1.707,36.55,4.02,-62,10.25,
2026-09-18T15:06:09,2,1.701,36.09,32.8150,25.9,1.709,36.74,4.00,-63,10.00,
2026-09-18T15:06:17,2,1.673,33.84,32.9070,25.9,1.706,36.48,4.02,-63,10.25,
2026-09-18T15:06:18,2,1.703,36.22,32.9180,25.9,1.708,36.67,4.00,-63,9.25,
2026-09-18T15:06:19,2,1.696,35.64,32.9340,25.9,1.704,36.35,4.03,-63,9.50,
2026-09-18T15:06:20,2,1.672,33.77,32.9430,25.9,1.704,36.35,4.03,-63,10.00,
2026-09-18T15:06:21,2,1.699,35.90,32.9520,25.9,1.706,36.48,4.03,-63,9.50,
2026-09-18T15:06:22,2,1.673,33.84,32.9660,25.9,1.702,36.16,4.05,-63,9.75,
2026-09-18T15:06:23,2,1.675,33.97,32.9690,25.9,1.707,36.55,4.03,-62,9.50,
2026-09-18T15:06:24,2,1.696,35.64,32.9710,25.9,1.705,36.42,4.03,-62,10.00,
2026-09-18T15:06:26,2,1.674,33.90,32.9860,25.9,1.706,36.48,4.03,-63,10.00,
2026-09-18T15:06:27,2,1.705,36.42,32.9950,25.9,1.708,36.67,4.01,-62,10.00,
2026-09-18T15:06:28,2,1.695,35.58,33.0030,25.9,1.700,36.03,4.03,-61,10.00,
2026-09-18T15:06:29,2,1.673,33.84,33.0060,25.9,1.705,36.42,4.03,-61,9.75,
2026-09-18T15:06:30,2,1.700,35.96,33.0190,25.9,1.707,36.55,4.01,-61,10.50,
2026-09-18T15:06:31,2,1.670,33.58,33.0250,25.9,1.700,36.03,4.05,-61,9.75,
2026-09-18T15:06:32,2,1.675,33.97,33.0420,25.9,1.707,36.55,4.03,-61,9.75,
2026-09-18T15:06:33,2,1.695,35.58,33.0470,25.9,1.706,36.48,4.03,-59,9.50,
2026-09-18T15:06:34,2,1.683,34.68,33.0540,25.9,1.703,36.22,4.05,-60,9.25,
2026-09-18T15:06:35,2,1.708,36.61,33.0610,25.9,1.710,36.80,4.00,-61,9.75,
2026-09-18T15:06:37,2,1.696,35.71,33.0660,25.9,1.706,36.48,4.04,-61,9.75,
2026-09-18T15:06:38,2,1.669,33.52,33.0850,25.9,1.705,36.42,4.03,-61,10.00,
2026-09-18T15:06:39,2,1.702,36.16,33.0910,25.9,1.709,36.74,4.01,-61,10.00,
2026-09-18T15:06:40,2,1.672,33.77,33.1030,25.9,1.701,36.09,4.05,-61,9.50,
2026-09-18T15:06:41,2,1.675,33.97,33.1150,25.9,1.705,36.42,4.03,-61,9.75,
2026-09-18T15:06:42,2,1.700,36.03,33.1170,25.9,1.706,36.48,4.03,-61,9.50,
2026-09-18T15:06:43,2,1.671,33.64,33.1360,25.9,1.702,36.16,4.05,-59,9.75,
2026-09-18T15:06:44,2,1.677,34.16,33.1480,25.9,1.718,37.45,4.03,-61,9.50,
2026-09-18T15:06:45,2,1.698,35.84,33.1580,25.9,1.705,36.42,4.03,-61,9.75,
2026-09-18T15:06:46,2,1.675,33.97,33.1820,26.9,1.707,36.55,4.03,-61,9.50,
2026-09-18T15:06:47,2,1.707,36.55,33.1830,25.9,1.710,36.80,4.01,-61,10.00,
2026-09-18T15:06:49,2,1.698,35.84,33.1970,25.9,1.706,36.48,4.03,-61,9.50,
2026-09-18T15:06:50,2,1.676,34.10,33.1970,26.9,1.706,36.48,4.03,-61,9.50,
2026-09-18T15:06:51,2,1.700,36.03,33.2100,26.9,1.708,36.61,4.03,-61,9.75,
2026-09-18T15:06:59,2,1.701,36.09,33.2740,26.9,1.707,36.55,4.03,-63,9.50,
2026-09-18T15:07:01,2,1.675,33.97,33.2850,26.9,1.704,36.29,4.05,-63,9.50,
2026-09-18T15:07:02,2,1.676,34.10,33.3020,26.9,1.706,36.48,4.03,-64,9.75,
2026-09-18T15:07:03,2,1.699,35.90,33.3100,26.9,1.708,36.61,4.03,-63,10.00,
2026-09-18T15:07:04,2,1.675,34.03,33.3180,26.9,1.708,36.61,4.05,-63,9.75,
2026-09-18T15:07:05,2,1.709,36.74,33.3200,26.9,1.710,36.80,4.00,-63,9.75,
2026-09-18T15:07:06,2,1.700,36.03,33.3210,26.9,1.708,36.61,4.03,-63,9.75,
2026-09-18T15:07:07,2,1.676,34.10,33.3320,26.9,1.704,36.35,4.03,-63,10.25,
2026-09-18T15:07:08,2,1.706,36.48,33.3470,26.9,1.710,36.80,4.01,-64,10.00,
2026-09-18T15:07:09,2,1.676,34.10,33.3550,26.9,1.705,36.42,4.05,-63,9.75,
2026-09-18T15:07:10,2,1.679,34.35,33.3620,26.9,1.709,36.74,4.03,-64,9.75,
2026-09-18T15:07:11,2,1.699,35.90,33.3600,26.9,1.707,36.55,4.03,-64,9.75,
2026-09-18T15:07:13,2,1.675,33.97,33.3690,26.9,1.704,36.29,4.05,-64,9.75,
2026-09-18T15:07:14,2,1.679,34.35,33.3750,26.9,1.707,36.55,4.03,-64,9.75,
2026-09-18T15:07:15,2,1.699,35.90,33.3790,26.9,1.706,36.48,4.03,-65,9.25,
2026-09-18T15:07:16,2,1.677,34.16,33.3860,26.9,1.707,36.55,4.02,-64,9.75,
2026-09-18T15:07:17,2,1.708,36.61,33.3940,26.9,1.711,36.87,4.01,-64,9.75,
2026-09-18T15:07:18,2,1.698,35.84,33.3960,26.9,1.706,36.48,4.03,-64,9.50,
2026-09-18T15:07:19,2,1.680,34.42,33.4030,26.9,1.709,36.74,4.03,-64,9.50,
2026-09-18T15:07:20,2,1.701,36.09,33.4240,26.9,1.708,36.61,4.03,-64,9.50,
2026-09-18T15:07:21,2,1.678,34.22,33.4390,26.9,1.707,36.55,4.05,-64,9.75,
2026-09-18T15:07:22,2,1.679,34.35,33.4400,26.9,1.706,36.48,4.03,-64,9.50,
2026-09-18T15:07:24,2,1.700,36.03,33.4480,26.9,1.708,36.61,4.03,-63,9.25,
2026-09-18T15:07:25,2,1.680,34.42,33.4520,26.9,1.708,36.67,4.03,-65,9.25,
2026-09-18T15:07:26,2,1.713,37.06,33.4610,26.9,1.712,37.00,4.01,-65,9.50,
2026-09-18T15:07:27,2,1.700,35.96,33.4660,26.9,1.706,36.48,4.03,-64,9.25,
2026-09-18T15:07:28,2,1.679,34.29,33.4810,26.9,1.708,36.61,4.03,-65,9.00,
2026-09-18T15:07:29,2,1.706,36.48,33.4860,26.9,1.707,36.55,4.03,-64,9.25,
2026-09-18T15:07:30,2,1.678,34.22,33.4990,26.9,1.703,36.22,4.05,-64,9.75,
2026-09-18T15:07:31,2,1.680,34.42,33.5190,26.9,1.712,37.00,4.03,-64,9.25,
2026-09-18T15:07:32,2,1.702,36.16,33.5280,26.9,1.708,36.67,4.03,-64,9.50,
2026-09-18T15:07:33,2,1.680,34.42,33.5290,26.9,1.710,36.80,4.02,-64,10.00,
2026-09-18T15:07:41,2,1.705,36.42,33.5740,26.9,1.710,7.00,4.03,-52,-1.25,
2026-09-18T15:07:42,2,1.681,34.48,33.5870,26.9,1.704,36.35,4.05,-62,10.00,
2026-09-18T15:07:43,2,1.680,34.42,33.5910,26.9,1.710,36.80,4.03,-62,9.50,
2026-09-18T15:07:44,2,1.704,36.35,33.5980,26.9,1.708,36.61,4.03,-61,9.75,
2026-09-18T15:07:45,2,1.682,34.55,33.6050,26.9,1.710,36.80,4.03,-62,12.25,
2026-09-18T15:07:46,2,1.710,36.80,33.6100,26.9,1.712,37.00,4.01,-61,10.00,
2026-09-18T15:07:48,2,1.704,36.35,33.6190,26.9,1.708,36.67,4.03,-62,9.25,
2026-09-18T15:07:49,2,1.685,34.80,33.6190,26.9,1.710,36.80,4.03,-61,9.50,
2026-09-18T15:07:50,2,1.703,36.22,33.6230,26.9,1.709,36.74,4.03,-62,9.75,
2026-09-18T15:07:51,2,1.679,34.35,33.6200,26.9,1.708,36.61,4.05,-61,9.75,
2026-09-18T15:07:52,2,1.682,34.55,33.6300,26.9,1.711,36.87,4.03,-61,9.50,
2026-09-18T15:07:53,2,1.704,36.35,33.6400,26.9,1.708,36.61,4.03,-62,9.25,
2026-09-18T15:07:54,2,1.683,34.61,33.6520,26.9,1.710,36.80,4.02,-61,10.00,
2026-09-18T15:07:55,2,1.716,37.32,33.6610,26.9,1.712,37.00,4.00,-62,9.50,
2026-09-18T15:07:56,2,1.708,36.61,33.6560,26.9,1.709,36.74,4.04,-61,10.25,
2026-09-18T15:07:57,2,1.683,34.61,33.6640,26.9,1.712,36.93,4.03,-61,9.75,
2026-09-18T15:07:58,2,1.706,36.48,33.6720,26.9,1.708,36.67,4.03,-61,9.25,
2026-09-18T15:08:00,2,1.680,34.42,33.6830,26.9,1.708,36.61,4.05,-61,9.50,
2026-09-18T15:08:01,2,1.690,35.19,33.6870,26.9,1.712,37.00,4.03,-61,9.75,
2026-09-18T15:08:02,2,1.701,36.09,33.6970,26.9,1.710,36.80,4.03,-62,10.00,
2026-09-18T15:08:03,2,1.687,34.93,33.7010,26.9,1.709,36.74,4.02,-62,9.75,
2026-09-18T15:08:04,2,1.679,34.29,33.7080,26.9,1.707,36.55,4.03,-60,9.50,
2026-09-18T15:08:05,2,1.705,36.42,33.7210,26.9,1.708,36.67,4.03,-62,10.00,
2026-09-18T15:08:06,2,1.681,34.48,33.7310,26.9,1.709,36.74,4.03,-62,9.50,
2026-09-18T15:08:07,2,1.708,36.67,33.7400,26.9,1.709,36.74,4.03,-62,9.75,
2026-09-18T15:08:08,2,1.705,36.42,33.7450,26.9,1.711,36.87,4.03,-62,9.75,
2026-09-18T15:08:09,2,1.684,34.74,33.7600,26.9,1.713,37.06,4.03,-62,9.75,
2026-09-18T15:08:10,2,1.709,36.74,33.7680,26.9,1.712,36.93,4.03,-62,9.75,
2026-09-18T15:08:12,2,1.682,34.55,33.7770,26.9,1.712,37.00,4.04,-62,10.25,
2026-09-18T15:08:13,2,1.683,34.61,33.7850,26.9,1.709,36.74,4.03,-62,9.75,
2026-09-18T15:08:14,2,1.705,36.42,33.7880,26.9,1.712,37.00,4.03,-60,9.50,
2026-09-18T15:08:15,2,1.683,34.68,33.7960,26.9,1.711,36.87,4.02,-62,10.50,
2026-09-18T15:08:16,2,1.716,37.32,33.8060,26.9,1.714,37.13,4.01,-62,10.00,
2026-09-18T15:08:25,2,1.706,36.48,33.8720,26.9,1.711,36.87,4.03,-62,10.00,
2026-09-18T15:08:26,2,1.706,36.48,33.8710,26.9,1.710,36.80,4.03,-62,9.50,
2026-09-18T15:08:27,2,1.684,34.74,33.8670,26.9,1.711,36.87,4.03,-62,9.75,
2026-09-18T15:08:28,2,1.712,37.00,33.8740,26.9,1.712,36.93,4.03,-62,9.50,
2026-09-18T15:08:29,2,1.705,36.42,33.8850,26.9,1.712,36.93,4.03,-62,10.00,
2026-09-18T15:08:30,2,1.684,34.74,33.8850,26.9,1.710,36.80,4.03,-66,9.75,
2026-09-18T15:08:31,2,1.709,36.74,33.8930,26.9,1.710,36.80,4.03,-63,10.00,
2026-09-18T15:08:32,2,1.687,34.93,33.8990,26.9,1.715,37.19,4.03,-61,10.00,
2026-09-18T15:08:33,2,1.685,34.80,33.9090,26.9,1.711,36.87,4.03,-62,9.50,
2026-09-18T15:08:35,2,1.706,36.48,33.9140,26.9,1.712,36.93,4.03,-63,9.75,
2026-09-18T15:08:36,2,1.683,34.68,33.9270,26.9,1.711,36.87,4.03,-63,9.75,
2026-09-18T15:08:37,2,1.713,37.06,33.9320,26.9,1.708,36.61,4.03,-62,9.75,
2026-09-18T15:08:38,2,1.707,36.55,33.9400,26.9,1.710,36.80,4.03,-63,10.00,
2026-09-18T15:08:39,2,1.684,34.74,33.9490,26.9,1.712,37.00,4.03,-63,9.75,
2026-09-18T15:08:40,2,1.708,36.67,33.9620,26.9,1.709,36.74,4.03,-63,9.50,
2026-09-18T15:08:41,2,1.685,34.80,33.9690,26.9,1.708,36.61,4.02,-63,10.25,
2026-09-18T15:08:42,2,1.687,35.00,33.9740,26.9,1.711,36.87,4.03,-62,9.75,
2026-09-18T15:08:43,2,1.709,36.74,33.9780,26.9,1.712,36.93,4.03,-63,9.50,
2026-09-18T15:08:44,2,1.687,34.93,33.9880,26.9,1.708,36.67,4.03,-63,12.25,
2026-09-18T15:08:45,2,1.717,37.38,33.9960,26.9,1.710,36.80,4.02,-63,10.25,
2026-09-18T15:08:47,2,1.708,36.67,34.0070,26.9,1.711,36.87,4.03,-63,9.75,
2026-09-18T15:08:48,2,1.686,34.87,34.0290,26.9,1.712,37.00,4.03,-63,10.00,
2026-09-18T15:08:49,2,1.713,37.06,34.0210,26.9,1.710,36.80,4.03,-63,9.75,
2026-09-18T15:08:50,2,1.686,34.87,34.0330,26.9,1.714,37.13,4.05,-62,10.25,
2026-09-18T15:08:51,2,1.685,34.80,34.0480,26.9,1.716,37.25,4.03,-63,9.50,
2026-09-18T15:08:52,2,1.710,36.80,34.0500,26.9,1.710,36.80,4.03,-62,9.50,
2026-09-18T15:08:53,2,1.687,34.93,34.0520,26.9,1.713,37.06,4.02,-62,10.00,
2026-09-18T15:08:54,2,1.687,35.00,34.0530,26.9,1.712,36.93,4.03,-61,10.25,
2026-09-18T15:08:55,2,1.711,36.87,34.0640,26.9,1.712,36.93,4.03,-63,9.50,
2026-09-18T15:08:56,2,1.686,34.87,34.0640,26.9,1.712,37.00,4.03,-63,9.25,
2026-09-18T15:08:57,2,1.713,37.06,34.0730,26.9,1.710,36.80,4.03,-63,10.25,
2026-09-18T15:08:59,2,1.709,36.74,34.0810,26.9,1.712,37.00,4.03,-63,9.50,
2026-09-18T15:09:07,2,1.708,36.67,34.1150,26.9,1.713,37.06,4.03,-62,9.50,
2026-09-18T15:09:08,2,1.687,35.00,34.1190,26.9,1.712,36.93,4.03,-63,10.00,
2026-09-18T15:09:09,2,1.716,37.32,34.1350,26.9,1.713,37.06,4.03,-63,9.00,
2026-09-18T15:09:11,2,1.687,35.00,34.1490,26.9,1.714,37.13,4.02,-63,10.00,
2026-09-18T15:09:12,2,1.686,34.87,34.1670,26.9,1.713,37.06,4.03,-64,9.25,
2026-09-18T15:09:13,2,1.711,36.87,34.1790,26.9,1.714,37.13,4.03,-65,9.75,
2026-09-18T15:09:14,2,1.687,34.93,34.1860,26.9,1.715,37.19,4.03,-64,9.50,
2026-09-18T15:09:15,2,1.719,37.51,34.1900,26.9,1.714,37.13,4.02,-64,10.25,
2026-09-18T15:09:16,2,1.711,36.87,34.2020,26.9,1.712,36.93,4.03,-64,9.50,
2026-09-18T15:09:17,2,1.689,35.13,34.2040,26.9,1.714,37.13,4.03,-64,9.75,
2026-09-18T15:09:18,2,1.712,36.93,34.2130,26.9,1.711,36.87,4.03,-64,9.50,
2026-09-18T15:09:19,2,1.692,35.38,34.2200,26.9,1.716,37.32,3.99,-64,12.00,
2026-09-18T15:09:20,2,1.690,35.19,34.2260,26.9,1.717,37.38,4.03,-64,9.50,
2026-09-18T15:09:22,2,1.716,37.32,34.2280,26.9,1.712,36.93,4.03,-64,9.25,
2026-09-18T15:09:23,2,1.688,35.06,34.2450,26.9,1.716,37.25,4.03,-64,9.75,
2026-09-18T15:09:24,2,1.687,35.00,34.2610,26.9,1.712,36.93,4.05,-63,9.25,
2026-09-18T15:09:25,2,1.710,36.80,34.2650,26.9,1.712,37.00,4.02,-65,9.50,
2026-09-18T15:09:26,2,1.688,35.06,34.2640,26.9,1.713,37.06,4.03,-65,9.50,
2026-09-18T15:09:27,2,1.716,37.32,34.2640,26.9,1.713,37.06,4.02,-64,9.50,
2026-09-18T15:09:28,2,1.715,37.19,34.2700,26.9,1.722,37.77,4.02,-64,9.75,
2026-09-18T15:09:29,2,1.688,35.06,34.2810,26.9,1.715,37.19,4.03,-64,9.50,
2026-09-18T15:09:30,2,1.715,37.19,34.2880,26.9,1.713,37.06,4.03,-65,9.00,
2026-09-18T15:09:31,2,1.688,35.06,34.2910,26.9,1.716,37.25,4.03,-64,9.50,
2026-09-18T15:09:32,2,1.691,35.26,34.2990,26.9,1.717,37.38,4.03,-64,9.25,
2026-09-18T15:09:34,2,1.713,37.06,34.3030,26.9,1.715,37.19,4.03,-64,9.25,
2026-09-18T15:09:35,2,1.688,35.06,34.3320,26.9,1.714,37.13,4.03,-63,9.00,
2026-09-18T15:09:36,2,1.720,37.58,34.3380,26.9,1.718,37.45,4.02,-64,9.50,
2026-09-18T15:09:37,2,1.714,37.13,34.3450,26.9,1.716,37.25,4.03,-64,9.25,
2026-09-18T15:09:38,2,1.692,35.32,34.3550,26.9,1.715,37.19,4.03,-64,8.75,
2026-09-18T15:09:39,2,1.716,37.32,34.3650,26.9,1.714,37.13,4.03,-64,9.25,
2026-09-18T15:09:40,2,1.690,35.19,34.3740,26.9,1.715,37.19,4.02,-64,9.25,
2026-09-18T15:09:41,2,1.692,35.32,34.3840,26.9,1.715,37.19,4.03,-64,9.25,
2026-09-18T15:09:42,2,1.713,37.06,34.3900,26.9,1.714,37.13,4.03,-64,9.75,
2026-09-18T15:09:50,2,1.692,35.32,34.4510,26.9,1.716,37.25,4.03,-64,9.25,
2026-09-18T15:09:51,2,1.713,37.06,34.4560,26.9,1.716,37.32,4.03,-63,9.50,
2026-09-18T15:09:52,2,1.693,35.45,34.4600,26.9,1.716,37.25,4.03,-64,9.25,
2026-09-18T15:09:53,2,1.687,34.93,34.4670,26.9,1.712,37.00,4.05,-64,10.00,
2026-09-18T15:09:54,2,1.712,36.93,34.4610,26.9,1.715,37.19,4.03,-63,10.25,
2026-09-18T15:09:55,2,1.692,35.32,34.4670,26.9,1.717,37.38,4.03,-63,9.75,
2026-09-18T15:09:56,2,1.721,37.71,34.4660,26.9,1.716,37.32,4.03,-63,9.75,
2026-09-18T15:09:58,2,1.718,37.45,34.4830,26.9,1.720,37.58,4.00,-63,9.75,
2026-09-18T15:09:59,2,1.690,35.19,34.4880,26.9,1.716,37.25,4.03,-63,9.75,
2026-09-18T15:10:00,2,1.716,37.32,34.4940,26.9,1.716,37.25,4.03,-63,9.50,
2026-09-18T15:10:01,2,1.692,35.38,34.5010,26.9,1.716,37.32,4.03,-59,9.50,
2026-09-18T15:10:02,2,1.689,35.13,34.5040,26.9,1.714,37.13,4.05,-60,9.50,
2026-09-18T15:10:03,2,1.712,37.00,34.5160,26.9,1.716,37.25,4.03,-60,9.75,
2026-09-18T15:10:04,2,1.692,35.38,34.5290,26.9,1.717,37.38,4.03,-60,9.25,
2026-09-18T15:10:05,2,1.722,37.77,34.5350,26.9,1.717,37.38,4.02,-60,9.75,
2026-09-18T15:10:06,2,1.717,37.38,34.5320,26.9,1.720,37.58,4.01,-61,10.00,
2026-09-18T15:10:07,2,1.695,35.58,34.5380,26.9,1.716,37.25,4.03,-60,9.50,
2026-09-18T15:10:08,2,1.719,37.51,34.5470,26.9,1.719,37.51,4.03,-61,9.50,
2026-09-18T15:10:10,2,1.692,35.38,34.5720,26.9,1.718,37.45,4.03,-60,9.75,
2026-09-18T15:10:11,2,1.689,35.13,34.5790,26.9,1.712,37.00,4.05,-60,9.50,
2026-09-18T15:10:12,2,1.717,37.38,34.5770,26.9,1.718,37.45,4.03,-61,9.75,
2026-09-18T15:10:13,2,1.691,35.26,34.5820,26.9,1.719,37.51,4.03,-61,10.00,13
2026-09-18T15:10:14,2,1.692,35.38,34.6000,26.9,1.715,37.19,4.05,-61,9.50,
2026-09-18T15:10:15,2,1.717,37.38,34.6040,26.9,1.720,37.58,4.01,-59,9.50,
2026-09-18T15:10:16,2,1.696,35.64,34.6220,26.9,1.718,37.45,4.03,-60,9.50,
2026-09-18T15:10:17,2,1.720,37.58,34.6240,26.9,1.719,37.51,4.03,-60,9.25,
2026-09-18T15:10:18,2,1.720,37.58,34.6240,26.9,1.712,36.93,4.01,-60,9.75,
2026-09-18T15:10:19,2,1.692,35.32,34.6350,26.9,1.715,37.19,4.03,-60,9.75,
2026-09-18T15:10:21,2,1.709,36.74,34.6530,26.9,1.718,37.45,4.03,-60,9.50,
2026-09-18T15:10:22,2,1.696,35.64,34.6730,26.9,1.718,37.45,4.03,-60,9.50,
2026-09-18T15:10:23,2,1.692,35.32,34.6800,26.9,1.716,37.25,4.05,-60,9.75,
2026-09-18T15:10:24,2,1.716,37.32,34.6840,26.9,1.719,37.51,4.03,-60,9.25,
2026-09-18T15:10:25,2,1.708,36.61,34.6900,26.9,1.721,37.71,4.04,-58,9.75,
2026-09-18T15:10:33,2,1.719,37.51,34.7260,26.9,1.719,37.51,4.03,-60,9.50,
2026-09-18T15:10:34,2,1.700,35.96,34.7470,26.9,1.719,37.51,4.03,-60,9.75,
2026-09-18T15:10:35,2,1.726,38.09,34.7570,26.9,1.721,37.71,4.02,-60,10.00,
2026-09-18T15:10:36,2,1.721,37.64,34.7730,26.9,1.722,37.77,4.01,-60,9.50,
2026-09-18T15:10:37,2,1.700,35.96,34.8050,26.9,1.719,37.51,4.03,-60,9.50,
2026-09-18T15:10:38,2,1.721,37.64,34.8290,26.9,1.720,37.58,4.03,-60,9.25,
2026-09-18T15:10:39,2,1.697,35.77,34.8510,26.9,1.721,37.64,4.03,-60,9.50,
2026-09-18T15:10:40,2,1.690,35.19,34.8730,26.9,1.713,37.06,4.05,-60,9.75,
2026-09-18T15:10:41,2,1.721,37.71,34.8880,26.9,1.721,37.64,4.03,-60,9.50,
2026-09-18T15:10:42,2,1.698,35.84,34.9140,26.9,1.724,37.90,4.03,-60,9.25,
2026-09-18T15:10:43,2,1.695,35.58,34.9370,26.9,1.718,37.45,4.05,-60,9.75,
2026-09-18T15:10:45,2,1.714,37.13,34.9650,26.9,1.724,37.90,4.01,-60,9.75,
2026-09-18T15:10:46,2,1.698,35.84,35.0120,26.9,1.722,37.77,4.03,-60,9.50,
2026-09-18T15:10:47,2,1.725,38.03,35.0370,26.9,1.722,37.77,4.02,-60,10.25,
2026-09-18T15:10:48,2,1.726,38.09,35.0600,26.9,1.723,37.83,4.01,-60,9.75,
2026-09-18T15:10:49,2,1.699,35.90,35.0860,26.9,1.717,37.38,4.05,-59,9.50,
2026-09-18T15:10:50,2,1.724,37.90,35.1090,26.9,1.722,37.77,4.02,-60,10.00,
2026-09-18T15:10:51,2,1.699,35.90,35.1270,26.9,1.722,37.77,4.03,-60,9.50,
2026-09-18T15:10:52,2,1.700,35.96,35.1460,26.9,1.718,37.45,4.05,-64,9.25,
2026-09-18T15:10:53,2,1.727,38.16,35.1650,26.9,1.724,37.90,4.00,-66,9.25,
2026-09-18T15:10:54,2,1.700,36.03,35.1810,26.9,1.722,37.77,4.03,-64,9.25,
2026-09-18T15:10:55,2,1.729,38.29,35.1940,26.9,1.723,37.83,4.02,-64,9.75,
2026-09-18T15:10:57,2,1.721,37.64,35.2030,26.9,1.725,37.96,4.01,-65,9.50,
2026-09-18T15:10:58,2,1.700,35.96,35.2140,26.9,1.717,37.38,4.05,-64,9.50,
2026-09-18T15:10:59,2,1.727,38.16,35.2140,26.9,1.722,37.77,4.03,-64,10.00,
2026-09-18T15:11:00,2,1.698,35.84,35.2150,26.9,1.722,37.77,4.03,-64,10.00,
2026-09-18T15:11:01,2,1.698,35.84,35.2140,26.9,1.719,37.51,4.05,-65,9.75,
2026-09-18T15:11:02,2,1.727,38.16,35.2110,26.9,1.726,38.09,4.01,-64,10.00,
2026-09-18T15:11:03,2,1.700,36.03,35.2180,26.9,1.721,37.71,4.03,-64,9.75,
2026-09-18T15:11:04,2,1.732,38.54,35.2130,26.9,1.721,37.71,4.03,-64,9.25,
2026-09-18T15:11:05,2,1.729,38.29,35.2160,26.9,1.725,37.96,4.01,-63,9.50,
2026-09-18T15:11:06,2,1.696,35.64,35.2150,26.9,1.718,37.45,4.05,-65,9.75,
2026-09-18T15:11:07,2,1.727,38.16,35.2080,26.9,1.724,37.90,4.03,-66,9.50,
2026-09-18T15:11:15,2,1.704,36.29,35.1870,26.9,1.725,37.96,4.00,-55,8.00,
2026-09-18T15:11:16,2,1.728,38.22,35.1810,26.9,1.723,37.83,4.03,-65,9.50,
2026-09-18T15:11:17,2,1.724,37.90,35.1690,26.9,1.724,37.90,4.01,-64,10.00,
2026-09-18T15:11:18,2,1.694,35.51,35.1480,26.9,1.718,37.45,4.05,-64,9.00,
2026-09-18T15:11:20,2,1.724,37.90,35.1290,26.9,1.724,37.90,4.02,-65,9.50,
2026-09-18T15:11:21,2,1.696,35.71,35.0920,26.9,1.722,37.77,4.03,-64,9.50,
2026-09-18T15:11:22,2,1.697,35.77,35.0740,26.9,1.717,37.38,4.05,-65,9.25,
2026-09-18T15:11:23,2,1.725,38.03,35.0550,26.9,1.726,38.09,4.01,-64,9.25,
2026-09-18T15:11:24,2,1.696,35.71,35.0370,26.9,1.722,37.77,4.03,-64,9.25,
2026-09-18T15:11:25,2,1.729,38.29,35.0220,26.9,1.722,37.77,4.03,-64,9.25,
2026-09-18T15:11:26,2,1.723,37.83,35.0040,26.9,1.726,38.09,4.01,-64,10.25,
2026-09-18T15:11:27,2,1.695,35.58,34.9930,26.9,1.718,37.45,4.05,-64,9.75,
2026-09-18T15:11:28,2,1.723,37.83,34.9910,26.9,1.719,37.51,4.03,-64,9.75,
2026-09-18T15:11:29,2,1.698,35.84,34.9750,26.9,1.722,37.77,4.03,-64,10.00,
2026-09-18T15:11:30,2,1.695,35.58,34.9590,26.9,1.719,37.51,4.05,-64,9.00,
2026-09-18T15:11:32,2,1.721,37.64,34.9490,26.9,1.726,38.09,4.00,-64,9.25,
2026-09-18T15:11:33,2,1.695,35.58,34.9150,26.9,1.721,37.71,4.03,-64,9.75,
2026-09-18T15:11:34,2,1.728,38.22,34.9030,26.9,1.716,37.25,4.02,-64,9.75,
2026-09-18T15:11:35,2,1.719,37.51,34.8860,26.9,1.723,37.83,4.01,-64,10.00,
2026-09-18T15:11:36,2,1.694,35.51,34.8690,26.9,1.733,38.61,4.05,-64,9.50,
2026-09-18T15:11:37,2,1.724,37.90,34.8600,26.9,1.720,37.58,4.03,-64,9.75,
2026-09-18T15:11:38,2,1.721,37.71,34.8610,26.9,1.725,37.96,4.01,-64,9.75,
2026-09-18T15:11:39,2,1.697,35.77,34.8690,26.9,1.718,37.45,4.05,-64,9.75,
2026-09-18T15:11:40,2,1.721,37.71,34.8690,26.9,1.724,37.90,4.00,-64,9.75,
2026-09-18T15:11:41,2,1.698,35.84,34.8690,26.9,1.721,37.64,4.03,-64,9.50,
2026-09-18T15:11:42,2,1.694,35.51,34.8690,26.9,1.720,37.58,4.05,-64,9.25,
2026-09-18T15:11:44,2,1.720,37.58,34.8640,26.9,1.721,37.64,4.01,-66,9.75,
2026-09-18T15:11:45,2,1.693,35.45,34.8610,26.9,1.719,37.51,4.05,-65,10.00,
2026-09-18T15:11:46,2,1.717,37.38,34.8560,26.9,1.721,37.71,4.03,-64,9.50,
2026-09-18T15:11:47,2,1.720,37.58,34.8520,26.9,1.724,37.90,4.01,-66,11.00,
2026-09-18T15:11:48,2,1.692,35.32,34.8490,26.9,1.715,37.19,4.05,-65,9.75,
2026-09-18T15:11:49,2,1.737,38.93,34.8340,26.9,1.724,37.90,4.00,-65,9.50,
2026-09-18T15:11:50,2,1.696,35.64,34.8310,26.9,1.721,37.64,4.03,-65,9.50,
2026-09-18T15:11:58,2,1.724,37.90,34.8120,26.9,1.723,37.83,4.00,-53,7.00,
2026-09-18T15:11:59,2,1.696,35.64,34.8060,26.9,1.721,37.71,4.03,-65,9.75,
2026-09-18T15:12:00,2,1.692,35.38,34.8040,26.9,1.716,37.32,4.05,-65,9.75,
2026-09-18T15:12:01,2,1.721,37.64,34.7980,26.9,1.723,37.83,4.01,-65,10.00,
2026-09-18T15:12:02,2,1.693,35.45,34.8030,26.9,1.717,37.38,4.05,-66,9.75,
2026-09-18T15:12:03,2,1.726,38.09,34.8070,26.9,1.721,37.71,4.02,-63,9.75,
2026-09-18T15:12:04,2,1.720,37.58,34.8100,26.9,1.722,37.77,4.01,-64,9.75,
2026-09-18T15:12:05,2,1.694,35.51,34.8120,26.9,1.716,37.25,4.05,-65,9.75,
2026-09-18T15:12:06,2,1.720,37.58,34.8170,26.9,1.722,37.77,4.03,-65,10.00,
2026-09-18T15:12:08,2,1.698,35.84,34.8110,26.9,1.724,37.90,4.01,-66,9.75,
2026-09-18T15:12:09,2,1.692,35.32,34.8230,26.9,1.718,37.45,4.04,-66,9.75,
2026-09-18T15:12:10,2,1.722,37.77,34.8250,26.9,1.723,37.83,4.00,-66,9.50,
2026-09-18T15:12:11,2,1.696,35.71,34.8220,26.9,1.721,37.64,4.03,-66,9.25,
2026-09-18T15:12:12,2,1.692,35.38,34.8270,26.9,1.716,37.25,4.05,-66,10.00,
2026-09-18T15:12:13,2,1.721,37.71,34.8300,26.9,1.722,37.77,4.01,-67,9.75,
2026-09-18T15:12:14,2,1.692,35.38,34.8350,26.9,1.716,37.25,4.04,-66,10.00,
2026-09-18T15:12:15,2,1.722,37.77,34.8300,26.9,1.722,37.77,4.02,-65,9.50,
2026-09-18T15:12:16,2,1.720,37.58,34.8340,26.9,1.722,37.77,4.01,-64,10.00,
2026-09-18T15:12:17,2,1.692,35.32,34.8340,26.9,1.715,37.19,4.05,-66,9.75,
2026-09-18T15:12:19,2,1.723,37.83,34.8360,26.9,1.724,37.90,4.00,-67,9.50,
2026-09-18T15:12:20,2,1.696,35.64,34.8210,26.9,1.719,37.51,4.03,-66,9.75,
2026-09-18T15:12:21,2,1.691,35.26,34.8190,26.9,1.716,37.32,4.04,-67,9.75,
2026-09-18T15:12:22,2,1.721,37.71,34.8150,26.9,1.723,37.83,4.01,-66,10.00,
2026-09-18T15:12:23,2,1.687,35.00,34.8160,26.9,1.716,37.25,4.05,-66,9.50,
2026-09-18T15:12:24,2,1.724,37.90,34.8110,26.9,1.720,37.58,4.02,-66,10.75,
2026-09-18T15:12:25,2,1.719,37.51,34.8090,26.9,1.723,37.83,4.01,-66,10.00,
2026-09-18T15:12:26,2,1.692,35.38,34.8000,26.9,1.717,37.38,4.05,-66,9.50,
2026-09-18T15:12:27,2,1.722,37.77,34.8010,26.9,1.722,37.77,4.00,-67,9.75,
2026-09-18T15:12:28,2,1.696,35.64,34.7970,26.9,1.721,37.64,4.03,-66,9.50,
2026-09-18T15:12:29,2,1.693,35.45,34.7860,26.9,1.716,37.32,4.05,-67,9.50,
2026-09-18T15:12:31,2,1.720,37.58,34.7850,26.9,1.722,37.77,4.01,-66,10.25,
2026-09-18T15:12:32,2,1.694,35.51,34.7760,26.9,1.716,37.25,4.05,-67,9.50,
2026-09-18T15:12:33,2,1.729,38.29,34.7750,26.9,1.718,37.45,4.02,-66,10.00,
2026-09-18T15:12:40,2,1.692,35.38,34.7770,26.9,1.715,37.19,4.05,-59,7.25,
2026-09-18T15:12:41,2,1.691,35.26,34.7750,26.9,1.716,37.25,4.05,-67,9.50,
2026-09-18T15:12:43,2,1.721,37.71,34.7760,26.9,1.721,37.71,4.01,-66,9.50,
2026-09-18T15:12:44,2,1.692,35.38,34.7580,26.9,1.716,37.25,4.05,-67,9.75,
2026-09-18T15:12:45,2,1.727,38.16,34.7540,26.9,1.721,37.71,3.99,-66,9.50,
2026-09-18T15:12:46,2,1.720,37.58,34.7510,25.9,1.722,37.77,4.01,-66,10.00,
2026-09-18T15:12:47,2,1.692,35.38,34.7470,26.9,1.716,37.32,4.05,-67,9.50,
2026-09-18T15:12:48,2,1.722,37.77,34.7490,25.9,1.724,37.90,4.01,-66,9.50,
2026-09-18T15:12:49,2,1.692,35.38,34.7470,26.9,1.713,37.06,4.05,-67,9.75,
2026-09-18T15:12:50,2,1.700,35.96,34.7520,26.9,1.717,37.38,4.05,-66,9.75,
2026-09-18T15:12:51,2,1.720,37.58,34.7520,26.9,1.722,37.77,4.01,-66,10.00,
2026-09-18T15:12:52,2,1.693,35.45,34.7500,26.9,1.714,37.13,4.05,-64,9.75,
2026-09-18T15:12:53,2,1.721,37.71,34.7440,26.9,1.718,37.45,4.02,-66,9.75,
2026-09-18T15:12:55,2,1.718,37.45,34.7330,25.9,1.720,37.58,4.01,-67,9.75,
2026-09-18T15:12:56,2,1.693,35.45,34.7280,26.9,1.716,37.32,4.05,-66,10.00,
2026-09-18T15:12:57,2,1.720,37.58,34.7280,26.9,1.721,37.71,4.01,-66,9.75,
2026-09-18T15:12:58,2,1.693,35.45,34.7360,26.9,1.716,37.32,4.02,-65,10.00,
2026-09-18T15:12:59,2,1.692,35.32,34.7320,26.9,1.715,37.19,4.05,-66,9.50,
2026-09-18T15:13:00,2,1.719,37.51,34.7200,25.9,1.721,37.64,4.01,-66,9.75,
2026-09-18T15:13:01,2,1.689,35.13,34.7250,25.9,1.714,37.13,4.04,-66,10.00,
2026-09-18T15:13:02,2,1.704,36.29,34.7190,26.9,1.718,37.45,4.05,-66,9.25,
2026-09-18T15:13:03,2,1.715,37.19,34.7090,25.9,1.721,37.64,4.01,-66,10.00,
2026-09-18T15:13:04,2,1.690,35.19,34.7130,25.9,1.715,37.19,4.05,-62,10.25,
2026-09-18T15:13:05,2,1.724,37.90,34.7190,25.9,1.721,37.64,4.00,-64,10.00,
2026-09-18T15:13:07,2,1.719,37.51,34.7110,25.9,1.718,37.45,4.01,-64,9.75,
2026-09-18T15:13:08,2,1.693,35.45,34.7090,26.9,1.715,37.19,4.05,-64,9.75,
2026-09-18T15:13:09,2,1.721,37.71,34.7120,26.9,1.721,37.71,4.00,-63,10.00,
2026-09-18T15:13:10,2,1.692,35.32,34.7030,25.9,1.715,37.19,4.05,-64,9.75,
2026-09-18T15:13:11,2,1.693,35.45,34.7140,25.9,1.715,37.19,4.05,-64,9.75,
2026-09-18T15:13:12,2,1.717,37.38,34.7190,25.9,1.721,37.64,4.01,-64,10.25,
2026-09-18T15:13:13,2,1.689,35.13,34.7340,25.9,1.716,37.32,4.05,-64,9.50,
2026-09-18T15:13:14,2,1.725,38.03,34.7320,25.9,1.725,37.96,4.00,-64,10.00,
2026-09-18T15:13:15,2,1.718,37.45,34.7300,25.9,1.721,37.64,4.01,-64,9.50,
2026-09-18T15:13:23,2,1.725,37.96,34.7350,25.9,1.721,37.71,4.00,-54,8.00,
2026-09-18T15:13:24,2,1.719,37.51,34.7320,25.9,1.719,37.51,4.01,-64,10.00,
2026-09-18T15:13:25,2,1.696,35.64,34.7290,25.9,1.713,37.06,4.05,-64,10.25,
2026-09-18T15:13:26,2,1.722,37.77,34.7330,25.9,1.720,37.58,4.00,-64,9.50,
2026-09-18T15:13:27,2,1.690,35.19,34.7320,25.9,1.715,37.19,4.05,-63,10.00,
2026-09-18T15:13:28,2,1.693,35.45,34.7260,25.9,1.710,36.80,4.05,-63,9.75,
2026-09-18T15:13:30,2,1.721,37.71,34.7360,25.9,1.718,37.45,4.01,-63,9.50,
2026-09-18T15:13:31,2,1.694,35.51,34.7210,25.9,1.712,37.00,4.05,-63,9.75,
2026-09-18T15:13:32,2,1.696,35.71,34.7140,25.9,1.720,37.58,4.02,-64,10.00,
2026-09-18T15:13:33,2,1.721,37.71,34.7060,25.9,1.721,37.64,4.01,-64,9.75,
2026-09-18T15:13:34,2,1.693,35.45,34.7020,25.9,1.715,37.19,4.04,-64,9.75,
2026-09-18T15:13:35,2,1.725,37.96,34.7110,25.9,1.721,37.71,4.01,-64,10.00,
2026-09-18T15:13:36,2,1.721,37.71,34.7020,25.9,1.716,37.25,4.01,-64,10.00,
2026-09-18T15:13:37,2,1.692,35.32,34.7000,25.9,1.713,37.06,4.05,-64,9.75,
2026-09-18T15:13:38,2,1.721,37.71,34.6900,25.9,1.721,37.71,4.01,-64,9.75,
2026-09-18T15:13:39,2,1.690,35.19,34.6890,25.9,1.716,37.32,4.05,-64,9.50,
2026-09-18T15:13:40,2,1.691,35.26,34.6840,25.9,1.712,37.00,4.05,-64,9.50,
2026-09-18T15:13:42,2,1.723,37.83,34.6820,25.9,1.719,37.51,4.01,-64,9.75,
2026-09-18T15:13:43,2,1.694,35.51,34.6850,25.9,1.712,36.93,4.05,-64,9.50,
2026-09-18T15:13:44,2,1.726,38.09,34.6830,25.9,1.720,37.58,4.00,-64,9.25,
2026-09-18T15:13:45,2,1.721,37.64,34.6860,25.9,1.720,37.58,4.01,-64,10.00,
2026-09-18T15:13:46,2,1.692,35.32,34.6880,25.9,1.713,37.06,4.05,-64,9.75,
2026-09-18T15:13:47,2,1.721,37.71,34.6860,25.9,1.721,37.71,4.01,-64,10.00,
2026-09-18T15:13:48,2,1.690,35.19,34.6910,25.9,1.714,37.13,4.04,-64,10.25,
2026-09-18T15:13:49,2,1.689,35.13,34.6810,25.9,1.712,36.93,4.04,-63,10.25,
2026-09-18T15:13:50,2,1.717,37.38,34.6820,25.9,1.721,37.64,4.01,-63,10.25,
2026-09-18T15:13:51,2,1.691,35.26,34.6800,25.9,1.711,36.87,4.05,-64,9.75,
2026-09-18T15:13:52,2,1.727,38.16,34.6790,25.9,1.721,37.71,4.00,-64,9.50,
2026-09-18T15:13:54,2,1.717,37.38,34.6660,25.9,1.716,37.32,4.01,-64,10.25,
2026-09-18T15:13:55,2,1.690,35.19,34.6620,25.9,1.705,36.42,4.05,-64,10.00,
2026-09-18T15:13:56,2,1.722,37.77,34.6670,25.9,1.719,37.51,4.00,-64,9.75,
2026-09-18T15:13:57,2,1.690,35.19,34.6730,25.9,1.714,37.13,4.04,-64,10.50,
2026-09-18T15:13:58,2,1.692,35.38,34.6810,25.9,1.712,37.00,4.05,-63,9.50,
2026-09-18T15:14:06,2,1.714,37.13,34.6520,25.9,1.716,37.25,4.03,-55,6.75,
2026-09-18T15:14:07,2,1.692,35.32,34.6540,25.9,1.712,36.93,4.05,-64,10.25,
2026-09-18T15:14:08,2,1.721,37.71,34.6540,25.9,1.719,37.51,4.01,-64,9.75,
2026-09-18T15:14:09,2,1.692,35.32,34.6560,25.9,1.713,37.06,4.05,-64,9.50,
2026-09-18T15:14:10,2,1.694,35.51,34.6530,25.9,1.716,37.32,4.02,-63,9.75,
2026-09-18T15:14:11,2,1.720,37.58,34.6530,25.9,1.719,37.51,4.01,-64,10.00,
2026-09-18T15:14:12,2,1.692,35.32,34.6480,25.9,1.715,37.19,4.05,-64,9.75,
2026-09-18T15:14:13,2,1.725,37.96,34.6530,25.9,1.721,37.64,4.00,-64,9.75,
2026-09-18T15:14:14,2,1.714,37.13,34.6420,25.9,1.714,37.13,4.03,-64,10.00,
2026-09-18T15:14:15,2,1.692,35.32,34.6420,25.9,1.712,36.93,4.05,-64,10.00,
2026-09-18T15:14:17,2,1.720,37.58,34.6320,25.9,1.716,37.25,4.00,-64,9.75,
2026-09-18T15:14:18,2,1.691,35.26,34.6270,25.9,1.714,37.13,4.04,-64,10.00,
2026-09-18T15:14:19,2,1.694,35.51,34.6280,25.9,1.715,37.19,4.03,-64,10.00,
2026-09-18T15:14:20,2,1.716,37.32,34.6240,25.9,1.718,37.45,4.01,-64,10.50,
2026-09-18T15:14:21,2,1.692,35.32,34.6180,25.9,1.711,36.87,4.05,-64,9.75,
2026-09-18T15:14:22,2,1.728,38.22,34.6100,25.9,1.719,37.51,4.00,-64,9.75,
2026-09-18T15:14:23,2,1.716,37.32,34.6130,25.9,1.715,37.19,4.01,-64,10.00,
2026-09-18T15:14:24,2,1.691,35.26,34.6100,25.9,1.713,37.06,4.05,-64,9.50,
2026-09-18T15:14:25,2,1.716,37.25,34.6160,25.9,1.718,37.45,4.00,-64,9.50,
2026-09-18T15:14:26,2,1.696,35.71,34.6250,25.9,1.713,37.06,4.03,-64,9.75,
2026-09-18T15:14:27,2,1.688,35.06,34.6230,25.9,1.712,36.93,4.05,-64,9.75,
2026-09-18T15:14:29,2,1.716,37.32,34.6160,25.9,1.720,37.58,4.01,-64,9.75,
2026-09-18T15:14:30,2,1.691,35.26,34.6210,25.9,1.712,37.00,4.05,-64,9.75,
2026-09-18T15:14:31,2,1.693,35.45,34.6260,25.9,1.714,37.13,4.03,-64,10.75,
2026-09-18T15:14:32,2,1.718,37.45,34.6280,25.9,1.717,37.38,4.01,-64,10.25,
2026-09-18T15:14:33,2,1.690,35.19,34.6280,25.9,1.711,36.87,4.05,-63,10.25,
2026-09-18T15:14:34,2,1.725,38.03,34.6360,25.9,1.719,37.51,4.01,-64,9.75,
2026-09-18T15:14:35,2,1.728,38.22,34.6410,25.9,1.712,36.93,4.02,-63,9.75,
2026-09-18T15:14:36,2,1.692,35.32,34.6390,25.9,1.710,36.80,4.05,-63,9.75,
2026-09-18T15:14:37,2,1.721,37.71,34.6360,25.9,1.716,37.32,4.01,-64,10.00,
2026-09-18T15:14:38,2,1.691,35.26,34.6200,25.9,1.712,37.00,4.05,-63,9.50,
2026-09-18T15:14:39,2,1.693,35.45,34.6170,25.9,1.717,37.38,4.03,-64,9.50,
2026-09-18T15:14:41,2,1.717,37.38,34.6180,25.9,1.718,37.45,4.01,-64,9.75,
2026-09-18T15:14:48,2,1.695,35.58,34.6280,25.9,1.716,37.32,4.02,-64,10.25,
2026-09-18T15:14:49,2,1.718,37.45,34.6120,25.9,1.716,37.25,4.01,-64,9.25,
2026-09-18T15:14:50,2,1.692,35.38,34.6090,25.9,1.713,37.06,4.05,-64,9.75,
2026-09-18T15:14:51,2,1.694,35.51,34.6020,25.9,1.716,37.25,4.03,-64,9.75,
2026-09-18T15:14:53,2,1.716,37.25,34.6030,25.9,1.712,37.00,4.02,-64,10.00,
2026-09-18T15:14:54,2,1.690,35.19,34.6020,25.9,1.712,36.93,4.05,-64,9.50,
2026-09-18T15:14:55,2,1.721,37.71,34.5950,25.9,1.716,37.32,4.00,-64,9.50,
2026-09-18T15:14:56,2,1.713,37.06,34.6040,25.9,1.715,37.19,4.03,-64,10.00,
2026-09-18T15:14:57,2,1.692,35.38,34.6060,25.9,1.715,37.19,4.02,-64,9.75,
2026-09-18T15:14:58,2,1.721,37.64,34.6160,25.9,1.717,37.38,4.01,-64,10.00,
2026-09-18T15:14:59,2,1.691,35.26,34.6150,25.9,1.711,36.87,4.05,-64,9.75,
2026-09-18T15:15:00,2,1.692,35.38,34.6130,25.9,1.716,37.25,4.03,-64,9.75,
2026-09-18T15:15:01,2,1.718,37.45,34.6040,25.9,1.714,37.13,4.03,-64,9.75,
2026-09-18T15:15:02,2,1.688,35.06,34.5980,25.9,1.723,37.83,4.05,-64,10.25,
2026-09-18T15:15:03,2,1.725,37.96,34.5860,25.9,1.721,37.64,4.00,-64,9.75,
2026-09-18T15:15:05,2,1.717,37.38,34.5950,25.9,1.712,37.00,4.02,-64,9.50,
2026-09-18T15:15:06,2,1.691,35.26,34.6000,25.9,1.712,36.93,4.05,-64,9.75,
2026-09-18T15:15:07,2,1.721,37.71,34.6040,25.9,1.715,37.19,4.01,-64,9.50,
2026-09-18T15:15:08,2,1.688,35.06,34.6000,25.9,1.711,36.87,4.05,-63,9.50,
2026-09-18T15:15:09,2,1.692,35.38,34.6100,25.9,1.715,37.19,4.02,-62,10.00,
2026-09-18T15:15:10,2,1.723,37.83,34.6010,25.9,1.719,37.51,4.01,-62,10.00,
2026-09-18T15:15:11,2,1.690,35.19,34.6010,25.9,1.711,36.87,4.05,-65,9.25,
2026-09-18T15:15:12,2,1.726,38.09,34.5990,25.9,1.719,37.51,4.00,-63,10.00,
2026-09-18T15:15:13,2,1.715,37.19,34.5940,25.9,1.707,36.55,4.03,-63,9.75,
2026-09-18T15:15:14,2,1.688,35.06,34.5940,25.9,1.710,36.80,4.05,-62,9.75,
2026-09-18T15:15:16,2,1.723,37.83,34.6050,25.9,1.718,37.45,4.01,-64,9.75,
2026-09-18T15:15:17,2,1.715,37.19,34.6080,25.9,1.712,37.00,4.03,-65,9.50,
2026-09-18T15:15:18,2,1.692,35.38,34.6020,25.9,1.716,37.32,4.03,-65,9.50,
2026-09-18T15:15:19,2,1.718,37.45,34.6000,25.9,1.719,37.51,4.01,-64,9.25,
2026-09-18T15:15:20,2,1.688,35.06,34.6030,25.9,1.711,36.87,4.05,-64,9.50,
2026-09-18T15:15:21,2,1.692,35.32,34.6040,25.9,1.716,37.25,4.02,-64,9.50,
2026-09-18T15:15:22,2,1.714,37.13,34.6040,25.9,1.714,37.13,4.03,-64,9.50,
2026-09-18T15:15:23,2,1.690,35.19,34.6080,25.9,1.711,36.87,4.05,-64,10.00,
2026-09-18T15:15:31,2,1.716,37.25,34.5810,25.9,1.713,37.06,4.03,-64,9.75,
2026-09-18T15:15:32,2,1.689,35.13,34.5860,25.9,1.712,36.93,4.05,-64,9.50,
2026-09-18T15:15:33,2,1.724,37.90,34.5820,25.9,1.717,37.38,4.00,-64,9.25,
2026-09-18T15:15:34,2,1.718,37.45,34.5820,25.9,1.714,37.13,4.02,-64,9.50,
2026-09-18T15:15:35,2,1.694,35.51,34.5710,25.9,1.716,37.32,4.02,-64,10.25,
2026-09-18T15:15:36,2,1.721,37.71,34.5680,25.9,1.721,37.64,4.01,-64,9.75,
2026-09-18T15:15:37,2,1.689,35.13,34.5620,25.9,1.712,37.00,4.04,-64,9.75,
2026-09-18T15:15:38,2,1.691,35.26,34.5700,25.9,1.712,37.00,4.02,-64,9.25,
2026-09-18T15:15:40,2,1.710,36.80,34.5710,25.9,1.725,37.96,4.01,-64,9.75,
2026-09-18T15:15:41,2,1.689,35.13,34.5630,25.9,1.709,36.74,4.04,-64,10.00,
2026-09-18T15:15:42,2,1.723,37.83,34.5650,25.9,1.716,37.32,4.01,-64,9.75,
2026-09-18T15:15:43,2,1.713,37.06,34.5590,25.9,1.712,36.93,4.03,-64,9.25,
2026-09-18T15:15:44,2,1.690,35.19,34.5530,25.9,1.709,36.74,4.04,-64,10.00,
2026-09-18T15:15:45,2,1.722,37.77,34.5570,25.9,1.717,37.38,4.01,-64,10.25,
2026-09-18T15:15:46,2,1.714,37.13,34.5600,25.9,1.716,37.25,4.02,-64,10.00,
2026-09-18T15:15:47,2,1.693,35.45,34.5650,25.9,1.715,37.19,4.02,-63,10.00,
2026-09-18T15:15:48,2,1.719,37.51,34.5610,25.9,1.715,37.19,4.01,-64,10.00,
2026-09-18T15:15:49,2,1.692,35.38,34.5690,25.9,1.710,36.80,4.05,-64,9.50,
2026-09-18T15:15:50,2,1.692,35.32,34.5660,25.9,1.713,37.06,4.03,-64,10.00,
2026-09-18T15:15:52,2,1.716,37.32,34.5650,25.9,1.713,37.06,4.03,-64,12.75,
2026-09-18T15:15:53,2,1.688,35.06,34.5640,25.9,1.708,36.67,4.05,-63,9.50,
2026-09-18T15:15:54,2,1.722,37.77,34.5540,25.9,1.716,37.32,4.01,-64,10.25,
2026-09-18T15:15:55,2,1.716,37.25,34.5490,25.9,1.712,37.00,4.03,-64,10.00,
2026-09-18T15:15:56,2,1.696,35.64,34.5470,25.9,1.728,38.22,4.02,-64,10.00,
2026-09-18T15:15:57,2,1.719,37.51,34.5420,25.9,1.715,37.19,4.00,-64,9.25,
2026-09-18T15:15:58,2,1.688,35.06,34.5360,25.9,1.712,36.93,4.05,-64,9.50,
2026-09-18T15:15:59,2,1.691,35.26,34.5290,25.9,1.715,37.19,4.03,-64,9.50,
2026-09-18T15:16:00,2,1.716,37.25,34.5260,25.9,1.715,37.19,4.03,-65,9.50,
2026-09-18T15:16:01,2,1.690,35.19,34.5270,25.9,1.712,36.93,4.05,-65,9.50,
2026-09-18T15:16:02,2,1.725,38.03,34.5300,25.9,1.716,37.32,4.00,-66,9.50,
2026-09-18T15:16:04,2,1.716,37.32,34.5360,25.9,1.714,37.13,4.03,-65,9.75,
2026-09-18T15:16:05,2,1.696,35.64,34.5320,25.9,1.715,37.19,4.02,-65,10.25,
2026-09-18T15:16:13,2,1.690,35.19,34.5350,25.9,1.708,36.61,4.05,-66,9.50,
2026-09-18T15:16:15,2,1.723,37.83,34.5430,25.9,1.716,37.25,4.00,-66,9.50,
2026-09-18T15:16:16,2,1.714,37.13,34.5490,25.9,1.715,37.19,4.03,-65,9.50,
2026-09-18T15:16:17,2,1.697,35.77,34.5490,25.9,1.714,37.13,4.02,-65,10.25,
2026-09-18T15:16:18,2,1.719,37.51,34.5490,25.9,1.714,37.13,4.01,-66,9.75,
2026-09-18T15:16:19,2,1.690,35.19,34.5530,25.9,1.711,36.87,4.05,-66,9.75,
2026-09-18T15:16:20,2,1.694,35.51,34.5530,25.9,1.716,37.25,4.03,-65,9.50,
2026-09-18T15:16:21,2,1.717,37.38,34.5570,25.9,1.715,37.19,4.03,-65,9.50,
2026-09-18T15:16:22,2,1.687,34.93,34.5580,25.9,1.712,37.00,4.05,-66,9.75,
2026-09-18T15:16:23,2,1.722,37.77,34.5540,25.9,1.717,37.38,4.00,-64,9.00,
2026-09-18T15:16:24,2,1.713,37.06,34.5600,25.9,1.710,36.80,4.02,-64,9.50,
2026-09-18T15:16:25,2,1.692,35.32,34.5560,25.9,1.714,37.13,4.02,-64,9.75,
2026-09-18T15:16:27,2,1.721,37.64,34.5550,25.9,1.717,37.38,4.00,-65,9.00,
2026-09-18T15:16:28,2,1.690,35.19,34.5500,25.9,1.711,36.87,4.05,-64,9.50,
2026-09-18T15:16:29,2,1.690,35.19,34.5560,25.9,1.712,37.00,4.03,-64,9.25,
2026-09-18T15:16:30,2,1.716,37.32,34.5490,25.9,1.713,37.06,4.03,-65,9.50,
2026-09-18T15:16:31,2,1.688,35.06,34.5390,25.9,1.709,36.74,4.04,-65,9.75,
2026-09-18T15:16:32,2,1.727,38.16,34.5370,25.9,1.714,37.13,4.00,-65,9.50,
2026-09-18T15:16:33,2,1.714,37.13,34.5330,25.9,1.712,37.00,4.03,-65,9.75,
2026-09-18T15:16:34,2,1.696,35.64,34.5270,25.9,1.713,37.06,4.02,-65,10.00,
2026-09-18T15:16:35,2,1.721,37.64,34.5250,25.9,1.716,37.25,4.00,-66,9.75,
2026-09-18T15:16:36,2,1.692,35.32,34.5220,25.9,1.708,36.67,4.04,-65,9.75,
2026-09-18T15:16:37,2,1.693,35.45,34.5280,25.9,1.712,36.93,4.02,-66,9.75,
2026-09-18T15:16:39,2,1.716,37.32,34.5250,25.9,1.710,36.80,4.03,-65,9.75,
2026-09-18T15:16:40,2,1.685,34.80,34.5330,25.9,1.710,36.80,4.05,-65,9.75,
2026-09-18T15:16:41,2,1.692,35.32,34.5180,25.9,1.713,37.06,4.02,-65,10.00,
2026-09-18T15:16:42,2,1.716,37.32,34.5160,25.9,1.710,36.80,4.03,-65,9.50,
2026-09-18T15:16:43,2,1.693,35.45,34.5070,25.9,1.716,37.32,4.02,-66,10.00,
2026-09-18T15:16:44,2,1.722,37.77,34.5050,25.9,1.716,37.25,4.00,-65,9.75,
2026-09-18T15:16:45,2,1.715,37.19,34.4990,25.9,1.711,36.87,4.03,-65,9.75,
2026-09-18T15:16:46,2,1.692,35.38,34.5010,25.9,1.711,36.87,4.02,-64,10.00,
2026-09-18T15:16:47,2,1.719,37.51,34.5000,25.9,1.714,37.13,4.02,-65,9.75,
2026-09-18T15:16:56,2,1.721,37.64,34.4910,25.9,1.716,37.25,4.01,-67,10.00,
2026-09-18T15:16:57,2,1.689,35.13,34.4850,25.9,1.708,36.67,4.03,-65,9.75,
2026-09-18T15:16:58,2,1.692,35.32,34.4790,25.9,1.712,37.00,4.03,-64,9.50,
2026-09-18T15:16:59,2,1.715,37.19,34.4790,25.9,1.712,36.93,4.03,-63,9.50,
2026-09-18T15:17:00,2,1.689,35.13,34.4760,25.9,1.710,36.80,4.05,-66,9.25,
2026-09-18T15:17:01,2,1.725,37.96,34.4850,25.9,1.716,37.32,4.00,-65,9.75,
2026-09-18T15:17:03,2,1.714,37.13,34.4810,25.9,1.712,37.00,4.03,-66,9.75,
2026-09-18T15:17:04,2,1.693,35.45,34.4750,25.9,1.717,37.38,4.02,-66,10.00,
2026-09-18T15:17:05,2,1.720,37.58,34.4810,25.9,1.716,37.32,4.00,-66,9.75,
2026-09-18T15:17:06,2,1.689,35.13,34.4740,25.9,1.709,36.74,4.05,-64,9.50,
2026-09-18T15:17:07,2,1.693,35.45,34.4780,25.9,1.715,37.19,4.02,-64,9.50,
2026-09-18T15:17:08,2,1.716,37.32,34.4830,25.9,1.712,37.00,4.03,-66,9.50,
2026-09-18T15:17:09,2,1.689,35.13,34.4810,25.9,1.711,36.87,4.05,-64,9.75,
2026-09-18T15:17:10,2,1.692,35.32,34.4860,25.9,1.725,38.03,4.03,-65,9.75,
2026-09-18T15:17:11,2,1.713,37.06,34.4870,25.9,1.711,36.87,4.03,-66,9.50,
2026-09-18T15:17:12,2,1.690,35.19,34.4870,25.9,1.716,37.25,4.03,-64,9.75,
2026-09-18T15:17:14,2,1.720,37.58,34.4860,25.9,1.716,37.25,4.00,-65,9.75,
2026-09-18T15:17:15,2,1.714,37.13,34.4900,25.9,1.711,36.87,4.02,-65,10.25,
2026-09-18T15:17:16,2,1.688,35.06,34.4910,25.9,1.714,37.13,4.03,-65,10.00,
2026-09-18T15:17:17,2,1.716,37.25,34.4970,25.9,1.712,37.00,4.03,-65,9.50,
2026-09-18T15:17:18,2,1.691,35.26,34.4940,25.9,1.710,36.80,4.05,-64,10.25,
2026-09-18T15:17:19,2,1.692,35.38,34.4980,25.9,1.712,37.00,4.03,-60,9.75,
2026-09-18T15:17:20,2,1.715,37.19,34.4960,25.9,1.720,37.58,4.03,-61,9.50,
2026-09-18T15:17:21,2,1.692,35.38,34.4900,25.9,1.713,37.06,4.02,-61,10.25,
2026-09-18T15:17:22,2,1.722,37.77,34.4850,25.9,1.714,37.13,4.00,-61,9.50,
2026-09-18T15:17:23,2,1.712,36.93,34.4850,25.9,1.712,36.93,4.02,-60,9.75,
2026-09-18T15:17:24,2,1.693,35.45,34.4910,25.9,1.713,37.06,4.02,-61,10.00,
2026-09-18T15:17:26,2,1.714,37.13,34.4800,25.9,1.712,37.00,4.02,-61,10.00,
2026-09-18T15:17:27,2,1.688,35.06,34.4840,25.9,1.707,36.55,4.04,-64,9.75,
2026-09-18T15:17:28,2,1.692,35.38,34.4760,25.9,1.712,36.93,4.03,-62,10.00,
2026-09-18T15:17:29,2,1.714,37.13,34.4700,25.9,1.712,37.00,4.03,-62,9.50,
2026-09-18T15:17:30,2,1.692,35.32,34.4710,25.9,1.716,37.32,4.02,-59,9.75,
2026-09-18T15:17:38,2,1.714,37.13,34.4680,25.9,1.712,37.80,0.00,-48,0.75,
2026-09-18T15:17:39,2,1.689,35.13,34.4760,25.9,1.707,36.55,4.05,-60,10.00,
2026-09-18T15:17:40,2,1.725,37.96,34.4760,25.9,1.717,37.38,4.00,-61,9.75,
2026-09-18T15:17:41,2,1.718,37.45,34.4750,25.9,1.710,36.80,4.03,-61,9.75,
2026-09-18T15:17:42,2,1.692,35.32,34.4720,25.9,1.718,37.45,4.02,-61,9.75,
2026-09-18T15:17:43,2,1.721,37.71,34.4760,25.9,1.712,37.00,4.00,-61,9.50,
2026-09-18T15:17:44,2,1.715,37.19,34.4810,25.9,1.711,36.87,4.03,-61,9.75,
2026-09-18T15:17:45,2,1.692,35.38,34.4730,25.9,1.711,36.87,4.02,-61,10.00,
2026-09-18T15:17:46,2,1.716,37.25,34.4690,25.9,1.712,36.93,4.02,-61,9.75,
2026-09-18T15:17:47,2,1.687,34.93,34.4730,25.9,1.711,36.87,4.05,-61,10.25,
2026-09-18T15:17:48,2,1.694,35.51,34.4710,25.9,1.716,37.25,4.03,-61,9.50,
2026-09-18T15:17:50,2,1.714,37.13,34.4790,25.9,1.712,36.93,4.03,-62,9.50,
2026-09-18T15:17:51,2,1.693,35.45,34.4740,25.9,1.713,37.06,4.02,-62,9.75,
2026-09-18T15:17:52,2,1.722,37.77,34.4810,25.9,1.717,37.38,4.00,-62,9.75,
2026-09-18T15:17:53,2,1.714,37.13,34.4760,25.9,1.710,36.80,4.03,-62,9.75,
2026-09-18T15:17:54,2,1.692,35.38,34.4760,25.9,1.713,37.06,4.03,-62,10.00,
2026-09-18T15:17:55,2,1.716,37.25,34.4790,25.9,1.713,37.06,4.02,-62,10.25,
2026-09-18T15:17:56,2,1.687,35.00,34.4770,25.9,1.707,36.55,4.04,-62,10.25,
2026-09-18T15:17:57,2,1.691,35.26,34.4770,25.9,1.711,36.87,4.03,-62,9.75,
2026-09-18T15:17:58,2,1.715,37.19,34.4750,25.9,1.701,36.09,4.03,-62,10.00,
2026-09-18T15:17:59,2,1.692,35.38,34.4850,25.9,1.712,37.00,4.02,-62,10.25,
2026-09-18T15:18:00,2,1.735,38.80,34.4830,25.9,1.716,37.25,4.00,-62,9.25,
2026-09-18T15:18:02,2,1.713,37.06,34.4800,25.9,1.712,37.00,4.02,-62,10.25,
2026-09-18T15:18:03,2,1.692,35.38,34.4780,25.9,1.712,37.00,4.02,-62,9.75,
2026-09-18T15:18:04,2,1.717,37.38,34.4750,25.9,1.712,37.00,4.02,-60,10.00,
2026-09-18T15:18:05,2,1.690,35.19,34.4870,25.9,1.713,37.06,4.04,-62,10.00,
2026-09-18T15:18:06,2,1.691,35.26,34.4890,25.9,1.714,37.13,4.03,-62,9.75,
2026-09-18T15:18:07,2,1.708,36.67,34.4800,25.9,1.712,37.00,4.03,-62,9.50,
2026-09-18T15:18:08,2,1.692,35.38,34.4880,25.9,1.713,37.06,4.02,-62,10.00,
2026-09-18T15:18:09,2,1.691,35.26,34.4830,25.9,1.714,37.13,4.03,-62,10.25,
2026-09-18T15:18:10,2,1.715,37.19,34.4860,25.9,1.711,36.87,4.03,-62,9.75,
2026-09-18T15:18:11,2,1.691,35.26,34.4800,25.9,1.712,36.93,4.03,-62,9.50,
2026-09-18T15:18:13,2,1.720,37.58,34.4740,25.9,1.712,37.00,4.00,-62,9.50,
2026-09-18T15:18:21,2,1.723,37.83,34.4700,25.9,1.715,37.19,4.00,-62,9.75,
2026-09-18T15:18:22,2,1.715,37.19,34.4720,25.9,1.710,36.80,4.03,-62,9.50,
2026-09-18T15:18:23,2,1.693,35.45,34.4800,25.9,1.712,36.93,4.03,-62,9.75,
2026-09-18T15:18:26,2,1.687,35.00,34.4650,25.9,1.709,36.74,4.05,-62,9.75,
2026-09-18T15:18:27,2,1.692,35.32,34.4660,25.9,1.716,37.25,4.03,-62,9.50,
2026-09-18T15:18:28,2,1.715,37.19,34.4640,25.9,1.712,37.00,4.03,-62,11.00,
2026-09-18T15:18:29,2,1.691,35.26,34.4650,25.9,1.714,37.13,4.02,-62,10.25,
2026-09-18T15:18:30,2,1.692,35.32,34.4610,25.9,1.712,37.00,4.03,-63,9.75,
2026-09-18T15:18:31,2,1.716,37.32,34.4600,25.9,1.712,36.93,4.03,-62,9.75,
2026-09-18T15:18:32,2,1.691,35.26,34.4590,25.9,1.704,36.29,4.02,-62,10.00,
2026-09-18T15:18:33,2,1.718,37.45,34.4620,25.9,1.712,36.93,4.02,-62,10.25,
2026-09-18T15:18:34,2,1.715,37.19,34.4690,25.9,1.709,36.74,4.03,-62,10.00,
2026-09-18T15:18:35,2,1.692,35.32,34.4710,25.9,1.712,36.93,4.02,-63,10.00,
2026-09-18T15:18:37,2,1.716,37.32,34.4660,25.9,1.710,36.80,4.02,-63,10.00,
2026-09-18T15:18:38,2,1.691,35.26,34.4580,25.9,1.712,36.93,4.02,-63,10.50,
2026-09-18T15:18:39,2,1.692,35.32,34.4560,25.9,1.712,36.93,4.03,-63,9.75,
2026-09-18T15:18:40,2,1.716,37.25,34.4520,25.9,1.709,36.74,4.03,-62,9.75,
2026-09-18T15:18:41,2,1.692,35.32,34.4500,25.9,1.713,37.06,4.03,-63,10.00,
2026-09-18T15:18:42,2,1.718,37.45,34.4370,25.9,1.712,36.93,4.02,-63,10.25,
2026-09-18T15:18:43,2,1.712,37.00,34.4380,25.9,1.711,36.87,4.03,-63,9.75,
2026-09-18T15:18:44,2,1.691,35.26,34.4490,25.9,1.712,37.00,4.02,-63,9.75,
2026-09-18T15:18:45,2,1.717,37.38,34.4440,25.9,1.712,36.93,4.02,-63,10.00,
2026-09-18T15:18:46,2,1.693,35.45,34.4380,25.9,1.712,37.00,4.02,-63,9.75,
2026-09-18T15:18:47,2,1.691,35.26,34.4390,25.9,1.711,36.87,4.03,-63,9.75,
2026-09-18T15:18:49,2,1.715,37.19,34.4420,25.9,1.714,37.13,4.03,-63,9.75,
2026-09-18T15:18:50,2,1.689,35.13,34.4400,25.9,1.712,36.93,4.02,-63,9.75,
2026-09-18T15:18:51,2,1.724,37.90,34.4470,25.9,1.709,36.74,4.02,-62,10.00,
2026-09-18T15:18:52,2,1.711,36.87,34.4420,25.9,1.710,36.80,4.03,-62,9.75,
2026-09-18T15:18:53,2,1.692,35.32,34.4320,25.9,1.714,37.13,4.03,-62,9.25,
2026-09-18T15:18:54,2,1.716,37.32,34.4230,25.9,1.712,36.93,4.02,-62,10.00,
2026-09-18T15:18:55,2,1.694,35.51,34.4260,25.9,1.710,36.80,4.02,-62,10.00,
2026-09-18T15:19:03,2,1.718,37.45,34.4270,25.9,1.711,36.87,0.00,-49,5.75,
2026-09-18T15:19:04,2,1.712,36.93,34.4180,25.9,1.712,36.93,4.03,-61,10.75,
2026-09-18T15:19:05,2,1.690,35.19,34.4190,25.9,1.713,37.06,4.03,-61,9.50,
2026-09-18T15:19:06,2,1.715,37.19,34.4280,25.9,1.709,36.74,4.02,-58,12.75,
2026-09-18T15:19:07,2,1.691,35.26,34.4210,25.9,1.712,37.00,4.02,-58,10.00,
2026-09-18T15:19:08,2,1.690,35.19,34.4150,25.9,1.713,37.06,4.03,-59,9.50,
2026-09-18T15:19:09,2,1.715,37.19,34.4110,25.9,1.712,37.00,4.03,-58,9.75,
2026-09-18T15:19:10,2,1.692,35.38,34.4150,25.9,1.712,36.93,4.02,-63,10.00,
2026-09-18T15:19:12,2,1.722,37.77,34.4040,25.9,1.711,36.87,4.02,-64,10.00,
2026-09-18T15:19:13,2,1.712,37.00,34.4140,25.9,1.712,37.00,4.03,-65,9.50,
2026-09-18T15:19:14,2,1.690,35.19,34.4140,25.9,1.712,36.93,4.02,-64,9.25,
2026-09-18T15:19:15,2,1.716,37.32,34.4100,25.9,1.714,37.13,4.02,-64,10.00,
2026-09-18T15:19:16,2,1.693,35.45,34.4110,25.9,1.712,36.93,4.02,-61,10.25,
2026-09-18T15:19:17,2,1.690,35.19,34.4150,25.9,1.711,36.87,4.02,-61,10.00,
2026-09-18T15:19:18,2,1.712,37.00,34.4160,25.9,1.725,37.96,4.03,-60,9.75,
2026-09-18T15:19:19,2,1.691,35.26,34.4110,25.9,1.712,37.00,4.03,-60,9.25,
2026-09-18T15:19:20,2,1.691,35.26,34.4120,25.9,1.709,36.74,4.05,-60,9.75,
2026-09-18T15:19:21,2,1.711,36.87,34.4040,25.9,1.712,37.00,4.02,-60,9.75,
2026-09-18T15:19:22,2,1.691,35.26,34.3960,25.9,1.710,36.80,4.03,-60,9.75,
2026-09-18T15:19:24,2,1.716,37.25,34.3980,25.9,1.710,36.80,4.02,-60,10.25,
2026-09-18T15:19:25,2,1.716,37.25,34.4060,25.9,1.715,37.19,4.00,-60,10.25,
2026-09-18T15:19:26,2,1.692,35.38,34.4030,25.9,1.708,36.67,4.03,-59,9.75,
2026-09-18T15:19:27,2,1.714,37.13,34.4160,25.9,1.711,36.87,4.02,-59,10.00,
2026-09-18T15:19:28,2,1.691,35.26,34.4160,25.9,1.714,37.13,4.02,-59,9.75,
2026-09-18T15:19:29,2,1.690,35.19,34.4160,25.9,1.709,36.74,4.03,-60,9.75,
2026-09-18T15:19:30,2,1.714,37.13,34.4130,25.9,1.711,36.87,4.02,-59,10.25,
2026-09-18T15:19:31,2,1.692,35.38,34.4220,25.9,1.710,36.80,4.02,-59,10.25,
2026-09-18T15:19:32,2,1.720,37.58,34.4230,25.9,1.710,36.80,4.02,-59,10.00,
2026-09-18T15:19:33,2,1.712,37.00,34.4240,25.9,1.709,36.74,4.03,-60,9.75,
2026-09-18T15:19:34,2,1.689,35.13,34.4220,25.9,1.710,36.80,4.03,-60,9.75,
2026-09-18T15:19:36,2,1.717,37.38,34.4240,25.9,1.710,36.80,4.02,-60,10.25,
2026-09-18T15:19:37,2,1.691,35.26,34.4190,25.9,1.711,36.87,4.02,-60,9.75,
2026-09-18T15:19:38,2,1.690,35.19,34.4270,25.9,1.712,37.00,4.02,-60,9.75,
2026-09-18T15:19:45,2,1.716,37.32,34.4300,25.9,1.714,37.13,4.00,-51,3.00,
2026-09-18T15:19:46,2,1.690,35.19,34.4220,25.9,1.712,36.93,4.03,-60,9.50,
2026-09-18T15:19:48,2,1.714,37.13,34.4190,25.9,1.708,36.61,4.03,-60,9.25,
2026-09-18T15:19:49,2,1.689,35.13,34.4200,25.9,1.710,36.80,4.02,-60,10.25,
2026-09-18T15:19:50,2,1.689,35.13,34.4150,25.9,1.707,36.55,4.04,-60,9.75,
2026-09-18T15:19:51,2,1.713,37.06,34.4080,25.9,1.712,36.93,4.03,-60,9.50,
2026-09-18T15:19:52,2,1.693,35.45,34.4060,25.9,1.712,37.00,4.02,-60,9.75,
2026-09-18T15:19:53,2,1.716,37.25,34.4100,25.9,1.711,36.87,4.02,-60,9.50,
2026-09-18T15:19:54,2,1.714,37.13,34.4190,25.9,1.714,37.13,4.00,-60,10.00,
2026-09-18T15:19:55,2,1.690,35.19,34.4190,25.9,1.709,36.74,4.03,-60,9.50,
2026-09-18T15:19:56,2,1.713,37.06,34.4160,25.9,1.708,36.67,4.02,-60,10.00,
2026-09-18T15:19:57,2,1.690,35.19,34.4290,25.9,1.713,37.06,4.02,-60,9.50,
2026-09-18T15:19:58,2,1.687,35.00,34.4230,25.9,1.707,36.55,4.04,-60,10.00,
2026-09-18T15:20:00,2,1.714,37.13,34.4220,25.9,1.704,36.35,4.02,-60,9.75,
2026-09-18T15:20:01,2,1.689,35.13,34.4170,25.9,1.710,36.80,4.03,-60,9.25,
2026-09-18T15:20:02,2,1.721,37.64,34.4100,25.9,1.712,36.93,4.02,-60,9.50,
2026-09-18T15:20:03,2,1.714,37.13,34.4140,25.9,1.716,37.32,4.03,-62,9.75,
2026-09-18T15:20:04,2,1.691,35.26,34.4070,25.9,1.710,36.80,4.02,-61,9.75,
2026-09-18T15:20:05,2,1.716,37.25,34.4090,25.9,1.709,36.74,4.02,-61,10.00,
2026-09-18T15:20:06,2,1.691,35.26,34.4110,25.9,1.715,37.19,4.02,-62,9.75,
2026-09-18T15:20:07,2,1.691,35.26,34.4070,25.9,1.711,36.87,4.03,-62,10.25,
2026-09-18T15:20:08,2,1.713,37.06,34.4030,25.9,1.710,36.80,4.02,-64,10.00,
2026-09-18T15:20:09,2,1.692,35.32,34.4110,25.9,1.713,37.06,4.03,-62,9.75,
2026-09-18T15:20:11,2,1.686,34.87,34.4100,25.9,1.707,36.55,4.04,-62,10.00,
2026-09-18T15:20:12,2,1.712,37.00,34.4100,25.9,1.708,36.61,4.03,-61,9.50,
2026-09-18T15:20:13,2,1.690,35.19,34.4080,25.9,1.710,36.80,4.02,-61,9.75,
2026-09-18T15:20:14,2,1.716,37.25,34.3980,25.9,1.711,36.87,4.02,-61,10.25,
2026-09-18T15:20:15,2,1.717,37.38,34.3990,25.9,1.715,37.19,4.00,-61,9.50,
2026-09-18T15:20:16,2,1.690,35.19,34.4070,25.9,1.709,36.74,4.02,-61,9.75,
2026-09-18T15:20:17,2,1.714,37.13,34.4130,25.9,1.709,36.74,4.03,-61,9.25,
2026-09-18T15:20:18,2,1.691,35.26,34.4130,25.9,1.711,36.87,4.03,-61,9.50,
2026-09-18T15:20:19,2,1.688,35.06,34.4100,25.9,1.708,36.67,4.04,-61,10.25,
2026-09-18T15:20:20,2,1.712,37.00,34.4180,25.9,1.710,36.80,4.02,-61,9.75,
2026-09-18T15:20:28,2,1.692,35.38,34.4360,25.9,1.709,36.74,0.00,-49,7.25,
2026-09-18T15:20:29,2,1.712,36.93,34.4300,25.9,1.708,36.61,4.02,-62,9.75,
2026-09-18T15:20:30,2,1.691,35.26,34.4340,25.9,1.712,37.00,4.02,-62,9.75,
2026-09-18T15:20:31,2,1.721,37.64,34.4290,25.9,1.711,36.87,4.01,-61,10.25,
2026-09-18T15:20:32,2,1.715,37.19,34.4300,25.9,1.714,37.13,4.01,-62,10.00,
2026-09-18T15:20:33,2,1.692,35.38,34.4270,25.9,1.712,36.93,4.02,-62,10.00,
2026-09-18T15:20:35,2,1.717,37.38,34.4370,25.9,1.709,36.74,4.02,-61,10.00,
2026-09-18T15:20:36,2,1.713,37.06,34.4340,25.9,1.713,37.06,4.00,-61,9.50,
2026-09-18T15:20:37,2,1.687,35.00,34.4140,25.9,1.713,37.06,4.03,-62,9.25,
2026-09-18T15:20:38,2,1.713,37.06,34.4170,25.9,1.711,36.87,4.02,-62,10.50,
2026-09-18T15:20:39,2,1.692,35.32,34.4110,25.9,1.710,36.80,4.02,-60,10.00,
2026-09-18T15:20:41,2,1.713,37.06,34.4020,25.9,1.712,36.93,4.03,-61,9.50,
2026-09-18T15:20:42,2,1.695,35.58,34.4020,25.9,1.711,36.87,4.02,-61,10.00,
2026-09-18T15:20:43,2,1.722,37.77,34.4040,25.9,1.712,36.93,4.02,-60,10.00,
2026-09-18T15:20:44,2,1.715,37.19,34.4010,25.9,1.716,37.32,4.00,-61,9.75,
2026-09-18T15:20:45,2,1.691,35.26,34.3950,25.9,1.711,36.87,4.03,-60,9.75,
2026-09-18T15:20:47,2,1.716,37.25,34.3880,25.9,1.710,36.80,4.02,-61,10.25,
2026-09-18T15:20:48,2,1.689,35.13,34.3880,25.9,1.711,36.87,4.02,-60,10.25,
2026-09-18T15:20:49,2,1.686,34.87,34.3850,25.9,1.708,36.61,4.05,-61,9.75,
2026-09-18T15:20:50,2,1.715,37.19,34.3850,25.9,1.710,36.80,4.02,-60,10.00,
2026-09-18T15:20:51,2,1.688,35.06,34.3890,25.9,1.710,36.80,4.02,-60,10.25,
2026-09-18T15:20:52,2,1.726,38.09,34.3880,25.9,1.711,36.87,4.02,-60,10.25,
2026-09-18T15:20:53,2,1.714,37.13,34.3820,25.9,1.712,36.93,4.00,-60,9.75,
2026-09-18T15:20:54,2,1.689,35.13,34.3720,25.9,1.711,36.87,4.03,-60,9.75,
2026-09-18T15:20:55,2,1.716,37.32,34.3790,25.9,1.708,36.61,4.02,-60,10.00,
2026-09-18T15:20:56,2,1.691,35.26,34.3730,25.9,1.712,37.00,4.02,-60,10.00,
2026-09-18T15:20:57,2,1.685,34.80,34.3790,25.9,1.706,36.48,4.04,-60,10.00,
2026-09-18T15:20:59,2,1.712,37.00,34.3750,25.9,1.712,36.93,4.02,-60,9.75,
2026-09-18T15:21:00,2,1.690,35.19,34.3880,25.9,1.711,36.87,4.02,-60,10.50,
2026-09-18T15:21:01,2,1.687,35.00,34.3850,25.9,1.709,36.74,4.04,-62,10.25,
2026-09-18T15:21:02,2,1.716,37.32,34.3950,25.9,1.716,37.25,4.00,-60,9.50,
2026-09-18T15:21:03,2,1.692,35.32,34.3930,25.9,1.710,36.80,4.02,-60,10.25,
2026-09-18T15:21:11,2,1.713,37.06,34.4050,25.9,1.708,36.67,4.00,-51,6.25,
2026-09-18T15:21:12,2,1.691,35.26,34.4060,25.9,1.715,37.19,4.03,-61,9.50,
2026-09-18T15:21:13,2,1.720,37.58,34.4100,25.9,1.710,36.80,4.02,-61,10.00,
2026-09-18T15:21:14,2,1.716,37.25,34.4190,25.9,1.714,37.13,4.00,-61,9.25,
2026-09-18T15:21:15,2,1.691,35.26,34.4080,25.9,1.710,36.80,4.03,-60,10.00,
2026-09-18T15:21:16,2,1.716,37.25,34.4140,25.9,1.709,36.74,4.01,-60,10.00,
2026-09-18T15:21:17,2,1.689,35.13,34.4150,25.9,1.712,36.93,4.02,-60,10.25,
2026-09-18T15:21:18,2,1.687,35.00,34.4070,25.9,1.708,36.67,4.04,-60,9.75,
2026-09-18T15:21:19,2,1.714,37.13,34.4090,25.9,1.708,36.67,4.02,-60,9.50,
2026-09-18T15:21:20,2,1.688,35.06,34.4060,25.9,1.704,36.35,4.02,-60,9.75,
2026-09-18T15:21:22,2,1.689,35.13,34.4110,25.9,1.707,36.55,4.04,-60,9.75,
2026-09-18T15:21:23,2,1.716,37.25,34.4000,25.9,1.714,37.13,4.00,-60,9.75,
2026-09-18T15:21:24,2,1.690,35.19,34.3920,25.9,1.714,37.13,4.02,-60,9.75,
2026-09-18T15:21:25,2,1.720,37.58,34.3980,25.9,1.711,36.87,4.02,-60,10.00,
2026-09-18T15:21:26,2,1.715,37.19,34.3890,25.9,1.714,37.13,4.00,-60,9.25,
2026-09-18T15:21:27,2,1.695,35.58,34.3970,25.9,1.708,36.61,4.05,-60,9.50,
2026-09-18T15:21:28,2,1.716,37.32,34.3970,25.9,1.708,36.61,4.02,-60,9.50,
2026-09-18T15:21:29,2,1.689,35.13,34.3950,25.9,1.712,37.00,4.02,-60,9.50,
2026-09-18T15:21:30,2,1.686,34.87,34.4070,25.9,1.706,36.48,4.04,-60,10.00,
2026-09-18T15:21:31,2,1.716,37.32,34.4070,25.9,1.714,37.13,4.00,-60,9.75,
2026-09-18T15:21:32,2,1.692,35.32,34.4090,25.9,1.711,36.87,4.02,-59,10.25,
2026-09-18T15:21:34,2,1.721,37.64,34.4050,25.9,1.710,36.80,4.02,-60,10.00,
2026-09-18T15:21:35,2,1.714,37.13,34.3990,25.9,1.716,37.25,4.00,-60,9.75,
2026-09-18T15:21:36,2,1.691,35.26,34.4040,25.9,1.707,36.55,4.05,-60,10.00,
2026-09-18T15:21:37,2,1.721,37.64,34.3910,25.9,1.711,36.87,4.02,-59,10.25,
2026-09-18T15:21:38,2,1.691,35.26,34.3960,25.9,1.712,36.93,4.02,-59,10.25,
2026-09-18T15:21:39,2,1.687,35.00,34.3950,25.9,1.708,36.61,4.04,-59,9.50,
2026-09-18T15:21:40,2,1.716,37.25,34.3960,25.9,1.708,36.67,4.03,-60,9.50,
2026-09-18T15:21:41,2,1.692,35.32,34.3990,25.9,1.712,36.93,4.03,-59,9.75,
2026-09-18T15:21:42,2,1.721,37.64,34.3990,25.9,1.710,36.80,4.02,-59,10.25,
2026-09-18T15:21:43,2,1.712,37.00,34.3980,25.9,1.713,37.06,4.00,-60,9.25,
2026-09-18T15:21:44,2,1.691,35.26,34.3900,25.9,1.711,36.87,4.02,-59,9.75,
2026-09-18T15:21:46,2,1.717,37.38,34.3740,25.9,1.710,36.80,4.02,-59,9.50,
2026-09-18T15:21:53,2,1.692,35.38,34.3650,25.9,1.712,36.93,4.02,-53,10.00,
2026-09-18T15:21:54,2,1.720,37.58,34.3660,25.9,1.712,36.93,4.02,-60,9.75,
2026-09-18T15:21:55,2,1.714,37.13,34.3600,25.9,1.713,37.06,4.00,-60,9.75,
2026-09-18T15:21:56,2,1.687,34.93,34.3560,25.9,1.706,36.48,4.05,-60,9.75,
2026-09-18T15:21:58,2,1.715,37.19,34.3660,25.9,1.708,36.67,4.02,-60,10.00,
2026-09-18T15:21:59,2,1.692,35.32,34.3600,25.9,1.708,36.61,4.02,-60,9.75,
2026-09-18T15:22:00,2,1.686,34.87,34.3580,25.9,1.708,36.67,4.05,-60,9.50,
2026-09-18T15:22:01,2,1.716,37.32,34.3500,25.9,1.712,37.00,4.00,-60,10.00,
2026-09-18T15:22:02,2,1.691,35.26,34.3480,25.9,1.709,36.74,4.02,-60,10.00,
2026-09-18T15:22:03,2,1.721,37.64,34.3520,25.9,1.711,36.87,4.01,-60,9.75,
2026-09-18T15:22:04,2,1.710,36.80,34.3570,25.9,1.714,37.13,4.00,-60,10.00,
2026-09-18T15:22:05,2,1.686,34.87,34.3600,25.9,1.708,36.61,4.05,-60,9.50,
2026-09-18T15:22:06,2,1.716,37.32,34.3550,25.9,1.709,36.74,4.02,-59,10.00,
2026-09-18T15:22:07,2,1.694,35.51,34.3520,25.9,1.711,36.87,4.02,-60,9.75,
2026-09-18T15:22:09,2,1.687,34.93,34.3550,25.9,1.707,36.55,4.04,-59,10.25,
2026-09-18T15:22:10,2,1.716,37.32,34.3570,25.9,1.716,37.25,3.99,-60,9.75,
2026-09-18T15:22:11,2,1.690,35.19,34.3590,25.9,1.712,36.93,4.03,-60,9.50,
2026-09-18T15:22:12,2,1.687,35.00,34.3490,25.9,1.708,36.61,4.04,-60,9.75,
2026-09-18T15:22:13,2,1.714,37.13,34.3540,25.9,1.713,37.06,4.00,-60,9.25,
2026-09-18T15:22:14,2,1.688,35.06,34.3490,25.9,1.707,36.55,4.04,-60,10.00,
2026-09-18T15:22:15,2,1.716,37.25,34.3480,25.9,1.711,36.87,4.02,-60,10.50,
2026-09-18T15:22:16,2,1.727,38.16,34.3490,25.9,1.715,37.19,4.01,-59,9.50,
2026-09-18T15:22:17,2,1.692,35.38,34.3500,25.9,1.706,36.48,4.04,-61,9.75,
2026-09-18T15:22:18,2,1.718,37.45,34.3470,25.9,1.714,37.13,4.02,-62,10.25,
2026-09-18T15:22:19,2,1.692,35.32,34.3410,25.9,1.711,36.87,4.02,-61,10.25,
2026-09-18T15:22:21,2,1.691,35.26,34.3390,25.9,1.709,36.74,4.05,-60,9.50,
2026-09-18T15:22:22,2,1.715,37.19,34.3490,25.9,1.714,37.13,4.00,-60,9.25,
2026-09-18T15:22:23,2,1.692,35.32,34.3490,25.9,1.710,36.80,4.02,-60,10.25,
2026-09-18T15:22:24,2,1.720,37.58,34.3560,25.9,1.712,37.00,4.02,-60,10.00,
2026-09-18T15:22:25,2,1.716,37.25,34.3660,25.9,1.714,37.13,4.00,-61,9.75,
2026-09-18T15:22:26,2,1.685,34.80,34.3630,25.9,1.706,36.48,4.04,-60,10.00,
2026-09-18T15:22:27,2,1.713,37.06,34.3700,25.9,1.711,36.87,4.02,-60,10.25,
2026-09-18T15:22:28,2,1.692,35.38,34.3670,25.9,1.709,36.74,4.02,-60,10.00,
2026-09-18T15:22:36,2,1.717,37.38,34.3760,25.9,1.710,36.80,4.02,-60,9.75,
2026-09-18T15:22:37,2,1.715,37.19,34.3750,25.9,1.711,36.87,4.00,-61,9.75,
2026-09-18T15:22:38,2,1.687,35.00,34.3740,25.9,1.706,36.48,4.04,-60,9.50,
2026-09-18T15:22:39,2,1.718,37.45,34.3810,25.9,1.714,37.13,4.00,-60,9.75,
2026-09-18T15:22:40,2,1.689,35.13,34.3830,25.9,1.713,37.06,4.03,-60,9.50,
2026-09-18T15:22:41,2,1.687,35.00,34.3740,25.9,1.708,36.61,4.04,-60,10.00,
2026-09-18T15:22:42,2,1.716,37.25,34.3710,25.9,1.710,36.80,4.00,-60,9.50,
2026-09-18T15:22:43,2,1.686,34.87,34.3810,25.9,1.706,36.48,4.03,-60,9.50,
2026-09-18T15:22:45,2,1.720,37.58,34.3830,25.9,1.712,37.00,4.02,-60,9.75,
2026-09-18T15:22:46,2,1.717,37.38,34.3750,25.9,1.717,37.38,4.00,-60,9.25,
2026-09-18T15:22:47,2,1.685,34.80,34.3730,25.9,1.708,36.61,4.04,-60,10.00,
2026-09-18T15:22:48,2,1.719,37.51,34.3830,25.9,1.714,37.13,4.00,-60,9.50,
2026-09-18T15:22:49,2,1.690,35.19,34.3730,25.9,1.710,36.80,4.02,-62,10.25,
2026-09-18T15:22:50,2,1.687,34.93,34.3800,25.9,1.708,36.67,4.04,-62,10.00,
2026-09-18T15:22:51,2,1.717,37.38,34.3800,25.9,1.716,37.25,4.00,-61,10.00,
2026-09-18T15:22:52,2,1.690,35.19,34.3730,25.9,1.712,36.93,4.03,-63,10.25,
2026-09-18T15:22:53,2,1.718,37.45,34.3730,25.9,1.712,36.93,4.03,-63,10.00,
2026-09-18T15:22:54,2,1.713,37.06,34.3790,25.9,1.712,37.00,4.00,-63,9.25,
2026-09-18T15:22:55,2,1.687,35.00,34.3830,25.9,1.706,36.48,4.04,-62,10.00,
2026-09-18T15:22:57,2,1.716,37.32,34.3850,25.9,1.711,36.87,4.02,-62,10.50,
2026-09-18T15:22:58,2,1.713,37.06,34.3800,25.9,1.712,37.00,4.01,-63,9.75,
2026-09-18T15:22:59,2,1.687,35.00,34.3760,25.9,1.708,36.61,4.04,-63,10.25,
2026-09-18T15:23:00,2,1.717,37.38,34.3710,25.9,1.714,37.13,4.00,-63,10.00,
2026-09-18T15:23:01,2,1.689,35.13,34.3730,25.9,1.709,36.74,4.02,-63,9.75,
2026-09-18T15:23:02,2,1.687,35.00,34.3750,25.9,1.705,36.42,4.04,-62,10.00,
2026-09-18T15:23:03,2,1.716,37.25,34.3690,25.9,1.712,37.00,4.01,-62,10.00,
2026-09-18T15:23:04,2,1.687,34.93,34.3600,25.9,1.706,36.48,4.04,-62,10.00,
2026-09-18T15:23:05,2,1.720,37.58,34.3610,25.9,1.712,36.93,4.02,-62,9.75,
2026-09-18T15:23:06,2,1.716,37.32,34.3630,25.9,1.716,37.25,4.01,-62,9.75,
2026-09-18T15:23:07,2,1.686,34.87,34.3630,25.9,1.706,36.48,4.04,-63,10.50,
2026-09-18T15:23:09,2,1.718,37.45,34.3580,25.9,1.713,37.06,3.99,-62,9.75,
2026-09-18T15:23:10,2,1.691,35.26,34.3590,25.9,1.710,36.80,4.03,-63,10.00,
2026-09-18T15:23:18,2,1.691,35.26,34.3710,25.9,1.712,37.00,4.02,-63,9.75,
2026-09-18T15:23:20,2,1.687,35.00,34.3730,25.9,1.708,36.61,4.04,-63,9.75,
2026-09-18T15:23:21,2,1.708,36.67,34.3700,25.9,1.712,36.93,4.00,-63,9.50,
2026-09-18T15:23:22,2,1.690,35.19,34.3710,25.9,1.710,36.80,4.04,-62,10.25,
2026-09-18T15:23:23,2,1.687,34.93,34.3620,25.9,1.709,36.74,4.05,-63,9.50,
2026-09-18T15:23:24,2,1.714,37.13,34.3650,25.9,1.712,37.00,4.00,-63,9.50,
2026-09-18T15:23:25,2,1.687,34.93,34.3550,25.9,1.708,36.67,4.05,-62,9.25,
2026-09-18T15:23:26,2,1.717,37.38,34.3510,25.9,1.713,37.06,4.02,-63,9.75,
2026-09-18T15:23:27,2,1.714,37.13,34.3520,25.9,1.712,37.00,4.00,-63,10.00,
2026-09-18T15:23:28,2,1.687,34.93,34.3480,25.9,1.708,36.61,4.05,-63,10.00,
2026-09-18T15:23:29,2,1.717,37.38,34.3470,25.9,1.725,37.96,4.00,-63,10.00,
2026-09-18T15:23:30,2,1.690,35.19,34.3380,25.9,1.708,36.67,4.02,-63,10.00,
2026-09-18T15:23:32,2,1.698,35.84,34.3310,25.9,1.708,36.61,4.05,-63,9.75,
2026-09-18T15:23:33,2,1.712,36.93,34.3210,25.9,1.714,37.13,4.00,-63,9.75,
2026-09-18T15:23:34,2,1.687,34.93,34.3070,25.9,1.709,36.74,4.04,-62,10.25,
2026-09-18T15:23:35,2,1.718,37.45,34.3060,25.9,1.712,36.93,4.02,-62,10.00,
2026-09-18T15:23:36,2,1.713,37.06,34.3100,25.9,1.713,37.06,4.01,-62,9.75,
2026-09-18T15:23:37,2,1.687,34.93,34.3090,25.9,1.708,36.61,4.04,-62,10.25,
2026-09-18T15:23:38,2,1.721,37.64,34.3010,25.9,1.712,37.00,3.99,-61,9.50,
2026-09-18T15:23:39,2,1.689,35.13,34.3100,25.9,1.709,36.74,4.02,-62,9.75,
2026-09-18T15:23:40,2,1.687,34.93,34.3170,25.9,1.708,36.61,4.04,-62,10.00,
2026-09-18T15:23:41,2,1.718,37.45,34.3180,25.9,1.712,37.00,4.00,-62,9.50,
2026-09-18T15:23:42,2,1.685,34.80,34.3250,25.9,1.708,36.67,4.04,-62,9.75,
2026-09-18T15:23:44,2,1.685,34.80,34.3230,25.9,1.707,36.55,4.05,-62,9.50,
2026-09-18T15:23:45,2,1.714,37.13,34.3220,25.9,1.714,37.13,4.00,-61,9.75,
2026-09-18T15:23:46,2,1.687,35.00,34.3310,25.9,1.707,36.55,4.04,-61,10.00,
2026-09-18T15:23:47,2,1.723,37.83,34.3290,25.9,1.715,37.19,3.99,-60,9.50,
2026-09-18T15:23:48,2,1.712,36.93,34.3300,25.9,1.712,36.93,4.01,-61,10.50,
2026-09-18T15:23:49,2,1.687,35.00,34.3310,25.9,1.707,36.55,4.04,-61,10.00,
2026-09-18T15:23:50,2,1.714,37.13,34.3400,25.9,1.712,37.00,4.00,-61,9.50,
2026-09-18T15:23:51,2,1.687,34.93,34.3420,25.9,1.705,36.42,4.04,-60,10.25,
2026-09-18T15:23:52,2,1.686,34.87,34.3520,25.9,1.707,36.55,4.04,-61,9.75,
2026-09-18T15:23:53,2,1.712,37.00,34.3410,25.9,1.713,37.06,4.00,-61,9.50,
2026-09-18T15:24:01,2,1.687,35.00,34.3410,25.9,1.708,36.61,4.04,-59,10.00,
2026-09-18T15:24:02,2,1.715,37.19,34.3330,25.9,1.715,37.19,4.00,-61,9.50,
2026-09-18T15:24:03,2,1.687,35.00,34.3380,25.9,1.705,36.42,4.04,-60,10.00,
2026-09-18T15:24:04,2,1.683,34.68,34.3300,25.9,1.706,36.48,4.04,-60,9.75,
2026-09-18T15:24:05,2,1.714,37.13,34.3330,25.9,1.713,37.06,4.01,-60,10.00,
2026-09-18T15:24:06,2,1.685,34.80,34.3310,25.9,1.707,36.55,4.04,-59,10.25,
2026-09-18T15:24:08,2,1.719,37.51,34.3290,25.9,1.714,37.13,3.99,-59,9.50,
2026-09-18T15:24:09,2,1.715,37.19,34.3340,25.9,1.712,37.00,4.00,-60,9.25,
2026-09-18T15:24:10,2,1.686,34.87,34.3350,25.9,1.708,36.61,4.04,-60,10.25,
2026-09-18T15:24:11,2,1.716,37.25,34.3350,25.9,1.713,37.06,4.00,-60,9.75,
2026-09-18T15:24:12,2,1.679,34.29,34.3400,25.9,1.716,37.25,4.04,-60,9.75,
2026-09-18T15:24:13,2,1.686,34.87,34.3410,25.9,1.708,36.61,4.04,-60,10.00,
2026-09-18T15:24:14,2,1.714,37.13,34.3380,25.9,1.712,36.93,4.00,-60,9.50,
2026-09-18T15:24:15,2,1.688,35.06,34.3350,25.9,1.706,36.48,4.05,-60,9.75,
2026-09-18T15:24:16,2,1.721,37.71,34.3290,25.9,1.716,37.32,3.99,-59,9.50,
2026-09-18T15:24:17,2,1.714,37.13,34.3200,25.9,1.713,37.06,4.00,-60,9.50,
2026-09-18T15:24:19,2,1.689,35.13,34.3220,25.9,1.706,36.48,4.04,-59,10.25,
2026-09-18T15:24:20,2,1.717,37.38,34.3110,25.9,1.701,36.09,4.00,-60,9.50,
2026-09-18T15:24:21,2,1.686,34.87,34.3120,25.9,1.708,36.61,4.04,-59,10.25,
2026-09-18T15:24:22,2,1.686,34.87,34.3200,25.9,1.706,36.48,4.04,-59,10.00,
2026-09-18T15:24:23,2,1.714,37.13,34.3130,25.9,1.711,36.87,4.00,-60,9.50,
2026-09-18T15:24:24,2,1.687,35.00,34.3200,25.9,1.706,36.48,4.04,-60,10.00,
2026-09-18T15:24:25,2,1.700,36.03,34.3260,25.9,1.712,36.93,4.05,-60,9.50,
2026-09-18T15:24:26,2,1.714,37.13,34.3230,25.9,1.711,36.87,4.00,-60,10.00,
2026-09-18T15:24:27,2,1.687,34.93,34.3220,25.9,1.706,36.48,4.04,-60,10.00,
2026-09-18T15:24:28,2,1.720,37.58,34.3180,25.9,1.715,37.19,4.00,-60,9.75,
2026-09-18T15:24:29,2,1.709,36.74,34.3230,25.9,1.712,37.00,4.00,-60,9.25,
2026-09-18T15:24:31,2,1.683,34.68,34.3240,25.9,1.705,36.42,4.04,-60,10.25,
2026-09-18T15:24:32,2,1.717,37.38,34.3360,25.9,1.719,37.51,4.00,-60,9.50,
2026-09-18T15:24:33,2,1.684,34.74,34.3380,25.9,1.705,36.42,4.04,-60,12.50,
2026-09-18T15:24:34,2,1.689,35.13,34.3470,25.9,1.706,36.48,4.04,-60,9.75,
2026-09-18T15:24:35,2,1.716,37.32,34.3480,25.9,1.714,37.13,4.00,-60,9.50,
2026-09-18T15:24:44,2,1.716,37.25,34.3790,25.9,1.715,37.19,4.00,-60,9.75,
2026-09-18T15:24:45,2,1.687,35.00,34.3790,25.9,1.707,36.55,4.04,-60,9.75,
2026-09-18T15:24:46,2,1.721,37.71,34.3820,25.9,1.714,37.13,4.00,-60,9.75,
2026-09-18T15:24:47,2,1.715,37.19,34.3840,25.9,1.713,37.06,4.00,-61,9.50,
2026-09-18T15:24:48,2,1.687,35.00,34.3820,25.9,1.707,36.55,4.04,-60,10.25,
2026-09-18T15:24:49,2,1.719,37.51,34.3750,25.9,1.712,37.00,4.00,-60,9.50,
2026-09-18T15:24:50,2,1.711,36.87,34.3660,25.9,1.707,36.55,4.02,-61,9.50,
2026-09-18T15:24:51,2,1.688,35.06,34.3540,25.9,1.710,36.80,4.04,-60,10.00,
2026-09-18T15:24:52,2,1.716,37.25,34.3570,25.9,1.725,37.96,4.00,-60,9.50,
2026-09-18T15:24:53,2,1.690,35.19,34.3560,25.9,1.708,36.61,4.04,-60,10.00,
2026-09-18T15:24:55,2,1.686,34.87,34.3620,25.9,1.710,36.80,4.02,-59,9.75,
2026-09-18T15:24:56,2,1.716,37.25,34.3570,25.9,1.712,36.93,4.00,-60,9.75,
2026-09-18T15:24:57,2,1.687,35.00,34.3550,25.9,1.708,36.61,4.04,-59,9.75,
2026-09-18T15:24:58,2,1.722,37.77,34.3600,25.9,1.714,37.13,3.99,-59,9.25,
2026-09-18T15:24:59,2,1.714,37.13,34.3560,25.9,1.711,36.87,4.00,-59,9.50,13
2026-09-18T15:25:00,2,1.687,34.93,34.3570,25.9,1.706,36.48,4.04,-61,10.00,
2026-09-18T15:25:01,2,1.716,37.25,34.3560,25.9,1.712,36.93,4.00,-60,9.50,
2026-09-18T15:25:02,2,1.686,34.87,34.3550,25.9,1.708,36.61,4.04,-66,9.25,
2026-09-18T15:25:03,2,1.687,35.00,34.3630,25.9,1.708,36.61,4.05,-62,9.75,
2026-09-18T15:25:04,2,1.715,37.19,34.3610,25.9,1.714,37.13,4.00,-66,9.75,
2026-09-18T15:25:05,2,1.688,35.06,34.3550,25.9,1.705,36.42,4.04,-62,9.75,
2026-09-18T15:25:07,2,1.711,36.87,34.3510,25.9,1.713,37.06,3.99,-65,9.50,
2026-09-18T15:25:08,2,1.715,37.19,34.3520,25.9,1.714,37.13,4.01,-62,10.00,
2026-09-18T15:25:09,2,1.685,34.80,34.3470,25.9,1.708,36.61,4.04,-63,9.50,
2026-09-18T15:25:10,2,1.720,37.58,34.3540,25.9,1.712,37.00,4.00,-63,9.75,
2026-09-18T15:25:11,2,1.688,35.06,34.3620,25.9,1.709,36.74,4.04,-62,10.00,
2026-09-18T15:25:12,2,1.692,35.32,34.3540,25.9,1.710,36.80,4.04,-66,10.00,
2026-09-18T15:25:13,2,1.721,37.71,34.3590,25.9,1.717,37.38,4.00,-65,9.25,
2026-09-18T15:25:14,2,1.693,35.45,34.3480,25.9,1.713,37.06,4.04,-64,10.00,
2026-09-18T15:25:15,2,1.697,35.77,34.4830,25.9,1.716,37.32,4.02,-62,10.00,
2026-09-18T15:25:16,2,1.720,37.58,34.5860,25.9,1.722,37.77,4.01,-63,10.25,
2026-09-18T15:25:18,2,1.694,35.51,34.6680,25.9,1.712,37.00,4.04,-65,10.00,
2026-09-18T15:25:19,2,1.729,38.35,34.7380,25.9,1.722,37.77,4.00,-63,9.75,
2026-09-18T15:25:26,2,1.700,36.03,35.1940,25.9,1.718,37.45,4.04,-64,9.75,14
2026-09-18T15:25:27,2,1.737,38.93,35.2440,25.9,1.725,38.03,3.99,-59,9.25,
2026-09-18T15:25:28,2,1.727,38.16,35.3040,25.9,1.723,37.83,4.03,-60,10.00,
2026-09-18T15:25:30,2,1.704,36.29,35.3430,25.9,1.720,37.58,4.05,-62,9.75,
2026-09-18T15:25:31,2,1.733,38.67,35.3870,25.9,1.729,38.35,4.00,-63,9.75,
2026-09-18T15:25:32,2,1.701,36.09,35.4780,25.9,1.724,37.90,4.04,-63,10.00,
2026-09-18T15:25:33,2,1.700,35.96,35.5170,25.9,1.722,37.77,4.04,-62,10.25,
2026-09-18T15:25:34,2,1.729,38.29,35.5620,25.9,1.725,38.03,4.00,-63,9.50,
2026-09-18T15:25:35,2,1.706,36.48,35.4810,25.9,1.722,37.77,4.05,-62,10.00,
2026-09-18T15:25:36,2,1.703,36.22,35.4240,25.9,1.721,37.64,4.01,-63,9.50,
2026-09-18T15:25:37,2,1.727,38.16,35.3810,25.9,1.725,37.96,4.00,-63,9.75,
2026-09-18T15:25:38,2,1.698,35.84,35.3490,25.9,1.716,37.25,4.04,-62,10.00,
2026-09-18T15:25:39,2,1.733,38.61,35.3170,25.9,1.725,37.96,4.00,-63,9.75,
2026-09-18T15:25:40,2,1.725,37.96,35.3020,25.9,1.723,37.83,4.02,-62,10.25,
2026-09-18T15:25:42,2,1.699,35.90,35.2850,25.9,1.720,37.58,4.04,-62,10.00,
2026-09-18T15:25:43,2,1.729,38.35,35.2750,25.9,1.722,37.77,4.00,-63,9.75,
2026-09-18T15:25:44,2,1.700,36.03,35.2710,25.9,1.718,37.45,4.04,-62,10.00,
2026-09-18T15:25:45,2,1.700,36.03,35.2580,25.9,1.721,37.71,4.02,-62,9.75,
2026-09-18T15:25:46,2,1.727,38.16,35.2590,25.9,1.723,37.83,4.00,-62,10.00,
2026-09-18T15:25:47,2,1.698,35.84,35.2560,25.9,1.718,37.45,4.04,-62,10.25,
2026-09-18T15:25:48,2,1.732,38.54,35.2510,25.9,1.725,38.03,3.99,-62,10.00,
2026-09-18T15:25:49,2,1.723,37.83,35.2500,25.9,1.721,37.64,4.02,-63,12.50,
2026-09-18T15:25:50,2,1.699,35.90,35.2430,25.9,1.714,37.13,4.04,-62,10.00,
2026-09-18T15:25:51,2,1.727,38.16,35.2480,25.9,1.724,37.90,4.00,-63,9.50,
2026-09-18T15:25:52,2,1.700,36.03,35.2520,25.9,1.717,37.38,4.04,-62,10.25,
2026-09-18T15:25:54,2,1.703,36.22,35.2480,25.9,1.722,37.77,4.02,-62,10.25,
2026-09-18T15:25:55,2,1.723,37.83,35.2520,25.9,1.723,37.83,4.00,-62,9.50,
2026-09-18T15:25:56,2,1.699,35.90,35.2430,25.9,1.712,36.93,4.04,-63,9.75,
2026-09-18T15:25:57,2,1.729,38.35,35.2410,25.9,1.725,37.96,4.00,-63,9.75,
2026-09-18T15:25:58,2,1.724,37.90,35.2390,25.9,1.720,37.58,4.02,-63,10.00,
2026-09-18T15:25:59,2,1.698,35.84,35.2490,25.9,1.717,37.38,4.04,-62,10.00,
2026-09-18T15:26:00,2,1.729,38.35,35.2500,25.9,1.738,39.06,4.00,-62,10.00,
2026-09-18T15:26:01,2,1.723,37.83,35.2420,25.9,1.722,37.77,4.02,-63,10.25,
2026-09-18T15:26:09,2,1.732,38.54,35.2510,25.9,1.723,37.83,3.99,-63,9.50,
2026-09-18T15:26:10,2,1.725,37.96,35.2570,25.9,1.720,37.58,4.02,-63,10.00,
2026-09-18T15:26:11,2,1.698,35.84,35.2470,25.9,1.716,37.32,4.04,-63,10.00,
2026-09-18T15:26:12,2,1.728,38.22,35.2430,25.9,1.730,38.41,4.00,-63,10.00,
2026-09-18T15:26:13,2,1.698,35.84,35.2490,25.9,1.718,37.45,4.05,-64,10.00,
2026-09-18T15:26:14,2,1.710,36.80,35.2470,25.9,1.721,37.71,4.02,-63,9.75,
2026-09-18T15:26:15,2,1.727,38.16,35.2470,25.9,1.726,38.09,4.00,-64,9.75,
2026-09-18T15:26:17,2,1.701,36.09,35.2400,25.9,1.721,37.71,4.04,-63,10.50,
2026-09-18T15:26:18,2,1.725,37.96,35.2470,25.9,1.724,37.90,4.02,-64,9.75,
2026-09-18T15:26:19,2,1.721,37.64,35.2480,25.9,1.721,37.71,4.02,-64,10.25,
2026-09-18T15:26:20,2,1.699,35.90,35.2450,25.9,1.716,37.25,4.04,-62,10.25,
2026-09-18T15:26:21,2,1.732,38.54,35.2490,25.9,1.724,37.90,3.99,-60,9.75,
2026-09-18T15:26:22,2,1.721,37.71,35.2490,25.9,1.719,37.51,4.02,-62,9.75,
2026-09-18T15:26:23,2,1.702,36.16,35.2440,25.9,1.722,37.77,4.02,-63,10.00,
2026-09-18T15:26:24,2,1.728,38.22,35.2460,25.9,1.725,37.96,4.00,-61,9.75,
2026-09-18T15:26:25,2,1.699,35.90,35.2410,25.9,1.717,37.38,4.03,-60,9.50,
2026-09-18T15:26:26,2,1.701,36.09,35.2400,25.9,1.721,37.64,4.02,-60,9.75,
2026-09-18T15:26:27,2,1.726,38.09,35.2410,25.9,1.720,37.58,4.02,-60,10.50,
2026-09-18T15:26:29,2,1.700,35.96,35.2470,25.9,1.717,37.38,4.04,-60,10.00,
2026-09-18T15:26:30,2,1.735,38.80,35.2400,25.9,1.713,37.06,4.00,-59,9.50,
2026-09-18T15:26:31,2,1.725,37.96,35.2410,25.9,1.721,37.71,4.02,-59,10.00,
2026-09-18T15:26:32,2,1.701,36.09,35.2440,25.9,1.723,37.83,4.01,-60,10.25,
2026-09-18T15:26:33,2,1.729,38.29,35.2480,25.9,1.725,37.96,4.00,-60,9.25,
2026-09-18T15:26:34,2,1.698,35.84,35.2440,25.9,1.720,37.58,4.04,-60,10.00,
2026-09-18T15:26:35,2,1.701,36.09,35.2490,25.9,1.723,37.83,4.02,-59,11.25,
2026-09-18T15:26:36,2,1.726,38.09,35.2510,25.9,1.725,37.96,4.00,-60,9.50,
2026-09-18T15:26:37,2,1.698,35.84,35.2470,25.9,1.719,37.51,4.04,-60,9.75,
2026-09-18T15:26:38,2,1.726,38.09,35.2450,25.9,1.725,38.03,4.02,-59,9.75,
2026-09-18T15:26:39,2,1.725,37.96,35.2440,25.9,1.719,37.51,4.02,-60,9.50,
2026-09-18T15:26:41,2,1.692,35.38,35.2360,25.9,1.716,37.32,4.04,-60,10.00,
2026-09-18T15:26:42,2,1.731,38.48,35.2350,25.9,1.724,37.90,4.00,-60,9.25,
2026-09-18T15:26:43,2,1.722,37.77,35.2420,25.9,1.721,37.64,4.02,-60,10.00,
2026-09-18T15:26:51,2,1.724,37.90,35.2470,25.9,1.721,37.71,4.02,-60,10.00,
2026-09-18T15:26:53,2,1.701,36.09,35.2490,25.9,1.721,37.71,4.02,-60,10.00,
2026-09-18T15:26:54,2,1.729,38.35,35.2410,25.9,1.724,37.90,4.00,-63,9.50,
2026-09-18T15:26:55,2,1.689,35.13,35.2400,25.9,1.718,37.45,4.04,-63,9.75,
2026-09-18T15:26:56,2,1.700,36.03,35.2450,25.9,1.721,37.71,4.02,-61,10.00,
2026-09-18T15:26:57,2,1.722,37.77,35.2490,25.9,1.719,37.51,4.02,-62,10.25,
2026-09-18T15:26:58,2,1.700,35.96,35.2570,25.9,1.715,37.19,4.04,-63,10.25,
2026-09-18T15:26:59,2,1.702,36.16,35.2590,25.9,1.724,37.90,4.02,-63,10.00,
2026-09-18T15:27:00,2,1.723,37.83,35.2740,25.9,1.722,37.77,4.02,-62,9.75,
2026-09-18T15:27:01,2,1.703,36.22,35.2750,25.9,1.722,37.77,4.01,-62,10.25,
2026-09-18T15:27:02,2,1.721,37.64,35.2700,25.9,1.724,37.90,4.00,-63,9.75,
2026-09-18T15:27:03,2,1.724,37.90,35.2690,25.9,1.721,37.64,4.02,-62,10.00,
2026-09-18T15:27:05,2,1.705,36.42,35.2770,25.9,1.725,38.03,4.02,-62,10.00,
2026-09-18T15:27:06,2,1.729,38.29,35.2730,25.9,1.720,37.58,4.00,-63,9.75,
2026-09-18T15:27:07,2,1.697,35.77,35.2660,25.9,1.718,37.45,4.04,-62,10.25,
2026-09-18T15:27:08,2,1.701,36.09,35.2650,25.9,1.721,37.71,4.02,-62,9.75,
2026-09-18T15:27:09,2,1.722,37.77,35.2600,25.9,1.721,37.64,4.02,-62,10.00,
2026-09-18T15:27:10,2,1.692,35.32,35.2720,25.9,1.716,37.32,4.04,-63,10.25,
2026-09-18T15:27:11,2,1.746,39.70,35.2620,25.9,1.722,37.77,3.99,-62,9.75,
2026-09-18T15:27:12,2,1.723,37.83,35.2700,25.9,1.722,37.77,4.02,-62,10.00,
2026-09-18T15:27:13,2,1.701,36.09,35.2690,25.9,1.722,37.77,4.02,-62,9.75,
2026-09-18T15:27:14,2,1.731,38.48,35.2760,25.9,1.722,37.77,4.00,-62,10.00,
2026-09-18T15:27:16,2,1.699,35.90,35.2770,25.9,1.718,37.45,4.03,-62,9.75,
2026-09-18T15:27:17,2,1.701,36.09,35.2790,25.9,1.720,37.58,4.02,-62,10.00,
2026-09-18T15:27:18,2,1.725,37.96,35.2740,25.9,1.720,37.58,4.02,-62,10.25,
2026-09-18T15:27:19,2,1.700,35.96,35.2670,25.9,1.716,37.32,4.04,-62,10.25,
2026-09-18T15:27:20,2,1.699,35.90,35.2570,25.9,1.720,37.58,4.02,-63,10.50,
2026-09-18T15:27:21,2,1.725,37.96,35.2650,25.9,1.721,37.71,4.02,-63,10.00,
2026-09-18T15:27:22,2,1.703,36.22,35.2660,25.9,1.721,37.71,4.02,-63,9.50,
2026-09-18T15:27:23,2,1.732,38.54,35.2690,25.9,1.724,37.90,4.00,-62,9.75,
2026-09-18T15:27:24,2,1.725,37.96,35.2690,25.9,1.721,37.71,4.02,-63,9.75,
2026-09-18T15:27:25,2,1.696,35.71,35.2730,25.9,1.722,37.77,4.02,-62,10.00,
2026-09-18T15:27:34,2,1.703,36.22,35.2850,25.9,1.724,37.90,4.02,-61,10.00,
2026-09-18T15:27:35,2,1.729,38.29,35.2860,25.9,1.719,37.51,4.02,-61,9.75,
2026-09-18T15:27:36,2,1.725,37.96,35.2840,25.9,1.724,37.90,4.02,-61,10.00,
2026-09-18T15:27:37,2,1.700,35.96,35.2920,25.9,1.721,37.71,4.02,-61,10.00,
2026-09-18T15:27:38,2,1.727,38.16,35.2970,25.9,1.724,37.90,4.02,-61,9.50,
2026-09-18T15:27:40,2,1.700,36.03,35.3000,25.9,1.720,37.58,4.04,-61,10.00,
2026-09-18T15:27:41,2,1.716,37.32,35.3070,25.9,1.722,37.77,4.02,-61,10.00,
2026-09-18T15:27:42,2,1.729,38.29,35.3050,25.9,1.720,37.58,4.02,-61,9.75,
2026-09-18T15:27:43,2,1.701,36.09,35.3060,25.9,1.721,37.71,4.02,-61,9.75,
2026-09-18T15:27:44,2,1.737,38.93,35.2990,25.9,1.725,37.96,4.00,-61,9.50,
2026-09-18T15:27:45,2,1.724,37.90,35.3060,25.9,1.720,37.58,4.02,-61,10.00,
2026-09-18T15:27:46,2,1.700,36.03,35.3030,25.9,1.723,37.83,4.02,-61,10.25,
2026-09-18T15:27:47,2,1.727,38.16,35.3040,25.9,1.719,37.51,4.02,-61,10.00,
2026-09-18T15:27:48,2,1.704,36.29,35.3010,25.9,1.716,37.32,4.04,-61,9.50,
2026-09-18T15:27:49,2,1.703,36.22,35.3040,25.9,1.724,37.90,4.02,-61,10.00,
2026-09-18T15:27:50,2,1.727,38.16,35.3010,25.9,1.721,37.71,4.02,-61,9.75,
2026-09-18T15:27:52,2,1.702,36.16,35.3080,25.9,1.721,37.71,4.02,-61,9.75,
2026-09-18T15:27:53,2,1.720,37.58,35.3150,25.9,1.725,38.03,4.02,-61,10.00,
2026-09-18T15:27:54,2,1.723,37.83,35.3140,25.9,1.721,37.71,4.02,-61,9.50,
2026-09-18T15:27:55,2,1.702,36.16,35.3150,25.9,1.721,37.71,4.02,-61,10.25,
2026-09-18T15:27:56,2,1.730,38.41,35.3170,25.9,1.721,37.71,4.01,-61,9.75,
2026-09-18T15:27:57,2,1.721,37.71,35.3190,25.9,1.722,37.77,4.02,-61,10.25,
2026-09-18T15:27:58,2,1.701,36.09,35.3190,25.9,1.720,37.58,4.02,-61,9.75,
2026-09-18T15:27:59,2,1.724,37.90,35.3190,25.9,1.723,37.83,4.02,-61,10.00,
2026-09-18T15:28:00,2,1.703,36.22,35.3140,25.9,1.721,37.71,4.01,-61,9.75,
2026-09-18T15:28:01,2,1.704,36.29,35.3100,25.9,1.722,37.77,4.02,-61,10.25,
2026-09-18T15:28:02,2,1.725,38.03,35.3060,25.9,1.721,37.71,4.02,-61,10.00,
2026-09-18T15:28:04,2,1.707,36.55,35.3120,25.9,1.721,37.64,4.01,-61,10.50,
2026-09-18T15:28:05,2,1.735,38.80,35.3170,25.9,1.721,37.64,4.01,-61,9.75,
2026-09-18T15:28:06,2,1.725,38.03,35.3190,25.9,1.729,38.29,4.02,-61,9.75,
2026-09-18T15:28:07,2,1.704,36.29,35.3300,25.9,1.721,37.71,4.02,-61,9.75,
2026-09-18T15:28:08,2,1.725,38.03,35.3250,25.9,1.721,37.64,4.02,-61,9.75,
2026-09-18T15:28:17,2,1.729,38.29,35.3330,25.9,1.729,38.35,4.02,-61,10.00,
2026-09-18T15:28:18,2,1.723,37.83,35.3210,25.9,1.717,37.38,4.02,-61,9.75,
2026-09-18T15:28:19,2,1.702,36.16,35.3230,25.9,1.721,37.64,4.02,-61,9.75,
2026-09-18T15:28:20,2,1.725,37.96,35.3280,25.9,1.719,37.51,4.02,-61,9.75,
2026-09-18T15:28:21,2,1.703,36.22,35.3280,25.9,1.721,37.71,4.01,-61,10.00,
2026-09-18T15:28:22,2,1.701,36.09,35.3340,25.9,1.719,37.51,4.02,-61,9.75,
2026-09-18T15:28:23,2,1.724,37.90,35.3340,25.9,1.719,37.51,4.02,-61,9.75,
2026-09-18T15:28:24,2,1.702,36.16,35.3280,25.9,1.714,37.13,4.01,-61,10.00,
2026-09-18T15:28:25,2,1.730,38.41,35.3240,25.9,1.721,37.64,4.01,-61,9.75,
2026-09-18T15:28:27,2,1.725,38.03,35.3160,25.9,1.721,37.64,4.02,-61,9.75,
2026-09-18T15:28:28,2,1.700,36.03,35.3070,25.9,1.724,37.90,4.02,-61,9.50,
2026-09-18T15:28:29,2,1.726,38.09,35.3050,25.9,1.721,37.64,4.01,-61,10.00,
2026-09-18T15:28:30,2,1.700,36.03,35.3060,25.9,1.723,37.83,4.01,-61,10.00,
2026-09-18T15:28:31,2,1.704,36.29,35.2980,25.9,1.722,37.77,4.02,-61,9.75,
2026-09-18T15:28:32,2,1.725,37.96,35.2960,25.9,1.719,37.51,4.02,-61,9.75,
2026-09-18T15:28:33,2,1.703,36.22,35.2840,25.9,1.725,38.03,4.02,-61,9.75,
2026-09-18T15:28:34,2,1.735,38.80,35.2870,25.9,1.721,37.71,4.01,-61,9.75,
2026-09-18T15:28:35,2,1.724,37.90,35.2840,25.9,1.721,37.71,4.01,-62,9.50,
2026-09-18T15:28:36,2,1.702,36.16,35.2870,25.9,1.721,37.71,4.02,-61,10.25,
2026-09-18T15:28:37,2,1.729,38.29,35.2850,25.9,1.729,38.35,4.01,-61,9.75,
2026-09-18T15:28:39,2,1.726,38.09,35.2920,25.9,1.723,37.83,4.00,-62,10.25,
2026-09-18T15:28:40,2,1.702,36.16,35.2900,25.9,1.721,37.64,4.02,-61,10.25,
2026-09-18T15:28:41,2,1.721,37.64,35.2890,25.9,1.721,37.64,4.02,-62,9.75,
2026-09-18T15:28:42,2,1.700,36.03,35.2830,25.9,1.721,37.71,4.02,-61,10.00,
2026-09-18T15:28:43,2,1.703,36.22,35.2840,25.9,1.717,37.38,4.02,-61,10.00,
2026-09-18T15:28:44,2,1.723,37.83,35.2860,25.9,1.722,37.77,4.02,-61,10.50,
2026-09-18T15:28:45,2,1.701,36.09,35.2800,25.9,1.725,38.03,4.02,-63,10.00,
2026-09-18T15:28:46,2,1.729,38.35,35.2780,25.9,1.722,37.77,4.01,-62,9.75,
2026-09-18T15:28:47,2,1.725,37.96,35.2840,25.9,1.721,37.71,4.02,-62,9.75,
2026-09-18T15:28:48,2,1.700,35.96,35.2910,25.9,1.721,37.71,4.02,-62,10.00,
2026-09-18T15:28:49,2,1.725,37.96,35.2830,25.9,1.721,37.64,4.02,-62,10.25,
2026-09-18T15:28:51,2,1.702,36.16,35.2860,25.9,1.721,37.64,4.02,-62,9.50,
2026-09-18T15:28:59,2,1.707,36.55,35.2940,25.9,1.725,38.03,4.00,-61,9.50,
2026-09-18T15:29:00,2,1.702,36.16,35.2930,25.9,1.721,37.71,4.02,-61,10.00,
2026-09-18T15:29:01,2,1.725,37.96,35.2950,25.9,1.721,37.64,4.02,-61,9.75,
2026-09-18T15:29:03,2,1.702,36.16,35.2900,25.9,1.722,37.77,4.02,-61,9.75,
2026-09-18T15:29:04,2,1.699,35.90,35.2920,25.9,1.719,37.51,4.03,-61,9.50,
2026-09-18T15:29:05,2,1.727,38.16,35.2920,25.9,1.722,37.77,4.02,-61,9.75,
2026-09-18T15:29:06,2,1.703,36.22,35.3010,25.9,1.721,37.71,4.02,-61,10.00,
2026-09-18T15:29:07,2,1.729,38.35,35.2940,25.9,1.720,37.58,4.01,-61,10.00,
2026-09-18T15:29:08,2,1.727,38.16,35.2930,25.9,1.724,37.90,3.99,-61,9.50,
2026-09-18T15:29:09,2,1.702,36.16,35.2980,25.9,1.724,37.90,4.02,-61,10.00,
2026-09-18T15:29:10,2,1.729,38.35,35.3000,25.9,1.721,37.64,4.02,-61,10.00,
2026-09-18T15:29:11,2,1.704,36.35,35.2910,25.9,1.719,37.51,4.02,-61,9.75,
2026-09-18T15:29:12,2,1.702,36.16,35.2960,25.9,1.716,37.32,4.04,-61,10.00,
2026-09-18T15:29:13,2,1.725,37.96,35.3020,25.9,1.721,37.64,4.02,-61,10.00,
2026-09-18T15:29:15,2,1.704,36.29,35.3050,25.9,1.721,37.71,4.02,-61,9.75,
2026-09-18T15:29:16,2,1.729,38.35,35.3050,25.9,1.721,37.64,4.01,-63,10.00,
2026-09-18T15:29:17,2,1.729,38.35,35.3010,25.9,1.726,38.09,3.99,-60,10.00,
2026-09-18T15:29:18,2,1.700,36.03,35.2930,25.9,1.721,37.64,4.02,-61,9.50,
2026-09-18T15:29:19,2,1.729,38.29,35.2950,25.9,1.720,37.58,4.02,-61,10.00,
2026-09-18T15:29:20,2,1.702,36.16,35.2930,25.9,1.721,37.71,4.02,-61,10.00,
2026-09-18T15:29:21,2,1.702,36.16,35.2970,25.9,1.719,37.51,4.02,-61,9.75,
2026-09-18T15:29:22,2,1.724,37.90,35.2960,25.9,1.723,37.83,4.02,-61,10.00,
2026-09-18T15:29:23,2,1.701,36.09,35.2940,25.9,1.721,37.64,4.02,-61,10.00,
2026-09-18T15:29:24,2,1.700,36.03,35.2970,25.9,1.719,37.51,4.04,-61,9.75,
2026-09-18T15:29:26,2,1.725,37.96,35.2940,25.9,1.721,37.64,4.02,-61,10.00,
2026-09-18T15:29:27,2,1.691,35.26,35.2840,25.9,1.721,37.64,4.02,-61,10.00,
2026-09-18T15:29:28,2,1.728,38.22,35.2840,25.9,1.722,37.77,4.01,-61,10.50,
2026-09-18T15:29:29,2,1.727,38.16,35.2730,25.9,1.725,38.03,4.00,-61,9.50,
2026-09-18T15:29:30,2,1.700,35.96,35.2720,25.9,1.721,37.71,4.03,-61,9.75,
2026-09-18T15:29:31,2,1.725,38.03,35.2740,25.9,1.721,37.71,4.02,-61,10.00,
2026-09-18T15:29:32,2,1.700,35.96,35.2730,25.9,1.722,37.77,4.02,-61,10.25,
2026-09-18T15:29:33,2,1.698,35.84,35.2720,25.9,1.721,37.64,4.03,-61,9.50,
2026-09-18T15:29:42,2,1.696,35.71,35.2540,25.9,1.717,37.38,4.04,-61,10.00,
2026-09-18T15:29:43,2,1.725,37.96,35.2520,25.9,1.722,37.77,4.02,-61,9.75,
2026-09-18T15:29:44,2,1.701,36.09,35.2470,25.9,1.721,37.71,4.02,-61,10.00,
2026-09-18T15:29:45,2,1.731,38.48,35.2460,25.9,1.721,37.64,4.01,-61,10.25,
2026-09-18T15:29:46,2,1.728,38.22,35.2540,25.9,1.726,38.09,4.00,-61,10.00,
2026-09-18T15:29:47,2,1.700,36.03,35.2580,25.9,1.722,37.77,4.02,-61,10.00,
2026-09-18T15:29:48,2,1.726,38.09,35.2600,25.9,1.723,37.83,4.02,-61,10.00,
2026-09-18T15:29:50,2,1.727,38.16,35.2630,25.9,1.725,38.03,4.00,-62,9.75,
2026-09-18T15:29:51,2,1.698,35.84,35.2670,25.9,1.719,37.51,4.04,-61,10.00,
2026-09-18T15:29:52,2,1.724,37.90,35.2720,25.9,1.721,37.71,4.02,-61,9.75,
2026-09-18T15:29:53,2,1.702,36.16,35.2680,25.9,1.724,37.90,4.02,-62,10.00,
2026-09-18T15:29:54,2,1.699,35.90,35.2810,25.9,1.718,37.45,4.04,-61,10.25,
2026-09-18T15:29:55,2,1.725,38.03,35.2730,25.9,1.723,37.83,4.02,-61,10.00,
2026-09-18T15:29:56,2,1.701,36.09,35.2710,25.9,1.722,37.77,4.02,-62,9.75,
2026-09-18T15:29:57,2,1.729,38.29,35.2740,25.9,1.721,37.71,4.01,-61,9.75,
2026-09-18T15:29:58,2,1.726,38.09,35.2720,25.9,1.724,37.90,4.00,-63,9.75,
2026-09-18T15:29:59,2,1.702,36.16,35.2730,25.9,1.721,37.64,4.02,-60,10.25,
2026-09-18T15:30:00,2,1.725,37.96,35.2740,25.9,1.716,37.32,4.02,-60,10.00,
2026-09-18T15:30:02,2,1.700,36.03,35.2850,25.9,1.721,37.71,4.02,-60,10.25,
2026-09-18T15:30:03,2,1.693,35.45,35.2810,25.9,1.721,37.71,4.05,-60,9.50,
2026-09-18T15:30:04,2,1.721,37.71,35.2760,25.9,1.721,37.64,4.02,-60,9.75,
2026-09-18T15:30:05,2,1.700,36.03,35.2780,25.9,1.725,37.96,4.02,-60,10.25,
2026-09-18T15:30:06,2,1.732,38.54,35.2770,25.9,1.722,37.77,4.01,-60,10.25,
2026-09-18T15:30:07,2,1.725,37.96,35.2830,25.9,1.726,38.09,4.00,-60,9.75,
2026-09-18T15:30:08,2,1.703,36.22,35.2850,25.9,1.719,37.51,4.02,-60,10.00,
2026-09-18T15:30:09,2,1.728,38.22,35.2880,25.9,1.723,37.83,4.02,-58,10.00,
2026-09-18T15:30:10,2,1.729,38.29,35.2890,25.9,1.722,37.77,3.99,-60,9.50,
2026-09-18T15:30:11,2,1.699,35.90,35.2880,25.9,1.716,37.32,4.04,-60,9.75,
2026-09-18T15:30:14,2,1.704,36.29,35.2880,25.9,1.718,37.45,4.02,-60,10.00,
2026-09-18T15:30:15,2,1.699,35.90,35.2850,25.9,1.719,37.51,4.04,-60,10.25,
2026-09-18T15:30:16,2,1.729,38.35,35.2930,25.9,1.725,37.96,3.99,-60,9.50,
2026-09-18T15:30:25,2,1.728,38.22,35.2930,25.9,1.725,37.96,3.99,-62,9.50,
2026-09-18T15:30:26,2,1.705,36.42,35.3030,25.9,1.721,37.64,4.02,-62,10.00,
2026-09-18T15:30:27,2,1.733,38.67,35.3000,25.9,1.719,37.51,4.01,-62,10.25,
2026-09-18T15:30:28,2,1.726,38.09,35.2940,25.9,1.725,37.96,4.00,-62,9.50,
2026-09-18T15:30:29,2,1.700,35.96,35.2940,25.9,1.716,37.25,4.04,-62,10.25,
2026-09-18T15:30:30,2,1.726,38.09,35.2860,25.9,1.720,37.58,4.02,-61,9.50,
2026-09-18T15:30:31,2,1.700,36.03,35.2940,25.9,1.721,37.64,4.02,-61,10.00,
2026-09-18T15:30:32,2,1.698,35.84,35.2940,25.9,1.716,37.32,4.04,-61,11.00,
2026-09-18T15:30:33,2,1.726,38.09,35.2910,25.9,1.722,37.77,4.02,-62,11.00,
2026-09-18T15:30:34,2,1.701,36.09,35.2910,25.9,1.721,37.64,4.02,-62,10.00,
2026-09-18T15:30:35,2,1.699,35.90,35.2850,25.9,1.721,37.71,4.04,-62,9.75,
2026-09-18T15:30:37,2,1.726,38.09,35.2930,25.9,1.725,38.03,3.99,-61,10.25,
2026-09-18T15:30:38,2,1.702,36.16,35.2930,25.9,1.721,37.64,4.02,-62,9.75,
2026-09-18T15:30:39,2,1.732,38.54,35.2980,25.9,1.722,37.77,4.01,-62,9.75,
2026-09-18T15:30:40,2,1.727,38.16,35.2990,25.9,1.723,37.83,4.00,-62,10.75,
2026-09-18T15:30:41,2,1.700,35.96,35.2930,25.9,1.718,37.45,4.04,-61,9.75,
2026-09-18T15:30:42,2,1.726,38.09,35.2980,25.9,1.722,37.77,4.02,-61,10.00,
2026-09-18T15:30:43,2,1.701,36.09,35.2880,25.9,1.720,37.58,4.02,-62,9.75,
2026-09-18T15:30:44,2,1.701,36.09,35.2980,25.9,1.717,37.38,4.04,-61,10.00,
2026-09-18T15:30:45,2,1.729,38.29,35.2980,25.9,1.728,38.22,3.99,-61,11.75,
2026-09-18T15:30:46,2,1.700,36.03,35.3000,25.9,1.721,37.64,4.02,-61,9.50,
2026-09-18T15:30:47,2,1.732,38.54,35.3000,25.9,1.724,37.90,4.01,-65,9.50,
2026-09-18T15:30:49,2,1.727,38.16,35.3060,25.9,1.725,37.96,4.00,-60,9.50,
2026-09-18T15:30:50,2,1.698,35.84,35.3040,25.9,1.716,37.32,4.04,-62,10.25,
2026-09-18T15:30:51,2,1.727,38.16,35.3160,25.9,1.725,37.96,4.02,-62,10.00,
2026-09-18T15:30:52,2,1.700,36.03,35.2930,25.9,1.721,37.64,4.02,-62,10.25,
2026-09-18T15:30:53,2,1.700,35.96,35.2930,25.9,1.716,37.32,4.04,-62,10.25,
2026-09-18T15:30:54,2,1.729,38.29,35.2880,25.9,1.725,37.96,3.99,-61,9.75,
2026-09-18T15:30:55,2,1.703,36.22,35.2990,25.9,1.721,37.64,4.02,-61,10.00,
2026-09-18T15:30:56,2,1.700,36.03,35.3040,25.9,1.718,37.45,4.04,-61,9.75,
2026-09-18T15:30:57,2,1.727,38.16,35.2960,25.9,1.721,37.64,4.00,-61,9.25,
2026-09-18T15:30:58,2,1.699,35.90,35.2920,25.9,1.719,37.51,4.04,-61,10.25,
2026-09-18T15:31:07,2,1.701,36.09,35.2960,25.9,1.724,37.90,4.02,-62,10.00,
2026-09-18T15:31:08,2,1.729,38.35,35.2910,25.9,1.721,37.71,4.01,-61,10.00,
2026-09-18T15:31:09,2,1.727,38.16,35.2900,25.9,1.725,37.96,3.99,-61,9.25,
2026-09-18T15:31:10,2,1.699,35.90,35.2780,25.9,1.720,37.58,4.03,-62,9.75,
2026-09-18T15:31:11,2,1.727,38.16,35.2870,25.9,1.722,37.77,4.02,-61,10.00,
2026-09-18T15:31:13,2,1.700,35.96,35.2920,25.9,1.721,37.64,4.02,-61,10.25,
2026-09-18T15:31:14,2,1.697,35.77,35.2890,25.9,1.718,37.45,4.04,-61,10.00,
2026-09-18T15:31:15,2,1.726,38.09,35.2910,25.9,1.718,37.45,3.99,-62,9.75,
2026-09-18T15:31:16,2,1.700,36.03,35.2760,25.9,1.721,37.71,4.02,-61,11.00,
2026-09-18T15:31:17,2,1.728,38.22,35.2770,25.9,1.721,37.71,4.02,-61,9.75,
2026-09-18T15:31:18,2,1.726,38.09,35.2740,25.9,1.722,37.77,4.00,-61,9.75,
2026-09-18T15:31:19,2,1.708,36.61,35.2690,25.9,1.718,37.45,4.04,-61,9.75,
2026-09-18T15:31:20,2,1.725,37.96,35.2720,25.9,1.723,37.83,4.02,-61,10.00,
2026-09-18T15:31:21,2,1.726,38.09,35.2870,25.9,1.726,38.09,4.00,-61,9.50,
2026-09-18T15:31:22,2,1.698,35.84,35.2830,25.9,1.721,37.64,4.04,-61,10.25,
2026-09-18T15:31:24,2,1.727,38.16,35.2820,25.9,1.729,38.35,3.99,-61,9.25,
2026-09-18T15:31:25,2,1.703,36.22,35.2780,25.9,1.722,37.77,4.02,-61,10.00,
2026-09-18T15:31:26,2,1.700,36.03,35.2730,25.9,1.718,37.45,4.04,-61,9.75,
2026-09-18T15:31:27,2,1.728,38.22,35.2700,25.9,1.725,37.96,4.00,-62,9.25,
2026-09-18T15:31:28,2,1.698,35.84,35.2760,25.9,1.716,37.25,4.04,-61,9.75,
2026-09-18T15:31:29,2,1.729,38.35,35.2800,25.9,1.721,37.64,4.01,-62,10.00,
2026-09-18T15:31:30,2,1.727,38.16,35.2820,25.9,1.725,37.96,4.00,-61,9.25,
2026-09-18T15:31:31,2,1.698,35.84,35.2750,25.9,1.716,37.32,4.04,-63,10.00,
2026-09-18T15:31:32,2,1.729,38.29,35.2740,25.9,1.727,38.16,4.01,-63,10.50,
2026-09-18T15:31:33,2,1.700,36.03,35.2720,25.9,1.724,37.90,4.02,-62,9.75,
2026-09-18T15:31:34,2,1.700,35.96,35.2760,25.9,1.719,37.51,4.04,-62,10.00,
2026-09-18T15:31:36,2,1.727,38.16,35.2750,25.9,1.725,38.03,3.99,-62,9.75,
2026-09-18T15:31:37,2,1.700,36.03,35.2750,25.9,1.724,37.90,4.02,-62,10.25,
2026-09-18T15:31:38,2,1.731,38.48,35.2780,25.9,1.720,37.58,4.02,-61,9.75,
2026-09-18T15:31:39,2,1.726,38.09,35.2750,25.9,1.726,38.09,4.00,-61,9.75,
2026-09-18T15:31:40,2,1.699,35.90,35.2740,25.9,1.717,37.38,4.04,-61,10.00,
2026-09-18T15:31:41,2,1.731,38.48,35.2640,25.9,1.723,37.83,4.01,-61,10.25,
2026-09-18T15:31:50,2,1.728,38.22,35.2720,25.9,1.722,37.77,4.01,-61,9.75,
2026-09-18T15:31:51,2,1.725,37.96,35.2750,25.9,1.723,37.83,4.00,-61,9.75,
2026-09-18T15:31:52,2,1.700,36.03,35.2770,25.9,1.721,37.71,4.04,-59,10.00,
2026-09-18T15:31:53,2,1.727,38.16,35.2770,25.9,1.725,37.96,3.99,-60,9.50,
2026-09-18T15:31:54,2,1.702,36.16,35.2810,25.9,1.721,37.71,4.00,-61,10.00,
2026-09-18T15:31:55,2,1.690,35.19,35.2870,25.9,1.718,37.45,4.04,-61,10.00,
2026-09-18T15:31:56,2,1.726,38.09,35.2870,25.9,1.726,38.09,3.99,-61,9.50,
2026-09-18T15:31:57,2,1.700,35.96,35.2880,25.9,1.720,37.58,4.04,-61,10.00,
2026-09-18T15:31:58,2,1.730,38.41,35.2940,25.9,1.721,37.71,4.01,-61,9.75,
2026-09-18T15:32:00,2,1.717,37.38,35.2890,25.9,1.725,37.96,4.00,-61,9.75,
2026-09-18T15:32:01,2,1.698,35.84,35.2800,25.9,1.719,37.51,4.04,-61,10.25,
2026-09-18T15:32:02,2,1.729,38.29,35.2890,25.9,1.729,38.29,3.99,-62,9.75,
2026-09-18T15:32:03,2,1.698,35.84,35.2850,25.9,1.723,37.83,4.02,-62,10.00,
2026-09-18T15:32:04,2,1.700,35.96,35.2820,25.9,1.720,37.58,4.04,-62,10.00,
2026-09-18T15:32:05,2,1.726,38.09,35.2780,25.9,1.727,38.16,4.00,-63,10.25,
2026-09-18T15:32:06,2,1.699,35.90,35.2840,25.9,1.718,37.45,4.02,-62,9.75,
2026-09-18T15:32:07,2,1.732,38.54,35.2870,25.9,1.721,37.71,4.01,-62,10.25,
2026-09-18T15:32:08,2,1.725,37.96,35.2890,25.9,1.721,37.71,4.00,-62,9.75,
2026-09-18T15:32:09,2,1.700,36.03,35.2810,25.9,1.718,37.45,4.04,-62,10.25,
2026-09-18T15:32:10,2,1.725,38.03,35.2900,25.9,1.722,37.77,4.02,-62,10.00,
2026-09-18T15:32:12,2,1.697,35.77,35.2820,25.9,1.725,37.96,4.02,-62,10.00,
2026-09-18T15:32:13,2,1.698,35.84,35.2840,25.9,1.717,37.38,4.04,-62,9.50,
2026-09-18T15:32:14,2,1.730,38.41,35.2840,25.9,1.727,38.16,4.00,-60,9.75,
2026-09-18T15:32:15,2,1.701,36.09,35.2720,25.9,1.721,37.71,4.01,-62,10.00,
2026-09-18T15:32:16,2,1.729,38.35,35.2730,25.9,1.721,37.64,4.02,-62,9.75,
2026-09-18T15:32:17,2,1.729,38.35,35.2660,25.9,1.725,37.96,4.00,-62,9.25,
2026-09-18T15:32:18,2,1.695,35.58,35.2670,25.9,1.718,37.45,4.04,-61,9.75,
2026-09-18T15:32:19,2,1.727,38.16,35.2760,25.9,1.725,38.03,4.01,-62,9.75,
2026-09-18T15:32:20,2,1.724,37.90,35.2770,25.9,1.722,37.77,4.00,-62,10.00,
2026-09-18T15:32:21,2,1.698,35.84,35.2720,25.9,1.719,37.51,4.04,-61,10.00,
2026-09-18T15:32:23,2,1.725,38.03,35.2800,25.9,1.725,38.03,3.99,-61,9.50,
2026-09-18T15:32:24,2,1.698,35.84,35.2810,25.9,1.722,37.77,4.01,-62,10.00,
2026-09-18T15:32:32,2,1.700,36.03,35.2850,25.9,1.721,37.71,4.02,-63,10.00,
2026-09-18T15:32:33,2,1.698,35.84,35.2930,25.9,1.719,37.51,4.04,-62,10.00,
2026-09-18T15:32:35,2,1.727,38.16,35.2940,25.9,1.727,38.16,4.00,-62,9.75,
2026-09-18T15:32:37,2,1.732,38.54,35.2920,25.9,1.721,37.71,4.01,-63,10.00,
2026-09-18T15:32:38,2,1.729,38.35,35.2950,25.9,1.724,37.90,4.00,-63,9.50,
2026-09-18T15:32:39,2,1.698,35.84,35.2960,25.9,1.716,37.32,4.04,-62,10.25,
2026-09-18T15:32:40,2,1.729,38.35,35.3030,25.9,1.721,37.71,4.02,-63,10.25,
2026-09-18T15:32:41,2,1.702,36.16,35.3010,25.9,1.721,37.64,4.02,-62,10.25,
2026-09-18T15:32:42,2,1.694,35.51,35.2950,25.9,1.721,37.71,4.04,-62,10.00,
2026-09-18T15:32:43,2,1.729,38.29,35.2900,25.9,1.725,38.03,3.99,-61,9.75,
2026-09-18T15:32:44,2,1.702,36.16,35.2920,25.9,1.721,37.64,4.02,-61,9.75,
2026-09-18T15:32:45,2,1.699,35.90,35.2940,25.9,1.717,37.38,4.04,-61,10.00,
2026-09-18T15:32:47,2,1.726,38.09,35.2960,25.9,1.725,37.96,4.00,-61,9.50,
2026-09-18T15:32:48,2,1.700,35.96,35.2900,25.9,1.718,37.45,4.04,-61,10.00,
2026-09-18T15:32:49,2,1.729,38.29,35.2890,25.9,1.721,37.71,4.01,-61,10.00,
2026-09-18T15:32:50,2,1.725,37.96,35.2970,25.9,1.722,37.77,4.00,-61,9.50,
2026-09-18T15:32:51,2,1.700,35.96,35.2890,25.9,1.719,37.51,4.04,-61,10.00,
2026-09-18T15:32:52,2,1.731,38.48,35.2920,25.9,1.729,38.29,3.99,-61,9.50,
2026-09-18T15:32:53,2,1.701,36.09,35.3000,25.9,1.721,37.64,4.02,-61,9.75,
2026-09-18T15:32:54,2,1.700,36.03,35.3070,25.9,1.721,37.64,4.04,-61,10.00,
2026-09-18T15:32:55,2,1.727,38.16,35.3050,25.9,1.723,37.83,4.00,-61,10.25,
2026-09-18T15:32:56,2,1.700,35.96,35.3020,25.9,1.717,37.38,4.04,-61,11.25,
2026-09-18T15:32:57,2,1.733,38.61,35.3040,25.9,1.721,37.64,4.01,-61,10.00,
2026-09-18T15:32:59,2,1.725,37.96,35.3070,25.9,1.725,38.03,4.00,-61,12.50,
2026-09-18T15:33:00,2,1.699,35.90,35.3140,25.9,1.720,37.58,4.04,-61,10.00,
2026-09-18T15:33:01,2,1.731,38.48,35.3160,25.9,1.725,37.96,3.99,-61,9.50,
2026-09-18T15:33:02,2,1.702,36.16,35.3050,25.9,1.720,37.58,4.02,-61,9.75,
2026-09-18T15:33:03,2,1.697,35.77,35.3090,25.9,1.720,37.58,4.04,-61,10.25,
2026-09-18T15:33:04,2,1.727,38.16,35.3070,25.9,1.728,38.22,3.99,-61,9.25,
2026-09-18T15:33:05,2,1.698,35.84,35.3090,25.9,1.719,37.51,4.03,-61,9.50,
2026-09-18T15:33:06,2,1.698,35.84,35.3060,25.9,1.719,37.51,4.04,-61,10.00,
2026-09-18T15:33:14,2,1.699,35.90,35.3020,25.9,1.717,37.38,0.00,-50,5.50,
2026-09-18T15:33:15,2,1.698,35.84,35.3020,25.9,1.718,37.45,4.04,-61,10.25,
2026-09-18T15:33:16,2,1.729,38.29,35.3080,25.9,1.725,38.03,4.00,-62,9.50,
2026-09-18T15:33:17,2,1.698,35.84,35.3130,25.9,1.717,37.38,4.03,-62,9.75,
2026-09-18T15:33:19,2,1.726,38.09,35.2960,25.9,1.723,37.83,4.00,-62,9.25,
2026-09-18T15:33:20,2,1.697,35.77,35.2950,25.9,1.718,37.45,4.04,-62,10.00,
2026-09-18T15:33:22,2,1.730,38.41,35.3060,25.9,1.725,37.96,3.99,-62,9.75,
2026-09-18T15:33:23,2,1.704,36.35,35.3030,25.9,1.723,37.83,4.02,-61,10.00,
2026-09-18T15:33:24,2,1.698,35.84,35.3080,25.9,1.719,37.51,4.04,-60,10.00,
2026-09-18T15:33:25,2,1.729,38.29,35.3070,25.9,1.725,37.96,4.00,-62,9.50,
2026-09-18T15:33:26,2,1.698,35.84,35.3000,25.9,1.717,37.38,4.04,-64,9.50,
2026-09-18T15:33:27,2,1.699,35.90,35.2960,25.9,1.720,37.58,4.04,-65,10.00,14
2026-09-18T15:33:28,2,1.728,38.22,35.2920,25.9,1.737,38.99,4.00,-65,9.25,
2026-09-18T15:33:29,2,1.696,35.71,35.2930,25.9,1.718,37.45,4.04,-64,10.00,
2026-09-18T15:33:30,2,1.732,38.54,35.2950,25.9,1.727,38.16,3.99,-64,9.50,
2026-09-18T15:33:31,2,1.728,38.22,35.2950,25.9,1.724,37.90,4.00,-66,9.50,
2026-09-18T15:33:32,2,1.700,35.96,35.2960,25.9,1.720,37.58,4.04,-67,10.25,
2026-09-18T15:33:34,2,1.729,38.29,35.3040,25.9,1.725,38.03,4.00,-66,9.75,
2026-09-18T15:33:35,2,1.698,35.84,35.2970,25.9,1.719,37.51,4.04,-65,9.50,
2026-09-18T15:33:36,2,1.698,35.84,35.2940,25.9,1.722,37.77,4.04,-64,9.25,
2026-09-18T15:33:37,2,1.727,38.16,35.2870,25.9,1.723,37.83,3.99,-64,9.25,
2026-09-18T15:33:38,2,1.696,35.64,35.2820,25.9,1.719,37.51,4.04,-64,10.25,
2026-09-18T15:33:39,2,1.737,38.93,35.2820,25.9,1.727,38.16,3.99,-64,9.75,
2026-09-18T15:33:40,2,1.727,38.16,35.2700,25.9,1.726,38.09,4.00,-64,9.25,
2026-09-18T15:33:41,2,1.700,36.03,35.2640,25.9,1.723,37.83,4.04,-66,10.00,
2026-09-18T15:33:42,2,1.736,38.87,35.2890,25.9,1.729,38.29,3.99,-66,9.50,
2026-09-18T15:33:43,2,1.708,36.67,35.4050,25.9,1.725,37.96,4.04,-65,10.00,
2026-09-18T15:33:44,2,1.705,36.42,35.5060,25.9,1.725,37.96,4.03,-65,9.25,
2026-09-18T15:33:46,2,1.741,39.25,35.6350,25.9,1.733,38.61,3.99,-65,9.75,
2026-09-18T15:33:47,2,1.709,36.74,35.7480,25.9,1.728,38.22,4.04,-71,9.75,
2026-09-18T15:33:48,2,1.709,36.74,35.8440,25.9,1.733,38.67,4.03,-69,9.25,
2026-09-18T15:33:49,2,1.736,38.87,35.9200,25.9,1.736,38.87,4.00,-76,9.00,
2026-09-18T15:33:56,2,1.715,37.19,36.4630,25.9,1.737,38.93,4.00,-53,7.25,15
2026-09-18T15:33:58,2,1.745,39.58,36.5200,25.9,1.742,39.38,4.00,-62,9.50,
2026-09-18T15:33:59,2,1.718,37.45,36.5870,25.9,1.738,39.06,4.04,-61,10.00,
2026-09-18T15:34:00,2,1.751,40.09,36.6490,25.9,1.742,39.38,3.99,-67,9.50,
2026-09-18T15:34:01,2,1.745,39.58,36.7090,25.9,1.740,39.19,4.00,-65,9.50,
2026-09-18T15:34:02,2,1.716,37.32,36.8040,25.9,1.734,38.74,4.04,-65,9.75,
2026-09-18T15:34:03,2,1.744,39.51,36.7420,25.9,1.741,39.25,3.99,-62,9.25,
2026-09-18T15:34:04,2,1.713,37.06,36.6940,25.9,1.737,38.93,4.04,-64,9.75,
2026-09-18T15:34:05,2,1.716,37.25,36.6180,25.9,1.735,38.80,4.04,-64,10.00,
2026-09-18T15:34:06,2,1.741,39.25,36.5690,25.9,1.741,39.32,4.00,-64,9.75,
2026-09-18T15:34:07,2,1.716,37.25,36.5320,25.9,1.732,38.54,4.04,-64,10.25,
2026-09-18T15:34:08,2,1.736,38.87,36.5090,25.9,1.733,38.61,4.01,-64,9.50,
2026-09-18T15:34:10,2,1.742,39.38,36.4950,25.9,1.737,38.99,4.00,-64,9.50,
2026-09-18T15:34:11,2,1.714,37.13,36.4880,25.9,1.733,38.61,4.04,-64,9.75,
2026-09-18T15:34:12,2,1.747,39.77,36.4800,25.9,1.743,39.45,3.99,-63,9.50,
2026-09-18T15:34:13,2,1.739,39.12,36.4540,25.9,1.737,38.93,4.01,-64,10.00,
2026-09-18T15:34:14,2,1.714,37.13,36.4480,25.9,1.733,38.67,4.03,-64,9.50,
2026-09-18T15:34:15,2,1.740,39.19,36.4410,25.9,1.739,39.12,4.00,-64,9.25,
2026-09-18T15:34:16,2,1.712,37.00,36.4370,25.9,1.733,38.67,4.03,-64,9.25,
2026-09-18T15:34:17,2,1.715,37.19,36.4320,25.9,1.737,38.99,4.01,-64,10.00,
2026-09-18T15:34:18,2,1.741,39.32,36.4300,25.9,1.741,39.25,4.00,-64,9.75,
2026-09-18T15:34:19,2,1.713,37.06,36.4230,25.9,1.735,38.80,4.04,-64,10.75,
2026-09-18T15:34:21,2,1.747,39.77,36.4270,25.9,1.740,39.19,3.99,-63,9.75,
2026-09-18T15:34:22,2,1.742,39.38,36.4340,25.9,1.737,38.99,4.00,-64,9.75,
2026-09-18T15:34:23,2,1.713,37.06,36.4370,25.9,1.733,38.67,4.04,-64,10.25,
2026-09-18T15:34:24,2,1.743,39.45,36.4390,25.9,1.739,39.12,3.99,-63,9.50,
2026-09-18T15:34:25,2,1.712,36.93,36.4510,25.9,1.733,38.67,4.04,-64,10.00,
2026-09-18T15:34:26,2,1.717,37.38,36.4540,25.9,1.733,38.61,4.04,-64,10.00,
2026-09-18T15:34:27,2,1.738,39.06,36.4540,25.9,1.738,39.06,4.00,-64,9.75,
2026-09-18T15:34:28,2,1.713,37.06,36.4560,25.9,1.733,38.61,4.04,-64,9.75,
2026-09-18T15:34:29,2,1.741,39.32,36.4540,25.9,1.741,39.25,4.01,-64,10.00,
2026-09-18T15:34:30,2,1.742,39.38,36.4480,25.9,1.738,39.06,4.00,-64,9.50,
2026-09-18T15:34:31,2,1.714,37.13,36.4500,25.9,1.734,38.74,4.04,-64,10.00,
2026-09-18T15:34:39,2,1.741,39.32,36.4700,25.9,1.737,38.93,4.00,-55,8.75,
2026-09-18T15:34:40,2,1.715,37.19,36.4640,25.9,1.734,38.74,4.04,-63,10.00,
2026-09-18T15:34:41,2,1.746,39.70,36.4640,25.9,1.739,39.12,3.99,-62,10.00,
2026-09-18T15:34:42,2,1.737,38.99,36.4670,25.9,1.733,38.67,4.02,-63,10.00,
2026-09-18T15:34:43,2,1.712,37.00,36.4620,25.9,1.734,38.74,4.03,-63,10.00,
2026-09-18T15:34:45,2,1.743,39.45,36.4550,25.9,1.737,38.93,4.00,-63,10.00,
2026-09-18T15:34:46,2,1.713,37.06,36.4560,25.9,1.735,38.80,4.03,-63,10.00,
2026-09-18T15:34:47,2,1.717,37.38,36.4470,25.9,1.737,38.99,4.01,-63,10.00,
2026-09-18T15:34:48,2,1.743,39.45,36.4440,25.9,1.737,38.99,4.00,-63,10.00,
2026-09-18T15:34:49,2,1.713,37.06,36.4400,25.9,1.733,38.67,4.04,-63,10.50,
2026-09-18T15:34:50,2,1.741,39.32,36.4360,25.9,1.738,39.06,4.00,-63,9.50,
2026-09-18T15:34:51,2,1.737,38.99,36.4290,25.9,1.736,38.87,4.02,-63,10.00,
2026-09-18T15:34:52,2,1.714,37.13,36.4390,25.9,1.731,38.48,4.04,-63,10.25,
2026-09-18T15:34:53,2,1.746,39.70,36.4330,25.9,1.740,39.19,3.99,-63,9.25,
2026-09-18T15:34:54,2,1.741,39.25,36.4350,25.9,1.733,38.61,4.01,-63,10.25,
2026-09-18T15:34:55,2,1.713,37.06,36.4390,25.9,1.733,38.67,4.04,-63,10.00,
2026-09-18T15:34:57,2,1.742,39.38,36.4380,25.9,1.741,39.25,3.99,-63,9.50,
2026-09-18T15:34:58,2,1.712,37.00,36.4390,25.9,1.735,38.80,4.04,-65,10.50,
2026-09-18T15:34:59,2,1.716,37.32,36.4280,25.9,1.737,38.99,4.01,-65,9.50,
2026-09-18T15:35:00,2,1.740,39.19,36.4250,25.9,1.740,39.19,4.00,-64,9.25,
2026-09-18T15:35:01,2,1.708,36.61,36.4220,25.9,1.732,38.54,4.04,-65,9.75,
2026-09-18T15:35:02,2,1.748,39.83,36.4170,25.9,1.737,38.99,3.99,-65,9.75,
2026-09-18T15:35:03,2,1.740,39.19,36.4220,25.9,1.736,38.87,4.01,-65,9.75,
2026-09-18T15:35:04,2,1.716,37.25,36.4340,25.9,1.732,38.54,4.03,-65,9.50,
2026-09-18T15:35:05,2,1.740,39.19,36.4350,25.9,1.737,38.99,4.00,-65,9.75,
2026-09-18T15:35:06,2,1.712,37.00,36.4440,25.9,1.733,38.61,4.04,-66,10.00,
2026-09-18T15:35:07,2,1.716,37.32,36.4500,25.9,1.735,38.80,4.01,-66,10.00,
2026-09-18T15:35:09,2,1.743,39.45,36.4540,25.9,1.751,40.09,4.00,-66,9.50,
2026-09-18T15:35:10,2,1.713,37.06,36.4520,25.9,1.733,38.61,4.04,-65,9.75,
2026-09-18T15:35:11,2,1.744,39.51,36.4510,25.9,1.741,39.32,4.00,-66,9.25,
2026-09-18T15:35:12,2,1.737,38.99,36.4500,25.9,1.734,38.74,4.02,-65,10.25,
2026-09-18T15:35:13,2,1.713,37.06,36.4380,25.9,1.733,38.67,4.04,-66,10.25,
2026-09-18T15:35:14,2,1.745,39.64,36.4390,25.9,1.737,38.93,4.00,-66,9.25,
2026-09-18T15:35:22,2,1.713,37.06,36.4650,25.9,1.734,38.74,4.04,-66,10.00,
2026-09-18T15:35:23,2,1.745,39.64,36.4670,25.9,1.738,39.06,3.99,-66,9.50,
2026-09-18T15:35:24,2,1.738,39.06,36.4430,25.9,1.733,38.67,4.01,-66,10.25,
2026-09-18T15:35:25,2,1.721,37.71,36.4390,25.9,1.737,38.99,4.02,-66,10.25,
2026-09-18T15:35:26,2,1.743,39.45,36.4470,25.9,1.738,39.06,4.00,-66,9.75,
2026-09-18T15:35:27,2,1.712,37.00,36.4500,25.9,1.731,38.48,4.04,-66,10.00,
2026-09-18T15:35:28,2,1.717,37.38,36.4460,25.9,1.736,38.87,4.01,-66,10.00,
2026-09-18T15:35:29,2,1.741,39.25,36.4550,25.9,1.739,39.12,4.00,-66,9.75,
2026-09-18T15:35:30,2,1.713,37.06,36.4560,25.9,1.732,38.54,4.04,-66,10.25,
2026-09-18T15:35:32,2,1.750,40.03,36.4530,25.9,1.752,40.16,3.99,-65,9.50,
2026-09-18T15:35:33,2,1.739,39.12,36.4550,25.9,1.733,38.67,4.02,-66,10.00,
2026-09-18T15:35:34,2,1.712,37.00,36.4610,25.9,1.733,38.61,4.04,-66,10.00,
2026-09-18T15:35:35,2,1.745,39.64,36.4650,25.9,1.740,39.19,3.99,-65,10.50,
2026-09-18T15:35:36,2,1.738,39.06,36.4690,25.9,1.734,38.74,4.02,-66,9.75,
2026-09-18T15:35:37,2,1.718,37.45,36.4640,25.9,1.738,39.06,4.01,-66,10.00,
2026-09-18T15:35:38,2,1.747,39.77,36.4620,25.9,1.737,38.99,4.00,-66,9.50,
2026-09-18T15:35:39,2,1.716,37.32,36.4620,25.9,1.733,38.61,4.03,-66,9.50,
2026-09-18T15:35:40,2,1.718,37.45,36.4600,25.9,1.735,38.80,4.01,-66,10.25,
2026-09-18T15:35:41,2,1.739,39.12,36.4550,25.9,1.734,38.74,4.01,-66,10.00,
2026-09-18T15:35:42,2,1.716,37.25,36.4580,25.9,1.731,38.48,4.03,-66,9.75,
2026-09-18T15:35:44,2,1.746,39.70,36.4650,25.9,1.737,38.93,3.99,-65,9.50,
2026-09-18T15:35:45,2,1.738,39.06,36.4650,25.9,1.734,38.74,4.01,-66,9.75,
2026-09-18T15:35:46,2,1.716,37.25,36.4690,25.9,1.737,38.93,4.01,-66,10.00,
2026-09-18T15:35:47,2,1.742,39.38,36.4540,25.9,1.739,39.12,3.98,-66,9.50,
2026-09-18T15:35:48,2,1.712,37.00,36.4630,25.9,1.733,38.61,4.04,-65,10.00,
2026-09-18T15:35:49,2,1.716,37.25,36.4540,25.9,1.737,38.93,4.01,-65,10.00,
2026-09-18T15:35:50,2,1.737,38.99,36.4620,25.9,1.734,38.74,4.02,-66,10.00,
2026-09-18T15:35:51,2,1.713,37.06,36.4710,25.9,1.730,38.41,4.04,-65,9.50,
2026-09-18T15:35:52,2,1.751,40.09,36.4690,25.9,1.736,38.87,3.99,-64,9.00,
2026-09-18T15:35:53,2,1.737,38.99,36.4680,25.9,1.733,38.67,4.01,-65,9.75,
2026-09-18T15:35:54,2,1.717,37.38,36.4700,25.9,1.734,38.74,4.01,-65,10.00,
2026-09-18T15:35:56,2,1.745,39.58,36.4740,25.9,1.738,39.06,4.00,-65,9.25,
2026-09-18T15:35:57,2,1.714,37.13,36.4700,25.9,1.732,38.54,4.03,-65,9.25,
2026-09-18T15:36:04,2,1.746,39.70,36.4830,25.9,1.739,39.12,4.00,-60,10.00,
2026-09-18T15:36:05,2,1.739,39.12,36.4850,25.9,1.736,38.87,4.01,-60,10.00,
2026-09-18T15:36:06,2,1.717,37.38,36.4870,25.9,1.737,38.93,4.01,-60,10.00,
2026-09-18T15:36:08,2,1.744,39.51,36.4880,25.9,1.737,38.99,3.99,-60,9.50,
2026-09-18T15:36:09,2,1.713,37.06,36.4750,25.9,1.731,38.48,4.04,-60,10.00,
2026-09-18T15:36:10,2,1.716,37.32,36.4750,25.9,1.737,38.99,4.02,-60,10.00,
2026-09-18T15:36:11,2,1.735,38.80,36.4710,25.9,1.735,38.80,4.01,-59,9.75,
2026-09-18T15:36:12,2,1.712,37.00,36.4720,25.9,1.734,38.74,4.04,-59,9.75,
2026-09-18T15:36:13,2,1.748,39.83,36.4770,25.9,1.741,39.25,3.99,-59,9.75,
2026-09-18T15:36:14,2,1.736,38.87,36.4710,25.9,1.737,38.93,4.01,-59,10.00,
2026-09-18T15:36:15,2,1.719,37.51,36.4640,25.9,1.735,38.80,4.01,-60,10.00,
2026-09-18T15:36:16,2,1.742,39.38,36.4720,25.9,1.737,38.99,3.99,-59,9.50,
2026-09-18T15:36:17,2,1.714,37.13,36.4650,25.9,1.734,38.74,4.03,-60,9.75,
2026-09-18T15:36:19,2,1.716,37.32,36.4680,25.9,1.735,38.80,4.01,-59,10.25,
2026-09-18T15:36:20,2,1.740,39.19,36.4730,25.9,1.733,38.67,4.01,-59,10.25,
2026-09-18T15:36:21,2,1.713,37.06,36.4800,25.9,1.736,38.87,4.04,-60,10.00,
2026-09-18T15:36:22,2,1.749,39.90,36.4740,25.9,1.738,39.06,3.99,-59,9.50,
2026-09-18T15:36:23,2,1.737,38.93,36.4750,25.9,1.737,38.93,4.02,-64,10.25,
2026-09-18T15:36:24,2,1.716,37.32,36.4820,25.9,1.737,38.99,4.01,-62,9.75,
2026-09-18T15:36:25,2,1.743,39.45,36.4810,25.9,1.729,38.29,3.99,-60,9.50,
2026-09-18T15:36:26,2,1.739,39.12,36.4870,25.9,1.735,38.80,4.02,-61,10.25,
2026-09-18T15:36:27,2,1.717,37.38,36.4850,25.9,1.734,38.74,4.01,-62,10.00,
2026-09-18T15:36:28,2,1.740,39.19,36.4920,25.9,1.739,39.12,4.01,-62,9.75,
2026-09-18T15:36:29,2,1.715,37.19,36.4890,25.9,1.735,38.80,4.03,-62,9.75,
2026-09-18T15:36:31,2,1.717,37.38,36.4960,25.9,1.737,38.93,4.02,-62,10.00,
2026-09-18T15:36:32,2,1.738,39.06,36.4940,25.9,1.734,38.74,4.02,-61,10.00,
2026-09-18T15:36:33,2,1.715,37.19,36.4900,25.9,1.737,38.93,4.04,-61,10.00,
2026-09-18T15:36:34,2,1.749,39.90,36.4930,25.9,1.739,39.12,3.99,-60,9.50,
2026-09-18T15:36:35,2,1.737,38.99,36.4860,25.9,1.733,38.67,4.02,-61,9.75,
2026-09-18T15:36:36,2,1.716,37.32,36.4870,25.9,1.736,38.87,4.01,-61,9.75,
2026-09-18T15:36:37,2,1.741,39.32,36.4950,25.9,1.739,39.12,4.00,-61,10.00,
2026-09-18T15:36:38,2,1.713,37.06,36.4960,25.9,1.739,39.12,4.03,-61,9.25,
2026-09-18T15:36:47,2,1.714,37.13,36.4710,25.9,1.733,38.67,4.03,-62,10.00,
2026-09-18T15:36:48,2,1.716,37.25,36.4760,25.9,1.737,38.93,4.01,-61,9.75,
2026-09-18T15:36:49,2,1.737,38.99,36.4780,25.9,1.735,38.80,4.01,-61,10.00,
2026-09-18T15:36:50,2,1.714,37.13,36.4710,25.9,1.733,38.67,4.04,-60,10.00,
2026-09-18T15:36:51,2,1.716,37.25,36.4850,25.9,1.735,38.80,4.02,-61,9.75,
2026-09-18T15:36:52,2,1.739,39.12,36.4850,25.9,1.734,38.74,4.01,-61,11.25,
2026-09-18T15:36:53,2,1.718,37.45,36.4800,25.9,1.737,38.99,4.01,-61,9.50,
2026-09-18T15:36:55,2,1.744,39.51,36.4830,25.9,1.739,39.12,3.99,-62,9.75,
2026-09-18T15:36:56,2,1.737,38.93,36.4840,25.9,1.739,39.12,4.02,-62,10.25,
2026-09-18T15:36:57,2,1.718,37.45,36.4750,25.9,1.738,39.06,4.02,-62,9.50,
2026-09-18T15:36:58,2,1.749,39.90,36.4670,25.9,1.738,39.06,4.02,-61,9.75,
2026-09-18T15:36:59,2,1.714,37.13,36.4710,25.9,1.733,38.67,4.03,-61,9.75,
2026-09-18T15:37:00,2,1.714,37.13,36.4790,25.9,1.727,38.16,4.01,-61,9.75,
2026-09-18T15:37:01,2,1.739,39.12,36.4720,25.9,1.737,38.93,4.01,-61,10.00,
2026-09-18T15:37:02,2,1.718,37.45,36.4810,25.9,1.737,38.93,4.01,-61,10.00,
2026-09-18T15:37:03,2,1.740,39.19,36.4680,25.9,1.740,39.19,3.99,-60,9.50,
2026-09-18T15:37:04,2,1.738,39.06,36.4810,25.9,1.735,38.80,4.02,-61,10.00,
2026-09-18T15:37:05,2,1.716,37.25,36.4930,25.9,1.739,39.12,4.01,-61,10.25,
2026-09-18T15:37:07,2,1.741,39.25,36.4950,25.9,1.735,38.80,4.01,-61,10.00,
2026-09-18T15:37:08,2,1.712,37.00,36.4990,25.9,1.732,38.54,4.04,-61,10.00,
2026-09-18T15:37:09,2,1.718,37.45,36.4990,25.9,1.737,38.93,4.02,-61,10.00,
2026-09-18T15:37:10,2,1.750,40.03,36.4880,25.9,1.735,38.80,4.02,-60,10.00,
2026-09-18T15:37:11,2,1.719,37.51,36.4850,25.9,1.736,38.87,4.01,-62,10.50,
2026-09-18T15:37:12,2,1.748,39.83,36.4850,25.9,1.737,38.99,3.99,-61,9.50,
2026-09-18T15:37:13,2,1.737,38.99,36.4860,25.9,1.736,38.87,4.02,-61,9.75,
2026-09-18T15:37:14,2,1.717,37.38,36.4860,25.9,1.734,38.74,4.01,-61,10.25,
2026-09-18T15:37:15,2,1.744,39.51,36.4810,25.9,1.735,38.80,3.99,-61,9.50,
2026-09-18T15:37:16,2,1.739,39.12,36.4980,25.9,1.735,38.80,4.02,-61,10.00,
2026-09-18T15:37:17,2,1.716,37.25,36.4910,25.9,1.736,38.87,4.02,-61,10.00,
2026-09-18T15:37:19,2,1.739,39.12,36.4900,25.9,1.734,38.74,4.02,-61,10.25,
2026-09-18T15:37:20,2,1.716,37.25,36.4940,25.9,1.732,38.54,4.04,-61,9.75,
2026-09-18T15:37:21,2,1.716,37.32,36.4870,25.9,1.739,39.12,4.01,-61,9.75,
2026-09-18T15:37:27,2,1.741,39.32,36.4920,2.0,1.736,38.87,4.05,-49,-1.50,
2026-09-18T15:37:28,2,1.713,37.06,36.4900,25.9,1.734,38.24,4.04,-51,-1.00,
2026-09-18T15:37:30,2,1.716,37.32,36.4950,25.9,1.737,38.93,4.02,-60,9.50,
2026-09-18T15:37:31,2,1.744,39.51,36.4940,25.9,1.735,38.80,4.02,-60,9.75,
2026-09-18T15:37:32,2,1.720,37.58,36.4840,25.9,1.737,38.93,4.01,-60,10.25,
2026-09-18T15:37:33,2,1.751,40.09,36.4850,25.9,1.740,39.19,3.99,-59,9.75,
2026-09-18T15:37:34,2,1.738,39.06,36.4760,25.9,1.735,38.80,4.02,-60,10.25,
2026-09-18T15:37:35,2,1.715,37.19,36.4790,25.9,1.736,38.87,4.01,-59,10.25,
2026-09-18T15:37:36,2,1.741,39.25,36.4800,25.9,1.740,39.19,4.01,-60,10.25,
2026-09-18T15:37:37,2,1.738,39.06,36.4800,25.9,1.733,38.67,4.02,-60,9.50,
2026-09-18T15:37:38,2,1.718,37.45,36.4830,25.9,1.733,38.67,4.02,-60,10.00,
2026-09-18T15:37:39,2,1.741,39.25,36.4750,25.9,1.735,38.80,4.02,-60,9.75,
2026-09-18T15:37:40,2,1.716,37.32,36.4770,25.9,1.737,38.93,4.01,-60,10.00,
2026-09-18T15:37:42,2,1.715,37.19,36.4730,25.9,1.737,38.99,4.01,-60,9.75,
2026-09-18T15:37:43,2,1.739,39.12,36.4680,25.9,1.748,39.83,4.02,-60,10.50,
2026-09-18T15:37:44,2,1.720,37.58,36.4620,25.9,1.737,38.99,4.02,-60,9.50,
2026-09-18T15:37:45,2,1.744,39.51,36.4490,25.9,1.734,38.74,4.01,-60,10.00,
2026-09-18T15:37:46,2,1.737,38.99,36.4490,25.9,1.734,38.74,4.02,-60,10.00,
2026-09-18T15:37:47,2,1.716,37.32,36.4440,25.9,1.734,38.74,4.01,-60,9.75,
2026-09-18T15:37:48,2,1.738,39.06,36.4420,25.9,1.733,38.67,4.01,-59,9.50,
2026-09-18T15:37:49,2,1.717,37.38,36.4430,25.9,1.739,39.12,4.01,-59,9.75,
2026-09-18T15:37:50,2,1.717,37.38,36.4440,25.9,1.737,38.93,4.02,-59,10.00,
2026-09-18T15:37:51,2,1.737,38.99,36.4430,25.9,1.733,38.67,4.02,-60,9.75,
2026-09-18T15:37:52,2,1.715,37.19,36.4360,25.9,1.737,38.93,4.02,-60,9.75,
2026-09-18T15:37:54,2,1.746,39.70,36.4420,25.9,1.736,38.87,4.01,-59,10.00,
2026-09-18T15:37:55,2,1.738,39.06,36.4410,25.9,1.737,38.99,4.02,-62,10.00,
2026-09-18T15:37:56,2,1.716,37.25,36.4450,25.9,1.736,38.87,4.01,-62,10.25,
2026-09-18T15:37:57,2,1.742,39.38,36.4470,25.9,1.735,38.80,4.01,-62,10.25,
2026-09-18T15:37:58,2,1.721,37.64,36.4590,25.9,1.738,39.06,4.01,-62,9.75,
2026-09-18T15:37:59,2,1.716,37.25,36.4620,25.9,1.733,38.67,4.01,-62,10.00,
2026-09-18T15:38:00,2,1.738,39.06,36.4640,25.9,1.733,38.67,4.01,-62,9.75,
2026-09-18T15:38:01,2,1.717,37.38,36.4600,25.9,1.736,38.87,4.01,-62,9.75,
2026-09-18T15:38:02,2,1.712,37.00,36.4630,25.9,1.733,38.61,4.02,-61,9.75,
2026-09-18T15:38:03,2,1.739,39.12,36.4650,25.9,1.735,38.80,4.01,-61,9.75,
2026-09-18T15:38:12,2,1.737,38.93,36.4830,25.9,1.737,38.93,4.02,-63,9.75,
2026-09-18T15:38:13,2,1.716,37.32,36.4790,25.9,1.734,38.74,4.01,-63,10.00,
2026-09-18T15:38:14,2,1.746,39.70,36.4760,25.9,1.737,38.93,4.01,-63,10.00,
2026-09-18T15:38:15,2,1.737,38.99,36.4770,25.9,1.735,38.80,4.02,-63,10.50,
2026-09-18T15:38:17,2,1.715,37.19,36.4680,25.9,1.737,38.93,4.01,-63,10.25,
2026-09-18T15:38:18,2,1.741,39.25,36.4560,25.9,1.735,38.80,4.01,-63,10.50,
2026-09-18T15:38:19,2,1.716,37.25,36.4480,25.9,1.737,38.99,4.01,-63,10.00,
2026-09-18T15:38:20,2,1.715,37.19,36.4500,25.9,1.737,38.99,4.02,-63,9.75,
2026-09-18T15:38:21,2,1.737,38.99,36.4520,25.9,1.737,38.93,4.02,-62,10.00,
2026-09-18T15:38:22,2,1.716,37.32,36.4440,25.9,1.736,38.87,4.01,-62,9.75,
2026-09-18T15:38:23,2,1.728,38.22,36.4530,25.9,1.735,38.80,4.03,-61,9.75,
2026-09-18T15:38:24,2,1.729,38.35,36.4510,25.9,1.736,38.87,4.02,-59,9.75,
2026-09-18T15:38:25,2,1.718,37.45,36.4440,25.9,1.735,38.80,4.01,-61,10.00,
2026-09-18T15:38:26,2,1.743,39.45,36.4410,25.9,1.736,38.87,4.01,-62,10.25,
2026-09-18T15:38:27,2,1.743,39.45,36.4430,25.9,1.741,39.25,3.99,-60,9.50,
2026-09-18T15:38:29,2,1.718,37.45,36.4420,25.9,1.736,38.87,4.02,-61,10.00,
2026-09-18T15:38:30,2,1.738,39.06,36.4500,25.9,1.735,38.80,4.02,-61,10.25,
2026-09-18T15:38:31,2,1.715,37.19,36.4490,25.9,1.733,38.61,4.01,-62,9.75,
2026-09-18T15:38:32,2,1.713,37.06,36.4430,25.9,1.733,38.61,4.03,-60,10.25,
2026-09-18T15:38:33,2,1.738,39.06,36.4500,25.9,1.736,38.87,4.01,-60,10.25,
2026-09-18T15:38:34,2,1.716,37.25,36.4550,25.9,1.736,38.87,4.02,-60,9.75,
2026-09-18T15:38:35,2,1.746,39.70,36.4540,25.9,1.736,38.87,4.01,-60,10.00,
2026-09-18T15:38:36,2,1.741,39.32,36.4560,25.9,1.741,39.25,3.99,-60,9.50,
2026-09-18T15:38:37,2,1.716,37.32,36.4660,25.9,1.735,38.80,4.02,-60,10.50,
2026-09-18T15:38:38,2,1.740,39.19,36.4700,25.9,1.735,38.80,4.01,-60,10.50,
2026-09-18T15:38:39,2,1.718,37.45,36.4650,25.9,1.737,38.93,4.01,-60,10.00,
2026-09-18T15:38:41,2,1.714,37.13,36.4660,25.9,1.732,38.54,4.03,-60,9.50,
2026-09-18T15:38:42,2,1.739,39.12,36.4680,25.9,1.736,38.87,4.01,-60,10.00,
2026-09-18T15:38:43,2,1.716,37.32,36.4690,25.9,1.736,38.87,4.02,-60,10.25,
2026-09-18T15:38:44,2,1.744,39.51,36.4740,25.9,1.736,38.87,4.02,-60,10.25,
2026-09-18T15:38:45,2,1.741,39.25,36.4690,25.9,1.741,39.25,3.99,-60,9.50,
2026-09-18T15:38:46,2,1.716,37.25,36.4700,25.9,1.737,38.99,4.01,-60,9.75,
2026-09-18T15:38:54,2,1.737,38.99,36.4560,25.9,1.735,0.00,0.00,-50,-1.25,
2026-09-18T15:38:55,2,1.717,37.38,36.4480,25.9,1.735,38.80,4.01,-61,9.75,
2026-09-18T15:38:56,2,1.741,39.25,36.4410,25.9,1.735,38.80,4.01,-61,10.25,
2026-09-18T15:38:57,2,1.752,40.16,36.4380,25.9,1.739,39.12,3.99,-60,9.25,
2026-09-18T15:38:58,2,1.714,37.13,36.4320,25.9,1.737,38.93,4.02,-61,10.00,
2026-09-18T15:38:59,2,1.740,39.19,36.4300,25.9,1.737,38.99,4.01,-61,10.00,
2026-09-18T15:39:00,2,1.716,37.32,36.4270,25.9,1.735,38.80,4.01,-61,9.75,
2026-09-18T15:39:01,2,1.713,37.06,36.4280,25.9,1.733,38.67,4.03,-61,9.25,
2026-09-18T15:39:02,2,1.737,38.93,36.4280,25.9,1.736,38.87,4.02,-61,9.75,
2026-09-18T15:39:03,2,1.715,37.19,36.4210,25.9,1.737,38.93,4.02,-61,9.75,
2026-09-18T15:39:05,2,1.744,39.51,36.4140,25.9,1.737,38.93,4.01,-61,10.00,
2026-09-18T15:39:06,2,1.741,39.32,36.4130,25.9,1.738,39.06,3.99,-61,9.75,
2026-09-18T15:39:07,2,1.715,37.19,36.4160,25.9,1.735,38.80,4.01,-61,9.75,
2026-09-18T15:39:08,2,1.740,39.19,36.4220,25.9,1.735,38.80,4.01,-61,10.00,
2026-09-18T15:39:09,2,1.715,37.19,36.4280,25.9,1.736,38.87,4.01,-61,9.75,
2026-09-18T15:39:10,2,1.713,37.06,36.4300,25.9,1.733,38.67,4.04,-61,10.00,
2026-09-18T15:39:11,2,1.741,39.32,36.4290,25.9,1.737,38.93,4.02,-61,9.75,
2026-09-18T15:39:12,2,1.715,37.19,36.4310,25.9,1.741,39.32,4.01,-60,10.00,
2026-09-18T15:39:13,2,1.715,37.19,36.4320,25.9,1.733,38.61,4.03,-62,10.00,
2026-09-18T15:39:14,2,1.741,39.32,36.4370,25.9,1.738,39.06,3.99,-62,9.50,
2026-09-18T15:39:16,2,1.716,37.32,36.4380,25.9,1.737,38.93,4.01,-63,10.00,
2026-09-18T15:39:17,2,1.740,39.19,36.4400,25.9,1.737,38.93,4.01,-60,10.00,
2026-09-18T15:39:18,2,1.741,39.32,36.4480,25.9,1.740,39.19,3.99,-60,9.50,
2026-09-18T15:39:19,2,1.715,37.19,36.4530,25.9,1.735,38.80,4.03,-60,9.75,
2026-09-18T15:39:20,2,1.740,39.19,36.4550,25.9,1.736,38.87,4.01,-60,10.00,
2026-09-18T15:39:21,2,1.715,37.19,36.4470,25.9,1.737,38.93,4.02,-59,9.75,
2026-09-18T15:39:22,2,1.715,37.19,36.4590,25.9,1.733,38.61,4.04,-59,10.00,
2026-09-18T15:39:23,2,1.742,39.38,36.4570,25.9,1.741,39.25,3.99,-59,9.50,
2026-09-18T15:39:24,2,1.718,37.45,36.4610,25.9,1.736,38.87,4.01,-60,10.00,
2026-09-18T15:39:25,2,1.744,39.51,36.4600,25.9,1.737,38.99,4.01,-60,10.00,
2026-09-18T15:39:26,2,1.740,39.19,36.4620,25.9,1.737,38.99,3.99,-59,9.75,
2026-09-18T15:39:28,2,1.713,37.06,36.4550,25.9,1.733,38.61,4.04,-59,10.00,
2026-09-18T15:39:29,2,1.740,39.19,36.4490,25.9,1.735,38.80,4.01,-59,10.25,
2026-09-18T15:39:35,2,1.742,39.38,36.4660,25.0,0.000,39.00,3.00,-50,-1.50,
2026-09-18T15:39:36,2,1.717,37.38,36.4550,25.9,1.735,38.80,4.00,-49,-0.50,
2026-09-18T15:39:37,2,1.743,39.45,36.4500,25.9,1.736,38.87,4.02,-60,10.25,
2026-09-18T15:39:38,2,1.744,39.51,36.4400,25.9,1.738,39.06,4.00,-60,10.00,
2026-09-18T15:39:40,2,1.713,37.06,36.4390,25.9,1.733,38.61,4.03,-60,9.75,
2026-09-18T15:39:41,2,1.741,39.32,36.4380,25.9,1.729,38.29,4.01,-60,9.75,
2026-09-18T15:39:42,2,1.717,37.38,36.4400,25.9,1.737,38.99,4.02,-60,9.75,
2026-09-18T15:39:43,2,1.716,37.32,36.4300,25.9,1.733,38.67,4.04,-60,10.00,
2026-09-18T15:39:44,2,1.734,38.74,36.4350,25.9,1.738,39.06,3.99,-59,9.50,
2026-09-18T15:39:45,2,1.718,37.45,36.4400,25.9,1.735,38.80,4.01,-61,9.75,
2026-09-18T15:39:46,2,1.745,39.64,36.4410,25.9,1.737,38.99,4.00,-60,9.75,
2026-09-18T15:39:47,2,1.741,39.25,36.4510,25.9,1.737,38.99,4.00,-60,9.25,
2026-09-18T15:39:48,2,1.712,37.00,36.4510,25.9,1.734,38.74,4.03,-60,9.50,
2026-09-18T15:39:49,2,1.740,39.19,36.4580,25.9,1.737,38.93,4.01,-60,10.00,
2026-09-18T15:39:50,2,1.715,37.19,36.4500,25.9,1.733,38.67,4.01,-60,10.00,
2026-09-18T15:39:52,2,1.714,37.13,36.4510,25.9,1.730,38.41,4.03,-60,9.75,
2026-09-18T15:39:54,2,1.715,37.19,36.4600,25.9,1.736,38.87,4.01,-60,10.25,
2026-09-18T15:39:55,2,1.712,36.93,36.4660,25.9,1.732,38.54,4.03,-60,9.25,
2026-09-18T15:39:56,2,1.741,39.25,36.4560,25.9,1.738,39.06,3.99,-60,9.50,
2026-09-18T15:39:57,2,1.716,37.25,36.4700,25.9,1.733,38.61,4.03,-60,9.75,
2026-09-18T15:39:58,2,1.745,39.58,36.4700,25.9,1.736,38.87,4.01,-59,10.00,
2026-09-18T15:39:59,2,1.743,39.45,36.4740,25.9,1.740,39.19,4.00,-60,9.75,
2026-09-18T15:40:00,2,1.715,37.19,36.4800,25.9,1.736,38.87,4.04,-60,10.00,
2026-09-18T15:40:01,2,1.741,39.32,36.4730,25.9,1.739,39.12,3.99,-59,10.00,
2026-09-18T15:40:02,2,1.716,37.25,36.4830,25.9,1.749,39.90,4.01,-60,9.75,
2026-09-18T15:40:04,2,1.712,36.93,36.4860,25.9,1.733,38.61,4.03,-60,9.50,
2026-09-18T15:40:05,2,1.741,39.32,36.4840,25.9,1.741,39.25,3.99,-60,9.75,
2026-09-18T15:40:06,2,1.712,37.00,36.4850,25.9,1.733,38.61,4.03,-60,9.50,
2026-09-18T15:40:07,2,1.745,39.64,36.4870,25.9,1.737,38.93,4.01,-60,9.75,
2026-09-18T15:40:08,2,1.754,40.28,36.4830,25.9,1.738,39.06,3.99,-60,9.50,
2026-09-18T15:40:09,2,1.713,37.06,36.4850,25.9,1.735,38.80,4.03,-60,9.75,
2026-09-18T15:40:10,2,1.743,39.45,36.4890,25.9,1.741,39.25,3.98,-59,10.25,
2026-09-18T15:40:11,2,1.716,37.32,36.4890,25.9,1.737,38.99,4.01,-60,10.00,
2026-09-18T15:40:20,2,1.741,39.25,36.4870,25.9,1.738,39.06,4.00,-60,9.75,
2026-09-18T15:40:21,2,1.712,37.00,36.5000,25.9,1.727,38.16,4.03,-60,9.50,
2026-09-18T15:40:22,2,1.742,39.38,36.4900,25.9,1.740,39.19,3.99,-60,9.75,
2026-09-18T15:40:23,2,1.717,37.38,36.4780,25.9,1.735,38.80,4.02,-60,10.00,
2026-09-18T15:40:24,2,1.715,37.19,36.4820,25.9,1.737,38.99,4.04,-60,10.00,
2026-09-18T15:40:25,2,1.741,39.32,36.4770,25.9,1.739,39.12,4.00,-60,9.75,
2026-09-18T15:40:27,2,1.713,37.06,36.4740,25.9,1.734,38.74,4.03,-60,9.75,
2026-09-18T15:40:28,2,1.744,39.51,36.4740,25.9,1.735,38.80,4.01,-60,10.00,
2026-09-18T15:40:29,2,1.743,39.45,36.4680,25.9,1.741,39.25,4.00,-60,9.50,
2026-09-18T15:40:30,2,1.712,36.93,36.4710,25.9,1.733,38.67,4.03,-60,10.25,
2026-09-18T15:40:31,2,1.743,39.45,36.4670,25.9,1.738,39.06,3.99,-60,9.75,
2026-09-18T15:40:32,2,1.716,37.32,36.4760,25.9,1.735,38.80,4.01,-60,9.50,
2026-09-18T15:40:33,2,1.713,37.06,36.4760,25.9,1.732,38.54,4.03,-60,9.50,
2026-09-18T15:40:34,2,1.742,39.38,36.4780,25.9,1.743,39.45,3.99,-60,9.75,
2026-09-18T15:40:35,2,1.713,37.06,36.4760,25.9,1.731,38.48,4.03,-59,9.75,
2026-09-18T15:40:36,2,1.745,39.64,36.4840,25.9,1.732,38.54,4.01,-60,9.75,
2026-09-18T15:40:37,2,1.745,39.58,36.4870,25.9,1.737,38.99,4.00,-60,9.50,
2026-09-18T15:40:39,2,1.712,36.93,36.4860,25.9,1.734,38.74,4.03,-60,9.75,
2026-09-18T15:40:40,2,1.744,39.51,36.4730,25.9,1.741,39.25,3.99,-60,9.75,
2026-09-18T15:40:41,2,1.724,37.90,36.4740,25.9,1.736,38.87,4.00,-60,9.75,
2026-09-18T15:40:42,2,1.714,37.13,36.4770,25.9,1.733,38.61,4.04,-60,10.25,
2026-09-18T15:40:43,2,1.745,39.58,36.4900,25.9,1.740,39.19,3.99,-60,9.00,
2026-09-18T15:40:44,2,1.716,37.25,36.4990,25.9,1.732,38.54,4.03,-60,9.25,
2026-09-18T15:40:45,2,1.716,37.25,36.4990,25.9,1.732,38.54,4.03,-60,9.75,
2026-09-18T15:40:46,2,1.741,39.25,36.4870,25.9,1.741,39.25,4.00,-60,10.00,
2026-09-18T15:40:47,2,1.715,37.19,36.4830,25.9,1.732,38.54,4.04,-60,10.25,
2026-09-18T15:40:48,2,1.746,39.70,36.4830,25.9,1.741,39.32,3.98,-59,9.50,
2026-09-18T15:40:49,2,1.741,39.32,36.4820,25.9,1.737,38.99,4.00,-60,9.75,
2026-09-18T15:40:51,2,1.716,37.32,36.4830,25.9,1.734,38.74,4.03,-61,9.75,
2026-09-18T15:40:52,2,1.742,39.38,36.4770,25.9,1.740,39.19,3.99,-60,9.25,
2026-09-18T15:40:53,2,1.708,36.67,36.4800,25.9,1.736,38.87,4.03,-60,9.75,
2026-09-18T15:40:54,2,1.716,37.32,36.4790,25.9,1.737,38.93,4.04,-60,9.75,
2026-09-18T15:41:01,2,1.715,37.19,36.4690,25.9,1.737,38.00,2.00,-48,1.00,
2026-09-18T15:41:03,2,1.712,36.93,36.4560,25.9,1.734,38.74,4.03,-61,9.75,
2026-09-18T15:41:04,2,1.744,39.51,36.4600,25.9,1.740,39.19,3.99,-60,9.75,
2026-09-18T15:41:05,2,1.713,37.06,36.4640,25.9,1.733,38.61,4.03,-60,9.25,
2026-09-18T15:41:07,2,1.739,39.12,36.4740,25.9,1.739,39.12,4.00,-60,9.25,
2026-09-18T15:41:08,2,1.714,37.13,36.4700,25.9,1.736,38.87,4.03,-60,9.50,
2026-09-18T15:41:09,2,1.745,39.64,36.4670,25.9,1.738,39.06,3.98,-59,10.00,
2026-09-18T15:41:10,2,1.741,39.25,36.4780,25.9,1.737,38.93,3.99,-60,9.50,
2026-09-18T15:41:11,2,1.714,37.13,36.4820,25.9,1.732,38.54,4.03,-60,9.50,
2026-09-18T15:41:12,2,1.744,39.51,36.4870,25.9,1.738,39.06,3.99,-60,9.75,
2026-09-18T15:41:14,2,1.714,37.13,36.4810,25.9,1.733,38.67,4.03,-60,9.25,
2026-09-18T15:41:15,2,1.715,37.19,36.4790,25.9,1.732,38.54,4.04,-60,10.25,
2026-09-18T15:41:16,2,1.740,39.19,36.4810,25.9,1.739,39.12,3.99,-59,9.50,
2026-09-18T15:41:17,2,1.714,37.13,36.4850,25.9,1.734,38.74,4.03,-60,9.50,
2026-09-18T15:41:18,2,1.746,39.70,36.4810,25.9,1.741,39.25,3.98,-59,10.00,
2026-09-18T15:41:19,2,1.741,39.32,36.4810,25.9,1.739,39.12,4.00,-60,9.25,
2026-09-18T15:41:20,2,1.715,37.19,36.4740,25.9,1.732,38.54,4.03,-60,9.75,
2026-09-18T15:41:21,2,1.744,39.51,36.4710,25.9,1.732,38.54,3.99,-60,10.25,
2026-09-18T15:41:22,2,1.716,37.25,36.4750,25.9,1.733,38.61,4.03,-60,9.50,
2026-09-18T15:41:23,2,1.714,37.13,36.4660,25.9,1.734,38.74,4.03,-60,9.50,
2026-09-18T15:41:24,2,1.743,39.45,36.4700,25.9,1.739,39.12,3.99,-60,9.75,
2026-09-18T15:41:26,2,1.713,37.06,36.4700,25.9,1.732,38.54,4.03,-60,9.75,
2026-09-18T15:41:27,2,1.741,39.32,36.4670,25.9,1.736,38.87,3.99,-58,9.50,
2026-09-18T15:41:28,2,1.741,39.32,36.4630,25.9,1.739,39.12,3.99,-59,9.50,
2026-09-18T15:41:29,2,1.714,37.13,36.4710,25.9,1.735,38.80,4.04,-60,10.00,
2026-09-18T15:41:30,2,1.745,39.64,36.4730,25.9,1.738,39.06,3.99,-60,9.25,
2026-09-18T15:41:31,2,1.739,39.12,36.4650,25.9,1.734,38.74,4.01,-60,9.75,
2026-09-18T15:41:32,2,1.714,37.13,36.4620,25.9,1.734,38.74,4.04,-60,10.00,
2026-09-18T15:41:33,2,1.742,39.38,36.4690,25.9,1.738,39.06,3.99,-59,9.50,
2026-09-18T15:41:34,2,1.713,37.06,36.4740,25.9,1.733,38.61,4.03,-60,9.75,
2026-09-18T15:41:35,2,1.717,37.38,36.4690,25.9,1.735,38.80,4.01,-60,10.00,
2026-09-18T15:41:36,2,1.742,39.38,36.4690,25.9,1.739,39.12,4.00,-60,9.50,
2026-09-18T15:41:45,2,1.745,39.58,36.4960,25.9,1.741,39.32,3.99,-60,9.50,
2026-09-18T15:41:46,2,1.713,37.06,36.5040,25.9,1.733,38.61,4.03,-63,10.00,
2026-09-18T15:41:47,2,1.752,40.16,36.5090,25.9,1.741,39.32,3.98,-61,9.75,
2026-09-18T15:41:48,2,1.741,39.32,36.5110,25.9,1.739,39.12,3.99,-64,9.50,15
2026-09-18T15:41:50,2,1.716,37.25,36.5050,25.9,1.733,38.67,4.03,-62,10.75,
2026-09-18T15:41:51,2,1.746,39.70,36.5090,25.9,1.736,38.87,3.99,-65,9.25,
2026-09-18T15:41:52,2,1.737,38.99,36.5090,25.9,1.735,38.80,4.01,-63,10.00,
2026-09-18T15:41:53,2,1.708,36.67,36.5020,25.9,1.732,38.54,4.03,-63,9.75,
2026-09-18T15:41:54,2,1.743,39.45,36.4950,25.9,1.737,38.93,4.00,-62,9.75,
2026-09-18T15:41:55,2,1.713,37.06,36.4930,25.9,1.734,38.74,4.03,-65,9.50,
2026-09-18T15:41:56,2,1.718,37.45,36.4970,25.9,1.741,39.32,4.01,-62,10.25,
2026-09-18T15:41:57,2,1.740,39.19,36.4940,25.9,1.738,39.06,3.99,-62,9.50,
2026-09-18T15:41:58,2,1.714,37.13,36.4810,25.9,1.731,38.48,4.04,-62,10.50,
2026-09-18T15:41:59,2,1.745,39.58,36.4780,25.9,1.737,38.99,3.98,-62,9.75,
2026-09-18T15:42:01,2,1.739,39.12,36.4750,25.9,1.735,38.80,4.01,-62,10.00,
2026-09-18T15:42:02,2,1.716,37.25,36.4730,25.9,1.733,38.67,4.03,-62,9.75,
2026-09-18T15:42:03,2,1.745,39.58,36.4800,25.9,1.741,39.25,3.99,-64,8.75,
2026-09-18T15:42:04,2,1.716,37.25,36.4740,25.9,1.737,38.93,4.03,-62,9.75,
2026-09-18T15:42:05,2,1.719,37.51,36.4730,25.9,1.740,39.19,4.01,-63,10.00,
2026-09-18T15:42:06,2,1.742,39.38,36.5090,25.9,1.744,39.51,3.99,-61,9.50,
2026-09-18T15:42:07,2,1.716,37.25,36.5940,25.9,1.735,38.80,4.03,-62,10.00,
2026-09-18T15:42:08,2,1.754,40.35,36.6190,25.9,1.744,39.51,3.98,-66,9.75,
2026-09-18T15:42:09,2,1.742,39.38,36.6560,25.9,1.738,39.06,4.02,-61,9.75,
2026-09-18T15:42:10,2,1.716,37.25,36.6720,25.9,1.737,38.99,4.03,-65,9.25,
2026-09-18T15:42:11,2,1.747,39.77,36.6910,25.9,1.744,39.51,3.98,-61,9.75,
2026-09-18T15:42:13,2,1.727,38.16,36.7130,25.9,1.738,39.06,4.01,-63,9.75,
2026-09-18T15:42:14,2,1.720,37.58,36.7360,25.9,1.741,39.32,4.01,-63,10.25,
2026-09-18T15:42:15,2,1.745,39.58,36.7620,25.9,1.747,39.77,3.99,-63,9.00,
2026-09-18T15:42:16,2,1.720,37.58,36.7900,25.9,1.740,39.19,4.04,-63,9.75,
2026-09-18T15:42:17,2,1.721,37.71,36.8070,25.9,1.742,39.38,4.01,-63,10.00,
2026-09-18T15:42:18,2,1.745,39.58,36.8260,25.9,1.742,39.38,4.01,-62,10.25,
2026-09-18T15:42:19,2,1.722,37.77,36.8770,25.9,1.738,39.06,4.03,-64,9.00,
2026-09-18T15:42:27,2,1.740,39.19,37.0990,25.9,1.745,39.64,3.90,-49,1.50,16
2026-09-18T15:42:28,2,1.721,37.64,37.0970,25.9,1.738,39.06,4.03,-61,9.50,
2026-09-18T15:42:29,2,1.759,40.74,37.1060,25.9,1.748,39.83,3.99,-61,10.00,
2026-09-18T15:42:30,2,1.745,39.58,37.1050,25.9,1.744,39.51,4.01,-62,9.50,
2026-09-18T15:42:31,2,1.723,37.83,37.1270,25.9,1.742,39.38,4.03,-62,9.75,
2026-09-18T15:42:32,2,1.753,40.22,37.1410,25.9,1.747,39.77,3.99,-61,9.75,
2026-09-18T15:42:33,2,1.746,39.70,37.1600,25.9,1.745,39.64,4.01,-62,10.00,
2026-09-18T15:42:34,2,1.723,37.83,37.1630,25.9,1.746,39.70,4.01,-62,10.00,
2026-09-18T15:42:35,2,1.754,40.28,37.1680,25.9,1.746,39.70,3.99,-61,9.50,
2026-09-18T15:42:37,2,1.723,37.83,37.1790,25.9,1.742,39.38,4.03,-62,9.50,
2026-09-18T15:42:38,2,1.726,38.09,37.1900,25.9,1.742,39.38,4.02,-61,9.75,
2026-09-18T15:42:39,2,1.746,39.70,37.2060,25.9,1.744,39.51,4.01,-61,10.25,
2026-09-18T15:42:40,2,1.726,38.09,37.2170,25.9,1.741,39.32,4.03,-61,9.50,
2026-09-18T15:42:41,2,1.758,40.67,37.2280,25.9,1.747,39.77,3.99,-60,9.50,
2026-09-18T15:42:42,2,1.747,39.77,37.2010,25.9,1.744,39.51,4.01,-64,9.75,
2026-09-18T15:42:43,2,1.725,38.03,37.1730,25.9,1.745,39.64,4.01,-62,10.00,
2026-09-18T15:42:44,2,1.745,39.64,37.1540,25.9,1.747,39.77,3.99,-61,9.75,
2026-09-18T15:42:45,2,1.724,37.90,37.1470,25.9,1.738,39.06,4.03,-62,9.25,
2026-09-18T15:42:46,2,1.713,37.06,37.1410,25.9,1.745,39.58,4.01,-62,10.00,
2026-09-18T15:42:47,2,1.747,39.77,37.1340,25.9,1.740,39.19,4.01,-61,10.50,
2026-09-18T15:42:49,2,1.721,37.64,37.1200,25.9,1.740,39.19,4.03,-61,9.50,
2026-09-18T15:42:50,2,1.754,40.28,37.1220,25.9,1.762,40.93,3.99,-61,9.75,
2026-09-18T15:42:51,2,1.745,39.58,37.1190,25.9,1.742,39.38,4.01,-61,9.50,
2026-09-18T15:42:52,2,1.725,37.96,37.1190,25.9,1.746,39.70,4.01,-62,10.50,
2026-09-18T15:42:53,2,1.752,40.16,37.1130,25.9,1.746,39.70,3.99,-61,9.50,
2026-09-18T15:42:54,2,1.747,39.77,37.1080,25.9,1.740,39.19,4.01,-61,10.00,
2026-09-18T15:42:55,2,1.726,38.09,37.1130,25.9,1.746,39.70,4.01,-61,10.25,
2026-09-18T15:42:56,2,1.748,39.83,37.1120,25.9,1.744,39.51,4.01,-62,10.25,
2026-09-18T15:42:57,2,1.721,37.64,37.1050,25.9,1.738,39.06,4.03,-62,9.50,
2026-09-18T15:42:58,2,1.727,38.16,37.1100,25.9,1.745,39.58,4.01,-62,10.00,
2026-09-18T15:43:00,2,1.745,39.64,37.1110,25.9,1.744,39.51,4.01,-62,9.75,
2026-09-18T15:43:01,2,1.724,37.90,37.1100,25.9,1.745,39.64,4.03,-62,9.50,
2026-09-18T15:43:02,2,1.756,40.48,37.1020,25.9,1.747,39.77,3.99,-61,9.75,
2026-09-18T15:43:10,2,1.729,38.29,37.0920,25.9,1.745,39.64,4.01,-62,10.00,
2026-09-18T15:43:12,2,1.745,39.64,37.0870,25.9,1.743,39.45,4.01,-62,10.50,
2026-09-18T15:43:13,2,1.724,37.90,37.0900,25.9,1.744,39.51,4.01,-62,10.00,
2026-09-18T15:43:14,2,1.754,40.35,37.0920,25.9,1.746,39.70,4.00,-61,9.50,
2026-09-18T15:43:15,2,1.746,39.70,37.0870,25.9,1.741,39.32,4.01,-62,9.75,
2026-09-18T15:43:16,2,1.723,37.83,37.0850,25.9,1.744,39.51,4.01,-62,10.00,
2026-09-18T15:43:17,2,1.750,39.96,37.0880,25.9,1.745,39.58,4.01,-62,10.00,
2026-09-18T15:43:18,2,1.723,37.83,37.0780,25.9,1.741,39.25,4.03,-61,10.00,
2026-09-18T15:43:19,2,1.725,37.96,37.0720,25.9,1.747,39.77,4.01,-62,10.00,
2026-09-18T15:43:20,2,1.759,40.74,37.0660,25.9,1.741,39.25,4.01,-62,9.75,
2026-09-18T15:43:21,2,1.725,37.96,37.0680,25.9,1.745,39.58,4.01,-62,10.25,
2026-09-18T15:43:22,2,1.753,40.22,37.0630,25.9,1.746,39.70,3.99,-61,9.75,
2026-09-18T15:43:24,2,1.745,39.64,37.0680,25.9,1.746,39.70,4.01,-61,9.75,
2026-09-18T15:43:25,2,1.722,37.77,37.0770,25.9,1.743,39.45,4.01,-61,10.00,
2026-09-18T15:43:26,2,1.749,39.90,37.0670,25.9,1.745,39.58,4.01,-61,10.00,
2026-09-18T15:43:27,2,1.723,37.83,37.0730,25.9,1.741,39.32,4.03,-61,9.50,
2026-09-18T15:43:28,2,1.725,37.96,37.0670,25.9,1.744,39.51,4.01,-61,10.00,
2026-09-18T15:43:29,2,1.747,39.77,37.0670,25.9,1.745,39.58,4.01,-61,9.75,
2026-09-18T15:43:30,2,1.727,38.16,37.0740,25.9,1.745,39.64,4.01,-61,10.00,
2026-09-18T15:43:31,2,1.724,37.90,37.0830,25.9,1.733,38.61,4.01,-61,10.00,
2026-09-18T15:43:32,2,1.745,39.64,37.0770,25.9,1.744,39.51,4.02,-61,9.75,
2026-09-18T15:43:33,2,1.725,37.96,37.0740,25.9,1.743,39.45,4.01,-61,10.25,
2026-09-18T15:43:34,2,1.754,40.35,37.0800,25.9,1.745,39.64,3.99,-61,9.25,
2026-09-18T15:43:36,2,1.747,39.77,37.0830,25.9,1.743,39.45,4.01,-61,10.00,
2026-09-18T15:43:37,2,1.725,38.03,37.0890,25.9,1.756,40.48,4.01,-61,9.75,
2026-09-18T15:43:38,2,1.748,39.83,37.0980,25.9,1.744,39.51,4.01,-61,9.75,
2026-09-18T15:43:39,2,1.721,37.71,37.0970,25.9,1.741,39.32,4.03,-62,9.50,
2026-09-18T15:43:40,2,1.726,38.09,37.0970,25.9,1.743,39.45,4.01,-61,10.00,
2026-09-18T15:43:41,2,1.747,39.77,37.1070,25.9,1.742,39.38,4.01,-61,9.50,
2026-09-18T15:43:42,2,1.725,37.96,37.1040,25.9,1.743,39.45,4.01,-60,10.00,
2026-09-18T15:43:43,2,1.758,40.61,37.0920,25.9,1.746,39.70,3.99,-60,9.50,
2026-09-18T15:43:44,2,1.747,39.77,37.1010,25.9,1.743,39.45,4.01,-60,10.25,
2026-09-18T15:43:52,2,1.723,37.83,37.0800,25.9,1.745,39.58,4.01,-61,9.50,
2026-09-18T15:43:53,2,1.747,39.77,37.0810,25.9,1.745,39.64,4.01,-60,10.00,
2026-09-18T15:43:54,2,1.725,37.96,37.0820,25.9,1.742,39.38,4.01,-64,10.00,
2026-09-18T15:43:55,2,1.751,40.09,37.0770,25.9,1.745,39.64,4.01,-63,10.25,
2026-09-18T15:43:56,2,1.746,39.70,37.0660,25.9,1.741,39.32,4.01,-63,9.75,
2026-09-18T15:43:57,2,1.724,37.90,37.0610,25.9,1.743,39.45,4.01,-62,10.50,
2026-09-18T15:43:59,2,1.750,40.03,37.0650,25.9,1.744,39.51,4.01,-63,10.50,
2026-09-18T15:44:00,2,1.737,38.99,37.0600,25.9,1.744,39.51,4.01,-63,9.75,
2026-09-18T15:44:01,2,1.719,37.51,37.0520,25.9,1.744,39.51,4.02,-60,10.00,
2026-09-18T15:44:02,2,1.745,39.64,37.0580,25.9,1.745,39.64,4.01,-60,10.25,
2026-09-18T15:44:03,2,1.721,37.71,37.0580,25.9,1.745,39.64,4.01,-61,10.00,
2026-09-18T15:44:04,2,1.755,40.41,37.0590,25.9,1.744,39.51,3.98,-60,10.00,
2026-09-18T15:44:05,2,1.748,39.83,37.0490,25.9,1.743,39.45,4.01,-61,10.25,
2026-09-18T15:44:06,2,1.724,37.90,37.0660,25.9,1.744,39.51,4.01,-61,10.00,
2026-09-18T15:44:07,2,1.750,39.96,37.0620,25.9,1.755,40.41,4.01,-61,10.00,
2026-09-18T15:44:08,2,1.725,38.03,37.0690,25.9,1.744,39.51,4.01,-61,9.75,
2026-09-18T15:44:09,2,1.724,37.90,37.0700,25.9,1.743,39.45,4.01,-61,10.00,
2026-09-18T15:44:11,2,1.750,39.96,37.0730,25.9,1.745,39.58,4.01,-61,9.75,
2026-09-18T15:44:12,2,1.725,37.96,37.0640,25.9,1.737,38.99,4.01,-61,9.75,
2026-09-18T15:44:13,2,1.723,37.83,37.0720,25.9,1.743,39.45,4.02,-61,10.00,
2026-09-18T15:44:14,2,1.746,39.70,37.0750,25.9,1.744,39.51,4.01,-61,10.00,
2026-09-18T15:44:15,2,1.723,37.83,37.0720,25.9,1.745,39.64,4.01,-61,9.50,
2026-09-18T15:44:16,2,1.752,40.16,37.0770,25.9,1.745,39.64,4.00,-61,9.50,
2026-09-18T15:44:17,2,1.734,38.74,37.0840,25.9,1.743,39.45,4.01,-61,10.25,
2026-09-18T15:44:18,2,1.723,37.83,37.0770,25.9,1.745,39.58,4.01,-61,10.00,
2026-09-18T15:44:19,2,1.748,39.83,37.0940,25.9,1.745,39.58,4.01,-61,10.00,
2026-09-18T15:44:20,2,1.724,37.90,37.0970,25.9,1.741,39.32,4.01,-61,9.75,
2026-09-18T15:44:21,2,1.726,38.09,37.0870,25.9,1.743,39.45,4.01,-61,10.00,
2026-09-18T15:44:23,2,1.747,39.77,37.0790,25.9,1.743,39.45,4.01,-61,10.00,
2026-09-18T15:44:24,2,1.724,37.90,37.0780,25.9,1.744,39.51,4.00,-61,9.50,
2026-09-18T15:44:25,2,1.755,40.41,37.0860,25.9,1.743,39.45,4.01,-61,9.50,
2026-09-18T15:44:26,2,1.744,39.51,37.0840,25.9,1.744,39.51,4.01,-61,9.75,
2026-09-18T15:44:27,2,1.726,38.09,37.0810,25.9,1.744,39.51,4.01,-61,10.00,
2026-09-18T15:44:35,2,1.745,39.64,37.0800,25.9,1.742,39.38,4.01,-61,10.00,
2026-09-18T15:44:36,2,1.723,37.83,37.0750,25.9,1.745,39.64,4.01,-65,9.50,
2026-09-18T15:44:37,2,1.749,39.90,37.0710,25.9,1.744,39.51,4.01,-64,10.00,
2026-09-18T15:44:38,2,1.743,39.45,37.0680,25.9,1.741,39.32,4.01,-64,10.00,
2026-09-18T15:44:39,2,1.725,37.96,37.0690,25.9,1.743,39.45,4.01,-64,9.75,
2026-09-18T15:44:40,2,1.750,40.03,37.0610,25.9,1.741,39.32,4.01,-64,10.00,
2026-09-18T15:44:41,2,1.725,37.96,37.0730,25.9,1.745,39.64,4.01,-64,10.25,
2026-09-18T15:44:43,2,1.745,39.64,37.0780,25.9,1.743,39.45,4.01,-64,10.00,
2026-09-18T15:44:44,2,1.723,37.83,37.0760,25.9,1.741,39.32,4.01,-64,9.50,
2026-09-18T15:44:45,2,1.754,40.35,37.0700,25.9,1.745,39.64,4.00,-64,9.25,
2026-09-18T15:44:47,2,1.746,39.70,37.0700,25.9,1.745,39.58,4.01,-64,9.75,
2026-09-18T15:44:48,2,1.723,37.83,37.0750,25.9,1.744,39.51,4.01,-64,9.75,
2026-09-18T15:44:49,2,1.750,39.96,37.0750,25.9,1.744,39.51,4.01,-64,9.25,
2026-09-18T15:44:50,2,1.758,40.67,37.0700,25.9,1.750,39.96,3.98,-63,9.75,
2026-09-18T15:44:51,2,1.731,38.48,37.0690,25.9,1.745,39.58,4.01,-62,9.50,
2026-09-18T15:44:52,2,1.745,39.58,37.0670,25.9,1.743,39.45,4.01,-60,10.00,
2026-09-18T15:44:53,2,1.723,37.83,37.0560,25.9,1.741,39.32,4.01,-60,9.75,
2026-09-18T15:44:54,2,1.721,37.71,37.0550,25.9,1.740,39.19,4.03,-60,9.75,
2026-09-18T15:44:55,2,1.745,39.64,37.0650,25.9,1.741,39.32,4.01,-63,10.00,
2026-09-18T15:44:58,2,1.753,40.22,37.0780,25.9,1.745,39.58,3.99,-63,9.50,
2026-09-18T15:44:59,2,1.748,39.83,37.0810,25.9,1.748,39.83,4.00,-63,9.75,
2026-09-18T15:45:00,2,1.723,37.83,37.0840,25.9,1.741,39.25,4.01,-63,10.25,
2026-09-18T15:45:01,2,1.747,39.77,37.0810,25.9,1.741,39.32,4.01,-64,10.50,
2026-09-18T15:45:02,2,1.722,37.77,37.0800,25.9,1.745,39.64,4.01,-63,10.00,
2026-09-18T15:45:03,2,1.722,37.77,37.0890,25.9,1.741,39.25,4.01,-64,10.25,
2026-09-18T15:45:04,2,1.747,39.77,37.1000,25.9,1.742,39.38,4.01,-64,10.25,
2026-09-18T15:45:05,2,1.720,37.58,37.1000,25.9,1.745,39.64,4.01,-63,9.50,
2026-09-18T15:45:06,2,1.757,40.54,37.0990,25.9,1.745,39.58,4.00,-64,9.50,
2026-09-18T15:45:07,2,1.745,39.58,37.1020,25.9,1.746,39.70,4.01,-63,10.25,
2026-09-18T15:45:08,2,1.725,38.03,37.0960,25.9,1.743,39.45,4.01,-64,9.75,
2026-09-18T15:45:17,2,1.724,37.90,37.1080,25.9,1.744,39.51,4.01,-63,10.50,
2026-09-18T15:45:18,2,1.748,39.83,37.1070,25.9,1.743,39.45,4.00,-62,9.75,
2026-09-18T15:45:19,2,1.747,39.77,37.1030,25.9,1.749,39.90,3.99,-63,9.50,
2026-09-18T15:45:20,2,1.723,37.83,37.1100,25.9,1.745,39.58,4.01,-63,9.50,
2026-09-18T15:45:22,2,1.749,39.90,37.1130,25.9,1.745,39.58,4.01,-63,10.25,
2026-09-18T15:45:24,2,1.723,37.83,37.1110,25.9,1.742,39.38,4.03,-63,9.75,
2026-09-18T15:45:25,2,1.747,39.77,37.1210,25.9,1.745,39.58,4.01,-64,9.75,
2026-09-18T15:45:26,2,1.724,37.90,37.1250,25.9,1.743,39.45,4.01,-62,9.75,
2026-09-18T15:45:27,2,1.753,40.22,37.1250,25.9,1.744,39.51,4.00,-64,9.75,
2026-09-18T15:45:28,2,1.749,39.90,37.1130,25.9,1.746,39.70,4.01,-63,10.00,
2026-09-18T15:45:29,2,1.723,37.83,37.1160,25.9,1.744,39.51,4.01,-63,9.50,
2026-09-18T15:45:30,2,1.750,39.96,37.1150,25.9,1.745,39.58,4.01,-64,9.75,
2026-09-18T15:45:31,2,1.724,37.90,37.1120,25.9,1.745,39.58,4.01,-64,10.00,
2026-09-18T15:45:32,2,1.725,37.96,37.1180,25.9,1.743,39.45,4.01,-63,9.75,
2026-09-18T15:45:34,2,1.748,39.83,37.1220,25.9,1.745,39.58,4.01,-63,9.75,
2026-09-18T15:45:35,2,1.723,37.83,37.1220,25.9,1.745,39.58,4.01,-63,9.75,
2026-09-18T15:45:36,2,1.721,37.64,37.1170,25.9,1.741,39.32,4.03,-63,10.00,
2026-09-18T15:45:37,2,1.744,39.51,37.1150,25.9,1.744,39.51,4.01,-64,9.75,
2026-09-18T15:45:38,2,1.723,37.83,37.1120,25.9,1.746,39.70,4.01,-63,10.00,
2026-09-18T15:45:39,2,1.750,40.03,37.1090,25.9,1.744,39.51,4.01,-64,9.50,
2026-09-18T15:45:40,2,1.749,39.90,37.1090,25.9,1.747,39.77,3.99,-64,9.50,
2026-09-18T15:45:41,2,1.725,38.03,37.1020,25.9,1.745,39.58,4.01,-62,10.00,
2026-09-18T15:45:42,2,1.749,39.90,37.0970,25.9,1.745,39.58,4.01,-64,9.50,
2026-09-18T15:45:43,2,1.723,37.83,37.0880,25.9,1.745,39.58,4.01,-64,10.25,
2026-09-18T15:45:44,2,1.720,37.58,37.0880,25.9,1.740,39.19,4.03,-63,9.75,
2026-09-18T15:45:46,2,1.751,40.09,37.0810,25.9,1.742,39.38,4.01,-62,10.50,
2026-09-18T15:45:47,2,1.726,38.09,37.0820,25.9,1.742,39.38,4.01,-59,10.00,
2026-09-18T15:45:48,2,1.754,40.35,37.0950,25.9,1.742,39.38,4.00,-60,9.75,
2026-09-18T15:45:49,2,1.748,39.83,37.0900,25.9,1.746,39.70,3.99,-59,9.25,
2026-09-18T15:45:50,2,1.726,38.09,37.0910,25.9,1.743,39.45,4.01,-60,10.25,
2026-09-18T15:45:51,2,1.749,39.90,37.0870,25.9,1.743,39.45,4.01,-60,10.00,
2026-09-18T15:46:00,2,1.754,40.28,37.0580,25.9,1.744,39.51,4.01,-61,9.75,
2026-09-18T15:46:01,2,1.750,39.96,37.0620,25.9,1.748,39.83,3.99,-61,9.75,
2026-09-18T15:46:02,2,1.723,37.83,37.0700,25.9,1.745,39.58,4.01,-61,10.00,
2026-09-18T15:46:03,2,1.748,39.83,37.0760,25.9,1.743,39.45,4.01,-60,10.00,
2026-09-18T15:46:04,2,1.723,37.83,37.0700,25.9,1.744,39.51,4.01,-61,9.75,
2026-09-18T15:46:05,2,1.725,38.03,37.0730,25.9,1.744,39.51,4.03,-61,9.25,
2026-09-18T15:46:06,2,1.748,39.83,37.0750,25.9,1.742,39.38,4.01,-61,9.75,
2026-09-18T15:46:07,2,1.719,37.51,37.0730,25.9,1.744,39.51,4.01,-62,10.25,
2026-09-18T15:46:09,2,1.753,40.22,37.0780,25.9,1.744,39.51,4.01,-62,10.00,
2026-09-18T15:46:10,2,1.750,40.03,37.0760,25.9,1.747,39.77,3.98,-62,10.00,
2026-09-18T15:46:11,2,1.724,37.90,37.0750,25.9,1.744,39.51,4.01,-62,9.75,
2026-09-18T15:46:12,2,1.749,39.90,37.0750,25.9,1.745,39.58,4.01,-62,9.50,
2026-09-18T15:46:13,2,1.725,37.96,37.0940,25.9,1.743,39.45,4.01,-61,9.50,
2026-09-18T15:46:14,2,1.722,37.77,37.0960,25.9,1.740,39.19,4.03,-61,9.50,
2026-09-18T15:46:15,2,1.747,39.77,37.0940,25.9,1.743,39.45,4.01,-61,10.00,
2026-09-18T15:46:16,2,1.724,37.90,37.1020,25.9,1.741,39.32,4.01,-60,10.00,
2026-09-18T15:46:17,2,1.747,39.77,37.1130,25.9,1.747,39.77,4.02,-59,10.25,
2026-09-18T15:46:18,2,1.750,39.96,37.1060,25.9,1.748,39.83,3.99,-60,9.50,
2026-09-18T15:46:19,2,1.721,37.64,37.1050,25.9,1.745,39.58,4.01,-60,10.25,
2026-09-18T15:46:21,2,1.751,40.09,37.0980,25.9,1.743,39.45,4.01,-60,9.75,
2026-09-18T15:46:22,2,1.750,39.96,37.0910,25.9,1.746,39.70,3.99,-59,9.50,
2026-09-18T15:46:23,2,1.720,37.58,37.0860,25.9,1.739,39.12,4.03,-59,10.00,
2026-09-18T15:46:24,2,1.745,39.64,37.0880,25.9,1.736,38.87,4.01,-60,9.75,
2026-09-18T15:46:25,2,1.724,37.90,37.0860,25.9,1.741,39.32,4.01,-60,9.75,
2026-09-18T15:46:26,2,1.721,37.71,37.0870,25.9,1.740,39.19,4.03,-60,10.00,
2026-09-18T15:46:27,2,1.745,39.58,37.0830,25.9,1.745,39.58,4.00,-60,9.50,
2026-09-18T15:46:28,2,1.725,37.96,37.0660,25.9,1.743,39.45,4.01,-59,10.25,
2026-09-18T15:46:29,2,1.751,40.09,37.0680,25.9,1.743,39.45,4.00,-61,9.75,
2026-09-18T15:46:30,2,1.750,39.96,37.0680,25.9,1.745,39.64,3.98,-60,10.00,
2026-09-18T15:46:31,2,1.725,37.96,37.0730,25.9,1.747,39.77,4.01,-60,9.75,
2026-09-18T15:46:33,2,1.749,39.90,37.0640,25.9,1.743,39.45,4.01,-59,10.00,
2026-09-18T15:46:34,2,1.725,38.03,37.0730,25.9,1.742,39.38,4.01,-60,10.00,
2026-09-18T15:46:41,2,1.751,40.09,37.0700,25.9,1.742,39.00,0.00,-49,0.25,
2026-09-18T15:46:42,2,1.746,39.70,37.0740,25.9,1.746,39.70,3.99,-60,9.50,
2026-09-18T15:46:43,2,1.721,37.64,37.0710,25.9,1.739,39.12,4.03,-60,9.50,
2026-09-18T15:46:45,2,1.749,39.90,37.0740,25.9,1.743,39.45,4.01,-61,9.75,
2026-09-18T15:46:46,2,1.723,37.83,37.0750,25.9,1.741,39.32,4.01,-60,9.75,
2026-09-18T15:46:47,2,1.722,37.77,37.0760,25.9,1.745,39.58,4.03,-60,9.50,
2026-09-18T15:46:48,2,1.749,39.90,37.0790,25.9,1.746,39.70,3.99,-60,9.50,
2026-09-18T15:46:49,2,1.722,37.77,37.0750,25.9,1.743,39.45,4.02,-62,10.00,
2026-09-18T15:46:50,2,1.752,40.16,37.0750,25.9,1.745,39.58,4.01,-64,9.75,
2026-09-18T15:46:51,2,1.750,39.96,37.0690,25.9,1.745,39.64,3.99,-63,9.75,
2026-09-18T15:46:52,2,1.721,37.71,37.0660,25.9,1.741,39.25,4.03,-63,9.75,
2026-09-18T15:46:53,2,1.750,40.03,37.0540,25.9,1.745,39.58,4.01,-64,9.75,
2026-09-18T15:46:54,2,1.725,38.03,37.0510,25.9,1.745,39.58,4.01,-63,10.00,
2026-09-18T15:46:56,2,1.723,37.83,37.0610,25.9,1.741,39.32,4.03,-62,10.00,
2026-09-18T15:46:57,2,1.746,39.70,37.0630,25.9,1.745,39.64,4.00,-62,9.50,
2026-09-18T15:46:58,2,1.726,38.09,37.0690,25.9,1.744,39.51,4.01,-63,9.75,
2026-09-18T15:46:59,2,1.710,36.80,37.0680,25.9,1.741,39.25,4.03,-62,10.00,
2026-09-18T15:47:00,2,1.751,40.09,37.0710,25.9,1.746,39.70,3.99,-61,9.75,
2026-09-18T15:47:01,2,1.721,37.71,37.0670,25.9,1.744,39.51,4.01,-62,9.75,
2026-09-18T15:47:02,2,1.750,40.03,37.0680,25.9,1.745,39.64,4.00,-62,9.75,
2026-09-18T15:47:03,2,1.746,39.70,37.0710,25.9,1.748,39.83,3.99,-61,9.75,
2026-09-18T15:47:04,2,1.725,37.96,37.0750,25.9,1.742,39.38,4.03,-62,9.75,
2026-09-18T15:47:05,2,1.749,39.90,37.0750,25.9,1.744,39.51,4.01,-62,10.25,
2026-09-18T15:47:06,2,1.723,37.83,37.0710,25.9,1.742,39.38,4.01,-63,9.75,
2026-09-18T15:47:08,2,1.722,37.77,37.0760,25.9,1.741,39.32,4.03,-63,9.50,
2026-09-18T15:47:09,2,1.750,39.96,37.0880,25.9,1.746,39.70,3.98,-61,10.00,
2026-09-18T15:47:10,2,1.725,37.96,37.0920,25.9,1.738,39.06,4.01,-62,10.00,
2026-09-18T15:47:11,2,1.754,40.28,37.1000,25.9,1.744,39.51,4.01,-61,10.00,
2026-09-18T15:47:12,2,1.750,40.03,37.1000,25.9,1.748,39.83,3.99,-60,9.25,
2026-09-18T15:47:14,2,1.750,40.03,37.1150,25.9,1.745,39.58,4.01,-63,10.00,
2026-09-18T15:47:15,2,1.725,37.96,37.1120,25.9,1.744,39.51,4.01,-62,10.00,
2026-09-18T15:47:16,2,1.724,37.90,37.1180,25.9,1.741,39.32,4.03,-62,9.75,
2026-09-18T15:47:25,2,1.722,37.77,37.1250,25.9,1.740,39.19,4.03,-61,9.75,
2026-09-18T15:47:26,2,1.750,40.03,37.1210,25.9,1.743,39.45,4.01,-61,10.00,
2026-09-18T15:47:27,2,1.722,37.77,37.1310,25.9,1.742,39.38,4.01,-61,9.50,
2026-09-18T15:47:28,2,1.724,37.90,37.1190,25.9,1.740,39.19,4.03,-61,9.50,
2026-09-18T15:47:29,2,1.750,39.96,37.1130,25.9,1.746,39.70,3.99,-61,9.75,
2026-09-18T15:47:30,2,1.723,37.83,37.1200,25.9,1.743,39.45,4.01,-61,10.00,
2026-09-18T15:47:32,2,1.753,40.22,37.1160,25.9,1.741,39.32,4.00,-61,9.50,
2026-09-18T15:47:33,2,1.750,39.96,37.1090,25.9,1.748,39.83,3.99,-59,9.50,
2026-09-18T15:47:34,2,1.720,37.58,37.1060,25.9,1.741,39.32,4.03,-59,9.50,
2026-09-18T15:47:35,2,1.750,39.96,37.0970,25.9,1.743,39.45,4.01,-60,10.00,
2026-09-18T15:47:36,2,1.725,37.96,37.0950,25.9,1.743,39.45,4.01,-60,10.00,
2026-09-18T15:47:37,2,1.721,37.64,37.0920,25.9,1.741,39.32,4.03,-61,9.50,
2026-09-18T15:47:38,2,1.755,40.41,37.0880,25.9,1.747,39.77,3.98,-60,9.75,
2026-09-18T15:47:39,2,1.725,37.96,37.0880,25.9,1.741,39.32,4.01,-61,9.75,
2026-09-18T15:47:40,2,1.755,40.41,37.0830,25.9,1.744,39.51,4.00,-61,9.50,
2026-09-18T15:47:41,2,1.750,40.03,37.0870,25.9,1.746,39.70,3.99,-60,9.50,
2026-09-18T15:47:42,2,1.720,37.58,37.0860,25.9,1.741,39.25,4.03,-61,9.75,
2026-09-18T15:47:44,2,1.750,40.03,37.0920,25.9,1.741,39.32,4.01,-59,9.75,
2026-09-18T15:47:45,2,1.748,39.83,37.0840,25.9,1.746,39.70,3.99,-59,9.25,
2026-09-18T15:47:46,2,1.721,37.64,37.0870,25.9,1.742,39.38,4.03,-59,9.75,
2026-09-18T15:47:47,2,1.749,39.90,37.0860,25.9,1.748,39.83,3.98,-59,10.00,
2026-09-18T15:47:48,2,1.724,37.90,37.0810,25.9,1.744,39.51,4.01,-61,9.75,
2026-09-18T15:47:49,2,1.721,37.64,37.0810,25.9,1.741,39.32,4.03,-61,9.50,
2026-09-18T15:47:50,2,1.749,39.90,37.0860,25.9,1.748,39.83,3.99,-61,9.75,
2026-09-18T15:47:51,2,1.724,37.90,37.0890,25.9,1.740,39.19,4.02,-61,10.00,
2026-09-18T15:47:52,2,1.750,39.96,37.0840,25.9,1.745,39.58,4.00,-61,10.00,
2026-09-18T15:47:53,2,1.747,39.77,37.0900,25.9,1.747,39.77,3.99,-60,9.75,
2026-09-18T15:47:55,2,1.721,37.71,37.0940,25.9,1.738,39.06,4.03,-60,9.25,
2026-09-18T15:47:56,2,1.751,40.09,37.0930,25.9,1.751,40.09,3.98,-62,9.75,
2026-09-18T15:47:57,2,1.724,37.90,37.0960,25.9,1.747,39.77,4.01,-61,9.75,
2026-09-18T15:47:58,2,1.723,37.83,37.1060,25.9,1.741,39.25,4.03,-61,9.50,
2026-09-18T15:47:59,2,1.738,39.06,37.1000,25.9,1.750,40.03,3.99,-60,9.50,
2026-09-18T15:48:07,2,1.708,36.67,37.0870,25.9,1.741,39.25,0.00,-49,4.50,
2026-09-18T15:48:08,2,1.748,39.83,37.0900,25.9,1.749,39.90,3.99,-59,9.75,
2026-09-18T15:48:09,2,1.724,37.90,37.0960,25.9,1.744,39.51,4.01,-60,10.00,
2026-09-18T15:48:10,2,1.723,37.83,37.0970,25.9,1.742,39.38,4.03,-60,9.75,
2026-09-18T15:48:11,2,1.749,39.90,37.0950,25.9,1.746,39.70,3.99,-60,9.75,
2026-09-18T15:48:12,2,1.721,37.71,37.0960,25.9,1.742,39.38,4.03,-60,9.75,
2026-09-18T15:48:13,2,1.767,41.38,37.0950,25.9,1.742,39.38,4.01,-60,9.75,
2026-09-18T15:48:14,2,1.746,39.70,37.0950,25.9,1.745,39.58,3.99,-61,9.50,
2026-09-18T15:48:15,2,1.721,37.71,37.0970,25.9,1.740,39.19,4.03,-60,9.50,
2026-09-18T15:48:16,2,1.752,40.16,37.0920,25.9,1.747,39.77,3.98,-61,10.00,
2026-09-18T15:48:17,2,1.726,38.09,37.0830,25.9,1.743,39.45,4.01,-61,10.25,
2026-09-18T15:48:19,2,1.724,37.90,37.0910,25.9,1.741,39.25,4.03,-62,10.00,
2026-09-18T15:48:20,2,1.750,39.96,37.0920,25.9,1.747,39.77,3.98,-61,10.25,
2026-09-18T15:48:21,2,1.721,37.71,37.0930,25.9,1.741,39.25,4.03,-61,9.75,
2026-09-18T15:48:22,2,1.752,40.16,37.0950,25.9,1.744,39.51,4.01,-61,10.25,
2026-09-18T15:48:23,2,1.750,39.96,37.0930,25.9,1.747,39.77,3.99,-62,9.75,
2026-09-18T15:48:24,2,1.723,37.83,37.0890,25.9,1.735,38.80,4.03,-62,9.50,
2026-09-18T15:48:25,2,1.753,40.22,37.0770,25.9,1.749,39.90,3.98,-61,10.00,
2026-09-18T15:48:26,2,1.725,38.03,37.0910,25.9,1.744,39.51,4.01,-62,10.50,
2026-09-18T15:48:27,2,1.725,37.96,37.0920,25.9,1.740,39.19,4.03,-62,9.75,
2026-09-18T15:48:28,2,1.750,40.03,37.0960,25.9,1.747,39.77,3.99,-62,10.75,
2026-09-18T15:48:29,2,1.726,38.09,37.0970,25.9,1.740,39.19,4.03,-62,9.75,
2026-09-18T15:48:31,2,1.720,37.58,37.0890,25.9,1.742,39.38,4.03,-61,9.75,
2026-09-18T15:48:32,2,1.748,39.83,37.0920,25.9,1.745,39.58,3.99,-60,9.50,
2026-09-18T15:48:33,2,1.721,37.71,37.0940,25.9,1.741,39.25,4.03,-61,10.25,
2026-09-18T15:48:34,2,1.748,39.83,37.0890,25.9,1.742,39.38,4.00,-61,9.75,
2026-09-18T15:48:35,2,1.747,39.77,37.0860,25.9,1.747,39.77,3.99,-60,10.00,
2026-09-18T15:48:36,2,1.720,37.58,37.0850,25.9,1.742,39.38,4.03,-61,10.00,
2026-09-18T15:48:37,2,1.752,40.16,37.0840,25.9,1.746,39.70,3.99,-61,9.25,
2026-09-18T15:48:38,2,1.723,37.83,37.0860,25.9,1.745,39.58,4.01,-61,12.75,
2026-09-18T15:48:39,2,1.721,37.64,37.0960,25.9,1.752,40.16,4.03,-61,10.00,
2026-09-18T15:48:40,2,1.748,39.83,37.0980,25.9,1.745,39.64,3.99,-61,9.50,
2026-09-18T15:48:41,2,1.721,37.71,37.0990,25.9,1.738,39.06,4.03,-61,9.50,
2026-09-18T15:48:49,2,1.752,40.16,37.1070,25.9,1.747,39.77,3.00,-50,4.00,
2026-09-18T15:48:50,2,1.723,37.83,37.1080,25.9,1.740,39.19,4.03,-61,10.00,
2026-09-18T15:48:51,2,1.755,40.41,37.1010,25.9,1.747,39.77,4.00,-63,9.75,
2026-09-18T15:48:52,2,1.748,39.83,37.0980,25.9,1.746,39.70,3.99,-61,9.50,
2026-09-18T15:48:54,2,1.712,36.93,37.0980,25.9,1.740,39.19,4.03,-64,9.25,
2026-09-18T15:48:55,2,1.752,40.16,37.0990,25.9,1.747,39.77,3.98,-59,9.50,
2026-09-18T15:48:56,2,1.749,39.90,37.1040,25.9,1.746,39.70,3.99,-60,9.75,
2026-09-18T15:48:57,2,1.721,37.71,37.1100,25.9,1.741,39.25,4.03,-61,9.75,
2026-09-18T15:48:58,2,1.750,39.96,37.1170,25.9,1.747,39.77,3.98,-60,9.75,
2026-09-18T15:48:59,2,1.720,37.58,37.1060,25.9,1.740,39.19,4.03,-60,9.75,
2026-09-18T15:49:00,2,1.721,37.64,37.1000,25.9,1.742,39.38,4.03,-61,9.50,
2026-09-18T15:49:01,2,1.747,39.77,37.1080,25.9,1.746,39.70,3.99,-61,9.50,
2026-09-18T15:49:02,2,1.722,37.77,37.1110,25.9,1.739,39.12,4.03,-60,9.25,
2026-09-18T15:49:03,2,1.755,40.41,37.1010,25.9,1.746,39.70,3.98,-60,9.75,
2026-09-18T15:49:04,2,1.752,40.16,37.0990,25.9,1.745,39.64,3.99,-60,9.25,
2026-09-18T15:49:06,2,1.721,37.71,37.0980,25.9,1.741,39.32,4.03,-61,9.50,
2026-09-18T15:49:07,2,1.752,40.16,37.1000,25.9,1.747,39.77,3.97,-60,10.50,
2026-09-18T15:49:08,2,1.725,38.03,37.1040,25.9,1.743,39.45,4.01,-61,10.25,
2026-09-18T15:49:09,2,1.723,37.83,37.1110,25.9,1.738,39.06,4.03,-61,9.50,
2026-09-18T15:49:10,2,1.750,39.96,37.1070,25.9,1.745,39.64,3.99,-61,9.25,
2026-09-18T15:49:11,2,1.724,37.90,37.1090,25.9,1.741,39.25,4.03,-60,9.75,
2026-09-18T15:49:12,2,1.754,40.35,37.1130,25.9,1.754,40.35,4.00,-61,10.00,
2026-09-18T15:49:13,2,1.752,40.16,37.1130,25.9,1.748,39.83,3.99,-61,9.75,
2026-09-18T15:49:14,2,1.721,37.64,37.1220,25.9,1.742,39.38,4.03,-60,9.75,
2026-09-18T15:49:15,2,1.754,40.28,37.1230,25.9,1.748,39.83,3.99,-59,9.50,
2026-09-18T15:49:16,2,1.728,38.22,37.1210,25.9,1.743,39.45,3.99,-60,9.50,
2026-09-18T15:49:18,2,1.723,37.83,37.1150,25.9,1.741,39.25,4.03,-61,9.50,
2026-09-18T15:49:19,2,1.752,40.16,37.1220,25.9,1.746,39.70,3.99,-60,9.75,
2026-09-18T15:49:20,2,1.721,37.71,37.1220,25.9,1.740,39.19,4.03,-60,9.25,
2026-09-18T15:49:21,2,1.724,37.90,37.1180,25.9,1.740,39.19,4.03,-61,10.00,
2026-09-18T15:49:22,2,1.749,39.90,37.1210,25.9,1.743,39.45,3.99,-61,9.75,
2026-09-18T15:49:23,2,1.721,37.71,37.1100,25.9,1.741,39.25,4.03,-61,9.50,
2026-09-18T15:49:24,2,1.754,40.35,37.1160,25.9,1.750,39.96,3.98,-60,9.75,
2026-09-18T15:49:33,2,1.761,40.86,37.1170,25.9,1.745,39.64,3.98,-59,9.75,
2026-09-18T15:49:34,2,1.750,39.96,37.1090,25.9,1.746,39.70,3.99,-59,9.75,
2026-09-18T15:49:35,2,1.722,37.77,37.1100,25.9,1.741,39.32,4.03,-60,9.75,
2026-09-18T15:49:36,2,1.752,40.16,37.1040,25.9,1.747,39.77,3.98,-60,9.50,
2026-09-18T15:49:37,2,1.722,37.77,37.0910,25.9,1.741,39.32,4.01,-61,9.75,
2026-09-18T15:49:38,2,1.720,37.58,37.0970,25.9,1.742,39.38,4.03,-60,9.50,
2026-09-18T15:49:39,2,1.748,39.83,37.0970,25.9,1.746,39.70,3.99,-61,9.75,
2026-09-18T15:49:40,2,1.722,37.77,37.0870,25.9,1.739,39.12,4.03,-61,9.50,
2026-09-18T15:49:42,2,1.721,37.71,37.0870,25.9,1.741,39.32,4.02,-61,9.75,
2026-09-18T15:49:43,2,1.750,39.96,37.0870,25.9,1.749,39.90,3.99,-60,9.50,
2026-09-18T15:49:44,2,1.721,37.64,37.0880,25.9,1.742,39.38,4.03,-61,9.75,
2026-09-18T15:49:45,2,1.753,40.22,37.0860,25.9,1.747,39.77,3.98,-60,9.50,
2026-09-18T15:49:46,2,1.749,39.90,37.0710,25.9,1.748,39.83,3.99,-60,9.25,
2026-09-18T15:49:47,2,1.717,37.38,37.0680,25.9,1.740,39.19,4.03,-61,9.25,
2026-09-18T15:49:48,2,1.750,39.96,37.0610,25.9,1.746,39.70,3.98,-60,9.75,
2026-09-18T15:49:49,2,1.721,37.71,37.0510,25.9,1.741,39.25,4.03,-61,9.50,
2026-09-18T15:49:50,2,1.721,37.71,37.0570,25.9,1.741,39.32,4.03,-61,9.50,
2026-09-18T15:49:51,2,1.750,39.96,37.0540,25.9,1.747,39.77,3.99,-61,9.25,
2026-09-18T15:49:53,2,1.721,37.64,37.0470,25.9,1.745,39.64,4.03,-61,9.75,
2026-09-18T15:49:54,2,1.757,40.54,37.0510,25.9,1.749,39.90,3.98,-60,9.50,
2026-09-18T15:49:55,2,1.750,39.96,37.0510,25.9,1.745,39.58,3.99,-60,9.75,
2026-09-18T15:49:56,2,1.724,37.90,37.0590,25.9,1.746,39.70,4.03,-61,10.50,
2026-09-18T15:49:57,2,1.754,40.28,37.0630,25.9,1.746,39.70,3.99,-60,9.50,
2026-09-18T15:49:58,2,1.719,37.51,37.0760,25.9,1.742,39.38,4.03,-61,9.50,
2026-09-18T15:49:59,2,1.720,37.58,37.0670,25.9,1.740,39.19,4.03,-60,9.50,
2026-09-18T15:50:00,2,1.750,39.96,37.0730,25.9,1.745,39.58,3.99,-60,9.75,
2026-09-18T15:50:01,2,1.721,37.64,37.0680,25.9,1.741,39.25,4.03,-60,9.75,
2026-09-18T15:50:02,2,1.727,38.16,37.0720,25.9,1.746,39.70,4.01,-59,10.00,
2026-09-18T15:50:03,2,1.749,39.90,37.0740,25.9,1.750,40.03,3.99,-65,9.75,
2026-09-18T15:50:05,2,1.720,37.58,37.0830,25.9,1.739,39.12,4.02,-63,10.00,
2026-09-18T15:50:06,2,1.753,40.22,37.0900,25.9,1.749,39.90,3.99,-62,9.50,
2026-09-18T15:50:07,2,1.746,39.70,37.0840,25.9,1.745,39.58,4.01,-62,10.00,16
2026-09-18T15:50:15,2,1.749,39.90,37.1040,25.9,1.747,39.77,3.99,-65,9.50,
2026-09-18T15:50:17,2,1.723,37.83,37.1050,25.9,1.745,39.58,4.03,-69,9.50,
2026-09-18T15:50:18,2,1.751,40.09,37.1030,25.9,1.748,39.83,3.99,-66,9.50,
2026-09-18T15:50:19,2,1.721,37.64,37.1010,25.9,1.740,39.19,4.03,-68,10.00,
2026-09-18T15:50:20,2,1.723,37.83,37.0990,25.9,1.740,39.19,4.03,-66,9.75,
2026-09-18T15:50:21,2,1.750,40.03,37.1130,25.9,1.746,39.70,3.99,-66,9.50,
2026-09-18T15:50:22,2,1.722,37.77,37.1110,25.9,1.741,39.25,4.03,-66,9.50,
2026-09-18T15:50:23,2,1.758,40.61,37.1160,25.9,1.748,39.83,3.98,-66,9.75,
2026-09-18T15:50:24,2,1.752,40.16,37.1200,25.9,1.745,39.64,3.99,-67,9.75,
2026-09-18T15:50:25,2,1.726,38.09,37.1120,25.9,1.744,39.51,4.03,-67,9.50,
2026-09-18T15:50:26,2,1.755,40.41,37.1850,25.9,1.766,41.25,3.99,-67,9.50,
2026-09-18T15:50:27,2,1.750,39.96,37.2940,25.9,1.748,39.83,4.01,-66,9.50,
2026-09-18T15:50:29,2,1.728,38.22,37.3760,25.9,1.748,39.83,4.03,-65,9.25,
2026-09-18T15:50:30,2,1.759,40.74,37.4480,25.9,1.753,40.22,3.99,-66,9.75,
2026-09-18T15:50:31,2,1.727,38.16,37.5140,25.9,1.747,39.77,4.03,-68,9.75,
2026-09-18T15:50:32,2,1.736,38.87,37.5630,25.9,1.754,40.28,4.00,-70,9.50,
2026-09-18T15:50:33,2,1.758,40.67,37.6020,25.9,1.755,40.41,3.99,-68,9.75,
2026-09-18T15:50:34,2,1.730,38.41,37.6430,25.9,1.747,39.77,4.03,-64,10.25,
2026-09-18T15:50:35,2,1.763,41.06,37.6830,25.9,1.757,40.54,3.98,-64,9.50,
2026-09-18T15:50:36,2,1.756,40.48,37.7540,25.9,1.752,40.16,4.01,-61,9.75,
2026-09-18T15:50:37,2,1.731,38.48,37.7940,25.9,1.751,40.09,4.03,-63,9.75,
2026-09-18T15:50:38,2,1.760,40.80,37.8360,25.9,1.758,40.61,3.98,-61,9.75,
2026-09-18T15:50:39,2,1.730,38.41,37.8720,25.9,1.754,40.28,4.03,-63,9.75,
2026-09-18T15:50:41,2,1.737,38.99,37.9070,25.9,1.756,40.48,4.00,-64,10.25,
2026-09-18T15:50:42,2,1.762,40.93,37.9490,25.9,1.758,40.61,3.99,-63,12.00,
2026-09-18T15:50:43,2,1.733,38.61,37.9750,25.9,1.752,40.16,4.03,-61,10.00,
2026-09-18T15:50:44,2,1.765,41.19,38.0010,25.9,1.759,40.74,3.98,-60,9.75,
2026-09-18T15:50:45,2,1.757,40.54,38.0350,25.9,1.755,40.41,3.99,-60,9.50,
2026-09-18T15:50:46,2,1.734,38.74,38.0730,25.9,1.754,40.28,4.03,-61,9.75,
2026-09-18T15:50:47,2,1.759,40.74,38.0480,25.9,1.759,40.74,3.98,-62,10.00,
2026-09-18T15:50:48,2,1.752,40.16,37.9290,25.9,1.752,40.16,4.01,-60,10.25,
2026-09-18T15:50:49,2,1.733,38.61,37.8890,25.9,1.751,40.09,4.03,-65,9.25,
2026-09-18T15:50:57,2,1.755,40.41,37.7950,25.9,1.753,40.22,4.00,-52,4.25,
2026-09-18T15:50:58,2,1.731,38.48,37.7870,25.9,1.750,40.03,4.03,-58,9.75,
2026-09-18T15:50:59,2,1.769,41.51,37.7830,25.9,1.753,40.22,3.99,-59,9.50,
2026-09-18T15:51:00,2,1.729,38.29,37.7810,25.9,1.750,40.03,4.03,-59,9.50,
2026-09-18T15:51:01,2,1.733,38.61,37.7660,25.9,1.752,40.16,4.00,-60,10.00,
2026-09-18T15:51:02,2,1.757,40.54,37.7690,25.9,1.755,40.41,3.99,-59,9.50,
2026-09-18T15:51:04,2,1.730,38.41,37.7700,25.9,1.750,39.96,4.03,-60,9.75,
2026-09-18T15:51:05,2,1.766,41.32,37.7730,25.9,1.758,40.61,3.98,-60,9.75,
2026-09-18T15:51:06,2,1.754,40.35,37.7690,25.9,1.750,40.03,4.01,-60,10.00,
2026-09-18T15:51:07,2,1.725,37.96,37.7540,25.9,1.749,39.90,4.03,-60,9.50,
2026-09-18T15:51:08,2,1.758,40.67,37.7470,25.9,1.756,40.48,3.98,-59,9.75,
2026-09-18T15:51:09,2,1.730,38.41,37.7400,25.9,1.750,39.96,4.01,-59,9.75,
2026-09-18T15:51:10,2,1.730,38.41,37.7430,25.9,1.752,40.16,4.01,-60,9.75,
2026-09-18T15:51:11,2,1.758,40.61,37.7380,25.9,1.754,40.35,3.99,-59,9.75,
2026-09-18T15:51:12,2,1.731,38.48,37.7410,25.9,1.750,39.96,4.03,-59,9.50,
2026-09-18T15:51:13,2,1.734,38.74,37.7450,25.9,1.753,40.22,4.00,-60,10.50,
2026-09-18T15:51:14,2,1.755,40.41,37.7560,25.9,1.753,40.22,4.01,-60,10.00,
2026-09-18T15:51:16,2,1.730,38.41,37.7570,25.9,1.749,39.90,4.03,-59,9.25,
2026-09-18T15:51:17,2,1.766,41.25,37.7560,25.9,1.755,40.41,3.98,-59,9.75,
2026-09-18T15:51:18,2,1.754,40.35,37.7530,25.9,1.751,40.09,4.01,-59,10.00,
2026-09-18T15:51:19,2,1.733,38.67,37.7650,25.9,1.753,40.22,4.03,-60,9.50,
2026-09-18T15:51:20,2,1.757,40.54,37.7600,25.9,1.755,40.41,3.98,-59,10.00,
2026-09-18T15:51:21,2,1.729,38.29,37.7560,25.9,1.747,39.77,4.03,-60,9.75,
2026-09-18T15:51:22,2,1.733,38.61,37.7630,25.9,1.753,40.22,4.00,-60,9.50,
2026-09-18T15:51:23,2,1.762,40.99,37.7570,25.9,1.770,41.57,3.99,-59,9.25,
2026-09-18T15:51:24,2,1.731,38.48,37.7670,25.9,1.746,39.70,4.03,-60,9.50,
2026-09-18T15:51:25,2,1.766,41.25,37.7660,25.9,1.755,40.41,3.98,-59,10.00,
2026-09-18T15:51:26,2,1.758,40.61,37.7700,25.9,1.750,40.03,4.01,-59,9.75,
2026-09-18T15:51:28,2,1.729,38.29,37.7740,25.9,1.749,39.90,4.03,-60,9.75,
2026-09-18T15:51:29,2,1.755,40.41,37.7740,25.9,1.755,40.41,3.98,-59,10.00,
2026-09-18T15:51:30,2,1.735,38.80,37.7680,25.9,1.745,39.58,4.01,-61,9.75,
2026-09-18T15:51:31,2,1.735,38.80,37.7610,25.9,1.751,40.09,4.01,-59,9.75,
2026-09-18T15:51:40,2,1.733,38.61,37.7500,25.9,1.752,40.16,4.00,-50,5.00,
2026-09-18T15:51:41,2,1.759,40.74,37.7540,25.9,1.755,40.41,3.99,-59,9.25,
2026-09-18T15:51:42,2,1.728,38.22,37.7500,25.9,1.750,39.96,4.03,-60,9.75,
2026-09-18T15:51:43,2,1.731,38.48,37.7560,25.9,1.752,40.16,4.01,-59,10.25,
2026-09-18T15:51:44,2,1.756,40.48,37.7490,25.9,1.752,40.16,4.00,-60,9.75,
2026-09-18T15:51:45,2,1.730,38.41,37.7490,25.9,1.746,39.70,4.02,-60,9.75,
2026-09-18T15:51:46,2,1.766,41.25,37.7530,25.9,1.755,40.41,3.98,-59,9.75,
2026-09-18T15:51:47,2,1.753,40.22,37.7560,25.9,1.752,40.16,4.01,-59,10.00,
2026-09-18T15:51:48,2,1.733,38.61,37.7710,25.9,1.754,40.35,4.03,-60,9.75,
2026-09-18T15:51:49,2,1.760,40.80,37.7710,25.9,1.757,40.54,3.99,-60,9.25,
2026-09-18T15:51:50,2,1.729,38.35,37.7830,25.9,1.751,40.09,4.03,-60,9.75,
2026-09-18T15:51:52,2,1.731,38.48,37.7770,25.9,1.753,40.22,4.00,-60,9.75,
2026-09-18T15:51:53,2,1.761,40.86,37.7880,25.9,1.755,40.41,3.99,-58,9.50,
2026-09-18T15:51:54,2,1.729,38.29,37.7880,25.9,1.752,40.16,4.03,-59,9.75,
2026-09-18T15:51:56,2,1.758,40.61,37.7730,25.9,1.752,40.16,4.01,-60,9.75,
2026-09-18T15:51:57,2,1.729,38.35,37.7700,25.9,1.750,40.03,4.03,-60,10.00,
2026-09-18T15:51:58,2,1.763,41.06,37.7740,25.9,1.754,40.35,3.98,-59,10.25,
2026-09-18T15:51:59,2,1.754,40.28,37.7740,25.9,1.753,40.22,4.01,-60,10.25,
2026-09-18T15:52:00,2,1.733,38.67,37.7790,25.9,1.752,40.16,4.00,-60,9.75,
2026-09-18T15:52:01,2,1.758,40.61,37.7800,25.9,1.754,40.35,3.99,-60,9.25,
2026-09-18T15:52:03,2,1.729,38.29,37.7740,25.9,1.754,40.28,4.03,-60,9.75,
2026-09-18T15:52:04,2,1.732,38.54,37.7720,25.9,1.753,40.22,4.01,-60,10.00,
2026-09-18T15:52:05,2,1.757,40.54,37.7660,25.9,1.752,40.16,4.01,-60,9.50,
2026-09-18T15:52:06,2,1.731,38.48,37.7730,25.9,1.748,39.83,4.02,-60,10.00,
2026-09-18T15:52:07,2,1.767,41.38,37.7740,25.9,1.758,40.61,3.98,-59,9.75,
2026-09-18T15:52:08,2,1.755,40.41,37.7660,25.9,1.750,40.03,4.01,-60,9.75,
2026-09-18T15:52:09,2,1.735,38.80,37.7640,25.9,1.750,40.03,4.00,-60,9.50,
2026-09-18T15:52:10,2,1.760,40.80,37.7680,25.9,1.757,40.54,3.99,-60,9.75,
2026-09-18T15:52:11,2,1.729,38.35,37.7730,25.9,1.746,39.70,4.03,-59,9.50,
2026-09-18T15:52:12,2,1.732,38.54,37.7690,25.9,1.754,40.28,4.00,-60,9.75,
2026-09-18T15:52:13,2,1.757,40.54,37.7640,25.9,1.752,40.16,4.01,-60,10.00,
2026-09-18T15:52:15,2,1.729,38.29,37.7720,25.9,1.747,39.77,4.03,-60,9.75,
2026-09-18T15:52:22,2,1.758,40.61,37.7720,25.9,1.752,40.16,3.98,-52,8.00,
2026-09-18T15:52:23,2,1.729,38.35,37.7780,25.9,1.750,40.03,4.03,-60,9.50,
2026-09-18T15:52:24,2,1.732,38.54,37.7860,25.9,1.751,40.09,4.01,-60,9.75,
2026-09-18T15:52:25,2,1.754,40.35,37.7820,25.9,1.753,40.22,4.01,-60,9.75,
2026-09-18T15:52:27,2,1.729,38.35,37.7790,25.9,1.751,40.09,4.03,-60,9.50,
2026-09-18T15:52:28,2,1.769,41.51,37.7910,25.9,1.758,40.61,3.99,-59,9.50,
2026-09-18T15:52:29,2,1.754,40.28,37.7880,25.9,1.752,40.16,4.01,-60,10.00,
2026-09-18T15:52:30,2,1.733,38.61,37.7810,25.9,1.754,40.28,4.00,-60,9.50,
2026-09-18T15:52:31,2,1.756,40.48,37.7780,25.9,1.757,40.54,3.99,-60,9.50,
2026-09-18T15:52:32,2,1.729,38.35,37.7770,25.9,1.750,40.03,4.03,-60,9.50,
2026-09-18T15:52:33,2,1.733,38.67,37.7750,25.9,1.751,40.09,4.01,-63,10.00,
2026-09-18T15:52:34,2,1.755,40.41,37.7930,25.9,1.753,40.22,4.00,-63,9.75,
2026-09-18T15:52:35,2,1.730,38.41,37.7850,25.9,1.749,39.90,4.03,-59,9.75,
2026-09-18T15:52:36,2,1.733,38.61,37.8000,25.9,1.754,40.35,4.00,-60,9.25,
2026-09-18T15:52:37,2,1.759,40.74,37.7960,25.9,1.755,40.41,4.01,-60,9.75,
2026-09-18T15:52:39,2,1.734,38.74,37.7890,25.9,1.751,40.09,4.00,-60,9.50,
2026-09-18T15:52:40,2,1.763,41.06,37.7900,25.9,1.754,40.28,3.98,-59,9.50,
2026-09-18T15:52:41,2,1.750,39.96,37.8030,25.9,1.744,39.51,4.01,-60,9.75,
2026-09-18T15:52:42,2,1.734,38.74,37.8000,25.9,1.750,39.96,4.01,-60,10.00,
2026-09-18T15:52:43,2,1.758,40.61,37.8040,25.9,1.753,40.22,4.01,-59,10.00,
2026-09-18T15:52:44,2,1.729,38.35,37.8080,25.9,1.750,39.96,4.03,-61,9.50,
2026-09-18T15:52:45,2,1.733,38.61,37.7980,25.9,1.753,40.22,4.01,-59,10.00,
2026-09-18T15:52:46,2,1.757,40.54,37.8020,25.9,1.754,40.28,4.01,-60,10.00,
2026-09-18T15:52:47,2,1.733,38.61,37.8000,25.9,1.754,40.28,4.00,-60,10.25,
2026-09-18T15:52:48,2,1.766,41.25,37.8070,25.9,1.761,40.86,3.98,-59,9.50,
2026-09-18T15:52:49,2,1.754,40.35,37.8210,25.9,1.753,40.22,4.01,-60,10.00,
2026-09-18T15:52:51,2,1.733,38.61,37.8220,25.9,1.754,40.35,4.00,-60,9.50,
2026-09-18T15:52:52,2,1.758,40.67,37.8220,25.9,1.751,40.09,4.00,-60,9.50,
2026-09-18T15:52:53,2,1.729,38.35,37.8240,25.9,1.749,39.90,4.03,-60,9.50,
2026-09-18T15:52:54,2,1.733,38.67,37.8130,25.9,1.751,40.09,4.01,-60,9.75,
2026-09-18T15:52:55,2,1.756,40.48,37.8210,25.9,1.750,40.03,4.01,-60,10.25,
2026-09-18T15:52:56,2,1.735,38.80,37.8190,25.9,1.766,41.25,4.01,-60,10.00,
2026-09-18T15:53:05,2,1.730,38.41,37.8180,25.9,1.748,39.83,4.02,-60,12.50,
2026-09-18T15:53:06,2,1.732,38.54,37.8150,25.9,1.754,40.28,4.00,-60,9.50,
2026-09-18T15:53:07,2,1.755,40.41,37.8110,25.9,1.751,40.09,4.01,-60,9.75,
2026-09-18T15:53:08,2,1.733,38.61,37.8010,25.9,1.753,40.22,4.00,-60,10.00,
2026-09-18T15:53:09,2,1.763,41.06,37.7950,25.9,1.756,40.48,3.98,-60,10.00,
2026-09-18T15:53:10,2,1.753,40.22,37.7930,25.9,1.752,40.16,4.01,-60,10.00,
2026-09-18T15:53:11,2,1.734,38.74,37.8010,25.9,1.753,40.22,4.01,-60,9.75,
2026-09-18T15:53:12,2,1.755,40.41,37.8000,25.9,1.753,40.22,4.01,-60,10.25,
2026-09-18T15:53:14,2,1.729,38.35,37.8080,25.9,1.752,40.16,4.03,-60,9.75,
2026-09-18T15:53:15,2,1.733,38.61,37.8040,25.9,1.754,40.35,4.01,-60,9.75,
2026-09-18T15:53:16,2,1.753,40.22,37.8100,25.9,1.750,40.03,4.01,-60,9.75,
2026-09-18T15:53:17,2,1.733,38.61,37.8190,25.9,1.754,40.28,4.00,-60,9.75,
2026-09-18T15:53:18,2,1.766,41.25,37.8140,25.9,1.761,40.86,3.99,-59,9.50,
2026-09-18T15:53:19,2,1.754,40.35,37.8090,25.9,1.752,40.16,4.00,-60,9.75,
2026-09-18T15:53:20,2,1.734,38.74,37.8130,25.9,1.752,40.16,4.01,-60,10.25,
2026-09-18T15:53:21,2,1.761,40.86,37.8110,25.9,1.751,40.09,4.00,-60,9.50,
2026-09-18T15:53:22,2,1.754,40.28,37.8210,25.9,1.751,40.09,4.01,-60,10.00,
2026-09-18T15:53:23,2,1.734,38.74,37.8160,25.9,1.745,39.58,4.01,-60,10.00,
2026-09-18T15:53:24,2,1.756,40.48,37.8240,25.9,1.750,40.03,4.01,-60,12.25,
2026-09-18T15:53:26,2,1.733,38.67,37.8210,25.9,1.754,40.35,4.00,-60,9.75,
2026-09-18T15:53:27,2,1.732,38.54,37.8380,25.9,1.753,40.22,4.01,-60,10.00,
2026-09-18T15:53:28,2,1.755,40.41,37.8450,25.9,1.751,40.09,4.01,-60,10.00,
2026-09-18T15:53:29,2,1.734,38.74,37.8430,25.9,1.753,40.22,4.00,-59,10.25,
2026-09-18T15:53:30,2,1.766,41.25,37.8440,25.9,1.753,40.22,3.98,-59,9.75,
2026-09-18T15:53:31,2,1.755,40.41,37.8460,25.9,1.750,39.96,4.01,-60,9.75,
2026-09-18T15:53:33,2,1.758,40.67,37.8510,25.9,1.754,40.28,4.01,-60,10.00,
2026-09-18T15:53:34,2,1.731,38.48,37.8430,25.9,1.750,40.03,4.03,-60,9.75,
2026-09-18T15:53:35,2,1.733,38.67,37.8370,25.9,1.753,40.22,4.01,-60,9.75,
2026-09-18T15:53:36,2,1.756,40.48,37.8430,25.9,1.754,40.35,4.01,-60,10.00,
2026-09-18T15:53:38,2,1.733,38.67,37.8410,25.9,1.751,40.09,3.99,-59,9.50,
2026-09-18T15:53:39,2,1.761,40.86,37.8510,25.9,1.755,40.41,3.99,-59,9.75,
2026-09-18T15:53:40,2,1.756,40.48,37.8490,25.9,1.752,40.16,4.01,-59,9.75,
2026-09-18T15:53:47,2,1.734,38.74,37.8150,25.9,1.748,39.83,4.01,-60,10.00,
2026-09-18T15:53:48,2,1.755,40.41,37.8180,25.9,1.752,40.16,4.01,-60,10.25,
2026-09-18T15:53:50,2,1.733,38.61,37.8090,25.9,1.754,40.35,4.00,-60,10.00,
2026-09-18T15:53:51,2,1.762,40.93,37.8060,25.9,1.752,40.16,4.00,-60,9.50,
2026-09-18T15:53:52,2,1.754,40.28,37.8100,25.9,1.757,40.54,4.01,-60,9.75,
2026-09-18T15:53:53,2,1.732,38.54,37.8080,25.9,1.753,40.22,4.01,-59,9.75,
2026-09-18T15:53:54,2,1.757,40.54,37.8050,25.9,1.751,40.09,4.00,-60,9.75,
2026-09-18T15:53:55,2,1.731,38.48,37.8030,25.9,1.753,40.22,4.00,-60,9.75,
2026-09-18T15:53:56,2,1.731,38.48,37.8050,25.9,1.751,40.09,4.01,-59,10.25,
2026-09-18T15:53:57,2,1.754,40.35,37.7920,25.9,1.754,40.28,4.01,-59,9.50,
2026-09-18T15:53:58,2,1.733,38.61,37.7860,25.9,1.752,40.16,4.00,-60,9.75,
2026-09-18T15:53:59,2,1.762,40.99,37.7820,25.9,1.751,40.09,4.00,-60,10.00,
2026-09-18T15:54:01,2,1.755,40.41,37.7760,25.9,1.754,40.28,4.00,-59,9.75,
2026-09-18T15:54:02,2,1.733,38.67,37.7770,25.9,1.755,40.41,4.01,-59,9.75,
2026-09-18T15:54:03,2,1.759,40.74,37.7850,25.9,1.753,40.22,4.00,-59,9.75,
2026-09-18T15:54:04,2,1.755,40.41,37.7910,25.9,1.753,40.22,4.01,-60,10.00,
2026-09-18T15:54:05,2,1.721,37.71,37.7850,25.9,1.753,40.22,4.01,-59,10.25,
2026-09-18T15:54:06,2,1.757,40.54,37.7880,25.9,1.752,40.16,4.01,-60,10.25,
2026-09-18T15:54:07,2,1.734,38.74,37.7960,25.9,1.753,40.22,4.01,-60,9.75,
2026-09-18T15:54:08,2,1.734,38.74,37.8020,25.9,1.754,40.35,4.01,-61,9.75,
2026-09-18T15:54:09,2,1.754,40.28,37.8050,25.9,1.752,40.16,4.00,-60,10.00,
2026-09-18T15:54:10,2,1.735,38.80,37.8140,25.9,1.754,40.35,4.01,-60,10.00,
2026-09-18T15:54:11,2,1.755,40.41,37.8070,25.9,1.754,40.28,4.00,-60,10.00,
2026-09-18T15:54:13,2,1.754,40.35,37.7940,25.9,1.753,40.22,4.01,-60,10.00,
2026-09-18T15:54:14,2,1.731,38.48,37.7980,25.9,1.754,40.35,4.01,-60,9.75,
2026-09-18T15:54:15,2,1.755,40.41,37.8000,25.9,1.753,40.22,4.00,-60,9.75,
2026-09-18T15:54:16,2,1.733,38.61,37.8020,25.9,1.753,40.22,4.00,-60,9.75,
2026-09-18T15:54:17,2,1.733,38.61,37.8030,25.9,1.754,40.28,4.01,-60,10.00,
2026-09-18T15:54:18,2,1.756,40.48,37.8030,25.9,1.750,40.03,4.00,-60,9.75,
2026-09-18T15:54:19,2,1.733,38.61,37.8120,25.9,1.754,40.35,4.00,-60,9.50,
2026-09-18T15:54:20,2,1.766,41.25,37.8210,25.9,1.754,40.28,4.00,-60,9.25,
2026-09-18T15:54:21,2,1.759,40.74,37.8310,25.9,1.751,40.09,4.01,-60,10.00,
2026-09-18T15:54:30,2,1.756,40.48,37.8240,25.9,1.753,40.22,4.01,-60,10.00,
2026-09-18T15:54:31,2,1.733,38.67,37.8220,25.9,1.752,40.16,4.01,-60,10.00,
2026-09-18T15:54:32,2,1.762,40.93,37.8290,25.9,1.753,40.22,4.00,-60,10.00,
2026-09-18T15:54:33,2,1.758,40.61,37.8260,25.9,1.756,40.48,3.98,-60,9.75,
2026-09-18T15:54:34,2,1.734,38.74,37.8350,25.9,1.755,40.41,3.99,-59,9.75,
2026-09-18T15:54:35,2,1.758,40.67,37.8300,25.9,1.753,40.22,4.00,-60,9.75,
2026-09-18T15:54:37,2,1.735,38.80,37.8350,25.9,1.754,40.28,4.01,-60,9.75,
2026-09-18T15:54:38,2,1.733,38.67,37.8370,25.9,1.750,40.03,4.01,-60,10.00,
2026-09-18T15:54:39,2,1.756,40.48,37.8330,25.9,1.753,40.22,4.01,-60,10.25,
2026-09-18T15:54:40,2,1.733,38.67,37.8300,25.9,1.753,40.22,4.00,-60,9.50,
2026-09-18T15:54:41,2,1.764,41.12,37.8280,25.9,1.754,40.35,4.00,-60,9.50,
2026-09-18T15:54:42,2,1.755,40.41,37.8330,25.9,1.750,40.03,4.01,-61,9.75,
2026-09-18T15:54:43,2,1.731,38.48,37.8340,25.9,1.754,40.35,4.01,-60,10.00,
2026-09-18T15:54:44,2,1.760,40.80,37.8290,25.9,1.752,40.16,4.01,-60,10.25,
2026-09-18T15:54:45,2,1.731,38.48,37.8290,25.9,1.753,40.22,4.00,-60,9.50,
2026-09-18T15:54:46,2,1.734,38.74,37.8310,25.9,1.750,39.96,4.01,-60,10.00,
2026-09-18T15:54:47,2,1.756,40.48,37.8360,25.9,1.754,40.28,4.01,-60,10.00,
2026-09-18T15:54:49,2,1.733,38.67,37.8290,25.9,1.751,40.09,4.01,-61,9.75,
2026-09-18T15:54:50,2,1.732,38.54,37.8340,25.9,1.750,40.03,4.03,-60,10.00,
2026-09-18T15:54:51,2,1.754,40.35,37.8280,25.9,1.752,40.16,4.01,-60,9.75,
2026-09-18T15:54:52,2,1.732,38.54,37.8230,25.9,1.755,40.41,4.01,-60,10.00,
2026-09-18T15:54:53,2,1.760,40.80,37.8260,25.9,1.752,40.16,4.00,-60,9.75,
2026-09-18T15:54:54,2,1.759,40.74,37.8320,25.9,1.757,40.54,3.98,-60,9.75,
2026-09-18T15:54:55,2,1.732,38.54,37.8300,25.9,1.752,40.16,4.01,-60,9.75,
2026-09-18T15:54:56,2,1.757,40.54,37.8350,25.9,1.754,40.28,4.00,-60,9.50,
2026-09-18T15:54:57,2,1.733,38.67,37.8220,25.9,1.746,39.70,4.01,-60,9.75,
2026-09-18T15:54:58,2,1.732,38.54,37.8270,25.9,1.748,39.83,4.03,-59,9.75,
2026-09-18T15:55:00,2,1.756,40.48,37.8340,25.9,1.751,40.09,4.01,-61,9.75,
2026-09-18T15:55:01,2,1.733,38.61,37.8370,25.9,1.751,40.09,4.00,-60,9.50,
2026-09-18T15:55:02,2,1.757,40.54,37.8310,25.9,1.754,40.35,4.00,-60,9.25,
2026-09-18T15:55:03,2,1.756,40.48,37.8300,25.9,1.757,40.54,3.98,-60,9.75,
2026-09-18T15:55:04,2,1.733,38.67,37.8190,25.9,1.753,40.22,4.01,-60,10.00,
2026-09-18T15:55:12,2,1.754,40.35,37.8340,25.9,1.750,4.00,4.00,-49,-1.00,
2026-09-18T15:55:13,2,1.745,39.58,37.8410,25.9,1.754,40.35,4.01,-61,10.25,
2026-09-18T15:55:14,2,1.759,40.74,37.8420,25.9,1.753,40.22,4.00,-61,9.50,
2026-09-18T15:55:15,2,1.757,40.54,37.8440,25.9,1.755,40.41,3.99,-60,9.75,
2026-09-18T15:55:16,2,1.733,38.67,37.8410,25.9,1.756,40.48,4.01,-60,9.75,
2026-09-18T15:55:17,2,1.757,40.54,37.8470,25.9,1.751,40.09,4.01,-61,9.75,
2026-09-18T15:55:18,2,1.733,38.61,37.8530,25.9,1.752,40.16,4.01,-60,9.75,
2026-09-18T15:55:19,2,1.731,38.48,37.8530,25.9,1.751,40.09,4.03,-60,9.75,
2026-09-18T15:55:20,2,1.757,40.54,37.8470,25.9,1.751,40.09,4.01,-60,9.75,
2026-09-18T15:55:21,2,1.733,38.61,37.8470,25.9,1.755,40.41,4.01,-60,10.00,
2026-09-18T15:55:22,2,1.762,40.99,37.8570,25.9,1.754,40.28,4.00,-60,9.75,
2026-09-18T15:55:24,2,1.758,40.67,37.8590,25.9,1.755,40.41,3.98,-59,10.25,
2026-09-18T15:55:25,2,1.733,38.67,37.8540,25.9,1.754,40.28,4.01,-60,9.75,
2026-09-18T15:55:26,2,1.758,40.67,37.8570,25.9,1.753,40.22,4.01,-59,10.00,
2026-09-18T15:55:27,2,1.734,38.74,37.8630,25.9,1.752,40.16,4.01,-61,10.25,
2026-09-18T15:55:28,2,1.732,38.54,37.8750,25.9,1.754,40.28,4.01,-61,10.00,
2026-09-18T15:55:29,2,1.756,40.48,37.8750,25.9,1.754,40.28,4.00,-61,9.50,
2026-09-18T15:55:30,2,1.734,38.74,37.8750,25.9,1.751,40.09,4.01,-60,9.75,
2026-09-18T15:55:31,2,1.733,38.67,37.8720,25.9,1.750,40.03,4.03,-60,9.75,
2026-09-18T15:55:32,2,1.759,40.74,37.8700,25.9,1.758,40.67,3.98,-59,10.00,
2026-09-18T15:55:33,2,1.733,38.67,37.8660,25.9,1.752,40.16,4.01,-60,10.25,
2026-09-18T15:55:34,2,1.761,40.86,37.8610,25.9,1.759,40.74,4.00,-60,9.75,
2026-09-18T15:55:36,2,1.758,40.61,37.8680,25.9,1.755,40.41,3.99,-60,9.75,
2026-09-18T15:55:37,2,1.733,38.67,37.8630,25.9,1.748,39.83,4.03,-60,9.75,
2026-09-18T15:55:38,2,1.761,40.86,37.8670,25.9,1.752,40.16,4.01,-59,10.00,
2026-09-18T15:55:39,2,1.733,38.67,37.8610,25.9,1.753,40.22,4.01,-59,9.75,
2026-09-18T15:55:40,2,1.733,38.61,37.8640,25.9,1.750,39.96,4.03,-60,9.50,
2026-09-18T15:55:41,2,1.755,40.41,37.8630,25.9,1.752,40.16,4.01,-59,10.00,
2026-09-18T15:55:42,2,1.733,38.67,37.8690,25.9,1.753,40.22,4.00,-59,9.75,
2026-09-18T15:55:43,2,1.761,40.86,37.8600,25.9,1.750,40.03,4.00,-60,9.50,
2026-09-18T15:55:44,2,1.758,40.67,37.8670,25.9,1.754,40.35,3.98,-59,10.00,
2026-09-18T15:55:45,2,1.733,38.67,37.8620,25.9,1.753,40.22,4.01,-60,10.00,
2026-09-18T15:55:46,2,1.757,40.54,37.8610,25.9,1.752,40.16,4.01,-59,10.00,
2026-09-18T15:55:48,2,1.733,38.61,37.8550,25.9,1.754,40.28,4.01,-59,9.75,
2026-09-18T15:55:55,2,1.760,40.80,37.8430,25.9,1.751,40.09,4.00,-61,9.50,
2026-09-18T15:55:56,2,1.758,40.67,37.8480,25.9,1.758,40.67,3.98,-60,9.50,
2026-09-18T15:55:57,2,1.731,38.48,37.8460,25.9,1.749,39.90,4.02,-59,10.25,
2026-09-18T15:55:59,2,1.757,40.54,37.8490,25.9,1.753,40.22,4.01,-60,10.00,
2026-09-18T15:56:00,2,1.735,38.80,37.8370,25.9,1.753,40.22,4.01,-60,9.75,
2026-09-18T15:56:01,2,1.730,38.41,37.8330,25.9,1.751,40.09,4.02,-60,10.25,
2026-09-18T15:56:02,2,1.758,40.67,37.8310,25.9,1.758,40.61,3.97,-59,10.00,
2026-09-18T15:56:03,2,1.734,38.74,37.8390,25.9,1.753,40.22,4.01,-60,10.00,
2026-09-18T15:56:04,2,1.761,40.86,37.8380,25.9,1.753,40.22,4.00,-59,9.50,
2026-09-18T15:56:05,2,1.759,40.74,37.8390,25.9,1.755,40.41,3.98,-59,10.25,
2026-09-18T15:56:06,2,1.732,38.54,37.8430,25.9,1.748,39.83,4.02,-60,11.00,
2026-09-18T15:56:07,2,1.757,40.54,37.8370,25.9,1.749,39.90,4.00,-60,10.00,
2026-09-18T15:56:08,2,1.733,38.61,37.8360,25.9,1.754,40.28,4.01,-60,9.75,
2026-09-18T15:56:09,2,1.730,38.41,37.8270,25.9,1.751,40.09,4.03,-58,9.50,
2026-09-18T15:56:11,2,1.756,40.48,37.8260,25.9,1.756,40.48,4.01,-59,10.25,
2026-09-18T15:56:12,2,1.732,38.54,37.8200,25.9,1.755,40.41,4.01,-60,9.75,
2026-09-18T15:56:13,2,1.760,40.80,37.8280,25.9,1.753,40.22,4.01,-60,9.75,
2026-09-18T15:56:14,2,1.759,40.74,37.8400,25.9,1.755,40.41,3.98,-59,9.75,
2026-09-18T15:56:15,2,1.730,38.41,37.8400,25.9,1.753,40.22,4.01,-60,10.00,
2026-09-18T15:56:16,2,1.761,40.86,37.8360,25.9,1.750,40.03,4.00,-59,9.50,
2026-09-18T15:56:17,2,1.756,40.48,37.8300,25.9,1.755,40.41,3.98,-59,9.50,
2026-09-18T15:56:18,2,1.730,38.41,37.8330,25.9,1.750,39.96,4.03,-59,9.25,
2026-09-18T15:56:19,2,1.756,40.48,37.8320,25.9,1.751,40.09,4.00,-60,8.75,
2026-09-18T15:56:20,2,1.735,38.80,37.8390,25.9,1.751,40.09,4.00,-59,9.25,
2026-09-18T15:56:21,2,1.730,38.41,37.8400,25.9,1.753,40.22,4.03,-59,9.25,
2026-09-18T15:56:23,2,1.759,40.74,37.8290,25.9,1.756,40.48,3.98,-59,9.50,
2026-09-18T15:56:24,2,1.732,38.54,37.8270,25.9,1.753,40.22,4.01,-59,9.50,
2026-09-18T15:56:25,2,1.761,40.86,37.8210,25.9,1.745,39.64,4.00,-60,9.50,
2026-09-18T15:56:26,2,1.757,40.54,37.8260,25.9,1.756,40.48,3.99,-58,9.25,
2026-09-18T15:56:27,2,1.729,38.35,37.8240,25.9,1.751,40.09,4.02,-59,9.50,
2026-09-18T15:56:28,2,1.757,40.54,37.8310,25.9,1.755,40.41,4.01,-59,9.50,
2026-09-18T15:56:29,2,1.737,38.93,37.8240,25.9,1.752,40.16,4.00,-60,9.75,
2026-09-18T15:56:38,2,1.757,40.54,37.8160,25.9,1.756,40.48,3.98,-59,9.75,
2026-09-18T15:56:39,2,1.729,38.35,37.8140,25.9,1.749,39.90,4.02,-60,10.00,
2026-09-18T15:56:40,2,1.758,40.67,37.8160,25.9,1.758,40.61,3.98,-59,9.50,
2026-09-18T15:56:41,2,1.734,38.74,37.8210,25.9,1.751,40.09,4.01,-59,9.75,
2026-09-18T15:56:42,2,1.732,38.54,37.8140,25.9,1.747,39.77,4.02,-59,9.75,
2026-09-18T15:56:43,2,1.758,40.61,37.8190,25.9,1.755,40.41,3.99,-59,9.50,
2026-09-18T15:56:44,2,1.733,38.67,37.8200,25.9,1.756,40.48,4.00,-60,9.50,
2026-09-18T15:56:45,2,1.762,40.93,37.8130,25.9,1.754,40.28,4.00,-59,9.25,
2026-09-18T15:56:47,2,1.758,40.61,37.8200,25.9,1.757,40.54,3.99,-58,9.50,
2026-09-18T15:56:48,2,1.733,38.61,37.8230,25.9,1.751,40.09,4.03,-59,9.25,
2026-09-18T15:56:49,2,1.758,40.61,37.8250,25.9,1.750,40.03,4.00,-60,9.25,
2026-09-18T15:56:50,2,1.732,38.54,37.8280,25.9,1.752,40.16,4.01,-59,9.75,
2026-09-18T15:56:51,2,1.731,38.48,37.8290,25.9,1.749,39.90,4.01,-60,9.50,
2026-09-18T15:56:52,2,1.762,40.93,37.8240,25.9,1.757,40.54,3.98,-59,9.50,
2026-09-18T15:56:53,2,1.731,38.48,37.8290,25.9,1.751,40.09,4.01,-60,9.75,
2026-09-18T15:56:54,2,1.765,41.19,37.8210,25.9,1.751,40.09,4.00,-59,9.50,
2026-09-18T15:56:55,2,1.758,40.61,37.8240,25.9,1.756,40.48,3.98,-59,9.25,
2026-09-18T15:56:56,2,1.729,38.29,37.8210,25.9,1.750,40.03,4.03,-59,9.50,
2026-09-18T15:56:58,2,1.760,40.80,37.8390,25.9,1.752,40.16,4.00,-59,9.75,
2026-09-18T15:56:59,2,1.733,38.67,37.8370,25.9,1.752,40.16,4.00,-59,9.50,
2026-09-18T15:57:00,2,1.729,38.35,37.8340,25.9,1.746,39.70,4.03,-59,9.50,
2026-09-18T15:57:01,2,1.763,41.06,37.8380,25.9,1.758,40.61,3.98,-58,9.50,
2026-09-18T15:57:02,2,1.731,38.48,37.8360,25.9,1.754,40.35,4.01,-60,9.50,
2026-09-18T15:57:03,2,1.730,38.41,37.8430,25.9,1.751,40.09,4.02,-60,9.75,
2026-09-18T15:57:04,2,1.760,40.80,37.8450,25.9,1.754,40.35,3.98,-59,9.50,
2026-09-18T15:57:05,2,1.730,38.41,37.8470,25.9,1.747,39.77,4.02,-59,9.50,
2026-09-18T15:57:06,2,1.761,40.86,37.8440,25.9,1.750,40.03,4.00,-60,9.50,
2026-09-18T15:57:07,2,1.757,40.54,37.8450,25.9,1.754,40.35,3.98,-59,10.00,
2026-09-18T15:57:08,2,1.729,38.29,37.8440,25.9,1.753,40.22,4.02,-59,10.00,
2026-09-18T15:57:10,2,1.759,40.74,37.8460,25.9,1.756,40.48,3.98,-59,9.75,
2026-09-18T15:57:11,2,1.733,38.61,37.8500,25.9,1.754,40.35,4.01,-60,10.00,
2026-09-18T15:57:12,2,1.732,38.54,37.8490,25.9,1.750,39.96,4.02,-60,10.00,
2026-09-18T15:57:19,2,1.734,38.74,37.8490,25.9,1.750,0.00,7.00,-48,-1.00,
2026-09-18T15:57:20,2,1.729,38.35,37.8500,25.9,1.750,39.96,4.02,-60,9.50,
2026-09-18T15:57:22,2,1.759,40.74,37.8550,25.9,1.755,40.41,3.98,-59,9.75,
2026-09-18T15:57:23,2,1.732,38.54,37.8510,25.9,1.751,40.09,4.01,-58,10.00,
2026-09-18T15:57:24,2,1.730,38.41,37.8480,25.9,1.752,40.16,4.03,-59,9.25,
2026-09-18T15:57:25,2,1.758,40.67,37.8420,25.9,1.756,40.48,3.98,-59,9.75,
2026-09-18T15:57:26,2,1.733,38.67,37.8510,25.9,1.749,39.90,4.02,-60,9.75,
2026-09-18T15:57:27,2,1.758,40.67,37.8450,25.9,1.751,40.09,4.01,-60,9.50,
2026-09-18T15:57:28,2,1.756,40.48,37.8420,25.9,1.755,40.41,3.99,-59,9.50,
2026-09-18T15:57:29,2,1.729,38.35,37.8380,25.9,1.750,40.03,4.02,-60,9.50,
2026-09-18T15:57:30,2,1.758,40.67,37.8350,25.9,1.759,40.74,3.98,-60,9.75,
2026-09-18T15:57:31,2,1.734,38.74,37.8310,25.9,1.754,40.35,4.01,-60,10.00,
2026-09-18T15:57:32,2,1.730,38.41,37.8270,25.9,1.750,40.03,4.03,-59,9.75,
2026-09-18T15:57:34,2,1.758,40.67,37.8230,25.9,1.757,40.54,3.98,-60,9.50,
2026-09-18T15:57:35,2,1.731,38.48,37.8240,25.9,1.750,39.96,4.03,-60,9.50,
2026-09-18T15:57:36,2,1.760,40.80,37.8150,25.9,1.758,40.61,4.00,-60,9.50,
2026-09-18T15:57:37,2,1.758,40.61,37.8250,25.9,1.756,40.48,3.99,-59,10.00,
2026-09-18T15:57:38,2,1.730,38.41,37.8260,25.9,1.749,39.90,4.03,-60,9.75,
2026-09-18T15:57:39,2,1.762,40.93,37.8250,25.9,1.758,40.61,3.98,-60,9.75,
2026-09-18T15:57:40,2,1.731,38.48,37.8290,25.9,1.750,40.03,4.01,-60,11.00,
2026-09-18T15:57:41,2,1.733,38.67,37.8190,25.9,1.752,40.16,4.03,-59,9.75,
2026-09-18T15:57:42,2,1.758,40.67,37.8220,25.9,1.758,40.61,3.98,-60,9.75,
2026-09-18T15:57:43,2,1.730,38.41,37.8220,25.9,1.749,39.90,4.02,-60,9.75,
2026-09-18T15:57:44,2,1.763,41.06,37.8300,25.9,1.754,40.28,3.99,-59,9.75,
2026-09-18T15:57:46,2,1.758,40.61,37.8210,25.9,1.757,40.54,3.98,-60,10.00,
2026-09-18T15:57:47,2,1.731,38.48,37.8190,25.9,1.752,40.16,4.03,-59,9.50,
2026-09-18T15:57:48,2,1.758,40.67,37.8190,25.9,1.752,40.16,4.00,-60,9.50,
2026-09-18T15:57:49,2,1.760,40.80,37.8220,25.9,1.756,40.48,3.99,-59,9.75,
2026-09-18T15:57:50,2,1.732,38.54,37.8210,25.9,1.750,40.03,4.02,-60,10.25,
2026-09-18T15:57:51,2,1.761,40.86,37.8220,25.9,1.757,40.54,3.98,-60,10.00,
2026-09-18T15:57:52,2,1.734,38.74,37.8250,25.9,1.754,40.35,4.01,-61,9.75,
2026-09-18T15:57:53,2,1.731,38.48,37.8270,25.9,1.749,39.90,4.02,-60,10.00,
2026-09-18T15:57:54,2,1.758,40.67,37.8240,25.9,1.757,40.54,3.98,-60,10.00,
2026-09-18T15:58:03,2,1.759,40.74,37.8340,25.9,1.756,40.48,3.98,-59,10.00,
2026-09-18T15:58:04,2,1.732,38.54,37.8260,25.9,1.748,39.83,4.03,-60,9.25,
2026-09-18T15:58:05,2,1.763,41.06,37.8210,25.9,1.753,40.22,4.00,-60,9.75,
2026-09-18T15:58:06,2,1.758,40.67,37.8320,25.9,1.756,40.48,3.99,-59,9.75,
2026-09-18T15:58:07,2,1.729,38.35,37.8390,25.9,1.750,40.03,4.02,-60,9.50,
2026-09-18T15:58:09,2,1.763,41.06,37.8410,25.9,1.760,40.80,3.97,-59,10.50,
2026-09-18T15:58:10,2,1.733,38.67,37.8480,25.9,1.753,40.22,4.01,-60,9.75,
2026-09-18T15:58:11,2,1.731,38.48,37.8510,25.9,1.750,39.96,4.02,-60,9.75,
2026-09-18T15:58:12,2,1.760,40.80,37.8550,25.9,1.758,40.67,3.98,-60,9.50,
2026-09-18T15:58:13,2,1.735,38.80,37.8500,25.9,1.750,39.96,4.01,-60,9.75,
2026-09-18T15:58:14,2,1.730,38.41,37.8560,25.9,1.749,39.90,4.03,-59,9.50,
2026-09-18T15:58:15,2,1.757,40.54,37.8590,25.9,1.756,40.48,3.98,-60,10.00,
2026-09-18T15:58:16,2,1.730,38.41,37.8580,25.9,1.743,39.45,4.02,-60,9.75,
2026-09-18T15:58:17,2,1.761,40.86,37.8570,25.9,1.752,40.16,4.00,-60,9.75,
2026-09-18T15:58:18,2,1.758,40.61,37.8660,25.9,1.758,40.61,3.98,-59,10.00,
2026-09-18T15:58:19,2,1.730,38.41,37.8650,25.9,1.750,40.03,4.02,-62,9.75,
2026-09-18T15:58:21,2,1.760,40.80,37.8680,25.9,1.758,40.61,3.98,-62,10.00,
2026-09-18T15:58:22,2,1.733,38.67,37.8650,25.9,1.751,40.09,4.01,-62,9.75,
2026-09-18T15:58:23,2,1.729,38.29,37.8570,25.9,1.750,40.03,4.03,-61,9.50,
2026-09-18T15:58:24,2,1.760,40.80,37.8590,25.9,1.755,40.41,3.99,-61,9.75,
2026-09-18T15:58:25,2,1.730,38.41,37.8770,25.9,1.752,40.16,4.02,-61,10.00,
2026-09-18T15:58:26,2,1.772,41.77,37.8750,25.9,1.751,40.09,4.00,-62,9.75,
2026-09-18T15:58:27,2,1.761,40.86,37.8730,25.9,1.754,40.35,3.98,-62,10.00,
2026-09-18T15:58:28,2,1.731,38.48,37.8750,25.9,1.747,39.77,4.03,-61,9.75,
2026-09-18T15:58:29,2,1.762,40.99,37.8700,25.9,1.756,40.48,3.98,-61,10.00,
2026-09-18T15:58:30,2,1.733,38.67,37.8620,25.9,1.753,40.22,4.00,-62,10.00,
2026-09-18T15:58:31,2,1.731,38.48,37.8510,25.9,1.749,39.90,4.02,-62,10.00,
2026-09-18T15:58:33,2,1.758,40.67,37.8500,25.9,1.754,40.28,3.98,-62,10.00,
2026-09-18T15:58:34,2,1.729,38.35,37.8470,25.9,1.751,40.09,4.02,-62,9.75,
2026-09-18T15:58:35,2,1.731,38.48,37.8410,25.9,1.750,40.03,4.03,-62,9.50,
2026-09-18T15:58:36,2,1.757,40.54,37.8390,25.9,1.759,40.74,3.99,-63,10.00,
2026-09-18T15:58:37,2,1.729,38.35,37.8450,25.9,1.750,39.96,4.02,-63,10.25,
2026-09-18T15:58:46,2,1.730,38.41,37.8410,25.9,1.750,39.96,4.02,-67,9.75,17
2026-09-18T15:58:47,2,1.762,40.99,37.8400,25.9,1.754,40.28,4.00,-64,9.50,
2026-09-18T15:58:48,2,1.757,40.54,37.8310,25.9,1.755,40.41,3.98,-64,9.75,
2026-09-18T15:58:49,2,1.733,38.61,37.8320,25.9,1.750,39.96,4.03,-64,9.50,
2026-09-18T15:58:50,2,1.762,40.99,37.8260,25.9,1.754,40.35,3.98,-65,9.75,
2026-09-18T15:58:51,2,1.737,38.93,37.8290,25.9,1.757,40.54,4.01,-70,9.75,
2026-09-18T15:58:52,2,1.733,38.67,37.8530,25.9,1.752,40.16,4.02,-63,10.00,
2026-09-18T15:58:53,2,1.762,40.93,37.9280,25.9,1.761,40.86,3.98,-62,10.00,
2026-09-18T15:58:54,2,1.735,38.80,38.0670,25.9,1.751,40.09,4.02,-65,10.00,
2026-09-18T15:58:56,2,1.770,41.57,38.1210,25.9,1.750,39.96,4.00,-63,10.00,
2026-09-18T15:58:57,2,1.763,41.06,38.1630,25.9,1.759,40.74,3.98,-62,10.50,17
2026-09-18T15:58:58,2,1.737,38.93,38.2060,25.9,1.755,40.41,4.02,-62,10.50,
2026-09-18T15:58:59,2,1.759,40.74,38.2420,25.9,1.764,41.12,3.98,-62,10.25,
2026-09-18T15:59:00,2,1.739,39.12,38.2810,25.9,1.759,40.74,4.01,-63,9.75,
2026-09-18T15:59:01,2,1.738,39.06,38.3080,25.9,1.756,40.48,4.03,-63,9.75,
2026-09-18T15:59:02,2,1.767,41.38,38.3430,25.9,1.763,41.06,3.98,-62,10.25,
2026-09-18T15:59:03,2,1.736,38.87,38.3710,25.9,1.755,40.41,4.02,-63,9.75,
2026-09-18T15:59:04,2,1.736,38.87,38.4020,25.9,1.758,40.61,4.02,-62,9.75,18
2026-09-18T15:59:05,2,1.768,41.44,38.4290,25.9,1.762,40.99,3.98,-62,10.00,
2026-09-18T15:59:06,2,1.740,39.19,38.4910,25.9,1.758,40.67,4.02,-67,10.00,
2026-09-18T15:59:08,2,1.774,41.90,38.5300,25.9,1.765,41.19,3.97,-60,10.50,
2026-09-18T15:59:09,2,1.768,41.44,38.5680,25.9,1.765,41.19,3.99,-65,9.50,
2026-09-18T15:59:10,2,1.740,39.19,38.5930,25.9,1.755,40.41,4.02,-64,10.00,
2026-09-18T15:59:11,2,1.769,41.51,38.6290,25.9,1.764,41.12,3.98,-64,9.75,
2026-09-18T15:59:12,2,1.737,38.99,38.6400,25.9,1.758,40.67,4.02,-66,10.00,
2026-09-18T15:59:13,2,1.739,39.12,38.5890,25.9,1.758,40.61,4.02,-66,10.00,
2026-09-18T15:59:14,2,1.774,41.90,38.5460,25.9,1.765,41.19,3.99,-65,9.50,
2026-09-18T15:59:15,2,1.737,38.99,38.5080,25.9,1.757,40.54,4.02,-65,10.00,
2026-09-18T15:59:16,2,1.770,41.64,38.4790,25.9,1.760,40.80,4.00,-64,9.75,
2026-09-18T15:59:17,2,1.762,40.99,38.4560,25.9,1.762,40.93,3.99,-64,9.75,
2026-09-18T15:59:18,2,1.738,39.06,38.4150,25.9,1.756,40.48,4.02,-64,9.75,
2026-09-18T15:59:20,2,1.777,42.15,38.4030,25.9,1.765,41.19,3.98,-65,9.75,
2026-09-18T15:59:28,2,1.769,41.51,38.3390,25.9,1.763,41.06,3.98,-61,9.50,
2026-09-18T15:59:29,2,1.765,41.19,38.3340,25.9,1.762,40.93,3.98,-62,10.00,
2026-09-18T15:59:30,2,1.734,38.74,38.3330,25.9,1.748,39.83,4.02,-62,10.25,
2026-09-18T15:59:32,2,1.766,41.25,38.3310,25.9,1.760,40.80,3.98,-62,9.75,
2026-09-18T15:59:33,2,1.729,38.29,38.3320,25.9,1.754,40.35,4.02,-62,10.00,
2026-09-18T15:59:34,2,1.738,39.06,38.3380,25.9,1.753,40.22,4.02,-62,10.25,
2026-09-18T15:59:35,2,1.762,40.99,38.3350,25.9,1.763,41.06,3.98,-62,9.50,
2026-09-18T15:59:36,2,1.735,38.80,38.3410,25.9,1.757,40.54,4.03,-62,9.75,
2026-09-18T15:59:37,2,1.770,41.57,38.3420,25.9,1.764,41.12,3.97,-62,10.25,
2026-09-18T15:59:38,2,1.762,40.93,38.3470,25.9,1.762,40.93,3.99,-62,9.75,
2026-09-18T15:59:39,2,1.737,38.93,38.3470,25.9,1.756,40.48,4.02,-62,10.00,
2026-09-18T15:59:40,2,1.768,41.44,38.3380,25.9,1.764,41.12,3.98,-62,10.25,
2026-09-18T15:59:41,2,1.736,38.87,38.3410,25.9,1.754,40.28,4.02,-62,10.25,
2026-09-18T15:59:42,2,1.737,38.93,38.3390,25.9,1.755,40.41,4.02,-62,10.25,
2026-09-18T15:59:44,2,1.765,41.19,38.3470,25.9,1.762,40.99,3.98,-61,9.75,
2026-09-18T15:59:45,2,1.736,38.87,38.3570,25.9,1.756,40.48,4.02,-62,10.25,
2026-09-18T15:59:46,2,1.773,41.83,38.3510,25.9,1.765,41.19,3.97,-62,10.25,
2026-09-18T15:59:47,2,1.766,41.32,38.3540,25.9,1.763,41.06,3.98,-62,10.00,
2026-09-18T15:59:48,2,1.737,38.93,38.3620,25.9,1.758,40.61,4.02,-62,9.75,
2026-09-18T15:59:49,2,1.768,41.44,38.3570,25.9,1.758,40.61,3.97,-64,10.25,
2026-09-18T15:59:50,2,1.765,41.19,38.3600,25.9,1.762,40.93,3.99,-64,9.25,
2026-09-18T15:59:51,2,1.734,38.74,38.3510,25.9,1.754,40.35,4.02,-64,9.75,
2026-09-18T15:59:52,2,1.765,41.19,38.3580,25.9,1.763,41.06,3.98,-63,9.50,
2026-09-18T15:59:53,2,1.736,38.87,38.3510,25.9,1.755,40.41,4.03,-62,9.75,
2026-09-18T15:59:55,2,1.739,39.12,38.3580,25.9,1.754,40.35,4.02,-63,10.00,
2026-09-18T15:59:56,2,1.765,41.19,38.3550,25.9,1.759,40.74,3.98,-63,10.75,
2026-09-18T15:59:57,2,1.738,39.06,38.3560,25.9,1.755,40.41,4.02,-63,10.50,
2026-09-18T15:59:58,2,1.770,41.64,38.3570,25.9,1.762,40.93,3.97,-63,10.50,
2026-09-18T15:59:59,2,1.766,41.25,38.3700,25.9,1.762,40.93,3.98,-63,10.00,
2026-09-18T16:00:00,2,1.738,39.06,38.3720,25.9,1.754,40.28,4.02,-62,10.50,
2026-09-18T16:00:01,2,1.766,41.32,38.3840,25.9,1.763,41.06,3.98,-61,10.00,
2026-09-18T16:00:02,2,1.753,40.22,38.3820,25.9,1.756,40.48,4.03,-62,9.75,
2026-09-18T16:00:11,2,1.741,39.25,38.3880,25.9,1.755,40.41,4.01,-63,10.00,
2026-09-18T16:00:12,2,1.738,39.06,38.3800,25.9,1.756,40.48,4.02,-63,10.00,
2026-09-18T16:00:13,2,1.766,41.32,38.3890,25.9,1.760,40.80,3.98,-62,10.00,
2026-09-18T16:00:14,2,1.738,39.06,38.3840,25.9,1.758,40.61,4.02,-63,9.75,
2026-09-18T16:00:15,2,1.740,39.19,38.3830,25.9,1.763,41.06,4.00,-64,9.50,
2026-09-18T16:00:16,2,1.766,41.25,38.3840,25.9,1.761,40.86,3.98,-64,9.75,
2026-09-18T16:00:17,2,1.752,40.16,38.3830,25.9,1.756,40.48,4.02,-64,9.75,
2026-09-18T16:00:19,2,1.770,41.64,38.3780,25.9,1.764,41.12,3.97,-64,10.75,
2026-09-18T16:00:20,2,1.763,41.06,38.3850,25.9,1.762,40.93,3.98,-63,9.50,
2026-09-18T16:00:21,2,1.748,39.83,38.3800,25.9,1.755,40.41,4.02,-64,9.75,
2026-09-18T16:00:22,2,1.768,41.44,38.3860,25.9,1.762,40.99,3.98,-64,9.75,
2026-09-18T16:00:23,2,1.737,38.99,38.3840,25.9,1.758,40.67,4.02,-64,10.00,
2026-09-18T16:00:24,2,1.737,38.99,38.3760,25.9,1.754,40.35,4.02,-64,10.00,
2026-09-18T16:00:25,2,1.763,41.06,38.3770,25.9,1.772,41.77,3.98,-63,10.00,
2026-09-18T16:00:26,2,1.737,38.93,38.3820,25.9,1.754,40.28,4.02,-64,9.50,
2026-09-18T16:00:27,2,1.775,41.96,38.3800,25.9,1.766,41.25,3.97,-64,10.00,
2026-09-18T16:00:28,2,1.765,41.19,38.3860,25.9,1.762,40.99,3.98,-64,9.75,
2026-09-18T16:00:29,2,1.737,38.99,38.3800,25.9,1.757,40.54,4.02,-64,10.00,
2026-09-18T16:00:31,2,1.768,41.44,38.3830,25.9,1.763,41.06,3.96,-64,9.50,
2026-09-18T16:00:32,2,1.736,38.87,38.3930,25.9,1.757,40.54,4.02,-65,10.00,
2026-09-18T16:00:33,2,1.737,38.99,38.3910,25.9,1.760,40.80,4.02,-66,9.75,
2026-09-18T16:00:34,2,1.767,41.38,38.3930,25.9,1.765,41.19,3.98,-65,10.00,
2026-09-18T16:00:35,2,1.737,38.99,38.3920,25.9,1.757,40.54,4.02,-66,10.00,
2026-09-18T16:00:36,2,1.742,39.38,38.3950,25.9,1.760,40.80,4.00,-66,9.25,
2026-09-18T16:00:37,2,1.773,41.83,38.3960,25.9,1.763,41.06,3.98,-65,9.75,
2026-09-18T16:00:38,2,1.740,39.19,38.3990,25.9,1.757,40.54,4.02,-65,9.75,
2026-09-18T16:00:39,2,1.772,41.77,38.3920,25.9,1.766,41.25,3.98,-65,9.75,
2026-09-18T16:00:40,2,1.761,40.86,38.3960,25.9,1.761,40.86,4.00,-66,9.75,
2026-09-18T16:00:41,2,1.738,39.06,38.3930,25.9,1.754,40.35,4.02,-66,10.00,
2026-09-18T16:00:43,2,1.766,41.32,38.3890,25.9,1.760,40.80,3.98,-65,10.00,
2026-09-18T16:00:44,2,1.736,38.87,38.4000,25.9,1.756,40.48,4.02,-64,10.25,
2026-09-18T16:00:45,2,1.741,39.25,38.4010,25.9,1.762,40.99,4.00,-66,9.75,
2026-09-18T16:00:54,2,1.741,39.25,38.3950,25.9,1.758,40.61,4.02,-63,10.00,
2026-09-18T16:00:55,2,1.767,41.38,38.3940,25.9,1.761,40.86,3.98,-62,10.00,
2026-09-18T16:00:56,2,1.736,38.87,38.3950,25.9,1.754,40.35,4.02,-62,9.75,
2026-09-18T16:00:57,2,1.740,39.19,38.3940,25.9,1.757,40.54,4.00,-62,9.50,
2026-09-18T16:00:58,2,1.765,41.19,38.3890,25.9,1.762,40.93,3.98,-62,10.25,
2026-09-18T16:00:59,2,1.737,38.99,38.3880,25.9,1.758,40.61,4.02,-62,9.75,
2026-09-18T16:01:00,2,1.771,41.70,38.3960,25.9,1.762,40.99,3.98,-61,9.75,
2026-09-18T16:01:01,2,1.761,40.86,38.3910,25.9,1.762,40.93,4.00,-62,9.75,
2026-09-18T16:01:02,2,1.737,38.93,38.3910,25.9,1.757,40.54,4.02,-62,9.75,
2026-09-18T16:01:03,2,1.768,41.44,38.3920,25.9,1.762,40.93,3.98,-61,10.00,
2026-09-18T16:01:04,2,1.737,38.99,38.3820,25.9,1.756,40.48,4.02,-61,10.00,
2026-09-18T16:01:06,2,1.741,39.25,38.3840,25.9,1.762,40.99,4.00,-62,9.50,
2026-09-18T16:01:07,2,1.766,41.25,38.3810,25.9,1.762,40.93,3.98,-60,9.75,
2026-09-18T16:01:08,2,1.737,38.93,38.3850,25.9,1.754,40.28,4.02,-61,10.00,
2026-09-18T16:01:09,2,1.774,41.90,38.3780,25.9,1.763,41.06,3.98,-60,9.75,
2026-09-18T16:01:10,2,1.761,40.86,38.3790,25.9,1.759,40.74,4.00,-60,9.75,
2026-09-18T16:01:11,2,1.737,38.99,38.3690,25.9,1.758,40.67,4.02,-60,10.25,
2026-09-18T16:01:12,2,1.767,41.38,38.3640,25.9,1.762,40.93,3.98,-59,9.75,
2026-09-18T16:01:13,2,1.736,38.87,38.3550,25.9,1.758,40.61,4.02,-60,10.00,
2026-09-18T16:01:14,2,1.743,39.45,38.3550,25.9,1.759,40.74,4.00,-60,9.75,
2026-09-18T16:01:15,2,1.775,41.96,38.3520,25.9,1.762,40.99,3.99,-60,9.75,
2026-09-18T16:01:16,2,1.737,38.93,38.3490,25.9,1.756,40.48,4.02,-62,10.25,
2026-09-18T16:01:18,2,1.743,39.45,38.3520,25.9,1.761,40.86,4.00,-59,9.75,
2026-09-18T16:01:19,2,1.763,41.06,38.3560,25.9,1.762,40.93,4.00,-61,9.50,
2026-09-18T16:01:20,2,1.737,38.99,38.3480,25.9,1.755,40.41,4.02,-60,10.00,
2026-09-18T16:01:21,2,1.770,41.64,38.3510,25.9,1.765,41.19,3.98,-60,9.75,
2026-09-18T16:01:22,2,1.761,40.86,38.3540,25.9,1.756,40.48,4.00,-61,9.75,
2026-09-18T16:01:23,2,1.736,38.87,38.3540,25.9,1.758,40.61,4.02,-61,10.00,
2026-09-18T16:01:24,2,1.765,41.19,38.3580,25.9,1.761,40.86,3.98,-60,9.75,
2026-09-18T16:01:25,2,1.737,38.99,38.3590,25.9,1.756,40.48,4.02,-61,10.25,
2026-09-18T16:01:26,2,1.739,39.12,38.3590,25.9,1.758,40.67,4.00,-61,9.50,
2026-09-18T16:01:27,2,1.766,41.25,38.3550,25.9,1.762,40.99,3.98,-61,10.00,
2026-09-18T16:01:36,2,1.765,41.19,38.3900,25.9,1.762,40.99,3.98,-62,9.75,
2026-09-18T16:01:37,2,1.737,38.99,38.3890,25.9,1.754,40.35,4.02,-62,10.25,
2026-09-18T16:01:38,2,1.773,41.83,38.3900,25.9,1.762,40.99,3.97,-61,10.00,
2026-09-18T16:01:39,2,1.762,40.93,38.3910,25.9,1.758,40.67,4.00,-61,9.25,
2026-09-18T16:01:40,2,1.737,38.99,38.3900,25.9,1.757,40.54,4.02,-63,10.50,
2026-09-18T16:01:42,2,1.767,41.38,38.3920,25.9,1.762,40.93,3.98,-61,9.50,
2026-09-18T16:01:43,2,1.762,40.93,38.3920,25.9,1.759,40.74,4.01,-63,10.50,
2026-09-18T16:01:44,2,1.741,39.25,38.3880,25.9,1.759,40.74,4.00,-62,10.00,
2026-09-18T16:01:45,2,1.766,41.32,38.3870,25.9,1.762,40.93,3.98,-63,9.75,
2026-09-18T16:01:46,2,1.737,38.93,38.3840,25.9,1.754,40.28,4.02,-61,10.00,
2026-09-18T16:01:47,2,1.741,39.32,38.3900,25.9,1.760,40.80,4.00,-60,9.75,
2026-09-18T16:01:48,2,1.754,40.35,38.3800,25.9,1.759,40.74,4.00,-60,9.50,
2026-09-18T16:01:49,2,1.736,38.87,38.3810,25.9,1.754,40.35,4.02,-60,9.75,
2026-09-18T16:01:50,2,1.772,41.77,38.3810,25.9,1.761,40.86,3.98,-59,10.00,
2026-09-18T16:01:51,2,1.759,40.74,38.3750,25.9,1.757,40.54,4.00,-60,9.50,
2026-09-18T16:01:53,2,1.740,39.19,38.3700,25.9,1.762,40.93,4.00,-60,9.75,
2026-09-18T16:01:54,2,1.765,41.19,38.3680,25.9,1.762,40.93,3.98,-60,9.75,
2026-09-18T16:01:55,2,1.737,38.93,38.3720,25.9,1.754,40.28,4.02,-60,10.00,
2026-09-18T16:01:56,2,1.747,39.77,38.3820,25.9,1.762,40.99,4.00,-60,9.50,
2026-09-18T16:01:57,2,1.766,41.32,38.3750,25.9,1.761,40.86,3.98,-59,10.00,
2026-09-18T16:01:58,2,1.738,39.06,38.3800,25.9,1.751,40.09,4.02,-60,10.00,
2026-09-18T16:01:59,2,1.773,41.83,38.3770,25.9,1.762,40.93,3.97,-59,10.25,
2026-09-18T16:02:00,2,1.762,40.99,38.3780,25.9,1.758,40.67,4.00,-60,12.00,
2026-09-18T16:02:01,2,1.737,38.93,38.3770,25.9,1.756,40.48,4.03,-60,9.75,
2026-09-18T16:02:02,2,1.768,41.44,38.3740,25.9,1.762,40.93,3.98,-60,9.75,
2026-09-18T16:02:03,2,1.741,39.25,38.3760,25.9,1.758,40.61,4.02,-60,10.25,
2026-09-18T16:02:05,2,1.742,39.38,38.3750,25.9,1.775,41.96,4.00,-60,9.25,
2026-09-18T16:02:06,2,1.765,41.19,38.3800,25.9,1.762,40.93,3.98,-59,10.00,
2026-09-18T16:02:07,2,1.738,39.06,38.3800,25.9,1.756,40.48,4.02,-59,10.00,
2026-09-18T16:02:08,2,1.743,39.45,38.3820,25.9,1.758,40.67,4.00,-60,9.50,
2026-09-18T16:02:09,2,1.759,40.74,38.3860,25.9,1.758,40.67,4.00,-59,10.00,
2026-09-18T16:02:10,2,1.737,38.99,38.3800,25.9,1.757,40.54,4.02,-60,10.25,
2026-09-18T16:02:15,2,1.000,38.80,0.0000,0.0,1.755,40.41,4.02,-49,-3.75,
2026-09-18T16:02:19,2,1.735,38.80,38.3670,25.9,1.758,40.61,4.02,-60,9.75,
2026-09-18T16:02:20,2,1.770,41.64,38.3660,25.9,1.762,40.99,3.98,-66,9.50,
2026-09-18T16:02:21,2,1.760,40.80,38.3600,25.9,1.759,40.74,4.00,-65,9.25,
2026-09-18T16:02:22,2,1.740,39.19,38.3610,25.9,1.761,40.86,4.00,-62,10.00,
2026-09-18T16:02:23,2,1.768,41.44,38.3600,25.9,1.761,40.86,3.98,-62,11.25,
2026-09-18T16:02:24,2,1.737,38.93,38.3570,25.9,1.756,40.48,4.02,-64,10.00,
2026-09-18T16:02:25,2,1.741,39.25,38.3620,25.9,1.758,40.67,4.00,-65,9.25,
2026-09-18T16:02:26,2,1.763,41.06,38.3600,25.9,1.758,40.61,4.00,-66,9.75,
2026-09-18T16:02:27,2,1.738,39.06,38.3650,25.9,1.753,40.22,4.02,-65,10.00,
2026-09-18T16:02:29,2,1.766,41.32,38.3670,25.9,1.763,41.06,3.99,-65,9.50,
2026-09-18T16:02:30,2,1.763,41.06,38.3690,25.9,1.758,40.61,4.01,-65,10.00,
2026-09-18T16:02:31,2,1.739,39.12,38.3680,25.9,1.758,40.61,4.01,-66,10.00,
2026-09-18T16:02:32,2,1.768,41.44,38.3690,25.9,1.762,40.93,3.98,-65,9.50,
2026-09-18T16:02:33,2,1.760,40.80,38.3620,25.9,1.762,40.93,4.01,-66,10.00,
2026-09-18T16:02:34,2,1.741,39.32,38.3600,25.9,1.761,40.86,4.00,-66,9.75,
2026-09-18T16:02:35,2,1.766,41.25,38.3670,25.9,1.763,41.06,3.98,-65,9.75,
2026-09-18T16:02:36,2,1.734,38.74,38.3710,25.9,1.749,39.90,4.02,-64,9.75,
2026-09-18T16:02:37,2,1.740,39.19,38.3720,25.9,1.760,40.80,4.00,-65,9.50,
2026-09-18T16:02:38,2,1.762,40.93,38.3800,25.9,1.760,40.80,4.00,-65,9.75,
2026-09-18T16:02:39,2,1.737,38.93,38.3840,25.9,1.754,40.35,4.02,-66,10.25,
2026-09-18T16:02:41,2,1.770,41.64,38.3950,25.9,1.762,40.99,3.98,-65,10.00,
2026-09-18T16:02:42,2,1.762,40.99,38.3880,25.9,1.759,40.74,4.00,-65,10.25,
2026-09-18T16:02:43,2,1.740,39.19,38.3840,25.9,1.758,40.67,4.00,-65,9.50,
2026-09-18T16:02:44,2,1.766,41.32,38.3840,25.9,1.762,40.93,3.98,-65,9.50,
2026-09-18T16:02:45,2,1.736,38.87,38.3750,25.9,1.756,40.48,4.03,-65,9.50,
2026-09-18T16:02:46,2,1.743,39.45,38.3800,25.9,1.758,40.67,4.00,-65,9.50,
2026-09-18T16:02:47,2,1.762,40.99,38.3760,25.9,1.758,40.61,4.01,-65,9.75,
2026-09-18T16:02:48,2,1.737,38.99,38.3860,25.9,1.754,40.35,4.02,-65,10.00,
2026-09-18T16:02:49,2,1.775,41.96,38.3830,25.9,1.762,40.99,3.98,-65,9.75,
2026-09-18T16:02:50,2,1.762,40.93,38.3820,25.9,1.758,40.61,4.00,-65,10.25,
2026-09-18T16:02:52,2,1.741,39.32,38.3900,25.9,1.759,40.74,4.00,-66,9.50,
2026-09-18T16:02:53,2,1.770,41.57,38.3840,25.9,1.762,40.93,3.98,-65,9.75,
2026-09-18T16:03:00,2,1.743,39.45,38.3430,25.9,1.761,40.86,4.00,-53,5.00,
2026-09-18T16:03:02,2,1.764,41.12,38.3620,25.9,1.759,40.74,4.00,-65,9.50,
2026-09-18T16:03:04,2,1.741,39.32,38.3620,25.9,1.765,41.19,4.00,-65,9.50,
2026-09-18T16:03:05,2,1.767,41.38,38.3690,25.9,1.761,40.86,3.98,-64,9.75,
2026-09-18T16:03:06,2,1.740,39.19,38.3730,25.9,1.755,40.41,4.02,-65,9.50,
2026-09-18T16:03:07,2,1.741,39.32,38.3720,25.9,1.769,41.51,4.00,-64,9.25,
2026-09-18T16:03:08,2,1.765,41.19,38.3600,25.9,1.760,40.80,4.00,-65,9.75,
2026-09-18T16:03:09,2,1.737,38.99,38.3630,25.9,1.756,40.48,4.02,-66,10.00,
2026-09-18T16:03:10,2,1.774,41.90,38.3680,25.9,1.764,41.12,3.98,-65,9.75,
2026-09-18T16:03:11,2,1.763,41.06,38.3700,25.9,1.758,40.67,4.01,-66,9.75,
2026-09-18T16:03:12,2,1.741,39.25,38.3630,25.9,1.756,40.48,4.00,-65,9.75,
2026-09-18T16:03:13,2,1.768,41.44,38.3700,25.9,1.765,41.19,3.98,-64,9.50,
2026-09-18T16:03:14,2,1.728,38.22,38.3740,25.9,1.754,40.28,4.02,-65,9.75,
2026-09-18T16:03:16,2,1.741,39.32,38.3760,25.9,1.758,40.61,4.00,-64,9.25,
2026-09-18T16:03:17,2,1.767,41.38,38.3870,25.9,1.759,40.74,4.00,-65,9.00,
2026-09-18T16:03:18,2,1.737,38.99,38.3890,25.9,1.755,40.41,4.03,-64,9.50,
2026-09-18T16:03:19,2,1.737,38.99,38.3840,25.9,1.756,40.48,4.00,-64,9.50,
2026-09-18T16:03:20,2,1.762,40.93,38.3830,25.9,1.759,40.74,4.00,-65,9.25,
2026-09-18T16:03:21,2,1.741,39.32,38.3710,25.9,1.759,40.74,3.99,-64,9.25,
2026-09-18T16:03:22,2,1.770,41.57,38.3690,25.9,1.764,41.12,3.98,-64,9.75,
2026-09-18T16:03:23,2,1.759,40.74,38.3680,25.9,1.759,40.74,4.01,-64,10.00,
2026-09-18T16:03:24,2,1.737,38.93,38.3660,25.9,1.759,40.74,4.00,-64,9.75,
2026-09-18T16:03:25,2,1.765,41.19,38.3700,25.9,1.758,40.67,4.00,-64,9.25,
2026-09-18T16:03:26,2,1.738,39.06,38.3700,25.9,1.754,40.35,4.02,-64,10.25,
2026-09-18T16:03:28,2,1.743,39.45,38.3690,25.9,1.762,40.93,4.00,-64,9.75,
2026-09-18T16:03:29,2,1.759,40.74,38.3610,25.9,1.758,40.67,4.00,-64,9.25,
2026-09-18T16:03:30,2,1.741,39.32,38.3620,25.9,1.759,40.74,4.00,-63,9.75,
2026-09-18T16:03:31,2,1.766,41.25,38.3680,25.9,1.762,40.99,3.98,-64,10.00,
2026-09-18T16:03:32,2,1.762,40.93,38.3640,25.9,1.758,40.67,4.00,-63,9.75,
2026-09-18T16:03:33,2,1.740,39.19,38.3610,25.9,1.760,40.80,4.00,-63,9.75,
2026-09-18T16:03:34,2,1.762,40.99,38.3640,25.9,1.763,41.06,4.00,-63,9.50,
2026-09-18T16:03:35,2,1.729,38.35,38.3660,25.9,1.754,40.28,4.02,-63,10.50,
2026-09-18T16:03:43,2,1.770,41.57,38.3790,25.9,1.762,40.93,3.90,-52,5.75,
2026-09-18T16:03:44,2,1.739,39.12,38.3790,25.9,1.756,40.48,4.02,-63,10.00,
2026-09-18T16:03:45,2,1.740,39.19,38.3770,25.9,1.774,41.90,4.00,-63,10.00,
2026-09-18T16:03:46,2,1.763,41.06,38.3790,25.9,1.762,40.99,4.00,-63,10.25,
2026-09-18T16:03:47,2,1.737,38.93,38.3690,25.9,1.757,40.54,4.02,-62,9.75,
2026-09-18T16:03:48,2,1.741,39.32,38.3640,25.9,1.759,40.74,4.00,-63,9.50,
2026-09-18T16:03:49,2,1.762,40.93,38.3750,25.9,1.758,40.67,4.00,-63,9.50,
2026-09-18T16:03:51,2,1.737,38.99,38.3710,25.9,1.759,40.74,4.00,-63,10.00,
2026-09-18T16:03:52,2,1.770,41.57,38.3800,25.9,1.765,41.19,3.98,-62,9.50,
2026-09-18T16:03:53,2,1.763,41.06,38.3840,25.9,1.760,40.80,4.01,-62,10.25,
2026-09-18T16:03:54,2,1.741,39.25,38.3850,25.9,1.758,40.67,4.00,-64,9.50,
2026-09-18T16:03:55,2,1.763,41.06,38.3850,25.9,1.758,40.67,4.00,-64,9.50,
2026-09-18T16:03:56,2,1.736,38.87,38.3790,25.9,1.760,40.80,4.02,-64,10.25,
2026-09-18T16:03:57,2,1.739,39.12,38.3740,25.9,1.759,40.74,4.01,-64,9.75,
2026-09-18T16:03:58,2,1.762,40.99,38.3790,25.9,1.757,40.54,4.00,-64,9.50,
2026-09-18T16:03:59,2,1.744,39.51,38.3860,25.9,1.760,40.80,4.00,-64,9.50,
2026-09-18T16:04:00,2,1.771,41.70,38.3860,25.9,1.762,40.99,3.98,-63,10.00,
2026-09-18T16:04:01,2,1.760,40.80,38.3820,25.9,1.758,40.61,4.00,-66,9.75,
2026-09-18T16:04:03,2,1.738,39.06,38.3860,25.9,1.759,40.74,4.00,-65,9.75,
2026-09-18T16:04:04,2,1.764,41.12,38.3850,25.9,1.758,40.61,4.00,-65,9.50,
2026-09-18T16:04:05,2,1.736,38.87,38.3850,25.9,1.756,40.48,4.02,-65,9.50,
2026-09-18T16:04:06,2,1.741,39.32,38.3880,25.9,1.761,40.86,4.00,-65,9.50,
2026-09-18T16:04:07,2,1.760,40.80,38.3960,25.9,1.760,40.80,4.00,-65,9.50,
2026-09-18T16:04:08,2,1.741,39.25,38.3970,25.9,1.750,39.96,4.00,-64,10.00,
2026-09-18T16:04:09,2,1.775,41.96,38.4040,25.9,1.764,41.12,3.98,-64,9.50,
2026-09-18T16:04:10,2,1.763,41.06,38.3990,25.9,1.758,40.61,4.01,-66,9.50,
2026-09-18T16:04:11,2,1.742,39.38,38.3950,25.9,1.760,40.80,4.00,-66,9.50,
2026-09-18T16:04:12,2,1.766,41.25,38.3860,25.9,1.758,40.67,3.98,-66,9.75,
2026-09-18T16:04:13,2,1.741,39.32,38.3750,25.9,1.760,40.80,4.00,-66,9.75,
2026-09-18T16:04:15,2,1.741,39.25,38.3860,25.9,1.762,40.93,4.00,-66,9.75,
2026-09-18T16:04:17,2,1.738,39.06,38.3970,25.9,1.754,40.35,4.02,-66,9.75,
2026-09-18T16:04:18,2,1.740,39.19,38.3980,25.9,1.759,40.74,4.00,-66,9.75,
2026-09-18T16:04:25,2,1.737,38.99,38.3990,25.9,1.757,40.54,4.02,-56,4.75,
2026-09-18T16:04:27,2,1.741,39.25,38.3930,25.9,1.759,40.74,4.00,-66,9.50,
2026-09-18T16:04:28,2,1.762,40.99,38.3970,25.9,1.759,40.74,4.00,-66,9.75,
2026-09-18T16:04:29,2,1.741,39.25,38.3850,25.9,1.761,40.86,4.00,-66,9.75,
2026-09-18T16:04:30,2,1.773,41.83,38.3860,25.9,1.765,41.19,3.98,-65,9.50,
2026-09-18T16:04:31,2,1.764,41.12,38.3890,25.9,1.760,40.80,4.00,-66,9.75,
2026-09-18T16:04:32,2,1.740,39.19,38.3980,25.9,1.758,40.61,4.00,-66,9.50,
2026-09-18T16:04:33,2,1.763,41.06,38.3930,25.9,1.762,40.93,4.00,-66,9.50,
2026-09-18T16:04:34,2,1.738,39.06,38.4050,25.9,1.756,40.48,4.02,-66,10.00,
2026-09-18T16:04:35,2,1.741,39.25,38.4020,25.9,1.758,40.67,4.00,-68,9.75,
2026-09-18T16:04:36,2,1.762,40.93,38.3960,25.9,1.758,40.67,4.00,-65,9.50,
2026-09-18T16:04:37,2,1.741,39.25,38.3850,25.9,1.762,40.99,4.00,-63,9.50,
2026-09-18T16:04:39,2,1.772,41.77,38.3800,25.9,1.764,41.12,3.98,-61,9.75,
2026-09-18T16:04:40,2,1.760,40.80,38.3730,25.9,1.759,40.74,4.00,-64,9.50,
2026-09-18T16:04:41,2,1.739,39.12,38.3790,25.9,1.761,40.86,4.00,-64,9.25,
2026-09-18T16:04:42,2,1.766,41.25,38.3900,25.9,1.763,41.06,4.00,-64,9.25,
2026-09-18T16:04:43,2,1.759,40.74,38.3890,25.9,1.758,40.61,4.00,-64,9.50,
2026-09-18T16:04:44,2,1.740,39.19,38.3960,25.9,1.760,40.80,4.00,-64,9.75,
2026-09-18T16:04:45,2,1.763,41.06,38.3880,25.9,1.760,40.80,4.00,-64,9.50,
2026-09-18T16:04:46,2,1.741,39.32,38.3950,25.9,1.761,40.86,4.00,-64,10.00,
2026-09-18T16:04:47,2,1.739,39.12,38.3930,25.9,1.761,40.86,4.00,-64,10.00,
2026-09-18T16:04:48,2,1.758,40.67,38.3930,25.9,1.759,40.74,4.00,-64,9.75,
2026-09-18T16:04:50,2,1.739,39.12,38.3920,25.9,1.759,40.74,4.00,-64,10.25,
2026-09-18T16:04:51,2,1.767,41.38,38.3870,25.9,1.760,40.80,3.97,-63,10.25,
2026-09-18T16:04:52,2,1.763,41.06,38.3820,25.9,1.767,41.38,4.00,-62,9.75,
2026-09-18T16:04:53,2,1.740,39.19,38.3840,25.9,1.759,40.74,4.00,-63,9.75,
2026-09-18T16:04:54,2,1.762,40.99,38.3740,25.9,1.760,40.80,4.00,-63,9.75,
2026-09-18T16:04:55,2,1.737,38.93,38.3690,25.9,1.754,40.35,4.02,-63,9.75,
2026-09-18T16:04:56,2,1.741,39.25,38.3720,25.9,1.759,40.74,3.99,-62,9.75,
2026-09-18T16:04:57,2,1.761,40.86,38.3650,25.9,1.760,40.80,4.00,-62,10.00,
2026-09-18T16:04:58,2,1.738,39.06,38.3730,25.9,1.761,40.86,4.00,-62,10.00,
2026-09-18T16:04:59,2,1.774,41.90,38.3760,25.9,1.762,40.93,3.98,-61,9.75,
2026-09-18T16:05:00,2,1.762,40.93,38.3730,25.9,1.758,40.67,4.00,-63,9.75,
2026-09-18T16:05:08,2,1.740,39.19,38.3470,25.9,1.759,40.74,4.09,-54,7.25,
2026-09-18T16:05:09,2,1.763,41.06,38.3500,25.9,1.759,40.74,4.00,-63,9.75,
2026-09-18T16:05:10,2,1.739,39.12,38.3600,25.9,1.754,40.35,4.00,-63,9.75,
2026-09-18T16:05:11,2,1.766,41.25,38.3640,25.9,1.760,40.80,3.99,-62,9.75,
2026-09-18T16:05:12,2,1.754,40.35,38.3710,25.9,1.759,40.74,4.00,-63,9.75,
2026-09-18T16:05:14,2,1.740,39.19,38.3660,25.9,1.759,40.74,4.00,-63,9.50,
2026-09-18T16:05:15,2,1.763,41.06,38.3720,25.9,1.759,40.74,3.99,-63,9.75,
2026-09-18T16:05:16,2,1.742,39.38,38.3780,25.9,1.759,40.74,4.00,-63,12.75,
2026-09-18T16:05:17,2,1.741,39.25,38.3870,25.9,1.761,40.86,4.00,-63,10.25,
2026-09-18T16:05:18,2,1.762,40.93,38.3860,25.9,1.757,40.54,4.00,-63,9.75,
2026-09-18T16:05:19,2,1.738,39.06,38.3810,25.9,1.759,40.74,4.00,-63,10.00,
2026-09-18T16:05:20,2,1.769,41.51,38.3830,25.9,1.759,40.74,4.00,-63,9.75,
2026-09-18T16:05:21,2,1.760,40.80,38.3800,25.9,1.758,40.61,4.00,-63,9.50,
2026-09-18T16:05:22,2,1.738,39.06,38.3770,25.9,1.759,40.74,4.00,-63,9.75,
2026-09-18T16:05:23,2,1.756,40.48,38.3710,25.9,1.759,40.74,4.00,-63,9.75,
2026-09-18T16:05:24,2,1.741,39.32,38.3700,25.9,1.760,40.80,3.99,-63,9.75,
2026-09-18T16:05:26,2,1.740,39.19,38.3850,25.9,1.758,40.67,4.01,-63,11.00,
2026-09-18T16:05:27,2,1.761,40.86,38.3880,25.9,1.750,40.03,4.00,-63,9.75,
2026-09-18T16:05:28,2,1.741,39.32,38.3960,25.9,1.759,40.74,4.00,-63,9.75,
2026-09-18T16:05:29,2,1.765,41.19,38.3810,25.9,1.758,40.61,3.99,-62,9.50,
2026-09-18T16:05:30,2,1.762,40.99,38.3730,25.9,1.758,40.67,4.00,-62,10.00,
2026-09-18T16:05:31,2,1.741,39.32,38.3720,25.9,1.758,40.67,4.00,-62,9.75,
2026-09-18T16:05:32,2,1.765,41.19,38.3810,25.9,1.759,40.74,4.00,-62,9.50,
2026-09-18T16:05:33,2,1.762,40.99,38.3710,25.9,1.758,40.67,4.00,-62,9.75,
2026-09-18T16:05:34,2,1.740,39.19,38.3820,25.9,1.760,40.80,4.00,-61,9.50,
2026-09-18T16:05:35,2,1.762,40.99,38.3860,25.9,1.759,40.74,4.00,-60,9.50,
2026-09-18T16:05:37,2,1.741,39.32,38.3800,25.9,1.759,40.74,4.00,-60,9.50,
2026-09-18T16:05:38,2,1.741,39.32,38.3820,25.9,1.760,40.80,4.00,-60,9.50,
2026-09-18T16:05:39,2,1.765,41.19,38.3860,25.9,1.758,40.61,4.00,-60,9.50,
2026-09-18T16:05:40,2,1.740,39.19,38.3940,25.9,1.760,40.80,4.00,-60,9.75,
2026-09-18T16:05:41,2,1.767,41.38,38.3930,25.9,1.758,40.67,4.00,-60,9.75,
2026-09-18T16:05:42,2,1.760,40.80,38.4020,25.9,1.757,40.54,4.00,-60,9.25,
2026-09-18T16:05:43,2,1.741,39.25,38.4100,25.9,1.760,40.80,4.00,-60,9.25,
2026-09-18T16:05:51,2,1.761,40.86,38.3930,25.9,1.760,40.80,4.00,-50,4.50,
2026-09-18T16:05:52,2,1.738,39.06,38.3890,25.9,1.760,40.80,4.00,-61,9.75,
2026-09-18T16:05:53,2,1.767,41.38,38.3940,25.9,1.758,40.61,4.00,-61,9.75,
2026-09-18T16:05:54,2,1.741,39.32,38.3860,25.9,1.760,40.80,4.00,-60,9.75,
2026-09-18T16:05:55,2,1.731,38.48,38.3820,25.9,1.757,40.54,4.00,-61,9.75,
2026-09-18T16:05:56,2,1.762,40.99,38.3920,25.9,1.759,40.74,4.00,-60,9.75,
2026-09-18T16:05:57,2,1.740,39.19,38.3870,25.9,1.759,40.74,4.00,-60,10.25,
2026-09-18T16:05:58,2,1.739,39.12,38.3840,25.9,1.768,41.44,4.02,-60,10.25,
2026-09-18T16:05:59,2,1.762,40.93,38.3800,25.9,1.762,40.93,4.00,-60,9.75,
2026-09-18T16:06:01,2,1.738,39.06,38.3650,25.9,1.758,40.61,4.00,-60,9.75,
2026-09-18T16:06:02,2,1.768,41.44,38.3620,25.9,1.762,40.93,4.00,-60,9.50,
2026-09-18T16:06:03,2,1.762,40.99,38.3590,25.9,1.761,40.86,3.97,-59,10.25,
2026-09-18T16:06:04,2,1.744,39.51,38.3590,25.9,1.761,40.86,4.00,-60,9.50,
2026-09-18T16:06:05,2,1.762,40.99,38.3570,25.9,1.759,40.74,3.99,-60,9.50,
2026-09-18T16:06:06,2,1.741,39.25,38.3610,25.9,1.762,40.93,4.00,-61,9.75,
2026-09-18T16:06:07,2,1.736,38.87,38.3670,25.9,1.756,40.48,4.02,-60,10.00,
2026-09-18T16:06:08,2,1.760,40.80,38.3610,25.9,1.766,41.25,4.00,-60,9.75,
2026-09-18T16:06:09,2,1.742,39.38,38.3580,25.9,1.759,40.74,4.00,-60,10.00,
2026-09-18T16:06:10,2,1.766,41.32,38.3480,25.9,1.762,40.93,3.99,-60,9.25,
2026-09-18T16:06:11,2,1.760,40.80,38.3380,25.9,1.766,41.25,3.98,-60,10.00,
2026-09-18T16:06:13,2,1.738,39.06,38.3370,25.9,1.758,40.61,4.00,-60,9.50,
2026-09-18T16:06:14,2,1.764,41.12,38.3420,25.9,1.759,40.74,4.00,-60,9.75,
2026-09-18T16:06:15,2,1.734,38.74,38.3480,25.9,1.759,40.74,4.00,-60,9.75,
2026-09-18T16:06:16,2,1.737,38.93,38.3390,25.9,1.756,40.48,4.02,-60,9.75,
2026-09-18T16:06:17,2,1.760,40.80,38.3420,25.9,1.761,40.86,4.00,-60,9.50,
2026-09-18T16:06:18,2,1.740,39.19,38.3480,25.9,1.759,40.74,4.00,-60,10.00,
2026-09-18T16:06:19,2,1.770,41.64,38.3500,25.9,1.759,40.74,3.99,-61,9.50,
2026-09-18T16:06:20,2,1.765,41.19,38.3660,25.9,1.762,40.99,4.00,-62,9.75,
2026-09-18T16:06:21,2,1.741,39.25,38.3670,25.9,1.748,39.83,4.00,-62,9.50,
2026-09-18T16:06:22,2,1.766,41.32,38.3720,25.9,1.758,40.67,4.00,-61,10.25,
2026-09-18T16:06:23,2,1.744,39.51,38.3640,25.9,1.759,40.74,4.00,-60,9.25,
2026-09-18T16:06:25,2,1.741,39.32,38.3790,25.9,1.759,40.74,4.00,-60,9.50,
2026-09-18T16:06:26,2,1.764,41.12,38.3890,25.9,1.754,40.28,4.00,-61,9.75,
2026-09-18T16:06:34,2,1.764,41.12,38.4070,25.9,1.760,40.80,4.00,-61,10.00,
2026-09-18T16:06:36,2,1.740,39.19,38.4040,25.9,1.761,40.86,4.00,-58,9.75,
2026-09-18T16:06:37,2,1.736,38.87,38.4040,25.9,1.757,40.54,4.02,-61,10.25,
2026-09-18T16:06:38,2,1.762,40.99,38.4020,25.9,1.759,40.74,4.00,-62,9.75,
2026-09-18T16:06:39,2,1.741,39.32,38.4070,25.9,1.759,40.74,4.00,-62,9.75,
2026-09-18T16:06:40,2,1.769,41.51,38.4010,25.9,1.760,40.80,4.00,-62,9.50,
2026-09-18T16:06:41,2,1.765,41.19,38.4110,25.9,1.764,41.12,3.98,-62,10.00,
2026-09-18T16:06:42,2,1.739,39.12,38.4030,25.9,1.760,40.80,4.00,-62,10.00,
2026-09-18T16:06:43,2,1.765,41.19,38.4110,25.9,1.760,40.80,4.00,-61,9.50,
2026-09-18T16:06:44,2,1.739,39.12,38.4120,25.9,1.759,40.74,4.00,-61,9.50,
2026-09-18T16:06:45,2,1.739,39.12,38.3980,25.9,1.756,40.48,4.02,-61,10.25,
2026-09-18T16:06:46,2,1.763,41.06,38.3810,25.9,1.758,40.67,4.00,-61,9.50,
2026-09-18T16:06:48,2,1.741,39.32,38.3810,25.9,1.761,40.86,4.00,-61,9.75,
2026-09-18T16:06:49,2,1.771,41.70,38.3760,25.9,1.758,40.67,3.99,-60,9.75,
2026-09-18T16:06:50,2,1.766,41.25,38.3870,25.9,1.762,40.99,3.98,-60,10.00,
2026-09-18T16:06:51,2,1.741,39.32,38.3760,25.9,1.756,40.48,4.00,-62,9.75,
2026-09-18T16:06:52,2,1.765,41.19,38.3770,25.9,1.758,40.61,4.00,-62,9.25,
2026-09-18T16:06:53,2,1.738,39.06,38.3800,25.9,1.755,40.41,4.00,-62,9.75,
2026-09-18T16:06:54,2,1.738,39.06,38.3770,25.9,1.757,40.54,4.02,-62,10.25,
2026-09-18T16:06:55,2,1.758,40.61,38.3780,25.9,1.762,40.93,4.00,-62,9.75,
2026-09-18T16:06:56,2,1.741,39.25,38.3710,25.9,1.761,40.86,4.00,-63,9.75,
2026-09-18T16:06:57,2,1.735,38.80,38.3690,25.9,1.755,40.41,4.02,-61,10.00,
2026-09-18T16:06:58,2,1.766,41.25,38.3700,25.9,1.765,41.19,3.97,-64,10.00,
2026-09-18T16:07:00,2,1.741,39.32,38.3710,25.9,1.759,40.74,4.00,-65,9.50,
2026-09-18T16:07:01,2,1.766,41.25,38.3630,25.9,1.759,40.74,4.00,-64,9.50,18
2026-09-18T16:07:02,2,1.762,40.99,38.3690,25.9,1.769,41.51,3.98,-61,10.25,
2026-09-18T16:07:03,2,1.736,38.87,38.3700,25.9,1.755,40.41,4.02,-67,9.75,
2026-09-18T16:07:04,2,1.765,41.19,38.3730,25.9,1.762,40.93,4.00,-64,9.25,
2026-09-18T16:07:05,2,1.741,39.25,38.3850,25.9,1.760,40.80,4.01,-63,9.75,
2026-09-18T16:07:06,2,1.739,39.12,38.3790,25.9,1.757,40.54,4.02,-66,10.00,
2026-09-18T16:07:07,2,1.766,41.32,38.3700,25.9,1.763,41.06,3.98,-63,10.00,
2026-09-18T16:07:08,2,1.740,39.19,38.3710,25.9,1.755,40.41,4.00,-66,9.75,
2026-09-18T16:07:17,2,1.706,36.48,38.5440,25.9,1.730,38.41,4.00,-63,9.75,
2026-09-18T16:07:18,2,1.718,37.45,38.4400,25.9,1.713,37.06,4.00,-61,9.50,
2026-09-18T16:07:19,2,1.704,36.29,37.9000,25.9,1.696,35.64,3.96,-59,10.00,
2026-09-18T16:07:20,2,1.646,31.71,36.9850,25.9,1.667,33.32,4.00,-62,9.50,
2026-09-18T16:07:21,2,1.652,32.16,35.7150,25.9,1.645,31.58,4.00,-62,9.50,
2026-09-18T16:07:23,2,1.620,29.58,32.4850,25.9,1.620,29.58,3.98,-59,10.00,
2026-09-18T16:07:24,2,1.568,25.46,30.6660,25.9,1.562,24.94,4.02,-60,10.25,
2026-09-18T16:07:25,2,1.570,25.59,28.7620,25.9,1.539,23.14,4.00,-60,9.50,
2026-09-18T16:07:26,2,1.524,21.91,26.8510,25.9,1.516,21.27,4.00,-60,9.50,
2026-09-18T16:07:27,2,1.494,19.53,24.8940,25.9,1.487,18.95,4.02,-60,10.00,
2026-09-18T16:07:28,2,1.501,20.04,22.9210,25.9,1.467,17.40,3.98,-60,9.75,
2026-09-18T16:07:29,2,1.431,14.50,20.9460,25.9,1.445,15.59,4.00,-61,9.50,
2026-09-18T16:07:30,2,1.434,14.75,18.9920,25.9,1.420,13.59,4.00,-61,9.75,
2026-09-18T16:07:31,2,1.413,13.01,17.0950,25.9,1.402,12.18,3.98,-60,10.00,
2026-09-18T16:07:32,2,1.366,9.27,15.2510,25.9,1.376,10.05,4.02,-60,10.00,
2026-09-18T16:07:33,2,1.372,9.79,13.4880,25.9,1.359,8.76,3.99,-61,9.50,
2026-09-18T16:07:35,2,1.332,6.57,10.2000,25.9,1.346,7.66,4.00,-60,9.75,
2026-09-18T16:07:36,2,1.318,5.47,8.6650,25.9,1.318,5.41,4.02,-60,10.00,
2026-09-18T16:07:37,2,1.338,7.02,7.2350,25.9,1.313,5.02,4.00,-60,10.00,
2026-09-18T16:07:38,2,1.306,4.50,5.9800,25.9,1.306,4.50,4.00,-59,9.50,
2026-09-18T16:07:39,2,1.296,3.67,4.9720,25.9,1.299,3.92,4.02,-60,9.50,
2026-09-18T16:07:40,2,1.320,5.60,4.1620,25.9,1.301,4.12,3.97,-59,9.75,
2026-09-18T16:07:41,2,1.290,3.21,3.5870,25.9,1.297,3.79,4.00,-60,9.75,
2026-09-18T16:07:42,2,1.278,2.25,3.1310,25.9,1.286,2.89,4.02,-61,9.50,
2026-09-18T16:07:43,2,1.307,4.57,2.7360,25.9,1.290,3.21,3.97,-61,10.00,
2026-09-18T16:07:44,2,1.278,2.25,2.3960,25.9,1.282,2.57,4.00,-60,10.25,
2026-09-18T16:07:45,2,1.281,2.44,2.0960,25.9,1.280,2.38,4.02,-60,10.00,
2026-09-18T16:07:46,2,1.300,3.99,1.5930,25.9,1.282,2.57,3.98,-61,9.75,
2026-09-18T16:07:48,2,1.273,1.86,1.3870,25.9,1.279,2.31,4.00,-60,9.25,
2026-09-18T16:07:49,2,1.300,3.99,1.2090,25.9,1.276,2.12,3.99,-60,9.50,
2026-09-18T16:07:50,2,1.295,3.60,1.0500,25.9,1.281,2.44,3.98,-61,10.00,
2026-09-18T16:07:51,2,1.267,1.35,0.9560,25.9,1.272,1.80,4.02,-61,9.75,
2026-09-18T16:07:58,2,1.290,3.21,0.4130,25.9,1.270,1.60,4.00,-60,9.50,
2026-09-18T16:08:00,2,1.263,1.02,0.3210,25.9,1.268,1.47,4.00,-60,9.50,
2026-09-18T16:08:01,2,1.260,0.76,0.2830,25.9,1.266,1.28,4.02,-60,9.75,
2026-09-18T16:08:02,2,1.289,3.15,0.2490,25.9,1.272,1.73,3.97,-59,9.50,
2026-09-18T16:08:03,2,1.262,0.96,0.2190,25.9,1.267,1.35,4.00,-60,9.75,
2026-09-18T16:08:04,2,1.261,0.89,0.1920,25.9,1.268,1.41,4.02,-59,9.75,
2026-09-18T16:08:05,2,1.288,3.02,0.1690,25.9,1.272,1.73,3.97,-59,9.50,
2026-09-18T16:08:06,2,1.259,0.70,0.1480,25.9,1.268,1.41,4.00,-60,9.75,
2026-09-18T16:08:07,2,1.260,0.83,0.1290,25.9,1.265,1.22,4.02,-60,10.00,
2026-09-18T16:08:08,2,1.289,3.15,0.1130,25.9,1.269,1.54,3.97,-61,9.75,
2026-09-18T16:08:09,2,1.260,0.83,0.1000,25.9,1.265,1.22,4.00,-60,9.75,
2026-09-18T16:08:10,2,1.259,0.70,0.0880,25.9,1.267,1.35,4.02,-60,9.50,
2026-09-18T16:08:11,2,1.285,2.83,0.0690,25.9,1.269,1.54,3.98,-61,9.50,
2026-09-18T16:08:13,2,1.259,0.70,0.0600,25.9,1.264,1.15,4.02,-61,9.50,
2026-09-18T16:08:14,2,1.292,3.34,0.0530,25.9,1.266,1.28,3.99,-61,9.75,
2026-09-18T16:08:15,2,1.283,2.63,0.0460,25.9,1.268,1.41,3.98,-61,9.50,
2026-09-18T16:08:16,2,1.257,0.57,0.0400,25.9,1.265,1.22,4.02,-61,10.00,
2026-09-18T16:08:17,2,1.285,2.83,0.0340,25.9,1.268,1.41,4.00,-61,9.75,
2026-09-18T16:08:18,2,1.287,2.96,0.0290,25.9,1.269,1.54,3.98,-61,9.75,
2026-09-18T16:08:19,2,1.259,0.70,0.0250,25.9,1.264,1.09,4.02,-61,9.50,
2026-09-18T16:08:20,2,1.287,2.96,0.0220,25.9,1.270,1.60,4.00,-61,9.50,
2026-09-18T16:08:21,2,1.285,2.76,0.0180,25.9,1.268,1.41,3.98,-61,9.75,
2026-09-18T16:08:22,2,1.258,0.64,0.0160,25.9,1.264,1.09,4.02,-60,9.50,
2026-09-18T16:08:23,2,1.287,2.96,0.0130,25.9,1.268,1.47,3.97,-61,9.25,
2026-09-18T16:08:25,2,1.259,0.70,0.0090,25.9,1.267,1.35,4.00,-60,9.50,
2026-09-18T16:08:26,2,1.256,0.51,0.0070,25.9,1.261,0.89,4.02,-60,9.50,
2026-09-18T16:08:27,2,1.286,2.89,0.0060,25.9,1.268,1.41,3.98,-61,9.75,
2026-09-18T16:08:28,2,1.259,0.70,0.0050,25.9,1.266,1.28,4.00,-60,9.75,
2026-09-18T16:08:29,2,1.256,0.51,0.0030,25.9,1.263,1.02,4.02,-61,9.75,
2026-09-18T16:08:30,2,1.284,2.70,0.0030,25.9,1.268,1.47,3.98,-61,9.25,
2026-09-18T16:08:31,2,1.260,0.76,0.0020,25.9,1.262,0.96,4.02,-61,9.75,
2026-09-18T16:08:32,2,1.260,0.83,0.0010,25.9,1.264,1.15,4.02,-61,9.50,
2026-09-18T16:08:40,2,1.284,2.70,0.0000,25.9,1.268,1.41,3.00,-49,5.75,
2026-09-18T16:08:41,2,1.260,0.76,0.0000,25.9,1.265,1.22,4.02,-61,9.75,
2026-09-18T16:08:42,2,1.291,3.28,0.0000,25.9,1.272,1.73,3.98,-61,9.75,
2026-09-18T16:08:43,2,1.281,2.51,0.0000,25.9,1.269,1.54,3.98,-61,9.75,
2026-09-18T16:08:45,2,1.288,3.02,0.0000,25.9,1.269,1.54,3.97,-61,9.50,
2026-09-18T16:08:46,2,1.285,2.83,0.0000,25.9,1.268,1.41,3.98,-61,9.75,
2026-09-18T16:08:47,2,1.259,0.70,0.0000,25.9,1.265,1.22,4.02,-61,9.75,
2026-09-18T16:08:48,2,1.287,2.96,0.0000,25.9,1.268,1.47,3.97,-61,9.25,
2026-09-18T16:08:50,2,1.261,0.89,0.0000,25.9,1.267,1.35,4.00,-60,9.50,
2026-09-18T16:08:51,2,1.256,0.51,0.0000,25.9,1.264,1.09,4.02,-61,9.50,
2026-09-18T16:08:52,2,1.286,2.89,0.0000,25.9,1.268,1.47,3.98,-61,9.50,
2026-09-18T16:08:53,2,1.259,0.70,0.0000,25.9,1.262,0.96,4.02,-61,9.75,
2026-09-18T16:08:54,2,1.260,0.76,0.0000,25.9,1.262,0.96,4.02,-61,9.50,
2026-09-18T16:08:55,2,1.284,2.70,0.0000,25.9,1.267,1.35,3.98,-61,10.00,
2026-09-18T16:08:56,2,1.256,0.51,0.0000,25.9,1.260,0.83,4.01,-60,9.75,
2026-09-18T16:08:57,2,1.256,0.51,0.0000,25.9,1.262,0.96,4.02,-61,9.50,
2026-09-18T16:08:58,2,1.285,2.76,0.0000,25.9,1.268,1.47,3.98,-61,9.50,
2026-09-18T16:08:59,2,1.257,0.57,0.0000,25.9,1.263,1.02,4.02,-61,9.50,
2026-09-18T16:09:00,2,1.282,2.57,0.0000,25.9,1.266,1.28,4.02,-61,10.00,
2026-09-18T16:09:01,2,1.283,2.63,0.0000,25.9,1.268,1.41,3.98,-61,9.75,
2026-09-18T16:09:03,2,1.257,0.57,0.0000,25.9,1.261,0.89,4.02,-61,9.75,
2026-09-18T16:09:04,2,1.291,3.28,0.0000,25.9,1.269,1.54,3.97,-60,9.75,
2026-09-18T16:09:05,2,1.285,2.83,0.0000,25.9,1.270,1.60,3.97,-61,9.25,
2026-09-18T16:09:06,2,1.258,0.64,0.0000,25.9,1.264,1.15,4.02,-60,9.75,
2026-09-18T16:09:07,2,1.285,2.76,0.0000,24.9,1.268,1.41,3.96,-62,9.75,
2026-09-18T16:09:08,2,1.285,2.76,0.0000,24.9,1.269,1.54,3.98,-61,9.75,
2026-09-18T16:09:09,2,1.258,0.64,0.0000,24.9,1.263,1.02,4.02,-61,9.75,
2026-09-18T16:09:10,2,1.287,2.96,0.0000,24.9,1.269,1.54,3.97,-61,9.75,
2026-09-18T16:09:11,2,1.283,2.63,0.0000,24.9,1.268,1.41,3.98,-61,9.50,
2026-09-18T16:09:12,2,1.257,0.57,0.0000,24.9,1.261,0.89,4.02,-61,9.75,
2026-09-18T16:09:13,2,1.286,2.89,0.0000,24.9,1.268,1.47,3.97,-61,9.75,
2026-09-18T16:09:15,2,1.261,0.89,0.0000,24.9,1.264,1.09,4.00,-61,10.00,
2026-09-18T16:09:22,2,1.260,0.76,0.0000,24.9,1.263,1.02,4.02,-61,9.50,
2026-09-18T16:09:23,2,1.285,2.76,0.0000,24.9,1.267,1.35,3.98,-61,9.50,
2026-09-18T16:09:24,2,1.255,0.38,0.0000,24.9,1.263,1.02,4.02,-60,9.50,
2026-09-18T16:09:25,2,1.292,3.34,0.0000,24.9,1.265,1.22,3.99,-61,10.00,
2026-09-18T16:09:26,2,1.285,2.83,0.0000,24.9,1.267,1.35,3.98,-60,10.00,
2026-09-18T16:09:28,2,1.256,0.51,0.0000,24.9,1.262,0.96,4.02,-60,9.25,
2026-09-18T16:09:29,2,1.301,4.12,0.0000,24.9,1.270,1.60,3.96,-60,9.50,
2026-09-18T16:09:30,2,1.285,2.76,0.0000,24.9,1.268,1.41,3.98,-61,9.75,
2026-09-18T16:09:31,2,1.256,0.51,0.0000,24.9,1.263,1.02,4.02,-60,9.50,
2026-09-18T16:09:32,2,1.287,2.96,0.0000,24.9,1.268,1.47,3.97,-61,9.50,
2026-09-18T16:09:33,2,1.285,2.76,0.0000,24.9,1.268,1.47,3.98,-61,9.75,
2026-09-18T16:09:34,2,1.257,0.57,0.0000,24.9,1.260,0.83,4.02,-61,10.25,
2026-09-18T16:09:35,2,1.287,2.96,0.0000,24.9,1.267,1.35,3.97,-61,9.50,
2026-09-18T16:09:36,2,1.284,2.70,0.0000,24.9,1.268,1.41,3.99,-61,10.00,
2026-09-18T16:09:37,2,1.256,0.51,0.0000,24.9,1.264,1.09,4.02,-60,10.00,
2026-09-18T16:09:38,2,1.285,2.83,0.0000,24.9,1.269,1.54,3.97,-60,9.50,
2026-09-18T16:09:40,2,1.259,0.70,0.0000,24.9,1.262,0.96,4.02,-60,9.50,
2026-09-18T16:09:41,2,1.258,0.64,0.0000,24.9,1.264,1.09,4.02,-61,10.00,
2026-09-18T16:09:42,2,1.287,2.96,0.0000,24.9,1.266,1.28,3.98,-63,10.00,
2026-09-18T16:09:43,2,1.259,0.70,0.0000,24.9,1.262,0.96,4.00,-60,9.25,
2026-09-18T16:09:44,2,1.260,0.76,0.0000,24.9,1.262,0.96,4.02,-59,9.75,
2026-09-18T16:09:45,2,1.287,2.96,0.0000,24.9,1.268,1.41,3.98,-61,9.75,
2026-09-18T16:09:46,2,1.259,0.70,0.0000,24.9,1.263,1.02,4.02,-62,10.00,
2026-09-18T16:09:47,2,1.260,0.76,0.0000,24.9,1.263,1.02,4.02,-65,9.50,
2026-09-18T16:09:48,2,1.289,3.15,0.0000,24.9,1.268,1.41,3.98,-65,9.50,
2026-09-18T16:09:49,2,1.259,0.70,0.0000,24.9,1.258,0.64,4.02,-65,12.25,
2026-09-18T16:09:50,2,1.261,0.89,0.0000,24.9,1.267,1.35,3.99,-64,9.25,
2026-09-18T16:09:52,2,1.286,2.89,0.0000,24.9,1.268,1.41,3.98,-64,9.50,
2026-09-18T16:09:53,2,1.259,0.70,0.0000,24.9,1.262,0.96,4.02,-64,9.25,
2026-09-18T16:09:54,2,1.297,3.79,0.0000,24.9,1.263,1.02,3.96,-64,9.50,
2026-09-18T16:09:55,2,1.285,2.76,0.0000,24.9,1.271,1.67,3.98,-64,9.25,
2026-09-18T16:09:56,2,1.259,0.70,0.0000,24.9,1.262,0.96,4.02,-64,9.25,
2026-09-18T16:10:03,2,1.287,2.96,0.0000,24.9,1.271,1.67,3.00,-58,7.00,
2026-09-18T16:10:05,2,1.256,0.51,0.0000,24.9,1.261,0.89,4.02,-65,9.75,
2026-09-18T16:10:06,2,1.258,0.64,0.0000,24.9,1.267,1.35,4.02,-64,9.50,
2026-09-18T16:10:07,2,1.288,3.02,0.0000,24.9,1.271,1.67,3.97,-65,9.50,
2026-09-18T16:10:08,2,1.257,0.57,0.0000,24.9,1.262,0.96,4.02,-63,9.50,
2026-09-18T16:10:09,2,1.258,0.64,0.0000,24.9,1.264,1.09,4.02,-64,9.25,
2026-09-18T16:10:10,2,1.285,2.76,0.0000,24.9,1.268,1.41,3.97,-64,9.25,
2026-09-18T16:10:11,2,1.256,0.44,0.0000,24.9,1.262,0.96,4.02,-64,9.50,
2026-09-18T16:10:12,2,1.261,0.89,0.0000,24.9,1.268,1.41,4.00,-65,9.75,
2026-09-18T16:10:13,2,1.286,2.89,0.0000,24.9,1.270,1.60,3.97,-65,9.75,
2026-09-18T16:10:14,2,1.256,0.51,0.0000,24.9,1.262,0.96,4.02,-64,11.75,
2026-09-18T16:10:15,2,1.285,2.83,0.0000,24.9,1.269,1.54,3.99,-64,9.25,
2026-09-18T16:10:17,2,1.287,2.96,0.0000,24.9,1.269,1.54,3.98,-64,9.50,
2026-09-18T16:10:18,2,1.260,0.76,0.0000,24.9,1.264,1.09,4.02,-64,9.75,
2026-09-18T16:10:19,2,1.294,3.54,0.0000,24.9,1.270,1.60,3.97,-64,9.50,
2026-09-18T16:10:20,2,1.285,2.83,0.0000,24.9,1.269,1.54,3.98,-65,9.75,
2026-09-18T16:10:21,2,1.258,0.64,0.0000,24.9,1.263,1.02,4.02,-65,10.00,
2026-09-18T16:10:22,2,1.290,3.21,0.0000,24.9,1.269,1.54,3.97,-65,9.50,
2026-09-18T16:10:23,2,1.286,2.89,0.0000,24.9,1.264,1.09,4.00,-64,9.50,
2026-09-18T16:10:24,2,1.259,0.70,0.0000,24.9,1.263,1.02,4.01,-63,9.75,
2026-09-18T16:10:25,2,1.290,3.21,0.0000,24.9,1.268,1.41,3.98,-65,9.50,
2026-09-18T16:10:26,2,1.283,2.63,0.0000,24.9,1.265,1.22,4.00,-65,9.50,
2026-09-18T16:10:27,2,1.259,0.70,0.0000,24.9,1.263,1.02,4.02,-65,9.50,
2026-09-18T16:10:28,2,1.287,2.96,0.0000,24.9,1.264,1.15,3.97,-64,9.75,
2026-09-18T16:10:30,2,1.258,0.64,0.0000,24.9,1.261,0.89,4.01,-63,9.75,
2026-09-18T16:10:31,2,1.260,0.76,0.0000,24.9,1.263,1.02,4.02,-63,9.50,
2026-09-18T16:10:32,2,1.285,2.83,0.0000,24.9,1.268,1.41,3.98,-64,9.75,
2026-09-18T16:10:33,2,1.257,0.57,0.0000,24.9,1.262,0.96,4.02,-64,9.25,
2026-09-18T16:10:34,2,1.260,0.76,0.0000,24.9,1.268,1.41,4.00,-63,9.75,
2026-09-18T16:10:35,2,1.283,2.63,0.0000,24.9,1.269,1.54,3.98,-66,9.50,
2026-09-18T16:10:36,2,1.260,0.76,0.0000,24.9,1.262,0.96,4.02,-65,9.75,
2026-09-18T16:10:37,2,1.261,0.89,0.0000,24.9,1.269,1.54,3.99,-64,9.50,
2026-09-18T16:10:38,2,1.285,2.76,0.0000,24.9,1.271,1.67,3.97,-64,9.50,
2026-09-18T16:10:46,2,1.258,0.64,0.0000,24.9,1.263,1.02,4.02,-64,9.50,
2026-09-18T16:10:47,2,1.287,2.96,0.0000,24.9,1.268,1.47,3.97,-64,9.50,
2026-09-18T16:10:48,2,1.283,2.63,0.0000,24.9,1.268,1.41,4.00,-64,9.25,
2026-09-18T16:10:49,2,1.259,0.70,0.0000,24.9,1.261,0.89,4.02,-64,9.50,
2026-09-18T16:10:50,2,1.285,2.83,0.0000,24.9,1.270,1.60,3.97,-64,9.50,
2026-09-18T16:10:51,2,1.258,0.64,0.0000,24.9,1.261,0.89,4.02,-63,9.75,
2026-09-18T16:10:52,2,1.258,0.64,0.0000,24.9,1.261,0.89,4.02,-62,12.75,
2026-09-18T16:10:53,2,1.285,2.83,0.0000,24.9,1.267,1.35,3.97,-61,9.50,
2026-09-18T16:10:55,2,1.257,0.57,0.0000,24.9,1.261,0.89,4.02,-62,10.00,
2026-09-18T16:10:56,2,1.260,0.83,0.0010,24.9,1.268,1.41,3.99,-63,9.50,
2026-09-18T16:10:57,2,1.289,3.09,0.0050,24.9,1.268,1.47,3.98,-64,9.75,
2026-09-18T16:10:58,2,1.260,0.76,0.0100,24.9,1.262,0.96,4.02,-63,9.25,
2026-09-18T16:10:59,2,1.262,0.96,0.0280,24.9,1.268,1.47,3.99,-65,9.75,
2026-09-18T16:11:00,2,1.285,2.83,0.0530,24.9,1.273,1.86,3.98,-62,10.00,
2026-09-18T16:11:01,2,1.256,0.44,0.0820,24.9,1.266,1.28,4.01,-63,10.25,
2026-09-18T16:11:02,2,1.300,3.99,0.1160,24.9,1.274,1.93,3.97,-65,9.50,
2026-09-18T16:11:03,2,1.288,3.02,0.1530,24.9,1.273,1.86,3.97,-65,9.25,
2026-09-18T16:11:04,2,1.261,0.89,0.1940,24.9,1.268,1.41,4.02,-62,9.75,
2026-09-18T16:11:05,2,1.296,3.67,0.2360,24.9,1.274,1.93,3.97,-63,9.25,
2026-09-18T16:11:07,2,1.288,3.02,0.3250,24.9,1.272,1.73,4.00,-62,10.00,
2026-09-18T16:11:08,2,1.263,1.02,0.3740,24.9,1.268,1.47,4.02,-61,9.50,
2026-09-18T16:11:09,2,1.296,3.67,0.4240,24.9,1.268,1.47,3.97,-66,9.75,
2026-09-18T16:11:10,2,1.289,3.09,0.4780,24.9,1.274,1.93,4.00,-63,9.50,
2026-09-18T16:11:11,2,1.265,1.22,0.5340,24.9,1.272,1.80,4.02,-63,9.50,
2026-09-18T16:11:12,2,1.297,3.79,0.5920,24.9,1.280,2.38,3.97,-63,10.25,
2026-09-18T16:11:13,2,1.267,1.35,0.6500,24.9,1.272,1.80,4.02,-61,9.75,
2026-09-18T16:11:14,2,1.269,1.54,0.7130,24.9,1.275,1.99,4.02,-63,9.50,
2026-09-18T16:11:16,2,1.270,1.60,0.7880,24.9,1.272,1.80,4.02,-63,10.00,
2026-09-18T16:11:17,2,1.272,1.80,0.8330,24.9,1.281,2.44,3.99,-64,9.50,
2026-09-18T16:11:19,2,1.298,3.86,0.8870,24.9,1.283,2.63,3.98,-64,9.25,
2026-09-18T16:11:20,2,1.278,2.25,0.9210,24.9,1.280,2.38,4.02,-64,9.25,
2026-09-18T16:11:21,2,1.273,1.86,0.9340,24.9,1.276,2.12,3.99,-63,10.50,
2026-09-18T16:11:28,2,1.297,3.73,1.0590,24.9,1.284,2.70,4.00,-61,9.75,
2026-09-18T16:11:29,2,1.275,1.99,1.0840,24.9,1.282,2.57,4.02,-60,9.50,
2026-09-18T16:11:30,2,1.302,4.18,1.1090,24.9,1.289,3.09,3.97,-61,9.50,
2026-09-18T16:11:32,2,1.297,3.73,1.1660,24.9,1.289,3.09,4.00,-60,9.75,
2026-09-18T16:11:33,2,1.274,1.93,1.1990,24.9,1.286,2.89,4.01,-60,9.50,
2026-09-18T16:11:34,2,1.306,4.50,1.2510,24.9,1.295,3.60,3.97,-61,9.75,
2026-09-18T16:11:35,2,1.300,3.99,1.2960,24.9,1.300,3.99,3.99,-60,9.75,
2026-09-18T16:11:36,2,1.281,2.44,1.3440,24.9,1.294,3.54,3.99,-61,11.75,
2026-09-18T16:11:37,2,1.305,4.44,1.3930,24.9,1.294,3.54,3.98,-61,9.75,
2026-09-18T16:11:38,2,1.276,2.12,1.4460,24.9,1.290,3.21,4.02,-61,9.75,
2026-09-18T16:11:39,2,1.281,2.44,1.5020,24.9,1.297,3.73,3.99,-63,10.00,
2026-09-18T16:11:40,2,1.312,4.96,1.5610,24.9,1.299,3.92,3.98,-62,9.75,
2026-09-18T16:11:41,2,1.281,2.51,1.6210,24.9,1.294,3.54,4.02,-61,9.50,
2026-09-18T16:11:42,2,1.288,3.02,1.6810,24.9,1.297,3.73,3.99,-61,9.75,
2026-09-18T16:11:44,2,1.310,4.83,1.7440,24.9,1.300,3.99,3.98,-62,10.25,
2026-09-18T16:11:45,2,1.284,2.70,1.8790,24.9,1.299,3.92,4.02,-63,9.50,
2026-09-18T16:11:46,2,1.285,2.83,1.9450,24.9,1.301,4.05,4.00,-61,9.75,
2026-09-18T16:11:47,2,1.309,4.70,2.0180,24.9,1.303,4.25,4.00,-61,9.50,
2026-09-18T16:11:48,2,1.285,2.83,2.0910,24.9,1.301,4.05,4.02,-60,10.00,
2026-09-18T16:11:49,2,1.321,5.66,2.1630,24.9,1.310,4.76,3.97,-61,9.75,
2026-09-18T16:11:50,2,1.314,5.15,2.2380,24.9,1.304,4.31,4.00,-61,9.50,
2026-09-18T16:11:51,2,1.293,3.47,2.3140,24.9,1.305,4.38,4.02,-61,9.50,
2026-09-18T16:11:52,2,1.325,5.99,2.3930,24.9,1.312,4.96,3.97,-61,9.75,
2026-09-18T16:11:53,2,1.315,5.21,2.4690,24.9,1.309,4.70,4.00,-60,9.50,
2026-09-18T16:11:54,2,1.296,3.67,2.5470,24.9,1.307,4.57,4.02,-62,9.75,
2026-09-18T16:11:55,2,1.325,5.99,2.6260,24.9,1.316,5.28,3.97,-62,9.75,
2026-09-18T16:11:57,2,1.321,5.66,2.7810,24.9,1.313,5.02,4.00,-61,9.75,
2026-09-18T16:11:58,2,1.302,4.18,2.8610,24.9,1.314,5.08,3.99,-63,10.00,
2026-09-18T16:11:59,2,1.327,6.18,2.9400,24.9,1.319,5.54,3.97,-62,7.25,
2026-09-18T16:12:00,2,1.305,4.38,3.0180,24.9,1.313,5.02,4.00,-62,9.75,
2026-09-18T16:12:01,2,1.304,4.31,3.0980,24.9,1.318,5.41,4.00,-62,10.00,
2026-09-18T16:12:02,2,1.328,6.24,3.1800,24.9,1.327,6.18,3.98,-62,9.50,
2026-09-18T16:12:03,2,1.304,4.31,3.2600,24.9,1.317,5.34,4.02,-62,9.75,
2026-09-18T16:12:11,2,1.310,4.83,3.9070,24.9,1.333,6.63,4.00,-65,9.25,
2026-09-18T16:12:12,2,1.335,6.82,3.9890,24.9,1.332,6.57,4.00,-62,9.25,
2026-09-18T16:12:13,2,1.311,4.89,4.0710,24.9,1.331,6.50,4.01,-61,9.75,
2026-09-18T16:12:14,2,1.347,7.79,4.1520,24.9,1.339,7.08,3.97,-61,9.75,
2026-09-18T16:12:15,2,1.339,7.08,4.2320,24.9,1.336,6.89,3.99,-61,9.75,
2026-09-18T16:12:16,2,1.318,5.41,4.3180,24.9,1.336,6.89,4.01,-62,10.00,
2026-09-18T16:12:17,2,1.351,8.11,4.4000,24.9,1.343,7.41,3.97,-62,9.50,
2026-09-18T16:12:18,2,1.344,7.53,4.4860,24.9,1.342,7.34,3.99,-61,10.00,
2026-09-18T16:12:19,2,1.324,5.92,4.7000,24.9,1.345,7.60,3.99,-60,9.75,
2026-09-18T16:12:21,2,1.353,8.24,4.8000,24.9,1.348,7.86,3.97,-61,9.50,
2026-09-18T16:12:22,2,1.347,7.73,5.0060,24.9,1.344,7.53,4.00,-61,10.25,
2026-09-18T16:12:23,2,1.326,6.12,5.1090,24.9,1.349,7.92,3.99,-62,9.75,
2026-09-18T16:12:24,2,1.355,8.44,5.2120,24.9,1.353,8.24,3.98,-62,9.75,
2026-09-18T16:12:25,2,1.326,6.12,5.3170,24.9,1.348,7.86,4.02,-62,10.00,
2026-09-18T16:12:26,2,1.331,6.50,5.4190,24.9,1.352,8.18,3.99,-62,10.00,
2026-09-18T16:12:27,2,1.355,8.44,5.5230,24.9,1.353,8.24,3.99,-63,10.00,
2026-09-18T16:12:28,2,1.332,6.57,5.6270,24.9,1.354,8.31,4.02,-62,9.50,
2026-09-18T16:12:29,2,1.336,6.89,5.7280,24.9,1.359,8.69,4.00,-62,9.50,
2026-09-18T16:12:30,2,1.361,8.89,5.8310,24.9,1.357,8.57,4.00,-63,10.00,
2026-09-18T16:12:31,2,1.339,7.08,5.9330,24.9,1.355,8.44,4.01,-62,9.75,
2026-09-18T16:12:32,2,1.342,7.34,6.0380,24.9,1.362,8.95,3.99,-62,9.75,
2026-09-18T16:12:34,2,1.364,9.15,6.2500,24.9,1.364,9.15,4.00,-62,10.00,
2026-09-18T16:12:35,2,1.340,7.21,6.3570,24.9,1.359,8.76,4.02,-61,10.00,
2026-09-18T16:12:36,2,1.374,9.92,6.4610,24.9,1.371,9.66,3.97,-62,9.75,
2026-09-18T16:12:37,2,1.366,9.27,6.5640,24.9,1.368,9.40,4.00,-63,10.00,
2026-09-18T16:12:38,2,1.348,7.86,6.6680,24.9,1.372,9.79,3.99,-63,9.75,
2026-09-18T16:12:39,2,1.377,10.18,6.7760,24.9,1.373,9.85,3.97,-62,9.75,
2026-09-18T16:12:40,2,1.370,9.60,6.8840,24.9,1.371,9.66,4.00,-62,8.75,
2026-09-18T16:12:41,2,1.352,8.18,6.9870,24.9,1.372,9.79,3.99,-63,9.50,
2026-09-18T16:12:42,2,1.382,10.56,7.0940,24.9,1.378,10.24,3.98,-63,9.75,
2026-09-18T16:12:43,2,1.376,10.05,7.2010,24.9,1.375,9.98,4.00,-62,10.50,
2026-09-18T16:12:51,2,1.364,9.15,8.0640,24.9,1.388,11.08,4.00,-62,9.75,
2026-09-18T16:12:52,2,1.385,10.82,8.1740,24.9,1.390,11.21,4.00,-62,10.00,
2026-09-18T16:12:53,2,1.368,9.40,8.2830,24.9,1.388,11.02,4.02,-62,9.75,
2026-09-18T16:12:54,2,1.372,9.73,8.3890,24.9,1.393,11.40,4.00,-62,10.00,
2026-09-18T16:12:55,2,1.400,11.98,8.4970,24.9,1.395,11.60,3.99,-63,9.50,
2026-09-18T16:12:56,2,1.372,9.73,8.6080,24.9,1.399,11.92,4.02,-63,9.75,
2026-09-18T16:12:57,2,1.412,12.95,8.7240,24.9,1.399,11.92,3.97,-63,10.25,
2026-09-18T16:12:59,2,1.399,11.92,8.9410,24.9,1.400,11.98,4.00,-63,10.00,
2026-09-18T16:13:00,2,1.378,10.24,9.0490,24.9,1.401,12.05,3.99,-63,9.75,
2026-09-18T16:13:02,2,1.402,12.18,9.2760,24.9,1.407,12.56,4.00,-63,10.50,
2026-09-18T16:13:03,2,1.384,10.76,9.3870,24.9,1.407,12.56,3.99,-63,10.00,
2026-09-18T16:13:04,2,1.412,12.95,9.4950,24.9,1.409,12.76,3.97,-62,10.25,
2026-09-18T16:13:05,2,1.405,12.37,9.6050,24.9,1.410,12.82,4.00,-62,10.00,
2026-09-18T16:13:06,2,1.388,11.02,9.7200,24.9,1.410,12.82,4.00,-62,9.50,
2026-09-18T16:13:07,2,1.415,13.21,9.8310,24.9,1.413,13.01,4.00,-62,10.00,
2026-09-18T16:13:08,2,1.389,11.14,9.9440,24.9,1.413,13.01,4.00,-62,10.00,
2026-09-18T16:13:09,2,1.391,11.27,10.0610,24.9,1.416,13.27,3.99,-62,9.50,
2026-09-18T16:13:11,2,1.417,13.34,10.1790,24.9,1.421,13.66,3.99,-62,9.50,
2026-09-18T16:13:12,2,1.391,11.27,10.4030,24.9,1.422,13.79,4.02,-62,10.00,
2026-09-18T16:13:13,2,1.395,11.60,10.5150,24.9,1.422,13.72,4.00,-66,9.25,
2026-09-18T16:13:14,2,1.418,13.47,10.6280,24.9,1.426,14.11,4.00,-64,10.00,
2026-09-18T16:13:15,2,1.399,11.92,10.7400,24.9,1.426,14.11,3.99,-64,9.75,
2026-09-18T16:13:16,2,1.431,14.50,10.8510,24.9,1.432,14.56,3.97,-66,10.50,
2026-09-18T16:13:17,2,1.420,13.59,10.9610,24.9,1.427,14.17,4.00,-66,10.00,
2026-09-18T16:13:18,2,1.405,12.37,11.0750,24.9,1.431,14.50,3.99,-66,9.25,
2026-09-18T16:13:19,2,1.430,14.43,11.1900,24.9,1.431,14.50,3.99,-67,9.50,
2026-09-18T16:13:20,2,1.405,12.37,11.3050,24.9,1.431,14.50,4.02,-67,9.75,
2026-09-18T16:13:21,2,1.407,12.56,11.4180,24.9,1.447,15.72,4.00,-65,9.50,
2026-09-18T16:13:30,2,1.422,13.79,12.4500,24.9,1.451,16.11,4.00,-70,9.25,
2026-09-18T16:13:31,2,1.448,15.85,12.5620,24.9,1.451,16.11,4.00,-69,9.75,
2026-09-18T16:13:32,2,1.428,14.24,12.6770,24.9,1.455,16.43,3.99,-69,10.00,
2026-09-18T16:13:33,2,1.427,14.17,12.7940,24.9,1.452,16.17,4.00,-73,9.75,
2026-09-18T16:13:35,2,1.450,15.98,12.9130,24.9,1.458,16.62,3.99,-68,9.25,
2026-09-18T16:13:36,2,1.432,14.56,13.1490,24.9,1.457,16.56,3.99,-71,9.50,
2026-09-18T16:13:37,2,1.459,16.69,13.2570,24.9,1.459,16.69,3.99,-68,9.25,
2026-09-18T16:13:38,2,1.454,16.30,13.3740,24.9,1.462,16.95,4.00,-66,10.00,
2026-09-18T16:13:39,2,1.434,14.75,13.4860,24.9,1.464,17.14,3.99,-68,9.50,
2026-09-18T16:13:40,2,1.460,16.82,13.6090,24.9,1.465,17.20,3.99,-65,9.25,
2026-09-18T16:13:41,2,1.436,14.88,13.7280,24.9,1.465,17.20,4.02,-64,10.00,
2026-09-18T16:13:42,2,1.439,15.14,13.8410,24.9,1.469,17.53,3.99,-65,9.75,
2026-09-18T16:13:43,2,1.464,17.14,13.9600,24.9,1.469,17.53,4.00,-69,9.75,
2026-09-18T16:13:44,2,1.445,15.59,14.0860,24.9,1.472,17.72,3.99,-67,9.75,
2026-09-18T16:13:46,2,1.476,18.11,14.2020,24.9,1.476,18.11,3.97,-74,10.25,
2026-09-18T16:13:47,2,1.476,18.11,14.3200,24.9,1.474,17.91,4.00,-70,9.50,
2026-09-18T16:13:48,2,1.449,15.92,14.5560,24.9,1.478,18.24,4.00,-71,9.50,
2026-09-18T16:13:49,2,1.473,17.85,14.6750,24.9,1.480,18.43,4.00,-74,9.75,
2026-09-18T16:13:50,2,1.450,15.98,14.8000,25.9,1.480,18.36,4.02,-70,9.75,
2026-09-18T16:13:51,2,1.451,16.04,14.9170,25.9,1.484,18.75,4.00,-68,10.00,
2026-09-18T16:13:52,2,1.486,18.88,15.0400,25.9,1.482,18.56,4.00,-64,9.75,
2026-09-18T16:13:53,2,1.459,16.69,15.1630,25.9,1.486,18.88,3.99,-64,9.50,
2026-09-18T16:13:54,2,1.458,16.62,15.2820,25.9,1.488,19.01,4.00,-65,9.25,
2026-09-18T16:13:55,2,1.480,18.43,15.4040,25.9,1.486,18.88,4.00,-64,9.00,
2026-09-18T16:13:56,2,1.461,16.88,15.5200,25.9,1.488,19.07,4.00,-65,9.75,
2026-09-18T16:13:58,2,1.489,19.14,15.6490,25.9,1.493,19.46,3.99,-64,9.75,
2026-09-18T16:13:59,2,1.486,18.88,15.8930,25.9,1.497,19.78,4.00,-66,9.50,
2026-09-18T16:14:00,2,1.463,17.01,16.0140,25.9,1.496,19.72,4.00,-65,10.25,
2026-09-18T16:14:01,2,1.488,19.07,16.1330,25.9,1.501,20.11,3.99,-66,9.50,
2026-09-18T16:14:02,2,1.470,17.59,16.2600,25.9,1.501,20.04,3.99,-65,9.50,
2026-09-18T16:14:03,2,1.471,17.66,16.3850,25.9,1.504,20.30,3.99,-66,10.00,
2026-09-18T16:14:04,2,1.492,19.33,16.5040,25.9,1.504,20.30,3.99,-67,9.50,
2026-09-18T16:14:13,2,1.507,20.56,17.6150,25.9,1.513,21.07,4.00,-74,9.75,
2026-09-18T16:14:14,2,1.486,18.88,17.7380,25.9,1.520,21.59,3.99,-72,9.50,
2026-09-18T16:14:15,2,1.518,21.46,17.8630,25.9,1.521,21.72,3.99,-71,9.75,
2026-09-18T16:14:16,2,1.513,21.01,17.9950,25.9,1.521,21.65,4.00,-70,9.25,
2026-09-18T16:14:17,2,1.507,20.56,18.1230,25.9,1.524,21.91,3.99,-71,9.50,
2026-09-18T16:14:18,2,1.519,21.52,18.2480,25.9,1.527,22.17,3.99,-69,9.25,
2026-09-18T16:14:19,2,1.521,21.65,18.3800,25.9,1.530,22.43,3.99,-73,9.75,
2026-09-18T16:14:22,2,1.524,21.91,18.6330,25.9,1.532,22.56,3.99,-69,9.50,
2026-09-18T16:14:23,2,1.501,20.11,18.8780,25.9,1.534,22.75,3.99,-70,9.50,
2026-09-18T16:14:24,2,1.504,20.30,19.0100,25.9,1.541,23.26,3.98,-72,9.75,
2026-09-18T16:14:25,2,1.527,22.17,19.1370,25.9,1.538,23.01,4.00,-73,9.75,
2026-09-18T16:14:26,2,1.509,20.69,19.2640,25.9,1.542,23.33,4.00,-69,9.25,
2026-09-18T16:14:27,2,1.536,22.88,19.3910,25.9,1.541,23.26,3.99,-72,9.50,
2026-09-18T16:14:28,2,1.532,22.56,19.5210,25.9,1.542,23.33,4.00,-70,9.25,
2026-09-18T16:14:29,2,1.513,21.07,19.6520,25.9,1.545,23.59,3.99,-70,9.00,
2026-09-18T16:14:30,2,1.538,23.01,19.7810,25.9,1.547,23.78,3.99,-70,9.75,
2026-09-18T16:14:31,2,1.517,21.39,19.9040,25.9,1.550,23.97,3.99,-71,9.50,
2026-09-18T16:14:33,2,1.517,21.33,20.0410,25.9,1.552,24.17,4.00,-71,9.50,
2026-09-18T16:14:34,2,1.541,23.26,20.1670,25.9,1.552,24.17,4.00,-71,9.75,
2026-09-18T16:14:35,2,1.522,21.78,20.4290,25.9,1.555,24.36,3.99,-71,9.75,
2026-09-18T16:14:36,2,1.555,24.36,20.5520,25.9,1.555,24.42,3.99,-71,10.00,
2026-09-18T16:14:37,2,1.545,23.59,20.6780,25.9,1.557,24.55,4.00,-71,10.00,
2026-09-18T16:14:38,2,1.527,22.17,20.8080,25.9,1.559,24.75,3.99,-73,9.50,
2026-09-18T16:14:39,2,1.552,24.17,20.9370,25.9,1.560,24.81,3.99,-65,9.75,
2026-09-18T16:14:40,2,1.553,24.23,21.0720,25.9,1.567,25.39,3.97,-65,9.75,
2026-09-18T16:14:41,2,1.533,22.62,21.1980,25.9,1.562,24.94,4.00,-66,9.50,
2026-09-18T16:14:42,2,1.559,24.75,21.3410,25.9,1.567,25.33,3.99,-65,9.50,
2026-09-18T16:14:43,2,1.534,22.75,21.4660,25.9,1.571,25.65,3.99,-64,9.25,
2026-09-18T16:14:45,2,1.535,22.81,21.6000,25.9,1.568,25.46,4.02,-64,9.50,
2026-09-18T16:14:46,2,1.560,24.81,21.7270,25.9,1.572,25.78,3.99,-64,9.75,
2026-09-18T16:14:47,2,1.541,23.26,21.9800,25.9,1.571,25.65,3.99,-64,9.25,
2026-09-18T16:14:48,2,1.570,25.59,22.1150,25.9,1.578,26.23,3.99,-67,9.75,
2026-09-18T16:14:55,2,1.556,24.49,23.0350,25.9,1.588,27.07,3.99,-67,9.50,
2026-09-18T16:14:57,2,1.588,27.00,23.1750,25.9,1.594,27.52,3.99,-66,9.50,
2026-09-18T16:14:58,2,1.582,26.55,23.3100,25.9,1.598,27.84,3.99,-68,9.50,
2026-09-18T16:14:59,2,1.563,25.01,23.5720,25.9,1.597,27.78,3.99,-75,9.25,
2026-09-18T16:15:00,2,1.588,27.00,23.7040,25.9,1.600,27.97,3.99,-75,9.25,
2026-09-18T16:15:01,2,1.563,25.07,23.8350,25.9,1.600,28.04,3.99,-75,9.25,
2026-09-18T16:15:02,2,1.566,25.26,23.9650,25.9,1.601,28.10,3.98,-75,9.50,
2026-09-18T16:15:04,2,1.572,25.78,24.2390,25.9,1.605,28.42,3.99,-66,9.50,
2026-09-18T16:15:05,2,1.570,25.59,24.3770,25.9,1.604,28.36,4.02,-65,10.00,
2026-09-18T16:15:06,2,1.596,27.65,24.5150,25.9,1.615,29.20,4.00,-66,10.00,
2026-09-18T16:15:07,2,1.576,26.10,24.6580,25.9,1.610,28.81,4.00,-69,9.75,
2026-09-18T16:15:09,2,1.605,28.42,24.7980,25.9,1.615,29.20,3.99,-70,9.50,
2026-09-18T16:15:10,2,1.604,28.36,25.0700,25.9,1.617,29.39,3.97,-69,10.00,
2026-09-18T16:15:11,2,1.580,26.42,25.2140,25.9,1.617,29.39,4.00,-68,9.75,
2026-09-18T16:15:12,2,1.604,28.36,25.3500,25.9,1.619,29.52,3.99,-69,9.75,
2026-09-18T16:15:13,2,1.584,26.75,25.4880,25.9,1.623,29.84,3.99,-67,9.50,
2026-09-18T16:15:14,2,1.583,26.62,25.6270,25.9,1.620,29.58,4.01,-64,9.50,
2026-09-18T16:15:15,2,1.613,29.00,25.7630,25.9,1.623,29.84,4.00,-66,9.75,
2026-09-18T16:15:16,2,1.592,27.33,25.8940,25.9,1.628,30.23,3.99,-69,9.25,
2026-09-18T16:15:17,2,1.622,29.78,26.0340,25.9,1.629,30.29,3.98,-65,10.00,
2026-09-18T16:15:18,2,1.621,29.71,26.1740,25.9,1.635,30.81,3.97,-64,10.25,
2026-09-18T16:15:19,2,1.596,27.71,26.3190,25.9,1.632,30.55,4.00,-71,9.50,
2026-09-18T16:15:21,2,1.624,29.90,26.4610,25.9,1.634,30.74,3.99,-60,10.00,
2026-09-18T16:15:22,2,1.600,27.97,26.7450,25.9,1.638,31.00,3.99,-65,9.75,
2026-09-18T16:15:23,2,1.599,27.91,26.8810,25.9,1.636,30.87,4.01,-63,10.00,
2026-09-18T16:15:24,2,1.631,30.48,27.0170,25.9,1.640,31.19,3.99,-61,9.75,
2026-09-18T16:15:25,2,1.603,28.23,27.1540,25.9,1.644,31.52,3.99,-65,9.25,
2026-09-18T16:15:26,2,1.603,28.23,27.2900,25.9,1.641,31.26,4.02,-65,9.75,
2026-09-18T16:15:27,2,1.635,30.81,27.4270,25.9,1.651,32.10,3.97,-62,10.50,
2026-09-18T16:15:28,2,1.613,29.00,27.5710,25.9,1.648,31.84,4.00,-64,9.25,
2026-09-18T16:15:29,2,1.640,31.19,27.7070,25.9,1.651,32.10,3.99,-64,9.25,
2026-09-18T16:15:30,2,1.641,31.26,27.8550,25.9,1.654,32.35,3.97,-62,10.25,
2026-09-18T16:15:38,2,1.657,32.55,29.0050,25.9,1.667,33.39,3.99,-54,9.50,
2026-09-18T16:15:39,2,1.654,32.29,29.1400,25.9,1.672,33.77,3.97,-62,10.25,
2026-09-18T16:15:40,2,1.631,30.48,29.2850,25.9,1.671,33.71,4.02,-62,10.00,
2026-09-18T16:15:41,2,1.661,32.87,29.4160,25.9,1.671,33.71,4.00,-62,9.75,
2026-09-18T16:15:42,2,1.639,31.13,29.5630,25.9,1.673,33.84,4.00,-62,9.75,
2026-09-18T16:15:44,2,1.636,30.87,29.7090,25.9,1.675,33.97,4.01,-62,10.25,
2026-09-18T16:15:45,2,1.664,33.13,29.8540,25.9,1.683,34.61,3.99,-62,9.50,
2026-09-18T16:15:46,2,1.642,31.32,30.1560,25.9,1.680,34.42,3.99,-62,9.50,
2026-09-18T16:15:47,2,1.671,33.71,30.2960,25.9,1.683,34.68,4.00,-62,9.75,
2026-09-18T16:15:48,2,1.670,33.58,30.4350,25.9,1.687,34.93,3.97,-61,10.25,
2026-09-18T16:15:49,2,1.648,31.84,30.5760,25.9,1.684,34.74,3.99,-61,9.25,
2026-09-18T16:15:50,2,1.676,34.10,30.7140,25.9,1.689,35.13,3.99,-61,9.75,
2026-09-18T16:15:51,2,1.677,34.16,30.8590,25.9,1.693,35.45,3.98,-61,9.50,
2026-09-18T16:15:52,2,1.652,32.16,31.0020,25.9,1.688,35.06,4.01,-63,10.25,
2026-09-18T16:15:53,2,1.679,34.35,31.1450,25.9,1.693,35.45,3.99,-62,9.75,
2026-09-18T16:15:54,2,1.662,32.93,31.2960,25.9,1.698,35.84,4.00,-64,9.75,
2026-09-18T16:15:56,2,1.655,32.42,31.4400,25.9,1.698,35.84,4.01,-67,10.00,
2026-09-18T16:15:57,2,1.690,35.19,31.5870,25.9,1.711,36.87,3.97,-62,10.50,
2026-09-18T16:15:58,2,1.661,32.87,31.8780,25.9,1.705,36.42,3.99,-70,9.75,
2026-09-18T16:15:59,2,1.695,35.58,32.0230,25.9,1.704,36.35,3.99,-67,9.25,
2026-09-18T16:16:00,2,1.692,35.38,32.1670,25.9,1.712,37.00,3.97,-64,9.75,
2026-09-18T16:16:01,2,1.668,33.45,32.3160,25.9,1.706,36.48,4.01,-64,9.75,
2026-09-18T16:16:02,2,1.696,35.71,32.4640,25.9,1.710,36.80,3.99,-65,9.50,
2026-09-18T16:16:03,2,1.675,34.03,32.6090,25.9,1.713,37.06,4.00,-64,9.75,
2026-09-18T16:16:04,2,1.675,34.03,32.7500,25.9,1.713,37.06,4.01,-68,10.00,
2026-09-18T16:16:05,2,1.704,36.29,32.8890,25.9,1.720,37.58,3.97,-64,9.75,
2026-09-18T16:16:06,2,1.681,34.48,33.0390,25.9,1.720,37.58,4.00,-63,10.00,
2026-09-18T16:16:08,2,1.709,36.74,33.1920,25.9,1.723,37.83,3.98,-68,9.75,
2026-09-18T16:16:09,2,1.708,36.67,33.3410,25.9,1.729,38.35,3.97,-65,9.75,
2026-09-18T16:16:10,2,1.683,34.68,33.6410,25.9,1.725,37.96,4.01,-63,10.25,
2026-09-18T16:16:11,2,1.713,37.06,33.7900,25.9,1.729,38.29,3.99,-62,9.50,
2026-09-18T16:16:12,2,1.716,37.25,33.9310,25.9,1.733,38.61,3.97,-62,10.00,
2026-09-18T16:16:13,2,1.690,35.19,34.0720,25.9,1.729,38.35,4.01,-64,9.75,
2026-09-18T16:16:21,2,1.733,38.67,35.2800,25.9,1.752,40.16,3.90,-52,6.00,
2026-09-18T16:16:22,2,1.708,36.61,35.4330,25.9,1.745,39.58,4.01,-65,9.75,
2026-09-18T16:16:23,2,1.739,39.12,35.5900,25.9,1.757,40.54,3.96,-64,9.50,
2026-09-18T16:16:24,2,1.711,36.87,35.7410,25.9,1.753,40.22,4.00,-65,9.25,
2026-09-18T16:16:25,2,1.713,37.06,35.8970,25.9,1.753,40.22,4.02,-64,10.00,
2026-09-18T16:16:26,2,1.743,39.45,36.0390,25.9,1.759,40.74,3.97,-64,9.75,
2026-09-18T16:16:27,2,1.718,37.45,36.1850,25.9,1.763,41.06,4.00,-64,9.75,
2026-09-18T16:16:28,2,1.753,40.22,36.3310,25.9,1.762,40.93,3.99,-63,9.50,
2026-09-18T16:16:29,2,1.749,39.90,36.4800,25.9,1.766,41.32,3.98,-64,9.50,
2026-09-18T16:16:31,2,1.722,37.77,36.6340,25.9,1.763,41.06,4.01,-65,9.50,
2026-09-18T16:16:32,2,1.753,40.22,36.7820,25.9,1.767,41.38,3.99,-64,9.25,
2026-09-18T16:16:33,2,1.729,38.29,37.0940,25.9,1.772,41.77,4.00,-65,9.75,
2026-09-18T16:16:34,2,1.729,38.35,37.2440,25.9,1.774,41.90,4.02,-65,9.75,
2026-09-18T16:16:35,2,1.760,40.80,37.3960,25.9,1.779,42.28,3.97,-64,10.25,
2026-09-18T16:16:36,2,1.733,38.67,37.5490,25.9,1.774,41.90,3.99,-65,9.50,
2026-09-18T16:16:37,2,1.735,38.80,37.6990,25.9,1.775,42.02,4.02,-65,10.00,
2026-09-18T16:16:38,2,1.764,41.12,37.8590,25.9,1.785,42.80,3.97,-65,9.75,
2026-09-18T16:16:39,2,1.741,39.25,38.0180,25.9,1.783,42.67,4.01,-65,9.75,
2026-09-18T16:16:40,2,1.774,41.90,38.1620,25.9,1.786,42.86,3.99,-64,9.25,
2026-09-18T16:16:41,2,1.786,42.86,38.3200,25.9,1.787,42.93,3.98,-64,9.50,
2026-09-18T16:16:43,2,1.750,39.96,38.4820,25.9,1.784,42.73,4.02,-64,9.50,
2026-09-18T16:16:44,2,1.774,41.90,38.6280,25.9,1.798,43.83,3.97,-64,10.00,
2026-09-18T16:16:45,2,1.753,40.22,38.9470,25.9,1.794,43.51,4.00,-64,9.50,
2026-09-18T16:16:46,2,1.751,40.09,39.1150,25.9,1.793,43.44,4.02,-66,9.75,
2026-09-18T16:16:47,2,1.781,42.48,39.2740,25.9,1.803,44.22,3.97,-62,10.50,
2026-09-18T16:16:48,2,1.755,40.41,39.4250,25.9,1.795,43.57,4.01,-64,10.00,
2026-09-18T16:16:49,2,1.791,43.25,39.5830,25.9,1.805,44.41,3.99,-62,10.00,
2026-09-18T16:16:50,2,1.787,42.99,39.7440,25.9,1.805,44.41,3.98,-63,9.75,
2026-09-18T16:16:51,2,1.766,41.25,39.9080,25.9,1.804,44.35,4.01,-63,10.00,
2026-09-18T16:16:52,2,1.799,43.89,40.0640,25.9,1.804,44.28,3.97,-63,10.25,
2026-09-18T16:16:53,2,1.770,41.57,40.2290,25.9,1.810,44.80,4.00,-63,9.75,
2026-09-18T16:16:55,2,1.768,41.44,40.3850,25.9,1.811,44.86,4.02,-64,10.50,
2026-09-18T16:16:56,2,1.800,44.02,40.5430,25.9,1.818,45.44,3.97,-63,9.75,
2026-09-18T16:17:04,2,1.820,45.64,41.9620,25.9,1.837,46.92,3.97,-64,10.25,
2026-09-18T16:17:05,2,1.791,43.25,42.1140,25.9,1.829,46.34,4.02,-63,9.75,
2026-09-18T16:17:07,2,1.795,43.57,42.2700,25.9,1.835,46.80,4.02,-62,10.00,
2026-09-18T16:17:08,2,1.824,45.89,42.4350,25.9,1.843,47.44,3.97,-62,10.50,
2026-09-18T16:17:09,2,1.796,43.70,42.7600,25.9,1.836,46.86,4.01,-63,10.25,
2026-09-18T16:17:10,2,1.833,46.67,42.9200,25.9,1.845,47.57,3.99,-62,9.50,
2026-09-18T16:17:11,2,1.828,46.28,43.0710,25.9,1.852,48.15,3.97,-63,10.75,
2026-09-18T16:17:12,2,1.803,44.22,43.2380,25.9,1.845,47.57,4.01,-63,10.25,
2026-09-18T16:17:13,2,1.838,47.05,43.4000,25.9,1.854,48.34,3.97,-63,10.25,
2026-09-18T16:17:14,2,1.811,44.86,43.5680,25.9,1.853,48.28,3.99,-63,9.75,
2026-09-18T16:17:15,2,1.811,44.86,43.7260,25.9,1.850,48.02,4.01,-63,10.25,
2026-09-18T16:17:16,2,1.839,47.12,43.8830,25.9,1.862,48.99,3.97,-63,10.00,
2026-09-18T16:17:17,2,1.816,45.25,44.0450,25.9,1.855,48.41,4.02,-66,10.50,
2026-09-18T16:17:19,2,1.816,45.25,44.2010,25.9,1.861,48.86,4.01,-64,10.00,
2026-09-18T16:17:20,2,1.848,47.83,44.3640,25.9,1.867,49.37,3.98,-64,9.50,
2026-09-18T16:17:21,2,1.822,45.76,44.6860,25.9,1.865,49.18,4.02,-69,10.00,
2026-09-18T16:17:22,2,1.856,48.47,44.8450,25.9,1.874,49.95,3.97,-67,10.00,
2026-09-18T16:17:23,2,1.853,48.21,45.0090,25.9,1.874,49.89,3.97,-67,10.50,
2026-09-18T16:17:24,2,1.825,46.02,45.1620,25.9,1.870,49.63,4.01,-71,10.25,
2026-09-18T16:17:25,2,1.862,48.92,45.3270,25.9,1.881,50.47,3.97,-70,9.75,
2026-09-18T16:17:26,2,1.834,46.73,45.4880,25.9,1.875,50.02,4.02,-67,9.75,
2026-09-18T16:17:27,2,1.837,46.92,45.6450,25.9,1.876,50.08,4.02,-65,9.25,
2026-09-18T16:17:28,2,1.861,48.86,45.7910,25.9,1.885,50.79,3.98,-62,10.00,
2026-09-18T16:17:30,2,1.837,46.92,45.9390,25.9,1.881,50.47,4.01,-63,9.75,
2026-09-18T16:17:31,2,1.875,50.02,46.0690,25.9,1.889,51.12,3.96,-62,10.25,
2026-09-18T16:17:32,2,1.871,49.70,46.2110,25.9,1.889,51.12,3.97,-63,10.25,
2026-09-18T16:17:33,2,1.843,47.44,46.4390,25.9,1.885,50.79,4.01,-64,9.50,
2026-09-18T16:17:34,2,1.874,49.95,46.5420,25.9,1.893,51.44,3.97,-64,9.75,
2026-09-18T16:17:35,2,1.845,47.63,46.6400,25.9,1.886,50.86,4.01,-64,10.50,
2026-09-18T16:17:36,2,1.845,47.57,46.7340,25.9,1.887,50.92,4.01,-63,10.00,
2026-09-18T16:17:37,2,1.880,50.41,46.8210,25.9,1.895,51.57,3.97,-65,10.00,
2026-09-18T16:17:38,2,1.846,47.70,46.9030,25.9,1.888,51.05,4.02,-66,9.75,
2026-09-18T16:17:47,2,1.853,48.21,47.3330,25.9,1.889,51.12,4.01,-64,10.25,
2026-09-18T16:17:48,2,1.850,48.02,47.3580,25.9,1.897,51.76,4.01,-63,10.00,
2026-09-18T16:17:49,2,1.880,50.41,47.3830,25.9,1.898,51.82,3.97,-61,10.25,
2026-09-18T16:17:50,2,1.853,48.21,47.4060,25.9,1.891,51.31,4.01,-62,10.00,
2026-09-18T16:17:51,2,1.887,50.92,47.4270,25.9,1.895,51.57,3.96,-62,9.75,
2026-09-18T16:17:52,2,1.891,51.24,47.4440,25.9,1.895,51.63,3.97,-62,10.25,
2026-09-18T16:17:54,2,1.850,48.02,47.4690,25.9,1.894,51.50,4.01,-62,10.25,
2026-09-18T16:17:55,2,1.882,50.60,47.4890,25.9,1.899,51.89,3.97,-62,10.25,
2026-09-18T16:17:56,2,1.851,48.08,47.5150,25.9,1.891,51.31,4.01,-62,10.00,
2026-09-18T16:17:57,2,1.854,48.34,47.5460,25.9,1.893,51.44,4.02,-61,9.75,
2026-09-18T16:17:58,2,1.882,50.60,47.5710,25.9,1.900,52.02,3.97,-61,10.25,
2026-09-18T16:17:59,2,1.854,48.34,47.5880,25.9,1.893,51.44,4.02,-61,9.75,
2026-09-18T16:18:00,2,1.891,51.31,47.6140,25.9,1.900,52.02,3.96,-61,9.75,
2026-09-18T16:18:01,2,1.887,50.92,47.6360,25.9,1.899,51.95,3.98,-63,9.50,
2026-09-18T16:18:02,2,1.854,48.34,47.6530,25.9,1.892,51.37,4.01,-63,10.00,
2026-09-18T16:18:03,2,1.886,50.86,47.6650,25.9,1.900,52.02,3.97,-64,9.75,
2026-09-18T16:18:04,2,1.851,48.08,47.6810,25.9,1.895,51.57,4.02,-65,9.50,
2026-09-18T16:18:06,2,1.853,48.28,47.6860,25.9,1.894,51.50,4.02,-62,10.25,
2026-09-18T16:18:07,2,1.887,50.99,47.7110,25.9,1.899,51.89,3.97,-63,10.25,19
2026-09-18T16:18:08,2,1.854,48.34,47.7280,25.9,1.891,51.31,4.02,-62,9.75,
2026-09-18T16:18:09,2,1.857,48.54,47.7450,25.9,1.898,51.82,3.99,-62,9.75,
2026-09-18T16:18:10,2,1.884,50.73,47.7700,25.9,1.901,52.08,3.97,-62,9.75,
2026-09-18T16:18:11,2,1.855,48.41,47.7870,25.9,1.895,51.57,4.02,-63,10.00,
2026-09-18T16:18:12,2,1.891,51.24,47.8080,25.9,1.901,52.08,3.96,-61,10.00,
2026-09-18T16:18:13,2,1.882,50.53,47.8240,25.9,1.895,51.57,3.99,-62,9.50,
2026-09-18T16:18:14,2,1.855,48.41,47.8380,25.9,1.893,51.44,4.01,-61,10.00,
2026-09-18T16:18:15,2,1.887,50.99,47.8600,25.9,1.902,52.15,3.97,-61,9.75,
2026-09-18T16:18:17,2,1.857,48.54,47.8820,25.9,1.895,51.63,4.01,-61,10.00,
2026-09-18T16:18:18,2,1.861,48.86,47.8960,25.9,1.900,52.02,3.99,-61,9.75,
2026-09-18T16:18:19,2,1.885,50.79,47.9130,25.9,1.901,52.08,3.97,-61,10.00,
2026-09-18T16:18:20,2,1.857,48.54,47.9440,25.9,1.895,51.57,4.01,-61,10.00,
2026-09-18T16:18:21,2,1.894,51.50,47.9540,25.9,1.903,52.21,3.96,-61,9.75,
2026-09-18T16:18:30,2,1.901,52.08,48.0550,25.9,1.903,52.21,3.96,-62,9.75,
2026-09-18T16:18:31,2,1.887,50.92,48.0520,25.9,1.903,52.21,3.98,-62,10.00,
2026-09-18T16:18:32,2,1.860,48.79,48.0730,25.9,1.898,51.82,4.01,-62,9.75,
2026-09-18T16:18:33,2,1.890,51.18,48.0910,25.9,1.905,52.40,3.97,-63,10.00,
2026-09-18T16:18:34,2,1.884,50.73,48.1050,25.9,1.900,52.02,4.00,-63,9.75,
2026-09-18T16:18:35,2,1.858,48.67,48.1100,25.9,1.898,51.82,4.02,-61,9.75,
2026-09-18T16:18:36,2,1.889,51.12,48.1150,25.9,1.902,52.15,3.97,-61,10.50,
2026-09-18T16:18:37,2,1.859,48.73,48.1270,25.9,1.895,51.63,4.01,-62,10.00,
2026-09-18T16:18:38,2,1.865,49.18,48.1280,25.9,1.904,52.34,3.99,-62,10.25,
2026-09-18T16:18:39,2,1.887,50.92,48.1340,25.9,1.903,52.28,3.97,-62,10.25,
2026-09-18T16:18:41,2,1.859,48.73,48.1490,25.9,1.899,51.95,4.01,-62,10.00,
2026-09-18T16:18:42,2,1.896,51.70,48.1670,25.9,1.902,52.15,3.97,-62,10.25,
2026-09-18T16:18:43,2,1.887,50.99,48.1830,25.9,1.899,51.95,3.99,-61,9.25,
2026-09-18T16:18:44,2,1.860,48.79,48.1950,25.9,1.899,51.89,4.01,-61,10.00,
2026-09-18T16:18:45,2,1.885,50.79,48.1960,25.9,1.901,52.08,3.97,-61,10.25,
2026-09-18T16:18:46,2,1.862,48.92,48.2120,25.9,1.897,51.76,4.02,-61,9.75,
2026-09-18T16:18:47,2,1.863,49.05,48.2260,25.9,1.903,52.21,3.99,-61,9.75,
2026-09-18T16:18:48,2,1.890,51.18,48.2320,25.9,1.903,52.21,3.97,-61,10.00,
2026-09-18T16:18:49,2,1.858,48.67,48.2250,25.9,1.895,51.57,4.02,-62,9.75,
2026-09-18T16:18:50,2,1.897,51.76,48.2370,25.9,1.908,52.66,3.96,-62,9.50,
2026-09-18T16:18:51,2,1.886,50.86,48.2360,25.9,1.900,52.02,4.00,-62,9.25,
2026-09-18T16:18:53,2,1.864,49.12,48.2410,25.9,1.911,52.86,4.01,-61,10.00,
2026-09-18T16:18:54,2,1.895,51.57,48.2420,25.9,1.901,52.08,3.97,-61,9.50,
2026-09-18T16:18:55,2,1.862,48.99,48.2600,25.9,1.897,51.76,3.99,-61,9.75,
2026-09-18T16:18:56,2,1.865,49.18,48.2730,25.9,1.901,52.08,3.99,-61,9.75,
2026-09-18T16:18:57,2,1.891,51.31,48.2730,25.9,1.902,52.15,3.97,-61,10.00,
2026-09-18T16:18:58,2,1.862,48.99,48.2900,25.9,1.898,51.82,4.01,-61,9.75,
2026-09-18T16:18:59,2,1.861,48.86,48.2950,25.9,1.901,52.08,3.99,-62,9.25,
2026-09-18T16:19:00,2,1.890,51.18,48.2960,25.9,1.901,52.08,3.99,-61,9.25,
2026-09-18T16:19:01,2,1.862,48.99,48.2910,25.9,1.898,51.82,4.01,-61,10.25,
2026-09-18T16:19:02,2,1.897,51.76,48.2970,25.9,1.904,52.34,3.96,-62,9.50,
2026-09-18T16:19:03,2,1.886,50.86,48.3140,25.9,1.900,52.02,3.99,-61,9.50,
2026-09-18T16:19:05,2,1.868,49.44,48.3160,25.9,1.902,52.15,3.99,-61,9.75,
2026-09-18T16:19:12,2,1.890,51.18,48.3760,25.9,1.897,51.76,3.99,-61,9.50,
2026-09-18T16:19:13,2,1.863,49.05,48.3810,25.9,1.897,51.76,4.01,-61,10.00,
2026-09-18T16:19:14,2,1.890,51.18,48.3920,25.9,1.903,52.28,3.97,-61,10.00,
2026-09-18T16:19:16,2,1.858,48.67,48.3920,25.9,1.899,51.95,4.01,-61,9.75,
2026-09-18T16:19:17,2,1.865,49.18,48.3910,25.9,1.902,52.15,3.99,-62,9.75,
2026-09-18T16:19:18,2,1.894,51.50,48.4080,25.9,1.904,52.34,3.97,-63,10.25,
2026-09-18T16:19:19,2,1.862,48.99,48.4220,25.9,1.897,51.76,4.01,-63,10.00,
2026-09-18T16:19:20,2,1.866,49.25,48.4380,25.9,1.902,52.15,3.99,-62,10.00,
2026-09-18T16:19:21,2,1.889,51.12,48.4410,25.9,1.903,52.21,3.99,-62,9.50,
2026-09-18T16:19:22,2,1.862,48.99,48.4450,25.9,1.896,51.70,4.01,-63,9.75,
2026-09-18T16:19:23,2,1.899,51.89,48.4440,25.9,1.893,51.44,3.97,-62,10.25,
2026-09-18T16:19:24,2,1.890,51.18,48.4510,25.9,1.899,51.95,3.99,-62,9.50,
2026-09-18T16:19:25,2,1.869,49.50,48.4630,25.9,1.899,51.95,3.99,-62,9.25,
2026-09-18T16:19:26,2,1.895,51.63,48.4690,25.9,1.906,52.47,3.97,-62,10.25,
2026-09-18T16:19:28,2,1.868,49.44,48.4760,25.9,1.899,51.89,4.01,-63,10.50,
2026-09-18T16:19:29,2,1.869,49.50,48.4950,25.9,1.901,52.08,3.99,-61,9.50,
2026-09-18T16:19:30,2,1.882,50.53,48.5030,25.9,1.901,52.08,3.99,-62,9.50,
2026-09-18T16:19:31,2,1.867,49.37,48.5060,25.9,1.889,51.12,4.01,-62,10.00,
2026-09-18T16:19:32,2,1.900,52.02,48.5320,25.9,1.905,52.40,3.96,-62,10.00,
2026-09-18T16:19:33,2,1.885,50.79,48.5500,25.9,1.901,52.08,3.99,-62,10.00,
2026-09-18T16:19:34,2,1.870,49.63,48.5480,25.9,1.903,52.28,3.99,-61,9.50,
2026-09-18T16:19:35,2,1.897,51.76,48.5550,25.9,1.903,52.28,3.97,-61,10.25,
2026-09-18T16:19:36,2,1.862,48.92,48.5600,25.9,1.899,51.89,4.01,-61,9.75,
2026-09-18T16:19:37,2,1.865,49.18,48.5530,25.9,1.902,52.15,3.99,-62,10.25,
2026-09-18T16:19:38,2,1.892,51.37,48.5480,25.9,1.900,52.02,3.99,-62,9.75,
2026-09-18T16:19:40,2,1.866,49.25,48.5510,25.9,1.898,51.82,4.01,-62,10.25,
2026-09-18T16:19:41,2,1.869,49.50,48.5590,25.9,1.902,52.15,3.99,-61,10.25,
2026-09-18T16:19:42,2,1.891,51.31,48.5700,25.9,1.906,52.47,3.99,-64,9.75,
2026-09-18T16:19:43,2,1.863,49.05,48.5980,25.9,1.899,51.89,4.01,-64,10.25,
2026-09-18T16:19:44,2,1.906,52.47,48.6120,25.9,1.904,52.34,3.97,-63,11.00,
2026-09-18T16:19:45,2,1.893,51.44,48.6190,25.9,1.902,52.15,3.99,-62,9.50,
2026-09-18T16:19:46,2,1.870,49.57,48.6290,25.9,1.905,52.40,3.99,-63,9.75,
2026-09-18T16:19:47,2,1.898,51.82,48.6340,25.9,1.904,52.34,3.97,-62,10.00,
2026-09-18T16:19:55,2,1.870,49.63,48.6700,25.9,1.903,52.28,3.99,-60,9.75,
2026-09-18T16:19:56,2,1.900,52.02,48.6840,25.9,1.905,52.40,3.97,-61,10.00,
2026-09-18T16:19:57,2,1.870,49.63,48.6960,25.9,1.900,52.02,3.99,-60,9.25,
2026-09-18T16:19:58,2,1.871,49.70,48.7090,25.9,1.900,52.02,3.99,-60,9.25,
2026-09-18T16:19:59,2,1.893,51.44,48.7130,25.9,1.900,52.02,3.99,-60,9.50,
2026-09-18T16:20:00,2,1.867,49.37,48.7210,25.9,1.896,51.70,4.01,-63,9.75,
2026-09-18T16:20:01,2,1.866,49.25,48.7190,25.9,1.900,52.02,3.99,-62,9.25,
2026-09-18T16:20:02,2,1.895,51.57,48.7250,25.9,1.903,52.28,3.99,-61,9.75,
2026-09-18T16:20:04,2,1.875,50.02,48.7260,25.9,1.903,52.21,3.98,-63,10.00,
2026-09-18T16:20:05,2,1.903,52.28,48.7230,25.9,1.905,52.40,3.97,-63,10.25,
2026-09-18T16:20:06,2,1.892,51.37,48.7170,25.9,1.900,52.02,3.99,-62,9.75,
2026-09-18T16:20:07,2,1.870,49.57,48.7210,25.9,1.900,52.02,3.99,-62,9.50,
2026-09-18T16:20:08,2,1.895,51.63,48.7230,25.9,1.901,52.08,3.99,-64,9.25,
2026-09-18T16:20:09,2,1.865,49.18,48.7340,25.9,1.895,51.57,4.02,-64,10.00,
2026-09-18T16:20:10,2,1.870,49.63,48.7370,25.9,1.903,52.28,3.99,-63,9.50,
2026-09-18T16:20:11,2,1.894,51.50,48.7430,25.9,1.902,52.15,3.99,-64,9.25,
2026-09-18T16:20:12,2,1.866,49.31,48.7460,25.9,1.900,52.02,4.01,-61,9.75,
2026-09-18T16:20:13,2,1.904,52.34,48.7480,25.9,1.905,52.40,3.97,-63,10.25,
2026-09-18T16:20:15,2,1.892,51.37,48.7580,25.9,1.900,52.02,3.99,-60,9.50,
2026-09-18T16:20:16,2,1.872,49.76,48.7650,25.9,1.895,51.57,3.99,-61,9.75,
2026-09-18T16:20:17,2,1.898,51.82,48.7630,25.9,1.905,52.40,3.97,-60,10.25,
2026-09-18T16:20:18,2,1.872,49.76,48.7650,25.9,1.899,51.89,3.99,-64,9.25,
2026-09-18T16:20:19,2,1.871,49.70,48.7690,25.9,1.904,52.34,3.99,-62,9.50,
2026-09-18T16:20:20,2,1.895,51.57,48.7640,25.9,1.902,52.15,3.99,-62,10.00,
2026-09-18T16:20:21,2,1.868,49.44,48.7820,25.9,1.897,51.76,4.02,-63,10.00,
2026-09-18T16:20:23,2,1.892,51.37,48.7900,25.9,1.902,52.15,3.99,-61,9.50,
2026-09-18T16:20:24,2,1.873,49.83,48.8020,25.9,1.905,52.40,3.99,-64,9.00,
2026-09-18T16:20:25,2,1.900,52.02,48.8100,25.9,1.907,52.53,3.97,-63,10.25,
2026-09-18T16:20:27,2,1.893,51.44,48.8150,25.9,1.902,52.15,3.99,-63,9.50,
2026-09-18T16:20:28,2,1.873,49.83,48.8240,25.9,1.900,52.02,3.99,-64,9.25,
2026-09-18T16:20:29,2,1.898,51.82,48.8320,25.9,1.902,52.15,3.99,-61,9.75,
2026-09-18T16:20:37,2,1.898,51.82,48.9040,25.9,1.902,52.15,3.99,-64,9.25,
2026-09-18T16:20:39,2,1.882,50.60,48.9130,25.9,1.900,52.02,3.99,-65,9.50,
2026-09-18T16:20:40,2,1.874,49.89,48.9200,25.9,1.903,52.21,3.99,-67,9.75,
2026-09-18T16:20:41,2,1.898,51.82,48.9310,25.9,1.901,52.08,3.99,-67,9.25,
2026-09-18T16:20:42,2,1.872,49.76,48.9260,25.9,1.904,52.34,4.00,-65,9.25,
2026-09-18T16:20:43,2,1.875,50.02,48.9320,25.9,1.903,52.21,3.99,-65,10.50,
2026-09-18T16:20:44,2,1.900,52.02,48.9350,25.9,1.900,52.02,3.99,-65,9.25,
2026-09-18T16:20:45,2,1.874,49.95,48.9420,25.9,1.903,52.21,3.99,-65,10.00,
2026-09-18T16:20:46,2,1.903,52.28,48.9610,25.9,1.906,52.47,3.96,-65,10.00,
2026-09-18T16:20:47,2,1.895,51.63,48.9720,25.9,1.904,52.34,4.00,-66,9.75,
2026-09-18T16:20:48,2,1.876,50.08,48.9820,25.9,1.903,52.28,3.99,-64,9.25,
2026-09-18T16:20:49,2,1.897,51.76,48.9790,25.9,1.903,52.28,3.99,-65,9.50,
2026-09-18T16:20:51,2,1.870,49.57,48.9870,25.9,1.899,51.89,4.01,-65,10.25,
2026-09-18T16:20:52,2,1.874,49.89,48.9930,25.9,1.903,52.21,3.99,-65,9.75,
2026-09-18T16:20:53,2,1.896,51.70,48.9970,25.9,1.903,52.28,3.99,-65,9.50,
2026-09-18T16:20:54,2,1.877,50.15,48.9900,25.9,1.900,52.02,3.98,-65,9.50,
2026-09-18T16:20:55,2,1.924,53.89,49.0030,25.9,1.907,52.60,3.96,-66,10.00,
2026-09-18T16:20:56,2,1.895,51.63,49.0120,25.9,1.903,52.28,3.99,-66,9.75,
2026-09-18T16:20:57,2,1.874,49.89,49.0250,25.9,1.904,52.34,3.99,-65,9.25,
2026-09-18T16:20:58,2,1.901,52.08,49.0220,25.9,1.908,52.66,3.99,-67,9.50,
2026-09-18T16:20:59,2,1.895,51.57,49.0340,25.9,1.903,52.21,3.99,-66,9.50,
2026-09-18T16:21:00,2,1.874,49.95,49.0470,25.9,1.903,52.28,3.99,-66,9.25,
2026-09-18T16:21:01,2,1.899,51.95,49.0520,25.9,1.901,52.08,3.99,-64,9.25,
2026-09-18T16:21:03,2,1.876,50.08,49.0680,25.9,1.903,52.28,3.99,-65,9.50,
2026-09-18T16:21:04,2,1.874,49.89,49.0730,25.9,1.903,52.21,3.99,-64,9.50,
2026-09-18T16:21:06,2,1.876,50.08,49.0970,25.9,1.904,52.34,3.99,-60,9.50,
2026-09-18T16:21:07,2,1.902,52.15,49.1000,25.9,1.903,52.28,3.99,-65,9.50,
2026-09-18T16:21:08,2,1.896,51.70,49.1010,25.9,1.903,52.28,3.99,-64,9.00,
2026-09-18T16:21:09,2,1.877,50.15,49.1060,25.9,1.903,52.21,3.99,-61,10.00,
2026-09-18T16:21:10,2,1.902,52.15,49.1160,25.9,1.903,52.28,3.99,-63,9.50,
2026-09-18T16:21:11,2,1.876,50.08,49.1320,25.9,1.903,52.21,3.99,-63,9.75,
2026-09-18T16:21:20,2,1.901,52.08,49.1740,25.9,1.909,52.73,3.97,-63,10.25,
2026-09-18T16:21:21,2,1.876,50.08,49.1870,25.9,1.905,52.40,3.98,-65,9.50,
2026-09-18T16:21:22,2,1.900,52.02,49.1900,25.9,1.904,52.34,3.99,-63,9.25,
2026-09-18T16:21:23,2,1.874,49.95,49.2000,25.9,1.904,52.34,3.99,-63,9.00,
2026-09-18T16:21:24,2,1.875,50.02,49.2050,25.9,1.905,52.40,3.99,-63,9.75,
2026-09-18T16:21:26,2,1.899,51.89,49.2080,25.9,1.903,52.28,3.99,-63,9.75,
2026-09-18T16:21:27,2,1.878,50.21,49.2150,25.9,1.903,52.28,3.99,-63,9.25,
2026-09-18T16:21:28,2,1.904,52.34,49.2170,25.9,1.903,52.28,3.98,-61,9.75,
2026-09-18T16:21:29,2,1.899,51.89,49.2350,25.9,1.903,52.28,4.00,-62,9.75,
2026-09-18T16:21:30,2,1.876,50.08,49.2370,25.9,1.905,52.40,3.99,-62,9.50,
2026-09-18T16:21:31,2,1.898,51.82,49.2380,25.9,1.903,52.28,3.99,-62,9.50,
2026-09-18T16:21:32,2,1.879,50.34,49.2440,25.9,1.906,52.47,3.99,-63,10.00,
2026-09-18T16:21:33,2,1.875,50.02,49.2400,25.9,1.904,52.34,4.00,-62,9.50,
2026-09-18T16:21:34,2,1.900,52.02,49.2430,25.9,1.907,52.53,3.99,-64,9.50,
2026-09-18T16:21:35,2,1.871,49.70,49.2600,25.9,1.903,52.21,3.99,-63,10.25,
2026-09-18T16:21:36,2,1.912,52.92,49.2750,25.9,1.910,52.79,3.98,-65,9.50,
2026-09-18T16:21:38,2,1.895,51.63,49.2720,25.9,1.904,52.34,3.99,-64,9.50,
2026-09-18T16:21:39,2,1.878,50.28,49.2750,25.9,1.905,52.40,3.99,-60,9.50,
2026-09-18T16:21:40,2,1.903,52.21,49.2800,25.9,1.904,52.34,3.99,-63,9.50,
2026-09-18T16:21:41,2,1.906,52.47,49.2850,25.9,1.909,52.73,3.97,-62,10.00,
2026-09-18T16:21:42,2,1.878,50.28,49.2880,25.9,1.902,52.15,3.99,-60,9.25,
2026-09-18T16:21:43,2,1.901,52.08,49.2900,25.9,1.905,52.40,3.99,-62,9.75,
2026-09-18T16:21:44,2,1.876,50.08,49.3030,25.9,1.906,52.47,3.99,-61,9.50,
2026-09-18T16:21:45,2,1.876,50.08,49.3050,25.9,1.901,52.08,4.01,-61,9.50,
2026-09-18T16:21:46,2,1.902,52.15,49.3180,25.9,1.903,52.21,3.99,-61,9.75,
2026-09-18T16:21:47,2,1.877,50.15,49.3420,25.9,1.905,52.40,3.99,-64,9.25,
2026-09-18T16:21:48,2,1.908,52.66,49.3430,25.9,1.906,52.47,3.99,-63,9.50,
2026-09-18T16:21:50,2,1.903,52.21,49.3550,25.9,1.925,54.02,3.97,-63,10.25,
2026-09-18T16:21:51,2,1.880,50.41,49.3570,25.9,1.904,52.34,3.99,-64,9.00,
2026-09-18T16:21:52,2,1.904,52.34,49.3550,25.9,1.914,53.11,3.99,-64,9.00,
2026-09-18T16:21:53,2,1.881,50.47,49.3680,25.9,1.906,52.47,3.99,-65,9.75,
2026-09-18T16:21:54,2,1.878,50.28,49.3790,25.9,1.902,52.15,4.01,-64,10.00,
2026-09-18T16:21:55,2,1.903,52.28,49.3860,25.9,1.906,52.47,3.99,-63,10.00,
2026-09-18T16:22:02,2,1.903,52.21,49.4520,25.9,1.909,52.73,3.97,-48,2.50,
2026-09-18T16:22:03,2,1.896,51.70,49.4630,25.9,1.902,52.15,3.99,-56,9.50,
2026-09-18T16:22:04,2,1.906,52.47,49.4720,25.9,1.905,52.40,3.99,-55,9.50,
2026-09-18T16:22:05,2,1.878,50.28,49.4850,25.9,1.906,52.47,3.99,-56,9.75,
2026-09-18T16:22:06,2,1.874,49.95,49.4880,25.9,1.900,52.02,4.01,-57,10.00,
2026-09-18T16:22:07,2,1.900,52.02,49.4890,25.9,1.905,52.40,3.99,-57,9.75,
2026-09-18T16:22:08,2,1.880,50.41,49.4940,25.9,1.905,52.40,3.98,-56,9.75,
2026-09-18T16:22:09,2,1.911,52.86,49.4960,25.9,1.906,52.47,3.99,-57,9.50,
2026-09-18T16:22:10,2,1.905,52.40,49.5040,25.9,1.908,52.66,3.97,-57,10.25,
2026-09-18T16:22:11,2,1.879,50.34,49.5130,25.9,1.904,52.34,3.99,-56,9.50,
2026-09-18T16:22:13,2,1.907,52.53,49.5200,25.9,1.904,52.34,3.99,-57,9.50,
2026-09-18T16:22:14,2,1.881,50.47,49.5430,25.9,1.906,52.47,3.99,-57,10.75,
2026-09-18T16:22:15,2,1.878,50.21,49.5470,25.9,1.902,52.15,4.01,-57,10.25,
2026-09-18T16:22:16,2,1.904,52.34,49.5520,25.9,1.905,52.40,3.99,-56,9.75,
2026-09-18T16:22:17,2,1.879,50.34,49.5630,25.9,1.906,52.47,3.99,-57,9.50,
2026-09-18T16:22:18,2,1.878,50.28,49.5580,25.9,1.903,52.28,4.01,-57,10.00,
2026-09-18T16:22:19,2,1.908,52.66,49.5720,25.9,1.911,52.86,3.97,-56,10.25,
2026-09-18T16:22:20,2,1.879,50.34,49.5800,25.9,1.907,52.60,4.00,-56,9.50,
2026-09-18T16:22:21,2,1.907,52.60,49.5820,25.9,1.906,52.47,3.98,-55,9.75,
2026-09-18T16:22:22,2,1.904,52.34,49.5920,25.9,1.909,52.73,3.97,-56,10.25,
2026-09-18T16:22:23,2,1.878,50.28,49.5970,25.9,1.903,52.21,4.02,-56,9.75,
2026-09-18T16:22:25,2,1.904,52.34,49.5980,25.9,1.910,52.79,3.99,-56,9.50,
2026-09-18T16:22:26,2,1.879,50.34,49.6060,25.9,1.907,52.60,3.99,-56,9.25,
2026-09-18T16:22:27,2,1.878,50.28,49.6080,25.9,1.903,52.21,4.01,-56,10.75,
2026-09-18T16:22:28,2,1.909,52.73,49.6080,25.9,1.911,52.86,3.96,-56,10.00,
2026-09-18T16:22:29,2,1.883,50.66,49.6310,25.9,1.909,52.73,4.00,-56,9.50,
2026-09-18T16:22:30,2,1.911,52.86,49.6370,25.9,1.905,52.40,3.99,-56,9.75,
2026-09-18T16:22:31,2,1.907,52.53,49.6420,25.9,1.910,52.79,3.97,-56,10.25,
2026-09-18T16:22:32,2,1.879,50.34,49.6520,25.9,1.907,52.60,4.01,-57,10.00,
2026-09-18T16:22:33,2,1.907,52.60,49.6460,25.9,1.905,52.40,3.98,-56,10.00,
2026-09-18T16:22:34,2,1.887,50.92,49.6590,25.9,1.907,52.53,3.99,-57,9.50,
2026-09-18T16:22:35,2,1.880,50.41,49.6600,25.9,1.901,52.08,4.01,-56,9.75,
2026-09-18T16:22:37,2,1.908,52.66,49.6730,25.9,1.913,53.05,3.99,-55,9.50,
2026-09-18T16:22:38,2,1.882,50.60,49.6760,25.9,1.907,52.60,3.99,-55,9.75,
2026-09-18T16:22:45,2,1.909,52.73,49.7080,25.9,1.911,52.86,3.99,-56,9.50,
2026-09-18T16:22:46,2,1.884,50.73,49.7140,25.9,1.907,52.60,3.99,-56,9.75,
2026-09-18T16:22:47,2,1.882,50.60,49.7220,25.9,1.902,52.15,4.01,-56,10.00,
2026-09-18T16:22:49,2,1.909,52.73,49.7310,25.9,1.912,52.98,3.97,-56,10.00,
2026-09-18T16:22:50,2,1.887,50.92,49.7300,25.9,1.908,52.66,3.99,-56,9.50,
2026-09-18T16:22:51,2,1.916,53.31,49.7370,25.9,1.907,52.53,3.99,-56,9.25,
2026-09-18T16:22:52,2,1.907,52.60,49.7570,25.9,1.912,52.92,3.97,-56,10.00,
2026-09-18T16:22:53,2,1.880,50.41,49.7710,25.9,1.903,52.28,4.01,-56,10.25,
2026-09-18T16:22:54,2,1.908,52.66,49.7750,25.9,1.907,52.60,3.99,-56,9.50,
2026-09-18T16:22:55,2,1.888,51.05,49.7830,25.9,1.909,52.73,3.97,-55,10.25,
2026-09-18T16:22:56,2,1.882,50.53,49.7860,25.9,1.903,52.28,4.02,-56,9.75,
2026-09-18T16:22:57,2,1.912,52.92,49.7920,25.9,1.912,52.98,3.96,-57,9.75,
2026-09-18T16:22:58,2,1.883,50.66,49.8040,25.9,1.909,52.73,3.99,-55,9.50,
2026-09-18T16:22:59,2,1.882,50.60,49.8070,25.9,1.906,52.47,4.01,-55,10.50,
2026-09-18T16:23:01,2,1.904,52.34,49.8090,25.9,1.914,53.11,3.97,-56,10.25,
2026-09-18T16:23:02,2,1.896,51.70,49.8130,25.9,1.906,52.47,4.01,-55,10.00,
2026-09-18T16:23:03,2,1.915,53.18,49.8160,25.9,1.908,52.66,3.99,-55,9.50,
2026-09-18T16:23:04,2,1.907,52.60,49.8210,25.9,1.911,52.86,3.97,-55,10.25,
2026-09-18T16:23:05,2,1.884,50.73,49.8170,25.9,1.904,52.34,4.01,-56,10.00,
2026-09-18T16:23:06,2,1.915,53.18,49.8240,25.9,1.915,53.18,3.96,-56,9.75,
2026-09-18T16:23:07,2,1.885,50.79,49.8310,25.9,1.899,51.89,3.99,-56,9.50,
2026-09-18T16:23:08,2,1.881,50.47,49.8330,25.9,1.906,52.47,4.01,-56,9.75,
2026-09-18T16:23:09,2,1.911,52.86,49.8400,25.9,1.915,53.18,3.97,-56,10.00,
2026-09-18T16:23:10,2,1.882,50.53,49.8520,25.9,1.905,52.40,4.01,-56,10.00,
2026-09-18T16:23:11,2,1.915,53.18,49.8560,25.9,1.910,52.79,3.98,-56,9.75,
2026-09-18T16:23:13,2,1.910,52.79,49.8610,25.9,1.913,53.05,3.97,-54,10.00,
2026-09-18T16:23:14,2,1.870,49.57,49.8700,25.9,1.906,52.47,4.01,-56,9.75,
2026-09-18T16:23:15,2,1.912,52.92,49.8660,25.9,1.911,52.86,3.99,-56,9.75,
2026-09-18T16:23:16,2,1.911,52.86,49.8790,25.9,1.905,52.40,3.97,-56,10.00,
2026-09-18T16:23:17,2,1.883,50.66,49.8840,25.9,1.906,52.47,4.01,-56,9.75,
2026-09-18T16:23:18,2,1.912,52.92,49.8910,25.9,1.914,53.11,3.97,-56,10.00,
2026-09-18T16:23:19,2,1.887,50.92,49.9060,25.9,1.912,52.92,3.99,-56,9.50,
2026-09-18T16:23:20,2,1.886,50.86,49.9150,25.9,1.909,52.73,4.01,-56,10.00,
2026-09-18T16:23:28,2,1.887,50.92,49.9970,25.9,1.912,52.98,3.99,-55,9.50,
2026-09-18T16:23:29,2,1.883,50.66,50.0160,25.9,1.907,52.53,4.01,-56,9.75,
2026-09-18T16:23:30,2,1.912,52.98,50.0250,25.9,1.912,52.92,3.97,-56,10.00,
2026-09-18T16:23:31,2,1.882,50.60,50.0310,25.9,1.908,52.66,4.01,-56,10.00,
2026-09-18T16:23:32,2,1.886,50.86,50.0380,25.9,1.908,52.66,4.02,-56,9.25,
2026-09-18T16:23:33,2,1.912,52.92,50.0470,25.9,1.912,52.98,3.97,-56,10.00,
2026-09-18T16:23:34,2,1.885,50.79,50.0600,25.9,1.909,52.73,4.01,-56,10.00,
2026-09-18T16:23:36,2,1.918,53.44,50.0700,25.9,1.917,53.37,3.96,-56,9.75,
2026-09-18T16:23:37,2,1.913,53.05,50.0790,25.9,1.915,53.18,3.97,-56,10.00,
2026-09-18T16:23:38,2,1.883,50.66,50.0840,25.9,1.909,52.73,4.01,-56,9.75,
2026-09-18T16:23:39,2,1.915,53.18,50.0830,25.9,1.913,53.05,3.96,-55,9.50,
2026-09-18T16:23:40,2,1.884,50.73,50.1090,25.9,1.908,52.66,4.01,-56,9.75,
2026-09-18T16:23:41,2,1.885,50.79,50.1190,25.9,1.912,52.98,4.01,-56,9.75,
2026-09-18T16:23:42,2,1.914,53.11,50.1120,25.9,1.915,53.18,3.97,-56,10.25,
2026-09-18T16:23:43,2,1.885,50.79,50.1130,25.9,1.910,52.79,4.01,-56,9.50,
2026-09-18T16:23:44,2,1.922,53.76,50.1120,25.9,1.918,53.44,3.96,-55,9.75,
2026-09-18T16:23:45,2,1.903,52.28,50.1250,25.9,1.916,53.31,3.97,-56,10.00,
2026-09-18T16:23:46,2,1.887,50.99,50.1240,25.9,1.910,52.79,4.01,-56,9.75,
2026-09-18T16:23:48,2,1.920,53.56,50.1390,25.9,1.915,53.18,3.97,-55,10.75,
2026-09-18T16:23:49,2,1.889,51.12,50.1370,25.9,1.908,52.66,3.99,-56,9.25,
2026-09-18T16:23:50,2,1.887,50.99,50.1400,25.9,1.907,52.60,4.01,-56,9.75,
2026-09-18T16:23:51,2,1.909,52.73,50.1510,25.9,1.918,53.44,3.97,-55,10.25,
2026-09-18T16:23:52,2,1.886,50.86,50.1900,25.9,1.911,52.86,4.01,-56,10.25,
2026-09-18T16:23:53,2,1.882,50.60,50.2110,25.9,1.910,52.79,4.01,-56,9.50,
2026-09-18T16:23:54,2,1.905,52.40,50.2330,25.9,1.915,53.18,3.97,-55,10.25,
2026-09-18T16:23:55,2,1.887,50.99,50.2590,25.9,1.909,52.73,4.01,-56,10.25,
2026-09-18T16:23:56,2,1.922,53.76,50.2780,25.9,1.917,53.37,3.96,-56,10.00,
2026-09-18T16:23:57,2,1.917,53.37,50.3100,25.9,1.918,53.44,3.97,-55,10.25,
2026-09-18T16:23:58,2,1.888,51.05,50.3400,25.9,1.911,52.86,4.01,-57,10.00,
2026-09-18T16:24:00,2,1.919,53.50,50.3590,25.9,1.920,53.56,3.97,-56,9.75,
2026-09-18T16:24:01,2,1.891,51.24,50.3710,25.9,1.911,52.86,4.01,-56,10.75,
2026-09-18T16:24:02,2,1.888,51.05,50.3950,25.9,1.912,52.92,4.01,-57,9.75,
2026-09-18T16:24:09,2,1.915,53.18,50.5750,25.9,1.914,53.00,3.99,-45,-2.50,
2026-09-18T16:24:10,2,1.891,51.24,50.5820,25.9,1.912,52.92,4.01,-55,10.00,
2026-09-18T16:24:12,2,1.919,53.50,50.5900,25.9,1.919,53.50,3.97,-54,10.00,
2026-09-18T16:24:13,2,1.887,50.99,50.5970,25.9,1.912,52.92,4.01,-54,9.50,
2026-09-18T16:24:14,2,1.895,51.57,50.6010,25.9,1.918,53.44,3.98,-54,9.75,
2026-09-18T16:24:15,2,1.919,53.50,50.5990,25.9,1.919,53.50,3.97,-54,10.00,
2026-09-18T16:24:16,2,1.891,51.24,50.5950,25.9,1.908,52.66,4.01,-54,9.75,
2026-09-18T16:24:17,2,1.924,53.95,50.5920,25.9,1.920,53.63,3.96,-54,9.75,
2026-09-18T16:24:18,2,1.915,53.18,50.5860,25.9,1.916,53.31,3.99,-54,9.50,
2026-09-18T16:24:19,2,1.892,51.37,50.5840,25.9,1.913,53.05,4.01,-54,9.75,
2026-09-18T16:24:20,2,1.920,53.63,50.5800,25.9,1.918,53.44,3.96,-54,10.00,
2026-09-18T16:24:21,2,1.889,51.12,50.5720,25.9,1.912,52.98,4.01,-54,10.25,
2026-09-18T16:24:23,2,1.893,51.44,50.5710,25.9,1.916,53.31,3.99,-54,9.50,
2026-09-18T16:24:24,2,1.920,53.56,50.5620,25.9,1.918,53.44,3.97,-54,10.00,
2026-09-18T16:24:25,2,1.891,51.24,50.5560,25.9,1.913,53.05,4.01,-54,10.00,
2026-09-18T16:24:26,2,1.911,52.86,50.5440,25.9,1.920,53.63,3.99,-54,9.50,
2026-09-18T16:24:27,2,1.916,53.31,50.5430,25.9,1.916,53.24,3.99,-54,9.50,
2026-09-18T16:24:28,2,1.891,51.24,50.5180,25.9,1.912,52.98,4.01,-54,9.75,
2026-09-18T16:24:29,2,1.924,53.95,50.5040,25.9,1.918,53.44,3.96,-53,10.25,
2026-09-18T16:24:30,2,1.913,53.05,50.4960,25.9,1.916,53.24,3.99,-54,9.50,
2026-09-18T16:24:31,2,1.888,51.05,50.4810,25.9,1.912,52.92,4.01,-54,9.75,
2026-09-18T16:24:32,2,1.916,53.31,50.4630,25.9,1.917,53.37,3.97,-54,10.25,
2026-09-18T16:24:33,2,1.887,50.92,50.4290,25.9,1.910,52.79,4.01,-54,9.75,
2026-09-18T16:24:35,2,1.890,51.18,50.4130,25.9,1.916,53.31,3.99,-54,9.75,
2026-09-18T16:24:36,2,1.917,53.37,50.3990,25.9,1.917,53.37,3.97,-54,10.00,
2026-09-18T16:24:37,2,1.887,50.99,50.3880,25.9,1.912,52.92,4.01,-54,9.75,
2026-09-18T16:24:38,2,1.922,53.76,50.3650,25.9,1.916,53.31,3.96,-54,10.00,
2026-09-18T16:24:39,2,1.914,53.11,50.3460,25.9,1.916,53.31,3.98,-54,9.75,
2026-09-18T16:24:40,2,1.890,51.18,50.3220,25.9,1.913,53.05,4.01,-56,10.25,
2026-09-18T16:24:41,2,1.916,53.31,50.3100,25.9,1.919,53.50,3.97,-55,10.25,
2026-09-18T16:24:42,2,1.886,50.86,50.3020,25.9,1.911,52.86,4.01,-55,10.00,
2026-09-18T16:24:43,2,1.888,51.05,50.2800,25.9,1.916,53.24,3.98,-55,10.00,
2026-09-18T16:24:44,2,1.916,53.24,50.2790,25.9,1.916,53.31,3.97,-55,10.50,
2026-09-18T16:24:53,2,1.913,53.05,50.2350,25.9,1.918,53.44,3.97,-54,10.00,
2026-09-18T16:24:54,2,1.885,50.79,50.2340,25.9,1.912,52.98,4.01,-55,10.00,
2026-09-18T16:24:55,2,1.889,51.12,50.2300,25.9,1.914,53.11,3.99,-55,10.00,
2026-09-18T16:24:56,2,1.915,53.18,50.2210,25.9,1.917,53.37,3.99,-54,9.50,
2026-09-18T16:24:57,2,1.887,50.92,50.2220,25.9,1.911,52.86,4.01,-55,9.75,
2026-09-18T16:24:59,2,1.922,53.76,50.2280,25.9,1.920,53.56,3.96,-55,9.50,
2026-09-18T16:25:00,2,1.912,52.92,50.2320,25.9,1.913,53.05,3.99,-55,9.00,
2026-09-18T16:25:01,2,1.890,51.18,50.2280,25.9,1.915,53.18,3.98,-55,10.00,
2026-09-18T16:25:02,2,1.917,53.37,50.2230,25.9,1.919,53.50,3.97,-55,10.00,
2026-09-18T16:25:03,2,1.886,50.86,50.2270,25.9,1.912,52.92,3.99,-54,9.50,
2026-09-18T16:25:04,2,1.887,50.99,50.2140,25.9,1.914,53.11,3.99,-53,9.00,
2026-09-18T16:25:05,2,1.912,52.92,50.2150,25.9,1.914,53.11,3.99,-54,9.50,
2026-09-18T16:25:06,2,1.884,50.73,50.2080,25.9,1.915,53.18,4.01,-55,9.75,
2026-09-18T16:25:07,2,1.888,51.05,50.2080,25.9,1.914,53.11,3.99,-54,9.25,
2026-09-18T16:25:08,2,1.913,53.05,50.1970,25.9,1.914,53.11,3.99,-54,9.50,
2026-09-18T16:25:09,2,1.888,51.05,50.1990,25.9,1.912,52.98,3.98,-53,9.25,
2026-09-18T16:25:11,2,1.921,53.69,50.1970,25.9,1.916,53.31,3.96,-54,9.50,
2026-09-18T16:25:12,2,1.914,53.11,50.1980,25.9,1.916,53.24,3.99,-53,9.25,
2026-09-18T16:25:13,2,1.891,51.31,50.2000,25.9,1.913,53.05,3.98,-53,9.50,
2026-09-18T16:25:14,2,1.916,53.24,50.1960,25.9,1.912,52.92,3.97,-54,10.25,
2026-09-18T16:25:15,2,1.886,50.86,50.2010,25.9,1.912,52.92,4.01,-55,10.25,
2026-09-18T16:25:16,2,1.889,51.12,50.2040,25.9,1.912,52.98,3.99,-54,9.50,
2026-09-18T16:25:17,2,1.913,53.05,50.2040,25.9,1.914,53.11,3.99,-54,9.50,
2026-09-18T16:25:18,2,1.887,50.99,50.2070,25.9,1.908,52.66,4.01,-55,9.75,
2026-09-18T16:25:19,2,1.923,53.82,50.1970,25.9,1.915,53.18,3.96,-54,9.75,
2026-09-18T16:25:20,2,1.908,52.66,50.2030,25.9,1.916,53.31,3.99,-54,9.50,
2026-09-18T16:25:22,2,1.889,51.12,50.2050,25.9,1.914,53.11,3.99,-54,9.75,
2026-09-18T16:25:23,2,1.916,53.24,50.2050,25.9,1.915,53.18,3.97,-54,10.25,
2026-09-18T16:25:24,2,1.892,51.37,50.2090,25.9,1.910,52.79,3.99,-54,9.50,
2026-09-18T16:25:25,2,1.889,51.12,50.2140,25.9,1.914,53.11,3.99,-54,9.25,
2026-09-18T16:25:26,2,1.913,53.05,50.2190,25.9,1.911,52.86,3.99,-54,9.25,
2026-09-18T16:25:27,2,1.887,50.92,50.2170,25.9,1.908,52.66,4.01,-55,12.75,
2026-09-18T16:25:28,2,1.891,51.31,50.2170,25.9,1.913,53.05,3.99,-54,9.25,
2026-09-18T16:25:32,2,1.911,52.86,50.2120,25.9,1.910,52.79,3.99,-45,-3.25,
2026-09-18T16:25:35,2,1.918,53.44,50.2070,25.9,1.912,52.98,3.99,-45,-3.25,
2026-09-18T16:25:36,2,1.885,50.79,50.2050,25.9,1.908,52.66,4.01,-55,10.00,
2026-09-18T16:25:37,2,1.890,51.18,50.2050,25.9,1.914,53.11,3.99,-55,9.75,
2026-09-18T16:25:38,2,1.912,52.92,50.2070,25.9,1.912,52.98,3.99,-55,9.50,
2026-09-18T16:25:39,2,1.891,51.24,50.2030,25.9,1.914,53.11,3.98,-55,10.00,
2026-09-18T16:25:40,2,1.924,53.95,50.1970,25.9,1.916,53.24,3.96,-55,9.75,
2026-09-18T16:25:41,2,1.911,52.86,50.1910,25.9,1.912,52.92,3.99,-55,9.25,
2026-09-18T16:25:42,2,1.889,51.12,50.1810,25.9,1.915,53.18,3.99,-55,9.50,
2026-09-18T16:25:43,2,1.915,53.18,50.1760,25.9,1.910,52.79,3.99,-55,9.50,
2026-09-18T16:25:44,2,1.885,50.79,50.1810,25.9,1.912,52.92,4.01,-55,9.75,
2026-09-18T16:25:46,2,1.889,51.12,50.1670,25.9,1.912,52.92,3.99,-55,9.50,
2026-09-18T16:25:47,2,1.912,52.98,50.1630,25.9,1.910,52.79,3.99,-55,9.25,
2026-09-18T16:25:48,2,1.888,51.05,50.1620,25.9,1.915,53.18,3.98,-55,10.00,
2026-09-18T16:25:49,2,1.888,51.05,50.1610,25.9,1.912,52.98,3.99,-55,9.25,
2026-09-18T16:25:50,2,1.910,52.79,50.1530,25.9,1.902,52.15,3.99,-55,9.25,
2026-09-18T16:25:51,2,1.890,51.18,50.1610,25.9,1.909,52.73,3.99,-55,9.50,
2026-09-18T16:25:52,2,1.916,53.24,50.1480,25.9,1.922,53.76,3.96,-55,9.75,
2026-09-18T16:25:53,2,1.910,52.79,50.1540,25.9,1.912,52.92,3.99,-55,9.75,
2026-09-18T16:25:54,2,1.888,51.05,50.1460,25.9,1.911,52.86,3.99,-54,9.50,
2026-09-18T16:25:55,2,1.907,52.60,50.1430,25.9,1.912,52.92,3.99,-56,9.50,
2026-09-18T16:25:56,2,1.884,50.73,50.1370,25.9,1.906,52.47,4.01,-55,10.00,
2026-09-18T16:25:58,2,1.887,50.99,50.1270,25.9,1.912,52.92,3.99,-55,9.75,
2026-09-18T16:25:59,2,1.913,53.05,50.1240,25.9,1.908,52.66,3.99,-55,9.50,
2026-09-18T16:26:00,2,1.891,51.24,50.1280,25.9,1.912,52.92,3.99,-55,9.50,
2026-09-18T16:26:01,2,1.924,53.95,50.1230,25.9,1.915,53.18,3.96,-55,9.50,
2026-09-18T16:26:02,2,1.910,52.79,50.1200,25.9,1.914,53.11,3.99,-55,9.75,
2026-09-18T16:26:03,2,1.887,50.99,50.1280,25.9,1.901,52.08,3.99,-55,9.25,
2026-09-18T16:26:04,2,1.914,53.11,50.1080,25.9,1.911,52.86,3.99,-55,9.75,
2026-09-18T16:26:05,2,1.910,52.79,50.1100,25.9,1.920,53.56,3.99,-55,9.25,
2026-09-18T16:26:06,2,1.887,50.99,50.1130,25.9,1.912,52.92,3.99,-54,9.50,
2026-09-18T16:26:07,2,1.909,52.73,50.1130,25.9,1.912,52.98,3.99,-54,9.25,
2026-09-18T16:26:08,2,1.889,51.12,50.1210,25.9,1.911,52.86,3.98,-54,9.50,
2026-09-18T16:26:10,2,1.888,51.05,50.1190,25.9,1.912,52.92,3.99,-54,9.25,
2026-09-18T16:26:16,2,1.912,52.98,50.1100,25.9,1.913,53.05,3.99,-44,-2.75,
2026-09-18T16:26:17,2,1.888,51.05,50.1180,25.9,1.912,52.92,3.98,-44,-2.50,
2026-09-18T16:26:18,2,1.889,51.12,50.1300,25.9,1.912,52.92,3.99,-53,9.00,
2026-09-18T16:26:19,2,1.908,52.66,50.1160,25.9,1.911,52.86,3.99,-53,9.25,
2026-09-18T16:26:21,2,1.886,50.86,50.1160,25.9,1.914,53.11,3.98,-53,9.75,
2026-09-18T16:26:22,2,1.919,53.50,50.1110,25.9,1.910,52.79,3.98,-53,9.50,
2026-09-18T16:26:23,2,1.910,52.79,50.1130,25.9,1.911,52.86,3.99,-53,9.25,
2026-09-18T16:26:24,2,1.890,51.18,50.1070,25.9,1.910,52.79,3.99,-53,9.50,
2026-09-18T16:26:25,2,1.912,52.98,50.1070,25.9,1.913,53.05,3.98,-53,12.00,
2026-09-18T16:26:26,2,1.913,53.05,50.0800,25.9,1.918,53.44,3.96,-53,9.50,
2026-09-18T16:26:27,2,1.887,50.92,50.0740,25.9,1.908,52.66,3.99,-53,9.00,
2026-09-18T16:26:28,2,1.912,52.92,50.0680,25.9,1.912,52.92,3.99,-53,9.25,
2026-09-18T16:26:29,2,1.887,50.92,50.0600,25.9,1.912,52.92,3.98,-54,9.75,
2026-09-18T16:26:30,2,1.884,50.73,50.0590,25.9,1.896,51.70,4.01,-54,9.75,
2026-09-18T16:26:31,2,1.909,52.73,50.0530,25.9,1.911,52.86,3.99,-53,9.50,
2026-09-18T16:26:33,2,1.887,50.92,50.0500,25.9,1.914,53.11,3.99,-53,9.75,
2026-09-18T16:26:34,2,1.916,53.24,50.0350,25.9,1.912,52.92,3.99,-54,9.50,
2026-09-18T16:26:35,2,1.912,52.92,50.0430,25.9,1.905,52.40,3.97,-54,10.00,
2026-09-18T16:26:36,2,1.887,50.92,50.0370,25.9,1.912,52.92,3.99,-53,9.50,
2026-09-18T16:26:37,2,1.912,52.92,50.0310,25.9,1.909,52.73,3.99,-53,9.25,
2026-09-18T16:26:38,2,1.887,50.92,50.0170,25.9,1.912,52.92,3.99,-53,9.00,
2026-09-18T16:26:39,2,1.887,50.92,50.0190,25.9,1.907,52.53,3.99,-53,9.50,
2026-09-18T16:26:40,2,1.909,52.73,50.0210,25.9,1.910,52.79,3.99,-53,9.25,
2026-09-18T16:26:41,2,1.887,50.92,50.0200,25.9,1.913,53.05,3.99,-52,9.00,
2026-09-18T16:26:42,2,1.917,53.37,50.0210,25.9,1.911,52.86,3.98,-54,9.75,
2026-09-18T16:26:43,2,1.907,52.60,50.0220,25.9,1.924,53.95,3.98,-54,9.75,
2026-09-18T16:26:45,2,1.891,51.31,50.0250,25.9,1.907,52.60,3.98,-54,9.75,
2026-09-18T16:26:46,2,1.912,52.92,50.0370,25.9,1.909,52.73,3.99,-54,9.25,
2026-09-18T16:26:47,2,1.893,51.44,50.0460,25.9,1.912,52.92,3.96,-54,9.75,
2026-09-18T16:26:48,2,1.887,50.92,50.0490,25.9,1.911,52.86,3.99,-54,9.50,
2026-09-18T16:26:49,2,1.912,52.98,50.0560,25.9,1.910,52.79,3.99,-54,9.75,
2026-09-18T16:26:50,2,1.886,50.86,50.0560,25.9,1.909,52.73,3.99,-53,12.00,
2026-09-18T16:26:51,2,1.883,50.66,50.0530,25.9,1.907,52.53,4.01,-54,10.00,
2026-09-18T16:26:52,2,1.907,52.53,50.0570,25.9,1.910,52.79,3.99,-54,9.75,
2026-09-18T16:26:53,2,1.887,50.92,50.0620,25.9,1.909,52.73,3.99,-54,9.50,
2026-09-18T16:27:01,2,1.912,52.92,50.0460,25.9,1.909,52.73,3.99,-46,5.25,
2026-09-18T16:27:02,2,1.891,51.31,50.0380,25.9,1.912,52.98,3.99,-54,9.25,
2026-09-18T16:27:03,2,1.916,53.31,50.0380,25.9,1.911,52.86,3.98,-53,9.75,
2026-09-18T16:27:04,2,1.907,52.53,50.0410,25.9,1.913,53.05,3.96,-54,9.75,
2026-09-18T16:27:05,2,1.885,50.79,50.0350,25.9,1.909,52.73,3.99,-54,9.50,
2026-09-18T16:27:06,2,1.912,52.98,50.0180,25.9,1.909,52.73,3.99,-54,9.25,
2026-09-18T16:27:07,2,1.911,52.86,50.0210,25.9,1.913,53.05,3.96,-54,9.50,
2026-09-18T16:27:09,2,1.884,50.73,50.0120,25.9,1.907,52.60,4.01,-54,10.00,
2026-09-18T16:27:10,2,1.907,52.60,50.0140,25.9,1.907,52.60,3.99,-54,9.25,
2026-09-18T16:27:12,2,1.884,50.73,50.0140,25.9,1.905,52.40,4.01,-56,10.00,
2026-09-18T16:27:13,2,1.914,53.11,50.0000,25.9,1.915,53.18,3.97,-53,10.25,
2026-09-18T16:27:14,2,1.884,50.73,49.9910,25.9,1.912,52.98,3.99,-54,9.50,
2026-09-18T16:27:15,2,1.916,53.31,49.9910,25.9,1.908,52.66,3.99,-54,9.25,
2026-09-18T16:27:16,2,1.912,52.92,49.9920,25.9,1.909,52.73,3.96,-53,9.75,
2026-09-18T16:27:17,2,1.883,50.66,49.9880,25.9,1.905,52.40,3.99,-54,9.50,
2026-09-18T16:27:18,2,1.912,52.92,49.9930,25.9,1.911,52.86,3.99,-54,9.50,
2026-09-18T16:27:20,2,1.885,50.79,49.9910,25.9,1.908,52.66,3.99,-54,9.25,
2026-09-18T16:27:21,2,1.875,50.02,49.9930,25.9,1.907,52.53,4.01,-55,10.00,
2026-09-18T16:27:22,2,1.923,53.82,50.0020,25.9,1.908,52.66,3.99,-54,9.75,
2026-09-18T16:27:23,2,1.902,52.15,49.9960,25.9,1.907,52.53,3.99,-54,9.50,
2026-09-18T16:27:24,2,1.921,53.69,49.9940,25.9,1.907,52.60,3.99,-54,9.50,
2026-09-18T16:27:25,2,1.912,52.98,49.9860,25.9,1.911,52.86,3.96,-54,9.75,
2026-09-18T16:27:26,2,1.885,50.79,49.9970,25.9,1.911,52.86,3.99,-54,9.50,
2026-09-18T16:27:27,2,1.912,52.92,49.9880,25.9,1.909,52.73,3.99,-53,9.50,
2026-09-18T16:27:28,2,1.915,53.18,49.9980,25.9,1.913,53.05,3.97,-54,10.00,
2026-09-18T16:27:29,2,1.883,50.66,49.9980,25.9,1.907,52.60,4.01,-54,9.50,
2026-09-18T16:27:30,2,1.901,52.08,50.0100,25.9,1.912,52.92,3.99,-54,9.75,
2026-09-18T16:27:32,2,1.874,49.89,49.9980,25.9,1.910,52.79,3.99,-54,9.50,
2026-09-18T16:27:33,2,1.886,50.86,50.0070,25.9,1.905,52.40,4.01,-55,9.75,
2026-09-18T16:27:34,2,1.912,52.92,50.0090,25.9,1.913,53.05,3.96,-54,9.75,
2026-09-18T16:27:35,2,1.875,50.02,50.0120,25.9,1.906,52.47,3.99,-54,9.50,
2026-09-18T16:27:36,2,1.917,53.37,50.0160,25.9,1.912,52.92,3.98,-54,9.75,
2026-09-18T16:27:44,2,1.886,50.86,49.9720,25.9,1.909,52.73,3.99,-46,-0.25,
2026-09-18T16:27:45,2,1.916,53.24,49.9720,25.9,1.907,52.60,3.99,-55,9.50,
2026-09-18T16:27:46,2,1.907,52.60,49.9740,25.9,1.912,52.92,3.96,-55,10.00,
2026-09-18T16:27:47,2,1.885,50.79,49.9660,25.9,1.902,52.15,4.01,-55,10.00,
2026-09-18T16:27:48,2,1.912,52.98,49.9670,25.9,1.907,52.53,3.99,-55,9.50,
2026-09-18T16:27:49,2,1.911,52.86,49.9580,25.9,1.910,52.79,3.97,-54,10.00,
2026-09-18T16:27:50,2,1.882,50.53,49.9510,25.9,1.906,52.47,4.01,-54,10.25,
2026-09-18T16:27:51,2,1.916,53.31,49.9580,25.9,1.914,53.11,3.96,-55,10.00,
2026-09-18T16:27:52,2,1.879,50.34,49.9620,25.9,1.910,52.79,3.99,-54,9.00,
2026-09-18T16:27:53,2,1.885,50.79,49.9570,25.9,1.904,52.34,4.01,-55,10.00,
2026-09-18T16:27:54,2,1.912,52.98,49.9530,25.9,1.910,52.79,3.96,-55,9.75,
2026-09-18T16:27:56,2,1.878,50.28,49.9520,25.9,1.906,52.47,4.01,-55,10.00,
2026-09-18T16:27:57,2,1.917,53.37,49.9520,25.9,1.912,52.98,3.98,-55,9.75,
2026-09-18T16:27:58,2,1.912,52.98,49.9550,25.9,1.911,52.86,3.97,-55,10.25,
2026-09-18T16:27:59,2,1.883,50.66,49.9650,25.9,1.902,52.15,4.01,-56,10.25,
2026-09-18T16:28:00,2,1.898,51.82,49.9670,25.9,1.912,52.98,3.99,-55,9.50,
2026-09-18T16:28:01,2,1.890,51.18,49.9670,25.9,1.907,52.60,3.99,-55,9.50,
2026-09-18T16:28:02,2,1.886,50.86,49.9640,25.9,1.904,52.34,4.01,-56,9.75,
2026-09-18T16:28:03,2,1.912,52.98,49.9760,25.9,1.912,52.98,3.96,-55,9.75,
2026-09-18T16:28:04,2,1.886,50.86,49.9770,25.9,1.907,52.60,3.99,-55,9.50,
2026-09-18T16:28:05,2,1.884,50.73,49.9790,25.9,1.905,52.40,4.01,-55,9.75,
2026-09-18T16:28:07,2,1.911,52.86,49.9850,25.9,1.910,52.79,3.97,-54,10.00,
2026-09-18T16:28:08,2,1.881,50.47,49.9900,25.9,1.915,53.18,4.01,-55,9.75,
2026-09-18T16:28:09,2,1.912,52.98,49.9980,25.9,1.908,52.66,3.99,-55,9.25,
2026-09-18T16:28:10,2,1.914,53.11,49.9950,25.9,1.910,52.79,3.97,-55,10.00,
2026-09-18T16:28:11,2,1.884,50.73,50.0000,25.9,1.905,52.40,4.01,-55,10.00,
2026-09-18T16:28:12,2,1.914,53.11,49.9980,25.9,1.914,53.11,3.96,-55,10.00,
2026-09-18T16:28:13,2,1.887,50.99,49.9980,25.9,1.910,52.79,3.99,-55,9.75,
2026-09-18T16:28:14,2,1.882,50.53,49.9990,25.9,1.903,52.21,4.01,-55,10.00,
2026-09-18T16:28:15,2,1.911,52.86,49.9920,25.9,1.911,52.86,3.97,-55,10.00,
2026-09-18T16:28:16,2,1.883,50.66,50.0000,25.9,1.918,53.44,4.01,-55,10.00,
2026-09-18T16:28:17,2,1.915,53.18,50.0080,25.9,1.909,52.73,3.98,-55,9.75,
2026-09-18T16:28:19,2,1.912,52.98,50.0050,25.9,1.911,52.86,3.97,-55,10.00,
2026-09-18T16:28:26,2,1.875,50.02,49.9930,25.9,1.905,52.40,0.00,-44,2.75,
2026-09-18T16:28:27,2,1.912,52.92,49.9820,25.9,1.912,52.92,3.96,-55,9.50,
2026-09-18T16:28:28,2,1.887,50.92,49.9760,25.9,1.903,52.21,4.01,-56,9.75,
2026-09-18T16:28:29,2,1.920,53.63,49.9830,25.9,1.912,52.92,3.96,-54,10.00,
2026-09-18T16:28:31,2,1.909,52.73,49.9690,25.9,1.912,52.92,3.97,-54,10.00,
2026-09-18T16:28:32,2,1.882,50.60,49.9660,25.9,1.908,52.66,4.01,-55,9.50,
2026-09-18T16:28:33,2,1.913,53.05,49.9590,25.9,1.912,52.98,3.96,-55,9.75,
2026-09-18T16:28:34,2,1.884,50.73,49.9660,25.9,1.903,52.21,4.01,-55,10.00,
2026-09-18T16:28:35,2,1.883,50.66,49.9670,25.9,1.904,52.34,4.01,-55,10.00,
2026-09-18T16:28:36,2,1.912,52.92,49.9740,25.9,1.910,52.79,3.97,-54,9.75,
2026-09-18T16:28:37,2,1.882,50.60,49.9570,25.9,1.903,52.28,4.01,-55,9.75,
2026-09-18T16:28:38,2,1.918,53.44,49.9560,25.9,1.927,54.15,3.96,-55,10.00,
2026-09-18T16:28:39,2,1.909,52.73,49.9640,25.9,1.911,52.86,3.97,-54,10.25,
2026-09-18T16:28:40,2,1.883,50.66,49.9600,25.9,1.903,52.28,4.01,-55,9.75,
2026-09-18T16:28:41,2,1.914,53.11,49.9550,25.9,1.909,52.73,3.96,-54,9.75,
2026-09-18T16:28:43,2,1.887,50.92,49.9560,25.9,1.912,52.92,3.99,-54,9.50,
2026-09-18T16:28:44,2,1.884,50.73,49.9490,25.9,1.903,52.28,4.01,-55,10.00,
2026-09-18T16:28:45,2,1.926,54.08,49.9520,25.9,1.909,52.73,3.96,-54,9.75,
2026-09-18T16:28:46,2,1.884,50.73,49.9570,25.9,1.905,52.40,4.01,-55,10.00,
2026-09-18T16:28:47,2,1.902,52.15,49.9610,25.9,1.907,52.53,4.01,-55,9.75,
2026-09-18T16:28:48,2,1.912,52.98,49.9660,25.9,1.912,52.92,3.97,-54,10.00,
2026-09-18T16:28:49,2,1.884,50.73,49.9460,25.9,1.903,52.28,4.01,-55,9.75,
2026-09-18T16:28:50,2,1.916,53.31,49.9550,25.9,1.912,52.98,3.96,-54,9.75,
2026-09-18T16:28:51,2,1.911,52.86,49.9580,25.9,1.908,52.66,3.97,-54,10.00,
2026-09-18T16:28:52,2,1.885,50.79,49.9570,25.9,1.904,52.34,4.01,-55,10.25,
2026-09-18T16:28:53,2,1.913,53.05,49.9550,25.9,1.911,52.86,3.96,-54,9.75,
2026-09-18T16:28:55,2,1.884,50.73,49.9480,25.9,1.903,52.28,4.01,-54,10.00,
2026-09-18T16:28:56,2,1.881,50.47,49.9470,25.9,1.904,52.34,4.01,-54,10.00,
2026-09-18T16:28:57,2,1.912,52.98,49.9480,25.9,1.909,52.73,3.97,-54,10.00,
2026-09-18T16:28:58,2,1.882,50.60,49.9430,25.9,1.903,52.28,4.01,-55,9.50,
2026-09-18T16:28:59,2,1.917,53.37,49.9470,25.9,1.912,52.98,3.96,-54,10.25,
2026-09-18T16:29:00,2,1.911,52.86,49.9340,25.9,1.907,52.60,3.97,-54,10.25,
2026-09-18T16:29:01,2,1.882,50.53,49.9360,25.9,1.903,52.21,4.01,-54,9.50,
2026-09-18T16:29:09,2,1.912,52.98,49.9450,25.9,1.912,52.98,0.00,-41,0.00,
2026-09-18T16:29:10,2,1.882,50.60,49.9410,25.9,1.905,52.40,4.01,-55,10.00,
2026-09-18T16:29:11,2,1.916,53.31,49.9360,25.9,1.913,53.05,3.96,-54,9.75,
2026-09-18T16:29:12,2,1.907,52.53,49.9270,25.9,1.911,52.86,3.99,-54,9.50,
2026-09-18T16:29:13,2,1.882,50.60,49.9220,25.9,1.904,52.34,4.01,-54,9.75,
2026-09-18T16:29:14,2,1.912,52.98,49.9290,25.9,1.909,52.73,3.97,-53,9.75,
2026-09-18T16:29:15,2,1.884,50.73,49.9210,25.9,1.903,52.21,4.01,-54,9.50,
2026-09-18T16:29:16,2,1.886,50.86,49.9220,25.9,1.904,52.34,3.98,-54,9.50,
2026-09-18T16:29:18,2,1.912,52.98,49.9320,25.9,1.909,52.73,3.97,-53,10.25,
2026-09-18T16:29:19,2,1.882,50.60,49.9180,25.9,1.904,52.34,4.01,-54,9.50,
2026-09-18T16:29:20,2,1.916,53.31,49.9160,25.9,1.913,53.05,3.96,-54,9.75,
2026-09-18T16:29:21,2,1.908,52.66,49.9290,25.9,1.907,52.60,3.99,-54,9.75,
2026-09-18T16:29:22,2,1.882,50.53,49.9160,25.9,1.902,52.15,4.01,-54,9.75,
2026-09-18T16:29:23,2,1.912,52.98,49.9180,25.9,1.914,53.11,3.97,-54,10.00,
2026-09-18T16:29:24,2,1.881,50.47,49.9090,25.9,1.905,52.40,4.00,-55,9.50,19
2026-09-18T16:29:25,2,1.885,50.79,49.9150,25.9,1.907,52.53,3.99,-54,9.50,
2026-09-18T16:29:26,2,1.909,52.73,49.9100,25.9,1.914,53.11,3.97,-54,10.50,
2026-09-18T16:29:27,2,1.882,50.53,49.9260,25.9,1.903,52.21,4.01,-54,10.00,
2026-09-18T16:29:28,2,1.920,53.56,49.9170,25.9,1.920,53.63,3.95,-57,9.75,
2026-09-18T16:29:30,2,1.907,52.53,49.9230,25.9,1.907,52.60,3.97,-58,10.25,
2026-09-18T16:29:31,2,1.883,50.66,49.9280,25.9,1.903,52.28,4.01,-57,9.75,
2026-09-18T16:29:32,2,1.917,53.37,49.9280,25.9,1.912,52.92,3.96,-60,10.00,
2026-09-18T16:29:33,2,1.909,52.73,49.9310,25.9,1.912,52.92,3.99,-59,9.75,
2026-09-18T16:29:34,2,1.883,50.66,49.9260,25.9,1.903,52.21,4.01,-59,9.75,
2026-09-18T16:29:35,2,1.912,52.92,49.9280,25.9,1.912,52.98,3.97,-60,10.00,
2026-09-18T16:29:36,2,1.884,50.73,49.9340,25.9,1.904,52.34,4.01,-57,10.00,
2026-09-18T16:29:37,2,1.888,51.05,49.9280,25.9,1.911,52.86,3.99,-58,9.25,
2026-09-18T16:29:38,2,1.913,53.05,49.9490,25.9,1.913,53.05,3.96,-58,9.50,
2026-09-18T16:29:39,2,1.887,50.99,50.0540,25.9,1.905,52.40,4.01,-56,9.75,
2026-09-18T16:29:42,2,1.912,52.98,50.2180,25.9,1.912,52.98,3.99,-55,9.50,
2026-09-18T16:29:43,2,1.888,51.05,50.2760,25.9,1.907,52.60,4.01,-53,9.75,
2026-09-18T16:29:44,2,1.920,53.56,50.3210,25.9,1.919,53.50,3.96,-53,9.25,
2026-09-18T16:29:50,2,1.920,53.56,50.6070,25.9,1.916,53.24,3.99,-42,-2.75,
2026-09-18T16:29:51,2,1.892,51.37,50.6460,25.9,1.912,52.98,0.00,-43,-1.25,
2026-09-18T16:29:52,2,1.925,54.02,50.6850,25.9,1.920,53.63,3.96,-52,10.00,
2026-09-18T16:29:54,2,1.899,51.89,50.7170,25.9,1.914,53.11,3.99,-52,9.75,
2026-09-18T16:29:55,2,1.896,51.70,50.7500,25.9,1.918,53.44,3.98,-52,9.75,
2026-09-18T16:29:57,2,1.893,51.44,50.8130,25.9,1.916,53.24,4.01,-53,10.00,
2026-09-18T16:29:58,2,1.887,50.99,50.8450,25.9,1.916,53.31,3.99,-52,9.50,
2026-09-18T16:29:59,2,1.916,53.24,50.8670,25.9,1.911,52.86,3.99,-52,10.00,
2026-09-18T16:30:00,2,1.893,51.44,50.7430,25.9,1.911,52.86,4.01,-53,9.75,
2026-09-18T16:30:01,2,1.925,54.02,50.7020,25.9,1.918,53.44,3.96,-52,9.75,
2026-09-18T16:30:02,2,1.916,53.24,50.6640,25.9,1.914,53.11,3.99,-52,9.25,
2026-09-18T16:30:03,2,1.895,51.57,50.6570,25.9,1.915,53.18,3.98,-52,9.50,
2026-09-18T16:30:05,2,1.921,53.69,50.6510,25.9,1.917,53.37,3.96,-52,10.00,
2026-09-18T16:30:06,2,1.891,51.24,50.6330,25.9,1.909,52.73,4.01,-53,9.25,
2026-09-18T16:30:07,2,1.896,51.70,50.6150,25.9,1.911,52.86,3.99,-52,9.25,
2026-09-18T16:30:08,2,1.920,53.63,50.6040,25.9,1.914,53.11,3.99,-52,9.25,
2026-09-18T16:30:09,2,1.890,51.18,50.5940,25.9,1.911,52.86,4.01,-53,10.00,
2026-09-18T16:30:10,2,1.926,54.08,50.5890,25.9,1.918,53.44,3.96,-51,9.50,
2026-09-18T16:30:11,2,1.914,53.11,50.5720,25.9,1.911,52.86,3.99,-52,9.50,
2026-09-18T16:30:12,2,1.891,51.24,50.5620,25.9,1.909,52.73,4.01,-53,10.00,
2026-09-18T16:30:13,2,1.922,53.76,50.5650,25.9,1.916,53.31,3.97,-53,10.25,
2026-09-18T16:30:14,2,1.889,51.12,50.5610,25.9,1.906,52.47,4.01,-53,9.75,
2026-09-18T16:30:15,2,1.888,51.05,50.5490,25.9,1.913,53.05,3.98,-53,9.50,
2026-09-18T16:30:17,2,1.917,53.37,50.5560,25.9,1.931,54.47,3.96,-52,9.75,
2026-09-18T16:30:18,2,1.889,51.12,50.5570,25.9,1.908,52.66,4.01,-53,10.00,
2026-09-18T16:30:19,2,1.930,54.40,50.5520,25.9,1.918,53.44,3.96,-52,9.50,
2026-09-18T16:30:20,2,1.914,53.11,50.5500,25.9,1.912,52.92,3.99,-52,9.50,
2026-09-18T16:30:21,2,1.891,51.24,50.5330,25.9,1.908,52.66,4.01,-53,9.75,
2026-09-18T16:30:22,2,1.921,53.69,50.5390,25.9,1.907,52.53,3.96,-52,9.75,
2026-09-18T16:30:23,2,1.895,51.57,50.5460,25.9,1.909,52.73,3.99,-52,9.50,
2026-09-18T16:30:25,2,1.920,53.63,50.5440,25.9,1.913,53.05,3.97,-52,10.00,
2026-09-18T16:30:26,2,1.887,50.99,50.5520,25.9,1.910,52.79,4.01,-53,9.75,
2026-09-18T16:30:34,2,1.916,53.24,50.5190,25.9,1.916,53.24,3.97,-43,-1.25,
2026-09-18T16:30:35,2,1.887,50.92,50.5220,25.9,1.905,52.40,4.01,-53,9.75,
2026-09-18T16:30:36,2,1.891,51.31,50.5150,25.9,1.912,52.98,3.99,-52,10.00,
2026-09-18T16:30:37,2,1.916,53.31,50.5120,25.9,1.912,52.92,3.99,-53,9.25,
2026-09-18T16:30:38,2,1.890,51.18,50.5130,25.9,1.902,52.15,4.00,-53,9.75,
2026-09-18T16:30:39,2,1.925,54.02,50.5180,25.9,1.918,53.44,3.96,-53,9.75,
2026-09-18T16:30:41,2,1.916,53.31,50.5190,25.9,1.912,52.92,3.98,-53,9.50,
2026-09-18T16:30:42,2,1.893,51.44,50.5150,25.9,1.915,53.18,3.98,-54,9.75,
2026-09-18T16:30:43,2,1.920,53.56,50.5060,25.9,1.915,53.18,3.96,-55,10.50,
2026-09-18T16:30:44,2,1.890,51.18,50.5120,25.9,1.908,52.66,4.01,-58,9.75,
2026-09-18T16:30:45,2,1.892,51.37,50.4980,25.9,1.915,53.18,3.98,-57,9.75,
2026-09-18T16:30:46,2,1.916,53.31,50.4820,25.9,1.912,52.98,3.97,-57,10.00,
2026-09-18T16:30:47,2,1.891,51.31,50.4830,25.9,1.909,52.73,4.01,-58,9.75,
2026-09-18T16:30:48,2,1.907,52.53,50.4930,25.9,1.916,53.24,3.99,-57,9.75,
2026-09-18T16:30:49,2,1.915,53.18,50.4900,25.9,1.916,53.24,3.99,-56,9.75,
2026-09-18T16:30:50,2,1.891,51.31,50.4900,25.9,1.908,52.66,4.01,-55,10.25,
2026-09-18T16:30:51,2,1.920,53.56,50.4940,25.9,1.916,53.24,3.96,-56,10.00,
2026-09-18T16:30:53,2,1.915,53.18,50.5030,25.9,1.909,52.73,3.99,-55,9.25,
2026-09-18T16:30:54,2,1.894,51.50,50.4990,25.9,1.912,52.98,3.99,-54,9.50,
2026-09-18T16:30:55,2,1.918,53.44,50.4840,25.9,1.916,53.31,3.97,-54,10.25,
2026-09-18T16:30:56,2,1.887,50.99,50.4870,25.9,1.909,52.73,4.01,-54,10.00,
2026-09-18T16:30:57,2,1.891,51.31,50.4880,25.9,1.913,53.05,3.99,-54,9.50,
2026-09-18T16:30:58,2,1.913,53.05,50.4910,25.9,1.912,52.98,3.99,-54,9.50,
2026-09-18T16:30:59,2,1.891,51.24,50.4720,25.9,1.909,52.73,4.01,-55,9.75,
2026-09-18T16:31:00,2,1.922,53.76,50.4700,25.9,1.914,53.11,3.96,-54,10.25,
2026-09-18T16:31:01,2,1.914,53.11,50.4820,25.9,1.913,53.05,3.99,-55,9.25,
2026-09-18T16:31:02,2,1.894,51.50,50.4810,25.9,1.913,53.05,3.98,-54,9.50,
2026-09-18T16:31:04,2,1.920,53.56,50.4780,25.9,1.931,54.47,3.96,-54,9.75,
2026-09-18T16:31:05,2,1.876,50.08,50.4860,25.9,1.909,52.73,4.01,-54,10.00,
2026-09-18T16:31:06,2,1.891,51.31,50.4790,25.9,1.914,53.11,3.99,-54,9.25,
2026-09-18T16:31:07,2,1.917,53.37,50.4730,25.9,1.912,52.92,3.98,-54,10.00,
2026-09-18T16:31:08,2,1.889,51.12,50.4750,25.9,1.910,52.79,4.01,-55,9.75,
2026-09-18T16:31:09,2,1.926,54.08,50.4780,25.9,1.916,53.24,3.96,-54,10.00,
2026-09-18T16:31:18,2,1.891,51.24,50.4940,25.9,1.913,53.05,3.99,-54,9.50,
2026-09-18T16:31:19,2,1.909,52.73,50.4980,25.9,1.913,53.05,3.99,-54,9.50,
2026-09-18T16:31:20,2,1.879,50.34,50.5010,25.9,1.912,52.92,4.00,-57,9.75,
2026-09-18T16:31:21,2,1.922,53.76,50.4950,25.9,1.911,52.86,3.96,-54,10.00,
2026-09-18T16:31:22,2,1.916,53.24,50.5000,25.9,1.909,52.73,3.99,-55,9.50,
2026-09-18T16:31:23,2,1.894,51.50,50.4930,25.9,1.907,52.60,3.98,-54,10.00,
2026-09-18T16:31:24,2,1.919,53.50,50.4950,25.9,1.915,53.18,3.96,-54,9.75,
2026-09-18T16:31:25,2,1.889,51.12,50.5040,25.9,1.907,52.53,4.01,-54,9.50,
2026-09-18T16:31:26,2,1.895,51.57,50.5010,25.9,1.916,53.24,3.99,-54,9.25,
2026-09-18T16:31:28,2,1.916,53.24,50.5000,25.9,1.913,53.05,3.99,-54,10.25,
2026-09-18T16:31:29,2,1.890,51.18,50.4950,25.9,1.910,52.79,4.01,-54,12.50,
2026-09-18T16:31:30,2,1.926,54.08,50.4930,25.9,1.916,53.31,3.95,-54,9.25,
2026-09-18T16:31:31,2,1.915,53.18,50.4920,25.9,1.910,52.79,3.98,-54,11.00,
2026-09-18T16:31:32,2,1.895,51.57,50.4940,25.9,1.916,53.24,3.98,-54,9.75,
2026-09-18T16:31:34,2,1.887,50.99,50.4930,25.9,1.907,52.53,4.01,-54,10.00,
2026-09-18T16:31:35,2,1.894,51.50,50.4920,25.9,1.912,52.98,3.98,-53,9.50,
2026-09-18T16:31:36,2,1.908,52.66,50.4930,25.9,1.912,52.92,3.98,-54,9.50,
2026-09-18T16:31:37,2,1.892,51.37,50.4890,25.9,1.908,52.66,4.01,-54,9.75,
2026-09-18T16:31:38,2,1.894,51.50,50.4930,25.9,1.918,53.44,3.99,-54,9.75,
2026-09-18T16:31:40,2,1.914,53.11,50.4840,25.9,1.912,52.98,3.99,-54,9.75,
2026-09-18T16:31:41,2,1.895,51.57,50.4880,25.9,1.916,53.24,3.98,-54,9.75,
2026-09-18T16:31:42,2,1.924,53.89,50.4920,25.9,1.916,53.24,3.96,-54,10.00,
2026-09-18T16:31:43,2,1.912,52.98,50.4890,25.9,1.912,52.92,3.99,-54,9.75,
2026-09-18T16:31:44,2,1.891,51.31,50.4850,25.9,1.913,53.05,3.98,-54,9.50,
2026-09-18T16:31:45,2,1.917,53.37,50.4950,25.9,1.909,52.73,3.99,-54,9.75,
2026-09-18T16:31:46,2,1.894,51.50,50.5040,25.9,1.906,52.47,4.00,-54,9.50,
2026-09-18T16:31:47,2,1.893,51.44,50.4980,25.9,1.912,52.98,3.99,-54,9.75,
2026-09-18T16:31:48,2,1.915,53.18,50.4980,25.9,1.911,52.86,3.99,-54,9.25,
2026-09-18T16:31:49,2,1.894,51.50,50.4940,25.9,1.913,53.05,3.99,-54,9.50,
2026-09-18T16:31:50,2,1.924,53.95,50.4780,25.9,1.912,52.98,3.96,-54,10.00,
2026-09-18T16:31:52,2,1.915,53.18,50.4800,25.9,1.912,52.98,3.99,-54,9.50,
2026-09-18T16:31:53,2,1.894,51.50,50.4810,25.9,1.916,53.24,3.99,-54,9.50,
2026-09-18T16:31:59,2,1.926,54.08,50.5040,25.9,1.916,53.31,3.96,-43,-1.75,
2026-09-18T16:32:00,2,1.914,53.11,50.5030,25.9,1.912,52.98,3.99,-54,9.50,
2026-09-18T16:32:01,2,1.892,51.37,50.4960,25.9,1.912,52.98,3.99,-54,9.50,
2026-09-18T16:32:03,2,1.923,53.82,50.4950,25.9,1.917,53.37,3.97,-54,10.50,
2026-09-18T16:32:04,2,1.915,53.18,50.4940,25.9,1.910,52.79,3.99,-54,9.50,
2026-09-18T16:32:05,2,1.893,51.44,50.4860,25.9,1.916,53.31,3.99,-54,9.25,
2026-09-18T16:32:06,2,1.916,53.24,50.4800,25.9,1.912,52.98,3.99,-54,9.50,
2026-09-18T16:32:07,2,1.889,51.12,50.4840,25.9,1.909,52.73,4.01,-54,9.75,
2026-09-18T16:32:08,2,1.892,51.37,50.4990,25.9,1.914,53.11,3.99,-54,9.75,
2026-09-18T16:32:09,2,1.916,53.31,50.4890,25.9,1.911,52.86,3.99,-54,9.50,
2026-09-18T16:32:10,2,1.897,51.76,50.5040,25.9,1.914,53.11,3.98,-53,9.50,
2026-09-18T16:32:11,2,1.922,53.76,50.4930,25.9,1.915,53.18,3.96,-54,9.75,
2026-09-18T16:32:12,2,1.914,53.11,50.4930,25.9,1.912,52.92,3.99,-54,9.25,
2026-09-18T16:32:13,2,1.904,52.34,50.4900,25.9,1.914,53.11,3.99,-54,9.50,
2026-09-18T16:32:15,2,1.916,53.24,50.4820,25.9,1.912,52.92,3.98,-54,12.50,
2026-09-18T16:32:16,2,1.891,51.24,50.4740,25.9,1.907,52.60,4.01,-55,9.75,
2026-09-18T16:32:17,2,1.891,51.24,50.4750,25.9,1.911,52.86,3.98,-55,9.75,
2026-09-18T16:32:18,2,1.915,53.18,50.4740,25.9,1.912,52.98,3.98,-55,10.00,20
2026-09-18T16:32:19,2,1.890,51.18,50.4790,25.9,1.903,52.21,3.98,-55,10.00,
2026-09-18T16:32:20,2,1.924,53.95,50.4820,25.9,1.916,53.24,3.96,-55,10.00,
2026-09-18T16:32:21,2,1.913,53.05,50.4760,25.9,1.903,52.21,3.98,-54,10.00,
2026-09-18T16:32:22,2,1.894,51.50,50.4750,25.9,1.914,53.11,3.99,-56,9.75,
2026-09-18T16:32:23,2,1.917,53.37,50.4810,25.9,1.915,53.18,3.98,-56,9.50,
2026-09-18T16:32:24,2,1.891,51.31,50.4700,25.9,1.909,52.73,4.00,-56,9.50,
2026-09-18T16:32:25,2,1.892,51.37,50.4670,25.9,1.912,52.92,3.98,-56,9.75,
2026-09-18T16:32:27,2,1.914,53.11,50.4620,25.9,1.912,52.92,3.99,-56,9.25,
2026-09-18T16:32:28,2,1.892,51.37,50.4590,25.9,1.914,53.11,3.98,-56,10.00,
2026-09-18T16:32:29,2,1.929,54.34,50.4540,25.9,1.920,53.56,3.96,-56,9.75,
2026-09-18T16:32:31,2,1.893,51.44,50.4490,25.9,1.915,53.18,3.98,-56,9.75,
2026-09-18T16:32:32,2,1.917,53.37,50.4570,25.9,1.912,52.92,3.97,-56,9.75,
2026-09-18T16:32:33,2,1.915,53.18,50.4490,25.9,1.911,52.86,3.99,-56,9.50,
2026-09-18T16:32:34,2,1.891,51.31,50.4440,25.9,1.912,52.98,3.98,-56,9.75,
2026-09-18T16:32:35,2,1.916,53.31,50.4450,25.9,1.911,52.86,3.98,-56,9.75,
2026-09-18T16:32:43,2,1.893,51.44,50.4540,25.9,1.914,53.11,3.99,-48,8.00,
2026-09-18T16:32:44,2,1.916,53.24,50.4380,25.9,1.912,52.92,3.99,-56,10.00,
2026-09-18T16:32:45,2,1.889,51.12,50.4490,25.9,1.909,52.73,4.01,-56,10.00,
2026-09-18T16:32:46,2,1.893,51.44,50.4540,25.9,1.913,53.05,3.99,-56,9.50,
2026-09-18T16:32:47,2,1.920,53.56,50.4470,25.9,1.912,52.92,3.99,-55,9.50,
2026-09-18T16:32:48,2,1.895,51.57,50.4590,25.9,1.911,52.86,3.97,-56,10.25,
2026-09-18T16:32:50,2,1.924,53.89,50.4530,25.9,1.916,53.24,3.96,-56,9.75,
2026-09-18T16:32:51,2,1.913,53.05,50.4600,25.9,1.911,52.86,3.99,-57,9.25,
2026-09-18T16:32:52,2,1.891,51.31,50.4460,25.9,1.914,53.11,3.99,-56,9.75,
2026-09-18T16:32:53,2,1.915,53.18,50.4580,25.9,1.912,52.98,3.98,-57,10.75,
2026-09-18T16:32:54,2,1.893,51.44,50.4540,25.9,1.909,52.73,4.01,-56,9.75,
2026-09-18T16:32:55,2,1.891,51.24,50.4680,25.9,1.912,52.92,3.99,-55,9.50,
2026-09-18T16:32:56,2,1.916,53.24,50.4660,25.9,1.913,53.05,3.98,-56,9.50,
2026-09-18T16:32:57,2,1.894,51.50,50.4620,25.9,1.916,53.24,3.98,-56,10.25,
2026-09-18T16:32:58,2,1.926,54.08,50.4620,25.9,1.915,53.18,3.96,-56,10.00,
2026-09-18T16:32:59,2,1.913,53.05,50.4610,25.9,1.913,53.05,3.99,-55,9.75,
2026-09-18T16:33:00,2,1.893,51.44,50.4600,25.9,1.912,52.98,3.98,-56,9.75,
2026-09-18T16:33:02,2,1.919,53.50,50.4630,25.9,1.915,53.18,3.98,-56,9.75,
2026-09-18T16:33:03,2,1.914,53.11,50.4650,25.9,1.912,52.98,3.99,-55,9.75,
2026-09-18T16:33:05,2,1.924,53.95,50.4710,25.9,1.913,53.05,3.98,-56,10.00,
2026-09-18T16:33:06,2,1.892,51.37,50.4810,25.9,1.914,53.11,3.98,-55,9.75,
2026-09-18T16:33:07,2,1.891,51.31,50.4800,25.9,1.912,52.98,3.99,-55,9.75,
2026-09-18T16:33:08,2,1.913,53.05,50.4780,25.9,1.907,52.60,3.99,-55,9.75,
2026-09-18T16:33:09,2,1.894,51.50,50.4790,25.9,1.913,53.05,3.98,-55,9.75,
2026-09-18T16:33:10,2,1.919,53.50,50.4720,25.9,1.913,53.05,3.98,-55,9.50,
2026-09-18T16:33:11,2,1.915,53.18,50.4840,25.9,1.908,52.66,3.98,-55,9.75,
2026-09-18T16:33:12,2,1.895,51.57,50.4950,25.9,1.912,52.98,3.99,-55,9.50,
2026-09-18T16:33:14,2,1.916,53.24,50.4990,25.9,1.907,52.53,3.98,-55,9.75,
2026-09-18T16:33:15,2,1.890,51.18,50.4970,25.9,1.910,52.79,4.01,-55,10.50,
2026-09-18T16:33:16,2,1.897,51.76,50.5080,25.9,1.912,52.98,3.99,-54,9.50,
2026-09-18T16:33:17,2,1.916,53.24,50.5130,25.9,1.911,52.86,3.99,-54,9.25,
2026-09-18T16:33:18,2,1.892,51.37,50.5100,25.9,1.914,53.11,3.98,-54,9.50,
2026-09-18T16:33:26,2,1.918,53.44,50.4800,25.9,1.912,52.92,3.00,-44,3.50,
2026-09-18T16:33:27,2,1.892,51.37,50.4780,25.9,1.912,52.98,3.98,-54,9.50,
2026-09-18T16:33:28,2,1.894,51.50,50.4870,25.9,1.911,52.86,3.99,-54,9.75,
2026-09-18T16:33:29,2,1.916,53.31,50.4890,25.9,1.913,53.05,3.99,-54,9.50,
2026-09-18T16:33:30,2,1.895,51.57,50.4850,25.9,1.916,53.24,3.98,-54,9.75,
2026-09-18T16:33:31,2,1.918,53.44,50.4950,25.9,1.912,52.98,3.98,-54,9.50,
2026-09-18T16:33:32,2,1.912,52.98,50.4820,25.9,1.912,52.92,3.99,-54,9.25,
2026-09-18T16:33:33,2,1.895,51.63,50.4860,25.9,1.912,52.92,3.99,-54,9.25,
2026-09-18T16:33:34,2,1.916,53.31,50.4860,25.9,1.912,52.92,3.98,-54,10.00,
2026-09-18T16:33:35,2,1.893,51.44,50.4790,25.9,1.916,53.31,3.98,-54,10.00,
2026-09-18T16:33:36,2,1.894,51.50,50.4740,25.9,1.912,52.92,3.99,-54,9.50,
2026-09-18T16:33:38,2,1.915,53.18,50.4760,25.9,1.916,53.31,3.99,-54,9.75,
2026-09-18T16:33:39,2,1.894,51.50,50.4800,25.9,1.913,53.05,3.99,-54,9.25,
2026-09-18T16:33:40,2,1.921,53.69,50.4790,25.9,1.912,52.98,3.98,-54,9.75,
2026-09-18T16:33:41,2,1.914,53.11,50.4700,25.9,1.910,52.79,3.99,-54,9.50,
2026-09-18T16:33:42,2,1.896,51.70,50.4750,25.9,1.910,52.79,3.99,-54,9.25,
2026-09-18T16:33:43,2,1.918,53.44,50.4680,25.9,1.912,52.92,3.99,-54,9.75,
2026-09-18T16:33:44,2,1.898,51.82,50.4850,25.9,1.916,53.24,3.98,-54,9.75,
2026-09-18T16:33:45,2,1.891,51.31,50.4810,25.9,1.912,52.98,3.99,-54,9.50,
2026-09-18T16:33:46,2,1.916,53.24,50.4870,25.9,1.913,53.05,3.99,-54,9.25,
2026-09-18T16:33:47,2,1.891,51.24,50.4840,25.9,1.914,53.11,3.98,-54,10.25,
2026-09-18T16:33:49,2,1.923,53.82,50.4900,25.9,1.912,52.98,3.98,-54,9.75,
2026-09-18T16:33:50,2,1.913,53.05,50.4930,25.9,1.914,53.11,3.99,-54,9.25,
2026-09-18T16:33:51,2,1.891,51.24,50.4870,25.9,1.912,52.98,3.98,-54,10.00,
2026-09-18T16:33:52,2,1.919,53.50,50.4800,25.9,1.904,52.34,3.99,-54,9.25,
2026-09-18T16:33:53,2,1.932,54.53,50.4820,25.9,1.917,53.37,3.98,-54,9.75,
2026-09-18T16:33:54,2,1.891,51.31,50.4710,25.9,1.911,52.86,3.98,-54,9.75,
2026-09-18T16:33:55,2,1.919,53.50,50.4740,25.9,1.915,53.18,3.99,-54,9.50,
2026-09-18T16:33:56,2,1.895,51.57,50.4740,25.9,1.913,53.05,3.98,-55,10.00,
2026-09-18T16:33:57,2,1.891,51.31,50.4780,25.9,1.914,53.11,3.99,-53,9.50,
2026-09-18T16:33:58,2,1.912,52.98,50.4840,25.9,1.911,52.86,3.99,-55,10.00,
2026-09-18T16:33:59,2,1.893,51.44,50.4770,25.9,1.914,53.11,3.99,-55,9.50,
2026-09-18T16:34:01,2,1.915,53.18,50.4840,25.9,1.914,53.11,3.98,-55,10.00,
2026-09-18T16:34:08,2,1.891,51.31,50.4630,25.9,1.913,53.05,3.99,-46,0.75,
2026-09-18T16:34:09,2,1.923,53.82,50.4570,25.9,1.912,52.92,3.98,-54,9.50,
2026-09-18T16:34:10,2,1.914,53.11,50.4520,25.9,1.915,53.18,3.99,-54,9.50,
2026-09-18T16:34:11,2,1.892,51.37,50.4520,25.9,1.912,52.98,3.99,-54,9.25,
2026-09-18T16:34:13,2,1.919,53.50,50.4510,25.9,1.912,52.98,3.98,-54,10.00,
2026-09-18T16:34:14,2,1.892,51.37,50.4540,25.9,1.915,53.18,3.98,-54,9.75,
2026-09-18T16:34:15,2,1.893,51.44,50.4540,25.9,1.915,53.18,3.99,-54,10.50,
2026-09-18T16:34:16,2,1.915,53.18,50.4540,25.9,1.913,53.05,3.99,-54,9.50,
2026-09-18T16:34:17,2,1.892,51.37,50.4410,25.9,1.912,52.98,3.98,-54,9.50,
2026-09-18T16:34:18,2,1.891,51.24,50.4360,25.9,1.907,52.60,4.00,-55,9.50,
2026-09-18T16:34:19,2,1.913,53.05,50.4390,25.9,1.913,53.05,3.99,-54,9.25,
2026-09-18T16:34:20,2,1.891,51.24,50.4420,25.9,1.912,52.92,3.98,-54,9.75,
2026-09-18T16:34:21,2,1.918,53.44,50.4470,25.9,1.914,53.11,3.98,-54,10.00,
2026-09-18T16:34:22,2,1.920,53.56,50.4330,25.9,1.918,53.44,3.96,-55,10.00,
2026-09-18T16:34:23,2,1.892,51.37,50.4490,25.9,1.913,53.05,3.99,-55,9.50,
2026-09-18T16:34:25,2,1.916,53.24,50.4450,25.9,1.912,52.98,3.98,-55,9.75,
2026-09-18T16:34:26,2,1.891,51.31,50.4480,25.9,1.913,53.05,3.98,-55,9.50,
2026-09-18T16:34:27,2,1.888,51.05,50.4480,25.9,1.907,52.60,4.01,-55,9.75,
2026-09-18T16:34:28,2,1.917,53.37,50.4470,25.9,1.917,53.37,3.98,-54,9.75,
2026-09-18T16:34:29,2,1.890,51.18,50.4400,25.9,1.913,53.05,3.98,-54,9.50,
2026-09-18T16:34:30,2,1.920,53.56,50.4540,25.9,1.912,52.98,3.98,-54,9.50,
2026-09-18T16:34:31,2,1.915,53.18,50.4580,25.9,1.914,53.11,3.99,-54,9.25,
2026-09-18T16:34:32,2,1.892,51.37,50.4580,25.9,1.914,53.11,3.99,-54,9.50,
2026-09-18T16:34:33,2,1.920,53.56,50.4670,25.9,1.912,52.98,3.98,-54,10.00,
2026-09-18T16:34:34,2,1.891,51.31,50.4630,25.9,1.912,52.98,3.98,-54,9.50,
2026-09-18T16:34:35,2,1.891,51.31,50.4660,25.9,1.912,52.98,3.99,-55,9.50,
2026-09-18T16:34:37,2,1.916,53.24,50.4730,25.9,1.912,52.92,3.99,-54,9.50,
2026-09-18T16:34:38,2,1.894,51.50,50.4690,25.9,1.915,53.18,3.98,-54,9.50,
2026-09-18T16:34:39,2,1.924,53.95,50.4620,25.9,1.914,53.11,3.98,-54,10.00,
2026-09-18T16:34:40,2,1.913,53.05,50.4700,25.9,1.910,52.79,3.98,-54,9.50,
2026-09-18T16:34:41,2,1.895,51.57,50.4690,25.9,1.914,53.11,3.98,-54,9.50,
2026-09-18T16:34:42,2,1.919,53.50,50.4650,25.9,1.912,52.98,3.98,-54,9.75,
2026-09-18T16:34:43,2,1.917,53.37,50.4650,25.9,1.916,53.31,3.96,-54,9.50,
2026-09-18T16:34:51,2,1.920,53.63,50.4650,25.9,1.912,52.98,3.90,-44,-0.50,
2026-09-18T16:34:52,2,1.920,53.63,50.4730,25.9,1.917,53.37,3.96,-55,10.00,
2026-09-18T16:34:53,2,1.892,51.37,50.4800,25.9,1.911,52.86,3.98,-54,10.00,
2026-09-18T16:34:54,2,1.916,53.31,50.4760,25.9,1.912,52.92,3.98,-54,9.75,
2026-09-18T16:34:55,2,1.890,51.18,50.4720,25.9,1.908,52.66,3.98,-54,9.75,
2026-09-18T16:34:56,2,1.889,51.12,50.4740,25.9,1.908,52.66,4.01,-55,9.75,
2026-09-18T16:34:57,2,1.914,53.11,50.4810,25.9,1.911,52.86,3.99,-54,9.75,
2026-09-18T16:34:58,2,1.894,51.50,50.4850,25.9,1.914,53.11,3.99,-54,9.50,
2026-09-18T16:35:00,2,1.922,53.76,50.4730,25.9,1.916,53.31,3.98,-54,9.75,
2026-09-18T16:35:01,2,1.917,53.37,50.4770,25.9,1.918,53.44,3.96,-54,9.75,
2026-09-18T16:35:02,2,1.893,51.44,50.4710,25.9,1.914,53.11,3.99,-54,9.50,
2026-09-18T16:35:03,2,1.916,53.31,50.4790,25.9,1.912,52.98,3.98,-54,9.50,
2026-09-18T16:35:04,2,1.891,51.31,50.4670,25.9,1.915,53.18,3.98,-55,9.75,
2026-09-18T16:35:05,2,1.887,50.99,50.4570,25.9,1.908,52.66,3.99,-54,9.75,
2026-09-18T16:35:06,2,1.916,53.31,50.4530,25.9,1.910,52.79,3.98,-54,9.50,
2026-09-18T16:35:07,2,1.894,51.50,50.4560,25.9,1.912,52.92,3.98,-54,10.25,
2026-09-18T16:35:08,2,1.891,51.31,50.4580,25.9,1.924,53.89,4.00,-55,10.00,
2026-09-18T16:35:09,2,1.916,53.24,50.4480,25.9,1.912,52.92,3.99,-54,9.50,
2026-09-18T16:35:10,2,1.891,51.31,50.4440,25.9,1.910,52.79,3.99,-54,9.25,
2026-09-18T16:35:12,2,1.917,53.37,50.4360,25.9,1.914,53.11,3.98,-54,9.75,
2026-09-18T16:35:13,2,1.916,53.31,50.4350,25.9,1.913,53.05,3.96,-54,9.75,
2026-09-18T16:35:14,2,1.887,50.92,50.4360,25.9,1.914,53.11,3.98,-54,10.25,
2026-09-18T16:35:15,2,1.915,53.18,50.4260,25.9,1.916,53.24,3.98,-54,12.50,
2026-09-18T16:35:16,2,1.891,51.24,50.4300,25.9,1.910,52.79,3.98,-54,9.75,
2026-09-18T16:35:17,2,1.887,50.99,50.4360,25.9,1.911,52.86,4.01,-55,10.25,
2026-09-18T16:35:18,2,1.914,53.11,50.4320,25.9,1.912,52.98,3.98,-54,9.50,
2026-09-18T16:35:19,2,1.891,51.24,50.4320,25.9,1.912,52.98,3.99,-54,9.25,
2026-09-18T16:35:20,2,1.920,53.63,50.4310,25.9,1.912,52.98,3.98,-55,9.75,
2026-09-18T16:35:21,2,1.918,53.44,50.4370,25.9,1.912,52.98,3.96,-55,9.75,
2026-09-18T16:35:22,2,1.888,51.05,50.4180,25.9,1.912,52.92,3.99,-55,9.50,
2026-09-18T16:35:24,2,1.916,53.24,50.4280,25.9,1.914,53.11,3.98,-54,9.50,
2026-09-18T16:35:25,2,1.889,51.12,50.4430,25.9,1.912,52.98,3.98,-54,10.00,
2026-09-18T16:35:26,2,1.889,51.12,50.4450,25.9,1.909,52.73,4.00,-55,9.75,
2026-09-18T16:35:31,2,1.893,51.44,50.4480,25.9,1.912,52.92,3.98,-43,-2.75,
2026-09-18T16:35:32,2,1.918,53.44,0.0000,25.9,1.912,52.98,0.00,-44,-4.00,
2026-09-18T16:35:35,2,1.888,51.05,50.4450,25.9,1.907,52.60,4.01,-55,9.75,
2026-09-18T16:35:36,2,1.913,53.05,50.4530,25.9,1.913,53.05,3.98,-53,9.50,
2026-09-18T16:35:37,2,1.894,51.50,50.4460,25.9,1.910,52.79,3.98,-55,9.75,
2026-09-18T16:35:38,2,1.888,51.05,50.4430,25.9,1.909,52.73,4.01,-57,10.25,
2026-09-18T16:35:39,2,1.915,53.18,50.4430,25.9,1.914,53.11,3.98,-56,9.50,
2026-09-18T16:35:40,2,1.893,51.44,50.4410,25.9,1.913,53.05,3.99,-57,9.75,
2026-09-18T16:35:41,2,1.918,53.44,50.4410,25.9,1.911,52.86,3.98,-57,10.25,
2026-09-18T16:35:42,2,1.917,53.37,50.4560,25.9,1.916,53.24,3.96,-57,10.00,
2026-09-18T16:35:43,2,1.891,51.24,50.4510,25.9,1.912,52.92,3.99,-57,9.50,
2026-09-18T16:35:44,2,1.916,53.24,50.4460,25.9,1.912,52.92,3.98,-57,9.75,
2026-09-18T16:35:45,2,1.891,51.31,50.4350,25.9,1.912,52.98,3.98,-57,10.00,
2026-09-18T16:35:47,2,1.890,51.18,50.4430,25.9,1.910,52.79,4.01,-57,10.00,
2026-09-18T16:35:48,2,1.914,53.11,50.4550,25.9,1.909,52.73,3.98,-57,9.75,
2026-09-18T16:35:49,2,1.892,51.37,50.4500,25.9,1.909,52.73,3.99,-56,9.50,
2026-09-18T16:35:50,2,1.922,53.76,50.4480,25.9,1.911,52.86,3.98,-56,9.75,
2026-09-18T16:35:51,2,1.916,53.24,50.4420,25.9,1.912,52.92,3.96,-56,9.50,
2026-09-18T16:35:52,2,1.892,51.37,50.4530,25.9,1.912,52.98,3.99,-57,9.50,
2026-09-18T16:35:53,2,1.917,53.37,50.4630,25.9,1.914,53.11,3.98,-56,9.75,
2026-09-18T16:35:54,2,1.893,51.44,50.4550,25.9,1.912,52.92,3.98,-56,10.00,
2026-09-18T16:35:55,2,1.891,51.24,50.4440,25.9,1.907,52.60,4.00,-57,9.75,
2026-09-18T16:35:56,2,1.914,53.11,50.4530,25.9,1.913,53.05,3.98,-55,10.00,
2026-09-18T16:35:57,2,1.894,51.50,50.4570,25.9,1.911,52.86,3.98,-54,10.00,
2026-09-18T16:35:59,2,1.922,53.76,50.4520,25.9,1.912,52.98,3.98,-55,9.50,
2026-09-18T16:36:00,2,1.909,52.73,50.4600,25.9,1.916,53.31,3.96,-55,9.75,
2026-09-18T16:36:01,2,1.892,51.37,50.4560,25.9,1.911,52.86,3.99,-55,9.50,
2026-09-18T16:36:02,2,1.917,53.37,50.4520,25.9,1.912,52.98,3.98,-55,9.75,
2026-09-18T16:36:03,2,1.917,53.37,50.4430,25.9,1.915,53.18,3.96,-55,10.00,
2026-09-18T16:36:04,2,1.890,51.18,50.4380,25.9,1.908,52.66,4.01,-55,10.00,
2026-09-18T16:36:05,2,1.915,53.18,50.4370,25.9,1.912,52.98,3.98,-55,9.75,
2026-09-18T16:36:06,2,1.891,51.24,50.4480,25.9,1.913,53.05,3.98,-55,9.50,
2026-09-18T16:36:07,2,1.888,51.05,50.4490,25.9,1.908,52.66,4.01,-55,10.00,
2026-09-18T16:36:08,2,1.918,53.44,50.4570,25.9,1.916,53.24,3.95,-55,9.75,
2026-09-18T16:36:17,2,1.917,53.37,50.4340,25.9,1.916,53.24,3.96,-55,10.00,
2026-09-18T16:36:18,2,1.891,51.24,50.4330,25.9,1.912,52.98,3.99,-55,9.50,
2026-09-18T16:36:19,2,1.919,53.50,50.4290,25.9,1.912,52.98,3.98,-54,9.25,
2026-09-18T16:36:20,2,1.917,53.37,50.4320,25.9,1.915,53.18,3.96,-54,9.75,
2026-09-18T16:36:21,2,1.891,51.31,50.4350,25.9,1.913,53.05,3.99,-54,9.50,
2026-09-18T16:36:23,2,1.918,53.44,50.4370,25.9,1.914,53.11,3.98,-54,9.75,
2026-09-18T16:36:24,2,1.887,50.92,50.4390,25.9,1.914,53.11,3.99,-54,9.50,
2026-09-18T16:36:25,2,1.890,51.18,50.4420,25.9,1.909,52.73,4.00,-55,9.75,
2026-09-18T16:36:26,2,1.914,53.11,50.4420,25.9,1.912,52.98,3.98,-55,10.00,
2026-09-18T16:36:27,2,1.895,51.63,50.4370,25.9,1.917,53.37,3.99,-56,9.75,
2026-09-18T16:36:28,2,1.909,52.73,50.4300,25.9,1.912,52.92,4.00,-56,9.50,
2026-09-18T16:36:29,2,1.916,53.31,50.4310,25.9,1.919,53.50,3.96,-55,9.50,
2026-09-18T16:36:30,2,1.891,51.31,50.4420,25.9,1.913,53.05,3.99,-55,9.00,
2026-09-18T16:36:31,2,1.919,53.50,50.4430,25.9,1.913,53.05,3.98,-55,10.00,
2026-09-18T16:36:32,2,1.918,53.44,50.4460,25.9,1.915,53.18,3.96,-55,9.75,
2026-09-18T16:36:34,2,1.889,51.12,50.4550,25.9,1.909,52.73,4.01,-56,9.50,
2026-09-18T16:36:35,2,1.915,53.18,50.4540,25.9,1.914,53.11,3.99,-56,9.50,
2026-09-18T16:36:36,2,1.891,51.31,50.4500,25.9,1.913,53.05,3.99,-55,9.00,
2026-09-18T16:36:37,2,1.887,50.92,50.4490,25.9,1.910,52.79,4.00,-56,9.50,
2026-09-18T16:36:38,2,1.918,53.44,50.4380,25.9,1.915,53.18,3.96,-55,9.50,
2026-09-18T16:36:39,2,1.895,51.57,50.4390,25.9,1.912,52.92,3.99,-56,9.25,
2026-09-18T16:36:40,2,1.922,53.76,50.4360,25.9,1.901,52.08,3.98,-55,9.75,
2026-09-18T16:36:41,2,1.917,53.37,50.4490,25.9,1.916,53.24,3.96,-55,10.25,
2026-09-18T16:36:42,2,1.889,51.12,50.4520,25.9,1.909,52.73,4.00,-55,10.00,
2026-09-18T16:36:43,2,1.916,53.31,50.4560,25.9,1.914,53.11,3.98,-55,9.50,
2026-09-18T16:36:44,2,1.892,51.37,50.4500,25.9,1.912,52.98,3.98,-55,9.75,
2026-09-18T16:36:46,2,1.889,51.12,50.4540,25.9,1.909,52.73,4.01,-55,10.25,
2026-09-18T16:36:47,2,1.916,53.24,50.4530,25.9,1.916,53.24,3.96,-54,10.25,
2026-09-18T16:36:48,2,1.891,51.31,50.4480,25.9,1.911,52.86,3.99,-54,9.50,
2026-09-18T16:36:49,2,1.922,53.76,50.4380,25.9,1.914,53.11,3.98,-54,9.75,
2026-09-18T16:36:50,2,1.916,53.24,50.4400,25.9,1.916,53.24,3.96,-54,9.75,
2026-09-18T16:36:51,2,1.891,51.24,50.4320,25.9,1.909,52.73,4.01,-54,10.00,
2026-09-18T16:36:56,2,1.892,51.37,50.4360,25.9,1.912,52.98,3.98,-45,-1.75,
2026-09-18T16:36:58,2,1.890,51.18,50.4460,25.9,1.912,52.92,4.01,-47,-1.00,
2026-09-18T16:36:59,2,1.919,53.50,50.4500,25.9,1.915,53.18,3.96,-46,-1.75,
2026-09-18T16:37:00,2,1.884,50.73,50.4590,25.9,1.910,52.79,4.01,-54,10.25,
2026-09-18T16:37:01,2,1.925,54.02,50.4470,25.9,1.912,52.98,3.98,-54,9.75,
2026-09-18T16:37:02,2,1.915,53.18,50.4530,25.9,1.920,53.56,3.96,-55,10.25,20
2026-09-18T16:37:03,2,1.889,51.12,50.4550,25.9,1.907,52.60,4.01,-56,10.25,
2026-09-18T16:37:04,2,1.919,53.50,50.4540,25.9,1.906,52.47,3.96,-54,9.75,
2026-09-18T16:37:05,2,1.895,51.57,50.4500,25.9,1.913,53.05,3.98,-57,9.75,
2026-09-18T16:37:06,2,1.890,51.18,50.4580,25.9,1.907,52.60,4.01,-59,10.25,
2026-09-18T16:37:07,2,1.916,53.31,50.4580,25.9,1.916,53.31,3.96,-58,10.00,
2026-09-18T16:37:08,2,1.890,51.18,50.4600,25.9,1.917,53.37,3.99,-60,9.25,
2026-09-18T16:37:10,2,1.920,53.63,50.4550,25.9,1.912,52.98,3.97,-60,10.25,
2026-09-18T16:37:11,2,1.903,52.28,50.4570,25.9,1.914,53.11,3.96,-60,9.50,
2026-09-18T16:37:12,2,1.890,51.18,50.4670,25.9,1.907,52.60,4.00,-60,9.75,
2026-09-18T16:37:13,2,1.918,53.44,50.4630,25.9,1.913,53.05,3.98,-60,9.50,
2026-09-18T16:37:14,2,1.896,51.70,50.4670,25.9,1.916,53.31,3.98,-57,10.00,
2026-09-18T16:37:15,2,1.895,51.57,50.4680,25.9,1.914,53.11,4.00,-59,9.25,
2026-09-18T16:37:16,2,1.924,53.95,50.4800,25.9,1.922,53.76,3.96,-57,9.75,
2026-09-18T16:37:17,2,1.899,51.89,50.7580,25.9,1.919,53.50,3.99,-57,9.25,
2026-09-18T16:37:18,2,1.924,53.95,50.8580,25.9,1.921,53.69,3.98,-54,9.50,
2026-09-18T16:37:19,2,1.921,53.69,50.9460,25.9,1.925,54.02,3.96,-54,9.50,
2026-09-18T16:37:20,2,1.899,51.89,51.0240,25.9,1.917,53.37,4.01,-54,10.25,
2026-09-18T16:37:22,2,1.927,54.15,51.0840,25.9,1.927,54.15,3.98,-54,9.75,
2026-09-18T16:37:23,2,1.926,54.08,51.1450,25.9,1.927,54.15,3.96,-55,9.75,
2026-09-18T16:37:24,2,1.899,51.95,51.2020,25.9,1.920,53.56,4.01,-55,9.75,
2026-09-18T16:37:25,2,1.932,54.53,51.2740,25.9,1.929,54.34,3.96,-54,9.75,
2026-09-18T16:37:26,2,1.898,51.82,51.3320,25.9,1.928,54.21,3.99,-54,9.50,
2026-09-18T16:37:27,2,1.907,52.53,51.3880,25.9,1.922,53.76,4.01,-55,9.75,
2026-09-18T16:37:28,2,1.932,54.60,51.4480,25.9,1.931,54.47,3.96,-54,10.00,
2026-09-18T16:37:29,2,1.906,52.47,51.5540,25.9,1.923,53.82,4.01,-54,10.00,
2026-09-18T16:37:30,2,1.937,54.98,51.6170,25.9,1.932,54.60,3.98,-55,9.75,
2026-09-18T16:37:31,2,1.936,54.92,51.6580,25.9,1.932,54.60,3.96,-54,9.75,
2026-09-18T16:37:33,2,1.907,52.53,51.7060,25.9,1.912,52.98,4.01,-55,9.25,
2026-09-18T16:37:34,2,1.936,54.85,51.7560,25.9,1.932,54.60,3.96,-55,10.25,
2026-09-18T16:37:35,2,1.904,52.34,51.8100,25.9,1.942,55.37,3.99,-55,9.25,
2026-09-18T16:37:42,2,1.936,54.92,51.5020,25.9,1.930,54.40,3.95,-55,10.00,
2026-09-18T16:37:43,2,1.899,51.89,51.4990,25.9,1.924,53.95,3.98,-55,9.25,
2026-09-18T16:37:45,2,1.903,52.21,51.4780,25.9,1.920,53.63,4.00,-55,9.50,
2026-09-18T16:37:46,2,1.931,54.47,51.4780,25.9,1.932,54.60,3.96,-55,9.50,
2026-09-18T16:37:47,2,1.903,52.21,51.4620,25.9,1.921,53.69,4.00,-56,9.50,
2026-09-18T16:37:48,2,1.901,52.08,51.4660,25.9,1.924,53.89,4.01,-55,10.75,
2026-09-18T16:37:49,2,1.928,54.21,51.4530,25.9,1.929,54.34,3.96,-55,9.50,
2026-09-18T16:37:50,2,1.902,52.15,51.4670,25.9,1.921,53.69,4.00,-55,9.75,
2026-09-18T16:37:51,2,1.928,54.21,51.4520,25.9,1.930,54.40,3.98,-55,10.00,
2026-09-18T16:37:52,2,1.929,54.34,51.4530,25.9,1.928,54.27,3.97,-55,10.25,
2026-09-18T16:37:53,2,1.900,52.02,51.4520,25.9,1.923,53.82,4.01,-55,10.25,
2026-09-18T16:37:54,2,1.932,54.60,51.4490,25.9,1.928,54.27,3.96,-55,10.00,
2026-09-18T16:37:55,2,1.904,52.34,51.4530,25.9,1.924,53.95,3.98,-55,9.75,
2026-09-18T16:37:57,2,1.906,52.47,51.4570,25.9,1.923,53.82,4.00,-55,9.75,
2026-09-18T16:37:58,2,1.931,54.47,51.4660,25.9,1.927,54.15,3.96,-55,9.75,
2026-09-18T16:37:59,2,1.900,52.02,51.4630,25.9,1.922,53.76,4.01,-55,10.00,
2026-09-18T16:38:00,2,1.932,54.53,51.4700,25.9,1.926,54.08,3.98,-55,9.50,
2026-09-18T16:38:01,2,1.928,54.27,51.4650,25.9,1.925,54.02,3.97,-55,10.00,
2026-09-18T16:38:02,2,1.900,52.02,51.4730,25.9,1.912,52.92,4.00,-56,9.50,
2026-09-18T16:38:03,2,1.935,54.79,51.4720,25.9,1.928,54.27,3.95,-54,9.75,
2026-09-18T16:38:04,2,1.903,52.28,51.4530,25.9,1.923,53.82,3.98,-54,10.25,
2026-09-18T16:38:05,2,1.903,52.28,51.4640,25.9,1.923,53.82,4.01,-54,10.00,
2026-09-18T16:38:06,2,1.932,54.53,51.4590,25.9,1.927,54.15,3.96,-54,9.75,
2026-09-18T16:38:07,2,1.906,52.47,51.4740,25.9,1.920,53.63,4.00,-55,9.25,
2026-09-18T16:38:09,2,1.935,54.79,51.4880,25.9,1.925,54.02,3.98,-53,9.50,
2026-09-18T16:38:10,2,1.929,54.34,51.4820,25.9,1.927,54.15,3.96,-53,9.75,
2026-09-18T16:38:11,2,1.903,52.21,51.4800,25.9,1.921,53.69,4.00,-55,9.25,
2026-09-18T16:38:12,2,1.934,54.73,51.4860,25.9,1.928,54.27,3.95,-54,9.50,
2026-09-18T16:38:13,2,1.925,54.02,51.4980,25.9,1.928,54.21,3.97,-54,10.25,
2026-09-18T16:38:14,2,1.903,52.21,51.4910,25.9,1.921,53.69,4.01,-56,10.00,
2026-09-18T16:38:15,2,1.933,54.66,51.4890,25.9,1.928,54.21,3.96,-53,9.25,
2026-09-18T16:38:16,2,1.903,52.28,51.4900,25.9,1.922,53.76,4.01,-54,10.00,
2026-09-18T16:38:25,2,1.903,52.21,51.4950,25.9,1.920,53.56,4.00,-55,9.50,
2026-09-18T16:38:26,2,1.903,52.28,51.4990,25.9,1.920,53.63,4.01,-55,10.25,
2026-09-18T16:38:27,2,1.933,54.66,51.4940,25.9,1.928,54.21,3.96,-53,9.75,
2026-09-18T16:38:28,2,1.902,52.15,51.4850,25.9,1.920,53.56,4.00,-55,9.25,21
2026-09-18T16:38:29,2,1.940,55.18,51.4830,25.9,1.933,54.66,3.96,-53,9.50,
2026-09-18T16:38:30,2,1.929,54.34,51.4820,25.9,1.928,54.21,3.97,-53,9.75,
2026-09-18T16:38:32,2,1.903,52.21,51.4800,25.9,1.922,53.76,4.00,-53,9.50,
2026-09-18T16:38:33,2,1.932,54.60,51.4820,25.9,1.930,54.40,3.96,-53,9.50,
2026-09-18T16:38:34,2,1.930,54.40,51.4800,25.9,1.928,54.27,3.97,-53,10.00,
2026-09-18T16:38:35,2,1.903,52.28,51.4820,25.9,1.920,53.63,4.00,-53,9.25,
2026-09-18T16:38:36,2,1.930,54.40,51.4780,25.9,1.926,54.08,3.96,-53,9.25,
2026-09-18T16:38:37,2,1.903,52.21,51.4770,25.9,1.919,53.50,4.01,-53,9.50,
2026-09-18T16:38:38,2,1.901,52.08,51.4780,25.9,1.920,53.56,4.00,-54,9.50,
2026-09-18T16:38:39,2,1.930,54.40,51.4820,25.9,1.927,54.15,3.96,-53,9.25,
2026-09-18T16:38:40,2,1.903,52.21,51.4940,25.9,1.924,53.95,4.01,-56,9.50,
2026-09-18T16:38:41,2,1.933,54.66,51.4990,25.9,1.928,54.21,3.96,-53,9.75,
2026-09-18T16:38:42,2,1.928,54.27,51.4940,25.9,1.931,54.47,3.97,-53,10.25,
2026-09-18T16:38:44,2,1.905,52.40,51.4960,25.9,1.922,53.76,4.00,-54,9.50,
2026-09-18T16:38:45,2,1.932,54.60,51.5020,25.9,1.931,54.47,3.96,-55,10.75,
2026-09-18T16:38:46,2,1.901,52.08,51.4940,25.9,1.924,53.89,4.00,-54,9.50,
2026-09-18T16:38:47,2,1.902,52.15,51.5020,25.9,1.920,53.63,4.00,-54,9.00,
2026-09-18T16:38:48,2,1.930,54.40,51.5110,25.9,1.927,54.15,3.96,-54,10.75,
2026-09-18T16:38:49,2,1.902,52.15,51.4900,25.9,1.924,53.89,4.00,-55,9.50,
2026-09-18T16:38:50,2,1.938,55.05,51.4860,25.9,1.931,54.47,3.95,-53,9.50,
2026-09-18T16:38:51,2,1.929,54.34,51.4830,25.9,1.932,54.53,3.96,-54,9.50,
2026-09-18T16:38:53,2,1.932,54.60,51.4850,25.9,1.928,54.27,3.96,-54,10.00,
2026-09-18T16:38:54,2,1.902,52.15,51.4710,25.9,1.920,53.56,4.00,-55,9.50,
2026-09-18T16:38:56,2,1.902,52.15,51.4720,25.9,1.918,53.44,4.01,-54,9.50,
2026-09-18T16:38:57,2,1.930,54.40,51.4700,25.9,1.928,54.21,3.96,-54,9.75,
2026-09-18T16:38:58,2,1.901,52.08,51.4740,25.9,1.924,53.89,4.01,-54,10.00,
2026-09-18T16:38:59,2,1.905,52.40,51.4660,25.9,1.924,53.95,3.98,-54,9.75,
2026-09-18T16:39:00,2,1.924,53.89,51.4610,25.9,1.924,53.95,3.95,-54,9.75,
2026-09-18T16:39:08,2,1.907,52.53,51.4630,25.9,1.928,54.21,3.98,-54,10.00,
2026-09-18T16:39:09,2,1.928,54.27,51.4760,25.9,1.927,54.15,3.96,-54,10.00,
2026-09-18T16:39:10,2,1.902,52.15,51.4860,25.9,1.917,53.37,4.01,-54,10.00,
2026-09-18T16:39:11,2,1.924,53.95,51.4920,25.9,1.931,54.47,3.95,-54,10.00,
2026-09-18T16:39:12,2,1.926,54.08,51.4880,25.9,1.936,54.92,3.98,-54,10.25,
2026-09-18T16:39:13,2,1.900,52.02,51.4910,25.9,1.921,53.69,4.00,-55,9.75,
2026-09-18T16:39:14,2,1.932,54.60,51.4850,25.9,1.927,54.15,3.96,-54,9.75,
2026-09-18T16:39:15,2,1.904,52.34,51.5010,25.9,1.922,53.76,4.01,-54,9.75,
2026-09-18T16:39:16,2,1.901,52.08,51.5000,25.9,1.923,53.82,4.00,-54,9.50,
2026-09-18T16:39:17,2,1.928,54.27,51.4890,25.9,1.925,54.02,3.96,-54,9.75,
2026-09-18T16:39:19,2,1.901,52.08,51.4940,25.9,1.920,53.63,4.00,-54,9.50,
2026-09-18T16:39:20,2,1.936,54.92,51.4950,25.9,1.928,54.27,3.96,-55,10.00,
2026-09-18T16:39:21,2,1.929,54.34,51.4850,25.9,1.928,54.21,3.97,-54,9.75,
2026-09-18T16:39:22,2,1.904,52.34,51.4880,25.9,1.921,53.69,4.00,-56,9.75,
2026-09-18T16:39:23,2,1.932,54.53,51.4910,25.9,1.945,55.63,3.96,-54,9.75,
2026-09-18T16:39:24,2,1.926,54.08,51.4970,25.9,1.925,54.02,3.98,-54,9.75,
2026-09-18T16:39:25,2,1.904,52.34,51.4930,25.9,1.921,53.69,4.01,-55,9.75,
2026-09-18T16:39:26,2,1.932,54.53,51.5000,25.9,1.926,54.08,3.96,-54,9.75,
2026-09-18T16:39:27,2,1.901,52.08,51.4940,25.9,1.924,53.95,4.00,-54,9.25,
2026-09-18T16:39:28,2,1.907,52.53,51.4910,25.9,1.926,54.08,3.98,-55,9.75,
2026-09-18T16:39:29,2,1.928,54.27,51.4880,25.9,1.928,54.27,3.96,-54,10.25,
2026-09-18T16:39:31,2,1.904,52.34,51.4870,25.9,1.922,53.76,4.01,-54,10.25,
2026-09-18T16:39:32,2,1.936,54.85,51.4740,25.9,1.928,54.27,3.96,-54,10.00,
2026-09-18T16:39:33,2,1.925,54.02,51.4640,25.9,1.924,53.95,3.98,-55,9.50,
2026-09-18T16:39:34,2,1.900,52.02,51.4690,25.9,1.920,53.63,4.00,-54,9.50,
2026-09-18T16:39:35,2,1.932,54.53,51.4600,25.9,1.928,54.21,3.96,-54,10.00,
2026-09-18T16:39:36,2,1.900,52.02,51.4550,25.9,1.921,53.69,4.01,-54,10.00,
2026-09-18T16:39:37,2,1.905,52.40,51.4530,25.9,1.924,53.89,3.98,-54,9.75,
2026-09-18T16:39:38,2,1.932,54.53,51.4630,25.9,1.927,54.15,3.96,-54,10.00,
2026-09-18T16:39:39,2,1.903,52.21,51.4640,25.9,1.924,53.89,4.00,-54,10.00,
2026-09-18T16:39:40,2,1.938,55.05,51.4680,25.9,1.922,53.76,3.95,-53,10.00,
2026-09-18T16:39:41,2,1.926,54.08,51.4610,25.9,1.924,53.95,3.98,-54,10.25,
2026-09-18T16:39:43,2,1.902,52.15,51.4620,25.9,1.920,53.56,4.00,-54,9.75,
2026-09-18T16:39:50,2,1.927,54.15,51.4420,25.9,1.921,53.69,3.98,-54,10.00,
2026-09-18T16:39:51,2,1.905,52.40,51.4410,25.9,1.920,53.63,4.00,-55,9.50,
2026-09-18T16:39:52,2,1.933,54.66,51.4500,25.9,1.928,54.21,3.96,-54,9.75,
2026-09-18T16:39:53,2,1.928,54.27,51.4520,25.9,1.924,53.95,3.98,-54,10.00,
2026-09-18T16:39:55,2,1.901,52.08,51.4650,25.9,1.922,53.76,4.00,-54,10.00,
2026-09-18T16:39:56,2,1.932,54.53,51.4620,25.9,1.928,54.27,3.96,-53,9.75,
2026-09-18T16:39:57,2,1.899,51.89,51.4670,25.9,1.920,53.63,4.00,-55,9.50,
2026-09-18T16:39:58,2,1.906,52.47,51.4600,25.9,1.924,53.95,3.98,-54,9.75,
2026-09-18T16:39:59,2,1.929,54.34,51.4540,25.9,1.928,54.21,3.97,-54,10.25,
2026-09-18T16:40:00,2,1.903,52.21,51.4530,25.9,1.922,53.76,4.01,-54,10.50,
2026-09-18T16:40:01,2,1.936,54.92,51.4550,25.9,1.929,54.34,3.95,-54,9.75,
2026-09-18T16:40:02,2,1.926,54.08,51.4530,25.9,1.927,54.15,3.98,-54,9.75,
2026-09-18T16:40:03,2,1.902,52.15,51.4510,25.9,1.921,53.69,4.00,-55,9.50,
2026-09-18T16:40:04,2,1.932,54.53,51.4540,25.9,1.928,54.21,3.96,-54,9.75,
2026-09-18T16:40:05,2,1.900,52.02,51.4520,25.9,1.920,53.56,4.00,-55,9.50,
2026-09-18T16:40:07,2,1.921,53.69,51.4540,25.9,1.926,54.08,3.98,-54,9.50,
2026-09-18T16:40:08,2,1.929,54.34,51.4620,25.9,1.926,54.08,3.96,-54,9.75,
2026-09-18T16:40:09,2,1.901,52.08,51.4640,25.9,1.920,53.63,4.01,-54,10.25,
2026-09-18T16:40:10,2,1.930,54.40,51.4580,25.9,1.929,54.34,3.97,-54,10.25,
2026-09-18T16:40:11,2,1.925,54.02,51.4560,25.9,1.925,54.02,3.99,-54,9.25,
2026-09-18T16:40:12,2,1.902,52.15,51.4590,25.9,1.918,53.44,4.00,-55,9.50,
2026-09-18T16:40:13,2,1.927,54.15,51.4580,25.9,1.928,54.21,3.96,-54,10.00,
2026-09-18T16:40:14,2,1.924,53.95,51.4400,25.9,1.924,53.89,3.98,-54,10.25,
2026-09-18T16:40:15,2,1.904,52.34,51.4500,25.9,1.924,53.95,3.98,-54,9.50,
2026-09-18T16:40:16,2,1.930,54.40,51.4510,25.9,1.928,54.21,3.96,-54,9.75,
2026-09-18T16:40:18,2,1.901,52.08,51.4590,25.9,1.920,53.63,4.00,-54,9.50,
2026-09-18T16:40:19,2,1.904,52.34,51.4680,25.9,1.926,54.08,3.98,-55,9.75,
2026-09-18T16:40:20,2,1.927,54.15,51.4700,25.9,1.924,53.89,3.99,-56,9.50,
2026-09-18T16:40:21,2,1.901,52.08,51.4660,25.9,1.924,53.95,4.00,-59,9.50,
2026-09-18T16:40:22,2,1.936,54.85,51.4620,25.9,1.928,54.21,3.96,-57,10.00,
2026-09-18T16:40:23,2,1.926,54.08,51.4680,25.9,1.924,53.89,3.98,-58,10.00,
2026-09-18T16:40:24,2,1.895,51.57,51.4640,25.9,1.926,54.08,3.98,-58,9.50,
2026-09-18T16:40:25,2,1.933,54.66,51.4630,25.9,1.928,54.27,3.96,-55,10.00,
2026-09-18T16:40:32,2,1.926,54.08,51.4610,25.9,1.000,0.00,0.00,-43,-2.75,
2026-09-18T16:40:33,2,1.906,52.47,51.4660,25.9,1.927,54.15,3.98,-47,8.25,
2026-09-18T16:40:34,2,1.933,54.66,51.4710,25.9,1.928,54.21,3.96,-55,9.75,
2026-09-18T16:40:35,2,1.899,51.95,51.4780,25.9,1.922,53.76,4.00,-55,10.00,
2026-09-18T16:40:36,2,1.907,52.60,51.4720,25.9,1.924,53.95,3.98,-55,9.75,
2026-09-18T16:40:37,2,1.930,54.40,51.4750,25.9,1.927,54.15,3.97,-54,10.25,
2026-09-18T16:40:38,2,1.907,52.60,51.4750,25.9,1.923,53.82,4.00,-54,9.25,
2026-09-18T16:40:39,2,1.903,52.28,51.4750,25.9,1.925,54.02,3.98,-53,9.50,
2026-09-18T16:40:40,2,1.927,54.15,51.4780,25.9,1.924,53.95,3.99,-54,9.50,
2026-09-18T16:40:42,2,1.901,52.08,51.4810,25.9,1.923,53.82,4.01,-55,10.00,
2026-09-18T16:40:43,2,1.932,54.60,51.4670,25.9,1.928,54.27,3.96,-53,9.75,
2026-09-18T16:40:44,2,1.930,54.40,51.4700,25.9,1.924,53.95,3.98,-54,9.75,
2026-09-18T16:40:45,2,1.904,52.34,51.4650,25.9,1.923,53.82,3.98,-53,9.25,
2026-09-18T16:40:46,2,1.929,54.34,51.4650,25.9,1.927,54.15,3.96,-52,10.00,
2026-09-18T16:40:47,2,1.903,52.28,51.4610,25.9,1.922,53.76,4.00,-53,9.25,
2026-09-18T16:40:48,2,1.906,52.47,51.4730,25.9,1.928,54.21,3.98,-54,9.75,
2026-09-18T16:40:49,2,1.929,54.34,51.4750,25.9,1.924,53.95,3.98,-54,9.75,
2026-09-18T16:40:50,2,1.901,52.08,51.4810,25.9,1.920,53.63,4.01,-54,9.75,
2026-09-18T16:40:51,2,1.938,55.05,51.4830,25.9,1.929,54.34,3.96,-54,9.50,
2026-09-18T16:40:52,2,1.926,54.08,51.4790,25.9,1.924,53.89,3.98,-54,9.75,
2026-09-18T16:40:54,2,1.907,52.53,51.4840,25.9,1.927,54.15,3.98,-53,9.75,
2026-09-18T16:40:55,2,1.931,54.47,51.4780,25.9,1.929,54.34,3.96,-54,9.50,
2026-09-18T16:40:56,2,1.912,52.98,51.4840,25.9,1.922,53.76,4.00,-54,9.75,
2026-09-18T16:40:57,2,1.907,52.53,51.4790,25.9,1.928,54.21,3.98,-53,9.75,
2026-09-18T16:40:58,2,1.928,54.21,51.4710,25.9,1.922,53.76,3.98,-53,9.50,
2026-09-18T16:40:59,2,1.903,52.21,51.4750,25.9,1.924,53.89,4.00,-54,9.50,
2026-09-18T16:41:00,2,1.937,54.98,51.4800,25.9,1.926,54.08,3.96,-54,9.50,
2026-09-18T16:41:01,2,1.927,54.15,51.4730,25.9,1.924,53.95,3.98,-55,9.50,
2026-09-18T16:41:02,2,1.907,52.53,51.4800,25.9,1.927,54.15,3.98,-53,9.50,
2026-09-18T16:41:03,2,1.933,54.66,51.4830,25.9,1.927,54.15,3.96,-53,9.50,
2026-09-18T16:41:04,2,1.903,52.28,51.4830,25.9,1.922,53.76,3.97,-53,10.50,
2026-09-18T16:41:06,2,1.906,52.47,51.4860,25.9,1.923,53.82,3.98,-53,10.00,
2026-09-18T16:41:07,2,1.928,54.21,51.4800,25.9,1.924,53.95,3.98,-53,9.50,
2026-09-18T16:41:08,2,1.900,52.02,51.4720,25.9,1.921,53.69,4.00,-56,10.00,
2026-09-18T16:41:15,2,1.932,54.60,51.4700,25.9,1.928,54.21,3.90,-45,6.00,
2026-09-18T16:41:17,2,1.906,52.47,51.4740,25.9,1.922,53.76,4.00,-57,10.00,
2026-09-18T16:41:18,2,1.904,52.34,51.4790,25.9,1.926,54.08,3.98,-58,9.75,
2026-09-18T16:41:19,2,1.927,54.15,51.4830,25.9,1.922,53.76,3.98,-57,10.00,
2026-09-18T16:41:20,2,1.899,51.95,51.4790,25.9,1.921,53.69,4.00,-56,9.25,
2026-09-18T16:41:21,2,1.938,55.05,51.4800,25.9,1.936,54.92,3.95,-57,10.00,
2026-09-18T16:41:22,2,1.925,54.02,51.4840,25.9,1.923,53.82,3.99,-58,9.25,
2026-09-18T16:41:23,2,1.905,52.40,51.4840,25.9,1.927,54.15,3.98,-56,10.00,
2026-09-18T16:41:24,2,1.933,54.66,51.4690,25.9,1.930,54.40,3.96,-55,9.75,
2026-09-18T16:41:25,2,1.903,52.28,51.4770,25.9,1.922,53.76,4.00,-55,9.50,
2026-09-18T16:41:26,2,1.903,52.28,51.4820,25.9,1.924,53.95,3.98,-54,9.50,
2026-09-18T16:41:27,2,1.928,54.21,51.4930,25.9,1.924,53.95,3.98,-54,9.75,
2026-09-18T16:41:29,2,1.904,52.34,51.4910,25.9,1.919,53.50,4.00,-54,9.25,
2026-09-18T16:41:30,2,1.907,52.60,51.4980,25.9,1.924,53.89,3.98,-54,10.00,
2026-09-18T16:41:31,2,1.928,54.27,51.4960,25.9,1.923,53.82,3.98,-54,10.00,
2026-09-18T16:41:32,2,1.905,52.40,51.4880,25.9,1.928,54.27,3.98,-54,9.75,
2026-09-18T16:41:33,2,1.936,54.85,51.4940,25.9,1.927,54.15,3.96,-54,10.00,
2026-09-18T16:41:34,2,1.929,54.34,51.5000,25.9,1.925,54.02,3.98,-53,9.75,
2026-09-18T16:41:35,2,1.908,52.66,51.4890,25.9,1.934,54.73,3.98,-54,10.00,
2026-09-18T16:41:36,2,1.929,54.34,51.4960,25.9,1.925,54.02,3.98,-53,9.50,
2026-09-18T16:41:37,2,1.902,52.15,51.4860,25.9,1.927,54.15,4.00,-55,9.75,
2026-09-18T16:41:38,2,1.906,52.47,51.4750,25.9,1.925,54.02,3.98,-55,10.00,
2026-09-18T16:41:39,2,1.929,54.34,51.4780,25.9,1.924,53.95,3.98,-56,9.75,
2026-09-18T16:41:41,2,1.903,52.28,51.4880,25.9,1.930,54.40,3.98,-54,9.75,
2026-09-18T16:41:42,2,1.936,54.92,51.4830,25.9,1.927,54.15,3.96,-55,10.00,
2026-09-18T16:41:43,2,1.928,54.27,51.4890,25.9,1.924,53.95,3.98,-56,9.50,
2026-09-18T16:41:44,2,1.907,52.53,51.5030,25.9,1.925,54.02,3.98,-56,9.75,
2026-09-18T16:41:45,2,1.931,54.47,51.5020,25.9,1.930,54.40,3.96,-55,10.00,
2026-09-18T16:41:46,2,1.904,52.34,51.5040,25.9,1.922,53.76,4.00,-56,9.75,
2026-09-18T16:41:47,2,1.905,52.40,51.4980,25.9,1.927,54.15,3.96,-56,9.75,
2026-09-18T16:41:48,2,1.928,54.21,51.4980,25.9,1.923,53.82,3.98,-54,9.75,
2026-09-18T16:41:49,2,1.900,52.02,51.5060,25.9,1.921,53.69,4.00,-56,9.75,
2026-09-18T16:41:50,2,1.934,54.73,51.5020,25.9,1.931,54.47,3.97,-54,10.00,
2026-09-18T16:41:58,2,1.903,52.21,51.5090,25.9,1.924,53.89,4.00,-46,6.00,
2026-09-18T16:41:59,2,1.906,52.47,51.5150,25.9,1.919,53.50,3.98,-54,9.75,
2026-09-18T16:42:00,2,1.931,54.47,51.5190,25.9,1.924,53.95,3.98,-54,10.25,
2026-09-18T16:42:01,2,1.904,52.34,51.5130,25.9,1.924,53.89,3.98,-54,9.75,
2026-09-18T16:42:02,2,1.934,54.73,51.5150,25.9,1.928,54.21,3.96,-54,9.75,
2026-09-18T16:42:04,2,1.926,54.08,51.5230,25.9,1.924,53.89,3.98,-54,9.75,
2026-09-18T16:42:05,2,1.905,52.40,51.5180,25.9,1.926,54.08,3.98,-54,9.75,
2026-09-18T16:42:06,2,1.931,54.47,51.5030,25.9,1.927,54.15,3.98,-54,10.00,
2026-09-18T16:42:07,2,1.903,52.28,51.5170,25.9,1.923,53.82,4.00,-55,9.75,
2026-09-18T16:42:08,2,1.900,52.02,51.5070,25.9,1.928,54.27,3.98,-54,9.75,
2026-09-18T16:42:09,2,1.927,54.15,51.5080,25.9,1.925,54.02,3.98,-54,10.00,
2026-09-18T16:42:10,2,1.905,52.40,51.5100,25.9,1.928,54.27,3.97,-54,10.00,
2026-09-18T16:42:11,2,1.936,54.85,51.5040,25.9,1.929,54.34,3.96,-54,10.00,
2026-09-18T16:42:12,2,1.928,54.21,51.5050,25.9,1.925,54.02,3.98,-54,10.00,
2026-09-18T16:42:13,2,1.908,52.66,51.5040,25.9,1.926,54.08,3.98,-55,9.50,
2026-09-18T16:42:14,2,1.928,54.27,51.4940,25.9,1.934,54.73,3.98,-55,9.50,
2026-09-18T16:42:16,2,1.903,52.28,51.4890,25.9,1.922,53.76,4.00,-55,10.00,
2026-09-18T16:42:17,2,1.905,52.40,51.4890,25.9,1.925,54.02,3.98,-55,9.75,
2026-09-18T16:42:18,2,1.927,54.15,51.4980,25.9,1.924,53.95,3.97,-55,10.75,
2026-09-18T16:42:19,2,1.903,52.28,51.4970,25.9,1.925,54.02,3.98,-55,9.50,
2026-09-18T16:42:20,2,1.903,52.28,51.4920,25.9,1.925,54.02,3.98,-54,9.50,
2026-09-18T16:42:21,2,1.926,54.08,51.4980,25.9,1.926,54.08,3.98,-55,10.00,
2026-09-18T16:42:22,2,1.903,52.28,51.5050,25.9,1.926,54.08,3.98,-55,9.75,
2026-09-18T16:42:23,2,1.936,54.85,51.5050,25.9,1.928,54.21,3.95,-55,10.25,
2026-09-18T16:42:24,2,1.924,53.95,51.5060,25.9,1.924,53.89,3.98,-55,9.75,
2026-09-18T16:42:25,2,1.903,52.21,51.5130,25.9,1.927,54.15,3.98,-52,9.50,
2026-09-18T16:42:26,2,1.928,54.27,51.5150,25.9,1.924,53.95,3.98,-55,9.50,
2026-09-18T16:42:28,2,1.903,52.21,51.5190,25.9,1.920,53.56,4.00,-55,9.25,
2026-09-18T16:42:29,2,1.907,52.60,51.5110,25.9,1.926,54.08,3.98,-55,10.25,
2026-09-18T16:42:30,2,1.928,54.21,51.5080,25.9,1.925,54.02,3.98,-55,9.75,
2026-09-18T16:42:31,2,1.906,52.47,51.5240,25.9,1.925,54.02,3.98,-55,9.25,
2026-09-18T16:42:32,2,1.938,55.05,51.5200,25.9,1.931,54.47,3.95,-55,9.50,
2026-09-18T16:42:33,2,1.926,54.08,51.5120,25.9,1.924,53.95,3.98,-55,10.00,
2026-09-18T16:42:41,2,1.906,52.47,51.5000,25.9,1.926,54.08,3.98,-47,7.75,
2026-09-18T16:42:42,2,1.928,54.27,51.5000,25.9,1.924,53.89,3.98,-54,10.00,
2026-09-18T16:42:43,2,1.903,52.28,51.4980,25.9,1.926,54.08,3.98,-54,10.00,
2026-09-18T16:42:44,2,1.929,54.34,51.4990,25.9,1.925,54.02,3.97,-55,10.00,
2026-09-18T16:42:45,2,1.927,54.15,51.4910,25.9,1.924,53.89,3.98,-54,10.00,
2026-09-18T16:42:46,2,1.904,52.34,51.4900,25.9,1.927,54.15,3.98,-54,10.00,
2026-09-18T16:42:47,2,1.932,54.53,51.4780,25.9,1.922,53.76,3.97,-55,10.00,
2026-09-18T16:42:48,2,1.906,52.47,51.4950,25.9,1.925,54.02,3.97,-54,9.75,
2026-09-18T16:42:49,2,1.904,52.34,51.5040,25.9,1.924,53.95,3.98,-56,9.25,
2026-09-18T16:42:50,2,1.928,54.21,51.4850,25.9,1.925,54.02,3.98,-55,9.75,
2026-09-18T16:42:52,2,1.907,52.53,51.4890,25.9,1.923,53.82,3.98,-55,9.50,
2026-09-18T16:42:53,2,1.934,54.73,51.4930,25.9,1.926,54.08,3.97,-56,10.25,
2026-09-18T16:42:54,2,1.928,54.21,51.4950,25.9,1.927,54.15,3.98,-56,9.50,
2026-09-18T16:42:55,2,1.905,52.40,51.4970,25.9,1.926,54.08,3.98,-56,9.75,
2026-09-18T16:42:56,2,1.932,54.60,51.5020,25.9,1.924,53.89,3.98,-56,9.75,
2026-09-18T16:42:57,2,1.891,51.31,51.4950,25.9,1.924,53.95,4.00,-56,9.50,
2026-09-18T16:42:58,2,1.904,52.34,51.4930,25.9,1.924,53.89,3.98,-56,9.75,
2026-09-18T16:42:59,2,1.927,54.15,51.5000,25.9,1.924,53.95,3.98,-56,9.50,
2026-09-18T16:43:00,2,1.905,52.40,51.5000,25.9,1.929,54.34,3.98,-56,10.00,
2026-09-18T16:43:01,2,1.903,52.28,51.4970,25.9,1.928,54.21,3.98,-56,10.00,
2026-09-18T16:43:03,2,1.927,54.15,51.4940,25.9,1.924,53.95,3.98,-58,9.25,
2026-09-18T16:43:04,2,1.903,52.28,51.4880,25.9,1.924,53.89,3.98,-54,9.50,
2026-09-18T16:43:05,2,1.929,54.34,51.4930,25.9,1.924,53.89,3.98,-56,9.75,
2026-09-18T16:43:06,2,1.927,54.15,51.4970,25.9,1.924,53.95,3.98,-54,9.50,
2026-09-18T16:43:07,2,1.905,52.40,51.5010,25.9,1.925,54.02,3.98,-54,9.75,
2026-09-18T16:43:09,2,1.907,52.60,51.4960,25.9,1.926,54.08,3.98,-55,10.00,
2026-09-18T16:43:10,2,1.903,52.21,51.4850,25.9,1.926,54.08,3.98,-55,9.75,
2026-09-18T16:43:11,2,1.928,54.27,51.4970,25.9,1.925,54.02,3.98,-55,9.75,
2026-09-18T16:43:12,2,1.905,52.40,51.4920,25.9,1.926,54.08,3.98,-55,9.75,
2026-09-18T16:43:13,2,1.941,55.31,51.4970,25.9,1.924,53.89,3.97,-55,10.25,
2026-09-18T16:43:15,2,1.928,54.27,51.4930,25.9,1.924,53.95,3.98,-55,9.25,
2026-09-18T16:43:16,2,1.906,52.47,51.4920,25.9,1.924,53.89,3.98,-55,10.00,
2026-09-18T16:43:23,2,1.927,54.15,51.5010,25.9,1.928,54.21,3.98,-48,9.00,
2026-09-18T16:43:24,2,1.906,52.47,51.5130,25.9,1.927,54.15,3.98,-56,9.75,
2026-09-18T16:43:25,2,1.930,54.40,51.5070,25.9,1.926,54.08,3.98,-56,9.75,
2026-09-18T16:43:27,2,1.932,54.53,51.5090,25.9,1.929,54.34,3.96,-56,9.75,
2026-09-18T16:43:28,2,1.904,52.34,51.5090,25.9,1.924,53.89,3.98,-56,10.50,
2026-09-18T16:43:29,2,1.917,53.37,51.5090,25.9,1.924,53.95,3.98,-58,9.75,
2026-09-18T16:43:30,2,1.905,52.40,51.5070,25.9,1.924,53.89,3.98,-56,9.75,
2026-09-18T16:43:31,2,1.903,52.21,51.5000,25.9,1.922,53.76,4.00,-57,9.75,
2026-09-18T16:43:32,2,1.924,53.95,51.5010,25.9,1.924,53.89,3.98,-58,9.50,
2026-09-18T16:43:33,2,1.903,52.28,51.5030,25.9,1.926,54.08,3.99,-57,9.50,
2026-09-18T16:43:34,2,1.932,54.53,51.4990,25.9,1.924,53.89,3.98,-56,10.00,
2026-09-18T16:43:35,2,1.932,54.53,51.4920,25.9,1.928,54.27,3.96,-53,9.50,
2026-09-18T16:43:36,2,1.909,52.73,51.5030,25.9,1.924,53.95,3.99,-54,9.25,
2026-09-18T16:43:37,2,1.932,54.53,51.4970,25.9,1.924,53.89,3.98,-54,10.00,
2026-09-18T16:43:39,2,1.905,52.40,51.5040,25.9,1.924,53.95,3.97,-54,9.75,
2026-09-18T16:43:40,2,1.905,52.40,51.5110,25.9,1.924,53.95,3.98,-53,9.50,
2026-09-18T16:43:41,2,1.928,54.21,51.5170,25.9,1.922,53.76,3.97,-54,10.25,
2026-09-18T16:43:42,2,1.903,52.21,51.5130,25.9,1.925,54.02,3.98,-54,9.75,
2026-09-18T16:43:43,2,1.936,54.92,51.5190,25.9,1.927,54.15,3.97,-54,10.50,
2026-09-18T16:43:44,2,1.928,54.21,51.5140,25.9,1.927,54.15,3.98,-53,9.75,
2026-09-18T16:43:45,2,1.906,52.47,51.5120,25.9,1.927,54.15,3.98,-54,10.00,
2026-09-18T16:43:46,2,1.931,54.47,51.5110,25.9,1.925,54.02,3.98,-55,9.75,
2026-09-18T16:43:47,2,1.907,52.53,51.5160,25.9,1.926,54.08,3.97,-55,10.00,
2026-09-18T16:43:48,2,1.905,52.40,51.5180,25.9,1.925,54.02,3.98,-53,9.50,
2026-09-18T16:43:49,2,1.932,54.53,51.5250,25.9,1.922,53.76,3.98,-54,9.75,
2026-09-18T16:43:51,2,1.907,52.60,51.5320,25.9,1.925,54.02,3.98,-55,9.75,
2026-09-18T16:43:52,2,1.904,52.34,51.5310,25.9,1.921,53.69,4.00,-55,9.75,
2026-09-18T16:43:53,2,1.925,54.02,51.5370,25.9,1.925,54.02,3.98,-54,9.75,
2026-09-18T16:43:54,2,1.904,52.34,51.5410,25.9,1.924,53.95,3.98,-54,9.75,
2026-09-18T16:43:55,2,1.932,54.53,51.5440,25.9,1.925,54.02,3.98,-54,9.75,
2026-09-18T16:43:56,2,1.930,54.40,51.5400,25.9,1.928,54.21,3.95,-55,10.00,
2026-09-18T16:43:57,2,1.907,52.60,51.5300,25.9,1.926,54.08,3.98,-54,10.00,
2026-09-18T16:43:58,2,1.931,54.47,51.5290,25.9,1.923,53.82,3.98,-54,9.50,
2026-09-18T16:44:06,2,1.904,52.34,51.5160,25.9,1.924,53.95,3.98,-54,9.75,
2026-09-18T16:44:07,2,1.930,54.40,51.5190,25.9,1.923,53.82,3.98,-53,9.75,
2026-09-18T16:44:08,2,1.909,52.73,51.5130,25.9,1.928,54.27,3.96,-54,9.75,
2026-09-18T16:44:09,2,1.901,52.08,51.5040,25.9,1.920,53.56,3.98,-55,9.50,
2026-09-18T16:44:10,2,1.926,54.08,51.4960,25.9,1.932,54.53,3.98,-54,9.50,
2026-09-18T16:44:11,2,1.906,52.47,51.4940,25.9,1.925,54.02,3.98,-55,9.50,
2026-09-18T16:44:12,2,1.905,52.40,51.4840,25.9,1.921,53.69,4.00,-56,10.00,
2026-09-18T16:44:14,2,1.915,53.18,51.4850,25.9,1.928,54.27,3.98,-53,10.00,
2026-09-18T16:44:15,2,1.907,52.53,51.4780,25.9,1.924,53.89,3.98,-54,10.25,
2026-09-18T16:44:16,2,1.930,54.40,51.4860,25.9,1.925,54.02,3.98,-54,9.75,
2026-09-18T16:44:17,2,1.930,54.40,51.4900,25.9,1.928,54.21,3.96,-55,9.50,
2026-09-18T16:44:18,2,1.921,53.69,51.4900,25.9,1.915,53.18,3.98,-55,10.00,
2026-09-18T16:44:19,2,1.931,54.47,51.4890,25.9,1.923,53.82,3.98,-54,10.00,
2026-09-18T16:44:20,2,1.906,52.47,51.4890,25.9,1.926,54.08,3.98,-55,9.50,
2026-09-18T16:44:21,2,1.900,52.02,51.4920,25.9,1.924,53.95,4.00,-55,9.75,
2026-09-18T16:44:22,2,1.926,54.08,51.4980,25.9,1.924,53.95,3.98,-54,9.50,
2026-09-18T16:44:23,2,1.901,52.08,51.5010,25.9,1.925,54.02,3.98,-54,9.75,
2026-09-18T16:44:24,2,1.934,54.73,51.4970,25.9,1.925,54.02,3.97,-55,10.00,
2026-09-18T16:44:26,2,1.931,54.47,51.5020,25.9,1.927,54.15,3.96,-54,9.50,
2026-09-18T16:44:27,2,1.905,52.40,51.4910,25.9,1.928,54.27,3.98,-55,9.75,
2026-09-18T16:44:28,2,1.930,54.40,51.4930,25.9,1.925,54.02,3.96,-55,9.50,
2026-09-18T16:44:29,2,1.909,52.73,51.5000,25.9,1.924,53.95,3.96,-56,9.75,
2026-09-18T16:44:30,2,1.904,52.34,51.5080,25.9,1.920,53.56,4.00,-57,9.50,
2026-09-18T16:44:31,2,1.932,54.53,51.5040,25.9,1.924,53.89,3.98,-55,9.75,
2026-09-18T16:44:32,2,1.906,52.47,51.4920,25.9,1.924,53.95,3.98,-54,9.50,
2026-09-18T16:44:33,2,1.901,52.08,51.4920,25.9,1.920,53.56,4.00,-55,9.75,
2026-09-18T16:44:34,2,1.932,54.53,51.4860,25.9,1.928,54.27,3.95,-55,10.00,
2026-09-18T16:44:35,2,1.906,52.47,51.4990,25.9,1.924,53.89,3.98,-54,10.00,
2026-09-18T16:44:36,2,1.929,54.34,51.4970,25.9,1.922,53.76,3.98,-54,9.75,
2026-09-18T16:44:38,2,1.932,54.53,51.5040,25.9,1.928,54.27,3.96,-54,10.00,
2026-09-18T16:44:39,2,1.900,52.02,51.5070,25.9,1.922,53.76,4.00,-54,9.50,
2026-09-18T16:44:40,2,1.928,54.21,51.5090,25.9,1.925,54.02,3.98,-54,9.75,
2026-09-18T16:44:48,2,1.931,54.47,51.5110,25.9,1.926,54.08,3.98,-54,9.75,
2026-09-18T16:44:50,2,1.903,52.28,51.5070,25.9,1.924,53.89,3.98,-54,9.75,
2026-09-18T16:44:51,2,1.901,52.08,51.5130,25.9,1.920,53.63,4.00,-55,9.75,
2026-09-18T16:44:52,2,1.928,54.21,51.5260,25.9,1.924,53.89,3.98,-55,10.00,
2026-09-18T16:44:53,2,1.903,52.21,51.5170,25.9,1.925,54.02,3.98,-54,9.75,
2026-09-18T16:44:54,2,1.900,52.02,51.5230,25.9,1.920,53.63,4.00,-55,9.50,
2026-09-18T16:44:55,2,1.927,54.15,51.5210,25.9,1.930,54.40,3.96,-55,9.75,
2026-09-18T16:44:56,2,1.899,51.89,51.5170,25.9,1.934,54.73,3.98,-56,10.25,
2026-09-18T16:44:57,2,1.931,54.47,51.5250,25.9,1.926,54.08,3.97,-54,10.25,
2026-09-18T16:44:58,2,1.932,54.53,51.5170,25.9,1.927,54.15,3.96,-55,9.75,
2026-09-18T16:44:59,2,1.899,51.95,51.5090,25.9,1.924,53.89,4.00,-55,9.50,21
2026-09-18T16:45:01,2,1.929,54.34,51.5200,25.9,1.925,54.02,3.98,-53,9.50,
2026-09-18T16:45:02,2,1.904,52.34,51.5270,25.9,1.926,54.08,3.98,-56,10.00,
2026-09-18T16:45:03,2,1.902,52.15,51.5240,25.9,1.917,53.37,4.00,-54,9.25,
2026-09-18T16:45:04,2,1.932,54.53,51.5230,25.9,1.929,54.34,3.96,-57,9.50,
2026-09-18T16:45:05,2,1.906,52.47,51.5170,25.9,1.927,54.15,3.98,-57,9.75,
2026-09-18T16:45:06,2,1.937,54.98,51.5160,25.9,1.926,54.08,3.98,-56,9.50,
2026-09-18T16:45:07,2,1.930,54.40,51.5130,25.9,1.929,54.34,3.96,-60,9.50,
2026-09-18T16:45:08,2,1.903,52.21,51.5110,25.9,1.921,53.69,4.00,-60,9.25,
2026-09-18T16:45:09,2,1.929,54.34,51.5050,25.9,1.925,54.02,3.98,-59,9.00,
2026-09-18T16:45:10,2,1.897,51.76,51.4990,25.9,1.927,54.15,3.98,-59,9.75,
2026-09-18T16:45:11,2,1.898,51.82,51.4930,25.9,1.924,53.89,4.00,-56,9.25,
2026-09-18T16:45:13,2,1.935,54.79,51.5010,25.9,1.934,54.73,3.95,-56,9.75,
2026-09-18T16:45:14,2,1.912,52.98,51.5900,25.9,1.930,54.40,3.98,-56,9.75,
2026-09-18T16:45:15,2,1.938,55.05,51.7520,25.9,1.932,54.53,3.98,-56,9.25,
2026-09-18T16:45:16,2,1.936,54.85,51.8830,25.9,1.936,54.85,3.95,-54,9.75,
2026-09-18T16:45:17,2,1.912,52.98,51.9780,25.9,1.929,54.34,4.00,-54,9.50,
2026-09-18T16:45:18,2,1.943,55.43,52.0720,25.9,1.934,54.73,3.98,-54,9.50,
2026-09-18T16:45:19,2,1.941,55.31,52.1490,25.9,1.941,55.31,3.96,-54,9.50,
2026-09-18T16:45:20,2,1.914,53.11,52.2260,25.9,1.933,54.66,4.00,-55,9.50,
2026-09-18T16:45:21,2,1.945,55.56,52.2970,25.9,1.944,55.50,3.95,-55,9.50,22
2026-09-18T16:45:22,2,1.919,53.50,52.4170,25.9,1.939,55.11,3.98,-55,10.00,
2026-09-18T16:45:31,2,1.924,53.89,52.9030,25.9,1.943,55.43,3.98,-54,10.00,
2026-09-18T16:45:32,2,1.920,53.56,52.9570,25.9,1.939,55.11,4.00,-55,9.75,
2026-09-18T16:45:33,2,1.947,55.76,53.0180,25.9,1.943,55.43,3.96,-55,9.75,
2026-09-18T16:45:34,2,1.919,53.50,52.8730,25.9,1.940,55.18,3.98,-55,9.50,
2026-09-18T16:45:35,2,1.951,56.08,52.7910,25.9,1.939,55.11,3.97,-55,10.00,22
2026-09-18T16:45:37,2,1.944,55.50,52.7510,25.9,1.941,55.31,3.96,-55,9.25,
2026-09-18T16:45:38,2,1.918,53.44,52.7190,25.9,1.932,54.60,4.00,-56,9.50,
2026-09-18T16:45:39,2,1.943,55.43,52.6880,25.9,1.939,55.11,3.97,-55,9.75,23
2026-09-18T16:45:40,2,1.924,53.95,52.6700,25.9,1.940,55.18,3.96,-53,9.75,
2026-09-18T16:45:41,2,1.917,53.37,52.6500,25.9,1.936,54.85,4.00,-54,9.50,
2026-09-18T16:45:42,2,1.956,56.47,52.6480,25.9,1.943,55.43,3.95,-54,9.50,
2026-09-18T16:45:43,2,1.922,53.76,52.6380,25.9,1.938,55.05,3.98,-54,9.50,
2026-09-18T16:45:44,2,1.916,53.24,52.6240,25.9,1.934,54.73,4.01,-55,9.75,
2026-09-18T16:45:45,2,1.945,55.56,52.6110,25.9,1.942,55.37,3.96,-54,10.00,
2026-09-18T16:45:46,2,1.916,53.31,52.6060,25.9,1.934,54.73,4.00,-55,9.75,
2026-09-18T16:45:48,2,1.949,55.95,52.6060,25.9,1.937,54.98,3.97,-54,10.00,
2026-09-18T16:45:49,2,1.942,55.37,52.6020,25.9,1.937,54.98,3.96,-54,9.75,
2026-09-18T16:45:50,2,1.916,53.24,52.6050,25.9,1.935,54.79,4.00,-54,10.00,
2026-09-18T16:45:51,2,1.946,55.69,52.6160,25.9,1.942,55.37,3.96,-54,9.50,
2026-09-18T16:45:52,2,1.918,53.44,52.6130,25.9,1.937,54.98,3.98,-54,9.75,
2026-09-18T16:45:53,2,1.918,53.44,52.6010,25.9,1.932,54.60,4.00,-55,9.75,
2026-09-18T16:45:54,2,1.943,55.43,52.6030,25.9,1.940,55.18,3.96,-54,9.75,
2026-09-18T16:45:55,2,1.916,53.31,52.5990,25.9,1.935,54.79,4.00,-55,9.25,
2026-09-18T16:45:56,2,1.946,55.69,52.6010,25.9,1.938,55.05,3.97,-54,10.00,
2026-09-18T16:45:57,2,1.941,55.31,52.5910,25.9,1.941,55.24,3.96,-55,9.50,
2026-09-18T16:45:58,2,1.919,53.50,52.5940,25.9,1.931,54.47,4.00,-55,9.50,
2026-09-18T16:46:00,2,1.947,55.76,52.5920,25.9,1.943,55.43,3.96,-54,9.50,
2026-09-18T16:46:01,2,1.919,53.50,52.5970,25.9,1.938,55.05,3.98,-54,10.00,
2026-09-18T16:46:02,2,1.916,53.24,52.5920,25.9,1.934,54.73,4.00,-56,9.25,
2026-09-18T16:46:03,2,1.946,55.69,52.5970,25.9,1.940,55.18,3.95,-55,9.25,
2026-09-18T16:46:04,2,1.917,53.37,52.5990,25.9,1.935,54.79,3.98,-54,10.00,
2026-09-18T16:46:05,2,1.946,55.69,52.6080,25.9,1.937,54.98,3.98,-55,10.00,
2026-09-18T16:46:12,2,1.947,55.76,52.5800,0.0,1.940,55.18,0.00,-42,-3.50,
2026-09-18T16:46:14,2,1.916,53.24,52.5920,25.9,1.935,54.79,4.00,-55,9.75,
2026-09-18T16:46:15,2,1.944,55.50,52.5890,25.9,1.941,55.24,3.96,-55,9.50,
2026-09-18T16:46:16,2,1.916,53.24,52.5880,25.9,1.935,54.79,4.00,-55,9.25,
2026-09-18T16:46:17,2,1.947,55.76,52.5890,25.9,1.939,55.11,3.97,-55,10.25,
2026-09-18T16:46:18,2,1.943,55.43,52.5790,25.9,1.941,55.24,3.96,-55,9.25,
2026-09-18T16:46:19,2,1.917,53.37,52.5790,25.9,1.934,54.73,4.00,-55,9.75,
2026-09-18T16:46:20,2,1.947,55.76,52.5840,25.9,1.953,56.27,3.95,-55,10.00,
2026-09-18T16:46:21,2,1.918,53.44,52.5840,25.9,1.936,54.92,3.98,-55,9.50,
2026-09-18T16:46:22,2,1.915,53.18,52.5710,25.9,1.933,54.66,4.00,-56,9.50,
2026-09-18T16:46:24,2,1.943,55.43,52.5670,25.9,1.942,55.37,3.96,-55,9.50,
2026-09-18T16:46:25,2,1.914,53.11,52.5590,25.9,1.932,54.53,4.00,-56,9.50,
2026-09-18T16:46:26,2,1.950,56.01,52.5540,25.9,1.937,54.98,3.97,-54,10.25,
2026-09-18T16:46:27,2,1.946,55.69,52.5520,25.9,1.939,55.11,3.96,-55,10.00,
2026-09-18T16:46:28,2,1.915,53.18,52.5570,25.9,1.935,54.79,4.00,-56,9.75,
2026-09-18T16:46:29,2,1.949,55.89,52.5670,25.9,1.944,55.50,3.95,-55,12.25,
2026-09-18T16:46:30,2,1.921,53.69,52.5750,25.9,1.937,54.98,3.96,-56,10.00,
2026-09-18T16:46:31,2,1.914,53.11,52.5750,25.9,1.935,54.79,4.00,-57,10.00,
2026-09-18T16:46:32,2,1.945,55.56,52.5690,25.9,1.941,55.24,3.96,-56,9.75,
2026-09-18T16:46:33,2,1.919,53.50,52.5690,25.9,1.933,54.66,4.00,-57,9.50,
2026-09-18T16:46:34,2,1.916,53.24,52.5670,25.9,1.931,54.47,4.00,-56,9.50,
2026-09-18T16:46:36,2,1.945,55.56,52.5650,25.9,1.928,54.27,3.96,-57,10.25,
2026-09-18T16:46:37,2,1.916,53.24,52.5730,25.9,1.932,54.60,4.00,-59,9.50,
2026-09-18T16:46:38,2,1.949,55.95,52.5870,25.9,1.942,55.37,3.95,-57,10.00,
2026-09-18T16:46:39,2,1.944,55.50,52.5770,25.9,1.940,55.18,3.96,-55,9.75,
2026-09-18T16:46:40,2,1.914,53.11,52.5870,25.9,1.934,54.73,4.00,-56,10.00,
2026-09-18T16:46:41,2,1.947,55.76,52.5860,25.9,1.940,55.18,3.95,-58,9.75,
2026-09-18T16:46:42,2,1.919,53.50,52.5810,25.9,1.932,54.60,3.98,-57,9.75,
2026-09-18T16:46:43,2,1.916,53.24,52.5950,25.9,1.934,54.73,4.00,-55,9.75,
2026-09-18T16:46:44,2,1.943,55.43,52.5980,25.9,1.944,55.50,3.96,-56,9.50,
2026-09-18T16:46:45,2,1.920,53.56,52.6000,25.9,1.934,54.73,4.00,-55,9.50,
2026-09-18T16:46:47,2,1.948,55.82,52.5990,25.9,1.944,55.50,3.97,-55,10.25,
2026-09-18T16:46:48,2,1.943,55.43,52.5920,25.9,1.940,55.18,3.96,-55,9.75,
2026-09-18T16:46:55,2,1.919,53.50,52.5810,25.9,1.934,54.73,4.00,-45,2.50,
2026-09-18T16:46:56,2,1.941,55.24,52.5780,25.9,1.941,55.31,3.96,-55,10.00,
2026-09-18T16:46:57,2,1.906,52.47,52.5650,25.9,1.936,54.92,4.00,-57,9.25,
2026-09-18T16:46:59,2,1.948,55.82,52.5690,25.9,1.941,55.31,3.95,-56,9.50,
2026-09-18T16:47:00,2,1.941,55.24,52.5580,25.9,1.954,56.34,3.96,-56,9.75,
2026-09-18T16:47:01,2,1.916,53.31,52.5560,25.9,1.936,54.85,4.00,-56,9.50,
2026-09-18T16:47:02,2,1.943,55.43,52.5600,25.9,1.942,55.37,3.95,-56,9.50,
2026-09-18T16:47:03,2,1.914,53.11,52.5480,25.9,1.936,54.92,4.00,-56,9.50,
2026-09-18T16:47:04,2,1.916,53.24,52.5480,25.9,1.934,54.73,4.00,-56,9.50,
2026-09-18T16:47:05,2,1.945,55.63,52.5490,25.9,1.937,54.98,3.96,-56,10.00,
2026-09-18T16:47:06,2,1.908,52.66,52.5460,25.9,1.935,54.79,4.00,-56,9.50,
2026-09-18T16:47:07,2,1.953,56.21,52.5480,25.9,1.943,55.43,3.95,-56,9.50,
2026-09-18T16:47:08,2,1.941,55.24,52.5550,25.9,1.942,55.37,3.96,-56,9.75,
2026-09-18T16:47:09,2,1.916,53.24,52.5550,25.9,1.933,54.66,4.00,-56,9.25,
2026-09-18T16:47:11,2,1.945,55.63,52.5570,25.9,1.942,55.37,3.96,-56,9.75,
2026-09-18T16:47:12,2,1.916,53.24,52.5560,25.9,1.933,54.66,4.00,-56,9.75,
2026-09-18T16:47:13,2,1.916,53.24,52.5430,25.9,1.934,54.73,4.00,-56,9.75,
2026-09-18T16:47:14,2,1.944,55.50,52.5440,25.9,1.942,55.37,3.96,-56,10.00,
2026-09-18T16:47:15,2,1.915,53.18,52.5430,25.9,1.936,54.92,4.00,-56,9.50,
2026-09-18T16:47:16,2,1.953,56.21,52.5500,25.9,1.945,55.63,3.95,-56,9.50,
2026-09-18T16:47:17,2,1.944,55.50,52.5550,25.9,1.941,55.24,3.96,-56,10.00,
2026-09-18T16:47:18,2,1.916,53.24,52.5510,25.9,1.934,54.73,4.00,-54,9.75,
2026-09-18T16:47:19,2,1.945,55.63,52.5520,25.9,1.940,55.18,3.96,-57,10.25,
2026-09-18T16:47:20,2,1.916,53.24,52.5460,25.9,1.932,54.53,4.00,-55,9.50,
2026-09-18T16:47:21,2,1.919,53.50,52.5410,25.9,1.935,54.79,4.00,-55,9.50,
2026-09-18T16:47:23,2,1.944,55.50,52.5490,25.9,1.941,55.24,3.96,-55,9.75,
2026-09-18T16:47:24,2,1.916,53.24,52.5450,25.9,1.933,54.66,4.00,-55,9.50,
2026-09-18T16:47:25,2,1.916,53.24,52.5490,25.9,1.933,54.66,4.00,-55,10.00,
2026-09-18T16:47:26,2,1.943,55.43,52.5530,25.9,1.940,55.18,3.96,-55,9.75,
2026-09-18T16:47:27,2,1.916,53.31,52.5490,25.9,1.932,54.60,4.00,-55,9.75,
2026-09-18T16:47:28,2,1.953,56.27,52.5490,25.9,1.941,55.24,3.95,-55,10.00,
2026-09-18T16:47:29,2,1.944,55.50,52.5510,25.9,1.940,55.18,3.96,-55,9.75,
2026-09-18T16:47:30,2,1.916,53.24,52.5430,25.9,1.936,54.92,4.01,-55,9.75,
2026-09-18T16:47:38,2,1.943,55.43,52.5760,25.9,1.939,55.11,3.96,-47,8.75,
2026-09-18T16:47:39,2,1.916,53.24,52.5830,25.9,1.933,54.66,4.00,-55,9.50,
2026-09-18T16:47:40,2,1.945,55.56,52.5840,25.9,1.942,55.37,3.95,-55,9.25,
2026-09-18T16:47:41,2,1.916,53.31,52.5890,25.9,1.933,54.66,4.00,-55,9.75,
2026-09-18T16:47:42,2,1.916,53.24,52.5890,25.9,1.934,54.73,4.00,-55,9.50,
2026-09-18T16:47:43,2,1.948,55.82,52.5840,25.9,1.941,55.31,3.95,-55,9.75,
2026-09-18T16:47:44,2,1.916,53.31,52.5790,25.9,1.936,54.85,4.00,-55,10.00,
2026-09-18T16:47:46,2,1.951,56.08,52.5810,25.9,1.943,55.43,3.95,-56,9.75,
2026-09-18T16:47:47,2,1.943,55.43,52.5790,25.9,1.942,55.37,3.96,-55,10.50,
2026-09-18T16:47:48,2,1.916,53.31,52.5840,25.9,1.936,54.85,4.00,-56,9.50,
2026-09-18T16:47:49,2,1.949,55.89,52.5710,25.9,1.945,55.56,3.95,-55,9.75,
2026-09-18T16:47:50,2,1.938,55.05,52.5740,25.9,1.939,55.11,3.98,-54,9.75,
2026-09-18T16:47:51,2,1.914,53.11,52.5600,25.9,1.936,54.92,4.00,-54,10.00,
2026-09-18T16:47:52,2,1.943,55.43,52.5570,25.9,1.941,55.24,3.96,-54,9.75,
2026-09-18T16:47:53,2,1.914,53.11,52.5620,25.9,1.936,54.85,4.00,-54,9.50,
2026-09-18T16:47:54,2,1.920,53.63,52.5650,25.9,1.941,55.24,3.97,-54,10.00,
2026-09-18T16:47:55,2,1.943,55.43,52.5640,25.9,1.941,55.31,3.96,-54,9.75,
2026-09-18T16:47:56,2,1.931,54.47,52.5770,25.9,1.933,54.66,3.99,-54,9.00,
2026-09-18T16:47:58,2,1.948,55.82,52.5790,25.9,1.942,55.37,3.95,-54,9.75,
2026-09-18T16:47:59,2,1.942,55.37,52.5780,25.9,1.936,54.85,3.98,-51,10.00,
2026-09-18T16:48:00,2,1.916,53.24,52.5710,25.9,1.936,54.85,4.00,-54,9.50,
2026-09-18T16:48:01,2,1.943,55.43,52.5650,25.9,1.941,55.24,3.96,-54,9.50,
2026-09-18T16:48:02,2,1.915,53.18,52.5680,25.9,1.934,54.73,4.00,-54,9.50,
2026-09-18T16:48:03,2,1.904,52.34,52.5630,25.9,1.936,54.92,3.98,-53,9.75,
2026-09-18T16:48:04,2,1.946,55.69,52.5510,25.9,1.941,55.31,3.96,-53,9.50,
2026-09-18T16:48:05,2,1.915,53.18,52.5640,25.9,1.934,54.73,3.99,-53,9.50,
2026-09-18T16:48:06,2,1.952,56.14,52.5680,25.9,1.945,55.63,3.95,-54,9.75,
2026-09-18T16:48:07,2,1.943,55.43,52.5730,25.9,1.940,55.18,3.96,-54,9.75,
2026-09-18T16:48:08,2,1.917,53.37,52.5840,25.9,1.935,54.79,4.00,-55,10.00,
2026-09-18T16:48:10,2,1.948,55.82,52.5880,25.9,1.945,55.56,3.95,-54,9.50,
2026-09-18T16:48:11,2,1.916,53.31,52.5870,25.9,1.932,54.60,4.00,-55,9.75,
2026-09-18T16:48:12,2,1.916,53.31,52.5860,25.9,1.937,54.98,4.00,-55,9.75,
2026-09-18T16:48:13,2,1.944,55.50,52.5960,25.9,1.940,55.18,3.96,-54,11.00,
2026-09-18T16:48:20,2,1.920,53.56,52.5910,25.9,1.936,54.85,4.00,-54,9.50,
2026-09-18T16:48:22,2,1.945,55.63,52.5870,25.9,1.941,55.31,3.95,-54,9.75,
2026-09-18T16:48:23,2,1.914,53.11,52.5900,25.9,1.942,55.37,4.00,-54,9.75,
2026-09-18T16:48:24,2,1.919,53.50,52.6070,25.9,1.940,55.18,3.97,-53,10.50,
2026-09-18T16:48:25,2,1.942,55.37,52.5940,25.9,1.939,55.11,3.96,-54,9.75,
2026-09-18T16:48:26,2,1.916,53.31,52.5810,25.9,1.935,54.79,4.00,-54,9.75,
2026-09-18T16:48:27,2,1.950,56.01,52.5880,25.9,1.941,55.31,3.95,-54,10.00,
2026-09-18T16:48:28,2,1.936,54.85,52.5850,25.9,1.938,55.05,3.98,-54,9.50,
2026-09-18T16:48:29,2,1.914,53.11,52.5810,25.9,1.934,54.73,4.00,-54,9.50,
2026-09-18T16:48:30,2,1.945,55.56,52.5800,25.9,1.941,55.31,3.96,-54,9.75,
2026-09-18T16:48:31,2,1.915,53.18,52.5770,25.9,1.935,54.79,4.00,-54,9.50,
2026-09-18T16:48:32,2,1.917,53.37,52.5680,25.9,1.940,55.18,3.97,-54,10.00,
2026-09-18T16:48:34,2,1.945,55.63,52.5680,25.9,1.941,55.31,3.95,-54,9.50,
2026-09-18T16:48:35,2,1.915,53.18,52.5590,25.9,1.936,54.85,4.00,-54,9.50,
2026-09-18T16:48:36,2,1.950,56.01,52.5610,25.9,1.941,55.31,3.95,-53,9.75,
2026-09-18T16:48:37,2,1.940,55.18,52.5550,25.9,1.937,54.98,3.98,-54,9.75,
2026-09-18T16:48:38,2,1.914,53.11,52.5590,25.9,1.935,54.79,4.00,-55,9.75,
2026-09-18T16:48:39,2,1.947,55.76,52.5590,25.9,1.942,55.37,3.96,-54,10.00,
2026-09-18T16:48:40,2,1.918,53.44,52.5500,25.9,1.935,54.79,4.00,-54,9.50,
2026-09-18T16:48:41,2,1.919,53.50,52.5500,25.9,1.941,55.24,3.97,-54,10.00,
2026-09-18T16:48:42,2,1.942,55.37,52.5440,25.9,1.942,55.37,3.95,-54,10.00,
2026-09-18T16:48:43,2,1.916,53.31,52.5490,25.9,1.935,54.79,4.00,-55,9.75,
2026-09-18T16:48:45,2,1.944,55.50,52.5560,25.9,1.941,55.31,3.96,-54,9.25,
2026-09-18T16:48:46,2,1.939,55.11,52.5580,25.9,1.938,55.05,3.98,-54,9.75,
2026-09-18T16:48:47,2,1.915,53.18,52.5560,25.9,1.935,54.79,4.00,-54,9.75,
2026-09-18T16:48:48,2,1.946,55.69,52.5540,25.9,1.942,55.37,3.95,-54,9.75,
2026-09-18T16:48:49,2,1.941,55.31,52.5500,25.9,1.937,54.98,3.98,-54,9.75,
2026-09-18T16:48:50,2,1.923,53.82,52.5510,25.9,1.940,55.18,3.97,-54,10.25,
2026-09-18T16:48:51,2,1.945,55.56,52.5540,25.9,1.941,55.31,3.96,-54,9.50,
2026-09-18T16:48:52,2,1.915,53.18,52.5630,25.9,1.929,54.34,4.00,-55,9.25,
2026-09-18T16:48:53,2,1.919,53.50,52.5680,25.9,1.938,55.05,3.98,-54,9.50,
2026-09-18T16:48:54,2,1.941,55.24,52.5610,25.9,1.939,55.11,3.96,-54,9.75,
2026-09-18T16:48:55,2,1.916,53.24,52.5710,25.9,1.934,54.73,4.00,-54,9.50,
2026-09-18T16:49:03,2,1.945,55.56,52.6010,25.9,1.939,55.11,3.96,-54,10.00,
2026-09-18T16:49:04,2,1.915,53.18,52.5930,25.9,1.935,54.79,3.99,-54,9.25,
2026-09-18T16:49:05,2,1.954,56.34,52.5880,25.9,1.941,55.31,3.95,-54,9.75,
2026-09-18T16:49:06,2,1.943,55.43,52.5940,25.9,1.939,55.11,3.98,-54,10.00,
2026-09-18T16:49:07,2,1.916,53.24,52.5890,25.9,1.936,54.85,4.00,-54,9.75,
2026-09-18T16:49:09,2,1.946,55.69,52.5840,25.9,1.945,55.63,3.96,-54,9.75,
2026-09-18T16:49:10,2,1.913,53.05,52.5860,25.9,1.932,54.60,4.00,-54,9.50,
2026-09-18T16:49:11,2,1.917,53.37,52.5820,25.9,1.937,54.98,3.98,-54,9.75,
2026-09-18T16:49:12,2,1.945,55.63,52.5750,25.9,1.940,55.18,3.96,-53,9.50,
2026-09-18T16:49:13,2,1.913,53.05,52.5640,25.9,1.934,54.73,4.00,-54,9.75,
2026-09-18T16:49:14,2,1.918,53.44,52.5700,25.9,1.939,55.11,3.97,-54,10.25,
2026-09-18T16:49:15,2,1.940,55.18,52.5770,25.9,1.941,55.31,3.98,-54,9.75,
2026-09-18T16:49:16,2,1.914,53.11,52.5710,25.9,1.936,54.85,4.00,-54,9.25,
2026-09-18T16:49:17,2,1.950,56.01,52.5720,25.9,1.953,56.21,3.96,-53,9.75,
2026-09-18T16:49:18,2,1.941,55.24,52.5820,25.9,1.940,55.18,3.98,-54,9.25,
2026-09-18T16:49:19,2,1.919,53.50,52.5690,25.9,1.941,55.24,3.97,-54,10.00,
2026-09-18T16:49:21,2,1.945,55.63,52.5700,25.9,1.942,55.37,3.96,-54,9.75,
2026-09-18T16:49:22,2,1.913,53.05,52.5640,25.9,1.936,54.85,4.00,-54,9.75,
2026-09-18T16:49:23,2,1.919,53.50,52.5570,25.9,1.937,54.98,3.98,-54,10.00,
2026-09-18T16:49:24,2,1.941,55.31,52.5590,25.9,1.936,54.92,3.98,-54,9.75,
2026-09-18T16:49:25,2,1.916,53.24,52.5560,25.9,1.936,54.92,4.00,-54,9.25,
2026-09-18T16:49:26,2,1.950,56.01,52.5660,25.9,1.941,55.31,3.95,-55,9.25,
2026-09-18T16:49:27,2,1.954,56.34,52.5620,25.9,1.936,54.92,3.98,-54,10.00,
2026-09-18T16:49:28,2,1.919,53.50,52.5660,25.9,1.940,55.18,3.97,-54,10.25,
2026-09-18T16:49:29,2,1.946,55.69,52.5680,25.9,1.941,55.24,3.95,-54,9.75,
2026-09-18T16:49:30,2,1.916,53.24,52.5620,25.9,1.936,54.85,4.00,-55,12.75,
2026-09-18T16:49:31,2,1.918,53.44,52.5700,25.9,1.941,55.31,3.96,-54,9.75,
2026-09-18T16:49:33,2,1.940,55.18,52.5670,25.9,1.938,55.05,3.97,-54,10.00,
2026-09-18T16:49:34,2,1.914,53.11,52.5690,25.9,1.937,54.98,4.00,-55,9.50,
2026-09-18T16:49:35,2,1.952,56.14,52.5590,25.9,1.942,55.37,3.95,-54,9.75,
2026-09-18T16:49:36,2,1.938,55.05,52.5760,25.9,1.940,55.18,3.98,-54,9.75,
2026-09-18T16:49:37,2,1.916,53.31,52.5650,25.9,1.938,55.05,4.00,-55,9.50,
2026-09-18T16:49:38,2,1.946,55.69,52.5530,25.9,1.941,55.31,3.95,-54,9.75,
2026-09-18T16:49:46,2,1.915,53.18,52.5570,25.9,1.935,54.79,4.00,-54,9.50,
2026-09-18T16:49:47,2,1.948,55.82,52.5600,25.9,1.932,54.60,3.96,-54,10.00,
2026-09-18T16:49:48,2,1.939,55.11,52.5640,25.9,1.936,54.85,3.98,-54,10.25,
2026-09-18T16:49:49,2,1.918,53.44,52.5680,25.9,1.925,54.02,3.97,-54,10.00,
2026-09-18T16:49:50,2,1.945,55.56,52.5720,25.9,1.941,55.24,3.95,-54,9.75,
2026-09-18T16:49:51,2,1.914,53.11,52.5860,25.9,1.934,54.73,4.00,-54,9.75,
2026-09-18T16:49:52,2,1.916,53.31,52.5910,25.9,1.938,55.05,3.97,-54,10.25,
2026-09-18T16:49:53,2,1.955,56.40,52.5940,25.9,1.935,54.79,3.97,-54,10.00,
2026-09-18T16:49:54,2,1.916,53.24,52.5960,25.9,1.948,55.82,4.00,-55,9.50,
2026-09-18T16:49:56,2,1.957,56.53,52.5800,25.9,1.942,55.37,3.95,-54,10.25,
2026-09-18T16:49:57,2,1.941,55.31,52.5810,25.9,1.937,54.98,3.97,-54,10.00,
2026-09-18T16:49:58,2,1.918,53.44,52.5850,25.9,1.937,54.98,3.97,-54,10.25,
2026-09-18T16:49:59,2,1.944,55.50,52.5830,25.9,1.941,55.24,3.95,-54,9.75,
2026-09-18T16:50:00,2,1.922,53.76,52.5880,25.9,1.935,54.79,4.00,-55,12.25,
2026-09-18T16:50:01,2,1.917,53.37,52.5730,25.9,1.937,54.98,3.98,-54,9.50,
2026-09-18T16:50:02,2,1.942,55.37,52.5670,25.9,1.939,55.11,3.97,-53,10.25,
2026-09-18T16:50:03,2,1.916,53.24,52.5670,25.9,1.935,54.79,4.00,-54,9.50,
2026-09-18T16:50:04,2,1.917,53.37,52.5670,25.9,1.938,55.05,3.98,-54,9.75,
2026-09-18T16:50:05,2,1.940,55.18,52.5790,25.9,1.936,54.92,3.98,-54,10.00,
2026-09-18T16:50:06,2,1.917,53.37,52.5890,25.9,1.938,55.05,3.97,-54,9.75,
2026-09-18T16:50:08,2,1.949,55.89,52.5730,25.9,1.939,55.11,3.95,-54,10.25,
2026-09-18T16:50:09,2,1.942,55.37,52.5650,25.9,1.936,54.85,3.98,-54,10.00,
2026-09-18T16:50:10,2,1.920,53.56,52.5550,25.9,1.936,54.92,3.98,-54,9.50,
2026-09-18T16:50:11,2,1.935,54.79,52.5490,25.9,1.935,54.79,3.97,-54,10.00,
2026-09-18T16:50:12,2,1.916,53.24,52.5510,25.9,1.936,54.92,4.00,-54,9.75,
2026-09-18T16:50:13,2,1.920,53.63,52.5570,25.9,1.936,54.92,3.98,-54,9.50,
2026-09-18T16:50:14,2,1.941,55.24,52.5540,25.9,1.936,54.92,3.97,-54,10.00,
2026-09-18T16:50:15,2,1.919,53.50,52.5620,25.9,1.940,55.18,3.97,-54,10.25,
2026-09-18T16:50:16,2,1.949,55.95,52.5530,25.9,1.943,55.43,3.96,-54,10.00,
2026-09-18T16:50:17,2,1.940,55.18,52.5580,25.9,1.938,55.05,3.98,-54,9.75,
2026-09-18T16:50:18,2,1.917,53.37,52.5530,25.9,1.939,55.11,3.98,-53,9.75,
2026-09-18T16:50:20,2,1.943,55.43,52.5500,25.9,1.939,55.11,3.98,-54,9.75,
2026-09-18T16:50:21,2,1.915,53.18,52.5490,25.9,1.934,54.73,4.00,-55,9.75,
2026-09-18T16:50:28,2,1.949,55.89,52.5570,25.9,1.941,55.31,3.96,-55,10.00,
2026-09-18T16:50:29,2,1.932,54.60,52.5720,25.9,1.937,54.98,3.98,-55,10.00,
2026-09-18T16:50:30,2,1.920,53.56,52.5550,25.9,1.940,55.18,3.97,-54,10.50,
2026-09-18T16:50:32,2,1.941,55.31,52.5590,25.9,1.937,54.98,3.97,-54,10.50,
2026-09-18T16:50:33,2,1.916,53.31,52.5540,25.9,1.934,54.73,4.00,-56,9.50,
2026-09-18T16:50:34,2,1.920,53.63,52.5500,25.9,1.938,55.05,3.97,-56,10.00,
2026-09-18T16:50:35,2,1.940,55.18,52.5560,25.9,1.939,55.11,3.97,-56,10.25,
2026-09-18T16:50:36,2,1.920,53.63,52.5640,25.9,1.939,55.11,3.98,-56,9.75,
2026-09-18T16:50:37,2,1.953,56.27,52.5750,25.9,1.943,55.43,3.95,-56,9.50,
2026-09-18T16:50:38,2,1.941,55.24,52.5660,25.9,1.937,54.98,3.98,-56,9.75,
2026-09-18T16:50:39,2,1.919,53.50,52.5720,25.9,1.938,55.05,3.98,-56,10.00,
2026-09-18T16:50:40,2,1.945,55.63,52.5780,25.9,1.941,55.31,3.98,-55,9.50,
2026-09-18T16:50:41,2,1.916,53.31,52.5850,25.9,1.936,54.92,4.00,-56,9.50,
2026-09-18T16:50:43,2,1.919,53.50,52.5920,25.9,1.936,54.85,3.97,-56,10.50,
2026-09-18T16:50:44,2,1.941,55.24,52.6010,25.9,1.936,54.92,3.98,-56,10.00,
2026-09-18T16:50:45,2,1.921,53.69,52.6030,25.9,1.941,55.24,3.97,-56,10.50,
2026-09-18T16:50:46,2,1.949,55.95,52.6060,25.9,1.941,55.31,3.95,-55,9.75,
2026-09-18T16:50:47,2,1.937,54.98,52.6130,25.9,1.938,55.05,3.98,-57,10.00,
2026-09-18T16:50:48,2,1.920,53.63,52.6120,25.9,1.937,54.98,3.98,-56,9.75,
2026-09-18T16:50:49,2,1.948,55.82,52.6190,25.9,1.937,54.98,3.97,-56,10.00,
2026-09-18T16:50:50,2,1.941,55.24,52.6140,25.9,1.938,55.05,3.97,-54,10.50,
2026-09-18T16:50:51,2,1.919,53.50,52.6240,25.9,1.937,54.98,3.98,-54,9.50,
2026-09-18T16:50:52,2,1.942,55.37,52.6250,25.9,1.937,54.98,3.98,-54,9.75,
2026-09-18T16:50:53,2,1.919,53.50,52.6200,25.9,1.940,55.18,3.97,-54,10.00,
2026-09-18T16:50:55,2,1.920,53.56,52.6210,25.9,1.938,55.05,3.98,-54,9.75,
2026-09-18T16:50:56,2,1.943,55.43,52.6220,25.9,1.937,54.98,3.98,-54,9.75,
2026-09-18T16:50:57,2,1.920,53.56,52.6190,25.9,1.936,54.92,3.97,-54,9.75,
2026-09-18T16:50:58,2,1.948,55.82,52.6240,25.9,1.938,55.05,3.97,-54,10.00,
2026-09-18T16:50:59,2,1.940,55.18,52.6250,25.9,1.936,54.85,3.98,-53,9.75,
2026-09-18T16:51:00,2,1.906,52.47,52.6270,25.9,1.939,55.11,3.98,-56,9.50,
2026-09-18T16:51:01,2,1.942,55.37,52.6120,25.9,1.936,54.92,3.97,-56,10.00,
2026-09-18T16:51:02,2,1.920,53.63,52.6210,25.9,1.938,55.05,3.97,-55,9.75,
2026-09-18T16:51:11,2,1.923,53.82,52.6070,25.9,1.940,55.18,3.97,-55,10.00,
2026-09-18T16:51:12,2,1.919,53.50,52.6100,25.9,1.937,54.98,3.98,-54,9.50,
2026-09-18T16:51:13,2,1.942,55.37,52.6170,25.9,1.938,55.05,3.98,-54,12.25,
2026-09-18T16:51:14,2,1.919,53.50,52.6240,25.9,1.937,54.98,3.97,-54,10.00,23
2026-09-18T16:51:15,2,1.916,53.24,52.6210,25.9,1.933,54.66,4.00,-55,9.75,
2026-09-18T16:51:16,2,1.940,55.18,52.6160,25.9,1.935,54.79,3.97,-55,10.00,
2026-09-18T16:51:17,2,1.917,53.37,52.6100,25.9,1.937,54.98,3.97,-55,10.25,
2026-09-18T16:51:19,2,1.944,55.50,52.6010,25.9,1.937,54.98,3.97,-55,9.75,
2026-09-18T16:51:20,2,1.944,55.50,52.5970,25.9,1.941,55.24,3.95,-56,10.00,
2026-09-18T16:51:21,2,1.919,53.50,52.6100,25.9,1.937,54.98,3.98,-56,10.00,
2026-09-18T16:51:22,2,1.941,55.24,52.6120,25.9,1.937,54.98,3.98,-57,10.00,
2026-09-18T16:51:23,2,1.919,53.50,52.6190,25.9,1.936,54.92,3.98,-59,9.25,
2026-09-18T16:51:24,2,1.920,53.56,52.6180,25.9,1.935,54.79,3.98,-59,9.50,
2026-09-18T16:51:25,2,1.941,55.24,52.6220,25.9,1.937,54.98,3.98,-59,10.75,
2026-09-18T16:51:26,2,1.923,53.82,52.6160,25.9,1.941,55.31,3.98,-59,9.75,
2026-09-18T16:51:27,2,1.953,56.21,52.6180,25.9,1.944,55.50,3.97,-56,10.25,
2026-09-18T16:51:28,2,1.948,55.82,52.6170,25.9,1.943,55.43,3.98,-56,9.75,
2026-09-18T16:51:29,2,1.928,54.21,52.8840,25.9,1.947,55.76,3.97,-56,10.25,
2026-09-18T16:51:31,2,1.969,57.50,53.0570,25.9,1.948,55.82,3.97,-54,10.25,
2026-09-18T16:51:32,2,1.930,54.40,53.1890,25.9,1.952,56.14,3.97,-58,10.25,
2026-09-18T16:51:33,2,1.932,54.53,53.3040,25.9,1.952,56.14,3.98,-54,9.75,
2026-09-18T16:51:34,2,1.955,56.40,53.4110,25.9,1.953,56.27,3.98,-55,10.00,
2026-09-18T16:51:35,2,1.934,54.73,53.5210,25.9,1.953,56.27,3.97,-55,10.00,
2026-09-18T16:51:36,2,1.934,54.73,53.6230,25.9,1.953,56.21,4.00,-56,9.50,
2026-09-18T16:51:37,2,1.960,56.79,53.7210,25.9,1.955,56.40,3.98,-54,9.25,
2026-09-18T16:51:38,2,1.929,54.34,53.8130,25.9,1.958,56.66,3.98,-55,9.75,
2026-09-18T16:51:39,2,1.965,57.24,53.9150,25.9,1.957,56.59,3.97,-55,10.00,
2026-09-18T16:51:40,2,1.966,57.30,54.0980,25.9,1.961,56.92,3.95,-56,9.50,
2026-09-18T16:51:42,2,1.942,55.37,54.1800,25.9,1.960,56.79,3.98,-56,10.00,
2026-09-18T16:51:44,2,1.932,54.53,54.3600,25.9,1.962,56.98,3.98,-54,9.75,
2026-09-18T16:51:45,2,1.939,55.11,54.4550,25.9,1.957,56.53,4.00,-55,9.75,
2026-09-18T16:51:54,2,1.936,54.92,54.4210,25.9,1.948,55.82,4.00,-59,9.50,
2026-09-18T16:51:55,2,1.967,57.37,54.3960,25.9,1.950,56.01,3.98,-59,9.75,
2026-09-18T16:51:56,2,1.944,55.50,54.3870,25.9,1.945,55.56,3.98,-57,9.75,
2026-09-18T16:51:57,2,1.971,57.69,54.3700,25.9,1.948,55.82,3.97,-60,10.50,
2026-09-18T16:51:58,2,1.967,57.37,54.3670,25.9,1.953,56.27,3.95,-59,9.75,
2026-09-18T16:51:59,2,1.940,55.18,54.3590,25.9,1.952,56.14,3.98,-59,9.50,
2026-09-18T16:52:00,2,1.970,57.56,54.3360,25.9,1.948,55.82,3.97,-56,10.00,
2026-09-18T16:52:01,2,1.965,57.18,54.3220,25.9,1.952,56.14,3.96,-60,9.75,
2026-09-18T16:52:02,2,1.936,54.85,54.3200,25.9,1.944,55.50,3.98,-59,9.75,
2026-09-18T16:52:03,2,1.961,56.85,54.3120,25.9,1.948,55.82,3.97,-59,10.00,
2026-09-18T16:52:04,2,1.939,55.11,54.2850,25.9,1.947,55.76,3.97,-60,10.25,
2026-09-18T16:52:06,2,1.938,55.05,54.2740,25.9,1.946,55.69,4.00,-60,9.50,
2026-09-18T16:52:08,2,1.941,55.24,54.2550,25.9,1.949,55.89,3.98,-60,9.75,
2026-09-18T16:52:09,2,1.967,57.37,54.2400,25.9,1.948,55.82,3.97,-60,10.00,
2026-09-18T16:52:10,2,1.961,56.92,54.2220,25.9,1.952,56.14,3.95,-59,9.25,
2026-09-18T16:52:11,2,1.938,55.05,54.2140,25.9,1.947,55.76,3.98,-59,9.75,
2026-09-18T16:52:12,2,1.961,56.85,54.2000,25.9,1.949,55.95,3.98,-59,9.25,
2026-09-18T16:52:13,2,1.937,54.98,54.1860,25.9,1.947,55.76,3.98,-58,9.50,
2026-09-18T16:52:14,2,1.934,54.73,54.1710,25.9,1.947,55.76,4.00,-60,9.50,
2026-09-18T16:52:15,2,1.960,56.79,54.1540,25.9,1.947,55.76,3.98,-59,10.00,
2026-09-18T16:52:16,2,1.932,54.60,54.1210,25.9,1.948,55.82,3.98,-59,9.50,
2026-09-18T16:52:18,2,1.967,57.37,54.1140,25.9,1.949,55.95,3.97,-57,10.00,
2026-09-18T16:52:19,2,1.960,56.79,54.1080,25.9,1.952,56.14,3.95,-57,9.75,
2026-09-18T16:52:20,2,1.932,54.60,54.1000,25.9,1.949,55.95,3.98,-59,9.50,
2026-09-18T16:52:21,2,1.964,57.11,54.1000,25.9,1.950,56.01,3.97,-59,9.50,
2026-09-18T16:52:22,2,1.943,55.43,54.0970,25.9,1.952,56.14,3.96,-57,10.00,
2026-09-18T16:52:23,2,1.933,54.66,54.0950,25.9,1.944,55.50,4.00,-58,9.50,
2026-09-18T16:52:25,2,1.937,54.98,54.0820,25.9,1.954,56.34,3.98,-56,9.50,
2026-09-18T16:52:26,2,1.935,54.79,54.0820,25.9,1.945,55.63,4.00,-55,9.75,
2026-09-18T16:52:27,2,1.961,56.85,54.0750,25.9,1.953,56.21,3.95,-55,9.50,
2026-09-18T16:52:35,2,1.950,56.01,54.1020,25.9,1.951,56.08,4.00,-48,4.75,
2026-09-18T16:52:36,2,1.964,57.11,54.1150,25.9,1.958,56.66,3.95,-56,9.50,24
2026-09-18T16:52:37,2,1.936,54.85,54.1260,25.9,1.953,56.21,3.98,-56,10.00,
2026-09-18T16:52:38,2,1.970,57.56,54.1200,25.9,1.954,56.34,3.97,-56,10.00,
2026-09-18T16:52:39,2,1.962,56.98,54.1300,25.9,1.957,56.59,3.96,-57,10.00,
2026-09-18T16:52:41,2,1.937,54.98,54.1390,25.9,1.953,56.21,3.98,-56,9.75,
2026-09-18T16:52:42,2,1.967,57.37,54.1350,25.9,1.954,56.34,3.97,-55,10.00,
2026-09-18T16:52:43,2,1.941,55.31,54.1500,25.9,1.970,57.56,3.98,-56,9.75,
2026-09-18T16:52:44,2,1.941,55.31,54.1420,25.9,1.950,56.01,4.00,-58,9.75,
2026-09-18T16:52:45,2,1.961,56.92,54.1600,25.9,1.954,56.34,3.97,-58,10.00,
2026-09-18T16:52:46,2,1.938,55.05,54.1640,25.9,1.955,56.40,3.98,-56,9.75,
2026-09-18T16:52:47,2,1.935,54.79,54.1770,25.9,1.953,56.27,4.00,-56,9.50,
2026-09-18T16:52:48,2,1.966,57.30,54.1890,25.9,1.959,56.72,3.96,-58,9.25,
2026-09-18T16:52:49,2,1.938,55.05,54.2060,25.9,1.956,56.47,3.98,-59,9.75,
2026-09-18T16:52:50,2,1.968,57.43,54.2200,25.9,1.957,56.59,3.97,-58,10.25,
2026-09-18T16:52:51,2,1.963,57.05,54.2500,25.9,1.962,56.98,3.96,-58,9.50,
2026-09-18T16:52:53,2,1.938,55.05,54.2480,25.9,1.950,56.01,4.00,-57,9.25,
2026-09-18T16:52:54,2,1.963,57.05,54.2610,25.9,1.957,56.59,3.97,-56,10.00,
2026-09-18T16:52:56,2,1.938,55.05,54.2730,25.9,1.956,56.47,4.00,-59,9.75,
2026-09-18T16:52:57,2,1.968,57.43,54.2860,25.9,1.960,56.79,3.95,-58,9.75,
2026-09-18T16:52:58,2,1.941,55.24,54.2980,25.9,1.959,56.72,3.98,-57,10.00,
2026-09-18T16:52:59,2,1.970,57.56,54.3100,25.9,1.957,56.59,3.97,-57,9.75,
2026-09-18T16:53:00,2,1.982,58.53,54.3250,25.9,1.961,56.92,3.96,-57,10.00,
2026-09-18T16:53:01,2,1.940,55.18,54.3350,25.9,1.953,56.27,4.00,-58,9.50,
2026-09-18T16:53:02,2,1.964,57.11,54.3490,25.9,1.957,56.53,3.98,-55,9.25,
2026-09-18T16:53:03,2,1.943,55.43,54.3690,25.9,1.960,56.79,3.98,-57,10.00,
2026-09-18T16:53:05,2,1.941,55.24,54.3860,25.9,1.954,56.34,4.00,-56,9.50,
2026-09-18T16:53:06,2,1.968,57.43,54.4130,25.9,1.963,57.05,3.95,-56,10.00,
2026-09-18T16:53:07,2,1.942,55.37,54.4370,25.9,1.959,56.72,3.98,-54,10.00,
2026-09-18T16:53:08,2,1.975,58.01,54.4550,25.9,1.959,56.72,3.97,-54,10.00,
2026-09-18T16:53:09,2,1.965,57.24,54.4540,25.9,1.964,57.11,3.95,-55,9.50,
2026-09-18T16:53:10,2,1.939,55.11,54.4590,25.9,1.957,56.59,3.99,-54,9.25,
2026-09-18T16:53:17,2,1.940,55.18,54.5340,25.9,1.950,0.00,4.00,-45,-1.00,
2026-09-18T16:53:18,2,1.967,57.37,54.5460,25.9,1.963,57.05,3.96,-47,5.25,
2026-09-18T16:53:19,2,1.941,55.31,54.5570,25.9,1.954,56.34,4.00,-56,9.50,
2026-09-18T16:53:20,2,1.971,57.69,54.5730,25.9,1.961,56.85,3.97,-55,10.00,
2026-09-18T16:53:21,2,1.969,57.50,54.5820,25.9,1.962,56.98,3.96,-55,9.75,
2026-09-18T16:53:22,2,1.941,55.31,54.5950,25.9,1.955,56.40,4.00,-56,9.75,
2026-09-18T16:53:23,2,1.972,57.76,54.6100,25.9,1.965,57.24,3.95,-56,9.75,
2026-09-18T16:53:24,2,1.944,55.50,54.6210,25.9,1.972,57.76,3.97,-55,10.00,
2026-09-18T16:53:25,2,1.941,55.31,54.6190,25.9,1.956,56.47,3.99,-55,9.25,
2026-09-18T16:53:26,2,1.969,57.50,54.6170,25.9,1.965,57.24,3.96,-55,9.75,
2026-09-18T16:53:28,2,1.941,55.31,54.6130,25.9,1.953,56.27,3.97,-55,10.25,
2026-09-18T16:53:29,2,1.974,57.88,54.6260,25.9,1.960,56.79,3.97,-55,10.25,
2026-09-18T16:53:30,2,1.967,57.37,54.6310,25.9,1.963,57.05,3.95,-55,9.50,
2026-09-18T16:53:31,2,1.941,55.31,54.6430,25.9,1.960,56.79,4.00,-56,9.75,
2026-09-18T16:53:32,2,1.986,58.92,54.6510,25.9,1.962,56.98,3.97,-55,10.00,
2026-09-18T16:53:33,2,1.944,55.50,54.6620,25.9,1.964,57.11,3.98,-55,9.75,
2026-09-18T16:53:34,2,1.941,55.31,54.6600,25.9,1.957,56.53,4.00,-56,9.25,
2026-09-18T16:53:35,2,1.970,57.63,54.6720,25.9,1.966,57.30,3.95,-55,9.50,
2026-09-18T16:53:36,2,1.943,55.43,54.6580,25.9,1.961,56.85,3.98,-55,9.50,
2026-09-18T16:53:37,2,1.970,57.63,54.6710,25.9,1.962,56.98,3.98,-55,9.75,
2026-09-18T16:53:38,2,1.970,57.63,54.6770,25.9,1.968,57.43,3.94,-55,10.00,
2026-09-18T16:53:40,2,1.941,55.31,54.6690,25.9,1.958,56.66,4.00,-56,9.25,
2026-09-18T16:53:41,2,1.971,57.69,54.6910,25.9,1.963,57.05,3.98,-55,9.50,
2026-09-18T16:53:42,2,1.971,57.69,54.7030,25.9,1.966,57.30,3.96,-55,9.75,
2026-09-18T16:53:43,2,1.929,54.34,54.7120,25.9,1.959,56.72,3.98,-55,10.00,
2026-09-18T16:53:44,2,1.973,57.82,54.7230,25.9,1.971,57.69,3.95,-55,9.75,
2026-09-18T16:53:45,2,1.946,55.69,54.7340,25.9,1.961,56.92,3.98,-55,9.50,
2026-09-18T16:53:46,2,1.944,55.50,54.7490,25.9,1.961,56.85,4.00,-56,9.25,
2026-09-18T16:53:47,2,1.972,57.76,54.7640,25.9,1.967,57.37,3.96,-55,9.75,
2026-09-18T16:53:48,2,1.943,55.43,54.7800,25.9,1.963,57.05,4.00,-56,9.50,
2026-09-18T16:53:49,2,1.973,57.82,54.7860,25.9,1.963,57.05,3.97,-55,10.25,
2026-09-18T16:53:50,2,1.965,57.18,54.7970,25.9,1.971,57.69,3.95,-55,10.00,
2026-09-18T16:53:52,2,1.945,55.63,54.8130,25.9,1.961,56.92,4.00,-57,9.50,
2026-09-18T16:53:53,2,1.975,58.01,54.8230,25.9,1.967,57.37,3.94,-56,10.00,
2026-09-18T16:54:00,2,1.946,55.69,55.0070,25.9,1.962,56.98,4.00,-57,9.75,
2026-09-18T16:54:01,2,1.977,58.14,55.0090,25.9,1.970,57.63,3.95,-56,9.75,
2026-09-18T16:54:02,2,1.949,55.95,55.0410,25.9,1.965,57.18,3.98,-56,9.75,
2026-09-18T16:54:04,2,1.946,55.69,55.0580,25.9,1.964,57.11,4.00,-56,9.50,
2026-09-18T16:54:05,2,1.983,58.66,55.0790,25.9,1.970,57.63,3.95,-56,9.50,
2026-09-18T16:54:06,2,1.945,55.56,55.0880,25.9,1.963,57.05,3.99,-56,9.75,
2026-09-18T16:54:07,2,1.971,57.69,55.1020,25.9,1.971,57.69,4.00,-56,9.75,
2026-09-18T16:54:08,2,1.975,58.01,55.1200,25.9,1.969,57.50,3.96,-55,9.75,
2026-09-18T16:54:09,2,1.950,56.01,55.1280,25.9,1.962,56.98,3.99,-54,9.50,
2026-09-18T16:54:10,2,1.977,58.14,55.1470,25.9,1.969,57.50,3.97,-55,9.75,
2026-09-18T16:54:11,2,1.976,58.08,55.1810,25.9,1.970,57.63,3.95,-55,9.75,
2026-09-18T16:54:12,2,1.941,55.31,55.1890,25.9,1.952,56.14,4.00,-55,10.25,
2026-09-18T16:54:13,2,1.978,58.21,55.2000,25.9,1.972,57.76,3.95,-56,9.75,
2026-09-18T16:54:14,2,1.947,55.76,55.2080,25.9,1.967,57.37,3.98,-56,9.75,
2026-09-18T16:54:16,2,1.946,55.69,55.2090,25.9,1.966,57.30,4.00,-56,9.50,
2026-09-18T16:54:17,2,1.976,58.08,55.2160,25.9,1.972,57.76,3.95,-56,9.50,
2026-09-18T16:54:18,2,1.947,55.76,55.2090,25.9,1.963,57.05,4.00,-56,9.75,
2026-09-18T16:54:19,2,1.978,58.27,55.2040,25.9,1.965,57.24,3.97,-56,9.75,
2026-09-18T16:54:20,2,1.974,57.95,55.1960,25.9,1.973,57.82,3.96,-56,10.00,
2026-09-18T16:54:21,2,1.949,55.95,55.1870,25.9,1.964,57.11,3.99,-56,9.50,
2026-09-18T16:54:22,2,1.978,58.21,55.1890,25.9,1.974,57.88,3.95,-56,9.50,
2026-09-18T16:54:23,2,1.949,55.95,55.1740,25.9,1.968,57.43,3.97,-55,10.00,
2026-09-18T16:54:24,2,1.946,55.69,55.1730,25.9,1.961,56.92,3.99,-55,9.25,
2026-09-18T16:54:25,2,1.980,58.40,55.1720,25.9,1.974,57.88,3.96,-55,10.00,
2026-09-18T16:54:26,2,1.947,55.76,55.1490,25.9,1.965,57.18,3.99,-57,9.75,
2026-09-18T16:54:28,2,1.981,58.46,55.1370,25.9,1.970,57.56,3.96,-56,9.75,
2026-09-18T16:54:29,2,1.974,57.95,55.1380,25.9,1.970,57.63,3.95,-56,9.75,
2026-09-18T16:54:30,2,1.947,55.76,55.1230,25.9,1.965,57.18,3.99,-55,9.75,
2026-09-18T16:54:31,2,1.970,57.56,55.1180,25.9,1.972,57.76,3.94,-56,10.00,
2026-09-18T16:54:32,2,1.952,56.14,55.1200,25.9,1.965,57.24,3.98,-54,10.00,
2026-09-18T16:54:33,2,1.948,55.82,55.1120,25.9,1.957,56.59,4.00,-56,9.50,
2026-09-18T16:54:34,2,1.975,58.01,55.1220,25.9,1.972,57.76,3.96,-55,9.75,
2026-09-18T16:54:35,2,1.948,55.82,55.1140,25.9,1.962,56.98,4.00,-56,9.50,
2026-09-18T16:54:43,2,1.981,58.46,55.1070,25.9,1.970,57.63,3.95,-56,9.50,
2026-09-18T16:54:44,2,1.945,55.63,55.0960,25.9,1.967,57.37,3.99,-56,9.50,
2026-09-18T16:54:45,2,1.946,55.69,55.0910,25.9,1.964,57.11,4.00,-57,10.25,
2026-09-18T16:54:46,2,1.976,58.08,55.0980,25.9,1.976,58.08,3.95,-56,9.50,
2026-09-18T16:54:47,2,1.946,55.69,55.1050,25.9,1.964,57.11,4.00,-57,9.75,
2026-09-18T16:54:48,2,1.979,58.34,55.1020,25.9,1.974,57.88,3.96,-57,10.25,
2026-09-18T16:54:49,2,1.972,57.76,55.0970,25.9,1.968,57.43,3.96,-57,11.00,
2026-09-18T16:54:51,2,1.938,55.05,55.1010,25.9,1.967,57.37,4.00,-57,9.75,
2026-09-18T16:54:52,2,1.978,58.21,55.0840,25.9,1.969,57.50,3.95,-57,9.50,
2026-09-18T16:54:53,2,1.950,56.01,55.0960,25.9,1.967,57.37,3.97,-56,10.00,
2026-09-18T16:54:54,2,1.948,55.82,55.0690,25.9,1.962,56.98,4.00,-57,9.50,
2026-09-18T16:54:55,2,1.977,58.14,55.0700,25.9,1.971,57.69,3.95,-56,9.75,
2026-09-18T16:54:56,2,1.946,55.69,55.0610,25.9,1.963,57.05,4.00,-57,9.75,
2026-09-18T16:54:57,2,1.976,58.08,55.0560,25.9,1.967,57.37,3.98,-56,10.00,
2026-09-18T16:54:59,2,1.949,55.89,55.0570,25.9,1.962,56.98,4.00,-56,9.75,
2026-09-18T16:55:00,2,1.976,58.08,55.0590,25.9,1.972,57.76,3.95,-56,9.75,
2026-09-18T16:55:01,2,1.974,57.88,55.0440,25.9,1.969,57.50,3.96,-57,9.75,
2026-09-18T16:55:03,2,1.945,55.63,55.0510,25.9,1.961,56.92,4.00,-57,9.75,
2026-09-18T16:55:04,2,1.974,57.95,55.0380,25.9,1.971,57.69,3.95,-56,10.00,
2026-09-18T16:55:05,2,1.934,54.73,55.0300,25.9,1.964,57.11,4.00,-56,9.50,
2026-09-18T16:55:06,2,1.945,55.56,55.0230,25.9,1.962,56.98,3.99,-56,9.75,
2026-09-18T16:55:07,2,1.975,58.01,55.0300,25.9,1.970,57.63,3.96,-56,9.75,
2026-09-18T16:55:08,2,1.946,55.69,55.0190,25.9,1.964,57.11,4.00,-56,9.25,
2026-09-18T16:55:09,2,1.979,58.34,55.0090,25.9,1.970,57.56,3.94,-56,10.00,
2026-09-18T16:55:10,2,1.970,57.63,55.0050,25.9,1.972,57.76,3.96,-56,9.50,
2026-09-18T16:55:11,2,1.944,55.50,54.9850,25.9,1.963,57.05,3.99,-56,9.25,
2026-09-18T16:55:12,2,1.974,57.95,54.9830,25.9,1.972,57.76,3.95,-56,9.75,
2026-09-18T16:55:13,2,1.949,55.89,54.9840,25.9,1.964,57.11,4.00,-56,10.25,
2026-09-18T16:55:15,2,1.945,55.63,54.9760,25.9,1.964,57.11,4.00,-56,9.50,
2026-09-18T16:55:16,2,1.973,57.82,54.9770,25.9,1.969,57.50,3.95,-55,10.00,
2026-09-18T16:55:17,2,1.945,55.56,54.9800,25.9,1.962,56.98,4.00,-59,9.50,
2026-09-18T16:55:26,2,1.944,55.50,54.9270,25.9,1.961,56.85,4.00,-56,9.75,
2026-09-18T16:55:27,2,1.951,56.08,54.9210,25.9,1.966,57.30,3.97,-55,10.25,
2026-09-18T16:55:28,2,1.971,57.69,54.9200,25.9,1.970,57.56,3.95,-56,9.75,
2026-09-18T16:55:29,2,1.945,55.56,54.9250,25.9,1.964,57.11,4.00,-55,9.50,
2026-09-18T16:55:30,2,1.977,58.14,54.9320,25.9,1.970,57.63,3.95,-56,9.75,
2026-09-18T16:55:31,2,1.970,57.63,54.9350,25.9,1.968,57.43,3.96,-55,9.75,
2026-09-18T16:55:32,2,1.943,55.43,54.9370,25.9,1.962,56.98,4.00,-56,9.75,
2026-09-18T16:55:33,2,1.974,57.88,54.9240,25.9,1.970,57.56,3.96,-55,9.75,
2026-09-18T16:55:34,2,1.945,55.56,54.9210,25.9,1.962,56.98,4.00,-55,9.50,
2026-09-18T16:55:35,2,1.945,55.63,54.9190,25.9,1.958,56.66,4.00,-55,9.50,
2026-09-18T16:55:36,2,1.971,57.69,54.9180,25.9,1.970,57.63,3.95,-54,9.25,
2026-09-18T16:55:38,2,1.945,55.56,54.8920,25.9,1.962,56.98,4.00,-55,9.50,
2026-09-18T16:55:39,2,1.981,58.46,54.8890,25.9,1.972,57.76,3.94,-55,10.00,
2026-09-18T16:55:40,2,1.972,57.76,54.8820,25.9,1.970,57.63,3.95,-56,10.00,
2026-09-18T16:55:41,2,1.945,55.63,54.8820,25.9,1.962,56.98,4.00,-57,9.75,
2026-09-18T16:55:42,2,1.974,57.88,54.8920,25.9,1.968,57.43,3.95,-57,9.50,
2026-09-18T16:55:43,2,1.944,55.50,54.8740,25.9,1.963,57.05,3.99,-57,9.50,
2026-09-18T16:55:44,2,1.945,55.63,54.8760,25.9,1.961,56.92,4.00,-57,9.75,
2026-09-18T16:55:45,2,1.975,58.01,54.8770,25.9,1.972,57.76,3.96,-57,9.75,
2026-09-18T16:55:46,2,1.945,55.56,54.8720,25.9,1.961,56.92,3.99,-56,9.50,
2026-09-18T16:55:47,2,1.978,58.21,54.8710,25.9,1.970,57.63,3.94,-56,10.25,
2026-09-18T16:55:48,2,1.970,57.56,54.8700,25.9,1.961,56.92,3.96,-56,10.00,
2026-09-18T16:55:50,2,1.955,56.40,54.8630,25.9,1.962,56.98,4.00,-57,9.25,
2026-09-18T16:55:51,2,1.977,58.14,54.8610,25.9,1.967,57.37,3.95,-56,9.75,
2026-09-18T16:55:52,2,1.967,57.37,54.8600,25.9,1.963,57.05,3.98,-56,10.00,
2026-09-18T16:55:53,2,1.945,55.56,54.8660,25.9,1.963,57.05,3.99,-56,9.50,
2026-09-18T16:55:54,2,1.972,57.76,54.8620,25.9,1.968,57.43,3.95,-56,9.25,
2026-09-18T16:55:55,2,1.944,55.50,54.8600,25.9,1.961,56.92,4.00,-56,9.25,
2026-09-18T16:55:56,2,1.945,55.63,54.8550,25.9,1.965,57.18,3.96,-56,9.75,
2026-09-18T16:55:57,2,1.971,57.69,54.8600,25.9,1.967,57.37,3.95,-56,9.50,
2026-09-18T16:55:58,2,1.944,55.50,54.8520,25.9,1.960,56.79,4.00,-56,9.75,
2026-09-18T16:55:59,2,1.976,58.08,54.8520,25.9,1.970,57.56,3.94,-56,10.00,
2026-09-18T16:56:08,2,1.979,58.34,54.8170,25.9,1.967,57.37,3.94,-56,10.00,
2026-09-18T16:56:09,2,1.970,57.56,54.8040,25.9,1.968,57.43,3.95,-56,9.50,
2026-09-18T16:56:10,2,1.941,55.24,54.8170,25.9,1.961,56.85,4.00,-55,9.50,
2026-09-18T16:56:11,2,1.974,57.88,54.8070,25.9,1.970,57.56,3.95,-55,9.75,
2026-09-18T16:56:12,2,1.943,55.43,54.8000,25.9,1.964,57.11,3.99,-55,11.75,
2026-09-18T16:56:14,2,1.943,55.43,54.7930,25.9,1.961,56.85,4.00,-55,9.75,
2026-09-18T16:56:15,2,1.967,57.37,54.7930,25.9,1.966,57.30,3.96,-55,9.75,
2026-09-18T16:56:16,2,1.944,55.50,54.7830,25.9,1.960,56.79,3.99,-55,9.50,
2026-09-18T16:56:17,2,1.945,55.56,54.7790,25.9,1.970,57.56,3.97,-54,10.00,
2026-09-18T16:56:18,2,1.965,57.24,54.7880,25.9,1.966,57.30,3.96,-54,9.75,
2026-09-18T16:56:19,2,1.943,55.43,54.7840,25.9,1.961,56.92,4.00,-55,9.50,
2026-09-18T16:56:20,2,1.975,58.01,54.7970,25.9,1.972,57.76,3.95,-53,9.75,
2026-09-18T16:56:21,2,1.969,57.50,54.7940,25.9,1.962,56.98,3.98,-54,9.50,
2026-09-18T16:56:22,2,1.945,55.56,54.7700,25.9,1.963,57.05,3.99,-54,9.25,
2026-09-18T16:56:23,2,1.971,57.69,54.7640,25.9,1.970,57.56,3.95,-54,9.50,
2026-09-18T16:56:25,2,1.941,55.24,54.7450,25.9,1.965,57.18,3.99,-55,9.50,
2026-09-18T16:56:26,2,1.948,55.82,54.7360,25.9,1.965,57.18,3.97,-56,10.00,
2026-09-18T16:56:27,2,1.970,57.63,54.7350,25.9,1.970,57.63,3.95,-55,10.00,
2026-09-18T16:56:28,2,1.942,55.37,54.7400,25.9,1.961,56.85,4.00,-56,9.25,
2026-09-18T16:56:29,2,1.979,58.34,54.7400,25.9,1.970,57.56,3.94,-56,10.25,
2026-09-18T16:56:30,2,1.966,57.30,54.7400,25.9,1.965,57.24,3.97,-57,10.25,
2026-09-18T16:56:31,2,1.943,55.43,54.7350,25.9,1.959,56.72,4.00,-57,9.75,
2026-09-18T16:56:32,2,1.968,57.43,54.7390,25.9,1.967,57.37,3.95,-57,10.00,
2026-09-18T16:56:33,2,1.945,55.56,54.7340,25.9,1.963,57.05,3.99,-57,9.25,
2026-09-18T16:56:34,2,1.948,55.82,54.7410,25.9,1.966,57.30,3.97,-58,10.00,
2026-09-18T16:56:35,2,1.971,57.69,54.7430,25.9,1.972,57.76,3.95,-57,9.75,
2026-09-18T16:56:37,2,1.939,55.11,54.7280,25.9,1.961,56.85,3.99,-56,9.50,
2026-09-18T16:56:38,2,1.945,55.56,54.7160,25.9,1.965,57.18,3.97,-56,10.50,
2026-09-18T16:56:39,2,1.967,57.37,54.7160,25.9,1.962,56.98,3.97,-57,10.50,
2026-09-18T16:56:40,2,1.945,55.56,54.7000,25.9,1.962,56.98,4.00,-57,9.25,
2026-09-18T16:56:41,2,1.974,57.95,54.7040,25.9,1.967,57.37,3.95,-56,9.50,
2026-09-18T16:56:42,2,1.968,57.43,54.7050,25.9,1.962,56.98,3.97,-56,9.75,
2026-09-18T16:56:51,2,1.966,57.30,54.7210,25.9,1.963,57.05,3.98,-56,9.50,
2026-09-18T16:56:52,2,1.941,55.31,54.7110,25.9,1.961,56.85,4.00,-57,9.50,
2026-09-18T16:56:53,2,1.970,57.63,54.7150,25.9,1.966,57.30,3.95,-56,9.75,
2026-09-18T16:56:54,2,1.944,55.50,54.6960,25.9,1.962,56.98,3.99,-56,9.25,
2026-09-18T16:56:55,2,1.945,55.56,54.6970,25.9,1.964,57.11,3.97,-56,10.00,
2026-09-18T16:56:56,2,1.971,57.69,54.7020,25.9,1.966,57.30,3.95,-56,9.50,
2026-09-18T16:56:57,2,1.941,55.24,54.7020,25.9,1.957,56.53,3.99,-56,9.75,
2026-09-18T16:56:58,2,1.958,56.66,54.7090,25.9,1.963,57.05,3.97,-55,10.00,
2026-09-18T16:56:59,2,1.965,57.24,54.7210,25.9,1.961,56.85,3.97,-55,10.00,
2026-09-18T16:57:01,2,1.941,55.31,54.6980,25.9,1.961,56.85,4.00,-56,10.00,
2026-09-18T16:57:02,2,1.974,57.88,54.6990,25.9,1.967,57.37,3.95,-55,10.00,
2026-09-18T16:57:03,2,1.970,57.63,54.6920,25.9,1.964,57.11,3.97,-55,10.25,
2026-09-18T16:57:04,2,1.948,55.82,54.6810,25.9,1.981,58.46,3.97,-54,10.00,
2026-09-18T16:57:05,2,1.970,57.56,54.6690,25.9,1.965,57.24,3.96,-55,9.50,
2026-09-18T16:57:06,2,1.940,55.18,54.6590,25.9,1.960,56.79,3.99,-55,9.50,
2026-09-18T16:57:07,2,1.945,55.56,54.6620,25.9,1.957,56.59,3.97,-56,10.00,
2026-09-18T16:57:08,2,1.980,58.40,54.6600,25.9,1.962,56.98,3.97,-54,10.00,
2026-09-18T16:57:09,2,1.939,55.11,54.6460,25.9,1.959,56.72,3.99,-54,9.50,
2026-09-18T16:57:10,2,1.976,58.08,54.6290,25.9,1.965,57.18,3.95,-55,9.75,
2026-09-18T16:57:11,2,1.964,57.11,54.6310,25.9,1.960,56.79,3.98,-55,9.75,
2026-09-18T16:57:13,2,1.945,55.56,54.6200,25.9,1.962,56.98,3.97,-55,10.00,
2026-09-18T16:57:14,2,1.970,57.56,54.6240,25.9,1.962,56.98,3.95,-55,9.25,
2026-09-18T16:57:15,2,1.942,55.37,54.6240,25.9,1.960,56.79,4.00,-55,9.25,
2026-09-18T16:57:16,2,1.945,55.63,54.6230,25.9,1.964,57.11,3.97,-54,10.25,
2026-09-18T16:57:17,2,1.966,57.30,54.6180,25.9,1.959,56.72,3.97,-55,10.00,
2026-09-18T16:57:18,2,1.941,55.24,54.6110,25.9,1.958,56.66,3.99,-55,9.25,
2026-09-18T16:57:19,2,1.978,58.27,54.6010,25.9,1.966,57.30,3.95,-55,9.25,
2026-09-18T16:57:20,2,1.965,57.24,54.6010,25.9,1.959,56.72,3.97,-55,10.50,
2026-09-18T16:57:21,2,1.940,55.18,54.6020,25.9,1.959,56.72,4.00,-55,10.00,
2026-09-18T16:57:22,2,1.972,57.76,54.6020,25.9,1.966,57.30,3.95,-55,9.75,
2026-09-18T16:57:24,2,1.945,55.63,54.5870,25.9,1.958,56.66,3.97,-55,10.25,
2026-09-18T16:57:25,2,1.944,55.50,54.5850,25.9,1.961,56.92,3.97,-55,10.00,
2026-09-18T16:57:32,2,1.964,57.11,54.5710,25.9,1.961,56.85,3.90,-45,4.75,
2026-09-18T16:57:33,2,1.948,55.82,54.5680,25.9,1.962,56.98,3.97,-55,10.25,
2026-09-18T16:57:34,2,1.966,57.30,54.5650,25.9,1.966,57.30,3.95,-55,9.50,
2026-09-18T16:57:36,2,1.941,55.31,54.5470,25.9,1.958,56.66,3.99,-55,9.25,
2026-09-18T16:57:37,2,1.943,55.43,54.5490,25.9,1.951,56.08,3.97,-54,10.00,
2026-09-18T16:57:38,2,1.963,57.05,54.5520,25.9,1.965,57.18,3.97,-53,10.00,
2026-09-18T16:57:39,2,1.939,55.11,54.5530,25.9,1.958,56.66,3.99,-53,9.25,
2026-09-18T16:57:40,2,1.977,58.14,54.5470,25.9,1.965,57.18,3.94,-53,10.00,
2026-09-18T16:57:41,2,1.963,57.05,54.5330,25.9,1.964,57.11,3.97,-53,9.75,
2026-09-18T16:57:42,2,1.944,55.50,54.5350,25.9,1.961,56.92,3.97,-53,10.00,
2026-09-18T16:57:43,2,1.970,57.56,54.5340,25.9,1.965,57.24,3.95,-53,9.75,
2026-09-18T16:57:44,2,1.962,56.98,54.5380,25.9,1.958,56.66,3.98,-53,9.50,
2026-09-18T16:57:45,2,1.943,55.43,54.5370,25.9,1.961,56.92,3.97,-53,9.75,
2026-09-18T16:57:46,2,1.966,57.30,54.5390,25.9,1.962,56.98,3.98,-53,9.75,
2026-09-18T16:57:48,2,1.941,55.31,54.5360,25.9,1.957,56.59,4.00,-55,9.75,
2026-09-18T16:57:49,2,1.942,55.37,54.5220,25.9,1.961,56.92,3.97,-54,9.75,
2026-09-18T16:57:50,2,1.965,57.24,54.5170,25.9,1.961,56.92,3.97,-54,10.25,
2026-09-18T16:57:51,2,1.943,55.43,54.5240,25.9,1.959,56.72,3.97,-54,10.00,
2026-09-18T16:57:53,2,1.979,58.34,54.5100,25.9,1.962,56.98,3.97,-54,10.00,
2026-09-18T16:57:54,2,1.945,55.56,54.5020,25.9,1.961,56.92,3.97,-54,9.75,
2026-09-18T16:57:55,2,1.969,57.50,54.4950,25.9,1.964,57.11,3.96,-53,9.75,
2026-09-18T16:57:56,2,1.937,54.98,54.4870,25.9,1.959,56.72,3.99,-53,9.50,
2026-09-18T16:57:57,2,1.943,55.43,54.4710,25.9,1.964,57.11,3.97,-53,10.00,
2026-09-18T16:57:58,2,1.965,57.24,54.4650,25.9,1.961,56.85,3.97,-53,10.25,
2026-09-18T16:58:00,2,1.938,55.05,54.4480,25.9,1.958,56.66,3.99,-54,9.50,
2026-09-18T16:58:01,2,1.974,57.95,54.4500,25.9,1.964,57.11,3.95,-54,9.75,
2026-09-18T16:58:02,2,1.962,56.98,54.4390,25.9,1.961,56.85,3.98,-53,9.75,
2026-09-18T16:58:03,2,1.942,55.37,54.4310,25.9,1.963,57.05,3.97,-54,10.00,
2026-09-18T16:58:04,2,1.970,57.56,54.4310,25.9,1.965,57.24,3.94,-54,10.00,
2026-09-18T16:58:05,2,1.937,54.98,54.4280,25.9,1.959,56.72,4.00,-55,9.50,
2026-09-18T16:58:06,2,1.940,55.18,54.4110,25.9,1.960,56.79,3.97,-54,10.00,
2026-09-18T16:58:07,2,1.968,57.43,54.4050,25.9,1.961,56.92,3.97,-54,10.00,
2026-09-18T16:58:15,2,1.942,55.37,54.3940,25.9,1.961,56.85,3.97,-47,10.25,
2026-09-18T16:58:16,2,1.964,57.11,54.3900,25.9,1.962,56.98,3.97,-54,10.00,
2026-09-18T16:58:17,2,1.937,54.98,54.4000,25.9,1.955,56.40,3.99,-54,9.50,
2026-09-18T16:58:18,2,1.941,55.24,54.3830,25.9,1.961,56.92,3.97,-54,10.50,
2026-09-18T16:58:19,2,1.964,57.11,54.3900,25.9,1.958,56.66,3.97,-54,10.00,
2026-09-18T16:58:20,2,1.941,55.24,54.3920,25.9,1.963,57.05,3.97,-54,10.00,
2026-09-18T16:58:21,2,1.979,58.34,54.3880,25.9,1.964,57.11,3.95,-54,9.75,
2026-09-18T16:58:22,2,1.961,56.85,54.3910,25.9,1.959,56.72,3.97,-53,10.00,
2026-09-18T16:58:24,2,1.941,55.24,54.3820,25.9,1.960,56.79,3.97,-53,10.25,
2026-09-18T16:58:25,2,1.968,57.43,54.3800,25.9,1.964,57.11,3.95,-54,9.75,
2026-09-18T16:58:26,2,1.937,54.98,54.3930,25.9,1.959,56.72,4.00,-54,9.75,
2026-09-18T16:58:27,2,1.942,55.37,54.3900,25.9,1.959,56.72,3.97,-54,10.00,
2026-09-18T16:58:28,2,1.962,56.98,54.3870,25.9,1.961,56.85,3.97,-54,10.00,
2026-09-18T16:58:29,2,1.941,55.24,54.3880,25.9,1.961,56.85,4.00,-54,9.50,
2026-09-18T16:58:30,2,1.939,55.11,54.3820,25.9,1.961,56.85,3.97,-54,10.25,
2026-09-18T16:58:31,2,1.961,56.92,54.3760,25.9,1.959,56.72,3.97,-54,10.00,
2026-09-18T16:58:32,2,1.944,55.50,54.3710,25.9,1.962,56.98,3.97,-54,10.50,
2026-09-18T16:58:33,2,1.970,57.56,54.3820,25.9,1.963,57.05,3.95,-55,10.00,
2026-09-18T16:58:35,2,1.959,56.72,54.3710,25.9,1.961,56.85,3.97,-56,10.50,
2026-09-18T16:58:36,2,1.943,55.43,54.3750,25.9,1.963,57.05,3.97,-57,10.25,
2026-09-18T16:58:37,2,1.965,57.18,54.3610,25.9,1.958,56.66,3.97,-55,10.25,
2026-09-18T16:58:38,2,1.937,54.98,54.3650,25.9,1.958,56.66,4.00,-58,9.25,
2026-09-18T16:58:39,2,1.941,55.24,54.3660,25.9,1.965,57.24,3.97,-59,9.50,
2026-09-18T16:58:40,2,1.963,57.05,54.3610,25.9,1.959,56.72,3.97,-56,10.50,
2026-09-18T16:58:41,2,1.940,55.18,54.3520,25.9,1.960,56.79,3.97,-56,10.00,
2026-09-18T16:58:42,2,1.972,57.76,54.3530,25.9,1.966,57.30,3.94,-59,9.75,
2026-09-18T16:58:43,2,1.962,56.98,54.3560,25.9,1.960,56.79,3.98,-58,10.00,
2026-09-18T16:58:44,2,1.941,55.24,54.3500,25.9,1.962,56.98,3.97,-56,10.25,
2026-09-18T16:58:45,2,1.963,57.05,54.3450,25.9,1.961,56.85,3.97,-58,10.00,
2026-09-18T16:58:47,2,1.938,55.05,54.3250,25.9,1.956,56.47,3.99,-57,9.75,
2026-09-18T16:58:48,2,1.939,55.11,54.3280,25.9,1.960,56.79,3.97,-57,10.50,
2026-09-18T16:58:49,2,1.962,56.98,54.3130,25.9,1.962,56.98,3.97,-58,10.00,
2026-09-18T16:58:50,2,1.943,55.43,54.3110,25.9,1.961,56.85,3.96,-58,9.75,
2026-09-18T16:58:57,2,1.964,57.11,54.2920,25.9,1.960,56.79,3.97,-55,10.00,
2026-09-18T16:58:59,2,1.940,55.18,54.2720,25.9,1.956,56.47,3.99,-55,9.50,
2026-09-18T16:59:00,2,1.940,55.18,54.2720,25.9,1.961,56.85,3.98,-57,10.25,
2026-09-18T16:59:01,2,1.961,56.92,54.2680,25.9,1.949,55.95,3.97,-56,10.00,
2026-09-18T16:59:02,2,1.941,55.24,54.2680,25.9,1.960,56.79,3.97,-59,10.25,
2026-09-18T16:59:03,2,1.971,57.69,54.2650,25.9,1.962,56.98,3.95,-59,9.50,
2026-09-18T16:59:04,2,1.960,56.79,54.2680,25.9,1.965,57.18,3.97,-57,10.00,
2026-09-18T16:59:05,2,1.940,55.18,54.2660,25.9,1.961,56.85,3.97,-57,10.50,
2026-09-18T16:59:06,2,1.964,57.11,54.2640,25.9,1.959,56.72,3.97,-57,9.75,
2026-09-18T16:59:07,2,1.936,54.92,54.2730,25.9,1.956,56.47,4.00,-59,9.50,
2026-09-18T16:59:08,2,1.940,55.18,54.2700,25.9,1.960,56.79,3.98,-61,9.75,
2026-09-18T16:59:09,2,1.963,57.05,54.2830,25.9,1.959,56.72,3.97,-57,10.25,
2026-09-18T16:59:11,2,1.941,55.24,54.2790,25.9,1.959,56.72,3.97,-57,10.00,
2026-09-18T16:59:12,2,1.974,57.95,54.2790,25.9,1.966,57.30,3.95,-57,9.75,
2026-09-18T16:59:13,2,1.964,57.11,54.2760,25.9,1.960,56.79,3.98,-56,9.75,
2026-09-18T16:59:14,2,1.945,55.56,54.2780,25.9,1.958,56.66,3.97,-57,10.00,
2026-09-18T16:59:15,2,1.968,57.43,54.2690,25.9,1.947,55.76,3.97,-57,10.00,
2026-09-18T16:59:16,2,1.962,56.98,54.2760,25.9,1.957,56.59,3.98,-59,9.50,
2026-09-18T16:59:17,2,1.940,55.18,54.2710,25.9,1.960,56.79,3.97,-58,10.50,
2026-09-18T16:59:18,2,1.963,57.05,54.2710,25.9,1.958,56.66,3.97,-56,10.25,
2026-09-18T16:59:19,2,1.940,55.18,54.2690,25.9,1.961,56.85,3.97,-57,10.25,
2026-09-18T16:59:20,2,1.941,55.24,54.2630,25.9,1.960,56.79,3.97,-59,9.75,
2026-09-18T16:59:22,2,1.956,56.47,54.2560,25.9,1.958,56.66,3.97,-58,9.75,
2026-09-18T16:59:23,2,1.941,55.24,54.2460,25.9,1.959,56.72,3.97,-58,10.25,
2026-09-18T16:59:24,2,1.967,57.37,54.2330,25.9,1.966,57.30,3.96,-59,9.50,
2026-09-18T16:59:25,2,1.959,56.72,54.2300,25.9,1.961,56.85,3.97,-58,10.00,
2026-09-18T16:59:26,2,1.938,55.05,54.2310,25.9,1.958,56.66,3.97,-59,9.75,
2026-09-18T16:59:27,2,1.963,57.05,54.2220,25.9,1.956,56.47,3.97,-59,10.00,
2026-09-18T16:59:28,2,1.942,55.37,54.2120,25.9,1.959,56.72,3.98,-60,9.75,
2026-09-18T16:59:29,2,1.941,55.24,54.2000,25.9,1.961,56.85,3.98,-61,10.00,
2026-09-18T16:59:30,2,1.961,56.85,54.1960,25.9,1.957,56.59,3.97,-62,10.25,
2026-09-18T16:59:31,2,1.941,55.24,54.1890,25.9,1.959,56.72,3.97,-63,10.25,24
2026-09-18T16:59:40,2,1.939,55.11,54.1830,25.9,1.949,55.95,3.97,-59,9.75,
2026-09-18T16:59:41,2,1.938,55.05,54.1960,25.9,1.961,56.92,3.97,-59,10.00,
2026-09-18T16:59:42,2,1.960,56.79,54.1870,25.9,1.957,56.53,3.97,-59,9.75,
2026-09-18T16:59:43,2,1.939,55.11,54.1820,25.9,1.960,56.79,3.97,-55,10.25,
2026-09-18T16:59:44,2,1.967,57.37,54.1930,25.9,1.957,56.59,3.97,-58,10.25,
2026-09-18T16:59:46,2,1.959,56.72,54.1850,25.9,1.957,56.59,3.97,-59,9.75,
2026-09-18T16:59:47,2,1.949,55.89,54.1830,25.9,1.953,56.21,3.98,-57,9.75,
2026-09-18T16:59:48,2,1.965,57.24,54.1830,25.9,1.959,56.72,3.97,-58,10.50,
2026-09-18T16:59:49,2,1.940,55.18,54.1870,25.9,1.959,56.72,3.97,-57,10.25,
2026-09-18T16:59:50,2,1.937,54.98,54.1780,25.9,1.959,56.72,3.97,-58,10.50,
2026-09-18T16:59:51,2,1.961,56.92,54.1740,25.9,1.956,56.47,3.97,-57,10.25,
2026-09-18T16:59:52,2,1.938,55.05,54.1690,25.9,1.961,56.85,3.97,-58,10.25,
2026-09-18T16:59:53,2,1.969,57.50,54.1620,25.9,1.957,56.53,3.96,-58,9.50,
2026-09-18T16:59:54,2,1.959,56.72,54.1680,25.9,1.955,56.40,3.97,-59,11.75,
2026-09-18T16:59:55,2,1.937,54.98,54.1590,25.9,1.959,56.72,3.97,-60,10.00,
2026-09-18T16:59:56,2,1.962,56.98,54.1660,25.9,1.958,56.66,3.97,-62,10.50,
2026-09-18T16:59:58,2,1.958,56.66,54.1490,25.9,1.954,56.34,3.97,-60,10.25,
2026-09-18T16:59:59,2,1.937,54.98,54.1520,25.9,1.956,56.47,3.97,-59,10.50,
2026-09-18T17:00:00,2,1.953,56.27,54.1520,25.9,1.948,55.82,3.97,-59,10.00,
2026-09-18T17:00:01,2,1.920,53.56,54.1490,25.9,1.936,54.85,3.97,-60,9.75,
2026-09-18T17:00:02,2,1.894,51.50,54.0540,25.9,1.916,53.24,3.97,-59,10.25,
2026-09-18T17:00:03,2,1.903,52.21,53.3780,25.9,1.857,48.54,3.96,-62,10.00,
2026-09-18T17:00:04,2,1.808,44.67,52.2750,25.9,1.831,46.47,3.97,-59,9.75,
2026-09-18T17:00:05,2,1.828,46.28,50.6190,25.9,1.798,43.83,3.98,-59,9.75,
2026-09-18T17:00:06,2,1.796,43.70,48.5490,25.9,1.774,41.90,3.97,-71,10.00,
2026-09-18T17:00:07,2,1.708,36.67,46.2360,25.9,1.731,38.48,3.97,-63,10.00,
2026-09-18T17:00:08,2,1.692,35.38,43.6820,25.9,1.696,35.71,3.97,-62,10.25,
2026-09-18T17:00:10,2,1.628,30.23,38.0790,25.9,1.656,32.48,3.97,-61,10.25,
2026-09-18T17:00:11,2,1.587,26.94,35.0500,25.9,1.615,29.20,3.97,-59,10.00,
2026-09-18T17:00:12,2,1.570,25.59,31.9670,25.9,1.578,26.23,3.97,-56,10.50,
2026-09-18T17:00:13,2,1.516,21.27,28.8970,25.9,1.545,23.59,3.97,-53,9.75,
2026-09-18T17:00:14,2,1.509,20.75,25.8640,25.9,1.478,18.24,3.96,-51,9.75,
2026-09-18T17:00:20,2,1.538,23.07,10.3130,25.9,1.410,12.82,4.15,-44,1.25,
2026-09-18T17:00:22,2,1.404,12.30,6.6080,25.9,1.401,12.11,4.16,-50,9.00,
2026-09-18T17:00:23,2,1.389,11.14,5.2250,25.9,1.390,11.21,4.15,-49,10.00,
2026-09-18T17:00:24,2,1.495,19.59,4.0970,25.9,1.380,10.44,4.15,-49,9.75,
2026-09-18T17:00:25,2,1.380,10.37,3.3400,25.9,1.378,10.24,4.15,-49,10.00,
2026-09-18T17:00:26,2,1.456,16.50,2.7290,25.9,1.371,9.66,4.14,-49,10.00,
2026-09-18T17:00:27,2,1.477,18.17,2.2160,25.9,1.366,9.27,4.15,-49,10.00,
2026-09-18T17:00:28,2,1.358,8.63,1.7940,25.9,1.359,8.76,4.15,-49,9.50,
2026-09-18T17:00:29,2,1.511,20.88,1.4400,25.9,1.365,9.21,4.16,-49,9.75,
2026-09-18T17:00:30,2,1.463,17.08,1.1580,25.9,1.355,8.37,4.15,-49,9.75,
2026-09-18T17:00:31,2,1.362,8.95,0.9340,25.9,1.349,7.92,4.15,-49,9.50,
2026-09-18T17:00:32,2,1.500,19.98,0.8250,25.9,1.357,8.57,4.16,-49,9.50,
2026-09-18T17:00:34,2,1.469,17.53,0.5870,25.9,1.350,7.99,4.15,-47,10.25,
2026-09-18T17:00:35,2,1.359,8.69,0.4950,25.9,1.347,7.73,4.15,-48,10.00,
2026-09-18T17:00:36,2,1.492,19.40,0.4180,25.9,1.352,8.18,4.15,-49,9.75,
2026-09-18T17:00:37,2,1.467,17.40,0.3510,25.9,1.349,7.92,4.15,-49,10.00,
2026-09-18T17:00:38,2,1.356,8.50,0.2960,25.9,1.347,7.79,4.15,-49,9.50,
2026-09-18T17:00:39,2,1.480,18.36,0.2490,25.9,1.347,7.73,4.15,-49,10.00,
2026-09-18T17:00:40,2,1.359,8.76,0.2090,25.9,1.353,8.24,4.16,-49,9.75,
2026-09-18T17:00:41,2,1.355,8.44,0.1740,25.9,1.347,7.79,4.15,-48,9.75,
2026-09-18T17:00:42,2,1.469,17.53,0.1440,25.9,1.344,7.53,4.15,-50,10.00,
2026-09-18T17:00:43,2,1.359,8.69,0.1190,25.9,1.351,8.11,4.15,-49,10.50,
2026-09-18T17:00:44,2,1.353,8.24,0.0980,25.9,1.343,7.41,4.14,-49,9.75,
2026-09-18T17:00:45,2,1.467,17.40,0.0800,25.9,1.345,7.60,4.14,-49,9.25,
2026-09-18T17:00:47,2,1.357,8.57,0.0550,25.9,1.346,7.66,4.15,-49,9.75,
2026-09-18T17:00:48,2,1.351,8.05,0.0460,25.9,1.341,7.28,4.15,-48,9.75,
2026-09-18T17:00:49,2,1.462,16.95,0.0380,25.9,1.343,7.41,4.15,-48,9.50,
2026-09-18T17:00:50,2,1.354,8.31,0.0310,25.9,1.344,7.53,4.15,-50,9.50,
2026-09-18T17:00:51,2,1.388,11.08,0.0250,25.9,1.341,7.28,4.12,-49,9.00,
2026-09-18T17:00:52,2,1.461,16.88,0.0190,25.9,1.340,7.21,4.15,-57,10.50,
2026-09-18T17:00:53,2,1.353,8.24,0.0150,25.9,1.343,7.41,4.15,-55,9.25,
2026-09-18T17:00:54,2,1.434,14.75,0.0120,25.9,1.358,8.63,4.16,-60,9.50,
2026-09-18T17:00:55,2,1.385,10.82,0.0090,25.9,1.347,7.73,4.15,-61,9.75,
2026-09-18T17:00:56,2,1.348,7.86,0.0060,25.9,1.348,7.86,4.15,-70,8.50,
2026-09-18T17:00:57,2,1.394,11.53,0.0040,25.9,1.353,8.24,4.16,-61,9.75,
2026-09-18T17:00:59,2,1.381,10.50,0.0010,25.9,1.347,7.79,4.16,-53,9.50,
2026-09-18T17:01:00,2,1.347,7.73,0.0000,25.9,1.346,7.66,4.15,-62,9.75,
2026-09-18T17:01:01,2,1.396,11.66,0.0000,25.9,1.352,8.18,4.15,-63,9.50,
2026-09-18T17:01:02,2,1.379,10.31,0.0000,25.9,1.349,7.92,4.16,-64,9.25,
2026-09-18T17:01:03,2,1.346,7.66,0.0000,25.9,1.347,7.73,4.15,-65,9.75,
2026-09-18T17:01:04,2,1.384,10.69,0.0000,25.9,1.350,7.99,4.15,-62,9.75,
2026-09-18T17:01:05,2,1.352,8.18,0.0000,25.9,1.352,8.18,4.16,-62,9.50,
2026-09-18T17:01:06,2,1.345,7.60,0.0000,25.9,1.347,7.79,4.15,-63,10.00,
2026-09-18T17:01:07,2,1.384,10.76,0.0000,25.9,1.348,7.86,4.16,-65,9.50,
2026-09-18T17:01:08,2,1.351,8.05,0.0000,25.9,1.356,8.50,4.16,-59,9.50,
2026-09-18T17:01:09,2,1.345,7.60,0.0000,25.9,1.347,7.79,4.15,-63,10.00,
2026-09-18T17:01:10,2,1.384,10.69,0.0000,25.9,1.347,7.79,4.16,-63,9.75,
2026-09-18T17:01:12,2,1.351,8.11,0.0000,25.9,1.354,8.31,4.16,-61,9.50,
2026-09-18T17:01:13,2,1.346,7.66,0.0000,25.9,1.346,7.66,4.16,-60,9.50,
2026-09-18T17:01:14,2,1.383,10.63,0.0000,25.9,1.345,7.60,4.15,-61,10.00,
2026-09-18T17:01:15,2,1.347,7.73,0.0000,25.9,1.350,7.99,4.16,-61,9.75,
2026-09-18T17:01:16,2,1.345,7.60,0.0000,25.9,1.347,7.73,4.15,-60,9.50,
2026-09-18T17:01:17,2,1.379,10.31,0.0000,25.9,1.344,7.53,4.15,-64,9.75,
2026-09-18T17:01:18,2,1.347,7.79,0.0000,25.9,1.350,7.99,4.16,-65,9.75,
2026-09-18T17:01:19,2,1.397,11.72,0.0000,25.9,1.355,8.44,4.16,-67,10.00,
2026-09-18T17:01:20,2,1.376,10.11,0.0000,25.9,1.345,7.60,4.16,-62,9.50,
2026-09-18T17:01:21,2,1.347,7.73,0.0000,25.9,1.350,7.99,4.15,-68,9.50,
2026-09-18T17:01:22,2,1.393,11.40,0.0000,25.9,1.355,8.37,4.16,-60,9.50,
2026-09-18T17:01:24,2,1.377,10.18,0.0000,25.9,1.347,7.73,4.15,-70,9.25,
2026-09-18T17:01:25,2,1.346,7.66,0.0000,25.9,1.347,7.73,4.16,-71,8.50,
2026-09-18T17:01:26,2,1.389,11.14,0.0000,25.9,1.354,8.31,4.16,-64,9.50,
2026-09-18T17:01:27,2,1.378,10.24,0.0000,25.9,1.346,7.66,4.16,-64,9.25,
2026-09-18T17:01:28,2,1.346,7.66,0.0000,25.9,1.345,7.60,4.16,-58,10.00,
2026-09-18T17:01:29,2,1.392,11.34,0.0000,25.9,1.351,8.05,4.16,-61,9.75,
2026-09-18T17:01:30,2,1.382,10.56,0.0000,25.9,1.358,8.63,4.15,-60,9.50,
2026-09-18T17:01:31,2,1.343,7.47,0.0000,25.9,1.347,7.79,4.16,-67,9.25,
2026-09-18T17:01:32,2,1.401,12.05,0.0000,25.9,1.349,7.92,4.16,-69,9.50,
2026-09-18T17:01:33,2,1.364,9.15,0.0000,25.9,1.357,8.57,4.18,-62,10.00,
2026-09-18T17:01:34,2,1.347,7.79,0.0000,25.9,1.342,7.34,4.16,-62,10.00,
2026-09-18T17:01:35,2,1.393,11.40,0.0000,25.9,1.344,7.53,4.16,-63,12.75,
2026-09-18T17:01:40,2,0.000,0.00,0.0000,0.0,0.000,0.00,4.12,-65,9.50,
2026-09-18T17:01:42,2,0.000,0.00,0.0000,0.0,0.000,0.00,4.10,-64,9.25,
2026-09-18T17:01:45,2,0.000,0.00,0.0000,0.0,0.000,0.00,4.10,-56,9.75,
2026-09-18T17:01:48,2,0.000,0.00,0.0000,0.0,0.000,0.00,4.11,-58,9.75,
2026-09-18T17:01:50,2,0.000,0.00,0.0000,0.0,0.000,0.00,4.10,-55,9.25,
2026-09-18T17:01:53,2,0.000,0.00,0.0000,0.0,0.000,0.00,4.11,-57,10.00,
2026-09-18T17:01:56,2,0.000,0.00,0.0000,0.0,0.000,0.00,4.10,-55,9.75,
2026-09-18T17:01:58,2,0.000,0.00,0.0000,0.0,0.000,0.00,4.10,-55,9.75,
2026-09-18T17:02:01,2,0.000,0.00,0.0000,0.0,0.000,0.00,4.10,-55,9.75,
2026-09-18T17:02:04,2,0.000,0.00,0.0000,0.0,0.000,0.00,4.10,-55,9.50,
2026-09-18T17:02:06,2,0.000,0.00,0.0000,0.0,0.000,0.00,4.10,-55,10.00,
2026-09-18T17:02:09,2,0.000,0.00,0.0000,0.0,0.000,0.00,4.10,-55,9.75,
2026-09-18T17:02:12,2,0.000,0.00,0.0000,0.0,0.000,0.00,4.10,-55,9.50,
2026-09-18T17:02:14,2,0.000,0.00,0.0000,0.0,0.000,0.00,4.10,-54,9.50,
