timestamp,board_id,pressure_hpa,sht_temp_c,sht_humidity_pct,inir_a0_voltage,inir_ch4_analog_pctvol,inir_ch4_digital_pctvol,inir_temp_c,battery_voltage,rssi,snr,sample
2026-09-21T13:31:27,1,1017.86,22.92,45.53,1.255,0.38,0.0070,25.9,4.11,-36,1.25,
2026-09-21T13:31:32,1,1017.92,22.91,44.84,1.259,0.70,0.0070,25.9,4.06,-46,9.50,
2026-09-21T13:31:33,1,1017.99,22.90,44.66,1.255,0.38,0.0080,25.9,4.08,-48,9.50,
2026-09-21T13:31:35,1,1018.07,22.91,44.50,1.259,0.70,0.0080,25.9,4.11,-54,8.75,
2026-09-21T13:31:36,1,1017.91,22.91,44.43,1.257,0.57,0.0080,25.9,4.08,-49,9.75,
2026-09-21T13:31:37,1,1018.10,22.91,44.34,1.254,0.31,0.0080,25.9,4.11,-49,9.50,
2026-09-21T13:31:38,1,1018.17,22.90,44.49,1.259,0.70,0.0080,25.9,4.08,-50,9.75,
2026-09-21T13:31:39,1,1018.21,22.90,44.35,1.264,1.09,0.0090,25.9,4.11,-57,9.50,
2026-09-21T13:31:40,1,1017.96,22.89,44.14,1.256,0.51,0.0090,25.9,4.07,-80,8.50,
2026-09-21T13:31:41,1,1017.92,22.90,43.94,1.256,0.44,0.0090,25.9,4.11,-69,9.25,
2026-09-21T13:31:42,1,1017.98,22.88,43.77,1.258,0.64,0.0090,25.9,4.07,-69,9.00,
2026-09-21T13:31:44,1,1018.02,22.89,43.64,1.264,1.15,0.0100,25.9,4.11,-63,9.50,
2026-09-21T13:31:45,1,1017.84,22.89,43.64,1.259,0.70,0.0100,25.9,4.07,-63,9.50,
2026-09-21T13:31:46,1,1017.94,22.88,43.65,1.256,0.44,0.0100,25.9,4.11,-55,9.50,
2026-09-21T13:31:47,1,1017.87,22.86,43.64,1.256,0.51,0.0110,25.9,4.08,-56,9.75,
2026-09-21T13:31:48,1,1017.96,22.86,43.77,1.257,0.57,0.0110,25.9,4.07,-55,9.75,
2026-09-21T13:31:49,1,1018.03,22.89,43.89,1.250,-0.01,0.0110,25.9,4.11,-56,9.75,
2026-09-21T13:31:50,1,1017.93,22.87,44.04,1.262,0.96,0.0120,25.9,4.07,-57,9.75,
2026-09-21T13:31:51,1,1017.89,22.87,44.11,1.252,0.12,0.0120,25.9,4.11,-52,9.25,
2026-09-21T13:31:52,1,1017.94,22.85,44.17,1.266,1.28,0.0120,25.9,4.07,-54,9.75,
2026-09-21T13:31:54,1,1017.94,22.84,44.25,1.256,0.51,0.0120,25.9,4.11,-58,9.75,
2026-09-21T13:31:55,1,1017.82,22.85,44.26,1.257,0.57,0.0120,25.9,4.06,-57,9.75,
2026-09-21T13:31:56,1,1017.91,22.86,44.31,1.255,0.38,0.0120,25.9,4.11,-58,9.50,
2026-09-21T13:31:57,1,1017.91,22.85,44.34,1.258,0.64,0.0110,25.9,4.06,-57,9.75,
2026-09-21T13:31:58,1,1017.91,22.85,44.39,1.252,0.18,0.0110,25.9,4.11,-57,9.75,
2026-09-21T13:31:59,1,1018.09,22.85,44.37,1.258,0.64,0.0110,25.9,4.06,-57,9.75,
2026-09-21T13:32:00,1,1018.04,22.87,44.39,1.255,0.38,0.0100,25.9,4.11,-56,9.50,
2026-09-21T13:32:01,1,1018.12,22.83,44.39,1.258,0.64,0.0100,25.9,4.06,-55,9.75,
2026-09-21T13:32:02,1,1017.90,22.86,44.45,1.256,0.44,0.0100,25.9,4.07,-59,9.50,
2026-09-21T13:32:04,1,1017.92,22.86,44.43,1.256,0.44,0.0090,25.9,4.11,-56,9.25,
2026-09-21T13:32:05,1,1017.94,22.81,44.43,1.256,0.51,0.0090,25.9,4.07,-51,10.00,
2026-09-21T13:32:06,1,1017.94,22.84,44.42,1.254,0.31,0.0090,25.9,4.11,-53,9.25,
2026-09-21T13:32:07,1,1017.94,22.85,44.42,1.256,0.51,0.0090,25.9,4.07,-53,9.50,
2026-09-21T13:32:08,1,1018.08,22.83,44.43,1.253,0.25,0.0080,25.9,4.11,-48,1.25,
2026-09-21T13:32:09,1,1017.98,22.84,44.44,1.256,0.51,0.0080,25.9,4.07,-45,6.75,
2026-09-21T13:32:10,1,1017.95,22.85,44.47,1.255,0.38,0.0070,25.9,4.11,-45,6.50,
2026-09-21T13:32:15,1,1027.42,22.84,44.46,1.254,0.31,0.0070,25.9,4.12,-51,9.75,
2026-09-21T13:32:16,1,1018.11,22.84,44.50,1.256,0.51,0.0070,25.9,4.11,-50,9.25,
2026-09-21T13:32:17,1,1018.06,22.83,44.51,1.253,0.25,0.0070,25.9,4.07,-52,9.75,
2026-09-21T13:32:18,1,1018.14,22.83,44.51,1.253,0.25,0.0070,25.9,4.11,-51,9.75,
2026-09-21T13:32:19,1,1018.07,22.84,44.51,1.254,0.31,0.0070,25.9,4.07,-48,9.50,
2026-09-21T13:32:20,1,1018.05,22.82,44.49,1.255,0.38,0.0070,25.9,4.11,-49,9.50,
2026-09-21T13:32:21,1,1017.95,22.83,44.48,1.258,0.64,0.0070,25.9,4.07,-51,10.00,
2026-09-21T13:32:23,1,1018.01,22.80,44.49,1.255,0.38,0.0070,25.9,4.12,-49,9.75,
2026-09-21T13:32:24,1,1018.02,22.82,44.49,1.259,0.70,0.0070,25.9,4.06,-49,9.25,
2026-09-21T13:32:25,1,1017.98,22.82,44.51,1.257,0.57,0.0070,25.9,4.11,-49,9.50,
2026-09-21T13:32:26,1,1018.08,22.81,44.52,1.260,0.76,0.0070,25.9,4.06,-49,9.75,
2026-09-21T13:32:27,1,1017.96,22.83,44.54,1.256,0.44,0.0070,25.9,4.11,-49,9.50,
2026-09-21T13:32:28,1,1018.06,22.82,44.52,1.255,0.38,0.0080,25.9,4.06,-49,9.25,
2026-09-21T13:32:29,1,1018.04,22.83,44.53,1.253,0.25,0.0070,25.9,4.07,-49,9.50,
2026-09-21T13:32:30,1,1018.13,22.83,44.55,1.258,0.64,0.0070,25.9,4.11,-49,9.50,
2026-09-21T13:32:31,1,1018.03,22.83,44.56,1.256,0.51,0.0070,25.9,4.07,-49,9.75,
2026-09-21T13:32:33,1,1017.88,22.83,44.54,1.256,0.44,0.0070,25.9,4.11,-51,9.50,
2026-09-21T13:32:34,1,1018.11,22.82,44.54,1.256,0.51,0.0070,25.9,4.07,-51,9.75,
2026-09-21T13:32:35,1,1017.99,22.82,44.54,1.251,0.06,0.0080,25.9,4.11,-51,10.00,
2026-09-21T13:32:36,1,1018.06,22.81,44.56,1.258,0.64,0.0080,25.9,4.07,-50,9.50,
2026-09-21T13:32:37,1,1018.10,22.82,44.55,1.255,0.38,0.0080,25.9,4.11,-50,9.25,
2026-09-21T13:32:38,1,1018.12,22.81,44.56,1.256,0.51,0.0080,25.9,4.06,-49,9.50,
2026-09-21T13:32:39,1,1018.01,22.80,44.56,1.256,0.44,0.0080,25.9,4.11,-50,9.50,
2026-09-21T13:32:40,1,1017.95,22.80,44.56,1.258,0.64,0.0070,25.9,4.06,-49,9.25,
2026-09-21T13:32:42,1,1017.96,22.79,44.57,1.257,0.57,0.0070,25.9,4.11,-52,9.50,
2026-09-21T13:32:43,1,1017.96,22.81,44.56,1.255,0.38,0.0070,25.9,4.06,-53,9.25,
2026-09-21T13:32:44,1,1018.04,22.80,44.60,1.254,0.31,0.0070,25.9,4.07,-53,9.75,
2026-09-21T13:32:45,1,1018.01,22.79,44.58,1.251,0.06,0.0070,25.9,4.11,-53,9.50,
2026-09-21T13:32:46,1,1017.94,22.79,44.57,1.257,0.57,0.0080,25.9,4.07,-52,9.25,
2026-09-21T13:32:48,1,1018.06,22.82,44.59,1.258,0.64,0.0070,25.9,4.07,-53,9.50,
2026-09-21T13:32:49,1,1017.98,22.79,44.64,1.255,0.38,0.0070,25.9,4.10,-50,9.75,
2026-09-21T13:32:50,1,1018.10,22.81,44.61,1.256,0.51,0.0070,25.9,4.07,-45,10.00,
2026-09-21T13:32:52,1,1018.05,22.80,44.65,1.256,0.44,0.0070,25.9,4.12,-43,6.25,
2026-09-21T13:32:53,1,1018.01,22.81,44.61,1.259,0.70,0.0070,25.9,4.06,-44,6.50,
2026-09-21T13:32:54,1,1018.13,22.80,44.61,1.256,0.44,0.0070,25.9,4.11,-51,6.00,
2026-09-21T13:32:58,1,1018.76,22.80,44.64,1.255,0.38,0.0070,25.9,4.07,-53,9.50,
2026-09-21T13:32:59,1,1017.99,22.79,44.60,1.255,0.38,0.0070,25.9,4.11,-57,9.50,
2026-09-21T13:33:00,1,1017.97,22.82,44.63,1.254,0.31,0.0070,25.9,4.07,-54,9.50,
2026-09-21T13:33:02,1,1018.10,22.80,44.64,1.255,0.38,0.0070,25.9,4.11,-56,9.25,
2026-09-21T13:33:03,1,1017.99,22.81,44.62,1.258,0.64,0.0070,25.9,4.07,-50,9.75,
2026-09-21T13:33:04,1,1017.97,22.79,44.63,1.254,0.31,0.0070,25.9,4.11,-47,9.75,
2026-09-21T13:33:05,1,1018.02,22.80,44.65,1.259,0.70,0.0070,25.9,4.07,-59,9.25,
2026-09-21T13:33:06,1,1018.17,22.79,44.63,1.256,0.51,0.0070,25.9,4.11,-58,9.75,
2026-09-21T13:33:07,1,1017.93,22.80,44.65,1.255,0.38,0.0070,25.9,4.07,-59,10.00,
2026-09-21T13:33:08,1,1018.00,22.78,44.63,1.255,0.38,0.0070,25.9,4.11,-60,9.50,
2026-09-21T13:33:09,1,1018.03,22.79,44.63,1.258,0.64,0.0070,25.9,4.06,-48,9.25,
2026-09-21T13:33:11,1,1018.05,22.79,44.64,1.256,0.44,0.0070,25.9,4.07,-48,10.00,
2026-09-21T13:33:12,1,1018.16,22.78,44.68,1.257,0.57,0.0070,25.9,4.11,-45,9.75,
2026-09-21T13:33:13,1,1017.92,22.77,44.67,1.256,0.51,0.0070,25.9,4.07,-62,9.50,
2026-09-21T13:33:14,1,1018.01,22.82,44.67,1.253,0.25,0.0070,25.9,4.11,-50,9.50,
2026-09-21T13:33:15,1,1017.95,22.80,44.69,1.258,0.64,0.0070,25.9,4.07,-56,9.75,
2026-09-21T13:33:16,1,1018.04,22.78,44.68,1.256,0.44,0.0070,25.9,4.11,-56,9.75,
2026-09-21T13:33:17,1,1018.19,22.79,44.65,1.256,0.51,0.0070,25.9,4.06,-59,9.25,
2026-09-21T13:33:18,1,1018.09,22.80,44.68,1.254,0.31,0.0070,25.9,4.11,-47,9.25,
2026-09-21T13:33:19,1,1017.98,22.78,44.68,1.257,0.57,0.0070,25.9,4.07,-46,9.75,
2026-09-21T13:33:21,1,1018.03,22.78,44.69,1.256,0.51,0.0070,25.9,4.11,-48,9.25,
2026-09-21T13:33:22,1,1018.11,22.78,44.70,1.256,0.44,0.0070,25.9,4.06,-48,9.50,
2026-09-21T13:33:23,1,1018.04,22.78,44.70,1.254,0.31,0.0070,25.9,4.11,-44,9.50,
2026-09-21T13:33:24,1,1017.91,22.78,44.69,1.256,0.44,0.0080,25.9,4.11,-46,9.50,
2026-09-21T13:33:25,1,1017.94,22.79,44.70,1.253,0.25,0.0080,25.9,4.07,-47,9.25,
2026-09-21T13:33:26,1,1017.94,22.80,44.71,1.255,0.38,0.0080,25.9,4.11,-47,9.50,
2026-09-21T13:33:27,1,1017.99,22.79,44.72,1.257,0.57,0.0070,25.9,4.07,-47,9.50,
2026-09-21T13:33:28,1,1017.86,22.77,44.70,1.254,0.31,0.0070,25.9,4.11,-47,9.50,
2026-09-21T13:33:30,1,1018.15,22.79,44.72,1.255,0.38,0.0070,25.9,4.07,-47,9.25,
2026-09-21T13:33:31,1,1017.97,22.78,44.71,1.256,0.44,0.0070,25.9,4.11,-47,9.50,
2026-09-21T13:33:32,1,1017.91,22.79,44.74,1.259,0.70,0.0070,25.9,4.07,-46,9.50,
2026-09-21T13:33:33,1,1018.02,22.78,44.70,1.255,0.38,0.0070,25.9,4.11,-44,9.25,
2026-09-21T13:33:34,1,1018.06,22.77,44.75,1.258,0.64,0.0070,25.9,4.06,-40,9.50,
2026-09-21T13:33:35,1,1017.96,22.79,44.70,1.255,0.38,0.0070,25.9,4.11,-42,9.50,
2026-09-21T13:33:36,1,1017.98,22.80,44.74,1.255,0.38,0.0070,25.9,4.05,-41,8.50,
2026-09-21T13:33:37,1,1017.95,22.80,44.75,1.256,0.44,0.0070,25.9,4.07,-47,9.75,
2026-09-21T13:33:42,1,1017.97,22.78,44.74,1.258,0.64,0.0070,25.9,4.07,-47,9.75,
2026-09-21T13:33:43,1,1018.07,22.78,44.73,1.255,0.38,0.0070,25.9,4.11,-47,9.50,
2026-09-21T13:33:44,1,1017.95,22.78,44.74,1.258,0.64,0.0060,25.9,4.06,-47,9.75,
2026-09-21T13:33:45,1,1018.04,22.76,44.75,1.255,0.38,0.0070,25.9,4.11,-47,9.25,
2026-09-21T13:33:46,1,1017.98,22.77,44.77,1.258,0.64,0.0070,25.9,4.07,-47,9.50,
2026-09-21T13:33:47,1,1017.90,22.78,44.76,1.250,-0.01,0.0070,25.9,4.11,-48,9.50,
2026-09-21T13:33:48,1,1017.89,22.77,44.78,1.256,0.51,0.0070,25.9,4.06,-47,9.75,
2026-09-21T13:33:50,1,1017.86,22.78,44.80,1.252,0.18,0.0070,25.9,4.11,-48,9.00,
2026-09-21T13:33:51,1,1017.92,22.77,44.75,1.258,0.64,0.0070,25.9,4.06,-47,9.75,
2026-09-21T13:33:52,1,1017.97,22.76,44.76,1.253,0.25,0.0070,25.9,4.07,-47,9.25,
2026-09-21T13:33:53,1,1018.08,22.78,44.76,1.250,-0.01,0.0070,25.9,4.11,-48,9.50,
2026-09-21T13:33:54,1,1017.93,22.76,44.79,1.257,0.57,0.0070,25.9,4.07,-47,9.25,
2026-09-21T13:33:55,1,1017.95,22.79,44.75,1.253,0.25,0.0070,25.9,4.11,-48,9.50,
2026-09-21T13:33:56,1,1018.08,22.76,44.78,1.259,0.70,0.0070,25.9,4.07,-46,9.50,
2026-09-21T13:33:57,1,1017.99,22.75,44.76,1.253,0.25,0.0070,25.9,4.11,-48,9.25,
2026-09-21T13:33:59,1,1017.86,22.76,44.79,1.256,0.51,0.0070,25.9,4.07,-47,9.50,
2026-09-21T13:34:00,1,1017.81,22.77,44.76,1.254,0.31,0.0070,25.9,4.11,-47,9.25,
2026-09-21T13:34:01,1,1017.95,22.77,44.77,1.259,0.70,0.0070,25.9,4.07,-47,10.00,
2026-09-21T13:34:02,1,1018.06,22.75,44.78,1.255,0.38,0.0070,25.9,4.11,-43,9.75,
2026-09-21T13:34:03,1,1017.97,22.77,44.78,1.258,0.64,0.0070,25.9,4.05,-46,9.75,
2026-09-21T13:34:04,1,1017.94,22.76,44.76,1.249,-0.07,0.0070,25.9,4.11,-45,9.50,
2026-09-21T13:34:05,1,1017.95,22.76,44.81,1.258,0.64,0.0070,25.9,4.06,-46,9.75,
2026-09-21T13:34:06,1,1017.90,22.76,44.78,1.256,0.44,0.0070,25.9,4.07,-47,9.50,
2026-09-21T13:34:07,1,1017.96,22.76,44.79,1.255,0.38,0.0070,25.9,4.11,-46,9.25,
2026-09-21T13:34:09,1,1018.02,22.76,44.80,1.265,1.22,0.0070,25.9,4.07,-46,9.75,
2026-09-21T13:34:10,1,1017.97,22.76,44.81,1.254,0.31,0.0070,25.9,4.11,-45,9.50,
2026-09-21T13:34:11,1,1017.87,22.77,44.80,1.256,0.44,0.0080,25.9,4.07,-46,9.75,
2026-09-21T13:34:12,1,1018.00,22.78,44.81,1.256,0.44,0.0080,25.9,4.11,-47,9.50,
2026-09-21T13:34:13,1,1017.98,22.76,44.80,1.257,0.57,0.0080,25.9,4.07,-45,9.75,
2026-09-21T13:34:14,1,1018.01,22.77,44.82,1.253,0.25,0.0080,25.9,4.11,-44,9.25,
2026-09-21T13:34:15,1,1018.05,22.76,44.84,1.255,0.38,0.0080,25.9,4.06,-44,9.50,
2026-09-21T13:34:16,1,1018.08,22.80,44.80,1.255,0.38,0.0080,25.9,4.11,-39,9.50,
2026-09-21T13:34:17,1,1017.98,22.79,44.82,1.260,0.76,0.0080,25.9,4.06,-39,8.25,
2026-09-21T13:34:19,1,1017.97,22.74,44.82,1.254,0.31,0.0080,25.9,4.11,-40,9.25,
2026-09-21T13:34:20,1,1018.09,22.75,44.80,1.260,0.76,0.0080,25.9,4.11,-44,9.50,
2026-09-21T13:34:24,1,1018.00,22.78,44.86,1.256,0.51,0.0080,25.9,4.11,-48,9.25,
2026-09-21T13:34:25,1,1017.99,22.77,44.82,1.260,0.76,0.0080,25.9,4.07,-50,9.50,
2026-09-21T13:34:26,1,1018.06,22.75,44.84,1.256,0.44,0.0070,25.9,4.11,-52,9.50,
2026-09-21T13:34:28,1,1017.92,22.76,44.84,1.259,0.70,0.0070,25.9,4.07,-49,9.75,
2026-09-21T13:34:29,1,1018.04,22.76,44.85,1.255,0.38,0.0070,25.9,4.11,-49,9.50,
2026-09-21T13:34:30,1,1018.00,22.76,44.87,1.259,0.70,0.0070,25.9,4.06,-49,9.50,
2026-09-21T13:34:31,1,1018.12,22.76,44.83,1.252,0.12,0.0070,25.9,4.11,-50,9.50,
2026-09-21T13:34:32,1,1018.00,22.78,44.84,1.258,0.64,0.0070,25.9,4.05,-53,9.50,
2026-09-21T13:34:33,1,1018.10,22.78,44.86,1.254,0.31,0.0070,25.9,4.07,-50,9.50,
2026-09-21T13:34:34,1,974.66,22.75,44.82,1.261,0.89,0.0060,25.9,4.11,-51,10.00,
2026-09-21T13:34:35,1,912.13,22.70,44.38,1.260,0.76,0.0060,25.9,4.07,-50,9.50,
2026-09-21T13:34:36,1,858.21,22.69,43.52,1.256,0.44,0.0060,25.9,4.11,-51,10.50,
2026-09-21T13:34:38,1,811.35,22.64,42.34,1.258,0.64,0.0060,25.9,4.07,-51,9.75,
2026-09-21T13:34:39,1,769.08,22.60,41.04,1.254,0.31,0.0060,25.9,4.11,-50,10.25,
2026-09-21T13:34:40,1,731.75,22.59,39.67,1.258,0.64,0.0060,25.9,4.07,-49,9.50,
2026-09-21T13:34:41,1,696.56,22.57,38.34,1.256,0.51,0.0060,25.9,4.11,-48,9.25,
2026-09-21T13:34:42,1,664.80,22.57,36.98,1.257,0.57,0.0060,25.9,4.06,-48,10.00,
2026-09-21T13:34:43,1,633.63,22.52,35.59,1.256,0.44,0.0060,25.9,4.11,-48,9.25,
2026-09-21T13:34:44,1,604.85,22.51,34.39,1.257,0.57,0.0070,25.9,4.06,-49,9.50,
2026-09-21T13:34:45,1,611.55,22.48,33.27,1.254,0.31,0.0070,25.9,4.11,-49,9.75,
2026-09-21T13:34:46,1,616.86,22.48,32.43,1.257,0.57,0.0080,25.9,4.11,-48,10.25,
2026-09-21T13:34:48,1,620.60,22.45,32.01,1.256,0.51,0.0090,25.9,4.07,-49,9.75,
2026-09-21T13:34:49,1,623.04,22.43,31.69,1.256,0.51,0.0100,25.9,4.11,-49,9.75,
2026-09-21T13:34:50,1,637.98,22.46,31.57,1.255,0.38,0.0120,25.9,4.07,-50,9.75,
2026-09-21T13:34:51,1,689.12,22.50,31.74,1.253,0.25,0.0130,25.9,4.11,-50,9.75,
2026-09-21T13:34:52,1,726.44,22.61,32.35,1.257,0.57,0.0140,25.9,4.07,-52,10.25,
2026-09-21T13:34:53,1,722.72,22.58,33.21,1.254,0.31,0.0150,25.9,4.11,-50,12.25,
2026-09-21T13:34:54,1,721.21,22.56,33.79,1.258,0.64,0.0160,25.9,4.06,-49,9.50,
2026-09-21T13:34:55,1,721.65,22.56,34.18,1.253,0.25,0.0170,25.9,4.11,-49,9.25,
2026-09-21T13:34:57,1,721.07,22.54,34.50,1.256,0.51,0.0170,25.9,4.05,-50,9.75,
2026-09-21T13:34:58,1,712.38,22.54,34.74,1.255,0.38,0.0160,25.9,4.11,-50,10.00,
2026-09-21T13:34:59,1,668.51,22.51,34.71,1.257,0.57,0.0170,25.9,4.06,-50,10.00,
2026-09-21T13:35:00,1,629.83,22.47,34.34,1.256,0.51,0.0170,25.9,4.07,-43,5.00,
2026-09-21T13:35:01,1,602.93,22.45,33.62,1.262,0.96,0.0170,25.9,4.11,-42,0.00,
2026-09-21T13:35:02,1,608.14,22.46,32.79,1.257,0.57,0.0170,25.9,4.07,-45,3.50,
2026-09-21T13:35:08,1,617.26,22.42,31.62,1.253,0.25,0.0120,25.9,4.11,-44,9.75,
2026-09-21T13:35:09,1,617.87,22.43,31.64,1.256,0.44,0.0110,25.9,4.07,-46,9.75,
2026-09-21T13:35:10,1,618.26,22.43,31.74,1.264,1.09,0.0100,25.9,4.11,-46,10.00,
2026-09-21T13:35:11,1,618.72,22.44,31.82,1.261,0.89,0.0080,25.9,4.06,-47,10.00,
2026-09-21T13:35:12,1,619.07,22.42,31.90,1.255,0.38,0.0070,25.9,4.11,-48,9.50,
2026-09-21T13:35:13,1,619.37,22.42,31.95,1.258,0.64,0.0050,25.9,4.11,-47,10.00,
2026-09-21T13:35:14,1,619.55,22.42,32.01,1.254,0.31,0.0050,25.9,4.07,-45,9.75,
2026-09-21T13:35:15,1,619.75,22.41,31.98,1.255,0.38,0.0040,25.9,4.11,-45,10.00,
2026-09-21T13:35:17,1,619.84,22.42,32.01,1.260,0.76,0.0040,25.9,4.07,-44,10.25,
2026-09-21T13:35:18,1,620.03,22.41,32.04,1.254,0.31,0.0040,25.9,4.11,-45,9.75,
2026-09-21T13:35:19,1,620.16,22.42,32.10,1.256,0.44,0.0040,25.9,4.07,-45,9.75,
2026-09-21T13:35:20,1,620.22,22.44,32.10,1.255,0.38,0.0040,25.9,4.11,-46,9.75,
2026-09-21T13:35:21,1,620.29,22.42,32.12,1.258,0.64,0.0030,25.9,4.06,-46,10.25,
2026-09-21T13:35:22,1,620.40,22.42,32.14,1.260,0.83,0.0030,25.9,4.11,-45,9.50,
2026-09-21T13:35:23,1,620.49,22.41,32.13,1.258,0.64,0.0030,25.9,4.06,-45,9.50,
2026-09-21T13:35:24,1,620.58,22.42,32.16,1.255,0.38,0.0020,25.9,4.11,-45,10.00,
2026-09-21T13:35:26,1,620.51,22.41,32.23,1.258,0.64,0.0020,25.9,4.06,-44,9.75,
2026-09-21T13:35:27,1,620.64,22.41,32.21,1.247,-0.20,0.0020,25.9,4.07,-45,9.75,
2026-09-21T13:35:28,1,620.64,22.42,32.24,1.256,0.51,0.0020,25.9,4.11,-45,12.25,
2026-09-21T13:35:29,1,620.62,22.41,32.25,1.258,0.64,0.0020,25.9,4.07,-45,9.75,
2026-09-21T13:35:30,1,620.73,22.43,32.30,1.255,0.38,0.0020,25.9,4.11,-44,9.75,
2026-09-21T13:35:31,1,620.86,22.40,32.30,1.260,0.76,0.0020,25.9,4.07,-45,9.50,
2026-09-21T13:35:32,1,620.89,22.42,32.31,1.253,0.25,0.0020,25.9,4.11,-44,9.75,
2026-09-21T13:35:33,1,620.90,22.41,32.35,1.256,0.51,0.0010,25.9,4.07,-45,9.50,
2026-09-21T13:35:34,1,620.96,22.39,32.36,1.256,0.44,0.0010,25.9,4.11,-44,10.00,
2026-09-21T13:35:36,1,620.99,22.41,32.32,1.256,0.44,0.0010,25.9,4.06,-44,9.75,
2026-09-21T13:35:37,1,620.93,22.41,32.35,1.253,0.25,0.0010,25.9,4.11,-45,9.75,
2026-09-21T13:35:38,1,621.01,22.41,32.39,1.259,0.70,0.0010,25.9,4.06,-48,10.00,
2026-09-21T13:35:39,1,621.01,22.42,32.40,1.254,0.31,0.0010,25.9,4.11,-44,9.75,
2026-09-21T13:35:40,1,621.00,22.42,32.40,1.259,0.70,0.0010,25.9,4.11,-45,9.75,
2026-09-21T13:35:41,1,621.07,22.41,32.38,1.256,0.44,0.0010,25.9,4.07,-44,10.25,
2026-09-21T13:35:42,1,621.22,22.42,32.40,1.252,0.12,0.0020,25.9,4.11,-44,9.75,
2026-09-21T13:35:43,1,621.08,22.41,32.40,1.258,0.64,0.0020,25.9,4.07,-42,10.00,
2026-09-21T13:35:44,1,621.08,22.41,32.45,1.253,0.25,0.0020,25.9,4.11,-41,9.50,
2026-09-21T13:35:46,1,621.15,22.42,32.47,1.257,0.57,0.0020,25.9,4.07,-39,9.25,
2026-09-21T13:35:51,1,621.21,22.43,32.55,1.254,0.31,0.0020,25.9,4.11,-45,9.75,
2026-09-21T13:35:52,1,621.19,22.42,32.53,1.256,0.51,0.0030,25.9,4.05,-44,9.50,
2026-09-21T13:35:53,1,621.31,22.41,32.51,1.254,0.31,0.0030,25.9,4.07,-46,10.00,
2026-09-21T13:35:55,1,621.38,22.42,32.57,1.256,0.44,0.0030,25.9,4.11,-47,9.25,
2026-09-21T13:35:56,1,621.36,22.41,32.58,1.256,0.51,0.0030,25.9,4.07,-50,10.00,
2026-09-21T13:35:57,1,621.34,22.43,32.63,1.254,0.31,0.0030,25.9,4.11,-46,10.00,
2026-09-21T13:35:58,1,621.37,22.43,32.59,1.257,0.57,0.0030,25.9,4.07,-48,9.50,
2026-09-21T13:35:59,1,621.38,22.42,32.61,1.254,0.31,0.0030,25.9,4.11,-49,9.50,
2026-09-21T13:36:00,1,621.38,22.42,32.64,1.258,0.64,0.0030,25.9,4.06,-48,9.50,
2026-09-21T13:36:01,1,621.32,22.42,32.68,1.256,0.51,0.0030,25.9,4.11,-50,9.75,
2026-09-21T13:36:02,1,621.37,22.43,32.72,1.259,0.70,0.0030,25.9,4.06,-50,9.50,
2026-09-21T13:36:03,1,621.43,22.41,32.69,1.256,0.51,0.0030,25.9,4.10,-50,10.00,
2026-09-21T13:36:05,1,621.38,22.42,32.71,1.257,0.57,0.0030,25.9,4.06,-53,9.50,
2026-09-21T13:36:06,1,621.38,22.42,32.75,1.256,0.51,0.0030,25.9,4.10,-48,9.50,
2026-09-21T13:36:07,1,621.36,22.42,32.79,1.258,0.64,0.0030,25.9,4.11,-49,9.75,
2026-09-21T13:36:08,1,621.46,22.43,32.80,1.253,0.25,0.0030,25.9,4.07,-46,10.00,
2026-09-21T13:36:09,1,621.55,22.43,32.82,1.254,0.31,0.0030,25.9,4.11,-46,10.25,
2026-09-21T13:36:10,1,621.47,22.42,32.80,1.258,0.64,0.0030,25.9,4.07,-55,9.50,
2026-09-21T13:36:11,1,621.54,22.43,32.83,1.255,0.38,0.0020,25.9,4.11,-51,9.75,
2026-09-21T13:36:12,1,621.46,22.43,32.86,1.259,0.70,0.0020,25.9,4.06,-47,9.75,
2026-09-21T13:36:13,1,621.53,22.42,32.87,1.256,0.51,0.0020,25.9,4.11,-54,10.00,
2026-09-21T13:36:15,1,621.47,22.41,32.88,1.257,0.57,0.0020,25.9,4.06,-47,10.00,
2026-09-21T13:36:16,1,621.48,22.43,32.89,1.253,0.25,0.0020,25.9,4.11,-47,9.75,
2026-09-21T13:36:17,1,621.48,22.42,32.92,1.256,0.44,0.0020,25.9,4.06,-48,9.50,
2026-09-21T13:36:18,1,621.56,22.43,32.93,1.254,0.31,0.0030,25.9,4.11,-49,11.25,
2026-09-21T13:36:19,1,621.51,22.42,32.96,1.259,0.70,0.0020,25.9,4.04,-49,9.75,
2026-09-21T13:36:20,1,621.50,22.43,32.98,1.252,0.12,0.0020,25.9,4.07,-49,9.50,
2026-09-21T13:36:21,1,621.64,22.42,32.96,1.256,0.44,0.0020,25.9,4.11,-50,9.75,
2026-09-21T13:36:22,1,621.56,22.42,32.98,1.257,0.57,0.0030,25.9,4.06,-48,10.25,
2026-09-21T13:36:24,1,621.63,22.43,33.04,1.258,0.64,0.0020,25.9,4.11,-49,12.25,
2026-09-21T13:36:25,1,621.60,22.43,33.04,1.256,0.51,0.0020,25.9,4.07,-50,9.50,
2026-09-21T13:36:26,1,621.62,22.44,33.02,1.256,0.44,0.0020,25.9,4.11,-42,9.00,
2026-09-21T13:36:27,1,621.59,22.41,33.06,1.258,0.64,0.0020,25.9,4.06,-42,6.25,
2026-09-21T13:36:28,1,621.61,22.45,33.07,1.257,0.57,0.0020,25.9,4.11,-43,4.50,
2026-09-21T13:36:29,1,621.64,22.42,33.08,1.256,0.51,0.0020,25.9,4.06,-51,2.50,
2026-09-21T13:36:34,1,621.70,22.45,33.14,1.257,0.57,0.0020,25.9,4.11,-47,9.50,
2026-09-21T13:36:35,1,621.64,22.46,33.19,1.256,0.44,0.0020,25.9,4.07,-49,9.50,
2026-09-21T13:36:36,1,621.69,22.46,33.16,1.256,0.44,0.0020,25.9,4.11,-52,9.25,
2026-09-21T13:36:37,1,621.61,22.43,33.19,1.256,0.44,0.0020,25.9,4.07,-49,9.75,
2026-09-21T13:36:38,1,621.68,22.44,33.21,1.255,0.38,0.0020,25.9,4.11,-44,9.75,
2026-09-21T13:36:39,1,621.65,22.45,33.23,1.258,0.64,0.0020,25.9,4.07,-45,9.75,
2026-09-21T13:36:40,1,621.57,22.42,33.19,1.255,0.38,0.0020,25.9,4.11,-45,10.00,
2026-09-21T13:36:41,1,621.68,22.45,33.20,1.259,0.70,0.0020,25.9,4.07,-45,9.75,
2026-09-21T13:36:42,1,621.68,22.43,33.29,1.255,0.38,0.0020,25.9,4.11,-46,9.75,
2026-09-21T13:36:44,1,621.68,22.44,33.24,1.257,0.57,0.0020,25.9,4.06,-54,9.75,
2026-09-21T13:36:45,1,621.64,22.45,33.25,1.253,0.25,0.0020,25.9,4.11,-52,9.75,
2026-09-21T13:36:46,1,621.77,22.43,33.27,1.258,0.64,0.0020,25.9,4.05,-45,9.75,
2026-09-21T13:36:47,1,621.70,22.46,33.27,1.256,0.51,0.0020,25.9,4.07,-48,9.75,
2026-09-21T13:36:48,1,621.73,22.45,33.28,1.258,0.64,0.0020,25.9,4.11,-48,9.50,
2026-09-21T13:36:49,1,621.83,22.46,33.30,1.256,0.51,0.0020,25.9,4.07,-48,9.75,
2026-09-21T13:36:50,1,621.72,22.46,33.29,1.256,0.44,0.0020,25.9,4.11,-48,9.25,
2026-09-21T13:36:51,1,621.81,22.45,33.31,1.258,0.64,0.0020,25.9,4.06,-48,9.50,
2026-09-21T13:36:53,1,621.74,22.44,33.34,1.256,0.44,0.0020,25.9,4.11,-49,9.75,
2026-09-21T13:36:54,1,621.86,22.44,33.36,1.256,0.51,0.0020,25.9,4.07,-49,10.00,
2026-09-21T13:36:55,1,621.74,22.44,33.35,1.254,0.31,0.0020,25.9,4.11,-50,9.75,
2026-09-21T13:36:56,1,621.88,22.46,33.36,1.256,0.51,0.0020,25.9,4.06,-47,9.25,
2026-09-21T13:36:57,1,621.77,22.44,33.35,1.256,0.44,0.0020,25.9,4.11,-49,10.00,
2026-09-21T13:36:58,1,621.82,22.43,33.42,1.259,0.70,0.0020,25.9,4.06,-48,9.25,
2026-09-21T13:36:59,1,621.88,22.44,33.40,1.255,0.38,0.0020,25.9,4.11,-49,9.50,
2026-09-21T13:37:00,1,621.84,22.47,33.44,1.258,0.64,0.0020,25.9,4.11,-49,9.75,
2026-09-21T13:37:01,1,621.74,22.45,33.43,1.255,0.38,0.0020,25.9,4.07,-46,9.50,
2026-09-21T13:37:03,1,621.82,22.47,33.42,1.258,0.64,0.0020,25.9,4.11,-49,9.75,
2026-09-21T13:37:04,1,621.79,22.45,33.44,1.256,0.51,0.0020,25.9,4.07,-49,10.00,
2026-09-21T13:37:05,1,621.86,22.46,33.45,1.252,0.12,0.0020,25.9,4.11,-48,9.75,
2026-09-21T13:37:06,1,621.87,22.46,33.45,1.258,0.64,0.0020,25.9,4.07,-49,9.50,
2026-09-21T13:37:07,1,621.82,22.46,33.47,1.254,0.31,0.0020,25.9,4.11,-47,9.75,
2026-09-21T13:37:08,1,621.86,22.47,33.49,1.257,0.57,0.0020,25.9,4.07,-49,9.75,
2026-09-21T13:37:09,1,621.90,22.46,33.50,1.255,0.38,0.0020,25.9,4.11,-45,7.50,
2026-09-21T13:37:10,1,621.86,22.45,33.51,1.256,0.51,0.0020,25.9,4.06,-45,7.25,
2026-09-21T13:37:11,1,621.85,22.45,33.51,1.256,0.44,0.0020,25.9,4.11,-50,1.50,
2026-09-21T13:37:17,1,621.87,22.46,33.56,1.256,0.44,0.0020,25.9,4.11,-49,9.75,
2026-09-21T13:37:18,1,621.87,22.48,33.54,1.257,0.57,0.0030,25.9,4.07,-51,10.00,
2026-09-21T13:37:19,1,621.82,22.47,33.56,1.256,0.51,0.0030,25.9,4.11,-50,9.75,
2026-09-21T13:37:20,1,621.90,22.48,33.60,1.259,0.70,0.0020,25.9,4.07,-57,10.00,
2026-09-21T13:37:22,1,621.89,22.45,33.56,1.252,0.18,0.0020,25.9,4.11,-61,9.75,
2026-09-21T13:37:23,1,621.91,22.46,33.60,1.259,0.70,0.0020,25.9,4.06,-62,9.75,
2026-09-21T13:37:24,1,621.91,22.46,33.62,1.253,0.25,0.0030,25.9,4.11,-59,9.50,
2026-09-21T13:37:25,1,621.97,22.46,33.60,1.258,0.64,0.0020,25.9,4.06,-54,9.50,
2026-09-21T13:37:26,1,621.92,22.47,33.60,1.256,0.51,0.0020,25.9,4.11,-57,10.00,
2026-09-21T13:37:27,1,621.97,22.46,33.62,1.258,0.64,0.0020,25.9,4.10,-55,10.00,
2026-09-21T13:37:28,1,621.91,22.47,33.63,1.255,0.38,0.0020,25.9,4.07,-55,9.75,
2026-09-21T13:37:29,1,621.90,22.47,33.65,1.252,0.12,0.0020,25.9,4.11,-53,9.25,
2026-09-21T13:37:30,1,621.88,22.47,33.68,1.257,0.57,0.0020,25.9,4.07,-53,9.50,
2026-09-21T13:37:32,1,621.95,22.46,33.69,1.254,0.31,0.0030,25.9,4.11,-52,10.00,
2026-09-21T13:37:33,1,621.97,22.47,33.72,1.256,0.51,0.0030,25.9,4.07,-54,9.75,
2026-09-21T13:37:34,1,621.95,22.47,33.71,1.254,0.31,0.0020,25.9,4.11,-49,9.50,
2026-09-21T13:37:35,1,622.02,22.46,33.71,1.258,0.64,0.0030,25.9,4.07,-58,9.50,
2026-09-21T13:37:36,1,621.98,22.45,33.70,1.256,0.51,0.0020,25.9,4.11,-52,10.00,
2026-09-21T13:37:37,1,622.10,22.48,33.75,1.256,0.51,0.0020,25.9,4.06,-52,9.75,
2026-09-21T13:37:38,1,621.95,22.46,33.76,1.255,0.38,0.0020,25.9,4.11,-54,9.75,
2026-09-21T13:37:39,1,622.04,22.47,33.80,1.258,0.64,0.0020,25.9,4.06,-53,9.75,
2026-09-21T13:37:40,1,622.02,22.46,33.75,1.256,0.44,0.0020,25.9,4.11,-50,9.75,
2026-09-21T13:37:42,1,622.01,22.46,33.77,1.259,0.70,0.0020,25.9,4.11,-53,9.75,
2026-09-21T13:37:43,1,621.94,22.49,33.75,1.258,0.64,0.0020,25.9,4.07,-54,9.75,
2026-09-21T13:37:44,1,622.00,22.46,33.81,1.256,0.44,0.0020,25.9,4.11,-50,9.75,
2026-09-21T13:37:45,1,621.97,22.49,33.79,1.256,0.44,0.0030,25.9,4.07,-50,10.00,
2026-09-21T13:37:46,1,622.00,22.46,33.83,1.253,0.25,0.0020,25.9,4.11,-50,9.75,
2026-09-21T13:37:47,1,621.95,22.47,33.77,1.258,0.64,0.0020,25.9,4.07,-57,10.25,
2026-09-21T13:37:48,1,622.01,22.48,33.82,1.256,0.44,0.0030,25.9,4.11,-58,9.75,
2026-09-21T13:37:49,1,621.98,22.45,33.76,1.258,0.64,0.0020,25.9,4.07,-55,10.00,
2026-09-21T13:37:51,1,622.02,22.46,33.85,1.256,0.44,0.0020,25.9,4.11,-59,9.50,
2026-09-21T13:37:52,1,622.02,22.46,33.86,1.264,1.15,0.0020,25.9,4.06,-58,10.00,
2026-09-21T13:37:59,1,631.75,22.48,33.90,1.257,0.57,0.0020,25.9,4.06,-47,9.75,
2026-09-21T13:38:01,1,622.08,22.48,33.87,1.253,0.25,0.0020,25.9,4.11,-47,9.25,
2026-09-21T13:38:02,1,622.05,22.48,33.97,1.257,0.57,0.0020,25.9,4.07,-44,10.00,
2026-09-21T13:38:03,1,622.05,22.48,33.95,1.255,0.38,0.0030,25.9,4.11,-45,9.75,
2026-09-21T13:38:04,1,622.15,22.48,34.01,1.256,0.51,0.0030,25.9,4.06,-47,10.00,
2026-09-21T13:38:05,1,622.12,22.45,33.98,1.255,0.38,0.0030,25.9,4.11,-44,9.75,
2026-09-21T13:38:06,1,622.12,22.47,33.95,1.257,0.57,0.0030,25.9,4.05,-44,10.00,
2026-09-21T13:38:07,1,622.13,22.49,33.96,1.254,0.31,0.0030,25.9,4.11,-44,9.75,
2026-09-21T13:38:08,1,622.22,22.46,33.96,1.256,0.44,0.0030,25.9,4.11,-44,9.50,
2026-09-21T13:38:09,1,622.17,22.45,34.02,1.256,0.44,0.0030,25.9,4.07,-46,9.75,
2026-09-21T13:38:11,1,622.04,22.48,34.00,1.256,0.44,0.0030,25.9,4.11,-45,10.00,
2026-09-21T13:38:12,1,622.14,22.48,34.01,1.256,0.51,0.0030,25.9,4.07,-45,9.75,
2026-09-21T13:38:13,1,622.17,22.46,34.02,1.254,0.31,0.0030,25.9,4.11,-44,9.75,
2026-09-21T13:38:14,1,622.12,22.48,34.01,1.256,0.51,0.0030,25.9,4.07,-45,9.75,
2026-09-21T13:38:15,1,622.23,22.47,34.05,1.255,0.38,0.0030,25.9,4.11,-44,9.75,
2026-09-21T13:38:16,1,622.16,22.48,34.04,1.259,0.70,0.0030,25.9,4.07,-45,9.50,
2026-09-21T13:38:17,1,622.15,22.47,34.05,1.254,0.31,0.0030,25.9,4.11,-45,10.00,
2026-09-21T13:38:18,1,622.08,22.48,34.07,1.256,0.44,0.0030,25.9,4.06,-45,9.75,
2026-09-21T13:38:20,1,622.23,22.47,34.07,1.255,0.38,0.0030,25.9,4.11,-45,10.00,
2026-09-21T13:38:21,1,622.04,22.46,34.10,1.257,0.57,0.0030,25.9,4.05,-45,10.00,
2026-09-21T13:38:22,1,622.17,22.46,34.11,1.253,0.25,0.0030,25.9,4.07,-48,9.75,
2026-09-21T13:38:23,1,622.21,22.49,34.10,1.258,0.64,0.0020,25.9,4.11,-44,10.00,
2026-09-21T13:38:24,1,622.19,22.48,34.13,1.257,0.57,0.0020,25.9,4.07,-44,10.00,
2026-09-21T13:38:25,1,622.18,22.48,34.08,1.256,0.51,0.0020,25.9,4.11,-44,9.75,
2026-09-21T13:38:26,1,622.17,22.49,34.15,1.257,0.57,0.0020,25.9,4.07,-46,9.75,
2026-09-21T13:38:27,1,622.17,22.48,34.17,1.254,0.31,0.0020,25.9,4.11,-45,9.75,
2026-09-21T13:38:28,1,622.18,22.46,34.14,1.258,0.64,0.0020,25.9,4.07,-46,10.00,
2026-09-21T13:38:30,1,622.20,22.49,34.14,1.256,0.51,0.0020,25.9,4.11,-50,9.75,
2026-09-21T13:38:31,1,622.14,22.47,34.17,1.250,-0.01,0.0020,25.9,4.06,-48,9.25,
2026-09-21T13:38:32,1,622.18,22.49,34.22,1.254,0.31,0.0020,25.9,4.11,-47,9.75,
2026-09-21T13:38:33,1,622.12,22.48,34.22,1.257,0.57,0.0020,25.9,4.06,-50,9.75,
2026-09-21T13:38:34,1,622.22,22.47,34.21,1.256,0.44,0.0020,25.9,4.11,-49,9.75,
2026-09-21T13:38:35,1,622.24,22.48,34.20,1.256,0.44,0.0020,25.9,4.09,-50,9.75,
2026-09-21T13:38:36,1,622.14,22.48,34.24,1.255,0.38,0.0020,25.9,4.06,-42,3.50,
2026-09-21T13:38:37,1,622.20,22.49,34.25,1.256,0.51,0.0020,25.9,4.10,-41,2.00,
2026-09-21T13:38:38,1,622.27,22.48,34.23,1.258,0.64,0.0020,25.9,4.07,-41,3.75,
2026-09-21T13:38:43,1,631.82,22.48,34.25,1.257,0.57,0.0030,25.9,4.06,-49,10.00,
2026-09-21T13:38:44,1,622.25,22.48,34.24,1.254,0.31,0.0030,25.9,4.11,-49,12.25,
2026-09-21T13:38:45,1,622.20,22.47,34.27,1.258,0.64,0.0030,25.9,4.06,-49,9.75,
2026-09-21T13:38:46,1,622.15,22.47,34.30,1.254,0.31,0.0030,25.9,4.11,-49,9.75,
2026-09-21T13:38:47,1,622.33,22.48,34.29,1.257,0.57,0.0030,25.9,4.05,-50,9.75,
2026-09-21T13:38:49,1,622.27,22.49,34.32,1.256,0.51,0.0030,25.9,4.11,-51,10.00,
2026-09-21T13:38:50,1,622.28,22.49,34.33,1.257,0.57,0.0030,25.9,4.11,-50,10.00,
2026-09-21T13:38:51,1,622.23,22.48,34.31,1.258,0.64,0.0030,25.9,4.07,-47,9.75,
2026-09-21T13:38:52,1,622.22,22.51,34.34,1.254,0.31,0.0030,25.9,4.11,-49,9.75,
2026-09-21T13:38:53,1,622.30,22.47,34.31,1.257,0.57,0.0030,25.9,4.07,-50,9.75,
2026-09-21T13:38:54,1,622.25,22.48,34.32,1.255,0.38,0.0030,25.9,4.11,-50,9.75,
2026-09-21T13:38:55,1,622.27,22.48,34.34,1.257,0.57,0.0030,25.9,4.07,-50,9.75,
2026-09-21T13:38:56,1,622.30,22.48,34.37,1.254,0.31,0.0030,25.9,4.11,-50,9.75,
2026-09-21T13:38:57,1,622.29,22.47,34.35,1.257,0.57,0.0020,25.9,4.06,-49,9.50,
2026-09-21T13:38:59,1,622.28,22.47,34.38,1.258,0.64,0.0020,25.9,4.10,-49,9.25,
2026-09-21T13:39:00,1,622.21,22.49,34.37,1.257,0.57,0.0020,25.9,4.06,-49,9.75,
2026-09-21T13:39:01,1,622.36,22.47,34.41,1.256,0.44,0.0020,25.9,4.11,-51,9.75,
2026-09-21T13:39:02,1,622.27,22.48,34.40,1.258,0.64,0.0020,25.9,4.06,-50,9.75,
2026-09-21T13:39:03,1,622.29,22.47,34.43,1.254,0.31,0.0020,25.9,4.07,-48,10.25,
2026-09-21T13:39:04,1,622.25,22.50,34.42,1.255,0.38,0.0020,25.9,4.11,-49,9.75,
2026-09-21T13:39:05,1,622.24,22.48,34.42,1.264,1.09,0.0010,25.9,4.07,-48,9.50,
2026-09-21T13:39:06,1,622.26,22.49,34.44,1.256,0.44,0.0010,25.9,4.11,-48,9.75,
2026-09-21T13:39:07,1,622.28,22.48,34.47,1.256,0.51,0.0010,25.9,4.06,-49,10.25,
2026-09-21T13:39:09,1,622.36,22.48,34.47,1.258,0.64,0.0020,25.9,4.11,-47,9.50,
2026-09-21T13:39:10,1,622.30,22.51,34.46,1.258,0.64,0.0020,25.9,4.06,-49,10.00,
2026-09-21T13:39:11,1,622.37,22.51,34.49,1.253,0.25,0.0020,25.9,4.11,-48,9.50,
2026-09-21T13:39:12,1,622.31,22.48,34.49,1.256,0.51,0.0020,25.9,4.06,-45,9.75,
2026-09-21T13:39:13,1,622.29,22.50,34.50,1.253,0.25,0.0020,25.9,4.11,-48,9.25,
2026-09-21T13:39:14,1,622.29,22.50,34.50,1.258,0.64,0.0020,25.9,4.06,-49,10.00,
2026-09-21T13:39:15,1,622.35,22.47,34.51,1.256,0.44,0.0020,25.9,4.11,-49,9.75,
2026-09-21T13:39:16,1,622.40,22.47,34.50,1.259,0.70,0.0020,25.9,4.11,-49,9.50,
2026-09-21T13:39:18,1,622.32,22.47,34.52,1.256,0.44,0.0020,25.9,4.07,-48,12.00,
2026-09-21T13:39:19,1,622.30,22.48,34.54,1.256,0.44,0.0020,25.9,4.11,-39,9.25,
2026-09-21T13:39:20,1,622.24,22.48,34.51,1.257,0.57,0.0020,25.9,4.07,-40,6.25,
2026-09-21T13:39:21,1,622.36,22.48,34.57,1.252,0.18,0.0020,25.9,4.11,-41,7.50,
2026-09-21T13:39:22,1,622.33,22.49,34.58,1.256,0.51,0.0020,25.9,4.06,-47,8.50,
2026-09-21T13:39:26,1,622.19,22.50,34.59,1.257,0.57,0.0030,25.9,4.06,-57,9.75,
2026-09-21T13:39:28,1,622.32,22.48,34.59,1.256,0.51,0.0030,25.9,4.11,-55,9.75,
2026-09-21T13:39:29,1,622.44,22.49,34.60,1.256,0.51,0.0020,25.9,4.06,-65,9.25,
2026-09-21T13:39:30,1,622.29,22.50,34.65,1.254,0.31,0.0030,25.9,4.07,-53,9.50,
2026-09-21T13:39:31,1,622.36,22.48,34.60,1.258,0.64,0.0030,25.9,4.11,-50,9.75,
2026-09-21T13:39:32,1,622.40,22.49,34.67,1.260,0.76,0.0030,25.9,4.07,-49,10.00,
2026-09-21T13:39:33,1,622.32,22.49,34.65,1.254,0.31,0.0030,25.9,4.11,-48,9.50,
2026-09-21T13:39:34,1,622.39,22.49,34.67,1.257,0.57,0.0030,25.9,4.06,-49,10.00,
2026-09-21T13:39:35,1,622.39,22.48,34.69,1.255,0.38,0.0030,25.9,4.11,-50,9.75,
2026-09-21T13:39:37,1,622.36,22.48,34.68,1.259,0.70,0.0030,25.9,4.07,-53,9.75,
2026-09-21T13:39:38,1,622.34,22.49,34.67,1.256,0.44,0.0030,25.9,4.11,-53,9.50,
2026-09-21T13:39:39,1,622.45,22.48,34.67,1.256,0.44,0.0030,25.9,4.06,-54,10.00,
2026-09-21T13:39:40,1,622.36,22.46,34.68,1.260,0.76,0.0030,25.9,4.11,-55,10.00,
2026-09-21T13:39:41,1,622.38,22.47,34.67,1.257,0.57,0.0030,25.9,4.06,-57,9.50,
2026-09-21T13:39:42,1,622.42,22.48,34.71,1.254,0.31,0.0040,25.9,4.11,-55,9.75,
2026-09-21T13:39:43,1,622.37,22.48,34.76,1.259,0.70,0.0040,25.9,4.11,-59,9.75,
2026-09-21T13:39:44,1,622.38,22.49,34.72,1.255,0.38,0.0040,25.9,4.07,-55,10.00,
2026-09-21T13:39:45,1,622.32,22.50,34.75,1.261,0.89,0.0040,25.9,4.10,-46,9.75,
2026-09-21T13:39:47,1,622.32,22.50,34.75,1.256,0.44,0.0040,25.9,4.07,-52,10.00,
2026-09-21T13:39:48,1,622.42,22.50,34.74,1.255,0.38,0.0040,25.9,4.11,-56,9.75,
2026-09-21T13:39:49,1,622.44,22.50,34.79,1.260,0.76,0.0040,25.9,4.07,-53,9.75,
2026-09-21T13:39:50,1,622.40,22.50,34.75,1.254,0.31,0.0040,25.9,4.11,-54,9.75,
2026-09-21T13:39:51,1,622.41,22.48,34.76,1.257,0.57,0.0030,25.9,4.07,-49,10.00,
2026-09-21T13:39:52,1,622.48,22.50,34.76,1.246,-0.33,0.0040,25.9,4.10,-50,9.50,
2026-09-21T13:39:53,1,622.43,22.50,34.78,1.256,0.51,0.0030,25.9,4.07,-48,9.50,
2026-09-21T13:39:54,1,622.48,22.49,34.81,1.258,0.64,0.0030,25.9,4.11,-48,9.50,
2026-09-21T13:39:55,1,622.50,22.49,34.79,1.258,0.64,0.0030,25.9,4.06,-50,9.75,
2026-09-21T13:39:57,1,622.49,22.50,34.76,1.253,0.25,0.0030,25.9,4.07,-50,9.75,
2026-09-21T13:39:58,1,622.64,22.50,34.80,1.260,0.76,0.0030,25.9,4.10,-48,10.00,
2026-09-21T13:39:59,1,622.49,22.49,34.78,1.258,0.64,0.0030,25.9,4.07,-52,10.00,
2026-09-21T13:40:00,1,622.43,22.50,34.81,1.256,0.51,0.0030,25.9,4.11,-49,9.75,
2026-09-21T13:40:01,1,622.34,22.50,34.87,1.260,0.83,0.0030,25.9,4.07,-50,10.25,
2026-09-21T13:40:02,1,622.44,22.50,34.81,1.255,0.38,0.0030,25.9,4.10,-40,4.25,
2026-09-21T13:40:03,1,622.42,22.48,34.86,1.258,0.64,0.0020,25.9,4.06,-41,1.75,
2026-09-21T13:40:04,1,622.49,22.48,34.84,1.256,0.51,0.0020,25.9,4.11,-41,0.75,
2026-09-21T13:40:10,1,622.50,22.48,34.86,1.257,0.57,0.0020,25.9,4.11,-49,9.75,
2026-09-21T13:40:11,1,622.38,22.48,34.87,1.256,0.44,0.0030,25.9,4.06,-49,9.50,
2026-09-21T13:40:12,1,622.48,22.50,34.91,1.252,0.18,0.0030,25.9,4.11,-50,9.75,
2026-09-21T13:40:13,1,622.46,22.48,34.90,1.256,0.44,0.0030,25.9,4.07,-50,9.75,
2026-09-21T13:40:14,1,622.42,22.49,34.91,1.255,0.38,0.0030,25.9,4.11,-49,9.75,
2026-09-21T13:40:16,1,622.44,22.48,34.92,1.259,0.70,0.0030,25.9,4.06,-50,9.75,
2026-09-21T13:40:17,1,622.48,22.50,34.92,1.252,0.12,0.0030,25.9,4.10,-49,10.25,
2026-09-21T13:40:18,1,622.50,22.49,34.93,1.258,0.64,0.0030,25.9,4.07,-48,10.00,
2026-09-21T13:40:19,1,622.48,22.50,34.95,1.254,0.31,0.0030,25.9,4.11,-48,9.50,
2026-09-21T13:40:20,1,622.43,22.51,34.95,1.258,0.64,0.0030,25.9,4.06,-49,10.00,
2026-09-21T13:40:22,1,622.36,22.48,34.94,1.257,0.57,0.0030,25.9,4.05,-50,9.75,
2026-09-21T13:40:23,1,622.41,22.50,34.97,1.254,0.31,0.0030,25.9,4.07,-50,9.75,
2026-09-21T13:40:24,1,622.42,22.48,35.01,1.260,0.83,0.0030,25.9,4.11,-50,9.50,
2026-09-21T13:40:26,1,622.47,22.48,34.97,1.256,0.51,0.0030,25.9,4.07,-49,9.75,
2026-09-21T13:40:27,1,622.52,22.48,34.98,1.255,0.38,0.0030,25.9,4.11,-50,9.75,
2026-09-21T13:40:28,1,622.44,22.50,34.98,1.258,0.64,0.0030,25.9,4.07,-50,11.00,
2026-09-21T13:40:29,1,622.50,22.49,35.02,1.256,0.51,0.0030,25.9,4.11,-50,9.75,
2026-09-21T13:40:30,1,622.43,22.47,35.02,1.256,0.51,0.0030,25.9,4.07,-52,9.75,
2026-09-21T13:40:31,1,622.54,22.48,35.02,1.256,0.51,0.0030,25.9,4.11,-52,9.75,
2026-09-21T13:40:32,1,622.54,22.50,35.04,1.255,0.38,0.0030,25.9,4.06,-49,9.75,
2026-09-21T13:40:33,1,622.49,22.48,35.06,1.256,0.51,0.0030,25.9,4.11,-49,9.75,
2026-09-21T13:40:34,1,622.45,22.48,35.04,1.257,0.57,0.0040,25.9,4.06,-49,9.75,
2026-09-21T13:40:36,1,622.51,22.48,35.03,1.255,0.38,0.0040,25.9,4.11,-48,9.50,
2026-09-21T13:40:37,1,622.47,22.49,35.12,1.260,0.76,0.0040,25.9,4.11,-49,10.00,
2026-09-21T13:40:38,1,622.57,22.49,35.05,1.256,0.44,0.0040,25.9,4.06,-50,9.75,
2026-09-21T13:40:39,1,622.54,22.49,35.09,1.256,0.44,0.0040,25.9,4.11,-55,10.00,
2026-09-21T13:40:40,1,622.51,22.50,35.08,1.256,0.51,0.0040,25.9,4.06,-48,11.75,
2026-09-21T13:40:41,1,622.47,22.48,35.08,1.256,0.51,0.0040,25.9,4.11,-55,10.25,
2026-09-21T13:40:42,1,622.36,22.50,35.12,1.258,0.64,0.0040,25.9,4.06,-54,9.50,
2026-09-21T13:40:43,1,625.12,22.49,35.09,1.256,0.44,0.0040,25.9,4.11,-55,9.50,
2026-09-21T13:40:45,1,624.93,22.49,35.13,1.258,0.64,0.0040,25.9,4.06,-50,10.00,
2026-09-21T13:40:47,1,624.80,22.50,35.17,1.255,0.38,0.0040,25.9,4.06,-43,-1.50,
2026-09-21T13:40:48,1,624.84,22.50,35.24,1.254,0.31,0.0050,25.9,4.11,-42,4.25,
2026-09-21T13:40:52,1,660.73,22.54,35.38,1.254,0.31,0.0130,25.9,4.07,-66,9.25,
2026-09-21T13:40:53,1,651.72,22.52,35.41,1.257,0.57,0.0160,25.9,4.11,-50,9.50,
2026-09-21T13:40:55,1,653.03,22.53,35.53,1.260,0.76,0.0410,25.9,4.07,-56,9.75,
2026-09-21T13:40:56,1,654.38,22.52,35.58,1.258,0.64,0.0960,25.9,4.11,-55,10.00,
2026-09-21T13:40:57,1,655.92,22.52,35.61,1.263,1.02,0.1620,25.9,4.06,-57,10.75,
2026-09-21T13:40:58,1,657.25,22.52,35.69,1.264,1.09,0.2380,25.9,4.11,-57,10.00,
2026-09-21T13:40:59,1,658.78,22.52,35.75,1.264,1.15,0.3330,25.9,4.06,-60,10.00,
2026-09-21T13:41:00,1,660.33,22.52,35.78,1.264,1.15,0.4440,25.9,4.11,-49,10.00,
2026-09-21T13:41:01,1,661.87,22.52,35.88,1.271,1.67,0.5620,25.9,4.06,-47,9.75,
2026-09-21T13:41:02,1,663.26,22.54,35.92,1.267,1.35,0.6820,25.9,4.11,-46,10.00,
2026-09-21T13:41:03,1,664.81,22.54,35.99,1.274,1.93,0.9190,25.9,4.11,-46,9.75,
2026-09-21T13:41:05,1,666.23,22.53,36.08,1.283,2.63,1.0410,25.9,4.07,-47,9.50,
2026-09-21T13:41:06,1,667.88,22.55,36.13,1.276,2.12,1.1670,25.9,4.11,-47,10.00,
2026-09-21T13:41:07,1,669.23,22.54,36.18,1.279,2.31,1.3310,25.9,4.07,-48,9.50,
2026-09-21T13:41:08,1,670.82,22.52,36.26,1.282,2.57,1.4970,25.9,4.11,-47,9.25,
2026-09-21T13:41:09,1,672.18,22.53,36.31,1.286,2.89,1.6650,25.9,4.07,-47,10.00,
2026-09-21T13:41:10,1,673.80,22.52,36.38,1.288,3.02,1.8430,25.9,4.11,-49,10.00,
2026-09-21T13:41:11,1,675.17,22.56,36.39,1.292,3.34,2.0300,25.9,4.06,-52,9.75,
2026-09-21T13:41:12,1,676.67,22.52,36.50,1.292,3.34,2.2270,25.9,4.11,-49,10.00,
2026-09-21T13:41:14,1,678.08,22.54,36.51,1.290,3.21,2.6490,25.9,4.06,-49,10.25,
2026-09-21T13:41:15,1,679.60,22.55,36.58,1.290,3.21,2.7500,25.9,4.10,-49,10.25,
2026-09-21T13:41:16,1,681.04,22.54,36.65,1.292,3.34,2.7600,25.9,4.06,-50,10.00,
2026-09-21T13:41:17,1,682.46,22.54,36.69,1.291,3.28,2.7710,25.9,4.07,-48,9.75,
2026-09-21T13:41:18,1,683.85,22.55,36.78,1.286,2.89,2.7770,25.9,4.10,-47,9.75,
2026-09-21T13:41:19,1,685.34,22.56,36.83,1.291,3.28,2.7590,25.9,4.07,-47,9.50,
2026-09-21T13:41:20,1,686.80,22.57,36.89,1.288,3.02,2.7300,25.9,4.11,-45,9.75,
2026-09-21T13:41:21,1,688.29,22.56,36.94,1.292,3.34,2.7050,25.9,4.06,-46,10.00,
2026-09-21T13:41:22,1,689.78,22.56,37.02,1.291,3.28,2.6990,25.9,4.11,-45,10.25,
2026-09-21T13:41:24,1,691.12,22.55,37.04,1.292,3.34,2.7430,25.9,4.06,-46,10.00,
2026-09-21T13:41:25,1,692.65,22.54,37.06,1.291,3.28,2.7810,25.9,4.10,-47,9.75,
2026-09-21T13:41:26,1,694.18,22.57,37.12,1.296,3.67,2.8260,25.9,4.06,-46,9.75,
2026-09-21T13:41:27,1,695.63,22.56,37.19,1.293,3.41,2.8720,25.9,4.10,-47,10.50,
2026-09-21T13:41:28,1,696.92,22.55,37.24,1.298,3.86,2.9230,25.9,4.05,-48,9.75,
2026-09-21T13:41:29,1,698.46,22.56,37.28,1.295,3.60,2.9800,25.9,4.10,-41,6.25,
2026-09-21T13:41:30,1,699.89,22.56,37.37,1.299,3.92,3.0430,25.9,4.10,-40,6.50,
2026-09-21T13:41:31,1,701.31,22.56,37.40,1.299,3.92,3.1140,25.9,4.07,-38,8.50,
2026-09-21T13:41:37,1,708.49,22.56,37.59,1.307,4.57,3.6840,25.9,4.10,-61,10.25,
2026-09-21T13:41:38,1,710.03,22.56,37.66,1.314,5.15,3.7960,25.9,4.06,-51,10.00,
2026-09-21T13:41:39,1,711.34,22.56,37.67,1.309,4.70,3.9140,25.9,4.11,-49,9.75,
2026-09-21T13:41:40,1,712.83,22.58,37.71,1.316,5.28,4.0340,25.9,4.06,-48,9.75,
2026-09-21T13:41:41,1,714.18,22.55,37.78,1.318,5.47,4.1520,25.9,4.11,-48,9.50,
2026-09-21T13:41:43,1,715.68,22.55,37.80,1.318,5.47,4.3920,25.9,4.08,-48,9.50,
2026-09-21T13:41:44,1,717.09,22.60,37.82,1.318,5.47,4.6180,25.9,4.07,-47,9.75,
2026-09-21T13:41:45,1,718.53,22.57,37.88,1.321,5.66,4.7690,25.9,4.11,-48,9.25,
2026-09-21T13:41:46,1,719.90,22.56,37.87,1.326,6.12,4.9170,25.9,4.06,-48,9.75,
2026-09-21T13:41:47,1,721.46,22.58,37.92,1.325,5.99,5.0680,25.9,4.11,-48,9.50,
2026-09-21T13:41:48,1,722.79,22.57,37.97,1.329,6.31,5.2230,25.9,4.06,-49,9.75,
2026-09-21T13:41:49,1,724.29,22.58,38.00,1.328,6.24,5.3780,25.9,4.11,-49,9.75,
2026-09-21T13:41:50,1,725.78,22.59,38.07,1.335,6.76,5.5350,25.9,4.07,-49,9.50,
2026-09-21T13:41:51,1,727.09,22.59,38.08,1.330,6.44,5.6900,25.9,4.10,-49,9.75,
2026-09-21T13:41:53,1,728.55,22.59,38.08,1.338,7.02,5.9960,25.9,4.06,-49,9.75,
2026-09-21T13:41:54,1,730.04,22.60,38.14,1.336,6.89,6.1450,25.9,4.11,-49,9.75,
2026-09-21T13:41:55,1,731.34,22.58,38.17,1.343,7.47,6.2990,25.9,4.06,-49,10.00,
2026-09-21T13:41:56,1,732.90,22.60,38.23,1.346,7.66,6.4530,25.9,4.10,-48,10.00,
2026-09-21T13:41:57,1,734.41,22.61,38.23,1.347,7.79,6.6040,25.9,4.11,-49,10.00,
2026-09-21T13:41:58,1,735.73,22.61,38.26,1.347,7.79,6.7600,26.9,4.06,-49,9.75,
2026-09-21T13:41:59,1,737.19,22.59,38.25,1.350,7.99,6.9150,25.9,4.11,-51,9.75,
2026-09-21T13:42:00,1,738.66,22.60,38.33,1.351,8.11,7.0640,26.9,4.07,-51,10.25,
2026-09-21T13:42:01,1,740.11,22.61,38.35,1.352,8.18,7.5270,26.9,4.10,-57,10.50,
2026-09-21T13:42:03,1,741.52,22.60,38.34,1.355,8.44,7.6800,26.9,4.07,-50,11.00,
2026-09-21T13:42:04,1,742.90,22.61,38.42,1.357,8.57,7.8300,26.9,4.11,-50,9.75,
2026-09-21T13:42:05,1,744.41,22.63,38.43,1.364,9.15,7.9840,26.9,4.06,-49,10.00,
2026-09-21T13:42:06,1,745.74,22.61,38.42,1.362,8.95,8.1370,26.9,4.10,-48,10.25,
2026-09-21T13:42:07,1,747.20,22.62,38.46,1.368,9.40,8.2880,26.9,4.06,-49,10.00,
2026-09-21T13:42:08,1,748.60,22.62,38.49,1.367,9.34,8.4400,26.9,4.11,-48,9.50,
2026-09-21T13:42:09,1,750.11,22.62,38.49,1.373,9.85,8.5880,26.9,4.05,-49,10.00,
2026-09-21T13:42:10,1,751.46,22.63,38.54,1.372,9.73,8.7410,26.9,4.07,-49,9.75,
2026-09-21T13:42:12,1,752.93,22.61,38.55,1.376,10.05,8.8970,26.9,4.11,-49,9.50,
2026-09-21T13:42:13,1,754.39,22.63,38.55,1.376,10.05,9.0500,26.9,4.06,-40,4.75,
2026-09-21T13:42:14,1,755.80,22.60,38.63,1.374,9.92,9.2030,26.9,4.10,-42,1.75,
2026-09-21T13:42:15,1,757.36,22.62,38.63,1.381,10.50,9.3590,26.9,4.06,-40,4.50,
2026-09-21T13:42:19,1,772.89,22.61,38.70,1.392,11.34,9.9640,26.9,4.06,-52,9.25,
2026-09-21T13:42:20,1,764.34,22.62,38.73,1.388,11.08,10.1160,26.9,4.10,-51,9.75,
2026-09-21T13:42:22,1,765.84,22.62,38.74,1.395,11.60,10.4280,26.9,4.05,-49,10.00,
2026-09-21T13:42:23,1,767.27,22.62,38.72,1.393,11.40,10.5860,26.9,4.11,-50,9.75,
2026-09-21T13:42:24,1,768.64,22.61,38.76,1.398,11.85,10.7400,26.9,4.04,-50,9.75,
2026-09-21T13:42:25,1,770.09,22.63,38.80,1.399,11.92,10.8990,26.9,4.11,-51,9.75,
2026-09-21T13:42:26,1,771.49,22.63,38.79,1.404,12.30,11.0520,26.9,4.07,-46,12.25,
2026-09-21T13:42:27,1,772.91,22.62,38.79,1.401,12.11,11.2050,26.9,4.07,-48,9.75,
2026-09-21T13:42:28,1,774.39,22.64,38.81,1.407,12.56,11.3610,26.9,4.11,-49,9.50,
2026-09-21T13:42:29,1,775.81,22.62,38.80,1.405,12.43,11.5120,26.9,4.07,-50,9.50,
2026-09-21T13:42:31,1,777.26,22.63,38.81,1.409,12.76,11.8200,26.9,4.11,-49,9.75,
2026-09-21T13:42:32,1,778.71,22.64,38.83,1.413,13.01,11.9780,26.9,4.06,-49,9.75,
2026-09-21T13:42:33,1,780.14,22.64,38.85,1.412,12.95,12.1300,26.9,4.11,-49,9.25,
2026-09-21T13:42:34,1,781.45,22.64,38.87,1.418,13.40,12.2890,26.9,4.07,-49,9.25,
2026-09-21T13:42:35,1,783.02,22.64,38.87,1.413,13.08,12.4380,26.9,4.11,-50,10.00,
2026-09-21T13:42:36,1,784.37,22.64,38.92,1.424,13.92,12.6000,26.9,4.07,-50,9.25,
2026-09-21T13:42:37,1,785.78,22.64,38.93,1.421,13.66,12.7570,26.9,4.11,-50,9.50,
2026-09-21T13:42:38,1,787.31,22.63,38.96,1.426,14.05,12.9140,26.9,4.06,-50,9.75,
2026-09-21T13:42:40,1,788.69,22.65,38.97,1.423,13.85,13.0720,26.9,4.11,-49,9.50,
2026-09-21T13:42:41,1,790.06,22.64,38.98,1.430,14.37,13.3790,26.9,4.06,-48,9.00,
2026-09-21T13:42:42,1,791.54,22.63,38.98,1.428,14.24,13.5350,26.9,4.11,-45,9.75,
2026-09-21T13:42:43,1,792.87,22.66,38.98,1.434,14.69,13.6870,26.9,4.06,-51,9.75,
2026-09-21T13:42:44,1,794.45,22.62,39.03,1.438,15.01,13.8410,26.9,4.11,-59,9.50,
2026-09-21T13:42:45,1,795.41,22.66,39.04,1.441,15.27,13.9890,26.9,4.06,-54,9.50,
2026-09-21T13:42:46,1,794.93,22.65,39.03,1.438,15.08,14.1420,26.9,4.11,-50,9.50,
2026-09-21T13:42:47,1,794.66,22.67,39.00,1.446,15.66,14.2970,26.9,4.06,-50,9.25,
2026-09-21T13:42:48,1,794.56,22.64,38.99,1.444,15.53,14.4530,26.9,4.10,-48,9.75,
2026-09-21T13:42:50,1,794.38,22.63,38.95,1.449,15.92,14.7660,26.9,4.06,-60,9.25,
2026-09-21T13:42:51,1,794.06,22.64,38.91,1.447,15.79,14.9190,26.9,4.11,-41,4.00,
2026-09-21T13:42:53,1,793.92,22.66,38.87,1.456,16.50,15.2240,26.9,4.10,-53,8.00,
2026-09-21T13:42:57,1,793.52,22.64,38.74,1.459,16.69,15.7500,26.9,4.06,-52,10.00,
2026-09-21T13:42:59,1,793.47,22.64,38.73,1.459,16.69,15.8670,26.9,4.11,-54,9.50,
2026-09-21T13:43:00,1,793.44,22.66,38.68,1.462,16.95,16.0790,26.9,4.06,-49,9.75,
2026-09-21T13:43:01,1,793.38,22.65,38.63,1.461,16.88,16.1710,26.9,4.09,-53,9.25,
2026-09-21T13:43:02,1,793.31,22.69,38.65,1.463,17.01,16.2520,26.9,4.06,-53,9.25,
2026-09-21T13:43:03,1,793.28,22.64,38.61,1.459,16.75,16.3270,26.9,4.11,-51,9.75,
2026-09-21T13:43:04,1,793.24,22.66,38.55,1.466,17.27,16.3930,26.9,4.06,-48,9.75,
2026-09-21T13:43:05,1,793.12,22.66,38.53,1.463,17.01,16.4540,26.9,4.11,-54,9.50,
2026-09-21T13:43:06,1,793.03,22.67,38.49,1.465,17.20,16.5020,26.9,4.07,-50,9.50,
2026-09-21T13:43:08,1,793.07,22.66,38.46,1.463,17.08,16.5420,26.9,4.11,-53,10.00,
2026-09-21T13:43:09,1,793.02,22.64,38.48,1.464,17.14,16.5960,26.9,4.07,-50,9.75,
2026-09-21T13:43:10,1,793.12,22.66,38.42,1.461,16.88,16.6180,26.9,4.11,-52,9.75,
2026-09-21T13:43:11,1,792.94,22.64,38.39,1.465,17.20,16.6240,26.9,4.06,-50,9.50,
2026-09-21T13:43:12,1,793.03,22.66,38.38,1.463,17.01,16.6190,26.9,4.11,-52,9.50,
2026-09-21T13:43:13,1,792.90,22.66,38.36,1.466,17.27,16.6120,26.9,4.06,-51,9.75,
2026-09-21T13:43:14,1,792.91,22.68,38.35,1.462,16.95,16.6060,26.9,4.11,-52,9.75,
2026-09-21T13:43:15,1,792.88,22.65,38.35,1.467,17.40,16.6050,26.9,4.06,-53,9.50,
2026-09-21T13:43:16,1,793.04,22.64,38.30,1.458,16.62,16.5960,26.9,4.11,-48,9.50,
2026-09-21T13:43:18,1,792.98,22.65,38.27,1.464,17.14,16.5690,26.9,4.05,-52,9.75,
2026-09-21T13:43:19,1,792.85,22.66,38.22,1.463,17.01,16.5540,26.9,4.11,-53,9.50,
2026-09-21T13:43:20,1,792.91,22.66,38.21,1.465,17.20,16.5410,26.9,4.05,-53,9.75,
2026-09-21T13:43:21,1,792.89,22.66,38.17,1.461,16.88,16.5360,26.9,4.09,-58,9.50,
2026-09-21T13:43:22,1,792.84,22.67,38.21,1.466,17.27,16.5250,26.9,4.10,-57,10.25,
2026-09-21T13:43:23,1,792.82,22.64,38.17,1.459,16.75,16.5180,26.9,4.07,-53,10.00,
2026-09-21T13:43:24,1,792.84,22.67,38.16,1.465,17.20,16.5070,26.9,4.11,-52,9.50,
2026-09-21T13:43:25,1,792.87,22.66,38.16,1.464,17.14,16.4990,26.9,4.07,-54,9.25,
2026-09-21T13:43:27,1,792.84,22.66,38.11,1.460,16.82,16.4940,26.9,4.11,-54,10.00,
2026-09-21T13:43:28,1,792.84,22.65,38.12,1.463,17.01,16.4790,26.9,4.07,-54,9.25,
2026-09-21T13:43:29,1,792.83,22.65,38.07,1.461,16.88,16.4750,26.9,4.10,-56,10.00,
2026-09-21T13:43:30,1,792.82,22.64,38.04,1.464,17.14,16.4670,26.9,4.07,-54,9.50,
2026-09-21T13:43:31,1,792.69,22.63,38.04,1.460,16.82,16.4630,26.9,4.11,-44,9.50,
2026-09-21T13:43:32,1,792.68,22.67,38.05,1.466,17.27,16.4670,26.9,4.06,-45,9.75,
2026-09-21T13:43:33,1,792.81,22.65,37.99,1.460,16.82,16.4680,26.9,4.11,-36,4.50,
2026-09-21T13:43:34,1,792.78,22.64,37.96,1.463,17.01,16.4680,26.9,4.06,-44,0.00,
2026-09-21T13:43:36,1,792.83,22.65,38.01,1.462,16.95,16.4610,26.9,4.11,-43,-0.25,
2026-09-21T13:43:41,1,792.78,22.64,37.95,1.464,17.14,16.4630,26.9,4.06,-52,10.50,
2026-09-21T13:43:42,1,792.77,22.65,37.91,1.461,16.88,16.4610,26.9,4.11,-51,9.75,
2026-09-21T13:43:43,1,792.73,22.65,37.93,1.463,17.08,16.4590,26.9,4.06,-52,9.75,
2026-09-21T13:43:45,1,792.66,22.65,37.91,1.462,16.95,16.4650,26.9,4.11,-55,9.75,
2026-09-21T13:43:46,1,792.70,22.66,37.87,1.463,17.01,16.4650,26.9,4.06,-53,9.25,
2026-09-21T13:43:47,1,792.77,22.64,37.87,1.461,16.88,16.4700,26.9,4.11,-54,9.75,
2026-09-21T13:43:48,1,792.69,22.64,37.86,1.464,17.14,16.4680,26.9,4.05,-60,9.75,
2026-09-21T13:43:49,1,792.66,22.64,37.82,1.459,16.75,16.4620,26.9,4.11,-65,9.50,
2026-09-21T13:43:50,1,792.65,22.63,37.77,1.463,17.08,16.4630,26.9,4.10,-59,9.50,
2026-09-21T13:43:51,1,792.70,22.66,37.84,1.461,16.88,16.4620,26.9,4.07,-60,9.75,
2026-09-21T13:43:52,1,792.65,22.66,37.80,1.464,17.14,16.4590,26.9,4.10,-65,9.75,
2026-09-21T13:43:53,1,792.70,22.64,37.79,1.464,17.14,16.4560,26.9,4.06,-55,9.75,
2026-09-21T13:43:55,1,792.69,22.66,37.79,1.462,16.95,16.4570,26.9,4.11,-48,9.25,
2026-09-21T13:43:56,1,792.78,22.65,37.76,1.463,17.08,16.4580,26.9,4.06,-49,9.75,
2026-09-21T13:43:57,1,792.75,22.65,37.77,1.459,16.75,16.4660,26.9,4.10,-51,9.75,
2026-09-21T13:43:58,1,792.66,22.65,37.78,1.461,16.88,16.4670,26.9,4.05,-51,9.25,
2026-09-21T13:43:59,1,792.67,22.65,37.79,1.461,16.88,16.4650,26.9,4.10,-51,9.75,
2026-09-21T13:44:00,1,792.70,22.66,37.77,1.464,17.14,16.4680,26.9,4.07,-52,10.00,
2026-09-21T13:44:01,1,792.82,22.64,37.73,1.461,16.88,16.4640,26.9,4.11,-51,9.75,
2026-09-21T13:44:02,1,792.76,22.65,37.71,1.464,17.14,16.4650,26.9,4.06,-50,9.50,
2026-09-21T13:44:04,1,792.69,22.64,37.71,1.461,16.88,16.4650,26.9,4.10,-50,9.75,
2026-09-21T13:44:05,1,792.70,22.62,37.71,1.464,17.14,16.4650,26.9,4.06,-49,10.00,
2026-09-21T13:44:06,1,792.66,22.67,37.70,1.461,16.88,16.4600,26.9,4.10,-47,10.25,
2026-09-21T13:44:07,1,792.64,22.66,37.67,1.465,17.20,16.4590,26.9,4.06,-48,10.00,
2026-09-21T13:44:08,1,792.76,22.65,37.68,1.460,16.82,16.4610,26.9,4.11,-49,9.75,
2026-09-21T13:44:09,1,792.73,22.67,37.70,1.463,17.08,16.4690,26.9,4.07,-50,9.25,1
2026-09-21T13:44:10,1,792.77,22.65,37.67,1.461,16.88,16.4700,26.9,4.10,-49,9.75,
2026-09-21T13:44:11,1,792.68,22.67,37.69,1.463,17.01,16.4720,26.9,4.06,-50,9.50,
2026-09-21T13:44:13,1,792.50,22.65,37.64,1.459,16.75,16.4770,26.9,4.10,-48,9.50,
2026-09-21T13:44:14,1,792.72,22.66,37.69,1.466,17.27,16.4740,26.9,4.05,-49,9.75,
2026-09-21T13:44:15,1,792.69,22.64,37.65,1.456,16.50,16.4700,26.9,4.11,-49,9.75,
2026-09-21T13:44:16,1,792.71,22.64,37.62,1.467,17.40,16.4720,26.9,4.05,-48,9.25,
2026-09-21T13:44:17,1,792.70,22.64,37.63,1.461,16.88,16.4640,26.9,4.11,-41,4.25,
2026-09-21T13:44:18,1,792.72,22.64,37.64,1.463,17.08,16.4650,26.9,4.11,-41,4.00,
2026-09-21T13:44:19,1,792.72,22.66,37.63,1.462,16.95,16.4670,26.9,4.07,-41,2.50,
2026-09-21T13:44:20,1,792.75,22.65,37.65,1.464,17.14,16.4690,26.9,4.11,-48,5.00,
2026-09-21T13:44:25,1,802.94,22.64,37.61,1.465,17.20,16.4760,26.9,4.11,-50,10.00,
2026-09-21T13:44:26,1,792.71,22.66,37.61,1.465,17.20,16.4890,26.9,4.06,-49,9.50,
2026-09-21T13:44:27,1,792.82,22.66,37.60,1.460,16.82,16.4920,26.9,4.11,-49,9.50,
2026-09-21T13:44:28,1,792.70,22.66,37.61,1.461,16.88,16.4950,26.9,4.06,-49,9.50,
2026-09-21T13:44:29,1,792.73,22.65,37.56,1.461,16.88,16.4940,26.9,4.11,-49,9.75,
2026-09-21T13:44:30,1,792.80,22.63,37.62,1.466,17.27,16.4920,26.9,4.07,-50,9.50,
2026-09-21T13:44:32,1,792.67,22.65,37.60,1.461,16.88,16.4890,26.9,4.11,-52,10.00,
2026-09-21T13:44:33,1,792.68,22.67,37.57,1.463,17.01,16.4900,26.9,4.06,-49,9.50,
2026-09-21T13:44:34,1,792.70,22.64,37.59,1.461,16.88,16.4920,26.9,4.11,-50,9.75,
2026-09-21T13:44:35,1,792.74,22.66,37.55,1.463,17.01,16.4940,26.9,4.06,-50,9.75,
2026-09-21T13:44:36,1,792.82,22.65,37.55,1.461,16.88,16.4890,26.9,4.11,-49,10.00,
2026-09-21T13:44:37,1,792.72,22.62,37.53,1.463,17.01,16.4970,26.9,4.06,-49,9.75,
2026-09-21T13:44:38,1,792.67,22.65,37.56,1.461,16.88,16.4970,26.9,4.11,-50,9.75,
2026-09-21T13:44:39,1,792.85,22.66,37.51,1.466,17.27,16.4980,26.9,4.06,-49,9.75,
2026-09-21T13:44:41,1,792.73,22.65,37.53,1.462,16.95,16.5010,26.9,4.10,-47,10.00,
2026-09-21T13:44:42,1,792.77,22.65,37.53,1.464,17.14,16.5080,26.9,4.06,-53,9.25,
2026-09-21T13:44:43,1,792.73,22.64,37.54,1.461,16.88,16.5040,26.9,4.11,-60,9.75,
2026-09-21T13:44:44,1,792.68,22.65,37.52,1.465,17.20,16.4990,26.9,4.06,-57,9.75,
2026-09-21T13:44:45,1,792.73,22.64,37.54,1.461,16.88,16.5020,26.9,4.10,-54,9.75,
2026-09-21T13:44:46,1,792.65,22.64,37.52,1.463,17.08,16.4970,26.9,4.05,-59,9.75,
2026-09-21T13:44:47,1,792.68,22.64,37.53,1.463,17.08,16.4970,26.9,4.06,-50,9.50,
2026-09-21T13:44:48,1,792.71,22.66,37.52,1.466,17.27,16.5000,26.9,4.10,-50,10.00,
2026-09-21T13:44:50,1,792.83,22.64,37.49,1.462,16.95,16.5010,26.9,4.06,-64,9.50,
2026-09-21T13:44:51,1,792.75,22.64,37.53,1.463,17.08,16.5120,26.9,4.10,-54,9.50,
2026-09-21T13:44:52,1,792.74,22.65,37.51,1.464,17.14,16.5180,26.9,4.06,-63,10.00,
2026-09-21T13:44:53,1,792.80,22.64,37.54,1.461,16.88,16.5180,26.9,4.10,-56,10.00,
2026-09-21T13:44:54,1,792.76,22.64,37.53,1.466,17.27,16.5210,26.9,4.06,-58,9.50,
2026-09-21T13:44:55,1,792.81,22.64,37.48,1.461,16.88,16.5220,26.9,4.10,-54,10.00,
2026-09-21T13:44:56,1,792.73,22.63,37.50,1.464,17.14,16.5300,26.9,4.06,-50,9.75,
2026-09-21T13:44:57,1,792.80,22.65,37.51,1.462,16.95,16.5250,26.9,4.11,-55,9.75,
2026-09-21T13:44:58,1,792.78,22.62,37.48,1.464,17.14,16.5270,26.9,4.06,-57,9.75,
2026-09-21T13:45:00,1,792.74,22.64,37.49,1.463,17.08,16.5290,26.9,4.11,-55,10.00,
2026-09-21T13:45:01,1,792.84,22.67,37.49,1.461,16.88,16.5300,26.9,4.07,-50,9.00,
2026-09-21T13:45:02,1,792.81,22.66,37.48,1.465,17.20,16.5300,26.9,4.10,-49,-1.00,
2026-09-21T13:45:03,1,792.76,22.64,37.46,1.464,17.14,16.5360,26.9,4.06,-49,2.00,
2026-09-21T13:45:04,1,792.76,22.64,37.49,1.459,16.75,16.5490,26.9,4.11,-48,1.50,
2026-09-21T13:45:10,1,792.72,22.65,37.49,1.466,17.27,16.5760,26.9,4.06,-53,9.50,
2026-09-21T13:45:11,1,792.81,22.64,37.50,1.464,17.14,16.5770,26.9,4.11,-53,9.75,
2026-09-21T13:45:12,1,792.74,22.65,37.46,1.457,16.56,16.5820,26.9,4.05,-50,9.75,
2026-09-21T13:45:13,1,792.93,22.65,37.50,1.459,16.69,16.5880,26.9,4.10,-50,9.50,
2026-09-21T13:45:14,1,792.80,22.67,37.48,1.464,17.14,16.5910,26.9,4.06,-51,9.75,
2026-09-21T13:45:15,1,792.86,22.63,37.42,1.463,17.01,16.5950,26.9,4.11,-53,9.75,
2026-09-21T13:45:16,1,792.78,22.63,37.45,1.466,17.27,16.6020,26.9,4.06,-53,9.75,
2026-09-21T13:45:18,1,792.80,22.63,37.44,1.464,17.14,16.6110,26.9,4.06,-53,9.25,
2026-09-21T13:45:19,1,792.81,22.64,37.46,1.467,17.40,16.6220,26.9,4.10,-53,9.50,
2026-09-21T13:45:20,1,792.88,22.67,37.45,1.463,17.01,16.6280,26.9,4.07,-58,9.25,
2026-09-21T13:45:21,1,792.94,22.63,37.43,1.463,17.08,16.6330,26.9,4.11,-50,10.00,
2026-09-21T13:45:22,1,792.78,22.67,37.47,1.467,17.33,16.6400,26.9,4.07,-51,9.75,
2026-09-21T13:45:23,1,792.82,22.64,37.44,1.464,17.14,16.6450,26.9,4.10,-52,9.75,
2026-09-21T13:45:24,1,792.78,22.63,37.46,1.467,17.40,16.6450,26.9,4.07,-51,9.25,
2026-09-21T13:45:25,1,792.90,22.64,37.47,1.464,17.14,16.6490,26.9,4.10,-51,10.00,
2026-09-21T13:45:27,1,792.89,22.65,37.46,1.468,17.46,16.6480,26.9,4.06,-52,9.75,
2026-09-21T13:45:28,1,792.92,22.64,37.46,1.462,16.95,16.6550,26.9,4.10,-51,10.00,
2026-09-21T13:45:29,1,792.75,22.65,37.47,1.468,17.46,16.6650,26.9,4.07,-52,9.50,
2026-09-21T13:45:30,1,792.84,22.64,37.46,1.466,17.27,16.6720,26.9,4.10,-52,10.25,
2026-09-21T13:45:31,1,792.83,22.66,37.46,1.467,17.33,16.6800,26.9,4.06,-53,9.25,
2026-09-21T13:45:32,1,792.95,22.65,37.48,1.466,17.27,16.6830,26.9,4.11,-51,9.75,
2026-09-21T13:45:33,1,792.84,22.63,37.46,1.467,17.33,16.6910,26.9,4.07,-50,9.50,
2026-09-21T13:45:34,1,792.88,22.66,37.43,1.465,17.20,16.7000,26.9,4.10,-50,9.75,
2026-09-21T13:45:35,1,792.76,22.65,37.43,1.468,17.46,16.7070,26.9,4.06,-54,9.50,
2026-09-21T13:45:37,1,792.80,22.63,37.39,1.465,17.20,16.7080,26.9,4.10,-54,10.00,
2026-09-21T13:45:38,1,792.75,22.63,37.44,1.467,17.33,16.7290,26.9,4.06,-52,9.25,
2026-09-21T13:45:39,1,792.86,22.63,37.42,1.463,17.08,16.7330,26.9,4.10,-50,9.75,
2026-09-21T13:45:40,1,792.81,22.63,37.44,1.472,17.72,16.7390,26.9,4.06,-50,9.50,
2026-09-21T13:45:41,1,792.78,22.63,37.45,1.465,17.20,16.7460,26.9,4.11,-49,9.75,
2026-09-21T13:45:42,1,792.74,22.64,37.45,1.467,17.40,16.7510,26.9,4.06,-49,9.50,
2026-09-21T13:45:43,1,792.84,22.65,37.45,1.465,17.20,16.7560,26.9,4.10,-49,10.00,
2026-09-21T13:45:44,1,792.84,22.64,37.43,1.470,17.59,16.7680,26.9,4.06,-49,9.50,
2026-09-21T13:45:46,1,792.91,22.65,37.38,1.463,17.08,16.7750,26.9,4.11,-45,9.25,
2026-09-21T13:45:47,1,792.86,22.65,37.45,1.468,17.46,16.7940,26.9,4.05,-45,9.00,
2026-09-21T13:45:48,1,792.90,22.63,37.42,1.467,17.33,16.8020,26.9,4.06,-45,9.50,
2026-09-21T13:45:53,1,792.85,22.63,37.43,1.466,17.27,16.8530,26.9,4.10,-51,10.00,
2026-09-21T13:45:55,1,792.90,22.64,37.43,1.469,17.53,16.8580,26.9,4.07,-50,9.50,
2026-09-21T13:45:56,1,793.03,22.63,37.42,1.467,17.33,16.8680,26.9,4.11,-51,10.00,
2026-09-21T13:45:57,1,792.85,22.64,37.45,1.470,17.59,16.8920,26.9,4.06,-53,9.75,
2026-09-21T13:45:58,1,792.90,22.66,37.42,1.467,17.33,16.8940,26.9,4.11,-53,9.50,
2026-09-21T13:45:59,1,792.82,22.64,37.40,1.470,17.59,16.9040,26.9,4.07,-54,9.75,
2026-09-21T13:46:00,1,792.85,22.63,37.39,1.467,17.33,16.9120,26.9,4.10,-54,10.00,
2026-09-21T13:46:01,1,792.97,22.65,37.43,1.467,17.40,16.9270,26.9,4.06,-53,11.75,
2026-09-21T13:46:02,1,792.89,22.63,37.39,1.468,17.46,16.9400,26.9,4.11,-50,9.50,
2026-09-21T13:46:03,1,792.89,22.62,37.43,1.466,17.27,16.9540,26.9,4.06,-50,9.25,
2026-09-21T13:46:05,1,792.85,22.62,37.42,1.470,17.59,16.9590,26.9,4.10,-52,10.00,
2026-09-21T13:46:06,1,792.98,22.63,37.43,1.467,17.33,16.9750,26.9,4.06,-52,10.00,
2026-09-21T13:46:07,1,792.99,22.64,37.43,1.467,17.33,16.9800,26.9,4.11,-51,10.00,
2026-09-21T13:46:08,1,792.96,22.65,37.41,1.468,17.46,16.9920,26.9,4.06,-51,9.75,
2026-09-21T13:46:09,1,792.96,22.64,37.36,1.468,17.46,17.0000,26.9,4.10,-51,9.50,
2026-09-21T13:46:10,1,792.93,22.63,37.40,1.471,17.66,17.0010,26.9,4.06,-51,10.00,
2026-09-21T13:46:11,1,793.06,22.63,37.41,1.467,17.33,17.0130,26.9,4.10,-50,9.50,
2026-09-21T13:46:12,1,792.92,22.64,37.40,1.472,17.78,17.0200,26.9,4.06,-51,9.50,
2026-09-21T13:46:14,1,792.90,22.62,37.43,1.467,17.40,17.0320,26.9,4.10,-50,9.50,
2026-09-21T13:46:15,1,792.92,22.65,37.43,1.471,17.66,17.0440,26.9,4.05,-51,9.75,
2026-09-21T13:46:16,1,792.91,22.64,37.38,1.467,17.40,17.0480,26.9,4.11,-51,9.75,
2026-09-21T13:46:17,1,792.94,22.63,37.39,1.473,17.85,17.0530,26.9,4.05,-51,9.75,
2026-09-21T13:46:18,1,792.99,22.64,37.40,1.467,17.33,17.0670,26.9,4.10,-51,9.50,
2026-09-21T13:46:19,1,792.96,22.65,37.41,1.473,17.85,17.0680,26.9,4.06,-52,10.00,
2026-09-21T13:46:20,1,792.93,22.63,37.43,1.468,17.46,17.0780,26.9,4.06,-51,10.25,
2026-09-21T13:46:21,1,792.93,22.64,37.40,1.475,17.98,17.0850,26.9,4.10,-51,9.75,
2026-09-21T13:46:23,1,793.03,22.64,37.39,1.469,17.53,17.0890,26.9,4.06,-51,9.50,
2026-09-21T13:46:24,1,792.96,22.64,37.39,1.468,17.46,17.1060,26.9,4.10,-50,9.75,
2026-09-21T13:46:25,1,793.01,22.64,37.40,1.473,17.85,17.1120,26.9,4.07,-51,9.50,
2026-09-21T13:46:26,1,793.05,22.65,37.42,1.471,17.66,17.1240,26.9,4.10,-50,9.75,
2026-09-21T13:46:27,1,793.13,22.61,37.40,1.473,17.85,17.1390,26.9,4.07,-51,9.50,
2026-09-21T13:46:28,1,793.14,22.63,37.43,1.471,17.66,17.1410,26.9,4.10,-51,9.50,
2026-09-21T13:46:29,1,793.03,22.63,37.39,1.474,17.91,17.1520,26.9,4.06,-47,9.25,
2026-09-21T13:46:30,1,793.07,22.63,37.41,1.470,17.59,17.1620,26.9,4.10,-47,6.75,
2026-09-21T13:46:32,1,793.05,22.61,37.38,1.473,17.85,17.1650,26.9,4.06,-47,9.25,
2026-09-21T13:46:33,1,793.02,22.64,37.39,1.471,17.66,17.1700,26.9,4.11,-56,7.75,
2026-09-21T13:46:37,1,793.11,22.64,37.42,1.470,17.59,17.2140,26.9,4.10,-53,9.50,
2026-09-21T13:46:38,1,793.13,22.63,37.42,1.474,17.91,17.2250,26.9,4.06,-52,9.50,
2026-09-21T13:46:39,1,793.08,22.65,37.41,1.472,17.78,17.2380,26.9,4.10,-58,9.75,
2026-09-21T13:46:40,1,793.14,22.64,37.35,1.472,17.78,17.2460,26.9,4.05,-58,9.50,
2026-09-21T13:46:42,1,793.16,22.66,37.46,1.472,17.78,17.2540,26.9,4.10,-59,10.00,
2026-09-21T13:46:43,1,793.16,22.62,37.41,1.474,17.91,17.2750,26.9,4.06,-62,9.50,
2026-09-21T13:46:44,1,793.18,22.65,37.40,1.472,17.78,17.2850,26.9,4.10,-62,9.50,
2026-09-21T13:46:45,1,793.19,22.63,37.41,1.475,17.98,17.2970,26.9,4.06,-59,9.50,
2026-09-21T13:46:46,1,793.18,22.63,37.43,1.472,17.72,17.2980,26.9,4.11,-58,9.75,
2026-09-21T13:46:47,1,793.12,22.61,37.40,1.475,17.98,17.3020,26.9,4.05,-56,9.50,
2026-09-21T13:46:48,1,793.20,22.64,37.42,1.478,18.24,17.3150,26.9,4.10,-68,9.75,
2026-09-21T13:46:49,1,793.26,22.63,37.40,1.477,18.17,17.3160,26.9,4.05,-67,9.50,
2026-09-21T13:46:51,1,793.14,22.63,37.38,1.471,17.66,17.3260,26.9,4.07,-65,9.25,
2026-09-21T13:46:52,1,793.25,22.63,37.39,1.477,18.17,17.3490,26.9,4.10,-62,10.00,
2026-09-21T13:46:53,1,793.24,22.62,37.37,1.472,17.72,17.3580,26.9,4.06,-62,9.50,
2026-09-21T13:46:54,1,793.19,22.63,37.39,1.466,17.27,17.3720,26.9,4.11,-59,9.50,
2026-09-21T13:46:55,1,793.14,22.62,37.40,1.476,18.04,17.3780,26.9,4.06,-63,9.50,
2026-09-21T13:46:56,1,793.04,22.63,37.39,1.472,17.78,17.3810,26.9,4.11,-65,9.50,
2026-09-21T13:46:57,1,793.09,22.63,37.40,1.475,17.98,17.3950,26.9,4.06,-60,9.50,
2026-09-21T13:46:58,1,793.03,22.63,37.41,1.472,17.78,17.4010,26.9,4.11,-62,9.50,
2026-09-21T13:47:00,1,793.04,22.64,37.38,1.477,18.17,17.4090,26.9,4.06,-60,9.75,
2026-09-21T13:47:01,1,793.09,22.61,37.36,1.473,17.85,17.4190,26.9,4.11,-61,9.50,
2026-09-21T13:47:02,1,792.83,22.62,37.40,1.473,17.85,17.4430,26.9,4.06,-61,9.50,
2026-09-21T13:47:03,1,792.90,22.63,37.39,1.475,17.98,17.4580,26.9,4.10,-62,10.25,
2026-09-21T13:47:04,1,792.85,22.64,37.35,1.477,18.17,17.4760,26.9,4.06,-60,9.75,
2026-09-21T13:47:05,1,792.94,22.63,37.35,1.477,18.17,17.4960,26.9,4.11,-60,9.50,
2026-09-21T13:47:06,1,792.86,22.64,37.39,1.474,17.91,17.5260,26.9,4.06,-59,10.00,
2026-09-21T13:47:07,1,792.83,22.62,37.36,1.478,18.24,17.5520,26.9,4.10,-59,10.00,
2026-09-21T13:47:08,1,792.65,22.61,37.35,1.478,18.24,17.5760,26.9,4.06,-59,9.25,
2026-09-21T13:47:10,1,792.72,22.62,37.35,1.476,18.11,17.6010,26.9,4.11,-57,10.00,
2026-09-21T13:47:11,1,792.80,22.62,37.38,1.480,18.36,17.6470,26.9,4.06,-58,9.75,
2026-09-21T13:47:12,1,792.70,22.62,37.39,1.476,18.04,17.6700,26.9,4.11,-59,9.50,
2026-09-21T13:47:13,1,792.76,22.61,37.36,1.480,18.36,17.6930,26.9,4.06,-54,5.75,
2026-09-21T13:47:14,1,792.73,22.61,37.35,1.476,18.11,17.7130,26.9,4.11,-53,1.25,
2026-09-21T13:47:15,1,792.58,22.62,37.38,1.480,18.43,17.7290,26.9,4.06,-52,0.00,
2026-09-21T13:47:16,1,792.73,22.61,37.39,1.476,18.11,17.7520,26.9,4.10,-58,2.75,
2026-09-21T13:47:22,1,792.54,22.60,37.39,1.484,18.75,17.8230,26.9,4.11,-58,9.25,
2026-09-21T13:47:23,1,792.56,22.59,37.41,1.478,18.24,17.8250,26.9,4.07,-59,9.25,
2026-09-21T13:47:24,1,792.53,22.62,37.41,1.482,18.56,17.8270,26.9,4.10,-59,9.75,
2026-09-21T13:47:25,1,792.41,22.62,37.40,1.481,18.49,17.8210,26.9,4.07,-73,9.50,
2026-09-21T13:47:26,1,792.66,22.61,37.40,1.480,18.36,17.8130,26.9,4.10,-76,9.25,
2026-09-21T13:47:28,1,792.49,22.61,37.39,1.482,18.56,17.8010,26.9,4.06,-60,9.50,
2026-09-21T13:47:29,1,792.50,22.63,37.41,1.477,18.17,17.7940,26.9,4.10,-57,9.50,
2026-09-21T13:47:30,1,792.38,22.61,37.43,1.482,18.56,17.7680,26.9,4.07,-60,9.25,
2026-09-21T13:47:31,1,792.42,22.61,37.45,1.476,18.11,17.7550,26.9,4.11,-60,9.75,
2026-09-21T13:47:32,1,792.54,22.63,37.43,1.478,18.24,17.7430,26.9,4.06,-62,10.00,
2026-09-21T13:47:33,1,792.45,22.62,37.41,1.477,18.17,17.7360,26.9,4.11,-65,9.50,
2026-09-21T13:47:34,1,792.38,22.60,37.45,1.480,18.43,17.7260,26.9,4.07,-69,9.00,
2026-09-21T13:47:35,1,792.37,22.61,37.47,1.477,18.17,17.7190,26.9,4.10,-71,9.75,
2026-09-21T13:47:37,1,792.40,22.61,37.44,1.479,18.30,17.7070,26.9,4.06,-67,9.75,
2026-09-21T13:47:38,1,792.32,22.60,37.50,1.479,18.30,17.6970,26.9,4.11,-73,9.50,
2026-09-21T13:47:39,1,792.38,22.59,37.51,1.478,18.24,17.6850,26.9,4.06,-69,9.50,
2026-09-21T13:47:40,1,792.31,22.61,37.46,1.476,18.11,17.6800,26.9,4.10,-56,9.75,
2026-09-21T13:47:41,1,792.34,22.61,37.44,1.480,18.36,17.6760,26.9,4.06,-54,9.50,
2026-09-21T13:47:42,1,792.36,22.61,37.48,1.474,17.91,17.6680,26.9,4.10,-63,9.50,
2026-09-21T13:47:43,1,792.37,22.60,37.49,1.480,18.36,17.6600,26.9,4.06,-64,9.25,
2026-09-21T13:47:44,1,792.35,22.59,37.48,1.475,17.98,17.6530,26.9,4.10,-62,10.00,
2026-09-21T13:47:45,1,792.37,22.61,37.49,1.479,18.30,17.6490,26.9,4.06,-63,9.25,
2026-09-21T13:47:47,1,792.31,22.60,37.49,1.478,18.24,17.6440,26.9,4.10,-66,9.50,
2026-09-21T13:47:48,1,792.33,22.61,37.51,1.478,18.24,17.6280,26.9,4.05,-63,9.50,
2026-09-21T13:47:49,1,792.32,22.62,37.51,1.475,17.98,17.6270,26.9,4.11,-64,9.50,
2026-09-21T13:47:50,1,792.37,22.60,37.51,1.481,18.49,17.6240,26.9,4.06,-65,9.50,
2026-09-21T13:47:51,1,792.34,22.61,37.51,1.473,17.85,17.6200,26.9,4.06,-66,9.50,
2026-09-21T13:47:52,1,792.45,22.60,37.51,1.478,18.24,17.6120,26.9,4.11,-71,9.50,
2026-09-21T13:47:53,1,792.27,22.57,37.52,1.474,17.91,17.6100,26.9,4.06,-80,8.75,
2026-09-21T13:47:54,1,792.36,22.60,37.55,1.474,17.91,17.6060,26.9,4.10,-78,9.00,
2026-09-21T13:47:57,1,792.39,22.61,37.55,1.477,18.17,17.5890,26.9,4.11,-56,9.75,
2026-09-21T13:47:58,1,792.30,22.61,37.56,1.477,18.17,17.5800,26.9,4.06,-50,-0.75,
2026-09-21T13:47:59,1,792.32,22.60,37.55,1.473,17.85,17.5750,26.9,4.10,-50,2.50,
2026-09-21T13:48:00,1,792.31,22.60,37.56,1.476,18.11,17.5660,26.9,4.07,-49,0.75,
2026-09-21T13:48:05,1,802.34,22.59,37.56,1.478,18.24,17.5370,26.9,4.06,-62,9.25,
2026-09-21T13:48:06,1,792.43,22.61,37.54,1.472,17.78,17.5280,26.9,4.11,-64,9.25,
2026-09-21T13:48:07,1,792.30,22.60,37.62,1.478,18.24,17.5150,26.9,4.06,-61,9.75,
2026-09-21T13:48:08,1,792.30,22.60,37.58,1.475,17.98,17.5140,26.9,4.11,-65,9.75,
2026-09-21T13:48:09,1,792.37,22.60,37.62,1.475,17.98,17.5060,26.9,4.06,-64,9.00,
2026-09-21T13:48:10,1,792.33,22.59,37.59,1.473,17.85,17.4990,26.9,4.11,-62,10.00,
2026-09-21T13:48:11,1,792.31,22.58,37.58,1.477,18.17,17.4940,26.9,4.06,-60,9.75,
2026-09-21T13:48:12,1,792.41,22.60,37.57,1.472,17.78,17.4940,26.9,4.11,-59,9.50,
2026-09-21T13:48:13,1,792.28,22.59,37.59,1.480,18.43,17.4810,26.9,4.06,-63,9.75,
2026-09-21T13:48:15,1,792.38,22.59,37.62,1.470,17.59,17.4740,26.9,4.10,-65,9.50,
2026-09-21T13:48:16,1,792.23,22.57,37.61,1.476,18.04,17.4720,26.9,4.06,-62,9.75,
2026-09-21T13:48:17,1,792.38,22.59,37.63,1.473,17.85,17.4730,26.9,4.10,-65,9.50,
2026-09-21T13:48:18,1,792.22,22.61,37.61,1.478,18.24,17.4640,26.9,4.05,-62,10.00,
2026-09-21T13:48:19,1,792.32,22.59,37.64,1.472,17.72,17.4620,26.9,4.10,-64,9.50,
2026-09-21T13:48:20,1,792.33,22.59,37.62,1.477,18.17,17.4620,26.9,4.11,-64,9.50,
2026-09-21T13:48:21,1,792.28,22.60,37.65,1.476,18.04,17.4610,26.9,4.07,-74,9.50,
2026-09-21T13:48:22,1,792.30,22.58,37.67,1.479,18.30,17.4610,26.9,4.11,-60,9.75,
2026-09-21T13:48:24,1,792.33,22.59,37.65,1.472,17.78,17.4520,26.9,4.06,-64,9.50,
2026-09-21T13:48:25,1,792.30,22.59,37.67,1.468,17.46,17.4500,26.9,4.10,-65,9.75,
2026-09-21T13:48:26,1,792.39,22.60,37.64,1.475,17.98,17.4490,26.9,4.06,-66,9.75,
2026-09-21T13:48:27,1,792.37,22.61,37.68,1.476,18.04,17.4440,26.9,4.10,-65,9.75,
2026-09-21T13:48:28,1,792.41,22.59,37.71,1.476,18.04,17.4440,26.9,4.06,-68,9.75,
2026-09-21T13:48:29,1,792.45,22.57,37.70,1.473,17.85,17.4410,26.9,4.10,-70,9.50,
2026-09-21T13:48:30,1,792.37,22.57,37.68,1.475,17.98,17.4340,26.9,4.06,-62,9.75,
2026-09-21T13:48:31,1,792.35,22.59,37.71,1.471,17.66,17.4300,26.9,4.10,-53,9.50,
2026-09-21T13:48:33,1,792.38,22.58,37.65,1.476,18.11,17.4220,26.9,4.06,-58,9.75,
2026-09-21T13:48:34,1,792.25,22.58,37.70,1.473,17.85,17.4260,26.9,4.11,-62,10.25,
2026-09-21T13:48:35,1,792.30,22.59,37.68,1.476,18.11,17.4170,26.9,4.06,-60,9.50,
2026-09-21T13:48:36,1,792.26,22.58,37.70,1.475,17.98,17.4140,26.9,4.10,-55,9.50,
2026-09-21T13:48:37,1,792.19,22.60,37.70,1.474,17.91,17.4070,26.9,4.06,-55,9.25,
2026-09-21T13:48:38,1,792.26,22.59,37.69,1.473,17.85,17.4030,26.9,4.11,-55,9.50,
2026-09-21T13:48:39,1,792.34,22.57,37.75,1.475,17.98,17.3980,26.9,4.06,-58,9.50,
2026-09-21T13:48:40,1,792.22,22.57,37.72,1.474,17.91,17.3900,26.9,4.11,-56,9.50,
2026-09-21T13:48:42,1,792.24,22.59,37.71,1.475,17.98,17.3900,26.9,4.06,-51,7.75,
2026-09-21T13:48:43,1,792.25,22.58,37.73,1.472,17.78,17.3820,26.9,4.10,-52,6.75,
2026-09-21T13:48:44,1,792.29,22.56,37.73,1.474,17.91,17.3820,26.9,4.06,-51,5.00,
2026-09-21T13:48:49,1,792.33,22.57,37.73,1.470,17.59,17.3490,26.9,4.10,-66,9.75,
2026-09-21T13:48:50,1,792.22,22.55,37.74,1.475,17.98,17.3450,26.9,4.06,-62,9.50,
2026-09-21T13:48:52,1,792.28,22.58,37.75,1.470,17.59,17.3380,26.9,4.05,-59,9.75,
2026-09-21T13:48:53,1,792.27,22.58,37.74,1.475,17.98,17.3230,26.9,4.10,-62,10.00,
2026-09-21T13:48:54,1,792.30,22.58,37.75,1.476,18.04,17.3190,26.9,4.07,-60,9.00,
2026-09-21T13:48:55,1,792.25,22.58,37.79,1.475,17.98,17.3160,26.9,4.10,-59,9.50,
2026-09-21T13:48:56,1,792.20,22.58,37.76,1.475,17.98,17.3110,26.9,4.06,-62,9.75,
2026-09-21T13:48:57,1,792.27,22.58,37.78,1.471,17.66,17.3060,26.9,4.10,-59,9.75,
2026-09-21T13:48:58,1,792.26,22.56,37.76,1.473,17.85,17.3040,26.9,4.06,-64,9.00,
2026-09-21T13:48:59,1,792.27,22.58,37.77,1.471,17.66,17.2970,26.9,4.10,-59,9.75,
2026-09-21T13:49:01,1,792.20,22.56,37.78,1.474,17.91,17.2960,26.9,4.06,-75,9.00,
2026-09-21T13:49:02,1,792.29,22.56,37.81,1.471,17.66,17.2860,26.9,4.10,-69,9.50,
2026-09-21T13:49:03,1,792.21,22.59,37.78,1.473,17.85,17.2740,26.9,4.06,-68,9.50,
2026-09-21T13:49:04,1,792.31,22.57,37.78,1.471,17.66,17.2720,26.9,4.10,-66,10.00,
2026-09-21T13:49:05,1,792.43,22.56,37.82,1.472,17.78,17.2660,26.9,4.06,-56,9.25,
2026-09-21T13:49:06,1,792.24,22.57,37.87,1.470,17.59,17.2610,26.9,4.10,-61,9.75,
2026-09-21T13:49:07,1,792.22,22.57,37.82,1.473,17.85,17.2610,26.9,4.06,-59,9.50,
2026-09-21T13:49:08,1,792.28,22.55,37.81,1.470,17.59,17.2590,26.9,4.10,-67,9.75,
2026-09-21T13:49:10,1,792.25,22.56,37.80,1.474,17.91,17.2550,26.9,4.06,-69,9.50,
2026-09-21T13:49:11,1,792.38,22.58,37.81,1.472,17.78,17.2510,26.9,4.10,-65,10.00,
2026-09-21T13:49:12,1,792.16,22.56,37.85,1.471,17.66,17.2620,26.9,4.06,-71,9.50,
2026-09-21T13:49:13,1,792.28,22.55,37.83,1.470,17.59,17.2620,26.9,4.11,-67,9.75,
2026-09-21T13:49:14,1,792.19,22.57,37.82,1.476,18.04,17.2590,26.9,4.06,-65,9.25,
2026-09-21T13:49:15,1,792.24,22.57,37.85,1.472,17.78,17.2540,26.9,4.10,-68,10.00,
2026-09-21T13:49:16,1,792.25,22.57,37.85,1.472,17.78,17.2470,26.9,4.05,-69,9.25,
2026-09-21T13:49:17,1,792.31,22.56,37.85,1.470,17.59,17.2420,26.9,4.10,-64,9.75,
2026-09-21T13:49:18,1,792.18,22.56,37.84,1.476,18.04,17.2360,26.9,4.05,-68,9.50,
2026-09-21T13:49:20,1,792.29,22.54,37.84,1.472,17.78,17.2360,26.9,4.10,-65,9.75,
2026-09-21T13:49:21,1,792.22,22.57,37.90,1.473,17.85,17.2300,26.9,4.07,-56,9.50,
2026-09-21T13:49:22,1,792.24,22.58,37.87,1.472,17.72,17.2250,26.9,4.06,-62,10.00,
2026-09-21T13:49:23,1,792.21,22.57,37.86,1.473,17.85,17.2210,26.9,4.10,-66,9.75,
2026-09-21T13:49:24,1,792.18,22.54,37.88,1.473,17.85,17.2180,26.9,4.06,-62,9.50,
2026-09-21T13:49:33,1,795.92,22.56,37.93,1.472,17.78,17.1870,26.9,4.06,-67,9.75,
2026-09-21T13:49:34,1,792.22,22.56,37.91,1.471,17.66,17.1810,26.9,4.10,-71,9.50,
2026-09-21T13:49:35,1,792.24,22.54,37.95,1.473,17.85,17.1750,26.9,4.06,-61,9.50,
2026-09-21T13:49:36,1,792.18,22.52,37.93,1.480,18.43,17.1760,26.9,4.10,-60,9.75,
2026-09-21T13:49:38,1,792.22,22.55,37.93,1.472,17.72,17.1740,26.9,4.06,-59,9.75,
2026-09-21T13:49:39,1,792.25,22.54,37.94,1.469,17.53,17.1760,26.9,4.11,-63,9.75,
2026-09-21T13:49:40,1,792.15,22.53,37.91,1.472,17.78,17.1620,26.9,4.06,-62,9.75,
2026-09-21T13:49:41,1,792.15,22.55,37.93,1.469,17.53,17.1520,26.9,4.11,-62,9.50,
2026-09-21T13:49:42,1,792.15,22.53,37.96,1.476,18.04,17.1490,26.9,4.06,-66,9.50,
2026-09-21T13:49:44,1,792.17,22.54,37.95,1.472,17.72,17.1360,26.9,4.06,-62,9.75,
2026-09-21T13:49:45,1,792.27,22.53,37.97,1.468,17.46,17.1290,26.9,4.10,-60,9.75,
2026-09-21T13:49:47,1,792.24,22.54,37.93,1.471,17.66,17.1270,26.9,4.05,-72,9.25,
2026-09-21T13:49:48,1,792.35,22.54,37.96,1.468,17.46,17.1240,26.9,4.11,-63,9.75,
2026-09-21T13:49:49,1,792.19,22.54,37.98,1.473,17.85,17.1160,26.9,4.05,-66,9.50,
2026-09-21T13:49:50,1,792.21,22.52,37.96,1.468,17.46,17.1120,26.9,4.11,-67,10.00,
2026-09-21T13:49:51,1,792.41,22.54,37.98,1.472,17.72,17.1030,26.9,4.10,-59,10.00,
2026-09-21T13:49:52,1,792.21,22.52,37.95,1.467,17.40,17.0980,26.9,4.06,-69,9.25,
2026-09-21T13:49:53,1,792.20,22.52,37.96,1.473,17.85,17.0990,26.9,4.11,-61,9.50,
2026-09-21T13:49:54,1,792.25,22.54,38.01,1.469,17.53,17.0950,26.9,4.07,-62,9.50,
2026-09-21T13:49:55,1,792.23,22.53,37.99,1.469,17.53,17.0920,26.9,4.11,-62,9.75,
2026-09-21T13:49:57,1,792.27,22.55,38.02,1.472,17.72,17.0870,26.9,4.06,-62,9.75,
2026-09-21T13:49:58,1,792.26,22.54,37.98,1.467,17.40,17.0850,26.9,4.11,-60,10.00,
2026-09-21T13:49:59,1,792.20,22.53,38.02,1.468,17.46,17.0830,26.9,4.06,-61,10.00,
2026-09-21T13:50:00,1,792.25,22.52,38.02,1.467,17.33,17.0770,26.9,4.10,-57,9.50,
2026-09-21T13:50:01,1,792.17,22.54,38.01,1.462,16.95,17.0790,26.9,4.06,-61,9.50,
2026-09-21T13:50:02,1,792.27,22.55,38.02,1.472,17.72,17.0800,26.9,4.10,-63,9.75,
2026-09-21T13:50:03,1,792.25,22.52,38.04,1.471,17.66,17.0800,26.9,4.06,-64,9.50,
2026-09-21T13:50:04,1,792.16,22.54,38.04,1.468,17.46,17.0820,26.9,4.10,-63,10.00,
2026-09-21T13:50:07,1,792.32,22.51,38.00,1.467,17.33,17.0790,26.9,4.10,-60,9.75,
2026-09-21T13:50:08,1,792.23,22.54,38.02,1.467,17.40,17.0780,26.9,4.06,-58,9.75,
2026-09-21T13:50:09,1,792.22,22.53,38.04,1.470,17.59,17.0710,26.9,4.10,-62,4.75,
2026-09-21T13:50:10,1,792.24,22.52,38.03,1.472,17.78,17.0640,26.9,4.06,-51,-0.50,
2026-09-21T13:50:12,1,792.19,22.52,38.08,1.473,17.85,17.0600,26.9,4.06,-51,5.75,
2026-09-21T13:50:17,1,802.30,22.52,38.09,1.472,17.78,17.0410,26.9,4.05,-55,9.50,
2026-09-21T13:50:18,1,792.33,22.52,38.10,1.467,17.33,17.0380,26.9,4.10,-54,9.50,
2026-09-21T13:50:19,1,792.28,22.51,38.09,1.472,17.72,17.0340,26.9,4.05,-60,10.00,
2026-09-21T13:50:20,1,792.29,22.52,38.07,1.469,17.53,17.0310,26.9,4.10,-53,9.25,
2026-09-21T13:50:21,1,792.17,22.52,38.09,1.472,17.78,17.0300,26.9,4.10,-53,10.25,
2026-09-21T13:50:22,1,792.17,22.54,38.09,1.466,17.27,17.0200,26.9,4.06,-52,9.50,
2026-09-21T13:50:23,1,792.26,22.54,38.13,1.472,17.78,17.0150,26.9,4.11,-53,9.50,
2026-09-21T13:50:25,1,792.18,22.52,38.09,1.476,18.04,17.0070,26.9,4.07,-54,9.50,
2026-09-21T13:50:26,1,792.19,22.53,38.13,1.468,17.46,17.0010,26.9,4.10,-55,9.50,
2026-09-21T13:50:27,1,792.24,22.52,38.08,1.471,17.66,16.9880,26.9,4.06,-54,9.50,
2026-09-21T13:50:28,1,792.21,22.50,38.09,1.477,18.17,16.9860,26.9,4.11,-53,9.75,
2026-09-21T13:50:29,1,792.20,22.51,38.13,1.472,17.72,16.9880,26.9,4.06,-55,9.75,
2026-09-21T13:50:30,1,792.16,22.49,38.11,1.467,17.40,16.9830,26.9,4.10,-55,9.75,
2026-09-21T13:50:31,1,792.27,22.50,38.13,1.468,17.46,16.9850,26.9,4.06,-57,9.50,
2026-09-21T13:50:32,1,792.24,22.52,38.16,1.468,17.46,16.9790,26.9,4.11,-56,9.50,
2026-09-21T13:50:34,1,792.18,22.51,38.14,1.471,17.66,16.9730,26.9,4.06,-58,9.75,
2026-09-21T13:50:35,1,792.22,22.51,38.15,1.467,17.40,16.9730,26.9,4.10,-54,10.00,
2026-09-21T13:50:36,1,792.21,22.52,38.13,1.470,17.59,16.9710,26.9,4.06,-55,9.50,
2026-09-21T13:50:37,1,792.29,22.51,38.17,1.467,17.40,16.9700,26.9,4.11,-56,9.75,
2026-09-21T13:50:38,1,792.13,22.53,38.14,1.468,17.46,16.9650,26.9,4.06,-55,9.75,
2026-09-21T13:50:39,1,792.26,22.52,38.15,1.467,17.40,16.9640,26.9,4.10,-57,10.25,
2026-09-21T13:50:40,1,792.19,22.52,38.17,1.467,17.33,16.9590,26.9,4.06,-56,9.50,
2026-09-21T13:50:41,1,792.21,22.52,38.18,1.469,17.53,16.9580,26.9,4.11,-55,9.50,
2026-09-21T13:50:43,1,792.31,22.52,38.16,1.471,17.66,16.9550,26.9,4.05,-59,9.75,
2026-09-21T13:50:44,1,792.33,22.54,38.19,1.467,17.40,16.9550,26.9,4.10,-57,10.00,
2026-09-21T13:50:45,1,792.13,22.51,38.13,1.471,17.66,16.9560,26.9,4.06,-58,9.00,
2026-09-21T13:50:46,1,792.22,22.51,38.20,1.470,17.59,16.9590,26.9,4.10,-52,9.50,
2026-09-21T13:50:47,1,792.31,22.52,38.15,1.470,17.59,16.9600,26.9,4.05,-54,9.75,
2026-09-21T13:50:48,1,792.26,22.54,38.18,1.466,17.27,16.9620,26.9,4.10,-55,9.75,
2026-09-21T13:50:49,1,792.09,22.51,38.19,1.470,17.59,16.9520,26.9,4.06,-58,9.75,
2026-09-21T13:50:50,1,792.21,22.51,38.20,1.468,17.46,16.9510,26.9,4.06,-55,9.50,
2026-09-21T13:50:52,1,792.18,22.52,38.20,1.472,17.72,16.9440,26.9,4.10,-59,9.75,
2026-09-21T13:50:53,1,792.25,22.50,38.18,1.467,17.40,16.9480,26.9,4.06,-56,10.00,
2026-09-21T13:50:54,1,792.23,22.53,38.23,1.467,17.33,16.9420,26.9,4.10,-53,1.25,
2026-09-21T13:50:55,1,792.29,22.51,38.20,1.470,17.59,16.9440,26.9,4.06,-53,-2.00,
2026-09-21T13:51:02,1,792.18,22.48,38.23,1.471,17.66,16.9240,26.9,4.06,-57,9.75,
2026-09-21T13:51:03,1,792.27,22.50,38.21,1.467,17.40,16.9250,26.9,4.10,-67,9.75,
2026-09-21T13:51:04,1,792.13,22.50,38.25,1.469,17.53,16.9190,26.9,4.06,-62,10.00,
2026-09-21T13:51:05,1,792.25,22.51,38.22,1.465,17.20,16.9180,26.9,4.10,-69,9.50,
2026-09-21T13:51:06,1,792.12,22.50,38.25,1.469,17.53,16.9140,26.9,4.06,-63,9.50,
2026-09-21T13:51:07,1,792.21,22.50,38.25,1.467,17.40,16.9130,26.9,4.10,-63,9.75,
2026-09-21T13:51:08,1,792.12,22.50,38.25,1.468,17.46,16.9080,26.9,4.05,-60,9.50,
2026-09-21T13:51:11,1,792.21,22.50,38.26,1.469,17.53,16.9060,26.9,4.06,-59,10.00,
2026-09-21T13:51:12,1,792.16,22.50,38.26,1.467,17.40,16.9050,26.9,4.10,-63,10.00,
2026-09-21T13:51:13,1,792.28,22.50,38.29,1.472,17.72,16.8990,26.9,4.05,-65,9.50,
2026-09-21T13:51:14,1,792.24,22.50,38.29,1.464,17.14,16.8970,26.9,4.09,-59,9.50,
2026-09-21T13:51:15,1,792.13,22.50,38.28,1.467,17.40,16.8930,26.9,4.05,-67,9.75,
2026-09-21T13:51:16,1,792.16,22.48,38.27,1.463,17.08,16.8960,26.9,4.10,-64,9.75,
2026-09-21T13:51:17,1,792.10,22.50,38.27,1.474,17.91,16.8980,26.9,4.08,-67,9.50,
2026-09-21T13:51:18,1,792.22,22.50,38.30,1.467,17.40,16.8940,26.9,4.06,-54,9.75,
2026-09-21T13:51:20,1,792.26,22.50,38.28,1.468,17.46,16.8900,26.9,4.10,-56,9.75,
2026-09-21T13:51:21,1,792.23,22.51,38.30,1.466,17.27,16.8840,26.9,4.06,-59,9.75,
2026-09-21T13:51:22,1,792.24,22.49,38.32,1.468,17.46,16.8780,26.9,4.10,-59,9.25,
2026-09-21T13:51:23,1,792.24,22.50,38.31,1.480,18.36,16.8740,26.9,4.06,-61,9.50,
2026-09-21T13:51:24,1,792.28,22.50,38.34,1.464,17.14,16.8710,26.9,4.10,-68,9.50,
2026-09-21T13:51:25,1,792.26,22.48,38.31,1.468,17.46,16.8670,26.9,4.06,-62,9.75,
2026-09-21T13:51:26,1,792.30,22.49,38.31,1.465,17.20,16.8610,26.9,4.11,-69,9.25,
2026-09-21T13:51:27,1,792.21,22.48,38.32,1.468,17.46,16.8540,26.9,4.06,-60,9.50,
2026-09-21T13:51:29,1,792.19,22.51,38.33,1.466,17.27,16.8530,26.9,4.10,-61,9.50,
2026-09-21T13:51:30,1,792.19,22.50,38.33,1.465,17.20,16.8470,26.9,4.06,-50,9.75,
2026-09-21T13:51:31,1,792.20,22.50,38.33,1.464,17.14,16.8480,26.9,4.10,-52,9.75,
2026-09-21T13:51:32,1,792.25,22.48,38.34,1.469,17.53,16.8460,26.9,4.06,-51,9.50,
2026-09-21T13:51:33,1,792.23,22.50,38.31,1.465,17.20,16.8410,26.9,4.11,-51,9.75,
2026-09-21T13:51:34,1,792.25,22.50,38.36,1.468,17.46,16.8360,26.9,4.06,-53,9.50,
2026-09-21T13:51:35,1,792.15,22.49,38.34,1.465,17.20,16.8360,26.9,4.10,-52,10.00,
2026-09-21T13:51:36,1,792.16,22.49,38.35,1.467,17.40,16.8270,26.9,4.06,-54,10.00,
2026-09-21T13:51:37,1,792.15,22.49,38.35,1.469,17.53,16.8200,26.9,4.10,-49,7.00,
2026-09-21T13:51:39,1,792.23,22.47,38.37,1.470,17.59,16.8220,26.9,4.05,-48,4.75,
2026-09-21T13:51:40,1,792.27,22.49,38.38,1.466,17.27,16.8160,26.9,4.11,-50,5.75,
2026-09-21T13:51:45,1,792.21,22.48,38.37,1.467,17.40,16.8010,26.9,4.07,-74,9.75,
2026-09-21T13:51:46,1,792.20,22.49,38.38,1.464,17.14,16.8000,26.9,4.06,-62,9.50,
2026-09-21T13:51:48,1,792.31,22.49,38.42,1.468,17.46,16.8000,26.9,4.11,-59,9.25,
2026-09-21T13:51:49,1,792.15,22.49,38.39,1.464,17.14,16.8010,26.9,4.06,-59,9.50,
2026-09-21T13:51:50,1,792.16,22.48,38.39,1.469,17.53,16.7980,26.9,4.10,-61,10.00,
2026-09-21T13:51:51,1,792.27,22.49,38.39,1.467,17.40,16.8010,26.9,4.06,-58,9.75,
2026-09-21T13:51:52,1,792.23,22.50,38.39,1.465,17.20,16.7940,26.9,4.10,-56,10.25,
2026-09-21T13:51:53,1,792.16,22.49,38.41,1.467,17.40,16.7950,26.9,4.06,-69,9.50,
2026-09-21T13:51:54,1,792.15,22.48,38.40,1.466,17.27,16.7970,26.9,4.10,-62,10.00,
2026-09-21T13:51:55,1,792.24,22.46,38.42,1.465,17.20,16.7930,26.9,4.06,-54,9.75,
2026-09-21T13:51:57,1,792.19,22.50,38.41,1.463,17.08,16.7950,26.9,4.10,-54,9.50,
2026-09-21T13:51:58,1,792.19,22.49,38.42,1.469,17.53,16.7960,26.9,4.06,-53,9.50,
2026-09-21T13:51:59,1,792.26,22.47,38.42,1.466,17.27,16.7920,26.9,4.10,-54,9.75,
2026-09-21T13:52:00,1,792.23,22.46,38.44,1.467,17.33,16.7860,26.9,4.06,-55,9.75,
2026-09-21T13:52:01,1,792.22,22.48,38.44,1.471,17.66,16.7850,26.9,4.11,-55,10.00,
2026-09-21T13:52:02,1,792.14,22.48,38.43,1.476,18.04,16.7860,26.9,4.06,-55,9.75,
2026-09-21T13:52:03,1,792.25,22.48,38.44,1.467,17.40,16.7790,26.9,4.10,-55,10.00,
2026-09-21T13:52:04,1,792.21,22.50,38.42,1.464,17.14,16.7840,26.9,4.06,-55,9.50,
2026-09-21T13:52:05,1,792.20,22.49,38.46,1.467,17.33,16.7780,26.9,4.11,-55,10.00,
2026-09-21T13:52:07,1,792.11,22.46,38.45,1.466,17.27,16.7770,26.9,4.05,-55,9.50,
2026-09-21T13:52:08,1,792.20,22.47,38.48,1.465,17.20,16.7770,26.9,4.10,-55,9.75,
2026-09-21T13:52:09,1,792.16,22.47,38.43,1.466,17.27,16.7680,26.9,4.05,-55,9.75,
2026-09-21T13:52:10,1,792.15,22.47,38.47,1.465,17.20,16.7660,26.9,4.10,-55,9.50,
2026-09-21T13:52:11,1,792.14,22.49,38.48,1.466,17.27,16.7570,26.9,4.05,-55,9.50,
2026-09-21T13:52:12,1,792.26,22.48,38.47,1.467,17.33,16.7560,26.9,4.11,-55,9.75,
2026-09-21T13:52:13,1,792.11,22.50,38.47,1.467,17.40,16.7500,26.9,4.05,-55,9.75,
2026-09-21T13:52:14,1,792.25,22.49,38.46,1.460,16.82,16.7440,26.9,4.06,-55,9.75,
2026-09-21T13:52:16,1,792.22,22.48,38.47,1.469,17.53,16.7460,26.9,4.10,-55,9.75,
2026-09-21T13:52:17,1,792.20,22.48,38.47,1.464,17.14,16.7370,26.9,4.06,-54,9.75,
2026-09-21T13:52:18,1,792.20,22.48,38.50,1.465,17.20,16.7340,26.9,4.10,-55,9.75,
2026-09-21T13:52:19,1,792.14,22.48,38.48,1.472,17.78,16.7280,26.9,4.06,-55,9.50,
2026-09-21T13:52:20,1,792.23,22.48,38.51,1.463,17.01,16.7260,26.9,4.10,-55,9.75,
2026-09-21T13:52:21,1,792.30,22.48,38.50,1.467,17.33,16.7260,26.9,4.00,-45,2.25,
2026-09-21T13:52:23,1,792.10,38.50,1.00,464.000,17.14,16.7230,26.9,4.06,-46,-2.00,
2026-09-21T13:52:29,1,802.31,22.47,38.49,1.463,17.08,16.7160,26.9,4.11,-55,9.25,
2026-09-21T13:52:30,1,792.16,22.50,38.50,1.467,17.40,16.7140,26.9,4.06,-55,9.75,
2026-09-21T13:52:31,1,792.28,22.46,38.54,1.463,17.01,16.7140,26.9,4.10,-55,9.50,
2026-09-21T13:52:32,1,792.10,22.46,38.54,1.466,17.27,16.7130,26.9,4.06,-55,9.50,
2026-09-21T13:52:33,1,792.26,22.48,38.54,1.465,17.20,16.7190,26.9,4.10,-55,9.75,
2026-09-21T13:52:35,1,792.19,22.46,38.54,1.467,17.33,16.7170,26.9,4.05,-55,9.50,
2026-09-21T13:52:36,1,792.16,22.46,38.56,1.464,17.14,16.7060,26.9,4.10,-55,9.75,
2026-09-21T13:52:37,1,792.24,22.48,38.53,1.467,17.40,16.7110,26.9,4.05,-55,9.75,
2026-09-21T13:52:38,1,792.22,22.47,38.57,1.464,17.14,16.7120,26.9,4.10,-55,9.75,
2026-09-21T13:52:39,1,792.17,22.45,38.54,1.469,17.53,16.7150,26.9,4.05,-55,9.75,
2026-09-21T13:52:40,1,792.11,22.48,38.58,1.465,17.20,16.7160,26.9,4.10,-55,9.75,
2026-09-21T13:52:41,1,792.30,22.46,38.58,1.469,17.53,16.7170,26.9,4.05,-55,9.50,
2026-09-21T13:52:42,1,792.12,22.46,38.57,1.463,17.01,16.7150,26.9,4.10,-55,9.75,
2026-09-21T13:52:44,1,792.13,22.47,38.58,1.467,17.40,16.7170,26.9,4.09,-55,9.75,
2026-09-21T13:52:45,1,792.20,22.47,38.59,1.466,17.27,16.7090,26.9,4.06,-55,9.50,
2026-09-21T13:52:46,1,792.31,22.46,38.58,1.467,17.33,16.6980,26.9,4.10,-55,10.00,
2026-09-21T13:52:47,1,792.21,22.46,38.55,1.462,16.95,16.6990,26.9,4.06,-55,9.50,
2026-09-21T13:52:48,1,792.15,22.46,38.54,1.463,17.08,16.6930,26.9,4.10,-55,9.75,
2026-09-21T13:52:50,1,792.23,22.44,38.59,1.464,17.14,16.6880,26.9,4.10,-55,9.75,
2026-09-21T13:52:51,1,792.21,22.47,38.58,1.467,17.40,16.6860,26.9,4.06,-55,9.50,
2026-09-21T13:52:53,1,792.24,22.49,38.59,1.464,17.14,16.6830,26.9,4.10,-55,9.75,
2026-09-21T13:52:54,1,792.14,22.44,38.61,1.467,17.33,16.6750,26.9,4.06,-55,9.75,
2026-09-21T13:52:55,1,792.23,22.48,38.59,1.463,17.01,16.6750,26.9,4.11,-55,9.50,
2026-09-21T13:52:56,1,792.27,22.46,38.58,1.475,17.98,16.6790,26.9,4.06,-55,9.75,
2026-09-21T13:52:57,1,792.27,22.45,38.60,1.463,17.08,16.6770,26.9,4.11,-55,9.50,
2026-09-21T13:52:58,1,792.15,22.47,38.60,1.466,17.27,16.6680,26.9,4.06,-55,9.25,
2026-09-21T13:52:59,1,792.27,22.48,38.59,1.464,17.14,16.6670,26.9,4.10,-54,9.75,
2026-09-21T13:53:00,1,792.20,22.48,38.64,1.463,17.01,16.6680,26.9,4.06,-55,9.25,
2026-09-21T13:53:02,1,792.15,22.46,38.58,1.463,17.01,16.6680,26.9,4.10,-55,10.00,
2026-09-21T13:53:03,1,792.28,22.46,38.60,1.467,17.40,16.6670,26.9,4.06,-55,9.50,
2026-09-21T13:53:04,1,792.29,22.45,38.62,1.464,17.14,16.6630,26.9,4.10,-55,9.75,
2026-09-21T13:53:05,1,792.26,22.44,38.64,1.464,17.14,16.6610,26.9,4.05,-47,6.00,
2026-09-21T13:53:13,1,802.31,22.44,38.65,1.462,16.95,16.6460,26.9,4.10,-55,9.50,
2026-09-21T13:53:14,1,792.30,22.45,38.67,1.466,17.27,16.6410,26.9,4.10,-55,9.50,
2026-09-21T13:53:15,1,792.21,22.46,38.67,1.463,17.01,16.6320,26.9,4.07,-55,9.50,
2026-09-21T13:53:16,1,792.11,22.45,38.66,1.468,17.46,16.6350,26.9,4.10,-55,9.75,
2026-09-21T13:53:17,1,792.22,22.44,38.68,1.469,17.53,16.6300,26.9,4.06,-55,9.75,
2026-09-21T13:53:18,1,792.18,22.44,38.66,1.461,16.88,16.6290,26.9,4.11,-55,9.75,
2026-09-21T13:53:19,1,792.17,22.45,38.67,1.466,17.27,16.6190,26.9,4.06,-55,9.75,
2026-09-21T13:53:21,1,792.09,22.42,38.65,1.463,17.01,16.6160,26.9,4.10,-55,11.00,
2026-09-21T13:53:22,1,792.29,22.46,38.70,1.465,17.20,16.6080,26.9,4.06,-55,9.75,
2026-09-21T13:53:23,1,792.21,22.46,38.68,1.463,17.08,16.6070,26.9,4.10,-55,10.00,
2026-09-21T13:53:24,1,792.28,22.46,38.66,1.466,17.27,16.6080,26.9,4.06,-55,9.25,
2026-09-21T13:53:25,1,792.26,22.46,38.71,1.463,17.01,16.6020,26.9,4.10,-55,10.25,
2026-09-21T13:53:26,1,792.32,22.44,38.69,1.467,17.40,16.6020,26.9,4.06,-55,9.50,
2026-09-21T13:53:27,1,792.26,22.43,38.68,1.463,17.01,16.6090,26.9,4.10,-55,9.75,
2026-09-21T13:53:28,1,792.21,22.45,38.65,1.465,17.20,16.6030,26.9,4.06,-55,10.00,
2026-09-21T13:53:30,1,792.32,22.44,38.71,1.463,17.01,16.6060,26.9,4.10,-55,10.00,
2026-09-21T13:53:31,1,792.25,22.46,38.70,1.465,17.20,16.6060,26.9,4.06,-55,9.75,
2026-09-21T13:53:32,1,792.24,22.44,38.67,1.463,17.01,16.6030,26.9,4.10,-55,10.00,
2026-09-21T13:53:33,1,792.25,22.44,38.73,1.465,17.20,16.6000,26.9,4.06,-55,9.50,
2026-09-21T13:53:34,1,792.28,22.44,38.71,1.463,17.08,16.5980,26.9,4.10,-54,10.00,
2026-09-21T13:53:35,1,792.22,22.44,38.71,1.467,17.33,16.6020,26.9,4.06,-55,9.50,
2026-09-21T13:53:36,1,792.25,22.44,38.72,1.461,16.88,16.5960,26.9,4.10,-55,9.75,
2026-09-21T13:53:37,1,792.22,22.45,38.73,1.464,17.14,16.5950,26.9,4.05,-54,9.75,
2026-09-21T13:53:38,1,792.22,22.45,38.73,1.462,16.95,16.6020,26.9,4.10,-55,9.75,
2026-09-21T13:53:40,1,792.22,22.45,38.74,1.466,17.27,16.6060,26.9,4.05,-55,9.50,
2026-09-21T13:53:41,1,792.23,22.47,38.72,1.464,17.14,16.6040,26.9,4.10,-55,9.75,
2026-09-21T13:53:42,1,792.18,22.46,38.73,1.469,17.53,16.6020,26.9,4.10,-55,10.00,
2026-09-21T13:53:43,1,792.22,22.44,38.72,1.463,17.08,16.6010,26.9,4.06,-55,9.50,
2026-09-21T13:53:44,1,792.23,22.42,38.71,1.468,17.46,16.5980,26.9,4.10,-55,9.75,
2026-09-21T13:53:45,1,792.24,22.44,38.73,1.464,17.14,16.6010,26.9,4.06,-55,9.50,
2026-09-21T13:53:46,1,792.14,22.45,38.75,1.463,17.01,16.5980,26.9,4.10,-55,9.50,
2026-09-21T13:53:47,1,792.29,22.43,38.72,1.467,17.33,16.5920,26.9,4.06,-55,9.25,
2026-09-21T13:53:49,1,792.23,22.46,38.73,1.459,16.75,16.5950,26.9,4.11,-55,9.75,
2026-09-21T13:53:50,1,792.30,22.43,38.78,1.464,17.14,16.5930,26.9,4.06,-45,-1.75,
2026-09-21T13:53:51,1,792.27,22.44,38.77,1.463,17.08,16.5890,26.9,4.10,-45,-2.75,
2026-09-21T13:53:56,1,802.22,22.44,38.74,1.464,17.14,16.5820,26.9,4.06,-55,9.75,
2026-09-21T13:53:58,1,792.21,22.44,38.77,1.463,17.01,16.5840,26.9,4.10,-55,9.50,
2026-09-21T13:53:59,1,792.26,22.43,38.79,1.466,17.27,16.5760,26.9,4.06,-55,9.75,
2026-09-21T13:54:00,1,792.24,22.45,38.78,1.463,17.01,16.5740,26.9,4.10,-55,9.75,
2026-09-21T13:54:01,1,792.20,22.43,38.79,1.467,17.40,16.5680,26.9,4.06,-55,9.50,
2026-09-21T13:54:02,1,792.22,22.45,38.78,1.464,17.14,16.5700,26.9,4.10,-55,9.50,
2026-09-21T13:54:03,1,792.14,22.44,38.77,1.466,17.27,16.5720,26.9,4.05,-55,9.75,
2026-09-21T13:54:04,1,792.15,22.44,38.78,1.463,17.08,16.5670,26.9,4.10,-55,9.50,
2026-09-21T13:54:05,1,792.19,22.43,38.78,1.467,17.40,16.5680,26.9,4.05,-55,9.50,
2026-09-21T13:54:07,1,792.26,22.43,38.79,1.463,17.08,16.5700,26.9,4.10,-55,9.50,
2026-09-21T13:54:08,1,792.19,22.43,38.79,1.465,17.20,16.5670,26.9,4.04,-55,9.75,
2026-09-21T13:54:09,1,792.36,22.43,38.80,1.462,16.95,16.5660,26.9,4.10,-55,9.50,
2026-09-21T13:54:10,1,792.26,22.41,38.82,1.465,17.20,16.5590,26.9,4.08,-55,9.50,
2026-09-21T13:54:11,1,792.21,22.44,38.84,1.461,16.88,16.5580,26.9,4.06,-55,9.75,
2026-09-21T13:54:12,1,792.25,22.44,38.82,1.468,17.46,16.5580,26.9,4.10,-55,10.00,
2026-09-21T13:54:13,1,792.29,22.43,38.82,1.461,16.88,16.5570,26.9,4.06,-55,9.75,
2026-09-21T13:54:14,1,792.16,22.43,38.79,1.460,16.82,16.5640,26.9,4.10,-55,10.00,
2026-09-21T13:54:15,1,792.16,22.43,38.81,1.465,17.20,16.5630,26.9,4.06,-55,9.50,
2026-09-21T13:54:17,1,792.15,22.42,38.79,1.463,17.01,16.5600,26.9,4.10,-55,9.75,
2026-09-21T13:54:18,1,792.23,22.41,38.78,1.467,17.40,16.5640,26.9,4.06,-55,9.50,
2026-09-21T13:54:19,1,792.20,22.42,38.81,1.467,17.40,16.5660,26.9,4.10,-55,9.75,
2026-09-21T13:54:20,1,792.17,22.42,38.81,1.466,17.27,16.5650,26.9,4.06,-55,9.75,
2026-09-21T13:54:21,1,792.19,22.42,38.85,1.466,17.27,16.5620,26.9,4.10,-54,9.50,
2026-09-21T13:54:22,1,792.23,22.42,38.84,1.467,17.40,16.5590,26.9,4.06,-55,9.50,
2026-09-21T13:54:23,1,792.29,22.43,38.86,1.463,17.01,16.5570,26.9,4.10,-55,10.25,
2026-09-21T13:54:24,1,792.23,22.43,38.82,1.465,17.20,16.5580,26.9,4.06,-55,9.75,
2026-09-21T13:54:26,1,792.18,22.45,38.83,1.461,16.88,16.5570,26.9,4.10,-55,9.75,
2026-09-21T13:54:27,1,792.21,22.42,38.85,1.466,17.27,16.5560,26.9,4.06,-55,9.50,
2026-09-21T13:54:28,1,792.30,22.42,38.86,1.463,17.01,16.5640,26.9,4.10,-55,9.50,
2026-09-21T13:54:29,1,792.20,22.43,38.85,1.465,17.20,16.5610,26.9,4.06,-55,9.50,
2026-09-21T13:54:30,1,792.29,22.43,38.89,1.463,17.01,16.5620,26.9,4.10,-55,10.00,
2026-09-21T13:54:31,1,792.18,22.42,38.83,1.463,17.08,16.5570,26.9,4.06,-55,9.75,
2026-09-21T13:54:32,1,792.38,22.42,38.86,1.463,17.01,16.5540,26.9,4.10,-55,10.00,
2026-09-21T13:54:33,1,792.21,22.43,38.88,1.465,17.20,16.5530,26.9,4.05,-46,-1.25,
2026-09-21T13:54:35,1,792.20,22.44,38.86,1.462,36.95,16.5450,26.9,4.10,-44,-2.75,
2026-09-21T13:54:41,1,792.26,22.42,38.88,1.461,16.88,16.5290,26.9,4.06,-55,9.25,
2026-09-21T13:54:42,1,792.19,22.42,38.91,1.460,16.82,16.5250,26.9,4.10,-55,9.75,
2026-09-21T13:54:43,1,792.25,22.40,38.88,1.463,17.01,16.5230,26.9,4.06,-55,9.75,
2026-09-21T13:54:46,1,792.25,22.41,38.90,1.461,16.88,16.5150,26.9,4.06,-55,9.25,
2026-09-21T13:54:47,1,792.27,22.42,38.90,1.454,16.30,16.5150,26.9,4.10,-55,9.75,
2026-09-21T13:54:48,1,792.18,22.43,38.92,1.463,17.01,16.5090,26.9,4.06,-55,9.50,
2026-09-21T13:54:49,1,792.19,22.43,38.92,1.460,16.82,16.5080,26.9,4.10,-55,9.75,
2026-09-21T13:54:50,1,792.18,22.40,38.91,1.463,17.01,16.5040,26.9,4.06,-55,9.75,
2026-09-21T13:54:51,1,792.18,22.42,38.91,1.460,16.82,16.5070,26.9,4.10,-55,9.50,
2026-09-21T13:54:52,1,792.29,22.40,38.93,1.467,17.33,16.5080,26.9,4.06,-55,9.75,
2026-09-21T13:54:54,1,792.22,22.43,38.93,1.460,16.82,16.5050,26.9,4.10,-55,10.00,
2026-09-21T13:54:55,1,792.17,22.42,38.91,1.463,17.01,16.5020,26.9,4.06,-55,10.00,
2026-09-21T13:54:56,1,792.23,22.41,38.91,1.462,16.95,16.5030,26.9,4.10,-55,9.75,
2026-09-21T13:54:57,1,792.28,22.43,38.91,1.476,18.04,16.5060,26.9,4.06,-55,9.50,
2026-09-21T13:54:58,1,792.17,22.41,38.91,1.465,17.20,16.5030,26.9,4.10,-55,9.75,
2026-09-21T13:54:59,1,792.16,22.42,38.91,1.468,17.46,16.4980,26.9,4.06,-54,9.75,
2026-09-21T13:55:00,1,792.18,22.41,38.94,1.459,16.75,16.5020,26.9,4.10,-55,11.00,
2026-09-21T13:55:01,1,792.21,22.40,38.95,1.465,17.20,16.5020,26.9,4.05,-55,9.75,
2026-09-21T13:55:03,1,792.23,22.42,38.94,1.459,16.69,16.5050,26.9,4.10,-55,9.75,
2026-09-21T13:55:04,1,792.13,22.43,38.96,1.463,17.08,16.5060,26.9,4.05,-55,9.75,
2026-09-21T13:55:05,1,792.18,22.38,38.94,1.462,16.95,16.5050,26.9,4.10,-55,9.50,
2026-09-21T13:55:06,1,792.14,22.42,38.95,1.464,17.14,16.5080,26.9,4.05,-55,9.50,
2026-09-21T13:55:07,1,792.27,22.42,38.99,1.460,16.82,16.5050,26.9,4.10,-55,9.75,
2026-09-21T13:55:08,1,792.17,22.42,38.96,1.466,17.27,16.5050,26.9,4.10,-55,9.75,
2026-09-21T13:55:09,1,792.21,22.41,38.95,1.459,16.75,16.5100,26.9,4.06,-55,9.75,
2026-09-21T13:55:10,1,792.21,22.41,38.97,1.466,17.27,16.5050,26.9,4.10,-55,10.00,
2026-09-21T13:55:12,1,792.07,22.41,38.94,1.460,16.82,16.5000,26.9,4.06,-55,9.75,
2026-09-21T13:55:13,1,792.16,22.41,38.96,1.461,16.88,16.5010,26.9,4.10,-55,10.00,
2026-09-21T13:55:14,1,792.18,22.39,38.95,1.468,17.46,16.4990,26.9,4.06,-55,10.00,
2026-09-21T13:55:15,1,792.20,22.40,38.93,1.463,17.08,16.5030,26.9,4.10,-55,9.50,
2026-09-21T13:55:16,1,792.26,22.41,38.96,1.463,17.08,16.5060,26.9,4.06,-55,9.75,
2026-09-21T13:55:17,1,792.28,22.42,38.96,1.462,16.95,16.5070,26.9,4.10,-47,1.25,
2026-09-21T13:55:25,1,802.24,22.40,38.97,1.463,17.01,16.4950,26.9,4.06,-55,9.50,
2026-09-21T13:55:26,1,792.18,22.39,38.99,1.463,17.01,16.4840,26.9,4.10,-55,9.50,
2026-09-21T13:55:27,1,792.13,22.40,39.00,1.464,17.14,16.4820,26.9,4.05,-55,9.50,
2026-09-21T13:55:28,1,792.17,22.40,38.98,1.463,17.01,16.4770,26.9,4.10,-55,9.75,
2026-09-21T13:55:29,1,792.22,22.40,39.00,1.467,17.33,16.4730,26.9,4.05,-55,9.50,
2026-09-21T13:55:31,1,792.14,22.38,39.02,1.464,17.14,16.4810,26.9,4.10,-55,9.25,
2026-09-21T13:55:32,1,792.28,22.41,38.99,1.464,17.14,16.4820,26.9,4.06,-55,9.75,
2026-09-21T13:55:33,1,792.16,22.40,39.01,1.459,16.75,16.4790,26.9,4.10,-53,9.75,
2026-09-21T13:55:34,1,792.27,22.40,39.02,1.466,17.27,16.4810,26.9,4.05,-55,9.50,
2026-09-21T13:55:35,1,792.25,22.40,38.99,1.463,17.01,16.4790,26.9,4.11,-55,9.50,
2026-09-21T13:55:36,1,792.31,22.41,39.04,1.463,17.08,16.4790,26.9,4.05,-55,9.75,
2026-09-21T13:55:37,1,792.17,22.40,39.00,1.463,17.08,16.4790,26.9,4.10,-55,9.75,
2026-09-21T13:55:38,1,792.32,22.39,39.04,1.467,17.40,16.4750,26.9,4.10,-55,9.50,
2026-09-21T13:55:40,1,792.22,22.39,39.02,1.461,16.88,16.4750,26.9,4.06,-55,9.50,
2026-09-21T13:55:41,1,792.19,22.40,39.03,1.465,17.20,16.4740,26.9,4.10,-55,9.75,
2026-09-21T13:55:42,1,792.20,22.40,39.03,1.466,17.27,16.4760,26.9,4.07,-55,9.50,
2026-09-21T13:55:43,1,792.15,22.40,39.01,1.474,17.91,16.4780,26.9,4.10,-55,9.50,
2026-09-21T13:55:44,1,792.22,22.40,39.04,1.462,16.95,16.4780,26.9,4.06,-55,10.00,
2026-09-21T13:55:45,1,792.11,22.39,39.02,1.458,16.62,16.4780,26.9,4.10,-55,9.75,
2026-09-21T13:55:46,1,792.19,22.40,39.04,1.463,17.08,16.4800,26.9,4.06,-55,9.50,
2026-09-21T13:55:47,1,792.19,22.41,39.05,1.459,16.75,16.4760,26.9,4.10,-55,9.50,
2026-09-21T13:55:48,1,792.26,22.39,39.05,1.466,17.27,16.4830,26.9,4.06,-55,9.50,
2026-09-21T13:55:50,1,792.17,22.39,39.06,1.458,16.62,16.4800,26.9,4.10,-55,9.75,
2026-09-21T13:55:51,1,792.15,22.38,39.04,1.464,17.14,16.4750,26.9,4.06,-55,9.50,
2026-09-21T13:55:52,1,792.13,22.39,39.03,1.461,16.88,16.4740,26.9,4.10,-55,9.75,
2026-09-21T13:55:53,1,792.23,22.39,39.05,1.465,17.20,16.4680,26.9,4.06,-55,9.50,
2026-09-21T13:55:54,1,792.28,22.40,39.07,1.463,17.01,16.4620,26.9,4.10,-55,9.50,
2026-09-21T13:55:55,1,792.15,22.39,39.08,1.464,17.14,16.4610,26.9,4.06,-55,9.50,
2026-09-21T13:55:56,1,792.16,22.41,39.06,1.462,16.95,16.4570,26.9,4.10,-55,10.00,
2026-09-21T13:55:57,1,792.17,22.41,39.06,1.465,17.20,16.4580,26.9,4.06,-55,9.75,
2026-09-21T13:55:59,1,792.20,22.42,39.06,1.459,16.69,16.4620,26.9,4.10,-55,9.75,
2026-09-21T13:56:00,1,792.21,22.39,39.08,1.464,17.14,16.4590,26.9,4.05,-55,9.75,
2026-09-21T13:56:01,1,792.13,22.39,39.06,1.463,17.01,16.4610,26.9,4.10,-48,7.75,
2026-09-21T13:56:02,1,792.12,22.39,39.05,1.457,16.56,16.4530,26.9,4.05,-44,-2.50,
2026-09-21T13:56:03,1,792.24,22.38,39.07,1.455,16.43,16.4530,26.9,4.10,-44,-2.25,
2026-09-21T13:56:04,1,792.32,22.39,39.08,1.466,1.00,16.4480,26.9,4.04,-45,-2.75,
2026-09-21T13:56:09,1,802.24,22.39,39.11,1.465,17.20,16.4470,26.9,4.10,-55,9.50,
2026-09-21T13:56:10,1,792.19,22.40,39.09,1.460,16.82,16.4440,26.9,4.05,-55,9.75,
2026-09-21T13:56:11,1,792.20,22.37,39.09,1.461,16.88,16.4540,26.9,4.10,-55,9.75,
2026-09-21T13:56:12,1,792.32,22.39,39.11,1.467,17.33,16.4510,26.9,4.06,-55,10.00,
2026-09-21T13:56:13,1,792.22,22.39,39.12,1.463,17.08,16.4540,26.9,4.10,-55,9.50,
2026-09-21T13:56:14,1,792.18,22.39,39.10,1.464,17.14,16.4530,26.9,4.06,-55,9.75,
2026-09-21T13:56:15,1,792.29,22.39,39.10,1.459,16.69,16.4470,26.9,4.10,-55,9.75,
2026-09-21T13:56:17,1,792.21,22.40,39.11,1.462,16.95,16.4450,26.9,4.06,-55,9.75,
2026-09-21T13:56:18,1,792.25,22.41,39.12,1.460,16.82,16.4390,26.9,4.10,-55,9.75,
2026-09-21T13:56:19,1,792.19,22.38,39.11,1.465,17.20,16.4350,26.9,4.06,-55,9.50,
2026-09-21T13:56:20,1,792.17,22.39,39.15,1.460,16.82,16.4340,26.9,4.10,-55,10.00,
2026-09-21T13:56:21,1,792.26,22.40,39.11,1.463,17.08,16.4370,26.9,4.06,-55,9.25,
2026-09-21T13:56:22,1,792.24,22.40,39.13,1.460,16.82,16.4380,26.9,4.10,-55,10.00,
2026-09-21T13:56:23,1,792.16,22.39,39.12,1.460,16.82,16.4410,26.9,4.06,-55,9.50,
2026-09-21T13:56:24,1,792.27,22.38,39.14,1.461,16.88,16.4360,26.9,4.10,-55,9.75,
2026-09-21T13:56:25,1,792.17,22.38,39.10,1.469,17.53,16.4360,26.9,4.06,-55,9.50,
2026-09-21T13:56:27,1,792.16,22.37,39.16,1.462,16.95,16.4290,26.9,4.10,-55,10.00,
2026-09-21T13:56:28,1,792.27,22.41,39.16,1.459,16.75,16.4300,26.9,4.05,-55,9.75,
2026-09-21T13:56:29,1,792.29,22.37,39.13,1.461,16.88,16.4290,26.9,4.10,-55,9.75,
2026-09-21T13:56:30,1,792.05,22.38,39.14,1.463,17.01,16.4220,26.9,4.06,-55,9.75,
2026-09-21T13:56:31,1,792.20,22.38,39.13,1.461,16.88,16.4240,26.9,4.10,-55,10.00,
2026-09-21T13:56:32,1,792.13,22.38,39.16,1.463,17.08,16.4210,26.9,4.05,-55,9.75,
2026-09-21T13:56:33,1,792.19,22.39,39.18,1.461,16.88,16.4270,26.9,4.10,-55,9.50,
2026-09-21T13:56:34,1,792.14,22.38,39.14,1.465,17.20,16.4240,26.9,4.05,-55,9.75,
2026-09-21T13:56:36,1,792.19,22.39,39.17,1.462,16.95,16.4260,26.9,4.10,-55,9.50,
2026-09-21T13:56:37,1,792.14,22.40,39.11,1.464,17.14,16.4290,26.9,4.10,-55,9.75,
2026-09-21T13:56:38,1,792.31,22.41,39.17,1.460,16.82,16.4200,26.9,4.06,-55,10.00,
2026-09-21T13:56:39,1,792.39,22.39,39.17,1.466,17.27,16.4280,26.9,4.10,-55,9.25,
2026-09-21T13:56:40,1,792.25,22.39,39.18,1.458,16.62,16.4200,26.9,4.06,-55,9.50,
2026-09-21T13:56:41,1,792.18,22.38,39.16,1.464,17.14,16.4140,26.9,4.09,-55,9.75,
2026-09-21T13:56:42,1,792.20,22.38,39.17,1.463,17.08,16.4140,26.9,4.06,-55,9.25,
2026-09-21T13:56:43,1,792.17,22.40,39.20,1.459,16.75,16.4100,26.9,4.10,-55,9.50,
2026-09-21T13:56:45,1,792.15,22.39,39.18,1.462,16.95,16.4130,26.9,4.06,-55,9.75,
2026-09-21T13:56:46,1,792.13,22.37,39.19,1.459,16.69,16.3980,26.9,4.10,-46,-2.00,
2026-09-21T13:56:53,1,792.17,22.39,39.16,1.463,17.01,16.3900,26.9,4.06,-54,9.50,
2026-09-21T13:56:55,1,792.07,22.36,39.15,1.460,16.82,16.3880,26.9,4.10,-55,9.75,
2026-09-21T13:56:56,1,792.22,22.36,39.23,1.463,17.01,16.3850,26.9,4.06,-55,9.25,
2026-09-21T13:56:57,1,792.09,22.38,39.21,1.460,16.82,16.3890,26.9,4.10,-55,9.50,
2026-09-21T13:56:58,1,792.17,22.38,39.20,1.464,17.14,16.3870,26.9,4.05,-55,9.75,
2026-09-21T13:56:59,1,792.07,22.37,39.18,1.460,16.82,16.3860,26.9,4.10,-55,9.75,
2026-09-21T13:57:00,1,792.19,22.38,39.23,1.462,16.95,16.3880,26.9,4.06,-55,9.50,
2026-09-21T13:57:01,1,792.23,22.39,39.22,1.460,16.82,16.3900,26.9,4.10,-55,9.75,
2026-09-21T13:57:02,1,792.22,22.37,39.23,1.463,17.01,16.3890,26.9,4.06,-55,9.25,
2026-09-21T13:57:04,1,792.20,22.37,39.20,1.460,16.82,16.3930,26.9,4.11,-55,9.25,
2026-09-21T13:57:05,1,792.08,22.40,39.21,1.462,16.95,16.3960,26.9,4.05,-55,9.75,
2026-09-21T13:57:06,1,792.22,22.38,39.22,1.459,16.69,16.4070,26.9,4.10,-55,9.50,
2026-09-21T13:57:07,1,792.19,22.38,39.24,1.463,17.01,16.4050,26.9,4.05,-55,9.25,
2026-09-21T13:57:08,1,792.18,22.36,39.23,1.459,16.75,16.4020,26.9,4.10,-55,9.25,
2026-09-21T13:57:09,1,792.15,22.36,39.24,1.463,17.01,16.3980,26.9,4.10,-55,9.75,
2026-09-21T13:57:10,1,792.11,22.39,39.24,1.459,16.69,16.4000,26.9,4.06,-55,9.50,
2026-09-21T13:57:11,1,792.15,22.36,39.21,1.462,16.95,16.4010,26.9,4.10,-55,9.75,
2026-09-21T13:57:13,1,792.10,22.38,39.24,1.471,17.66,16.3960,26.9,4.06,-56,10.00,
2026-09-21T13:57:14,1,792.25,22.38,39.26,1.455,16.43,16.3940,26.9,4.10,-55,9.25,
2026-09-21T13:57:15,1,792.13,22.37,39.24,1.462,16.95,16.3930,26.9,4.06,-55,9.25,
2026-09-21T13:57:16,1,792.17,22.34,39.24,1.462,16.95,16.3930,26.9,4.10,-55,9.75,
2026-09-21T13:57:17,1,792.08,22.36,39.26,1.463,17.01,16.3870,26.9,4.06,-55,9.50,
2026-09-21T13:57:18,1,792.18,22.38,39.26,1.461,16.88,16.3850,26.9,4.10,-55,10.00,
2026-09-21T13:57:19,1,792.15,22.37,39.28,1.463,17.08,16.3850,26.9,4.06,-55,9.25,
2026-09-21T13:57:20,1,792.05,22.35,39.23,1.458,16.62,16.3870,26.9,4.10,-55,9.75,
2026-09-21T13:57:22,1,792.16,22.37,39.29,1.463,17.01,16.3860,26.9,4.06,-55,9.75,
2026-09-21T13:57:23,1,792.13,22.35,39.28,1.459,16.75,16.3870,26.9,4.10,-54,9.25,
2026-09-21T13:57:24,1,792.14,22.36,39.27,1.463,17.08,16.3830,26.9,4.06,-55,9.75,
2026-09-21T13:57:25,1,792.09,22.39,39.26,1.459,16.75,16.3820,26.9,4.10,-55,9.75,
2026-09-21T13:57:26,1,792.17,22.37,39.26,1.463,17.01,16.3760,26.9,4.06,-55,9.75,
2026-09-21T13:57:27,1,792.28,22.38,39.25,1.459,16.69,16.3740,26.9,4.10,-55,9.50,
2026-09-21T13:57:28,1,792.12,22.37,39.28,1.462,16.95,16.3740,26.9,4.06,-56,9.50,
2026-09-21T13:57:29,1,792.15,22.38,39.27,1.460,16.82,16.3770,26.9,4.00,-45,-0.50,
2026-09-21T13:57:37,1,792.26,22.37,39.31,1.462,16.95,16.3790,26.9,4.05,-55,9.75,
2026-09-21T13:57:38,1,792.21,22.36,39.31,1.463,17.08,16.3820,26.9,4.11,-55,9.75,
2026-09-21T13:57:39,1,792.16,22.35,39.28,1.467,17.33,16.3770,26.9,4.04,-55,9.50,
2026-09-21T13:57:41,1,792.25,22.38,39.29,1.459,16.69,16.3750,26.9,4.06,-55,9.50,
2026-09-21T13:57:42,1,792.16,22.36,39.28,1.463,17.08,16.3720,26.9,4.10,-55,9.75,
2026-09-21T13:57:43,1,792.18,22.35,39.31,1.459,16.69,16.3710,26.9,4.06,-55,9.50,
2026-09-21T13:57:44,1,792.21,22.36,39.26,1.460,16.82,16.3670,26.9,4.10,-55,10.00,
2026-09-21T13:57:45,1,792.29,22.35,39.34,1.468,17.46,16.3660,26.9,4.06,-55,9.50,
2026-09-21T13:57:46,1,792.12,22.36,39.34,1.460,16.82,16.3690,26.9,4.10,-55,9.75,
2026-09-21T13:57:47,1,792.21,22.36,39.32,1.464,17.14,16.3690,26.9,4.06,-55,9.50,
2026-09-21T13:57:48,1,792.12,22.35,39.30,1.460,16.82,16.3640,26.9,4.10,-55,10.00,
2026-09-21T13:57:50,1,792.17,22.36,39.32,1.464,17.14,16.3650,26.9,4.07,-55,9.50,
2026-09-21T13:57:51,1,792.23,22.36,39.30,1.461,16.88,16.3660,26.9,4.10,-55,9.50,
2026-09-21T13:57:52,1,792.22,22.37,39.32,1.463,17.08,16.3650,26.9,4.06,-55,9.50,
2026-09-21T13:57:53,1,792.11,22.37,39.31,1.465,17.20,16.3600,26.9,4.10,-55,9.75,
2026-09-21T13:57:54,1,792.20,22.35,39.34,1.463,17.01,16.3640,26.9,4.06,-55,10.00,
2026-09-21T13:57:55,1,792.21,22.37,39.32,1.460,16.82,16.3700,26.9,4.10,-55,9.75,
2026-09-21T13:57:56,1,792.09,22.36,39.32,1.459,16.75,16.3670,26.9,4.06,-55,9.50,
2026-09-21T13:57:57,1,792.16,22.36,39.34,1.459,16.75,16.3650,26.9,4.10,-55,9.75,
2026-09-21T13:57:58,1,792.16,22.36,39.35,1.464,17.14,16.3640,26.9,4.06,-55,9.75,
2026-09-21T13:58:00,1,792.10,22.36,39.37,1.460,16.82,16.3680,26.9,4.10,-55,9.50,
2026-09-21T13:58:01,1,792.16,22.35,39.36,1.463,17.08,16.3650,26.9,4.05,-55,9.50,
2026-09-21T13:58:02,1,792.20,22.33,39.38,1.460,16.82,16.3690,26.9,4.10,-55,9.75,
2026-09-21T13:58:03,1,792.13,22.35,39.33,1.463,17.08,16.3650,26.9,4.06,-55,9.75,
2026-09-21T13:58:04,1,792.23,22.35,39.37,1.463,17.01,16.3690,26.9,4.10,-55,9.75,
2026-09-21T13:58:05,1,792.11,22.36,39.36,1.462,16.95,16.3670,26.9,4.06,-55,9.75,
2026-09-21T13:58:06,1,792.11,22.34,39.33,1.458,16.62,16.3640,26.9,4.10,-54,9.50,
2026-09-21T13:58:07,1,792.22,22.35,39.37,1.463,17.08,16.3610,26.9,4.05,-55,9.25,
2026-09-21T13:58:09,1,792.17,22.35,39.37,1.461,16.88,16.3680,26.9,4.10,-56,9.50,
2026-09-21T13:58:10,1,792.15,22.35,39.39,1.463,17.08,16.3670,26.9,4.04,-55,9.25,
2026-09-21T13:58:11,1,792.22,22.34,39.34,1.457,16.56,16.3680,26.9,4.10,-55,9.75,
2026-09-21T13:58:12,1,792.26,22.36,39.38,1.463,17.01,16.3590,26.9,4.10,-55,9.75,
2026-09-21T13:58:13,1,792.14,22.37,39.39,1.461,16.88,16.3530,26.9,4.00,-45,1.75,
2026-09-21T13:58:14,1,792.23,22.34,39.36,1.463,17.01,16.3490,2.0,4.10,-45,-2.75,
2026-09-21T13:58:21,1,802.26,22.35,39.37,1.459,16.75,16.3370,26.9,4.10,-55,9.75,
2026-09-21T13:58:22,1,792.19,22.35,39.37,1.460,16.82,16.3360,26.9,4.06,-55,9.75,
2026-09-21T13:58:23,1,792.26,22.36,39.37,1.458,16.62,16.3330,26.9,4.10,-55,9.75,
2026-09-21T13:58:24,1,792.14,22.33,39.38,1.463,17.01,16.3300,26.9,4.06,-55,9.25,
2026-09-21T13:58:25,1,792.17,22.34,39.40,1.459,16.75,16.3330,26.9,4.10,-55,9.75,
2026-09-21T13:58:27,1,792.18,22.35,39.42,1.460,16.82,16.3330,26.9,4.06,-55,9.50,
2026-09-21T13:58:28,1,792.33,22.35,39.40,1.459,16.69,16.3380,26.9,4.10,-55,9.25,
2026-09-21T13:58:29,1,792.30,22.32,39.40,1.462,16.95,16.3380,26.9,4.05,-55,9.75,
2026-09-21T13:58:30,1,792.15,22.35,39.41,1.457,16.56,16.3340,26.9,4.10,-55,9.75,
2026-09-21T13:58:31,1,792.27,22.34,39.43,1.461,16.88,16.3260,26.9,4.05,-55,9.25,
2026-09-21T13:58:32,1,792.22,22.33,39.41,1.460,16.82,16.3290,26.9,4.10,-55,9.50,
2026-09-21T13:58:33,1,792.17,22.37,39.40,1.464,17.14,16.3340,26.9,4.06,-55,9.25,
2026-09-21T13:58:34,1,792.17,22.36,39.43,1.459,16.69,16.3320,26.9,4.10,-55,9.50,
2026-09-21T13:58:35,1,792.14,22.35,39.43,1.459,16.75,16.3280,26.9,4.05,-55,9.50,
2026-09-21T13:58:37,1,792.19,22.34,39.43,1.459,16.69,16.3300,26.9,4.10,-55,10.25,
2026-09-21T13:58:38,1,792.19,22.34,39.43,1.463,17.01,16.3310,26.9,4.05,-55,9.50,
2026-09-21T13:58:39,1,792.17,22.34,39.41,1.459,16.69,16.3290,26.9,4.09,-55,9.75,
2026-09-21T13:58:40,1,792.15,22.36,39.40,1.462,16.95,16.3250,26.9,4.04,-53,9.50,
2026-09-21T13:58:41,1,792.21,22.31,39.44,1.459,16.75,16.3240,26.9,4.10,-55,9.50,
2026-09-21T13:58:42,1,792.13,22.34,39.39,1.463,17.01,16.3200,26.9,4.05,-55,9.75,
2026-09-21T13:58:43,1,792.22,22.33,39.42,1.459,16.69,16.3220,26.9,4.06,-55,9.25,
2026-09-21T13:58:44,1,792.22,22.35,39.44,1.463,17.01,16.3310,26.9,4.09,-55,9.75,
2026-09-21T13:58:46,1,792.19,22.32,39.43,1.459,16.75,16.3280,26.9,4.06,-55,9.25,
2026-09-21T13:58:47,1,792.21,22.34,39.44,1.463,17.01,16.3300,26.9,4.10,-55,9.50,
2026-09-21T13:58:48,1,792.13,22.34,39.47,1.462,16.95,16.3280,26.9,4.06,-55,9.50,
2026-09-21T13:58:49,1,792.18,22.37,39.43,1.459,16.75,16.3220,26.9,4.10,-55,9.50,
2026-09-21T13:58:50,1,792.13,22.35,39.45,1.462,16.95,16.3250,26.9,4.06,-55,9.50,
2026-09-21T13:58:51,1,792.17,22.35,39.45,1.459,16.75,16.3290,26.9,4.10,-55,9.75,
2026-09-21T13:58:52,1,792.18,22.35,39.45,1.463,17.08,16.3280,26.9,4.06,-55,9.75,
2026-09-21T13:58:53,1,792.17,22.34,39.46,1.459,16.75,16.3270,26.9,4.10,-55,9.75,
2026-09-21T13:58:55,1,792.23,22.35,39.46,1.463,17.01,16.3250,26.9,4.05,-55,9.50,
2026-09-21T13:58:56,1,792.16,22.35,39.49,1.457,16.56,16.3300,26.9,4.10,-55,9.75,
2026-09-21T13:58:57,1,792.18,22.33,39.48,1.463,17.01,16.3310,26.9,4.06,-49,8.75,
2026-09-21T13:58:58,1,792.24,22.33,39.48,1.458,16.62,16.3320,26.9,4.10,-45,-2.25,
2026-09-21T13:59:05,1,802.28,22.32,39.51,1.459,16.75,16.3210,26.9,4.11,-55,9.75,
2026-09-21T13:59:06,1,792.19,22.34,39.48,1.463,17.01,16.3250,26.9,4.06,-55,9.25,
2026-09-21T13:59:07,1,792.26,22.35,39.45,1.461,16.88,16.3220,26.9,4.10,-55,10.00,
2026-09-21T13:59:08,1,792.15,22.32,39.52,1.461,16.88,16.3240,26.9,4.05,-55,9.50,
2026-09-21T13:59:09,1,792.20,22.35,39.50,1.460,16.82,16.3260,26.9,4.10,-55,10.00,
2026-09-21T13:59:10,1,792.17,22.34,39.48,1.464,17.14,16.3280,26.9,4.05,-55,9.50,
2026-09-21T13:59:11,1,792.20,22.31,39.46,1.460,16.82,16.3250,26.9,4.10,-55,9.50,
2026-09-21T13:59:12,1,792.15,22.33,39.52,1.462,16.95,16.3270,26.9,4.04,-55,9.75,
2026-09-21T13:59:14,1,792.15,22.32,39.48,1.459,16.75,16.3230,26.9,4.10,-55,9.50,
2026-09-21T13:59:15,1,792.11,22.35,39.52,1.464,17.14,16.3250,26.9,4.10,-55,9.50,
2026-09-21T13:59:16,1,792.14,22.34,39.51,1.453,16.24,16.3230,26.9,4.06,-55,9.00,
2026-09-21T13:59:18,1,792.23,22.31,39.48,1.459,16.75,16.3210,26.9,4.06,-55,9.50,
2026-09-21T13:59:19,1,792.06,22.33,39.53,1.459,16.75,16.3190,26.9,4.10,-55,9.75,
2026-09-21T13:59:20,1,792.10,22.35,39.50,1.461,16.88,16.3180,26.9,4.06,-55,9.25,
2026-09-21T13:59:21,1,792.14,22.31,39.50,1.459,16.75,16.3210,26.9,4.10,-55,9.75,
2026-09-21T13:59:23,1,792.01,22.33,39.57,1.463,17.01,16.3280,26.9,4.06,-55,9.50,
2026-09-21T13:59:24,1,792.16,22.34,39.52,1.462,16.95,16.3290,25.9,4.10,-55,9.75,
2026-09-21T13:59:25,1,792.25,22.33,39.53,1.465,17.20,16.3280,25.9,4.06,-55,9.50,
2026-09-21T13:59:26,1,792.24,22.32,39.52,1.459,16.69,16.3250,25.9,4.10,-55,9.50,
2026-09-21T13:59:27,1,792.14,22.33,39.52,1.463,17.01,16.3180,25.9,4.06,-55,10.00,
2026-09-21T13:59:28,1,792.14,22.34,39.54,1.459,16.69,16.3170,25.9,4.10,-55,9.50,
2026-09-21T13:59:29,1,792.18,22.30,39.50,1.463,17.01,16.3150,25.9,4.06,-55,9.50,
2026-09-21T13:59:32,1,792.17,22.32,39.53,1.463,17.01,16.3080,25.9,4.06,-55,9.75,
2026-09-21T13:59:33,1,792.17,22.31,39.53,1.460,16.82,16.3050,25.9,4.10,-55,9.75,
2026-09-21T13:59:34,1,792.18,22.32,39.54,1.464,17.14,16.3040,25.9,4.06,-55,9.75,
2026-09-21T13:59:35,1,792.10,22.32,39.52,1.459,16.75,16.3020,25.9,4.10,-55,9.50,
2026-09-21T13:59:36,1,792.22,22.32,39.55,1.461,16.88,16.2990,25.9,4.05,-55,9.75,
2026-09-21T13:59:37,1,792.14,22.33,39.53,1.460,16.82,16.3010,25.9,4.10,-55,9.75,
2026-09-21T13:59:38,1,792.13,22.33,39.54,1.463,17.08,16.3020,25.9,4.05,-55,9.50,
2026-09-21T13:59:39,1,792.18,22.31,39.58,1.458,16.62,16.3050,25.9,4.10,-55,10.00,
2026-09-21T13:59:40,1,792.22,22.32,39.53,1.459,16.75,16.3080,25.9,4.05,-55,9.25,
2026-09-21T13:59:49,1,792.28,22.30,39.56,1.444,15.53,16.3130,25.9,4.10,-55,9.50,
2026-09-21T13:59:51,1,792.13,22.32,39.59,1.462,16.95,16.3140,25.9,4.06,-55,9.75,
2026-09-21T13:59:52,1,792.20,22.32,39.57,1.459,16.69,16.3140,25.9,4.10,-54,9.75,
2026-09-21T13:59:53,1,792.11,22.32,39.56,1.460,16.82,16.3160,25.9,4.06,-55,9.50,
2026-09-21T13:59:54,1,792.21,22.33,39.58,1.459,16.75,16.3170,25.9,4.10,-55,10.00,
2026-09-21T13:59:55,1,792.09,22.33,39.55,1.463,17.01,16.3200,25.9,4.06,-55,9.25,
2026-09-21T13:59:56,1,792.24,22.33,39.58,1.460,16.82,16.3240,25.9,4.10,-55,9.75,
2026-09-21T13:59:57,1,792.13,22.31,39.58,1.459,16.75,16.3210,25.9,4.06,-55,9.25,
2026-09-21T13:59:58,1,792.15,22.32,39.60,1.461,16.88,16.3220,25.9,4.10,-55,9.50,
2026-09-21T14:00:00,1,792.04,22.32,39.59,1.463,17.01,16.3210,25.9,4.06,-55,9.75,
2026-09-21T14:00:01,1,792.08,22.32,39.61,1.459,16.75,16.3150,25.9,4.10,-55,9.75,
2026-09-21T14:00:02,1,792.17,22.32,39.60,1.461,16.88,16.3110,25.9,4.05,-55,9.75,
2026-09-21T14:00:03,1,792.12,22.32,39.58,1.463,17.08,16.3090,25.9,4.10,-55,10.00,
2026-09-21T14:00:04,1,792.20,22.34,39.58,1.462,16.95,16.3100,25.9,4.06,-55,9.75,
2026-09-21T14:00:06,1,792.18,22.34,39.60,1.463,17.01,16.3020,25.9,4.05,-55,9.50,
2026-09-21T14:00:07,1,792.21,22.32,39.58,1.459,16.69,16.3000,25.9,4.10,-55,9.75,
2026-09-21T14:00:08,1,792.16,22.32,39.62,1.462,16.95,16.2950,25.9,4.06,-55,9.25,
2026-09-21T14:00:10,1,792.19,22.32,39.62,1.459,16.69,16.3010,25.9,4.10,-55,9.25,
2026-09-21T14:00:11,1,792.14,22.31,39.61,1.462,16.95,16.3020,25.9,4.05,-55,9.50,
2026-09-21T14:00:12,1,792.21,22.34,39.62,1.458,16.62,16.3090,25.9,4.10,-55,9.75,
2026-09-21T14:00:13,1,792.23,22.31,39.64,1.462,16.95,16.3100,25.9,4.05,-55,9.50,
2026-09-21T14:00:14,1,792.15,22.33,39.63,1.463,17.08,16.3100,25.9,4.10,-55,9.50,
2026-09-21T14:00:15,1,792.11,22.30,39.63,1.463,17.08,16.3100,25.9,4.05,-55,9.50,
2026-09-21T14:00:16,1,792.12,22.31,39.62,1.458,16.62,16.3110,25.9,4.10,-55,9.50,
2026-09-21T14:00:17,1,792.32,22.31,39.64,1.462,16.95,16.3130,25.9,4.10,-55,9.50,
2026-09-21T14:00:19,1,792.21,22.32,39.65,1.461,16.88,16.3080,25.9,4.06,-55,10.00,
2026-09-21T14:00:20,1,792.20,22.30,39.66,1.465,17.20,16.3080,25.9,4.10,-55,10.00,
2026-09-21T14:00:21,1,792.10,22.32,39.63,1.459,16.69,16.3090,25.9,4.06,-55,9.50,
2026-09-21T14:00:22,1,792.16,22.30,39.66,1.459,16.69,16.3210,25.9,4.10,-55,9.50,
2026-09-21T14:00:23,1,792.15,22.32,39.64,1.461,16.88,16.3220,25.9,4.06,-56,9.75,
2026-09-21T14:00:24,1,792.15,22.32,39.65,1.457,16.56,16.3190,25.9,4.09,-55,9.50,
2026-09-21T14:00:25,1,792.07,22.32,39.61,1.462,16.95,16.3180,25.9,4.06,-46,-1.00,
2026-09-21T14:00:26,1,792.21,22.31,39.66,1.459,16.75,16.0000,25.9,4.10,-45,-2.75,
2026-09-21T14:00:33,1,792.20,22.31,39.65,1.459,16.75,16.3190,25.9,4.10,-55,9.50,
2026-09-21T14:00:34,1,792.17,22.30,39.66,1.462,16.95,16.3160,25.9,4.06,-55,9.75,
2026-09-21T14:00:35,1,792.15,22.30,39.66,1.460,16.82,16.3110,25.9,4.10,-55,9.50,
2026-09-21T14:00:37,1,792.22,22.29,39.64,1.463,17.01,16.3040,25.9,4.05,-55,9.50,
2026-09-21T14:00:38,1,792.15,22.31,39.67,1.461,16.88,16.3060,25.9,4.10,-55,9.75,
2026-09-21T14:00:39,1,792.09,22.31,39.66,1.460,16.82,16.3070,25.9,4.06,-55,9.25,
2026-09-21T14:00:40,1,792.19,22.30,39.68,1.458,16.62,16.3060,25.9,4.10,-55,9.50,
2026-09-21T14:00:41,1,792.10,22.32,39.69,1.457,16.56,16.3000,25.9,4.06,-54,9.50,
2026-09-21T14:00:42,1,792.19,22.30,39.66,1.458,16.62,16.2960,25.9,4.10,-55,10.25,
2026-09-21T14:00:43,1,792.20,22.30,39.70,1.463,17.08,16.2950,25.9,4.04,-55,9.50,
2026-09-21T14:00:44,1,792.13,22.31,39.66,1.459,16.69,16.2970,25.9,4.10,-55,10.25,
2026-09-21T14:00:45,1,792.20,22.29,39.69,1.461,16.88,16.2940,25.9,4.05,-55,9.50,
2026-09-21T14:00:47,1,792.22,22.32,39.68,1.458,16.62,16.2920,25.9,4.10,-55,9.50,
2026-09-21T14:00:48,1,792.18,22.30,39.68,1.462,16.95,16.2950,25.9,4.06,-55,9.75,
2026-09-21T14:00:49,1,792.14,22.29,39.72,1.469,17.53,16.2880,25.9,4.06,-55,9.25,
2026-09-21T14:00:50,1,792.25,22.29,39.73,1.462,16.95,16.2820,25.9,4.10,-55,10.00,
2026-09-21T14:00:51,1,792.17,22.29,39.68,1.459,16.69,16.2870,25.9,4.06,-55,9.75,
2026-09-21T14:00:52,1,792.18,22.30,39.69,1.461,16.88,16.2840,25.9,4.10,-55,9.50,
2026-09-21T14:00:53,1,792.14,22.29,39.69,1.463,17.01,16.2860,25.9,4.06,-55,9.75,
2026-09-21T14:00:54,1,792.18,22.29,39.71,1.459,16.69,16.2850,25.9,4.10,-55,9.75,
2026-09-21T14:00:56,1,792.20,22.30,39.71,1.461,16.88,16.2890,25.9,4.06,-55,9.75,
2026-09-21T14:00:57,1,792.18,22.29,39.70,1.456,16.50,16.2950,25.9,4.10,-55,9.50,
2026-09-21T14:00:58,1,792.06,22.29,39.72,1.461,16.88,16.2870,25.9,4.06,-55,9.50,
2026-09-21T14:00:59,1,792.23,22.30,39.71,1.459,16.75,16.2890,25.9,4.10,-55,9.50,
2026-09-21T14:01:00,1,792.18,22.30,39.74,1.462,16.95,16.2860,25.9,4.05,-55,9.50,
2026-09-21T14:01:01,1,792.19,22.32,39.70,1.458,16.62,16.2810,25.9,4.10,-55,9.50,
2026-09-21T14:01:02,1,792.20,22.30,39.69,1.461,16.88,16.2810,25.9,4.06,-55,9.25,
2026-09-21T14:01:03,1,792.13,22.30,39.71,1.459,16.69,16.2860,25.9,4.10,-54,10.00,
2026-09-21T14:01:05,1,792.11,22.31,39.71,1.463,17.08,16.2840,25.9,4.06,-55,9.50,
2026-09-21T14:01:06,1,792.15,22.31,39.73,1.458,16.62,16.2870,25.9,4.10,-55,9.75,
2026-09-21T14:01:07,1,792.16,22.30,39.73,1.461,16.88,16.2860,25.9,4.06,-55,10.75,
2026-09-21T14:01:08,1,792.20,22.30,39.71,1.457,16.56,16.2830,25.9,4.10,-55,9.25,
2026-09-21T14:01:09,1,792.08,22.29,39.75,1.461,16.88,16.2800,25.9,0.00,-45,3.25,
2026-09-21T14:01:12,1,792.14,22.28,39.74,1.450,16.75,16.2820,25.9,4.10,-52,2.75,
2026-09-21T14:01:17,1,802.14,22.30,39.75,1.456,16.50,16.2780,25.9,4.10,-55,9.50,
2026-09-21T14:01:18,1,792.12,22.28,39.75,1.463,17.08,16.2840,25.9,4.05,-55,9.50,
2026-09-21T14:01:19,1,792.21,22.30,39.73,1.459,16.69,16.2900,25.9,4.10,-55,10.00,
2026-09-21T14:01:20,1,792.22,22.29,39.75,1.462,16.95,16.2940,25.9,4.10,-55,9.75,
2026-09-21T14:01:21,1,792.13,22.28,39.77,1.455,16.37,16.2990,25.9,4.06,-55,9.75,
2026-09-21T14:01:22,1,792.11,22.29,39.76,1.461,16.88,16.3000,25.9,4.09,-55,9.75,
2026-09-21T14:01:24,1,792.12,22.29,39.74,1.463,17.01,16.3000,25.9,4.06,-55,9.50,
2026-09-21T14:01:25,1,792.28,22.29,39.78,1.460,16.82,16.2970,25.9,4.10,-55,9.75,
2026-09-21T14:01:26,1,792.08,22.30,39.78,1.462,16.95,16.2970,25.9,4.06,-55,9.50,
2026-09-21T14:01:27,1,792.26,22.28,39.75,1.458,16.62,16.2990,25.9,4.09,-55,9.50,
2026-09-21T14:01:28,1,792.16,22.28,39.76,1.462,16.95,16.2950,25.9,4.06,-55,9.75,
2026-09-21T14:01:29,1,792.16,22.29,39.78,1.459,16.75,16.2960,25.9,4.10,-55,9.75,
2026-09-21T14:01:30,1,792.10,22.29,39.77,1.460,16.82,16.2930,25.9,4.06,-55,9.75,
2026-09-21T14:01:31,1,792.13,22.28,39.78,1.459,16.75,16.2990,25.9,4.10,-55,9.75,
2026-09-21T14:01:33,1,792.14,22.30,39.77,1.463,17.01,16.2950,25.9,4.06,-55,9.75,
2026-09-21T14:01:34,1,792.22,22.27,39.79,1.459,16.75,16.2890,25.9,4.10,-55,9.75,
2026-09-21T14:01:35,1,792.12,22.31,39.78,1.463,17.01,16.2940,25.9,4.06,-55,10.50,
2026-09-21T14:01:36,1,792.22,22.28,39.79,1.461,16.88,16.2960,25.9,4.10,-55,9.75,
2026-09-21T14:01:37,1,792.08,22.29,39.80,1.461,16.88,16.2990,25.9,4.06,-55,9.75,
2026-09-21T14:01:38,1,792.06,22.28,39.78,1.460,16.82,16.2920,25.9,4.10,-55,10.00,
2026-09-21T14:01:39,1,792.21,22.28,39.79,1.459,16.75,16.2910,25.9,4.05,-55,9.75,
2026-09-21T14:01:40,1,792.09,22.28,39.78,1.458,16.62,16.2850,25.9,4.10,-55,9.75,
2026-09-21T14:01:42,1,792.20,22.28,39.78,1.462,16.95,16.2850,25.9,4.05,-55,10.00,
2026-09-21T14:01:43,1,792.20,22.27,39.80,1.459,16.69,16.2850,25.9,4.10,-55,9.50,
2026-09-21T14:01:44,1,792.20,22.28,39.79,1.460,16.82,16.2820,25.9,4.06,-55,9.75,
2026-09-21T14:01:45,1,792.24,22.28,39.82,1.455,16.43,16.2840,25.9,4.10,-55,9.75,
2026-09-21T14:01:46,1,792.15,22.28,39.82,1.463,17.01,16.2860,25.9,4.05,-55,9.50,
2026-09-21T14:01:47,1,792.17,22.29,39.79,1.458,16.62,16.2850,25.9,4.10,-52,9.50,
2026-09-21T14:01:48,1,792.07,22.29,39.82,1.460,16.82,16.2870,25.9,4.05,-55,9.75,
2026-09-21T14:01:49,1,792.17,22.28,39.82,1.459,16.69,16.2860,25.9,4.10,-55,9.25,
2026-09-21T14:01:50,1,792.21,22.27,39.79,1.461,16.88,16.2830,25.9,4.05,-55,9.50,
2026-09-21T14:01:52,1,792.10,22.29,39.82,1.459,16.75,16.2840,25.9,4.06,-55,9.50,
2026-09-21T14:01:53,1,792.13,22.28,39.81,1.463,17.01,16.2850,25.9,4.10,-49,7.50,
2026-09-21T14:01:55,1,792.25,22.28,39.82,1.460,16.82,16.2820,25.9,4.09,-45,-2.50,
2026-09-21T14:02:01,1,802.20,22.29,39.82,1.462,16.95,16.2870,25.9,4.06,-55,9.50,
2026-09-21T14:02:02,1,792.16,22.27,39.87,1.459,16.69,16.2820,25.9,4.10,-55,9.50,
2026-09-21T14:02:03,1,792.14,22.28,39.87,1.460,16.82,16.2820,25.9,4.06,-55,9.75,
2026-09-21T14:02:04,1,792.25,22.27,39.85,1.456,16.50,16.2810,25.9,4.10,-55,9.50,
2026-09-21T14:02:05,1,792.14,22.27,39.87,1.461,16.88,16.2770,25.9,4.06,-55,9.50,
2026-09-21T14:02:06,1,792.09,22.26,39.85,1.458,16.62,16.2750,25.9,4.10,-55,9.75,
2026-09-21T14:02:07,1,792.12,22.28,39.86,1.462,16.95,16.2800,25.9,4.06,-55,9.75,
2026-09-21T14:02:08,1,792.19,22.26,39.85,1.460,16.82,16.2820,25.9,4.10,-55,9.75,
2026-09-21T14:02:10,1,792.01,22.25,39.88,1.462,16.95,16.2850,25.9,4.06,-55,9.75,
2026-09-21T14:02:11,1,792.10,22.28,39.84,1.457,16.56,16.2830,25.9,4.10,-55,9.50,
2026-09-21T14:02:12,1,792.11,22.27,39.86,1.460,16.82,16.2780,25.9,4.05,-55,10.00,
2026-09-21T14:02:13,1,792.16,22.29,39.85,1.455,16.43,16.2770,25.9,4.10,-55,9.75,
2026-09-21T14:02:14,1,792.15,22.28,39.87,1.459,16.69,16.2780,25.9,4.06,-55,9.75,
2026-09-21T14:02:15,1,792.17,22.26,39.84,1.458,16.62,16.2770,25.9,4.10,-55,12.25,
2026-09-21T14:02:16,1,792.10,22.27,39.86,1.461,16.88,16.2760,25.9,4.05,-55,9.50,
2026-09-21T14:02:17,1,792.21,22.27,39.87,1.459,16.75,16.2740,25.9,4.10,-55,9.50,
2026-09-21T14:02:19,1,792.14,22.28,39.87,1.465,17.20,16.2700,25.9,4.05,-55,9.50,
2026-09-21T14:02:20,1,792.05,22.27,39.85,1.459,16.75,16.2740,25.9,4.10,-55,9.25,
2026-09-21T14:02:21,1,792.13,22.28,39.90,1.462,16.95,16.2700,25.9,4.05,-55,9.75,
2026-09-21T14:02:22,1,792.17,22.27,39.91,1.455,16.43,16.2690,25.9,4.10,-55,9.75,
2026-09-21T14:02:23,1,792.13,22.28,39.88,1.463,17.08,16.2650,25.9,4.10,-54,10.00,
2026-09-21T14:02:24,1,792.12,22.28,39.90,1.459,16.69,16.2650,25.9,4.06,-55,9.50,
2026-09-21T14:02:25,1,792.30,22.25,39.90,1.461,16.88,16.2660,25.9,4.10,-54,9.50,
2026-09-21T14:02:26,1,792.19,22.27,39.85,1.458,16.62,16.2690,25.9,4.06,-55,9.50,
2026-09-21T14:02:27,1,792.09,22.25,39.90,1.451,16.04,16.2660,25.9,4.10,-55,9.50,
2026-09-21T14:02:29,1,792.20,22.25,39.88,1.460,16.82,16.2620,25.9,4.06,-55,9.50,
2026-09-21T14:02:30,1,792.11,22.26,39.92,1.459,16.75,16.2610,25.9,4.10,-55,9.50,
2026-09-21T14:02:31,1,792.24,22.27,39.89,1.461,16.88,16.2670,25.9,4.06,-55,10.00,
2026-09-21T14:02:32,1,792.16,22.26,39.89,1.459,16.69,16.2700,25.9,4.10,-55,9.75,
2026-09-21T14:02:33,1,792.06,22.28,39.89,1.461,16.88,16.2770,25.9,4.06,-55,9.50,
2026-09-21T14:02:34,1,792.17,22.25,39.90,1.459,16.69,16.2770,25.9,4.10,-55,9.75,
2026-09-21T14:02:35,1,792.04,22.27,39.91,1.462,16.95,16.2800,25.9,4.06,-55,9.50,
2026-09-21T14:02:36,1,792.22,22.25,39.91,1.458,16.62,16.2820,25.9,4.10,-55,10.00,
2026-09-21T14:02:38,1,792.21,22.27,39.88,1.462,16.95,16.2840,25.9,4.06,-45,-1.75,
2026-09-21T14:02:45,1,792.21,22.26,39.91,1.459,16.69,16.2920,25.9,4.11,-55,9.50,
2026-09-21T14:02:47,1,792.10,22.28,39.91,1.460,16.82,16.2920,25.9,4.05,-55,9.25,
2026-09-21T14:02:48,1,792.16,22.27,39.94,1.459,16.69,16.2910,25.9,4.10,-55,9.75,
2026-09-21T14:02:49,1,792.07,22.26,39.94,1.462,16.95,16.2990,25.9,4.05,-55,9.50,
2026-09-21T14:02:50,1,792.24,22.28,39.95,1.461,16.88,16.3010,25.9,4.10,-55,9.75,
2026-09-21T14:02:51,1,792.05,22.28,39.91,1.462,16.95,16.3030,25.9,4.05,-55,10.00,
2026-09-21T14:02:52,1,792.14,22.23,39.90,1.459,16.75,16.3010,25.9,4.09,-55,9.50,
2026-09-21T14:02:53,1,792.01,22.26,39.94,1.460,16.82,16.2950,25.9,4.04,-55,9.25,
2026-09-21T14:02:54,1,792.17,22.25,39.93,1.460,16.82,16.3030,25.9,4.06,-55,9.50,
2026-09-21T14:02:55,1,792.14,22.26,39.97,1.463,17.01,16.2970,25.9,4.10,-55,9.50,
2026-09-21T14:02:57,1,792.12,22.28,39.93,1.457,16.56,16.2960,25.9,4.06,-55,9.50,
2026-09-21T14:02:58,1,792.22,22.25,39.95,1.467,17.33,16.2970,25.9,4.10,-55,9.50,
2026-09-21T14:02:59,1,792.01,22.25,39.96,1.461,16.88,16.2990,25.9,4.06,-55,9.50,
2026-09-21T14:03:00,1,792.12,22.23,39.98,1.459,16.75,16.3040,25.9,4.10,-55,9.75,
2026-09-21T14:03:01,1,792.07,22.24,39.90,1.462,16.95,16.3080,25.9,4.06,-55,9.25,
2026-09-21T14:03:02,1,792.24,22.25,39.95,1.461,16.88,16.3070,25.9,4.10,-55,9.75,
2026-09-21T14:03:03,1,792.07,22.27,39.92,1.466,17.27,16.3080,25.9,4.06,-55,9.25,
2026-09-21T14:03:04,1,792.10,22.26,39.94,1.462,16.95,16.3050,25.9,4.10,-55,9.75,
2026-09-21T14:03:06,1,792.11,22.26,39.95,1.462,16.95,16.3040,25.9,4.06,-55,9.75,
2026-09-21T14:03:07,1,792.05,22.27,39.94,1.459,16.69,16.3000,25.9,4.10,-55,9.50,
2026-09-21T14:03:08,1,792.11,22.26,39.98,1.459,16.75,16.3070,25.9,4.06,-55,9.50,
2026-09-21T14:03:09,1,792.15,22.25,39.95,1.457,16.56,16.2970,25.9,4.10,-55,9.25,
2026-09-21T14:03:10,1,792.18,22.26,39.98,1.467,17.33,16.2990,25.9,4.06,-55,9.50,
2026-09-21T14:03:11,1,792.13,22.26,39.97,1.459,16.69,16.2950,25.9,4.10,-55,9.75,
2026-09-21T14:03:12,1,792.20,22.27,39.94,1.459,16.75,16.2960,25.9,4.06,-55,9.50,
2026-09-21T14:03:13,1,792.21,22.26,39.97,1.458,16.62,16.2990,25.9,4.10,-55,9.50,
2026-09-21T14:03:15,1,792.22,22.25,39.97,1.461,16.88,16.2910,25.9,4.06,-55,10.00,
2026-09-21T14:03:16,1,792.11,22.26,39.97,1.459,16.75,16.2960,25.9,4.10,-55,9.75,
2026-09-21T14:03:17,1,792.08,22.25,39.95,1.463,17.01,16.2970,25.9,4.06,-55,9.50,
2026-09-21T14:03:18,1,792.10,22.25,39.97,1.457,16.56,16.3010,25.9,4.10,-55,9.75,
2026-09-21T14:03:19,1,792.07,22.25,39.98,1.459,16.75,16.3030,25.9,4.05,-55,9.25,
2026-09-21T14:03:20,1,792.10,22.24,39.98,1.460,16.82,16.3020,25.9,4.10,-55,9.50,
2026-09-21T14:03:21,1,792.21,22.25,39.97,1.463,17.01,16.2980,2.0,4.00,-45,-0.25,
2026-09-21T14:03:29,1,792.08,22.24,40.00,1.459,16.75,16.2990,25.9,4.05,-55,9.75,
2026-09-21T14:03:30,1,792.03,22.26,39.95,1.457,16.56,16.2950,25.9,4.10,-55,10.25,
2026-09-21T14:03:31,1,792.15,22.25,40.02,1.460,16.82,16.2960,25.9,4.06,-55,9.75,
2026-09-21T14:03:32,1,792.16,22.27,39.97,1.459,16.69,16.2910,25.9,4.10,-55,9.50,
2026-09-21T14:03:34,1,792.07,22.25,40.01,1.461,16.88,16.2920,25.9,4.06,-55,9.50,
2026-09-21T14:03:35,1,792.08,22.24,40.02,1.459,16.75,16.2940,25.9,4.10,-55,9.50,
2026-09-21T14:03:36,1,792.04,22.25,40.00,1.463,17.01,16.2930,25.9,4.06,-55,9.75,
2026-09-21T14:03:37,1,792.06,22.24,40.03,1.460,16.82,16.2910,25.9,4.10,-55,9.50,
2026-09-21T14:03:38,1,792.04,22.24,40.01,1.465,17.20,16.2830,25.9,4.06,-55,9.50,
2026-09-21T14:03:39,1,792.12,22.27,40.01,1.459,16.69,16.2800,25.9,4.10,-55,9.50,
2026-09-21T14:03:40,1,792.08,22.23,40.03,1.461,16.88,16.2780,25.9,4.05,-55,9.75,
2026-09-21T14:03:41,1,792.04,22.24,40.01,1.460,16.82,16.2750,25.9,4.10,-55,10.50,
2026-09-21T14:03:43,1,792.15,22.24,40.00,1.466,17.27,16.2700,25.9,4.06,-55,9.75,
2026-09-21T14:03:44,1,792.04,22.24,40.03,1.461,16.88,16.2660,25.9,4.10,-55,10.00,
2026-09-21T14:03:45,1,792.15,22.24,40.02,1.463,17.01,16.2720,25.9,4.06,-55,9.50,
2026-09-21T14:03:46,1,792.25,22.25,40.03,1.458,16.62,16.2770,25.9,4.10,-55,9.50,
2026-09-21T14:03:47,1,792.06,22.25,39.99,1.462,16.95,16.2740,25.9,4.06,-55,9.75,
2026-09-21T14:03:48,1,792.11,22.25,40.03,1.459,16.69,16.2790,25.9,4.10,-55,10.00,
2026-09-21T14:03:49,1,792.15,22.24,40.03,1.461,16.88,16.2800,25.9,4.05,-55,9.50,
2026-09-21T14:03:52,1,792.14,22.25,40.03,1.463,17.01,16.2850,25.9,4.05,-55,9.50,
2026-09-21T14:03:53,1,792.09,22.26,40.05,1.458,16.62,16.2880,25.9,4.10,-55,9.50,
2026-09-21T14:03:54,1,792.13,22.24,40.03,1.462,16.95,16.2870,25.9,4.05,-55,9.50,
2026-09-21T14:03:55,1,792.14,22.24,40.07,1.458,16.62,16.2920,25.9,4.10,-54,9.75,
2026-09-21T14:03:56,1,792.09,22.24,40.06,1.462,16.95,16.3010,25.9,4.04,-55,9.50,
2026-09-21T14:03:57,1,792.20,22.23,40.05,1.459,16.69,16.3020,25.9,4.10,-55,9.75,
2026-09-21T14:03:58,1,792.25,22.25,40.06,1.461,16.88,16.3000,25.9,4.10,-55,9.50,
2026-09-21T14:03:59,1,792.21,22.25,40.07,1.462,16.95,16.3010,25.9,4.06,-55,9.50,
2026-09-21T14:04:00,1,792.17,22.23,40.03,1.463,17.01,16.2970,25.9,4.10,-55,9.75,
2026-09-21T14:04:02,1,792.26,22.24,40.10,1.459,16.69,16.3020,25.9,4.06,-55,9.50,
2026-09-21T14:04:03,1,792.23,22.24,40.06,1.460,16.82,16.3020,25.9,4.10,-55,9.50,
2026-09-21T14:04:04,1,792.21,22.24,40.07,1.460,16.82,16.2990,25.9,4.06,-55,9.50,
2026-09-21T14:04:06,1,792.19,22.23,40.08,1.464,17.14,16.2870,25.9,0.00,-44,-2.00,
2026-09-21T14:04:07,1,792.27,22.24,40.06,1.460,16.82,16.2890,2.0,4.10,-44,-2.75,
2026-09-21T14:04:13,1,802.09,22.24,40.08,1.460,16.82,16.2860,25.9,4.05,-55,9.25,
2026-09-21T14:04:14,1,792.15,22.25,40.09,1.459,16.75,16.2920,25.9,4.10,-55,10.00,
2026-09-21T14:04:15,1,792.18,22.25,40.07,1.460,16.82,16.2800,25.9,4.05,-55,9.25,
2026-09-21T14:04:16,1,792.08,22.23,40.10,1.458,16.62,16.2800,25.9,4.10,-55,10.00,
2026-09-21T14:04:17,1,792.00,22.23,40.07,1.459,16.75,16.2830,25.9,4.06,-55,9.75,
2026-09-21T14:04:18,1,792.04,22.23,40.09,1.457,16.56,16.2820,25.9,4.10,-55,9.75,
2026-09-21T14:04:20,1,792.09,22.23,40.10,1.461,16.88,16.2790,25.9,4.05,-55,9.75,
2026-09-21T14:04:21,1,792.10,22.23,40.08,1.460,16.82,16.2860,25.9,4.10,-54,9.50,
2026-09-21T14:04:22,1,792.09,22.24,40.12,1.462,16.95,16.2820,25.9,4.05,-55,9.50,
2026-09-21T14:04:23,1,792.08,22.24,40.09,1.460,16.82,16.2810,25.9,4.10,-55,9.50,
2026-09-21T14:04:24,1,792.08,22.24,40.08,1.461,16.88,16.2850,25.9,4.05,-55,9.50,
2026-09-21T14:04:25,1,792.14,22.24,40.09,1.459,16.69,16.2910,25.9,4.10,-55,9.75,
2026-09-21T14:04:26,1,792.14,22.22,40.12,1.463,17.08,16.2900,25.9,4.04,-55,9.75,
2026-09-21T14:04:27,1,792.15,22.23,40.08,1.460,16.82,16.2940,25.9,4.10,-55,9.75,
2026-09-21T14:04:29,1,792.11,22.24,40.15,1.462,16.95,16.2880,25.9,4.04,-55,9.50,
2026-09-21T14:04:30,1,792.10,22.24,40.12,1.459,16.69,16.2870,25.9,4.10,-55,9.75,
2026-09-21T14:04:31,1,792.22,22.23,40.12,1.463,17.08,16.2840,25.9,4.10,-55,9.50,
2026-09-21T14:04:32,1,792.16,22.24,40.10,1.459,16.69,16.2810,25.9,4.05,-55,9.50,
2026-09-21T14:04:33,1,792.15,22.23,40.08,1.461,16.88,16.2780,25.9,4.10,-57,9.75,
2026-09-21T14:04:34,1,792.16,22.24,40.12,1.462,16.95,16.2780,25.9,4.06,-55,9.75,
2026-09-21T14:04:35,1,792.19,22.21,40.11,1.459,16.69,16.2830,25.9,4.10,-55,9.75,
2026-09-21T14:04:36,1,792.14,22.23,40.11,1.463,17.01,16.2770,25.9,4.06,-57,9.75,
2026-09-21T14:04:37,1,792.04,22.23,40.12,1.458,16.62,16.2690,25.9,4.10,-58,9.50,
2026-09-21T14:04:39,1,792.04,22.22,40.12,1.459,16.75,16.2760,25.9,4.06,-55,9.50,
2026-09-21T14:04:40,1,792.10,22.21,40.09,1.459,16.69,16.2810,25.9,4.10,-57,10.00,
2026-09-21T14:04:41,1,792.15,22.22,40.12,1.461,16.88,16.2790,25.9,4.06,-58,10.00,
2026-09-21T14:04:42,1,792.10,22.24,40.16,1.459,16.75,16.2820,25.9,4.10,-60,9.75,
2026-09-21T14:04:43,1,792.13,22.23,40.14,1.461,16.88,16.2800,25.9,4.06,-56,12.50,
2026-09-21T14:04:44,1,792.10,22.23,40.13,1.459,16.69,16.2780,25.9,4.10,-61,9.50,
2026-09-21T14:04:45,1,792.03,22.22,40.15,1.462,16.95,16.2740,25.9,4.06,-64,9.25,
2026-09-21T14:04:46,1,792.04,22.23,40.15,1.456,16.50,16.2740,25.9,4.09,-65,9.50,
2026-09-21T14:04:48,1,792.11,22.23,40.14,1.459,16.75,16.2670,25.9,4.06,-59,9.50,
2026-09-21T14:04:49,1,792.09,22.22,40.15,1.460,16.82,16.2690,25.9,4.09,-52,6.75,
2026-09-21T14:04:50,1,792.07,22.22,40.14,1.460,16.80,1.0000,25.9,4.00,-50,-1.25,1
2026-09-21T14:04:52,1,792.13,22.22,40.14,1.461,16.88,16.2690,25.9,4.06,-49,-0.50,
2026-09-21T14:04:57,1,802.17,22.23,40.15,1.461,16.88,16.2620,25.9,4.05,-54,9.50,
2026-09-21T14:04:58,1,792.30,22.22,40.14,1.460,16.82,16.2720,25.9,4.10,-54,10.00,
2026-09-21T14:04:59,1,792.11,22.23,40.13,1.463,17.01,16.2690,25.9,4.05,-58,10.00,
2026-09-21T14:05:00,1,792.09,22.23,40.14,1.460,16.82,16.2680,25.9,4.10,-62,9.50,
2026-09-21T14:05:01,1,792.11,22.23,40.17,1.463,17.01,16.2690,25.9,4.04,-58,9.75,
2026-09-21T14:05:02,1,792.18,22.23,40.15,1.459,16.69,16.2710,25.9,4.10,-55,9.50,
2026-09-21T14:05:03,1,792.11,22.23,40.16,1.463,17.01,16.2730,25.9,4.08,-55,9.75,
2026-09-21T14:05:04,1,792.10,22.22,40.16,1.460,16.82,16.2710,25.9,4.06,-57,9.25,
2026-09-21T14:05:05,1,794.93,22.21,40.14,1.465,17.20,16.2740,25.9,4.10,-58,9.25,
2026-09-21T14:05:07,1,842.55,22.31,40.28,1.457,16.56,16.2770,25.9,4.06,-58,9.50,
2026-09-21T14:05:08,1,839.15,22.32,40.73,1.459,16.75,16.2800,25.9,4.10,-55,9.50,
2026-09-21T14:05:10,1,837.14,22.32,41.26,1.460,16.82,16.2810,25.9,4.10,-55,9.50,
2026-09-21T14:05:11,1,836.69,22.30,41.42,1.463,17.01,16.3710,25.9,4.06,-54,9.50,
2026-09-21T14:05:12,1,836.31,22.30,41.52,1.463,17.01,16.4190,25.9,4.10,-56,9.50,
2026-09-21T14:05:13,1,836.15,22.30,41.56,1.464,17.14,16.4570,25.9,4.06,-56,9.50,
2026-09-21T14:05:14,1,835.99,22.28,41.55,1.463,17.01,16.4940,25.9,4.10,-54,10.00,
2026-09-21T14:05:16,1,835.78,22.29,41.57,1.465,17.20,16.5280,25.9,4.06,-54,9.50,
2026-09-21T14:05:17,1,835.72,22.28,41.58,1.462,16.95,16.5630,25.9,4.09,-53,9.75,
2026-09-21T14:05:18,1,835.54,22.26,41.58,1.463,17.08,16.5820,25.9,4.06,-56,9.50,
2026-09-21T14:05:19,1,835.57,22.32,41.61,1.462,16.95,16.6070,25.9,4.10,-55,9.50,
2026-09-21T14:05:20,1,835.51,22.30,41.61,1.463,17.08,16.6560,25.9,4.06,-59,9.50,
2026-09-21T14:05:21,1,835.32,22.29,41.62,1.463,17.01,16.6760,25.9,4.10,-55,9.75,
2026-09-21T14:05:22,1,835.32,22.30,41.58,1.468,17.46,16.6980,25.9,4.05,-54,9.75,
2026-09-21T14:05:23,1,835.25,22.28,41.62,1.466,17.27,16.7240,25.9,4.10,-53,9.25,
2026-09-21T14:05:25,1,835.23,22.28,41.59,1.471,17.66,16.7480,25.9,4.05,-57,10.00,
2026-09-21T14:05:26,1,835.06,22.29,41.61,1.467,17.33,16.7660,25.9,4.10,-60,10.00,
2026-09-21T14:05:27,1,835.13,22.27,41.59,1.472,17.78,16.7860,25.9,4.05,-54,10.00,
2026-09-21T14:05:28,1,835.08,22.29,41.59,1.465,17.20,16.8050,25.9,4.09,-54,9.50,
2026-09-21T14:05:29,1,834.98,22.29,41.55,1.471,17.66,16.8510,25.9,4.05,-53,9.50,
2026-09-21T14:05:30,1,835.10,22.31,41.59,1.464,17.14,16.8480,25.9,4.10,-57,9.50,
2026-09-21T14:05:31,1,834.97,22.26,41.55,1.469,17.53,16.8060,25.9,4.05,-59,9.50,
2026-09-21T14:05:32,1,834.99,22.28,41.59,1.463,17.08,16.7780,25.9,4.10,-64,9.50,
2026-09-21T14:05:33,1,834.98,22.28,41.58,1.467,17.40,16.7620,25.9,4.05,-50,-0.25,
2026-09-21T14:05:41,1,834.73,22.27,41.56,1.468,17.46,16.7150,25.9,4.06,-55,9.75,
2026-09-21T14:05:42,1,834.92,22.27,41.54,1.467,17.40,16.7120,25.9,4.10,-55,9.75,
2026-09-21T14:05:44,1,834.82,22.28,41.57,1.467,17.40,16.7100,25.9,4.06,-56,9.75,
2026-09-21T14:05:45,1,834.84,22.27,41.58,1.463,17.01,16.7120,25.9,4.10,-56,9.75,
2026-09-21T14:05:46,1,834.78,22.27,41.59,1.465,17.20,16.7150,25.9,4.06,-54,9.50,
2026-09-21T14:05:47,1,834.80,22.29,41.55,1.467,17.33,16.7200,25.9,4.10,-53,9.50,
2026-09-21T14:05:48,1,834.84,22.29,41.55,1.467,17.40,16.7260,25.9,4.05,-52,9.75,
2026-09-21T14:05:49,1,834.73,22.28,41.57,1.464,17.14,16.7220,25.9,4.09,-51,9.50,
2026-09-21T14:05:50,1,834.79,22.28,41.57,1.467,17.33,16.7190,25.9,4.06,-52,10.00,
2026-09-21T14:05:51,1,834.67,22.27,41.60,1.464,17.14,16.7140,25.9,4.10,-52,9.75,
2026-09-21T14:05:53,1,834.77,22.28,41.56,1.459,16.75,16.7150,25.9,4.06,-54,9.50,
2026-09-21T14:05:54,1,834.74,22.28,41.57,1.463,17.08,16.7170,25.9,4.10,-54,9.25,
2026-09-21T14:05:55,1,834.81,22.28,41.58,1.467,17.40,16.7100,25.9,4.05,-53,9.50,
2026-09-21T14:05:56,1,834.72,22.26,41.58,1.466,17.27,16.7130,25.9,4.10,-55,9.75,
2026-09-21T14:05:57,1,834.62,22.27,41.59,1.467,17.40,16.7150,25.9,4.05,-54,9.25,
2026-09-21T14:05:58,1,834.70,22.25,41.57,1.464,17.14,16.7140,25.9,4.09,-57,9.50,
2026-09-21T14:05:59,1,834.82,22.27,41.59,1.467,17.40,16.7140,25.9,4.05,-60,9.50,
2026-09-21T14:06:00,1,834.67,22.28,41.61,1.463,17.01,16.7090,25.9,4.10,-57,9.75,
2026-09-21T14:06:02,1,834.59,22.25,41.58,1.467,17.40,16.7080,25.9,4.05,-56,9.75,
2026-09-21T14:06:03,1,834.65,22.28,41.57,1.466,17.27,16.7110,25.9,4.10,-56,10.00,
2026-09-21T14:06:04,1,834.65,22.27,41.57,1.472,17.72,16.7110,25.9,4.04,-58,9.75,
2026-09-21T14:06:05,1,834.68,22.26,41.57,1.466,17.27,16.7070,25.9,4.09,-56,9.75,
2026-09-21T14:06:06,1,834.69,22.27,41.59,1.468,17.46,16.7030,25.9,4.04,-56,9.50,
2026-09-21T14:06:07,1,834.68,22.27,41.58,1.466,17.27,16.7020,25.9,4.10,-58,9.75,
2026-09-21T14:06:08,1,834.66,22.27,41.59,1.467,17.40,16.7020,25.9,4.08,-52,9.50,
2026-09-21T14:06:09,1,834.67,22.26,41.59,1.463,17.01,16.7060,25.9,4.06,-54,9.50,
2026-09-21T14:06:10,1,834.75,22.28,41.59,1.467,17.40,16.7100,25.9,4.10,-56,10.00,
2026-09-21T14:06:12,1,834.75,22.27,41.59,1.463,17.08,16.7160,25.9,4.06,-58,9.50,
2026-09-21T14:06:13,1,834.69,22.25,41.58,1.464,17.14,16.7190,25.9,4.10,-60,9.75,
2026-09-21T14:06:14,1,834.64,22.25,41.61,1.467,17.40,16.7140,25.9,4.05,-62,9.50,
2026-09-21T14:06:15,1,834.77,22.25,41.59,1.461,16.88,16.7220,25.9,4.10,-62,9.75,
2026-09-21T14:06:16,1,834.71,22.25,41.57,1.467,17.33,16.7130,25.9,4.06,-63,9.75,
2026-09-21T14:06:25,1,834.69,22.27,41.60,1.467,17.33,16.7290,25.9,4.05,-62,9.75,
2026-09-21T14:06:26,1,834.77,22.27,41.61,1.463,17.08,16.7280,25.9,4.10,-62,9.75,
2026-09-21T14:06:27,1,834.64,22.26,41.59,1.467,17.33,16.7320,25.9,4.06,-62,10.00,
2026-09-21T14:06:28,1,834.60,22.26,41.62,1.463,17.08,16.7300,25.9,4.10,-57,9.75,2
2026-09-21T14:06:30,1,834.63,22.24,41.63,1.464,17.14,16.7240,25.9,4.05,-56,9.75,
2026-09-21T14:06:31,1,834.57,22.23,41.60,1.464,17.14,16.7260,25.9,4.10,-59,9.50,
2026-09-21T14:06:32,1,834.67,22.26,41.62,1.465,17.20,16.7260,25.9,4.05,-56,9.75,
2026-09-21T14:06:33,1,834.56,22.26,41.64,1.465,17.20,16.7240,25.9,4.09,-55,9.75,
2026-09-21T14:06:34,1,834.63,22.25,41.65,1.467,17.33,16.7220,25.9,4.05,-56,9.75,
2026-09-21T14:06:35,1,834.56,22.25,41.63,1.464,17.14,16.7250,25.9,4.09,-56,9.50,
2026-09-21T14:06:36,1,834.62,22.24,41.60,1.469,17.53,16.7240,25.9,4.04,-54,9.50,
2026-09-21T14:06:37,1,834.65,22.24,41.63,1.467,17.33,16.7300,25.9,4.10,-62,9.75,
2026-09-21T14:06:38,1,834.63,22.25,41.63,1.467,17.33,16.7290,25.9,4.10,-60,9.75,
2026-09-21T14:06:40,1,834.59,22.24,41.62,1.465,17.20,16.7270,25.9,4.06,-60,9.75,
2026-09-21T14:06:41,1,834.60,22.23,41.61,1.471,17.66,16.7250,25.9,4.10,-61,10.00,
2026-09-21T14:06:42,1,834.60,22.24,41.65,1.463,17.08,16.7240,25.9,4.06,-62,9.25,
2026-09-21T14:06:43,1,834.53,22.24,41.61,1.464,17.14,16.7240,25.9,4.09,-60,9.50,
2026-09-21T14:06:44,1,834.60,22.25,41.59,1.466,17.27,16.7200,25.9,4.06,-56,9.75,
2026-09-21T14:06:45,1,834.72,22.23,41.61,1.464,17.14,16.7170,25.9,4.10,-56,9.75,
2026-09-21T14:06:46,1,834.61,22.23,41.66,1.458,16.62,16.7170,25.9,4.06,-60,9.50,
2026-09-21T14:06:47,1,834.75,22.26,41.62,1.469,17.53,16.7140,25.9,4.10,-55,10.00,
2026-09-21T14:06:49,1,834.57,22.24,41.64,1.476,18.11,16.7120,25.9,4.06,-58,9.25,
2026-09-21T14:06:50,1,834.65,22.23,41.63,1.465,17.20,16.7090,25.9,4.09,-58,9.75,
2026-09-21T14:06:51,1,834.69,22.25,41.65,1.462,16.95,16.7080,25.9,4.06,-58,9.75,
2026-09-21T14:06:52,1,834.72,22.23,41.65,1.467,17.33,16.7090,25.9,4.10,-58,9.75,
2026-09-21T14:06:53,1,834.58,22.23,41.62,1.467,17.33,16.7110,25.9,4.05,-59,9.75,
2026-09-21T14:06:54,1,834.66,22.26,41.64,1.464,17.14,16.7070,25.9,4.10,-57,9.75,
2026-09-21T14:06:55,1,834.62,22.24,41.63,1.464,17.14,16.7050,25.9,4.06,-58,9.75,
2026-09-21T14:06:56,1,834.64,22.23,41.63,1.462,16.95,16.7040,25.9,4.10,-57,10.00,
2026-09-21T14:06:58,1,834.51,22.23,41.66,1.472,17.78,16.7000,25.9,4.05,-58,10.00,
2026-09-21T14:06:59,1,834.58,22.22,41.67,1.464,17.14,16.6970,25.9,4.10,-59,9.25,
2026-09-21T14:07:00,1,834.66,22.24,41.64,1.469,17.53,16.6960,25.9,4.05,-56,9.50,
2026-09-21T14:07:01,1,834.64,22.23,41.64,1.469,17.53,16.6960,25.9,4.10,-49,2.25,
2026-09-21T14:07:02,1,834.65,22.22,41.65,1.467,17.33,16.6900,25.9,4.05,-46,-1.75,
2026-09-21T14:07:03,1,834.56,22.22,41.64,1.465,17.20,16.6860,25.9,4.09,-46,1.50,
2026-09-21T14:07:04,1,834.50,22.23,41.63,1.468,17.46,16.6840,25.9,4.05,-55,3.25,
2026-09-21T14:07:09,1,844.64,22.23,41.64,1.467,17.33,16.6920,25.9,4.10,-59,9.75,
2026-09-21T14:07:10,1,834.55,22.24,41.64,1.467,17.33,16.6990,25.9,4.06,-58,10.75,
2026-09-21T14:07:11,1,834.52,22.23,41.67,1.467,17.40,16.6920,25.9,4.10,-59,9.75,
2026-09-21T14:07:12,1,834.59,22.24,41.67,1.464,17.14,16.6910,25.9,4.06,-59,9.75,
2026-09-21T14:07:13,1,834.67,22.25,41.65,1.467,17.33,16.6890,25.9,4.10,-61,9.75,
2026-09-21T14:07:14,1,834.64,22.24,41.69,1.466,17.27,16.6960,25.9,4.06,-59,9.50,
2026-09-21T14:07:15,1,834.63,22.23,41.68,1.463,17.08,16.7010,25.9,4.10,-61,9.50,
2026-09-21T14:07:17,1,834.56,22.23,41.66,1.464,17.14,16.7080,25.9,4.06,-60,9.75,
2026-09-21T14:07:18,1,834.63,22.23,41.66,1.463,17.08,16.7130,25.9,4.10,-59,9.75,
2026-09-21T14:07:19,1,834.49,22.24,41.67,1.467,17.33,16.7160,25.9,4.06,-56,9.50,
2026-09-21T14:07:20,1,834.58,22.24,41.66,1.461,16.88,16.7170,25.9,4.10,-58,9.50,
2026-09-21T14:07:21,1,834.50,22.22,41.68,1.467,17.40,16.7220,25.9,4.05,-57,9.75,
2026-09-21T14:07:22,1,834.62,22.21,41.67,1.464,17.14,16.7260,25.9,4.10,-60,9.75,
2026-09-21T14:07:23,1,834.57,22.23,41.68,1.468,17.46,16.7290,25.9,4.06,-58,9.50,
2026-09-21T14:07:24,1,834.55,22.22,41.67,1.463,17.08,16.7330,25.9,4.10,-55,9.75,
2026-09-21T14:07:26,1,834.45,22.20,41.67,1.467,17.33,16.7270,25.9,4.06,-55,9.75,
2026-09-21T14:07:27,1,834.63,22.23,41.70,1.464,17.14,16.7280,25.9,4.10,-54,10.25,
2026-09-21T14:07:28,1,834.48,22.22,41.69,1.469,17.53,16.7300,25.9,4.05,-53,9.75,
2026-09-21T14:07:29,1,834.61,22.24,41.68,1.464,17.14,16.7340,25.9,4.09,-55,9.25,
2026-09-21T14:07:30,1,834.52,22.22,41.65,1.467,17.33,16.7390,25.9,4.05,-53,9.25,
2026-09-21T14:07:31,1,834.53,22.23,41.68,1.465,17.20,16.7440,25.9,4.10,-52,9.75,
2026-09-21T14:07:32,1,834.53,22.22,41.68,1.469,17.53,16.7410,25.9,4.05,-51,9.50,
2026-09-21T14:07:33,1,834.65,22.23,41.69,1.464,17.14,16.7450,25.9,4.09,-51,10.00,
2026-09-21T14:07:35,1,834.65,22.22,41.69,1.468,17.46,16.7380,25.9,4.05,-51,9.50,
2026-09-21T14:07:36,1,834.52,22.23,41.68,1.465,17.20,16.7360,25.9,4.10,-51,10.00,
2026-09-21T14:07:37,1,834.58,22.24,41.69,1.469,17.53,16.7340,25.9,4.04,-51,9.75,
2026-09-21T14:07:38,1,834.62,22.22,41.68,1.463,17.08,16.7330,25.9,4.10,-51,9.75,
2026-09-21T14:07:39,1,834.56,22.23,41.72,1.466,17.27,16.7320,25.9,4.05,-51,9.50,
2026-09-21T14:07:40,1,834.57,22.22,41.70,1.464,17.14,16.7350,25.9,4.06,-52,9.75,
2026-09-21T14:07:41,1,834.57,22.24,41.68,1.467,17.40,16.7310,25.9,4.10,-52,9.75,
2026-09-21T14:07:42,1,834.47,22.21,41.68,1.464,17.14,16.7320,25.9,4.06,-52,10.00,
2026-09-21T14:07:44,1,834.59,22.21,41.69,1.466,17.27,16.7330,25.9,4.09,-54,9.50,
2026-09-21T14:07:45,1,834.61,22.23,41.70,1.467,17.40,16.7350,25.9,4.00,-50,7.25,
2026-09-21T14:07:46,1,834.58,22.22,41.68,1.464,17.14,16.7340,25.9,4.09,-48,-1.50,
2026-09-21T14:07:47,1,834.57,22.24,41.71,1.467,17.40,16.7340,25.9,4.06,-50,-1.50,
2026-09-21T14:07:52,1,844.67,22.23,41.69,1.472,17.78,16.7100,25.9,4.10,-60,9.50,
2026-09-21T14:07:54,1,834.65,22.21,41.72,1.467,17.33,16.7110,25.9,4.06,-61,9.50,
2026-09-21T14:07:55,1,834.49,22.23,41.73,1.463,17.08,16.7130,25.9,4.10,-60,9.50,
2026-09-21T14:07:56,1,834.53,22.21,41.70,1.467,17.33,16.7140,25.9,4.06,-59,9.50,
2026-09-21T14:07:57,1,834.61,22.23,41.71,1.463,17.08,16.7100,25.9,4.10,-60,9.50,
2026-09-21T14:07:58,1,834.56,22.23,41.71,1.467,17.33,16.7140,25.9,4.05,-59,9.75,
2026-09-21T14:07:59,1,834.52,22.21,41.68,1.462,16.95,16.7100,25.9,4.10,-57,10.25,
2026-09-21T14:08:00,1,834.60,22.21,41.72,1.468,17.46,16.7060,25.9,4.06,-57,10.00,
2026-09-21T14:08:01,1,834.55,22.23,41.70,1.467,17.33,16.7040,25.9,4.10,-57,9.75,
2026-09-21T14:08:03,1,834.51,22.22,41.70,1.467,17.33,16.7010,25.9,4.05,-57,12.50,
2026-09-21T14:08:04,1,834.49,22.20,41.72,1.463,17.08,16.6970,25.9,4.10,-57,9.50,
2026-09-21T14:08:05,1,834.48,22.20,41.71,1.466,17.27,16.6950,25.9,4.05,-59,9.75,
2026-09-21T14:08:06,1,834.53,22.22,41.71,1.464,17.14,16.6970,25.9,4.09,-57,9.75,
2026-09-21T14:08:07,1,834.58,22.22,41.72,1.468,17.46,16.7060,25.9,4.05,-55,9.50,
2026-09-21T14:08:08,1,834.54,22.20,41.67,1.461,16.88,16.7080,25.9,4.10,-53,9.25,
2026-09-21T14:08:09,1,834.59,22.24,41.76,1.469,17.53,16.7080,25.9,4.04,-53,9.50,
2026-09-21T14:08:10,1,834.53,22.21,41.70,1.465,17.20,16.7040,25.9,4.09,-58,9.25,
2026-09-21T14:08:12,1,834.62,22.21,41.72,1.467,17.40,16.7000,25.9,4.10,-56,9.75,
2026-09-21T14:08:13,1,834.57,22.21,41.73,1.465,17.20,16.7030,25.9,4.05,-58,9.50,
2026-09-21T14:08:14,1,834.54,22.20,41.74,1.467,17.40,16.7060,25.9,4.10,-59,9.75,
2026-09-21T14:08:15,1,834.50,22.22,41.75,1.467,17.40,16.7060,25.9,4.05,-55,9.25,
2026-09-21T14:08:16,1,834.66,22.21,41.72,1.465,17.20,16.7030,25.9,4.10,-58,9.75,
2026-09-21T14:08:17,1,834.69,22.22,41.71,1.467,17.33,16.6990,25.9,4.06,-57,12.75,
2026-09-21T14:08:18,1,834.52,22.21,41.70,1.463,17.01,16.6990,25.9,4.10,-55,9.75,
2026-09-21T14:08:19,1,834.60,22.20,41.76,1.467,17.33,16.7090,25.9,4.05,-55,9.75,
2026-09-21T14:08:20,1,834.67,22.22,41.69,1.463,17.08,16.7070,25.9,4.09,-55,9.25,
2026-09-21T14:08:22,1,834.55,22.20,41.70,1.466,17.27,16.7100,25.9,4.06,-56,9.75,
2026-09-21T14:08:23,1,834.57,22.19,41.70,1.465,17.20,16.7120,25.9,4.10,-56,9.50,
2026-09-21T14:08:24,1,834.60,22.20,41.73,1.465,17.20,16.7130,25.9,4.06,-55,9.25,
2026-09-21T14:08:25,1,834.59,22.20,41.72,1.466,17.27,16.7110,25.9,4.10,-59,9.25,
2026-09-21T14:08:26,1,834.54,22.20,41.73,1.467,17.33,16.7030,25.9,4.05,-51,9.75,
2026-09-21T14:08:27,1,834.68,22.20,41.71,1.465,17.20,16.7060,25.9,4.10,-57,9.75,
2026-09-21T14:08:28,1,834.53,22.20,41.75,1.467,17.40,16.7070,25.9,4.05,-59,9.50,
2026-09-21T14:08:37,1,834.47,22.18,41.75,1.468,17.46,16.7190,25.9,4.04,-60,9.50,
2026-09-21T14:08:38,1,834.62,22.17,41.72,1.459,16.75,16.7170,25.9,4.10,-60,9.75,
2026-09-21T14:08:40,1,834.55,22.22,41.74,1.467,17.40,16.7110,25.9,4.04,-70,8.75,
2026-09-21T14:08:41,1,834.49,22.20,41.77,1.462,16.95,16.7170,25.9,4.08,-68,9.50,
2026-09-21T14:08:42,1,834.48,22.21,41.74,1.467,17.33,16.7170,25.9,4.10,-59,9.75,
2026-09-21T14:08:43,1,834.46,22.20,41.73,1.465,17.20,16.7160,25.9,4.06,-59,10.25,
2026-09-21T14:08:44,1,834.51,22.19,41.75,1.471,17.66,16.7200,25.9,4.10,-59,9.25,
2026-09-21T14:08:45,1,834.50,22.20,41.77,1.464,17.14,16.7230,25.9,4.06,-61,9.50,
2026-09-21T14:08:46,1,834.48,22.20,41.76,1.467,17.33,16.7230,25.9,4.09,-65,9.50,
2026-09-21T14:08:47,1,834.60,22.19,41.76,1.467,17.33,16.7250,25.9,4.06,-60,9.50,
2026-09-21T14:08:48,1,834.61,22.20,41.75,1.466,17.27,16.7250,25.9,4.09,-67,9.75,
2026-09-21T14:08:50,1,834.44,22.20,41.78,1.468,17.46,16.7260,25.9,4.06,-71,9.75,
2026-09-21T14:08:51,1,834.49,22.21,41.74,1.464,17.14,16.7250,25.9,4.10,-58,9.75,
2026-09-21T14:08:52,1,834.53,22.22,41.74,1.466,17.27,16.7290,25.9,4.05,-59,9.50,
2026-09-21T14:08:53,1,834.52,22.18,41.76,1.464,17.14,16.7300,25.9,4.10,-64,9.50,
2026-09-21T14:08:54,1,834.54,22.19,41.78,1.466,17.27,16.7320,25.9,4.06,-65,9.50,
2026-09-21T14:08:55,1,834.51,22.20,41.77,1.466,17.27,16.7280,25.9,4.10,-65,9.50,
2026-09-21T14:08:56,1,834.55,22.17,41.77,1.466,17.27,16.7270,25.9,4.05,-62,9.75,
2026-09-21T14:08:57,1,834.54,22.19,41.77,1.463,17.01,16.7320,25.9,4.09,-65,9.50,
2026-09-21T14:08:59,1,834.51,22.19,41.76,1.467,17.40,16.7320,25.9,4.06,-59,9.50,
2026-09-21T14:09:00,1,834.47,22.19,41.80,1.467,17.33,16.7290,25.9,4.09,-55,9.50,
2026-09-21T14:09:01,1,834.45,22.21,41.80,1.464,17.14,16.7240,25.9,4.05,-59,9.25,
2026-09-21T14:09:02,1,834.51,22.20,41.77,1.467,17.33,16.7230,25.9,4.10,-58,9.75,
2026-09-21T14:09:03,1,834.54,22.19,41.74,1.465,17.20,16.7240,25.9,4.05,-58,9.75,
2026-09-21T14:09:04,1,834.45,22.19,41.74,1.464,17.14,16.7290,25.9,4.10,-59,9.25,
2026-09-21T14:09:05,1,834.56,22.19,41.75,1.464,17.14,16.7300,25.9,4.05,-58,9.75,
2026-09-21T14:09:06,1,834.50,22.19,41.76,1.466,17.27,16.7250,25.9,4.10,-58,10.25,
2026-09-21T14:09:08,1,834.62,22.18,41.75,1.469,17.53,16.7220,25.9,4.04,-59,9.50,
2026-09-21T14:09:09,1,834.52,22.17,41.79,1.463,17.01,16.7220,25.9,4.10,-59,9.50,
2026-09-21T14:09:10,1,834.48,22.17,41.79,1.469,17.53,16.7190,25.9,4.04,-60,9.50,
2026-09-21T14:09:11,1,834.45,22.20,41.77,1.463,17.08,16.7190,25.9,4.06,-59,9.25,
2026-09-21T14:09:12,1,834.49,22.19,41.79,1.463,17.01,16.7200,25.9,4.09,-59,9.50,
2026-09-21T14:09:21,1,834.58,22.20,41.78,1.466,17.27,16.7290,25.9,4.10,-63,9.75,
2026-09-21T14:09:22,1,834.56,22.20,41.81,1.467,17.40,16.7330,25.9,4.05,-63,9.75,
2026-09-21T14:09:23,1,834.55,22.17,41.82,1.469,17.53,16.7300,25.9,4.09,-62,9.75,
2026-09-21T14:09:24,1,834.40,22.18,41.78,1.470,17.59,16.7300,25.9,4.06,-64,9.25,
2026-09-21T14:09:25,1,834.50,22.20,41.83,1.467,17.33,16.7260,25.9,4.09,-62,9.50,
2026-09-21T14:09:27,1,834.47,22.18,41.79,1.467,17.33,16.7280,25.9,4.06,-64,9.25,
2026-09-21T14:09:28,1,834.51,22.18,41.81,1.464,17.14,16.7280,25.9,4.10,-65,9.50,
2026-09-21T14:09:29,1,834.42,22.18,41.78,1.467,17.33,16.7240,25.9,4.05,-59,9.50,
2026-09-21T14:09:30,1,834.44,22.20,41.78,1.463,17.01,16.7260,25.9,4.10,-62,9.75,
2026-09-21T14:09:31,1,834.40,22.18,41.80,1.465,17.20,16.7260,25.9,4.05,-62,9.75,
2026-09-21T14:09:32,1,834.52,22.17,41.81,1.464,17.14,16.7180,25.9,4.10,-62,9.50,
2026-09-21T14:09:33,1,834.49,22.17,41.81,1.467,17.33,16.7250,25.9,4.05,-62,9.75,
2026-09-21T14:09:34,1,834.47,22.16,41.82,1.459,16.69,16.7310,25.9,4.10,-62,9.50,
2026-09-21T14:09:36,1,834.43,22.19,41.82,1.468,17.46,16.7270,25.9,4.05,-60,9.75,
2026-09-21T14:09:37,1,834.47,22.20,41.78,1.463,17.01,16.7260,25.9,4.09,-62,9.75,
2026-09-21T14:09:38,1,834.45,22.18,41.81,1.469,17.53,16.7280,25.9,4.04,-61,9.00,
2026-09-21T14:09:39,1,834.64,22.18,41.80,1.464,17.14,16.7260,25.9,4.09,-63,9.75,
2026-09-21T14:09:40,1,834.51,22.16,41.79,1.467,17.40,16.7240,25.9,4.05,-59,9.50,
2026-09-21T14:09:41,1,834.57,22.17,41.83,1.463,17.08,16.7230,25.9,4.06,-70,9.25,
2026-09-21T14:09:42,1,834.56,22.16,41.82,1.467,17.33,16.7180,25.9,4.10,-63,9.75,
2026-09-21T14:09:43,1,834.44,22.17,41.82,1.463,17.01,16.7180,25.9,4.05,-63,9.50,
2026-09-21T14:09:45,1,834.45,22.19,41.82,1.463,17.08,16.7150,25.9,4.10,-63,9.50,
2026-09-21T14:09:46,1,834.49,22.17,41.83,1.467,17.33,16.7170,25.9,4.05,-64,9.50,
2026-09-21T14:09:47,1,834.54,22.18,41.81,1.463,17.01,16.7200,25.9,4.10,-64,9.25,
2026-09-21T14:09:48,1,834.49,22.17,41.85,1.466,17.27,16.7190,25.9,4.06,-66,9.50,
2026-09-21T14:09:49,1,834.41,22.17,41.83,1.465,17.20,16.7220,25.9,4.10,-72,9.25,
2026-09-21T14:09:50,1,834.43,22.18,41.84,1.465,17.20,16.7210,25.9,4.06,-71,9.25,
2026-09-21T14:09:51,1,834.42,22.17,41.82,1.465,17.20,16.7200,25.9,4.09,-70,9.25,
2026-09-21T14:09:52,1,834.44,22.17,41.84,1.467,17.33,16.7230,25.9,4.06,-71,9.25,
2026-09-21T14:09:54,1,834.51,22.18,41.80,1.475,17.98,16.7180,25.9,4.09,-72,9.25,
2026-09-21T14:09:55,1,834.48,22.15,41.83,1.467,17.33,16.7140,25.9,4.05,-77,8.75,
2026-09-21T14:09:56,1,834.53,22.17,41.82,1.465,17.20,16.7110,25.9,4.09,-70,9.50,
2026-09-21T14:10:05,1,844.37,22.17,41.84,1.462,16.95,16.7060,25.9,4.10,-72,9.75,
2026-09-21T14:10:06,1,834.49,22.16,41.84,1.467,17.40,16.7050,25.9,4.05,-62,9.75,
2026-09-21T14:10:07,1,834.39,22.17,41.79,1.466,17.27,16.7030,25.9,4.09,-65,9.25,
2026-09-21T14:10:08,1,834.43,22.16,41.80,1.467,17.40,16.7080,25.9,4.04,-60,9.25,
2026-09-21T14:10:09,1,834.56,22.17,41.84,1.462,16.95,16.7090,25.9,4.10,-60,9.50,
2026-09-21T14:10:10,1,834.47,22.16,41.83,1.467,17.33,16.7090,25.9,4.05,-59,9.50,
2026-09-21T14:10:11,1,834.44,22.14,41.83,1.466,17.27,16.7100,25.9,4.06,-59,9.50,
2026-09-21T14:10:13,1,834.50,22.15,41.85,1.466,17.27,16.7070,25.9,4.10,-58,9.25,
2026-09-21T14:10:14,1,834.39,22.16,41.84,1.463,17.08,16.7060,25.9,4.06,-59,9.75,
2026-09-21T14:10:15,1,834.50,22.17,41.84,1.458,16.62,16.7060,25.9,4.10,-59,9.75,
2026-09-21T14:10:16,1,834.38,22.17,41.85,1.466,17.27,16.7020,25.9,4.05,-58,9.50,
2026-09-21T14:10:17,1,834.48,22.15,41.85,1.465,17.20,16.7020,25.9,4.10,-59,10.00,
2026-09-21T14:10:18,1,834.37,22.17,41.82,1.465,17.20,16.7050,25.9,4.06,-58,9.25,
2026-09-21T14:10:19,1,834.44,22.17,41.87,1.463,17.01,16.7070,25.9,4.10,-58,9.50,
2026-09-21T14:10:20,1,834.43,22.17,41.84,1.467,17.40,16.7070,25.9,4.06,-58,9.50,
2026-09-21T14:10:22,1,834.51,22.17,41.84,1.465,17.20,16.7110,25.9,4.10,-59,9.50,
2026-09-21T14:10:23,1,834.47,22.15,41.84,1.470,17.59,16.7110,25.9,4.06,-58,9.00,
2026-09-21T14:10:24,1,834.58,22.17,41.88,1.466,17.27,16.7090,25.9,4.09,-58,9.75,
2026-09-21T14:10:25,1,834.35,22.16,41.88,1.469,17.53,16.7080,25.9,4.06,-57,9.25,
2026-09-21T14:10:26,1,834.33,22.16,41.83,1.462,16.95,16.7100,25.9,4.09,-58,9.50,
2026-09-21T14:10:27,1,834.41,22.15,41.83,1.468,17.46,16.7050,25.9,4.05,-57,10.00,
2026-09-21T14:10:28,1,834.48,22.16,41.87,1.463,17.08,16.7090,25.9,4.09,-58,9.25,
2026-09-21T14:10:29,1,834.43,22.17,41.88,1.467,17.33,16.7090,25.9,4.05,-59,9.00,
2026-09-21T14:10:30,1,834.43,22.15,41.87,1.462,16.95,16.7140,25.9,4.10,-55,10.00,
2026-09-21T14:10:32,1,834.51,22.15,41.89,1.466,17.27,16.7140,25.9,4.05,-55,9.50,
2026-09-21T14:10:33,1,834.49,22.16,41.87,1.465,17.20,16.7150,25.9,4.09,-57,9.50,
2026-09-21T14:10:34,1,834.47,22.17,41.89,1.469,17.53,16.7200,25.9,4.05,-59,9.50,
2026-09-21T14:10:35,1,834.44,22.15,41.85,1.465,17.20,16.7210,25.9,4.09,-64,9.75,
2026-09-21T14:10:36,1,834.28,22.17,41.86,1.469,17.53,16.7250,25.9,4.04,-56,10.00,
2026-09-21T14:10:37,1,834.52,22.15,41.87,1.464,17.14,16.7280,25.9,4.09,-55,9.50,
2026-09-21T14:10:38,1,834.46,22.16,41.85,1.469,17.53,16.7240,25.9,4.03,-55,9.50,
2026-09-21T14:10:39,1,834.53,22.15,41.88,1.464,17.14,16.7190,25.9,4.09,-55,9.75,
2026-09-21T14:10:41,1,834.43,22.15,41.86,1.467,17.33,16.7160,25.9,4.10,-49,7.25,
2026-09-21T14:10:42,1,834.39,22.15,41.88,1.463,17.08,16.7110,25.9,4.06,-47,-1.25,
2026-09-21T14:10:48,1,844.48,22.15,41.87,1.468,17.46,16.7220,25.9,4.05,-59,9.50,
2026-09-21T14:10:50,1,834.52,22.17,41.87,1.466,17.27,16.7200,25.9,4.10,-60,10.00,
2026-09-21T14:10:51,1,834.38,22.17,41.88,1.469,17.53,16.7150,25.9,4.05,-59,9.50,
2026-09-21T14:10:52,1,834.38,22.17,41.88,1.465,17.20,16.7180,25.9,4.10,-61,9.75,
2026-09-21T14:10:53,1,834.43,22.14,41.88,1.467,17.33,16.7190,25.9,4.05,-60,9.75,
2026-09-21T14:10:54,1,834.43,22.16,41.90,1.461,16.88,16.7180,25.9,4.09,-58,9.50,
2026-09-21T14:10:55,1,834.47,22.16,41.88,1.466,17.27,16.7170,25.9,4.05,-57,10.00,
2026-09-21T14:10:56,1,834.39,22.17,41.89,1.466,17.27,16.7200,25.9,4.09,-59,9.25,
2026-09-21T14:10:57,1,834.49,22.15,41.88,1.468,17.46,16.7190,25.9,4.05,-60,9.50,
2026-09-21T14:10:59,1,834.47,22.16,41.92,1.465,17.20,16.7190,25.9,4.09,-63,9.75,
2026-09-21T14:11:00,1,834.52,22.16,41.92,1.467,17.40,16.7140,25.9,4.05,-64,9.00,
2026-09-21T14:11:01,1,834.44,22.16,41.89,1.463,17.08,16.7160,25.9,4.10,-60,9.50,
2026-09-21T14:11:02,1,834.60,22.13,41.89,1.463,17.08,16.7210,25.9,4.05,-62,9.75,
2026-09-21T14:11:03,1,834.48,22.16,41.87,1.461,16.88,16.7200,25.9,4.09,-58,9.50,
2026-09-21T14:11:04,1,834.36,22.15,41.89,1.467,17.33,16.7210,25.9,4.05,-60,9.75,
2026-09-21T14:11:05,1,834.55,22.13,41.88,1.463,17.01,16.7200,25.9,4.09,-56,9.50,
2026-09-21T14:11:06,1,834.42,22.17,41.92,1.467,17.40,16.7220,25.9,4.04,-54,9.50,
2026-09-21T14:11:07,1,834.43,22.15,41.89,1.465,17.20,16.7240,25.9,4.10,-57,9.75,
2026-09-21T14:11:09,1,834.48,22.15,41.91,1.476,18.11,16.7240,25.9,4.04,-58,9.50,
2026-09-21T14:11:10,1,834.45,22.17,41.92,1.467,17.33,16.7230,25.9,4.05,-57,9.75,
2026-09-21T14:11:11,1,834.49,22.14,41.90,1.468,17.46,16.7220,25.9,4.09,-58,9.50,
2026-09-21T14:11:12,1,834.48,22.15,41.89,1.463,17.01,16.7200,25.9,4.06,-59,9.75,
2026-09-21T14:11:13,1,834.46,22.16,41.95,1.468,17.46,16.7190,25.9,4.09,-60,10.00,
2026-09-21T14:11:14,1,834.50,22.13,41.88,1.467,17.33,16.7190,25.9,4.06,-60,9.75,
2026-09-21T14:11:15,1,834.49,22.13,41.88,1.461,16.88,16.7200,25.9,4.09,-60,9.75,
2026-09-21T14:11:16,1,834.46,22.14,41.90,1.468,17.46,16.7210,25.9,4.05,-59,9.50,
2026-09-21T14:11:18,1,834.54,22.13,41.87,1.464,17.14,16.7180,25.9,4.10,-58,9.75,
2026-09-21T14:11:19,1,834.41,22.13,41.94,1.468,17.46,16.7200,25.9,4.05,-57,9.50,
2026-09-21T14:11:20,1,834.44,22.15,41.90,1.462,16.95,16.7360,25.9,4.10,-58,9.75,
2026-09-21T14:11:21,1,834.41,22.12,41.90,1.467,17.33,16.7350,25.9,4.06,-56,10.00,
2026-09-21T14:11:22,1,834.35,22.15,41.92,1.463,17.08,16.7380,25.9,4.09,-56,9.75,
2026-09-21T14:11:23,1,834.45,22.14,41.94,1.467,17.33,16.7380,25.9,4.05,-59,9.50,
2026-09-21T14:11:24,1,834.47,22.14,41.93,1.464,17.14,16.7340,25.9,4.09,-58,9.50,
2026-09-21T14:11:33,1,834.48,22.14,41.96,1.463,17.08,16.7350,25.9,4.09,-59,10.00,
2026-09-21T14:11:34,1,834.41,22.13,41.93,1.463,17.08,16.7320,25.9,4.05,-59,9.25,
2026-09-21T14:11:35,1,834.39,22.15,41.95,1.463,17.08,16.7300,25.9,4.09,-58,9.75,
2026-09-21T14:11:37,1,834.39,22.15,41.94,1.467,17.40,16.7290,25.9,4.05,-59,9.25,
2026-09-21T14:11:38,1,834.42,22.13,41.91,1.464,17.14,16.7290,25.9,4.09,-62,9.50,
2026-09-21T14:11:39,1,834.45,22.14,41.94,1.466,17.27,16.7330,25.9,4.04,-71,9.25,
2026-09-21T14:11:40,1,834.44,22.13,41.96,1.464,17.14,16.7260,25.9,4.09,-58,10.00,
2026-09-21T14:11:41,1,834.39,22.14,41.96,1.466,17.27,16.7290,25.9,4.10,-59,9.50,
2026-09-21T14:11:42,1,834.51,22.14,41.94,1.463,17.08,16.7280,25.9,4.05,-57,10.00,
2026-09-21T14:11:43,1,834.47,22.17,41.93,1.468,17.46,16.7320,25.9,4.09,-58,9.50,
2026-09-21T14:11:44,1,834.46,22.15,41.94,1.464,17.14,16.7350,25.9,4.05,-62,9.75,
2026-09-21T14:11:46,1,834.43,22.14,41.96,1.467,17.33,16.7340,25.9,4.09,-60,9.50,
2026-09-21T14:11:47,1,834.31,22.14,41.95,1.467,17.33,16.7340,25.9,4.06,-58,9.50,
2026-09-21T14:11:48,1,834.40,22.13,41.93,1.465,17.20,16.7380,25.9,4.09,-63,9.25,
2026-09-21T14:11:50,1,834.44,22.14,41.96,1.463,17.08,16.7390,25.9,4.09,-60,10.25,
2026-09-21T14:11:51,1,834.50,22.14,41.96,1.466,17.27,16.7400,25.9,4.05,-66,9.50,
2026-09-21T14:11:52,1,834.35,22.14,41.96,1.465,17.20,16.7350,25.9,4.09,-65,9.25,
2026-09-21T14:11:53,1,834.41,22.14,41.93,1.468,17.46,16.7330,25.9,4.06,-65,9.50,
2026-09-21T14:11:55,1,834.46,22.13,41.95,1.465,17.20,16.7300,25.9,4.09,-65,9.25,
2026-09-21T14:11:56,1,834.37,22.15,41.93,1.465,17.20,16.7350,25.9,4.06,-65,9.75,
2026-09-21T14:11:57,1,834.35,22.12,41.94,1.463,17.08,16.7360,25.9,4.09,-62,9.50,
2026-09-21T14:11:58,1,834.47,22.16,41.94,1.466,17.27,16.7360,25.9,4.05,-65,9.75,
2026-09-21T14:11:59,1,834.40,22.15,41.96,1.462,16.95,16.7350,25.9,4.10,-60,10.00,
2026-09-21T14:12:00,1,834.33,22.13,41.94,1.469,17.53,16.7270,25.9,4.05,-59,9.50,
2026-09-21T14:12:01,1,834.50,22.15,41.95,1.465,17.20,16.7240,25.9,4.09,-62,9.75,
2026-09-21T14:12:02,1,834.45,22.11,41.95,1.465,17.20,16.7210,25.9,4.05,-61,9.50,
2026-09-21T14:12:04,1,834.47,22.15,41.97,1.466,17.27,16.7190,25.9,4.09,-62,9.50,
2026-09-21T14:12:05,1,834.34,22.12,41.92,1.467,17.33,16.7140,25.9,4.03,-78,8.50,
2026-09-21T14:12:06,1,834.43,22.13,41.95,1.464,17.14,16.7130,25.9,4.10,-57,10.00,
2026-09-21T14:12:07,1,834.37,22.13,41.96,1.467,17.33,16.7160,25.9,4.04,-61,9.50,
2026-09-21T14:12:08,1,834.42,22.13,41.95,1.464,17.14,16.7150,25.9,4.09,-67,9.50,
2026-09-21T14:12:17,1,834.49,22.13,41.95,1.468,17.46,16.7150,25.9,4.06,-60,9.75,
2026-09-21T14:12:18,1,834.42,22.12,41.96,1.465,17.20,16.7140,25.9,4.09,-64,9.25,
2026-09-21T14:12:19,1,834.48,22.11,41.97,1.467,17.40,16.7190,25.9,4.06,-64,10.50,
2026-09-21T14:12:20,1,834.49,22.13,41.98,1.466,17.27,16.7170,25.9,4.10,-67,9.75,
2026-09-21T14:12:21,1,834.45,22.13,42.01,1.466,17.27,16.7190,25.9,4.05,-69,9.25,
2026-09-21T14:12:23,1,834.48,22.13,41.96,1.462,16.95,16.7240,25.9,4.10,-60,9.50,
2026-09-21T14:12:24,1,834.43,22.12,42.00,1.466,17.27,16.7250,25.9,4.05,-62,9.75,
2026-09-21T14:12:25,1,834.47,22.13,41.96,1.469,17.53,16.7240,25.9,4.10,-62,10.00,
2026-09-21T14:12:26,1,834.43,22.15,41.96,1.466,17.27,16.7220,25.9,4.05,-63,9.50,
2026-09-21T14:12:27,1,834.51,22.13,42.00,1.466,17.27,16.7190,25.9,4.09,-61,9.50,
2026-09-21T14:12:28,1,834.35,22.12,41.99,1.470,17.59,16.7220,25.9,4.05,-61,10.00,
2026-09-21T14:12:29,1,834.51,22.11,41.99,1.462,16.95,16.7150,25.9,4.10,-61,10.00,
2026-09-21T14:12:30,1,834.30,22.11,42.00,1.465,17.20,16.7150,25.9,4.05,-58,9.25,
2026-09-21T14:12:32,1,834.51,22.14,42.02,1.465,17.20,16.7200,25.9,4.10,-57,10.00,
2026-09-21T14:12:33,1,834.48,22.12,41.99,1.467,17.33,16.7250,25.9,4.05,-60,9.75,
2026-09-21T14:12:34,1,834.49,22.13,42.01,1.464,17.14,16.7210,25.9,4.10,-63,9.50,
2026-09-21T14:12:35,1,834.35,22.12,41.98,1.466,17.27,16.7200,25.9,4.05,-57,9.75,
2026-09-21T14:12:36,1,834.46,22.12,41.97,1.459,16.75,16.7180,25.9,4.09,-57,9.50,
2026-09-21T14:12:37,1,834.54,22.11,42.00,1.467,17.40,16.7170,25.9,4.05,-58,9.50,
2026-09-21T14:12:38,1,834.50,22.14,41.97,1.463,17.08,16.7150,25.9,4.09,-56,9.50,
2026-09-21T14:12:39,1,834.44,22.13,42.01,1.467,17.40,16.7140,25.9,4.04,-56,9.50,
2026-09-21T14:12:40,1,834.43,22.13,41.98,1.460,16.82,16.7140,25.9,4.09,-55,9.75,
2026-09-21T14:12:42,1,834.38,22.12,41.96,1.467,17.40,16.7140,25.9,4.10,-56,10.00,
2026-09-21T14:12:43,1,834.40,22.10,41.99,1.465,17.20,16.7130,25.9,4.05,-55,9.75,
2026-09-21T14:12:44,1,834.38,22.15,42.00,1.467,17.40,16.7110,25.9,4.09,-54,9.75,
2026-09-21T14:12:45,1,834.39,22.13,42.00,1.476,18.11,16.7100,25.9,4.06,-53,9.75,
2026-09-21T14:12:46,1,834.33,22.12,42.01,1.463,17.01,16.7100,25.9,4.09,-56,9.75,
2026-09-21T14:12:47,1,834.47,22.10,41.99,1.466,17.27,16.7030,25.9,4.05,-55,9.50,
2026-09-21T14:12:48,1,834.43,22.12,42.03,1.464,17.14,16.6990,25.9,4.09,-55,9.25,
2026-09-21T14:12:49,1,834.50,22.09,42.02,1.468,17.46,16.7120,25.9,4.05,-55,9.50,
2026-09-21T14:12:51,1,834.51,22.13,42.01,1.464,17.14,16.7120,25.9,4.09,-53,9.75,
2026-09-21T14:12:52,1,834.47,22.11,42.01,1.468,17.46,16.7080,25.9,4.05,-54,9.50,
2026-09-21T14:12:53,1,834.45,22.12,42.00,1.465,17.20,16.7030,25.9,4.10,-46,2.75,
2026-09-21T14:12:54,1,834.42,22.12,42.00,1.467,17.40,16.7050,25.9,4.05,-45,0.25,
2026-09-21T14:12:55,1,834.39,22.12,42.03,1.463,17.01,16.7070,25.9,4.09,-45,-0.75,
2026-09-21T14:12:56,1,834.38,22.12,42.00,1.467,17.33,16.7110,25.9,4.05,-53,4.75,
2026-09-21T14:13:01,1,844.37,22.12,42.04,1.467,17.33,16.7180,25.9,4.05,-55,9.50,
2026-09-21T14:13:02,1,834.43,22.12,42.00,1.462,16.95,16.7170,25.9,4.10,-54,9.75,
2026-09-21T14:13:03,1,834.38,22.12,42.04,1.466,17.27,16.7190,25.9,4.05,-55,9.50,
2026-09-21T14:13:04,1,834.41,22.12,42.01,1.464,17.14,16.7210,25.9,4.09,-54,9.75,
2026-09-21T14:13:05,1,834.48,22.13,42.02,1.467,17.40,16.7290,25.9,4.05,-54,9.75,
2026-09-21T14:13:06,1,834.39,22.10,42.00,1.462,16.95,16.7250,25.9,4.09,-54,9.50,
2026-09-21T14:13:07,1,834.39,22.11,42.01,1.466,17.27,16.7270,25.9,4.04,-54,9.50,
2026-09-21T14:13:09,1,834.42,22.11,42.00,1.466,17.27,16.7300,25.9,4.10,-54,9.75,
2026-09-21T14:13:10,1,834.39,22.10,42.04,1.468,17.46,16.7170,25.9,4.04,-54,9.25,
2026-09-21T14:13:11,1,834.34,22.12,42.03,1.464,17.14,16.7210,25.9,4.09,-69,9.50,
2026-09-21T14:13:12,1,834.46,22.12,42.02,1.467,17.33,16.7260,25.9,4.10,-60,9.50,
2026-09-21T14:13:13,1,834.37,22.11,42.05,1.466,17.27,16.7250,25.9,4.06,-69,9.25,
2026-09-21T14:13:14,1,834.46,22.11,42.02,1.468,17.46,16.7260,25.9,4.10,-77,8.25,
2026-09-21T14:13:15,1,834.41,22.11,42.02,1.463,17.01,16.7260,25.9,4.05,-70,9.50,
2026-09-21T14:13:16,1,834.54,22.11,42.05,1.464,17.14,16.7230,25.9,4.09,-63,9.75,
2026-09-21T14:13:17,1,834.38,22.12,42.04,1.469,17.53,16.7200,25.9,4.05,-55,9.50,
2026-09-21T14:13:19,1,834.45,22.12,42.02,1.467,17.40,16.7200,25.9,4.09,-54,9.25,
2026-09-21T14:13:20,1,834.47,22.11,42.04,1.469,17.53,16.7180,25.9,4.06,-59,9.00,
2026-09-21T14:13:21,1,834.39,22.11,42.04,1.463,17.08,16.7220,25.9,4.10,-58,9.25,
2026-09-21T14:13:22,1,834.44,22.11,42.04,1.467,17.33,16.7230,25.9,4.05,-59,9.50,
2026-09-21T14:13:23,1,834.41,22.12,42.03,1.463,17.08,16.7200,25.9,4.09,-58,9.75,
2026-09-21T14:13:24,1,834.38,22.12,42.07,1.465,17.20,16.7230,25.9,4.05,-58,9.75,
2026-09-21T14:13:25,1,834.37,22.13,42.05,1.463,17.08,16.7210,25.9,4.09,-65,9.75,
2026-09-21T14:13:26,1,834.47,22.11,42.01,1.470,17.59,16.7260,25.9,4.05,-60,9.75,
2026-09-21T14:13:28,1,834.40,22.11,42.04,1.465,17.20,16.7290,25.9,4.09,-59,9.25,
2026-09-21T14:13:29,1,834.30,22.12,42.07,1.467,17.40,16.7280,25.9,4.05,-65,9.25,
2026-09-21T14:13:30,1,834.29,22.12,42.05,1.464,17.14,16.7320,25.9,4.08,-65,9.25,
2026-09-21T14:13:31,1,834.46,22.11,42.04,1.470,17.59,16.7280,25.9,4.05,-67,10.00,
2026-09-21T14:13:32,1,834.44,22.12,42.08,1.464,17.14,16.7260,25.9,4.10,-62,9.75,
2026-09-21T14:13:33,1,834.38,22.13,42.04,1.469,17.53,16.7240,25.9,4.05,-67,10.00,
2026-09-21T14:13:34,1,834.46,22.12,42.05,1.463,17.08,16.7230,25.9,4.10,-65,9.75,
2026-09-21T14:13:35,1,834.44,22.12,42.03,1.467,17.33,16.7210,25.9,4.04,-61,9.50,
2026-09-21T14:13:37,1,834.40,22.12,42.07,1.464,17.14,16.7220,25.9,4.09,-52,7.75,
2026-09-21T14:13:38,1,834.39,22.12,42.05,1.467,17.40,16.7000,25.9,4.04,-48,-2.25,
2026-09-21T14:13:44,1,844.35,22.11,42.05,1.468,17.46,16.7090,25.9,4.10,-71,9.25,
2026-09-21T14:13:45,1,834.52,22.09,42.07,1.462,16.95,16.7130,25.9,4.06,-69,9.25,
2026-09-21T14:13:47,1,834.40,22.12,42.07,1.464,17.14,16.7170,25.9,4.09,-69,9.25,
2026-09-21T14:13:48,1,834.38,22.11,42.08,1.467,17.40,16.7140,25.9,4.06,-65,9.25,
2026-09-21T14:13:49,1,834.42,22.09,42.08,1.464,17.14,16.7170,25.9,4.09,-57,9.50,
2026-09-21T14:13:50,1,834.54,22.11,42.08,1.469,17.53,16.7170,25.9,4.06,-57,9.75,
2026-09-21T14:13:51,1,834.46,22.12,42.05,1.466,17.27,16.7190,25.9,4.09,-57,9.75,
2026-09-21T14:13:52,1,834.37,22.12,42.08,1.467,17.40,16.7250,25.9,4.05,-56,9.50,
2026-09-21T14:13:53,1,834.46,22.09,42.07,1.463,17.01,16.7220,25.9,4.10,-57,10.00,
2026-09-21T14:13:54,1,834.32,22.11,42.07,1.467,17.40,16.7240,25.9,4.05,-59,9.50,
2026-09-21T14:13:56,1,834.44,22.11,42.06,1.465,17.20,16.7190,25.9,4.09,-60,9.50,
2026-09-21T14:13:57,1,834.38,22.11,42.07,1.467,17.40,16.7170,25.9,4.05,-59,9.50,
2026-09-21T14:13:58,1,834.32,22.10,42.07,1.467,17.33,16.7220,25.9,4.09,-63,9.50,
2026-09-21T14:13:59,1,834.36,22.12,42.10,1.467,17.33,16.7180,25.9,4.05,-61,9.50,
2026-09-21T14:14:00,1,834.42,22.10,42.07,1.465,17.20,16.7210,25.9,4.09,-59,9.75,
2026-09-21T14:14:01,1,834.39,22.11,42.08,1.466,17.27,16.7190,25.9,4.05,-56,9.75,
2026-09-21T14:14:02,1,834.42,22.09,42.09,1.463,17.01,16.7200,25.9,4.09,-55,9.25,
2026-09-21T14:14:03,1,834.45,22.11,42.04,1.469,17.53,16.7190,25.9,4.05,-56,9.75,
2026-09-21T14:14:05,1,834.46,22.11,42.09,1.465,17.20,16.7150,25.9,4.09,-57,9.75,
2026-09-21T14:14:06,1,834.43,22.10,42.11,1.467,17.40,16.7090,25.9,4.05,-56,9.75,
2026-09-21T14:14:07,1,834.41,22.11,42.10,1.463,17.08,16.7070,25.9,4.09,-58,9.75,
2026-09-21T14:14:08,1,834.37,22.10,42.10,1.466,17.27,16.7080,25.9,4.04,-59,9.00,
2026-09-21T14:14:09,1,834.46,22.11,42.07,1.465,17.20,16.7080,25.9,4.09,-55,9.50,
2026-09-21T14:14:10,1,834.39,22.08,42.08,1.467,17.33,16.7030,25.9,4.04,-54,9.25,
2026-09-21T14:14:11,1,834.43,22.09,42.11,1.463,17.08,16.7030,25.9,4.08,-53,9.25,
2026-09-21T14:14:12,1,834.44,22.11,42.07,1.469,17.53,16.6980,25.9,4.09,-54,9.50,
2026-09-21T14:14:14,1,834.35,22.10,42.11,1.464,17.14,16.7050,25.9,4.06,-54,9.75,
2026-09-21T14:14:15,1,834.39,22.10,42.11,1.467,17.40,16.7030,25.9,4.09,-54,9.50,
2026-09-21T14:14:16,1,834.44,22.09,42.08,1.465,17.20,16.7080,25.9,4.05,-54,9.50,
2026-09-21T14:14:17,1,834.44,22.09,42.09,1.462,16.95,16.7120,25.9,4.09,-53,9.75,
2026-09-21T14:14:18,1,834.48,22.11,42.10,1.468,17.46,16.7130,25.9,4.05,-55,9.50,
2026-09-21T14:14:19,1,834.33,22.12,42.11,1.463,17.08,16.7200,25.9,4.09,-56,12.00,
2026-09-21T14:14:20,1,834.48,22.10,42.08,1.467,17.40,16.7240,25.9,4.05,-53,9.75,
2026-09-21T14:14:21,1,834.49,22.11,42.10,1.466,17.27,16.7240,25.9,4.09,-45,0.75,
2026-09-21T14:14:29,1,834.39,22.10,42.13,1.467,17.40,16.7220,25.9,4.05,-59,9.50,
2026-09-21T14:14:30,1,834.44,22.10,42.13,1.463,17.01,16.7250,25.9,4.09,-60,9.50,
2026-09-21T14:14:31,1,834.48,22.09,42.13,1.468,17.46,16.7210,25.9,4.05,-59,9.75,
2026-09-21T14:14:33,1,834.47,22.09,42.08,1.464,17.14,16.7260,25.9,4.09,-59,9.50,
2026-09-21T14:14:34,1,834.44,22.08,42.14,1.467,17.40,16.7230,25.9,4.05,-59,9.75,
2026-09-21T14:14:35,1,834.50,22.11,42.13,1.468,17.46,16.7270,25.9,4.09,-58,9.50,
2026-09-21T14:14:36,1,834.50,22.09,42.13,1.468,17.46,16.7290,25.9,4.04,-55,9.50,
2026-09-21T14:14:37,1,834.49,22.10,42.10,1.463,17.01,16.7230,25.9,4.09,-56,10.25,
2026-09-21T14:14:38,1,834.42,22.10,42.14,1.467,17.33,16.7220,25.9,4.04,-55,9.75,
2026-09-21T14:14:39,1,834.41,22.11,42.11,1.466,17.27,16.7190,25.9,4.08,-58,9.50,
2026-09-21T14:14:40,1,834.46,22.09,42.14,1.467,17.40,16.7120,25.9,4.09,-54,9.75,
2026-09-21T14:14:42,1,834.42,22.09,42.15,1.463,17.01,16.7150,25.9,4.06,-55,9.50,
2026-09-21T14:14:43,1,834.34,22.11,42.15,1.472,17.72,16.7090,25.9,4.10,-55,9.50,
2026-09-21T14:14:44,1,834.35,22.11,42.14,1.467,17.33,16.7110,25.9,4.05,-56,9.75,
2026-09-21T14:14:45,1,834.34,22.08,42.10,1.464,17.14,16.7190,25.9,4.10,-56,9.75,
2026-09-21T14:14:46,1,834.44,22.11,42.12,1.467,17.40,16.7190,25.9,4.05,-55,9.50,
2026-09-21T14:14:47,1,834.43,22.09,42.14,1.464,17.14,16.7240,25.9,4.09,-59,9.75,
2026-09-21T14:14:48,1,834.42,22.09,42.12,1.467,17.40,16.7260,25.9,4.05,-54,9.50,
2026-09-21T14:14:49,1,834.44,22.09,42.12,1.465,17.20,16.7260,25.9,4.09,-56,9.75,
2026-09-21T14:14:50,1,834.37,22.10,42.13,1.467,17.40,16.7210,25.9,4.05,-60,9.25,
2026-09-21T14:14:52,1,834.36,22.07,42.12,1.463,17.08,16.7240,25.9,4.10,-55,9.50,2
2026-09-21T14:14:53,1,834.38,22.08,42.12,1.467,17.33,16.7210,25.9,4.04,-60,9.50,
2026-09-21T14:14:54,1,834.46,22.10,42.15,1.463,17.08,16.7180,25.9,4.09,-55,9.50,
2026-09-21T14:14:55,1,834.36,22.09,42.14,1.467,17.40,16.7130,25.9,4.05,-54,9.75,
2026-09-21T14:14:56,1,834.40,22.07,42.13,1.465,17.20,16.7080,25.9,4.09,-69,9.50,
2026-09-21T14:14:57,1,834.47,22.09,42.16,1.466,17.27,16.7040,25.9,4.05,-58,9.25,
2026-09-21T14:14:58,1,834.46,22.09,42.13,1.463,17.01,16.7090,25.9,4.09,-54,9.50,
2026-09-21T14:14:59,1,834.46,22.11,42.14,1.466,17.27,16.7060,25.9,4.05,-55,9.75,
2026-09-21T14:15:01,1,834.33,22.09,42.16,1.465,17.20,16.7090,25.9,4.09,-65,9.75,
2026-09-21T14:15:02,1,834.41,22.08,42.19,1.467,17.33,16.7070,25.9,4.04,-58,9.50,
2026-09-21T14:15:03,1,834.47,22.09,42.14,1.464,17.14,16.7150,25.9,4.09,-59,9.75,
2026-09-21T14:15:04,1,834.43,22.08,42.16,1.480,18.36,16.7090,25.9,4.04,-59,9.75,
2026-09-21T14:15:06,1,853.31,22.09,42.14,1.469,17.53,16.7020,25.9,4.04,-50,0.50,
2026-09-21T14:15:08,1,851.56,22.11,42.48,1.467,17.40,16.7060,25.9,4.09,-53,6.75,
2026-09-21T14:15:13,1,850.56,22.09,42.68,1.473,17.85,16.7770,25.9,4.09,-55,9.50,
2026-09-21T14:15:14,1,850.43,22.09,42.69,1.471,17.66,16.7980,25.9,4.05,-54,9.75,
2026-09-21T14:15:15,1,850.31,22.12,42.70,1.467,17.33,16.8130,25.9,4.09,-65,9.50,
2026-09-21T14:15:16,1,850.30,22.11,42.66,1.470,17.59,16.8420,25.9,4.05,-59,9.50,
2026-09-21T14:15:17,1,850.20,22.11,42.67,1.467,17.40,16.8540,25.9,4.10,-59,9.25,
2026-09-21T14:15:19,1,850.25,22.09,42.68,1.469,17.53,16.8640,25.9,4.05,-59,9.50,
2026-09-21T14:15:20,1,850.18,22.10,42.68,1.466,17.27,16.8750,25.9,4.10,-58,9.75,
2026-09-21T14:15:21,1,849.97,22.11,42.70,1.470,17.59,16.8830,25.9,4.06,-58,9.75,
2026-09-21T14:15:22,1,850.03,22.12,42.67,1.470,17.59,16.8940,25.9,4.09,-58,9.25,
2026-09-21T14:15:23,1,849.96,22.10,42.68,1.467,17.33,16.9040,25.9,4.05,-60,9.50,
2026-09-21T14:15:24,1,849.95,22.12,42.73,1.467,17.40,16.9150,25.9,4.09,-53,9.50,
2026-09-21T14:15:25,1,849.89,22.11,42.68,1.464,17.14,16.9360,25.9,4.05,-54,9.50,
2026-09-21T14:15:26,1,849.91,22.13,42.68,1.465,17.20,16.9500,25.9,4.09,-58,9.50,
2026-09-21T14:15:27,1,849.77,22.12,42.68,1.469,17.53,16.9570,25.9,4.05,-56,9.50,
2026-09-21T14:15:29,1,849.78,22.09,42.69,1.467,17.33,16.9590,25.9,4.09,-57,9.75,
2026-09-21T14:15:30,1,849.80,22.10,42.68,1.469,17.53,16.9660,25.9,4.05,-56,9.50,
2026-09-21T14:15:31,1,849.82,22.09,42.66,1.467,17.40,16.9500,25.9,4.10,-55,9.50,
2026-09-21T14:15:32,1,849.73,22.08,42.71,1.472,17.78,16.9370,25.9,4.04,-56,9.00,
2026-09-21T14:15:33,1,849.82,22.11,42.68,1.467,17.40,16.9310,25.9,4.09,-55,9.25,
2026-09-21T14:15:34,1,849.73,22.10,42.66,1.468,17.46,16.9210,25.9,4.04,-59,9.25,
2026-09-21T14:15:35,1,849.73,22.09,42.68,1.466,17.27,16.9180,25.9,4.09,-60,9.50,
2026-09-21T14:15:36,1,849.64,22.10,42.70,1.472,17.72,16.9160,25.9,4.04,-60,9.25,
2026-09-21T14:15:38,1,849.66,22.11,42.66,1.465,17.20,16.9140,25.9,4.09,-59,9.25,
2026-09-21T14:15:39,1,849.72,22.11,42.70,1.470,17.59,16.9120,25.9,4.10,-58,10.00,
2026-09-21T14:15:40,1,849.58,22.11,42.66,1.467,17.40,16.9120,25.9,4.06,-57,9.50,
2026-09-21T14:15:41,1,849.71,22.11,42.66,1.471,17.66,16.9130,25.9,4.09,-51,9.75,
2026-09-21T14:15:42,1,849.67,22.10,42.67,1.470,17.59,16.9110,25.9,4.05,-51,9.25,
2026-09-21T14:15:43,1,849.63,22.09,42.68,1.467,17.33,16.9070,25.9,4.09,-51,9.75,
2026-09-21T14:15:44,1,849.72,22.12,42.69,1.469,17.53,16.9050,25.9,4.05,-53,9.00,
2026-09-21T14:15:47,1,849.71,22.11,42.69,1.468,17.46,16.8950,25.9,4.05,-54,10.00,
2026-09-21T14:15:48,1,849.65,22.11,42.66,1.466,17.27,16.8930,25.9,4.09,-51,9.75,
2026-09-21T14:15:49,1,849.66,22.11,42.65,1.470,17.59,16.8920,25.9,4.05,-44,4.50,
2026-09-21T14:15:50,1,849.66,22.11,42.66,1.466,17.27,16.8950,25.9,4.10,-44,3.25,
2026-09-21T14:15:51,1,849.64,22.09,42.67,1.475,17.98,16.8970,25.9,4.06,-44,1.50,
2026-09-21T14:15:52,1,849.66,22.09,42.66,1.469,17.53,16.8980,25.9,4.09,-51,3.25,
2026-09-21T14:15:57,1,867.80,22.08,42.65,1.467,17.40,16.8800,25.9,4.09,-52,12.00,
2026-09-21T14:15:58,1,849.61,22.08,42.68,1.470,17.59,16.8760,25.9,4.05,-54,9.75,
2026-09-21T14:15:59,1,849.62,22.09,42.69,1.466,17.27,16.8720,25.9,4.10,-54,9.50,
2026-09-21T14:16:00,1,849.52,22.09,42.67,1.471,17.66,16.8720,25.9,4.04,-54,9.50,
2026-09-21T14:16:01,1,849.59,22.09,42.65,1.467,17.33,16.8710,25.9,4.10,-49,9.50,
2026-09-21T14:16:02,1,849.54,22.08,42.72,1.469,17.53,16.8720,25.9,4.04,-50,9.75,
2026-09-21T14:16:03,1,849.63,22.10,42.68,1.467,17.33,16.8700,25.9,4.10,-57,10.00,
2026-09-21T14:16:04,1,849.62,22.11,42.66,1.468,17.46,16.8710,25.9,4.04,-59,9.75,
2026-09-21T14:16:06,1,876.04,22.15,42.73,1.468,17.46,16.8740,25.9,4.09,-57,9.50,
2026-09-21T14:16:07,1,895.08,22.15,42.96,1.470,17.59,16.8690,25.9,4.04,-58,9.25,
2026-09-21T14:16:08,1,894.89,22.17,43.29,1.467,17.40,16.8710,25.9,4.06,-54,9.50,
2026-09-21T14:16:09,1,893.71,22.17,43.60,1.481,18.49,16.8750,25.9,4.09,-52,9.50,
2026-09-21T14:16:10,1,892.83,22.16,43.80,1.467,17.40,16.8850,25.9,4.05,-53,9.50,
2026-09-21T14:16:11,1,892.48,22.17,43.90,1.472,17.72,16.9690,25.9,4.09,-54,9.75,
2026-09-21T14:16:12,1,892.20,22.16,43.99,1.471,17.66,17.0150,25.9,4.06,-51,9.75,
2026-09-21T14:16:13,1,891.82,22.16,44.02,1.470,17.59,17.0480,25.9,4.10,-50,9.75,
2026-09-21T14:16:15,1,891.75,22.16,44.04,1.472,17.72,17.0840,25.9,4.05,-53,9.75,
2026-09-21T14:16:16,1,891.57,22.16,44.08,1.471,17.66,17.1150,25.9,4.09,-55,9.75,
2026-09-21T14:16:17,1,891.43,22.15,44.05,1.475,17.98,17.1390,25.9,4.06,-58,9.75,
2026-09-21T14:16:18,1,891.31,22.17,44.04,1.471,17.66,17.1700,25.9,4.10,-53,9.25,
2026-09-21T14:16:19,1,891.26,22.14,44.07,1.473,17.85,17.2000,25.9,4.05,-52,9.50,
2026-09-21T14:16:20,1,891.23,22.15,44.03,1.472,17.78,17.2240,25.9,4.09,-56,9.50,
2026-09-21T14:16:21,1,891.00,22.13,44.03,1.472,17.78,17.2740,25.9,4.05,-55,9.50,
2026-09-21T14:16:22,1,890.90,22.14,44.04,1.472,17.72,17.2960,25.9,4.09,-59,9.50,3
2026-09-21T14:16:24,1,890.92,22.14,44.02,1.476,18.11,17.3200,25.9,4.05,-55,9.50,
2026-09-21T14:16:25,1,890.90,22.15,44.04,1.475,17.98,17.3450,25.9,4.09,-58,9.25,
2026-09-21T14:16:26,1,890.68,22.13,44.00,1.476,18.04,17.3700,25.9,4.05,-51,9.75,
2026-09-21T14:16:27,1,890.81,22.18,44.02,1.475,17.98,17.3950,25.9,4.09,-52,9.25,
2026-09-21T14:16:28,1,890.78,22.15,43.99,1.478,18.24,17.4210,25.9,4.05,-53,9.50,
2026-09-21T14:16:29,1,890.72,22.14,44.00,1.474,17.91,17.4460,25.9,4.10,-55,9.75,
2026-09-21T14:16:30,1,890.67,22.16,44.00,1.476,18.04,17.4510,25.9,4.04,-54,9.50,
2026-09-21T14:16:31,1,890.66,22.14,44.00,1.472,17.78,17.4090,25.9,4.09,-53,9.25,
2026-09-21T14:16:32,1,890.64,22.14,43.99,1.475,17.98,17.3870,25.9,4.03,-48,9.75,
2026-09-21T14:16:40,1,909.67,22.15,44.00,1.469,17.53,17.3280,25.9,4.04,-63,9.50,
2026-09-21T14:16:41,1,890.43,22.17,43.98,1.477,18.17,17.3270,25.9,4.09,-63,9.75,
2026-09-21T14:16:43,1,890.50,22.13,43.98,1.475,17.98,17.3260,25.9,4.06,-63,9.75,
2026-09-21T14:16:44,1,890.60,22.15,43.98,1.467,17.40,17.3200,25.9,4.09,-63,9.25,
2026-09-21T14:16:45,1,890.39,22.15,43.96,1.476,18.11,17.3230,25.9,4.05,-55,9.50,
2026-09-21T14:16:46,1,890.50,22.14,43.97,1.479,18.30,17.3170,25.9,4.09,-55,9.50,
2026-09-21T14:16:47,1,890.41,22.14,43.97,1.475,17.98,17.3180,25.9,4.05,-57,9.75,
2026-09-21T14:16:48,1,890.43,22.15,43.96,1.472,17.72,17.3160,25.9,4.09,-58,10.00,
2026-09-21T14:16:49,1,890.49,22.15,43.96,1.476,18.04,17.3170,25.9,4.05,-58,9.75,
2026-09-21T14:16:50,1,890.41,22.13,43.96,1.472,17.72,17.3110,25.9,4.09,-57,9.75,
2026-09-21T14:16:52,1,890.34,22.15,44.00,1.472,17.78,17.3100,25.9,4.05,-59,10.00,
2026-09-21T14:16:53,1,890.38,22.15,43.95,1.478,18.24,17.3050,25.9,4.10,-64,9.50,
2026-09-21T14:16:54,1,890.41,22.15,43.99,1.475,17.98,17.3060,25.9,4.05,-64,9.50,
2026-09-21T14:16:55,1,890.51,22.16,43.94,1.471,17.66,17.3070,25.9,4.09,-63,9.75,
2026-09-21T14:16:56,1,890.41,22.14,43.92,1.474,17.91,17.3030,25.9,4.05,-57,9.50,
2026-09-21T14:16:57,1,890.31,22.15,43.94,1.472,17.72,17.3000,25.9,4.09,-56,9.75,
2026-09-21T14:16:58,1,890.38,22.13,43.96,1.473,17.85,17.2940,25.9,4.05,-54,9.50,
2026-09-21T14:16:59,1,890.39,22.13,43.96,1.473,17.85,17.2980,25.9,4.10,-54,9.75,
2026-09-21T14:17:00,1,890.34,22.13,43.96,1.466,17.27,17.3040,25.9,4.04,-55,9.50,
2026-09-21T14:17:02,1,890.34,22.18,43.98,1.472,17.78,17.2960,25.9,4.09,-56,9.50,
2026-09-21T14:17:03,1,890.31,22.12,43.96,1.476,18.11,17.2900,25.9,4.04,-55,9.25,
2026-09-21T14:17:04,1,890.37,22.14,43.95,1.474,17.91,17.2890,25.9,4.09,-58,9.50,
2026-09-21T14:17:05,1,890.30,22.15,43.95,1.475,17.98,17.2880,25.9,4.04,-58,9.25,
2026-09-21T14:17:06,1,890.39,22.14,43.94,1.473,17.85,17.2900,25.9,4.09,-59,9.50,
2026-09-21T14:17:07,1,890.38,22.14,43.96,1.476,18.11,17.2910,25.9,4.06,-59,9.25,
2026-09-21T14:17:08,1,890.29,22.13,43.98,1.471,17.66,17.2900,25.9,4.05,-57,9.75,
2026-09-21T14:17:09,1,890.40,22.15,43.94,1.477,18.17,17.2870,25.9,4.09,-58,9.75,
2026-09-21T14:17:11,1,890.26,22.14,43.98,1.470,17.59,17.2900,25.9,4.05,-71,9.50,
2026-09-21T14:17:12,1,890.33,22.12,43.91,1.463,17.08,17.2900,25.9,4.09,-71,9.50,
2026-09-21T14:17:13,1,890.40,22.15,43.94,1.477,18.17,17.2910,25.9,4.05,-65,9.50,
2026-09-21T14:17:14,1,890.34,22.13,43.96,1.472,17.78,17.2950,25.9,4.09,-65,9.50,
2026-09-21T14:17:15,1,890.32,22.13,43.95,1.476,18.04,17.2980,25.9,4.05,-76,8.75,
2026-09-21T14:17:16,1,890.30,22.13,43.94,1.470,17.59,17.2990,25.9,4.09,-70,9.50,
2026-09-21T14:17:25,1,890.38,22.14,43.98,1.472,17.78,17.2870,25.9,4.09,-73,9.25,
2026-09-21T14:17:26,1,890.34,22.12,44.00,1.476,18.11,17.2850,25.9,4.05,-70,9.50,
2026-09-21T14:17:27,1,890.37,22.12,43.95,1.471,17.66,17.2800,25.9,4.09,-70,9.50,
2026-09-21T14:17:29,1,890.25,22.14,43.98,1.473,17.85,17.2810,25.9,4.05,-72,9.50,
2026-09-21T14:17:30,1,890.31,22.11,43.95,1.471,17.66,17.2810,25.9,4.09,-69,9.75,
2026-09-21T14:17:31,1,890.39,22.12,43.95,1.476,18.04,17.2790,25.9,4.05,-67,9.50,
2026-09-21T14:17:32,1,890.32,22.12,43.95,1.472,17.78,17.2810,25.9,4.09,-62,10.00,
2026-09-21T14:17:33,1,890.17,22.13,43.97,1.474,17.91,17.2820,25.9,4.04,-60,9.25,
2026-09-21T14:17:34,1,890.15,22.13,43.95,1.472,17.72,17.2770,25.9,4.09,-67,9.75,
2026-09-21T14:17:35,1,890.27,22.14,43.98,1.472,17.78,17.2770,25.9,4.04,-67,9.25,
2026-09-21T14:17:36,1,890.21,22.13,43.99,1.469,17.53,17.2800,25.9,4.10,-67,9.75,
2026-09-21T14:17:37,1,890.20,22.12,43.96,1.476,18.04,17.2800,25.9,4.07,-66,9.50,
2026-09-21T14:17:39,1,890.18,22.12,43.97,1.472,17.72,17.2720,25.9,4.05,-65,9.50,
2026-09-21T14:17:40,1,890.23,22.12,43.98,1.475,17.98,17.2710,25.9,4.09,-64,9.75,
2026-09-21T14:17:41,1,890.28,22.12,43.98,1.470,17.59,17.2720,25.9,4.05,-65,9.50,
2026-09-21T14:17:42,1,890.28,22.13,43.97,1.461,16.88,17.2820,25.9,4.09,-65,9.50,
2026-09-21T14:17:43,1,890.19,22.12,43.96,1.476,18.11,17.2870,25.9,4.05,-65,9.50,
2026-09-21T14:17:44,1,890.21,22.13,43.98,1.473,17.85,17.2920,25.9,4.09,-63,10.25,
2026-09-21T14:17:45,1,890.22,22.12,43.98,1.474,17.91,17.2930,25.9,4.05,-65,9.50,
2026-09-21T14:17:46,1,890.27,22.12,43.98,1.472,17.72,17.2990,25.9,4.09,-64,9.50,
2026-09-21T14:17:48,1,890.34,22.13,43.99,1.475,17.98,17.3000,25.9,4.05,-64,9.25,
2026-09-21T14:17:49,1,890.27,22.11,43.94,1.472,17.78,17.2980,25.9,4.09,-64,9.50,
2026-09-21T14:17:50,1,890.16,22.11,43.95,1.473,17.85,17.2970,25.9,4.06,-64,9.25,
2026-09-21T14:17:51,1,890.20,22.12,43.98,1.474,17.91,17.3010,25.9,4.09,-63,9.75,
2026-09-21T14:17:52,1,890.12,22.11,43.98,1.468,17.46,17.3000,25.9,4.05,-64,9.75,
2026-09-21T14:17:53,1,890.21,22.14,44.01,1.472,17.78,17.2970,25.9,4.09,-63,9.50,
2026-09-21T14:17:54,1,890.27,22.12,43.94,1.473,17.85,17.2990,25.9,4.05,-63,9.50,
2026-09-21T14:17:55,1,890.26,22.11,43.98,1.464,17.14,17.2950,25.9,4.09,-62,9.75,
2026-09-21T14:17:57,1,890.11,22.12,43.95,1.474,17.91,17.2970,25.9,4.04,-63,9.25,
2026-09-21T14:17:58,1,890.24,22.11,43.98,1.472,17.78,17.2940,25.9,4.09,-64,9.25,
2026-09-21T14:17:59,1,890.21,22.13,43.97,1.474,17.91,17.3010,25.9,4.05,-64,9.25,
2026-09-21T14:18:00,1,890.14,22.11,43.95,1.472,17.72,17.2960,25.9,4.09,-65,9.75,
2026-09-21T14:18:01,1,890.24,22.11,43.98,1.474,17.91,17.2920,25.9,4.04,-52,0.00,
2026-09-21T14:18:09,1,890.15,22.12,43.99,1.471,17.66,17.2890,25.9,4.05,-62,9.75,
2026-09-21T14:18:10,1,890.27,22.12,43.96,1.476,18.11,17.2880,25.9,4.09,-62,9.25,
2026-09-21T14:18:11,1,890.20,22.08,44.01,1.473,17.85,17.2810,25.9,4.05,-61,9.50,
2026-09-21T14:18:12,1,890.20,22.11,44.01,1.467,17.40,17.2810,25.9,4.10,-61,9.75,
2026-09-21T14:18:13,1,890.19,22.09,44.03,1.473,17.85,17.2830,25.9,4.05,-61,9.50,
2026-09-21T14:18:14,1,890.19,22.12,44.01,1.469,17.53,17.2790,25.9,4.09,-60,9.50,
2026-09-21T14:18:16,1,890.23,22.11,43.98,1.470,17.59,17.2870,25.9,4.05,-61,9.75,
2026-09-21T14:18:17,1,890.12,22.12,44.02,1.473,17.85,17.2870,25.9,4.10,-60,9.75,
2026-09-21T14:18:18,1,890.21,22.13,43.98,1.475,17.98,17.2890,25.9,4.06,-62,9.50,
2026-09-21T14:18:19,1,890.36,22.09,43.97,1.471,17.66,17.2820,25.9,4.09,-63,9.50,
2026-09-21T14:18:20,1,890.17,22.09,43.98,1.476,18.04,17.2890,25.9,4.05,-62,10.00,
2026-09-21T14:18:21,1,890.14,22.12,44.00,1.472,17.78,17.3020,25.9,4.09,-63,9.75,
2026-09-21T14:18:22,1,890.09,22.08,43.97,1.475,17.98,17.2960,25.9,4.05,-63,9.50,
2026-09-21T14:18:23,1,890.16,22.12,44.00,1.477,18.17,17.3030,25.9,4.09,-64,9.50,
2026-09-21T14:18:25,1,890.14,22.10,44.00,1.470,17.59,17.2990,25.9,4.05,-63,9.75,
2026-09-21T14:18:26,1,890.20,22.10,43.97,1.472,17.72,17.2940,25.9,4.09,-61,9.75,
2026-09-21T14:18:27,1,890.06,22.10,43.98,1.476,18.04,17.2950,25.9,4.05,-61,9.50,
2026-09-21T14:18:28,1,890.25,22.11,43.99,1.474,17.91,17.2990,25.9,4.10,-61,10.00,
2026-09-21T14:18:29,1,890.26,22.12,43.98,1.476,18.04,17.2970,25.9,4.05,-62,9.75,
2026-09-21T14:18:30,1,890.25,22.09,43.96,1.472,17.72,17.3010,25.9,4.09,-61,9.75,
2026-09-21T14:18:31,1,890.21,22.10,43.99,1.477,18.17,17.3080,25.9,4.05,-62,9.75,
2026-09-21T14:18:32,1,890.25,22.11,43.99,1.470,17.59,17.3090,25.9,4.10,-62,9.50,
2026-09-21T14:18:34,1,890.15,22.11,44.01,1.474,17.91,17.3130,25.9,4.04,-61,9.50,
2026-09-21T14:18:35,1,890.18,22.10,43.98,1.472,17.72,17.3090,25.9,4.10,-62,10.00,
2026-09-21T14:18:36,1,890.17,22.10,43.99,1.473,17.85,17.3090,25.9,4.04,-62,9.75,
2026-09-21T14:18:37,1,890.22,22.11,43.99,1.471,17.66,17.3080,25.9,4.09,-62,9.75,
2026-09-21T14:18:38,1,890.13,22.11,44.04,1.475,17.98,17.3090,25.9,4.04,-62,9.25,
2026-09-21T14:18:39,1,890.27,22.08,43.99,1.472,17.78,17.3110,25.9,4.08,-61,9.50,
2026-09-21T14:18:40,1,890.20,22.09,43.98,1.476,18.04,17.2970,25.9,4.09,-61,9.75,
2026-09-21T14:18:41,1,890.10,22.09,43.99,1.471,17.66,17.2970,25.9,4.05,-61,9.50,
2026-09-21T14:18:42,1,890.14,22.09,44.00,1.476,18.04,17.3020,25.9,4.09,-61,9.50,
2026-09-21T14:18:44,1,890.09,22.11,43.98,1.479,18.30,17.2970,25.9,4.05,-62,9.50,
2026-09-21T14:18:45,1,890.09,22.10,43.99,1.472,17.78,17.2960,25.9,4.10,-53,6.25,
2026-09-21T14:18:53,1,909.95,22.09,44.00,1.475,17.98,17.2950,25.9,4.05,-62,9.75,
2026-09-21T14:18:54,1,890.30,22.10,43.98,1.473,17.85,17.2880,25.9,4.09,-62,9.75,
2026-09-21T14:18:55,1,890.19,22.08,43.98,1.474,17.91,17.2910,25.9,4.05,-63,9.50,
2026-09-21T14:18:56,1,890.22,22.09,43.99,1.474,17.91,17.2920,25.9,4.09,-64,9.25,
2026-09-21T14:18:57,1,890.13,22.09,44.00,1.472,17.78,17.2910,25.9,4.05,-64,9.25,
2026-09-21T14:18:58,1,890.11,22.12,44.00,1.464,17.14,17.2900,25.9,4.09,-63,9.75,
2026-09-21T14:18:59,1,890.13,22.09,44.01,1.475,17.98,17.2910,25.9,4.05,-62,9.75,
2026-09-21T14:19:00,1,890.14,22.08,44.00,1.472,17.78,17.2960,25.9,4.09,-62,9.75,
2026-09-21T14:19:02,1,890.19,22.08,43.99,1.477,18.17,17.2950,25.9,4.04,-62,9.50,
2026-09-21T14:19:03,1,890.18,22.08,43.99,1.472,17.72,17.2950,25.9,4.09,-61,10.00,
2026-09-21T14:19:04,1,890.14,22.07,43.96,1.473,17.85,17.2880,25.9,4.05,-62,10.00,
2026-09-21T14:19:05,1,890.00,22.09,44.01,1.472,17.72,17.2860,25.9,4.09,-62,9.50,
2026-09-21T14:19:06,1,890.12,22.10,44.01,1.474,17.91,17.2910,25.9,4.04,-62,9.50,
2026-09-21T14:19:07,1,890.23,22.07,44.00,1.472,17.78,17.2910,25.9,4.09,-62,10.00,
2026-09-21T14:19:08,1,890.18,22.09,43.99,1.476,18.04,17.2850,25.9,4.04,-62,10.25,
2026-09-21T14:19:09,1,890.23,22.09,43.98,1.473,17.85,17.2840,25.9,4.09,-62,9.50,
2026-09-21T14:19:10,1,890.19,22.09,44.03,1.477,18.17,17.2840,25.9,4.09,-63,9.25,
2026-09-21T14:19:12,1,890.12,22.09,44.03,1.473,17.85,17.2860,25.9,4.05,-65,9.75,
2026-09-21T14:19:13,1,890.17,22.09,43.98,1.474,17.91,17.2830,25.9,4.09,-63,9.25,
2026-09-21T14:19:14,1,890.19,22.11,43.99,1.473,17.85,17.2900,25.9,4.05,-63,10.00,
2026-09-21T14:19:15,1,890.05,22.11,43.98,1.472,17.72,17.2910,25.9,4.10,-65,10.50,
2026-09-21T14:19:16,1,890.08,22.09,44.01,1.475,17.98,17.2920,25.9,4.06,-63,9.75,
2026-09-21T14:19:17,1,890.16,22.09,44.00,1.472,17.72,17.2930,25.9,4.09,-62,10.00,
2026-09-21T14:19:18,1,890.09,22.10,44.00,1.474,17.91,17.2950,25.9,4.05,-61,9.00,
2026-09-21T14:19:19,1,890.21,22.10,43.99,1.470,17.59,17.2920,25.9,4.09,-61,9.75,
2026-09-21T14:19:21,1,890.16,22.09,44.02,1.475,17.98,17.2870,25.9,4.05,-61,9.50,
2026-09-21T14:19:22,1,890.10,22.06,44.03,1.471,17.66,17.2860,25.9,4.09,-60,10.00,
2026-09-21T14:19:23,1,890.12,22.08,43.99,1.476,18.04,17.2840,25.9,4.05,-64,9.25,
2026-09-21T14:19:24,1,890.22,22.12,44.02,1.472,17.78,17.2930,25.9,4.09,-62,9.75,
2026-09-21T14:19:25,1,890.12,22.11,44.05,1.473,17.85,17.2930,25.9,4.05,-62,10.00,
2026-09-21T14:19:26,1,890.15,22.09,43.98,1.472,17.78,17.2970,25.9,4.09,-61,9.75,
2026-09-21T14:19:27,1,890.07,22.09,44.01,1.473,17.85,17.2950,25.9,4.05,-62,10.00,
2026-09-21T14:19:28,1,890.22,22.09,44.00,1.473,17.85,17.2940,25.9,4.09,-62,9.75,
2026-09-21T14:19:36,1,909.70,22.10,44.00,1.475,17.98,17.2860,25.9,4.04,-62,10.50,
2026-09-21T14:19:37,1,890.11,22.07,44.01,1.472,17.72,17.2880,25.9,4.09,-63,9.75,
2026-09-21T14:19:39,1,890.09,22.08,44.01,1.476,18.04,17.2930,25.9,4.03,-61,9.50,
2026-09-21T14:19:40,1,890.01,22.06,43.98,1.472,17.78,17.2940,25.9,4.09,-62,9.50,
2026-09-21T14:19:41,1,890.12,22.09,43.99,1.475,17.98,17.2980,25.9,4.09,-61,9.50,
2026-09-21T14:19:42,1,890.10,22.08,43.99,1.472,17.72,17.3030,25.9,4.05,-61,9.25,
2026-09-21T14:19:43,1,890.10,22.10,44.02,1.476,18.04,17.3030,25.9,4.09,-60,9.75,
2026-09-21T14:19:44,1,890.12,22.08,44.01,1.476,18.04,17.3060,25.9,4.06,-62,9.75,
2026-09-21T14:19:45,1,890.09,22.09,44.03,1.481,18.49,17.3070,25.9,4.09,-61,9.75,
2026-09-21T14:19:46,1,890.00,22.08,44.02,1.472,17.78,17.3200,25.9,4.05,-60,9.75,
2026-09-21T14:19:47,1,890.06,22.08,43.98,1.472,17.78,17.3180,25.9,4.09,-58,9.50,
2026-09-21T14:19:49,1,890.06,22.08,44.02,1.474,17.91,17.3270,25.9,4.05,-53,9.50,
2026-09-21T14:19:50,1,890.08,22.09,44.00,1.472,17.72,17.3310,25.9,4.09,-58,9.75,
2026-09-21T14:19:51,1,890.03,22.08,43.99,1.474,17.91,17.3270,25.9,4.05,-58,9.50,
2026-09-21T14:19:52,1,890.05,22.09,43.99,1.472,17.78,17.3300,25.9,4.09,-56,9.75,
2026-09-21T14:19:53,1,890.09,22.08,43.98,1.474,17.91,17.3300,25.9,4.05,-55,9.50,
2026-09-21T14:19:54,1,890.14,22.08,44.03,1.483,18.62,17.3360,25.9,4.10,-55,10.00,
2026-09-21T14:19:55,1,890.10,22.08,44.01,1.476,18.11,17.3310,25.9,4.05,-56,9.75,
2026-09-21T14:19:56,1,890.03,22.09,44.03,1.471,17.66,17.3300,25.9,4.09,-57,9.75,
2026-09-21T14:19:58,1,890.05,22.08,44.04,1.473,17.85,17.3270,25.9,4.05,-57,9.50,
2026-09-21T14:19:59,1,890.06,22.08,43.99,1.473,17.85,17.3230,25.9,4.09,-56,9.75,
2026-09-21T14:20:00,1,890.09,22.05,44.00,1.475,17.98,17.3190,25.9,4.05,-55,9.75,
2026-09-21T14:20:01,1,890.15,22.08,44.02,1.472,17.72,17.3200,25.9,4.09,-55,9.75,
2026-09-21T14:20:02,1,890.01,22.09,43.98,1.475,17.98,17.3170,25.9,4.05,-54,10.00,
2026-09-21T14:20:03,1,890.22,22.07,44.00,1.470,17.59,17.3150,25.9,4.09,-55,9.25,
2026-09-21T14:20:04,1,890.00,22.06,44.00,1.473,17.85,17.3150,25.9,4.04,-56,9.25,
2026-09-21T14:20:05,1,890.08,22.07,44.00,1.474,17.91,17.3060,25.9,4.09,-55,9.75,
2026-09-21T14:20:07,1,890.06,22.08,44.00,1.476,18.04,17.3040,25.9,4.04,-55,9.75,
2026-09-21T14:20:08,1,890.17,22.09,44.02,1.472,17.78,17.3070,25.9,4.09,-54,10.00,
2026-09-21T14:20:09,1,890.16,22.07,44.05,1.477,18.17,17.3000,25.9,4.04,-54,9.25,
2026-09-21T14:20:10,1,890.07,22.06,44.00,1.468,17.46,17.2950,25.9,4.05,-54,9.50,
2026-09-21T14:20:11,1,890.16,22.07,44.04,1.474,17.91,17.2980,25.9,4.09,-54,9.75,
2026-09-21T14:20:12,1,890.12,22.08,44.01,1.471,17.66,17.2930,25.9,4.05,-53,9.50,
2026-09-21T14:20:13,1,890.17,22.08,44.00,1.469,17.53,17.2900,25.9,4.09,-46,3.25,
2026-09-21T14:20:14,1,890.14,22.07,44.01,1.472,17.72,17.2910,25.9,4.05,-46,2.25,
2026-09-21T14:20:15,1,890.07,22.05,44.02,1.471,17.66,17.2870,25.9,4.09,-45,2.75,
2026-09-21T14:20:21,1,890.07,22.05,44.07,1.473,17.85,17.2880,25.9,4.05,-53,9.75,
2026-09-21T14:20:22,1,890.20,22.06,44.02,1.471,17.66,17.2870,25.9,4.09,-53,9.25,
2026-09-21T14:20:23,1,890.19,22.06,44.00,1.472,17.72,17.2830,25.9,4.05,-55,9.50,
2026-09-21T14:20:24,1,890.13,22.08,43.99,1.471,17.66,17.2800,25.9,4.09,-57,10.00,
2026-09-21T14:20:26,1,890.04,22.05,44.03,1.472,17.72,17.2830,25.9,4.05,-54,9.50,
2026-09-21T14:20:27,1,890.08,22.08,44.03,1.470,17.59,17.2810,25.9,4.09,-55,10.00,
2026-09-21T14:20:28,1,890.13,22.07,44.05,1.474,17.91,17.2770,25.9,4.05,-57,9.50,
2026-09-21T14:20:29,1,890.01,22.07,44.04,1.471,17.66,17.2770,25.9,4.09,-55,9.75,
2026-09-21T14:20:30,1,890.03,22.06,44.00,1.473,17.85,17.2820,25.9,4.04,-55,9.25,
2026-09-21T14:20:31,1,890.04,22.06,44.02,1.470,17.59,17.2810,25.9,4.10,-55,9.50,
2026-09-21T14:20:32,1,890.05,22.06,44.04,1.475,17.98,17.2820,25.9,4.05,-56,9.75,
2026-09-21T14:20:33,1,890.14,22.08,44.04,1.473,17.85,17.2800,25.9,4.10,-57,10.25,
2026-09-21T14:20:35,1,890.06,22.07,44.02,1.476,18.04,17.2830,25.9,4.04,-54,9.75,
2026-09-21T14:20:36,1,890.10,22.05,43.99,1.474,17.91,17.2830,25.9,4.09,-54,9.50,
2026-09-21T14:20:37,1,890.05,22.08,44.01,1.475,17.98,17.2880,25.9,4.04,-57,9.50,
2026-09-21T14:20:38,1,890.07,22.09,44.05,1.472,17.78,17.2910,25.9,4.09,-57,10.00,
2026-09-21T14:20:39,1,889.97,22.07,44.06,1.476,18.04,17.2890,25.9,4.10,-58,9.50,
2026-09-21T14:20:40,1,890.08,22.05,44.06,1.470,17.59,17.2880,25.9,4.05,-57,10.25,
2026-09-21T14:20:41,1,890.04,22.07,44.00,1.475,17.98,17.2900,25.9,4.09,-57,9.75,
2026-09-21T14:20:42,1,890.00,22.04,44.04,1.472,17.78,17.2920,25.9,4.05,-56,9.75,
2026-09-21T14:20:44,1,890.03,22.08,44.03,1.472,17.78,17.2900,25.9,4.09,-56,9.50,
2026-09-21T14:20:45,1,889.98,22.05,44.03,1.476,18.11,17.2910,25.9,4.05,-55,9.50,
2026-09-21T14:20:46,1,890.08,22.06,44.02,1.472,17.72,17.2860,25.9,4.09,-58,9.75,
2026-09-21T14:20:47,1,889.95,22.07,44.03,1.478,18.24,17.2910,25.9,4.05,-58,9.50,
2026-09-21T14:20:48,1,889.97,22.06,44.08,1.473,17.85,17.2900,25.9,4.09,-57,9.00,
2026-09-21T14:20:49,1,890.04,22.07,44.02,1.475,17.98,17.2900,25.9,4.05,-56,9.75,
2026-09-21T14:20:50,1,890.05,22.05,44.01,1.472,17.72,17.2930,25.9,4.09,-55,9.25,
2026-09-21T14:20:51,1,889.99,22.05,44.06,1.475,17.98,17.2960,25.9,4.05,-59,9.50,
2026-09-21T14:20:52,1,890.06,22.06,44.02,1.472,17.78,17.2940,25.9,4.09,-58,9.50,
2026-09-21T14:20:54,1,890.00,22.06,44.02,1.476,18.04,17.2950,25.9,4.05,-60,9.50,
2026-09-21T14:20:55,1,890.15,22.05,44.03,1.472,17.72,17.2920,25.9,4.09,-56,9.50,
2026-09-21T14:20:56,1,890.01,22.07,44.01,1.475,17.98,17.2920,25.9,4.05,-54,10.00,
2026-09-21T14:20:58,1,890.12,22.09,44.04,1.476,18.00,17.2890,25.9,4.05,-51,-1.00,
2026-09-21T14:20:59,1,890.10,22.05,44.02,1.471,17.66,17.2880,25.9,4.09,-50,5.00,
2026-09-21T14:21:00,1,889.98,22.06,44.03,1.474,17.91,17.2910,25.9,4.05,-60,4.75,
2026-09-21T14:21:05,1,908.63,22.05,44.03,1.475,17.98,17.2950,25.9,4.04,-61,9.50,
2026-09-21T14:21:06,1,890.09,22.07,44.03,1.472,17.78,17.3020,25.9,4.09,-58,10.00,
2026-09-21T14:21:07,1,889.97,22.05,44.02,1.476,18.11,17.3030,25.9,4.04,-58,9.50,
2026-09-21T14:21:08,1,890.11,22.06,44.07,1.471,17.66,17.3030,25.9,4.09,-56,9.50,
2026-09-21T14:21:09,1,890.08,22.06,44.06,1.475,17.98,17.2920,25.9,4.05,-58,9.75,
2026-09-21T14:21:10,1,889.98,22.07,44.02,1.471,17.66,17.2960,25.9,4.05,-58,9.50,
2026-09-21T14:21:12,1,890.03,22.05,44.01,1.475,17.98,17.2960,25.9,4.09,-59,9.50,
2026-09-21T14:21:13,1,890.04,22.05,44.05,1.470,17.59,17.3030,25.9,4.05,-59,9.50,
2026-09-21T14:21:14,1,889.98,22.05,44.05,1.467,17.33,17.3030,25.9,4.10,-56,9.75,
2026-09-21T14:21:15,1,890.05,22.05,44.05,1.472,17.78,17.3040,25.9,4.05,-56,9.50,
2026-09-21T14:21:16,1,889.99,22.07,44.05,1.472,17.72,17.3020,25.9,4.09,-56,9.75,
2026-09-21T14:21:17,1,890.01,22.06,44.06,1.476,18.04,17.2930,25.9,4.05,-57,9.75,
2026-09-21T14:21:18,1,890.02,22.06,44.05,1.471,17.66,17.2960,25.9,4.09,-60,9.50,
2026-09-21T14:21:19,1,890.05,22.07,44.06,1.474,17.91,17.2930,25.9,4.05,-55,9.75,
2026-09-21T14:21:20,1,890.03,22.07,44.05,1.471,17.66,17.2900,25.9,4.09,-56,9.75,
2026-09-21T14:21:22,1,889.99,22.05,44.04,1.475,17.98,17.2940,25.9,4.05,-58,9.75,
2026-09-21T14:21:23,1,890.16,22.05,44.00,1.471,17.66,17.2880,25.9,4.09,-59,9.25,
2026-09-21T14:21:24,1,890.06,22.03,44.06,1.475,17.98,17.2900,25.9,4.05,-56,9.50,
2026-09-21T14:21:25,1,890.06,22.05,44.03,1.472,17.78,17.2910,25.9,4.09,-53,9.00,
2026-09-21T14:21:26,1,889.96,22.06,44.04,1.474,17.91,17.2860,25.9,4.05,-55,9.75,
2026-09-21T14:21:27,1,890.02,22.04,44.02,1.468,17.46,17.2800,25.9,4.09,-57,10.00,
2026-09-21T14:21:28,1,889.87,22.05,44.05,1.476,18.04,17.2910,25.9,4.05,-57,9.75,
2026-09-21T14:21:29,1,890.01,22.05,44.04,1.471,17.66,17.2900,25.9,4.09,-59,9.50,
2026-09-21T14:21:31,1,889.84,22.04,44.06,1.473,17.85,17.2860,25.9,4.04,-56,9.25,
2026-09-21T14:21:32,1,889.98,22.03,44.03,1.476,18.04,17.2810,25.9,4.09,-59,9.75,
2026-09-21T14:21:33,1,889.97,22.05,44.08,1.472,17.78,17.2740,25.9,4.04,-54,9.50,
2026-09-21T14:21:34,1,889.99,22.07,44.05,1.472,17.78,17.2740,25.9,4.09,-53,9.25,
2026-09-21T14:21:35,1,889.96,22.06,44.05,1.474,17.91,17.2690,25.9,4.05,-53,9.50,
2026-09-21T14:21:36,1,890.02,22.04,44.05,1.472,17.72,17.2740,25.9,4.09,-55,9.75,
2026-09-21T14:21:37,1,890.09,22.04,44.04,1.472,17.78,17.2810,25.9,4.03,-55,9.75,
2026-09-21T14:21:38,1,890.01,22.05,44.03,1.472,17.78,17.2840,25.9,4.09,-56,9.75,
2026-09-21T14:21:40,1,889.92,22.05,44.05,1.476,18.04,17.2800,25.9,4.04,-56,9.75,
2026-09-21T14:21:41,1,890.13,22.02,44.07,1.471,17.66,17.2790,25.9,4.05,-48,8.00,
2026-09-21T14:21:42,1,890.04,22.04,44.08,1.472,17.72,17.2760,25.9,4.09,-46,-0.25,
2026-09-21T14:21:43,1,890.03,22.05,44.07,1.471,17.66,17.2760,25.9,4.05,-45,-0.50,
2026-09-21T14:21:44,1,889.98,22.06,44.07,1.472,1.00,17.2790,25.9,4.09,-46,-1.25,
2026-09-21T14:21:49,1,910.41,22.05,44.06,1.472,17.72,17.2770,25.9,4.09,-54,9.50,
2026-09-21T14:21:50,1,890.06,22.05,44.06,1.476,18.11,17.2810,25.9,4.05,-57,9.75,
2026-09-21T14:21:51,1,890.07,22.05,44.05,1.470,17.59,17.2810,25.9,4.09,-56,9.75,
2026-09-21T14:21:52,1,889.99,22.04,44.04,1.475,17.98,17.2800,25.9,4.04,-58,9.75,
2026-09-21T14:21:53,1,890.07,22.05,44.05,1.472,17.72,17.2840,25.9,4.09,-55,9.25,
2026-09-21T14:21:54,1,889.96,22.05,44.06,1.473,17.85,17.2800,25.9,4.05,-55,9.25,
2026-09-21T14:21:55,1,889.99,22.04,44.05,1.472,17.72,17.2860,25.9,4.09,-54,9.75,
2026-09-21T14:21:56,1,890.00,22.05,44.08,1.478,18.24,17.2820,25.9,4.05,-55,9.50,
2026-09-21T14:21:57,1,890.06,22.05,44.03,1.475,17.98,17.2820,25.9,4.09,-56,9.75,
2026-09-21T14:21:59,1,890.01,22.06,44.08,1.473,17.85,17.2880,25.9,4.04,-55,9.50,
2026-09-21T14:22:00,1,890.05,22.05,44.07,1.472,17.72,17.2880,25.9,4.09,-57,9.50,
2026-09-21T14:22:01,1,889.92,22.05,44.05,1.476,18.04,17.2900,25.9,4.04,-57,9.75,
2026-09-21T14:22:02,1,890.03,22.05,44.04,1.473,17.85,17.2950,25.9,4.09,-54,9.50,
2026-09-21T14:22:03,1,890.05,22.04,44.10,1.476,18.11,17.2930,25.9,4.04,-58,9.50,
2026-09-21T14:22:04,1,890.05,22.04,44.08,1.472,17.72,17.2890,25.9,4.09,-56,9.75,
2026-09-21T14:22:05,1,890.03,22.07,44.07,1.476,18.04,17.2890,25.9,4.05,-56,9.50,
2026-09-21T14:22:06,1,890.10,22.05,44.07,1.472,17.72,17.2850,25.9,4.09,-59,9.50,
2026-09-21T14:22:08,1,889.94,22.03,44.05,1.473,17.85,17.2870,25.9,4.04,-55,9.25,
2026-09-21T14:22:09,1,890.06,22.04,44.06,1.470,17.59,17.2910,25.9,4.09,-55,9.75,
2026-09-21T14:22:10,1,890.02,22.03,44.08,1.476,18.04,17.2870,25.9,4.04,-54,9.50,
2026-09-21T14:22:11,1,889.95,22.03,44.05,1.470,17.59,17.2890,25.9,4.05,-54,10.00,
2026-09-21T14:22:12,1,890.05,22.04,44.04,1.476,18.11,17.2890,25.9,4.09,-52,9.25,
2026-09-21T14:22:13,1,889.98,22.05,44.08,1.472,17.72,17.2870,25.9,4.05,-53,9.50,
2026-09-21T14:22:14,1,890.00,22.03,44.08,1.474,17.91,17.2900,25.9,4.09,-52,9.25,
2026-09-21T14:22:15,1,889.99,22.05,44.05,1.473,17.85,17.2970,25.9,4.05,-55,10.00,
2026-09-21T14:22:17,1,889.99,22.04,44.05,1.473,17.85,17.2960,25.9,4.09,-55,9.50,
2026-09-21T14:22:18,1,889.98,22.05,44.05,1.475,17.98,17.2960,25.9,4.05,-55,9.50,
2026-09-21T14:22:19,1,890.02,22.04,44.03,1.472,17.78,17.2920,25.9,4.09,-53,9.50,
2026-09-21T14:22:20,1,890.04,22.02,44.05,1.470,17.59,17.2990,25.9,4.05,-54,9.50,
2026-09-21T14:22:21,1,890.04,22.04,44.05,1.472,17.72,17.2990,25.9,4.09,-54,9.75,
2026-09-21T14:22:22,1,889.98,22.03,44.08,1.471,17.66,17.2970,25.9,4.05,-55,9.25,
2026-09-21T14:22:23,1,890.13,22.01,44.07,1.471,17.66,17.2990,25.9,4.09,-60,9.75,
2026-09-21T14:22:24,1,890.00,22.03,44.07,1.476,18.11,17.3000,25.9,4.05,-59,9.25,
2026-09-21T14:22:27,1,890.05,22.04,44.08,1.473,17.85,17.3030,25.9,4.05,-50,-1.50,
2026-09-21T14:22:28,1,889.94,22.04,44.05,1.472,17.78,17.2940,25.9,4.09,-50,2.00,
2026-09-21T14:22:33,1,890.09,22.03,44.09,1.478,18.24,17.3020,25.9,4.05,-59,9.00,
2026-09-21T14:22:34,1,890.04,22.02,44.05,1.472,17.72,17.3020,25.9,4.09,-60,9.50,
2026-09-21T14:22:36,1,889.97,22.04,44.04,1.472,17.78,17.2950,25.9,4.04,-58,9.50,
2026-09-21T14:22:37,1,889.87,22.05,44.05,1.472,17.72,17.2940,25.9,4.09,-58,9.50,
2026-09-21T14:22:38,1,889.95,22.05,44.03,1.476,18.11,17.2930,25.9,4.04,-58,9.25,
2026-09-21T14:22:39,1,890.04,22.04,44.10,1.472,17.78,17.2880,25.9,4.09,-58,9.25,
2026-09-21T14:22:40,1,890.08,22.01,44.10,1.476,18.11,17.2810,25.9,4.06,-58,9.50,
2026-09-21T14:22:41,1,889.93,22.03,44.08,1.469,17.53,17.2850,25.9,4.05,-58,10.00,
2026-09-21T14:22:42,1,889.94,22.03,44.08,1.475,17.98,17.2820,25.9,4.09,-62,10.00,
2026-09-21T14:22:43,1,889.96,22.03,44.07,1.472,17.72,17.2840,25.9,4.05,-56,9.50,
2026-09-21T14:22:45,1,890.04,22.01,44.10,1.467,17.33,17.2850,25.9,4.09,-58,9.50,
2026-09-21T14:22:46,1,889.88,22.03,44.08,1.474,17.91,17.2910,25.9,4.05,-56,9.50,
2026-09-21T14:22:47,1,890.01,22.04,44.10,1.472,17.78,17.2920,25.9,4.09,-62,9.50,
2026-09-21T14:22:48,1,889.93,22.05,44.06,1.476,18.04,17.2950,25.9,4.05,-59,9.50,
2026-09-21T14:22:49,1,889.93,22.06,44.08,1.472,17.72,17.2930,25.9,4.09,-56,9.50,
2026-09-21T14:22:50,1,889.98,22.05,44.06,1.475,17.98,17.2910,25.9,4.05,-59,9.50,
2026-09-21T14:22:51,1,889.98,22.02,44.10,1.472,17.72,17.2890,25.9,4.09,-59,9.50,
2026-09-21T14:22:52,1,889.97,22.03,44.07,1.473,17.85,17.2820,25.9,4.05,-59,9.25,
2026-09-21T14:22:54,1,889.92,22.02,44.03,1.471,17.66,17.2770,25.9,4.09,-55,9.50,
2026-09-21T14:22:55,1,890.02,22.04,44.08,1.472,17.72,17.2740,25.9,4.05,-57,9.50,
2026-09-21T14:22:56,1,890.01,22.03,44.07,1.471,17.66,17.2810,25.9,4.09,-56,9.75,
2026-09-21T14:22:57,1,889.93,22.01,44.10,1.473,17.85,17.2790,25.9,4.04,-56,9.75,
2026-09-21T14:22:58,1,890.04,22.03,44.08,1.472,17.72,17.2760,25.9,4.09,-57,9.75,
2026-09-21T14:22:59,1,889.96,22.03,44.09,1.475,17.98,17.2810,25.9,4.05,-58,9.00,
2026-09-21T14:23:00,1,889.93,22.03,44.06,1.471,17.66,17.2820,25.9,4.09,-56,9.75,
2026-09-21T14:23:01,1,889.89,22.03,44.09,1.479,18.30,17.2750,25.9,4.05,-57,9.75,
2026-09-21T14:23:02,1,889.95,22.03,44.08,1.473,17.85,17.2790,25.9,4.09,-56,9.75,
2026-09-21T14:23:04,1,890.04,22.03,44.09,1.474,17.91,17.2810,25.9,4.04,-57,9.50,
2026-09-21T14:23:05,1,889.90,22.02,44.07,1.472,17.72,17.2790,25.9,4.09,-54,9.50,
2026-09-21T14:23:06,1,889.98,22.02,44.07,1.473,17.85,17.2670,25.9,4.04,-59,9.25,
2026-09-21T14:23:07,1,889.90,22.03,44.09,1.470,17.59,17.2660,25.9,4.09,-58,10.00,
2026-09-21T14:23:08,1,889.94,22.04,44.08,1.476,18.04,17.2640,25.9,4.04,-59,9.50,
2026-09-21T14:23:09,1,889.97,22.03,44.07,1.471,17.66,17.2670,25.9,4.09,-51,-0.50,
2026-09-21T14:23:10,1,890.10,22.03,44.09,1.473,17.85,17.2760,25.9,4.04,-47,4.00,
2026-09-21T14:23:11,1,889.96,22.03,44.08,1.472,17.78,17.2790,25.9,4.05,-48,4.75,
2026-09-21T14:23:13,1,890.00,22.03,44.10,1.470,17.59,17.2780,25.9,4.09,-56,7.75,
2026-09-21T14:23:17,1,890.00,22.03,44.09,1.471,17.66,17.2820,25.9,4.09,-59,9.25,
2026-09-21T14:23:18,1,889.87,22.01,44.10,1.472,17.78,17.2820,25.9,4.05,-59,9.50,
2026-09-21T14:23:19,1,890.02,22.04,44.10,1.470,17.59,17.2820,25.9,4.09,-57,9.75,
2026-09-21T14:23:20,1,889.90,22.03,44.10,1.474,17.91,17.2800,25.9,4.05,-58,9.50,
2026-09-21T14:23:22,1,889.99,22.03,44.10,1.471,17.66,17.2820,25.9,4.09,-59,9.50,
2026-09-21T14:23:23,1,889.90,22.01,44.10,1.474,17.91,17.2820,25.9,4.05,-58,9.50,
2026-09-21T14:23:24,1,889.92,22.04,44.10,1.470,17.59,17.2780,25.9,4.09,-56,9.50,
2026-09-21T14:23:25,1,889.91,22.01,44.09,1.474,17.91,17.2780,25.9,4.05,-55,9.50,
2026-09-21T14:23:26,1,890.00,22.04,44.12,1.472,17.72,17.2860,25.9,4.09,-55,9.25,
2026-09-21T14:23:27,1,889.89,22.03,44.12,1.472,17.78,17.2880,25.9,4.05,-55,9.50,
2026-09-21T14:23:28,1,889.90,22.02,44.11,1.470,17.59,17.2880,25.9,4.09,-54,9.75,
2026-09-21T14:23:29,1,890.00,22.03,44.12,1.473,17.85,17.2870,25.9,4.05,-58,9.25,
2026-09-21T14:23:30,1,890.09,22.05,44.12,1.474,17.91,17.2850,25.9,4.09,-54,9.75,
2026-09-21T14:23:32,1,889.95,22.04,44.07,1.471,17.66,17.2800,25.9,4.04,-55,9.50,
2026-09-21T14:23:33,1,890.05,22.03,44.10,1.470,17.59,17.2820,25.9,4.09,-55,9.50,
2026-09-21T14:23:34,1,889.90,22.05,44.08,1.474,17.91,17.2800,25.9,4.04,-57,9.50,
2026-09-21T14:23:35,1,889.93,22.03,44.09,1.472,17.72,17.2850,25.9,4.09,-60,9.75,
2026-09-21T14:23:36,1,890.00,22.04,44.10,1.473,17.85,17.2840,25.9,4.04,-56,9.50,
2026-09-21T14:23:37,1,889.99,22.01,44.09,1.472,17.78,17.2790,25.9,4.09,-55,9.25,
2026-09-21T14:23:38,1,890.02,22.02,44.09,1.475,17.98,17.2780,25.9,4.04,-56,10.00,
2026-09-21T14:23:39,1,890.07,22.01,44.11,1.469,17.53,17.2790,25.9,4.10,-53,9.50,
2026-09-21T14:23:41,1,889.93,22.03,44.10,1.474,17.91,17.2810,25.9,4.04,-61,9.50,
2026-09-21T14:23:42,1,889.96,22.01,44.11,1.471,17.66,17.2820,25.9,4.05,-57,9.50,
2026-09-21T14:23:43,1,889.94,22.02,44.10,1.474,17.91,17.2820,25.9,4.09,-58,9.00,
2026-09-21T14:23:44,1,890.04,22.01,44.12,1.468,17.46,17.2820,25.9,4.05,-55,9.50,
2026-09-21T14:23:45,1,889.87,22.00,44.11,1.469,17.53,17.2810,25.9,4.09,-54,9.50,
2026-09-21T14:23:46,1,889.95,22.02,44.09,1.473,17.85,17.2760,25.9,4.05,-54,9.50,
2026-09-21T14:23:47,1,889.92,22.03,44.10,1.472,17.72,17.2710,25.9,4.09,-54,12.00,
2026-09-21T14:23:48,1,889.88,22.02,44.12,1.476,18.11,17.2710,25.9,4.05,-56,9.50,
2026-09-21T14:23:50,1,890.08,22.03,44.08,1.472,17.72,17.2700,25.9,4.09,-54,9.50,
2026-09-21T14:23:51,1,889.97,22.03,44.10,1.473,17.85,17.2690,25.9,4.05,-54,9.25,
2026-09-21T14:23:52,1,889.96,22.03,44.12,1.470,17.59,17.2680,25.9,4.08,-53,9.50,
2026-09-21T14:23:53,1,889.84,22.01,44.07,1.472,17.72,17.2690,25.9,4.05,-47,7.25,
2026-09-21T14:23:54,1,889.88,22.03,44.09,1.470,17.59,17.2750,25.9,4.09,-48,5.00,
2026-09-21T14:23:55,1,889.96,22.02,44.08,1.472,17.78,17.2690,25.9,4.05,-48,5.75,
2026-09-21T14:23:56,1,890.09,22.03,44.10,1.471,17.66,17.2720,25.9,4.09,-54,6.25,
2026-09-21T14:24:01,1,909.58,22.04,44.13,1.473,17.85,17.2760,25.9,4.09,-53,9.50,
2026-09-21T14:24:02,1,889.93,22.00,44.11,1.476,18.04,17.2770,25.9,4.04,-54,9.50,
2026-09-21T14:24:03,1,889.95,22.00,44.10,1.469,17.53,17.2780,25.9,4.09,-54,9.75,
2026-09-21T14:24:04,1,889.90,22.01,44.12,1.477,18.17,17.2740,25.9,4.04,-54,9.50,
2026-09-21T14:24:05,1,889.88,22.02,44.13,1.473,17.85,17.2740,25.9,4.09,-54,9.50,
2026-09-21T14:24:06,1,889.96,22.02,44.11,1.474,17.91,17.2790,25.9,4.04,-54,9.25,
2026-09-21T14:24:07,1,890.02,22.03,44.13,1.470,17.59,17.2810,25.9,4.09,-54,9.50,
2026-09-21T14:24:09,1,889.96,22.00,44.11,1.476,18.04,17.2810,25.9,4.04,-53,9.50,
2026-09-21T14:24:10,1,890.02,22.02,44.15,1.470,17.59,17.2800,25.9,4.09,-53,9.50,
2026-09-21T14:24:11,1,890.06,22.00,44.12,1.474,17.91,17.2810,25.9,4.03,-53,9.50,
2026-09-21T14:24:12,1,890.03,22.03,44.12,1.471,17.66,17.2870,25.9,4.05,-54,9.75,
2026-09-21T14:24:13,1,889.97,22.01,44.10,1.476,18.04,17.2840,25.9,4.09,-51,10.00,
2026-09-21T14:24:14,1,889.91,22.03,44.15,1.474,17.91,17.2820,25.9,4.05,-54,9.50,
2026-09-21T14:24:15,1,889.95,22.01,44.11,1.476,18.04,17.2790,25.9,4.09,-51,10.00,
2026-09-21T14:24:16,1,890.02,22.01,44.12,1.473,17.85,17.2780,25.9,4.05,-51,9.75,
2026-09-21T14:24:18,1,890.01,22.02,44.13,1.471,17.66,17.2730,25.9,4.09,-52,9.75,
2026-09-21T14:24:19,1,890.07,22.00,44.11,1.472,17.72,17.2750,25.9,4.05,-51,10.00,
2026-09-21T14:24:20,1,889.92,22.00,44.10,1.471,17.66,17.2810,25.9,4.09,-50,9.75,
2026-09-21T14:24:21,1,890.04,22.02,44.13,1.470,17.59,17.2740,25.9,4.05,-56,10.25,
2026-09-21T14:24:22,1,890.04,22.00,44.11,1.468,17.46,17.2720,25.9,4.09,-57,9.50,
2026-09-21T14:24:23,1,889.91,22.02,44.10,1.474,17.91,17.2700,25.9,4.05,-59,9.50,
2026-09-21T14:24:24,1,889.96,22.01,44.12,1.472,17.72,17.2720,25.9,4.09,-59,9.50,
2026-09-21T14:24:25,1,890.01,22.04,44.12,1.474,17.91,17.2750,25.9,4.05,-54,9.75,
2026-09-21T14:24:27,1,889.95,22.02,44.14,1.472,17.78,17.2800,25.9,4.09,-53,9.75,
2026-09-21T14:24:28,1,889.89,22.00,44.09,1.477,18.17,17.2770,25.9,4.05,-54,9.25,
2026-09-21T14:24:29,1,889.98,22.01,44.14,1.470,17.59,17.2730,25.9,4.09,-53,9.75,
2026-09-21T14:24:30,1,890.00,22.00,44.13,1.473,17.85,17.2770,25.9,4.05,-54,9.50,
2026-09-21T14:24:31,1,889.94,22.03,44.12,1.470,17.59,17.2750,25.9,4.09,-54,9.50,
2026-09-21T14:24:32,1,889.93,22.00,44.13,1.475,17.98,17.2680,25.9,4.04,-55,9.75,
2026-09-21T14:24:33,1,889.91,22.01,44.13,1.466,17.27,17.2700,25.9,4.09,-55,9.50,3
2026-09-21T14:24:34,1,889.96,22.00,44.12,1.472,17.72,17.2740,25.9,4.04,-53,9.25,
2026-09-21T14:24:35,1,889.93,22.00,44.10,1.472,17.78,17.2720,25.9,4.09,-53,9.50,
2026-09-21T14:24:37,1,890.01,22.00,44.14,1.473,17.85,17.2740,25.9,4.05,-55,9.75,
2026-09-21T14:24:38,1,890.00,22.02,44.15,1.470,17.59,17.2800,25.9,4.11,-49,0.25,
2026-09-21T14:24:39,1,889.95,22.02,44.14,1.473,17.85,17.2830,25.9,4.04,-46,1.75,
2026-09-21T14:24:40,1,890.00,22.03,44.16,1.463,17.01,17.2790,25.9,4.09,-48,2.25,
2026-09-21T14:24:44,1,910.36,22.01,44.13,1.470,17.59,17.2820,25.9,4.05,-52,9.75,
2026-09-21T14:24:46,1,889.98,22.03,44.15,1.470,17.59,17.2790,25.9,4.09,-57,9.50,
2026-09-21T14:24:47,1,889.99,22.01,44.13,1.468,17.46,17.2790,25.9,4.05,-54,9.50,
2026-09-21T14:24:48,1,890.09,22.01,44.18,1.471,17.66,17.2760,25.9,4.09,-55,9.25,
2026-09-21T14:24:49,1,889.89,22.00,44.13,1.475,17.98,17.2780,25.9,4.05,-53,9.50,
2026-09-21T14:24:50,1,889.93,22.02,44.14,1.471,17.66,17.2790,25.9,4.09,-55,9.50,
2026-09-21T14:24:51,1,889.98,22.01,44.11,1.473,17.85,17.2870,25.9,4.05,-55,9.50,
2026-09-21T14:24:52,1,889.93,22.00,44.14,1.471,17.66,17.2860,25.9,4.09,-56,9.75,
2026-09-21T14:24:53,1,889.95,22.00,44.17,1.476,18.11,17.2910,25.9,4.05,-61,9.50,
2026-09-21T14:24:55,1,889.87,21.99,44.13,1.472,17.78,17.2850,25.9,4.09,-57,10.00,
2026-09-21T14:24:56,1,889.89,22.01,44.11,1.473,17.85,17.2880,25.9,4.05,-56,9.75,
2026-09-21T14:24:57,1,889.96,22.00,44.14,1.474,17.91,17.2870,25.9,4.09,-58,10.00,
2026-09-21T14:24:58,1,889.81,22.00,44.17,1.471,17.66,17.2840,25.9,4.04,-59,9.50,
2026-09-21T14:24:59,1,889.97,22.02,44.16,1.472,17.72,17.2830,25.9,4.09,-55,9.25,
2026-09-21T14:25:00,1,889.97,22.01,44.14,1.476,18.04,17.2850,25.9,4.04,-55,9.75,
2026-09-21T14:25:01,1,889.92,22.01,44.16,1.473,17.85,17.2900,25.9,4.09,-59,9.50,
2026-09-21T14:25:02,1,889.87,22.02,44.15,1.474,17.91,17.2960,25.9,4.04,-58,9.25,
2026-09-21T14:25:04,1,889.90,22.01,44.15,1.472,17.72,17.2960,25.9,4.09,-55,9.75,
2026-09-21T14:25:05,1,890.01,22.01,44.16,1.476,18.04,17.2990,25.9,4.04,-60,9.50,
2026-09-21T14:25:06,1,889.95,22.00,44.14,1.471,17.66,17.3010,25.9,4.09,-65,9.50,
2026-09-21T14:25:07,1,890.04,22.02,44.16,1.471,17.66,17.2990,25.9,4.04,-63,9.50,
2026-09-21T14:25:08,1,921.71,22.04,44.17,1.471,17.66,17.3030,25.9,4.09,-63,9.25,
2026-09-21T14:25:09,1,926.05,22.05,44.47,1.476,18.11,17.3080,25.9,4.02,-65,9.75,
2026-09-21T14:25:10,1,924.75,22.05,44.74,1.475,17.98,17.3060,25.9,4.09,-58,9.25,
2026-09-21T14:25:11,1,924.06,22.05,44.92,1.476,18.11,17.3140,25.9,4.08,-55,10.75,
2026-09-21T14:25:12,1,923.48,22.07,45.02,1.476,18.04,17.3600,25.9,4.05,-54,9.50,
2026-09-21T14:25:14,1,923.19,22.08,45.09,1.476,18.04,17.4040,25.9,4.09,-61,9.75,
2026-09-21T14:25:15,1,922.96,22.05,45.11,1.475,17.98,17.4380,25.9,4.05,-59,9.50,
2026-09-21T14:25:16,1,922.70,22.05,45.16,1.465,17.20,17.4640,25.9,4.09,-55,9.75,
2026-09-21T14:25:17,1,922.69,22.04,45.17,1.477,18.17,17.4890,25.9,4.05,-56,9.75,
2026-09-21T14:25:18,1,922.60,22.07,45.19,1.475,17.98,17.5100,25.9,4.09,-56,9.75,
2026-09-21T14:25:19,1,922.38,22.04,45.17,1.476,18.11,17.5310,25.9,4.05,-50,9.50,
2026-09-21T14:25:20,1,922.41,22.05,45.14,1.474,17.91,17.5510,25.9,4.09,-51,9.75,
2026-09-21T14:25:21,1,922.29,22.03,45.17,1.478,18.24,17.5880,25.9,4.05,-47,0.50,
2026-09-21T14:25:23,1,922.26,22.04,45.15,1.477,18.17,17.6050,25.9,4.09,-45,2.25,
2026-09-21T14:25:24,1,922.15,22.06,45.13,1.477,18.17,17.6240,25.9,4.05,-45,1.75,
2026-09-21T14:25:29,1,921.92,22.04,45.18,1.477,18.17,17.7180,25.9,4.09,-57,9.75,4
2026-09-21T14:25:30,1,921.94,22.06,45.16,1.480,18.43,17.7430,25.9,4.05,-55,9.50,
2026-09-21T14:25:32,1,921.74,22.04,45.13,1.477,18.17,17.7550,25.9,4.09,-51,9.50,
2026-09-21T14:25:33,1,921.75,22.05,45.15,1.477,18.17,17.7240,25.9,4.04,-57,10.25,
2026-09-21T14:25:34,1,921.81,22.04,45.14,1.474,17.91,17.7040,25.9,4.09,-56,9.50,
2026-09-21T14:25:35,1,921.68,22.04,45.13,1.478,18.24,17.6850,25.9,4.04,-55,9.25,
2026-09-21T14:25:36,1,921.60,22.05,45.11,1.476,18.04,17.6800,25.9,4.09,-53,9.25,
2026-09-21T14:25:37,1,921.67,22.05,45.11,1.478,18.24,17.6720,25.9,4.04,-53,9.25,
2026-09-21T14:25:38,1,921.71,22.05,45.12,1.477,18.17,17.6630,25.9,4.09,-55,9.50,
2026-09-21T14:25:39,1,921.60,22.05,45.13,1.479,18.30,17.6470,25.9,4.03,-55,10.00,
2026-09-21T14:25:40,1,921.53,22.04,45.09,1.478,18.24,17.6460,25.9,4.09,-53,9.25,
2026-09-21T14:25:42,1,921.56,22.04,45.12,1.478,18.24,17.6370,25.9,4.09,-55,9.50,
2026-09-21T14:25:43,1,921.59,22.05,45.10,1.475,17.98,17.6330,25.9,4.05,-54,9.50,
2026-09-21T14:25:44,1,921.57,22.05,45.13,1.481,18.49,17.6320,25.9,4.09,-53,10.00,
2026-09-21T14:25:45,1,921.58,22.05,45.09,1.476,18.04,17.6250,25.9,4.05,-55,9.75,
2026-09-21T14:25:46,1,921.51,22.06,45.09,1.475,17.98,17.6230,25.9,4.09,-53,9.25,
2026-09-21T14:25:47,1,921.51,22.04,45.11,1.479,18.30,17.6150,25.9,4.05,-56,9.50,
2026-09-21T14:25:48,1,921.70,22.04,45.11,1.476,18.04,17.6150,25.9,4.09,-52,9.50,
2026-09-21T14:25:49,1,921.56,22.05,45.11,1.480,18.36,17.6130,25.9,4.05,-50,10.00,
2026-09-21T14:25:51,1,921.61,22.04,45.09,1.474,17.91,17.6100,25.9,4.09,-52,9.00,
2026-09-21T14:25:52,1,921.52,22.04,45.09,1.477,18.17,17.6050,25.9,4.05,-52,9.75,
2026-09-21T14:25:53,1,921.42,22.05,45.09,1.476,18.04,17.6040,25.9,4.09,-52,9.25,
2026-09-21T14:25:54,1,921.49,22.04,45.09,1.480,18.43,17.5980,25.9,4.05,-54,9.50,
2026-09-21T14:25:55,1,921.60,22.04,45.11,1.475,17.98,17.6000,25.9,4.09,-55,9.25,
2026-09-21T14:25:56,1,921.48,22.04,45.10,1.479,18.30,17.5950,25.9,4.05,-54,9.25,
2026-09-21T14:25:57,1,921.61,22.04,45.06,1.476,18.04,17.5930,25.9,4.09,-53,9.25,
2026-09-21T14:25:58,1,921.53,22.04,45.11,1.477,18.17,17.5980,25.9,4.04,-52,9.75,
2026-09-21T14:26:00,1,921.58,22.03,45.10,1.478,18.24,17.6040,25.9,4.09,-52,9.50,
2026-09-21T14:26:01,1,921.48,22.05,45.15,1.478,18.24,17.5970,25.9,4.05,-54,9.50,
2026-09-21T14:26:02,1,921.65,22.02,45.10,1.479,18.30,17.5920,25.9,4.09,-53,10.00,
2026-09-21T14:26:03,1,921.39,22.04,45.08,1.479,18.30,17.5910,25.9,4.04,-56,9.50,
2026-09-21T14:26:04,1,921.49,22.06,45.10,1.474,17.91,17.5880,25.9,4.09,-54,9.75,
2026-09-21T14:26:05,1,921.55,22.01,45.12,1.477,18.17,17.5870,25.9,4.04,-47,4.75,
2026-09-21T14:26:06,1,921.49,22.04,45.10,1.476,18.04,17.5850,25.9,4.09,-46,2.75,
2026-09-21T14:26:07,1,921.53,22.05,45.11,1.481,18.49,17.5880,25.9,4.04,-46,3.25,
2026-09-21T14:26:09,1,921.58,22.04,45.11,1.476,18.04,17.5910,25.9,4.09,-52,6.75,
2026-09-21T14:26:13,1,941.27,22.05,45.09,1.475,17.98,17.5980,25.9,4.05,-53,9.75,
2026-09-21T14:26:14,1,921.48,22.03,45.08,1.475,17.98,17.5950,25.9,4.09,-53,9.25,
2026-09-21T14:26:15,1,921.47,22.03,45.08,1.476,18.04,17.5940,25.9,4.04,-54,9.75,
2026-09-21T14:26:16,1,921.60,22.05,45.11,1.475,17.98,17.5910,25.9,4.09,-54,10.00,
2026-09-21T14:26:17,1,921.46,22.05,45.08,1.479,18.30,17.5930,25.9,4.04,-54,9.25,
2026-09-21T14:26:19,1,921.47,22.01,45.12,1.471,17.66,17.5940,25.9,4.08,-54,9.50,
2026-09-21T14:26:20,1,921.53,22.04,45.09,1.472,17.78,17.5970,25.9,4.05,-54,9.50,
2026-09-21T14:26:21,1,921.53,22.03,45.13,1.472,17.78,17.5990,25.9,4.09,-53,9.25,
2026-09-21T14:26:22,1,921.53,22.03,45.09,1.476,18.04,17.6050,25.9,4.05,-54,9.50,
2026-09-21T14:26:23,1,921.44,22.04,45.06,1.476,18.04,17.6070,25.9,4.09,-53,9.25,
2026-09-21T14:26:24,1,921.56,22.04,45.09,1.479,18.30,17.6040,25.9,4.05,-54,9.50,
2026-09-21T14:26:25,1,921.41,22.04,45.10,1.475,17.98,17.6060,25.9,4.09,-53,9.25,
2026-09-21T14:26:26,1,921.45,22.04,45.10,1.476,18.04,17.6050,25.9,4.04,-53,9.25,
2026-09-21T14:26:28,1,921.54,22.04,45.06,1.476,18.04,17.5990,25.9,4.09,-54,9.50,
2026-09-21T14:26:29,1,921.40,22.04,45.07,1.477,18.17,17.5940,25.9,4.04,-55,9.25,
2026-09-21T14:26:30,1,921.42,22.03,45.09,1.475,17.98,17.5930,25.9,4.09,-54,9.50,
2026-09-21T14:26:31,1,921.36,22.04,45.09,1.476,18.11,17.5830,25.9,4.04,-54,9.50,
2026-09-21T14:26:32,1,921.55,22.03,45.10,1.477,18.17,17.5840,25.9,4.09,-54,9.50,
2026-09-21T14:26:33,1,921.43,22.03,45.11,1.477,18.17,17.5850,25.9,4.04,-54,9.50,
2026-09-21T14:26:34,1,921.38,22.03,45.07,1.476,18.04,17.5850,25.9,4.09,-54,9.50,
2026-09-21T14:26:35,1,921.59,22.03,45.09,1.480,18.36,17.5820,25.9,4.04,-54,9.50,
2026-09-21T14:26:37,1,921.53,22.02,45.06,1.475,17.98,17.5750,25.9,4.09,-57,9.75,
2026-09-21T14:26:38,1,921.52,22.03,45.10,1.478,18.24,17.5750,25.9,4.03,-56,9.50,
2026-09-21T14:26:39,1,921.44,22.01,45.11,1.474,17.91,17.5720,25.9,4.08,-54,9.75,
2026-09-21T14:26:40,1,921.55,22.04,45.08,1.480,18.36,17.5680,25.9,4.09,-54,9.75,
2026-09-21T14:26:41,1,921.40,22.01,45.11,1.474,17.91,17.5620,25.9,4.05,-54,9.50,
2026-09-21T14:26:42,1,921.50,22.04,45.11,1.479,18.30,17.5590,25.9,4.09,-54,9.25,
2026-09-21T14:26:43,1,921.45,22.03,45.10,1.476,18.04,17.5590,25.9,4.05,-54,9.75,
2026-09-21T14:26:44,1,921.36,22.04,45.09,1.476,18.11,17.5580,25.9,4.09,-54,9.25,
2026-09-21T14:26:45,1,921.39,22.01,45.10,1.476,18.11,17.5600,25.9,4.05,-54,9.25,
2026-09-21T14:26:47,1,921.40,22.01,45.11,1.472,17.72,17.5680,25.9,4.09,-54,10.00,
2026-09-21T14:26:48,1,921.41,22.01,45.13,1.476,18.04,17.5670,25.9,4.05,-55,9.50,
2026-09-21T14:26:49,1,921.35,22.01,45.08,1.476,18.04,17.5670,25.9,4.09,-49,7.50,
2026-09-21T14:26:50,1,921.26,22.04,45.07,1.477,18.17,17.5680,25.9,4.05,-47,3.75,
2026-09-21T14:26:51,1,921.43,22.03,45.09,1.472,17.78,17.5730,25.9,4.09,-48,2.50,
2026-09-21T14:26:52,1,921.38,22.04,45.08,1.477,18.17,17.5700,25.9,4.05,-50,0.75,
2026-09-21T14:26:57,1,941.33,22.03,45.10,1.476,18.11,17.5830,25.9,4.04,-55,9.75,
2026-09-21T14:26:58,1,921.37,22.04,45.13,1.474,17.91,17.5830,25.9,4.09,-57,9.75,
2026-09-21T14:26:59,1,921.36,22.02,45.12,1.477,18.17,17.5870,25.9,4.04,-53,9.25,
2026-09-21T14:27:00,1,921.42,22.02,45.12,1.476,18.04,17.5900,25.9,4.09,-56,9.75,
2026-09-21T14:27:01,1,921.38,22.02,45.09,1.477,18.17,17.6010,25.9,4.04,-53,9.00,
2026-09-21T14:27:02,1,921.34,22.03,45.11,1.476,18.04,17.6070,25.9,4.09,-54,10.00,
2026-09-21T14:27:03,1,921.42,22.01,45.13,1.478,18.24,17.6120,25.9,4.04,-54,9.75,
2026-09-21T14:27:05,1,921.48,22.02,45.10,1.474,17.91,17.6130,25.9,4.09,-53,9.25,
2026-09-21T14:27:06,1,921.38,22.01,45.09,1.479,18.30,17.6100,25.9,4.03,-56,9.75,
2026-09-21T14:27:07,1,921.36,22.01,45.13,1.480,18.36,17.6050,25.9,4.08,-56,9.50,
2026-09-21T14:27:08,1,921.41,22.01,45.07,1.477,18.17,17.6100,25.9,4.06,-54,9.75,
2026-09-21T14:27:09,1,921.41,22.01,45.13,1.473,17.85,17.6110,25.9,4.05,-53,8.75,
2026-09-21T14:27:10,1,921.41,22.01,45.08,1.477,18.17,17.6040,25.9,4.09,-52,9.25,
2026-09-21T14:27:11,1,921.35,22.01,45.08,1.474,17.91,17.6080,25.9,4.04,-53,9.25,
2026-09-21T14:27:12,1,921.33,22.00,45.08,1.476,18.04,17.6050,25.9,4.09,-54,9.50,
2026-09-21T14:27:14,1,921.40,22.00,45.08,1.477,18.17,17.6070,25.9,4.05,-60,9.50,
2026-09-21T14:27:15,1,921.36,22.03,45.09,1.477,18.17,17.6050,25.9,4.09,-54,9.75,
2026-09-21T14:27:16,1,921.46,22.03,45.09,1.480,18.36,17.6120,25.9,4.05,-54,9.75,
2026-09-21T14:27:17,1,921.38,22.03,45.08,1.475,17.98,17.6080,25.9,4.09,-52,9.75,
2026-09-21T14:27:18,1,921.38,22.02,45.08,1.480,18.43,17.6110,25.9,4.05,-55,9.75,
2026-09-21T14:27:19,1,921.53,22.01,45.10,1.473,17.85,17.6080,25.9,4.09,-55,9.50,
2026-09-21T14:27:20,1,921.33,22.01,45.12,1.477,18.17,17.6030,25.9,4.05,-54,9.75,
2026-09-21T14:27:21,1,921.31,22.02,45.11,1.476,18.04,17.6010,25.9,4.09,-54,9.50,
2026-09-21T14:27:22,1,921.44,22.03,45.12,1.478,18.24,17.5870,25.9,4.04,-54,9.25,
2026-09-21T14:27:24,1,921.37,22.00,45.09,1.476,18.11,17.5890,25.9,4.09,-54,9.50,
2026-09-21T14:27:25,1,921.34,22.02,45.12,1.478,18.24,17.5850,25.9,4.05,-54,9.25,
2026-09-21T14:27:26,1,921.35,22.01,45.08,1.475,17.98,17.5860,25.9,4.09,-54,9.50,
2026-09-21T14:27:27,1,921.51,22.01,45.11,1.478,18.24,17.5870,25.9,4.04,-54,9.50,
2026-09-21T14:27:28,1,921.44,22.03,45.09,1.476,18.11,17.5850,25.9,4.09,-57,9.75,
2026-09-21T14:27:29,1,921.44,22.03,45.10,1.478,18.24,17.5880,25.9,4.04,-56,9.50,
2026-09-21T14:27:30,1,921.39,22.01,45.09,1.476,18.04,17.5920,25.9,4.09,-57,10.00,
2026-09-21T14:27:31,1,921.39,22.00,45.09,1.478,18.24,17.5890,25.9,4.04,-56,9.25,
2026-09-21T14:27:33,1,921.48,22.01,45.08,1.474,17.91,17.5870,25.9,4.09,-55,9.50,
2026-09-21T14:27:34,1,921.40,22.01,45.13,1.478,18.24,17.5830,25.9,4.03,-47,0.00,
2026-09-21T14:27:36,1,921.42,22.02,45.12,1.477,18.17,17.5840,25.9,4.00,-48,-1.00,
2026-09-21T14:27:42,1,921.33,22.00,45.07,1.477,18.17,17.5890,25.9,4.05,-55,9.75,
2026-09-21T14:27:43,1,921.38,22.03,45.07,1.474,17.91,17.5910,25.9,4.09,-54,9.50,
2026-09-21T14:27:44,1,921.31,22.01,45.10,1.477,18.17,17.5900,25.9,4.05,-55,9.50,
2026-09-21T14:27:45,1,921.34,22.03,45.12,1.476,18.11,17.5960,25.9,4.09,-54,9.75,
2026-09-21T14:27:46,1,921.31,22.01,45.10,1.478,18.24,17.6000,25.9,4.05,-54,9.75,
2026-09-21T14:27:47,1,921.36,22.03,45.12,1.476,18.11,17.5980,25.9,4.09,-55,9.50,
2026-09-21T14:27:48,1,921.38,22.03,45.13,1.478,18.24,17.6010,25.9,4.05,-59,9.50,
2026-09-21T14:27:49,1,921.41,22.05,45.11,1.475,17.98,17.5980,25.9,4.09,-57,10.00,
2026-09-21T14:27:50,1,921.34,22.00,45.08,1.479,18.30,17.6130,25.9,4.05,-56,9.75,
2026-09-21T14:27:52,1,921.36,22.02,45.10,1.479,18.30,17.6080,25.9,4.09,-60,9.75,
2026-09-21T14:27:53,1,921.38,22.00,45.09,1.488,19.07,17.6130,25.9,4.04,-57,9.50,
2026-09-21T14:27:54,1,921.31,22.03,45.10,1.477,18.17,17.6070,25.9,4.09,-56,10.00,
2026-09-21T14:27:55,1,921.34,22.01,45.13,1.477,18.17,17.6030,25.9,4.04,-55,9.25,
2026-09-21T14:27:56,1,921.47,22.03,45.09,1.474,17.91,17.6070,25.9,4.09,-55,9.50,
2026-09-21T14:27:57,1,921.41,22.00,45.11,1.476,18.04,17.6090,25.9,4.03,-54,9.75,
2026-09-21T14:27:58,1,921.42,22.01,45.12,1.476,18.04,17.6080,25.9,4.09,-54,9.50,
2026-09-21T14:27:59,1,921.31,22.03,45.10,1.472,17.72,17.6050,25.9,4.04,-54,9.25,
2026-09-21T14:28:01,1,921.41,22.02,45.09,1.473,17.85,17.6060,25.9,4.08,-55,9.75,
2026-09-21T14:28:02,1,921.43,22.02,45.08,1.476,18.11,17.6070,25.9,4.04,-56,9.25,
2026-09-21T14:28:03,1,921.31,22.03,45.10,1.476,18.04,17.6070,25.9,4.09,-57,9.75,
2026-09-21T14:28:04,1,921.34,22.04,45.10,1.477,18.17,17.6100,25.9,4.03,-55,9.50,
2026-09-21T14:28:05,1,921.23,22.01,45.12,1.474,17.91,17.6120,25.9,4.08,-53,9.50,
2026-09-21T14:28:06,1,921.37,22.01,45.13,1.478,18.24,17.6050,25.9,4.09,-57,9.50,
2026-09-21T14:28:07,1,921.31,22.01,45.10,1.476,18.11,17.6050,25.9,4.05,-57,9.75,
2026-09-21T14:28:08,1,921.33,22.00,45.12,1.482,18.56,17.6100,25.9,4.09,-59,9.50,
2026-09-21T14:28:10,1,921.37,22.02,45.09,1.468,17.46,17.6070,25.9,4.05,-59,9.50,
2026-09-21T14:28:11,1,921.30,22.02,45.10,1.476,18.11,17.6040,25.9,4.09,-57,9.50,
2026-09-21T14:28:12,1,921.31,22.00,45.09,1.482,18.56,17.6090,25.9,4.05,-60,9.25,
2026-09-21T14:28:13,1,921.34,22.01,45.11,1.476,18.11,17.6030,25.9,4.09,-61,9.50,
2026-09-21T14:28:14,1,921.30,22.02,45.13,1.483,18.62,17.6140,25.9,4.05,-56,9.50,
2026-09-21T14:28:15,1,921.30,22.01,45.12,1.479,18.30,17.6170,25.9,4.09,-58,9.50,
2026-09-21T14:28:16,1,921.29,22.03,45.10,1.483,18.62,17.6130,25.9,4.05,-57,9.75,
2026-09-21T14:28:17,1,921.21,22.02,45.08,1.476,18.11,17.6140,25.9,4.09,-50,0.75,
2026-09-21T14:28:19,1,921.35,22.02,45.12,1.476,18.11,17.6170,25.9,4.05,-49,-1.50,
2026-09-21T14:28:20,1,921.41,22.01,45.10,1.477,18.17,17.6180,25.9,4.09,-49,-1.25,
2026-09-21T14:28:25,1,921.36,22.00,45.09,1.479,18.30,17.6180,25.9,4.04,-57,9.75,
2026-09-21T14:28:26,1,921.33,22.02,45.12,1.476,18.11,17.6220,25.9,4.09,-55,9.75,
2026-09-21T14:28:27,1,921.31,22.01,45.11,1.472,17.72,17.6190,25.9,4.04,-54,9.25,
2026-09-21T14:28:29,1,921.43,22.00,45.12,1.477,18.17,17.6160,25.9,4.08,-54,9.50,
2026-09-21T14:28:30,1,921.31,21.99,45.11,1.477,18.17,17.6170,25.9,4.04,-54,9.50,
2026-09-21T14:28:31,1,921.31,22.01,45.10,1.474,17.91,17.6120,25.9,4.09,-54,9.50,
2026-09-21T14:28:32,1,921.28,21.98,45.07,1.478,18.24,17.6140,25.9,4.03,-55,9.50,
2026-09-21T14:28:33,1,921.32,22.00,45.12,1.475,17.98,17.6130,25.9,4.08,-55,9.50,
2026-09-21T14:28:34,1,921.25,22.01,45.15,1.480,18.36,17.6100,25.9,4.09,-56,9.50,
2026-09-21T14:28:35,1,921.35,22.03,45.10,1.475,17.98,17.6110,25.9,4.05,-56,9.25,
2026-09-21T14:28:36,1,921.43,22.01,45.08,1.480,18.43,17.6010,25.9,4.09,-56,9.50,
2026-09-21T14:28:38,1,921.40,22.00,45.09,1.475,17.98,17.6050,25.9,4.04,-56,9.75,
2026-09-21T14:28:39,1,921.41,21.98,45.09,1.474,17.91,17.6050,25.9,4.09,-51,9.25,
2026-09-21T14:28:40,1,921.27,22.02,45.12,1.476,18.04,17.5990,25.9,4.05,-53,9.50,
2026-09-21T14:28:41,1,921.43,21.99,45.09,1.477,18.17,17.5960,25.9,4.09,-54,9.50,
2026-09-21T14:28:42,1,921.31,22.01,45.08,1.473,17.85,17.6030,25.9,4.05,-53,9.75,
2026-09-21T14:28:43,1,921.26,21.99,45.10,1.474,17.91,17.6040,25.9,4.09,-53,9.75,
2026-09-21T14:28:44,1,921.26,22.00,45.12,1.479,18.30,17.5960,25.9,4.05,-56,9.50,
2026-09-21T14:28:45,1,921.32,22.02,45.08,1.476,18.04,17.5980,25.9,4.09,-55,9.75,
2026-09-21T14:28:47,1,921.23,22.01,45.13,1.476,18.11,17.6000,25.9,4.05,-53,9.25,
2026-09-21T14:28:48,1,921.48,22.02,45.09,1.475,17.98,17.5970,25.9,4.09,-52,10.00,
2026-09-21T14:28:49,1,921.34,22.01,45.13,1.479,18.30,17.6010,25.9,4.05,-53,9.00,
2026-09-21T14:28:50,1,921.31,22.00,45.09,1.477,18.17,17.6030,25.9,4.09,-54,9.75,
2026-09-21T14:28:51,1,921.31,22.01,45.12,1.478,18.24,17.6030,25.9,4.05,-54,9.75,
2026-09-21T14:28:52,1,921.26,22.00,45.08,1.476,18.04,17.6050,25.9,4.08,-53,9.00,
2026-09-21T14:28:53,1,921.24,22.01,45.09,1.480,18.43,17.6090,25.9,4.04,-54,9.50,
2026-09-21T14:28:54,1,921.25,21.99,45.12,1.475,17.98,17.6090,25.9,4.09,-53,9.50,
2026-09-21T14:28:55,1,921.20,21.98,45.11,1.476,18.11,17.6120,25.9,4.04,-52,9.75,
2026-09-21T14:28:57,1,921.28,22.01,45.11,1.480,18.36,17.6200,25.9,4.09,-52,9.50,
2026-09-21T14:28:58,1,921.30,22.00,45.11,1.481,18.49,17.6150,25.9,4.04,-54,9.50,
2026-09-21T14:28:59,1,921.22,22.00,45.11,1.482,18.56,17.6120,25.9,4.09,-54,9.75,
2026-09-21T14:29:00,1,921.21,22.00,45.10,1.489,19.14,17.6150,25.9,4.04,-55,9.25,
2026-09-21T14:29:01,1,921.27,21.99,45.11,1.476,18.04,17.6160,25.9,4.09,-46,5.50,
2026-09-21T14:29:02,1,921.34,21.99,45.09,1.478,18.24,17.6080,25.9,4.04,-46,-0.75,
2026-09-21T14:29:03,1,921.34,22.02,45.10,1.476,18.04,17.6120,25.9,4.05,-45,1.25,
2026-09-21T14:29:04,1,921.35,22.01,45.11,1.477,18.17,17.6060,25.9,4.07,-54,2.75,
2026-09-21T14:29:09,1,940.62,22.00,45.07,1.475,17.98,17.5980,25.9,4.09,-54,9.50,
2026-09-21T14:29:10,1,921.24,22.01,45.11,1.476,18.11,17.5940,25.9,4.05,-55,10.00,
2026-09-21T14:29:11,1,921.34,22.00,45.11,1.475,17.98,17.5940,25.9,4.09,-55,9.25,
2026-09-21T14:29:12,1,921.20,22.00,45.11,1.480,18.36,17.5900,25.9,4.05,-54,9.50,
2026-09-21T14:29:13,1,921.33,22.00,45.11,1.472,17.78,17.5900,25.9,4.09,-51,9.50,
2026-09-21T14:29:15,1,921.32,22.00,45.12,1.471,17.66,17.5880,25.9,4.05,-52,9.50,
2026-09-21T14:29:16,1,921.29,22.01,45.09,1.479,18.30,17.5910,25.9,4.08,-52,9.75,
2026-09-21T14:29:17,1,921.33,22.01,45.13,1.482,18.56,17.5910,25.9,4.05,-51,9.50,
2026-09-21T14:29:18,1,921.25,22.01,45.11,1.475,17.98,17.5900,25.9,4.09,-51,9.50,
2026-09-21T14:29:19,1,921.27,22.00,45.13,1.478,18.24,17.5930,25.9,4.05,-51,9.50,
2026-09-21T14:29:20,1,921.36,22.00,45.10,1.477,18.17,17.5950,25.9,4.09,-53,9.50,
2026-09-21T14:29:21,1,921.42,21.99,45.13,1.480,18.36,17.5970,25.9,4.04,-56,9.75,
2026-09-21T14:29:22,1,921.41,21.99,45.09,1.478,18.24,17.5980,25.9,4.09,-53,9.75,
2026-09-21T14:29:24,1,921.30,22.00,45.12,1.477,18.17,17.5960,25.9,4.04,-53,9.25,
2026-09-21T14:29:25,1,921.30,21.99,45.14,1.476,18.11,17.5920,25.9,4.08,-55,9.50,
2026-09-21T14:29:26,1,921.18,21.98,45.11,1.478,18.24,17.5970,25.9,4.04,-68,9.50,
2026-09-21T14:29:27,1,921.25,21.99,45.12,1.473,17.85,17.6020,25.9,4.09,-60,9.50,
2026-09-21T14:29:28,1,921.24,22.00,45.11,1.476,18.04,17.6020,25.9,4.04,-69,9.25,
2026-09-21T14:29:29,1,921.28,22.01,45.10,1.475,17.98,17.6050,25.9,4.09,-61,9.50,
2026-09-21T14:29:30,1,921.26,21.98,45.10,1.479,18.30,17.6080,25.9,4.03,-72,9.50,
2026-09-21T14:29:31,1,921.28,22.00,45.09,1.476,18.11,17.6120,25.9,4.05,-62,9.75,
2026-09-21T14:29:32,1,921.26,21.99,45.11,1.478,18.24,17.6080,25.9,4.09,-55,9.50,
2026-09-21T14:29:34,1,921.20,21.99,45.13,1.476,18.04,17.6120,25.9,4.05,-58,10.00,
2026-09-21T14:29:35,1,921.28,21.99,45.09,1.479,18.30,17.6110,25.9,4.09,-55,9.50,
2026-09-21T14:29:36,1,921.27,21.98,45.12,1.477,18.17,17.6100,25.9,4.05,-56,9.50,
2026-09-21T14:29:37,1,921.30,22.01,45.09,1.477,18.17,17.6100,25.9,4.09,-61,9.50,
2026-09-21T14:29:38,1,921.26,21.97,45.13,1.478,18.24,17.6180,25.9,4.05,-60,9.50,
2026-09-21T14:29:39,1,921.39,22.00,45.14,1.476,18.11,17.6180,25.9,4.09,-79,8.50,
2026-09-21T14:29:40,1,921.30,21.98,45.10,1.479,18.30,17.6130,25.9,4.05,-67,9.50,
2026-09-21T14:29:41,1,921.25,22.00,45.10,1.476,18.11,17.6110,25.9,4.09,-60,9.25,
2026-09-21T14:29:43,1,921.31,21.99,45.11,1.479,18.30,17.6130,25.9,4.05,-59,9.75,
2026-09-21T14:29:44,1,921.23,21.99,45.08,1.474,17.91,17.6140,25.9,4.09,-58,9.50,
2026-09-21T14:29:45,1,921.25,21.99,45.11,1.478,18.24,17.6170,25.9,4.05,-60,9.25,
2026-09-21T14:29:46,1,921.27,22.00,45.11,1.474,17.91,17.6140,25.9,4.09,-50,-2.25,
2026-09-21T14:29:47,1,921.17,21.99,45.12,1.480,18.36,17.6090,25.9,4.04,-50,-1.25,
2026-09-21T14:29:48,1,921.29,21.99,45.09,1.473,17.85,17.6120,25.9,4.09,-52,-3.25,
2026-09-21T14:29:53,1,939.80,21.99,45.11,1.476,18.04,17.6020,25.9,4.09,-56,9.75,
2026-09-21T14:29:54,1,921.19,22.01,45.12,1.472,17.72,17.5990,25.9,4.04,-57,9.75,
2026-09-21T14:29:55,1,921.23,21.98,45.12,1.477,18.17,17.5930,25.9,4.09,-58,9.25,
2026-09-21T14:29:56,1,921.22,22.01,45.11,1.476,18.11,17.5900,25.9,4.03,-58,9.50,
2026-09-21T14:29:57,1,921.21,22.00,45.14,1.475,17.98,17.5850,25.9,4.08,-57,9.50,
2026-09-21T14:29:58,1,921.30,21.99,45.12,1.476,18.11,17.5860,25.9,4.03,-55,9.75,
2026-09-21T14:29:59,1,921.19,22.01,45.13,1.474,17.91,17.5850,25.9,4.05,-57,10.00,
2026-09-21T14:30:00,1,921.32,21.98,45.10,1.480,18.36,17.5960,25.9,4.09,-59,9.25,
2026-09-21T14:30:02,1,921.17,21.99,45.10,1.476,18.04,17.5990,25.9,4.05,-59,9.75,
2026-09-21T14:30:03,1,921.26,21.99,45.13,1.474,17.91,17.5940,25.9,4.08,-60,9.50,
2026-09-21T14:30:04,1,921.31,21.99,45.12,1.477,18.17,17.5970,25.9,4.04,-60,9.50,
2026-09-21T14:30:05,1,921.21,22.01,45.12,1.475,17.98,17.5930,25.9,4.09,-58,9.25,
2026-09-21T14:30:06,1,921.34,21.99,45.13,1.479,18.30,17.5920,25.9,4.05,-59,9.00,
2026-09-21T14:30:07,1,921.31,21.99,45.13,1.476,18.04,17.5930,25.9,4.09,-59,9.50,
2026-09-21T14:30:08,1,921.31,21.98,45.12,1.477,18.17,17.5900,25.9,4.05,-62,9.50,
2026-09-21T14:30:09,1,921.21,21.99,45.10,1.476,18.04,17.5890,25.9,4.08,-60,9.50,
2026-09-21T14:30:11,1,921.27,21.98,45.13,1.478,18.24,17.5940,25.9,4.04,-59,9.50,
2026-09-21T14:30:12,1,921.31,21.97,45.12,1.476,18.11,17.5970,25.9,4.09,-59,9.50,
2026-09-21T14:30:13,1,921.24,21.99,45.10,1.477,18.17,17.6050,25.9,4.05,-59,9.25,
2026-09-21T14:30:14,1,921.15,21.98,45.11,1.477,18.17,17.6050,25.9,4.09,-59,9.50,
2026-09-21T14:30:15,1,921.30,22.00,45.09,1.477,18.17,17.6100,25.9,4.05,-60,9.75,
2026-09-21T14:30:16,1,921.22,21.98,45.13,1.476,18.04,17.6090,25.9,4.09,-58,9.75,
2026-09-21T14:30:17,1,921.16,21.99,45.10,1.477,18.17,17.6130,25.9,4.04,-60,9.50,
2026-09-21T14:30:18,1,921.29,21.98,45.09,1.476,18.04,17.6050,25.9,4.09,-58,9.00,
2026-09-21T14:30:20,1,921.14,21.99,45.13,1.476,18.04,17.6010,25.9,4.04,-57,9.25,
2026-09-21T14:30:21,1,921.19,21.99,45.11,1.476,18.04,17.5990,25.9,4.09,-54,9.50,
2026-09-21T14:30:22,1,921.25,21.97,45.12,1.476,18.11,17.6040,25.9,4.03,-59,9.75,
2026-09-21T14:30:23,1,921.09,21.99,45.12,1.476,18.04,17.6040,25.9,4.08,-71,9.50,
2026-09-21T14:30:24,1,921.33,21.99,45.11,1.480,18.43,17.6040,25.9,4.03,-54,9.25,
2026-09-21T14:30:25,1,921.24,22.00,45.11,1.476,18.04,17.6050,25.9,4.09,-61,9.50,
2026-09-21T14:30:26,1,921.23,21.96,45.10,1.480,18.36,17.6140,25.9,4.09,-59,9.75,
2026-09-21T14:30:27,1,921.35,21.99,45.13,1.476,18.11,17.6120,25.9,4.05,-60,9.75,
2026-09-21T14:30:29,1,921.14,22.00,45.10,1.478,18.24,17.6100,25.9,4.09,-59,9.25,
2026-09-21T14:30:30,1,921.16,21.96,45.11,1.476,18.11,17.6060,25.9,4.05,-49,3.25,
2026-09-21T14:30:31,1,921.25,21.99,45.13,1.474,17.91,17.6020,25.9,4.08,-50,0.25,
2026-09-21T14:30:32,1,921.38,22.01,45.11,1.479,18.30,17.6040,25.9,4.05,-48,0.75,
2026-09-21T14:30:33,1,921.35,21.99,45.13,1.473,17.85,17.6000,25.9,4.09,-56,8.00,
2026-09-21T14:30:37,1,921.40,21.99,45.08,1.474,17.91,17.6050,25.9,4.09,-62,9.25,
2026-09-21T14:30:39,1,921.24,21.98,45.10,1.480,18.36,17.6070,25.9,4.04,-63,9.25,
2026-09-21T14:30:40,1,921.26,21.97,45.04,1.476,18.04,17.6010,25.9,4.09,-62,9.75,
2026-09-21T14:30:41,1,921.30,21.98,45.10,1.480,18.43,17.5990,25.9,4.04,-60,10.00,
2026-09-21T14:30:42,1,921.20,21.98,45.14,1.476,18.04,17.5980,25.9,4.09,-59,9.25,
2026-09-21T14:30:43,1,921.29,21.99,45.10,1.480,18.36,17.6020,25.9,4.04,-67,9.75,
2026-09-21T14:30:44,1,921.24,22.01,45.11,1.476,18.11,17.6020,25.9,4.07,-73,9.25,
2026-09-21T14:30:45,1,921.27,21.98,45.10,1.479,18.30,17.6050,25.9,4.04,-69,9.50,
2026-09-21T14:30:46,1,921.32,21.98,45.09,1.476,18.11,17.6020,25.9,4.08,-68,9.75,
2026-09-21T14:30:48,1,921.23,21.99,45.09,1.478,18.24,17.6020,25.9,4.04,-69,9.25,
2026-09-21T14:30:49,1,921.24,22.02,45.12,1.475,17.98,17.6040,25.9,4.08,-69,9.25,
2026-09-21T14:30:50,1,921.21,22.00,45.11,1.480,18.43,17.6010,25.9,4.03,-69,9.50,
2026-09-21T14:30:51,1,921.24,21.96,45.13,1.475,17.98,17.6030,25.9,4.09,-70,9.50,
2026-09-21T14:30:52,1,921.21,21.98,45.11,1.476,18.04,17.6010,25.9,4.03,-70,9.75,
2026-09-21T14:30:53,1,921.22,21.98,45.13,1.476,18.04,17.6020,25.9,4.09,-72,9.25,
2026-09-21T14:30:54,1,921.25,21.95,45.11,1.478,18.24,17.6050,25.9,4.09,-80,7.75,
2026-09-21T14:30:55,1,921.21,21.98,45.12,1.475,17.98,17.6070,25.9,4.05,-77,8.75,
2026-09-21T14:30:57,1,921.28,22.00,45.12,1.487,18.95,17.6040,25.9,4.09,-79,7.75,
2026-09-21T14:30:58,1,921.35,21.98,45.12,1.480,18.36,17.6070,25.9,4.04,-69,9.50,
2026-09-21T14:30:59,1,921.29,21.99,45.12,1.476,18.11,17.6050,25.9,4.09,-69,9.50,
2026-09-21T14:31:00,1,921.25,21.99,45.14,1.477,18.17,17.6080,25.9,4.05,-70,9.50,
2026-09-21T14:31:01,1,921.27,21.99,45.13,1.475,17.98,17.6180,25.9,4.09,-67,9.50,
2026-09-21T14:31:02,1,921.21,21.99,45.12,1.478,18.24,17.6130,25.9,4.04,-76,11.25,
2026-09-21T14:31:03,1,921.34,21.98,45.13,1.475,17.98,17.6070,25.9,4.09,-73,9.00,
2026-09-21T14:31:04,1,921.20,21.99,45.14,1.476,18.11,17.6020,25.9,4.04,-60,9.50,
2026-09-21T14:31:05,1,921.29,22.00,45.14,1.476,18.11,17.6030,25.9,4.09,-59,9.50,
2026-09-21T14:31:07,1,921.25,21.98,45.10,1.477,18.17,17.5980,25.9,4.05,-60,9.75,
2026-09-21T14:31:08,1,921.39,21.97,45.13,1.475,17.98,17.6040,25.9,4.09,-61,9.75,
2026-09-21T14:31:09,1,921.32,22.00,45.11,1.476,18.11,17.6050,25.9,4.04,-66,9.50,
2026-09-21T14:31:10,1,921.22,21.98,45.16,1.476,18.04,17.6080,25.9,4.09,-68,9.25,
2026-09-21T14:31:11,1,921.27,21.99,45.17,1.479,18.30,17.6070,25.9,4.04,-64,9.00,
2026-09-21T14:31:12,1,921.28,21.99,45.12,1.477,18.17,17.6080,25.9,4.09,-64,9.50,
2026-09-21T14:31:21,1,937.96,21.97,45.11,1.476,18.04,17.6040,25.9,4.05,-66,9.75,
2026-09-21T14:31:22,1,921.25,21.99,45.10,1.482,18.56,17.6020,25.9,4.09,-65,9.75,
2026-09-21T14:31:23,1,921.24,22.00,45.09,1.476,18.11,17.6030,25.9,4.04,-65,9.50,
2026-09-21T14:31:25,1,921.39,21.99,45.15,1.487,18.95,17.6120,25.9,4.08,-65,9.50,
2026-09-21T14:31:26,1,921.25,21.98,45.12,1.479,18.30,17.6150,25.9,4.05,-66,9.50,
2026-09-21T14:31:27,1,921.29,21.99,45.13,1.476,18.11,17.6130,25.9,4.09,-62,9.50,
2026-09-21T14:31:28,1,921.34,21.96,45.14,1.478,18.24,17.6120,25.9,4.05,-60,9.50,
2026-09-21T14:31:29,1,921.23,21.96,45.15,1.476,18.11,17.6150,25.9,4.09,-60,9.50,
2026-09-21T14:31:30,1,921.26,21.99,45.17,1.479,18.30,17.6160,25.9,4.05,-61,9.75,
2026-09-21T14:31:31,1,921.18,21.98,45.13,1.467,17.33,17.6180,25.9,4.09,-59,9.50,
2026-09-21T14:31:32,1,921.21,21.98,45.13,1.480,18.36,17.6180,25.9,4.05,-59,9.25,
2026-09-21T14:31:34,1,921.23,21.99,45.11,1.474,17.91,17.6140,25.9,4.09,-59,9.75,
2026-09-21T14:31:35,1,921.18,21.97,45.12,1.481,18.49,17.6170,25.9,4.04,-60,9.25,
2026-09-21T14:31:36,1,921.33,21.96,45.12,1.474,17.91,17.6130,25.9,4.09,-61,9.75,
2026-09-21T14:31:37,1,921.12,21.97,45.10,1.478,18.24,17.6050,25.9,4.04,-62,9.25,
2026-09-21T14:31:38,1,921.32,21.97,45.16,1.475,17.98,17.6010,25.9,4.09,-64,9.25,
2026-09-21T14:31:39,1,921.25,21.97,45.13,1.478,18.24,17.6040,25.9,4.04,-58,9.50,
2026-09-21T14:31:40,1,921.25,21.97,45.13,1.475,17.98,17.6050,25.9,4.09,-66,9.50,
2026-09-21T14:31:41,1,921.22,21.99,45.11,1.480,18.36,17.6050,25.9,4.04,-64,9.50,
2026-09-21T14:31:42,1,921.31,21.98,45.14,1.474,17.91,17.6070,25.9,4.08,-59,9.50,
2026-09-21T14:31:44,1,921.25,21.98,45.14,1.480,18.36,17.6060,25.9,4.03,-59,9.50,
2026-09-21T14:31:45,1,921.24,21.97,45.13,1.476,18.11,17.6070,25.9,4.09,-59,9.75,
2026-09-21T14:31:46,1,921.21,21.96,45.13,1.480,18.36,17.6060,25.9,4.03,-57,9.75,
2026-09-21T14:31:47,1,921.27,21.97,45.12,1.475,17.98,17.6130,25.9,4.08,-59,9.50,
2026-09-21T14:31:48,1,921.27,21.98,45.13,1.479,18.30,17.6160,25.9,4.07,-60,9.50,
2026-09-21T14:31:49,1,921.36,22.00,45.12,1.476,18.11,17.6180,25.9,4.05,-60,9.50,
2026-09-21T14:31:50,1,921.26,21.98,45.17,1.480,18.43,17.6170,25.9,4.09,-59,9.75,
2026-09-21T14:31:51,1,921.32,21.99,45.13,1.476,18.11,17.6130,25.9,4.05,-59,9.25,
2026-09-21T14:31:53,1,921.39,21.99,45.13,1.476,18.04,17.6110,25.9,4.08,-59,9.50,
2026-09-21T14:31:54,1,921.26,21.97,45.10,1.476,18.11,17.6100,25.9,4.05,-59,9.50,
2026-09-21T14:31:55,1,921.21,21.97,45.15,1.475,17.98,17.6090,25.9,4.08,-64,9.00,
2026-09-21T14:31:56,1,921.31,21.98,45.11,1.479,18.30,17.6090,25.9,4.04,-63,9.50,
2026-09-21T14:31:57,1,921.37,21.96,45.15,1.474,17.91,17.6090,25.9,4.09,-51,7.25,
2026-09-21T14:31:58,1,921.33,21.96,45.14,1.476,18.11,17.6140,25.9,4.05,-49,-1.25,
2026-09-21T14:31:59,1,921.31,21.97,45.13,1.476,18.11,17.6110,25.9,4.09,-49,-1.75,
2026-09-21T14:32:00,1,921.26,21.97,45.10,1.480,18.36,17.6090,25.9,4.04,-49,-1.75,
2026-09-21T14:32:06,1,921.26,21.97,45.13,1.475,17.98,17.6060,25.9,4.09,-60,9.75,
2026-09-21T14:32:07,1,921.32,21.96,45.14,1.478,18.24,17.6020,25.9,4.04,-62,9.25,
2026-09-21T14:32:08,1,921.36,21.97,45.13,1.477,18.17,17.5960,25.9,4.09,-60,9.75,
2026-09-21T14:32:09,1,921.19,21.97,45.16,1.478,18.24,17.5910,25.9,4.04,-60,9.50,
2026-09-21T14:32:10,1,921.30,21.98,45.11,1.476,18.11,17.5900,25.9,4.09,-59,9.50,
2026-09-21T14:32:12,1,921.35,21.97,45.10,1.479,18.30,17.5970,25.9,4.04,-60,9.75,
2026-09-21T14:32:13,1,921.32,21.97,45.13,1.475,17.98,17.5980,25.9,4.09,-62,9.50,
2026-09-21T14:32:14,1,921.28,21.96,45.16,1.480,18.36,17.6010,25.9,4.03,-61,9.75,
2026-09-21T14:32:15,1,921.30,21.96,45.12,1.476,18.11,17.5970,25.9,4.09,-60,9.75,
2026-09-21T14:32:16,1,921.35,21.96,45.11,1.479,18.30,17.6000,25.9,4.09,-60,9.25,
2026-09-21T14:32:18,1,921.35,21.99,45.17,1.481,18.49,17.6060,25.9,4.09,-61,9.50,
2026-09-21T14:32:19,1,921.26,21.98,45.14,1.477,18.17,17.6050,25.9,4.04,-61,9.25,
2026-09-21T14:32:21,1,921.19,21.97,45.15,1.475,17.98,17.6130,25.9,4.09,-60,9.25,
2026-09-21T14:32:22,1,921.43,21.96,45.15,1.477,18.17,17.6150,25.9,4.05,-65,9.25,
2026-09-21T14:32:23,1,921.31,21.98,45.15,1.475,17.98,17.6140,25.9,4.09,-63,9.50,
2026-09-21T14:32:24,1,921.27,21.96,45.13,1.478,18.24,17.6170,25.9,4.05,-60,9.50,
2026-09-21T14:32:25,1,921.37,21.97,45.15,1.475,17.98,17.6160,25.9,4.08,-63,9.50,
2026-09-21T14:32:26,1,921.20,21.96,45.15,1.479,18.30,17.6180,25.9,4.04,-65,9.25,
2026-09-21T14:32:27,1,921.25,21.98,45.15,1.476,18.11,17.6200,25.9,4.08,-59,9.50,
2026-09-21T14:32:28,1,921.34,22.00,45.15,1.479,18.30,17.6180,25.9,4.04,-59,9.50,
2026-09-21T14:32:30,1,921.31,21.98,45.15,1.473,17.85,17.6170,25.9,4.09,-59,10.00,
2026-09-21T14:32:31,1,921.25,21.98,45.13,1.477,18.17,17.6180,25.9,4.04,-59,9.25,
2026-09-21T14:32:32,1,921.31,21.99,45.16,1.477,18.17,17.6200,25.9,4.09,-59,9.50,
2026-09-21T14:32:33,1,921.27,21.96,45.09,1.480,18.36,17.6170,25.9,4.04,-60,9.25,
2026-09-21T14:32:34,1,921.28,21.97,45.13,1.476,18.11,17.6170,25.9,4.09,-60,9.75,
2026-09-21T14:32:35,1,921.27,21.96,45.14,1.479,18.30,17.6220,25.9,4.04,-60,9.75,
2026-09-21T14:32:36,1,921.26,21.97,45.11,1.476,18.04,17.6200,25.9,4.09,-59,10.25,
2026-09-21T14:32:37,1,921.38,21.96,45.16,1.491,19.27,17.6170,25.9,4.04,-60,9.50,
2026-09-21T14:32:39,1,921.29,21.97,45.15,1.476,18.11,17.6200,25.9,4.09,-59,10.00,
2026-09-21T14:32:40,1,921.32,21.97,45.17,1.480,18.36,17.6160,25.9,4.03,-60,9.75,
2026-09-21T14:32:41,1,921.34,21.95,45.16,1.479,18.30,17.6160,25.9,4.09,-60,10.00,
2026-09-21T14:32:50,1,921.32,21.98,45.15,1.480,18.36,17.6150,25.9,4.05,-65,9.25,
2026-09-21T14:32:51,1,921.43,21.97,45.15,1.476,18.11,17.6160,25.9,4.09,-65,9.25,
2026-09-21T14:32:52,1,921.31,21.96,45.14,1.480,18.36,17.6160,25.9,4.05,-66,9.75,
2026-09-21T14:32:53,1,921.29,21.96,45.14,1.478,18.24,17.6200,25.9,4.09,-66,9.25,
2026-09-21T14:32:54,1,921.22,21.97,45.19,1.478,18.24,17.6230,25.9,4.05,-68,9.25,
2026-09-21T14:32:55,1,921.25,21.97,45.15,1.476,18.04,17.6190,25.9,4.09,-66,9.25,
2026-09-21T14:32:56,1,921.31,21.96,45.12,1.479,18.30,17.6240,25.9,4.04,-63,9.50,
2026-09-21T14:32:58,1,921.34,21.99,45.16,1.471,17.66,17.6220,25.9,4.09,-60,9.75,
2026-09-21T14:32:59,1,921.26,21.97,45.14,1.476,18.11,17.6190,25.9,4.04,-61,9.25,
2026-09-21T14:33:00,1,921.33,21.95,45.15,1.476,18.11,17.6170,25.9,4.09,-62,9.50,
2026-09-21T14:33:01,1,921.29,21.97,45.15,1.478,18.24,17.6170,25.9,4.04,-63,9.75,
2026-09-21T14:33:02,1,921.31,21.96,45.13,1.476,18.04,17.6160,25.9,4.09,-62,9.50,
2026-09-21T14:33:03,1,921.41,21.97,45.17,1.480,18.36,17.6140,25.9,4.04,-63,12.25,
2026-09-21T14:33:04,1,921.27,21.95,45.17,1.476,18.04,17.6140,25.9,4.09,-64,9.50,
2026-09-21T14:33:05,1,921.27,21.96,45.15,1.480,18.43,17.6130,25.9,4.03,-66,9.50,
2026-09-21T14:33:07,1,921.26,21.95,45.14,1.475,17.98,17.6150,25.9,4.08,-69,9.00,
2026-09-21T14:33:08,1,921.30,21.96,45.13,1.489,19.14,17.6170,25.9,4.03,-66,9.50,
2026-09-21T14:33:09,1,921.36,21.97,45.19,1.478,18.24,17.6210,25.9,4.08,-66,9.75,
2026-09-21T14:33:10,1,921.26,21.97,45.17,1.488,19.01,17.6160,25.9,4.09,-65,9.50,
2026-09-21T14:33:11,1,921.40,21.98,45.15,1.488,19.01,17.6170,25.9,4.05,-65,9.50,
2026-09-21T14:33:12,1,921.21,21.95,45.17,1.474,17.91,17.6170,25.9,4.08,-65,9.50,
2026-09-21T14:33:13,1,921.29,21.96,45.16,1.474,17.91,17.6120,25.9,4.04,-64,9.00,
2026-09-21T14:33:14,1,921.33,21.97,45.14,1.476,18.11,17.6080,25.9,4.08,-65,9.75,
2026-09-21T14:33:15,1,921.17,21.98,45.17,1.477,18.17,17.6160,25.9,4.05,-70,9.50,
2026-09-21T14:33:17,1,921.41,21.95,45.16,1.480,18.36,17.6150,25.9,4.09,-70,9.75,
2026-09-21T14:33:18,1,921.24,21.95,45.17,1.479,18.30,17.6200,25.9,4.05,-69,9.25,
2026-09-21T14:33:19,1,921.20,21.97,45.13,1.475,17.98,17.6160,25.9,4.09,-62,9.75,
2026-09-21T14:33:20,1,921.34,21.96,45.14,1.482,18.56,17.6160,25.9,4.04,-61,9.50,
2026-09-21T14:33:21,1,921.27,21.99,45.16,1.476,18.04,17.6140,25.9,4.08,-61,9.75,
2026-09-21T14:33:22,1,921.32,21.94,45.16,1.479,18.30,17.6170,25.9,4.05,-61,9.50,
2026-09-21T14:33:23,1,921.37,21.96,45.17,1.476,18.04,17.6170,25.9,4.09,-61,9.50,
2026-09-21T14:33:24,1,921.30,21.98,45.13,1.478,18.24,17.6230,25.9,4.04,-61,9.25,
2026-09-21T14:33:33,1,921.33,21.95,45.17,1.477,18.17,17.6130,25.9,4.04,-63,9.75,
2026-09-21T14:33:35,1,921.38,21.96,45.14,1.477,18.17,17.6120,25.9,4.09,-64,9.25,
2026-09-21T14:33:36,1,921.33,21.98,45.13,1.479,18.30,17.5980,25.9,4.03,-64,9.50,
2026-09-21T14:33:37,1,921.32,21.95,45.16,1.475,17.98,17.5950,25.9,4.09,-64,9.50,
2026-09-21T14:33:38,1,921.47,21.96,45.12,1.477,18.17,17.6000,25.9,4.05,-62,9.50,
2026-09-21T14:33:39,1,921.20,21.96,45.15,1.475,17.98,17.5990,25.9,4.04,-59,9.25,
2026-09-21T14:33:40,1,921.31,21.97,45.15,1.479,18.30,17.6010,25.9,4.08,-59,9.50,
2026-09-21T14:33:41,1,921.33,21.97,45.17,1.476,18.04,17.6020,25.9,4.04,-60,9.50,
2026-09-21T14:33:42,1,921.37,21.96,45.17,1.475,17.98,17.6030,25.9,4.08,-59,9.75,
2026-09-21T14:33:44,1,921.36,21.97,45.17,1.475,17.98,17.6040,25.9,4.05,-59,9.50,
2026-09-21T14:33:45,1,921.29,21.95,45.14,1.476,18.04,17.6000,25.9,4.09,-59,9.75,
2026-09-21T14:33:46,1,921.29,21.97,45.13,1.479,18.30,17.6040,25.9,4.05,-59,9.75,
2026-09-21T14:33:47,1,921.32,21.98,45.15,1.475,17.98,17.6080,25.9,4.08,-60,9.75,
2026-09-21T14:33:48,1,921.34,21.99,45.19,1.472,17.78,17.6060,25.9,4.05,-63,9.75,
2026-09-21T14:33:49,1,921.44,21.96,45.15,1.475,17.98,17.6050,25.9,4.09,-65,9.75,
2026-09-21T14:33:50,1,921.29,21.96,45.15,1.478,18.24,17.6040,25.9,4.05,-62,9.75,
2026-09-21T14:33:51,1,921.36,21.96,45.15,1.476,18.04,17.6030,25.9,4.09,-60,9.50,
2026-09-21T14:33:52,1,921.27,21.95,45.15,1.476,18.11,17.6020,25.9,4.04,-59,9.50,
2026-09-21T14:33:54,1,921.43,21.96,45.14,1.476,18.04,17.6020,25.9,4.09,-59,9.50,
2026-09-21T14:33:55,1,921.50,21.98,45.14,1.478,18.24,17.6110,25.9,4.04,-60,9.75,
2026-09-21T14:33:56,1,921.36,21.96,45.20,1.475,17.98,17.6110,25.9,4.09,-58,9.50,
2026-09-21T14:33:57,1,921.37,21.96,45.15,1.480,18.36,17.6170,25.9,4.04,-59,9.25,
2026-09-21T14:33:58,1,921.37,21.96,45.14,1.476,18.11,17.6170,25.9,4.09,-59,9.75,
2026-09-21T14:33:59,1,921.32,21.96,45.15,1.479,18.30,17.6180,25.9,4.04,-59,9.25,
2026-09-21T14:34:00,1,921.41,21.99,45.16,1.474,17.91,17.6170,25.9,4.09,-58,9.50,
2026-09-21T14:34:01,1,921.31,21.97,45.13,1.481,18.49,17.6170,25.9,4.03,-59,9.75,
2026-09-21T14:34:03,1,921.41,21.98,45.17,1.479,18.30,17.6160,25.9,4.09,-59,9.50,
2026-09-21T14:34:04,1,921.50,21.97,45.17,1.479,18.30,17.6200,25.9,4.03,-59,9.75,
2026-09-21T14:34:05,1,921.36,21.98,45.16,1.476,18.11,17.6200,25.9,4.08,-59,9.50,
2026-09-21T14:34:06,1,921.38,21.99,45.19,1.479,18.30,17.6220,25.9,4.06,-59,9.50,
2026-09-21T14:34:07,1,921.31,21.95,45.17,1.476,18.11,17.6170,25.9,4.04,-60,9.50,
2026-09-21T14:34:08,1,921.45,21.97,45.17,1.480,18.36,17.6200,25.9,4.09,-60,9.50,
2026-09-21T14:34:09,1,921.31,21.96,45.14,1.474,17.91,17.6240,25.9,4.00,-51,4.25,
2026-09-21T14:34:12,1,921.38,21.96,45.14,1.478,18.20,0.0000,25.9,4.05,-50,-2.00,
2026-09-21T14:34:13,1,921.45,21.96,45.17,1.476,18.04,17.6280,25.9,4.09,-57,2.75,
2026-09-21T14:34:17,1,937.90,21.97,45.16,1.474,17.91,17.6180,25.9,4.08,-60,9.75,
2026-09-21T14:34:18,1,921.34,21.97,45.13,1.480,18.36,17.6130,25.9,4.04,-60,9.50,
2026-09-21T14:34:19,1,921.39,21.96,45.15,1.475,17.98,17.6170,25.9,4.09,-60,9.50,
2026-09-21T14:34:20,1,921.36,21.94,45.17,1.476,18.04,17.6150,25.9,4.05,-59,9.75,
2026-09-21T14:34:22,1,921.35,21.97,45.17,1.474,17.91,17.6080,25.9,4.09,-59,9.75,
2026-09-21T14:34:23,1,921.35,21.98,45.18,1.478,18.24,17.6060,25.9,4.04,-60,9.50,
2026-09-21T14:34:24,1,921.38,21.95,45.20,1.476,18.11,17.6020,25.9,4.09,-59,9.50,
2026-09-21T14:34:25,1,921.36,21.96,45.18,1.476,18.11,17.6030,25.9,4.04,-60,9.50,
2026-09-21T14:34:26,1,921.37,21.96,45.18,1.476,18.04,17.6000,25.9,4.08,-60,9.50,
2026-09-21T14:34:27,1,921.29,21.97,45.19,1.479,18.30,17.5980,25.9,4.04,-60,9.50,
2026-09-21T14:34:28,1,921.31,21.96,45.17,1.476,18.04,17.5950,25.9,4.09,-59,9.50,
2026-09-21T14:34:29,1,921.31,21.95,45.20,1.478,18.24,17.5920,25.9,4.03,-62,9.50,
2026-09-21T14:34:31,1,921.40,21.96,45.17,1.476,18.11,17.5960,25.9,4.09,-63,9.50,
2026-09-21T14:34:32,1,921.43,21.98,45.19,1.480,18.36,17.5950,25.9,4.03,-62,9.75,
2026-09-21T14:34:33,1,921.38,21.96,45.18,1.474,17.91,17.5970,25.9,4.09,-60,9.75,
2026-09-21T14:34:34,1,921.29,21.97,45.19,1.480,18.43,17.5940,25.9,4.03,-59,9.75,
2026-09-21T14:34:35,1,921.36,21.96,45.18,1.476,18.11,17.5980,25.9,4.06,-60,9.50,
2026-09-21T14:34:36,1,921.36,21.97,45.17,1.479,18.30,17.5980,25.9,4.09,-59,10.00,
2026-09-21T14:34:37,1,921.38,21.97,45.15,1.473,17.85,17.6010,25.9,4.04,-60,9.50,
2026-09-21T14:34:38,1,921.31,21.94,45.18,1.478,18.24,17.6010,25.9,4.08,-60,9.25,
2026-09-21T14:34:40,1,921.41,21.96,45.16,1.477,18.17,17.5950,25.9,4.05,-67,9.50,
2026-09-21T14:34:41,1,921.45,21.95,45.15,1.476,18.11,17.5980,25.9,4.08,-70,9.25,
2026-09-21T14:34:42,1,921.39,21.95,45.20,1.478,18.24,17.6010,25.9,4.05,-65,9.75,
2026-09-21T14:34:43,1,921.46,21.95,45.15,1.475,17.98,17.6040,25.9,4.08,-64,9.25,
2026-09-21T14:34:44,1,921.34,21.96,45.13,1.478,18.24,17.6060,25.9,4.04,-64,9.25,
2026-09-21T14:34:45,1,921.30,21.97,45.19,1.475,17.98,17.6010,25.9,4.09,-64,9.50,
2026-09-21T14:34:46,1,921.37,21.97,45.18,1.478,18.24,17.5980,25.9,4.04,-64,9.25,
2026-09-21T14:34:47,1,921.33,21.95,45.19,1.475,17.98,17.5990,25.9,4.09,-66,9.50,
2026-09-21T14:34:49,1,921.33,21.97,45.16,1.487,18.95,17.5960,25.9,4.04,-66,9.50,
2026-09-21T14:34:50,1,921.44,21.96,45.17,1.476,18.04,17.6010,25.9,4.09,-64,9.50,
2026-09-21T14:34:51,1,921.28,21.95,45.17,1.477,18.17,17.5950,25.9,4.04,-63,9.50,
2026-09-21T14:34:52,1,921.40,21.97,45.17,1.474,17.91,17.5920,25.9,4.09,-61,9.50,
2026-09-21T14:34:53,1,921.49,21.96,45.20,1.478,18.24,17.5960,25.9,4.04,-59,10.00,4
2026-09-21T14:35:01,1,938.09,21.95,45.17,1.473,17.85,17.5850,25.9,4.09,-62,9.75,
2026-09-21T14:35:02,1,921.39,21.96,45.20,1.479,18.30,17.5840,25.9,4.03,-58,9.75,
2026-09-21T14:35:03,1,921.37,21.96,45.17,1.478,18.24,17.5840,25.9,4.09,-61,9.50,
2026-09-21T14:35:04,1,921.31,21.96,45.18,1.479,18.30,17.5820,25.9,4.03,-58,9.75,
2026-09-21T14:35:05,1,921.32,21.96,45.16,1.476,18.04,17.5810,25.9,4.07,-54,9.25,
2026-09-21T14:35:06,1,921.39,21.96,45.19,1.479,18.30,17.5840,25.9,4.08,-54,9.75,
2026-09-21T14:35:08,1,921.35,21.94,45.17,1.476,18.11,17.5900,25.9,4.05,-54,9.50,
2026-09-21T14:35:09,1,922.81,21.95,45.18,1.480,18.36,17.5970,25.9,4.08,-54,9.25,
2026-09-21T14:35:10,1,952.40,21.98,45.29,1.478,18.24,17.6010,25.9,4.05,-54,9.75,
2026-09-21T14:35:11,1,957.19,22.00,45.64,1.474,17.91,17.6000,25.9,4.09,-54,9.25,
2026-09-21T14:35:12,1,970.91,22.03,46.02,1.479,18.30,17.6050,25.9,4.05,-53,9.50,
2026-09-21T14:35:13,1,969.29,22.04,46.36,1.476,18.04,17.6000,25.9,4.09,-57,9.75,
2026-09-21T14:35:14,1,968.23,22.03,46.59,1.480,18.43,17.6380,25.9,4.04,-56,9.25,
2026-09-21T14:35:15,1,967.61,22.02,46.69,1.476,18.11,17.6750,25.9,4.08,-56,9.50,
2026-09-21T14:35:17,1,967.12,22.04,46.81,1.480,18.43,17.7330,25.9,4.04,-56,9.50,
2026-09-21T14:35:18,1,966.87,22.02,46.82,1.480,18.36,17.7840,25.9,4.09,-58,9.25,
2026-09-21T14:35:19,1,966.51,22.03,46.86,1.483,18.62,17.8670,25.9,4.04,-56,9.75,
2026-09-21T14:35:20,1,966.43,22.00,46.88,1.480,18.43,17.8990,25.9,4.09,-56,9.50,
2026-09-21T14:35:21,1,966.13,22.01,46.87,1.482,18.56,17.9270,25.9,4.05,-59,9.75,5
2026-09-21T14:35:22,1,966.03,22.03,46.90,1.482,18.56,17.9560,25.9,4.09,-59,9.50,
2026-09-21T14:35:23,1,965.86,22.04,46.86,1.485,18.82,17.9810,25.9,4.04,-60,9.50,
2026-09-21T14:35:24,1,965.80,22.01,46.84,1.482,18.56,18.0120,25.9,4.09,-59,9.75,
2026-09-21T14:35:25,1,965.64,22.04,46.86,1.485,18.82,18.0370,25.9,4.05,-60,9.75,
2026-09-21T14:35:27,1,965.60,22.03,46.87,1.481,18.49,18.0620,25.9,4.08,-60,9.50,
2026-09-21T14:35:28,1,965.54,22.03,46.82,1.487,18.95,18.0960,25.9,4.04,-60,9.75,
2026-09-21T14:35:29,1,965.39,22.03,46.85,1.480,18.43,18.1210,25.9,4.09,-59,9.25,
2026-09-21T14:35:30,1,965.31,22.03,46.86,1.485,18.82,18.1420,25.9,4.04,-58,9.25,
2026-09-21T14:35:31,1,965.28,22.02,46.80,1.482,18.56,18.1720,25.9,4.09,-56,9.25,
2026-09-21T14:35:32,1,965.25,22.02,46.81,1.487,18.95,18.1950,25.9,4.04,-60,9.50,
2026-09-21T14:35:33,1,965.25,22.01,46.83,1.484,18.69,18.2180,25.9,4.09,-63,9.50,
2026-09-21T14:35:34,1,965.01,22.01,46.80,1.483,18.62,18.2010,25.9,4.03,-58,9.50,
2026-09-21T14:35:36,1,965.13,22.03,46.81,1.488,19.07,18.1950,25.9,4.08,-60,9.00,
2026-09-21T14:35:37,1,965.10,22.03,46.82,1.483,18.62,18.1250,25.9,4.06,-59,9.25,
2026-09-21T14:35:38,1,964.97,22.03,46.82,1.481,18.49,18.1040,25.9,4.05,-52,4.75,
2026-09-21T14:35:39,1,965.02,22.01,46.79,1.487,18.95,18.0880,25.9,4.08,-51,3.75,
2026-09-21T14:35:40,1,964.93,22.03,46.76,1.481,18.49,18.0770,25.9,4.04,-49,3.75,
2026-09-21T14:35:46,1,964.96,22.03,46.81,1.480,18.36,18.0460,25.9,4.09,-53,9.50,
2026-09-21T14:35:47,1,964.91,22.03,46.79,1.482,18.56,18.0440,25.9,4.05,-54,9.75,
2026-09-21T14:35:48,1,964.90,22.03,46.80,1.480,18.43,18.0420,25.9,4.08,-54,9.50,
2026-09-21T14:35:49,1,964.95,22.01,46.77,1.485,18.82,18.0370,25.9,4.04,-54,9.25,
2026-09-21T14:35:50,1,964.76,22.04,46.77,1.480,18.43,18.0330,25.9,4.08,-53,9.25,
2026-09-21T14:35:51,1,964.82,22.03,46.74,1.483,18.62,18.0250,25.9,4.04,-54,9.75,
2026-09-21T14:35:52,1,964.92,22.02,46.78,1.484,18.69,18.0170,25.9,4.08,-54,9.50,
2026-09-21T14:35:54,1,964.87,22.00,46.74,1.484,18.75,18.0120,25.9,4.05,-54,9.50,
2026-09-21T14:35:55,1,964.81,22.00,46.76,1.480,18.36,18.0110,25.9,4.08,-50,9.50,
2026-09-21T14:35:56,1,964.73,22.03,46.72,1.484,18.69,18.0080,25.9,4.04,-54,9.50,
2026-09-21T14:35:57,1,964.76,22.02,46.75,1.481,18.49,18.0110,25.9,4.09,-54,9.50,
2026-09-21T14:35:58,1,964.79,22.02,46.75,1.486,18.88,18.0110,25.9,4.04,-54,9.50,
2026-09-21T14:35:59,1,964.80,22.03,46.71,1.480,18.43,18.0080,25.9,4.08,-53,9.25,
2026-09-21T14:36:00,1,964.69,22.02,46.75,1.485,18.82,18.0050,25.9,4.03,-56,9.75,
2026-09-21T14:36:01,1,964.77,22.01,46.73,1.482,18.56,18.0060,25.9,4.09,-57,9.75,
2026-09-21T14:36:02,1,964.72,22.04,46.73,1.484,18.69,18.0060,25.9,4.04,-57,9.50,
2026-09-21T14:36:04,1,964.79,22.00,46.77,1.480,18.43,18.0080,25.9,4.09,-57,9.75,
2026-09-21T14:36:05,1,964.90,22.01,46.75,1.485,18.82,18.0190,25.9,4.03,-55,10.00,
2026-09-21T14:36:06,1,964.75,22.01,46.74,1.480,18.36,18.0130,25.9,4.08,-57,10.00,
2026-09-21T14:36:07,1,964.79,22.00,46.78,1.485,18.82,18.0180,25.9,4.03,-57,9.75,
2026-09-21T14:36:08,1,964.72,22.01,46.74,1.480,18.43,18.0210,25.9,4.09,-57,10.00,
2026-09-21T14:36:09,1,964.75,22.01,46.74,1.484,18.75,18.0210,25.9,4.09,-58,9.25,
2026-09-21T14:36:10,1,964.71,22.01,46.75,1.481,18.49,18.0180,25.9,4.04,-59,9.25,
2026-09-21T14:36:11,1,964.81,22.00,46.74,1.486,18.88,18.0160,25.9,4.08,-55,9.50,
2026-09-21T14:36:13,1,964.67,22.03,46.73,1.480,18.43,18.0240,25.9,4.04,-56,9.50,
2026-09-21T14:36:15,1,964.64,22.02,46.71,1.482,18.56,18.0320,25.9,4.04,-54,9.50,
2026-09-21T14:36:16,1,964.76,22.00,46.70,1.480,18.43,18.0260,25.9,4.09,-56,9.75,
2026-09-21T14:36:18,1,964.68,22.02,46.72,1.479,18.30,18.0290,25.9,4.09,-59,9.75,
2026-09-21T14:36:19,1,964.59,21.99,46.71,1.483,18.62,18.0300,25.9,4.05,-58,9.75,
2026-09-21T14:36:20,1,964.67,22.02,46.70,1.479,18.30,18.0360,25.9,4.08,-56,9.00,
2026-09-21T14:36:22,1,964.70,22.00,46.71,1.483,18.62,18.0320,25.9,4.05,-49,3.75,
2026-09-21T14:36:23,1,964.66,22.01,46.67,1.484,18.75,18.0310,25.9,4.09,-47,8.00,
2026-09-21T14:36:24,1,964.69,22.01,46.69,1.484,18.75,18.0260,25.9,4.04,-47,5.25,
2026-09-21T14:36:25,1,964.71,22.02,46.75,1.480,18.36,18.0220,25.9,4.08,-51,9.75,
2026-09-21T14:36:29,1,964.61,22.00,46.71,1.482,18.56,18.0140,25.9,4.08,-54,9.25,
2026-09-21T14:36:30,1,964.68,22.02,46.75,1.482,18.56,18.0220,25.9,4.04,-53,9.50,
2026-09-21T14:36:32,1,964.74,22.01,46.70,1.485,18.82,18.0280,25.9,4.09,-55,9.50,
2026-09-21T14:36:33,1,964.65,22.02,46.72,1.484,18.75,18.0270,25.9,4.03,-54,9.50,
2026-09-21T14:36:34,1,964.57,22.00,46.74,1.478,18.24,18.0250,25.9,4.09,-53,9.25,
2026-09-21T14:36:35,1,964.56,21.99,46.70,1.484,18.75,18.0280,25.9,4.04,-50,9.50,
2026-09-21T14:36:36,1,964.61,21.99,46.72,1.484,18.69,18.0270,25.9,4.08,-55,9.00,
2026-09-21T14:36:37,1,964.61,22.00,46.73,1.484,18.69,18.0280,25.9,4.03,-55,9.50,
2026-09-21T14:36:38,1,964.61,21.99,46.71,1.480,18.36,18.0250,25.9,4.09,-54,9.75,
2026-09-21T14:36:39,1,964.64,22.01,46.70,1.484,18.75,18.0260,25.9,4.03,-54,9.75,
2026-09-21T14:36:41,1,964.62,22.02,46.73,1.479,18.30,18.0270,25.9,4.05,-55,10.00,
2026-09-21T14:36:42,1,964.59,22.01,46.71,1.482,18.56,18.0330,25.9,4.08,-54,9.50,
2026-09-21T14:36:43,1,964.65,22.00,46.72,1.481,18.49,18.0350,25.9,4.05,-54,9.50,
2026-09-21T14:36:44,1,964.61,22.01,46.71,1.479,18.30,18.0270,25.9,4.08,-54,9.50,
2026-09-21T14:36:45,1,964.57,22.01,46.73,1.492,19.33,18.0250,25.9,4.04,-54,9.25,
2026-09-21T14:36:46,1,964.71,21.98,46.70,1.479,18.30,18.0220,25.9,4.08,-53,9.25,
2026-09-21T14:36:47,1,964.54,22.00,46.73,1.484,18.75,18.0200,25.9,4.05,-53,9.25,
2026-09-21T14:36:48,1,964.51,21.99,46.70,1.480,18.43,18.0220,25.9,4.08,-53,9.25,
2026-09-21T14:36:50,1,964.57,22.02,46.69,1.483,18.62,18.0290,25.9,4.04,-55,9.50,
2026-09-21T14:36:51,1,964.61,21.99,46.69,1.481,18.49,18.0250,25.9,4.08,-55,9.50,
2026-09-21T14:36:52,1,964.55,22.02,46.73,1.484,18.69,18.0200,25.9,4.04,-55,9.25,
2026-09-21T14:36:53,1,964.56,22.02,46.69,1.480,18.36,18.0200,25.9,4.08,-55,9.50,
2026-09-21T14:36:54,1,964.55,21.99,46.70,1.483,18.62,18.0190,25.9,4.04,-55,9.50,
2026-09-21T14:36:55,1,964.50,22.00,46.72,1.481,18.49,18.0130,25.9,4.09,-53,9.75,
2026-09-21T14:36:56,1,964.56,22.02,46.72,1.484,18.69,18.0170,25.9,4.04,-55,9.75,
2026-09-21T14:36:57,1,964.52,22.00,46.73,1.480,18.43,18.0150,25.9,4.09,-55,9.50,
2026-09-21T14:36:59,1,964.60,22.00,46.69,1.485,18.82,18.0120,25.9,4.04,-55,9.50,
2026-09-21T14:37:00,1,964.57,22.01,46.73,1.485,18.82,18.0080,25.9,4.08,-54,9.50,
2026-09-21T14:37:01,1,964.56,22.01,46.70,1.483,18.62,18.0060,25.9,4.04,-54,9.25,
2026-09-21T14:37:02,1,964.58,22.03,46.72,1.483,18.62,18.0080,25.9,4.08,-54,9.25,
2026-09-21T14:37:03,1,964.52,21.99,46.67,1.483,18.62,18.0080,25.9,4.03,-54,9.50,
2026-09-21T14:37:04,1,964.67,22.01,46.70,1.481,18.49,18.0140,25.9,4.08,-55,9.75,
2026-09-21T14:37:05,1,964.59,22.02,46.71,1.484,18.75,18.0250,25.9,4.04,-49,6.25,
2026-09-21T14:37:06,1,964.49,22.01,46.70,1.480,18.43,18.0240,25.9,4.08,-49,1.25,
2026-09-21T14:37:07,1,964.50,22.00,46.73,1.484,18.75,18.0290,25.9,4.03,-48,1.00,
2026-09-21T14:37:09,1,964.65,22.02,46.72,1.480,18.36,18.0290,25.9,4.09,-54,3.00,
2026-09-21T14:37:13,1,981.86,22.01,46.73,1.480,18.36,18.0270,25.9,4.04,-55,9.75,
2026-09-21T14:37:14,1,964.58,22.00,46.72,1.483,18.62,18.0230,25.9,4.08,-55,9.50,
2026-09-21T14:37:15,1,964.62,21.99,46.72,1.482,18.56,18.0270,25.9,4.05,-53,9.50,
2026-09-21T14:37:16,1,964.60,22.00,46.72,1.480,18.36,18.0280,25.9,4.08,-55,9.50,
2026-09-21T14:37:18,1,964.59,21.97,46.68,1.485,18.82,18.0270,25.9,4.04,-55,9.50,
2026-09-21T14:37:19,1,964.64,22.00,46.71,1.480,18.43,18.0290,25.9,4.08,-54,9.75,
2026-09-21T14:37:20,1,964.46,21.99,46.72,1.486,18.88,18.0280,25.9,4.04,-54,9.50,
2026-09-21T14:37:21,1,964.57,22.00,46.70,1.483,18.62,18.0260,25.9,4.09,-54,9.50,
2026-09-21T14:37:22,1,964.52,22.00,46.69,1.481,18.49,18.0230,25.9,4.04,-55,9.25,
2026-09-21T14:37:23,1,964.51,21.99,46.70,1.482,18.56,18.0250,25.9,4.09,-55,9.75,
2026-09-21T14:37:24,1,964.49,22.00,46.68,1.485,18.82,18.0190,25.9,4.04,-55,9.75,
2026-09-21T14:37:25,1,964.39,22.00,46.68,1.479,18.30,18.0120,25.9,4.08,-52,9.50,
2026-09-21T14:37:27,1,964.46,22.00,46.71,1.484,18.69,18.0110,25.9,4.04,-53,9.50,
2026-09-21T14:37:28,1,964.52,22.01,46.71,1.480,18.36,18.0080,25.9,4.08,-53,9.25,
2026-09-21T14:37:29,1,964.48,21.98,46.70,1.475,17.98,18.0070,25.9,4.04,-53,9.25,
2026-09-21T14:37:30,1,964.49,22.01,46.70,1.486,18.88,18.0060,25.9,4.08,-54,9.25,
2026-09-21T14:37:31,1,964.60,21.99,46.71,1.481,18.49,18.0080,25.9,4.04,-53,9.00,
2026-09-21T14:37:32,1,964.64,22.00,46.68,1.480,18.36,18.0040,25.9,4.08,-53,9.00,
2026-09-21T14:37:33,1,964.48,22.00,46.69,1.483,18.62,18.0010,25.9,4.04,-54,9.00,
2026-09-21T14:37:34,1,964.42,21.99,46.69,1.480,18.43,17.9990,25.9,4.09,-53,9.25,
2026-09-21T14:37:37,1,964.56,21.99,46.70,1.477,18.17,17.9950,25.9,4.09,-53,9.00,
2026-09-21T14:37:38,1,964.49,21.99,46.71,1.485,18.82,17.9920,25.9,4.03,-53,9.00,
2026-09-21T14:37:39,1,964.56,21.99,46.69,1.488,19.07,17.9930,25.9,4.04,-53,9.50,
2026-09-21T14:37:40,1,964.45,21.99,46.67,1.484,18.75,17.9930,25.9,4.09,-53,9.25,
2026-09-21T14:37:41,1,964.51,22.00,46.71,1.480,18.36,17.9940,25.9,4.05,-53,9.25,
2026-09-21T14:37:42,1,964.55,22.00,46.71,1.484,18.69,17.9940,25.9,4.09,-53,9.25,
2026-09-21T14:37:43,1,964.59,21.99,46.70,1.484,18.69,17.9940,25.9,4.04,-53,9.00,
2026-09-21T14:37:44,1,964.68,21.97,46.69,1.481,18.49,18.0010,25.9,4.09,-53,9.00,
2026-09-21T14:37:46,1,964.54,21.99,46.73,1.484,18.69,17.9990,25.9,4.05,-52,9.50,
2026-09-21T14:37:47,1,964.59,22.00,46.71,1.478,18.24,18.0020,25.9,4.09,-53,12.00,
2026-09-21T14:37:48,1,964.45,21.99,46.69,1.483,18.62,17.9970,25.9,4.04,-55,9.50,
2026-09-21T14:37:49,1,964.48,21.99,46.70,1.480,18.43,17.9980,25.9,4.08,-52,9.50,
2026-09-21T14:37:50,1,964.48,21.98,46.67,1.484,18.69,18.0000,25.9,4.04,-47,1.75,
2026-09-21T14:37:51,1,964.51,21.97,46.69,1.480,18.43,18.0050,25.9,4.08,-49,2.50,
2026-09-21T14:37:52,1,964.46,21.99,46.68,1.484,18.75,18.0050,25.9,4.04,-49,2.75,
2026-09-21T14:37:58,1,964.58,21.97,46.68,1.480,18.43,18.0150,25.9,4.09,-55,9.25,
2026-09-21T14:37:59,1,964.40,21.99,46.71,1.482,18.56,18.0110,25.9,4.04,-52,9.25,
2026-09-21T14:38:00,1,964.56,22.00,46.66,1.480,18.43,18.0140,25.9,4.09,-54,9.75,
2026-09-21T14:38:01,1,964.41,21.99,46.70,1.484,18.69,18.0080,25.9,4.04,-54,9.50,
2026-09-21T14:38:02,1,964.51,21.98,46.72,1.483,18.62,18.0130,25.9,4.09,-57,10.00,
2026-09-21T14:38:04,1,964.44,21.98,46.73,1.484,18.75,18.0100,25.9,4.03,-57,9.50,
2026-09-21T14:38:05,1,964.47,21.98,46.68,1.480,18.43,18.0110,25.9,4.08,-58,9.50,
2026-09-21T14:38:06,1,964.56,21.97,46.69,1.484,18.69,18.0150,25.9,4.03,-58,9.75,
2026-09-21T14:38:07,1,964.48,21.99,46.68,1.481,18.49,18.0180,25.9,4.08,-59,9.50,
2026-09-21T14:38:08,1,964.54,21.98,46.68,1.485,18.82,18.0160,25.9,4.08,-60,9.50,
2026-09-21T14:38:09,1,964.51,22.00,46.67,1.479,18.30,18.0150,25.9,4.05,-58,9.75,
2026-09-21T14:38:10,1,964.36,21.98,46.67,1.482,18.56,18.0140,25.9,4.09,-57,9.75,
2026-09-21T14:38:11,1,964.63,21.97,46.69,1.485,18.82,18.0070,25.9,4.04,-57,9.75,
2026-09-21T14:38:12,1,964.42,21.99,46.69,1.483,18.62,18.0100,25.9,4.09,-56,9.50,
2026-09-21T14:38:14,1,964.36,21.99,46.69,1.482,18.56,18.0070,25.9,4.05,-53,9.25,
2026-09-21T14:38:15,1,964.58,21.99,46.73,1.482,18.56,18.0040,25.9,4.08,-53,9.25,
2026-09-21T14:38:16,1,964.42,21.98,46.63,1.483,18.62,18.0020,25.9,4.04,-53,9.25,
2026-09-21T14:38:17,1,964.48,21.98,46.70,1.485,18.82,18.0020,25.9,4.09,-55,9.50,
2026-09-21T14:38:18,1,964.45,21.98,46.68,1.483,18.62,18.0030,25.9,4.04,-54,9.50,
2026-09-21T14:38:19,1,964.52,21.98,46.67,1.480,18.43,18.0040,25.9,4.08,-53,9.50,
2026-09-21T14:38:20,1,964.43,21.98,46.71,1.483,18.62,17.9980,25.9,4.04,-54,9.50,
2026-09-21T14:38:21,1,964.45,21.99,46.72,1.482,18.56,18.0030,25.9,4.08,-54,9.50,
2026-09-21T14:38:23,1,964.40,21.99,46.69,1.484,18.69,18.0010,25.9,4.03,-54,9.50,
2026-09-21T14:38:24,1,964.57,21.98,46.68,1.479,18.30,17.9980,25.9,4.08,-53,9.25,
2026-09-21T14:38:25,1,964.47,21.96,46.69,1.483,18.62,17.9960,25.9,4.04,-54,9.25,
2026-09-21T14:38:26,1,964.51,21.98,46.65,1.480,18.36,17.9970,25.9,4.07,-56,9.50,
2026-09-21T14:38:27,1,964.42,21.97,46.69,1.485,18.82,18.0000,25.9,4.04,-56,9.50,
2026-09-21T14:38:28,1,964.47,21.98,46.66,1.481,18.49,18.0000,25.9,4.09,-54,9.50,
2026-09-21T14:38:29,1,964.40,21.98,46.68,1.484,18.69,18.0010,25.9,4.04,-54,9.50,
2026-09-21T14:38:30,1,964.51,21.99,46.67,1.480,18.43,17.9990,25.9,4.08,-54,9.50,
2026-09-21T14:38:32,1,964.41,21.96,46.65,1.484,18.69,18.0030,25.9,4.03,-54,9.75,
2026-09-21T14:38:33,1,964.39,21.97,46.69,1.492,19.33,18.0050,25.9,4.08,-54,9.25,
2026-09-21T14:38:34,1,964.55,21.98,46.68,1.484,18.69,18.0100,25.9,4.03,-48,3.75,
2026-09-21T14:38:35,1,964.46,21.99,46.69,1.478,18.24,18.0090,25.9,4.09,-47,3.75,
2026-09-21T14:38:36,1,964.48,22.00,46.69,1.484,18.75,18.0070,25.9,4.07,-47,3.50,
2026-09-21T14:38:42,1,964.41,21.99,46.67,1.484,18.75,18.0250,25.9,4.04,-53,10.00,
2026-09-21T14:38:43,1,964.47,21.97,46.65,1.480,18.43,18.0250,25.9,4.08,-54,9.50,
2026-09-21T14:38:44,1,964.39,21.98,46.66,1.484,18.75,18.0260,25.9,4.04,-54,9.25,
2026-09-21T14:38:45,1,964.49,22.00,46.67,1.482,18.56,18.0260,25.9,4.09,-53,9.75,
2026-09-21T14:38:46,1,964.54,21.97,46.66,1.482,18.56,18.0250,25.9,4.04,-54,9.50,
2026-09-21T14:38:47,1,964.39,21.99,46.64,1.479,18.30,18.0180,25.9,4.08,-53,9.00,
2026-09-21T14:38:48,1,964.51,21.97,46.64,1.484,18.69,18.0220,25.9,4.04,-53,9.50,
2026-09-21T14:38:49,1,964.50,21.96,46.67,1.484,18.75,18.0280,25.9,4.08,-53,9.50,
2026-09-21T14:38:51,1,964.49,21.97,46.68,1.484,18.75,18.0300,25.9,4.04,-56,9.75,
2026-09-21T14:38:52,1,964.40,21.96,46.67,1.480,18.43,18.0320,25.9,4.08,-54,9.25,
2026-09-21T14:38:53,1,964.45,21.97,46.65,1.484,18.75,18.0210,25.9,4.04,-54,9.50,
2026-09-21T14:38:54,1,964.40,21.96,46.65,1.482,18.56,18.0280,25.9,4.09,-54,9.50,
2026-09-21T14:38:55,1,964.32,21.97,46.71,1.483,18.62,18.0300,25.9,4.04,-54,9.50,
2026-09-21T14:38:56,1,964.35,21.96,46.70,1.482,18.56,18.0300,25.9,4.08,-53,9.75,
2026-09-21T14:38:57,1,964.45,21.99,46.69,1.485,18.82,18.0270,25.9,4.04,-54,9.50,
2026-09-21T14:38:58,1,964.35,21.96,46.66,1.482,18.56,18.0210,25.9,4.08,-56,9.75,
2026-09-21T14:39:00,1,964.43,21.96,46.67,1.485,18.82,18.0190,25.9,4.04,-55,9.50,
2026-09-21T14:39:01,1,964.43,21.95,46.70,1.480,18.43,18.0210,25.9,4.08,-55,9.25,
2026-09-21T14:39:02,1,964.43,21.98,46.67,1.480,18.43,18.0090,25.9,4.03,-55,12.25,
2026-09-21T14:39:03,1,964.59,21.98,46.66,1.481,18.49,18.0080,25.9,4.08,-54,9.75,
2026-09-21T14:39:04,1,964.41,21.97,46.66,1.482,18.56,18.0040,25.9,4.03,-55,10.25,
2026-09-21T14:39:05,1,964.42,21.97,46.62,1.480,18.36,18.0030,25.9,4.08,-53,9.25,
2026-09-21T14:39:06,1,964.54,21.96,46.65,1.484,18.75,18.0020,25.9,4.05,-54,9.75,
2026-09-21T14:39:07,1,964.53,21.96,46.65,1.479,18.30,18.0090,25.9,4.05,-54,9.50,
2026-09-21T14:39:09,1,964.35,21.97,46.66,1.485,18.82,18.0070,25.9,4.09,-54,9.75,
2026-09-21T14:39:10,1,964.34,21.96,46.64,1.481,18.49,18.0090,25.9,4.04,-53,9.50,
2026-09-21T14:39:11,1,964.33,21.98,46.66,1.478,18.24,18.0030,25.9,4.09,-53,9.50,
2026-09-21T14:39:12,1,964.32,21.99,46.66,1.485,18.82,18.0070,25.9,4.04,-54,9.25,
2026-09-21T14:39:13,1,964.48,21.98,46.69,1.484,18.69,18.0050,25.9,4.08,-54,10.00,
2026-09-21T14:39:14,1,964.43,21.98,46.65,1.487,18.95,18.0030,25.9,4.04,-54,9.50,
2026-09-21T14:39:15,1,964.41,21.96,46.67,1.481,18.49,18.0030,25.9,4.08,-54,9.50,
2026-09-21T14:39:16,1,964.45,21.98,46.67,1.484,18.75,18.0040,25.9,4.04,-54,9.50,
2026-09-21T14:39:17,1,964.41,21.97,46.68,1.480,18.36,18.0050,25.9,4.08,-47,3.50,
2026-09-21T14:39:19,1,964.52,21.99,46.66,1.481,18.49,18.0080,25.9,4.04,-47,1.75,
2026-09-21T14:39:20,1,964.37,21.96,46.65,1.479,18.30,18.0060,25.9,4.08,-47,2.25,
2026-09-21T14:39:21,1,964.39,21.96,46.66,1.483,18.62,18.0040,25.9,4.04,-54,6.25,
2026-09-21T14:39:25,1,981.93,21.97,46.66,1.484,18.75,18.0110,25.9,4.04,-55,9.75,
2026-09-21T14:39:26,1,964.56,21.96,46.66,1.480,18.43,18.0130,25.9,4.08,-56,9.75,
2026-09-21T14:39:28,1,964.37,21.98,46.65,1.483,18.62,18.0110,25.9,4.04,-55,10.50,
2026-09-21T14:39:29,1,964.44,21.98,46.65,1.482,18.56,18.0110,25.9,4.09,-54,9.75,
2026-09-21T14:39:30,1,964.37,21.96,46.67,1.484,18.69,18.0120,25.9,4.03,-55,9.75,
2026-09-21T14:39:31,1,964.46,21.97,46.65,1.483,18.62,18.0110,25.9,4.08,-55,9.50,
2026-09-21T14:39:32,1,964.50,21.95,46.66,1.484,18.69,18.0140,25.9,4.03,-53,9.50,
2026-09-21T14:39:34,1,964.33,21.96,46.68,1.486,18.88,18.0130,25.9,4.03,-53,9.50,
2026-09-21T14:39:35,1,964.29,21.98,46.68,1.479,18.30,18.0070,25.9,4.05,-54,9.50,
2026-09-21T14:39:37,1,964.42,21.98,46.68,1.483,18.62,18.0030,25.9,4.08,-54,9.75,
2026-09-21T14:39:38,1,964.48,21.97,46.65,1.480,18.43,18.0050,25.9,4.05,-54,9.50,
2026-09-21T14:39:39,1,964.42,21.96,46.68,1.482,18.56,18.0010,25.9,4.09,-53,9.25,
2026-09-21T14:39:40,1,964.31,21.95,46.67,1.482,18.56,18.0080,25.9,4.05,-54,9.50,
2026-09-21T14:39:41,1,964.36,21.98,46.66,1.480,18.43,18.0060,25.9,4.08,-54,9.50,
2026-09-21T14:39:42,1,964.36,21.98,46.66,1.484,18.75,18.0090,25.9,4.04,-53,9.50,
2026-09-21T14:39:43,1,964.40,21.97,46.65,1.478,18.24,18.0140,25.9,4.08,-53,9.25,
2026-09-21T14:39:44,1,964.34,21.96,46.66,1.484,18.75,18.0130,25.9,4.05,-54,9.50,
2026-09-21T14:39:45,1,964.53,21.96,46.66,1.484,18.69,18.0170,25.9,4.09,-54,9.75,
2026-09-21T14:39:47,1,964.35,21.97,46.65,1.485,18.82,18.0170,25.9,4.05,-54,9.50,
2026-09-21T14:39:48,1,964.33,21.96,46.67,1.481,18.49,18.0150,25.9,4.08,-54,9.50,
2026-09-21T14:39:49,1,964.38,21.95,46.63,1.483,18.62,18.0180,25.9,4.04,-54,9.75,
2026-09-21T14:39:50,1,964.46,21.96,46.66,1.484,18.69,18.0180,25.9,4.09,-54,9.50,
2026-09-21T14:39:51,1,964.39,21.95,46.65,1.494,19.53,18.0200,25.9,4.04,-55,9.50,
2026-09-21T14:39:52,1,964.40,21.97,46.65,1.480,18.36,18.0140,25.9,4.08,-55,9.50,
2026-09-21T14:39:53,1,964.45,21.95,46.63,1.484,18.69,18.0120,25.9,4.03,-56,9.50,
2026-09-21T14:39:54,1,964.35,21.95,46.69,1.480,18.43,18.0140,25.9,4.08,-56,9.75,
2026-09-21T14:39:56,1,964.28,21.96,46.65,1.484,18.69,18.0180,25.9,4.04,-56,9.50,
2026-09-21T14:39:57,1,964.37,21.96,46.64,1.480,18.43,18.0230,25.9,4.08,-56,9.50,
2026-09-21T14:39:58,1,964.39,21.96,46.65,1.484,18.69,18.0200,25.9,4.03,-57,10.25,
2026-09-21T14:39:59,1,964.35,21.96,46.62,1.480,18.43,18.0240,25.9,4.09,-56,9.75,
2026-09-21T14:40:00,1,964.38,21.96,46.68,1.485,18.82,18.0240,25.9,4.03,-55,9.50,
2026-09-21T14:40:01,1,964.46,21.98,46.65,1.481,18.49,18.0250,25.9,4.08,-48,7.25,
2026-09-21T14:40:02,1,964.37,21.96,46.60,1.484,18.69,18.0230,25.9,4.03,-49,3.25,
2026-09-21T14:40:03,1,964.39,21.95,46.64,1.481,18.49,18.0190,25.9,4.08,-48,2.50,
2026-09-21T14:40:05,1,964.35,21.96,46.67,1.485,18.82,18.0210,25.9,4.08,-48,1.75,
2026-09-21T14:40:09,1,981.93,21.96,46.64,1.481,18.49,18.0180,25.9,4.09,-55,9.75,
2026-09-21T14:40:10,1,964.37,21.95,46.62,1.482,18.56,18.0190,25.9,4.04,-55,9.50,
2026-09-21T14:40:11,1,964.39,21.95,46.64,1.480,18.43,18.0180,25.9,4.08,-55,9.50,
2026-09-21T14:40:12,1,964.32,21.96,46.66,1.482,18.56,18.0210,25.9,4.04,-55,9.25,
2026-09-21T14:40:14,1,964.42,21.97,46.65,1.479,18.30,18.0270,25.9,4.08,-55,9.25,
2026-09-21T14:40:15,1,964.35,21.95,46.66,1.480,18.36,18.0280,25.9,4.04,-55,9.75,
2026-09-21T14:40:16,1,964.34,21.96,46.66,1.484,18.69,18.0270,25.9,4.08,-54,9.50,
2026-09-21T14:40:17,1,964.35,21.95,46.67,1.480,18.43,18.0310,25.9,4.04,-54,9.50,
2026-09-21T14:40:18,1,964.26,21.96,46.62,1.480,18.36,18.0340,25.9,4.08,-55,9.25,
2026-09-21T14:40:19,1,964.38,21.93,46.63,1.484,18.69,18.0420,25.9,4.04,-54,9.25,
2026-09-21T14:40:20,1,964.30,21.95,46.63,1.480,18.43,18.0400,25.9,4.08,-58,9.50,
2026-09-21T14:40:21,1,964.24,21.95,46.65,1.483,18.62,18.0430,25.9,4.04,-57,9.75,
2026-09-21T14:40:22,1,964.38,21.96,46.66,1.481,18.49,18.0420,25.9,4.09,-59,9.00,
2026-09-21T14:40:24,1,964.38,21.97,46.63,1.483,18.62,18.0440,25.9,4.04,-59,9.25,
2026-09-21T14:40:25,1,964.34,21.95,46.64,1.480,18.36,18.0410,25.9,4.09,-61,9.75,
2026-09-21T14:40:26,1,964.32,21.95,46.63,1.484,18.69,18.0390,25.9,4.03,-62,9.75,
2026-09-21T14:40:27,1,964.31,21.95,46.68,1.483,18.62,18.0420,25.9,4.09,-63,9.50,
2026-09-21T14:40:28,1,964.39,21.95,46.63,1.484,18.69,18.0460,25.9,4.03,-61,9.50,
2026-09-21T14:40:29,1,964.26,21.95,46.65,1.480,18.43,18.0470,25.9,4.09,-59,9.75,
2026-09-21T14:40:30,1,964.34,21.97,46.66,1.483,18.62,18.0470,25.9,4.02,-60,9.50,
2026-09-21T14:40:31,1,964.44,21.98,46.65,1.480,18.43,18.0500,25.9,4.09,-59,9.50,
2026-09-21T14:40:33,1,964.35,21.94,46.64,1.484,18.69,18.0480,25.9,4.08,-55,9.25,
2026-09-21T14:40:34,1,964.33,21.96,46.66,1.480,18.36,18.0390,25.9,4.04,-58,9.50,
2026-09-21T14:40:35,1,964.29,21.93,46.64,1.484,18.75,18.0400,25.9,4.08,-57,9.50,
2026-09-21T14:40:36,1,964.31,21.96,46.63,1.488,19.01,18.0370,25.9,4.04,-58,9.50,
2026-09-21T14:40:37,1,964.43,21.94,46.65,1.480,18.43,18.0340,25.9,4.08,-60,9.75,
2026-09-21T14:40:38,1,964.34,21.94,46.65,1.482,18.56,18.0350,25.9,4.04,-58,9.25,
2026-09-21T14:40:39,1,964.39,21.95,46.66,1.480,18.43,18.0290,25.9,4.08,-59,9.50,
2026-09-21T14:40:40,1,964.31,21.95,46.63,1.483,18.62,18.0260,25.9,4.03,-59,9.50,
2026-09-21T14:40:42,1,964.33,21.95,46.66,1.480,18.36,18.0270,25.9,4.08,-58,9.25,
2026-09-21T14:40:43,1,964.25,21.95,46.62,1.483,18.62,18.0310,25.9,4.05,-59,9.50,
2026-09-21T14:40:44,1,964.35,21.94,46.65,1.480,18.43,18.0360,25.9,4.09,-58,9.50,
2026-09-21T14:40:45,1,964.23,21.94,46.63,1.488,19.07,18.0360,25.9,4.04,-58,9.00,
2026-09-21T14:40:46,1,964.36,21.98,46.62,1.480,18.36,18.0370,25.9,4.08,-48,1.75,
2026-09-21T14:40:47,1,964.25,21.94,46.61,1.488,19.07,18.0380,25.9,4.04,-47,-1.00,
2026-09-21T14:40:48,1,964.26,21.95,46.63,1.485,18.82,18.0410,25.9,4.08,-47,1.00,
2026-09-21T14:40:54,1,964.31,21.94,46.61,1.483,18.62,18.0400,25.9,4.04,-53,9.50,
2026-09-21T14:40:55,1,964.30,21.95,46.63,1.480,18.36,18.0390,25.9,4.08,-54,9.75,
2026-09-21T14:40:56,1,964.21,21.95,46.64,1.484,18.69,18.0390,25.9,4.04,-53,9.25,
2026-09-21T14:40:57,1,964.25,21.94,46.63,1.480,18.36,18.0380,25.9,4.08,-53,9.25,
2026-09-21T14:40:58,1,964.24,21.94,46.61,1.482,18.56,18.0360,25.9,4.03,-53,9.50,
2026-09-21T14:41:01,1,964.33,21.94,46.65,1.484,18.69,18.0370,25.9,4.09,-53,9.50,
2026-09-21T14:41:02,1,964.29,21.96,46.65,1.481,18.49,18.0330,25.9,4.04,-53,9.00,
2026-09-21T14:41:03,1,964.25,21.96,46.66,1.484,18.75,18.0260,25.9,4.09,-53,9.25,
2026-09-21T14:41:04,1,964.35,21.95,46.63,1.484,18.75,18.0280,25.9,4.04,-53,9.00,
2026-09-21T14:41:05,1,964.41,21.96,46.65,1.480,18.36,18.0270,25.9,4.09,-53,9.25,
2026-09-21T14:41:06,1,964.30,21.95,46.62,1.483,18.62,18.0250,25.9,4.05,-53,9.25,
2026-09-21T14:41:07,1,964.30,21.93,46.61,1.480,18.43,18.0180,25.9,4.08,-53,9.50,
2026-09-21T14:41:08,1,964.29,21.96,46.64,1.483,18.62,18.0140,25.9,4.05,-52,9.50,
2026-09-21T14:41:10,1,964.29,21.96,46.64,1.479,18.30,18.0140,25.9,4.09,-54,9.50,
2026-09-21T14:41:11,1,964.26,21.96,46.63,1.484,18.69,18.0130,25.9,4.04,-54,9.75,
2026-09-21T14:41:12,1,964.37,21.95,46.65,1.480,18.43,18.0150,25.9,4.08,-53,9.25,
2026-09-21T14:41:13,1,964.30,21.96,46.64,1.484,18.75,18.0070,25.9,4.04,-54,9.25,
2026-09-21T14:41:14,1,964.34,21.94,46.62,1.479,18.30,18.0080,25.9,4.08,-54,9.50,
2026-09-21T14:41:15,1,964.46,21.98,46.61,1.483,18.62,18.0120,25.9,4.04,-54,9.50,
2026-09-21T14:41:16,1,964.34,21.96,46.63,1.481,18.49,18.0170,25.9,4.08,-54,9.75,
2026-09-21T14:41:17,1,964.36,21.96,46.63,1.481,18.49,18.0180,25.9,4.04,-54,9.50,
2026-09-21T14:41:19,1,964.39,21.95,46.62,1.480,18.43,18.0160,25.9,4.09,-54,9.50,
2026-09-21T14:41:20,1,964.29,21.95,46.61,1.483,18.62,18.0210,25.9,4.04,-54,9.00,
2026-09-21T14:41:21,1,964.27,21.93,46.64,1.482,18.56,18.0200,25.9,4.08,-54,9.50,
2026-09-21T14:41:22,1,964.38,21.94,46.60,1.484,18.75,18.0150,25.9,4.03,-54,9.25,
2026-09-21T14:41:23,1,964.32,21.96,46.65,1.480,18.36,18.0170,25.9,4.08,-54,9.50,
2026-09-21T14:41:24,1,964.30,21.95,46.59,1.482,18.56,18.0140,25.9,4.03,-54,9.75,
2026-09-21T14:41:25,1,964.29,21.95,46.65,1.492,19.40,18.0150,25.9,4.08,-54,9.25,
2026-09-21T14:41:26,1,964.35,21.95,46.62,1.485,18.82,18.0160,25.9,4.03,-54,9.75,
2026-09-21T14:41:27,1,964.30,21.96,46.65,1.481,18.49,18.0180,25.9,4.09,-54,9.75,
2026-09-21T14:41:29,1,964.32,21.95,46.62,1.486,18.88,18.0200,25.9,4.03,-54,9.75,
2026-09-21T14:41:30,1,964.23,21.95,46.65,1.479,18.30,18.0190,25.9,4.08,-47,2.50,
2026-09-21T14:41:31,1,964.31,21.93,46.60,1.492,19.33,18.0160,25.9,4.08,-46,2.75,
2026-09-21T14:41:32,1,964.40,21.94,46.64,1.482,18.56,18.0180,25.9,4.05,-47,1.25,
2026-09-21T14:41:33,1,964.31,21.93,46.64,1.484,18.69,18.0190,25.9,4.08,-54,8.00,
2026-09-21T14:41:38,1,964.43,21.94,46.61,1.480,18.43,18.0120,25.9,4.08,-54,9.50,
2026-09-21T14:41:39,1,964.28,21.95,46.61,1.483,18.62,18.0100,25.9,4.04,-54,9.75,
2026-09-21T14:41:40,1,964.31,21.94,46.64,1.480,18.36,18.0070,25.9,4.09,-53,9.75,
2026-09-21T14:41:41,1,964.30,21.93,46.64,1.486,18.88,18.0100,25.9,4.04,-54,9.25,
2026-09-21T14:41:42,1,964.26,21.93,46.62,1.481,18.49,18.0130,25.9,4.08,-54,9.25,
2026-09-21T14:41:43,1,964.23,21.96,46.63,1.483,18.62,18.0040,25.9,4.04,-55,9.75,
2026-09-21T14:41:44,1,964.29,21.95,46.66,1.480,18.43,18.0020,25.9,4.08,-55,9.25,
2026-09-21T14:41:45,1,964.26,21.91,46.59,1.484,18.69,17.9980,25.9,4.04,-56,9.25,
2026-09-21T14:41:47,1,964.31,21.93,46.63,1.481,18.49,17.9950,25.9,4.08,-59,9.75,
2026-09-21T14:41:48,1,964.25,21.93,46.63,1.483,18.62,17.9940,25.9,4.04,-58,9.75,
2026-09-21T14:41:49,1,964.43,21.92,46.63,1.480,18.43,17.9930,25.9,4.08,-56,9.25,
2026-09-21T14:41:50,1,964.20,21.92,46.65,1.480,18.43,17.9950,25.9,4.04,-54,9.50,
2026-09-21T14:41:51,1,964.27,21.95,46.66,1.480,18.36,17.9970,25.9,4.09,-55,9.75,
2026-09-21T14:41:52,1,964.24,21.95,46.62,1.481,18.49,17.9920,25.9,4.04,-55,9.25,
2026-09-21T14:41:53,1,964.36,21.93,46.64,1.480,18.43,17.9940,25.9,4.08,-55,9.75,
2026-09-21T14:41:54,1,964.28,21.93,46.62,1.483,18.62,17.9970,25.9,4.03,-55,9.75,
2026-09-21T14:41:55,1,964.34,21.95,46.63,1.480,18.36,18.0000,25.9,4.08,-55,9.50,
2026-09-21T14:41:57,1,964.23,21.93,46.61,1.484,18.69,18.0020,25.9,4.03,-53,9.75,
2026-09-21T14:41:58,1,964.29,21.94,46.61,1.478,18.24,18.0090,25.9,4.08,-55,10.00,
2026-09-21T14:41:59,1,964.35,21.94,46.62,1.484,18.69,18.0170,25.9,4.04,-55,9.50,
2026-09-21T14:42:00,1,964.28,21.94,46.59,1.478,18.24,18.0150,25.9,4.04,-54,9.75,
2026-09-21T14:42:01,1,964.32,21.93,46.61,1.480,18.43,18.0190,25.9,4.08,-54,9.50,
2026-09-21T14:42:02,1,964.28,21.94,46.59,1.483,18.62,18.0190,25.9,4.04,-54,9.25,
2026-09-21T14:42:03,1,964.35,21.92,46.62,1.478,18.24,18.0230,25.9,4.08,-54,9.25,
2026-09-21T14:42:04,1,964.28,21.93,46.60,1.486,18.88,18.0230,25.9,4.04,-55,9.50,
2026-09-21T14:42:06,1,964.27,21.93,46.62,1.480,18.36,18.0270,25.9,4.08,-55,9.75,
2026-09-21T14:42:07,1,964.28,21.94,46.63,1.484,18.75,18.0250,25.9,4.04,-56,9.50,
2026-09-21T14:42:08,1,964.21,21.93,46.63,1.479,18.30,18.0270,25.9,4.08,-55,9.50,
2026-09-21T14:42:09,1,964.35,21.93,46.64,1.484,18.75,18.0240,25.9,4.04,-54,9.25,
2026-09-21T14:42:10,1,964.25,21.93,46.62,1.484,18.75,18.0260,25.9,4.08,-54,9.75,
2026-09-21T14:42:11,1,964.35,21.95,46.61,1.475,17.98,18.0240,25.9,4.04,-54,12.25,
2026-09-21T14:42:12,1,964.27,21.93,46.62,1.482,18.56,18.0240,25.9,4.08,-54,9.75,
2026-09-21T14:42:13,1,964.25,21.94,46.63,1.483,18.62,18.0220,25.9,4.04,-47,4.75,
2026-09-21T14:42:15,1,964.33,21.92,46.61,1.478,18.24,18.0200,25.9,4.08,-48,2.00,
2026-09-21T14:42:16,1,964.36,21.96,46.63,1.488,19.01,18.0190,25.9,4.04,-47,1.50,
2026-09-21T14:42:17,1,964.48,21.94,46.62,1.484,18.69,18.0170,25.9,4.08,-54,4.50,
2026-09-21T14:42:21,1,981.79,21.95,46.62,1.480,18.43,18.0050,25.9,4.08,-54,9.75,
2026-09-21T14:42:22,1,964.26,21.93,46.62,1.486,18.88,18.0040,25.9,4.04,-55,9.50,
2026-09-21T14:42:24,1,964.31,21.93,46.62,1.476,18.11,18.0050,25.9,4.08,-54,9.50,
2026-09-21T14:42:25,1,964.31,21.93,46.62,1.485,18.82,18.0080,25.9,4.03,-54,9.50,
2026-09-21T14:42:26,1,964.22,21.94,46.61,1.484,18.75,18.0070,25.9,4.09,-54,9.50,
2026-09-21T14:42:27,1,964.27,21.94,46.63,1.484,18.75,18.0110,25.9,4.03,-54,10.00,
2026-09-21T14:42:28,1,964.30,21.94,46.60,1.481,18.49,18.0170,25.9,4.08,-54,9.75,
2026-09-21T14:42:29,1,964.23,21.93,46.61,1.484,18.75,18.0210,25.9,4.08,-54,9.75,
2026-09-21T14:42:30,1,964.28,21.94,46.62,1.478,18.24,18.0210,25.9,4.04,-55,9.75,
2026-09-21T14:42:31,1,964.30,21.92,46.63,1.487,18.95,18.0210,25.9,4.09,-55,9.50,
2026-09-21T14:42:32,1,964.33,21.95,46.61,1.482,18.56,18.0300,25.9,4.04,-54,9.75,
2026-09-21T14:42:34,1,964.34,21.92,46.62,1.481,18.49,18.0340,25.9,4.08,-54,9.50,
2026-09-21T14:42:35,1,964.30,21.94,46.60,1.484,18.69,18.0280,25.9,4.04,-54,11.75,
2026-09-21T14:42:36,1,964.29,21.93,46.63,1.480,18.43,18.0280,25.9,4.08,-55,9.75,
2026-09-21T14:42:37,1,964.20,21.94,46.62,1.484,18.69,18.0230,25.9,4.04,-54,9.50,
2026-09-21T14:42:38,1,964.36,21.91,46.61,1.481,18.49,18.0230,25.9,4.08,-54,9.50,
2026-09-21T14:42:39,1,964.36,21.94,46.64,1.482,18.56,18.0210,25.9,4.04,-55,9.25,
2026-09-21T14:42:40,1,964.28,21.95,46.59,1.480,18.43,18.0160,25.9,4.08,-54,9.50,
2026-09-21T14:42:41,1,964.31,21.93,46.64,1.484,18.69,18.0210,25.9,4.04,-54,9.75,
2026-09-21T14:42:43,1,964.28,21.93,46.64,1.481,18.49,18.0210,25.9,4.08,-55,9.25,
2026-09-21T14:42:44,1,964.20,21.94,46.60,1.484,18.75,18.0230,25.9,4.05,-55,9.50,
2026-09-21T14:42:45,1,964.16,21.95,46.64,1.481,18.49,18.0190,25.9,4.09,-55,9.75,
2026-09-21T14:42:46,1,964.24,21.92,46.63,1.484,18.69,18.0240,25.9,4.04,-54,9.50,
2026-09-21T14:42:47,1,964.31,21.95,46.63,1.480,18.43,18.0190,25.9,4.08,-54,10.25,
2026-09-21T14:42:48,1,964.34,21.95,46.63,1.483,18.62,18.0090,25.9,4.04,-55,9.25,
2026-09-21T14:42:49,1,964.21,21.92,46.63,1.480,18.43,18.0090,25.9,4.08,-55,9.50,
2026-09-21T14:42:50,1,964.27,21.92,46.61,1.483,18.62,18.0110,25.9,4.04,-55,9.75,
2026-09-21T14:42:52,1,964.32,21.94,46.61,1.481,18.49,18.0170,25.9,4.07,-55,9.25,
2026-09-21T14:42:53,1,964.29,21.93,46.62,1.484,18.75,18.0140,25.9,4.03,-54,10.00,
2026-09-21T14:42:54,1,964.28,21.95,46.64,1.481,18.49,18.0090,25.9,4.08,-55,9.75,
2026-09-21T14:42:55,1,964.23,21.92,46.63,1.484,18.69,18.0150,25.9,4.03,-55,10.00,
2026-09-21T14:42:56,1,964.29,21.93,46.63,1.482,18.56,18.0190,25.9,4.08,-54,9.50,
2026-09-21T14:42:57,1,964.25,21.92,46.62,1.483,18.62,18.0160,25.9,4.03,-48,8.00,
2026-09-21T14:42:58,1,964.33,21.94,46.61,1.482,18.56,18.0160,25.9,4.05,-47,3.00,
2026-09-21T14:42:59,1,964.23,21.94,46.59,1.484,18.75,18.0190,25.9,4.09,-48,5.25,
2026-09-21T14:43:00,1,964.23,21.92,46.64,1.480,18.43,18.0220,25.9,4.04,-47,3.75,
2026-09-21T14:43:06,1,964.29,21.92,46.61,1.473,17.85,18.0170,25.9,4.08,-54,9.50,
2026-09-21T14:43:07,1,964.16,21.93,46.62,1.485,18.82,18.0250,25.9,4.04,-53,9.75,
2026-09-21T14:43:08,1,964.27,21.93,46.63,1.480,18.43,18.0260,25.9,4.09,-54,9.50,
2026-09-21T14:43:09,1,964.23,21.92,46.63,1.486,18.88,18.0210,25.9,4.04,-54,9.50,
2026-09-21T14:43:11,1,964.22,21.92,46.63,1.480,18.36,18.0190,25.9,4.08,-53,9.50,
2026-09-21T14:43:12,1,964.25,21.92,46.63,1.484,18.69,18.0120,25.9,4.04,-54,9.50,
2026-09-21T14:43:13,1,964.34,21.92,46.60,1.479,18.30,18.0140,25.9,4.08,-54,9.50,
2026-09-21T14:43:14,1,964.35,21.93,46.63,1.482,18.56,18.0140,25.9,4.04,-54,9.75,
2026-09-21T14:43:15,1,964.32,21.92,46.63,1.480,18.43,18.0140,25.9,4.09,-54,9.50,
2026-09-21T14:43:16,1,964.25,21.94,46.59,1.484,18.75,18.0110,25.9,4.04,-54,9.50,
2026-09-21T14:43:17,1,964.19,21.92,46.60,1.479,18.30,18.0120,25.9,4.08,-54,9.50,
2026-09-21T14:43:18,1,964.25,21.92,46.59,1.484,18.69,18.0130,25.9,4.03,-54,9.50,
2026-09-21T14:43:20,1,964.28,21.91,46.58,1.480,18.36,18.0140,25.9,4.08,-53,9.50,
2026-09-21T14:43:21,1,964.28,21.92,46.60,1.485,18.82,18.0140,25.9,4.04,-53,9.00,
2026-09-21T14:43:22,1,964.37,21.94,46.62,1.480,18.36,18.0190,25.9,4.08,-54,9.50,
2026-09-21T14:43:23,1,964.32,21.94,46.59,1.484,18.69,18.0210,25.9,4.03,-54,9.75,
2026-09-21T14:43:24,1,964.32,21.94,46.62,1.480,18.36,18.0190,25.9,4.08,-53,9.50,
2026-09-21T14:43:25,1,964.30,21.92,46.60,1.483,18.62,18.0180,25.9,4.02,-54,9.50,
2026-09-21T14:43:26,1,964.30,21.92,46.62,1.481,18.49,18.0160,25.9,4.07,-54,9.50,
2026-09-21T14:43:27,1,964.34,21.93,46.62,1.486,18.88,18.0130,25.9,4.08,-54,9.25,
2026-09-21T14:43:29,1,964.20,21.91,46.62,1.480,18.43,18.0160,25.9,4.04,-54,9.25,
2026-09-21T14:43:30,1,964.29,21.91,46.63,1.484,18.75,18.0230,25.9,4.08,-54,9.50,
2026-09-21T14:43:31,1,964.20,21.92,46.63,1.480,18.43,18.0250,25.9,4.04,-54,9.75,
2026-09-21T14:43:32,1,964.28,21.92,46.62,1.480,18.43,18.0310,25.9,4.09,-54,9.75,
2026-09-21T14:43:33,1,964.17,21.92,46.61,1.483,18.62,18.0290,25.9,4.04,-54,9.50,
2026-09-21T14:43:34,1,964.25,21.93,46.61,1.481,18.49,18.0280,25.9,4.08,-54,9.75,
2026-09-21T14:43:35,1,964.21,21.93,46.60,1.483,18.62,18.0290,25.9,4.04,-54,9.25,
2026-09-21T14:43:36,1,964.27,21.94,46.61,1.481,18.49,18.0320,25.9,4.08,-54,9.75,
2026-09-21T14:43:37,1,964.40,21.93,46.61,1.487,18.95,18.0310,25.9,4.04,-54,9.25,
2026-09-21T14:43:39,1,964.29,21.92,46.62,1.483,18.62,18.0280,25.9,4.08,-54,9.50,
2026-09-21T14:43:40,1,964.30,21.91,46.64,1.484,18.75,18.0300,25.9,4.04,-54,9.75,
2026-09-21T14:43:41,1,964.25,21.93,46.61,1.480,18.36,18.0290,25.9,4.09,-54,9.50,
2026-09-21T14:43:42,1,964.31,21.92,46.61,1.483,18.62,18.0350,25.9,4.04,-48,3.00,
2026-09-21T14:43:43,1,964.29,21.96,46.62,1.480,18.43,18.0330,25.9,4.08,-48,2.75,
2026-09-21T14:43:44,1,964.20,21.91,46.61,1.484,18.75,18.0310,25.9,4.04,-48,2.50,
2026-09-21T14:43:50,1,964.21,21.92,46.64,1.479,18.30,18.0300,25.9,4.08,-53,9.50,
2026-09-21T14:43:51,1,964.24,21.93,46.62,1.483,18.62,18.0160,25.9,4.03,-53,10.00,
2026-09-21T14:43:52,1,964.29,21.93,46.61,1.481,18.49,18.0210,25.9,4.08,-54,9.50,
2026-09-21T14:43:53,1,964.24,21.92,46.62,1.484,18.69,18.0250,25.9,4.03,-54,9.75,
2026-09-21T14:43:54,1,964.25,21.92,46.62,1.479,18.30,18.0240,25.9,4.08,-53,9.00,
2026-09-21T14:43:55,1,964.32,21.92,46.63,1.486,18.88,18.0230,25.9,4.08,-54,9.50,
2026-09-21T14:43:57,1,964.23,21.91,46.59,1.481,18.49,18.0180,25.9,4.04,-54,9.25,
2026-09-21T14:43:58,1,964.29,21.93,46.62,1.486,18.88,18.0170,25.9,4.08,-52,9.50,
2026-09-21T14:43:59,1,964.19,21.91,46.61,1.484,18.75,18.0260,25.9,4.04,-54,9.50,
2026-09-21T14:44:00,1,964.25,21.91,46.65,1.480,18.43,18.0210,25.9,4.08,-53,9.25,
2026-09-21T14:44:01,1,964.18,21.91,46.63,1.487,18.95,18.0250,25.9,4.04,-54,9.75,
2026-09-21T14:44:02,1,964.22,21.92,46.62,1.484,18.75,18.0180,25.9,4.08,-54,9.75,
2026-09-21T14:44:03,1,964.32,21.92,46.60,1.485,18.82,18.0230,25.9,4.04,-54,9.50,
2026-09-21T14:44:04,1,964.24,21.91,46.61,1.484,18.75,18.0240,25.9,4.08,-59,9.50,
2026-09-21T14:44:05,1,964.21,21.93,46.62,1.482,18.56,18.0220,25.9,4.04,-56,9.25,
2026-09-21T14:44:07,1,964.25,21.91,46.62,1.479,18.30,18.0280,25.9,4.08,-58,9.25,
2026-09-21T14:44:08,1,964.25,21.92,46.60,1.480,18.43,18.0280,25.9,4.04,-57,9.50,
2026-09-21T14:44:09,1,964.20,21.95,46.62,1.480,18.36,18.0330,25.9,4.08,-56,9.75,
2026-09-21T14:44:10,1,964.21,21.93,46.62,1.480,18.43,18.0200,25.9,4.04,-57,9.50,
2026-09-21T14:44:11,1,964.11,21.92,46.60,1.480,18.43,18.0240,25.9,4.09,-57,10.25,
2026-09-21T14:44:12,1,964.26,21.92,46.60,1.484,18.69,18.0210,25.9,4.04,-57,9.50,
2026-09-21T14:44:13,1,964.22,21.90,46.62,1.478,18.24,18.0130,25.9,4.09,-57,10.00,
2026-09-21T14:44:14,1,964.24,21.92,46.62,1.483,18.62,18.0110,25.9,4.04,-57,9.50,
2026-09-21T14:44:16,1,964.22,21.94,46.60,1.480,18.36,18.0110,25.9,4.08,-61,9.50,
2026-09-21T14:44:17,1,964.25,21.91,46.62,1.484,18.69,18.0130,25.9,4.03,-57,10.00,
2026-09-21T14:44:18,1,964.16,21.92,46.61,1.480,18.36,18.0200,25.9,4.08,-57,10.00,
2026-09-21T14:44:19,1,964.21,21.92,46.63,1.483,18.62,18.0190,25.9,4.03,-56,10.00,
2026-09-21T14:44:20,1,964.13,21.93,46.61,1.481,18.49,18.0140,25.9,4.08,-56,9.75,
2026-09-21T14:44:21,1,964.15,21.91,46.58,1.483,18.62,18.0090,25.9,4.03,-57,10.50,
2026-09-21T14:44:22,1,964.22,21.91,46.65,1.490,19.20,18.0140,25.9,4.08,-57,9.75,
2026-09-21T14:44:23,1,964.26,21.91,46.60,1.489,19.14,18.0130,25.9,4.03,-59,9.50,
2026-09-21T14:44:25,1,964.19,21.92,46.63,1.482,18.56,18.0140,25.9,4.04,-60,9.50,
2026-09-21T14:44:26,1,964.28,21.91,46.60,1.488,19.01,18.0100,25.9,4.09,-48,3.25,
2026-09-21T14:44:27,1,964.15,21.91,46.61,1.480,1.00,18.0090,25.9,4.04,-49,-2.50,
2026-09-21T14:44:34,1,964.22,21.92,46.62,1.484,18.69,18.0230,25.9,4.04,-60,9.50,
2026-09-21T14:44:35,1,964.28,21.92,46.62,1.480,18.36,18.0290,25.9,4.08,-59,9.75,
2026-09-21T14:44:36,1,964.18,21.91,46.59,1.484,18.69,18.0300,25.9,4.04,-60,9.50,
2026-09-21T14:44:37,1,964.27,21.91,46.58,1.480,18.43,18.0340,25.9,4.08,-59,9.50,
2026-09-21T14:44:38,1,964.26,21.93,46.62,1.482,18.56,18.0270,25.9,4.04,-59,9.00,
2026-09-21T14:44:39,1,964.30,21.91,46.64,1.481,18.49,18.0240,25.9,4.08,-63,9.50,
2026-09-21T14:44:40,1,964.21,21.89,46.64,1.482,18.56,18.0260,25.9,4.04,-56,9.25,
2026-09-21T14:44:41,1,964.36,21.90,46.61,1.480,18.36,18.0300,25.9,4.08,-55,9.50,
2026-09-21T14:44:42,1,964.12,21.90,46.61,1.485,18.82,18.0330,25.9,4.04,-55,9.50,
2026-09-21T14:44:44,1,964.32,21.93,46.60,1.480,18.43,18.0310,25.9,4.08,-54,9.25,
2026-09-21T14:44:45,1,964.26,21.90,46.61,1.484,18.69,18.0280,25.9,4.03,-53,9.25,
2026-09-21T14:44:46,1,964.27,21.93,46.62,1.480,18.36,18.0330,25.9,4.08,-53,9.25,
2026-09-21T14:44:47,1,964.26,21.91,46.60,1.480,18.43,18.0270,25.9,4.04,-56,9.50,
2026-09-21T14:44:48,1,964.36,21.91,46.65,1.481,18.49,18.0280,25.9,4.08,-56,9.50,
2026-09-21T14:44:49,1,964.35,21.90,46.63,1.484,18.69,18.0260,25.9,4.03,-54,9.50,
2026-09-21T14:44:50,1,964.19,21.92,46.63,1.479,18.30,18.0240,25.9,4.08,-54,9.50,
2026-09-21T14:44:51,1,964.14,21.92,46.58,1.487,18.95,18.0220,25.9,4.03,-54,9.75,
2026-09-21T14:44:53,1,964.29,21.90,46.61,1.481,18.49,18.0260,25.9,4.08,-51,9.50,
2026-09-21T14:44:54,1,964.18,21.90,46.60,1.484,18.75,18.0240,25.9,4.07,-54,9.25,
2026-09-21T14:44:55,1,964.24,21.90,46.61,1.481,18.49,18.0180,25.9,4.04,-53,9.50,
2026-09-21T14:44:56,1,964.24,21.90,46.63,1.485,18.82,18.0090,25.9,4.08,-53,9.75,
2026-09-21T14:44:57,1,964.22,21.90,46.59,1.482,18.56,18.0110,25.9,4.04,-54,9.50,
2026-09-21T14:44:58,1,964.24,21.91,46.60,1.484,18.69,18.0090,25.9,4.08,-54,9.25,
2026-09-21T14:44:59,1,964.16,21.90,46.62,1.483,18.62,18.0050,25.9,4.05,-56,9.50,
2026-09-21T14:45:00,1,964.20,21.92,46.60,1.481,18.49,18.0040,25.9,4.08,-55,9.50,
2026-09-21T14:45:02,1,964.19,21.89,46.63,1.484,18.75,18.0040,25.9,4.04,-55,9.50,
2026-09-21T14:45:03,1,964.33,21.91,46.63,1.482,18.56,17.9980,25.9,4.08,-55,9.50,
2026-09-21T14:45:04,1,964.29,21.91,46.62,1.484,18.69,17.9960,25.9,4.04,-54,9.50,
2026-09-21T14:45:05,1,964.19,21.91,46.59,1.483,18.62,18.0010,25.9,4.08,-53,9.25,
2026-09-21T14:45:06,1,964.25,21.92,46.60,1.484,18.69,18.0030,25.9,4.04,-54,9.50,
2026-09-21T14:45:07,1,964.25,21.91,46.61,1.473,17.85,18.0010,25.9,4.08,-53,9.50,
2026-09-21T14:45:08,1,964.14,21.92,46.61,1.484,18.69,17.9990,25.9,4.04,-54,9.50,
2026-09-21T14:45:09,1,964.28,21.91,46.61,1.480,18.43,18.0010,25.9,4.08,-49,3.75,
2026-09-21T14:45:10,1,964.13,21.91,46.66,1.483,18.62,18.0050,25.9,4.04,-48,-1.00,
2026-09-21T14:45:12,1,964.26,21.90,46.61,0.000,18.49,18.0080,25.9,4.08,-49,-1.25,
2026-09-21T14:45:13,1,964.21,21.90,46.59,1.484,18.69,18.0050,25.9,4.04,-56,1.00,
2026-09-21T14:45:17,1,981.34,21.91,46.59,1.483,18.62,18.0140,25.9,4.03,-55,9.75,
2026-09-21T14:45:18,1,964.21,21.92,46.64,1.481,18.49,18.0190,25.9,4.08,-55,9.50,
2026-09-21T14:45:19,1,964.25,21.90,46.63,1.483,18.62,18.0190,25.9,4.03,-56,10.00,
2026-09-21T14:45:21,1,964.27,21.91,46.59,1.480,18.43,18.0200,25.9,4.08,-55,9.25,
2026-09-21T14:45:22,1,964.27,21.90,46.63,1.484,18.69,18.0180,25.9,4.03,-56,10.00,
2026-09-21T14:45:23,1,964.32,21.90,46.62,1.480,18.43,18.0230,25.9,4.08,-54,9.50,
2026-09-21T14:45:24,1,964.17,21.91,46.60,1.485,18.82,18.0230,25.9,4.08,-55,10.00,
2026-09-21T14:45:25,1,964.23,21.90,46.62,1.480,18.36,18.0230,25.9,4.04,-54,9.75,
2026-09-21T14:45:26,1,964.20,21.91,46.63,1.484,18.75,18.0250,25.9,4.08,-54,9.50,
2026-09-21T14:45:27,1,964.22,21.91,46.63,1.482,18.56,18.0270,25.9,4.04,-54,9.75,
2026-09-21T14:45:28,1,964.29,21.91,46.59,1.474,17.91,18.0300,25.9,4.08,-54,9.00,
2026-09-21T14:45:30,1,964.33,21.90,46.63,1.485,18.82,18.0270,25.9,4.04,-54,9.25,
2026-09-21T14:45:31,1,964.19,21.92,46.63,1.482,18.56,18.0270,25.9,4.08,-51,9.25,
2026-09-21T14:45:32,1,964.20,21.93,46.63,1.484,18.75,18.0310,25.9,4.04,-54,9.25,
2026-09-21T14:45:33,1,964.19,21.90,46.60,1.480,18.43,18.0360,25.9,4.08,-53,9.25,
2026-09-21T14:45:34,1,964.13,21.91,46.63,1.481,18.49,18.0400,25.9,4.04,-53,9.25,
2026-09-21T14:45:35,1,964.07,21.90,46.63,1.483,18.62,18.0470,25.9,4.08,-53,9.50,
2026-09-21T14:45:36,1,964.12,21.92,46.63,1.486,18.88,18.0430,25.9,4.04,-54,9.50,
2026-09-21T14:45:37,1,964.00,21.90,46.60,1.481,18.49,18.0410,25.9,4.08,-55,9.50,
2026-09-21T14:45:39,1,964.14,21.91,46.60,1.483,18.62,18.0370,25.9,4.04,-54,9.25,
2026-09-21T14:45:40,1,964.22,21.92,46.60,1.482,18.56,18.0380,25.9,4.08,-54,9.50,
2026-09-21T14:45:41,1,964.15,21.89,46.61,1.483,18.62,18.0380,25.9,4.04,-55,9.50,
2026-09-21T14:45:42,1,964.20,21.89,46.63,1.480,18.36,18.0360,25.9,4.08,-53,9.25,
2026-09-21T14:45:43,1,964.23,21.91,46.59,1.484,18.69,18.0360,25.9,4.04,-53,9.00,
2026-09-21T14:45:44,1,964.21,21.88,46.62,1.482,18.56,18.0350,25.9,4.08,-53,9.50,
2026-09-21T14:45:45,1,964.27,21.89,46.60,1.483,18.62,18.0290,25.9,4.03,-54,9.75,
2026-09-21T14:45:46,1,964.34,21.91,46.64,1.480,18.43,18.0300,25.9,4.08,-53,9.25,5
2026-09-21T14:45:47,1,964.32,21.91,46.61,1.485,18.82,18.0300,25.9,4.03,-53,9.25,
2026-09-21T14:45:49,1,964.31,21.88,46.60,1.478,18.24,18.0290,25.9,4.08,-58,9.50,
2026-09-21T14:45:50,1,964.19,21.89,46.63,1.484,18.75,18.0250,25.9,4.03,-53,9.25,
2026-09-21T14:45:51,1,964.20,21.91,46.62,1.481,18.49,18.0210,25.9,4.08,-53,9.25,
2026-09-21T14:45:52,1,964.26,21.90,46.60,1.485,18.82,18.0090,25.9,4.03,-54,9.50,
2026-09-21T14:45:53,1,964.20,21.90,46.62,1.480,18.43,18.0080,25.9,4.08,-47,9.25,
2026-09-21T14:45:54,1,964.22,21.90,46.62,1.487,18.95,18.0030,25.9,4.08,-49,6.25,
2026-09-21T14:45:55,1,964.20,21.89,46.61,1.484,18.69,18.0050,25.9,4.04,-48,5.75,
2026-09-21T14:45:56,1,969.03,21.91,46.62,1.483,18.62,18.0030,25.9,4.08,-48,6.50,
2026-09-21T14:46:01,1,1006.44,21.94,47.16,1.482,18.56,18.0000,25.9,4.08,-55,9.25,
2026-09-21T14:46:02,1,989.02,21.93,47.24,1.484,18.75,18.0560,25.9,4.04,-54,9.25,
2026-09-21T14:46:03,1,988.63,21.92,47.29,1.483,18.62,18.0860,25.9,4.08,-53,9.00,
2026-09-21T14:46:04,1,988.37,21.93,47.33,1.485,18.82,18.1120,25.9,4.03,-57,9.75,
2026-09-21T14:46:05,1,988.26,21.92,47.30,1.484,18.75,18.1390,25.9,4.08,-53,9.75,
2026-09-21T14:46:07,1,988.15,21.92,47.33,1.487,18.95,18.1580,25.9,4.04,-55,9.50,
2026-09-21T14:46:08,1,988.01,21.93,47.33,1.484,18.69,18.1790,25.9,4.08,-54,9.50,
2026-09-21T14:46:09,1,987.91,21.94,47.34,1.488,19.01,18.1990,25.9,4.04,-56,9.50,
2026-09-21T14:46:10,1,987.68,21.93,47.38,1.484,18.75,18.2200,25.9,4.08,-55,9.00,
2026-09-21T14:46:11,1,987.65,21.93,47.35,1.488,19.07,18.2480,25.9,4.04,-54,9.50,
2026-09-21T14:46:12,1,991.68,21.94,47.33,1.483,18.62,18.2670,25.9,4.08,-54,9.50,
2026-09-21T14:46:13,1,996.61,21.94,47.37,1.486,18.88,18.2820,25.9,4.03,-53,9.25,
2026-09-21T14:46:14,1,996.25,21.95,47.42,1.485,18.82,18.2980,25.9,4.08,-56,9.50,
2026-09-21T14:46:15,1,995.93,21.95,47.51,1.488,19.01,18.3100,25.9,4.03,-53,9.25,
2026-09-21T14:46:17,1,995.65,21.95,47.52,1.484,18.69,18.3230,25.9,4.08,-54,9.00,
2026-09-21T14:46:18,1,995.38,21.95,47.55,1.488,19.01,18.3520,25.9,4.03,-57,9.75,
2026-09-21T14:46:19,1,995.38,21.94,47.53,1.487,18.95,18.3790,25.9,4.08,-53,9.25,
2026-09-21T14:46:20,1,995.22,21.93,47.53,1.490,19.20,18.4160,25.9,4.02,-53,9.25,6
2026-09-21T14:46:21,1,995.16,21.94,47.52,1.484,18.75,18.4200,25.9,4.08,-54,9.25,
2026-09-21T14:46:22,1,995.06,21.91,47.54,1.488,19.07,18.3920,25.9,4.08,-53,9.00,
2026-09-21T14:46:23,1,994.94,21.94,47.50,1.487,18.95,18.3770,25.9,4.04,-53,9.25,
2026-09-21T14:46:24,1,995.03,21.94,47.52,1.488,19.01,18.3620,25.9,4.08,-53,9.25,
2026-09-21T14:46:26,1,994.87,21.92,47.53,1.487,18.95,18.3530,25.9,4.04,-53,9.50,
2026-09-21T14:46:27,1,994.92,21.93,47.52,1.485,18.82,18.3450,25.9,4.08,-54,9.50,
2026-09-21T14:46:28,1,994.75,21.93,47.51,1.488,19.01,18.3400,25.9,4.04,-53,9.00,
2026-09-21T14:46:29,1,994.65,21.93,47.50,1.486,18.88,18.3330,25.9,4.08,-53,9.25,
2026-09-21T14:46:30,1,994.65,21.94,47.53,1.488,19.07,18.3310,25.9,4.04,-54,9.25,
2026-09-21T14:46:31,1,994.70,21.92,47.49,1.485,18.82,18.3360,25.9,4.08,-54,9.50,
2026-09-21T14:46:32,1,994.62,21.91,47.50,1.488,19.07,18.3350,25.9,4.04,-54,9.50,
2026-09-21T14:46:33,1,994.63,21.93,47.49,1.484,18.75,18.3400,25.9,4.08,-53,9.25,
2026-09-21T14:46:35,1,994.56,21.91,47.50,1.488,19.01,18.3410,25.9,4.04,-53,9.50,
2026-09-21T14:46:36,1,994.58,21.93,47.54,1.483,18.62,18.3390,25.9,4.08,-53,9.25,
2026-09-21T14:46:37,1,994.44,21.93,47.50,1.485,18.82,18.3470,25.9,4.02,-53,9.50,
2026-09-21T14:46:38,1,994.47,21.93,47.48,1.478,18.24,18.3360,25.9,4.08,-45,1.75,
2026-09-21T14:46:39,1,994.38,21.93,47.49,1.488,19.01,18.3210,25.9,4.04,-46,1.50,
2026-09-21T14:46:40,1,994.45,21.93,47.48,1.484,18.75,18.3170,25.9,4.08,-45,1.25,
2026-09-21T14:46:46,1,994.41,21.93,47.44,1.488,19.07,18.3230,25.9,4.03,-55,9.75,
2026-09-21T14:46:47,1,994.51,21.94,47.49,1.484,18.69,18.3270,25.9,4.08,-54,9.25,
2026-09-21T14:46:48,1,994.59,21.94,47.47,1.488,19.01,18.3290,25.9,4.03,-54,9.75,
2026-09-21T14:46:49,1,994.47,21.92,47.42,1.486,18.88,18.3280,25.9,4.08,-53,9.00,
2026-09-21T14:46:50,1,994.50,21.95,47.46,1.487,18.95,18.3300,25.9,4.04,-55,10.00,
2026-09-21T14:46:51,1,994.39,21.92,47.46,1.484,18.69,18.3310,25.9,4.04,-54,9.75,
2026-09-21T14:46:52,1,994.42,21.94,47.46,1.488,19.01,18.3340,25.9,4.08,-53,9.50,
2026-09-21T14:46:54,1,994.54,21.92,47.47,1.482,18.56,18.3310,25.9,4.04,-54,9.50,
2026-09-21T14:46:55,1,994.31,21.92,47.47,1.485,18.82,18.3300,25.9,4.07,-53,9.25,
2026-09-21T14:46:56,1,994.36,21.92,47.46,1.487,18.95,18.3330,25.9,4.05,-53,9.25,
2026-09-21T14:46:57,1,994.35,21.93,47.46,1.484,18.69,18.3320,25.9,4.08,-53,9.25,
2026-09-21T14:46:58,1,994.32,21.92,47.47,1.488,19.01,18.3320,25.9,4.04,-53,11.75,
2026-09-21T14:46:59,1,994.43,21.92,47.48,1.488,19.01,18.3330,25.9,4.08,-53,9.25,
2026-09-21T14:47:00,1,994.34,21.93,47.45,1.486,18.88,18.3320,25.9,4.03,-53,9.25,
2026-09-21T14:47:01,1,994.35,21.93,47.44,1.486,18.88,18.3340,25.9,4.08,-54,9.50,
2026-09-21T14:47:03,1,994.37,21.91,47.46,1.488,19.07,18.3350,25.9,4.04,-54,9.50,
2026-09-21T14:47:04,1,994.25,21.92,47.45,1.484,18.69,18.3360,25.9,4.08,-53,9.50,
2026-09-21T14:47:05,1,994.19,21.94,47.43,1.488,19.01,18.3340,25.9,4.04,-54,9.50,
2026-09-21T14:47:06,1,994.37,21.94,47.44,1.483,18.62,18.3330,25.9,4.08,-54,9.50,
2026-09-21T14:47:07,1,994.31,21.91,47.46,1.488,19.07,18.3300,25.9,4.04,-54,9.25,
2026-09-21T14:47:08,1,994.27,21.92,47.42,1.486,18.88,18.3300,25.9,4.08,-53,9.25,
2026-09-21T14:47:09,1,994.32,21.93,47.46,1.489,19.14,18.3290,25.9,4.04,-53,9.25,
2026-09-21T14:47:10,1,994.46,21.93,47.45,1.484,18.75,18.3270,25.9,4.08,-54,9.50,
2026-09-21T14:47:12,1,994.26,21.92,47.43,1.494,19.53,18.3290,25.9,4.03,-54,9.50,
2026-09-21T14:47:13,1,994.27,21.93,47.42,1.485,18.82,18.3290,25.9,4.08,-55,9.50,
2026-09-21T14:47:14,1,994.39,21.92,47.44,1.490,19.20,18.3280,25.9,4.03,-55,9.25,
2026-09-21T14:47:15,1,994.34,21.92,47.44,1.483,18.62,18.3320,25.9,4.08,-56,9.50,
2026-09-21T14:47:16,1,994.28,21.93,47.46,1.487,18.95,18.3260,25.9,4.03,-56,10.00,
2026-09-21T14:47:17,1,994.36,21.92,47.42,1.484,18.69,18.3290,25.9,4.08,-56,9.50,
2026-09-21T14:47:18,1,994.29,21.93,47.47,1.486,18.88,18.3240,25.9,4.03,-55,10.25,
2026-09-21T14:47:19,1,994.40,21.92,47.46,1.484,18.75,18.3240,25.9,4.04,-55,9.00,
2026-09-21T14:47:20,1,994.17,21.91,47.44,1.487,18.95,18.3240,25.9,4.08,-54,9.75,
2026-09-21T14:47:22,1,994.30,21.92,47.46,1.484,18.69,18.3200,25.9,4.04,-48,0.50,
2026-09-21T14:47:23,1,994.36,21.91,47.45,1.492,19.33,18.3240,25.9,4.08,-46,-1.25,
2026-09-21T14:47:24,1,994.27,21.92,47.44,1.489,19.14,18.3220,25.9,4.04,-47,-0.50,
2026-09-21T14:47:25,1,994.40,21.92,47.44,1.482,18.56,18.3260,25.9,4.08,-54,6.75,
2026-09-21T14:47:29,1,994.39,21.93,47.41,1.483,18.62,18.3220,25.9,4.08,-54,9.25,
2026-09-21T14:47:31,1,994.24,21.92,47.46,1.487,18.95,18.3270,25.9,4.04,-54,9.25,
2026-09-21T14:47:32,1,994.33,21.92,47.48,1.484,18.75,18.3210,25.9,4.08,-54,9.75,
2026-09-21T14:47:33,1,994.36,21.94,47.43,1.486,18.88,18.3170,25.9,4.04,-54,9.50,
2026-09-21T14:47:34,1,994.41,21.91,47.44,1.484,18.75,18.3140,25.9,4.08,-54,9.50,
2026-09-21T14:47:35,1,994.33,21.90,47.44,1.485,18.82,18.3120,25.9,4.04,-53,9.50,
2026-09-21T14:47:36,1,994.35,21.92,47.46,1.485,18.82,18.3160,25.9,4.08,-53,9.00,
2026-09-21T14:47:37,1,994.30,21.93,47.40,1.487,18.95,18.3120,25.9,4.03,-53,9.25,
2026-09-21T14:47:38,1,994.24,21.89,47.44,1.481,18.49,18.3130,25.9,4.08,-54,9.25,
2026-09-21T14:47:40,1,994.33,21.91,47.44,1.485,18.82,18.3120,25.9,4.04,-53,9.00,
2026-09-21T14:47:41,1,994.39,21.93,47.46,1.484,18.69,18.3130,25.9,4.08,-53,9.25,
2026-09-21T14:47:42,1,994.27,21.92,47.44,1.491,19.27,18.3110,25.9,4.03,-54,9.75,
2026-09-21T14:47:43,1,994.29,21.93,47.44,1.482,18.56,18.3090,25.9,4.09,-54,9.50,
2026-09-21T14:47:44,1,994.27,21.92,47.44,1.488,19.01,18.3110,25.9,4.02,-53,9.50,
2026-09-21T14:47:45,1,994.22,21.90,47.47,1.486,18.88,18.3160,25.9,4.08,-54,9.75,
2026-09-21T14:47:46,1,994.23,21.92,47.44,1.488,19.07,18.3160,25.9,4.02,-54,9.50,
2026-09-21T14:47:47,1,994.25,21.91,47.42,1.485,18.82,18.3170,25.9,4.04,-54,9.75,
2026-09-21T14:47:49,1,994.26,21.91,47.47,1.489,19.14,18.3230,25.9,4.08,-53,9.50,
2026-09-21T14:47:50,1,994.28,21.91,47.42,1.485,18.82,18.3250,25.9,4.04,-53,9.00,
2026-09-21T14:47:51,1,994.19,21.94,47.46,1.481,18.49,18.3200,25.9,4.08,-53,9.25,
2026-09-21T14:47:52,1,994.34,21.92,47.46,1.488,19.01,18.3250,25.9,4.04,-53,8.75,
2026-09-21T14:47:53,1,994.31,21.92,47.46,1.484,18.75,18.3290,25.9,4.08,-53,9.25,
2026-09-21T14:47:54,1,994.28,21.91,47.44,1.497,19.78,18.3240,25.9,4.04,-54,9.25,
2026-09-21T14:47:55,1,994.32,21.94,47.45,1.488,19.01,18.3270,25.9,4.08,-53,9.00,
2026-09-21T14:47:56,1,994.21,21.89,47.42,1.490,19.20,18.3210,25.9,4.04,-53,11.75,
2026-09-21T14:47:57,1,994.27,21.93,47.44,1.486,18.88,18.3250,25.9,4.08,-53,11.75,
2026-09-21T14:47:59,1,994.31,21.89,47.45,1.485,18.82,18.3220,25.9,4.04,-54,9.25,
2026-09-21T14:48:00,1,994.37,21.91,47.43,1.482,18.56,18.3230,25.9,4.08,-53,9.25,
2026-09-21T14:48:01,1,994.31,21.91,47.44,1.489,19.14,18.3250,25.9,4.04,-53,9.25,
2026-09-21T14:48:03,1,994.30,21.89,47.44,1.487,18.95,18.3270,25.9,4.04,-53,9.25,
2026-09-21T14:48:04,1,994.29,21.91,47.44,1.484,18.75,18.3270,25.9,4.07,-54,9.00,
2026-09-21T14:48:05,1,994.29,21.94,47.45,1.485,18.82,18.3280,25.9,4.04,-46,4.50,
2026-09-21T14:48:06,1,994.21,21.89,47.43,1.484,18.75,18.3240,25.9,4.08,-45,3.00,
2026-09-21T14:48:08,1,994.36,21.89,47.42,1.487,18.95,18.3270,25.9,4.03,-45,2.75,
2026-09-21T14:48:09,1,994.31,21.91,47.45,1.485,18.82,18.3220,25.9,4.08,-52,4.50,
2026-09-21T14:48:13,1,1011.61,21.92,47.42,1.484,18.75,18.3270,25.9,4.07,-52,9.50,
2026-09-21T14:48:14,1,994.27,21.91,47.44,1.485,18.82,18.3350,25.9,4.03,-53,10.00,
2026-09-21T14:48:15,1,994.35,21.92,47.43,1.484,18.75,18.3390,25.9,4.08,-53,9.50,
2026-09-21T14:48:17,1,994.34,21.90,47.43,1.488,19.01,18.3350,25.9,4.08,-53,9.25,
2026-09-21T14:48:18,1,994.24,21.91,47.43,1.485,18.82,18.3350,25.9,4.04,-53,9.25,
2026-09-21T14:48:19,1,994.35,21.91,47.45,1.488,19.01,18.3410,25.9,4.08,-53,9.25,
2026-09-21T14:48:20,1,994.29,21.89,47.44,1.492,19.40,18.3400,25.9,4.04,-53,9.00,
2026-09-21T14:48:21,1,994.25,21.91,47.45,1.486,18.88,18.3410,25.9,4.08,-53,9.25,
2026-09-21T14:48:22,1,994.29,21.91,47.43,1.488,19.07,18.3360,25.9,4.04,-53,9.25,
2026-09-21T14:48:23,1,994.31,21.90,47.44,1.484,18.69,18.3370,25.9,4.08,-54,9.50,
2026-09-21T14:48:24,1,994.28,21.90,47.46,1.487,18.95,18.3390,25.9,4.04,-55,9.50,
2026-09-21T14:48:25,1,994.28,21.89,47.45,1.481,18.49,18.3320,25.9,4.08,-60,9.75,
2026-09-21T14:48:27,1,994.43,21.92,47.41,1.487,18.95,18.3320,25.9,4.04,-58,9.50,
2026-09-21T14:48:28,1,994.19,21.91,47.43,1.484,18.69,18.3260,25.9,4.08,-55,9.50,
2026-09-21T14:48:29,1,994.34,21.91,47.45,1.487,18.95,18.3240,25.9,4.04,-55,9.75,
2026-09-21T14:48:30,1,994.39,21.91,47.43,1.483,18.62,18.3210,25.9,4.08,-54,9.25,
2026-09-21T14:48:31,1,994.26,21.90,47.44,1.488,19.01,18.3160,25.9,4.04,-54,9.25,
2026-09-21T14:48:32,1,994.24,21.90,47.43,1.484,18.75,18.3080,25.9,4.08,-55,9.50,
2026-09-21T14:48:33,1,994.21,21.92,47.43,1.486,18.88,18.3080,25.9,4.03,-55,9.75,
2026-09-21T14:48:34,1,994.31,21.91,47.47,1.477,18.17,18.3010,25.9,4.08,-53,9.50,
2026-09-21T14:48:36,1,994.27,21.90,47.44,1.486,18.88,18.2900,25.9,4.03,-54,9.50,
2026-09-21T14:48:37,1,994.43,21.92,47.40,1.485,18.82,18.2990,25.9,4.08,-56,9.50,
2026-09-21T14:48:38,1,994.34,21.91,47.44,1.486,18.88,18.2970,25.9,4.03,-54,9.75,
2026-09-21T14:48:39,1,994.34,21.91,47.44,1.482,18.56,18.2910,25.9,4.08,-55,9.75,
2026-09-21T14:48:40,1,994.40,21.92,47.42,1.488,19.01,18.2770,25.9,4.02,-55,9.25,
2026-09-21T14:48:41,1,994.35,21.91,47.46,1.484,18.69,18.2750,25.9,4.08,-54,9.50,
2026-09-21T14:48:42,1,994.36,21.89,47.44,1.487,18.95,18.2780,25.9,4.02,-55,9.25,
2026-09-21T14:48:43,1,994.46,21.90,47.40,1.483,18.62,18.2740,25.9,4.08,-54,9.25,
2026-09-21T14:48:45,1,994.34,21.89,47.46,1.489,19.14,18.2660,25.9,4.08,-55,9.75,
2026-09-21T14:48:46,1,994.39,21.90,47.41,1.484,18.69,18.2710,25.9,4.04,-54,9.50,
2026-09-21T14:48:47,1,994.47,21.91,47.43,1.488,19.01,18.2690,25.9,4.08,-53,9.25,
2026-09-21T14:48:48,1,994.40,21.90,47.42,1.486,18.88,18.2700,25.9,4.04,-55,9.25,
2026-09-21T14:48:49,1,994.28,21.89,47.47,1.484,18.75,18.2720,25.9,4.08,-50,8.50,
2026-09-21T14:48:50,1,994.39,21.92,47.43,1.493,19.46,18.2770,25.9,4.04,-47,-0.50,
2026-09-21T14:48:51,1,994.35,21.91,47.42,1.483,18.62,18.2720,25.9,4.08,-47,2.00,
2026-09-21T14:48:52,1,994.31,21.90,47.43,1.488,19.07,18.2720,25.9,4.05,-48,3.00,
2026-09-21T14:48:57,1,1011.41,21.91,47.43,1.487,18.95,18.2780,25.9,4.04,-55,9.50,
2026-09-21T14:48:58,1,994.40,21.91,47.43,1.485,18.82,18.2810,25.9,4.08,-54,9.50,
2026-09-21T14:48:59,1,994.38,21.91,47.43,1.487,18.95,18.2940,25.9,4.03,-53,9.25,
2026-09-21T14:49:00,1,994.31,21.90,47.40,1.483,18.62,18.3060,25.9,4.08,-54,9.25,
2026-09-21T14:49:01,1,994.33,21.89,47.41,1.486,18.88,18.3080,25.9,4.04,-54,9.25,
2026-09-21T14:49:02,1,994.36,21.89,47.41,1.484,18.69,18.3050,25.9,4.08,-53,9.25,
2026-09-21T14:49:04,1,994.28,21.90,47.42,1.488,19.07,18.3060,25.9,4.04,-53,9.25,
2026-09-21T14:49:05,1,994.28,21.89,47.42,1.484,18.75,18.3100,25.9,4.08,-52,9.50,
2026-09-21T14:49:06,1,994.29,21.89,47.43,1.489,19.14,18.3110,25.9,4.03,-53,9.50,
2026-09-21T14:49:07,1,994.36,21.89,47.43,1.484,18.69,18.3140,25.9,4.08,-51,9.75,
2026-09-21T14:49:08,1,994.39,21.89,47.43,1.486,18.88,18.3130,25.9,4.03,-53,9.50,
2026-09-21T14:49:09,1,994.33,21.90,47.41,1.483,18.62,18.3080,25.9,4.08,-53,9.50,
2026-09-21T14:49:10,1,994.31,21.89,47.41,1.488,19.07,18.3080,25.9,4.03,-57,9.75,
2026-09-21T14:49:11,1,994.39,21.89,47.45,1.484,18.75,18.3060,25.9,4.08,-51,9.75,
2026-09-21T14:49:13,1,994.36,21.90,47.44,1.488,19.01,18.3050,25.9,4.08,-52,9.75,
2026-09-21T14:49:14,1,994.34,21.89,47.40,1.482,18.56,18.3050,25.9,4.04,-53,9.50,
2026-09-21T14:49:16,1,994.54,21.88,47.44,1.489,19.14,18.3010,25.9,4.04,-53,9.25,
2026-09-21T14:49:17,1,994.41,21.90,47.42,1.482,18.56,18.3050,25.9,4.08,-52,9.75,
2026-09-21T14:49:18,1,994.39,21.89,47.46,1.488,19.07,18.3000,25.9,4.04,-52,9.25,
2026-09-21T14:49:19,1,994.24,21.92,47.42,1.486,18.88,18.2990,25.9,4.08,-51,9.25,
2026-09-21T14:49:20,1,994.38,21.89,47.41,1.488,19.07,18.2970,25.9,4.04,-53,9.75,
2026-09-21T14:49:22,1,994.47,21.89,47.44,1.483,18.62,18.2950,25.9,4.08,-52,9.50,
2026-09-21T14:49:23,1,994.31,21.93,47.44,1.486,18.88,18.2970,25.9,4.04,-52,9.50,
2026-09-21T14:49:24,1,994.35,21.90,47.42,1.481,18.49,18.2970,25.9,4.08,-53,9.25,
2026-09-21T14:49:25,1,994.42,21.91,47.43,1.486,18.88,18.2950,25.9,4.04,-54,9.25,
2026-09-21T14:49:26,1,994.37,21.88,47.42,1.484,18.75,18.2950,25.9,4.08,-52,9.25,
2026-09-21T14:49:27,1,994.35,21.88,47.41,1.487,18.95,18.2980,25.9,4.04,-53,9.75,
2026-09-21T14:49:28,1,994.41,21.89,47.40,1.486,18.88,18.2990,25.9,4.08,-55,9.75,
2026-09-21T14:49:29,1,994.40,21.89,47.41,1.488,19.01,18.2960,25.9,4.04,-55,9.25,
2026-09-21T14:49:30,1,994.48,21.90,47.42,1.483,18.62,18.3000,25.9,4.08,-53,9.50,
2026-09-21T14:49:32,1,994.37,21.88,47.42,1.484,18.75,18.3060,25.9,4.03,-56,9.75,
2026-09-21T14:49:33,1,994.39,21.89,47.43,1.481,18.49,18.3120,25.9,4.08,-61,9.75,
2026-09-21T14:49:34,1,994.43,21.89,47.44,1.477,18.17,18.3140,25.9,4.03,-47,-0.25,
2026-09-21T14:49:35,1,994.42,21.90,47.40,1.480,18.36,18.3200,25.9,4.08,-46,1.50,
2026-09-21T14:49:36,1,994.51,21.90,47.43,1.486,18.88,18.3180,25.9,4.03,-45,1.50,
2026-09-21T14:49:42,1,994.45,21.90,47.42,1.481,18.49,18.3090,25.9,4.04,-56,9.50,
2026-09-21T14:49:43,1,994.33,21.91,47.40,1.488,19.01,18.3110,25.9,4.08,-60,9.75,
2026-09-21T14:49:44,1,994.33,21.90,47.44,1.484,18.75,18.3120,25.9,4.04,-65,9.25,
2026-09-21T14:49:45,1,994.38,21.88,47.40,1.478,18.24,18.3050,25.9,4.08,-55,9.25,
2026-09-21T14:49:46,1,994.50,21.89,47.40,1.485,18.82,18.3060,25.9,4.04,-55,9.75,
2026-09-21T14:49:47,1,994.39,21.89,47.42,1.484,18.69,18.3050,25.9,4.08,-58,9.25,
2026-09-21T14:49:48,1,994.36,21.89,47.39,1.487,18.95,18.3100,25.9,4.04,-56,9.50,
2026-09-21T14:49:50,1,994.37,21.88,47.43,1.482,18.56,18.3100,25.9,4.08,-57,9.75,
2026-09-21T14:49:51,1,994.40,21.91,47.41,1.486,18.88,18.3030,25.9,4.04,-56,9.50,
2026-09-21T14:49:52,1,994.36,21.90,47.41,1.483,18.62,18.3020,25.9,4.08,-55,9.75,
2026-09-21T14:49:53,1,994.40,21.89,47.44,1.486,18.88,18.3020,25.9,4.04,-55,9.50,
2026-09-21T14:49:54,1,994.45,21.87,47.42,1.484,18.75,18.2990,25.9,4.08,-55,10.00,
2026-09-21T14:49:55,1,994.42,21.91,47.40,1.488,19.01,18.2990,25.9,4.04,-56,9.25,
2026-09-21T14:49:56,1,994.40,21.89,47.39,1.485,18.82,18.3000,25.9,4.08,-55,9.25,
2026-09-21T14:49:57,1,994.49,21.89,47.43,1.488,19.01,18.2980,25.9,4.04,-55,9.50,
2026-09-21T14:49:59,1,994.33,21.86,47.42,1.484,18.69,18.2940,25.9,4.08,-54,9.75,
2026-09-21T14:50:00,1,994.42,21.90,47.40,1.487,18.95,18.2960,25.9,4.04,-55,9.75,
2026-09-21T14:50:01,1,994.48,21.90,47.45,1.482,18.56,18.2990,25.9,4.08,-54,9.25,
2026-09-21T14:50:02,1,994.43,21.88,47.41,1.486,18.88,18.2990,25.9,4.04,-54,9.50,
2026-09-21T14:50:03,1,994.50,21.89,47.43,1.482,18.56,18.3000,25.9,4.08,-55,9.75,
2026-09-21T14:50:04,1,994.31,21.88,47.39,1.488,19.07,18.3020,25.9,4.03,-54,9.75,
2026-09-21T14:50:05,1,994.39,21.90,47.41,1.484,18.69,18.3070,25.9,4.08,-54,9.50,
2026-09-21T14:50:06,1,994.39,21.89,47.40,1.486,18.88,18.3030,25.9,4.03,-54,9.50,
2026-09-21T14:50:07,1,994.63,21.89,47.46,1.484,18.75,18.3070,25.9,4.08,-54,9.50,
2026-09-21T14:50:09,1,994.45,21.89,47.43,1.488,19.07,18.2960,25.9,4.03,-55,9.75,
2026-09-21T14:50:11,1,994.54,21.87,47.42,1.486,18.88,18.3050,25.9,4.08,-55,9.25,
2026-09-21T14:50:12,1,994.42,21.88,47.41,1.486,18.88,18.3000,25.9,4.04,-55,9.50,
2026-09-21T14:50:13,1,994.49,21.90,47.46,1.488,19.07,18.3030,25.9,4.08,-54,9.50,
2026-09-21T14:50:14,1,994.41,21.87,47.43,1.485,18.82,18.3020,25.9,4.04,-55,9.75,
2026-09-21T14:50:15,1,994.45,21.89,47.39,1.485,18.82,18.3000,25.9,4.08,-55,9.50,
2026-09-21T14:50:16,1,994.38,21.88,47.41,1.487,18.95,18.2960,25.9,4.04,-56,9.50,
2026-09-21T14:50:18,1,994.34,21.90,47.42,1.484,18.69,18.2960,25.9,4.08,-48,3.75,
2026-09-21T14:50:19,1,994.52,21.87,47.41,1.487,18.95,18.3020,25.9,4.03,-48,3.00,
2026-09-21T14:50:20,1,994.51,21.90,47.42,1.483,18.62,18.3100,25.9,4.08,-47,3.25,
2026-09-21T14:50:21,1,994.47,21.88,47.41,1.485,18.82,18.3040,25.9,4.04,-55,8.25,
2026-09-21T14:50:25,1,994.53,21.87,47.40,1.485,18.82,18.3100,25.9,4.03,-55,9.50,
2026-09-21T14:50:27,1,994.58,21.89,47.43,1.484,18.69,18.3080,25.9,4.08,-54,9.75,
2026-09-21T14:50:28,1,994.45,21.91,47.43,1.488,19.01,18.3130,25.9,4.04,-54,9.50,
2026-09-21T14:50:29,1,994.58,21.89,47.42,1.489,19.14,18.3180,25.9,4.08,-53,9.50,
2026-09-21T14:50:30,1,994.49,21.88,47.40,1.488,19.07,18.3200,25.9,4.04,-55,9.75,
2026-09-21T14:50:31,1,994.51,21.89,47.44,1.484,18.69,18.3170,25.9,4.07,-54,9.25,
2026-09-21T14:50:32,1,994.45,21.87,47.39,1.488,19.01,18.3170,25.9,4.03,-54,10.00,
2026-09-21T14:50:33,1,994.63,21.90,47.43,1.484,18.69,18.3180,25.9,4.08,-54,9.25,
2026-09-21T14:50:34,1,994.46,21.88,47.42,1.486,18.88,18.3160,25.9,4.03,-55,9.75,
2026-09-21T14:50:35,1,994.57,21.88,47.41,1.485,18.82,18.3170,25.9,4.08,-54,9.50,
2026-09-21T14:50:37,1,994.40,21.89,47.42,1.489,19.14,18.3170,25.9,4.03,-54,9.75,
2026-09-21T14:50:38,1,994.53,21.89,47.44,1.484,18.69,18.3190,25.9,4.08,-53,9.50,
2026-09-21T14:50:39,1,994.46,21.89,47.43,1.488,19.01,18.3200,25.9,4.02,-54,9.50,
2026-09-21T14:50:40,1,994.54,21.87,47.41,1.483,18.62,18.3140,25.9,4.07,-54,9.50,
2026-09-21T14:50:41,1,994.46,21.85,47.42,1.487,18.95,18.3160,25.9,4.08,-54,9.75,
2026-09-21T14:50:42,1,994.55,21.87,47.41,1.484,18.69,18.3180,25.9,4.04,-54,9.25,
2026-09-21T14:50:43,1,994.55,21.90,47.40,1.487,18.95,18.3170,25.9,4.08,-55,12.00,
2026-09-21T14:50:44,1,994.53,21.89,47.40,1.492,19.33,18.3140,25.9,4.04,-54,9.25,
2026-09-21T14:50:46,1,994.60,21.89,47.41,1.485,18.82,18.3120,25.9,4.08,-55,9.50,
2026-09-21T14:50:47,1,994.51,21.87,47.41,1.485,18.82,18.3200,25.9,4.04,-55,9.50,
2026-09-21T14:50:48,1,994.58,21.88,47.40,1.484,18.69,18.3150,25.9,4.08,-54,9.50,
2026-09-21T14:50:49,1,994.46,21.88,47.39,1.487,18.95,18.3140,25.9,4.04,-57,10.50,
2026-09-21T14:50:50,1,994.55,21.88,47.40,1.483,18.62,18.3120,25.9,4.08,-55,9.50,
2026-09-21T14:50:51,1,994.47,21.87,47.40,1.485,18.82,18.3110,25.9,4.04,-55,9.75,
2026-09-21T14:50:52,1,994.52,21.87,47.40,1.486,18.88,18.3100,25.9,4.08,-55,9.25,
2026-09-21T14:50:53,1,994.47,21.89,47.43,1.488,19.07,18.3090,25.9,4.04,-56,9.25,
2026-09-21T14:50:55,1,994.54,21.88,47.40,1.486,18.88,18.3080,25.9,4.08,-55,9.75,
2026-09-21T14:50:56,1,994.53,21.89,47.42,1.486,18.88,18.3070,25.9,4.04,-55,9.75,
2026-09-21T14:50:57,1,994.54,21.86,47.42,1.484,18.75,18.3050,25.9,4.08,-55,9.50,
2026-09-21T14:50:58,1,994.46,21.85,47.42,1.487,18.95,18.3040,25.9,4.04,-55,9.50,
2026-09-21T14:50:59,1,994.50,21.89,47.42,1.483,18.62,18.3010,25.9,4.08,-55,9.50,
2026-09-21T14:51:00,1,994.53,21.88,47.41,1.488,19.01,18.3010,25.9,4.04,-55,9.25,
2026-09-21T14:51:01,1,994.44,21.88,47.42,1.484,18.69,18.3010,25.9,4.08,-48,5.50,
2026-09-21T14:51:02,1,994.48,21.88,47.42,1.488,19.01,18.3030,25.9,4.03,-49,3.50,
2026-09-21T14:51:04,1,994.52,21.89,47.39,1.483,18.62,18.3010,25.9,4.08,-47,4.00,
2026-09-21T14:51:05,1,994.63,21.86,47.40,1.487,18.95,18.3020,25.9,4.03,-56,6.00,
2026-09-21T14:51:09,1,1011.73,21.89,47.42,1.486,18.88,18.3000,25.9,4.07,-57,10.00,
2026-09-21T14:51:10,1,994.59,21.89,47.40,1.486,18.88,18.3000,25.9,4.04,-55,9.50,
2026-09-21T14:51:11,1,994.59,21.87,47.41,1.488,19.01,18.3000,25.9,4.08,-53,9.75,
2026-09-21T14:51:12,1,994.53,21.87,47.41,1.487,18.95,18.3010,25.9,4.04,-55,9.25,
2026-09-21T14:51:14,1,994.56,21.88,47.42,1.485,18.82,18.3000,25.9,4.08,-55,9.50,
2026-09-21T14:51:15,1,994.60,21.86,47.41,1.488,19.01,18.3020,25.9,4.04,-55,9.25,
2026-09-21T14:51:16,1,994.56,21.87,47.42,1.486,18.88,18.3010,25.9,4.08,-54,9.50,
2026-09-21T14:51:17,1,994.52,21.90,47.38,1.486,18.88,18.2970,25.9,4.04,-55,9.75,
2026-09-21T14:51:18,1,994.54,21.88,47.42,1.484,18.69,18.2990,25.9,4.08,-55,9.75,
2026-09-21T14:51:19,1,994.47,21.90,47.43,1.488,19.07,18.2960,25.9,4.04,-54,9.25,
2026-09-21T14:51:20,1,994.52,21.87,47.42,1.484,18.75,18.2950,25.9,4.08,-54,9.25,
2026-09-21T14:51:21,1,994.59,21.87,47.41,1.480,18.43,18.2920,25.9,4.04,-56,9.50,
2026-09-21T14:51:23,1,994.55,21.88,47.44,1.484,18.75,18.2930,25.9,4.08,-58,9.50,
2026-09-21T14:51:24,1,994.55,21.89,47.42,1.487,18.95,18.2900,25.9,4.04,-57,9.50,
2026-09-21T14:51:25,1,994.56,21.87,47.40,1.484,18.69,18.2820,25.9,4.08,-57,9.75,
2026-09-21T14:51:26,1,994.42,21.88,47.42,1.486,18.88,18.2800,25.9,4.03,-57,10.00,
2026-09-21T14:51:27,1,994.50,21.89,47.39,1.488,19.01,18.2790,25.9,4.08,-57,9.25,
2026-09-21T14:51:28,1,994.56,21.89,47.44,1.488,19.01,18.2800,25.9,4.03,-57,10.00,
2026-09-21T14:51:29,1,994.63,21.87,47.41,1.484,18.75,18.2790,25.9,4.08,-55,9.50,
2026-09-21T14:51:30,1,994.60,21.88,47.42,1.485,18.82,18.2790,25.9,4.03,-56,9.75,
2026-09-21T14:51:32,1,994.65,21.88,47.37,1.496,19.65,18.2810,25.9,4.08,-53,9.50,
2026-09-21T14:51:33,1,994.61,21.88,47.42,1.488,19.07,18.2800,25.9,4.03,-53,9.50,
2026-09-21T14:51:34,1,994.67,21.87,47.42,1.483,18.62,18.2790,25.9,4.08,-53,9.25,
2026-09-21T14:51:35,1,994.62,21.89,47.42,1.485,18.82,18.2710,25.9,4.03,-53,9.50,
2026-09-21T14:51:36,1,994.56,21.87,47.42,1.482,18.56,18.2750,25.9,4.08,-52,9.50,
2026-09-21T14:51:37,1,994.55,21.88,47.38,1.489,19.14,18.2760,25.9,4.02,-53,9.25,
2026-09-21T14:51:38,1,994.55,21.88,47.39,1.482,18.56,18.2790,25.9,4.08,-53,9.25,
2026-09-21T14:51:39,1,994.64,21.89,47.41,1.488,19.01,18.2790,25.9,4.05,-54,9.75,
2026-09-21T14:51:40,1,994.67,21.88,47.40,1.484,18.75,18.2770,25.9,4.04,-55,9.50,
2026-09-21T14:51:42,1,994.65,21.88,47.41,1.488,19.01,18.2790,25.9,4.08,-52,10.00,
2026-09-21T14:51:43,1,994.64,21.88,47.42,1.482,18.56,18.2750,25.9,4.04,-53,9.25,
2026-09-21T14:51:44,1,994.61,21.87,47.43,1.480,18.36,18.2740,25.9,4.08,-53,9.50,
2026-09-21T14:51:45,1,994.60,21.87,47.43,1.489,19.14,18.2810,25.9,4.04,-47,8.75,
2026-09-21T14:51:46,1,994.69,21.87,47.40,1.483,18.62,18.2820,25.9,4.08,-46,3.50,
2026-09-21T14:51:47,1,994.57,21.90,47.39,1.485,18.82,18.2760,25.9,4.04,-45,5.50,
2026-09-21T14:51:48,1,994.66,21.86,47.41,1.479,18.30,18.2770,25.9,4.08,-45,5.25,
2026-09-21T14:51:53,1,1011.87,21.89,47.40,1.484,18.75,18.2760,25.9,4.08,-54,9.50,
2026-09-21T14:51:54,1,994.66,21.87,47.39,1.487,18.95,18.2810,25.9,4.04,-53,9.25,
2026-09-21T14:51:55,1,994.66,21.87,47.39,1.484,18.69,18.2830,25.9,4.08,-54,9.50,
2026-09-21T14:51:56,1,994.58,21.87,47.40,1.484,18.75,18.2820,25.9,4.03,-55,9.50,
2026-09-21T14:51:57,1,994.71,21.88,47.44,1.487,18.95,18.2830,25.9,4.08,-54,9.75,
2026-09-21T14:51:58,1,994.63,21.87,47.42,1.489,19.14,18.2870,25.9,4.04,-53,9.75,
2026-09-21T14:52:00,1,994.71,21.86,47.40,1.484,18.75,18.2850,25.9,4.08,-52,9.50,
2026-09-21T14:52:01,1,994.72,21.87,47.42,1.488,19.01,18.2900,25.9,4.03,-52,9.75,
2026-09-21T14:52:02,1,994.68,21.88,47.41,1.483,18.62,18.2910,25.9,4.08,-53,10.00,
2026-09-21T14:52:03,1,994.59,21.86,47.40,1.485,18.82,18.2910,25.9,4.03,-53,9.50,
2026-09-21T14:52:04,1,994.66,21.87,47.44,1.484,18.75,18.2930,25.9,4.08,-53,9.25,
2026-09-21T14:52:05,1,994.64,21.87,47.41,1.480,18.36,18.2950,25.9,4.03,-54,9.75,
2026-09-21T14:52:06,1,994.70,21.88,47.40,1.484,18.75,18.2990,25.9,4.08,-52,9.25,
2026-09-21T14:52:07,1,994.59,21.88,47.40,1.487,18.95,18.3000,25.9,4.02,-53,9.00,
2026-09-21T14:52:09,1,994.62,21.88,47.40,1.483,18.62,18.3020,25.9,4.08,-53,9.25,
2026-09-21T14:52:10,1,994.63,21.85,47.41,1.488,19.01,18.3020,25.9,4.08,-53,9.50,
2026-09-21T14:52:11,1,994.62,21.89,47.41,1.484,18.69,18.3120,25.9,4.04,-54,9.25,
2026-09-21T14:52:12,1,994.72,21.87,47.41,1.488,19.07,18.3100,25.9,4.08,-53,9.25,
2026-09-21T14:52:13,1,994.62,21.84,47.38,1.485,18.82,18.3060,25.9,4.04,-54,9.25,
2026-09-21T14:52:14,1,994.71,21.89,47.41,1.482,18.56,18.3010,25.9,4.08,-53,9.00,
2026-09-21T14:52:15,1,994.54,21.86,47.39,1.486,18.88,18.3010,25.9,4.04,-54,9.50,
2026-09-21T14:52:16,1,994.69,21.88,47.41,1.484,18.69,18.3010,25.9,4.08,-54,9.50,
2026-09-21T14:52:17,1,994.58,21.88,47.38,1.487,18.95,18.3000,25.9,4.04,-54,9.75,
2026-09-21T14:52:19,1,994.63,21.87,47.39,1.484,18.75,18.2980,25.9,4.08,-56,10.00,
2026-09-21T14:52:20,1,994.67,21.85,47.41,1.486,18.88,18.2980,25.9,4.04,-55,9.75,
2026-09-21T14:52:21,1,994.67,21.86,47.40,1.484,18.75,18.2950,25.9,4.07,-55,9.50,
2026-09-21T14:52:22,1,994.59,21.87,47.40,1.487,18.95,18.2960,25.9,4.04,-57,9.50,
2026-09-21T14:52:23,1,994.77,21.88,47.39,1.486,18.88,18.2960,25.9,4.08,-53,9.25,
2026-09-21T14:52:24,1,994.66,21.87,47.42,1.486,18.88,18.2980,25.9,4.04,-56,9.75,
2026-09-21T14:52:25,1,994.70,21.85,47.41,1.485,18.82,18.2920,25.9,4.08,-59,9.25,
2026-09-21T14:52:26,1,994.70,21.87,47.44,1.488,19.01,18.2890,25.9,4.04,-62,12.25,
2026-09-21T14:52:28,1,994.70,21.86,47.40,1.484,18.75,18.2880,25.9,4.08,-64,9.50,
2026-09-21T14:52:29,1,994.75,21.85,47.41,1.488,19.01,18.2910,25.9,4.03,-61,9.75,
2026-09-21T14:52:32,1,994.76,21.89,47.84,1.485,18.80,1.0000,2.0,0.00,-49,-2.25,
2026-09-21T14:52:38,1,994.77,21.85,47.40,1.489,19.14,18.2920,25.9,4.03,-58,10.00,
2026-09-21T14:52:39,1,994.66,21.87,47.40,1.484,18.75,18.2910,25.9,4.08,-58,9.75,
2026-09-21T14:52:40,1,994.61,21.87,47.41,1.499,19.91,18.2930,25.9,4.08,-59,9.50,
2026-09-21T14:52:41,1,994.63,21.87,47.42,1.484,18.75,18.2940,25.9,4.04,-59,9.50,
2026-09-21T14:52:42,1,994.69,21.86,47.40,1.488,19.01,18.2970,25.9,4.08,-58,9.50,
2026-09-21T14:52:43,1,994.65,21.86,47.40,1.489,19.14,18.3010,25.9,4.04,-58,9.50,
2026-09-21T14:52:44,1,994.71,21.85,47.42,1.483,18.62,18.2980,25.9,4.08,-58,9.75,
2026-09-21T14:52:45,1,994.74,21.87,47.42,1.486,18.88,18.3000,25.9,4.04,-59,9.25,
2026-09-21T14:52:47,1,994.73,21.87,47.42,1.484,18.69,18.2950,25.9,4.08,-58,9.00,
2026-09-21T14:52:48,1,994.68,21.85,47.37,1.486,18.88,18.2930,25.9,4.04,-58,10.00,
2026-09-21T14:52:49,1,994.75,21.87,47.44,1.484,18.69,18.2880,25.9,4.08,-58,9.25,
2026-09-21T14:52:50,1,994.82,21.86,47.43,1.486,18.88,18.2920,25.9,4.03,-58,10.00,
2026-09-21T14:52:51,1,994.80,21.86,47.40,1.481,18.49,18.2940,25.9,4.08,-60,9.50,
2026-09-21T14:52:52,1,994.70,21.87,47.41,1.487,18.95,18.2960,25.9,4.04,-58,9.75,
2026-09-21T14:52:53,1,994.72,21.85,47.39,1.484,18.69,18.2960,25.9,4.08,-59,9.50,
2026-09-21T14:52:54,1,994.76,21.87,47.39,1.488,19.01,18.2980,25.9,4.03,-58,9.75,
2026-09-21T14:52:56,1,994.79,21.86,47.44,1.484,18.75,18.2930,25.9,4.08,-57,9.50,
2026-09-21T14:52:57,1,994.70,21.86,47.38,1.486,18.88,18.2930,25.9,4.03,-56,10.50,
2026-09-21T14:52:58,1,994.83,21.87,47.41,1.486,18.88,18.2960,25.9,4.08,-59,9.50,
2026-09-21T14:52:59,1,994.67,21.88,47.42,1.487,18.95,18.2960,25.9,4.03,-59,10.00,
2026-09-21T14:53:00,1,994.76,21.84,47.39,1.484,18.69,18.2950,25.9,4.08,-58,9.25,
2026-09-21T14:53:01,1,994.73,21.86,47.41,1.484,18.75,18.3000,25.9,4.03,-59,9.25,
2026-09-21T14:53:02,1,994.70,21.87,47.40,1.485,18.82,18.2960,25.9,4.08,-59,9.25,
2026-09-21T14:53:03,1,994.84,21.87,47.42,1.489,19.14,18.2900,25.9,4.03,-59,9.50,
2026-09-21T14:53:05,1,994.63,21.87,47.39,1.484,18.69,18.2890,25.9,4.08,-58,9.00,
2026-09-21T14:53:06,1,994.80,21.87,47.41,1.487,18.95,18.2920,25.9,4.03,-59,9.25,
2026-09-21T14:53:07,1,994.73,21.87,47.41,1.486,18.88,18.2920,25.9,4.08,-60,9.25,
2026-09-21T14:53:08,1,994.76,21.88,47.43,1.484,18.75,18.3010,25.9,4.03,-59,9.50,
2026-09-21T14:53:09,1,994.77,21.88,47.40,1.485,18.82,18.3020,25.9,4.04,-59,9.25,
2026-09-21T14:53:10,1,994.77,21.87,47.41,1.485,18.82,18.3050,25.9,4.08,-58,9.00,
2026-09-21T14:53:11,1,994.78,21.86,47.40,1.484,18.69,18.3070,25.9,4.04,-59,9.50,
2026-09-21T14:53:12,1,994.75,21.87,47.42,1.488,19.01,18.3020,25.9,4.08,-58,9.00,
2026-09-21T14:53:14,1,994.75,21.88,47.42,1.486,18.88,18.3020,25.0,5.00,-49,0.50,
2026-09-21T14:53:16,1,9.00,21.87,47.42,1.485,18.82,18.3000,25.9,4.04,-49,-1.00,
2026-09-21T14:53:17,1,994.78,21.84,47.40,1.484,18.69,18.3020,25.9,4.08,-57,7.00,
2026-09-21T14:53:21,1,994.72,21.87,47.43,1.477,18.17,18.2910,25.9,4.08,-60,9.50,
2026-09-21T14:53:22,1,994.70,21.83,47.37,1.486,18.88,18.2950,25.9,4.04,-60,9.50,
2026-09-21T14:53:24,1,994.77,21.87,47.39,1.485,18.82,18.2950,25.9,4.08,-59,9.75,
2026-09-21T14:53:25,1,994.65,21.85,47.40,1.486,18.88,18.2970,25.9,4.04,-61,9.50,
2026-09-21T14:53:26,1,994.79,21.85,47.39,1.483,18.62,18.2990,25.9,4.08,-60,9.25,
2026-09-21T14:53:27,1,994.75,21.85,47.40,1.486,18.88,18.3020,25.9,4.03,-60,9.50,
2026-09-21T14:53:28,1,994.73,21.85,47.40,1.486,18.88,18.2970,25.9,4.08,-59,9.50,
2026-09-21T14:53:29,1,994.67,21.86,47.40,1.487,18.95,18.3000,25.9,4.04,-59,9.50,
2026-09-21T14:53:30,1,994.77,21.85,47.43,1.484,18.69,18.2950,25.9,4.08,-59,9.75,
2026-09-21T14:53:31,1,994.67,21.84,47.42,1.487,18.95,18.2910,25.9,4.03,-59,9.50,
2026-09-21T14:53:33,1,994.78,21.86,47.39,1.486,18.88,18.2960,25.9,4.08,-59,9.25,
2026-09-21T14:53:34,1,994.81,21.85,47.39,1.486,18.88,18.2960,25.9,4.03,-59,9.75,
2026-09-21T14:53:35,1,994.78,21.85,47.39,1.484,18.75,18.2960,25.9,4.08,-60,9.25,
2026-09-21T14:53:36,1,994.87,21.87,47.40,1.483,18.62,18.2990,25.9,4.02,-60,9.75,
2026-09-21T14:53:37,1,994.81,21.86,47.42,1.482,18.56,18.2960,25.9,4.08,-58,9.50,
2026-09-21T14:53:38,1,994.78,21.87,47.39,1.488,19.01,18.2980,25.9,4.08,-58,9.00,
2026-09-21T14:53:39,1,994.80,21.85,47.41,1.484,18.69,18.3020,25.9,4.04,-60,9.25,
2026-09-21T14:53:40,1,994.81,21.84,47.42,1.487,18.95,18.2990,25.9,4.08,-58,9.25,
2026-09-21T14:53:42,1,994.66,21.85,47.39,1.483,18.62,18.2980,25.9,4.04,-59,9.25,
2026-09-21T14:53:43,1,994.75,21.87,47.41,1.484,18.69,18.2960,25.9,4.08,-59,9.00,
2026-09-21T14:53:44,1,994.76,21.84,47.41,1.488,19.07,18.3040,25.9,4.04,-58,9.00,
2026-09-21T14:53:45,1,994.82,21.85,47.41,1.484,18.75,18.3030,25.9,4.08,-58,9.25,
2026-09-21T14:53:46,1,994.84,21.84,47.41,1.484,18.75,18.2970,25.9,4.04,-59,9.25,
2026-09-21T14:53:47,1,994.92,21.85,47.41,1.484,18.75,18.2930,25.9,4.08,-58,9.50,
2026-09-21T14:53:48,1,994.81,21.86,47.39,1.488,19.07,18.2890,25.9,4.03,-55,9.75,
2026-09-21T14:53:49,1,994.85,21.86,47.40,1.477,18.17,18.2870,25.9,4.08,-55,9.25,
2026-09-21T14:53:50,1,994.70,21.84,47.41,1.487,18.95,18.2880,25.9,4.04,-54,9.50,
2026-09-21T14:53:52,1,994.83,21.89,47.40,1.478,18.24,18.2880,25.9,4.08,-55,9.75,
2026-09-21T14:53:53,1,994.90,21.84,47.40,1.492,19.40,18.2890,25.9,4.04,-54,9.75,
2026-09-21T14:53:54,1,994.86,21.85,47.42,1.476,18.04,18.2870,25.9,4.07,-55,9.75,
2026-09-21T14:53:55,1,994.88,21.84,47.41,1.489,19.14,18.2950,25.9,4.04,-54,9.75,
2026-09-21T14:53:56,1,994.84,21.87,47.39,1.486,18.88,18.2900,25.9,4.08,-54,9.00,
2026-09-21T14:53:57,1,994.71,21.88,47.40,1.487,18.95,18.2860,25.9,4.04,-48,6.75,
2026-09-21T14:53:58,1,994.75,21.88,47.42,1.481,18.49,18.2810,25.9,4.08,-48,3.25,
2026-09-21T14:53:59,1,994.98,21.85,47.40,1.485,18.82,18.2810,25.9,4.03,-48,3.50,
2026-09-21T14:54:01,1,994.77,21.85,47.40,1.483,18.62,18.2860,25.9,4.07,-55,5.50,
2026-09-21T14:54:05,1,1012.10,21.85,47.39,1.483,18.62,18.2860,25.9,4.08,-56,9.75,
2026-09-21T14:54:06,1,994.86,21.85,47.40,1.489,19.14,18.2940,25.9,4.03,-56,9.75,
2026-09-21T14:54:07,1,994.75,21.82,47.39,1.484,18.69,18.2990,25.9,4.04,-56,9.75,
2026-09-21T14:54:08,1,994.87,21.86,47.39,1.490,19.20,18.2940,25.9,4.08,-57,9.50,
2026-09-21T14:54:10,1,994.85,21.84,47.39,1.484,18.75,18.2950,25.9,4.04,-57,9.75,
2026-09-21T14:54:11,1,994.82,21.86,47.39,1.480,18.43,18.2960,25.9,4.08,-56,9.75,
2026-09-21T14:54:12,1,994.76,21.85,47.39,1.487,18.95,18.3010,25.9,4.04,-57,9.25,
2026-09-21T14:54:13,1,994.73,21.83,47.40,1.484,18.75,18.3010,25.9,4.08,-56,10.00,
2026-09-21T14:54:14,1,994.85,21.84,47.41,1.488,19.01,18.3040,25.9,4.04,-57,9.75,
2026-09-21T14:54:15,1,994.83,21.86,47.41,1.483,18.62,18.2960,25.9,4.08,-59,9.25,
2026-09-21T14:54:16,1,994.78,21.85,47.40,1.484,18.69,18.3020,25.9,4.04,-59,9.50,
2026-09-21T14:54:17,1,994.80,21.84,47.41,1.484,18.69,18.3060,25.9,4.08,-56,9.75,
2026-09-21T14:54:19,1,994.92,21.87,47.39,1.488,19.01,18.3060,25.9,4.03,-56,9.75,
2026-09-21T14:54:20,1,994.97,21.85,47.39,1.484,18.69,18.3080,25.9,4.08,-55,9.50,
2026-09-21T14:54:21,1,994.85,21.86,47.40,1.484,18.75,18.3050,25.9,4.04,-55,12.50,
2026-09-21T14:54:22,1,994.91,21.85,47.40,1.483,18.62,18.3050,25.9,4.08,-55,9.25,
2026-09-21T14:54:23,1,994.87,21.85,47.40,1.485,18.82,18.3080,25.9,4.04,-55,9.50,
2026-09-21T14:54:24,1,994.90,21.82,47.40,1.482,18.56,18.3180,25.9,4.08,-55,9.25,
2026-09-21T14:54:25,1,994.91,21.87,47.40,1.486,18.88,18.3210,25.9,4.04,-57,9.50,
2026-09-21T14:54:26,1,994.93,21.86,47.41,1.483,18.62,18.3140,25.9,4.08,-58,9.75,
2026-09-21T14:54:27,1,994.98,21.85,47.38,1.487,18.95,18.3110,25.9,4.03,-57,9.75,
2026-09-21T14:54:29,1,994.93,21.86,47.38,1.484,18.75,18.3180,25.9,4.08,-57,9.50,
2026-09-21T14:54:30,1,994.89,21.83,47.40,1.488,19.01,18.3140,25.9,4.03,-58,9.75,
2026-09-21T14:54:31,1,994.90,21.85,47.42,1.483,18.62,18.3160,25.9,4.08,-57,9.50,
2026-09-21T14:54:32,1,994.72,21.85,47.40,1.486,18.88,18.3120,25.9,4.02,-60,9.25,
2026-09-21T14:54:33,1,994.95,21.84,47.40,1.480,18.43,18.3130,25.9,4.08,-60,9.50,
2026-09-21T14:54:34,1,994.94,21.83,47.40,1.488,19.07,18.3190,25.9,4.02,-60,9.50,
2026-09-21T14:54:35,1,994.78,21.84,47.38,1.484,18.69,18.3180,25.9,4.04,-59,9.75,
2026-09-21T14:54:36,1,994.82,21.84,47.42,1.488,19.07,18.3170,25.9,4.08,-60,9.50,
2026-09-21T14:54:38,1,994.92,21.83,47.38,1.487,18.95,18.3120,25.9,4.04,-60,9.25,
2026-09-21T14:54:39,1,994.94,21.84,47.39,1.487,18.95,18.3130,25.9,4.08,-59,9.50,
2026-09-21T14:54:40,1,994.87,21.85,47.40,1.485,18.82,18.3150,25.9,4.04,-60,9.75,
2026-09-21T14:54:41,1,994.83,21.84,47.39,1.483,18.62,18.3140,25.9,4.08,-52,8.25,
2026-09-21T14:54:42,1,994.94,21.85,47.40,1.484,18.75,18.3100,25.9,4.03,-51,-1.00,
2026-09-21T14:54:43,1,994.86,21.84,47.41,1.484,18.75,18.3060,25.9,4.08,-50,-1.00,
2026-09-21T14:54:44,1,994.80,21.83,47.40,1.488,19.01,18.3000,25.9,4.04,-51,-1.00,
2026-09-21T14:54:49,1,1012.08,21.85,47.41,1.487,18.95,18.3020,25.9,4.04,-55,9.25,
2026-09-21T14:54:50,1,994.90,21.83,47.42,1.484,18.69,18.3050,25.9,4.08,-55,9.50,
2026-09-21T14:54:51,1,994.93,21.83,47.41,1.486,18.88,18.3050,25.9,4.03,-55,9.50,
2026-09-21T14:54:52,1,994.93,21.84,47.41,1.482,18.56,18.3020,25.9,4.08,-53,9.50,
2026-09-21T14:54:53,1,994.92,21.85,47.38,1.485,18.82,18.2970,25.9,4.03,-56,9.50,
2026-09-21T14:54:54,1,994.91,21.86,47.39,1.484,18.75,18.2970,25.9,4.08,-55,9.25,
2026-09-21T14:54:55,1,994.93,21.84,47.41,1.483,18.62,18.2960,25.9,4.03,-55,9.75,
2026-09-21T14:54:57,1,994.95,21.85,47.40,1.484,18.69,18.2970,25.9,4.08,-56,9.50,
2026-09-21T14:54:58,1,994.89,21.84,47.39,1.486,18.88,18.2950,25.9,4.03,-57,10.25,
2026-09-21T14:54:59,1,994.95,21.85,47.40,1.481,18.49,18.2940,25.9,4.08,-56,9.75,
2026-09-21T14:55:00,1,995.00,21.84,47.41,1.488,19.01,18.2920,25.9,4.02,-56,9.50,
2026-09-21T14:55:02,1,994.84,21.83,47.44,1.488,19.01,18.2910,25.9,4.02,-55,9.75,
2026-09-21T14:55:03,1,994.99,21.85,47.42,1.487,18.95,18.2870,25.9,4.08,-56,9.75,
2026-09-21T14:55:04,1,994.80,21.82,47.39,1.487,18.95,18.2840,25.9,4.07,-56,9.75,
2026-09-21T14:55:06,1,994.89,21.84,47.39,1.488,19.01,18.2830,25.9,4.04,-56,9.25,
2026-09-21T14:55:07,1,994.98,21.84,47.40,1.489,19.14,18.2810,25.9,4.08,-56,9.75,
2026-09-21T14:55:08,1,994.96,21.83,47.41,1.484,18.69,18.2900,25.9,4.04,-55,9.50,
2026-09-21T14:55:09,1,994.95,21.84,47.36,1.482,18.56,18.2920,25.9,4.08,-55,9.75,
2026-09-21T14:55:10,1,994.95,21.84,47.40,1.486,18.88,18.2900,25.9,4.04,-56,9.50,
2026-09-21T14:55:11,1,994.98,21.84,47.41,1.484,18.75,18.2940,25.9,4.08,-56,9.50,
2026-09-21T14:55:12,1,995.02,21.85,47.38,1.486,18.88,18.2950,25.9,4.04,-57,9.75,
2026-09-21T14:55:13,1,994.93,21.82,47.40,1.484,18.75,18.2980,25.9,4.08,-58,9.75,
2026-09-21T14:55:15,1,994.99,21.84,47.39,1.486,18.88,18.2980,25.9,4.04,-58,9.75,
2026-09-21T14:55:16,1,995.00,21.83,47.42,1.484,18.75,18.3030,25.9,4.07,-58,9.50,
2026-09-21T14:55:17,1,994.91,21.85,47.39,1.487,18.95,18.3020,25.9,4.04,-55,9.25,
2026-09-21T14:55:18,1,994.95,21.82,47.42,1.484,18.69,18.3000,25.9,4.08,-55,9.50,
2026-09-21T14:55:19,1,995.09,21.84,47.41,1.487,18.95,18.3050,25.9,4.04,-57,10.25,
2026-09-21T14:55:20,1,994.89,21.83,47.37,1.485,18.82,18.3080,25.9,4.08,-56,9.50,
2026-09-21T14:55:21,1,994.94,21.82,47.42,1.486,18.88,18.3060,25.9,4.02,-56,10.00,
2026-09-21T14:55:22,1,994.91,21.85,47.40,1.485,18.82,18.3030,25.9,4.08,-58,9.25,
2026-09-21T14:55:24,1,994.96,21.85,47.39,1.486,18.88,18.3020,25.9,4.03,-58,12.25,
2026-09-21T14:55:25,1,995.00,21.81,47.40,1.484,18.69,18.3020,25.9,4.08,-57,10.25,
2026-09-21T14:55:27,1,994.97,21.85,47.41,1.484,18.75,18.3020,25.9,4.08,-49,0.00,
2026-09-21T14:55:28,1,994.97,21.84,47.41,1.487,18.95,18.2900,25.9,4.03,-50,-1.00,
2026-09-21T14:55:32,1,1012.26,21.85,47.41,1.488,19.07,18.2870,25.9,4.03,-58,9.50,
2026-09-21T14:55:34,1,994.94,21.85,47.40,1.483,18.62,18.2810,25.9,4.04,-58,9.75,
2026-09-21T14:55:35,1,995.00,21.84,47.43,1.490,19.20,18.2750,25.9,4.08,-59,9.25,
2026-09-21T14:55:36,1,995.01,21.83,47.39,1.484,18.75,18.2740,25.9,4.04,-59,9.25,
2026-09-21T14:55:37,1,994.97,21.81,47.40,1.482,18.56,18.2770,25.9,4.08,-58,9.50,
2026-09-21T14:55:38,1,995.01,21.83,47.41,1.485,18.82,18.2820,25.9,4.04,-60,9.75,
2026-09-21T14:55:39,1,995.00,21.85,47.42,1.485,18.82,18.2800,25.9,4.08,-59,9.75,
2026-09-21T14:55:40,1,994.95,21.85,47.39,1.486,18.88,18.2700,25.9,4.04,-60,9.25,
2026-09-21T14:55:41,1,995.15,21.85,47.41,1.483,18.62,18.2740,25.9,4.08,-59,9.75,
2026-09-21T14:55:43,1,994.96,21.83,47.42,1.481,18.49,18.2820,25.9,4.04,-60,10.00,
2026-09-21T14:55:44,1,994.97,21.83,47.42,1.481,18.49,18.2850,25.9,4.08,-59,9.50,
2026-09-21T14:55:45,1,994.97,21.85,47.41,1.484,18.75,18.2920,25.9,4.04,-60,9.25,
2026-09-21T14:55:46,1,995.07,21.84,47.36,1.481,18.49,18.2930,25.9,4.08,-59,9.25,
2026-09-21T14:55:47,1,995.14,21.84,47.41,1.487,18.95,18.2910,25.9,4.04,-58,9.50,
2026-09-21T14:55:48,1,995.06,21.84,47.40,1.484,18.69,18.2870,25.9,4.08,-57,9.75,
2026-09-21T14:55:49,1,995.03,21.85,47.41,1.487,18.95,18.2890,25.9,4.03,-56,9.50,
2026-09-21T14:55:50,1,995.07,21.82,47.41,1.483,18.62,18.2850,25.9,4.08,-60,9.50,
2026-09-21T14:55:52,1,994.89,21.84,47.41,1.487,18.95,18.2860,25.9,4.03,-60,9.50,
2026-09-21T14:55:53,1,994.98,21.84,47.41,1.484,18.69,18.2920,25.9,4.08,-60,10.00,
2026-09-21T14:55:54,1,995.06,21.83,47.41,1.487,18.95,18.2980,25.9,4.03,-59,9.75,
2026-09-21T14:55:55,1,995.09,21.84,47.41,1.484,18.75,18.2990,25.9,4.08,-58,9.75,
2026-09-21T14:55:56,1,995.10,21.82,47.38,1.485,18.82,18.3000,25.9,4.03,-59,9.75,
2026-09-21T14:55:57,1,994.98,21.83,47.41,1.484,18.75,18.3010,25.9,4.08,-58,9.50,
2026-09-21T14:55:58,1,995.18,21.84,47.41,1.488,19.07,18.3000,25.9,4.02,-58,9.50,
2026-09-21T14:55:59,1,994.90,21.84,47.41,1.488,19.07,18.3010,25.9,4.07,-58,9.75,
2026-09-21T14:56:00,1,995.05,21.84,47.39,1.488,19.01,18.3030,25.9,4.02,-57,9.25,
2026-09-21T14:56:02,1,995.07,21.84,47.43,1.484,18.75,18.3080,25.9,4.04,-58,9.50,
2026-09-21T14:56:03,1,995.04,21.83,47.40,1.488,19.01,18.3030,25.9,4.08,-59,9.25,
2026-09-21T14:56:04,1,995.03,21.82,47.45,1.484,18.75,18.3060,25.9,4.04,-58,9.50,
2026-09-21T14:56:05,1,994.98,21.82,47.39,1.486,18.88,18.3090,25.9,4.08,-58,9.50,
2026-09-21T14:56:06,1,995.03,21.85,47.40,1.488,19.01,18.3100,25.9,4.04,-57,9.00,
2026-09-21T14:56:07,1,995.16,21.82,47.41,1.484,18.75,18.3080,25.9,4.08,-58,9.25,
2026-09-21T14:56:08,1,995.05,21.84,47.43,1.486,18.88,18.3040,25.9,4.04,-58,9.00,
2026-09-21T14:56:09,1,995.16,21.83,47.40,1.485,18.82,18.3050,25.9,4.08,-50,1.00,
2026-09-21T14:56:11,1,995.01,21.84,47.41,1.488,19.01,18.3140,25.9,4.03,-51,0.75,
2026-09-21T14:56:12,1,995.11,21.81,47.41,1.498,19.85,18.3170,25.9,4.08,-50,0.25,
2026-09-21T14:56:13,1,995.04,21.84,47.38,1.486,18.88,18.3170,25.9,4.04,-58,7.75,
2026-09-21T14:56:17,1,995.20,21.85,47.41,1.491,19.27,18.3240,25.9,4.04,-59,9.50,
2026-09-21T14:56:18,1,995.09,21.85,47.41,1.486,18.88,18.3230,25.9,4.08,-57,9.75,
2026-09-21T14:56:20,1,995.07,21.84,47.41,1.488,19.01,18.3240,25.9,4.03,-59,9.75,
2026-09-21T14:56:21,1,995.14,21.84,47.41,1.484,18.69,18.3240,25.9,4.08,-56,9.75,
2026-09-21T14:56:22,1,995.12,21.82,47.40,1.488,19.01,18.3210,25.9,4.03,-57,9.50,
2026-09-21T14:56:23,1,995.17,21.82,47.39,1.484,18.75,18.3190,25.9,4.08,-56,9.50,
2026-09-21T14:56:24,1,995.14,21.83,47.41,1.485,18.82,18.3160,25.9,4.03,-56,9.50,
2026-09-21T14:56:25,1,995.13,21.85,47.40,1.488,19.07,18.3120,25.9,4.06,-60,9.25,
2026-09-21T14:56:26,1,995.14,21.82,47.41,1.486,18.88,18.3110,25.9,4.03,-59,9.50,
2026-09-21T14:56:27,1,995.07,21.81,47.39,1.485,18.82,18.3140,25.9,4.08,-59,9.50,
2026-09-21T14:56:29,1,995.13,21.83,47.40,1.488,19.01,18.3100,25.9,4.03,-59,9.50,
2026-09-21T14:56:30,1,995.07,21.82,47.44,1.483,18.62,18.3080,25.9,4.07,-59,9.50,
2026-09-21T14:56:31,1,995.25,21.84,47.41,1.490,19.20,18.3010,25.9,4.08,-60,9.75,
2026-09-21T14:56:32,1,995.13,21.81,47.41,1.483,18.62,18.2970,25.9,4.04,-59,9.50,
2026-09-21T14:56:33,1,995.11,21.83,47.41,1.490,19.20,18.2920,25.9,4.08,-59,9.50,
2026-09-21T14:56:34,1,995.11,21.82,47.40,1.488,19.07,18.2930,25.9,4.04,-59,9.25,
2026-09-21T14:56:35,1,995.22,21.85,47.42,1.483,18.62,18.2830,25.9,4.08,-60,9.50,
2026-09-21T14:56:36,1,995.07,21.82,47.40,1.487,18.95,18.2750,25.9,4.04,-60,9.50,
2026-09-21T14:56:37,1,995.08,21.85,47.40,1.480,18.43,18.2710,25.9,4.08,-58,9.25,
2026-09-21T14:56:39,1,995.12,21.83,47.41,1.487,18.95,18.2660,25.9,4.04,-59,9.50,
2026-09-21T14:56:40,1,995.14,21.80,47.40,1.485,18.82,18.2680,25.9,4.08,-58,9.50,
2026-09-21T14:56:41,1,995.12,21.85,47.41,1.487,18.95,18.2670,25.9,4.04,-59,8.75,
2026-09-21T14:56:42,1,995.16,21.82,47.40,1.487,18.95,18.2670,25.9,4.08,-60,9.50,
2026-09-21T14:56:43,1,995.12,21.82,47.40,1.488,19.07,18.2710,25.9,4.04,-55,9.25,
2026-09-21T14:56:44,1,995.20,21.82,47.40,1.482,18.56,18.2740,25.9,4.08,-59,9.25,
2026-09-21T14:56:45,1,995.15,21.82,47.40,1.486,18.88,18.2680,25.9,4.04,-56,9.50,
2026-09-21T14:56:46,1,995.29,21.82,47.42,1.483,18.62,18.2660,25.9,4.08,-57,9.50,
2026-09-21T14:56:48,1,995.02,21.81,47.42,1.488,19.01,18.2680,25.9,4.03,-57,10.00,
2026-09-21T14:56:49,1,995.14,21.82,47.40,1.484,18.75,18.2730,25.9,4.08,-55,9.50,
2026-09-21T14:56:50,1,995.24,21.81,47.38,1.488,19.07,18.2700,25.9,4.03,-55,9.75,
2026-09-21T14:56:51,1,995.16,21.82,47.40,1.484,18.75,18.2720,25.9,4.08,-54,9.50,
2026-09-21T14:56:52,1,995.10,21.84,47.44,1.488,19.07,18.2740,25.9,4.03,-55,9.75,
2026-09-21T14:56:53,1,995.08,21.81,47.43,1.484,18.75,18.2780,25.9,4.08,-49,2.25,
2026-09-21T14:56:54,1,995.18,21.82,47.41,1.486,18.88,18.2830,25.9,4.03,-50,-1.00,
2026-09-21T14:56:55,1,995.08,21.81,47.40,1.484,18.75,18.2890,25.9,4.08,-47,-0.50,
2026-09-21T14:56:57,1,995.22,21.82,47.41,1.487,18.95,18.2890,25.9,4.02,-53,6.50,
2026-09-21T14:57:01,1,1012.49,21.84,47.42,1.488,19.07,18.2920,25.9,4.08,-59,9.00,
2026-09-21T14:57:02,1,995.15,21.81,47.42,1.491,19.27,18.2880,25.9,4.04,-57,9.50,
2026-09-21T14:57:03,1,995.12,21.82,47.40,1.484,18.75,18.2840,25.9,4.08,-55,9.50,
2026-09-21T14:57:04,1,995.24,21.82,47.40,1.487,18.95,18.2860,25.9,4.04,-54,9.50,6
2026-09-21T14:57:05,1,995.17,21.82,47.41,1.487,18.95,18.2860,25.9,4.08,-55,9.75,
2026-09-21T14:57:07,1,995.14,21.81,47.43,1.486,18.88,18.2880,25.9,4.03,-55,9.50,
2026-09-21T14:57:08,1,995.24,21.82,47.44,1.483,18.62,18.2860,25.9,4.08,-52,9.75,
2026-09-21T14:57:09,1,995.10,21.84,47.41,1.488,19.01,18.2860,25.9,4.04,-55,9.25,
2026-09-21T14:57:10,1,995.30,21.84,47.41,1.482,18.56,18.2940,25.9,4.08,-57,9.75,
2026-09-21T14:57:11,1,995.30,21.83,47.42,1.486,18.88,18.2950,25.9,4.03,-52,9.25,
2026-09-21T14:57:12,1,995.30,21.82,47.43,1.484,18.69,18.2970,25.9,4.08,-53,9.25,
2026-09-21T14:57:13,1,995.21,21.84,47.42,1.491,19.27,18.2930,25.9,4.04,-59,9.25,
2026-09-21T14:57:14,1,995.20,21.83,47.41,1.488,19.01,18.2950,25.9,4.08,-56,9.50,
2026-09-21T14:57:16,1,995.22,21.82,47.43,1.485,18.82,18.2940,25.9,4.03,-54,9.50,
2026-09-21T14:57:17,1,995.29,21.82,47.41,1.483,18.62,18.2960,25.9,4.08,-54,9.00,
2026-09-21T14:57:18,1,995.27,21.82,47.42,1.487,18.95,18.2900,25.9,4.03,-54,9.50,
2026-09-21T14:57:19,1,995.16,21.81,47.41,1.484,18.69,18.2960,25.9,4.08,-54,9.50,
2026-09-21T14:57:20,1,995.16,21.82,47.43,1.487,18.95,18.2940,25.9,4.03,-54,9.75,
2026-09-21T14:57:21,1,995.27,21.81,47.43,1.487,18.95,18.2940,25.9,4.08,-55,9.50,
2026-09-21T14:57:22,1,995.22,21.82,47.39,1.488,19.07,18.3010,25.9,4.03,-55,9.50,
2026-09-21T14:57:23,1,995.28,21.81,47.42,1.484,18.69,18.3030,25.9,4.08,-54,9.25,
2026-09-21T14:57:25,1,995.18,21.82,47.42,1.486,18.88,18.3010,25.9,4.02,-55,9.50,
2026-09-21T14:57:26,1,995.24,21.82,47.40,1.486,18.88,18.3010,25.9,4.07,-54,9.50,
2026-09-21T14:57:28,1,995.30,21.83,47.42,1.484,18.69,18.2980,25.9,4.04,-54,9.25,
2026-09-21T14:57:29,1,995.21,21.82,47.40,1.488,19.01,18.2940,25.9,4.08,-53,9.25,
2026-09-21T14:57:30,1,995.17,21.82,47.40,1.484,18.75,18.2930,25.9,4.04,-54,9.50,
2026-09-21T14:57:31,1,995.34,21.82,47.39,1.487,18.95,18.2920,25.9,4.08,-53,9.00,
2026-09-21T14:57:32,1,995.26,21.81,47.43,1.487,18.95,18.2960,25.9,4.04,-55,9.50,
2026-09-21T14:57:34,1,995.33,21.81,47.40,1.484,18.69,18.2940,25.9,4.08,-53,9.25,
2026-09-21T14:57:35,1,995.21,21.83,47.43,1.488,19.01,18.2890,25.9,4.04,-53,9.50,
2026-09-21T14:57:36,1,995.34,21.84,47.42,1.482,18.56,18.2900,25.9,4.08,-57,9.75,
2026-09-21T14:57:37,1,995.35,21.83,47.41,1.486,18.88,18.2880,25.9,4.04,-48,8.25,
2026-09-21T14:57:38,1,995.24,21.82,47.44,1.486,18.88,18.2810,25.9,4.08,-52,3.75,
2026-09-21T14:57:39,1,995.27,21.81,47.40,1.488,19.01,18.2880,25.9,4.04,-50,4.50,
2026-09-21T14:57:40,1,995.27,21.82,47.40,1.486,18.88,18.2850,25.9,4.08,-48,4.25,
2026-09-21T14:57:45,1,1036.19,21.87,47.63,1.488,19.07,18.2930,25.9,4.07,-54,9.50,
2026-09-21T14:57:46,1,1018.10,21.84,47.79,1.484,18.69,18.2950,25.9,4.03,-55,9.75,
2026-09-21T14:57:47,1,1018.18,21.84,47.85,1.484,18.69,18.2950,25.9,4.08,-55,9.50,
2026-09-21T14:57:48,1,1018.02,21.84,47.86,1.484,18.75,18.3120,25.9,4.03,-55,9.75,
2026-09-21T14:57:49,1,1017.97,21.84,47.71,1.478,18.24,18.3400,25.9,4.08,-53,9.25,
2026-09-21T14:57:50,1,1018.09,21.85,47.63,1.474,17.91,18.2520,25.9,4.03,-53,9.50,
2026-09-21T14:57:51,1,1018.15,21.85,47.49,1.465,17.20,18.0590,25.9,4.08,-54,9.25,
2026-09-21T14:57:53,1,1017.96,21.82,47.31,1.459,16.75,17.7450,25.9,4.03,-51,9.50,
2026-09-21T14:57:54,1,1018.01,21.82,47.17,1.438,15.08,17.3090,25.9,4.07,-54,9.50,
2026-09-21T14:57:55,1,1018.11,21.82,47.07,1.429,14.30,16.7570,25.9,4.02,-53,9.25,
2026-09-21T14:57:56,1,1018.04,21.82,46.97,1.416,13.27,16.1130,25.9,4.08,-54,9.50,
2026-09-21T14:57:57,1,1017.99,21.83,46.97,1.407,12.56,15.3960,25.9,4.02,-53,9.25,
2026-09-21T14:57:58,1,1018.13,21.79,46.94,1.389,11.14,14.6130,25.9,4.04,-53,9.00,
2026-09-21T14:57:59,1,1017.99,21.82,46.89,1.386,10.89,12.8290,25.9,4.08,-50,9.50,
2026-09-21T14:58:00,1,1018.03,21.81,46.83,1.368,9.40,11.8790,25.9,4.03,-52,9.75,
2026-09-21T14:58:02,1,1018.08,21.80,46.79,1.359,8.69,10.9100,25.9,4.08,-53,9.25,
2026-09-21T14:58:03,1,1018.06,21.80,46.77,1.345,7.60,9.9510,25.9,4.04,-50,9.50,
2026-09-21T14:58:04,1,1018.01,21.81,46.78,1.322,5.79,8.9940,25.9,4.07,-51,9.50,
2026-09-21T14:58:05,1,1017.95,21.79,46.76,1.316,5.28,8.0630,25.9,4.04,-52,9.75,
2026-09-21T14:58:06,1,1018.11,21.80,46.74,1.304,4.31,7.1580,25.9,4.08,-52,9.75,
2026-09-21T14:58:07,1,1018.11,21.80,46.68,1.301,4.05,6.2860,25.9,4.03,-53,9.75,
2026-09-21T14:58:08,1,1018.02,21.78,46.62,1.292,3.34,5.4500,25.9,4.08,-52,10.00,
2026-09-21T14:58:09,1,1018.08,21.77,46.57,1.289,3.15,3.9200,25.9,4.03,-51,10.00,
2026-09-21T14:58:10,1,1018.12,21.78,46.48,1.280,2.38,3.3930,25.9,4.08,-55,9.75,
2026-09-21T14:58:12,1,1018.05,21.76,46.48,1.281,2.44,2.9160,25.9,4.03,-53,9.50,
2026-09-21T14:58:13,1,1018.09,21.77,46.48,1.271,1.67,2.5040,25.9,4.07,-54,9.50,
2026-09-21T14:58:14,1,1018.04,21.78,46.49,1.270,1.60,2.1480,25.9,4.00,-54,9.75,
2026-09-21T14:58:15,1,1018.02,21.78,46.51,1.266,1.28,1.8420,25.9,4.04,-55,9.75,
2026-09-21T14:58:16,1,1018.05,21.76,46.53,1.269,1.54,1.5770,25.9,4.08,-54,9.50,
2026-09-21T14:58:17,1,1017.98,21.76,46.50,1.267,1.35,1.3440,25.9,4.03,-54,9.75,
2026-09-21T14:58:18,1,1018.04,21.79,46.59,1.262,0.96,0.9770,25.9,4.08,-54,9.75,
2026-09-21T14:58:19,1,1018.13,21.76,46.64,1.265,1.22,0.8920,25.9,4.05,-54,9.75,
2026-09-21T14:58:20,1,1018.11,21.79,46.71,1.261,0.89,0.7860,25.9,4.08,-52,9.75,
2026-09-21T14:58:22,1,1017.99,21.77,46.76,1.264,1.09,0.6940,25.9,4.04,-48,7.25,
2026-09-21T14:58:23,1,1018.06,21.75,46.77,1.259,0.70,0.6120,25.9,4.08,-46,8.50,
2026-09-21T14:58:24,1,1018.03,21.78,46.79,1.256,0.44,0.5410,25.9,4.04,-50,9.00,
2026-09-21T14:58:28,1,1035.04,21.77,46.83,1.255,0.38,0.2920,25.9,4.03,-50,9.50,
2026-09-21T14:58:29,1,1017.96,21.77,46.85,1.258,0.64,0.2590,25.9,4.05,-52,9.50,
2026-09-21T14:58:31,1,1018.07,21.77,46.85,1.260,0.76,0.2290,25.9,4.08,-54,9.75,
2026-09-21T14:58:32,1,1018.06,21.75,46.85,1.259,0.70,0.2020,25.9,4.05,-53,9.25,
2026-09-21T14:58:33,1,1018.09,21.77,46.87,1.254,0.31,0.1780,25.9,4.08,-53,9.50,
2026-09-21T14:58:34,1,1018.15,21.76,46.89,1.258,0.64,0.1570,25.9,4.05,-53,9.50,
2026-09-21T14:58:35,1,1018.03,21.77,46.87,1.254,0.31,0.1390,25.9,4.08,-53,9.50,
2026-09-21T14:58:36,1,1018.05,21.75,46.87,1.260,0.76,0.1250,25.9,4.04,-52,9.50,
2026-09-21T14:58:37,1,1018.07,21.78,46.87,1.254,0.31,0.1130,25.9,4.08,-55,9.50,
2026-09-21T14:58:38,1,1017.98,21.76,46.87,1.258,0.64,0.0970,25.9,4.05,-60,9.75,
2026-09-21T14:58:39,1,1018.10,21.76,46.88,1.255,0.38,0.0910,25.9,4.08,-69,9.50,
2026-09-21T14:58:41,1,1017.95,21.80,46.92,1.256,0.51,0.0870,25.9,4.04,-65,9.75,
2026-09-21T14:58:42,1,1018.08,21.79,46.90,1.256,0.51,0.0840,25.9,4.08,-59,10.00,
2026-09-21T14:58:43,1,1017.98,21.78,46.91,1.259,0.70,0.0820,25.9,4.03,-58,9.75,
2026-09-21T14:58:44,1,1017.99,21.77,46.88,1.254,0.31,0.0800,25.9,4.05,-59,9.50,
2026-09-21T14:58:45,1,1018.03,21.78,46.93,1.257,0.57,0.0790,25.9,4.08,-59,9.75,
2026-09-21T14:58:46,1,1018.04,21.79,46.89,1.256,0.51,0.0780,25.9,4.05,-67,9.75,
2026-09-21T14:58:47,1,1018.11,21.77,46.92,1.253,0.25,0.0780,25.9,4.08,-65,9.50,
2026-09-21T14:58:48,1,1018.18,21.78,46.91,1.259,0.70,0.0790,25.9,4.05,-59,9.75,
2026-09-21T14:58:49,1,1018.07,21.74,46.90,1.256,0.44,0.0800,25.9,4.08,-64,9.50,
2026-09-21T14:58:51,1,1017.99,21.76,46.94,1.260,0.76,0.0810,25.9,4.04,-61,10.00,
2026-09-21T14:58:52,1,1017.95,21.76,46.93,1.256,0.44,0.0820,25.9,4.08,-63,10.00,
2026-09-21T14:58:53,1,1018.08,21.78,46.91,1.258,0.64,0.0830,25.9,4.04,-59,9.75,
2026-09-21T14:58:54,1,1018.13,21.76,46.94,1.255,0.38,0.0840,25.9,4.08,-59,10.00,
2026-09-21T14:58:55,1,1018.30,21.78,46.93,1.261,0.89,0.0850,25.9,4.04,-64,9.75,
2026-09-21T14:58:56,1,1018.24,21.77,46.95,1.257,0.57,0.0850,25.9,4.08,-62,9.75,
2026-09-21T14:58:57,1,1018.17,21.76,46.93,1.258,0.64,0.0870,25.9,4.03,-58,9.50,
2026-09-21T14:58:58,1,1018.12,21.77,46.99,1.256,0.51,0.0880,25.9,4.05,-60,9.75,
2026-09-21T14:59:00,1,987.57,21.76,46.98,1.254,0.31,0.0900,25.9,4.08,-62,10.00,
2026-09-21T14:59:02,1,868.61,21.69,45.87,1.255,0.38,0.0930,25.9,4.08,-64,9.50,
2026-09-21T14:59:03,1,820.69,21.67,44.69,1.258,0.64,0.0950,25.9,4.05,-61,9.75,
2026-09-21T14:59:04,1,777.99,21.62,43.33,1.255,0.38,0.0960,25.9,4.08,-58,6.75,
2026-09-21T14:59:05,1,739.05,21.62,41.92,1.260,0.83,0.0970,25.9,4.04,-56,9.00,
2026-09-21T14:59:06,1,703.42,21.60,40.44,1.256,0.44,0.0980,25.9,4.07,-55,4.50,
2026-09-21T14:59:07,1,670.35,21.56,39.04,1.260,0.76,0.1000,25.9,4.04,-59,7.50,
2026-09-21T14:59:12,1,607.75,21.48,33.95,1.259,0.70,0.1060,24.9,4.08,-55,10.00,
2026-09-21T14:59:13,1,611.77,21.44,33.30,1.255,0.38,0.1090,24.9,4.04,-56,10.25,
2026-09-21T14:59:14,1,614.31,21.44,32.90,1.256,0.44,0.1110,24.9,4.08,-56,9.25,
2026-09-21T14:59:15,1,616.34,21.45,32.78,1.261,0.89,0.1130,24.9,4.04,-59,9.50,
2026-09-21T14:59:16,1,617.80,21.44,32.70,1.256,0.44,0.1190,24.9,4.08,-60,9.50,
2026-09-21T14:59:17,1,618.86,21.42,32.68,1.260,0.83,0.1220,24.9,4.05,-55,10.00,
2026-09-21T14:59:19,1,619.61,21.42,32.68,1.256,0.44,0.1250,24.9,4.08,-58,9.25,
2026-09-21T14:59:20,1,620.25,21.40,32.76,1.259,0.70,0.1270,24.9,4.04,-62,10.00,
2026-09-21T14:59:21,1,620.80,21.41,32.84,1.259,0.70,0.1290,24.9,4.08,-59,9.50,
2026-09-21T14:59:22,1,605.07,21.40,32.90,1.260,0.76,0.1300,24.9,4.04,-59,9.50,
2026-09-21T14:59:23,1,570.79,21.35,32.77,1.256,0.44,0.1300,24.9,4.08,-61,10.00,
2026-09-21T14:59:24,1,540.80,21.35,32.31,1.256,0.51,0.1310,24.9,4.03,-60,10.00,
2026-09-21T14:59:25,1,514.24,21.32,31.58,1.260,0.76,0.1310,24.9,4.08,-59,9.75,
2026-09-21T14:59:26,1,491.80,21.32,30.73,1.261,0.89,0.1320,24.9,4.08,-59,10.00,
2026-09-21T14:59:27,1,497.20,21.29,29.99,1.255,0.38,0.1320,24.9,4.05,-61,9.50,
2026-09-21T14:59:29,1,500.32,21.31,29.50,1.257,0.57,0.1320,24.9,4.08,-59,9.75,
2026-09-21T14:59:30,1,502.27,21.30,29.20,1.257,0.57,0.1310,24.9,4.04,-60,9.75,
2026-09-21T14:59:31,1,503.67,21.30,29.07,1.264,1.15,0.1290,24.9,4.08,-60,9.50,
2026-09-21T14:59:32,1,504.64,21.29,29.02,1.260,0.83,0.1270,24.9,4.04,-57,9.50,
2026-09-21T14:59:33,1,505.38,21.27,28.90,1.256,0.44,0.1250,24.9,4.08,-66,9.75,
2026-09-21T14:59:34,1,506.02,21.27,28.87,1.260,0.76,0.1220,24.9,4.04,-70,9.50,
2026-09-21T14:59:35,1,506.40,21.28,28.91,1.256,0.51,0.1200,24.9,4.08,-63,9.50,
2026-09-21T14:59:36,1,506.78,21.25,28.94,1.259,0.70,0.1130,24.9,4.03,-65,9.75,
2026-09-21T14:59:37,1,507.12,21.24,29.01,1.258,0.64,0.1100,24.9,4.08,-59,9.25,
2026-09-21T14:59:39,1,507.35,21.27,29.09,1.258,0.64,0.1070,24.9,4.03,-61,9.75,
2026-09-21T14:59:40,1,507.44,21.24,29.12,1.257,0.57,0.1050,24.9,4.08,-61,9.75,
2026-09-21T14:59:41,1,507.58,21.24,29.21,1.261,0.89,0.1030,24.9,4.08,-58,10.00,
2026-09-21T14:59:42,1,507.79,21.22,29.27,1.258,0.64,0.1010,24.9,4.04,-59,10.00,
2026-09-21T14:59:43,1,507.81,21.24,29.26,1.257,0.57,0.1000,24.9,4.08,-55,9.50,
2026-09-21T14:59:44,1,507.96,21.22,29.32,1.258,0.64,0.0980,24.9,4.04,-58,9.50,
2026-09-21T14:59:45,1,508.05,21.21,29.30,1.257,0.57,0.0960,24.9,4.08,-59,9.75,
2026-09-21T14:59:46,1,508.10,21.24,29.36,1.259,0.70,0.0960,24.9,4.03,-59,9.50,
2026-09-21T14:59:48,1,508.30,21.22,29.36,1.256,0.44,0.0950,24.9,4.07,-53,6.50,
2026-09-21T14:59:49,1,508.39,21.24,29.37,1.257,0.57,0.0960,24.9,4.03,-55,5.50,
2026-09-21T14:59:50,1,508.33,21.22,29.38,1.256,0.51,0.0950,24.9,4.07,-49,8.00,
2026-09-21T14:59:51,1,508.37,21.23,29.37,1.258,0.64,0.0950,24.9,4.02,-56,7.50,
2026-09-21T14:59:55,1,508.65,21.23,29.48,1.260,0.83,0.0940,24.9,4.07,-53,9.50,
2026-09-21T14:59:56,1,508.61,21.22,29.52,1.256,0.51,0.0950,24.9,4.03,-55,9.50,
2026-09-21T14:59:58,1,508.72,21.23,29.60,1.257,0.57,0.0950,24.9,4.07,-58,9.75,
2026-09-21T14:59:59,1,512.07,21.23,29.57,1.257,0.57,0.0940,24.9,4.03,-58,9.50,
2026-09-21T15:00:00,1,511.87,21.22,29.68,1.256,0.51,0.0940,24.9,4.07,-58,9.50,
2026-09-21T15:00:01,1,511.66,21.24,29.76,1.257,0.57,0.0940,24.9,4.03,-59,9.75,
2026-09-21T15:00:02,1,511.64,21.24,29.81,1.256,0.44,0.0940,24.9,4.07,-56,9.75,
2026-09-21T15:00:03,1,511.62,21.23,29.87,1.259,0.70,0.1020,24.9,4.03,-55,9.50,
2026-09-21T15:00:04,1,511.64,21.26,29.92,1.256,0.44,0.1180,24.9,4.08,-57,9.75,
2026-09-21T15:00:05,1,511.59,21.24,29.96,1.258,0.64,0.1440,24.9,4.02,-56,10.00,
2026-09-21T15:00:06,1,511.64,21.25,30.03,1.255,0.38,0.1560,24.9,4.08,-58,10.25,
2026-09-21T15:00:08,1,511.70,21.24,30.11,1.261,0.89,0.1680,24.9,4.01,-58,10.25,
2026-09-21T15:00:09,1,511.67,21.27,30.11,1.257,0.57,0.1800,24.9,4.03,-58,10.00,
2026-09-21T15:00:10,1,511.76,21.26,30.16,1.260,0.76,0.1920,24.9,4.08,-57,9.50,
2026-09-21T15:00:11,1,511.75,21.27,30.13,1.260,0.83,0.2050,24.9,4.03,-57,9.75,
2026-09-21T15:00:12,1,511.69,21.28,30.17,1.259,0.70,0.2180,24.9,4.07,-58,10.25,
2026-09-21T15:00:13,1,511.77,21.26,30.15,1.261,0.89,0.2300,24.9,4.03,-57,9.75,
2026-09-21T15:00:14,1,511.82,21.30,30.19,1.259,0.70,0.2420,24.9,4.07,-58,9.75,
2026-09-21T15:00:15,1,532.00,21.30,30.23,1.260,0.83,0.2660,24.9,4.03,-57,9.50,
2026-09-21T15:00:16,1,532.92,21.32,30.26,1.258,0.64,0.2770,24.9,4.08,-57,9.75,
2026-09-21T15:00:18,1,534.25,21.31,30.34,1.262,0.96,0.2890,24.9,4.02,-58,10.25,
2026-09-21T15:00:19,1,535.69,21.32,30.48,1.262,0.96,0.2830,24.9,4.07,-59,9.50,
2026-09-21T15:00:20,1,537.20,21.31,30.54,1.264,1.09,0.3910,24.9,4.02,-58,10.00,
2026-09-21T15:00:21,1,538.59,21.32,30.64,1.263,1.02,0.4760,24.9,4.07,-57,9.75,
2026-09-21T15:00:22,1,540.15,21.32,30.79,1.268,1.47,0.5590,24.9,4.03,-57,9.75,
2026-09-21T15:00:23,1,541.61,21.34,30.86,1.265,1.22,0.6310,24.9,4.03,-56,9.75,
2026-09-21T15:00:24,1,543.23,21.34,30.96,1.261,0.89,0.7580,24.9,4.08,-57,10.00,
2026-09-21T15:00:25,1,544.65,21.31,31.05,1.268,1.47,0.8300,24.9,4.03,-58,10.00,
2026-09-21T15:00:27,1,546.20,21.33,31.13,1.271,1.67,0.9100,24.9,4.08,-55,9.50,
2026-09-21T15:00:28,1,547.57,21.33,31.17,1.276,2.05,0.9950,24.9,4.03,-57,10.00,
2026-09-21T15:00:29,1,549.05,21.34,31.28,1.271,1.67,1.0810,24.9,4.08,-56,10.25,
2026-09-21T15:00:30,1,550.66,21.34,31.35,1.276,2.12,1.1690,24.9,4.02,-55,10.00,
2026-09-21T15:00:31,1,552.11,21.36,31.39,1.276,2.05,1.2850,24.9,4.08,-50,7.25,
2026-09-21T15:00:32,1,553.57,21.36,31.46,1.281,2.51,1.4040,24.9,4.02,-49,6.00,
2026-09-21T15:00:33,1,555.00,21.36,31.53,1.279,2.31,1.5270,24.9,4.07,-47,3.75,
2026-09-21T15:00:34,1,556.55,21.37,31.62,1.285,2.83,1.8000,24.9,4.02,-55,9.25,
2026-09-21T15:00:39,1,562.46,21.38,31.90,1.285,2.83,2.4770,24.9,4.07,-51,9.50,
2026-09-21T15:00:40,1,563.81,21.38,31.98,1.289,3.09,2.4180,24.9,4.03,-50,10.00,
2026-09-21T15:00:41,1,565.37,21.38,32.02,1.285,2.83,2.4360,24.9,4.08,-50,9.50,
2026-09-21T15:00:42,1,566.61,21.38,32.09,1.290,3.21,2.4710,24.9,4.03,-49,9.75,
2026-09-21T15:00:43,1,568.23,21.40,32.15,1.285,2.76,2.5130,24.9,4.07,-50,9.50,
2026-09-21T15:00:44,1,569.66,21.39,32.22,1.293,3.47,2.6200,24.9,4.03,-50,10.00,
2026-09-21T15:00:46,1,571.16,21.41,32.29,1.293,3.41,2.6800,24.9,4.08,-50,9.75,
2026-09-21T15:00:47,1,572.62,21.39,32.32,1.296,3.67,2.7380,24.9,4.02,-50,10.00,
2026-09-21T15:00:48,1,574.00,21.38,32.43,1.293,3.47,2.7960,24.9,4.08,-50,10.00,
2026-09-21T15:00:49,1,575.44,21.40,32.49,1.297,3.73,2.8600,24.9,4.02,-51,10.25,
2026-09-21T15:00:50,1,576.93,21.42,32.57,1.293,3.41,2.9320,24.9,4.03,-51,9.75,
2026-09-21T15:00:51,1,578.28,21.40,32.63,1.301,4.05,3.0060,24.9,4.07,-51,9.75,
2026-09-21T15:00:52,1,579.73,21.41,32.66,1.298,3.86,3.0860,24.9,4.03,-50,9.75,
2026-09-21T15:00:53,1,581.23,21.45,32.75,1.297,3.79,3.2640,24.9,4.07,-53,9.75,
2026-09-21T15:00:54,1,582.60,21.44,32.79,1.303,4.25,3.3600,24.9,4.03,-52,10.00,
2026-09-21T15:00:56,1,584.10,21.43,32.83,1.301,4.12,3.4570,24.9,4.07,-52,9.75,
2026-09-21T15:00:57,1,585.55,21.45,32.87,1.305,4.38,3.5600,24.9,4.02,-51,10.00,
2026-09-21T15:00:58,1,586.99,21.45,32.95,1.305,4.38,3.6640,24.9,4.07,-51,9.50,
2026-09-21T15:00:59,1,588.38,21.45,32.97,1.312,4.96,3.7730,24.9,4.02,-51,11.50,
2026-09-21T15:01:00,1,589.84,21.44,33.07,1.310,4.76,3.8830,24.9,4.07,-51,10.00,
2026-09-21T15:01:01,1,591.28,21.46,33.09,1.313,5.02,3.9930,24.9,4.02,-52,10.00,
2026-09-21T15:01:02,1,592.73,21.44,33.14,1.313,5.02,4.1030,24.9,4.07,-51,10.00,
2026-09-21T15:01:03,1,594.09,21.44,33.19,1.317,5.34,4.3300,24.9,4.01,-52,10.00,
2026-09-21T15:01:04,1,595.49,21.44,33.25,1.315,5.21,4.4420,24.9,4.03,-52,9.75,
2026-09-21T15:01:06,1,597.03,21.45,33.27,1.318,5.41,4.6810,24.9,4.07,-54,12.25,
2026-09-21T15:01:07,1,598.38,21.46,33.32,1.323,5.86,4.8170,24.9,4.03,-53,9.50,
2026-09-21T15:01:08,1,599.88,21.48,33.41,1.322,5.79,4.9550,24.9,4.07,-53,9.50,
2026-09-21T15:01:09,1,601.21,21.48,33.41,1.328,6.24,5.0920,24.9,4.03,-53,10.00,
2026-09-21T15:01:10,1,602.72,21.46,33.46,1.326,6.12,5.2270,24.9,4.08,-54,9.75,
2026-09-21T15:01:11,1,604.09,21.46,33.51,1.329,6.31,5.3660,24.9,4.03,-54,10.00,
2026-09-21T15:01:12,1,605.54,21.48,33.53,1.331,6.50,5.5090,24.9,4.07,-53,9.50,
2026-09-21T15:01:13,1,606.94,21.46,33.59,1.335,6.82,5.7850,24.9,4.02,-53,9.50,
2026-09-21T15:01:15,1,608.41,21.46,33.64,1.333,6.63,5.9210,24.9,4.07,-46,6.25,
2026-09-21T15:01:16,1,609.85,21.50,33.67,1.339,7.08,6.0610,24.9,4.02,-48,6.00,
2026-09-21T15:01:17,1,611.25,21.48,33.69,1.341,7.28,6.2000,24.9,4.07,-48,6.50,
2026-09-21T15:01:18,1,612.64,21.46,33.71,1.343,7.41,6.3380,24.9,4.04,-55,8.75,
2026-09-21T15:01:22,1,618.43,21.50,33.84,1.350,7.99,7.0260,24.9,4.07,-54,9.75,
2026-09-21T15:01:23,1,619.78,21.51,33.89,1.351,8.05,7.1640,24.9,4.03,-54,9.75,
2026-09-21T15:01:25,1,621.24,21.52,33.89,1.352,8.18,7.3030,24.9,4.07,-56,9.75,
2026-09-21T15:01:26,1,622.63,21.51,33.97,1.356,8.50,7.4420,24.9,4.03,-54,10.00,
2026-09-21T15:01:27,1,624.11,21.51,33.94,1.356,8.50,7.5780,24.9,4.07,-55,10.00,
2026-09-21T15:01:28,1,625.58,21.52,34.06,1.360,8.82,7.7170,24.9,4.03,-54,10.00,
2026-09-21T15:01:29,1,626.87,21.52,34.06,1.359,8.76,7.8560,24.9,4.07,-54,9.75,
2026-09-21T15:01:30,1,628.32,21.52,34.09,1.364,9.15,7.9980,24.9,4.02,-55,10.00,
2026-09-21T15:01:31,1,629.78,21.53,34.12,1.358,8.63,8.1370,24.9,4.08,-54,10.00,
2026-09-21T15:01:32,1,631.22,21.52,34.10,1.369,9.53,8.4090,24.9,4.07,-54,9.75,
2026-09-21T15:01:33,1,632.60,21.52,34.15,1.368,9.47,8.5440,24.9,4.03,-54,9.75,
2026-09-21T15:01:35,1,633.98,21.53,34.21,1.368,9.40,8.6860,24.9,4.08,-53,9.75,
2026-09-21T15:01:36,1,635.46,21.56,34.22,1.373,9.85,8.8220,24.9,4.03,-54,9.75,
2026-09-21T15:01:37,1,636.88,21.54,34.26,1.372,9.79,8.9610,24.9,4.07,-53,9.50,
2026-09-21T15:01:38,1,638.31,21.54,34.22,1.380,10.37,9.0990,24.9,4.03,-53,9.25,
2026-09-21T15:01:39,1,639.68,21.54,34.27,1.378,10.24,9.2390,24.9,4.07,-54,9.75,
2026-09-21T15:01:40,1,641.22,21.54,34.30,1.383,10.63,9.3780,24.9,4.03,-53,9.75,
2026-09-21T15:01:41,1,642.53,21.55,34.33,1.379,10.31,9.5170,24.9,4.08,-54,9.75,
2026-09-21T15:01:42,1,643.97,21.55,34.34,1.384,10.69,9.8070,24.9,4.02,-52,9.50,
2026-09-21T15:01:44,1,645.36,21.58,34.36,1.382,10.56,9.9480,24.9,4.08,-54,9.75,
2026-09-21T15:01:45,1,646.78,21.56,34.38,1.389,11.14,10.0880,24.9,4.01,-53,9.50,
2026-09-21T15:01:46,1,648.27,21.56,34.43,1.393,11.40,10.2260,24.9,4.07,-54,9.75,
2026-09-21T15:01:47,1,649.58,21.54,34.44,1.395,11.60,10.3710,24.9,4.02,-53,9.75,
2026-09-21T15:01:48,1,651.06,21.57,34.44,1.396,11.66,10.5090,24.9,4.03,-52,10.00,
2026-09-21T15:01:49,1,652.56,21.54,34.45,1.397,11.79,10.6520,24.9,4.07,-53,9.00,
2026-09-21T15:01:50,1,653.86,21.58,34.50,1.397,11.72,10.7890,24.9,4.03,-52,9.75,
2026-09-21T15:01:51,1,655.33,21.57,34.51,1.404,12.30,11.0690,24.9,4.07,-53,9.00,
2026-09-21T15:01:52,1,656.63,21.56,34.52,1.401,12.05,11.2130,24.9,4.03,-52,9.50,
2026-09-21T15:01:54,1,658.16,21.60,34.56,1.401,12.11,11.3570,24.9,4.07,-54,9.50,
2026-09-21T15:01:55,1,659.49,21.58,34.58,1.413,13.08,11.4950,24.9,4.01,-54,9.25,
2026-09-21T15:01:56,1,661.03,21.58,34.63,1.409,12.76,11.6370,24.9,4.07,-48,6.00,
2026-09-21T15:01:57,1,662.36,21.59,34.61,1.409,12.76,11.7750,24.9,4.02,-47,4.00,
2026-09-21T15:01:58,1,663.82,21.59,34.63,1.412,12.95,11.9190,24.9,4.07,-45,3.25,
2026-09-21T15:02:03,1,669.49,21.61,34.71,1.418,13.47,12.6270,24.9,4.07,-53,9.75,
2026-09-21T15:02:04,1,670.91,21.61,34.74,1.422,13.79,12.7680,24.9,4.03,-52,9.75,
2026-09-21T15:02:05,1,672.42,21.60,34.73,1.422,13.79,12.9090,24.9,4.07,-53,9.25,
2026-09-21T15:02:06,1,673.67,21.60,34.76,1.426,14.05,13.0490,24.9,4.02,-52,9.50,
2026-09-21T15:02:07,1,675.09,21.61,34.77,1.426,14.11,13.1860,24.9,4.07,-53,9.50,
2026-09-21T15:02:08,1,676.59,21.60,34.79,1.431,14.50,13.3260,24.9,4.02,-52,9.50,
2026-09-21T15:02:09,1,677.99,21.60,34.79,1.429,14.30,13.4610,24.9,4.08,-56,9.50,
2026-09-21T15:02:10,1,679.37,21.62,34.80,1.434,14.69,13.7460,24.9,4.02,-54,10.00,
2026-09-21T15:02:12,1,680.89,21.61,34.85,1.432,14.56,13.8860,24.9,4.07,-59,9.75,
2026-09-21T15:02:13,1,682.25,21.62,34.83,1.438,15.01,14.0260,24.9,4.02,-54,9.75,
2026-09-21T15:02:14,1,683.64,21.60,34.87,1.439,15.14,14.1710,24.9,4.08,-54,9.75,
2026-09-21T15:02:15,1,685.06,21.62,34.87,1.443,15.46,14.3100,24.9,4.02,-54,11.75,
2026-09-21T15:02:16,1,686.48,21.62,34.91,1.444,15.53,14.4530,24.9,4.08,-55,9.25,
2026-09-21T15:02:17,1,687.86,21.62,34.90,1.447,15.79,14.5940,24.9,4.02,-55,10.00,
2026-09-21T15:02:18,1,689.25,21.63,34.91,1.447,15.72,14.7370,24.9,4.03,-58,9.75,
2026-09-21T15:02:19,1,690.73,21.62,34.93,1.452,16.17,15.0150,24.9,4.07,-58,9.25,
2026-09-21T15:02:20,1,692.09,21.62,34.97,1.450,15.98,15.1580,24.9,4.03,-54,9.75,
2026-09-21T15:02:22,1,693.59,21.62,34.95,1.455,16.43,15.2960,24.9,4.07,-54,9.25,
2026-09-21T15:02:23,1,694.89,21.65,34.97,1.456,16.50,15.4430,24.9,4.03,-54,9.75,
2026-09-21T15:02:24,1,696.45,21.66,35.00,1.458,16.62,15.5860,24.9,4.07,-54,9.25,
2026-09-21T15:02:25,1,697.78,21.65,34.98,1.461,16.88,15.7330,25.9,4.02,-53,9.50,
2026-09-21T15:02:26,1,699.18,21.64,35.04,1.463,17.08,15.8790,25.9,4.07,-54,9.50,
2026-09-21T15:02:27,1,700.60,21.64,35.02,1.466,17.27,16.0270,25.9,4.03,-54,9.50,
2026-09-21T15:02:28,1,701.99,21.65,35.03,1.466,17.27,16.1720,25.9,4.07,-54,9.25,
2026-09-21T15:02:29,1,703.30,21.67,35.07,1.469,17.53,16.4550,25.9,4.02,-56,9.50,
2026-09-21T15:02:31,1,704.79,21.66,35.04,1.470,17.59,16.5990,25.9,4.07,-58,9.25,
2026-09-21T15:02:32,1,706.20,21.65,35.08,1.472,17.78,16.7430,25.9,4.03,-58,9.75,
2026-09-21T15:02:33,1,707.63,21.66,35.11,1.474,17.91,16.8850,25.9,4.07,-59,9.25,
2026-09-21T15:02:34,1,708.97,21.66,35.12,1.477,18.17,17.0260,25.9,4.02,-58,9.50,
2026-09-21T15:02:35,1,710.43,21.66,35.11,1.476,18.11,17.1740,25.9,4.07,-56,9.75,
2026-09-21T15:02:36,1,711.89,21.68,35.12,1.480,18.43,17.3190,25.9,4.03,-51,7.00,
2026-09-21T15:02:37,1,713.32,21.68,35.17,1.480,18.36,17.4650,25.9,4.07,-51,6.75,
2026-09-21T15:02:38,1,714.04,21.68,35.12,1.486,18.88,17.7530,25.9,4.02,-51,6.75,
2026-09-21T15:02:44,1,721.93,21.68,35.13,1.494,19.53,18.4670,25.9,4.08,-57,9.50,
2026-09-21T15:02:45,1,723.21,21.72,35.27,1.504,20.30,18.6070,25.9,4.01,-54,9.75,
2026-09-21T15:02:46,1,724.37,21.68,35.23,1.498,19.85,18.7490,25.9,4.08,-53,9.25,
2026-09-21T15:02:47,1,725.82,21.69,35.11,1.503,20.23,19.0470,25.9,4.02,-61,9.50,
2026-09-21T15:02:49,1,727.12,21.69,35.06,1.503,20.23,19.2630,25.9,4.07,-54,9.25,
2026-09-21T15:02:50,1,728.56,21.69,35.04,1.510,20.81,19.4780,25.9,4.02,-56,9.50,
2026-09-21T15:02:51,1,730.03,21.69,34.98,1.510,20.81,19.6610,25.9,4.03,-56,10.00,
2026-09-21T15:02:52,1,731.54,21.69,34.94,1.517,21.39,19.8360,25.9,4.07,-55,9.50,
2026-09-21T15:02:53,1,732.89,21.69,34.91,1.514,21.14,20.0080,25.9,4.03,-57,9.75,
2026-09-21T15:02:54,1,734.26,21.69,34.92,1.514,21.14,20.1910,25.9,4.08,-49,9.50,
2026-09-21T15:02:55,1,735.79,21.69,34.90,1.523,21.85,20.3820,25.9,4.03,-55,10.00,
2026-09-21T15:02:56,1,737.12,21.70,34.92,1.518,21.46,20.5630,25.9,4.08,-55,9.75,
2026-09-21T15:02:57,1,738.61,21.68,34.88,1.529,22.30,20.9420,25.9,4.03,-55,10.00,
2026-09-21T15:02:59,1,740.15,21.69,34.88,1.526,22.10,21.1300,25.9,4.07,-56,9.50,
2026-09-21T15:03:00,1,741.48,21.72,34.86,1.531,22.49,21.3160,25.9,4.03,-56,9.50,
2026-09-21T15:03:01,1,742.95,21.69,34.92,1.531,22.49,21.4990,25.9,4.08,-56,10.00,
2026-09-21T15:03:02,1,744.32,21.69,34.91,1.540,23.20,21.6760,25.9,4.02,-56,9.50,
2026-09-21T15:03:03,1,745.77,21.70,34.90,1.534,22.68,21.8410,25.9,4.07,-55,9.25,
2026-09-21T15:03:04,1,747.18,21.72,34.89,1.542,23.33,22.0130,25.9,4.02,-56,9.50,
2026-09-21T15:03:05,1,748.80,21.72,34.91,1.538,23.07,22.1850,25.9,4.07,-55,9.75,
2026-09-21T15:03:06,1,750.03,21.69,34.92,1.544,23.52,22.5390,25.9,4.02,-57,9.50,
2026-09-21T15:03:08,1,751.49,21.71,34.97,1.544,23.52,22.6540,25.9,4.07,-57,9.50,
2026-09-21T15:03:09,1,752.78,21.73,34.99,1.548,23.84,22.7380,25.9,4.02,-56,9.75,
2026-09-21T15:03:10,1,754.33,21.73,35.02,1.548,23.84,22.8230,25.9,4.08,-56,9.75,
2026-09-21T15:03:11,1,755.70,21.72,34.98,1.550,24.04,22.9400,25.9,4.02,-56,9.75,
2026-09-21T15:03:12,1,757.14,21.73,35.01,1.550,23.97,23.0640,25.9,4.07,-56,9.50,
2026-09-21T15:03:13,1,758.58,21.74,35.04,1.553,24.23,23.1950,25.9,4.02,-56,10.00,
2026-09-21T15:03:14,1,760.03,21.72,35.09,1.553,24.23,23.3100,25.9,4.07,-57,9.75,
2026-09-21T15:03:15,1,761.39,21.73,35.08,1.558,24.62,23.5220,25.9,4.02,-56,9.50,
2026-09-21T15:03:17,1,762.86,21.74,35.09,1.553,24.23,23.6270,25.9,4.07,-57,9.75,
2026-09-21T15:03:18,1,764.32,21.74,35.10,1.559,24.68,23.7380,25.9,4.01,-56,9.75,
2026-09-21T15:03:19,1,765.66,21.73,35.17,1.560,24.81,23.8400,25.9,4.07,-57,9.75,
2026-09-21T15:03:20,1,767.08,21.73,35.11,1.564,25.13,23.9440,25.9,4.03,-49,5.75,
2026-09-21T15:03:21,1,768.39,21.75,35.16,1.563,25.01,24.0590,25.9,4.03,-49,4.75,
2026-09-21T15:03:22,1,769.91,21.74,35.16,1.567,25.39,24.1850,25.9,4.08,-49,6.50,
2026-09-21T15:03:23,1,771.25,21.74,35.20,1.566,25.26,24.3210,25.9,4.03,-55,9.25,
2026-09-21T15:03:28,1,776.91,21.75,35.24,1.573,25.84,24.9930,25.9,4.03,-55,9.50,
2026-09-21T15:03:29,1,778.31,21.75,35.25,1.576,26.10,25.1370,25.9,4.07,-55,9.25,
2026-09-21T15:03:30,1,779.60,21.75,35.29,1.584,26.68,25.2740,25.9,4.03,-56,9.75,
2026-09-21T15:03:31,1,781.19,21.73,35.28,1.579,26.36,25.4170,25.9,4.07,-56,9.25,
2026-09-21T15:03:32,1,782.45,21.76,35.30,1.584,26.68,25.5630,25.9,4.03,-56,9.75,
2026-09-21T15:03:33,1,783.65,21.76,35.30,1.584,26.75,25.7020,25.9,4.08,-56,9.75,
2026-09-21T15:03:34,1,785.22,21.77,35.33,1.589,27.13,25.9960,25.9,4.03,-55,9.75,
2026-09-21T15:03:36,1,786.47,21.77,35.34,1.588,27.07,26.1450,25.9,4.08,-56,9.50,
2026-09-21T15:03:37,1,787.67,21.76,35.36,1.591,27.26,26.2950,25.9,4.02,-56,9.50,
2026-09-21T15:03:38,1,789.09,21.76,35.38,1.592,27.39,26.4410,25.9,4.07,-56,9.25,
2026-09-21T15:03:39,1,790.44,21.77,35.38,1.596,27.71,26.5890,25.9,4.02,-56,9.25,
2026-09-21T15:03:40,1,791.71,21.74,35.40,1.596,27.65,26.7400,25.9,4.08,-57,9.75,
2026-09-21T15:03:41,1,792.95,21.76,35.40,1.602,28.16,26.8870,25.9,4.02,-58,9.75,
2026-09-21T15:03:42,1,794.18,21.78,35.43,1.605,28.42,27.0390,25.9,4.07,-58,9.50,
2026-09-21T15:03:43,1,795.47,21.77,35.44,1.604,28.29,27.3250,25.9,4.01,-55,9.50,
2026-09-21T15:03:45,1,796.80,21.76,35.45,1.604,28.36,27.4730,25.9,4.07,-56,9.75,
2026-09-21T15:03:46,1,798.10,21.78,35.45,1.605,28.42,27.6260,25.9,4.02,-56,9.50,
2026-09-21T15:03:47,1,799.25,21.76,35.49,1.612,28.94,27.7820,25.9,4.07,-57,9.25,
2026-09-21T15:03:48,1,800.36,21.78,35.45,1.614,29.13,27.9280,25.9,4.02,-58,9.25,
2026-09-21T15:03:49,1,801.44,21.77,35.46,1.613,29.07,28.0710,25.9,4.07,-53,9.00,
2026-09-21T15:03:50,1,802.55,21.77,35.48,1.621,29.65,28.2180,25.9,4.01,-52,10.00,
2026-09-21T15:03:51,1,803.51,21.76,35.47,1.615,29.20,28.3590,25.9,4.07,-55,9.25,
2026-09-21T15:03:52,1,804.48,21.79,35.48,1.621,29.65,28.6440,25.9,4.07,-57,9.50,
2026-09-21T15:03:54,1,805.46,21.77,35.46,1.622,29.78,28.7870,25.9,4.03,-57,9.75,
2026-09-21T15:03:55,1,806.23,21.81,35.48,1.626,30.10,28.9220,25.9,4.07,-57,9.50,
2026-09-21T15:03:56,1,806.33,21.80,35.47,1.625,29.97,29.0550,25.9,4.03,-58,9.50,
2026-09-21T15:03:57,1,805.97,21.79,35.47,1.628,30.23,29.1970,25.9,4.07,-54,9.75,
2026-09-21T15:03:58,1,805.80,21.79,35.43,1.631,30.48,29.3430,25.9,4.03,-52,9.50,
2026-09-21T15:03:59,1,805.66,21.77,35.43,1.629,30.36,29.4800,25.9,4.07,-53,9.50,
2026-09-21T15:04:00,1,805.51,21.81,35.41,1.633,30.68,29.6120,25.9,4.03,-52,9.50,
2026-09-21T15:04:01,1,805.41,21.80,35.37,1.633,30.61,29.7410,25.9,4.07,-52,10.00,
2026-09-21T15:04:02,1,805.32,21.79,35.36,1.637,30.94,29.9720,25.9,4.03,-53,9.25,
2026-09-21T15:04:04,1,805.18,21.78,35.37,1.637,30.94,30.0880,25.9,4.07,-52,9.00,
2026-09-21T15:04:05,1,805.05,21.77,35.29,1.641,31.26,30.1910,25.9,4.03,-50,1.00,
2026-09-21T15:04:06,1,812.27,21.77,35.28,1.637,30.94,30.2790,25.9,4.07,-51,-0.75,
2026-09-21T15:04:07,1,811.74,21.80,35.36,1.642,31.32,30.3620,25.9,4.02,-55,4.75,
2026-09-21T15:04:11,1,825.51,21.79,35.26,1.649,31.90,30.9210,25.9,4.02,-59,9.25,
2026-09-21T15:04:13,1,810.81,21.78,35.17,1.646,31.71,31.0550,25.9,4.07,-54,9.50,
2026-09-21T15:04:14,1,810.68,21.81,35.12,1.654,32.29,31.1700,25.9,4.02,-57,9.50,
2026-09-21T15:04:15,1,810.75,21.79,35.07,1.646,31.71,31.2760,25.9,4.07,-58,9.50,
2026-09-21T15:04:16,1,810.56,21.79,35.04,1.653,32.23,31.3720,25.9,4.02,-59,9.25,
2026-09-21T15:04:17,1,810.63,21.81,35.01,1.651,32.10,31.4500,25.9,4.07,-59,9.25,
2026-09-21T15:04:18,1,810.49,21.81,35.03,1.655,32.42,31.5110,25.9,4.02,-59,9.50,
2026-09-21T15:04:19,1,810.45,21.80,34.99,1.655,32.42,31.5870,25.9,4.08,-56,9.75,
2026-09-21T15:04:20,1,810.49,21.79,34.94,1.656,32.48,31.7010,25.9,4.01,-60,9.25,
2026-09-21T15:04:22,1,810.40,21.79,34.93,1.655,32.42,31.7590,25.9,4.07,-57,10.00,
2026-09-21T15:04:23,1,810.32,21.81,34.91,1.658,32.68,31.8010,25.9,4.08,-56,9.75,
2026-09-21T15:04:24,1,810.29,21.81,34.88,1.656,32.48,31.8500,25.9,4.03,-56,10.00,
2026-09-21T15:04:25,1,810.34,21.80,34.85,1.662,33.00,31.8950,25.9,4.07,-56,9.75,
2026-09-21T15:04:26,1,810.35,21.79,34.85,1.656,32.48,31.9450,25.9,4.03,-58,9.50,
2026-09-21T15:04:27,1,810.29,21.80,34.85,1.655,32.42,31.9820,25.9,4.07,-60,9.00,
2026-09-21T15:04:28,1,810.29,21.83,34.85,1.659,32.74,32.0230,25.9,4.03,-59,9.25,
2026-09-21T15:04:29,1,810.22,21.80,34.81,1.655,32.42,32.0660,25.9,4.07,-60,9.00,
2026-09-21T15:04:30,1,810.21,21.81,34.82,1.655,32.42,32.0080,25.9,4.03,-58,9.75,
2026-09-21T15:04:32,1,810.21,21.80,34.80,1.654,32.35,31.9510,25.9,4.07,-57,9.75,
2026-09-21T15:04:33,1,810.20,21.82,34.76,1.655,32.42,31.9030,25.9,4.03,-57,9.75,
2026-09-21T15:04:34,1,810.30,21.79,34.77,1.652,32.16,31.8570,25.9,4.07,-56,9.50,
2026-09-21T15:04:35,1,810.28,21.80,34.75,1.657,32.55,31.8160,25.9,4.02,-54,9.75,
2026-09-21T15:04:36,1,810.29,21.80,34.72,1.650,32.03,31.7820,25.9,4.07,-55,9.25,
2026-09-21T15:04:37,1,810.22,21.81,34.74,1.654,32.29,31.7480,25.9,4.02,-55,9.50,
2026-09-21T15:04:38,1,810.28,21.82,34.72,1.650,31.97,31.7200,25.9,4.07,-55,9.75,
2026-09-21T15:04:39,1,810.22,21.79,34.71,1.654,32.29,31.6540,25.9,4.02,-56,9.25,
2026-09-21T15:04:41,1,810.13,21.79,34.70,1.648,31.84,31.6320,25.9,4.08,-56,9.50,
2026-09-21T15:04:42,1,810.11,21.79,34.68,1.651,32.10,31.5960,25.9,4.02,-54,9.50,
2026-09-21T15:04:43,1,810.18,21.80,34.72,1.638,31.07,31.5710,25.9,4.07,-57,9.50,
2026-09-21T15:04:44,1,810.19,21.82,34.70,1.652,32.16,31.5430,25.9,4.02,-54,9.50,
2026-09-21T15:04:45,1,810.23,21.81,34.69,1.649,31.90,31.5300,25.9,4.07,-54,9.00,
2026-09-21T15:04:46,1,810.15,21.81,34.66,1.649,31.90,31.5010,25.9,4.02,-54,9.50,
2026-09-21T15:04:47,1,810.15,21.80,34.69,1.649,31.90,31.4860,25.9,4.07,-55,9.50,
2026-09-21T15:04:48,1,810.13,21.81,34.67,1.653,32.23,31.4420,25.9,4.02,-49,4.00,
2026-09-21T15:04:50,1,810.29,21.81,34.64,1.647,31.77,31.4210,25.9,4.07,-49,6.50,
2026-09-21T15:04:51,1,810.14,21.80,34.64,1.650,32.03,31.3900,25.9,4.01,-48,4.50,
2026-09-21T15:04:55,1,824.77,21.80,34.64,1.648,31.84,31.3230,25.9,4.07,-53,9.25,
2026-09-21T15:04:56,1,810.16,21.84,34.63,1.646,31.65,31.3020,25.9,4.03,-51,9.50,7
2026-09-21T15:04:57,1,810.21,21.81,34.64,1.652,32.16,31.2680,25.9,4.07,-51,9.50,
2026-09-21T15:04:59,1,810.11,21.79,34.63,1.645,31.58,31.2460,25.9,4.03,-52,9.75,
2026-09-21T15:05:00,1,810.16,21.82,34.61,1.646,31.65,31.2310,25.9,4.08,-50,9.50,
2026-09-21T15:05:01,1,810.07,21.82,34.63,1.651,32.10,31.2070,25.9,4.03,-51,9.75,
2026-09-21T15:05:02,1,810.24,21.84,34.64,1.646,31.71,31.1920,25.9,4.08,-51,9.50,
2026-09-21T15:05:03,1,810.08,21.81,34.59,1.646,31.65,31.1860,25.9,4.03,-52,10.25,
2026-09-21T15:05:04,1,810.13,21.80,34.62,1.639,31.13,31.1820,25.9,4.07,-51,9.50,
2026-09-21T15:05:05,1,810.19,21.82,34.60,1.644,31.52,31.1560,25.9,4.02,-50,9.50,
2026-09-21T15:05:06,1,810.10,21.83,34.60,1.645,31.58,31.1500,25.9,4.08,-49,9.50,
2026-09-21T15:05:07,1,809.94,21.82,34.62,1.647,31.77,31.1190,25.9,4.03,-51,9.50,
2026-09-21T15:05:09,1,810.18,21.82,34.58,1.645,31.58,31.1090,25.9,4.07,-50,9.50,
2026-09-21T15:05:10,1,810.15,21.80,34.60,1.646,31.71,31.0970,25.9,4.02,-50,9.50,
2026-09-21T15:05:11,1,810.07,21.81,34.59,1.646,31.71,31.0830,25.9,4.07,-50,9.50,
2026-09-21T15:05:12,1,810.09,21.81,34.60,1.645,31.58,31.0670,25.9,4.03,-52,9.75,
2026-09-21T15:05:13,1,810.08,21.80,34.57,1.642,31.39,31.0490,25.9,4.07,-53,9.25,
2026-09-21T15:05:14,1,810.18,21.81,34.56,1.649,31.90,31.0450,25.9,4.02,-51,9.50,
2026-09-21T15:05:15,1,810.08,21.80,34.56,1.643,31.45,31.0310,25.9,4.07,-53,9.00,
2026-09-21T15:05:16,1,810.03,21.85,34.54,1.645,31.58,31.0050,25.9,4.03,-53,10.25,
2026-09-21T15:05:18,1,810.19,21.82,34.58,1.642,31.39,30.9930,25.9,4.07,-54,9.25,
2026-09-21T15:05:19,1,810.10,21.82,34.57,1.642,31.39,30.9880,25.9,4.02,-54,9.75,
2026-09-21T15:05:20,1,810.19,21.82,34.56,1.646,31.65,30.9770,25.9,4.07,-54,9.25,
2026-09-21T15:05:21,1,810.10,21.82,34.58,1.645,31.58,30.9670,25.9,4.02,-54,9.25,
2026-09-21T15:05:22,1,810.06,21.81,34.60,1.641,31.26,30.9580,25.9,4.07,-54,9.50,
2026-09-21T15:05:23,1,809.98,21.80,34.55,1.645,31.58,30.9430,25.9,4.01,-54,9.50,
2026-09-21T15:05:24,1,810.08,21.82,34.58,1.642,31.32,30.9170,25.9,4.07,-53,9.50,
2026-09-21T15:05:25,1,810.12,21.81,34.58,1.645,31.58,30.8880,25.9,4.01,-55,9.50,
2026-09-21T15:05:27,1,810.27,21.84,34.57,1.642,31.32,30.8780,25.9,4.05,-65,9.25,
2026-09-21T15:05:28,1,810.16,21.82,34.59,1.644,31.52,30.8740,25.9,4.07,-56,9.75,
2026-09-21T15:05:29,1,810.14,21.81,34.60,1.642,31.32,30.8630,25.9,4.03,-59,9.25,
2026-09-21T15:05:30,1,810.15,21.81,34.57,1.643,31.45,30.8510,25.9,4.07,-61,9.50,
2026-09-21T15:05:31,1,810.07,21.84,34.58,1.642,31.39,30.8420,25.9,4.03,-59,9.75,
2026-09-21T15:05:32,1,810.13,21.84,34.60,1.645,31.58,30.8340,25.9,4.07,-49,0.50,
2026-09-21T15:05:40,1,810.07,21.83,34.59,1.645,31.58,30.7570,25.9,4.03,-61,9.75,
2026-09-21T15:05:41,1,810.06,21.83,34.59,1.640,31.19,30.7430,25.9,4.07,-63,9.50,
2026-09-21T15:05:42,1,810.19,21.84,34.54,1.642,31.32,30.7410,25.9,4.02,-77,9.50,
2026-09-21T15:05:43,1,810.03,21.82,34.58,1.641,31.26,30.7380,25.9,4.07,-64,9.50,
2026-09-21T15:05:44,1,810.17,21.85,34.60,1.638,31.07,30.7430,25.9,4.02,-67,9.50,
2026-09-21T15:05:46,1,810.17,21.81,34.55,1.641,31.26,30.7320,25.9,4.07,-66,9.25,
2026-09-21T15:05:47,1,810.11,21.83,34.54,1.644,31.52,30.7240,25.9,4.02,-70,9.50,
2026-09-21T15:05:48,1,810.09,21.82,34.55,1.637,30.94,30.7160,25.9,4.07,-69,9.50,
2026-09-21T15:05:49,1,810.19,21.82,34.58,1.643,31.45,30.7030,25.9,4.02,-67,9.50,
2026-09-21T15:05:50,1,810.20,21.84,34.56,1.638,31.00,30.6990,25.9,4.07,-69,9.25,
2026-09-21T15:05:51,1,810.10,21.82,34.58,1.641,31.26,30.6890,25.9,4.01,-68,9.25,
2026-09-21T15:05:52,1,810.12,21.83,34.56,1.640,31.19,30.6830,25.9,4.07,-65,9.50,
2026-09-21T15:05:53,1,810.18,21.83,34.58,1.643,31.45,30.6750,25.9,4.01,-61,9.25,
2026-09-21T15:05:55,1,810.09,21.83,34.61,1.638,31.07,30.6720,25.9,4.07,-61,9.25,
2026-09-21T15:05:56,1,810.07,21.82,34.57,1.643,31.45,30.6700,25.9,4.04,-61,9.50,
2026-09-21T15:05:57,1,810.08,21.83,34.56,1.636,30.87,30.6650,25.9,4.03,-61,12.00,
2026-09-21T15:05:58,1,810.19,21.82,34.54,1.643,31.45,30.6620,25.9,4.07,-76,9.00,
2026-09-21T15:05:59,1,810.23,21.82,34.58,1.636,30.87,30.6580,25.9,4.03,-72,10.00,
2026-09-21T15:06:00,1,810.12,21.83,34.52,1.637,30.94,30.6460,25.9,4.06,-65,9.50,
2026-09-21T15:06:01,1,810.09,21.82,34.58,1.640,31.19,30.6480,25.9,4.03,-60,9.50,
2026-09-21T15:06:02,1,810.12,21.85,34.60,1.639,31.13,30.6360,25.9,4.07,-60,9.00,
2026-09-21T15:06:04,1,810.19,21.82,34.58,1.640,31.19,30.6150,25.9,4.03,-61,12.00,
2026-09-21T15:06:05,1,810.16,21.84,34.56,1.637,30.94,30.6020,25.9,4.07,-59,9.25,
2026-09-21T15:06:06,1,810.22,21.84,34.60,1.638,31.07,30.5990,25.9,4.02,-58,9.50,
2026-09-21T15:06:07,1,810.29,21.81,34.61,1.650,32.03,30.5870,25.9,4.07,-56,9.25,
2026-09-21T15:06:08,1,810.15,21.83,34.57,1.637,30.94,30.5790,25.9,4.03,-58,9.50,
2026-09-21T15:06:09,1,810.16,21.82,34.59,1.640,31.19,30.5710,25.9,4.07,-56,9.25,
2026-09-21T15:06:10,1,810.15,21.86,34.59,1.638,31.07,30.5690,25.9,4.03,-59,9.50,
2026-09-21T15:06:11,1,810.13,21.84,34.60,1.639,31.13,30.5630,25.9,4.07,-60,9.50,
2026-09-21T15:06:12,1,810.11,21.82,34.61,1.638,31.07,30.5520,25.9,4.03,-59,9.25,
2026-09-21T15:06:14,1,810.17,21.84,34.58,1.637,30.94,30.5400,25.9,4.08,-59,9.75,
2026-09-21T15:06:15,1,810.19,21.82,34.59,1.641,31.26,30.5310,25.9,4.02,-59,9.50,
2026-09-21T15:06:17,1,810.15,21.82,34.58,1.639,31.13,30.5060,25.9,4.01,-53,-1.50,
2026-09-21T15:06:18,1,810.28,21.82,34.58,1.636,30.87,30.4990,25.9,4.07,-52,3.00,
2026-09-21T15:06:19,1,810.16,21.82,34.63,1.640,31.19,30.4990,25.9,4.02,-59,6.75,
2026-09-21T15:06:24,1,810.23,21.82,34.62,1.634,30.74,30.4690,25.9,4.00,-59,9.50,
2026-09-21T15:06:25,1,810.23,21.85,34.61,1.638,31.00,30.4670,25.9,4.03,-58,9.50,
2026-09-21T15:06:26,1,810.28,21.84,34.59,1.639,31.13,30.4580,25.9,4.08,-57,9.75,
2026-09-21T15:06:27,1,810.14,21.85,34.63,1.637,30.94,30.4530,25.9,4.02,-57,9.50,
2026-09-21T15:06:28,1,810.22,21.82,34.62,1.638,31.00,30.4460,25.9,4.07,-60,9.25,
2026-09-21T15:06:29,1,810.20,21.85,34.63,1.637,30.94,30.4430,25.9,4.03,-59,9.25,
2026-09-21T15:06:30,1,810.20,21.84,34.62,1.635,30.81,30.4320,25.9,4.07,-59,9.50,
2026-09-21T15:06:32,1,810.17,21.84,34.59,1.638,31.07,30.4200,25.9,4.03,-60,10.00,
2026-09-21T15:06:33,1,810.17,21.84,34.63,1.635,30.81,30.4070,25.9,4.07,-59,9.25,
2026-09-21T15:06:34,1,810.24,21.83,34.62,1.638,31.07,30.4130,25.9,4.03,-60,9.75,
2026-09-21T15:06:35,1,810.26,21.84,34.59,1.646,31.65,30.4040,25.9,4.07,-59,9.00,
2026-09-21T15:06:36,1,810.19,21.83,34.61,1.639,31.13,30.4050,25.9,4.03,-60,9.50,
2026-09-21T15:06:37,1,810.16,21.84,34.61,1.636,30.87,30.3980,25.9,4.07,-60,9.50,
2026-09-21T15:06:38,1,810.22,21.84,34.62,1.637,30.94,30.3890,25.9,4.03,-60,9.75,
2026-09-21T15:06:39,1,810.25,21.84,34.66,1.633,30.61,30.3820,25.9,4.07,-60,9.25,
2026-09-21T15:06:40,1,810.18,21.84,34.65,1.638,31.00,30.3670,25.9,4.02,-61,9.50,
2026-09-21T15:06:42,1,810.21,21.84,34.64,1.634,30.74,30.3660,25.9,4.07,-60,9.50,
2026-09-21T15:06:43,1,810.25,21.85,34.66,1.637,30.94,30.3580,25.9,4.02,-60,9.75,
2026-09-21T15:06:44,1,810.24,21.83,34.65,1.634,30.74,30.3520,25.9,4.08,-60,9.50,
2026-09-21T15:06:45,1,810.18,21.83,34.63,1.635,30.81,30.3500,25.9,4.02,-59,9.25,
2026-09-21T15:06:46,1,810.25,21.82,34.65,1.634,30.74,30.3440,25.9,4.07,-59,9.25,
2026-09-21T15:06:47,1,810.17,21.84,34.62,1.636,30.87,30.3430,25.9,4.02,-60,9.50,
2026-09-21T15:06:48,1,810.26,21.85,34.66,1.636,30.87,30.3400,25.9,4.08,-60,9.75,
2026-09-21T15:06:49,1,810.17,21.84,34.65,1.638,31.07,30.3360,25.9,4.01,-57,10.00,
2026-09-21T15:06:51,1,810.26,21.84,34.63,1.633,30.68,30.3330,25.9,4.07,-58,9.75,
2026-09-21T15:06:52,1,810.32,21.83,34.67,1.638,31.00,30.3340,25.9,4.01,-59,9.25,
2026-09-21T15:06:53,1,810.33,21.84,34.62,1.635,30.81,30.3390,25.9,4.07,-59,9.25,
2026-09-21T15:06:54,1,810.26,21.84,34.62,1.639,31.13,30.3210,25.9,4.07,-59,9.25,
2026-09-21T15:06:55,1,810.27,21.84,34.65,1.633,30.68,30.3240,25.9,4.03,-59,9.50,
2026-09-21T15:06:56,1,810.26,21.85,34.63,1.638,31.00,30.3160,25.9,4.07,-60,9.50,
2026-09-21T15:06:57,1,810.18,21.86,34.63,1.633,30.68,30.3120,25.9,4.03,-60,9.75,
2026-09-21T15:06:58,1,810.33,21.84,34.65,1.635,30.81,30.3060,25.9,4.07,-60,9.50,
2026-09-21T15:07:00,1,810.25,21.84,34.70,1.636,30.87,30.3060,25.9,4.02,-52,4.50,
2026-09-21T15:07:01,1,810.26,21.83,34.67,1.633,30.61,30.3030,25.9,4.07,-52,1.25,
2026-09-21T15:07:02,1,810.21,21.84,34.67,1.638,31.00,30.3000,25.9,4.03,-52,0.25,
2026-09-21T15:07:03,1,810.37,21.84,34.65,1.635,30.81,30.2950,25.9,4.07,-57,4.00,
2026-09-21T15:07:07,1,824.94,21.83,34.66,1.635,30.81,30.2800,25.9,4.07,-59,9.25,
2026-09-21T15:07:09,1,810.11,21.85,34.64,1.637,30.94,30.2800,25.9,4.02,-58,9.25,
2026-09-21T15:07:10,1,810.37,21.85,34.67,1.633,30.61,30.2790,25.9,4.07,-60,9.50,
2026-09-21T15:07:11,1,810.29,21.85,34.69,1.636,30.87,30.2740,25.9,4.02,-60,9.50,
2026-09-21T15:07:12,1,810.30,21.84,34.69,1.632,30.55,30.2600,25.9,4.07,-59,9.50,
2026-09-21T15:07:13,1,810.25,21.85,34.69,1.634,30.74,30.2540,25.9,4.02,-59,9.75,
2026-09-21T15:07:14,1,810.45,21.84,34.70,1.633,30.61,30.2580,25.9,4.07,-57,9.50,
2026-09-21T15:07:15,1,810.25,21.84,34.67,1.636,30.87,30.2500,25.9,4.01,-59,9.50,
2026-09-21T15:07:16,1,810.35,21.85,34.71,1.634,30.74,30.2510,25.9,4.07,-60,9.50,
2026-09-21T15:07:17,1,810.32,21.86,34.69,1.636,30.87,30.2500,25.9,4.02,-60,9.50,
2026-09-21T15:07:19,1,810.26,21.87,34.73,1.631,30.48,30.2430,25.9,4.07,-60,9.50,
2026-09-21T15:07:20,1,810.31,21.84,34.72,1.638,31.00,30.2390,25.9,4.01,-61,9.50,
2026-09-21T15:07:21,1,810.28,21.85,34.71,1.632,30.55,30.2410,25.9,4.07,-61,9.75,
2026-09-21T15:07:22,1,810.36,21.85,34.67,1.638,31.07,30.2340,25.9,4.02,-60,9.50,
2026-09-21T15:07:23,1,810.36,21.84,34.70,1.634,30.74,30.2320,25.9,4.02,-60,9.75,
2026-09-21T15:07:24,1,810.34,21.84,34.68,1.638,31.07,30.2280,25.9,4.08,-60,9.75,
2026-09-21T15:07:25,1,810.33,21.85,34.72,1.633,30.61,30.2290,25.9,4.03,-61,9.75,
2026-09-21T15:07:26,1,810.32,21.84,34.70,1.627,30.16,30.2310,25.9,4.07,-62,9.25,
2026-09-21T15:07:28,1,810.31,21.84,34.71,1.636,30.87,30.2280,25.9,4.03,-59,9.75,
2026-09-21T15:07:29,1,810.32,21.84,34.71,1.633,30.61,30.2260,25.9,4.07,-60,9.75,
2026-09-21T15:07:30,1,810.43,21.84,34.72,1.637,30.94,30.2260,25.9,4.02,-58,9.50,
2026-09-21T15:07:31,1,810.45,21.85,34.72,1.632,30.55,30.2260,25.9,4.07,-57,9.50,
2026-09-21T15:07:32,1,810.37,21.85,34.76,1.635,30.81,30.2350,25.9,4.03,-58,9.75,
2026-09-21T15:07:33,1,810.35,21.84,34.70,1.633,30.61,30.2360,25.9,4.07,-58,8.75,
2026-09-21T15:07:34,1,810.45,21.85,34.69,1.640,31.19,30.2360,25.9,4.02,-58,9.25,
2026-09-21T15:07:35,1,810.37,21.84,34.70,1.633,30.68,30.2420,25.9,4.07,-58,9.25,
2026-09-21T15:07:37,1,810.33,21.85,34.74,1.633,30.68,30.2400,25.9,4.03,-57,9.75,
2026-09-21T15:07:38,1,810.43,21.85,34.73,1.629,30.36,30.2410,25.9,4.07,-57,9.75,
2026-09-21T15:07:39,1,810.41,21.85,34.73,1.639,31.13,30.2420,25.9,4.02,-57,10.00,
2026-09-21T15:07:40,1,810.49,21.85,34.71,1.638,31.00,30.2420,25.9,4.07,-58,9.25,
2026-09-21T15:07:41,1,810.39,21.85,34.73,1.637,30.94,30.2390,25.9,4.02,-60,9.50,
2026-09-21T15:07:42,1,810.42,21.86,34.73,1.635,30.81,30.2510,25.9,4.07,-59,9.00,
2026-09-21T15:07:43,1,810.31,21.85,34.72,1.638,31.07,30.2610,25.9,4.02,-58,9.25,
2026-09-21T15:07:44,1,810.41,21.86,34.72,1.632,30.55,30.2620,25.9,4.07,-51,3.00,
2026-09-21T15:07:45,1,810.32,21.85,34.75,1.637,30.94,30.2490,25.9,4.01,-51,0.00,
2026-09-21T15:07:47,1,810.37,21.85,34.77,1.633,30.61,30.2580,25.9,4.07,-51,0.00,
2026-09-21T15:07:52,1,810.43,21.87,34.75,1.637,30.94,30.2590,25.9,4.07,-59,9.00,
2026-09-21T15:07:53,1,810.36,21.87,34.76,1.633,30.68,30.2650,25.9,4.03,-60,9.50,
2026-09-21T15:07:54,1,810.50,21.83,34.76,1.637,30.94,30.2590,25.9,4.07,-59,9.00,
2026-09-21T15:07:56,1,810.49,21.85,34.74,1.637,30.94,30.2680,25.9,4.03,-55,9.25,
2026-09-21T15:07:57,1,810.47,21.87,34.75,1.634,30.74,30.2710,25.9,4.07,-60,9.50,
2026-09-21T15:07:58,1,810.37,21.87,34.75,1.637,30.94,30.2760,25.9,4.03,-65,9.50,
2026-09-21T15:07:59,1,810.34,21.85,34.78,1.634,30.74,30.2720,25.9,4.07,-60,9.50,
2026-09-21T15:08:00,1,810.47,21.84,34.76,1.636,30.87,30.2770,25.9,4.02,-59,9.50,
2026-09-21T15:08:01,1,810.48,21.86,34.77,1.633,30.68,30.2790,25.9,4.07,-58,9.00,
2026-09-21T15:08:02,1,810.52,21.88,34.75,1.633,30.61,30.2750,25.9,4.02,-59,9.50,
2026-09-21T15:08:03,1,810.47,21.87,34.79,1.636,30.87,30.2740,25.9,4.07,-59,9.75,
2026-09-21T15:08:05,1,810.38,21.85,34.75,1.636,30.87,30.2920,25.9,4.02,-59,9.75,
2026-09-21T15:08:06,1,810.44,21.84,34.77,1.633,30.61,30.2920,25.9,4.07,-59,9.25,
2026-09-21T15:08:07,1,810.45,21.85,34.74,1.637,30.94,30.2980,25.9,4.02,-60,9.25,
2026-09-21T15:08:08,1,810.46,21.88,34.78,1.637,30.94,30.3000,25.9,4.07,-62,9.50,
2026-09-21T15:08:09,1,810.47,21.85,34.77,1.633,30.61,30.3040,25.9,4.02,-64,9.00,
2026-09-21T15:08:10,1,810.49,21.85,34.79,1.633,30.68,30.3110,25.9,4.07,-63,9.50,
2026-09-21T15:08:11,1,810.46,21.85,34.79,1.636,30.87,30.3090,25.9,4.02,-60,9.50,
2026-09-21T15:08:12,1,810.50,21.85,34.80,1.636,30.87,30.3150,25.9,4.07,-61,9.50,
2026-09-21T15:08:14,1,810.39,21.84,34.81,1.638,31.00,30.3170,25.9,4.02,-62,10.00,
2026-09-21T15:08:15,1,810.53,21.85,34.77,1.633,30.68,30.3210,25.9,4.08,-64,9.00,
2026-09-21T15:08:16,1,810.46,21.87,34.77,1.637,30.94,30.3240,25.9,4.01,-64,9.25,
2026-09-21T15:08:17,1,810.38,21.84,34.74,1.636,30.87,30.3230,25.9,4.07,-67,9.50,
2026-09-21T15:08:18,1,810.51,21.85,34.78,1.638,31.00,30.3220,25.9,4.01,-64,9.50,
2026-09-21T15:08:19,1,810.53,21.86,34.77,1.635,30.81,30.3310,25.9,4.07,-62,9.50,
2026-09-21T15:08:20,1,810.53,21.87,34.78,1.637,30.94,30.3330,25.9,4.07,-63,9.75,
2026-09-21T15:08:21,1,810.47,21.86,34.80,1.635,30.81,30.3420,25.9,4.03,-66,9.50,
2026-09-21T15:08:22,1,810.61,21.86,34.80,1.639,31.13,30.3430,25.9,4.07,-66,9.75,
2026-09-21T15:08:24,1,810.56,21.85,34.81,1.638,31.00,30.3410,25.9,4.03,-65,9.50,
2026-09-21T15:08:25,1,810.54,21.85,34.83,1.633,30.61,30.3430,25.9,4.07,-64,9.75,
2026-09-21T15:08:26,1,810.52,21.86,34.81,1.642,31.32,30.3530,25.9,4.02,-65,9.50,
2026-09-21T15:08:27,1,810.56,21.85,34.81,1.638,31.07,30.3550,25.9,4.07,-64,9.25,
2026-09-21T15:08:29,1,810.63,21.85,34.79,1.633,30.68,30.3600,25.9,4.07,-51,-0.25,
2026-09-21T15:08:36,1,810.60,21.85,34.83,1.632,30.55,30.3740,25.9,4.07,-60,9.50,
2026-09-21T15:08:37,1,810.53,21.85,34.82,1.640,31.19,30.3820,25.9,4.02,-60,9.50,
2026-09-21T15:08:38,1,810.57,21.87,34.82,1.637,30.94,30.3870,25.9,4.07,-59,9.25,
2026-09-21T15:08:39,1,810.63,21.88,34.80,1.639,31.13,30.3890,25.9,4.02,-58,9.75,
2026-09-21T15:08:40,1,810.69,21.87,34.79,1.637,30.94,30.3920,25.9,4.07,-59,9.00,
2026-09-21T15:08:42,1,810.57,21.85,34.82,1.638,31.00,30.3900,25.9,4.01,-59,9.75,
2026-09-21T15:08:43,1,810.61,21.89,34.83,1.636,30.87,30.3950,25.9,4.07,-58,9.50,
2026-09-21T15:08:44,1,810.58,21.85,34.84,1.639,31.13,30.4020,25.9,4.01,-60,9.75,
2026-09-21T15:08:45,1,810.58,21.86,34.79,1.636,30.87,30.4120,25.9,4.07,-58,9.25,
2026-09-21T15:08:46,1,810.63,21.85,34.82,1.637,30.94,30.4180,25.9,4.01,-59,9.50,
2026-09-21T15:08:47,1,810.62,21.89,34.81,1.636,30.87,30.4180,25.9,4.07,-59,9.50,
2026-09-21T15:08:48,1,810.65,21.86,34.84,1.638,31.00,30.4170,25.9,4.01,-60,9.75,
2026-09-21T15:08:49,1,810.60,21.86,34.83,1.638,31.00,30.4200,25.9,4.02,-59,9.75,
2026-09-21T15:08:50,1,810.67,21.87,34.81,1.640,31.19,30.4280,25.9,4.07,-60,9.75,
2026-09-21T15:08:52,1,810.59,21.86,34.84,1.634,30.74,30.4370,25.9,4.03,-59,10.00,
2026-09-21T15:08:53,1,810.58,21.88,34.84,1.640,31.19,30.4430,25.9,4.07,-58,9.75,
2026-09-21T15:08:54,1,810.70,21.87,34.83,1.639,31.13,30.4500,25.9,4.02,-63,9.50,
2026-09-21T15:08:55,1,810.68,21.85,34.84,1.638,31.07,30.4580,25.9,4.07,-59,9.50,
2026-09-21T15:08:56,1,810.69,21.88,34.84,1.638,31.07,30.4620,25.9,4.03,-58,10.50,
2026-09-21T15:08:57,1,810.72,21.85,34.84,1.636,30.87,30.4630,25.9,4.07,-57,9.50,
2026-09-21T15:08:58,1,810.68,21.88,34.82,1.638,31.07,30.4750,25.9,4.02,-60,9.50,
2026-09-21T15:08:59,1,810.79,21.88,34.86,1.636,30.87,30.4850,25.9,4.07,-62,9.75,
2026-09-21T15:09:01,1,810.66,21.88,34.83,1.638,31.00,30.4990,25.9,4.02,-66,9.50,
2026-09-21T15:09:02,1,810.67,21.87,34.79,1.635,30.81,30.5040,25.9,4.07,-65,9.25,
2026-09-21T15:09:03,1,810.69,21.86,34.82,1.638,31.07,30.5080,25.9,4.03,-65,9.25,
2026-09-21T15:09:04,1,810.73,21.85,34.83,1.638,31.07,30.5140,25.9,4.07,-65,9.25,
2026-09-21T15:09:05,1,810.89,21.86,34.85,1.639,31.13,30.5080,25.9,4.03,-65,9.75,
2026-09-21T15:09:06,1,810.75,21.87,34.88,1.638,31.00,30.5140,25.9,4.07,-66,9.25,
2026-09-21T15:09:07,1,810.74,21.87,34.82,1.639,31.13,30.5160,25.9,4.02,-65,9.25,
2026-09-21T15:09:08,1,810.75,21.87,34.84,1.638,31.00,30.5350,25.9,4.07,-63,9.25,
2026-09-21T15:09:10,1,810.76,21.87,34.84,1.641,31.26,30.5460,25.9,4.02,-64,9.00,
2026-09-21T15:09:11,1,810.80,21.86,34.82,1.637,30.94,30.5560,25.9,4.07,-65,9.25,
2026-09-21T15:09:13,1,810.79,21.87,34.86,1.637,30.94,30.5680,25.9,4.07,-50,1.00,
2026-09-21T15:09:14,1,810.85,21.87,34.85,1.641,31.26,30.5580,25.9,4.02,-49,0.50,
2026-09-21T15:09:15,1,810.76,21.88,34.88,1.637,30.94,30.5640,25.9,4.07,-57,6.75,
2026-09-21T15:09:20,1,810.74,21.89,34.87,1.637,30.94,30.5920,25.9,4.03,-63,9.75,
2026-09-21T15:09:21,1,810.70,21.87,34.85,1.642,31.39,30.5910,25.9,4.07,-64,9.50,
2026-09-21T15:09:22,1,810.77,21.87,34.84,1.637,30.94,30.5990,25.9,4.03,-64,9.50,
2026-09-21T15:09:23,1,810.64,21.88,34.85,1.639,31.13,30.6040,25.9,4.07,-64,9.00,
2026-09-21T15:09:24,1,810.73,21.87,34.83,1.642,31.39,30.6160,25.9,4.02,-64,9.00,
2026-09-21T15:09:25,1,810.63,21.87,34.88,1.640,31.19,30.6210,25.9,4.07,-65,9.00,
2026-09-21T15:09:26,1,810.49,21.89,34.84,1.641,31.26,30.6210,25.9,4.03,-63,9.50,
2026-09-21T15:09:27,1,810.67,21.87,34.82,1.638,31.00,30.6290,25.9,4.08,-66,9.25,
2026-09-21T15:09:29,1,810.55,21.89,34.82,1.642,31.39,30.6440,25.9,4.02,-64,9.50,
2026-09-21T15:09:30,1,810.53,21.87,34.85,1.639,31.13,30.6550,25.9,4.07,-66,9.50,
2026-09-21T15:09:31,1,810.56,21.87,34.85,1.643,31.45,30.6630,25.9,4.03,-65,9.50,
2026-09-21T15:09:32,1,810.51,21.89,34.83,1.640,31.19,30.6800,25.9,4.07,-64,9.00,
2026-09-21T15:09:33,1,810.46,21.86,34.84,1.643,31.45,30.7000,25.9,4.02,-63,9.50,
2026-09-21T15:09:34,1,810.39,21.87,34.85,1.642,31.32,30.7310,25.9,4.07,-64,9.00,
2026-09-21T15:09:35,1,810.45,21.87,34.85,1.642,31.39,30.7480,25.9,4.02,-63,9.50,
2026-09-21T15:09:36,1,810.40,21.87,34.82,1.641,31.26,30.7670,25.9,4.07,-64,9.25,
2026-09-21T15:09:38,1,810.36,21.89,34.83,1.646,31.65,30.8020,25.9,4.02,-64,9.50,
2026-09-21T15:09:39,1,810.40,21.87,34.80,1.642,31.39,30.8230,25.9,4.07,-63,9.50,
2026-09-21T15:09:41,1,810.42,21.86,34.82,1.642,31.32,30.8620,25.9,4.07,-63,9.75,
2026-09-21T15:09:42,1,810.33,21.87,34.83,1.647,31.77,30.8800,25.9,4.01,-64,9.25,
2026-09-21T15:09:43,1,810.35,21.87,34.82,1.642,31.32,30.8970,25.9,4.07,-64,9.50,
2026-09-21T15:09:44,1,810.22,21.87,34.85,1.646,31.65,30.9110,25.9,4.01,-65,9.75,
2026-09-21T15:09:45,1,810.33,21.87,34.86,1.641,31.26,30.9260,25.9,4.07,-65,10.00,
2026-09-21T15:09:47,1,810.21,21.87,34.87,1.658,32.61,30.9470,25.9,4.02,-65,9.75,
2026-09-21T15:09:48,1,810.24,21.87,34.83,1.650,31.97,30.9640,25.9,4.02,-75,9.25,
2026-09-21T15:09:49,1,810.30,21.85,34.85,1.647,31.77,30.9630,25.9,4.07,-71,9.25,
2026-09-21T15:09:50,1,810.32,21.87,34.88,1.642,31.32,30.9660,25.9,4.02,-71,9.75,
2026-09-21T15:09:51,1,810.25,21.89,34.89,1.636,30.87,30.9680,25.9,4.07,-67,9.75,
2026-09-21T15:09:52,1,810.16,21.86,34.86,1.643,31.45,30.9580,25.9,4.02,-69,9.25,
2026-09-21T15:09:53,1,810.27,21.85,34.88,1.640,31.19,30.9460,25.9,4.07,-70,9.50,
2026-09-21T15:09:55,1,810.24,21.87,34.92,1.641,31.26,30.9250,25.9,0.00,-60,8.00,
2026-09-21T15:10:03,1,828.72,21.87,34.97,1.642,31.32,30.8190,25.9,4.03,-66,9.50,
2026-09-21T15:10:04,1,810.19,21.87,34.96,1.639,31.13,30.8060,25.9,4.07,-66,9.25,
2026-09-21T15:10:06,1,810.16,21.85,34.96,1.642,31.39,30.7900,25.9,4.02,-66,9.50,
2026-09-21T15:10:07,1,810.17,21.87,34.99,1.641,31.26,30.7780,25.9,4.07,-69,9.00,
2026-09-21T15:10:08,1,810.12,21.85,34.99,1.646,31.65,30.7640,25.9,4.02,-68,9.50,
2026-09-21T15:10:09,1,810.20,21.85,34.97,1.641,31.26,30.7590,25.9,4.07,-70,9.50,
2026-09-21T15:10:10,1,810.06,21.87,34.98,1.642,31.39,30.7480,25.9,4.02,-70,9.25,
2026-09-21T15:10:11,1,810.06,21.84,34.98,1.640,31.19,30.7450,25.9,4.07,-71,9.50,
2026-09-21T15:10:12,1,810.10,21.86,34.99,1.643,31.45,30.7410,25.9,4.01,-72,9.25,
2026-09-21T15:10:13,1,810.02,21.87,35.04,1.638,31.00,30.7330,25.9,4.07,-70,9.25,
2026-09-21T15:10:15,1,810.09,21.86,35.02,1.640,31.19,30.7220,25.9,4.01,-69,9.25,
2026-09-21T15:10:16,1,810.06,21.85,35.03,1.633,30.68,30.7180,25.9,4.03,-65,9.50,
2026-09-21T15:10:17,1,810.07,21.84,35.04,1.643,31.45,30.7150,25.9,4.07,-65,9.75,
2026-09-21T15:10:18,1,809.93,21.87,35.08,1.638,31.07,30.7180,25.9,4.03,-73,9.50,
2026-09-21T15:10:19,1,810.15,21.87,35.05,1.641,31.26,30.7090,25.9,4.07,-72,9.25,
2026-09-21T15:10:20,1,810.06,21.87,35.05,1.641,31.26,30.7140,25.9,4.03,-81,7.50,
2026-09-21T15:10:21,1,810.03,21.85,35.02,1.633,30.68,30.7020,25.9,4.07,-73,9.00,
2026-09-21T15:10:22,1,810.02,21.85,35.06,1.640,31.19,30.6910,25.9,4.03,-74,9.50,
2026-09-21T15:10:24,1,810.06,21.88,35.06,1.638,31.00,30.6920,25.9,4.07,-69,9.50,
2026-09-21T15:10:25,1,810.05,21.88,35.09,1.639,31.13,30.6800,25.9,4.02,-76,8.75,
2026-09-21T15:10:26,1,810.12,21.85,35.07,1.632,30.55,30.6750,25.9,4.07,-74,9.00,
2026-09-21T15:10:27,1,810.07,21.85,35.09,1.641,31.26,30.6750,25.9,4.02,-74,9.00,
2026-09-21T15:10:28,1,810.08,21.87,35.11,1.640,31.19,30.6680,25.9,4.07,-68,9.25,
2026-09-21T15:10:29,1,810.09,21.88,35.08,1.646,31.65,30.6580,25.9,4.02,-72,9.50,
2026-09-21T15:10:30,1,810.15,21.84,35.11,1.638,31.07,30.6530,25.9,4.07,-74,9.50,
2026-09-21T15:10:31,1,810.00,21.85,35.11,1.642,31.32,30.6460,25.9,4.02,-77,10.75,
2026-09-21T15:10:32,1,810.12,21.84,35.08,1.630,30.42,30.6430,25.9,4.07,-63,9.50,
2026-09-21T15:10:34,1,809.94,21.85,35.11,1.641,31.26,30.6400,25.9,4.02,-66,9.50,
2026-09-21T15:10:35,1,810.01,21.85,35.13,1.638,31.00,30.6290,25.9,4.07,-60,9.50,
2026-09-21T15:10:36,1,810.04,21.86,35.15,1.640,31.19,30.6270,25.9,4.02,-57,9.75,
2026-09-21T15:10:37,1,810.07,21.85,35.15,1.637,30.94,30.6260,25.9,4.07,-66,9.50,
2026-09-21T15:10:38,1,810.05,21.87,35.14,1.642,31.32,30.6190,25.9,4.01,-63,9.50,
2026-09-21T15:10:39,1,810.02,21.87,35.11,1.637,30.94,30.6140,25.9,4.07,-60,9.50,
2026-09-21T15:10:40,1,810.05,21.85,35.16,1.641,31.26,30.6010,25.9,4.01,-52,-0.50,
2026-09-21T15:10:48,1,810.13,21.84,35.21,1.645,31.58,30.5470,25.9,4.02,-65,9.25,
2026-09-21T15:10:49,1,810.13,21.84,35.21,1.636,30.87,30.5410,25.9,4.07,-61,12.50,
2026-09-21T15:10:50,1,810.16,21.84,35.17,1.641,31.26,30.5360,25.9,4.02,-61,9.50,
2026-09-21T15:10:52,1,810.14,21.85,35.20,1.633,30.61,30.5330,25.9,4.07,-60,9.75,
2026-09-21T15:10:53,1,810.02,21.85,35.20,1.638,31.00,30.5180,25.9,4.03,-59,9.50,
2026-09-21T15:10:54,1,810.07,21.85,35.25,1.637,30.94,30.5110,25.9,4.07,-60,9.50,
2026-09-21T15:10:55,1,810.05,21.83,35.24,1.642,31.32,30.5020,25.9,4.02,-60,9.50,
2026-09-21T15:10:56,1,810.05,21.87,35.21,1.640,31.19,30.4920,25.9,4.07,-60,9.25,
2026-09-21T15:10:57,1,810.16,21.84,35.18,1.630,30.42,30.4800,25.9,4.02,-60,9.50,
2026-09-21T15:10:58,1,810.13,21.85,35.21,1.635,30.81,30.4770,25.9,4.07,-66,9.50,
2026-09-21T15:10:59,1,810.08,21.84,35.24,1.640,31.19,30.4750,25.9,4.02,-66,9.75,
2026-09-21T15:11:00,1,810.11,21.84,35.25,1.637,30.94,30.4770,25.9,4.07,-66,9.50,
2026-09-21T15:11:02,1,810.14,21.85,35.24,1.640,31.19,30.4610,25.9,4.02,-65,9.75,
2026-09-21T15:11:03,1,810.17,21.83,35.26,1.635,30.81,30.4580,25.9,4.07,-64,9.25,
2026-09-21T15:11:04,1,810.04,21.87,35.27,1.649,31.90,30.4580,25.9,4.02,-64,9.00,
2026-09-21T15:11:05,1,810.10,21.85,35.26,1.638,31.00,30.4540,25.9,4.07,-62,9.75,
2026-09-21T15:11:06,1,810.32,21.84,35.29,1.638,31.00,30.4440,25.9,4.02,-63,9.25,
2026-09-21T15:11:07,1,810.13,21.85,35.30,1.635,30.81,30.4480,25.9,4.07,-62,9.50,
2026-09-21T15:11:08,1,810.11,21.84,35.28,1.638,31.07,30.4520,25.9,4.01,-61,9.75,
2026-09-21T15:11:09,1,809.98,21.82,35.30,1.635,30.81,30.4520,25.9,4.07,-61,9.50,
2026-09-21T15:11:11,1,810.11,21.83,35.26,1.641,31.26,30.4410,25.9,4.01,-60,9.75,
2026-09-21T15:11:12,1,810.19,21.85,35.30,1.635,30.81,30.4390,25.9,4.07,-60,9.50,
2026-09-21T15:11:13,1,810.15,21.84,35.31,1.642,31.32,30.4400,25.9,4.07,-59,9.50,
2026-09-21T15:11:14,1,810.06,21.85,35.32,1.635,30.81,30.4420,25.9,4.03,-60,10.25,
2026-09-21T15:11:15,1,810.16,21.84,35.31,1.638,31.00,30.4370,25.9,4.07,-63,9.50,
2026-09-21T15:11:16,1,810.01,21.85,35.29,1.638,31.00,30.4360,25.9,4.02,-59,9.50,
2026-09-21T15:11:17,1,810.04,21.83,35.31,1.633,30.68,30.4290,25.9,4.07,-59,9.50,
2026-09-21T15:11:18,1,810.06,21.84,35.32,1.638,31.07,30.4110,25.9,4.02,-59,9.25,
2026-09-21T15:11:20,1,810.07,21.84,35.33,1.634,30.74,30.4100,25.9,4.07,-60,9.75,
2026-09-21T15:11:21,1,810.09,21.85,35.36,1.636,30.87,30.4070,25.9,4.01,-59,9.25,
2026-09-21T15:11:22,1,810.05,21.84,35.35,1.635,30.81,30.4050,25.9,4.07,-59,9.50,
2026-09-21T15:11:23,1,810.00,21.84,35.34,1.638,31.00,30.4050,25.9,4.02,-56,9.75,
2026-09-21T15:11:24,1,809.96,21.84,35.36,1.638,31.00,30.3980,25.9,4.06,-54,6.50,
2026-09-21T15:11:25,1,810.14,21.85,35.36,1.636,30.87,30.4010,25.9,4.02,-53,1.50,
2026-09-21T15:11:26,1,810.00,21.85,35.39,1.636,30.87,30.4020,25.9,4.07,-51,4.25,
2026-09-21T15:11:27,1,810.01,21.84,35.36,1.641,31.26,30.3980,25.9,4.02,-57,9.00,
2026-09-21T15:11:32,1,810.13,21.85,35.40,1.638,31.07,30.3590,25.9,4.02,-59,9.75,
2026-09-21T15:11:33,1,810.06,21.84,35.38,1.634,30.74,30.3560,25.9,4.07,-60,9.00,
2026-09-21T15:11:34,1,810.08,21.84,35.40,1.638,31.07,30.3460,25.9,4.02,-60,9.50,
2026-09-21T15:11:35,1,810.18,21.85,35.41,1.633,30.68,30.3500,25.9,4.07,-60,9.25,
2026-09-21T15:11:36,1,810.15,21.83,35.42,1.638,31.00,30.3510,25.9,4.01,-59,9.75,
2026-09-21T15:11:37,1,810.08,21.84,35.45,1.636,30.87,30.3490,25.9,4.07,-58,9.50,
2026-09-21T15:11:39,1,810.08,21.85,35.40,1.639,31.13,30.3520,25.9,4.01,-63,9.50,
2026-09-21T15:11:40,1,810.15,21.83,35.42,1.633,30.61,30.3520,25.9,4.07,-60,9.50,
2026-09-21T15:11:41,1,810.21,21.85,35.44,1.638,31.00,30.3470,25.9,4.07,-62,9.50,
2026-09-21T15:11:42,1,810.06,21.85,35.47,1.634,30.74,30.3400,25.9,4.03,-59,9.25,
2026-09-21T15:11:43,1,810.24,21.84,35.44,1.638,31.07,30.3350,25.9,4.07,-63,9.50,
2026-09-21T15:11:44,1,809.98,21.86,35.46,1.638,31.07,30.3230,25.9,4.02,-62,9.75,
2026-09-21T15:11:45,1,810.08,21.82,35.46,1.631,30.48,30.3160,25.9,4.07,-62,9.75,
2026-09-21T15:11:46,1,810.19,21.82,35.49,1.636,30.87,30.3140,25.9,4.03,-61,9.50,
2026-09-21T15:11:49,1,810.07,21.84,35.47,1.634,30.74,30.3100,25.9,4.03,-59,10.00,
2026-09-21T15:11:50,1,810.15,21.85,35.44,1.633,30.61,30.3040,25.9,4.07,-59,9.00,
2026-09-21T15:11:51,1,810.11,21.83,35.47,1.638,31.00,30.3020,25.9,4.02,-60,10.50,
2026-09-21T15:11:52,1,810.14,21.85,35.48,1.634,30.74,30.2980,25.9,4.07,-58,9.50,
2026-09-21T15:11:53,1,810.12,21.83,35.48,1.636,30.87,30.2960,25.9,4.02,-61,9.50,
2026-09-21T15:11:54,1,810.13,21.85,35.49,1.632,30.55,30.2880,25.9,4.07,-63,9.75,
2026-09-21T15:11:55,1,810.10,21.83,35.49,1.637,30.94,30.2740,25.9,4.02,-59,9.75,
2026-09-21T15:11:57,1,810.19,21.82,35.47,1.633,30.68,30.2680,25.9,4.07,-57,9.75,
2026-09-21T15:11:58,1,810.19,21.82,35.53,1.637,30.94,30.2600,25.9,4.02,-57,9.00,
2026-09-21T15:11:59,1,810.05,21.85,35.50,1.633,30.61,30.2550,25.9,4.07,-58,10.00,
2026-09-21T15:12:00,1,810.09,21.82,35.52,1.637,30.94,30.2500,25.9,4.01,-56,9.75,
2026-09-21T15:12:01,1,810.12,21.85,35.53,1.631,30.48,30.2420,25.9,4.07,-58,9.00,
2026-09-21T15:12:02,1,810.22,21.83,35.54,1.637,30.94,30.2420,25.9,4.01,-57,9.75,
2026-09-21T15:12:03,1,810.05,21.84,35.52,1.634,30.74,30.2430,25.9,4.07,-64,9.50,
2026-09-21T15:12:04,1,810.14,21.82,35.55,1.635,30.81,30.2460,25.9,4.02,-65,9.50,
2026-09-21T15:12:05,1,810.06,21.84,35.53,1.630,30.42,30.2440,25.9,4.07,-60,9.50,
2026-09-21T15:12:07,1,810.17,21.85,35.55,1.638,31.00,30.2380,25.9,4.01,-59,10.00,
2026-09-21T15:12:08,1,810.09,21.84,35.53,1.636,30.87,30.2400,25.9,4.07,-55,6.25,
2026-09-21T15:12:09,1,810.14,21.82,35.54,1.640,31.19,30.2370,25.9,4.06,-54,2.25,
2026-09-21T15:12:10,1,810.16,21.82,35.61,1.636,30.87,30.0000,0.0,4.02,-55,-2.00,
2026-09-21T15:12:11,1,810.10,21.84,35.56,1.633,30.61,30.2330,25.9,4.07,-60,6.50,
2026-09-21T15:12:16,1,822.38,21.84,35.59,1.633,30.68,30.2510,25.9,4.07,-57,9.00,
2026-09-21T15:12:17,1,810.16,21.84,35.60,1.636,30.87,30.2430,25.9,4.03,-60,9.50,
2026-09-21T15:12:18,1,810.18,21.83,35.58,1.634,30.74,30.2470,25.9,4.07,-60,9.50,
2026-09-21T15:12:19,1,810.03,21.84,35.58,1.636,30.87,30.2470,25.9,4.02,-60,9.50,
2026-09-21T15:12:20,1,810.09,21.85,35.63,1.632,30.55,30.2400,25.9,4.07,-60,9.25,
2026-09-21T15:12:21,1,810.11,21.83,35.62,1.636,30.87,30.2370,25.9,4.02,-60,9.50,
2026-09-21T15:12:22,1,810.19,21.85,35.62,1.634,30.74,30.2340,25.9,4.07,-60,9.25,
2026-09-21T15:12:23,1,810.14,21.84,35.62,1.637,30.94,30.2290,25.9,4.02,-60,9.75,
2026-09-21T15:12:25,1,810.26,21.83,35.66,1.634,30.74,30.2170,25.9,4.07,-61,9.50,
2026-09-21T15:12:26,1,810.10,21.83,35.62,1.635,30.81,30.2070,25.9,4.02,-60,9.50,
2026-09-21T15:12:27,1,810.11,21.82,35.65,1.633,30.61,30.1960,25.9,4.07,-61,9.50,
2026-09-21T15:12:28,1,810.20,21.82,35.63,1.638,31.00,30.1950,25.9,4.02,-60,10.00,
2026-09-21T15:12:29,1,810.08,21.82,35.62,1.633,30.68,30.1890,25.9,4.07,-60,9.25,
2026-09-21T15:12:30,1,810.17,21.82,35.63,1.635,30.81,30.1850,25.9,4.02,-59,9.50,
2026-09-21T15:12:31,1,810.01,21.84,35.62,1.633,30.68,30.1860,25.9,4.07,-59,9.25,
2026-09-21T15:12:32,1,810.18,21.81,35.65,1.636,30.87,30.1790,25.9,4.02,-57,9.75,
2026-09-21T15:12:34,1,810.09,21.83,35.68,1.633,30.68,30.1690,25.9,4.07,-58,9.50,
2026-09-21T15:12:35,1,810.18,21.82,35.66,1.637,30.94,30.1530,25.9,4.02,-60,9.75,
2026-09-21T15:12:36,1,810.16,21.84,35.66,1.632,30.55,30.1570,25.9,4.07,-60,9.25,
2026-09-21T15:12:37,1,810.16,21.84,35.68,1.633,30.68,30.1510,25.9,4.01,-56,9.75,
2026-09-21T15:12:38,1,810.07,21.82,35.69,1.633,30.61,30.1400,25.9,4.07,-58,9.25,
2026-09-21T15:12:39,1,810.22,21.83,35.67,1.635,30.81,30.1370,25.9,4.04,-58,9.25,
2026-09-21T15:12:40,1,809.99,21.82,35.71,1.631,30.48,30.1330,25.9,4.02,-57,9.50,
2026-09-21T15:12:41,1,810.18,21.82,35.69,1.634,30.74,30.1340,25.9,4.07,-58,9.25,
2026-09-21T15:12:42,1,810.12,21.82,35.67,1.633,30.61,30.1340,25.9,4.02,-57,10.00,
2026-09-21T15:12:44,1,810.15,21.82,35.71,1.626,30.10,30.1380,25.9,4.07,-57,10.00,
2026-09-21T15:12:45,1,810.14,21.82,35.71,1.633,30.61,30.1390,25.9,4.02,-56,9.75,
2026-09-21T15:12:46,1,810.19,21.83,35.70,1.629,30.36,30.1420,25.9,4.07,-56,9.25,
2026-09-21T15:12:47,1,810.12,21.84,35.71,1.633,30.68,30.1470,25.9,4.03,-59,9.75,
2026-09-21T15:12:48,1,810.19,21.82,35.77,1.630,30.42,30.1330,25.9,4.07,-58,9.25,
2026-09-21T15:12:49,1,810.20,21.82,35.71,1.635,30.81,30.1380,25.9,4.02,-60,9.50,
2026-09-21T15:12:50,1,810.16,21.84,35.73,1.630,30.42,30.1330,25.9,4.07,-59,9.25,
2026-09-21T15:12:51,1,810.13,21.82,35.71,1.637,30.94,30.1300,25.9,4.02,-52,6.00,
2026-09-21T15:12:53,1,810.24,21.85,35.78,1.632,30.55,30.1310,25.9,4.07,-51,2.25,
2026-09-21T15:12:54,1,810.17,21.84,35.73,1.636,30.87,30.1210,25.9,4.02,-52,1.50,
2026-09-21T15:12:55,1,810.10,21.81,35.74,1.631,30.48,30.1240,25.9,4.07,-58,0.25,
2026-09-21T15:12:59,1,824.99,21.82,35.76,1.630,30.42,30.0950,25.9,4.07,-61,9.50,
2026-09-21T15:13:00,1,810.18,21.81,35.76,1.634,30.74,30.0940,25.9,4.02,-62,10.00,
2026-09-21T15:13:02,1,810.14,21.82,35.82,1.631,30.48,30.0820,25.9,4.07,-69,9.25,
2026-09-21T15:13:03,1,810.06,21.86,35.81,1.626,30.10,30.0710,25.9,4.01,-70,9.75,
2026-09-21T15:13:04,1,810.14,21.82,35.79,1.629,30.36,30.0680,25.9,4.07,-66,9.25,
2026-09-21T15:13:05,1,810.11,21.83,35.74,1.635,30.81,30.0610,25.9,4.01,-60,9.50,
2026-09-21T15:13:06,1,810.10,21.82,35.81,1.630,30.42,30.0530,25.9,4.07,-58,9.25,
2026-09-21T15:13:07,1,810.15,21.82,35.80,1.635,30.81,30.0360,25.9,4.01,-58,9.25,
2026-09-21T15:13:08,1,810.25,21.83,35.82,1.630,30.42,30.0340,25.9,4.07,-61,9.50,
2026-09-21T15:13:09,1,810.19,21.83,35.79,1.633,30.68,30.0270,25.9,4.07,-61,9.75,
2026-09-21T15:13:10,1,810.23,21.84,35.82,1.629,30.36,30.0290,25.9,4.03,-62,9.75,
2026-09-21T15:13:12,1,810.16,21.84,35.82,1.633,30.68,30.0140,25.9,4.07,-63,9.50,
2026-09-21T15:13:13,1,810.19,21.81,35.79,1.630,30.42,30.0110,25.9,4.02,-62,9.75,
2026-09-21T15:13:14,1,810.16,21.82,35.83,1.629,30.36,30.0150,25.9,4.07,-61,9.50,
2026-09-21T15:13:15,1,810.19,21.84,35.80,1.634,30.74,30.0130,25.9,4.02,-61,9.75,
2026-09-21T15:13:16,1,810.09,21.82,35.82,1.630,30.42,30.0140,25.9,4.07,-62,9.75,
2026-09-21T15:13:17,1,810.02,21.84,35.82,1.633,30.61,30.0090,25.9,4.02,-61,9.50,
2026-09-21T15:13:18,1,810.25,21.83,35.81,1.633,30.61,30.0130,25.9,4.07,-61,9.75,
2026-09-21T15:13:19,1,810.10,21.84,35.86,1.633,30.61,30.0140,25.9,4.02,-61,9.25,
2026-09-21T15:13:21,1,810.13,21.83,35.82,1.631,30.48,30.0100,25.9,4.07,-61,9.50,
2026-09-21T15:13:22,1,810.20,21.84,35.83,1.633,30.68,30.0120,25.9,4.02,-61,9.50,
2026-09-21T15:13:23,1,810.14,21.84,35.82,1.633,30.61,30.0050,25.9,4.07,-61,9.50,
2026-09-21T15:13:24,1,810.01,21.82,35.84,1.634,30.74,30.0060,25.9,4.02,-61,9.50,
2026-09-21T15:13:25,1,810.09,21.83,35.87,1.633,30.61,30.0040,25.9,4.06,-62,9.50,
2026-09-21T15:13:26,1,810.18,21.82,35.86,1.634,30.74,30.0070,25.9,4.02,-61,9.75,
2026-09-21T15:13:27,1,810.11,21.83,35.86,1.629,30.36,30.0150,25.9,4.07,-61,9.25,
2026-09-21T15:13:28,1,810.02,21.82,35.87,1.632,30.55,30.0140,25.9,4.02,-61,9.50,
2026-09-21T15:13:30,1,810.19,21.82,35.91,1.630,30.42,30.0160,25.9,4.07,-62,9.50,
2026-09-21T15:13:31,1,810.08,21.82,35.92,1.637,30.94,30.0110,25.9,4.01,-62,10.00,
2026-09-21T15:13:32,1,810.17,21.83,35.88,1.632,30.55,30.0070,25.9,4.07,-61,9.25,
2026-09-21T15:13:33,1,810.07,21.82,35.89,1.633,30.61,30.0030,25.9,4.01,-62,9.50,
2026-09-21T15:13:34,1,810.20,21.81,35.91,1.629,30.36,30.0010,25.9,4.07,-61,9.25,
2026-09-21T15:13:35,1,810.08,21.82,35.87,1.633,30.68,29.9920,25.9,4.01,-60,9.75,
2026-09-21T15:13:36,1,810.09,21.81,35.90,1.629,30.29,29.9880,25.9,4.07,-52,6.75,
2026-09-21T15:13:37,1,810.19,21.82,35.89,1.633,30.68,29.9870,25.9,4.00,-52,7.75,
2026-09-21T15:13:39,1,810.19,21.82,35.89,1.632,30.55,29.9800,25.9,4.07,-52,7.75,
2026-09-21T15:13:43,1,824.67,21.82,35.92,1.632,30.55,29.9930,25.9,4.02,-62,9.75,
2026-09-21T15:13:44,1,810.12,21.84,35.96,1.630,30.42,29.9860,25.9,4.07,-62,9.25,
2026-09-21T15:13:45,1,810.10,21.81,35.96,1.633,30.68,29.9860,25.9,4.03,-62,10.00,
2026-09-21T15:13:46,1,810.16,21.83,35.95,1.633,30.68,29.9880,25.9,4.07,-61,9.50,
2026-09-21T15:13:47,1,810.09,21.83,35.94,1.635,30.81,29.9810,25.9,4.02,-60,9.50,
2026-09-21T15:13:49,1,810.18,21.80,35.93,1.631,30.48,29.9830,25.9,4.07,-61,9.75,
2026-09-21T15:13:50,1,810.17,21.84,35.98,1.636,30.87,29.9780,25.9,4.02,-63,9.75,
2026-09-21T15:13:51,1,810.20,21.80,35.97,1.629,30.36,29.9770,25.9,4.07,-63,9.75,
2026-09-21T15:13:52,1,810.20,21.83,35.96,1.623,29.84,29.9790,25.9,4.02,-64,9.50,
2026-09-21T15:13:53,1,810.19,21.81,35.99,1.629,30.36,29.9800,25.9,4.07,-63,9.75,
2026-09-21T15:13:54,1,810.16,21.81,36.00,1.632,30.55,29.9730,25.9,4.02,-61,9.50,
2026-09-21T15:13:55,1,810.17,21.82,35.98,1.629,30.36,29.9720,25.9,4.07,-65,9.25,
2026-09-21T15:13:56,1,810.13,21.82,35.96,1.633,30.68,29.9700,25.9,4.02,-62,9.25,
2026-09-21T15:13:58,1,810.16,21.82,35.98,1.632,30.55,29.9700,25.9,4.07,-60,9.50,
2026-09-21T15:13:59,1,810.14,21.81,35.98,1.632,30.55,29.9560,25.9,4.02,-59,9.50,
2026-09-21T15:14:00,1,810.19,21.81,36.02,1.628,30.23,29.9560,25.9,4.07,-60,9.50,
2026-09-21T15:14:01,1,810.20,21.82,35.97,1.632,30.55,29.9420,25.9,4.01,-60,9.75,
2026-09-21T15:14:02,1,810.23,21.81,36.00,1.621,29.65,29.9390,25.9,4.07,-60,9.25,
2026-09-21T15:14:03,1,810.26,21.82,35.99,1.628,30.23,29.9340,25.9,4.01,-60,9.50,
2026-09-21T15:14:04,1,810.10,21.81,36.05,1.631,30.48,29.9330,25.9,4.07,-61,9.50,
2026-09-21T15:14:05,1,810.15,21.82,36.04,1.633,30.61,29.9210,25.9,4.01,-61,9.75,
2026-09-21T15:14:07,1,810.15,21.80,36.02,1.631,30.48,29.9080,25.9,4.07,-62,10.00,
2026-09-21T15:14:08,1,810.17,21.81,36.02,1.633,30.68,29.9030,25.9,4.01,-62,9.75,
2026-09-21T15:14:09,1,810.26,21.83,35.99,1.629,30.36,29.8970,25.9,4.07,-61,9.50,
2026-09-21T15:14:10,1,810.19,21.81,36.04,1.632,30.55,29.8860,25.9,4.06,-61,9.50,
2026-09-21T15:14:11,1,810.14,21.82,36.03,1.627,30.16,29.8900,25.9,4.02,-61,9.50,
2026-09-21T15:14:12,1,810.20,21.81,36.02,1.636,30.87,29.8880,25.9,4.07,-61,9.50,
2026-09-21T15:14:13,1,810.01,21.82,36.05,1.627,30.16,29.8850,25.9,4.02,-61,9.75,
2026-09-21T15:14:14,1,810.11,21.81,36.08,1.629,30.36,29.8780,25.9,4.07,-61,12.00,
2026-09-21T15:14:15,1,810.09,21.84,36.05,1.632,30.55,29.8740,25.9,4.02,-61,9.50,
2026-09-21T15:14:17,1,810.18,21.80,36.03,1.630,30.42,29.8750,25.9,4.07,-62,9.50,
2026-09-21T15:14:18,1,810.13,21.82,36.04,1.632,30.55,29.8760,25.9,4.02,-62,10.00,
2026-09-21T15:14:19,1,810.19,21.81,36.06,1.628,30.23,29.8770,25.9,4.07,-62,9.50,
2026-09-21T15:14:28,1,810.16,21.82,36.11,1.630,30.42,29.8660,25.9,4.07,-60,9.50,
2026-09-21T15:14:29,1,810.16,21.80,36.09,1.629,30.36,29.8680,25.9,4.02,-61,9.75,
2026-09-21T15:14:30,1,810.26,21.80,36.10,1.627,30.16,29.8730,25.9,4.07,-65,9.50,
2026-09-21T15:14:31,1,810.22,21.83,36.08,1.631,30.48,29.8690,25.9,4.01,-60,9.75,
2026-09-21T15:14:32,1,810.20,21.81,36.10,1.625,29.97,29.8640,25.9,4.07,-62,9.50,
2026-09-21T15:14:33,1,810.18,21.81,36.11,1.625,29.97,29.8650,25.9,4.02,-65,9.25,
2026-09-21T15:14:35,1,810.14,21.82,36.11,1.627,30.16,29.8670,25.9,4.07,-64,9.25,
2026-09-21T15:14:36,1,810.15,21.81,36.14,1.631,30.48,29.8660,25.9,4.01,-62,9.75,
2026-09-21T15:14:37,1,810.17,21.82,36.13,1.629,30.36,29.8660,25.9,4.07,-60,9.50,
2026-09-21T15:14:38,1,810.10,21.81,36.13,1.630,30.42,29.8620,25.9,4.01,-64,9.50,
2026-09-21T15:14:39,1,810.13,21.81,36.13,1.629,30.29,29.8610,25.9,4.02,-61,9.25,
2026-09-21T15:14:40,1,810.14,21.82,36.14,1.632,30.55,29.8500,25.9,4.07,-61,9.50,
2026-09-21T15:14:41,1,810.22,21.82,36.14,1.629,30.36,29.8420,25.9,4.02,-64,9.75,
2026-09-21T15:14:42,1,810.16,21.81,36.16,1.624,29.90,29.8360,25.9,4.07,-64,9.25,
2026-09-21T15:14:44,1,810.23,21.81,36.14,1.628,30.23,29.8300,25.9,4.02,-60,9.75,
2026-09-21T15:14:45,1,810.24,21.82,36.14,1.629,30.29,29.8290,25.9,4.07,-61,9.50,
2026-09-21T15:14:46,1,810.11,21.81,36.17,1.633,30.61,29.8300,25.9,4.02,-60,9.25,
2026-09-21T15:14:47,1,810.21,21.81,36.16,1.629,30.36,29.8290,25.9,4.07,-60,9.50,
2026-09-21T15:14:48,1,810.26,21.81,36.16,1.629,30.29,29.8330,25.9,4.02,-60,9.25,
2026-09-21T15:14:49,1,810.16,21.82,36.16,1.630,30.42,29.8260,25.9,4.07,-60,9.50,
2026-09-21T15:14:50,1,810.15,21.81,36.15,1.633,30.61,29.8230,25.9,4.02,-62,9.75,
2026-09-21T15:14:51,1,810.28,21.82,36.18,1.629,30.36,29.8180,25.9,4.07,-62,9.25,
2026-09-21T15:14:52,1,810.24,21.82,36.20,1.633,30.68,29.8200,25.9,4.02,-61,9.50,
2026-09-21T15:14:54,1,810.24,21.80,36.18,1.629,30.29,29.8130,25.9,4.07,-61,9.50,
2026-09-21T15:14:55,1,810.12,21.83,36.21,1.629,30.36,29.8110,25.9,4.02,-62,9.75,
2026-09-21T15:14:56,1,810.17,21.82,36.20,1.629,30.29,29.8060,25.9,4.07,-62,10.00,
2026-09-21T15:14:57,1,810.22,21.80,36.19,1.629,30.36,29.8070,25.9,4.02,-62,9.50,
2026-09-21T15:14:58,1,810.21,21.80,36.21,1.626,30.10,29.8030,25.9,4.07,-63,9.75,
2026-09-21T15:14:59,1,810.20,21.82,36.18,1.632,30.55,29.8000,25.9,4.01,-63,12.00,
2026-09-21T15:15:00,1,810.16,21.81,36.24,1.625,30.03,29.8030,25.9,4.07,-63,9.50,
2026-09-21T15:15:01,1,810.15,21.80,36.21,1.628,30.23,29.8050,25.9,4.01,-66,9.50,
2026-09-21T15:15:03,1,810.29,21.81,36.21,1.629,30.29,29.8080,25.9,4.07,-62,9.50,
2026-09-21T15:15:04,1,810.17,21.80,36.25,1.629,30.36,29.8080,25.9,4.01,-56,8.25,
2026-09-21T15:15:05,1,810.20,21.81,36.21,1.627,30.16,29.8090,25.9,4.07,-56,-0.25,
2026-09-21T15:15:12,1,824.47,21.82,36.23,1.623,29.84,29.7890,25.9,4.01,-64,9.25,
2026-09-21T15:15:13,1,810.11,21.78,36.26,1.628,30.23,29.7820,25.9,4.07,-62,9.50,
2026-09-21T15:15:14,1,810.19,21.81,36.25,1.629,30.29,29.7790,25.9,4.02,-62,9.75,
2026-09-21T15:15:15,1,810.18,21.84,36.21,1.628,30.23,29.7720,25.9,4.06,-59,9.75,
2026-09-21T15:15:16,1,810.24,21.82,36.24,1.629,30.36,29.7740,25.9,4.02,-60,9.50,
2026-09-21T15:15:17,1,810.18,21.82,36.24,1.626,30.10,29.7700,25.9,4.07,-60,9.50,
2026-09-21T15:15:18,1,810.28,21.81,36.26,1.632,30.55,29.7740,25.9,4.02,-62,9.50,
2026-09-21T15:15:19,1,810.27,21.81,36.28,1.627,30.16,29.7740,25.9,4.07,-57,9.50,
2026-09-21T15:15:20,1,810.15,21.80,36.27,1.630,30.42,29.7740,25.9,4.02,-58,9.75,
2026-09-21T15:15:22,1,810.27,21.79,36.28,1.629,30.29,29.7790,25.9,4.06,-59,9.50,
2026-09-21T15:15:23,1,810.13,21.81,36.24,1.633,30.61,29.7760,25.9,4.02,-59,9.25,
2026-09-21T15:15:24,1,810.21,21.80,36.26,1.629,30.36,29.7770,25.9,4.07,-59,9.25,
2026-09-21T15:15:25,1,810.25,21.81,36.29,1.633,30.68,29.7750,25.9,4.02,-59,9.25,
2026-09-21T15:15:26,1,810.28,21.80,36.26,1.626,30.10,29.7780,25.9,4.07,-59,9.25,
2026-09-21T15:15:27,1,810.35,21.79,36.32,1.630,30.42,29.7790,25.9,4.02,-58,9.25,
2026-09-21T15:15:29,1,810.24,21.81,36.32,1.632,30.55,29.7790,25.9,4.01,-59,9.25,
2026-09-21T15:15:31,1,810.15,21.80,36.32,1.627,30.16,29.7800,25.9,4.07,-58,9.75,
2026-09-21T15:15:32,1,810.23,21.79,36.31,1.631,30.48,29.7830,25.9,4.01,-59,9.50,
2026-09-21T15:15:33,1,810.25,21.80,36.32,1.642,31.32,29.7870,25.9,4.07,-58,9.75,
2026-09-21T15:15:34,1,810.14,21.80,36.35,1.634,30.74,29.7880,25.9,4.01,-60,9.50,
2026-09-21T15:15:35,1,810.19,21.82,36.32,1.629,30.29,29.7890,25.9,4.06,-58,9.75,
2026-09-21T15:15:36,1,810.32,21.81,36.33,1.630,30.42,29.7890,25.9,4.07,-61,9.25,
2026-09-21T15:15:37,1,810.17,21.80,36.32,1.625,29.97,29.7850,25.9,4.02,-59,9.50,
2026-09-21T15:15:38,1,810.15,21.80,36.33,1.631,30.48,29.7780,25.9,4.07,-60,9.50,
2026-09-21T15:15:40,1,810.19,21.82,36.36,1.629,30.36,29.7750,25.9,4.03,-60,9.75,
2026-09-21T15:15:41,1,810.24,21.81,36.34,1.628,30.23,29.7720,25.9,4.07,-60,9.25,
2026-09-21T15:15:42,1,810.28,21.80,36.34,1.627,30.16,29.7600,25.9,4.02,-60,9.50,
2026-09-21T15:15:43,1,810.22,21.82,36.37,1.627,30.16,29.7570,25.9,4.07,-60,9.50,
2026-09-21T15:15:44,1,810.16,21.81,36.35,1.632,30.55,29.7590,25.9,4.02,-61,9.75,
2026-09-21T15:15:45,1,810.22,21.78,36.34,1.630,30.42,29.7500,25.9,4.06,-59,9.25,
2026-09-21T15:15:46,1,810.20,21.80,36.35,1.629,30.29,29.7530,25.9,4.02,-59,9.25,
2026-09-21T15:15:47,1,810.31,21.80,36.38,1.627,30.16,29.7560,25.9,4.07,-52,7.75,
2026-09-21T15:15:49,1,810.19,21.78,36.32,1.628,30.23,29.7560,25.9,4.02,-48,6.25,
2026-09-21T15:15:50,1,810.26,21.80,36.39,1.628,30.23,29.7560,25.9,4.07,-48,-1.25,
2026-09-21T15:15:51,1,810.21,21.79,36.36,1.629,30.36,29.7500,25.9,4.02,-48,2.00,
2026-09-21T15:15:56,1,810.21,21.81,36.39,1.625,30.03,29.7260,25.9,4.06,-58,9.75,
2026-09-21T15:15:57,1,810.14,21.79,36.40,1.629,30.36,29.7260,25.9,4.01,-57,10.00,
2026-09-21T15:15:59,1,810.21,21.78,36.43,1.625,30.03,29.7240,25.9,4.07,-57,9.50,
2026-09-21T15:16:00,1,810.20,21.81,36.38,1.629,30.36,29.7290,25.9,4.01,-58,9.25,
2026-09-21T15:16:01,1,810.32,21.78,36.38,1.629,30.29,29.7300,25.9,4.07,-56,10.00,
2026-09-21T15:16:02,1,810.20,21.81,36.42,1.629,30.36,29.7300,25.9,4.00,-55,10.00,
2026-09-21T15:16:03,1,810.15,21.78,36.43,1.625,29.97,29.7170,25.9,4.06,-58,9.25,
2026-09-21T15:16:04,1,810.24,21.81,36.42,1.630,30.42,29.7190,25.9,4.07,-58,9.25,
2026-09-21T15:16:05,1,810.18,21.80,36.43,1.629,30.29,29.7250,25.9,4.02,-59,9.25,
2026-09-21T15:16:06,1,810.31,21.80,36.40,1.630,30.42,29.7210,25.9,4.07,-56,9.75,
2026-09-21T15:16:08,1,810.09,21.79,36.42,1.629,30.36,29.7220,25.9,4.02,-57,9.75,
2026-09-21T15:16:09,1,810.12,21.78,36.43,1.628,30.23,29.7240,25.9,4.07,-57,10.00,
2026-09-21T15:16:10,1,810.18,21.80,36.44,1.630,30.42,29.7160,25.9,4.02,-57,9.75,
2026-09-21T15:16:11,1,810.22,21.80,36.47,1.626,30.10,29.7130,25.9,4.07,-58,9.75,
2026-09-21T15:16:12,1,810.14,21.80,36.43,1.631,30.48,29.7110,25.9,4.02,-58,9.75,
2026-09-21T15:16:13,1,810.15,21.81,36.43,1.628,30.23,29.7120,25.9,4.07,-58,9.25,
2026-09-21T15:16:14,1,810.18,21.81,36.47,1.632,30.55,29.7120,25.9,4.02,-59,9.50,
2026-09-21T15:16:15,1,810.17,21.81,36.47,1.617,29.32,29.7100,25.9,4.07,-59,9.00,
2026-09-21T15:16:17,1,810.26,21.81,36.46,1.632,30.55,29.7100,25.9,4.02,-57,9.50,
2026-09-21T15:16:18,1,810.37,21.81,36.47,1.628,30.23,29.7100,25.9,4.07,-57,9.75,
2026-09-21T15:16:19,1,810.23,21.81,36.46,1.629,30.36,29.7140,25.9,4.02,-55,9.50,
2026-09-21T15:16:20,1,810.28,21.82,36.47,1.628,30.23,29.7140,25.9,4.07,-55,9.50,
2026-09-21T15:16:21,1,810.19,21.80,36.45,1.629,30.29,29.7130,25.9,4.02,-56,9.50,
2026-09-21T15:16:22,1,810.21,21.80,36.46,1.626,30.10,29.7140,25.9,4.07,-56,11.75,
2026-09-21T15:16:23,1,810.15,21.81,36.48,1.628,30.23,29.7250,25.9,4.02,-56,9.75,
2026-09-21T15:16:24,1,810.27,21.81,36.45,1.625,30.03,29.7250,25.9,4.07,-58,9.50,
2026-09-21T15:16:25,1,810.25,21.80,36.49,1.630,30.42,29.7190,25.9,4.01,-57,9.75,
2026-09-21T15:16:27,1,810.29,21.80,36.46,1.625,30.03,29.7120,25.9,4.07,-57,9.50,
2026-09-21T15:16:28,1,810.20,21.81,36.47,1.629,30.36,29.6960,25.9,4.01,-57,10.00,
2026-09-21T15:16:29,1,810.28,21.78,36.48,1.627,30.16,29.7020,25.9,4.07,-57,9.50,
2026-09-21T15:16:30,1,810.26,21.80,36.51,1.632,30.55,29.7070,25.9,4.00,-56,9.75,
2026-09-21T15:16:31,1,810.33,21.82,36.51,1.627,30.16,29.7110,25.9,4.06,-56,9.50,
2026-09-21T15:16:32,1,810.24,21.78,36.48,1.632,30.55,29.7100,25.9,4.07,-48,2.25,
2026-09-21T15:16:33,1,810.32,21.78,36.47,1.626,30.10,29.7080,25.9,4.02,-48,3.75,
2026-09-21T15:16:34,1,810.21,21.78,36.48,1.630,30.42,29.7140,25.9,4.06,-48,3.25,
2026-09-21T15:16:40,1,810.24,21.81,36.55,1.629,30.36,29.6870,25.9,4.02,-56,9.25,
2026-09-21T15:16:41,1,810.12,21.81,36.53,1.625,30.03,29.6920,25.9,4.06,-56,9.25,
2026-09-21T15:16:42,1,810.16,21.81,36.50,1.629,30.36,29.6890,25.9,4.02,-55,9.25,
2026-09-21T15:16:43,1,810.32,21.80,36.51,1.627,30.16,29.6800,25.9,4.07,-56,9.25,
2026-09-21T15:16:45,1,810.21,21.80,36.56,1.630,30.42,29.6730,25.9,4.02,-57,9.50,
2026-09-21T15:16:46,1,810.16,21.81,36.55,1.625,30.03,29.6750,25.9,4.07,-56,9.50,
2026-09-21T15:16:47,1,810.21,21.80,36.53,1.634,30.74,29.6660,25.9,4.02,-55,9.75,
2026-09-21T15:16:48,1,810.22,21.80,36.56,1.626,30.10,29.6660,25.9,4.06,-54,9.50,
2026-09-21T15:16:49,1,810.22,21.78,36.56,1.630,30.42,29.6630,25.9,4.02,-54,9.50,
2026-09-21T15:16:50,1,810.20,21.81,36.55,1.626,30.10,29.6620,25.9,4.07,-54,9.75,
2026-09-21T15:16:51,1,810.28,21.78,36.55,1.631,30.48,29.6560,25.9,4.01,-56,9.75,
2026-09-21T15:16:52,1,810.32,21.80,36.58,1.628,30.23,29.6560,25.9,4.06,-52,9.75,
2026-09-21T15:16:54,1,810.18,21.81,36.57,1.630,30.42,29.6600,25.9,4.00,-53,9.50,
2026-09-21T15:16:55,1,810.22,21.78,36.57,1.626,30.10,29.6530,25.9,4.07,-56,9.50,
2026-09-21T15:16:56,1,810.16,21.81,36.58,1.631,30.48,29.6510,25.9,4.01,-55,9.75,
2026-09-21T15:16:57,1,810.40,21.81,36.58,1.629,30.29,29.6590,25.9,4.07,-60,9.50,
2026-09-21T15:16:58,1,810.16,21.80,36.58,1.628,30.23,29.6560,25.9,4.01,-59,9.25,
2026-09-21T15:16:59,1,810.26,21.80,36.57,1.624,29.90,29.6560,25.9,4.07,-55,9.50,
2026-09-21T15:17:00,1,810.34,21.79,36.61,1.629,30.29,29.6560,25.9,4.07,-54,9.25,
2026-09-21T15:17:01,1,810.32,21.80,36.60,1.624,29.90,29.6540,25.9,4.02,-54,9.50,
2026-09-21T15:17:02,1,810.27,21.80,36.57,1.626,30.10,29.6470,25.9,4.07,-54,9.50,
2026-09-21T15:17:04,1,810.16,21.78,36.59,1.636,30.87,29.6450,25.9,4.02,-54,9.00,
2026-09-21T15:17:05,1,810.27,21.79,36.62,1.625,30.03,29.6470,25.9,4.07,-54,9.75,
2026-09-21T15:17:06,1,810.18,21.80,36.60,1.628,30.23,29.6470,25.9,4.02,-54,9.25,
2026-09-21T15:17:07,1,810.25,21.80,36.64,1.625,29.97,29.6440,25.9,4.07,-53,9.25,
2026-09-21T15:17:08,1,810.19,21.79,36.62,1.626,30.10,29.6400,25.9,4.03,-55,10.00,
2026-09-21T15:17:09,1,810.33,21.80,36.62,1.616,29.26,29.6360,25.9,4.07,-54,9.50,
2026-09-21T15:17:10,1,810.31,21.81,36.63,1.627,30.16,29.6300,25.9,4.02,-53,9.50,
2026-09-21T15:17:11,1,810.29,21.79,36.61,1.625,30.03,29.6330,25.9,4.06,-54,9.50,
2026-09-21T15:17:13,1,810.20,21.79,36.65,1.629,30.36,29.6270,25.9,4.02,-54,9.50,
2026-09-21T15:17:14,1,810.33,21.78,36.66,1.624,29.90,29.6290,25.9,4.06,-54,9.25,
2026-09-21T15:17:15,1,810.28,21.80,36.65,1.627,30.16,29.6170,25.9,4.01,-54,9.75,
2026-09-21T15:17:16,1,810.28,21.78,36.62,1.626,30.10,29.6170,25.9,4.07,-49,2.75,
2026-09-21T15:17:17,1,810.28,21.78,36.66,1.629,30.29,29.6140,25.9,4.01,-48,3.25,
2026-09-21T15:17:18,1,810.22,21.78,36.63,1.626,30.10,29.6150,25.9,4.07,-52,3.75,
2026-09-21T15:17:19,1,810.32,21.79,36.62,1.627,30.16,29.6110,25.9,4.02,-57,9.50,
2026-09-21T15:17:24,1,810.25,21.80,36.65,1.629,30.29,29.6110,25.9,4.01,-57,9.25,
2026-09-21T15:17:25,1,810.33,21.80,36.64,1.625,30.03,29.6110,25.9,4.07,-55,9.25,
2026-09-21T15:17:26,1,810.34,21.81,36.67,1.629,30.36,29.6090,25.9,4.00,-57,10.25,
2026-09-21T15:17:27,1,810.27,21.81,36.67,1.624,29.90,29.6150,25.9,4.03,-57,10.25,
2026-09-21T15:17:28,1,810.33,21.79,36.67,1.629,30.36,29.6210,25.9,4.07,-55,9.25,
2026-09-21T15:17:29,1,810.28,21.79,36.72,1.624,29.90,29.6280,25.9,4.02,-53,10.75,
2026-09-21T15:17:30,1,810.28,21.80,36.70,1.618,29.45,29.6300,25.9,4.07,-53,9.25,
2026-09-21T15:17:32,1,810.26,21.78,36.68,1.640,31.19,29.6200,25.9,4.03,-53,9.00,
2026-09-21T15:17:33,1,810.31,21.79,36.71,1.638,31.07,29.6240,25.9,4.07,-53,9.50,
2026-09-21T15:17:34,1,810.25,21.78,36.71,1.626,30.10,29.6170,25.9,4.02,-54,9.50,
2026-09-21T15:17:35,1,810.40,21.79,36.70,1.625,30.03,29.6220,25.9,4.06,-52,9.50,
2026-09-21T15:17:36,1,810.29,21.78,36.70,1.628,30.23,29.6230,25.9,4.02,-53,9.50,
2026-09-21T15:17:37,1,810.32,21.81,36.69,1.623,29.84,29.6170,25.9,4.07,-52,10.50,
2026-09-21T15:17:38,1,810.23,21.80,36.73,1.629,30.36,29.6160,25.9,4.02,-54,9.25,
2026-09-21T15:17:39,1,810.33,21.77,36.72,1.625,30.03,29.6140,25.9,4.07,-56,9.50,
2026-09-21T15:17:41,1,810.29,21.77,36.72,1.630,30.42,29.6120,25.9,4.02,-55,10.00,
2026-09-21T15:17:42,1,810.32,21.81,36.71,1.625,29.97,29.6120,25.9,4.06,-55,9.50,
2026-09-21T15:17:43,1,810.20,21.79,36.73,1.629,30.29,29.5920,25.9,4.02,-55,9.75,
2026-09-21T15:17:44,1,810.23,21.79,36.71,1.626,30.10,29.5920,25.9,4.07,-54,9.25,
