timestamp,board_id,inircd100_voltage,inircd100_pctvol,inircd100_digital_pctvol,inircd100_temp_c,inirme100_voltage,inirme100_pctvol,battery_voltage,rssi,snr,sample
2026-09-21T13:31:29,2,1.266,1.28,0.0000,27.9,1.265,1.22,4.10,-35,-0.75,
2026-09-21T13:31:31,2,1.314,5.15,0.0000,27.9,1.266,1.28,4.07,-40,4.75,
2026-09-21T13:31:32,2,1.264,1.09,0.0000,27.9,1.262,0.96,4.10,-47,9.50,
2026-09-21T13:31:33,2,1.339,7.08,0.0000,27.9,1.273,1.86,4.03,-46,10.00,
2026-09-21T13:31:34,2,1.317,5.34,0.0000,27.0,1.268,1.47,4.07,-50,3.50,
2026-09-21T13:31:37,2,1.343,7.41,0.0000,27.9,1.272,1.80,4.03,-53,9.50,
2026-09-21T13:31:38,2,1.326,6.05,0.0000,27.9,1.266,1.28,4.07,-66,9.50,
2026-09-21T13:31:39,2,1.270,1.60,0.0000,27.9,1.270,1.60,4.06,-67,9.50,
2026-09-21T13:31:40,2,1.350,7.99,0.0000,27.9,1.265,1.22,4.03,-64,9.50,
2026-09-21T13:31:41,2,1.333,6.63,0.0000,27.9,1.265,1.22,4.07,-58,9.50,
2026-09-21T13:31:42,2,1.268,1.41,0.0000,27.9,1.269,1.54,4.06,-73,9.25,
2026-09-21T13:31:43,2,1.332,6.57,0.0000,27.9,1.272,1.73,4.04,-60,9.50,
2026-09-21T13:31:44,2,1.265,1.22,0.0000,27.9,1.264,1.09,4.10,-62,9.75,
2026-09-21T13:31:45,2,1.297,3.73,0.0000,27.9,1.268,1.47,4.07,-60,9.50,
2026-09-21T13:31:46,2,1.323,5.86,0.0000,27.9,1.265,1.22,4.03,-57,10.00,
2026-09-21T13:31:47,2,1.260,0.76,0.0000,27.9,1.262,0.96,4.10,-57,10.00,
2026-09-21T13:31:49,2,1.266,1.28,0.0000,27.9,1.270,1.60,4.06,-57,9.25,
2026-09-21T13:31:50,2,1.338,7.02,0.0000,27.9,1.268,1.47,4.06,-56,9.75,
2026-09-21T13:31:51,2,1.267,1.35,0.0000,27.9,1.264,1.15,4.10,-61,9.75,
2026-09-21T13:31:52,2,1.269,1.54,0.0000,27.9,1.268,1.41,4.07,-58,9.50,
2026-09-21T13:31:53,2,1.328,6.24,0.0000,27.9,1.268,1.47,4.07,-56,9.50,
2026-09-21T13:31:54,2,1.266,1.28,0.0000,27.9,1.262,0.96,4.10,-59,9.50,
2026-09-21T13:31:55,2,1.337,6.95,0.0000,27.9,1.274,1.93,4.05,-59,9.50,
2026-09-21T13:31:56,2,1.328,6.24,0.0000,27.9,1.268,1.47,4.07,-60,9.50,
2026-09-21T13:31:57,2,1.268,1.41,0.0000,27.9,1.267,1.35,4.10,-57,9.75,
2026-09-21T13:31:58,2,1.346,7.66,0.0000,27.9,1.275,1.99,4.03,-55,9.50,
2026-09-21T13:31:59,2,1.326,6.05,0.0000,27.9,1.266,1.28,4.07,-59,9.50,
2026-09-21T13:32:01,2,1.267,1.35,0.0000,27.9,1.270,1.60,4.06,-59,9.50,
2026-09-21T13:32:02,2,1.343,7.41,0.0000,27.9,1.272,1.80,4.03,-59,9.75,
2026-09-21T13:32:03,2,1.324,5.92,0.0000,27.9,1.270,1.60,4.07,-55,9.50,
2026-09-21T13:32:04,2,1.269,1.54,0.0000,27.9,1.268,1.47,4.06,-55,9.50,
2026-09-21T13:32:05,2,1.335,6.82,0.0000,27.9,1.272,1.80,4.03,-58,10.00,
2026-09-21T13:32:06,2,1.326,6.05,0.0000,27.9,1.264,1.09,4.07,-60,9.25,
2026-09-21T13:32:07,2,1.269,1.54,0.0000,27.9,1.268,1.41,4.06,-62,10.00,
2026-09-21T13:32:15,2,1.327,6.18,0.0000,27.9,1.268,1.47,4.06,-67,9.50,
2026-09-21T13:32:16,2,1.264,1.09,0.0000,27.9,1.264,1.15,4.10,-62,9.75,
2026-09-21T13:32:17,2,1.270,1.60,0.0000,27.9,1.268,1.41,4.06,-67,9.25,
2026-09-21T13:32:18,2,1.335,6.82,0.0000,27.9,1.266,1.28,4.07,-61,9.50,
2026-09-21T13:32:19,2,1.264,1.15,0.0000,27.9,1.264,1.09,4.09,-58,9.50,
2026-09-21T13:32:20,2,1.348,7.86,0.0000,27.9,1.271,1.67,4.02,-60,9.50,
2026-09-21T13:32:21,2,1.324,5.92,0.0000,27.9,1.269,1.54,4.07,-60,9.50,
2026-09-21T13:32:22,2,1.271,1.67,0.0000,27.9,1.272,1.73,4.06,-60,9.50,
2026-09-21T13:32:23,2,1.343,7.41,0.0000,27.9,1.273,1.86,4.03,-62,10.00,
2026-09-21T13:32:24,2,1.322,5.79,0.0000,27.9,1.267,1.35,4.07,-59,10.00,
2026-09-21T13:32:26,2,1.270,1.60,0.0000,27.9,1.270,1.60,4.06,-60,9.50,
2026-09-21T13:32:27,2,1.335,6.82,0.0000,27.9,1.272,1.73,4.03,-61,9.50,
2026-09-21T13:32:28,2,1.328,6.24,0.0000,27.9,1.268,1.47,4.07,-61,9.25,
2026-09-21T13:32:29,2,1.268,1.47,0.0000,27.9,1.268,1.41,4.06,-62,9.75,
2026-09-21T13:32:30,2,1.334,6.70,0.0000,27.9,1.272,1.73,4.03,-63,9.25,
2026-09-21T13:32:31,2,1.265,1.22,0.0000,27.9,1.264,1.09,4.10,-60,9.75,
2026-09-21T13:32:32,2,1.270,1.60,0.0000,27.9,1.268,1.41,4.07,-61,9.50,
2026-09-21T13:32:33,2,1.330,6.37,0.0000,27.9,1.268,1.41,4.06,-59,9.50,
2026-09-21T13:32:34,2,1.268,1.47,0.0000,27.9,1.265,1.22,4.10,-58,10.00,
2026-09-21T13:32:35,2,1.268,1.47,0.0000,27.9,1.268,1.41,4.06,-59,9.50,
2026-09-21T13:32:36,2,1.327,6.18,0.0000,27.9,1.268,1.41,4.07,-60,9.50,
2026-09-21T13:32:37,2,1.264,1.15,0.0000,27.9,1.263,1.02,4.08,-57,9.75,
2026-09-21T13:32:39,2,1.269,1.54,0.0000,27.9,1.267,1.35,4.06,-58,9.25,
2026-09-21T13:32:40,2,1.324,5.92,0.0000,27.9,1.269,1.54,4.07,-57,10.00,
2026-09-21T13:32:41,2,1.267,1.35,0.0000,27.9,1.263,1.02,4.10,-59,10.00,
2026-09-21T13:32:42,2,1.351,8.11,0.0000,27.9,1.273,1.86,4.02,-58,9.50,
2026-09-21T13:32:43,2,1.326,6.12,0.0000,27.9,1.268,1.47,4.07,-57,9.75,
2026-09-21T13:32:44,2,1.272,1.73,0.0000,27.9,1.272,1.73,4.06,-60,9.50,
2026-09-21T13:32:45,2,1.343,7.41,0.0000,27.9,1.272,1.73,4.03,-59,9.75,
2026-09-21T13:32:46,2,1.322,5.79,0.0000,27.9,1.267,1.35,4.07,-59,9.25,
2026-09-21T13:32:47,2,1.270,1.60,0.0000,27.9,1.267,1.35,4.06,-58,9.75,
2026-09-21T13:32:48,2,1.340,7.21,0.0000,27.9,1.272,1.80,4.03,-60,10.25,
2026-09-21T13:32:49,2,1.324,5.92,0.0000,27.9,1.268,1.47,4.07,-61,9.75,
2026-09-21T13:32:57,2,1.269,1.54,0.0000,27.9,1.269,1.54,4.07,-53,5.25,
2026-09-21T13:32:58,2,1.326,6.12,0.0000,27.9,1.268,1.41,4.07,-58,9.75,
2026-09-21T13:32:59,2,1.264,1.09,0.0000,27.9,1.262,0.96,4.10,-71,9.00,
2026-09-21T13:33:00,2,1.266,1.28,0.0000,27.9,1.268,1.47,4.06,-72,8.50,
2026-09-21T13:33:01,2,1.326,6.05,0.0000,27.9,1.268,1.47,4.07,-56,9.50,
2026-09-21T13:33:03,2,1.268,1.41,0.0000,27.9,1.264,1.09,4.10,-52,9.75,
2026-09-21T13:33:04,2,1.302,4.18,0.0000,27.9,1.270,1.60,4.06,-56,9.50,
2026-09-21T13:33:05,2,1.324,5.92,0.0000,27.9,1.268,1.41,4.06,-59,9.75,
2026-09-21T13:33:06,2,1.271,1.67,0.0000,27.9,1.268,1.41,4.06,-54,9.75,
2026-09-21T13:33:07,2,1.347,7.73,0.0000,27.9,1.282,2.57,4.03,-69,8.75,
2026-09-21T13:33:08,2,1.326,6.05,0.0000,27.9,1.267,1.35,4.07,-65,9.00,
2026-09-21T13:33:09,2,1.270,1.60,0.0000,27.9,1.271,1.67,4.06,-55,9.00,
2026-09-21T13:33:10,2,1.339,7.15,0.0000,27.9,1.272,1.73,4.03,-55,9.50,
2026-09-21T13:33:11,2,1.325,5.99,0.0000,27.9,1.267,1.35,4.07,-58,9.50,
2026-09-21T13:33:12,2,1.268,1.41,0.0000,27.9,1.268,1.47,4.06,-54,9.50,
2026-09-21T13:33:13,2,1.336,6.89,0.0000,27.9,1.270,1.60,4.03,-61,9.25,
2026-09-21T13:33:14,2,1.321,5.66,0.0000,27.9,1.267,1.35,4.07,-68,5.75,
2026-09-21T13:33:16,2,1.270,1.60,0.0000,27.9,1.269,1.54,4.06,-61,9.50,
2026-09-21T13:33:17,2,1.330,6.37,0.0000,27.9,1.267,1.35,4.06,-57,9.50,
2026-09-21T13:33:18,2,1.266,1.28,0.0000,27.9,1.264,1.15,4.10,-57,10.25,
2026-09-21T13:33:19,2,1.268,1.41,0.0000,27.9,1.267,1.35,4.07,-49,9.25,
2026-09-21T13:33:20,2,1.325,5.99,0.0000,27.9,1.268,1.47,4.06,-54,9.75,
2026-09-21T13:33:21,2,1.263,1.02,0.0000,27.9,1.263,1.02,4.10,-66,8.25,
2026-09-21T13:33:22,2,1.268,1.41,0.0000,27.9,1.269,1.54,4.06,-54,9.50,
2026-09-21T13:33:23,2,1.326,6.05,0.0000,27.9,1.268,1.47,4.06,-55,9.50,
2026-09-21T13:33:24,2,1.265,1.22,0.0000,27.9,1.262,0.96,4.10,-57,9.75,
2026-09-21T13:33:25,2,1.268,1.47,0.0000,27.9,1.268,1.47,4.06,-59,9.50,
2026-09-21T13:33:26,2,1.323,5.86,0.0000,27.9,1.268,1.41,4.06,-55,9.50,
2026-09-21T13:33:28,2,1.269,1.54,0.0000,27.9,1.268,1.41,4.05,-56,9.75,
2026-09-21T13:33:29,2,1.328,6.24,0.0000,27.9,1.272,1.73,4.02,-54,9.75,
2026-09-21T13:33:30,2,1.309,4.70,0.0000,27.9,1.265,1.22,4.06,-57,9.75,
2026-09-21T13:33:31,2,1.268,1.47,0.0000,27.9,1.271,1.67,4.05,-60,9.25,
2026-09-21T13:33:32,2,1.324,5.92,0.0000,27.9,1.273,1.86,4.03,-56,10.25,
2026-09-21T13:33:33,2,1.308,4.63,0.0000,27.9,1.268,1.41,4.06,-64,9.00,
2026-09-21T13:33:41,2,1.267,1.35,0.0000,27.9,1.265,1.22,4.07,-62,9.25,
2026-09-21T13:33:42,2,1.312,4.96,0.0000,27.9,1.270,1.60,4.06,-62,9.75,
2026-09-21T13:33:43,2,1.261,0.89,0.0000,27.9,1.263,1.02,4.10,-62,9.50,
2026-09-21T13:33:44,2,1.265,1.22,0.0000,27.9,1.267,1.35,4.06,-62,9.25,
2026-09-21T13:33:45,2,1.309,4.70,0.0000,27.9,1.265,1.22,4.06,-62,9.25,
2026-09-21T13:33:46,2,1.264,1.09,0.0000,27.9,1.265,1.22,4.10,-58,9.75,
2026-09-21T13:33:47,2,1.266,1.28,0.0000,27.9,1.267,1.35,4.06,-60,9.50,
2026-09-21T13:33:48,2,1.309,4.70,0.0000,27.9,1.265,1.22,4.06,-60,9.25,
2026-09-21T13:33:49,2,1.265,1.22,0.0000,27.9,1.268,1.47,4.06,-62,9.25,
2026-09-21T13:33:50,2,1.330,6.37,0.0000,27.9,1.273,1.86,4.02,-63,9.50,
2026-09-21T13:33:51,2,1.310,4.83,0.0000,27.9,1.266,1.28,4.06,-61,9.75,
2026-09-21T13:33:53,2,1.266,1.28,0.0000,27.9,1.269,1.54,4.06,-61,9.75,
2026-09-21T13:33:54,2,1.323,5.86,0.0000,27.9,1.274,1.93,4.02,-62,9.50,
2026-09-21T13:33:55,2,1.309,4.70,0.0000,27.9,1.267,1.35,4.06,-58,9.00,
2026-09-21T13:33:56,2,1.266,1.28,0.0000,27.9,1.271,1.67,4.06,-58,9.25,
2026-09-21T13:33:57,2,1.321,5.66,0.0000,27.9,1.272,1.80,4.03,-63,9.25,
2026-09-21T13:33:58,2,1.308,4.63,0.0000,27.9,1.267,1.35,4.06,-63,9.75,
2026-09-21T13:33:59,2,1.265,1.22,0.0000,27.9,1.272,1.73,4.06,-59,9.25,
2026-09-21T13:34:00,2,1.314,5.08,0.0000,27.9,1.268,1.41,4.06,-62,9.75,
2026-09-21T13:34:01,2,1.264,1.09,0.0000,27.9,1.260,0.83,4.10,-63,9.25,
2026-09-21T13:34:02,2,1.267,1.35,0.0000,27.9,1.268,1.47,4.06,-66,9.00,
2026-09-21T13:34:03,2,1.313,5.02,0.0000,27.9,1.268,1.47,4.06,-58,9.00,
2026-09-21T13:34:04,2,1.261,0.89,0.0000,27.9,1.262,0.96,4.10,-57,9.75,
2026-09-21T13:34:06,2,1.268,1.41,0.0000,27.9,1.268,1.41,4.06,-56,9.75,
2026-09-21T13:34:07,2,1.310,4.83,0.0000,27.9,1.267,1.35,4.06,-58,9.50,
2026-09-21T13:34:08,2,1.264,1.09,0.0000,27.9,1.264,1.15,4.09,-57,10.00,
2026-09-21T13:34:09,2,1.265,1.22,0.0000,27.9,1.269,1.54,4.06,-55,9.25,
2026-09-21T13:34:10,2,1.310,4.76,0.0000,27.9,1.268,1.47,4.06,-56,9.50,
2026-09-21T13:34:11,2,1.257,0.57,0.0000,27.9,1.270,1.60,4.10,-64,8.75,
2026-09-21T13:34:12,2,1.265,1.22,0.0000,27.9,1.274,1.93,4.06,-58,9.75,
2026-09-21T13:34:13,2,1.304,4.31,0.0000,27.9,1.267,1.35,4.06,-57,9.25,
2026-09-21T13:34:14,2,1.265,1.22,0.0000,27.9,1.269,1.54,4.05,-56,9.50,
2026-09-21T13:34:15,2,1.327,6.18,0.0000,27.9,1.272,1.80,4.02,-63,9.50,
2026-09-21T13:34:23,2,1.307,4.57,0.0000,27.9,1.265,1.22,4.07,-63,9.00,
2026-09-21T13:34:24,2,1.264,1.15,0.0000,27.9,1.268,1.47,4.06,-58,9.50,
2026-09-21T13:34:25,2,1.311,4.89,0.0000,27.9,1.268,1.41,4.06,-57,9.25,
2026-09-21T13:34:26,2,1.262,0.96,0.0000,27.9,1.261,0.89,4.10,-58,10.00,
2026-09-21T13:34:27,2,1.264,1.09,0.0000,27.9,1.268,1.47,4.06,-58,9.25,
2026-09-21T13:34:28,2,1.311,4.89,0.0000,27.9,1.268,1.41,4.06,-61,9.25,
2026-09-21T13:34:29,2,1.262,0.96,0.0000,27.9,1.264,1.09,4.10,-59,10.00,
2026-09-21T13:34:31,2,1.266,1.28,0.0000,27.9,1.262,0.96,4.07,-59,9.25,
2026-09-21T13:34:32,2,1.308,4.63,0.0000,27.9,1.267,1.35,4.06,-59,9.25,
2026-09-21T13:34:33,2,1.261,0.89,0.0000,27.9,1.262,0.96,4.10,-53,9.25,
2026-09-21T13:34:34,2,1.265,1.22,0.0000,27.9,1.268,1.41,4.07,-51,10.00,
2026-09-21T13:34:35,2,1.311,4.89,0.0000,27.9,1.268,1.41,4.06,-54,9.75,
2026-09-21T13:34:36,2,1.269,1.54,0.0000,27.9,1.270,1.60,4.05,-54,9.25,
2026-09-21T13:34:37,2,1.326,6.12,0.0000,27.9,1.272,1.73,4.02,-53,9.50,
2026-09-21T13:34:38,2,1.305,4.44,0.0000,27.9,1.267,1.35,4.06,-54,9.75,
2026-09-21T13:34:39,2,1.266,1.28,0.0000,27.9,1.268,1.47,4.06,-58,9.75,
2026-09-21T13:34:40,2,1.323,5.86,0.0000,27.9,1.272,1.73,4.02,-60,9.50,
2026-09-21T13:34:41,2,1.306,4.50,0.0000,27.9,1.267,1.35,4.06,-56,9.50,
2026-09-21T13:34:43,2,1.276,2.05,0.0000,27.9,1.269,1.54,4.06,-58,9.50,
2026-09-21T13:34:44,2,1.320,5.60,0.0000,27.9,1.272,1.80,4.02,-56,10.00,
2026-09-21T13:34:45,2,1.306,4.50,0.0000,27.9,1.268,1.47,4.06,-56,9.75,
2026-09-21T13:34:46,2,1.267,1.35,0.0000,27.9,1.268,1.41,4.06,-65,9.00,
2026-09-21T13:34:47,2,1.313,5.02,0.0000,27.9,1.267,1.35,4.06,-64,8.75,
2026-09-21T13:34:48,2,1.260,0.83,0.0000,27.9,1.263,1.02,4.10,-61,9.50,
2026-09-21T13:34:49,2,1.266,1.28,0.0000,27.9,1.268,1.47,4.06,-62,9.50,
2026-09-21T13:34:50,2,1.312,4.96,0.0000,27.9,1.267,1.35,4.06,-61,9.25,
2026-09-21T13:34:51,2,1.263,1.02,0.0000,27.9,1.261,0.89,4.10,-60,9.75,
2026-09-21T13:34:52,2,1.267,1.35,0.0000,27.9,1.268,1.47,4.06,-59,9.25,
2026-09-21T13:34:53,2,1.311,4.89,0.0000,27.9,1.265,1.22,4.06,-59,9.50,
2026-09-21T13:34:54,2,1.262,0.96,0.0000,27.9,1.262,0.96,4.10,-57,9.75,
2026-09-21T13:34:56,2,1.266,1.28,0.0000,27.9,1.268,1.41,4.06,-60,9.50,
2026-09-21T13:34:57,2,1.309,4.70,0.0000,27.9,1.268,1.41,4.07,-54,9.75,
2026-09-21T13:34:58,2,1.268,1.47,0.0000,27.9,1.269,1.54,4.06,-55,9.50,
2026-09-21T13:34:59,2,1.305,4.38,0.0000,27.9,1.273,1.86,4.06,-56,9.75,
2026-09-21T13:35:06,2,1.307,4.57,0.0000,27.9,1.269,1.54,4.06,-56,9.50,
2026-09-21T13:35:08,2,1.268,1.47,0.0000,27.9,1.269,1.54,4.06,-76,2.00,
2026-09-21T13:35:09,2,1.312,4.96,0.0000,27.9,1.268,1.41,4.06,-60,9.00,
2026-09-21T13:35:10,2,1.301,4.05,0.0000,27.9,1.263,1.02,4.07,-58,9.75,
2026-09-21T13:35:11,2,1.265,1.22,0.0000,27.9,1.268,1.47,4.06,-59,9.50,
2026-09-21T13:35:12,2,1.310,4.76,0.0000,27.9,1.268,1.41,4.06,-53,9.25,
2026-09-21T13:35:13,2,1.262,0.96,0.0000,27.9,1.262,0.96,4.10,-55,9.75,
2026-09-21T13:35:14,2,1.268,1.41,0.0000,27.9,1.270,1.60,4.06,-56,10.00,
2026-09-21T13:35:15,2,1.310,4.76,0.0000,27.9,1.267,1.35,4.06,-65,9.50,
2026-09-21T13:35:16,2,1.263,1.02,0.0000,27.9,1.263,1.02,4.10,-66,10.00,
2026-09-21T13:35:17,2,1.267,1.35,0.0000,27.9,1.267,1.35,4.07,-64,9.00,
2026-09-21T13:35:18,2,1.310,4.83,0.0000,27.9,1.268,1.41,4.06,-62,9.75,
2026-09-21T13:35:20,2,1.264,1.15,0.0000,27.9,1.268,1.41,4.10,-66,9.00,
2026-09-21T13:35:21,2,1.265,1.22,0.0000,27.9,1.268,1.47,4.07,-59,9.50,
2026-09-21T13:35:22,2,1.308,4.63,0.0000,27.9,1.267,1.35,4.06,-61,9.50,
2026-09-21T13:35:23,2,1.266,1.28,0.0000,27.9,1.268,1.47,4.05,-66,9.00,
2026-09-21T13:35:24,2,1.326,6.05,0.0000,27.9,1.275,1.99,4.02,-74,7.25,
2026-09-21T13:35:25,2,1.306,4.50,0.0000,27.9,1.268,1.41,4.06,-68,9.00,
2026-09-21T13:35:26,2,1.266,1.28,0.0000,27.9,1.268,1.41,4.06,-65,9.25,
2026-09-21T13:35:27,2,1.319,5.54,0.0000,27.9,1.272,1.73,4.02,-63,9.25,
2026-09-21T13:35:28,2,1.305,4.44,0.0000,27.9,1.273,1.86,4.06,-64,9.00,
2026-09-21T13:35:29,2,1.267,1.35,0.0000,27.9,1.268,1.47,4.06,-65,9.00,
2026-09-21T13:35:30,2,1.318,5.41,0.0000,27.9,1.269,1.54,4.03,-65,9.00,
2026-09-21T13:35:31,2,1.309,4.70,0.0000,27.9,1.267,1.35,4.07,-67,9.00,
2026-09-21T13:35:33,2,1.266,1.28,0.0000,27.9,1.268,1.47,4.06,-68,9.00,
2026-09-21T13:35:34,2,1.307,4.57,0.0000,27.9,1.276,2.05,4.06,-68,8.50,
2026-09-21T13:35:35,2,1.272,1.73,0.0000,27.9,1.263,1.02,4.10,-69,8.75,
2026-09-21T13:35:36,2,1.267,1.35,0.0000,27.9,1.266,1.28,4.06,-76,4.50,
2026-09-21T13:35:37,2,1.310,4.83,0.0000,27.9,1.269,1.54,4.06,-62,9.50,
2026-09-21T13:35:39,2,1.256,0.51,0.0000,27.9,1.267,1.35,4.06,-60,9.25,
2026-09-21T13:35:40,2,1.308,4.63,0.0000,27.9,1.267,1.35,4.07,-62,9.25,
2026-09-21T13:35:41,2,1.258,0.64,0.0000,27.9,1.264,1.09,4.09,-63,9.75,
2026-09-21T13:35:50,2,1.307,4.57,0.0000,27.9,1.268,1.41,4.06,-65,8.75,
2026-09-21T13:35:51,2,1.267,1.35,0.0000,27.9,1.269,1.54,4.06,-63,9.00,
2026-09-21T13:35:53,2,1.306,4.50,0.0000,27.9,1.265,1.22,4.06,-65,9.00,
2026-09-21T13:35:54,2,1.259,0.70,0.0000,27.9,1.267,1.35,4.06,-60,9.25,
2026-09-21T13:35:55,2,1.310,4.83,0.0000,27.9,1.266,1.28,4.06,-64,9.25,
2026-09-21T13:35:56,2,1.263,1.02,0.0000,27.9,1.262,0.96,4.09,-60,9.50,
2026-09-21T13:35:58,2,1.267,1.35,0.0000,27.9,1.265,1.22,4.06,-59,9.75,
2026-09-21T13:35:59,2,1.310,4.83,0.0000,27.9,1.268,1.41,4.06,-54,9.50,
2026-09-21T13:36:00,2,1.262,0.96,0.0000,27.9,1.257,0.57,4.10,-60,9.75,
2026-09-21T13:36:01,2,1.263,1.02,0.0000,27.9,1.267,1.35,4.07,-55,9.25,
2026-09-21T13:36:02,2,1.309,4.70,0.0000,27.9,1.267,1.35,4.06,-55,9.50,
2026-09-21T13:36:03,2,1.262,0.96,0.0000,27.9,1.267,1.35,4.10,-57,9.25,
2026-09-21T13:36:04,2,1.267,1.35,0.0000,27.9,1.268,1.47,4.06,-55,9.50,
2026-09-21T13:36:05,2,1.310,4.76,0.0000,27.9,1.266,1.28,4.06,-61,9.75,
2026-09-21T13:36:06,2,1.264,1.15,0.0000,27.9,1.270,1.60,4.05,-50,9.25,
2026-09-21T13:36:07,2,1.267,1.35,0.0000,27.9,1.268,1.47,4.06,-55,9.50,
2026-09-21T13:36:08,2,1.308,4.63,0.0000,27.9,1.268,1.41,4.06,-58,9.25,
2026-09-21T13:36:10,2,1.266,1.28,0.0000,27.9,1.269,1.54,4.06,-54,9.50,
2026-09-21T13:36:11,2,1.323,5.86,0.0000,27.9,1.266,1.28,4.02,-56,10.00,
2026-09-21T13:36:12,2,1.308,4.63,0.0000,27.9,1.268,1.47,4.07,-57,9.25,
2026-09-21T13:36:13,2,1.267,1.35,0.0000,27.9,1.269,1.54,4.06,-58,9.25,
2026-09-21T13:36:14,2,1.319,5.54,0.0000,27.9,1.273,1.86,4.03,-71,6.00,
2026-09-21T13:36:15,2,1.305,4.44,0.0000,27.9,1.268,1.47,4.07,-59,9.75,
2026-09-21T13:36:16,2,1.266,1.28,0.0000,27.9,1.267,1.35,4.06,-56,9.75,
2026-09-21T13:36:17,2,1.312,4.96,0.0000,27.9,1.268,1.41,4.06,-58,9.75,
2026-09-21T13:36:18,2,1.304,4.31,0.0000,27.9,1.268,1.47,4.07,-62,9.50,
2026-09-21T13:36:19,2,1.266,1.28,0.0000,27.9,1.268,1.41,4.06,-62,9.75,
2026-09-21T13:36:20,2,1.311,4.89,0.0000,27.9,1.269,1.54,4.06,-55,9.50,
2026-09-21T13:36:21,2,1.264,1.15,0.0000,27.9,1.263,1.02,4.09,-53,9.50,
2026-09-21T13:36:23,2,1.264,1.15,0.0000,27.9,1.268,1.41,4.06,-51,12.00,
2026-09-21T13:36:24,2,1.310,4.76,0.0000,27.9,1.267,1.35,4.07,-56,9.75,
2026-09-21T13:36:25,2,1.261,0.89,0.0000,27.9,1.263,1.02,4.10,-55,9.75,
2026-09-21T13:36:32,2,1.326,6.05,0.0000,27.9,1.270,1.60,4.00,-43,6.25,
2026-09-21T13:36:33,2,1.307,4.57,0.0000,27.9,1.268,1.47,4.06,-52,10.00,
2026-09-21T13:36:35,2,1.268,1.41,0.0000,27.9,1.269,1.54,4.06,-54,9.50,
2026-09-21T13:36:36,2,1.320,5.60,0.0000,27.9,1.272,1.73,4.02,-60,9.50,
2026-09-21T13:36:37,2,1.306,4.50,0.0000,27.9,1.266,1.28,4.06,-60,9.50,
2026-09-21T13:36:38,2,1.267,1.35,0.0000,27.9,1.269,1.54,4.06,-57,9.25,
2026-09-21T13:36:39,2,1.313,5.02,0.0000,27.9,1.266,1.28,4.06,-57,9.75,
2026-09-21T13:36:40,2,1.306,4.50,0.0000,27.9,1.266,1.28,4.06,-65,9.25,
2026-09-21T13:36:41,2,1.264,1.15,0.0000,27.9,1.271,1.67,4.06,-62,9.50,
2026-09-21T13:36:42,2,1.313,5.02,0.0000,27.9,1.266,1.28,4.06,-55,9.25,
2026-09-21T13:36:43,2,1.262,0.96,0.0000,27.9,1.262,0.96,4.10,-49,9.75,
2026-09-21T13:36:44,2,1.263,1.02,0.0000,27.9,1.269,1.54,4.06,-55,9.50,
2026-09-21T13:36:45,2,1.309,4.70,0.0000,27.9,1.266,1.28,4.06,-55,9.50,
2026-09-21T13:36:46,2,1.263,1.02,0.0000,27.9,1.262,0.96,4.09,-60,9.25,
2026-09-21T13:36:48,2,1.264,1.15,0.0000,27.9,1.268,1.41,4.06,-60,9.25,
2026-09-21T13:36:49,2,1.308,4.63,0.0000,27.9,1.267,1.35,4.06,-60,9.00,
2026-09-21T13:36:50,2,1.267,1.35,0.0000,27.9,1.271,1.67,4.05,-57,9.25,
2026-09-21T13:36:51,2,1.267,1.35,0.0000,27.9,1.268,1.41,4.06,-55,9.25,
2026-09-21T13:36:52,2,1.305,4.44,0.0000,27.9,1.267,1.35,4.06,-53,9.25,
2026-09-21T13:36:53,2,1.268,1.41,0.0000,27.9,1.269,1.54,4.06,-54,9.25,
2026-09-21T13:36:54,2,1.327,6.18,0.0000,27.9,1.272,1.80,4.02,-53,9.50,
2026-09-21T13:36:55,2,1.307,4.57,0.0000,27.9,1.268,1.47,4.06,-53,9.25,
2026-09-21T13:36:56,2,1.265,1.22,0.0000,27.9,1.272,1.73,4.06,-58,9.75,
2026-09-21T13:36:57,2,1.322,5.79,0.0000,27.9,1.274,1.93,4.03,-53,9.50,
2026-09-21T13:36:58,2,1.305,4.38,0.0000,27.9,1.268,1.47,4.06,-53,9.75,
2026-09-21T13:37:00,2,1.265,1.22,0.0000,27.9,1.269,1.54,4.06,-53,9.00,
2026-09-21T13:37:01,2,1.314,5.15,0.0000,27.9,1.268,1.47,4.05,-52,9.50,
2026-09-21T13:37:02,2,1.304,4.31,0.0000,27.9,1.268,1.47,4.06,-53,9.00,
2026-09-21T13:37:03,2,1.268,1.41,0.0000,27.9,1.269,1.54,4.06,-52,9.75,
2026-09-21T13:37:04,2,1.310,4.83,0.0000,27.9,1.268,1.41,4.06,-51,9.50,
2026-09-21T13:37:05,2,1.263,1.02,0.0000,27.9,1.260,0.83,4.09,-51,9.75,
2026-09-21T13:37:06,2,1.266,1.28,0.0000,27.9,1.266,1.28,4.06,-52,9.50,
2026-09-21T13:37:07,2,1.309,4.70,0.0000,27.9,1.266,1.28,4.06,-54,9.75,
2026-09-21T13:37:08,2,1.262,0.96,0.0000,27.9,1.264,1.09,4.09,-54,9.75,
2026-09-21T13:37:16,2,1.317,5.34,0.0000,27.9,1.271,1.67,4.05,-51,9.00,
2026-09-21T13:37:17,2,1.305,4.44,0.0000,27.9,1.270,1.60,4.06,-56,9.75,
2026-09-21T13:37:18,2,1.266,1.28,0.0000,27.9,1.269,1.54,4.06,-56,9.75,
2026-09-21T13:37:19,2,1.323,5.86,0.0000,27.9,1.275,1.99,4.02,-57,9.75,
2026-09-21T13:37:20,2,1.306,4.50,0.0000,27.9,1.268,1.41,4.06,-62,9.50,
2026-09-21T13:37:21,2,1.267,1.35,0.0000,27.9,1.266,1.28,4.06,-60,9.50,
2026-09-21T13:37:22,2,1.315,5.21,0.0000,27.9,1.268,1.41,4.06,-58,9.75,
2026-09-21T13:37:23,2,1.308,4.63,0.0000,27.9,1.267,1.35,4.07,-53,9.50,
2026-09-21T13:37:25,2,1.264,1.15,0.0000,27.9,1.263,1.02,4.06,-53,9.25,
2026-09-21T13:37:26,2,1.312,4.96,0.0000,27.9,1.269,1.54,4.06,-52,9.25,
2026-09-21T13:37:27,2,1.267,1.35,0.0000,27.9,1.264,1.15,4.06,-51,9.50,
2026-09-21T13:37:28,2,1.266,1.28,0.0000,27.9,1.267,1.35,4.06,-50,9.50,
2026-09-21T13:37:29,2,1.313,5.02,0.0000,27.9,1.267,1.35,4.06,-54,9.50,
2026-09-21T13:37:30,2,1.264,1.09,0.0000,27.9,1.263,1.02,4.09,-55,9.75,
2026-09-21T13:37:31,2,1.264,1.09,0.0000,27.9,1.269,1.54,4.06,-54,9.50,
2026-09-21T13:37:32,2,1.305,4.38,0.0000,27.9,1.268,1.41,4.07,-54,9.50,
2026-09-21T13:37:33,2,1.260,0.76,0.0000,27.9,1.269,1.54,4.10,-53,9.50,
2026-09-21T13:37:34,2,1.264,1.09,0.0000,27.9,1.268,1.41,4.07,-50,9.50,
2026-09-21T13:37:35,2,1.308,4.63,0.0000,27.9,1.268,1.41,4.05,-49,9.50,
2026-09-21T13:37:37,2,1.268,1.47,0.0000,27.9,1.269,1.54,4.05,-50,9.50,
2026-09-21T13:37:38,2,1.268,1.41,0.0000,27.9,1.267,1.35,4.06,-49,9.25,
2026-09-21T13:37:39,2,1.304,4.31,0.0000,27.9,1.268,1.41,4.06,-53,9.75,
2026-09-21T13:37:40,2,1.267,1.35,0.0000,27.9,1.268,1.41,4.06,-50,9.50,
2026-09-21T13:37:41,2,1.336,6.89,0.0000,27.9,1.273,1.86,4.02,-52,9.75,
2026-09-21T13:37:42,2,1.307,4.57,0.0000,27.9,1.269,1.54,4.06,-51,9.75,
2026-09-21T13:37:43,2,1.268,1.41,0.0000,27.9,1.267,1.35,4.06,-51,9.25,
2026-09-21T13:37:44,2,1.321,5.66,0.0000,27.9,1.272,1.73,4.02,-51,9.75,
2026-09-21T13:37:45,2,1.306,4.50,0.0000,27.9,1.266,1.28,4.06,-51,10.00,
2026-09-21T13:37:46,2,1.265,1.22,0.0000,27.9,1.268,1.47,4.06,-51,9.50,
2026-09-21T13:37:47,2,1.315,5.21,0.0000,27.9,1.267,1.35,4.06,-52,9.75,
2026-09-21T13:37:48,2,1.302,4.18,0.0000,27.9,1.265,1.22,4.06,-53,9.25,
2026-09-21T13:37:50,2,1.265,1.22,0.0000,27.9,1.268,1.41,4.06,-52,9.50,
2026-09-21T13:37:51,2,1.312,4.96,0.0000,27.9,1.268,1.47,4.06,-53,9.50,
2026-09-21T13:37:56,2,1.267,1.35,0.0000,27.9,1.262,0.96,4.06,-46,1.00,
2026-09-21T13:37:59,2,1.265,1.22,0.0000,27.9,1.265,1.22,4.06,-52,9.75,
2026-09-21T13:38:00,2,1.309,4.70,0.0000,27.9,1.261,0.89,4.06,-52,9.50,
2026-09-21T13:38:02,2,1.265,1.22,0.0000,27.9,1.270,1.60,4.06,-50,9.50,
2026-09-21T13:38:03,2,1.299,3.92,0.0000,27.9,1.272,1.73,4.06,-51,9.75,
2026-09-21T13:38:04,2,1.306,4.50,0.0000,27.9,1.268,1.41,4.06,-53,9.50,
2026-09-21T13:38:05,2,1.266,1.28,0.0000,27.9,1.268,1.47,4.06,-51,9.50,
2026-09-21T13:38:06,2,1.325,5.99,0.0000,27.9,1.274,1.93,4.01,-53,9.25,
2026-09-21T13:38:07,2,1.308,4.63,0.0000,27.9,1.268,1.47,4.06,-52,9.75,
2026-09-21T13:38:08,2,1.266,1.28,0.0000,27.9,1.271,1.67,4.06,-51,9.50,
2026-09-21T13:38:09,2,1.316,5.28,0.0000,27.9,1.268,1.41,4.05,-53,9.50,
2026-09-21T13:38:10,2,1.306,4.50,0.0000,27.9,1.266,1.28,4.07,-50,9.50,
2026-09-21T13:38:11,2,1.265,1.22,0.0000,27.9,1.268,1.41,4.05,-53,9.25,
2026-09-21T13:38:12,2,1.314,5.08,0.0000,27.9,1.267,1.35,4.06,-53,9.50,
2026-09-21T13:38:13,2,1.305,4.44,0.0000,27.9,1.268,1.41,4.06,-52,9.50,
2026-09-21T13:38:15,2,1.267,1.35,0.0000,27.9,1.269,1.54,4.06,-52,9.25,
2026-09-21T13:38:16,2,1.314,5.08,0.0000,27.9,1.265,1.22,4.06,-53,9.50,
2026-09-21T13:38:17,2,1.263,1.02,0.0000,27.9,1.263,1.02,4.09,-52,9.50,
2026-09-21T13:38:18,2,1.266,1.28,0.0000,27.9,1.276,2.05,4.06,-53,9.25,
2026-09-21T13:38:19,2,1.311,4.89,0.0000,27.9,1.268,1.47,4.06,-53,9.50,
2026-09-21T13:38:20,2,1.267,1.35,0.0000,27.9,1.268,1.41,4.05,-52,9.50,
2026-09-21T13:38:21,2,1.266,1.28,0.0000,27.9,1.268,1.41,4.06,-49,9.50,
2026-09-21T13:38:22,2,1.308,4.63,0.0000,27.9,1.267,1.35,4.06,-52,9.50,
2026-09-21T13:38:23,2,1.268,1.41,0.0000,27.9,1.269,1.54,4.05,-53,9.25,
2026-09-21T13:38:24,2,1.266,1.28,0.0000,27.9,1.270,1.60,4.06,-53,9.25,
2026-09-21T13:38:25,2,1.307,4.57,0.0000,27.9,1.268,1.47,4.06,-53,9.50,
2026-09-21T13:38:27,2,1.267,1.35,0.0000,27.9,1.269,1.54,4.06,-52,10.50,
2026-09-21T13:38:28,2,1.326,6.05,0.0000,27.9,1.276,2.12,4.02,-49,9.75,
2026-09-21T13:38:29,2,1.306,4.50,0.0000,27.9,1.268,1.47,4.06,-51,9.50,
2026-09-21T13:38:30,2,1.260,0.83,0.0000,27.9,1.268,1.41,4.06,-50,9.50,
2026-09-21T13:38:31,2,1.318,5.47,0.0000,27.9,1.267,1.35,4.05,-49,9.75,
2026-09-21T13:38:32,2,1.306,4.50,0.0000,27.9,1.265,1.22,4.06,-50,9.50,
2026-09-21T13:38:33,2,1.265,1.22,0.0000,27.9,1.268,1.41,4.06,-51,10.00,
2026-09-21T13:38:34,2,1.315,5.21,0.0000,27.9,1.267,1.35,4.06,-52,9.25,
2026-09-21T13:38:43,2,1.265,1.22,0.0000,27.9,1.269,1.54,4.06,-51,9.50,
2026-09-21T13:38:44,2,1.308,4.63,0.0000,27.9,1.268,1.41,4.06,-51,9.75,
2026-09-21T13:38:45,2,1.266,1.28,0.0000,27.9,1.268,1.41,4.06,-53,9.25,
2026-09-21T13:38:46,2,1.266,1.28,0.0000,27.9,1.268,1.41,4.06,-51,9.50,
2026-09-21T13:38:47,2,1.308,4.63,0.0000,27.9,1.271,1.67,4.06,-51,9.75,
2026-09-21T13:38:48,2,1.268,1.41,0.0000,27.9,1.269,1.54,4.06,-51,10.00,
2026-09-21T13:38:49,2,1.265,1.22,0.0000,27.9,1.268,1.41,4.06,-51,9.75,
2026-09-21T13:38:50,2,1.299,3.92,0.0000,27.9,1.268,1.47,4.06,-50,7.25,
2026-09-21T13:38:52,2,1.267,1.35,0.0000,27.9,1.270,1.60,4.06,-51,9.75,
2026-09-21T13:38:53,2,1.322,5.73,0.0000,27.9,1.268,1.41,4.05,-50,9.25,
2026-09-21T13:38:54,2,1.307,4.57,0.0000,27.9,1.260,0.76,4.06,-51,9.75,
2026-09-21T13:38:55,2,1.269,1.54,0.0000,27.9,1.267,1.35,4.06,-50,9.25,
2026-09-21T13:38:56,2,1.317,5.34,0.0000,27.9,1.268,1.41,4.05,-50,9.50,
2026-09-21T13:38:57,2,1.307,4.57,0.0000,27.9,1.268,1.41,4.06,-50,9.50,
2026-09-21T13:38:58,2,1.264,1.15,0.0000,27.9,1.267,1.35,4.06,-51,9.50,
2026-09-21T13:38:59,2,1.312,4.96,0.0000,27.9,1.268,1.47,4.06,-52,9.50,
2026-09-21T13:39:00,2,1.306,4.50,0.0000,27.9,1.267,1.35,4.06,-51,9.50,
2026-09-21T13:39:01,2,1.266,1.28,0.0000,27.9,1.269,1.54,4.06,-52,9.25,
2026-09-21T13:39:02,2,1.311,4.89,0.0000,27.9,1.269,1.54,4.06,-53,9.00,
2026-09-21T13:39:03,2,1.272,1.80,0.0000,27.9,1.270,1.60,4.05,-53,9.25,
2026-09-21T13:39:05,2,1.265,1.22,0.0000,27.9,1.268,1.41,4.06,-53,9.25,
2026-09-21T13:39:06,2,1.311,4.89,0.0000,27.9,1.268,1.47,4.06,-51,9.50,
2026-09-21T13:39:07,2,1.266,1.28,0.0000,27.9,1.266,1.28,4.06,-52,10.25,
2026-09-21T13:39:08,2,1.264,1.15,0.0000,27.9,1.271,1.67,4.06,-53,9.25,
2026-09-21T13:39:09,2,1.310,4.76,0.0000,27.9,1.268,1.47,4.06,-53,9.25,
2026-09-21T13:39:10,2,1.267,1.35,0.0000,27.9,1.269,1.54,4.06,-53,11.75,
2026-09-21T13:39:11,2,1.266,1.28,0.0000,27.9,1.265,1.22,4.06,-56,9.50,
2026-09-21T13:39:12,2,1.309,4.70,0.0000,27.9,1.262,0.96,4.06,-55,9.50,
2026-09-21T13:39:13,2,1.266,1.28,0.0000,27.9,1.268,1.47,4.06,-57,9.50,
2026-09-21T13:39:14,2,1.323,5.86,0.0000,27.9,1.268,1.47,4.05,-56,10.00,
2026-09-21T13:39:15,2,1.307,4.57,0.0000,27.9,1.264,1.15,4.06,-56,9.75,
2026-09-21T13:39:17,2,1.260,0.83,0.0000,27.9,1.264,1.09,4.06,-55,9.50,
2026-09-21T13:39:18,2,1.318,5.41,0.0000,27.9,1.267,1.35,4.05,-56,9.25,
2026-09-21T13:39:25,2,1.268,1.47,0.0000,27.9,1.268,1.47,4.00,-45,8.50,
2026-09-21T13:39:26,2,1.264,1.15,0.0000,27.9,1.267,1.35,4.06,-53,9.00,
2026-09-21T13:39:27,2,1.309,4.70,0.0000,27.9,1.268,1.41,4.06,-51,10.00,
2026-09-21T13:39:29,2,1.264,1.15,0.0000,27.9,1.268,1.47,4.06,-52,9.75,
2026-09-21T13:39:30,2,1.266,1.28,0.0000,27.9,1.264,1.09,4.07,-53,9.00,
2026-09-21T13:39:31,2,1.308,4.63,0.0000,27.9,1.268,1.41,4.06,-52,9.75,
2026-09-21T13:39:32,2,1.260,0.83,0.0000,27.9,1.268,1.41,4.06,-53,9.50,
2026-09-21T13:39:33,2,1.262,0.96,0.0000,27.9,1.264,1.15,4.06,-53,9.50,
2026-09-21T13:39:34,2,1.307,4.57,0.0000,27.9,1.264,1.15,4.06,-52,9.50,
2026-09-21T13:39:35,2,1.266,1.28,0.0000,27.9,1.269,1.54,4.06,-52,9.50,
2026-09-21T13:39:36,2,1.263,1.02,0.0000,27.9,1.263,1.02,4.09,-53,10.75,
2026-09-21T13:39:38,2,1.267,1.35,0.0000,27.9,1.269,1.54,4.06,-57,9.00,
2026-09-21T13:39:39,2,1.318,5.47,0.0000,27.9,1.267,1.35,4.06,-61,9.25,
2026-09-21T13:39:40,2,1.305,4.44,0.0000,27.9,1.267,1.35,4.06,-59,9.00,
2026-09-21T13:39:42,2,1.268,1.41,0.0000,27.9,1.271,1.67,4.06,-56,9.50,
2026-09-21T13:39:43,2,1.315,5.21,0.0000,27.9,1.267,1.35,4.06,-57,9.75,
2026-09-21T13:39:44,2,1.309,4.70,0.0000,27.9,1.271,1.67,4.06,-55,9.50,
2026-09-21T13:39:45,2,1.267,1.35,0.0000,27.9,1.268,1.47,4.06,-59,9.25,
2026-09-21T13:39:46,2,1.313,5.02,0.0000,27.9,1.267,1.35,4.06,-57,9.75,
2026-09-21T13:39:47,2,1.310,4.76,0.0000,27.9,1.273,1.86,4.02,-55,9.25,
2026-09-21T13:39:48,2,1.274,1.93,0.0000,27.9,1.277,2.18,4.06,-52,9.25,
2026-09-21T13:39:49,2,1.310,4.83,0.0000,27.9,1.267,1.35,4.05,-52,9.25,
2026-09-21T13:39:50,2,1.269,1.54,0.0000,27.9,1.266,1.28,4.06,-52,9.50,
2026-09-21T13:39:51,2,1.268,1.41,0.0000,27.9,1.270,1.60,4.06,-52,9.50,
2026-09-21T13:39:52,2,1.310,4.76,0.0000,27.9,1.268,1.41,4.06,-59,9.25,
2026-09-21T13:39:54,2,1.264,1.09,0.0000,27.9,1.268,1.47,4.06,-58,9.25,
2026-09-21T13:39:55,2,1.267,1.35,0.0000,27.9,1.267,1.35,4.06,-56,10.00,
2026-09-21T13:39:56,2,1.307,4.57,0.0000,27.9,1.266,1.28,4.06,-53,9.00,
2026-09-21T13:39:57,2,1.265,1.22,0.0000,27.9,1.269,1.54,4.06,-55,9.25,
2026-09-21T13:39:58,2,1.262,0.96,0.0000,27.9,1.264,1.15,4.09,-50,9.75,
2026-09-21T13:39:59,2,1.307,4.57,0.0000,27.9,1.267,1.35,4.06,-53,9.50,
2026-09-21T13:40:00,2,1.265,1.22,0.0000,27.9,1.266,1.28,4.06,-50,9.50,
2026-09-21T13:40:01,2,1.261,0.89,0.0000,27.9,1.263,1.02,4.09,-50,9.50,
2026-09-21T13:40:09,2,1.310,4.83,0.0000,27.9,1.273,1.86,4.02,-50,9.75,
2026-09-21T13:40:10,2,1.265,1.22,0.0000,27.9,1.268,1.47,4.06,-51,9.75,
2026-09-21T13:40:11,2,1.312,4.96,0.0000,27.9,1.267,1.35,4.06,-51,9.25,
2026-09-21T13:40:12,2,1.310,4.76,0.0000,27.9,1.273,1.86,4.02,-50,9.50,
2026-09-21T13:40:13,2,1.267,1.35,0.0000,27.9,1.276,2.12,4.06,-51,9.50,
2026-09-21T13:40:14,2,1.311,4.89,0.0000,27.9,1.268,1.47,4.06,-50,9.75,
2026-09-21T13:40:15,2,1.266,1.28,0.0000,27.9,1.271,1.67,4.06,-50,9.50,
2026-09-21T13:40:16,2,1.264,1.15,0.0000,27.9,1.264,1.15,4.06,-51,9.75,
2026-09-21T13:40:17,2,1.310,4.76,0.0000,27.9,1.266,1.28,4.06,-51,10.00,
2026-09-21T13:40:19,2,1.264,1.15,0.0000,27.9,1.266,1.28,4.06,-51,10.00,
2026-09-21T13:40:20,2,1.261,0.89,0.0000,27.9,1.264,1.15,4.09,-51,9.75,
2026-09-21T13:40:21,2,1.308,4.63,0.0000,27.9,1.269,1.54,4.06,-50,9.25,
2026-09-21T13:40:22,2,1.264,1.15,0.0000,27.9,1.268,1.47,4.06,-49,9.50,
2026-09-21T13:40:23,2,1.262,0.96,0.0000,27.9,1.262,0.96,4.09,-51,9.50,
2026-09-21T13:40:24,2,1.306,4.50,0.0000,27.9,1.266,1.28,4.06,-51,9.75,
2026-09-21T13:40:25,2,1.266,1.28,0.0000,27.9,1.267,1.35,4.06,-49,9.50,
2026-09-21T13:40:26,2,1.322,5.79,0.0000,27.9,1.267,1.35,4.05,-50,9.75,
2026-09-21T13:40:27,2,1.307,4.57,0.0000,27.9,1.268,1.47,4.06,-51,9.75,
2026-09-21T13:40:28,2,1.264,1.09,0.0000,27.9,1.270,1.60,4.06,-51,9.75,
2026-09-21T13:40:29,2,1.319,5.54,0.0000,27.9,1.268,1.41,4.06,-51,9.50,
2026-09-21T13:40:30,2,1.310,4.76,0.0000,27.9,1.272,1.73,4.02,-51,9.75,
2026-09-21T13:40:32,2,1.266,1.28,0.0000,27.9,1.264,1.15,4.06,-50,9.75,
2026-09-21T13:40:33,2,1.314,5.15,0.0000,27.9,1.268,1.41,4.05,-51,9.75,
2026-09-21T13:40:34,2,1.312,4.96,0.0000,27.9,1.273,1.86,4.02,-52,10.00,
2026-09-21T13:40:35,2,1.266,1.28,0.0000,27.9,1.267,1.35,4.06,-51,9.50,
2026-09-21T13:40:36,2,1.313,5.02,0.0000,27.9,1.267,1.35,4.06,-51,9.75,
2026-09-21T13:40:37,2,1.265,1.22,0.0000,27.9,1.265,1.22,4.06,-51,9.75,
2026-09-21T13:40:38,2,1.265,1.22,0.0000,27.9,1.268,1.41,4.06,-51,10.00,
2026-09-21T13:40:39,2,1.310,4.83,0.0000,27.9,1.268,1.41,4.06,-53,9.25,
2026-09-21T13:40:40,2,1.264,1.15,0.0000,27.9,1.268,1.41,4.06,-50,9.75,
2026-09-21T13:40:41,2,1.263,1.02,0.0000,27.9,1.262,0.96,4.09,-52,9.75,
2026-09-21T13:40:42,2,1.309,4.70,0.0000,27.9,1.269,1.54,4.05,-53,9.50,
2026-09-21T13:40:44,2,1.265,1.22,0.0000,27.9,1.271,1.67,4.06,-51,9.75,
2026-09-21T13:40:45,2,1.260,0.83,0.0000,27.9,1.262,0.96,4.09,-53,9.75,
2026-09-21T13:40:51,2,1.321,5.66,0.0000,27.9,1.268,1.00,4.00,-43,-1.50,
2026-09-21T13:40:52,2,1.311,4.89,0.0000,27.9,1.276,2.12,4.02,-53,9.25,
2026-09-21T13:40:53,2,1.265,1.22,0.0000,27.9,1.268,1.41,4.06,-49,9.75,
2026-09-21T13:40:54,2,1.316,5.28,0.0000,27.9,1.268,1.47,4.05,-51,9.50,
2026-09-21T13:40:55,2,1.310,4.83,0.0000,27.9,1.276,2.05,4.02,-54,9.50,
2026-09-21T13:40:57,2,1.266,1.28,0.0060,27.9,1.271,1.67,4.06,-54,9.50,
2026-09-21T13:40:58,2,1.316,5.28,0.0340,27.9,1.272,1.80,4.06,-54,9.50,
2026-09-21T13:40:59,2,1.322,5.73,0.1300,27.9,1.278,2.25,4.03,-56,10.25,
2026-09-21T13:41:00,2,1.269,1.54,0.1920,27.9,1.273,1.86,4.06,-55,9.75,
2026-09-21T13:41:01,2,1.312,4.96,0.2620,27.9,1.276,2.12,4.06,-53,9.25,
2026-09-21T13:41:02,2,1.272,1.80,0.3370,27.9,1.277,2.18,4.05,-51,10.00,
2026-09-21T13:41:03,2,1.270,1.60,0.4180,27.9,1.273,1.86,4.09,-52,9.75,
2026-09-21T13:41:04,2,1.320,5.60,0.5050,27.9,1.280,2.38,4.06,-51,9.75,
2026-09-21T13:41:05,2,1.278,2.25,0.5950,27.9,1.281,2.44,4.06,-51,10.00,
2026-09-21T13:41:06,2,1.276,2.12,0.6910,27.9,1.276,2.05,4.10,-49,10.25,
2026-09-21T13:41:07,2,1.322,5.79,0.7920,27.9,1.285,2.76,4.06,-49,9.75,
2026-09-21T13:41:09,2,1.282,2.57,0.8960,27.9,1.287,2.96,4.06,-49,9.75,
2026-09-21T13:41:10,2,1.281,2.44,1.0050,27.9,1.284,2.70,4.09,-51,10.00,
2026-09-21T13:41:11,2,1.327,6.18,1.1160,27.9,1.291,3.28,4.06,-54,10.00,
2026-09-21T13:41:12,2,1.289,3.15,1.4000,27.9,1.293,3.47,4.06,-53,9.25,
2026-09-21T13:41:13,2,1.347,7.79,1.5640,27.9,1.296,3.67,4.05,-53,9.50,
2026-09-21T13:41:14,2,1.337,6.95,1.7400,27.9,1.301,4.12,4.02,-53,9.25,
2026-09-21T13:41:15,2,1.289,3.09,1.8880,27.9,1.298,3.86,4.06,-54,9.50,
2026-09-21T13:41:16,2,1.343,7.41,1.9770,27.9,1.299,3.92,4.05,-52,9.75,
2026-09-21T13:41:17,2,1.336,6.89,2.0350,27.9,1.301,4.12,4.02,-52,10.00,
2026-09-21T13:41:18,2,1.293,3.41,2.0780,27.9,1.297,3.73,4.06,-51,10.00,
2026-09-21T13:41:19,2,1.341,7.28,2.1130,27.9,1.296,3.67,4.05,-50,9.75,
2026-09-21T13:41:21,2,1.337,6.95,2.1440,27.9,1.303,4.25,4.03,-50,10.00,
2026-09-21T13:41:22,2,1.293,3.47,2.1730,27.9,1.294,3.54,4.06,-50,12.00,
2026-09-21T13:41:23,2,1.340,7.21,2.2050,27.9,1.301,4.05,4.06,-51,9.75,
2026-09-21T13:41:24,2,1.299,3.92,2.2670,27.9,1.297,3.79,4.02,-50,9.75,
2026-09-21T13:41:25,2,1.293,3.41,2.2990,27.9,1.297,3.73,4.09,-50,9.75,
2026-09-21T13:41:26,2,1.338,7.02,2.3320,27.9,1.299,3.92,4.06,-48,9.25,
2026-09-21T13:41:27,2,1.297,3.79,2.3630,27.9,1.301,4.05,4.06,-49,9.50,
2026-09-21T13:41:28,2,1.293,3.47,2.3960,27.9,1.295,3.60,4.10,-50,9.75,
2026-09-21T13:41:36,2,1.343,7.47,2.6540,27.9,1.307,4.57,4.02,-51,12.00,
2026-09-21T13:41:37,2,1.299,3.92,2.6870,27.9,1.305,4.38,4.06,-53,9.25,
2026-09-21T13:41:38,2,1.355,8.44,2.7200,27.9,1.313,5.02,4.05,-53,9.25,
2026-09-21T13:41:39,2,1.346,7.66,2.7560,27.9,1.310,4.76,4.02,-54,10.50,
2026-09-21T13:41:40,2,1.303,4.25,2.7930,27.9,1.305,4.38,4.06,-52,9.00,
2026-09-21T13:41:41,2,1.352,8.18,2.8310,27.9,1.307,4.57,4.05,-53,9.00,
2026-09-21T13:41:42,2,1.348,7.86,2.8690,27.9,1.314,5.15,4.03,-53,10.00,
2026-09-21T13:41:43,2,1.299,3.92,2.9080,27.9,1.303,4.25,4.09,-52,9.75,
2026-09-21T13:41:44,2,1.351,8.05,2.9510,27.9,1.309,4.70,4.06,-51,11.75,
2026-09-21T13:41:46,2,1.349,7.92,2.9940,27.9,1.313,5.02,4.03,-51,10.00,
2026-09-21T13:41:47,2,1.301,4.05,3.0350,27.9,1.308,4.63,4.09,-53,9.25,
2026-09-21T13:41:48,2,1.351,8.11,3.0810,27.9,1.312,4.96,4.06,-51,9.75,
2026-09-21T13:41:49,2,1.306,4.50,3.1770,27.9,1.314,5.08,4.06,-53,9.75,
2026-09-21T13:41:50,2,1.304,4.31,3.2280,27.9,1.310,4.76,4.09,-52,9.50,
2026-09-21T13:41:51,2,1.352,8.18,3.2790,27.9,1.313,5.02,4.06,-53,9.50,
2026-09-21T13:41:52,2,1.301,4.12,3.3330,27.9,1.316,5.28,4.06,-53,9.50,
2026-09-21T13:41:54,2,1.359,8.69,3.4470,27.9,1.322,5.73,4.02,-52,9.75,
2026-09-21T13:41:55,2,1.311,4.89,3.5060,27.9,1.319,5.54,4.06,-51,9.50,
2026-09-21T13:41:56,2,1.309,4.70,3.5690,27.9,1.316,5.28,4.10,-52,9.25,
2026-09-21T13:41:57,2,1.362,8.95,3.6330,27.9,1.324,5.92,4.02,-53,9.25,
2026-09-21T13:41:59,2,1.315,5.21,3.6980,27.9,1.322,5.73,4.06,-53,9.50,
2026-09-21T13:42:00,2,1.366,9.27,3.7640,27.9,1.323,5.86,4.07,-55,9.50,
2026-09-21T13:42:01,2,1.361,8.89,3.9000,27.9,1.330,6.44,4.02,-53,10.00,
2026-09-21T13:42:02,2,1.316,5.28,3.9720,27.9,1.326,6.05,4.06,-54,9.50,
2026-09-21T13:42:03,2,1.372,9.79,4.0450,27.9,1.331,6.50,4.05,-53,9.75,
2026-09-21T13:42:04,2,1.365,9.21,4.1200,27.9,1.335,6.82,4.03,-53,9.50,
2026-09-21T13:42:05,2,1.316,5.28,4.1940,27.9,1.326,6.05,4.09,-53,9.25,
2026-09-21T13:42:06,2,1.371,9.66,4.2730,27.9,1.332,6.57,4.06,-53,8.75,
2026-09-21T13:42:07,2,1.370,9.60,4.3520,27.9,1.337,6.95,4.03,-53,9.25,
2026-09-21T13:42:08,2,1.326,6.05,4.4340,27.9,1.330,6.44,4.09,-51,9.50,
2026-09-21T13:42:09,2,1.376,10.05,4.5160,27.9,1.337,6.95,4.06,-51,10.00,
2026-09-21T13:42:11,2,1.374,9.92,4.7130,27.9,1.337,6.95,4.03,-51,10.00,
2026-09-21T13:42:18,2,1.335,6.82,5.5660,27.9,1.344,7.53,4.09,-44,-0.50,
2026-09-21T13:42:19,2,1.388,11.08,5.6820,27.9,1.354,8.31,4.02,-53,9.00,
2026-09-21T13:42:20,2,1.342,7.34,5.7920,27.9,1.350,7.99,4.06,-53,9.75,
2026-09-21T13:42:22,2,1.400,11.98,6.0230,27.9,1.360,8.82,4.02,-51,10.00,
2026-09-21T13:42:24,2,1.349,7.92,6.1350,27.9,1.354,8.31,4.06,-51,9.75,
2026-09-21T13:42:25,2,1.406,12.50,6.2450,27.9,1.361,8.89,4.05,-53,9.50,
2026-09-21T13:42:26,2,1.394,11.53,6.4810,27.9,1.367,9.34,4.03,-53,9.50,
2026-09-21T13:42:27,2,1.349,7.92,6.5940,27.9,1.362,8.95,4.10,-52,10.00,
2026-09-21T13:42:28,2,1.397,11.72,6.7140,27.9,1.368,9.40,4.05,-52,9.75,
2026-09-21T13:42:29,2,1.397,11.79,6.8300,27.9,1.370,9.60,4.03,-53,9.75,
2026-09-21T13:42:30,2,1.353,8.24,6.9510,27.9,1.364,9.08,4.09,-52,9.50,
2026-09-21T13:42:31,2,1.407,12.56,7.0690,27.9,1.371,9.66,4.05,-51,10.25,
2026-09-21T13:42:32,2,1.403,12.24,7.1910,27.9,1.376,10.11,4.02,-52,9.50,
2026-09-21T13:42:33,2,1.357,8.57,7.3100,27.9,1.368,9.40,4.09,-53,9.75,
2026-09-21T13:42:34,2,1.416,13.27,7.4330,27.9,1.383,10.63,4.01,-52,10.25,
2026-09-21T13:42:36,2,1.367,9.34,7.5570,27.9,1.377,10.18,4.05,-51,10.25,
2026-09-21T13:42:37,2,1.364,9.15,7.6850,27.9,1.376,10.11,4.09,-52,9.25,
2026-09-21T13:42:38,2,1.417,13.34,7.8100,27.9,1.388,11.08,4.02,-53,9.75,
2026-09-21T13:42:39,2,1.372,9.73,8.0570,27.9,1.384,10.69,4.06,-51,9.75,
2026-09-21T13:42:40,2,1.368,9.40,8.1860,27.9,1.377,10.18,4.09,-53,10.00,
2026-09-21T13:42:41,2,1.421,13.66,8.3160,27.9,1.393,11.47,4.02,-55,10.00,
2026-09-21T13:42:42,2,1.376,10.11,8.4410,27.9,1.387,10.95,4.06,-51,12.00,
2026-09-21T13:42:43,2,1.375,9.98,8.5690,27.9,1.388,11.02,4.09,-54,9.75,
2026-09-21T13:42:44,2,1.426,14.05,8.7030,27.9,1.388,11.08,4.02,-54,10.25,
2026-09-21T13:42:45,2,1.380,10.37,8.8310,27.9,1.390,11.21,4.09,-54,10.00,
2026-09-21T13:42:46,2,1.437,14.95,8.9580,27.9,1.395,11.60,4.06,-54,9.75,
2026-09-21T13:42:48,2,1.432,14.56,9.0930,27.9,1.401,12.11,4.02,-56,9.50,
2026-09-21T13:42:49,2,1.383,10.63,9.2190,27.9,1.397,11.79,4.09,-52,10.25,
2026-09-21T13:42:56,2,1.447,15.79,10.2400,27.9,1.418,13.40,4.01,-57,10.00,
2026-09-21T13:42:57,2,1.403,12.24,10.3560,27.9,1.413,13.01,4.06,-53,9.50,
2026-09-21T13:42:58,2,1.398,11.85,10.4720,27.9,1.403,12.24,4.09,-52,10.00,
2026-09-21T13:43:00,2,1.449,15.92,10.5840,27.9,1.420,13.59,4.02,-59,10.25,
2026-09-21T13:43:01,2,1.401,12.05,10.6920,27.9,1.413,13.01,4.09,-59,9.25,
2026-09-21T13:43:02,2,1.462,16.95,10.7960,27.9,1.421,13.66,4.05,-59,9.25,
2026-09-21T13:43:03,2,1.451,16.11,10.8990,27.9,1.426,14.11,4.03,-59,9.50,
2026-09-21T13:43:04,2,1.405,12.43,11.1020,27.9,1.417,13.34,4.09,-54,9.00,
2026-09-21T13:43:05,2,1.460,16.82,11.2000,27.9,1.429,14.30,4.01,-53,9.50,
2026-09-21T13:43:06,2,1.410,12.82,11.2950,27.9,1.426,14.11,4.06,-58,10.00,
2026-09-21T13:43:07,2,1.409,12.69,11.3870,27.9,1.421,13.66,4.09,-59,9.25,
2026-09-21T13:43:09,2,1.409,12.76,11.5520,27.9,1.423,13.85,4.09,-54,9.25,
2026-09-21T13:43:10,2,1.412,12.95,11.6350,27.9,1.431,14.50,4.09,-58,12.25,
2026-09-21T13:43:12,2,1.461,16.88,11.7110,27.9,1.433,14.63,4.03,-59,9.00,
2026-09-21T13:43:13,2,1.412,12.95,11.7890,27.9,1.426,14.11,4.09,-61,9.50,
2026-09-21T13:43:14,2,1.472,17.72,11.8640,27.9,1.438,15.08,4.01,-58,10.25,
2026-09-21T13:43:15,2,1.464,17.14,12.0110,27.9,1.436,14.88,4.03,-60,9.75,
2026-09-21T13:43:16,2,1.415,13.21,12.0800,27.9,1.431,14.50,4.09,-56,9.50,
2026-09-21T13:43:17,2,1.469,17.53,12.1540,27.9,1.440,15.21,4.02,-53,9.50,
2026-09-21T13:43:18,2,1.417,13.34,12.2200,27.9,1.434,14.69,4.09,-52,9.75,
2026-09-21T13:43:19,2,1.418,13.47,12.2890,27.9,1.430,14.37,4.09,-51,12.00,
2026-09-21T13:43:20,2,1.467,17.40,12.3560,27.9,1.442,15.33,4.03,-51,9.75,
2026-09-21T13:43:21,2,1.420,13.59,12.4160,27.9,1.434,14.69,4.09,-52,9.50,
2026-09-21T13:43:22,2,1.483,18.62,12.4790,27.9,1.446,15.66,4.01,-51,10.00,
2026-09-21T13:43:24,2,1.468,17.46,12.5390,27.9,1.442,15.40,4.03,-50,10.50,
2026-09-21T13:43:25,2,1.422,13.79,12.6030,27.9,1.435,14.82,4.09,-51,9.75,
2026-09-21T13:43:26,2,1.476,18.11,12.6600,27.9,1.453,16.24,4.01,-51,10.00,
2026-09-21T13:43:27,2,1.422,13.72,12.7780,27.9,1.436,14.88,4.09,-53,9.25,
2026-09-21T13:43:28,2,1.425,13.98,12.8360,27.9,1.434,14.69,4.09,-54,9.50,
2026-09-21T13:43:29,2,1.475,17.98,12.8940,27.9,1.447,15.72,4.03,-51,9.75,
2026-09-21T13:43:30,2,1.419,13.53,12.9420,27.9,1.434,14.75,4.09,-52,9.50,
2026-09-21T13:43:31,2,1.487,18.95,12.9950,27.9,1.446,15.66,4.05,-49,9.50,
2026-09-21T13:43:32,2,1.476,18.11,13.0600,27.9,1.448,15.85,4.03,-50,9.75,
2026-09-21T13:43:40,2,1.431,14.50,13.4650,27.9,1.443,15.46,4.09,-48,4.50,
2026-09-21T13:43:41,2,1.474,17.91,13.5190,27.9,1.454,16.30,4.03,-54,9.25,
2026-09-21T13:43:42,2,1.434,14.69,13.5720,27.9,1.446,15.66,4.09,-51,9.50,
2026-09-21T13:43:43,2,1.492,19.33,13.6210,27.9,1.455,16.37,4.01,-52,10.00,
2026-09-21T13:43:44,2,1.484,18.69,13.6620,27.9,1.458,16.62,4.02,-53,10.00,
2026-09-21T13:43:45,2,1.434,14.69,13.7130,27.9,1.447,15.72,4.09,-57,9.50,
2026-09-21T13:43:47,2,1.488,19.01,13.7570,27.9,1.457,16.56,4.02,-53,9.75,
2026-09-21T13:43:48,2,1.430,14.37,13.8030,27.9,1.451,16.04,4.09,-52,9.75,
2026-09-21T13:43:49,2,1.439,15.14,13.8410,27.9,1.451,16.11,4.09,-53,9.00,
2026-09-21T13:43:50,2,1.486,18.88,13.8800,27.9,1.459,16.75,4.02,-52,10.00,
2026-09-21T13:43:51,2,1.438,15.08,13.9680,27.9,1.447,15.79,4.09,-53,9.50,
2026-09-21T13:43:52,2,1.500,19.98,13.9980,27.9,1.461,16.88,4.01,-52,10.25,
2026-09-21T13:43:53,2,1.488,19.07,14.0410,27.9,1.458,16.62,4.03,-55,9.50,
2026-09-21T13:43:54,2,1.439,15.14,14.0830,27.9,1.453,16.24,4.09,-56,9.25,
2026-09-21T13:43:55,2,1.493,19.46,14.1260,27.9,1.460,16.82,4.02,-51,10.00,
2026-09-21T13:43:56,2,1.442,15.33,14.1610,27.9,1.451,16.11,4.09,-51,9.50,
2026-09-21T13:43:57,2,1.442,15.40,14.2040,27.9,1.451,16.11,4.10,-50,9.75,
2026-09-21T13:43:59,2,1.493,19.46,14.2410,27.9,1.461,16.88,4.03,-51,9.75,
2026-09-21T13:44:00,2,1.442,15.33,14.2850,27.9,1.455,16.37,4.09,-50,9.25,
2026-09-21T13:44:01,2,1.507,20.56,14.3150,27.9,1.467,17.40,4.01,-50,10.00,
2026-09-21T13:44:02,2,1.492,19.33,14.3450,27.9,1.463,17.08,4.03,-51,10.00,
2026-09-21T13:44:03,2,1.444,15.53,14.4130,27.9,1.454,16.30,4.09,-51,9.50,
2026-09-21T13:44:04,2,1.500,19.98,14.4490,27.9,1.465,17.20,4.01,-51,10.25,
2026-09-21T13:44:05,2,1.488,19.01,14.4750,27.9,1.455,16.43,4.06,-50,9.75,
2026-09-21T13:44:06,2,1.447,15.72,14.5070,27.9,1.455,16.37,4.09,-52,9.50,
2026-09-21T13:44:07,2,1.498,19.85,14.5380,27.9,1.465,17.20,4.02,-50,9.75,
2026-09-21T13:44:09,2,1.452,16.17,14.6090,27.9,1.462,16.95,4.05,-51,9.75,1
2026-09-21T13:44:11,2,1.494,19.53,14.6430,27.9,1.465,17.20,4.03,-50,9.50,
2026-09-21T13:44:12,2,1.447,15.72,14.6740,27.9,1.457,16.56,4.08,-51,9.75,
2026-09-21T13:44:13,2,1.513,21.07,14.7050,27.9,1.466,17.27,4.01,-52,10.00,
2026-09-21T13:44:14,2,1.491,19.27,14.7530,27.9,1.462,16.95,4.06,-52,10.00,
2026-09-21T13:44:15,2,1.448,15.85,14.7770,27.9,1.459,16.69,4.09,-53,9.50,
2026-09-21T13:44:16,2,1.501,20.11,14.8050,27.9,1.468,17.46,4.02,-52,9.75,
2026-09-21T13:44:24,2,1.448,15.85,14.9760,27.9,1.461,16.88,4.00,-42,0.50,
2026-09-21T13:44:25,2,1.507,20.56,15.0040,27.9,1.470,17.59,4.02,-52,10.00,
2026-09-21T13:44:26,2,1.453,16.24,15.0530,27.9,1.461,16.88,4.09,-51,9.75,
2026-09-21T13:44:27,2,1.456,16.50,15.0720,27.9,1.468,17.46,4.06,-50,10.00,
2026-09-21T13:44:28,2,1.501,20.11,15.0950,27.9,1.472,17.72,4.02,-51,9.75,
2026-09-21T13:44:29,2,1.454,16.30,15.1130,27.9,1.463,17.01,4.09,-51,9.50,
2026-09-21T13:44:30,2,1.472,17.78,15.1260,27.9,1.470,17.59,4.05,-52,9.75,
2026-09-21T13:44:31,2,1.496,19.65,15.1500,27.9,1.471,17.66,4.03,-50,10.00,
2026-09-21T13:44:32,2,1.454,16.30,15.1710,27.9,1.463,17.01,4.09,-51,9.25,
2026-09-21T13:44:33,2,1.510,20.81,15.2030,27.9,1.474,17.91,4.02,-50,10.00,
2026-09-21T13:44:35,2,1.496,19.72,15.2260,27.9,1.470,17.59,4.06,-51,10.00,
2026-09-21T13:44:36,2,1.455,16.43,15.2490,27.9,1.464,17.14,4.09,-50,9.50,
2026-09-21T13:44:37,2,1.505,20.43,15.2750,27.9,1.475,17.98,4.02,-51,9.50,
2026-09-21T13:44:38,2,1.455,16.37,15.3230,27.9,1.467,17.40,4.09,-50,9.50,
2026-09-21T13:44:39,2,1.460,16.82,15.3460,27.9,1.470,17.59,4.05,-49,9.75,
2026-09-21T13:44:40,2,1.504,20.30,15.3630,27.9,1.474,17.91,4.02,-50,10.25,
2026-09-21T13:44:41,2,1.454,16.30,15.3820,27.9,1.464,17.14,4.09,-53,9.75,
2026-09-21T13:44:42,2,1.515,21.20,15.4070,27.9,1.476,18.04,4.01,-51,10.25,
2026-09-21T13:44:43,2,1.500,19.98,15.4230,27.9,1.471,17.66,4.06,-51,9.50,
2026-09-21T13:44:44,2,1.456,16.50,15.4370,27.9,1.467,17.33,4.09,-57,9.50,
2026-09-21T13:44:46,2,1.508,20.62,15.4580,27.9,1.472,17.78,4.02,-52,10.00,
2026-09-21T13:44:47,2,1.455,16.43,15.4770,27.9,1.468,17.46,4.09,-60,9.50,
2026-09-21T13:44:48,2,1.465,17.20,15.5020,27.9,1.472,17.78,4.05,-72,9.00,
2026-09-21T13:44:49,2,1.506,20.49,15.5220,27.9,1.476,18.11,4.02,-65,10.00,
2026-09-21T13:44:50,2,1.458,16.62,15.5700,27.9,1.466,17.27,4.09,-74,8.50,
2026-09-21T13:44:51,2,1.520,21.59,15.5810,27.9,1.478,18.24,4.01,-66,9.75,
2026-09-21T13:44:52,2,1.501,20.04,15.6000,27.9,1.470,17.59,4.06,-73,8.75,
2026-09-21T13:44:53,2,1.458,16.62,15.6110,27.9,1.468,17.46,4.09,-62,9.50,
2026-09-21T13:44:54,2,1.515,21.20,15.6300,27.9,1.476,18.04,4.02,-61,9.75,
2026-09-21T13:44:55,2,1.459,16.69,15.6470,27.9,1.467,17.33,4.09,-65,9.00,
2026-09-21T13:44:56,2,1.463,17.01,15.6540,27.9,1.474,17.91,4.05,-57,9.75,
2026-09-21T13:44:58,2,1.512,20.94,15.6740,27.9,1.479,18.30,4.01,-60,9.75,
2026-09-21T13:44:59,2,1.459,16.75,15.6880,27.9,1.467,17.33,4.09,-59,9.50,
2026-09-21T13:45:00,2,1.464,17.14,15.7100,27.9,1.474,17.91,4.05,-58,9.75,
2026-09-21T13:45:06,2,1.512,20.94,15.8280,27.9,1.480,18.36,4.02,-49,-1.00,
2026-09-21T13:45:08,2,1.465,17.20,15.8540,27.9,1.480,18.43,4.05,-59,9.50,
2026-09-21T13:45:10,2,1.507,20.56,15.8690,28.9,1.472,17.72,4.06,-58,9.75,
2026-09-21T13:45:11,2,1.462,16.95,15.8790,28.9,1.469,17.53,4.09,-58,9.50,
2026-09-21T13:45:12,2,1.523,21.85,15.9000,28.9,1.483,18.62,4.01,-58,9.50,
2026-09-21T13:45:13,2,1.508,20.62,15.9420,28.9,1.475,17.98,4.06,-59,9.25,
2026-09-21T13:45:14,2,1.463,17.08,15.9580,28.9,1.476,18.11,4.08,-58,10.00,
2026-09-21T13:45:15,2,1.513,21.07,15.9770,28.9,1.483,18.62,4.02,-58,10.00,
2026-09-21T13:45:16,2,1.463,17.08,15.9940,28.9,1.472,17.78,4.09,-57,9.50,
2026-09-21T13:45:17,2,1.478,18.24,16.0110,28.9,1.476,18.11,4.05,-57,10.00,
2026-09-21T13:45:18,2,1.512,20.94,16.0190,28.9,1.472,17.78,4.02,-66,10.00,
2026-09-21T13:45:20,2,1.527,22.17,16.0480,28.9,1.485,18.82,4.01,-59,10.00,
2026-09-21T13:45:22,2,1.507,20.56,16.0620,28.9,1.478,18.24,4.06,-57,9.75,
2026-09-21T13:45:23,2,1.467,17.33,16.0740,28.9,1.473,17.85,4.09,-56,9.50,
2026-09-21T13:45:24,2,1.518,21.46,16.0830,28.9,1.484,18.69,4.02,-60,9.50,
2026-09-21T13:45:25,2,1.463,17.01,16.0880,28.9,1.472,17.78,4.09,-60,9.75,
2026-09-21T13:45:26,2,1.469,17.53,16.0920,28.9,1.477,18.17,4.05,-57,9.50,
2026-09-21T13:45:27,2,1.512,20.94,16.1020,28.9,1.482,18.56,4.03,-58,9.75,
2026-09-21T13:45:28,2,1.466,17.27,16.1170,28.9,1.476,18.11,4.09,-58,9.50,
2026-09-21T13:45:29,2,1.467,17.33,16.1270,28.9,1.481,18.49,4.06,-56,10.50,
2026-09-21T13:45:30,2,1.509,20.69,16.1420,28.9,1.478,18.24,4.05,-58,10.00,
2026-09-21T13:45:31,2,1.466,17.27,16.1570,28.9,1.474,17.91,4.09,-57,9.50,
2026-09-21T13:45:33,2,1.522,21.78,16.1790,28.9,1.485,18.82,4.02,-60,10.00,
2026-09-21T13:45:34,2,1.509,20.75,16.1940,28.9,1.477,18.17,4.05,-58,9.75,
2026-09-21T13:45:35,2,1.459,16.75,16.2040,28.9,1.480,18.43,4.05,-60,10.00,
2026-09-21T13:45:36,2,1.517,21.39,16.2170,28.9,1.486,18.88,4.02,-60,10.00,
2026-09-21T13:45:37,2,1.465,17.20,16.2300,28.9,1.476,18.04,4.09,-59,9.25,
2026-09-21T13:45:38,2,1.470,17.59,16.2410,28.9,1.480,18.43,4.06,-58,9.75,
2026-09-21T13:45:39,2,1.509,20.75,16.2510,28.9,1.483,18.62,4.06,-61,9.50,
2026-09-21T13:45:40,2,1.467,17.33,16.2660,28.9,1.472,17.78,4.09,-61,9.50,
2026-09-21T13:45:41,2,1.538,23.07,16.2740,28.9,1.485,18.82,4.02,-61,10.00,
2026-09-21T13:45:42,2,1.513,21.01,16.2830,28.9,1.481,18.49,4.06,-65,9.75,
2026-09-21T13:45:43,2,1.470,17.59,16.2900,28.9,1.482,18.56,4.05,-62,10.25,
2026-09-21T13:45:52,2,1.476,18.04,16.3870,28.9,1.485,18.82,4.05,-62,10.25,
2026-09-21T13:45:53,2,1.525,22.04,16.4010,28.9,1.492,19.40,4.02,-63,10.00,
2026-09-21T13:45:54,2,1.510,20.81,16.4160,28.9,1.483,18.62,4.06,-63,10.00,
2026-09-21T13:45:55,2,1.473,17.85,16.4270,28.9,1.483,18.62,4.05,-62,10.00,
2026-09-21T13:45:57,2,1.517,21.33,16.4460,28.9,1.484,18.69,4.06,-63,9.75,
2026-09-21T13:45:58,2,1.467,17.33,16.4630,28.9,1.480,18.43,4.09,-65,9.25,
2026-09-21T13:45:59,2,1.471,17.66,16.4740,28.9,1.484,18.69,4.06,-69,9.25,
2026-09-21T13:46:00,2,1.515,21.20,16.4850,28.9,1.483,18.62,4.06,-71,9.25,
2026-09-21T13:46:01,2,1.467,17.40,16.5140,28.9,1.477,18.17,4.09,-64,9.25,
2026-09-21T13:46:02,2,1.527,22.17,16.5290,28.9,1.488,19.07,4.01,-65,10.00,
2026-09-21T13:46:03,2,1.505,20.36,16.5400,28.9,1.494,19.53,4.06,-66,9.75,
2026-09-21T13:46:04,2,1.476,18.11,16.5600,28.9,1.484,18.69,4.05,-59,9.50,
2026-09-21T13:46:05,2,1.521,21.72,16.5750,28.9,1.489,19.14,4.02,-59,9.50,
2026-09-21T13:46:06,2,1.470,17.59,16.5930,28.9,1.480,18.43,4.09,-59,9.25,
2026-09-21T13:46:07,2,1.472,17.78,16.6070,28.9,1.484,18.69,4.05,-60,9.75,
2026-09-21T13:46:09,2,1.514,21.14,16.6190,28.9,1.484,18.75,4.06,-59,9.75,
2026-09-21T13:46:10,2,1.472,17.72,16.6330,28.9,1.479,18.30,4.09,-62,9.25,
2026-09-21T13:46:11,2,1.534,22.75,16.6460,28.9,1.490,19.20,4.01,-64,9.75,
2026-09-21T13:46:12,2,1.516,21.27,16.6560,28.9,1.483,18.62,4.06,-61,9.75,
2026-09-21T13:46:13,2,1.476,18.04,16.6750,28.9,1.488,19.01,4.05,-61,9.50,
2026-09-21T13:46:14,2,1.525,21.98,16.6870,28.9,1.488,19.07,4.02,-62,9.50,
2026-09-21T13:46:15,2,1.470,17.59,16.7020,28.9,1.480,18.43,4.09,-62,9.50,
2026-09-21T13:46:16,2,1.474,17.91,16.7100,28.9,1.487,18.95,4.05,-59,9.25,
2026-09-21T13:46:17,2,1.518,21.46,16.7270,28.9,1.484,18.75,4.06,-59,9.75,
2026-09-21T13:46:18,2,1.472,17.78,16.7410,28.9,1.481,18.49,4.09,-58,9.00,
2026-09-21T13:46:19,2,1.476,18.11,16.7590,28.9,1.487,18.95,4.06,-59,9.75,
2026-09-21T13:46:21,2,1.517,21.33,16.7720,28.9,1.484,18.75,4.05,-59,9.50,
2026-09-21T13:46:22,2,1.478,18.24,16.7840,28.9,1.489,19.14,4.05,-59,9.75,
2026-09-21T13:46:23,2,1.530,22.36,16.7980,28.9,1.493,19.46,4.01,-60,9.75,
2026-09-21T13:46:24,2,1.516,21.27,16.8250,28.9,1.488,19.01,4.06,-59,9.25,
2026-09-21T13:46:25,2,1.479,18.30,16.8390,28.9,1.484,18.75,4.06,-66,9.75,
2026-09-21T13:46:26,2,1.518,21.46,16.8480,28.9,1.488,19.01,4.06,-62,9.75,
2026-09-21T13:46:27,2,1.472,17.72,16.8630,28.9,1.484,18.69,4.09,-62,9.25,
2026-09-21T13:46:28,2,1.478,18.24,16.8740,28.9,1.486,18.88,4.06,-61,9.75,
2026-09-21T13:46:36,2,1.472,17.78,16.9410,28.9,1.486,18.88,4.00,-51,6.50,
2026-09-21T13:46:37,2,1.478,18.24,16.9480,28.9,1.488,19.07,4.05,-57,9.75,
2026-09-21T13:46:38,2,1.521,21.65,16.9490,28.9,1.488,19.07,4.06,-60,10.00,
2026-09-21T13:46:39,2,1.480,18.43,16.9550,28.9,1.491,19.27,4.05,-58,9.75,
2026-09-21T13:46:40,2,1.538,23.01,16.9670,28.9,1.495,19.59,4.00,-66,9.75,
2026-09-21T13:46:41,2,1.517,21.33,16.9710,28.9,1.488,19.07,4.05,-59,9.50,
2026-09-21T13:46:42,2,1.478,18.24,16.9800,28.9,1.490,19.20,4.05,-62,10.00,
2026-09-21T13:46:44,2,1.525,21.98,16.9840,28.9,1.487,18.95,4.05,-62,10.00,
2026-09-21T13:46:45,2,1.480,18.36,16.9940,28.9,1.484,18.69,4.09,-64,9.25,
2026-09-21T13:46:46,2,1.479,18.30,16.9980,28.9,1.492,19.40,4.05,-60,9.50,
2026-09-21T13:46:47,2,1.521,21.72,17.0050,28.9,1.490,19.20,4.05,-59,9.50,
2026-09-21T13:46:48,2,1.476,18.04,17.0160,28.9,1.486,18.88,4.08,-63,9.50,
2026-09-21T13:46:49,2,1.479,18.30,17.0300,28.9,1.487,18.95,4.06,-62,9.75,
2026-09-21T13:46:50,2,1.521,21.65,17.0370,28.9,1.490,19.20,4.06,-61,9.75,
2026-09-21T13:46:51,2,1.481,18.49,17.0490,28.9,1.492,19.40,4.05,-59,9.75,
2026-09-21T13:46:52,2,1.532,22.56,17.0560,28.9,1.496,19.65,4.02,-60,9.75,
2026-09-21T13:46:53,2,1.521,21.72,17.0660,28.9,1.489,19.14,4.06,-60,9.75,
2026-09-21T13:46:54,2,1.480,18.43,17.0730,28.9,1.492,19.33,4.06,-65,7.25,
2026-09-21T13:46:56,2,1.525,22.04,17.0840,28.9,1.495,19.59,4.06,-61,10.00,
2026-09-21T13:46:57,2,1.475,17.98,17.0920,28.9,1.488,19.01,4.08,-62,10.00,
2026-09-21T13:46:58,2,1.480,18.36,17.0990,28.9,1.489,19.14,4.06,-60,10.00,
2026-09-21T13:46:59,2,1.518,21.46,17.1120,28.9,1.492,19.40,4.06,-62,9.75,
2026-09-21T13:47:00,2,1.480,18.36,17.1260,28.9,1.494,19.53,4.05,-64,10.00,
2026-09-21T13:47:01,2,1.537,22.94,17.1450,28.9,1.497,19.78,4.02,-64,9.50,
2026-09-21T13:47:02,2,1.521,21.72,17.1640,28.9,1.491,19.27,4.06,-62,10.00,
2026-09-21T13:47:03,2,1.481,18.49,17.1810,28.9,1.496,19.65,4.05,-64,9.50,
2026-09-21T13:47:04,2,1.525,21.98,17.2000,28.9,1.493,19.46,4.05,-63,9.75,
2026-09-21T13:47:05,2,1.478,18.24,17.2250,28.9,1.492,19.33,4.09,-63,9.50,
2026-09-21T13:47:06,2,1.482,18.56,17.2470,28.9,1.492,19.40,4.06,-63,10.00,
2026-09-21T13:47:08,2,1.525,21.98,17.2670,28.9,1.493,19.46,4.05,-65,9.50,
2026-09-21T13:47:09,2,1.485,18.82,17.2950,28.9,1.494,19.53,4.05,-64,9.50,
2026-09-21T13:47:10,2,1.544,23.52,17.3150,28.9,1.499,19.91,4.01,-63,10.25,
2026-09-21T13:47:11,2,1.526,22.10,17.3320,28.9,1.496,19.65,4.06,-64,9.75,
2026-09-21T13:47:12,2,1.484,18.75,17.3730,28.9,1.494,19.53,4.06,-64,10.50,
2026-09-21T13:47:21,2,1.487,18.95,17.4890,28.9,1.496,19.72,4.06,-63,10.00,
2026-09-21T13:47:22,2,1.533,22.62,17.4890,28.9,1.494,19.53,4.05,-64,9.75,
2026-09-21T13:47:23,2,1.523,21.85,17.4830,28.9,1.494,19.53,4.06,-61,9.75,
2026-09-21T13:47:24,2,1.484,18.75,17.4810,28.9,1.493,19.46,4.05,-63,9.75,
2026-09-21T13:47:25,2,1.527,22.17,17.4780,28.9,1.496,19.72,4.05,-64,9.75,
2026-09-21T13:47:26,2,1.487,18.95,17.4680,28.9,1.495,19.59,4.05,-64,9.50,
2026-09-21T13:47:27,2,1.484,18.75,17.4610,28.9,1.494,19.53,4.06,-65,9.75,
2026-09-21T13:47:29,2,1.485,18.82,17.4360,28.9,1.494,19.53,4.05,-69,9.75,
2026-09-21T13:47:31,2,1.535,22.81,17.4380,28.9,1.493,19.46,4.05,-60,9.75,
2026-09-21T13:47:32,2,1.523,21.85,17.4230,28.9,1.496,19.72,4.06,-65,10.00,
2026-09-21T13:47:33,2,1.484,18.69,17.4170,28.9,1.493,19.46,4.06,-65,9.75,
2026-09-21T13:47:34,2,1.531,22.49,17.4120,28.9,1.494,19.53,4.05,-64,9.50,
2026-09-21T13:47:35,2,1.484,18.69,17.3940,28.9,1.499,19.91,4.07,-64,10.25,
2026-09-21T13:47:36,2,1.483,18.62,17.3930,28.9,1.496,19.65,4.06,-62,9.75,
2026-09-21T13:47:37,2,1.525,22.04,17.3820,28.9,1.501,20.11,4.06,-64,10.00,
2026-09-21T13:47:38,2,1.485,18.82,17.3760,28.9,1.495,19.59,4.05,-61,9.75,
2026-09-21T13:47:39,2,1.542,23.33,17.3630,28.9,1.513,21.07,4.01,-62,10.00,
2026-09-21T13:47:40,2,1.523,21.85,17.3590,28.9,1.495,19.59,4.06,-62,9.50,
2026-09-21T13:47:41,2,1.482,18.56,17.3480,28.9,1.494,19.53,4.06,-60,9.75,
2026-09-21T13:47:43,2,1.530,22.36,17.3450,28.9,1.494,19.53,4.05,-61,9.75,
2026-09-21T13:47:44,2,1.479,18.30,17.3410,28.9,1.492,19.40,4.09,-63,10.00,
2026-09-21T13:47:45,2,1.483,18.62,17.3290,28.9,1.496,19.72,4.06,-62,10.50,
2026-09-21T13:47:46,2,1.522,21.78,17.3180,28.9,1.493,19.46,4.06,-60,9.50,
2026-09-21T13:47:47,2,1.476,18.04,17.3070,28.9,1.496,19.65,4.05,-59,12.25,
2026-09-21T13:47:48,2,1.532,22.56,17.3040,28.9,1.499,19.91,4.03,-63,9.50,
2026-09-21T13:47:49,2,1.521,21.72,17.3010,28.9,1.493,19.46,4.06,-64,9.50,
2026-09-21T13:47:50,2,1.482,18.56,17.2920,28.9,1.495,19.59,4.06,-63,9.75,
2026-09-21T13:47:51,2,1.529,22.30,17.2880,28.9,1.492,19.40,4.05,-60,10.25,
2026-09-21T13:47:52,2,1.518,21.46,17.2770,28.9,1.505,20.36,4.05,-60,9.75,
2026-09-21T13:47:53,2,1.484,18.69,17.2670,28.9,1.493,19.46,4.05,-59,9.50,
2026-09-21T13:47:55,2,1.522,21.78,17.2640,28.9,1.495,19.59,4.05,-61,9.75,
2026-09-21T13:47:56,2,1.481,18.49,17.2560,28.9,1.495,19.59,4.05,-58,9.50,
2026-09-21T13:48:03,2,1.525,22.04,17.2090,28.9,1.493,19.46,4.06,-50,1.75,
2026-09-21T13:48:04,2,1.482,18.56,17.2090,28.9,1.496,19.72,4.05,-58,10.00,
2026-09-21T13:48:06,2,1.480,18.43,17.1990,28.9,1.492,19.40,4.06,-58,10.75,
2026-09-21T13:48:07,2,1.524,21.91,17.1940,28.9,1.495,19.59,4.06,-58,10.00,
2026-09-21T13:48:08,2,1.482,18.56,17.1850,28.9,1.494,19.53,4.05,-59,9.50,
2026-09-21T13:48:09,2,1.534,22.75,17.1770,28.9,1.495,19.59,4.04,-59,9.75,
2026-09-21T13:48:10,2,1.519,21.52,17.1690,28.9,1.491,19.27,4.06,-59,9.75,
2026-09-21T13:48:11,2,1.480,18.36,17.1530,28.9,1.492,19.40,4.05,-59,9.50,
2026-09-21T13:48:12,2,1.526,22.10,17.1500,28.9,1.502,20.17,4.05,-60,9.50,
2026-09-21T13:48:13,2,1.482,18.56,17.1520,28.9,1.493,19.46,4.05,-60,10.25,
2026-09-21T13:48:14,2,1.480,18.43,17.1470,28.9,1.494,19.53,4.06,-59,9.50,
2026-09-21T13:48:15,2,1.523,21.85,17.1410,28.9,1.492,19.33,4.05,-59,9.25,
2026-09-21T13:48:16,2,1.479,18.30,17.1370,28.9,1.494,19.53,4.05,-59,9.50,
2026-09-21T13:48:18,2,1.537,22.94,17.1310,28.9,1.495,19.59,4.05,-60,9.50,
2026-09-21T13:48:20,2,1.482,18.56,17.1160,28.9,1.496,19.72,4.06,-60,10.00,
2026-09-21T13:48:21,2,1.526,22.10,17.1120,28.9,1.491,19.27,4.05,-58,10.25,
2026-09-21T13:48:22,2,1.480,18.43,17.1070,28.9,1.492,19.40,4.05,-59,9.75,
2026-09-21T13:48:23,2,1.482,18.56,17.1040,28.9,1.494,19.53,4.06,-59,10.25,
2026-09-21T13:48:24,2,1.520,21.59,17.0980,28.9,1.495,19.59,4.05,-60,10.00,
2026-09-21T13:48:25,2,1.481,18.49,17.0980,28.9,1.492,19.33,4.05,-60,9.50,
2026-09-21T13:48:26,2,1.473,17.85,17.1010,28.9,1.486,18.88,4.09,-59,9.25,
2026-09-21T13:48:27,2,1.520,21.59,17.1020,28.9,1.492,19.40,4.06,-59,9.50,
2026-09-21T13:48:28,2,1.478,18.24,17.0960,28.9,1.491,19.27,4.06,-59,9.50,
2026-09-21T13:48:30,2,1.526,22.10,17.0940,28.9,1.494,19.53,4.05,-57,10.00,
2026-09-21T13:48:31,2,1.522,21.78,17.0950,28.9,1.496,19.72,4.03,-65,9.25,
2026-09-21T13:48:32,2,1.480,18.43,17.0940,28.9,1.493,19.46,4.06,-61,10.00,
2026-09-21T13:48:33,2,1.522,21.78,17.0890,28.9,1.492,19.40,4.06,-63,10.25,
2026-09-21T13:48:34,2,1.481,18.49,17.0700,28.9,1.492,19.40,4.05,-66,9.75,
2026-09-21T13:48:35,2,1.480,18.36,17.0700,28.9,1.491,19.27,4.06,-64,9.25,
2026-09-21T13:48:36,2,1.519,21.52,17.0670,28.9,1.491,19.27,4.06,-63,9.75,
2026-09-21T13:48:37,2,1.480,18.43,17.0630,28.9,1.493,19.46,4.06,-64,9.75,
2026-09-21T13:48:38,2,1.530,22.36,17.0560,28.9,1.495,19.59,4.04,-64,9.50,
2026-09-21T13:48:39,2,1.517,21.33,17.0550,28.9,1.491,19.27,4.05,-64,9.50,
2026-09-21T13:48:45,2,1.520,21.59,17.0480,28.9,1.481,18.40,4.05,-51,-2.00,
2026-09-21T13:48:47,2,1.533,22.62,17.0310,28.9,1.491,19.27,4.05,-55,3.25,
2026-09-21T13:48:48,2,1.518,21.46,17.0310,28.9,1.490,19.20,4.06,-63,9.75,
2026-09-21T13:48:49,2,1.480,18.43,17.0280,28.9,1.491,19.27,4.06,-60,9.75,
2026-09-21T13:48:50,2,1.527,22.17,17.0270,28.9,1.490,19.20,4.05,-62,9.75,
2026-09-21T13:48:51,2,1.480,18.43,17.0200,28.9,1.493,19.46,4.05,-64,10.25,
2026-09-21T13:48:52,2,1.478,18.24,17.0150,28.9,1.492,19.33,4.05,-67,9.50,
2026-09-21T13:48:54,2,1.521,21.72,17.0130,28.9,1.491,19.27,4.05,-60,9.75,
2026-09-21T13:48:55,2,1.478,18.24,17.0090,28.9,1.490,19.20,4.05,-60,10.00,
2026-09-21T13:48:56,2,1.530,22.43,17.0030,28.9,1.492,19.33,4.06,-62,10.00,
2026-09-21T13:48:57,2,1.517,21.33,17.0050,28.9,1.491,19.27,4.05,-60,9.50,
2026-09-21T13:48:58,2,1.479,18.30,16.9990,28.9,1.491,19.27,4.06,-63,10.00,
2026-09-21T13:48:59,2,1.523,21.85,16.9960,28.9,1.491,19.27,4.05,-65,9.25,
2026-09-21T13:49:00,2,1.521,21.72,16.9950,28.9,1.495,19.59,4.01,-66,9.50,
2026-09-21T13:49:01,2,1.478,18.24,17.0020,28.9,1.491,19.27,4.06,-61,10.00,
2026-09-21T13:49:02,2,1.519,21.52,16.9960,28.9,1.492,19.33,4.05,-63,11.00,
2026-09-21T13:49:03,2,1.478,18.24,16.9970,28.9,1.492,19.33,4.06,-62,10.00,
2026-09-21T13:49:05,2,1.474,17.91,16.9880,28.9,1.485,18.82,4.09,-61,9.50,
2026-09-21T13:49:06,2,1.518,21.46,16.9840,28.9,1.492,19.33,4.05,-62,10.00,
2026-09-21T13:49:07,2,1.479,18.30,16.9830,28.9,1.488,19.01,4.05,-59,9.50,
2026-09-21T13:49:08,2,1.529,22.30,16.9760,28.9,1.489,19.14,4.05,-61,9.75,
2026-09-21T13:49:09,2,1.525,21.98,16.9700,28.9,1.496,19.65,4.01,-60,9.75,
2026-09-21T13:49:10,2,1.478,18.24,16.9610,28.9,1.492,19.33,4.06,-59,10.00,
2026-09-21T13:49:11,2,1.520,21.59,16.9670,28.9,1.488,19.07,4.05,-61,9.75,
2026-09-21T13:49:12,2,1.480,18.36,16.9640,28.9,1.490,19.20,4.05,-59,9.75,
2026-09-21T13:49:13,2,1.467,17.33,16.9570,28.9,1.485,18.82,4.08,-60,10.00,
2026-09-21T13:49:14,2,1.517,21.33,16.9560,28.9,1.482,18.56,4.06,-59,9.75,
2026-09-21T13:49:15,2,1.477,18.17,16.9520,28.9,1.488,19.07,4.05,-60,9.50,
2026-09-21T13:49:17,2,1.533,22.62,16.9440,28.9,1.492,19.33,4.05,-59,9.25,
2026-09-21T13:49:18,2,1.518,21.46,16.9350,28.9,1.496,19.65,4.06,-59,9.75,
2026-09-21T13:49:19,2,1.478,18.24,16.9350,28.9,1.490,19.20,4.05,-58,9.50,
2026-09-21T13:49:20,2,1.522,21.78,16.9290,28.9,1.491,19.27,4.05,-64,9.50,
2026-09-21T13:49:21,2,1.479,18.30,16.9120,28.9,1.491,19.27,4.05,-57,9.75,
2026-09-21T13:49:22,2,1.476,18.04,16.9070,28.9,1.490,19.20,4.05,-62,9.75,
2026-09-21T13:49:23,2,1.519,21.52,16.9010,28.9,1.492,19.33,4.05,-60,9.75,
2026-09-21T13:49:29,2,1.524,21.91,16.8880,28.9,1.490,19.20,4.05,-55,5.75,
2026-09-21T13:49:30,2,1.477,18.17,16.8880,28.9,1.492,19.33,4.05,-55,9.25,
2026-09-21T13:49:31,2,1.477,18.17,16.8880,28.9,1.491,19.27,4.06,-54,8.50,
2026-09-21T13:49:32,2,1.520,21.59,16.8830,28.9,1.488,19.07,4.05,-55,9.00,
2026-09-21T13:49:33,2,1.478,18.24,16.8810,28.9,1.490,19.20,4.05,-58,10.00,
2026-09-21T13:49:34,2,1.473,17.85,16.8760,28.9,1.483,18.62,4.08,-61,9.75,
2026-09-21T13:49:35,2,1.518,21.46,16.8740,28.9,1.489,19.14,4.05,-61,9.75,
2026-09-21T13:49:36,2,1.477,18.17,16.8780,28.9,1.490,19.20,4.05,-62,10.25,
2026-09-21T13:49:37,2,1.525,21.98,16.8810,28.9,1.492,19.40,4.05,-60,10.00,
2026-09-21T13:49:38,2,1.523,21.85,16.8800,28.9,1.494,19.53,4.01,-63,10.00,
2026-09-21T13:49:39,2,1.476,18.11,16.8780,28.9,1.490,19.20,4.06,-63,9.50,
2026-09-21T13:49:41,2,1.521,21.72,16.8770,28.9,1.490,19.20,4.05,-64,9.50,
2026-09-21T13:49:42,2,1.476,18.11,16.8810,28.9,1.490,19.20,4.06,-59,9.75,
2026-09-21T13:49:43,2,1.472,17.78,16.8740,28.9,1.485,18.82,4.09,-70,9.25,
2026-09-21T13:49:44,2,1.518,21.46,16.8710,28.9,1.488,19.01,4.05,-76,9.25,
2026-09-21T13:49:45,2,1.476,18.11,16.8720,28.9,1.490,19.20,4.06,-61,10.25,
2026-09-21T13:49:46,2,1.528,22.23,16.8650,28.9,1.488,19.07,4.05,-59,9.50,
2026-09-21T13:49:47,2,1.523,21.85,16.8620,28.9,1.493,19.46,4.01,-59,9.75,
2026-09-21T13:49:48,2,1.477,18.17,16.8560,28.9,1.488,19.01,4.06,-59,9.75,
2026-09-21T13:49:49,2,1.521,21.65,16.8560,28.9,1.486,18.88,4.06,-60,10.00,
2026-09-21T13:49:50,2,1.477,18.17,16.8550,28.9,1.488,19.07,4.05,-65,9.75,
2026-09-21T13:49:52,2,1.473,17.85,16.8470,28.9,1.484,18.75,4.09,-57,9.50,
2026-09-21T13:49:53,2,1.518,21.46,16.8470,28.9,1.488,19.07,4.05,-58,9.00,
2026-09-21T13:49:54,2,1.476,18.11,16.8460,28.9,1.486,18.88,4.06,-59,9.75,
2026-09-21T13:49:55,2,1.532,22.56,16.8420,28.9,1.489,19.14,4.04,-59,10.25,
2026-09-21T13:49:56,2,1.521,21.65,16.8400,28.9,1.494,19.53,4.01,-59,10.00,
2026-09-21T13:49:58,2,1.521,21.72,16.8230,28.9,1.495,19.59,4.05,-65,9.75,
2026-09-21T13:49:59,2,1.475,17.98,16.8150,28.9,1.488,19.07,4.05,-60,9.50,
2026-09-21T13:50:00,2,1.475,17.98,16.8070,28.9,1.484,18.69,4.09,-63,9.75,
2026-09-21T13:50:01,2,1.517,21.39,16.8000,28.9,1.487,18.95,4.06,-62,10.00,
2026-09-21T13:50:02,2,1.476,18.04,16.7950,28.9,1.488,19.01,4.05,-61,9.75,
2026-09-21T13:50:04,2,1.513,21.01,16.7960,28.9,1.488,19.01,4.09,-62,9.50,
2026-09-21T13:50:05,2,1.523,21.85,16.7940,28.9,1.494,19.53,4.01,-63,10.25,
2026-09-21T13:50:06,2,1.467,17.40,16.7890,28.9,1.488,19.01,4.06,-64,9.50,
2026-09-21T13:50:07,2,1.523,21.85,16.7910,28.9,1.489,19.14,4.05,-70,9.50,
2026-09-21T13:50:08,2,1.521,21.65,16.7910,28.9,1.492,19.40,4.02,-57,10.00,
2026-09-21T13:50:17,2,1.518,21.46,16.7720,28.9,1.494,19.53,4.02,-60,9.75,
2026-09-21T13:50:18,2,1.474,17.91,16.7680,28.9,1.490,19.20,4.04,-59,9.75,
2026-09-21T13:50:19,2,1.518,21.46,16.7740,28.9,1.487,18.95,4.05,-60,9.75,
2026-09-21T13:50:20,2,1.479,18.30,16.7750,28.9,1.488,19.01,4.05,-58,9.75,
2026-09-21T13:50:21,2,1.471,17.66,16.7740,28.9,1.483,18.62,4.08,-58,9.75,
2026-09-21T13:50:22,2,1.517,21.33,16.7770,28.9,1.488,19.01,4.05,-57,9.75,
2026-09-21T13:50:23,2,1.477,18.17,16.7750,28.9,1.488,19.01,4.05,-58,9.75,
2026-09-21T13:50:24,2,1.524,21.91,16.7720,28.9,1.480,18.43,4.04,-60,10.00,
2026-09-21T13:50:25,2,1.521,21.65,16.7660,28.9,1.491,19.27,4.02,-57,10.00,
2026-09-21T13:50:26,2,1.474,17.91,16.7630,28.9,1.487,18.95,4.06,-58,10.25,
2026-09-21T13:50:28,2,1.521,21.72,16.7570,28.9,1.488,19.07,4.05,-57,10.00,
2026-09-21T13:50:29,2,1.476,18.04,16.7470,28.9,1.487,18.95,4.05,-58,10.00,
2026-09-21T13:50:30,2,1.471,17.66,16.7470,28.9,1.482,18.56,4.09,-59,9.25,
2026-09-21T13:50:31,2,1.517,21.39,16.7400,28.9,1.486,18.88,4.05,-58,10.00,
2026-09-21T13:50:32,2,1.474,17.91,16.7370,28.9,1.489,19.14,4.05,-58,10.00,
2026-09-21T13:50:33,2,1.528,22.23,16.7310,28.9,1.489,19.14,4.05,-58,9.50,
2026-09-21T13:50:34,2,1.520,21.59,16.7280,28.9,1.494,19.53,4.02,-59,9.50,
2026-09-21T13:50:35,2,1.476,18.04,16.7300,28.9,1.485,18.82,4.06,-59,9.75,
2026-09-21T13:50:36,2,1.522,21.78,16.7250,28.9,1.483,18.62,4.05,-60,9.75,
2026-09-21T13:50:37,2,1.475,17.98,16.7200,28.9,1.488,19.07,4.05,-59,9.50,
2026-09-21T13:50:39,2,1.472,17.72,16.7150,28.9,1.483,18.62,4.09,-59,9.00,
2026-09-21T13:50:40,2,1.517,21.39,16.7140,28.9,1.485,18.82,4.05,-59,9.50,
2026-09-21T13:50:41,2,1.476,18.11,16.7060,28.9,1.488,19.01,4.05,-58,10.00,
2026-09-21T13:50:42,2,1.530,22.43,16.7010,28.9,1.488,19.07,4.05,-58,9.75,
2026-09-21T13:50:43,2,1.520,21.59,16.6980,28.9,1.493,19.46,4.01,-62,9.75,
2026-09-21T13:50:44,2,1.475,17.98,16.6880,28.9,1.490,19.20,4.05,-58,9.75,
2026-09-21T13:50:45,2,1.523,21.85,16.6860,28.9,1.487,18.95,4.05,-59,9.25,
2026-09-21T13:50:46,2,1.519,21.52,16.6810,28.9,1.490,19.20,4.01,-59,10.00,
2026-09-21T13:50:48,2,1.517,21.39,16.6750,28.9,1.486,18.88,4.05,-59,9.75,
2026-09-21T13:50:51,2,1.472,17.78,16.6750,28.9,1.481,18.49,4.09,-56,9.50,
2026-09-21T13:50:52,2,1.521,21.72,16.6670,28.9,1.493,19.46,4.01,-62,10.25,
2026-09-21T13:50:57,2,1.518,21.46,16.6510,28.9,1.490,19.20,4.05,-55,2.75,
2026-09-21T13:51:00,2,1.516,21.27,16.6490,28.9,1.484,18.69,4.05,-59,9.75,
2026-09-21T13:51:01,2,1.476,18.11,16.6460,28.9,1.488,19.01,4.05,-60,9.75,
2026-09-21T13:51:03,2,1.525,21.98,16.6400,27.9,1.488,19.07,4.03,-59,9.50,
2026-09-21T13:51:04,2,1.521,21.72,16.6390,27.9,1.492,19.33,4.01,-60,9.75,
2026-09-21T13:51:05,2,1.475,17.98,16.6350,28.9,1.487,18.95,4.06,-59,9.50,
2026-09-21T13:51:06,2,1.519,21.52,16.6320,28.9,1.487,18.95,4.05,-69,10.75,
2026-09-21T13:51:07,2,1.476,18.04,16.6330,28.9,1.485,18.82,4.05,-65,9.75,
2026-09-21T13:51:08,2,1.471,17.66,16.6310,28.9,1.483,18.62,4.08,-64,9.25,
2026-09-21T13:51:10,2,1.472,17.78,16.6240,28.9,1.484,18.75,4.06,-58,10.00,
2026-09-21T13:51:11,2,1.530,22.43,16.6280,28.9,1.486,18.88,4.04,-59,9.50,
2026-09-21T13:51:12,2,1.519,21.52,16.6280,28.9,1.491,19.27,4.02,-59,10.00,
2026-09-21T13:51:13,2,1.474,17.91,16.6250,28.9,1.487,18.95,4.05,-59,9.25,
2026-09-21T13:51:15,2,1.518,21.46,16.6260,28.9,1.487,18.95,4.05,-60,9.75,
2026-09-21T13:51:16,2,1.472,17.78,16.6230,28.9,1.486,18.88,4.05,-60,10.00,
2026-09-21T13:51:17,2,1.470,17.59,16.6210,28.9,1.481,18.49,4.08,-60,9.50,
2026-09-21T13:51:18,2,1.516,21.27,16.6170,28.9,1.484,18.75,4.05,-63,10.00,
2026-09-21T13:51:19,2,1.472,17.78,16.6160,28.9,1.484,18.75,4.05,-57,10.00,
2026-09-21T13:51:20,2,1.530,22.43,16.6110,28.9,1.486,18.88,4.04,-64,9.75,
2026-09-21T13:51:21,2,1.519,21.52,16.6110,28.9,1.491,19.27,4.01,-62,10.25,
2026-09-21T13:51:22,2,1.473,17.85,16.6110,28.9,1.485,18.82,4.06,-61,10.00,
2026-09-21T13:51:23,2,1.522,21.78,16.6090,28.9,1.486,18.88,4.05,-65,9.75,
2026-09-21T13:51:24,2,1.515,21.20,16.6040,28.9,1.494,19.53,4.02,-78,8.75,
2026-09-21T13:51:26,2,1.471,17.66,16.6080,28.9,1.481,18.49,4.08,-63,9.75,
2026-09-21T13:51:27,2,1.517,21.33,16.6080,28.9,1.484,18.69,4.05,-62,9.75,
2026-09-21T13:51:28,2,1.473,17.85,16.6120,28.9,1.488,19.01,4.06,-60,9.75,
2026-09-21T13:51:29,2,1.468,17.46,16.6170,28.9,1.482,18.56,4.08,-60,9.75,
2026-09-21T13:51:30,2,1.521,21.72,16.6130,28.9,1.492,19.33,4.01,-61,10.00,
2026-09-21T13:51:31,2,1.474,17.91,16.6070,27.9,1.486,18.88,4.05,-60,10.00,
2026-09-21T13:51:32,2,1.525,22.04,16.6080,28.9,1.486,18.88,4.05,-61,9.50,
2026-09-21T13:51:33,2,1.517,21.33,16.6050,28.9,1.492,19.33,4.01,-62,10.25,
2026-09-21T13:51:34,2,1.472,17.72,16.6070,27.9,1.480,18.43,4.09,-60,9.50,
2026-09-21T13:51:35,2,1.518,21.46,16.6010,27.9,1.484,18.75,4.05,-62,9.75,
2026-09-21T13:51:36,2,1.472,17.72,16.5920,27.9,1.484,18.75,4.05,-62,9.75,
2026-09-21T13:51:41,2,1.526,22.10,16.5860,28.9,1.484,18.75,4.04,-56,5.25,
2026-09-21T13:51:42,2,1.517,21.39,16.5830,27.9,1.491,19.27,4.01,-61,3.75,
2026-09-21T13:51:43,2,1.474,17.91,16.5810,28.9,1.484,18.69,4.05,-58,5.25,
2026-09-21T13:51:44,2,1.518,21.46,16.5880,28.9,1.484,18.75,4.05,-57,8.25,
2026-09-21T13:51:45,2,1.472,17.72,16.5830,28.9,1.486,18.88,4.05,-68,9.50,
2026-09-21T13:51:46,2,1.469,17.53,16.5860,28.9,1.478,18.24,4.08,-67,9.75,
2026-09-21T13:51:47,2,1.514,21.14,16.5720,27.9,1.486,18.88,4.05,-55,9.75,
2026-09-21T13:51:48,2,1.472,17.78,16.5650,27.9,1.485,18.82,4.05,-56,9.75,
2026-09-21T13:51:50,2,1.530,22.36,16.5640,28.9,1.487,18.95,4.04,-56,10.00,
2026-09-21T13:51:51,2,1.517,21.33,16.5630,27.9,1.488,19.07,4.01,-53,9.50,
2026-09-21T13:51:52,2,1.472,17.72,16.5630,27.9,1.485,18.82,4.06,-54,10.00,
2026-09-21T13:51:53,2,1.523,21.85,16.5590,27.9,1.484,18.75,4.05,-60,9.75,
2026-09-21T13:51:54,2,1.474,17.91,16.5560,27.9,1.484,18.75,4.05,-60,10.00,
2026-09-21T13:51:55,2,1.467,17.40,16.5540,27.9,1.480,18.43,4.09,-55,9.50,
2026-09-21T13:51:56,2,1.513,21.07,16.5610,27.9,1.486,18.88,4.05,-54,9.75,
2026-09-21T13:51:57,2,1.472,17.78,16.5560,27.9,1.484,18.75,4.05,-56,9.75,
2026-09-21T13:51:58,2,1.467,17.40,16.5640,27.9,1.480,18.36,4.08,-54,9.75,
2026-09-21T13:51:59,2,1.519,21.52,16.5650,27.9,1.489,19.14,4.01,-54,9.75,
2026-09-21T13:52:00,2,1.468,17.46,16.5600,27.9,1.486,18.88,4.05,-53,9.50,
2026-09-21T13:52:02,2,1.520,21.59,16.5600,27.9,1.484,18.69,4.05,-54,9.50,
2026-09-21T13:52:03,2,1.522,21.78,16.5590,27.9,1.488,19.07,4.02,-53,10.00,
2026-09-21T13:52:04,2,1.467,17.40,16.5560,27.9,1.479,18.30,4.09,-54,9.25,
2026-09-21T13:52:05,2,1.514,21.14,16.5490,27.9,1.484,18.75,4.05,-53,9.25,
2026-09-21T13:52:06,2,1.475,17.98,16.5390,27.9,1.485,18.82,4.05,-53,9.25,
2026-09-21T13:52:07,2,1.470,17.59,16.5380,27.9,1.480,18.36,4.09,-53,9.50,
2026-09-21T13:52:08,2,1.518,21.46,16.5370,27.9,1.492,19.40,4.01,-53,9.75,
2026-09-21T13:52:09,2,1.472,17.72,16.5390,27.9,1.484,18.75,4.06,-53,9.25,
2026-09-21T13:52:10,2,1.519,21.52,16.5350,27.9,1.484,18.69,4.05,-53,9.50,
2026-09-21T13:52:11,2,1.518,21.46,16.5250,27.9,1.486,18.88,4.01,-54,9.50,
2026-09-21T13:52:12,2,1.478,18.24,16.5250,27.9,1.481,18.49,4.09,-54,9.50,
2026-09-21T13:52:14,2,1.516,21.27,16.5210,27.9,1.485,18.82,4.04,-53,10.25,
2026-09-21T13:52:15,2,1.472,17.72,16.5190,27.9,1.482,18.56,4.05,-54,9.50,
2026-09-21T13:52:16,2,1.468,17.46,16.5190,27.9,1.479,18.30,4.09,-54,9.25,
2026-09-21T13:52:17,2,1.518,21.46,16.5120,27.9,1.490,19.20,4.01,-53,9.75,
2026-09-21T13:52:18,2,1.472,17.72,16.5100,27.9,1.481,18.49,4.05,-53,9.25,
2026-09-21T13:52:19,2,1.525,21.98,16.5030,27.9,1.484,18.75,4.04,-54,9.75,
2026-09-21T13:52:20,2,1.516,21.27,16.4970,27.9,1.489,19.14,4.02,-53,10.00,
2026-09-21T13:52:25,2,1.467,17.40,16.4820,27.9,1.470,17.59,4.09,-44,-0.75,
2026-09-21T13:52:26,2,1.514,21.14,16.4770,27.9,1.485,18.82,4.05,-44,0.00,
2026-09-21T13:52:27,2,1.473,17.85,16.4800,27.9,1.484,18.69,4.06,-45,0.25,
2026-09-21T13:52:28,2,1.530,22.36,16.4840,27.9,1.483,18.62,4.04,-46,3.50,
2026-09-21T13:52:29,2,1.517,21.33,16.4800,27.9,1.488,19.07,4.02,-54,9.50,
2026-09-21T13:52:30,2,1.472,17.72,16.4850,27.9,1.484,18.75,4.06,-54,9.25,
2026-09-21T13:52:31,2,1.517,21.33,16.4860,27.9,1.485,18.82,4.05,-54,9.25,
2026-09-21T13:52:32,2,1.474,17.91,16.4880,27.9,1.486,18.88,4.05,-53,9.50,
2026-09-21T13:52:33,2,1.469,17.53,16.4870,27.9,1.480,18.43,4.09,-54,9.25,
2026-09-21T13:52:34,2,1.515,21.20,16.4820,27.9,1.485,18.82,4.05,-54,9.50,
2026-09-21T13:52:35,2,1.472,17.72,16.4800,27.9,1.484,18.69,4.05,-54,9.50,
2026-09-21T13:52:37,2,1.465,17.20,16.4790,27.9,1.480,18.36,4.08,-54,9.50,
2026-09-21T13:52:38,2,1.516,21.27,16.4700,27.9,1.488,19.01,4.02,-54,9.75,
2026-09-21T13:52:39,2,1.472,17.72,16.4690,27.9,1.483,18.62,4.06,-54,9.50,
2026-09-21T13:52:40,2,1.517,21.33,16.4640,27.9,1.484,18.75,4.05,-54,9.50,
2026-09-21T13:52:41,2,1.517,21.33,16.4580,27.9,1.488,19.01,4.01,-54,10.25,
2026-09-21T13:52:42,2,1.468,17.46,16.4580,27.9,1.480,18.43,4.09,-53,9.25,
2026-09-21T13:52:43,2,1.516,21.27,16.4590,27.9,1.484,18.69,4.05,-54,9.75,
2026-09-21T13:52:44,2,1.471,17.66,16.4690,27.9,1.483,18.62,4.06,-54,10.00,
2026-09-21T13:52:45,2,1.469,17.53,16.4740,27.9,1.475,17.98,4.09,-54,9.00,
2026-09-21T13:52:46,2,1.517,21.39,16.4730,27.9,1.490,19.20,4.01,-54,9.75,
2026-09-21T13:52:47,2,1.470,17.59,16.4720,27.9,1.489,19.14,4.05,-54,9.75,
2026-09-21T13:52:49,2,1.523,21.85,16.4700,27.9,1.484,18.75,4.04,-54,9.50,
2026-09-21T13:52:50,2,1.515,21.20,16.4610,27.9,1.490,19.20,4.02,-54,9.50,
2026-09-21T13:52:51,2,1.466,17.27,16.4570,27.9,1.479,18.30,4.09,-53,9.25,
2026-09-21T13:52:52,2,1.516,21.27,16.4570,27.9,1.480,18.43,4.05,-53,9.50,
2026-09-21T13:52:53,2,1.471,17.66,16.4470,27.9,1.483,18.62,4.05,-53,9.25,
2026-09-21T13:52:54,2,1.466,17.27,16.4420,27.9,1.479,18.30,4.08,-54,9.50,
2026-09-21T13:52:55,2,1.517,21.33,16.4360,27.9,1.488,19.07,4.01,-54,10.00,
2026-09-21T13:52:56,2,1.474,17.91,16.4350,27.9,1.483,18.62,4.05,-54,9.25,
2026-09-21T13:52:57,2,1.524,21.91,16.4330,27.9,1.483,18.62,4.04,-54,9.75,
2026-09-21T13:52:58,2,1.517,21.33,16.4280,27.9,1.488,19.01,4.02,-54,10.00,
2026-09-21T13:52:59,2,1.465,17.20,16.4270,27.9,1.479,18.30,4.08,-54,9.50,
2026-09-21T13:53:01,2,1.515,21.20,16.4270,27.9,1.488,19.01,4.05,-53,9.50,
2026-09-21T13:53:02,2,1.471,17.66,16.4260,27.9,1.484,18.75,4.05,-54,9.50,
2026-09-21T13:53:03,2,1.467,17.40,16.4250,27.9,1.480,18.36,4.09,-54,9.25,
2026-09-21T13:53:04,2,1.517,21.33,16.4240,27.9,1.488,19.01,4.02,-54,9.75,
2026-09-21T13:53:09,2,1.519,21.52,16.4010,27.9,1.483,18.62,4.05,-46,-0.25,
2026-09-21T13:53:10,2,1.472,17.72,16.4030,27.9,1.482,18.56,4.05,-45,-0.25,
2026-09-21T13:53:12,2,1.466,17.27,16.3980,27.9,1.477,18.17,4.08,-46,1.00,
2026-09-21T13:53:13,2,1.516,21.27,16.3930,27.9,1.485,18.82,4.05,-54,9.75,
2026-09-21T13:53:14,2,1.471,17.66,16.3930,27.9,1.483,18.62,4.05,-54,9.25,
2026-09-21T13:53:15,2,1.472,17.78,16.3920,27.9,1.480,18.43,4.08,-53,9.75,
2026-09-21T13:53:16,2,1.515,21.20,16.3950,27.9,1.488,19.07,4.01,-54,9.75,
2026-09-21T13:53:17,2,1.472,17.72,16.3940,27.9,1.485,18.82,4.05,-54,9.25,
2026-09-21T13:53:18,2,1.517,21.33,16.3920,27.9,1.485,18.82,4.04,-53,9.75,
2026-09-21T13:53:19,2,1.514,21.14,16.3920,27.9,1.486,18.88,4.02,-54,9.75,
2026-09-21T13:53:20,2,1.465,17.20,16.3910,27.9,1.480,18.36,4.08,-54,9.50,
2026-09-21T13:53:21,2,1.513,21.01,16.3970,27.9,1.482,18.56,4.05,-54,9.50,
2026-09-21T13:53:22,2,1.472,17.78,16.3910,27.9,1.485,18.82,4.05,-54,10.00,
2026-09-21T13:53:24,2,1.467,17.40,16.3950,27.9,1.478,18.24,4.09,-53,9.25,
2026-09-21T13:53:25,2,1.516,21.27,16.3930,27.9,1.490,19.20,4.01,-54,9.50,
2026-09-21T13:53:26,2,1.475,17.98,16.3930,27.9,1.484,18.69,4.06,-54,9.50,
2026-09-21T13:53:27,2,1.521,21.65,16.3930,27.9,1.483,18.62,4.04,-53,9.75,
2026-09-21T13:53:28,2,1.515,21.20,16.3920,27.9,1.489,19.14,4.02,-54,9.75,
2026-09-21T13:53:29,2,1.470,17.59,16.3850,27.9,1.479,18.30,4.09,-54,9.25,
2026-09-21T13:53:30,2,1.513,21.07,16.3780,27.9,1.481,18.49,4.05,-53,9.50,
2026-09-21T13:53:31,2,1.472,17.72,16.3800,27.9,1.483,18.62,4.05,-54,9.50,
2026-09-21T13:53:32,2,1.467,17.33,16.3820,27.9,1.479,18.30,4.08,-54,9.50,
2026-09-21T13:53:33,2,1.516,21.27,16.3800,27.9,1.486,18.88,4.01,-54,10.00,
2026-09-21T13:53:34,2,1.468,17.46,16.3810,27.9,1.484,18.69,4.05,-54,9.25,
2026-09-21T13:53:36,2,1.522,21.78,16.3730,27.9,1.487,18.95,4.05,-54,9.00,
2026-09-21T13:53:37,2,1.514,21.14,16.3690,27.9,1.487,18.95,4.02,-54,9.50,
2026-09-21T13:53:38,2,1.467,17.33,16.3680,27.9,1.478,18.24,4.08,-53,9.50,
2026-09-21T13:53:39,2,1.515,21.20,16.3690,27.9,1.481,18.49,4.05,-53,9.50,
2026-09-21T13:53:40,2,1.470,17.59,16.3710,27.9,1.487,18.95,4.05,-54,9.50,
2026-09-21T13:53:41,2,1.465,17.20,16.3660,27.9,1.480,18.43,4.09,-54,9.50,
2026-09-21T13:53:42,2,1.515,21.20,16.3620,27.9,1.488,19.01,4.01,-54,9.50,
2026-09-21T13:53:43,2,1.469,17.53,16.3540,27.9,1.484,18.69,4.05,-54,9.50,
2026-09-21T13:53:44,2,1.525,21.98,16.3530,27.9,1.485,18.82,4.04,-54,9.50,
2026-09-21T13:53:45,2,1.516,21.27,16.3500,27.9,1.487,18.95,4.01,-54,9.50,
2026-09-21T13:53:46,2,1.465,17.20,16.3420,27.9,1.479,18.30,4.08,-54,10.00,
2026-09-21T13:53:48,2,1.517,21.33,16.3410,27.9,1.482,18.56,4.05,-54,9.75,
2026-09-21T13:53:53,2,1.466,17.27,16.3370,27.9,1.476,18.11,4.09,-46,-0.25,
2026-09-21T13:53:54,2,1.517,21.39,16.3360,27.9,1.486,18.88,4.02,-46,0.25,
2026-09-21T13:53:55,2,1.465,17.20,16.3380,27.9,1.477,18.17,4.09,-46,0.50,
2026-09-21T13:53:56,2,1.520,21.59,16.3440,27.9,1.480,18.43,4.04,-54,9.25,
2026-09-21T13:53:57,2,1.513,21.07,16.3460,27.9,1.487,18.95,4.02,-53,9.50,
2026-09-21T13:53:59,2,1.463,17.08,16.3400,27.9,1.476,18.11,4.08,-54,9.75,
2026-09-21T13:54:00,2,1.514,21.14,16.3370,27.9,1.485,18.82,4.05,-54,9.50,
2026-09-21T13:54:01,2,1.476,18.11,16.3320,27.9,1.483,18.62,4.06,-54,9.25,
2026-09-21T13:54:02,2,1.463,17.08,16.3320,27.9,1.476,18.11,4.09,-54,9.25,
2026-09-21T13:54:03,2,1.517,21.33,16.3330,27.9,1.496,19.65,4.01,-54,9.50,
2026-09-21T13:54:04,2,1.470,17.59,16.3300,27.9,1.483,18.62,4.06,-53,9.50,
2026-09-21T13:54:05,2,1.521,21.65,16.3310,27.9,1.483,18.62,4.03,-54,9.50,
2026-09-21T13:54:06,2,1.516,21.27,16.3340,27.9,1.487,18.95,4.02,-54,9.50,
2026-09-21T13:54:07,2,1.465,17.20,16.3370,27.9,1.476,18.11,4.08,-53,9.50,
2026-09-21T13:54:08,2,1.515,21.20,16.3320,27.9,1.481,18.49,4.05,-53,9.50,
2026-09-21T13:54:09,2,1.463,17.01,16.3240,27.9,1.484,18.69,4.05,-54,9.25,
2026-09-21T13:54:11,2,1.464,17.14,16.3190,27.9,1.478,18.24,4.08,-53,9.50,
2026-09-21T13:54:12,2,1.516,21.27,16.3260,27.9,1.486,18.88,4.01,-53,9.50,
2026-09-21T13:54:13,2,1.463,17.01,16.3270,27.9,1.481,18.49,4.05,-53,9.25,
2026-09-21T13:54:14,2,1.526,22.10,16.3240,27.9,1.482,18.56,4.04,-53,10.00,
2026-09-21T13:54:15,2,1.516,21.27,16.3250,27.9,1.496,19.65,4.02,-54,9.50,
2026-09-21T13:54:16,2,1.466,17.27,16.3240,27.9,1.477,18.17,4.09,-53,9.25,
2026-09-21T13:54:17,2,1.518,21.46,16.3180,27.9,1.482,18.56,4.05,-53,9.25,
2026-09-21T13:54:18,2,1.468,17.46,16.3230,27.9,1.483,18.62,4.05,-53,9.50,
2026-09-21T13:54:19,2,1.464,17.14,16.3220,27.9,1.479,18.30,4.08,-53,9.25,
2026-09-21T13:54:20,2,1.519,21.52,16.3180,27.9,1.487,18.95,4.01,-53,9.75,
2026-09-21T13:54:21,2,1.471,17.66,16.3120,27.9,1.481,18.49,4.05,-54,9.50,
2026-09-21T13:54:23,2,1.465,17.20,16.3100,27.9,1.476,18.04,4.08,-53,9.25,
2026-09-21T13:54:24,2,1.513,21.01,16.3070,27.9,1.490,19.20,4.02,-53,9.75,
2026-09-21T13:54:25,2,1.466,17.27,16.3100,27.9,1.477,18.17,4.09,-53,9.25,
2026-09-21T13:54:26,2,1.517,21.39,16.3060,27.9,1.480,18.43,4.04,-53,9.75,
2026-09-21T13:54:27,2,1.523,21.85,16.3060,27.9,1.490,19.20,4.02,-53,10.25,
2026-09-21T13:54:28,2,1.465,17.20,16.3050,27.9,1.478,18.24,4.08,-53,9.50,
2026-09-21T13:54:29,2,1.517,21.33,16.3040,27.9,1.486,18.88,4.01,-53,9.50,
2026-09-21T13:54:30,2,1.474,17.91,16.3030,27.9,1.480,18.36,4.05,-54,9.75,
2026-09-21T13:54:31,2,1.467,17.33,16.2970,27.9,1.476,18.11,4.08,-53,9.50,
2026-09-21T13:54:32,2,1.513,21.01,16.2950,27.9,1.484,18.75,4.02,-53,9.75,
2026-09-21T13:54:38,2,1.513,21.07,16.2850,27.9,1.487,18.95,4.00,-45,0.00,
2026-09-21T13:54:39,2,1.471,17.66,16.2840,27.9,1.481,18.49,4.05,-45,0.00,
2026-09-21T13:54:40,2,1.466,17.27,16.2830,27.9,1.478,18.24,4.08,-46,7.00,
2026-09-21T13:54:41,2,1.515,21.20,16.2850,27.9,1.484,18.75,4.01,-54,9.50,
2026-09-21T13:54:42,2,1.467,17.40,16.2830,27.9,1.476,18.11,4.08,-53,9.50,
2026-09-21T13:54:43,2,1.522,21.78,16.2810,27.9,1.480,18.43,4.04,-53,9.75,
2026-09-21T13:54:44,2,1.516,21.27,16.2800,27.9,1.486,18.88,4.02,-53,9.75,
2026-09-21T13:54:45,2,1.466,17.27,16.2830,27.9,1.478,18.24,4.09,-53,9.50,
2026-09-21T13:54:47,2,1.520,21.59,16.2770,27.9,1.486,18.88,4.00,-54,9.50,
2026-09-21T13:54:48,2,1.471,17.66,16.2780,27.9,1.480,18.36,4.05,-54,9.25,
2026-09-21T13:54:49,2,1.466,17.27,16.2760,27.9,1.477,18.17,4.08,-53,9.50,
2026-09-21T13:54:50,2,1.517,21.33,16.2770,27.9,1.488,19.07,4.01,-53,9.75,
2026-09-21T13:54:51,2,1.466,17.27,16.2780,27.9,1.479,18.30,4.05,-54,9.50,
2026-09-21T13:54:52,2,1.525,22.04,16.2730,27.9,1.482,18.56,4.04,-54,9.75,
2026-09-21T13:54:53,2,1.514,21.14,16.2740,27.9,1.499,19.91,4.01,-54,9.50,
2026-09-21T13:54:54,2,1.466,17.27,16.2760,27.9,1.479,18.30,4.08,-54,9.50,
2026-09-21T13:54:55,2,1.513,21.07,16.2750,27.9,1.482,18.56,4.05,-53,9.50,
2026-09-21T13:54:56,2,1.469,17.53,16.2740,27.9,1.480,18.43,4.05,-54,9.25,
2026-09-21T13:54:58,2,1.466,17.27,16.2700,27.9,1.476,18.04,4.08,-52,9.50,
2026-09-21T13:54:59,2,1.517,21.33,16.2690,27.9,1.486,18.88,4.01,-53,9.75,
2026-09-21T13:55:00,2,1.471,17.66,16.2660,27.9,1.481,18.49,4.06,-53,9.50,
2026-09-21T13:55:01,2,1.465,17.20,16.2660,27.9,1.479,18.30,4.08,-54,9.50,
2026-09-21T13:55:02,2,1.515,21.20,16.2600,27.9,1.488,19.01,4.01,-53,9.50,
2026-09-21T13:55:03,2,1.467,17.33,16.2650,27.9,1.476,18.11,4.08,-52,9.25,
2026-09-21T13:55:04,2,1.517,21.33,16.2620,27.9,1.482,18.56,4.05,-54,9.50,
2026-09-21T13:55:05,2,1.512,20.94,16.2560,27.9,1.487,18.95,4.02,-54,10.25,
2026-09-21T13:55:06,2,1.470,17.59,16.2590,27.9,1.476,18.04,4.08,-53,9.50,
2026-09-21T13:55:07,2,1.518,21.46,16.2620,27.9,1.486,18.88,4.01,-53,9.50,
2026-09-21T13:55:08,2,1.471,17.66,16.2620,27.9,1.480,18.43,4.05,-53,10.00,
2026-09-21T13:55:10,2,1.464,17.14,16.2570,27.9,1.476,18.11,4.09,-53,9.50,
2026-09-21T13:55:11,2,1.514,21.14,16.2520,27.9,1.484,18.75,4.02,-54,10.00,
2026-09-21T13:55:12,2,1.463,17.08,16.2510,27.9,1.476,18.11,4.09,-53,9.50,
2026-09-21T13:55:13,2,1.519,21.52,16.2520,27.9,1.484,18.69,4.05,-54,9.00,
2026-09-21T13:55:14,2,1.513,21.07,16.2400,27.9,1.482,18.56,4.02,-54,9.25,
2026-09-21T13:55:15,2,1.467,17.40,16.2500,27.9,1.474,17.91,4.08,-53,9.25,
2026-09-21T13:55:16,2,1.526,22.10,16.2550,27.9,1.486,18.88,4.01,-54,9.75,
2026-09-21T13:55:22,2,1.521,21.72,16.2610,27.9,1.480,18.43,4.05,-45,0.00,
2026-09-21T13:55:23,2,1.513,21.01,16.2580,27.9,1.486,18.88,4.02,-45,0.25,
2026-09-21T13:55:24,2,1.465,17.20,16.2540,27.9,1.477,18.17,4.09,-47,2.75,
2026-09-21T13:55:25,2,1.517,21.39,16.2540,27.9,1.487,18.95,4.00,-54,9.25,
2026-09-21T13:55:26,2,1.470,17.59,16.2520,27.9,1.483,18.62,4.05,-53,9.50,
2026-09-21T13:55:27,2,1.476,18.11,16.2450,27.9,1.476,18.04,4.08,-53,9.25,
2026-09-21T13:55:28,2,1.513,21.01,16.2460,27.9,1.486,18.88,4.01,-53,10.00,
2026-09-21T13:55:29,2,1.467,17.40,16.2550,27.9,1.477,18.17,4.08,-54,9.25,
2026-09-21T13:55:30,2,1.515,21.20,16.2570,27.9,1.481,18.49,4.04,-53,10.25,
2026-09-21T13:55:31,2,1.512,20.94,16.2580,27.9,1.487,18.95,4.02,-54,9.50,
2026-09-21T13:55:32,2,1.466,17.27,16.2550,27.9,1.479,18.30,4.08,-53,9.50,
2026-09-21T13:55:34,2,1.523,21.85,16.2540,27.9,1.491,19.27,4.01,-53,9.75,
2026-09-21T13:55:35,2,1.469,17.53,16.2550,27.9,1.480,18.43,4.05,-54,9.25,
2026-09-21T13:55:36,2,1.466,17.27,16.2510,27.9,1.477,18.17,4.09,-53,9.50,
2026-09-21T13:55:37,2,1.515,21.20,16.2480,27.9,1.487,18.95,4.02,-54,9.75,
2026-09-21T13:55:38,2,1.469,17.53,16.2450,27.9,1.477,18.17,4.06,-53,9.25,
2026-09-21T13:55:39,2,1.463,17.01,16.2460,27.9,1.478,18.24,4.09,-53,9.50,
2026-09-21T13:55:40,2,1.513,21.01,16.2390,27.9,1.484,18.75,4.02,-53,9.50,
2026-09-21T13:55:41,2,1.475,17.98,16.2370,27.9,1.476,18.04,4.08,-53,9.50,
2026-09-21T13:55:42,2,1.516,21.27,16.2320,27.9,1.482,18.56,4.04,-54,9.75,
2026-09-21T13:55:43,2,1.510,20.81,16.2310,27.9,1.485,18.82,4.02,-53,9.75,
2026-09-21T13:55:45,2,1.462,16.95,16.2340,27.9,1.474,17.91,4.09,-53,9.25,
2026-09-21T13:55:46,2,1.515,21.20,16.2350,27.9,1.486,18.88,4.00,-53,9.50,
2026-09-21T13:55:47,2,1.467,17.40,16.2310,27.9,1.483,18.62,4.06,-53,9.50,
2026-09-21T13:55:48,2,1.464,17.14,16.2260,27.9,1.477,18.17,4.08,-53,10.00,
2026-09-21T13:55:49,2,1.511,20.88,16.2190,27.9,1.485,18.82,4.01,-53,9.25,
2026-09-21T13:55:50,2,1.465,17.20,16.2220,27.9,1.477,18.17,4.08,-53,9.50,
2026-09-21T13:55:51,2,1.518,21.46,16.2170,27.9,1.476,18.11,4.05,-54,9.50,
2026-09-21T13:55:52,2,1.512,20.94,16.2170,27.9,1.486,18.88,4.02,-53,10.00,
2026-09-21T13:55:53,2,1.465,17.20,16.2190,27.9,1.474,17.91,4.08,-54,9.25,
2026-09-21T13:55:54,2,1.518,21.46,16.2120,27.9,1.487,18.95,4.01,-54,9.50,
2026-09-21T13:55:55,2,1.467,17.40,16.2170,27.9,1.480,18.36,4.05,-54,9.50,
2026-09-21T13:55:57,2,1.464,17.14,16.2140,27.9,1.476,18.11,4.08,-54,9.75,
2026-09-21T13:55:58,2,1.515,21.20,16.2130,27.9,1.484,18.75,4.02,-53,9.75,
2026-09-21T13:55:59,2,1.467,17.40,16.2100,27.9,1.475,17.98,4.08,-54,9.25,
2026-09-21T13:56:00,2,1.521,21.72,16.2100,27.9,1.481,18.49,4.05,-53,9.50,
2026-09-21T13:56:05,2,1.465,17.20,16.2030,27.9,1.475,17.98,4.09,-45,0.00,
2026-09-21T13:56:06,2,1.514,21.14,16.2020,27.9,1.483,18.62,4.01,-46,0.25,
2026-09-21T13:56:07,2,1.463,17.01,16.2000,27.9,1.476,18.11,4.08,-45,1.00,
2026-09-21T13:56:09,2,1.524,21.91,16.2030,27.9,1.480,18.43,4.04,-53,9.50,
2026-09-21T13:56:10,2,1.512,20.94,16.2010,27.9,1.483,18.62,4.02,-54,9.75,
2026-09-21T13:56:11,2,1.467,17.33,16.1860,27.9,1.479,18.30,4.09,-54,9.00,
2026-09-21T13:56:12,2,1.518,21.46,16.1880,27.9,1.487,18.95,4.01,-54,9.50,
2026-09-21T13:56:13,2,1.467,17.40,16.1860,27.9,1.480,18.43,4.05,-53,9.25,
2026-09-21T13:56:14,2,1.463,17.08,16.1880,27.9,1.474,17.91,4.08,-53,9.50,
2026-09-21T13:56:15,2,1.516,21.27,16.1820,27.9,1.487,18.95,4.01,-54,9.75,
2026-09-21T13:56:16,2,1.463,17.01,16.1840,27.9,1.477,18.17,4.08,-53,9.75,
2026-09-21T13:56:17,2,1.463,17.08,16.1840,27.9,1.475,17.98,4.08,-53,9.50,
2026-09-21T13:56:18,2,1.512,20.94,16.1880,27.9,1.485,18.82,4.01,-54,9.50,
2026-09-21T13:56:19,2,1.465,17.20,16.1880,27.9,1.476,18.04,4.08,-54,10.00,
2026-09-21T13:56:21,2,1.525,22.04,16.1900,27.9,1.483,18.62,4.01,-53,9.50,
2026-09-21T13:56:22,2,1.512,20.94,16.1890,27.9,1.484,18.75,4.02,-54,9.50,
2026-09-21T13:56:23,2,1.463,17.08,16.1870,27.9,1.477,18.17,4.08,-53,9.50,
2026-09-21T13:56:24,2,1.514,21.14,16.1910,27.9,1.486,18.88,4.01,-53,10.00,
2026-09-21T13:56:25,2,1.465,17.20,16.1880,27.9,1.476,18.04,4.05,-54,9.25,
2026-09-21T13:56:26,2,1.463,17.08,16.1890,27.9,1.475,17.98,4.09,-53,9.00,
2026-09-21T13:56:27,2,1.513,21.07,16.1930,27.9,1.485,18.82,4.01,-54,9.75,
2026-09-21T13:56:28,2,1.467,17.33,16.1910,27.9,1.476,18.11,4.08,-53,9.25,
2026-09-21T13:56:29,2,1.520,21.59,16.1910,27.9,1.479,18.30,4.05,-54,9.50,
2026-09-21T13:56:30,2,1.512,20.94,16.1980,27.9,1.485,18.82,4.02,-53,9.50,
2026-09-21T13:56:32,2,1.464,17.14,16.1970,27.9,1.477,18.17,4.08,-53,9.50,
2026-09-21T13:56:33,2,1.517,21.33,16.1910,27.9,1.485,18.82,4.01,-53,9.50,
2026-09-21T13:56:34,2,1.467,17.33,16.1880,27.9,1.482,18.56,4.05,-54,9.25,
2026-09-21T13:56:35,2,1.463,17.08,16.1850,27.9,1.476,18.04,4.08,-54,9.50,
2026-09-21T13:56:36,2,1.513,21.01,16.1820,27.9,1.484,18.69,4.01,-54,9.75,
2026-09-21T13:56:37,2,1.462,16.95,16.1820,27.9,1.474,17.91,4.08,-54,9.50,
2026-09-21T13:56:38,2,1.521,21.72,16.1790,27.9,1.482,18.56,4.04,-53,9.50,
2026-09-21T13:56:39,2,1.511,20.88,16.1740,27.9,1.486,18.88,4.02,-53,9.50,
2026-09-21T13:56:40,2,1.463,17.01,16.1670,27.9,1.475,17.98,4.09,-53,9.50,
2026-09-21T13:56:41,2,1.517,21.39,16.1670,27.9,1.488,19.01,4.00,-54,9.25,
2026-09-21T13:56:42,2,1.467,17.33,16.1630,27.9,1.480,18.43,4.05,-53,9.75,
2026-09-21T13:56:44,2,1.464,17.14,16.1570,27.9,1.476,18.04,4.08,-52,9.50,
2026-09-21T13:56:49,2,1.464,17.14,16.1540,27.9,1.478,18.24,4.08,-46,0.00,
2026-09-21T13:56:50,2,1.520,21.59,16.1490,27.9,1.485,18.82,4.01,-45,0.50,
2026-09-21T13:56:51,2,1.463,17.08,16.1470,27.9,1.488,19.07,4.05,-45,0.75,
2026-09-21T13:56:52,2,1.467,17.33,16.1540,27.9,1.474,17.91,4.08,-54,9.50,
2026-09-21T13:56:53,2,1.514,21.14,16.1560,27.9,1.484,18.75,4.01,-54,9.50,
2026-09-21T13:56:54,2,1.465,17.20,16.1580,27.9,1.473,17.85,4.08,-52,9.50,
2026-09-21T13:56:56,2,1.489,19.14,16.1570,27.9,1.479,18.30,4.08,-54,9.25,
2026-09-21T13:56:57,2,1.512,20.94,16.1590,27.9,1.484,18.75,4.02,-53,9.75,
2026-09-21T13:56:58,2,1.463,17.08,16.1590,27.9,1.476,18.04,4.08,-53,9.25,
2026-09-21T13:56:59,2,1.523,21.85,16.1540,27.9,1.486,18.88,4.00,-53,9.00,
2026-09-21T13:57:00,2,1.512,20.94,16.1550,27.9,1.480,18.43,4.02,-53,9.75,
2026-09-21T13:57:01,2,1.463,17.01,16.1510,27.9,1.476,18.04,4.08,-54,9.50,
2026-09-21T13:57:02,2,1.515,21.20,16.1520,27.9,1.485,18.82,4.01,-53,9.50,
2026-09-21T13:57:03,2,1.463,17.08,16.1490,27.9,1.476,18.04,4.08,-53,9.50,
2026-09-21T13:57:04,2,1.463,17.01,16.1500,27.9,1.475,17.98,4.08,-53,9.50,
2026-09-21T13:57:05,2,1.515,21.20,16.1470,27.9,1.483,18.62,4.02,-54,9.75,
2026-09-21T13:57:06,2,1.463,17.08,16.1440,27.9,1.475,17.98,4.08,-53,9.25,
2026-09-21T13:57:08,2,1.525,21.98,16.1480,27.9,1.485,18.82,4.00,-53,9.25,
2026-09-21T13:57:09,2,1.511,20.88,16.1490,27.9,1.483,18.62,4.01,-53,9.50,
2026-09-21T13:57:10,2,1.465,17.20,16.1460,27.9,1.476,18.04,4.08,-53,9.50,
2026-09-21T13:57:11,2,1.516,21.27,16.1440,27.9,1.486,18.88,4.01,-54,9.75,
2026-09-21T13:57:12,2,1.456,16.50,16.1460,27.9,1.472,17.78,4.08,-53,9.75,
2026-09-21T13:57:13,2,1.463,17.08,16.1440,27.9,1.475,17.98,4.08,-53,9.50,
2026-09-21T13:57:14,2,1.512,20.94,16.1380,27.9,1.484,18.69,4.01,-54,9.75,
2026-09-21T13:57:15,2,1.465,17.20,16.1410,27.9,1.476,18.11,4.08,-53,9.75,
2026-09-21T13:57:16,2,1.523,21.85,16.1380,27.9,1.483,18.62,4.04,-54,9.75,
2026-09-21T13:57:17,2,1.510,20.81,16.1360,27.9,1.484,18.75,4.01,-54,9.75,
2026-09-21T13:57:18,2,1.466,17.27,16.1360,27.9,1.474,17.91,4.08,-53,9.75,
2026-09-21T13:57:20,2,1.518,21.46,16.1410,27.9,1.488,19.01,4.00,-53,9.25,
2026-09-21T13:57:21,2,1.466,17.27,16.1370,27.9,1.480,18.36,4.05,-53,9.50,
2026-09-21T13:57:22,2,1.463,17.08,16.1370,27.9,1.477,18.17,4.08,-53,10.00,
2026-09-21T13:57:23,2,1.511,20.88,16.1390,27.9,1.486,18.88,4.01,-53,9.75,
2026-09-21T13:57:24,2,1.465,17.20,16.1360,27.9,1.474,17.91,4.08,-54,9.25,
2026-09-21T13:57:25,2,1.521,21.65,16.1410,27.9,1.480,18.43,4.04,-53,9.50,
2026-09-21T13:57:26,2,1.511,20.88,16.1420,27.9,1.486,18.88,4.02,-54,10.00,
2026-09-21T13:57:27,2,1.455,16.43,16.1350,27.9,1.475,17.98,4.07,-54,9.50,
2026-09-21T13:57:28,2,1.517,21.33,16.1370,27.9,1.485,18.82,4.01,-54,10.00,
2026-09-21T13:57:33,2,1.465,17.20,16.1370,27.9,1.475,17.98,4.08,-47,0.00,
2026-09-21T13:57:34,2,1.460,16.82,16.1310,27.9,1.474,17.91,4.08,-46,0.75,
2026-09-21T13:57:35,2,1.512,20.94,16.1380,27.9,1.480,18.43,4.02,-46,0.25,
2026-09-21T13:57:36,2,1.464,17.14,16.1390,27.9,1.475,17.98,4.08,-47,6.00,
2026-09-21T13:57:37,2,1.520,21.59,16.1420,27.9,1.486,18.88,4.00,-51,9.25,
2026-09-21T13:57:38,2,1.512,20.94,16.1410,27.9,1.485,18.82,4.02,-54,9.75,
2026-09-21T13:57:39,2,1.463,17.08,16.1420,27.9,1.477,18.17,4.08,-53,9.50,
2026-09-21T13:57:40,2,1.516,21.27,16.1460,27.9,1.484,18.69,4.01,-54,9.75,
2026-09-21T13:57:41,2,1.463,17.01,16.1450,27.9,1.472,17.78,4.08,-54,9.50,
2026-09-21T13:57:43,2,1.464,17.14,16.1440,27.9,1.475,17.98,4.08,-54,9.25,
2026-09-21T13:57:44,2,1.513,21.07,16.1400,27.9,1.484,18.69,4.01,-54,9.75,
2026-09-21T13:57:45,2,1.464,17.14,16.1410,27.9,1.475,17.98,4.08,-54,9.75,
2026-09-21T13:57:46,2,1.518,21.46,16.1360,27.9,1.485,18.82,4.00,-53,9.50,
2026-09-21T13:57:47,2,1.510,20.81,16.1430,27.9,1.493,19.46,4.02,-53,9.50,
2026-09-21T13:57:48,2,1.456,16.50,16.1410,27.9,1.476,18.11,4.08,-53,9.75,
2026-09-21T13:57:49,2,1.516,21.27,16.1350,27.9,1.483,18.62,4.01,-53,9.75,
2026-09-21T13:57:50,2,1.464,17.14,16.1290,27.9,1.475,17.98,4.08,-54,9.25,
2026-09-21T13:57:51,2,1.464,17.14,16.1240,27.9,1.476,18.11,4.08,-53,9.50,
2026-09-21T13:57:52,2,1.511,20.88,16.1230,27.9,1.484,18.75,4.02,-53,9.75,
2026-09-21T13:57:53,2,1.464,17.14,16.1290,27.9,1.474,17.91,4.08,-54,9.75,
2026-09-21T13:57:55,2,1.525,22.04,16.1250,27.9,1.488,19.01,3.99,-53,9.50,
2026-09-21T13:57:56,2,1.511,20.88,16.1240,27.9,1.485,18.82,4.02,-53,9.75,
2026-09-21T13:57:57,2,1.463,17.01,16.1200,27.9,1.475,17.98,4.08,-53,11.25,
2026-09-21T13:57:58,2,1.517,21.33,16.1140,27.9,1.484,18.75,4.01,-53,9.75,
2026-09-21T13:57:59,2,1.460,16.82,16.1090,27.9,1.475,17.98,4.08,-54,9.50,
2026-09-21T13:58:00,2,1.465,17.20,16.1060,27.9,1.476,18.04,4.08,-53,9.50,
2026-09-21T13:58:01,2,1.515,21.20,16.1080,27.9,1.488,19.07,4.02,-53,9.75,
2026-09-21T13:58:02,2,1.461,16.88,16.1070,27.9,1.472,17.72,4.08,-53,9.50,
2026-09-21T13:58:03,2,1.529,22.30,16.1100,27.9,1.484,18.75,4.01,-54,9.50,
2026-09-21T13:58:04,2,1.522,21.78,16.1060,27.9,1.484,18.69,4.02,-54,9.50,
2026-09-21T13:58:05,2,1.463,17.01,16.1090,27.9,1.475,17.98,4.08,-53,9.50,
2026-09-21T13:58:07,2,1.517,21.33,16.1000,27.9,1.486,18.88,4.00,-54,9.25,
2026-09-21T13:58:08,2,1.468,17.46,16.1000,27.9,1.480,18.43,4.05,-53,9.50,
2026-09-21T13:58:09,2,1.463,17.01,16.0990,27.9,1.476,18.11,4.08,-53,9.25,
2026-09-21T13:58:11,2,1.463,17.01,16.0970,27.9,1.476,18.11,4.08,-53,9.50,
2026-09-21T13:58:12,2,1.464,17.14,16.0980,27.9,1.475,17.98,4.08,-54,9.50,
2026-09-21T13:58:18,2,1.464,17.14,16.0900,27.9,1.478,18.24,4.08,-46,0.75,
2026-09-21T13:58:19,2,1.517,21.33,16.0880,27.9,1.484,18.75,4.01,-44,0.50,
2026-09-21T13:58:20,2,1.463,17.01,16.0870,27.9,1.478,18.24,4.08,-46,2.75,
2026-09-21T13:58:21,2,1.463,17.08,16.0860,27.9,1.473,17.85,4.08,-53,9.50,
2026-09-21T13:58:22,2,1.513,21.01,16.0870,27.9,1.484,18.75,4.02,-54,9.50,
2026-09-21T13:58:23,2,1.463,17.08,16.0880,27.9,1.475,17.98,4.08,-53,9.50,
2026-09-21T13:58:24,2,1.523,21.85,16.0950,27.9,1.484,18.75,4.00,-53,9.50,
2026-09-21T13:58:25,2,1.510,20.81,16.0940,27.9,1.484,18.75,4.02,-53,9.75,
2026-09-21T13:58:26,2,1.465,17.20,16.0960,27.9,1.476,18.11,4.08,-53,9.25,
2026-09-21T13:58:27,2,1.515,21.20,16.0920,27.9,1.484,18.75,4.01,-53,9.50,
2026-09-21T13:58:28,2,1.464,17.14,16.0910,27.9,1.476,18.04,4.08,-53,9.50,
2026-09-21T13:58:30,2,1.466,17.27,16.0980,27.9,1.476,18.04,4.08,-53,9.50,
2026-09-21T13:58:31,2,1.512,20.94,16.1000,27.9,1.481,18.49,4.01,-53,9.75,
2026-09-21T13:58:32,2,1.467,17.33,16.1020,27.9,1.476,18.04,4.08,-53,9.25,
2026-09-21T13:58:33,2,1.525,21.98,16.0950,27.9,1.488,19.01,4.00,-54,9.50,
2026-09-21T13:58:34,2,1.509,20.75,16.1010,27.9,1.484,18.75,4.02,-54,10.00,
2026-09-21T13:58:35,2,1.465,17.20,16.1040,27.9,1.475,17.98,4.08,-53,9.50,
2026-09-21T13:58:36,2,1.517,21.33,16.1010,27.9,1.487,18.95,4.01,-54,9.75,
2026-09-21T13:58:37,2,1.463,17.08,16.1030,27.9,1.476,18.11,4.08,-53,10.00,
2026-09-21T13:58:38,2,1.463,17.08,16.1020,27.9,1.472,17.78,4.08,-53,9.75,
2026-09-21T13:58:39,2,1.514,21.14,16.1060,27.9,1.484,18.69,4.01,-54,9.75,
2026-09-21T13:58:40,2,1.463,17.01,16.1050,27.9,1.475,17.98,4.08,-54,9.25,
2026-09-21T13:58:42,2,1.529,22.30,16.1010,27.9,1.485,18.82,4.00,-53,9.50,
2026-09-21T13:58:43,2,1.511,20.88,16.1030,27.9,1.483,18.62,4.02,-54,9.75,
2026-09-21T13:58:44,2,1.463,17.08,16.1000,27.9,1.476,18.04,4.09,-53,9.00,
2026-09-21T13:58:45,2,1.519,21.52,16.0990,27.9,1.483,18.62,4.01,-54,10.00,
2026-09-21T13:58:46,2,1.472,17.72,16.0960,27.9,1.475,17.98,4.05,-53,9.75,
2026-09-21T13:58:47,2,1.465,17.20,16.0950,27.9,1.474,17.91,4.08,-54,9.50,
2026-09-21T13:58:48,2,1.521,21.72,16.0960,27.9,1.485,18.82,4.01,-53,9.50,
2026-09-21T13:58:49,2,1.463,17.08,16.0890,27.9,1.476,18.11,4.08,-54,9.50,
2026-09-21T13:58:50,2,1.470,17.59,16.0900,27.9,1.481,18.49,4.04,-53,9.75,
2026-09-21T13:58:51,2,1.502,20.17,16.0860,27.9,1.480,18.43,4.01,-53,10.25,
2026-09-21T13:58:52,2,1.462,16.95,16.0870,27.9,1.476,18.04,4.08,-53,9.25,
2026-09-21T13:58:54,2,1.520,21.59,16.0860,27.9,1.485,18.82,4.01,-54,9.75,
2026-09-21T13:58:55,2,1.510,20.81,16.0770,27.9,1.480,18.43,4.02,-53,10.00,
2026-09-21T13:58:56,2,1.461,16.88,16.0780,27.9,1.473,17.85,4.08,-53,9.50,
2026-09-21T13:59:01,2,1.463,17.08,16.0750,27.9,1.474,17.91,4.08,-46,0.50,
2026-09-21T13:59:02,2,1.522,21.78,16.0700,27.9,1.486,18.88,4.00,-45,0.00,
2026-09-21T13:59:03,2,1.511,20.88,16.0730,27.9,1.482,18.56,4.02,-46,0.50,
2026-09-21T13:59:05,2,1.463,17.01,16.0750,27.9,1.474,17.91,4.08,-54,9.50,
2026-09-21T13:59:06,2,1.517,21.33,16.0780,27.9,1.483,18.62,4.01,-54,9.75,
2026-09-21T13:59:07,2,1.461,16.88,16.0790,27.9,1.476,18.04,4.07,-54,10.00,
2026-09-21T13:59:08,2,1.463,17.08,16.0850,27.9,1.475,17.98,4.08,-54,9.50,
2026-09-21T13:59:09,2,1.511,20.88,16.0860,27.9,1.484,18.69,4.02,-54,9.50,
2026-09-21T13:59:10,2,1.463,17.08,16.0870,27.9,1.475,17.98,4.08,-54,9.50,
2026-09-21T13:59:11,2,1.531,22.49,16.0840,27.9,1.485,18.82,4.00,-54,9.25,
2026-09-21T13:59:12,2,1.511,20.88,16.0910,27.9,1.484,18.75,4.01,-54,9.25,
2026-09-21T13:59:13,2,1.464,17.14,16.0910,27.9,1.474,17.91,4.08,-53,9.75,
2026-09-21T13:59:14,2,1.517,21.33,16.0960,27.9,1.478,18.24,4.01,-53,9.75,
2026-09-21T13:59:15,2,1.461,16.88,16.1000,27.9,1.475,17.98,4.10,-54,9.00,
2026-09-21T13:59:17,2,1.463,17.08,16.0900,27.9,1.474,17.91,4.08,-53,9.50,
2026-09-21T13:59:18,2,1.502,20.17,16.0950,27.9,1.483,18.62,4.02,-53,9.75,
2026-09-21T13:59:19,2,1.463,17.08,16.0960,27.9,1.472,17.72,4.08,-53,9.50,
2026-09-21T13:59:20,2,1.492,19.40,16.0880,27.9,1.484,18.75,4.04,-53,10.00,
2026-09-21T13:59:21,2,1.513,21.01,16.0880,27.9,1.483,18.62,4.02,-54,9.75,
2026-09-21T13:59:22,2,1.464,17.14,16.0840,27.9,1.475,17.98,4.09,-53,9.25,
2026-09-21T13:59:23,2,1.520,21.59,16.0780,27.9,1.487,18.95,4.00,-54,9.50,
2026-09-21T13:59:24,2,1.506,20.49,16.0730,27.9,1.477,18.17,4.05,-53,10.00,
2026-09-21T13:59:25,2,1.460,16.82,16.0720,27.9,1.476,18.11,4.08,-53,12.00,
2026-09-21T13:59:26,2,1.513,21.01,16.0760,27.9,1.484,18.69,4.02,-54,9.75,
2026-09-21T13:59:27,2,1.451,16.11,16.0680,27.9,1.474,17.91,4.08,-54,9.50,
2026-09-21T13:59:29,2,1.467,17.40,16.0670,27.9,1.483,18.62,4.04,-53,9.50,
2026-09-21T13:59:30,2,1.511,20.88,16.0690,27.9,1.484,18.69,4.01,-54,9.50,
2026-09-21T13:59:31,2,1.463,17.01,16.0690,27.9,1.472,17.72,4.08,-53,9.75,
2026-09-21T13:59:32,2,1.521,21.72,16.0770,27.9,1.484,18.75,4.00,-53,9.25,
2026-09-21T13:59:33,2,1.505,20.36,16.0670,27.9,1.479,18.30,4.05,-53,9.25,
2026-09-21T13:59:34,2,1.467,17.33,16.0690,27.9,1.472,17.78,4.08,-53,9.75,
2026-09-21T13:59:35,2,1.513,21.07,16.0670,27.9,1.483,18.62,4.02,-54,9.75,
2026-09-21T13:59:36,2,1.455,16.43,16.0720,27.9,1.471,17.66,4.08,-53,9.25,
2026-09-21T13:59:37,2,1.467,17.33,16.0690,27.9,1.481,18.49,4.08,-53,9.50,
2026-09-21T13:59:38,2,1.509,20.75,16.0700,27.9,1.485,18.82,4.01,-53,9.75,
2026-09-21T13:59:39,2,1.463,17.01,16.0720,27.9,1.476,18.11,4.08,-54,9.75,
2026-09-21T13:59:45,2,1.462,16.95,16.0730,27.9,1.480,18.43,4.08,-45,0.00,
2026-09-21T13:59:46,2,1.464,17.14,16.0660,27.9,1.475,17.98,4.08,-44,0.00,
2026-09-21T13:59:47,2,1.510,20.81,16.0670,27.9,1.482,18.56,4.02,-46,0.00,
2026-09-21T13:59:48,2,1.463,17.01,16.0680,27.9,1.474,17.91,4.08,-53,9.50,
2026-09-21T13:59:49,2,1.525,22.04,16.0720,27.9,1.486,18.88,4.00,-54,9.50,
2026-09-21T13:59:50,2,1.510,20.81,16.0650,27.9,1.482,18.56,4.01,-54,10.00,
2026-09-21T13:59:51,2,1.465,17.20,16.0560,27.9,1.477,18.17,4.08,-53,9.50,
2026-09-21T13:59:53,2,1.517,21.33,16.0550,27.9,1.485,18.82,4.01,-54,9.50,
2026-09-21T13:59:54,2,1.464,17.14,16.0570,27.9,1.474,17.91,4.07,-54,10.00,
2026-09-21T13:59:55,2,1.464,17.14,16.0540,27.9,1.473,17.85,4.08,-53,9.75,
2026-09-21T13:59:56,2,1.509,20.75,16.0520,27.9,1.483,18.62,4.01,-53,9.75,
2026-09-21T13:59:57,2,1.462,16.95,16.0590,27.9,1.475,17.98,4.08,-54,9.50,
2026-09-21T13:59:58,2,1.529,22.30,16.0540,27.9,1.486,18.88,4.00,-54,9.50,
2026-09-21T13:59:59,2,1.509,20.75,16.0570,27.9,1.483,18.62,4.02,-54,9.75,
2026-09-21T14:00:01,2,1.517,21.39,16.0560,27.9,1.486,18.88,4.00,-54,9.50,
2026-09-21T14:00:02,2,1.470,17.59,16.0560,27.9,1.475,17.98,4.05,-54,9.25,
2026-09-21T14:00:04,2,1.464,17.14,16.0560,27.9,1.474,17.91,4.08,-54,9.50,
2026-09-21T14:00:05,2,1.513,21.01,16.0550,27.9,1.484,18.75,4.01,-54,10.50,
2026-09-21T14:00:06,2,1.464,17.14,16.0550,27.9,1.475,17.98,4.08,-53,9.25,
2026-09-21T14:00:07,2,1.467,17.40,16.0590,27.9,1.480,18.43,4.04,-53,9.75,
2026-09-21T14:00:08,2,1.509,20.69,16.0630,27.9,1.484,18.69,4.01,-53,9.75,
2026-09-21T14:00:09,2,1.463,17.08,16.0580,27.9,1.474,17.91,4.08,-54,9.75,
2026-09-21T14:00:10,2,1.516,21.27,16.0630,27.9,1.484,18.69,4.01,-54,9.25,
2026-09-21T14:00:11,2,1.505,20.36,16.0690,27.9,1.478,18.24,4.05,-54,9.50,
2026-09-21T14:00:12,2,1.464,17.14,16.0780,27.9,1.476,18.11,4.08,-53,9.75,
2026-09-21T14:00:13,2,1.512,20.94,16.0820,27.9,1.484,18.69,4.01,-54,9.75,
2026-09-21T14:00:14,2,1.462,16.95,16.0760,27.9,1.474,17.91,4.08,-53,9.50,
2026-09-21T14:00:16,2,1.466,17.27,16.0790,27.9,1.483,18.62,4.04,-54,9.50,
2026-09-21T14:00:17,2,1.510,20.81,16.0770,27.9,1.483,18.62,4.02,-54,9.75,
2026-09-21T14:00:18,2,1.464,17.14,16.0740,27.9,1.478,18.24,4.08,-54,9.75,
2026-09-21T14:00:19,2,1.520,21.59,16.0720,27.9,1.484,18.69,4.01,-53,9.75,
2026-09-21T14:00:20,2,1.505,20.43,16.0680,27.9,1.480,18.43,4.05,-54,9.75,
2026-09-21T14:00:21,2,1.463,17.01,16.0660,27.9,1.486,18.88,4.08,-54,9.50,
2026-09-21T14:00:22,2,1.513,21.07,16.0650,27.9,1.484,18.75,4.01,-54,9.50,
2026-09-21T14:00:23,2,1.461,16.88,16.0660,27.9,1.474,17.91,4.08,-54,9.50,
2026-09-21T14:00:24,2,1.466,17.27,16.0640,27.9,1.480,18.43,4.08,-54,9.25,
2026-09-21T14:00:29,2,1.509,20.69,16.0500,27.9,1.490,19.20,4.02,-46,0.50,
2026-09-21T14:00:30,2,1.459,16.69,16.0570,27.9,1.475,17.98,4.08,-46,0.25,
2026-09-21T14:00:31,2,1.514,21.14,16.0590,27.9,1.486,18.88,4.01,-44,0.50,
2026-09-21T14:00:32,2,1.465,17.20,16.0560,27.9,1.472,17.78,4.08,-46,6.25,
2026-09-21T14:00:33,2,1.463,17.01,16.0510,27.9,1.476,18.04,4.08,-53,9.50,
2026-09-21T14:00:34,2,1.510,20.81,16.0610,27.9,1.483,18.62,4.01,-54,9.25,
2026-09-21T14:00:35,2,1.462,16.95,16.0620,27.9,1.475,17.98,4.08,-54,9.50,
2026-09-21T14:00:36,2,1.525,22.04,16.0640,27.9,1.486,18.88,4.00,-54,9.25,
2026-09-21T14:00:37,2,1.509,20.69,16.0610,27.9,1.483,18.62,4.02,-53,9.75,
2026-09-21T14:00:38,2,1.463,17.01,16.0660,27.9,1.475,17.98,4.08,-54,9.50,
2026-09-21T14:00:40,2,1.517,21.33,16.0670,27.9,1.484,18.69,4.01,-54,9.75,
2026-09-21T14:00:41,2,1.461,16.88,16.0590,27.9,1.474,17.91,4.08,-53,9.50,
2026-09-21T14:00:42,2,1.463,17.01,16.0640,27.9,1.476,18.04,4.07,-54,10.00,
2026-09-21T14:00:43,2,1.513,21.01,16.0660,27.9,1.485,18.82,4.01,-53,9.75,
2026-09-21T14:00:44,2,1.463,17.08,16.0640,27.9,1.476,18.04,4.08,-54,9.25,
2026-09-21T14:00:45,2,1.522,21.78,16.0670,27.9,1.486,18.88,4.01,-54,9.50,
2026-09-21T14:00:46,2,1.510,20.81,16.0670,27.9,1.484,18.75,4.01,-53,9.25,
2026-09-21T14:00:47,2,1.464,17.14,16.0630,27.9,1.473,17.85,4.08,-53,9.50,
2026-09-21T14:00:48,2,1.519,21.52,16.0650,27.9,1.484,18.75,4.01,-54,9.75,
2026-09-21T14:00:49,2,1.507,20.56,16.0590,27.9,1.480,18.36,4.05,-54,9.25,
2026-09-21T14:00:51,2,1.463,17.01,16.0500,27.9,1.476,18.11,4.08,-53,9.50,
2026-09-21T14:00:52,2,1.512,20.94,16.0490,27.9,1.488,19.01,4.01,-54,9.50,
2026-09-21T14:00:53,2,1.462,16.95,16.0470,27.9,1.476,18.04,4.08,-54,9.75,
2026-09-21T14:00:54,2,1.467,17.40,16.0520,27.9,1.480,18.43,4.04,-53,9.75,
2026-09-21T14:00:55,2,1.509,20.69,16.0440,27.9,1.483,18.62,4.01,-54,9.50,
2026-09-21T14:00:56,2,1.459,16.69,16.0310,27.9,1.476,18.04,4.08,-54,9.25,
2026-09-21T14:00:57,2,1.520,21.59,16.0320,27.9,1.484,18.69,4.01,-54,10.00,
2026-09-21T14:00:58,2,1.509,20.69,16.0330,27.9,1.480,18.36,4.05,-53,9.50,
2026-09-21T14:00:59,2,1.463,17.01,16.0310,27.9,1.475,17.98,4.08,-53,9.25,
2026-09-21T14:01:00,2,1.510,20.81,16.0350,27.9,1.484,18.69,4.01,-54,9.50,
2026-09-21T14:01:01,2,1.463,17.08,16.0240,27.9,1.476,18.04,4.08,-54,9.50,
2026-09-21T14:01:03,2,1.469,17.53,16.0240,27.9,1.482,18.56,4.03,-53,9.25,
2026-09-21T14:01:04,2,1.512,20.94,16.0270,27.9,1.484,18.75,4.01,-53,9.50,
2026-09-21T14:01:05,2,1.463,17.08,16.0270,27.9,1.476,18.04,4.08,-53,9.25,
2026-09-21T14:01:06,2,1.521,21.72,16.0230,27.9,1.485,18.82,4.01,-54,9.75,
2026-09-21T14:01:07,2,1.506,20.49,16.0240,27.9,1.477,18.17,4.05,-54,9.75,
2026-09-21T14:01:08,2,1.463,17.01,16.0220,27.9,1.473,17.85,4.09,-53,9.25,
2026-09-21T14:01:13,2,1.462,16.95,16.0190,27.9,1.475,17.98,4.08,-45,-0.25,
2026-09-21T14:01:15,2,1.526,22.10,16.0240,27.9,1.486,18.88,4.00,-45,0.50,
2026-09-21T14:01:16,2,1.510,20.81,16.0310,27.9,1.482,18.56,4.01,-46,2.25,
2026-09-21T14:01:17,2,1.463,17.01,16.0340,27.9,1.472,17.78,4.07,-53,9.75,
2026-09-21T14:01:18,2,1.515,21.20,16.0320,27.9,1.486,18.88,4.01,-54,10.00,
2026-09-21T14:01:19,2,1.459,16.75,16.0270,27.9,1.475,17.98,4.08,-53,9.25,
2026-09-21T14:01:21,2,1.513,21.01,16.0310,27.9,1.483,18.62,4.01,-54,9.50,
2026-09-21T14:01:22,2,1.463,17.01,16.0280,27.9,1.471,17.66,4.08,-54,9.50,
2026-09-21T14:01:23,2,1.526,22.10,16.0240,27.9,1.484,18.75,4.00,-53,9.50,
2026-09-21T14:01:24,2,1.507,20.56,16.0240,27.9,1.483,18.62,4.02,-53,9.75,
2026-09-21T14:01:25,2,1.463,17.08,16.0290,27.9,1.474,17.91,4.08,-54,9.50,
2026-09-21T14:01:27,2,1.516,21.27,16.0290,27.9,1.484,18.75,3.99,-53,9.50,
2026-09-21T14:01:28,2,1.459,16.75,16.0330,27.9,1.477,18.17,4.08,-53,9.50,
2026-09-21T14:01:29,2,1.463,17.08,16.0330,27.9,1.475,17.98,4.08,-53,9.25,
2026-09-21T14:01:30,2,1.510,20.81,16.0320,27.9,1.483,18.62,4.02,-54,9.75,
2026-09-21T14:01:31,2,1.462,16.95,16.0300,27.9,1.473,17.85,4.08,-53,9.50,
2026-09-21T14:01:32,2,1.468,17.46,16.0350,27.9,1.484,18.75,4.02,-54,9.75,
2026-09-21T14:01:33,2,1.511,20.88,16.0350,27.9,1.482,18.56,4.02,-54,9.75,
2026-09-21T14:01:34,2,1.463,17.01,16.0330,27.9,1.473,17.85,4.08,-53,10.00,
2026-09-21T14:01:35,2,1.520,21.59,16.0310,27.9,1.484,18.69,4.00,-54,9.25,
2026-09-21T14:01:36,2,1.509,20.75,16.0320,27.9,1.478,18.24,4.05,-54,9.50,
2026-09-21T14:01:38,2,1.462,16.95,16.0360,27.9,1.474,17.91,4.08,-54,9.75,
2026-09-21T14:01:39,2,1.513,21.01,16.0390,27.9,1.482,18.56,4.01,-53,9.50,
2026-09-21T14:01:40,2,1.463,17.08,16.0430,27.9,1.475,17.98,4.08,-54,9.50,
2026-09-21T14:01:41,2,1.472,17.72,16.0450,27.9,1.481,18.49,4.04,-53,9.75,
2026-09-21T14:01:42,2,1.510,20.81,16.0470,27.9,1.484,18.69,4.01,-54,9.50,
2026-09-21T14:01:43,2,1.464,17.14,16.0530,27.9,1.476,18.04,4.08,-53,9.75,
2026-09-21T14:01:44,2,1.525,22.04,16.0520,27.9,1.486,18.88,4.00,-54,9.25,
2026-09-21T14:01:45,2,1.505,20.43,16.0560,27.9,1.476,18.11,4.05,-53,9.75,
2026-09-21T14:01:46,2,1.463,17.08,16.0620,27.9,1.474,17.91,4.08,-53,9.50,
2026-09-21T14:01:47,2,1.514,21.14,16.0610,27.9,1.483,18.62,4.01,-54,10.00,
2026-09-21T14:01:48,2,1.463,17.01,16.0600,27.9,1.475,17.98,4.08,-53,9.50,
2026-09-21T14:01:50,2,1.466,17.27,16.0630,27.9,1.479,18.30,4.08,-54,9.75,
2026-09-21T14:01:51,2,1.509,20.75,16.0680,27.9,1.483,18.62,4.01,-54,9.75,
2026-09-21T14:01:52,2,1.460,16.82,16.0620,27.9,1.475,17.98,4.06,-54,9.50,
2026-09-21T14:01:57,2,1.463,17.01,16.0640,27.9,1.472,17.78,4.08,-45,-0.25,
2026-09-21T14:01:58,2,1.463,17.01,16.0670,27.9,1.475,17.98,4.08,-45,0.00,
2026-09-21T14:01:59,2,1.513,21.01,16.0630,27.9,1.484,18.69,4.01,-46,0.75,
2026-09-21T14:02:00,2,1.459,16.69,16.0610,27.9,1.475,17.98,4.08,-54,9.50,
2026-09-21T14:02:02,2,1.518,21.46,16.0600,27.9,1.481,18.49,4.01,-53,9.75,
2026-09-21T14:02:03,2,1.512,20.94,16.0530,27.9,1.484,18.69,4.01,-54,9.50,
2026-09-21T14:02:04,2,1.464,17.14,16.0590,27.9,1.475,17.98,4.08,-54,9.75,
2026-09-21T14:02:05,2,1.518,21.46,16.0610,27.9,1.484,18.69,4.01,-54,10.00,
2026-09-21T14:02:06,2,1.505,20.43,16.0580,27.9,1.479,18.30,4.05,-54,9.25,
2026-09-21T14:02:07,2,1.459,16.75,16.0530,27.9,1.475,17.98,4.08,-54,9.75,
2026-09-21T14:02:09,2,1.463,17.01,16.0460,27.9,1.474,17.91,4.08,-53,9.25,
2026-09-21T14:02:10,2,1.467,17.40,16.0470,27.9,1.482,18.56,4.04,-53,9.75,
2026-09-21T14:02:11,2,1.511,20.88,16.0500,27.9,1.482,18.56,4.01,-54,9.50,
2026-09-21T14:02:12,2,1.462,16.95,16.0460,27.9,1.485,18.82,4.08,-53,9.75,
2026-09-21T14:02:14,2,1.521,21.72,16.0470,27.9,1.484,18.75,4.01,-54,10.00,
2026-09-21T14:02:15,2,1.505,20.43,16.0440,27.9,1.480,18.36,4.05,-54,9.50,
2026-09-21T14:02:16,2,1.463,17.08,16.0460,27.9,1.475,17.98,4.08,-53,9.25,
2026-09-21T14:02:17,2,1.513,21.01,16.0450,27.9,1.484,18.75,4.01,-54,9.75,
2026-09-21T14:02:18,2,1.464,17.14,16.0440,27.9,1.473,17.85,4.08,-53,9.75,
2026-09-21T14:02:19,2,1.469,17.53,16.0480,27.9,1.483,18.62,4.04,-54,10.00,
2026-09-21T14:02:20,2,1.513,21.07,16.0480,27.9,1.485,18.82,4.02,-54,9.75,
2026-09-21T14:02:21,2,1.463,17.01,16.0470,27.9,1.475,17.98,4.08,-54,9.75,
2026-09-21T14:02:22,2,1.520,21.59,16.0440,27.9,1.484,18.75,4.01,-53,9.75,
2026-09-21T14:02:23,2,1.507,20.56,16.0450,27.9,1.477,18.17,4.05,-53,9.75,
2026-09-21T14:02:24,2,1.465,17.20,16.0460,27.9,1.475,17.98,4.08,-53,9.75,
2026-09-21T14:02:26,2,1.516,21.27,16.0500,27.9,1.484,18.69,4.01,-54,9.50,
2026-09-21T14:02:27,2,1.453,16.24,16.0420,27.9,1.476,18.11,4.08,-53,9.75,
2026-09-21T14:02:28,2,1.468,17.46,16.0460,27.9,1.480,18.36,4.04,-54,9.50,
2026-09-21T14:02:29,2,1.512,20.94,16.0430,27.9,1.482,18.56,4.01,-53,9.75,
2026-09-21T14:02:30,2,1.461,16.88,16.0480,27.9,1.474,17.91,4.08,-53,9.75,
2026-09-21T14:02:31,2,1.535,22.81,16.0490,27.9,1.485,18.82,4.00,-54,9.50,
2026-09-21T14:02:32,2,1.506,20.49,16.0520,27.9,1.480,18.43,4.04,-53,9.75,
2026-09-21T14:02:33,2,1.463,17.01,16.0530,27.9,1.472,17.78,4.08,-53,9.50,
2026-09-21T14:02:34,2,1.516,21.27,16.0580,27.9,1.483,18.62,4.01,-53,9.75,
2026-09-21T14:02:35,2,1.463,17.08,16.0590,27.9,1.474,17.91,4.08,-54,9.50,
2026-09-21T14:02:41,2,1.511,20.88,16.0670,27.9,1.481,18.49,4.01,-45,-0.25,
2026-09-21T14:02:42,2,1.463,17.01,16.0680,27.9,1.476,18.04,4.08,-46,0.00,
2026-09-21T14:02:43,2,1.517,21.33,16.0630,27.9,1.484,18.69,3.99,-45,0.50,
2026-09-21T14:02:44,2,1.466,17.27,16.0570,27.9,1.475,17.98,4.08,-53,9.50,
2026-09-21T14:02:45,2,1.458,16.62,16.0520,27.9,1.474,17.91,4.08,-54,9.50,
2026-09-21T14:02:46,2,1.511,20.88,16.0550,27.9,1.482,18.56,4.01,-54,9.75,
2026-09-21T14:02:47,2,1.464,17.14,16.0500,27.9,1.474,17.91,4.08,-53,9.50,
2026-09-21T14:02:49,2,1.468,17.46,16.0560,27.9,1.480,18.36,4.04,-54,10.00,
2026-09-21T14:02:50,2,1.512,20.94,16.0530,27.9,1.484,18.69,4.01,-53,9.75,
2026-09-21T14:02:51,2,1.463,17.01,16.0500,27.9,1.475,17.98,4.08,-54,9.75,
2026-09-21T14:02:52,2,1.520,21.59,16.0470,27.9,1.485,18.82,4.00,-53,9.25,
2026-09-21T14:02:53,2,1.507,20.56,16.0440,27.9,1.480,18.36,4.05,-53,9.25,
2026-09-21T14:02:54,2,1.461,16.88,16.0370,27.9,1.474,17.91,4.08,-54,9.50,
2026-09-21T14:02:55,2,1.514,21.14,16.0370,27.9,1.484,18.69,4.01,-54,9.25,
2026-09-21T14:02:56,2,1.461,16.88,16.0280,27.9,1.476,18.04,4.08,-54,9.50,
2026-09-21T14:02:57,2,1.467,17.33,16.0270,27.9,1.480,18.43,4.04,-53,10.25,
2026-09-21T14:02:58,2,1.512,20.94,16.0320,27.9,1.483,18.62,4.01,-53,9.75,
2026-09-21T14:02:59,2,1.464,17.14,16.0270,27.9,1.475,17.98,4.08,-53,9.50,
2026-09-21T14:03:01,2,1.522,21.78,16.0310,27.9,1.484,18.75,4.00,-53,9.25,
2026-09-21T14:03:02,2,1.507,20.56,16.0270,27.9,1.477,18.17,4.05,-51,9.25,
2026-09-21T14:03:03,2,1.464,17.14,16.0310,27.9,1.471,17.66,4.07,-53,10.00,
2026-09-21T14:03:04,2,1.512,20.94,16.0360,27.9,1.484,18.69,4.01,-54,9.50,
2026-09-21T14:03:05,2,1.463,17.08,16.0390,27.9,1.475,17.98,4.08,-54,9.25,
2026-09-21T14:03:06,2,1.469,17.53,16.0360,27.9,1.480,18.36,4.04,-53,9.50,
2026-09-21T14:03:07,2,1.510,20.81,16.0400,27.9,1.482,18.56,4.01,-53,9.75,
2026-09-21T14:03:08,2,1.455,16.43,16.0380,27.9,1.476,18.04,4.08,-53,9.50,
2026-09-21T14:03:09,2,1.522,21.78,16.0400,27.9,1.485,18.82,4.00,-54,9.50,
2026-09-21T14:03:10,2,1.505,20.36,16.0390,27.9,1.476,18.11,4.05,-53,9.50,
2026-09-21T14:03:11,2,1.459,16.75,16.0440,27.9,1.473,17.85,4.08,-53,9.50,
2026-09-21T14:03:13,2,1.517,21.33,16.0390,27.9,1.483,18.62,4.00,-53,9.50,
2026-09-21T14:03:14,2,1.462,16.95,16.0370,27.9,1.473,17.85,4.08,-53,9.25,
2026-09-21T14:03:15,2,1.474,17.91,16.0440,27.9,1.481,18.49,4.04,-53,9.75,
2026-09-21T14:03:16,2,1.512,20.94,16.0450,27.9,1.487,18.95,4.02,-53,9.75,
2026-09-21T14:03:17,2,1.463,17.08,16.0420,27.9,1.476,18.04,4.08,-53,9.25,
2026-09-21T14:03:18,2,1.525,22.04,16.0360,27.9,1.482,18.56,3.99,-53,9.25,
2026-09-21T14:03:19,2,1.509,20.69,16.0350,27.9,1.479,18.30,4.05,-53,9.50,
2026-09-21T14:03:20,2,1.462,16.95,16.0290,27.9,1.476,18.04,4.08,-53,9.50,
2026-09-21T14:03:25,2,1.510,20.81,16.0210,27.9,1.482,18.56,4.01,-45,0.25,
2026-09-21T14:03:26,2,1.463,17.08,16.0200,27.9,1.478,18.24,4.08,-45,0.00,
2026-09-21T14:03:27,2,1.525,21.98,16.0300,27.9,1.485,18.82,3.99,-44,0.00,
2026-09-21T14:03:28,2,1.509,20.75,16.0250,27.9,1.495,19.59,4.01,-46,7.25,
2026-09-21T14:03:29,2,1.463,17.01,16.0310,27.9,1.473,17.85,4.08,-53,9.25,
2026-09-21T14:03:30,2,1.517,21.33,16.0320,27.9,1.484,18.75,4.01,-53,9.75,
2026-09-21T14:03:31,2,1.464,17.14,16.0250,27.9,1.472,17.78,4.07,-53,10.00,
2026-09-21T14:03:32,2,1.462,16.95,16.0310,27.9,1.476,18.11,4.08,-53,9.50,
2026-09-21T14:03:33,2,1.513,21.07,16.0300,27.9,1.482,18.56,4.01,-53,9.50,
2026-09-21T14:03:34,2,1.463,17.08,16.0250,27.9,1.473,17.85,4.08,-53,9.50,
2026-09-21T14:03:36,2,1.466,17.27,16.0280,27.9,1.478,18.24,4.04,-53,10.25,
2026-09-21T14:03:37,2,1.514,21.14,16.0290,27.9,1.485,18.82,4.01,-53,9.75,
2026-09-21T14:03:38,2,1.463,17.08,16.0300,27.9,1.476,18.11,4.08,-53,9.75,
2026-09-21T14:03:39,2,1.519,21.52,16.0300,27.9,1.485,18.82,4.00,-53,9.25,
2026-09-21T14:03:40,2,1.507,20.56,16.0350,27.9,1.480,18.36,4.05,-53,9.50,
2026-09-21T14:03:41,2,1.463,17.01,16.0310,27.9,1.476,18.11,4.08,-53,9.75,
2026-09-21T14:03:42,2,1.513,21.01,16.0420,27.9,1.484,18.69,4.01,-53,9.75,
2026-09-21T14:03:43,2,1.463,17.01,16.0460,27.9,1.475,17.98,4.08,-53,9.50,
2026-09-21T14:03:44,2,1.468,17.46,16.0460,27.9,1.480,18.43,4.04,-53,9.75,
2026-09-21T14:03:45,2,1.512,20.94,16.0470,27.9,1.484,18.69,4.01,-54,9.50,
2026-09-21T14:03:46,2,1.463,17.01,16.0450,27.9,1.475,17.98,4.08,-53,9.75,
2026-09-21T14:03:48,2,1.521,21.72,16.0510,27.9,1.484,18.75,4.01,-53,9.50,
2026-09-21T14:03:49,2,1.507,20.56,16.0520,27.9,1.479,18.30,4.05,-54,9.50,
2026-09-21T14:03:50,2,1.463,17.08,16.0510,27.9,1.476,18.04,4.07,-53,9.75,
2026-09-21T14:03:51,2,1.514,21.14,16.0510,27.9,1.484,18.69,4.01,-54,9.75,
2026-09-21T14:03:52,2,1.463,17.08,16.0520,27.9,1.476,18.11,4.07,-53,10.00,
2026-09-21T14:03:53,2,1.470,17.59,16.0490,27.9,1.481,18.49,4.04,-53,9.75,
2026-09-21T14:03:54,2,1.513,21.07,16.0510,27.9,1.486,18.88,4.01,-53,9.50,
2026-09-21T14:03:55,2,1.463,17.01,16.0470,27.9,1.476,18.04,4.08,-54,9.50,
2026-09-21T14:03:56,2,1.522,21.78,16.0460,27.9,1.484,18.75,4.01,-53,9.50,
2026-09-21T14:03:57,2,1.505,20.43,16.0540,27.9,1.480,18.36,4.04,-53,9.75,
2026-09-21T14:03:58,2,1.463,17.08,16.0520,27.9,1.476,18.11,4.08,-53,10.00,
2026-09-21T14:04:00,2,1.516,21.27,16.0570,27.9,1.486,18.88,4.01,-54,9.75,
2026-09-21T14:04:01,2,1.465,17.20,16.0550,27.9,1.476,18.04,4.08,-53,9.50,
2026-09-21T14:04:02,2,1.468,17.46,16.0580,27.9,1.482,18.56,4.04,-54,9.75,
2026-09-21T14:04:03,2,1.509,20.69,16.0540,27.9,1.483,18.62,4.01,-54,9.50,
2026-09-21T14:04:04,2,1.463,17.01,16.0600,27.9,1.472,17.72,4.08,-53,9.75,
2026-09-21T14:04:09,2,1.462,16.95,16.0530,27.9,1.475,17.98,4.08,-45,0.25,
2026-09-21T14:04:11,2,1.454,16.30,16.0530,27.9,1.473,17.85,4.08,-45,0.00,
2026-09-21T14:04:12,2,1.513,21.07,16.0560,27.9,1.484,18.69,4.01,-45,2.75,
2026-09-21T14:04:13,2,1.463,17.08,16.0570,27.9,1.476,18.11,4.08,-53,9.50,
2026-09-21T14:04:14,2,1.527,22.17,16.0650,27.9,1.486,18.88,3.99,-53,9.25,
2026-09-21T14:04:15,2,1.509,20.75,16.0650,27.9,1.484,18.75,4.02,-53,10.00,
2026-09-21T14:04:16,2,1.457,16.56,16.0680,27.9,1.475,17.98,4.08,-54,9.25,
2026-09-21T14:04:17,2,1.516,21.27,16.0630,27.9,1.484,18.75,4.01,-53,10.00,
2026-09-21T14:04:18,2,1.463,17.08,16.0680,27.9,1.474,17.91,4.08,-53,9.50,
2026-09-21T14:04:19,2,1.464,17.14,16.0670,27.9,1.473,17.85,4.08,-53,9.50,
2026-09-21T14:04:20,2,1.513,21.07,16.0640,27.9,1.484,18.75,4.01,-53,9.75,
2026-09-21T14:04:21,2,1.463,17.08,16.0700,27.9,1.476,18.04,4.08,-53,9.75,
2026-09-21T14:04:23,2,1.467,17.40,16.0710,27.9,1.484,18.69,4.04,-54,9.50,
2026-09-21T14:04:24,2,1.511,20.88,16.0690,27.9,1.481,18.49,4.02,-53,9.75,
2026-09-21T14:04:25,2,1.464,17.14,16.0650,27.9,1.475,17.98,4.08,-53,9.50,
2026-09-21T14:04:26,2,1.521,21.65,16.0600,27.9,1.486,18.88,4.00,-53,9.00,
2026-09-21T14:04:27,2,1.505,20.43,16.0570,27.9,1.479,18.30,4.05,-54,9.25,
2026-09-21T14:04:28,2,1.467,17.33,16.0650,27.9,1.476,18.04,4.08,-53,9.75,
2026-09-21T14:04:29,2,1.513,21.07,16.0590,27.9,1.484,18.75,4.01,-53,9.75,
2026-09-21T14:04:30,2,1.461,16.88,16.0600,27.9,1.475,17.98,4.08,-53,9.25,
2026-09-21T14:04:31,2,1.467,17.40,16.0570,27.9,1.483,18.62,4.03,-54,9.50,
2026-09-21T14:04:32,2,1.511,20.88,16.0610,27.9,1.486,18.88,4.01,-54,9.50,
2026-09-21T14:04:33,2,1.463,17.08,16.0520,27.9,1.476,18.11,4.07,-54,10.00,
2026-09-21T14:04:35,2,1.521,21.72,16.0480,27.9,1.483,18.62,4.00,-56,9.75,
2026-09-21T14:04:36,2,1.506,20.49,16.0430,27.9,1.474,17.91,4.05,-54,9.50,
2026-09-21T14:04:37,2,1.459,16.69,16.0470,27.9,1.475,17.98,4.08,-56,9.50,
2026-09-21T14:04:38,2,1.515,21.20,16.0480,27.9,1.484,18.75,4.01,-56,10.00,
2026-09-21T14:04:39,2,1.463,17.08,16.0500,27.9,1.473,17.85,4.08,-57,10.00,
2026-09-21T14:04:40,2,1.466,17.27,16.0500,27.9,1.478,18.24,4.08,-59,9.50,
2026-09-21T14:04:41,2,1.513,21.01,16.0470,27.9,1.483,18.62,4.01,-59,9.75,
2026-09-21T14:04:42,2,1.462,16.95,16.0440,27.9,1.475,17.98,4.08,-60,9.75,
2026-09-21T14:04:43,2,1.526,22.10,16.0460,27.9,1.484,18.75,4.00,-65,9.50,
2026-09-21T14:04:44,2,1.509,20.75,16.0480,27.9,1.482,18.56,4.01,-58,9.75,
2026-09-21T14:04:45,2,1.461,16.88,16.0420,27.9,1.473,17.85,4.08,-55,9.50,
2026-09-21T14:04:47,2,1.516,21.27,16.0380,27.9,1.484,18.69,4.01,-57,10.00,
2026-09-21T14:04:48,2,1.463,17.01,16.0420,27.9,1.476,18.04,4.07,-57,10.25,1
2026-09-21T14:04:55,2,1.517,21.39,16.0340,27.9,1.486,18.88,4.00,-48,2.25,
2026-09-21T14:04:56,2,1.462,16.95,16.0310,27.9,1.474,17.91,4.07,-56,10.00,
2026-09-21T14:04:57,2,1.463,17.01,16.0310,27.9,1.474,17.91,4.08,-54,9.50,
2026-09-21T14:04:59,2,1.514,21.14,16.0330,27.9,1.485,18.82,4.01,-54,9.75,
2026-09-21T14:05:00,2,1.463,17.01,16.0260,27.9,1.476,18.04,4.08,-54,9.50,
2026-09-21T14:05:01,2,1.524,21.91,16.0310,27.9,1.486,18.88,3.99,-54,9.50,
2026-09-21T14:05:02,2,1.512,20.94,16.0250,27.9,1.482,18.56,4.01,-58,10.00,
2026-09-21T14:05:03,2,1.462,16.95,16.0220,27.9,1.474,17.91,4.08,-59,9.50,
2026-09-21T14:05:04,2,1.517,21.39,16.0210,27.9,1.486,18.88,4.01,-59,9.50,
2026-09-21T14:05:05,2,1.469,17.53,16.0290,27.9,1.472,17.72,4.04,-59,10.25,
2026-09-21T14:05:06,2,1.463,17.01,16.0330,27.9,1.476,18.04,4.07,-58,9.50,
2026-09-21T14:05:07,2,1.512,20.94,16.0300,27.9,1.485,18.82,4.01,-57,10.25,
2026-09-21T14:05:08,2,1.467,17.33,16.0380,27.9,1.476,18.04,4.08,-56,9.75,
2026-09-21T14:05:10,2,1.471,17.66,16.0390,27.9,1.484,18.75,4.04,-56,9.75,
2026-09-21T14:05:11,2,1.514,21.14,16.0650,27.9,1.487,18.95,4.01,-56,9.75,
2026-09-21T14:05:12,2,1.468,17.46,16.1290,27.9,1.480,18.43,4.08,-56,9.75,
2026-09-21T14:05:13,2,1.524,21.91,16.1780,27.9,1.489,19.14,4.00,-55,10.00,
2026-09-21T14:05:14,2,1.511,20.88,16.2560,27.9,1.485,18.82,4.04,-55,9.75,
2026-09-21T14:05:15,2,1.467,17.33,16.2880,27.9,1.478,18.24,4.08,-55,9.50,
2026-09-21T14:05:16,2,1.518,21.46,16.3190,27.9,1.488,19.07,4.01,-56,10.00,
2026-09-21T14:05:17,2,1.462,16.95,16.3450,27.9,1.478,18.24,4.08,-56,9.75,
2026-09-21T14:05:18,2,1.472,17.78,16.3750,27.9,1.486,18.88,4.04,-55,10.25,
2026-09-21T14:05:19,2,1.529,22.30,16.4050,27.9,1.491,19.27,4.01,-55,9.75,
2026-09-21T14:05:20,2,1.469,17.53,16.4230,27.9,1.482,18.56,4.08,-56,9.75,
2026-09-21T14:05:22,2,1.529,22.30,16.4500,27.9,1.493,19.46,4.00,-55,9.75,
2026-09-21T14:05:23,2,1.513,21.07,16.4800,27.9,1.485,18.82,4.02,-56,10.00,
2026-09-21T14:05:24,2,1.471,17.66,16.5060,27.9,1.482,18.56,4.08,-59,9.25,
2026-09-21T14:05:25,2,1.522,21.78,16.5300,27.9,1.491,19.27,4.01,-55,10.00,
2026-09-21T14:05:26,2,1.471,17.66,16.5730,27.9,1.482,18.56,4.08,-54,9.75,
2026-09-21T14:05:27,2,1.470,17.59,16.5960,27.9,1.482,18.56,4.08,-54,10.25,
2026-09-21T14:05:28,2,1.518,21.46,16.6220,27.9,1.490,19.20,4.01,-56,10.00,
2026-09-21T14:05:29,2,1.470,17.59,16.6410,27.9,1.482,18.56,4.08,-57,9.75,
2026-09-21T14:05:30,2,1.530,22.36,16.6390,27.9,1.492,19.40,4.00,-56,9.50,
2026-09-21T14:05:31,2,1.516,21.27,16.5970,27.9,1.490,19.20,4.01,-56,9.75,
2026-09-21T14:05:37,2,1.517,21.39,16.5180,27.9,1.489,19.14,4.01,-49,1.25,
2026-09-21T14:05:38,2,1.467,17.40,16.5080,27.9,1.478,18.24,4.08,-48,-0.25,
2026-09-21T14:05:39,2,1.531,22.49,16.4980,27.9,1.494,19.53,3.99,-46,-0.75,
2026-09-21T14:05:40,2,1.516,21.27,16.4930,27.9,1.487,18.95,4.01,-56,10.00,
2026-09-21T14:05:41,2,1.467,17.40,16.4900,27.9,1.480,18.43,4.08,-57,9.75,
2026-09-21T14:05:42,2,1.521,21.72,16.4830,27.9,1.487,18.95,4.01,-57,9.75,
2026-09-21T14:05:43,2,1.468,17.46,16.4750,27.9,1.480,18.43,4.07,-59,9.75,
2026-09-21T14:05:44,2,1.472,17.72,16.4750,27.9,1.480,18.43,4.07,-56,10.50,
2026-09-21T14:05:46,2,1.518,21.46,16.4730,27.9,1.487,18.95,4.01,-57,10.00,
2026-09-21T14:05:47,2,1.466,17.27,16.4670,27.9,1.481,18.49,4.08,-56,9.75,
2026-09-21T14:05:48,2,1.474,17.91,16.4740,27.9,1.489,19.14,4.04,-56,10.25,
2026-09-21T14:05:49,2,1.516,21.27,16.4680,27.9,1.485,18.82,4.01,-56,9.75,
2026-09-21T14:05:50,2,1.467,17.33,16.4600,27.9,1.480,18.43,4.07,-56,10.75,
2026-09-21T14:05:51,2,1.523,21.85,16.4660,27.9,1.490,19.20,4.00,-56,9.25,
2026-09-21T14:05:52,2,1.512,20.94,16.4650,27.9,1.483,18.62,4.05,-56,9.50,
2026-09-21T14:05:53,2,1.470,17.59,16.4680,27.9,1.479,18.30,4.08,-56,9.75,
2026-09-21T14:05:54,2,1.522,21.78,16.4730,27.9,1.501,20.11,4.01,-56,10.00,
2026-09-21T14:05:55,2,1.467,17.40,16.4750,27.9,1.481,18.49,4.08,-56,10.25,
2026-09-21T14:05:57,2,1.474,17.91,16.4690,27.9,1.487,18.95,4.02,-55,10.00,
2026-09-21T14:05:58,2,1.517,21.39,16.4660,27.9,1.489,19.14,4.01,-56,9.75,
2026-09-21T14:05:59,2,1.470,17.59,16.4690,27.9,1.480,18.36,4.08,-56,9.75,
2026-09-21T14:06:00,2,1.526,22.10,16.4700,27.9,1.491,19.27,4.00,-57,9.75,
2026-09-21T14:06:01,2,1.512,20.94,16.4710,27.9,1.485,18.82,4.04,-57,9.75,
2026-09-21T14:06:02,2,1.467,17.40,16.4720,27.9,1.480,18.43,4.08,-57,10.25,
2026-09-21T14:06:03,2,1.517,21.39,16.4720,27.9,1.490,19.20,4.00,-58,9.25,
2026-09-21T14:06:04,2,1.469,17.53,16.4730,27.9,1.481,18.49,4.08,-58,9.75,
2026-09-21T14:06:05,2,1.472,17.78,16.4790,27.9,1.478,18.24,4.04,-57,10.00,
2026-09-21T14:06:06,2,1.515,21.20,16.4840,27.9,1.488,19.07,4.01,-56,12.75,
2026-09-21T14:06:07,2,1.468,17.46,16.4760,27.9,1.480,18.43,4.07,-57,10.25,
2026-09-21T14:06:09,2,1.526,22.10,16.4740,27.9,1.489,19.14,4.00,-58,9.75,
2026-09-21T14:06:10,2,1.514,21.14,16.4740,27.9,1.485,18.82,4.01,-58,10.50,
2026-09-21T14:06:11,2,1.468,17.46,16.4770,27.9,1.480,18.43,4.08,-56,10.00,
2026-09-21T14:06:12,2,1.521,21.65,16.4750,27.9,1.489,19.14,4.00,-57,9.75,
2026-09-21T14:06:13,2,1.468,17.46,16.4720,27.9,1.480,18.43,4.08,-56,9.50,
2026-09-21T14:06:14,2,1.468,17.46,16.4720,27.9,1.477,18.17,4.08,-56,9.75,
2026-09-21T14:06:15,2,1.518,21.46,16.4690,27.9,1.490,19.20,4.01,-56,10.00,
2026-09-21T14:06:16,2,1.467,17.40,16.4760,27.9,1.480,18.43,4.07,-56,10.25,
2026-09-21T14:06:21,2,1.521,21.72,16.4790,27.9,1.489,19.14,4.01,-48,1.25,
2026-09-21T14:06:22,2,1.467,17.40,16.4710,27.9,1.480,18.43,4.07,-50,2.75,
2026-09-21T14:06:23,2,1.467,17.40,16.4770,27.9,1.481,18.49,4.08,-50,1.25,
2026-09-21T14:06:24,2,1.513,21.01,16.4730,27.9,1.490,19.20,4.01,-51,8.00,
2026-09-21T14:06:25,2,1.468,17.46,16.4600,27.9,1.471,17.66,4.08,-56,9.50,
2026-09-21T14:06:26,2,1.536,22.88,16.4640,27.9,1.491,19.27,3.99,-56,9.75,
2026-09-21T14:06:27,2,1.517,21.33,16.4690,27.9,1.489,19.14,4.02,-57,10.50,
2026-09-21T14:06:28,2,1.469,17.53,16.4670,27.9,1.479,18.30,4.07,-56,10.00,
2026-09-21T14:06:29,2,1.521,21.72,16.4690,27.9,1.489,19.14,4.01,-56,9.75,2
2026-09-21T14:06:30,2,1.470,17.59,16.4670,27.9,1.480,18.36,4.08,-55,9.50,
2026-09-21T14:06:31,2,1.467,17.40,16.4670,27.9,1.482,18.56,4.08,-56,9.75,
2026-09-21T14:06:33,2,1.516,21.27,16.4630,27.9,1.488,19.01,4.01,-55,10.25,
2026-09-21T14:06:34,2,1.469,17.53,16.4690,27.9,1.480,18.43,4.08,-55,9.50,
2026-09-21T14:06:35,2,1.472,17.72,16.4670,27.9,1.485,18.82,4.04,-56,10.00,
2026-09-21T14:06:36,2,1.516,21.27,16.4660,27.9,1.488,19.07,4.01,-56,10.00,
2026-09-21T14:06:37,2,1.466,17.27,16.4600,27.9,1.480,18.36,4.08,-55,9.75,
2026-09-21T14:06:38,2,1.529,22.30,16.4620,27.9,1.488,19.01,4.00,-57,10.00,
2026-09-21T14:06:39,2,1.511,20.88,16.4690,27.9,1.484,18.69,4.04,-56,10.00,
2026-09-21T14:06:40,2,1.469,17.53,16.4680,27.9,1.480,18.36,4.08,-56,10.00,
2026-09-21T14:06:41,2,1.517,21.33,16.4720,27.9,1.489,19.14,4.01,-57,10.00,
2026-09-21T14:06:42,2,1.468,17.46,16.4720,27.9,1.480,18.43,4.07,-58,9.75,
2026-09-21T14:06:44,2,1.472,17.78,16.4780,27.9,1.488,19.07,4.03,-56,9.50,
2026-09-21T14:06:45,2,1.517,21.33,16.4830,27.9,1.487,18.95,4.01,-54,9.75,
2026-09-21T14:06:46,2,1.467,17.40,16.4920,27.9,1.480,18.36,4.07,-57,10.00,
2026-09-21T14:06:47,2,1.526,22.10,16.4880,27.9,1.491,19.27,4.00,-55,10.00,
2026-09-21T14:06:48,2,1.511,20.88,16.4900,27.9,1.484,18.69,4.05,-57,9.75,
2026-09-21T14:06:49,2,1.469,17.53,16.4940,27.9,1.479,18.30,4.08,-56,9.75,
2026-09-21T14:06:50,2,1.522,21.78,16.4940,27.9,1.488,19.01,4.01,-57,10.00,
2026-09-21T14:06:51,2,1.468,17.46,16.4930,27.9,1.481,18.49,4.08,-58,9.75,
2026-09-21T14:06:53,2,1.518,21.46,16.4870,27.9,1.488,19.07,4.01,-57,10.00,
2026-09-21T14:06:54,2,1.469,17.53,16.4880,27.9,1.481,18.49,4.07,-57,10.75,
2026-09-21T14:06:56,2,1.530,22.43,16.4890,27.9,1.492,19.40,4.00,-56,9.50,
2026-09-21T14:06:57,2,1.512,20.94,16.4950,27.9,1.484,18.75,4.04,-56,10.00,
2026-09-21T14:06:58,2,1.469,17.53,16.4990,27.9,1.480,18.36,4.08,-55,9.50,
2026-09-21T14:06:59,2,1.521,21.72,16.4960,27.9,1.490,19.20,4.01,-56,10.00,
2026-09-21T14:07:00,2,1.469,17.53,16.4880,27.9,1.482,18.56,4.07,-56,10.25,
2026-09-21T14:07:05,2,1.516,21.27,16.4930,27.9,1.489,19.14,4.01,-48,-1.75,
2026-09-21T14:07:08,2,1.520,21.59,16.4910,27.9,1.491,19.27,0.00,-47,2.50,
2026-09-21T14:07:09,2,1.469,17.53,16.4900,27.9,1.480,18.43,4.08,-55,9.75,
2026-09-21T14:07:10,2,1.469,17.53,16.4910,27.9,1.480,18.43,4.08,-55,9.50,
2026-09-21T14:07:11,2,1.519,21.52,16.4960,27.9,1.489,19.14,4.01,-55,10.00,
2026-09-21T14:07:12,2,1.467,17.40,16.5020,27.9,1.478,18.24,4.08,-54,9.75,
2026-09-21T14:07:13,2,1.509,20.75,16.5000,27.9,1.492,19.40,4.04,-55,10.00,
2026-09-21T14:07:14,2,1.515,21.20,16.5010,27.9,1.487,18.95,4.01,-54,10.25,
2026-09-21T14:07:15,2,1.472,17.72,16.5070,27.9,1.478,18.24,4.07,-54,10.25,
2026-09-21T14:07:16,2,1.525,21.98,16.5050,27.9,1.488,19.07,4.00,-55,9.25,
2026-09-21T14:07:17,2,1.511,20.88,16.5020,27.9,1.483,18.62,4.05,-54,9.50,
2026-09-21T14:07:18,2,1.468,17.46,16.5010,27.9,1.478,18.24,4.08,-55,9.75,
2026-09-21T14:07:20,2,1.517,21.33,16.4980,27.9,1.488,19.01,4.01,-57,10.00,
2026-09-21T14:07:21,2,1.467,17.40,16.5020,27.9,1.481,18.49,4.08,-56,9.75,
2026-09-21T14:07:22,2,1.473,17.85,16.5010,27.9,1.485,18.82,4.03,-58,10.00,
2026-09-21T14:07:23,2,1.516,21.27,16.5040,27.9,1.490,19.20,4.01,-55,9.75,
2026-09-21T14:07:24,2,1.469,17.53,16.4980,27.9,1.480,18.43,4.08,-56,10.00,
2026-09-21T14:07:25,2,1.525,21.98,16.4930,27.9,1.491,19.27,4.00,-55,9.75,
2026-09-21T14:07:26,2,1.513,21.07,16.4970,27.9,1.484,18.69,4.04,-55,9.75,
2026-09-21T14:07:27,2,1.470,17.59,16.5010,27.9,1.480,18.36,4.08,-55,9.50,
2026-09-21T14:07:28,2,1.520,21.59,16.4970,27.9,1.489,19.14,4.01,-58,10.00,
2026-09-21T14:07:29,2,1.467,17.40,16.4930,27.9,1.480,18.43,4.08,-60,9.50,
2026-09-21T14:07:31,2,1.475,17.98,16.4930,27.9,1.487,18.95,4.03,-61,9.50,
2026-09-21T14:07:32,2,1.516,21.27,16.4900,27.9,1.489,19.14,4.00,-60,9.75,
2026-09-21T14:07:33,2,1.470,17.59,16.4930,27.9,1.480,18.36,4.08,-59,9.50,
2026-09-21T14:07:34,2,1.526,22.10,16.4910,27.9,1.489,19.14,4.00,-59,9.50,
2026-09-21T14:07:35,2,1.512,20.94,16.4900,27.9,1.485,18.82,4.04,-59,10.00,
2026-09-21T14:07:36,2,1.467,17.40,16.4910,27.9,1.480,18.43,4.08,-59,9.75,
2026-09-21T14:07:37,2,1.518,21.46,16.4890,27.9,1.488,19.01,4.01,-59,9.75,
2026-09-21T14:07:38,2,1.469,17.53,16.4890,27.9,1.479,18.30,4.07,-59,9.75,
2026-09-21T14:07:39,2,1.473,17.85,16.4900,27.9,1.486,18.88,4.02,-59,10.00,
2026-09-21T14:07:40,2,1.517,21.33,16.4910,27.9,1.489,19.14,4.01,-60,10.25,
2026-09-21T14:07:41,2,1.468,17.46,16.4890,27.9,1.481,18.49,4.08,-60,9.75,
2026-09-21T14:07:43,2,1.529,22.30,16.4910,27.9,1.490,19.20,4.00,-60,9.50,
2026-09-21T14:07:44,2,1.512,20.94,16.4810,27.9,1.484,18.69,4.05,-56,9.50,
2026-09-21T14:07:49,2,1.517,21.33,16.4820,27.9,1.488,19.07,4.01,-49,0.50,
2026-09-21T14:07:50,2,1.467,17.40,16.4840,27.9,1.481,18.49,4.08,-48,2.00,
2026-09-21T14:07:51,2,1.530,22.36,16.4870,27.9,1.489,19.14,3.99,-49,2.75,
2026-09-21T14:07:52,2,1.519,21.52,16.4820,27.9,1.500,19.98,4.01,-56,9.50,
2026-09-21T14:07:53,2,1.469,17.53,16.4800,27.9,1.479,18.30,4.07,-57,10.25,
2026-09-21T14:07:55,2,1.521,21.72,16.4740,27.9,1.489,19.14,4.00,-57,9.75,
2026-09-21T14:07:56,2,1.467,17.33,16.4750,27.9,1.480,18.43,4.08,-56,10.00,
2026-09-21T14:07:57,2,1.467,17.33,16.4720,27.9,1.480,18.43,4.08,-56,10.00,
2026-09-21T14:07:58,2,1.519,21.52,16.4730,27.9,1.488,19.07,4.01,-57,10.00,
2026-09-21T14:07:59,2,1.469,17.53,16.4710,27.9,1.480,18.43,4.07,-56,10.00,
2026-09-21T14:08:01,2,1.514,21.14,16.4730,27.9,1.489,19.14,4.01,-55,9.75,
2026-09-21T14:08:02,2,1.467,17.40,16.4710,27.9,1.481,18.49,4.07,-55,10.25,
2026-09-21T14:08:03,2,1.523,21.85,16.4740,27.9,1.477,18.17,4.01,-56,9.75,
2026-09-21T14:08:04,2,1.468,17.46,16.4740,27.9,1.480,18.36,4.07,-55,10.00,
2026-09-21T14:08:05,2,1.468,17.46,16.4720,27.9,1.488,19.01,4.07,-59,10.25,
2026-09-21T14:08:07,2,1.517,21.39,16.4780,27.9,1.488,19.07,4.01,-56,10.00,
2026-09-21T14:08:08,2,1.470,17.59,16.4740,27.9,1.480,18.43,4.08,-59,9.50,
2026-09-21T14:08:09,2,1.527,22.17,16.4760,27.9,1.492,19.33,4.00,-57,9.75,
2026-09-21T14:08:10,2,1.515,21.20,16.4760,27.9,1.488,19.01,4.01,-57,10.00,
2026-09-21T14:08:11,2,1.469,17.53,16.4730,27.9,1.479,18.30,4.08,-57,10.00,
2026-09-21T14:08:12,2,1.523,21.85,16.4690,27.9,1.492,19.33,4.00,-54,9.75,
2026-09-21T14:08:13,2,1.513,21.01,16.4730,27.9,1.482,18.56,4.05,-53,9.75,
2026-09-21T14:08:14,2,1.470,17.59,16.4720,27.9,1.482,18.56,4.08,-54,9.75,
2026-09-21T14:08:15,2,1.519,21.52,16.4760,27.9,1.489,19.14,4.01,-54,10.00,
2026-09-21T14:08:16,2,1.467,17.33,16.4770,27.9,1.481,18.49,4.07,-54,10.25,
2026-09-21T14:08:17,2,1.474,17.91,16.4730,27.9,1.486,18.88,4.03,-55,9.75,
2026-09-21T14:08:19,2,1.516,21.27,16.4780,27.9,1.488,19.01,4.01,-56,10.00,
2026-09-21T14:08:20,2,1.468,17.46,16.4790,27.9,1.479,18.30,4.08,-55,9.50,
2026-09-21T14:08:21,2,1.513,21.07,16.4800,27.9,1.490,19.20,4.00,-55,9.75,
2026-09-21T14:08:22,2,1.511,20.88,16.4780,27.9,1.484,18.75,4.04,-55,10.25,
2026-09-21T14:08:23,2,1.467,17.33,16.4800,27.9,1.480,18.36,4.07,-56,10.00,
2026-09-21T14:08:24,2,1.518,21.46,16.4800,27.9,1.484,18.75,4.01,-56,10.25,
2026-09-21T14:08:25,2,1.469,17.53,16.4750,27.9,1.480,18.43,4.07,-54,10.25,
2026-09-21T14:08:26,2,1.474,17.91,16.4730,27.9,1.488,19.07,4.04,-58,10.00,
2026-09-21T14:08:27,2,1.517,21.33,16.4710,27.9,1.489,19.14,4.01,-56,8.00,
2026-09-21T14:08:33,2,1.518,21.46,16.4680,27.9,1.489,19.14,4.00,-49,4.75,
2026-09-21T14:08:34,2,1.468,17.46,16.4680,27.9,1.479,18.30,4.07,-47,-1.25,
2026-09-21T14:08:35,2,1.467,17.33,16.4650,27.9,1.481,18.49,4.08,-49,3.00,
2026-09-21T14:08:36,2,1.517,21.33,16.4650,27.9,1.490,19.20,4.01,-54,9.75,
2026-09-21T14:08:37,2,1.467,17.40,16.4700,27.9,1.480,18.43,4.08,-55,9.50,
2026-09-21T14:08:38,2,1.529,22.30,16.4680,27.9,1.490,19.20,4.00,-56,9.00,
2026-09-21T14:08:39,2,1.514,21.14,16.4660,27.9,1.484,18.69,4.01,-56,10.00,
2026-09-21T14:08:40,2,1.470,17.59,16.4640,27.9,1.481,18.49,4.08,-55,9.75,
2026-09-21T14:08:42,2,1.521,21.65,16.4660,27.9,1.491,19.27,4.00,-56,9.50,
2026-09-21T14:08:43,2,1.469,17.53,16.4710,27.9,1.481,18.49,4.08,-56,9.75,
2026-09-21T14:08:44,2,1.469,17.53,16.4710,27.9,1.482,18.56,4.08,-56,10.00,
2026-09-21T14:08:45,2,1.517,21.33,16.4700,27.9,1.488,19.07,4.01,-55,10.25,
2026-09-21T14:08:46,2,1.468,17.46,16.4720,27.9,1.481,18.49,4.07,-55,10.50,
2026-09-21T14:08:47,2,1.530,22.36,16.4740,27.9,1.492,19.33,3.99,-54,9.25,
2026-09-21T14:08:48,2,1.517,21.39,16.4720,27.9,1.488,19.07,4.01,-55,9.75,
2026-09-21T14:08:49,2,1.470,17.59,16.4750,27.9,1.480,18.36,4.08,-54,9.25,
2026-09-21T14:08:50,2,1.521,21.72,16.4810,27.9,1.489,19.14,4.00,-54,9.75,
2026-09-21T14:08:51,2,1.472,17.72,16.4760,27.9,1.480,18.43,4.07,-56,10.00,
2026-09-21T14:08:52,2,1.469,17.53,16.4810,27.9,1.483,18.62,4.08,-55,9.25,
2026-09-21T14:08:54,2,1.517,21.39,16.4770,27.9,1.490,19.20,4.01,-55,10.00,
2026-09-21T14:08:55,2,1.469,17.53,16.4750,27.9,1.484,18.75,4.07,-55,10.25,
2026-09-21T14:08:56,2,1.533,22.62,16.4760,27.9,1.493,19.46,3.99,-55,9.50,
2026-09-21T14:08:57,2,1.518,21.46,16.4790,27.9,1.489,19.14,4.01,-55,9.75,
2026-09-21T14:08:58,2,1.470,17.59,16.4740,27.9,1.480,18.43,4.07,-55,10.25,
2026-09-21T14:08:59,2,1.521,21.65,16.4760,27.9,1.488,19.07,4.00,-55,9.50,
2026-09-21T14:09:00,2,1.471,17.66,16.4740,27.9,1.481,18.49,4.08,-56,9.75,
2026-09-21T14:09:01,2,1.467,17.40,16.4700,27.9,1.480,18.36,4.08,-56,9.75,
2026-09-21T14:09:02,2,1.518,21.46,16.4640,27.9,1.489,19.14,4.01,-56,9.75,
2026-09-21T14:09:03,2,1.470,17.59,16.4640,27.9,1.480,18.43,4.08,-56,10.00,
2026-09-21T14:09:04,2,1.483,18.62,16.4630,27.9,1.487,18.95,4.02,-56,10.00,
2026-09-21T14:09:06,2,1.517,21.33,16.4610,27.9,1.487,18.95,4.01,-56,10.25,
2026-09-21T14:09:07,2,1.467,17.40,16.4610,27.9,1.480,18.43,4.07,-56,10.00,
2026-09-21T14:09:08,2,1.524,21.91,16.4630,27.9,1.491,19.27,3.99,-56,9.50,
2026-09-21T14:09:09,2,1.511,20.88,16.4640,27.9,1.484,18.69,4.04,-56,9.75,
2026-09-21T14:09:10,2,1.468,17.46,16.4590,27.9,1.479,18.30,4.08,-56,9.50,
2026-09-21T14:09:11,2,1.518,21.46,16.4610,27.9,1.489,19.14,4.01,-56,10.00,
2026-09-21T14:09:12,2,1.467,17.40,16.4580,27.9,1.482,18.56,4.08,-56,10.00,
2026-09-21T14:09:17,2,1.523,21.85,16.4570,27.9,1.492,19.40,4.00,-49,6.00,
2026-09-21T14:09:18,2,1.509,20.75,16.4630,27.9,1.484,18.75,4.04,-50,8.50,
2026-09-21T14:09:19,2,1.468,17.46,16.4630,27.9,1.482,18.56,4.08,-49,5.00,
2026-09-21T14:09:20,2,1.517,21.33,16.4640,27.9,1.489,19.14,4.01,-49,8.00,
2026-09-21T14:09:21,2,1.464,17.14,16.4640,27.9,1.480,18.36,4.07,-55,10.00,
2026-09-21T14:09:22,2,1.471,17.66,16.4650,27.9,1.484,18.75,4.05,-55,9.75,
2026-09-21T14:09:23,2,1.517,21.39,16.4650,27.9,1.487,18.95,4.01,-56,9.75,
2026-09-21T14:09:24,2,1.467,17.33,16.4620,27.9,1.480,18.43,4.07,-55,9.75,
2026-09-21T14:09:25,2,1.531,22.49,16.4660,27.9,1.490,19.20,4.00,-55,9.50,
2026-09-21T14:09:26,2,1.513,21.07,16.4620,27.9,1.484,18.69,4.01,-55,9.75,
2026-09-21T14:09:27,2,1.468,17.46,16.4600,27.9,1.490,19.20,4.07,-55,10.00,
2026-09-21T14:09:29,2,1.521,21.65,16.4630,27.9,1.488,19.01,4.01,-56,9.75,
2026-09-21T14:09:30,2,1.467,17.40,16.4610,27.9,1.479,18.30,4.08,-55,9.50,
2026-09-21T14:09:31,2,1.467,17.40,16.4680,27.9,1.477,18.17,4.08,-55,10.00,
2026-09-21T14:09:32,2,1.517,21.39,16.4680,27.9,1.488,19.07,4.00,-55,10.25,
2026-09-21T14:09:33,2,1.467,17.40,16.4700,27.9,1.479,18.30,4.07,-55,10.25,
2026-09-21T14:09:34,2,1.530,22.43,16.4730,27.9,1.489,19.14,3.99,-55,9.00,
2026-09-21T14:09:35,2,1.513,21.07,16.4660,27.9,1.488,19.01,4.01,-56,9.75,
2026-09-21T14:09:36,2,1.467,17.33,16.4660,27.9,1.482,18.56,4.07,-56,10.00,
2026-09-21T14:09:37,2,1.522,21.78,16.4660,27.9,1.488,19.07,4.00,-56,9.50,
2026-09-21T14:09:38,2,1.462,16.95,16.4640,27.9,1.482,18.56,4.08,-56,9.50,
2026-09-21T14:09:39,2,1.470,17.59,16.4620,27.9,1.480,18.36,4.07,-58,9.75,
2026-09-21T14:09:41,2,1.510,20.81,16.4680,27.9,1.488,19.01,4.01,-58,10.00,
2026-09-21T14:09:42,2,1.467,17.40,16.4690,27.9,1.479,18.30,4.08,-56,9.75,
2026-09-21T14:09:43,2,1.525,22.04,16.4740,27.9,1.489,19.14,4.00,-55,9.25,
2026-09-21T14:09:44,2,1.517,21.33,16.4750,27.9,1.488,19.01,4.01,-55,10.00,
2026-09-21T14:09:45,2,1.466,17.27,16.4770,27.9,1.483,18.62,4.08,-55,9.50,
2026-09-21T14:09:46,2,1.525,21.98,16.4750,27.9,1.488,19.07,4.00,-56,9.50,
2026-09-21T14:09:47,2,1.509,20.75,16.4770,27.9,1.486,18.88,4.05,-55,10.00,
2026-09-21T14:09:48,2,1.468,17.46,16.4740,27.9,1.482,18.56,4.08,-55,9.75,
2026-09-21T14:09:49,2,1.517,21.39,16.4770,27.9,1.487,18.95,4.01,-55,10.25,
2026-09-21T14:09:50,2,1.467,17.33,16.4750,27.9,1.480,18.43,4.07,-55,9.75,
2026-09-21T14:09:51,2,1.476,18.11,16.4800,27.9,1.485,18.82,4.04,-56,9.75,
2026-09-21T14:09:53,2,1.515,21.20,16.4790,27.9,1.488,19.07,4.01,-56,9.75,
2026-09-21T14:09:54,2,1.466,17.27,16.4800,27.9,1.480,18.36,4.08,-56,10.00,
2026-09-21T14:09:55,2,1.524,21.91,16.4740,27.9,1.491,19.27,3.99,-55,9.75,
2026-09-21T14:09:56,2,1.511,20.88,16.4780,27.9,1.484,18.75,4.04,-55,10.00,
2026-09-21T14:10:01,2,1.517,21.33,16.4800,27.9,1.491,19.27,4.01,-49,6.00,
2026-09-21T14:10:02,2,1.468,17.46,16.4730,27.9,1.476,18.11,4.07,-49,5.25,
2026-09-21T14:10:03,2,1.527,22.17,16.4690,27.9,1.490,19.20,3.99,-48,3.00,
2026-09-21T14:10:05,2,1.512,20.94,16.4660,27.9,1.482,18.56,4.05,-55,9.75,
2026-09-21T14:10:06,2,1.465,17.20,16.4690,27.9,1.481,18.49,4.08,-55,9.75,
2026-09-21T14:10:07,2,1.521,21.72,16.4730,27.9,1.489,19.14,4.01,-55,9.75,
2026-09-21T14:10:08,2,1.467,17.33,16.4700,27.9,1.478,18.24,4.08,-54,9.75,
2026-09-21T14:10:09,2,1.474,17.91,16.4690,27.9,1.485,18.82,4.03,-58,9.50,
2026-09-21T14:10:10,2,1.514,21.14,16.4670,27.9,1.488,19.07,4.01,-56,10.00,
2026-09-21T14:10:11,2,1.468,17.46,16.4590,27.9,1.481,18.49,4.07,-57,10.00,
2026-09-21T14:10:12,2,1.530,22.36,16.4570,27.9,1.491,19.27,3.99,-57,9.75,
2026-09-21T14:10:13,2,1.505,20.36,16.4510,27.9,1.484,18.75,4.04,-57,10.25,
2026-09-21T14:10:14,2,1.471,17.66,16.4590,27.9,1.481,18.49,4.07,-58,10.25,
2026-09-21T14:10:16,2,1.521,21.72,16.4640,27.9,1.489,19.14,4.01,-59,10.00,
2026-09-21T14:10:17,2,1.467,17.40,16.4690,27.9,1.480,18.43,4.07,-58,10.50,
2026-09-21T14:10:18,2,1.472,17.78,16.4580,27.9,1.485,18.82,4.03,-58,9.75,
2026-09-21T14:10:19,2,1.517,21.39,16.4570,27.9,1.488,19.01,4.01,-58,9.75,
2026-09-21T14:10:20,2,1.467,17.33,16.4560,27.9,1.483,18.62,4.06,-57,10.00,
2026-09-21T14:10:21,2,1.533,22.62,16.4550,27.9,1.492,19.33,3.99,-58,9.50,
2026-09-21T14:10:22,2,1.510,20.81,16.4620,27.9,1.484,18.69,4.04,-58,10.00,
2026-09-21T14:10:23,2,1.468,17.46,16.4610,27.9,1.480,18.36,4.08,-58,9.50,
2026-09-21T14:10:24,2,1.522,21.78,16.4600,27.9,1.489,19.14,4.01,-58,10.00,
2026-09-21T14:10:25,2,1.470,17.59,16.4570,27.9,1.480,18.43,4.07,-57,10.00,
2026-09-21T14:10:26,2,1.466,17.27,16.4590,27.9,1.484,18.75,4.08,-57,10.25,
2026-09-21T14:10:28,2,1.517,21.33,16.4580,27.9,1.488,19.01,4.01,-57,9.50,
2026-09-21T14:10:29,2,1.468,17.46,16.4580,27.9,1.480,18.43,4.07,-57,10.50,
2026-09-21T14:10:30,2,1.473,17.85,16.4580,27.9,1.485,18.82,4.03,-58,9.25,
2026-09-21T14:10:31,2,1.515,21.20,16.4580,27.9,1.491,19.27,4.01,-57,10.50,
2026-09-21T14:10:32,2,1.464,17.14,16.4530,27.9,1.482,18.56,4.08,-56,9.50,
2026-09-21T14:10:33,2,1.523,21.85,16.4560,27.9,1.489,19.14,4.01,-55,10.00,
2026-09-21T14:10:34,2,1.511,20.88,16.4510,27.9,1.484,18.69,4.04,-56,9.75,
2026-09-21T14:10:35,2,1.467,17.33,16.4480,27.9,1.479,18.30,4.07,-57,10.00,
2026-09-21T14:10:36,2,1.517,21.33,16.4490,27.9,1.492,19.33,4.01,-55,10.00,
2026-09-21T14:10:37,2,1.469,17.53,16.4570,27.9,1.480,18.36,4.07,-55,10.00,
2026-09-21T14:10:38,2,1.473,17.85,16.4600,27.9,1.485,18.82,4.04,-55,10.00,
2026-09-21T14:10:40,2,1.515,21.20,16.4580,27.9,1.492,19.33,4.01,-56,9.75,
2026-09-21T14:10:45,2,1.519,21.52,16.4590,27.9,1.489,19.14,4.00,-48,0.00,
2026-09-21T14:10:46,2,1.467,17.40,16.4610,27.9,1.480,18.43,4.07,-48,0.50,
2026-09-21T14:10:47,2,1.472,17.72,16.4650,27.9,1.485,18.82,4.03,-48,1.75,
2026-09-21T14:10:48,2,1.517,21.39,16.4680,27.9,1.488,19.07,4.01,-55,9.75,
2026-09-21T14:10:49,2,1.468,17.46,16.4670,27.9,1.481,18.49,4.08,-57,9.75,
2026-09-21T14:10:50,2,1.528,22.23,16.4640,27.9,1.493,19.46,3.99,-55,9.25,
2026-09-21T14:10:52,2,1.512,20.94,16.4650,27.9,1.484,18.69,4.04,-56,9.75,
2026-09-21T14:10:53,2,1.465,17.20,16.4710,27.9,1.480,18.36,4.07,-56,10.00,
2026-09-21T14:10:54,2,1.520,21.59,16.4730,27.9,1.488,19.01,4.00,-56,9.50,
2026-09-21T14:10:55,2,1.468,17.46,16.4710,27.9,1.482,18.56,4.07,-55,10.50,
2026-09-21T14:10:56,2,1.473,17.85,16.4680,27.9,1.487,18.95,4.03,-55,9.50,
2026-09-21T14:10:57,2,1.517,21.33,16.4700,27.9,1.488,19.07,4.01,-56,9.75,
2026-09-21T14:10:58,2,1.470,17.59,16.4640,27.9,1.480,18.36,4.07,-56,10.00,
2026-09-21T14:10:59,2,1.533,22.62,16.4730,27.9,1.491,19.27,4.00,-56,9.50,
2026-09-21T14:11:00,2,1.515,21.20,16.4740,27.9,1.484,18.69,4.04,-55,10.00,
2026-09-21T14:11:01,2,1.470,17.59,16.4720,27.9,1.481,18.49,4.07,-55,9.75,
2026-09-21T14:11:03,2,1.522,21.78,16.4690,27.9,1.489,19.14,4.00,-55,9.50,
2026-09-21T14:11:04,2,1.466,17.27,16.4670,27.9,1.479,18.30,4.07,-56,10.25,
2026-09-21T14:11:05,2,1.476,18.04,16.4640,27.9,1.486,18.88,4.03,-55,9.75,
2026-09-21T14:11:06,2,1.518,21.46,16.4720,27.9,1.489,19.14,4.01,-56,10.00,
2026-09-21T14:11:07,2,1.467,17.40,16.4680,27.9,1.479,18.30,4.07,-55,10.00,
2026-09-21T14:11:08,2,1.472,17.78,16.4650,27.9,1.485,18.82,4.04,-56,9.75,
2026-09-21T14:11:09,2,1.512,20.94,16.4700,27.9,1.484,18.75,4.04,-56,10.00,
2026-09-21T14:11:10,2,1.479,18.30,16.4740,27.9,1.480,18.43,4.07,-55,10.50,
2026-09-21T14:11:11,2,1.525,21.98,16.4810,27.9,1.489,19.14,4.00,-54,10.00,
2026-09-21T14:11:12,2,1.512,20.94,16.4800,27.9,1.482,18.56,4.05,-55,10.00,
2026-09-21T14:11:13,2,1.468,17.46,16.4780,27.9,1.479,18.30,4.08,-55,10.00,
2026-09-21T14:11:15,2,1.515,21.20,16.4840,27.9,1.488,19.01,4.00,-55,9.50,
2026-09-21T14:11:16,2,1.467,17.40,16.4800,27.9,1.481,18.49,4.07,-55,10.25,
2026-09-21T14:11:17,2,1.464,17.14,16.4750,27.9,1.486,18.88,4.04,-57,9.75,
2026-09-21T14:11:18,2,1.517,21.39,16.4700,27.9,1.484,18.75,4.01,-56,9.75,
2026-09-21T14:11:19,2,1.467,17.33,16.4750,27.9,1.480,18.43,4.07,-54,10.00,
2026-09-21T14:11:20,2,1.526,22.10,16.4760,27.9,1.491,19.27,4.00,-55,9.50,
2026-09-21T14:11:21,2,1.511,20.88,16.4780,27.9,1.484,18.69,4.04,-55,9.75,
2026-09-21T14:11:22,2,1.468,17.46,16.4810,27.9,1.479,18.30,4.07,-55,10.25,
2026-09-21T14:11:23,2,1.519,21.52,16.4830,27.9,1.489,19.14,4.01,-55,10.25,
2026-09-21T14:11:29,2,1.529,22.30,16.4800,27.9,1.488,19.07,4.00,-51,9.25,
2026-09-21T14:11:30,2,1.512,20.94,16.4710,27.9,1.485,18.82,4.04,-48,5.00,
2026-09-21T14:11:31,2,1.468,17.46,16.4700,27.9,1.482,18.56,4.08,-48,5.00,
2026-09-21T14:11:32,2,1.521,21.65,16.4710,27.9,1.490,19.20,4.00,-55,9.50,
2026-09-21T14:11:33,2,1.469,17.53,16.4670,27.9,1.481,18.49,4.07,-59,9.50,
2026-09-21T14:11:34,2,1.469,17.53,16.4650,27.9,1.476,18.04,4.03,-59,9.25,
2026-09-21T14:11:35,2,1.516,21.27,16.4700,27.9,1.489,19.14,4.01,-59,9.50,
2026-09-21T14:11:36,2,1.461,16.88,16.4760,27.9,1.479,18.30,4.07,-59,9.50,
2026-09-21T14:11:37,2,1.530,22.36,16.4840,27.9,1.491,19.27,4.00,-57,9.75,
2026-09-21T14:11:39,2,1.513,21.01,16.4780,27.9,1.484,18.75,4.04,-54,10.00,
2026-09-21T14:11:40,2,1.467,17.40,16.4730,27.9,1.481,18.49,4.08,-57,10.00,
2026-09-21T14:11:41,2,1.524,21.91,16.4700,27.9,1.488,19.07,4.01,-57,10.25,
2026-09-21T14:11:42,2,1.466,17.27,16.4670,27.9,1.483,18.62,4.07,-55,10.00,
2026-09-21T14:11:43,2,1.472,17.78,16.4710,27.9,1.485,18.82,4.03,-55,9.75,
2026-09-21T14:11:44,2,1.520,21.59,16.4790,27.9,1.488,19.07,4.00,-55,9.50,
2026-09-21T14:11:45,2,1.468,17.46,16.4780,27.9,1.481,18.49,4.07,-55,10.00,
2026-09-21T14:11:46,2,1.533,22.62,16.4770,27.9,1.490,19.20,3.99,-54,9.75,
2026-09-21T14:11:47,2,1.516,21.27,16.4730,27.9,1.489,19.14,4.01,-55,10.00,
2026-09-21T14:11:48,2,1.470,17.59,16.4730,27.9,1.480,18.43,4.08,-56,10.00,
2026-09-21T14:11:50,2,1.522,21.78,16.4770,27.9,1.489,19.14,4.00,-54,9.75,
2026-09-21T14:11:51,2,1.515,21.20,16.4750,27.9,1.480,18.36,4.04,-55,10.00,
2026-09-21T14:11:52,2,1.468,17.46,16.4790,27.9,1.480,18.36,4.08,-54,10.00,
2026-09-21T14:11:53,2,1.518,21.46,16.4770,27.9,1.488,19.01,4.00,-54,9.75,
2026-09-21T14:11:54,2,1.469,17.53,16.4830,27.9,1.479,18.30,4.07,-54,10.25,
2026-09-21T14:11:55,2,1.472,17.78,16.4790,27.9,1.484,18.75,4.04,-54,10.25,
2026-09-21T14:11:57,2,1.468,17.46,16.4700,27.9,1.480,18.36,4.07,-54,10.25,
2026-09-21T14:11:58,2,1.524,21.91,16.4740,27.9,1.490,19.20,4.00,-55,9.25,
2026-09-21T14:11:59,2,1.510,20.81,16.4730,27.9,1.484,18.69,4.04,-55,9.75,
2026-09-21T14:12:00,2,1.469,17.53,16.4770,27.9,1.481,18.49,4.07,-54,10.25,
2026-09-21T14:12:02,2,1.520,21.59,16.4770,27.9,1.489,19.14,4.01,-54,10.00,
2026-09-21T14:12:03,2,1.467,17.40,16.4700,27.9,1.482,18.56,4.08,-54,9.75,
2026-09-21T14:12:04,2,1.472,17.78,16.4710,27.9,1.485,18.82,4.03,-54,9.75,
2026-09-21T14:12:05,2,1.518,21.46,16.4740,27.9,1.489,19.14,4.00,-54,9.25,
2026-09-21T14:12:06,2,1.467,17.40,16.4720,27.9,1.480,18.36,4.07,-55,10.00,
2026-09-21T14:12:07,2,1.528,22.23,16.4710,27.9,1.488,19.07,4.00,-56,9.75,
2026-09-21T14:12:08,2,1.510,20.81,16.4750,27.9,1.483,18.62,4.04,-54,9.75,
2026-09-21T14:12:12,2,1.473,17.85,16.4680,27.9,1.488,19.07,4.03,-50,9.50,
2026-09-21T14:12:14,2,1.519,21.52,16.4680,27.9,1.488,19.07,4.00,-50,9.50,
2026-09-21T14:12:15,2,1.469,17.53,16.4720,27.9,1.480,18.43,4.07,-50,9.75,
2026-09-21T14:12:16,2,1.530,22.36,16.4710,27.9,1.483,18.62,3.99,-48,8.25,
2026-09-21T14:12:17,2,1.511,20.88,16.4750,27.9,1.484,18.75,4.04,-55,10.25,
2026-09-21T14:12:18,2,1.467,17.33,16.4740,27.9,1.480,18.43,4.07,-54,10.25,
2026-09-21T14:12:19,2,1.521,21.65,16.4760,27.9,1.488,19.07,4.00,-56,9.50,
2026-09-21T14:12:20,2,1.471,17.66,16.4760,27.9,1.482,18.56,4.07,-55,10.00,
2026-09-21T14:12:21,2,1.472,17.72,16.4740,27.9,1.486,18.88,4.07,-57,10.00,
2026-09-21T14:12:22,2,1.518,21.46,16.4760,27.9,1.500,19.98,4.00,-54,9.25,
2026-09-21T14:12:23,2,1.468,17.46,16.4710,27.9,1.480,18.36,4.07,-55,10.25,
2026-09-21T14:12:24,2,1.534,22.68,16.4660,27.9,1.491,19.27,3.99,-57,10.00,
2026-09-21T14:12:26,2,1.512,20.94,16.4680,27.9,1.489,19.14,4.01,-56,9.75,
2026-09-21T14:12:27,2,1.467,17.40,16.4700,27.9,1.481,18.49,4.07,-56,10.50,
2026-09-21T14:12:28,2,1.523,21.85,16.4730,27.9,1.492,19.40,4.00,-57,9.25,
2026-09-21T14:12:29,2,1.468,17.46,16.4780,27.9,1.480,18.43,4.07,-57,10.50,
2026-09-21T14:12:30,2,1.468,17.46,16.4820,27.9,1.480,18.43,4.07,-57,10.50,
2026-09-21T14:12:31,2,1.518,21.46,16.4820,27.9,1.489,19.14,4.01,-56,9.75,
2026-09-21T14:12:32,2,1.467,17.33,16.4790,27.9,1.482,18.56,4.08,-57,9.75,
2026-09-21T14:12:33,2,1.476,18.11,16.4800,27.9,1.487,18.95,4.03,-56,9.50,
2026-09-21T14:12:34,2,1.515,21.20,16.4730,27.9,1.488,19.01,4.01,-55,9.75,
2026-09-21T14:12:35,2,1.467,17.33,16.4760,27.9,1.484,18.69,4.07,-55,10.00,
2026-09-21T14:12:37,2,1.526,22.10,16.4720,27.9,1.489,19.14,4.00,-56,9.75,
2026-09-21T14:12:38,2,1.512,20.94,16.4710,27.9,1.484,18.69,4.04,-55,9.50,
2026-09-21T14:12:39,2,1.470,17.59,16.4730,27.9,1.481,18.49,4.08,-55,10.00,
2026-09-21T14:12:40,2,1.518,21.46,16.4790,27.9,1.489,19.14,4.01,-55,9.75,
2026-09-21T14:12:41,2,1.469,17.53,16.4830,27.9,1.481,18.49,4.07,-55,9.50,
2026-09-21T14:12:42,2,1.472,17.78,16.4850,27.9,1.485,18.82,4.03,-55,9.75,
2026-09-21T14:12:43,2,1.525,22.04,16.4860,27.9,1.500,19.98,4.00,-55,9.50,
2026-09-21T14:12:45,2,1.525,22.04,16.4820,27.9,1.491,19.27,3.99,-54,9.75,
2026-09-21T14:12:46,2,1.513,21.01,16.4840,27.9,1.488,19.01,4.04,-56,10.25,
2026-09-21T14:12:47,2,1.469,17.53,16.4840,27.9,1.478,18.24,4.07,-54,9.75,
2026-09-21T14:12:49,2,1.523,21.85,16.4800,27.9,1.489,19.14,4.01,-55,9.75,
2026-09-21T14:12:51,2,1.473,17.85,16.4770,27.9,1.484,18.75,4.03,-55,10.75,
2026-09-21T14:12:52,2,1.516,21.27,16.4760,27.9,1.489,19.14,4.01,-55,9.75,
2026-09-21T14:12:59,2,1.472,17.72,16.4620,27.9,1.484,18.69,4.04,-46,2.25,
2026-09-21T14:13:01,2,1.518,21.46,16.4660,27.9,1.490,19.20,4.00,-54,9.50,
2026-09-21T14:13:03,2,1.533,22.62,16.4630,27.9,1.490,19.20,3.99,-54,9.50,
2026-09-21T14:13:04,2,1.526,22.10,16.4610,27.9,1.489,19.14,4.01,-55,10.25,
2026-09-21T14:13:05,2,1.467,17.40,16.4650,27.9,1.480,18.36,4.07,-55,9.50,
2026-09-21T14:13:06,2,1.523,21.85,16.4680,27.9,1.489,19.14,4.00,-55,9.50,
2026-09-21T14:13:07,2,1.469,17.53,16.4680,27.9,1.481,18.49,4.07,-54,10.25,
2026-09-21T14:13:08,2,1.460,16.82,16.4660,27.9,1.481,18.49,4.08,-54,9.75,
2026-09-21T14:13:09,2,1.517,21.33,16.4670,27.9,1.490,19.20,3.99,-54,9.50,
2026-09-21T14:13:10,2,1.467,17.40,16.4720,27.9,1.481,18.49,4.07,-55,12.50,
2026-09-21T14:13:11,2,1.534,22.68,16.4710,7.0,1.492,19.40,3.99,-54,4.00,
2026-09-21T14:13:13,2,1.513,21.07,16.4690,27.9,1.489,19.14,4.01,-55,10.25,
2026-09-21T14:13:14,2,1.468,17.46,16.4700,27.9,1.480,18.43,4.07,-55,10.00,
2026-09-21T14:13:15,2,1.522,21.78,16.4640,27.9,1.489,19.14,4.00,-55,9.75,
2026-09-21T14:13:16,2,1.469,17.53,16.4680,27.9,1.481,18.49,4.08,-56,9.25,
2026-09-21T14:13:17,2,1.467,17.40,16.4680,27.9,1.482,18.56,4.07,-56,10.25,
2026-09-21T14:13:18,2,1.515,21.20,16.4700,27.9,1.488,19.01,4.01,-57,10.00,
2026-09-21T14:13:19,2,1.468,17.46,16.4720,27.9,1.481,18.49,4.08,-57,9.75,
2026-09-21T14:13:20,2,1.513,21.07,16.4690,27.9,1.492,19.33,4.03,-58,10.00,
2026-09-21T14:13:21,2,1.517,21.33,16.4720,27.9,1.488,19.07,4.01,-59,9.75,
2026-09-21T14:13:22,2,1.469,17.53,16.4700,27.9,1.480,18.43,4.07,-58,9.25,
2026-09-21T14:13:23,2,1.523,21.85,16.4650,27.9,1.489,19.14,4.00,-58,9.00,
2026-09-21T14:13:25,2,1.511,20.88,16.4740,27.9,1.484,18.69,4.04,-58,9.75,
2026-09-21T14:13:26,2,1.469,17.53,16.4710,27.9,1.480,18.36,4.07,-54,10.00,
2026-09-21T14:13:27,2,1.518,21.46,16.4740,27.9,1.488,19.01,4.00,-57,9.75,
2026-09-21T14:13:28,2,1.468,17.46,16.4730,27.9,1.480,18.36,4.07,-55,10.25,
2026-09-21T14:13:29,2,1.474,17.91,16.4730,27.9,1.487,18.95,4.03,-56,9.50,
2026-09-21T14:13:30,2,1.517,21.33,16.4670,27.9,1.489,19.14,4.01,-54,9.75,
2026-09-21T14:13:31,2,1.470,17.59,16.4650,27.9,1.480,18.36,4.07,-55,10.25,
2026-09-21T14:13:32,2,1.525,22.04,16.4680,27.9,1.492,19.33,3.99,-55,9.50,
2026-09-21T14:13:33,2,1.510,20.81,16.4660,27.9,1.484,18.69,4.04,-55,9.75,
2026-09-21T14:13:34,2,1.461,16.88,16.4690,27.9,1.490,19.20,4.07,-55,10.25,
2026-09-21T14:13:36,2,1.521,21.65,16.4650,27.9,1.490,19.20,4.00,-56,9.50,
2026-09-21T14:13:41,2,1.526,22.10,16.4720,27.9,1.488,19.07,3.99,-50,8.75,
2026-09-21T14:13:42,2,1.512,20.94,16.4840,27.9,1.482,18.56,4.04,-50,8.50,
2026-09-21T14:13:43,2,1.468,17.46,16.4930,27.9,1.481,18.49,4.07,-50,9.00,
2026-09-21T14:13:44,2,1.519,21.52,16.4830,27.9,1.491,19.27,4.00,-54,9.50,
2026-09-21T14:13:45,2,1.468,17.46,16.4850,27.9,1.478,18.24,4.07,-54,10.00,
2026-09-21T14:13:46,2,1.467,17.40,16.4850,27.9,1.481,18.49,4.07,-54,10.25,
2026-09-21T14:13:48,2,1.517,21.39,16.4820,27.9,1.488,19.01,4.00,-54,9.50,
2026-09-21T14:13:49,2,1.468,17.46,16.4840,27.9,1.480,18.43,4.07,-57,10.25,
2026-09-21T14:13:50,2,1.529,22.30,16.4870,27.9,1.492,19.40,3.99,-57,9.50,
2026-09-21T14:13:51,2,1.516,21.27,16.4890,27.9,1.489,19.14,4.01,-58,10.25,
2026-09-21T14:13:52,2,1.468,17.46,16.4890,27.9,1.481,18.49,4.07,-57,10.25,
2026-09-21T14:13:53,2,1.517,21.33,16.4920,27.9,1.491,19.27,4.00,-57,9.75,
2026-09-21T14:13:54,2,1.467,17.40,16.4970,27.9,1.480,18.36,4.08,-57,10.00,
2026-09-21T14:13:55,2,1.469,17.53,16.4970,27.9,1.482,18.56,4.07,-57,10.50,
2026-09-21T14:13:56,2,1.517,21.33,16.5020,27.9,1.488,19.07,4.00,-58,9.75,
2026-09-21T14:13:57,2,1.469,17.53,16.5050,27.9,1.480,18.36,4.07,-55,10.00,
2026-09-21T14:13:58,2,1.533,22.62,16.5020,27.9,1.492,19.40,3.99,-54,9.50,
2026-09-21T14:14:00,2,1.516,21.27,16.4960,27.9,1.488,19.07,4.01,-55,10.25,
2026-09-21T14:14:01,2,1.470,17.59,16.4940,27.9,1.479,18.30,4.07,-59,9.75,
2026-09-21T14:14:02,2,1.523,21.85,16.4960,27.9,1.488,19.01,4.00,-57,9.50,
2026-09-21T14:14:03,2,1.468,17.46,16.4850,27.9,1.480,18.43,4.07,-57,10.75,
2026-09-21T14:14:04,2,1.469,17.53,16.4890,27.9,1.480,18.36,4.07,-58,9.75,
2026-09-21T14:14:05,2,1.517,21.39,16.4860,27.9,1.488,19.01,4.00,-58,10.00,
2026-09-21T14:14:06,2,1.468,17.46,16.4810,27.9,1.479,18.30,4.08,-58,9.75,
2026-09-21T14:14:08,2,1.515,21.20,16.4840,27.9,1.490,19.20,4.01,-57,10.25,
2026-09-21T14:14:09,2,1.471,17.66,16.4770,27.9,1.481,18.49,4.07,-54,10.25,
2026-09-21T14:14:10,2,1.523,21.85,16.4770,27.9,1.489,19.14,3.99,-53,9.50,
2026-09-21T14:14:12,2,1.467,17.40,16.4760,27.9,1.480,18.43,4.07,-58,11.50,
2026-09-21T14:14:13,2,1.469,17.53,16.4760,27.9,1.480,18.43,4.07,-56,10.25,
2026-09-21T14:14:14,2,1.520,21.59,16.4760,27.9,1.489,19.14,4.00,-58,9.75,
2026-09-21T14:14:15,2,1.468,17.46,16.4730,27.9,1.480,18.43,4.07,-57,10.50,
2026-09-21T14:14:16,2,1.509,20.75,16.4740,27.9,1.490,19.20,4.02,-57,10.00,
2026-09-21T14:14:17,2,1.516,21.27,16.4750,27.9,1.488,19.01,4.01,-57,10.00,
2026-09-21T14:14:18,2,1.467,17.33,16.4790,27.9,1.481,18.49,4.07,-58,9.75,
2026-09-21T14:14:19,2,1.523,21.85,16.4830,27.9,1.492,19.33,4.00,-55,9.25,
2026-09-21T14:14:25,2,1.472,17.78,16.5000,27.9,1.485,18.82,4.07,-48,1.50,
2026-09-21T14:14:26,2,1.516,21.27,16.5010,27.9,1.485,18.82,4.00,-47,-0.75,
2026-09-21T14:14:27,2,1.470,17.59,16.4970,27.9,1.484,18.69,4.07,-49,4.00,
2026-09-21T14:14:28,2,1.525,21.98,16.4970,27.9,1.491,19.27,3.99,-55,9.50,
2026-09-21T14:14:29,2,1.517,21.39,16.4960,27.9,1.488,19.07,4.01,-56,9.75,
2026-09-21T14:14:30,2,1.465,17.20,16.4890,27.9,1.480,18.36,4.07,-54,10.00,
2026-09-21T14:14:31,2,1.519,21.52,16.4870,27.9,1.488,19.01,4.00,-56,9.75,
2026-09-21T14:14:32,2,1.466,17.27,16.4900,27.9,1.476,18.04,4.07,-55,10.75,
2026-09-21T14:14:33,2,1.469,17.53,16.4860,27.9,1.480,18.36,4.07,-55,10.00,
2026-09-21T14:14:35,2,1.513,21.01,16.4850,27.9,1.488,19.07,4.00,-55,9.50,
2026-09-21T14:14:36,2,1.468,17.46,16.4870,27.9,1.481,18.49,4.07,-54,10.00,
2026-09-21T14:14:37,2,1.525,22.04,16.4810,27.9,1.490,19.20,3.99,-55,9.50,
2026-09-21T14:14:38,2,1.515,21.20,16.4800,27.9,1.492,19.33,4.01,-56,9.50,
2026-09-21T14:14:39,2,1.467,17.40,16.4760,27.9,1.480,18.36,4.07,-55,11.00,
2026-09-21T14:14:40,2,1.518,21.46,16.4690,27.9,1.488,19.01,4.01,-58,9.50,
2026-09-21T14:14:41,2,1.466,17.27,16.4690,27.9,1.480,18.43,4.07,-57,10.25,
2026-09-21T14:14:42,2,1.470,17.59,16.4640,27.9,1.480,18.36,4.06,-56,9.75,
2026-09-21T14:14:43,2,1.517,21.33,16.4610,27.9,1.484,18.75,4.00,-57,9.75,
2026-09-21T14:14:44,2,1.470,17.59,16.4550,27.9,1.480,18.43,4.07,-56,10.50,
2026-09-21T14:14:45,2,1.528,22.23,16.4570,27.9,1.483,18.62,3.99,-56,9.75,
2026-09-21T14:14:47,2,1.513,21.07,16.4570,27.9,1.490,19.20,4.00,-56,9.75,
2026-09-21T14:14:48,2,1.467,17.33,16.4600,27.9,1.483,18.62,4.07,-55,9.75,
2026-09-21T14:14:49,2,1.519,21.52,16.4640,27.9,1.489,19.14,4.00,-58,12.75,
2026-09-21T14:14:50,2,1.468,17.46,16.4780,27.9,1.479,18.30,4.07,-58,10.00,
2026-09-21T14:14:51,2,1.467,17.33,16.4800,27.9,1.481,18.49,4.07,-57,10.25,
2026-09-21T14:14:52,2,1.516,21.27,16.4800,27.9,1.489,19.14,4.01,-57,10.50,2
2026-09-21T14:14:53,2,1.470,17.59,16.4820,27.9,1.494,19.53,4.07,-57,10.50,
2026-09-21T14:14:54,2,1.530,22.36,16.4810,27.9,1.492,19.33,3.98,-58,9.75,
2026-09-21T14:14:55,2,1.514,21.14,16.4850,27.9,1.487,18.95,4.00,-58,9.50,
2026-09-21T14:14:56,2,1.467,17.40,16.4850,27.9,1.481,18.49,4.08,-54,9.50,
2026-09-21T14:14:57,2,1.516,21.27,16.4840,27.9,1.487,18.95,4.00,-56,9.50,
2026-09-21T14:14:59,2,1.465,17.20,16.4850,27.9,1.480,18.36,4.07,-55,10.00,
2026-09-21T14:15:00,2,1.468,17.46,16.4860,27.9,1.480,18.43,4.07,-55,10.00,
2026-09-21T14:15:01,2,1.518,21.46,16.4810,27.9,1.489,19.14,4.00,-57,12.25,
2026-09-21T14:15:03,2,1.534,22.68,16.4780,27.9,1.491,19.27,3.98,-57,9.75,
2026-09-21T14:15:04,2,1.516,21.27,16.4830,27.9,1.490,19.20,4.01,-59,9.75,
2026-09-21T14:15:09,2,1.518,21.46,16.4790,27.9,1.489,19.14,4.00,-50,6.25,
2026-09-21T14:15:11,2,1.465,17.20,16.4910,27.9,1.481,18.49,4.07,-49,6.00,
2026-09-21T14:15:12,2,1.526,22.10,16.5080,27.9,1.492,19.40,4.02,-49,6.50,
2026-09-21T14:15:13,2,1.518,21.46,16.5340,27.9,1.492,19.33,4.01,-62,10.25,
2026-09-21T14:15:14,2,1.462,16.95,16.5680,27.9,1.476,18.04,4.06,-54,9.50,
2026-09-21T14:15:15,2,1.525,21.98,16.5720,27.9,1.492,19.40,4.00,-56,9.50,
2026-09-21T14:15:16,2,1.516,21.27,16.5860,27.9,1.487,18.95,4.01,-57,10.00,
2026-09-21T14:15:17,2,1.473,17.85,16.5960,27.9,1.482,18.56,4.07,-56,9.75,
2026-09-21T14:15:18,2,1.520,21.59,16.6040,27.9,1.491,19.27,4.00,-55,9.75,
2026-09-21T14:15:19,2,1.469,17.53,16.6190,27.9,1.483,18.62,4.07,-56,9.75,
2026-09-21T14:15:20,2,1.471,17.66,16.6300,27.9,1.489,19.14,4.07,-59,10.00,
2026-09-21T14:15:22,2,1.517,21.39,16.6410,27.9,1.490,19.20,4.00,-59,9.75,
2026-09-21T14:15:23,2,1.470,17.59,16.6490,27.9,1.486,18.88,4.08,-55,9.75,
2026-09-21T14:15:24,2,1.529,22.30,16.6620,27.9,1.493,19.46,3.99,-57,9.75,
2026-09-21T14:15:25,2,1.517,21.39,16.6830,27.9,1.490,19.20,4.01,-55,9.75,
2026-09-21T14:15:26,2,1.472,17.72,16.6920,27.9,1.483,18.62,4.07,-56,10.25,
2026-09-21T14:15:27,2,1.521,21.65,16.6980,27.9,1.492,19.40,4.00,-54,9.50,
2026-09-21T14:15:28,2,1.471,17.66,16.7090,27.9,1.482,18.56,4.07,-56,9.50,
2026-09-21T14:15:29,2,1.470,17.59,16.7200,27.9,1.482,18.56,4.07,-56,10.25,
2026-09-21T14:15:30,2,1.521,21.65,16.7160,27.9,1.491,19.27,4.00,-59,9.50,
2026-09-21T14:15:31,2,1.470,17.59,16.7110,27.9,1.483,18.62,4.07,-57,9.75,
2026-09-21T14:15:32,2,1.532,22.56,16.6890,27.9,1.487,18.95,3.98,-59,9.50,
2026-09-21T14:15:34,2,1.517,21.33,16.6760,27.9,1.490,19.20,4.01,-55,10.25,
2026-09-21T14:15:35,2,1.472,17.78,16.6740,27.9,1.480,18.43,4.07,-55,10.00,
2026-09-21T14:15:36,2,1.524,21.91,16.6710,27.9,1.492,19.33,4.00,-57,9.50,
2026-09-21T14:15:37,2,1.468,17.46,16.6690,27.9,1.482,18.56,4.07,-59,9.75,
2026-09-21T14:15:38,2,1.468,17.46,16.6690,27.9,1.482,18.56,4.07,-54,10.00,
2026-09-21T14:15:39,2,1.519,21.52,16.6650,27.9,1.492,19.33,4.00,-55,9.50,
2026-09-21T14:15:40,2,1.470,17.59,16.6700,27.9,1.480,18.36,4.07,-54,10.25,
2026-09-21T14:15:41,2,1.532,22.56,16.6660,27.9,1.494,19.53,3.98,-54,9.75,
2026-09-21T14:15:42,2,1.517,21.33,16.6610,27.9,1.492,19.40,4.01,-53,9.50,
2026-09-21T14:15:43,2,1.472,17.72,16.6570,27.9,1.484,18.75,4.07,-54,10.00,
2026-09-21T14:15:44,2,1.524,21.91,16.6520,27.9,1.492,19.33,4.00,-55,9.25,
2026-09-21T14:15:46,2,1.470,17.59,16.6530,27.9,1.484,18.69,4.07,-56,10.00,
2026-09-21T14:15:47,2,1.471,17.66,16.6470,27.9,1.484,18.69,4.07,-53,9.75,
2026-09-21T14:15:48,2,1.521,21.72,16.6460,27.9,1.490,19.20,4.00,-54,9.50,
2026-09-21T14:15:54,2,1.471,17.66,16.6470,27.9,1.481,18.49,4.07,-43,-2.50,
2026-09-21T14:15:55,2,1.469,17.53,16.6510,27.9,1.484,18.69,4.07,-45,0.50,
2026-09-21T14:15:56,2,1.519,21.52,16.6510,27.9,1.492,19.40,4.00,-55,9.75,
2026-09-21T14:15:58,2,1.462,16.95,16.6480,27.9,1.485,18.82,4.07,-56,10.25,
2026-09-21T14:15:59,2,1.475,17.98,16.6500,27.9,1.490,19.20,4.07,-54,10.00,
2026-09-21T14:16:00,2,1.519,21.52,16.6450,27.9,1.491,19.27,4.00,-54,9.75,
2026-09-21T14:16:01,2,1.470,17.59,16.6440,27.9,1.484,18.69,4.07,-53,10.00,
2026-09-21T14:16:02,2,1.525,22.04,16.6500,27.9,1.491,19.27,3.99,-52,9.75,
2026-09-21T14:16:03,2,1.516,21.27,16.6530,27.9,1.492,19.33,4.00,-54,9.50,
2026-09-21T14:16:04,2,1.471,17.66,16.6590,27.9,1.483,18.62,4.07,-58,10.00,
2026-09-21T14:16:05,2,1.521,21.72,16.6560,27.9,1.494,19.53,4.00,-58,9.50,
2026-09-21T14:16:06,2,1.474,17.91,16.6570,27.9,1.483,18.62,4.07,-58,10.25,
2026-09-21T14:16:07,2,1.471,17.66,16.6560,27.9,1.485,18.82,4.07,-56,10.50,
2026-09-21T14:16:09,2,1.522,21.78,16.6550,27.9,1.492,19.40,4.00,-53,9.50,
2026-09-21T14:16:10,2,1.475,17.98,16.6570,27.9,1.484,18.75,4.07,-52,10.25,
2026-09-21T14:16:11,2,1.531,22.49,16.6900,27.9,1.498,19.85,3.99,-54,9.75,
2026-09-21T14:16:12,2,1.520,21.59,16.7970,27.9,1.494,19.53,4.00,-53,9.25,
2026-09-21T14:16:13,2,1.474,17.91,16.8470,27.9,1.488,19.01,4.07,-54,10.00,
2026-09-21T14:16:14,2,1.525,21.98,16.8780,27.9,1.496,19.65,4.00,-54,9.75,
2026-09-21T14:16:15,2,1.476,18.04,16.9120,27.9,1.487,18.95,4.07,-55,10.00,
2026-09-21T14:16:16,2,1.474,17.91,16.9430,27.9,1.488,19.01,4.07,-53,10.00,
2026-09-21T14:16:17,2,1.523,21.85,16.9720,27.9,1.506,20.49,4.01,-55,10.25,
2026-09-21T14:16:18,2,1.476,18.04,17.0000,27.9,1.488,19.07,4.06,-57,9.50,
2026-09-21T14:16:19,2,1.534,22.75,17.0280,27.9,1.499,19.91,3.99,-55,9.25,
2026-09-21T14:16:21,2,1.525,21.98,17.0490,27.9,1.491,19.27,4.00,-57,9.75,
2026-09-21T14:16:22,2,1.479,18.30,17.0750,27.9,1.489,19.14,4.07,-55,10.50,3
2026-09-21T14:16:23,2,1.528,22.23,17.0930,27.9,1.497,19.78,4.00,-56,9.75,
2026-09-21T14:16:24,2,1.477,18.17,17.1330,27.9,1.488,19.01,4.07,-57,10.00,
2026-09-21T14:16:25,2,1.476,18.11,17.1530,27.9,1.491,19.27,4.07,-57,10.25,
2026-09-21T14:16:26,2,1.526,22.10,17.1720,27.9,1.497,19.78,4.00,-56,9.75,
2026-09-21T14:16:27,2,1.479,18.30,17.1970,27.9,1.489,19.14,4.08,-56,9.75,
2026-09-21T14:16:28,2,1.541,23.26,17.2220,27.9,1.501,20.04,3.98,-57,10.00,
2026-09-21T14:16:29,2,1.524,21.91,17.2410,27.9,1.498,19.85,4.01,-55,10.00,
2026-09-21T14:16:30,2,1.476,18.11,17.2290,27.9,1.488,19.01,4.07,-56,10.00,
2026-09-21T14:16:31,2,1.530,22.36,17.1940,27.9,1.501,20.11,3.99,-55,9.50,
2026-09-21T14:16:37,2,1.537,22.94,17.0790,27.9,1.501,20.04,3.98,-50,3.00,
2026-09-21T14:16:39,2,1.476,18.11,17.0740,27.9,1.489,19.14,4.07,-50,2.75,
2026-09-21T14:16:40,2,1.527,22.17,17.0700,27.9,1.499,19.91,3.99,-57,9.25,
2026-09-21T14:16:41,2,1.477,18.17,17.0610,27.9,1.489,19.14,4.07,-56,10.25,
2026-09-21T14:16:42,2,1.476,18.04,17.0640,27.9,1.488,19.01,4.07,-55,10.25,
2026-09-21T14:16:43,2,1.524,21.91,17.0590,27.9,1.498,19.85,4.00,-56,9.50,
2026-09-21T14:16:46,2,1.531,22.49,17.0530,27.9,1.492,19.40,4.03,-59,10.25,
2026-09-21T14:16:47,2,1.524,21.91,17.0580,27.9,1.496,19.72,4.01,-58,9.75,
2026-09-21T14:16:48,2,1.475,17.98,17.0490,27.9,1.487,18.95,4.07,-57,10.75,
2026-09-21T14:16:49,2,1.530,22.43,17.0460,27.9,1.498,19.85,4.00,-57,9.75,
2026-09-21T14:16:50,2,1.484,18.69,17.0430,27.9,1.493,19.46,4.00,-57,9.75,
2026-09-21T14:16:51,2,1.476,18.11,17.0440,27.9,1.488,19.01,4.07,-58,10.50,
2026-09-21T14:16:52,2,1.525,21.98,17.0440,27.9,1.497,19.78,3.99,-57,9.75,
2026-09-21T14:16:53,2,1.476,18.11,17.0470,27.9,1.487,18.95,4.07,-56,10.25,
2026-09-21T14:16:54,2,1.476,18.04,17.0450,27.9,1.486,18.88,4.08,-59,9.75,
2026-09-21T14:16:56,2,1.520,21.59,17.0490,27.9,1.499,19.91,4.00,-59,9.75,
2026-09-21T14:16:57,2,1.472,17.78,17.0450,27.9,1.488,19.07,4.07,-57,10.25,
2026-09-21T14:16:58,2,1.530,22.43,17.0460,27.9,1.496,19.72,3.99,-58,9.75,
2026-09-21T14:16:59,2,1.521,21.72,17.0400,27.9,1.497,19.78,4.01,-59,10.25,
2026-09-21T14:17:00,2,1.475,17.98,17.0440,27.9,1.487,18.95,4.07,-59,10.00,
2026-09-21T14:17:01,2,1.525,21.98,17.0480,27.9,1.496,19.72,3.99,-57,10.00,
2026-09-21T14:17:02,2,1.477,18.17,17.0420,27.9,1.488,19.07,4.07,-58,10.00,
2026-09-21T14:17:03,2,1.477,18.17,17.0460,27.9,1.487,18.95,4.07,-57,10.00,
2026-09-21T14:17:04,2,1.523,21.85,17.0470,27.9,1.496,19.65,4.00,-59,9.50,
2026-09-21T14:17:06,2,1.534,22.75,17.0440,27.9,1.499,19.91,3.98,-58,9.75,
2026-09-21T14:17:08,2,1.522,21.78,17.0470,27.9,1.497,19.78,4.01,-59,9.75,
2026-09-21T14:17:09,2,1.474,17.91,17.0440,27.9,1.487,18.95,4.07,-59,9.50,
2026-09-21T14:17:10,2,1.525,22.04,17.0400,27.9,1.501,20.11,4.00,-58,9.25,
2026-09-21T14:17:11,2,1.476,18.04,17.0360,27.9,1.486,18.88,4.07,-59,10.50,
2026-09-21T14:17:12,2,1.476,18.04,17.0280,27.9,1.488,19.07,4.07,-57,10.25,
2026-09-21T14:17:13,2,1.524,21.91,17.0250,27.9,1.497,19.78,4.00,-57,9.75,
2026-09-21T14:17:14,2,1.476,18.04,17.0310,27.9,1.488,19.01,4.07,-57,10.25,
2026-09-21T14:17:15,2,1.535,22.81,17.0300,27.9,1.492,19.40,3.99,-56,9.50,
2026-09-21T14:17:21,2,1.476,18.04,17.0290,27.9,1.487,18.95,4.07,-52,7.75,
2026-09-21T14:17:22,2,1.519,21.52,17.0340,27.9,1.494,19.53,4.00,-53,9.25,
2026-09-21T14:17:23,2,1.474,17.91,17.0330,27.9,1.500,19.98,4.07,-51,8.25,
2026-09-21T14:17:24,2,1.534,22.68,17.0320,27.9,1.497,19.78,4.03,-57,9.75,
2026-09-21T14:17:25,2,1.522,21.78,17.0300,27.9,1.496,19.72,4.00,-57,12.75,
2026-09-21T14:17:26,2,1.476,18.04,17.0420,27.9,1.491,19.27,4.07,-56,10.00,
2026-09-21T14:17:27,2,1.531,22.49,17.0450,27.9,1.499,19.91,3.99,-57,9.50,
2026-09-21T14:17:28,2,1.476,18.11,17.0520,27.9,1.492,19.40,4.05,-57,10.00,
2026-09-21T14:17:29,2,1.475,17.98,17.0570,27.9,1.486,18.88,4.07,-57,10.25,
2026-09-21T14:17:30,2,1.521,21.72,17.0580,27.9,1.497,19.78,4.00,-57,10.00,
2026-09-21T14:17:32,2,1.475,17.98,17.0630,27.9,1.486,18.88,4.07,-57,10.25,
2026-09-21T14:17:33,2,1.534,22.75,17.0610,27.9,1.493,19.46,4.03,-56,9.75,
2026-09-21T14:17:34,2,1.523,21.85,17.0600,27.9,1.497,19.78,4.00,-56,9.25,
2026-09-21T14:17:35,2,1.475,17.98,17.0560,27.9,1.486,18.88,4.07,-57,10.50,
2026-09-21T14:17:36,2,1.532,22.56,17.0540,27.9,1.496,19.72,3.99,-59,9.50,
2026-09-21T14:17:37,2,1.478,18.24,17.0520,27.9,1.491,19.27,4.04,-59,10.00,
2026-09-21T14:17:38,2,1.477,18.17,17.0500,27.9,1.488,19.01,4.07,-60,10.00,
2026-09-21T14:17:39,2,1.525,21.98,17.0420,27.9,1.494,19.53,4.00,-59,9.50,
2026-09-21T14:17:40,2,1.474,17.91,17.0430,27.9,1.486,18.88,4.07,-59,10.25,
2026-09-21T14:17:41,2,1.534,22.68,17.0360,27.9,1.496,19.65,4.03,-59,9.25,
2026-09-21T14:17:43,2,1.525,22.04,17.0350,27.9,1.496,19.65,4.00,-59,9.75,
2026-09-21T14:17:44,2,1.476,18.11,17.0340,27.9,1.488,19.01,4.08,-59,9.00,
2026-09-21T14:17:45,2,1.529,22.30,17.0000,7.0,1.499,19.95,3.99,-59,3.25,
2026-09-21T14:17:46,2,1.477,18.17,17.0340,27.9,1.494,19.53,4.04,-59,9.50,
2026-09-21T14:17:48,2,1.525,21.98,17.0230,27.9,1.495,19.59,4.00,-59,9.50,
2026-09-21T14:17:49,2,1.476,18.04,17.0210,27.9,1.488,19.01,4.06,-59,9.50,
2026-09-21T14:17:50,2,1.530,22.43,17.0180,27.9,1.493,19.46,4.03,-58,9.75,
2026-09-21T14:17:51,2,1.522,21.78,17.0150,27.9,1.495,19.59,4.01,-58,10.00,
2026-09-21T14:17:52,2,1.475,17.98,17.0200,27.9,1.486,18.88,4.07,-58,10.00,
2026-09-21T14:17:53,2,1.530,22.43,17.0190,27.9,1.497,19.78,3.99,-57,9.75,
2026-09-21T14:17:55,2,1.520,21.59,17.0160,27.9,1.491,19.27,4.00,-58,9.75,
2026-09-21T14:17:56,2,1.476,18.04,17.0190,27.9,1.488,19.01,4.07,-58,9.50,
2026-09-21T14:17:57,2,1.527,22.17,17.0160,27.9,1.496,19.72,4.00,-59,10.00,
2026-09-21T14:17:58,2,1.474,17.91,17.0180,27.9,1.488,19.07,4.07,-58,10.25,
2026-09-21T14:17:59,2,1.476,18.04,17.0240,27.9,1.488,19.07,4.07,-58,10.00,
2026-09-21T14:18:00,2,1.521,21.72,17.0270,27.9,1.499,19.91,4.00,-59,9.00,
2026-09-21T14:18:04,2,1.475,17.98,17.0220,27.9,1.489,19.14,4.07,-52,3.75,
2026-09-21T14:18:05,2,1.525,22.04,17.0250,27.9,1.497,19.78,3.99,-52,3.00,
2026-09-21T14:18:07,2,1.479,18.30,17.0270,27.9,1.492,19.33,4.03,-52,3.50,
2026-09-21T14:18:08,2,1.476,18.04,17.0340,27.9,1.488,19.01,4.07,-52,6.25,
2026-09-21T14:18:09,2,1.523,21.85,17.0400,27.9,1.498,19.85,4.00,-59,9.00,
2026-09-21T14:18:10,2,1.476,18.04,17.0430,27.9,1.486,18.88,4.07,-58,10.00,
2026-09-21T14:18:11,2,1.527,22.17,17.0460,27.9,1.492,19.40,4.02,-59,10.25,
2026-09-21T14:18:13,2,1.475,17.98,17.0490,27.9,1.499,19.91,4.07,-58,10.50,
2026-09-21T14:18:14,2,1.526,22.10,17.0510,27.9,1.496,19.65,4.00,-58,9.75,
2026-09-21T14:18:15,2,1.479,18.30,17.0500,27.9,1.494,19.53,4.04,-57,9.75,
2026-09-21T14:18:16,2,1.474,17.91,17.0540,27.9,1.488,19.01,4.07,-58,10.00,
2026-09-21T14:18:17,2,1.522,21.78,17.0530,27.9,1.494,19.53,4.00,-58,9.25,
2026-09-21T14:18:19,2,1.475,17.98,17.0580,27.9,1.488,19.01,4.07,-57,10.25,
2026-09-21T14:18:20,2,1.530,22.36,17.0630,27.9,1.492,19.33,4.03,-58,9.75,
2026-09-21T14:18:21,2,1.521,21.72,17.0640,27.9,1.496,19.72,4.01,-57,10.00,
2026-09-21T14:18:22,2,1.475,17.98,17.0660,27.9,1.489,19.14,4.07,-57,10.25,
2026-09-21T14:18:23,2,1.529,22.30,17.0640,27.9,1.496,19.65,3.98,-57,9.75,
2026-09-21T14:18:24,2,1.481,18.49,17.0660,27.9,1.493,19.46,4.04,-57,10.00,
2026-09-21T14:18:25,2,1.476,18.11,17.0660,27.9,1.488,19.07,4.07,-57,10.00,
2026-09-21T14:18:26,2,1.523,21.85,17.0580,27.9,1.494,19.53,4.00,-58,9.75,
2026-09-21T14:18:27,2,1.476,18.04,17.0540,27.9,1.497,19.78,4.07,-57,10.25,
2026-09-21T14:18:28,2,1.530,22.43,17.0480,27.9,1.491,19.27,4.02,-57,10.00,
2026-09-21T14:18:29,2,1.523,21.85,17.0530,27.9,1.496,19.65,4.01,-57,9.75,
2026-09-21T14:18:31,2,1.472,17.78,17.0500,27.9,1.488,19.07,4.07,-57,10.50,
2026-09-21T14:18:32,2,1.529,22.30,17.0510,27.9,1.498,19.85,3.99,-57,10.00,
2026-09-21T14:18:33,2,1.478,18.24,17.0480,27.9,1.494,19.53,4.04,-57,10.00,
2026-09-21T14:18:34,2,1.474,17.91,17.0470,27.9,1.489,19.14,4.07,-57,10.00,
2026-09-21T14:18:35,2,1.521,21.72,17.0520,27.9,1.496,19.72,4.00,-57,10.00,
2026-09-21T14:18:36,2,1.474,17.91,17.0500,27.9,1.486,18.88,4.07,-57,10.00,
2026-09-21T14:18:37,2,1.534,22.68,17.0520,27.9,1.495,19.59,4.02,-57,10.00,
2026-09-21T14:18:38,2,1.522,21.78,17.0500,27.9,1.496,19.65,4.00,-57,9.75,
2026-09-21T14:18:39,2,1.476,18.04,17.0480,27.9,1.488,19.07,4.07,-58,10.25,
2026-09-21T14:18:40,2,1.529,22.30,17.0460,27.9,1.501,20.11,3.98,-57,9.75,
2026-09-21T14:18:42,2,1.479,18.30,17.0490,27.9,1.492,19.33,4.03,-58,9.75,
2026-09-21T14:18:43,2,1.476,18.11,17.0470,27.9,1.488,19.01,4.07,-58,10.00,
2026-09-21T14:18:44,2,1.522,21.78,17.0510,27.9,1.496,19.72,4.00,-58,10.00,
2026-09-21T14:18:49,2,1.524,21.91,17.0560,27.9,1.493,19.46,4.03,-51,2.25,
2026-09-21T14:18:50,2,1.488,19.01,17.0560,27.9,1.492,19.33,4.03,-51,2.00,
2026-09-21T14:18:51,2,1.488,19.07,17.0490,27.9,1.488,19.07,4.07,-51,3.50,
2026-09-21T14:18:52,2,1.525,21.98,17.0500,27.9,1.496,19.72,3.99,-57,9.50,
2026-09-21T14:18:54,2,1.478,18.24,17.0540,27.9,1.490,19.20,4.04,-58,9.75,
2026-09-21T14:18:55,2,1.492,19.40,17.0510,27.9,1.491,19.27,4.07,-58,10.25,
2026-09-21T14:18:56,2,1.523,21.85,17.0520,27.9,1.496,19.72,4.00,-58,9.75,
2026-09-21T14:18:57,2,1.476,18.04,17.0540,27.9,1.479,18.30,4.07,-57,10.00,
2026-09-21T14:18:58,2,1.526,22.10,17.0530,27.9,1.493,19.46,4.03,-57,9.75,
2026-09-21T14:18:59,2,1.522,21.78,17.0510,27.9,1.496,19.65,4.00,-58,9.50,
2026-09-21T14:19:00,2,1.475,17.98,17.0490,27.9,1.488,19.07,4.07,-58,10.25,
2026-09-21T14:19:01,2,1.526,22.10,17.0520,27.9,1.499,19.91,4.00,-58,9.75,
2026-09-21T14:19:02,2,1.480,18.43,17.0580,27.9,1.492,19.33,4.04,-58,10.00,
2026-09-21T14:19:03,2,1.480,18.36,17.0620,27.9,1.491,19.27,4.07,-57,10.50,
2026-09-21T14:19:04,2,1.523,21.85,17.0600,27.9,1.496,19.65,4.00,-57,9.50,
2026-09-21T14:19:06,2,1.479,18.30,17.0680,27.9,1.487,18.95,4.07,-57,10.25,
2026-09-21T14:19:07,2,1.526,22.10,17.0690,27.9,1.491,19.27,4.03,-57,10.00,
2026-09-21T14:19:08,2,1.521,21.72,17.0670,27.9,1.495,19.59,4.00,-57,9.50,
2026-09-21T14:19:09,2,1.476,18.04,17.0620,27.9,1.490,19.20,4.07,-57,10.25,
2026-09-21T14:19:10,2,1.526,22.10,17.0620,27.9,1.500,19.98,3.99,-57,9.75,
2026-09-21T14:19:11,2,1.483,18.62,17.0680,27.9,1.492,19.40,4.04,-57,9.75,
2026-09-21T14:19:12,2,1.475,17.98,17.0700,27.9,1.485,18.82,4.07,-56,10.75,
2026-09-21T14:19:13,2,1.525,22.04,17.0680,27.9,1.498,19.85,4.00,-57,9.75,
2026-09-21T14:19:14,2,1.476,18.11,17.0680,27.9,1.486,18.88,4.07,-57,10.50,
2026-09-21T14:19:15,2,1.528,22.23,17.0650,27.9,1.492,19.33,4.03,-59,10.00,
2026-09-21T14:19:16,2,1.522,21.78,17.0610,27.9,1.497,19.78,4.01,-59,9.75,
2026-09-21T14:19:18,2,1.480,18.36,17.0560,27.9,1.489,19.14,4.07,-60,9.75,
2026-09-21T14:19:19,2,1.527,22.17,17.0540,27.9,1.499,19.91,3.99,-58,9.50,
2026-09-21T14:19:20,2,1.477,18.17,17.0520,27.9,1.494,19.53,4.03,-59,9.50,
2026-09-21T14:19:21,2,1.475,17.98,17.0460,27.9,1.488,19.01,4.07,-59,10.25,
2026-09-21T14:19:22,2,1.525,21.98,17.0470,27.9,1.496,19.72,4.00,-59,9.25,
2026-09-21T14:19:23,2,1.476,18.11,17.0360,27.9,1.486,18.88,4.07,-57,10.25,
2026-09-21T14:19:24,2,1.530,22.36,17.0410,27.9,1.493,19.46,4.02,-58,10.25,
2026-09-21T14:19:25,2,1.520,21.59,17.0310,27.9,1.492,19.40,4.00,-58,9.75,
2026-09-21T14:19:26,2,1.475,17.98,17.0320,27.9,1.488,19.07,4.07,-58,10.00,
2026-09-21T14:19:27,2,1.525,21.98,17.0350,27.9,1.499,19.91,3.99,-58,9.75,
2026-09-21T14:19:33,2,1.534,22.75,17.0240,27.9,1.493,19.46,4.02,-52,4.25,
2026-09-21T14:19:34,2,1.521,21.72,17.0300,27.9,1.496,19.65,3.99,-52,4.25,
2026-09-21T14:19:35,2,1.476,18.04,17.0310,27.9,1.488,19.07,4.07,-53,-0.25,
2026-09-21T14:19:36,2,1.524,21.91,17.0400,27.9,1.492,19.40,4.03,-59,8.75,
2026-09-21T14:19:37,2,1.479,18.30,17.0470,27.9,1.493,19.46,4.04,-58,9.75,
2026-09-21T14:19:38,2,1.476,18.11,17.0480,27.9,1.489,19.14,4.07,-58,10.25,
2026-09-21T14:19:39,2,1.525,22.04,17.0500,27.9,1.497,19.78,4.00,-58,9.25,
2026-09-21T14:19:41,2,1.479,18.30,17.0570,27.9,1.492,19.33,4.04,-58,10.00,
2026-09-21T14:19:42,2,1.536,22.88,17.0620,27.9,1.492,19.33,4.03,-58,9.50,
2026-09-21T14:19:43,2,1.536,22.88,17.0550,27.9,1.496,19.65,4.00,-58,9.75,
2026-09-21T14:19:44,2,1.475,17.98,17.0590,27.9,1.489,19.14,4.07,-57,11.00,
2026-09-21T14:19:45,2,1.525,21.98,17.0680,27.9,1.491,19.27,4.03,-57,9.50,
2026-09-21T14:19:46,2,1.480,18.43,17.0630,27.9,1.492,19.40,4.04,-58,10.25,
2026-09-21T14:19:47,2,1.472,17.78,17.0630,27.9,1.489,19.14,4.07,-55,10.00,
2026-09-21T14:19:48,2,1.526,22.10,17.0650,27.9,1.499,19.91,3.99,-58,9.25,
2026-09-21T14:19:49,2,1.477,18.17,17.0610,27.9,1.493,19.46,4.03,-57,10.00,
2026-09-21T14:19:50,2,1.473,17.85,17.0670,27.9,1.487,18.95,4.07,-55,10.50,
2026-09-21T14:19:51,2,1.524,21.91,17.0650,27.9,1.496,19.72,3.99,-58,9.75,
2026-09-21T14:19:53,2,1.476,18.11,17.0620,27.9,1.488,19.07,4.07,-54,10.00,
2026-09-21T14:19:54,2,1.527,22.17,17.0650,27.9,1.492,19.33,4.03,-56,9.75,
2026-09-21T14:19:55,2,1.522,21.78,17.0600,27.9,1.499,19.91,4.00,-56,9.50,
2026-09-21T14:19:56,2,1.473,17.85,17.0530,27.9,1.487,18.95,4.07,-57,10.25,
2026-09-21T14:19:57,2,1.525,22.04,17.0560,27.9,1.497,19.78,3.98,-55,11.00,
2026-09-21T14:19:58,2,1.480,18.43,17.0560,27.9,1.491,19.27,4.04,-56,9.75,
2026-09-21T14:19:59,2,1.476,18.04,17.0540,27.9,1.488,19.07,4.07,-56,10.25,
2026-09-21T14:20:01,2,1.475,17.98,17.0530,27.9,1.488,19.01,4.07,-57,10.25,
2026-09-21T14:20:02,2,1.527,22.17,17.0590,27.9,1.492,19.33,4.03,-56,9.75,
2026-09-21T14:20:03,2,1.521,21.65,17.0590,27.9,1.496,19.65,4.00,-56,9.50,
2026-09-21T14:20:05,2,1.474,17.91,17.0580,27.9,1.490,19.20,4.07,-56,10.00,
2026-09-21T14:20:06,2,1.530,22.43,17.0530,27.9,1.499,19.91,3.99,-57,9.50,
2026-09-21T14:20:07,2,1.480,18.36,17.0560,27.9,1.493,19.46,4.04,-58,10.75,
2026-09-21T14:20:08,2,1.475,17.98,17.0500,27.9,1.486,18.88,4.07,-58,10.00,
2026-09-21T14:20:09,2,1.525,21.98,17.0510,27.9,1.499,19.91,4.00,-59,9.25,
2026-09-21T14:20:10,2,1.476,18.04,17.0490,27.9,1.488,19.07,4.04,-59,10.00,
2026-09-21T14:20:11,2,1.531,22.49,17.0510,27.9,1.493,19.46,4.02,-58,10.00,
2026-09-21T14:20:20,2,1.530,22.36,17.0590,27.9,1.495,19.59,4.03,-50,8.25,
2026-09-21T14:20:21,2,1.523,21.85,17.0580,27.9,1.495,19.59,4.00,-58,10.00,
2026-09-21T14:20:22,2,1.477,18.17,17.0570,27.9,1.488,19.01,4.07,-57,10.25,
2026-09-21T14:20:23,2,1.524,21.91,17.0600,27.9,1.495,19.59,4.03,-57,9.50,
2026-09-21T14:20:24,2,1.478,18.24,17.0570,27.9,1.492,19.33,4.03,-56,9.75,
2026-09-21T14:20:25,2,1.474,17.91,17.0540,27.9,1.488,19.07,4.07,-56,10.00,
2026-09-21T14:20:26,2,1.525,21.98,17.0550,27.9,1.499,19.91,3.99,-57,10.00,
2026-09-21T14:20:28,2,1.478,18.24,17.0530,27.9,1.492,19.40,4.03,-57,10.00,
2026-09-21T14:20:29,2,1.533,22.62,17.0650,27.9,1.494,19.53,4.02,-57,10.00,
2026-09-21T14:20:30,2,1.523,21.85,17.0630,27.9,1.498,19.85,3.99,-55,9.75,
2026-09-21T14:20:31,2,1.476,18.11,17.0560,27.9,1.487,18.95,4.06,-58,10.25,
2026-09-21T14:20:32,2,1.521,21.72,17.0550,27.9,1.492,19.33,4.03,-59,9.50,
2026-09-21T14:20:33,2,1.482,18.56,17.0520,27.9,1.491,19.27,4.03,-56,9.75,
2026-09-21T14:20:34,2,1.476,18.04,17.0510,27.9,1.486,18.88,4.07,-58,10.25,
2026-09-21T14:20:35,2,1.526,22.10,17.0450,27.9,1.500,19.98,3.98,-59,9.50,
2026-09-21T14:20:36,2,1.490,19.20,17.0490,27.9,1.491,19.27,4.03,-57,9.75,
2026-09-21T14:20:37,2,1.534,22.75,17.0460,27.9,1.493,19.46,4.03,-56,10.00,
2026-09-21T14:20:38,2,1.523,21.85,17.0450,27.9,1.495,19.59,4.00,-57,9.50,
2026-09-21T14:20:40,2,1.475,17.98,17.0470,27.9,1.484,18.75,4.07,-58,10.00,
2026-09-21T14:20:41,2,1.525,22.04,17.0500,27.9,1.492,19.33,4.03,-59,9.50,
2026-09-21T14:20:42,2,1.478,18.24,17.0470,27.9,1.492,19.33,4.03,-59,9.25,
2026-09-21T14:20:43,2,1.476,18.11,17.0510,27.9,1.489,19.14,4.07,-59,10.25,
2026-09-21T14:20:44,2,1.517,21.33,17.0510,27.9,1.499,19.91,4.01,-60,10.00,
2026-09-21T14:20:45,2,1.479,18.30,17.0530,27.9,1.494,19.53,4.04,-60,9.75,
2026-09-21T14:20:46,2,1.495,19.59,17.0620,27.9,1.490,19.20,4.07,-58,10.00,
2026-09-21T14:20:47,2,1.524,21.91,17.0580,27.9,1.497,19.78,4.00,-58,9.25,
2026-09-21T14:20:49,2,1.524,21.91,17.0570,27.9,1.489,19.14,4.03,-57,10.25,
2026-09-21T14:20:50,2,1.521,21.72,17.0620,27.9,1.496,19.65,4.00,-57,9.50,
2026-09-21T14:20:52,2,1.473,17.85,17.0610,27.9,1.488,19.01,4.07,-58,10.00,
2026-09-21T14:20:53,2,1.520,21.59,17.0620,27.9,1.497,19.78,4.03,-56,9.75,
2026-09-21T14:20:54,2,1.480,18.36,17.0570,27.9,1.492,19.33,4.04,-58,10.25,
2026-09-21T14:20:55,2,1.476,18.04,17.0520,27.9,1.489,19.14,4.07,-60,10.25,
2026-09-21T14:20:56,2,1.525,22.04,17.0530,27.9,1.496,19.65,3.99,-58,9.50,
2026-09-21T14:21:01,2,1.522,21.78,17.0660,27.9,1.493,19.46,4.03,-52,6.75,
2026-09-21T14:21:04,2,1.476,18.04,17.0560,27.9,1.489,19.14,4.07,-52,4.00,
2026-09-21T14:21:05,2,1.530,22.43,17.0620,27.9,1.502,20.17,3.99,-57,10.00,
2026-09-21T14:21:06,2,1.479,18.30,17.0630,27.9,1.495,19.59,4.04,-60,9.75,
2026-09-21T14:21:07,2,1.532,22.56,17.0670,27.9,1.495,19.59,4.02,-60,9.50,
2026-09-21T14:21:09,2,1.476,18.11,17.0630,27.9,1.490,19.20,4.07,-59,10.00,
2026-09-21T14:21:10,2,1.523,21.85,17.0610,27.9,1.492,19.40,4.03,-60,9.75,
2026-09-21T14:21:11,2,1.478,18.24,17.0650,27.9,1.491,19.27,4.03,-59,9.50,
2026-09-21T14:21:12,2,1.477,18.17,17.0660,27.9,1.490,19.20,4.07,-59,10.25,
2026-09-21T14:21:13,2,1.523,21.85,17.0720,27.9,1.496,19.72,3.99,-61,12.00,
2026-09-21T14:21:15,2,1.480,18.36,17.0750,27.9,1.494,19.53,4.04,-59,9.50,
2026-09-21T14:21:16,2,1.534,22.75,17.0760,27.9,1.492,19.33,4.02,-61,9.75,
2026-09-21T14:21:17,2,1.523,21.85,17.0730,27.9,1.500,19.98,3.99,-57,9.75,
2026-09-21T14:21:18,2,1.476,18.11,17.0670,27.9,1.489,19.14,4.07,-55,10.00,
2026-09-21T14:21:19,2,1.528,22.23,17.0680,27.9,1.492,19.40,4.03,-57,9.50,
2026-09-21T14:21:20,2,1.478,18.24,17.0660,27.9,1.492,19.33,4.03,-58,9.75,
2026-09-21T14:21:21,2,1.474,17.91,17.0650,27.9,1.486,18.88,4.07,-58,10.50,
2026-09-21T14:21:22,2,1.526,22.10,17.0680,27.9,1.498,19.85,3.99,-56,10.00,
2026-09-21T14:21:23,2,1.477,18.17,17.0680,27.9,1.491,19.27,4.04,-55,10.00,
2026-09-21T14:21:24,2,1.533,22.62,17.0620,27.9,1.493,19.46,4.01,-55,10.00,
2026-09-21T14:21:25,2,1.521,21.72,17.0690,27.9,1.498,19.85,4.00,-55,9.25,
2026-09-21T14:21:27,2,1.479,18.30,17.0590,27.9,1.492,19.33,4.04,-54,9.75,
2026-09-21T14:21:28,2,1.525,21.98,17.0560,27.9,1.492,19.40,4.03,-55,9.75,
2026-09-21T14:21:29,2,1.481,18.49,17.0540,27.9,1.494,19.53,4.03,-56,9.50,
2026-09-21T14:21:30,2,1.476,18.11,17.0560,27.9,1.487,18.95,4.06,-55,9.75,
2026-09-21T14:21:31,2,1.521,21.72,17.0560,27.9,1.493,19.46,4.03,-56,9.50,
2026-09-21T14:21:32,2,1.477,18.17,17.0580,27.9,1.492,19.40,4.03,-57,9.75,
2026-09-21T14:21:33,2,1.516,21.27,17.0570,27.9,1.489,19.14,4.07,-57,10.25,
2026-09-21T14:21:34,2,1.525,22.04,17.0540,27.9,1.497,19.78,4.00,-56,10.00,
2026-09-21T14:21:35,2,1.476,18.11,17.0520,27.9,1.491,19.27,4.04,-55,10.25,
2026-09-21T14:21:36,2,1.524,21.91,17.0580,27.9,1.494,19.53,4.03,-58,9.50,
2026-09-21T14:21:37,2,1.522,21.78,17.0580,27.9,1.499,19.91,3.99,-57,9.50,
2026-09-21T14:21:39,2,1.470,17.59,17.0620,27.9,1.488,19.07,4.07,-57,10.25,
2026-09-21T14:21:40,2,1.525,21.98,17.0560,27.9,1.492,19.40,4.04,-56,10.50,
2026-09-21T14:21:45,2,1.528,22.20,17.0490,27.9,1.484,18.75,4.03,-44,-1.00,
2026-09-21T14:21:46,2,1.524,21.91,17.0500,27.9,1.496,19.65,4.00,-45,-0.50,
2026-09-21T14:21:47,2,1.476,18.04,17.0570,27.9,1.487,18.95,4.07,-45,-0.25,
2026-09-21T14:21:48,2,1.523,21.85,17.0610,27.9,1.493,19.46,4.03,-55,9.50,
2026-09-21T14:21:49,2,1.480,18.36,17.0590,27.9,1.492,19.33,4.04,-55,10.00,
2026-09-21T14:21:51,2,1.476,18.04,17.0570,27.9,1.486,18.88,4.07,-56,10.25,
2026-09-21T14:21:52,2,1.527,22.17,17.0580,27.9,1.498,19.85,3.99,-57,9.50,
2026-09-21T14:21:53,2,1.479,18.30,17.0530,27.9,1.492,19.33,4.03,-59,10.00,
2026-09-21T14:21:54,2,1.530,22.36,17.0570,27.9,1.492,19.40,4.03,-59,9.50,
2026-09-21T14:21:55,2,1.536,22.88,17.0590,27.9,1.496,19.65,4.00,-60,9.50,
2026-09-21T14:21:56,2,1.474,17.91,17.0580,27.9,1.489,19.14,4.06,-60,9.50,
2026-09-21T14:21:57,2,1.522,21.78,17.0580,27.9,1.492,19.33,4.03,-60,9.75,
2026-09-21T14:21:58,2,1.481,18.49,17.0580,27.9,1.491,19.27,4.03,-59,9.75,
2026-09-21T14:21:59,2,1.475,17.98,17.0650,27.9,1.489,19.14,4.07,-60,10.25,
2026-09-21T14:22:00,2,1.525,22.04,17.0690,27.9,1.499,19.91,3.98,-58,10.00,
2026-09-21T14:22:02,2,1.481,18.49,17.0750,27.9,1.491,19.27,4.04,-56,9.75,
2026-09-21T14:22:03,2,1.531,22.49,17.0750,27.9,1.496,19.65,4.02,-55,10.00,
2026-09-21T14:22:04,2,1.521,21.72,17.0760,27.9,1.497,19.78,4.00,-54,9.25,
2026-09-21T14:22:05,2,1.476,18.11,17.0780,27.9,1.485,18.82,4.07,-55,10.75,
2026-09-21T14:22:06,2,1.525,22.04,17.0790,27.9,1.492,19.40,4.02,-56,9.75,
2026-09-21T14:22:07,2,1.480,18.36,17.0780,27.9,1.493,19.46,4.03,-58,9.50,
2026-09-21T14:22:08,2,1.475,17.98,17.0780,27.9,1.487,18.95,4.07,-58,10.25,
2026-09-21T14:22:09,2,1.521,21.65,17.0760,27.9,1.504,20.30,4.03,-58,9.25,
2026-09-21T14:22:10,2,1.480,18.36,17.0830,27.9,1.490,19.20,4.03,-59,9.50,
2026-09-21T14:22:11,2,1.536,22.88,17.0810,27.9,1.493,19.46,4.02,-60,9.50,
2026-09-21T14:22:12,2,1.522,21.78,17.0810,27.9,1.497,19.78,3.99,-58,9.25,
2026-09-21T14:22:14,2,1.480,18.36,17.0830,27.9,1.492,19.40,4.04,-59,9.75,
2026-09-21T14:22:15,2,1.525,21.98,17.0830,27.9,1.492,19.33,4.02,-58,10.25,
2026-09-21T14:22:16,2,1.478,18.24,17.0810,27.9,1.491,19.27,4.03,-57,9.75,
2026-09-21T14:22:17,2,1.475,17.98,17.0800,27.9,1.487,18.95,4.07,-57,10.25,
2026-09-21T14:22:18,2,1.521,21.72,17.0810,27.9,1.492,19.40,4.03,-58,9.25,
2026-09-21T14:22:19,2,1.480,18.36,17.0750,27.9,1.492,19.40,4.03,-59,9.50,
2026-09-21T14:22:20,2,1.495,19.59,17.0730,27.9,1.493,19.46,4.07,-60,9.75,
2026-09-21T14:22:21,2,1.524,21.91,17.0700,27.9,1.496,19.72,3.99,-59,12.00,
2026-09-21T14:22:22,2,1.478,18.24,17.0700,27.9,1.492,19.33,4.04,-60,10.25,
2026-09-21T14:22:23,2,1.527,22.17,17.0730,27.9,1.492,19.40,4.03,-57,9.75,
2026-09-21T14:22:31,2,1.478,18.24,17.0460,27.9,1.492,19.33,4.04,-49,0.50,
2026-09-21T14:22:32,2,1.529,22.30,17.0460,27.9,1.492,19.40,4.03,-58,9.75,
2026-09-21T14:22:33,2,1.521,21.65,17.0470,27.9,1.501,20.11,4.00,-60,10.00,
2026-09-21T14:22:34,2,1.465,17.20,17.0430,27.9,1.488,19.01,4.07,-58,9.75,
2026-09-21T14:22:35,2,1.521,21.65,17.0430,27.9,1.491,19.27,4.03,-59,9.75,
2026-09-21T14:22:36,2,1.480,18.36,17.0390,27.9,1.491,19.27,4.03,-60,9.50,
2026-09-21T14:22:38,2,1.477,18.17,17.0400,27.9,1.488,19.01,4.07,-60,10.00,
2026-09-21T14:22:39,2,1.522,21.78,17.0430,27.9,1.500,19.98,3.99,-60,9.50,
2026-09-21T14:22:40,2,1.480,18.43,17.0470,27.9,1.494,19.53,4.03,-60,9.50,
2026-09-21T14:22:41,2,1.531,22.49,17.0470,27.9,1.489,19.14,4.02,-60,9.75,
2026-09-21T14:22:42,2,1.524,21.91,17.0440,27.9,1.500,19.98,4.00,-61,9.50,
2026-09-21T14:22:43,2,1.474,17.91,17.0440,27.9,1.492,19.33,4.05,-60,9.50,
2026-09-21T14:22:44,2,1.523,21.85,17.0500,27.9,1.493,19.46,4.03,-58,9.75,
2026-09-21T14:22:45,2,1.481,18.49,17.0530,27.9,1.492,19.33,4.04,-59,10.00,
2026-09-21T14:22:46,2,1.473,17.85,17.0560,27.9,1.488,19.07,4.07,-61,10.00,
2026-09-21T14:22:47,2,1.517,21.33,17.0570,27.9,1.492,19.40,4.03,-60,9.50,
2026-09-21T14:22:49,2,1.479,18.30,17.0600,27.9,1.504,20.30,4.03,-61,10.00,
2026-09-21T14:22:50,2,1.534,22.75,17.0600,27.9,1.493,19.46,4.02,-62,9.75,
2026-09-21T14:22:51,2,1.525,21.98,17.0660,27.9,1.498,19.85,3.99,-63,9.50,
2026-09-21T14:22:52,2,1.480,18.36,17.0620,27.9,1.492,19.33,4.03,-61,9.75,
2026-09-21T14:22:53,2,1.523,21.85,17.0590,27.9,1.494,19.53,4.03,-60,9.25,
2026-09-21T14:22:54,2,1.482,18.56,17.0570,27.9,1.494,19.53,4.03,-60,9.75,
2026-09-21T14:22:55,2,1.474,17.91,17.0620,27.9,1.488,19.01,4.06,-60,9.25,
2026-09-21T14:22:56,2,1.521,21.65,17.0710,27.9,1.493,19.46,4.04,-60,10.25,
2026-09-21T14:22:57,2,1.481,18.49,17.0690,27.9,1.492,19.40,4.03,-60,9.50,
2026-09-21T14:22:58,2,1.534,22.68,17.0650,27.9,1.494,19.53,4.03,-61,9.50,
2026-09-21T14:22:59,2,1.525,22.04,17.0620,27.9,1.497,19.78,3.99,-60,9.50,
2026-09-21T14:23:01,2,1.478,18.24,17.0600,27.9,1.493,19.46,4.03,-64,9.50,
2026-09-21T14:23:02,2,1.525,21.98,17.0620,27.9,1.494,19.53,4.03,-64,9.00,
2026-09-21T14:23:03,2,1.480,18.36,17.0550,27.9,1.492,19.40,4.03,-64,10.00,
2026-09-21T14:23:04,2,1.476,18.11,17.0520,27.9,1.486,18.88,4.07,-67,9.75,
2026-09-21T14:23:05,2,1.521,21.65,17.0500,27.9,1.493,19.46,4.03,-61,9.75,
2026-09-21T14:23:06,2,1.477,18.17,17.0520,27.9,1.492,19.40,4.03,-60,10.00,
2026-09-21T14:23:07,2,1.534,22.68,17.0530,27.9,1.494,19.53,4.02,-60,9.25,
2026-09-21T14:23:08,2,1.522,21.78,17.0580,27.9,1.491,19.27,3.99,-58,9.25,
2026-09-21T14:23:16,2,1.475,17.98,17.0550,27.9,1.488,19.01,4.00,-50,5.50,
2026-09-21T14:23:17,2,1.525,21.98,17.0580,27.9,1.498,19.85,3.99,-59,9.75,
2026-09-21T14:23:18,2,1.482,18.56,17.0570,27.9,1.492,19.33,4.04,-60,10.25,
2026-09-21T14:23:19,2,1.528,22.23,17.0610,27.9,1.492,19.40,4.01,-60,9.75,
2026-09-21T14:23:20,2,1.521,21.72,17.0610,27.9,1.496,19.65,4.00,-60,9.25,
2026-09-21T14:23:21,2,1.476,18.11,17.0620,27.9,1.484,18.75,4.07,-60,9.75,
2026-09-21T14:23:22,2,1.521,21.72,17.0670,27.9,1.492,19.33,4.03,-60,10.00,
2026-09-21T14:23:23,2,1.480,18.43,17.0700,27.9,1.492,19.33,4.04,-60,10.00,
2026-09-21T14:23:25,2,1.476,18.04,17.0720,27.9,1.480,18.43,4.06,-59,10.50,
2026-09-21T14:23:26,2,1.517,21.33,17.0720,27.9,1.491,19.27,4.03,-59,12.25,
2026-09-21T14:23:27,2,1.481,18.49,17.0720,27.9,1.487,18.95,4.03,-59,9.75,
2026-09-21T14:23:28,2,1.529,22.30,17.0660,27.9,1.492,19.40,4.02,-60,9.75,
2026-09-21T14:23:29,2,1.522,21.78,17.0720,27.9,1.495,19.59,3.99,-59,9.00,
2026-09-21T14:23:30,2,1.480,18.36,17.0750,27.9,1.485,18.82,4.03,-60,9.75,
2026-09-21T14:23:31,2,1.524,21.91,17.0840,27.9,1.490,19.20,4.03,-61,9.50,
2026-09-21T14:23:32,2,1.480,18.43,17.0830,27.9,1.492,19.33,4.04,-61,10.00,
2026-09-21T14:23:33,2,1.477,18.17,17.0880,27.9,1.489,19.14,4.06,-59,9.50,
2026-09-21T14:23:34,2,1.520,21.59,17.0840,27.9,1.491,19.27,4.03,-59,9.50,
2026-09-21T14:23:35,2,1.480,18.36,17.0860,27.9,1.492,19.40,4.03,-59,9.50,
2026-09-21T14:23:37,2,1.532,22.56,17.0880,27.9,1.493,19.46,4.03,-58,9.25,
2026-09-21T14:23:38,2,1.522,21.78,17.0870,27.9,1.496,19.72,3.99,-58,9.75,
2026-09-21T14:23:39,2,1.479,18.30,17.0840,27.9,1.490,19.20,4.04,-57,10.25,
2026-09-21T14:23:40,2,1.524,21.91,17.0870,27.9,1.491,19.27,4.03,-59,10.00,
2026-09-21T14:23:41,2,1.477,18.17,17.0890,27.9,1.490,19.20,4.03,-59,9.25,
2026-09-21T14:23:42,2,1.476,18.11,17.0860,27.9,1.496,19.72,4.07,-60,10.00,
2026-09-21T14:23:43,2,1.522,21.78,17.0840,27.9,1.491,19.27,4.03,-58,9.50,
2026-09-21T14:23:44,2,1.480,18.43,17.0910,27.9,1.490,19.20,4.03,-59,9.25,
2026-09-21T14:23:45,2,1.532,22.56,17.0880,27.9,1.491,19.27,4.02,-59,10.00,
2026-09-21T14:23:46,2,1.525,22.04,17.0870,27.9,1.497,19.78,3.99,-59,9.50,
2026-09-21T14:23:48,2,1.480,18.36,17.0820,27.9,1.490,19.20,4.03,-59,10.25,
2026-09-21T14:23:49,2,1.525,21.98,17.0830,27.9,1.492,19.40,4.03,-60,9.50,
2026-09-21T14:23:50,2,1.479,18.30,17.0750,27.9,1.492,19.33,4.03,-59,9.50,
2026-09-21T14:23:51,2,1.476,18.11,17.0710,27.9,1.487,18.95,4.07,-60,10.25,
2026-09-21T14:23:52,2,1.521,21.65,17.0750,27.9,1.490,19.20,4.03,-60,9.75,
2026-09-21T14:24:01,2,1.520,21.59,17.0620,27.9,1.491,19.27,4.03,-60,9.75,
2026-09-21T14:24:02,2,1.479,18.30,17.0620,27.9,1.493,19.46,4.03,-59,9.25,
2026-09-21T14:24:03,2,1.532,22.56,17.0650,27.9,1.491,19.27,4.03,-59,9.50,
2026-09-21T14:24:04,2,1.517,21.39,17.0520,27.9,1.492,19.40,4.03,-60,9.75,
2026-09-21T14:24:05,2,1.481,18.49,17.0530,27.9,1.494,19.53,4.03,-60,9.75,
2026-09-21T14:24:06,2,1.525,22.04,17.0530,27.9,1.491,19.27,4.03,-60,9.75,
2026-09-21T14:24:07,2,1.522,21.78,17.0580,27.9,1.495,19.59,3.99,-61,9.25,
2026-09-21T14:24:08,2,1.479,18.30,17.0630,27.9,1.491,19.27,4.03,-60,9.50,
2026-09-21T14:24:09,2,1.521,21.72,17.0600,27.9,1.492,19.40,4.03,-59,9.50,
2026-09-21T14:24:10,2,1.480,18.36,17.0630,27.9,1.490,19.20,4.03,-59,9.50,
2026-09-21T14:24:12,2,1.474,17.91,17.0620,27.9,1.489,19.14,4.07,-60,10.00,
2026-09-21T14:24:13,2,1.521,21.65,17.0530,27.9,1.493,19.46,4.03,-59,9.50,
2026-09-21T14:24:14,2,1.479,18.30,17.0580,27.9,1.492,19.40,4.03,-59,10.00,
2026-09-21T14:24:15,2,1.525,22.04,17.0570,27.9,1.492,19.40,4.03,-59,9.75,
2026-09-21T14:24:16,2,1.523,21.85,17.0590,27.9,1.497,19.78,3.99,-58,9.00,
2026-09-21T14:24:17,2,1.478,18.24,17.0610,27.9,1.493,19.46,4.03,-59,9.50,
2026-09-21T14:24:18,2,1.521,21.72,17.0600,27.9,1.492,19.40,4.03,-58,9.75,
2026-09-21T14:24:19,2,1.479,18.30,17.0580,27.9,1.493,19.46,4.03,-58,9.50,
2026-09-21T14:24:20,2,1.484,18.69,17.0610,27.9,1.486,18.88,4.06,-58,9.50,
2026-09-21T14:24:21,2,1.523,21.85,17.0590,27.9,1.490,19.20,4.03,-59,9.50,
2026-09-21T14:24:22,2,1.480,18.36,17.0620,27.9,1.496,19.65,4.03,-57,9.50,
2026-09-21T14:24:24,2,1.527,22.17,17.0610,27.9,1.493,19.46,4.03,-58,10.75,
2026-09-21T14:24:25,2,1.523,21.85,17.0740,27.9,1.499,19.91,3.99,-58,9.50,
2026-09-21T14:24:26,2,1.480,18.36,17.0750,27.9,1.493,19.46,4.04,-60,10.00,
2026-09-21T14:24:27,2,1.522,21.78,17.0680,27.9,1.493,19.46,4.03,-58,9.00,
2026-09-21T14:24:28,2,1.480,18.36,17.0630,27.9,1.492,19.33,4.03,-59,9.25,
2026-09-21T14:24:29,2,1.476,18.11,17.0680,27.9,1.488,19.01,4.06,-59,9.25,
2026-09-21T14:24:30,2,1.521,21.65,17.0690,27.9,1.491,19.27,4.03,-58,9.50,
2026-09-21T14:24:31,2,1.481,18.49,17.0680,27.9,1.492,19.40,4.03,-58,9.75,
2026-09-21T14:24:32,2,1.528,22.23,17.0730,27.9,1.492,19.40,4.02,-60,10.00,3
2026-09-21T14:24:33,2,1.524,21.91,17.0760,27.9,1.496,19.65,3.98,-60,9.75,
2026-09-21T14:24:35,2,1.480,18.43,17.0670,27.9,1.492,19.33,4.02,-60,10.00,
2026-09-21T14:24:36,2,1.521,21.72,17.0670,27.9,1.489,19.14,4.03,-58,9.50,
2026-09-21T14:24:44,2,1.521,21.72,17.0720,27.9,1.490,19.20,4.03,-58,9.75,
2026-09-21T14:24:45,2,1.480,18.43,17.0650,27.9,1.492,19.40,4.02,-56,10.00,
2026-09-21T14:24:47,2,1.480,18.43,17.0610,27.9,1.491,19.27,4.03,-58,10.25,
2026-09-21T14:24:48,2,1.515,21.20,17.0660,27.9,1.493,19.46,4.03,-57,9.75,
2026-09-21T14:24:49,2,1.475,17.98,17.0600,27.9,1.494,19.53,4.03,-59,9.25,
2026-09-21T14:24:50,2,1.534,22.68,17.0570,27.9,1.491,19.27,4.02,-58,9.75,
2026-09-21T14:24:51,2,1.519,21.52,17.0560,27.9,1.493,19.46,4.03,-58,9.50,
2026-09-21T14:24:52,2,1.477,18.17,17.0560,27.9,1.503,20.23,4.03,-57,10.25,
2026-09-21T14:24:53,2,1.524,21.91,17.0570,27.9,1.492,19.33,4.03,-58,9.25,
2026-09-21T14:24:54,2,1.479,18.30,17.0610,27.9,1.495,19.59,4.03,-58,9.75,
2026-09-21T14:24:55,2,1.477,18.17,17.0610,27.9,1.493,19.46,4.03,-58,9.75,
2026-09-21T14:24:56,2,1.520,21.59,17.0600,27.9,1.492,19.33,4.03,-57,9.75,
2026-09-21T14:24:57,2,1.481,18.49,17.0600,27.9,1.493,19.46,4.03,-58,9.50,
2026-09-21T14:24:59,2,1.534,22.75,17.0540,27.9,1.494,19.53,4.02,-54,10.00,
2026-09-21T14:25:00,2,1.520,21.59,17.0540,27.9,1.492,19.33,4.03,-58,9.75,
2026-09-21T14:25:01,2,1.478,18.24,17.0530,27.9,1.492,19.33,4.04,-55,10.00,
2026-09-21T14:25:02,2,1.523,21.85,17.0560,27.9,1.492,19.40,4.03,-55,9.75,
2026-09-21T14:25:03,2,1.478,18.24,17.0590,27.9,1.494,19.53,4.02,-58,9.75,
2026-09-21T14:25:04,2,1.479,18.30,17.0520,27.9,1.493,19.46,4.03,-62,9.50,
2026-09-21T14:25:05,2,1.533,22.62,17.0570,27.9,1.492,19.33,4.03,-61,9.50,
2026-09-21T14:25:06,2,1.480,18.43,17.0580,27.9,1.495,19.59,4.03,-60,9.50,
2026-09-21T14:25:07,2,1.536,22.88,17.0580,27.9,1.494,19.53,4.02,-60,9.75,
2026-09-21T14:25:08,2,1.518,21.46,17.0610,27.9,1.490,19.20,4.03,-59,9.75,
2026-09-21T14:25:09,2,1.483,18.62,17.0620,27.9,1.492,19.40,4.04,-59,9.75,
2026-09-21T14:25:11,2,1.527,22.17,17.0620,27.9,1.492,19.33,4.03,-56,9.50,
2026-09-21T14:25:12,2,1.486,18.88,17.0950,27.9,1.496,19.72,3.98,-54,10.00,
2026-09-21T14:25:13,2,1.484,18.75,17.1380,27.9,1.495,19.59,4.03,-59,9.25,
2026-09-21T14:25:14,2,1.524,21.91,17.1810,27.9,1.494,19.53,4.03,-58,10.00,
2026-09-21T14:25:15,2,1.484,18.69,17.2160,27.9,1.495,19.59,4.03,-55,9.75,
2026-09-21T14:25:16,2,1.479,18.30,17.2380,27.9,1.489,19.14,4.06,-56,10.00,
2026-09-21T14:25:17,2,1.521,21.72,17.2660,27.9,1.493,19.46,4.03,-56,9.25,
2026-09-21T14:25:18,2,1.484,18.69,17.2940,27.9,1.498,19.85,4.03,-59,9.25,
2026-09-21T14:25:19,2,1.529,22.30,17.3140,27.9,1.498,19.85,4.03,-55,9.75,
2026-09-21T14:25:20,2,1.524,21.91,17.3400,27.9,1.496,19.65,4.03,-58,9.25,
2026-09-21T14:25:27,2,1.486,18.88,17.4530,27.9,1.494,19.53,4.03,-52,-0.75,4
2026-09-21T14:25:28,2,1.533,22.62,17.4730,27.9,1.498,19.85,4.02,-51,10.75,
2026-09-21T14:25:29,2,1.527,22.17,17.4910,27.9,1.492,19.40,4.04,-59,9.50,
2026-09-21T14:25:30,2,1.486,18.88,17.5030,27.9,1.497,19.78,4.04,-57,10.50,
2026-09-21T14:25:31,2,1.527,22.17,17.5250,27.9,1.496,19.65,4.03,-59,9.25,
2026-09-21T14:25:32,2,1.484,18.75,17.5100,27.9,1.495,19.59,4.02,-56,10.25,
2026-09-21T14:25:34,2,1.482,18.56,17.4830,27.9,1.496,19.65,4.04,-61,10.50,
2026-09-21T14:25:35,2,1.522,21.78,17.4580,27.9,1.498,19.85,4.03,-58,10.00,
2026-09-21T14:25:36,2,1.485,18.82,17.4380,27.9,1.500,19.98,4.03,-59,9.50,
2026-09-21T14:25:37,2,1.534,22.68,17.4270,27.9,1.497,19.78,4.02,-58,9.75,
2026-09-21T14:25:38,2,1.522,21.78,17.4180,27.9,1.496,19.72,4.03,-59,9.50,
2026-09-21T14:25:39,2,1.484,18.75,17.4070,27.9,1.496,19.72,4.04,-59,9.75,
2026-09-21T14:25:40,2,1.526,22.10,17.4020,27.9,1.497,19.78,4.03,-58,10.00,
2026-09-21T14:25:41,2,1.486,18.88,17.3960,27.9,1.498,19.85,4.02,-57,10.00,
2026-09-21T14:25:42,2,1.482,18.56,17.3930,27.9,1.496,19.65,4.03,-58,9.75,
2026-09-21T14:25:43,2,1.522,21.78,17.3900,27.9,1.494,19.53,4.03,-58,9.75,
2026-09-21T14:25:44,2,1.483,18.62,17.3860,27.9,1.496,19.72,4.03,-56,9.75,
2026-09-21T14:25:46,2,1.536,22.88,17.3880,27.9,1.499,19.91,4.02,-58,10.00,
2026-09-21T14:25:47,2,1.522,21.78,17.3860,27.9,1.497,19.78,4.04,-58,10.50,
2026-09-21T14:25:48,2,1.484,18.75,17.3720,27.9,1.498,19.85,4.03,-57,9.75,
2026-09-21T14:25:49,2,1.527,22.17,17.3700,27.9,1.496,19.72,4.03,-57,9.75,
2026-09-21T14:25:50,2,1.488,19.07,17.3830,27.9,1.501,20.04,4.02,-56,10.25,
2026-09-21T14:25:51,2,1.483,18.62,17.3750,27.9,1.495,19.59,4.03,-59,10.00,
2026-09-21T14:25:52,2,1.515,21.20,17.3750,27.9,1.494,19.53,4.03,-60,10.00,
2026-09-21T14:25:53,2,1.484,18.69,17.3710,27.9,1.496,19.72,4.03,-58,10.00,
2026-09-21T14:25:54,2,1.539,23.14,17.3740,27.9,1.499,19.91,4.02,-60,9.75,
2026-09-21T14:25:55,2,1.521,21.72,17.3690,27.9,1.496,19.72,4.03,-59,9.25,
2026-09-21T14:25:56,2,1.481,18.49,17.3740,27.9,1.498,19.85,4.03,-59,9.25,
2026-09-21T14:25:58,2,1.526,22.10,17.3750,27.9,1.496,19.65,4.03,-59,9.75,
2026-09-21T14:25:59,2,1.482,18.56,17.3780,27.9,1.496,19.65,4.07,-59,10.00,
2026-09-21T14:26:00,2,1.485,18.82,17.3750,27.9,1.496,19.72,4.03,-59,9.75,
2026-09-21T14:26:01,2,1.524,21.91,17.3790,27.9,1.494,19.53,4.03,-61,9.50,
2026-09-21T14:26:02,2,1.484,18.75,17.3800,27.9,1.497,19.78,4.03,-60,9.25,
2026-09-21T14:26:03,2,1.506,20.49,17.3830,27.9,1.500,19.98,4.03,-64,9.25,
2026-09-21T14:26:04,2,1.521,21.72,17.3930,27.9,1.495,19.59,4.03,-58,12.75,
2026-09-21T14:26:12,2,1.484,18.75,17.4030,27.9,1.495,19.59,0.00,-49,4.75,
2026-09-21T14:26:13,2,1.524,21.91,17.4040,27.9,1.491,19.27,4.03,-58,9.75,
2026-09-21T14:26:14,2,1.484,18.75,17.4060,27.9,1.496,19.65,4.03,-57,9.50,
2026-09-21T14:26:15,2,1.534,22.68,17.4010,27.9,1.496,19.65,4.03,-58,9.50,
2026-09-21T14:26:16,2,1.521,21.72,17.3980,27.9,1.495,19.59,4.03,-58,9.50,
2026-09-21T14:26:17,2,1.485,18.82,17.3980,27.9,1.497,19.78,4.03,-58,9.75,
2026-09-21T14:26:18,2,1.526,22.10,17.4010,27.9,1.494,19.53,4.03,-58,9.50,
2026-09-21T14:26:19,2,1.484,18.75,17.4060,27.9,1.498,19.85,4.02,-57,10.25,
2026-09-21T14:26:21,2,1.484,18.75,17.4100,27.9,1.497,19.78,4.03,-60,9.25,
2026-09-21T14:26:22,2,1.526,22.10,17.4140,27.9,1.496,19.65,4.03,-59,9.25,
2026-09-21T14:26:23,2,1.484,18.69,17.4190,27.9,1.496,19.72,4.03,-59,9.25,
2026-09-21T14:26:24,2,1.535,22.81,17.4130,27.9,1.496,19.65,4.02,-59,9.50,
2026-09-21T14:26:25,2,1.521,21.72,17.4080,27.9,1.496,19.72,4.03,-59,9.25,
2026-09-21T14:26:26,2,1.483,18.62,17.4050,27.9,1.497,19.78,4.03,-59,9.50,
2026-09-21T14:26:27,2,1.529,22.30,17.4050,27.9,1.496,19.65,4.03,-59,9.50,
2026-09-21T14:26:28,2,1.485,18.82,17.3990,27.9,1.496,19.72,4.02,-59,10.00,
2026-09-21T14:26:29,2,1.485,18.82,17.3980,27.9,1.496,19.72,4.03,-58,9.75,
2026-09-21T14:26:30,2,1.522,21.78,17.4010,27.9,1.495,19.59,4.03,-58,9.25,
2026-09-21T14:26:31,2,1.474,17.91,17.4020,27.9,1.496,19.72,4.03,-57,9.75,
2026-09-21T14:26:33,2,1.536,22.88,17.4070,27.9,1.499,19.91,4.02,-58,10.00,
2026-09-21T14:26:34,2,1.521,21.65,17.4040,27.9,1.496,19.65,4.03,-58,9.50,
2026-09-21T14:26:35,2,1.481,18.49,17.4040,27.9,1.496,19.65,4.03,-59,9.75,
2026-09-21T14:26:36,2,1.527,22.17,17.4010,27.9,1.496,19.72,4.03,-58,9.50,
2026-09-21T14:26:37,2,1.484,18.69,17.3940,27.9,1.499,19.91,4.04,-58,9.75,
2026-09-21T14:26:38,2,1.484,18.69,17.3930,27.9,1.497,19.78,4.03,-56,9.75,
2026-09-21T14:26:39,2,1.525,21.98,17.3850,27.9,1.496,19.65,4.03,-58,9.75,
2026-09-21T14:26:40,2,1.484,18.75,17.3890,27.9,1.496,19.65,4.03,-59,9.50,
2026-09-21T14:26:41,2,1.543,23.46,17.3830,27.9,1.503,20.23,3.99,-58,9.50,
2026-09-21T14:26:42,2,1.521,21.72,17.3780,27.9,1.495,19.59,4.03,-59,9.25,
2026-09-21T14:26:43,2,1.484,18.75,17.3800,27.9,1.493,19.46,4.03,-59,12.50,
2026-09-21T14:26:45,2,1.529,22.30,17.3780,27.9,1.498,19.85,4.03,-60,9.75,
2026-09-21T14:26:46,2,1.480,18.36,17.3880,27.9,1.492,19.33,4.06,-59,9.25,
2026-09-21T14:26:47,2,1.484,18.69,17.3920,27.9,1.502,20.17,4.04,-59,9.75,
2026-09-21T14:26:48,2,1.527,22.17,17.3950,27.9,1.496,19.72,4.03,-58,9.75,
2026-09-21T14:26:57,2,1.524,21.91,17.3890,27.9,1.496,19.72,4.03,-60,9.50,
2026-09-21T14:26:58,2,1.484,18.75,17.3910,27.9,1.500,19.98,4.03,-60,9.50,
2026-09-21T14:26:59,2,1.484,18.69,17.3920,27.9,1.496,19.72,4.03,-58,9.50,
2026-09-21T14:27:00,2,1.523,21.85,17.3860,27.9,1.496,19.72,4.03,-59,9.00,
2026-09-21T14:27:01,2,1.484,18.69,17.3930,27.9,1.496,19.72,4.03,-59,9.50,
2026-09-21T14:27:02,2,1.532,22.56,17.3940,27.9,1.496,19.72,4.02,-59,9.75,
2026-09-21T14:27:03,2,1.521,21.65,17.3890,27.9,1.494,19.53,4.03,-58,9.25,
2026-09-21T14:27:04,2,1.484,18.75,17.3930,27.9,1.496,19.72,4.03,-61,9.50,
2026-09-21T14:27:05,2,1.525,22.04,17.3900,27.9,1.496,19.72,4.03,-60,9.75,
2026-09-21T14:27:06,2,1.484,18.75,17.3900,27.9,1.500,19.98,4.02,-60,10.00,
2026-09-21T14:27:08,2,1.484,18.75,17.3860,27.9,1.497,19.78,4.03,-60,10.00,
2026-09-21T14:27:09,2,1.523,21.85,17.3810,27.9,1.496,19.72,4.03,-59,10.00,
2026-09-21T14:27:10,2,1.487,18.95,17.3840,27.9,1.496,19.72,4.03,-59,9.25,
2026-09-21T14:27:11,2,1.534,22.68,17.3780,27.9,1.496,19.72,4.02,-58,10.00,
2026-09-21T14:27:12,2,1.523,21.85,17.3790,27.9,1.496,19.65,4.03,-57,10.00,
2026-09-21T14:27:13,2,1.483,18.62,17.3820,27.9,1.496,19.72,4.03,-58,9.50,
2026-09-21T14:27:14,2,1.524,21.91,17.3770,27.9,1.493,19.46,4.03,-60,9.50,
2026-09-21T14:27:15,2,1.480,18.36,17.3790,27.9,1.497,19.78,4.07,-61,10.25,
2026-09-21T14:27:16,2,1.483,18.62,17.3740,27.9,1.496,19.72,4.03,-59,10.50,
2026-09-21T14:27:17,2,1.525,21.98,17.3760,27.9,1.496,19.72,4.04,-60,10.00,
2026-09-21T14:27:18,2,1.484,18.69,17.3740,27.9,1.497,19.78,4.02,-60,9.75,
2026-09-21T14:27:20,2,1.541,23.26,17.3710,27.9,1.504,20.30,3.99,-59,9.50,
2026-09-21T14:27:21,2,1.525,21.98,17.3700,27.9,1.496,19.65,4.03,-60,9.75,
2026-09-21T14:27:22,2,1.484,18.69,17.3680,27.9,1.494,19.53,4.03,-60,9.75,
2026-09-21T14:27:23,2,1.525,21.98,17.3670,27.9,1.496,19.65,4.03,-60,9.75,
2026-09-21T14:27:24,2,1.480,18.43,17.3670,27.9,1.492,19.40,4.07,-60,10.00,
2026-09-21T14:27:25,2,1.483,18.62,17.3700,27.9,1.497,19.78,4.04,-60,10.00,
2026-09-21T14:27:26,2,1.525,21.98,17.3670,27.9,1.496,19.65,4.03,-56,9.50,
2026-09-21T14:27:27,2,1.484,18.69,17.3720,27.9,1.490,19.20,4.02,-60,10.00,
2026-09-21T14:27:28,2,1.505,20.36,17.3760,27.9,1.500,19.98,4.03,-59,9.50,
2026-09-21T14:27:29,2,1.525,22.04,17.3770,27.9,1.500,19.98,4.03,-57,10.00,
2026-09-21T14:27:30,2,1.482,18.56,17.3730,27.9,1.498,19.85,4.03,-57,10.25,
2026-09-21T14:27:32,2,1.529,22.30,17.3690,27.9,1.490,19.20,4.02,-58,9.50,
2026-09-21T14:27:37,2,1.483,18.62,17.3700,27.9,1.496,19.65,4.03,-48,-1.50,
2026-09-21T14:27:38,2,1.525,21.98,17.3730,27.9,1.498,19.85,4.03,-48,-0.75,
2026-09-21T14:27:39,2,1.480,18.43,17.3830,27.9,1.496,19.72,4.03,-48,-0.25,
2026-09-21T14:27:40,2,1.533,22.62,17.3830,27.9,1.497,19.78,4.03,-57,9.75,
2026-09-21T14:27:41,2,1.516,21.27,17.3820,27.9,1.496,19.72,4.03,-59,9.25,
2026-09-21T14:27:42,2,1.483,18.62,17.3800,27.9,1.497,19.78,4.03,-59,9.75,
2026-09-21T14:27:44,2,1.530,22.36,17.3800,27.9,1.500,19.98,4.03,-59,9.50,
2026-09-21T14:27:45,2,1.484,18.69,17.3840,27.9,1.498,19.85,4.02,-60,9.75,
2026-09-21T14:27:46,2,1.481,18.49,17.3870,27.9,1.492,19.40,4.03,-58,9.25,
2026-09-21T14:27:47,2,1.526,22.10,17.3810,27.9,1.496,19.65,4.03,-60,9.75,
2026-09-21T14:27:48,2,1.481,18.49,17.3750,27.9,1.498,19.85,4.03,-59,9.75,
2026-09-21T14:27:49,2,1.534,22.75,17.3710,27.9,1.496,19.65,4.02,-66,9.75,
2026-09-21T14:27:50,2,1.522,21.78,17.3770,27.9,1.496,19.65,4.03,-64,9.50,
2026-09-21T14:27:51,2,1.484,18.75,17.3820,27.9,1.498,19.85,4.03,-62,9.75,
2026-09-21T14:27:52,2,1.530,22.43,17.3800,27.9,1.496,19.65,4.03,-61,9.50,
2026-09-21T14:27:53,2,1.484,18.69,17.3830,27.9,1.499,19.91,4.02,-60,10.00,
2026-09-21T14:27:55,2,1.484,18.75,17.3810,27.9,1.498,19.85,4.03,-60,9.75,
2026-09-21T14:27:56,2,1.524,21.91,17.3860,27.9,1.496,19.65,4.03,-61,9.75,
2026-09-21T14:27:57,2,1.484,18.69,17.3910,27.9,1.498,19.85,4.03,-60,9.75,
2026-09-21T14:27:58,2,1.537,22.94,17.3900,27.9,1.496,19.72,3.99,-59,9.50,
2026-09-21T14:27:59,2,1.524,21.91,17.3900,27.9,1.496,19.65,4.03,-60,9.75,
2026-09-21T14:28:00,2,1.486,18.88,17.3870,27.9,1.499,19.91,4.03,-59,9.50,
2026-09-21T14:28:01,2,1.531,22.49,17.3910,27.9,1.496,19.72,4.03,-60,9.25,
2026-09-21T14:28:02,2,1.476,18.04,17.3980,27.9,1.491,19.27,4.07,-59,10.25,
2026-09-21T14:28:03,2,1.482,18.56,17.3980,27.9,1.496,19.65,4.03,-63,9.50,
2026-09-21T14:28:04,2,1.525,22.04,17.3990,27.9,1.496,19.65,4.03,-61,9.25,
2026-09-21T14:28:05,2,1.482,18.56,17.3980,27.9,1.496,19.65,4.03,-58,9.50,
2026-09-21T14:28:07,2,1.484,18.69,17.3900,27.9,1.496,19.65,4.02,-60,10.00,
2026-09-21T14:28:08,2,1.522,21.78,17.3990,27.9,1.496,19.72,4.03,-59,9.25,
2026-09-21T14:28:09,2,1.472,17.78,17.4030,27.9,1.499,19.91,4.03,-58,10.00,
2026-09-21T14:28:10,2,1.529,22.30,17.4020,27.9,1.495,19.59,4.02,-59,9.75,
2026-09-21T14:28:11,2,1.523,21.85,17.4080,27.9,1.497,19.78,4.03,-59,9.50,
2026-09-21T14:28:12,2,1.486,18.88,17.4040,27.9,1.495,19.59,4.03,-58,9.25,
2026-09-21T14:28:13,2,1.525,21.98,17.4010,27.9,1.496,19.65,4.02,-58,9.75,
2026-09-21T14:28:14,2,1.484,18.75,17.4040,27.9,1.499,19.91,4.02,-59,10.00,
2026-09-21T14:28:15,2,1.472,17.72,17.4020,27.9,1.495,19.59,4.03,-59,9.25,
2026-09-21T14:28:16,2,1.522,21.78,17.3960,27.9,1.496,19.72,4.03,-58,9.50,
2026-09-21T14:28:21,2,1.480,18.36,17.3910,27.9,1.496,19.72,4.03,-50,2.25,
2026-09-21T14:28:22,2,1.525,22.04,17.3880,27.9,1.495,19.59,4.03,-49,-1.50,
2026-09-21T14:28:24,2,1.484,18.69,17.3930,27.9,1.496,19.72,4.00,-52,5.75,
2026-09-21T14:28:25,2,1.518,21.46,17.3910,27.9,1.496,19.72,4.03,-59,9.50,
2026-09-21T14:28:26,2,1.485,18.82,17.3900,27.9,1.495,19.59,4.03,-59,9.25,
2026-09-21T14:28:27,2,1.535,22.81,17.3920,27.9,1.495,19.59,4.02,-57,10.25,
2026-09-21T14:28:28,2,1.525,22.04,17.3960,27.9,1.494,19.53,4.03,-58,10.00,
2026-09-21T14:28:29,2,1.484,18.69,17.3970,27.9,1.497,19.78,4.03,-58,9.50,
2026-09-21T14:28:31,2,1.541,23.26,17.3920,27.9,1.496,19.65,4.02,-57,10.50,
2026-09-21T14:28:32,2,1.483,18.62,17.3870,27.9,1.500,19.98,4.02,-57,10.00,
2026-09-21T14:28:33,2,1.484,18.75,17.3860,27.9,1.493,19.46,4.03,-57,9.75,
2026-09-21T14:28:34,2,1.525,21.98,17.3790,27.9,1.495,19.59,4.03,-59,9.00,
2026-09-21T14:28:35,2,1.484,18.69,17.3790,27.9,1.497,19.78,4.03,-56,9.75,
2026-09-21T14:28:36,2,1.539,23.14,17.3840,27.9,1.495,19.59,4.02,-58,10.25,
2026-09-21T14:28:37,2,1.521,21.65,17.3870,27.9,1.495,19.59,4.03,-57,12.00,
2026-09-21T14:28:38,2,1.483,18.62,17.3960,27.9,1.496,19.72,4.03,-55,9.75,
2026-09-21T14:28:39,2,1.530,22.43,17.3940,27.9,1.495,19.59,4.03,-55,9.75,
2026-09-21T14:28:40,2,1.498,19.85,17.3910,27.9,1.500,19.98,4.01,-55,9.75,
2026-09-21T14:28:41,2,1.484,18.69,17.3870,27.9,1.502,20.17,4.03,-55,9.50,
2026-09-21T14:28:43,2,1.527,22.17,17.3890,27.9,1.496,19.65,4.03,-55,9.50,
2026-09-21T14:28:44,2,1.484,18.69,17.3860,27.9,1.496,19.72,4.01,-57,10.25,
2026-09-21T14:28:45,2,1.478,18.24,17.3860,27.9,1.490,19.20,4.06,-56,9.75,
2026-09-21T14:28:46,2,1.525,21.98,17.3930,27.9,1.489,19.14,4.03,-57,9.75,
2026-09-21T14:28:47,2,1.482,18.56,17.3870,27.9,1.496,19.72,4.03,-57,9.50,
2026-09-21T14:28:48,2,1.530,22.43,17.3850,27.9,1.497,19.78,4.02,-55,10.00,
2026-09-21T14:28:49,2,1.521,21.72,17.3810,27.9,1.497,19.78,4.03,-55,9.75,
2026-09-21T14:28:50,2,1.483,18.62,17.3840,27.9,1.496,19.65,4.04,-57,10.00,
2026-09-21T14:28:51,2,1.523,21.85,17.3870,27.9,1.497,19.78,4.03,-57,9.25,
2026-09-21T14:28:52,2,1.485,18.82,17.3820,27.9,1.494,19.53,4.03,-57,9.50,
2026-09-21T14:28:54,2,1.484,18.69,17.3880,27.9,1.496,19.72,4.03,-57,10.00,
2026-09-21T14:28:55,2,1.524,21.91,17.3920,27.9,1.495,19.59,4.03,-57,9.50,
2026-09-21T14:28:56,2,1.491,19.27,17.3880,27.9,1.492,19.40,4.03,-57,9.50,
2026-09-21T14:28:57,2,1.534,22.75,17.3820,27.9,1.494,19.53,4.02,-55,10.00,
2026-09-21T14:28:58,2,1.524,21.91,17.3760,27.9,1.495,19.59,4.03,-54,9.25,
2026-09-21T14:28:59,2,1.478,18.24,17.3800,27.9,1.496,19.65,4.03,-56,10.00,
2026-09-21T14:29:00,2,1.526,22.10,17.3790,27.9,1.495,19.59,4.03,-56,9.50,
2026-09-21T14:29:06,2,1.536,22.88,17.3800,27.9,1.497,19.78,4.02,-46,-1.75,
2026-09-21T14:29:08,2,1.484,18.75,17.3710,27.9,1.496,19.72,4.03,-47,2.50,
2026-09-21T14:29:09,2,1.526,22.10,17.3720,27.9,1.495,19.59,4.03,-55,9.50,
2026-09-21T14:29:10,2,1.484,18.69,17.3720,27.9,1.499,19.91,4.02,-57,9.75,
2026-09-21T14:29:11,2,1.484,18.69,17.3770,27.9,1.492,19.33,4.03,-58,9.50,
2026-09-21T14:29:12,2,1.526,22.10,17.3770,27.9,1.495,19.59,4.03,-58,10.00,
2026-09-21T14:29:13,2,1.484,18.69,17.3720,27.9,1.496,19.72,4.02,-56,10.00,
2026-09-21T14:29:14,2,1.539,23.14,17.3700,27.9,1.507,20.56,4.02,-57,9.75,
2026-09-21T14:29:15,2,1.528,22.23,17.3730,27.9,1.495,19.59,4.03,-58,9.75,
2026-09-21T14:29:16,2,1.481,18.49,17.3760,27.9,1.495,19.59,4.03,-57,9.75,
2026-09-21T14:29:18,2,1.527,22.17,17.3820,27.9,1.498,19.85,4.02,-57,10.25,
2026-09-21T14:29:19,2,1.490,19.20,17.3830,27.9,1.495,19.59,3.99,-58,9.50,
2026-09-21T14:29:20,2,1.484,18.75,17.3820,27.9,1.496,19.72,4.03,-58,9.50,
2026-09-21T14:29:21,2,1.527,22.17,17.3750,27.9,1.497,19.78,4.02,-56,9.75,
2026-09-21T14:29:22,2,1.480,18.43,17.3680,27.9,1.496,19.72,4.03,-60,10.00,
2026-09-21T14:29:23,2,1.481,18.49,17.3700,27.9,1.493,19.46,4.06,-57,9.75,
2026-09-21T14:29:24,2,1.523,21.85,17.3740,27.9,1.506,20.49,4.03,-56,9.25,
2026-09-21T14:29:25,2,1.484,18.69,17.3670,27.9,1.496,19.65,4.03,-55,9.50,
2026-09-21T14:29:26,2,1.532,22.56,17.3690,27.9,1.497,19.78,4.02,-56,9.75,
2026-09-21T14:29:27,2,1.529,22.30,17.3740,27.9,1.502,20.17,3.98,-57,10.50,
2026-09-21T14:29:28,2,1.483,18.62,17.3770,27.9,1.498,19.85,4.03,-56,9.75,
2026-09-21T14:29:30,2,1.526,22.10,17.3750,27.9,1.495,19.59,4.03,-56,9.50,
2026-09-21T14:29:31,2,1.483,18.62,17.3770,27.9,1.497,19.78,4.03,-59,9.25,
2026-09-21T14:29:32,2,1.480,18.36,17.3790,27.9,1.493,19.46,4.07,-60,10.00,
2026-09-21T14:29:33,2,1.523,21.85,17.3800,27.9,1.495,19.59,4.03,-60,9.50,
2026-09-21T14:29:34,2,1.485,18.82,17.3830,27.9,1.496,19.72,4.03,-59,9.50,
2026-09-21T14:29:35,2,1.533,22.62,17.3810,27.9,1.496,19.72,4.02,-60,10.00,
2026-09-21T14:29:36,2,1.528,22.23,17.3810,27.9,1.501,20.11,4.00,-60,9.75,
2026-09-21T14:29:37,2,1.482,18.56,17.3760,27.9,1.496,19.72,4.03,-59,9.50,
2026-09-21T14:29:38,2,1.526,22.10,17.3760,27.9,1.495,19.59,4.03,-58,9.75,
2026-09-21T14:29:39,2,1.484,18.69,17.3740,27.9,1.496,19.72,4.02,-60,9.75,
2026-09-21T14:29:41,2,1.484,18.69,17.3770,27.9,1.496,19.65,4.03,-58,9.75,
2026-09-21T14:29:42,2,1.525,21.98,17.3780,27.9,1.496,19.65,4.03,-60,9.25,
2026-09-21T14:29:43,2,1.483,18.62,17.3910,27.9,1.495,19.59,4.03,-60,9.75,
2026-09-21T14:29:44,2,1.540,23.20,17.3910,27.9,1.494,19.53,4.02,-59,10.00,
2026-09-21T14:29:49,2,1.482,18.56,17.3840,27.9,1.495,19.59,4.03,-51,-1.00,
2026-09-21T14:29:53,2,1.546,23.72,17.3800,27.9,1.491,19.27,4.02,-59,10.25,
2026-09-21T14:29:54,2,1.521,21.72,17.3760,27.9,1.495,19.59,4.03,-61,9.75,
2026-09-21T14:29:55,2,1.483,18.62,17.3810,27.9,1.496,19.72,4.03,-61,9.50,
2026-09-21T14:29:56,2,1.530,22.36,17.3750,27.9,1.508,20.62,4.03,-64,9.50,
2026-09-21T14:29:57,2,1.526,22.10,17.3750,27.9,1.499,19.91,3.99,-63,9.00,
2026-09-21T14:29:58,2,1.484,18.69,17.3700,27.9,1.496,19.65,4.03,-62,9.50,
2026-09-21T14:29:59,2,1.527,22.17,17.3670,27.9,1.496,19.72,4.03,-62,10.00,
2026-09-21T14:30:00,2,1.472,17.78,17.3700,27.9,1.497,19.78,4.03,-59,9.75,
2026-09-21T14:30:01,2,1.480,18.36,17.3690,27.9,1.493,19.46,4.06,-60,10.00,
2026-09-21T14:30:02,2,1.522,21.78,17.3630,27.9,1.494,19.53,4.03,-59,9.25,
2026-09-21T14:30:03,2,1.483,18.62,17.3590,27.9,1.496,19.72,4.03,-60,9.75,
2026-09-21T14:30:05,2,1.530,22.43,17.3570,27.9,1.497,19.78,4.02,-59,9.75,
2026-09-21T14:30:06,2,1.527,22.17,17.3670,27.9,1.502,20.17,3.98,-59,10.00,
2026-09-21T14:30:07,2,1.484,18.75,17.3640,27.9,1.496,19.65,4.03,-59,9.50,
2026-09-21T14:30:08,2,1.526,22.10,17.3710,27.9,1.495,19.59,4.03,-58,9.75,
2026-09-21T14:30:09,2,1.486,18.88,17.3750,27.9,1.494,19.53,4.03,-59,9.75,
2026-09-21T14:30:10,2,1.481,18.49,17.3770,27.9,1.489,19.14,4.06,-59,9.75,
2026-09-21T14:30:11,2,1.527,22.17,17.3770,27.9,1.494,19.53,4.03,-58,10.25,
2026-09-21T14:30:12,2,1.484,18.69,17.3790,27.9,1.496,19.65,4.02,-57,10.25,
2026-09-21T14:30:13,2,1.539,23.14,17.3860,27.9,1.497,19.78,4.02,-58,10.25,
2026-09-21T14:30:14,2,1.530,22.43,17.3820,27.9,1.505,20.36,3.99,-61,9.50,
2026-09-21T14:30:15,2,1.488,19.07,17.3730,27.9,1.498,19.85,4.03,-56,9.75,
2026-09-21T14:30:17,2,1.533,22.62,17.3740,27.9,1.496,19.65,4.03,-60,9.25,
2026-09-21T14:30:18,2,1.485,18.82,17.3780,27.9,1.496,19.72,4.03,-59,9.50,
2026-09-21T14:30:19,2,1.479,18.30,17.3790,27.9,1.491,19.27,4.06,-59,9.75,
2026-09-21T14:30:20,2,1.530,22.36,17.3700,27.9,1.496,19.72,4.03,-59,9.25,
2026-09-21T14:30:21,2,1.486,18.88,17.3690,27.9,1.497,19.78,4.03,-57,9.75,
2026-09-21T14:30:22,2,1.547,23.78,17.3720,27.9,1.496,19.72,4.02,-56,10.00,
2026-09-21T14:30:23,2,1.534,22.68,17.3710,27.9,1.502,20.17,4.00,-61,9.50,
2026-09-21T14:30:24,2,1.482,18.56,17.3750,27.9,1.496,19.65,4.03,-61,9.50,
2026-09-21T14:30:25,2,1.532,22.56,17.3680,27.9,1.496,19.72,4.02,-57,10.00,
2026-09-21T14:30:26,2,1.484,18.69,17.3690,27.9,1.497,19.78,4.02,-57,10.00,
2026-09-21T14:30:28,2,1.483,18.62,17.3710,27.9,1.496,19.72,4.03,-58,9.50,
2026-09-21T14:30:29,2,1.530,22.43,17.3680,27.9,1.496,19.72,4.03,-56,9.50,
2026-09-21T14:30:34,2,1.534,22.75,17.3610,27.9,1.494,19.53,4.03,-51,2.25,
2026-09-21T14:30:35,2,1.529,22.30,17.3640,27.9,1.501,20.04,3.99,-51,2.00,
2026-09-21T14:30:36,2,1.484,18.75,17.3680,27.9,1.496,19.72,4.03,-54,9.00,
2026-09-21T14:30:37,2,1.530,22.36,17.3690,27.9,1.497,19.78,4.02,-60,10.00,
2026-09-21T14:30:38,2,1.485,18.82,17.3690,27.9,1.499,19.91,4.03,-58,10.00,
2026-09-21T14:30:40,2,1.478,18.24,17.3780,27.9,1.491,19.27,4.06,-56,9.75,
2026-09-21T14:30:41,2,1.527,22.17,17.3840,27.9,1.501,20.04,4.03,-57,10.00,
2026-09-21T14:30:42,2,1.485,18.82,17.3820,27.9,1.496,19.72,4.03,-57,9.50,
2026-09-21T14:30:43,2,1.534,22.68,17.3840,27.9,1.496,19.72,4.02,-58,9.75,
2026-09-21T14:30:44,2,1.529,22.30,17.3820,27.9,1.503,20.23,3.99,-57,9.50,
2026-09-21T14:30:45,2,1.487,18.95,17.3860,27.9,1.497,19.78,4.03,-59,9.50,
2026-09-21T14:30:47,2,1.484,18.69,17.3890,27.9,1.500,19.98,4.02,-59,10.25,
2026-09-21T14:30:48,2,1.481,18.49,17.3890,27.9,1.492,19.33,4.07,-59,10.00,
2026-09-21T14:30:49,2,1.526,22.10,17.3890,27.9,1.496,19.72,4.03,-59,9.50,
2026-09-21T14:30:50,2,1.484,18.75,17.3860,27.9,1.501,20.11,4.03,-58,9.25,
2026-09-21T14:30:52,2,1.534,22.75,17.3890,27.9,1.497,19.78,4.02,-58,9.75,
2026-09-21T14:30:54,2,1.481,18.49,17.3960,27.9,1.496,19.72,4.03,-59,9.50,
2026-09-21T14:30:55,2,1.530,22.36,17.3980,27.9,1.498,19.85,4.03,-58,9.75,
2026-09-21T14:30:56,2,1.483,18.62,17.3970,27.9,1.496,19.65,4.03,-59,10.00,
2026-09-21T14:30:57,2,1.480,18.36,17.3960,27.9,1.493,19.46,4.06,-59,9.75,
2026-09-21T14:30:58,2,1.528,22.23,17.3960,27.9,1.498,19.85,4.03,-58,10.25,
2026-09-21T14:30:59,2,1.483,18.62,17.3880,27.9,1.496,19.72,4.03,-59,10.00,
2026-09-21T14:31:00,2,1.541,23.26,17.3930,27.9,1.496,19.65,4.02,-59,9.75,
2026-09-21T14:31:01,2,1.529,22.30,17.3980,27.9,1.502,20.17,3.98,-58,9.50,
2026-09-21T14:31:02,2,1.483,18.62,17.3980,27.9,1.495,19.59,4.03,-58,9.25,
2026-09-21T14:31:04,2,1.530,22.36,17.3960,27.9,1.497,19.78,4.03,-58,9.75,
2026-09-21T14:31:05,2,1.486,18.88,17.3850,27.9,1.494,19.53,4.02,-57,10.00,
2026-09-21T14:31:06,2,1.477,18.17,17.3800,27.9,1.492,19.33,4.06,-57,10.00,
2026-09-21T14:31:07,2,1.526,22.10,17.3820,27.9,1.497,19.78,4.03,-57,10.00,
2026-09-21T14:31:08,2,1.486,18.88,17.3810,27.9,1.487,18.95,4.03,-58,9.75,
2026-09-21T14:31:09,2,1.540,23.20,17.3800,27.9,1.496,19.72,4.02,-58,9.75,
2026-09-21T14:31:10,2,1.525,22.04,17.3820,27.9,1.496,19.72,4.03,-58,9.50,
2026-09-21T14:31:11,2,1.482,18.56,17.3840,27.9,1.499,19.91,4.03,-58,9.75,
2026-09-21T14:31:12,2,1.533,22.62,17.3860,27.9,1.496,19.65,4.02,-58,10.00,
2026-09-21T14:31:18,2,1.480,18.43,17.3960,27.9,1.492,19.40,4.06,-52,5.50,
2026-09-21T14:31:19,2,1.524,21.91,17.3980,27.9,1.496,19.72,4.03,-52,3.50,
2026-09-21T14:31:20,2,1.483,18.62,17.3910,27.9,1.493,19.46,4.03,-52,5.50,
2026-09-21T14:31:21,2,1.532,22.56,17.3860,27.9,1.496,19.72,4.02,-58,10.25,
2026-09-21T14:31:22,2,1.528,22.23,17.3820,27.9,1.501,20.11,3.98,-57,9.50,
2026-09-21T14:31:23,2,1.484,18.75,17.3850,27.9,1.496,19.72,4.03,-58,9.75,
2026-09-21T14:31:24,2,1.528,22.23,17.3840,27.9,1.493,19.46,4.02,-58,10.50,
2026-09-21T14:31:25,2,1.487,18.95,17.3950,27.9,1.496,19.65,4.03,-59,9.25,
2026-09-21T14:31:27,2,1.481,18.49,17.4010,27.9,1.489,19.14,4.06,-59,9.75,
2026-09-21T14:31:28,2,1.524,21.91,17.4000,27.9,1.496,19.72,4.03,-56,10.00,
2026-09-21T14:31:29,2,1.484,18.69,17.4030,27.9,1.499,19.91,4.03,-58,10.00,
2026-09-21T14:31:30,2,1.534,22.75,17.4060,27.9,1.493,19.46,4.02,-58,10.00,
2026-09-21T14:31:31,2,1.530,22.43,17.4070,27.9,1.497,19.78,3.99,-58,9.75,
2026-09-21T14:31:32,2,1.484,18.69,17.4050,27.9,1.494,19.53,4.03,-58,9.75,
2026-09-21T14:31:33,2,1.529,22.30,17.4000,27.9,1.496,19.65,4.03,-57,9.75,
2026-09-21T14:31:34,2,1.484,18.75,17.3990,27.9,1.496,19.72,4.03,-57,9.75,
2026-09-21T14:31:35,2,1.480,18.36,17.3930,27.9,1.490,19.20,4.06,-57,9.75,
2026-09-21T14:31:36,2,1.525,21.98,17.4010,27.9,1.493,19.46,4.03,-57,12.75,
2026-09-21T14:31:37,2,1.484,18.75,17.3980,27.9,1.496,19.72,4.03,-58,10.25,
2026-09-21T14:31:39,2,1.539,23.14,17.3970,27.9,1.498,19.85,4.02,-58,10.00,
2026-09-21T14:31:40,2,1.530,22.36,17.3940,27.9,1.501,20.11,3.99,-59,9.25,
2026-09-21T14:31:41,2,1.482,18.56,17.4010,27.9,1.496,19.72,4.03,-58,9.75,
2026-09-21T14:31:42,2,1.528,22.23,17.4050,27.9,1.501,20.04,4.02,-57,9.75,
2026-09-21T14:31:43,2,1.484,18.69,17.4020,27.9,1.496,19.65,4.02,-56,10.00,
2026-09-21T14:31:44,2,1.482,18.56,17.4080,27.9,1.490,19.20,4.06,-57,10.00,
2026-09-21T14:31:45,2,1.526,22.10,17.4020,27.9,1.498,19.85,4.02,-57,9.75,
2026-09-21T14:31:46,2,1.484,18.69,17.3960,27.9,1.496,19.72,4.03,-57,9.75,
2026-09-21T14:31:47,2,1.512,20.94,17.3980,27.9,1.495,19.59,4.06,-57,9.75,
2026-09-21T14:31:48,2,1.525,22.04,17.3960,27.9,1.501,20.11,4.02,-57,10.00,
2026-09-21T14:31:49,2,1.483,18.62,17.3980,27.9,1.488,19.07,4.03,-57,9.75,
2026-09-21T14:31:51,2,1.531,22.49,17.3930,27.9,1.494,19.53,4.03,-57,9.75,
2026-09-21T14:31:52,2,1.527,22.17,17.3870,27.9,1.501,20.11,3.99,-57,9.75,
2026-09-21T14:31:53,2,1.484,18.69,17.3930,27.9,1.497,19.78,4.03,-55,10.00,
2026-09-21T14:31:54,2,1.525,22.04,17.3910,27.9,1.496,19.65,4.03,-58,9.75,
2026-09-21T14:31:55,2,1.484,18.69,17.3940,27.9,1.495,19.59,4.03,-58,9.75,
2026-09-21T14:31:56,2,1.484,18.69,17.3910,27.9,1.492,19.33,4.06,-57,10.00,
2026-09-21T14:32:01,2,1.483,18.62,17.3920,27.9,1.496,19.65,4.03,-49,-0.25,
2026-09-21T14:32:03,2,1.519,21.52,17.3980,27.9,1.496,19.72,4.03,-49,0.25,
2026-09-21T14:32:04,2,1.484,18.75,17.3990,27.9,1.501,20.04,4.03,-52,4.25,
2026-09-21T14:32:05,2,1.476,18.11,17.3970,27.9,1.492,19.33,4.06,-58,9.50,
2026-09-21T14:32:06,2,1.524,21.91,17.3980,27.9,1.496,19.72,4.03,-59,9.25,
2026-09-21T14:32:07,2,1.484,18.75,17.3990,27.9,1.492,19.40,4.03,-59,9.50,
2026-09-21T14:32:08,2,1.538,23.01,17.4000,27.9,1.498,19.85,4.02,-59,10.00,
2026-09-21T14:32:09,2,1.528,22.23,17.3960,27.9,1.493,19.46,3.99,-58,9.25,
2026-09-21T14:32:10,2,1.483,18.62,17.4010,27.9,1.494,19.53,4.03,-59,11.75,
2026-09-21T14:32:11,2,1.526,22.10,17.4000,27.9,1.496,19.65,4.02,-59,9.25,
2026-09-21T14:32:12,2,1.482,18.56,17.4030,27.9,1.495,19.59,4.02,-59,10.25,
2026-09-21T14:32:14,2,1.480,18.43,17.4030,27.9,1.489,19.14,4.06,-58,9.50,
2026-09-21T14:32:15,2,1.525,21.98,17.3980,27.9,1.496,19.65,4.03,-59,9.50,
2026-09-21T14:32:16,2,1.483,18.62,17.3940,27.9,1.496,19.72,4.03,-59,9.25,
2026-09-21T14:32:17,2,1.542,23.33,17.3900,27.9,1.497,19.78,4.02,-58,9.75,
2026-09-21T14:32:18,2,1.529,22.30,17.3890,27.9,1.501,20.04,3.99,-59,9.25,
2026-09-21T14:32:19,2,1.482,18.56,17.3860,27.9,1.496,19.65,4.03,-59,9.25,
2026-09-21T14:32:20,2,1.529,22.30,17.3780,27.9,1.498,19.85,4.03,-59,9.25,
2026-09-21T14:32:21,2,1.484,18.75,17.3800,27.9,1.496,19.72,4.02,-59,9.75,
2026-09-21T14:32:22,2,1.479,18.30,17.3730,27.9,1.491,19.27,4.06,-58,10.00,
2026-09-21T14:32:23,2,1.524,21.91,17.3700,27.9,1.496,19.72,4.03,-58,10.00,
2026-09-21T14:32:24,2,1.484,18.69,17.3720,27.9,1.496,19.72,4.03,-58,10.25,
2026-09-21T14:32:26,2,1.496,19.65,17.3750,27.9,1.495,19.59,4.06,-58,9.75,
2026-09-21T14:32:27,2,1.527,22.17,17.3740,27.9,1.501,20.04,3.99,-57,9.75,
2026-09-21T14:32:28,2,1.484,18.69,17.3670,27.9,1.497,19.78,4.03,-57,10.00,
2026-09-21T14:32:29,2,1.530,22.36,17.3680,27.9,1.500,19.98,4.02,-57,10.25,
2026-09-21T14:32:30,2,1.526,22.10,17.3650,27.9,1.499,19.91,3.99,-57,9.25,
2026-09-21T14:32:31,2,1.479,18.30,17.3680,27.9,1.482,18.56,4.06,-56,9.75,
2026-09-21T14:32:32,2,1.519,21.52,17.3620,27.9,1.492,19.40,4.03,-57,10.00,
2026-09-21T14:32:33,2,1.484,18.75,17.3590,27.9,1.496,19.72,4.03,-54,10.00,
2026-09-21T14:32:34,2,1.478,18.24,17.3640,27.9,1.490,19.20,4.06,-57,10.00,
2026-09-21T14:32:35,2,1.523,21.85,17.3590,27.9,1.495,19.59,4.03,-57,10.00,
2026-09-21T14:32:36,2,1.484,18.69,17.3520,27.9,1.495,19.59,4.03,-57,9.75,
2026-09-21T14:32:38,2,1.534,22.75,17.3580,27.9,1.496,19.65,4.02,-57,10.00,
2026-09-21T14:32:39,2,1.526,22.10,17.3630,27.9,1.499,19.91,3.99,-57,9.75,
2026-09-21T14:32:40,2,1.485,18.82,17.3660,27.9,1.497,19.78,4.03,-57,9.50,
2026-09-21T14:32:45,2,1.484,18.69,17.3650,27.9,1.495,19.59,4.03,-53,6.25,
2026-09-21T14:32:46,2,1.534,22.68,17.3600,27.9,1.496,19.65,4.02,-54,7.75,
2026-09-21T14:32:47,2,1.527,22.17,17.3560,27.9,1.500,19.98,3.99,-53,5.75,
2026-09-21T14:32:48,2,1.484,18.69,17.3550,27.9,1.495,19.59,4.03,-58,9.50,
2026-09-21T14:32:50,2,1.526,22.10,17.3540,27.9,1.494,19.53,4.02,-58,9.75,
2026-09-21T14:32:51,2,1.483,18.62,17.3620,27.9,1.497,19.78,4.03,-58,9.75,
2026-09-21T14:32:52,2,1.480,18.36,17.3650,27.9,1.492,19.40,4.06,-58,9.75,
2026-09-21T14:32:53,2,1.524,21.91,17.3700,27.9,1.498,19.85,4.03,-58,9.75,
2026-09-21T14:32:54,2,1.486,18.88,17.3690,27.9,1.496,19.65,4.02,-58,9.75,
2026-09-21T14:32:55,2,1.536,22.88,17.3770,27.9,1.496,19.72,4.01,-59,9.75,
2026-09-21T14:32:56,2,1.526,22.10,17.3790,27.9,1.501,20.11,3.99,-58,9.75,
2026-09-21T14:32:57,2,1.482,18.56,17.3820,27.9,1.496,19.65,4.03,-58,10.00,
2026-09-21T14:32:58,2,1.530,22.43,17.3750,27.9,1.495,19.59,4.03,-58,9.75,
2026-09-21T14:33:01,2,1.479,18.30,17.3750,27.9,1.492,19.40,4.06,-58,10.00,
2026-09-21T14:33:02,2,1.525,22.04,17.3740,27.9,1.494,19.53,4.01,-58,10.25,
2026-09-21T14:33:03,2,1.483,18.62,17.3770,27.9,1.496,19.65,4.03,-58,10.00,
2026-09-21T14:33:04,2,1.480,18.36,17.3780,27.9,1.493,19.46,4.06,-58,10.00,
2026-09-21T14:33:05,2,1.528,22.23,17.3790,27.9,1.501,20.11,3.99,-58,9.75,
2026-09-21T14:33:06,2,1.484,18.75,17.3840,27.9,1.496,19.65,4.03,-58,9.50,
2026-09-21T14:33:07,2,1.530,22.36,17.3810,27.9,1.499,19.91,4.02,-58,10.25,
2026-09-21T14:33:08,2,1.526,22.10,17.3860,27.9,1.499,19.91,4.00,-59,9.50,
2026-09-21T14:33:09,2,1.480,18.36,17.3880,27.9,1.489,19.14,4.06,-58,9.75,
2026-09-21T14:33:10,2,1.524,21.91,17.3800,27.9,1.498,19.85,4.02,-59,9.75,
2026-09-21T14:33:11,2,1.483,18.62,17.3770,27.9,1.495,19.59,4.03,-59,9.25,
2026-09-21T14:33:13,2,1.480,18.36,17.3760,27.9,1.492,19.33,4.06,-59,9.50,
2026-09-21T14:33:14,2,1.529,22.30,17.3700,27.9,1.502,20.17,3.99,-56,9.25,
2026-09-21T14:33:15,2,1.483,18.62,17.3760,27.9,1.497,19.78,4.03,-58,9.50,
2026-09-21T14:33:16,2,1.531,22.49,17.3760,27.9,1.496,19.65,4.02,-58,10.25,
2026-09-21T14:33:17,2,1.527,22.17,17.3720,27.9,1.501,20.04,3.99,-58,9.50,
2026-09-21T14:33:18,2,1.480,18.43,17.3800,27.9,1.489,19.14,4.06,-58,9.75,
2026-09-21T14:33:19,2,1.526,22.10,17.3840,27.9,1.496,19.72,4.02,-57,10.75,
2026-09-21T14:33:20,2,1.484,18.69,17.3920,27.9,1.498,19.85,4.03,-57,10.00,
2026-09-21T14:33:21,2,1.479,18.30,17.3860,27.9,1.491,19.27,4.06,-57,9.75,
2026-09-21T14:33:22,2,1.529,22.30,17.3870,27.9,1.500,19.98,3.98,-57,10.00,
2026-09-21T14:33:23,2,1.483,18.62,17.3850,27.9,1.496,19.65,4.03,-55,10.00,
2026-09-21T14:33:25,2,1.525,22.04,17.3840,27.9,1.496,19.65,4.02,-57,10.25,
2026-09-21T14:33:29,2,1.482,18.56,17.3840,27.9,1.494,19.53,4.03,-51,3.50,
2026-09-21T14:33:30,2,1.479,18.30,17.3890,27.9,1.491,19.27,4.06,-51,3.50,
2026-09-21T14:33:31,2,1.530,22.36,17.3870,27.9,1.504,20.30,3.98,-51,4.00,
2026-09-21T14:33:32,2,1.482,18.56,17.3840,27.9,1.496,19.72,4.03,-52,7.50,
2026-09-21T14:33:33,2,1.539,23.14,17.3860,27.9,1.498,19.85,4.02,-57,9.75,
2026-09-21T14:33:34,2,1.525,22.04,17.3810,27.9,1.503,20.23,3.99,-56,10.00,
2026-09-21T14:33:35,2,1.480,18.36,17.3720,27.9,1.490,19.20,4.06,-57,10.00,
2026-09-21T14:33:37,2,1.529,22.30,17.3730,27.9,1.496,19.72,4.02,-57,10.00,
2026-09-21T14:33:38,2,1.484,18.69,17.3690,27.9,1.496,19.65,4.02,-57,9.75,
2026-09-21T14:33:39,2,1.471,17.66,17.3710,27.9,1.492,19.40,4.06,-57,10.00,
2026-09-21T14:33:40,2,1.529,22.30,17.3640,27.9,1.501,20.04,4.00,-58,10.25,
2026-09-21T14:33:41,2,1.485,18.82,17.3740,27.9,1.499,19.91,4.02,-57,10.00,
2026-09-21T14:33:42,2,1.478,18.24,17.3690,27.9,1.501,20.11,4.07,-57,9.75,
2026-09-21T14:33:43,2,1.528,22.23,17.3710,27.9,1.500,19.98,3.99,-57,10.00,
2026-09-21T14:33:44,2,1.495,19.59,17.3750,27.9,1.490,19.20,4.03,-57,10.25,
2026-09-21T14:33:45,2,1.530,22.43,17.3770,27.9,1.498,19.85,4.02,-57,10.25,
2026-09-21T14:33:46,2,1.526,22.10,17.3800,27.9,1.500,19.98,3.99,-57,9.50,
2026-09-21T14:33:47,2,1.481,18.49,17.3760,27.9,1.492,19.33,4.06,-57,10.00,
2026-09-21T14:33:49,2,1.525,22.04,17.3730,27.9,1.494,19.53,4.03,-58,9.50,
2026-09-21T14:33:50,2,1.484,18.75,17.3800,27.9,1.497,19.78,4.03,-58,9.25,
2026-09-21T14:33:51,2,1.479,18.30,17.3760,27.9,1.491,19.27,4.06,-60,10.00,
2026-09-21T14:33:52,2,1.527,22.17,17.3750,27.9,1.502,20.17,3.98,-58,9.75,
2026-09-21T14:33:53,2,1.482,18.56,17.3700,27.9,1.496,19.72,4.03,-58,9.75,
2026-09-21T14:33:54,2,1.532,22.56,17.3760,27.9,1.498,19.85,4.02,-58,10.25,
2026-09-21T14:33:55,2,1.529,22.30,17.3810,27.9,1.504,20.30,3.99,-57,9.25,
2026-09-21T14:33:56,2,1.480,18.36,17.3790,27.9,1.492,19.33,4.06,-59,9.75,
2026-09-21T14:33:57,2,1.533,22.62,17.3800,27.9,1.495,19.59,4.03,-58,9.75,
2026-09-21T14:33:58,2,1.484,18.75,17.3840,27.9,1.496,19.65,4.02,-58,9.75,
2026-09-21T14:34:00,2,1.478,18.24,17.3800,27.9,1.489,19.14,4.06,-58,10.00,
2026-09-21T14:34:01,2,1.527,22.17,17.3810,27.9,1.503,20.23,3.99,-58,9.50,
2026-09-21T14:34:02,2,1.484,18.69,17.3850,27.9,1.495,19.59,4.03,-58,9.75,
2026-09-21T14:34:03,2,1.534,22.75,17.3860,27.9,1.496,19.72,4.02,-57,10.00,
2026-09-21T14:34:04,2,1.525,22.04,17.3810,27.9,1.501,20.04,3.99,-56,9.50,
2026-09-21T14:34:05,2,1.481,18.49,17.3800,27.9,1.492,19.33,4.05,-59,9.50,
2026-09-21T14:34:06,2,1.527,22.17,17.3760,27.9,1.496,19.65,4.02,-59,10.00,
2026-09-21T14:34:07,2,1.480,18.43,17.3820,27.9,1.496,19.65,4.03,-58,10.25,
2026-09-21T14:34:08,2,1.478,18.24,17.3840,27.9,1.493,19.46,4.07,-58,10.00,
2026-09-21T14:34:14,2,1.470,17.59,17.3860,27.9,1.492,19.33,4.06,-50,0.25,
2026-09-21T14:34:15,2,1.528,22.23,17.3830,27.9,1.496,19.65,4.02,-53,5.50,
2026-09-21T14:34:16,2,1.489,19.14,17.3860,27.9,1.496,19.72,4.03,-51,6.25,
2026-09-21T14:34:17,2,1.480,18.36,17.3860,27.9,1.491,19.27,4.06,-57,10.00,
2026-09-21T14:34:18,2,1.529,22.30,17.3840,27.9,1.502,20.17,3.98,-56,10.00,
2026-09-21T14:34:19,2,1.482,18.56,17.3760,27.9,1.494,19.53,4.03,-57,10.00,
2026-09-21T14:34:20,2,1.535,22.81,17.3810,27.9,1.498,19.85,4.02,-57,10.50,
2026-09-21T14:34:21,2,1.525,22.04,17.3850,27.9,1.501,20.04,3.99,-57,9.75,
2026-09-21T14:34:22,2,1.480,18.36,17.3770,27.9,1.492,19.33,4.06,-57,9.75,
2026-09-21T14:34:24,2,1.531,22.49,17.3750,27.9,1.496,19.72,4.03,-58,9.50,
2026-09-21T14:34:25,2,1.488,19.01,17.3780,27.9,1.498,19.85,4.00,-58,9.50,
2026-09-21T14:34:26,2,1.480,18.43,17.3740,27.9,1.493,19.46,4.06,-57,9.75,
2026-09-21T14:34:27,2,1.528,22.23,17.3760,27.9,1.504,20.30,3.98,-57,10.00,
2026-09-21T14:34:28,2,1.481,18.49,17.3800,27.9,1.496,19.72,4.03,-58,10.00,
2026-09-21T14:34:29,2,1.480,18.36,17.3740,27.9,1.492,19.33,4.06,-58,10.25,
2026-09-21T14:34:30,2,1.527,22.17,17.3750,27.9,1.503,20.23,3.99,-58,9.50,
2026-09-21T14:34:31,2,1.480,18.43,17.3690,27.9,1.490,19.20,4.06,-57,10.00,
2026-09-21T14:34:32,2,1.532,22.56,17.3670,27.9,1.496,19.65,4.02,-58,9.75,
2026-09-21T14:34:33,2,1.527,22.17,17.3690,27.9,1.501,20.04,4.00,-58,9.50,
2026-09-21T14:34:34,2,1.482,18.56,17.3660,27.9,1.490,19.20,4.06,-58,10.00,
2026-09-21T14:34:36,2,1.527,22.17,17.3710,27.9,1.496,19.65,4.02,-59,9.75,
2026-09-21T14:34:37,2,1.480,18.36,17.3710,27.9,1.492,19.33,4.03,-58,9.75,
2026-09-21T14:34:38,2,1.478,18.24,17.3700,27.9,1.492,19.33,4.06,-58,10.00,
2026-09-21T14:34:39,2,1.528,22.23,17.3810,27.9,1.502,20.17,3.99,-58,9.25,
2026-09-21T14:34:40,2,1.477,18.17,17.3760,27.9,1.496,19.72,4.03,-59,9.50,
2026-09-21T14:34:41,2,1.534,22.68,17.3710,27.9,1.496,19.72,4.02,-60,10.00,
2026-09-21T14:34:42,2,1.525,22.04,17.3740,27.9,1.501,20.04,3.99,-58,9.00,
2026-09-21T14:34:43,2,1.479,18.30,17.3650,27.9,1.491,19.27,4.06,-58,10.25,
2026-09-21T14:34:44,2,1.523,21.85,17.3650,27.9,1.495,19.59,4.02,-58,9.50,
2026-09-21T14:34:45,2,1.482,18.56,17.3630,27.9,1.499,19.91,4.02,-60,9.75,
2026-09-21T14:34:47,2,1.481,18.49,17.3660,27.9,1.491,19.27,4.06,-59,9.75,
2026-09-21T14:34:48,2,1.531,22.49,17.3640,27.9,1.502,20.17,3.98,-59,10.00,
2026-09-21T14:34:49,2,1.484,18.75,17.3620,27.9,1.496,19.72,4.03,-59,9.50,
2026-09-21T14:34:50,2,1.538,23.01,17.3580,27.9,1.499,19.91,4.02,-60,9.75,
2026-09-21T14:34:51,2,1.526,22.10,17.3600,27.9,1.500,19.98,3.99,-62,9.75,
2026-09-21T14:34:52,2,1.479,18.30,17.3620,27.9,1.492,19.40,4.05,-59,9.75,
2026-09-21T14:34:59,2,1.478,18.24,17.3530,27.9,1.491,19.27,4.06,-51,-1.00,4
2026-09-21T14:35:00,2,1.529,22.30,17.3510,27.9,1.500,19.98,3.98,-54,7.00,
2026-09-21T14:35:01,2,1.479,18.30,17.3480,27.9,1.488,19.07,4.06,-57,10.00,
2026-09-21T14:35:02,2,1.530,22.36,17.3490,27.9,1.496,19.72,4.02,-59,9.50,
2026-09-21T14:35:03,2,1.527,22.17,17.3530,27.9,1.499,19.91,3.99,-59,9.25,
2026-09-21T14:35:04,2,1.492,19.33,17.3460,27.9,1.492,19.40,4.06,-60,9.50,
2026-09-21T14:35:05,2,1.533,22.62,17.3530,27.9,1.503,20.23,3.98,-60,10.25,
2026-09-21T14:35:06,2,1.481,18.49,17.3560,27.9,1.499,19.91,4.03,-65,9.50,
2026-09-21T14:35:07,2,1.477,18.17,17.3580,27.9,1.491,19.27,4.06,-65,9.75,
2026-09-21T14:35:08,2,1.530,22.43,17.3660,27.9,1.496,19.72,3.99,-65,9.25,
2026-09-21T14:35:09,2,1.480,18.36,17.3650,27.9,1.493,19.46,4.06,-64,9.25,
2026-09-21T14:35:11,2,1.536,22.88,17.3680,27.9,1.494,19.53,4.02,-64,9.25,
2026-09-21T14:35:12,2,1.527,22.17,17.3680,27.9,1.501,20.04,4.00,-64,9.75,
2026-09-21T14:35:13,2,1.480,18.43,17.3710,27.9,1.493,19.46,4.06,-62,10.25,
2026-09-21T14:35:14,2,1.535,22.81,17.4110,27.9,1.505,20.36,3.98,-66,9.50,
2026-09-21T14:35:15,2,1.485,18.82,17.4500,27.9,1.501,20.04,4.03,-61,9.25,
2026-09-21T14:35:16,2,1.483,18.62,17.5130,27.9,1.494,19.53,4.06,-62,9.75,
2026-09-21T14:35:17,2,1.527,22.17,17.5640,27.9,1.505,20.36,3.99,-64,9.50,
2026-09-21T14:35:18,2,1.484,18.75,17.6060,27.9,1.496,19.65,4.06,-62,10.00,
2026-09-21T14:35:19,2,1.542,23.39,17.6430,27.9,1.501,20.11,4.02,-60,10.00,
2026-09-21T14:35:20,2,1.533,22.62,17.6780,27.9,1.505,20.43,3.99,-59,9.50,
2026-09-21T14:35:21,2,1.484,18.69,17.7110,27.9,1.499,19.91,4.06,-60,9.75,5
2026-09-21T14:35:23,2,1.538,23.07,17.7410,27.9,1.508,20.62,4.02,-60,9.50,
2026-09-21T14:35:24,2,1.490,19.20,17.8050,27.9,1.504,20.30,4.03,-60,9.25,
2026-09-21T14:35:25,2,1.488,19.01,17.8280,27.9,1.498,19.85,4.06,-61,9.50,
2026-09-21T14:35:26,2,1.536,22.88,17.8620,27.9,1.508,20.62,3.98,-60,9.75,
2026-09-21T14:35:27,2,1.491,19.27,17.8860,27.9,1.499,19.91,4.03,-62,9.75,
2026-09-21T14:35:28,2,1.512,20.94,17.9090,27.9,1.503,20.23,4.06,-60,9.50,
2026-09-21T14:35:29,2,1.534,22.75,17.9330,27.9,1.509,20.69,3.99,-63,9.50,
2026-09-21T14:35:30,2,1.488,19.01,17.9530,27.9,1.495,19.59,4.06,-62,10.00,
2026-09-21T14:35:31,2,1.540,23.20,17.9790,27.9,1.504,20.30,4.02,-60,10.00,
2026-09-21T14:35:32,2,1.534,22.68,18.0040,27.9,1.508,20.62,3.99,-61,9.50,
2026-09-21T14:35:34,2,1.487,18.95,18.0210,27.9,1.499,19.91,4.06,-60,9.75,
2026-09-21T14:35:35,2,1.536,22.88,18.0030,27.9,1.509,20.69,3.99,-58,9.75,
2026-09-21T14:35:36,2,1.488,19.07,17.9450,27.9,1.501,20.11,4.03,-65,9.75,
2026-09-21T14:35:37,2,1.484,18.75,17.9160,27.9,1.497,19.78,4.06,-62,9.75,
2026-09-21T14:35:44,2,1.491,19.27,17.8330,27.9,1.504,20.30,4.03,-61,9.75,
2026-09-21T14:35:46,2,1.484,18.75,17.8340,27.9,1.499,19.91,4.06,-59,9.75,
2026-09-21T14:35:47,2,1.532,22.56,17.8230,27.9,1.504,20.30,3.99,-59,9.25,
2026-09-21T14:35:48,2,1.484,18.69,17.8150,27.9,1.497,19.78,4.06,-59,9.50,
2026-09-21T14:35:49,2,1.542,23.33,17.8140,27.9,1.505,20.43,4.02,-59,9.75,
2026-09-21T14:35:50,2,1.532,22.56,17.8140,27.9,1.506,20.49,3.99,-59,9.00,
2026-09-21T14:35:51,2,1.486,18.88,17.8160,27.9,1.496,19.72,4.06,-60,10.00,
2026-09-21T14:35:52,2,1.538,23.01,17.8180,27.9,1.505,20.43,3.97,-60,10.25,
2026-09-21T14:35:53,2,1.501,20.04,17.8190,27.9,1.504,20.30,4.03,-60,9.25,
2026-09-21T14:35:54,2,1.484,18.75,17.8230,27.9,1.496,19.72,4.06,-57,9.75,
2026-09-21T14:35:55,2,1.534,22.68,17.8270,27.9,1.508,20.62,3.99,-59,9.50,
2026-09-21T14:35:56,2,1.486,18.88,17.8270,27.9,1.497,19.78,4.06,-60,9.75,
2026-09-21T14:35:58,2,1.545,23.59,17.8270,27.9,1.502,20.17,4.01,-60,10.25,
2026-09-21T14:35:59,2,1.534,22.68,17.8290,27.9,1.506,20.49,3.99,-59,10.25,
2026-09-21T14:36:00,2,1.486,18.88,17.8230,27.9,1.497,19.78,4.06,-62,10.00,
2026-09-21T14:36:01,2,1.538,23.01,17.8220,27.9,1.506,20.49,3.98,-60,10.00,
2026-09-21T14:36:02,2,1.489,19.14,17.8250,27.9,1.503,20.23,4.02,-60,10.00,
2026-09-21T14:36:03,2,1.480,18.43,17.8330,27.9,1.498,19.85,4.06,-60,9.75,
2026-09-21T14:36:04,2,1.534,22.75,17.8310,27.9,1.507,20.56,3.98,-59,9.75,
2026-09-21T14:36:05,2,1.483,18.62,17.8240,27.9,1.498,19.85,4.05,-59,9.75,
2026-09-21T14:36:06,2,1.489,19.14,17.8260,27.9,1.499,19.91,4.06,-60,9.50,
2026-09-21T14:36:07,2,1.533,22.62,17.8260,27.9,1.503,20.23,3.99,-59,9.75,
2026-09-21T14:36:08,2,1.484,18.75,17.8180,27.9,1.496,19.72,4.06,-62,9.75,
2026-09-21T14:36:10,2,1.543,23.46,17.8170,27.9,1.508,20.62,3.97,-59,10.00,
2026-09-21T14:36:11,2,1.531,22.49,17.8160,27.9,1.507,20.56,4.00,-61,9.50,
2026-09-21T14:36:12,2,1.486,18.88,17.8150,27.9,1.502,20.17,4.06,-61,9.75,
2026-09-21T14:36:13,2,1.534,22.75,17.8170,27.9,1.507,20.56,3.99,-61,9.50,
2026-09-21T14:36:14,2,1.484,18.69,17.8200,27.9,1.498,19.85,4.06,-61,9.75,
2026-09-21T14:36:15,2,1.484,18.69,17.8150,27.9,1.499,19.91,4.06,-60,9.50,
2026-09-21T14:36:16,2,1.525,21.98,17.8120,27.9,1.505,20.43,3.99,-63,9.50,
2026-09-21T14:36:17,2,1.483,18.62,17.8110,27.9,1.497,19.78,4.06,-64,9.75,
2026-09-21T14:36:18,2,1.540,23.20,17.8100,27.9,1.505,20.43,4.02,-62,10.00,
2026-09-21T14:36:19,2,1.531,22.49,17.8120,27.9,1.506,20.49,3.99,-63,9.75,
2026-09-21T14:36:21,2,1.485,18.82,17.8170,27.9,1.496,19.72,4.06,-65,10.00,
2026-09-21T14:36:28,2,1.534,22.68,17.8210,27.9,1.505,20.43,3.96,-49,5.75,
2026-09-21T14:36:29,2,1.484,18.75,17.8220,27.9,1.496,19.72,4.06,-59,9.50,
2026-09-21T14:36:30,2,1.541,23.26,17.8200,27.9,1.506,20.49,3.98,-60,9.50,
2026-09-21T14:36:31,2,1.488,19.01,17.8170,27.9,1.502,20.17,4.02,-59,10.00,
2026-09-21T14:36:33,2,1.484,18.75,17.8160,27.9,1.499,19.91,4.06,-60,9.50,
2026-09-21T14:36:34,2,1.534,22.75,17.8160,27.9,1.506,20.49,3.99,-58,9.25,
2026-09-21T14:36:35,2,1.476,18.11,17.8150,27.9,1.498,19.85,4.06,-58,9.50,
2026-09-21T14:36:36,2,1.534,22.68,17.8240,27.9,1.504,20.30,4.03,-60,9.50,
2026-09-21T14:36:37,2,1.531,22.49,17.8280,27.9,1.507,20.56,3.99,-61,9.50,
2026-09-21T14:36:38,2,1.485,18.82,17.8320,27.9,1.497,19.78,4.06,-60,9.75,
2026-09-21T14:36:39,2,1.539,23.14,17.8320,27.9,1.508,20.62,3.98,-59,9.50,
2026-09-21T14:36:40,2,1.533,22.62,17.8330,27.9,1.506,20.49,3.99,-58,9.25,
2026-09-21T14:36:41,2,1.482,18.56,17.8340,27.9,1.499,19.91,4.06,-59,9.50,
2026-09-21T14:36:42,2,1.546,23.72,17.8350,27.9,1.508,20.62,3.99,-59,9.00,
2026-09-21T14:36:43,2,1.485,18.82,17.8380,27.9,1.501,20.04,4.06,-59,10.25,
2026-09-21T14:36:45,2,1.485,18.82,17.8360,27.9,1.501,20.04,4.06,-59,9.25,
2026-09-21T14:36:46,2,1.533,22.62,17.8320,27.9,1.505,20.43,3.99,-58,9.25,
2026-09-21T14:36:47,2,1.492,19.33,17.8250,27.9,1.498,19.85,4.06,-59,9.50,
2026-09-21T14:36:48,2,1.542,23.33,17.8220,27.9,1.509,20.75,3.97,-58,10.00,
2026-09-21T14:36:49,2,1.532,22.56,17.8170,27.9,1.507,20.56,3.99,-58,9.50,
2026-09-21T14:36:50,2,1.486,18.88,17.8200,27.9,1.498,19.85,4.06,-59,9.50,
2026-09-21T14:36:51,2,1.537,22.94,17.8160,27.9,1.504,20.30,3.98,-59,9.75,
2026-09-21T14:36:52,2,1.485,18.82,17.8170,27.9,1.497,19.78,4.06,-59,9.50,
2026-09-21T14:36:53,2,1.485,18.82,17.8160,27.9,1.496,19.65,4.06,-58,9.50,
2026-09-21T14:36:54,2,1.534,22.75,17.8140,27.9,1.505,20.36,3.99,-59,9.25,
2026-09-21T14:36:55,2,1.483,18.62,17.8140,27.9,1.499,19.91,4.06,-59,9.50,
2026-09-21T14:36:57,2,1.546,23.72,17.8060,27.9,1.510,20.81,3.96,-59,10.00,
2026-09-21T14:36:58,2,1.535,22.81,17.8020,27.9,1.504,20.30,3.99,-59,9.50,
2026-09-21T14:36:59,2,1.484,18.69,17.7940,27.9,1.496,19.72,4.06,-59,9.50,
2026-09-21T14:37:00,2,1.538,23.07,17.7870,27.9,1.503,20.23,3.99,-59,9.50,
2026-09-21T14:37:01,2,1.483,18.62,17.7820,27.9,1.497,19.78,4.06,-58,9.50,
2026-09-21T14:37:02,2,1.484,18.75,17.7810,27.9,1.496,19.65,4.06,-59,9.75,
2026-09-21T14:37:03,2,1.534,22.68,17.7750,27.9,1.506,20.49,3.99,-58,9.25,
2026-09-21T14:37:04,2,1.484,18.75,17.7770,27.9,1.496,19.65,4.06,-59,9.50,
2026-09-21T14:37:12,2,1.534,22.75,17.8010,27.9,1.505,20.36,3.90,-49,-0.75,
2026-09-21T14:37:13,2,1.484,18.75,17.8040,27.9,1.498,19.85,4.06,-59,9.50,
2026-09-21T14:37:14,2,1.485,18.82,17.8040,27.9,1.498,19.85,4.06,-58,9.25,
2026-09-21T14:37:15,2,1.533,22.62,17.8100,27.9,1.506,20.49,3.99,-58,9.00,
2026-09-21T14:37:16,2,1.484,18.69,17.8170,27.9,1.498,19.85,4.06,-59,7.50,
2026-09-21T14:37:17,2,1.541,23.26,17.8220,27.9,1.508,20.62,3.98,-59,9.75,
2026-09-21T14:37:18,2,1.531,22.49,17.8260,27.9,1.509,20.69,3.99,-58,9.00,
2026-09-21T14:37:20,2,1.483,18.62,17.8270,27.9,1.498,19.85,4.06,-59,9.75,
2026-09-21T14:37:21,2,1.535,22.81,17.8280,27.9,1.506,20.49,3.99,-58,9.25,
2026-09-21T14:37:22,2,1.485,18.82,17.8290,27.9,1.496,19.65,4.06,-59,9.25,
2026-09-21T14:37:23,2,1.485,18.82,17.8330,27.9,1.495,19.59,4.06,-59,9.75,
2026-09-21T14:37:24,2,1.533,22.62,17.8340,27.9,1.507,20.56,3.99,-58,9.50,
2026-09-21T14:37:25,2,1.484,18.69,17.8360,27.9,1.500,19.98,4.06,-58,9.25,
2026-09-21T14:37:26,2,1.544,23.52,17.8320,27.9,1.515,21.20,3.97,-59,9.75,
2026-09-21T14:37:27,2,1.530,22.36,17.8300,27.9,1.505,20.36,4.00,-60,9.50,
2026-09-21T14:37:28,2,1.484,18.75,17.8240,27.9,1.497,19.78,4.06,-58,9.50,
2026-09-21T14:37:29,2,1.538,23.07,17.8210,27.9,1.507,20.56,3.99,-58,9.25,
2026-09-21T14:37:30,2,1.484,18.75,17.8230,27.9,1.497,19.78,4.06,-58,9.75,
2026-09-21T14:37:32,2,1.485,18.82,17.8250,27.9,1.499,19.91,4.06,-58,9.50,
2026-09-21T14:37:33,2,1.533,22.62,17.8280,27.9,1.505,20.43,3.99,-58,9.25,
2026-09-21T14:37:34,2,1.484,18.69,17.8260,27.9,1.500,19.98,4.06,-58,9.25,
2026-09-21T14:37:35,2,1.548,23.84,17.8200,27.9,1.507,20.56,3.97,-58,10.25,
2026-09-21T14:37:36,2,1.533,22.62,17.8170,27.9,1.508,20.62,3.99,-58,9.75,
2026-09-21T14:37:37,2,1.485,18.82,17.8130,27.9,1.498,19.85,4.06,-58,9.75,
2026-09-21T14:37:38,2,1.538,23.07,17.8120,27.9,1.509,20.75,3.99,-57,9.50,
2026-09-21T14:37:39,2,1.484,18.75,17.8100,27.9,1.497,19.78,4.06,-58,9.50,
2026-09-21T14:37:40,2,1.484,18.69,17.8150,27.9,1.500,19.98,4.06,-58,9.75,
2026-09-21T14:37:41,2,1.534,22.75,17.8190,27.9,1.505,20.43,3.99,-57,9.25,
2026-09-21T14:37:42,2,1.486,18.88,17.8180,27.9,1.498,19.85,4.06,-58,10.00,
2026-09-21T14:37:44,2,1.525,21.98,17.8150,27.9,1.509,20.69,4.02,-58,9.50,
2026-09-21T14:37:45,2,1.534,22.75,17.8150,27.9,1.507,20.56,3.99,-58,9.50,
2026-09-21T14:37:46,2,1.487,18.95,17.8120,27.9,1.498,19.85,4.06,-57,9.50,
2026-09-21T14:37:47,2,1.538,23.07,17.8160,27.9,1.509,20.69,3.99,-58,9.25,
2026-09-21T14:37:48,2,1.527,22.17,17.8200,27.9,1.501,20.04,4.03,-60,9.50,
2026-09-21T14:37:57,2,1.525,22.04,17.8190,27.9,1.501,20.04,4.03,-60,9.50,
2026-09-21T14:37:58,2,1.485,18.82,17.8190,27.9,1.496,19.72,4.06,-59,9.75,
2026-09-21T14:37:59,2,1.537,22.94,17.8160,27.9,1.508,20.62,3.99,-63,9.50,
2026-09-21T14:38:00,2,1.482,18.56,17.8150,27.9,1.496,19.65,4.06,-62,9.75,
2026-09-21T14:38:01,2,1.489,19.14,17.8140,27.9,1.505,20.43,4.02,-58,10.00,
2026-09-21T14:38:02,2,1.533,22.62,17.8130,27.9,1.505,20.43,3.99,-57,9.75,
2026-09-21T14:38:03,2,1.483,18.62,17.8110,27.9,1.501,20.04,4.06,-59,9.50,
2026-09-21T14:38:04,2,1.544,23.52,17.8090,27.9,1.509,20.75,3.98,-57,10.25,
2026-09-21T14:38:05,2,1.526,22.10,17.8080,27.9,1.501,20.11,4.02,-58,10.00,
2026-09-21T14:38:07,2,1.486,18.88,17.8100,27.9,1.500,19.98,4.06,-59,9.75,
2026-09-21T14:38:08,2,1.538,23.01,17.8010,27.9,1.505,20.43,3.99,-56,9.50,
2026-09-21T14:38:09,2,1.486,18.88,17.8090,27.9,1.496,19.65,4.06,-57,10.00,
2026-09-21T14:38:10,2,1.488,19.07,17.8070,27.9,1.504,20.30,4.02,-57,10.00,
2026-09-21T14:38:11,2,1.533,22.62,17.8080,27.9,1.506,20.49,3.99,-57,10.00,
2026-09-21T14:38:12,2,1.485,18.82,17.8080,27.9,1.496,19.72,4.06,-57,9.75,
2026-09-21T14:38:13,2,1.547,23.78,17.8080,27.9,1.509,20.69,3.97,-58,10.00,
2026-09-21T14:38:14,2,1.535,22.81,17.8020,27.9,1.501,20.11,3.99,-56,9.50,
2026-09-21T14:38:15,2,1.485,18.82,17.7980,27.9,1.497,19.78,4.06,-57,10.00,
2026-09-21T14:38:16,2,1.538,23.07,17.7920,27.9,1.505,20.43,3.99,-57,9.75,
2026-09-21T14:38:17,2,1.488,19.01,17.7970,27.9,1.499,19.91,4.06,-56,9.75,
2026-09-21T14:38:19,2,1.484,18.75,17.7960,27.9,1.496,19.72,4.06,-57,9.75,
2026-09-21T14:38:20,2,1.531,22.49,17.7950,27.9,1.505,20.43,3.99,-57,9.50,
2026-09-21T14:38:21,2,1.484,18.75,17.7940,27.9,1.496,19.72,4.06,-58,9.75,
2026-09-21T14:38:22,2,1.490,19.20,17.7890,27.9,1.505,20.43,4.02,-59,10.25,
2026-09-21T14:38:23,2,1.535,22.81,17.7900,27.9,1.505,20.43,3.99,-57,9.75,
2026-09-21T14:38:24,2,1.486,18.88,17.7910,27.9,1.500,19.98,4.06,-58,9.75,
2026-09-21T14:38:25,2,1.541,23.26,17.7900,27.9,1.508,20.62,3.99,-58,9.50,
2026-09-21T14:38:26,2,1.527,22.17,17.7940,27.9,1.501,20.11,4.02,-58,10.00,
2026-09-21T14:38:27,2,1.486,18.88,17.8010,27.9,1.498,19.85,4.06,-59,9.25,
2026-09-21T14:38:28,2,1.534,22.68,17.7920,27.9,1.506,20.49,3.99,-58,10.00,
2026-09-21T14:38:29,2,1.485,18.82,17.7850,27.9,1.496,19.65,4.06,-58,9.25,
2026-09-21T14:38:31,2,1.490,19.20,17.7850,27.9,1.505,20.36,4.02,-59,9.50,
2026-09-21T14:38:32,2,1.533,22.62,17.7910,27.9,1.506,20.49,3.99,-58,9.50,
2026-09-21T14:38:33,2,1.484,18.69,17.7870,27.9,1.498,19.85,4.06,-58,9.75,
2026-09-21T14:38:40,2,1.532,22.56,17.8060,27.9,1.506,20.49,3.99,-52,9.00,
2026-09-21T14:38:41,2,1.485,18.82,17.8060,27.9,1.496,19.72,4.06,-58,9.50,
2026-09-21T14:38:43,2,1.546,23.65,17.8080,27.9,1.508,20.62,3.98,-58,9.50,
2026-09-21T14:38:44,2,1.529,22.30,17.8100,27.9,1.501,20.04,4.02,-60,9.25,
2026-09-21T14:38:45,2,1.484,18.75,17.8070,27.9,1.499,19.91,4.06,-59,9.50,
2026-09-21T14:38:46,2,1.537,22.94,17.8050,27.9,1.508,20.62,3.98,-59,9.75,
2026-09-21T14:38:47,2,1.484,18.69,17.8040,27.9,1.507,20.56,4.06,-60,9.50,
2026-09-21T14:38:48,2,1.488,19.01,17.8150,27.9,1.505,20.43,4.01,-57,10.25,
2026-09-21T14:38:49,2,1.534,22.68,17.8200,27.9,1.506,20.49,3.99,-57,9.50,
2026-09-21T14:38:50,2,1.485,18.82,17.8190,27.9,1.496,19.72,4.06,-57,10.00,
2026-09-21T14:38:51,2,1.543,23.46,17.8130,27.9,1.507,20.56,3.98,-58,12.75,
2026-09-21T14:38:52,2,1.528,22.23,17.8190,27.9,1.501,20.11,4.02,-59,9.75,
2026-09-21T14:38:54,2,1.484,18.75,17.8200,27.9,1.496,19.72,4.06,-59,9.50,
2026-09-21T14:38:55,2,1.539,23.14,17.8210,27.9,1.506,20.49,3.98,-58,9.75,
2026-09-21T14:38:56,2,1.526,22.10,17.8210,27.9,1.502,20.17,4.03,-58,9.75,
2026-09-21T14:38:57,2,1.488,19.01,17.8190,27.9,1.502,20.17,4.06,-58,10.00,
2026-09-21T14:38:58,2,1.534,22.75,17.8130,27.9,1.510,20.81,3.99,-58,10.00,
2026-09-21T14:38:59,2,1.484,18.75,17.8160,27.9,1.498,19.85,4.06,-58,9.75,
2026-09-21T14:39:00,2,1.489,19.14,17.8160,27.9,1.503,20.23,4.02,-58,9.75,
2026-09-21T14:39:01,2,1.530,22.36,17.8230,27.9,1.505,20.36,3.99,-58,9.50,
2026-09-21T14:39:02,2,1.484,18.75,17.8240,27.9,1.496,19.72,4.06,-58,9.75,
2026-09-21T14:39:03,2,1.542,23.33,17.8230,27.9,1.508,20.62,3.98,-57,10.25,
2026-09-21T14:39:04,2,1.527,22.17,17.8230,27.9,1.500,19.98,4.03,-56,12.25,
2026-09-21T14:39:06,2,1.483,18.62,17.8230,27.9,1.496,19.72,4.06,-57,9.75,
2026-09-21T14:39:07,2,1.536,22.88,17.8170,27.9,1.506,20.49,3.99,-56,9.75,
2026-09-21T14:39:08,2,1.484,18.75,17.8070,27.9,1.496,19.72,4.06,-57,9.75,
2026-09-21T14:39:09,2,1.490,19.20,17.8070,27.9,1.502,20.17,4.02,-56,10.00,
2026-09-21T14:39:10,2,1.534,22.75,17.8090,27.9,1.506,20.49,3.99,-56,9.75,
2026-09-21T14:39:11,2,1.486,18.88,17.8090,27.9,1.497,19.78,4.06,-57,10.00,
2026-09-21T14:39:12,2,1.543,23.46,17.8070,27.9,1.506,20.49,3.98,-57,10.00,
2026-09-21T14:39:13,2,1.529,22.30,17.8100,27.9,1.501,20.11,4.03,-57,10.00,
2026-09-21T14:39:14,2,1.486,18.88,17.8090,27.9,1.496,19.72,4.06,-57,10.00,
2026-09-21T14:39:15,2,1.537,22.94,17.8100,27.9,1.508,20.62,3.99,-57,10.00,
2026-09-21T14:39:16,2,1.488,19.07,17.8090,27.9,1.496,19.65,4.06,-58,9.75,
2026-09-21T14:39:23,2,1.486,18.88,17.8150,27.9,1.000,1.00,0.00,-47,-2.00,
2026-09-21T14:39:24,2,1.538,23.01,17.8180,27.9,1.505,20.36,3.90,-47,3.25,
2026-09-21T14:39:25,2,1.484,18.69,17.8180,27.9,1.496,19.72,4.06,-58,9.50,
2026-09-21T14:39:26,2,1.489,19.14,17.8230,27.9,1.507,20.56,4.01,-58,10.00,
2026-09-21T14:39:27,2,1.534,22.68,17.8260,27.9,1.503,20.23,3.97,-58,10.00,
2026-09-21T14:39:28,2,1.485,18.82,17.8260,27.9,1.496,19.65,4.06,-57,9.75,
2026-09-21T14:39:30,2,1.538,23.07,17.8240,27.9,1.507,20.56,3.99,-58,9.50,
2026-09-21T14:39:31,2,1.527,22.17,17.8260,27.9,1.503,20.23,4.03,-57,9.75,
2026-09-21T14:39:32,2,1.484,18.75,17.8140,27.9,1.496,19.65,4.05,-58,9.50,
2026-09-21T14:39:33,2,1.538,23.07,17.8100,27.9,1.505,20.36,3.98,-58,9.50,
2026-09-21T14:39:34,2,1.524,21.91,17.8060,27.9,1.501,20.04,4.03,-60,9.50,
2026-09-21T14:39:35,2,1.483,18.62,17.8120,27.9,1.492,19.33,4.06,-58,9.75,
2026-09-21T14:39:36,2,1.534,22.75,17.8120,27.9,1.508,20.62,3.99,-58,9.00,
2026-09-21T14:39:37,2,1.484,18.69,17.8130,27.9,1.490,19.20,4.06,-58,9.75,
2026-09-21T14:39:38,2,1.489,19.14,17.8130,27.9,1.503,20.23,4.02,-57,10.00,
2026-09-21T14:39:39,2,1.533,22.62,17.8130,27.9,1.505,20.36,3.99,-58,9.50,
2026-09-21T14:39:40,2,1.484,18.75,17.8130,27.9,1.496,19.72,4.06,-58,9.50,
2026-09-21T14:39:42,2,1.542,23.33,17.8100,27.9,1.499,19.91,3.98,-57,9.75,
2026-09-21T14:39:43,2,1.526,22.10,17.7940,27.9,1.501,20.04,4.02,-58,10.25,
2026-09-21T14:39:44,2,1.484,18.75,17.7930,27.9,1.495,19.59,4.06,-58,9.50,
2026-09-21T14:39:45,2,1.536,22.88,17.7960,27.9,1.506,20.49,3.98,-57,10.50,
2026-09-21T14:39:46,2,1.484,18.75,17.7970,27.9,1.498,19.85,4.06,-57,10.25,
2026-09-21T14:39:47,2,1.489,19.14,17.7960,27.9,1.505,20.43,4.02,-57,10.00,
2026-09-21T14:39:48,2,1.532,22.56,17.7980,27.9,1.505,20.43,3.99,-57,9.75,
2026-09-21T14:39:49,2,1.486,18.88,17.7940,27.9,1.497,19.78,4.06,-57,9.75,
2026-09-21T14:39:50,2,1.543,23.46,17.7900,27.9,1.506,20.49,3.98,-57,10.00,
2026-09-21T14:39:51,2,1.528,22.23,17.7910,27.9,1.501,20.04,4.02,-58,10.25,
2026-09-21T14:39:53,2,1.489,19.14,17.8000,27.9,1.505,20.36,4.06,-59,9.50,
2026-09-21T14:39:54,2,1.535,22.81,17.8000,27.9,1.504,20.30,3.98,-58,10.00,
2026-09-21T14:39:55,2,1.484,18.75,17.7970,27.9,1.499,19.91,4.06,-57,10.00,
2026-09-21T14:39:56,2,1.491,19.27,17.8000,27.9,1.504,20.30,4.02,-58,10.00,
2026-09-21T14:39:57,2,1.533,22.62,17.8000,27.9,1.507,20.56,3.99,-58,9.25,
2026-09-21T14:39:58,2,1.485,18.82,17.8010,27.9,1.497,19.78,4.06,-59,9.75,
2026-09-21T14:39:59,2,1.545,23.59,17.7970,27.9,1.508,20.62,3.98,-59,9.75,
2026-09-21T14:40:00,2,1.527,22.17,17.8020,27.9,1.505,20.36,4.02,-59,9.75,
2026-09-21T14:40:09,2,1.529,22.30,17.8100,27.9,1.501,20.04,4.02,-58,9.75,
2026-09-21T14:40:10,2,1.484,18.75,17.8100,27.9,1.497,19.78,4.06,-58,9.75,
2026-09-21T14:40:11,2,1.542,23.33,17.8100,27.9,1.506,20.49,3.98,-58,9.75,
2026-09-21T14:40:12,2,1.530,22.36,17.8070,27.9,1.498,19.85,4.02,-58,10.25,
2026-09-21T14:40:13,2,1.488,19.07,17.8090,27.9,1.502,20.17,4.01,-58,10.00,
2026-09-21T14:40:14,2,1.535,22.81,17.8090,27.9,1.502,20.17,3.99,-57,9.75,
2026-09-21T14:40:15,2,1.485,18.82,17.8050,27.9,1.496,19.72,4.06,-57,9.75,
2026-09-21T14:40:17,2,1.489,19.14,17.7990,27.9,1.503,20.23,4.02,-57,10.25,
2026-09-21T14:40:18,2,1.529,22.30,17.8030,27.9,1.501,20.11,3.98,-57,9.75,
2026-09-21T14:40:19,2,1.484,18.75,17.8050,27.9,1.496,19.72,4.06,-56,9.75,
2026-09-21T14:40:20,2,1.544,23.52,17.8040,27.9,1.510,20.81,3.98,-57,10.50,
2026-09-21T14:40:21,2,1.530,22.36,17.8050,27.9,1.501,20.11,4.02,-57,10.00,
2026-09-21T14:40:22,2,1.484,18.69,17.8020,27.9,1.496,19.72,4.06,-59,9.75,
2026-09-21T14:40:23,2,1.535,22.81,17.8000,27.9,1.505,20.36,3.99,-58,9.75,
2026-09-21T14:40:24,2,1.484,18.75,17.8060,27.9,1.499,19.91,4.06,-57,10.00,
2026-09-21T14:40:25,2,1.491,19.27,17.8020,27.9,1.503,20.23,4.02,-58,10.00,
2026-09-21T14:40:26,2,1.532,22.56,17.8050,27.9,1.506,20.49,3.99,-58,9.75,
2026-09-21T14:40:27,2,1.485,18.82,17.8050,27.9,1.498,19.85,4.06,-57,9.75,
2026-09-21T14:40:29,2,1.546,23.72,17.8080,27.9,1.506,20.49,3.97,-57,10.25,
2026-09-21T14:40:30,2,1.526,22.10,17.8120,27.9,1.498,19.85,4.02,-57,10.00,
2026-09-21T14:40:31,2,1.486,18.88,17.8110,27.9,1.496,19.65,4.06,-58,9.75,
2026-09-21T14:40:32,2,1.538,23.07,17.8090,27.9,1.508,20.62,3.98,-59,9.50,
2026-09-21T14:40:33,2,1.484,18.75,17.8060,27.9,1.496,19.72,4.06,-59,9.75,
2026-09-21T14:40:34,2,1.501,20.04,17.8080,27.9,1.503,20.23,4.01,-57,10.00,
2026-09-21T14:40:35,2,1.534,22.75,17.8130,27.9,1.506,20.49,3.99,-60,10.00,
2026-09-21T14:40:36,2,1.485,18.82,17.8150,27.9,1.501,20.04,4.06,-59,9.50,
2026-09-21T14:40:37,2,1.490,19.20,17.8120,27.9,1.501,20.11,4.02,-58,9.75,
2026-09-21T14:40:38,2,1.526,22.10,17.8130,27.9,1.502,20.17,4.02,-59,10.00,
2026-09-21T14:40:40,2,1.485,18.82,17.8130,27.9,1.497,19.78,4.06,-59,9.75,
2026-09-21T14:40:41,2,1.538,23.07,17.8110,27.9,1.506,20.49,3.98,-58,9.75,
2026-09-21T14:40:42,2,1.528,22.23,17.8110,27.9,1.502,20.17,4.02,-59,9.75,
2026-09-21T14:40:43,2,1.491,19.27,17.8080,27.9,1.505,20.43,4.02,-59,10.25,
2026-09-21T14:40:44,2,1.533,22.62,17.8050,27.9,1.505,20.43,3.98,-58,9.25,
2026-09-21T14:40:50,2,1.526,22.10,17.8130,27.9,1.501,20.04,4.02,-48,-1.75,
2026-09-21T14:40:53,2,1.535,22.81,17.8180,27.9,1.505,20.36,3.99,-58,9.50,
2026-09-21T14:40:54,2,1.484,18.69,17.8150,27.9,1.496,19.65,4.06,-59,9.75,
2026-09-21T14:40:55,2,1.488,19.07,17.8110,27.9,1.501,20.11,4.02,-57,9.75,
2026-09-21T14:40:56,2,1.528,22.23,17.8130,27.9,1.504,20.30,4.02,-58,12.50,
2026-09-21T14:40:57,2,1.474,17.91,17.8150,27.9,1.496,19.72,4.06,-58,10.00,
2026-09-21T14:40:58,2,1.544,23.52,17.8150,27.9,1.508,20.62,3.98,-58,9.75,
2026-09-21T14:40:59,2,1.526,22.10,17.8180,27.9,1.501,20.04,4.02,-58,9.75,
2026-09-21T14:41:00,2,1.488,19.01,17.8120,27.9,1.503,20.23,4.06,-58,9.75,
2026-09-21T14:41:01,2,1.538,23.07,17.8110,27.9,1.507,20.56,3.98,-57,7.50,
2026-09-21T14:41:02,2,1.484,18.69,17.8070,27.9,1.496,19.65,4.05,-57,9.75,
2026-09-21T14:41:04,2,1.488,19.01,17.8060,27.9,1.502,20.17,4.02,-58,9.50,
2026-09-21T14:41:05,2,1.535,22.81,17.8050,27.9,1.505,20.36,3.99,-58,9.25,
2026-09-21T14:41:06,2,1.484,18.75,17.8070,27.9,1.496,19.65,4.06,-59,9.75,
2026-09-21T14:41:07,2,1.488,19.07,17.8090,27.9,1.503,20.23,4.02,-59,10.75,
2026-09-21T14:41:08,2,1.530,22.36,17.8030,27.9,1.501,20.04,4.02,-59,9.50,
2026-09-21T14:41:09,2,1.484,18.75,17.8020,27.9,1.499,19.91,4.06,-59,9.50,
2026-09-21T14:41:10,2,1.541,23.26,17.7990,27.9,1.505,20.43,3.98,-57,9.75,
2026-09-21T14:41:11,2,1.526,22.10,17.7980,27.9,1.502,20.17,4.02,-57,9.75,
2026-09-21T14:41:12,2,1.488,19.01,17.8020,27.9,1.499,19.91,4.02,-58,9.75,
2026-09-21T14:41:13,2,1.534,22.68,17.8040,27.9,1.509,20.69,3.99,-56,9.50,
2026-09-21T14:41:14,2,1.485,18.82,17.7970,27.9,1.496,19.72,4.06,-56,9.75,
2026-09-21T14:41:16,2,1.489,19.14,17.8020,27.9,1.502,20.17,4.02,-56,10.00,
2026-09-21T14:41:17,2,1.528,22.23,17.8020,27.9,1.501,20.11,4.02,-58,10.25,
2026-09-21T14:41:18,2,1.484,18.75,17.8060,27.9,1.496,19.72,4.06,-57,9.75,
2026-09-21T14:41:19,2,1.542,23.33,17.8050,27.9,1.508,20.62,3.98,-57,9.75,
2026-09-21T14:41:20,2,1.527,22.17,17.8100,27.9,1.503,20.23,4.02,-57,10.00,
2026-09-21T14:41:21,2,1.501,20.04,17.8140,27.9,1.502,20.17,4.01,-57,10.25,
2026-09-21T14:41:22,2,1.536,22.88,17.8120,27.9,1.505,20.43,3.99,-57,9.75,
2026-09-21T14:41:23,2,1.484,18.75,17.8140,27.9,1.495,19.59,4.06,-57,9.75,
2026-09-21T14:41:24,2,1.488,19.01,17.8180,27.9,1.501,20.11,4.02,-57,10.25,
2026-09-21T14:41:25,2,1.529,22.30,17.8160,27.9,1.500,19.98,4.02,-58,10.25,
2026-09-21T14:41:27,2,1.485,18.82,17.8170,27.9,1.496,19.65,4.06,-57,9.50,
2026-09-21T14:41:28,2,1.542,23.39,17.8070,27.9,1.509,20.69,3.98,-57,10.00,
2026-09-21T14:41:29,2,1.526,22.10,17.8130,27.9,1.501,20.11,4.02,-57,10.25,
2026-09-21T14:41:36,2,1.542,23.39,17.8100,27.9,1.509,20.69,3.91,-49,7.50,
2026-09-21T14:41:37,2,1.527,22.17,17.8070,27.9,1.502,20.17,4.03,-57,9.75,
2026-09-21T14:41:39,2,1.488,19.07,17.8050,27.9,1.504,20.30,4.03,-58,9.75,
2026-09-21T14:41:40,2,1.539,23.14,17.8040,27.9,1.506,20.49,3.98,-57,9.75,
2026-09-21T14:41:41,2,1.526,22.10,17.8040,27.9,1.499,19.91,4.02,-59,9.75,
2026-09-21T14:41:42,2,1.488,19.07,17.8050,27.9,1.502,20.17,4.02,-59,10.00,
2026-09-21T14:41:43,2,1.534,22.75,17.8010,27.9,1.501,20.11,3.99,-58,9.25,
2026-09-21T14:41:44,2,1.483,18.62,17.8000,27.9,1.497,19.78,4.06,-59,9.50,
2026-09-21T14:41:45,2,1.490,19.20,17.7980,27.9,1.502,20.17,4.02,-57,10.00,
2026-09-21T14:41:46,2,1.526,22.10,17.7950,27.9,1.503,20.23,4.02,-57,10.50,
2026-09-21T14:41:47,2,1.487,18.95,17.8030,27.9,1.496,19.72,4.06,-56,10.00,
2026-09-21T14:41:48,2,1.540,23.20,17.8050,27.9,1.509,20.69,3.98,-57,10.00,
2026-09-21T14:41:49,2,1.530,22.36,17.8010,27.9,1.501,20.04,4.02,-60,10.00,
2026-09-21T14:41:51,2,1.490,19.20,17.8080,27.9,1.502,20.17,4.01,-60,10.00,
2026-09-21T14:41:52,2,1.534,22.68,17.8100,27.9,1.506,20.49,3.99,-59,9.25,
2026-09-21T14:41:53,2,1.485,18.82,17.8160,27.9,1.496,19.72,4.06,-59,9.75,
2026-09-21T14:41:54,2,1.490,19.20,17.8190,27.9,1.503,20.23,4.02,-58,10.00,
2026-09-21T14:41:55,2,1.530,22.43,17.8160,27.9,1.499,19.91,4.02,-59,9.75,
2026-09-21T14:41:56,2,1.484,18.75,17.8170,27.9,1.499,19.91,4.06,-59,9.25,
2026-09-21T14:41:57,2,1.543,23.46,17.8140,27.9,1.508,20.62,3.98,-57,10.00,
2026-09-21T14:41:58,2,1.526,22.10,17.8100,27.9,1.501,20.04,4.03,-59,9.50,
2026-09-21T14:41:59,2,1.491,19.27,17.8110,27.9,1.505,20.36,4.01,-57,10.00,
2026-09-21T14:42:00,2,1.534,22.75,17.8150,27.9,1.506,20.49,3.98,-57,9.50,
2026-09-21T14:42:01,2,1.494,19.53,17.8150,27.9,1.499,19.91,4.06,-58,10.25,
2026-09-21T14:42:03,2,1.490,19.20,17.8150,27.9,1.504,20.30,4.02,-58,10.00,
2026-09-21T14:42:04,2,1.539,23.14,17.8220,27.9,1.501,20.04,4.02,-58,9.75,
2026-09-21T14:42:05,2,1.484,18.75,17.8150,27.9,1.498,19.85,4.06,-58,10.00,
2026-09-21T14:42:06,2,1.544,23.52,17.8140,27.9,1.508,20.62,3.98,-59,9.50,
2026-09-21T14:42:07,2,1.529,22.30,17.8130,27.9,1.501,20.11,4.02,-57,9.75,
2026-09-21T14:42:08,2,1.490,19.20,17.8090,27.9,1.506,20.49,4.01,-58,10.25,
2026-09-21T14:42:09,2,1.538,23.01,17.8160,27.9,1.507,20.56,3.98,-58,9.50,
2026-09-21T14:42:10,2,1.482,18.56,17.8150,27.9,1.495,19.59,4.06,-58,10.00,
2026-09-21T14:42:11,2,1.489,19.14,17.8140,27.9,1.501,20.04,4.02,-57,9.50,
2026-09-21T14:42:12,2,1.531,22.49,17.8100,27.9,1.500,19.98,4.02,-58,10.00,
2026-09-21T14:42:18,2,9.540,23.20,17.8030,2.0,0.000,20.56,3.98,-48,-2.25,
2026-09-21T14:42:20,2,1.489,19.14,17.7990,27.9,1.504,20.30,4.02,-48,0.75,
2026-09-21T14:42:21,2,1.535,22.81,17.7970,27.9,1.505,20.43,3.99,-57,9.75,
2026-09-21T14:42:22,2,1.482,18.56,17.7990,27.9,1.497,19.78,4.05,-58,9.50,
2026-09-21T14:42:23,2,1.488,19.07,17.7960,27.9,1.501,20.11,4.02,-58,10.25,
2026-09-21T14:42:24,2,1.530,22.36,17.7990,27.9,1.499,19.91,4.02,-58,10.25,
2026-09-21T14:42:26,2,1.484,18.75,17.8010,27.9,1.498,19.85,4.06,-57,9.75,
2026-09-21T14:42:27,2,1.542,23.39,17.8030,27.9,1.510,20.81,3.98,-57,10.25,
2026-09-21T14:42:28,2,1.529,22.30,17.8010,27.9,1.502,20.17,4.03,-57,9.75,
2026-09-21T14:42:29,2,1.490,19.20,17.8010,27.9,1.504,20.30,4.02,-58,9.75,
2026-09-21T14:42:30,2,1.533,22.62,17.7940,27.9,1.505,20.43,3.99,-58,9.50,
2026-09-21T14:42:31,2,1.485,18.82,17.7980,27.9,1.491,19.27,4.06,-58,9.75,
2026-09-21T14:42:32,2,1.489,19.14,17.7950,27.9,1.501,20.11,4.02,-58,10.25,
2026-09-21T14:42:33,2,1.527,22.17,17.7980,27.9,1.502,20.17,4.02,-58,9.75,
2026-09-21T14:42:34,2,1.487,18.95,17.7960,27.9,1.495,19.59,4.06,-58,9.50,
2026-09-21T14:42:35,2,1.544,23.52,17.7960,27.9,1.507,20.56,3.98,-58,9.75,
2026-09-21T14:42:36,2,1.529,22.30,17.7970,27.9,1.501,20.11,4.02,-58,10.00,
2026-09-21T14:42:38,2,1.492,19.33,17.8050,27.9,1.503,20.23,4.01,-58,11.00,
2026-09-21T14:42:39,2,1.537,22.94,17.7980,27.9,1.504,20.30,3.99,-58,9.50,
2026-09-21T14:42:40,2,1.484,18.75,17.8040,27.9,1.500,19.98,4.06,-58,9.75,
2026-09-21T14:42:41,2,1.488,19.07,17.8060,27.9,1.502,20.17,4.02,-58,9.50,
2026-09-21T14:42:42,2,1.529,22.30,17.7970,27.9,1.500,19.98,4.02,-59,9.75,
2026-09-21T14:42:43,2,1.485,18.82,17.7980,27.9,1.497,19.78,4.06,-59,9.50,
2026-09-21T14:42:44,2,1.546,23.72,17.7940,27.9,1.506,20.49,3.98,-59,9.50,
2026-09-21T14:42:45,2,1.526,22.10,17.7970,27.9,1.501,20.11,4.03,-58,9.25,
2026-09-21T14:42:46,2,1.489,19.14,17.8010,27.9,1.505,20.36,4.01,-59,9.75,
2026-09-21T14:42:47,2,1.541,23.26,17.7960,27.9,1.506,20.49,3.98,-59,10.00,
2026-09-21T14:42:48,2,1.527,22.17,17.7990,27.9,1.501,20.11,4.02,-60,9.75,
2026-09-21T14:42:50,2,1.488,19.01,17.7970,27.9,1.503,20.23,4.02,-59,9.50,
2026-09-21T14:42:51,2,1.521,21.65,17.8060,27.9,1.502,20.17,4.02,-59,9.75,
2026-09-21T14:42:52,2,1.484,18.69,17.8080,27.9,1.497,19.78,4.05,-59,9.50,
2026-09-21T14:42:54,2,1.527,22.17,17.8100,27.9,1.501,20.11,4.02,-59,9.75,
2026-09-21T14:42:55,2,1.490,19.20,17.8190,27.9,1.503,20.23,4.03,-59,9.75,
2026-09-21T14:42:56,2,1.541,23.26,17.8190,27.9,1.508,20.62,3.98,-58,10.00,
2026-09-21T14:43:04,2,1.484,18.75,17.8310,27.9,1.498,19.85,4.06,-48,-1.75,
2026-09-21T14:43:05,2,1.544,23.52,17.8270,27.9,1.506,20.49,3.98,-58,9.75,
2026-09-21T14:43:06,2,1.529,22.30,17.8240,27.9,1.502,20.17,4.02,-60,9.75,
2026-09-21T14:43:07,2,1.488,19.07,17.8230,27.9,1.504,20.30,4.02,-59,9.25,
2026-09-21T14:43:08,2,1.542,23.33,17.8240,27.9,1.508,20.62,3.98,-60,9.75,
2026-09-21T14:43:09,2,1.486,18.88,17.8280,27.9,1.498,19.85,4.06,-58,9.50,
2026-09-21T14:43:10,2,1.492,19.40,17.8280,27.9,1.501,20.04,4.02,-60,9.75,
2026-09-21T14:43:11,2,1.531,22.49,17.8260,27.9,1.502,20.17,4.02,-60,9.75,
2026-09-21T14:43:13,2,1.486,18.88,17.8270,27.9,1.496,19.72,4.06,-60,9.75,
2026-09-21T14:43:14,2,1.542,23.39,17.8260,27.9,1.508,20.62,3.97,-59,10.00,
2026-09-21T14:43:15,2,1.528,22.23,17.8340,27.9,1.501,20.11,4.03,-59,10.00,
2026-09-21T14:43:16,2,1.490,19.20,17.8300,27.9,1.505,20.36,4.02,-59,10.00,
2026-09-21T14:43:17,2,1.539,23.14,17.8220,27.9,1.507,20.56,3.99,-58,9.25,
2026-09-21T14:43:18,2,1.530,22.36,17.8240,27.9,1.499,19.91,4.02,-59,9.50,
2026-09-21T14:43:19,2,1.488,19.01,17.8240,27.9,1.503,20.23,4.02,-58,9.75,
2026-09-21T14:43:20,2,1.528,22.23,17.8250,27.9,1.505,20.36,4.02,-59,9.50,
2026-09-21T14:43:21,2,1.485,18.82,17.8250,27.9,1.496,19.72,4.06,-59,9.75,
2026-09-21T14:43:22,2,1.487,18.95,17.8250,27.9,1.501,20.04,4.02,-59,9.25,
2026-09-21T14:43:25,2,1.488,19.07,17.8230,27.9,1.504,20.30,4.01,-59,10.00,
2026-09-21T14:43:26,2,1.542,23.33,17.8210,27.9,1.506,20.49,3.98,-58,9.25,
2026-09-21T14:43:27,2,1.525,22.04,17.8190,27.9,1.501,20.04,4.03,-58,9.75,
2026-09-21T14:43:28,2,1.491,19.27,17.8190,27.9,1.505,20.36,4.02,-59,9.75,
2026-09-21T14:43:29,2,1.529,22.30,17.8130,27.9,1.500,19.98,4.02,-59,10.00,
2026-09-21T14:43:30,2,1.485,18.82,17.8090,27.9,1.499,19.91,4.05,-59,9.50,
2026-09-21T14:43:31,2,1.488,19.01,17.8010,27.9,1.501,20.04,4.02,-59,9.75,
2026-09-21T14:43:32,2,1.529,22.30,17.7940,27.9,1.501,20.04,4.03,-59,7.25,
2026-09-21T14:43:33,2,1.491,19.27,17.7980,27.9,1.503,20.23,4.01,-59,10.00,
2026-09-21T14:43:34,2,1.540,23.20,17.7930,27.9,1.507,20.56,3.98,-59,9.25,
2026-09-21T14:43:35,2,1.526,22.10,17.7960,27.9,1.500,19.98,4.02,-59,9.25,
2026-09-21T14:43:37,2,1.489,19.14,17.7880,27.9,1.502,20.17,4.02,-59,9.50,
2026-09-21T14:43:38,2,1.532,22.56,17.7920,27.9,1.503,20.23,3.99,-58,9.00,
2026-09-21T14:43:39,2,1.482,18.56,17.7920,27.9,1.496,19.72,4.06,-59,9.50,
2026-09-21T14:43:40,2,1.488,19.01,17.7920,27.9,1.503,20.23,4.01,-59,10.00,
2026-09-21T14:43:49,2,1.490,19.20,17.7850,27.9,1.504,20.30,4.02,-60,10.00,
2026-09-21T14:43:50,2,1.530,22.36,17.7840,27.9,1.500,19.98,4.02,-60,9.75,
2026-09-21T14:43:51,2,1.485,18.82,17.7880,27.9,1.496,19.72,4.06,-59,9.75,
2026-09-21T14:43:52,2,1.539,23.14,17.7920,27.9,1.506,20.49,3.99,-59,9.50,
2026-09-21T14:43:53,2,1.518,21.46,17.7900,27.9,1.501,20.04,4.02,-59,9.75,
2026-09-21T14:43:54,2,1.492,19.33,17.7930,27.9,1.503,20.23,4.02,-59,9.25,
2026-09-21T14:43:55,2,1.539,23.14,17.7940,27.9,1.507,20.56,3.98,-59,9.75,
2026-09-21T14:43:56,2,1.525,21.98,17.8010,27.9,1.501,20.11,4.02,-60,9.75,
2026-09-21T14:43:57,2,1.488,19.01,17.7990,27.9,1.501,20.11,4.02,-59,9.75,
2026-09-21T14:43:58,2,1.532,22.56,17.7970,27.9,1.501,20.11,4.02,-59,10.25,
2026-09-21T14:44:00,2,1.484,18.75,17.8010,27.9,1.497,19.78,4.06,-59,9.75,
2026-09-21T14:44:01,2,1.490,19.20,17.7990,27.9,1.490,19.20,4.02,-59,8.00,
2026-09-21T14:44:02,2,1.527,22.17,17.7980,27.9,1.501,20.11,4.02,-59,9.75,
2026-09-21T14:44:03,2,1.487,18.95,17.8020,27.9,1.501,20.11,4.01,-59,9.25,
2026-09-21T14:44:04,2,1.541,23.26,17.8030,27.9,1.505,20.36,3.98,-59,9.50,
2026-09-21T14:44:05,2,1.527,22.17,17.8050,27.9,1.501,20.11,4.03,-58,9.50,
2026-09-21T14:44:06,2,1.488,19.01,17.8110,27.9,1.502,20.17,4.02,-58,10.50,
2026-09-21T14:44:07,2,1.531,22.49,17.8130,27.9,1.501,20.11,4.02,-59,9.50,
2026-09-21T14:44:08,2,1.486,18.88,17.8150,27.9,1.496,19.72,4.05,-59,10.00,
2026-09-21T14:44:09,2,1.487,18.95,17.8180,27.9,1.504,20.30,4.02,-58,10.00,
2026-09-21T14:44:10,2,1.529,22.30,17.8250,27.9,1.499,19.91,4.02,-58,10.50,
2026-09-21T14:44:12,2,1.492,19.40,17.8190,27.9,1.503,20.23,4.01,-57,10.25,
2026-09-21T14:44:13,2,1.545,23.59,17.8190,27.9,1.505,20.43,3.98,-58,10.00,
2026-09-21T14:44:14,2,1.525,22.04,17.8180,27.9,1.505,20.36,4.02,-58,10.00,
2026-09-21T14:44:15,2,1.490,19.20,17.8170,27.9,1.503,20.23,4.02,-58,10.00,
2026-09-21T14:44:16,2,1.534,22.68,17.8120,27.9,1.501,20.11,4.02,-57,10.75,
2026-09-21T14:44:17,2,1.485,18.82,17.8090,27.9,1.496,19.65,4.05,-58,10.25,
2026-09-21T14:44:18,2,1.489,19.14,17.8130,27.9,1.500,19.98,4.02,-58,9.75,
2026-09-21T14:44:19,2,1.530,22.43,17.8070,27.9,1.500,19.98,4.02,-58,10.50,
2026-09-21T14:44:20,2,1.484,18.69,17.7990,27.9,1.501,20.04,4.06,-59,9.75,
2026-09-21T14:44:21,2,1.546,23.72,17.7940,27.9,1.507,20.56,3.97,-60,10.00,
2026-09-21T14:44:22,2,1.530,22.43,17.7970,27.9,1.501,20.04,4.02,-61,10.00,
2026-09-21T14:44:24,2,1.488,19.01,17.7950,27.9,1.502,20.17,4.01,-57,10.00,
2026-09-21T14:44:25,2,1.537,22.94,17.7890,27.9,1.505,20.43,3.98,-57,9.75,
2026-09-21T14:44:29,2,1.485,18.82,17.7870,27.9,1.497,19.78,4.06,-50,2.25,
2026-09-21T14:44:30,2,1.489,19.14,17.7890,27.9,1.502,20.17,4.02,-50,2.25,
2026-09-21T14:44:31,2,1.527,22.17,17.7920,27.9,1.502,20.17,4.02,-52,6.75,
2026-09-21T14:44:32,2,1.489,19.14,17.7950,27.9,1.506,20.49,4.01,-52,9.25,
2026-09-21T14:44:33,2,1.539,23.14,17.7920,27.9,1.506,20.49,3.98,-57,10.00,
2026-09-21T14:44:34,2,1.526,22.10,17.7970,27.9,1.498,19.85,4.03,-58,10.00,
2026-09-21T14:44:36,2,1.488,19.07,17.7910,27.9,1.501,20.04,4.02,-59,9.50,
2026-09-21T14:44:37,2,1.528,22.23,17.7970,27.9,1.501,20.11,4.02,-57,10.25,
2026-09-21T14:44:38,2,1.486,18.88,17.7920,27.9,1.498,19.85,4.06,-57,8.25,
2026-09-21T14:44:39,2,1.488,19.01,17.8070,27.9,1.504,20.30,4.02,-57,9.75,
2026-09-21T14:44:40,2,1.527,22.17,17.8180,27.9,1.500,19.98,4.02,-58,10.00,
2026-09-21T14:44:41,2,1.492,19.33,17.8210,27.9,1.504,20.30,4.01,-59,9.75,
2026-09-21T14:44:42,2,1.540,23.20,17.8160,27.9,1.506,20.49,3.98,-56,9.50,
2026-09-21T14:44:43,2,1.526,22.10,17.8170,27.9,1.501,20.04,4.03,-58,10.25,
2026-09-21T14:44:44,2,1.489,19.14,17.8210,27.9,1.504,20.30,4.02,-58,10.00,
2026-09-21T14:44:45,2,1.534,22.68,17.8270,27.9,1.503,20.23,4.02,-58,10.00,
2026-09-21T14:44:47,2,1.487,18.95,17.8240,27.9,1.499,19.91,4.06,-57,10.00,
2026-09-21T14:44:48,2,1.491,19.27,17.8150,27.9,1.501,20.11,4.02,-56,10.00,
2026-09-21T14:44:49,2,1.528,22.23,17.8140,27.9,1.503,20.23,4.02,-59,9.75,
2026-09-21T14:44:50,2,1.489,19.14,17.8020,27.9,1.503,20.23,4.01,-58,10.25,
2026-09-21T14:44:51,2,1.545,23.59,17.8030,27.9,1.508,20.62,3.98,-58,9.50,
2026-09-21T14:44:52,2,1.525,22.04,17.7980,27.9,1.500,19.98,4.03,-59,9.50,
2026-09-21T14:44:53,2,1.488,19.07,17.7980,27.9,1.501,20.11,4.02,-58,9.75,
2026-09-21T14:44:54,2,1.533,22.62,17.7920,27.9,1.502,20.17,4.01,-59,10.00,
2026-09-21T14:44:55,2,1.485,18.82,17.7950,27.9,1.496,19.72,4.07,-59,10.50,
2026-09-21T14:44:56,2,1.488,19.07,17.7890,27.9,1.505,20.36,4.02,-59,10.00,
2026-09-21T14:44:57,2,1.527,22.17,17.7920,27.9,1.501,20.11,4.02,-59,9.75,
2026-09-21T14:44:59,2,1.488,19.01,17.7940,27.9,1.503,20.23,4.03,-58,9.50,
2026-09-21T14:45:00,2,1.509,20.69,17.7780,27.9,1.504,20.30,4.02,-57,10.00,
2026-09-21T14:45:01,2,1.528,22.23,17.7810,27.9,1.501,20.04,4.03,-57,9.75,
2026-09-21T14:45:03,2,1.538,23.07,17.7900,27.9,1.508,20.62,3.98,-56,10.00,
2026-09-21T14:45:04,2,1.527,22.17,17.7910,27.9,1.501,20.04,4.02,-58,10.00,
2026-09-21T14:45:05,2,1.490,19.20,17.7840,27.9,1.502,20.17,4.02,-59,10.25,
2026-09-21T14:45:06,2,1.530,22.36,17.7920,27.9,1.503,20.23,4.02,-59,9.75,
2026-09-21T14:45:07,2,1.485,18.82,17.7970,27.9,1.496,19.72,4.06,-59,9.50,
2026-09-21T14:45:08,2,1.490,19.20,17.8070,27.9,1.501,20.04,4.02,-59,9.75,
2026-09-21T14:45:14,2,1.491,19.27,17.8200,27.9,1.500,19.98,4.02,-49,-0.75,
2026-09-21T14:45:15,2,1.534,22.75,17.8160,27.9,1.500,19.98,4.02,-49,-2.25,
2026-09-21T14:45:16,2,1.483,18.62,17.8160,27.9,1.500,19.98,4.06,-50,0.75,
2026-09-21T14:45:17,2,1.490,19.20,17.8170,27.9,1.501,20.04,4.02,-57,10.00,
2026-09-21T14:45:18,2,1.526,22.10,17.8150,27.9,1.501,20.11,4.02,-57,10.00,
2026-09-21T14:45:19,2,1.488,19.07,17.8190,27.9,1.502,20.17,4.02,-56,10.50,
2026-09-21T14:45:20,2,1.546,23.65,17.8130,27.9,1.508,20.62,3.97,-57,10.00,
2026-09-21T14:45:21,2,1.527,22.17,17.8140,27.9,1.502,20.17,4.02,-57,10.00,
2026-09-21T14:45:23,2,1.488,19.07,17.8090,27.9,1.502,20.17,4.02,-57,10.25,
2026-09-21T14:45:24,2,1.534,22.68,17.8060,27.9,1.501,20.11,4.01,-57,10.00,
2026-09-21T14:45:25,2,1.486,18.88,17.8020,27.9,1.495,19.59,4.06,-57,9.75,
2026-09-21T14:45:26,2,1.488,19.01,17.7970,27.9,1.500,19.98,4.02,-58,10.00,
2026-09-21T14:45:27,2,1.530,22.36,17.7960,27.9,1.501,20.11,4.02,-56,10.00,
2026-09-21T14:45:28,2,1.492,19.33,17.7950,27.9,1.503,20.23,4.01,-57,10.25,
2026-09-21T14:45:29,2,1.547,23.78,17.7850,27.9,1.505,20.43,3.97,-57,10.50,
2026-09-21T14:45:30,2,1.529,22.30,17.7910,27.9,1.503,20.23,4.02,-58,10.00,
2026-09-21T14:45:31,2,1.488,19.07,17.7920,27.9,1.501,20.11,4.02,-58,9.75,
2026-09-21T14:45:32,2,1.536,22.88,17.7860,27.9,1.513,21.01,4.01,-59,9.75,
2026-09-21T14:45:33,2,1.489,19.14,17.7890,27.9,1.499,19.91,4.02,-58,10.25,
2026-09-21T14:45:35,2,1.488,19.07,17.7880,27.9,1.501,20.11,4.02,-58,10.00,
2026-09-21T14:45:36,2,1.530,22.43,17.7870,27.9,1.501,20.04,4.02,-56,10.25,
2026-09-21T14:45:37,2,1.488,19.01,17.7840,27.9,1.503,20.23,4.01,-55,10.25,
2026-09-21T14:45:38,2,1.488,19.01,17.7900,27.9,1.501,20.11,4.02,-56,10.00,
2026-09-21T14:45:39,2,1.530,22.36,17.7900,27.9,1.499,19.91,4.02,-57,10.00,
2026-09-21T14:45:40,2,1.490,19.20,17.7910,27.9,1.501,20.04,4.02,-57,10.25,
2026-09-21T14:45:41,2,1.538,23.01,17.7870,27.9,1.501,20.11,3.98,-56,9.50,
2026-09-21T14:45:42,2,1.526,22.10,17.7880,27.9,1.496,19.65,4.02,-59,9.50,
2026-09-21T14:45:43,2,1.490,19.20,17.7890,27.9,1.501,20.11,4.02,-58,10.25,
2026-09-21T14:45:44,2,1.531,22.49,17.7840,27.9,1.499,19.91,4.02,-57,10.25,
2026-09-21T14:45:46,2,1.487,18.95,17.7880,27.9,1.496,19.65,4.06,-57,9.50,
2026-09-21T14:45:47,2,1.488,19.07,17.7890,27.9,1.501,20.04,4.02,-58,9.75,5
2026-09-21T14:45:48,2,1.528,22.23,17.7930,27.9,1.501,20.11,4.02,-59,10.00,
2026-09-21T14:45:49,2,1.488,19.01,17.7940,27.9,1.503,20.23,4.02,-58,10.25,
2026-09-21T14:45:50,2,1.541,23.26,17.7960,27.9,1.506,20.49,3.97,-58,9.75,
2026-09-21T14:45:51,2,1.527,22.17,17.7990,27.9,1.501,20.11,4.02,-56,10.25,
2026-09-21T14:45:52,2,1.490,19.20,17.8040,27.9,1.502,20.17,4.02,-59,10.25,
2026-09-21T14:46:01,2,1.489,19.14,17.8210,27.9,1.505,20.36,4.02,-57,10.25,
2026-09-21T14:46:02,2,1.534,22.75,17.8510,27.9,1.503,20.23,4.02,-59,10.00,
2026-09-21T14:46:03,2,1.488,19.01,17.8820,27.9,1.499,19.91,4.05,-58,9.50,
2026-09-21T14:46:04,2,1.489,19.14,17.9120,27.9,1.503,20.23,4.02,-58,10.50,
2026-09-21T14:46:05,2,1.532,22.56,17.9340,27.9,1.502,20.17,4.02,-59,10.00,
2026-09-21T14:46:06,2,1.489,19.14,17.9560,27.9,1.505,20.43,4.01,-58,10.00,
2026-09-21T14:46:07,2,1.552,24.17,17.9750,27.9,1.511,20.88,3.98,-58,9.75,
2026-09-21T14:46:08,2,1.531,22.49,18.0000,27.9,1.502,20.17,4.02,-57,10.00,
2026-09-21T14:46:10,2,1.495,19.59,18.0150,27.9,1.506,20.49,4.02,-60,10.00,
2026-09-21T14:46:11,2,1.538,23.01,18.0230,27.9,1.502,20.17,4.01,-61,10.25,
2026-09-21T14:46:12,2,1.487,18.95,18.0590,27.9,1.502,20.17,4.05,-61,10.50,
2026-09-21T14:46:13,2,1.494,19.53,18.0710,27.9,1.507,20.56,4.02,-61,10.00,
2026-09-21T14:46:14,2,1.537,22.94,18.0880,27.9,1.506,20.49,4.02,-60,10.00,
2026-09-21T14:46:15,2,1.494,19.53,18.1080,27.9,1.509,20.69,4.01,-57,10.00,
2026-09-21T14:46:16,2,1.492,19.40,18.1260,27.9,1.508,20.62,4.02,-58,9.75,
2026-09-21T14:46:17,2,1.535,22.81,18.1530,27.9,1.509,20.75,4.02,-59,10.75,
2026-09-21T14:46:18,2,1.495,19.59,18.1780,27.9,1.509,20.69,4.02,-59,9.25,
2026-09-21T14:46:19,2,1.533,22.62,18.2010,27.9,1.514,21.14,4.01,-56,10.25,
2026-09-21T14:46:20,2,1.531,22.49,18.2180,27.9,1.505,20.36,4.02,-57,10.25,6
2026-09-21T14:46:22,2,1.492,19.33,18.2170,27.9,1.506,20.49,4.02,-58,10.50,
2026-09-21T14:46:23,2,1.538,23.01,18.2010,27.9,1.505,20.43,4.02,-57,10.00,
2026-09-21T14:46:24,2,1.490,19.20,18.1770,27.9,1.506,20.49,4.06,-58,10.00,
2026-09-21T14:46:25,2,1.491,19.27,18.1590,27.9,1.505,20.36,4.02,-56,10.25,
2026-09-21T14:46:26,2,1.534,22.75,18.1520,27.9,1.505,20.36,4.02,-56,10.00,
2026-09-21T14:46:27,2,1.495,19.59,18.1460,27.9,1.508,20.62,4.02,-56,10.00,
2026-09-21T14:46:28,2,1.547,23.78,18.1380,27.9,1.510,20.81,3.98,-56,9.50,
2026-09-21T14:46:29,2,1.531,22.49,18.1390,27.9,1.506,20.49,4.02,-56,10.25,
2026-09-21T14:46:30,2,1.493,19.46,18.1430,27.9,1.517,21.39,4.02,-55,9.75,
2026-09-21T14:46:31,2,1.537,22.94,18.1340,27.9,1.505,20.43,4.02,-55,10.00,
2026-09-21T14:46:33,2,1.488,19.07,18.1320,27.9,1.502,20.17,4.06,-55,9.50,
2026-09-21T14:46:34,2,1.492,19.40,18.1410,27.9,1.506,20.49,4.02,-54,10.00,
2026-09-21T14:46:35,2,1.534,22.75,18.1430,27.9,1.506,20.49,4.02,-56,10.00,
2026-09-21T14:46:36,2,1.493,19.46,18.1420,27.9,1.505,20.43,4.02,-56,10.00,
2026-09-21T14:46:37,2,1.546,23.72,18.1340,27.9,1.512,20.94,3.97,-56,10.25,
2026-09-21T14:46:45,2,1.492,19.33,18.1280,27.9,1.505,20.43,4.01,-56,10.00,
2026-09-21T14:46:46,2,1.550,24.04,18.1410,27.9,1.512,20.94,3.98,-57,9.75,
2026-09-21T14:46:47,2,1.533,22.62,18.1420,27.9,1.505,20.43,4.02,-57,10.00,
2026-09-21T14:46:48,2,1.494,19.53,18.1410,27.9,1.505,20.43,4.02,-57,9.75,
2026-09-21T14:46:49,2,1.541,23.26,18.1400,27.9,1.505,20.36,4.01,-56,10.25,
2026-09-21T14:46:50,2,1.492,19.40,18.1440,27.9,1.501,20.11,4.02,-56,10.25,
2026-09-21T14:46:51,2,1.493,19.46,18.1460,27.9,1.506,20.49,4.02,-56,9.75,
2026-09-21T14:46:52,2,1.532,22.56,18.1500,27.9,1.507,20.56,4.02,-56,10.00,
2026-09-21T14:46:53,2,1.496,19.65,18.1450,27.9,1.505,20.43,4.01,-57,10.25,
2026-09-21T14:46:54,2,1.492,19.40,18.1440,27.9,1.503,20.23,4.02,-56,10.25,
2026-09-21T14:46:55,2,1.531,22.49,18.1400,27.9,1.507,20.56,4.02,-56,10.00,
2026-09-21T14:46:57,2,1.492,19.40,18.1360,27.9,1.508,20.62,4.01,-56,9.75,
2026-09-21T14:46:58,2,1.540,23.20,18.1280,27.9,1.504,20.30,4.01,-57,10.50,
2026-09-21T14:46:59,2,1.531,22.49,18.1300,27.9,1.507,20.56,4.02,-56,10.00,
2026-09-21T14:47:00,2,1.494,19.53,18.1260,27.9,1.506,20.49,4.02,-56,10.00,
2026-09-21T14:47:01,2,1.534,22.75,18.1220,27.9,1.506,20.49,4.02,-57,10.25,
2026-09-21T14:47:02,2,1.492,19.40,18.1190,27.9,1.506,20.49,4.04,-57,10.00,
2026-09-21T14:47:03,2,1.494,19.53,18.1180,27.9,1.507,20.56,4.02,-57,10.00,
2026-09-21T14:47:04,2,1.533,22.62,18.1200,27.9,1.508,20.62,4.01,-57,10.00,
2026-09-21T14:47:05,2,1.492,19.33,18.1230,27.9,1.505,20.36,4.02,-57,10.50,
2026-09-21T14:47:06,2,1.546,23.72,18.1260,27.9,1.510,20.81,3.98,-56,10.25,
2026-09-21T14:47:07,2,1.534,22.68,18.1260,27.9,1.504,20.30,4.03,-56,10.00,
2026-09-21T14:47:10,2,1.537,22.94,18.1290,27.9,1.506,20.49,4.02,-56,9.75,
2026-09-21T14:47:11,2,1.489,19.14,18.1240,27.9,1.501,20.11,4.06,-56,9.75,
2026-09-21T14:47:12,2,1.494,19.53,18.1200,27.9,1.506,20.49,4.02,-55,9.50,
2026-09-21T14:47:13,2,1.536,22.88,18.1090,27.9,1.504,20.30,4.02,-56,10.25,
2026-09-21T14:47:14,2,1.493,19.46,18.1110,27.9,1.505,20.36,4.01,-57,10.00,
2026-09-21T14:47:15,2,1.551,24.10,18.1130,27.9,1.510,20.81,3.97,-56,10.25,
2026-09-21T14:47:16,2,1.530,22.43,18.1130,27.9,1.505,20.36,4.03,-56,9.75,
2026-09-21T14:47:17,2,1.492,19.40,18.1130,27.9,1.505,20.43,4.02,-56,9.75,
2026-09-21T14:47:18,2,1.539,23.14,18.1150,27.9,1.505,20.36,4.02,-56,10.00,
2026-09-21T14:47:19,2,1.488,19.01,18.1100,27.9,1.501,20.04,4.06,-56,9.50,
2026-09-21T14:47:21,2,1.493,19.46,18.1160,27.9,1.505,20.36,4.02,-56,9.75,
2026-09-21T14:47:26,2,1.495,19.59,18.1000,27.9,1.505,20.43,4.02,-47,-2.00,
2026-09-21T14:47:27,2,1.539,23.14,18.0970,27.9,1.500,0.00,4.01,-46,-2.00,
2026-09-21T14:47:28,2,1.530,22.36,18.0920,27.9,1.503,20.23,4.02,-48,5.25,
2026-09-21T14:47:29,2,1.492,19.33,18.0940,27.9,1.508,20.62,4.02,-57,10.00,
2026-09-21T14:47:32,2,1.492,19.40,18.0960,27.9,1.510,20.81,4.02,-57,10.00,
2026-09-21T14:47:33,2,1.492,19.40,18.0970,27.9,1.507,20.56,4.02,-57,9.75,
2026-09-21T14:47:34,2,1.532,22.56,18.1010,27.9,1.509,20.69,4.02,-57,10.25,
2026-09-21T14:47:35,2,1.488,19.07,18.1060,27.9,1.507,20.56,4.02,-57,10.00,
2026-09-21T14:47:36,2,1.544,23.52,18.1100,27.9,1.505,20.36,3.98,-56,9.75,
2026-09-21T14:47:37,2,1.529,22.30,18.1100,27.9,1.507,20.56,4.02,-56,10.00,
2026-09-21T14:47:38,2,1.492,19.33,18.1010,27.9,1.517,21.39,4.02,-56,9.75,
2026-09-21T14:47:39,2,1.535,22.81,18.1070,27.9,1.506,20.49,4.02,-56,10.75,
2026-09-21T14:47:40,2,1.488,19.07,18.1070,27.9,1.505,20.43,4.05,-56,9.75,
2026-09-21T14:47:41,2,1.492,19.33,18.1110,27.9,1.505,20.36,4.02,-56,10.00,
2026-09-21T14:47:42,2,1.534,22.68,18.1140,27.9,1.506,20.49,4.02,-58,9.75,
2026-09-21T14:47:44,2,1.492,19.40,18.1160,27.9,1.508,20.62,4.01,-58,10.00,
2026-09-21T14:47:45,2,1.550,23.97,18.1140,27.9,1.509,20.75,3.98,-57,9.50,
2026-09-21T14:47:46,2,1.533,22.62,18.1210,27.9,1.505,20.43,4.02,-57,10.00,
2026-09-21T14:47:47,2,1.492,19.40,18.1230,27.9,1.506,20.49,4.02,-57,9.75,
2026-09-21T14:47:48,2,1.538,23.07,18.1220,27.9,1.505,20.43,4.01,-56,10.00,
2026-09-21T14:47:49,2,1.489,19.14,18.1160,27.9,1.500,19.98,4.05,-57,9.50,
2026-09-21T14:47:50,2,1.494,19.53,18.1100,27.9,1.506,20.49,4.02,-57,9.75,
2026-09-21T14:47:51,2,1.532,22.56,18.1110,27.9,1.505,20.43,4.02,-57,10.25,
2026-09-21T14:47:52,2,1.488,19.01,18.1120,27.9,1.509,20.75,4.01,-57,10.00,
2026-09-21T14:47:53,2,1.492,19.40,18.1120,27.9,1.508,20.62,4.02,-57,9.75,
2026-09-21T14:47:54,2,1.532,22.56,18.1080,27.9,1.505,20.43,4.01,-57,10.00,
2026-09-21T14:47:56,2,1.492,19.33,18.1060,27.9,1.508,20.62,4.02,-57,9.75,
2026-09-21T14:47:57,2,1.541,23.26,18.1000,27.9,1.506,20.49,4.01,-57,10.25,
2026-09-21T14:47:58,2,1.530,22.36,18.1070,27.9,1.505,20.43,4.02,-57,10.25,
2026-09-21T14:47:59,2,1.493,19.46,18.1050,27.9,1.505,20.43,4.02,-58,10.25,
2026-09-21T14:48:00,2,1.532,22.56,18.1010,27.9,1.505,20.43,4.02,-58,10.00,
2026-09-21T14:48:01,2,1.491,19.27,18.0990,27.9,1.506,20.49,4.01,-58,10.25,
2026-09-21T14:48:02,2,1.491,19.27,18.0950,27.9,1.508,20.62,4.02,-57,10.00,
2026-09-21T14:48:03,2,1.534,22.68,18.0900,27.9,1.502,20.17,4.02,-57,10.50,
2026-09-21T14:48:04,2,1.495,19.59,18.0930,27.9,1.506,20.49,4.02,-58,10.25,
2026-09-21T14:48:12,2,1.540,23.20,18.1020,27.9,1.505,20.43,0.00,-45,3.75,
2026-09-21T14:48:13,2,1.494,19.53,18.1030,27.9,1.505,20.36,4.01,-57,10.00,
2026-09-21T14:48:14,2,1.546,23.72,18.1010,27.9,1.507,20.56,4.01,-56,9.75,
2026-09-21T14:48:15,2,1.530,22.43,18.0990,27.9,1.505,20.43,4.01,-56,10.25,
2026-09-21T14:48:16,2,1.493,19.46,18.0940,27.9,1.506,20.49,4.02,-56,10.00,
2026-09-21T14:48:17,2,1.538,23.01,18.0890,27.9,1.506,20.49,4.01,-57,10.00,
2026-09-21T14:48:19,2,1.493,19.46,18.0940,27.9,1.507,20.56,4.01,-56,12.50,
2026-09-21T14:48:20,2,1.492,19.33,18.0960,27.9,1.507,20.56,4.02,-56,10.00,
2026-09-21T14:48:21,2,1.532,22.56,18.0960,27.9,1.505,20.36,4.02,-56,9.75,
2026-09-21T14:48:22,2,1.492,19.40,18.1060,27.9,1.506,20.49,4.01,-56,9.75,
2026-09-21T14:48:23,2,1.489,19.14,18.1110,27.9,1.500,19.98,4.06,-56,9.75,
2026-09-21T14:48:24,2,1.531,22.49,18.0990,27.9,1.506,20.49,4.02,-57,10.00,
2026-09-21T14:48:25,2,1.493,19.46,18.1020,27.9,1.505,20.36,4.02,-55,10.00,
2026-09-21T14:48:26,2,1.538,23.07,18.0980,27.9,1.508,20.62,4.02,-56,10.25,
2026-09-21T14:48:27,2,1.530,22.43,18.0910,27.9,1.512,20.94,4.02,-55,10.25,
2026-09-21T14:48:28,2,1.493,19.46,18.0980,27.9,1.505,20.43,4.02,-56,10.00,
2026-09-21T14:48:29,2,1.532,22.56,18.0950,27.9,1.505,20.43,4.02,-56,9.75,
2026-09-21T14:48:31,2,1.492,19.33,18.0930,27.9,1.507,20.56,4.01,-56,9.75,
2026-09-21T14:48:32,2,1.492,19.33,18.0860,27.9,1.505,20.43,4.02,-56,10.00,
2026-09-21T14:48:33,2,1.532,22.56,18.0910,27.9,1.505,20.43,4.02,-56,10.25,
2026-09-21T14:48:34,2,1.492,19.33,18.0870,27.9,1.507,20.56,4.02,-56,10.00,
2026-09-21T14:48:35,2,1.538,23.07,18.0890,27.9,1.507,20.56,4.01,-56,9.75,
2026-09-21T14:48:36,2,1.529,22.30,18.0930,27.9,1.505,20.36,4.02,-56,10.25,
2026-09-21T14:48:37,2,1.492,19.33,18.0970,27.9,1.506,20.49,4.01,-56,10.00,
2026-09-21T14:48:38,2,1.525,21.98,18.0960,27.9,1.507,20.56,4.01,-56,9.75,
2026-09-21T14:48:39,2,1.490,19.20,18.0940,27.9,1.507,20.56,4.01,-57,9.75,
2026-09-21T14:48:40,2,1.493,19.46,18.1010,27.9,1.506,20.49,4.02,-57,10.00,
2026-09-21T14:48:41,2,1.532,22.56,18.0990,27.9,1.504,20.30,4.02,-58,9.75,
2026-09-21T14:48:43,2,1.492,19.40,18.0980,27.9,1.506,20.49,4.02,-55,10.25,
2026-09-21T14:48:44,2,1.544,23.52,18.0980,27.9,1.505,20.43,4.00,-56,9.75,
2026-09-21T14:48:45,2,1.530,22.43,18.1070,27.9,1.504,20.30,4.02,-57,10.00,
2026-09-21T14:48:46,2,1.492,19.33,18.1020,27.9,1.505,20.43,4.02,-57,10.25,
2026-09-21T14:48:47,2,1.539,23.14,18.1020,27.9,1.506,20.49,4.02,-57,10.00,
2026-09-21T14:48:48,2,1.492,19.40,18.1000,27.9,1.508,20.62,4.02,-56,10.00,
2026-09-21T14:48:53,2,1.531,22.49,18.1150,27.9,1.508,20.62,4.02,-49,-0.50,
2026-09-21T14:48:55,2,1.492,19.40,18.1160,27.9,1.506,20.49,4.02,-49,0.00,
2026-09-21T14:48:56,2,1.540,23.20,18.1180,27.9,1.509,20.75,4.00,-49,-0.25,
2026-09-21T14:48:57,2,1.535,22.81,18.1160,27.9,1.510,20.81,3.98,-57,9.75,
2026-09-21T14:48:58,2,1.492,19.33,18.1130,27.9,1.504,20.30,4.02,-57,10.00,
2026-09-21T14:48:59,2,1.534,22.68,18.1200,27.9,1.503,20.23,4.02,-57,10.50,
2026-09-21T14:49:00,2,1.493,19.46,18.1100,27.9,1.507,20.56,4.02,-55,9.50,
2026-09-21T14:49:01,2,1.489,19.14,18.1110,27.9,1.501,20.11,4.05,-57,9.75,
2026-09-21T14:49:02,2,1.532,22.56,18.1100,27.9,1.506,20.49,4.02,-56,9.75,
2026-09-21T14:49:03,2,1.492,19.40,18.1060,27.9,1.503,20.23,4.02,-56,9.75,
2026-09-21T14:49:04,2,1.542,23.39,18.1040,27.9,1.507,20.56,4.01,-56,9.75,
2026-09-21T14:49:06,2,1.538,23.01,18.1120,27.9,1.510,20.81,3.97,-56,10.25,
2026-09-21T14:49:07,2,1.493,19.46,18.1080,27.9,1.505,20.36,4.02,-56,10.25,
2026-09-21T14:49:08,2,1.534,22.75,18.1130,27.9,1.506,20.49,4.02,-55,10.00,
2026-09-21T14:49:09,2,1.492,19.40,18.1140,27.9,1.504,20.30,4.02,-54,10.00,
2026-09-21T14:49:10,2,1.488,19.01,18.1150,27.9,1.500,19.98,4.05,-56,9.50,
2026-09-21T14:49:11,2,1.532,22.56,18.1070,27.9,1.505,20.43,4.02,-56,10.00,
2026-09-21T14:49:12,2,1.490,19.20,18.1150,27.9,1.508,20.62,4.02,-56,10.00,
2026-09-21T14:49:13,2,1.544,23.52,18.1060,27.9,1.506,20.49,4.00,-55,9.75,
2026-09-21T14:49:14,2,1.534,22.75,18.1010,27.9,1.507,20.56,3.99,-55,9.50,
2026-09-21T14:49:15,2,1.493,19.46,18.0940,27.9,1.505,20.43,4.02,-55,9.75,
2026-09-21T14:49:16,2,1.536,22.88,18.0940,27.9,1.505,20.36,4.01,-56,10.00,
2026-09-21T14:49:18,2,1.492,19.33,18.0910,27.9,1.507,20.56,4.02,-55,9.75,
2026-09-21T14:49:19,2,1.493,19.46,18.0910,27.9,1.505,20.43,4.02,-55,10.25,
2026-09-21T14:49:20,2,1.532,22.56,18.0890,27.9,1.505,20.36,4.01,-56,9.75,
2026-09-21T14:49:21,2,1.492,19.33,18.0860,27.9,1.506,20.49,4.01,-56,10.00,
2026-09-21T14:49:22,2,1.488,19.01,18.0810,27.9,1.504,20.30,4.05,-56,9.25,
2026-09-21T14:49:23,2,1.530,22.43,18.0900,27.9,1.505,20.36,4.02,-56,10.25,
2026-09-21T14:49:24,2,1.492,19.40,18.0900,27.9,1.506,20.49,4.02,-57,10.25,
2026-09-21T14:49:25,2,1.538,23.01,18.0820,27.9,1.499,19.91,4.00,-56,9.50,
2026-09-21T14:49:26,2,1.537,22.94,18.0860,27.9,1.511,20.88,3.98,-55,10.25,
2026-09-21T14:49:27,2,1.496,19.65,18.0820,27.9,1.506,20.49,4.02,-56,10.25,
2026-09-21T14:49:28,2,1.532,22.56,18.0770,27.9,1.503,20.23,4.01,-56,10.25,
2026-09-21T14:49:30,2,1.494,19.53,18.0800,27.9,1.506,20.49,4.02,-56,10.00,
2026-09-21T14:49:31,2,1.488,19.07,18.0750,27.9,1.499,19.91,4.05,-57,9.75,
2026-09-21T14:49:32,2,1.532,22.56,18.0800,27.9,1.503,20.23,4.02,-58,10.00,
2026-09-21T14:49:39,2,1.488,19.01,18.0860,27.9,1.500,19.98,4.00,-46,-1.00,
2026-09-21T14:49:40,2,1.533,22.62,18.0800,27.9,1.504,20.30,4.02,-56,10.00,
2026-09-21T14:49:42,2,1.492,19.33,18.0750,27.9,1.503,20.23,4.02,-57,10.25,
2026-09-21T14:49:43,2,1.545,23.59,18.0810,27.9,1.505,20.43,4.01,-57,9.75,
2026-09-21T14:49:44,2,1.536,22.88,18.0770,27.9,1.513,21.07,3.98,-58,10.00,
2026-09-21T14:49:45,2,1.492,19.33,18.0800,27.9,1.506,20.49,4.02,-59,9.75,
2026-09-21T14:49:46,2,1.536,22.88,18.0790,27.9,1.505,20.43,4.01,-56,10.00,
2026-09-21T14:49:47,2,1.492,19.40,18.0830,27.9,1.505,20.36,4.02,-56,10.25,
2026-09-21T14:49:48,2,1.489,19.14,18.0840,27.9,1.501,20.11,4.05,-57,10.00,
2026-09-21T14:49:49,2,1.533,22.62,18.0840,27.9,1.501,20.04,4.02,-58,10.00,
2026-09-21T14:49:50,2,1.491,19.27,18.0860,27.9,1.505,20.43,4.02,-56,10.25,
2026-09-21T14:49:51,2,1.486,18.88,18.0810,27.9,1.500,19.98,4.05,-58,9.50,
2026-09-21T14:49:52,2,1.534,22.75,18.0850,27.9,1.512,20.94,3.97,-58,10.00,
2026-09-21T14:49:54,2,1.488,19.07,18.0860,27.9,1.505,20.36,4.02,-58,10.00,
2026-09-21T14:49:55,2,1.536,22.88,18.0820,27.9,1.505,20.43,4.01,-59,9.50,
2026-09-21T14:49:56,2,1.534,22.75,18.0720,27.9,1.509,20.75,3.98,-58,9.75,
2026-09-21T14:49:57,2,1.488,19.01,18.0740,27.9,1.498,19.85,4.02,-58,10.00,
2026-09-21T14:49:58,2,1.534,22.68,18.0780,27.9,1.503,20.23,4.02,-58,9.75,
2026-09-21T14:49:59,2,1.493,19.46,18.0770,27.9,1.505,20.36,4.02,-59,9.75,
2026-09-21T14:50:00,2,1.488,19.01,18.0870,27.9,1.489,19.14,4.05,-58,10.25,
2026-09-21T14:50:01,2,1.532,22.56,18.0900,27.9,1.503,20.23,4.02,-58,10.25,
2026-09-21T14:50:02,2,1.492,19.33,18.0870,27.9,1.505,20.43,4.02,-58,9.50,
2026-09-21T14:50:03,2,1.542,23.33,18.0890,27.9,1.504,20.30,4.01,-58,10.00,
2026-09-21T14:50:05,2,1.536,22.88,18.0840,27.9,1.509,20.69,3.98,-58,9.75,
2026-09-21T14:50:06,2,1.492,19.33,18.0940,27.9,1.505,20.36,4.02,-58,10.00,
2026-09-21T14:50:07,2,1.534,22.75,18.0930,27.9,1.506,20.49,4.01,-59,10.25,
2026-09-21T14:50:08,2,1.491,19.27,18.0870,27.9,1.505,20.36,4.02,-58,9.75,
2026-09-21T14:50:09,2,1.488,19.01,18.0860,27.9,1.504,20.30,4.05,-59,10.00,
2026-09-21T14:50:10,2,1.534,22.68,18.0900,27.9,1.507,20.56,4.02,-59,10.00,
2026-09-21T14:50:11,2,1.491,19.27,18.0930,27.9,1.506,20.49,4.02,-59,10.00,
2026-09-21T14:50:12,2,1.544,23.52,18.0910,27.9,1.506,20.49,4.01,-58,10.50,
2026-09-21T14:50:13,2,1.534,22.75,18.0930,27.9,1.512,20.94,3.98,-59,9.75,
2026-09-21T14:50:14,2,1.492,19.33,18.0930,27.9,1.506,20.49,4.02,-59,10.00,
2026-09-21T14:50:15,2,1.535,22.81,18.0930,27.9,1.504,20.30,4.01,-59,9.50,
2026-09-21T14:50:17,2,1.492,19.33,18.1010,27.9,1.505,20.36,4.01,-60,9.75,
2026-09-21T14:50:24,2,1.538,23.07,18.1070,27.9,1.506,20.49,4.01,-53,6.75,
2026-09-21T14:50:25,2,1.492,19.33,18.1050,27.9,1.506,20.49,4.02,-60,9.75,
2026-09-21T14:50:26,2,1.488,19.07,18.1030,27.9,1.512,20.94,4.05,-59,9.25,
2026-09-21T14:50:27,2,1.535,22.81,18.1010,27.9,1.505,20.36,4.01,-60,10.00,
2026-09-21T14:50:29,2,1.492,19.33,18.1030,27.9,1.505,20.36,4.01,-61,10.00,
2026-09-21T14:50:30,2,1.488,19.07,18.1060,27.9,1.503,20.23,4.05,-59,9.75,
2026-09-21T14:50:31,2,1.539,23.14,18.1050,27.9,1.512,20.94,3.97,-60,10.50,
2026-09-21T14:50:32,2,1.494,19.53,18.1050,27.9,1.505,20.43,4.02,-59,10.00,
2026-09-21T14:50:33,2,1.540,23.20,18.1000,27.9,1.507,20.56,4.01,-60,9.75,
2026-09-21T14:50:34,2,1.534,22.75,18.0960,27.9,1.512,20.94,3.98,-59,9.75,
2026-09-21T14:50:35,2,1.487,18.95,18.1010,27.9,1.508,20.62,4.05,-60,9.75,
2026-09-21T14:50:36,2,1.534,22.68,18.0990,27.9,1.504,20.30,4.01,-61,9.75,
2026-09-21T14:50:37,2,1.492,19.33,18.0930,27.9,1.504,20.30,4.02,-60,10.00,
2026-09-21T14:50:38,2,1.488,19.07,18.0910,27.9,1.498,19.85,4.05,-60,9.75,
2026-09-21T14:50:39,2,1.537,22.94,18.0970,27.9,1.512,20.94,4.02,-59,9.75,
2026-09-21T14:50:41,2,1.489,19.14,18.1010,27.9,1.503,20.23,4.02,-59,9.75,
2026-09-21T14:50:42,2,1.541,23.26,18.0960,27.9,1.506,20.49,4.01,-59,10.25,
2026-09-21T14:50:43,2,1.536,22.88,18.0970,27.9,1.509,20.75,3.98,-59,10.00,
2026-09-21T14:50:44,2,1.492,19.33,18.0950,27.9,1.506,20.49,4.02,-60,9.75,
2026-09-21T14:50:45,2,1.536,22.88,18.0960,27.9,1.507,20.56,4.01,-60,10.25,
2026-09-21T14:50:46,2,1.494,19.53,18.0950,27.9,1.505,20.43,4.02,-60,10.00,
2026-09-21T14:50:47,2,1.489,19.14,18.0940,27.9,1.503,20.23,4.05,-61,9.75,
2026-09-21T14:50:48,2,1.531,22.49,18.0950,27.9,1.507,20.56,4.02,-61,10.00,
2026-09-21T14:50:49,2,1.491,19.27,18.0960,27.9,1.505,20.43,4.02,-60,10.25,
2026-09-21T14:50:50,2,1.545,23.59,18.0940,27.9,1.504,20.30,4.01,-62,10.00,
2026-09-21T14:50:52,2,1.534,22.75,18.0940,27.9,1.510,20.81,3.98,-62,10.00,
2026-09-21T14:50:54,2,1.535,22.81,18.0970,27.9,1.505,20.36,4.02,-61,10.25,
2026-09-21T14:50:55,2,1.492,19.33,18.0980,27.9,1.505,20.36,4.02,-61,10.25,
2026-09-21T14:50:56,2,1.488,19.01,18.0960,27.9,1.501,20.11,4.06,-59,9.75,
2026-09-21T14:50:57,2,1.535,22.81,18.0960,27.9,1.504,20.30,4.02,-58,10.00,
2026-09-21T14:50:58,2,1.493,19.46,18.1000,27.9,1.505,20.36,4.02,-60,10.00,
2026-09-21T14:50:59,2,1.546,23.65,18.0910,27.9,1.505,20.43,4.01,-61,10.25,
2026-09-21T14:51:00,2,1.537,22.94,18.0930,27.9,1.509,20.75,3.97,-59,9.75,
2026-09-21T14:51:07,2,1.491,19.27,18.0980,27.9,1.505,20.43,4.02,-48,-0.25,
2026-09-21T14:51:08,2,1.488,19.07,18.0980,27.9,1.498,19.85,4.06,-49,4.50,
2026-09-21T14:51:09,2,1.537,22.94,18.0970,27.9,1.512,20.94,3.97,-57,10.25,
2026-09-21T14:51:10,2,1.493,19.46,18.0980,27.9,1.505,20.36,4.01,-60,9.75,
2026-09-21T14:51:11,2,1.542,23.33,18.1010,27.9,1.505,20.43,4.01,-59,9.50,
2026-09-21T14:51:12,2,1.535,22.81,18.0990,27.9,1.504,20.30,3.98,-59,10.00,
2026-09-21T14:51:13,2,1.488,19.01,18.0940,27.9,1.500,19.98,4.05,-59,9.25,
2026-09-21T14:51:14,2,1.534,22.75,18.0950,27.9,1.505,20.43,4.01,-60,10.00,
2026-09-21T14:51:16,2,1.493,19.46,18.0870,27.9,1.506,20.49,4.02,-60,10.00,
2026-09-21T14:51:17,2,1.487,18.95,18.0890,27.9,1.502,20.17,4.05,-59,9.75,
2026-09-21T14:51:18,2,1.532,22.56,18.0920,27.9,1.507,20.56,4.02,-60,10.00,
2026-09-21T14:51:19,2,1.491,19.27,18.0950,27.9,1.505,20.43,4.01,-60,10.00,
2026-09-21T14:51:20,2,1.542,23.39,18.0880,27.9,1.507,20.56,4.01,-62,9.75,
2026-09-21T14:51:21,2,1.535,22.81,18.0870,27.9,1.512,20.94,3.98,-65,9.50,
2026-09-21T14:51:22,2,1.492,19.33,18.0870,27.9,1.505,20.36,4.02,-60,10.25,
2026-09-21T14:51:23,2,1.533,22.62,18.0850,27.9,1.504,20.30,4.02,-60,10.00,
2026-09-21T14:51:24,2,1.491,19.27,18.0830,27.9,1.506,20.49,4.01,-59,10.00,
2026-09-21T14:51:25,2,1.489,19.14,18.0750,27.9,1.501,20.04,4.05,-59,9.25,
2026-09-21T14:51:26,2,1.525,21.98,18.0770,27.9,1.506,20.49,4.02,-62,10.00,
2026-09-21T14:51:28,2,1.491,19.27,18.0780,27.9,1.501,20.11,4.02,-62,10.25,
2026-09-21T14:51:29,2,1.549,23.91,18.0780,27.9,1.507,20.56,4.01,-62,10.25,
2026-09-21T14:51:30,2,1.535,22.81,18.0800,27.9,1.512,20.94,3.97,-59,10.25,
2026-09-21T14:51:31,2,1.492,19.40,18.0770,27.9,1.507,20.56,4.02,-60,9.75,
2026-09-21T14:51:32,2,1.536,22.88,18.0750,27.9,1.505,20.43,4.01,-59,9.75,
2026-09-21T14:51:33,2,1.496,19.65,18.0890,27.9,1.505,20.43,3.98,-58,10.00,
2026-09-21T14:51:34,2,1.488,19.01,18.0860,27.9,1.501,20.04,4.05,-58,10.00,
2026-09-21T14:51:35,2,1.533,22.62,18.0930,27.9,1.507,20.56,4.01,-58,9.75,
2026-09-21T14:51:36,2,1.491,19.27,18.0940,27.9,1.505,20.36,4.02,-58,10.00,
2026-09-21T14:51:37,2,1.488,19.01,18.0930,27.9,1.504,20.30,4.05,-57,9.75,
2026-09-21T14:51:39,2,1.536,22.88,18.0950,27.9,1.509,20.69,3.97,-57,10.25,
2026-09-21T14:51:40,2,1.492,19.40,18.0920,27.9,1.505,20.36,4.02,-57,10.00,
2026-09-21T14:51:41,2,1.541,23.26,18.0960,27.9,1.505,20.43,4.01,-56,10.00,
2026-09-21T14:51:42,2,1.534,22.68,18.1010,27.9,1.511,20.88,3.98,-59,10.75,
2026-09-21T14:51:43,2,1.487,18.95,18.1020,27.9,1.502,20.17,4.05,-59,9.75,
2026-09-21T14:51:44,2,1.535,22.81,18.1030,27.9,1.505,20.43,4.01,-59,10.25,
2026-09-21T14:51:53,2,1.534,22.75,18.1040,27.9,1.506,20.49,4.01,-57,10.25,
2026-09-21T14:51:54,2,1.491,19.27,18.1060,27.9,1.506,20.49,4.02,-57,10.25,
2026-09-21T14:51:55,2,1.493,19.46,18.1080,27.9,1.502,20.17,4.05,-57,9.75,
2026-09-21T14:51:56,2,1.537,22.94,18.1070,27.9,1.521,21.65,3.98,-56,9.75,
2026-09-21T14:51:57,2,1.493,19.46,18.1080,27.9,1.505,20.36,4.02,-56,9.75,
2026-09-21T14:51:58,2,1.547,23.78,18.1020,27.9,1.505,20.43,4.01,-60,10.00,
2026-09-21T14:51:59,2,1.536,22.88,18.1060,27.9,1.509,20.75,3.98,-58,9.75,
2026-09-21T14:52:00,2,1.495,19.59,18.1060,27.9,1.506,20.49,4.02,-59,9.50,
2026-09-21T14:52:01,2,1.534,22.75,18.1020,27.9,1.505,20.36,4.02,-59,9.75,
2026-09-21T14:52:03,2,1.492,19.33,18.1060,27.9,1.506,20.49,4.01,-60,9.75,
2026-09-21T14:52:04,2,1.489,19.14,18.1060,27.9,1.502,20.17,4.05,-59,9.75,
2026-09-21T14:52:05,2,1.532,22.56,18.1070,27.9,1.505,20.36,4.02,-59,9.50,
2026-09-21T14:52:06,2,1.492,19.40,18.0990,27.9,1.505,20.43,4.02,-60,9.75,
2026-09-21T14:52:07,2,1.546,23.72,18.1000,27.9,1.506,20.49,4.01,-59,9.75,
2026-09-21T14:52:08,2,1.535,22.81,18.1040,27.9,1.509,20.75,3.98,-59,9.75,
2026-09-21T14:52:09,2,1.492,19.40,18.1050,27.9,1.505,20.36,4.02,-60,10.25,
2026-09-21T14:52:10,2,1.535,22.81,18.1050,27.9,1.504,20.30,4.01,-60,10.25,
2026-09-21T14:52:11,2,1.497,19.78,18.1070,27.9,1.505,20.36,3.98,-59,9.75,
2026-09-21T14:52:12,2,1.486,18.88,18.1120,27.9,1.501,20.11,4.05,-58,10.00,
2026-09-21T14:52:13,2,1.534,22.75,18.1030,27.9,1.505,20.43,4.02,-59,9.75,
2026-09-21T14:52:15,2,1.492,19.40,18.1060,27.9,1.507,20.56,4.02,-57,10.25,
2026-09-21T14:52:16,2,1.490,19.20,18.1100,27.9,1.500,19.98,4.06,-57,10.00,
2026-09-21T14:52:17,2,1.536,22.88,18.1080,27.9,1.512,20.94,3.98,-57,9.75,
2026-09-21T14:52:18,2,1.490,19.20,18.1130,27.9,1.513,21.01,4.02,-59,9.25,
2026-09-21T14:52:19,2,1.538,23.01,18.1080,27.9,1.505,20.43,4.01,-59,9.50,
2026-09-21T14:52:20,2,1.534,22.68,18.1060,27.9,1.509,20.75,3.98,-57,10.25,
2026-09-21T14:52:21,2,1.488,19.01,18.1020,27.9,1.501,20.11,4.05,-58,10.00,
2026-09-21T14:52:22,2,1.534,22.68,18.0960,27.9,1.496,19.72,4.01,-57,9.75,
2026-09-21T14:52:23,2,1.492,19.33,18.0970,27.9,1.505,20.43,4.02,-57,10.25,
2026-09-21T14:52:24,2,1.487,18.95,18.0970,27.9,1.501,20.11,4.05,-58,10.00,
2026-09-21T14:52:25,2,1.540,23.20,18.0960,27.9,1.511,20.88,3.97,-60,10.00,
2026-09-21T14:52:27,2,1.492,19.40,18.0960,27.9,1.505,20.36,4.02,-61,10.25,
2026-09-21T14:52:28,2,1.542,23.39,18.0980,27.9,1.506,20.49,4.01,-58,10.00,
2026-09-21T14:52:35,2,1.493,19.46,18.0770,27.9,1.507,20.56,4.02,-49,-1.25,
2026-09-21T14:52:36,2,1.546,23.65,18.0850,27.9,1.508,20.62,4.01,-58,10.25,
2026-09-21T14:52:38,2,1.536,22.88,18.0880,27.9,1.511,20.88,3.98,-58,10.00,
2026-09-21T14:52:39,2,1.491,19.27,18.0840,27.9,1.505,20.43,4.02,-59,9.75,
2026-09-21T14:52:40,2,1.537,22.94,18.0890,27.9,1.505,20.43,4.01,-60,10.00,
2026-09-21T14:52:41,2,1.492,19.40,18.0990,27.9,1.508,20.62,4.02,-60,10.00,
2026-09-21T14:52:42,2,1.489,19.14,18.1030,27.9,1.500,19.98,4.05,-59,10.25,
2026-09-21T14:52:43,2,1.536,22.88,18.1040,27.9,1.505,20.36,4.01,-57,10.50,
2026-09-21T14:52:44,2,1.491,19.27,18.1050,27.9,1.505,20.36,4.02,-58,9.75,
2026-09-21T14:52:45,2,1.488,19.01,18.1050,27.9,1.503,20.23,4.05,-58,9.75,
2026-09-21T14:52:46,2,1.528,22.23,18.1050,27.9,1.510,20.81,3.98,-54,10.00,
2026-09-21T14:52:47,2,1.492,19.40,18.1060,27.9,1.505,20.36,4.02,-57,10.00,
2026-09-21T14:52:48,2,1.540,23.20,18.1030,27.9,1.506,20.49,4.02,-57,10.50,
2026-09-21T14:52:50,2,1.535,22.81,18.1080,27.9,1.510,20.81,3.98,-58,10.00,
2026-09-21T14:52:52,2,1.532,22.56,18.1130,27.9,1.503,20.23,4.01,-57,10.00,
2026-09-21T14:52:53,2,1.494,19.53,18.1190,27.9,1.505,20.36,4.02,-57,10.00,
2026-09-21T14:52:54,2,1.489,19.14,18.1190,27.9,1.501,20.11,4.05,-58,9.75,
2026-09-21T14:52:55,2,1.538,23.07,18.1260,27.9,1.512,20.94,3.97,-58,10.00,
2026-09-21T14:52:56,2,1.492,19.33,18.1200,27.9,1.505,20.36,4.02,-59,10.00,
2026-09-21T14:52:57,2,1.542,23.33,18.1180,27.9,1.505,20.43,4.01,-59,10.25,
2026-09-21T14:52:58,2,1.536,22.88,18.1200,27.9,1.510,20.81,3.98,-60,10.00,
2026-09-21T14:52:59,2,1.487,18.95,18.1210,27.9,1.501,20.11,4.05,-59,10.50,
2026-09-21T14:53:00,2,1.535,22.81,18.1120,27.9,1.505,20.43,4.01,-60,9.75,
2026-09-21T14:53:02,2,1.493,19.46,18.1100,27.9,1.505,20.43,4.02,-58,10.00,
2026-09-21T14:53:03,2,1.491,19.27,18.1080,27.9,1.501,20.04,4.05,-59,9.75,
2026-09-21T14:53:04,2,1.538,23.01,18.1090,27.9,1.511,20.88,3.96,-59,10.00,
2026-09-21T14:53:05,2,1.491,19.27,18.1100,27.9,1.505,20.43,4.02,-60,9.75,
2026-09-21T14:53:06,2,1.546,23.72,18.1160,27.9,1.509,20.69,4.01,-59,10.00,
2026-09-21T14:53:07,2,1.534,22.75,18.1160,27.9,1.509,20.75,3.97,-59,10.00,
2026-09-21T14:53:08,2,1.489,19.14,18.1190,27.9,1.501,20.11,4.05,-58,9.50,
2026-09-21T14:53:09,2,1.538,23.07,18.1140,27.9,1.506,20.49,4.01,-59,10.00,
2026-09-21T14:53:10,2,1.492,19.40,18.1150,27.9,1.503,20.23,4.02,-59,10.00,
2026-09-21T14:53:11,2,1.487,18.95,18.1140,27.9,1.501,20.04,4.05,-59,11.75,
2026-09-21T14:53:12,2,1.537,22.94,18.1080,27.9,1.511,20.88,3.97,-58,9.75,
2026-09-21T14:53:18,2,1.540,23.20,18.1030,27.9,1.505,20.36,4.01,-51,-1.50,
2026-09-21T14:53:20,2,1.487,18.95,18.1040,27.9,1.502,20.17,4.05,-51,6.25,
2026-09-21T14:53:21,2,1.533,22.62,18.1050,27.9,1.505,20.36,4.01,-58,10.00,
2026-09-21T14:53:22,2,1.493,19.46,18.1060,27.9,1.509,20.75,4.02,-58,10.25,
2026-09-21T14:53:23,2,1.491,19.27,18.1050,27.9,1.503,20.23,4.06,-58,10.50,
2026-09-21T14:53:25,2,1.534,22.75,18.1070,27.9,1.509,20.75,3.97,-58,10.50,
2026-09-21T14:53:26,2,1.492,19.33,18.1060,27.9,1.514,21.14,4.01,-58,10.00,
2026-09-21T14:53:27,2,1.541,23.26,18.1000,27.9,1.507,20.56,4.01,-58,9.75,
2026-09-21T14:53:28,2,1.538,23.07,18.0990,27.9,1.510,20.81,3.98,-58,10.00,
2026-09-21T14:53:29,2,1.488,19.07,18.1000,27.9,1.501,20.04,4.05,-57,10.00,
2026-09-21T14:53:30,2,1.535,22.81,18.0970,27.9,1.506,20.49,4.01,-58,10.25,
2026-09-21T14:53:31,2,1.492,19.40,18.1000,27.9,1.507,20.56,4.01,-59,10.00,
2026-09-21T14:53:32,2,1.488,19.01,18.1040,27.9,1.501,20.11,4.06,-59,9.50,
2026-09-21T14:53:33,2,1.538,23.01,18.1110,27.9,1.508,20.62,3.98,-59,9.75,
2026-09-21T14:53:34,2,1.492,19.33,18.1070,27.9,1.508,20.62,4.01,-59,9.75,
2026-09-21T14:53:35,2,1.543,23.46,18.1060,27.9,1.506,20.49,4.01,-59,9.50,
2026-09-21T14:53:37,2,1.536,22.88,18.1090,27.9,1.510,20.81,3.98,-58,9.75,
2026-09-21T14:53:38,2,1.488,19.07,18.1090,27.9,1.499,19.91,4.05,-59,9.50,
2026-09-21T14:53:39,2,1.536,22.88,18.1060,27.9,1.505,20.43,4.01,-60,10.25,
2026-09-21T14:53:40,2,1.492,19.40,18.1130,27.9,1.505,20.36,4.02,-60,9.75,
2026-09-21T14:53:41,2,1.488,19.07,18.1100,27.9,1.503,20.23,4.05,-58,9.50,
2026-09-21T14:53:42,2,1.530,22.36,18.1060,27.9,1.510,20.81,3.97,-59,10.00,
2026-09-21T14:53:43,2,1.492,19.40,18.1080,27.9,1.506,20.49,4.02,-60,9.75,
2026-09-21T14:53:44,2,1.546,23.72,18.1030,27.9,1.507,20.56,4.01,-60,9.75,
2026-09-21T14:53:45,2,1.536,22.88,18.1030,27.9,1.508,20.62,3.98,-59,10.00,
2026-09-21T14:53:46,2,1.488,19.07,18.1050,27.9,1.502,20.17,4.05,-59,9.50,
2026-09-21T14:53:47,2,1.537,22.94,18.1020,27.9,1.507,20.56,4.01,-59,10.00,
2026-09-21T14:53:49,2,1.533,22.62,18.1020,27.9,1.505,20.36,3.98,-59,10.50,
2026-09-21T14:53:50,2,1.487,18.95,18.1000,27.9,1.501,20.04,4.05,-59,9.75,
2026-09-21T14:53:51,2,1.538,23.01,18.1000,27.9,1.512,20.94,3.97,-58,10.00,
2026-09-21T14:53:52,2,1.488,19.07,18.0920,27.9,1.505,20.43,4.02,-59,10.00,
2026-09-21T14:53:53,2,1.488,19.01,18.0910,27.9,1.501,20.04,4.05,-58,9.25,
2026-09-21T14:53:54,2,1.534,22.75,18.0890,27.9,1.512,20.94,3.98,-59,9.50,
2026-09-21T14:53:55,2,1.488,19.07,18.0900,27.9,1.502,20.17,4.05,-59,9.50,
2026-09-21T14:53:56,2,1.538,23.07,18.0840,27.9,1.506,20.49,4.01,-61,9.75,
2026-09-21T14:54:04,2,1.488,19.01,18.0860,27.9,1.502,20.17,0.00,-50,1.75,
2026-09-21T14:54:05,2,1.542,23.33,18.0840,27.9,1.507,20.56,4.00,-60,9.50,
2026-09-21T14:54:06,2,1.538,23.01,18.0870,27.9,1.509,20.69,3.98,-59,9.75,
2026-09-21T14:54:07,2,1.490,19.20,18.0870,27.9,1.499,19.91,4.05,-59,9.50,
2026-09-21T14:54:08,2,1.534,22.68,18.0860,27.9,1.507,20.56,4.01,-60,10.00,
2026-09-21T14:54:09,2,1.493,19.46,18.0860,27.9,1.507,20.56,4.02,-60,10.00,
2026-09-21T14:54:10,2,1.489,19.14,18.0930,27.9,1.501,20.11,4.05,-60,9.50,
2026-09-21T14:54:12,2,1.537,22.94,18.0900,27.9,1.513,21.01,3.97,-60,10.25,
2026-09-21T14:54:13,2,1.493,19.46,18.0940,27.9,1.505,20.36,4.02,-60,10.00,
2026-09-21T14:54:14,2,1.542,23.39,18.0870,27.9,1.508,20.62,4.00,-61,9.50,
2026-09-21T14:54:15,2,1.535,22.81,18.0910,27.9,1.510,20.81,3.98,-59,9.50,
2026-09-21T14:54:16,2,1.486,18.88,18.0980,27.9,1.498,19.85,4.05,-58,9.50,
2026-09-21T14:54:17,2,1.539,23.14,18.0960,27.9,1.505,20.43,4.01,-60,9.50,
2026-09-21T14:54:18,2,1.496,19.65,18.1020,27.9,1.507,20.56,3.98,-59,9.75,
2026-09-21T14:54:19,2,1.490,19.20,18.0990,27.9,1.500,19.98,4.05,-60,9.50,
2026-09-21T14:54:20,2,1.538,23.07,18.0990,27.9,1.512,20.94,3.97,-60,10.25,
2026-09-21T14:54:21,2,1.492,19.33,18.1020,27.9,1.506,20.49,4.01,-61,10.00,
2026-09-21T14:54:22,2,1.487,18.95,18.0990,27.9,1.501,20.04,4.05,-62,9.50,
2026-09-21T14:54:24,2,1.535,22.81,18.0960,27.9,1.511,20.88,3.98,-61,10.00,
2026-09-21T14:54:25,2,1.487,18.95,18.0940,27.9,1.502,20.17,4.05,-60,10.00,
2026-09-21T14:54:26,2,1.539,23.14,18.0920,27.9,1.507,20.56,4.01,-60,9.75,
2026-09-21T14:54:27,2,1.533,22.62,18.1040,27.9,1.510,20.81,3.97,-59,10.25,
2026-09-21T14:54:28,2,1.488,19.07,18.0990,27.9,1.501,20.11,4.06,-59,9.50,
2026-09-21T14:54:29,2,1.540,23.20,18.1030,27.9,1.510,20.81,3.97,-59,10.25,
2026-09-21T14:54:30,2,1.491,19.27,18.0980,27.9,1.505,20.36,4.02,-60,11.00,
2026-09-21T14:54:31,2,1.486,18.88,18.1010,27.9,1.502,20.17,4.05,-59,9.75,
2026-09-21T14:54:32,2,1.536,22.88,18.0960,27.9,1.513,21.01,3.98,-59,9.75,
2026-09-21T14:54:33,2,1.488,19.01,18.0890,27.9,1.503,20.23,4.05,-60,10.00,
2026-09-21T14:54:34,2,1.544,23.52,18.0910,27.9,1.507,20.56,4.01,-60,9.75,
2026-09-21T14:54:36,2,1.531,22.49,18.0910,27.9,1.509,20.69,3.98,-59,9.75,
2026-09-21T14:54:37,2,1.487,18.95,18.0850,27.9,1.501,20.04,4.05,-60,9.50,
2026-09-21T14:54:38,2,1.542,23.39,18.0810,27.9,1.510,20.81,3.96,-59,10.00,
2026-09-21T14:54:39,2,1.490,19.20,18.0840,27.9,1.507,20.56,4.01,-59,9.75,
2026-09-21T14:54:40,2,1.488,19.07,18.0850,27.9,1.501,20.11,4.05,-60,9.50,
2026-09-21T14:54:46,2,1.536,22.88,18.0840,27.0,1.507,20.56,4.01,-48,-3.25,
2026-09-21T14:54:48,2,1.534,22.68,18.0860,27.9,1.507,20.56,3.98,-50,-1.25,
2026-09-21T14:54:49,2,1.488,19.07,18.0890,27.9,1.501,20.11,4.05,-59,9.50,
2026-09-21T14:54:50,2,1.538,23.07,18.0870,27.9,1.512,20.94,3.97,-59,9.75,
2026-09-21T14:54:51,2,1.491,19.27,18.0860,27.9,1.505,20.43,4.01,-59,9.75,
2026-09-21T14:54:52,2,1.488,19.01,18.0840,27.9,1.495,19.59,4.05,-59,9.25,
2026-09-21T14:54:53,2,1.535,22.81,18.0970,27.9,1.509,20.69,3.98,-57,9.50,
2026-09-21T14:54:54,2,1.490,19.20,18.0930,27.9,1.501,20.04,4.05,-57,9.50,
2026-09-21T14:54:55,2,1.541,23.26,18.0940,27.9,1.504,20.30,4.01,-59,9.75,
2026-09-21T14:54:56,2,1.535,22.81,18.1040,27.9,1.508,20.62,3.98,-58,9.75,
2026-09-21T14:54:57,2,1.487,18.95,18.1090,27.9,1.500,19.98,4.05,-58,9.75,
2026-09-21T14:54:58,2,1.540,23.20,18.1070,27.9,1.511,20.88,3.97,-58,10.50,
2026-09-21T14:55:00,2,1.493,19.46,18.1070,27.9,1.508,20.62,4.02,-58,10.25,
2026-09-21T14:55:01,2,1.488,19.01,18.1050,27.9,1.500,19.98,4.06,-58,10.00,
2026-09-21T14:55:02,2,1.536,22.88,18.0990,27.9,1.509,20.75,3.98,-58,9.50,
2026-09-21T14:55:03,2,1.488,19.01,18.0980,27.9,1.501,20.04,4.05,-58,9.50,
2026-09-21T14:55:04,2,1.542,23.39,18.1040,27.9,1.505,20.36,4.01,-57,10.00,
2026-09-21T14:55:05,2,1.535,22.81,18.1030,27.9,1.510,20.81,3.98,-56,10.00,
2026-09-21T14:55:06,2,1.488,19.01,18.1050,27.9,1.503,20.23,4.05,-57,9.50,
2026-09-21T14:55:07,2,1.540,23.20,18.0980,27.9,1.512,20.94,3.97,-57,10.25,
2026-09-21T14:55:08,2,1.500,19.98,18.0990,27.9,1.496,19.72,4.02,-58,10.00,
2026-09-21T14:55:09,2,1.489,19.14,18.0960,27.9,1.501,20.04,4.05,-58,9.75,
2026-09-21T14:55:11,2,1.538,23.01,18.1010,27.9,1.522,21.78,3.97,-57,10.25,
2026-09-21T14:55:12,2,1.487,18.95,18.1030,27.9,1.501,20.11,4.05,-57,9.75,
2026-09-21T14:55:13,2,1.546,23.72,18.1070,27.9,1.506,20.49,4.01,-57,9.75,
2026-09-21T14:55:14,2,1.536,22.88,18.1080,27.9,1.509,20.75,3.98,-57,9.75,
2026-09-21T14:55:15,2,1.489,19.14,18.1060,27.9,1.503,20.23,4.05,-57,9.75,
2026-09-21T14:55:16,2,1.540,23.20,18.1040,27.9,1.512,20.94,3.96,-56,9.75,
2026-09-21T14:55:17,2,1.492,19.33,18.0990,27.9,1.505,20.36,4.02,-57,10.25,
2026-09-21T14:55:18,2,1.487,18.95,18.1020,27.9,1.501,20.04,4.05,-57,9.75,
2026-09-21T14:55:19,2,1.538,23.07,18.0990,27.9,1.512,20.94,3.98,-55,9.75,
2026-09-21T14:55:20,2,1.488,19.07,18.1060,27.9,1.501,20.04,4.05,-58,10.00,
2026-09-21T14:55:21,2,1.488,19.01,18.1130,27.9,1.498,19.85,4.05,-56,9.75,
2026-09-21T14:55:23,2,1.536,22.88,18.1160,27.9,1.507,20.56,3.98,-58,10.00,
2026-09-21T14:55:24,2,1.488,19.07,18.1110,27.9,1.502,20.17,4.05,-57,9.75,
2026-09-21T14:55:29,2,1.492,19.33,18.1110,27.9,1.507,20.56,4.02,-49,1.75,
2026-09-21T14:55:30,2,1.484,18.75,18.1060,27.9,1.502,20.17,4.05,-49,-0.25,
2026-09-21T14:55:31,2,1.536,22.88,18.1020,27.9,1.509,20.75,3.98,-49,0.25,
2026-09-21T14:55:32,2,1.488,19.07,18.1030,27.9,1.501,20.11,4.05,-59,10.00,
2026-09-21T14:55:33,2,1.542,23.33,18.0970,27.9,1.505,20.43,4.01,-59,9.75,
2026-09-21T14:55:35,2,1.533,22.62,18.0970,27.9,1.508,20.62,3.98,-58,9.50,
2026-09-21T14:55:36,2,1.488,19.07,18.0990,27.9,1.501,20.11,4.05,-58,9.50,
2026-09-21T14:55:37,2,1.538,23.07,18.0950,27.9,1.511,20.88,3.97,-58,10.00,
2026-09-21T14:55:38,2,1.489,19.14,18.0940,27.9,1.505,20.36,4.02,-59,9.25,
2026-09-21T14:55:39,2,1.487,18.95,18.0900,27.9,1.501,20.11,4.05,-59,9.75,
2026-09-21T14:55:40,2,1.534,22.75,18.0870,27.9,1.509,20.75,3.98,-59,9.75,
2026-09-21T14:55:41,2,1.489,19.14,18.0870,27.9,1.500,19.98,4.05,-59,9.75,
2026-09-21T14:55:42,2,1.545,23.59,18.0820,27.9,1.505,20.36,4.00,-59,9.25,
2026-09-21T14:55:43,2,1.533,22.62,18.0780,27.9,1.510,20.81,3.98,-59,9.50,
2026-09-21T14:55:44,2,1.488,19.07,18.0810,27.9,1.502,20.17,4.05,-59,9.75,
2026-09-21T14:55:45,2,1.542,23.33,18.0870,27.9,1.510,20.81,3.96,-59,9.75,
2026-09-21T14:55:47,2,1.492,19.33,18.0880,27.9,1.507,20.56,4.02,-59,9.50,
2026-09-21T14:55:48,2,1.488,19.01,18.0830,27.9,1.501,20.11,4.06,-58,9.25,
2026-09-21T14:55:49,2,1.534,22.68,18.0780,27.9,1.511,20.88,3.98,-57,10.00,
2026-09-21T14:55:50,2,1.490,19.20,18.0810,27.9,1.501,20.04,4.05,-59,9.25,
2026-09-21T14:55:51,2,1.546,23.72,18.0860,27.9,1.506,20.49,4.00,-59,9.25,
2026-09-21T14:55:52,2,1.533,22.62,18.0870,27.9,1.510,20.81,3.98,-58,10.00,
2026-09-21T14:55:53,2,1.488,19.01,18.0920,27.9,1.502,20.17,4.05,-59,9.25,
2026-09-21T14:55:54,2,1.542,23.39,18.0960,27.9,1.512,20.94,3.96,-59,9.50,
2026-09-21T14:55:55,2,1.513,21.01,18.0940,27.9,1.504,20.30,3.98,-59,9.50,
2026-09-21T14:55:56,2,1.486,18.88,18.0930,27.9,1.502,20.17,4.05,-58,9.25,
2026-09-21T14:55:58,2,1.539,23.14,18.0900,27.9,1.508,20.62,3.97,-59,9.50,
2026-09-21T14:55:59,2,1.483,18.62,18.0960,27.9,1.502,20.17,4.05,-60,9.50,
2026-09-21T14:56:00,2,1.489,19.14,18.1000,27.9,1.504,20.30,4.05,-57,9.75,
2026-09-21T14:56:01,2,1.536,22.88,18.1020,27.9,1.509,20.69,3.98,-59,9.50,
2026-09-21T14:56:02,2,1.490,19.20,18.1020,27.9,1.502,20.17,4.05,-58,9.50,
2026-09-21T14:56:03,2,1.543,23.46,18.1100,27.9,1.514,21.14,3.96,-58,9.50,
2026-09-21T14:56:04,2,1.535,22.81,18.1090,27.9,1.511,20.88,3.98,-59,9.75,
2026-09-21T14:56:05,2,1.488,19.01,18.1020,27.9,1.495,19.59,4.05,-59,9.50,
2026-09-21T14:56:06,2,1.539,23.14,18.1000,27.9,1.511,20.88,3.97,-59,10.25,
2026-09-21T14:56:07,2,1.487,18.95,18.0990,27.9,1.501,20.11,4.05,-59,9.75,
2026-09-21T14:56:08,2,1.489,19.14,18.0970,27.9,1.503,20.23,4.05,-60,9.75,
2026-09-21T14:56:15,2,1.540,23.20,18.0980,27.9,1.511,20.88,3.97,-50,-1.75,
2026-09-21T14:56:16,2,1.491,19.27,18.1010,27.9,1.506,20.49,4.01,-53,8.00,
2026-09-21T14:56:17,2,1.490,19.20,18.1040,27.9,1.499,19.91,4.05,-57,9.75,
2026-09-21T14:56:18,2,1.534,22.75,18.1030,27.9,1.511,20.88,3.98,-58,9.75,
2026-09-21T14:56:19,2,1.488,19.01,18.1030,27.9,1.500,19.98,4.05,-59,9.25,
2026-09-21T14:56:20,2,1.546,23.72,18.1030,27.9,1.508,20.62,4.00,-59,9.50,
2026-09-21T14:56:22,2,1.534,22.68,18.1020,27.9,1.512,20.94,3.98,-58,10.00,
2026-09-21T14:56:23,2,1.492,19.40,18.1060,27.9,1.500,19.98,4.05,-58,9.75,
2026-09-21T14:56:24,2,1.542,23.39,18.1010,27.9,1.510,20.81,3.97,-58,9.75,
2026-09-21T14:56:25,2,1.492,19.33,18.1020,27.9,1.505,20.43,4.02,-57,10.25,
2026-09-21T14:56:26,2,1.490,19.20,18.1030,27.9,1.501,20.04,4.05,-59,9.75,
2026-09-21T14:56:27,2,1.537,22.94,18.1020,27.9,1.509,20.75,3.97,-58,9.75,
2026-09-21T14:56:28,2,1.488,19.07,18.1070,27.9,1.503,20.23,4.05,-58,9.50,
2026-09-21T14:56:29,2,1.510,20.81,18.1080,27.9,1.503,20.23,4.05,-58,9.75,
2026-09-21T14:56:30,2,1.538,23.01,18.1080,27.9,1.507,20.56,3.98,-58,9.75,
2026-09-21T14:56:31,2,1.488,19.01,18.1020,27.9,1.501,20.11,4.05,-59,9.50,
2026-09-21T14:56:32,2,1.543,23.46,18.1010,27.9,1.509,20.75,3.96,-58,9.75,
2026-09-21T14:56:34,2,1.531,22.49,18.0990,27.9,1.509,20.69,3.98,-58,9.50,
2026-09-21T14:56:35,2,1.489,19.14,18.0990,27.9,1.498,19.85,4.05,-58,10.25,
2026-09-21T14:56:36,2,1.537,22.94,18.0990,27.9,1.509,20.75,3.97,-58,10.00,
2026-09-21T14:56:37,2,1.488,19.01,18.0960,27.9,1.499,19.91,4.05,-58,10.00,
2026-09-21T14:56:38,2,1.489,19.14,18.0900,27.9,1.502,20.17,4.05,-57,9.75,
2026-09-21T14:56:39,2,1.538,23.01,18.0870,27.9,1.512,20.94,3.98,-57,11.00,
2026-09-21T14:56:40,2,1.488,19.01,18.0850,27.9,1.501,20.11,4.04,-57,10.50,
2026-09-21T14:56:41,2,1.546,23.65,18.0850,27.9,1.513,21.01,3.96,-57,9.50,
2026-09-21T14:56:42,2,1.534,22.75,18.0910,27.9,1.509,20.75,3.98,-59,9.00,
2026-09-21T14:56:43,2,1.489,19.14,18.0890,27.9,1.503,20.23,4.05,-58,9.75,
2026-09-21T14:56:45,2,1.540,23.20,18.1000,27.9,1.510,20.81,3.97,-58,10.00,
2026-09-21T14:56:46,2,1.489,19.14,18.1020,27.9,1.500,19.98,4.05,-59,10.00,
2026-09-21T14:56:47,2,1.488,19.01,18.0990,27.9,1.501,20.04,4.05,-58,9.50,
2026-09-21T14:56:48,2,1.536,22.88,18.1010,27.9,1.509,20.69,3.98,-59,9.75,
2026-09-21T14:56:49,2,1.487,18.95,18.0950,27.9,1.501,20.11,4.05,-58,9.50,
2026-09-21T14:56:50,2,1.549,23.91,18.0960,27.9,1.511,20.88,3.96,-58,9.75,
2026-09-21T14:56:51,2,1.534,22.68,18.0980,27.9,1.510,20.81,3.98,-59,9.50,
2026-09-21T14:56:52,2,1.491,19.27,18.1040,27.9,1.502,20.17,4.04,-57,10.25,
2026-09-21T14:57:00,2,1.532,22.56,18.1110,26.9,1.509,20.69,0.00,-48,3.25,
2026-09-21T14:57:01,2,1.488,19.07,18.1140,27.9,1.500,19.98,4.05,-56,9.50,
2026-09-21T14:57:02,2,1.545,23.59,18.1100,27.9,1.512,20.94,3.96,-57,10.00,
2026-09-21T14:57:03,2,1.533,22.62,18.1140,27.9,1.505,20.43,3.98,-58,9.50,
2026-09-21T14:57:04,2,1.490,19.20,18.1050,27.9,1.501,20.04,4.05,-58,9.75,6
2026-09-21T14:57:05,2,1.538,23.07,18.1010,27.9,1.509,20.75,3.97,-65,9.75,
2026-09-21T14:57:06,2,1.490,19.20,18.1060,27.9,1.501,20.11,4.05,-56,9.75,
2026-09-21T14:57:07,2,1.490,19.20,18.1080,27.9,1.500,19.98,4.05,-58,10.00,
2026-09-21T14:57:09,2,1.536,22.88,18.1080,27.9,1.511,20.88,3.98,-55,9.75,
2026-09-21T14:57:10,2,1.487,18.95,18.1180,27.9,1.502,20.17,4.05,-60,9.75,
2026-09-21T14:57:11,2,1.551,24.10,18.1160,27.9,1.511,20.88,3.96,-59,9.75,
2026-09-21T14:57:12,2,1.534,22.75,18.1090,26.9,1.520,21.59,3.98,-59,9.75,
2026-09-21T14:57:13,2,1.489,19.14,18.1100,27.9,1.501,20.11,4.05,-56,9.50,
2026-09-21T14:57:14,2,1.537,22.94,18.1070,27.9,1.512,20.94,3.97,-63,9.75,
2026-09-21T14:57:15,2,1.489,19.14,18.1010,27.9,1.500,19.98,4.05,-71,9.25,
2026-09-21T14:57:16,2,1.489,19.14,18.1000,27.9,1.502,20.17,4.05,-62,9.75,
2026-09-21T14:57:17,2,1.537,22.94,18.0950,27.9,1.508,20.62,3.98,-66,9.75,
2026-09-21T14:57:18,2,1.489,19.14,18.0950,26.9,1.502,20.17,4.05,-72,9.00,
2026-09-21T14:57:19,2,1.551,24.10,18.0970,26.9,1.503,20.23,3.96,-69,9.25,
2026-09-21T14:57:21,2,1.534,22.68,18.0960,26.9,1.510,20.81,3.98,-65,9.75,
2026-09-21T14:57:22,2,1.487,18.95,18.0960,27.9,1.503,20.23,4.05,-69,9.75,
2026-09-21T14:57:23,2,1.540,23.20,18.0960,27.9,1.511,20.88,3.97,-65,10.25,
2026-09-21T14:57:24,2,1.488,19.07,18.1030,27.9,1.503,20.23,4.05,-64,9.50,
2026-09-21T14:57:25,2,1.488,19.01,18.1010,27.9,1.502,20.17,4.05,-65,9.50,
2026-09-21T14:57:26,2,1.536,22.88,18.0990,26.9,1.510,20.81,3.98,-65,9.75,
2026-09-21T14:57:27,2,1.490,19.20,18.1010,26.9,1.503,20.23,4.05,-63,9.75,
2026-09-21T14:57:28,2,1.494,19.53,18.0930,26.9,1.509,20.69,4.01,-62,9.75,
2026-09-21T14:57:29,2,1.532,22.56,18.0890,27.9,1.511,20.88,3.98,-62,9.75,
2026-09-21T14:57:30,2,1.488,19.07,18.0950,27.9,1.501,20.04,4.05,-60,9.75,
2026-09-21T14:57:31,2,1.543,23.46,18.0930,26.9,1.508,20.62,3.97,-60,10.25,
2026-09-21T14:57:33,2,1.531,22.49,18.0930,26.9,1.506,20.49,4.02,-60,10.25,
2026-09-21T14:57:34,2,1.488,19.07,18.0850,26.9,1.513,21.01,4.05,-60,9.50,
2026-09-21T14:57:35,2,1.539,23.14,18.0890,27.9,1.511,20.88,3.97,-61,10.25,
2026-09-21T14:57:36,2,1.488,19.07,18.0980,27.9,1.500,19.98,4.05,-65,9.75,
2026-09-21T14:57:45,2,1.489,19.14,18.0990,27.9,1.501,20.04,4.05,-71,8.25,
2026-09-21T14:57:46,2,1.497,19.78,18.1020,27.9,1.510,20.81,4.00,-66,9.50,
2026-09-21T14:57:47,2,1.536,22.88,18.0960,27.9,1.510,20.81,3.98,-63,9.75,
2026-09-21T14:57:48,2,1.485,18.82,18.1320,27.9,1.501,20.11,4.05,-60,9.50,
2026-09-21T14:57:49,2,1.546,23.72,18.1600,27.9,1.507,20.56,3.96,-62,10.50,
2026-09-21T14:57:50,2,1.521,21.72,18.1040,27.9,1.497,19.78,4.01,-59,9.50,
2026-09-21T14:57:51,2,1.475,17.98,17.9620,27.9,1.484,18.69,4.05,-58,10.00,
2026-09-21T14:57:52,2,1.521,21.65,17.7530,27.9,1.486,18.88,3.97,-60,10.25,
2026-09-21T14:57:53,2,1.452,16.17,17.4470,27.9,1.467,17.33,4.05,-59,10.00,
2026-09-21T14:57:54,2,1.450,15.98,17.0600,27.9,1.459,16.69,4.05,-59,9.00,
2026-09-21T14:57:56,2,1.490,19.20,16.6110,26.9,1.458,16.62,3.98,-59,9.75,
2026-09-21T14:57:57,2,1.430,14.43,16.0920,27.9,1.438,15.01,4.05,-59,9.00,
2026-09-21T14:57:58,2,1.429,14.30,15.5030,26.9,1.434,14.69,4.01,-59,9.75,
2026-09-21T14:57:59,2,1.459,16.75,14.8820,27.9,1.425,13.98,3.98,-59,9.50,
2026-09-21T14:58:00,2,1.401,12.11,13.5200,26.9,1.404,12.30,4.05,-61,9.50,
2026-09-21T14:58:01,2,1.449,15.92,12.8020,26.9,1.403,12.24,3.97,-60,10.25,
2026-09-21T14:58:02,2,1.425,13.98,12.0590,26.9,1.374,9.92,4.02,-65,9.25,
2026-09-21T14:58:03,2,1.371,9.66,11.2970,26.9,1.362,8.95,4.05,-64,9.75,
2026-09-21T14:58:04,2,1.413,13.08,10.5230,26.9,1.359,8.76,3.97,-61,9.25,
2026-09-21T14:58:05,2,1.345,7.60,9.7380,26.9,1.339,7.15,4.05,-62,9.50,
2026-09-21T14:58:06,2,1.335,6.82,8.9550,26.9,1.333,6.63,4.05,-61,9.25,
2026-09-21T14:58:08,2,1.388,11.08,8.1750,26.9,1.330,6.37,3.98,-59,9.25,
2026-09-21T14:58:09,2,1.321,5.66,7.3940,26.9,1.315,5.21,4.05,-62,9.50,
2026-09-21T14:58:10,2,1.321,5.66,6.6400,26.9,1.317,5.34,4.01,-59,9.75,
2026-09-21T14:58:11,2,1.358,8.63,5.9470,26.9,1.315,5.21,3.98,-61,9.75,
2026-09-21T14:58:12,2,1.305,4.38,4.7410,26.9,1.301,4.12,4.05,-64,9.50,
2026-09-21T14:58:13,2,1.302,4.18,4.2290,26.9,1.305,4.38,4.01,-63,9.00,
2026-09-21T14:58:14,2,1.344,7.53,3.8080,26.9,1.304,4.31,3.98,-63,9.25,
2026-09-21T14:58:15,2,1.290,3.21,3.4470,26.9,1.287,2.96,4.05,-62,9.75,
2026-09-21T14:58:16,2,1.351,8.05,3.1130,26.9,1.295,3.60,3.96,-74,8.75,
2026-09-21T14:58:17,2,1.330,6.37,2.8040,26.9,1.285,2.76,4.01,-71,9.50,
2026-09-21T14:58:18,2,1.281,2.51,2.5130,26.9,1.281,2.44,4.05,-77,9.25,
2026-09-21T14:58:19,2,1.335,6.82,2.2470,26.9,1.290,3.21,3.96,-68,9.75,
2026-09-21T14:58:28,2,1.272,1.80,0.7580,26.9,1.276,2.12,4.00,-67,9.50,
2026-09-21T14:58:30,2,1.267,1.35,0.5890,26.9,1.268,1.41,4.05,-63,9.50,
2026-09-21T14:58:31,2,1.271,1.67,0.5170,26.9,1.273,1.86,4.01,-64,9.25,
2026-09-21T14:58:33,2,1.316,5.28,0.4530,26.9,1.274,1.93,3.98,-65,9.25,
2026-09-21T14:58:34,2,1.264,1.09,0.3950,26.9,1.266,1.28,4.05,-66,9.50,
2026-09-21T14:58:35,2,1.269,1.54,0.3440,26.9,1.272,1.73,4.01,-65,9.50,
2026-09-21T14:58:36,2,1.313,5.02,0.2990,26.9,1.272,1.80,3.98,-65,9.75,
2026-09-21T14:58:37,2,1.264,1.09,0.2310,26.9,1.264,1.09,4.05,-62,10.00,
2026-09-21T14:58:38,2,1.331,6.50,0.2060,26.9,1.275,1.99,3.97,-60,9.75,
2026-09-21T14:58:39,2,1.303,4.25,0.1850,26.9,1.270,1.60,4.01,-59,9.75,
2026-09-21T14:58:40,2,1.262,0.96,0.1690,26.9,1.265,1.22,4.05,-65,9.50,
2026-09-21T14:58:41,2,1.320,5.60,0.1560,26.9,1.279,2.31,3.96,-66,10.00,
2026-09-21T14:58:42,2,1.303,4.25,0.1460,26.9,1.272,1.73,4.01,-68,10.00,
2026-09-21T14:58:43,2,1.263,1.02,0.1400,26.9,1.265,1.22,4.05,-66,9.50,
2026-09-21T14:58:45,2,1.314,5.15,0.1340,26.9,1.277,2.18,3.97,-65,9.50,
2026-09-21T14:58:46,2,1.301,4.05,0.1310,26.9,1.272,1.73,4.01,-65,9.50,
2026-09-21T14:58:47,2,1.263,1.02,0.1250,26.9,1.266,1.28,4.05,-60,9.75,
2026-09-21T14:58:48,2,1.313,5.02,0.1200,26.9,1.278,2.25,3.97,-62,9.50,
2026-09-21T14:58:49,2,1.267,1.35,0.1130,26.9,1.264,1.15,4.02,-61,9.75,
2026-09-21T14:58:50,2,1.268,1.47,0.1110,26.9,1.274,1.93,4.00,-63,9.50,
2026-09-21T14:58:51,2,1.311,4.89,0.1090,26.9,1.275,1.99,3.97,-64,9.25,
2026-09-21T14:58:52,2,1.262,0.96,0.1080,26.9,1.266,1.28,4.05,-62,9.75,
2026-09-21T14:58:53,2,1.268,1.47,0.1060,26.9,1.272,1.73,4.00,-71,9.50,
2026-09-21T14:58:54,2,1.310,4.83,0.1040,26.9,1.277,2.18,3.97,-72,9.50,
2026-09-21T14:58:55,2,1.263,1.02,0.1040,26.9,1.265,1.22,4.05,-69,9.00,
2026-09-21T14:58:56,2,1.266,1.28,0.1030,26.9,1.272,1.73,4.01,-72,9.00,
2026-09-21T14:58:58,2,1.308,4.63,0.1010,26.9,1.276,2.12,3.97,-74,9.25,
2026-09-21T14:58:59,2,1.264,1.09,0.1000,26.9,1.264,1.15,4.05,-69,9.25,
2026-09-21T14:59:00,2,1.268,1.47,0.0990,26.9,1.272,1.73,4.01,-71,9.75,
2026-09-21T14:59:01,2,1.303,4.25,0.0960,26.9,1.272,1.73,4.01,-63,10.00,
2026-09-21T14:59:02,2,1.262,0.96,0.0940,26.9,1.264,1.09,4.05,-62,9.75,
2026-09-21T14:59:03,2,1.320,5.60,0.0940,26.9,1.279,2.31,3.96,-63,9.50,
2026-09-21T14:59:08,2,1.262,0.96,0.0850,26.9,1.266,1.28,4.05,-57,6.75,
2026-09-21T14:59:10,2,1.312,4.96,0.0850,26.9,1.279,2.31,3.97,-56,4.00,
2026-09-21T14:59:11,2,1.301,4.05,0.0840,26.9,1.272,1.80,4.02,-55,7.00,
2026-09-21T14:59:12,2,1.269,1.54,0.0840,26.9,1.275,1.99,4.00,-64,9.50,
2026-09-21T14:59:13,2,1.311,4.89,0.0850,26.9,1.277,2.18,3.97,-64,9.50,
2026-09-21T14:59:14,2,1.262,0.96,0.0860,26.9,1.267,1.35,4.05,-77,7.50,
2026-09-21T14:59:15,2,1.268,1.47,0.0870,26.9,1.272,1.80,4.00,-68,9.50,
2026-09-21T14:59:16,2,1.308,4.63,0.0870,26.9,1.277,2.18,3.97,-65,9.75,
2026-09-21T14:59:17,2,1.262,0.96,0.0880,26.9,1.275,1.99,4.05,-66,9.25,
2026-09-21T14:59:18,2,1.267,1.35,0.0890,26.9,1.272,1.80,4.00,-65,9.75,
2026-09-21T14:59:19,2,1.308,4.63,0.0890,26.9,1.275,1.99,3.97,-64,9.25,
2026-09-21T14:59:20,2,1.262,0.96,0.0890,26.9,1.264,1.15,4.05,-65,9.25,
2026-09-21T14:59:21,2,1.268,1.47,0.0890,26.9,1.271,1.67,4.01,-64,9.25,
2026-09-21T14:59:23,2,1.305,4.44,0.0880,26.9,1.271,1.67,4.00,-65,9.50,
2026-09-21T14:59:24,2,1.262,0.96,0.0850,26.9,1.264,1.15,4.04,-63,9.50,
2026-09-21T14:59:25,2,1.322,5.73,0.0860,26.9,1.279,2.31,3.95,-64,9.00,
2026-09-21T14:59:26,2,1.303,4.25,0.0850,26.9,1.267,1.35,4.01,-63,9.00,
2026-09-21T14:59:27,2,1.263,1.02,0.0860,26.9,1.264,1.15,4.05,-66,9.75,
2026-09-21T14:59:28,2,1.315,5.21,0.0850,26.9,1.276,2.12,3.96,-67,9.75,
2026-09-21T14:59:29,2,1.305,4.38,0.0830,26.9,1.269,1.54,4.01,-67,9.50,
2026-09-21T14:59:30,2,1.264,1.09,0.0810,26.9,1.264,1.15,4.05,-67,9.75,
2026-09-21T14:59:31,2,1.347,7.73,0.0790,26.9,1.275,1.99,3.95,-63,9.50,
2026-09-21T14:59:32,2,1.330,6.37,0.0770,26.9,1.270,1.60,4.01,-59,10.50,
2026-09-21T14:59:33,2,1.274,1.93,0.0750,26.9,1.272,1.80,3.99,-60,9.75,
2026-09-21T14:59:35,2,1.343,7.47,0.0740,26.9,1.276,2.12,3.96,-60,9.75,
2026-09-21T14:59:36,2,1.266,1.28,0.0720,26.9,1.265,1.22,4.04,-66,9.50,
2026-09-21T14:59:37,2,1.272,1.80,0.0700,26.9,1.272,1.80,3.99,-60,9.75,
2026-09-21T14:59:38,2,1.339,7.08,0.0670,26.9,1.275,1.99,3.96,-63,9.75,
2026-09-21T14:59:39,2,1.264,1.09,0.0630,26.9,1.268,1.41,4.04,-61,10.00,
2026-09-21T14:59:40,2,1.272,1.80,0.0610,26.9,1.271,1.67,4.00,-61,9.75,
2026-09-21T14:59:41,2,1.338,7.02,0.0590,26.9,1.270,1.60,3.96,-61,10.00,
2026-09-21T14:59:42,2,1.267,1.35,0.0590,26.9,1.264,1.15,4.04,-60,9.75,
2026-09-21T14:59:43,2,1.272,1.80,0.0590,26.9,1.269,1.54,4.00,-62,9.75,
2026-09-21T14:59:44,2,1.305,4.38,0.0590,26.9,1.272,1.73,4.00,-65,9.75,
2026-09-21T14:59:45,2,1.263,1.02,0.0580,26.9,1.264,1.09,4.04,-65,9.75,
2026-09-21T14:59:46,2,1.322,5.79,0.0570,26.9,1.280,2.38,3.95,-65,9.50,
2026-09-21T14:59:54,2,1.299,3.92,0.0570,26.9,1.268,1.41,4.00,-57,7.25,
2026-09-21T14:59:55,2,1.269,1.54,0.0570,26.9,1.272,1.80,3.99,-65,9.50,
2026-09-21T14:59:56,2,1.314,5.08,0.0570,26.9,1.274,1.93,3.97,-64,9.25,
2026-09-21T14:59:57,2,1.264,1.09,0.0580,26.9,1.267,1.35,4.05,-69,9.00,
2026-09-21T14:59:58,2,1.268,1.47,0.0580,26.9,1.271,1.67,4.00,-74,8.50,
2026-09-21T15:00:00,2,1.310,4.76,0.0580,26.9,1.277,2.18,3.96,-68,9.25,
2026-09-21T15:00:01,2,1.263,1.02,0.0580,26.9,1.264,1.15,4.04,-69,9.00,
2026-09-21T15:00:02,2,1.268,1.47,0.0590,26.9,1.270,1.60,4.00,-73,8.75,
2026-09-21T15:00:03,2,1.310,4.76,0.0590,26.9,1.269,1.54,3.96,-63,9.75,
2026-09-21T15:00:04,2,1.270,1.60,0.0680,26.9,1.265,1.22,4.04,-63,9.50,
2026-09-21T15:00:05,2,1.268,1.41,0.0750,26.9,1.273,1.86,4.00,-61,10.00,
2026-09-21T15:00:06,2,1.305,4.38,0.0830,26.9,1.271,1.67,4.01,-64,9.25,
2026-09-21T15:00:07,2,1.262,0.96,0.0890,26.9,1.264,1.09,4.04,-64,9.25,
2026-09-21T15:00:08,2,1.271,1.67,0.0970,26.9,1.273,1.86,4.00,-63,9.50,
2026-09-21T15:00:09,2,1.303,4.25,0.1050,26.9,1.271,1.67,4.01,-62,9.75,
2026-09-21T15:00:10,2,1.264,1.09,0.1120,26.9,1.265,1.22,4.05,-63,9.50,
2026-09-21T15:00:12,2,1.321,5.66,0.1190,26.9,1.281,2.51,3.96,-63,9.50,
2026-09-21T15:00:13,2,1.301,4.12,0.1280,26.9,1.273,1.86,4.01,-63,9.75,
2026-09-21T15:00:14,2,1.260,0.83,0.1360,26.9,1.267,1.35,4.05,-64,9.75,
2026-09-21T15:00:15,2,1.318,5.41,0.1460,26.9,1.280,2.38,3.97,-64,9.25,
2026-09-21T15:00:16,2,1.303,4.25,0.1660,26.9,1.273,1.86,4.01,-62,10.50,
2026-09-21T15:00:17,2,1.263,1.02,0.1760,26.9,1.276,2.12,4.00,-63,10.25,
2026-09-21T15:00:18,2,1.315,5.21,0.1870,26.9,1.281,2.44,3.97,-63,9.75,
2026-09-21T15:00:19,2,1.305,4.38,0.2120,26.9,1.276,2.05,4.01,-68,9.75,
2026-09-21T15:00:20,2,1.272,1.73,0.2590,26.9,1.276,2.05,4.01,-61,9.75,
2026-09-21T15:00:21,2,1.315,5.21,0.3160,26.9,1.283,2.63,3.97,-62,9.75,
2026-09-21T15:00:22,2,1.270,1.60,0.3770,26.9,1.274,1.93,4.05,-62,9.50,
2026-09-21T15:00:23,2,1.275,1.99,0.4380,26.9,1.281,2.44,4.01,-61,10.00,
2026-09-21T15:00:25,2,1.317,5.34,0.5020,26.9,1.285,2.76,3.98,-62,10.25,
2026-09-21T15:00:26,2,1.281,2.51,0.5670,26.9,1.276,2.05,4.05,-68,9.50,
2026-09-21T15:00:27,2,1.278,2.25,0.6370,26.9,1.281,2.44,4.01,-62,10.25,
2026-09-21T15:00:28,2,1.315,5.21,0.7110,26.9,1.283,2.63,4.01,-61,9.50,
2026-09-21T15:00:29,2,1.276,2.12,0.8680,26.9,1.279,2.31,4.05,-65,9.50,
2026-09-21T15:00:30,2,1.282,2.57,0.9510,26.9,1.284,2.70,4.01,-62,9.75,
2026-09-21T15:00:38,2,1.324,5.92,1.7330,26.9,1.297,3.79,4.09,-49,7.75,
2026-09-21T15:00:39,2,1.295,3.60,1.8750,26.9,1.301,4.05,4.00,-59,10.00,
2026-09-21T15:00:40,2,1.341,7.28,1.9840,26.9,1.307,4.57,3.97,-59,9.50,
2026-09-21T15:00:41,2,1.328,6.24,2.0950,26.9,1.300,3.99,4.01,-57,9.75,
2026-09-21T15:00:43,2,1.337,6.95,2.1770,26.9,1.305,4.38,3.97,-58,9.75,
2026-09-21T15:00:44,2,1.296,3.67,2.2150,26.9,1.293,3.47,4.01,-58,9.50,
2026-09-21T15:00:45,2,1.305,4.44,2.2500,26.9,1.303,4.25,4.00,-58,9.75,
2026-09-21T15:00:46,2,1.338,7.02,2.2810,26.9,1.306,4.50,3.97,-58,9.00,
2026-09-21T15:00:47,2,1.293,3.41,2.3100,26.9,1.296,3.67,4.05,-56,9.25,
2026-09-21T15:00:48,2,1.298,3.86,2.3370,26.9,1.299,3.92,4.01,-56,9.75,
2026-09-21T15:00:50,2,1.334,6.70,2.3680,26.9,1.302,4.18,4.01,-58,9.75,
2026-09-21T15:00:51,2,1.293,3.41,2.3990,26.9,1.297,3.79,4.05,-56,10.00,
2026-09-21T15:00:52,2,1.296,3.67,2.4290,26.9,1.305,4.38,4.01,-56,9.75,
2026-09-21T15:00:53,2,1.335,6.76,2.4610,26.9,1.305,4.44,4.01,-59,9.75,
2026-09-21T15:00:54,2,1.293,3.47,2.5210,26.9,1.299,3.92,4.05,-56,10.00,
2026-09-21T15:00:55,2,1.298,3.86,2.5500,26.9,1.305,4.38,4.01,-59,9.50,
2026-09-21T15:00:56,2,1.334,6.70,2.5790,26.9,1.305,4.38,4.01,-58,9.00,
2026-09-21T15:00:57,2,1.293,3.47,2.6120,26.9,1.299,3.92,4.04,-56,10.25,
2026-09-21T15:00:58,2,1.355,8.44,2.6450,26.9,1.315,5.21,3.96,-58,9.00,
2026-09-21T15:00:59,2,1.335,6.76,2.6800,26.9,1.308,4.63,4.01,-59,9.50,
2026-09-21T15:01:00,2,1.302,4.18,2.7160,26.9,1.311,4.89,4.00,-58,9.75,
2026-09-21T15:01:02,2,1.351,8.05,2.7520,26.9,1.314,5.15,3.97,-58,9.25,
2026-09-21T15:01:03,2,1.337,6.95,2.7880,26.9,1.310,4.76,4.01,-60,9.75,
2026-09-21T15:01:04,2,1.301,4.12,2.8270,26.9,1.310,4.83,4.01,-59,9.50,
2026-09-21T15:01:05,2,1.348,7.86,2.8680,26.9,1.318,5.47,3.97,-57,9.50,
2026-09-21T15:01:06,2,1.337,6.95,2.9590,26.9,1.311,4.89,4.01,-58,9.50,
2026-09-21T15:01:07,2,1.305,4.38,3.0090,26.9,1.314,5.08,4.01,-58,9.50,
2026-09-21T15:01:08,2,1.351,8.05,3.0580,26.9,1.317,5.34,3.97,-55,9.50,
2026-09-21T15:01:09,2,1.300,3.99,3.1110,26.9,1.309,4.70,4.04,-57,9.50,
2026-09-21T15:01:10,2,1.309,4.70,3.1640,26.9,1.312,4.96,4.01,-57,9.75,
2026-09-21T15:01:11,2,1.347,7.79,3.2220,26.9,1.316,5.28,4.01,-58,9.50,
2026-09-21T15:01:12,2,1.304,4.31,3.2780,26.9,1.311,4.89,4.05,-57,9.75,
2026-09-21T15:01:13,2,1.311,4.89,3.3410,26.9,1.317,5.34,4.01,-56,9.75,
2026-09-21T15:01:21,2,1.353,8.24,3.8820,26.9,1.326,6.12,4.01,-49,8.25,
2026-09-21T15:01:22,2,1.320,5.60,3.9560,26.9,1.330,6.37,4.00,-56,9.75,
2026-09-21T15:01:23,2,1.368,9.40,4.0330,26.9,1.339,7.08,3.96,-57,10.00,
2026-09-21T15:01:24,2,1.355,8.37,4.1080,26.9,1.332,6.57,4.01,-57,9.75,
2026-09-21T15:01:25,2,1.325,5.99,4.1830,26.9,1.334,6.70,4.00,-56,10.00,
2026-09-21T15:01:27,2,1.372,9.79,4.2630,26.9,1.338,7.02,3.97,-57,10.00,
2026-09-21T15:01:28,2,1.359,8.69,4.3410,26.9,1.335,6.82,4.01,-57,9.75,
2026-09-21T15:01:29,2,1.327,6.18,4.4210,26.9,1.335,6.82,4.00,-57,10.00,
2026-09-21T15:01:30,2,1.372,9.79,4.5010,26.9,1.343,7.47,3.97,-59,9.25,
2026-09-21T15:01:31,2,1.326,6.12,4.8070,26.9,1.336,6.89,4.01,-59,10.00,
2026-09-21T15:01:33,2,1.370,9.60,5.0090,26.9,1.343,7.47,4.01,-58,9.75,
2026-09-21T15:01:34,2,1.329,6.31,5.1170,26.9,1.339,7.15,4.05,-58,9.75,
2026-09-21T15:01:35,2,1.336,6.89,5.2260,26.9,1.348,7.86,4.01,-58,9.50,
2026-09-21T15:01:36,2,1.376,10.05,5.3350,26.9,1.346,7.66,4.01,-58,10.25,
2026-09-21T15:01:37,2,1.335,6.76,5.4460,26.9,1.343,7.41,4.05,-57,9.50,
2026-09-21T15:01:39,2,1.339,7.15,5.5540,26.9,1.350,7.99,4.01,-58,10.00,
2026-09-21T15:01:40,2,1.378,10.24,5.6620,26.9,1.351,8.05,4.01,-58,10.25,
2026-09-21T15:01:41,2,1.339,7.15,5.7720,26.9,1.354,8.31,4.05,-58,9.00,
2026-09-21T15:01:42,2,1.364,9.15,5.8860,26.9,1.360,8.82,4.01,-58,9.25,
2026-09-21T15:01:43,2,1.382,10.56,6.1140,26.9,1.356,8.50,4.01,-58,9.25,
2026-09-21T15:01:44,2,1.348,7.86,6.2290,26.9,1.361,8.89,4.00,-58,9.50,
2026-09-21T15:01:45,2,1.399,11.92,6.3430,26.9,1.366,9.27,3.96,-58,9.75,
2026-09-21T15:01:46,2,1.385,10.82,6.4570,26.9,1.362,8.95,4.01,-58,9.75,
2026-09-21T15:01:47,2,1.351,8.11,6.5700,26.9,1.367,9.34,4.01,-58,9.50,
2026-09-21T15:01:48,2,1.400,11.98,6.6840,26.9,1.372,9.79,3.97,-58,9.50,
2026-09-21T15:01:49,2,1.390,11.21,6.7990,26.9,1.366,9.27,4.01,-58,9.75,
2026-09-21T15:01:50,2,1.359,8.76,6.9120,26.9,1.371,9.66,4.01,-58,9.75,
2026-09-21T15:01:52,2,1.401,12.11,7.0290,26.9,1.370,9.60,4.00,-58,9.75,
2026-09-21T15:01:53,2,1.363,9.02,7.1490,26.9,1.366,9.27,4.01,-58,9.50,
2026-09-21T15:01:54,2,1.364,9.15,7.2670,26.9,1.375,9.98,4.00,-57,10.25,
2026-09-21T15:01:55,2,1.401,12.11,7.3860,26.9,1.374,9.92,4.01,-58,9.25,
2026-09-21T15:02:01,2,1.408,12.63,8.2190,26.9,1.384,10.76,0.00,-49,6.25,
2026-09-21T15:02:02,2,1.377,10.18,8.3350,26.9,1.393,11.47,4.00,-59,9.75,
2026-09-21T15:02:04,2,1.377,10.18,8.4540,26.9,1.392,11.34,4.01,-58,9.25,
2026-09-21T15:02:05,2,1.414,13.14,8.5760,26.9,1.392,11.34,4.01,-58,9.75,
2026-09-21T15:02:06,2,1.384,10.76,8.7020,26.9,1.395,11.60,4.01,-58,9.75,
2026-09-21T15:02:07,2,1.435,14.82,8.8250,26.9,1.401,12.05,3.97,-58,10.25,
2026-09-21T15:02:08,2,1.418,13.40,9.0740,26.9,1.397,11.79,4.01,-59,10.00,
2026-09-21T15:02:09,2,1.386,10.89,9.2000,26.9,1.398,11.85,4.01,-59,9.75,
2026-09-21T15:02:10,2,1.438,15.01,9.3260,26.9,1.407,12.56,3.97,-64,9.50,
2026-09-21T15:02:11,2,1.422,13.72,9.4440,26.9,1.399,11.92,4.01,-59,9.75,
2026-09-21T15:02:12,2,1.393,11.47,9.5690,26.9,1.406,12.50,4.01,-59,10.00,
2026-09-21T15:02:13,2,1.435,14.82,9.6950,26.9,1.407,12.56,4.00,-65,10.00,
2026-09-21T15:02:14,2,1.429,14.30,9.8320,26.9,1.407,12.56,4.01,-63,9.75,
2026-09-21T15:02:15,2,1.396,11.66,9.9580,26.9,1.408,12.63,4.01,-69,9.25,
2026-09-21T15:02:17,2,1.432,14.56,10.0870,26.9,1.410,12.82,4.01,-60,9.75,
2026-09-21T15:02:18,2,1.393,11.47,10.2190,26.9,1.407,12.56,4.05,-63,9.25,
2026-09-21T15:02:19,2,1.401,12.05,10.3480,26.9,1.417,13.34,4.01,-64,10.25,
2026-09-21T15:02:20,2,1.440,15.21,10.4760,26.9,1.418,13.47,4.01,-60,10.25,
2026-09-21T15:02:21,2,1.407,12.56,10.7290,26.9,1.419,13.53,4.00,-60,9.25,
2026-09-21T15:02:22,2,1.460,16.82,10.8570,26.9,1.426,14.11,3.96,-60,9.50,
2026-09-21T15:02:23,2,1.455,16.43,10.9920,26.9,1.422,13.79,4.01,-61,10.00,
2026-09-21T15:02:24,2,1.412,12.95,11.1240,26.9,1.427,14.17,4.01,-62,10.25,
2026-09-21T15:02:25,2,1.449,15.92,11.2510,26.9,1.428,14.24,4.01,-64,10.00,
2026-09-21T15:02:26,2,1.408,12.63,11.3800,26.9,1.422,13.79,4.05,-64,10.00,
2026-09-21T15:02:28,2,1.416,13.27,11.5130,26.9,1.430,14.43,4.01,-61,10.25,
2026-09-21T15:02:29,2,1.455,16.37,11.6470,26.9,1.434,14.69,4.01,-61,10.25,
2026-09-21T15:02:30,2,1.423,13.85,11.7800,26.9,1.437,14.95,4.00,-70,9.00,
2026-09-21T15:02:31,2,1.420,13.59,11.9130,26.9,1.439,15.14,4.01,-64,9.75,
2026-09-21T15:02:32,2,1.459,16.69,12.0490,26.9,1.438,15.01,4.01,-64,10.50,
2026-09-21T15:02:33,2,1.426,14.05,12.3130,26.9,1.438,15.08,4.01,-65,9.25,
2026-09-21T15:02:34,2,1.467,17.33,12.4350,26.9,1.444,15.53,4.01,-64,9.50,
2026-09-21T15:02:43,2,1.484,18.69,13.5160,26.9,1.455,16.37,3.96,-64,9.75,
2026-09-21T15:02:44,2,1.479,18.30,13.7750,26.9,1.458,16.62,4.01,-70,9.25,
2026-09-21T15:02:45,2,1.447,15.79,13.9070,26.9,1.461,16.88,4.01,-65,9.50,
2026-09-21T15:02:46,2,1.490,19.20,14.0350,26.9,1.465,17.20,4.01,-62,9.75,
2026-09-21T15:02:47,2,1.446,15.66,14.1660,27.9,1.463,17.01,4.05,-64,9.50,
2026-09-21T15:02:48,2,1.452,16.17,14.3350,27.9,1.465,17.20,4.01,-62,10.00,
2026-09-21T15:02:49,2,1.490,19.20,14.5250,27.9,1.469,17.53,4.01,-60,9.75,
2026-09-21T15:02:50,2,1.459,16.75,14.7280,27.9,1.476,18.11,4.00,-58,9.50,
2026-09-21T15:02:52,2,1.517,21.39,14.9470,27.9,1.482,18.56,3.96,-59,10.00,
2026-09-21T15:02:53,2,1.498,19.85,15.1660,27.9,1.478,18.24,4.01,-60,10.00,
2026-09-21T15:02:54,2,1.469,17.53,15.3780,27.9,1.482,18.56,4.01,-60,9.75,
2026-09-21T15:02:55,2,1.511,20.88,15.5810,27.9,1.485,18.82,4.00,-59,9.75,
2026-09-21T15:02:56,2,1.468,17.46,15.9910,27.9,1.480,18.43,4.05,-63,10.00,
2026-09-21T15:02:57,2,1.475,17.98,16.1990,27.9,1.487,18.95,4.01,-63,10.00,
2026-09-21T15:02:58,2,1.514,21.14,16.4050,27.9,1.492,19.40,4.01,-62,9.75,
2026-09-21T15:02:59,2,1.480,18.43,16.6020,27.9,1.498,19.85,4.00,-62,10.00,
2026-09-21T15:03:00,2,1.488,19.01,16.8030,27.9,1.503,20.23,4.01,-66,10.25,
2026-09-21T15:03:01,2,1.520,21.59,17.0040,27.9,1.501,20.04,4.01,-60,10.00,
2026-09-21T15:03:02,2,1.492,19.40,17.2060,27.9,1.505,20.36,4.01,-63,10.00,
2026-09-21T15:03:04,2,1.536,22.88,17.4070,27.9,1.505,20.43,4.00,-61,9.50,
2026-09-21T15:03:05,2,1.529,22.30,17.6160,27.9,1.509,20.75,4.01,-61,9.75,
2026-09-21T15:03:06,2,1.500,19.98,17.8170,27.9,1.512,20.94,4.01,-61,10.00,
2026-09-21T15:03:07,2,1.536,22.88,18.0250,27.9,1.514,21.14,4.01,-61,10.00,
2026-09-21T15:03:08,2,1.505,20.36,18.3760,27.9,1.516,21.27,4.00,-60,10.00,
2026-09-21T15:03:09,2,1.502,20.17,18.5020,27.9,1.513,21.07,4.01,-61,9.75,
2026-09-21T15:03:10,2,1.537,22.94,18.6120,27.9,1.519,21.52,4.01,-61,9.75,
2026-09-21T15:03:11,2,1.507,20.56,18.7110,27.9,1.525,22.04,4.01,-61,9.75,
2026-09-21T15:03:12,2,1.553,24.23,18.8140,27.9,1.523,21.85,4.00,-61,10.00,
2026-09-21T15:03:13,2,1.541,23.26,18.9250,27.9,1.526,22.10,4.01,-60,10.25,
2026-09-21T15:03:14,2,1.509,20.75,19.0400,27.9,1.528,22.23,4.01,-61,10.25,
2026-09-21T15:03:16,2,1.552,24.17,19.1590,27.9,1.530,22.36,4.01,-61,9.75,
2026-09-21T15:03:17,2,1.515,21.20,19.2700,27.9,1.532,22.56,4.00,-60,9.50,
2026-09-21T15:03:18,2,1.516,21.27,19.3860,27.9,1.531,22.49,4.01,-60,10.00,
2026-09-21T15:03:19,2,1.551,24.10,19.5000,27.9,1.534,22.75,4.01,-60,9.75,
2026-09-21T15:03:27,2,1.527,22.17,20.4430,27.9,1.545,23.59,4.00,-53,5.75,
2026-09-21T15:03:28,2,1.567,25.39,20.5700,27.9,1.546,23.72,4.01,-61,10.00,
2026-09-21T15:03:29,2,1.527,22.17,20.6990,27.9,1.552,24.17,4.01,-62,10.25,
2026-09-21T15:03:30,2,1.584,26.75,20.8210,27.9,1.551,24.10,3.96,-61,10.25,
2026-09-21T15:03:31,2,1.571,25.65,20.9490,27.9,1.555,24.36,4.01,-62,9.75,
2026-09-21T15:03:32,2,1.538,23.01,21.1980,27.9,1.556,24.49,4.01,-62,10.00,
2026-09-21T15:03:33,2,1.567,25.39,21.3160,27.9,1.555,24.36,4.01,-62,10.00,
2026-09-21T15:03:34,2,1.539,23.14,21.4480,27.9,1.554,24.30,4.01,-63,9.75,
2026-09-21T15:03:35,2,1.540,23.20,21.5710,27.9,1.559,24.75,4.01,-61,10.25,
2026-09-21T15:03:36,2,1.578,26.23,21.6950,27.9,1.558,24.62,4.01,-62,10.00,
2026-09-21T15:03:37,2,1.546,23.72,21.8170,27.9,1.564,25.13,4.01,-63,10.00,
2026-09-21T15:03:39,2,1.546,23.65,21.9380,27.9,1.567,25.33,4.01,-61,10.00,
2026-09-21T15:03:40,2,1.585,26.81,22.0640,27.9,1.564,25.13,4.01,-63,9.75,
2026-09-21T15:03:41,2,1.552,24.17,22.1950,27.9,1.568,25.46,4.01,-62,9.75,
2026-09-21T15:03:42,2,1.593,27.45,22.3250,27.9,1.570,25.59,4.00,-63,10.00,
2026-09-21T15:03:43,2,1.588,27.00,22.5740,27.9,1.573,25.84,4.01,-62,10.25,
2026-09-21T15:03:44,2,1.557,24.55,22.7010,27.9,1.571,25.71,4.01,-64,9.75,
2026-09-21T15:03:45,2,1.593,27.45,22.8300,27.9,1.575,25.97,4.01,-62,10.00,
2026-09-21T15:03:46,2,1.559,24.68,22.9610,27.9,1.579,26.29,4.00,-64,10.00,
2026-09-21T15:03:47,2,1.561,24.88,23.0920,27.9,1.580,26.42,4.01,-64,10.00,
2026-09-21T15:03:48,2,1.596,27.65,23.2190,27.9,1.579,26.36,4.01,-66,10.00,
2026-09-21T15:03:49,2,1.563,25.01,23.3500,27.9,1.584,26.68,4.01,-65,9.75,
2026-09-21T15:03:51,2,1.610,28.81,23.4790,27.9,1.587,26.94,4.00,-63,10.00,
2026-09-21T15:03:52,2,1.600,28.04,23.6050,27.9,1.588,27.00,4.01,-62,10.00,
2026-09-21T15:03:53,2,1.572,25.78,23.7280,27.9,1.587,26.94,4.01,-60,10.00,
2026-09-21T15:03:54,2,1.605,28.42,23.8510,27.9,1.590,27.20,4.00,-66,9.50,
2026-09-21T15:03:55,2,1.573,25.84,24.0860,27.9,1.592,27.33,4.00,-68,9.50,
2026-09-21T15:03:56,2,1.574,25.91,24.2080,27.9,1.590,27.20,4.01,-65,10.00,
2026-09-21T15:03:57,2,1.607,28.55,24.3320,27.9,1.594,27.52,4.01,-65,10.25,
2026-09-21T15:03:58,2,1.577,26.17,24.4560,27.9,1.594,27.52,4.00,-65,9.25,
2026-09-21T15:03:59,2,1.622,29.78,24.5750,27.9,1.600,27.97,4.00,-66,9.50,
2026-09-21T15:04:00,2,1.609,28.74,24.6970,27.9,1.596,27.71,4.01,-65,9.75,
2026-09-21T15:04:01,2,1.581,26.49,24.8140,27.9,1.600,28.04,4.01,-66,10.00,
2026-09-21T15:04:03,2,1.621,29.65,24.9240,27.9,1.603,28.23,4.01,-65,9.50,
2026-09-21T15:04:11,2,1.628,30.23,25.8180,27.9,1.615,29.20,4.00,-65,9.75,
2026-09-21T15:04:12,2,1.633,30.68,25.9490,27.9,1.621,29.71,3.98,-65,9.50,
2026-09-21T15:04:14,2,1.600,28.04,26.0940,27.9,1.619,29.52,4.01,-64,9.75,
2026-09-21T15:04:15,2,1.634,30.74,26.2290,27.9,1.618,29.45,4.01,-62,10.00,
2026-09-21T15:04:16,2,1.602,28.16,26.3700,27.9,1.620,29.58,4.01,-63,9.75,
2026-09-21T15:04:17,2,1.603,28.23,26.4900,27.9,1.622,29.78,4.01,-64,9.25,
2026-09-21T15:04:18,2,1.635,30.81,26.6000,27.9,1.623,29.84,4.01,-64,9.75,
2026-09-21T15:04:19,2,1.605,28.42,26.8240,27.9,1.619,29.52,4.01,-66,10.00,
2026-09-21T15:04:20,2,1.648,31.84,26.9350,27.9,1.626,30.10,4.00,-63,9.75,
2026-09-21T15:04:21,2,1.638,31.07,27.0430,27.9,1.629,30.29,4.01,-64,9.75,
2026-09-21T15:04:22,2,1.609,28.74,27.1570,27.9,1.628,30.23,4.01,-64,9.50,
2026-09-21T15:04:23,2,1.644,31.52,27.2620,27.9,1.629,30.36,4.01,-64,9.50,
2026-09-21T15:04:24,2,1.616,29.26,27.3570,27.9,1.630,30.42,4.00,-63,10.75,
2026-09-21T15:04:26,2,1.614,29.13,27.4540,27.9,1.630,30.42,4.01,-63,10.00,
2026-09-21T15:04:27,2,1.644,31.52,27.5380,27.9,1.636,30.87,4.01,-64,13.00,
2026-09-21T15:04:28,2,1.614,29.13,27.6310,27.9,1.633,30.61,4.01,-63,7.25,
2026-09-21T15:04:29,2,1.659,32.74,27.7150,27.9,1.638,31.00,4.00,-65,9.00,
2026-09-21T15:04:30,2,1.646,31.71,27.8040,27.9,1.633,30.68,4.01,-64,9.50,
2026-09-21T15:04:31,2,1.613,29.00,27.9250,27.9,1.634,30.74,4.01,-63,10.25,
2026-09-21T15:04:32,2,1.652,32.16,27.9600,27.9,1.634,30.74,4.00,-65,9.50,
2026-09-21T15:04:33,2,1.616,29.26,27.9760,27.9,1.640,31.19,4.00,-63,9.75,
2026-09-21T15:04:34,2,1.613,29.07,27.9920,27.9,1.635,30.81,4.01,-61,10.00,
2026-09-21T15:04:35,2,1.644,31.52,28.0030,27.9,1.635,30.81,4.01,-62,9.75,
2026-09-21T15:04:36,2,1.617,29.39,28.0280,27.9,1.637,30.94,4.01,-60,9.50,
2026-09-21T15:04:38,2,1.613,29.07,28.0530,27.9,1.631,30.48,4.04,-62,10.25,
2026-09-21T15:04:39,2,1.647,31.77,28.0750,27.9,1.635,30.81,4.01,-63,9.75,
2026-09-21T15:04:40,2,1.617,29.39,28.0850,27.9,1.637,30.94,4.01,-62,9.50,
2026-09-21T15:04:41,2,1.653,32.23,28.0910,27.9,1.638,31.07,4.00,-61,10.25,
2026-09-21T15:04:42,2,1.656,32.48,28.1060,27.9,1.645,31.58,3.96,-61,10.00,
2026-09-21T15:04:44,2,1.650,32.03,28.1300,27.9,1.642,31.32,4.01,-65,10.00,
2026-09-21T15:04:45,2,1.618,29.45,28.1560,27.9,1.638,31.07,4.00,-62,9.50,
2026-09-21T15:04:46,2,1.616,29.26,28.1880,27.9,1.633,30.61,4.05,-65,9.25,
2026-09-21T15:04:55,2,1.620,29.58,28.3680,27.9,1.642,31.32,4.00,-60,9.75,
2026-09-21T15:04:56,2,1.656,32.48,28.3830,27.9,1.641,31.26,4.01,-57,10.00,
2026-09-21T15:04:57,2,1.624,29.90,28.3960,27.9,1.642,31.39,4.01,-59,9.50,7
2026-09-21T15:04:58,2,1.666,33.26,28.4180,27.9,1.642,31.32,4.00,-60,9.75,
2026-09-21T15:04:59,2,1.652,32.16,28.4390,27.9,1.643,31.45,4.01,-58,10.25,
2026-09-21T15:05:01,2,1.621,29.65,28.4570,27.9,1.642,31.32,4.01,-60,10.50,
2026-09-21T15:05:02,2,1.659,32.74,28.4740,27.9,1.642,31.39,4.00,-59,9.50,
2026-09-21T15:05:03,2,1.625,30.03,28.4990,27.9,1.646,31.65,4.00,-60,9.75,
2026-09-21T15:05:04,2,1.625,30.03,28.5210,27.9,1.643,31.45,4.01,-59,9.75,
2026-09-21T15:05:05,2,1.656,32.48,28.5450,27.9,1.643,31.45,4.01,-60,10.00,
2026-09-21T15:05:06,2,1.625,30.03,28.5670,27.9,1.645,31.58,4.01,-60,9.75,
2026-09-21T15:05:07,2,1.620,29.58,28.5810,27.9,1.636,30.87,4.04,-60,10.25,
2026-09-21T15:05:08,2,1.653,32.23,28.5930,27.9,1.642,31.39,4.01,-59,9.75,
2026-09-21T15:05:09,2,1.626,30.10,28.6120,27.9,1.642,31.39,4.01,-60,10.00,
2026-09-21T15:05:10,2,1.661,32.87,28.6280,27.9,1.646,31.65,4.00,-60,9.25,
2026-09-21T15:05:11,2,1.661,32.87,28.6410,27.9,1.651,32.10,3.96,-59,7.75,
2026-09-21T15:05:13,2,1.627,30.16,28.6510,27.9,1.646,31.71,4.01,-58,9.75,
2026-09-21T15:05:14,2,1.659,32.74,28.6610,27.9,1.643,31.45,4.01,-59,10.00,
2026-09-21T15:05:15,2,1.624,29.90,28.6690,27.9,1.645,31.58,4.01,-62,10.00,
2026-09-21T15:05:16,2,1.621,29.71,28.6800,27.9,1.638,31.00,4.04,-59,10.25,
2026-09-21T15:05:17,2,1.655,32.42,28.6910,27.9,1.645,31.58,4.00,-60,9.50,
2026-09-21T15:05:18,2,1.627,30.16,28.7210,27.9,1.646,31.65,4.01,-60,9.75,
2026-09-21T15:05:19,2,1.655,32.42,28.7390,27.9,1.643,31.45,4.00,-62,9.50,
2026-09-21T15:05:20,2,1.663,33.06,28.7550,27.9,1.653,32.23,3.96,-62,9.75,
2026-09-21T15:05:21,2,1.626,30.10,28.7730,27.9,1.644,31.52,4.01,-57,10.00,
2026-09-21T15:05:22,2,1.658,32.61,28.7790,27.9,1.646,31.71,4.00,-62,9.50,
2026-09-21T15:05:23,2,1.628,30.23,28.7920,27.9,1.647,31.77,4.01,-64,10.25,
2026-09-21T15:05:25,2,1.620,29.58,28.8090,27.9,1.641,31.26,4.05,-64,9.50,
2026-09-21T15:05:26,2,1.658,32.61,28.8250,27.9,1.647,31.77,4.01,-62,10.00,
2026-09-21T15:05:27,2,1.626,30.10,28.8360,27.9,1.646,31.71,4.01,-61,9.75,
2026-09-21T15:05:28,2,1.670,33.58,28.8540,27.9,1.648,31.84,3.99,-61,9.50,
2026-09-21T15:05:29,2,1.662,33.00,28.8610,27.9,1.653,32.23,4.01,-60,9.75,
2026-09-21T15:05:30,2,1.627,30.16,28.8830,27.9,1.646,31.71,4.01,-59,9.50,
2026-09-21T15:05:31,2,1.662,32.93,28.8980,27.9,1.646,31.71,4.00,-64,10.00,
2026-09-21T15:05:35,2,1.629,30.29,28.9530,27.9,1.648,31.84,4.01,-54,5.75,
2026-09-21T15:05:37,2,1.658,32.61,28.9630,27.9,1.647,31.77,4.05,-55,1.25,
2026-09-21T15:05:38,2,1.656,32.48,28.9730,27.9,1.646,31.71,4.01,-56,5.00,
2026-09-21T15:05:39,2,1.628,30.23,28.9830,27.9,1.647,31.77,4.01,-59,10.25,
2026-09-21T15:05:40,2,1.665,33.19,28.9800,27.9,1.648,31.84,4.00,-58,9.25,
2026-09-21T15:05:41,2,1.666,33.26,28.9890,27.9,1.654,32.35,3.97,-59,10.00,
2026-09-21T15:05:42,2,1.629,30.29,28.9990,27.9,1.646,31.71,4.01,-62,10.00,
2026-09-21T15:05:43,2,1.659,32.74,29.0030,27.9,1.647,31.77,4.01,-65,9.75,
2026-09-21T15:05:44,2,1.630,30.42,29.0100,27.9,1.647,31.77,4.01,-66,10.00,
2026-09-21T15:05:45,2,1.626,30.10,29.0180,27.9,1.642,31.32,4.05,-61,9.75,
2026-09-21T15:05:46,2,1.660,32.81,29.0330,27.9,1.646,31.71,4.01,-60,10.00,
2026-09-21T15:05:47,2,1.629,30.29,29.0420,27.9,1.649,31.90,4.01,-61,9.75,
2026-09-21T15:05:49,2,1.671,33.71,29.0460,27.9,1.650,31.97,4.00,-63,9.75,
2026-09-21T15:05:50,2,1.665,33.19,29.0520,27.9,1.654,32.29,3.96,-61,10.25,
2026-09-21T15:05:51,2,1.627,30.16,29.0610,27.9,1.650,31.97,4.01,-62,10.25,
2026-09-21T15:05:52,2,1.655,32.42,29.0730,27.9,1.649,31.90,4.00,-61,9.50,
2026-09-21T15:05:53,2,1.632,30.55,29.0860,27.9,1.650,31.97,4.01,-59,9.75,
2026-09-21T15:05:54,2,1.625,29.97,29.0950,27.9,1.642,31.39,4.05,-59,9.25,
2026-09-21T15:05:55,2,1.661,32.87,29.1010,27.9,1.649,31.90,4.01,-59,9.25,
2026-09-21T15:05:56,2,1.629,30.36,29.1040,27.9,1.652,32.16,4.01,-59,9.50,
2026-09-21T15:05:57,2,1.671,33.64,29.1150,27.9,1.651,32.10,4.00,-59,10.00,
2026-09-21T15:05:58,2,1.670,33.58,29.1210,27.9,1.655,32.42,3.96,-60,9.50,
2026-09-21T15:06:00,2,1.630,30.42,29.1390,27.9,1.651,32.10,4.01,-59,10.00,
2026-09-21T15:06:01,2,1.664,33.13,29.1490,27.9,1.650,31.97,4.00,-59,9.25,
2026-09-21T15:06:02,2,1.632,30.55,29.1660,27.9,1.649,31.90,4.00,-59,9.50,
2026-09-21T15:06:03,2,1.626,30.10,29.1710,27.9,1.642,31.39,4.05,-61,9.75,
2026-09-21T15:06:04,2,1.665,33.19,29.1770,27.9,1.648,31.84,4.01,-62,9.75,
2026-09-21T15:06:05,2,1.631,30.48,29.1890,27.9,1.646,31.71,4.01,-60,9.75,
2026-09-21T15:06:06,2,1.675,33.97,29.1880,27.9,1.652,32.16,4.00,-60,9.75,
2026-09-21T15:06:07,2,1.668,33.45,29.1910,27.9,1.657,32.55,3.99,-60,9.50,
2026-09-21T15:06:08,2,1.630,30.42,29.2060,27.9,1.648,31.84,4.01,-60,9.75,
2026-09-21T15:06:09,2,1.669,33.52,29.2130,27.9,1.648,31.84,4.00,-61,9.75,
2026-09-21T15:06:10,2,1.637,30.94,29.2150,27.9,1.654,32.35,3.97,-61,9.75,
2026-09-21T15:06:12,2,1.631,30.48,29.2190,27.9,1.649,31.90,4.01,-61,10.00,
2026-09-21T15:06:13,2,1.664,33.13,29.2240,27.9,1.651,32.10,4.01,-61,9.75,
2026-09-21T15:06:14,2,1.631,30.48,29.2330,27.9,1.649,31.90,4.01,-61,9.75,
2026-09-21T15:06:15,2,1.628,30.23,29.2380,27.9,1.642,31.32,4.04,-61,10.00,
2026-09-21T15:06:22,2,1.632,30.55,29.2870,27.9,1.651,32.10,4.01,-52,4.75,
2026-09-21T15:06:24,2,1.629,30.36,29.3060,27.9,1.645,31.58,4.05,-61,9.50,
2026-09-21T15:06:25,2,1.662,33.00,29.3100,27.9,1.650,32.03,4.01,-61,10.25,
2026-09-21T15:06:26,2,1.632,30.55,29.3090,27.9,1.649,31.90,4.01,-60,10.00,
2026-09-21T15:06:27,2,1.673,33.84,29.3160,27.9,1.652,32.16,4.00,-60,9.50,
2026-09-21T15:06:29,2,1.633,30.61,29.3170,27.9,1.651,32.10,4.01,-60,10.25,
2026-09-21T15:06:30,2,1.668,33.45,29.3260,27.9,1.652,32.16,4.01,-59,10.25,
2026-09-21T15:06:31,2,1.633,30.61,29.3280,27.9,1.652,32.16,4.00,-59,9.75,
2026-09-21T15:06:32,2,1.627,30.16,29.3350,27.9,1.645,31.58,4.04,-61,10.00,
2026-09-21T15:06:33,2,1.662,32.93,29.3410,27.9,1.651,32.10,4.00,-60,9.50,
2026-09-21T15:06:34,2,1.634,30.74,29.3520,27.9,1.653,32.23,4.01,-61,9.50,
2026-09-21T15:06:36,2,1.675,34.03,29.3590,27.9,1.653,32.23,4.00,-59,9.25,
2026-09-21T15:06:37,2,1.668,33.45,29.3660,27.9,1.658,32.68,3.96,-59,9.50,
2026-09-21T15:06:38,2,1.635,30.81,29.3720,27.9,1.652,32.16,4.01,-60,9.75,
2026-09-21T15:06:39,2,1.671,33.64,29.3780,27.9,1.650,32.03,4.00,-61,9.50,
2026-09-21T15:06:40,2,1.634,30.74,29.3910,27.9,1.652,32.16,4.00,-60,9.50,
2026-09-21T15:06:41,2,1.627,30.16,29.3910,27.9,1.643,31.45,4.04,-61,10.25,
2026-09-21T15:06:42,2,1.660,32.81,29.3970,27.9,1.651,32.10,4.01,-61,9.50,
2026-09-21T15:06:43,2,1.633,30.61,29.3920,27.9,1.653,32.23,4.01,-60,9.75,
2026-09-21T15:06:44,2,1.629,30.36,29.4010,27.9,1.648,31.84,4.05,-59,9.75,
2026-09-21T15:06:45,2,1.672,33.77,29.4140,27.9,1.658,32.68,3.96,-60,9.50,
2026-09-21T15:06:47,2,1.633,30.61,29.4250,27.9,1.645,31.58,4.01,-61,11.00,
2026-09-21T15:06:48,2,1.673,33.84,29.4330,27.9,1.655,32.42,4.00,-60,9.75,
2026-09-21T15:06:49,2,1.671,33.64,29.4440,27.9,1.658,32.68,3.97,-60,10.00,
2026-09-21T15:06:50,2,1.630,30.42,29.4580,27.9,1.646,31.65,4.04,-61,10.00,
2026-09-21T15:06:51,2,1.668,33.45,29.4690,27.9,1.651,32.10,4.00,-60,10.00,
2026-09-21T15:06:52,2,1.635,30.81,29.4760,27.9,1.652,32.16,4.01,-60,10.50,
2026-09-21T15:06:53,2,1.628,30.23,29.4850,27.9,1.646,31.71,4.04,-60,9.75,
2026-09-21T15:06:54,2,1.671,33.64,29.4910,27.9,1.660,32.81,3.96,-59,9.75,
2026-09-21T15:06:55,2,1.635,30.81,29.4960,27.9,1.651,32.10,4.01,-63,10.00,
2026-09-21T15:06:56,2,1.675,34.03,29.4970,27.9,1.652,32.16,3.99,-61,9.75,
2026-09-21T15:06:57,2,1.669,33.52,29.5010,27.9,1.658,32.68,3.96,-60,9.75,
2026-09-21T15:06:59,2,1.632,30.55,29.5090,27.9,1.658,32.61,4.01,-61,10.00,
2026-09-21T15:07:07,2,1.636,30.87,29.5700,27.9,1.651,32.10,4.01,-61,10.25,
2026-09-21T15:07:08,2,1.671,33.64,29.5760,27.9,1.652,32.16,4.01,-61,9.75,
2026-09-21T15:07:09,2,1.635,30.81,29.5800,27.9,1.654,32.29,4.00,-59,9.50,
2026-09-21T15:07:11,2,1.630,30.42,29.5810,27.9,1.646,31.71,4.04,-60,10.00,
2026-09-21T15:07:12,2,1.668,33.45,29.5910,27.9,1.652,32.16,4.01,-60,10.00,
2026-09-21T15:07:13,2,1.637,30.94,29.5960,27.9,1.653,32.23,4.01,-60,10.25,
2026-09-21T15:07:14,2,1.674,33.90,29.6000,27.9,1.654,32.29,4.01,-61,10.00,
2026-09-21T15:07:15,2,1.673,33.84,29.6120,27.9,1.661,32.87,3.96,-60,9.75,
2026-09-21T15:07:16,2,1.636,30.87,29.6280,27.9,1.653,32.23,4.01,-60,10.00,
2026-09-21T15:07:17,2,1.671,33.71,29.6320,27.9,1.651,32.10,4.00,-60,9.75,
2026-09-21T15:07:18,2,1.672,33.77,29.6400,27.9,1.658,32.61,3.97,-60,10.25,
2026-09-21T15:07:19,2,1.631,30.48,29.6420,27.9,1.648,31.84,4.05,-60,9.75,
2026-09-21T15:07:20,2,1.671,33.64,29.6530,27.9,1.653,32.23,4.01,-60,10.75,
2026-09-21T15:07:21,2,1.638,31.00,29.6590,27.9,1.653,32.23,4.01,-60,9.75,
2026-09-21T15:07:23,2,1.633,30.61,29.6630,27.9,1.650,31.97,4.04,-60,9.75,
2026-09-21T15:07:24,2,1.667,33.39,29.6710,27.9,1.660,32.81,3.96,-60,9.75,
2026-09-21T15:07:25,2,1.637,30.94,29.6740,27.9,1.652,32.16,4.01,-60,10.00,
2026-09-21T15:07:26,2,1.675,34.03,29.6760,27.9,1.652,32.16,4.00,-60,9.50,
2026-09-21T15:07:27,2,1.671,33.64,29.6800,27.9,1.662,32.93,3.97,-60,10.00,
2026-09-21T15:07:28,2,1.630,30.42,29.6880,27.9,1.650,32.03,4.05,-61,9.75,
2026-09-21T15:07:29,2,1.669,33.52,29.6920,27.9,1.656,32.48,4.01,-61,10.75,
2026-09-21T15:07:30,2,1.638,31.07,29.6950,27.9,1.653,32.23,4.01,-60,10.00,
2026-09-21T15:07:31,2,1.629,30.36,29.6940,27.9,1.642,31.39,4.05,-61,9.75,
2026-09-21T15:07:32,2,1.675,34.03,29.7020,27.9,1.662,32.93,3.96,-60,10.00,
2026-09-21T15:07:34,2,1.635,30.81,29.7030,27.9,1.654,32.29,4.01,-60,10.00,
2026-09-21T15:07:35,2,1.679,34.35,29.7000,27.9,1.654,32.29,4.00,-60,9.75,
2026-09-21T15:07:36,2,1.673,33.84,29.7080,27.9,1.661,32.87,3.97,-60,10.00,
2026-09-21T15:07:37,2,1.637,30.94,29.7040,27.9,1.662,33.00,4.01,-61,10.25,
2026-09-21T15:07:38,2,1.673,33.84,29.7110,27.9,1.653,32.23,4.00,-60,9.50,
2026-09-21T15:07:39,2,1.638,31.00,29.7270,27.9,1.656,32.48,4.00,-60,9.75,
2026-09-21T15:07:40,2,1.633,30.68,29.7320,27.9,1.648,31.84,4.05,-61,9.75,
2026-09-21T15:07:41,2,1.670,33.58,29.7420,27.9,1.655,32.42,4.01,-60,10.00,
2026-09-21T15:07:42,2,1.639,31.13,29.7470,27.9,1.657,32.55,4.01,-60,9.75,
2026-09-21T15:07:48,2,1.673,33.84,29.7720,27.9,1.660,32.81,3.97,-50,-2.00,
2026-09-21T15:07:49,2,1.633,30.68,29.7890,27.9,1.649,31.00,4.04,-51,-1.00,
2026-09-21T15:07:50,2,1.671,33.64,29.7940,27.9,1.657,32.55,4.01,-51,-0.50,
2026-09-21T15:07:51,2,1.641,31.26,29.8060,27.9,1.653,32.23,4.01,-60,9.75,
2026-09-21T15:07:52,2,1.633,30.68,29.8080,27.9,1.648,31.84,4.04,-60,10.00,
2026-09-21T15:07:53,2,1.676,34.10,29.8130,27.9,1.658,32.68,3.95,-60,9.75,
2026-09-21T15:07:54,2,1.639,31.13,29.8210,27.9,1.654,32.29,4.01,-59,10.00,
2026-09-21T15:07:55,2,1.675,34.03,29.8290,27.9,1.656,32.48,4.00,-60,9.75,
2026-09-21T15:07:56,2,1.671,33.71,29.8370,27.9,1.658,32.68,3.97,-60,10.25,
2026-09-21T15:07:58,2,1.632,30.55,29.8450,27.9,1.651,32.10,4.05,-58,9.25,
2026-09-21T15:07:59,2,1.674,33.90,29.8540,27.9,1.653,32.23,4.00,-58,9.50,
2026-09-21T15:08:00,2,1.639,31.13,29.8610,27.9,1.654,32.35,4.01,-59,9.75,
2026-09-21T15:08:01,2,1.636,30.87,29.8590,27.9,1.649,31.90,4.04,-60,9.75,
2026-09-21T15:08:02,2,1.678,34.22,29.8610,27.9,1.662,33.00,3.96,-59,9.75,
2026-09-21T15:08:03,2,1.642,31.32,29.8840,27.9,1.662,33.00,4.01,-60,9.75,
2026-09-21T15:08:04,2,1.678,34.22,29.8850,27.9,1.654,32.35,4.00,-60,9.25,
2026-09-21T15:08:05,2,1.676,34.10,29.8930,27.9,1.661,32.87,3.97,-59,10.25,
2026-09-21T15:08:06,2,1.634,30.74,29.8940,27.9,1.649,31.90,4.04,-59,10.00,
2026-09-21T15:08:07,2,1.673,33.84,29.8980,27.9,1.654,32.29,4.00,-60,9.75,
2026-09-21T15:08:08,2,1.641,31.26,29.8940,27.9,1.654,32.35,4.01,-60,9.75,
2026-09-21T15:08:10,2,1.637,30.94,29.9020,27.9,1.650,32.03,4.04,-60,10.00,
2026-09-21T15:08:11,2,1.679,34.35,29.9110,27.9,1.666,33.26,3.96,-59,9.75,
2026-09-21T15:08:12,2,1.635,30.81,29.9210,27.9,1.654,32.29,4.01,-59,10.00,
2026-09-21T15:08:13,2,1.681,34.48,29.9330,27.9,1.669,33.52,4.00,-60,9.25,
2026-09-21T15:08:14,2,1.677,34.16,29.9460,27.9,1.659,32.74,3.96,-59,9.50,
2026-09-21T15:08:15,2,1.636,30.87,29.9640,27.9,1.653,32.23,4.04,-60,10.00,
2026-09-21T15:08:16,2,1.676,34.10,29.9690,27.9,1.656,32.48,4.00,-60,9.25,
2026-09-21T15:08:17,2,1.675,33.97,29.9780,27.9,1.663,33.06,3.97,-59,9.75,
2026-09-21T15:08:18,2,1.635,30.81,29.9800,27.9,1.650,32.03,4.04,-60,10.00,
2026-09-21T15:08:19,2,1.675,33.97,29.9840,27.9,1.662,32.93,4.01,-60,9.75,
2026-09-21T15:08:20,2,1.638,31.07,29.9930,27.9,1.657,32.55,4.01,-60,9.75,
2026-09-21T15:08:22,2,1.636,30.87,30.0060,27.9,1.650,32.03,4.04,-59,10.00,
2026-09-21T15:08:23,2,1.679,34.35,30.0150,27.9,1.663,33.06,3.96,-58,9.25,
2026-09-21T15:08:24,2,1.643,31.45,30.0180,27.9,1.656,32.48,4.01,-60,9.75,
2026-09-21T15:08:25,2,1.682,34.55,30.0270,27.9,1.654,32.35,4.00,-60,9.50,
2026-09-21T15:08:26,2,1.677,34.16,30.0460,27.9,1.663,33.06,3.97,-60,10.25,
2026-09-21T15:08:27,2,1.639,31.13,30.0580,27.9,1.651,32.10,4.05,-61,12.25,
2026-09-21T15:08:31,2,1.679,34.29,30.0960,27.9,1.665,33.19,3.96,-52,1.00,
2026-09-21T15:08:33,2,1.643,31.45,30.0990,27.9,1.659,32.74,4.01,-54,-0.25,
2026-09-21T15:08:34,2,1.687,34.93,30.1050,27.9,1.658,32.61,3.99,-51,-0.50,
2026-09-21T15:08:35,2,1.679,34.29,30.1040,27.9,1.664,33.13,3.97,-60,10.25,
2026-09-21T15:08:36,2,1.638,31.00,30.1110,27.9,1.651,32.10,4.04,-60,10.25,
2026-09-21T15:08:37,2,1.678,34.22,30.1160,27.9,1.659,32.74,4.00,-60,9.75,
2026-09-21T15:08:38,2,1.643,31.45,30.1280,27.9,1.658,32.68,4.01,-60,10.00,
2026-09-21T15:08:39,2,1.637,30.94,30.1420,27.9,1.654,32.29,4.05,-60,9.50,
2026-09-21T15:08:40,2,1.683,34.68,30.1490,27.9,1.664,33.13,3.96,-61,9.75,
2026-09-21T15:08:41,2,1.642,31.32,30.1480,27.9,1.649,31.90,4.00,-61,9.50,
2026-09-21T15:08:42,2,1.687,35.00,30.1460,27.9,1.659,32.74,3.99,-61,9.50,
2026-09-21T15:08:43,2,1.679,34.29,30.1470,27.9,1.671,33.64,3.96,-61,10.00,
2026-09-21T15:08:45,2,1.638,31.07,30.1500,27.9,1.652,32.16,4.04,-62,10.25,
2026-09-21T15:08:46,2,1.680,34.42,30.1530,27.9,1.660,32.81,4.00,-63,9.75,
2026-09-21T15:08:47,2,1.677,34.16,30.1540,27.9,1.658,32.68,3.97,-62,10.00,
2026-09-21T15:08:48,2,1.637,30.94,30.1600,27.9,1.654,32.29,4.04,-64,9.75,
2026-09-21T15:08:49,2,1.681,34.48,30.1570,27.9,1.667,33.32,3.96,-67,10.00,
2026-09-21T15:08:50,2,1.644,31.52,30.1560,27.9,1.658,32.68,4.01,-70,9.50,
2026-09-21T15:08:51,2,1.639,31.13,30.1580,27.9,1.653,32.23,4.04,-66,10.00,
2026-09-21T15:08:52,2,1.677,34.16,30.1640,27.9,1.665,33.19,3.96,-65,10.00,
2026-09-21T15:08:53,2,1.626,30.10,30.1700,27.9,1.654,32.29,4.04,-66,10.25,
2026-09-21T15:08:54,2,1.684,34.74,30.1790,27.9,1.658,32.68,4.00,-67,9.25,
2026-09-21T15:08:55,2,1.677,34.16,30.1790,27.9,1.664,33.13,3.97,-65,10.25,
2026-09-21T15:08:57,2,1.639,31.13,30.1840,27.9,1.656,32.48,4.04,-65,10.00,
2026-09-21T15:08:58,2,1.683,34.68,30.1880,27.9,1.668,33.45,3.96,-63,10.00,
2026-09-21T15:08:59,2,1.644,31.52,30.2040,27.9,1.660,32.81,4.01,-58,9.75,
2026-09-21T15:09:00,2,1.639,31.13,30.2130,27.9,1.655,32.42,4.04,-60,9.75,
2026-09-21T15:09:01,2,1.680,34.42,30.2180,27.9,1.665,33.19,3.97,-58,10.00,
2026-09-21T15:09:02,2,1.638,31.07,30.2350,27.9,1.652,32.16,4.04,-59,9.75,
2026-09-21T15:09:03,2,1.684,34.74,30.2560,27.9,1.654,32.29,4.00,-59,9.50,
2026-09-21T15:09:04,2,1.681,34.48,30.2650,27.9,1.666,33.26,3.97,-58,9.75,
2026-09-21T15:09:05,2,1.639,31.13,30.2780,27.9,1.654,32.35,4.04,-59,10.00,
2026-09-21T15:09:06,2,1.679,34.29,30.2870,27.9,1.659,32.74,4.00,-59,9.25,
2026-09-21T15:09:07,2,1.646,31.65,30.2900,27.9,1.661,32.87,4.01,-59,9.50,
2026-09-21T15:09:09,2,1.639,31.13,30.2990,27.9,1.657,32.55,4.04,-58,9.75,
2026-09-21T15:09:10,2,1.681,34.48,30.3040,27.9,1.665,33.19,3.96,-58,10.00,
2026-09-21T15:09:11,2,1.646,31.71,30.3180,27.9,1.660,32.81,4.01,-58,10.00,
2026-09-21T15:09:16,2,1.000,3.00,30.3770,27.9,1.664,33.13,3.98,-49,-2.50,
2026-09-21T15:09:17,2,1.642,31.32,30.3890,27.9,1.656,32.48,4.04,-50,2.25,
2026-09-21T15:09:18,2,1.685,34.80,30.3870,27.9,1.671,33.71,3.96,-52,6.75,
2026-09-21T15:09:20,2,1.647,31.77,30.3890,27.9,1.662,32.93,4.01,-58,10.00,
2026-09-21T15:09:21,2,1.642,31.32,30.4040,27.9,1.658,32.68,4.04,-58,9.50,
2026-09-21T15:09:22,2,1.684,34.74,30.4050,27.9,1.667,33.32,3.97,-57,10.00,
2026-09-21T15:09:23,2,1.638,31.00,30.4150,27.9,1.658,32.61,4.04,-58,9.75,
2026-09-21T15:09:24,2,1.685,34.80,30.4200,27.9,1.663,33.06,4.00,-58,9.75,
2026-09-21T15:09:25,2,1.682,34.55,30.4280,27.9,1.668,33.45,3.97,-57,10.50,
2026-09-21T15:09:26,2,1.642,31.32,30.4390,27.9,1.655,32.42,4.05,-57,10.00,
2026-09-21T15:09:27,2,1.686,34.87,30.4530,27.9,1.669,33.52,3.96,-58,10.00,
2026-09-21T15:09:28,2,1.646,31.71,30.4690,27.9,1.661,32.87,4.00,-58,9.50,
2026-09-21T15:09:29,2,1.643,31.45,30.4880,27.9,1.655,32.42,4.04,-59,9.50,
2026-09-21T15:09:30,2,1.685,34.80,30.5070,27.9,1.669,33.52,3.96,-59,9.75,
2026-09-21T15:09:32,2,1.642,31.39,30.5260,27.9,1.659,32.74,4.04,-58,9.75,
2026-09-21T15:09:33,2,1.688,35.06,30.5400,27.9,1.667,33.39,4.00,-58,9.50,
2026-09-21T15:09:34,2,1.684,34.74,30.5670,27.9,1.669,33.52,3.97,-58,10.00,
2026-09-21T15:09:35,2,1.638,31.07,30.5880,27.9,1.656,32.48,4.04,-58,9.75,
2026-09-21T15:09:36,2,1.690,35.19,30.6030,27.9,1.670,33.58,3.95,-58,9.50,
2026-09-21T15:09:37,2,1.648,31.84,30.6410,27.9,1.668,33.45,4.01,-59,9.75,
2026-09-21T15:09:38,2,1.645,31.58,30.6650,27.9,1.656,32.48,4.04,-58,9.75,
2026-09-21T15:09:39,2,1.686,34.87,30.6750,27.9,1.671,33.71,3.96,-58,10.25,
2026-09-21T15:09:40,2,1.648,31.84,30.6880,27.9,1.657,32.55,4.04,-58,10.00,
2026-09-21T15:09:41,2,1.692,35.38,30.7000,27.9,1.665,33.19,3.99,-58,9.25,
2026-09-21T15:09:42,2,1.687,35.00,30.7090,27.9,1.672,33.77,3.97,-58,10.25,
2026-09-21T15:09:44,2,1.644,31.52,30.7200,27.9,1.659,32.74,4.04,-59,9.75,
2026-09-21T15:09:45,2,1.689,35.13,30.7370,27.9,1.666,33.26,4.00,-59,9.25,
2026-09-21T15:09:46,2,1.656,32.48,30.7450,27.9,1.667,33.39,3.97,-59,10.00,
2026-09-21T15:09:47,2,1.646,31.65,30.7510,27.9,1.658,32.68,4.04,-60,10.25,
2026-09-21T15:09:48,2,1.686,34.87,30.7570,27.9,1.674,33.90,3.96,-59,9.75,
2026-09-21T15:09:49,2,1.651,32.10,30.7570,27.9,1.664,33.13,4.01,-59,9.50,
2026-09-21T15:09:50,2,1.644,31.52,30.7510,27.9,1.659,32.74,4.04,-60,9.75,
2026-09-21T15:09:51,2,1.686,34.87,30.7480,27.9,1.669,33.52,3.97,-59,9.75,
2026-09-21T15:09:52,2,1.647,31.77,30.7420,27.9,1.656,32.48,4.05,-60,9.50,
2026-09-21T15:09:53,2,1.687,35.00,30.7310,27.9,1.665,33.19,4.00,-59,9.50,
2026-09-21T15:09:54,2,1.686,34.87,30.7130,27.9,1.668,33.45,3.97,-60,10.25,
2026-09-21T15:10:00,2,1.684,34.74,30.6600,27.9,1.673,33.84,3.97,-56,9.00,
2026-09-21T15:10:01,2,1.642,31.39,30.6430,27.9,1.658,32.61,4.04,-54,6.25,
2026-09-21T15:10:02,2,1.686,34.87,30.6420,27.9,1.667,33.39,4.00,-54,6.50,
2026-09-21T15:10:03,2,1.684,34.74,30.6280,27.9,1.668,33.45,3.97,-58,9.75,
2026-09-21T15:10:04,2,1.642,31.32,30.6190,27.9,1.658,32.68,4.04,-59,9.75,
2026-09-21T15:10:05,2,1.690,35.19,30.6180,27.9,1.671,33.71,3.96,-59,10.00,
2026-09-21T15:10:07,2,1.650,32.03,30.6140,27.9,1.655,32.42,4.01,-60,9.50,
2026-09-21T15:10:08,2,1.643,31.45,30.6090,27.9,1.658,32.68,4.04,-60,9.75,
2026-09-21T15:10:09,2,1.684,34.74,30.6050,27.9,1.671,33.64,3.97,-59,9.75,
2026-09-21T15:10:10,2,1.638,31.07,30.6020,27.9,1.658,32.68,4.05,-59,9.25,
2026-09-21T15:10:11,2,1.690,35.19,30.5940,27.9,1.665,33.19,3.99,-58,9.25,
2026-09-21T15:10:12,2,1.682,34.55,30.5830,27.9,1.668,33.45,3.97,-59,9.75,
2026-09-21T15:10:13,2,1.642,31.32,30.5700,27.9,1.657,32.55,4.04,-59,9.75,
2026-09-21T15:10:14,2,1.688,35.06,30.5660,27.9,1.672,33.77,3.95,-59,9.75,
2026-09-21T15:10:15,2,1.647,31.77,30.5540,27.9,1.665,33.19,4.01,-60,10.00,
2026-09-21T15:10:16,2,1.645,31.58,30.5510,27.9,1.662,32.93,4.04,-59,9.75,
2026-09-21T15:10:17,2,1.688,35.06,30.5380,27.9,1.671,33.64,3.97,-56,9.75,
2026-09-21T15:10:19,2,1.642,31.39,30.5380,27.9,1.658,32.61,4.04,-56,9.75,
2026-09-21T15:10:20,2,1.642,31.39,30.5360,27.9,1.661,32.87,4.04,-57,10.00,
2026-09-21T15:10:21,2,1.683,34.68,30.5270,27.9,1.668,33.45,3.97,-56,10.25,
2026-09-21T15:10:22,2,1.643,31.45,30.5150,27.9,1.657,32.55,4.04,-56,9.75,
2026-09-21T15:10:23,2,1.687,34.93,30.5090,27.9,1.672,33.77,3.97,-56,10.50,
2026-09-21T15:10:24,2,1.683,34.68,30.4970,27.9,1.668,33.45,3.97,-56,9.75,
2026-09-21T15:10:25,2,1.641,31.26,30.4850,27.9,1.658,32.61,4.04,-57,9.75,
2026-09-21T15:10:26,2,1.684,34.74,30.4690,27.9,1.671,33.64,3.96,-57,9.75,
2026-09-21T15:10:27,2,1.646,31.71,30.4610,27.9,1.666,33.26,4.01,-56,10.50,
2026-09-21T15:10:28,2,1.641,31.26,30.4620,27.9,1.658,32.68,4.04,-57,10.50,
2026-09-21T15:10:29,2,1.680,34.42,30.4490,27.9,1.670,33.58,3.97,-56,9.75,
2026-09-21T15:10:31,2,1.642,31.39,30.4480,27.9,1.655,32.42,4.04,-57,10.50,
2026-09-21T15:10:32,2,1.683,34.68,30.4420,27.9,1.664,33.13,4.00,-57,9.75,
2026-09-21T15:10:34,2,1.639,31.13,30.4280,27.9,1.658,32.68,4.04,-60,10.25,
2026-09-21T15:10:36,2,1.647,31.77,30.4100,27.9,1.664,33.13,4.01,-62,10.25,
2026-09-21T15:10:37,2,1.642,31.32,30.4150,27.9,1.656,32.48,4.04,-63,10.00,
2026-09-21T15:10:38,2,1.683,34.61,30.3990,27.9,1.668,33.45,3.97,-65,10.00,
2026-09-21T15:10:47,2,1.681,34.48,30.3600,27.9,1.669,33.52,3.96,-61,9.75,
2026-09-21T15:10:48,2,1.638,31.07,30.3360,27.9,1.657,32.55,4.04,-60,10.00,
2026-09-21T15:10:49,2,1.690,35.19,30.3180,27.9,1.663,33.06,4.00,-62,9.50,
2026-09-21T15:10:50,2,1.680,34.42,30.3150,27.9,1.668,33.45,3.97,-61,10.00,
2026-09-21T15:10:51,2,1.641,31.26,30.3070,27.9,1.653,32.23,4.04,-64,9.75,
2026-09-21T15:10:52,2,1.687,34.93,30.3090,27.9,1.670,33.58,3.95,-64,9.25,
2026-09-21T15:10:53,2,1.644,31.52,30.3000,27.9,1.661,32.87,4.01,-61,10.00,
2026-09-21T15:10:55,2,1.639,31.13,30.2970,27.9,1.654,32.35,4.04,-61,10.25,
2026-09-21T15:10:56,2,1.680,34.42,30.2970,27.9,1.667,33.39,3.96,-60,10.25,
2026-09-21T15:10:57,2,1.648,31.84,30.2990,27.9,1.654,32.35,4.05,-61,10.00,
2026-09-21T15:10:58,2,1.638,31.07,30.2900,27.9,1.653,32.23,4.04,-63,10.00,
2026-09-21T15:10:59,2,1.693,35.45,30.2770,27.9,1.667,33.39,3.97,-65,9.75,
2026-09-21T15:11:00,2,1.638,31.00,30.2710,27.9,1.655,32.42,4.04,-64,9.50,
2026-09-21T15:11:01,2,1.689,35.13,30.2690,27.9,1.679,34.29,3.95,-63,10.25,
2026-09-21T15:11:02,2,1.679,34.29,30.2670,27.9,1.667,33.32,3.97,-64,10.00,
2026-09-21T15:11:03,2,1.637,30.94,30.2640,27.9,1.657,32.55,4.04,-64,9.75,
2026-09-21T15:11:04,2,1.682,34.55,30.2640,27.9,1.667,33.32,3.96,-64,9.75,
2026-09-21T15:11:06,2,1.640,31.19,30.2550,27.9,1.654,32.29,4.01,-64,9.75,
2026-09-21T15:11:07,2,1.639,31.13,30.2600,27.9,1.655,32.42,4.05,-64,9.25,
2026-09-21T15:11:08,2,1.682,34.55,30.2580,27.9,1.667,33.32,3.97,-64,10.25,
2026-09-21T15:11:09,2,1.638,31.07,30.2590,27.9,1.660,32.81,4.05,-65,9.25,
2026-09-21T15:11:10,2,1.683,34.68,30.2640,27.9,1.661,32.87,4.00,-66,9.50,
2026-09-21T15:11:11,2,1.683,34.61,30.2550,27.9,1.665,33.19,3.97,-65,10.00,
2026-09-21T15:11:12,2,1.638,31.00,30.2520,27.9,1.655,32.42,4.04,-65,12.25,
2026-09-21T15:11:13,2,1.683,34.61,30.2570,27.9,1.667,33.39,3.95,-65,9.75,
2026-09-21T15:11:14,2,1.642,31.39,30.2520,27.9,1.661,32.87,4.01,-65,10.00,
2026-09-21T15:11:15,2,1.641,31.26,30.2450,27.9,1.654,32.35,4.04,-66,9.50,
2026-09-21T15:11:16,2,1.683,34.68,30.2360,27.9,1.667,33.32,3.97,-67,10.25,
2026-09-21T15:11:18,2,1.638,31.07,30.2330,27.9,1.656,32.48,4.04,-66,10.00,
2026-09-21T15:11:19,2,1.686,34.87,30.2320,27.9,1.662,33.00,3.99,-67,9.50,
2026-09-21T15:11:20,2,1.679,34.35,30.2280,27.9,1.667,33.39,3.97,-66,10.00,
2026-09-21T15:11:21,2,1.638,31.00,30.2230,27.9,1.654,32.29,4.04,-64,9.75,
2026-09-21T15:11:22,2,1.687,34.93,30.2160,27.9,1.667,33.39,3.96,-63,10.00,
2026-09-21T15:11:23,2,1.642,31.39,30.2060,27.9,1.664,33.13,4.01,-66,10.00,
2026-09-21T15:11:31,2,1.684,34.74,30.1880,27.9,1.667,33.32,3.95,-63,10.00,
2026-09-21T15:11:32,2,1.678,34.22,30.1850,27.9,1.664,33.13,3.97,-66,10.25,
2026-09-21T15:11:33,2,1.635,30.81,30.1810,27.9,1.655,32.42,4.04,-63,9.50,
2026-09-21T15:11:34,2,1.682,34.55,30.1760,27.9,1.667,33.32,3.96,-59,9.50,
2026-09-21T15:11:35,2,1.638,31.00,30.1760,27.9,1.657,32.55,4.04,-65,10.00,
2026-09-21T15:11:36,2,1.638,31.07,30.1770,27.9,1.655,32.42,4.04,-65,10.00,
2026-09-21T15:11:37,2,1.675,33.97,30.1720,27.9,1.664,33.13,3.97,-67,10.25,
2026-09-21T15:11:38,2,1.639,31.13,30.1780,27.9,1.653,32.23,4.04,-64,9.50,
2026-09-21T15:11:39,2,1.690,35.19,30.1760,27.9,1.668,33.45,3.95,-67,10.25,
2026-09-21T15:11:40,2,1.677,34.16,30.1680,27.9,1.667,33.32,3.98,-65,9.25,
2026-09-21T15:11:42,2,1.636,30.87,30.1720,27.9,1.655,32.42,4.04,-65,9.75,
2026-09-21T15:11:43,2,1.683,34.61,30.1670,27.9,1.667,33.32,3.96,-65,9.50,
2026-09-21T15:11:44,2,1.637,30.94,30.1660,27.9,1.654,32.29,4.04,-62,10.00,
2026-09-21T15:11:45,2,1.636,30.87,30.1640,27.9,1.655,32.42,4.04,-62,10.00,
2026-09-21T15:11:46,2,1.679,34.29,30.1670,27.9,1.667,33.32,3.97,-63,10.25,
2026-09-21T15:11:47,2,1.638,31.00,30.1580,27.9,1.654,32.29,4.04,-63,9.75,
2026-09-21T15:11:48,2,1.687,35.00,30.1640,27.9,1.667,33.32,3.99,-63,9.00,
2026-09-21T15:11:49,2,1.680,34.42,30.1550,27.9,1.664,33.13,3.97,-64,9.75,
2026-09-21T15:11:50,2,1.638,31.07,30.1590,27.9,1.654,32.29,4.04,-63,10.00,
2026-09-21T15:11:51,2,1.687,35.00,30.1600,27.9,1.666,33.26,3.96,-65,10.00,
2026-09-21T15:11:53,2,1.651,32.10,30.1600,27.9,1.664,33.13,3.97,-66,10.50,
2026-09-21T15:11:54,2,1.638,31.00,30.1530,27.9,1.654,32.29,4.04,-65,10.00,
2026-09-21T15:11:55,2,1.679,34.29,30.1500,27.9,1.665,33.19,3.97,-63,10.25,
2026-09-21T15:11:56,2,1.637,30.94,30.1470,27.9,1.653,32.23,4.04,-60,10.00,
2026-09-21T15:11:57,2,1.635,30.81,30.1430,27.9,1.650,32.03,4.04,-60,10.00,
2026-09-21T15:11:58,2,1.678,34.22,30.1420,27.9,1.665,33.19,3.97,-60,10.00,
2026-09-21T15:11:59,2,1.635,30.81,30.1330,27.9,1.650,31.97,4.04,-59,9.75,
2026-09-21T15:12:00,2,1.687,34.93,30.1340,27.9,1.668,33.45,3.96,-59,9.50,
2026-09-21T15:12:01,2,1.676,34.10,30.1280,27.9,1.665,33.19,3.97,-62,10.00,
2026-09-21T15:12:02,2,1.637,30.94,30.1280,27.9,1.654,32.35,4.04,-64,9.75,
2026-09-21T15:12:03,2,1.683,34.68,30.1160,27.9,1.666,33.26,3.96,-61,9.50,
2026-09-21T15:12:05,2,1.637,30.94,30.1090,27.9,1.660,32.81,4.04,-60,10.00,
2026-09-21T15:12:06,2,1.636,30.87,30.1000,27.9,1.654,32.29,4.04,-66,10.00,
2026-09-21T15:12:07,2,1.679,34.29,30.1020,27.9,1.663,33.06,3.97,-66,10.00,
2026-09-21T15:12:14,2,1.638,31.00,30.0490,27.9,1.651,32.10,4.00,-50,3.75,
2026-09-21T15:12:15,2,1.677,34.16,30.0460,27.9,1.665,33.19,3.97,-60,10.00,
2026-09-21T15:12:17,2,1.634,30.74,30.0340,27.9,1.653,32.23,4.04,-61,10.50,
2026-09-21T15:12:18,2,1.692,35.32,30.0340,27.9,1.666,33.26,3.95,-61,10.00,
2026-09-21T15:12:19,2,1.675,33.97,30.0260,27.9,1.663,33.06,3.97,-62,10.25,
2026-09-21T15:12:20,2,1.633,30.68,30.0210,27.9,1.652,32.16,4.04,-61,10.00,
2026-09-21T15:12:21,2,1.682,34.55,30.0220,27.9,1.665,33.19,3.96,-64,9.75,
2026-09-21T15:12:22,2,1.637,30.94,30.0060,27.9,1.651,32.10,4.04,-61,9.75,
2026-09-21T15:12:23,2,1.636,30.87,30.0000,27.9,1.650,31.97,4.04,-60,9.75,
2026-09-21T15:12:24,2,1.677,34.16,30.0060,27.9,1.663,33.06,3.97,-61,10.25,
2026-09-21T15:12:25,2,1.635,30.81,30.0170,27.9,1.662,32.93,4.04,-60,10.25,
2026-09-21T15:12:26,2,1.643,31.45,30.0090,27.9,1.660,32.81,4.00,-63,9.75,
2026-09-21T15:12:27,2,1.672,33.77,30.0060,27.9,1.663,33.06,3.97,-60,10.00,
2026-09-21T15:12:29,2,1.636,30.87,30.0090,27.9,1.651,32.10,4.04,-62,10.25,
2026-09-21T15:12:30,2,1.684,34.74,30.0000,27.9,1.666,33.26,3.96,-66,9.75,
2026-09-21T15:12:31,2,1.676,34.10,29.9960,27.9,1.675,33.97,3.98,-67,9.75,
2026-09-21T15:12:32,2,1.635,30.81,29.9960,27.9,1.654,32.29,4.04,-69,10.00,
2026-09-21T15:12:33,2,1.679,34.29,29.9900,27.9,1.662,32.93,3.96,-63,9.50,
2026-09-21T15:12:34,2,1.633,30.61,29.9860,27.9,1.651,32.10,4.04,-64,9.75,
2026-09-21T15:12:35,2,1.637,30.94,29.9790,27.9,1.651,32.10,4.05,-63,12.00,
2026-09-21T15:12:36,2,1.678,34.22,29.9800,27.9,1.662,33.00,3.97,-64,12.00,
2026-09-21T15:12:37,2,1.636,30.87,29.9770,27.9,1.653,32.23,4.04,-68,10.25,
2026-09-21T15:12:38,2,1.686,34.87,29.9800,27.9,1.667,33.32,3.94,-65,9.75,
2026-09-21T15:12:40,2,1.678,34.22,29.9810,27.9,1.658,32.68,3.97,-65,10.25,
2026-09-21T15:12:41,2,1.633,30.68,29.9760,27.9,1.652,32.16,4.04,-64,9.75,
2026-09-21T15:12:42,2,1.679,34.35,29.9750,27.9,1.663,33.06,3.96,-64,9.50,
2026-09-21T15:12:43,2,1.635,30.81,29.9820,27.9,1.650,32.03,4.04,-63,10.00,
2026-09-21T15:12:44,2,1.636,30.87,29.9810,27.9,1.651,32.10,4.04,-63,10.25,
2026-09-21T15:12:45,2,1.678,34.22,29.9700,27.9,1.663,33.06,3.97,-63,10.50,
2026-09-21T15:12:46,2,1.636,30.87,29.9650,27.9,1.651,32.10,4.04,-65,10.00,
2026-09-21T15:12:47,2,1.690,35.19,29.9580,27.9,1.667,33.39,3.95,-60,9.25,
2026-09-21T15:12:48,2,1.673,33.84,29.9470,27.9,1.663,33.06,3.97,-61,11.25,
2026-09-21T15:12:49,2,1.637,30.94,29.9530,27.9,1.652,32.16,4.04,-61,9.75,
2026-09-21T15:12:50,2,1.682,34.55,29.9550,27.9,1.654,32.35,3.96,-61,9.75,
2026-09-21T15:12:56,2,1.642,31.39,29.9560,27.9,1.658,32.68,3.99,-52,-0.25,
2026-09-21T15:12:57,2,1.677,34.16,29.9560,27.9,1.658,32.68,3.97,-51,-1.50,
2026-09-21T15:12:58,2,1.632,30.55,29.9390,27.9,1.652,32.16,4.04,-52,0.00,
2026-09-21T15:12:59,2,1.682,34.55,29.9330,27.9,1.664,33.13,3.96,-64,9.75,
2026-09-21T15:13:00,2,1.670,33.58,29.9280,27.9,1.656,32.48,4.01,-62,10.25,
2026-09-21T15:13:01,2,1.633,30.61,29.9290,27.9,1.650,31.97,4.04,-63,9.75,
2026-09-21T15:13:02,2,1.678,34.22,29.9240,27.9,1.662,32.93,3.96,-62,9.75,
2026-09-21T15:13:04,2,1.632,30.55,29.9220,27.9,1.650,32.03,4.04,-63,10.25,
2026-09-21T15:13:05,2,1.637,30.94,29.9210,27.9,1.654,32.29,4.04,-64,10.00,
2026-09-21T15:13:06,2,1.676,34.10,29.9190,27.9,1.661,32.87,3.97,-62,10.00,
2026-09-21T15:13:07,2,1.633,30.68,29.9070,27.9,1.651,32.10,4.04,-62,10.00,
2026-09-21T15:13:08,2,1.683,34.61,29.9080,27.9,1.671,33.71,3.95,-63,9.75,
2026-09-21T15:13:09,2,1.674,33.90,29.9070,27.9,1.660,32.81,3.97,-63,10.00,
2026-09-21T15:13:10,2,1.635,30.81,29.9000,27.9,1.651,32.10,4.04,-66,9.50,
2026-09-21T15:13:11,2,1.675,34.03,29.8990,27.9,1.662,32.93,3.96,-64,9.25,
2026-09-21T15:13:12,2,1.634,30.74,29.8840,27.9,1.651,32.10,4.04,-65,10.00,
2026-09-21T15:13:13,2,1.634,30.74,29.8910,27.9,1.650,32.03,4.04,-66,9.75,
2026-09-21T15:13:14,2,1.675,33.97,29.8870,27.9,1.662,32.93,3.97,-65,10.00,
2026-09-21T15:13:16,2,1.636,30.87,29.8760,27.9,1.642,31.39,4.04,-65,9.75,
2026-09-21T15:13:17,2,1.690,35.19,29.8720,27.9,1.662,33.00,3.95,-65,9.25,
2026-09-21T15:13:18,2,1.671,33.64,29.8790,27.9,1.662,32.93,3.97,-65,10.00,
2026-09-21T15:13:20,2,1.681,34.48,29.8730,27.9,1.662,33.00,3.96,-66,10.00,
2026-09-21T15:13:21,2,1.640,31.19,29.8660,27.9,1.651,32.10,4.01,-66,10.00,
2026-09-21T15:13:22,2,1.634,30.74,29.8720,27.9,1.650,31.97,4.04,-67,10.00,
2026-09-21T15:13:23,2,1.678,34.22,29.8790,27.9,1.661,32.87,3.96,-65,10.25,
2026-09-21T15:13:24,2,1.633,30.68,29.8750,27.9,1.650,32.03,4.04,-66,9.50,
2026-09-21T15:13:25,2,1.642,31.39,29.8720,27.9,1.657,32.55,4.00,-64,9.50,
2026-09-21T15:13:27,2,1.675,33.97,29.8800,27.9,1.660,32.81,3.97,-65,10.00,
2026-09-21T15:13:28,2,1.634,30.74,29.8740,27.9,1.651,32.10,4.04,-65,9.75,
2026-09-21T15:13:29,2,1.682,34.55,29.8810,27.9,1.662,33.00,3.94,-63,10.00,
2026-09-21T15:13:30,2,1.668,33.45,29.8800,27.9,1.655,32.42,4.00,-64,9.75,
2026-09-21T15:13:31,2,1.633,30.61,29.8810,27.9,1.650,32.03,4.04,-64,9.75,
2026-09-21T15:13:32,2,1.676,34.10,29.8800,27.9,1.662,32.93,3.97,-64,10.00,
2026-09-21T15:13:33,2,1.633,30.68,29.8790,27.9,1.654,32.35,4.04,-64,9.75,
2026-09-21T15:13:34,2,1.642,31.39,29.8780,27.9,1.658,32.68,3.99,-64,9.25,
2026-09-21T15:13:43,2,1.633,30.68,29.8640,27.9,1.650,31.97,4.04,-66,9.75,
2026-09-21T15:13:44,2,1.675,34.03,29.8590,27.9,1.652,32.16,3.97,-65,9.75,
2026-09-21T15:13:45,2,1.634,30.74,29.8530,27.9,1.651,32.10,4.04,-65,10.00,
2026-09-21T15:13:46,2,1.689,35.13,29.8480,27.9,1.662,33.00,3.95,-65,9.75,
2026-09-21T15:13:47,2,1.674,33.90,29.8580,27.9,1.658,32.61,3.97,-66,10.25,
2026-09-21T15:13:48,2,1.632,30.55,29.8480,27.9,1.650,31.97,4.04,-64,10.25,
2026-09-21T15:13:49,2,1.683,34.68,29.8550,27.9,1.661,32.87,3.96,-62,10.00,
2026-09-21T15:13:51,2,1.667,33.39,29.8580,27.9,1.654,32.35,4.01,-63,10.00,
2026-09-21T15:13:52,2,1.632,30.55,29.8620,27.9,1.650,32.03,4.04,-63,10.25,
2026-09-21T15:13:53,2,1.677,34.16,29.8570,27.9,1.662,32.93,3.97,-63,9.75,
2026-09-21T15:13:54,2,1.635,30.81,29.8570,27.9,1.647,31.77,4.04,-64,9.75,
2026-09-21T15:13:55,2,1.642,31.32,29.8490,27.9,1.657,32.55,4.00,-65,9.00,
2026-09-21T15:13:56,2,1.675,34.03,29.8460,27.9,1.658,32.68,3.97,-63,10.25,
2026-09-21T15:13:57,2,1.632,30.55,29.8470,27.9,1.650,32.03,4.04,-62,10.00,
2026-09-21T15:13:58,2,1.685,34.80,29.8490,27.9,1.662,32.93,3.96,-60,9.75,
2026-09-21T15:13:59,2,1.663,33.06,29.8450,27.9,1.654,32.29,4.01,-60,10.00,
2026-09-21T15:14:00,2,1.633,30.68,29.8450,27.9,1.650,31.97,4.04,-60,10.00,
2026-09-21T15:14:01,2,1.675,34.03,29.8530,27.9,1.662,32.93,3.97,-60,9.75,
2026-09-21T15:14:03,2,1.631,30.48,29.8470,27.9,1.649,31.90,4.04,-60,10.00,
2026-09-21T15:14:04,2,1.640,31.19,29.8420,27.9,1.656,32.48,4.00,-60,9.50,
2026-09-21T15:14:05,2,1.672,33.77,29.8460,27.9,1.659,32.74,3.97,-60,10.25,
2026-09-21T15:14:06,2,1.633,30.68,29.8540,27.9,1.650,32.03,4.04,-60,10.00,
2026-09-21T15:14:07,2,1.686,34.87,29.8480,27.9,1.662,33.00,3.96,-59,9.75,
2026-09-21T15:14:08,2,1.671,33.64,29.8390,27.9,1.654,32.35,4.01,-60,10.00,
2026-09-21T15:14:09,2,1.644,31.52,29.8300,27.9,1.650,32.03,4.04,-60,10.00,
2026-09-21T15:14:10,2,1.675,33.97,29.8190,27.9,1.660,32.81,3.96,-59,9.75,
2026-09-21T15:14:11,2,1.631,30.48,29.8140,27.9,1.649,31.90,4.04,-60,10.00,
2026-09-21T15:14:12,2,1.642,31.32,29.8110,27.9,1.658,32.68,3.99,-59,9.50,
2026-09-21T15:14:13,2,1.677,34.16,29.8080,27.9,1.659,32.74,3.97,-59,10.25,
2026-09-21T15:14:15,2,1.632,30.55,29.8120,27.9,1.650,31.97,4.04,-60,10.00,
2026-09-21T15:14:16,2,1.675,33.97,29.8120,27.9,1.663,33.06,3.98,-60,10.00,
2026-09-21T15:14:17,2,1.671,33.64,29.8160,27.9,1.656,32.48,4.00,-60,10.25,
2026-09-21T15:14:18,2,1.634,30.74,29.8130,27.9,1.650,32.03,4.04,-60,10.00,
2026-09-21T15:14:19,2,1.679,34.29,29.8090,27.9,1.662,32.93,3.96,-59,9.50,
2026-09-21T15:14:24,2,1.639,31.13,29.7970,27.9,1.665,33.19,4.00,-52,0.75,
2026-09-21T15:14:26,2,1.675,33.97,29.7890,27.9,1.661,32.80,3.97,-51,-1.75,
2026-09-21T15:14:27,2,1.633,30.68,29.7920,27.9,1.649,31.90,4.03,-54,8.25,
2026-09-21T15:14:28,2,1.688,35.06,29.7880,27.9,1.662,32.93,3.96,-59,9.75,
2026-09-21T15:14:29,2,1.668,33.45,29.7850,27.9,1.653,32.23,4.01,-59,9.75,
2026-09-21T15:14:30,2,1.633,30.68,29.7880,27.9,1.647,31.77,4.04,-60,10.00,
2026-09-21T15:14:31,2,1.676,34.10,29.7880,27.9,1.660,32.81,3.97,-59,10.00,
2026-09-21T15:14:32,2,1.632,30.55,29.7800,27.9,1.650,31.97,4.04,-59,9.50,
2026-09-21T15:14:33,2,1.639,31.13,29.7750,27.9,1.656,32.48,4.00,-59,9.50,
2026-09-21T15:14:34,2,1.675,33.97,29.7690,27.9,1.660,32.81,3.97,-59,10.50,
2026-09-21T15:14:35,2,1.623,29.84,29.7600,27.9,1.648,31.84,4.04,-60,10.00,
2026-09-21T15:14:36,2,1.685,34.80,29.7630,27.9,1.662,32.93,3.95,-61,9.50,
2026-09-21T15:14:38,2,1.668,33.45,29.7520,27.9,1.653,32.23,4.01,-61,10.00,
2026-09-21T15:14:39,2,1.632,30.55,29.7450,27.9,1.648,31.84,4.04,-71,9.50,
2026-09-21T15:14:40,2,1.678,34.22,29.7360,27.9,1.662,32.93,3.96,-70,9.25,
2026-09-21T15:14:41,2,1.633,30.61,29.7370,27.9,1.649,31.90,4.04,-69,9.75,
2026-09-21T15:14:42,2,1.638,31.00,29.7370,27.9,1.657,32.55,3.99,-69,9.25,
2026-09-21T15:14:43,2,1.675,33.97,29.7360,27.9,1.662,32.93,3.96,-64,9.75,
2026-09-21T15:14:44,2,1.633,30.61,29.7170,27.9,1.651,32.10,4.03,-65,9.75,
2026-09-21T15:14:45,2,1.638,31.07,29.7210,27.9,1.654,32.29,4.00,-65,9.25,
2026-09-21T15:14:46,2,1.670,33.58,29.7210,27.9,1.655,32.42,4.00,-64,9.25,
2026-09-21T15:14:47,2,1.631,30.48,29.7170,27.9,1.650,31.97,4.04,-65,9.50,
2026-09-21T15:14:48,2,1.679,34.35,29.7090,27.9,1.662,33.00,3.96,-64,9.00,
2026-09-21T15:14:50,2,1.668,33.45,29.7100,27.9,1.666,33.26,4.01,-66,9.75,
2026-09-21T15:14:51,2,1.637,30.94,29.7040,27.9,1.654,32.29,4.03,-65,9.25,
2026-09-21T15:14:52,2,1.676,34.10,29.6990,27.9,1.658,32.68,3.96,-64,9.75,
2026-09-21T15:14:53,2,1.634,30.74,29.7000,27.9,1.650,32.03,4.04,-65,9.75,
2026-09-21T15:14:54,2,1.638,31.07,29.7090,27.9,1.654,32.35,4.00,-65,9.50,
2026-09-21T15:14:55,2,1.673,33.84,29.7160,27.9,1.657,32.55,3.97,-65,10.00,
2026-09-21T15:14:56,2,1.635,30.81,29.7150,27.9,1.647,31.77,4.04,-65,9.75,
2026-09-21T15:14:57,2,1.682,34.55,29.7130,27.9,1.660,32.81,3.95,-64,9.25,
2026-09-21T15:14:58,2,1.667,33.32,29.7110,27.9,1.656,32.48,4.01,-65,9.50,
2026-09-21T15:14:59,2,1.631,30.48,29.7050,27.9,1.649,31.90,4.04,-65,9.75,
2026-09-21T15:15:00,2,1.676,34.10,29.7000,27.9,1.658,32.68,3.96,-65,9.50,
2026-09-21T15:15:02,2,1.632,30.55,29.6950,27.9,1.649,31.90,4.04,-65,10.25,
2026-09-21T15:15:03,2,1.641,31.26,29.6890,27.9,1.658,32.61,3.99,-73,9.25,
2026-09-21T15:15:08,2,1.632,30.55,29.6780,27.9,1.646,31.71,4.04,-54,0.50,
2026-09-21T15:15:09,2,1.677,34.16,29.6710,27.9,1.662,33.00,3.96,-60,0.00,
2026-09-21T15:15:10,2,1.631,30.48,29.6720,27.9,1.650,31.97,0.00,-59,3.25,
2026-09-21T15:15:11,2,1.639,31.13,29.6730,27.9,1.656,32.48,3.99,-68,9.50,
2026-09-21T15:15:13,2,1.672,33.77,29.6700,27.9,1.659,32.74,3.96,-65,9.75,
2026-09-21T15:15:14,2,1.633,30.61,29.6630,27.9,1.650,31.97,4.04,-67,9.75,
2026-09-21T15:15:15,2,1.638,31.07,29.6530,27.9,1.654,32.35,4.00,-67,9.50,
2026-09-21T15:15:16,2,1.665,33.19,29.6470,27.9,1.654,32.35,4.00,-66,9.75,
2026-09-21T15:15:17,2,1.632,30.55,29.6410,27.9,1.648,31.84,4.04,-67,10.00,
2026-09-21T15:15:18,2,1.679,34.29,29.6430,27.9,1.661,32.87,3.96,-70,9.75,
2026-09-21T15:15:19,2,1.662,33.00,29.6510,27.9,1.652,32.16,4.00,-62,10.50,
2026-09-21T15:15:20,2,1.634,30.74,29.6510,27.9,1.657,32.55,4.04,-61,9.75,
2026-09-21T15:15:21,2,1.675,34.03,29.6490,27.9,1.662,32.93,3.96,-59,9.75,
2026-09-21T15:15:22,2,1.633,30.68,29.6520,27.9,1.649,31.90,4.04,-60,9.75,
2026-09-21T15:15:23,2,1.637,30.94,29.6560,27.9,1.656,32.48,4.00,-60,9.50,
2026-09-21T15:15:25,2,1.672,33.77,29.6500,27.9,1.660,32.81,3.97,-60,10.25,
2026-09-21T15:15:26,2,1.631,30.48,29.6480,27.9,1.649,31.90,4.04,-59,9.50,
2026-09-21T15:15:27,2,1.681,34.48,29.6470,27.9,1.661,32.87,3.95,-60,9.75,
2026-09-21T15:15:28,2,1.668,33.45,29.6420,27.9,1.651,32.10,4.00,-60,9.50,
2026-09-21T15:15:29,2,1.631,30.48,29.6430,27.9,1.646,31.71,4.04,-58,10.25,
2026-09-21T15:15:30,2,1.675,34.03,29.6470,27.9,1.661,32.87,3.96,-60,9.75,
2026-09-21T15:15:32,2,1.636,30.87,29.6370,27.9,1.654,32.29,3.99,-58,9.25,
2026-09-21T15:15:33,2,1.682,34.55,29.6330,27.9,1.658,32.61,3.97,-60,10.50,
2026-09-21T15:15:34,2,1.630,30.42,29.6380,27.9,1.648,31.84,4.04,-60,10.25,
2026-09-21T15:15:35,2,1.686,34.87,29.6410,27.9,1.663,33.06,3.96,-61,9.50,
2026-09-21T15:15:37,2,1.666,33.26,29.6440,27.9,1.656,32.48,4.00,-59,9.75,
2026-09-21T15:15:38,2,1.629,30.36,29.6460,27.9,1.647,31.77,4.04,-60,9.75,
2026-09-21T15:15:39,2,1.675,34.03,29.6360,27.9,1.660,32.81,3.96,-62,10.00,
2026-09-21T15:15:40,2,1.630,30.42,29.6360,27.9,1.648,31.84,4.04,-60,10.50,
2026-09-21T15:15:41,2,1.638,31.00,29.6360,27.9,1.655,32.42,3.99,-59,9.50,
2026-09-21T15:15:42,2,1.673,33.84,29.6430,27.9,1.658,32.61,3.96,-59,9.50,
2026-09-21T15:15:43,2,1.632,30.55,29.6400,27.9,1.647,31.77,4.04,-59,9.75,
2026-09-21T15:15:44,2,1.638,31.00,29.6350,27.9,1.654,32.35,4.00,-60,9.75,
2026-09-21T15:15:45,2,1.666,33.26,29.6350,27.9,1.653,32.23,4.00,-59,9.75,
2026-09-21T15:15:46,2,1.634,30.74,29.6320,27.9,1.647,31.77,4.03,-59,9.75,
2026-09-21T15:15:53,2,1.638,31.00,29.6110,27.9,1.656,32.48,4.00,-49,-0.50,
2026-09-21T15:15:54,2,1.671,33.64,29.6070,27.9,1.658,32.00,3.96,-48,0.00,
2026-09-21T15:15:55,2,1.629,30.36,29.5930,27.9,1.649,31.90,4.04,-57,9.75,
2026-09-21T15:15:56,2,1.679,34.35,29.5860,27.9,1.661,32.87,3.96,-57,10.00,
2026-09-21T15:15:57,2,1.667,33.32,29.5770,27.9,1.654,32.29,4.00,-58,10.00,
2026-09-21T15:15:58,2,1.630,30.42,29.5840,27.9,1.647,31.77,4.04,-58,10.00,
2026-09-21T15:16:00,2,1.675,34.03,29.5780,27.9,1.658,32.61,3.96,-57,9.75,
2026-09-21T15:16:01,2,1.629,30.36,29.5720,27.9,1.650,31.97,4.04,-58,10.25,
2026-09-21T15:16:02,2,1.637,30.94,29.5740,27.9,1.654,32.29,4.00,-59,9.50,
2026-09-21T15:16:03,2,1.674,33.90,29.5770,27.9,1.658,32.61,3.96,-58,9.75,
2026-09-21T15:16:04,2,1.631,30.48,29.5700,27.9,1.646,31.71,4.04,-58,10.00,
2026-09-21T15:16:05,2,1.682,34.55,29.5720,27.9,1.659,32.74,3.95,-57,10.00,
2026-09-21T15:16:06,2,1.664,33.13,29.5700,27.9,1.653,32.23,4.01,-57,10.00,
2026-09-21T15:16:07,2,1.632,30.55,29.5660,27.9,1.646,31.71,4.04,-61,10.00,
2026-09-21T15:16:08,2,1.675,34.03,29.5710,27.9,1.658,32.61,3.96,-61,9.75,
2026-09-21T15:16:09,2,1.629,30.36,29.5710,27.9,1.648,31.84,4.04,-59,10.00,
2026-09-21T15:16:10,2,1.638,31.00,29.5680,27.9,1.654,32.29,4.00,-61,9.50,
2026-09-21T15:16:12,2,1.672,33.77,29.5790,27.9,1.655,32.42,3.97,-60,10.25,
2026-09-21T15:16:13,2,1.631,30.48,29.5760,27.9,1.646,31.71,4.04,-63,10.25,
2026-09-21T15:16:14,2,1.635,30.81,29.5770,27.9,1.660,32.81,4.00,-59,9.50,
2026-09-21T15:16:15,2,1.665,33.19,29.5820,27.9,1.654,32.29,4.01,-59,9.75,
2026-09-21T15:16:16,2,1.632,30.55,29.5840,27.9,1.647,31.77,4.04,-59,10.25,
2026-09-21T15:16:17,2,1.676,34.10,29.5890,27.9,1.658,32.68,3.97,-58,10.25,
2026-09-21T15:16:18,2,1.663,33.06,29.5930,27.9,1.650,32.03,4.00,-63,9.50,
2026-09-21T15:16:19,2,1.637,30.94,29.5910,27.9,1.654,32.35,3.99,-60,9.25,
2026-09-21T15:16:20,2,1.671,33.64,29.5910,27.9,1.657,32.55,3.97,-59,10.25,
2026-09-21T15:16:21,2,1.630,30.42,29.5890,27.9,1.648,31.84,4.04,-59,10.00,
2026-09-21T15:16:22,2,1.636,30.87,29.5820,27.9,1.655,32.42,4.00,-60,9.50,
2026-09-21T15:16:24,2,1.665,33.19,29.5800,27.9,1.654,32.29,4.00,-60,9.50,
2026-09-21T15:16:25,2,1.630,30.42,29.5820,27.9,1.648,31.84,4.04,-60,10.50,
2026-09-21T15:16:26,2,1.679,34.29,29.5740,27.9,1.659,32.74,3.96,-59,9.75,
2026-09-21T15:16:27,2,1.665,33.19,29.5670,27.9,1.654,32.29,4.00,-60,9.50,
2026-09-21T15:16:28,2,1.637,30.94,29.5610,27.9,1.655,32.42,4.02,-59,9.50,
2026-09-21T15:16:29,2,1.675,33.97,29.5550,27.9,1.657,32.55,3.96,-59,9.75,
2026-09-21T15:16:30,2,1.629,30.36,29.5490,27.9,1.646,31.71,4.04,-59,10.00,
2026-09-21T15:16:39,2,1.632,30.55,29.5430,27.9,1.648,31.84,4.04,-61,10.00,
2026-09-21T15:16:40,2,1.636,30.87,29.5370,27.9,1.652,32.16,4.00,-60,9.50,
2026-09-21T15:16:41,2,1.672,33.77,29.5310,27.9,1.657,32.55,3.96,-65,9.50,
2026-09-21T15:16:42,2,1.631,30.48,29.5220,27.9,1.646,31.65,4.04,-62,10.00,
2026-09-21T15:16:43,2,1.637,30.94,29.5280,27.9,1.651,32.10,4.00,-66,9.50,
2026-09-21T15:16:44,2,1.664,33.13,29.5270,27.9,1.654,32.35,4.00,-67,9.50,
2026-09-21T15:16:45,2,1.629,30.29,29.5330,27.9,1.646,31.65,4.04,-62,10.00,
2026-09-21T15:16:46,2,1.674,33.90,29.5410,27.9,1.661,32.87,3.96,-63,10.00,
2026-09-21T15:16:48,2,1.664,33.13,29.5390,27.9,1.653,32.23,4.01,-65,10.00,
2026-09-21T15:16:49,2,1.633,30.68,29.5390,27.9,1.655,32.42,3.99,-63,10.00,
2026-09-21T15:16:50,2,1.672,33.77,29.5360,27.9,1.658,32.68,3.96,-60,9.75,
2026-09-21T15:16:51,2,1.629,30.29,29.5410,27.9,1.646,31.65,4.04,-61,9.50,
2026-09-21T15:16:52,2,1.625,29.97,29.5380,27.9,1.653,32.23,4.00,-63,9.75,
2026-09-21T15:16:53,2,1.664,33.13,29.5390,27.9,1.650,32.03,4.00,-63,9.50,
2026-09-21T15:16:54,2,1.628,30.23,29.5370,27.9,1.648,31.84,4.04,-67,9.75,
2026-09-21T15:16:55,2,1.679,34.35,29.5330,27.9,1.660,32.81,3.96,-68,10.00,
2026-09-21T15:16:56,2,1.665,33.19,29.5260,27.9,1.653,32.23,4.01,-60,10.00,
2026-09-21T15:16:57,2,1.637,30.94,29.5240,27.9,1.654,32.35,3.99,-58,9.50,
2026-09-21T15:16:59,2,1.672,33.77,29.5170,27.9,1.657,32.55,3.96,-65,9.50,
2026-09-21T15:17:00,2,1.628,30.23,29.5270,27.9,1.645,31.58,4.04,-60,9.75,
2026-09-21T15:17:01,2,1.636,30.87,29.5350,27.9,1.651,32.10,4.00,-60,9.50,
2026-09-21T15:17:02,2,1.667,33.32,29.5330,27.9,1.653,32.23,4.01,-59,10.00,
2026-09-21T15:17:03,2,1.628,30.23,29.5390,27.9,1.646,31.71,4.04,-60,10.00,
2026-09-21T15:17:04,2,1.686,34.87,29.5320,27.9,1.671,33.71,3.94,-59,10.00,
2026-09-21T15:17:05,2,1.665,33.19,29.5350,27.9,1.650,32.03,4.00,-59,9.25,
2026-09-21T15:17:06,2,1.634,30.74,29.5250,27.9,1.654,32.35,4.01,-60,9.50,
2026-09-21T15:17:07,2,1.676,34.10,29.5300,27.9,1.660,32.81,3.96,-58,9.75,
2026-09-21T15:17:08,2,1.629,30.36,29.5310,27.9,1.646,31.65,4.04,-57,10.00,
2026-09-21T15:17:09,2,1.636,30.87,29.5200,27.9,1.654,32.29,4.00,-58,9.75,
2026-09-21T15:17:11,2,1.671,33.64,29.5160,27.9,1.657,32.55,3.97,-62,10.50,
2026-09-21T15:17:12,2,1.629,30.36,29.5170,27.9,1.648,31.84,4.03,-59,9.75,
2026-09-21T15:17:13,2,1.635,30.81,29.5130,27.9,1.650,32.03,4.00,-59,9.50,
2026-09-21T15:17:14,2,1.664,33.13,29.5040,27.9,1.650,32.03,4.01,-59,9.50,
2026-09-21T15:17:15,2,1.631,30.48,29.5000,27.9,1.646,31.71,4.04,-58,10.00,
2026-09-21T15:17:23,2,1.666,33.26,29.4660,27.9,1.650,32.03,4.00,-54,7.50,
2026-09-21T15:17:24,2,1.628,30.23,29.4680,27.9,1.647,31.77,4.04,-60,10.00,
2026-09-21T15:17:25,2,1.679,34.35,29.4550,27.9,1.660,32.81,3.96,-62,9.75,
2026-09-21T15:17:26,2,1.664,33.13,29.4540,27.9,1.650,32.03,4.00,-64,9.50,
2026-09-21T15:17:28,2,1.675,34.03,29.4520,27.9,1.658,32.61,3.97,-66,9.75,
2026-09-21T15:17:29,2,1.630,30.42,29.4570,27.9,1.646,31.71,4.04,-62,10.25,
2026-09-21T15:17:30,2,1.629,30.36,29.4600,27.9,1.654,32.35,4.00,-63,9.50,
2026-09-21T15:17:31,2,1.665,33.19,29.4530,27.9,1.650,31.97,4.00,-63,9.50,
2026-09-21T15:17:32,2,1.629,30.29,29.4520,27.9,1.645,31.58,4.04,-60,10.25,
2026-09-21T15:17:33,2,1.681,34.48,29.4510,27.9,1.658,32.68,3.95,-69,9.50,
2026-09-21T15:17:35,2,1.664,33.13,29.4470,27.9,1.651,32.10,4.01,-60,10.00,
2026-09-21T15:17:36,2,1.635,30.81,29.4470,27.9,1.655,32.42,3.99,-61,9.25,
2026-09-21T15:17:37,2,1.675,34.03,29.4540,27.9,1.659,32.74,3.96,-65,10.00,
2026-09-21T15:17:38,2,1.640,31.19,29.4510,27.9,1.648,31.84,4.00,-60,9.50,
2026-09-21T15:17:39,2,1.637,30.94,29.4600,27.9,1.651,32.10,4.00,-61,9.75,
2026-09-21T15:17:40,2,1.668,33.45,29.4590,27.9,1.654,32.35,4.00,-60,9.50,
2026-09-21T15:17:41,2,1.626,30.10,29.4680,27.9,1.647,31.77,4.04,-59,9.50,
2026-09-21T15:17:42,2,1.635,30.81,29.4690,27.9,1.651,32.10,4.00,-59,9.50,
2026-09-21T15:17:43,2,1.659,32.74,29.4690,27.9,1.650,31.97,4.00,-64,9.25,
2026-09-21T15:17:44,2,1.636,30.87,29.4760,27.9,1.655,32.42,3.99,-70,9.00,
