chetimestamp,board_id,inircd100_voltage,inircd100_pctvol,inircd100_digital_pctvol,inircd100_temp_c,inirme100_voltage,inirme100_pctvol,battery_voltage,rssi,snr,sample
2026-09-02T16:20:20,2,0.376,-69.89,0.0000,0.0,0.522,-58.22,4.16,-97,9.25,
2026-09-02T16:20:23,2,0.369,-70.47,0.0000,0.0,0.521,-58.35,4.16,-99,9.50,
2026-09-02T16:20:26,2,0.372,-70.22,0.0000,0.0,0.517,-58.68,4.16,-99,9.25,
2026-09-02T16:20:28,2,0.367,-70.60,0.0000,0.0,0.513,-59.00,4.17,-100,10.50,
2026-09-02T16:20:31,2,0.372,-70.28,0.0000,0.0,0.452,-63.83,4.16,-99,9.50,
2026-09-02T16:20:34,2,0.372,-70.22,0.0000,0.0,0.505,-59.58,4.16,-99,9.50,
2026-09-02T16:20:36,2,0.304,-75.70,0.0000,0.0,0.441,-64.74,4.16,-99,9.25,
2026-09-02T16:20:39,2,0.377,-69.83,0.0000,0.0,0.508,-59.32,4.16,-104,9.25,
2026-09-02T16:20:42,2,0.306,-75.50,0.0000,0.0,0.499,-60.09,4.16,-105,9.25,
2026-09-02T16:20:44,2,0.372,-70.28,0.0000,0.0,0.504,-59.71,4.16,-97,9.50,
2026-09-02T16:20:47,2,0.475,-62.03,0.0000,0.0,0.396,-68.28,4.16,-99,9.50,
2026-09-02T16:20:49,2,0.506,-59.51,0.0000,20.9,0.508,-59.32,4.16,-98,8.75,
2026-09-02T16:20:50,2,0.507,-59.45,0.0000,20.9,0.508,-59.38,4.15,-98,8.75,
2026-09-02T16:20:51,2,0.525,-57.97,0.0000,20.9,0.513,-59.00,4.13,-98,8.75,
2026-09-02T16:20:52,2,0.505,-59.58,0.0000,20.9,0.508,-59.38,4.16,-98,9.00,
2026-09-02T16:20:53,2,0.532,-57.45,0.0000,20.9,0.509,-59.26,4.12,-98,9.25,
2026-09-02T16:20:54,2,0.525,-58.03,0.0000,20.9,0.512,-59.06,4.13,-99,9.00,
2026-09-02T16:20:55,2,0.506,-59.51,0.0000,20.9,0.509,-59.26,4.16,-98,8.50,
2026-09-02T16:20:56,2,0.527,-57.84,0.0000,20.9,0.512,-59.06,4.13,-95,7.50,
2026-09-02T16:20:58,2,0.508,-59.38,0.0000,20.9,0.508,-59.32,4.16,-98,8.75,
2026-09-02T16:20:59,2,0.507,-59.45,0.0000,20.9,0.510,-59.19,4.16,-98,8.75,
2026-09-02T16:21:00,2,0.525,-57.97,0.0000,20.9,0.509,-59.26,4.13,-98,8.75,
2026-09-02T16:21:01,2,0.508,-59.32,0.0000,20.9,0.508,-59.38,4.16,-98,8.75,
2026-09-02T16:21:02,2,0.529,-57.71,0.0000,20.9,0.511,-59.13,4.14,-94,1.75,
2026-09-02T16:21:03,2,0.525,-57.97,0.0000,20.9,0.510,-59.19,4.13,-98,8.75,
2026-09-02T16:21:04,2,0.507,-59.45,0.0000,20.9,0.506,-59.51,4.16,-98,9.00,
2026-09-02T16:21:05,2,0.528,-57.77,0.0000,20.9,0.510,-59.19,4.13,-98,8.75,
2026-09-02T16:21:06,2,0.508,-59.38,0.0000,20.9,0.509,-59.26,4.14,-98,11.00,
2026-09-02T16:21:08,2,0.521,-58.35,0.0000,20.9,0.511,-59.13,4.13,-98,8.75,
2026-09-02T16:21:10,2,0.504,-59.64,0.0000,20.9,0.507,-59.45,4.16,-98,9.00,
2026-09-02T16:21:11,2,0.530,-57.58,0.0000,20.9,0.508,-59.32,4.14,-98,9.25,
2026-09-02T16:21:12,2,0.524,-58.10,0.0000,20.9,0.510,-59.19,4.13,-98,8.75,
2026-09-02T16:21:13,2,0.507,-59.45,0.0000,20.9,0.508,-59.38,4.16,-100,9.00,
2026-09-02T16:21:14,2,0.529,-57.64,0.0000,20.9,0.510,-59.19,4.13,-100,8.75,
2026-09-02T16:21:15,2,0.508,-59.38,0.0000,20.9,0.512,-59.06,4.14,-99,9.50,
2026-09-02T16:21:16,2,0.507,-59.45,0.0000,20.9,0.508,-59.38,4.16,-99,9.00,
2026-09-02T16:21:17,2,0.526,-57.90,0.0000,20.9,0.509,-59.26,4.13,-99,9.00,
2026-09-02T16:21:18,2,0.506,-59.51,0.0000,20.9,0.510,-59.19,4.16,-99,8.75,
2026-09-02T16:21:19,2,0.507,-59.45,0.0000,20.9,0.507,-59.45,4.16,-100,8.75,
2026-09-02T16:21:21,2,0.525,-57.97,0.0000,20.9,0.512,-59.06,4.13,-100,9.00,
2026-09-02T16:21:22,2,0.508,-59.32,0.0000,20.9,0.508,-59.32,4.16,-99,9.25,
2026-09-02T16:21:23,2,0.526,-57.90,0.0000,20.9,0.508,-59.38,4.15,-100,9.00,
2026-09-02T16:21:24,2,0.524,-58.10,0.0000,20.9,0.508,-59.38,4.13,-99,8.50,
2026-09-02T16:21:25,2,0.508,-59.32,0.0000,20.9,0.509,-59.26,4.16,-99,9.00,
2026-09-02T16:21:26,2,0.527,-57.84,0.0000,20.9,0.508,-59.38,4.13,-99,8.75,
2026-09-02T16:21:27,2,0.507,-59.45,0.0000,20.9,0.510,-59.19,4.15,-98,9.00,
2026-09-02T16:21:28,2,0.505,-59.58,0.0000,20.9,0.508,-59.38,4.16,-98,8.50,
2026-09-02T16:21:29,2,0.524,-58.10,0.0000,20.9,0.513,-59.00,4.13,-99,9.00,
2026-09-02T16:21:30,2,0.508,-59.32,0.0000,20.9,0.507,-59.45,4.16,-100,9.00,
2026-09-02T16:21:31,2,0.528,-57.77,0.0000,20.9,0.508,-59.32,4.14,-97,9.50,
2026-09-02T16:21:33,2,0.524,-58.10,0.0000,20.9,0.510,-59.19,4.13,-97,9.00,
2026-09-02T16:21:34,2,0.504,-59.64,0.0000,20.9,0.508,-59.38,4.16,-96,9.25,
2026-09-02T16:21:35,2,1.281,2.44,0.0000,20.9,1.264,1.15,4.12,-96,9.25,
2026-09-02T16:21:36,2,1.258,0.64,0.0000,20.9,1.266,1.28,4.14,-96,9.50,
2026-09-02T16:21:37,2,1.257,0.57,0.0000,20.9,1.268,1.47,4.16,-97,9.50,
2026-09-02T16:21:38,2,1.280,2.38,0.0080,20.9,1.268,1.47,4.12,-96,9.25,
2026-09-02T16:21:39,2,1.260,0.76,0.0080,20.9,1.264,1.09,4.15,-97,9.50,
2026-09-02T16:21:40,2,1.256,0.51,0.0080,20.9,1.266,1.28,4.16,-97,9.25,
2026-09-02T16:21:41,2,1.278,2.25,0.0080,20.9,1.268,1.41,4.13,-96,9.50,
2026-09-02T16:21:42,2,1.260,0.83,0.0070,20.9,1.268,1.47,4.15,-96,9.50,
2026-09-02T16:21:43,2,1.259,0.70,0.0070,20.9,1.262,0.96,4.16,-99,9.50,
2026-09-02T16:21:45,2,1.281,2.51,0.0070,20.9,1.265,1.22,4.13,-98,9.50,
2026-09-02T16:21:46,2,1.259,0.70,0.0070,20.9,1.263,1.02,4.15,-99,9.25,
2026-09-02T16:21:47,2,1.281,2.44,0.0070,20.9,1.264,1.09,4.14,-98,9.25,
2026-09-02T16:21:48,2,1.276,2.05,0.0070,20.9,1.266,1.28,4.13,-98,9.75,
2026-09-02T16:21:49,2,1.262,0.96,0.0070,20.9,1.264,1.09,4.16,-98,9.25,
2026-09-02T16:21:50,2,1.273,1.86,0.0070,20.9,1.268,1.47,4.14,-99,9.00,
2026-09-02T16:21:51,2,1.277,2.18,0.0070,20.9,1.264,1.15,4.13,-100,9.50,
2026-09-02T16:21:52,2,1.258,0.64,0.0060,20.9,1.264,1.09,4.15,-100,9.25,
2026-09-02T16:21:53,2,1.276,2.05,0.0060,20.9,1.264,1.09,4.14,-96,6.75,
2026-09-02T16:21:54,2,1.276,2.05,0.0050,20.9,1.267,1.35,4.13,-98,9.50,
2026-09-02T16:21:55,2,1.255,0.38,0.0050,20.9,1.264,1.15,4.16,-98,9.25,
2026-09-02T16:21:56,2,1.281,2.44,0.0050,20.9,1.265,1.22,4.14,-98,9.25,
2026-09-02T16:21:58,2,1.257,0.57,0.0050,20.9,1.267,1.35,4.15,-101,9.25,
2026-09-02T16:21:59,2,1.258,0.64,0.0050,20.9,1.263,1.02,4.16,-96,-0.50,
2026-09-02T16:22:00,2,1.278,2.25,0.0050,20.9,1.266,1.28,4.13,-99,9.00,
2026-09-02T16:22:01,2,1.261,0.89,0.0050,21.9,1.264,1.15,4.15,-98,9.50,
2026-09-02T16:22:02,2,1.259,0.70,0.0050,21.9,1.267,1.35,4.16,-97,9.00,
2026-09-02T16:22:03,2,1.278,2.25,0.0050,21.9,1.266,1.28,4.12,-97,9.00,
2026-09-02T16:22:04,2,1.260,0.76,0.0060,21.9,1.265,1.22,4.14,-93,0.75,
2026-09-02T16:22:05,2,1.263,1.02,0.0050,21.9,1.269,1.54,4.16,-98,9.50,
2026-09-02T16:22:06,2,1.277,2.18,0.0050,21.9,1.266,1.28,4.13,-98,9.50,
2026-09-02T16:22:07,2,1.262,0.96,0.0050,21.9,1.270,1.60,4.14,-98,9.25,
2026-09-02T16:22:08,2,1.281,2.51,0.0050,21.9,1.264,1.15,4.14,-98,9.00,
2026-09-02T16:22:11,2,1.264,1.15,0.0050,21.9,1.265,1.22,4.16,-97,9.50,
2026-09-02T16:22:12,2,1.280,2.38,0.0050,21.9,1.264,1.09,4.14,-102,9.25,
2026-09-02T16:22:13,2,1.276,2.05,0.0060,21.9,1.266,1.28,4.13,-104,9.50,
2026-09-02T16:22:14,2,1.258,0.64,0.0060,21.9,1.264,1.09,4.16,-106,9.00,
2026-09-02T16:22:16,2,1.275,1.99,0.0060,21.9,1.266,1.28,4.13,-109,8.75,
2026-09-02T16:22:17,2,1.253,0.25,0.0060,21.9,1.260,0.76,4.16,-115,6.00,
2026-09-02T16:22:19,2,1.259,0.70,0.0050,21.9,1.267,1.35,4.14,-117,5.00,
2026-09-02T16:22:21,2,1.276,2.05,0.0050,21.9,1.265,1.22,4.14,-121,-0.75,
2026-09-02T16:22:23,2,1.261,0.89,0.0050,21.9,1.264,1.15,4.14,-119,1.50,
2026-09-02T16:22:24,2,1.260,0.76,0.0050,21.9,1.264,1.15,4.16,-119,2.75,
2026-09-02T16:22:26,2,1.258,0.64,0.0050,21.9,1.266,1.28,4.14,-119,2.00,
2026-09-02T16:22:27,2,1.260,0.76,0.0050,21.9,1.263,1.02,4.16,-114,6.75,
2026-09-02T16:22:28,2,1.276,2.12,0.0050,21.9,1.264,1.15,4.13,-119,2.50,
2026-09-02T16:22:29,2,1.257,0.57,0.0050,21.9,1.265,1.22,4.14,-119,3.00,
2026-09-02T16:22:30,2,1.281,2.51,0.0050,21.9,1.268,1.41,4.14,-118,4.25,
2026-09-02T16:22:31,2,1.276,2.05,0.0050,21.9,1.267,1.35,4.13,-120,1.00,
2026-09-02T16:22:32,2,1.260,0.76,0.0040,21.9,1.267,1.35,4.14,-120,1.75,
2026-09-02T16:22:33,2,1.280,2.38,0.0040,21.9,1.264,1.09,4.14,-120,1.25,
2026-09-02T16:22:35,2,1.276,2.12,0.0050,21.9,1.268,1.41,4.13,-121,-0.75,
2026-09-02T16:22:36,2,1.261,0.89,0.0050,21.9,1.264,1.09,4.16,-120,1.75,
2026-09-02T16:22:37,2,1.280,2.38,0.0050,21.9,1.266,1.28,4.14,-121,0.50,
2026-09-02T16:22:38,2,1.276,2.05,0.0050,21.9,1.264,1.09,4.13,-120,1.25,
2026-09-02T16:22:39,2,1.258,0.64,0.0050,21.9,1.264,1.09,4.16,-121,0.25,
2026-09-02T16:22:40,2,1.277,2.18,0.0040,21.9,1.265,1.22,4.14,-122,-2.50,
2026-09-02T16:22:41,2,1.259,0.70,0.0050,21.9,1.265,1.22,4.14,-121,0.50,
2026-09-02T16:22:42,2,1.260,0.76,0.0050,21.9,1.264,1.15,4.16,-123,-3.75,
2026-09-02T16:22:43,2,1.278,2.25,0.0050,21.9,1.264,1.09,4.14,-123,-5.25,
2026-09-02T16:22:44,2,1.259,0.70,0.0040,21.9,1.265,1.22,4.15,-123,-3.50,
2026-09-02T16:22:45,2,1.260,0.83,0.0040,21.9,1.264,1.15,4.16,-123,-3.50,
2026-09-02T16:22:46,2,1.291,3.28,0.0050,21.9,1.264,1.09,4.14,-122,-2.50,
2026-09-02T16:22:48,2,1.259,0.70,0.0040,21.9,1.268,1.47,4.15,-119,3.50,
2026-09-02T16:22:49,2,1.255,0.38,0.0040,21.9,1.264,1.09,4.15,-114,6.75,
2026-09-02T16:22:50,2,1.273,1.86,0.0040,21.9,1.267,1.35,4.12,-120,1.25,
2026-09-02T16:22:51,2,1.259,0.70,0.0040,21.9,1.264,1.15,4.15,-118,4.25,
2026-09-02T16:22:52,2,1.272,1.73,0.0040,21.9,1.264,1.15,4.14,-116,5.50,
2026-09-02T16:22:53,2,1.272,1.73,0.0040,21.9,1.268,1.41,4.12,-116,5.50,
2026-09-02T16:22:54,2,1.256,0.51,0.0040,21.9,1.264,1.15,4.14,-117,5.00,
2026-09-02T16:22:55,2,1.274,1.93,0.0040,21.9,1.265,1.22,4.14,-116,5.25,
2026-09-02T16:22:56,2,1.272,1.80,0.0040,21.9,1.264,1.15,4.13,-115,6.25,
2026-09-02T16:22:57,2,1.258,0.64,0.0040,21.9,1.268,1.47,4.14,-118,3.75,
2026-09-02T16:22:58,2,1.274,1.93,0.0040,21.9,1.263,1.02,4.14,-121,0.75,
2026-09-02T16:23:00,2,1.272,1.80,0.0040,21.9,1.271,1.67,4.13,-116,5.50,
2026-09-02T16:23:01,2,1.257,0.57,0.0040,21.9,1.265,1.22,4.15,-116,6.00,
2026-09-02T16:23:02,2,1.276,2.05,0.0040,21.9,1.265,1.22,4.14,-114,6.50,
2026-09-02T16:23:03,2,1.256,0.44,0.0040,21.9,1.265,1.22,4.14,-117,4.75,
2026-09-02T16:23:04,2,1.255,0.38,0.0050,21.9,1.264,1.09,4.15,-115,5.50,
2026-09-02T16:23:05,2,1.273,1.86,0.0050,21.9,1.266,1.28,4.14,-117,5.75,
2026-09-02T16:23:06,2,1.258,0.64,0.0050,21.9,1.264,1.15,4.14,-118,4.25,
2026-09-02T16:23:07,2,1.258,0.64,0.0050,21.9,1.265,1.22,4.16,-120,1.00,
2026-09-02T16:23:08,2,1.272,1.80,0.0050,21.9,1.264,1.09,4.14,-118,3.75,
2026-09-02T16:23:09,2,1.260,0.83,0.0060,21.9,1.264,1.15,4.14,-117,5.75,
2026-09-02T16:23:10,2,1.265,1.22,0.0060,21.9,1.264,1.09,4.16,-118,3.50,
2026-09-02T16:23:12,2,1.273,1.86,0.0060,21.9,1.265,1.22,4.14,-116,5.50,
2026-09-02T16:23:13,2,1.256,0.51,0.0060,21.9,1.266,1.28,4.14,-115,6.25,
2026-09-02T16:23:14,2,1.274,1.93,0.0060,21.9,1.262,0.96,4.14,-115,6.00,
2026-09-02T16:23:15,2,1.272,1.80,0.0060,21.9,1.266,1.28,4.13,-116,5.75,
2026-09-02T16:23:16,2,1.260,0.83,0.0060,21.9,1.266,1.28,4.14,-117,5.00,
2026-09-02T16:23:17,2,1.273,1.86,0.0070,21.9,1.267,1.35,4.14,-117,4.75,
2026-09-02T16:23:18,2,1.272,1.80,0.0070,21.9,1.268,1.41,4.12,-117,4.75,
2026-09-02T16:23:19,2,1.260,0.76,0.0070,21.9,1.265,1.22,4.14,-117,5.00,
2026-09-02T16:23:20,2,1.275,1.99,0.0060,21.9,1.266,1.28,4.14,-115,6.50,
2026-09-02T16:23:21,2,1.262,0.96,0.0060,21.9,1.266,1.28,4.13,-119,3.25,
2026-09-02T16:23:22,2,1.260,0.76,0.0070,21.9,1.264,1.15,4.14,-116,2.75,
2026-09-02T16:23:23,2,1.272,1.73,0.0060,21.9,1.264,1.15,4.14,-117,5.00,
2026-09-02T16:23:25,2,1.258,0.64,0.0060,21.9,1.265,1.22,4.14,-117,5.00,
2026-09-02T16:23:26,2,1.259,0.70,0.0060,21.9,1.264,1.09,4.16,-118,3.75,
2026-09-02T16:23:27,2,1.272,1.80,0.0060,21.9,1.265,1.22,4.14,-118,4.00,
2026-09-02T16:23:28,2,1.258,0.64,0.0068,2.0,1.267,0.00,4.00,-119,-4.50,
2026-09-02T16:23:29,2,1.254,0.31,0.0060,21.9,1.264,1.15,4.15,-123,-7.25,
2026-09-02T16:23:30,2,1.271,1.67,0.0060,21.9,1.275,1.99,4.13,-117,5.00,
2026-09-02T16:23:31,2,1.258,0.64,0.0050,21.9,1.265,1.22,4.14,-120,1.75,
2026-09-02T16:23:32,2,1.258,0.64,0.0050,21.9,1.268,1.41,4.16,-121,0.25,
2026-09-02T16:23:34,2,1.260,0.83,0.0050,21.9,1.265,1.22,4.14,-116,5.25,
2026-09-02T16:23:58,2,1.276,2.05,0.0050,21.9,1.264,1.15,4.14,-121,0.00,
2026-09-02T16:23:58,2,1.272,1.73,0.0040,21.9,1.265,1.22,4.14,-119,2.25,
2026-09-02T16:23:58,2,1.256,0.51,0.0040,21.9,1.266,1.28,4.14,-108,8.50,
2026-09-02T16:23:58,2,1.272,1.80,0.0050,21.9,1.268,1.41,4.12,-122,-2.25,
2026-09-02T16:23:58,2,1.259,0.70,0.0050,21.9,1.266,1.28,4.14,-115,6.75,
2026-09-02T16:23:58,2,1.274,1.93,0.0050,21.9,1.264,1.15,4.14,-112,8.00,
2026-09-02T16:23:58,2,1.269,1.54,0.0050,21.9,1.269,1.54,4.13,-114,6.75,
2026-09-02T16:23:59,2,1.274,1.93,0.0050,21.9,1.267,1.35,4.14,-113,7.00,
2026-09-02T16:23:59,2,1.260,0.76,0.0050,21.9,1.266,1.28,4.14,-112,8.25,
2026-09-02T16:23:59,2,1.259,0.70,0.0050,21.9,1.265,1.22,4.14,-112,8.50,
2026-09-02T16:23:59,2,1.273,1.86,0.0050,21.9,1.268,1.47,4.14,-115,6.75,
2026-09-02T16:23:59,2,1.256,0.44,0.0050,21.9,1.265,1.22,4.14,-116,5.50,
2026-09-02T16:23:59,2,1.272,1.73,0.0050,21.9,1.265,1.22,4.14,-118,3.75,
2026-09-02T16:23:59,2,1.260,0.76,0.0050,21.9,1.267,1.35,4.14,-121,-0.50,
2026-09-02T16:23:59,2,1.272,1.80,0.0050,21.9,1.265,1.22,4.14,-121,-0.50,
2026-09-02T16:23:59,2,1.258,0.64,0.0050,21.9,1.266,1.28,4.14,-120,1.75,
2026-09-02T16:23:59,2,1.275,1.99,0.0050,21.9,1.263,1.02,4.14,-118,4.00,
2026-09-02T16:23:59,2,1.272,1.80,0.0040,21.9,1.265,1.22,4.14,-119,2.25,
2026-09-02T16:23:59,2,1.258,0.64,0.0050,21.9,1.272,1.73,4.14,-119,2.75,
2026-09-02T16:24:00,2,1.275,1.99,0.0040,21.9,1.264,1.15,4.14,-118,3.75,
2026-09-02T16:24:02,2,1.272,1.80,0.0040,21.9,1.265,1.22,4.13,-118,3.00,
2026-09-02T16:24:03,2,1.260,0.76,0.0040,21.9,1.262,0.96,4.14,-118,3.50,
2026-09-02T16:24:04,2,1.273,1.86,0.0040,21.9,1.266,1.28,4.14,-117,4.75,
2026-09-02T16:24:05,2,1.274,1.93,0.0030,21.9,1.269,1.54,4.12,-117,5.00,
2026-09-02T16:24:06,2,1.257,0.57,0.0030,21.9,1.264,1.15,4.14,-117,5.00,
2026-09-02T16:24:07,2,1.274,1.93,0.0030,21.9,1.264,1.09,4.14,-118,5.00,
2026-09-02T16:24:08,2,1.259,0.70,0.0030,22.9,1.268,1.41,4.14,-117,5.00,
2026-09-02T16:24:09,2,1.261,0.89,0.0030,22.9,1.270,1.60,4.14,-117,5.25,
2026-09-02T16:24:10,2,1.275,1.99,0.0030,22.9,1.264,1.15,4.14,-117,5.00,
2026-09-02T16:24:11,2,1.256,0.51,0.0030,22.9,1.264,1.15,4.14,-117,5.00,
2026-09-02T16:24:12,2,1.258,0.64,0.0030,22.9,1.265,1.22,4.14,-116,4.75,
2026-09-02T16:24:13,2,1.272,1.80,0.0030,22.9,1.265,1.22,4.14,-117,5.00,
2026-09-02T16:24:15,2,1.261,0.89,0.0030,22.9,1.265,1.22,4.14,-117,5.25,
2026-09-02T16:24:16,2,1.260,0.76,0.0030,22.9,1.266,1.28,4.15,-117,5.00,
2026-09-02T16:24:17,2,1.272,1.80,0.0030,22.9,1.264,1.15,4.14,-117,5.25,
2026-09-02T16:24:18,2,1.260,0.76,0.0030,22.9,1.261,0.89,4.14,-117,5.75,
2026-09-02T16:24:19,2,1.272,1.80,0.0030,22.9,1.265,1.22,4.14,-117,5.00,
2026-09-02T16:24:20,2,1.272,1.80,0.0030,22.9,1.264,1.15,4.14,-117,5.00,
2026-09-02T16:24:21,2,1.256,0.51,0.0020,22.9,1.269,1.54,4.14,-117,5.00,
2026-09-02T16:24:22,2,1.275,1.99,0.0020,22.9,1.266,1.28,4.14,-116,5.00,
2026-09-02T16:24:23,2,1.269,1.54,0.0020,22.9,1.265,1.22,4.14,-116,4.75,
2026-09-02T16:24:24,2,1.259,0.70,0.0030,22.9,1.264,1.15,4.14,-117,5.25,
2026-09-02T16:24:25,2,1.276,2.05,0.0030,22.9,1.264,1.15,4.14,-117,5.25,
2026-09-02T16:24:27,2,1.271,1.67,0.0030,22.9,1.264,1.15,4.14,-117,5.00,
2026-09-02T16:24:28,2,1.259,0.70,0.0030,22.9,1.264,1.15,4.14,-117,5.25,
2026-09-02T16:24:29,2,1.275,1.99,0.0030,22.9,1.263,1.02,4.14,-117,4.75,
2026-09-02T16:24:30,2,1.258,0.64,0.0030,22.9,1.264,1.09,4.14,-117,5.75,
2026-09-02T16:24:31,2,1.256,0.44,0.0030,22.9,1.265,1.22,4.14,-117,5.00,
2026-09-02T16:24:32,2,1.268,1.47,0.0040,22.9,1.261,0.89,4.14,-118,4.00,
2026-09-02T16:24:33,2,1.256,0.51,0.0030,22.9,1.266,1.28,4.14,-117,4.25,
2026-09-02T16:24:34,2,1.259,0.70,0.0030,22.9,1.266,1.28,4.14,-117,4.75,
2026-09-02T16:24:35,2,1.272,1.80,0.0040,22.9,1.265,1.22,4.14,-117,5.00,
2026-09-02T16:24:36,2,1.258,0.64,0.0040,22.9,1.266,1.28,4.14,-117,5.00,
2026-09-02T16:24:37,2,1.259,0.70,0.0040,22.9,1.265,1.22,4.14,-117,5.00,
2026-09-02T16:24:39,2,1.272,1.80,0.0040,22.9,1.265,1.22,4.14,-117,5.00,
2026-09-02T16:24:40,2,1.258,0.64,0.0040,22.9,1.264,1.09,4.14,-117,5.00,
2026-09-02T16:24:41,2,1.279,2.31,0.0040,22.9,1.265,1.22,4.12,-117,5.00,
2026-09-02T16:24:42,2,1.276,2.05,0.0040,22.9,1.263,1.02,4.14,-117,5.00,
2026-09-02T16:24:43,2,1.260,0.76,0.0040,22.9,1.268,1.41,4.14,-117,5.00,
2026-09-02T16:24:44,2,1.276,2.05,0.0040,22.9,1.266,1.28,4.14,-117,5.00,
2026-09-02T16:24:45,2,1.272,1.73,0.0040,22.9,1.264,1.15,4.14,-116,5.00,
2026-09-02T16:24:46,2,1.258,0.64,0.0030,22.9,1.265,1.22,4.14,-116,4.25,
2026-09-02T16:24:47,2,1.276,2.05,0.0030,22.9,1.263,1.02,4.14,-117,5.00,
2026-09-02T16:24:48,2,1.272,1.73,0.0030,22.9,1.264,1.15,4.14,-117,4.75,
2026-09-02T16:24:49,2,1.260,0.76,0.0030,22.9,1.264,1.15,4.14,-117,5.00,
2026-09-02T16:24:50,2,1.273,1.86,0.0030,22.9,1.265,1.22,4.14,-117,5.25,
2026-09-02T16:24:52,2,1.258,0.64,0.0030,22.9,1.265,1.22,4.15,-116,3.50,
2026-09-02T16:24:53,2,1.256,0.51,0.0030,22.9,1.264,1.09,4.13,-116,5.00,
2026-09-02T16:24:54,2,1.274,1.93,0.0030,22.9,1.265,1.22,4.14,-117,5.25,
2026-09-02T16:24:55,2,1.258,0.64,0.0030,22.9,1.268,1.47,4.13,-117,5.00,
2026-09-02T16:24:56,2,1.259,0.70,0.0030,22.9,1.264,1.15,4.14,-117,5.25,
2026-09-02T16:24:58,2,1.260,0.76,0.0030,22.9,1.268,1.41,4.14,-117,4.75,
2026-09-02T16:24:59,2,1.259,0.70,0.0030,22.9,1.264,1.09,4.14,-117,5.00,
2026-09-02T16:25:00,2,1.275,1.99,0.0030,22.9,1.264,1.09,4.14,-117,5.25,
2026-09-02T16:25:01,2,1.270,1.60,0.0030,22.9,1.264,1.15,4.14,-116,5.50,
2026-09-02T16:25:04,2,1.272,1.80,0.0030,22.9,1.264,1.15,4.14,-117,5.00,
2026-09-02T16:25:05,2,1.257,0.57,0.0030,22.9,1.264,1.15,4.14,-117,5.00,
2026-09-02T16:25:06,2,1.276,2.05,0.0040,22.9,1.266,1.28,4.14,-116,5.25,
2026-09-02T16:25:07,2,1.272,1.80,0.0030,22.9,1.264,1.15,4.14,-116,5.00,
2026-09-02T16:25:09,2,1.273,1.86,0.0030,22.9,1.266,1.28,4.13,-116,5.50,
2026-09-02T16:25:10,2,1.272,1.73,0.0030,22.9,1.265,1.22,4.14,-116,5.00,
2026-09-02T16:25:11,2,1.259,0.70,0.0030,22.9,1.265,1.22,4.14,-117,4.75,
2026-09-02T16:25:12,2,1.271,1.67,0.0030,22.9,1.263,1.02,4.14,-117,5.25,
2026-09-02T16:25:13,2,1.257,0.57,0.0030,22.9,1.267,1.35,4.15,-116,5.25,
2026-09-02T16:25:14,2,1.259,0.70,0.0030,22.9,1.263,1.02,4.14,-117,5.50,
2026-09-02T16:25:15,2,1.275,1.99,0.0030,22.9,1.264,1.15,4.14,-117,5.00,
2026-09-02T16:25:17,2,1.256,0.51,0.0030,22.9,1.265,1.22,4.15,-117,4.75,
2026-09-02T16:25:18,2,1.260,0.76,0.0030,22.9,1.264,1.09,4.14,-117,5.00,
2026-09-02T16:25:19,2,1.272,1.73,0.0030,22.9,1.264,1.09,4.14,-117,5.25,
2026-09-02T16:25:20,2,1.256,0.51,0.0020,22.9,1.268,1.41,4.14,-117,5.25,
2026-09-02T16:25:21,2,1.259,0.70,0.0020,22.9,1.264,1.09,4.14,-117,5.25,
2026-09-02T16:25:22,2,1.273,1.86,0.0020,22.9,1.265,1.22,4.14,-116,5.50,
2026-09-02T16:25:23,2,1.256,0.51,0.0020,22.9,1.267,1.35,4.14,-117,5.25,
2026-09-02T16:25:24,2,1.276,2.12,0.0020,22.9,1.265,1.22,4.12,-116,5.25,
2026-09-02T16:25:25,2,1.270,1.60,0.0020,22.9,1.264,1.15,4.14,-116,5.50,
2026-09-02T16:25:26,2,1.260,0.76,0.0020,22.9,1.264,1.15,4.13,-117,5.00,
2026-09-02T16:25:27,2,1.275,1.99,0.0020,22.9,1.264,1.15,4.12,-117,4.75,
2026-09-02T16:25:29,2,1.271,1.67,0.0020,22.9,1.264,1.09,4.14,-117,5.25,
2026-09-02T16:25:30,2,1.260,0.76,0.0020,22.9,1.265,1.22,4.13,-117,5.00,
2026-09-02T16:25:31,2,1.274,1.93,0.0020,22.9,1.265,1.22,4.13,-116,5.25,
2026-09-02T16:25:32,2,1.260,0.83,0.0020,22.9,1.264,1.09,4.14,-116,5.25,
2026-09-02T16:25:33,2,1.260,0.83,0.0020,22.9,1.265,1.22,4.14,-117,4.75,
2026-09-02T16:25:34,2,1.273,1.86,0.0020,22.9,1.264,1.15,4.14,-117,5.00,
2026-09-02T16:25:35,2,1.256,0.51,0.0020,22.9,1.264,1.09,4.15,-116,5.50,
2026-09-02T16:25:36,2,1.256,0.51,0.0020,22.9,1.264,1.15,4.14,-116,5.00,
2026-09-02T16:25:37,2,1.274,1.93,0.0020,22.9,1.264,1.15,4.14,-117,5.00,
2026-09-02T16:25:38,2,1.258,0.64,0.0020,22.9,1.264,1.09,4.16,-117,4.25,
2026-09-02T16:25:39,2,1.261,0.89,0.0020,22.9,1.264,1.15,4.14,-117,4.75,
2026-09-02T16:25:41,2,1.272,1.73,0.0030,22.9,1.267,1.35,4.14,-118,4.25,
2026-09-02T16:25:42,2,1.257,0.57,0.0020,22.9,1.264,1.09,4.15,-117,4.50,
2026-09-02T16:25:43,2,1.273,1.86,0.0020,22.9,1.265,1.22,4.13,-117,4.75,
2026-09-02T16:25:44,2,1.273,1.86,0.0020,22.9,1.264,1.15,4.14,-117,5.00,
2026-09-02T16:25:45,2,1.259,0.70,0.0020,22.9,1.266,1.28,4.15,-117,4.75,
2026-09-02T16:25:46,2,1.287,2.96,0.0020,22.9,1.265,1.22,4.13,-117,5.25,
2026-09-02T16:25:47,2,1.272,1.73,0.0020,22.9,1.265,1.22,4.14,-117,5.00,
2026-09-02T16:25:48,2,1.260,0.76,0.0020,22.9,1.266,1.28,4.13,-117,5.00,
2026-09-02T16:25:49,2,1.276,2.12,0.0020,22.9,1.266,1.28,4.13,-117,4.50,
2026-09-02T16:25:50,2,1.272,1.73,0.0020,22.9,1.265,1.22,4.14,-117,4.75,
2026-09-02T16:25:51,2,1.260,0.83,0.0020,22.9,1.264,1.15,4.14,-117,4.75,
2026-09-02T16:25:52,2,1.273,1.86,0.0030,22.9,1.268,1.41,4.12,-117,4.75,
2026-09-02T16:25:54,2,1.257,0.57,0.0020,22.9,1.264,1.15,4.15,-117,4.25,
2026-09-02T16:25:55,2,1.260,0.76,0.0030,22.9,1.266,1.28,4.14,-117,4.25,
2026-09-02T16:25:56,2,1.274,1.93,0.0020,22.9,1.267,1.35,4.12,-118,4.75,
2026-09-02T16:25:57,2,1.258,0.64,0.0020,22.9,1.263,1.02,4.15,-117,4.75,
2026-09-02T16:25:58,2,1.258,0.64,0.0020,22.9,1.262,0.96,4.14,-117,4.25,
2026-09-02T16:25:59,2,1.272,1.80,0.0030,22.9,1.264,1.15,4.14,-118,3.50,
2026-09-02T16:26:00,2,1.257,0.57,0.0020,22.9,1.264,1.15,4.15,-118,3.25,
2026-09-02T16:26:01,2,1.259,0.70,0.0020,22.9,1.265,1.22,4.14,-118,3.75,
2026-09-02T16:26:02,2,1.272,1.80,0.0020,22.9,1.265,1.22,4.14,-117,4.75,
2026-09-02T16:26:03,2,1.258,0.64,0.0030,22.9,1.262,0.96,4.15,-118,4.25,
2026-09-02T16:26:04,2,1.270,1.60,0.0030,22.9,1.270,1.60,4.12,-118,4.50,
2026-09-02T16:26:06,2,1.273,1.86,0.0030,22.9,1.265,1.22,4.14,-117,4.50,
2026-09-02T16:26:07,2,1.257,0.57,0.0030,22.9,1.264,1.09,4.15,-117,4.50,
2026-09-02T16:26:08,2,1.276,2.05,0.0020,22.9,1.265,1.22,4.13,-117,4.50,
2026-09-02T16:26:09,2,1.280,2.38,0.0020,22.9,1.267,1.35,4.14,-118,4.00,
2026-09-02T16:26:10,2,1.259,0.70,0.0020,22.9,1.266,1.28,4.15,-118,3.25,
2026-09-02T16:26:11,2,1.275,1.99,0.0020,22.9,1.267,1.35,4.12,-118,4.00,
2026-09-02T16:26:12,2,1.272,1.73,0.0020,22.9,1.265,1.22,4.14,-118,4.50,
2026-09-02T16:26:13,2,1.254,0.31,0.0020,22.9,1.265,1.22,4.14,-118,3.75,
2026-09-02T16:26:14,2,1.277,2.18,0.0020,22.9,1.269,1.54,4.12,-117,4.00,
2026-09-02T16:26:15,2,1.260,0.76,0.0020,22.9,1.264,1.09,4.15,-117,3.00,
2026-09-02T16:26:16,2,1.261,0.89,0.0020,22.9,1.268,1.47,4.14,-118,4.00,
2026-09-02T16:26:17,2,1.273,1.86,0.0020,22.9,1.265,1.22,4.12,-118,4.50,
2026-09-02T16:26:19,2,1.257,0.57,0.0020,22.9,1.265,1.22,4.16,-118,3.75,
2026-09-02T16:26:20,2,1.260,0.76,0.0020,22.9,1.264,1.15,4.14,-118,3.50,
2026-09-02T16:26:21,2,1.275,1.99,0.0020,22.9,1.265,1.22,4.13,-117,3.75,
2026-09-02T16:26:22,2,1.257,0.57,0.0020,22.9,1.264,1.15,4.15,-117,4.25,
2026-09-02T16:26:23,2,1.257,0.57,0.0020,22.9,1.265,1.22,4.14,-118,4.50,
2026-09-02T16:26:24,2,1.271,1.67,0.0020,22.9,1.267,1.35,4.13,-117,4.50,
2026-09-02T16:26:25,2,1.261,0.89,0.0020,22.9,1.264,1.09,4.15,-117,4.75,
2026-09-02T16:26:27,2,1.273,1.86,0.0020,22.9,1.267,1.35,4.14,-118,3.75,
2026-09-02T16:26:28,2,1.259,0.70,0.0020,22.9,1.266,1.28,4.15,-119,2.75,
2026-09-02T16:26:29,2,1.276,2.12,0.0020,22.9,1.267,1.35,4.12,-119,3.25,
2026-09-02T16:26:31,2,1.272,1.73,0.0020,22.9,1.266,1.28,4.14,-119,2.50,
2026-09-02T16:26:32,2,1.256,0.44,0.0020,22.9,1.256,0.51,4.16,-119,3.25,
2026-09-02T16:26:33,2,1.272,1.73,0.0020,22.9,1.267,1.35,4.12,-117,4.50,
2026-09-02T16:26:34,2,1.272,1.73,0.0020,22.9,1.264,1.15,4.14,-118,5.00,
2026-09-02T16:26:35,2,1.257,0.57,0.0020,22.9,1.264,1.09,4.15,-117,4.75,
2026-09-02T16:26:36,2,1.274,1.93,0.0020,22.9,1.260,0.83,4.12,-118,4.00,
2026-09-02T16:26:37,2,1.252,0.18,0.0020,22.9,1.263,1.02,4.16,-116,5.25,
2026-09-02T16:26:38,2,1.257,0.57,0.0010,22.9,1.265,1.22,4.15,-116,5.50,
2026-09-02T16:26:39,2,1.274,1.93,0.0010,22.9,1.267,1.35,4.12,-119,3.00,
2026-09-02T16:26:40,2,1.256,0.44,0.0020,22.9,1.263,1.02,4.15,-120,0.75,
2026-09-02T16:26:41,2,1.258,0.64,0.0020,22.9,1.265,1.22,4.14,-118,3.25,
2026-09-02T16:26:43,2,1.273,1.86,0.0010,22.9,1.267,1.35,4.12,-118,4.00,
2026-09-02T16:26:44,2,1.256,0.51,0.0010,22.9,1.263,1.02,4.15,-119,3.00,
2026-09-02T16:26:45,2,1.257,0.57,0.0020,22.9,1.266,1.28,4.13,-117,5.00,
2026-09-02T16:26:46,2,1.272,1.80,0.0020,22.9,1.268,1.41,4.13,-119,3.50,
2026-09-02T16:26:47,2,1.256,0.51,0.0010,22.9,1.264,1.15,4.15,-119,3.00,
2026-09-02T16:26:48,2,1.280,2.38,0.0020,22.9,1.265,1.22,4.12,-118,3.50,
2026-09-02T16:26:49,2,1.273,1.86,0.0010,22.9,1.264,1.15,4.12,-118,4.75,
2026-09-02T16:26:50,2,1.259,0.70,0.0010,22.9,1.264,1.09,4.15,-116,5.75,
2026-09-02T16:26:51,2,1.276,2.05,0.0010,22.9,1.266,1.28,4.12,-117,4.75,
2026-09-02T16:26:52,2,1.272,1.73,0.0010,23.9,1.265,1.22,4.14,-117,5.00,
2026-09-02T16:26:53,2,1.256,0.51,0.0010,23.9,1.263,1.02,4.15,-116,5.50,
2026-09-02T16:26:54,2,1.276,2.12,0.0010,23.9,1.266,1.28,4.12,-117,4.50,
2026-09-02T16:26:56,2,1.272,1.80,0.0020,23.9,1.264,1.15,4.14,-117,4.50,
2026-09-02T16:26:57,2,1.254,0.31,0.0020,23.9,1.260,0.83,4.15,-120,1.50,
2026-09-02T16:26:58,2,1.275,1.99,0.0020,23.9,1.268,1.41,4.12,-123,-3.00,
2026-09-02T16:26:59,2,1.258,0.64,0.0020,23.9,1.264,1.15,4.15,-123,-2.50,
2026-09-02T16:27:00,2,1.257,0.57,0.0020,23.9,1.265,1.22,4.15,-124,-5.50,
2026-09-02T16:27:01,2,1.275,1.99,0.0010,23.9,1.267,1.35,4.12,-124,-7.00,
2026-09-02T16:27:02,2,1.254,0.31,0.0020,23.9,1.264,1.09,4.15,-124,-8.00,
2026-09-02T16:27:03,2,1.257,0.57,0.0020,23.9,1.264,1.15,4.15,-122,-1.25,
2026-09-02T16:27:04,2,1.273,1.86,0.0020,23.9,1.265,1.22,4.13,-122,-2.50,
2026-09-02T16:27:05,2,1.258,0.64,0.0020,23.9,1.265,1.22,4.15,-119,2.75,
2026-09-02T16:27:06,2,1.259,0.70,0.0020,23.9,1.268,1.47,4.13,-119,3.00,
2026-09-02T16:27:08,2,1.272,1.73,0.0020,23.9,1.266,1.28,4.13,-119,2.25,
2026-09-02T16:27:09,2,1.258,0.64,0.0020,23.9,1.264,1.09,4.15,-120,2.00,
2026-09-02T16:27:10,2,1.277,2.18,0.0020,23.9,1.268,1.41,4.11,-120,1.00,
2026-09-02T16:27:11,2,1.272,1.80,0.0010,23.9,1.266,1.28,4.13,-122,-0.75,
2026-09-02T16:27:12,2,1.260,0.76,0.0020,23.9,1.265,1.22,4.15,-122,-3.50,
2026-09-02T16:27:13,2,1.276,2.05,0.0010,23.9,1.267,1.35,4.12,-122,-1.25,
2026-09-02T16:27:14,2,1.271,1.67,0.0010,23.9,1.266,1.28,4.13,-120,1.75,
2026-09-02T16:27:15,2,1.259,0.70,0.0010,23.9,1.264,1.15,4.15,-121,0.00,
2026-09-02T16:27:16,2,1.274,1.93,0.0010,23.9,1.265,1.22,4.12,-121,0.50,
2026-09-02T16:27:17,2,1.260,0.76,0.0010,23.9,1.264,1.15,4.14,-119,3.00,
2026-09-02T16:27:18,2,1.259,0.70,0.0010,23.9,1.266,1.28,4.15,-118,3.50,
2026-09-02T16:27:19,2,1.284,2.70,0.0010,23.9,1.264,1.09,4.11,-121,1.75,
2026-09-02T16:27:21,2,1.257,0.57,0.0010,23.9,1.264,1.09,4.15,-119,2.25,
2026-09-02T16:27:22,2,1.255,0.38,0.0010,23.9,1.260,0.83,4.15,-120,2.25,
2026-09-02T16:27:23,2,1.270,1.60,0.0010,23.9,1.267,1.35,4.12,-118,4.00,
2026-09-02T16:27:24,2,1.257,0.57,0.0010,23.9,1.264,1.09,4.16,-117,4.50,
2026-09-02T16:27:25,2,1.257,0.57,0.0010,23.9,1.264,1.15,4.15,-120,1.25,
2026-09-02T16:27:26,2,1.273,1.86,0.0010,23.9,1.265,1.22,4.13,-123,-2.75,
2026-09-02T16:27:27,2,1.258,0.64,0.0010,23.9,1.264,1.09,4.15,-120,1.00,
2026-09-02T16:27:28,2,1.268,1.47,0.0010,23.9,1.264,1.09,4.15,-122,-1.25,
2026-09-02T16:27:29,2,1.272,1.80,0.0020,23.9,1.259,0.70,4.13,-123,-4.25,
2026-09-02T16:27:30,2,1.258,0.64,0.0020,23.9,1.265,1.22,4.15,-120,1.75,
2026-09-02T16:27:31,2,1.276,2.12,0.0020,23.9,1.268,1.47,4.12,-120,2.00,
2026-09-02T16:27:33,2,1.274,1.93,0.0020,23.9,1.267,1.35,4.12,-121,0.50,
2026-09-02T16:27:34,2,1.258,0.64,0.0020,23.9,1.264,1.15,4.15,-122,-4.25,
2026-09-02T16:27:35,2,1.276,2.05,0.0020,23.9,1.267,1.35,4.12,-121,1.00,
2026-09-02T16:27:36,2,1.272,1.73,0.0020,23.9,1.265,1.22,4.13,-121,1.50,
2026-09-02T16:27:37,2,1.257,0.57,0.0020,23.9,1.264,1.09,4.15,-120,1.50,
2026-09-02T16:27:38,2,1.271,1.67,0.0020,23.9,1.265,1.22,4.12,-118,3.50,
2026-09-02T16:27:40,2,1.257,0.57,0.0020,23.9,1.265,1.22,4.15,-119,2.50,
2026-09-02T16:27:41,2,1.273,1.86,0.0020,23.9,1.264,1.15,4.12,-117,4.50,
2026-09-02T16:27:42,2,1.258,0.64,0.0020,23.9,1.264,1.15,4.15,-119,3.00,
2026-09-02T16:27:43,2,1.260,0.83,0.0020,23.9,1.263,1.02,4.15,-118,4.25,
2026-09-02T16:27:44,2,1.272,1.80,0.0020,23.9,1.268,1.41,4.12,-116,-1.00,
2026-09-02T16:27:46,2,1.256,0.51,0.0020,23.9,1.264,1.15,4.15,-119,3.25,
2026-09-02T16:27:47,2,1.256,0.44,0.0020,23.9,1.264,1.09,4.15,-121,0.75,
2026-09-02T16:27:48,2,1.273,1.86,0.0020,23.9,1.268,1.41,4.13,-122,-1.50,
2026-09-02T16:27:49,2,1.259,0.70,0.0010,23.9,1.264,1.15,4.15,-122,-2.00,
2026-09-02T16:27:51,2,1.272,1.80,0.0010,23.9,1.267,1.35,4.12,-120,1.50,
2026-09-02T16:27:52,2,1.257,0.57,0.0010,23.9,1.262,0.96,4.16,-120,1.50,
2026-09-02T16:27:53,2,1.278,2.25,0.0010,23.9,1.263,1.02,4.13,-118,4.25,
2026-09-02T16:27:54,2,1.274,1.93,0.0010,23.9,1.263,1.02,4.12,-117,4.25,
2026-09-02T16:27:56,2,1.272,1.73,0.0010,23.9,1.269,1.54,4.12,-120,1.00,
2026-09-02T16:27:58,2,1.272,1.80,0.0010,23.9,1.265,1.22,4.12,-122,-1.25,
2026-09-02T16:27:59,2,1.259,0.70,0.0010,23.9,1.263,1.02,4.15,-120,0.75,
2026-09-02T16:28:00,2,1.276,2.05,0.0010,23.9,1.267,1.35,4.12,-121,0.25,
2026-09-02T16:28:01,2,1.260,0.83,0.0010,23.9,1.265,1.22,4.12,-119,2.50,
2026-09-02T16:28:02,2,1.256,0.51,0.0010,23.9,1.264,1.09,4.15,-119,3.00,
2026-09-02T16:28:03,2,1.278,2.25,0.0010,23.9,1.259,0.70,4.12,-120,1.00,
2026-09-02T16:28:04,2,1.257,0.57,0.0010,23.9,1.264,1.15,4.14,-120,0.75,
2026-09-02T16:28:05,2,1.257,0.57,0.0010,23.9,1.265,1.22,4.15,-119,3.00,
2026-09-02T16:28:06,2,1.274,1.93,0.0010,23.9,1.266,1.28,4.12,-120,1.25,
2026-09-02T16:28:07,2,1.256,0.51,0.0010,23.9,1.264,1.15,4.15,-120,1.00,
2026-09-02T16:28:08,2,1.259,0.70,0.0010,23.9,1.261,0.89,4.15,-119,2.50,
2026-09-02T16:28:10,2,1.271,1.67,0.0010,23.9,1.266,1.28,4.12,-120,2.00,
2026-09-02T16:28:11,2,1.257,0.57,0.0010,23.9,1.264,1.09,4.15,-120,2.25,
2026-09-02T16:28:12,2,1.256,0.51,0.0010,23.9,1.264,1.15,4.15,-119,2.50,
2026-09-02T16:28:13,2,1.272,1.73,0.0010,23.9,1.266,1.28,4.13,-120,1.75,
2026-09-02T16:28:14,2,1.262,0.96,0.0010,23.9,1.265,1.22,4.15,-119,2.75,
2026-09-02T16:28:15,2,1.276,2.12,0.0010,23.9,1.266,1.28,4.13,-119,3.25,
2026-09-02T16:28:16,2,1.272,1.80,0.0010,23.9,1.265,1.22,4.12,-120,1.25,
2026-09-02T16:28:17,2,1.256,0.44,0.0010,23.9,1.264,1.15,4.15,-119,2.75,
2026-09-02T16:28:18,2,1.274,1.93,0.0020,23.9,1.264,1.15,4.13,-119,2.50,
2026-09-02T16:28:19,2,1.272,1.80,0.0020,23.9,1.264,1.09,4.12,-118,3.00,
2026-09-02T16:28:20,2,1.258,0.64,0.0020,23.9,1.263,1.02,4.15,-120,0.50,
2026-09-02T16:28:21,2,1.275,1.99,0.0020,23.9,1.264,1.15,4.12,-120,0.50,
2026-09-02T16:28:23,2,1.259,0.70,0.0020,23.9,1.265,1.22,4.12,-123,-2.50,
2026-09-02T16:28:24,2,1.257,0.57,0.0020,23.9,1.264,1.15,4.15,-122,-3.50,
2026-09-02T16:28:25,2,1.272,1.80,0.0020,23.9,1.266,1.28,4.12,-123,-3.75,
2026-09-02T16:28:26,2,1.258,0.64,0.0020,23.9,1.264,1.09,4.13,-123,-5.00,
2026-09-02T16:28:28,2,1.273,1.86,0.0020,23.9,1.266,1.28,4.12,-123,-7.25,
2026-09-02T16:28:29,2,1.259,0.70,0.0020,23.9,1.264,1.15,4.14,-123,-4.75,
2026-09-02T16:28:30,2,1.257,0.57,0.0020,23.9,1.263,1.02,4.15,-123,-6.00,
2026-09-02T16:28:36,2,1.256,0.44,0.0020,23.9,1.261,0.89,4.15,-123,-7.75,
2026-09-02T16:28:37,2,1.270,1.99,0.0000,23.9,1.200,0.00,4.14,-124,-9.25,
2026-09-02T16:28:38,2,1.272,1.80,0.0020,23.9,1.264,1.15,4.12,-124,-7.00,
2026-09-02T16:28:39,2,1.259,0.70,0.0020,23.9,1.265,1.22,4.15,-123,-4.00,
2026-09-02T16:28:40,2,1.273,1.86,0.0020,23.9,1.264,1.15,4.14,-123,-5.00,
2026-09-02T16:28:41,2,1.272,1.73,0.0020,23.9,1.266,1.28,4.13,-123,-4.75,
2026-09-02T16:28:42,2,1.256,0.51,0.0020,23.9,1.263,1.02,4.15,-124,-7.75,
2026-09-02T16:28:43,2,1.274,1.93,0.0020,23.9,1.267,1.35,4.13,-123,-2.00,
2026-09-02T16:28:45,2,1.258,0.64,0.0020,23.9,1.263,1.02,4.15,-122,-1.25,
2026-09-02T16:28:46,2,1.272,1.73,0.0020,23.9,1.268,1.41,4.12,-122,-1.00,
2026-09-02T16:28:48,2,1.261,0.89,0.0020,23.9,1.265,1.22,4.14,-122,-1.50,
2026-09-02T16:28:49,2,1.259,0.70,0.0020,23.9,1.260,0.76,4.15,-121,0.25,
2026-09-02T16:28:50,2,1.273,1.86,0.0020,23.9,1.265,1.22,4.12,-121,-1.25,
2026-09-02T16:28:51,2,1.258,0.64,0.0020,23.9,1.265,1.22,4.14,-120,1.25,
2026-09-02T16:28:52,2,1.257,0.57,0.0020,23.9,1.263,1.02,4.15,-121,-0.50,
2026-09-02T16:28:53,2,1.271,1.67,0.0020,23.9,1.266,1.28,4.12,-120,1.50,
2026-09-02T16:28:54,2,1.260,0.76,0.0020,23.9,1.265,1.22,4.14,-120,2.25,
2026-09-02T16:28:55,2,1.277,2.18,0.0010,23.9,1.267,1.35,4.13,-119,2.50,
2026-09-02T16:28:56,2,1.271,1.67,0.0020,23.9,1.264,1.15,4.12,-120,1.50,
2026-09-02T16:28:57,2,1.259,0.70,0.0020,23.9,1.263,1.02,4.14,-120,0.00,
2026-09-02T16:28:58,2,1.276,2.12,0.0020,23.9,1.263,1.02,4.13,-122,-1.00,
2026-09-02T16:29:00,2,1.273,1.86,0.0010,23.9,1.267,1.35,4.12,-121,-1.00,
2026-09-02T16:29:01,2,1.257,0.57,0.0010,23.9,1.264,1.15,4.14,-121,-1.25,
2026-09-02T16:29:02,2,1.273,1.86,0.0010,23.9,1.264,1.09,4.13,-121,0.25,
2026-09-02T16:29:04,2,1.257,0.57,0.0020,23.9,1.264,1.15,4.14,-120,1.00,
2026-09-02T16:29:05,2,1.272,1.73,0.0010,23.9,1.268,1.41,4.14,-120,1.50,
2026-09-02T16:29:06,2,1.259,0.70,0.0010,23.9,1.265,1.22,4.14,-121,1.00,
2026-09-02T16:29:07,2,1.258,0.64,0.0010,23.9,1.264,1.09,4.15,-121,0.25,
2026-09-02T16:29:08,2,1.272,1.80,0.0010,23.9,1.264,1.15,4.14,-120,-2.00,
2026-09-02T16:29:09,2,1.256,0.51,0.0010,23.9,1.264,1.15,4.14,-121,1.25,
2026-09-02T16:29:10,2,1.256,0.44,0.0010,23.9,1.265,1.22,4.15,-120,2.00,
2026-09-02T16:29:12,2,1.271,1.67,0.0010,23.9,1.265,1.22,4.12,-121,0.25,
2026-09-02T16:29:13,2,1.259,0.70,0.0010,23.9,1.264,1.15,4.14,-116,5.25,
2026-09-02T16:29:15,2,1.272,1.80,0.0010,23.9,1.267,1.35,4.12,-120,1.00,
2026-09-02T16:29:16,2,1.257,0.57,0.0010,23.9,1.263,1.02,4.14,-121,-2.25,
2026-09-02T16:29:17,2,1.275,1.99,0.0010,23.9,1.264,1.09,4.13,-121,-0.25,
2026-09-02T16:29:18,2,1.273,1.86,0.0010,23.9,1.264,1.15,4.12,-118,3.25,
2026-09-02T16:29:20,2,1.273,1.86,0.0010,23.9,1.265,1.22,4.13,-123,-4.50,
2026-09-02T16:29:21,2,1.271,1.67,0.0010,23.9,1.265,1.22,4.12,-122,-4.25,
2026-09-02T16:29:22,2,1.258,0.64,0.0010,23.9,1.265,1.22,4.13,-123,-4.00,
2026-09-02T16:29:23,2,1.282,2.57,0.0010,23.9,1.272,1.73,4.13,-123,-4.50,
2026-09-02T16:29:26,2,1.257,0.57,0.0010,23.9,1.265,1.22,4.15,-123,-4.75,
2026-09-02T16:29:27,2,1.272,1.80,0.0010,23.9,1.266,1.28,4.14,-123,-3.50,
2026-09-02T16:29:28,2,1.258,0.64,0.0010,23.9,1.265,1.22,4.14,-123,-4.25,
2026-09-02T16:29:29,2,1.260,0.76,0.0010,23.9,1.264,1.09,4.15,-123,-4.00,
2026-09-02T16:29:30,2,1.278,2.25,0.0010,23.9,1.262,0.96,4.14,-123,-4.25,
2026-09-02T16:29:31,2,1.260,0.76,0.0010,23.9,1.258,0.64,4.13,-123,-4.00,
2026-09-02T16:29:32,2,1.256,0.51,0.0010,23.9,1.264,1.09,4.15,-122,-3.75,
2026-09-02T16:29:33,2,1.272,1.73,0.0010,23.9,1.266,1.28,4.13,-123,-3.00,
2026-09-02T16:29:34,2,1.257,0.57,0.0010,23.9,1.266,1.28,4.13,-123,-2.75,
2026-09-02T16:29:35,2,1.258,0.64,0.0010,23.9,1.263,1.02,4.15,-120,2.00,
2026-09-02T16:29:37,2,1.271,1.67,0.0010,23.9,1.263,1.02,4.12,-120,2.50,
2026-09-02T16:29:38,2,1.258,0.64,0.0010,23.9,1.266,1.28,4.13,-119,2.50,
2026-09-02T16:29:39,2,1.275,1.99,0.0010,23.9,1.268,1.47,4.13,-119,2.50,
2026-09-02T16:29:40,2,1.272,1.80,0.0010,23.9,1.267,1.35,4.12,-120,1.00,
2026-09-02T16:29:41,2,1.259,0.70,0.0010,23.9,1.264,1.15,4.14,-123,-3.00,
2026-09-02T16:29:42,2,1.274,1.93,0.0010,23.9,1.264,1.09,4.13,-120,1.00,
2026-09-02T16:29:43,2,1.272,1.80,0.0000,23.9,1.267,1.35,4.12,-122,-2.00,
2026-09-02T16:29:44,2,1.256,0.51,0.0000,23.9,1.268,1.41,4.14,-122,-1.50,
2026-09-02T16:29:45,2,1.273,1.86,0.0000,23.9,1.264,1.15,4.14,-121,-0.25,
2026-09-02T16:29:46,2,1.260,0.76,0.0000,23.9,1.263,1.02,4.12,-123,-4.50,
2026-09-02T16:29:47,2,1.257,0.57,0.0010,23.9,1.265,1.22,4.13,-118,3.00,
2026-09-02T16:29:48,2,1.272,1.80,0.0000,23.9,1.264,1.09,4.13,-118,3.25,
2026-09-02T16:29:50,2,1.267,1.35,0.0010,23.9,1.265,1.22,4.14,-123,-4.50,
2026-09-02T16:29:51,2,1.256,0.51,0.0000,23.9,1.266,1.28,4.15,-117,4.50,
2026-09-02T16:29:52,2,1.272,1.80,0.0000,23.9,1.264,1.09,4.13,-118,3.25,
2026-09-02T16:29:53,2,1.256,0.51,0.0000,23.9,1.263,1.02,4.14,-117,5.00,
2026-09-02T16:29:54,2,1.262,0.96,0.0000,23.9,1.264,1.09,4.15,-117,5.25,
2026-09-02T16:29:55,2,1.272,1.80,0.0000,23.9,1.264,1.15,4.14,-117,5.00,
2026-09-02T16:29:56,2,1.260,0.83,0.0000,23.9,1.265,1.22,4.14,-116,5.75,
2026-09-02T16:29:57,2,1.268,1.41,0.0000,23.9,1.264,1.09,4.15,-117,4.75,
2026-09-02T16:29:58,2,1.272,1.80,0.0000,23.9,1.264,1.09,4.14,-117,4.75,
2026-09-02T16:29:59,2,1.260,0.83,0.0000,23.9,1.275,1.99,4.13,-115,7.25,
2026-09-02T16:30:00,2,1.276,2.05,0.0000,23.9,1.263,1.02,4.13,-115,6.50,
2026-09-02T16:30:02,2,1.271,1.67,0.0000,23.9,1.265,1.22,4.14,-116,5.75,
2026-09-02T16:30:03,2,1.260,0.76,0.0000,23.9,1.264,1.09,4.13,-119,2.75,
2026-09-02T16:30:04,2,1.274,1.93,0.0000,23.9,1.263,1.02,4.14,-118,4.25,
2026-09-02T16:30:05,2,1.272,1.73,0.0000,23.9,1.265,1.22,4.12,-115,6.00,
2026-09-02T16:30:06,2,1.257,0.57,0.0000,23.9,1.265,1.22,4.14,-115,6.00,
2026-09-02T16:30:07,2,1.273,1.86,0.0000,23.9,1.264,1.09,4.14,-116,5.50,
2026-09-02T16:30:08,2,1.258,0.64,0.0000,23.9,1.265,1.22,4.13,-121,0.50,
2026-09-02T16:30:09,2,1.257,0.57,0.0000,23.9,1.265,1.22,4.13,-120,1.00,
2026-09-02T16:30:10,2,1.272,1.80,0.0000,23.9,1.267,1.35,4.13,-120,1.00,
2026-09-02T16:30:11,2,1.258,0.64,0.0000,23.9,1.264,1.15,4.14,-121,1.00,
2026-09-02T16:30:12,2,1.262,0.96,0.0010,23.9,1.266,1.28,4.14,-120,1.25,
2026-09-02T16:30:13,2,1.273,1.86,0.0010,23.9,1.266,1.28,4.14,-119,3.25,
2026-09-02T16:30:15,2,1.258,0.64,0.0010,23.9,1.264,1.15,4.13,-119,2.75,
2026-09-02T16:30:16,2,1.256,0.51,0.0010,23.9,1.264,1.15,4.15,-119,2.50,
2026-09-02T16:30:17,2,1.272,1.80,0.0010,23.9,1.262,0.96,4.13,-119,2.50,
2026-09-02T16:30:18,2,1.259,0.70,0.0010,23.9,1.265,1.22,4.13,-120,2.25,
2026-09-02T16:30:19,2,1.275,1.99,0.0010,23.9,1.258,0.64,4.14,-119,2.25,
2026-09-02T16:30:20,2,1.272,1.73,0.0020,23.9,1.267,1.35,4.13,-120,2.00,
2026-09-02T16:30:21,2,1.257,0.57,0.0020,23.9,1.267,1.35,4.13,-120,1.50,
2026-09-02T16:30:22,2,1.274,1.93,0.0020,23.9,1.266,1.28,4.13,-120,1.50,
2026-09-02T16:30:23,2,1.270,1.60,0.0010,23.9,1.264,1.09,4.13,-121,0.75,
2026-09-02T16:30:24,2,1.259,0.70,0.0010,24.9,1.267,1.35,4.14,-120,0.75,
2026-09-02T16:30:25,2,1.273,1.86,0.0010,24.9,1.266,1.28,4.14,-121,-0.50,
2026-09-02T16:30:27,2,1.270,1.60,0.0010,24.9,1.265,1.22,4.14,-121,0.00,
2026-09-02T16:30:28,2,1.256,0.51,0.0010,24.9,1.264,1.15,4.13,-121,-0.25,
2026-09-02T16:30:29,2,1.274,1.93,0.0010,24.9,1.265,1.22,4.13,-121,0.25,
2026-09-02T16:30:30,2,1.261,0.89,0.0020,24.9,1.268,1.41,4.13,-121,1.00,
2026-09-02T16:30:31,2,1.257,0.57,0.0020,24.9,1.266,1.28,4.13,-120,1.75,
2026-09-02T16:30:32,2,1.270,1.60,0.0020,24.0,1.264,1.15,4.13,-112,-0.75,
2026-09-02T16:30:33,2,1.258,0.64,0.0020,24.9,1.266,1.28,4.14,-119,3.25,
2026-09-02T16:30:34,2,1.259,0.70,0.0010,24.9,1.265,1.22,4.14,-119,3.00,
2026-09-02T16:30:35,2,1.274,1.93,0.0010,24.9,1.264,1.15,4.13,-120,2.50,
2026-09-02T16:30:36,2,1.260,0.83,0.0010,24.9,1.261,0.89,4.13,-120,2.00,
2026-09-02T16:30:39,2,1.272,1.73,0.0000,24.9,1.266,1.28,4.13,-115,5.75,
2026-09-02T16:30:40,2,1.258,0.64,0.0000,24.9,1.264,1.09,4.13,-117,5.00,
2026-09-02T16:30:41,2,1.275,1.99,0.0000,24.9,1.264,1.09,4.13,-116,5.50,
2026-09-02T16:30:42,2,1.271,1.67,0.0000,24.9,1.261,0.89,4.13,-116,5.00,
2026-09-02T16:30:44,2,1.276,2.05,0.0000,24.9,1.264,1.09,4.13,-117,5.00,
2026-09-02T16:30:45,2,1.271,1.67,0.0000,24.9,1.264,1.09,4.14,-116,5.75,
2026-09-02T16:30:46,2,1.259,0.70,0.0000,24.9,1.265,1.22,4.12,-117,5.25,
2026-09-02T16:30:47,2,1.272,1.73,0.0000,24.9,1.263,1.02,4.13,-117,5.50,
2026-09-02T16:30:49,2,1.259,0.70,0.0000,24.9,1.264,1.09,4.13,-117,5.00,
2026-09-02T16:30:50,2,1.271,1.67,0.0000,24.9,1.264,1.15,4.13,-116,5.00,
2026-09-02T16:30:52,2,1.260,0.76,0.0000,24.9,1.265,1.22,4.15,-118,3.75,
2026-09-02T16:30:53,2,1.259,0.70,0.0000,24.9,1.265,1.22,4.14,-119,2.75,
2026-09-02T16:30:54,2,1.272,1.80,0.0000,24.9,1.263,1.02,4.14,-119,3.50,
2026-09-02T16:30:55,2,1.258,0.64,0.0000,24.9,1.267,1.35,4.13,-119,3.50,
2026-09-02T16:30:56,2,1.257,0.57,0.0000,24.9,1.265,1.22,4.13,-118,3.75,
2026-09-02T16:30:57,2,1.275,1.99,0.0000,24.9,1.264,1.09,4.13,-118,3.25,
2026-09-02T16:30:58,2,1.259,0.70,0.0000,24.9,1.265,1.22,4.13,-118,4.25,
2026-09-02T16:30:59,2,1.258,0.64,0.0000,24.9,1.266,1.28,4.13,-118,3.25,
2026-09-02T16:31:00,2,1.274,1.93,0.0000,24.9,1.264,1.15,4.14,-118,3.75,
2026-09-02T16:31:01,2,1.259,0.70,0.0000,24.9,1.266,1.28,4.13,-116,5.50,
2026-09-02T16:31:02,2,1.277,2.18,0.0000,24.9,1.266,1.28,4.12,-117,5.25,
2026-09-02T16:31:04,2,1.272,1.80,0.0000,24.9,1.267,1.35,4.14,-116,5.25,
2026-09-02T16:31:05,2,1.258,0.64,0.0000,24.9,1.264,1.15,4.14,-116,5.00,
2026-09-02T16:31:06,2,1.274,1.93,0.0000,24.9,1.266,1.28,4.13,-118,4.00,
2026-09-02T16:31:07,2,1.272,1.80,0.0000,24.9,1.262,0.96,4.13,-116,5.50,
2026-09-02T16:31:08,2,1.259,0.70,0.0000,24.9,1.264,1.09,4.13,-117,4.75,
2026-09-02T16:31:09,2,1.274,1.93,0.0000,24.9,1.264,1.15,4.14,-123,-4.50,
2026-09-02T16:31:10,2,1.273,1.86,0.0000,24.9,1.266,1.28,4.14,-116,6.75,
2026-09-02T16:31:11,2,1.260,0.76,0.0000,24.9,1.264,1.15,4.13,-114,6.75,
2026-09-02T16:31:12,2,1.273,1.86,0.0000,24.9,1.264,1.15,4.14,-114,6.75,
2026-09-02T16:31:13,2,1.256,0.51,0.0000,24.9,1.261,0.89,4.15,-116,5.75,
2026-09-02T16:31:14,2,1.256,0.44,0.0000,24.9,1.264,1.15,4.14,-117,4.50,
2026-09-02T16:31:15,2,1.268,1.41,0.0000,24.9,1.262,0.96,4.13,-117,5.50,
2026-09-02T16:31:17,2,1.256,0.51,0.0000,24.9,1.262,0.96,4.15,-116,5.50,
2026-09-02T16:31:18,2,1.256,0.51,0.0000,24.9,1.262,0.96,4.13,-117,4.75,
2026-09-02T16:31:19,2,1.272,1.73,0.0000,24.9,1.264,1.15,4.14,-118,3.75,
2026-09-02T16:31:20,2,1.256,0.51,0.0000,24.9,1.265,1.22,4.13,-118,3.50,
2026-09-02T16:31:21,2,1.257,0.57,0.0000,24.9,1.264,1.15,4.14,-118,3.25,
2026-09-02T16:31:22,2,1.272,1.73,0.0000,24.9,1.264,1.15,4.13,-118,4.00,
2026-09-02T16:31:23,2,1.257,0.57,0.0000,24.9,1.266,1.28,4.13,-118,4.25,
2026-09-02T16:31:24,2,1.277,2.18,0.0000,24.9,1.264,1.15,4.12,-118,4.25,
2026-09-02T16:31:25,2,1.272,1.80,0.0000,24.9,1.264,1.09,4.13,-118,3.75,
2026-09-02T16:31:26,2,1.257,0.57,0.0000,24.9,1.265,1.22,4.13,-117,5.50,
2026-09-02T16:31:27,2,1.273,1.86,0.0000,24.9,1.267,1.35,4.12,-116,5.75,
2026-09-02T16:31:29,2,1.271,1.67,0.0000,24.9,1.262,0.96,4.13,-115,6.00,
2026-09-02T16:31:30,2,1.258,0.64,0.0000,24.9,1.263,1.02,4.13,-116,6.00,
2026-09-02T16:31:31,2,1.268,1.41,0.0000,24.9,1.266,1.28,4.13,-116,5.50,
2026-09-02T16:31:32,2,1.272,1.73,0.0000,24.9,1.264,1.15,4.13,-116,5.75,
2026-09-02T16:31:33,2,1.257,0.57,0.0000,24.9,1.266,1.28,4.13,-116,5.75,
2026-09-02T16:31:34,2,1.272,1.73,0.0000,24.9,1.263,1.02,4.14,-116,5.75,
2026-09-02T16:31:35,2,1.257,0.57,0.0000,24.9,1.263,1.02,4.15,-116,6.00,
2026-09-02T16:31:36,2,1.258,0.64,0.0000,24.9,1.266,1.28,4.13,-115,6.00,
2026-09-02T16:31:37,2,1.272,1.73,0.0000,24.9,1.264,1.15,4.13,-116,5.50,
2026-09-02T16:31:38,2,1.258,0.64,0.0000,24.9,1.261,0.89,4.15,-115,5.50,
2026-09-02T16:31:39,2,1.259,0.70,0.0000,24.9,1.264,1.15,4.14,-117,5.00,
2026-09-02T16:31:40,2,1.271,1.67,0.0000,24.9,1.264,1.15,4.13,-116,5.50,
2026-09-02T16:31:43,2,1.257,0.57,0.0000,24.9,1.266,1.28,4.13,-116,5.50,
2026-09-02T16:31:44,2,1.272,1.73,0.0000,24.9,1.264,1.15,4.14,-115,5.75,
2026-09-02T16:31:45,2,1.258,0.64,0.0000,24.9,1.264,1.15,4.13,-118,4.25,
2026-09-02T16:31:46,2,1.279,2.31,0.0000,24.9,1.264,1.15,4.11,-117,4.25,
2026-09-02T16:31:47,2,1.270,1.60,0.0000,24.9,1.266,1.28,4.13,-118,4.00,
2026-09-02T16:31:48,2,1.257,0.57,0.0000,24.9,1.264,1.09,4.13,-118,3.25,
2026-09-02T16:31:49,2,1.275,1.99,0.0000,24.9,1.267,1.35,4.12,-119,3.50,
2026-09-02T16:31:50,2,1.271,1.67,0.0000,24.9,1.263,1.02,4.13,-119,2.75,
2026-09-02T16:31:51,2,1.259,0.70,0.0000,24.9,1.262,0.96,4.13,-117,4.00,
2026-09-02T16:31:52,2,1.273,1.86,0.0000,24.9,1.265,1.22,4.12,-117,4.75,
2026-09-02T16:31:54,2,1.270,1.60,0.0000,24.9,1.264,1.15,4.13,-115,6.75,
2026-09-02T16:31:55,2,9.257,0.57,0.0000,24.9,1.265,1.22,4.13,-115,1.75,
2026-09-02T16:31:56,2,1.273,1.86,0.0000,24.9,1.263,1.02,4.13,-112,1.50,
2026-09-02T16:31:57,2,1.256,0.51,0.0000,24.9,1.264,1.09,4.14,-115,5.75,
2026-09-02T16:31:58,2,1.257,0.57,0.0000,24.9,1.265,1.22,4.13,-116,5.00,
2026-09-02T16:31:59,2,1.272,1.73,0.0000,24.9,1.263,1.02,4.13,-115,6.00,
2026-09-02T16:32:00,2,1.257,0.57,0.0000,24.9,1.264,1.09,4.15,-117,5.00,
2026-09-02T16:32:02,2,1.273,1.86,0.0000,24.9,1.267,1.35,4.13,-120,1.50,
2026-09-02T16:32:03,2,1.257,0.57,0.0000,24.9,1.264,1.09,4.15,-121,-0.50,
2026-09-02T16:32:04,2,1.276,2.05,0.0000,24.9,1.264,1.15,4.12,-119,2.75,
2026-09-02T16:32:06,2,1.270,1.60,0.0000,24.9,1.267,1.35,4.14,-119,2.75,
2026-09-02T16:32:08,2,1.276,2.05,0.0000,24.9,1.266,1.28,4.12,-120,1.00,
2026-09-02T16:32:09,2,1.272,1.80,0.0000,24.9,1.264,1.15,4.14,-121,1.00,
2026-09-02T16:32:10,2,1.258,0.64,0.0000,24.9,1.264,1.09,4.13,-116,5.75,
2026-09-02T16:32:11,2,1.272,1.80,0.0000,24.9,1.265,1.22,4.12,-115,6.75,
2026-09-02T16:32:13,2,1.261,0.89,0.0000,24.9,1.272,1.73,4.13,-113,7.50,
2026-09-02T16:32:14,2,1.273,1.86,0.0000,24.9,1.264,1.15,4.11,-113,7.25,
2026-09-02T16:32:15,2,1.256,0.44,0.0000,24.9,1.264,1.09,4.15,-114,6.75,
2026-09-02T16:32:16,2,1.257,0.57,0.0000,24.9,1.265,1.22,4.14,-114,7.00,
2026-09-02T16:32:19,2,1.258,0.64,0.0000,24.9,1.264,1.15,4.15,-113,6.75,
2026-09-02T16:32:20,2,1.266,1.28,0.0000,24.9,1.265,1.22,4.13,-114,7.00,
2026-09-02T16:32:21,2,1.272,1.80,0.0000,24.9,1.262,0.96,4.13,-113,7.25,
2026-09-02T16:32:22,2,1.257,0.57,0.0010,24.9,1.264,1.15,4.15,-113,7.00,
2026-09-02T16:32:23,2,1.258,0.64,0.0020,24.9,1.266,1.28,4.13,-113,7.50,
2026-09-02T16:32:24,2,1.268,1.47,0.0020,24.9,1.265,1.22,4.13,-113,7.00,
2026-09-02T16:32:25,2,1.258,0.64,0.0030,24.9,1.264,1.09,4.15,-116,5.75,
2026-09-02T16:32:26,2,1.276,2.12,0.0040,24.9,1.264,1.15,4.11,-116,6.25,
2026-09-02T16:32:27,2,1.264,1.09,0.0070,24.9,1.264,1.15,4.13,-114,6.75,
2026-09-02T16:32:28,2,1.256,0.51,0.0090,24.9,1.263,1.02,4.15,-115,6.50,
2026-09-02T16:32:29,2,1.276,2.05,0.0100,24.9,1.267,1.35,4.11,-115,6.50,
2026-09-02T16:32:31,2,1.272,1.73,0.0110,24.9,1.264,1.09,4.13,-115,6.25,
2026-09-02T16:32:32,2,1.260,0.83,0.0120,24.9,1.265,1.22,4.14,-115,6.25,
2026-09-02T16:32:33,2,1.271,1.67,0.0120,24.9,1.265,1.22,4.12,-115,6.25,
2026-09-02T16:32:34,2,1.272,1.80,0.0130,24.9,1.264,1.09,4.13,-115,6.25,
2026-09-02T16:32:35,2,1.257,0.57,0.0140,24.9,1.266,1.28,4.13,-115,6.50,
2026-09-02T16:32:36,2,1.272,1.80,0.0150,24.9,1.266,1.28,4.11,-115,6.50,
2026-09-02T16:32:37,2,1.259,0.70,0.0160,24.9,1.268,1.47,4.15,-115,6.25,
2026-09-02T16:32:38,2,1.258,0.64,0.0170,24.9,1.265,1.22,4.13,-115,6.50,
2026-09-02T16:32:39,2,1.278,2.25,0.0180,24.9,1.266,1.28,4.12,-115,6.50,
2026-09-02T16:32:40,2,1.255,0.38,0.0200,24.9,1.264,1.09,4.15,-115,6.50,
2026-09-02T16:32:41,2,1.258,0.64,0.0210,24.9,1.274,1.93,4.13,-115,7.00,
2026-09-02T16:32:42,2,1.270,1.60,0.0220,24.9,1.264,1.15,4.12,-115,6.25,
2026-09-02T16:32:44,2,1.260,0.76,0.0230,24.9,1.266,1.28,4.15,-115,5.75,
2026-09-02T16:32:45,2,1.260,0.76,0.0240,24.9,1.267,1.35,4.14,-119,2.00,
2026-09-02T16:32:46,2,1.272,1.80,0.0240,24.9,1.259,0.70,4.13,-117,4.50,
2026-09-02T16:32:47,2,1.259,0.70,0.0360,24.9,1.265,1.22,4.15,-117,5.25,
2026-09-02T16:32:48,2,1.279,2.31,0.0610,24.9,1.268,1.41,4.11,-117,4.50,
2026-09-02T16:32:49,2,1.274,1.93,0.0900,24.9,1.268,1.41,4.13,-121,-0.25,
2026-09-02T16:32:50,2,1.262,0.96,0.1210,24.9,1.268,1.41,4.15,-116,5.75,
2026-09-02T16:32:51,2,1.279,2.31,0.1540,24.9,1.271,1.67,4.11,-115,6.50,
2026-09-02T16:32:52,2,1.276,2.05,0.2270,24.9,1.268,1.47,4.14,-115,6.25,
2026-09-02T16:32:53,2,1.262,0.96,0.2660,24.9,1.272,1.73,4.15,-121,-1.50,
2026-09-02T16:32:54,2,1.278,2.25,0.3070,24.9,1.269,1.54,4.12,-119,3.00,
2026-09-02T16:32:56,2,1.264,1.09,0.3500,24.9,1.268,1.47,4.15,-118,4.25,
2026-09-02T16:32:57,2,1.264,1.15,0.3960,24.9,1.271,1.67,4.13,-117,5.00,
2026-09-02T16:32:58,2,1.281,2.44,0.4430,24.9,1.271,1.67,4.12,-115,6.75,
2026-09-02T16:32:59,2,1.268,1.41,0.4910,24.9,1.269,1.54,4.15,-116,5.50,
2026-09-02T16:33:00,2,1.267,1.35,0.5420,24.9,1.272,1.80,4.13,-114,6.75,
2026-09-02T16:33:01,2,1.284,2.70,0.5950,24.9,1.273,1.86,4.12,-114,6.50,
2026-09-02T16:33:02,2,1.268,1.41,0.6510,24.9,1.274,1.93,4.14,-115,6.25,
2026-09-02T16:33:03,2,1.272,1.80,0.7090,24.9,1.274,1.93,4.13,-115,6.75,
2026-09-02T16:33:04,2,1.285,2.83,0.7690,24.9,1.274,1.93,4.12,-115,6.75,
2026-09-02T16:33:05,2,1.269,1.54,0.8950,24.9,1.276,2.12,4.15,-115,6.50,
2026-09-02T16:33:06,2,1.289,3.15,0.9340,24.9,1.277,2.18,4.11,-115,6.50,
2026-09-02T16:33:07,2,1.281,2.51,0.9460,24.9,1.277,2.18,4.13,-115,6.50,
2026-09-02T16:33:09,2,1.263,1.02,0.9580,24.9,1.276,2.05,4.14,-115,6.25,
2026-09-02T16:33:10,2,1.288,3.02,0.9720,24.9,1.278,2.25,4.11,-115,6.50,
2026-09-02T16:33:11,2,1.283,2.63,0.9910,24.9,1.277,2.18,4.14,-115,6.25,
2026-09-02T16:33:12,2,1.270,1.60,1.0090,24.9,1.276,2.12,4.15,-115,6.25,
2026-09-02T16:33:13,2,1.289,3.15,1.0280,24.9,1.281,2.51,4.12,-115,6.50,
2026-09-02T16:33:14,2,1.293,3.41,1.0490,24.9,1.281,2.44,4.13,-115,6.50,
2026-09-02T16:33:15,2,1.272,1.73,1.0700,24.9,1.279,2.31,4.15,-115,6.25,
2026-09-02T16:33:16,2,1.287,2.96,1.0910,24.9,1.281,2.44,4.12,-115,6.75,
2026-09-02T16:33:17,2,1.274,1.93,1.1380,24.9,1.280,2.38,4.15,-114,6.25,
2026-09-02T16:33:18,2,1.274,1.93,1.1630,24.9,1.281,2.51,4.15,-114,6.50,
2026-09-02T16:33:19,2,1.289,3.09,1.1900,24.9,1.283,2.63,4.12,-113,1.00,
2026-09-02T16:33:21,2,1.278,2.25,1.2330,24.9,1.280,2.38,4.13,-115,7.00,
2026-09-02T16:33:22,2,1.275,1.99,1.2660,24.9,1.288,3.02,4.13,-115,6.75,
2026-09-02T16:33:23,2,1.292,3.34,1.3020,24.9,1.285,2.76,4.12,-115,6.75,
2026-09-02T16:33:24,2,1.277,2.18,1.3410,24.9,1.294,3.54,4.15,-115,6.25,
2026-09-02T16:33:25,2,1.278,2.25,1.3810,24.9,1.285,2.83,4.13,-112,0.50,
2026-09-02T16:33:26,2,1.293,3.41,1.4210,24.9,1.291,3.28,4.12,-115,6.50,
2026-09-02T16:33:27,2,1.279,2.31,1.4620,24.9,1.288,3.02,4.15,-115,6.25,
2026-09-02T16:33:28,2,1.301,4.05,1.5050,24.9,1.289,3.09,4.12,-115,6.00,
2026-09-02T16:33:29,2,1.293,3.41,1.5970,24.9,1.297,3.79,4.12,-115,6.50,
2026-09-02T16:33:31,2,1.297,3.73,1.6910,24.9,1.294,3.54,4.11,-114,6.50,
2026-09-02T16:33:33,2,1.294,3.54,1.7390,24.9,1.293,3.41,4.13,-117,5.25,
2026-09-02T16:33:34,2,1.281,2.51,1.7890,24.9,1.291,3.28,4.15,-114,6.75,
2026-09-02T16:33:35,2,1.297,3.79,1.8430,24.9,1.296,3.67,4.12,-116,6.25,
2026-09-02T16:33:37,2,1.284,2.70,1.9500,24.9,1.305,4.44,4.15,-115,5.75,
2026-09-02T16:33:38,2,1.302,4.18,2.0080,24.9,1.297,3.79,4.12,-114,6.50,
2026-09-02T16:33:39,2,1.285,2.83,2.0660,24.9,1.299,3.92,4.15,-115,6.00,
2026-09-02T16:33:40,2,1.286,2.89,2.1220,24.9,1.297,3.79,4.15,-115,6.25,
2026-09-02T16:33:42,2,1.285,2.83,2.3050,24.9,1.301,4.12,4.15,-115,6.00,
2026-09-02T16:33:43,2,1.290,3.21,2.3660,24.9,1.306,4.50,4.13,-116,5.75,
2026-09-02T16:33:44,2,1.303,4.25,2.4280,24.9,1.305,4.44,4.12,-114,6.75,
2026-09-02T16:33:46,2,1.293,3.41,2.4940,24.9,1.306,4.50,4.15,-115,6.75,
2026-09-02T16:33:48,2,1.306,4.50,2.6310,24.9,1.310,4.83,4.12,-116,6.00,
2026-09-02T16:33:49,2,1.293,3.41,2.7000,24.9,1.308,4.63,4.15,-115,5.75,
2026-09-02T16:33:50,2,1.311,4.89,2.7690,24.9,1.313,5.02,4.11,-117,5.25,
2026-09-02T16:33:51,2,1.322,5.79,2.8390,24.9,1.313,5.02,4.12,-119,2.75,
2026-09-02T16:33:52,2,1.296,3.67,2.9110,24.9,1.312,4.96,4.14,-118,3.50,
2026-09-02T16:33:53,2,1.318,5.41,2.9850,24.9,1.315,5.21,4.12,-118,3.75,
2026-09-02T16:33:54,2,1.316,5.28,3.1310,24.9,1.315,5.21,4.12,-121,-0.50,
2026-09-02T16:33:55,2,1.300,3.99,3.2080,24.9,1.318,5.41,4.15,-119,2.75,
2026-09-02T16:33:56,2,1.318,5.47,3.2860,24.9,1.320,5.60,4.12,-118,4.25,
2026-09-02T16:33:58,2,1.302,4.18,3.3610,24.9,1.321,5.66,4.15,-116,5.75,
2026-09-02T16:33:59,2,1.303,4.25,3.4390,24.9,1.322,5.79,4.14,-117,4.25,
2026-09-02T16:34:00,2,1.320,5.60,3.5190,24.9,1.323,5.86,4.12,-120,2.00,
2026-09-02T16:34:01,2,1.305,4.38,3.5970,24.9,1.322,5.79,4.15,-118,3.25,
2026-09-02T16:34:02,2,1.310,4.76,3.6790,24.9,1.324,5.92,4.14,-118,3.25,
2026-09-02T16:34:03,2,1.321,5.66,3.7590,24.9,1.330,6.37,4.12,-118,3.25,
2026-09-02T16:34:04,2,1.310,4.83,3.8410,24.9,1.330,6.37,4.15,-119,3.00,
2026-09-02T16:34:05,2,1.326,6.12,3.9220,24.9,1.330,6.44,4.14,-119,2.75,
2026-09-02T16:34:06,2,1.326,6.12,4.0850,24.9,1.336,6.89,4.12,-119,3.00,
2026-09-02T16:34:07,2,1.311,4.89,4.1690,24.9,1.335,6.76,4.14,-119,2.50,
2026-09-02T16:34:08,2,1.334,6.70,4.2500,24.9,1.340,7.21,4.11,-119,3.00,
2026-09-02T16:34:09,2,1.330,6.44,4.3330,24.9,1.339,7.15,4.12,-119,3.25,
2026-09-02T16:34:11,2,1.320,5.60,4.4240,24.9,1.340,7.21,4.14,-119,2.25,
2026-09-02T16:34:12,2,1.337,6.95,4.6270,24.9,1.345,7.60,4.11,-119,2.75,
2026-09-02T16:34:13,2,1.331,6.50,4.7320,24.9,1.347,7.73,4.12,-119,3.00,
2026-09-02T16:34:14,2,1.323,5.86,4.8380,24.9,1.343,7.47,4.15,-119,2.75,
2026-09-02T16:34:15,2,1.341,7.28,4.9510,24.9,1.353,8.24,4.11,-119,2.50,
2026-09-02T16:34:16,2,1.326,6.05,5.0570,24.9,1.352,8.18,4.13,-119,2.50,
2026-09-02T16:34:17,2,1.328,6.24,5.1660,24.9,1.351,8.11,4.14,-119,2.75,
2026-09-02T16:34:18,2,1.345,7.60,5.2750,24.9,1.355,8.44,4.12,-119,3.00,
2026-09-02T16:34:19,2,1.329,6.31,5.4980,24.9,1.360,8.82,4.15,-119,2.75,
2026-09-02T16:34:20,2,1.332,6.57,5.6120,24.9,1.358,8.63,4.15,-119,2.50,
2026-09-02T16:34:21,2,1.349,7.92,5.7210,24.9,1.364,9.15,4.12,-119,2.50,
2026-09-02T16:34:23,2,1.335,6.76,5.8330,24.9,1.362,8.95,4.15,-119,2.50,
2026-09-02T16:34:24,2,1.336,6.89,5.9490,24.9,1.359,8.76,4.15,-119,2.50,
2026-09-02T16:34:25,2,1.353,8.24,6.0670,24.9,1.365,9.21,4.12,-119,2.50,
2026-09-02T16:34:26,2,1.339,7.08,6.1830,24.9,1.367,9.34,4.15,-119,2.25,
2026-09-02T16:34:27,2,1.361,8.89,6.3020,24.9,1.371,9.66,4.13,-119,2.25,
2026-09-02T16:34:28,2,1.366,9.27,6.4180,24.9,1.370,9.60,4.12,-119,2.75,
2026-09-02T16:34:29,2,1.345,7.60,6.5390,24.9,1.371,9.66,4.15,-119,2.25,
2026-09-02T16:34:30,2,1.364,9.08,6.6590,24.9,1.376,10.11,4.11,-120,2.25,
2026-09-02T16:34:31,2,1.363,9.02,6.8930,24.9,1.376,10.05,4.12,-120,2.50,
2026-09-02T16:34:32,2,1.343,7.47,7.0160,24.9,1.377,10.18,4.14,-120,2.25,
2026-09-02T16:34:33,2,1.367,9.34,7.1390,24.9,1.384,10.69,4.11,-121,0.50,
2026-09-02T16:34:35,2,1.368,9.40,7.2580,24.9,1.383,10.63,4.12,-118,3.75,
2026-09-02T16:34:36,2,1.353,8.24,7.3820,24.9,1.383,10.63,4.14,-118,4.75,
2026-09-02T16:34:37,2,1.374,9.92,7.5030,24.9,1.400,11.98,4.11,-118,4.25,
2026-09-02T16:34:38,2,1.359,8.69,7.6290,24.9,1.389,11.14,4.13,-117,4.75,
2026-09-02T16:34:39,2,1.363,9.02,7.7540,24.9,1.388,11.02,4.15,-117,4.75,
2026-09-02T16:34:40,2,1.378,10.24,7.8810,24.9,1.393,11.47,4.12,-117,4.00,
2026-09-02T16:34:41,2,1.361,8.89,8.0090,24.9,1.392,11.34,4.15,-116,5.50,
2026-09-02T16:34:42,2,1.364,9.15,8.1380,24.9,1.393,11.47,4.14,-117,4.75,
2026-09-02T16:34:43,2,1.384,10.69,8.2700,24.9,1.398,11.85,4.12,-116,5.25,
2026-09-02T16:34:44,2,1.368,9.47,8.5250,24.9,1.401,12.05,4.14,-120,2.00,
2026-09-02T16:34:45,2,1.372,9.73,8.6540,24.9,1.404,12.30,4.15,-120,2.50,
2026-09-02T16:34:46,2,1.385,10.82,8.7820,24.9,1.405,12.43,4.12,-120,1.50,
2026-09-02T16:34:48,2,1.370,9.60,8.9100,24.9,1.405,12.43,4.15,-120,2.00,
2026-09-02T16:34:49,2,1.394,11.53,9.0390,24.9,1.411,12.88,4.12,-120,1.75,
2026-09-02T16:34:50,2,1.392,11.34,9.1690,24.9,1.407,12.56,4.11,-119,2.25,
2026-09-02T16:34:51,2,1.382,10.56,9.2950,24.9,1.412,12.95,4.15,-120,2.00,
2026-09-02T16:34:52,2,1.398,11.85,9.4300,24.9,1.415,13.21,4.13,-119,2.50,
2026-09-02T16:34:53,2,1.400,11.98,9.5590,24.9,1.416,13.27,4.12,-119,2.00,
2026-09-02T16:34:54,2,1.380,10.37,9.6900,24.9,1.418,13.47,4.14,-120,2.25,
2026-09-02T16:34:55,2,1.401,12.11,9.8210,24.9,1.418,13.47,4.11,-120,0.75,
2026-09-02T16:34:56,2,1.388,11.08,10.0820,24.9,1.422,13.72,4.12,-117,5.50,
2026-09-02T16:34:57,2,1.388,11.02,10.2190,24.9,1.423,13.85,4.14,-117,5.25,
2026-09-02T16:34:58,2,1.406,12.50,10.3520,24.9,1.428,14.24,4.11,-121,1.00,
2026-09-02T16:35:00,2,1.392,11.34,10.4790,24.9,1.430,14.37,4.13,-121,0.75,
2026-09-02T16:35:01,2,1.411,12.88,10.6110,24.9,1.431,14.50,4.13,-121,1.50,
2026-09-02T16:35:02,2,1.409,12.69,10.7420,24.9,1.437,14.95,4.12,-116,6.00,
2026-09-02T16:35:03,2,1.401,12.05,10.8720,24.9,1.437,14.95,4.15,-117,5.25,
2026-09-02T16:35:04,2,1.418,13.47,11.0000,24.9,1.438,15.08,4.13,-120,1.75,
2026-09-02T16:35:06,2,1.405,12.37,11.2670,24.9,1.442,15.40,4.14,-116,6.00,
2026-09-02T16:35:07,2,1.423,13.85,11.3990,24.9,1.444,15.53,4.12,-117,4.75,
2026-09-02T16:35:08,2,1.412,12.95,11.6710,24.9,1.446,15.66,4.13,-117,4.75,
2026-09-02T16:35:09,2,1.409,12.76,11.8070,24.9,1.449,15.92,4.15,-118,4.75,
2026-09-02T16:35:12,2,1.413,13.08,12.0770,24.9,1.453,16.24,4.14,-117,5.00,
2026-09-02T16:35:13,2,1.434,14.69,12.2150,24.9,1.457,16.56,4.13,-116,5.75,
2026-09-02T16:35:14,2,1.432,14.56,12.3500,24.9,1.460,16.82,4.12,-116,6.00,
2026-09-02T16:35:15,2,1.419,13.53,12.4820,24.9,1.460,16.82,4.15,-116,5.75,
2026-09-02T16:35:17,2,1.427,14.17,12.7620,24.9,1.466,17.27,4.13,-116,6.00,
2026-09-02T16:35:18,2,1.426,14.05,12.8960,25.9,1.464,17.14,4.14,-117,5.50,
2026-09-02T16:35:19,2,1.442,15.40,13.0370,25.9,1.468,17.46,4.12,-117,4.75,
2026-09-02T16:35:20,2,1.431,14.50,13.3220,25.9,1.470,17.59,4.15,-119,2.50,
2026-09-02T16:35:21,2,1.448,15.85,13.4690,25.9,1.473,17.85,4.13,-118,3.25,
2026-09-02T16:35:22,2,1.448,15.85,13.6120,25.9,1.475,17.98,4.12,-118,3.50,
2026-09-02T16:35:24,2,1.435,14.82,13.7600,25.9,1.477,18.17,4.15,-120,2.00,
2026-09-02T16:35:25,2,1.454,16.30,13.9020,25.9,1.481,18.49,4.12,-119,2.75,
2026-09-02T16:35:26,2,1.441,15.27,14.0450,25.9,1.482,18.56,4.13,-117,5.50,
2026-09-02T16:35:27,2,1.442,15.33,14.1860,25.9,1.482,18.56,4.15,-117,4.75,
2026-09-02T16:35:28,2,1.459,16.69,14.3320,25.9,1.490,19.20,4.11,-115,7.00,
2026-09-02T16:35:29,2,1.447,15.72,14.4710,25.9,1.488,19.01,4.13,-118,4.75,
2026-09-02T16:35:30,2,1.465,17.20,14.6150,25.9,1.489,19.14,4.13,-116,5.75,
2026-09-02T16:35:31,2,1.463,17.01,14.9070,25.9,1.488,19.07,4.12,-116,6.00,
2026-09-02T16:35:33,2,1.468,17.46,15.1960,25.9,1.497,19.78,4.13,-119,2.75,
2026-09-02T16:35:35,2,1.456,16.50,15.3500,25.9,1.502,20.17,4.13,-116,6.00,
2026-09-02T16:35:36,2,1.456,16.50,15.4940,25.9,1.500,19.98,4.15,-117,5.25,
2026-09-02T16:35:37,2,1.474,17.91,15.6370,25.9,1.506,20.49,4.11,-117,5.00,
2026-09-02T16:35:38,2,1.463,17.01,15.7810,25.9,1.507,20.56,4.14,-117,4.75,
2026-09-02T16:35:39,2,1.480,18.36,15.9110,25.9,1.510,20.81,4.13,-118,4.50,
2026-09-02T16:35:40,2,1.480,18.36,16.0380,25.9,1.509,20.75,4.11,-117,5.00,
2026-09-02T16:35:41,2,1.466,17.27,16.1600,25.9,1.511,20.88,4.14,-118,4.50,
2026-09-02T16:35:42,2,1.484,18.69,16.2770,25.9,1.514,21.14,4.13,-118,4.25,
2026-09-02T16:35:43,2,1.467,17.40,16.5020,25.9,1.516,21.27,4.13,-118,3.25,
2026-09-02T16:35:44,2,1.467,17.40,16.0000,25.9,1.516,21.27,4.14,-124,-9.75,
2026-09-02T16:35:45,2,1.485,18.82,16.7140,25.9,1.518,21.46,4.11,-119,4.00,
2026-09-02T16:35:47,2,1.473,17.85,16.8160,25.9,1.522,21.78,4.13,-115,6.25,
2026-09-02T16:35:48,2,1.491,19.27,16.9100,25.9,1.519,21.52,4.13,-116,6.00,
2026-09-02T16:35:49,2,1.489,19.14,17.0050,25.9,1.522,21.78,4.12,-116,6.00,
2026-09-02T16:35:50,2,1.477,18.17,17.0910,25.9,1.521,21.72,4.14,-115,6.25,
2026-09-02T16:35:51,2,1.495,19.59,17.1730,25.9,1.523,21.85,4.13,-116,5.75,
2026-09-02T16:35:52,2,1.477,18.17,17.2500,25.9,1.528,22.23,4.13,-122,-0.50,
2026-09-02T16:35:53,2,1.481,18.49,17.3240,25.9,1.523,21.85,4.14,-122,-1.25,
2026-09-02T16:35:54,2,1.493,19.46,17.3940,25.9,1.527,22.17,4.13,-123,-2.25,
2026-09-02T16:35:55,2,1.479,18.30,17.5140,25.9,1.528,22.23,4.13,-122,-0.50,
2026-09-02T16:35:56,2,1.499,19.91,17.5700,25.9,1.528,22.23,4.13,-121,0.00,
2026-09-02T16:35:57,2,1.495,19.59,17.6220,25.9,1.532,22.56,4.11,-121,-0.50,
2026-09-02T16:35:59,2,1.483,18.62,17.6780,25.9,1.538,23.01,4.13,-123,-5.75,
2026-09-02T16:36:00,2,1.499,19.91,17.7430,25.9,1.532,22.56,4.13,-123,-6.00,
2026-09-02T16:36:01,2,1.484,18.75,17.8000,25.9,1.533,22.62,4.13,-123,-5.50,
2026-09-02T16:36:03,2,1.501,20.11,17.9200,25.9,1.533,22.62,4.13,-124,-8.00,
2026-09-02T16:36:04,2,1.500,19.98,17.9810,25.9,1.536,22.88,4.12,-122,-1.50,
2026-09-02T16:36:05,2,1.505,20.43,18.0380,25.9,1.535,22.81,4.12,-121,1.00,
2026-09-02T16:36:06,2,1.503,20.23,18.1030,25.9,1.538,23.07,4.12,-121,-0.50,
2026-09-02T16:36:08,2,1.504,20.30,18.2950,25.9,1.538,23.07,4.13,-121,1.00,
2026-09-02T16:36:09,2,1.490,19.20,18.3580,25.9,1.538,23.01,4.13,-121,1.25,
2026-09-02T16:36:11,2,1.489,19.14,18.4240,25.9,1.538,23.01,4.15,-120,2.25,
2026-09-02T16:36:12,2,1.506,20.49,18.4890,25.9,1.541,23.26,4.13,-117,5.25,
2026-09-02T16:36:14,2,1.511,20.88,18.6050,25.9,1.542,23.33,4.13,-114,6.75,
2026-09-02T16:36:15,2,1.509,20.69,18.6640,25.9,1.546,23.65,4.11,-118,5.00,
2026-09-02T16:36:16,2,1.495,19.59,18.7270,25.9,1.541,23.26,4.13,-118,4.50,
2026-09-02T16:36:17,2,1.510,20.81,18.7890,25.9,1.544,23.52,4.13,-118,5.50,
2026-09-02T16:36:19,2,1.500,19.98,18.9580,25.9,1.543,23.46,4.15,-117,5.25,
2026-09-02T16:36:20,2,1.513,21.07,19.0210,25.9,1.547,23.78,4.13,-117,4.75,
2026-09-02T16:36:22,2,1.498,19.85,19.0690,25.9,1.550,23.97,4.13,-117,5.00,
2026-09-02T16:36:23,2,1.501,20.11,19.1340,25.9,1.546,23.65,4.13,-118,4.50,
2026-09-02T16:36:24,2,1.515,21.20,19.1820,25.9,1.548,23.84,4.13,-116,6.25,
2026-09-02T16:36:25,2,1.501,20.11,19.2430,25.9,1.546,23.72,4.13,-119,3.25,
2026-09-02T16:36:26,2,1.521,21.65,19.2990,25.9,1.550,23.97,4.13,-118,3.75,
2026-09-02T16:36:27,2,1.516,21.27,19.3520,25.9,1.550,24.04,4.11,-117,5.25,
2026-09-02T16:36:28,2,1.504,20.30,19.4060,25.9,1.550,24.04,4.13,-117,5.00,
2026-09-02T16:36:29,2,1.518,21.46,19.4460,25.9,1.550,24.04,4.13,-116,6.00,
2026-09-02T16:36:30,2,1.505,20.36,19.5340,25.9,1.551,24.10,4.13,-115,6.25,
2026-09-02T16:36:31,2,1.505,20.43,19.5820,25.9,1.550,24.04,4.14,-117,5.50,
2026-09-02T16:36:32,2,1.519,21.52,19.6310,25.9,1.555,24.36,4.13,-117,5.25,
2026-09-02T16:36:34,2,1.515,21.20,19.6810,25.9,1.552,24.17,4.13,-118,3.50,
2026-09-02T16:36:35,2,1.522,21.78,19.7250,25.9,1.554,24.30,4.13,-117,4.75,
2026-09-02T16:36:36,2,1.521,21.65,19.7700,25.9,1.556,24.49,4.11,-118,4.75,
2026-09-02T16:36:37,2,1.509,20.69,19.8170,25.9,1.553,24.23,4.13,-116,5.50,
2026-09-02T16:36:39,2,1.510,20.81,19.9170,25.9,1.553,24.23,4.12,-117,5.50,
2026-09-02T16:36:40,2,1.510,20.81,19.9710,25.9,1.551,24.10,4.14,-117,5.50,
2026-09-02T16:36:41,2,1.525,21.98,20.0100,25.9,1.556,24.49,4.13,-119,2.25,
2026-09-02T16:36:42,2,1.508,20.62,20.0990,25.9,1.556,24.49,4.13,-119,3.25,
2026-09-02T16:36:43,2,1.530,22.43,20.1490,25.9,1.556,24.49,4.13,-119,3.50,
2026-09-02T16:36:44,2,1.529,22.30,20.1830,25.9,1.561,24.88,4.11,-116,5.50,
2026-09-02T16:36:46,2,1.512,20.94,20.2220,25.9,1.559,24.68,4.13,-116,6.00,
2026-09-02T16:36:47,2,1.526,22.10,20.2590,25.9,1.559,24.75,4.13,-116,5.50,
2026-09-02T16:36:48,2,1.515,21.20,20.2990,25.9,1.559,24.75,4.13,-116,5.75,
2026-09-02T16:36:49,2,1.514,21.14,20.3470,25.9,1.559,24.68,4.15,-117,5.00,
2026-09-02T16:36:50,2,1.528,22.23,20.3910,25.9,1.560,24.81,4.13,-117,5.75,
2026-09-02T16:36:51,2,1.516,21.27,20.4390,25.9,1.560,24.81,4.13,-118,3.75,
2026-09-02T16:36:52,2,1.532,22.56,20.4800,25.9,1.559,24.75,4.12,-118,3.50,
2026-09-02T16:36:53,2,1.532,22.56,20.5250,25.9,1.559,24.75,4.13,-119,3.50,
2026-09-02T16:36:54,2,1.525,22.04,20.5980,25.9,1.559,24.75,4.13,-119,3.25,
2026-09-02T16:36:55,2,1.533,22.62,20.6380,25.9,1.563,25.07,4.13,-118,3.50,
2026-09-02T16:36:56,2,1.519,21.52,20.6670,25.9,1.563,25.01,4.13,-119,3.50,
2026-09-02T16:36:58,2,1.518,21.46,20.6970,25.9,1.565,25.20,4.13,-119,3.50,
2026-09-02T16:37:00,2,1.522,21.78,20.7600,25.9,1.563,25.07,4.13,-118,3.50,
2026-09-02T16:37:01,2,1.538,23.07,20.7940,25.9,1.563,25.01,4.12,-119,3.25,
2026-09-02T16:37:02,2,1.535,22.81,20.8210,25.9,1.565,25.20,4.13,-117,5.25,
2026-09-02T16:37:03,2,1.522,21.78,20.8570,25.9,1.565,25.20,4.13,-117,5.25,
2026-09-02T16:37:05,2,1.521,21.65,20.9550,25.9,1.567,25.33,4.13,-118,3.75,
2026-09-02T16:37:06,2,1.521,21.72,20.9830,25.9,1.566,25.26,4.13,-118,3.75,
2026-09-02T16:37:07,2,1.536,22.88,21.0160,25.9,1.567,25.33,4.13,-118,3.50,
2026-09-02T16:37:09,2,1.522,21.78,21.0440,25.9,1.570,25.59,4.13,-118,3.75,
2026-09-02T16:37:11,2,1.537,22.94,21.0900,25.9,1.566,25.26,4.13,-118,3.75,
2026-09-02T16:37:12,2,1.525,21.98,21.1170,25.9,1.570,25.59,4.13,-118,3.50,
2026-09-02T16:37:13,2,1.540,23.20,21.1450,25.9,1.568,25.46,4.13,-118,4.25,
2026-09-02T16:37:14,2,1.523,21.85,21.1780,25.9,1.568,25.46,4.13,-119,3.75,
2026-09-02T16:37:16,2,1.536,22.88,21.2390,25.9,1.565,25.20,4.13,-118,3.75,
2026-09-02T16:37:17,2,1.527,22.17,21.2990,25.9,1.571,25.71,4.13,-119,4.00,
2026-09-02T16:37:18,2,1.546,23.72,21.3240,25.9,1.568,25.46,4.12,-118,4.75,
2026-09-02T16:37:19,2,1.540,23.20,21.3580,25.9,1.570,25.59,4.13,-118,3.75,
2026-09-02T16:37:21,2,1.528,22.23,21.3940,25.9,1.571,25.71,4.13,-117,4.75,
2026-09-02T16:37:22,2,1.543,23.46,21.4250,25.9,1.571,25.71,4.13,-118,4.25,
2026-09-02T16:37:23,2,1.527,22.17,21.4500,25.9,1.569,25.52,4.15,-119,3.50,
2026-09-02T16:37:24,2,1.528,22.23,21.4740,25.9,1.575,25.97,4.13,-117,4.75,
2026-09-02T16:37:25,2,1.544,23.52,21.4990,25.9,1.572,25.78,4.13,-117,5.25,
2026-09-02T16:37:26,2,1.529,22.30,21.5290,25.9,1.564,25.13,4.13,-117,5.00,
2026-09-02T16:37:27,2,1.550,24.04,21.5660,25.9,1.575,25.97,4.11,-117,4.75,
2026-09-02T16:37:28,2,1.542,23.33,21.5890,25.9,1.574,25.91,4.13,-116,5.50,
2026-09-02T16:37:29,2,1.530,22.43,21.6530,25.9,1.574,25.91,4.13,-116,5.75,
2026-09-02T16:37:30,2,1.546,23.72,21.6870,25.9,1.572,25.78,4.12,-116,6.00,
2026-09-02T16:37:31,2,1.530,22.43,21.7080,25.9,1.572,25.78,4.14,-116,6.00,
2026-09-02T16:37:33,2,1.534,22.68,21.7420,25.9,1.578,26.23,4.13,-116,6.50,
2026-09-02T16:37:34,2,1.546,23.72,21.7720,25.9,1.574,25.91,4.13,-116,6.25,
2026-09-02T16:37:35,2,1.534,22.68,21.8010,25.9,1.575,25.97,4.13,-116,6.00,
2026-09-02T16:37:36,2,1.552,24.17,21.8400,25.9,1.577,26.17,4.12,-116,6.00,
2026-09-02T16:37:37,2,1.545,23.59,21.8700,25.9,1.575,25.97,4.13,-116,5.75,
2026-09-02T16:37:38,2,1.538,23.01,21.9060,25.9,1.577,26.17,4.13,-116,5.75,
2026-09-02T16:37:39,2,1.550,23.97,21.9350,25.9,1.575,25.97,4.13,-117,5.50,
2026-09-02T16:37:40,2,1.535,22.81,21.9740,25.9,1.574,25.91,4.13,-117,5.25,
2026-09-02T16:37:41,2,1.535,22.81,22.0060,25.9,1.578,26.23,4.13,-118,3.75,
2026-09-02T16:37:42,2,1.547,23.78,22.0410,25.9,1.569,25.52,4.13,-118,3.50,
2026-09-02T16:37:43,2,1.538,23.01,22.0730,25.9,1.578,26.23,4.13,-122,-0.50,
2026-09-02T16:37:45,2,1.534,22.68,22.1040,25.9,1.577,26.17,4.12,-120,2.00,
2026-09-02T16:37:46,2,1.549,23.91,22.1250,25.9,1.580,26.42,4.13,-120,2.50,
2026-09-02T16:37:47,2,1.535,22.81,22.1470,25.9,1.579,26.29,4.13,-120,2.25,
2026-09-02T16:37:48,2,1.550,24.04,22.1700,25.9,1.576,26.10,4.13,-120,2.50,
2026-09-02T16:37:49,2,1.550,23.97,22.1950,25.9,1.579,26.29,4.13,-119,3.00,
2026-09-02T16:37:50,2,1.536,22.88,22.2160,25.9,1.578,26.23,4.13,-120,2.75,
2026-09-02T16:37:51,2,1.551,24.10,22.2430,25.9,1.582,26.55,4.12,-120,2.50,
2026-09-02T16:37:52,2,1.538,23.07,22.2980,25.9,1.580,26.42,4.15,-119,3.00,
2026-09-02T16:37:53,2,1.541,23.26,22.3180,25.9,1.568,25.46,4.13,-120,2.75,
2026-09-02T16:37:54,2,1.555,24.36,22.3370,25.9,1.579,26.36,4.13,-119,2.50,
2026-09-02T16:37:56,2,1.536,22.88,22.3550,25.9,1.584,26.68,4.10,-110,3.75,
2026-09-02T16:37:57,2,1.556,24.49,22.3800,25.9,1.581,26.49,4.11,-120,2.50,
2026-09-02T16:37:58,2,1.551,24.10,22.4030,25.9,1.579,26.29,4.13,-120,2.25,
2026-09-02T16:37:59,2,1.542,23.33,22.4280,25.9,1.578,26.23,4.13,-120,2.25,
2026-09-02T16:38:00,2,1.555,24.36,22.4540,25.9,1.580,26.42,4.13,-120,2.00,
2026-09-02T16:38:02,2,1.541,23.26,22.4940,25.9,1.579,26.29,4.13,-120,2.00,
2026-09-02T16:38:03,2,1.554,24.30,22.5060,25.9,1.590,27.20,4.13,-123,-3.75,
2026-09-02T16:38:04,2,1.542,23.39,22.5450,25.9,1.583,26.62,4.13,-120,1.00,
2026-09-02T16:38:05,2,1.560,24.81,22.5650,25.9,1.579,26.36,4.11,-116,5.75,
2026-09-02T16:38:08,2,1.542,23.33,22.6060,25.9,1.584,26.68,4.13,-120,2.25,
2026-09-02T16:38:09,2,1.557,24.55,22.6270,25.9,1.583,26.62,4.13,-118,4.50,
2026-09-02T16:38:10,2,1.542,23.33,22.6580,25.9,1.579,26.36,4.14,-120,2.00,
2026-09-02T16:38:11,2,1.543,23.46,22.6790,25.9,1.583,26.62,4.13,-119,2.75,
2026-09-02T16:38:13,2,1.546,23.65,22.7070,25.9,1.584,26.75,4.12,-119,2.75,
2026-09-02T16:38:14,2,1.562,24.94,22.7360,25.9,1.585,26.81,4.11,-120,2.50,
2026-09-02T16:38:15,2,1.556,24.49,22.7530,25.9,1.584,26.68,4.13,-119,3.00,
2026-09-02T16:38:16,2,1.544,23.52,22.7930,25.9,1.584,26.75,4.13,-120,2.25,
2026-09-02T16:38:17,2,1.561,24.88,22.8160,25.9,1.584,26.75,4.12,-119,2.50,
2026-09-02T16:38:18,2,1.543,23.46,22.8390,25.9,1.583,26.62,4.14,-121,1.50,
2026-09-02T16:38:20,2,1.549,23.91,22.8580,25.9,1.587,26.94,4.13,-120,1.50,
2026-09-02T16:38:21,2,1.559,24.75,22.8840,25.9,1.585,26.81,4.13,-121,1.25,
2026-09-02T16:38:22,2,1.545,23.59,22.9090,25.9,1.588,27.00,4.12,-121,1.25,
2026-09-02T16:38:23,2,1.563,25.07,22.9460,25.9,1.588,27.00,4.10,-121,1.25,
2026-09-02T16:38:24,2,1.559,24.75,22.9710,25.9,1.586,26.87,4.13,-120,1.50,
2026-09-02T16:38:25,2,1.548,23.84,22.9960,25.9,1.586,26.87,4.13,-121,1.50,
2026-09-02T16:38:26,2,1.563,25.07,23.0270,25.9,1.586,26.87,4.13,-120,1.25,
2026-09-02T16:38:27,2,1.546,23.72,23.0800,25.9,1.585,26.81,4.14,-120,1.75,
2026-09-02T16:38:28,2,1.548,23.84,23.1120,25.9,1.589,27.13,4.13,-121,1.25,
2026-09-02T16:38:29,2,1.563,25.01,23.1310,25.9,1.588,27.00,4.13,-120,1.75,
2026-09-02T16:38:30,2,1.549,23.91,23.1610,25.9,1.588,27.00,4.13,-121,1.75,
2026-09-02T16:38:32,2,1.569,25.52,23.1970,25.9,1.592,27.39,4.11,-121,1.75,
2026-09-02T16:38:33,2,1.563,25.07,23.2280,25.9,1.588,27.07,4.13,-120,1.25,
2026-09-02T16:38:34,2,1.550,24.04,23.2520,25.9,1.591,27.26,4.13,-120,1.75,
2026-09-02T16:38:35,2,1.567,25.33,23.2900,25.9,1.590,27.20,4.11,-120,2.00,
2026-09-02T16:38:36,2,1.550,24.04,23.3220,25.9,1.600,28.04,4.14,-120,1.50,
2026-09-02T16:38:37,2,1.550,23.97,23.3430,25.9,1.591,27.26,4.13,-121,1.25,
2026-09-02T16:38:38,2,1.567,25.33,23.3620,25.9,1.592,27.39,4.13,-121,1.25,
2026-09-02T16:38:39,2,1.549,23.91,23.4130,25.9,1.589,27.13,4.15,-118,4.75,
2026-09-02T16:38:40,2,1.566,25.26,23.4450,25.9,1.594,27.52,4.13,-118,3.75,
2026-09-02T16:38:41,2,1.567,25.33,23.4840,25.9,1.592,27.39,4.13,-119,3.50,
2026-09-02T16:38:43,2,1.555,24.36,23.5000,25.9,1.595,27.58,4.13,-120,2.50,
2026-09-02T16:38:44,2,1.571,25.71,23.5230,25.9,1.596,27.65,4.11,-119,2.75,
2026-09-02T16:38:45,2,1.567,25.39,23.5560,25.9,1.596,27.71,4.13,-120,2.25,
2026-09-02T16:38:46,2,1.553,24.23,23.5830,25.9,1.597,27.78,4.13,-119,3.00,
2026-09-02T16:38:47,2,1.569,25.52,23.6140,25.9,1.594,27.52,4.13,-119,3.00,
2026-09-02T16:38:48,2,1.549,23.91,23.6460,25.9,1.596,27.71,4.14,-119,3.50,
2026-09-02T16:38:49,2,1.556,24.49,23.6620,25.9,1.595,27.58,4.13,-119,2.75,
2026-09-02T16:38:50,2,1.569,25.52,23.6890,25.9,1.596,27.71,4.13,-120,2.75,
2026-09-02T16:38:51,2,1.557,24.55,23.7370,25.9,1.598,27.84,4.13,-119,2.75,
2026-09-02T16:38:52,2,1.572,25.78,23.7580,25.9,1.600,28.04,4.11,-119,3.25,
2026-09-02T16:38:53,2,1.570,25.59,23.7790,25.9,1.597,27.78,4.13,-119,3.50,
2026-09-02T16:38:55,2,1.559,24.68,23.7940,25.9,1.598,27.84,4.13,-119,2.75,
2026-09-02T16:38:56,2,1.571,25.65,23.8060,25.9,1.599,27.91,4.13,-118,4.00,
2026-09-02T16:38:57,2,1.555,24.36,23.8290,25.9,1.597,27.78,4.14,-118,4.50,
2026-09-02T16:38:59,2,1.571,25.71,23.8770,25.9,1.600,27.97,4.13,-118,3.50,
2026-09-02T16:39:00,2,1.559,24.68,23.9030,25.9,1.600,27.97,4.13,-119,2.75,
2026-09-02T16:39:01,2,1.576,26.10,23.9160,25.9,1.600,28.04,4.11,-120,2.75,
2026-09-02T16:39:02,2,1.570,25.59,23.9410,25.9,1.600,28.04,4.13,-119,2.75,
2026-09-02T16:39:04,2,1.574,25.91,23.9660,25.9,1.597,27.78,4.13,-119,3.00,
2026-09-02T16:39:05,2,1.558,24.62,23.9780,25.9,1.601,28.10,4.15,-119,2.75,
2026-09-02T16:39:07,2,1.559,24.75,23.9890,25.9,1.600,28.04,4.13,-120,2.75,
2026-09-02T16:39:08,2,1.572,25.78,23.9940,25.9,1.600,28.04,4.12,-119,2.75,
2026-09-02T16:39:10,2,1.578,26.23,24.0120,25.9,1.603,28.23,4.11,-119,2.50,
2026-09-02T16:39:11,2,1.572,25.78,24.0160,25.9,1.599,27.91,4.13,-118,3.50,
2026-09-02T16:39:12,2,1.561,24.88,24.0110,25.9,1.600,28.04,4.12,-120,1.75,
2026-09-02T16:39:13,2,1.575,25.97,24.0140,25.9,1.599,27.91,4.13,-119,2.75,
2026-09-02T16:39:14,2,1.558,24.62,24.0260,25.9,1.596,27.71,4.14,-120,2.50,
2026-09-02T16:39:15,2,1.557,24.55,24.0340,25.9,1.596,27.71,4.13,-119,4.00,
2026-09-02T16:39:16,2,1.575,25.97,24.0330,25.9,1.600,28.04,4.13,-118,3.50,
2026-09-02T16:39:17,2,1.555,24.36,24.0350,25.9,1.600,28.04,4.14,-119,3.25,
2026-09-02T16:39:19,2,1.577,26.17,24.0370,25.9,1.602,28.16,4.11,-119,3.00,
2026-09-02T16:39:20,2,1.571,25.65,24.0240,25.9,1.598,27.84,4.13,-118,5.00,
2026-09-02T16:39:21,2,1.557,24.55,24.0200,25.9,1.600,28.04,4.13,-118,4.25,
2026-09-02T16:39:22,2,1.575,25.97,24.0200,25.9,1.600,27.97,4.11,-117,4.75,
2026-09-02T16:39:23,2,1.555,24.42,24.0170,25.9,1.592,27.33,4.14,-118,4.25,
2026-09-02T16:39:24,2,1.559,24.75,24.0190,25.9,1.601,28.10,4.13,-119,3.00,
2026-09-02T16:39:25,2,1.570,25.59,24.0230,25.9,1.600,27.97,4.13,-119,2.75,
2026-09-02T16:39:26,2,1.557,24.55,24.0140,25.9,1.598,27.84,4.14,-119,2.75,
2026-09-02T16:39:27,2,1.577,26.17,24.0180,25.9,1.606,28.49,4.11,-119,3.00,
2026-09-02T16:39:28,2,1.573,25.84,24.0110,25.9,1.598,27.84,4.13,-119,2.50,
2026-09-02T16:39:30,2,1.559,24.75,24.0120,25.9,1.599,27.91,4.13,-119,2.75,
2026-09-02T16:39:31,2,1.575,26.04,24.0150,25.9,1.603,28.23,4.12,-120,2.75,
2026-09-02T16:39:32,2,1.561,24.88,24.0260,25.9,1.596,27.71,4.13,-120,2.50,
2026-09-02T16:39:33,2,1.559,24.68,24.0230,25.9,1.598,27.84,4.13,-120,3.00,
2026-09-02T16:39:34,2,1.572,25.78,24.0150,25.9,1.597,27.78,4.13,-120,2.75,
2026-09-02T16:39:35,2,1.557,24.55,24.0060,25.9,1.600,27.97,4.14,-120,3.00,
2026-09-02T16:39:36,2,1.551,24.10,23.9980,25.9,1.597,27.78,4.13,-119,2.75,
2026-09-02T16:39:37,2,1.572,25.78,23.9950,25.9,1.592,27.39,4.13,-118,4.25,
2026-09-02T16:39:38,2,1.557,24.55,23.9910,25.9,1.598,27.84,4.12,-119,3.25,
2026-09-02T16:39:39,2,1.572,25.78,24.0000,25.9,1.598,27.84,4.11,-120,2.75,
2026-09-02T16:39:40,2,1.572,25.78,24.0030,25.9,1.597,27.78,4.13,-120,2.25,
2026-09-02T16:39:42,2,1.558,24.62,24.0010,25.9,1.598,27.84,4.13,-120,3.00,
2026-09-02T16:39:43,2,1.571,25.71,24.0040,25.9,1.597,27.78,4.13,-120,2.75,
2026-09-02T16:39:44,2,1.559,24.75,23.9990,25.9,1.595,27.58,4.15,-119,2.75,
2026-09-02T16:39:45,2,1.559,24.75,23.9940,25.9,1.599,27.91,4.13,-119,2.75,
2026-09-02T16:39:46,2,1.576,26.10,23.9890,25.9,1.596,27.71,4.13,-119,2.50,
2026-09-02T16:39:47,2,1.559,24.75,23.9880,25.9,1.600,28.04,4.12,-119,2.75,
2026-09-02T16:39:48,2,1.577,26.17,23.9810,25.9,1.598,27.84,4.11,-120,2.75,
2026-09-02T16:39:49,2,1.572,25.78,23.9850,25.9,1.595,27.58,4.13,-120,2.75,
2026-09-02T16:39:50,2,1.559,24.68,23.9830,25.9,1.597,27.78,4.13,-118,3.75,
2026-09-02T16:39:51,2,1.577,26.17,23.9800,25.9,1.596,27.71,4.12,-118,4.00,
2026-09-02T16:39:52,2,1.557,24.55,23.9820,25.9,1.595,27.58,4.14,-118,4.50,
2026-09-02T16:39:54,2,1.557,24.55,23.9890,25.9,1.601,28.10,4.13,-118,3.75,
2026-09-02T16:39:56,2,1.559,24.75,24.0000,25.9,1.596,27.71,4.13,-118,4.25,
2026-09-02T16:39:57,2,1.576,26.10,23.9970,25.9,1.600,27.97,4.11,-118,4.50,
2026-09-02T16:39:58,2,1.573,25.84,23.9890,25.9,1.596,27.71,4.13,-117,5.50,
2026-09-02T16:39:59,2,1.558,24.62,23.9850,25.9,1.592,27.39,4.13,-117,5.50,
2026-09-02T16:40:01,2,1.559,24.68,23.9730,25.9,1.596,27.65,4.14,-118,3.75,
2026-09-02T16:40:02,2,1.559,24.68,23.9760,25.9,1.598,27.84,4.13,-118,3.50,
2026-09-02T16:40:03,2,1.571,25.71,23.9820,25.9,1.595,27.58,4.12,-117,5.50,
2026-09-02T16:40:04,2,1.555,24.42,23.9840,25.9,1.595,27.58,4.14,-117,5.50,
2026-09-02T16:40:07,2,1.573,25.84,23.9890,25.9,1.595,27.58,4.13,-116,6.00,
2026-09-02T16:40:08,2,1.559,24.68,23.9960,25.9,1.598,27.84,4.12,-117,5.75,
2026-09-02T16:40:09,2,1.576,26.10,23.9920,25.9,1.597,27.78,4.11,-117,4.75,
2026-09-02T16:40:10,2,1.558,24.62,23.9870,25.9,1.594,27.52,4.15,-117,5.00,
2026-09-02T16:40:11,2,1.558,24.62,23.9850,25.9,1.598,27.84,4.13,-118,4.75,
2026-09-02T16:40:12,2,1.573,25.84,23.9800,25.9,1.595,27.58,4.12,-117,5.25,
2026-09-02T16:40:13,2,1.558,24.62,23.9710,25.9,1.594,27.52,4.14,-117,5.25,
2026-09-02T16:40:14,2,1.574,25.91,23.9760,25.9,1.596,27.71,4.11,-118,5.00,
2026-09-02T16:40:15,2,1.573,25.84,23.9720,25.9,1.596,27.65,4.13,-118,5.00,
2026-09-02T16:40:17,2,1.557,24.55,23.9810,25.9,1.602,28.16,4.13,-117,5.00,
2026-09-02T16:40:18,2,1.574,25.91,23.9850,25.9,1.595,27.58,4.11,-117,4.75,
2026-09-02T16:40:19,2,1.558,24.62,23.9910,25.9,1.593,27.45,4.14,-117,4.75,
2026-09-02T16:40:20,2,1.558,24.62,23.9900,25.9,1.596,27.65,4.13,-117,5.00,
2026-09-02T16:40:21,2,1.575,25.97,23.9900,25.9,1.593,27.45,4.13,-117,5.00,
2026-09-02T16:40:22,2,1.556,24.49,23.9830,25.9,1.593,27.45,4.14,-117,5.25,
2026-09-02T16:40:23,2,1.576,26.10,23.9820,25.9,1.596,27.71,4.11,-118,5.25,
2026-09-02T16:40:24,2,1.569,25.52,23.9740,25.9,1.595,27.58,4.13,-117,5.00,
2026-09-02T16:40:25,2,1.560,24.81,23.9670,25.9,1.595,27.58,4.12,-116,5.75,
2026-09-02T16:40:26,2,1.573,25.84,23.9720,25.9,1.597,27.78,4.12,-116,5.75,
2026-09-02T16:40:27,2,1.557,24.55,23.9640,25.9,1.594,27.52,4.14,-116,6.00,
2026-09-02T16:40:29,2,1.558,24.62,23.9710,25.9,1.592,27.39,4.12,-116,6.00,
2026-09-02T16:40:30,2,1.571,25.71,23.9730,25.9,1.596,27.65,4.12,-117,5.50,
2026-09-02T16:40:31,2,1.560,24.81,23.9730,25.9,1.592,27.33,4.14,-117,5.00,
2026-09-02T16:40:32,2,1.559,24.75,23.9700,25.9,1.593,27.45,4.13,-117,5.50,
2026-09-02T16:40:33,2,1.576,26.10,23.9680,25.9,1.592,27.33,4.13,-117,5.00,
2026-09-02T16:40:34,2,1.557,24.55,23.9630,25.9,1.595,27.58,4.12,-117,5.25,
2026-09-02T16:40:35,2,1.574,25.91,23.9570,25.9,1.592,27.33,4.11,-117,5.25,
2026-09-02T16:40:36,2,1.568,25.46,23.9520,25.9,1.592,27.39,4.13,-118,5.25,
2026-09-02T16:40:37,2,1.558,24.62,23.9500,25.9,1.594,27.52,4.12,-117,5.00,
2026-09-02T16:40:38,2,1.575,25.97,23.9380,25.9,1.595,27.58,4.11,-117,5.25,
2026-09-02T16:40:39,2,1.556,24.49,23.9360,25.9,1.592,27.39,4.14,-117,5.00,
2026-09-02T16:40:41,2,1.563,25.01,23.9390,25.9,1.595,27.58,4.13,-117,5.00,
2026-09-02T16:40:42,2,1.570,25.59,23.9410,25.9,1.592,27.39,4.13,-117,5.00,
2026-09-02T16:40:43,2,1.555,24.36,23.9330,25.9,1.592,27.33,4.14,-117,4.75,
2026-09-02T16:40:44,2,1.575,26.04,23.9190,25.9,1.594,27.52,4.11,-116,5.75,
2026-09-02T16:40:45,2,1.570,25.59,23.9180,25.9,1.591,27.26,4.13,-116,6.25,1
2026-09-02T16:40:46,2,1.557,24.55,23.9130,25.9,1.592,27.39,4.12,-117,5.25,
2026-09-02T16:40:47,2,1.571,25.65,23.9100,25.9,1.587,26.94,4.11,-117,5.50,
2026-09-02T16:40:48,2,1.557,24.55,23.9030,25.9,1.592,27.33,4.14,-117,5.25,
2026-09-02T16:40:49,2,1.559,24.68,23.9020,25.9,1.593,27.45,4.13,-116,6.00,
2026-09-02T16:40:50,2,1.572,25.78,23.8960,25.9,1.592,27.39,4.13,-116,6.00,
2026-09-02T16:40:53,2,1.575,26.04,23.9040,25.9,1.595,27.58,4.11,-116,5.75,
2026-09-02T16:40:54,2,1.568,25.46,23.9100,25.9,1.593,27.45,4.13,-116,5.75,
2026-09-02T16:40:55,2,1.558,24.62,23.9060,25.9,1.592,27.33,4.12,-116,5.75,
2026-09-02T16:40:56,2,1.573,25.84,23.8980,25.9,1.589,27.13,4.10,-116,5.50,
2026-09-02T16:40:58,2,1.558,24.62,23.8850,25.9,1.592,27.33,4.13,-116,6.00,
2026-09-02T16:40:59,2,1.569,25.52,23.8920,25.9,1.592,27.33,4.13,-116,6.00,
2026-09-02T16:41:00,2,1.556,24.49,23.8820,25.9,1.589,27.13,4.14,-116,5.75,
2026-09-02T16:41:01,2,1.579,26.29,23.8740,25.9,1.596,27.65,4.11,-116,5.75,
2026-09-02T16:41:03,2,1.558,24.62,23.8800,25.9,1.593,27.45,4.12,-116,6.00,
2026-09-02T16:41:05,2,1.571,25.65,23.8840,25.9,1.592,27.33,4.11,-116,6.00,
2026-09-02T16:41:06,2,1.554,24.30,23.8740,25.9,1.588,27.07,4.14,-116,6.00,
2026-09-02T16:41:07,2,1.556,24.49,23.8770,25.9,1.591,27.26,4.13,-116,5.50,
2026-09-02T16:41:08,2,1.571,25.71,23.8690,25.9,1.592,27.33,4.13,-117,5.25,
2026-09-02T16:41:09,2,1.559,24.68,23.8730,25.9,1.588,27.00,4.14,-117,5.00,
2026-09-02T16:41:10,2,1.575,26.04,23.8710,25.9,1.592,27.33,4.11,-117,5.25,
2026-09-02T16:41:11,2,1.570,25.59,23.8670,25.9,1.591,27.26,4.13,-117,5.25,
2026-09-02T16:41:12,2,1.559,24.75,23.8540,25.9,1.591,27.26,4.12,-117,5.00,
2026-09-02T16:41:13,2,1.570,25.59,23.8430,25.9,1.594,27.52,4.11,-118,5.00,
2026-09-02T16:41:14,2,1.556,24.49,23.8420,25.9,1.588,27.00,4.14,-117,5.25,
2026-09-02T16:41:16,2,1.556,24.49,23.8490,25.9,1.592,27.39,4.13,-118,3.50,
2026-09-02T16:41:17,2,1.571,25.71,23.8460,25.9,1.588,27.07,4.13,-118,4.25,
2026-09-02T16:41:18,2,1.557,24.55,23.8530,25.9,1.589,27.13,4.14,-117,5.75,
2026-09-02T16:41:19,2,1.575,26.04,23.8550,25.9,1.592,27.33,4.11,-117,5.00,
2026-09-02T16:41:20,2,1.568,25.46,23.8590,25.9,1.592,27.33,4.13,-117,5.00,
2026-09-02T16:41:21,2,1.558,24.62,23.8650,25.9,1.592,27.39,4.12,-118,5.00,
2026-09-02T16:41:22,2,1.570,25.59,23.8780,25.9,1.592,27.33,4.11,-117,4.75,
2026-09-02T16:41:23,2,1.555,24.36,23.8840,25.9,1.590,27.20,4.14,-117,5.00,
2026-09-02T16:41:24,2,1.557,24.55,23.8840,25.9,1.594,27.52,4.12,-118,4.75,
2026-09-02T16:41:25,2,1.572,25.78,23.8960,25.9,1.590,27.20,4.13,-117,5.50,
2026-09-02T16:41:26,2,1.557,24.55,23.8970,25.9,1.592,27.39,4.14,-117,5.00,
2026-09-02T16:41:28,2,1.580,26.42,23.9020,25.9,1.592,27.39,4.11,-117,5.00,
2026-09-02T16:41:29,2,1.569,25.52,23.9090,25.9,1.590,27.20,4.13,-118,4.75,
2026-09-02T16:41:30,2,1.558,24.62,23.9020,25.9,1.589,27.13,4.14,-117,5.25,
2026-09-02T16:41:31,2,1.574,25.91,23.9100,25.9,1.590,27.20,4.12,-118,4.50,1
2026-09-02T16:41:32,2,1.559,24.75,23.9140,25.9,1.588,27.07,4.13,-118,4.75,
2026-09-02T16:41:33,2,1.559,24.68,23.9110,25.9,1.592,27.33,4.13,-118,4.00,
2026-09-02T16:41:34,2,1.572,25.78,23.9190,25.9,1.590,27.20,4.11,-117,5.00,
2026-09-02T16:41:35,2,1.556,24.49,23.9140,25.9,1.586,26.87,4.14,-119,4.00,
2026-09-02T16:41:36,2,1.558,24.62,23.9230,25.9,1.591,27.26,4.13,-117,4.75,
2026-09-02T16:41:37,2,1.570,25.59,23.9260,25.9,1.589,27.13,4.13,-118,4.50,
2026-09-02T16:41:38,2,1.558,24.62,23.9130,25.9,1.590,27.20,4.14,-118,4.25,
2026-09-02T16:41:40,2,1.573,25.84,23.9110,25.9,1.591,27.26,4.11,-118,4.25,
2026-09-02T16:41:41,2,1.570,25.59,23.9040,25.9,1.591,27.26,4.13,-118,4.00,
2026-09-02T16:41:42,2,1.556,24.49,23.9020,25.9,1.591,27.26,4.13,-118,4.00,
2026-09-02T16:41:43,2,1.573,25.84,23.8940,25.9,1.592,27.33,4.11,-118,3.75,
2026-09-02T16:41:44,2,1.555,24.36,23.8930,25.9,1.588,27.07,4.14,-116,6.00,
2026-09-02T16:41:45,2,1.558,24.62,23.8840,25.9,1.592,27.33,4.13,-123,-3.25,
2026-09-02T16:41:46,2,1.570,25.59,23.8800,25.9,1.589,27.13,4.13,-123,-4.50,
2026-09-02T16:41:47,2,1.555,24.42,23.8790,25.9,1.586,26.87,4.14,-122,-3.00,
2026-09-02T16:41:49,2,1.571,25.65,23.8760,25.9,1.588,27.00,4.13,-123,-4.00,
2026-09-02T16:41:50,2,1.556,24.49,23.8710,25.9,1.588,27.00,4.13,-123,-4.25,
2026-09-02T16:41:52,2,1.572,25.78,23.8720,25.9,1.592,27.33,4.11,-123,-1.50,
2026-09-02T16:41:53,2,1.559,24.75,23.8750,25.9,1.589,27.13,4.14,-121,1.25,
2026-09-02T16:41:55,2,1.572,25.78,23.8840,25.9,1.589,27.13,4.13,-116,5.75,
2026-09-02T16:41:56,2,1.558,24.62,23.9220,25.9,1.589,27.13,4.14,-116,5.75,
2026-09-02T16:41:57,2,1.577,26.17,23.9640,25.9,1.596,27.65,4.11,-116,5.75,
2026-09-02T16:41:58,2,1.572,25.78,23.9970,25.9,1.588,27.07,4.13,-115,6.25,
2026-09-02T16:42:00,2,1.576,26.10,24.1330,25.9,1.592,27.33,4.12,-116,5.75,
2026-09-02T16:42:01,2,1.559,24.68,24.1650,25.9,1.587,26.94,4.13,-115,6.25,
2026-09-02T16:42:03,2,1.560,24.81,24.1960,25.9,1.592,27.33,4.12,-116,5.75,
2026-09-02T16:42:04,2,1.575,26.04,24.2210,25.9,1.596,27.65,4.13,-116,7.25,
2026-09-02T16:42:06,2,1.579,26.36,24.2580,25.9,1.592,27.39,4.11,-116,6.25,
2026-09-02T16:42:07,2,1.574,25.91,24.2760,25.9,1.592,27.33,4.13,-116,6.50,
2026-09-02T16:42:08,2,1.563,25.01,24.2910,25.9,1.592,27.33,4.13,-115,6.25,
2026-09-02T16:42:09,2,1.577,26.17,24.3030,25.9,1.593,27.45,4.11,-115,6.25,
2026-09-02T16:42:10,2,1.561,24.88,24.3310,26.9,1.591,27.26,4.14,-116,6.25,
2026-09-02T16:42:11,2,1.559,24.75,24.3380,26.9,1.592,27.39,4.12,-116,6.25,
2026-09-02T16:42:12,2,1.575,25.97,24.3510,26.9,1.591,27.26,4.13,-115,6.00,
2026-09-02T16:42:13,2,1.561,24.88,24.3620,26.9,1.588,27.07,4.14,-115,6.25,
2026-09-02T16:42:15,2,1.582,26.55,24.3670,26.9,1.584,26.68,4.11,-116,6.00,
2026-09-02T16:42:16,2,1.575,26.04,24.3380,26.9,1.590,27.20,4.12,-119,3.00,
2026-09-02T16:42:17,2,1.563,25.01,24.3060,26.9,1.588,27.07,4.14,-118,4.75,
2026-09-02T16:42:18,2,1.574,25.91,24.2770,26.9,1.591,27.26,4.11,-116,6.00,
2026-09-02T16:42:19,2,1.559,24.75,24.2550,26.9,1.588,27.00,4.14,-117,6.50,
2026-09-02T16:42:20,2,1.555,24.42,24.2160,26.9,1.589,27.13,4.12,-118,4.75,
2026-09-02T16:42:21,2,1.575,26.04,24.1850,26.9,1.591,27.26,4.11,-117,5.00,
2026-09-02T16:42:22,2,1.557,24.55,24.1460,26.9,1.588,27.00,4.14,-121,1.25,
2026-09-02T16:42:23,2,1.559,24.75,24.1330,26.9,1.591,27.26,4.12,-120,2.50,
2026-09-02T16:42:24,2,1.571,25.65,24.1200,26.9,1.587,26.94,4.12,-119,3.75,
2026-09-02T16:42:25,2,1.558,24.62,24.1190,26.9,1.588,27.00,4.14,-120,3.00,
2026-09-02T16:42:27,2,1.573,25.84,24.1050,26.9,1.591,27.26,4.11,-119,2.50,
2026-09-02T16:42:28,2,1.572,25.78,24.1040,26.9,1.588,27.00,4.12,-120,2.25,
2026-09-02T16:42:29,2,1.559,24.68,24.1020,26.9,1.599,27.91,4.12,-119,3.00,
2026-09-02T16:42:30,2,1.575,25.97,24.1010,26.9,1.588,27.07,4.11,-118,4.25,
2026-09-02T16:42:31,2,1.559,24.75,24.1010,26.9,1.589,27.13,4.14,-119,3.75,
2026-09-02T16:42:32,2,1.559,24.68,24.1030,26.9,1.589,27.13,4.12,-120,2.75,
2026-09-02T16:42:33,2,1.574,25.91,24.1030,26.9,1.587,26.94,4.12,-120,2.50,
2026-09-02T16:42:34,2,1.559,24.75,24.0950,26.9,1.590,27.20,4.14,-120,2.75,
2026-09-02T16:42:36,2,1.573,25.84,24.1020,26.9,1.582,26.55,4.13,-120,3.00,
2026-09-02T16:42:37,2,1.561,24.88,24.1080,26.9,1.587,26.94,4.12,-120,2.50,
2026-09-02T16:42:39,2,1.563,25.01,24.0930,26.9,1.591,27.26,4.11,-119,2.50,
2026-09-02T16:42:40,2,1.558,24.62,24.1040,26.9,1.587,26.94,4.14,-118,4.50,
2026-09-02T16:42:41,2,1.563,25.07,24.1060,26.9,1.588,27.07,4.13,-118,3.50,
2026-09-02T16:42:42,2,1.574,25.91,24.1060,26.9,1.588,27.00,4.13,-121,2.00,
2026-09-02T16:42:43,2,1.560,24.81,24.1130,26.9,1.586,26.87,4.14,-121,1.00,
2026-09-02T16:42:44,2,1.578,26.23,24.1100,26.9,1.588,27.07,4.11,-120,2.75,
2026-09-02T16:42:46,2,1.559,24.68,24.1100,26.9,1.588,27.07,4.12,-120,2.25,
2026-09-02T16:42:47,2,1.576,26.10,24.1060,26.9,1.590,27.20,4.11,-120,2.75,
2026-09-02T16:42:48,2,1.562,24.94,24.1040,26.9,1.586,26.87,4.14,-120,1.75,
2026-09-02T16:42:50,2,1.561,24.88,24.0980,26.9,1.586,26.87,4.13,-121,0.50,
2026-09-02T16:42:52,2,1.558,24.62,24.0930,26.9,1.587,26.94,4.14,-119,3.50,
2026-09-02T16:42:53,2,1.578,26.23,24.0910,26.9,1.587,26.94,4.11,-119,3.50,
2026-09-02T16:42:54,2,1.573,25.84,24.0980,26.9,1.588,27.00,4.12,-118,4.00,
2026-09-02T16:42:55,2,1.562,24.94,24.1010,26.9,1.591,27.26,4.12,-118,3.25,
2026-09-02T16:42:57,2,1.561,24.88,24.0900,26.9,1.585,26.81,4.14,-119,3.50,
2026-09-02T16:42:58,2,1.560,24.81,24.0960,26.9,1.588,27.00,4.12,-119,3.25,
2026-09-02T16:42:59,2,1.574,25.91,24.0880,26.9,1.587,26.94,4.12,-119,3.50,
2026-09-02T16:43:00,2,1.567,25.33,24.0880,26.9,1.589,27.13,4.14,-119,3.25,
2026-09-02T16:43:03,2,1.572,25.78,24.0800,26.9,1.578,26.23,4.13,-119,3.50,
2026-09-02T16:43:04,2,1.560,24.81,24.0850,26.9,1.590,27.20,4.14,-119,2.50,
2026-09-02T16:43:05,2,1.568,25.46,24.0800,26.9,1.591,27.26,4.11,-120,2.00,
2026-09-02T16:43:06,2,1.559,24.68,24.0790,26.9,1.588,27.07,4.14,-120,2.25,
2026-09-02T16:43:07,2,1.560,24.81,24.0850,26.9,1.586,26.87,4.12,-120,2.25,
2026-09-02T16:43:08,2,1.575,25.97,24.0910,26.9,1.590,27.20,4.11,-120,1.50,
2026-09-02T16:43:09,2,1.561,24.88,24.1030,26.9,1.585,26.81,4.14,-123,-2.75,
2026-09-02T16:43:10,2,1.561,24.88,24.1020,26.9,1.588,27.00,4.13,-118,5.00,
2026-09-02T16:43:11,2,1.575,26.04,24.1040,26.9,1.587,26.94,4.13,-116,5.75,
2026-09-02T16:43:12,2,1.559,24.75,24.1080,26.9,1.586,26.87,4.14,-119,4.00,
2026-09-02T16:43:14,2,1.576,26.10,24.1090,26.9,1.587,26.94,4.11,-119,3.25,
2026-09-02T16:43:15,2,1.573,25.84,24.1020,26.9,1.586,26.87,4.13,-120,2.50,
2026-09-02T16:43:16,2,1.559,24.75,24.1000,26.9,1.585,26.81,4.12,-117,5.00,
2026-09-02T16:43:17,2,1.572,25.78,24.0990,26.9,1.587,26.94,4.11,-118,4.75,
2026-09-02T16:43:18,2,1.560,24.81,24.1040,26.9,1.587,26.94,4.14,-117,4.75,
2026-09-02T16:43:19,2,1.560,24.81,24.1070,26.9,1.586,26.87,4.12,-117,5.00,
2026-09-02T16:43:20,2,1.573,25.84,24.1150,26.9,1.587,26.94,4.12,-117,5.50,
2026-09-02T16:43:21,2,1.550,24.04,24.1160,26.9,1.588,27.00,4.14,-116,5.50,
2026-09-02T16:43:22,2,1.575,26.04,24.1260,26.9,1.586,26.87,4.11,-118,4.75,
2026-09-02T16:43:23,2,1.574,25.91,24.1260,26.9,1.585,26.81,4.13,-118,3.75,
2026-09-02T16:43:24,2,1.563,25.01,24.1310,26.9,1.586,26.87,4.12,-119,3.50,
2026-09-02T16:43:26,2,1.571,25.65,24.1350,26.9,1.587,26.94,4.11,-119,3.50,
2026-09-02T16:43:27,2,1.560,24.81,24.1350,26.9,1.586,26.87,4.14,-118,4.25,
2026-09-02T16:43:28,2,1.561,24.88,24.1350,26.9,1.588,27.07,4.12,-119,3.50,
2026-09-02T16:43:29,2,1.575,25.97,24.1330,26.9,1.587,26.94,4.12,-118,4.25,
2026-09-02T16:43:30,2,1.558,24.62,24.1300,26.9,1.585,26.81,4.13,-118,4.00,
2026-09-02T16:43:31,2,1.578,26.23,24.1370,26.9,1.587,26.94,4.11,-118,4.25,
2026-09-02T16:43:32,2,1.573,25.84,24.1360,26.9,1.584,26.68,4.12,-118,3.50,
2026-09-02T16:43:33,2,1.562,24.94,24.1270,26.9,1.589,27.13,4.12,-119,3.50,
2026-09-02T16:43:34,2,1.575,25.97,24.1350,26.9,1.586,26.87,4.11,-119,3.25,
2026-09-02T16:43:35,2,1.560,24.81,24.1370,26.9,1.584,26.75,4.14,-119,3.50,
2026-09-02T16:43:37,2,1.559,24.68,24.1340,26.9,1.586,26.87,4.13,-119,2.75,
2026-09-02T16:43:38,2,1.570,25.59,24.1270,26.9,1.585,26.81,4.13,-119,3.25,
2026-09-02T16:43:39,2,1.559,24.68,24.1200,26.9,1.586,26.87,4.14,-119,2.75,
2026-09-02T16:43:40,2,1.577,26.17,24.1150,26.9,1.588,27.07,4.11,-120,2.75,
2026-09-02T16:43:41,2,1.575,25.97,24.1180,26.9,1.585,26.81,4.13,-118,3.75,
2026-09-02T16:43:42,2,1.560,24.81,24.1230,26.9,1.587,26.94,0.00,-113,1.50,
2026-09-02T16:43:43,2,1.575,26.04,24.1140,26.9,1.588,27.00,4.11,-118,3.75,
2026-09-02T16:43:44,2,1.559,24.75,24.1070,26.9,1.586,26.87,4.14,-118,3.25,
2026-09-02T16:43:45,2,1.560,24.81,24.1130,26.9,1.584,26.75,4.13,-119,3.25,
2026-09-02T16:43:46,2,1.574,25.91,24.1140,26.9,1.585,26.81,4.13,-118,4.25,
2026-09-02T16:43:49,2,1.579,26.36,24.1180,26.9,1.586,26.87,4.11,-118,3.75,
2026-09-02T16:43:50,2,1.572,25.78,24.1190,26.9,1.588,27.00,4.13,-119,4.25,
2026-09-02T16:43:51,2,1.556,24.49,24.1130,26.9,1.582,26.55,4.14,-118,4.00,
2026-09-02T16:43:52,2,1.575,25.97,24.1180,26.9,1.583,26.62,4.11,-119,3.50,
2026-09-02T16:43:54,2,1.559,24.75,24.1200,26.9,1.585,26.81,4.12,-117,5.50,
2026-09-02T16:43:55,2,1.574,25.91,24.1110,26.9,1.586,26.87,4.11,-117,5.00,
2026-09-02T16:43:56,2,1.561,24.88,24.1050,26.9,1.582,26.55,4.14,-116,5.75,
2026-09-02T16:43:57,2,1.580,26.42,24.1040,26.9,1.585,26.81,4.11,-117,5.25,
2026-09-02T16:43:59,2,1.558,24.62,24.1060,26.9,1.585,26.81,4.14,-117,5.25,
2026-09-02T16:44:01,2,1.577,26.17,24.1070,26.9,1.587,26.94,4.11,-118,5.75,
2026-09-02T16:44:02,2,1.558,24.62,24.1040,26.9,1.584,26.68,4.14,-118,4.50,
2026-09-02T16:44:03,2,1.559,24.75,24.1020,26.9,1.586,26.87,4.13,-119,3.00,
2026-09-02T16:44:04,2,1.575,25.97,24.1030,26.9,1.587,26.94,4.11,-119,3.00,
2026-09-02T16:44:05,2,1.559,24.75,24.1040,26.9,1.582,26.55,4.14,-119,3.25,
2026-09-02T16:44:06,2,1.572,25.78,24.0980,26.9,1.588,27.00,4.12,-119,3.00,
2026-09-02T16:44:07,2,1.574,25.91,24.1000,26.9,1.585,26.81,4.12,-119,2.75,
2026-09-02T16:44:08,2,1.557,24.55,24.0950,26.9,1.585,26.81,4.14,-120,2.50,
2026-09-02T16:44:09,2,1.578,26.23,24.0960,26.9,1.586,26.87,4.11,-119,2.75,
2026-09-02T16:44:10,2,1.559,24.75,24.0980,26.9,1.585,26.81,4.13,-120,2.25,
2026-09-02T16:44:11,2,1.561,24.88,24.0950,26.9,1.585,26.81,4.12,-120,2.00,
2026-09-02T16:44:13,2,1.573,25.84,24.0970,26.9,1.596,27.65,4.11,-120,2.25,
2026-09-02T16:44:14,2,1.561,24.88,24.0930,26.9,1.584,26.68,4.14,-119,3.25,
2026-09-02T16:44:15,2,1.560,24.81,24.0960,26.9,1.582,26.55,4.12,-120,2.25,
2026-09-02T16:44:16,2,1.573,25.84,24.0920,26.9,1.584,26.68,4.12,-119,3.25,
2026-09-02T16:44:17,2,1.559,24.75,24.1030,26.9,1.584,26.75,4.14,-119,3.50,
2026-09-02T16:44:18,2,1.576,26.10,24.1010,26.9,1.587,26.94,4.11,-119,3.50,
2026-09-02T16:44:19,2,1.571,25.71,24.1050,26.9,1.585,26.81,4.12,-118,4.50,
2026-09-02T16:44:20,2,1.557,24.55,24.1040,26.9,1.584,26.75,4.12,-119,3.75,
2026-09-02T16:44:21,2,1.574,25.91,24.1060,26.9,1.586,26.87,4.11,-119,3.25,
2026-09-02T16:44:22,2,1.557,24.55,24.1070,26.9,1.583,26.62,4.14,-118,3.50,
2026-09-02T16:44:24,2,1.562,24.94,24.1080,26.9,1.585,26.81,4.12,-120,2.25,
2026-09-02T16:44:25,2,1.571,25.71,24.1090,26.9,1.583,26.62,4.12,-117,5.00,
2026-09-02T16:44:26,2,1.553,24.23,24.1110,26.9,1.580,26.42,4.13,-118,4.50,
2026-09-02T16:44:27,2,1.576,26.10,24.1060,26.9,1.587,26.94,4.11,-117,4.75,
2026-09-02T16:44:28,2,1.573,25.84,24.1030,26.9,1.586,26.87,4.12,-118,4.25,
2026-09-02T16:44:29,2,1.554,24.30,24.1030,26.9,1.584,26.75,4.12,-118,4.50,
2026-09-02T16:44:30,2,1.576,26.10,24.0950,26.9,1.586,26.87,4.11,-118,4.75,
2026-09-02T16:44:31,2,1.559,24.68,24.0830,26.9,1.588,27.00,4.14,-118,3.50,
2026-09-02T16:44:32,2,1.559,24.68,24.0820,26.9,1.584,26.68,4.12,-120,2.50,
2026-09-02T16:44:33,2,1.573,25.84,24.0850,26.9,1.581,26.49,4.11,-120,1.25,
2026-09-02T16:44:34,2,1.559,24.68,24.0880,26.9,1.581,26.49,4.14,-120,2.25,
2026-09-02T16:44:36,2,1.575,26.04,24.0920,26.9,1.584,26.75,4.11,-120,2.00,
2026-09-02T16:44:37,2,1.573,25.84,24.0890,26.9,1.586,26.87,4.12,-121,1.00,
2026-09-02T16:44:38,2,1.571,25.71,24.0910,26.9,1.581,26.49,4.14,-120,2.75,
2026-09-02T16:44:39,2,1.575,25.97,24.0940,26.9,1.587,26.94,4.11,-119,2.00,
2026-09-02T16:44:40,2,1.558,24.62,24.0880,26.9,1.583,26.62,4.14,-120,1.75,
2026-09-02T16:44:41,2,1.559,24.68,24.0840,26.9,1.584,26.75,4.13,-120,1.00,
2026-09-02T16:44:42,2,1.574,25.91,24.0770,26.9,1.584,26.68,4.11,-120,2.25,
2026-09-02T16:44:43,2,1.556,24.49,24.0800,26.9,1.582,26.55,4.14,-119,3.25,
2026-09-02T16:44:45,2,1.572,25.78,24.0730,26.9,1.585,26.81,4.13,-119,2.75,
2026-09-02T16:44:46,2,1.559,24.68,24.0690,26.9,1.583,26.62,4.13,-119,3.25,
2026-09-02T16:44:48,2,1.575,26.04,24.0680,26.9,1.584,26.75,4.10,-119,3.25,
2026-09-02T16:44:49,2,1.559,24.75,24.0660,26.9,1.587,26.94,4.14,-119,3.25,
2026-09-02T16:44:51,2,1.574,25.91,24.0720,26.9,1.587,26.94,4.11,-118,3.75,
2026-09-02T16:44:52,2,1.559,24.68,24.0750,26.9,1.582,26.55,4.13,-119,3.25,
2026-09-02T16:44:53,2,1.582,26.55,24.0750,26.9,1.584,26.75,4.11,-119,3.25,
2026-09-02T16:44:54,2,1.573,25.84,24.0730,26.9,1.585,26.81,4.13,-119,2.50,
2026-09-02T16:44:56,2,1.573,25.84,24.0720,26.9,1.586,26.87,4.11,-118,3.50,
2026-09-02T16:44:57,2,1.559,24.75,24.0770,26.9,1.583,26.62,4.14,-119,3.25,
2026-09-02T16:44:58,2,1.559,24.68,24.0690,26.9,1.584,26.75,4.12,-119,3.25,
2026-09-02T16:45:00,2,1.575,26.04,24.0740,26.9,1.586,26.87,4.11,-119,3.25,
2026-09-02T16:45:01,2,1.558,24.62,24.0730,26.9,1.581,26.49,4.14,-119,3.00,
2026-09-02T16:45:02,2,1.578,26.23,24.0730,26.9,1.585,26.81,4.10,-119,3.25,
2026-09-02T16:45:03,2,1.572,25.78,24.0680,26.9,1.581,26.49,4.13,-119,3.25,
2026-09-02T16:45:04,2,1.558,24.62,24.0610,26.9,1.584,26.75,4.14,-119,3.50,
2026-09-02T16:45:05,2,1.577,26.17,24.0620,26.9,1.584,26.75,4.11,-119,3.00,
2026-09-02T16:45:06,2,1.557,24.55,24.0720,26.9,1.584,26.75,4.14,-119,3.00,
2026-09-02T16:45:07,2,1.561,24.88,24.0770,26.9,1.584,26.68,4.12,-119,2.75,
2026-09-02T16:45:08,2,1.573,25.84,24.0730,26.9,1.584,26.68,4.11,-119,2.75,
2026-09-02T16:45:09,2,1.560,24.81,24.0730,26.9,1.583,26.62,4.14,-119,2.75,
2026-09-02T16:45:11,2,1.577,26.17,24.0720,26.9,1.588,27.00,4.10,-119,3.25,
2026-09-02T16:45:12,2,1.574,25.91,24.0710,26.9,1.582,26.55,4.12,-118,3.50,
2026-09-02T16:45:13,2,1.559,24.75,24.0740,26.9,1.583,26.62,4.14,-119,3.50,
2026-09-02T16:45:14,2,1.575,25.97,24.0750,26.9,1.584,26.75,4.10,-118,4.00,
2026-09-02T16:45:15,2,1.559,24.75,24.0700,26.9,1.581,26.49,4.12,-118,3.50,
2026-09-02T16:45:16,2,1.559,24.75,24.0610,26.9,1.586,26.87,4.12,-119,3.25,
2026-09-02T16:45:17,2,1.567,25.33,24.0620,26.9,1.584,26.75,4.11,-119,3.25,
2026-09-02T16:45:18,2,1.559,24.75,24.0600,26.9,1.583,26.62,4.13,-118,3.25,
2026-09-02T16:45:19,2,1.557,24.55,24.0550,26.9,1.584,26.75,4.12,-119,3.50,
2026-09-02T16:45:20,2,1.571,25.71,24.0550,26.9,1.584,26.75,4.13,-119,3.50,
2026-09-02T16:45:21,2,1.559,24.68,24.0530,26.9,1.582,26.55,4.14,-119,3.50,
2026-09-02T16:45:23,2,1.574,25.91,24.0510,26.9,1.585,26.81,4.11,-119,3.25,
2026-09-02T16:45:24,2,1.574,25.91,24.0600,26.9,1.581,26.49,4.13,-119,3.25,
2026-09-02T16:45:25,2,1.571,25.71,24.0610,26.9,1.579,26.29,4.13,-119,3.00,
2026-09-02T16:45:26,2,1.575,25.97,24.0590,26.9,1.585,26.81,4.11,-119,3.75,
2026-09-02T16:45:27,2,1.559,24.75,24.0470,26.9,1.579,26.29,4.14,-119,3.00,
2026-09-02T16:45:28,2,1.559,24.68,24.0390,26.9,1.584,26.75,4.12,-119,3.50,
2026-09-02T16:45:29,2,1.574,25.91,24.0400,26.9,1.583,26.62,4.11,-119,3.00,
2026-09-02T16:45:30,2,1.558,24.62,24.0330,26.9,1.583,26.62,4.14,-119,3.00,
2026-09-02T16:45:31,2,1.576,26.10,24.0330,26.9,1.584,26.75,4.11,-119,3.25,
2026-09-02T16:45:32,2,1.572,25.78,24.0300,26.9,1.584,26.68,4.12,-119,3.25,
2026-09-02T16:45:33,2,1.559,24.75,24.0280,26.9,1.583,26.62,4.14,-119,3.00,
2026-09-02T16:45:35,2,1.573,25.84,24.0240,26.9,1.585,26.81,4.11,-119,3.50,
2026-09-02T16:45:36,2,1.559,24.68,24.0270,26.9,1.581,26.49,4.14,-119,3.25,
2026-09-02T16:45:37,2,1.558,24.62,24.0250,26.9,1.584,26.75,4.12,-119,3.25,
2026-09-02T16:45:38,2,1.575,25.97,24.0290,26.9,1.583,26.62,4.11,-119,3.25,
2026-09-02T16:45:39,2,1.561,24.88,24.0320,26.9,1.573,25.84,4.13,-120,2.50,
2026-09-02T16:45:40,2,1.578,26.23,24.0320,26.9,1.585,26.81,4.11,-119,3.50,
2026-09-02T16:45:42,2,1.559,24.75,24.0390,26.9,1.580,26.42,4.14,-119,3.50,
2026-09-02T16:45:43,2,1.572,25.78,24.0440,26.9,1.584,26.68,4.11,-119,2.75,
2026-09-02T16:45:44,2,1.557,24.55,24.0390,26.9,1.580,26.42,4.14,-119,3.50,
2026-09-02T16:45:45,2,1.560,24.81,24.0350,26.9,1.585,26.81,4.12,-119,3.25,
2026-09-02T16:45:48,2,1.559,24.68,24.0450,26.9,1.584,26.68,4.13,-119,3.00,
2026-09-02T16:45:49,2,1.577,26.17,24.0460,26.9,1.586,26.87,4.10,-118,3.75,
2026-09-02T16:45:50,2,1.572,25.78,24.0470,26.9,1.582,26.55,4.12,-118,4.25,
2026-09-02T16:45:51,2,1.559,24.75,24.0510,26.9,1.580,26.42,4.14,-119,4.00,
2026-09-02T16:45:53,2,1.560,24.81,24.0530,26.9,1.580,26.42,4.14,-115,6.50,
2026-09-02T16:45:54,2,1.559,24.68,24.0550,26.9,1.584,26.68,4.12,-115,7.00,
2026-09-02T16:45:55,2,1.572,25.78,24.0550,26.9,1.584,26.68,4.11,-117,5.25,
2026-09-02T16:45:56,2,1.551,24.10,24.0510,26.9,1.582,26.55,4.14,-117,5.50,
2026-09-02T16:45:57,2,1.579,26.29,24.0510,26.9,1.584,26.68,4.11,-117,5.25,
2026-09-02T16:45:59,2,1.572,25.78,24.0400,26.9,1.582,26.55,4.12,-117,5.50,
2026-09-02T16:46:00,2,1.559,24.68,24.0370,26.9,1.579,26.36,4.14,-117,5.50,
2026-09-02T16:46:01,2,1.574,25.91,24.0340,26.9,1.583,26.62,4.10,-117,5.25,
2026-09-02T16:46:02,2,1.558,24.62,24.0290,26.9,1.581,26.49,4.14,-117,5.25,
2026-09-02T16:46:03,2,1.559,24.68,24.0310,26.9,1.583,26.62,4.12,-117,5.25,
2026-09-02T16:46:04,2,1.573,25.84,24.0280,26.9,1.584,26.75,4.11,-117,5.00,
2026-09-02T16:46:05,2,1.557,24.55,24.0360,26.9,1.579,26.29,4.14,-117,5.00,2
2026-09-02T16:46:06,2,1.579,26.29,24.0410,26.9,1.587,26.94,4.10,-117,5.25,
2026-09-02T16:46:07,2,1.574,25.91,24.0380,26.9,1.582,26.55,4.13,-115,6.25,
2026-09-02T16:46:08,2,1.556,24.49,24.0350,26.9,1.579,26.36,4.14,-115,6.50,
2026-09-02T16:46:10,2,1.574,25.91,24.0370,26.9,1.584,26.68,4.11,-116,6.25,
2026-09-02T16:46:11,2,1.563,25.07,24.0380,26.9,1.579,26.36,4.14,-116,6.25,
2026-09-02T16:46:12,2,1.559,24.68,24.0330,26.9,1.583,26.62,4.11,-116,6.00,
2026-09-02T16:46:13,2,1.572,25.78,24.0370,26.9,1.586,26.87,4.11,-116,6.00,
2026-09-02T16:46:14,2,1.558,24.62,24.0380,26.9,1.579,26.36,4.14,-117,6.00,
2026-09-02T16:46:15,2,1.559,24.68,24.0410,26.9,1.571,25.71,4.12,-116,5.75,
2026-09-02T16:46:16,2,1.570,25.59,24.0440,26.9,1.579,26.36,4.11,-116,6.00,
2026-09-02T16:46:17,2,1.557,24.55,24.0400,26.9,1.581,26.49,4.14,-116,6.25,
2026-09-02T16:46:18,2,1.574,25.91,24.0490,26.9,1.581,26.49,4.11,-116,5.75,
2026-09-02T16:46:19,2,1.575,26.04,24.0520,26.9,1.580,26.42,4.12,-116,6.00,
2026-09-02T16:46:20,2,1.559,24.68,24.0620,26.9,1.579,26.36,4.14,-116,5.75,
2026-09-02T16:46:22,2,1.573,25.84,24.0600,26.9,1.583,26.62,4.11,-116,6.25,
2026-09-02T16:46:23,2,1.559,24.75,24.0620,26.9,1.583,26.62,4.14,-116,5.75,
2026-09-02T16:46:24,2,1.560,24.81,24.0610,26.9,1.584,26.68,4.12,-116,5.50,
2026-09-02T16:46:25,2,1.572,25.78,24.0560,26.9,1.582,26.55,4.11,-116,6.00,
2026-09-02T16:46:26,2,1.559,24.75,24.0600,26.9,1.591,27.26,4.14,-116,5.25,
2026-09-02T16:46:27,2,1.577,26.17,24.0610,26.9,1.583,26.62,4.11,-116,5.75,
2026-09-02T16:46:28,2,1.572,25.78,24.0600,26.9,1.581,26.49,4.12,-117,5.75,
2026-09-02T16:46:29,2,1.559,24.75,24.0620,26.9,1.579,26.29,4.14,-118,4.25,
2026-09-02T16:46:30,2,1.573,25.84,24.0640,26.9,1.584,26.75,4.11,-118,5.00,
2026-09-02T16:46:31,2,1.559,24.75,24.0680,26.9,1.579,26.36,4.14,-117,5.25,
2026-09-02T16:46:32,2,1.559,24.75,24.0700,26.9,1.590,27.20,4.12,-118,4.50,
2026-09-02T16:46:34,2,1.573,25.84,24.0670,26.9,1.580,26.42,4.11,-116,6.50,
2026-09-02T16:46:35,2,1.559,24.68,24.0600,26.9,1.579,26.36,4.14,-117,5.50,
2026-09-02T16:46:36,2,1.576,26.10,24.0610,26.9,1.584,26.75,4.10,-117,5.00,
2026-09-02T16:46:37,2,1.567,25.39,24.0590,26.9,1.582,26.55,4.12,-117,5.25,
2026-09-02T16:46:39,2,1.574,25.91,24.0530,26.9,1.582,26.55,4.11,-115,6.25,
2026-09-02T16:46:40,2,1.557,24.55,24.0450,26.9,1.579,26.36,4.14,-115,8.00,
2026-09-02T16:46:41,2,1.561,24.88,24.0480,26.9,1.580,26.42,4.12,-115,6.00,
2026-09-02T16:46:42,2,1.574,25.91,24.0460,26.9,1.580,26.42,4.11,-115,6.75,
2026-09-02T16:46:44,2,1.576,26.10,24.0410,26.9,1.583,26.62,4.10,-116,5.50,
2026-09-02T16:46:46,2,1.571,25.65,24.0370,26.9,1.580,26.42,4.12,-115,6.25,
2026-09-02T16:46:47,2,1.557,24.55,24.0350,26.9,1.579,26.29,4.14,-115,6.75,
2026-09-02T16:46:48,2,1.574,25.91,24.0320,26.9,1.584,26.68,4.11,-115,6.50,
2026-09-02T16:46:50,2,1.560,24.81,24.0260,26.9,1.582,26.55,4.12,-116,6.00,
2026-09-02T16:46:51,2,1.573,25.84,24.0300,26.9,1.579,26.29,4.11,-117,5.25,
2026-09-02T16:46:52,2,1.557,24.55,24.0170,26.9,1.579,26.36,4.13,-115,6.25,
2026-09-02T16:46:53,2,1.575,26.04,24.0160,26.9,1.582,26.55,4.11,-117,5.75,
2026-09-02T16:46:54,2,1.571,25.65,24.0240,26.9,1.582,26.55,4.12,-117,5.00,
2026-09-02T16:46:55,2,1.558,24.62,24.0310,26.9,1.583,26.62,4.14,-115,6.75,
2026-09-02T16:46:57,2,1.575,26.04,24.0330,26.9,1.583,26.62,4.11,-117,5.75,
2026-09-02T16:46:58,2,1.560,24.81,24.0300,26.9,1.581,26.49,4.14,-116,6.00,
2026-09-02T16:46:59,2,1.560,24.81,24.0320,26.9,1.578,26.23,4.14,-115,6.75,
2026-09-02T16:47:00,2,1.572,25.78,24.0300,26.9,1.582,26.55,4.11,-116,6.25,
2026-09-02T16:47:01,2,1.559,24.68,24.0320,26.9,1.579,26.36,4.13,-116,5.75,
2026-09-02T16:47:02,2,1.574,25.91,24.0320,26.9,1.584,26.75,4.10,-115,6.50,
2026-09-02T16:47:03,2,1.571,25.71,24.0340,26.9,1.576,26.10,4.11,-115,7.25,
2026-09-02T16:47:04,2,1.555,24.36,24.0410,26.9,1.578,26.23,4.14,-116,6.00,
2026-09-02T16:47:05,2,1.574,25.91,24.0470,26.9,1.581,26.49,4.11,-115,6.75,
2026-09-02T16:47:06,2,1.559,24.75,24.0500,26.9,1.579,26.36,4.13,-114,7.00,
2026-09-02T16:47:07,2,1.571,25.65,24.0460,26.9,1.582,26.55,4.14,-115,6.75,
2026-09-02T16:47:09,2,1.574,25.91,24.0470,26.9,1.581,26.49,4.11,-119,3.25,
2026-09-02T16:47:10,2,1.557,24.55,24.0480,26.9,1.577,26.17,4.14,-116,6.50,
2026-09-02T16:47:11,2,1.579,26.36,24.0490,26.9,1.584,26.68,4.10,-117,5.50,
2026-09-02T16:47:12,2,1.573,25.84,24.0560,26.9,1.580,26.42,4.11,-118,5.25,
2026-09-02T16:47:13,2,1.559,24.68,24.0560,26.9,1.579,26.29,4.13,-118,3.75,
2026-09-02T16:47:14,2,1.575,26.04,24.0590,26.9,1.583,26.62,4.11,-117,4.75,
2026-09-02T16:47:15,2,1.558,24.62,24.0440,26.9,1.578,26.23,4.14,-117,5.00,
2026-09-02T16:47:16,2,1.558,24.62,24.0500,26.9,1.579,26.36,4.14,-118,4.00,
2026-09-02T16:47:17,2,1.571,25.71,24.0590,26.9,1.580,26.42,4.11,-118,4.25,
2026-09-02T16:47:18,2,1.554,24.30,24.0560,26.9,1.578,26.23,4.14,-118,3.75,
2026-09-02T16:47:19,2,1.579,26.36,24.0580,26.9,1.582,26.55,4.11,-117,5.25,
2026-09-02T16:47:21,2,1.572,25.78,24.0620,26.9,1.582,26.55,4.11,-115,6.50,
2026-09-02T16:47:22,2,1.559,24.68,24.0660,26.9,1.579,26.29,4.14,-115,6.50,
2026-09-02T16:47:23,2,1.574,25.91,24.0620,26.9,1.583,26.62,4.10,-115,6.50,
2026-09-02T16:47:24,2,1.559,24.75,24.0640,26.9,1.578,26.23,4.14,-115,6.75,
2026-09-02T16:47:25,2,1.558,24.62,24.0580,26.9,1.579,26.29,4.13,-118,3.50,
2026-09-02T16:47:26,2,1.574,25.91,24.0560,26.9,1.581,26.49,4.11,-117,5.50,
2026-09-02T16:47:27,2,1.559,24.68,24.0520,26.9,1.580,26.42,4.14,-118,3.75,
2026-09-02T16:47:28,2,1.557,24.55,24.0600,26.9,1.585,26.81,4.12,-119,3.50,
2026-09-02T16:47:29,2,1.573,25.84,24.0640,26.9,1.583,26.62,4.11,-120,2.50,
2026-09-02T16:47:30,2,1.556,24.49,24.0590,26.9,1.579,26.29,4.14,-118,4.00,
2026-09-02T16:47:31,2,1.578,26.23,24.0610,26.9,1.582,26.55,4.11,-118,4.50,
2026-09-02T16:47:33,2,1.570,25.59,24.0590,26.9,1.581,26.49,4.12,-116,5.75,
2026-09-02T16:47:34,2,1.557,24.55,24.0560,26.9,1.582,26.55,4.13,-115,6.50,
2026-09-02T16:47:36,2,1.555,24.42,24.0650,26.9,1.581,26.49,4.14,-115,6.75,
2026-09-02T16:47:37,2,1.557,24.55,24.0680,26.9,1.587,26.94,4.13,-116,5.50,
2026-09-02T16:47:38,2,1.572,25.78,24.0570,26.9,1.580,26.42,4.11,-115,6.25,
2026-09-02T16:47:39,2,1.559,24.68,24.0620,26.9,1.579,26.36,4.13,-116,5.75,
2026-09-02T16:47:41,2,1.574,25.91,24.0610,26.9,1.583,26.62,4.11,-115,6.75,
2026-09-02T16:47:42,2,1.559,24.75,24.0650,26.9,1.572,25.78,4.12,-115,6.50,
2026-09-02T16:47:44,2,1.574,25.91,24.0600,26.9,1.580,26.42,4.11,-115,6.75,
2026-09-02T16:47:45,2,1.558,24.62,24.0650,26.9,1.579,26.29,4.14,-115,6.75,
2026-09-02T16:47:47,2,1.575,26.04,24.0740,26.9,1.580,26.42,4.10,-116,6.50,
2026-09-02T16:47:48,2,1.559,24.68,24.0800,26.9,1.578,26.23,4.13,-115,7.00,
2026-09-02T16:47:49,2,1.578,26.23,24.0730,26.9,1.581,26.49,4.10,-116,6.25,
2026-09-02T16:47:50,2,1.573,25.84,24.0740,26.9,1.582,26.55,4.11,-115,6.75,
2026-09-02T16:47:53,2,1.559,24.75,24.0700,26.9,1.579,26.36,4.13,-115,6.50,
2026-09-02T16:47:54,2,1.558,24.62,24.0680,26.9,1.578,26.23,4.13,-116,6.00,
2026-09-02T16:47:56,2,1.574,25.91,24.0730,26.9,1.580,26.42,4.11,-115,6.75,
2026-09-02T16:47:57,2,1.557,24.55,24.0670,26.9,1.578,26.23,4.14,-115,6.75,
2026-09-02T16:47:58,2,1.578,26.23,24.0690,26.9,1.579,26.36,4.10,-115,6.50,
2026-09-02T16:47:59,2,1.575,25.97,24.0700,26.9,1.583,26.62,4.11,-115,6.75,
2026-09-02T16:48:00,2,1.559,24.68,24.0710,26.9,1.580,26.42,4.14,-116,6.00,
2026-09-02T16:48:01,2,1.575,26.04,24.0710,26.9,1.578,26.23,4.11,-116,5.75,
2026-09-02T16:48:02,2,1.557,24.55,24.0580,26.9,1.580,26.42,4.13,-116,6.25,
2026-09-02T16:48:03,2,1.556,24.49,24.0540,26.9,1.575,26.04,4.13,-116,6.00,
2026-09-02T16:48:04,2,1.572,25.78,24.0540,26.9,1.582,26.55,4.11,-115,6.50,
2026-09-02T16:48:05,2,1.558,24.62,24.0490,26.9,1.578,26.23,4.13,-115,7.50,
2026-09-02T16:48:06,2,1.578,26.23,24.0410,26.9,1.580,26.42,4.10,-117,5.50,
2026-09-02T16:48:08,2,1.573,25.84,24.0370,26.9,1.582,26.55,4.11,-116,5.50,
2026-09-02T16:48:09,2,1.562,24.94,24.0350,26.9,1.577,26.17,4.14,-116,6.00,
2026-09-02T16:48:10,2,1.575,25.97,24.0370,26.9,1.581,26.49,4.11,-116,6.00,
2026-09-02T16:48:11,2,1.558,24.62,24.0320,26.9,1.581,26.49,4.12,-116,6.00,
2026-09-02T16:48:12,2,1.558,24.62,24.0370,26.9,1.578,26.23,4.14,-115,6.50,
2026-09-02T16:48:13,2,1.574,25.91,24.0320,26.9,1.584,26.68,4.11,-117,5.50,
2026-09-02T16:48:14,2,1.555,24.42,24.0270,26.9,1.578,26.23,4.14,-114,7.00,
2026-09-02T16:48:15,2,1.576,26.10,24.0260,26.9,1.580,26.42,4.12,-115,6.50,
2026-09-02T16:48:16,2,1.571,25.71,24.0260,26.9,1.580,26.42,4.11,-116,5.75,
2026-09-02T16:48:17,2,1.558,24.62,24.0300,26.9,1.581,26.49,4.14,-116,5.75,
2026-09-02T16:48:18,2,1.575,26.04,24.0250,26.9,1.581,26.49,4.10,-116,5.25,
2026-09-02T16:48:20,2,1.556,24.49,24.0220,26.9,1.579,26.36,4.12,-116,6.00,
2026-09-02T16:48:21,2,1.555,24.42,24.0220,26.9,1.576,26.10,4.13,-117,5.50,
2026-09-02T16:48:22,2,1.576,26.10,24.0300,26.9,1.581,26.49,4.11,-117,5.75,
2026-09-02T16:48:23,2,1.560,24.81,24.0290,26.9,1.580,26.42,4.13,-116,5.75,
2026-09-02T16:48:24,2,1.577,26.17,24.0370,26.9,1.579,26.36,4.12,-116,6.00,
2026-09-02T16:48:25,2,1.577,26.17,24.0350,26.9,1.571,25.71,4.11,-117,5.75,
2026-09-02T16:48:26,2,1.555,24.42,24.0280,26.9,1.577,26.17,4.14,-116,5.75,
2026-09-02T16:48:27,2,1.575,25.97,24.0360,26.9,1.584,26.68,4.11,-116,5.50,
2026-09-02T16:48:28,2,1.558,24.62,24.0410,26.9,1.579,26.29,4.12,-116,5.75,
2026-09-02T16:48:29,2,1.559,24.68,24.0340,26.9,1.578,26.23,4.13,-116,5.50,
2026-09-02T16:48:31,2,1.573,25.84,24.0360,26.9,1.579,26.36,4.11,-116,6.00,
2026-09-02T16:48:33,2,1.579,26.36,24.0350,26.9,1.579,26.36,4.12,-117,5.50,
2026-09-02T16:48:34,2,1.575,25.97,24.0360,26.9,1.581,26.49,4.11,-116,5.75,
2026-09-02T16:48:35,2,1.559,24.68,24.0390,26.9,1.580,26.42,4.14,-117,5.75,2
2026-09-02T16:48:36,2,1.575,26.04,24.0430,26.9,1.584,26.75,4.10,-116,5.50,
2026-09-02T16:48:38,2,1.558,24.62,24.0460,26.9,1.577,26.17,4.13,-117,5.25,
2026-09-02T16:48:39,2,1.574,25.91,24.0530,26.9,1.582,26.55,4.11,-121,-0.25,
2026-09-02T16:48:40,2,1.556,24.49,24.0560,26.9,1.577,26.17,4.13,-121,1.00,
2026-09-02T16:48:41,2,1.559,24.75,24.0530,26.9,1.578,26.23,4.13,-122,1.00,
2026-09-02T16:48:44,2,1.559,24.75,24.0600,26.9,1.580,26.42,4.14,-121,1.50,
2026-09-02T16:48:45,2,1.577,26.17,24.0640,26.9,1.582,26.55,4.10,-117,5.00,
2026-09-02T16:48:46,2,1.575,25.97,24.0650,26.9,1.583,26.62,4.11,-116,5.75,
2026-09-02T16:48:47,2,1.563,25.07,24.0930,26.9,1.576,26.10,4.14,-116,6.00,
2026-09-02T16:48:49,2,1.560,24.81,24.2060,26.9,1.581,26.49,4.13,-117,5.75,
2026-09-02T16:48:50,2,1.562,24.94,24.2360,26.9,1.583,26.62,4.14,-116,5.75,
2026-09-02T16:48:51,2,1.576,26.10,24.2680,26.9,1.585,26.81,4.10,-117,5.50,
2026-09-02T16:48:52,2,1.563,25.01,24.2880,26.9,1.585,26.81,4.14,-116,5.75,
2026-09-02T16:48:53,2,1.577,26.17,24.3170,26.9,1.588,27.00,4.12,-116,5.25,
2026-09-02T16:48:55,2,1.576,26.10,24.3340,26.9,1.587,26.94,4.11,-117,6.00,
2026-09-02T16:48:56,2,1.564,25.13,24.3550,26.9,1.584,26.68,4.14,-116,5.75,
2026-09-02T16:48:57,2,1.584,26.68,24.3740,26.9,1.588,27.00,4.11,-116,5.75,
2026-09-02T16:48:58,2,1.564,25.13,24.3960,26.9,1.587,26.94,4.12,-117,5.75,
2026-09-02T16:48:59,2,1.562,24.94,24.4220,26.9,1.584,26.75,4.14,-117,5.75,
2026-09-02T16:49:00,2,1.580,26.42,24.4470,26.9,1.587,26.94,4.11,-117,5.75,
2026-09-02T16:49:01,2,1.566,25.26,24.4740,26.9,1.587,26.94,4.14,-116,5.75,
2026-09-02T16:49:02,2,1.583,26.62,24.4900,26.9,1.586,26.87,4.12,-118,4.50,
2026-09-02T16:49:03,2,1.579,26.29,24.5070,26.9,1.588,27.07,4.11,-117,4.75,
2026-09-02T16:49:04,2,1.565,25.20,24.5270,26.9,1.585,26.81,4.13,-117,4.75,
2026-09-02T16:49:05,2,1.582,26.55,24.5520,26.9,1.587,26.94,4.11,-118,5.25,
2026-09-02T16:49:07,2,1.567,25.33,24.5510,26.9,1.587,26.94,4.12,-117,5.25,
2026-09-02T16:49:08,2,1.564,25.13,24.5420,26.9,1.587,26.94,4.13,-117,5.25,
2026-09-02T16:49:09,2,1.580,26.42,24.5120,26.9,1.588,27.07,4.11,-117,5.00,
2026-09-02T16:49:10,2,1.566,25.26,24.5050,26.9,1.584,26.68,4.14,-117,5.25,
2026-09-02T16:49:11,2,1.580,26.42,24.4980,26.9,1.586,26.87,4.12,-117,5.25,
2026-09-02T16:49:12,2,1.581,26.49,24.4870,26.9,1.586,26.87,4.11,-117,5.75,
2026-09-02T16:49:13,2,1.564,25.13,24.4840,26.9,1.583,26.62,4.14,-117,5.50,
2026-09-02T16:49:14,2,1.580,26.42,24.4900,26.9,1.587,26.94,4.10,-117,5.25,
2026-09-02T16:49:15,2,1.566,25.26,24.4870,26.9,1.585,26.81,4.12,-117,5.75,
2026-09-02T16:49:16,2,1.563,25.01,24.4870,26.9,1.580,26.42,4.13,-117,5.25,
2026-09-02T16:49:18,2,1.579,26.29,24.4940,26.9,1.583,26.62,4.10,-117,5.75,
2026-09-02T16:49:19,2,1.565,25.20,24.4840,26.9,1.580,26.42,4.13,-116,5.50,
2026-09-02T16:49:20,2,1.582,26.55,24.4770,26.9,1.581,26.49,4.11,-117,5.75,
2026-09-02T16:49:21,2,1.579,26.29,24.4820,26.9,1.585,26.81,4.11,-117,5.50,
2026-09-02T16:49:22,2,1.563,25.01,24.4900,26.9,1.581,26.49,4.13,-117,5.25,
2026-09-02T16:49:23,2,1.581,26.49,24.4840,26.9,1.585,26.81,4.11,-117,5.75,
2026-09-02T16:49:24,2,1.565,25.20,24.4850,26.9,1.584,26.75,4.12,-117,5.50,
2026-09-02T16:49:25,2,1.564,25.13,24.4810,26.9,1.581,26.49,4.14,-117,5.75,
2026-09-02T16:49:26,2,1.580,26.42,24.4890,26.9,1.596,27.71,4.11,-117,5.50,
2026-09-02T16:49:27,2,1.564,25.13,24.4840,26.9,1.582,26.55,4.14,-116,5.75,
2026-09-02T16:49:30,2,1.579,26.29,24.4780,26.9,1.584,26.75,4.11,-116,5.50,
2026-09-02T16:49:31,2,1.563,25.07,24.4820,26.9,1.582,26.55,4.13,-117,5.75,
2026-09-02T16:49:32,2,1.579,26.36,24.4840,26.9,1.583,26.62,4.10,-117,5.50,
2026-09-02T16:49:33,2,1.564,25.13,24.4930,26.9,1.583,26.62,4.12,-117,5.75,
2026-09-02T16:49:35,2,1.579,26.36,24.4870,26.9,1.584,26.75,4.10,-116,5.50,
2026-09-02T16:49:36,2,1.563,25.07,24.4910,26.9,1.581,26.49,4.13,-117,5.50,
2026-09-02T16:49:37,2,1.580,26.42,24.4840,26.9,1.584,26.75,4.12,-116,5.50,
2026-09-02T16:49:38,2,1.579,26.29,24.4910,26.9,1.584,26.75,4.11,-115,6.75,
2026-09-02T16:49:40,2,1.580,26.42,24.4980,26.9,1.584,26.75,4.12,-116,6.25,
2026-09-02T16:49:42,2,1.566,25.26,24.4930,26.9,1.584,26.68,4.12,-115,6.75,
2026-09-02T16:49:43,2,1.562,24.94,24.5040,26.9,1.583,26.62,4.13,-115,6.50,
2026-09-02T16:49:44,2,1.577,26.17,24.5010,26.9,1.583,26.62,4.11,-115,7.00,
2026-09-02T16:49:46,2,1.565,25.20,24.5040,26.9,1.582,26.55,4.14,-115,6.50,
2026-09-02T16:49:47,2,1.577,26.17,24.4990,26.9,1.584,26.68,4.11,-115,6.75,
2026-09-02T16:49:48,2,1.563,25.07,24.5070,26.9,1.581,26.49,4.13,-115,6.25,
2026-09-02T16:49:49,2,1.590,27.20,24.5090,26.9,1.583,26.62,4.12,-115,7.00,
2026-09-02T16:49:50,2,1.578,26.23,24.5010,26.9,1.584,26.68,4.11,-116,6.50,
2026-09-02T16:49:51,2,1.563,25.07,24.4940,26.9,1.579,26.36,4.14,-115,6.50,3
2026-09-02T16:49:52,2,1.581,26.49,24.4890,26.9,1.582,26.55,4.11,-116,6.50,
2026-09-02T16:49:54,2,1.565,25.20,24.4890,26.9,1.584,26.68,4.12,-115,6.50,
2026-09-02T16:49:55,2,1.564,25.13,24.4860,26.9,1.583,26.62,4.13,-115,6.75,
2026-09-02T16:49:56,2,1.579,26.29,24.4860,26.9,1.584,26.68,4.11,-115,6.50,
2026-09-02T16:49:57,2,1.567,25.33,24.4820,26.9,1.579,26.36,4.13,-116,6.00,
2026-09-02T16:49:58,2,1.580,26.42,24.4820,26.9,1.584,26.75,4.12,-115,6.25,
2026-09-02T16:49:59,2,1.584,26.68,24.4760,26.9,1.582,26.55,4.11,-116,6.00,
2026-09-02T16:50:00,2,1.565,25.20,24.4690,26.9,1.582,26.55,4.14,-117,5.50,
2026-09-02T16:50:01,2,1.581,26.49,24.4720,26.9,1.584,26.75,4.10,-116,6.00,
2026-09-02T16:50:02,2,1.564,25.13,24.4710,26.9,1.574,25.91,4.12,-116,6.25,
2026-09-02T16:50:03,2,1.563,25.01,24.4720,26.9,1.584,26.68,4.13,-116,6.25,
2026-09-02T16:50:05,2,1.579,26.29,24.4740,26.9,1.583,26.62,4.10,-116,6.00,
2026-09-02T16:50:06,2,1.565,25.20,24.4700,26.9,1.584,26.68,4.14,-116,6.25,
2026-09-02T16:50:07,2,1.584,26.75,24.4700,26.9,1.581,26.49,4.12,-116,5.75,
2026-09-02T16:50:08,2,1.579,26.36,24.4670,26.9,1.586,26.87,4.11,-115,7.00,
2026-09-02T16:50:09,2,1.563,25.07,24.4650,26.9,1.584,26.68,4.14,-115,7.00,
2026-09-02T16:50:10,2,1.588,27.00,24.4670,26.9,1.588,27.00,4.10,-115,7.00,
2026-09-02T16:50:11,2,1.563,25.07,24.4790,26.9,1.583,26.62,4.12,-115,6.50,
2026-09-02T16:50:12,2,1.563,25.07,24.4770,26.9,1.580,26.42,4.13,-116,6.00,
2026-09-02T16:50:13,2,1.580,26.42,24.4790,26.9,1.579,26.36,4.11,-117,5.25,
2026-09-02T16:50:14,2,1.564,25.13,24.4770,26.9,1.581,26.49,4.13,-117,4.75,
2026-09-02T16:50:15,2,1.581,26.49,24.4770,26.9,1.584,26.68,4.11,-117,5.25,
2026-09-02T16:50:17,2,1.578,26.23,24.4790,26.9,1.584,26.68,4.11,-116,5.50,
2026-09-02T16:50:18,2,1.564,25.13,24.4790,26.9,1.579,26.36,4.13,-117,4.75,
2026-09-02T16:50:19,2,1.579,26.29,24.4740,26.9,1.583,26.62,4.11,-117,5.25,
2026-09-02T16:50:20,2,1.566,25.26,24.4900,26.9,1.581,26.49,4.12,-117,5.00,
2026-09-02T16:50:21,2,1.563,25.01,24.4900,26.9,1.583,26.62,4.13,-116,5.25,
2026-09-02T16:50:22,2,1.579,26.29,24.4930,26.9,1.583,26.62,4.10,-117,5.25,
2026-09-02T16:50:23,2,1.566,25.26,24.4930,26.9,1.584,26.68,4.12,-117,5.00,
2026-09-02T16:50:24,2,1.580,26.42,24.4920,26.9,1.581,26.49,4.12,-117,5.50,
2026-09-02T16:50:25,2,1.578,26.23,24.4940,26.9,1.586,26.87,4.11,-112,5.75,
2026-09-02T16:50:26,2,1.562,24.94,24.4940,26.9,1.582,26.55,4.13,-116,5.75,
2026-09-02T16:50:27,2,1.579,26.29,24.4940,26.9,1.586,26.87,4.12,-116,5.75,
2026-09-02T16:50:29,2,1.563,25.07,24.4980,26.9,1.582,26.55,4.13,-116,5.75,
2026-09-02T16:50:30,2,1.565,25.20,24.4960,26.9,1.582,26.55,4.13,-116,5.75,
2026-09-02T16:50:32,2,1.566,25.26,24.4980,26.9,1.584,26.75,4.12,-116,5.75,
2026-09-02T16:50:33,2,1.585,26.81,24.5060,26.9,1.581,26.49,4.12,-116,5.75,
2026-09-02T16:50:34,2,1.578,26.23,24.5090,26.9,1.580,26.42,4.11,-116,5.75,
2026-09-02T16:50:35,2,1.564,25.13,24.5130,26.9,1.581,26.49,4.13,-116,5.50,
2026-09-02T16:50:37,2,1.563,25.07,24.5050,26.9,1.579,26.29,4.12,-116,6.00,
2026-09-02T16:50:38,2,1.563,25.07,24.5160,26.9,1.583,26.62,4.14,-116,6.00,
2026-09-02T16:50:39,2,1.581,26.49,24.5100,26.9,1.584,26.68,4.10,-116,5.75,
2026-09-02T16:50:41,2,1.566,25.26,24.5090,26.9,1.583,26.62,4.12,-116,6.00,
2026-09-02T16:50:43,2,1.581,26.49,24.5160,26.9,1.583,26.62,4.11,-116,5.75,
2026-09-02T16:50:44,2,1.563,25.07,24.5130,26.9,1.580,26.42,4.13,-116,5.50,
2026-09-02T16:50:45,2,1.579,26.29,24.5160,26.9,1.581,26.49,4.12,-116,5.50,
2026-09-02T16:50:46,2,1.566,25.26,24.5230,26.9,1.582,26.55,4.12,-116,5.50,
2026-09-02T16:50:47,2,1.563,25.01,24.5260,26.9,1.583,26.62,4.14,-116,5.75,
2026-09-02T16:50:48,2,1.580,26.42,24.5190,26.9,1.583,26.62,4.10,-116,5.75,
2026-09-02T16:50:49,2,1.563,25.07,24.5170,26.9,1.580,26.42,4.12,-116,6.00,
2026-09-02T16:50:50,2,1.584,26.68,24.5160,26.9,1.584,26.68,4.11,-117,5.75,
2026-09-02T16:50:52,2,1.579,26.36,24.5180,26.9,1.584,26.68,4.11,-117,5.25,
2026-09-02T16:50:53,2,1.563,25.07,24.5100,26.9,1.579,26.36,4.13,-116,5.75,
2026-09-02T16:50:54,2,1.583,26.62,24.5080,26.9,1.581,26.49,4.12,-117,5.75,
2026-09-02T16:50:55,2,1.566,25.26,24.5040,26.9,1.583,26.62,4.12,-116,5.50,
2026-09-02T16:50:56,2,1.564,25.13,24.5020,26.9,1.582,26.55,4.13,-116,5.75,
2026-09-02T16:50:57,2,1.580,26.42,24.5070,26.9,1.586,26.87,4.11,-116,5.50,
2026-09-02T16:50:58,2,1.567,25.33,24.5070,26.9,1.583,26.62,4.12,-116,5.75,
2026-09-02T16:50:59,2,1.586,26.87,24.5060,26.9,1.584,26.75,4.11,-116,5.75,
2026-09-02T16:51:00,2,1.576,26.10,24.5090,26.9,1.583,26.62,4.09,-116,5.75,
2026-09-02T16:51:01,2,1.563,25.01,24.5060,26.9,1.583,26.62,4.13,-116,5.75,
2026-09-02T16:51:02,2,1.578,26.23,24.5010,26.9,1.582,26.55,4.11,-116,6.00,
2026-09-02T16:51:04,2,1.566,25.26,24.5020,26.9,1.582,26.55,4.11,-116,5.75,
2026-09-02T16:51:05,2,1.564,25.13,24.5030,26.9,1.590,27.20,4.13,-116,5.75,
2026-09-02T16:51:06,2,1.576,26.10,24.5010,26.9,1.581,26.49,4.12,-116,6.00,
2026-09-02T16:51:07,2,1.566,25.26,24.5010,26.9,1.582,26.55,4.12,-116,6.25,
2026-09-02T16:51:08,2,1.579,26.36,24.5040,26.9,1.581,26.49,4.12,-116,6.00,
2026-09-02T16:51:09,2,1.579,26.29,24.5030,26.9,1.587,26.94,4.10,-117,5.75,
2026-09-02T16:51:10,2,1.565,25.20,24.4990,26.9,1.583,26.62,4.12,-116,5.75,
2026-09-02T16:51:11,2,1.579,26.36,24.4980,26.9,1.584,26.75,4.12,-116,5.50,
2026-09-02T16:51:12,2,1.567,25.33,24.5030,26.9,1.583,26.62,4.12,-116,5.75,
2026-09-02T16:51:13,2,1.563,25.07,24.5030,26.9,1.579,26.36,4.13,-116,5.25,
2026-09-02T16:51:14,2,1.577,26.17,24.4990,26.9,1.584,26.75,4.12,-116,5.75,
2026-09-02T16:51:16,2,1.564,25.13,24.4970,26.9,1.582,26.55,4.12,-116,5.75,
2026-09-02T16:51:17,2,1.577,26.17,24.4960,26.9,1.581,26.49,4.13,-116,5.50,
2026-09-02T16:51:18,2,1.579,26.29,24.4980,26.9,1.585,26.81,4.11,-117,5.50,
2026-09-02T16:51:19,2,1.566,25.26,24.4890,26.9,1.582,26.55,4.12,-117,6.00,
2026-09-02T16:51:20,2,1.581,26.49,24.4940,26.9,1.581,26.49,4.12,-117,6.75,
2026-09-02T16:51:21,2,1.566,25.26,24.4890,26.9,1.584,26.68,4.11,-117,5.50,
2026-09-02T16:51:22,2,1.564,25.13,24.4980,26.9,1.580,26.42,4.13,-116,5.75,
2026-09-02T16:51:23,2,1.579,26.36,24.4960,26.9,1.584,26.68,4.12,-116,5.50,
2026-09-02T16:51:24,2,1.563,25.07,24.5000,26.9,1.583,26.62,4.12,-116,5.75,
2026-09-02T16:51:25,2,1.563,25.07,24.5000,26.9,1.583,26.62,4.13,-117,5.50,
2026-09-02T16:51:26,2,1.579,26.29,24.4960,26.9,1.583,26.62,4.10,-117,5.75,
2026-09-02T16:51:29,2,1.581,26.49,24.4960,26.9,1.584,26.75,4.12,-116,6.00,
2026-09-02T16:51:30,2,1.579,26.29,24.4990,26.9,1.587,26.94,4.11,-117,5.50,
2026-09-02T16:51:31,2,1.563,25.07,24.5050,26.9,1.580,26.42,4.13,-116,5.50,
2026-09-02T16:51:32,2,1.579,26.29,24.5050,26.9,1.583,26.62,4.12,-116,5.75,
2026-09-02T16:51:34,2,1.566,25.26,24.4930,26.9,1.580,26.42,4.14,-116,5.75,
2026-09-02T16:51:35,2,1.578,26.23,24.4960,26.9,1.584,26.68,4.10,-117,5.50,
2026-09-02T16:51:36,2,1.563,25.07,24.4990,26.9,1.582,26.55,4.12,-117,5.75,
2026-09-02T16:51:37,2,1.583,26.62,24.5000,26.9,1.582,26.55,4.11,-116,5.75,
2026-09-02T16:51:40,2,1.564,25.13,24.5050,26.9,1.581,26.49,4.13,-116,5.25,
2026-09-02T16:51:41,2,1.580,26.42,24.5150,26.9,1.585,26.81,4.12,-116,5.75,
2026-09-02T16:51:42,2,1.565,25.20,24.5150,26.9,1.581,26.49,4.12,-117,5.50,
2026-09-02T16:51:43,2,1.566,25.26,24.5110,26.9,1.582,26.55,4.13,-117,5.50,
2026-09-02T16:51:44,2,1.572,25.78,24.5020,26.9,1.584,26.68,4.10,-116,6.00,
2026-09-02T16:51:45,2,1.556,24.49,24.4960,26.9,1.579,26.36,4.12,-115,6.75,
2026-09-02T16:51:46,2,1.581,26.49,24.4990,26.9,1.582,26.55,4.12,-116,6.50,
2026-09-02T16:51:47,2,1.582,26.55,24.4980,26.9,1.584,26.75,4.10,-115,6.50,
2026-09-02T16:51:48,2,1.563,25.07,24.5000,26.9,1.579,26.36,4.13,-116,5.75,
2026-09-02T16:51:49,2,1.577,26.17,24.4960,26.9,1.582,26.55,4.11,-117,5.75,
2026-09-02T16:51:51,2,1.566,25.26,24.4990,26.9,1.584,26.68,4.12,-117,5.75,
2026-09-02T16:51:52,2,1.564,25.13,24.4950,26.9,1.581,26.49,4.13,-118,4.25,
2026-09-02T16:51:53,2,1.579,26.36,24.4910,26.9,1.583,26.62,4.10,-118,4.25,
2026-09-02T16:51:54,2,1.565,25.20,24.4960,26.9,1.582,26.55,4.12,-117,4.75,
2026-09-02T16:51:55,2,1.579,26.29,24.5020,26.9,1.584,26.75,4.11,-118,4.75,
2026-09-02T16:51:56,2,1.578,26.23,24.4980,26.9,1.585,26.81,4.10,-118,4.50,
2026-09-02T16:51:57,2,1.563,25.01,24.4900,26.9,1.580,26.42,4.12,-117,4.75,
2026-09-02T16:51:58,2,1.581,26.49,24.4840,26.9,1.579,26.36,4.12,-118,4.75,
2026-09-02T16:51:59,2,1.563,25.07,24.4820,26.9,1.582,26.55,4.12,-118,4.25,
2026-09-02T16:52:00,2,1.564,25.13,24.4790,26.9,1.579,26.36,4.13,-118,5.00,
2026-09-02T16:52:01,2,1.577,26.17,24.4760,26.9,1.581,26.49,4.12,-117,4.50,
2026-09-02T16:52:03,2,1.564,25.13,24.4720,26.9,1.584,26.75,4.12,-118,4.50,
2026-09-02T16:52:04,2,1.581,26.49,24.4750,26.9,1.582,26.55,4.12,-117,5.75,
2026-09-02T16:52:05,2,1.579,26.36,24.4700,26.9,1.584,26.75,4.11,-115,6.75,
2026-09-02T16:52:06,2,1.567,25.33,24.4770,26.9,1.582,26.55,4.12,-115,6.75,
2026-09-02T16:52:07,2,1.578,26.23,24.4770,26.9,1.584,26.68,4.11,-115,6.75,
2026-09-02T16:52:08,2,1.563,25.01,24.4750,26.9,1.581,26.49,4.12,-115,6.75,
2026-09-02T16:52:09,2,1.563,25.01,24.4790,26.9,1.579,26.36,4.13,-115,6.50,
2026-09-02T16:52:10,2,1.578,26.23,24.4750,26.9,1.581,26.49,4.12,-115,6.75,
2026-09-02T16:52:11,2,1.563,25.07,24.4830,26.9,1.581,26.49,4.12,-115,7.00,
2026-09-02T16:52:12,2,1.580,26.42,24.4900,26.9,1.583,26.62,4.12,-115,7.25,
2026-09-02T16:52:13,2,1.578,26.23,24.4950,26.9,1.585,26.81,4.10,-115,6.50,
2026-09-02T16:52:15,2,1.567,25.33,24.4900,26.9,1.583,26.62,4.12,-115,6.75,
2026-09-02T16:52:16,2,1.582,26.55,24.5000,26.9,1.580,26.42,4.12,-115,6.75,
2026-09-02T16:52:17,2,1.563,25.07,24.5050,26.9,1.582,26.55,4.12,-115,6.75,
2026-09-02T16:52:18,2,1.562,24.94,24.5090,26.9,1.576,26.10,4.13,-115,6.75,
2026-09-02T16:52:19,2,1.579,26.29,24.5090,26.9,1.580,26.42,4.12,-115,7.00,
2026-09-02T16:52:20,2,1.566,25.26,24.5100,26.9,1.584,26.75,4.12,-115,6.75,
2026-09-02T16:52:21,2,1.582,26.55,24.5100,26.9,1.581,26.49,4.11,-115,6.50,
2026-09-02T16:52:22,2,1.578,26.23,24.5120,26.9,1.584,26.68,4.10,-115,6.50,
2026-09-02T16:52:23,2,1.564,25.13,24.5170,26.9,1.585,26.81,4.12,-115,7.00,
2026-09-02T16:52:25,2,1.564,25.13,24.5070,26.9,1.584,26.75,4.12,-115,6.75,
2026-09-02T16:52:27,2,1.563,25.07,24.5080,26.9,1.581,26.49,4.13,-115,6.50,
2026-09-02T16:52:28,2,1.581,26.49,24.5000,26.9,1.583,26.62,4.12,-115,6.75,
2026-09-02T16:52:29,2,1.564,25.13,24.4990,26.9,1.583,26.62,4.11,-115,6.50,
2026-09-02T16:52:31,2,1.579,26.29,24.4970,26.9,1.584,26.75,4.10,-116,6.00,
2026-09-02T16:52:32,2,1.564,25.13,24.4850,26.9,1.583,26.62,4.12,-115,7.00,
2026-09-02T16:52:33,2,1.582,26.55,24.4860,26.9,1.582,26.55,4.11,-114,6.75,
2026-09-02T16:52:34,2,1.561,24.88,24.4880,26.9,1.579,26.36,4.11,-115,6.75,
2026-09-02T16:52:36,2,1.579,26.29,24.4810,26.9,1.581,26.49,4.12,-116,6.25,
2026-09-02T16:52:38,2,1.563,25.07,24.4790,26.9,1.581,26.49,4.12,-116,6.00,
2026-09-02T16:52:39,2,1.584,26.68,24.4840,26.9,1.583,26.62,4.11,-116,6.25,
2026-09-02T16:52:40,2,1.579,26.36,24.4860,26.9,1.585,26.81,4.10,-115,6.00,
2026-09-02T16:52:41,2,1.565,25.20,24.4790,26.9,1.584,26.75,4.12,-115,6.00,
2026-09-02T16:52:42,2,1.579,26.29,24.4820,26.9,1.579,26.36,4.11,-116,6.00,
2026-09-02T16:52:43,2,1.564,25.13,24.4730,26.9,1.581,26.49,4.12,-116,6.00,
2026-09-02T16:52:44,2,1.564,25.13,24.4780,26.9,1.592,27.39,4.13,-116,6.00,
2026-09-02T16:52:45,2,1.579,26.36,24.4820,26.9,1.584,26.68,4.11,-116,6.25,
2026-09-02T16:52:46,2,1.566,25.26,24.4830,26.9,1.585,26.81,4.12,-115,6.25,
2026-09-02T16:52:47,2,1.583,26.62,24.4910,26.9,1.581,26.49,4.12,-116,5.75,
2026-09-02T16:52:48,2,1.579,26.29,24.4940,26.9,1.584,26.68,4.12,-116,6.25,
2026-09-02T16:52:50,2,1.562,24.94,24.4890,26.9,1.583,26.62,4.12,-116,6.25,
2026-09-02T16:52:51,2,1.579,26.36,24.4920,26.9,1.583,26.62,4.12,-116,6.00,
2026-09-02T16:52:52,2,1.579,26.29,24.4900,26.9,1.584,26.68,4.10,-116,6.00,
2026-09-02T16:52:53,2,1.565,25.20,24.4990,26.9,1.584,26.75,4.12,-116,6.00,
2026-09-02T16:52:54,2,1.579,26.29,24.4900,26.9,1.580,26.42,4.12,-116,6.00,
2026-09-02T16:52:55,2,1.563,25.07,24.4950,26.9,1.581,26.49,4.12,-116,6.00,
2026-09-02T16:52:56,2,1.563,25.07,24.4920,26.9,1.581,26.49,4.13,-116,6.00,
2026-09-02T16:52:57,2,1.577,26.17,24.4960,26.9,1.584,26.68,4.12,-116,6.00,
2026-09-02T16:52:58,2,1.564,25.13,24.4910,26.9,1.581,26.49,4.12,-116,5.50,
2026-09-02T16:52:59,2,1.577,26.17,24.4900,26.9,1.585,26.81,4.11,-116,6.25,
2026-09-02T16:53:00,2,1.578,26.23,24.4850,26.9,1.582,26.55,4.10,-116,6.00,
2026-09-02T16:53:02,2,1.564,25.13,24.4850,26.9,1.576,26.10,4.12,-116,6.00,
2026-09-02T16:53:03,2,1.578,26.23,24.4820,26.9,1.584,26.68,4.12,-116,5.75,
2026-09-02T16:53:04,2,1.564,25.13,24.4820,26.9,1.584,26.68,4.11,-116,6.00,
2026-09-02T16:53:05,2,1.563,25.07,24.4810,26.9,1.579,26.36,4.13,-116,6.00,
2026-09-02T16:53:06,2,1.576,26.10,24.4830,26.9,1.582,26.55,4.12,-116,5.75,
2026-09-02T16:53:07,2,1.565,25.20,24.4720,26.9,1.582,26.55,4.12,-116,5.75,
2026-09-02T16:53:08,2,1.580,26.42,24.4730,26.9,1.584,26.68,4.12,-116,5.75,3
2026-09-02T16:53:09,2,1.577,26.17,24.4780,26.9,1.581,26.49,4.11,-116,5.75,
2026-09-02T16:53:10,2,1.563,25.07,24.4780,26.9,1.583,26.62,4.12,-117,5.50,
2026-09-02T16:53:11,2,1.579,26.36,24.4790,26.9,1.583,26.62,4.12,-115,6.25,
2026-09-02T16:53:12,2,1.566,25.26,24.4690,26.9,1.583,26.62,4.12,-115,6.50,
2026-09-02T16:53:14,2,1.564,25.13,24.4710,26.9,1.582,26.55,4.13,-121,0.75,
2026-09-02T16:53:15,2,1.577,26.17,24.4630,26.9,1.582,26.55,4.12,-120,2.25,
2026-09-02T16:53:16,2,1.568,25.46,24.4630,26.9,1.584,26.68,4.11,-119,3.00,
2026-09-02T16:53:17,2,1.580,26.42,24.4680,26.9,1.583,26.62,4.12,-119,3.50,
2026-09-02T16:53:18,2,1.579,26.29,24.4660,26.9,1.585,26.81,4.10,-120,2.75,
2026-09-02T16:53:19,2,1.563,25.01,24.4750,26.9,1.592,27.33,4.12,-120,2.75,
2026-09-02T16:53:20,2,1.583,26.62,24.4780,26.9,1.584,26.68,4.11,-120,3.50,
2026-09-02T16:53:22,2,1.567,25.39,24.5370,26.9,1.585,26.81,4.13,-116,5.75,
2026-09-02T16:53:23,2,1.581,26.49,24.6040,26.9,1.588,27.00,4.12,-114,7.00,
2026-09-02T16:53:25,2,1.568,25.46,24.6640,26.9,1.588,27.07,4.12,-116,6.25,
2026-09-02T16:53:26,2,1.586,26.87,24.7100,26.9,1.588,27.07,4.11,-115,6.25,
2026-09-02T16:53:28,2,1.571,25.65,24.7950,26.9,1.592,27.39,4.12,-115,6.50,
2026-09-02T16:53:29,2,1.585,26.81,24.8320,26.9,1.592,27.33,4.11,-116,6.25,
2026-09-02T16:53:30,2,1.572,25.78,24.9000,26.9,1.592,27.39,4.12,-116,6.25,
2026-09-02T16:53:31,2,1.570,25.59,24.9410,26.9,1.590,27.20,4.13,-116,5.50,
2026-09-02T16:53:33,2,1.571,25.71,25.0220,26.9,1.596,27.65,4.12,-116,7.50,
2026-09-02T16:53:34,2,1.589,27.13,25.0620,26.9,1.596,27.65,4.11,-115,6.25,
2026-09-02T16:53:35,2,1.586,26.87,25.1120,26.9,1.593,27.45,4.12,-115,6.75,
2026-09-02T16:53:37,2,1.575,25.97,25.1510,26.9,1.597,27.78,4.12,-116,6.50,
2026-09-02T16:53:38,2,1.591,27.26,25.2010,26.9,1.596,27.65,4.11,-116,6.00,
2026-09-02T16:53:39,2,1.576,26.10,25.2340,26.9,1.596,27.65,4.12,-116,6.50,
2026-09-02T16:53:40,2,1.571,25.71,25.2750,26.9,1.598,27.84,4.12,-115,6.50,
2026-09-02T16:53:41,2,1.588,27.07,25.3270,26.9,1.595,27.58,4.11,-115,6.50,
2026-09-02T16:53:42,2,1.577,26.17,25.3730,26.9,1.595,27.58,4.12,-115,6.25,
2026-09-02T16:53:43,2,1.590,27.20,25.3580,26.9,1.593,27.45,4.11,-115,6.50,
2026-09-02T16:53:44,2,1.587,26.94,25.3400,26.9,1.592,27.33,4.11,-116,6.50,
2026-09-02T16:53:45,2,1.573,25.84,25.3380,26.9,1.591,27.26,4.12,-116,6.50,
2026-09-02T16:53:46,2,1.591,27.26,25.3360,26.9,1.589,27.13,4.11,-115,6.50,
2026-09-02T16:53:47,2,1.578,26.23,25.3400,26.9,1.594,27.52,4.12,-116,6.75,
2026-09-02T16:53:49,2,1.575,25.97,25.3470,26.9,1.591,27.26,4.12,-115,7.50,
2026-09-02T16:53:50,2,1.592,27.39,25.3620,26.9,1.591,27.26,4.12,-116,6.25,
2026-09-02T16:53:51,2,1.577,26.17,25.3720,26.9,1.592,27.39,4.12,-115,6.50,
2026-09-02T16:53:52,2,1.593,27.45,25.3750,26.9,1.591,27.26,4.11,-115,6.25,
2026-09-02T16:53:53,2,1.589,27.13,25.3860,26.9,1.590,27.20,4.12,-115,6.50,
2026-09-02T16:53:54,2,1.577,26.17,25.4040,26.9,1.591,27.26,4.12,-115,6.50,
2026-09-02T16:53:55,2,1.591,27.26,25.4010,26.9,1.588,27.07,4.12,-116,6.50,
2026-09-02T16:53:56,2,1.576,26.10,25.3980,26.9,1.589,27.13,4.11,-115,6.50,
2026-09-02T16:53:57,2,1.574,25.91,25.3930,26.9,1.594,27.52,4.12,-115,6.50,
2026-09-02T16:53:58,2,1.590,27.20,25.4060,26.9,1.590,27.20,4.12,-115,6.50,
2026-09-02T16:53:59,2,1.575,26.04,25.4070,26.9,1.589,27.13,4.11,-115,6.25,
2026-09-02T16:54:01,2,1.595,27.58,25.4030,26.9,1.588,27.07,4.12,-115,6.25,
2026-09-02T16:54:02,2,1.589,27.13,25.3930,26.9,1.588,27.07,4.12,-115,6.50,
2026-09-02T16:54:03,2,1.575,26.04,25.3880,26.9,1.588,27.07,4.12,-115,6.50,
2026-09-02T16:54:04,2,1.592,27.39,25.3770,26.9,1.588,27.07,4.11,-115,6.50,
2026-09-02T16:54:05,2,1.577,26.17,25.3790,26.9,1.589,27.13,4.11,-115,6.75,
2026-09-02T16:54:06,2,1.575,26.04,25.3810,26.9,1.591,27.26,4.12,-115,7.00,
2026-09-02T16:54:07,2,1.588,27.07,25.3840,26.9,1.589,27.13,4.11,-115,6.25,
2026-09-02T16:54:08,2,1.576,26.10,25.3850,26.9,1.584,26.75,4.12,-115,6.50,
2026-09-02T16:54:09,2,1.588,27.07,25.3820,26.9,1.588,27.07,4.11,-116,6.50,
2026-09-02T16:54:12,2,1.575,26.04,25.3790,26.9,1.588,27.07,4.12,-115,6.25,
2026-09-02T16:54:13,2,1.597,27.78,25.3780,26.9,1.603,28.23,4.12,-116,6.00,
2026-09-02T16:54:14,2,1.575,25.97,25.3780,26.9,1.592,27.33,4.12,-116,6.25,
2026-09-02T16:54:15,2,1.576,26.10,25.3760,26.9,1.588,27.00,4.11,-116,6.00,
2026-09-02T16:54:16,2,1.590,27.20,25.3720,26.9,1.592,27.33,4.12,-115,6.75,
2026-09-02T16:54:17,2,1.588,27.00,25.3780,26.9,1.590,27.20,4.11,-117,4.75,
2026-09-02T16:54:19,2,1.588,27.00,25.3710,26.9,1.588,27.07,4.11,-117,5.25,
2026-09-02T16:54:20,2,1.575,26.04,25.3690,26.9,1.590,27.20,4.11,-117,5.25,
2026-09-02T16:54:21,2,1.592,27.33,25.3670,26.9,1.588,27.07,4.11,-117,5.00,
2026-09-02T16:54:22,2,1.589,27.13,25.3670,26.9,1.588,27.07,4.12,-117,5.75,
2026-09-02T16:54:25,2,1.585,26.81,25.3690,26.9,1.590,27.20,4.12,-117,5.50,
2026-09-02T16:54:26,2,1.575,26.04,25.3610,26.9,1.594,27.52,4.12,-118,5.00,
2026-09-02T16:54:27,2,1.575,25.97,25.3580,26.9,1.588,27.07,4.11,-117,5.25,
2026-09-02T16:54:28,2,1.588,27.00,25.3640,26.9,1.590,27.20,4.12,-117,5.00,
2026-09-02T16:54:30,2,1.589,27.13,25.3550,26.9,1.591,27.26,4.12,-118,5.00,
2026-09-02T16:54:31,2,1.590,27.20,25.3640,26.9,1.589,27.13,4.12,-117,5.50,
2026-09-02T16:54:32,2,1.575,26.04,25.3600,26.9,1.588,27.00,4.12,-117,5.25,
2026-09-02T16:54:33,2,1.590,27.20,25.3580,26.9,1.589,27.13,4.11,-117,5.25,
2026-09-02T16:54:36,2,1.576,26.10,25.3590,26.9,1.587,26.94,4.12,-117,5.25,
2026-09-02T16:54:37,2,1.588,27.07,25.3550,26.9,1.590,27.20,4.12,-117,5.50,
2026-09-02T16:54:38,2,1.578,26.23,25.3580,26.9,1.591,27.26,4.11,-117,5.25,
2026-09-02T16:54:39,2,1.591,27.26,25.3600,26.9,1.590,27.20,4.11,-117,5.00,
2026-09-02T16:54:40,2,1.587,26.94,25.3680,26.9,1.592,27.33,4.12,-117,6.00,
2026-09-02T16:54:41,2,1.575,25.97,25.3660,26.9,1.592,27.33,4.12,-117,5.25,
2026-09-02T16:54:42,2,1.588,27.00,25.3670,26.9,1.588,27.07,4.11,-117,5.50,
2026-09-02T16:54:43,2,1.574,25.91,25.3680,26.9,1.592,27.39,4.12,-117,5.25,
2026-09-02T16:54:44,2,1.575,25.97,25.3670,26.9,1.586,26.87,4.12,-117,5.50,
2026-09-02T16:54:45,2,1.579,26.36,25.3720,26.9,1.590,27.20,4.12,-115,6.50,
2026-09-02T16:54:46,2,1.575,25.97,25.3730,26.9,1.596,27.65,4.12,-117,5.50,
2026-09-02T16:54:48,2,1.591,27.26,25.3670,26.9,1.591,27.26,4.12,-116,6.00,
2026-09-02T16:54:49,2,1.588,27.07,25.3650,26.9,1.590,27.20,4.12,-117,5.75,
2026-09-02T16:54:50,2,1.576,26.10,25.3660,26.9,1.590,27.20,4.12,-117,5.75,
2026-09-02T16:54:51,2,1.586,26.87,25.3600,26.9,1.589,27.13,4.11,-116,5.50,
2026-09-02T16:54:52,2,1.578,26.23,25.3670,26.9,1.592,27.33,4.12,-117,5.00,
2026-09-02T16:54:53,2,1.575,25.97,25.3600,26.9,1.592,27.33,4.12,-117,5.00,
2026-09-02T16:54:55,2,1.576,26.10,25.3650,26.9,1.593,27.45,4.12,-117,5.50,
2026-09-02T16:54:56,2,1.591,27.26,25.3640,26.9,1.588,27.07,4.11,-117,5.25,
2026-09-02T16:54:57,2,1.588,27.07,25.3570,26.9,1.586,26.87,4.12,-117,5.25,
2026-09-02T16:54:59,2,1.575,26.04,25.3530,26.9,1.592,27.33,4.11,-117,5.50,
2026-09-02T16:55:00,2,1.590,27.20,25.3480,26.9,1.598,27.84,4.11,-117,5.50,
2026-09-02T16:55:01,2,1.574,25.91,25.3410,26.9,1.592,27.33,4.12,-116,6.00,
2026-09-02T16:55:02,2,1.576,26.10,25.3450,26.9,1.592,27.33,4.11,-117,5.75,
2026-09-02T16:55:03,2,1.591,27.26,25.3410,26.9,1.589,27.13,4.12,-117,5.25,
2026-09-02T16:55:04,2,1.566,25.26,25.3370,26.9,1.592,27.33,4.12,-117,6.00,
2026-09-02T16:55:05,2,1.591,27.26,25.3370,26.9,1.580,26.42,4.11,-117,5.50,
2026-09-02T16:55:06,2,1.591,27.26,25.3300,26.9,1.590,27.20,4.11,-117,5.25,
2026-09-02T16:55:07,2,1.576,26.10,25.3330,26.9,1.586,26.87,4.11,-117,5.25,
2026-09-02T16:55:08,2,1.588,27.07,25.3250,26.9,1.590,27.20,4.11,-118,4.50,
2026-09-02T16:55:09,2,1.573,25.84,25.3270,26.9,1.592,27.33,4.13,-118,4.50,
2026-09-02T16:55:11,2,1.573,25.84,25.3210,26.9,1.591,27.26,4.12,-117,4.75,
2026-09-02T16:55:12,2,1.590,27.20,25.3250,26.9,1.591,27.26,4.12,-117,5.00,
2026-09-02T16:55:13,2,1.574,25.91,25.3160,26.9,1.590,27.20,4.10,-117,5.25,
2026-09-02T16:55:14,2,1.593,27.45,25.3240,26.9,1.593,27.45,4.10,-118,4.50,
2026-09-02T16:55:16,2,1.575,26.04,25.3230,26.9,1.592,27.33,4.12,-117,4.50,
2026-09-02T16:55:17,2,1.589,27.13,25.3290,26.9,1.591,27.26,4.12,-118,4.50,
2026-09-02T16:55:18,2,1.574,25.91,25.3380,26.9,1.589,27.13,4.13,-118,4.75,
2026-09-02T16:55:19,2,1.575,25.97,25.3340,26.9,1.589,27.13,4.12,-117,4.75,
2026-09-02T16:55:21,2,1.574,25.91,25.3360,26.9,1.589,27.13,4.12,-117,5.00,
2026-09-02T16:55:23,2,1.593,27.45,25.3390,26.9,1.594,27.52,4.10,-116,5.75,
2026-09-02T16:55:24,2,1.589,27.13,25.3440,26.9,1.591,27.26,4.12,-116,6.00,
2026-09-02T16:55:25,2,1.575,26.04,25.3400,26.9,1.589,27.13,4.12,-117,5.00,
2026-09-02T16:55:27,2,1.575,26.04,25.3420,26.9,1.589,27.13,4.13,-117,5.25,
2026-09-02T16:55:28,2,1.576,26.10,25.3380,26.9,1.592,27.39,4.12,-117,5.25,
2026-09-02T16:55:29,2,1.588,27.00,25.3390,26.9,1.591,27.26,4.12,-117,5.25,
2026-09-02T16:55:30,2,1.575,26.04,25.3460,26.9,1.603,28.23,4.11,-117,5.25,
2026-09-02T16:55:32,2,1.588,27.00,25.3460,26.9,1.590,27.20,4.12,-117,5.00,
2026-09-02T16:55:33,2,1.578,26.23,25.3370,26.9,1.591,27.26,4.12,-117,4.75,
2026-09-02T16:55:35,2,1.588,27.00,25.3390,26.9,1.592,27.33,4.11,-117,5.25,
2026-09-02T16:55:36,2,1.572,25.78,25.3340,26.9,1.590,27.20,4.13,-118,5.00,
2026-09-02T16:55:37,2,1.574,25.91,25.3290,26.9,1.591,27.26,4.11,-117,5.25,
2026-09-02T16:55:38,2,1.587,26.94,25.3240,26.9,1.592,27.33,4.12,-117,5.25,
2026-09-02T16:55:39,2,1.575,25.97,25.3250,26.9,1.591,27.26,4.11,-117,5.00,
2026-09-02T16:55:40,2,1.596,27.65,25.3200,26.9,1.594,27.52,4.10,-117,5.25,
2026-09-02T16:55:41,2,1.585,26.81,25.3210,26.9,1.588,27.07,4.12,-117,5.25,
2026-09-02T16:55:42,2,1.578,26.23,25.3250,26.9,1.591,27.26,4.11,-117,5.75,
2026-09-02T16:55:43,2,1.589,27.13,25.3200,26.9,1.590,27.20,4.12,-117,5.25,
2026-09-02T16:55:44,2,1.573,25.84,25.3270,26.9,1.589,27.13,4.13,-117,5.25,
2026-09-02T16:55:46,2,1.573,25.84,25.3340,26.9,1.590,27.20,4.11,-118,5.00,
2026-09-02T16:55:47,2,1.589,27.13,25.3300,26.9,1.591,27.26,4.12,-117,4.75,
2026-09-02T16:55:48,2,1.567,25.33,25.3280,26.9,1.592,27.33,4.11,-118,5.00,
2026-09-02T16:55:49,2,1.593,27.45,25.3330,26.9,1.593,27.45,4.10,-117,5.00,
2026-09-02T16:55:50,2,1.588,27.00,25.3320,26.9,1.584,26.68,4.11,-117,4.75,
2026-09-02T16:55:51,2,1.573,25.84,25.3300,26.9,1.591,27.26,4.11,-116,5.75,
2026-09-02T16:55:52,2,1.588,27.00,25.3190,26.9,1.590,27.20,4.11,-117,5.50,
2026-09-02T16:55:53,2,1.571,25.71,25.3260,26.9,1.590,27.20,4.13,-117,5.00,
2026-09-02T16:55:54,2,1.574,25.91,25.3210,26.9,1.591,27.26,4.12,-117,5.25,
2026-09-02T16:55:55,2,1.589,27.13,25.3260,26.9,1.590,27.20,4.12,-117,5.25,
2026-09-02T16:55:56,2,1.571,25.65,25.3220,26.9,1.592,27.39,4.13,-117,5.00,
2026-09-02T16:55:58,2,1.594,27.52,25.3200,26.9,1.594,27.52,4.10,-117,4.75,
2026-09-02T16:55:59,2,1.588,27.07,25.3160,26.9,1.591,27.26,4.12,-118,4.75,
2026-09-02T16:56:00,2,1.574,25.91,25.3150,26.9,1.594,27.52,4.12,-117,5.25,
2026-09-02T16:56:01,2,1.591,27.26,25.3110,26.9,1.592,27.33,4.10,-116,5.75,
2026-09-02T16:56:02,2,1.572,25.78,25.3040,26.9,1.596,27.65,4.13,-117,5.50,
2026-09-02T16:56:03,2,1.577,26.17,25.3030,26.9,1.592,27.39,4.12,-117,5.50,
2026-09-02T16:56:04,2,1.590,27.20,25.2920,26.9,1.590,27.20,4.11,-117,5.25,
2026-09-02T16:56:05,2,1.575,26.04,25.2910,26.9,1.589,27.13,4.13,-117,5.00,
2026-09-02T16:56:06,2,1.590,27.20,25.2850,26.9,1.605,28.42,4.11,-118,5.00,
2026-09-02T16:56:07,2,1.588,27.00,25.2910,26.9,1.590,27.20,4.12,-116,5.75,
2026-09-02T16:56:08,2,1.574,25.91,25.2880,26.9,1.593,27.45,4.11,-117,5.75,
2026-09-02T16:56:10,2,1.587,26.94,25.2940,26.9,1.592,27.33,4.10,-116,5.75,
2026-09-02T16:56:11,2,1.588,27.00,25.2960,26.9,1.591,27.26,4.11,-116,5.50,
2026-09-02T16:56:13,2,1.588,27.00,25.3070,26.9,1.589,27.13,4.12,-116,5.75,
2026-09-02T16:56:14,2,1.574,25.91,25.2870,26.9,1.591,27.26,4.13,-117,5.25,
2026-09-02T16:56:15,2,1.575,26.04,25.2850,26.9,1.592,27.33,4.12,-117,5.50,
2026-09-02T16:56:16,2,1.590,27.20,25.2900,26.9,1.590,27.20,4.12,-116,5.50,4
2026-09-02T16:56:18,2,1.593,27.45,25.2930,26.9,1.592,27.33,4.10,-116,5.75,
2026-09-02T16:56:19,2,1.580,26.42,25.2930,26.9,1.590,27.20,4.12,-117,5.75,
2026-09-02T16:56:20,2,1.575,26.04,25.2940,26.9,1.592,27.39,4.11,-117,5.75,
2026-09-02T16:56:22,2,1.588,27.00,25.2950,26.9,1.591,27.26,4.12,-116,6.00,
2026-09-02T16:56:24,2,1.577,26.17,25.2910,26.9,1.592,27.33,4.11,-116,5.75,
2026-09-02T16:56:25,2,1.587,26.94,25.2920,26.9,1.593,27.45,4.11,-116,6.00,
2026-09-02T16:56:26,2,1.575,26.04,25.2910,26.9,1.592,27.39,4.11,-117,5.50,
2026-09-02T16:56:27,2,1.590,27.20,25.2830,26.9,1.592,27.39,4.10,-116,6.00,
2026-09-02T16:56:29,2,1.575,26.04,25.2760,26.9,1.590,27.20,4.11,-119,3.25,
2026-09-02T16:56:30,2,1.584,26.75,25.2770,26.9,1.593,27.45,4.11,-117,4.50,
2026-09-02T16:56:31,2,1.573,25.84,25.2770,26.9,1.591,27.26,4.13,-118,4.75,
2026-09-02T16:56:33,2,1.574,25.91,25.2750,26.9,1.592,27.33,4.12,-118,4.25,
2026-09-02T16:56:34,2,1.589,27.13,25.2850,26.9,1.592,27.33,4.12,-118,4.50,
2026-09-02T16:56:35,2,1.575,25.97,25.2910,26.9,1.592,27.39,4.12,-118,5.00,
2026-09-02T16:56:36,2,1.592,27.39,25.2850,26.9,1.593,27.45,4.10,-118,4.25,
2026-09-02T16:56:37,2,1.586,26.87,25.2880,26.9,1.591,27.26,4.12,-118,4.75,
2026-09-02T16:56:38,2,1.573,25.84,25.2860,26.9,1.592,27.39,4.10,-118,4.75,
2026-09-02T16:56:39,2,1.589,27.13,25.2840,26.9,1.592,27.33,4.11,-118,4.25,
2026-09-02T16:56:40,2,1.575,25.97,25.2900,26.9,1.589,27.13,4.13,-116,5.50,
2026-09-02T16:56:41,2,1.575,26.04,25.2880,26.9,1.592,27.33,4.12,-117,5.50,
2026-09-02T16:56:42,2,1.590,27.20,25.2910,26.9,1.592,27.33,4.11,-117,5.00,
2026-09-02T16:56:43,2,1.574,25.91,25.2910,26.9,1.592,27.39,4.11,-117,5.50,
2026-09-02T16:56:45,2,1.591,27.26,25.2970,26.9,1.590,27.20,4.10,-117,5.25,
2026-09-02T16:56:46,2,1.590,27.20,25.2950,26.9,1.592,27.39,4.12,-117,4.50,
2026-09-02T16:56:47,2,1.574,25.91,25.2980,26.9,1.592,27.33,4.11,-117,5.50,
2026-09-02T16:56:48,2,1.590,27.20,25.2910,26.9,1.589,27.13,4.10,-117,5.50,
2026-09-02T16:56:49,2,1.571,25.71,25.3010,26.9,1.588,27.00,4.13,-119,3.25,
2026-09-02T16:56:50,2,1.574,25.91,25.3040,26.9,1.590,27.20,4.11,-123,-4.50,
2026-09-02T16:56:51,2,1.588,27.07,25.2990,26.9,1.592,27.39,4.11,-123,-6.75,
2026-09-02T16:56:52,2,1.574,25.91,25.2980,26.9,1.589,27.13,4.13,-124,-7.25,
2026-09-02T16:56:53,2,1.592,27.33,25.2960,26.9,1.591,27.26,4.10,-119,3.75,
2026-09-02T16:56:54,2,1.588,27.07,25.2990,26.9,1.595,27.58,4.12,-119,2.75,
2026-09-02T16:56:55,2,1.575,26.04,25.3040,26.9,1.591,27.26,4.11,-121,-1.50,
2026-09-02T16:56:57,2,1.592,27.33,25.2940,26.9,1.594,27.52,4.10,-121,1.00,
2026-09-02T16:56:58,2,1.574,25.91,25.2880,26.9,1.588,27.07,4.13,-115,6.75,
2026-09-02T16:56:59,2,1.576,26.10,25.2880,26.9,1.590,27.20,4.12,-115,6.75,
2026-09-02T16:57:00,2,1.588,27.07,25.2950,26.9,1.588,27.07,4.12,-116,6.50,
2026-09-02T16:57:01,2,1.573,25.84,25.3000,26.9,1.584,26.68,4.13,-115,6.50,
2026-09-02T16:57:02,2,1.594,27.52,25.2980,26.9,1.589,27.13,4.10,-115,6.25,
2026-09-02T16:57:03,2,1.588,27.07,25.2950,26.9,1.590,27.20,4.12,-115,6.50,
2026-09-02T16:57:04,2,1.575,25.97,25.2910,26.9,1.595,27.58,4.11,-115,6.50,4
2026-09-02T16:57:05,2,1.591,27.26,25.2950,26.9,1.591,27.26,4.10,-117,5.50,
2026-09-02T16:57:06,2,1.574,25.91,25.3010,26.9,1.590,27.20,4.13,-116,5.75,
2026-09-02T16:57:07,2,1.575,25.97,25.3120,26.9,1.592,27.33,4.12,-115,7.00,
2026-09-02T16:57:09,2,1.590,27.20,25.3090,26.9,1.592,27.33,4.11,-114,6.75,
2026-09-02T16:57:10,2,1.571,25.71,25.2990,26.9,1.590,27.20,4.13,-115,6.50,
2026-09-02T16:57:11,2,1.592,27.33,25.2890,26.9,1.592,27.39,4.10,-115,6.50,
2026-09-02T16:57:12,2,1.588,27.00,25.2890,26.9,1.589,27.13,4.11,-122,-1.50,
2026-09-02T16:57:13,2,1.575,25.97,25.2920,26.9,1.592,27.33,4.11,-121,1.00,
2026-09-02T16:57:15,2,1.572,25.78,25.2910,26.9,1.591,27.26,4.13,-121,-0.50,
2026-09-02T16:57:16,2,1.575,26.04,25.2990,26.9,1.591,27.26,4.11,-116,6.25,
2026-09-02T16:57:17,2,1.589,27.13,25.2970,26.9,1.596,27.65,4.11,-117,5.75,
2026-09-02T16:57:18,2,1.575,25.97,25.3150,26.9,1.592,27.33,4.13,-117,4.75,
2026-09-02T16:57:21,2,1.591,27.26,25.3490,26.9,1.596,27.65,4.12,-119,3.25,
2026-09-02T16:57:22,2,1.575,26.04,25.3570,26.9,1.595,27.58,4.11,-119,3.00,
2026-09-02T16:57:23,2,1.591,27.26,25.3680,26.9,1.600,27.97,4.10,-119,3.25,
2026-09-02T16:57:24,2,1.575,25.97,25.3960,26.9,1.596,27.65,4.13,-119,3.00,
2026-09-02T16:57:26,2,1.592,27.33,25.4110,26.9,1.594,27.52,4.12,-119,3.00,
2026-09-02T16:57:27,2,1.575,26.04,25.4210,26.9,1.596,27.65,4.13,-119,2.50,
2026-09-02T16:57:28,2,1.599,27.91,25.4360,26.9,1.598,27.84,4.10,-120,3.00,
2026-09-02T16:57:29,2,1.590,27.20,25.4480,26.9,1.597,27.78,4.12,-119,3.50,
2026-09-02T16:57:30,2,1.579,26.29,25.4670,26.9,1.596,27.65,4.11,-119,2.75,
2026-09-02T16:57:32,2,1.586,26.87,25.4870,26.9,1.599,27.91,4.10,-119,3.50,
2026-09-02T16:57:33,2,1.578,26.23,25.4990,26.9,1.597,27.78,4.13,-118,5.00,
2026-09-02T16:57:34,2,1.577,26.17,25.5160,26.9,1.610,28.81,4.12,-116,6.25,
2026-09-02T16:57:35,2,1.594,27.52,25.5220,26.9,1.599,27.91,4.11,-115,6.50,
2026-09-02T16:57:36,2,1.579,26.29,25.5570,26.9,1.596,27.71,4.13,-115,7.00,
2026-09-02T16:57:37,2,1.591,27.26,25.5730,26.9,1.597,27.78,4.11,-115,6.75,
2026-09-02T16:57:38,2,1.589,27.13,25.5730,26.9,1.595,27.58,4.11,-115,6.50,
2026-09-02T16:57:39,2,1.578,26.23,25.5600,26.9,1.596,27.65,4.11,-115,6.75,
2026-09-02T16:57:40,2,1.596,27.65,25.5590,26.9,1.595,27.58,4.10,-115,6.75,
2026-09-02T16:57:41,2,1.588,27.07,25.5640,26.9,1.596,27.71,4.12,-115,7.00,
2026-09-02T16:57:42,2,1.579,26.36,25.5690,26.9,1.597,27.78,4.11,-115,6.75,
2026-09-02T16:57:44,2,1.591,27.26,25.5690,26.9,1.590,27.20,4.11,-115,6.75,
2026-09-02T16:57:45,2,1.577,26.17,25.5750,26.9,1.594,27.52,4.13,-115,6.75,
2026-09-02T16:57:46,2,1.579,26.29,25.5760,26.9,1.594,27.52,4.11,-115,6.50,
2026-09-02T16:57:47,2,1.593,27.45,25.5820,26.9,1.596,27.65,4.12,-115,6.50,
2026-09-02T16:57:48,2,1.579,26.29,25.5830,26.9,1.596,27.65,4.13,-115,6.75,
2026-09-02T16:57:49,2,1.596,27.65,25.5840,26.9,1.586,26.87,4.10,-116,6.00,
2026-09-02T16:57:50,2,1.587,26.94,25.5790,26.9,1.595,27.58,4.11,-116,6.25,
2026-09-02T16:57:51,2,1.579,26.29,25.5810,26.9,1.599,27.91,4.11,-115,6.50,
2026-09-02T16:57:52,2,1.589,27.13,25.5860,26.9,1.596,27.65,4.11,-117,5.25,
2026-09-02T16:57:53,2,1.576,26.10,25.5820,26.9,1.591,27.26,4.13,-117,5.50,
2026-09-02T16:57:54,2,1.576,26.10,25.5840,26.9,1.594,27.52,4.12,-117,5.75,
2026-09-02T16:57:56,2,1.588,27.07,25.5840,26.9,1.592,27.39,4.11,-117,5.25,
2026-09-02T16:57:57,2,1.579,26.29,25.5790,26.9,1.594,27.52,4.13,-117,5.00,
2026-09-02T16:57:58,2,1.597,27.78,25.5810,26.9,1.596,27.65,4.10,-117,5.25,
2026-09-02T16:57:59,2,1.588,27.07,25.5830,26.9,1.596,27.71,4.12,-117,5.50,
2026-09-02T16:58:00,2,1.579,26.36,25.5820,26.9,1.596,27.65,4.11,-117,5.75,
2026-09-02T16:58:01,2,1.596,27.71,25.5830,26.9,1.596,27.71,4.10,-117,5.25,
2026-09-02T16:58:02,2,1.579,26.36,25.5750,26.9,1.595,27.58,4.12,-117,5.50,
2026-09-02T16:58:03,2,1.579,26.36,25.5750,26.9,1.596,27.71,4.11,-117,5.25,
2026-09-02T16:58:04,2,1.592,27.33,25.5770,26.9,1.594,27.52,4.11,-117,5.25,
2026-09-02T16:58:05,2,1.579,26.29,25.5790,26.9,1.592,27.39,4.13,-117,5.25,
2026-09-02T16:58:06,2,1.596,27.65,25.5790,26.9,1.596,27.71,4.09,-117,5.25,
2026-09-02T16:58:08,2,1.590,27.20,25.5770,26.9,1.594,27.52,4.11,-117,5.75,
2026-09-02T16:58:09,2,1.575,26.04,25.5790,26.9,1.596,27.71,4.11,-117,5.50,
2026-09-02T16:58:10,2,1.592,27.39,25.5830,26.9,1.596,27.65,4.10,-117,5.25,
2026-09-02T16:58:12,2,1.578,26.23,25.5890,26.9,1.595,27.58,4.11,-117,5.00,
2026-09-02T16:58:13,2,1.580,26.42,25.5960,26.9,1.595,27.58,4.12,-117,5.50,
2026-09-02T16:58:14,2,1.577,26.17,25.5980,26.9,1.596,27.65,4.13,-117,5.25,
2026-09-02T16:58:15,2,1.598,27.84,25.5980,26.9,1.599,27.91,4.10,-117,5.00,
2026-09-02T16:58:17,2,1.579,26.29,25.5960,26.9,1.590,27.20,4.11,-117,5.25,
2026-09-02T16:58:19,2,1.593,27.45,25.5970,26.9,1.596,27.71,4.10,-117,5.50,
2026-09-02T16:58:20,2,1.575,26.04,25.5950,26.9,1.592,27.33,4.13,-117,5.25,
2026-09-02T16:58:21,2,1.577,26.17,25.5930,26.9,1.595,27.58,4.12,-116,5.25,
2026-09-02T16:58:23,2,1.580,26.42,25.5900,26.9,1.594,27.52,4.13,-117,5.75,
2026-09-02T16:58:24,2,1.598,27.84,25.5930,26.9,1.598,27.84,4.10,-117,4.75,
2026-09-02T16:58:25,2,1.594,27.52,25.5850,26.9,1.592,27.39,4.12,-117,5.25,
2026-09-02T16:58:26,2,1.577,26.17,25.5840,26.9,1.594,27.52,4.11,-117,5.25,
2026-09-02T16:58:27,2,1.595,27.58,25.5850,26.9,1.597,27.78,4.10,-117,5.25,
2026-09-02T16:58:28,2,1.575,26.04,25.5930,26.9,1.592,27.39,4.13,-117,5.00,
2026-09-02T16:58:29,2,1.579,26.36,25.5950,26.9,1.596,27.65,4.11,-116,5.50,
2026-09-02T16:58:31,2,1.592,27.39,25.5970,26.9,1.594,27.52,4.11,-117,5.25,
2026-09-02T16:58:32,2,1.577,26.17,25.5890,26.9,1.594,27.52,4.13,-117,5.50,5
2026-09-02T16:58:33,2,1.597,27.78,25.5810,26.9,1.592,27.39,4.10,-118,4.25,
2026-09-02T16:58:34,2,1.590,27.20,25.5820,26.9,1.596,27.65,4.11,-117,5.25,
2026-09-02T16:58:35,2,1.578,26.23,25.5770,26.9,1.595,27.58,4.13,-116,6.00,
2026-09-02T16:58:36,2,1.594,27.52,25.5770,26.9,1.596,27.71,4.10,-116,6.25,
2026-09-02T16:58:37,2,1.576,26.10,25.5820,26.9,1.594,27.52,4.13,-115,6.50,
2026-09-02T16:58:38,2,1.579,26.29,25.5780,26.9,1.596,27.65,4.11,-116,6.00,
2026-09-02T16:58:39,2,1.592,27.39,25.5810,26.9,1.596,27.71,4.10,-115,6.50,
2026-09-02T16:58:40,2,1.576,26.10,25.5860,26.9,1.593,27.45,4.13,-115,6.75,
2026-09-02T16:58:41,2,1.596,27.65,25.5890,26.9,1.597,27.78,4.10,-115,6.50,
2026-09-02T16:58:43,2,1.589,27.13,25.5900,26.9,1.596,27.71,4.11,-116,6.50,
2026-09-02T16:58:44,2,1.578,26.23,25.5930,26.9,1.594,27.52,4.13,-116,6.25,
2026-09-02T16:58:45,2,1.599,27.91,25.5920,26.9,1.595,27.58,4.10,-116,6.25,
2026-09-02T16:58:46,2,1.579,26.29,25.5920,26.9,1.592,27.33,4.13,-115,5.75,
2026-09-02T16:58:47,2,1.578,26.23,25.5890,26.9,1.596,27.65,4.11,-115,6.25,
2026-09-02T16:58:48,2,1.594,27.52,25.5790,26.9,1.596,27.71,4.10,-115,6.25,
2026-09-02T16:58:49,2,1.579,26.36,25.5770,26.9,1.596,27.65,4.13,-115,6.25,
2026-09-02T16:58:50,2,1.594,27.52,25.5680,26.9,1.597,27.78,4.11,-115,6.25,
2026-09-02T16:58:51,2,1.592,27.33,25.5690,26.9,1.597,27.78,4.12,-115,6.50,
2026-09-02T16:58:52,2,1.577,26.17,25.5650,26.9,1.593,27.45,4.13,-115,6.25,
2026-09-02T16:58:54,2,1.594,27.52,25.5630,26.9,1.596,27.65,4.09,-115,6.00,
2026-09-02T16:58:55,2,1.590,27.20,25.5680,26.9,1.595,27.58,4.10,-116,6.50,
2026-09-02T16:58:56,2,1.577,26.17,25.5640,26.9,1.596,27.65,4.12,-115,6.50,
2026-09-02T16:58:57,2,1.595,27.58,25.5590,26.9,1.596,27.71,4.10,-115,6.50,
2026-09-02T16:58:58,2,1.576,26.10,25.5550,26.9,1.592,27.33,4.13,-116,6.00,
2026-09-02T16:58:59,2,1.577,26.17,25.5540,26.9,1.601,28.10,4.11,-115,6.25,
2026-09-02T16:59:00,2,1.592,27.39,25.5560,26.9,1.596,27.65,4.11,-116,6.25,
2026-09-02T16:59:01,2,1.576,26.10,25.5560,26.9,1.595,27.58,4.12,-116,6.25,
2026-09-02T16:59:02,2,1.594,27.52,25.5630,26.9,1.599,27.91,4.10,-116,5.75,
2026-09-02T16:59:03,2,1.592,27.33,25.5620,26.9,1.595,27.58,4.12,-116,6.25,
2026-09-02T16:59:04,2,1.579,26.36,25.5650,26.9,1.598,27.84,4.11,-115,6.25,
2026-09-02T16:59:06,2,1.592,27.39,25.5550,26.9,1.596,27.71,4.10,-116,6.25,
2026-09-02T16:59:07,2,1.577,26.17,25.5570,26.9,1.594,27.52,4.12,-115,6.50,
2026-09-02T16:59:09,2,1.592,27.33,25.5710,26.9,1.591,27.26,4.11,-115,6.00,
2026-09-02T16:59:10,2,1.579,26.29,25.5800,26.9,1.595,27.58,4.13,-115,7.50,
2026-09-02T16:59:11,2,1.596,27.71,25.5800,26.9,1.596,27.65,4.10,-116,6.25,
2026-09-02T16:59:12,2,1.591,27.26,25.5890,26.9,1.606,28.49,4.11,-115,6.25,
2026-09-02T16:59:14,2,1.593,27.45,25.5820,26.9,1.600,27.97,4.10,-116,6.25,
2026-09-02T16:59:15,2,1.579,26.29,25.5890,26.9,1.594,27.52,4.13,-116,6.25,
2026-09-02T16:59:16,2,1.579,26.36,25.5980,26.9,1.596,27.71,4.11,-116,6.25,
2026-09-02T16:59:18,2,1.590,27.20,25.5960,26.9,1.592,27.33,4.12,-115,6.50,
2026-09-02T16:59:20,2,1.595,27.58,25.6000,26.9,1.608,28.68,4.10,-116,6.25,
2026-09-02T16:59:21,2,1.592,27.39,25.5820,26.9,1.595,27.58,4.12,-115,6.75,
2026-09-02T16:59:22,2,1.579,26.29,25.5690,26.9,1.594,27.52,4.11,-116,6.25,
2026-09-02T16:59:23,2,1.582,26.55,25.5680,26.9,1.595,27.58,4.11,-116,6.75,
2026-09-02T16:59:24,2,1.577,26.17,25.5660,26.9,1.594,27.52,4.12,-115,6.50,
2026-09-02T16:59:25,2,1.579,26.36,25.5740,26.9,1.596,27.71,4.11,-116,6.00,
2026-09-02T16:59:26,2,1.592,27.33,25.5690,26.9,1.595,27.58,4.11,-116,6.25,
2026-09-02T16:59:27,2,1.578,26.23,25.5630,26.9,1.593,27.45,4.12,-115,6.50,
2026-09-02T16:59:28,2,1.595,27.58,25.5630,26.9,1.597,27.78,4.10,-116,6.25,
2026-09-02T16:59:30,2,1.591,27.26,25.5560,26.9,1.596,27.65,4.11,-116,6.25,
2026-09-02T16:59:31,2,1.576,26.10,25.5540,26.9,1.596,27.71,4.13,-115,6.75,
2026-09-02T16:59:32,2,1.592,27.39,25.5560,26.9,1.596,27.71,4.10,-114,7.00,
2026-09-02T16:59:33,2,1.577,26.17,25.5510,26.9,1.591,27.26,4.13,-116,6.75,
2026-09-02T16:59:34,2,1.576,26.10,25.5560,26.9,1.595,27.58,4.12,-116,5.75,
2026-09-02T16:59:35,2,1.592,27.33,25.5460,26.9,1.595,27.58,4.10,-116,5.75,
2026-09-02T16:59:36,2,1.579,26.36,25.5430,26.9,1.593,27.45,4.13,-116,6.50,
2026-09-02T16:59:37,2,1.596,27.71,25.5420,26.9,1.597,27.78,4.10,-117,5.25,
2026-09-02T16:59:38,2,1.591,27.26,25.5390,26.9,1.596,27.65,4.11,-116,6.00,
2026-09-02T16:59:39,2,1.580,26.42,25.5390,26.9,1.596,27.65,4.13,-116,5.75,
2026-09-02T16:59:40,2,1.593,27.45,25.5440,26.9,1.599,27.91,4.10,-116,5.75,
2026-09-02T16:59:42,2,1.578,26.23,25.5520,26.9,1.594,27.52,4.13,-116,6.00,
2026-09-02T16:59:43,2,1.580,26.42,25.5570,26.9,1.596,27.71,4.11,-116,6.50,
2026-09-02T16:59:44,2,1.592,27.39,25.5580,26.9,1.597,27.78,4.10,-116,6.25,
2026-09-02T16:59:45,2,1.576,26.10,25.5560,26.9,1.596,27.71,4.13,-118,5.00,
2026-09-02T16:59:47,2,1.591,27.26,25.5610,26.9,1.593,27.45,4.12,-117,5.50,
2026-09-02T16:59:48,2,1.576,26.10,25.5620,26.9,1.594,27.52,4.13,-117,5.25,
2026-09-02T16:59:49,2,1.589,27.13,25.5650,26.9,1.596,27.71,4.10,-116,5.75,
2026-09-02T16:59:50,2,1.576,26.10,25.5660,26.9,1.592,27.33,4.13,-116,5.50,
2026-09-02T16:59:51,2,1.579,26.29,25.5620,26.9,1.594,27.52,4.11,-116,6.50,
2026-09-02T16:59:53,2,1.595,27.58,25.5670,26.9,1.594,27.52,4.10,-117,5.50,
2026-09-02T16:59:54,2,1.578,26.23,25.5630,26.9,1.592,27.33,4.13,-116,6.00,
2026-09-02T16:59:55,2,1.597,27.78,25.5600,26.9,1.585,26.81,4.10,-115,5.50,
2026-09-02T16:59:56,2,1.590,27.20,25.5680,26.9,1.595,27.58,4.11,-115,6.50,
2026-09-02T16:59:57,2,1.578,26.23,25.5730,26.9,1.593,27.45,4.13,-117,5.50,
2026-09-02T16:59:58,2,1.595,27.58,25.5760,26.9,1.600,28.04,4.10,-116,5.50,
2026-09-02T16:59:59,2,1.577,26.17,25.5760,26.9,1.593,27.45,4.12,-116,5.75,
2026-09-02T17:00:00,2,1.577,26.17,25.5770,26.9,1.599,27.91,4.11,-116,5.75,
2026-09-02T17:00:01,2,1.592,27.33,25.5750,26.9,1.596,27.65,4.10,-118,5.00,
2026-09-02T17:00:02,2,1.575,25.97,25.5740,26.9,1.592,27.39,4.13,-116,5.25,
2026-09-02T17:00:03,2,1.597,27.78,25.5680,26.9,1.598,27.84,4.10,-118,4.50,
2026-09-02T17:00:06,2,1.577,26.17,25.5710,26.9,1.595,27.58,4.13,-116,5.50,
2026-09-02T17:00:07,2,1.595,27.58,25.5700,26.9,1.596,27.65,4.10,-116,5.75,
2026-09-02T17:00:08,2,1.582,26.55,25.5710,26.9,1.596,27.65,4.11,-114,9.00,
2026-09-02T17:00:09,2,1.577,26.17,25.5760,26.9,1.596,27.65,4.11,-115,7.00,
2026-09-02T17:00:11,2,1.579,26.36,25.5760,26.9,1.592,27.39,4.13,-116,5.75,
2026-09-02T17:00:12,2,1.577,26.17,25.5670,26.9,1.596,27.65,4.11,-116,5.75,
2026-09-02T17:00:13,2,1.590,27.20,25.5670,26.9,1.596,27.65,4.12,-116,6.25,
2026-09-02T17:00:14,2,1.570,25.59,25.5680,26.9,1.597,27.78,4.13,-117,5.50,
2026-09-02T17:00:17,2,1.592,27.39,25.5610,26.9,1.598,27.84,4.11,-117,5.50,
2026-09-02T17:00:18,2,1.576,26.10,25.5550,26.9,1.596,27.65,4.13,-118,4.00,
2026-09-02T17:00:19,2,1.592,27.39,25.5520,26.9,1.594,27.52,4.10,-118,4.00,
2026-09-02T17:00:20,2,1.578,26.23,25.5390,26.9,1.594,27.52,4.13,-118,4.25,
2026-09-02T17:00:21,2,1.579,26.29,25.5360,26.9,1.595,27.58,4.11,-119,4.00,
2026-09-02T17:00:22,2,1.591,27.26,25.5380,26.9,1.596,27.65,4.10,-118,4.75,
2026-09-02T17:00:23,2,1.577,26.17,25.5460,26.9,1.592,27.39,4.13,-117,4.50,
2026-09-02T17:00:24,2,1.596,27.65,25.5430,26.9,1.596,27.65,4.10,-118,4.50,
2026-09-02T17:00:25,2,1.592,27.39,25.5410,26.9,1.594,27.52,4.11,-118,4.50,
2026-09-02T17:00:26,2,1.577,26.17,25.5420,26.9,1.593,27.45,4.13,-117,5.00,
2026-09-02T17:00:27,2,1.590,27.20,25.5410,26.9,1.596,27.71,4.10,-117,5.25,
2026-09-02T17:00:29,2,1.577,26.17,25.5340,26.9,1.592,27.33,4.13,-117,5.25,
2026-09-02T17:00:30,2,1.577,26.17,25.5300,26.9,1.594,27.52,4.11,-119,4.25,
2026-09-02T17:00:31,2,1.592,27.39,25.5300,26.9,1.596,27.71,4.10,-118,4.50,
2026-09-02T17:00:32,2,1.576,26.10,25.5480,26.9,1.592,27.39,4.12,-118,4.50,
2026-09-02T17:00:33,2,1.592,27.39,25.5540,26.9,1.596,27.71,4.10,-118,4.00,
2026-09-02T17:00:34,2,1.592,27.33,25.5540,26.9,1.595,27.58,4.11,-118,4.00,
2026-09-02T17:00:35,2,1.576,26.10,25.5560,26.9,1.592,27.39,4.13,-118,4.25,
2026-09-02T17:00:36,2,1.596,27.65,25.5560,26.9,1.596,27.71,4.10,-118,4.25,
2026-09-02T17:00:37,2,1.579,26.29,25.5570,26.9,1.592,27.39,4.13,-118,4.75,
2026-09-02T17:00:38,2,1.579,26.29,25.5630,26.9,1.596,27.65,4.11,-118,4.25,
2026-09-02T17:00:40,2,1.592,27.33,25.5660,26.9,1.596,27.65,4.10,-118,4.25,
2026-09-02T17:00:41,2,1.579,26.36,25.5710,26.9,1.596,27.71,4.13,-117,5.25,
2026-09-02T17:00:42,2,1.597,27.78,25.5640,26.9,1.597,27.78,4.10,-118,3.75,
2026-09-02T17:00:44,2,1.578,26.23,25.5630,26.9,1.592,27.33,4.13,-118,4.25,
2026-09-02T17:00:45,2,1.592,27.33,25.5580,26.9,1.596,27.71,4.10,-118,4.00,
2026-09-02T17:00:46,2,1.575,26.04,25.5590,26.9,1.594,27.52,4.13,-118,4.00,
2026-09-02T17:00:47,2,1.580,26.42,25.5640,26.9,1.596,27.71,4.11,-118,4.75,
2026-09-02T17:00:48,2,1.592,27.33,25.5600,26.9,1.597,27.78,4.10,-119,4.00,
2026-09-02T17:00:49,2,1.576,26.10,25.5620,26.9,1.608,28.62,4.13,-116,6.00,
2026-09-02T17:00:50,2,1.594,27.52,25.5650,26.9,1.599,27.91,4.09,-117,5.50,
2026-09-02T17:00:52,2,1.591,27.26,25.5630,26.9,1.596,27.65,4.11,-117,6.00,
2026-09-02T17:00:53,2,1.577,26.17,25.5530,26.9,1.596,27.65,4.12,-117,6.00,
2026-09-02T17:00:55,2,1.576,26.10,25.5400,26.9,1.596,27.71,4.13,-116,5.75,
2026-09-02T17:00:56,2,1.579,26.36,25.5450,26.9,1.597,27.78,4.11,-116,5.75,
2026-09-02T17:00:57,2,1.591,27.26,25.5430,26.9,1.596,27.71,4.10,-116,5.50,
2026-09-02T17:00:58,2,1.579,26.29,25.5400,26.9,1.595,27.58,4.13,-116,5.50,
2026-09-02T17:00:59,2,1.596,27.65,25.5330,26.9,1.596,27.71,4.09,-116,5.50,
2026-09-02T17:01:00,2,1.590,27.20,25.5340,26.9,1.594,27.52,4.11,-117,6.00,
2026-09-02T17:01:02,2,1.592,27.33,25.5410,26.9,1.598,27.84,4.10,-116,5.75,
2026-09-02T17:01:04,2,1.578,26.23,25.5380,26.9,1.592,27.39,4.12,-116,6.00,
2026-09-02T17:01:05,2,1.577,26.17,25.5390,26.9,1.596,27.65,4.11,-116,5.75,
2026-09-02T17:01:06,2,1.592,27.33,25.5430,26.9,1.597,27.78,4.10,-116,6.25,
2026-09-02T17:01:08,2,1.596,27.71,25.5480,26.9,1.598,27.84,4.10,-117,5.25,
2026-09-02T17:01:09,2,1.591,27.26,25.5450,26.9,1.598,27.84,4.11,-117,5.25,
2026-09-02T17:01:10,2,1.577,26.17,25.5330,26.9,1.593,27.45,4.12,-117,5.75,
2026-09-02T17:01:11,2,1.595,27.58,25.5350,26.9,1.599,27.91,4.08,-117,5.00,
2026-09-02T17:01:13,2,1.576,26.10,25.5330,26.9,1.590,27.20,4.13,-117,5.50,
2026-09-02T17:01:14,2,1.592,27.33,25.5320,26.9,1.597,27.78,4.10,-117,5.50,
2026-09-02T17:01:16,2,1.578,26.23,25.5330,26.9,1.590,27.20,4.13,-117,5.00,
2026-09-02T17:01:17,2,1.597,27.78,25.5350,26.9,1.598,27.84,4.09,-117,5.00,
2026-09-02T17:01:19,2,1.575,26.04,25.5450,26.9,1.593,27.45,4.13,-117,4.50,
2026-09-02T17:01:20,2,1.587,26.94,25.5500,26.9,1.597,27.78,4.10,-118,5.25,
2026-09-02T17:01:21,2,1.577,26.17,25.5420,26.9,1.592,27.39,4.13,-117,5.25,
2026-09-02T17:01:22,2,1.576,26.10,25.5460,26.9,1.590,27.20,4.13,-117,4.75,
2026-09-02T17:01:23,2,1.593,27.45,25.5490,26.9,1.597,27.78,4.10,-117,5.00,
2026-09-02T17:01:24,2,1.575,26.04,25.5480,26.9,1.595,27.58,4.13,-117,5.00,
2026-09-02T17:01:25,2,1.598,27.84,25.5400,26.9,1.598,27.84,4.09,-117,5.50,
2026-09-02T17:01:27,2,1.587,26.94,25.5400,26.9,1.597,27.78,4.10,-117,5.50,
2026-09-02T17:01:28,2,1.577,26.17,25.5360,26.9,1.592,27.33,4.13,-117,5.00,
2026-09-02T17:01:29,2,1.594,27.52,25.5360,26.9,1.597,27.78,4.10,-117,5.25,
2026-09-02T17:01:30,2,1.574,25.91,25.5420,26.9,1.595,27.58,4.12,-117,5.00,
2026-09-02T17:01:31,2,1.577,26.17,25.5410,26.9,1.593,27.45,4.12,-117,5.75,
2026-09-02T17:01:32,2,1.592,27.33,25.5450,26.9,1.604,28.36,4.10,-118,5.25,
2026-09-02T17:01:33,2,1.577,26.17,25.5480,26.9,1.593,27.45,4.13,-117,5.00,
2026-09-02T17:01:34,2,1.587,26.94,25.5500,26.9,1.596,27.71,4.11,-117,5.50,
2026-09-02T17:01:35,2,1.592,27.33,25.5500,26.9,1.596,27.71,4.10,-116,5.50,
2026-09-02T17:01:36,2,1.576,26.10,25.5500,26.9,1.593,27.45,4.13,-116,6.25,
2026-09-02T17:01:37,2,1.597,27.78,25.5490,26.9,1.597,27.78,4.10,-116,6.50,
2026-09-02T17:01:39,2,1.591,27.26,25.5440,26.9,1.596,27.71,4.11,-115,6.50,
2026-09-02T17:01:40,2,1.576,26.10,25.5410,26.9,1.595,27.58,4.13,-116,6.25,
2026-09-02T17:01:41,2,1.592,27.33,25.5430,26.9,1.598,27.84,4.10,-116,6.00,
2026-09-02T17:01:42,2,1.576,26.10,25.5430,26.9,1.596,27.65,4.12,-117,5.25,
2026-09-02T17:01:43,2,1.578,26.23,25.5390,26.9,1.596,27.71,4.11,-117,5.50,
2026-09-02T17:01:44,2,1.590,27.20,25.5420,26.9,1.596,27.71,4.10,-119,3.75,
2026-09-02T17:01:45,2,1.576,26.10,25.5450,26.9,1.596,27.71,4.13,-118,3.75,
2026-09-02T17:01:46,2,1.592,27.39,25.5450,26.9,1.596,27.65,4.10,-119,3.00,
2026-09-02T17:01:47,2,1.591,27.26,25.5440,26.9,1.592,27.39,4.11,-119,3.25,
2026-09-02T17:01:48,2,1.576,26.10,25.5370,26.9,1.593,27.45,4.13,-119,3.50,
2026-09-02T17:01:49,2,1.594,27.52,25.5390,26.9,1.596,27.71,4.10,-119,3.50,
2026-09-02T17:01:51,2,1.575,26.04,25.5430,26.9,1.592,27.39,4.12,-119,3.50,
2026-09-02T17:01:52,2,1.579,26.29,25.5460,26.9,1.596,27.71,4.10,-119,3.50,
2026-09-02T17:01:53,2,1.592,27.39,25.5420,26.9,1.597,27.78,4.10,-118,3.50,
2026-09-02T17:01:54,2,1.572,25.78,25.5470,26.9,1.594,27.52,4.13,-118,4.75,
2026-09-02T17:01:55,2,1.595,27.58,25.5500,26.9,1.596,27.71,4.10,-117,4.75,
2026-09-02T17:01:56,2,1.591,27.26,25.5550,26.9,1.594,27.52,4.11,-117,4.75,
2026-09-02T17:01:57,2,1.578,26.23,25.5550,26.9,1.592,27.39,4.13,-117,4.25,
2026-09-02T17:01:59,2,1.576,26.10,25.5560,27.9,1.592,27.33,4.12,-118,4.50,
2026-09-02T17:02:00,2,1.579,26.36,25.5540,27.9,1.596,27.71,4.11,-117,4.75,
2026-09-02T17:02:01,2,1.593,27.45,25.5560,26.9,1.595,27.58,4.10,-118,4.50,
2026-09-02T17:02:03,2,1.578,26.23,25.5600,26.9,1.594,27.52,4.13,-118,3.50,
2026-09-02T17:02:05,2,1.593,27.45,25.5500,26.9,1.594,27.52,4.10,-118,5.00,
2026-09-02T17:02:06,2,1.575,26.04,25.5490,26.9,1.589,27.13,4.13,-118,4.00,
2026-09-02T17:02:07,2,1.592,27.39,25.5520,26.9,1.596,27.65,4.10,-118,5.00,
2026-09-02T17:02:08,2,1.577,26.17,25.5550,26.9,1.591,27.26,4.13,-118,4.75,
2026-09-02T17:02:10,2,1.592,27.33,25.5450,26.9,1.595,27.58,4.10,-119,3.75,
2026-09-02T17:02:11,2,1.577,26.17,25.5400,26.9,1.593,27.45,4.12,-118,4.25,
2026-09-02T17:02:12,2,1.596,27.71,25.5400,26.9,1.597,27.78,4.10,-117,5.75,
2026-09-02T17:02:14,2,1.592,27.33,25.5410,26.9,1.600,28.04,4.10,-117,5.00,
2026-09-02T17:02:16,2,1.589,27.13,25.5310,26.9,1.596,27.71,4.09,-117,4.75,
2026-09-02T17:02:17,2,1.577,26.17,25.5270,26.9,1.592,27.39,4.12,-116,5.50,
2026-09-02T17:02:18,2,1.576,26.10,25.5320,26.9,1.592,27.39,4.13,-116,5.50,
2026-09-02T17:02:19,2,1.591,27.26,25.5250,26.9,1.596,27.65,4.10,-116,5.25,
2026-09-02T17:02:20,2,1.578,26.23,25.5200,26.9,1.594,27.52,4.13,-116,5.50,
2026-09-02T17:02:21,2,1.596,27.65,25.5230,27.9,1.596,27.65,4.10,-117,5.50,
2026-09-02T17:02:22,2,1.592,27.33,25.5120,26.9,1.595,27.58,4.10,-117,5.75,
2026-09-02T17:02:23,2,1.578,26.23,25.5160,26.9,1.595,27.58,4.13,-117,5.75,
2026-09-02T17:02:24,2,1.596,27.65,25.5220,26.9,1.598,27.84,4.10,-116,5.50,
2026-09-02T17:02:26,2,1.575,25.97,25.5290,26.9,1.596,27.65,4.12,-117,5.25,
2026-09-02T17:02:27,2,1.575,26.04,25.5290,26.9,1.594,27.52,4.11,-116,5.75,
2026-09-02T17:02:28,2,1.594,27.52,25.5280,27.9,1.597,27.78,4.10,-116,5.75,
2026-09-02T17:02:29,2,1.576,26.10,25.5360,26.9,1.593,27.45,4.12,-116,5.50,
2026-09-02T17:02:30,2,1.597,27.78,25.5340,27.9,1.597,27.78,4.09,-117,5.50,
2026-09-02T17:02:31,2,1.591,27.26,25.5350,26.9,1.598,27.84,4.10,-117,5.25,
2026-09-02T17:02:32,2,1.576,26.10,25.5320,27.9,1.597,27.78,4.13,-117,5.50,
2026-09-02T17:02:34,2,1.575,26.04,25.5350,27.9,1.594,27.52,4.12,-117,5.75,
2026-09-02T17:02:35,2,1.575,26.04,25.5320,27.9,1.595,27.58,4.13,-117,5.50,
2026-09-02T17:02:36,2,1.591,27.26,25.5260,27.9,1.595,27.58,4.10,-117,5.50,
2026-09-02T17:02:38,2,1.574,25.91,25.5270,27.9,1.596,27.65,4.12,-117,5.25,
2026-09-02T17:02:39,2,1.596,27.71,25.5210,27.9,1.597,27.78,4.09,-116,5.25,
2026-09-02T17:02:40,2,1.590,27.20,25.5260,27.9,1.597,27.78,4.10,-116,5.75,
2026-09-02T17:02:41,2,1.577,26.17,25.5270,27.9,1.596,27.65,4.13,-117,5.50,
2026-09-02T17:02:42,2,1.593,27.45,25.5290,27.9,1.597,27.78,4.10,-116,5.75,5
2026-09-02T17:02:43,2,1.575,26.04,25.5300,27.9,1.595,27.58,4.13,-117,5.25,
2026-09-02T17:02:44,2,1.575,26.04,25.5200,27.9,1.593,27.45,4.13,-117,5.00,
2026-09-02T17:02:45,2,1.592,27.33,25.5160,27.9,1.596,27.65,4.09,-116,5.50,
2026-09-02T17:02:46,2,1.577,26.17,25.5130,27.9,1.597,27.78,4.13,-117,5.25,
2026-09-02T17:02:47,2,1.596,27.65,25.5120,27.9,1.597,27.78,4.09,-123,-2.75,
2026-09-02T17:02:48,2,1.592,27.33,25.5130,27.9,1.597,27.78,4.10,-121,0.50,
2026-09-02T17:02:50,2,1.575,25.97,25.5120,27.9,1.594,27.52,4.12,-121,-0.25,
2026-09-02T17:02:51,2,1.594,27.52,25.5130,27.9,1.599,27.91,4.08,-121,-0.50,
2026-09-02T17:02:52,2,1.578,26.23,25.5180,27.9,1.596,27.65,4.13,-122,-1.00,
2026-09-02T17:02:53,2,1.576,26.10,25.5150,27.9,1.593,27.45,4.13,-116,6.00,
2026-09-02T17:02:54,2,1.592,27.39,25.5320,27.9,1.600,27.97,4.10,-115,6.50,
2026-09-02T17:02:55,2,1.578,26.23,25.5550,27.9,1.596,27.65,4.10,-113,3.25,
2026-09-02T17:02:56,2,1.597,27.78,25.5770,27.9,1.598,27.84,4.11,-118,4.75,
2026-09-02T17:02:57,2,1.592,27.33,25.5860,27.9,1.595,27.58,4.10,-118,4.75,
2026-09-02T17:02:58,2,1.578,26.23,25.5930,27.9,1.598,27.84,4.12,-118,4.50,
2026-09-02T17:02:59,2,1.596,27.65,25.5960,27.9,1.600,28.04,4.10,-118,5.00,
2026-09-02T17:03:02,2,1.579,26.36,25.5890,27.9,1.600,27.97,4.13,-117,4.75,
2026-09-02T17:03:03,2,1.592,27.33,25.5890,27.9,1.600,28.04,4.10,-117,5.25,
2026-09-02T17:03:04,2,1.575,26.04,25.5990,27.9,1.600,27.97,4.12,-117,5.25,
2026-09-02T17:03:05,2,1.596,27.65,25.6040,27.9,1.600,28.04,4.11,-118,4.50,
2026-09-02T17:03:07,2,1.577,26.17,25.6220,27.9,1.603,28.23,4.13,-118,4.00,
2026-09-02T17:03:08,2,1.595,27.58,25.6280,27.9,1.601,28.10,4.09,-118,4.00,
2026-09-02T17:03:09,2,1.579,26.36,25.6380,27.9,1.600,27.97,4.11,-118,4.50,
2026-09-02T17:03:10,2,1.579,26.36,25.6500,27.9,1.600,27.97,4.12,-118,4.25,
2026-09-02T17:03:13,2,1.577,26.17,25.6780,27.9,1.598,27.84,4.13,-118,4.75,
2026-09-02T17:03:14,2,1.596,27.71,25.6830,27.9,1.600,28.04,4.11,-118,4.25,
2026-09-02T17:03:15,2,1.588,27.00,25.6840,27.9,1.602,28.16,4.11,-118,5.25,
2026-09-02T17:03:16,2,1.574,25.91,25.6830,27.9,1.599,27.91,4.12,-117,5.75,
2026-09-02T17:03:17,2,1.593,27.45,25.6900,27.9,1.599,27.91,4.09,-117,5.25,
2026-09-02T17:03:18,2,1.579,26.29,25.7020,27.9,1.598,27.84,4.11,-118,5.00,
2026-09-02T17:03:19,2,1.579,26.36,25.7070,27.9,1.600,27.97,4.13,-117,5.00,
2026-09-02T17:03:20,2,1.600,27.97,25.7230,27.9,1.600,27.97,4.09,-117,5.50,
2026-09-02T17:03:21,2,1.583,26.62,25.7420,27.9,1.596,27.71,4.12,-117,5.00,
2026-09-02T17:03:22,2,1.598,27.84,25.7660,27.9,1.597,27.78,4.11,-117,5.25,
2026-09-02T17:03:23,2,1.596,27.65,25.7890,27.9,1.601,28.10,4.10,-117,5.50,
2026-09-02T17:03:25,2,1.579,26.36,25.7930,27.9,1.595,27.58,4.12,-117,5.25,
2026-09-02T17:03:26,2,1.598,27.84,25.8050,27.9,1.604,28.36,4.09,-117,4.75,
2026-09-02T17:03:27,2,1.581,26.49,25.8360,27.9,1.600,27.97,4.11,-118,4.25,
2026-09-02T17:03:28,2,1.581,26.49,25.8430,27.9,1.596,27.71,4.12,-118,4.75,
2026-09-02T17:03:29,2,1.596,27.65,25.8470,27.9,1.598,27.84,4.09,-117,4.75,
2026-09-02T17:03:30,2,1.579,26.36,25.8510,27.9,1.595,27.58,4.12,-118,4.75,
2026-09-02T17:03:31,2,1.592,27.33,25.8620,27.9,1.601,28.10,4.10,-118,5.00,
2026-09-02T17:03:32,2,1.596,27.71,25.8600,27.9,1.597,27.78,4.10,-118,4.75,
2026-09-02T17:03:33,2,1.580,26.42,25.8640,27.9,1.598,27.84,4.13,-118,4.75,
2026-09-02T17:03:34,2,1.595,27.58,25.8630,27.9,1.602,28.16,4.09,-117,5.25,
2026-09-02T17:03:35,2,1.580,26.42,25.8640,27.9,1.598,27.84,4.11,-117,5.00,
2026-09-02T17:03:37,2,1.583,26.62,25.8630,27.9,1.598,27.84,4.12,-118,5.00,
2026-09-02T17:03:38,2,1.598,27.84,25.8640,27.9,1.597,27.78,4.09,-117,4.50,
2026-09-02T17:03:39,2,1.578,26.23,25.8730,27.9,1.596,27.71,4.13,-117,5.00,
2026-09-02T17:03:40,2,1.600,27.97,25.8760,27.9,1.594,27.52,4.11,-117,5.00,
2026-09-02T17:03:41,2,1.590,27.20,25.8810,27.9,1.598,27.84,4.10,-117,5.00,
2026-09-02T17:03:42,2,1.579,26.29,25.8690,27.9,1.597,27.78,4.12,-117,5.00,
2026-09-02T17:03:43,2,1.598,27.84,25.8650,27.9,1.600,27.97,4.09,-117,4.75,
2026-09-02T17:03:44,2,1.579,26.29,25.8640,27.9,1.596,27.71,4.11,-118,5.00,
2026-09-02T17:03:45,2,1.581,26.49,25.8600,27.9,1.596,27.71,4.13,-117,5.00,
2026-09-02T17:03:46,2,1.596,27.65,25.8520,27.9,1.600,27.97,4.09,-117,4.75,
2026-09-02T17:03:47,2,1.580,26.42,25.8440,27.9,1.596,27.71,4.13,-117,4.75,
2026-09-02T17:03:49,2,1.597,27.78,25.8450,27.9,1.599,27.91,4.12,-117,5.00,
2026-09-02T17:03:50,2,1.594,27.52,25.8430,27.9,1.600,27.97,4.10,-116,6.00,
2026-09-02T17:03:51,2,1.578,26.23,25.8260,27.9,1.596,27.71,4.13,-117,5.25,
2026-09-02T17:03:52,2,1.596,27.71,25.8310,27.9,1.598,27.84,4.10,-117,5.25,
2026-09-02T17:03:53,2,1.584,26.68,25.8330,27.9,1.598,27.84,4.10,-117,5.00,
2026-09-02T17:03:54,2,1.578,26.23,25.8360,27.9,1.598,27.84,4.12,-117,5.00,
2026-09-02T17:03:55,2,1.595,27.58,25.8280,27.9,1.602,28.16,4.09,-117,4.75,
2026-09-02T17:03:56,2,1.580,26.42,25.8280,27.9,1.600,28.04,4.11,-117,5.25,
2026-09-02T17:03:58,2,1.595,27.58,25.8370,27.9,1.600,27.97,4.10,-117,5.00,
2026-09-02T17:04:00,2,1.580,26.42,25.8310,27.9,1.596,27.71,4.12,-118,4.00,
2026-09-02T17:04:01,2,1.599,27.91,25.8320,27.9,1.600,28.04,4.11,-118,3.50,
2026-09-02T17:04:02,2,1.596,27.65,25.8300,27.9,1.598,27.84,4.10,-117,5.50,
2026-09-02T17:04:04,2,1.596,27.65,25.8410,27.9,1.600,28.04,4.09,-118,4.00,
2026-09-02T17:04:05,2,1.583,26.62,25.8420,27.9,1.597,27.78,4.11,-118,4.00,
2026-09-02T17:04:06,2,1.581,26.49,25.8550,27.9,1.596,27.65,4.13,-118,4.25,
2026-09-02T17:04:07,2,1.595,27.58,25.8530,27.9,1.599,27.91,4.10,-118,4.00,
2026-09-02T17:04:09,2,1.596,27.71,25.8530,27.9,1.597,27.78,4.11,-118,4.75,
2026-09-02T17:04:10,2,1.596,27.65,25.8570,27.9,1.601,28.10,4.10,-118,4.25,
2026-09-02T17:04:12,2,1.581,26.49,25.8640,27.9,1.597,27.78,4.13,-119,3.50,
2026-09-02T17:04:13,2,1.596,27.71,25.8660,27.9,1.601,28.10,4.10,-118,4.00,
2026-09-02T17:04:14,2,1.583,26.62,25.8650,27.9,1.597,27.78,4.12,-118,5.25,
2026-09-02T17:04:15,2,1.582,26.55,25.8710,27.9,1.596,27.71,4.12,-118,5.00,
2026-09-02T17:04:16,2,1.598,27.84,25.8670,27.9,1.598,27.84,4.10,-117,5.00,
2026-09-02T17:04:17,2,1.583,26.62,25.8620,27.9,1.595,27.58,4.13,-118,4.50,
2026-09-02T17:04:18,2,1.598,27.84,25.8570,27.9,1.600,28.04,4.11,-117,5.00,6
2026-09-02T17:04:19,2,1.596,27.65,25.8610,27.9,1.600,28.04,4.10,-117,5.00,
2026-09-02T17:04:20,2,1.582,26.55,25.8620,27.9,1.592,27.39,4.13,-116,5.75,
2026-09-02T17:04:21,2,1.596,27.65,25.8660,27.9,1.597,27.78,4.09,-116,5.75,
2026-09-02T17:04:22,2,1.584,26.75,25.8690,27.9,1.597,27.78,4.11,-116,5.75,
2026-09-02T17:04:24,2,1.581,26.49,25.8670,27.9,1.597,27.78,4.12,-117,5.75,
2026-09-02T17:04:25,2,1.596,27.65,25.8650,27.9,1.598,27.84,4.10,-116,6.00,
2026-09-02T17:04:26,2,1.580,26.42,25.8550,27.9,1.596,27.71,4.12,-117,5.00,
2026-09-02T17:04:27,2,1.599,27.91,25.8560,27.9,1.596,27.71,4.11,-117,5.50,
2026-09-02T17:04:28,2,1.594,27.52,25.8510,27.9,1.599,27.91,4.10,-116,5.50,
2026-09-02T17:04:29,2,1.582,26.55,25.8570,27.9,1.596,27.71,4.12,-116,5.50,
2026-09-02T17:04:30,2,1.598,27.84,25.8590,27.9,1.600,27.97,4.09,-117,5.50,
2026-09-02T17:04:31,2,1.582,26.55,25.8590,27.9,1.597,27.78,4.11,-117,5.25,
2026-09-02T17:04:32,2,1.583,26.62,25.8560,27.9,1.596,27.71,4.13,-117,5.50,
2026-09-02T17:04:33,2,1.596,27.71,25.8500,27.9,1.600,28.04,4.09,-117,5.50,
2026-09-02T17:04:34,2,1.581,26.49,25.8500,27.9,1.604,28.29,4.12,-115,6.25,
2026-09-02T17:04:36,2,1.604,28.29,25.8490,27.9,1.598,27.84,4.10,-115,6.25,
2026-09-02T17:04:37,2,1.595,27.58,25.8490,27.9,1.600,27.97,4.10,-117,5.75,
2026-09-02T17:04:38,2,1.581,26.49,25.8530,27.9,1.596,27.71,4.12,-115,6.75,
2026-09-02T17:04:39,2,1.598,27.84,25.8550,27.9,1.600,27.97,4.09,-115,6.25,
2026-09-02T17:04:40,2,1.580,26.42,25.8540,27.9,1.598,27.84,4.11,-115,6.00,
2026-09-02T17:04:41,2,1.581,26.49,25.8510,27.9,1.596,27.71,4.12,-116,6.25,
2026-09-02T17:04:42,2,1.597,27.78,25.8470,27.9,1.601,28.10,4.09,-116,6.25,
2026-09-02T17:04:43,2,1.581,26.49,25.8480,27.9,1.596,27.65,4.12,-116,5.75,
2026-09-02T17:04:44,2,1.600,28.04,25.8560,27.9,1.598,27.84,4.11,-116,6.25,
2026-09-02T17:04:45,2,1.595,27.58,25.8620,27.9,1.596,27.71,4.10,-116,5.75,
2026-09-02T17:04:47,2,1.581,26.49,25.8700,27.9,1.596,27.71,4.12,-115,5.75,
2026-09-02T17:04:48,2,1.596,27.71,25.8670,27.9,1.600,28.04,4.11,-116,5.50,
2026-09-02T17:04:49,2,1.582,26.55,25.8680,27.9,1.600,27.97,4.11,-116,6.00,
2026-09-02T17:04:50,2,1.580,26.42,25.8650,27.9,1.597,27.78,4.12,-116,6.00,
2026-09-02T17:04:51,2,1.596,27.71,25.8620,27.9,1.601,28.10,4.10,-116,5.50,
2026-09-02T17:04:52,2,1.583,26.62,25.8620,27.9,1.599,27.91,4.11,-116,6.00,
2026-09-02T17:04:53,2,1.600,27.97,25.8700,27.9,1.601,28.10,4.10,-116,5.75,
2026-09-02T17:04:55,2,1.584,26.68,25.8730,27.9,1.598,27.84,4.13,-117,5.00,
2026-09-02T17:04:56,2,1.597,27.78,25.8750,27.9,1.599,27.91,4.11,-117,5.50,
2026-09-02T17:04:57,2,1.582,26.55,25.8830,27.9,1.599,27.91,4.11,-116,5.50,
2026-09-02T17:04:59,2,1.580,26.42,25.8830,27.9,1.596,27.71,4.12,-116,6.25,
2026-09-02T17:05:01,2,1.582,26.55,25.8700,27.9,1.597,27.78,4.11,-116,7.25,
2026-09-02T17:05:02,2,1.583,26.62,25.8730,27.9,1.599,27.91,4.13,-116,6.25,
2026-09-02T17:05:03,2,1.595,27.58,25.8690,27.9,1.601,28.10,4.10,-115,6.00,
2026-09-02T17:05:04,2,1.580,26.42,25.8590,27.9,1.594,27.52,4.12,-115,6.50,
2026-09-02T17:05:06,2,1.596,27.71,25.8510,27.9,1.599,27.91,4.10,-116,6.25,
2026-09-02T17:05:07,2,1.579,26.29,25.8580,27.9,1.600,27.97,4.13,-115,6.25,
2026-09-02T17:05:08,2,1.599,27.91,25.8620,27.9,1.600,28.04,4.09,-115,6.25,
2026-09-02T17:05:09,2,1.580,26.42,25.8620,27.9,1.601,28.10,4.11,-115,6.25,
2026-09-02T17:05:11,2,1.581,26.49,25.8690,27.9,1.596,27.65,4.12,-115,6.00,
2026-09-02T17:05:12,2,1.596,27.71,25.8680,27.9,1.600,28.04,4.09,-116,5.75,
2026-09-02T17:05:13,2,1.578,26.23,25.8700,27.9,1.594,27.52,4.12,-116,6.00,
2026-09-02T17:05:14,2,1.596,27.65,25.8670,27.9,1.600,27.97,4.11,-116,5.75,
2026-09-02T17:05:15,2,1.598,27.84,25.8730,27.9,1.599,27.91,4.10,-116,5.75,
2026-09-02T17:05:16,2,1.584,26.68,25.8730,27.9,1.599,27.91,4.13,-116,5.50,
2026-09-02T17:05:17,2,1.596,27.65,25.8720,27.9,1.600,27.97,4.10,-116,5.75,
2026-09-02T17:05:18,2,1.580,26.42,25.8720,27.9,1.600,28.04,4.11,-116,6.00,
2026-09-02T17:05:19,2,1.581,26.49,25.8810,27.9,1.596,27.71,4.13,-116,6.00,
2026-09-02T17:05:20,2,1.596,27.65,25.8800,27.9,1.600,28.04,4.10,-116,6.00,
2026-09-02T17:05:21,2,1.582,26.55,25.8880,27.9,1.596,27.71,4.12,-116,5.75,
2026-09-02T17:05:23,2,1.600,27.97,25.8880,27.9,1.599,27.91,4.11,-116,5.75,
2026-09-02T17:05:24,2,1.597,27.78,25.8990,27.9,1.602,28.16,4.10,-116,5.75,
2026-09-02T17:05:25,2,1.581,26.49,25.9040,27.9,1.596,27.65,4.13,-116,5.75,
2026-09-02T17:05:26,2,1.596,27.65,25.9100,27.9,1.601,28.10,4.09,-116,5.75,
2026-09-02T17:05:27,2,1.585,26.81,25.9020,27.9,1.599,27.91,4.11,-116,5.75,
2026-09-02T17:05:28,2,1.582,26.55,25.9060,27.9,1.596,27.71,4.12,-116,6.00,
2026-09-02T17:05:29,2,1.597,27.78,25.9050,27.9,1.600,27.97,4.10,-117,5.50,
2026-09-02T17:05:30,2,1.579,26.36,25.8980,27.9,1.598,27.84,4.12,-117,6.00,
2026-09-02T17:05:31,2,1.595,27.58,25.9040,27.9,1.600,27.97,4.11,-116,6.00,
2026-09-02T17:05:32,2,1.596,27.65,25.8890,27.9,1.599,27.91,4.10,-116,5.75,
2026-09-02T17:05:34,2,1.582,26.55,25.8910,27.9,1.596,27.65,4.12,-116,6.50,
2026-09-02T17:05:35,2,1.597,27.78,25.8920,27.9,1.604,28.29,4.09,-116,5.50,
2026-09-02T17:05:36,2,1.582,26.55,25.8810,27.9,1.600,27.97,4.11,-117,5.75,
2026-09-02T17:05:37,2,1.582,26.55,25.8740,27.9,1.599,27.91,4.13,-117,5.25,
2026-09-02T17:05:38,2,1.597,27.78,25.8750,27.9,1.601,28.10,4.10,-117,5.50,
2026-09-02T17:05:39,2,1.579,26.36,25.8740,27.9,1.597,27.78,4.12,-117,5.50,
2026-09-02T17:05:40,2,1.599,27.91,25.8750,27.9,1.597,27.78,4.10,-117,5.25,
2026-09-02T17:05:41,2,1.596,27.65,25.8700,27.9,1.599,27.91,4.10,-117,5.75,
2026-09-02T17:05:42,2,1.580,26.42,25.8720,27.9,1.597,27.78,4.13,-117,5.50,
2026-09-02T17:05:43,2,1.596,27.71,25.8680,27.9,1.600,27.97,4.09,-117,5.25,
2026-09-02T17:05:44,2,1.584,26.68,25.8590,27.9,1.598,27.84,4.11,-117,6.25,
2026-09-02T17:05:46,2,1.580,26.42,25.8580,27.9,1.592,27.33,4.12,-117,5.50,
2026-09-02T17:05:47,2,1.598,27.84,25.8500,27.9,1.599,27.91,4.09,-117,5.25,
2026-09-02T17:05:48,2,1.581,26.49,25.8520,27.9,1.596,27.71,4.13,-117,5.00,
2026-09-02T17:05:49,2,1.600,27.97,25.8490,27.9,1.597,27.78,4.11,-116,5.50,
2026-09-02T17:05:50,2,1.598,27.84,25.8500,27.9,1.600,28.04,4.09,-117,5.50,
2026-09-02T17:05:52,2,1.597,27.78,25.8580,27.9,1.595,27.58,4.11,-117,5.50,
2026-09-02T17:05:53,2,1.584,26.68,25.8520,27.9,1.599,27.91,4.11,-116,5.75,
2026-09-02T17:05:54,2,1.578,26.23,25.8580,27.9,1.597,27.78,4.12,-117,5.50,
2026-09-02T17:05:55,2,1.595,27.58,25.8490,27.9,1.600,27.97,4.09,-117,5.00,
2026-09-02T17:05:58,2,1.600,27.97,25.8590,27.9,1.600,28.04,4.11,-117,5.25,
2026-09-02T17:05:59,2,1.596,27.65,25.8600,27.9,1.600,27.97,4.10,-117,5.25,
2026-09-02T17:06:00,2,1.579,26.36,25.8480,27.9,1.596,27.71,4.13,-116,5.75,
2026-09-02T17:06:01,2,1.597,27.78,25.8440,27.9,1.599,27.91,4.11,-117,5.50,
2026-09-02T17:06:03,2,1.579,26.36,25.8420,27.9,1.597,27.78,4.12,-117,5.75,
2026-09-02T17:06:04,2,1.600,27.97,25.8480,27.9,1.600,27.97,4.09,-116,5.75,
2026-09-02T17:06:05,2,1.580,26.42,25.8410,27.9,1.600,27.97,4.11,-116,5.75,
2026-09-02T17:06:06,2,1.600,28.04,25.8450,27.9,1.598,27.84,4.10,-116,5.50,
2026-09-02T17:06:08,2,1.580,26.42,25.8510,27.9,1.596,27.65,4.12,-117,5.75,
2026-09-02T17:06:10,2,1.598,27.84,25.8470,27.9,1.600,27.97,4.11,-117,6.00,
2026-09-02T17:06:11,2,1.584,26.75,25.8590,27.9,1.598,27.84,4.11,-116,5.50,
2026-09-02T17:06:12,2,1.581,26.49,25.8580,27.9,1.598,27.84,4.12,-116,5.75,
2026-09-02T17:06:13,2,1.596,27.65,25.8610,27.9,1.600,27.97,4.09,-116,5.75,
2026-09-02T17:06:14,2,1.580,26.42,25.8550,27.9,1.600,28.04,4.11,-117,5.50,
2026-09-02T17:06:15,2,1.585,26.81,25.8620,27.9,1.600,27.97,4.13,-116,5.50,
2026-09-02T17:06:16,2,1.596,27.65,25.8690,27.9,1.601,28.10,4.10,-117,5.75,
2026-09-02T17:06:17,2,1.580,26.42,25.8620,27.9,1.596,27.65,4.12,-116,5.50,
2026-09-02T17:06:18,2,1.597,27.78,25.8640,27.9,1.597,27.78,4.11,-115,6.50,
2026-09-02T17:06:19,2,1.594,27.52,25.8680,27.9,1.600,27.97,4.10,-117,4.75,
2026-09-02T17:06:21,2,1.580,26.42,25.8690,27.9,1.598,27.84,4.12,-118,4.00,
2026-09-02T17:06:22,2,1.597,27.78,25.8680,27.9,1.601,28.10,4.09,-118,4.00,
2026-09-02T17:06:23,2,1.581,26.49,25.8590,27.9,1.600,27.97,4.11,-117,5.25,6
2026-09-02T17:06:24,2,1.583,26.62,25.8560,27.9,1.597,27.78,4.12,-119,4.25,
2026-09-02T17:06:25,2,1.596,27.65,25.8640,27.9,1.600,28.04,4.09,-121,0.25,
2026-09-02T17:06:26,2,1.581,26.49,25.8590,27.9,1.594,27.52,4.12,-116,5.75,
2026-09-02T17:06:27,2,1.600,27.97,25.8530,27.9,1.600,27.97,4.11,-121,1.25,
2026-09-02T17:06:28,2,1.594,27.52,25.8510,27.9,1.600,27.97,4.10,-121,0.75,
2026-09-02T17:06:29,2,1.581,26.49,25.8610,27.9,1.600,27.97,4.13,-120,1.25,
2026-09-02T17:06:30,2,1.598,27.84,25.8480,27.9,1.600,27.97,4.09,-121,1.00,
2026-09-02T17:06:31,2,1.580,26.42,25.8420,27.9,1.601,28.10,4.11,-118,4.00,
2026-09-02T17:06:33,2,1.580,26.42,25.8380,27.9,1.596,27.71,4.11,-117,5.25,
2026-09-02T17:06:34,2,1.601,28.10,25.8700,27.9,1.603,28.23,4.10,-117,5.25,
2026-09-02T17:06:35,2,1.582,26.55,25.9280,27.9,1.600,28.04,4.12,-118,4.75,
2026-09-02T17:06:36,2,1.600,28.04,25.9480,27.9,1.602,28.16,4.10,-117,5.25,
2026-09-02T17:06:37,2,1.598,27.84,25.9630,27.9,1.604,28.36,4.10,-117,5.00,
2026-09-02T17:06:38,2,1.582,26.55,25.9670,27.9,1.600,28.04,4.11,-117,5.25,
2026-09-02T17:06:39,2,1.599,27.91,25.9850,27.9,1.607,28.55,4.09,-117,5.25,
2026-09-02T17:06:40,2,1.586,26.87,26.0090,27.9,1.604,28.36,4.11,-117,5.50,
2026-09-02T17:06:41,2,1.584,26.75,26.0390,27.9,1.603,28.23,4.12,-117,5.75,
2026-09-02T17:06:42,2,1.590,27.20,26.0610,27.9,1.607,28.55,4.10,-115,6.25,
2026-09-02T17:06:43,2,1.585,26.81,26.0890,27.9,1.604,28.29,4.12,-119,3.50,
2026-09-02T17:06:45,2,1.604,28.36,26.1170,27.9,1.604,28.29,4.11,-118,4.50,
2026-09-02T17:06:46,2,1.600,27.97,26.1310,27.9,1.615,29.20,4.10,-117,4.75,
2026-09-02T17:06:47,2,1.585,26.81,26.1760,27.9,1.605,28.42,4.12,-117,5.00,
2026-09-02T17:06:49,2,1.586,26.87,26.2090,27.9,1.608,28.62,4.11,-117,5.50,
2026-09-02T17:06:50,2,1.585,26.81,26.2330,27.9,1.605,28.42,4.12,-117,4.75,
2026-09-02T17:06:51,2,1.602,28.16,26.2570,27.9,1.610,28.81,4.10,-116,5.50,
2026-09-02T17:06:52,2,1.585,26.81,26.2780,27.9,1.604,28.36,4.12,-116,6.50,
2026-09-02T17:06:54,2,1.600,27.97,26.2580,27.9,1.608,28.62,4.10,-116,6.25,
2026-09-02T17:06:55,2,1.585,26.81,26.2500,27.9,1.604,28.29,4.13,-116,6.00,
2026-09-02T17:06:57,2,1.598,27.84,26.2500,27.9,1.604,28.36,4.11,-116,6.25,
2026-09-02T17:06:58,2,1.588,27.00,26.2700,27.9,1.605,28.42,4.11,-116,5.50,
2026-09-02T17:07:00,2,1.596,27.65,26.2690,27.9,1.604,28.36,4.10,-116,6.00,
2026-09-02T17:07:01,2,1.589,27.13,26.2600,27.9,1.601,28.10,4.11,-116,6.00,
2026-09-02T17:07:02,2,1.603,28.23,26.2580,27.9,1.604,28.29,4.10,-116,6.00,
2026-09-02T17:07:03,2,1.602,28.16,26.2550,27.9,1.606,28.49,4.09,-116,5.75,
2026-09-02T17:07:05,2,1.603,28.23,26.2510,27.9,1.602,28.16,4.11,-116,6.00,
2026-09-02T17:07:06,2,1.589,27.13,26.2540,27.9,1.603,28.23,4.11,-117,5.75,
2026-09-02T17:07:08,2,1.585,26.81,26.2480,27.9,1.600,28.04,4.12,-117,5.25,
2026-09-02T17:07:09,2,1.600,27.97,26.2480,27.9,1.604,28.29,4.09,-117,5.25,
2026-09-02T17:07:10,2,1.585,26.81,26.2720,27.9,1.601,28.10,4.11,-116,5.50,
2026-09-02T17:07:11,2,1.605,28.42,26.2690,27.9,1.601,28.10,4.09,-117,5.25,
2026-09-02T17:07:12,2,1.600,28.04,26.2680,27.9,1.604,28.29,4.09,-117,5.25,
2026-09-02T17:07:13,2,1.587,26.94,26.2690,27.9,1.602,28.16,4.12,-117,5.50,
2026-09-02T17:07:14,2,1.601,28.10,26.2680,27.9,1.604,28.29,4.11,-117,5.50,
2026-09-02T17:07:15,2,1.586,26.87,26.2690,27.9,1.604,28.29,4.11,-117,5.25,
2026-09-02T17:07:16,2,1.582,26.55,26.2650,27.9,1.600,27.97,4.12,-117,5.00,
2026-09-02T17:07:17,2,1.603,28.23,26.2580,27.9,1.604,28.29,4.09,-117,5.00,
2026-09-02T17:07:18,2,1.585,26.81,26.2580,27.9,1.604,28.29,4.11,-117,5.00,
2026-09-02T17:07:20,2,1.604,28.29,26.2610,27.9,1.603,28.23,4.11,-117,5.25,
2026-09-02T17:07:21,2,1.601,28.10,26.2560,27.9,1.604,28.29,4.10,-117,5.25,7
2026-09-02T17:07:22,2,1.586,26.87,26.2680,27.9,1.600,27.97,4.12,-117,5.00,
2026-09-02T17:07:23,2,1.601,28.10,26.2630,27.9,1.601,28.10,4.11,-117,5.25,
2026-09-02T17:07:24,2,1.585,26.81,26.2590,27.9,1.604,28.29,4.11,-116,6.00,
2026-09-02T17:07:25,2,1.585,26.81,26.2590,27.9,1.601,28.10,4.12,-115,6.50,
2026-09-02T17:07:26,2,1.600,28.04,26.2570,27.9,1.605,28.42,4.09,-116,5.75,
2026-09-02T17:07:27,2,1.587,26.94,26.2630,27.9,1.602,28.16,4.11,-116,5.75,
2026-09-02T17:07:28,2,1.587,26.94,26.2600,27.9,1.601,28.10,4.12,-115,6.75,
2026-09-02T17:07:29,2,1.600,27.97,26.2560,27.9,1.595,27.58,4.10,-115,6.50,
2026-09-02T17:07:30,2,1.588,27.00,26.2470,27.9,1.600,28.04,4.12,-115,6.75,
2026-09-02T17:07:32,2,1.602,28.16,26.2470,27.9,1.604,28.29,4.11,-115,6.75,
2026-09-02T17:07:33,2,1.600,28.04,26.2470,27.9,1.601,28.10,4.09,-115,6.50,
2026-09-02T17:07:34,2,1.585,26.81,26.2400,27.9,1.601,28.10,4.12,-115,6.50,
2026-09-02T17:07:35,2,1.601,28.10,26.2460,27.9,1.604,28.29,4.09,-115,6.50,
2026-09-02T17:07:36,2,1.586,26.87,26.2440,27.9,1.604,28.29,4.11,-115,7.00,
2026-09-02T17:07:37,2,1.585,26.81,26.2480,27.9,1.603,28.23,4.12,-115,6.75,
2026-09-02T17:07:38,2,1.601,28.10,26.2480,27.9,1.602,28.16,4.09,-115,6.50,
2026-09-02T17:07:39,2,1.585,26.81,26.2490,27.9,1.600,28.04,4.12,-115,6.75,
2026-09-02T17:07:40,2,1.604,28.36,26.2500,27.9,1.604,28.36,4.11,-115,6.50,
2026-09-02T17:07:41,2,1.600,27.97,26.2570,27.9,1.605,28.42,4.10,-116,5.50,
2026-09-02T17:07:42,2,1.587,26.94,26.2520,27.9,1.600,28.04,4.12,-115,7.00,
2026-09-02T17:07:44,2,1.602,28.16,26.2570,27.9,1.603,28.23,4.09,-115,6.75,
2026-09-02T17:07:46,2,1.584,26.68,26.2620,27.9,1.600,28.04,4.12,-118,3.75,
2026-09-02T17:07:47,2,1.602,28.16,26.2560,27.9,1.603,28.23,4.10,-115,6.25,
2026-09-02T17:07:48,2,1.585,26.81,26.2630,27.9,1.602,28.16,4.12,-116,6.25,
2026-09-02T17:07:49,2,1.603,28.23,26.2580,27.9,1.605,28.42,4.10,-115,6.75,
2026-09-02T17:07:51,2,1.586,26.87,26.2660,27.9,1.604,28.29,4.12,-116,5.75,
2026-09-02T17:07:52,2,1.603,28.23,26.2720,27.9,1.602,28.16,4.09,-116,5.75,
2026-09-02T17:07:53,2,1.588,27.07,26.2700,27.9,1.602,28.16,4.11,-116,6.25,
2026-09-02T17:07:55,2,1.586,26.87,26.2750,27.9,1.600,28.04,4.12,-117,5.00,
2026-09-02T17:07:57,2,1.584,26.75,26.2700,27.9,1.599,27.91,4.12,-115,6.75,
2026-09-02T17:07:58,2,1.603,28.23,26.2700,27.9,1.601,28.10,4.11,-114,7.00,
2026-09-02T17:07:59,2,1.602,28.16,26.2670,27.9,1.603,28.23,4.09,-114,6.75,
2026-09-02T17:08:00,2,1.585,26.81,26.2630,27.9,1.600,27.97,4.12,-114,7.00,
2026-09-02T17:08:02,2,1.588,27.00,26.2630,27.9,1.600,27.97,4.11,-114,7.25,
2026-09-02T17:08:03,2,1.584,26.68,26.2650,27.9,1.602,28.16,4.12,-115,7.25,
2026-09-02T17:08:04,2,1.600,27.97,26.2570,27.9,1.604,28.29,4.10,-114,6.75,
2026-09-02T17:08:05,2,1.588,27.07,26.2640,27.9,1.604,28.29,4.12,-116,5.75,
2026-09-02T17:08:07,2,1.604,28.29,26.2670,27.9,1.600,28.04,4.10,-116,6.00,
2026-09-02T17:08:08,2,1.603,28.23,26.2710,27.9,1.603,28.23,4.09,-116,5.75,
2026-09-02T17:08:09,2,1.582,26.55,26.2740,27.9,1.599,27.91,4.12,-116,6.25,
2026-09-02T17:08:10,2,1.601,28.10,26.2620,27.9,1.603,28.23,4.11,-116,7.25,
2026-09-02T17:08:11,2,1.595,27.58,26.2640,27.9,1.594,27.52,4.11,-116,6.75,
2026-09-02T17:08:12,2,1.584,26.68,26.2590,27.9,1.602,28.16,4.12,-115,6.50,
2026-09-02T17:08:13,2,1.602,28.16,26.2480,27.9,1.605,28.42,4.09,-116,6.00,
2026-09-02T17:08:14,2,1.586,26.87,26.2530,27.9,1.602,28.16,4.11,-115,6.50,
2026-09-02T17:08:15,2,1.602,28.16,26.2570,27.9,1.603,28.23,4.10,-115,6.50,
2026-09-02T17:08:16,2,1.600,28.04,26.2570,27.9,1.604,28.36,4.09,-116,6.25,
2026-09-02T17:08:17,2,1.583,26.62,26.2540,27.9,1.603,28.23,4.12,-115,6.75,
2026-09-02T17:08:19,2,1.600,28.04,26.2480,27.9,1.604,28.29,4.11,-115,7.00,
2026-09-02T17:08:20,2,1.588,27.07,26.2560,27.9,1.600,27.97,4.11,-115,7.50,
2026-09-02T17:08:21,2,1.587,26.94,26.2550,27.9,1.601,28.10,4.12,-116,6.25,
2026-09-02T17:08:22,2,1.603,28.23,26.2510,27.9,1.607,28.55,4.09,-114,7.00,
2026-09-02T17:08:23,2,1.586,26.87,26.2470,27.9,1.604,28.29,4.11,-115,6.75,
2026-09-02T17:08:24,2,1.581,26.49,26.2540,27.9,1.599,27.91,4.12,-115,6.75,
2026-09-02T17:08:25,2,1.602,28.16,26.2520,27.9,1.604,28.29,4.10,-115,6.75,
2026-09-02T17:08:26,2,1.587,26.94,26.2480,27.9,1.608,28.62,4.12,-115,7.00,
2026-09-02T17:08:27,2,1.602,28.16,26.2500,27.9,1.604,28.36,4.11,-115,7.25,
2026-09-02T17:08:28,2,1.601,28.10,26.2470,27.9,1.605,28.42,4.10,-116,6.25,
2026-09-02T17:08:29,2,1.586,26.87,26.2470,27.9,1.603,28.23,4.12,-115,7.00,
2026-09-02T17:08:31,2,1.603,28.23,26.2520,27.9,1.603,28.23,4.09,-114,6.50,
2026-09-02T17:08:32,2,1.585,26.81,26.2540,27.9,1.603,28.23,4.11,-115,6.75,
2026-09-02T17:08:33,2,1.589,27.13,26.2670,27.9,1.604,28.29,4.12,-115,6.75,
2026-09-02T17:08:34,2,1.603,28.23,26.2690,27.9,1.604,28.36,4.09,-115,7.00,
2026-09-02T17:08:35,2,1.584,26.68,26.2640,27.9,1.600,27.97,4.12,-115,7.00,
2026-09-02T17:08:36,2,1.602,28.16,26.2640,27.9,1.605,28.42,4.11,-115,6.50,
2026-09-02T17:08:37,2,1.599,27.91,26.2650,27.9,1.608,28.62,4.10,-115,6.50,
2026-09-02T17:08:38,2,1.584,26.75,26.2640,27.9,1.601,28.10,4.12,-114,7.25,
2026-09-02T17:08:39,2,1.602,28.16,26.2720,27.9,1.605,28.42,4.09,-115,6.25,
2026-09-02T17:08:40,2,1.588,27.00,26.2680,27.9,1.604,28.29,4.11,-114,7.00,
2026-09-02T17:08:41,2,1.588,27.00,26.2610,27.9,1.601,28.10,4.10,-111,5.25,
2026-09-02T17:08:43,2,1.602,28.16,26.2620,27.9,1.607,28.55,4.09,-115,6.25,
2026-09-02T17:08:44,2,1.586,26.87,26.2600,27.9,1.603,28.23,4.12,-115,6.75,
2026-09-02T17:08:45,2,1.608,28.68,26.2570,27.9,1.605,28.42,4.10,-115,6.25,
2026-09-02T17:08:46,2,1.599,27.91,26.2580,27.9,1.607,28.55,4.10,-115,6.50,
2026-09-02T17:08:48,2,1.602,28.16,26.2550,27.9,1.606,28.49,4.09,-115,6.25,
2026-09-02T17:08:49,2,1.586,26.87,26.2530,27.9,1.602,28.16,4.11,-115,6.50,
2026-09-02T17:08:50,2,1.580,26.42,26.2550,27.9,1.604,28.29,4.12,-115,6.25,
2026-09-02T17:08:51,2,1.602,28.16,26.2560,27.9,1.600,28.04,4.09,-115,6.50,
2026-09-02T17:08:54,2,1.607,28.55,26.2510,27.9,1.602,28.16,4.11,-115,6.75,
2026-09-02T17:08:55,2,1.600,27.97,26.2470,27.9,1.603,28.23,4.10,-115,6.25,
2026-09-02T17:08:56,2,1.587,26.94,26.2460,27.9,1.602,28.16,4.12,-115,6.25,
2026-09-02T17:08:57,2,1.603,28.23,26.2510,27.9,1.604,28.29,4.11,-115,6.50,
2026-09-02T17:08:59,2,1.585,26.81,26.2530,27.9,1.602,28.16,4.12,-115,6.75,
2026-09-02T17:09:00,2,1.603,28.23,26.2500,27.9,1.605,28.42,4.09,-115,6.25,
2026-09-02T17:09:01,2,1.588,27.00,26.2630,27.9,1.603,28.23,4.11,-116,6.25,
2026-09-02T17:09:02,2,1.592,27.33,26.2630,27.9,1.599,27.91,4.12,-115,6.50,
2026-09-02T17:09:03,2,1.602,28.16,26.2680,27.9,1.603,28.23,4.09,-115,6.50,
2026-09-02T17:09:04,2,1.588,27.00,26.2660,27.9,1.601,28.10,4.13,-116,6.25,
2026-09-02T17:09:06,2,1.604,28.36,26.2640,27.9,1.608,28.62,4.10,-115,6.50,
2026-09-02T17:09:07,2,1.604,28.36,26.2590,27.9,1.603,28.23,4.09,-115,6.25,
2026-09-02T17:09:08,2,1.586,26.87,26.2610,27.9,1.600,27.97,4.12,-116,6.75,
2026-09-02T17:09:09,2,1.601,28.10,26.2650,27.9,1.604,28.36,4.09,-116,6.00,
2026-09-02T17:09:10,2,1.587,26.94,26.2690,27.9,1.602,28.16,4.10,-116,6.50,
2026-09-02T17:09:11,2,1.590,27.20,26.2710,27.9,1.602,28.16,4.12,-115,6.25,
2026-09-02T17:09:12,2,1.600,27.97,26.2750,27.9,1.608,28.62,4.09,-115,6.00,
2026-09-02T17:09:13,2,1.588,27.00,26.2740,27.9,1.603,28.23,4.12,-116,6.25,
2026-09-02T17:09:14,2,1.606,28.49,26.2720,27.9,1.604,28.29,4.10,-116,6.50,
2026-09-02T17:09:15,2,1.600,28.04,26.2750,27.9,1.605,28.42,4.09,-116,6.25,
2026-09-02T17:09:16,2,1.586,26.87,26.2720,27.9,1.602,28.16,4.12,-116,6.00,
2026-09-02T17:09:18,2,1.600,28.04,26.2700,27.9,1.606,28.49,4.09,-116,6.00,
2026-09-02T17:09:19,2,1.586,26.87,26.2560,27.9,1.603,28.23,4.11,-115,6.50,
2026-09-02T17:09:20,2,1.587,26.94,26.2550,27.9,1.603,28.23,4.12,-115,6.00,
2026-09-02T17:09:21,2,1.600,28.04,26.2490,27.9,1.617,29.32,4.10,-115,7.00,
2026-09-02T17:09:22,2,1.584,26.68,26.2440,27.9,1.603,28.23,4.12,-118,4.50,
2026-09-02T17:09:23,2,1.608,28.62,26.2450,27.9,1.604,28.29,4.11,-117,5.00,
2026-09-02T17:09:24,2,1.601,28.10,26.2450,27.9,1.605,28.42,4.10,-117,5.25,
2026-09-02T17:09:25,2,1.587,26.94,26.2400,27.9,1.604,28.29,4.12,-117,5.25,
2026-09-02T17:09:26,2,1.604,28.29,26.2370,27.9,1.603,28.23,4.09,-116,6.50,
2026-09-02T17:09:27,2,1.585,26.81,26.2410,27.9,1.606,28.49,4.11,-117,5.75,
2026-09-02T17:09:28,2,1.582,26.55,26.2410,27.9,1.603,28.23,4.12,-116,5.75,
2026-09-02T17:09:30,2,1.601,28.10,26.2360,27.9,1.604,28.36,4.09,-117,5.25,
2026-09-02T17:09:31,2,1.584,26.75,26.2170,27.9,1.599,27.91,4.12,-116,5.75,
2026-09-02T17:09:32,2,1.606,28.49,26.2190,27.9,1.604,28.29,4.10,-116,5.50,
2026-09-02T17:09:33,2,1.601,28.10,26.2170,27.9,1.605,28.42,4.09,-116,5.50,
2026-09-02T17:09:34,2,1.588,27.00,26.2130,27.9,1.601,28.10,4.12,-116,6.00,
2026-09-02T17:09:35,2,1.604,28.29,26.2190,27.9,1.606,28.49,4.09,-116,5.25,
2026-09-02T17:09:36,2,1.588,27.07,26.2150,27.9,1.602,28.16,4.11,-116,5.50,
2026-09-02T17:09:37,2,1.584,26.75,26.2070,27.9,1.600,27.97,4.12,-117,5.75,
2026-09-02T17:09:38,2,1.603,28.23,26.2210,27.9,1.603,28.23,4.10,-116,5.75,
2026-09-02T17:09:39,2,1.587,26.94,26.2210,27.9,1.601,28.10,4.12,-116,5.75,
2026-09-02T17:09:41,2,1.602,28.16,26.2260,27.9,1.604,28.36,4.11,-116,5.75,
2026-09-02T17:09:42,2,1.601,28.10,26.2260,27.9,1.605,28.42,4.10,-116,5.75,
2026-09-02T17:09:43,2,1.588,27.00,26.2250,27.9,1.602,28.16,4.12,-116,6.00,
2026-09-02T17:09:45,2,1.600,27.97,26.2270,27.9,1.604,28.29,4.09,-116,5.50,
2026-09-02T17:09:46,2,1.586,26.87,26.2320,27.9,1.599,27.91,4.12,-117,5.50,
2026-09-02T17:09:47,2,1.604,28.36,26.2290,27.9,1.605,28.42,4.09,-116,5.50,
2026-09-02T17:09:48,2,1.585,26.81,26.2220,27.9,1.600,28.04,4.12,-116,5.50,
2026-09-02T17:09:50,2,1.601,28.10,26.2250,27.9,1.605,28.42,4.09,-116,5.50,
2026-09-02T17:09:51,2,1.586,26.87,26.2300,27.9,1.604,28.36,4.12,-116,5.25,
2026-09-02T17:09:53,2,1.593,27.45,26.2240,27.9,1.604,28.36,4.09,-116,5.75,
2026-09-02T17:09:54,2,1.602,28.16,26.2280,27.9,1.604,28.29,4.09,-116,5.00,
2026-09-02T17:09:56,2,1.598,27.84,26.2350,27.9,1.607,28.55,4.09,-116,5.25,
2026-09-02T17:09:57,2,1.587,26.94,26.2470,27.9,1.601,28.10,4.10,-117,5.25,
2026-09-02T17:09:58,2,1.597,27.78,26.2470,27.9,1.602,28.16,4.12,-117,5.25,
2026-09-02T17:09:59,2,1.600,28.04,26.2430,27.9,1.605,28.42,4.10,-117,5.50,
2026-09-02T17:10:00,2,1.584,26.75,26.2430,27.9,1.602,28.16,4.12,-117,5.50,
2026-09-02T17:10:01,2,1.603,28.23,26.2490,27.9,1.603,28.23,4.11,-117,5.25,
2026-09-02T17:10:02,2,1.602,28.16,26.2480,27.9,1.605,28.42,4.09,-118,5.25,
2026-09-02T17:10:03,2,1.584,26.68,26.2470,27.9,1.603,28.23,4.12,-117,6.00,
2026-09-02T17:10:05,2,1.601,28.10,26.2470,27.9,1.608,28.62,4.09,-117,5.25,7
2026-09-02T17:10:06,2,1.587,26.94,26.2450,27.9,1.604,28.36,4.11,-116,5.75,
2026-09-02T17:10:07,2,1.588,27.07,26.2450,27.9,1.600,28.04,4.12,-117,6.75,
2026-09-02T17:10:08,2,1.603,28.23,26.2510,27.9,1.595,27.58,4.09,-118,4.25,
2026-09-02T17:10:09,2,1.585,26.81,26.2590,27.9,1.604,28.29,4.12,-121,0.50,
2026-09-02T17:10:10,2,1.603,28.23,26.2500,27.9,1.603,28.23,4.11,-121,-0.50,
2026-09-02T17:10:11,2,1.602,28.16,26.2500,27.9,1.606,28.49,4.09,-121,-0.25,
2026-09-02T17:10:12,2,1.585,26.81,26.2480,27.9,1.605,28.42,4.12,-121,-0.25,
2026-09-02T17:10:13,2,1.602,28.16,26.2530,27.9,1.608,28.68,4.09,-116,5.50,
2026-09-02T17:10:14,2,1.585,26.81,26.2510,27.9,1.605,28.42,4.11,-118,4.25,
2026-09-02T17:10:15,2,1.586,26.87,26.2530,27.9,1.603,28.23,4.12,-117,5.00,
2026-09-02T17:10:17,2,1.601,28.10,26.2730,27.9,1.605,28.42,4.09,-118,5.00,
2026-09-02T17:10:18,2,1.581,26.49,26.2930,27.9,1.601,28.10,4.13,-117,5.00,
2026-09-02T17:10:19,2,1.606,28.49,26.3110,27.9,1.604,28.36,4.11,-118,4.75,
2026-09-02T17:10:20,2,1.600,27.97,26.3240,27.9,1.606,28.49,4.09,-118,4.75,
2026-09-02T17:10:21,2,1.585,26.81,26.3280,27.9,1.605,28.42,4.12,-117,4.75,
2026-09-02T17:10:22,2,1.604,28.36,26.3350,27.9,1.607,28.55,4.09,-118,4.50,
2026-09-02T17:10:23,2,1.588,27.00,26.3460,27.9,1.607,28.55,4.11,-118,4.50,
2026-09-02T17:10:24,2,1.585,26.81,26.3510,27.9,1.606,28.49,4.12,-117,5.75,
2026-09-02T17:10:25,2,1.604,28.29,26.3630,27.9,1.606,28.49,4.09,-116,5.50,
2026-09-02T17:10:26,2,1.588,27.00,26.3700,27.9,1.605,28.42,4.12,-117,5.25,
2026-09-02T17:10:28,2,1.603,28.23,26.3730,27.9,1.605,28.42,4.10,-116,6.25,
2026-09-02T17:10:29,2,1.602,28.16,26.3790,27.9,1.611,28.87,4.10,-116,5.25,
2026-09-02T17:10:30,2,1.588,27.00,26.3920,27.9,1.606,28.49,4.12,-117,5.25,
2026-09-02T17:10:31,2,1.606,28.49,26.3940,27.9,1.607,28.55,4.09,-116,5.75,
2026-09-02T17:10:32,2,1.588,27.07,26.3930,27.9,1.604,28.36,4.11,-116,5.50,
2026-09-02T17:10:33,2,1.586,26.87,26.3930,27.9,1.604,28.36,4.12,-117,6.25,
2026-09-02T17:10:34,2,1.602,28.16,26.3990,27.9,1.606,28.49,4.09,-117,5.50,
2026-09-02T17:10:35,2,1.588,27.00,26.4010,27.9,1.607,28.55,4.12,-116,6.25,
2026-09-02T17:10:36,2,1.585,26.81,26.3840,27.9,1.604,28.36,4.12,-116,6.25,
2026-09-02T17:10:37,2,1.614,29.13,26.3630,27.9,1.604,28.29,4.09,-116,5.75,
2026-09-02T17:10:38,2,1.586,26.87,26.3550,27.9,1.602,28.16,4.12,-116,5.75,
2026-09-02T17:10:40,2,1.602,28.16,26.3390,27.9,1.603,28.23,4.11,-116,5.50,
2026-09-02T17:10:42,2,1.586,26.87,26.3220,27.9,1.604,28.29,4.12,-116,5.75,
2026-09-02T17:10:43,2,1.602,28.16,26.3090,27.9,1.604,28.36,4.09,-116,5.75,
2026-09-02T17:10:44,2,1.588,27.00,26.3050,27.9,1.604,28.36,4.11,-115,6.25,
2026-09-02T17:10:45,2,1.588,27.00,26.3070,27.9,1.603,28.23,4.12,-115,6.25,
2026-09-02T17:10:47,2,1.579,26.36,26.3070,27.9,1.602,28.16,4.12,-115,6.50,
2026-09-02T17:10:48,2,1.605,28.42,26.3100,27.9,1.606,28.49,4.10,-115,6.00,
2026-09-02T17:10:49,2,1.601,28.10,26.3080,27.9,1.607,28.55,4.09,-118,4.00,
2026-09-02T17:10:50,2,1.586,26.87,26.3060,27.9,1.601,28.10,4.12,-116,6.00,
2026-09-02T17:10:53,2,1.587,26.94,26.3180,27.9,1.606,28.49,4.11,-119,3.75,
2026-09-02T17:10:54,2,1.587,26.94,26.3190,27.9,1.604,28.29,4.12,-119,3.50,
2026-09-02T17:10:55,2,1.602,28.16,26.3230,27.9,1.604,28.29,4.09,-119,3.50,
2026-09-02T17:10:56,2,1.584,26.75,26.3260,27.9,1.601,28.10,4.12,-119,3.75,
2026-09-02T17:10:57,2,1.606,28.49,26.3340,27.9,1.604,28.36,4.10,-119,3.25,
2026-09-02T17:10:58,2,1.600,27.97,26.3390,27.9,1.606,28.49,4.09,-118,3.50,
2026-09-02T17:10:59,2,1.588,27.00,26.3510,27.9,1.602,28.16,4.12,-118,3.50,
2026-09-02T17:11:00,2,1.600,28.04,26.3500,27.9,1.607,28.55,4.09,-119,3.50,
2026-09-02T17:11:01,2,1.587,26.94,26.3430,27.9,1.604,28.36,4.11,-118,5.00,
2026-09-02T17:11:02,2,1.587,26.94,26.3440,27.9,1.604,28.29,4.12,-118,4.75,
2026-09-02T17:11:04,2,1.602,28.16,26.3510,27.9,1.608,28.68,4.09,-117,4.75,8
2026-09-02T17:11:05,2,1.588,27.00,26.3480,27.9,1.603,28.23,4.12,-115,6.25,
2026-09-02T17:11:06,2,1.605,28.42,26.3510,27.9,1.604,28.29,4.11,-115,6.50,
2026-09-02T17:11:07,2,1.614,29.13,26.3500,27.9,1.605,28.42,4.09,-115,6.75,
2026-09-02T17:11:08,2,1.588,27.07,26.3500,27.9,1.604,28.29,4.12,-115,6.50,
2026-09-02T17:11:09,2,1.615,29.20,26.3560,27.9,1.606,28.49,4.09,-115,5.75,
2026-09-02T17:11:10,2,1.588,27.07,26.3680,27.9,1.604,28.36,4.11,-116,6.00,
2026-09-02T17:11:11,2,1.587,26.94,26.3720,27.9,1.602,28.16,4.12,-117,5.50,
2026-09-02T17:11:12,2,1.600,28.04,26.3760,27.9,1.604,28.36,4.09,-117,5.00,
2026-09-02T17:11:13,2,1.588,27.00,26.3800,27.9,1.604,28.29,4.12,-117,5.50,
2026-09-02T17:11:15,2,1.607,28.55,26.3790,27.9,1.605,28.42,4.10,-117,5.50,
2026-09-02T17:11:16,2,1.601,28.10,26.3840,27.9,1.607,28.55,4.10,-117,5.50,
2026-09-02T17:11:17,2,1.600,28.04,26.3840,27.9,1.601,28.10,4.12,-117,5.75,
2026-09-02T17:11:18,2,1.605,28.42,26.3770,27.9,1.608,28.62,4.09,-117,5.50,
2026-09-02T17:11:19,2,1.589,27.13,26.3750,27.9,1.604,28.29,4.09,-117,5.25,
2026-09-02T17:11:20,2,1.587,26.94,26.3760,27.9,1.601,28.10,4.13,-117,5.00,
2026-09-02T17:11:21,2,1.603,28.23,26.3840,27.9,1.606,28.49,4.09,-118,5.00,
2026-09-02T17:11:22,2,1.585,26.81,26.3920,27.9,1.604,28.36,4.12,-117,5.25,
2026-09-02T17:11:23,2,1.588,27.00,26.3970,27.9,1.603,28.23,4.12,-117,5.50,
2026-09-02T17:11:24,2,1.604,28.29,26.4000,27.9,1.607,28.55,4.09,-117,5.25,
2026-09-02T17:11:25,2,1.588,27.00,26.3970,27.9,1.604,28.29,4.12,-116,5.75,
2026-09-02T17:11:27,2,1.606,28.49,26.3950,27.9,1.606,28.49,4.09,-117,5.50,
2026-09-02T17:11:28,2,1.609,28.74,26.3990,27.9,1.606,28.49,4.09,-117,5.00,
2026-09-02T17:11:29,2,1.588,27.00,26.3970,27.9,1.604,28.29,4.12,-118,5.25,
2026-09-02T17:11:30,2,1.602,28.16,26.3930,27.9,1.607,28.55,4.09,-117,5.00,
2026-09-02T17:11:31,2,1.588,27.00,26.3920,27.9,1.604,28.29,4.12,-117,5.75,
2026-09-02T17:11:32,2,1.588,27.00,26.3860,27.9,1.604,28.29,4.12,-116,5.50,
2026-09-02T17:11:33,2,1.603,28.23,26.3900,27.9,1.605,28.42,4.09,-117,4.75,
2026-09-02T17:11:34,2,1.588,27.07,26.3900,27.9,1.606,28.49,4.12,-117,5.25,
2026-09-02T17:11:35,2,1.607,28.55,26.3760,27.9,1.600,27.97,4.10,-117,4.50,
2026-09-02T17:11:36,2,1.601,28.10,26.3770,27.9,1.605,28.42,4.09,-117,4.75,
2026-09-02T17:11:39,2,1.602,28.16,26.3820,27.9,1.607,28.55,4.09,-118,4.75,
2026-09-02T17:11:40,2,1.588,27.00,26.3780,27.9,1.603,28.23,4.11,-117,5.00,
2026-09-02T17:11:41,2,1.589,27.13,26.3760,27.9,1.605,28.42,4.12,-117,4.75,
2026-09-02T17:11:42,2,1.600,28.04,26.3700,27.9,1.606,28.49,4.09,-118,4.25,
2026-09-02T17:11:44,2,1.607,28.55,26.3560,27.9,1.604,28.36,4.10,-118,5.00,
2026-09-02T17:11:45,2,1.602,28.16,26.3620,27.9,1.605,28.42,4.09,-118,4.75,
2026-09-02T17:11:46,2,1.588,27.00,26.3700,27.9,1.604,28.36,4.12,-118,4.50,
2026-09-02T17:11:47,2,1.602,28.16,26.3610,27.9,1.607,28.55,4.09,-118,4.25,
2026-09-02T17:11:49,2,1.587,26.94,26.3600,27.9,1.605,28.42,4.12,-118,4.50,
2026-09-02T17:11:51,2,1.604,28.36,26.3620,27.9,1.605,28.42,4.09,-117,4.75,
2026-09-02T17:11:52,2,1.588,27.00,26.3670,27.9,1.604,28.29,4.12,-117,5.00,
2026-09-02T17:11:53,2,1.608,28.62,26.3730,27.9,1.605,28.42,4.09,-118,4.50,
2026-09-02T17:11:54,2,1.600,28.04,26.3760,27.9,1.607,28.55,4.09,-117,4.75,
2026-09-02T17:11:55,2,1.586,26.87,26.3840,27.9,1.603,28.23,4.12,-117,5.00,
2026-09-02T17:11:56,2,1.604,28.36,26.3820,27.9,1.606,28.49,4.09,-117,4.75,
2026-09-02T17:11:57,2,1.587,26.94,26.3770,27.9,1.604,28.36,4.11,-118,5.25,
2026-09-02T17:11:58,2,1.588,27.00,26.3810,27.9,1.602,28.16,4.12,-117,4.75,
2026-09-02T17:11:59,2,1.607,28.55,26.3800,27.9,1.608,28.62,4.09,-119,3.00,
2026-09-02T17:12:00,2,1.586,26.87,26.3860,27.9,1.604,28.36,4.12,-119,3.25,
2026-09-02T17:12:02,2,1.602,28.16,26.3890,27.9,1.604,28.29,4.11,-119,3.75,
2026-09-02T17:12:03,2,1.604,28.36,26.3910,27.9,1.607,28.55,4.09,-118,4.00,
2026-09-02T17:12:04,2,1.588,27.00,26.4050,27.9,1.606,28.49,4.12,-118,3.50,
2026-09-02T17:12:05,2,1.607,28.55,26.3980,27.9,1.605,28.42,4.09,-119,3.50,
2026-09-02T17:12:06,2,1.600,28.04,26.3880,27.9,1.606,28.49,4.09,-118,3.75,
2026-09-02T17:12:07,2,1.589,27.13,26.3870,27.9,1.604,28.29,4.12,-118,4.25,
2026-09-02T17:12:08,2,1.604,28.29,26.3940,27.9,1.607,28.55,4.09,-118,4.25,
2026-09-02T17:12:09,2,1.585,26.81,26.3900,27.9,1.606,28.49,4.12,-118,4.75,
2026-09-02T17:12:10,2,1.587,26.94,26.3880,27.9,1.604,28.36,4.12,-117,4.75,
2026-09-02T17:12:11,2,1.601,28.10,26.3890,27.9,1.608,28.62,4.09,-118,4.50,
2026-09-02T17:12:14,2,1.607,28.55,26.3790,27.9,1.604,28.36,4.09,-118,4.50,
2026-09-02T17:12:15,2,1.605,28.42,26.3800,27.9,1.608,28.62,4.09,-118,4.25,
2026-09-02T17:12:16,2,1.586,26.87,26.3810,27.9,1.604,28.29,4.12,-118,4.50,
2026-09-02T17:12:17,2,1.604,28.29,26.3920,27.9,1.606,28.49,4.09,-118,4.25,
2026-09-02T17:12:18,2,1.588,27.07,26.3890,27.9,1.604,28.29,4.12,-118,4.25,
2026-09-02T17:12:19,2,1.588,27.00,26.3930,27.9,1.606,28.49,4.12,-118,3.75,
2026-09-02T17:12:20,2,1.602,28.16,26.3870,27.9,1.605,28.42,4.09,-118,3.75,
2026-09-02T17:12:21,2,1.588,27.07,26.3900,27.9,1.603,28.23,4.12,-118,4.75,
2026-09-02T17:12:22,2,1.604,28.36,26.3840,27.9,1.604,28.36,4.10,-118,4.25,
2026-09-02T17:12:23,2,1.603,28.23,26.3800,27.9,1.606,28.49,4.09,-118,4.00,
2026-09-02T17:12:24,2,1.589,27.13,26.3730,27.9,1.602,28.16,4.11,-118,3.75,
2026-09-02T17:12:26,2,1.604,28.29,26.3800,27.9,1.607,28.55,4.09,-118,3.75,
2026-09-02T17:12:27,2,1.590,27.20,26.3930,27.9,1.608,28.62,4.10,-118,4.00,
2026-09-02T17:12:28,2,1.587,26.94,26.3930,27.9,1.603,28.23,4.12,-118,4.25,
2026-09-02T17:12:29,2,1.604,28.29,26.3940,27.9,1.607,28.55,4.09,-118,4.25,
2026-09-02T17:12:31,2,1.608,28.62,26.3970,27.9,1.604,28.36,4.10,-118,4.00,
2026-09-02T17:12:32,2,1.601,28.10,26.3920,27.9,1.604,28.36,4.09,-119,3.25,
2026-09-02T17:12:33,2,1.588,27.00,26.3930,27.9,1.603,28.23,4.12,-119,3.25,
2026-09-02T17:12:35,2,1.588,27.07,26.3900,27.9,1.604,28.36,4.11,-119,3.25,
2026-09-02T17:12:36,2,1.585,26.81,26.3870,27.9,1.602,28.16,4.12,-119,2.50,
2026-09-02T17:12:38,2,1.603,28.23,26.3780,27.9,1.605,28.42,4.09,-120,2.50,
2026-09-02T17:12:39,2,1.587,26.94,26.3760,27.9,1.604,28.36,4.12,-120,3.25,
2026-09-02T17:12:41,2,1.600,28.04,26.3780,27.9,1.607,28.55,4.09,-118,3.50,
2026-09-02T17:12:42,2,1.586,26.87,26.3770,27.9,1.608,28.62,4.12,-119,3.25,
2026-09-02T17:12:43,2,1.604,28.29,26.3810,27.9,1.606,28.49,4.09,-118,3.50,
2026-09-02T17:12:44,2,1.588,27.07,26.3840,27.9,1.604,28.29,4.11,-119,3.25,
2026-09-02T17:12:46,2,1.604,28.29,26.3840,27.9,1.606,28.49,4.09,-118,3.50,
2026-09-02T17:12:47,2,1.588,27.07,26.3770,27.9,1.604,28.29,4.12,-118,4.25,
2026-09-02T17:12:49,2,1.602,28.16,26.3820,27.9,1.605,28.42,4.12,-118,4.00,
2026-09-02T17:12:50,2,1.602,28.16,26.3830,27.9,1.606,28.49,4.09,-119,3.50,
2026-09-02T17:12:52,2,1.605,28.42,26.3830,27.9,1.607,28.55,4.09,-118,3.50,
2026-09-02T17:12:53,2,1.600,28.04,26.3740,27.9,1.606,28.49,4.09,-118,3.75,
2026-09-02T17:12:54,2,1.587,26.94,26.3800,27.9,1.604,28.29,4.12,-118,4.00,
2026-09-02T17:12:55,2,1.602,28.16,26.3850,27.9,1.608,28.62,4.09,-118,4.00,
2026-09-02T17:12:56,2,1.592,27.33,26.3860,27.9,1.604,28.29,4.12,-119,3.50,
2026-09-02T17:12:57,2,1.588,27.00,26.3890,27.9,1.607,28.55,4.12,-118,3.25,
2026-09-02T17:12:58,2,1.604,28.36,26.3840,27.9,1.606,28.49,4.09,-118,4.00,
2026-09-02T17:12:59,2,1.588,27.07,26.3900,27.9,1.605,28.42,4.12,-118,4.00,
2026-09-02T17:13:01,2,1.605,28.42,26.3850,27.9,1.608,28.68,4.09,-118,4.00,
2026-09-02T17:13:02,2,1.604,28.29,26.3910,27.9,1.605,28.42,4.09,-118,3.75,
2026-09-02T17:13:03,2,1.587,26.94,26.3900,27.9,1.603,28.23,4.12,-118,4.00,
2026-09-02T17:13:04,2,1.604,28.36,26.3990,27.9,1.608,28.68,4.09,-116,6.00,
2026-09-02T17:13:05,2,1.587,26.94,26.4060,27.9,1.605,28.42,4.12,-117,4.75,
2026-09-02T17:13:06,2,1.586,26.87,26.4080,27.9,1.604,28.36,4.12,-117,4.75,
2026-09-02T17:13:07,2,1.604,28.36,26.4100,27.9,1.608,28.68,4.09,-117,4.75,
2026-09-02T17:13:08,2,1.586,26.87,26.4010,27.9,1.608,28.62,4.12,-117,5.25,
2026-09-02T17:13:09,2,1.608,28.68,26.4020,27.9,1.607,28.55,4.08,-116,5.50,
2026-09-02T17:13:10,2,1.598,27.84,26.4020,27.9,1.609,28.74,4.10,-117,5.75,
2026-09-02T17:13:11,2,1.587,26.94,26.4030,27.9,1.605,28.42,4.12,-117,5.75,
2026-09-02T17:13:13,2,1.603,28.23,26.3980,27.9,1.608,28.68,4.09,-116,5.75,
2026-09-02T17:13:14,2,1.589,27.13,26.3990,27.9,1.604,28.36,4.12,-116,5.50,
2026-09-02T17:13:15,2,1.587,26.94,26.3970,27.9,1.603,28.23,4.12,-117,5.50,
2026-09-02T17:13:16,2,1.602,28.16,26.3970,27.9,1.606,28.49,4.09,-117,5.75,
2026-09-02T17:13:17,2,1.588,27.07,26.4000,27.9,1.603,28.23,4.12,-117,5.50,
2026-09-02T17:13:18,2,1.606,28.49,26.3990,27.9,1.608,28.62,4.10,-117,5.50,
2026-09-02T17:13:19,2,1.604,28.29,26.3990,27.9,1.607,28.55,4.09,-117,5.25,
2026-09-02T17:13:20,2,1.587,26.94,26.4080,27.9,1.604,28.36,4.12,-116,5.50,
2026-09-02T17:13:21,2,1.606,28.49,26.4070,27.9,1.607,28.55,4.09,-117,5.25,
2026-09-02T17:13:22,2,1.590,27.20,26.4080,27.9,1.605,28.42,4.11,-117,5.25,
2026-09-02T17:13:23,2,1.587,26.94,26.4090,27.9,1.604,28.36,4.12,-117,5.50,
2026-09-02T17:13:25,2,1.604,28.36,26.3990,27.9,1.610,28.81,4.09,-117,5.25,
2026-09-02T17:13:26,2,1.586,26.87,26.3920,27.9,1.605,28.42,4.12,-117,5.25,
2026-09-02T17:13:27,2,1.607,28.55,26.3920,27.9,1.606,28.49,4.10,-116,5.50,
2026-09-02T17:13:28,2,1.602,28.16,26.3970,27.9,1.604,28.36,4.09,-117,5.50,
2026-09-02T17:13:29,2,1.588,27.00,26.4040,27.9,1.604,28.36,4.12,-117,5.50,
2026-09-02T17:13:30,2,1.604,28.29,26.4100,27.9,1.608,28.68,4.09,-117,5.00,
2026-09-02T17:13:32,2,1.591,27.26,26.4190,27.9,1.603,28.23,4.11,-117,5.25,
2026-09-02T17:13:33,2,1.602,28.16,26.4200,27.9,1.606,28.49,4.09,-117,5.25,
2026-09-02T17:13:34,2,1.590,27.20,26.4160,27.9,1.604,28.29,4.12,-117,5.25,
2026-09-02T17:13:35,2,1.588,27.00,26.4150,27.9,1.607,28.55,4.12,-116,6.25,
2026-09-02T17:13:38,2,1.586,26.87,26.4140,27.9,1.604,28.29,4.12,-116,6.75,
2026-09-02T17:13:39,2,1.606,28.49,26.4200,27.9,1.609,28.74,4.08,-116,6.00,8
2026-09-02T17:13:40,2,1.603,28.23,26.4100,27.9,1.607,28.55,4.09,-116,5.75,
2026-09-02T17:13:41,2,1.588,27.00,26.4050,27.9,1.605,28.42,4.12,-116,5.75,
2026-09-02T17:13:43,2,1.589,27.13,26.4090,27.9,1.605,28.42,4.11,-119,3.25,
2026-09-02T17:13:44,2,1.586,26.87,26.4100,27.9,1.607,28.55,4.12,-119,3.00,
2026-09-02T17:13:45,2,1.601,28.10,26.4050,27.9,1.605,28.42,4.09,-119,3.00,
2026-09-02T17:13:46,2,1.588,27.00,26.4120,27.9,1.606,28.49,4.12,-117,5.00,
2026-09-02T17:13:49,2,1.600,27.97,26.4040,27.9,1.605,28.42,4.09,-116,5.50,
2026-09-02T17:13:50,2,1.590,27.20,26.4020,27.9,1.608,28.62,4.12,-118,4.25,
2026-09-02T17:13:51,2,1.602,28.16,26.4070,27.9,1.604,28.36,4.09,-115,6.25,
2026-09-02T17:13:52,2,1.588,27.00,26.4130,27.9,1.604,28.29,4.12,-117,5.25,
2026-09-02T17:13:53,2,1.587,26.94,26.4310,27.9,1.606,28.49,4.12,-118,4.50,
2026-09-02T17:13:54,2,1.604,28.29,26.4360,27.9,1.609,28.74,4.09,-118,4.00,
2026-09-02T17:13:55,2,1.588,27.00,26.4410,27.9,1.603,28.23,4.12,-119,3.75,
2026-09-02T17:13:56,2,1.608,28.62,26.4500,27.9,1.608,28.68,4.08,-118,4.00,
2026-09-02T17:13:57,2,1.604,28.29,26.4540,27.9,1.608,28.68,4.09,-118,3.75,
2026-09-02T17:13:58,2,1.587,26.94,26.4550,27.9,1.604,28.36,4.12,-118,4.25,
2026-09-02T17:14:00,2,1.604,28.36,26.4600,27.9,1.610,28.81,4.08,-118,4.25,
2026-09-02T17:14:01,2,1.588,27.07,26.4640,27.9,1.605,28.42,4.12,-118,4.00,
2026-09-02T17:14:02,2,1.589,27.13,26.4650,27.9,1.606,28.49,4.12,-118,4.00,
2026-09-02T17:14:03,2,1.603,28.23,26.4760,27.9,1.608,28.68,4.10,-117,5.50,
2026-09-02T17:14:04,2,1.588,27.07,26.4760,27.9,1.605,28.42,4.12,-117,5.50,
2026-09-02T17:14:05,2,1.609,28.74,26.4780,27.9,1.609,28.74,4.08,-117,5.50,
2026-09-02T17:14:06,2,1.604,28.36,26.4700,27.9,1.610,28.81,4.09,-119,3.50,
2026-09-02T17:14:07,2,1.588,27.00,26.4810,27.9,1.608,28.68,4.12,-118,4.00,
2026-09-02T17:14:08,2,1.604,28.36,26.4790,27.9,1.608,28.68,4.09,-119,3.25,
2026-09-02T17:14:09,2,1.601,28.10,26.4790,27.9,1.605,28.42,4.10,-116,5.75,
2026-09-02T17:14:10,2,1.585,26.81,26.4770,27.9,1.603,28.23,4.12,-116,6.00,
2026-09-02T17:14:12,2,1.604,28.29,26.4720,27.9,1.610,28.81,4.09,-116,6.00,
2026-09-02T17:14:13,2,1.588,27.00,26.4450,27.9,1.604,28.36,4.12,-116,6.25,
2026-09-02T17:14:14,2,1.588,27.00,26.4400,27.9,1.607,28.55,4.12,-116,6.25,
2026-09-02T17:14:15,2,1.604,28.29,26.4340,27.9,1.605,28.42,4.09,-116,6.00,
2026-09-02T17:14:16,2,1.588,27.07,26.4340,27.9,1.608,28.62,4.12,-114,7.25,
2026-09-02T17:14:17,2,1.605,28.42,26.4340,27.9,1.608,28.68,4.09,-114,6.50,
2026-09-02T17:14:18,2,1.602,28.16,26.4260,27.9,1.617,29.39,4.09,-115,6.25,
2026-09-02T17:14:19,2,1.592,27.33,26.4300,27.9,1.606,28.49,4.12,-118,4.00,
2026-09-02T17:14:20,2,1.603,28.23,26.4340,27.9,1.617,29.39,4.09,-117,5.75,
2026-09-02T17:14:21,2,1.587,26.94,26.4430,27.9,1.604,28.29,4.12,-117,5.25,
2026-09-02T17:14:22,2,1.589,27.13,26.4420,27.9,1.601,28.10,4.12,-117,5.50,
2026-09-02T17:14:24,2,1.603,28.23,26.4380,27.9,1.607,28.55,4.09,-117,5.25,
2026-09-02T17:14:25,2,1.587,26.94,26.4440,27.9,1.604,28.29,4.12,-117,5.50,
2026-09-02T17:14:26,2,1.608,28.62,26.4530,27.9,1.608,28.62,4.08,-119,3.25,
2026-09-02T17:14:27,2,1.601,28.10,26.4460,27.9,1.604,28.36,4.09,-118,4.25,
2026-09-02T17:14:28,2,1.586,26.87,26.4430,27.9,1.603,28.23,4.12,-114,2.50,
2026-09-02T17:14:29,2,1.604,28.29,26.4470,27.9,1.606,28.49,4.09,-118,4.00,
2026-09-02T17:14:30,2,1.588,27.07,26.4490,27.9,1.601,28.10,4.12,-118,4.00,
2026-09-02T17:14:31,2,1.584,26.75,26.4560,27.9,1.604,28.29,4.12,-118,4.25,
2026-09-02T17:14:32,2,1.604,28.29,26.4660,27.9,1.608,28.68,4.09,-118,3.75,
2026-09-02T17:14:35,2,1.611,28.87,26.4770,27.9,1.609,28.74,4.08,-118,4.00,
2026-09-02T17:14:36,2,1.604,28.29,26.4830,27.9,1.608,28.62,4.09,-118,3.75,
2026-09-02T17:14:37,2,1.593,27.45,26.4770,27.9,1.605,28.42,4.12,-118,4.00,
2026-09-02T17:14:38,2,1.607,28.55,26.4820,27.9,1.608,28.62,4.09,-118,4.25,
2026-09-02T17:14:40,2,1.592,27.39,26.4860,27.9,1.606,28.49,4.12,-116,5.75,
2026-09-02T17:14:41,2,1.605,28.42,26.4840,27.9,1.611,28.87,4.10,-117,5.25,
2026-09-02T17:14:42,2,1.589,27.13,26.4890,27.9,1.604,28.36,4.12,-116,6.75,
2026-09-02T17:14:43,2,1.608,28.68,26.4830,27.9,1.610,28.81,4.08,-115,6.50,
2026-09-02T17:14:45,2,1.592,27.33,26.4840,27.9,1.606,28.49,4.11,-116,5.75,
2026-09-02T17:14:47,2,1.606,28.49,26.4850,27.9,1.609,28.74,4.09,-116,5.50,
2026-09-02T17:14:48,2,1.591,27.26,26.4960,27.9,1.603,28.23,4.10,-116,5.75,
2026-09-02T17:14:49,2,1.589,27.13,26.4900,27.9,1.604,28.29,4.12,-117,6.00,
2026-09-02T17:14:50,2,1.604,28.29,26.4940,27.9,1.608,28.68,4.09,-116,6.50,
2026-09-02T17:14:51,2,1.588,27.07,26.4960,27.9,1.602,28.16,4.12,-116,6.75,
2026-09-02T17:14:52,2,1.592,27.39,26.4890,27.9,1.605,28.42,4.11,-115,6.75,
2026-09-02T17:14:53,2,1.605,28.42,26.4910,27.9,1.608,28.62,4.09,-115,6.00,
2026-09-02T17:14:54,2,1.588,27.07,26.4940,27.9,1.606,28.49,4.12,-117,5.25,
2026-09-02T17:14:55,2,1.608,28.62,26.4920,27.9,1.608,28.68,4.09,-115,6.00,
2026-09-02T17:14:56,2,1.611,28.87,26.5000,27.9,1.604,28.36,4.11,-115,7.00,
2026-09-02T17:14:57,2,1.588,27.00,26.5060,27.9,1.607,28.55,4.11,-116,6.25,
2026-09-02T17:14:59,2,1.605,28.42,26.5090,27.9,1.607,28.55,4.09,-115,6.25,
2026-09-02T17:15:00,2,1.588,27.07,26.4990,27.9,1.607,28.55,4.12,-116,6.25,
2026-09-02T17:15:01,2,1.588,27.07,26.5040,27.9,1.602,28.16,4.10,-116,5.75,
2026-09-02T17:15:02,2,1.604,28.36,26.5050,27.9,1.607,28.55,4.09,-115,6.75,
2026-09-02T17:15:03,2,1.592,27.33,26.5110,27.9,1.604,28.29,4.12,-115,6.25,
2026-09-02T17:15:04,2,1.607,28.55,26.5080,27.9,1.608,28.62,4.08,-116,6.25,
2026-09-02T17:15:05,2,1.601,28.10,26.5130,27.9,1.606,28.49,4.10,-116,5.50,
2026-09-02T17:15:06,2,1.590,27.20,26.5170,27.9,1.605,28.42,4.12,-116,5.75,
2026-09-02T17:15:07,2,1.607,28.55,26.5220,27.9,1.604,28.36,4.09,-117,5.50,
2026-09-02T17:15:08,2,1.588,27.07,26.5220,27.9,1.606,28.49,4.12,-117,5.00,
2026-09-02T17:15:09,2,1.590,27.20,26.5270,27.9,1.609,28.74,4.11,-117,5.25,
2026-09-02T17:15:11,2,1.604,28.29,26.5300,27.9,1.607,28.55,4.09,-117,5.00,
2026-09-02T17:15:12,2,1.584,26.68,26.5390,27.9,1.605,28.42,4.12,-117,5.25,
2026-09-02T17:15:13,2,1.611,28.87,26.5270,27.9,1.609,28.74,4.09,-117,5.00,
2026-09-02T17:15:14,2,1.603,28.23,26.5220,27.9,1.608,28.62,4.09,-116,5.75,
2026-09-02T17:15:15,2,1.588,27.00,26.5240,27.9,1.606,28.49,4.12,-117,5.50,
2026-09-02T17:15:16,2,1.604,28.36,26.5210,27.9,1.607,28.55,4.09,-117,5.50,
2026-09-02T17:15:17,2,1.588,27.07,26.5240,27.9,1.604,28.29,4.11,-117,5.75,
2026-09-02T17:15:18,2,1.586,26.87,26.5200,27.9,1.606,28.49,4.12,-118,4.75,
2026-09-02T17:15:19,2,1.604,28.36,26.5220,27.9,1.608,28.68,4.09,-117,5.50,
2026-09-02T17:15:20,2,1.590,27.20,26.5280,27.9,1.606,28.49,4.12,-117,5.75,
2026-09-02T17:15:22,2,1.609,28.74,26.5250,27.9,1.606,28.49,4.08,-116,5.75,
2026-09-02T17:15:23,2,1.605,28.42,26.5280,27.9,1.609,28.74,4.09,-117,5.50,
2026-09-02T17:15:24,2,1.588,27.07,26.5330,27.9,1.605,28.42,4.12,-117,5.50,
2026-09-02T17:15:25,2,1.604,28.29,26.5360,27.9,1.609,28.74,4.09,-116,5.50,
2026-09-02T17:15:26,2,1.589,27.13,26.5290,27.9,1.605,28.42,4.11,-117,5.50,
2026-09-02T17:15:27,2,1.590,27.20,26.5270,27.9,1.606,28.49,4.12,-116,5.75,
2026-09-02T17:15:28,2,1.604,28.36,26.5270,27.9,1.612,28.94,4.09,-116,5.75,
2026-09-02T17:15:29,2,1.590,27.20,26.5350,27.9,1.604,28.36,4.12,-117,5.75,
2026-09-02T17:15:31,2,1.604,28.36,26.5270,27.9,1.608,28.62,4.09,-115,6.00,
2026-09-02T17:15:32,2,1.588,27.07,26.5280,27.9,1.606,28.49,4.11,-116,6.00,
2026-09-02T17:15:34,2,1.608,28.62,26.5410,27.9,1.610,28.81,4.09,-115,6.50,
2026-09-02T17:15:35,2,1.604,28.36,26.5450,27.9,1.608,28.68,4.11,-117,6.00,
2026-09-02T17:15:37,2,1.606,28.49,26.5470,27.9,1.607,28.55,4.09,-116,5.75,
2026-09-02T17:15:38,2,1.589,27.13,26.5490,27.9,1.605,28.42,4.12,-116,6.25,
2026-09-02T17:15:39,2,1.588,27.07,26.5530,27.9,1.606,28.49,4.10,-116,6.00,
2026-09-02T17:15:40,2,1.604,28.36,26.5440,27.9,1.615,29.20,4.09,-116,6.00,
2026-09-02T17:15:42,2,1.608,28.62,26.5430,27.9,1.606,28.49,4.09,-115,6.00,
2026-09-02T17:15:43,2,1.604,28.36,26.5420,27.9,1.604,28.36,4.11,-115,6.25,
2026-09-02T17:15:44,2,1.588,27.07,26.5440,27.9,1.604,28.36,4.12,-116,6.25,
2026-09-02T17:15:46,2,1.608,28.68,26.5420,27.9,1.608,28.62,4.09,-116,6.00,
2026-09-02T17:15:47,2,1.590,27.20,26.5410,27.9,1.606,28.49,4.12,-116,6.25,
2026-09-02T17:15:48,2,1.593,27.45,26.5480,27.9,1.609,28.74,4.10,-116,6.00,
2026-09-02T17:15:49,2,1.604,28.36,26.5490,27.9,1.609,28.74,4.09,-116,7.00,
2026-09-02T17:15:50,2,1.592,27.39,26.5500,27.9,1.606,28.49,4.12,-116,6.25,
2026-09-02T17:15:51,2,1.608,28.62,26.5450,27.9,1.608,28.68,4.09,-115,7.25,
2026-09-02T17:15:52,2,1.603,28.23,26.5430,27.9,1.608,28.68,4.10,-115,6.00,
2026-09-02T17:15:53,2,1.588,27.07,26.5360,27.9,1.607,28.55,4.12,-115,6.00,
2026-09-02T17:15:54,2,1.605,28.42,26.5390,27.9,1.609,28.74,4.09,-116,6.00,
2026-09-02T17:15:55,2,1.590,27.20,26.5390,27.9,1.605,28.42,4.12,-116,6.00,
2026-09-02T17:15:56,2,1.592,27.39,26.5370,27.9,1.608,28.68,4.10,-116,5.75,
2026-09-02T17:15:58,2,1.605,28.42,26.5420,27.9,1.609,28.74,4.09,-116,6.00,
2026-09-02T17:15:59,2,1.588,27.07,26.5390,27.9,1.605,28.42,4.12,-116,5.75,
2026-09-02T17:16:00,2,1.609,28.74,26.5420,27.9,1.604,28.36,4.09,-117,5.50,
2026-09-02T17:16:01,2,1.605,28.42,26.5490,27.9,1.605,28.42,4.10,-116,5.75,
2026-09-02T17:16:02,2,1.588,27.07,26.5430,27.9,1.607,28.55,4.11,-116,6.25,
2026-09-02T17:16:03,2,1.621,29.71,26.5530,27.9,1.608,28.68,4.08,-116,5.75,
2026-09-02T17:16:04,2,1.591,27.26,26.5540,27.9,1.605,28.42,4.12,-115,6.00,
2026-09-02T17:16:05,2,1.592,27.33,26.5510,27.9,1.607,28.55,4.10,-116,6.00,
2026-09-02T17:16:06,2,1.604,28.36,26.5480,27.9,1.607,28.55,4.09,-116,6.25,
2026-09-02T17:16:07,2,1.590,27.20,26.5430,27.9,1.607,28.55,4.11,-116,6.25,
2026-09-02T17:16:09,2,1.608,28.68,26.5430,27.9,1.608,28.68,4.09,-115,6.25,
2026-09-02T17:16:10,2,1.602,28.16,26.5410,27.9,1.607,28.55,4.10,-115,5.75,
2026-09-02T17:16:11,2,1.590,27.20,26.5390,27.9,1.604,28.36,4.12,-116,6.25,
2026-09-02T17:16:12,2,1.604,28.36,26.5420,27.9,1.622,29.78,4.09,-116,6.25,
2026-09-02T17:16:13,2,1.594,27.52,26.5410,27.9,1.607,28.55,4.11,-116,6.25,
2026-09-02T17:16:14,2,1.590,27.20,26.5360,27.9,1.606,28.49,4.10,-116,6.00,
2026-09-02T17:16:15,2,1.605,28.42,26.5390,27.9,1.609,28.74,4.09,-115,6.00,
2026-09-02T17:16:16,2,1.590,27.20,26.5430,27.9,1.607,28.55,4.12,-116,6.25,
2026-09-02T17:16:17,2,1.589,27.13,26.5400,27.9,1.608,28.68,4.10,-116,5.75,
2026-09-02T17:16:18,2,1.604,28.36,26.5400,27.9,1.605,28.42,4.10,-116,6.25,
2026-09-02T17:16:19,2,1.589,27.13,26.5400,27.9,1.613,29.07,4.12,-116,6.25,
2026-09-02T17:16:21,2,1.606,28.49,26.5460,27.9,1.609,28.74,4.09,-116,6.00,
2026-09-02T17:16:22,2,1.603,28.23,26.5360,27.9,1.605,28.42,4.11,-116,6.00,
2026-09-02T17:16:23,2,1.599,27.91,26.5260,27.9,1.608,28.68,4.10,-117,5.50,
2026-09-02T17:16:24,2,1.605,28.42,26.5250,27.9,1.608,28.62,4.09,-119,3.00,
2026-09-02T17:16:25,2,1.588,27.07,26.5260,27.9,1.604,28.36,4.11,-119,3.50,
2026-09-02T17:16:26,2,1.590,27.20,26.5290,27.9,1.608,28.68,4.11,-118,3.50,
2026-09-02T17:16:28,2,1.590,27.20,26.5300,27.9,1.605,28.42,4.11,-119,3.25,
2026-09-02T17:16:29,2,1.606,28.49,26.5310,27.9,1.608,28.68,4.08,-119,3.50,
2026-09-02T17:16:30,2,1.608,28.62,26.5360,27.9,1.608,28.62,4.10,-118,3.75,
2026-09-02T17:16:31,2,1.588,27.07,26.5360,27.9,1.603,28.23,4.12,-119,3.25,
2026-09-02T17:16:34,2,1.590,27.20,26.5340,27.9,1.607,28.55,4.11,-119,3.25,
2026-09-02T17:16:35,2,1.590,27.20,26.5310,27.9,1.608,28.62,4.10,-118,3.50,
2026-09-02T17:16:36,2,1.603,28.23,26.5210,27.9,1.608,28.68,4.08,-119,3.50,
2026-09-02T17:16:37,2,1.579,26.29,26.5190,27.9,1.608,28.62,4.11,-119,3.25,
2026-09-02T17:16:39,2,1.602,28.16,26.5240,27.9,1.608,28.62,4.11,-116,6.00,
2026-09-02T17:16:40,2,1.588,27.07,26.5170,27.9,1.606,28.49,4.11,-117,6.00,
2026-09-02T17:16:41,2,1.604,28.36,26.5150,27.9,1.608,28.68,4.09,-118,3.50,
2026-09-02T17:16:42,2,1.592,27.39,26.5210,27.9,1.606,28.49,4.12,-118,4.25,
2026-09-02T17:16:43,2,1.589,27.13,26.5140,27.9,1.608,28.68,4.10,-119,4.25,
2026-09-02T17:16:45,2,1.605,28.42,26.5110,27.9,1.608,28.68,4.09,-118,3.50,
2026-09-02T17:16:46,2,1.588,27.07,26.5120,27.9,1.608,28.68,4.12,-119,3.75,
2026-09-02T17:16:47,2,1.603,28.23,26.5090,27.9,1.609,28.74,4.08,-119,3.50,
2026-09-02T17:16:48,2,1.601,28.10,26.5070,27.9,1.604,28.29,4.10,-118,3.75,
2026-09-02T17:16:49,2,1.588,27.00,26.5060,27.9,1.609,28.74,4.11,-119,3.75,
2026-09-02T17:16:50,2,1.606,28.49,26.5070,27.9,1.609,28.74,4.09,-118,4.25,9
2026-09-02T17:16:51,2,1.588,27.00,26.5040,27.9,1.605,28.42,4.12,-118,4.25,
2026-09-02T17:16:52,2,1.588,27.00,26.5020,27.9,1.608,28.68,4.10,-117,5.50,
2026-09-02T17:16:53,2,1.604,28.36,26.5040,27.9,1.608,28.62,4.09,-118,4.50,
2026-09-02T17:16:54,2,1.588,27.07,26.5140,27.9,1.605,28.42,4.12,-118,4.75,
2026-09-02T17:16:56,2,1.602,28.16,26.5160,27.9,1.609,28.74,4.10,-117,5.00,
2026-09-02T17:16:57,2,1.603,28.23,26.5210,27.9,1.606,28.49,4.10,-117,5.00,
2026-09-02T17:16:58,2,1.590,27.20,26.5180,27.9,1.604,28.36,4.12,-118,5.25,
2026-09-02T17:16:59,2,1.607,28.55,26.5170,27.9,1.608,28.68,4.09,-118,4.00,
2026-09-02T17:17:00,2,1.600,28.04,26.5200,27.9,1.608,28.62,4.11,-118,4.50,
2026-09-02T17:17:01,2,1.590,27.20,26.5240,27.9,1.607,28.55,4.10,-118,4.25,
2026-09-02T17:17:02,2,1.607,28.55,26.5260,27.9,1.608,28.68,4.09,-118,4.00,
2026-09-02T17:17:03,2,1.589,27.13,26.5340,27.9,1.605,28.42,4.11,-117,5.00,9
2026-09-02T17:17:04,2,1.592,27.33,26.5300,27.9,1.607,28.55,4.11,-116,5.50,
2026-09-02T17:17:05,2,1.605,28.42,26.5420,27.9,1.608,28.62,4.11,-116,6.25,
2026-09-02T17:17:06,2,1.590,27.20,26.5400,27.9,1.608,28.68,4.12,-122,-2.00,
2026-09-02T17:17:08,2,1.608,28.68,26.5440,27.9,1.605,28.42,4.08,-121,1.00,
2026-09-02T17:17:09,2,1.602,28.16,26.5350,27.9,1.604,28.36,4.10,-121,1.50,
2026-09-02T17:17:10,2,1.584,26.75,26.5340,27.9,1.613,29.00,4.10,-117,5.25,
2026-09-02T17:17:11,2,1.604,28.29,26.5380,27.9,1.608,28.62,4.09,-119,3.25,
2026-09-02T17:17:12,2,1.590,27.20,26.5440,27.9,1.608,28.62,4.11,-117,5.00,
2026-09-02T17:17:13,2,1.590,27.20,26.5620,27.9,1.607,28.55,4.11,-117,5.00,
2026-09-02T17:17:14,2,1.606,28.49,26.5750,27.9,1.607,28.55,4.11,-117,5.75,
2026-09-02T17:17:15,2,1.588,27.07,26.5810,27.9,1.608,28.62,4.12,-117,5.25,
2026-09-02T17:17:16,2,1.608,28.68,26.5820,27.9,1.615,29.20,4.08,-117,5.50,
2026-09-02T17:17:17,2,1.604,28.36,26.5810,27.9,1.609,28.74,4.10,-117,5.75,
2026-09-02T17:17:18,2,1.590,27.20,26.5840,27.9,1.622,29.78,4.09,-117,4.75,
2026-09-02T17:17:20,2,1.607,28.55,26.5820,27.9,1.609,28.74,4.09,-118,5.00,
2026-09-02T17:17:21,2,1.588,27.07,26.5830,27.9,1.609,28.74,4.12,-117,5.25,
2026-09-02T17:17:22,2,1.591,27.26,26.5810,27.9,1.611,28.87,4.11,-117,5.75,
2026-09-02T17:17:23,2,1.608,28.62,26.5850,27.9,1.609,28.74,4.10,-116,6.00,
2026-09-02T17:17:25,2,1.603,28.23,26.5830,27.9,1.608,28.62,4.09,-117,5.25,
2026-09-02T17:17:26,2,1.604,28.36,26.5830,27.9,1.608,28.68,4.10,-118,4.25,
2026-09-02T17:17:27,2,1.590,27.20,26.5810,27.9,1.613,29.00,4.12,-118,4.50,
2026-09-02T17:17:28,2,1.604,28.36,26.5890,27.9,1.613,29.00,4.09,-117,5.25,
2026-09-02T17:17:30,2,1.600,28.04,26.5950,27.9,1.611,28.87,4.10,-117,5.75,
2026-09-02T17:17:32,2,1.604,28.36,26.5890,27.9,1.609,28.74,4.09,-116,5.50,
2026-09-02T17:17:33,2,1.590,27.20,26.5590,27.9,1.608,28.62,4.12,-115,6.25,
2026-09-02T17:17:34,2,1.588,27.00,26.5420,27.9,1.608,28.68,4.11,-117,6.50,
2026-09-02T17:17:36,2,1.588,27.07,26.5350,27.9,1.604,28.36,4.11,-118,5.25,
2026-09-02T17:17:37,2,1.608,28.62,26.5290,27.9,1.609,28.74,4.09,-116,5.75,
2026-09-02T17:17:38,2,1.603,28.23,26.5340,27.9,1.611,28.87,4.10,-116,5.75,
2026-09-02T17:17:39,2,1.591,27.26,26.5370,27.9,1.611,28.87,4.10,-116,6.00,10
2026-09-02T17:17:40,2,1.605,28.42,26.5440,27.9,1.609,28.74,4.09,-116,5.50,
2026-09-02T17:17:41,2,1.589,27.13,26.5380,27.9,1.604,28.36,4.11,-117,5.50,
2026-09-02T17:17:43,2,1.592,27.39,26.5440,27.9,1.608,28.68,4.10,-117,5.25,
2026-09-02T17:17:44,2,1.603,28.23,26.5470,27.9,1.604,28.36,4.10,-117,5.25,
2026-09-02T17:17:45,2,1.589,27.13,26.5600,27.9,1.607,28.55,4.12,-117,5.00,
2026-09-02T17:17:46,2,1.607,28.55,26.5620,27.9,1.604,28.36,4.09,-118,4.00,
2026-09-02T17:17:47,2,1.609,28.74,26.5660,27.9,1.606,28.49,4.10,-119,3.25,
2026-09-02T17:17:48,2,1.589,27.13,26.5710,27.9,1.609,28.74,4.10,-118,3.75,
2026-09-02T17:17:49,2,1.606,28.49,26.5690,27.9,1.608,28.68,4.09,-119,3.00,
2026-09-02T17:17:50,2,1.588,27.07,26.5720,27.9,1.606,28.49,4.12,-117,5.00,
2026-09-02T17:17:51,2,1.590,27.20,26.5780,27.9,1.610,28.81,4.11,-117,5.25,
2026-09-02T17:17:52,2,1.604,28.36,26.5820,27.9,1.608,28.62,4.11,-118,4.50,
2026-09-02T17:17:53,2,1.588,27.07,26.5840,27.9,1.605,28.42,4.12,-117,5.50,
2026-09-02T17:17:55,2,1.607,28.55,26.5840,27.9,1.610,28.81,4.08,-117,5.50,
2026-09-02T17:17:56,2,1.605,28.42,26.5810,27.9,1.608,28.62,4.10,-116,5.75,
2026-09-02T17:17:57,2,1.592,27.33,26.5970,27.9,1.608,28.68,4.10,-117,4.50,
2026-09-02T17:17:58,2,1.605,28.42,26.6020,27.9,1.613,29.00,4.09,-118,4.50,
2026-09-02T17:17:59,2,1.589,27.13,26.6030,27.9,1.605,28.42,4.11,-117,5.00,
2026-09-02T17:18:00,2,1.590,27.20,26.6110,27.9,1.608,28.68,4.10,-118,4.50,
2026-09-02T17:18:01,2,1.604,28.36,26.6160,27.9,1.607,28.55,4.10,-118,4.25,
2026-09-02T17:18:02,2,1.589,27.13,26.6170,27.9,1.608,28.68,4.12,-117,5.75,
2026-09-02T17:18:03,2,1.612,28.94,26.6210,27.9,1.612,28.94,4.08,-117,5.50,
2026-09-02T17:18:04,2,1.604,28.36,26.6240,27.9,1.608,28.68,4.10,-116,5.75,
2026-09-02T17:18:05,2,1.593,27.45,26.6210,27.9,1.609,28.74,4.10,-117,5.75,
2026-09-02T17:18:07,2,1.607,28.55,26.6250,27.9,1.608,28.68,4.09,-115,6.50,
2026-09-02T17:18:08,2,1.591,27.26,26.6350,27.9,1.605,28.42,4.12,-117,5.75,
2026-09-02T17:18:09,2,1.592,27.39,26.6420,27.9,1.608,28.62,4.10,-117,5.25,
2026-09-02T17:18:10,2,1.605,28.42,26.6550,27.9,1.611,28.87,4.10,-116,6.25,
2026-09-02T17:18:11,2,1.591,27.26,26.6510,27.9,1.607,28.55,4.11,-116,5.50,
2026-09-02T17:18:12,2,1.600,27.97,26.6620,27.9,1.609,28.74,4.10,-116,5.75,
2026-09-02T17:18:13,2,1.603,28.23,26.6750,27.9,1.608,28.68,4.10,-116,5.50,
2026-09-02T17:18:14,2,1.592,27.33,26.6840,27.9,1.607,28.55,4.10,-116,5.75,
2026-09-02T17:18:15,2,1.609,28.74,26.6950,27.9,1.608,28.68,4.08,-116,5.75,
2026-09-02T17:18:16,2,1.605,28.42,26.6920,27.9,1.608,28.62,4.11,-117,5.75,
2026-09-02T17:18:17,2,1.591,27.26,26.6920,27.9,1.607,28.55,4.10,-117,6.00,
2026-09-02T17:18:19,2,1.605,28.42,26.6860,27.9,1.604,28.36,4.10,-117,5.50,
2026-09-02T17:18:20,2,1.589,27.13,26.6850,27.9,1.599,27.91,4.11,-117,5.50,
2026-09-02T17:18:22,2,1.606,28.49,26.6890,27.9,1.610,28.81,4.10,-116,6.00,
2026-09-02T17:18:23,2,1.591,27.26,26.6850,27.9,1.611,28.87,4.12,-117,4.50,
2026-09-02T17:18:24,2,1.608,28.68,26.6910,27.9,1.611,28.87,4.09,-116,5.50,
2026-09-02T17:18:25,2,1.604,28.36,26.6910,27.9,1.606,28.49,4.11,-116,6.25,
2026-09-02T17:18:26,2,1.593,27.45,26.6880,27.9,1.613,29.00,4.10,-110,-1.75,
2026-09-02T17:18:27,2,1.608,28.62,26.6920,27.9,1.608,28.68,4.09,-117,6.75,
2026-09-02T17:18:28,2,1.589,27.13,26.6880,27.9,1.607,28.55,4.11,-118,4.75,
2026-09-02T17:18:30,2,1.592,27.39,26.6920,27.9,1.609,28.74,4.10,-118,4.75,
2026-09-02T17:18:31,2,1.607,28.55,26.6790,27.9,1.611,28.87,4.10,-118,4.50,
2026-09-02T17:18:33,2,1.608,28.68,26.6840,27.9,1.615,29.20,4.09,-118,4.75,
2026-09-02T17:18:34,2,1.604,28.36,26.6800,27.9,1.608,28.68,4.10,-118,4.25,
2026-09-02T17:18:35,2,1.592,27.33,26.6820,27.9,1.613,29.00,4.10,-118,4.00,
2026-09-02T17:18:36,2,1.607,28.55,26.6840,27.9,1.611,28.87,4.09,-118,4.25,
2026-09-02T17:18:38,2,1.592,27.33,26.6890,27.9,1.608,28.68,4.10,-118,4.75,
2026-09-02T17:18:39,2,1.604,28.36,26.6900,27.9,1.608,28.68,4.10,-118,4.50,
2026-09-02T17:18:40,2,1.592,27.33,26.6900,27.9,1.612,28.94,4.11,-117,4.50,
2026-09-02T17:18:42,2,1.612,28.94,26.6920,27.9,1.610,28.81,4.08,-117,5.25,
2026-09-02T17:18:43,2,1.604,28.36,26.6960,27.9,1.610,28.81,4.10,-118,5.00,
2026-09-02T17:18:44,2,1.593,27.45,26.6900,27.9,1.609,28.74,4.10,-117,5.00,
2026-09-02T17:18:45,2,1.607,28.55,26.6880,27.9,1.613,29.00,4.09,-117,4.75,
2026-09-02T17:18:46,2,1.588,27.07,26.6920,27.9,1.608,28.68,4.12,-117,5.00,
2026-09-02T17:18:47,2,1.593,27.45,26.6900,27.9,1.608,28.62,4.10,-117,5.25,
2026-09-02T17:18:48,2,1.607,28.55,26.6890,27.9,1.609,28.74,4.10,-117,5.25,
2026-09-02T17:18:49,2,1.594,27.52,26.6790,27.9,1.608,28.62,4.11,-117,5.50,
2026-09-02T17:18:50,2,1.610,28.81,26.6880,27.9,1.610,28.81,4.08,-117,5.50,
2026-09-02T17:18:51,2,1.607,28.55,26.6860,27.9,1.619,29.52,4.10,-117,5.75,
2026-09-02T17:18:52,2,1.592,27.33,26.6840,27.9,1.609,28.74,4.09,-116,5.25,
2026-09-02T17:18:54,2,1.604,28.36,26.6840,27.9,1.610,28.81,4.09,-116,5.50,
2026-09-02T17:18:55,2,1.588,27.00,26.6820,27.9,1.608,28.62,4.11,-117,5.75,
2026-09-02T17:18:56,2,1.591,27.26,26.6840,27.9,1.611,28.87,4.10,-116,5.75,
2026-09-02T17:18:57,2,1.607,28.55,26.6860,27.9,1.609,28.74,4.10,-116,6.00,
2026-09-02T17:18:58,2,1.588,27.07,26.6820,27.9,1.607,28.55,4.12,-116,6.00,
2026-09-02T17:18:59,2,1.592,27.33,26.6800,27.9,1.608,28.62,4.10,-116,5.75,
2026-09-02T17:19:00,2,1.603,28.23,26.6810,27.9,1.607,28.55,4.10,-117,6.25,
2026-09-02T17:19:01,2,1.592,27.33,26.6840,27.9,1.609,28.74,4.10,-116,5.75,
2026-09-02T17:19:02,2,1.608,28.62,26.6860,27.9,1.614,29.13,4.09,-116,5.75,
2026-09-02T17:19:03,2,1.605,28.42,26.6920,27.9,1.608,28.68,4.10,-116,5.75,
2026-09-02T17:19:04,2,1.592,27.33,26.6840,27.9,1.613,29.00,4.10,-116,5.75,
2026-09-02T17:19:06,2,1.606,28.49,26.6860,27.9,1.613,29.07,4.10,-117,5.50,
2026-09-02T17:19:07,2,1.591,27.26,26.6930,27.9,1.607,28.55,4.12,-117,5.75,
2026-09-02T17:19:08,2,1.592,27.39,26.6920,27.9,1.608,28.62,4.10,-117,5.00,
2026-09-02T17:19:09,2,1.605,28.42,26.6930,27.9,1.608,28.68,4.10,-117,5.25,
2026-09-02T17:19:10,2,1.592,27.33,26.6890,27.9,1.609,28.74,4.10,-117,5.25,
2026-09-02T17:19:11,2,1.608,28.62,26.6880,27.9,1.609,28.74,4.09,-117,5.25,
2026-09-02T17:19:12,2,1.607,28.55,26.6870,27.9,1.608,28.68,4.11,-117,5.25,
2026-09-02T17:19:13,2,1.591,27.26,26.6830,27.9,1.608,28.68,4.10,-117,5.00,
2026-09-02T17:19:14,2,1.607,28.55,26.6770,27.9,1.610,28.81,4.10,-117,5.25,
2026-09-02T17:19:15,2,1.590,27.20,26.6790,27.9,1.608,28.62,4.10,-117,5.50,
2026-09-02T17:19:16,2,1.593,27.45,26.6760,27.9,1.611,28.87,4.10,-117,5.25,
2026-09-02T17:19:19,2,1.592,27.33,26.6860,27.9,1.609,28.74,4.11,-117,4.75,
2026-09-02T17:19:20,2,1.611,28.87,26.6910,27.9,1.608,28.62,4.09,-116,5.50,
2026-09-02T17:19:21,2,1.606,28.49,26.6870,27.9,1.608,28.62,4.10,-117,5.00,
2026-09-02T17:19:22,2,1.593,27.45,26.6890,27.9,1.612,28.94,4.10,-117,5.75,
2026-09-02T17:19:24,2,1.589,27.13,26.7000,27.9,1.609,28.74,4.12,-117,5.50,
2026-09-02T17:19:25,2,1.592,27.33,26.6980,27.9,1.608,28.68,4.10,-117,5.25,
2026-09-02T17:19:26,2,1.606,28.49,26.6920,27.9,1.608,28.68,4.10,-117,5.00,
2026-09-02T17:19:27,2,1.592,27.33,26.6830,27.9,1.608,28.68,4.12,-117,5.50,
2026-09-02T17:19:30,2,1.604,28.29,26.6910,27.9,1.610,28.81,4.10,-117,4.25,
2026-09-02T17:19:31,2,1.591,27.26,26.6840,27.9,1.611,28.87,4.10,-117,5.25,
2026-09-02T17:19:32,2,1.599,27.91,26.6860,27.9,1.609,28.74,4.09,-117,5.25,
2026-09-02T17:19:33,2,1.592,27.39,26.6890,27.9,1.608,28.68,4.12,-117,5.25,
2026-09-02T17:19:35,2,1.605,28.42,26.7040,27.9,1.607,28.55,4.10,-118,4.75,
2026-09-02T17:19:36,2,1.590,27.20,26.7030,27.9,1.610,28.81,4.12,-116,5.50,
2026-09-02T17:19:37,2,1.590,27.20,26.7060,27.9,1.608,28.62,4.10,-116,5.75,
2026-09-02T17:19:38,2,1.603,28.23,26.7040,27.9,1.607,28.55,4.10,-117,5.75,
2026-09-02T17:19:39,2,1.591,27.26,26.7010,27.9,1.608,28.62,4.10,-117,5.25,
2026-09-02T17:19:41,2,1.608,28.68,26.6900,27.9,1.610,28.81,4.08,-115,5.75,
2026-09-02T17:19:42,2,1.604,28.29,26.6820,27.9,1.611,28.87,4.10,-116,5.50,
2026-09-02T17:19:43,2,1.594,27.52,26.6800,27.9,1.609,28.74,4.10,-116,6.00,
2026-09-02T17:19:44,2,1.607,28.55,26.6740,27.9,1.610,28.81,4.10,-116,6.00,
2026-09-02T17:19:45,2,1.588,27.07,26.6730,27.9,1.608,28.68,4.12,-116,6.50,
2026-09-02T17:19:46,2,1.592,27.33,26.6750,27.9,1.608,28.68,4.10,-116,5.75,
2026-09-02T17:19:47,2,1.605,28.42,26.6800,27.9,1.608,28.62,4.10,-116,6.25,
2026-09-02T17:19:48,2,1.592,27.33,26.6820,27.9,1.622,29.78,4.10,-116,5.50,
2026-09-02T17:19:49,2,1.609,28.74,26.6850,27.9,1.608,28.68,4.09,-115,5.75,
2026-09-02T17:19:50,2,1.606,28.49,26.6850,27.9,1.608,28.68,4.10,-116,6.00,
2026-09-02T17:19:51,2,1.594,27.52,26.6930,27.9,1.608,28.62,4.10,-116,6.00,
2026-09-02T17:19:53,2,1.606,28.49,26.6970,27.9,1.610,28.81,4.10,-116,6.50,
2026-09-02T17:19:54,2,1.592,27.33,26.6990,27.9,1.607,28.55,4.11,-116,5.50,
2026-09-02T17:19:55,2,1.593,27.45,26.7000,27.9,1.608,28.68,4.10,-117,4.50,
2026-09-02T17:19:56,2,1.607,28.55,26.6960,27.9,1.608,28.62,4.10,-116,5.75,
2026-09-02T17:19:57,2,1.597,27.78,26.6890,27.9,1.610,28.81,4.10,-116,6.25,
2026-09-02T17:19:58,2,1.610,28.81,26.6950,27.9,1.621,29.71,4.08,-115,6.25,
2026-09-02T17:19:59,2,1.605,28.42,26.6960,27.9,1.609,28.74,4.10,-116,6.25,10
2026-09-02T17:20:00,2,1.592,27.33,26.7050,27.9,1.606,28.49,4.10,-118,4.00,
2026-09-02T17:20:01,2,1.607,28.55,26.7050,27.9,1.610,28.81,4.10,-115,6.75,
2026-09-02T17:20:02,2,1.594,27.52,26.7060,27.9,1.607,28.55,4.12,-117,4.75,
2026-09-02T17:20:03,2,1.591,27.26,26.7060,27.9,1.601,28.10,4.10,-116,6.00,
2026-09-02T17:20:05,2,1.607,28.55,26.7100,27.9,1.608,28.62,4.11,-115,6.00,
2026-09-02T17:20:06,2,1.592,27.33,26.7150,27.9,1.611,28.87,4.10,-115,6.25,
2026-09-02T17:20:07,2,1.613,29.00,26.7140,27.9,1.613,29.00,4.08,-116,6.00,
2026-09-02T17:20:08,2,1.608,28.62,26.7170,27.9,1.609,28.74,4.10,-118,4.25,
2026-09-02T17:20:09,2,1.593,27.45,26.7100,27.9,1.608,28.62,4.10,-117,5.50,
2026-09-02T17:20:10,2,1.608,28.68,26.7120,27.9,1.611,28.87,4.10,-118,4.00,
2026-09-02T17:20:11,2,1.588,27.00,26.7130,27.9,1.609,28.74,4.12,-119,2.75,
2026-09-02T17:20:12,2,1.593,27.45,26.7150,27.9,1.608,28.68,4.10,-120,2.75,
2026-09-02T17:20:13,2,1.608,28.62,26.7220,27.9,1.610,28.81,4.10,-120,2.50,
2026-09-02T17:20:14,2,1.580,26.42,26.7290,27.9,1.608,28.68,4.13,-113,3.75,
2026-09-02T17:20:16,2,1.611,28.87,26.7330,27.9,1.613,29.07,4.09,-118,4.25,
2026-09-02T17:20:17,2,1.608,28.68,26.7430,27.9,1.608,28.62,4.10,-118,3.75,
2026-09-02T17:20:18,2,1.592,27.39,26.7550,27.9,1.608,28.68,4.10,-118,3.75,
2026-09-02T17:20:19,2,1.610,28.81,26.7660,27.9,1.611,28.87,4.09,-118,3.50,
2026-09-02T17:20:21,2,1.584,26.68,26.7620,27.9,1.607,28.55,4.10,-118,3.75,
2026-09-02T17:20:22,2,1.609,28.74,26.7680,27.9,1.612,28.94,4.10,-118,3.75,
2026-09-02T17:20:23,2,1.592,27.39,26.7690,27.9,1.609,28.74,4.11,-118,4.50,
2026-09-02T17:20:24,2,1.594,27.52,26.7670,27.9,1.607,28.55,4.10,-117,6.25,
2026-09-02T17:20:26,2,1.596,27.71,26.7780,27.9,1.611,28.87,4.10,-117,5.75,
2026-09-02T17:20:28,2,1.612,28.94,26.7840,27.9,1.612,28.94,4.08,-119,3.50,
2026-09-02T17:20:29,2,1.606,28.49,26.7920,27.9,1.607,28.55,4.10,-116,5.75,
2026-09-02T17:20:30,2,1.594,27.52,26.8000,27.9,1.611,28.87,4.11,-115,6.50,
2026-09-02T17:20:32,2,1.594,27.52,26.7890,27.9,1.609,28.74,4.11,-120,2.00,
2026-09-02T17:20:33,2,1.593,27.45,26.7770,27.9,1.610,28.81,4.10,-116,6.25,
2026-09-02T17:20:34,2,1.602,28.16,26.7740,27.9,1.611,28.87,4.10,-115,6.25,
2026-09-02T17:20:35,2,1.593,27.45,26.7720,27.9,1.609,28.74,4.10,-116,6.00,
2026-09-02T17:20:36,2,1.613,29.00,26.7740,27.9,1.613,29.07,4.09,-115,6.75,
2026-09-02T17:20:37,2,1.606,28.49,26.7760,27.9,1.604,28.36,4.10,-115,6.75,
2026-09-02T17:20:38,2,1.594,27.52,26.7750,27.9,1.611,28.87,4.10,-115,6.50,
2026-09-02T17:20:40,2,1.607,28.55,26.7680,27.9,1.610,28.81,4.10,-115,6.50,
2026-09-02T17:20:41,2,1.592,27.33,26.7770,27.9,1.599,27.91,4.11,-115,6.75,
2026-09-02T17:20:42,2,1.595,27.58,26.7720,27.9,1.610,28.81,4.10,-115,6.75,
2026-09-02T17:20:43,2,1.607,28.55,26.7810,27.9,1.619,29.52,4.10,-115,6.50,
2026-09-02T17:20:44,2,1.592,27.39,26.7840,27.9,1.611,28.87,4.10,-119,3.50,
2026-09-02T17:20:45,2,1.608,28.68,26.7830,27.9,1.613,29.07,4.08,-117,5.75,
2026-09-02T17:20:46,2,1.606,28.49,26.7890,27.9,1.612,28.94,4.10,-119,3.25,
2026-09-02T17:20:47,2,1.593,27.45,26.7950,27.9,1.613,29.07,4.10,-116,6.50,
2026-09-02T17:20:48,2,1.608,28.62,26.7950,27.9,1.611,28.87,4.10,-117,5.25,
2026-09-02T17:20:49,2,1.592,27.33,26.7910,27.9,1.609,28.74,4.12,-116,5.50,
2026-09-02T17:20:50,2,1.591,27.26,26.7990,27.9,1.611,28.87,4.10,-117,5.75,
2026-09-02T17:20:52,2,1.608,28.68,26.8040,27.9,1.610,28.81,4.10,-117,5.75,
2026-09-02T17:20:53,2,1.593,27.45,26.8260,27.9,1.613,29.07,4.10,-116,5.75,
2026-09-02T17:20:54,2,1.614,29.13,26.8300,27.9,1.613,29.07,4.09,-117,6.00,
2026-09-02T17:20:55,2,1.605,28.42,26.8340,27.9,1.611,28.87,4.10,-116,5.75,
2026-09-02T17:20:56,2,1.595,27.58,26.8330,27.9,1.609,28.74,4.10,-116,6.00,
2026-09-02T17:20:57,2,1.611,28.87,26.8330,27.9,1.612,28.94,4.10,-116,5.50,
2026-09-02T17:20:58,2,1.593,27.45,26.8370,27.9,1.610,28.81,4.11,-116,6.00,
2026-09-02T17:20:59,2,1.596,27.65,26.8420,27.9,1.606,28.49,4.10,-116,5.25,
2026-09-02T17:21:00,2,1.608,28.62,26.8330,27.9,1.610,28.81,4.10,-116,5.50,
2026-09-02T17:21:01,2,1.596,27.65,26.8400,27.9,1.610,28.81,4.10,-117,5.50,
2026-09-02T17:21:03,2,1.583,26.62,26.8460,27.9,1.612,28.94,4.10,-117,5.50,
2026-09-02T17:21:04,2,1.607,28.55,26.8420,27.9,1.611,28.87,4.10,-117,5.50,
2026-09-02T17:21:05,2,1.594,27.52,26.8340,27.9,1.612,28.94,4.10,-117,5.25,
2026-09-02T17:21:06,2,1.609,28.74,26.8320,27.9,1.609,28.74,4.10,-117,5.25,
2026-09-02T17:21:07,2,1.608,28.62,26.8220,27.9,1.608,28.68,4.10,-117,5.50,
2026-09-02T17:21:08,2,1.592,27.39,26.8300,27.9,1.611,28.87,4.10,-117,5.75,
2026-09-02T17:21:09,2,1.608,28.68,26.8290,27.9,1.610,28.81,4.10,-117,5.75,
2026-09-02T17:21:10,2,1.592,27.33,26.8270,27.9,1.611,28.87,4.12,-116,6.25,
2026-09-02T17:21:11,2,1.594,27.52,26.8250,27.9,1.612,28.94,4.10,-117,5.75,
2026-09-02T17:21:12,2,1.610,28.81,26.8170,27.9,1.612,28.94,4.10,-116,5.50,
2026-09-02T17:21:13,2,1.595,27.58,26.8090,27.9,1.612,28.94,4.10,-117,5.50,
2026-09-02T17:21:15,2,1.611,28.87,26.8130,27.9,1.611,28.87,4.08,-116,5.50,
2026-09-02T17:21:16,2,1.606,28.49,26.7930,27.9,1.610,28.81,4.10,-116,5.50,
2026-09-02T17:21:18,2,1.607,28.55,26.7860,27.9,1.609,28.74,4.10,-116,6.00,11
2026-09-02T17:21:19,2,1.592,27.39,26.7760,27.9,1.609,28.74,4.12,-117,5.50,
2026-09-02T17:21:20,2,1.592,27.33,26.7770,27.9,1.610,28.81,4.10,-115,6.25,
2026-09-02T17:21:21,2,1.607,28.55,26.7700,27.9,1.608,28.62,4.10,-116,6.00,
2026-09-02T17:21:23,2,1.610,28.81,26.7660,27.9,1.613,29.07,4.09,-116,5.50,
2026-09-02T17:21:24,2,1.606,28.49,26.7760,27.9,1.608,28.62,4.10,-117,5.25,
2026-09-02T17:21:25,2,1.588,27.07,26.7810,27.9,1.612,28.94,4.10,-116,5.75,
2026-09-02T17:21:27,2,1.608,28.68,26.7840,27.9,1.610,28.81,4.10,-117,5.50,
2026-09-02T17:21:29,2,1.595,27.58,26.7800,27.9,1.611,28.87,4.10,-120,2.50,
2026-09-02T17:21:30,2,1.604,28.29,26.7790,27.9,1.611,28.87,4.10,-119,3.00,
2026-09-02T17:21:31,2,1.587,26.94,26.7810,27.9,1.608,28.68,4.10,-120,2.00,
2026-09-02T17:21:32,2,1.613,29.00,26.7820,27.9,1.612,28.94,4.08,-120,2.50,
2026-09-02T17:21:33,2,1.607,28.55,26.7860,27.9,1.609,28.74,4.11,-119,3.50,
2026-09-02T17:21:34,2,1.595,27.58,26.7790,27.9,1.611,28.87,4.10,-119,3.75,
2026-09-02T17:21:35,2,1.608,28.62,26.7900,27.9,1.608,28.68,4.10,-119,3.00,
2026-09-02T17:21:36,2,1.592,27.33,26.7920,27.9,1.611,28.87,4.11,-119,2.75,
2026-09-02T17:21:37,2,1.594,27.52,26.7960,27.9,1.612,28.94,4.10,-120,3.00,
2026-09-02T17:21:39,2,1.607,28.55,26.7970,27.9,1.610,28.81,4.10,-120,2.50,
2026-09-02T17:21:40,2,1.593,27.45,26.8060,27.9,1.610,28.81,4.10,-120,2.00,
2026-09-02T17:21:41,2,1.608,28.68,26.8090,27.9,1.611,28.87,4.09,-119,2.50,
2026-09-02T17:21:42,2,1.606,28.49,26.8070,27.9,1.608,28.68,4.10,-120,2.25,
2026-09-02T17:21:43,2,1.592,27.39,26.8070,27.9,1.609,28.74,4.09,-120,2.50,
2026-09-02T17:21:44,2,1.613,29.00,26.8000,27.9,1.612,28.94,4.10,-121,1.75,
2026-09-02T17:21:45,2,1.608,28.62,26.7990,27.9,1.609,28.74,4.10,-120,2.75,
2026-09-02T17:21:46,2,1.593,27.45,26.7970,27.9,1.611,28.87,4.10,-119,3.00,
2026-09-02T17:21:47,2,1.607,28.55,26.8030,27.9,1.610,28.81,4.10,-119,2.75,
2026-09-02T17:21:48,2,1.594,27.52,26.8100,27.9,1.613,29.07,4.09,-117,5.75,
2026-09-02T17:21:50,2,1.592,27.39,26.7980,27.9,1.611,28.87,4.10,-118,3.75,
2026-09-02T17:21:51,2,1.607,28.55,26.7950,27.9,1.608,28.68,4.10,-118,4.75,
2026-09-02T17:21:52,2,1.596,27.65,26.7950,27.9,1.613,29.00,4.10,-118,5.00,
2026-09-02T17:21:53,2,1.607,28.55,26.7940,27.9,1.612,28.94,4.10,-117,5.25,
2026-09-02T17:21:54,2,1.608,28.62,26.7940,27.9,1.610,28.81,4.10,-117,4.75,
2026-09-02T17:21:55,2,1.592,27.39,26.7940,27.9,1.622,29.78,4.10,-117,5.00,
2026-09-02T17:21:56,2,1.608,28.68,26.7960,27.9,1.609,28.74,4.10,-118,4.75,
2026-09-02T17:21:57,2,1.595,27.58,26.7950,27.9,1.612,28.94,4.09,-117,5.25,
2026-09-02T17:21:58,2,1.595,27.58,26.7970,27.9,1.610,28.81,4.10,-118,4.75,
2026-09-02T17:21:59,2,1.607,28.55,26.8050,27.9,1.612,28.94,4.10,-117,5.00,
2026-09-02T17:22:00,2,1.592,27.39,26.8020,27.9,1.610,28.81,4.10,-118,4.50,
2026-09-02T17:22:02,2,1.610,28.81,26.8060,27.9,1.606,28.49,4.10,-120,2.50,
2026-09-02T17:22:03,2,1.606,28.49,26.8050,27.9,1.611,28.87,4.10,-119,2.75,
2026-09-02T17:22:04,2,1.594,27.52,26.8030,27.9,1.610,28.81,4.10,-120,3.00,
2026-09-02T17:22:05,2,1.607,28.55,26.8010,27.9,1.609,28.74,4.10,-119,3.00,
2026-09-02T17:22:06,2,1.595,27.58,26.7970,27.9,1.613,29.00,4.09,-119,3.00,
2026-09-02T17:22:07,2,1.593,27.45,26.7890,27.9,1.609,28.74,4.10,-120,2.75,
2026-09-02T17:22:08,2,1.608,28.68,26.7920,27.9,1.610,28.81,4.10,-119,2.50,
2026-09-02T17:22:09,2,1.595,27.58,26.7990,27.9,1.618,29.45,4.10,-119,3.25,
2026-09-02T17:22:10,2,1.608,28.68,26.7990,27.9,1.609,28.74,4.09,-119,3.25,
2026-09-02T17:22:11,2,1.606,28.49,26.8010,27.9,1.622,29.78,4.10,-119,3.50,
2026-09-02T17:22:12,2,1.592,27.39,26.7950,27.9,1.610,28.81,4.10,-119,3.25,
2026-09-02T17:22:15,2,1.591,27.26,26.7940,27.9,1.610,28.81,4.11,-119,3.00,
2026-09-02T17:22:16,2,1.593,27.45,26.8000,27.9,1.612,28.94,4.10,-119,2.75,
2026-09-02T17:22:17,2,1.607,28.55,26.8040,27.9,1.610,28.81,4.10,-119,3.00,
2026-09-02T17:22:18,2,1.595,27.58,26.8010,27.9,1.610,28.81,4.10,-120,2.50,
2026-09-02T17:22:20,2,1.606,28.49,26.8070,27.9,1.609,28.74,4.10,-120,2.50,
2026-09-02T17:22:21,2,1.595,27.58,26.7980,27.9,1.608,28.68,4.10,-118,3.50,
2026-09-02T17:22:22,2,1.609,28.74,26.7980,27.9,1.610,28.81,4.10,-119,3.00,
2026-09-02T17:22:23,2,1.591,27.26,26.8090,27.9,1.609,28.74,4.11,-120,3.00,
2026-09-02T17:22:26,2,1.601,28.10,26.8160,27.9,1.608,28.68,4.10,-120,3.00,
2026-09-02T17:22:27,2,1.595,27.58,26.8220,27.9,1.611,28.87,4.10,-119,2.75,
2026-09-02T17:22:28,2,1.612,28.94,26.8100,27.9,1.613,29.00,4.08,-120,2.75,
2026-09-02T17:22:29,2,1.608,28.62,26.8150,27.9,1.610,28.81,4.10,-119,3.00,
2026-09-02T17:22:30,2,1.594,27.52,26.8150,27.9,1.614,29.13,4.10,-119,3.25,
2026-09-02T17:22:31,2,1.610,28.81,26.8100,27.9,1.608,28.68,4.10,-119,3.00,
2026-09-02T17:22:32,2,1.596,27.65,26.8110,27.9,1.604,28.36,4.11,-119,3.00,
2026-09-02T17:22:33,2,1.604,28.36,26.8090,27.9,1.611,28.87,4.10,-119,3.25,
2026-09-02T17:22:34,2,1.604,28.36,26.8050,27.9,1.612,28.94,4.10,-119,3.25,
2026-09-02T17:22:35,2,1.594,27.52,26.8080,27.9,1.613,29.07,4.10,-119,3.50,
2026-09-02T17:22:37,2,1.592,27.39,26.8020,27.9,1.611,28.87,4.10,-119,3.50,
2026-09-02T17:22:38,2,1.606,28.49,26.7940,27.9,1.608,28.68,4.10,-119,3.25,
2026-09-02T17:22:39,2,1.592,27.39,26.7890,27.9,1.613,29.00,4.10,-119,3.75,
2026-09-02T17:22:40,2,1.611,28.87,26.7860,27.9,1.610,28.81,4.09,-118,3.50,
2026-09-02T17:22:41,2,1.605,28.42,26.7900,27.9,1.610,28.81,4.10,-119,3.50,
2026-09-02T17:22:42,2,1.594,27.52,26.7910,27.9,1.610,28.81,4.10,-119,3.50,
2026-09-02T17:22:43,2,1.607,28.55,26.7910,27.9,1.610,28.81,4.08,-118,3.50,
2026-09-02T17:22:44,2,1.594,27.52,26.7890,27.9,1.610,28.81,4.10,-119,3.75,
2026-09-02T17:22:45,2,1.596,27.65,26.7860,27.9,1.610,28.81,4.10,-119,3.50,
2026-09-02T17:22:46,2,1.606,28.49,26.7840,27.9,1.610,28.81,4.10,-119,3.25,
2026-09-02T17:22:47,2,1.595,27.58,26.7850,27.9,1.612,28.94,4.10,-119,3.00,
2026-09-02T17:22:49,2,1.609,28.74,26.7860,27.9,1.609,28.74,4.10,-119,3.25,
2026-09-02T17:22:50,2,1.608,28.62,26.7850,27.9,1.612,28.94,4.10,-119,3.25,
2026-09-02T17:22:51,2,1.596,27.65,26.7880,27.9,1.613,29.00,4.10,-118,4.25,11
2026-09-02T17:22:52,2,1.607,28.55,26.8010,27.9,1.612,28.94,4.10,-119,3.50,
2026-09-02T17:22:53,2,1.591,27.26,26.8030,27.9,1.610,28.81,4.10,-116,5.50,
2026-09-02T17:22:54,2,1.595,27.58,26.8070,27.9,1.609,28.74,4.10,-120,1.50,
2026-09-02T17:22:55,2,1.607,28.55,26.8050,27.9,1.610,28.81,4.10,-118,4.00,
2026-09-02T17:22:56,2,1.593,27.45,26.8020,27.9,1.609,28.74,4.09,-115,5.75,
2026-09-02T17:22:57,2,1.613,29.07,26.8080,27.9,1.609,28.74,4.08,-116,6.25,
2026-09-02T17:22:58,2,1.608,28.62,26.8060,27.9,1.608,28.68,4.10,-116,5.50,
2026-09-02T17:22:59,2,1.593,27.45,26.8080,27.9,1.613,29.00,4.10,-117,6.00,
2026-09-02T17:23:01,2,1.607,28.55,26.8140,27.9,1.605,28.42,4.10,-116,5.75,
2026-09-02T17:23:02,2,1.596,27.71,26.8300,27.9,1.614,29.13,4.11,-117,6.00,
2026-09-02T17:23:03,2,1.592,27.39,26.8360,27.9,1.610,28.81,4.10,-116,6.25,
2026-09-02T17:23:04,2,1.608,28.62,26.8400,27.9,1.610,28.81,4.10,-116,5.75,
2026-09-02T17:23:05,2,1.595,27.58,26.8490,27.9,1.611,28.87,4.10,-116,6.00,
2026-09-02T17:23:06,2,1.612,28.94,26.8530,27.9,1.611,28.87,4.08,-116,5.50,
2026-09-02T17:23:07,2,1.604,28.36,26.8580,27.9,1.610,28.81,4.10,-116,5.75,
2026-09-02T17:23:08,2,1.595,27.58,26.8610,27.9,1.622,29.78,4.10,-116,6.00,
2026-09-02T17:23:09,2,1.610,28.81,26.8590,27.9,1.610,28.81,4.10,-116,5.75,
2026-09-02T17:23:11,2,1.597,27.78,26.8710,27.9,1.626,30.10,4.10,-116,5.75,12
2026-09-02T17:23:13,2,1.608,28.68,26.8670,27.9,1.610,28.81,4.10,-115,6.00,
2026-09-02T17:23:14,2,1.592,27.39,26.8740,27.9,1.613,29.07,4.09,-117,5.00,
2026-09-02T17:23:15,2,1.615,29.20,26.8730,27.9,1.612,28.94,4.08,-118,4.75,
2026-09-02T17:23:17,2,1.594,27.52,26.8840,27.9,1.613,29.00,4.10,-118,4.25,
2026-09-02T17:23:18,2,1.610,28.81,26.8940,27.9,1.608,28.68,4.10,-116,5.25,
2026-09-02T17:23:19,2,1.599,27.91,26.8870,27.9,1.613,29.07,4.11,-117,5.25,
2026-09-02T17:23:20,2,1.593,27.45,26.8830,27.9,1.609,28.74,4.10,-117,5.50,
2026-09-02T17:23:22,2,1.595,27.58,26.8730,27.9,1.611,28.87,4.09,-116,5.50,
2026-09-02T17:23:23,2,1.592,27.39,26.8630,27.9,1.611,28.87,4.10,-117,5.50,
2026-09-02T17:23:25,2,1.608,28.68,26.8540,27.9,1.610,28.81,4.10,-117,4.75,
2026-09-02T17:23:26,2,1.593,27.45,26.8450,27.9,1.611,28.87,4.10,-117,5.50,
2026-09-02T17:23:27,2,1.623,29.84,26.8420,27.9,1.611,28.87,4.10,-117,5.25,
2026-09-02T17:23:28,2,1.608,28.62,26.8480,27.9,1.609,28.74,4.10,-117,6.50,
2026-09-02T17:23:29,2,1.595,27.58,26.8430,27.9,1.612,28.94,4.10,-117,5.25,
2026-09-02T17:23:30,2,1.608,28.68,26.8440,27.9,1.610,28.81,4.10,-117,5.25,
2026-09-02T17:23:31,2,1.596,27.65,26.8380,27.9,1.612,28.94,4.09,-117,5.00,
2026-09-02T17:23:32,2,1.596,27.65,26.8320,27.9,1.609,28.74,4.10,-118,4.75,
2026-09-02T17:23:33,2,1.607,28.55,26.8300,27.9,1.603,28.23,4.10,-117,4.75,
2026-09-02T17:23:34,2,1.592,27.39,26.8270,27.9,1.613,29.00,4.10,-118,5.00,
2026-09-02T17:23:36,2,1.610,28.81,26.8260,27.9,1.610,28.81,4.09,-117,5.50,
2026-09-02T17:23:37,2,1.606,28.49,26.8210,27.9,1.612,28.94,4.10,-118,4.50,
2026-09-02T17:23:38,2,1.593,27.45,26.8220,27.9,1.611,28.87,4.10,-117,5.50,
2026-09-02T17:23:39,2,1.607,28.55,26.8280,27.9,1.610,28.81,4.10,-119,3.25,
2026-09-02T17:23:40,2,1.595,27.58,26.8300,27.9,1.613,29.00,4.10,-118,3.50,
2026-09-02T17:23:41,2,1.595,27.58,26.8280,27.9,1.624,29.90,4.10,-116,5.50,
2026-09-02T17:23:42,2,1.608,28.68,26.8270,27.9,1.611,28.87,4.10,-117,5.25,
2026-09-02T17:23:43,2,1.595,27.58,26.8340,27.9,1.611,28.87,4.10,-117,5.50,
2026-09-02T17:23:44,2,1.609,28.74,26.8430,27.9,1.602,28.16,4.10,-117,5.00,
2026-09-02T17:23:45,2,1.607,28.55,26.8380,27.9,1.612,28.94,4.10,-117,5.25,
2026-09-02T17:23:46,2,1.595,27.58,26.8370,27.9,1.611,28.87,4.10,-118,5.00,
2026-09-02T17:23:48,2,1.607,28.55,26.8380,27.9,1.609,28.74,4.10,-117,5.25,
2026-09-02T17:23:49,2,1.595,27.58,26.8370,27.9,1.614,29.13,4.10,-117,5.25,12
2026-09-02T17:23:50,2,1.595,27.58,26.8470,27.9,1.612,28.94,4.10,-118,4.25,
2026-09-02T17:23:51,2,1.607,28.55,26.8480,27.9,1.611,28.87,4.09,-118,4.50,
2026-09-02T17:23:52,2,1.595,27.58,26.8580,27.9,1.614,29.13,4.10,-117,5.00,
2026-09-02T17:23:53,2,1.611,28.87,26.8550,27.9,1.612,28.94,4.10,-117,5.50,
2026-09-02T17:23:54,2,1.608,28.62,26.8570,27.9,1.611,28.87,4.10,-116,6.00,
2026-09-02T17:23:55,2,1.596,27.65,26.8610,27.9,1.617,29.32,4.10,-117,5.50,
2026-09-02T17:23:56,2,1.609,28.74,26.8700,27.9,1.610,28.81,4.10,-116,5.75,
2026-09-02T17:23:57,2,1.594,27.52,26.8650,27.9,1.612,28.94,4.09,-116,5.75,
2026-09-02T17:23:58,2,1.593,27.45,26.8620,27.9,1.614,29.13,4.10,-116,6.00,
2026-09-02T17:24:00,2,1.608,28.62,26.8600,27.9,1.608,28.68,4.10,-117,5.25,
2026-09-02T17:24:01,2,1.601,28.10,26.8560,27.9,1.613,29.00,4.10,-117,5.50,
2026-09-02T17:24:02,2,1.614,29.13,26.8600,27.9,1.612,28.94,4.09,-116,5.50,
2026-09-02T17:24:03,2,1.608,28.62,26.8600,27.9,1.610,28.81,4.10,-117,5.75,
2026-09-02T17:24:04,2,1.596,27.71,26.8600,27.9,1.610,28.81,4.10,-117,5.75,
2026-09-02T17:24:05,2,1.608,28.68,26.8610,27.9,1.610,28.81,4.09,-116,5.50,
2026-09-02T17:24:06,2,1.592,27.33,26.8680,27.9,1.613,29.00,4.09,-117,5.50,
2026-09-02T17:24:08,2,1.607,28.55,26.8650,27.9,1.606,28.49,4.10,-116,5.75,
2026-09-02T17:24:09,2,1.595,27.58,26.8650,27.9,1.609,28.74,4.10,-116,5.25,
2026-09-02T17:24:11,2,1.594,27.52,26.8520,27.9,1.609,28.74,4.11,-117,5.75,
2026-09-02T17:24:12,2,1.607,28.55,26.8470,27.9,1.609,28.74,4.10,-116,5.75,
2026-09-02T17:24:14,2,1.609,28.74,26.8480,27.9,1.610,28.81,4.09,-116,5.75,
2026-09-02T17:24:15,2,1.608,28.62,26.8480,27.9,1.613,29.07,4.08,-116,6.00,
2026-09-02T17:24:16,2,1.593,27.45,26.8440,27.9,1.612,28.94,4.10,-117,5.75,
2026-09-02T17:24:17,2,1.608,28.68,26.8470,27.9,1.610,28.81,4.10,-116,5.50,
2026-09-02T17:24:19,2,1.592,27.39,26.8470,27.9,1.608,28.68,4.11,-116,5.75,
2026-09-02T17:24:20,2,1.607,28.55,26.8510,27.9,1.612,28.94,4.10,-116,5.75,
2026-09-02T17:24:21,2,1.594,27.52,26.8560,27.9,1.611,28.87,4.10,-116,5.75,
2026-09-02T17:24:23,2,1.610,28.81,26.8430,27.9,1.613,29.07,4.10,-117,5.75,
2026-09-02T17:24:25,2,1.594,27.52,26.8330,27.9,1.611,28.87,4.10,-117,5.00,
2026-09-02T17:24:26,2,1.608,28.62,26.8340,27.9,1.612,28.94,4.10,-115,6.50,
2026-09-02T17:24:27,2,1.595,27.58,26.8370,27.9,1.612,28.94,4.10,-115,6.50,
2026-09-02T17:24:28,2,1.592,27.39,26.8480,27.9,1.604,28.36,4.11,-116,6.00,
2026-09-02T17:24:29,2,1.609,28.74,26.8540,27.9,1.613,29.00,4.10,-117,5.25,
2026-09-02T17:24:30,2,1.594,27.52,26.8590,27.9,1.610,28.81,4.10,-116,5.50,
2026-09-02T17:24:31,2,1.610,28.81,26.8610,27.9,1.609,28.74,4.09,-116,5.75,
2026-09-02T17:24:32,2,1.607,28.55,26.8610,27.9,1.611,28.87,4.10,-117,5.25,
2026-09-02T17:24:33,2,1.592,27.39,26.8470,27.9,1.610,28.81,4.10,-117,5.25,
2026-09-02T17:24:35,2,1.608,28.62,26.8460,27.9,1.610,28.81,4.10,-117,5.25,
2026-09-02T17:24:36,2,1.593,27.45,26.8470,27.9,1.609,28.74,4.10,-117,5.75,
2026-09-02T17:24:37,2,1.596,27.65,26.8450,27.9,1.612,28.94,4.10,-116,5.75,
2026-09-02T17:24:38,2,1.606,28.49,26.8440,27.9,1.610,28.81,4.10,-117,5.50,
2026-09-02T17:24:39,2,1.592,27.33,26.8410,27.9,1.611,28.87,4.10,-116,6.00,
2026-09-02T17:24:40,2,1.607,28.55,26.8360,27.9,1.609,28.74,4.09,-116,5.25,
2026-09-02T17:24:41,2,1.607,28.55,26.8340,27.9,1.610,28.81,4.10,-116,5.75,
2026-09-02T17:24:42,2,1.592,27.39,26.8420,27.9,1.611,28.87,4.10,-117,5.75,
2026-09-02T17:24:43,2,1.610,28.81,26.8480,27.9,1.610,28.81,4.09,-117,5.25,
2026-09-02T17:24:44,2,1.594,27.52,26.8530,27.9,1.612,28.94,4.10,-116,5.50,
2026-09-02T17:24:45,2,1.594,27.52,26.8570,27.9,1.611,28.87,4.10,-115,6.50,
2026-09-02T17:24:47,2,1.607,28.55,26.8530,27.9,1.611,28.87,4.10,-116,5.75,
2026-09-02T17:24:48,2,1.593,27.45,26.8480,27.9,1.611,28.87,4.10,-116,5.75,
2026-09-02T17:24:49,2,1.612,28.94,26.8470,27.9,1.609,28.74,4.10,-116,6.25,
2026-09-02T17:24:50,2,1.606,28.49,26.8460,27.9,1.610,28.81,4.10,-116,5.50,
2026-09-02T17:24:51,2,1.596,27.65,26.8490,27.9,1.608,28.62,4.10,-116,5.50,
2026-09-02T17:24:52,2,1.608,28.68,26.8430,27.9,1.618,29.45,4.10,-116,5.75,
2026-09-02T17:24:53,2,1.592,27.39,26.8420,27.9,1.612,28.94,4.10,-116,5.75,
2026-09-02T17:24:54,2,1.592,27.39,26.8460,27.9,1.609,28.74,4.10,-116,5.75,
2026-09-02T17:24:55,2,1.606,28.49,26.8460,27.9,1.608,28.62,4.10,-116,5.50,
2026-09-02T17:24:56,2,1.592,27.33,26.8460,27.9,1.611,28.87,4.10,-116,5.75,
2026-09-02T17:24:57,2,1.613,29.07,26.8510,27.9,1.609,28.74,4.10,-116,5.75,
2026-09-02T17:24:59,2,1.607,28.55,26.8490,27.9,1.611,28.87,4.10,-116,5.75,
2026-09-02T17:25:00,2,1.594,27.52,26.8570,27.9,1.612,28.94,4.10,-116,5.50,
2026-09-02T17:25:01,2,1.608,28.62,26.8500,27.9,1.613,29.00,4.10,-116,5.50,
2026-09-02T17:25:02,2,1.592,27.33,26.8500,27.9,1.612,28.94,4.10,-116,5.50,
2026-09-02T17:25:03,2,1.593,27.45,26.8450,27.9,1.604,28.29,4.10,-116,5.50,
2026-09-02T17:25:05,2,1.600,28.04,26.8450,27.9,1.611,28.87,4.09,-116,5.75,
2026-09-02T17:25:06,2,1.609,28.74,26.8450,27.9,1.609,28.74,4.10,-116,6.25,
2026-09-02T17:25:07,2,1.612,28.94,26.8360,27.9,1.610,28.81,4.10,-116,5.75,
2026-09-02T17:25:08,2,1.594,27.52,26.8360,27.9,1.613,29.07,4.10,-116,6.00,
2026-09-02T17:25:11,2,1.605,28.42,26.8370,27.9,1.613,29.00,4.08,-116,6.00,
2026-09-02T17:25:12,2,1.592,27.39,26.8450,27.9,1.613,29.00,4.09,-117,5.00,
2026-09-02T17:25:13,2,1.607,28.55,26.8490,27.9,1.609,28.74,4.10,-117,4.75,
2026-09-02T17:25:14,2,1.594,27.52,26.8430,27.9,1.608,28.68,4.09,-116,5.25,
2026-09-02T17:25:16,2,1.607,28.55,26.8510,27.9,1.609,28.74,4.10,-117,5.25,
2026-09-02T17:25:17,2,1.595,27.58,26.8400,27.9,1.612,28.94,4.10,-116,5.75,
2026-09-02T17:25:18,2,1.608,28.68,26.8440,27.9,1.610,28.81,4.10,-117,5.50,
2026-09-02T17:25:19,2,1.607,28.55,26.8440,27.9,1.613,29.00,4.08,-117,5.25,
2026-09-02T17:25:22,2,1.608,28.68,26.8430,27.9,1.608,28.62,4.10,-117,5.25,
2026-09-02T17:25:23,2,1.592,27.39,26.8450,27.9,1.613,29.00,4.10,-117,5.25,
2026-09-02T17:25:24,2,1.585,26.81,26.8430,27.9,1.608,28.68,4.11,-117,5.50,
2026-09-02T17:25:25,2,1.610,28.81,26.8400,27.9,1.610,28.81,4.09,-116,5.50,
2026-09-02T17:25:26,2,1.594,27.52,26.8370,27.9,1.610,28.81,4.10,-117,5.50,
2026-09-02T17:25:27,2,1.612,28.94,26.8390,27.9,1.611,28.87,4.09,-116,5.00,
2026-09-02T17:25:28,2,1.608,28.62,26.8380,27.9,1.615,29.20,4.08,-117,5.50,
2026-09-02T17:25:29,2,1.595,27.58,26.8380,27.9,1.613,29.00,4.10,-117,5.25,
2026-09-02T17:25:30,2,1.610,28.81,26.8340,27.9,1.608,28.68,4.09,-117,5.50,
2026-09-02T17:25:31,2,1.595,27.58,26.8320,27.9,1.613,29.00,4.10,-117,5.00,
2026-09-02T17:25:32,2,1.584,26.68,26.8310,27.9,1.608,28.68,4.10,-117,5.50,
2026-09-02T17:25:34,2,1.607,28.55,26.8320,27.9,1.608,28.68,4.10,-117,5.25,
2026-09-02T17:25:35,2,1.592,27.33,26.8260,27.9,1.613,29.00,4.10,-117,5.50,
2026-09-02T17:25:36,2,1.613,29.00,26.8240,27.9,1.610,28.81,4.10,-117,5.25,
2026-09-02T17:25:37,2,1.606,28.49,26.8260,27.9,1.610,28.81,4.10,-117,5.25,
2026-09-02T17:25:38,2,1.600,27.97,26.8240,27.9,1.611,28.87,4.10,-115,6.50,
2026-09-02T17:25:39,2,1.609,28.74,26.8190,27.9,1.611,28.87,4.10,-115,6.50,
2026-09-02T17:25:40,2,1.597,27.78,26.8190,27.9,1.610,28.81,4.09,-114,6.75,
2026-09-02T17:25:41,2,1.592,27.39,26.8170,27.9,1.608,28.68,4.10,-115,6.75,
2026-09-02T17:25:42,2,1.607,28.55,26.8170,27.9,1.611,28.87,4.09,-115,6.75,
2026-09-02T17:25:43,2,1.595,27.58,26.8120,27.9,1.612,28.94,4.10,-116,6.25,
2026-09-02T17:25:44,2,1.610,28.81,26.8040,27.9,1.611,28.87,4.09,-115,6.00,
2026-09-02T17:25:46,2,1.606,28.49,26.8090,27.9,1.610,28.81,4.10,-115,6.25,
2026-09-02T17:25:47,2,1.594,27.52,26.8110,27.9,1.611,28.87,4.10,-116,6.25,
2026-09-02T17:25:48,2,1.610,28.81,26.8130,27.9,1.613,29.00,4.10,-116,5.75,
2026-09-02T17:25:49,2,1.595,27.58,26.8140,27.9,1.610,28.81,4.10,-117,5.50,
2026-09-02T17:25:50,2,1.593,27.45,26.8170,27.9,1.611,28.87,4.09,-116,6.00,
2026-09-02T17:25:51,2,1.607,28.55,26.8180,27.9,1.609,28.74,4.09,-116,5.25,
2026-09-02T17:25:52,2,1.594,27.52,26.8170,27.9,1.613,29.00,4.10,-116,5.75,
2026-09-02T17:25:53,2,1.614,29.13,26.8160,27.9,1.609,28.74,4.09,-117,5.50,
2026-09-02T17:25:54,2,1.605,28.42,26.8190,27.9,1.610,28.81,4.10,-116,6.00,
2026-09-02T17:25:55,2,1.595,27.58,26.8160,27.9,1.616,29.26,4.10,-117,5.50,
2026-09-02T17:25:57,2,1.608,28.68,26.8120,27.9,1.611,28.87,4.10,-116,6.25,
2026-09-02T17:25:58,2,1.595,27.58,26.8110,27.9,1.613,29.00,4.10,-117,5.75,
2026-09-02T17:25:59,2,1.591,27.26,26.8100,27.9,1.612,28.94,4.10,-116,5.75,
2026-09-02T17:26:00,2,1.617,29.32,26.8150,27.9,1.609,28.74,4.10,-116,5.50,
2026-09-02T17:26:01,2,1.593,27.45,26.8220,27.9,1.611,28.87,4.11,-112,3.25,
2026-09-02T17:26:02,2,1.612,28.94,26.8110,27.9,1.611,28.87,4.09,-116,5.75,
2026-09-02T17:26:03,2,1.608,28.62,26.8220,27.9,1.609,28.74,4.10,-116,6.00,
2026-09-02T17:26:04,2,1.595,27.58,26.8270,27.9,1.613,29.07,4.10,-117,6.00,
2026-09-02T17:26:05,2,1.606,28.49,26.8250,27.9,1.608,28.68,4.10,-116,5.50,
2026-09-02T17:26:07,2,1.595,27.58,26.8280,27.9,1.611,28.87,4.10,-117,5.75,
2026-09-02T17:26:09,2,1.608,28.62,26.8250,27.9,1.611,28.87,4.10,-116,5.75,
2026-09-02T17:26:10,2,1.597,27.78,26.8240,27.9,1.612,28.94,4.10,-117,5.50,
2026-09-02T17:26:11,2,1.595,27.58,26.8260,27.9,1.609,28.74,4.11,-116,6.50,
2026-09-02T17:26:13,2,1.593,27.45,26.8150,27.9,1.610,28.81,4.10,-116,6.25,
2026-09-02T17:26:14,2,1.610,28.81,26.8160,27.9,1.613,29.00,4.09,-118,3.25,
2026-09-02T17:26:15,2,1.607,28.55,26.8210,27.9,1.612,28.94,4.08,-121,1.00,
2026-09-02T17:26:16,2,1.596,27.71,26.8220,27.9,1.613,29.00,4.10,-120,1.75,
2026-09-02T17:26:18,2,1.595,27.58,26.8220,27.9,1.616,29.26,4.10,-115,6.25,
2026-09-02T17:26:19,2,1.595,27.58,26.8220,27.9,1.610,28.81,4.11,-116,6.25,
2026-09-02T17:26:21,2,1.608,28.62,26.8210,27.9,1.611,28.87,4.10,-119,3.50,
2026-09-02T17:26:22,2,1.592,27.39,26.8250,27.9,1.610,28.81,4.10,-118,3.75,
2026-09-02T17:26:23,2,1.609,28.74,26.8230,27.9,1.611,28.87,4.09,-117,4.50,
2026-09-02T17:26:24,2,1.608,28.62,26.8320,27.9,1.613,29.00,4.08,-117,4.75,
2026-09-02T17:26:25,2,1.595,27.58,26.8320,27.9,1.609,28.74,4.10,-118,4.75,
2026-09-02T17:26:26,2,1.609,28.74,26.8300,27.9,1.611,28.87,4.10,-117,4.75,
2026-09-02T17:26:27,2,1.596,27.65,26.8320,27.9,1.613,29.00,4.10,-119,3.25,
2026-09-02T17:26:28,2,1.593,27.45,26.8310,27.9,1.609,28.74,4.11,-117,5.25,
2026-09-02T17:26:29,2,1.608,28.62,26.8280,27.9,1.609,28.74,4.10,-117,5.75,
2026-09-02T17:26:30,2,1.594,27.52,26.8260,27.9,1.612,28.94,4.10,-117,5.50,
2026-09-02T17:26:31,2,1.610,28.81,26.8180,27.9,1.610,28.81,4.10,-117,5.25,13
2026-09-02T17:26:33,2,1.608,28.62,26.8190,27.9,1.614,29.13,4.08,-115,5.75,
2026-09-02T17:26:34,2,1.594,27.52,26.8240,27.9,1.612,28.94,4.10,-118,4.75,
2026-09-02T17:26:35,2,1.608,28.68,26.8270,27.9,1.610,28.81,4.10,-118,4.75,
2026-09-02T17:26:36,2,1.596,27.71,26.8260,27.9,1.613,29.07,4.10,-118,4.75,
2026-09-02T17:26:37,2,1.593,27.45,26.8340,27.9,1.609,28.74,4.10,-116,6.00,
2026-09-02T17:26:38,2,1.609,28.74,26.8300,27.9,1.614,29.13,4.10,-116,5.50,
2026-09-02T17:26:39,2,1.592,27.33,26.8290,27.9,1.612,28.94,4.10,-117,5.00,
2026-09-02T17:26:40,2,1.613,29.00,26.8290,27.9,1.611,28.87,4.09,-117,4.25,
2026-09-02T17:26:41,2,1.607,28.55,26.8310,27.9,1.612,28.94,4.10,-117,5.25,
2026-09-02T17:26:42,2,1.594,27.52,26.8390,27.9,1.612,28.94,4.10,-117,5.50,
2026-09-02T17:26:44,2,1.612,28.94,26.8380,27.9,1.611,28.87,4.10,-117,5.50,
2026-09-02T17:26:45,2,1.596,27.65,26.8280,27.9,1.612,28.94,4.09,-117,5.25,
2026-09-02T17:26:46,2,1.593,27.45,26.8230,27.9,1.614,29.13,4.10,-117,5.75,
2026-09-02T17:26:47,2,1.607,28.55,26.8270,27.9,1.610,28.81,4.10,-117,5.25,
2026-09-02T17:26:48,2,1.593,27.45,26.8270,27.9,1.614,29.13,4.10,-117,5.25,
2026-09-02T17:26:49,2,1.611,28.87,26.8270,27.9,1.613,29.00,4.09,-117,5.00,
2026-09-02T17:26:50,2,1.606,28.49,26.8230,27.9,1.609,28.74,4.10,-117,5.50,
2026-09-02T17:26:51,2,1.592,27.33,26.8290,27.9,1.611,28.87,4.10,-117,5.75,
2026-09-02T17:26:52,2,1.608,28.68,26.8280,27.9,1.609,28.74,4.10,-117,5.50,
2026-09-02T17:26:53,2,1.595,27.58,26.8290,27.9,1.611,28.87,4.09,-117,5.25,
2026-09-02T17:26:54,2,1.592,27.33,26.8330,27.9,1.612,28.94,4.10,-117,5.25,
2026-09-02T17:26:56,2,1.607,28.55,26.8300,27.9,1.610,28.81,4.10,-117,5.50,
2026-09-02T17:26:57,2,1.597,27.78,26.8290,27.9,1.612,28.94,4.10,-117,5.75,
2026-09-02T17:26:58,2,1.613,29.07,26.8280,27.9,1.613,29.00,4.09,-117,5.25,
2026-09-02T17:26:59,2,1.606,28.49,26.8310,27.9,1.613,29.07,4.10,-116,5.50,
2026-09-02T17:27:00,2,1.593,27.45,26.8320,27.9,1.612,28.94,4.09,-117,5.25,
2026-09-02T17:27:01,2,1.610,28.81,26.8260,27.9,1.608,28.68,4.10,-117,5.25,
2026-09-02T17:27:02,2,1.596,27.65,26.8200,27.9,1.614,29.13,4.09,-117,5.25,
2026-09-02T17:27:04,2,1.609,28.74,26.8120,27.9,1.609,28.74,4.10,-117,5.75,
2026-09-02T17:27:05,2,1.595,27.58,26.8160,27.9,1.612,28.94,4.09,-117,5.00,
2026-09-02T17:27:06,2,1.594,27.52,26.8200,27.9,1.611,28.87,4.11,-117,5.25,
2026-09-02T17:27:08,2,1.607,28.55,26.8100,27.9,1.612,28.94,4.09,-117,5.25,
2026-09-02T17:27:10,2,1.610,28.81,26.8110,27.9,1.608,28.68,4.09,-117,5.00,
2026-09-02T17:27:11,2,1.608,28.62,26.8140,27.9,1.613,29.07,4.08,-117,5.00,
2026-09-02T17:27:12,2,1.592,27.39,26.8150,27.9,1.612,28.94,4.10,-117,5.25,
2026-09-02T17:27:13,2,1.606,28.49,26.8180,27.9,1.611,28.87,4.09,-117,5.25,
2026-09-02T17:27:15,2,1.592,27.39,26.8100,27.9,1.611,28.87,4.11,-117,5.25,
2026-09-02T17:27:16,2,1.608,28.62,26.8140,27.9,1.612,28.94,4.10,-117,5.25,
2026-09-02T17:27:17,2,1.594,27.52,26.8160,27.9,1.613,29.07,4.10,-116,5.25,
2026-09-02T17:27:18,2,1.611,28.87,26.8250,27.9,1.611,28.87,4.10,-116,5.50,
2026-09-02T17:27:20,2,1.607,28.55,26.8240,27.9,1.613,29.07,4.08,-117,5.25,
2026-09-02T17:27:21,2,1.597,27.78,26.8270,27.9,1.611,28.87,4.10,-117,5.75,
2026-09-02T17:27:22,2,1.608,28.68,26.8200,27.9,1.622,29.78,4.10,-116,5.50,
2026-09-02T17:27:23,2,1.593,27.45,26.8150,27.9,1.610,28.81,4.10,-116,5.75,
2026-09-02T17:27:24,2,1.592,27.39,26.8250,27.9,1.613,29.07,4.11,-117,5.75,
2026-09-02T17:27:25,2,1.610,28.81,26.8180,27.9,1.611,28.87,4.10,-117,5.50,
2026-09-02T17:27:26,2,1.592,27.39,26.8200,27.9,1.610,28.81,4.10,-117,5.50,
2026-09-02T17:27:27,2,1.609,28.74,26.8240,27.9,1.613,29.00,4.09,-116,5.50,
2026-09-02T17:27:28,2,1.608,28.68,26.8340,27.9,1.613,29.07,4.08,-116,5.75,
2026-09-02T17:27:29,2,1.594,27.52,26.8310,27.9,1.612,28.94,4.10,-117,5.50,
2026-09-02T17:27:31,2,1.599,27.91,26.8360,27.9,1.610,28.81,4.10,-116,5.50,
2026-09-02T17:27:32,2,1.595,27.58,26.8380,27.9,1.611,28.87,4.10,-117,5.50,
2026-09-02T17:27:33,2,1.594,27.52,26.8430,27.9,1.609,28.74,4.11,-117,5.50,
2026-09-02T17:27:34,2,1.605,28.42,26.8470,27.9,1.605,28.42,4.10,-116,5.50,
2026-09-02T17:27:35,2,1.594,27.52,26.8480,27.9,1.613,29.00,4.10,-117,5.50,
2026-09-02T17:27:36,2,1.608,28.68,26.8430,27.9,1.613,29.07,4.09,-117,5.25,
2026-09-02T17:27:37,2,1.608,28.68,26.8370,27.9,1.613,29.07,4.08,-117,5.25,
2026-09-02T17:27:38,2,1.592,27.39,26.8360,27.9,1.610,28.81,4.10,-117,5.25,
2026-09-02T17:27:39,2,1.610,28.81,26.8330,27.9,1.614,29.13,4.10,-117,5.25,
2026-09-02T17:27:40,2,1.593,27.45,26.8350,27.9,1.614,29.13,4.10,-118,5.50,
2026-09-02T17:27:41,2,1.592,27.39,26.8290,27.9,1.607,28.55,4.10,-117,5.75,
2026-09-02T17:27:43,2,1.608,28.68,26.8280,27.9,1.610,28.81,4.10,-117,5.75,
2026-09-02T17:27:44,2,1.588,27.07,26.8330,27.9,1.612,28.94,4.10,-117,5.25,
2026-09-02T17:27:45,2,1.611,28.87,26.8390,27.9,1.613,29.00,4.09,-117,5.25,
2026-09-02T17:27:46,2,1.602,28.16,26.8410,27.9,1.610,28.81,4.10,-116,5.25,
2026-09-02T17:27:47,2,1.594,27.52,26.8390,27.9,1.611,28.87,4.10,-117,5.50,
2026-09-02T17:27:48,2,1.610,28.81,26.8390,27.9,1.613,29.00,4.09,-117,5.50,
2026-09-02T17:27:49,2,1.594,27.52,26.8420,27.9,1.611,28.87,4.09,-116,5.50,
2026-09-02T17:27:50,2,1.592,27.33,26.8300,27.9,1.610,28.81,4.10,-117,5.50,
2026-09-02T17:27:51,2,1.606,28.49,26.8170,27.9,1.610,28.81,4.10,-116,5.25,
2026-09-02T17:27:52,2,1.593,27.45,26.8130,27.9,1.611,28.87,4.10,-116,5.75,
2026-09-02T17:27:53,2,1.612,28.94,26.8090,27.9,1.611,28.87,4.09,-116,5.50,
2026-09-02T17:27:55,2,1.604,28.36,26.8090,27.9,1.608,28.68,4.10,-117,5.25,
2026-09-02T17:27:56,2,1.593,27.45,26.7990,27.9,1.612,28.94,4.10,-117,5.25,
2026-09-02T17:27:57,2,1.608,28.62,26.8040,27.9,1.608,28.62,4.09,-117,5.00,
2026-09-02T17:27:58,2,1.592,27.39,26.7950,27.9,1.613,29.00,4.09,-117,5.50,
2026-09-02T17:27:59,2,1.606,28.49,26.8060,27.9,1.610,28.81,4.10,-117,5.25,
2026-09-02T17:28:01,2,1.592,27.33,26.8140,27.9,1.606,28.49,4.10,-117,5.25,
2026-09-02T17:28:02,2,1.610,28.81,26.8260,27.9,1.610,28.81,4.10,-117,5.25,
2026-09-02T17:28:03,2,1.608,28.68,26.8160,27.9,1.611,28.87,4.10,-117,5.50,
2026-09-02T17:28:04,2,1.592,27.33,26.8170,27.9,1.611,28.87,4.10,-117,5.25,
2026-09-02T17:28:07,2,1.592,27.39,26.8040,27.9,1.611,28.87,4.09,-117,5.25,
2026-09-02T17:28:08,2,1.595,27.58,26.8070,27.9,1.611,28.87,4.10,-117,5.50,
2026-09-02T17:28:09,2,1.599,27.91,26.8080,27.9,1.611,28.87,4.10,-117,5.75,
2026-09-02T17:28:10,2,1.593,27.45,26.8230,27.9,1.610,28.81,4.10,-117,5.25,
2026-09-02T17:28:12,2,1.608,28.68,26.8370,27.9,1.611,28.87,4.10,-117,5.00,
2026-09-02T17:28:13,2,1.596,27.65,26.8320,27.9,1.611,28.87,4.10,-117,5.75,
2026-09-02T17:28:14,2,1.608,28.68,26.8270,27.9,1.613,29.00,4.10,-117,5.25,
2026-09-02T17:28:15,2,1.608,28.62,26.8340,27.9,1.612,28.94,4.08,-117,5.50,
2026-09-02T17:28:16,2,1.594,27.52,26.8460,27.9,1.613,29.00,4.10,-117,5.25,
2026-09-02T17:28:17,2,1.606,28.49,26.8400,27.9,1.613,29.00,4.09,-117,5.50,
2026-09-02T17:28:19,2,1.596,27.65,26.8320,27.9,1.613,29.00,4.10,-117,5.50,
2026-09-02T17:28:20,2,1.593,27.45,26.8400,27.9,1.610,28.81,4.11,-117,5.25,
2026-09-02T17:28:21,2,1.605,28.42,26.8370,27.9,1.613,29.07,4.10,-116,5.25,
2026-09-02T17:28:22,2,1.593,27.45,26.8300,27.9,1.612,28.94,4.10,-117,5.25,
2026-09-02T17:28:23,2,1.611,28.87,26.8350,27.9,1.609,28.74,4.09,-117,5.50,
2026-09-02T17:28:24,2,1.608,28.62,26.8350,27.9,1.613,29.00,4.08,-117,5.25,
2026-09-02T17:28:25,2,1.594,27.52,26.8420,27.9,1.611,28.87,4.10,-117,5.50,
2026-09-02T17:28:26,2,1.608,28.68,26.8360,27.9,1.611,28.87,4.10,-117,5.75,
2026-09-02T17:28:27,2,1.592,27.33,26.8370,27.9,1.611,28.87,4.10,-116,5.75,
2026-09-02T17:28:28,2,1.592,27.33,26.8330,27.9,1.610,28.81,4.11,-117,5.25,
2026-09-02T17:28:30,2,1.608,28.62,26.8280,27.9,1.611,28.87,4.10,-117,5.50,
2026-09-02T17:28:31,2,1.593,27.45,26.8250,27.9,1.613,29.07,4.09,-117,5.25,
2026-09-02T17:28:32,2,1.610,28.81,26.8210,27.9,1.615,29.20,4.09,-117,5.50,
2026-09-02T17:28:33,2,1.607,28.55,26.8240,27.9,1.614,29.13,4.08,-117,5.50,
2026-09-02T17:28:34,2,1.596,27.65,26.8280,27.9,1.610,28.81,4.09,-117,5.50,
2026-09-02T17:28:35,2,1.609,28.74,26.8210,27.9,1.613,29.07,4.10,-117,5.25,
2026-09-02T17:28:36,2,1.595,27.58,26.8180,27.9,1.611,28.87,4.10,-117,5.50,
2026-09-02T17:28:37,2,1.590,27.20,26.8220,27.9,1.613,29.00,4.11,-117,5.75,
2026-09-02T17:28:38,2,1.605,28.42,26.8240,27.9,1.609,28.74,4.10,-117,5.50,
2026-09-02T17:28:39,2,1.592,27.33,26.8200,27.9,1.600,27.97,4.10,-116,5.50,
2026-09-02T17:28:40,2,1.611,28.87,26.8120,27.9,1.610,28.81,4.09,-117,5.50,
2026-09-02T17:28:42,2,1.608,28.68,26.8070,27.9,1.613,29.07,4.08,-116,5.75,
2026-09-02T17:28:43,2,1.592,27.39,26.8080,27.9,1.612,28.94,4.09,-117,5.50,
2026-09-02T17:28:44,2,1.606,28.49,26.8000,27.9,1.611,28.87,4.10,-117,5.50,
2026-09-02T17:28:45,2,1.594,27.52,26.7960,27.9,1.614,29.13,4.09,-116,5.50,
2026-09-02T17:28:46,2,1.595,27.58,26.8040,27.9,1.609,28.74,4.10,-116,5.50,
2026-09-02T17:28:47,2,1.607,28.55,26.8100,27.9,1.611,28.87,4.10,-117,5.50,
2026-09-02T17:28:48,2,1.594,27.52,26.8060,27.9,1.613,29.00,4.10,-116,5.50,
2026-09-02T17:28:49,2,1.613,29.00,26.8100,27.9,1.613,29.00,4.09,-116,5.50,
2026-09-02T17:28:50,2,1.607,28.55,26.8090,27.9,1.610,28.81,4.10,-117,5.75,
2026-09-02T17:28:51,2,1.592,27.39,26.8170,27.9,1.613,29.07,4.10,-117,6.25,
2026-09-02T17:28:52,2,1.608,28.62,26.8170,27.9,1.610,28.81,4.09,-116,5.75,
2026-09-02T17:28:54,2,1.591,27.26,26.8150,27.9,1.613,29.00,4.09,-116,5.50,
2026-09-02T17:28:55,2,1.594,27.52,26.8180,27.9,1.610,28.81,4.10,-117,5.50,
2026-09-02T17:28:56,2,1.608,28.68,26.8150,27.9,1.612,28.94,4.10,-117,5.50,
2026-09-02T17:28:58,2,1.613,29.00,26.8170,27.9,1.613,29.00,4.09,-116,5.25,
2026-09-02T17:28:59,2,1.607,28.55,26.8180,27.9,1.613,29.00,4.10,-117,5.50,
2026-09-02T17:29:00,2,1.594,27.52,26.8200,27.9,1.612,28.94,4.10,-117,5.75,
2026-09-02T17:29:03,2,1.595,27.58,26.8190,27.9,1.613,29.00,4.10,-116,5.50,
2026-09-02T17:29:04,2,1.610,28.81,26.8270,27.9,1.608,28.68,4.10,-116,5.75,
2026-09-02T17:29:06,2,1.596,27.71,26.8230,27.9,1.613,29.07,4.09,-116,5.50,
2026-09-02T17:29:07,2,1.608,28.68,26.8180,27.9,1.611,28.87,4.11,-117,5.50,
2026-09-02T17:29:09,2,1.593,27.45,26.8210,27.9,1.612,28.94,4.10,-117,5.50,
2026-09-02T17:29:10,2,1.608,28.62,26.8130,27.9,1.612,28.94,4.09,-117,5.50,
2026-09-02T17:29:11,2,1.606,28.49,26.8030,27.9,1.606,28.49,4.08,-116,5.75,
2026-09-02T17:29:12,2,1.588,27.00,26.7990,27.9,1.612,28.94,4.09,-117,5.25,
2026-09-02T17:29:13,2,1.608,28.62,26.8040,27.9,1.613,29.07,4.10,-117,5.75,
2026-09-02T17:29:14,2,1.594,27.52,26.8000,27.9,1.611,28.87,4.10,-117,5.25,
2026-09-02T17:29:15,2,1.592,27.39,26.7920,27.9,1.611,28.87,4.11,-117,5.75,
2026-09-02T17:29:17,2,1.605,28.42,26.7890,27.9,1.613,29.00,4.10,-116,5.50,
2026-09-02T17:29:18,2,1.590,27.20,26.7890,27.9,1.613,29.07,4.09,-116,6.00,
2026-09-02T17:29:19,2,1.609,28.74,26.7930,27.9,1.610,28.81,4.09,-116,5.75,
2026-09-02T17:29:20,2,1.606,28.49,26.7930,27.9,1.613,29.07,4.08,-116,5.50,
2026-09-02T17:29:21,2,1.592,27.33,26.7980,27.9,1.612,28.94,4.10,-117,5.25,
2026-09-02T17:29:22,2,1.611,28.87,26.7970,27.9,1.612,28.94,4.10,-117,5.75,
2026-09-02T17:29:23,2,1.595,27.58,26.7980,27.9,1.613,29.07,4.10,-117,5.50,
2026-09-02T17:29:24,2,1.592,27.33,26.8000,27.9,1.609,28.74,4.11,-117,5.50,
2026-09-02T17:29:25,2,1.608,28.62,26.7990,27.9,1.614,29.13,4.10,-117,5.25,
2026-09-02T17:29:26,2,1.593,27.45,26.8000,27.9,1.613,29.00,4.10,-117,5.75,
2026-09-02T17:29:27,2,1.610,28.81,26.8070,27.9,1.611,28.87,4.09,-117,5.50,
2026-09-02T17:29:29,2,1.608,28.62,26.8060,27.9,1.614,29.13,4.08,-117,5.50,
2026-09-02T17:29:30,2,1.594,27.52,26.8060,27.9,1.609,28.74,4.10,-117,5.25,
2026-09-02T17:29:31,2,1.605,28.42,26.8130,27.9,1.610,28.81,4.10,-117,5.25,
2026-09-02T17:29:32,2,1.592,27.33,26.8180,27.9,1.613,29.00,4.09,-117,5.50,
2026-09-02T17:29:33,2,1.590,27.20,26.8140,27.9,1.610,28.81,4.11,-117,5.75,
2026-09-02T17:29:34,2,1.607,28.55,26.8130,27.9,1.613,29.00,4.10,-117,5.50,
2026-09-02T17:29:35,2,1.594,27.52,26.8210,27.9,1.611,28.87,4.10,-117,5.75,
2026-09-02T17:29:36,2,1.608,28.62,26.8230,27.9,1.613,29.00,4.09,-117,5.25,
2026-09-02T17:29:37,2,1.607,28.55,26.8240,27.9,1.614,29.13,4.08,-117,5.25,
2026-09-02T17:29:38,2,1.593,27.45,26.8220,27.9,1.609,28.74,4.10,-117,5.50,
2026-09-02T17:29:39,2,1.607,28.55,26.8150,27.9,1.613,29.07,4.10,-117,5.00,
2026-09-02T17:29:41,2,1.600,27.97,26.8130,27.9,1.611,28.87,4.10,-116,5.75,
2026-09-02T17:29:42,2,1.591,27.26,26.8160,27.9,1.608,28.68,4.11,-117,5.75,
2026-09-02T17:29:43,2,1.606,28.49,26.8160,27.9,1.610,28.81,4.10,-117,5.75,
2026-09-02T17:29:44,2,1.591,27.26,26.8090,27.9,1.609,28.74,4.09,-117,5.25,
2026-09-02T17:29:45,2,1.609,28.74,26.8110,27.9,1.610,28.81,4.09,-116,5.75,
2026-09-02T17:29:46,2,1.608,28.62,26.8070,27.9,1.616,29.26,4.08,-117,5.50,
2026-09-02T17:29:47,2,1.592,27.33,26.7920,27.9,1.611,28.87,4.10,-117,5.25,
2026-09-02T17:29:48,2,1.608,28.68,26.7930,27.9,1.608,28.68,4.10,-117,5.50,
2026-09-02T17:29:49,2,1.593,27.45,26.7920,27.9,1.612,28.94,4.09,-117,5.50,
2026-09-02T17:29:50,2,1.592,27.33,26.7950,27.9,1.608,28.68,4.10,-117,5.25,
2026-09-02T17:29:51,2,1.608,28.62,26.7900,27.9,1.610,28.81,4.09,-116,5.25,
2026-09-02T17:29:53,2,1.595,27.58,26.7950,27.9,1.612,28.94,4.10,-117,5.25,
2026-09-02T17:29:55,2,1.610,28.81,26.7910,27.9,1.612,28.94,4.08,-117,5.25,
2026-09-02T17:29:56,2,1.592,27.33,26.7910,27.9,1.609,28.74,4.10,-117,6.00,
2026-09-02T17:29:57,2,1.605,28.42,26.7990,27.9,1.614,29.13,4.10,-117,5.50,
2026-09-02T17:29:58,2,1.594,27.52,26.8020,27.9,1.610,28.81,4.10,-116,5.75,
2026-09-02T17:30:00,2,1.605,28.42,26.8060,27.9,1.610,28.81,4.09,-116,5.50,
2026-09-02T17:30:01,2,1.592,27.39,26.8050,27.9,1.624,29.90,4.09,-117,5.50,
2026-09-02T17:30:02,2,1.613,29.00,26.8050,27.9,1.611,28.87,4.09,-116,5.50,
2026-09-02T17:30:04,2,1.607,28.55,26.8140,27.9,1.611,28.87,4.08,-117,5.25,
2026-09-02T17:30:06,2,1.608,28.68,26.8140,27.9,1.610,28.81,4.10,-117,6.00,
2026-09-02T17:30:07,2,1.594,27.52,26.8230,27.9,1.612,28.94,4.09,-117,5.50,
2026-09-02T17:30:08,2,1.596,27.65,26.8300,27.9,1.611,28.87,4.09,-117,5.25,
2026-09-02T17:30:09,2,1.607,28.55,26.8330,27.9,1.611,28.87,4.09,-117,5.50,
2026-09-02T17:30:11,2,1.595,27.58,26.8420,27.9,1.610,28.81,4.11,-117,5.75,
2026-09-02T17:30:12,2,1.607,28.55,26.8400,27.9,1.611,28.87,4.10,-117,5.25,
2026-09-02T17:30:13,2,1.596,27.71,26.8420,27.9,1.611,28.87,4.09,-117,5.25,
2026-09-02T17:30:14,2,1.610,28.81,26.8440,27.9,1.614,29.13,4.09,-117,5.00,
2026-09-02T17:30:16,2,1.608,28.62,26.8520,27.9,1.617,29.32,4.08,-117,5.50,
2026-09-02T17:30:17,2,1.594,27.52,26.8500,27.9,1.612,28.94,4.10,-117,5.25,
2026-09-02T17:30:18,2,1.608,28.62,26.8530,27.9,1.613,29.00,4.10,-117,5.75,
2026-09-02T17:30:19,2,1.593,27.45,26.8520,27.9,1.612,28.94,4.09,-117,5.25,
2026-09-02T17:30:20,2,1.593,27.45,26.8510,27.9,1.610,28.81,4.11,-117,5.50,
2026-09-02T17:30:21,2,1.604,28.36,26.8490,27.9,1.608,28.68,4.09,-117,5.25,
2026-09-02T17:30:22,2,1.595,27.58,26.8430,27.9,1.612,28.94,4.09,-117,5.50,
2026-09-02T17:30:23,2,1.609,28.74,26.8330,27.9,1.613,29.00,4.09,-117,5.25,
2026-09-02T17:30:24,2,1.608,28.62,26.8450,27.9,1.602,28.16,4.08,-116,5.50,
2026-09-02T17:30:25,2,1.592,27.39,26.8390,27.9,1.612,28.94,4.10,-117,5.00,
2026-09-02T17:30:26,2,1.608,28.68,26.8380,27.9,1.609,28.74,4.10,-117,5.25,
2026-09-02T17:30:28,2,1.595,27.58,26.8370,27.9,1.609,28.74,4.08,-117,5.25,
2026-09-02T17:30:29,2,1.592,27.39,26.8330,27.9,1.611,28.87,4.11,-117,5.50,
2026-09-02T17:30:30,2,1.608,28.68,26.8310,27.9,1.612,28.94,4.10,-117,5.50,
2026-09-02T17:30:31,2,1.594,27.52,26.8280,27.9,1.609,28.74,4.10,-117,5.50,
2026-09-02T17:30:32,2,1.613,29.00,26.8300,27.9,1.611,28.87,4.09,-117,5.25,
2026-09-02T17:30:33,2,1.606,28.49,26.8240,27.9,1.616,29.26,4.08,-116,5.50,
2026-09-02T17:30:34,2,1.593,27.45,26.8290,27.9,1.610,28.81,4.09,-117,5.75,
2026-09-02T17:30:35,2,1.605,28.42,26.8240,27.9,1.609,28.74,4.09,-116,5.00,
2026-09-02T17:30:36,2,1.592,27.39,26.8180,27.9,1.610,28.81,4.10,-117,5.25,
2026-09-02T17:30:37,2,1.594,27.52,26.8100,27.9,1.609,28.74,4.11,-117,5.75,
2026-09-02T17:30:38,2,1.608,28.62,26.8080,27.9,1.610,28.81,4.09,-116,5.75,
2026-09-02T17:30:40,2,1.596,27.71,26.8080,27.9,1.612,28.94,4.09,-117,5.00,
2026-09-02T17:30:41,2,1.600,27.97,26.8040,27.9,1.609,28.74,4.09,-116,5.75,
2026-09-02T17:30:42,2,1.607,28.55,26.8120,27.9,1.615,29.20,4.08,-116,5.50,
2026-09-02T17:30:43,2,1.598,27.84,26.8110,27.9,1.611,28.87,4.09,-117,5.50,
2026-09-02T17:30:44,2,1.609,28.74,26.8000,27.9,1.613,29.00,4.10,-117,5.75,
2026-09-02T17:30:45,2,1.594,27.52,26.8120,27.9,1.612,28.94,4.09,-116,5.75,
2026-09-02T17:30:46,2,1.591,27.26,26.8090,27.9,1.613,29.00,4.11,-116,5.75,
2026-09-02T17:30:47,2,1.606,28.49,26.8020,27.9,1.610,28.81,4.10,-117,5.75,
2026-09-02T17:30:48,2,1.593,27.45,26.7980,27.9,1.611,28.87,4.09,-117,5.50,
2026-09-02T17:30:49,2,1.611,28.87,26.8030,27.9,1.611,28.87,4.09,-117,5.50,
2026-09-02T17:30:52,2,1.592,27.39,26.8000,27.9,1.612,28.94,4.10,-117,5.50,
2026-09-02T17:30:53,2,1.608,28.68,26.7990,27.9,1.608,28.68,4.09,-116,5.50,
2026-09-02T17:30:54,2,1.593,27.45,26.7990,27.9,1.613,29.00,4.09,-117,5.00,
2026-09-02T17:30:55,2,1.592,27.39,26.8020,27.9,1.609,28.74,4.10,-117,5.00,
2026-09-02T17:30:57,2,1.595,27.58,26.8140,27.9,1.611,28.87,4.10,-117,5.50,
2026-09-02T17:30:58,2,1.611,28.87,26.8120,27.9,1.611,28.87,4.09,-117,5.50,
2026-09-02T17:30:59,2,1.607,28.55,26.8110,27.9,1.610,28.81,4.10,-117,5.25,
2026-09-02T17:31:00,2,1.595,27.58,26.8060,27.9,1.613,29.07,4.09,-117,5.50,
2026-09-02T17:31:03,2,1.591,27.26,26.8140,27.9,1.612,28.94,4.09,-117,5.25,
2026-09-02T17:31:04,2,1.594,27.52,26.8180,27.9,1.611,28.87,4.10,-117,5.50,
2026-09-02T17:31:05,2,1.607,28.55,26.8150,27.9,1.609,28.74,4.10,-117,5.25,
2026-09-02T17:31:06,2,1.596,27.65,26.8150,27.9,1.610,28.81,4.09,-116,5.50,
2026-09-02T17:31:08,2,1.600,27.97,26.8160,27.9,1.611,28.87,4.09,-117,5.50,
2026-09-02T17:31:09,2,1.593,27.45,26.8140,27.9,1.609,28.74,4.10,-116,5.50,
2026-09-02T17:31:10,2,1.611,28.87,26.8200,27.9,1.613,29.07,4.09,-117,5.25,
2026-09-02T17:31:11,2,1.594,27.52,26.8180,27.9,1.613,29.07,4.09,-116,5.00,
2026-09-02T17:31:12,2,1.595,27.58,26.8170,27.9,1.613,29.07,4.10,-118,5.00,
2026-09-02T17:31:13,2,1.606,28.49,26.8180,27.9,1.610,28.81,4.08,-117,5.50,
2026-09-02T17:31:15,2,1.596,27.65,26.8090,27.9,1.612,28.94,4.10,-117,5.50,
2026-09-02T17:31:16,2,1.591,27.26,26.7950,27.9,1.611,28.87,4.11,-117,5.25,
2026-09-02T17:31:17,2,1.606,28.49,26.7980,27.9,1.610,28.81,4.09,-117,5.25,
2026-09-02T17:31:18,2,1.594,27.52,26.7930,27.9,1.614,29.13,4.10,-117,5.25,
2026-09-02T17:31:19,2,1.609,28.74,26.7990,27.9,1.612,28.94,4.09,-117,5.25,
2026-09-02T17:31:20,2,1.609,28.74,26.8060,27.9,1.616,29.26,4.08,-117,5.50,
2026-09-02T17:31:21,2,1.591,27.26,26.8040,27.9,1.611,28.87,4.09,-117,5.50,
2026-09-02T17:31:22,2,1.605,28.42,26.8090,27.9,1.610,28.81,4.09,-117,5.50,
2026-09-02T17:31:23,2,1.594,27.52,26.7920,27.9,1.610,28.81,4.10,-116,5.75,
2026-09-02T17:31:24,2,1.595,27.58,26.7930,27.9,1.611,28.87,4.11,-117,5.50,
2026-09-02T17:31:25,2,1.606,28.49,26.7990,27.9,1.608,28.62,4.09,-117,5.25,
2026-09-02T17:31:28,2,1.611,28.87,26.8040,27.9,1.609,28.74,4.09,-117,5.25,
2026-09-02T17:31:29,2,1.609,28.74,26.8050,27.9,1.613,29.00,4.08,-116,5.75,
2026-09-02T17:31:30,2,1.592,27.39,26.8050,27.9,1.611,28.87,4.10,-116,5.50,
2026-09-02T17:31:31,2,1.608,28.62,26.8090,27.9,1.611,28.87,4.09,-117,5.50,
2026-09-02T17:31:32,2,1.594,27.52,26.8160,27.9,1.610,28.81,4.09,-116,5.50,
2026-09-02T17:31:33,2,1.591,27.26,26.8250,27.9,1.608,28.62,4.11,-117,5.50,
2026-09-02T17:31:34,2,1.606,28.49,26.8280,27.9,1.611,28.87,4.10,-116,5.50,
2026-09-02T17:31:35,2,1.594,27.52,26.8220,27.9,1.613,29.00,4.09,-117,5.25,
2026-09-02T17:31:36,2,1.610,28.81,26.8340,27.9,1.618,29.45,4.09,-117,5.25,
2026-09-02T17:31:38,2,1.620,29.58,26.8300,27.9,1.614,29.13,4.08,-117,5.50,
2026-09-02T17:31:39,2,1.593,27.45,26.8360,27.9,1.612,28.94,4.09,-117,6.50,
2026-09-02T17:31:40,2,1.607,28.55,26.8330,27.9,1.611,28.87,4.09,-117,5.50,
2026-09-02T17:31:41,2,1.595,27.58,26.8370,27.9,1.611,28.87,4.09,-117,5.50,
2026-09-02T17:31:42,2,1.592,27.39,26.8350,27.9,1.608,28.68,4.10,-117,5.75,
2026-09-02T17:31:43,2,1.599,27.91,26.8530,27.9,1.613,29.00,4.10,-117,5.00,
2026-09-02T17:31:44,2,1.592,27.39,26.8450,27.9,1.609,28.74,4.09,-117,5.25,
2026-09-02T17:31:45,2,1.610,28.81,26.8370,27.9,1.613,29.00,4.09,-117,5.00,
2026-09-02T17:31:46,2,1.607,28.55,26.8400,27.9,1.608,28.68,4.10,-117,5.25,
2026-09-02T17:31:47,2,1.594,27.52,26.8380,27.9,1.602,28.16,4.00,-110,4.50,
2026-09-02T17:31:48,2,1.600,28.04,26.8350,27.9,1.613,29.00,4.09,-116,5.50,
2026-09-02T17:31:50,2,1.592,27.39,26.8290,27.9,1.607,28.55,4.09,-116,6.00,
2026-09-02T17:31:51,2,1.594,27.52,26.8230,27.9,1.613,29.00,4.09,-117,5.50,
2026-09-02T17:31:52,2,1.606,28.49,26.8120,27.9,1.610,28.81,4.09,-116,5.75,
2026-09-02T17:31:54,2,1.613,29.00,26.8040,27.9,1.611,28.87,4.09,-116,5.75,
2026-09-02T17:31:55,2,1.608,28.68,26.8100,27.9,1.611,28.87,4.09,-117,6.50,
2026-09-02T17:31:56,2,1.594,27.52,26.8070,27.9,1.610,28.81,4.09,-116,5.50,
2026-09-02T17:31:57,2,1.608,28.62,26.8070,27.9,1.612,28.94,4.10,-116,5.50,
2026-09-02T17:31:59,2,1.592,27.33,26.7960,27.9,1.611,28.87,4.09,-116,5.50,
2026-09-02T17:32:00,2,1.607,28.55,26.7990,27.9,1.609,28.74,4.09,-116,5.50,
2026-09-02T17:32:02,2,1.594,27.52,26.7990,27.9,1.612,28.94,4.10,-117,5.50,
2026-09-02T17:32:03,2,1.612,28.94,26.7970,27.9,1.610,28.81,4.09,-116,5.75,
2026-09-02T17:32:05,2,1.592,27.33,26.7980,27.9,1.606,28.49,4.09,-116,5.50,
2026-09-02T17:32:06,2,1.608,28.68,26.7990,27.9,1.611,28.87,4.09,-116,5.50,
2026-09-02T17:32:07,2,1.592,27.39,26.8010,27.9,1.612,28.94,4.09,-116,5.50,
2026-09-02T17:32:08,2,1.592,27.39,26.8050,27.9,1.612,28.94,4.10,-117,5.75,
2026-09-02T17:32:09,2,1.608,28.62,26.8080,27.9,1.611,28.87,4.09,-117,5.75,
2026-09-02T17:32:10,2,1.596,27.65,26.8030,27.9,1.611,28.87,4.09,-116,5.75,
2026-09-02T17:32:11,2,1.595,27.58,26.8090,27.9,1.612,28.94,4.11,-117,5.50,
2026-09-02T17:32:12,2,1.606,28.49,26.8140,27.9,1.613,29.00,4.09,-116,5.50,
2026-09-02T17:32:14,2,1.596,27.65,26.8180,27.9,1.613,29.07,4.10,-116,5.50,
2026-09-02T17:32:15,2,1.609,28.74,26.8160,27.9,1.610,28.81,4.09,-116,5.50,
2026-09-02T17:32:16,2,1.604,28.29,26.8150,27.9,1.612,28.94,4.08,-116,5.50,
2026-09-02T17:32:17,2,1.593,27.45,26.8110,27.9,1.610,28.81,4.10,-117,5.75,
2026-09-02T17:32:18,2,1.608,28.68,26.8060,27.9,1.609,28.74,4.09,-116,5.75,
2026-09-02T17:32:19,2,1.592,27.39,26.8090,27.9,1.608,28.68,4.10,-117,5.75,
2026-09-02T17:32:20,2,1.592,27.39,26.8070,27.9,1.610,28.81,4.11,-116,5.50,
2026-09-02T17:32:21,2,1.606,28.49,26.8130,27.9,1.608,28.68,4.10,-116,5.50,
2026-09-02T17:32:22,2,1.592,27.39,26.8110,27.9,1.613,29.07,4.09,-116,5.75,
2026-09-02T17:32:23,2,1.609,28.74,26.8070,27.9,1.608,28.68,4.09,-116,5.25,
2026-09-02T17:32:25,2,1.608,28.68,26.8100,27.9,1.613,29.07,4.10,-117,5.50,
2026-09-02T17:32:26,2,1.592,27.39,26.8080,27.9,1.610,28.81,4.10,-116,5.75,
2026-09-02T17:32:27,2,1.607,28.55,26.8070,27.9,1.610,28.81,4.09,-117,5.75,
2026-09-02T17:32:28,2,1.595,27.58,26.8050,27.9,1.612,28.94,4.09,-116,5.25,
2026-09-02T17:32:29,2,1.591,27.26,26.8010,27.9,1.613,29.00,4.09,-116,5.50,
2026-09-02T17:32:30,2,1.621,29.65,26.8110,27.9,1.612,28.94,4.10,-116,5.50,
2026-09-02T17:32:31,2,1.593,27.45,26.8080,27.9,1.609,28.74,4.10,-116,5.50,
2026-09-02T17:32:32,2,1.618,29.45,26.7990,27.9,1.610,28.81,4.09,-117,5.50,
2026-09-02T17:32:33,2,1.606,28.49,26.7970,27.9,1.614,29.13,4.09,-116,5.75,
2026-09-02T17:32:34,2,1.596,27.65,26.8010,27.9,1.609,28.74,4.09,-116,5.25,
2026-09-02T17:32:35,2,1.608,28.68,26.8020,27.9,1.613,29.00,4.09,-117,5.75,
2026-09-02T17:32:37,2,1.593,27.45,26.8050,27.9,1.613,29.00,4.09,-116,5.50,
2026-09-02T17:32:38,2,1.596,27.65,26.8110,27.9,1.607,28.55,4.09,-116,5.50,
2026-09-02T17:32:39,2,1.602,28.16,26.8130,27.9,1.609,28.74,4.09,-116,5.75,
2026-09-02T17:32:40,2,1.595,27.58,26.8040,27.9,1.615,29.20,4.09,-116,5.25,
2026-09-02T17:32:41,2,1.610,28.81,26.7950,27.9,1.609,28.74,4.09,-116,5.50,
2026-09-02T17:32:42,2,1.607,28.55,26.7910,27.9,1.608,28.68,4.09,-116,5.50,
2026-09-02T17:32:43,2,1.593,27.45,26.7940,27.9,1.613,29.00,4.09,-116,5.50,
2026-09-02T17:32:44,2,1.610,28.81,26.7900,27.9,1.613,29.00,4.09,-117,5.50,
2026-09-02T17:32:45,2,1.592,27.39,26.7920,27.9,1.613,29.07,4.09,-116,5.25,
2026-09-02T17:32:46,2,1.593,27.45,26.7900,27.9,1.612,28.94,4.10,-117,5.75,
2026-09-02T17:32:47,2,1.603,28.23,26.7910,27.9,1.613,29.07,4.09,-116,5.50,
2026-09-02T17:32:49,2,1.592,27.39,26.8010,27.9,1.612,28.94,4.09,-116,5.50,
2026-09-02T17:32:51,2,1.605,28.42,26.7970,27.9,1.611,28.87,4.09,-116,5.75,
2026-09-02T17:32:52,2,1.594,27.52,26.7970,27.9,1.613,29.00,4.10,-116,6.25,
2026-09-02T17:32:53,2,1.609,28.74,26.7960,27.9,1.612,28.94,4.09,-116,5.00,
2026-09-02T17:32:54,2,1.592,27.33,26.7870,27.9,1.613,29.07,4.09,-117,5.25,
2026-09-02T17:32:56,2,1.607,28.55,26.7820,27.9,1.612,28.94,4.09,-116,5.50,
2026-09-02T17:32:57,2,1.595,27.58,26.7900,27.9,1.613,29.07,4.09,-116,5.50,
2026-09-02T17:32:58,2,1.592,27.33,26.7890,27.9,1.611,28.87,4.11,-117,5.75,
2026-09-02T17:32:59,2,1.605,28.42,26.7880,27.9,1.612,28.94,4.09,-117,5.50,
2026-09-02T17:33:02,2,1.610,28.81,26.8020,27.9,1.612,28.94,4.09,-117,5.25,
2026-09-02T17:33:03,2,1.608,28.62,26.8010,27.9,1.613,29.07,4.08,-116,5.50,
2026-09-02T17:33:04,2,1.596,27.65,26.8020,27.9,1.613,29.07,4.09,-116,5.75,
2026-09-02T17:33:05,2,1.608,28.68,26.8100,27.9,1.611,28.87,4.10,-116,5.75,
2026-09-02T17:33:06,2,1.596,27.65,26.8080,27.9,1.614,29.13,4.09,-116,5.75,
2026-09-02T17:33:07,2,1.595,27.58,26.8130,27.9,1.608,28.62,4.09,-116,5.50,
2026-09-02T17:33:08,2,1.605,28.42,26.8090,27.9,1.611,28.87,4.10,-116,5.50,
2026-09-02T17:33:09,2,1.595,27.58,26.8050,27.9,1.611,28.87,4.10,-116,5.75,
2026-09-02T17:33:10,2,1.611,28.87,26.8070,27.9,1.609,28.74,4.09,-116,5.50,
2026-09-02T17:33:11,2,1.604,28.36,26.8110,27.9,1.609,28.74,4.09,-116,5.75,
2026-09-02T17:33:13,2,1.593,27.45,26.8150,27.9,1.613,29.07,4.10,-117,5.50,
2026-09-02T17:33:14,2,1.608,28.62,26.8190,27.9,1.612,28.94,4.09,-117,5.75,
2026-09-02T17:33:15,2,1.594,27.52,26.8280,27.9,1.624,29.90,4.09,-117,5.50,
2026-09-02T17:33:16,2,1.594,27.52,26.8330,27.9,1.612,28.94,4.10,-117,5.75,
2026-09-02T17:33:17,2,1.608,28.62,26.8310,27.9,1.613,29.00,4.09,-116,5.50,
2026-09-02T17:33:18,2,1.596,27.65,26.8360,27.9,1.612,28.94,4.09,-116,5.75,
2026-09-02T17:33:19,2,1.609,28.74,26.8340,27.9,1.604,28.29,4.09,-116,5.75,
2026-09-02T17:33:20,2,1.607,28.55,26.8400,27.9,1.611,28.87,4.09,-116,5.75,
2026-09-02T17:33:21,2,1.594,27.52,26.8340,27.9,1.613,29.00,4.09,-116,5.50,
2026-09-02T17:33:22,2,1.608,28.68,26.8320,27.9,1.609,28.74,4.09,-116,5.75,
2026-09-02T17:33:24,2,1.595,27.58,26.8410,27.9,1.612,28.94,4.09,-116,5.75,
2026-09-02T17:33:25,2,1.595,27.58,26.8360,27.9,1.612,28.94,4.09,-116,5.50,
2026-09-02T17:33:26,2,1.607,28.55,26.8370,27.9,1.610,28.81,4.09,-117,5.50,
2026-09-02T17:33:27,2,1.594,27.52,26.8290,27.9,1.613,29.00,4.09,-117,5.25,
2026-09-02T17:33:28,2,1.610,28.81,26.8330,27.9,1.612,28.94,4.09,-116,5.50,
2026-09-02T17:33:29,2,1.606,28.49,26.8270,27.9,1.611,28.87,4.09,-116,5.75,
2026-09-02T17:33:30,2,1.594,27.52,26.8240,27.9,1.608,28.62,4.10,-116,5.75,
2026-09-02T17:33:31,2,1.608,28.62,26.8230,27.9,1.611,28.87,4.10,-117,5.75,
2026-09-02T17:33:32,2,1.594,27.52,26.8290,27.9,1.613,29.00,4.09,-116,5.50,
2026-09-02T17:33:33,2,1.596,27.65,26.8190,27.9,1.612,28.94,4.09,-117,5.75,
2026-09-02T17:33:34,2,1.607,28.55,26.8250,27.9,1.610,28.81,4.09,-116,5.50,
2026-09-02T17:33:36,2,1.594,27.52,26.8120,27.9,1.615,29.20,4.09,-116,5.50,
2026-09-02T17:33:37,2,1.593,27.45,26.8120,27.9,1.611,28.87,4.11,-117,5.50,
2026-09-02T17:33:38,2,1.608,28.68,26.7990,27.9,1.610,28.81,4.10,-116,5.75,
2026-09-02T17:33:39,2,1.595,27.58,26.8000,27.9,1.611,28.87,4.09,-116,5.25,
2026-09-02T17:33:40,2,1.612,28.94,26.8000,27.9,1.610,28.81,4.09,-117,5.25,
2026-09-02T17:33:41,2,1.606,28.49,26.8070,27.9,1.613,29.07,4.08,-117,5.50,
2026-09-02T17:33:42,2,1.592,27.39,26.8080,27.9,1.609,28.74,4.09,-117,5.25,
2026-09-02T17:33:43,2,1.607,28.55,26.8080,27.9,1.609,28.74,4.09,-116,5.50,
2026-09-02T17:33:44,2,1.595,27.58,26.8000,27.9,1.612,28.94,4.09,-117,5.50,
2026-09-02T17:33:45,2,1.592,27.39,26.7980,27.9,1.609,28.74,4.11,-117,5.50,
2026-09-02T17:33:48,2,1.595,27.58,26.8060,27.9,1.612,28.94,4.10,-117,5.50,
2026-09-02T17:33:49,2,1.608,28.62,26.8110,27.9,1.611,28.87,4.09,-116,5.50,
2026-09-02T17:33:50,2,1.608,28.62,26.8160,27.9,1.613,29.07,4.08,-117,5.50,
2026-09-02T17:33:51,2,1.594,27.52,26.8090,27.9,1.613,29.07,4.09,-116,5.00,
2026-09-02T17:33:53,2,1.595,27.58,26.8180,27.9,1.608,28.62,4.09,-117,5.00,
2026-09-02T17:33:54,2,1.594,27.52,26.8140,27.9,1.608,28.62,4.09,-116,5.50,
2026-09-02T17:33:55,2,1.606,28.49,26.8140,27.9,1.605,28.42,4.10,-117,5.50,
2026-09-02T17:33:56,2,1.595,27.58,26.8040,27.9,1.611,28.87,4.09,-117,5.25,
2026-09-02T17:33:58,2,1.606,28.49,26.8190,27.9,1.608,28.68,4.09,-117,5.25,
2026-09-02T17:34:00,2,1.595,27.58,26.8210,27.9,1.611,28.87,4.09,-116,5.25,
2026-09-02T17:34:01,2,1.608,28.68,26.8180,27.9,1.608,28.62,4.09,-117,5.00,
2026-09-02T17:34:02,2,1.595,27.58,26.8190,27.9,1.612,28.94,4.09,-117,5.50,
2026-09-02T17:34:03,2,1.589,27.13,26.8160,27.9,1.610,28.81,4.09,-117,5.25,
2026-09-02T17:34:04,2,1.608,28.62,26.8170,27.9,1.609,28.74,4.09,-117,5.50,
2026-09-02T17:34:05,2,1.595,27.58,26.8240,27.9,1.612,28.94,4.09,-117,5.50,
2026-09-02T17:34:06,2,1.610,28.81,26.8170,27.9,1.613,29.00,4.09,-117,4.75,
2026-09-02T17:34:07,2,1.610,28.81,26.8190,27.9,1.612,28.94,4.09,-117,5.25,
2026-09-02T17:34:08,2,1.592,27.39,26.8210,27.9,1.617,29.39,4.10,-117,5.25,
2026-09-02T17:34:09,2,1.608,28.68,26.8160,27.9,1.610,28.81,4.09,-117,5.75,
2026-09-02T17:34:11,2,1.595,27.58,26.8150,27.9,1.613,29.00,4.09,-117,5.50,
2026-09-02T17:34:13,2,1.607,28.55,26.8100,27.9,1.611,28.87,4.09,-116,5.50,
2026-09-02T17:34:14,2,1.592,27.39,26.8040,27.9,1.613,29.07,4.10,-116,5.75,
2026-09-02T17:34:15,2,1.610,28.81,26.8100,27.9,1.612,28.94,4.09,-116,5.50,
2026-09-02T17:34:16,2,1.608,28.62,26.8210,27.9,1.611,28.87,4.09,-116,5.75,
2026-09-02T17:34:17,2,1.596,27.65,26.8270,27.9,1.611,28.87,4.09,-116,5.75,
2026-09-02T17:34:18,2,1.609,28.74,26.8180,27.9,1.609,28.74,4.09,-116,5.50,
2026-09-02T17:34:19,2,1.595,27.58,26.8110,27.9,1.611,28.87,4.09,-117,5.50,
2026-09-02T17:34:20,2,1.593,27.45,26.8090,27.9,1.612,28.94,4.09,-117,5.25,
2026-09-02T17:34:21,2,1.605,28.42,26.8100,27.9,1.610,28.81,4.09,-116,5.25,
2026-09-02T17:34:23,2,1.595,27.58,26.8100,27.9,1.613,29.00,4.09,-117,5.25,
2026-09-02T17:34:24,2,1.613,29.00,26.8140,27.9,1.608,28.68,4.09,-117,5.50,
2026-09-02T17:34:25,2,1.607,28.55,26.8040,27.9,1.609,28.74,4.09,-116,5.50,
2026-09-02T17:34:26,2,1.591,27.26,26.8100,27.9,1.610,28.81,4.09,-116,5.25,
2026-09-02T17:34:27,2,1.609,28.74,26.8070,27.9,1.609,28.74,4.09,-116,5.50,
2026-09-02T17:34:28,2,1.595,27.58,26.8080,27.9,1.611,28.87,4.09,-117,5.25,
2026-09-02T17:34:29,2,1.594,27.52,26.8150,27.9,1.611,28.87,4.10,-117,5.50,
2026-09-02T17:34:30,2,1.613,29.00,26.8170,27.9,1.608,28.68,4.09,-116,5.25,
2026-09-02T17:34:31,2,1.595,27.58,26.8170,27.9,1.608,28.68,4.09,-117,5.25,
2026-09-02T17:34:32,2,1.606,28.49,26.8110,27.9,1.612,28.94,4.09,-116,5.50,
2026-09-02T17:34:33,2,1.606,28.49,26.8150,27.9,1.612,28.94,4.09,-117,5.50,
2026-09-02T17:34:35,2,1.592,27.39,26.8240,27.9,1.610,28.81,4.09,-117,5.50,
2026-09-02T17:34:36,2,1.608,28.68,26.8240,27.9,1.609,28.74,4.09,-116,5.75,
2026-09-02T17:34:37,2,1.598,27.84,26.8220,27.9,1.614,29.13,4.07,-117,5.75,
2026-09-02T17:34:38,2,1.595,27.58,26.8150,27.9,1.610,28.81,4.09,-116,5.75,
2026-09-02T17:34:39,2,1.607,28.55,26.8200,27.9,1.609,28.74,4.09,-116,5.50,
2026-09-02T17:34:40,2,1.592,27.39,26.8220,27.9,1.611,28.87,4.09,-116,5.50,
2026-09-02T17:34:41,2,1.591,27.26,26.8220,27.9,1.608,28.68,4.11,-117,5.50,
2026-09-02T17:34:42,2,1.604,28.36,26.8150,27.9,1.613,29.00,4.09,-117,5.50,
2026-09-02T17:34:44,2,1.610,28.81,26.8170,27.9,1.612,28.94,4.09,-117,5.25,
2026-09-02T17:34:45,2,1.606,28.49,26.8150,27.9,1.608,28.68,4.09,-117,5.25,
2026-09-02T17:34:47,2,1.595,27.58,26.8100,27.9,1.613,29.00,4.09,-117,5.00,
2026-09-02T17:34:48,2,1.607,28.55,26.8080,27.9,1.611,28.87,4.09,-116,5.25,
2026-09-02T17:34:50,2,1.595,27.58,26.8060,27.9,1.606,28.49,4.09,-117,5.50,
2026-09-02T17:34:51,2,1.604,28.36,26.8080,27.9,1.608,28.62,4.09,-117,5.50,
2026-09-02T17:34:52,2,1.595,27.58,26.8140,27.9,1.612,28.94,4.09,-116,5.50,
2026-09-02T17:34:53,2,1.610,28.81,26.8050,27.9,1.610,28.81,4.09,-116,5.50,
2026-09-02T17:34:55,2,1.593,27.45,26.8040,27.9,1.611,28.87,4.09,-116,5.50,
2026-09-02T17:34:56,2,1.606,28.49,26.8000,27.9,1.614,29.13,4.09,-117,5.75,
2026-09-02T17:34:58,2,1.592,27.39,26.8050,27.9,1.611,28.87,4.09,-116,5.25,
2026-09-02T17:34:59,2,1.595,27.58,26.8030,27.9,1.609,28.74,4.10,-116,6.25,
2026-09-02T17:35:00,2,1.607,28.55,26.8010,27.9,1.605,28.42,4.09,-116,5.25,
2026-09-02T17:35:01,2,1.595,27.58,26.7980,27.9,1.612,28.94,4.09,-116,5.50,
2026-09-02T17:35:02,2,1.610,28.81,26.8060,27.9,1.613,29.00,4.09,-116,5.25,
2026-09-02T17:35:04,2,1.594,27.52,26.7950,27.9,1.612,28.94,4.09,-117,5.50,
2026-09-02T17:35:05,2,1.613,29.00,26.7950,27.9,1.609,28.74,4.09,-117,5.25,
2026-09-02T17:35:06,2,1.595,27.58,26.8010,27.9,1.612,28.94,4.09,-116,5.75,
2026-09-02T17:35:07,2,1.592,27.39,26.8080,27.9,1.611,28.87,4.09,-117,5.75,
2026-09-02T17:35:08,2,1.608,28.62,26.8130,27.9,1.610,28.81,4.09,-117,5.25,
2026-09-02T17:35:10,2,1.596,27.71,26.8110,27.9,1.612,28.94,4.09,-117,5.25,
2026-09-02T17:35:11,2,1.609,28.74,26.8100,27.9,1.612,28.94,4.09,-116,5.50,
2026-09-02T17:35:13,2,1.595,27.58,26.8140,27.9,1.612,28.94,4.09,-117,5.25,
2026-09-02T17:35:14,2,1.608,28.68,26.8140,27.9,1.610,28.81,4.09,-117,5.50,
2026-09-02T17:35:15,2,1.593,27.45,26.8070,27.9,1.605,28.42,4.09,-116,5.25,
2026-09-02T17:35:16,2,1.594,27.52,26.8010,27.9,1.611,28.87,4.10,-117,5.50,
2026-09-02T17:35:17,2,1.608,28.68,26.7990,27.9,1.610,28.81,4.09,-116,5.25,
2026-09-02T17:35:18,2,1.592,27.33,26.7930,27.9,1.613,29.00,4.09,-117,5.25,
2026-09-02T17:35:19,2,1.613,29.00,26.7930,27.9,1.611,28.87,4.09,-117,5.75,
2026-09-02T17:35:20,2,1.605,28.42,26.7970,27.9,1.610,28.81,4.10,-117,5.75,
2026-09-02T17:35:22,2,1.594,27.52,26.8030,27.9,1.613,29.07,4.09,-117,5.00,
2026-09-02T17:35:24,2,1.592,27.39,26.8020,27.9,1.612,28.94,4.08,-117,5.50,
2026-09-02T17:35:25,2,1.594,27.52,26.8070,27.9,1.610,28.81,4.09,-117,5.50,
2026-09-02T17:35:26,2,1.607,28.55,26.8010,27.9,1.610,28.81,4.09,-117,5.75,
2026-09-02T17:35:27,2,1.595,27.58,26.8010,27.9,1.611,28.87,4.09,-117,5.50,
2026-09-02T17:35:28,2,1.623,29.84,26.7880,27.9,1.613,29.07,4.07,-117,5.75,
2026-09-02T17:35:29,2,1.606,28.49,26.7920,27.9,1.613,29.07,4.10,-117,5.50,
2026-09-02T17:35:30,2,1.584,26.75,26.7920,27.9,1.613,29.00,4.09,-116,5.25,
2026-09-02T17:35:31,2,1.608,28.68,26.7890,27.9,1.610,28.81,4.09,-117,5.50,
2026-09-02T17:35:32,2,1.595,27.58,26.7890,27.9,1.601,28.10,4.11,-117,5.50,
2026-09-02T17:35:34,2,1.607,28.55,26.7890,27.9,1.613,29.00,4.09,-117,5.50,
2026-09-02T17:35:35,2,1.607,28.55,26.7950,27.9,1.604,28.29,4.09,-116,5.50,
2026-09-02T17:35:36,2,1.598,27.84,26.7960,27.9,1.612,28.94,4.09,-117,5.25,
2026-09-02T17:35:37,2,1.593,27.45,26.7940,27.9,1.610,28.81,4.09,-116,5.50,
2026-09-02T17:35:38,2,1.607,28.55,26.7960,27.9,1.611,28.87,4.09,-117,5.50,
2026-09-02T17:35:39,2,1.591,27.26,26.7960,27.9,1.612,28.94,4.09,-117,5.50,
2026-09-02T17:35:41,2,1.604,28.36,26.7910,27.9,1.613,29.00,4.09,-117,5.50,
2026-09-02T17:35:42,2,1.592,27.33,26.7910,27.9,1.612,28.94,4.09,-116,5.50,
2026-09-02T17:35:43,2,1.609,28.74,26.7940,27.9,1.611,28.87,4.09,-117,5.75,
2026-09-02T17:35:45,2,1.592,27.39,26.7990,27.9,1.612,28.94,4.09,-117,5.50,
2026-09-02T17:35:47,2,1.608,28.68,26.7980,27.9,1.613,29.07,4.09,-116,5.50,
2026-09-02T17:35:48,2,1.592,27.33,26.8040,27.9,1.611,28.87,4.09,-116,5.75,
2026-09-02T17:35:49,2,1.610,28.81,26.8080,27.9,1.613,29.07,4.08,-116,5.75,
2026-09-02T17:35:50,2,1.604,28.36,26.8080,27.9,1.610,28.81,4.09,-117,5.50,
2026-09-02T17:35:52,2,1.608,28.68,26.8080,27.9,1.608,28.62,4.09,-116,5.25,
2026-09-02T17:35:53,2,1.595,27.58,26.8180,27.9,1.611,28.87,4.09,-116,5.75,
2026-09-02T17:35:55,2,1.604,28.36,26.8140,27.9,1.611,28.87,4.09,-116,5.50,
2026-09-02T17:35:58,2,1.610,28.81,26.8230,27.9,1.610,28.81,4.09,-117,5.50,
2026-09-02T17:35:59,2,1.608,28.62,26.8150,27.9,1.611,28.87,4.09,-116,5.75,
2026-09-02T17:36:00,2,1.592,27.39,26.8150,27.9,1.609,28.74,4.09,-116,5.25,
2026-09-02T17:36:01,2,1.606,28.49,26.8170,27.9,1.611,28.87,4.09,-116,5.75,
2026-09-02T17:36:02,2,1.594,27.52,26.8190,27.9,1.613,29.00,4.08,-116,5.75,
2026-09-02T17:36:03,2,1.593,27.45,26.8100,27.9,1.612,28.94,4.09,-117,5.50,
2026-09-02T17:36:04,2,1.604,28.29,26.8130,27.9,1.609,28.74,4.09,-116,5.50,
2026-09-02T17:36:05,2,1.593,27.45,26.8040,27.9,1.612,28.94,4.09,-116,5.75,
2026-09-02T17:36:06,2,1.605,28.42,26.8100,27.9,1.613,29.00,4.09,-117,5.50,
2026-09-02T17:36:07,2,1.618,29.45,26.8050,27.9,1.609,28.74,4.09,-117,5.50,
2026-09-02T17:36:09,2,1.592,27.39,26.8020,27.9,1.608,28.68,4.09,-116,5.75,
2026-09-02T17:36:10,2,1.607,28.55,26.8010,27.9,1.608,28.68,4.09,-116,5.50,
2026-09-02T17:36:11,2,1.596,27.65,26.8020,27.9,1.613,29.00,4.09,-117,5.50,
2026-09-02T17:36:12,2,1.593,27.45,26.7970,27.9,1.618,29.45,4.09,-116,5.50,
2026-09-02T17:36:13,2,1.608,28.62,26.7910,27.9,1.608,28.68,4.09,-116,5.50,
2026-09-02T17:36:14,2,1.592,27.39,26.7900,27.9,1.613,29.07,4.09,-116,5.75,
2026-09-02T17:36:15,2,1.614,29.13,26.7910,27.9,1.609,28.74,4.07,-116,5.75,
2026-09-02T17:36:16,2,1.605,28.42,26.7840,27.9,1.613,29.00,4.09,-117,5.50,
2026-09-02T17:36:17,2,1.592,27.39,26.7890,27.9,1.611,28.87,4.09,-116,5.50,
2026-09-02T17:36:19,2,1.592,27.39,26.7900,27.9,1.610,28.81,4.10,-117,5.75,
2026-09-02T17:36:21,2,1.593,27.45,26.7890,27.9,1.610,28.81,4.10,-117,6.50,
2026-09-02T17:36:22,2,1.608,28.68,26.7860,27.9,1.609,28.74,4.09,-116,5.50,
2026-09-02T17:36:23,2,1.595,27.58,26.7930,27.9,1.610,28.81,4.09,-116,5.50,
2026-09-02T17:36:24,2,1.612,28.94,26.7990,27.9,1.613,29.00,4.07,-117,5.50,
2026-09-02T17:36:25,2,1.607,28.55,26.8020,27.9,1.613,29.00,4.09,-116,5.50,
2026-09-02T17:36:26,2,1.593,27.45,26.7970,27.9,1.611,28.87,4.09,-116,5.50,
2026-09-02T17:36:27,2,1.609,28.74,26.7980,27.9,1.609,28.74,4.09,-116,5.75,
2026-09-02T17:36:28,2,1.593,27.45,26.7990,27.9,1.611,28.87,4.10,-116,5.75,
2026-09-02T17:36:29,2,1.594,27.52,26.7980,27.9,1.609,28.74,4.09,-116,5.50,
2026-09-02T17:36:30,2,1.604,28.36,26.7920,27.9,1.613,29.00,4.09,-116,5.50,
2026-09-02T17:36:32,2,1.594,27.52,26.7940,27.9,1.611,28.87,4.09,-116,5.75,
2026-09-02T17:36:33,2,1.608,28.62,26.7910,27.9,1.612,28.94,4.08,-116,5.75,
2026-09-02T17:36:34,2,1.606,28.49,26.7990,27.9,1.609,28.74,4.09,-116,5.75,
2026-09-02T17:36:35,2,1.592,27.39,26.7960,27.9,1.613,29.00,4.09,-117,5.75,
2026-09-02T17:36:36,2,1.611,28.87,26.7990,27.9,1.611,28.87,4.09,-116,5.50,
2026-09-02T17:36:38,2,1.593,27.45,26.7990,27.9,1.611,28.87,4.09,-116,5.25,
2026-09-02T17:36:39,2,1.609,28.74,26.8060,27.9,1.610,28.81,4.09,-116,5.50,
2026-09-02T17:36:40,2,1.594,27.52,26.8140,27.9,1.611,28.87,4.09,-116,5.75,
2026-09-02T17:36:41,2,1.592,27.33,26.8090,27.9,1.613,29.00,4.09,-116,5.75,
2026-09-02T17:36:44,2,1.595,27.58,26.8030,27.9,1.612,28.94,4.09,-116,5.25,
2026-09-02T17:36:45,2,1.608,28.62,26.8000,27.9,1.612,28.94,4.09,-116,5.50,
2026-09-02T17:36:46,2,1.607,28.55,26.7980,27.9,1.611,28.87,4.09,-116,5.75,
2026-09-02T17:36:47,2,1.595,27.58,26.7970,27.9,1.613,29.00,4.09,-117,5.25,
2026-09-02T17:36:49,2,1.596,27.65,26.8020,27.9,1.613,29.07,4.09,-116,5.50,
2026-09-02T17:36:50,2,1.592,27.39,26.8100,27.9,1.612,28.94,4.09,-116,5.50,
2026-09-02T17:36:51,2,1.608,28.62,26.8090,27.9,1.610,28.81,4.09,-116,5.50,
2026-09-02T17:36:52,2,1.592,27.33,26.8000,27.9,1.611,28.87,4.09,-116,5.75,
2026-09-02T17:36:54,2,1.607,28.55,26.8040,27.9,1.611,28.87,4.09,-117,5.75,
2026-09-02T17:36:56,2,1.592,27.39,26.8020,27.9,1.612,28.94,4.09,-116,6.00,
2026-09-02T17:36:57,2,1.608,28.68,26.8020,27.9,1.611,28.87,4.09,-116,5.50,
2026-09-02T17:36:58,2,1.592,27.39,26.7960,27.9,1.613,29.00,4.09,-116,5.50,
2026-09-02T17:36:59,2,1.595,27.58,26.7980,27.9,1.612,28.94,4.09,-116,5.75,
2026-09-02T17:37:00,2,1.604,28.36,26.7970,27.9,1.610,28.81,4.09,-116,5.75,
2026-09-02T17:37:01,2,1.593,27.45,26.8050,27.9,1.613,29.00,4.09,-116,5.75,
2026-09-02T17:37:02,2,1.613,29.07,26.8040,27.9,1.613,29.00,4.08,-116,5.50,
2026-09-02T17:37:03,2,1.606,28.49,26.8020,27.9,1.609,28.74,4.09,-116,5.50,
2026-09-02T17:37:04,2,1.594,27.52,26.8070,27.9,1.613,29.07,4.09,-116,6.00,
2026-09-02T17:37:05,2,1.609,28.74,26.8080,27.9,1.612,28.94,4.09,-116,5.50,
2026-09-02T17:37:06,2,1.592,27.33,26.8140,27.9,1.608,28.68,4.11,-117,5.75,
2026-09-02T17:37:08,2,1.592,27.33,26.8090,27.9,1.611,28.87,4.09,-116,5.75,
2026-09-02T17:37:09,2,1.608,28.62,26.8060,27.9,1.609,28.74,4.09,-117,5.75,
2026-09-02T17:37:10,2,1.592,27.39,26.8000,27.9,1.611,28.87,4.09,-116,5.50,
2026-09-02T17:37:11,2,1.613,29.00,26.8030,27.9,1.616,29.26,4.07,-117,5.75,
2026-09-02T17:37:12,2,1.604,28.36,26.8160,27.9,1.610,28.81,4.09,-116,5.50,
2026-09-02T17:37:13,2,1.597,27.78,26.8190,27.9,1.609,28.74,4.09,-116,5.75,
2026-09-02T17:37:14,2,1.609,28.74,26.8110,27.9,1.609,28.74,4.09,-116,5.75,
2026-09-02T17:37:15,2,1.596,27.65,26.8080,27.9,1.608,28.62,4.10,-116,5.50,
2026-09-02T17:37:16,2,1.596,27.65,26.8060,27.9,1.613,29.07,4.10,-116,5.50,
2026-09-02T17:37:17,2,1.607,28.55,26.8140,27.9,1.613,29.00,4.09,-116,5.50,
2026-09-02T17:37:19,2,1.595,27.58,26.8110,27.9,1.611,28.87,4.09,-116,5.50,
2026-09-02T17:37:20,2,1.592,27.39,26.8100,27.9,1.613,29.07,4.09,-116,5.75,
2026-09-02T17:37:21,2,1.607,28.55,26.8080,27.9,1.613,29.00,4.09,-117,5.50,
2026-09-02T17:37:22,2,1.593,27.45,26.8050,27.9,1.611,28.87,4.09,-116,5.75,
2026-09-02T17:37:23,2,1.612,28.94,26.8060,27.9,1.612,28.94,4.09,-116,5.50,
2026-09-02T17:37:24,2,1.605,28.42,26.8020,27.9,1.612,28.94,4.09,-116,5.50,
2026-09-02T17:37:25,2,1.594,27.52,26.8010,27.9,1.613,29.07,4.09,-116,5.50,
2026-09-02T17:37:26,2,1.607,28.55,26.7950,27.9,1.609,28.74,4.09,-116,5.50,
2026-09-02T17:37:27,2,1.596,27.71,26.7960,27.9,1.612,28.94,4.09,-116,5.50,
2026-09-02T17:37:28,2,1.594,27.52,26.7920,27.9,1.609,28.74,4.10,-116,5.50,
2026-09-02T17:37:29,2,1.606,28.49,26.7940,27.9,1.611,28.87,4.09,-116,6.00,
2026-09-02T17:37:31,2,1.596,27.65,26.7890,27.9,1.612,28.94,4.09,-116,5.50,
2026-09-02T17:37:32,2,1.609,28.74,26.7820,27.9,1.612,28.94,4.09,-116,5.50,
2026-09-02T17:37:33,2,1.602,28.16,26.7790,27.9,1.600,28.04,4.09,-116,5.50,
2026-09-02T17:37:34,2,1.594,27.52,26.7850,27.9,1.609,28.74,4.00,-112,4.25,
2026-09-02T17:37:35,2,1.605,28.42,26.7900,27.9,1.613,29.00,4.09,-116,5.50,
2026-09-02T17:37:36,2,1.594,27.52,26.7930,27.9,1.609,28.74,4.08,-116,5.75,
2026-09-02T17:37:37,2,1.584,26.68,26.7920,27.9,1.613,29.00,4.09,-116,5.25,
2026-09-02T17:37:38,2,1.606,28.49,26.7910,27.9,1.614,29.13,4.09,-116,5.50,
2026-09-02T17:37:40,2,1.608,28.62,26.7830,27.9,1.622,29.78,4.08,-116,7.00,
2026-09-02T17:37:41,2,1.607,28.55,26.7820,27.9,1.613,29.00,4.09,-116,5.75,
2026-09-02T17:37:43,2,1.594,27.52,26.7810,27.9,1.613,29.07,4.09,-116,5.50,
2026-09-02T17:37:44,2,1.608,28.62,26.7760,27.9,1.612,28.94,4.09,-117,5.50,
2026-09-02T17:37:46,2,1.595,27.58,26.7930,27.9,1.609,28.74,4.09,-117,5.75,
2026-09-02T17:37:47,2,1.608,28.68,26.7940,27.9,1.602,28.16,4.09,-117,5.50,
2026-09-02T17:37:48,2,1.590,27.20,26.7960,27.9,1.613,29.07,4.09,-116,5.50,
2026-09-02T17:37:51,2,1.593,27.45,26.7940,27.9,1.608,28.68,4.09,-116,5.75,
2026-09-02T17:37:52,2,1.607,28.55,26.7900,27.9,1.611,28.87,4.09,-116,5.75,
2026-09-02T17:37:53,2,1.592,27.39,26.7860,27.9,1.610,28.81,4.10,-116,5.75,
2026-09-02T17:37:55,2,1.596,27.65,26.7870,27.9,1.612,28.94,4.09,-116,5.50,
2026-09-02T17:37:56,2,1.607,28.55,26.7860,27.9,1.608,28.68,4.09,-116,5.50,
2026-09-02T17:37:57,2,1.593,27.45,26.7830,27.9,1.611,28.87,4.08,-117,5.75,
2026-09-02T17:37:58,2,1.610,28.81,26.7870,27.9,1.617,29.32,4.07,-116,6.00,
2026-09-02T17:37:59,2,1.607,28.55,26.7930,27.9,1.611,28.87,4.09,-116,5.50,
2026-09-02T17:38:00,2,1.593,27.45,26.7940,27.9,1.612,28.94,4.09,-117,6.00,
2026-09-02T17:38:01,2,1.609,28.74,26.7950,27.9,1.612,28.94,4.09,-116,5.75,
2026-09-02T17:38:02,2,1.595,27.58,26.7980,27.9,1.608,28.68,4.11,-116,5.50,
2026-09-02T17:38:03,2,1.592,27.33,26.8040,27.9,1.611,28.87,4.09,-116,5.75,
2026-09-02T17:38:04,2,1.605,28.42,26.8050,27.9,1.609,28.74,4.09,-116,5.75,
2026-09-02T17:38:05,2,1.592,27.33,26.7910,27.9,1.612,28.94,4.09,-116,5.75,
2026-09-02T17:38:07,2,1.612,28.94,26.7900,27.9,1.613,29.00,4.08,-116,5.75,
2026-09-02T17:38:08,2,1.604,28.36,26.7950,27.9,1.610,28.81,4.09,-116,6.00,
2026-09-02T17:38:09,2,1.596,27.71,26.8030,27.9,1.612,28.94,4.09,-116,5.50,
2026-09-02T17:38:11,2,1.592,27.39,26.7980,27.9,1.610,28.81,4.09,-116,5.75,
2026-09-02T17:38:12,2,1.595,27.58,26.8060,27.9,1.610,28.81,4.09,-116,5.50,
2026-09-02T17:38:13,2,1.608,28.62,26.8180,27.9,1.612,28.94,4.09,-116,5.75,
2026-09-02T17:38:14,2,1.594,27.52,26.8280,27.9,1.613,29.00,4.09,-116,5.75,
2026-09-02T17:38:15,2,1.594,27.52,26.8190,27.9,1.613,29.00,4.09,-116,5.50,
2026-09-02T17:38:16,2,1.606,28.49,26.8230,27.9,1.609,28.74,4.09,-116,5.50,
2026-09-02T17:38:18,2,1.594,27.52,26.8250,27.9,1.613,29.07,4.09,-116,5.75,
2026-09-02T17:38:19,2,1.613,29.00,26.8230,27.9,1.614,29.13,4.09,-116,6.00,
2026-09-02T17:38:20,2,1.604,28.36,26.8190,27.9,1.612,28.94,4.09,-116,5.75,
2026-09-02T17:38:21,2,1.594,27.52,26.8200,27.9,1.614,29.13,4.09,-116,5.75,
2026-09-02T17:38:22,2,1.608,28.62,26.8180,27.9,1.612,28.94,4.09,-116,5.75,
2026-09-02T17:38:23,2,1.592,27.39,26.8170,27.9,1.604,28.36,4.11,-117,5.50,
2026-09-02T17:38:24,2,1.593,27.45,26.8110,27.9,1.611,28.87,4.08,-116,5.50,
2026-09-02T17:38:25,2,1.606,28.49,26.8120,27.9,1.610,28.81,4.09,-116,5.75,
2026-09-02T17:38:26,2,1.599,27.91,26.8110,27.9,1.610,28.81,4.09,-116,5.75,
2026-09-02T17:38:27,2,1.613,29.00,26.8110,27.9,1.611,28.87,4.07,-116,6.00,
2026-09-02T17:38:28,2,1.608,28.62,26.8080,27.9,1.612,28.94,4.09,-116,5.50,
2026-09-02T17:38:30,2,1.592,27.39,26.8100,27.9,1.613,29.07,4.09,-116,5.75,
2026-09-02T17:38:31,2,1.606,28.49,26.8180,27.9,1.610,28.81,4.09,-117,5.50,
2026-09-02T17:38:32,2,1.592,27.39,26.8080,27.9,1.609,28.74,4.10,-116,5.75,
2026-09-02T17:38:33,2,1.592,27.39,26.8000,27.9,1.610,28.81,4.09,-116,5.50,
2026-09-02T17:38:34,2,1.606,28.49,26.7930,27.9,1.609,28.74,4.08,-116,5.50,
2026-09-02T17:38:35,2,1.596,27.65,26.7940,27.9,1.621,29.71,4.09,-116,5.75,
2026-09-02T17:38:37,2,1.613,29.07,26.7830,27.9,1.613,29.00,4.09,-116,5.50,
2026-09-02T17:38:38,2,1.592,27.33,26.7870,27.9,1.610,28.81,4.09,-116,5.75,
2026-09-02T17:38:39,2,1.607,28.55,26.7880,27.9,1.611,28.87,4.09,-116,5.50,
2026-09-02T17:38:40,2,1.593,27.45,26.7920,27.9,1.608,28.68,4.10,-116,5.75,
2026-09-02T17:38:43,2,1.609,28.74,26.7920,27.9,1.611,28.87,4.09,-116,5.75,
2026-09-02T17:38:44,2,1.592,27.39,26.7980,27.9,1.612,28.94,4.09,-116,5.50,
2026-09-02T17:38:45,2,1.604,28.36,26.7910,27.9,1.613,29.00,4.08,-116,5.75,
2026-09-02T17:38:46,2,1.605,28.42,26.7960,27.9,1.610,28.81,4.09,-116,5.50,
2026-09-02T17:38:48,2,1.606,28.49,26.7870,27.9,1.611,28.87,4.09,-116,5.75,
2026-09-02T17:38:49,2,1.591,27.26,26.7840,27.9,1.609,28.74,4.10,-116,5.50,
2026-09-02T17:38:50,2,1.592,27.39,26.7870,27.9,1.611,28.87,4.09,-116,6.00,
2026-09-02T17:38:51,2,1.605,28.42,26.7870,27.9,1.610,28.81,4.09,-116,5.50,
2026-09-02T17:38:52,2,1.593,27.45,26.7880,27.9,1.612,28.94,4.09,-116,5.75,
2026-09-02T17:38:54,2,1.613,29.00,26.7840,27.9,1.613,29.00,4.08,-116,6.00,
2026-09-02T17:38:55,2,1.604,28.36,26.7840,27.9,1.612,28.94,4.09,-116,5.75,
2026-09-02T17:38:56,2,1.590,27.20,26.7810,27.9,1.612,28.94,4.08,-116,5.50,
2026-09-02T17:38:57,2,1.608,28.62,26.7850,27.9,1.610,28.81,4.09,-116,5.75,
2026-09-02T17:38:58,2,1.592,27.33,26.7790,27.9,1.608,28.68,4.12,-116,6.00,
2026-09-02T17:38:59,2,1.592,27.39,26.7770,27.9,1.613,29.07,4.07,-116,6.00,
2026-09-02T17:39:00,2,1.608,28.62,26.7770,27.9,1.612,28.94,4.10,-116,5.50,
2026-09-02T17:39:01,2,1.592,27.39,26.7760,27.9,1.611,28.87,4.10,-116,5.75,
2026-09-02T17:39:02,2,1.614,29.13,26.7690,27.9,1.613,29.07,4.07,-116,6.00,
2026-09-02T17:39:03,2,1.607,28.55,26.7640,27.9,1.611,28.87,4.09,-116,5.25,
2026-09-02T17:39:05,2,1.593,27.45,26.7620,27.9,1.613,29.00,4.09,-116,5.50,
2026-09-02T17:39:06,2,1.610,28.81,26.7550,27.9,1.612,28.94,4.08,-116,5.50,
2026-09-02T17:39:07,2,1.592,27.39,26.7540,27.9,1.612,28.94,4.09,-117,5.50,
2026-09-02T17:39:08,2,1.592,27.33,26.7570,27.9,1.612,28.94,4.09,-116,5.50,
2026-09-02T17:39:09,2,1.605,28.42,26.7620,27.9,1.611,28.87,4.09,-116,5.75,
2026-09-02T17:39:10,2,1.592,27.33,26.7610,27.9,1.609,28.74,4.10,-116,6.00,
2026-09-02T17:39:11,2,1.595,27.58,26.7570,27.9,1.611,28.87,4.09,-116,5.75,
2026-09-02T17:39:12,2,1.606,28.49,26.7600,27.9,1.610,28.81,4.09,-116,5.75,
2026-09-02T17:39:13,2,1.594,27.52,26.7580,27.9,1.611,28.87,4.08,-116,5.75,
2026-09-02T17:39:14,2,1.608,28.68,26.7580,27.9,1.608,28.68,4.07,-117,6.00,
2026-09-02T17:39:15,2,1.608,28.62,26.7610,27.9,1.612,28.94,4.09,-116,5.75,
2026-09-02T17:39:17,2,1.592,27.39,26.7520,27.9,1.612,28.94,4.09,-116,5.75,
2026-09-02T17:39:18,2,1.607,28.55,26.7530,27.9,1.612,28.94,4.09,-116,6.75,
2026-09-02T17:39:19,2,1.592,27.39,26.7570,27.9,1.603,28.23,4.11,-116,5.50,
2026-09-02T17:39:20,2,1.591,27.26,26.7510,27.9,1.608,28.68,4.09,-116,5.50,
2026-09-02T17:39:21,2,1.608,28.68,26.7520,27.9,1.609,28.74,4.09,-116,5.25,
2026-09-02T17:39:22,2,1.596,27.65,26.7550,27.9,1.615,29.20,4.09,-116,5.50,
2026-09-02T17:39:23,2,1.612,28.94,26.7580,27.9,1.613,29.00,4.08,-116,5.75,
2026-09-02T17:39:24,2,1.607,28.55,26.7630,27.9,1.615,29.20,4.09,-116,5.50,
2026-09-02T17:39:25,2,1.592,27.33,26.7710,27.9,1.612,28.94,4.09,-117,5.75,
2026-09-02T17:39:26,2,1.609,28.74,26.7740,27.9,1.612,28.94,4.09,-116,5.50,
2026-09-02T17:39:29,2,1.595,27.58,26.7730,27.9,1.610,28.81,4.09,-116,5.50,
2026-09-02T17:39:30,2,1.608,28.62,26.7790,27.9,1.610,28.81,4.09,-117,5.50,
2026-09-02T17:39:31,2,1.593,27.45,26.7860,27.9,1.614,29.13,4.09,-116,5.50,
2026-09-02T17:39:32,2,1.612,28.94,26.7800,27.9,1.612,28.94,4.07,-117,5.75,
2026-09-02T17:39:34,2,1.592,27.33,26.7970,27.9,1.613,29.07,4.09,-117,5.50,
2026-09-02T17:39:35,2,1.607,28.55,26.8050,27.9,1.610,28.81,4.09,-117,5.25,
2026-09-02T17:39:36,2,1.592,27.33,26.7990,27.9,1.611,28.87,4.11,-117,5.50,
2026-09-02T17:39:37,2,1.595,27.58,26.8060,27.9,1.610,28.81,4.09,-117,5.75,
2026-09-02T17:39:39,2,1.592,27.33,26.7990,27.9,1.611,28.87,4.10,-116,5.50,
2026-09-02T17:39:41,2,1.613,29.00,26.7970,27.9,1.612,28.94,4.08,-117,5.50,
2026-09-02T17:39:42,2,1.605,28.42,26.8050,27.9,1.608,28.68,4.09,-116,5.25,
2026-09-02T17:39:43,2,1.595,27.58,26.8050,27.9,1.615,29.20,4.09,-116,5.75,
2026-09-02T17:39:45,2,1.592,27.33,26.8030,27.9,1.613,29.00,4.11,-116,5.75,
2026-09-02T17:39:46,2,1.596,27.65,26.8050,27.9,1.611,28.87,4.09,-117,6.00,
2026-09-02T17:39:47,2,1.606,28.49,26.8070,27.9,1.612,28.94,4.09,-117,5.50,
2026-09-02T17:39:48,2,1.596,27.71,26.8120,27.9,1.608,28.68,4.11,-117,5.75,
2026-09-02T17:39:49,2,1.611,28.87,26.8100,27.9,1.614,29.13,4.07,-116,5.75,
2026-09-02T17:39:50,2,1.601,28.10,26.8100,27.9,1.608,28.68,4.09,-116,5.50,
2026-09-02T17:39:52,2,1.596,27.71,26.8040,27.9,1.608,28.68,4.09,-116,5.50,
2026-09-02T17:39:53,2,1.609,28.74,26.8000,27.9,1.614,29.13,4.07,-116,6.00,
2026-09-02T17:39:54,2,1.596,27.65,26.7960,27.9,1.610,28.81,4.10,-117,5.75,
2026-09-02T17:39:55,2,1.592,27.33,26.7930,27.9,1.610,28.81,4.09,-116,5.75,
2026-09-02T17:39:56,2,1.620,29.58,26.7940,27.9,1.610,28.81,4.09,-116,5.75,
2026-09-02T17:39:57,2,1.594,27.52,26.7950,27.9,1.608,28.68,4.10,-116,5.50,
2026-09-02T17:39:58,2,1.613,29.00,26.8000,27.9,1.611,28.87,4.07,-116,6.00,
2026-09-02T17:39:59,2,1.608,28.62,26.7980,27.9,1.612,28.94,4.09,-116,5.75,
2026-09-02T17:40:00,2,1.592,27.39,26.8060,27.9,1.612,28.94,4.09,-116,6.00,
2026-09-02T17:40:01,2,1.608,28.62,26.8080,27.9,1.613,29.00,4.08,-116,6.00,
2026-09-02T17:40:02,2,1.588,27.07,26.7990,27.9,1.610,28.81,4.10,-116,5.75,
2026-09-02T17:40:04,2,1.594,27.52,26.7980,27.9,1.610,28.81,4.08,-116,6.00,
2026-09-02T17:40:05,2,1.606,28.49,26.8040,27.9,1.612,28.94,4.09,-116,5.25,
2026-09-02T17:40:06,2,1.596,27.65,26.8070,27.9,1.613,29.00,4.10,-116,5.75,
2026-09-02T17:40:07,2,1.614,29.13,26.8040,27.9,1.608,28.68,4.07,-116,6.25,
2026-09-02T17:40:08,2,1.608,28.62,26.8030,27.9,1.609,28.74,4.09,-116,5.50,
2026-09-02T17:40:09,2,1.595,27.58,26.8040,27.9,1.611,28.87,4.09,-117,5.25,
2026-09-02T17:40:10,2,1.609,28.74,26.7940,27.9,1.614,29.13,4.08,-116,5.75,
2026-09-02T17:40:11,2,1.593,27.45,26.7940,27.9,1.608,28.68,4.11,-117,5.75,
2026-09-02T17:40:12,2,1.594,27.52,26.7980,27.9,1.613,29.00,4.09,-117,5.50,
2026-09-02T17:40:13,2,1.605,28.42,26.7960,27.9,1.612,28.94,4.09,-117,5.75,
2026-09-02T17:40:14,2,1.592,27.39,26.7890,27.9,1.612,28.94,4.10,-117,5.50,
2026-09-02T17:40:16,2,1.594,27.52,26.7980,27.9,1.613,29.00,4.09,-116,5.75,
2026-09-02T17:40:17,2,1.605,28.42,26.7990,27.9,1.610,28.81,4.09,-116,5.50,
2026-09-02T17:40:18,2,1.591,27.26,26.7950,27.9,1.609,28.74,4.11,-116,5.50,
2026-09-02T17:40:19,2,1.609,28.74,26.7900,27.9,1.612,28.94,4.07,-116,5.75,
2026-09-02T17:40:20,2,1.608,28.62,26.7880,27.9,1.611,28.87,4.08,-117,5.75,
2026-09-02T17:40:21,2,1.593,27.45,26.7940,27.9,1.614,29.13,4.09,-117,5.25,
2026-09-02T17:40:22,2,1.608,28.68,26.7950,27.9,1.613,29.00,4.07,-117,5.50,
2026-09-02T17:40:23,2,1.592,27.39,26.7970,27.9,1.608,28.62,4.11,-117,5.75,
2026-09-02T17:40:24,2,1.594,27.52,26.8030,27.9,1.613,29.07,4.09,-116,5.75,
2026-09-02T17:40:25,2,1.606,28.49,26.8030,27.9,1.615,29.20,4.09,-117,5.00,
2026-09-02T17:40:26,2,1.593,27.45,26.7930,27.9,1.609,28.74,4.10,-116,5.50,
2026-09-02T17:40:28,2,1.613,29.00,26.7980,27.9,1.612,28.94,4.07,-117,5.75,
2026-09-02T17:40:29,2,1.606,28.49,26.8040,27.9,1.610,28.81,4.09,-116,5.75,
2026-09-02T17:40:31,2,1.608,28.68,26.8140,27.9,1.612,28.94,4.07,-117,5.75,
2026-09-02T17:40:32,2,1.592,27.39,26.8130,27.9,1.610,28.81,4.11,-117,5.50,
2026-09-02T17:40:33,2,1.596,27.65,26.8130,27.9,1.614,29.13,4.09,-116,5.25,
2026-09-02T17:40:34,2,1.607,28.55,26.8180,27.9,1.612,28.94,4.09,-116,5.25,
2026-09-02T17:40:36,2,1.608,28.68,26.8230,27.9,1.611,28.87,4.07,-116,6.00,
2026-09-02T17:40:37,2,1.607,28.55,26.8220,27.9,1.610,28.81,4.09,-116,5.50,
2026-09-02T17:40:39,2,1.595,27.58,26.8280,27.9,1.611,28.87,4.09,-116,5.50,
2026-09-02T17:40:40,2,1.608,28.68,26.8230,27.9,1.612,28.94,4.08,-116,5.25,
2026-09-02T17:40:42,2,1.591,27.26,26.8180,27.9,1.613,29.07,4.09,-116,5.25,
2026-09-02T17:40:43,2,1.605,28.42,26.8140,27.9,1.611,28.87,4.09,-116,5.50,
2026-09-02T17:40:44,2,1.592,27.39,26.8110,27.9,1.610,28.81,4.11,-117,5.75,
2026-09-02T17:40:45,2,1.613,29.00,26.8050,27.9,1.614,29.13,4.07,-116,5.75,
2026-09-02T17:40:46,2,1.605,28.42,26.8040,27.9,1.611,28.87,4.09,-117,5.50,
2026-09-02T17:40:47,2,1.592,27.33,26.8120,27.9,1.613,29.00,4.09,-117,5.50,
2026-09-02T17:40:48,2,1.611,28.87,26.8020,27.9,1.613,29.00,4.08,-116,6.00,
2026-09-02T17:40:49,2,1.604,28.36,26.7960,27.9,1.610,28.81,4.10,-117,5.50,
2026-09-02T17:40:51,2,1.595,27.58,26.7980,27.9,1.612,28.94,4.08,-116,5.50,
2026-09-02T17:40:52,2,1.607,28.55,26.7930,27.9,1.611,28.87,4.09,-116,5.50,
2026-09-02T17:40:53,2,1.592,27.39,26.7920,27.9,1.609,28.74,4.10,-117,5.75,
2026-09-02T17:40:55,2,1.606,28.49,26.7940,27.9,1.613,29.07,4.09,-117,5.25,
2026-09-02T17:40:56,2,1.592,27.33,26.7940,27.9,1.611,28.87,4.11,-117,5.75,
2026-09-02T17:40:57,2,1.608,28.68,26.7930,27.9,1.604,28.36,4.07,-116,5.75,
2026-09-02T17:40:58,2,1.591,27.26,26.7950,27.9,1.609,28.74,4.11,-116,5.50,
2026-09-02T17:40:59,2,1.595,27.58,26.7960,27.9,1.613,29.00,4.08,-116,5.75,
2026-09-02T17:41:00,2,1.608,28.62,26.8000,27.9,1.612,28.94,4.08,-117,5.25,
2026-09-02T17:41:01,2,1.585,26.81,26.7910,27.9,1.614,29.13,4.10,-116,5.50,
2026-09-02T17:41:03,2,1.613,29.07,26.7960,27.9,1.613,29.00,4.07,-116,5.75,
2026-09-02T17:41:04,2,1.606,28.49,26.7990,27.9,1.612,28.94,4.09,-117,5.25,
2026-09-02T17:41:05,2,1.592,27.33,26.7990,27.9,1.611,28.87,4.11,-116,5.75,
2026-09-02T17:41:06,2,1.608,28.62,26.8020,27.9,1.613,29.07,4.07,-117,5.50,
2026-09-02T17:41:07,2,1.592,27.39,26.7880,27.9,1.610,28.81,4.10,-116,5.75,
2026-09-02T17:41:08,2,1.594,27.52,26.7940,27.9,1.610,28.81,4.09,-117,5.25,
2026-09-02T17:41:09,2,1.608,28.68,26.7950,27.9,1.613,29.07,4.07,-118,5.50,
2026-09-02T17:41:10,2,1.592,27.33,26.7910,27.9,1.609,28.74,4.10,-117,5.50,
2026-09-02T17:41:11,2,1.617,29.39,26.7820,27.9,1.613,29.07,4.07,-117,6.00,
2026-09-02T17:41:12,2,1.606,28.49,26.7860,27.9,1.611,28.87,4.09,-116,5.50,
2026-09-02T17:41:13,2,1.592,27.33,26.7700,27.9,1.612,28.94,4.10,-116,5.75,
2026-09-02T17:41:15,2,1.609,28.74,26.7700,27.9,1.611,28.87,4.08,-116,6.50,
2026-09-02T17:41:16,2,1.593,27.45,26.7660,27.9,1.609,28.74,4.10,-116,5.75,
2026-09-02T17:41:17,2,1.581,26.49,26.7680,27.9,1.613,29.00,4.08,-116,5.50,
2026-09-02T17:41:18,2,1.608,28.62,26.7670,27.9,1.612,28.94,4.08,-116,5.75,
2026-09-02T17:41:19,2,1.594,27.52,26.7640,27.9,1.610,28.81,4.10,-116,5.75,
2026-09-02T17:41:20,2,1.596,27.65,26.7680,27.9,1.615,29.20,4.09,-116,5.50,
2026-09-02T17:41:21,2,1.608,28.68,26.7680,27.9,1.611,28.87,4.09,-116,5.75,
2026-09-02T17:41:22,2,1.592,27.39,26.7620,27.9,1.609,28.74,4.10,-117,5.75,
2026-09-02T17:41:23,2,1.611,28.87,26.7630,27.9,1.613,29.00,4.08,-116,5.25,
2026-09-02T17:41:24,2,1.609,28.74,26.7630,27.9,1.609,28.74,4.09,-116,5.75,
2026-09-02T17:41:26,2,1.593,27.45,26.7610,27.9,1.613,29.07,4.09,-116,5.50,
2026-09-02T17:41:28,2,1.585,26.81,26.7540,27.9,1.611,28.87,4.10,-116,5.75,
2026-09-02T17:41:29,2,1.592,27.33,26.7610,27.9,1.610,28.81,4.09,-116,5.75,
2026-09-02T17:41:30,2,1.602,28.16,26.7600,27.9,1.617,29.32,4.09,-116,5.50,
2026-09-02T17:41:31,2,1.592,27.39,26.7620,27.9,1.609,28.74,4.10,-117,5.50,
2026-09-02T17:41:33,2,1.608,28.62,26.7710,27.9,1.610,28.81,4.09,-117,5.25,
2026-09-02T17:41:34,2,1.592,27.39,26.7740,27.9,1.609,28.74,4.10,-116,5.50,
2026-09-02T17:41:35,2,1.608,28.62,26.7670,27.9,1.613,29.07,4.07,-116,5.75,
2026-09-02T17:41:36,2,1.591,27.26,26.7730,27.9,1.607,28.55,4.10,-117,5.50,
2026-09-02T17:41:39,2,1.610,28.81,26.7730,27.9,1.612,28.94,4.07,-116,5.75,
2026-09-02T17:41:40,2,1.592,27.33,26.7690,27.9,1.611,28.87,4.10,-116,5.75,
2026-09-02T17:41:41,2,1.602,28.16,26.7690,27.9,1.610,28.81,4.07,-116,6.00,
2026-09-02T17:41:42,2,1.606,28.49,26.7780,27.9,1.610,28.81,4.09,-115,6.00,
2026-09-02T17:41:44,2,1.611,28.87,26.7760,27.9,1.612,28.94,4.08,-116,5.75,
2026-09-02T17:41:45,2,1.590,27.20,26.7800,27.9,1.608,28.68,4.10,-117,5.50,
2026-09-02T17:41:46,2,1.593,27.45,26.7810,27.9,1.611,28.87,4.09,-116,5.75,
2026-09-02T17:41:47,2,1.607,28.55,26.7820,27.9,1.612,28.94,4.07,-116,5.50,
2026-09-02T17:41:48,2,1.594,27.52,26.7850,27.9,1.613,29.00,4.10,-117,5.25,
2026-09-02T17:41:51,2,1.604,28.36,26.7850,27.9,1.613,29.07,4.09,-117,5.50,
2026-09-02T17:41:52,2,1.595,27.58,26.7850,27.9,1.609,28.74,4.10,-117,5.50,
2026-09-02T17:41:53,2,1.608,28.68,26.7880,27.9,1.614,29.13,4.08,-116,5.75,
2026-09-02T17:41:54,2,1.595,27.58,26.7910,27.9,1.611,28.87,4.10,-117,5.75,
2026-09-02T17:41:55,2,1.592,27.39,26.7940,27.9,1.611,28.87,4.08,-116,5.50,
2026-09-02T17:41:56,2,1.608,28.62,26.7950,27.9,1.617,29.32,4.07,-117,5.50,
2026-09-02T17:41:57,2,1.594,27.52,26.7940,27.9,1.608,28.62,4.10,-117,5.50,
2026-09-02T17:41:58,2,1.613,29.07,26.7920,27.9,1.611,28.87,4.07,-117,5.50,
2026-09-02T17:41:59,2,1.607,28.55,26.7880,27.9,1.609,28.74,4.09,-116,5.50,
2026-09-02T17:42:00,2,1.590,27.20,26.7890,27.9,1.610,28.81,4.10,-116,5.25,
2026-09-02T17:42:02,2,1.609,28.74,26.7840,27.9,1.613,29.00,4.07,-116,5.75,
2026-09-02T17:42:03,2,1.593,27.45,26.7850,27.9,1.608,28.68,4.10,-117,5.50,
2026-09-02T17:42:04,2,1.595,27.58,26.7820,27.9,1.613,29.07,4.09,-117,5.75,
2026-09-02T17:42:05,2,1.608,28.62,26.7760,27.9,1.613,29.00,4.08,-117,5.50,
2026-09-02T17:42:06,2,1.592,27.39,26.7820,27.9,1.601,28.10,4.10,-116,5.50,
2026-09-02T17:42:07,2,1.595,27.58,26.7860,27.9,1.612,28.94,4.09,-116,5.50,
2026-09-02T17:42:08,2,1.605,28.42,26.7810,27.9,1.611,28.87,4.09,-116,5.75,
2026-09-02T17:42:09,2,1.592,27.39,26.7750,27.9,1.609,28.74,4.10,-116,5.75,
2026-09-02T17:42:10,2,1.604,28.36,26.7790,27.9,1.614,29.13,4.07,-116,5.75,
2026-09-02T17:42:11,2,1.607,28.55,26.7790,27.9,1.609,28.74,4.09,-116,5.25,
2026-09-02T17:42:13,2,1.592,27.39,26.7720,27.9,1.608,28.62,4.10,-117,5.75,
2026-09-02T17:42:14,2,1.609,28.74,26.7700,27.9,1.613,29.07,4.08,-117,5.50,
2026-09-02T17:42:15,2,1.592,27.39,26.7640,27.9,1.609,28.74,4.10,-116,5.50,
2026-09-02T17:42:16,2,1.595,27.58,26.7660,27.9,1.611,28.87,4.09,-116,5.50,
2026-09-02T17:42:17,2,1.607,28.55,26.7610,27.9,1.613,29.07,4.08,-116,5.50,
2026-09-02T17:42:18,2,1.591,27.26,26.7620,27.9,1.608,28.62,4.10,-117,5.50,
2026-09-02T17:42:19,2,1.608,28.62,26.7640,27.9,1.611,28.87,4.07,-117,5.50,
2026-09-02T17:42:20,2,1.605,28.42,26.7650,27.9,1.610,28.81,4.09,-117,5.25,
2026-09-02T17:42:21,2,1.593,27.45,26.7710,27.9,1.608,28.62,4.10,-116,5.25,
2026-09-02T17:42:22,2,1.608,28.68,26.7690,27.9,1.612,28.94,4.07,-116,6.00,
2026-09-02T17:42:25,2,1.594,27.52,26.7630,27.9,1.610,28.81,4.09,-116,5.50,
2026-09-02T17:42:26,2,1.607,28.55,26.7610,27.9,1.610,28.81,4.08,-116,5.50,
2026-09-02T17:42:27,2,1.591,27.26,26.7630,27.9,1.609,28.74,4.10,-116,5.50,
2026-09-02T17:42:28,2,1.611,28.87,26.7740,27.9,1.611,28.87,4.07,-116,5.75,
2026-09-02T17:42:30,2,1.592,27.39,26.7810,27.9,1.609,28.74,4.10,-117,5.50,
2026-09-02T17:42:31,2,1.610,28.81,26.7770,27.9,1.610,28.81,4.07,-116,5.75,
2026-09-02T17:42:32,2,1.592,27.39,26.7790,27.9,1.610,28.81,4.10,-116,5.75,
2026-09-02T17:42:33,2,1.594,27.52,26.7840,27.9,1.612,28.94,4.08,-116,5.75,
2026-09-02T17:42:35,2,1.592,27.33,26.7870,27.9,1.612,28.94,4.11,-116,5.50,
2026-09-02T17:42:37,2,1.612,28.94,26.7940,27.9,1.612,28.94,4.07,-116,5.75,
2026-09-02T17:42:38,2,1.605,28.42,26.7970,27.9,1.611,28.87,4.09,-116,5.75,
2026-09-02T17:42:39,2,1.591,27.26,26.7980,27.9,1.610,28.81,4.10,-116,5.75,
2026-09-02T17:42:41,2,1.592,27.39,26.7900,27.9,1.608,28.68,4.10,-116,5.75,
2026-09-02T17:42:42,2,1.596,27.71,26.7990,27.9,1.609,28.74,4.09,-116,5.25,
2026-09-02T17:42:43,2,1.609,28.74,26.8000,27.9,1.610,28.81,4.07,-116,5.50,
2026-09-02T17:42:44,2,1.593,27.45,26.8050,27.9,1.609,28.74,4.10,-116,5.50,
2026-09-02T17:42:45,2,1.615,29.20,26.8120,27.9,1.610,28.81,4.07,-116,5.75,
2026-09-02T17:42:46,2,1.608,28.62,26.8140,27.9,1.608,28.68,4.09,-116,5.75,
2026-09-02T17:42:47,2,1.592,27.39,26.8060,27.9,1.610,28.81,4.10,-116,5.75,
2026-09-02T17:42:49,2,1.607,28.55,26.8000,27.9,1.612,28.94,4.07,-117,5.50,
2026-09-02T17:42:50,2,1.591,27.26,26.8070,27.9,1.610,28.80,4.10,-117,4.25,
2026-09-02T17:42:51,2,1.592,27.39,26.8100,27.9,1.610,28.81,4.09,-116,5.25,
2026-09-02T17:42:52,2,1.608,28.62,26.8050,27.9,1.611,28.87,4.07,-117,6.00,
2026-09-02T17:42:53,2,1.592,27.39,26.8070,27.9,1.609,28.74,4.11,-116,5.50,
2026-09-02T17:42:54,2,1.613,29.00,26.8050,27.9,1.611,28.87,4.06,-117,5.75,
2026-09-02T17:42:55,2,1.606,28.49,26.8020,27.9,1.614,29.13,4.08,-116,5.50,
2026-09-02T17:42:56,2,1.594,27.52,26.8100,27.9,1.609,28.74,4.10,-117,5.50,
2026-09-02T17:42:57,2,1.608,28.68,26.8070,27.9,1.615,29.20,4.07,-116,6.00,
2026-09-02T17:42:58,2,1.592,27.39,26.7980,27.9,1.611,28.87,4.10,-116,5.50,
2026-09-02T17:42:59,2,1.590,27.20,26.8060,27.9,1.610,28.81,4.10,-117,5.50,
2026-09-02T17:43:01,2,1.610,28.81,26.7990,27.9,1.613,29.07,4.08,-116,5.75,
2026-09-02T17:43:02,2,1.589,27.13,26.7930,27.9,1.610,28.81,4.10,-116,5.50,
2026-09-02T17:43:03,2,1.595,27.58,26.7910,27.9,1.613,29.07,4.08,-116,6.00,
2026-09-02T17:43:04,2,1.603,28.23,26.7850,27.9,1.611,28.87,4.08,-117,5.25,
2026-09-02T17:43:05,2,1.591,27.26,26.7820,27.9,1.608,28.68,4.10,-117,6.50,
2026-09-02T17:43:06,2,1.608,28.62,26.7810,27.9,1.614,29.13,4.07,-116,5.75,
2026-09-02T17:43:07,2,1.608,28.62,26.7870,27.9,1.610,28.81,4.09,-117,5.75,
2026-09-02T17:43:08,2,1.588,27.07,26.7780,27.9,1.611,28.87,4.10,-116,5.50,
2026-09-02T17:43:09,2,1.609,28.74,26.7860,27.9,1.612,28.94,4.07,-116,6.00,
2026-09-02T17:43:10,2,1.592,27.33,26.7890,27.9,1.608,28.68,4.10,-116,5.25,
2026-09-02T17:43:12,2,1.596,27.65,26.7900,27.9,1.612,28.94,4.09,-117,5.50,
2026-09-02T17:43:13,2,1.606,28.49,26.7870,27.9,1.611,28.87,4.07,-116,6.00,
2026-09-02T17:43:14,2,1.591,27.26,26.7880,27.9,1.608,28.68,4.10,-117,5.75,
2026-09-02T17:43:15,2,1.611,28.87,26.7910,27.9,1.613,29.00,4.07,-116,6.00,
2026-09-02T17:43:16,2,1.604,28.36,26.7910,27.9,1.612,28.94,4.09,-117,5.75,
2026-09-02T17:43:17,2,1.594,27.52,26.7900,27.9,1.613,29.00,4.10,-117,5.75,
2026-09-02T17:43:18,2,1.608,28.62,26.7930,27.9,1.614,29.13,4.07,-117,5.75,
2026-09-02T17:43:19,2,1.592,27.39,26.7940,27.9,1.609,28.74,4.10,-117,5.50,
2026-09-02T17:43:20,2,1.595,27.58,26.7850,27.9,1.610,28.81,4.01,-111,5.75,
2026-09-02T17:43:21,2,1.607,28.55,26.7940,27.9,1.613,29.00,4.08,-116,5.75,
2026-09-02T17:43:22,2,1.592,27.33,26.8040,27.9,1.608,28.68,4.10,-117,5.75,
2026-09-02T17:43:24,2,1.610,28.81,26.8100,27.9,1.615,29.20,4.07,-117,5.75,
2026-09-02T17:43:25,2,1.606,28.49,26.8080,27.9,1.612,28.94,4.09,-116,5.50,
2026-09-02T17:43:27,2,1.607,28.55,26.8080,27.9,1.612,28.94,4.07,-116,5.75,
2026-09-02T17:43:28,2,1.592,27.39,26.8170,27.9,1.610,28.81,4.10,-117,5.50,
2026-09-02T17:43:29,2,1.592,27.33,26.8190,27.9,1.606,28.49,4.08,-116,5.75,
2026-09-02T17:43:32,2,1.613,29.00,26.8130,27.9,1.613,29.00,4.07,-117,5.75,
2026-09-02T17:43:33,2,1.608,28.62,26.8140,27.9,1.611,28.87,4.09,-116,5.50,
2026-09-02T17:43:34,2,1.592,27.39,26.8180,27.9,1.609,28.74,4.10,-117,5.50,
2026-09-02T17:43:36,2,1.609,28.74,26.8100,27.9,1.613,29.00,4.07,-116,5.75,
2026-09-02T17:43:38,2,1.594,27.52,26.8150,27.9,1.609,28.74,4.08,-116,5.50,
2026-09-02T17:43:39,2,1.608,28.68,26.8140,27.9,1.611,28.87,4.08,-116,5.50,
2026-09-02T17:43:40,2,1.606,28.49,26.8250,27.9,1.622,0.00,4.10,-117,2.50,
2026-09-02T17:43:41,2,1.611,28.87,26.8230,27.9,1.613,29.00,4.07,-117,5.50,
2026-09-02T17:43:42,2,1.606,28.49,26.8180,27.9,1.613,29.00,4.09,-117,5.50,
2026-09-02T17:43:43,2,1.593,27.45,26.8090,27.9,1.611,28.87,4.10,-117,5.50,
2026-09-02T17:43:44,2,1.607,28.55,26.8050,27.9,1.613,29.00,4.07,-117,5.75,
2026-09-02T17:43:45,2,1.592,27.33,26.8140,27.9,1.610,28.81,4.10,-116,5.75,
2026-09-02T17:43:46,2,1.592,27.33,26.8090,27.9,1.610,28.81,4.10,-117,5.50,
2026-09-02T17:43:48,2,1.609,28.74,26.7980,27.9,1.613,29.00,4.07,-117,5.00,
2026-09-02T17:43:49,2,1.592,27.39,26.7920,27.9,1.610,28.81,4.10,-117,5.25,
2026-09-02T17:43:50,2,1.600,27.97,26.7960,27.9,1.610,28.81,4.08,-116,5.50,
2026-09-02T17:43:51,2,1.603,28.23,26.7920,27.9,1.613,29.07,4.07,-117,5.25,
2026-09-02T17:43:52,2,1.592,27.33,26.7890,27.9,1.609,28.74,4.10,-116,5.75,
2026-09-02T17:43:53,2,1.610,28.81,26.7890,27.9,1.613,29.00,4.07,-117,5.75,
2026-09-02T17:43:54,2,1.598,27.84,26.7830,27.9,1.609,28.74,4.09,-116,5.50,
2026-09-02T17:43:55,2,1.592,27.39,26.7820,27.9,1.608,28.62,4.10,-116,5.25,
2026-09-02T17:43:56,2,1.608,28.68,26.7860,27.9,1.610,28.81,4.07,-117,5.75,
2026-09-02T17:43:57,2,1.592,27.39,26.7680,27.9,1.614,29.13,4.10,-116,5.50,
2026-09-02T17:43:59,2,1.603,28.23,26.7710,27.9,1.611,28.87,4.08,-117,5.50,
2026-09-02T17:44:00,2,1.607,28.55,26.7640,27.9,1.615,29.20,4.07,-117,5.75,
2026-09-02T17:44:01,2,1.591,27.26,26.7640,27.9,1.610,28.81,4.10,-117,5.25,
2026-09-02T17:44:02,2,1.609,28.74,26.7660,27.9,1.613,29.07,4.07,-116,5.75,
2026-09-02T17:44:03,2,1.608,28.68,26.7710,27.9,1.609,28.74,4.09,-117,5.50,
2026-09-02T17:44:04,2,1.591,27.26,26.7700,27.9,1.609,28.74,4.10,-117,5.25,
2026-09-02T17:44:05,2,1.608,28.68,26.7640,27.9,1.613,29.00,4.07,-117,5.50,
2026-09-02T17:44:06,2,1.593,27.45,26.7690,27.9,1.612,28.94,4.10,-116,5.75,
2026-09-02T17:44:07,2,1.592,27.39,26.7690,27.9,1.609,28.74,4.08,-116,5.50,
2026-09-02T17:44:08,2,1.607,28.55,26.7780,27.9,1.612,28.94,4.07,-116,6.00,
2026-09-02T17:44:09,2,1.592,27.33,26.7740,27.9,1.608,28.62,4.10,-116,5.50,
2026-09-02T17:44:11,2,1.610,28.81,26.7750,27.9,1.613,29.07,4.07,-116,5.75,
2026-09-02T17:44:12,2,1.606,28.49,26.7750,27.9,1.613,29.00,4.08,-116,5.50,
2026-09-02T17:44:13,2,1.592,27.33,26.7780,27.9,1.609,28.74,4.10,-117,5.50,
2026-09-02T17:44:14,2,1.607,28.55,26.7810,27.9,1.612,28.94,4.07,-117,5.50,
2026-09-02T17:44:15,2,1.593,27.45,26.7770,27.9,1.611,28.87,4.10,-116,6.50,
2026-09-02T17:44:16,2,1.593,27.45,26.7730,27.9,1.611,28.87,4.09,-116,5.25,
2026-09-02T17:44:17,2,1.606,28.49,26.7780,27.9,1.615,29.20,4.07,-117,5.75,
2026-09-02T17:44:18,2,1.595,27.58,26.7820,27.9,1.608,28.68,4.10,-117,5.50,
2026-09-02T17:44:19,2,1.613,29.07,26.7860,27.9,1.614,29.13,4.07,-117,5.50,
2026-09-02T17:44:20,2,1.607,28.55,26.7850,27.9,1.611,28.87,4.08,-117,5.50,
2026-09-02T17:44:21,2,1.592,27.39,26.7850,27.9,1.609,28.74,4.10,-117,5.25,
2026-09-02T17:44:24,2,1.591,27.26,26.7830,27.9,1.610,28.81,4.10,-117,5.00,
2026-09-02T17:44:25,2,1.593,27.45,26.7890,27.9,1.613,29.00,4.09,-117,5.00,
2026-09-02T17:44:26,2,1.606,28.49,26.7880,27.9,1.612,28.94,4.07,-117,5.50,
2026-09-02T17:44:27,2,1.590,27.20,26.7900,27.9,1.608,28.62,4.10,-117,5.50,
2026-09-02T17:44:29,2,1.607,28.55,26.7870,27.9,1.611,28.87,4.09,-117,5.25,
2026-09-02T17:44:30,2,1.590,27.20,26.7860,27.9,1.609,28.74,4.10,-118,5.50,
2026-09-02T17:44:31,2,1.613,29.07,26.7920,27.9,1.613,29.07,4.07,-117,5.00,
2026-09-02T17:44:32,2,1.605,28.42,26.7840,27.9,1.609,28.74,4.09,-117,5.00,
2026-09-02T17:44:35,2,1.608,28.68,26.7910,27.9,1.612,28.94,4.08,-117,5.25,
2026-09-02T17:44:36,2,1.593,27.45,26.7930,27.9,1.611,28.87,4.10,-117,5.25,
2026-09-02T17:44:37,2,1.592,27.39,26.7930,27.9,1.612,28.94,4.09,-117,5.25,
2026-09-02T17:44:38,2,1.607,28.55,26.7970,27.9,1.611,28.87,4.08,-116,5.50,
2026-09-02T17:44:39,2,1.592,27.33,26.7890,27.9,1.609,28.74,4.11,-117,6.00,
2026-09-02T17:44:40,2,1.610,28.81,26.7940,27.9,1.613,29.07,4.07,-116,5.25,
2026-09-02T17:44:41,2,1.605,28.42,26.7920,27.9,1.610,28.81,4.09,-116,5.50,
2026-09-02T17:44:42,2,1.591,27.26,26.7880,27.9,1.611,28.87,4.10,-117,5.50,
2026-09-02T17:44:43,2,1.609,28.74,26.7930,27.9,1.612,28.94,4.07,-117,5.75,
2026-09-02T17:44:44,2,1.592,27.33,26.7930,27.9,1.612,28.94,4.10,-117,5.75,
2026-09-02T17:44:46,2,1.595,27.58,26.7900,27.9,1.608,28.68,4.08,-116,5.75,
2026-09-02T17:44:47,2,1.600,27.97,26.7930,27.9,1.613,29.07,4.08,-116,5.75,
2026-09-02T17:44:48,2,1.591,27.26,26.7930,27.9,1.610,28.81,4.10,-117,5.50,
2026-09-02T17:44:49,2,1.611,28.87,26.7940,27.9,1.614,29.13,4.07,-116,5.75,
2026-09-02T17:44:50,2,1.604,28.29,26.7900,27.9,1.612,28.94,4.09,-116,5.75,
2026-09-02T17:44:51,2,1.592,27.39,26.7840,27.9,1.611,28.87,4.10,-116,5.75,
2026-09-02T17:44:52,2,1.609,28.74,26.7890,27.9,1.613,29.00,4.07,-117,5.75,
2026-09-02T17:44:53,2,1.596,27.65,26.7950,27.9,1.608,28.62,4.10,-117,5.50,
2026-09-02T17:44:54,2,1.594,27.52,26.8080,27.9,1.612,28.94,4.08,-117,5.50,
2026-09-02T17:44:55,2,1.609,28.74,26.8000,27.9,1.612,28.94,4.07,-117,5.75,
2026-09-02T17:44:56,2,1.593,27.45,26.8060,27.9,1.609,28.74,4.10,-116,5.75,
2026-09-02T17:44:58,2,1.611,28.87,26.8060,27.9,1.615,29.20,4.07,-116,6.25,
2026-09-02T17:44:59,2,1.608,28.62,26.8090,27.9,1.609,28.74,4.09,-116,5.75,
2026-09-02T17:45:00,2,1.592,27.39,26.8090,27.9,1.610,28.81,4.10,-116,5.75,
2026-09-02T17:45:01,2,1.608,28.62,26.8090,27.9,1.612,28.94,4.07,-116,5.75,
2026-09-02T17:45:02,2,1.590,27.20,26.8130,27.9,1.612,28.94,4.10,-116,5.50,
2026-09-02T17:45:03,2,1.595,27.58,26.8060,27.9,1.611,28.87,4.08,-116,5.75,
2026-09-02T17:45:04,2,1.608,28.62,26.8040,27.9,1.611,28.87,4.07,-116,6.00,
2026-09-02T17:45:05,2,1.596,27.71,26.8040,27.9,1.609,28.74,4.10,-116,5.75,
2026-09-02T17:45:06,2,1.608,28.62,26.7980,27.9,1.613,29.07,4.08,-116,5.50,
2026-09-02T17:45:07,2,1.607,28.55,26.7910,27.9,1.609,28.74,4.08,-116,5.50,
2026-09-02T17:45:08,2,1.592,27.39,26.7900,27.9,1.615,29.20,4.10,-116,5.75,
2026-09-02T17:45:10,2,1.609,28.74,26.7900,27.9,1.611,28.87,4.07,-116,6.00,
2026-09-02T17:45:11,2,1.606,28.49,26.7970,27.9,1.608,28.68,4.09,-116,5.75,
2026-09-02T17:45:12,2,1.594,27.52,26.7980,27.9,1.611,28.87,4.08,-116,5.50,
2026-09-02T17:45:13,2,1.611,28.87,26.7980,27.9,1.613,29.00,4.07,-116,5.75,
2026-09-02T17:45:14,2,1.591,27.26,26.7870,27.9,1.610,28.81,4.10,-117,5.75,
2026-09-02T17:45:15,2,1.594,27.52,26.7930,27.9,1.610,28.81,4.08,-116,5.50,
2026-09-02T17:45:16,2,1.607,28.55,26.7870,27.9,1.610,28.81,4.09,-116,5.50,
2026-09-02T17:45:17,2,1.592,27.33,26.7890,27.9,1.608,28.68,4.10,-117,5.75,
2026-09-02T17:45:18,2,1.609,28.74,26.7860,27.9,1.613,29.00,4.07,-117,5.50,
2026-09-02T17:45:20,2,1.598,27.84,26.7880,27.9,1.610,28.81,4.10,-116,5.75,
2026-09-02T17:45:22,2,1.606,28.49,26.7830,27.9,1.614,29.13,4.07,-116,5.50,
2026-09-02T17:45:23,2,1.591,27.26,26.7890,27.9,1.610,28.81,4.10,-116,5.25,
2026-09-02T17:45:24,2,1.595,27.58,26.7950,27.9,1.612,28.94,4.09,-116,5.75,
2026-09-02T17:45:26,2,1.591,27.26,26.7980,27.9,1.612,28.94,4.10,-116,5.50,
2026-09-02T17:45:27,2,1.609,28.74,26.7960,27.9,1.610,28.81,4.07,-116,6.00,
2026-09-02T17:45:28,2,1.606,28.49,26.7970,27.9,1.610,28.81,4.09,-116,5.50,
2026-09-02T17:45:29,2,1.591,27.26,26.8020,27.9,1.609,28.74,4.10,-116,5.50,
2026-09-02T17:45:31,2,1.594,27.52,26.7840,27.9,1.608,28.68,4.10,-117,5.50,
2026-09-02T17:45:33,2,1.592,27.33,26.7820,27.9,1.611,28.87,4.09,-116,5.25,
2026-09-02T17:45:34,2,1.608,28.68,26.7870,27.9,1.611,28.87,4.07,-116,5.75,
2026-09-02T17:45:35,2,1.591,27.26,26.7820,27.9,1.608,28.68,4.10,-116,5.50,
2026-09-02T17:45:36,2,1.610,28.81,26.7850,27.9,1.612,28.94,4.07,-117,5.75,
2026-09-02T17:45:38,2,1.594,27.52,26.7750,27.9,1.610,28.81,4.10,-116,5.75,
2026-09-02T17:45:39,2,1.608,28.62,26.7760,27.9,1.612,28.94,4.07,-116,5.75,
2026-09-02T17:45:40,2,1.594,27.52,26.7760,27.9,1.608,28.68,4.10,-116,5.75,
2026-09-02T17:45:41,2,1.594,27.52,26.7710,27.9,1.613,29.00,4.08,-116,5.25,
2026-09-02T17:45:42,2,1.603,28.23,26.7710,27.9,1.612,28.94,4.07,-116,5.75,
2026-09-02T17:45:43,2,1.595,27.58,26.7660,27.9,1.608,28.68,4.10,-117,5.75,
2026-09-02T17:45:45,2,1.611,28.87,26.7660,27.9,1.613,29.07,4.06,-116,5.50,
2026-09-02T17:45:46,2,1.605,28.42,26.7660,27.9,1.610,28.81,4.09,-116,6.00,
2026-09-02T17:45:47,2,1.592,27.39,26.7730,27.9,1.611,28.87,4.10,-116,5.75,
2026-09-02T17:45:48,2,1.607,28.55,26.7650,27.9,1.612,28.94,4.07,-116,5.75,
2026-09-02T17:45:49,2,1.592,27.39,26.7630,27.9,1.621,29.65,4.10,-117,5.75,
2026-09-02T17:45:50,2,1.592,27.33,26.7770,27.9,1.613,29.07,4.08,-116,5.75,
2026-09-02T17:45:51,2,1.608,28.68,26.7750,27.9,1.612,28.94,4.07,-117,5.50,
2026-09-02T17:45:52,2,1.591,27.26,26.7760,27.9,1.609,28.74,4.10,-117,5.50,
2026-09-02T17:45:53,2,1.613,29.07,26.7830,27.9,1.613,29.07,4.07,-117,5.75,
2026-09-02T17:45:55,2,1.592,27.39,26.7720,27.9,1.609,28.74,4.10,-116,6.00,
2026-09-02T17:45:57,2,1.608,28.68,26.7720,27.9,1.613,29.00,4.07,-117,5.50,
2026-09-02T17:45:58,2,1.592,27.39,26.7840,27.9,1.610,28.81,4.09,-116,5.75,
2026-09-02T17:45:59,2,1.600,28.04,26.7810,27.9,1.613,29.00,4.08,-116,5.75,
2026-09-02T17:46:00,2,1.607,28.55,26.7800,27.9,1.613,29.00,4.07,-116,5.75,
2026-09-02T17:46:01,2,1.592,27.33,26.7900,27.9,1.607,28.55,4.10,-116,5.50,
2026-09-02T17:46:02,2,1.591,27.26,26.7940,27.9,1.611,28.87,4.09,-117,5.50,
2026-09-02T17:46:03,2,1.608,28.68,26.7910,27.9,1.609,28.74,4.08,-116,5.75,
2026-09-02T17:46:04,2,1.593,27.45,26.7990,27.9,1.610,28.81,4.10,-117,6.00,
2026-09-02T17:46:05,2,1.609,28.74,26.7970,27.9,1.613,29.00,4.07,-116,5.75,
2026-09-02T17:46:06,2,1.606,28.49,26.7920,27.9,1.613,29.07,4.09,-116,6.00,
2026-09-02T17:46:07,2,1.596,27.65,26.7950,27.9,1.611,28.87,4.08,-116,5.75,
2026-09-02T17:46:09,2,1.608,28.68,26.7980,27.9,1.612,28.94,4.07,-117,6.00,
2026-09-02T17:46:10,2,1.588,27.00,26.7920,27.9,1.608,28.68,4.10,-116,6.00,
2026-09-02T17:46:11,2,1.592,27.39,26.7970,27.9,1.614,29.13,4.09,-116,5.50,
2026-09-02T17:46:12,2,1.607,28.55,26.7910,27.9,1.611,28.87,4.07,-116,6.00,
2026-09-02T17:46:13,2,1.591,27.26,26.7840,27.9,1.610,28.81,4.10,-117,5.50,
2026-09-02T17:46:14,2,1.611,28.87,26.7850,27.9,1.613,29.00,4.07,-116,5.50,
2026-09-02T17:46:15,2,1.608,28.62,26.7830,27.9,1.608,28.68,4.08,-116,5.75,
2026-09-02T17:46:17,2,1.607,28.55,26.7840,27.9,1.613,29.00,4.07,-116,5.50,
2026-09-02T17:46:18,2,1.592,27.39,26.7760,27.9,1.608,28.68,4.10,-116,5.50,
2026-09-02T17:46:20,2,1.606,28.49,26.7850,27.9,1.611,28.87,4.08,-116,5.50,
2026-09-02T17:46:21,2,1.609,28.74,26.7850,27.9,1.613,29.07,4.07,-117,5.50,
2026-09-02T17:46:23,2,1.612,28.94,26.7860,27.9,1.613,29.07,4.07,-116,5.50,
2026-09-02T17:46:24,2,1.608,28.62,26.7820,27.9,1.611,28.87,4.09,-116,5.75,
2026-09-02T17:46:25,2,1.591,27.26,26.7800,27.9,1.609,28.74,4.10,-116,5.50,
2026-09-02T17:46:26,2,1.607,28.55,26.7790,27.9,1.613,29.00,4.07,-116,6.00,
2026-09-02T17:46:28,2,1.594,27.52,26.7700,27.9,1.610,28.81,4.09,-116,5.75,
2026-09-02T17:46:29,2,1.609,28.74,26.7640,27.9,1.613,29.00,4.07,-116,6.00,
2026-09-02T17:46:30,2,1.594,27.52,26.7740,27.9,1.610,28.81,4.10,-116,5.75,
2026-09-02T17:46:32,2,1.608,28.62,26.7840,27.9,1.613,29.00,4.07,-116,6.00,
2026-09-02T17:46:33,2,1.608,28.62,26.7840,27.9,1.612,28.94,4.09,-116,5.75,
2026-09-02T17:46:34,2,1.594,27.52,26.7840,27.9,1.608,28.68,4.10,-117,6.00,
2026-09-02T17:46:35,2,1.608,28.68,26.7830,27.9,1.611,28.87,4.07,-116,5.75,
2026-09-02T17:46:36,2,1.592,27.39,26.7910,27.9,1.609,28.74,4.10,-116,5.50,
2026-09-02T17:46:37,2,1.594,27.52,26.7890,27.9,1.607,28.55,4.08,-116,5.75,
2026-09-02T17:46:38,2,1.608,28.62,26.7970,27.9,1.613,29.00,4.07,-116,5.75,
2026-09-02T17:46:39,2,1.592,27.33,26.8010,27.9,1.610,28.81,4.10,-117,6.00,
2026-09-02T17:46:40,2,1.610,28.81,26.7990,27.9,1.611,28.87,4.07,-117,6.00,
2026-09-02T17:46:41,2,1.606,28.49,26.7890,27.9,1.609,28.74,4.09,-116,5.50,
2026-09-02T17:46:42,2,1.590,27.20,26.7820,27.9,1.609,28.74,4.10,-116,5.75,
2026-09-02T17:46:44,2,1.608,28.62,26.7810,27.9,1.612,28.94,4.07,-116,5.75,
2026-09-02T17:46:45,2,1.595,27.58,26.7900,27.9,1.616,29.26,4.08,-117,5.50,
2026-09-02T17:46:46,2,1.592,27.39,26.7900,27.9,1.609,28.74,4.08,-117,5.75,
2026-09-02T17:46:47,2,1.607,28.55,26.7980,27.9,1.610,28.81,4.07,-116,5.75,
2026-09-02T17:46:48,2,1.592,27.33,26.7990,27.9,1.609,28.74,4.10,-117,5.50,
2026-09-02T17:46:49,2,1.592,27.39,26.8040,27.9,1.610,28.81,4.09,-117,5.75,
2026-09-02T17:46:50,2,1.606,28.49,26.8030,27.9,1.610,28.81,4.09,-116,5.25,
2026-09-02T17:46:51,2,1.596,27.65,26.7950,27.9,1.612,28.94,4.10,-116,5.75,
2026-09-02T17:46:52,2,1.610,28.81,26.7880,27.9,1.614,29.13,4.07,-116,5.75,
2026-09-02T17:46:53,2,1.605,28.42,26.7890,27.9,1.609,28.74,4.09,-116,5.50,
2026-09-02T17:46:54,2,1.596,27.65,26.7810,27.9,1.613,29.00,4.08,-116,5.50,
2026-09-02T17:46:56,2,1.607,28.55,26.7820,27.9,1.610,28.81,4.07,-116,5.75,
2026-09-02T17:46:57,2,1.592,27.33,26.7830,27.9,1.611,28.87,4.10,-116,5.75,
2026-09-02T17:46:58,2,1.593,27.45,26.7840,27.9,1.612,28.94,4.09,-117,5.25,
2026-09-02T17:46:59,2,1.607,28.55,26.7810,27.9,1.610,28.81,4.07,-116,5.75,
2026-09-02T17:47:00,2,1.589,27.13,26.7730,27.9,1.608,28.62,4.10,-116,5.75,
2026-09-02T17:47:01,2,1.610,28.81,26.7810,27.9,1.613,29.00,4.07,-116,6.00,
2026-09-02T17:47:02,2,1.607,28.55,26.7780,27.9,1.613,29.00,4.09,-116,5.25,
2026-09-02T17:47:03,2,1.591,27.26,26.7780,27.9,1.610,28.81,4.10,-116,5.75,
2026-09-02T17:47:04,2,1.606,28.49,26.7750,27.9,1.613,29.07,4.07,-117,5.50,
2026-09-02T17:47:05,2,1.592,27.39,26.7710,27.9,1.609,28.74,4.10,-116,5.75,
2026-09-02T17:47:06,2,1.592,27.33,26.7680,27.9,1.612,28.94,4.08,-116,5.75,
2026-09-02T17:47:08,2,1.606,28.49,26.7660,27.9,1.611,28.87,4.08,-116,6.50,
2026-09-02T17:47:09,2,1.592,27.33,26.7600,27.9,1.609,28.74,4.10,-116,5.50,
2026-09-02T17:47:10,2,1.612,28.94,26.7630,27.9,1.613,29.00,4.07,-116,5.50,
2026-09-02T17:47:11,2,1.606,28.49,26.7680,27.9,1.610,28.81,4.09,-116,5.75,
2026-09-02T17:47:12,2,1.593,27.45,26.7740,27.9,1.608,28.62,4.10,-116,5.50,
2026-09-02T17:47:14,2,1.592,27.33,26.7770,27.9,1.609,28.74,4.10,-116,5.75,
2026-09-02T17:47:15,2,1.593,27.45,26.7910,27.9,1.611,28.87,4.08,-117,5.50,
2026-09-02T17:47:16,2,1.607,28.55,26.7940,27.9,1.611,28.87,4.07,-117,6.00,
2026-09-02T17:47:17,2,1.591,27.26,26.7930,27.9,1.609,28.74,4.10,-116,5.75,
2026-09-02T17:47:20,2,1.605,28.42,26.7950,27.9,1.610,28.81,4.09,-116,5.50,
2026-09-02T17:47:21,2,1.595,27.58,26.7950,27.9,1.612,28.94,4.10,-116,5.50,
2026-09-02T17:47:22,2,1.608,28.62,26.7990,27.9,1.611,28.87,4.07,-116,6.00,
2026-09-02T17:47:23,2,1.591,27.26,26.8020,27.9,1.610,28.81,4.10,-115,6.50,
2026-09-02T17:47:25,2,1.609,28.74,26.8100,27.9,1.611,28.87,4.07,-116,5.75,
2026-09-02T17:47:26,2,1.593,27.45,26.8080,27.9,1.610,28.81,4.10,-117,5.50,
2026-09-02T17:47:28,2,1.607,28.55,26.8130,27.9,1.610,28.81,4.09,-116,5.50,
2026-09-02T17:47:31,2,1.610,28.81,26.8050,27.9,1.612,28.94,4.07,-117,5.50,
2026-09-02T17:47:32,2,1.592,27.33,26.8010,27.9,1.608,28.68,4.08,-116,5.50,
2026-09-02T17:47:33,2,1.592,27.39,26.8020,27.9,1.610,28.81,4.08,-116,6.00,
2026-09-02T17:47:34,2,1.608,28.62,26.8000,27.9,1.615,29.20,4.07,-116,6.00,
2026-09-02T17:47:35,2,1.592,27.39,26.7910,27.9,1.610,28.81,4.10,-117,5.75,
2026-09-02T17:47:36,2,1.592,27.33,26.7860,27.9,1.610,28.81,4.08,-116,5.50,
2026-09-02T17:47:37,2,1.606,28.49,26.7830,27.9,1.611,28.87,4.09,-116,5.50,
2026-09-02T17:47:38,2,1.592,27.39,26.7820,27.9,1.611,28.87,4.10,-117,5.50,
2026-09-02T17:47:39,2,1.609,28.74,26.7840,27.9,1.611,28.87,4.07,-117,6.00,
2026-09-02T17:47:40,2,1.608,28.68,26.7820,27.9,1.612,28.94,4.09,-117,5.50,
2026-09-02T17:47:41,2,1.592,27.39,26.7850,27.9,1.617,29.32,4.08,-117,5.50,
2026-09-02T17:47:43,2,1.604,28.29,26.7920,27.9,1.613,29.07,4.07,-116,5.75,
2026-09-02T17:47:44,2,1.591,27.26,26.7890,27.9,1.610,28.81,4.10,-117,5.50,
2026-09-02T17:47:45,2,1.592,27.39,26.7930,27.9,1.612,28.94,4.08,-116,5.25,
2026-09-02T17:47:46,2,1.608,28.62,26.7980,27.9,1.613,29.07,4.07,-117,5.50,
2026-09-02T17:47:47,2,1.595,27.58,26.8010,27.9,1.608,28.62,4.10,-117,5.25,
2026-09-02T17:47:48,2,1.611,28.87,26.8050,27.9,1.613,29.00,4.05,-117,5.50,
2026-09-02T17:47:49,2,1.607,28.55,26.8080,27.9,1.608,28.68,4.09,-117,5.00,
2026-09-02T17:47:50,2,1.592,27.39,26.8090,27.9,1.610,28.81,4.10,-117,5.25,
2026-09-02T17:47:51,2,1.609,28.74,26.8120,27.9,1.610,28.81,4.07,-117,5.50,
2026-09-02T17:47:52,2,1.592,27.33,26.8120,27.9,1.612,28.94,4.10,-117,5.25,
2026-09-02T17:47:53,2,1.592,27.39,26.8150,27.9,1.611,28.87,4.08,-116,5.50,
2026-09-02T17:47:55,2,1.608,28.68,26.8220,27.9,1.609,28.74,4.07,-117,5.50,
2026-09-02T17:47:56,2,1.591,27.26,26.8210,27.9,1.611,28.87,4.10,-116,5.50,
2026-09-02T17:47:57,2,1.612,28.94,26.8220,27.9,1.613,29.00,4.07,-117,5.50,
2026-09-02T17:47:58,2,1.607,28.55,26.8270,27.9,1.608,28.62,4.09,-117,5.50,
2026-09-02T17:47:59,2,1.593,27.45,26.8230,27.9,1.610,28.81,4.10,-117,5.75,
2026-09-02T17:48:00,2,1.607,28.55,26.8230,27.9,1.601,28.10,4.07,-116,6.00,
2026-09-02T17:48:01,2,1.594,27.52,26.8250,27.9,1.610,28.81,4.10,-117,5.75,
2026-09-02T17:48:02,2,1.595,27.58,26.8210,27.9,1.608,28.68,4.08,-117,5.75,
2026-09-02T17:48:03,2,1.608,28.62,26.8220,27.9,1.610,28.81,4.07,-116,5.50,
2026-09-02T17:48:04,2,1.590,27.20,26.8210,27.9,1.608,28.68,4.10,-117,5.50,
2026-09-02T17:48:06,2,1.613,29.00,26.8190,27.9,1.612,28.94,4.07,-117,5.50,
2026-09-02T17:48:07,2,1.607,28.55,26.8170,27.9,1.610,28.81,4.09,-116,5.25,
2026-09-02T17:48:08,2,1.595,27.58,26.8110,27.9,1.611,28.87,4.10,-117,5.25,
2026-09-02T17:48:09,2,1.608,28.62,26.8120,27.9,1.611,28.87,4.07,-116,5.75,
2026-09-02T17:48:11,2,1.595,27.58,26.8120,27.9,1.622,29.78,4.08,-117,5.50,
2026-09-02T17:48:12,2,1.610,28.81,26.8180,27.9,1.612,28.94,4.07,-117,5.75,
2026-09-02T17:48:13,2,1.595,27.58,26.8170,27.9,1.610,28.81,4.10,-117,4.00,
2026-09-02T17:48:14,2,1.614,29.13,26.8120,27.9,1.613,29.00,4.07,-117,5.75,
2026-09-02T17:48:16,2,1.592,27.39,26.8180,27.9,1.609,28.74,4.10,-117,5.25,
2026-09-02T17:48:18,2,1.608,28.62,26.8100,27.9,1.611,28.87,4.07,-117,5.75,
2026-09-02T17:48:19,2,1.594,27.52,26.8110,27.9,1.608,28.62,4.09,-116,5.25,
2026-09-02T17:48:20,2,1.592,27.39,26.8120,27.9,1.611,28.87,4.08,-117,5.50,
2026-09-02T17:48:22,2,1.592,27.33,26.8190,27.9,1.612,28.94,4.10,-117,5.50,
2026-09-02T17:48:23,2,1.594,27.52,26.8180,27.9,1.609,28.74,4.08,-117,5.50,
2026-09-02T17:48:24,2,1.607,28.55,26.8170,27.9,1.610,28.81,4.08,-117,5.25,
2026-09-02T17:48:25,2,1.595,27.58,26.8080,27.9,1.608,28.68,4.10,-117,5.25,
2026-09-02T17:48:27,2,1.606,28.49,26.8110,27.9,1.609,28.74,4.08,-116,5.50,
2026-09-02T17:48:28,2,1.592,27.33,26.8100,27.9,1.613,29.00,4.08,-117,5.50,
2026-09-02T17:48:30,2,1.609,28.74,26.8100,27.9,1.610,28.81,4.07,-116,6.75,
2026-09-02T17:48:31,2,1.592,27.33,26.8070,27.9,1.608,28.68,4.10,-116,5.25,
2026-09-02T17:48:33,2,1.607,28.55,26.8060,27.9,1.608,28.68,4.08,-117,5.25,
2026-09-02T17:48:34,2,1.594,27.52,26.8130,27.9,1.607,28.55,4.10,-117,5.50,
2026-09-02T17:48:35,2,1.613,29.07,26.8180,27.9,1.613,29.00,4.07,-117,5.50,
2026-09-02T17:48:36,2,1.605,28.42,26.8060,27.9,1.612,28.94,4.09,-117,5.25,
2026-09-02T17:48:37,2,1.593,27.45,26.8080,27.9,1.613,29.00,4.08,-117,5.50,
2026-09-02T17:48:38,2,1.608,28.68,26.8110,27.9,1.611,28.87,4.07,-117,5.50,
2026-09-02T17:48:39,2,1.592,27.33,26.8010,27.9,1.610,28.81,4.10,-117,5.50,
2026-09-02T17:48:40,2,1.592,27.39,26.7990,27.9,1.615,29.20,4.08,-117,5.50,
2026-09-02T17:48:42,2,1.608,28.62,26.7920,27.9,1.609,28.74,4.08,-117,5.25,
2026-09-02T17:48:43,2,1.592,27.39,26.7850,27.9,1.612,28.94,4.10,-117,5.25,
2026-09-02T17:48:44,2,1.608,28.68,26.7900,27.9,1.611,28.87,4.07,-117,6.00,
2026-09-02T17:48:45,2,1.607,28.55,26.7970,27.9,1.611,28.87,4.09,-117,5.00,
2026-09-02T17:48:46,2,1.596,27.71,26.8000,27.9,1.614,29.13,4.09,-116,5.50,
2026-09-02T17:48:47,2,1.608,28.68,26.8010,27.9,1.611,28.87,4.07,-117,5.50,
2026-09-02T17:48:48,2,1.592,27.39,26.8070,27.9,1.607,28.55,4.10,-116,5.50,
2026-09-02T17:48:49,2,1.595,27.58,26.8040,27.9,1.610,28.81,4.08,-117,5.50,
2026-09-02T17:48:50,2,1.608,28.62,26.8040,27.9,1.610,28.81,4.07,-116,5.75,
2026-09-02T17:48:51,2,1.592,27.39,26.8080,27.9,1.608,28.68,4.10,-117,3.75,
2026-09-02T17:48:53,2,1.611,28.87,26.8070,27.9,1.615,29.20,4.07,-116,5.75,
2026-09-02T17:48:54,2,1.604,28.36,26.8000,27.9,1.612,28.94,4.09,-116,5.50,
2026-09-02T17:48:55,2,1.592,27.33,26.8000,27.9,1.611,28.87,4.10,-116,5.75,
2026-09-02T17:48:56,2,1.608,28.62,26.8000,27.9,1.613,29.00,4.07,-116,5.75,
2026-09-02T17:48:57,2,1.596,27.71,26.8020,27.9,1.609,28.74,4.10,-116,5.75,
2026-09-02T17:48:58,2,1.593,27.45,26.8040,27.9,1.613,29.00,4.08,-116,5.75,
2026-09-02T17:48:59,2,1.606,28.49,26.8090,27.9,1.611,28.87,4.07,-116,6.00,
2026-09-02T17:49:00,2,1.592,27.39,26.8090,27.9,1.617,29.32,4.10,-117,5.50,
2026-09-02T17:49:01,2,1.612,28.94,26.8070,27.9,1.611,28.87,4.07,-116,6.25,
2026-09-02T17:49:02,2,1.606,28.49,26.8020,27.9,1.614,29.13,4.08,-117,5.50,
2026-09-02T17:49:03,2,1.592,27.33,26.7990,27.9,1.607,28.55,4.10,-116,5.75,
2026-09-02T17:49:05,2,1.610,28.81,26.8020,27.9,1.613,29.07,4.07,-117,5.75,
2026-09-02T17:49:06,2,1.596,27.71,26.8030,27.9,1.608,28.68,4.09,-117,5.25,
2026-09-02T17:49:07,2,1.592,27.33,26.8000,27.9,1.612,28.94,4.00,-113,4.50,
2026-09-02T17:49:08,2,1.607,28.55,26.7930,27.9,1.611,28.87,4.07,-116,5.75,
2026-09-02T17:49:09,2,1.591,27.26,26.7970,27.9,1.609,28.74,4.10,-117,5.50,
2026-09-02T17:49:10,2,1.596,27.65,26.7910,27.9,1.610,28.81,4.08,-117,5.75,
2026-09-02T17:49:11,2,1.608,28.62,26.7890,27.9,1.611,28.87,4.09,-116,5.50,
2026-09-02T17:49:13,2,1.609,28.74,26.7910,27.9,1.611,28.87,4.07,-117,5.75,
2026-09-02T17:49:14,2,1.606,28.49,26.7940,27.9,1.613,29.07,4.08,-117,5.75,
2026-09-02T17:49:15,2,1.593,27.45,26.7970,27.9,1.612,28.94,4.08,-117,5.50,
2026-09-02T17:49:17,2,1.608,28.68,26.7880,27.9,1.611,28.87,4.07,-116,5.50,
2026-09-02T17:49:19,2,1.592,27.33,26.7810,27.9,1.612,28.94,4.09,-116,5.50,
2026-09-02T17:49:20,2,1.605,28.42,26.7840,27.9,1.609,28.74,4.09,-117,5.25,
2026-09-02T17:49:21,2,1.592,27.33,26.7870,27.9,1.610,28.81,4.10,-117,5.00,
2026-09-02T17:49:22,2,1.611,28.87,26.7830,27.9,1.613,29.00,4.07,-116,5.75,
2026-09-02T17:49:24,2,1.593,27.45,26.7850,27.9,1.613,29.00,4.08,-116,5.50,
2026-09-02T17:49:25,2,1.610,28.81,26.7790,27.9,1.612,28.94,4.07,-117,5.50,
2026-09-02T17:49:26,2,1.592,27.39,26.7720,27.9,1.606,28.49,4.10,-116,5.50,
2026-09-02T17:49:27,2,1.594,27.52,26.7630,27.9,1.611,28.87,4.08,-116,5.50,
2026-09-02T17:49:29,2,1.606,28.49,26.7650,27.9,1.610,28.81,4.09,-117,5.50,
2026-09-02T17:49:30,2,1.592,27.39,26.7740,27.9,1.609,28.74,4.10,-117,5.25,
2026-09-02T17:49:31,2,1.613,29.00,26.7800,27.9,1.611,28.87,4.07,-117,5.75,
2026-09-02T17:49:32,2,1.604,28.29,26.7850,27.9,1.612,28.94,4.08,-116,5.50,
2026-09-02T17:49:33,2,1.596,27.65,26.7770,27.9,1.609,28.74,4.08,-116,5.75,
2026-09-02T17:49:34,2,1.608,28.68,26.7800,27.9,1.612,28.94,4.07,-116,5.75,
2026-09-02T17:49:35,2,1.592,27.33,26.7690,27.9,1.611,28.87,4.10,-117,5.50,
2026-09-02T17:49:36,2,1.592,27.39,26.7670,27.9,1.623,29.84,4.09,-117,5.50,
2026-09-02T17:49:37,2,1.608,28.68,26.7640,27.9,1.610,28.81,4.08,-117,5.25,
2026-09-02T17:49:38,2,1.600,27.97,26.7660,27.9,1.609,28.74,4.10,-116,5.50,
2026-09-02T17:49:40,2,1.613,29.07,26.7660,27.9,1.610,28.81,4.07,-117,5.75,
2026-09-02T17:49:41,2,1.604,28.36,26.7650,27.9,1.609,28.74,4.08,-116,5.50,
2026-09-02T17:49:42,2,1.592,27.39,26.7680,27.9,1.609,28.74,4.10,-117,5.75,
2026-09-02T17:49:43,2,1.608,28.68,26.7720,27.9,1.614,29.13,4.07,-116,5.50,
2026-09-02T17:49:44,2,1.591,27.26,26.7690,27.9,1.609,28.74,4.10,-117,5.50,
2026-09-02T17:49:45,2,1.592,27.33,26.7670,27.9,1.611,28.87,4.08,-116,5.75,
2026-09-02T17:49:46,2,1.608,28.68,26.7760,27.9,1.623,29.84,4.07,-116,6.00,
2026-09-02T17:49:47,2,1.592,27.39,26.7710,27.9,1.608,28.62,4.10,-117,5.75,
2026-09-02T17:49:48,2,1.613,29.00,26.7860,27.9,1.612,28.94,4.06,-117,5.50,
2026-09-02T17:49:49,2,1.608,28.62,26.7830,27.9,1.609,28.74,4.08,-117,5.50,
2026-09-02T17:49:50,2,1.593,27.45,26.7750,27.9,1.611,28.87,4.10,-117,5.75,
2026-09-02T17:49:52,2,1.605,28.42,26.7790,27.9,1.617,29.32,4.07,-116,5.25,
2026-09-02T17:49:53,2,1.592,27.39,26.7840,27.9,1.608,28.68,4.10,-117,5.50,
2026-09-02T17:49:54,2,1.592,27.39,26.7830,27.9,1.613,29.00,4.08,-116,5.50,
2026-09-02T17:49:55,2,1.605,28.42,26.7840,27.9,1.611,28.87,4.08,-116,5.25,
2026-09-02T17:49:56,2,1.592,27.39,26.7890,27.9,1.609,28.74,4.10,-117,5.25,
2026-09-02T17:49:57,2,1.593,27.45,26.7900,27.9,1.613,29.00,4.08,-117,5.50,
2026-09-02T17:49:58,2,1.608,28.62,26.7890,27.9,1.608,28.68,4.08,-117,5.75,
2026-09-02T17:49:59,2,1.590,27.20,26.7960,27.9,1.610,28.81,4.10,-116,5.75,
2026-09-02T17:50:00,2,1.608,28.68,26.7980,27.9,1.613,29.07,4.07,-116,6.25,
2026-09-02T17:50:01,2,1.604,28.36,26.8070,27.9,1.609,28.74,4.08,-117,5.50,
2026-09-02T17:50:02,2,1.594,27.52,26.8020,27.9,1.613,29.07,4.08,-117,5.25,
2026-09-02T17:50:04,2,1.608,28.62,26.8040,27.9,1.613,29.07,4.07,-116,5.75,
2026-09-02T17:50:05,2,1.592,27.39,26.8060,27.9,1.608,28.62,4.10,-117,5.50,
2026-09-02T17:50:06,2,1.592,27.39,26.8080,27.9,1.614,29.13,4.08,-116,5.75,
2026-09-02T17:50:07,2,1.608,28.62,26.8060,27.9,1.608,28.62,4.09,-116,5.25,
2026-09-02T17:50:08,2,1.592,27.39,26.7920,27.9,1.608,28.68,4.10,-116,5.50,
2026-09-02T17:50:10,2,1.606,28.49,26.7870,27.9,1.609,28.74,4.09,-116,5.50,
2026-09-02T17:50:11,2,1.595,27.58,26.7920,27.9,1.613,29.00,4.08,-117,5.50,
2026-09-02T17:50:12,2,1.607,28.55,26.7930,27.9,1.614,29.13,4.07,-117,5.50,
2026-09-02T17:50:13,2,1.592,27.33,26.7790,27.9,1.608,28.62,4.10,-117,5.50,
2026-09-02T17:50:16,2,1.606,28.49,26.7760,27.9,1.608,28.68,4.08,-116,5.50,
2026-09-02T17:50:17,2,1.592,27.33,26.7770,27.9,1.612,28.94,4.10,-116,5.75,
2026-09-02T17:50:18,2,1.610,28.81,26.7760,27.9,1.610,28.81,4.07,-117,5.50,
2026-09-02T17:50:19,2,1.606,28.49,26.7750,27.9,1.609,28.74,4.07,-117,6.00,
2026-09-02T17:50:21,2,1.608,28.68,26.7820,27.9,1.611,28.87,4.07,-117,5.75,
2026-09-02T17:50:22,2,1.591,27.26,26.7810,27.9,1.610,28.81,4.10,-116,5.50,
2026-09-02T17:50:23,2,1.592,27.39,26.7800,27.9,1.613,29.07,4.08,-116,5.50,
2026-09-02T17:50:24,2,1.605,28.42,26.7840,27.9,1.610,28.81,4.08,-116,5.75,
2026-09-02T17:50:25,2,1.592,27.39,26.7830,27.9,1.613,29.00,4.10,-117,5.25,
2026-09-02T17:50:27,2,1.611,28.87,26.7890,27.9,1.612,28.94,4.06,-116,5.50,
2026-09-02T17:50:28,2,1.604,28.29,26.7980,27.9,1.605,28.42,4.09,-116,5.75,
2026-09-02T17:50:29,2,1.591,27.26,26.7850,27.9,1.609,28.74,4.09,-117,5.50,
2026-09-02T17:50:30,2,1.609,28.74,26.7900,27.9,1.613,29.07,4.07,-116,5.75,
2026-09-02T17:50:31,2,1.594,27.52,26.7910,27.9,1.609,28.74,4.10,-116,5.75,
2026-09-02T17:50:32,2,1.594,27.52,26.7850,27.9,1.611,28.87,4.07,-116,5.75,
2026-09-02T17:50:33,2,1.608,28.68,26.7880,27.9,1.613,29.07,4.06,-116,5.50,
2026-09-02T17:50:34,2,1.590,27.20,26.7920,27.9,1.608,28.62,4.10,-117,5.75,
2026-09-02T17:50:35,2,1.611,28.87,26.7920,27.9,1.611,28.87,4.07,-117,5.50,
2026-09-02T17:50:36,2,1.607,28.55,26.7940,27.9,1.608,28.68,4.08,-117,6.50,
2026-09-02T17:50:37,2,1.592,27.33,26.7970,27.9,1.608,28.68,4.10,-117,5.50,
2026-09-02T17:50:39,2,1.608,28.62,26.7910,27.9,1.614,29.13,4.07,-117,5.50,
2026-09-02T17:50:40,2,1.591,27.26,26.7880,27.9,1.609,28.74,4.10,-117,5.00,
2026-09-02T17:50:41,2,1.594,27.52,26.7800,27.9,1.612,28.94,4.08,-117,5.75,
2026-09-02T17:50:42,2,1.606,28.49,26.7690,27.9,1.611,28.87,4.07,-116,5.75,
2026-09-02T17:50:43,2,1.592,27.39,26.7640,27.9,1.609,28.74,4.09,-117,5.25,
2026-09-02T17:50:44,2,1.592,27.39,26.7690,27.9,1.611,28.87,4.09,-117,5.50,
2026-09-02T17:50:45,2,1.606,28.49,26.7700,27.9,1.611,28.87,4.08,-117,5.50,
2026-09-02T17:50:46,2,1.597,27.78,26.7670,27.9,1.611,28.87,4.10,-117,5.50,
2026-09-02T17:50:47,2,1.610,28.81,26.7630,27.9,1.611,28.87,4.07,-116,5.75,
2026-09-02T17:50:48,2,1.608,28.62,26.7580,27.9,1.610,28.81,4.09,-116,5.50,
2026-09-02T17:50:49,2,1.592,27.33,26.7600,27.9,1.609,28.74,4.08,-116,5.50,
2026-09-02T17:50:51,2,1.607,28.55,26.7580,27.9,1.613,29.00,4.07,-117,6.00,
2026-09-02T17:50:52,2,1.590,27.20,26.7590,27.9,1.610,28.81,4.10,-116,5.25,
2026-09-02T17:50:53,2,1.592,27.39,26.7650,27.9,1.613,29.00,4.08,-117,5.75,
2026-09-02T17:50:54,2,1.606,28.49,26.7660,27.9,1.611,28.87,4.08,-117,5.50,
2026-09-02T17:50:55,2,1.592,27.33,26.7680,27.9,1.612,28.94,4.09,-116,5.25,
2026-09-02T17:50:56,2,1.608,28.68,26.7650,27.9,1.613,29.00,4.07,-117,5.25,
2026-09-02T17:50:57,2,1.604,28.36,26.7560,27.9,1.608,28.62,4.09,-117,6.00,
2026-09-02T17:50:58,2,1.592,27.39,26.7560,27.9,1.609,28.74,4.08,-117,5.50,
2026-09-02T17:50:59,2,1.608,28.68,26.7620,27.9,1.612,28.94,4.07,-117,5.50,
2026-09-02T17:51:00,2,1.591,27.26,26.7700,27.9,1.610,28.81,4.10,-117,5.75,
2026-09-02T17:51:01,2,1.595,27.58,26.7770,27.9,1.611,28.87,4.08,-117,5.75,
2026-09-02T17:51:03,2,1.606,28.49,26.7840,27.9,1.610,28.81,4.09,-116,5.25,
2026-09-02T17:51:04,2,1.590,27.20,26.7750,27.9,1.610,28.81,4.10,-116,5.50,
2026-09-02T17:51:05,2,1.612,28.94,26.7720,27.9,1.613,29.07,4.06,-116,5.50,
2026-09-02T17:51:07,2,1.592,27.39,26.7830,27.9,1.609,28.74,4.08,-117,5.25,
2026-09-02T17:51:08,2,1.608,28.62,26.7870,27.9,1.616,29.26,4.07,-117,5.50,
2026-09-02T17:51:09,2,1.592,27.39,26.7930,27.9,1.609,28.74,4.10,-116,5.25,
2026-09-02T17:51:10,2,1.592,27.33,26.7910,27.9,1.613,29.00,4.08,-117,5.25,
2026-09-02T17:51:12,2,1.592,27.39,26.7800,27.9,1.608,28.68,4.10,-117,5.25,
2026-09-02T17:51:14,2,1.610,28.81,26.7760,27.9,1.612,28.94,4.07,-117,5.50,
2026-09-02T17:51:15,2,1.605,28.42,26.7750,27.9,1.611,28.87,4.09,-116,5.25,
2026-09-02T17:51:16,2,1.592,27.33,26.7830,27.9,1.610,28.81,4.08,-117,5.50,
2026-09-02T17:51:18,2,1.594,27.52,26.7920,27.9,1.609,28.74,4.09,-116,5.50,
2026-09-02T17:51:19,2,1.592,27.33,26.7880,27.9,1.609,28.74,4.08,-117,5.50,
2026-09-02T17:51:20,2,1.606,28.49,26.7830,27.9,1.613,29.00,4.08,-117,5.50,
2026-09-02T17:51:21,2,1.594,27.52,26.7780,27.9,1.614,29.13,4.10,-117,5.50,
2026-09-02T17:51:22,2,1.615,29.20,26.7740,27.9,1.613,29.07,4.07,-116,5.25,
2026-09-02T17:51:23,2,1.607,28.55,26.7690,27.9,1.611,28.87,4.08,-117,5.50,
2026-09-02T17:51:24,2,1.593,27.45,26.7730,27.9,1.608,28.62,4.10,-116,5.75,
2026-09-02T17:51:26,2,1.608,28.68,26.7730,27.9,1.611,28.87,4.07,-117,5.75,
2026-09-02T17:51:27,2,1.592,27.33,26.7690,27.9,1.611,28.87,4.10,-117,5.75,
2026-09-02T17:51:28,2,1.591,27.26,26.7630,27.9,1.613,29.00,4.08,-117,5.50,
2026-09-02T17:51:29,2,1.607,28.55,26.7670,27.9,1.615,29.20,4.07,-117,5.75,
2026-09-02T17:51:30,2,1.592,27.39,26.7670,27.9,1.608,28.68,4.10,-117,5.50,
2026-09-02T17:51:31,2,1.592,27.39,26.7700,27.9,1.619,29.52,4.08,-117,5.50,
2026-09-02T17:51:32,2,1.605,28.42,26.7670,27.9,1.610,28.81,4.08,-117,4.50,
2026-09-02T17:51:33,2,1.592,27.39,26.7690,27.9,1.608,28.62,4.10,-116,5.25,
2026-09-02T17:51:34,2,1.607,28.55,26.7720,27.9,1.612,28.94,4.07,-117,5.50,
2026-09-02T17:51:35,2,1.606,28.49,26.7720,27.9,1.613,29.07,4.09,-117,5.00,
2026-09-02T17:51:36,2,1.592,27.39,26.7670,27.9,1.611,28.87,4.08,-117,5.25,
2026-09-02T17:51:38,2,1.607,28.55,26.7680,27.9,1.617,29.32,4.07,-116,5.75,
2026-09-02T17:51:39,2,1.592,27.33,26.7730,27.9,1.609,28.74,4.10,-116,5.75,
2026-09-02T17:51:40,2,1.594,27.52,26.7710,27.9,1.614,29.13,4.08,-116,5.50,
2026-09-02T17:51:41,2,1.608,28.62,26.7720,27.9,1.611,28.87,4.08,-117,5.75,
2026-09-02T17:51:42,2,1.591,27.26,26.7820,27.9,1.609,28.74,4.10,-117,5.25,
2026-09-02T17:51:43,2,1.610,28.81,26.7880,27.9,1.612,28.94,4.06,-116,5.50,
2026-09-02T17:51:44,2,1.603,28.23,26.7860,27.9,1.610,28.81,4.08,-117,5.25,
2026-09-02T17:51:45,2,1.592,27.39,26.7900,27.9,1.609,28.74,4.08,-116,5.50,
2026-09-02T17:51:46,2,1.611,28.87,26.7840,27.9,1.611,28.87,4.07,-116,5.50,
2026-09-02T17:51:47,2,1.595,27.58,26.7980,27.9,1.609,28.74,4.10,-116,5.50,
2026-09-02T17:51:48,2,1.596,27.71,26.7910,27.9,1.610,28.81,4.09,-117,6.25,
2026-09-02T17:51:50,2,1.606,28.49,26.7860,27.9,1.609,28.74,4.08,-117,5.50,
2026-09-02T17:51:51,2,1.593,27.45,26.7880,27.9,1.609,28.74,4.10,-117,5.00,
2026-09-02T17:51:52,2,1.613,29.00,26.7970,27.9,1.610,28.81,4.06,-116,5.75,
2026-09-02T17:51:53,2,1.605,28.42,26.7910,27.9,1.610,28.81,4.08,-117,5.75,
2026-09-02T17:51:54,2,1.592,27.33,26.7900,27.9,1.611,28.87,4.08,-117,5.50,
2026-09-02T17:51:55,2,1.607,28.55,26.7870,27.9,1.613,29.07,4.07,-116,5.50,
2026-09-02T17:51:56,2,1.592,27.39,26.7870,27.9,1.608,28.62,4.10,-116,5.50,
2026-09-02T17:51:57,2,1.596,27.65,26.7890,27.9,1.610,28.81,4.08,-116,5.75,
2026-09-02T17:51:58,2,1.606,28.49,26.7870,27.9,1.609,28.74,4.08,-117,5.50,
2026-09-02T17:51:59,2,1.591,27.26,26.7940,27.9,1.599,27.91,4.10,-117,5.75,
2026-09-02T17:52:01,2,1.613,29.07,26.8000,27.9,1.613,29.00,4.07,-117,5.75,
2026-09-02T17:52:02,2,1.605,28.42,26.7990,27.9,1.608,28.68,4.08,-117,5.25,
2026-09-02T17:52:04,2,1.608,28.68,26.7980,27.9,1.609,28.74,4.07,-116,5.75,
2026-09-02T17:52:05,2,1.590,27.20,26.7910,27.9,1.609,28.74,4.10,-117,5.75,
2026-09-02T17:52:06,2,1.593,27.45,26.7930,27.9,1.612,28.94,4.08,-117,5.50,
2026-09-02T17:52:07,2,1.610,28.81,26.7910,27.9,1.610,28.81,4.08,-117,5.50,
2026-09-02T17:52:09,2,1.613,29.00,26.7880,27.9,1.614,29.13,4.07,-117,5.50,
2026-09-02T17:52:10,2,1.608,28.68,26.7940,27.9,1.608,28.68,4.08,-117,5.50,
2026-09-02T17:52:11,2,1.595,27.58,26.7960,27.9,1.612,28.94,4.08,-117,5.25,
2026-09-02T17:52:13,2,1.607,28.55,26.8010,27.9,1.610,28.81,4.06,-117,5.25,
2026-09-02T17:52:15,2,1.592,27.39,26.7920,27.9,1.613,29.07,4.08,-117,5.00,
2026-09-02T17:52:16,2,1.610,28.81,26.7930,27.9,1.614,29.13,4.07,-116,5.75,
2026-09-02T17:52:17,2,1.593,27.45,26.7880,27.9,1.609,28.74,4.10,-117,5.50,
2026-09-02T17:52:18,2,1.596,27.71,26.7820,27.9,1.613,29.00,4.08,-117,5.25,
2026-09-02T17:52:19,2,1.607,28.55,26.7790,27.9,1.610,28.81,4.08,-117,5.75,
2026-09-02T17:52:20,2,1.592,27.39,26.7790,27.9,1.608,28.62,4.10,-116,5.75,
2026-09-02T17:52:21,2,1.608,28.62,26.7760,27.9,1.613,29.00,4.07,-116,5.75,
2026-09-02T17:52:22,2,1.604,28.36,26.7730,27.9,1.610,28.81,4.09,-117,5.50,
2026-09-02T17:52:23,2,1.592,27.33,26.7840,27.9,1.611,28.87,4.08,-116,5.75,
2026-09-02T17:52:25,2,1.608,28.62,26.7920,27.9,1.613,29.00,4.07,-116,5.75,
2026-09-02T17:52:26,2,1.594,27.52,26.7880,27.9,1.609,28.74,4.10,-117,5.50,
2026-09-02T17:52:27,2,1.592,27.39,26.7870,27.9,1.610,28.81,4.08,-117,5.50,
2026-09-02T17:52:28,2,1.607,28.55,26.7910,27.9,1.612,28.94,4.08,-116,5.50,
2026-09-02T17:52:29,2,1.592,27.33,26.7920,27.9,1.610,28.81,4.10,-117,5.50,
2026-09-02T17:52:30,2,1.609,28.74,26.7890,27.9,1.613,29.00,4.06,-117,5.50,
2026-09-02T17:52:32,2,1.590,27.20,26.7860,27.9,1.608,28.68,4.08,-117,5.50,
2026-09-02T17:52:33,2,1.604,28.36,26.7820,27.9,1.613,29.07,4.06,-116,5.50,
2026-09-02T17:52:34,2,1.593,27.45,26.7990,27.9,1.607,28.55,4.10,-117,5.50,
2026-09-02T17:52:35,2,1.594,27.52,26.7950,27.9,1.613,29.00,4.08,-117,5.50,
2026-09-02T17:52:37,2,1.608,28.68,26.8020,27.9,1.608,28.68,4.08,-117,5.50,
2026-09-02T17:52:38,2,1.592,27.33,26.8110,27.9,1.611,28.87,4.10,-117,5.50,
2026-09-02T17:52:39,2,1.614,29.13,26.8090,27.9,1.613,29.07,4.06,-117,5.50,
2026-09-02T17:52:40,2,1.608,28.62,26.8070,27.9,1.607,28.55,4.08,-117,5.75,
2026-09-02T17:52:41,2,1.594,27.52,26.8100,27.9,1.612,28.94,4.08,-117,5.25,
2026-09-02T17:52:42,2,1.608,28.62,26.8110,27.9,1.609,28.74,4.07,-116,5.75,
2026-09-02T17:52:43,2,1.587,26.94,26.8190,27.9,1.608,28.68,4.09,-116,5.25,
2026-09-02T17:52:44,2,1.592,27.39,26.8140,27.9,1.610,28.81,4.08,-117,5.50,
2026-09-02T17:52:45,2,1.606,28.49,26.7970,27.9,1.610,28.81,4.08,-117,5.50,
2026-09-02T17:52:46,2,1.592,27.39,26.7950,27.9,1.610,28.81,4.10,-117,5.25,
2026-09-02T17:52:47,2,1.611,28.87,26.7900,27.9,1.609,28.74,4.07,-117,5.75,
2026-09-02T17:52:49,2,1.607,28.55,26.7890,27.9,1.610,28.81,4.08,-117,5.75,
2026-09-02T17:52:50,2,1.592,27.39,26.7870,27.9,1.616,29.26,4.08,-117,5.50,
2026-09-02T17:52:51,2,1.607,28.55,26.7930,27.9,1.613,29.00,4.07,-117,5.75,
2026-09-02T17:52:52,2,1.592,27.39,26.7920,27.9,1.611,28.87,4.10,-117,5.75,
2026-09-02T17:52:53,2,1.589,27.13,26.7940,27.9,1.613,29.00,4.08,-117,5.25,
2026-09-02T17:52:54,2,1.607,28.55,26.7860,27.9,1.610,28.81,4.08,-116,5.75,
2026-09-02T17:52:55,2,1.592,27.39,26.7860,27.9,1.607,28.55,4.09,-117,5.25,
2026-09-02T17:52:56,2,1.613,29.00,26.7940,27.9,1.610,28.81,4.07,-117,5.25,
2026-09-02T17:52:57,2,1.607,28.55,26.7950,27.9,1.609,28.74,4.08,-117,5.75,
2026-09-02T17:52:58,2,1.592,27.33,26.7980,27.9,1.612,28.94,4.08,-117,5.75,
2026-09-02T17:53:01,2,1.592,27.33,26.7980,27.9,1.610,28.81,4.09,-117,5.00,
2026-09-02T17:53:02,2,1.592,27.33,26.7930,27.9,1.611,28.87,4.08,-117,5.25,
2026-09-02T17:53:03,2,1.608,28.62,26.7820,27.9,1.609,28.74,4.08,-117,5.50,13
2026-09-02T17:53:04,2,1.590,27.20,26.7760,27.9,1.609,28.74,4.09,-117,5.50,
2026-09-02T17:53:06,2,1.606,28.49,26.7890,27.9,1.621,29.71,4.08,-118,4.00,
2026-09-02T17:53:07,2,1.592,27.39,26.7940,27.9,1.613,29.00,4.10,-116,5.50,
2026-09-02T17:53:08,2,1.608,28.68,26.7980,27.9,1.613,29.00,4.07,-115,6.75,
2026-09-02T17:53:09,2,1.606,28.49,26.8080,27.9,1.612,28.94,4.08,-115,6.00,
2026-09-02T17:53:12,2,1.610,28.81,26.8080,27.9,1.613,29.07,4.07,-123,-3.25,
2026-09-02T17:53:13,2,1.594,27.52,26.8050,27.9,1.610,28.81,4.10,-124,-6.00,
2026-09-02T17:53:14,2,1.595,27.58,26.8030,27.9,1.611,28.87,4.08,-123,-5.50,
2026-09-02T17:53:15,2,1.607,28.55,26.8090,27.9,1.611,28.87,4.08,-123,-4.75,
2026-09-02T17:53:17,2,1.608,28.68,26.7970,27.9,1.611,28.87,4.07,-118,4.50,
2026-09-02T17:53:18,2,1.597,27.78,26.8000,27.9,1.613,29.07,4.08,-118,4.00,
2026-09-02T17:53:19,2,1.592,27.39,26.7950,27.9,1.612,28.94,4.08,-118,4.50,
2026-09-02T17:53:20,2,1.607,28.55,26.7930,27.9,1.613,29.00,4.07,-118,4.25,
2026-09-02T17:53:21,2,1.592,27.39,26.7900,27.9,1.617,29.39,4.10,-118,3.75,
2026-09-02T17:53:22,2,1.596,27.65,26.7960,27.9,1.611,28.87,4.08,-118,3.75,
2026-09-02T17:53:24,2,1.604,28.36,26.8010,27.9,1.621,29.71,4.08,-118,3.75,
2026-09-02T17:53:25,2,1.590,27.20,26.8080,27.9,1.609,28.74,4.09,-118,4.00,
2026-09-02T17:53:26,2,1.610,28.81,26.8060,27.9,1.613,29.07,4.06,-118,3.75,
2026-09-02T17:53:27,2,1.608,28.62,26.8050,27.9,1.613,29.00,4.08,-119,3.25,
2026-09-02T17:53:28,2,1.592,27.39,26.8050,27.9,1.611,28.87,4.08,-117,5.00,
2026-09-02T17:53:29,2,1.608,28.68,26.8080,27.9,1.613,29.07,4.07,-119,3.25,
2026-09-02T17:53:30,2,1.590,27.20,26.8040,27.9,1.611,28.87,4.09,-117,5.00,
2026-09-02T17:53:31,2,1.595,27.58,26.8070,27.9,1.611,28.87,4.08,-121,0.00,
2026-09-02T17:53:32,2,1.607,28.55,26.8050,27.9,1.611,28.87,4.08,-121,0.00,
2026-09-02T17:53:33,2,1.592,27.39,26.8070,27.9,1.613,29.00,4.10,-122,-0.25,
2026-09-02T17:53:34,2,1.608,28.68,26.7950,27.9,1.610,28.81,4.06,-122,-0.75,
2026-09-02T17:53:37,2,1.584,26.75,26.7740,27.9,1.600,28.04,4.08,-118,4.00,
2026-09-02T17:53:38,2,1.592,27.33,26.6450,27.9,1.597,27.78,4.07,-117,5.75,
2026-09-02T17:53:39,2,1.566,25.26,26.4120,27.9,1.586,26.87,4.10,-117,5.25,
2026-09-02T17:53:40,2,1.559,24.68,26.0760,27.9,1.575,26.04,4.08,-116,5.75,
2026-09-02T17:53:41,2,1.561,24.88,25.6630,27.9,1.567,25.39,4.08,-117,5.25,
2026-09-02T17:53:42,2,1.543,23.46,25.1790,27.9,1.558,24.62,4.16,-124,-10.25,
2026-09-02T17:53:43,2,1.551,24.10,24.6250,27.9,1.548,23.84,4.06,-119,2.50,
2026-09-02T17:53:44,2,1.534,22.68,24.0120,27.9,1.537,22.94,4.08,-120,3.00,
2026-09-02T17:53:45,2,1.511,20.88,22.6220,27.9,1.529,22.30,4.08,-119,3.00,
2026-09-02T17:53:47,2,1.515,21.20,21.8600,27.9,1.517,21.39,4.07,-119,3.50,
2026-09-02T17:53:48,2,1.487,18.95,21.0640,27.9,1.505,20.36,4.09,-120,2.25,
2026-09-02T17:53:49,2,1.489,19.14,20.2280,27.9,1.494,19.53,4.08,-115,6.50,
2026-09-02T17:53:50,2,1.481,18.49,19.3720,27.9,1.471,17.66,4.08,-117,5.25,
2026-09-02T17:53:51,2,1.447,15.79,18.4750,27.9,1.461,16.88,4.10,-117,4.75,
2026-09-02T17:53:52,2,1.454,16.30,17.6120,27.9,1.453,16.24,4.07,-118,4.75,
2026-09-02T17:53:53,2,1.443,15.46,16.7730,27.9,1.443,15.46,4.09,-117,5.00,
2026-09-02T17:53:54,2,1.418,13.47,15.9540,27.9,1.434,14.75,4.08,-117,5.00,
2026-09-02T17:53:55,2,1.433,14.63,15.1600,27.9,1.432,14.56,4.07,-118,4.75,
2026-09-02T17:53:57,2,1.401,12.05,13.0100,27.9,1.418,13.47,4.07,-115,6.50,
2026-09-02T17:53:59,2,1.413,13.01,12.4570,27.9,1.413,13.01,4.08,-118,3.75,
2026-09-02T17:54:00,2,1.395,11.60,11.9830,27.9,1.406,12.50,4.10,-121,1.50,
2026-09-02T17:54:01,2,1.389,11.14,11.5690,27.9,1.404,12.30,4.09,-115,5.75,
2026-09-02T17:54:02,2,1.401,12.11,11.2160,27.9,1.401,12.11,4.08,-115,5.75,
2026-09-02T17:54:03,2,1.382,10.56,10.9110,27.9,1.398,11.85,4.10,-117,5.00,
2026-09-02T17:54:04,2,1.396,11.66,10.6510,27.9,1.397,11.79,4.06,-118,5.25,
2026-09-02T17:54:05,2,1.395,11.60,10.4360,27.9,1.394,11.53,4.08,-117,5.00,
2026-09-02T17:54:06,2,1.381,10.50,10.2580,27.9,1.394,11.53,4.08,-117,5.00,
2026-09-02T17:54:08,2,1.382,10.56,9.9600,27.9,1.398,11.85,4.10,-117,4.25,
2026-09-02T17:54:09,2,1.381,10.50,9.9180,27.9,1.399,11.92,4.08,-118,4.00,
2026-09-02T17:54:11,2,1.398,11.85,9.9770,27.9,1.397,11.79,4.08,-119,3.75,
2026-09-02T17:54:12,2,1.382,10.56,10.0230,27.9,1.399,11.92,4.10,-118,4.25,
2026-09-02T17:54:14,2,1.401,12.05,10.1300,27.9,1.404,12.30,4.08,-117,5.50,
2026-09-02T17:54:15,2,1.390,11.21,10.2260,27.9,1.408,12.63,4.08,-117,5.00,
2026-09-02T17:54:16,2,1.401,12.05,10.3120,27.9,1.409,12.76,4.06,-119,3.75,
2026-09-02T17:54:17,2,1.390,11.21,10.3910,27.9,1.407,12.56,4.09,-116,5.25,
2026-09-02T17:54:18,2,1.393,11.47,10.4660,27.9,1.409,12.69,4.08,-119,2.50,
2026-09-02T17:54:19,2,1.407,12.56,10.5400,27.9,1.408,12.63,4.07,-115,7.00,
2026-09-02T17:54:20,2,1.391,11.27,10.6840,27.9,1.409,12.69,4.09,-115,6.25,
2026-09-02T17:54:21,2,1.397,11.72,10.7500,27.9,1.413,13.01,4.08,-115,6.25,
2026-09-02T17:54:23,2,1.408,12.63,10.8200,27.9,1.411,12.88,4.08,-115,6.75,
2026-09-02T17:54:24,2,1.397,11.72,10.8880,27.9,1.415,13.21,4.08,-115,6.75,
2026-09-02T17:54:25,2,1.413,13.01,10.9590,27.9,1.414,13.14,4.07,-116,6.00,
2026-09-02T17:54:26,2,1.409,12.76,11.0290,27.9,1.415,13.21,4.08,-115,6.50,
2026-09-02T17:54:27,2,1.401,12.05,11.0990,27.9,1.416,13.27,4.08,-115,6.25,
2026-09-02T17:54:28,2,1.413,13.08,11.1720,27.9,1.419,13.53,4.07,-116,6.50,
2026-09-02T17:54:29,2,1.399,11.92,11.2410,27.9,1.415,13.21,4.09,-115,5.75,
2026-09-02T17:54:30,2,1.401,12.11,11.3210,27.9,1.415,13.21,4.08,-116,6.00,
2026-09-02T17:54:31,2,1.413,13.01,11.3380,27.9,1.415,13.21,4.08,-116,6.00,
2026-09-02T17:54:32,2,1.399,11.92,11.4060,27.9,1.414,13.14,4.10,-116,5.75,
2026-09-02T17:54:33,2,1.418,13.47,11.4220,27.9,1.414,13.14,4.06,-115,6.50,
2026-09-02T17:54:35,2,1.413,13.01,11.4040,27.9,1.413,13.08,4.08,-116,5.50,
2026-09-02T17:54:36,2,1.400,11.98,11.3950,27.9,1.415,13.21,4.08,-121,1.00,
2026-09-02T17:54:37,2,1.417,13.34,11.3900,27.9,1.416,13.27,4.06,-119,3.50,
2026-09-02T17:54:38,2,1.399,11.92,11.3910,27.9,1.411,12.88,4.09,-120,1.25,
2026-09-02T17:54:39,2,1.399,11.92,11.3890,27.9,1.415,13.21,4.08,-119,2.75,
2026-09-02T17:54:40,2,1.413,13.08,11.3960,27.9,1.413,13.01,4.08,-120,2.50,
2026-09-02T17:54:41,2,1.399,11.92,11.4060,27.9,1.409,12.69,4.10,-121,0.25,
2026-09-02T17:54:42,2,1.419,13.53,11.4130,27.9,1.413,13.01,4.06,-122,-0.25,
2026-09-02T17:54:43,2,1.414,13.14,11.4210,27.9,1.414,13.14,4.08,-122,-2.75,
2026-09-02T17:54:44,2,1.402,12.18,11.4370,27.9,1.414,13.14,4.08,-123,-2.75,
2026-09-02T17:54:46,2,1.419,13.53,11.4530,27.9,1.421,13.66,4.07,-122,-0.50,
2026-09-02T17:54:47,2,1.404,12.30,11.5140,27.9,1.418,13.40,4.09,-122,-1.75,
2026-09-02T17:54:48,2,1.409,12.69,11.6170,27.9,1.422,13.79,4.08,-116,5.50,
2026-09-02T17:54:49,2,1.427,14.17,11.7590,27.9,1.429,14.30,4.08,-117,4.75,
2026-09-02T17:54:50,2,1.413,13.01,11.9220,27.9,1.427,14.17,4.10,-118,4.75,
2026-09-02T17:54:51,2,1.436,14.88,12.0950,27.9,1.436,14.88,4.06,-121,1.50,
2026-09-02T17:54:52,2,1.430,14.43,12.2740,27.9,1.436,14.88,4.08,-121,1.00,
2026-09-02T17:54:53,2,1.422,13.79,12.4560,27.9,1.442,15.33,4.08,-118,4.50,
2026-09-02T17:54:54,2,1.438,15.08,12.6250,27.9,1.444,15.53,4.06,-118,4.00,
2026-09-02T17:54:55,2,1.426,14.05,12.9410,27.9,1.445,15.59,4.09,-120,2.25,
2026-09-02T17:54:56,2,1.425,13.98,13.0980,27.9,1.451,16.11,4.08,-122,-0.75,
2026-09-02T17:54:58,2,1.444,15.53,13.2530,27.9,1.451,16.04,4.08,-122,-1.25,
2026-09-02T17:55:00,2,1.451,16.11,13.5600,27.9,1.458,16.62,4.06,-120,2.25,
2026-09-02T17:55:01,2,1.442,15.33,13.7100,27.9,1.459,16.75,4.08,-119,3.50,
2026-09-02T17:55:02,2,1.441,15.27,13.8640,27.9,1.464,17.14,4.08,-120,2.25,
2026-09-02T17:55:03,2,1.455,16.43,14.0150,27.9,1.464,17.14,4.07,-117,4.75,
2026-09-02T17:55:05,2,1.440,15.21,14.3270,27.9,1.462,16.95,4.08,-119,2.75,
2026-09-02T17:55:06,2,1.456,16.50,14.4820,27.9,1.462,16.95,4.08,-121,0.75,
2026-09-02T17:55:07,2,1.438,15.08,14.6280,27.9,1.458,16.62,4.09,-120,2.25,
2026-09-02T17:55:08,2,1.448,15.85,14.6410,27.9,1.461,16.88,4.08,-117,5.50,
2026-09-02T17:55:11,2,1.439,15.14,14.5920,27.9,1.459,16.69,4.08,-118,4.25,
2026-09-02T17:55:12,2,1.460,16.82,14.5540,27.9,1.456,16.50,4.06,-118,3.75,
2026-09-02T17:55:13,2,1.453,16.24,14.5180,27.9,1.455,16.37,4.08,-121,-0.25,
2026-09-02T17:55:14,2,1.433,14.63,14.4950,27.9,1.448,15.85,4.08,-121,-0.50,
2026-09-02T17:55:15,2,1.444,15.53,14.4860,27.9,1.445,15.59,4.08,-120,1.50,
2026-09-02T17:55:16,2,1.426,14.05,14.4820,27.9,1.438,15.01,4.10,-119,3.00,
2026-09-02T17:55:17,2,1.418,13.40,14.3960,27.9,1.434,14.75,4.08,-118,4.75,
2026-09-02T17:55:18,2,1.422,13.79,14.1670,27.9,1.418,13.47,4.08,-116,5.50,
2026-09-02T17:55:19,2,1.403,12.24,13.3580,27.9,1.414,13.14,4.08,-118,4.25,
2026-09-02T17:55:20,2,1.409,12.69,12.8290,27.9,1.407,12.56,4.06,-117,4.50,
2026-09-02T17:55:22,2,1.397,11.72,12.2170,27.9,1.394,11.53,4.08,-117,4.75,
2026-09-02T17:55:23,2,1.373,9.85,11.5300,27.9,1.385,10.82,4.08,-118,3.75,
2026-09-02T17:55:24,2,1.380,10.37,10.7950,27.9,1.700,10.18,0.00,-124,-11.00,
2026-09-02T17:55:25,2,1.342,7.34,10.0280,27.9,1.355,8.37,4.09,-119,2.75,
2026-09-02T17:55:26,2,1.336,6.89,9.2390,27.9,1.345,7.60,4.08,-120,2.00,
2026-09-02T17:55:27,2,1.337,6.95,8.4520,27.9,1.345,7.60,4.08,-117,5.00,
2026-09-02T17:55:28,2,1.315,5.21,7.6760,27.9,1.326,6.12,4.10,-119,3.25,
2026-09-02T17:55:29,2,1.307,4.57,6.8980,27.9,1.321,5.66,4.08,-115,6.00,
2026-09-02T17:55:30,2,1.314,5.08,6.1410,27.9,1.313,5.02,4.08,-117,5.00,
2026-09-02T17:55:31,2,1.295,3.60,4.7050,27.9,1.306,4.50,4.09,-117,4.75,
2026-09-02T17:55:32,2,1.309,4.70,4.0430,27.9,1.302,4.18,4.06,-117,4.75,
2026-09-02T17:55:34,2,1.295,3.60,3.5190,27.9,1.293,3.47,4.08,-117,5.00,
2026-09-02T17:55:35,2,1.280,2.38,3.0200,27.9,1.292,3.34,4.08,-117,5.50,
2026-09-02T17:55:36,2,1.294,3.54,2.5450,27.9,1.288,3.02,4.06,-116,5.50,
2026-09-02T17:55:37,2,1.285,2.83,2.1260,27.9,1.280,2.38,4.08,-116,5.25,
2026-09-02T17:55:38,2,1.269,1.54,1.7750,27.9,1.278,2.25,4.08,-116,5.25,
2026-09-02T17:55:39,2,1.285,2.76,1.4830,27.9,1.276,2.05,4.06,-116,5.50,
2026-09-02T17:55:40,2,1.277,2.18,1.2390,27.9,1.276,2.05,4.08,-116,5.50,
2026-09-02T17:55:41,2,1.260,0.83,1.0310,27.9,1.274,1.93,4.08,-116,5.50,
2026-09-02T17:55:42,2,1.280,2.38,0.9170,27.9,1.273,1.86,4.06,-117,5.25,
2026-09-02T17:55:43,2,1.263,1.02,0.6930,27.9,1.270,1.60,4.09,-116,5.50,
2026-09-02T17:55:44,2,1.263,1.02,0.6040,27.9,1.271,1.67,4.08,-117,5.00,
2026-09-02T17:55:46,2,1.276,2.12,0.5270,27.9,1.268,1.41,4.08,-115,5.75,
2026-09-02T17:55:47,2,1.260,0.76,0.4590,27.9,1.268,1.47,4.10,-116,5.50,
2026-09-02T17:55:48,2,1.260,0.76,0.3990,27.9,1.268,1.47,4.08,-117,5.50,
2026-09-02T17:55:49,2,1.273,1.86,0.3480,27.9,1.266,1.28,4.08,-116,5.50,
2026-09-02T17:55:50,2,1.258,0.64,0.3050,27.9,1.267,1.35,4.10,-115,5.75,
2026-09-02T17:55:51,2,1.260,0.76,0.2670,27.9,1.268,1.47,4.08,-116,5.50,
2026-09-02T17:55:52,2,1.272,1.80,0.2350,27.9,1.266,1.28,4.08,-116,5.25,
2026-09-02T17:55:53,2,1.259,0.70,0.2070,27.9,1.264,1.15,4.09,-116,5.50,
2026-09-02T17:55:54,2,1.276,2.05,0.1810,27.9,1.268,1.41,4.06,-116,5.25,
2026-09-02T17:55:55,2,1.271,1.67,0.1390,27.9,1.268,1.47,4.08,-116,5.50,
2026-09-02T17:55:56,2,1.260,0.76,0.1220,27.9,1.265,1.22,4.07,-116,5.50,
2026-09-02T17:55:57,2,1.273,1.86,0.1090,27.9,1.269,1.54,4.07,-116,5.50,
2026-09-02T17:55:59,2,1.272,1.80,0.0970,27.9,1.264,1.09,4.08,-116,5.25,
2026-09-02T17:56:00,2,1.256,0.51,0.0870,27.9,1.268,1.41,4.08,-116,5.75,
2026-09-02T17:56:01,2,1.275,1.99,0.0770,27.9,1.267,1.35,4.07,-117,5.00,
2026-09-02T17:56:02,2,1.272,1.73,0.0680,27.9,1.264,1.15,4.08,-114,6.50,
2026-09-02T17:56:03,2,1.259,0.70,0.0610,27.9,1.268,1.47,4.08,-118,4.00,
2026-09-02T17:56:04,2,1.272,1.80,0.0540,27.9,1.264,1.09,4.07,-115,5.25,
2026-09-02T17:56:05,2,1.256,0.51,0.0490,27.9,1.262,0.96,4.10,-116,5.50,
2026-09-02T17:56:06,2,1.256,0.51,0.0440,27.9,1.265,1.22,4.08,-115,5.75,
2026-09-02T17:56:07,2,1.271,1.67,0.0390,27.9,1.264,1.09,4.08,-116,6.00,
2026-09-02T17:56:08,2,1.256,0.51,0.0310,27.9,1.264,1.09,4.09,-124,-5.50,
2026-09-02T17:56:09,2,1.256,0.51,0.0270,27.9,1.264,1.15,4.08,-115,6.00,
2026-09-02T17:56:11,2,1.271,1.67,0.0240,27.9,1.264,1.15,4.08,-116,5.75,
2026-09-02T17:56:12,2,1.253,0.25,0.0210,27.9,1.259,0.70,4.10,-114,-2.00,
2026-09-02T17:56:13,2,1.264,1.09,0.0180,26.9,1.265,1.22,4.08,-117,5.50,
2026-09-02T17:56:14,2,1.271,1.67,0.0160,26.9,1.264,1.09,4.08,-117,4.50,
2026-09-02T17:56:15,2,1.260,0.76,0.0140,26.9,1.264,1.15,4.07,-117,4.00,
2026-09-02T17:56:16,2,1.274,1.93,0.0120,26.9,1.264,1.09,4.06,-117,5.25,
2026-09-02T17:56:18,2,1.256,0.51,0.0100,26.9,1.264,1.15,4.08,-123,-4.25,
2026-09-02T17:56:19,2,1.274,1.93,0.0080,26.9,1.265,1.22,4.06,-123,-3.25,
2026-09-02T17:56:20,2,1.272,1.73,0.0060,26.9,1.265,1.22,4.08,-119,2.50,
2026-09-02T17:56:21,2,1.260,0.76,0.0050,26.9,1.267,1.35,4.08,-120,2.50,
2026-09-02T17:56:24,2,1.258,0.64,0.0050,26.9,1.264,1.09,4.10,-115,6.25,
2026-09-02T17:56:25,2,1.250,-0.01,0.0040,26.9,1.265,1.22,4.07,-116,5.50,
2026-09-02T17:56:26,2,1.271,1.67,0.0040,26.9,1.272,1.80,4.08,-115,5.75,
2026-09-02T17:56:27,2,1.256,0.51,0.0040,26.9,1.263,1.02,4.09,-116,5.75,
2026-09-02T17:56:29,2,1.271,1.67,0.0060,26.9,1.264,1.09,4.08,-116,5.75,
2026-09-02T17:56:30,2,1.256,0.51,0.0070,26.9,1.266,1.28,4.09,-116,5.75,
2026-09-02T17:56:31,2,1.258,0.64,0.0080,26.9,1.263,1.02,4.08,-116,5.50,
2026-09-02T17:56:32,2,1.271,1.67,0.0090,26.9,1.264,1.15,4.08,-116,5.75,
2026-09-02T17:56:34,2,1.277,2.18,0.0120,26.9,1.264,1.15,4.06,-116,5.50,
2026-09-02T17:56:36,2,1.272,1.73,0.0130,26.9,1.262,0.96,4.08,-116,5.50,
2026-09-02T17:56:37,2,1.259,0.70,0.0130,26.9,1.265,1.22,4.08,-116,5.50,
2026-09-02T17:56:38,2,1.276,2.12,0.0140,26.9,1.265,1.22,4.06,-116,5.25,
2026-09-02T17:56:39,2,1.269,1.54,0.0150,26.9,1.264,1.15,4.08,-116,5.75,
2026-09-02T17:56:40,2,1.258,0.64,0.0150,26.9,1.264,1.09,4.08,-120,1.25,
2026-09-02T17:56:41,2,1.272,1.80,0.0150,26.9,1.267,1.35,4.06,-121,-0.75,
2026-09-02T17:56:42,2,1.270,1.60,0.0150,26.9,1.264,1.09,4.08,-122,-2.25,
2026-09-02T17:56:43,2,1.257,0.57,0.0140,26.9,1.264,1.15,4.08,-122,-1.75,
2026-09-02T17:56:44,2,1.272,1.73,0.0140,26.9,1.265,1.22,4.07,-121,-0.75,
2026-09-02T17:56:45,2,1.260,0.76,0.0130,26.9,1.261,0.89,4.10,-117,4.25,
2026-09-02T17:56:46,2,1.258,0.64,0.0120,26.9,1.265,1.22,4.08,-117,4.75,
2026-09-02T17:56:48,2,1.272,1.73,0.0110,26.9,1.266,1.28,4.08,-117,5.50,
2026-09-02T17:56:49,2,1.258,0.64,0.0090,26.9,1.262,0.96,4.10,-116,5.75,
2026-09-02T17:56:50,2,1.256,0.51,0.0070,26.9,1.265,1.22,4.09,-115,6.75,
2026-09-02T17:56:51,2,1.272,1.73,0.0050,26.9,1.264,1.09,4.08,-115,6.00,
2026-09-02T17:56:52,2,1.256,0.51,0.0040,26.9,1.264,1.09,4.10,-114,6.75,
2026-09-02T17:56:53,2,1.256,0.51,0.0030,26.9,1.264,1.09,4.08,-115,6.50,
2026-09-02T17:56:54,2,1.270,1.60,0.0030,26.9,1.263,1.02,4.08,-116,5.50,
2026-09-02T17:56:55,2,1.259,0.70,0.0020,26.9,1.263,1.02,4.09,-115,6.00,
2026-09-02T17:56:56,2,1.276,2.12,0.0010,26.9,1.264,1.09,4.06,-116,5.75,
2026-09-02T17:56:57,2,1.272,1.73,0.0010,26.9,1.265,1.22,4.08,-116,5.50,
2026-09-02T17:56:58,2,1.259,0.70,0.0010,26.9,1.266,1.28,4.07,-119,3.00,
2026-09-02T17:56:59,2,1.275,1.99,0.0010,26.9,1.272,1.80,4.06,-115,6.25,
2026-09-02T17:57:01,2,1.272,1.80,0.0050,26.9,1.263,1.02,4.08,-116,5.75,
2026-09-02T17:57:02,2,1.257,0.57,0.0110,26.9,1.265,1.22,4.07,-116,5.50,
2026-09-02T17:57:03,2,1.273,1.86,0.0160,26.9,1.265,1.22,4.07,-116,5.50,
2026-09-02T17:57:04,2,1.270,1.60,0.0230,26.9,1.266,1.28,4.08,-116,5.75,
2026-09-02T17:57:05,2,1.258,0.64,0.0290,26.9,1.264,1.15,4.07,-116,5.50,
2026-09-02T17:57:06,2,1.272,1.73,0.0340,26.9,1.265,1.22,4.08,-116,6.00,
2026-09-02T17:57:07,2,1.258,0.64,0.0400,26.9,1.264,1.15,4.09,-116,5.50,
2026-09-02T17:57:08,2,1.258,0.64,0.0450,26.9,1.263,1.02,4.08,-116,6.25,
2026-09-02T17:57:09,2,1.272,1.73,0.0510,26.9,1.265,1.22,4.08,-116,5.50,
2026-09-02T17:57:10,2,1.257,0.57,0.0610,26.9,1.265,1.22,4.10,-115,6.00,
2026-09-02T17:57:11,2,1.259,0.70,0.0660,26.9,1.264,1.15,4.08,-114,6.75,
2026-09-02T17:57:13,2,1.271,1.67,0.0720,26.9,1.264,1.15,4.08,-119,2.75,
2026-09-02T17:57:14,2,1.259,0.70,0.0760,26.9,1.264,1.15,4.09,-119,2.25,
2026-09-02T17:57:15,2,1.260,0.83,0.1010,26.9,1.265,1.22,4.08,-119,3.00,
2026-09-02T17:57:16,2,1.273,1.86,0.1380,26.9,1.267,1.35,4.08,-116,5.75,
2026-09-02T17:57:17,2,1.262,0.96,0.1790,26.9,1.275,1.99,4.08,-118,4.25,
2026-09-02T17:57:18,2,1.279,2.31,0.2230,26.9,1.268,1.47,4.06,-118,3.25,
2026-09-02T17:57:19,2,1.276,2.05,0.2680,26.9,1.265,1.22,4.08,-117,5.25,
2026-09-02T17:57:20,2,1.263,1.02,0.3110,26.9,1.268,1.47,4.08,-115,5.75,
2026-09-02T17:57:21,2,1.279,2.31,0.3420,26.9,1.271,1.67,4.06,-119,2.50,
2026-09-02T17:57:22,2,1.278,2.25,0.4140,26.9,1.268,1.41,4.08,-117,5.50,
2026-09-02T17:57:23,2,1.266,1.28,0.4660,26.9,1.269,1.54,4.08,-116,5.00,
2026-09-02T17:57:24,2,1.281,2.51,0.5220,26.9,1.270,1.60,4.06,-116,5.25,
2026-09-02T17:57:26,2,1.280,2.38,0.5830,26.9,1.269,1.54,4.08,-117,4.75,
2026-09-02T17:57:27,2,1.268,1.47,0.6450,26.9,1.272,1.80,4.08,-116,5.75,
2026-09-02T17:57:28,2,1.283,2.63,0.7090,26.9,1.271,1.67,4.08,-115,5.75,
2026-09-02T17:57:29,2,1.268,1.41,0.7770,26.9,1.272,1.73,4.09,-115,6.25,
2026-09-02T17:57:30,2,1.270,1.60,0.8450,26.9,1.279,2.31,4.08,-115,5.75,
2026-09-02T17:57:31,2,1.286,2.89,0.9160,26.9,1.274,1.93,4.08,-115,5.25,
2026-09-02T17:57:32,2,1.272,1.80,0.9890,26.9,1.276,2.05,4.08,-117,5.00,
2026-09-02T17:57:33,2,1.273,1.86,1.0620,26.9,1.275,1.99,4.08,-115,6.00,
2026-09-02T17:57:34,2,1.285,2.76,1.1390,26.9,1.276,2.05,4.08,-115,6.25,
2026-09-02T17:57:36,2,1.287,2.96,1.2320,26.9,1.279,2.31,4.08,-119,3.00,
2026-09-02T17:57:38,2,1.281,2.51,1.2600,26.9,1.278,2.25,4.08,-118,4.50,
2026-09-02T17:57:39,2,1.274,1.93,1.2920,26.9,1.280,2.38,4.08,-121,-0.25,
2026-09-02T17:57:40,2,1.293,3.41,1.3310,26.9,1.282,2.57,4.06,-120,1.50,
2026-09-02T17:57:41,2,1.287,2.96,1.3730,26.9,1.281,2.51,4.08,-116,3.25,
2026-09-02T17:57:42,2,1.274,1.93,1.4210,26.9,1.281,2.51,4.08,-118,4.00,
2026-09-02T17:57:43,2,1.293,3.41,1.4520,26.9,1.284,2.70,4.07,-117,4.50,
2026-09-02T17:57:44,2,1.289,3.15,1.4710,26.9,1.285,2.83,4.08,-118,3.75,
2026-09-02T17:57:45,2,1.276,2.12,1.4890,26.9,1.284,2.70,4.08,-118,3.75,
2026-09-02T17:57:46,2,1.293,3.41,1.5110,26.9,1.285,2.76,4.06,-116,0.50,
2026-09-02T17:57:47,2,1.275,1.99,1.5640,26.9,1.283,2.63,4.09,-117,5.00,
2026-09-02T17:57:48,2,1.279,2.31,1.5950,26.9,1.289,3.09,4.08,-117,5.00,
2026-09-02T17:57:50,2,1.293,3.47,1.6310,26.9,1.289,3.09,4.08,-118,4.25,
2026-09-02T17:57:51,2,1.278,2.25,1.6690,26.9,1.282,2.57,4.09,-119,2.50,
2026-09-02T17:57:53,2,1.296,3.67,1.7550,26.9,1.292,3.34,4.08,-122,-1.50,
2026-09-02T17:57:54,2,1.276,2.12,1.8010,26.9,1.288,3.02,4.09,-118,4.00,
2026-09-02T17:57:55,2,1.285,2.83,1.8490,26.9,1.293,3.41,4.08,-119,2.25,
2026-09-02T17:57:56,2,1.298,3.86,1.9010,26.9,1.293,3.41,4.08,-118,3.25,
2026-09-02T17:57:58,2,1.304,4.31,2.0060,26.9,1.297,3.73,4.06,-118,2.75,
2026-09-02T17:57:59,2,1.297,3.79,2.1190,26.9,1.296,3.67,4.08,-119,3.00,
2026-09-02T17:58:00,2,1.285,2.83,2.1770,26.9,1.297,3.79,4.07,-118,3.25,
2026-09-02T17:58:01,2,1.305,4.44,2.2390,26.9,1.298,3.86,4.06,-119,3.00,
2026-09-02T17:58:04,2,1.289,3.15,2.3660,26.9,1.301,4.05,4.08,-119,2.75,
2026-09-02T17:58:05,2,1.308,4.63,2.4310,26.9,1.302,4.18,4.06,-119,2.50,
2026-09-02T17:58:06,2,1.304,4.31,2.4960,26.9,1.302,4.18,4.08,-119,2.75,
2026-09-02T17:58:07,2,1.293,3.47,2.5630,26.9,1.305,4.44,4.08,-119,3.00,
2026-09-02T17:58:09,2,1.293,3.41,2.6970,26.9,1.305,4.44,4.09,-119,3.00,
2026-09-02T17:58:10,2,1.295,3.60,2.7650,26.9,1.309,4.70,4.08,-120,2.00,
2026-09-02T17:58:11,2,1.312,4.96,2.8360,26.9,1.310,4.76,4.08,-123,-3.50,
2026-09-02T17:58:12,2,1.299,3.92,2.9840,26.9,1.306,4.50,4.09,-121,0.00,
2026-09-02T17:58:13,2,1.301,4.05,3.0580,26.9,1.310,4.83,4.08,-122,-1.75,
2026-09-02T17:58:15,2,1.315,5.21,3.1330,26.9,1.311,4.89,4.08,-123,-2.75,
2026-09-02T17:58:16,2,1.297,3.73,3.2050,26.9,1.314,5.08,4.09,-122,-2.25,
2026-09-02T17:58:17,2,1.301,4.12,3.2830,26.9,1.315,5.21,4.08,-122,-3.00,
2026-09-02T17:58:18,2,1.316,5.28,3.3600,26.9,1.318,5.41,4.08,-122,-2.25,
2026-09-02T17:58:19,2,1.305,4.38,3.4360,26.9,1.317,5.34,4.07,-122,-2.00,
2026-09-02T17:58:20,2,1.325,5.99,3.5110,26.9,1.320,5.60,4.06,-122,-1.50,
2026-09-02T17:58:21,2,1.318,5.47,3.5910,26.9,1.319,5.54,4.08,-122,-1.75,
2026-09-02T17:58:22,2,1.310,4.83,3.6690,26.9,1.322,5.73,4.08,-122,-2.25,
2026-09-02T17:58:23,2,1.324,5.92,3.7480,26.9,1.323,5.86,4.06,-122,-1.50,
2026-09-02T17:58:24,2,1.322,5.73,3.9100,26.9,1.325,5.99,4.00,-123,-3.50,
2026-09-02T17:58:25,2,1.306,4.50,3.9910,26.9,1.326,6.05,4.08,-121,-1.75,
2026-09-02T17:58:26,2,1.336,6.89,4.0710,26.9,1.328,6.24,4.08,-121,-0.75,
2026-09-02T17:58:28,2,1.325,5.99,4.1570,26.9,1.328,6.24,4.08,-123,-4.50,
2026-09-02T17:58:29,2,1.314,5.15,4.2400,26.9,1.334,6.70,4.08,-120,0.75,
2026-09-02T17:58:30,2,1.331,6.50,4.3270,26.9,1.334,6.70,4.08,-121,-0.25,
2026-09-02T17:58:31,2,1.317,5.34,4.4110,26.9,1.335,6.76,4.09,-122,-0.75,
2026-09-02T17:58:32,2,1.319,5.54,4.4930,26.9,1.335,6.76,4.08,-122,-1.25,
2026-09-02T17:58:33,2,1.335,6.76,4.6920,26.9,1.340,7.21,4.08,-122,-1.00,
2026-09-02T17:58:34,2,1.320,5.60,4.7980,26.9,1.341,7.28,4.09,-122,-1.50,
2026-09-02T17:58:35,2,1.324,5.92,4.9040,26.9,1.343,7.47,4.08,-122,-0.50,
2026-09-02T17:58:36,2,1.338,7.02,5.0140,26.9,1.343,7.41,4.08,-122,-1.50,
2026-09-02T17:58:37,2,1.327,6.18,5.2220,26.9,1.347,7.79,4.08,-121,-1.25,
2026-09-02T17:58:38,2,1.327,6.18,5.3310,26.9,1.347,7.73,4.08,-122,-1.75,
2026-09-02T17:58:40,2,1.342,7.34,5.4430,26.9,1.347,7.79,4.08,-121,-0.50,
2026-09-02T17:58:41,2,1.330,6.37,5.5530,26.9,1.351,8.11,4.08,-122,-1.00,
2026-09-02T17:58:42,2,1.352,8.18,5.6630,26.9,1.353,8.24,4.06,-122,-1.50,
2026-09-02T17:58:43,2,1.347,7.79,5.7760,26.9,1.355,8.44,4.08,-122,-1.25,
2026-09-02T17:58:44,2,1.330,6.44,5.8840,26.9,1.359,8.76,4.08,-121,-1.25,
2026-09-02T17:58:45,2,1.355,8.37,5.9960,26.9,1.362,8.95,4.06,-122,-1.75,
2026-09-02T17:58:46,2,1.351,8.11,6.1090,26.9,1.360,8.82,4.08,-122,-1.75,
2026-09-02T17:58:47,2,1.341,7.28,6.2220,26.9,1.362,8.95,4.07,-122,-1.00,
2026-09-02T17:58:48,2,1.358,8.63,6.3330,26.9,1.364,9.08,4.08,-122,-1.50,
2026-09-02T17:58:49,2,1.345,7.60,6.5560,26.9,1.363,9.02,4.08,-122,-1.00,
2026-09-02T17:58:50,2,1.345,7.60,6.6690,26.9,1.366,9.27,4.08,-122,-1.50,
2026-09-02T17:58:52,2,1.361,8.89,6.7910,26.9,1.368,9.40,4.07,-121,-1.00,
2026-09-02T17:58:53,2,1.347,7.73,6.9020,26.9,1.368,9.47,4.10,-122,-1.00,
2026-09-02T17:58:54,2,1.347,7.73,7.0170,26.9,1.368,9.47,4.08,-122,-2.00,
2026-09-02T17:58:55,2,1.362,8.95,7.1350,26.9,1.375,9.98,4.08,-122,-1.00,
2026-09-02T17:58:56,2,1.354,8.31,7.2500,26.9,1.376,10.11,4.07,-121,-0.75,
2026-09-02T17:58:57,2,1.355,8.44,7.3700,26.9,1.380,10.44,4.08,-122,-1.50,
2026-09-02T17:58:58,2,1.370,9.60,7.4900,26.9,1.377,10.18,4.08,-122,-0.75,
2026-09-02T17:58:59,2,1.358,8.63,7.6070,26.9,1.379,10.31,4.08,-121,-1.00,
2026-09-02T17:59:00,2,1.378,10.24,7.7210,26.9,1.383,10.63,4.06,-122,-1.25,
2026-09-02T17:59:01,2,1.375,9.98,7.9560,26.9,1.385,10.82,4.07,-122,-0.75,
2026-09-02T17:59:02,2,1.364,9.08,8.0700,26.9,1.388,11.08,4.08,-122,-1.25,
2026-09-02T17:59:03,2,1.382,10.56,8.1870,26.9,1.390,11.21,4.06,-122,-1.00,
2026-09-02T17:59:05,2,1.379,10.31,8.3040,26.9,1.389,11.14,4.08,-121,0.50,
2026-09-02T17:59:06,2,1.367,9.34,8.4230,26.9,1.391,11.27,4.08,-120,1.00,
2026-09-02T17:59:07,2,1.384,10.69,8.5420,26.9,1.393,11.40,4.07,-121,0.25,
2026-09-02T17:59:08,2,1.384,10.76,8.6670,26.9,1.398,11.85,4.08,-121,-0.25,
2026-09-02T17:59:09,2,1.373,9.85,8.7880,26.9,1.399,11.92,4.08,-121,0.00,
2026-09-02T17:59:10,2,1.388,11.02,8.9110,26.9,1.399,11.92,4.08,-121,-0.25,
2026-09-02T17:59:11,2,1.376,10.05,9.0350,26.9,1.394,11.53,4.09,-121,-0.25,
2026-09-02T17:59:12,2,1.380,10.37,9.1510,26.9,1.403,12.24,4.08,-121,0.25,
2026-09-02T17:59:13,2,1.393,11.47,9.2830,26.9,1.406,12.50,4.07,-121,0.25,
2026-09-02T17:59:14,2,1.380,10.37,9.5240,26.9,1.408,12.63,4.09,-121,0.50,
2026-09-02T17:59:15,2,1.384,10.76,9.6480,26.9,1.402,12.18,4.08,-120,1.50,
2026-09-02T17:59:17,2,1.397,11.72,9.7730,26.9,1.410,12.82,4.08,-121,0.50,
2026-09-02T17:59:18,2,1.386,10.89,9.8920,26.9,1.414,13.14,4.07,-121,0.25,
2026-09-02T17:59:19,2,1.385,10.82,10.0160,26.9,1.416,13.27,4.08,-121,1.00,
2026-09-02T17:59:20,2,1.403,12.24,10.1420,26.9,1.418,13.40,4.07,-121,0.75,
2026-09-02T17:59:21,2,1.392,11.34,10.2650,26.9,1.418,13.47,4.08,-121,-0.25,
2026-09-02T17:59:22,2,1.409,12.76,10.3910,26.9,1.421,13.66,4.08,-121,-0.25,
2026-09-02T17:59:23,2,1.406,12.50,10.5210,26.9,1.426,14.05,4.08,-121,0.00,
2026-09-02T17:59:24,2,1.397,11.79,10.6470,26.9,1.426,14.11,4.07,-121,0.25,
2026-09-02T17:59:25,2,1.414,13.14,10.7750,26.9,1.424,13.92,4.08,-122,0.25,
2026-09-02T17:59:27,2,1.401,12.05,11.1560,26.9,1.430,14.43,4.08,-122,-0.75,
2026-09-02T17:59:29,2,1.416,13.27,11.2840,26.9,1.430,14.43,4.08,-122,-3.50,
2026-09-02T17:59:30,2,1.400,11.98,11.4140,26.9,1.435,14.82,4.08,-122,-1.50,
2026-09-02T17:59:31,2,1.422,13.79,11.5410,26.9,1.438,15.08,4.06,-120,2.50,
2026-09-02T17:59:33,2,1.411,12.88,11.7930,26.9,1.441,15.27,4.08,-120,1.50,
2026-09-02T17:59:34,2,1.429,14.30,11.9200,26.9,1.442,15.40,4.07,-119,3.00,
2026-09-02T17:59:35,2,1.413,13.01,12.0510,26.9,1.442,15.40,4.09,-119,2.75,
2026-09-02T17:59:36,2,1.413,13.08,12.1830,26.9,1.448,15.85,4.08,-120,2.50,
2026-09-02T17:59:38,2,1.422,13.79,12.5760,26.9,1.452,16.17,4.08,-120,1.25,
2026-09-02T17:59:39,2,1.440,15.21,12.7080,26.9,1.454,16.30,4.06,-120,2.00,
2026-09-02T17:59:41,2,1.438,15.01,12.8410,26.9,1.454,16.30,4.08,-120,2.00,
2026-09-02T17:59:42,2,1.423,13.85,12.9740,26.9,1.459,16.69,4.08,-122,-0.75,
2026-09-02T17:59:44,2,1.428,14.24,13.2360,26.9,1.459,16.75,4.09,-122,-1.75,
2026-09-02T17:59:45,2,1.434,14.75,13.3690,26.9,1.462,16.95,4.08,-122,-1.00,
2026-09-02T17:59:46,2,1.447,15.72,13.5030,26.9,1.463,17.08,4.08,-123,-4.75,
2026-09-02T17:59:47,2,1.436,14.88,13.6400,26.9,1.466,17.27,4.07,-121,0.50,
2026-09-02T17:59:48,2,1.455,16.37,13.7720,26.9,1.470,17.59,4.06,-121,1.25,
2026-09-02T17:59:49,2,1.452,16.17,13.9080,26.9,1.472,17.72,4.08,-120,1.50,
2026-09-02T17:59:50,2,1.438,15.08,14.1790,26.9,1.470,17.59,4.08,-120,1.50,
2026-09-02T17:59:51,2,1.457,16.56,14.3160,27.9,1.474,17.91,4.08,-120,1.50,
2026-09-02T17:59:53,2,1.442,15.40,14.4540,26.9,1.474,17.91,4.08,-120,2.00,
2026-09-02T17:59:54,2,1.447,15.72,14.5900,26.9,1.477,18.17,4.08,-120,2.00,
2026-09-02T17:59:55,2,1.463,17.01,14.7280,26.9,1.482,18.56,4.08,-120,1.75,
2026-09-02T17:59:56,2,1.451,16.04,14.8570,26.9,1.484,18.75,4.07,-120,2.25,
2026-09-02T17:59:57,2,1.452,16.17,14.9950,27.9,1.485,18.82,4.08,-120,2.00,
2026-09-02T17:59:58,2,1.467,17.40,15.1390,27.9,1.489,19.14,4.08,-120,1.75,
2026-09-02T17:59:59,2,1.457,16.56,15.2770,27.9,1.490,19.20,4.08,-120,2.25,
2026-09-02T18:00:00,2,1.474,17.91,15.4210,26.9,1.492,19.33,4.07,-120,2.50,
2026-09-02T18:00:01,2,1.472,17.72,15.6990,26.9,1.492,19.33,4.08,-120,2.50,
2026-09-02T18:00:02,2,1.462,16.95,15.8410,26.9,1.496,19.65,4.08,-120,1.75,
2026-09-02T18:00:04,2,1.475,17.98,15.9820,26.9,1.497,19.78,4.07,-120,2.25,
2026-09-02T18:00:05,2,1.465,17.20,16.1220,26.9,1.498,19.85,4.07,-120,2.00,
2026-09-02T18:00:06,2,1.466,17.27,16.2580,27.9,1.500,19.98,4.08,-120,1.75,
2026-09-02T18:00:07,2,1.483,18.62,16.3910,26.9,1.503,20.23,4.08,-120,2.00,
2026-09-02T18:00:08,2,1.471,17.66,16.5360,26.9,1.507,20.56,4.08,-121,1.25,
2026-09-02T18:00:09,2,1.491,19.27,16.6720,27.9,1.509,20.75,4.07,-120,1.75,
2026-09-02T18:00:10,2,1.487,18.95,16.8080,27.9,1.510,20.81,4.08,-120,2.00,
2026-09-02T18:00:11,2,1.480,18.36,16.9440,27.9,1.510,20.81,4.08,-120,2.25,
2026-09-02T18:00:12,2,1.492,19.40,17.0810,27.9,1.509,20.69,4.08,-121,3.00,
2026-09-02T18:00:13,2,1.480,18.43,17.3620,27.9,1.517,21.39,4.07,-120,1.75,
2026-09-02T18:00:14,2,1.484,18.75,17.4990,27.9,1.517,21.39,4.07,-120,2.25,
2026-09-02T18:00:16,2,1.496,19.72,17.6400,27.9,1.519,21.52,4.08,-120,2.25,
2026-09-02T18:00:17,2,1.488,19.01,17.7820,27.9,1.519,21.52,4.07,-121,2.00,
2026-09-02T18:00:18,2,1.504,20.30,17.9150,27.9,1.525,22.04,4.07,-120,2.25,
2026-09-02T18:00:19,2,1.502,20.17,18.0620,27.9,1.530,22.36,4.08,-121,1.75,
2026-09-02T18:00:20,2,1.493,19.46,18.1980,27.9,1.530,22.36,4.08,-120,1.75,
2026-09-02T18:00:21,2,1.512,20.94,18.3400,27.9,1.528,22.23,4.08,-120,2.00,
2026-09-02T18:00:22,2,1.498,19.85,18.4840,27.9,1.531,22.49,4.07,-120,1.75,
2026-09-02T18:00:23,2,1.501,20.11,18.6250,27.9,1.534,22.68,4.08,-118,-2.00,
2026-09-02T18:00:24,2,1.513,21.01,18.7750,27.9,1.535,22.81,4.07,-120,1.50,
2026-09-02T18:00:25,2,1.501,20.11,19.0680,27.9,1.550,23.97,4.08,-120,1.50,
2026-09-02T18:00:26,2,1.517,21.39,19.2140,27.9,1.539,23.14,4.08,-121,1.50,
2026-09-02T18:00:28,2,1.518,21.46,19.3500,27.9,1.538,23.01,4.08,-120,1.75,
2026-09-02T18:00:29,2,1.509,20.69,19.5010,27.9,1.544,23.52,4.08,-118,-2.50,
2026-09-02T18:00:30,2,1.525,21.98,19.6470,27.9,1.550,24.04,4.08,-121,1.75,
2026-09-02T18:00:31,2,1.515,21.20,19.7970,27.9,1.551,24.10,4.08,-120,2.00,
2026-09-02T18:00:32,2,1.515,21.20,19.9440,27.9,1.554,24.30,4.08,-120,1.75,
2026-09-02T18:00:33,2,1.530,22.36,20.0920,27.9,1.555,24.36,4.07,-121,2.25,
2026-09-02T18:00:36,2,1.531,22.49,20.5420,27.9,1.559,24.75,4.08,-119,3.00,
2026-09-02T18:00:37,2,9.500,21.85,20.8390,2.0,1.561,24.88,0.00,-119,-0.75,
2026-09-02T18:00:38,2,1.541,23.26,20.9870,27.9,1.564,25.13,4.08,-119,2.75,
2026-09-02T18:00:40,2,1.528,22.23,21.1360,27.9,1.568,25.46,4.09,-119,2.75,
2026-09-02T18:00:41,2,1.528,22.23,21.2800,27.9,1.568,25.46,4.08,-120,2.75,
2026-09-02T18:00:42,2,1.546,23.72,21.4300,27.9,1.571,25.71,4.08,-120,2.75,
2026-09-02T18:00:43,2,1.535,22.81,21.5800,27.9,1.575,26.04,4.08,-120,3.25,
2026-09-02T18:00:44,2,1.555,24.36,21.7180,27.9,1.579,26.29,4.05,-119,3.00,
2026-09-02T18:00:45,2,1.553,24.23,21.8600,27.9,1.576,26.10,4.08,-119,3.00,
2026-09-02T18:00:46,2,1.540,23.20,22.0110,27.9,1.579,26.36,4.08,-120,2.75,
2026-09-02T18:00:47,2,1.558,24.62,22.1640,27.9,1.580,26.42,4.08,-119,2.50,
2026-09-02T18:00:48,2,1.546,23.65,22.4660,27.9,1.585,26.81,4.07,-120,2.25,
2026-09-02T18:00:49,2,1.546,23.72,22.6180,27.9,1.585,26.81,4.08,-119,2.75,
2026-09-02T18:00:51,2,1.558,24.62,22.7710,27.9,1.588,27.07,4.08,-120,2.50,
2026-09-02T18:00:52,2,1.551,24.10,22.9260,27.9,1.588,27.07,4.08,-119,2.75,
2026-09-02T18:00:53,2,1.555,24.42,23.0780,27.9,1.592,27.39,4.08,-120,2.75,
2026-09-02T18:00:54,2,1.566,25.26,23.2260,27.9,1.595,27.58,4.08,-120,2.50,
2026-09-02T18:00:55,2,1.557,24.55,23.3780,27.9,1.600,27.97,4.08,-119,2.25,
2026-09-02T18:00:56,2,1.574,25.91,23.5240,27.9,1.600,27.97,4.07,-120,2.75,
2026-09-02T18:00:57,2,1.573,25.84,23.6750,27.9,1.600,28.04,4.08,-119,2.50,
2026-09-02T18:00:58,2,1.564,25.13,23.8270,27.9,1.603,28.23,4.07,-120,2.75,
2026-09-02T18:00:59,2,1.579,26.36,23.9710,27.9,1.605,28.42,4.08,-120,2.75,
2026-09-02T18:01:00,2,1.567,25.33,24.2770,27.9,1.609,28.74,4.07,-120,2.50,
2026-09-02T18:01:01,2,1.569,25.52,24.4280,27.9,1.610,28.81,4.08,-120,2.50,
2026-09-02T18:01:03,2,1.583,26.62,24.5790,27.9,1.613,29.00,4.08,-120,2.50,
2026-09-02T18:01:04,2,1.575,25.97,24.7400,27.9,1.614,29.13,4.08,-124,-6.75,
2026-09-02T18:01:05,2,1.597,27.78,24.8980,27.9,1.620,29.58,4.07,-120,2.25,
2026-09-02T18:01:06,2,1.589,27.13,25.0550,27.9,1.620,29.58,4.08,-116,5.75,
2026-09-02T18:01:07,2,1.579,26.36,25.2090,27.9,1.622,29.78,4.07,-116,5.75,
2026-09-02T18:01:08,2,1.597,27.78,25.3610,27.9,1.623,29.84,4.07,-116,5.50,
2026-09-02T18:01:09,2,1.587,26.94,25.5130,27.9,1.631,30.48,4.06,-121,0.75,
2026-09-02T18:01:10,2,1.588,27.07,25.6600,27.9,1.628,30.23,4.08,-120,1.50,
2026-09-02T18:01:11,2,1.603,28.23,25.8120,27.9,1.631,30.48,4.07,-118,3.75,
2026-09-02T18:01:13,2,1.610,28.81,26.2840,27.9,1.634,30.74,4.07,-117,5.25,
2026-09-02T18:01:15,2,1.608,28.62,26.4390,27.9,1.634,30.74,4.08,-120,1.00,
2026-09-02T18:01:16,2,1.596,27.65,26.6000,27.9,1.636,30.87,4.08,-122,-1.00,
2026-09-02T18:01:17,2,1.615,29.20,26.7530,27.9,1.644,31.52,4.08,-122,-0.50,
2026-09-02T18:01:18,2,1.604,28.29,26.9100,27.9,1.643,31.45,4.08,-121,0.00,
2026-09-02T18:01:19,2,1.605,28.42,27.0750,27.9,1.646,31.71,4.07,-122,-0.25,
2026-09-02T18:01:21,2,1.613,29.07,27.3880,27.9,1.649,31.90,4.08,-121,-0.50,
2026-09-02T18:01:22,2,1.630,30.42,27.5480,27.9,1.652,32.16,4.07,-122,-0.25,
2026-09-02T18:01:23,2,1.625,30.03,27.7090,27.9,1.656,32.48,4.07,-121,0.25,
2026-09-02T18:01:24,2,1.617,29.32,28.0270,27.9,1.658,32.61,4.08,-122,-0.50,
2026-09-02T18:01:27,2,1.617,29.39,28.3460,27.9,1.664,33.13,4.07,-121,0.50,
2026-09-02T18:01:28,2,1.622,29.78,28.5060,27.9,1.662,33.00,4.08,-122,-1.25,
2026-09-02T18:01:29,2,1.636,30.87,28.6670,27.9,1.667,33.39,4.08,-121,-0.25,
2026-09-02T18:01:30,2,1.627,30.16,28.8370,27.9,1.671,33.71,4.07,-122,-1.00,
2026-09-02T18:01:32,2,1.642,31.39,29.1540,27.9,1.673,33.84,4.08,-122,-0.75,
2026-09-02T18:01:33,2,1.634,30.74,29.3160,27.9,1.677,34.16,4.08,-122,-0.75,
2026-09-02T18:01:34,2,1.650,31.97,29.4750,27.9,1.679,34.35,4.07,-122,-0.75,
2026-09-02T18:01:35,2,1.648,31.84,29.8020,27.9,1.683,34.61,4.06,-122,-1.00,
2026-09-02T18:01:38,2,1.656,32.48,30.1280,27.9,1.685,34.80,4.07,-121,0.25,
2026-09-02T18:01:39,2,1.642,31.32,30.2960,27.9,1.686,34.87,4.07,-120,2.00,
2026-09-02T18:01:40,2,1.644,31.52,30.4590,27.9,1.687,34.93,4.08,-123,-2.25,
2026-09-02T18:01:41,2,1.659,32.74,30.6280,27.9,1.694,35.51,4.08,-122,-1.50,
2026-09-02T18:01:42,2,1.653,32.23,30.7900,27.9,1.696,35.64,4.08,-122,-3.50,
2026-09-02T18:01:43,2,1.667,33.39,30.9550,27.9,1.697,35.77,4.07,-123,-2.50,
2026-09-02T18:01:44,2,1.670,33.58,31.1170,27.9,1.698,35.84,4.08,-123,-3.00,
2026-09-02T18:01:45,2,1.658,32.61,31.2810,27.9,1.698,35.84,4.08,-121,-0.25,
2026-09-02T18:01:46,2,1.673,33.84,31.4460,27.9,1.702,36.16,4.07,-122,-0.75,
2026-09-02T18:01:47,2,1.662,33.00,31.7840,27.9,1.708,36.61,4.07,-121,-0.75,
2026-09-02T18:01:48,2,1.666,33.26,31.9440,27.9,1.708,36.61,4.08,-122,-1.50,
2026-09-02T18:01:50,2,1.676,34.10,32.1070,27.9,1.710,36.80,4.08,-122,-1.50,
2026-09-02T18:01:51,2,1.669,33.52,32.2770,27.9,1.716,37.32,4.07,-121,0.50,
2026-09-02T18:01:52,2,1.686,34.87,32.4510,27.9,1.714,37.13,4.07,-122,-2.25,
2026-09-02T18:01:53,2,1.687,34.93,32.6230,27.9,1.720,37.58,4.07,-121,0.75,
2026-09-02T18:01:54,2,1.675,33.97,32.7880,27.9,1.719,37.51,4.08,-122,-1.00,
2026-09-02T18:01:55,2,1.692,35.38,32.9530,27.9,1.724,37.90,4.08,-122,-1.50,
2026-09-02T18:01:56,2,1.681,34.48,33.1180,27.9,1.728,38.22,4.08,-122,-1.25,
2026-09-02T18:01:57,2,1.682,34.55,33.2880,27.9,1.727,38.16,4.07,-122,-0.50,
2026-09-02T18:01:58,2,1.696,35.71,33.4670,27.9,1.730,38.41,4.08,-122,-1.75,
2026-09-02T18:01:59,2,1.689,35.13,33.7940,27.9,1.731,38.48,4.08,-122,-1.50,
2026-09-02T18:02:00,2,1.707,36.55,33.9610,27.9,1.734,38.74,4.07,-123,-1.50,
2026-09-02T18:02:02,2,1.703,36.22,34.1260,27.9,1.737,38.93,4.08,-122,-1.75,
2026-09-02T18:02:03,2,1.693,35.45,34.3070,27.9,1.738,39.06,4.07,-122,-2.25,
2026-09-02T18:02:04,2,1.706,36.48,34.4740,27.9,1.740,39.19,4.08,-122,-1.00,
2026-09-02T18:02:05,2,1.702,36.16,34.6430,27.9,1.744,39.51,4.08,-122,-0.75,
2026-09-02T18:02:06,2,1.700,35.96,34.8070,27.9,1.748,39.83,4.08,-122,-1.00,
2026-09-02T18:02:07,2,1.718,37.45,34.9760,27.9,1.747,39.77,4.07,-122,-1.25,
2026-09-02T18:02:08,2,1.708,36.61,35.1550,27.9,1.749,39.90,4.07,-122,-0.50,
2026-09-02T18:02:09,2,1.729,38.35,35.3400,27.9,1.754,40.35,4.07,-121,0.75,
2026-09-02T18:02:10,2,1.722,37.77,35.5080,27.9,1.756,40.48,4.08,-119,3.00,
2026-09-02T18:02:11,2,1.712,36.93,35.8520,27.9,1.758,40.61,4.08,-122,-0.75,
2026-09-02T18:02:12,2,1.729,38.29,36.0150,27.9,1.761,40.86,4.08,-123,-6.25,
2026-09-02T18:02:14,2,1.714,37.13,36.1890,27.9,1.764,41.12,4.07,-124,-7.00,
2026-09-02T18:02:15,2,1.716,37.32,36.3660,27.9,1.766,41.25,4.08,-124,-7.00,
2026-09-02T18:02:16,2,1.735,38.80,36.5330,27.9,1.770,41.64,4.07,-118,4.50,
2026-09-02T18:02:18,2,1.725,38.03,36.8670,27.9,1.771,41.70,4.09,-121,1.75,
2026-09-02T18:02:19,2,1.740,39.19,37.0380,27.9,1.783,42.61,4.08,-121,1.75,
2026-09-02T18:02:20,2,1.733,38.61,37.2070,27.9,1.778,42.22,4.08,-120,2.25,
2026-09-02T18:02:21,2,1.747,39.77,37.3720,27.9,1.781,42.48,4.07,-120,2.00,
2026-09-02T18:02:23,2,1.734,38.74,37.8020,27.9,1.783,42.67,4.08,-120,2.50,
2026-09-02T18:02:24,2,1.751,40.09,37.9200,27.9,1.786,42.86,4.07,-119,3.50,
2026-09-02T18:02:26,2,1.737,38.99,38.0540,27.9,1.785,42.80,4.08,-121,-2.00,
2026-09-02T18:02:27,2,1.737,38.99,38.1560,27.9,1.786,42.86,4.09,-122,-2.00,
2026-09-02T18:02:29,2,1.741,39.25,38.3300,27.9,1.789,43.12,4.07,-122,-2.00,
2026-09-02T18:02:30,2,1.758,40.61,38.4260,27.9,1.789,43.12,4.07,-121,1.50,
2026-09-02T18:02:31,2,1.755,40.41,38.5080,27.9,1.793,43.44,4.08,-121,0.25,
2026-09-02T18:02:32,2,1.733,38.61,38.5680,27.9,1.791,43.31,4.08,-122,0.00,
2026-09-02T18:02:34,2,1.743,39.45,38.7340,27.9,1.793,43.44,4.08,-121,1.25,
2026-09-02T18:02:35,2,1.745,39.58,38.7790,27.9,1.796,43.70,4.08,-119,3.00,
2026-09-02T18:02:37,2,1.756,40.48,38.8160,27.9,1.791,43.25,4.08,-119,3.25,
2026-09-02T18:02:38,2,1.745,39.58,38.8400,27.9,1.794,43.51,4.08,-119,3.25,
2026-09-02T18:02:39,2,1.762,40.99,38.8650,27.9,1.793,43.44,4.07,-119,2.75,
2026-09-02T18:02:40,2,1.756,40.48,38.8810,27.9,1.799,43.89,4.08,-119,2.75,
2026-09-02T18:02:41,2,1.743,39.45,38.8920,27.9,1.795,43.57,4.08,-120,2.50,
2026-09-02T18:02:42,2,1.754,40.28,38.9080,27.9,1.786,42.86,4.07,-120,3.25,
2026-09-02T18:02:43,2,1.745,39.64,38.9260,27.9,1.795,43.57,4.06,-119,2.75,
2026-09-02T18:02:44,2,1.745,39.64,38.9450,27.9,1.797,43.77,4.08,-120,2.75,
2026-09-02T18:02:45,2,1.765,41.19,38.9710,27.9,1.797,43.77,4.08,-120,2.50,
2026-09-02T18:02:46,2,1.746,39.70,39.0190,27.9,1.796,43.70,4.08,-119,3.00,
2026-09-02T18:02:47,2,1.766,41.25,39.0520,27.9,1.797,43.77,4.07,-120,2.75,
2026-09-02T18:02:49,2,1.758,40.67,39.0830,27.9,1.798,43.83,4.07,-119,2.75,
2026-09-02T18:02:50,2,1.746,39.70,39.1120,27.9,1.798,43.83,4.08,-120,3.00,
2026-09-02T18:02:51,2,1.764,41.12,39.1370,27.9,1.800,44.02,4.08,-120,2.25,
2026-09-02T18:02:52,2,1.761,40.86,39.1710,27.9,1.800,44.02,4.06,-119,2.50,
2026-09-02T18:02:53,2,1.752,40.16,39.2020,27.9,1.802,44.15,4.08,-119,2.75,
2026-09-02T18:02:54,2,1.762,40.99,39.2360,27.9,1.799,43.89,4.08,-119,2.75,
2026-09-02T18:02:55,2,1.750,39.96,39.2650,27.9,1.800,44.02,4.08,-120,2.75,
2026-09-02T18:02:56,2,1.750,39.96,39.3070,27.9,1.799,43.89,4.09,-120,2.75,
2026-09-02T18:02:57,2,1.765,41.19,39.3390,27.9,1.801,44.09,4.08,-120,2.75,
2026-09-02T18:02:58,2,1.750,40.03,39.4110,27.9,1.803,44.22,4.08,-120,2.50,
2026-09-02T18:02:59,2,1.768,41.44,39.4410,27.9,1.803,44.22,4.08,-120,2.50,
2026-09-02T18:03:01,2,1.767,41.38,39.4730,27.9,1.804,44.35,4.06,-120,2.25,
2026-09-02T18:03:02,2,1.753,40.22,39.5130,27.9,1.803,44.22,4.08,-119,2.75,
2026-09-02T18:03:03,2,1.768,41.44,39.5530,27.9,1.804,44.35,4.08,-119,2.50,
2026-09-02T18:03:04,2,1.757,40.54,39.5930,27.9,1.803,44.22,4.07,-120,3.25,
2026-09-02T18:03:05,2,1.754,40.28,39.6260,27.9,1.804,44.28,4.09,-119,2.75,
2026-09-02T18:03:06,2,1.769,41.51,39.6610,27.9,1.803,44.22,4.07,-119,2.75,
2026-09-02T18:03:07,2,1.758,40.67,39.6860,27.9,1.803,44.22,4.06,-120,3.00,
2026-09-02T18:03:08,2,1.771,41.70,39.7190,27.9,1.804,44.35,4.08,-120,2.25,
2026-09-02T18:03:09,2,1.771,41.70,39.7510,27.9,1.805,44.41,4.06,-119,2.75,
2026-09-02T18:03:10,2,1.757,40.54,39.8190,27.9,1.804,44.28,4.08,-120,2.50,
2026-09-02T18:03:11,2,1.773,41.83,39.8520,27.9,1.805,44.41,4.08,-119,2.50,
2026-09-02T18:03:13,2,1.758,40.67,39.8850,27.9,1.804,44.35,4.08,-120,2.75,
2026-09-02T18:03:14,2,1.758,40.61,39.9170,27.9,1.804,44.35,4.00,-115,1.25,
2026-09-02T18:03:15,2,1.773,41.83,39.9420,27.9,1.808,44.67,4.07,-120,2.75,
2026-09-02T18:03:16,2,1.760,40.80,39.9630,27.9,1.807,44.54,4.07,-120,2.25,
2026-09-02T18:03:17,2,1.779,42.28,39.9890,27.9,1.808,44.60,4.08,-120,2.50,
2026-09-02T18:03:18,2,1.772,41.77,40.0180,27.9,1.808,44.67,4.08,-119,2.75,
2026-09-02T18:03:20,2,1.775,41.96,40.0750,27.9,1.808,44.67,4.07,-120,3.00,
2026-09-02T18:03:21,2,1.759,40.74,40.1390,27.9,1.808,44.60,4.07,-119,3.00,
2026-09-02T18:03:22,2,1.758,40.67,40.1620,27.9,1.809,44.73,4.08,-119,3.00,
2026-09-02T18:03:24,2,1.774,41.90,40.1890,27.9,1.808,44.60,4.07,-119,3.25,
2026-09-02T18:03:26,2,1.759,40.74,40.2460,27.9,1.799,43.96,4.09,-119,3.00,
2026-09-02T18:03:27,2,1.775,41.96,40.2760,27.9,1.810,44.80,4.08,-119,3.00,
2026-09-02T18:03:28,2,1.762,40.93,40.2960,27.9,1.814,45.12,4.08,-119,3.50,
2026-09-02T18:03:29,2,1.779,42.28,40.3330,27.9,1.810,44.80,4.07,-119,3.00,
2026-09-02T18:03:31,2,1.765,41.19,40.3830,27.9,1.810,44.80,4.08,-119,3.00,
2026-09-02T18:03:32,2,1.781,42.48,40.4070,27.9,1.810,44.80,4.08,-119,3.25,
2026-09-02T18:03:33,2,1.763,41.06,40.4620,27.9,1.812,44.93,4.08,-119,2.75,
2026-09-02T18:03:34,2,1.765,41.19,40.4870,27.9,1.811,44.86,4.09,-119,2.50,
2026-09-02T18:03:36,2,1.779,42.35,40.5130,27.9,1.808,44.67,4.08,-120,2.50,
2026-09-02T18:03:37,2,1.763,41.06,40.5430,27.9,1.814,45.12,4.07,-120,2.25,
2026-09-02T18:03:38,2,1.780,42.41,40.5710,27.9,1.812,44.99,4.08,-120,2.50,
2026-09-02T18:03:39,2,1.780,42.41,40.5900,27.9,1.816,45.25,4.06,-120,2.50,
2026-09-02T18:03:40,2,1.768,41.44,40.6240,27.9,1.816,45.25,4.07,-120,2.25,
2026-09-02T18:03:41,2,1.780,42.41,40.6440,27.9,1.816,45.25,4.07,-120,2.50,
2026-09-02T18:03:42,2,1.766,41.32,40.6670,27.9,1.816,45.25,4.07,-120,2.25,
2026-09-02T18:03:43,2,1.766,41.25,40.6950,27.9,1.812,44.93,4.09,-119,2.75,
2026-09-02T18:03:44,2,1.782,42.54,40.7190,27.9,1.814,45.12,4.07,-119,3.25,
2026-09-02T18:03:45,2,1.770,41.57,40.7780,27.9,1.813,45.05,4.08,-119,3.00,
2026-09-02T18:03:46,2,1.784,42.73,40.8050,27.9,1.815,45.18,4.07,-119,3.25,
2026-09-02T18:03:48,2,1.783,42.61,40.8400,27.9,1.817,45.38,4.06,-119,3.00,
2026-09-02T18:03:49,2,1.770,41.57,40.8590,27.9,1.816,45.25,4.08,-119,3.00,
2026-09-02T18:03:50,2,1.782,42.54,40.8830,27.9,1.816,45.31,4.08,-119,2.75,
2026-09-02T18:03:51,2,1.770,41.64,40.9000,27.9,1.816,45.25,4.07,-119,3.00,
2026-09-02T18:03:52,2,1.772,41.77,40.9280,27.9,1.813,45.05,4.08,-119,3.00,
2026-09-02T18:03:53,2,1.786,42.86,40.9560,27.9,1.816,45.31,4.08,-119,2.75,
2026-09-02T18:03:54,2,1.771,41.70,40.9860,27.9,1.816,45.31,4.07,-119,3.25,
2026-09-02T18:03:55,2,1.790,43.19,41.0100,27.9,1.817,45.38,4.07,-119,3.00,
2026-09-02T18:03:56,2,1.785,42.80,41.0380,27.9,1.821,45.70,4.06,-119,2.75,
2026-09-02T18:03:57,2,1.773,41.83,41.0890,27.9,1.820,45.57,4.08,-120,2.00,
2026-09-02T18:03:58,2,1.787,42.93,41.1260,27.9,1.817,45.38,4.07,-120,2.75,
2026-09-02T18:04:00,2,1.785,42.80,41.1440,27.9,1.821,45.70,4.07,-119,3.50,
2026-09-02T18:04:01,2,1.771,41.70,41.1740,27.9,1.816,45.25,4.09,-119,3.00,
2026-09-02T18:04:02,2,1.786,42.86,41.1890,27.9,1.822,45.76,4.08,-121,1.00,
2026-09-02T18:04:03,2,1.773,41.83,41.2160,27.9,1.819,45.51,4.07,-120,1.75,
2026-09-02T18:04:04,2,1.774,41.90,41.2300,27.9,1.818,45.44,4.09,-120,1.75,
2026-09-02T18:04:05,2,1.789,43.12,41.2480,27.9,1.821,45.70,4.06,-120,2.00,
2026-09-02T18:04:06,2,1.787,42.99,41.2610,27.9,1.821,45.70,4.07,-121,1.25,
2026-09-02T18:04:07,2,1.790,43.19,41.2920,27.9,1.818,45.44,4.07,-120,3.00,
2026-09-02T18:04:08,2,1.783,42.61,41.3260,27.9,1.821,45.70,4.06,-119,3.00,
2026-09-02T18:04:09,2,1.775,41.96,41.3550,27.9,1.816,45.25,4.09,-119,2.75,
2026-09-02T18:04:11,2,1.790,43.19,41.3800,27.9,1.820,45.57,4.08,-119,3.00,
2026-09-02T18:04:12,2,1.775,42.02,41.3970,27.9,1.822,45.76,4.08,-120,2.75,
2026-09-02T18:04:13,2,1.775,41.96,41.4120,27.9,1.818,45.44,4.09,-120,2.75,
2026-09-02T18:04:14,2,1.795,43.57,41.4340,27.9,1.824,45.96,4.08,-120,2.75,
2026-09-02T18:04:15,2,1.775,42.02,41.4550,27.9,1.823,45.83,4.07,-119,3.00,
2026-09-02T18:04:17,2,1.796,43.70,41.5050,27.9,1.822,45.76,4.06,-121,1.00,
2026-09-02T18:04:18,2,1.778,42.22,41.5260,27.9,1.821,45.70,4.08,-120,0.75,
2026-09-02T18:04:19,2,1.792,43.38,41.5500,27.9,1.820,45.57,4.07,-121,-0.50,
2026-09-02T18:04:20,2,1.779,42.28,41.5900,27.9,1.823,45.83,4.08,-122,-0.50,
2026-09-02T18:04:23,2,1.788,43.06,41.6300,27.9,1.824,45.89,4.08,-122,-1.00,
2026-09-02T18:04:24,2,1.779,42.35,41.6620,27.9,1.823,45.83,4.08,-121,-1.00,
2026-09-02T18:04:25,2,1.798,43.83,41.6960,27.9,1.822,45.76,4.08,-122,-0.75,
2026-09-02T18:04:26,2,1.794,43.51,41.7180,27.9,1.825,46.02,4.06,-122,-0.50,
2026-09-02T18:04:28,2,1.795,43.64,41.7750,27.9,1.822,45.76,4.07,-122,-0.50,
2026-09-02T18:04:29,2,1.780,42.41,41.8030,27.9,1.832,46.54,4.07,-121,1.00,
2026-09-02T18:04:30,2,1.781,42.48,41.8230,27.9,1.823,45.83,4.09,-121,0.75,
2026-09-02T18:04:31,2,1.795,43.57,41.8580,27.9,1.826,46.09,4.07,-120,0.75,
2026-09-02T18:04:32,2,1.782,42.54,41.9070,27.9,1.825,46.02,4.08,-121,0.75,
2026-09-02T18:04:33,2,1.802,44.15,41.9280,27.9,1.825,46.02,4.07,-121,0.25,
2026-09-02T18:04:35,2,1.799,43.89,41.9540,27.9,1.828,46.28,4.06,-121,1.00,
2026-09-02T18:04:36,2,1.782,42.54,41.9710,27.9,1.826,46.09,4.08,-121,1.00,
2026-09-02T18:04:37,2,1.799,43.96,41.9970,27.9,1.825,46.02,4.07,-121,0.75,
2026-09-02T18:04:38,2,1.784,42.73,42.0260,27.9,1.828,46.22,4.08,-121,1.00,
2026-09-02T18:04:39,2,1.786,42.86,42.0480,27.9,1.828,46.22,4.09,-121,0.50,
2026-09-02T18:04:40,2,1.797,43.77,42.0730,27.9,1.828,46.22,4.07,-121,0.75,
2026-09-02T18:04:41,2,1.785,42.80,42.0950,27.9,1.829,46.34,4.08,-120,0.50,
2026-09-02T18:04:42,2,1.787,42.93,42.1330,27.9,1.828,46.22,4.09,-121,0.50,
2026-09-02T18:04:43,2,1.799,43.96,42.1580,27.9,1.833,46.60,4.06,-121,-0.25,
2026-09-02T18:04:44,2,1.785,42.80,42.2100,27.9,1.828,46.28,4.08,-120,2.25,
2026-09-02T18:04:45,2,1.801,44.09,42.2500,27.9,1.828,46.28,4.08,-120,2.75,
2026-09-02T18:04:47,2,1.800,44.02,42.2810,27.9,1.833,46.60,4.06,-121,0.50,
2026-09-02T18:04:48,2,1.778,42.22,42.2970,27.9,1.828,46.28,4.09,-121,0.75,
2026-09-02T18:04:49,2,1.802,44.15,42.3330,27.9,1.830,46.41,4.08,-117,4.50,
2026-09-02T18:04:50,2,1.794,43.51,42.3670,27.9,1.833,46.67,4.07,-118,4.25,
2026-09-02T18:04:51,2,1.787,42.99,42.3860,27.9,1.832,46.54,4.09,-118,4.00,
2026-09-02T18:04:52,2,1.807,44.54,42.4320,27.9,1.835,46.80,4.05,-117,5.50,
2026-09-02T18:04:53,2,1.791,43.25,42.4540,27.9,1.836,46.86,4.08,-117,5.00,
2026-09-02T18:04:54,2,1.812,44.99,42.4890,27.9,1.833,46.67,4.07,-117,5.25,
2026-09-02T18:04:55,2,1.806,44.47,42.5600,27.9,1.837,46.92,4.06,-117,4.75,
2026-09-02T18:04:56,2,1.792,43.38,42.5870,27.9,1.836,46.86,4.09,-118,4.25,
2026-09-02T18:04:58,2,1.806,44.47,42.6240,27.9,1.838,47.05,4.08,-117,4.75,
2026-09-02T18:04:59,2,1.791,43.31,42.6670,27.9,1.831,46.47,4.08,-118,3.75,
2026-09-02T18:05:00,2,1.801,44.09,42.7030,27.9,1.838,47.05,4.09,-118,4.00,
2026-09-02T18:05:01,2,1.808,44.67,42.7450,27.9,1.841,47.31,4.06,-118,4.25,
2026-09-02T18:05:02,2,1.795,43.57,42.7670,27.9,1.834,46.73,4.08,-118,4.00,
2026-09-02T18:05:03,2,1.811,44.86,42.8060,27.9,1.841,47.25,4.07,-118,5.00,
2026-09-02T18:05:04,2,1.807,44.54,42.8340,27.9,1.843,47.44,4.06,-118,3.75,
2026-09-02T18:05:05,2,1.792,43.38,42.8620,27.9,1.840,47.18,4.07,-119,3.25,
2026-09-02T18:05:06,2,1.811,44.86,42.8880,27.9,1.842,47.38,4.07,-121,0.00,
2026-09-02T18:05:07,2,1.796,43.70,42.9490,27.9,1.840,47.18,4.07,-121,1.00,
2026-09-02T18:05:08,2,1.796,43.70,42.9620,27.9,1.841,47.25,4.09,-122,-1.75,
2026-09-02T18:05:10,2,1.808,44.60,42.9880,27.9,1.840,47.18,4.07,-119,3.25,
2026-09-02T18:05:11,2,1.795,43.57,43.0220,27.9,1.841,47.31,4.07,-120,2.00,
2026-09-02T18:05:12,2,1.815,45.18,43.0400,27.9,1.845,47.57,4.07,-119,2.75,
2026-09-02T18:05:14,2,1.799,43.89,43.0870,27.9,1.845,47.57,4.07,-119,3.25,
2026-09-02T18:05:15,2,1.812,44.99,43.1080,27.9,1.845,47.57,4.07,-119,3.50,
2026-09-02T18:05:16,2,1.797,43.77,43.1380,27.9,1.847,47.76,4.07,-118,3.50,
2026-09-02T18:05:17,2,1.795,43.64,43.1650,27.9,1.844,47.50,4.09,-119,3.50,
2026-09-02T18:05:19,2,1.798,43.83,43.1870,27.9,1.845,47.63,4.08,-119,3.00,
2026-09-02T18:05:20,2,1.811,44.86,43.2010,27.9,1.853,48.21,4.09,-119,3.25,
2026-09-02T18:05:22,2,1.812,44.99,43.2200,27.9,1.848,47.83,4.06,-119,3.50,
2026-09-02T18:05:23,2,1.800,44.02,43.2290,27.9,1.848,47.83,4.08,-119,3.25,
2026-09-02T18:05:25,2,1.814,45.12,43.2470,27.9,1.846,47.70,4.06,-119,3.00,
2026-09-02T18:05:26,2,1.796,43.70,43.2480,27.9,1.845,47.63,4.09,-118,3.75,
2026-09-02T18:05:27,2,1.811,44.86,43.2490,27.9,1.850,48.02,4.07,-119,3.50,
2026-09-02T18:05:28,2,1.792,43.38,43.2540,27.9,1.847,47.76,4.08,-118,3.25,
2026-09-02T18:05:29,2,1.791,43.25,43.2610,27.9,1.845,47.57,4.09,-119,3.25,
2026-09-02T18:05:30,2,1.812,44.93,43.2750,27.9,1.847,47.76,4.06,-119,3.50,
2026-09-02T18:05:31,2,1.798,43.83,43.2630,27.9,1.846,47.70,4.07,-119,3.75,
2026-09-02T18:05:32,2,1.815,45.18,43.2760,27.9,1.848,47.83,4.07,-119,3.25,
2026-09-02T18:05:34,2,1.811,44.86,43.2720,27.9,1.848,47.83,4.06,-118,4.00,
2026-09-02T18:05:35,2,1.797,43.77,43.2660,27.9,1.843,47.44,4.09,-118,3.75,
2026-09-02T18:05:37,2,1.799,43.96,43.2440,27.9,1.845,47.57,4.07,-118,4.50,
2026-09-02T18:05:38,2,1.797,43.77,43.2520,27.9,1.845,47.63,4.09,-118,4.00,
2026-09-02T18:05:39,2,1.813,45.05,43.2570,27.9,1.847,47.76,4.06,-118,4.25,
2026-09-02T18:05:40,2,1.799,43.89,43.2620,27.9,1.848,47.83,4.08,-118,4.00,
2026-09-02T18:05:41,2,1.825,46.02,43.2600,27.9,1.845,47.57,4.07,-118,4.00,
2026-09-02T18:05:42,2,1.812,44.99,43.2550,27.9,1.847,47.76,4.06,-118,4.00,
2026-09-02T18:05:43,2,1.799,43.89,43.2430,27.9,1.843,47.44,4.09,-118,4.25,
2026-09-02T18:05:45,2,1.814,45.12,43.2390,27.9,1.836,46.86,4.08,-118,4.00,
2026-09-02T18:05:46,2,1.798,43.83,43.2520,27.9,1.844,47.50,4.08,-118,3.75,
2026-09-02T18:05:47,2,1.798,43.83,43.2570,27.9,1.845,47.57,4.09,-118,3.75,
2026-09-02T18:05:48,2,1.811,44.86,43.2500,27.9,1.846,47.70,4.06,-118,3.50,
2026-09-02T18:05:49,2,1.796,43.70,43.2640,27.9,1.845,47.63,4.08,-118,3.75,
2026-09-02T18:05:50,2,1.816,45.25,43.2570,27.9,1.844,47.50,4.07,-118,3.75,
2026-09-02T18:05:51,2,1.812,44.99,43.2610,27.9,1.845,47.63,4.06,-118,4.00,
2026-09-02T18:05:52,2,1.796,43.70,43.2650,27.9,1.842,47.38,4.09,-118,3.75,
2026-09-02T18:05:53,2,1.812,44.93,43.2580,27.9,1.843,47.44,4.07,-119,4.25,
2026-09-02T18:05:54,2,1.795,43.64,43.2630,27.9,1.845,47.57,4.08,-118,4.00,
2026-09-02T18:05:55,2,1.798,43.83,43.2620,27.9,1.841,47.25,4.09,-118,3.50,
2026-09-02T18:05:57,2,1.815,45.18,43.2630,27.9,1.845,47.63,4.06,-118,3.50,
2026-09-02T18:05:58,2,1.799,43.89,43.2540,27.9,1.837,46.99,4.08,-118,4.25,
2026-09-02T18:05:59,2,1.814,45.12,43.2410,27.9,1.845,47.63,4.08,-119,3.75,
2026-09-02T18:06:00,2,1.808,44.67,43.2370,27.9,1.844,47.50,4.06,-117,5.25,
2026-09-02T18:06:01,2,1.795,43.64,43.2300,27.9,1.845,47.57,4.09,-119,2.75,
2026-09-02T18:06:02,2,1.815,45.18,43.2350,27.9,1.844,47.50,4.07,-119,3.50,
2026-09-02T18:06:03,2,1.813,45.05,43.2380,27.9,1.849,47.96,4.06,-120,2.25,
2026-09-02T18:06:04,2,1.798,43.83,43.2390,27.9,1.841,47.31,4.09,-123,-2.50,
2026-09-02T18:06:05,2,1.812,44.93,43.2410,27.9,1.845,47.57,4.08,-122,-1.00,
2026-09-02T18:06:06,2,1.796,43.70,43.2210,27.9,1.843,47.44,4.07,-122,-1.75,
2026-09-02T18:06:07,2,1.798,43.83,43.2260,27.9,1.841,47.31,4.09,-122,-2.00,
2026-09-02T18:06:09,2,1.825,46.02,43.2090,27.9,1.846,47.70,4.06,-123,-4.50,
2026-09-02T18:06:11,2,1.812,44.99,43.1950,27.9,1.845,47.63,4.07,-122,-1.50,
2026-09-02T18:06:12,2,1.812,44.93,43.1770,27.9,1.845,47.57,4.06,-122,-2.00,
2026-09-02T18:06:13,2,1.796,43.70,43.1790,27.9,1.843,47.44,4.09,-122,-2.00,
2026-09-02T18:06:14,2,1.812,44.93,43.1750,27.9,1.843,47.44,4.07,-122,-2.00,
2026-09-02T18:06:16,2,1.798,43.83,43.1760,27.9,1.841,47.25,4.09,-122,-1.75,
2026-09-02T18:06:17,2,1.811,44.86,43.1680,27.9,1.843,47.44,4.06,-122,-2.00,
2026-09-02T18:06:18,2,1.799,43.89,43.1680,27.9,1.842,47.38,4.08,-122,-1.75,
2026-09-02T18:06:19,2,1.813,45.05,43.1670,27.9,1.840,47.18,4.07,-122,-2.50,
2026-09-02T18:06:22,2,1.797,43.77,43.1720,27.9,1.839,47.12,4.09,-122,-3.25,
2026-09-02T18:06:23,2,1.824,45.96,43.1710,27.9,1.841,47.25,4.07,-122,-2.25,
2026-09-02T18:06:24,2,1.797,43.77,43.1680,27.9,1.841,47.31,4.08,-121,0.75,
2026-09-02T18:06:25,2,1.795,43.57,43.1700,27.9,1.839,47.12,4.09,-122,-0.25,
2026-09-02T18:06:26,2,1.812,44.93,43.1720,27.9,1.845,47.57,4.06,-121,-1.00,
2026-09-02T18:06:27,2,1.797,43.77,43.1730,27.9,1.841,47.31,4.07,-121,-0.25,
2026-09-02T18:06:28,2,1.816,45.25,43.1660,27.9,1.839,47.12,4.07,-122,-1.00,
2026-09-02T18:06:29,2,1.812,44.93,43.1730,27.9,1.839,47.12,4.06,-122,-1.25,
2026-09-02T18:06:30,2,1.797,43.77,43.1740,27.9,1.837,46.99,4.09,-121,-0.50,
2026-09-02T18:06:32,2,1.812,44.93,43.1870,27.9,1.839,47.12,4.08,-122,-1.00,
2026-09-02T18:06:33,2,1.797,43.77,43.1830,27.9,1.839,47.12,4.07,-122,-0.50,
2026-09-02T18:06:34,2,1.795,43.64,43.1720,27.9,1.838,47.05,4.09,-122,-1.25,
2026-09-02T18:06:35,2,1.815,45.18,43.1670,27.9,1.844,47.50,4.06,-122,-0.50,
2026-09-02T18:06:36,2,1.795,43.64,43.1600,27.9,1.841,47.31,4.07,-121,-0.75,
2026-09-02T18:06:37,2,1.816,45.31,43.1600,27.9,1.837,46.92,4.07,-122,-0.50,
2026-09-02T18:06:38,2,1.811,44.86,43.1620,27.9,1.837,46.99,4.06,-122,-0.75,
2026-09-02T18:06:39,2,1.795,43.57,43.1640,27.9,1.839,47.12,4.09,-122,-0.75,
2026-09-02T18:06:40,2,1.813,45.05,43.1550,27.9,1.837,46.99,4.07,-121,-0.50,
2026-09-02T18:06:41,2,1.800,44.02,43.1430,27.9,1.839,47.12,4.07,-121,-1.00,
2026-09-02T18:06:42,2,1.796,43.70,43.1380,27.9,1.840,47.18,4.09,-122,-0.75,
2026-09-02T18:06:44,2,1.811,44.86,43.1370,27.9,1.840,47.18,4.06,-122,-1.00,
2026-09-02T18:06:45,2,1.797,43.77,43.1300,27.9,1.839,47.12,4.08,-121,-1.25,
2026-09-02T18:06:46,2,1.816,45.31,43.1270,27.9,1.837,46.92,4.07,-122,-0.75,
2026-09-02T18:06:47,2,1.812,44.99,43.1190,27.9,1.837,46.99,4.06,-122,-1.00,
2026-09-02T18:06:48,2,1.795,43.57,43.1190,27.9,1.837,46.92,4.09,-122,-1.00,
2026-09-02T18:06:49,2,1.826,46.09,43.1160,27.9,1.839,47.12,4.08,-122,-1.25,
2026-09-02T18:06:50,2,1.795,43.57,43.1170,27.9,1.845,47.57,4.08,-121,0.00,
2026-09-02T18:06:51,2,1.796,43.70,43.1170,27.9,1.839,47.12,4.09,-121,0.00,
2026-09-02T18:06:52,2,1.812,44.93,43.1120,27.9,1.840,47.18,4.06,-121,0.00,
2026-09-02T18:06:53,2,1.796,43.70,43.1150,27.9,1.837,46.99,4.07,-121,0.00,
2026-09-02T18:06:54,2,1.812,44.93,43.1230,27.9,1.833,46.67,4.07,-122,-0.25,
2026-09-02T18:06:57,2,1.795,43.64,43.1300,27.9,1.836,46.86,4.09,-122,-0.75,
2026-09-02T18:06:58,2,1.812,44.93,43.1180,27.9,1.837,46.99,4.07,-121,-0.25,
2026-09-02T18:06:59,2,1.810,44.80,43.1260,27.9,1.839,47.12,4.06,-121,-0.25,
2026-09-02T18:07:00,2,1.795,43.64,43.1320,27.9,1.839,47.12,4.09,-122,-0.25,
2026-09-02T18:07:01,2,1.812,44.99,43.1330,27.9,1.839,47.12,4.05,-122,0.00,
2026-09-02T18:07:02,2,1.795,43.64,43.1250,27.9,1.837,46.99,4.08,-121,-0.50,
2026-09-02T18:07:03,2,1.795,43.57,43.1220,27.9,1.837,46.92,4.09,-122,0.00,
2026-09-02T18:07:04,2,1.810,44.80,43.1150,27.9,1.839,47.12,4.06,-121,-0.25,
2026-09-02T18:07:05,2,1.796,43.70,43.1290,27.9,1.836,46.86,4.09,-122,-0.50,
2026-09-02T18:07:08,2,1.811,44.86,43.1310,27.9,1.841,47.31,4.06,-121,0.00,
2026-09-02T18:07:09,2,1.794,43.51,43.1270,27.9,1.834,46.73,4.09,-121,0.00,
2026-09-02T18:07:10,2,1.811,44.86,43.1310,27.9,1.839,47.12,4.06,-121,0.25,
2026-09-02T18:07:11,2,1.799,43.89,43.1290,27.9,1.839,47.12,4.07,-121,-0.25,
2026-09-02T18:07:13,2,1.812,44.93,43.1300,27.9,1.839,47.12,4.06,-121,0.00,
2026-09-02T18:07:14,2,1.796,43.70,43.1340,27.9,1.837,46.99,4.09,-122,-0.50,
2026-09-02T18:07:15,2,1.813,45.05,43.1320,27.9,1.836,46.86,4.07,-121,-0.25,
2026-09-02T18:07:16,2,1.811,44.86,43.1320,27.9,1.836,46.86,4.06,-122,0.00,
2026-09-02T18:07:19,2,1.807,44.54,43.1240,27.9,1.850,48.02,4.07,-122,-0.75,
2026-09-02T18:07:20,2,1.795,43.57,43.1140,27.9,1.834,46.73,4.07,-121,-0.50,
2026-09-02T18:07:21,2,1.796,43.70,43.1110,27.9,1.836,46.86,4.09,-122,-0.25,
2026-09-02T18:07:22,2,1.809,44.73,43.1040,27.9,1.838,47.05,4.06,-121,-0.75,
2026-09-02T18:07:24,2,1.815,45.18,43.1010,27.9,1.825,46.02,4.08,-122,-0.75,
2026-09-02T18:07:25,2,1.817,45.38,43.0900,27.9,1.834,46.73,4.06,-121,-1.25,
2026-09-02T18:07:26,2,1.795,43.64,43.0870,27.9,1.837,46.92,4.09,-122,-1.50,
2026-09-02T18:07:27,2,1.813,45.05,43.0850,27.9,1.835,46.80,4.07,-122,-2.25,
2026-09-02T18:07:28,2,1.796,43.70,43.0870,27.9,1.834,46.73,4.07,-123,-3.00,
2026-09-02T18:07:29,2,1.796,43.70,43.0810,27.9,1.833,46.67,4.08,-122,-1.50,
2026-09-02T18:07:31,2,1.811,44.86,43.0760,27.9,1.837,46.92,4.06,-122,0.00,
2026-09-02T18:07:32,2,1.795,43.64,43.0640,27.9,1.837,46.99,4.07,-122,-0.50,
2026-09-02T18:07:33,2,1.815,45.18,43.0640,27.9,1.840,47.18,4.07,-122,-1.00,
2026-09-02T18:07:35,2,1.803,44.22,43.0590,27.9,1.833,46.67,4.09,-122,-0.75,
2026-09-02T18:07:36,2,1.810,44.80,43.0530,27.9,1.834,46.73,4.07,-122,-0.50,
2026-09-02T18:07:37,2,1.795,43.64,43.0540,27.9,1.834,46.73,4.07,-122,-0.75,
2026-09-02T18:07:38,2,1.795,43.64,43.0690,27.9,1.830,46.41,4.09,-122,-1.25,
2026-09-02T18:07:39,2,1.809,44.73,43.0630,27.9,1.837,46.99,4.06,-122,-2.25,
2026-09-02T18:07:40,2,1.795,43.64,43.0650,27.9,1.837,46.92,4.07,-122,-1.50,
2026-09-02T18:07:41,2,1.813,45.05,43.0710,27.9,1.835,46.80,4.07,-119,3.25,
2026-09-02T18:07:43,2,1.810,44.80,43.0790,27.9,1.837,46.99,4.06,-120,2.50,
2026-09-02T18:07:44,2,1.795,43.57,43.0760,27.9,1.835,46.80,4.09,-121,1.00,
2026-09-02T18:07:45,2,1.812,44.99,43.0780,27.9,1.835,46.80,4.08,-119,2.50,
2026-09-02T18:07:46,2,1.796,43.70,43.0730,27.9,1.833,46.60,4.07,-121,1.75,
2026-09-02T18:07:47,2,1.799,43.89,43.0660,27.9,1.831,46.47,4.09,-120,1.25,
2026-09-02T18:07:48,2,1.812,44.93,43.0580,27.9,1.834,46.73,4.05,-121,1.25,
2026-09-02T18:07:49,2,1.796,43.70,43.0580,27.9,1.835,46.80,4.07,-121,1.25,
2026-09-02T18:07:50,2,1.794,43.51,43.0580,27.9,1.825,46.02,4.09,-121,0.75,
2026-09-02T18:07:51,2,1.810,44.80,43.0600,27.9,1.837,46.99,4.06,-121,0.50,
2026-09-02T18:07:52,2,1.795,43.64,43.0650,27.9,1.834,46.73,4.09,-121,0.75,
2026-09-02T18:07:53,2,1.810,44.80,43.0690,27.9,1.835,46.80,4.07,-121,1.50,
2026-09-02T18:07:55,2,1.804,44.28,43.0620,27.9,1.833,46.67,4.06,-121,1.00,
2026-09-02T18:07:56,2,1.795,43.64,43.0580,27.9,1.833,46.67,4.09,-121,0.75,
2026-09-02T18:07:57,2,1.812,44.93,43.0500,27.9,1.835,46.80,4.06,-121,0.75,
2026-09-02T18:07:58,2,1.795,43.64,43.0390,27.9,1.837,46.99,4.07,-121,0.75,
2026-09-02T18:07:59,2,1.795,43.64,43.0460,27.9,1.832,46.54,4.09,-121,0.50,
2026-09-02T18:08:00,2,1.810,44.80,43.0380,27.9,1.833,46.67,4.06,-121,0.75,
2026-09-02T18:08:01,2,1.795,43.57,43.0480,27.9,1.831,46.47,4.09,-121,0.50,
2026-09-02T18:08:02,2,1.814,45.12,43.0460,27.9,1.833,46.67,4.07,-120,1.50,
2026-09-02T18:08:04,2,1.797,43.77,43.0600,27.9,1.832,46.54,4.09,-121,0.75,
2026-09-02T18:08:06,2,1.812,44.99,43.0660,27.9,1.834,46.73,4.06,-121,1.25,
2026-09-02T18:08:07,2,1.797,43.77,43.0660,27.9,1.835,46.80,4.08,-120,0.75,
2026-09-02T18:08:08,2,1.808,44.60,43.0760,27.9,1.832,46.54,4.09,-122,0.50,
2026-09-02T18:08:10,2,1.795,43.64,43.0590,27.9,1.830,46.41,4.09,-121,1.00,
2026-09-02T18:08:11,2,1.815,45.18,43.0540,27.9,1.833,46.67,4.07,-121,1.00,
2026-09-02T18:08:12,2,1.810,44.80,43.0580,27.9,1.835,46.80,4.06,-120,2.00,
2026-09-02T18:08:13,2,1.796,43.70,43.0590,27.9,1.833,46.60,4.09,-121,1.75,
2026-09-02T18:08:15,2,1.796,43.70,43.0650,27.9,1.832,46.54,4.07,-120,2.00,
2026-09-02T18:08:16,2,1.795,43.57,43.0570,27.9,1.830,46.41,4.09,-119,3.50,
2026-09-02T18:08:18,2,1.811,44.86,43.0590,27.9,1.835,46.80,4.06,-118,5.00,
2026-09-02T18:08:19,2,1.794,43.51,43.0530,27.9,1.827,46.15,4.09,-119,2.50,
2026-09-02T18:08:21,2,1.808,44.67,43.0470,27.9,1.833,46.60,4.06,-118,4.00,
2026-09-02T18:08:22,2,1.794,43.51,43.0450,27.9,1.831,46.47,4.09,-121,1.50,
2026-09-02T18:08:23,2,1.810,44.80,43.0390,27.9,1.833,46.60,4.07,-121,1.75,
2026-09-02T18:08:24,2,1.795,43.64,43.0400,27.9,1.833,46.67,4.08,-121,1.50,
2026-09-02T18:08:25,2,1.793,43.44,43.0230,27.9,1.830,46.41,4.09,-121,1.75,
2026-09-02T18:08:26,2,1.814,45.12,43.0210,27.9,1.837,46.92,4.06,-121,1.50,
2026-09-02T18:08:27,2,1.796,43.70,43.0230,27.9,1.820,45.64,4.07,-121,1.75,
2026-09-02T18:08:28,2,1.814,45.12,43.0320,27.9,1.831,46.47,4.07,-120,1.75,
2026-09-02T18:08:30,2,1.810,44.80,43.0300,27.9,1.834,46.73,4.06,-120,1.75,
2026-09-02T18:08:31,2,1.796,43.70,43.0310,27.9,1.830,46.41,4.09,-120,2.50,
2026-09-02T18:08:32,2,1.812,44.99,43.0290,27.9,1.830,46.41,4.07,-120,1.50,
2026-09-02T18:08:33,2,1.808,44.67,43.0220,27.9,1.843,47.44,4.06,-118,3.75,
2026-09-02T18:08:34,2,1.798,43.83,43.0180,27.9,1.830,46.41,4.08,-117,5.25,
2026-09-02T18:08:35,2,1.809,44.73,43.0130,27.9,1.835,46.80,4.06,-119,3.00,
2026-09-02T18:08:36,2,1.796,43.70,43.0110,27.9,1.831,46.47,4.07,-120,2.25,
2026-09-02T18:08:37,2,1.796,43.70,43.0200,27.9,1.828,46.28,4.08,-122,-1.25,
2026-09-02T18:08:39,2,1.795,43.57,43.0130,27.9,1.828,46.28,4.09,-124,-6.75,
2026-09-02T18:08:40,2,1.814,45.12,43.0130,27.9,1.832,46.54,4.07,-122,-1.25,
2026-09-02T18:08:42,2,1.809,44.73,43.0190,2.0,1.832,46.00,4.06,-122,-3.50,
2026-09-02T18:08:43,2,1.791,43.31,43.0160,27.9,1.828,46.28,4.09,-122,-2.00,
2026-09-02T18:08:44,2,1.809,44.73,43.0150,27.9,1.829,46.34,4.06,-122,-3.25,
2026-09-02T18:08:45,2,1.795,43.64,43.0080,27.9,1.831,46.47,4.08,-123,-3.25,
2026-09-02T18:08:46,2,1.793,43.44,43.0030,27.9,1.827,46.15,4.08,-123,-3.50,
2026-09-02T18:08:47,2,1.811,44.86,42.9960,27.9,1.832,46.54,4.06,-123,-4.50,
2026-09-02T18:08:48,2,1.793,43.44,42.9850,27.9,1.829,46.34,4.09,-122,-1.75,
2026-09-02T18:08:49,2,1.816,45.25,42.9800,27.9,1.831,46.47,4.07,-123,-3.50,
2026-09-02T18:08:50,2,1.808,44.67,42.9880,27.9,1.832,46.54,4.06,-123,-4.50,
2026-09-02T18:08:51,2,1.792,43.38,42.9800,27.9,1.828,46.22,4.09,-122,-2.00,
2026-09-02T18:08:52,2,1.810,44.80,42.9800,27.9,1.833,46.67,4.06,-123,-3.25,
2026-09-02T18:08:54,2,1.794,43.51,42.9830,27.9,1.833,46.60,4.07,-123,-5.00,
2026-09-02T18:08:55,2,1.792,43.38,42.9810,27.9,1.828,46.28,4.09,-124,-7.75,
2026-09-02T18:09:01,2,1.812,44.93,42.9680,27.9,1.833,46.60,4.06,-118,3.50,
2026-09-02T18:09:02,2,1.793,43.44,42.9500,27.9,1.834,46.73,4.07,-115,6.75,
2026-09-02T18:09:03,2,1.793,43.44,42.9470,27.9,1.828,46.28,4.09,-116,6.00,
2026-09-02T18:09:05,2,1.800,44.02,42.9420,27.9,1.831,46.47,4.06,-115,6.50,
2026-09-02T18:09:07,2,1.812,44.93,42.9470,27.9,1.832,46.54,4.07,-119,2.75,
2026-09-02T18:09:08,2,1.809,44.73,42.9550,27.9,1.829,46.34,4.06,-120,2.25,
2026-09-02T18:09:09,2,1.795,43.57,42.9580,27.9,1.828,46.28,4.09,-120,1.75,
2026-09-02T18:09:10,2,1.812,44.93,42.9640,27.9,1.832,46.54,4.06,-120,2.50,
2026-09-02T18:09:12,2,1.795,43.57,42.9480,27.9,1.828,46.28,4.09,-118,4.00,
2026-09-02T18:09:13,2,1.809,44.73,42.9520,27.9,1.828,46.22,4.06,-119,3.50,
2026-09-02T18:09:14,2,1.794,43.51,42.9470,27.9,1.826,46.09,4.09,-119,3.50,
2026-09-02T18:09:15,2,1.807,44.54,42.9370,27.9,1.828,46.28,4.08,-120,2.25,
2026-09-02T18:09:18,2,1.794,43.51,42.9180,27.9,1.828,46.22,4.08,-120,2.25,
2026-09-02T18:09:19,2,1.812,44.93,42.9130,27.9,1.832,46.54,4.05,-120,2.50,
2026-09-02T18:09:20,2,1.810,44.80,42.9100,27.9,1.832,46.54,4.06,-121,1.50,
2026-09-02T18:09:21,2,1.791,43.25,42.9170,27.9,1.826,46.09,4.09,-117,5.25,
2026-09-02T18:09:22,2,1.810,44.80,42.9200,27.9,1.828,46.28,4.05,-118,4.50,
2026-09-02T18:09:23,2,1.793,43.44,42.9320,27.9,1.826,46.09,4.07,-122,-1.00,
2026-09-02T18:09:24,2,1.795,43.64,42.9380,27.9,1.828,46.22,4.09,-121,2.00,
2026-09-02T18:09:25,2,1.808,44.67,42.9390,27.9,1.829,46.34,4.06,-122,0.50,
2026-09-02T18:09:26,2,1.795,43.57,42.9400,27.9,1.827,46.15,4.09,-118,3.50,
2026-09-02T18:09:27,2,1.809,44.73,42.9360,27.9,1.826,46.09,4.07,-119,2.50,
2026-09-02T18:09:29,2,1.809,44.73,42.9380,27.9,1.832,46.54,4.06,-120,2.50,
2026-09-02T18:09:30,2,1.794,43.51,42.9310,27.9,1.824,45.89,4.09,-120,2.00,
2026-09-02T18:09:31,2,1.812,44.99,42.9430,27.9,1.832,46.54,4.06,-118,4.25,
2026-09-02T18:09:32,2,1.795,43.57,42.9460,27.9,1.828,46.28,4.07,-116,5.50,
2026-09-02T18:09:33,2,1.795,43.57,42.9510,27.9,1.824,45.96,4.09,-116,6.00,
2026-09-02T18:09:34,2,1.809,44.73,42.9750,27.9,1.828,46.22,4.06,-118,3.75,
2026-09-02T18:09:35,2,1.799,43.89,42.9820,27.9,1.827,46.15,4.08,-118,4.25,
2026-09-02T18:09:36,2,1.813,45.05,42.9880,27.9,1.828,46.28,4.07,-118,4.50,
2026-09-02T18:09:37,2,1.808,44.67,42.9860,27.9,1.828,46.22,4.06,-119,2.75,
2026-09-02T18:09:38,2,1.794,43.51,43.0080,27.9,1.825,46.02,4.09,-121,1.00,
2026-09-02T18:09:39,2,1.811,44.86,43.0030,27.9,1.831,46.47,4.06,-118,4.00,
2026-09-02T18:09:41,2,1.797,43.77,43.0080,27.9,1.830,46.41,4.06,-116,6.00,
2026-09-02T18:09:42,2,1.792,43.38,43.0080,27.9,1.826,46.09,4.08,-116,5.75,
2026-09-02T18:09:43,2,1.811,44.86,42.9970,27.9,1.829,46.34,4.06,-116,5.75,
2026-09-02T18:09:44,2,1.796,43.70,43.0040,27.9,1.826,46.09,4.09,-116,6.00,
2026-09-02T18:09:45,2,1.794,43.51,43.0120,27.9,1.826,46.09,4.07,-115,6.25,
2026-09-02T18:09:46,2,1.808,44.67,43.0160,27.9,1.828,46.28,4.06,-116,6.00,
2026-09-02T18:09:47,2,1.795,43.57,43.0200,27.9,1.828,46.22,4.09,-116,5.75,
2026-09-02T18:09:48,2,1.815,45.18,43.0260,27.9,1.829,46.34,4.05,-117,5.25,
2026-09-02T18:09:49,2,1.808,44.67,43.0270,27.9,1.826,46.09,4.06,-116,6.00,
2026-09-02T18:09:50,2,1.795,43.57,43.0320,27.9,1.826,46.09,4.09,-119,3.00,
2026-09-02T18:09:52,2,1.812,44.99,43.0330,27.9,1.829,46.34,4.06,-121,1.50,
2026-09-02T18:09:53,2,1.794,43.51,43.0200,27.9,1.825,46.02,4.08,-119,3.00,
2026-09-02T18:09:54,2,1.793,43.44,43.0020,27.9,1.826,46.09,4.08,-121,0.75,
2026-09-02T18:09:55,2,1.811,44.86,42.9860,27.9,1.828,46.28,4.06,-118,4.25,
2026-09-02T18:09:56,2,1.790,43.19,42.9900,27.9,1.823,45.83,4.09,-118,4.00,
2026-09-02T18:09:57,2,1.814,45.12,42.9950,27.9,1.828,46.28,4.01,-115,2.75,
2026-09-02T18:09:58,2,1.797,43.77,42.9950,27.9,1.832,46.54,4.06,-117,5.25,
2026-09-02T18:09:59,2,1.793,43.44,42.9890,27.9,1.824,45.89,4.09,-118,4.50,
2026-09-02T18:10:00,2,1.812,44.99,42.9960,27.9,1.828,46.28,4.06,-119,3.25,
2026-09-02T18:10:01,2,1.793,43.44,42.9870,27.9,1.824,45.96,4.09,-116,6.00,
2026-09-02T18:10:04,2,1.810,44.80,42.9700,27.9,1.828,46.22,4.06,-117,5.75,
2026-09-02T18:10:05,2,1.795,43.64,42.9610,27.9,1.824,45.89,4.07,-119,3.25,
2026-09-02T18:10:06,2,1.812,44.99,42.9590,27.9,1.829,46.34,4.05,-120,1.25,
2026-09-02T18:10:07,2,1.807,44.54,42.9540,27.9,1.827,46.15,4.06,-120,2.25,
2026-09-02T18:10:12,2,1.900,44.73,42.9320,27.9,1.828,46.22,4.06,-123,-9.00,
2026-09-02T18:10:14,2,1.800,44.02,42.9690,27.9,1.827,46.15,4.07,-123,-7.25,
2026-09-02T18:10:20,2,1.793,43.44,42.9860,27.9,1.823,45.83,4.09,-123,-7.50,
2026-09-02T18:10:21,2,1.812,44.93,42.9870,27.9,1.828,46.28,4.06,-124,-6.00,
2026-09-02T18:10:22,2,1.794,43.51,42.9970,27.9,1.827,46.15,4.09,-121,0.00,
2026-09-02T18:10:23,2,1.796,43.70,43.0020,27.9,1.826,46.09,4.07,-122,-1.75,
2026-09-02T18:10:24,2,1.808,44.67,43.0110,27.9,1.829,46.34,4.06,-120,1.50,
2026-09-02T18:10:28,2,1.807,44.54,43.0230,27.9,1.000,46.09,4.06,-124,-10.25,
2026-09-02T18:10:29,2,1.795,43.64,43.0320,27.9,1.825,46.02,4.09,-123,-4.50,
2026-09-02T18:10:37,2,1.794,43.51,43.0400,27.9,1.823,45.83,4.09,-122,-2.75,
2026-09-02T18:10:39,2,1.812,44.93,43.0400,27.9,1.824,45.96,4.06,-121,0.50,
2026-09-02T18:10:40,2,1.796,43.70,43.0440,27.9,1.824,45.96,4.09,-121,0.75,
2026-09-02T18:10:41,2,1.796,43.70,43.0510,27.9,1.827,46.15,4.08,-123,-5.00,
2026-09-02T18:10:42,2,1.826,46.09,43.0480,27.9,1.828,46.22,4.06,-124,-8.25,
2026-09-02T18:10:44,2,1.815,45.18,43.0650,27.9,1.828,46.22,4.05,-122,-0.50,
2026-09-02T18:10:45,2,1.816,45.25,43.0670,27.9,1.825,46.02,4.06,-120,2.25,
2026-09-02T18:10:46,2,1.794,43.51,43.0630,27.9,1.824,45.96,4.09,-120,2.00,
2026-09-02T18:10:47,2,1.812,44.99,43.0660,27.9,1.825,46.02,4.06,-122,-2.50,
2026-09-02T18:10:48,2,1.795,43.57,43.0800,27.9,1.823,45.83,4.08,-121,0.25,
2026-09-02T18:10:49,2,1.794,43.51,43.0680,27.9,1.823,45.83,4.09,-121,-0.75,
2026-09-02T18:10:51,2,1.812,44.93,43.0700,27.9,1.826,46.09,4.04,-122,-0.75,
2026-09-02T18:10:52,2,1.793,43.44,43.0580,27.9,1.824,45.96,4.08,-122,-0.25,
2026-09-02T18:10:53,2,1.812,44.99,43.0550,27.9,1.825,46.02,4.05,-121,0.50,
2026-09-02T18:10:54,2,1.812,44.93,43.0410,27.9,1.829,46.34,4.06,-121,0.25,
2026-09-02T18:10:55,2,1.794,43.51,43.0430,27.9,1.824,45.89,4.09,-121,0.25,
2026-09-02T18:10:56,2,1.815,45.18,43.0430,27.9,1.825,46.02,4.06,-121,1.75,
2026-09-02T18:10:57,2,1.808,44.60,43.0390,27.9,1.827,46.15,4.07,-121,1.25,
2026-09-02T18:10:58,2,1.793,43.44,43.0300,27.9,1.824,45.89,4.09,-121,1.50,
2026-09-02T18:11:00,2,1.793,43.44,43.0150,27.9,1.823,45.83,4.09,-121,1.25,
2026-09-02T18:11:01,2,1.795,43.64,43.0260,27.9,1.824,45.89,4.07,-121,0.75,
2026-09-02T18:11:03,2,1.810,44.80,43.0210,27.9,1.826,46.09,4.06,-121,1.00,
2026-09-02T18:11:04,2,1.793,43.44,43.0140,27.9,1.821,45.70,4.09,-121,1.00,
2026-09-02T18:11:06,2,1.808,44.60,43.0170,27.9,1.823,45.83,4.07,-120,1.50,
2026-09-02T18:11:07,2,1.797,43.77,43.0150,27.9,1.824,45.89,4.08,-121,1.00,
2026-09-02T18:11:08,2,1.812,44.93,43.0170,27.9,1.816,45.31,4.06,-121,1.25,
2026-09-02T18:11:09,2,1.795,43.64,43.0090,27.9,1.823,45.83,4.09,-121,1.25,
2026-09-02T18:11:11,2,1.811,44.86,43.0140,27.9,1.827,46.15,4.06,-120,1.50,
2026-09-02T18:11:12,2,1.796,43.70,43.0440,27.9,1.824,45.89,4.09,-120,1.75,
2026-09-02T18:11:13,2,1.813,45.05,43.0530,27.9,1.827,46.15,4.06,-120,1.75,
2026-09-02T18:11:15,2,1.819,45.51,43.0570,27.9,1.824,45.96,4.07,-121,1.00,
2026-09-02T18:11:16,2,1.795,43.64,43.0530,27.9,1.823,45.83,4.09,-120,0.75,
2026-09-02T18:11:17,2,1.812,44.93,43.0570,27.9,1.824,45.96,4.06,-120,1.25,
2026-09-02T18:11:18,2,1.795,43.64,43.0690,27.9,1.824,45.89,4.08,-121,1.00,
2026-09-02T18:11:19,2,1.796,43.70,43.0680,27.9,1.824,45.96,4.06,-121,1.25,
2026-09-02T18:11:20,2,1.811,44.86,43.0720,27.9,1.826,46.09,4.06,-121,1.00,
2026-09-02T18:11:21,2,1.794,43.51,43.0690,27.9,1.821,45.70,4.08,-121,1.00,
2026-09-02T18:11:22,2,1.816,45.25,43.0600,27.9,1.826,46.09,4.06,-121,1.00,
2026-09-02T18:11:23,2,1.810,44.80,43.0630,27.9,1.825,46.02,4.07,-121,1.50,
2026-09-02T18:11:24,2,1.798,43.83,43.0740,27.9,1.825,46.02,4.09,-121,0.75,
2026-09-02T18:11:26,2,1.812,44.99,43.0740,27.9,1.825,46.02,4.05,-121,1.25,
2026-09-02T18:11:27,2,1.798,43.83,43.0820,27.9,1.822,45.76,4.09,-121,1.00,
2026-09-02T18:11:28,2,1.796,43.70,43.0850,27.9,1.829,46.34,4.07,-121,1.00,
2026-09-02T18:11:29,2,1.813,45.05,43.0890,27.9,1.827,46.15,4.06,-121,1.00,
2026-09-02T18:11:30,2,1.796,43.70,43.0840,27.9,1.823,45.83,4.09,-121,1.00,
2026-09-02T18:11:31,2,1.814,45.12,43.0850,27.9,1.827,46.15,4.05,-121,0.25,
2026-09-02T18:11:32,2,1.809,44.73,43.0770,27.9,1.823,45.83,4.07,-121,0.50,
2026-09-02T18:11:33,2,1.797,43.77,43.0650,27.9,1.822,45.76,4.08,-120,1.50,
2026-09-02T18:11:34,2,1.829,46.34,43.0640,27.9,1.827,46.15,4.06,-121,1.25,
2026-09-02T18:11:35,2,1.795,43.57,43.0420,27.9,1.824,45.89,4.09,-121,1.00,
2026-09-02T18:11:36,2,1.798,43.83,43.0400,27.9,1.824,45.96,4.09,-121,1.00,
2026-09-02T18:11:38,2,1.807,44.54,43.0340,27.9,1.826,46.09,4.06,-121,0.50,
2026-09-02T18:11:39,2,1.794,43.51,43.0360,27.9,1.816,45.25,4.08,-121,0.25,
2026-09-02T18:11:40,2,1.797,43.77,43.0330,27.9,1.824,45.89,4.07,-121,1.25,
2026-09-02T18:11:41,2,1.810,44.80,43.0310,27.9,1.824,45.89,4.06,-121,0.50,
2026-09-02T18:11:42,2,1.794,43.51,43.0340,27.9,1.820,45.64,4.09,-121,0.25,
2026-09-02T18:11:43,2,1.812,44.93,43.0210,27.9,1.824,45.89,4.06,-121,0.75,
2026-09-02T18:11:44,2,1.808,44.60,43.0230,27.9,1.822,45.76,4.07,-121,1.50,
2026-09-02T18:11:45,2,1.796,43.70,43.0160,27.9,1.822,45.76,4.09,-121,0.50,
2026-09-02T18:11:46,2,1.815,45.18,43.0130,27.9,1.825,46.02,4.06,-121,0.75,
2026-09-02T18:11:47,2,1.794,43.51,43.0110,27.9,1.824,45.89,4.08,-121,1.25,
2026-09-02T18:11:48,2,1.795,43.57,43.0090,27.9,1.824,45.89,4.07,-121,1.00,
2026-09-02T18:11:50,2,1.810,44.80,43.0180,27.9,1.826,46.09,4.06,-121,1.00,
2026-09-02T18:11:51,2,1.791,43.31,43.0130,27.9,1.821,45.70,4.09,-120,1.25,
2026-09-02T18:11:52,2,1.812,44.99,43.0100,27.9,1.824,45.89,4.06,-121,0.75,
2026-09-02T18:11:53,2,1.807,44.54,43.0060,27.9,1.822,45.76,4.07,-121,0.50,
2026-09-02T18:11:54,2,1.793,43.44,43.0080,27.9,1.822,45.76,4.09,-121,0.50,
2026-09-02T18:11:55,2,1.810,44.80,43.0150,27.9,1.832,46.54,4.05,-121,0.50,
2026-09-02T18:11:57,2,1.796,43.70,43.0270,27.9,1.824,45.96,4.07,-121,0.25,
2026-09-02T18:11:58,2,1.810,44.80,43.0220,27.9,1.825,46.02,4.06,-121,-0.25,
2026-09-02T18:11:59,2,1.799,43.89,43.0250,27.9,1.820,45.64,4.09,-121,1.25,
2026-09-02T18:12:00,2,1.814,45.12,43.0280,27.9,1.824,45.96,4.05,-120,2.00,
2026-09-02T18:12:03,2,1.795,43.64,43.0320,27.9,1.820,45.64,4.09,-120,1.50,
2026-09-02T18:12:04,2,1.811,44.86,43.0210,27.9,1.825,46.02,4.06,-121,1.00,
2026-09-02T18:12:05,2,1.795,43.57,43.0190,27.9,1.824,45.89,4.08,-121,1.25,
2026-09-02T18:12:06,2,1.797,43.77,43.0170,27.9,1.812,44.93,4.07,-121,0.75,
2026-09-02T18:12:08,2,1.795,43.64,43.0140,27.9,1.833,46.67,4.09,-121,1.50,
2026-09-02T18:12:09,2,1.823,45.83,43.0070,27.9,1.824,45.96,4.05,-121,1.50,
2026-09-02T18:12:10,2,1.809,44.73,43.0020,27.9,1.818,45.44,4.07,-120,2.00,
2026-09-02T18:12:11,2,1.798,43.83,43.0090,27.9,1.822,45.76,4.08,-120,1.25,
2026-09-02T18:12:13,2,1.812,44.99,43.0150,27.9,1.823,45.83,4.06,-121,1.25,
2026-09-02T18:12:14,2,1.797,43.77,43.0200,27.9,1.812,44.93,4.09,-121,1.00,
2026-09-02T18:12:15,2,1.796,43.70,43.0200,27.9,1.824,45.96,4.06,-120,1.00,
2026-09-02T18:12:16,2,1.811,44.86,43.0250,27.9,1.824,45.96,4.06,-121,1.00,
2026-09-02T18:12:17,2,1.795,43.57,43.0200,27.9,1.820,45.64,4.08,-121,1.75,
2026-09-02T18:12:18,2,1.795,43.64,43.0170,27.9,1.827,46.15,4.07,-122,1.25,
2026-09-02T18:12:19,2,1.808,44.60,43.0200,27.9,1.824,45.96,4.06,-121,0.75,
2026-09-02T18:12:20,2,1.795,43.57,43.0320,27.9,1.820,45.57,4.09,-121,0.75,
2026-09-02T18:12:21,2,1.812,44.93,43.0290,27.9,1.824,45.96,4.05,-121,1.00,
2026-09-02T18:12:22,2,1.810,44.80,43.0260,27.9,1.822,45.76,4.07,-121,1.25,
2026-09-02T18:12:23,2,1.796,43.70,43.0220,27.9,1.825,46.02,4.07,-120,1.00,
2026-09-02T18:12:25,2,1.810,44.80,43.0240,27.9,1.823,45.83,4.06,-121,1.25,
2026-09-02T18:12:27,2,1.796,43.70,43.0340,27.9,1.824,45.89,4.07,-121,0.00,
2026-09-02T18:12:28,2,1.808,44.67,43.0300,27.9,1.825,46.02,4.07,-121,0.25,
2026-09-02T18:12:29,2,1.794,43.51,43.0380,27.9,1.821,45.70,4.09,-121,-0.25,
2026-09-02T18:12:30,2,1.812,44.99,43.0360,27.9,1.823,45.83,4.05,-123,-3.50,
2026-09-02T18:12:31,2,1.809,44.73,43.0430,27.9,1.822,45.76,4.07,-121,1.25,
2026-09-02T18:12:32,2,1.794,43.51,43.0490,27.9,1.823,45.83,4.08,-118,4.00,
2026-09-02T18:12:33,2,1.806,44.47,43.0510,27.9,1.824,45.89,4.06,-119,3.50,
2026-09-02T18:12:34,2,1.796,43.70,43.0460,27.9,1.820,45.64,4.09,-121,1.00,
2026-09-02T18:12:35,2,1.795,43.57,43.0370,27.9,1.821,45.70,4.07,-122,-0.75,
2026-09-02T18:12:37,2,1.808,44.67,43.0450,27.9,1.822,45.76,4.06,-123,-3.00,
2026-09-02T18:12:38,2,1.792,43.38,43.0400,27.9,1.822,45.76,4.08,-123,-2.50,
2026-09-02T18:12:39,2,1.814,45.12,43.0310,27.9,1.824,45.96,4.06,-122,-3.00,
2026-09-02T18:12:40,2,1.811,44.86,43.0360,27.9,1.820,45.57,4.07,-123,-3.25,
2026-09-02T18:12:41,2,1.795,43.57,43.0380,27.9,1.819,45.51,4.09,-123,-3.50,
2026-09-02T18:12:42,2,1.810,44.80,43.0320,27.9,1.824,45.89,4.06,-123,-4.00,
2026-09-02T18:12:43,2,1.795,43.64,43.0370,27.9,1.818,45.44,4.09,-124,-4.25,
2026-09-02T18:12:44,2,1.794,43.51,43.0510,27.9,1.822,45.76,4.07,-123,-3.75,14
2026-09-02T18:12:45,2,1.812,44.93,43.0560,27.9,1.824,45.89,4.06,-121,0.25,
2026-09-02T18:12:46,2,1.794,43.51,43.0490,27.9,1.821,45.70,4.08,-121,0.25,
2026-09-02T18:12:47,2,1.816,45.25,43.0440,27.9,1.827,46.15,4.06,-121,1.00,
2026-09-02T18:12:49,2,1.805,44.41,43.0370,27.9,1.821,45.70,4.07,-120,1.75,
2026-09-02T18:12:50,2,1.795,43.64,43.0360,27.9,1.820,45.64,4.09,-120,1.00,
2026-09-02T18:12:51,2,1.811,44.86,43.0340,27.9,1.823,45.83,4.06,-121,1.25,
2026-09-02T18:12:52,2,1.792,43.38,43.0260,27.9,1.818,45.44,4.08,-120,2.00,
2026-09-02T18:12:54,2,1.810,44.80,43.0240,27.9,1.822,45.76,4.06,-120,2.00,
2026-09-02T18:12:55,2,1.793,43.44,43.0190,27.9,1.821,45.70,4.08,-120,2.00,
2026-09-02T18:12:56,2,1.816,45.31,43.0230,27.9,1.824,45.89,4.05,-120,1.75,
2026-09-02T18:12:57,2,1.808,44.67,43.0160,27.9,1.824,45.96,4.07,-120,2.50,
2026-09-02T18:13:00,2,1.812,44.93,43.0230,27.9,1.824,45.96,4.06,-118,4.50,
2026-09-02T18:13:01,2,1.795,43.64,43.0180,27.9,1.820,45.64,4.09,-121,1.00,
2026-09-02T18:13:02,2,1.796,43.70,43.0220,27.9,1.821,45.70,4.07,-121,1.25,
2026-09-02T18:13:03,2,1.811,44.86,43.0220,27.9,1.822,45.76,4.06,-120,2.25,
2026-09-02T18:13:05,2,1.796,43.70,43.0190,27.9,1.821,45.70,4.07,-120,2.75,
2026-09-02T18:13:06,2,1.808,44.60,43.0190,27.9,1.821,45.70,4.07,-119,3.25,
2026-09-02T18:13:07,2,1.794,43.51,43.0120,27.9,1.820,45.64,4.09,-119,3.00,
2026-09-02T18:13:08,2,1.811,44.86,43.0140,27.9,1.820,45.64,4.06,-120,2.75,
2026-09-02T18:13:09,2,1.806,44.47,43.0210,27.9,1.823,45.83,4.07,-119,3.25,
2026-09-02T18:13:10,2,1.793,43.44,43.0150,27.9,1.821,45.70,4.07,-119,3.00,
2026-09-02T18:13:12,2,1.810,44.80,43.0150,27.9,1.823,45.83,4.06,-119,3.00,
2026-09-02T18:13:13,2,1.795,43.64,43.0150,27.9,1.820,45.57,4.08,-120,2.75,
2026-09-02T18:13:14,2,1.795,43.57,43.0120,27.9,1.822,45.76,4.07,-119,3.50,
2026-09-02T18:13:15,2,1.808,44.60,43.0140,27.9,1.828,46.28,4.07,-119,3.25,
2026-09-02T18:13:16,2,1.795,43.64,43.0200,27.9,1.820,45.57,4.08,-119,3.25,
2026-09-02T18:13:17,2,1.811,44.86,43.0160,27.9,1.822,45.76,4.06,-119,3.50,
2026-09-02T18:13:18,2,1.802,44.15,43.0140,27.9,1.820,45.64,4.07,-119,3.50,
2026-09-02T18:13:19,2,1.796,43.70,43.0200,27.9,1.822,45.76,4.07,-120,3.25,
2026-09-02T18:13:20,2,1.812,44.93,43.0240,27.9,1.822,45.76,4.06,-119,3.00,
2026-09-02T18:13:21,2,1.795,43.57,43.0240,27.9,1.820,45.64,4.08,-119,3.25,
2026-09-02T18:13:22,2,1.795,43.57,43.0310,27.9,1.821,45.70,4.07,-119,3.50,
2026-09-02T18:13:24,2,1.810,44.80,43.0290,27.9,1.824,45.96,4.07,-119,3.50,
2026-09-02T18:13:25,2,1.796,43.70,43.0380,27.9,1.818,45.44,4.09,-119,2.75,
2026-09-02T18:13:26,2,1.812,44.93,43.0390,27.9,1.821,45.70,4.05,-119,3.50,
2026-09-02T18:13:27,2,1.808,44.60,43.0420,27.9,1.820,45.57,4.07,-119,3.50,
2026-09-02T18:13:28,2,1.795,43.57,43.0490,27.9,1.820,45.57,4.08,-119,2.75,
2026-09-02T18:13:29,2,1.812,44.93,43.0520,27.9,1.819,45.51,4.06,-119,3.00,
2026-09-02T18:13:30,2,1.787,42.93,43.0500,27.9,1.822,45.76,4.08,-119,3.00,
2026-09-02T18:13:32,2,1.811,44.86,43.0530,27.9,1.823,45.83,4.05,-119,3.50,
2026-09-02T18:13:33,2,1.795,43.57,43.0510,27.9,1.822,45.76,4.09,-120,2.75,
2026-09-02T18:13:34,2,1.825,46.02,43.0480,27.9,1.825,46.02,4.05,-119,3.00,
2026-09-02T18:13:36,2,1.811,44.86,43.0590,27.9,1.820,45.64,4.07,-119,3.25,
2026-09-02T18:13:37,2,1.794,43.51,43.0620,27.9,1.819,45.51,4.08,-120,3.25,
2026-09-02T18:13:38,2,1.812,44.93,43.0600,27.9,1.823,45.83,4.06,-119,3.00,
2026-09-02T18:13:39,2,1.796,43.70,43.0640,27.9,1.819,45.51,4.09,-119,3.50,
2026-09-02T18:13:40,2,1.797,43.77,43.0610,27.9,1.825,46.02,4.07,-119,3.50,
2026-09-02T18:13:41,2,1.812,44.93,43.0590,27.9,1.820,45.64,4.05,-119,3.50,
2026-09-02T18:13:42,2,1.796,43.70,43.0610,27.9,1.824,45.89,4.08,-120,3.00,
2026-09-02T18:13:43,2,1.812,44.99,43.0640,27.9,1.821,45.70,4.06,-118,4.25,
2026-09-02T18:13:44,2,1.810,44.80,43.0570,27.9,1.816,45.31,4.07,-118,4.25,
2026-09-02T18:13:45,2,1.795,43.64,43.0500,27.9,1.824,45.89,4.09,-119,4.50,
2026-09-02T18:13:46,2,1.812,44.93,43.0610,27.9,1.823,45.83,4.06,-118,4.25,
2026-09-02T18:13:48,2,1.810,44.80,43.0660,27.9,1.820,45.64,4.07,-119,4.00,
2026-09-02T18:13:49,2,1.798,43.83,43.0750,27.9,1.820,45.64,4.07,-118,4.50,
2026-09-02T18:13:51,2,1.796,43.70,43.0800,27.9,1.821,45.70,4.08,-118,3.75,
2026-09-02T18:13:52,2,1.797,43.77,43.0610,27.9,1.819,45.51,4.07,-118,4.25,
2026-09-02T18:13:53,2,1.808,44.67,43.0540,27.9,1.823,45.83,4.07,-119,3.25,
2026-09-02T18:13:54,2,1.793,43.44,43.0550,27.9,1.817,45.38,4.08,-120,3.00,
2026-09-02T18:13:56,2,1.809,44.73,43.0540,27.9,1.817,45.38,4.07,-120,2.00,
2026-09-02T18:13:57,2,1.794,43.51,43.0550,27.9,1.823,45.83,4.06,-120,2.25,
2026-09-02T18:13:59,2,1.811,44.86,43.0590,27.9,1.822,45.76,4.06,-120,2.00,
2026-09-02T18:14:00,2,1.795,43.57,43.0490,27.9,1.819,45.51,4.08,-119,3.50,
2026-09-02T18:14:02,2,1.806,44.47,43.0590,27.9,1.819,45.51,4.07,-119,3.25,
2026-09-02T18:14:03,2,1.793,43.44,43.0460,27.9,1.824,45.96,4.09,-119,3.50,
2026-09-02T18:14:04,2,1.812,44.93,43.0580,27.9,1.821,45.70,4.05,-118,3.75,
2026-09-02T18:14:05,2,1.808,44.67,43.0520,27.9,1.821,45.70,4.07,-119,3.50,
2026-09-02T18:14:07,2,1.811,44.86,43.0360,27.9,1.821,45.70,4.05,-119,3.25,
2026-09-02T18:14:08,2,1.795,43.57,43.0320,27.9,1.819,45.51,4.08,-118,3.50,
2026-09-02T18:14:09,2,1.795,43.64,43.0310,27.9,1.821,45.70,4.07,-118,3.50,
2026-09-02T18:14:11,2,1.810,44.80,43.0270,27.9,1.819,45.51,4.05,-118,4.00,
2026-09-02T18:14:12,2,1.796,43.70,43.0370,27.9,1.819,45.51,4.09,-119,3.50,
2026-09-02T18:14:13,2,1.816,45.31,43.0390,27.9,1.820,45.57,4.05,-119,3.00,
2026-09-02T18:14:14,2,1.806,44.47,43.0330,27.9,1.820,45.64,4.07,-119,3.25,
2026-09-02T18:14:15,2,1.794,43.51,43.0310,27.9,1.818,45.44,4.08,-119,3.25,
2026-09-02T18:14:16,2,1.810,44.80,43.0120,27.9,1.820,45.64,4.06,-119,3.50,
2026-09-02T18:14:17,2,1.798,43.83,43.0130,27.9,1.819,45.51,4.08,-119,3.25,
2026-09-02T18:14:18,2,1.795,43.64,43.0240,27.9,1.821,45.70,4.07,-119,3.50,
2026-09-02T18:14:19,2,1.808,44.67,43.0090,27.9,1.821,45.70,4.06,-119,2.75,
2026-09-02T18:14:20,2,1.791,43.25,43.0080,27.9,1.823,45.83,4.08,-119,3.25,
2026-09-02T18:14:21,2,1.814,45.12,43.0000,27.9,1.822,45.76,4.05,-119,3.25,
2026-09-02T18:14:23,2,1.808,44.60,43.0020,27.9,1.818,45.44,4.07,-119,3.50,
2026-09-02T18:14:24,2,1.795,43.57,42.9900,27.9,1.818,45.44,4.08,-118,3.75,
2026-09-02T18:14:25,2,1.811,44.86,43.0000,27.9,1.821,45.70,4.06,-120,2.50,
2026-09-02T18:14:26,2,1.791,43.25,42.9910,27.9,1.818,45.44,4.08,-123,-5.00,
2026-09-02T18:14:27,2,1.796,43.70,42.9850,27.9,1.818,45.44,4.07,-123,-3.50,
2026-09-02T18:14:28,2,1.809,44.73,42.9890,27.9,1.821,45.70,4.06,-123,-3.75,
2026-09-02T18:14:29,2,1.794,43.51,42.9880,27.9,1.819,45.51,4.08,-123,-2.50,
2026-09-02T18:14:30,2,1.795,43.64,42.9940,27.9,1.821,45.70,4.07,-123,-2.25,
2026-09-02T18:14:31,2,1.822,45.76,42.9900,27.9,1.820,45.57,4.07,-124,-4.75,
2026-09-02T18:14:32,2,1.796,43.70,43.0020,27.9,1.820,45.64,4.09,-124,-5.75,
2026-09-02T18:14:33,2,1.812,44.99,43.0050,27.9,1.822,45.76,4.06,-123,-5.75,
2026-09-02T18:14:35,2,1.812,44.99,43.0080,27.9,1.821,45.70,4.07,-123,-5.50,
2026-09-02T18:14:36,2,1.794,43.51,43.0160,27.9,1.821,45.70,4.07,-124,-4.75,
2026-09-02T18:14:37,2,1.812,44.99,43.0110,27.9,1.823,45.83,4.06,-123,-4.75,
2026-09-02T18:14:38,2,1.795,43.57,42.9960,27.9,1.819,45.51,4.08,-123,-2.75,
2026-09-02T18:14:39,2,1.795,43.57,42.9960,27.9,1.820,45.64,4.07,-123,-2.00,
2026-09-02T18:14:40,2,1.809,44.73,43.0070,27.9,1.819,45.51,4.07,-122,-1.75,
2026-09-02T18:14:41,2,1.794,43.51,43.0030,27.9,1.819,45.51,4.08,-122,-1.00,
2026-09-02T18:14:42,2,1.812,44.99,43.0040,27.9,1.820,45.64,4.05,-122,-0.75,14
2026-09-02T18:14:43,2,1.807,44.54,43.0100,27.9,1.813,45.05,4.07,-122,-2.00,
2026-09-02T18:14:44,2,1.799,43.89,43.0110,27.9,1.822,45.76,4.06,-117,5.25,
2026-09-02T18:14:46,2,1.812,44.99,43.0150,27.9,1.821,45.70,4.06,-120,1.50,
2026-09-02T18:14:48,2,1.795,43.64,43.0330,27.9,1.819,45.51,4.07,-122,-1.75,
2026-09-02T18:14:49,2,1.809,44.73,43.0330,27.9,1.817,45.38,4.07,-123,-2.75,
2026-09-02T18:14:50,2,1.797,43.77,43.0240,27.9,1.820,45.64,4.09,-123,-4.00,
2026-09-02T18:14:53,2,1.798,43.83,43.0370,27.9,1.824,45.96,4.09,-121,1.25,
2026-09-02T18:14:54,2,1.816,45.31,43.0810,27.9,1.825,46.02,4.06,-120,1.25,
2026-09-02T18:14:56,2,1.802,44.15,43.3390,27.9,1.826,46.09,4.07,-121,1.25,
2026-09-02T18:14:59,2,1.804,44.28,43.4720,27.9,1.828,46.22,4.09,-121,1.50,
2026-09-02T18:15:00,2,1.822,45.76,43.5270,27.9,1.833,46.60,4.06,-120,1.25,
2026-09-02T18:15:01,2,1.821,45.70,43.5760,27.9,1.828,46.28,4.07,-121,1.00,
2026-09-02T18:15:02,2,1.804,44.35,43.6290,27.9,1.827,46.15,4.09,-120,1.00,
2026-09-02T18:15:04,2,1.805,44.41,43.7120,27.9,1.831,46.47,4.08,-120,1.25,
2026-09-02T18:15:05,2,1.806,44.47,43.7520,27.9,1.832,46.54,4.07,-120,2.00,
2026-09-02T18:15:06,2,1.821,45.70,43.7960,27.9,1.832,46.54,4.06,-120,2.25,
2026-09-02T18:15:07,2,1.808,44.67,43.8820,27.9,1.832,46.54,4.08,-121,1.75,
2026-09-02T18:15:08,2,1.828,46.22,43.9240,27.9,1.834,46.73,4.05,-120,1.50,
2026-09-02T18:15:10,2,1.824,45.89,43.9740,27.9,1.832,46.54,4.07,-121,1.50,
2026-09-02T18:15:11,2,1.808,44.60,44.0230,27.9,1.829,46.34,4.08,-121,1.25,
2026-09-02T18:15:12,2,1.825,46.02,44.0580,27.9,1.833,46.60,4.05,-121,1.25,
2026-09-02T18:15:13,2,1.811,44.86,44.0970,27.9,1.828,46.28,4.08,-120,1.50,
2026-09-02T18:15:14,2,1.806,44.47,44.0970,27.9,1.829,46.34,4.07,-120,1.25,
2026-09-02T18:15:15,2,1.820,45.57,44.0370,27.9,1.828,46.28,4.06,-121,1.25,
2026-09-02T18:15:16,2,1.806,44.47,43.9900,27.9,1.828,46.22,4.08,-120,1.50,
2026-09-02T18:15:17,2,1.808,44.67,43.9580,27.9,1.828,46.22,4.07,-121,1.00,
2026-09-02T18:15:18,2,1.821,45.70,43.9340,27.9,1.827,46.15,4.07,-121,1.00,
2026-09-02T18:15:19,2,1.807,44.54,43.9090,27.9,1.826,46.09,4.08,-120,1.25,
2026-09-02T18:15:20,2,1.821,45.70,43.8940,27.9,1.827,46.15,4.06,-121,1.00,
2026-09-02T18:15:22,2,1.820,45.57,43.8820,27.9,1.827,46.15,4.07,-121,1.00,
2026-09-02T18:15:23,2,1.807,44.54,43.8840,27.9,1.826,46.09,4.06,-121,0.75,
2026-09-02T18:15:24,2,1.820,45.64,43.8860,27.9,1.827,46.15,4.06,-120,0.75,
2026-09-02T18:15:25,2,1.805,44.41,43.8790,27.9,1.824,45.89,4.08,-121,0.75,
2026-09-02T18:15:26,2,1.806,44.47,43.8770,27.9,1.826,46.09,4.07,-121,0.75,
2026-09-02T18:15:27,2,1.824,45.89,43.8730,27.9,1.825,46.02,4.07,-121,0.75,
2026-09-02T18:15:28,2,1.807,44.54,43.8630,27.9,1.824,45.89,4.09,-120,1.25,
2026-09-02T18:15:29,2,1.823,45.83,43.8710,27.9,1.825,46.02,4.05,-121,1.00,
2026-09-02T18:15:30,2,1.818,45.44,43.8550,27.9,1.824,45.96,4.07,-121,1.25,
2026-09-02T18:15:31,2,1.805,44.41,43.8570,27.9,1.826,46.09,4.06,-121,0.75,
2026-09-02T18:15:33,2,1.821,45.70,43.8470,27.9,1.825,46.02,4.06,-121,1.00,
2026-09-02T18:15:34,2,1.804,44.35,43.8490,27.9,1.824,45.96,4.08,-121,1.00,
2026-09-02T18:15:35,2,1.807,44.54,43.8480,27.9,1.827,46.15,4.07,-121,1.50,
2026-09-02T18:15:36,2,1.819,45.51,43.8480,27.9,1.824,45.89,4.07,-121,1.25,
2026-09-02T18:15:37,2,1.805,44.41,43.8380,27.9,1.823,45.83,4.09,-121,1.25,
2026-09-02T18:15:38,2,1.817,45.38,43.8370,27.9,1.826,46.09,4.05,-120,1.50,
2026-09-02T18:15:39,2,1.817,45.38,43.8310,27.9,1.824,45.96,4.07,-121,1.25,
2026-09-02T18:15:40,2,1.809,44.73,43.8240,27.9,1.824,45.96,4.08,-121,1.00,
2026-09-02T18:15:42,2,1.809,44.73,43.8220,27.9,1.824,45.89,4.09,-121,0.75,
2026-09-02T18:15:43,2,1.806,44.47,43.8140,27.9,1.827,46.15,4.00,-117,0.75,
2026-09-02T18:15:45,2,1.813,45.05,43.8240,27.9,1.828,46.28,4.05,-121,1.00,
2026-09-02T18:15:46,2,1.804,44.35,43.8210,27.9,1.839,47.12,4.08,-120,1.50,
2026-09-02T18:15:47,2,1.824,45.89,43.8270,27.9,1.827,46.15,4.05,-120,1.75,
2026-09-02T18:15:48,2,1.820,45.57,43.8250,27.9,1.824,45.96,4.07,-121,1.25,
2026-09-02T18:15:50,2,1.824,45.96,43.8390,27.9,1.828,46.28,4.06,-120,1.25,
2026-09-02T18:15:51,2,1.805,44.41,43.8410,27.9,1.823,45.83,4.08,-121,1.00,
2026-09-02T18:15:52,2,1.806,44.47,43.8340,27.9,1.827,46.15,4.07,-121,1.25,
2026-09-02T18:15:53,2,1.821,45.70,43.8370,27.9,1.824,45.89,4.06,-121,1.25,
2026-09-02T18:15:55,2,1.826,46.09,43.8370,27.9,1.828,46.22,4.05,-121,0.75,
2026-09-02T18:15:57,2,1.832,46.54,43.8450,27.9,1.826,46.09,4.07,-120,2.25,
2026-09-02T18:15:58,2,1.805,44.41,43.8460,27.9,1.824,45.96,4.08,-119,3.00,
2026-09-02T18:15:59,2,1.825,46.02,43.8420,27.9,1.827,46.15,4.06,-120,2.75,
2026-09-02T18:16:01,2,1.808,44.67,43.8560,27.9,1.828,46.28,4.07,-120,2.00,
2026-09-02T18:16:02,2,1.820,45.57,43.8520,27.9,1.828,46.22,4.05,-120,2.50,
2026-09-02T18:16:03,2,1.804,44.35,43.8510,27.9,1.824,45.89,4.08,-120,1.50,
2026-09-02T18:16:04,2,1.807,44.54,43.8610,27.9,1.827,46.15,4.07,-120,2.00,
2026-09-02T18:16:05,2,1.819,45.51,43.8560,27.9,1.826,46.09,4.07,-121,0.75,15
2026-09-02T18:16:06,2,1.805,44.41,43.8620,27.9,1.825,46.02,4.08,-121,0.50,
2026-09-02T18:16:07,2,1.824,45.89,43.8690,27.9,1.828,46.22,4.05,-122,-1.00,
2026-09-02T18:16:09,2,1.817,45.38,43.8730,27.9,1.839,47.12,4.08,-122,-1.00,
2026-09-02T18:16:10,2,1.807,44.54,43.8690,27.9,1.824,45.89,4.07,-121,-0.25,
2026-09-02T18:16:11,2,1.822,45.76,43.8630,27.9,1.828,46.22,4.05,-122,-0.25,
2026-09-02T18:16:12,2,1.805,44.41,43.8550,27.9,1.821,45.70,4.08,-121,0.00,
2026-09-02T18:16:13,2,1.809,44.73,43.8470,27.9,1.826,46.09,4.07,-121,-0.25,
2026-09-02T18:16:14,2,1.820,45.57,43.8550,27.9,1.822,45.76,4.07,-122,-0.75,
2026-09-02T18:16:15,2,1.805,44.41,43.8560,27.9,1.823,45.83,4.09,-121,-1.00,
2026-09-02T18:16:16,2,1.823,45.83,43.8570,27.9,1.825,46.02,4.05,-122,-0.50,
2026-09-02T18:16:17,2,1.820,45.57,43.8680,27.9,1.825,46.02,4.07,-122,0.00,
2026-09-02T18:16:18,2,1.808,44.60,43.8750,27.9,1.827,46.15,4.07,-121,-0.50,
2026-09-02T18:16:20,2,1.821,45.70,43.8810,27.9,1.828,46.22,4.06,-121,-0.50,
2026-09-02T18:16:21,2,1.805,44.41,43.8780,27.9,1.812,44.99,4.09,-121,-0.50,
2026-09-02T18:16:22,2,1.799,43.96,43.8840,27.9,1.827,46.15,4.07,-121,-0.50,
2026-09-02T18:16:23,2,1.819,45.51,43.8970,27.9,1.828,46.22,4.08,-121,-0.25,
2026-09-02T18:16:24,2,1.804,44.35,43.8950,27.9,1.822,45.76,4.08,-121,-0.50,
2026-09-02T18:16:25,2,1.824,45.96,43.9020,27.9,1.829,46.34,4.06,-121,-0.50,
2026-09-02T18:16:26,2,1.819,45.51,43.9030,27.9,1.825,46.02,4.07,-122,-0.25,
2026-09-02T18:16:27,2,1.807,44.54,43.9010,27.9,1.828,46.28,4.07,-121,-0.50,
2026-09-02T18:16:28,2,1.823,45.83,43.9030,27.9,1.827,46.15,4.06,-121,-0.50,
2026-09-02T18:16:29,2,1.804,44.35,43.8990,27.9,1.826,46.09,4.08,-122,-1.00,
2026-09-02T18:16:30,2,1.808,44.60,43.9150,27.9,1.825,46.02,4.07,-121,-0.50,
2026-09-02T18:16:32,2,1.823,45.83,43.9160,27.9,1.828,46.28,4.06,-121,0.00,
2026-09-02T18:16:34,2,1.824,45.96,43.9140,27.9,1.837,46.99,4.05,-121,0.25,
2026-09-02T18:16:36,2,1.805,44.41,43.9140,27.9,1.833,46.60,4.08,-121,-0.50,
2026-09-02T18:16:37,2,1.820,45.64,43.9080,27.9,1.827,46.15,4.06,-122,0.25,
2026-09-02T18:16:38,2,1.804,44.35,43.9140,27.9,1.825,46.02,4.08,-121,0.00,
2026-09-02T18:16:39,2,1.806,44.47,43.9030,27.9,1.825,46.02,4.06,-122,-0.25,
2026-09-02T18:16:40,2,1.820,45.64,43.8930,27.9,1.826,46.09,4.05,-121,0.00,
2026-09-02T18:16:41,2,1.805,44.41,43.8950,27.9,1.823,45.83,4.08,-121,-0.25,
2026-09-02T18:16:42,2,1.823,45.83,43.8890,27.9,1.826,46.09,4.05,-121,-0.25,
2026-09-02T18:16:44,2,1.818,45.44,43.8890,27.9,1.828,46.22,4.07,-121,0.75,
2026-09-02T18:16:45,2,1.804,44.28,43.8840,27.9,1.823,45.83,4.08,-121,0.00,
2026-09-02T18:16:47,2,1.802,44.15,43.8720,27.9,1.824,45.89,4.08,-122,-0.50,
2026-09-02T18:16:48,2,1.805,44.41,43.8710,27.9,1.825,46.02,4.07,-122,-0.25,
2026-09-02T18:16:49,2,1.821,45.70,43.8610,27.9,1.828,46.22,4.05,-122,-0.25,
2026-09-02T18:16:50,2,1.804,44.35,43.8630,27.9,1.815,45.18,4.08,-122,0.00,
2026-09-02T18:16:52,2,1.817,45.38,43.8640,27.9,1.828,46.28,4.07,-121,1.25,
2026-09-02T18:16:53,2,1.806,44.47,43.8620,27.9,1.822,45.76,4.08,-120,1.75,
2026-09-02T18:16:54,2,1.822,45.76,43.8570,27.9,1.826,46.09,4.05,-121,1.50,
2026-09-02T18:16:56,2,1.819,45.51,43.8660,27.9,1.822,45.76,4.07,-120,1.50,
2026-09-02T18:16:58,2,1.820,45.64,43.8710,27.9,1.828,46.22,4.06,-121,1.00,
2026-09-02T18:16:59,2,1.805,44.41,43.8770,27.9,1.824,45.89,4.08,-121,0.75,
2026-09-02T18:17:00,2,1.808,44.67,43.8790,27.9,1.826,46.09,4.07,-121,0.50,
2026-09-02T18:17:01,2,1.820,45.57,43.8820,27.9,1.828,46.22,4.07,-121,1.50,
2026-09-02T18:17:02,2,1.805,44.41,43.8740,27.9,1.824,45.96,4.08,-121,1.00,
2026-09-02T18:17:03,2,1.826,46.09,43.8760,27.9,1.828,46.22,4.05,-121,0.75,
2026-09-02T18:17:04,2,1.817,45.38,43.8830,27.9,1.824,45.96,4.07,-121,1.50,
2026-09-02T18:17:05,2,1.821,45.70,43.8850,27.9,1.824,45.96,4.07,-120,2.00,
2026-09-02T18:17:07,2,1.821,45.70,43.8980,27.9,1.820,45.64,4.06,-120,1.50,
2026-09-02T18:17:08,2,1.807,44.54,43.8900,27.9,1.823,45.83,4.08,-120,2.00,
2026-09-02T18:17:09,2,1.808,44.60,43.8980,27.9,1.827,46.15,4.06,-121,1.50,
2026-09-02T18:17:10,2,1.820,45.57,43.9010,27.9,1.824,45.96,4.07,-121,2.00,
2026-09-02T18:17:11,2,1.807,44.54,43.8980,27.9,1.824,45.96,4.08,-120,1.50,
2026-09-02T18:17:12,2,1.825,46.02,43.8980,27.9,1.828,46.22,4.05,-121,1.00,
2026-09-02T18:17:13,2,1.833,46.60,43.9100,27.9,1.824,45.96,4.07,-120,1.75,
2026-09-02T18:17:14,2,1.805,44.41,43.9090,27.9,1.826,46.09,4.07,-120,2.25,
2026-09-02T18:17:15,2,1.823,45.83,43.9110,27.9,1.828,46.28,4.06,-120,2.25,
2026-09-02T18:17:16,2,1.805,44.41,43.8940,27.9,1.825,46.02,4.08,-121,1.50,
2026-09-02T18:17:17,2,1.808,44.67,43.8930,27.9,1.829,46.34,4.07,-120,2.00,
2026-09-02T18:17:19,2,1.819,45.51,43.8870,27.9,1.825,46.02,4.06,-120,2.00,
2026-09-02T18:17:20,2,1.806,44.47,43.8920,27.9,1.823,45.83,4.08,-120,1.75,
2026-09-02T18:17:21,2,1.825,46.02,43.8960,27.9,1.825,46.02,4.05,-120,2.00,
2026-09-02T18:17:22,2,1.821,45.70,43.8950,27.9,1.837,46.99,4.07,-120,1.75,
2026-09-02T18:17:23,2,1.795,43.57,43.8860,27.9,1.823,45.83,4.08,-121,1.00,
2026-09-02T18:17:24,2,1.823,45.83,43.8790,27.9,1.826,46.09,4.06,-121,1.25,
2026-09-02T18:17:25,2,1.808,44.67,43.8820,27.9,1.824,45.89,4.08,-120,1.50,
2026-09-02T18:17:26,2,1.805,44.41,43.8720,27.9,1.824,45.96,4.07,-121,1.50,
2026-09-02T18:17:27,2,1.821,45.70,43.8650,27.9,1.828,46.22,4.06,-120,1.75,
2026-09-02T18:17:28,2,1.801,44.09,43.8730,27.9,1.824,45.89,4.08,-120,1.75,
2026-09-02T18:17:29,2,1.824,45.96,43.8710,27.9,1.829,46.34,4.05,-121,1.50,
2026-09-02T18:17:31,2,1.819,45.51,43.8760,27.9,1.826,46.09,4.07,-121,1.25,
2026-09-02T18:17:33,2,1.820,45.64,43.8630,27.9,1.826,46.09,4.05,-120,2.00,
2026-09-02T18:17:34,2,1.807,44.54,43.8600,27.9,1.823,45.83,4.08,-118,4.00,
2026-09-02T18:17:35,2,1.805,44.41,43.8640,27.9,1.824,45.89,4.07,-119,3.25,
2026-09-02T18:17:36,2,1.820,45.57,43.8700,27.9,1.828,46.22,4.06,-119,3.25,
2026-09-02T18:17:37,2,1.806,44.47,43.8720,27.9,1.816,45.31,4.08,-119,3.25,
2026-09-02T18:17:38,2,1.808,44.60,43.8720,27.9,1.826,46.09,4.07,-119,2.75,
2026-09-02T18:17:39,2,1.820,45.57,43.8750,27.9,1.824,45.96,4.07,-120,2.75,
2026-09-02T18:17:40,2,1.806,44.47,43.8650,27.9,1.824,45.89,4.09,-122,-1.50,
2026-09-02T18:17:41,2,1.822,45.76,43.8750,27.9,1.828,46.22,4.05,-121,0.75,
2026-09-02T18:17:44,2,1.806,44.47,43.8770,27.9,1.827,46.15,4.06,-119,3.00,
2026-09-02T18:17:45,2,1.822,45.76,43.8780,27.9,1.828,46.22,4.06,-118,4.00,
2026-09-02T18:17:46,2,1.804,44.28,43.8840,27.9,1.823,45.83,4.08,-118,4.00,
2026-09-02T18:17:47,2,1.806,44.47,43.8890,27.9,1.826,46.09,4.07,-118,4.25,
2026-09-02T18:17:49,2,1.806,44.47,43.8730,27.9,1.824,45.89,4.08,-118,4.25,
2026-09-02T18:17:50,2,1.821,45.70,43.8770,27.9,1.830,46.41,4.05,-118,3.50,
2026-09-02T18:17:51,2,1.820,45.57,43.8810,27.9,1.825,46.02,4.07,-119,3.75,
2026-09-02T18:17:52,2,1.806,44.47,43.8810,27.9,1.824,45.96,4.06,-118,3.75,
2026-09-02T18:17:55,2,1.802,44.15,43.8780,27.9,1.823,45.83,4.08,-118,3.50,
2026-09-02T18:17:56,2,1.807,44.54,43.8720,27.9,1.827,46.15,4.07,-118,4.50,
2026-09-02T18:17:57,2,1.821,45.70,43.8650,27.9,1.824,45.96,4.07,-118,4.00,
2026-09-02T18:17:58,2,1.805,44.41,43.8740,27.9,1.826,46.09,4.08,-118,4.00,
2026-09-02T18:17:59,2,1.826,46.09,43.8720,27.9,1.827,46.15,4.05,-118,4.25,
2026-09-02T18:18:00,2,1.817,45.38,43.8720,27.9,1.824,45.96,4.07,-119,3.50,
2026-09-02T18:18:01,2,1.805,44.41,43.8720,27.9,1.823,45.83,4.08,-118,4.00,
2026-09-02T18:18:02,2,1.821,45.70,43.8680,27.9,1.828,46.28,4.05,-118,4.25,
2026-09-02T18:18:03,2,1.803,44.22,43.8760,27.9,1.824,45.89,4.08,-118,4.00,
2026-09-02T18:18:04,2,1.808,44.60,43.8750,27.9,1.828,46.22,4.07,-118,4.75,
2026-09-02T18:18:06,2,1.820,45.64,43.8760,27.9,1.827,46.15,4.05,-119,3.25,
2026-09-02T18:18:07,2,1.806,44.47,43.8690,27.9,1.823,45.83,4.08,-118,4.50,
2026-09-02T18:18:08,2,1.818,45.44,43.8720,27.9,1.826,46.09,4.06,-118,3.75,
2026-09-02T18:18:09,2,1.817,45.38,43.8820,27.9,1.827,46.15,4.07,-118,4.50,
2026-09-02T18:18:10,2,1.804,44.28,43.8790,27.9,1.828,46.22,4.08,-118,4.50,
2026-09-02T18:18:11,2,1.824,45.96,43.8680,27.9,1.827,46.15,4.05,-118,4.25,
2026-09-02T18:18:12,2,1.819,45.51,43.8600,27.9,1.826,46.09,4.07,-117,4.75,
2026-09-02T18:18:13,2,1.806,44.47,43.8640,27.9,1.825,46.02,4.07,-118,4.75,
2026-09-02T18:18:14,2,1.820,45.57,43.8690,27.9,1.826,46.09,4.05,-118,4.00,
2026-09-02T18:18:15,2,1.806,44.47,43.8640,27.9,1.826,46.09,4.08,-118,4.50,
2026-09-02T18:18:16,2,1.805,44.41,43.8620,27.9,1.829,46.34,4.07,-118,4.50,
2026-09-02T18:18:18,2,1.823,45.83,43.8570,27.9,1.825,46.02,4.07,-118,4.50,
2026-09-02T18:18:19,2,1.805,44.41,43.8600,27.9,1.829,46.34,4.09,-117,4.50,
2026-09-02T18:18:20,2,1.822,45.76,43.8540,27.9,1.828,46.22,4.05,-118,4.75,
2026-09-02T18:18:21,2,1.816,45.31,43.8610,27.9,1.827,46.15,4.06,-118,4.25,
2026-09-02T18:18:22,2,1.807,44.54,43.8560,27.9,1.828,46.22,4.06,-118,3.75,
2026-09-02T18:18:23,2,1.820,45.64,43.8520,27.9,1.839,47.12,4.06,-118,3.50,
2026-09-02T18:18:24,2,1.804,44.28,43.8490,27.9,1.824,45.89,4.08,-118,3.75,
2026-09-02T18:18:25,2,1.807,44.54,43.8420,27.9,1.828,46.22,4.07,-118,3.50,
2026-09-02T18:18:26,2,1.818,45.44,43.8430,27.9,1.825,46.02,4.07,-119,4.00,
2026-09-02T18:18:27,2,1.795,43.64,43.8460,27.9,1.824,45.96,4.08,-119,3.25,
2026-09-02T18:18:28,2,1.822,45.76,43.8400,27.9,1.827,46.15,4.05,-119,3.25,
2026-09-02T18:18:30,2,1.819,45.51,43.8410,27.9,1.825,46.02,4.07,-119,3.50,
2026-09-02T18:18:31,2,1.805,44.41,43.8390,27.9,1.829,46.34,4.06,-119,3.25,
2026-09-02T18:18:33,2,1.804,44.28,43.8450,27.9,1.825,46.02,4.08,-119,3.00,
2026-09-02T18:18:34,2,1.806,44.47,43.8420,27.9,1.824,45.96,4.06,-119,3.50,
2026-09-02T18:18:35,2,1.820,45.57,43.8400,27.9,1.826,46.09,4.07,-119,3.50,
2026-09-02T18:18:36,2,1.804,44.28,43.8430,27.9,1.813,45.05,4.08,-119,3.00,
2026-09-02T18:18:37,2,1.828,46.22,43.8520,27.9,1.827,46.15,4.05,-119,3.75,
2026-09-02T18:18:38,2,1.820,45.57,43.8380,27.9,1.827,46.15,4.06,-119,3.75,
2026-09-02T18:18:41,2,1.820,45.64,43.8450,27.9,1.830,46.41,4.05,-119,3.25,
2026-09-02T18:18:42,2,1.804,44.28,43.8460,27.9,1.824,45.96,4.08,-119,3.75,
2026-09-02T18:18:43,2,1.806,44.47,43.8440,27.9,1.827,46.15,4.07,-118,4.00,
2026-09-02T18:18:44,2,1.820,45.57,43.8500,27.9,1.826,46.09,4.05,-119,3.25,
2026-09-02T18:18:46,2,1.824,45.96,43.8510,27.9,1.828,46.22,4.05,-119,3.25,
2026-09-02T18:18:47,2,1.816,45.31,43.8520,27.9,1.824,45.96,4.07,-119,3.25,
2026-09-02T18:18:48,2,1.804,44.35,43.8500,27.9,1.824,45.89,4.08,-119,3.25,
2026-09-02T18:18:49,2,1.822,45.76,43.8470,27.9,1.826,46.09,4.05,-119,3.50,
2026-09-02T18:18:51,2,1.806,44.47,43.8500,27.9,1.824,45.96,4.07,-119,3.25,
2026-09-02T18:18:53,2,1.820,45.64,43.8520,27.9,1.828,46.22,4.05,-119,3.50,
2026-09-02T18:18:54,2,1.807,44.54,43.8530,27.9,1.819,45.51,4.08,-119,3.25,
2026-09-02T18:18:55,2,1.808,44.67,43.8620,27.9,1.826,46.09,4.07,-119,3.50,
2026-09-02T18:18:56,2,1.820,45.64,43.8610,27.9,1.827,46.15,4.07,-119,3.75,
2026-09-02T18:18:57,2,1.820,45.57,43.8550,27.9,1.824,45.96,4.09,-119,3.00,
2026-09-02T18:18:58,2,1.822,45.76,43.8740,27.9,1.826,46.09,4.05,-119,3.50,
2026-09-02T18:18:59,2,1.819,45.51,43.8680,27.9,1.825,46.02,4.07,-119,3.25,
2026-09-02T18:19:00,2,1.807,44.54,43.8690,27.9,1.827,46.15,4.06,-118,3.50,
2026-09-02T18:19:01,2,1.820,45.64,43.8570,27.9,1.826,46.09,4.05,-119,3.25,
2026-09-02T18:19:02,2,1.804,44.35,43.8580,27.9,1.826,46.09,4.08,-119,3.50,
2026-09-02T18:19:03,2,1.808,44.60,43.8550,27.9,1.825,46.02,4.07,-118,3.75,
2026-09-02T18:19:05,2,1.816,45.31,43.8520,27.9,1.826,46.09,4.07,-118,4.00,
2026-09-02T18:19:06,2,1.807,44.54,43.8530,27.9,1.827,46.15,4.08,-118,3.75,
2026-09-02T18:19:07,2,1.824,45.89,43.8540,27.9,1.831,46.47,4.05,-119,3.75,
2026-09-02T18:19:08,2,1.820,45.64,43.8540,27.9,1.826,46.09,4.06,-119,3.50,
2026-09-02T18:19:09,2,1.809,44.73,43.8540,27.9,1.828,46.22,4.06,-119,3.50,
2026-09-02T18:19:10,2,1.820,45.64,43.8490,27.9,1.828,46.22,4.05,-119,3.50,
2026-09-02T18:19:11,2,1.807,44.54,43.8570,27.9,1.824,45.89,4.08,-119,3.25,
2026-09-02T18:19:12,2,1.806,44.47,43.8460,27.9,1.824,45.96,4.06,-119,3.25,
2026-09-02T18:19:13,2,1.818,45.44,43.8480,27.9,1.826,46.09,4.07,-119,4.00,
2026-09-02T18:19:14,2,1.804,44.28,43.8480,27.9,1.824,45.89,4.09,-119,3.25,
2026-09-02T18:19:15,2,1.826,46.09,43.8530,27.9,1.827,46.15,4.05,-118,3.25,
2026-09-02T18:19:17,2,1.807,44.54,43.8610,27.9,1.824,45.89,4.07,-118,3.25,
2026-09-02T18:19:18,2,1.804,44.35,43.8490,27.9,1.827,46.15,4.06,-119,3.50,
2026-09-02T18:19:19,2,1.820,45.64,43.8540,27.9,1.826,46.09,4.06,-119,3.75,
2026-09-02T18:19:20,2,1.801,44.09,43.8580,27.9,1.825,46.02,4.08,-119,3.25,
2026-09-02T18:19:21,2,1.804,44.35,43.8670,27.9,1.836,46.86,4.06,-119,3.00,
2026-09-02T18:19:22,2,1.820,45.64,43.8690,27.9,1.824,45.96,4.05,-119,3.25,
2026-09-02T18:19:23,2,1.807,44.54,43.8670,27.9,1.824,45.96,4.08,-119,3.50,
2026-09-02T18:19:24,2,1.824,45.96,43.8620,27.9,1.826,46.09,4.05,-119,3.00,
2026-09-02T18:19:25,2,1.818,45.44,43.8730,27.9,1.824,45.96,4.07,-119,3.25,
2026-09-02T18:19:26,2,1.804,44.35,43.8750,27.9,1.823,45.83,4.08,-119,3.25,
2026-09-02T18:19:27,2,1.821,45.70,43.8680,27.9,1.819,45.51,4.05,-119,3.50,
2026-09-02T18:19:29,2,1.806,44.47,43.8690,27.9,1.824,45.96,4.07,-119,3.00,
2026-09-02T18:19:30,2,1.808,44.67,43.8650,27.9,1.824,45.96,4.07,-122,-2.25,
2026-09-02T18:19:31,2,1.820,45.57,43.8660,27.9,1.830,46.41,4.06,-121,1.25,
2026-09-02T18:19:32,2,1.804,44.35,43.8620,27.9,1.824,45.96,4.08,-122,-2.00,
2026-09-02T18:19:33,2,1.806,44.47,43.8580,27.9,1.825,46.02,4.06,-121,1.75,
2026-09-02T18:19:34,2,1.820,45.64,43.8490,27.9,1.826,46.09,4.07,-121,-0.25,
2026-09-02T18:19:35,2,1.808,44.60,43.8560,27.9,1.824,45.89,4.08,-121,0.25,
2026-09-02T18:19:37,2,1.817,45.38,43.8400,27.9,1.828,46.22,4.07,-121,1.00,
2026-09-02T18:19:38,2,1.808,44.67,43.8400,27.9,1.828,46.22,4.07,-122,-2.00,
2026-09-02T18:19:41,2,1.805,44.41,43.8430,27.9,1.825,46.02,4.08,-121,-0.75,
2026-09-02T18:19:43,2,1.823,45.83,43.8440,27.9,1.826,46.09,4.07,-119,3.50,
2026-09-02T18:19:44,2,1.804,44.35,43.8500,27.9,1.816,45.25,4.08,-123,-2.75,
2026-09-02T18:19:45,2,1.824,45.96,43.8390,27.9,1.827,46.15,4.05,-123,-4.25,
2026-09-02T18:19:48,2,1.822,45.76,43.8360,27.9,1.828,46.22,4.06,-119,3.25,
2026-09-02T18:19:49,2,1.805,44.41,43.8470,27.9,1.823,45.83,4.08,-123,-5.75,
2026-09-02T18:19:52,2,1.820,45.64,43.8430,27.9,1.826,46.09,4.07,-121,1.25,
2026-09-02T18:19:54,2,1.824,45.96,43.8450,27.9,1.827,46.15,4.05,-120,2.00,
2026-09-02T18:19:55,2,1.823,45.83,43.8370,27.9,1.824,45.96,4.07,-119,3.25,
2026-09-02T18:19:56,2,1.807,44.54,43.8380,27.9,1.828,46.28,4.06,-119,3.25,
2026-09-02T18:19:57,2,1.819,45.51,43.8430,27.9,1.828,46.22,4.05,-117,5.25,
2026-09-02T18:19:58,2,1.804,44.28,43.8540,27.9,1.821,45.70,4.08,-117,5.25,
2026-09-02T18:19:59,2,1.807,44.54,43.8560,27.9,1.825,46.02,4.07,-117,5.25,
2026-09-02T18:20:01,2,1.807,44.54,43.8440,27.9,1.824,45.96,4.08,-117,5.75,
2026-09-02T18:20:02,2,1.824,45.89,43.8350,27.9,1.828,46.22,4.05,-117,5.50,
2026-09-02T18:20:04,2,1.820,45.57,43.8400,27.9,1.827,46.15,4.07,-116,5.75,
2026-09-02T18:20:05,2,1.807,44.54,43.8440,27.9,1.825,46.02,4.07,-117,5.50,
2026-09-02T18:20:06,2,1.831,46.47,43.8410,27.9,1.830,46.41,4.05,-116,5.50,
2026-09-02T18:20:07,2,1.806,44.47,43.8440,27.9,1.824,45.96,4.08,-116,5.75,
2026-09-02T18:20:08,2,1.808,44.60,43.8440,27.9,1.829,46.34,4.07,-117,6.00,
2026-09-02T18:20:09,2,1.821,45.70,43.8450,27.9,1.828,46.28,4.05,-119,3.25,
2026-09-02T18:20:10,2,1.809,44.73,43.8460,27.9,1.822,45.76,4.08,-117,5.00,
2026-09-02T18:20:11,2,1.824,45.89,43.8480,27.9,1.830,46.41,4.05,-117,4.75,
2026-09-02T18:20:12,2,1.820,45.57,43.8630,27.9,1.824,45.96,4.07,-117,5.00,
2026-09-02T18:20:13,2,1.804,44.35,43.8530,27.9,1.824,45.96,4.08,-117,5.50,
2026-09-02T18:20:14,2,1.822,45.76,43.8520,27.9,1.829,46.34,4.06,-117,5.50,
2026-09-02T18:20:16,2,1.804,44.35,43.8490,27.9,1.825,46.02,4.08,-117,5.25,
2026-09-02T18:20:17,2,1.804,44.35,43.8530,27.9,1.827,46.15,4.07,-117,6.00,
2026-09-02T18:20:18,2,1.822,45.76,43.8500,27.9,1.829,46.34,4.05,-118,4.50,
2026-09-02T18:20:19,2,1.803,44.22,43.8440,27.9,1.826,46.09,4.08,-118,4.00,
2026-09-02T18:20:20,2,1.814,45.12,43.8460,27.9,1.824,45.96,4.06,-117,5.25,
2026-09-02T18:20:21,2,1.818,45.44,43.8490,27.9,1.825,46.02,4.07,-117,5.00,
2026-09-02T18:20:22,2,1.804,44.35,43.8390,27.9,1.824,45.89,4.08,-117,5.25,
2026-09-02T18:20:24,2,1.817,45.38,43.8380,27.9,1.823,45.83,4.07,-117,5.50,
2026-09-02T18:20:25,2,1.810,44.80,43.8430,27.9,1.827,46.15,4.06,-116,6.00,
2026-09-02T18:20:27,2,1.821,45.70,43.8400,27.9,1.828,46.28,4.05,-117,5.50,
2026-09-02T18:20:28,2,1.804,44.35,43.8470,27.9,1.825,46.02,4.08,-116,5.75,
2026-09-02T18:20:29,2,1.807,44.54,43.8450,27.9,1.830,46.41,4.07,-117,6.00,
2026-09-02T18:20:30,2,1.820,45.64,43.8510,27.9,1.826,46.09,4.07,-117,6.00,
2026-09-02T18:20:31,2,1.808,44.60,43.8500,27.9,1.826,46.09,4.08,-116,5.50,
2026-09-02T18:20:32,2,1.826,46.09,43.8310,27.9,1.829,46.34,4.06,-116,5.75,
2026-09-02T18:20:34,2,1.799,43.96,43.8490,27.9,1.828,46.28,4.06,-116,5.50,
2026-09-02T18:20:35,2,1.822,45.76,43.8590,27.9,1.828,46.22,4.06,-116,6.00,
2026-09-02T18:20:36,2,1.804,44.35,43.8530,27.9,1.820,45.64,4.08,-116,5.75,
2026-09-02T18:20:37,2,1.808,44.60,43.8540,27.9,1.825,46.02,4.06,-117,5.00,
2026-09-02T18:20:39,2,1.819,45.51,7.0000,27.9,1.826,46.09,4.00,-114,-2.25,
2026-09-02T18:20:40,2,1.805,44.41,43.8620,27.9,1.827,46.15,4.08,-116,5.50,
2026-09-02T18:20:41,2,1.822,45.76,43.8690,27.9,1.828,46.28,4.05,-116,5.75,
2026-09-02T18:20:42,2,1.821,45.70,43.8750,27.9,1.824,45.89,4.07,-116,6.25,
2026-09-02T18:20:43,2,1.805,44.41,43.8630,27.9,1.827,46.15,4.06,-116,6.00,
2026-09-02T18:20:45,2,1.804,44.35,43.8710,27.9,1.823,45.83,4.08,-116,5.50,
2026-09-02T18:20:46,2,1.807,44.54,43.8690,27.9,1.827,46.15,4.06,-117,5.50,
2026-09-02T18:20:47,2,1.819,45.51,43.8700,27.9,1.828,46.22,4.06,-116,5.75,
2026-09-02T18:20:48,2,1.804,44.28,43.8680,27.9,1.824,45.89,4.07,-116,5.50,
2026-09-02T18:20:51,2,1.820,45.57,43.8730,27.9,1.827,46.15,4.07,-116,5.75,
2026-09-02T18:20:52,2,1.804,44.35,43.8770,27.9,1.833,46.60,4.08,-116,5.50,
2026-09-02T18:20:53,2,1.822,45.76,43.8780,27.9,1.827,46.15,4.05,-116,5.75,
2026-09-02T18:20:54,2,1.804,44.35,43.8700,27.9,1.825,46.02,4.08,-115,5.75,
2026-09-02T18:20:55,2,1.806,44.47,43.8720,27.9,1.828,46.28,4.06,-116,5.50,
2026-09-02T18:20:56,2,1.820,45.57,43.8760,27.9,1.825,46.02,4.06,-116,5.75,
2026-09-02T18:20:57,2,1.804,44.28,43.8710,27.9,1.826,46.09,4.08,-116,5.75,
2026-09-02T18:20:58,2,1.827,46.15,43.8650,27.9,1.832,46.54,4.04,-116,6.00,
2026-09-02T18:20:59,2,1.818,45.44,43.8630,27.9,1.824,45.96,4.07,-116,5.75,
2026-09-02T18:21:00,2,1.806,44.47,43.8550,27.9,1.824,45.89,4.08,-117,5.75,
2026-09-02T18:21:01,2,1.820,45.64,43.8540,27.9,1.828,46.22,4.05,-116,5.25,
2026-09-02T18:21:03,2,1.805,44.41,43.8590,27.9,1.828,46.22,4.08,-117,5.50,
2026-09-02T18:21:04,2,1.799,43.96,43.8550,27.9,1.828,46.22,4.07,-117,5.25,
2026-09-02T18:21:05,2,1.820,45.57,43.8470,27.9,1.828,46.22,4.06,-117,5.50,
2026-09-02T18:21:06,2,1.804,44.28,43.8520,27.9,1.824,45.96,4.08,-117,5.50,
2026-09-02T18:21:07,2,1.806,44.47,43.8490,27.9,1.828,46.22,4.06,-117,4.75,
2026-09-02T18:21:08,2,1.823,45.83,43.8470,27.9,1.837,46.92,4.07,-117,5.50,
2026-09-02T18:21:09,2,1.804,44.35,43.8450,27.9,1.824,45.89,4.08,-117,5.25,
2026-09-02T18:21:10,2,1.824,45.89,43.8390,27.9,1.828,46.22,4.05,-117,5.25,
2026-09-02T18:21:11,2,1.823,45.83,43.8340,27.9,1.824,45.96,4.06,-116,5.75,
2026-09-02T18:21:12,2,1.805,44.41,43.8350,27.9,1.830,46.41,4.06,-116,6.00,
2026-09-02T18:21:14,2,1.822,45.76,43.8450,27.9,1.826,46.09,4.05,-116,5.75,
2026-09-02T18:21:15,2,1.803,44.22,43.8370,27.9,1.824,45.96,4.08,-116,5.75,
2026-09-02T18:21:16,2,1.806,44.47,43.8350,27.9,1.822,45.76,4.07,-117,5.25,
2026-09-02T18:21:17,2,1.819,45.51,43.8490,27.9,1.824,45.96,4.06,-117,5.50,
2026-09-02T18:21:18,2,1.806,44.47,43.8470,27.9,1.824,45.96,4.08,-117,5.25,
2026-09-02T18:21:19,2,1.822,45.76,43.8500,27.9,1.824,45.89,4.05,-116,5.25,
2026-09-02T18:21:20,2,1.820,45.57,43.8540,27.9,1.826,46.09,4.06,-116,5.75,
2026-09-02T18:21:21,2,1.807,44.54,43.8560,27.9,1.827,46.15,4.06,-116,5.75,
2026-09-02T18:21:22,2,1.820,45.64,43.8550,27.9,1.828,46.22,4.05,-115,5.75,
2026-09-02T18:21:23,2,1.805,44.41,43.8650,27.9,1.819,45.51,4.08,-116,6.25,
2026-09-02T18:21:24,2,1.807,44.54,43.8710,27.9,1.828,46.22,4.07,-116,6.00,
2026-09-02T18:21:26,2,1.823,45.83,43.8690,27.9,1.828,46.28,4.06,-116,5.75,
2026-09-02T18:21:27,2,1.806,44.47,43.8730,27.9,1.824,45.96,4.08,-118,4.75,
2026-09-02T18:21:28,2,1.825,46.02,43.8740,27.9,1.836,46.86,4.04,-117,5.00,
2026-09-02T18:21:29,2,1.819,45.51,43.8810,27.9,1.824,45.89,4.07,-117,5.00,
2026-09-02T18:21:30,2,1.806,44.47,43.8860,27.9,1.825,46.02,4.00,-115,1.75,
2026-09-02T18:21:31,2,1.821,45.70,43.8920,27.9,1.828,46.28,4.05,-117,5.25,
2026-09-02T18:21:32,2,1.808,44.60,43.8950,27.9,1.826,46.09,4.08,-117,5.00,
2026-09-02T18:21:33,2,1.808,44.67,43.8890,27.9,1.827,46.15,4.07,-117,5.25,
2026-09-02T18:21:34,2,1.822,45.76,43.8880,27.9,1.829,46.34,4.05,-117,4.75,
2026-09-02T18:21:36,2,1.828,46.22,43.8830,27.9,1.828,46.22,4.04,-117,5.00,
2026-09-02T18:21:38,2,1.820,45.64,43.8810,27.9,1.827,46.15,4.07,-117,5.25,
2026-09-02T18:21:39,2,1.807,44.54,43.8820,27.9,1.825,46.02,4.08,-117,4.75,
2026-09-02T18:21:40,2,1.821,45.70,43.8760,27.9,1.828,46.22,4.05,-117,4.25,
2026-09-02T18:21:42,2,1.805,44.41,43.8790,27.9,1.828,46.22,4.07,-117,4.50,
2026-09-02T18:21:43,2,1.831,46.47,43.8880,27.9,1.829,46.34,4.05,-116,5.75,
2026-09-02T18:21:44,2,1.805,44.41,43.8610,27.9,1.825,46.02,4.08,-116,5.50,
2026-09-02T18:21:45,2,1.805,44.41,43.8620,27.9,1.826,46.09,4.07,-118,4.25,
2026-09-02T18:21:47,2,1.805,44.41,43.8540,27.9,1.824,45.96,4.08,-118,3.75,
2026-09-02T18:21:48,2,1.822,45.76,43.8400,27.9,1.828,46.28,4.05,-118,4.25,
2026-09-02T18:21:50,2,1.818,45.44,43.8440,27.9,1.826,46.09,4.07,-118,4.00,
2026-09-02T18:21:51,2,1.799,43.89,43.8380,27.9,1.826,46.09,4.06,-118,4.00,
2026-09-02T18:21:52,2,1.821,45.70,43.8330,27.9,1.829,46.34,4.05,-118,4.75,
2026-09-02T18:21:53,2,1.804,44.28,43.8270,27.9,1.825,46.02,4.08,-117,5.00,
2026-09-02T18:21:54,2,1.807,44.54,43.8240,27.9,1.828,46.22,4.07,-117,5.50,
2026-09-02T18:21:55,2,1.820,45.57,43.8190,27.9,1.824,45.96,4.07,-117,5.25,
2026-09-02T18:21:56,2,1.804,44.28,43.8270,27.9,1.825,46.02,4.08,-117,4.75,
2026-09-02T18:21:57,2,1.824,45.89,43.8170,27.9,1.820,45.64,4.05,-117,5.00,
2026-09-02T18:21:58,2,1.819,45.51,43.8170,27.9,1.826,46.09,4.06,-117,4.75,
2026-09-02T18:21:59,2,1.806,44.47,43.8220,27.9,1.829,46.34,4.06,-118,4.25,
2026-09-02T18:22:01,2,1.820,45.64,43.8380,27.9,1.826,46.09,4.05,-118,4.50,
2026-09-02T18:22:02,2,1.805,44.41,43.8340,27.9,1.824,45.96,4.08,-117,5.50,
2026-09-02T18:22:03,2,1.808,44.67,43.8290,27.9,1.828,46.22,4.06,-116,6.00,
2026-09-02T18:22:04,2,1.820,45.64,43.8330,27.9,1.824,45.96,4.07,-117,5.50,
2026-09-02T18:22:05,2,1.806,44.47,43.8360,27.9,1.828,46.22,4.08,-116,5.50,
2026-09-02T18:22:06,2,1.824,45.96,43.8290,27.9,1.828,46.22,4.05,-117,5.00,
2026-09-02T18:22:07,2,1.817,45.38,43.8290,27.9,1.825,46.02,4.07,-117,5.50,
2026-09-02T18:22:08,2,1.810,44.80,43.8250,27.9,1.828,46.28,4.08,-117,6.00,
2026-09-02T18:22:09,2,1.822,45.76,43.8290,27.9,1.826,46.09,4.05,-116,5.75,
2026-09-02T18:22:10,2,1.801,44.09,43.8310,27.9,1.824,45.89,4.08,-116,5.50,
2026-09-02T18:22:11,2,1.806,44.47,43.8350,27.9,1.828,46.22,4.06,-116,5.75,
2026-09-02T18:22:13,2,1.820,45.64,43.8420,27.9,1.828,46.22,4.05,-116,6.00,
2026-09-02T18:22:14,2,1.804,44.35,43.8470,27.9,1.824,45.96,4.08,-117,5.50,
2026-09-02T18:22:15,2,1.824,45.96,43.8560,27.9,1.826,46.09,4.05,-118,4.25,
2026-09-02T18:22:16,2,1.818,45.44,43.8520,27.9,1.826,46.09,4.06,-117,4.75,
2026-09-02T18:22:17,2,1.805,44.41,43.8610,27.9,1.825,46.02,4.08,-117,5.00,15
2026-09-02T18:22:18,2,1.821,45.70,43.8590,27.9,1.828,46.22,4.06,-117,5.50,
2026-09-02T18:22:19,2,1.806,44.47,43.8560,27.9,1.825,46.02,4.08,-118,4.50,
2026-09-02T18:22:20,2,1.808,44.60,43.8530,27.9,1.826,46.09,4.06,-120,2.25,
2026-09-02T18:22:21,2,1.820,45.57,43.8450,27.9,1.828,46.28,4.05,-119,3.00,
2026-09-02T18:22:22,2,1.804,44.35,43.8450,27.9,1.825,46.02,4.08,-119,3.00,
2026-09-02T18:22:23,2,1.810,44.80,43.8560,27.9,1.827,46.15,4.07,-119,3.25,
2026-09-02T18:22:25,2,1.819,45.51,43.8500,27.9,1.828,46.28,4.07,-119,3.00,
2026-09-02T18:22:26,2,1.807,44.54,43.8600,27.9,1.828,46.22,4.08,-117,5.00,
2026-09-02T18:22:27,2,1.824,45.96,43.8620,27.9,1.832,46.54,4.05,-117,5.00,
2026-09-02T18:22:28,2,1.819,45.51,43.8910,27.9,1.828,46.28,4.07,-119,3.25,
2026-09-02T18:22:29,2,1.799,43.96,43.9570,27.9,1.829,46.34,4.06,-119,3.25,
2026-09-02T18:22:30,2,1.824,45.96,44.0210,27.9,1.832,46.54,4.05,-118,4.00,
2026-09-02T18:22:31,2,1.815,45.18,44.0610,27.9,1.828,46.22,4.08,-117,5.75,
2026-09-02T18:22:32,2,1.813,45.05,44.1020,27.9,1.824,45.89,4.06,-114,-1.75,
2026-09-02T18:22:33,2,1.822,45.76,44.1260,27.9,1.832,46.54,4.07,-116,5.75,
2026-09-02T18:22:34,2,1.813,45.05,44.1800,27.9,1.829,46.34,4.08,-118,5.00,
2026-09-02T18:22:35,2,1.829,46.34,44.2120,27.9,1.836,46.86,4.05,-116,6.00,
2026-09-02T18:22:37,2,1.823,45.83,44.2350,27.9,1.833,46.67,4.07,-117,5.00,
2026-09-02T18:22:39,2,1.827,46.15,44.3120,27.9,1.837,46.92,4.06,-116,6.00,
2026-09-02T18:22:40,2,1.812,44.93,44.3450,27.9,1.833,46.67,4.08,-117,5.50,
2026-09-02T18:22:41,2,1.813,45.05,44.3810,27.9,1.837,46.92,4.06,-117,5.50,
2026-09-02T18:22:42,2,1.827,46.15,44.4100,27.9,1.833,46.67,4.06,-117,5.50,
2026-09-02T18:22:44,2,1.833,46.67,44.4640,27.9,1.837,46.99,4.05,-117,5.25,
2026-09-02T18:22:45,2,1.827,46.15,44.5010,27.9,1.833,46.67,4.06,-116,5.75,
2026-09-02T18:22:46,2,1.815,45.18,44.5730,27.9,1.836,46.86,4.08,-116,5.50,
2026-09-02T18:22:48,2,1.829,46.34,44.5840,27.9,1.837,46.99,4.06,-117,5.50,
2026-09-02T18:22:49,2,1.811,44.86,44.5510,27.9,1.835,46.80,4.08,-117,5.25,
2026-09-02T18:22:50,2,1.814,45.12,44.5250,27.9,1.834,46.73,4.07,-118,4.75,
2026-09-02T18:22:51,2,1.829,46.34,44.5110,27.9,1.835,46.80,4.05,-117,5.25,
2026-09-02T18:22:52,2,1.812,44.99,44.5120,27.9,1.832,46.54,4.08,-116,5.50,
2026-09-02T18:22:53,2,1.833,46.60,44.5170,27.9,1.834,46.73,4.05,-116,5.25,
2026-09-02T18:22:54,2,1.830,46.41,44.5070,27.9,1.833,46.60,4.07,-116,6.25,
2026-09-02T18:22:55,2,1.815,45.18,44.5130,27.9,1.831,46.47,4.08,-116,5.50,
2026-09-02T18:22:56,2,1.831,46.47,44.5160,27.9,1.834,46.73,4.04,-117,5.75,
2026-09-02T18:22:57,2,1.812,44.93,44.5260,27.9,1.832,46.54,4.08,-116,5.50,
2026-09-02T18:22:58,2,1.828,46.28,44.5260,27.9,1.833,46.67,4.06,-117,5.75,
2026-09-02T18:23:00,2,1.830,46.41,44.5330,27.9,1.836,46.86,4.05,-117,5.50,
2026-09-02T18:23:01,2,1.812,44.93,44.5260,27.9,1.828,46.28,4.08,-116,5.75,
2026-09-02T18:23:02,2,1.827,46.15,44.5350,27.9,1.845,47.63,4.05,-117,5.25,
2026-09-02T18:23:03,2,1.828,46.28,44.5410,27.9,1.833,46.60,4.06,-117,5.25,
2026-09-02T18:23:04,2,1.815,45.18,44.5480,27.9,1.828,46.28,4.08,-117,5.25,
2026-09-02T18:23:05,2,1.832,46.54,44.5500,27.9,1.833,46.60,4.05,-117,5.25,
2026-09-02T18:23:06,2,1.828,46.22,44.5450,27.9,1.832,46.54,4.07,-117,5.25,
2026-09-02T18:23:07,2,1.816,45.25,44.5420,27.9,1.834,46.73,4.06,-117,5.25,
2026-09-02T18:23:08,2,1.830,46.41,44.5400,27.9,1.832,46.54,4.05,-117,5.50,
2026-09-02T18:23:09,2,1.814,45.12,44.5410,27.9,1.831,46.47,4.08,-117,5.25,
2026-09-02T18:23:10,2,1.815,45.18,44.5430,27.9,1.833,46.60,4.06,-117,5.50,
2026-09-02T18:23:12,2,1.828,46.28,44.5410,27.9,1.832,46.54,4.07,-117,5.25,
2026-09-02T18:23:13,2,1.813,45.05,44.5350,27.9,1.829,46.34,4.08,-117,5.00,
2026-09-02T18:23:14,2,1.831,46.47,44.5340,27.9,1.848,47.83,4.05,-117,5.00,
2026-09-02T18:23:15,2,1.832,46.54,44.5380,27.9,1.832,46.54,4.07,-117,5.50,
2026-09-02T18:23:16,2,1.816,45.25,44.5430,27.9,1.831,46.47,4.06,-117,5.50,
2026-09-02T18:23:17,2,1.833,46.67,44.5340,27.9,1.833,46.67,4.05,-117,5.50,
2026-09-02T18:23:18,2,1.814,45.12,44.5420,27.9,1.832,46.54,4.08,-117,5.50,
2026-09-02T18:23:19,2,1.814,45.12,44.5450,27.9,1.836,46.86,4.06,-117,5.25,
2026-09-02T18:23:20,2,1.828,46.22,44.5430,27.9,1.832,46.54,4.06,-117,5.50,
2026-09-02T18:23:21,2,1.816,45.31,44.5420,27.9,1.830,46.41,4.08,-117,5.50,
2026-09-02T18:23:22,2,1.833,46.67,44.5370,27.9,1.837,46.92,4.05,-117,5.75,
2026-09-02T18:23:24,2,1.830,46.41,44.5390,27.9,1.831,46.47,4.07,-116,5.75,
2026-09-02T18:23:25,2,1.815,45.18,44.5360,27.9,1.835,46.80,4.07,-117,5.75,
2026-09-02T18:23:26,2,1.829,46.34,44.5420,27.9,1.833,46.60,4.05,-117,5.50,
2026-09-02T18:23:27,2,1.815,45.18,44.5430,27.9,1.831,46.47,4.08,-116,6.00,
2026-09-02T18:23:28,2,1.812,44.99,44.5340,27.9,1.833,46.60,4.06,-117,5.50,
2026-09-02T18:23:30,2,1.816,45.25,44.5390,27.9,1.833,46.60,4.08,-117,5.75,
2026-09-02T18:23:31,2,1.830,46.41,44.5440,27.9,1.833,46.60,4.05,-117,5.50,
2026-09-02T18:23:32,2,1.827,46.15,44.5450,27.9,1.827,46.15,4.07,-117,5.50,
2026-09-02T18:23:33,2,1.812,44.99,44.5690,27.9,1.831,46.47,4.08,-117,5.25,
2026-09-02T18:23:36,2,1.815,45.18,44.5650,27.9,1.831,46.47,4.08,-117,5.25,
2026-09-02T18:23:37,2,1.815,45.18,44.5690,27.9,1.832,46.54,4.06,-117,5.25,
2026-09-02T18:23:38,2,1.828,46.22,44.5660,27.9,1.833,46.67,4.06,-117,5.25,
2026-09-02T18:23:39,2,1.812,44.93,44.5640,27.9,1.832,46.54,4.08,-117,5.00,
2026-09-02T18:23:41,2,1.828,46.28,44.5660,27.9,1.832,46.54,4.07,-117,5.25,
2026-09-02T18:23:42,2,1.814,45.12,44.5620,27.9,1.830,46.41,4.08,-117,5.50,
2026-09-02T18:23:43,2,1.828,46.28,44.5520,27.9,1.833,46.67,4.05,-118,5.25,
2026-09-02T18:23:44,2,1.813,45.05,44.5550,27.9,1.831,46.47,4.08,-117,5.00,
2026-09-02T18:23:45,2,1.814,45.12,44.5540,27.9,1.834,46.73,4.06,-117,5.50,
2026-09-02T18:23:47,2,1.831,46.47,44.5550,27.9,1.834,46.73,4.06,-117,5.25,
2026-09-02T18:23:48,2,1.812,44.99,44.5660,27.9,1.830,46.41,4.08,-116,5.50,
2026-09-02T18:23:49,2,1.823,45.83,44.5700,27.9,1.824,45.96,4.06,-117,5.75,
2026-09-02T18:23:50,2,1.826,46.09,44.5680,27.9,1.833,46.60,4.07,-117,5.75,
2026-09-02T18:23:51,2,1.812,44.93,44.5660,27.9,1.844,47.50,4.08,-117,5.50,
2026-09-02T18:23:52,2,1.829,46.34,44.5630,27.9,1.833,46.60,4.05,-117,5.50,
2026-09-02T18:23:53,2,1.832,46.54,44.5620,27.9,1.833,46.67,4.07,-117,5.50,
2026-09-02T18:23:54,2,1.817,45.38,44.5510,27.9,1.833,46.60,4.06,-116,5.75,
2026-09-02T18:23:55,2,1.823,45.83,44.5520,27.9,1.837,46.92,4.05,-116,6.00,
2026-09-02T18:23:56,2,1.814,45.12,44.5540,27.9,1.831,46.47,4.08,-116,5.75,
2026-09-02T18:23:57,2,1.816,45.25,44.5500,27.9,1.833,46.67,4.06,-116,6.00,
2026-09-02T18:23:59,2,1.828,46.28,44.5500,27.9,1.822,45.76,4.07,-120,2.00,
2026-09-02T18:24:00,2,1.813,45.05,44.5430,27.9,1.832,46.54,4.08,-119,3.25,
2026-09-02T18:24:01,2,1.830,46.41,44.5420,27.9,1.836,46.86,4.05,-118,4.00,
2026-09-02T18:24:02,2,1.828,46.22,44.5480,27.9,1.833,46.67,4.06,-119,3.75,
2026-09-02T18:24:03,2,1.816,45.25,44.5580,27.9,1.835,46.80,4.07,-119,3.25,
2026-09-02T18:24:04,2,1.830,46.41,44.5540,27.9,1.833,46.60,4.05,-122,-0.75,
2026-09-02T18:24:05,2,1.816,45.25,44.5590,27.9,1.833,46.60,4.08,-120,2.75,
2026-09-02T18:24:06,2,1.814,45.12,44.5600,27.9,1.833,46.67,4.06,-118,3.75,
2026-09-02T18:24:07,2,1.828,46.22,44.5610,27.9,1.829,46.34,4.07,-118,3.75,
2026-09-02T18:24:08,2,1.814,45.12,44.5580,27.9,1.833,46.60,4.08,-118,4.25,
2026-09-02T18:24:09,2,1.837,46.99,44.5560,27.9,1.835,46.80,4.05,-117,5.50,
2026-09-02T18:24:11,2,1.828,46.22,44.5530,27.9,1.833,46.67,4.07,-117,5.25,
2026-09-02T18:24:12,2,1.813,45.05,44.5500,27.9,1.837,46.92,4.06,-117,5.50,
2026-09-02T18:24:13,2,1.829,46.34,44.5510,27.9,1.833,46.67,4.05,-117,5.00,
2026-09-02T18:24:14,2,1.814,45.12,44.5590,27.9,1.833,46.67,4.08,-118,5.00,
2026-09-02T18:24:15,2,1.815,45.18,44.5630,27.9,1.834,46.73,4.07,-116,6.25,
2026-09-02T18:24:16,2,1.822,45.76,44.5650,27.9,1.835,46.80,4.06,-115,6.00,
2026-09-02T18:24:17,2,1.815,45.18,44.5610,27.9,1.831,46.47,4.08,-116,5.50,
2026-09-02T18:24:18,2,1.833,46.60,44.5670,27.9,1.835,46.80,4.05,-116,6.25,
2026-09-02T18:24:19,2,1.827,46.15,44.5660,27.9,1.833,46.67,4.07,-116,6.00,
2026-09-02T18:24:20,2,1.814,45.12,44.5670,27.9,1.835,46.80,4.08,-116,5.75,
2026-09-02T18:24:22,2,1.833,46.60,44.5600,27.9,1.834,46.73,4.05,-116,6.00,
2026-09-02T18:24:23,2,1.813,45.05,44.5620,27.9,1.835,46.80,4.08,-116,5.75,
2026-09-02T18:24:24,2,1.815,45.18,44.5590,27.9,1.834,46.73,4.06,-116,6.00,
2026-09-02T18:24:25,2,1.828,46.22,44.5590,27.9,1.828,46.22,4.05,-116,5.75,
2026-09-02T18:24:26,2,1.813,45.05,44.5570,27.9,1.831,46.47,4.08,-112,-2.25,
2026-09-02T18:24:27,2,1.831,46.47,44.5610,27.9,1.835,46.80,4.05,-116,6.00,
2026-09-02T18:24:28,2,1.835,46.80,44.5470,27.9,1.830,46.41,4.07,-116,6.00,
2026-09-02T18:24:29,2,1.813,45.05,44.5630,27.9,1.832,46.54,4.08,-116,5.50,
2026-09-02T18:24:30,2,1.837,46.99,44.5710,27.9,1.835,46.80,4.05,-116,5.75,
2026-09-02T18:24:32,2,1.817,45.38,44.5650,27.9,1.835,46.80,4.06,-116,6.00,
2026-09-02T18:24:34,2,1.828,46.22,44.5510,27.9,1.833,46.67,4.05,-116,5.50,
2026-09-02T18:24:35,2,1.815,45.18,44.5390,27.9,1.830,46.41,4.08,-117,5.25,
2026-09-02T18:24:36,2,1.814,45.12,44.5420,27.9,1.837,46.92,4.07,-116,5.25,
2026-09-02T18:24:38,2,1.813,45.05,44.5370,27.9,1.833,46.60,4.08,-117,5.25,
2026-09-02T18:24:39,2,1.830,46.41,44.5350,27.9,1.834,46.73,4.05,-117,5.25,
2026-09-02T18:24:40,2,1.826,46.09,44.5360,27.9,1.834,46.73,4.06,-117,5.50,
2026-09-02T18:24:41,2,1.820,45.64,44.5320,27.9,1.836,46.86,4.06,-116,5.75,
2026-09-02T18:24:42,2,1.829,46.34,44.5330,27.9,1.835,46.80,4.05,-116,5.75,
2026-09-02T18:24:43,2,1.812,44.93,44.5400,27.9,1.833,46.67,4.08,-116,5.75,
2026-09-02T18:24:44,2,1.816,45.25,44.5420,27.9,1.833,46.67,4.06,-117,5.25,
2026-09-02T18:24:46,2,1.827,46.15,44.5430,27.9,1.834,46.73,4.07,-116,6.00,
2026-09-02T18:24:47,2,1.807,44.54,44.5350,27.9,1.830,46.41,4.08,-116,5.75,
2026-09-02T18:24:48,2,1.830,46.41,44.5490,27.9,1.835,46.80,4.05,-116,6.50,
2026-09-02T18:24:49,2,1.826,46.09,44.5270,27.9,1.833,46.60,4.07,-118,4.75,
2026-09-02T18:24:50,2,1.814,45.12,44.5150,27.9,1.835,46.80,4.06,-116,6.25,
2026-09-02T18:24:51,2,1.828,46.28,44.5140,27.9,1.833,46.60,4.06,-116,6.50,
2026-09-02T18:24:52,2,1.814,45.12,44.5070,27.9,1.833,46.60,4.08,-115,6.50,
2026-09-02T18:24:53,2,1.812,44.99,44.4980,27.9,1.834,46.73,4.06,-115,6.50,
2026-09-02T18:24:54,2,1.827,46.15,44.5050,27.9,1.832,46.54,4.05,-116,6.00,
2026-09-02T18:24:55,2,1.812,44.93,44.4970,27.9,1.831,46.47,4.08,-115,6.50,
2026-09-02T18:24:56,2,1.833,46.67,44.5030,27.9,1.837,46.92,4.05,-116,6.00,
2026-09-02T18:24:58,2,1.825,46.02,44.5060,27.9,1.834,46.73,4.06,-116,6.25,
2026-09-02T18:24:59,2,1.814,45.12,44.5050,27.9,1.832,46.54,4.08,-116,6.00,
2026-09-02T18:25:00,2,1.828,46.22,44.5110,27.9,1.834,46.73,4.05,-115,6.50,
2026-09-02T18:25:01,2,1.809,44.73,44.5120,27.9,1.830,46.41,4.08,-115,6.75,
2026-09-02T18:25:02,2,1.813,45.05,44.5190,27.9,1.833,46.60,4.06,-116,6.75,
2026-09-02T18:25:03,2,1.831,46.47,44.5090,27.9,1.834,46.73,4.05,-115,6.25,
2026-09-02T18:25:04,2,1.813,45.05,44.5060,27.9,1.833,46.67,4.08,-115,6.00,
2026-09-02T18:25:05,2,1.832,46.54,44.5020,27.9,1.834,46.73,4.05,-115,6.25,
2026-09-02T18:25:06,2,1.828,46.28,44.4980,27.9,1.832,46.54,4.07,-116,6.00,
2026-09-02T18:25:07,2,1.813,45.05,44.4960,27.9,1.830,46.41,4.08,-115,6.25,
2026-09-02T18:25:08,2,1.828,46.28,44.5040,27.9,1.824,45.96,4.06,-116,6.25,
2026-09-02T18:25:10,2,1.813,45.05,44.5100,27.9,1.832,46.54,4.08,-115,6.50,
2026-09-02T18:25:11,2,1.814,45.12,44.5130,27.9,1.828,46.22,4.06,-115,6.50,
2026-09-02T18:25:12,2,1.820,45.57,44.5160,27.9,1.835,46.80,4.05,-115,6.50,
2026-09-02T18:25:13,2,1.815,45.18,44.5310,27.9,1.832,46.54,4.08,-116,6.50,
2026-09-02T18:25:14,2,1.832,46.54,44.5250,27.9,1.836,46.86,4.05,-115,6.75,
2026-09-02T18:25:15,2,1.828,46.22,44.5260,27.9,1.833,46.60,4.06,-115,6.50,
2026-09-02T18:25:16,2,1.813,45.05,44.5320,27.9,1.833,46.60,4.08,-115,6.25,
2026-09-02T18:25:17,2,1.830,46.41,44.5350,27.9,1.833,46.67,4.05,-115,6.50,
2026-09-02T18:25:18,2,1.812,44.93,44.5380,27.9,1.833,46.60,4.07,-115,6.25,
2026-09-02T18:25:19,2,1.813,45.05,44.5260,27.9,1.834,46.73,4.06,-115,6.25,
2026-09-02T18:25:21,2,1.818,45.44,44.5320,27.9,1.837,46.92,4.05,-116,6.50,
2026-09-02T18:25:22,2,1.813,45.05,44.5280,27.9,1.832,46.54,4.08,-115,6.25,
2026-09-02T18:25:24,2,1.824,45.96,44.5410,27.9,1.833,46.60,4.07,-116,6.25,
2026-09-02T18:25:25,2,1.810,44.80,44.5330,27.9,1.832,46.54,4.08,-115,6.00,
2026-09-02T18:25:26,2,1.829,46.34,44.5230,27.9,1.835,46.80,4.05,-116,6.00,
2026-09-02T18:25:27,2,1.826,46.09,44.5250,27.9,1.833,46.60,4.07,-115,5.75,
2026-09-02T18:25:29,2,1.828,46.28,44.5260,27.9,1.839,47.12,4.05,-116,6.25,
2026-09-02T18:25:30,2,1.815,45.18,44.5230,27.9,1.829,46.34,4.08,-115,6.00,
2026-09-02T18:25:31,2,1.814,45.12,44.5230,27.9,1.836,46.86,4.06,-116,6.00,
2026-09-02T18:25:33,2,1.826,46.09,44.5080,27.9,1.834,46.73,4.06,-115,6.00,
2026-09-02T18:25:35,2,1.830,46.41,44.5020,27.9,1.837,46.92,4.05,-116,5.75,
2026-09-02T18:25:36,2,1.826,46.09,44.5010,27.9,1.831,46.47,4.07,-115,6.50,
2026-09-02T18:25:37,2,1.810,44.80,44.5030,27.9,1.837,46.92,4.06,-116,6.25,
2026-09-02T18:25:38,2,1.830,46.41,44.4930,27.9,1.835,46.80,4.05,-115,6.50,
2026-09-02T18:25:40,2,1.815,45.18,44.4960,27.9,1.833,46.67,4.06,-116,6.25,
2026-09-02T18:25:41,2,1.828,46.28,44.4870,27.9,1.833,46.67,4.05,-116,6.75,
2026-09-02T18:25:42,2,1.812,44.93,44.4840,27.9,1.833,46.67,4.08,-115,6.50,
2026-09-02T18:25:43,2,1.832,46.54,44.4810,27.9,1.826,46.09,4.04,-116,6.75,
2026-09-02T18:25:45,2,1.826,46.09,44.4870,27.9,1.833,46.67,4.06,-116,5.75,
2026-09-02T18:25:46,2,1.813,45.05,44.5050,27.9,1.833,46.60,4.08,-115,6.00,
2026-09-02T18:25:47,2,1.829,46.34,44.4990,27.9,1.837,46.92,4.05,-115,6.25,
2026-09-02T18:25:48,2,1.812,44.99,44.5010,27.9,1.834,46.73,4.08,-115,6.25,
2026-09-02T18:25:49,2,1.817,45.38,44.5000,27.9,1.837,46.92,4.06,-115,6.25,
2026-09-02T18:25:50,2,1.827,46.15,44.4990,27.9,1.835,46.80,4.05,-115,6.25,
2026-09-02T18:25:51,2,1.813,45.05,44.4940,27.9,1.833,46.60,4.08,-115,6.25,
2026-09-02T18:25:52,2,1.832,46.54,44.4920,27.9,1.840,47.18,4.05,-115,6.25,
2026-09-02T18:25:53,2,1.825,46.02,44.5040,27.9,1.835,46.80,4.06,-116,6.50,
2026-09-02T18:25:54,2,1.813,45.05,44.5100,27.9,1.832,46.54,4.08,-116,5.75,
2026-09-02T18:25:55,2,1.831,46.47,44.5100,27.9,1.836,46.86,4.05,-115,6.50,
2026-09-02T18:25:57,2,1.812,44.93,44.5010,27.9,1.835,46.80,4.08,-116,5.75,
2026-09-02T18:25:58,2,1.813,45.05,44.5030,27.9,1.834,46.73,4.06,-116,6.00,
2026-09-02T18:25:59,2,1.828,46.28,44.5050,27.9,1.834,46.73,4.05,-116,6.00,
2026-09-02T18:26:00,2,1.812,44.99,44.5130,27.9,1.833,46.60,4.08,-116,6.25,
2026-09-02T18:26:01,2,1.833,46.67,44.5200,27.9,1.834,46.73,4.05,-116,5.75,
2026-09-02T18:26:02,2,1.827,46.15,44.5180,27.9,1.836,46.86,4.06,-115,6.50,
2026-09-02T18:26:03,2,1.813,45.05,44.5130,27.9,1.832,46.54,4.08,-114,6.75,
2026-09-02T18:26:04,2,1.832,46.54,44.5070,27.9,1.835,46.80,4.05,-115,7.00,
2026-09-02T18:26:05,2,1.811,44.86,44.5020,27.9,1.833,46.67,4.07,-114,7.00,
2026-09-02T18:26:06,2,1.815,45.18,44.4980,27.9,1.833,46.60,4.06,-115,6.50,
2026-09-02T18:26:08,2,1.836,46.86,44.4960,27.9,1.833,46.67,4.05,-115,6.75,
2026-09-02T18:26:09,2,1.812,44.99,44.4930,27.9,1.832,46.54,4.08,-115,6.25,
2026-09-02T18:26:10,2,1.833,46.67,44.4900,27.9,1.837,46.99,4.05,-115,6.50,
2026-09-02T18:26:11,2,1.828,46.28,44.4900,27.9,1.835,46.80,4.06,-115,7.00,
2026-09-02T18:26:12,2,1.812,44.99,44.4960,27.9,1.831,46.47,4.08,-115,6.75,
2026-09-02T18:26:13,2,1.828,46.28,44.4850,27.9,1.835,46.80,4.05,-115,6.75,
2026-09-02T18:26:14,2,1.814,45.12,44.4890,27.9,1.833,46.60,4.08,-115,6.50,
2026-09-02T18:26:15,2,1.813,45.05,44.4950,27.9,1.836,46.86,4.07,-115,7.00,
2026-09-02T18:26:16,2,1.833,46.67,44.4900,27.9,1.835,46.80,4.05,-115,6.50,
2026-09-02T18:26:17,2,1.812,44.99,44.4890,27.9,1.833,46.60,4.08,-115,6.75,
2026-09-02T18:26:18,2,1.814,45.12,44.4860,27.9,1.833,46.67,4.06,-115,7.00,
2026-09-02T18:26:20,2,1.826,46.09,44.4780,27.9,1.835,46.80,4.05,-112,-1.25,
2026-09-02T18:26:21,2,1.813,45.05,44.4810,27.9,1.831,46.47,4.08,-115,6.75,
2026-09-02T18:26:22,2,1.830,46.41,44.4830,27.9,1.835,46.80,4.04,-115,6.75,
2026-09-02T18:26:23,2,1.827,46.15,44.4790,27.9,1.834,46.73,4.06,-115,6.50,
2026-09-02T18:26:24,2,1.811,44.86,44.4840,27.9,1.832,46.54,4.08,-115,6.50,
2026-09-02T18:26:26,2,1.812,44.93,44.4800,27.9,1.831,46.47,4.08,-116,7.00,
2026-09-02T18:26:27,2,1.815,45.18,44.4950,27.9,1.833,46.60,4.06,-115,6.25,
2026-09-02T18:26:28,2,1.829,46.34,44.4840,27.9,1.835,46.80,4.05,-115,6.50,
2026-09-02T18:26:29,2,1.814,45.12,44.4780,27.9,1.834,46.73,4.08,-115,6.75,
2026-09-02T18:26:32,2,1.825,46.02,44.4760,27.9,1.827,46.15,4.07,-115,6.50,
2026-09-02T18:26:33,2,1.814,45.12,44.4760,27.9,1.832,46.54,4.08,-115,6.50,
2026-09-02T18:26:34,2,1.830,46.41,44.4740,27.9,1.835,46.80,4.05,-115,6.75,
2026-09-02T18:26:35,2,1.811,44.86,44.4730,27.9,1.830,46.41,4.08,-115,6.50,
2026-09-02T18:26:37,2,1.828,46.22,44.4840,27.9,1.839,47.12,4.05,-115,6.75,
2026-09-02T18:26:38,2,1.810,44.80,44.4880,27.9,1.831,46.47,4.07,-115,7.25,
2026-09-02T18:26:39,2,1.832,46.54,44.4880,27.9,1.834,46.73,4.05,-115,6.75,
2026-09-02T18:26:40,2,1.828,46.22,44.4930,27.9,1.833,46.67,4.06,-115,7.00,
2026-09-02T18:26:41,2,1.812,44.93,44.5040,27.9,1.834,46.73,4.08,-115,6.50,
2026-09-02T18:26:42,2,1.829,46.34,44.5060,27.9,1.834,46.73,4.05,-115,7.00,
2026-09-02T18:26:44,2,1.813,45.05,44.5040,27.9,1.832,46.54,4.08,-115,6.50,
2026-09-02T18:26:45,2,1.816,45.25,44.5040,27.9,1.833,46.67,4.06,-115,7.00,
2026-09-02T18:26:46,2,1.833,46.60,44.5060,27.9,1.836,46.86,4.05,-115,6.75,
2026-09-02T18:26:47,2,1.812,44.99,44.4890,27.9,1.832,46.54,4.08,-114,6.75,
2026-09-02T18:26:48,2,1.825,46.02,44.4970,27.9,1.836,46.86,4.04,-115,6.75,
2026-09-02T18:26:49,2,1.828,46.28,44.5010,27.9,1.833,46.67,4.06,-115,7.25,
2026-09-02T18:26:50,2,1.811,44.86,44.4890,27.9,1.833,46.60,4.08,-115,7.00,
2026-09-02T18:26:51,2,1.839,47.12,44.4900,27.9,1.835,46.80,4.05,-115,6.75,
2026-09-02T18:26:52,2,1.812,44.93,44.4900,27.9,1.832,46.54,4.07,-115,6.50,
2026-09-02T18:26:53,2,1.810,44.80,44.4870,27.9,1.835,46.80,4.06,-115,7.00,
2026-09-02T18:26:55,2,1.828,46.28,44.4840,27.9,1.836,46.86,4.05,-115,6.75,
2026-09-02T18:26:56,2,1.813,45.05,44.4880,27.9,1.833,46.67,4.07,-115,7.00,
2026-09-02T18:26:57,2,1.833,46.60,44.4930,27.9,1.837,46.92,4.05,-115,6.75,
2026-09-02T18:26:58,2,1.825,46.02,44.4830,27.9,1.832,46.54,4.06,-115,6.75,
2026-09-02T18:26:59,2,1.812,44.93,44.4880,27.9,1.833,46.67,4.08,-115,6.50,
2026-09-02T18:27:00,2,1.823,45.83,44.4810,27.9,1.836,46.86,4.05,-115,6.50,
2026-09-02T18:27:01,2,1.814,45.12,44.4690,27.9,1.833,46.60,4.08,-115,7.00,
2026-09-02T18:27:02,2,1.812,44.99,44.4590,27.9,1.835,46.80,4.08,-115,6.50,
2026-09-02T18:27:03,2,1.828,46.28,44.4630,27.9,1.837,46.92,4.05,-115,6.75,
2026-09-02T18:27:04,2,1.812,44.93,44.4510,27.9,1.832,46.54,4.08,-115,6.25,
2026-09-02T18:27:05,2,1.833,46.67,44.4410,27.9,1.834,46.73,4.04,-115,7.00,
2026-09-02T18:27:07,2,1.828,46.22,44.4490,27.9,1.835,46.80,4.05,-115,7.00,
2026-09-02T18:27:08,2,1.812,44.99,44.4550,27.9,1.833,46.67,4.07,-115,7.00,
2026-09-02T18:27:09,2,1.829,46.34,44.4620,27.9,1.836,46.86,4.05,-115,7.00,
2026-09-02T18:27:10,2,1.812,44.93,44.4730,27.9,1.833,46.60,4.08,-115,6.25,
2026-09-02T18:27:11,2,1.814,45.12,44.4680,27.9,1.833,46.67,4.08,-115,7.00,
2026-09-02T18:27:12,2,1.828,46.22,44.4810,27.9,1.835,46.80,4.05,-115,6.50,
2026-09-02T18:27:13,2,1.812,44.99,44.4830,27.9,1.830,46.41,4.07,-115,7.00,
2026-09-02T18:27:14,2,1.828,46.22,44.4820,27.9,1.837,46.92,4.06,-115,6.75,
2026-09-02T18:27:15,2,1.828,46.22,44.4840,27.9,1.834,46.73,4.05,-115,6.75,
2026-09-02T18:27:16,2,1.812,44.99,44.4720,27.9,1.833,46.60,4.08,-113,1.75,
2026-09-02T18:27:17,2,1.830,46.41,44.4860,27.9,1.834,46.73,4.05,-115,6.75,
2026-09-02T18:27:19,2,1.814,45.12,44.4850,27.9,1.830,46.41,4.06,-115,6.75,
2026-09-02T18:27:20,2,1.813,45.05,44.4870,27.9,1.833,46.60,4.08,-115,6.75,
2026-09-02T18:27:21,2,1.827,46.15,44.4890,27.9,1.837,46.99,4.05,-115,6.50,
2026-09-02T18:27:23,2,1.816,45.25,44.4780,27.9,1.835,46.80,4.06,-115,7.25,
2026-09-02T18:27:24,2,1.827,46.15,44.4860,27.9,1.834,46.73,4.05,-115,7.00,
2026-09-02T18:27:25,2,1.812,44.99,44.4920,27.9,1.830,46.41,4.08,-115,6.75,
2026-09-02T18:27:26,2,1.829,46.34,44.4990,27.9,1.835,46.80,4.04,-115,6.75,
2026-09-02T18:27:28,2,1.816,45.25,44.4850,27.9,1.833,46.67,4.08,-115,6.50,
2026-09-02T18:27:29,2,1.828,46.22,44.4740,27.9,1.836,46.86,4.05,-116,6.25,
2026-09-02T18:27:31,2,1.815,45.18,44.4760,27.9,1.835,46.80,4.08,-115,6.50,
2026-09-02T18:27:32,2,1.812,44.99,44.4700,27.9,1.837,46.99,4.06,-115,6.50,
2026-09-02T18:27:34,2,1.814,45.12,44.4760,27.9,1.836,46.86,4.08,-116,6.25,
2026-09-02T18:27:35,2,1.831,46.47,44.4750,27.9,1.835,46.80,4.04,-116,6.00,
2026-09-02T18:27:36,2,1.826,46.09,44.4810,27.9,1.833,46.60,4.06,-115,6.25,
2026-09-02T18:27:37,2,1.812,44.99,44.4750,27.9,1.833,46.60,4.08,-115,6.00,
2026-09-02T18:27:38,2,1.827,46.15,44.4700,27.9,1.836,46.86,4.05,-115,5.75,
2026-09-02T18:27:39,2,1.814,45.12,44.4640,27.9,1.833,46.60,4.08,-122,0.75,
2026-09-02T18:27:40,2,1.812,44.93,44.4700,27.9,1.834,46.73,4.06,-121,2.00,
2026-09-02T18:27:42,2,1.825,46.02,44.4770,27.9,1.843,47.44,4.05,-117,5.00,
2026-09-02T18:27:43,2,1.814,45.12,44.4850,27.9,1.833,46.60,4.07,-116,5.75,
2026-09-02T18:27:44,2,1.833,46.60,44.4840,27.9,1.834,46.73,4.05,-117,5.50,
2026-09-02T18:27:45,2,1.825,46.02,44.4790,27.9,1.830,46.41,4.06,-116,5.75,
2026-09-02T18:27:46,2,1.812,44.99,44.4750,27.9,1.832,46.54,4.08,-116,5.75,
2026-09-02T18:27:47,2,1.829,46.34,44.4870,27.9,1.836,46.86,4.05,-116,5.75,
2026-09-02T18:27:48,2,1.812,44.99,44.4950,27.9,1.829,46.34,4.08,-117,5.50,
2026-09-02T18:27:49,2,1.812,44.99,44.5000,27.9,1.835,46.80,4.06,-116,5.75,
2026-09-02T18:27:50,2,1.830,46.41,44.5050,27.9,1.836,46.86,4.05,-116,5.75,
2026-09-02T18:27:51,2,1.810,44.80,44.5270,27.9,1.832,46.54,4.07,-116,5.75,
2026-09-02T18:27:52,2,1.827,46.15,44.5230,27.9,1.835,46.80,4.05,-116,5.75,
2026-09-02T18:27:54,2,1.826,46.09,44.5170,27.9,1.830,46.41,4.06,-116,5.50,
2026-09-02T18:27:55,2,1.814,45.12,44.5290,27.9,1.828,46.22,4.08,-117,5.50,
2026-09-02T18:27:56,2,1.828,46.22,44.5160,27.9,1.834,46.73,4.05,-116,5.75,
2026-09-02T18:27:57,2,1.812,44.93,44.5070,27.9,1.833,46.60,4.08,-116,6.00,
2026-09-02T18:27:58,2,1.812,44.99,44.5080,27.9,1.834,46.73,4.08,-116,5.50,
2026-09-02T18:27:59,2,1.829,46.34,44.5070,27.9,1.836,46.86,4.05,-116,5.75,
2026-09-02T18:28:00,2,1.813,45.05,44.5090,27.9,1.831,46.47,4.08,-116,5.75,
2026-09-02T18:28:01,2,1.830,46.41,44.5200,27.9,1.837,46.92,4.04,-116,5.75,
2026-09-02T18:28:02,2,1.827,46.15,44.5200,27.9,1.835,46.80,4.05,-117,5.75,
2026-09-02T18:28:03,2,1.815,45.18,44.5150,27.9,1.832,46.54,4.07,-117,5.75,
2026-09-02T18:28:04,2,1.828,46.28,44.5230,27.9,1.834,46.73,4.05,-117,5.75,
2026-09-02T18:28:06,2,1.812,44.99,44.5090,27.9,1.833,46.67,4.08,-116,5.50,
2026-09-02T18:28:07,2,1.812,44.93,44.4970,27.9,1.833,46.60,4.08,-116,5.50,
2026-09-02T18:28:08,2,1.826,46.09,44.4880,27.9,1.837,46.92,4.05,-116,5.75,
2026-09-02T18:28:09,2,1.812,44.99,44.4870,27.9,1.833,46.60,4.08,-116,6.00,
2026-09-02T18:28:10,2,1.831,46.47,44.4730,27.9,1.827,46.15,4.04,-117,5.75,
2026-09-02T18:28:11,2,1.828,46.22,44.4660,27.9,1.833,46.67,4.05,-116,6.00,
2026-09-02T18:28:12,2,1.812,44.99,44.4580,27.9,1.833,46.67,4.08,-116,5.25,
2026-09-02T18:28:13,2,1.829,46.34,44.4560,27.9,1.835,46.80,4.05,-116,5.50,
2026-09-02T18:28:14,2,1.812,44.93,44.4530,27.9,1.833,46.67,4.07,-116,6.25,
2026-09-02T18:28:15,2,1.814,45.12,44.4590,27.9,1.832,46.54,4.08,-117,5.25,
2026-09-02T18:28:16,2,1.829,46.34,44.4610,27.9,1.835,46.80,4.05,-116,6.00,
2026-09-02T18:28:18,2,1.812,44.93,44.4590,27.9,1.832,46.54,4.08,-116,5.75,
2026-09-02T18:28:20,2,1.827,46.15,44.4580,27.9,1.837,46.99,4.05,-116,5.50,
2026-09-02T18:28:21,2,1.813,45.05,44.4540,27.9,1.831,46.47,4.08,-116,5.75,
2026-09-02T18:28:22,2,1.830,46.41,44.4490,27.9,1.837,46.92,4.05,-116,5.75,
2026-09-02T18:28:23,2,1.816,45.25,44.4500,27.9,1.833,46.67,4.06,-116,5.75,
2026-09-02T18:28:25,2,1.828,46.28,44.4500,27.9,1.834,46.73,4.05,-116,5.50,
2026-09-02T18:28:26,2,1.813,45.05,44.4560,27.9,1.833,46.60,4.08,-117,5.50,
2026-09-02T18:28:27,2,1.813,45.05,44.4610,27.9,1.834,46.73,4.06,-116,5.75,
2026-09-02T18:28:29,2,1.828,46.22,44.4590,27.9,1.836,46.86,4.05,-116,5.50,
2026-09-02T18:28:31,2,1.829,46.34,44.4600,27.9,1.836,46.86,4.05,-116,6.00,
2026-09-02T18:28:32,2,1.825,46.02,44.4650,27.9,1.833,46.60,4.06,-116,6.50,
2026-09-02T18:28:33,2,1.812,44.93,44.4630,27.9,1.830,46.41,4.08,-116,6.00,
2026-09-02T18:28:34,2,1.828,46.22,44.4670,27.9,1.836,46.86,4.05,-117,5.50,
2026-09-02T18:28:35,2,1.817,45.38,44.4510,27.9,1.832,46.54,4.08,-117,6.00,
2026-09-02T18:28:36,2,1.815,45.18,44.4560,27.9,1.833,46.67,4.06,-116,5.75,
2026-09-02T18:28:37,2,1.827,46.15,44.4550,27.9,1.835,46.80,4.05,-116,5.75,
2026-09-02T18:28:38,2,1.811,44.86,44.4610,27.9,1.833,46.67,4.08,-116,5.75,
2026-09-02T18:28:39,2,1.830,46.41,44.4600,27.9,1.839,47.12,4.05,-116,5.50,
2026-09-02T18:28:41,2,1.824,45.96,44.4670,27.9,1.834,46.73,4.06,-117,5.25,
2026-09-02T18:28:42,2,1.812,44.99,44.4590,27.9,1.833,46.60,4.08,-116,5.75,
2026-09-02T18:28:43,2,1.830,46.41,44.4720,27.9,1.834,46.73,4.05,-116,5.50,
2026-09-02T18:28:44,2,1.812,44.93,44.4600,27.9,1.833,46.67,4.07,-116,6.00,
2026-09-02T18:28:45,2,1.813,45.05,44.4620,27.9,1.831,46.47,4.06,-116,5.75,
2026-09-02T18:28:46,2,1.825,46.02,44.4610,27.9,1.832,46.54,4.05,-116,6.00,
2026-09-02T18:28:47,2,1.812,44.99,44.4650,27.9,1.829,46.34,4.08,-115,6.25,
2026-09-02T18:28:48,2,1.828,46.28,44.4700,27.9,1.828,46.28,4.05,-115,6.50,
2026-09-02T18:28:49,2,1.826,46.09,44.4670,27.9,1.833,46.60,4.06,-115,6.00,
2026-09-02T18:28:50,2,1.811,44.86,44.4630,27.9,1.833,46.60,4.08,-115,6.00,
2026-09-02T18:28:51,2,1.828,46.22,44.4550,27.9,1.837,46.92,4.05,-116,6.00,
2026-09-02T18:28:53,2,1.812,44.99,44.4510,27.9,1.835,46.80,4.08,-115,6.00,
2026-09-02T18:28:54,2,1.813,45.05,44.4530,27.9,1.836,46.86,4.06,-115,6.25,
2026-09-02T18:28:55,2,1.827,46.15,44.4680,27.9,1.836,46.86,4.05,-115,6.25,
2026-09-02T18:28:56,2,1.814,45.12,44.4450,27.9,1.830,46.41,4.07,-115,6.50,
2026-09-02T18:28:57,2,1.833,46.60,44.4500,27.9,1.837,46.99,4.05,-116,6.00,
2026-09-02T18:28:58,2,1.826,46.09,44.4400,27.9,1.834,46.73,4.06,-115,6.50,
2026-09-02T18:28:59,2,1.813,45.05,44.4400,27.9,1.833,46.67,4.08,-116,6.00,
2026-09-02T18:29:00,2,1.828,46.28,44.4290,27.9,1.828,46.22,4.04,-117,6.00,
2026-09-02T18:29:01,2,1.813,45.05,44.4280,27.9,1.833,46.60,4.07,-116,5.50,
2026-09-02T18:29:02,2,1.814,45.12,44.4280,27.9,1.834,46.73,4.08,-116,5.50,
2026-09-02T18:29:03,2,1.828,46.22,44.4300,27.9,1.837,46.99,4.05,-117,5.75,
2026-09-02T18:29:05,2,1.812,44.93,44.4480,27.9,1.833,46.60,4.08,-117,5.75,
2026-09-02T18:29:06,2,1.833,46.67,44.4470,27.9,1.828,46.22,4.04,-116,5.75,
2026-09-02T18:29:07,2,1.827,46.15,44.4390,27.9,1.835,46.80,4.05,-116,5.75,
2026-09-02T18:29:08,2,1.809,44.73,44.4320,27.9,1.833,46.60,4.07,-116,6.00,
2026-09-02T18:29:09,2,1.828,46.28,44.4370,27.9,1.834,46.73,4.05,-116,5.75,
2026-09-02T18:29:10,2,1.813,45.05,44.4440,27.9,1.834,46.73,4.08,-117,5.75,
2026-09-02T18:29:11,2,1.815,45.18,44.4360,27.9,1.832,46.54,4.08,-116,5.75,
2026-09-02T18:29:12,2,1.826,46.09,44.4460,27.9,1.834,46.73,4.05,-116,5.50,
2026-09-02T18:29:13,2,1.810,44.80,44.4580,27.9,1.833,46.67,4.07,-116,5.75,
2026-09-02T18:29:14,2,1.824,45.96,44.4550,27.9,1.835,46.80,4.06,-116,5.50,
2026-09-02T18:29:17,2,1.812,44.99,44.4610,27.9,1.834,46.73,4.07,-116,6.25,
2026-09-02T18:29:18,2,1.819,45.51,44.4660,27.9,1.836,46.86,4.05,-116,6.25,
2026-09-02T18:29:19,2,1.827,46.15,44.4650,27.9,1.832,46.54,4.06,-116,6.25,
2026-09-02T18:29:20,2,1.813,45.05,44.4730,27.9,1.833,46.67,4.07,-116,6.25,
2026-09-02T18:29:22,2,1.813,45.05,44.4790,27.9,1.834,46.73,4.08,-116,6.00,
2026-09-02T18:29:23,2,1.812,44.93,44.4710,27.9,1.836,46.86,4.06,-116,6.00,
2026-09-02T18:29:24,2,1.830,46.41,44.4770,27.9,1.834,46.73,4.05,-116,5.50,
2026-09-02T18:29:25,2,1.811,44.86,44.4690,27.9,1.831,46.47,4.08,-116,5.75,
2026-09-02T18:29:28,2,1.827,46.15,44.4680,27.9,1.836,46.86,4.06,-116,5.75,
2026-09-02T18:29:29,2,1.813,45.05,44.4730,27.9,1.832,46.54,4.08,-116,5.75,
2026-09-02T18:29:30,2,1.828,46.28,44.4710,27.9,1.836,46.86,4.04,-116,5.75,
2026-09-02T18:29:31,2,1.813,45.05,44.4820,27.9,1.831,46.47,4.08,-116,5.50,
2026-09-02T18:29:32,2,1.814,45.12,44.4740,27.9,1.833,46.67,4.06,-116,5.50,
2026-09-02T18:29:33,2,1.829,46.34,44.4580,27.9,1.836,46.86,4.05,-116,5.75,
2026-09-02T18:29:34,2,1.811,44.86,44.4530,27.9,1.831,46.47,4.07,-116,6.00,
2026-09-02T18:29:35,2,1.831,46.47,44.4530,27.9,1.837,46.92,4.05,-117,4.50,
2026-09-02T18:29:36,2,1.825,46.02,44.4580,27.9,1.835,46.80,4.06,-117,5.50,
2026-09-02T18:29:37,2,1.812,44.99,44.4650,27.9,1.833,46.60,4.08,-117,5.50,
2026-09-02T18:29:38,2,1.837,46.92,44.4730,27.9,1.836,46.86,4.05,-116,5.50,
2026-09-02T18:29:40,2,1.810,44.80,44.4710,27.9,1.828,46.28,4.07,-116,6.00,
2026-09-02T18:29:41,2,1.815,45.18,44.4680,27.9,1.835,46.80,4.06,-116,5.75,
2026-09-02T18:29:42,2,1.829,46.34,44.4590,27.9,1.836,46.86,4.05,-116,6.25,
2026-09-02T18:29:43,2,1.812,44.99,44.4640,27.9,1.833,46.60,4.08,-116,5.75,
2026-09-02T18:29:44,2,1.831,46.47,44.4510,27.9,1.837,46.92,4.05,-116,5.75,
2026-09-02T18:29:45,2,1.815,45.18,44.4430,27.9,1.833,46.67,4.06,-116,6.00,
2026-09-02T18:29:46,2,1.811,44.86,44.4350,27.9,1.833,46.67,4.07,-116,6.25,
2026-09-02T18:29:47,2,1.827,46.15,44.4430,27.9,1.835,46.80,4.05,-116,6.00,
2026-09-02T18:29:48,2,1.812,44.93,44.4410,27.9,1.833,46.60,4.08,-116,6.00,
2026-09-02T18:29:49,2,1.815,45.18,44.4380,27.9,1.833,46.67,4.06,-116,5.75,
2026-09-02T18:29:50,2,1.827,46.15,44.4400,27.9,1.830,46.41,4.05,-116,5.75,
2026-09-02T18:29:52,2,1.812,44.99,44.4480,27.9,1.832,46.54,4.07,-116,5.75,
2026-09-02T18:29:53,2,1.831,46.47,44.4490,27.9,1.840,47.18,4.05,-116,5.75,
2026-09-02T18:29:54,2,1.826,46.09,44.4590,27.9,1.832,46.54,4.07,-116,5.75,
2026-09-02T18:29:55,2,1.802,44.15,44.4580,27.9,1.833,46.67,4.08,-116,6.00,
2026-09-02T18:29:56,2,1.829,46.34,44.4540,27.9,1.835,46.80,4.05,-117,5.75,
2026-09-02T18:29:57,2,1.815,45.18,44.4340,27.9,1.833,46.60,4.08,-116,5.75,
2026-09-02T18:29:58,2,1.812,44.99,44.4320,27.9,1.834,46.73,4.06,-116,5.50,
2026-09-02T18:29:59,2,1.827,46.15,44.4250,27.9,1.837,46.92,4.05,-116,5.50,
2026-09-02T18:30:00,2,1.816,45.25,44.4320,27.9,1.834,46.73,4.08,-116,6.00,
2026-09-02T18:30:01,2,1.829,46.34,44.4290,27.9,1.835,46.80,4.05,-117,5.75,
2026-09-02T18:30:03,2,1.826,46.09,44.4220,27.9,1.836,46.86,4.06,-115,5.75,
2026-09-02T18:30:04,2,1.812,44.99,44.4240,27.9,1.833,46.67,4.07,-115,6.50,
2026-09-02T18:30:05,2,1.827,46.15,44.4360,27.9,1.836,46.86,4.04,-115,6.50,
2026-09-02T18:30:06,2,1.814,45.12,44.4420,27.9,1.833,46.67,4.07,-115,6.50,
2026-09-02T18:30:07,2,1.813,45.05,44.4530,27.9,1.832,46.54,4.08,-117,5.50,
2026-09-02T18:30:08,2,1.828,46.28,44.4460,27.9,1.833,46.67,4.05,-116,5.50,
2026-09-02T18:30:09,2,1.813,45.05,44.4390,27.9,1.832,46.54,4.08,-116,5.25,
2026-09-02T18:30:10,2,1.831,46.47,44.4420,27.9,1.838,47.05,4.04,-117,5.75,
2026-09-02T18:30:11,2,1.828,46.28,44.4440,27.9,1.833,46.67,4.05,-117,5.50,
2026-09-02T18:30:13,2,1.829,46.34,44.4560,27.9,1.838,47.05,4.05,-116,5.75,
2026-09-02T18:30:15,2,1.812,44.99,44.4590,27.9,1.832,46.54,4.08,-117,5.75,
2026-09-02T18:30:16,2,1.812,44.93,44.4640,27.9,1.832,46.54,4.08,-116,5.50,
2026-09-02T18:30:17,2,1.828,46.28,44.4740,27.9,1.835,46.80,4.05,-116,5.75,
2026-09-02T18:30:19,2,1.833,46.60,44.4790,27.9,1.838,47.05,4.04,-117,5.50,
2026-09-02T18:30:20,2,1.825,46.02,44.4790,27.9,1.834,46.73,4.05,-117,5.50,
2026-09-02T18:30:21,2,1.812,44.93,44.4670,27.9,1.833,46.60,4.07,-116,5.50,
2026-09-02T18:30:22,2,1.829,46.34,44.4720,27.9,1.835,46.80,4.05,-116,5.25,
2026-09-02T18:30:24,2,1.818,45.44,44.4730,27.9,1.833,46.67,4.07,-116,5.75,
2026-09-02T18:30:25,2,1.828,46.22,44.4620,27.9,1.835,46.80,4.05,-117,5.50,
2026-09-02T18:30:27,2,1.812,44.99,44.4620,27.9,1.833,46.60,4.08,-117,5.50,
2026-09-02T18:30:28,2,1.816,45.31,44.4660,27.9,1.833,46.67,4.06,-116,5.75,
2026-09-02T18:30:29,2,1.830,46.41,44.4770,27.9,1.834,46.73,4.05,-116,5.75,
2026-09-02T18:30:30,2,1.811,44.86,44.4710,27.9,1.832,46.54,4.08,-116,5.50,
2026-09-02T18:30:31,2,1.830,46.41,44.4670,27.9,1.835,46.80,4.05,-115,6.00,
2026-09-02T18:30:32,2,1.828,46.28,44.4600,27.9,1.833,46.60,4.06,-116,6.50,
2026-09-02T18:30:33,2,1.813,45.05,44.4590,27.9,1.831,46.47,4.08,-116,5.75,
2026-09-02T18:30:34,2,1.828,46.22,44.4490,27.9,1.837,46.92,4.05,-117,5.50,
2026-09-02T18:30:35,2,1.815,45.18,44.4580,27.9,1.833,46.60,4.07,-117,5.50,
2026-09-02T18:30:36,2,1.813,45.05,44.4580,27.9,1.834,46.73,4.06,-116,5.50,
2026-09-02T18:30:37,2,1.826,46.09,44.4570,27.9,1.836,46.86,4.05,-117,5.25,
2026-09-02T18:30:39,2,1.811,44.86,44.4540,27.9,1.832,46.54,4.07,-117,5.25,
2026-09-02T18:30:40,2,1.830,46.41,44.4490,27.9,1.836,46.86,4.05,-115,6.00,
2026-09-02T18:30:41,2,1.824,45.89,44.4600,27.9,1.833,46.60,4.06,-115,6.25,
2026-09-02T18:30:42,2,1.815,45.18,44.4690,27.9,1.833,46.67,4.08,-115,6.50,
2026-09-02T18:30:43,2,1.829,46.34,44.4820,27.9,1.835,46.80,4.05,-116,6.75,
2026-09-02T18:30:44,2,1.815,45.18,44.4920,27.9,1.831,46.47,4.08,-115,6.00,
2026-09-02T18:30:45,2,1.815,45.18,44.4830,27.9,1.833,46.67,4.06,-116,6.25,
2026-09-02T18:30:46,2,1.827,46.15,44.4930,27.9,1.837,46.99,4.05,-116,6.00,
2026-09-02T18:30:47,2,1.814,45.12,44.4880,27.9,1.832,46.54,4.08,-116,6.25,
2026-09-02T18:30:48,2,1.831,46.47,44.4830,27.9,1.835,46.80,4.05,-116,6.00,
2026-09-02T18:30:49,2,1.827,46.15,44.4960,27.9,1.837,46.92,4.06,-116,5.75,
2026-09-02T18:30:51,2,1.813,45.05,44.5070,27.9,1.831,46.47,4.08,-116,5.75,
2026-09-02T18:30:52,2,1.829,46.34,44.5100,27.9,1.835,46.80,4.05,-117,5.50,
2026-09-02T18:30:53,2,1.812,44.99,44.5050,27.9,1.833,46.60,4.07,-116,5.75,
2026-09-02T18:30:54,2,1.814,45.12,44.5150,27.9,1.835,46.80,4.06,-119,3.00,
2026-09-02T18:30:55,2,1.828,46.22,44.5160,27.9,1.834,46.73,4.05,-119,4.00,
2026-09-02T18:30:56,2,1.803,44.22,44.5070,27.9,1.833,46.67,4.08,-117,5.00,
2026-09-02T18:30:57,2,1.832,46.54,44.5030,27.9,1.836,46.86,4.04,-118,4.50,
2026-09-02T18:30:58,2,1.827,46.15,44.5070,27.9,1.833,46.60,4.06,-117,4.75,
2026-09-02T18:30:59,2,1.812,44.93,44.5100,27.9,1.833,46.60,4.08,-117,5.25,
2026-09-02T18:31:00,2,1.828,46.28,44.5130,27.9,1.837,46.99,4.05,-116,5.75,
2026-09-02T18:31:02,2,1.811,44.86,44.5060,27.9,1.830,46.41,4.07,-116,6.00,
2026-09-02T18:31:03,2,1.816,45.25,44.4970,27.9,1.835,46.80,4.06,-117,5.50,
2026-09-02T18:31:04,2,1.828,46.22,44.4890,27.9,1.833,46.67,4.05,-118,4.75,
2026-09-02T18:31:05,2,1.814,45.12,44.4980,27.9,1.831,46.47,4.07,-118,4.50,
2026-09-02T18:31:06,2,1.831,46.47,44.4950,27.9,1.837,46.92,4.04,-119,3.25,
2026-09-02T18:31:07,2,1.827,46.15,44.4970,27.9,1.832,46.54,4.06,-120,2.00,
2026-09-02T18:31:08,2,1.812,44.99,44.5030,27.9,1.835,46.80,4.08,-120,1.75,
2026-09-02T18:31:10,2,1.813,45.05,44.4920,27.9,1.830,46.41,4.07,-121,1.50,
2026-09-02T18:31:11,2,1.815,45.18,44.4800,27.9,1.835,46.80,4.06,-121,1.25,
2026-09-02T18:31:12,2,1.830,46.41,44.4880,27.9,1.837,46.92,4.05,-119,3.00,
2026-09-02T18:31:14,2,1.813,45.05,44.4850,27.9,1.830,46.41,4.07,-118,3.50,
2026-09-02T18:31:16,2,1.828,46.28,44.4760,27.9,1.833,46.60,4.05,-120,1.75,
2026-09-02T18:31:17,2,1.813,45.05,44.4850,27.9,1.831,46.47,4.07,-121,1.25,
2026-09-02T18:31:18,2,1.829,46.34,44.4820,27.9,1.836,46.86,4.05,-121,1.50,
2026-09-02T18:31:19,2,1.813,45.05,44.4820,27.9,1.831,46.47,4.08,-121,1.25,
2026-09-02T18:31:21,2,1.828,46.22,44.4810,27.9,1.833,46.67,4.05,-121,1.25,
2026-09-02T18:31:22,2,1.812,44.93,44.4810,27.9,1.833,46.67,4.08,-120,2.50,
2026-09-02T18:31:23,2,1.833,46.60,44.4810,27.9,1.836,46.86,4.04,-118,4.50,
2026-09-02T18:31:24,2,1.828,46.22,44.4690,27.9,1.835,46.80,4.05,-118,4.00,16
2026-09-02T18:31:27,2,1.832,46.54,44.4540,27.9,1.836,46.86,4.05,-119,3.75,
2026-09-02T18:31:28,2,1.822,45.76,44.4450,27.9,1.831,46.47,4.08,-118,3.50,
2026-09-02T18:31:29,2,1.813,45.05,44.4400,27.9,1.833,46.67,4.08,-118,3.50,16
2026-09-02T18:31:30,2,1.827,46.15,44.4440,27.9,1.834,46.73,4.04,-121,1.00,
2026-09-02T18:31:31,2,1.812,44.93,44.4330,27.9,1.832,46.54,4.07,-118,4.00,
2026-09-02T18:31:32,2,1.811,44.86,44.4420,27.9,1.835,46.80,4.06,-120,1.50,
2026-09-02T18:31:33,2,1.825,46.02,44.4450,27.9,1.834,46.73,4.05,-119,2.50,
2026-09-02T18:31:34,2,1.815,45.18,44.4540,27.9,1.831,46.47,4.07,-119,3.50,
2026-09-02T18:31:35,2,1.815,45.18,44.4540,27.9,1.837,46.92,4.05,-119,3.25,
2026-09-02T18:31:36,2,1.828,46.22,44.4540,27.9,1.834,46.73,4.06,-119,3.75,
2026-09-02T18:31:38,2,1.815,45.18,44.4540,27.9,1.836,46.86,4.07,-119,3.50,
2026-09-02T18:31:39,2,1.828,46.22,44.4600,27.9,1.834,46.73,4.05,-121,1.25,
2026-09-02T18:31:40,2,1.816,45.31,44.4540,27.9,1.833,46.67,4.08,-120,1.25,
2026-09-02T18:31:41,2,1.815,45.18,44.4540,27.9,1.834,46.73,4.06,-121,0.50,
2026-09-02T18:31:42,2,1.825,46.02,44.4620,27.9,1.833,46.67,4.05,-123,-1.75,
2026-09-02T18:31:43,2,1.812,44.93,44.4620,27.9,1.831,46.47,4.08,-122,-0.25,
2026-09-02T18:31:44,2,1.833,46.60,44.4680,27.9,1.837,46.92,4.05,-121,-0.25,
2026-09-02T18:31:45,2,1.826,46.09,44.4670,27.9,1.833,46.60,4.06,-121,1.00,
2026-09-02T18:31:46,2,1.813,45.05,44.4810,27.9,1.835,46.80,4.07,-121,0.75,
2026-09-02T18:31:47,2,1.827,46.15,44.4750,27.9,1.835,46.80,4.05,-123,-2.25,
2026-09-02T18:31:49,2,1.813,45.05,44.4810,27.9,1.833,46.67,4.07,-122,-1.00,
2026-09-02T18:31:50,2,1.813,45.05,44.4800,27.9,1.836,46.86,4.06,-123,-2.25,
2026-09-02T18:31:51,2,1.829,46.34,44.4970,27.9,1.840,47.18,4.05,-117,5.00,
2026-09-02T18:31:52,2,1.818,45.44,44.5150,27.9,1.838,47.05,4.07,-120,2.25,
2026-09-02T18:31:53,2,1.835,46.80,44.5520,27.9,1.842,47.38,4.04,-118,4.75,
2026-09-02T18:31:54,2,1.831,46.47,44.6220,27.9,1.839,47.12,4.06,-118,4.00,
2026-09-02T18:31:55,2,1.820,45.64,44.7070,27.9,1.841,47.31,4.08,-119,3.50,
2026-09-02T18:31:56,2,1.838,47.05,44.7940,27.9,1.845,47.63,4.05,-118,3.50,
2026-09-02T18:31:57,2,1.822,45.76,44.9430,27.9,1.840,47.18,4.07,-118,3.50,
2026-09-02T18:31:59,2,1.837,46.99,45.0710,27.9,1.845,47.63,4.05,-119,3.00,
2026-09-02T18:32:01,2,1.824,45.89,45.1320,27.9,1.844,47.50,4.08,-119,3.00,
2026-09-02T18:32:02,2,1.841,47.25,45.1800,27.9,1.848,47.83,4.04,-119,3.50,
2026-09-02T18:32:03,2,1.837,46.99,45.2350,27.9,1.848,47.83,4.06,-118,3.50,
2026-09-02T18:32:04,2,1.826,46.09,45.2840,27.9,1.849,47.89,4.07,-119,3.00,
2026-09-02T18:32:05,2,1.843,47.44,45.3350,27.9,1.849,47.96,4.05,-119,3.25,17
2026-09-02T18:32:07,2,1.829,46.34,45.4550,27.9,1.852,48.15,4.06,-120,1.75,
2026-09-02T18:32:08,2,1.843,47.44,45.5260,27.9,1.852,48.15,4.05,-121,1.25,
2026-09-02T18:32:09,2,1.828,46.22,45.6520,27.9,1.847,47.76,4.07,-119,3.25,
2026-09-02T18:32:10,2,1.848,47.83,45.6970,27.9,1.851,48.08,4.04,-119,2.25,
2026-09-02T18:32:13,2,1.828,46.22,45.7600,27.9,1.843,47.44,4.08,-119,2.75,
2026-09-02T18:32:14,2,1.845,47.57,45.7570,27.9,1.837,46.99,4.05,-119,3.25,
2026-09-02T18:32:15,2,1.831,46.47,45.7330,27.9,1.843,47.44,4.07,-118,3.50,
2026-09-02T18:32:16,2,1.827,46.15,45.7020,27.9,1.847,47.76,4.08,-119,2.75,
2026-09-02T18:32:18,2,1.825,46.02,45.6590,27.9,1.841,47.31,4.07,-119,3.25,
2026-09-02T18:32:19,2,1.847,47.76,45.6430,27.9,1.847,47.76,4.04,-119,3.25,
2026-09-02T18:32:20,2,1.845,47.57,45.6320,27.9,1.845,47.63,4.05,-119,3.50,
2026-09-02T18:32:21,2,1.827,46.15,45.6390,27.9,1.842,47.38,4.08,-119,3.25,
2026-09-02T18:32:23,2,1.829,46.34,45.6510,27.9,1.840,47.18,4.07,-119,3.50,
2026-09-02T18:32:25,2,1.827,46.15,45.6550,27.9,1.844,47.50,4.08,-119,3.00,
2026-09-02T18:32:26,2,1.845,47.57,45.6490,27.9,1.843,47.44,4.05,-119,3.50,
2026-09-02T18:32:27,2,1.826,46.09,45.6410,27.9,1.844,47.50,4.07,-119,3.25,
2026-09-02T18:32:28,2,1.828,46.28,45.6370,27.9,1.843,47.44,4.06,-119,3.00,
2026-09-02T18:32:29,2,1.842,47.38,45.6320,27.9,1.846,47.70,4.05,-119,3.00,
2026-09-02T18:32:30,2,1.825,46.02,45.6240,27.9,1.840,47.18,4.07,-119,3.50,
2026-09-02T18:32:31,2,1.841,47.25,45.6250,27.9,1.845,47.63,4.05,-119,3.00,
2026-09-02T18:32:32,2,1.839,47.12,45.6010,27.9,1.841,47.25,4.06,-120,3.25,
2026-09-02T18:32:33,2,1.825,46.02,45.5790,27.9,1.841,47.31,4.08,-119,3.50,
2026-09-02T18:32:34,2,1.836,46.86,45.5590,27.9,1.843,47.44,4.05,-119,3.50,
2026-09-02T18:32:36,2,1.825,46.02,45.5530,27.9,1.842,47.38,4.07,-119,3.50,
2026-09-02T18:32:37,2,1.829,46.34,45.5600,27.9,1.844,47.50,4.06,-119,3.50,
2026-09-02T18:32:38,2,1.844,47.50,45.5600,27.9,1.844,47.50,4.05,-119,3.25,
2026-09-02T18:32:39,2,1.824,45.96,45.5660,27.9,1.841,47.31,4.07,-119,3.25,
2026-09-02T18:32:40,2,1.845,47.57,45.5680,27.9,1.845,47.57,4.04,-119,3.50,
2026-09-02T18:32:41,2,1.840,47.18,45.5530,27.9,1.842,47.38,4.06,-119,3.25,
2026-09-02T18:32:42,2,1.827,46.15,45.5540,27.9,1.841,47.31,4.07,-119,3.25,
2026-09-02T18:32:43,2,1.841,47.31,45.5460,27.9,1.844,47.50,4.05,-119,3.25,
2026-09-02T18:32:44,2,1.825,46.02,45.5430,27.9,1.841,47.25,4.08,-119,3.50,
2026-09-02T18:32:45,2,1.826,46.09,45.5500,27.9,1.843,47.44,4.06,-119,3.50,
2026-09-02T18:32:46,2,1.839,47.12,45.5510,27.9,1.845,47.57,4.05,-119,3.25,
2026-09-02T18:32:48,2,1.824,45.96,45.5440,27.9,1.841,47.31,4.07,-119,3.50,
2026-09-02T18:32:49,2,1.842,47.38,45.5480,27.9,1.846,47.70,4.04,-119,3.75,
2026-09-02T18:32:50,2,1.838,47.05,45.5330,27.9,1.841,47.31,4.06,-119,3.25,
2026-09-02T18:32:51,2,1.824,45.96,45.5280,27.9,1.853,48.28,4.07,-119,3.25,
2026-09-02T18:32:52,2,1.842,47.38,45.5350,27.9,1.845,47.63,4.05,-119,3.25,
2026-09-02T18:32:53,2,1.827,46.15,45.5370,27.9,1.843,47.44,4.07,-119,3.50,
2026-09-02T18:32:54,2,1.837,46.99,45.5450,27.9,1.841,47.25,4.07,-119,3.25,
2026-09-02T18:32:55,2,1.841,47.31,45.5430,27.9,1.844,47.50,4.05,-119,3.25,
2026-09-02T18:32:56,2,1.824,45.96,45.5350,27.9,1.841,47.31,4.07,-119,3.50,
2026-09-02T18:32:57,2,1.848,47.83,45.5320,27.9,1.849,47.89,4.04,-118,3.75,
2026-09-02T18:32:58,2,1.842,47.38,45.5310,27.9,1.846,47.70,4.05,-118,3.75,
2026-09-02T18:33:00,2,1.826,46.09,45.5320,27.9,1.840,47.18,4.08,-118,3.50,
2026-09-02T18:33:01,2,1.844,47.50,45.5410,27.9,1.844,47.50,4.04,-119,4.00,
2026-09-02T18:33:02,2,1.827,46.15,45.5330,27.9,1.840,47.18,4.07,-118,3.75,
2026-09-02T18:33:04,2,1.841,47.31,45.5210,27.9,1.844,47.50,4.04,-119,3.25,
2026-09-02T18:33:05,2,1.826,46.09,45.5250,27.9,1.843,47.44,4.07,-118,3.50,
2026-09-02T18:33:06,2,1.846,47.70,45.5320,27.9,1.846,47.70,4.04,-119,3.50,
2026-09-02T18:33:07,2,1.842,47.38,45.5340,27.9,1.845,47.57,4.05,-119,3.25,
2026-09-02T18:33:09,2,1.843,47.44,45.5330,27.9,1.845,47.63,4.05,-119,3.25,
2026-09-02T18:33:10,2,1.824,45.96,45.5420,27.9,1.842,47.38,4.08,-119,3.50,
2026-09-02T18:33:12,2,1.826,46.09,45.5450,27.9,1.841,47.25,4.07,-118,3.25,
2026-09-02T18:33:13,2,1.841,47.25,45.5430,27.9,1.843,47.44,4.05,-119,3.50,
2026-09-02T18:33:15,2,1.830,46.41,45.5480,27.9,1.845,47.57,4.06,-119,3.50,
2026-09-02T18:33:16,2,1.841,47.31,45.5560,27.9,1.846,47.70,4.05,-119,3.75,
2026-09-02T18:33:17,2,1.827,46.15,45.5520,27.9,1.842,47.38,4.07,-119,3.50,
2026-09-02T18:33:18,2,1.844,47.50,45.5600,27.9,1.846,47.70,4.04,-119,3.75,
2026-09-02T18:33:20,2,1.824,45.96,45.5500,27.9,1.843,47.44,4.08,-118,3.50,
2026-09-02T18:33:21,2,1.845,47.63,45.5510,27.9,1.845,47.57,4.05,-119,3.25,
2026-09-02T18:33:23,2,1.826,46.09,45.5560,27.9,1.841,47.31,4.07,-119,4.00,
2026-09-02T18:33:24,2,1.822,45.76,45.5600,27.9,1.843,47.44,4.06,-118,3.50,
2026-09-02T18:33:25,2,1.841,47.31,45.5630,27.9,1.843,47.44,4.05,-119,2.75,
2026-09-02T18:33:26,2,1.824,45.96,45.5520,27.9,1.841,47.31,4.07,-119,3.00,
2026-09-02T18:33:27,2,1.844,47.50,45.5490,27.9,1.846,47.70,4.04,-119,3.00,
2026-09-02T18:33:28,2,1.834,46.73,45.5570,27.9,1.843,47.44,4.06,-119,3.00,
2026-09-02T18:33:29,2,1.826,46.09,45.5540,27.9,1.843,47.44,4.08,-119,3.00,
2026-09-02T18:33:30,2,1.843,47.44,45.5640,27.9,1.845,47.57,4.05,-119,3.00,
2026-09-02T18:33:31,2,1.824,45.96,45.5630,27.9,1.843,47.44,4.07,-119,3.25,
2026-09-02T18:33:32,2,1.843,47.44,45.5560,27.9,1.842,47.38,4.06,-119,3.00,
2026-09-02T18:33:33,2,1.841,47.25,45.5530,27.9,1.844,47.50,4.05,-120,3.25,
2026-09-02T18:33:35,2,1.825,46.02,45.5450,27.9,1.841,47.31,4.07,-119,3.50,
2026-09-02T18:33:36,2,1.842,47.38,45.5410,27.9,1.845,47.57,4.05,-119,3.25,
2026-09-02T18:33:37,2,1.836,46.86,45.5390,27.9,1.845,47.63,4.06,-119,3.25,
2026-09-02T18:33:38,2,1.828,46.22,45.5360,27.9,1.843,47.44,4.07,-119,3.25,
2026-09-02T18:33:39,2,1.842,47.38,45.5390,27.9,1.845,47.57,4.04,-119,3.00,
2026-09-02T18:33:40,2,1.825,46.02,45.5360,27.9,1.842,47.38,4.07,-119,3.25,
2026-09-02T18:33:41,2,1.828,46.22,45.5280,27.9,1.845,47.63,4.06,-119,2.75,
2026-09-02T18:33:42,2,1.840,47.18,45.5230,27.9,1.837,46.99,4.04,-119,3.00,
2026-09-02T18:33:43,2,1.827,46.15,45.5240,27.9,1.841,47.25,4.07,-119,3.50,
2026-09-02T18:33:44,2,1.845,47.57,45.5190,27.9,1.849,47.89,4.04,-119,3.00,
2026-09-02T18:33:45,2,1.840,47.18,45.5180,27.9,1.844,47.50,4.06,-119,3.00,
2026-09-02T18:33:47,2,1.824,45.96,45.5180,27.9,1.841,47.31,4.07,-120,2.75,
2026-09-02T18:33:48,2,1.841,47.31,45.5140,27.9,1.845,47.57,4.04,-120,2.75,
2026-09-02T18:33:49,2,1.828,46.22,45.5100,27.9,1.843,47.44,4.07,-119,3.25,
2026-09-02T18:33:50,2,1.826,46.09,45.5060,27.9,1.845,47.63,4.07,-119,3.00,
2026-09-02T18:33:51,2,1.841,47.25,45.5060,27.9,1.844,47.50,4.04,-119,3.00,
2026-09-02T18:33:52,2,1.825,46.02,45.5000,27.9,1.845,47.63,4.07,-119,2.75,
2026-09-02T18:33:53,2,1.843,47.44,45.4960,27.9,1.846,47.70,4.05,-120,3.00,
2026-09-02T18:33:54,2,1.841,47.25,45.5050,27.9,1.847,47.76,4.05,-119,3.25,
2026-09-02T18:33:55,2,1.824,45.96,45.5030,27.9,1.841,47.25,4.07,-119,3.25,
2026-09-02T18:33:56,2,1.843,47.44,45.5030,27.9,1.845,47.57,4.05,-119,3.00,
2026-09-02T18:33:57,2,1.827,46.15,45.5030,27.9,1.843,47.44,4.08,-119,3.25,
2026-09-02T18:33:59,2,1.827,46.15,45.5000,27.9,1.844,47.50,4.07,-119,2.75,
2026-09-02T18:34:00,2,1.842,47.38,45.4930,27.9,1.847,47.76,4.00,-114,3.75,
2026-09-02T18:34:01,2,1.829,46.34,45.4950,27.9,1.841,47.25,4.07,-119,3.25,
2026-09-02T18:34:02,2,1.842,47.38,45.4990,27.9,1.846,47.70,4.04,-119,3.25,
2026-09-02T18:34:03,2,1.841,47.25,45.5030,27.9,1.845,47.63,4.05,-119,3.00,
2026-09-02T18:34:04,2,1.825,46.02,45.4920,27.9,1.845,47.63,4.07,-119,3.00,
2026-09-02T18:34:06,2,1.824,45.89,45.4850,27.9,1.842,47.38,4.07,-119,3.00,
2026-09-02T18:34:07,2,1.827,46.15,45.4800,27.9,1.843,47.44,4.07,-119,3.50,
2026-09-02T18:34:08,2,1.840,47.18,45.4820,27.9,1.847,47.76,4.04,-119,3.25,
2026-09-02T18:34:10,2,1.829,46.34,45.4730,27.9,1.842,47.38,4.08,-119,3.00,
2026-09-02T18:34:12,2,1.842,47.38,45.4730,27.9,1.845,47.63,4.04,-119,3.00,
2026-09-02T18:34:13,2,1.824,45.96,45.4820,27.9,1.843,47.44,4.07,-119,3.00,
2026-09-02T18:34:14,2,1.841,47.25,45.4680,27.9,1.845,47.57,4.05,-119,3.00,
2026-09-02T18:34:15,2,1.837,46.92,45.4760,27.9,1.841,47.25,4.06,-119,3.00,
2026-09-02T18:34:17,2,1.842,47.38,45.4560,27.9,1.845,47.63,4.04,-119,3.25,
2026-09-02T18:34:18,2,1.827,46.15,45.4550,27.9,1.841,47.25,4.07,-119,3.25,
2026-09-02T18:34:19,2,1.829,46.34,45.4580,27.9,1.844,47.50,4.06,-119,3.25,
2026-09-02T18:34:20,2,1.840,47.18,45.4640,27.9,1.847,47.76,4.05,-119,3.25,
2026-09-02T18:34:22,2,1.812,44.99,45.4620,27.9,1.844,47.50,4.07,-120,3.25,
2026-09-02T18:34:23,2,1.843,47.44,45.4490,27.9,1.843,47.44,4.05,-119,3.25,
2026-09-02T18:34:24,2,1.839,47.12,45.4550,27.9,1.845,47.57,4.06,-119,3.50,
2026-09-02T18:34:25,2,1.823,45.83,45.4420,27.9,1.856,48.47,4.07,-119,3.25,
2026-09-02T18:34:26,2,1.841,47.25,45.4370,27.9,1.845,47.63,4.05,-119,3.25,
2026-09-02T18:34:27,2,1.824,45.89,45.4450,27.9,1.842,47.38,4.07,-119,3.00,
2026-09-02T18:34:27,2,1.827,46.15,45.4290,27.9,1.844,47.50,4.06,-119,4.00,
2026-09-02T18:34:28,2,1.840,47.18,45.4260,27.9,1.849,47.89,4.05,-119,1.75,
2026-09-02T18:34:29,2,1.827,46.15,45.4280,27.9,1.841,47.31,4.08,-119,3.00,
2026-09-02T18:34:30,2,1.840,47.18,45.4170,27.9,1.845,47.63,4.04,-119,3.25,
2026-09-02T18:34:31,2,1.841,47.31,45.4150,27.9,1.845,47.63,4.06,-119,3.00,
2026-09-02T18:34:32,2,1.823,45.83,45.4200,27.9,1.836,46.86,4.07,-119,3.25,
2026-09-02T18:34:34,2,1.841,47.31,45.4200,27.9,1.845,47.63,4.04,-119,3.00,
2026-09-02T18:34:35,2,1.825,46.02,45.4250,27.9,1.842,47.38,4.07,-119,3.50,
2026-09-02T18:34:36,2,1.824,45.96,45.4240,27.9,1.845,47.63,4.08,-119,3.00,
2026-09-02T18:34:37,2,1.841,47.25,45.4240,27.9,1.845,47.57,4.05,-119,2.75,
2026-09-02T18:34:38,2,1.826,46.09,45.4170,27.9,1.843,47.44,4.07,-119,3.00,
2026-09-02T18:34:39,2,1.843,47.44,45.4060,27.9,1.845,47.63,4.04,-119,3.50,
2026-09-02T18:34:40,2,1.839,47.12,45.3970,27.9,1.846,47.70,4.05,-119,3.00,
2026-09-02T18:34:41,2,1.824,45.96,45.3960,27.9,1.842,47.38,4.07,-119,3.25,
2026-09-02T18:34:42,2,1.844,47.50,45.3850,27.9,1.844,47.50,4.05,-119,3.00,
2026-09-02T18:34:43,2,1.823,45.83,45.3850,27.9,1.844,47.50,4.07,-119,3.00,
2026-09-02T18:34:45,2,1.840,47.18,45.3850,27.9,1.843,47.44,4.08,-119,3.00,
2026-09-02T18:34:46,2,1.841,47.25,45.3870,27.9,1.851,48.08,4.04,-119,3.50,
2026-09-02T18:34:47,2,1.823,45.83,45.3870,27.9,1.841,47.31,4.07,-119,3.25,
2026-09-02T18:34:48,2,1.844,47.50,45.3970,27.9,1.846,47.70,4.04,-119,3.25,
2026-09-02T18:34:49,2,1.829,46.34,45.3920,27.9,1.845,47.57,4.05,-119,3.00,
2026-09-02T18:34:50,2,1.823,45.83,45.3900,27.9,1.841,47.31,4.07,-119,3.50,
2026-09-02T18:34:51,2,1.841,47.25,45.3910,27.9,1.845,47.57,4.05,-119,3.25,
2026-09-02T18:34:52,2,1.824,45.89,45.3880,27.9,1.846,47.70,4.08,-119,3.50,
2026-09-02T18:34:53,2,1.822,45.76,45.3860,27.9,1.845,47.57,4.07,-119,3.25,
2026-09-02T18:34:54,2,1.837,46.92,45.3890,27.9,1.846,47.70,4.05,-119,3.25,
2026-09-02T18:34:55,2,1.824,45.89,45.3870,27.9,1.845,47.57,4.07,-119,3.25,
2026-09-02T18:34:57,2,1.842,47.38,45.3850,27.9,1.847,47.76,4.04,-119,3.25,
2026-09-02T18:34:58,2,1.837,46.99,45.3920,27.9,1.845,47.63,4.05,-119,3.25,
2026-09-02T18:34:59,2,1.824,45.89,45.3930,27.9,1.841,47.31,4.07,-119,3.50,
2026-09-02T18:35:00,2,1.842,47.38,45.3940,27.9,1.844,47.50,4.04,-119,3.75,
2026-09-02T18:35:02,2,1.825,46.02,45.3990,27.9,1.845,47.63,4.08,-119,3.25,
2026-09-02T18:35:03,2,1.841,47.31,45.4030,27.9,1.845,47.57,4.05,-119,3.00,
2026-09-02T18:35:04,2,1.828,46.28,45.4130,27.9,1.843,47.44,4.07,-119,3.25,
2026-09-02T18:35:05,2,1.843,47.44,45.4080,27.9,1.849,47.96,4.04,-119,3.25,
2026-09-02T18:35:07,2,1.823,45.83,45.4080,27.9,1.850,48.02,4.06,-119,3.25,
2026-09-02T18:35:09,2,1.843,47.44,45.4080,27.9,1.845,47.57,4.04,-119,3.25,
2026-09-02T18:35:10,2,1.837,46.92,45.3960,27.9,1.845,47.63,4.06,-119,3.25,
2026-09-02T18:35:11,2,1.824,45.89,45.3960,27.9,1.843,47.44,4.08,-119,3.75,
2026-09-02T18:35:13,2,1.823,45.83,45.3980,27.9,1.841,47.31,4.07,-119,3.50,
2026-09-02T18:35:14,2,1.827,46.15,45.3900,27.9,1.846,47.70,4.05,-119,3.25,
2026-09-02T18:35:15,2,1.837,46.99,45.3870,27.9,1.845,47.63,4.05,-119,3.00,
2026-09-02T18:35:16,2,1.824,45.89,45.3880,27.9,1.844,47.50,4.07,-118,3.75,
2026-09-02T18:35:17,2,1.841,47.25,45.3800,27.9,1.844,47.50,4.05,-119,3.25,
2026-09-02T18:35:18,2,1.834,46.73,45.3860,27.9,1.844,47.50,4.06,-119,3.50,
2026-09-02T18:35:19,2,1.826,46.09,45.3910,27.9,1.844,47.50,4.07,-119,3.25,
2026-09-02T18:35:21,2,1.838,47.05,45.3850,27.9,1.846,47.70,4.05,-119,3.25,
2026-09-02T18:35:22,2,1.824,45.96,45.3840,27.9,1.841,47.31,4.07,-119,3.50,
2026-09-02T18:35:23,2,1.824,45.96,45.3760,27.9,1.845,47.63,4.06,-119,3.50,
2026-09-02T18:35:24,2,1.841,47.25,45.3660,27.9,1.846,47.70,4.05,-119,3.25,
2026-09-02T18:35:25,2,1.824,45.96,45.3720,27.9,1.841,47.31,4.07,-119,3.75,
2026-09-02T18:35:26,2,1.842,47.38,45.3660,27.9,1.845,47.57,4.04,-119,3.50,
2026-09-02T18:35:27,2,1.839,47.12,45.3620,27.9,1.842,47.38,4.05,-119,3.50,
2026-09-02T18:35:28,2,1.825,46.02,45.3590,27.9,1.843,47.44,4.07,-118,3.25,
2026-09-02T18:35:29,2,1.841,47.25,45.3670,27.9,1.848,47.83,4.05,-119,3.25,
2026-09-02T18:35:30,2,1.824,45.96,45.3710,27.9,1.842,47.38,4.07,-118,3.50,
2026-09-02T18:35:32,2,1.824,45.96,45.3700,27.9,1.842,47.38,4.07,-119,3.50,
2026-09-02T18:35:33,2,1.838,47.05,45.3610,27.9,1.844,47.50,4.05,-119,3.00,
2026-09-02T18:35:34,2,1.822,45.76,45.3670,27.9,1.841,47.31,4.07,-119,3.75,
2026-09-02T18:35:35,2,1.845,47.57,45.3720,27.9,1.845,47.63,4.04,-119,3.00,
2026-09-02T18:35:36,2,1.838,47.05,45.3820,27.9,1.858,48.67,4.04,-119,3.25,
2026-09-02T18:35:37,2,1.826,46.09,45.3670,27.9,1.841,47.31,4.07,-119,3.50,
2026-09-02T18:35:38,2,1.839,47.12,45.3760,27.9,1.843,47.44,4.05,-119,3.25,
2026-09-02T18:35:39,2,1.830,46.41,45.3660,27.9,1.840,47.18,4.07,-119,3.50,
2026-09-02T18:35:40,2,1.823,45.83,45.3630,27.9,1.841,47.25,4.07,-118,3.50,
2026-09-02T18:35:41,2,1.841,47.25,45.3680,27.9,1.844,47.50,4.05,-119,3.25,
2026-09-02T18:35:42,2,1.824,45.89,45.3780,27.9,1.841,47.25,4.07,-119,3.75,
2026-09-02T18:35:44,2,1.845,47.57,45.3840,27.9,1.845,47.63,4.04,-119,3.50,
2026-09-02T18:35:45,2,1.838,47.05,45.3780,27.9,1.845,47.57,4.05,-119,3.25,
2026-09-02T18:35:46,2,1.823,45.83,45.3750,27.9,1.839,47.12,4.07,-119,3.25,
2026-09-02T18:35:47,2,1.840,47.18,45.3630,27.9,1.843,47.44,4.04,-119,3.25,
2026-09-02T18:35:48,2,1.826,46.09,45.3640,27.9,1.845,47.63,4.07,-119,3.25,
2026-09-02T18:35:49,2,1.824,45.96,45.3670,27.9,1.841,47.31,4.08,-119,3.50,
2026-09-02T18:35:50,2,1.843,47.44,45.3670,27.9,1.847,47.76,4.05,-119,3.50,
2026-09-02T18:35:51,2,1.823,45.83,45.3500,27.9,1.841,47.25,4.07,-118,3.25,
2026-09-02T18:35:52,2,1.840,47.18,45.3580,27.9,1.846,47.70,4.05,-119,3.25,
2026-09-02T18:35:53,2,1.839,47.12,45.3580,27.9,1.845,47.63,4.05,-119,3.25,
2026-09-02T18:35:54,2,1.824,45.96,45.3440,27.9,1.844,47.50,4.07,-119,3.25,
2026-09-02T18:35:56,2,1.841,47.25,45.3310,27.9,1.843,47.44,4.05,-119,3.25,
2026-09-02T18:35:57,2,1.837,46.92,45.3400,27.9,1.843,47.44,4.06,-119,3.50,
2026-09-02T18:35:59,2,1.838,47.05,45.3390,27.9,1.845,47.63,4.05,-119,3.50,
2026-09-02T18:36:00,2,1.824,45.89,45.3420,27.9,1.843,47.44,4.07,-119,3.75,
2026-09-02T18:36:01,2,1.830,46.41,45.3430,27.9,1.845,47.57,4.06,-119,3.00,
2026-09-02T18:36:02,2,1.837,46.99,45.3420,27.9,1.845,47.63,4.05,-119,3.50,
2026-09-02T18:36:04,2,1.841,47.25,45.3260,27.9,1.846,47.70,4.04,-119,3.50,
2026-09-02T18:36:05,2,1.838,47.05,45.3310,27.9,1.843,47.44,4.06,-118,3.75,
2026-09-02T18:36:06,2,1.824,45.89,45.3400,27.9,1.841,47.31,4.07,-119,3.75,
2026-09-02T18:36:08,2,1.840,47.18,45.3470,27.9,1.835,46.80,4.04,-119,3.25,
2026-09-02T18:36:10,2,1.823,45.83,45.3430,27.9,1.844,47.50,4.07,-118,4.25,
2026-09-02T18:36:11,2,1.839,47.12,45.3440,27.9,1.845,47.57,4.04,-118,4.00,
2026-09-02T18:36:12,2,1.824,45.96,45.3420,27.9,1.844,47.50,4.07,-118,4.00,
2026-09-02T18:36:13,2,1.842,47.38,45.3350,27.9,1.845,47.57,4.04,-118,4.00,
2026-09-02T18:36:14,2,1.837,46.92,45.3400,27.9,1.841,47.25,4.05,-118,3.75,
2026-09-02T18:36:15,2,1.823,45.83,45.3620,27.9,1.843,47.44,4.07,-118,4.25,
2026-09-02T18:36:16,2,1.839,47.12,45.3470,27.9,1.844,47.50,4.05,-118,3.75,
2026-09-02T18:36:17,2,1.823,45.83,45.3450,27.9,1.845,47.57,4.07,-119,3.25,
2026-09-02T18:36:19,2,1.825,46.02,45.3310,27.9,1.841,47.31,4.07,-119,2.75,
2026-09-02T18:36:20,2,1.838,47.05,45.3280,27.9,1.845,47.63,4.05,-119,3.00,
2026-09-02T18:36:21,2,1.825,46.02,45.3280,27.9,1.842,47.38,4.07,-119,3.25,
2026-09-02T18:36:22,2,1.843,47.44,45.3260,27.9,1.848,47.83,4.04,-119,3.25,
2026-09-02T18:36:23,2,1.837,46.99,45.3210,27.9,1.846,47.70,4.04,-119,4.25,
2026-09-02T18:36:24,2,1.821,45.70,45.3190,27.9,1.842,47.38,4.07,-119,3.50,
2026-09-02T18:36:25,2,1.843,47.44,45.3180,27.9,1.845,47.57,4.04,-119,3.50,
2026-09-02T18:36:26,2,1.822,45.76,45.3090,27.9,1.841,47.25,4.07,-119,3.50,
2026-09-02T18:36:27,2,1.824,45.96,45.3080,27.9,1.842,47.38,4.07,-119,3.25,
2026-09-02T18:36:28,2,1.839,47.12,45.3110,27.9,1.858,48.60,4.05,-119,3.25,
2026-09-02T18:36:29,2,1.822,45.76,45.3100,27.9,1.841,47.25,4.07,-119,3.25,
2026-09-02T18:36:31,2,1.843,47.44,45.3140,27.9,1.846,47.70,4.04,-119,3.00,
2026-09-02T18:36:32,2,1.837,46.99,45.3150,27.9,1.845,47.57,4.04,-119,3.00,
2026-09-02T18:36:33,2,1.823,45.83,45.3110,27.9,1.840,47.18,4.07,-119,3.00,
2026-09-02T18:36:34,2,1.841,47.31,45.3060,27.9,1.844,47.50,4.04,-120,3.00,
2026-09-02T18:36:35,2,1.837,46.99,45.2970,27.9,1.844,47.50,4.07,-119,3.50,
2026-09-02T18:36:36,2,1.824,45.96,45.2950,27.9,1.841,47.25,4.07,-119,3.00,
2026-09-02T18:36:37,2,1.842,47.38,45.3010,27.9,1.848,47.83,4.05,-119,3.75,
2026-09-02T18:36:38,2,1.822,45.76,45.3040,27.9,1.841,47.31,4.07,-119,3.50,
2026-09-02T18:36:39,2,1.824,45.96,45.2990,27.9,1.844,47.50,4.05,-119,3.25,
2026-09-02T18:36:40,2,1.839,47.12,45.3000,27.9,1.847,47.76,4.05,-119,3.25,
2026-09-02T18:36:41,2,1.824,45.96,45.2980,27.9,1.843,47.44,4.07,-119,3.25,
2026-09-02T18:36:43,2,1.842,47.38,45.3080,27.9,1.845,47.57,4.04,-119,3.25,
2026-09-02T18:36:44,2,1.837,46.99,45.3070,27.9,1.841,47.31,4.06,-119,3.50,
2026-09-02T18:36:45,2,1.823,45.83,45.3090,27.9,1.842,47.38,4.07,-119,3.25,
2026-09-02T18:36:46,2,1.837,46.92,45.3190,27.9,1.845,47.57,4.04,-119,3.25,
2026-09-02T18:36:47,2,1.826,46.09,45.3150,27.9,1.842,47.38,4.08,-119,3.25,
2026-09-02T18:36:48,2,1.823,45.83,45.3180,27.9,1.844,47.50,4.06,-119,3.25,
2026-09-02T18:36:49,2,1.839,47.12,45.3180,27.9,1.843,47.44,4.05,-119,3.25,
2026-09-02T18:36:50,2,1.823,45.83,45.3170,27.9,1.841,47.31,4.07,-119,3.00,
2026-09-02T18:36:51,2,1.841,47.31,45.3210,27.9,1.843,47.44,4.04,-119,3.25,
2026-09-02T18:36:52,2,1.837,46.92,45.3230,27.9,1.841,47.31,4.06,-119,3.00,
2026-09-02T18:36:53,2,1.823,45.83,45.3230,27.9,1.842,47.38,4.07,-119,3.50,
2026-09-02T18:36:56,2,1.821,45.70,45.3150,27.9,1.836,46.86,4.07,-119,3.50,
2026-09-02T18:36:57,2,1.826,46.09,45.3240,27.9,1.845,47.57,4.07,-119,3.25,
2026-09-02T18:36:58,2,1.841,47.31,45.3370,27.9,1.845,47.57,4.05,-119,3.25,
2026-09-02T18:36:59,2,1.821,45.70,45.3290,27.9,1.840,47.18,4.07,-119,3.25,
2026-09-02T18:37:01,2,1.839,47.12,45.3320,27.9,1.845,47.57,4.05,-119,3.25,
2026-09-02T18:37:02,2,1.825,46.02,45.3180,27.9,1.841,47.31,4.07,-119,3.25,
2026-09-02T18:37:03,2,1.841,47.25,45.3220,27.9,1.844,47.50,4.04,-119,3.25,
2026-09-02T18:37:04,2,1.824,45.96,45.3200,27.9,1.841,47.31,4.07,-119,2.75,
2026-09-02T18:37:07,2,1.839,47.12,45.3130,27.9,1.844,47.50,4.04,-119,3.00,
2026-09-02T18:37:08,2,1.824,45.96,45.3120,27.9,1.844,47.50,4.06,-119,3.25,
2026-09-02T18:37:09,2,1.843,47.44,45.3110,27.9,1.845,47.63,4.04,-119,3.25,
2026-09-02T18:37:10,2,1.835,46.80,45.3010,27.9,1.845,47.57,4.05,-119,3.00,
2026-09-02T18:37:11,2,1.822,45.76,45.3020,27.9,1.841,47.25,4.07,-119,3.00,
2026-09-02T18:37:12,2,1.839,47.12,45.3040,27.9,1.848,47.83,4.05,-119,3.25,
2026-09-02T18:37:13,2,1.824,45.96,45.3090,27.9,1.851,48.08,4.07,-119,3.00,
2026-09-02T18:37:14,2,1.824,45.89,45.3040,27.9,1.842,47.38,4.07,-119,3.25,
2026-09-02T18:37:15,2,1.840,47.18,45.3010,27.9,1.844,47.50,4.05,-119,3.25,
2026-09-02T18:37:16,2,1.825,46.02,45.2950,27.9,1.841,47.31,4.07,-119,3.25,
2026-09-02T18:37:18,2,1.843,47.44,45.2740,27.9,1.846,47.70,4.04,-119,3.00,
2026-09-02T18:37:19,2,1.837,46.99,45.2850,27.9,1.845,47.57,4.04,-119,3.00,
2026-09-02T18:37:20,2,1.823,45.83,45.2820,27.9,1.840,47.18,4.07,-119,3.50,
2026-09-02T18:37:21,2,1.840,47.18,45.2800,27.9,1.845,47.63,4.04,-119,3.25,
2026-09-02T18:37:22,2,1.833,46.60,45.2840,27.9,1.841,47.25,4.07,-119,4.00,
2026-09-02T18:37:23,2,1.824,45.96,45.2840,27.9,1.841,47.31,4.07,-119,3.50,
2026-09-02T18:37:24,2,1.839,47.12,45.2860,27.9,1.844,47.50,4.05,-119,3.50,
2026-09-02T18:37:25,2,1.823,45.83,45.2880,27.9,1.841,47.31,4.07,-119,2.75,
2026-09-02T18:37:26,2,1.844,47.50,45.2880,27.9,1.845,47.57,4.04,-119,3.50,
2026-09-02T18:37:27,2,1.839,47.12,45.2840,27.9,1.839,47.12,4.05,-119,3.25,
2026-09-02T18:37:28,2,1.822,45.76,45.2850,27.9,1.842,47.38,4.08,-119,3.50,
2026-09-02T18:37:30,2,1.838,47.05,45.2990,27.9,1.846,47.70,4.04,-118,3.25,
2026-09-02T18:37:31,2,1.824,45.96,45.2940,27.9,1.844,47.50,4.07,-120,3.25,
2026-09-02T18:37:32,2,1.824,45.96,45.2910,27.9,1.842,47.38,4.07,-119,3.25,
2026-09-02T18:37:33,2,1.839,47.12,45.2900,27.9,1.845,47.57,4.04,-119,3.00,
2026-09-02T18:37:34,2,1.824,45.89,45.2820,27.9,1.841,47.31,4.08,-119,3.50,
2026-09-02T18:37:35,2,1.825,46.02,45.2840,27.9,1.845,47.63,4.05,-119,4.50,
2026-09-02T18:37:36,2,1.838,47.05,45.2880,27.9,1.844,47.50,4.05,-118,4.00,
2026-09-02T18:37:37,2,1.821,45.70,45.2860,27.9,1.843,47.44,4.07,-118,4.00,
2026-09-02T18:37:38,2,1.841,47.31,45.2800,27.9,1.846,47.70,4.04,-119,3.25,
2026-09-02T18:37:39,2,1.833,46.60,45.2830,27.9,1.843,47.44,4.05,-119,3.75,
2026-09-02T18:37:40,2,1.823,45.83,45.2770,27.9,1.841,47.25,4.07,-118,3.50,
2026-09-02T18:37:42,2,1.837,46.99,45.2810,27.9,1.845,47.63,4.05,-118,3.50,
2026-09-02T18:37:43,2,1.822,45.76,45.2760,27.9,1.844,47.50,4.07,-118,3.50,
2026-09-02T18:37:44,2,1.821,45.70,45.2830,27.9,1.842,47.38,4.07,-118,4.00,
2026-09-02T18:37:45,2,1.839,47.12,45.2790,27.9,1.846,47.70,4.05,-118,3.75,
2026-09-02T18:37:46,2,1.809,44.73,45.2810,27.9,1.840,47.18,4.08,-118,3.50,
2026-09-02T18:37:47,2,1.841,47.31,45.2790,27.9,1.846,47.70,4.04,-118,4.00,
2026-09-02T18:37:48,2,1.834,46.73,45.2710,27.9,1.845,47.57,4.05,-118,4.00,
2026-09-02T18:37:49,2,1.819,45.51,45.2650,27.9,1.840,47.18,4.08,-118,4.00,
2026-09-02T18:37:50,2,1.838,47.05,45.2620,27.9,1.843,47.44,4.04,-118,4.00,
2026-09-02T18:37:53,2,1.824,45.89,45.2570,27.9,1.845,47.57,4.07,-118,3.25,
2026-09-02T18:37:54,2,1.831,46.47,45.2580,27.9,1.845,47.63,4.05,-119,3.50,
2026-09-02T18:37:55,2,1.821,45.70,45.2560,27.9,1.841,47.25,4.07,-118,3.75,
2026-09-02T18:37:56,2,1.841,47.31,45.2650,27.9,1.845,47.63,4.04,-118,3.75,
2026-09-02T18:37:58,2,1.822,45.76,45.2620,27.9,1.843,47.44,4.07,-119,3.50,
2026-09-02T18:37:59,2,1.841,47.25,45.2650,27.9,1.846,47.70,4.05,-119,3.50,
2026-09-02T18:38:00,2,1.837,46.99,45.2690,27.9,1.842,47.38,4.07,-119,3.25,
2026-09-02T18:38:01,2,1.822,45.76,45.2730,27.9,1.842,47.38,4.07,-119,3.25,
2026-09-02T18:38:03,2,1.824,45.89,45.2800,27.9,1.841,47.25,4.07,-119,3.25,
2026-09-02T18:38:05,2,1.843,47.44,45.2790,27.9,1.845,47.63,4.03,-119,3.50,
2026-09-02T18:38:06,2,1.837,46.99,45.2840,27.9,1.845,47.57,4.05,-119,3.25,
2026-09-02T18:38:07,2,1.823,45.83,45.2730,27.9,1.842,47.38,4.07,-119,3.50,
2026-09-02T18:38:09,2,1.822,45.76,45.2780,27.9,1.843,47.44,4.07,-118,3.50,
2026-09-02T18:38:10,2,1.824,45.89,45.2780,27.9,1.844,47.50,4.08,-119,3.50,
2026-09-02T18:38:11,2,1.838,47.05,45.2840,27.9,1.845,47.57,4.04,-119,4.50,
2026-09-02T18:38:12,2,1.822,45.76,45.2890,27.9,1.841,47.25,4.07,-118,3.75,
2026-09-02T18:38:13,2,1.841,47.31,45.2910,27.9,1.845,47.57,4.03,-119,3.75,
2026-09-02T18:38:14,2,1.840,47.18,45.2890,27.9,1.845,47.57,4.05,-118,4.25,
2026-09-02T18:38:15,2,1.823,45.83,45.2750,27.9,1.843,47.44,4.07,-118,4.00,
2026-09-02T18:38:17,2,1.841,47.25,45.2710,27.9,1.845,47.57,4.04,-118,3.75,
2026-09-02T18:38:18,2,1.822,45.76,45.2660,27.9,1.842,47.38,4.07,-118,3.75,
2026-09-02T18:38:19,2,1.816,45.31,45.2710,27.9,1.843,47.44,4.07,-118,4.00,
2026-09-02T18:38:20,2,1.837,46.92,45.2620,27.9,1.840,47.18,4.04,-119,3.75,
2026-09-02T18:38:21,2,1.821,45.70,45.2570,27.9,1.842,47.38,4.07,-118,3.75,
2026-09-02T18:38:22,2,1.838,47.05,45.2440,27.9,1.844,47.50,4.06,-119,3.75,
2026-09-02T18:38:23,2,1.838,47.05,45.2440,27.9,1.845,47.63,4.05,-119,3.50,
2026-09-02T18:38:24,2,1.823,45.83,45.2320,27.9,1.853,48.21,4.07,-119,3.75,
2026-09-02T18:38:25,2,1.840,47.18,45.2150,27.9,1.846,47.70,4.04,-119,3.50,
2026-09-02T18:38:26,2,1.826,46.09,45.2310,27.9,1.844,47.50,4.05,-119,3.50,
2026-09-02T18:38:27,2,1.824,45.89,45.2240,27.9,1.842,47.38,4.07,-118,4.00,
2026-09-02T18:38:29,2,1.837,46.92,45.2300,27.9,1.845,47.63,4.05,-118,4.00,
2026-09-02T18:38:30,2,1.823,45.83,45.2370,27.9,1.840,47.18,4.07,-118,3.75,
2026-09-02T18:38:31,2,1.823,45.83,45.2310,27.9,1.841,47.25,4.07,-118,4.00,
2026-09-02T18:38:32,2,1.840,47.18,45.2300,27.9,1.845,47.57,4.04,-118,4.00,
2026-09-02T18:38:33,2,1.823,45.83,45.2250,27.9,1.841,47.31,4.07,-118,4.25,
2026-09-02T18:38:34,2,1.840,47.18,45.2160,27.9,1.845,47.57,4.04,-118,3.75,
2026-09-02T18:38:35,2,1.837,46.99,45.2200,27.9,1.846,47.70,4.05,-118,3.75,
2026-09-02T18:38:36,2,1.820,45.64,45.2190,27.9,1.842,47.38,4.07,-118,3.50,
2026-09-02T18:38:37,2,1.840,47.18,45.2290,27.9,1.843,47.44,4.05,-119,3.75,
2026-09-02T18:38:38,2,1.822,45.76,45.2130,27.9,1.841,47.31,4.07,-119,3.50,
2026-09-02T18:38:39,2,1.821,45.70,45.2230,27.9,1.837,46.99,4.06,-118,4.50,
2026-09-02T18:38:41,2,1.836,46.86,45.2250,27.9,1.845,47.63,4.04,-118,4.25,
2026-09-02T18:38:42,2,1.820,45.64,45.2360,27.9,1.841,47.25,4.07,-118,4.25,
2026-09-02T18:38:43,2,1.839,47.12,45.2330,27.9,1.846,47.70,4.03,-118,3.75,
2026-09-02T18:38:44,2,1.837,46.99,45.2330,27.9,1.846,47.70,4.04,-118,4.25,
2026-09-02T18:38:45,2,1.823,45.83,45.2290,27.9,1.843,47.44,4.07,-118,4.25,
2026-09-02T18:38:46,2,1.837,46.99,45.2320,27.9,1.845,47.63,4.04,-118,4.00,
2026-09-02T18:38:47,2,1.824,45.89,45.2170,27.9,1.840,47.18,4.07,-118,4.25,
2026-09-02T18:38:49,2,1.840,47.18,45.1950,27.9,1.845,47.57,4.05,-118,3.75,
2026-09-02T18:38:50,2,1.820,45.64,45.1910,27.9,1.838,47.05,4.07,-119,4.00,
2026-09-02T18:38:52,2,1.837,46.99,45.1950,27.9,1.843,47.44,4.06,-118,3.75,
2026-09-02T18:38:53,2,1.837,46.92,45.1890,27.9,1.845,47.57,4.04,-118,4.00,
2026-09-02T18:38:55,2,1.838,47.05,45.1900,27.9,1.845,47.57,4.04,-118,4.00,
2026-09-02T18:38:56,2,1.824,45.89,45.1860,27.9,1.855,48.41,4.06,-118,3.50,
2026-09-02T18:38:57,2,1.820,45.64,45.1910,27.9,1.841,47.25,4.07,-118,4.00,
2026-09-02T18:38:58,2,1.839,47.12,45.1930,27.9,1.843,47.44,4.04,-118,3.75,
2026-09-02T18:39:01,2,1.826,46.09,45.1760,27.9,1.843,47.44,4.05,-119,3.75,
2026-09-02T18:39:02,2,1.821,45.70,45.1730,27.9,1.845,47.63,4.07,-118,3.75,
2026-09-02T18:39:04,2,1.841,47.31,45.1850,27.9,1.845,47.57,4.04,-118,4.00,
2026-09-02T18:39:06,2,1.824,45.96,45.1960,27.9,1.848,47.83,4.07,-118,3.50,
2026-09-02T18:39:07,2,1.837,46.99,45.2070,27.9,1.842,47.38,4.04,-119,3.25,
2026-09-02T18:39:08,2,1.820,45.57,45.2120,27.9,1.841,47.31,4.07,-118,3.50,
2026-09-02T18:39:09,2,1.840,47.18,45.2210,27.9,1.840,47.18,4.05,-118,3.50,
2026-09-02T18:39:10,2,1.837,46.99,45.2260,27.9,1.845,47.63,4.04,-119,3.50,
2026-09-02T18:39:11,2,1.820,45.64,45.2320,27.9,1.843,47.44,4.07,-118,4.50,
2026-09-02T18:39:12,2,1.840,47.18,45.2430,27.9,1.849,47.96,4.04,-118,4.00,
2026-09-02T18:39:13,2,1.823,45.83,45.2510,27.9,1.842,47.38,4.06,-118,4.50,
2026-09-02T18:39:14,2,1.822,45.76,45.2380,27.9,1.838,47.05,4.07,-118,4.50,
2026-09-02T18:39:16,2,1.838,47.05,45.2470,27.9,1.844,47.50,4.05,-118,4.00,
2026-09-02T18:39:17,2,1.822,45.76,45.2420,27.9,1.842,47.38,4.07,-118,4.25,
2026-09-02T18:39:18,2,1.837,46.99,45.2390,27.9,1.839,47.12,4.06,-118,3.75,
2026-09-02T18:39:19,2,1.837,46.99,45.2510,27.9,1.842,47.38,4.04,-118,3.75,
2026-09-02T18:39:20,2,1.821,45.70,45.2550,27.9,1.840,47.18,4.07,-118,4.00,
2026-09-02T18:39:21,2,1.838,47.05,45.2530,27.9,1.845,47.57,4.04,-118,4.00,
2026-09-02T18:39:22,2,1.824,45.96,45.2390,27.9,1.842,47.38,4.04,-118,4.00,
2026-09-02T18:39:23,2,1.821,45.70,45.2300,27.9,1.839,47.12,4.07,-118,4.25,
2026-09-02T18:39:24,2,1.837,46.92,45.2310,27.9,1.842,47.38,4.04,-118,4.25,
2026-09-02T18:39:25,2,1.820,45.57,45.2220,27.9,1.840,47.18,4.07,-118,4.00,
2026-09-02T18:39:26,2,1.824,45.96,45.2120,27.9,1.845,47.63,4.07,-118,4.25,
2026-09-02T18:39:28,2,1.837,46.99,45.2110,27.9,1.842,47.38,4.04,-118,4.00,
2026-09-02T18:39:29,2,1.821,45.70,45.2100,27.9,1.838,47.05,4.06,-117,5.25,
2026-09-02T18:39:30,2,1.838,47.05,45.2020,27.9,1.843,47.44,4.05,-119,3.25,
2026-09-02T18:39:31,2,1.834,46.73,45.1990,27.9,1.844,47.50,4.04,-119,3.00,
2026-09-02T18:39:32,2,1.821,45.70,45.1940,27.9,1.841,47.31,4.07,-118,4.50,
2026-09-02T18:39:33,2,1.837,46.99,45.1950,27.9,1.841,47.31,4.03,-118,3.75,
2026-09-02T18:39:34,2,1.821,45.70,45.2130,27.9,1.844,47.50,4.06,-118,4.25,
2026-09-02T18:39:35,2,1.824,45.89,45.2100,27.9,1.837,46.99,4.07,-118,4.00,
2026-09-02T18:39:36,2,1.837,46.99,45.2090,27.9,1.845,47.57,4.05,-118,3.75,
2026-09-02T18:39:37,2,1.821,45.70,45.2000,27.9,1.841,47.25,4.07,-118,4.00,
2026-09-02T18:39:39,2,1.840,47.18,45.1950,27.9,1.843,47.44,4.06,-118,4.25,
2026-09-02T18:39:40,2,1.836,46.86,45.2000,27.9,1.845,47.63,4.04,-118,4.25,
2026-09-02T18:39:41,2,1.822,45.76,45.2010,27.9,1.841,47.25,4.07,-118,4.00,
2026-09-02T18:39:42,2,1.837,46.99,45.1990,27.9,1.844,47.50,4.04,-119,4.00,
2026-09-02T18:39:43,2,1.831,46.47,45.2140,27.9,1.833,46.60,4.06,-118,3.75,
2026-09-02T18:39:44,2,1.823,45.83,45.2160,27.9,1.841,47.31,4.07,-118,3.75,
2026-09-02T18:39:46,2,1.820,45.64,45.2210,27.9,1.842,47.38,4.07,-118,4.00,
2026-09-02T18:39:47,2,1.840,47.18,45.2200,27.9,1.844,47.50,4.06,-119,3.75,
2026-09-02T18:39:48,2,1.837,46.92,45.2140,27.9,1.845,47.57,4.04,-119,4.00,
2026-09-02T18:39:49,2,1.822,45.76,45.2160,27.9,1.840,47.18,4.07,-118,3.75,
2026-09-02T18:39:52,2,1.823,45.83,45.2130,27.9,1.843,47.44,4.06,-118,4.00,
2026-09-02T18:39:53,2,1.821,45.70,45.1990,27.9,1.841,47.25,4.07,-118,3.50,
2026-09-02T18:39:54,2,1.841,47.31,45.1870,27.9,1.845,47.57,4.04,-118,4.00,
2026-09-02T18:39:55,2,1.821,45.70,45.1830,27.9,1.841,47.25,4.07,-118,4.00,
2026-09-02T18:39:57,2,1.837,46.99,45.1710,27.9,1.854,48.34,4.05,-118,3.75,
2026-09-02T18:39:58,2,1.816,45.31,45.1740,27.9,1.843,47.44,4.07,-118,4.00,
2026-09-02T18:39:59,2,1.838,47.05,45.1750,27.9,1.845,47.63,4.04,-118,4.00,
2026-09-02T18:40:00,2,1.823,45.83,45.1690,27.9,1.842,47.38,4.06,-119,3.75,
2026-09-02T18:40:03,2,1.836,46.86,45.1700,27.9,1.845,47.57,4.04,-119,3.50,
2026-09-02T18:40:04,2,1.822,45.76,45.1670,27.9,1.841,47.25,4.06,-118,3.75,
2026-09-02T18:40:05,2,1.841,47.31,45.1690,27.9,1.842,47.38,4.05,-118,3.75,
2026-09-02T18:40:06,2,1.838,47.05,45.1750,27.9,1.842,47.38,4.04,-118,4.00,
2026-09-02T18:40:07,2,1.820,45.64,45.1700,27.9,1.841,47.25,4.07,-118,4.25,
2026-09-02T18:40:08,2,1.837,46.92,45.1620,27.9,1.841,47.25,4.06,-118,4.25,
2026-09-02T18:40:09,2,1.823,45.83,45.1620,27.9,1.844,47.50,4.06,-118,4.00,
2026-09-02T18:40:10,2,1.824,45.96,45.1630,27.9,1.841,47.25,4.07,-118,4.00,
2026-09-02T18:40:11,2,1.837,46.99,45.1580,27.9,1.850,48.02,4.04,-118,4.25,
2026-09-02T18:40:12,2,1.820,45.64,45.1630,27.9,1.841,47.25,4.06,-118,3.75,
2026-09-02T18:40:13,2,1.839,47.12,45.1760,27.9,1.843,47.44,4.05,-118,4.00,
2026-09-02T18:40:15,2,1.837,46.92,45.1730,27.9,1.843,47.44,4.04,-118,3.25,
2026-09-02T18:40:16,2,1.820,45.64,45.1800,27.9,1.841,47.31,4.07,-119,3.75,
2026-09-02T18:40:17,2,1.837,46.92,45.1860,27.9,1.842,47.38,4.06,-118,4.00,
2026-09-02T18:40:18,2,1.820,45.64,45.1910,27.9,1.844,47.50,4.06,-118,4.00,
2026-09-02T18:40:19,2,1.822,45.76,45.1950,27.9,1.839,47.12,4.07,-118,4.25,
2026-09-02T18:40:20,2,1.837,46.99,45.1910,27.9,1.845,47.63,4.04,-118,4.25,
2026-09-02T18:40:21,2,1.823,45.83,45.1830,27.9,1.842,47.38,4.06,-118,4.25,
2026-09-02T18:40:22,2,1.836,46.86,45.1770,27.9,1.842,47.38,4.05,-118,4.50,
2026-09-02T18:40:23,2,1.834,46.73,45.1800,27.9,1.844,47.50,4.04,-118,4.00,
2026-09-02T18:40:24,2,1.820,45.57,45.1760,27.9,1.841,47.25,4.07,-118,4.00,
2026-09-02T18:40:26,2,1.837,46.92,45.1760,27.9,1.841,47.31,4.06,-118,3.75,
2026-09-02T18:40:27,2,1.824,45.96,45.1810,27.9,1.842,47.38,4.06,-119,3.75,
2026-09-02T18:40:28,2,1.821,45.70,45.1930,27.9,1.841,47.25,4.07,-118,4.00,
2026-09-02T18:40:29,2,1.825,46.02,45.1860,27.9,1.844,47.50,4.04,-118,4.00,
2026-09-02T18:40:30,2,1.822,45.76,45.1860,27.9,1.843,47.44,4.06,-119,3.50,
2026-09-02T18:40:31,2,1.822,45.76,45.1910,27.9,1.840,47.18,4.07,-118,4.25,
2026-09-02T18:40:32,2,1.840,47.18,45.1960,27.9,1.843,47.44,4.04,-118,3.75,
2026-09-02T18:40:33,2,1.820,45.57,45.1990,27.9,1.841,47.25,4.07,-118,3.75,
2026-09-02T18:40:34,2,1.837,46.99,45.2010,27.9,1.842,47.38,4.05,-118,4.00,
2026-09-02T18:40:35,2,1.836,46.86,45.1970,27.9,1.841,47.31,4.05,-118,3.75,
2026-09-02T18:40:36,2,1.824,45.89,45.1980,27.9,1.840,47.18,4.07,-118,4.00,
2026-09-02T18:40:38,2,1.838,47.05,45.1960,27.9,1.845,47.57,4.04,-118,4.00,
2026-09-02T18:40:39,2,1.821,45.70,45.1960,27.9,1.843,47.44,4.06,-118,4.25,
2026-09-02T18:40:40,2,1.820,45.64,45.1940,27.9,1.841,47.25,4.07,-118,4.75,
2026-09-02T18:40:41,2,1.839,47.12,45.2030,27.9,1.845,47.57,4.04,-118,4.00,
2026-09-02T18:40:42,2,1.828,46.22,45.2130,27.9,1.843,47.44,4.06,-119,3.50,
2026-09-02T18:40:43,2,1.839,47.12,45.2060,27.9,1.841,47.31,4.05,-119,3.50,
2026-09-02T18:40:44,2,1.837,46.99,45.2060,27.9,1.843,47.44,4.04,-119,3.50,
2026-09-02T18:40:45,2,1.822,45.76,45.2010,27.9,1.842,47.38,4.07,-118,3.25,
2026-09-02T18:40:46,2,1.834,46.73,45.2010,27.9,1.841,47.31,4.06,-118,3.75,
2026-09-02T18:40:48,2,1.820,45.64,45.1870,27.9,1.846,47.70,4.07,-119,3.75,
2026-09-02T18:40:50,2,1.838,47.05,45.1850,27.9,1.844,47.50,4.05,-118,3.75,
2026-09-02T18:40:51,2,1.820,45.57,45.1750,27.9,1.843,47.44,4.06,-118,3.75,
2026-09-02T18:40:52,2,1.838,47.05,45.1720,27.9,1.845,47.57,4.05,-119,3.00,
2026-09-02T18:40:54,2,1.821,45.70,45.1560,27.9,1.840,47.18,4.07,-119,3.75,
2026-09-02T18:40:55,2,1.836,46.86,45.1530,27.9,1.843,47.44,4.05,-119,3.50,
2026-09-02T18:40:56,2,1.822,45.76,45.1520,27.9,1.841,47.25,4.06,-119,3.25,
2026-09-02T18:40:57,2,1.820,45.64,45.1490,27.9,1.837,46.99,4.07,-119,3.25,
2026-09-02T18:40:59,2,1.820,45.57,45.1530,27.9,1.842,47.38,4.04,-119,3.25,
2026-09-02T18:41:00,2,1.842,47.38,45.1460,27.9,1.841,47.31,4.05,-119,3.75,
2026-09-02T18:41:02,2,1.835,46.80,45.1470,27.9,1.844,47.50,4.04,-119,3.25,
2026-09-02T18:41:03,2,1.821,45.70,45.1520,27.9,1.831,46.47,4.07,-118,3.50,
2026-09-02T18:41:04,2,1.836,46.86,45.1530,27.9,1.844,47.50,4.06,-119,3.00,
2026-09-02T18:41:05,2,1.822,45.76,45.1480,27.9,1.843,47.44,4.06,-118,3.25,
2026-09-02T18:41:06,2,1.824,45.89,45.1460,27.9,1.839,47.12,4.07,-119,3.50,
2026-09-02T18:41:07,2,1.838,47.05,45.1420,27.9,1.844,47.50,4.04,-119,3.50,
2026-09-02T18:41:08,2,1.823,45.83,45.1520,27.9,1.856,48.47,4.06,-119,3.50,
2026-09-02T18:41:09,2,1.837,46.99,45.1570,27.9,1.845,47.63,4.06,-119,3.50,
2026-09-02T18:41:10,2,1.837,46.92,45.1670,27.9,1.844,47.50,4.04,-119,3.25,
2026-09-02T18:41:11,2,1.822,45.76,45.1600,27.9,1.839,47.12,4.07,-119,4.00,
2026-09-02T18:41:13,2,1.837,46.99,45.1620,27.9,1.841,47.25,4.06,-119,3.50,
2026-09-02T18:41:14,2,1.836,46.86,45.1690,27.9,1.845,47.63,4.04,-118,4.25,
2026-09-02T18:41:15,2,1.821,45.70,45.1740,27.9,1.841,47.25,4.07,-119,4.25,
2026-09-02T18:41:16,2,1.837,46.92,45.1780,27.9,1.843,47.44,4.06,-118,4.00,
2026-09-02T18:41:17,2,1.822,45.76,45.1830,27.9,1.843,47.44,4.06,-118,3.25,
2026-09-02T18:41:18,2,1.818,45.44,45.1770,27.9,1.842,47.38,4.07,-118,3.75,
2026-09-02T18:41:19,2,1.836,46.86,45.1820,27.9,1.844,47.50,4.05,-118,3.50,
2026-09-02T18:41:20,2,1.820,45.57,45.1720,27.9,1.844,47.50,4.06,-118,3.75,
2026-09-02T18:41:21,2,1.838,47.05,45.1620,27.9,1.842,47.38,4.05,-119,3.50,
2026-09-02T18:41:22,2,1.837,46.92,45.1520,27.9,1.845,47.57,4.04,-118,4.00,
2026-09-02T18:41:23,2,1.823,45.83,45.1460,27.9,1.841,47.25,4.07,-119,3.25,
2026-09-02T18:41:25,2,1.835,46.80,45.1510,27.9,1.841,47.25,4.06,-119,3.75,
2026-09-02T18:41:26,2,1.822,45.76,45.1510,27.9,1.844,47.50,4.06,-119,3.25,
2026-09-02T18:41:27,2,1.822,45.76,45.1440,27.9,1.844,47.50,4.07,-119,3.00,
2026-09-02T18:41:28,2,1.835,46.80,45.1480,27.9,1.842,47.38,4.04,-120,3.50,
2026-09-02T18:41:29,2,1.821,45.70,45.1420,27.9,1.841,47.31,4.06,-119,3.25,
2026-09-02T18:41:30,2,1.837,46.99,45.1430,27.9,1.841,47.31,4.05,-119,3.50,
2026-09-02T18:41:31,2,1.838,47.05,45.1410,27.9,1.841,47.31,4.04,-119,3.50,
2026-09-02T18:41:32,2,1.821,45.70,45.1340,27.9,1.841,47.31,4.07,-119,3.50,
2026-09-02T18:41:33,2,1.836,46.86,45.1360,27.9,1.841,47.25,4.05,-119,3.75,
2026-09-02T18:41:34,2,1.823,45.83,45.1320,27.9,1.844,47.50,4.06,-118,4.50,
2026-09-02T18:41:35,2,1.821,45.70,45.1230,27.9,1.841,47.25,4.07,-118,4.00,
2026-09-02T18:41:37,2,1.833,46.67,45.1260,27.9,1.842,47.38,4.04,-118,3.50,
2026-09-02T18:41:38,2,1.823,45.83,45.1270,27.9,1.842,47.38,4.06,-119,3.75,
2026-09-02T18:41:39,2,1.839,47.12,45.1280,27.9,1.844,47.50,4.05,-118,3.75,
2026-09-02T18:41:40,2,1.834,46.73,45.1360,27.9,1.843,47.44,4.04,-118,3.75,
2026-09-02T18:41:41,2,1.822,45.76,45.1340,27.9,1.839,47.12,4.07,-118,4.00,
2026-09-02T18:41:42,2,1.836,46.86,45.1470,27.9,1.845,47.57,4.06,-118,4.00,
2026-09-02T18:41:43,2,1.823,45.83,45.1520,27.9,1.843,47.44,4.06,-118,3.75,
2026-09-02T18:41:45,2,1.837,46.92,45.1460,27.9,1.845,47.63,4.04,-118,4.00,
2026-09-02T18:41:46,2,1.821,45.70,45.1450,27.9,1.841,47.25,4.06,-118,3.50,
2026-09-02T18:41:47,2,1.840,47.18,45.1350,27.9,1.844,47.50,4.05,-118,4.25,
2026-09-02T18:41:49,2,1.835,46.80,45.1370,27.9,1.844,47.50,4.04,-118,3.75,
2026-09-02T18:41:51,2,1.839,47.12,45.1460,27.9,1.855,48.41,4.06,-118,4.25,
2026-09-02T18:41:52,2,1.822,45.76,45.1520,27.9,1.837,46.92,4.06,-118,3.50,
2026-09-02T18:41:53,2,1.820,45.64,45.1600,27.9,1.840,47.18,4.07,-118,3.50,
2026-09-02T18:41:54,2,1.836,46.86,45.1610,27.9,1.841,47.25,4.05,-119,3.50,
2026-09-02T18:41:56,2,1.841,47.25,45.1620,27.9,1.842,47.38,4.05,-119,3.25,
2026-09-02T18:41:57,2,1.836,46.86,45.1590,27.9,1.844,47.50,4.04,-119,3.50,
2026-09-02T18:41:58,2,1.822,45.76,45.1590,27.9,1.842,47.38,4.06,-118,3.50,
2026-09-02T18:42:00,2,1.836,46.86,45.1660,27.9,1.841,47.25,4.05,-119,3.00,
2026-09-02T18:42:01,2,1.820,45.64,45.1610,27.9,1.842,47.38,4.06,-119,3.25,
2026-09-02T18:42:02,2,1.821,45.70,45.1600,27.9,1.841,47.31,4.07,-118,3.75,
2026-09-02T18:42:03,2,1.834,46.73,45.1640,27.9,1.841,47.25,4.05,-118,4.25,
2026-09-02T18:42:04,2,1.824,45.89,45.1650,27.9,1.842,47.38,4.06,-118,4.00,
2026-09-02T18:42:05,2,1.823,45.83,45.1630,27.9,1.841,47.31,4.07,-119,3.50,
2026-09-02T18:42:06,2,1.840,47.18,45.1590,27.9,1.843,47.44,4.03,-119,3.00,
2026-09-02T18:42:07,2,1.823,45.83,45.1630,27.9,1.843,47.44,4.05,-118,3.50,
2026-09-02T18:42:08,2,1.837,46.92,45.1620,27.9,1.843,47.44,4.05,-118,4.00,
2026-09-02T18:42:09,2,1.834,46.73,45.1630,27.9,1.844,47.50,4.04,-118,3.75,
2026-09-02T18:42:10,2,1.821,45.70,45.1610,27.9,1.839,47.12,4.07,-118,3.75,
2026-09-02T18:42:12,2,1.834,46.73,45.1570,27.9,1.841,47.31,4.06,-118,4.00,
2026-09-02T18:42:13,2,1.821,45.70,45.1530,27.9,1.842,47.38,4.05,-118,3.75,
2026-09-02T18:42:14,2,1.824,45.89,45.1560,27.9,1.840,47.18,4.07,-118,4.00,
2026-09-02T18:42:15,2,1.835,46.80,45.1610,27.9,1.841,47.31,4.04,-118,3.75,
2026-09-02T18:42:16,2,1.822,45.76,45.1570,27.9,1.844,47.50,4.06,-119,3.50,
2026-09-02T18:42:17,2,1.836,46.86,45.1590,27.9,1.843,47.44,4.05,-119,3.50,
2026-09-02T18:42:18,2,1.836,46.86,45.1640,27.9,1.843,47.44,4.04,-119,4.00,
2026-09-02T18:42:19,2,1.825,46.02,45.1550,27.9,1.841,47.25,4.07,-118,3.75,
2026-09-02T18:42:20,2,1.837,46.99,45.1670,27.9,1.842,47.38,4.06,-118,4.75,
2026-09-02T18:42:21,2,1.822,45.76,45.1740,27.9,1.839,47.12,4.06,-118,4.25,
2026-09-02T18:42:22,2,1.820,45.57,45.1670,27.9,1.843,47.44,4.07,-117,4.00,
2026-09-02T18:42:24,2,1.835,46.80,45.1620,27.9,1.842,47.38,4.06,-118,4.50,
2026-09-02T18:42:25,2,1.823,45.83,45.1640,27.9,1.841,47.31,4.05,-118,4.50,
2026-09-02T18:42:26,2,1.839,47.12,45.1690,27.9,1.843,47.44,4.05,-118,4.00,
2026-09-02T18:42:27,2,1.837,46.92,45.1750,27.9,1.843,47.44,4.04,-118,4.25,
2026-09-02T18:42:28,2,1.822,45.76,45.1780,27.9,1.844,47.50,4.06,-118,4.75,
2026-09-02T18:42:29,2,1.835,46.80,45.1740,27.9,1.841,47.25,4.06,-118,4.50,
2026-09-02T18:42:30,2,1.822,45.76,45.1580,27.9,1.841,47.25,4.05,-118,4.00,
2026-09-02T18:42:31,2,1.822,45.76,45.1600,27.9,1.845,47.57,4.07,-118,4.25,
2026-09-02T18:42:32,2,1.835,46.80,45.1540,27.9,1.844,47.50,4.05,-118,4.50,
2026-09-02T18:42:33,2,1.823,45.83,45.1560,27.9,1.842,47.38,4.06,-118,4.50,
2026-09-02T18:42:34,2,1.838,47.05,45.1450,27.9,1.844,47.50,4.06,-118,4.50,
2026-09-02T18:42:36,2,1.834,46.73,45.1450,27.9,1.842,47.38,4.04,-118,4.25,
2026-09-02T18:42:37,2,1.822,45.76,45.1410,27.9,1.841,47.31,4.06,-118,4.00,
2026-09-02T18:42:38,2,1.835,46.80,45.1350,27.9,1.840,47.18,4.06,-118,4.25,
2026-09-02T18:42:39,2,1.823,45.83,45.1410,27.9,1.841,47.31,4.06,-119,3.75,
2026-09-02T18:42:40,2,1.817,45.38,45.1420,27.9,1.843,47.44,4.07,-118,4.00,
2026-09-02T18:42:42,2,1.822,45.76,45.1060,27.9,1.846,47.70,4.06,-118,3.75,
2026-09-02T18:42:43,2,1.840,47.18,45.1200,27.9,1.844,47.50,4.05,-118,4.25,
2026-09-02T18:42:44,2,1.832,46.54,45.1230,27.9,1.844,47.50,4.04,-118,3.75,
2026-09-02T18:42:45,2,1.821,45.70,45.1130,27.9,1.843,47.44,4.06,-118,4.25,
2026-09-02T18:42:48,2,1.818,45.44,45.1090,27.9,1.842,47.38,4.05,-118,4.00,
2026-09-02T18:42:49,2,1.820,45.64,45.1220,27.9,1.841,47.31,4.07,-118,4.25,
2026-09-02T18:42:50,2,1.837,46.99,45.1230,27.9,1.845,47.57,4.05,-118,4.00,
2026-09-02T18:42:51,2,1.821,45.70,45.1270,27.9,1.843,47.44,4.06,-119,3.75,
2026-09-02T18:42:53,2,1.837,46.99,45.1360,27.9,1.843,47.44,4.03,-118,4.00,
2026-09-02T18:42:54,2,1.822,45.76,45.1230,27.9,1.843,47.44,4.06,-118,4.00,
2026-09-02T18:42:55,2,1.838,47.05,45.1210,27.9,1.844,47.50,4.06,-118,3.75,
2026-09-02T18:42:56,2,1.834,46.73,45.1230,27.9,1.843,47.44,4.04,-118,4.00,
2026-09-02T18:42:57,2,1.820,45.57,45.1190,27.9,1.854,48.34,4.06,-118,4.25,
2026-09-02T18:42:59,2,1.836,46.86,45.1170,27.9,1.841,47.31,4.05,-118,3.75,
2026-09-02T18:43:00,2,1.823,45.83,45.1160,27.9,1.842,47.38,4.06,-118,3.75,
2026-09-02T18:43:01,2,1.820,45.64,45.1310,27.9,1.841,47.31,4.07,-118,4.25,
2026-09-02T18:43:02,2,1.836,46.86,45.1380,27.9,1.840,47.18,4.06,-118,4.50,
2026-09-02T18:43:03,2,1.822,45.76,45.1380,27.9,1.841,47.31,4.06,-118,4.25,
2026-09-02T18:43:04,2,1.837,46.92,45.1350,27.9,1.837,46.99,4.05,-118,3.75,
2026-09-02T18:43:05,2,1.834,46.73,45.1350,27.9,1.844,47.50,4.04,-118,4.25,
2026-09-02T18:43:06,2,1.820,45.64,45.1350,27.9,1.845,47.57,4.06,-118,4.25,
2026-09-02T18:43:07,2,1.835,46.80,45.1290,27.9,1.843,47.44,4.06,-118,4.00,
2026-09-02T18:43:08,2,1.821,45.70,45.1310,27.9,1.842,47.38,4.06,-118,4.00,
2026-09-02T18:43:09,2,1.821,45.70,45.1320,27.9,1.854,48.34,4.07,-118,3.75,
2026-09-02T18:43:11,2,1.836,46.86,45.1350,27.9,1.845,47.63,4.06,-118,4.25,
2026-09-02T18:43:12,2,1.822,45.76,45.1370,27.9,1.845,47.57,4.06,-118,4.25,
2026-09-02T18:43:13,2,1.837,46.99,45.1410,27.9,1.853,48.28,4.05,-118,4.00,
2026-09-02T18:43:14,2,1.838,47.05,45.1360,27.9,1.845,47.63,4.04,-118,3.75,
2026-09-02T18:43:15,2,1.823,45.83,45.1410,27.9,1.841,47.31,4.06,-119,4.00,
2026-09-02T18:43:16,2,1.836,46.86,45.1450,27.9,1.844,47.50,4.06,-118,3.75,
2026-09-02T18:43:17,2,1.821,45.70,45.1390,27.9,1.844,47.50,4.06,-119,4.00,
2026-09-02T18:43:18,2,1.821,45.70,45.1340,27.9,1.850,48.02,4.07,-119,3.25,
2026-09-02T18:43:19,2,1.836,46.86,45.1290,27.9,1.843,47.44,4.06,-118,4.75,
2026-09-02T18:43:20,2,1.823,45.83,45.1350,27.9,1.844,47.50,4.06,-119,3.25,
2026-09-02T18:43:21,2,1.841,47.25,45.1310,27.9,1.842,47.38,4.05,-119,3.50,
2026-09-02T18:43:23,2,1.836,46.86,45.1250,27.9,1.847,47.76,4.04,-119,3.25,
2026-09-02T18:43:24,2,1.820,45.57,45.1190,27.9,1.842,47.38,4.06,-119,3.00,
2026-09-02T18:43:25,2,1.836,46.86,45.1240,27.9,1.845,47.57,4.05,-119,3.25,
2026-09-02T18:43:26,2,1.821,45.70,45.1210,27.9,1.844,47.50,4.06,-119,3.00,
2026-09-02T18:43:27,2,1.819,45.51,45.1120,27.9,1.841,47.25,4.07,-119,3.25,
2026-09-02T18:43:28,2,1.833,46.67,45.1130,27.9,1.842,47.38,4.06,-119,3.25,
2026-09-02T18:43:29,2,1.820,45.64,45.1050,27.9,1.841,47.25,4.05,-119,3.25,
2026-09-02T18:43:30,2,1.839,47.12,45.1040,27.9,1.844,47.50,4.05,-119,3.25,
2026-09-02T18:43:31,2,1.837,46.92,45.0990,27.9,1.841,47.31,4.06,-119,3.25,
2026-09-02T18:43:32,2,1.820,45.64,45.1000,27.9,1.841,47.31,4.05,-119,3.00,
2026-09-02T18:43:34,2,1.830,46.41,45.1000,27.9,1.842,47.38,4.06,-119,3.00,
2026-09-02T18:43:35,2,1.822,45.76,45.1050,27.9,1.843,47.44,4.05,-119,3.00,
2026-09-02T18:43:36,2,1.821,45.70,45.1090,27.9,1.841,47.25,4.06,-119,3.00,
2026-09-02T18:43:37,2,1.834,46.73,45.1040,27.9,1.841,47.31,4.06,-119,3.25,
2026-09-02T18:43:39,2,1.835,46.80,45.1130,27.9,1.841,47.25,4.06,-118,3.50,
2026-09-02T18:43:40,2,1.837,46.92,45.1200,27.9,1.842,47.38,4.05,-119,3.25,
2026-09-02T18:43:41,2,1.831,46.47,45.1020,27.9,1.840,47.18,4.06,-119,3.25,
2026-09-02T18:43:42,2,1.836,46.86,45.1050,27.9,1.842,47.38,4.06,-120,2.50,
2026-09-02T18:43:44,2,1.822,45.76,45.1170,27.9,1.841,47.31,4.06,-119,3.50,
2026-09-02T18:43:46,2,1.836,46.86,45.1180,27.9,1.840,47.18,4.06,-118,3.50,
2026-09-02T18:43:47,2,1.821,45.70,45.1290,27.9,1.841,47.31,4.06,-118,4.00,
2026-09-02T18:43:48,2,1.820,45.64,45.1240,27.9,1.839,47.12,4.07,-118,4.00,
2026-09-02T18:43:50,2,1.820,45.64,45.1200,27.9,1.841,47.31,4.05,-119,3.25,
2026-09-02T18:43:52,2,1.835,46.80,45.1100,27.9,1.844,47.50,4.04,-119,3.25,
2026-09-02T18:43:53,2,1.822,45.76,45.1190,27.9,1.843,47.44,4.05,-119,3.75,
2026-09-02T18:43:55,2,1.821,45.70,45.1170,27.9,1.842,47.38,4.06,-119,3.25,
2026-09-02T18:43:56,2,1.824,45.96,45.1140,27.9,1.838,47.05,4.07,-119,2.75,
2026-09-02T18:43:58,2,1.834,46.73,45.1250,27.9,1.841,47.25,4.05,-119,3.50,
2026-09-02T18:43:59,2,1.820,45.57,45.1170,27.9,1.841,47.31,4.05,-118,3.75,
2026-09-02T18:44:00,2,1.837,46.99,45.1120,27.9,1.841,47.25,4.05,-119,3.25,
2026-09-02T18:44:01,2,1.835,46.80,45.1120,27.9,1.842,47.38,4.06,-119,3.25,
2026-09-02T18:44:02,2,1.822,45.76,45.1180,27.9,1.840,47.18,4.05,-119,3.50,
2026-09-02T18:44:03,2,1.839,47.12,45.1180,27.9,1.840,47.18,4.06,-118,3.50,
2026-09-02T18:44:04,2,1.822,45.76,45.1130,27.9,1.844,47.50,4.06,-119,3.50,
2026-09-02T18:44:06,2,1.834,46.73,45.1130,27.9,1.840,47.18,4.05,-118,4.75,
2026-09-02T18:44:07,2,1.822,45.76,45.1240,27.9,1.842,47.38,4.06,-120,2.25,
2026-09-02T18:44:10,2,1.835,46.80,45.1420,27.9,1.840,47.18,4.05,-119,2.75,
2026-09-02T18:44:11,2,1.820,45.64,45.1390,27.9,1.841,47.25,4.06,-118,3.75,
2026-09-02T18:44:12,2,1.831,46.47,45.1390,27.9,1.841,47.31,4.06,-119,3.25,
2026-09-02T18:44:13,2,1.823,45.83,45.1440,27.9,1.839,47.12,4.06,-120,3.00,
2026-09-02T18:44:14,2,1.822,45.76,45.1430,27.9,1.841,47.25,4.06,-119,3.25,
2026-09-02T18:44:15,2,1.836,46.86,45.1500,27.9,1.840,47.18,4.05,-118,4.50,
2026-09-02T18:44:17,2,1.838,47.05,45.1470,27.9,1.841,47.25,4.05,-119,3.75,
2026-09-02T18:44:18,2,1.835,46.80,45.1500,27.9,1.844,47.50,4.06,-119,3.75,
2026-09-02T18:44:19,2,1.823,45.83,45.1510,27.9,1.844,47.50,4.06,-118,3.75,
2026-09-02T18:44:20,2,1.837,46.99,45.1520,27.9,1.841,47.31,4.05,-119,3.25,
2026-09-02T18:44:22,2,1.824,45.89,45.1560,27.9,1.843,47.44,4.05,-119,3.00,
2026-09-02T18:44:23,2,1.821,45.70,45.1590,27.9,1.841,47.31,4.06,-119,3.00,
2026-09-02T18:44:24,2,1.839,47.12,45.1530,27.9,1.840,47.18,4.05,-119,3.25,
2026-09-02T18:44:25,2,1.822,45.76,45.1500,27.9,1.843,47.44,4.06,-119,3.25,
2026-09-02T18:44:26,2,1.839,47.12,45.1470,27.9,1.841,47.31,4.05,-119,3.25,
2026-09-02T18:44:27,2,1.835,46.80,45.1430,27.9,1.845,47.57,4.06,-119,3.25,
2026-09-02T18:44:28,2,1.823,45.83,45.1260,27.9,1.840,47.18,4.06,-119,3.50,
2026-09-02T18:44:29,2,1.837,46.92,45.1190,27.9,1.843,47.44,4.05,-119,3.25,
2026-09-02T18:44:30,2,1.822,45.76,45.1240,27.9,1.842,47.38,4.06,-119,3.00,
2026-09-02T18:44:31,2,1.824,45.89,45.1170,27.9,1.842,47.38,4.06,-119,3.50,
2026-09-02T18:44:33,2,1.833,46.67,45.1220,27.9,1.841,47.31,4.05,-119,2.75,
2026-09-02T18:44:34,2,1.823,45.83,45.1190,27.9,1.841,47.31,4.05,-119,3.25,
2026-09-02T18:44:36,2,1.837,46.92,45.1010,27.9,1.841,47.31,4.06,-119,3.00,
2026-09-02T18:44:37,2,1.820,45.64,45.1170,27.9,1.845,47.63,4.05,-119,3.25,
2026-09-02T18:44:38,2,1.840,47.18,45.1140,27.9,1.841,47.25,4.05,-119,3.25,
2026-09-02T18:44:39,2,1.836,46.86,45.1140,27.9,1.839,47.12,4.05,-119,3.25,
2026-09-02T18:44:41,2,1.835,46.80,45.1100,27.9,1.841,47.31,4.06,-119,3.25,
2026-09-02T18:44:42,2,1.821,45.70,45.1110,27.9,1.841,47.31,4.06,-119,3.25,
2026-09-02T18:44:43,2,1.821,45.70,45.1140,27.9,1.841,47.31,4.06,-119,3.25,
2026-09-02T18:44:45,2,1.837,46.92,45.1210,27.9,1.840,47.18,4.05,-119,3.25,
2026-09-02T18:44:47,2,1.837,46.99,45.1230,27.9,1.841,47.31,4.05,-119,3.25,
2026-09-02T18:44:48,2,1.834,46.73,45.1270,27.9,1.841,47.31,4.06,-119,3.25,
2026-09-02T18:44:49,2,1.824,45.89,45.1280,27.9,1.842,47.38,4.06,-119,3.00,
2026-09-02T18:44:50,2,1.834,46.73,45.1280,27.9,1.841,47.31,4.06,-119,3.25,
2026-09-02T18:44:52,2,1.821,45.70,45.1180,27.9,1.844,47.50,4.06,-119,3.25,
2026-09-02T18:44:53,2,1.834,46.73,45.1140,27.9,1.841,47.25,4.06,-119,3.50,
2026-09-02T18:44:54,2,1.824,45.89,45.1190,27.9,1.840,47.18,4.05,-119,3.25,
2026-09-02T18:44:55,2,1.837,46.99,45.1230,27.9,1.841,47.25,4.05,-119,3.00,
2026-09-02T18:44:57,2,1.850,48.02,45.1120,27.9,1.842,47.38,4.06,-120,3.00,
2026-09-02T18:44:58,2,1.821,45.70,45.1170,27.9,1.844,47.50,4.06,-119,3.00,
2026-09-02T18:44:59,2,1.836,46.86,45.1180,27.9,1.841,47.25,4.06,-119,3.25,
2026-09-02T18:45:00,2,1.820,45.64,45.1190,27.9,1.841,47.25,4.07,-119,3.50,
2026-09-02T18:45:01,2,1.822,45.76,45.1160,27.9,1.840,47.18,4.06,-119,3.25,
2026-09-02T18:45:02,2,1.833,46.60,45.1170,27.9,1.841,47.31,4.05,-119,3.25,
2026-09-02T18:45:03,2,1.823,45.83,45.1080,27.9,1.841,47.31,4.05,-119,3.50,
2026-09-02T18:45:04,2,1.838,47.05,45.1150,27.9,1.848,47.83,4.04,-120,3.25,
2026-09-02T18:45:05,2,1.833,46.67,45.1240,27.9,1.841,47.25,4.06,-119,3.25,
2026-09-02T18:45:06,2,1.827,46.15,45.1120,27.9,1.841,47.25,4.06,-119,3.25,
2026-09-02T18:45:07,2,1.836,46.86,45.1180,27.9,1.841,47.25,4.06,-119,3.25,
2026-09-02T18:45:09,2,1.824,45.89,45.1170,27.9,1.835,46.80,4.07,-119,3.50,
2026-09-02T18:45:10,2,1.820,45.64,45.1280,27.9,1.843,47.44,4.06,-119,3.00,
2026-09-02T18:45:11,2,1.836,46.86,45.1350,27.9,1.842,47.38,4.06,-119,3.00,
2026-09-02T18:45:12,2,1.823,45.83,45.1320,27.9,1.844,47.50,4.05,-119,3.25,
2026-09-02T18:45:13,2,1.840,47.18,45.1390,27.9,1.843,47.44,4.04,-120,3.25,
2026-09-02T18:45:14,2,1.833,46.67,45.1460,27.9,1.841,47.25,4.06,-119,2.75,
2026-09-02T18:45:15,2,1.820,45.64,45.1310,27.9,1.842,47.38,4.06,-119,3.00,
2026-09-02T18:45:16,2,1.837,46.92,45.1350,27.9,1.844,47.50,4.06,-119,3.00,
2026-09-02T18:45:17,2,1.821,45.70,45.1330,27.9,1.841,47.25,4.07,-119,3.00,
2026-09-02T18:45:18,2,1.824,45.89,45.1320,27.9,1.842,47.38,4.06,-119,3.25,
2026-09-02T18:45:20,2,1.833,46.67,45.1270,27.9,1.839,47.12,4.05,-119,3.25,
2026-09-02T18:45:21,2,1.822,45.76,45.1350,27.9,1.845,47.63,4.05,-119,3.25,
2026-09-02T18:45:22,2,1.824,45.89,45.1400,27.9,1.841,47.25,4.05,-119,3.25,
2026-09-02T18:45:23,2,1.835,46.80,45.1480,27.9,1.841,47.25,4.06,-119,3.25,
2026-09-02T18:45:24,2,1.822,45.76,45.1520,27.9,1.842,47.38,4.05,-119,3.25,
2026-09-02T18:45:25,2,1.853,48.28,45.1450,27.9,1.842,47.38,4.05,-119,3.50,
2026-09-02T18:45:26,2,1.832,46.54,45.1490,27.9,1.841,47.25,4.05,-119,3.00,
2026-09-02T18:45:27,2,1.821,45.70,45.1360,27.9,1.841,47.31,4.05,-119,3.00,
2026-09-02T18:45:28,2,1.833,46.67,45.1340,27.9,1.843,47.44,4.06,-119,3.00,
2026-09-02T18:45:29,2,1.821,45.70,45.1240,27.9,1.843,47.44,4.07,-119,3.00,
2026-09-02T18:45:30,2,1.821,45.70,45.1210,27.9,1.844,47.50,4.06,-119,3.00,
2026-09-02T18:45:32,2,1.836,46.86,45.1280,27.9,1.841,47.25,0.00,-111,3.25,
2026-09-02T18:45:33,2,1.821,45.70,45.1200,27.9,1.843,47.44,4.05,-119,3.50,
2026-09-02T18:45:34,2,1.837,46.92,45.1180,27.9,1.844,47.50,4.04,-119,3.50,
2026-09-02T18:45:35,2,1.833,46.67,45.1200,27.9,1.841,47.31,4.06,-119,3.25,
2026-09-02T18:45:36,2,1.821,45.70,45.1120,26.9,1.844,47.50,4.06,-119,3.00,
2026-09-02T18:45:38,2,1.822,45.76,45.1100,26.9,1.842,47.38,4.07,-119,3.25,
2026-09-02T18:45:39,2,1.821,45.70,45.1210,27.9,1.845,47.63,4.05,-119,3.00,
2026-09-02T18:45:40,2,1.834,46.73,45.1210,27.9,1.841,47.31,4.05,-119,3.00,
2026-09-02T18:45:41,2,1.822,45.76,45.1140,27.9,1.843,47.44,4.05,-119,3.25,
2026-09-02T18:45:44,2,1.833,46.67,45.0970,26.9,1.842,47.38,4.05,-119,3.25,
2026-09-02T18:45:45,2,1.821,45.70,45.0880,26.9,1.842,47.38,4.06,-119,3.50,
2026-09-02T18:45:46,2,1.837,46.99,45.0920,26.9,1.841,47.25,4.05,-119,3.25,
2026-09-02T18:45:47,2,1.820,45.64,45.0950,26.9,1.839,47.12,4.07,-119,3.00,
2026-09-02T18:45:49,2,1.837,46.99,45.0970,26.9,1.841,47.25,4.06,-119,3.25,
2026-09-02T18:45:50,2,1.823,45.83,45.1050,26.9,1.840,47.18,4.05,-119,3.25,
2026-09-02T18:45:51,2,1.837,46.99,45.1050,26.9,1.841,47.31,4.04,-119,3.25,
2026-09-02T18:45:52,2,1.837,46.99,45.1000,26.9,1.839,47.12,4.06,-119,3.25,
2026-09-02T18:45:53,2,1.821,45.70,45.1030,27.9,1.841,47.25,4.05,-119,3.25,
2026-09-02T18:45:54,2,1.835,46.80,45.1070,26.9,1.840,47.18,4.06,-119,3.25,
2026-09-02T18:45:56,2,1.823,45.83,45.1160,26.9,1.841,47.25,4.06,-120,3.00,
2026-09-02T18:45:57,2,1.817,45.38,45.1260,26.9,1.840,47.18,4.05,-119,3.00,
2026-09-02T18:45:58,2,1.835,46.80,45.1280,26.9,1.841,47.25,4.05,-119,3.00,
2026-09-02T18:45:59,2,1.821,45.70,45.1260,26.9,1.843,47.44,4.05,-119,3.50,
2026-09-02T18:46:00,2,1.834,46.73,45.1260,26.9,1.834,46.73,4.04,-119,3.25,
2026-09-02T18:46:01,2,1.836,46.86,45.1180,26.9,1.840,47.18,4.06,-119,3.00,
2026-09-02T18:46:02,2,1.820,45.64,45.1340,26.9,1.842,47.38,4.05,-120,3.00,
2026-09-02T18:46:03,2,1.838,47.05,45.1280,26.9,1.844,47.50,4.05,-119,3.00,
2026-09-02T18:46:04,2,1.820,45.57,45.1320,26.9,1.839,47.12,4.06,-119,3.00,
2026-09-02T18:46:05,2,1.821,45.70,45.1280,26.9,1.853,48.28,4.05,-119,2.75,
2026-09-02T18:46:07,2,1.833,46.67,45.1320,26.9,1.840,47.18,4.05,-119,3.25,
2026-09-02T18:46:08,2,1.819,45.51,45.1250,26.9,1.842,47.38,4.06,-119,3.25,
2026-09-02T18:46:09,2,1.840,47.18,45.1270,26.9,1.844,47.50,4.04,-119,3.50,
2026-09-02T18:46:10,2,1.837,46.92,45.1180,26.9,1.839,47.12,4.06,-118,3.25,
2026-09-02T18:46:11,2,1.822,45.76,45.1030,26.9,1.841,47.25,4.05,-119,3.50,
2026-09-02T18:46:12,2,1.838,47.05,45.0990,26.9,1.844,47.50,4.04,-119,3.50,
2026-09-02T18:46:13,2,1.819,45.51,45.1010,26.9,1.841,47.25,4.07,-118,4.00,
2026-09-02T18:46:14,2,1.820,45.64,45.1050,26.9,1.839,47.12,4.05,-118,3.75,
2026-09-02T18:46:15,2,1.841,47.25,45.1040,26.9,1.841,47.25,4.06,-118,3.50,
2026-09-02T18:46:16,2,1.820,45.57,45.0950,26.9,1.841,47.31,4.07,-118,4.25,
2026-09-02T18:46:17,2,1.841,47.25,45.0860,26.9,1.844,47.50,4.04,-118,4.00,
2026-09-02T18:46:19,2,1.834,46.73,45.0780,26.9,1.841,47.31,4.05,-118,4.00,
2026-09-02T18:46:20,2,1.819,45.51,45.0840,26.9,1.843,47.44,4.05,-118,3.50,
2026-09-02T18:46:21,2,1.838,47.05,45.0790,26.9,1.844,47.50,4.04,-118,4.00,
2026-09-02T18:46:22,2,1.821,45.70,45.0780,26.9,1.837,46.99,4.06,-118,4.25,
2026-09-02T18:46:23,2,1.822,45.76,45.0730,26.9,1.840,47.18,4.05,-118,4.00,
2026-09-02T18:46:24,2,1.833,46.67,45.0720,26.9,1.841,47.31,4.06,-118,3.75,
2026-09-02T18:46:25,2,1.822,45.76,45.0730,26.9,1.841,47.31,4.07,-118,4.00,
2026-09-02T18:46:26,2,1.827,46.15,45.0640,26.9,1.841,47.31,4.05,-118,4.25,
2026-09-02T18:46:27,2,1.835,46.80,45.0780,26.9,1.840,47.18,4.05,-118,4.00,
2026-09-02T18:46:28,2,1.823,45.83,45.0750,26.9,1.840,47.18,4.05,-116,3.75,
2026-09-02T18:46:29,2,1.837,46.92,45.0820,26.9,1.841,47.25,4.04,-119,3.75,
2026-09-02T18:46:31,2,1.834,46.73,45.0920,26.9,1.841,47.31,4.05,-118,4.00,
2026-09-02T18:46:32,2,1.836,46.86,45.0890,26.9,1.841,47.31,4.06,-119,4.00,
2026-09-02T18:46:33,2,1.837,46.99,45.0920,26.9,1.841,47.31,4.05,-119,3.50,
2026-09-02T18:46:35,2,1.820,45.64,45.0910,26.9,1.837,46.99,4.05,-118,3.75,
2026-09-02T18:46:36,2,1.833,46.60,45.0890,26.9,1.842,47.38,4.05,-118,3.50,
2026-09-02T18:46:37,2,1.820,45.57,45.0940,26.9,1.843,47.44,4.05,-118,3.75,
2026-09-02T18:46:38,2,1.841,47.25,45.1000,26.9,1.842,47.38,4.04,-119,3.75,
2026-09-02T18:46:40,2,1.823,45.83,45.0980,26.9,1.845,47.57,4.05,-119,3.25,
2026-09-02T18:46:41,2,1.835,46.80,45.0910,26.9,1.834,46.73,4.05,-119,3.25,
2026-09-02T18:46:43,2,1.820,45.64,45.0940,26.9,1.841,47.25,4.06,-118,3.50,
2026-09-02T18:46:44,2,1.822,45.76,45.0940,26.9,1.841,47.31,4.06,-119,3.50,
2026-09-02T18:46:46,2,1.819,45.51,45.0870,26.9,1.838,47.05,4.07,-118,3.50,
2026-09-02T18:46:47,2,1.837,46.99,45.0850,26.9,1.845,47.63,4.04,-119,3.75,
2026-09-02T18:46:48,2,1.833,46.67,45.0840,26.9,1.841,47.31,4.05,-119,3.50,
2026-09-02T18:46:49,2,1.821,45.70,45.0740,26.9,1.842,47.38,4.05,-119,3.50,
2026-09-02T18:46:50,2,1.836,46.86,45.0740,26.9,1.841,47.31,4.04,-118,3.50,
2026-09-02T18:46:51,2,1.821,45.70,45.0740,26.9,1.841,47.31,4.06,-118,3.75,
2026-09-02T18:46:52,2,1.824,45.89,45.0690,26.9,1.842,47.38,4.05,-119,3.00,
2026-09-02T18:46:54,2,1.835,46.80,45.0580,26.9,1.840,47.18,4.05,-120,2.50,
2026-09-02T18:46:55,2,1.819,45.51,45.0470,26.9,1.841,47.25,4.07,-120,2.00,
2026-09-02T18:46:56,2,1.837,46.99,45.0430,26.9,1.841,47.31,4.03,-123,-3.75,17
2026-09-02T18:46:57,2,1.833,46.60,45.0400,26.9,1.832,46.54,4.06,-124,-4.00,
2026-09-02T18:46:58,2,1.820,45.57,45.0340,26.9,1.841,47.25,4.05,-123,-4.00,
2026-09-02T18:46:59,2,1.835,46.80,45.0320,26.9,1.844,47.50,4.04,-121,0.50,
2026-09-02T18:47:00,2,1.815,45.18,45.0140,26.9,1.837,46.99,4.07,-121,0.50,
2026-09-02T18:47:01,2,1.820,45.64,45.0120,26.9,1.840,47.18,4.05,-121,-0.25,
2026-09-02T18:47:02,2,1.827,46.15,45.0090,26.9,1.840,47.18,4.05,-122,-1.00,
2026-09-02T18:47:03,2,1.820,45.64,45.0050,26.9,1.842,47.38,4.07,-122,-0.75,
2026-09-02T18:47:04,2,1.840,47.18,45.0080,26.9,1.848,47.83,4.04,-119,3.50,
2026-09-02T18:47:06,2,1.837,46.92,45.0090,26.9,1.842,47.38,4.05,-119,3.00,
2026-09-02T18:47:07,2,1.824,45.96,45.0340,26.9,1.846,47.70,4.05,-119,4.00,
2026-09-02T18:47:08,2,1.841,47.31,45.1300,26.9,1.849,47.96,4.04,-118,4.00,
2026-09-02T18:47:09,2,1.825,46.02,45.2090,26.9,1.845,47.57,4.07,-118,4.00,18
2026-09-02T18:47:10,2,1.828,46.22,45.2920,26.9,1.859,48.73,4.05,-118,4.25,
2026-09-02T18:47:11,2,1.841,47.31,45.3570,26.9,1.850,48.02,4.06,-118,4.75,
2026-09-02T18:47:12,2,1.826,46.09,45.4810,26.9,1.852,48.15,4.07,-117,5.00,
2026-09-02T18:47:13,2,1.845,47.63,45.5530,26.9,1.853,48.21,4.03,-117,5.00,
2026-09-02T18:47:14,2,1.845,47.57,45.6170,26.9,1.851,48.08,4.06,-117,5.00,
2026-09-02T18:47:15,2,1.829,46.34,45.6740,26.9,1.854,48.34,4.06,-118,3.75,
2026-09-02T18:47:16,2,1.847,47.76,45.7230,26.9,1.853,48.21,4.04,-118,3.25,
2026-09-02T18:47:18,2,1.832,46.54,45.7770,26.9,1.853,48.28,4.07,-118,4.25,
2026-09-02T18:47:19,2,1.833,46.60,45.8290,26.9,1.853,48.28,4.05,-119,3.50,
2026-09-02T18:47:20,2,1.849,47.89,45.8810,26.9,1.857,48.54,4.03,-119,3.50,
2026-09-02T18:47:21,2,1.834,46.73,45.9340,26.9,1.853,48.28,4.06,-119,3.75,
2026-09-02T18:47:22,2,1.833,46.67,45.9820,26.9,1.857,48.54,4.05,-119,3.50,
2026-09-02T18:47:23,2,1.846,47.70,46.0330,26.9,1.861,48.86,4.05,-118,4.00,
2026-09-02T18:47:24,2,1.830,46.41,46.1350,26.9,1.854,48.34,4.07,-119,3.50,
2026-09-02T18:47:25,2,1.851,48.08,46.1890,26.9,1.857,48.54,4.03,-120,2.75,
2026-09-02T18:47:26,2,1.845,47.63,46.2110,26.9,1.857,48.54,4.05,-119,2.75,
2026-09-02T18:47:27,2,1.833,46.67,46.1660,26.9,1.857,48.54,4.05,-119,3.25,
2026-09-02T18:47:28,2,1.849,47.89,46.1400,26.9,1.856,48.47,4.04,-119,3.50,
2026-09-02T18:47:30,2,1.831,46.47,46.1060,26.9,1.853,48.21,4.07,-118,3.50,
2026-09-02T18:47:32,2,1.845,47.57,46.0650,26.9,1.852,48.15,4.05,-119,3.25,
2026-09-02T18:47:33,2,1.833,46.67,46.0580,26.9,1.853,48.28,4.06,-118,3.50,
2026-09-02T18:47:34,2,1.850,48.02,46.0430,26.9,1.853,48.21,4.04,-119,3.25,
2026-09-02T18:47:35,2,1.843,47.44,46.0310,26.9,1.853,48.21,4.05,-119,3.50,
2026-09-02T18:47:37,2,1.849,47.96,46.0310,26.9,1.851,48.08,4.05,-118,4.00,
2026-09-02T18:47:38,2,1.830,46.41,46.0280,26.9,1.852,48.15,4.06,-118,3.50,
2026-09-02T18:47:39,2,1.830,46.41,46.0440,26.9,1.849,47.96,4.05,-119,3.25,
2026-09-02T18:47:41,2,1.845,47.57,46.0380,26.9,1.850,48.02,4.05,-118,3.00,
2026-09-02T18:47:43,2,1.849,47.96,46.0340,26.9,1.849,47.96,4.03,-119,3.25,
2026-09-02T18:47:44,2,1.845,47.63,46.0330,26.9,1.850,48.02,4.06,-119,3.25,
2026-09-02T18:47:45,2,1.832,46.54,46.0260,26.9,1.849,47.96,4.05,-119,3.25,
2026-09-02T18:47:46,2,1.848,47.83,46.0230,26.9,1.851,48.08,4.04,-119,3.25,
2026-09-02T18:47:47,2,1.831,46.47,46.0110,26.9,1.850,48.02,4.06,-119,3.25,
2026-09-02T18:47:48,2,1.833,46.60,45.9990,26.9,1.849,47.89,4.05,-119,3.25,
2026-09-02T18:47:49,2,1.845,47.63,45.9940,26.9,1.847,47.76,4.05,-119,3.25,
2026-09-02T18:47:50,2,1.832,46.54,45.9890,26.9,1.850,48.02,4.07,-119,3.25,
2026-09-02T18:47:51,2,1.849,47.96,45.9820,26.9,1.853,48.21,4.03,-119,4.00,
2026-09-02T18:47:53,2,1.844,47.50,45.9850,26.9,1.848,47.83,4.05,-119,3.50,
2026-09-02T18:47:54,2,1.832,46.54,45.9770,26.9,1.854,48.34,4.06,-119,3.50,
2026-09-02T18:47:55,2,1.852,48.15,45.9780,26.9,1.849,47.96,4.04,-118,3.50,
2026-09-02T18:47:56,2,1.830,46.41,45.9670,26.9,1.848,47.83,4.07,-119,3.75,
2026-09-02T18:47:57,2,1.831,46.47,45.9630,26.9,1.850,48.02,4.05,-119,4.00,
2026-09-02T18:47:58,2,1.846,47.70,45.9630,26.9,1.849,47.89,4.04,-118,3.75,
2026-09-02T18:47:59,2,1.830,46.41,45.9470,26.9,1.850,48.02,4.07,-118,4.00,
2026-09-02T18:48:00,2,1.850,48.02,45.9500,26.9,1.845,47.63,4.03,-119,4.00,
2026-09-02T18:48:01,2,1.845,47.57,45.9570,26.9,1.850,48.02,4.05,-118,4.00,
2026-09-02T18:48:02,2,1.831,46.47,45.9590,26.9,1.846,47.70,4.07,-118,4.00,
2026-09-02T18:48:03,2,1.847,47.76,45.9670,26.9,1.850,48.02,4.04,-119,3.75,
2026-09-02T18:48:05,2,1.833,46.60,45.9600,26.9,1.849,47.96,4.07,-118,3.75,
2026-09-02T18:48:06,2,1.833,46.60,45.9630,26.9,1.849,47.89,4.05,-118,3.75,
2026-09-02T18:48:07,2,1.845,47.63,45.9690,26.9,1.849,47.89,4.03,-118,3.75,
2026-09-02T18:48:08,2,1.833,46.67,45.9730,26.9,1.850,48.02,4.06,-118,3.75,
2026-09-02T18:48:09,2,1.833,46.60,45.9800,26.9,1.848,47.83,4.05,-119,3.75,
2026-09-02T18:48:10,2,1.845,47.63,45.9760,26.9,1.851,48.08,4.05,-118,3.75,
2026-09-02T18:48:11,2,1.831,46.47,45.9900,26.9,1.848,47.83,4.06,-118,4.00,
2026-09-02T18:48:12,2,1.849,47.89,45.9850,26.9,1.853,48.21,4.04,-118,4.00,
2026-09-02T18:48:13,2,1.845,47.63,46.0000,26.9,1.841,47.25,4.05,-118,4.25,
2026-09-02T18:48:14,2,1.833,46.67,46.0050,26.9,1.849,47.96,4.05,-118,3.75,
2026-09-02T18:48:15,2,1.849,47.89,46.0050,26.9,1.850,48.02,4.04,-118,3.75,
2026-09-02T18:48:17,2,1.835,46.80,46.0080,26.9,1.845,47.63,4.07,-118,4.00,
2026-09-02T18:48:18,2,1.833,46.67,46.0190,26.9,1.849,47.89,4.05,-118,3.75,
2026-09-02T18:48:19,2,1.845,47.63,46.0230,26.9,1.849,47.96,4.06,-118,4.00,
2026-09-02T18:48:20,2,1.832,46.54,46.0310,26.9,1.849,47.96,4.07,-118,4.00,
2026-09-02T18:48:21,2,1.849,47.96,46.0310,26.9,1.851,48.08,4.04,-118,4.00,
2026-09-02T18:48:22,2,1.846,47.70,46.0270,26.9,1.840,47.18,4.05,-118,4.00,
2026-09-02T18:48:23,2,1.833,46.67,46.0300,26.9,1.847,47.76,4.07,-118,4.00,
2026-09-02T18:48:24,2,1.847,47.76,46.0360,26.9,1.851,48.08,4.04,-118,3.75,
2026-09-02T18:48:25,2,1.832,46.54,46.0390,26.9,1.847,47.76,4.06,-118,4.25,
2026-09-02T18:48:26,2,1.833,46.67,46.0380,26.9,1.849,47.89,4.05,-118,4.25,
2026-09-02T18:48:29,2,1.832,46.54,46.0270,26.9,1.849,47.89,4.07,-118,3.75,
2026-09-02T18:48:30,2,1.853,48.21,46.0300,26.9,1.849,47.96,4.04,-118,3.75,
2026-09-02T18:48:31,2,1.845,47.63,46.0310,26.9,1.850,48.02,4.05,-118,3.75,
2026-09-02T18:48:32,2,1.833,46.67,46.0370,26.9,1.846,47.70,4.06,-118,3.75,
2026-09-02T18:48:34,2,1.834,46.73,46.0300,26.9,1.849,47.89,4.07,-118,4.25,
2026-09-02T18:48:35,2,1.834,46.73,46.0330,26.9,1.850,48.02,4.05,-118,4.00,
2026-09-02T18:48:36,2,1.847,47.76,46.0320,26.9,1.851,48.08,4.04,-119,3.75,
2026-09-02T18:48:37,2,1.831,46.47,46.0250,26.9,1.849,47.96,4.06,-118,4.25,
2026-09-02T18:48:40,2,1.845,47.63,46.0180,26.9,1.848,47.83,4.05,-118,4.00,
2026-09-02T18:48:41,2,1.831,46.47,46.0280,26.9,1.847,47.76,4.06,-118,3.75,
2026-09-02T18:48:42,2,1.848,47.83,46.0270,26.9,1.853,48.28,4.04,-118,3.75,
2026-09-02T18:48:43,2,1.831,46.47,46.0240,26.9,1.846,47.70,4.07,-118,4.00,
2026-09-02T18:48:45,2,1.848,47.83,46.0280,26.9,1.853,48.21,4.03,-118,4.25,
2026-09-02T18:48:46,2,1.833,46.67,46.0270,26.9,1.850,48.02,4.06,-119,3.50,
2026-09-02T18:48:47,2,1.852,48.15,46.0350,26.9,1.849,47.89,4.03,-118,4.25,
2026-09-02T18:48:48,2,1.846,47.70,46.0480,26.9,1.852,48.15,4.05,-118,3.50,
2026-09-02T18:48:49,2,1.833,46.60,46.0450,26.9,1.848,47.83,4.07,-118,4.50,
2026-09-02T18:48:50,2,1.853,48.21,46.0480,26.9,1.849,47.96,4.04,-118,4.75,
2026-09-02T18:48:52,2,1.834,46.73,46.0510,26.9,1.848,47.83,4.06,-118,3.75,
2026-09-02T18:48:53,2,1.834,46.73,46.0550,26.9,1.850,48.02,4.06,-119,3.50,
2026-09-02T18:48:54,2,1.846,47.70,46.0510,26.9,1.852,48.15,4.04,-118,4.25,
2026-09-02T18:48:55,2,1.833,46.67,46.0440,26.9,1.848,47.83,4.06,-118,4.00,
2026-09-02T18:48:56,2,1.833,46.60,46.0390,26.9,1.848,47.83,4.05,-118,4.25,
2026-09-02T18:48:57,2,1.845,47.63,46.0340,26.9,1.850,48.02,4.04,-118,3.75,
2026-09-02T18:48:58,2,1.833,46.67,46.0330,26.9,1.849,47.89,4.06,-118,3.75,
2026-09-02T18:48:59,2,1.849,47.96,46.0330,26.9,1.846,47.70,4.04,-118,4.25,
2026-09-02T18:49:01,2,1.833,46.60,46.0080,26.9,1.847,47.76,4.06,-119,3.75,
2026-09-02T18:49:02,2,1.845,47.63,46.0120,26.9,1.852,48.15,4.03,-118,3.50,
2026-09-02T18:49:04,2,1.831,46.47,46.0060,26.9,1.848,47.83,4.07,-118,4.00,
2026-09-02T18:49:05,2,1.832,46.54,45.9910,26.9,1.852,48.15,4.05,-118,3.75,
2026-09-02T18:49:06,2,1.848,47.83,45.9860,26.9,1.851,48.08,4.04,-119,4.00,
2026-09-02T18:49:07,2,1.830,46.41,45.9870,26.9,1.851,48.08,4.06,-118,3.50,
2026-09-02T18:49:08,2,1.851,48.08,45.9860,26.9,1.852,48.15,4.04,-119,3.75,
2026-09-02T18:49:09,2,1.846,47.70,45.9780,26.9,1.853,48.28,4.06,-119,3.50,
2026-09-02T18:49:10,2,1.832,46.54,45.9740,26.9,1.845,47.57,4.07,-118,4.00,
2026-09-02T18:49:11,2,1.845,47.57,45.9720,26.9,1.850,48.02,4.04,-118,4.00,
2026-09-02T18:49:12,2,1.833,46.60,45.9690,26.9,1.849,47.89,4.06,-118,4.00,
2026-09-02T18:49:13,2,1.833,46.60,45.9700,26.9,1.850,48.02,4.05,-118,3.75,
2026-09-02T18:49:15,2,1.846,47.70,45.9760,26.9,1.851,48.08,4.04,-118,3.50,
2026-09-02T18:49:16,2,1.832,46.54,45.9770,26.9,1.848,47.83,4.07,-118,3.75,
2026-09-02T18:49:17,2,1.850,48.02,45.9700,26.9,1.855,48.41,4.03,-118,3.50,
2026-09-02T18:49:18,2,1.845,47.63,45.9650,26.9,1.849,47.96,4.05,-118,4.25,
2026-09-02T18:49:19,2,1.831,46.47,45.9640,26.9,1.848,47.83,4.06,-118,3.75,
2026-09-02T18:49:20,2,1.848,47.83,45.9630,26.9,1.854,48.34,4.04,-118,4.00,
2026-09-02T18:49:21,2,1.833,46.60,45.9630,26.9,1.848,47.83,4.07,-118,4.25,
2026-09-02T18:49:22,2,1.831,46.47,45.9610,26.9,1.850,48.02,4.07,-118,4.00,
2026-09-02T18:49:23,2,1.845,47.57,45.9630,26.9,1.852,48.15,4.04,-118,4.25,
2026-09-02T18:49:25,2,1.851,48.08,45.9560,26.9,1.851,48.08,4.03,-118,4.50,
2026-09-02T18:49:27,2,1.846,47.70,45.9560,26.9,1.853,48.21,4.04,-118,5.00,
2026-09-02T18:49:28,2,1.834,46.73,45.9550,26.9,1.849,47.89,4.06,-118,4.25,
2026-09-02T18:49:29,2,1.848,47.83,45.9620,26.9,1.852,48.15,4.03,-119,4.00,
2026-09-02T18:49:31,2,1.830,46.41,45.9750,26.9,1.846,47.70,4.07,-118,4.00,
2026-09-02T18:49:32,2,1.849,47.96,45.9650,26.9,1.853,48.21,4.04,-118,3.75,
2026-09-02T18:49:33,2,1.830,46.41,45.9470,26.9,1.849,47.89,4.07,-119,4.00,
2026-09-02T18:49:34,2,1.851,48.08,45.9460,26.9,1.852,48.15,4.02,-119,3.50,
2026-09-02T18:49:36,2,1.830,46.41,45.9470,26.9,1.845,47.57,4.07,-118,4.00,
2026-09-02T18:49:37,2,1.849,47.89,45.9510,26.9,1.852,48.15,4.04,-118,4.25,
2026-09-02T18:49:39,2,1.834,46.73,45.9530,26.9,1.849,47.89,4.06,-118,4.00,
2026-09-02T18:49:40,2,1.831,46.47,45.9480,26.9,1.850,48.02,4.07,-118,3.75,
2026-09-02T18:49:42,2,1.831,46.47,45.9590,26.9,1.849,47.89,4.06,-118,3.50,
2026-09-02T18:49:43,2,1.846,47.70,45.9630,26.9,1.853,48.28,4.04,-118,3.50,
2026-09-02T18:49:45,2,1.828,46.28,45.9690,26.9,1.849,47.96,4.07,-118,3.75,
2026-09-02T18:49:46,2,1.847,47.76,45.9760,26.9,1.852,48.15,4.03,-118,4.00,
2026-09-02T18:49:47,2,1.844,47.50,45.9650,26.9,1.849,47.96,4.05,-119,3.50,
2026-09-02T18:49:48,2,1.831,46.47,45.9630,26.9,1.848,47.83,4.07,-118,4.00,
2026-09-02T18:49:49,2,1.853,48.21,45.9470,26.9,1.853,48.21,4.04,-118,3.75,
2026-09-02T18:49:52,2,1.837,46.92,45.9470,26.9,1.849,47.96,4.07,-119,4.00,
2026-09-02T18:49:53,2,1.845,47.63,45.9580,26.9,1.850,48.02,4.04,-119,4.25,
2026-09-02T18:49:54,2,1.834,46.73,45.9590,26.9,1.849,47.89,4.06,-119,3.75,
2026-09-02T18:49:55,2,1.849,47.89,45.9560,26.9,1.851,48.08,4.03,-118,4.00,
2026-09-02T18:49:56,2,1.845,47.57,45.9540,26.9,1.850,48.02,4.04,-118,3.50,
2026-09-02T18:49:57,2,1.831,46.47,45.9480,26.9,1.848,47.83,4.06,-118,3.50,
2026-09-02T18:49:58,2,1.845,47.63,45.9370,26.9,1.855,48.41,4.04,-119,3.50,
2026-09-02T18:49:59,2,1.832,46.54,45.9330,26.9,1.848,47.83,4.06,-118,4.00,
2026-09-02T18:50:00,2,1.839,47.12,45.9270,26.9,1.849,47.89,4.06,-118,3.75,
2026-09-02T18:50:01,2,1.845,47.63,45.9320,26.9,1.853,48.28,4.04,-119,3.75,
2026-09-02T18:50:03,2,1.830,46.41,45.9250,26.9,1.847,47.76,4.06,-118,3.75,
2026-09-02T18:50:04,2,1.849,47.89,45.9230,26.9,1.854,48.34,4.03,-119,3.25,
2026-09-02T18:50:05,2,1.845,47.63,45.9290,26.9,1.852,48.15,4.04,-119,3.50,
2026-09-02T18:50:06,2,1.825,46.02,45.9280,26.9,1.850,48.02,4.06,-118,3.75,
2026-09-02T18:50:07,2,1.846,47.70,45.9230,26.9,1.853,48.28,4.04,-119,3.50,
2026-09-02T18:50:08,2,1.829,46.34,45.9270,26.9,1.848,47.83,4.07,-118,4.50,
2026-09-02T18:50:09,2,1.827,46.15,45.9360,26.9,1.849,47.89,4.06,-118,4.50,
2026-09-02T18:50:10,2,1.845,47.63,45.9300,26.9,1.853,48.28,4.04,-118,4.75,
2026-09-02T18:50:11,2,1.833,46.60,45.9300,26.9,1.846,47.70,4.06,-119,3.75,
2026-09-02T18:50:12,2,1.851,48.08,45.9260,26.9,1.851,48.08,4.03,-118,3.50,
2026-09-02T18:50:14,2,1.846,47.70,45.9220,26.9,1.851,48.08,4.04,-118,4.00,
2026-09-02T18:50:16,2,1.837,46.92,45.9200,26.9,1.853,48.28,4.04,-118,3.50,
2026-09-02T18:50:17,2,1.830,46.41,45.9260,26.9,1.849,47.96,4.06,-119,3.50,
2026-09-02T18:50:18,2,1.832,46.54,45.9250,26.9,1.849,47.89,4.05,-119,3.75,
2026-09-02T18:50:19,2,1.845,47.63,45.9310,26.9,1.843,47.44,4.04,-118,3.75,
2026-09-02T18:50:20,2,1.831,46.47,45.9380,26.9,1.849,47.96,4.06,-119,3.25,
2026-09-02T18:50:22,2,1.842,47.38,45.9360,26.9,1.850,48.02,4.03,-119,3.25,
2026-09-02T18:50:23,2,1.829,46.34,45.9340,26.9,1.849,47.89,4.06,-119,3.00,
2026-09-02T18:50:24,2,1.846,47.70,45.9310,26.9,1.853,48.21,4.04,-119,3.50,
2026-09-02T18:50:26,2,1.834,46.73,45.9240,26.9,1.851,48.08,4.06,-119,3.50,
2026-09-02T18:50:28,2,1.847,47.76,45.9080,26.9,1.853,48.28,4.04,-119,3.25,
2026-09-02T18:50:29,2,1.832,46.54,45.9110,26.9,1.850,48.02,4.06,-119,3.50,
2026-09-02T18:50:30,2,1.852,48.15,45.9020,26.9,1.850,48.02,4.05,-119,3.25,
2026-09-02T18:50:31,2,1.847,47.76,45.9010,26.9,1.850,48.02,4.04,-119,3.25,
2026-09-02T18:50:33,2,1.847,47.76,45.9020,26.9,1.851,48.08,4.03,-119,3.00,
2026-09-02T18:50:34,2,1.831,46.47,45.9060,26.9,1.853,48.21,4.05,-119,3.00,
2026-09-02T18:50:36,2,1.846,47.70,45.8930,26.9,1.853,48.21,4.04,-118,3.75,
2026-09-02T18:50:39,2,1.847,47.76,45.8970,26.9,1.848,47.83,4.05,-119,3.75,
2026-09-02T18:50:40,2,1.842,47.38,45.8940,26.9,1.852,48.15,4.04,-118,3.75,
2026-09-02T18:50:41,2,1.828,46.28,45.8890,26.9,1.849,47.96,4.06,-118,3.75,
2026-09-02T18:50:42,2,1.847,47.76,45.8820,26.9,1.855,48.41,4.03,-119,3.25,
2026-09-02T18:50:43,2,1.833,46.67,45.8850,26.9,1.852,48.15,4.04,-118,3.75,
2026-09-02T18:50:44,2,1.832,46.54,45.8760,26.9,1.837,46.99,4.07,-118,4.00,
2026-09-02T18:50:45,2,1.845,47.57,45.8880,26.9,1.853,48.28,4.03,-119,3.75,
2026-09-02T18:50:46,2,1.828,46.28,45.8950,26.9,1.847,47.76,4.06,-118,3.25,
2026-09-02T18:50:47,2,1.831,46.47,45.8810,26.9,1.852,48.15,4.06,-118,4.00,
2026-09-02T18:50:48,2,1.844,47.50,45.8720,26.9,1.851,48.08,4.04,-118,4.25,
2026-09-02T18:50:50,2,1.830,46.41,45.8810,26.9,1.849,47.89,4.07,-118,4.25,
2026-09-02T18:50:51,2,1.845,47.63,45.8860,26.9,1.851,48.08,4.05,-118,3.75,
2026-09-02T18:50:52,2,1.847,47.76,45.8760,26.9,1.854,48.34,4.04,-118,4.00,
2026-09-02T18:50:53,2,1.829,46.34,45.8790,26.9,1.850,48.02,4.07,-118,4.25,
2026-09-02T18:50:54,2,1.841,47.31,45.8840,26.9,1.851,48.08,4.03,-118,3.75,
2026-09-02T18:50:55,2,1.832,46.54,45.8790,26.9,1.851,48.08,4.05,-118,3.25,
2026-09-02T18:50:56,2,1.830,46.41,45.8840,26.9,1.849,47.96,4.06,-118,4.00,
2026-09-02T18:50:57,2,1.847,47.76,45.8870,26.9,1.864,49.12,4.04,-118,4.25,
2026-09-02T18:50:58,2,1.830,46.41,45.8800,26.9,1.849,47.89,4.07,-118,3.50,
2026-09-02T18:50:59,2,1.846,47.70,45.8730,26.9,1.849,47.96,4.05,-119,3.50,
2026-09-02T18:51:01,2,1.860,48.79,45.8690,26.9,1.852,48.15,4.04,-119,3.50,
2026-09-02T18:51:02,2,1.829,46.34,45.8680,26.9,1.852,48.15,4.06,-118,3.50,
2026-09-02T18:51:03,2,1.848,47.83,45.8700,26.9,1.850,48.02,4.04,-118,3.75,
2026-09-02T18:51:04,2,1.829,46.34,45.8690,26.9,1.850,48.02,4.05,-119,3.50,
2026-09-02T18:51:05,2,1.832,46.54,45.8680,26.9,1.850,48.02,4.07,-118,3.75,
2026-09-02T18:51:06,2,1.845,47.63,45.8650,26.9,1.852,48.15,4.04,-119,3.50,
2026-09-02T18:51:07,2,1.829,46.34,45.8750,26.9,1.848,47.83,4.06,-118,3.75,
2026-09-02T18:51:08,2,1.848,47.83,45.8890,26.9,1.851,48.08,4.05,-118,4.00,
2026-09-02T18:51:09,2,1.844,47.50,45.8710,26.9,1.850,48.02,4.04,-119,3.75,
2026-09-02T18:51:10,2,1.830,46.41,45.8750,26.9,1.848,47.83,4.07,-118,3.25,
2026-09-02T18:51:11,2,1.846,47.70,45.8720,26.9,1.852,48.15,4.03,-118,3.75,
2026-09-02T18:51:13,2,1.833,46.67,45.8730,26.9,1.852,48.15,4.05,-118,3.75,
2026-09-02T18:51:14,2,1.829,46.34,45.8770,26.9,1.849,47.96,4.06,-119,3.75,
2026-09-02T18:51:15,2,1.849,47.96,45.8710,26.9,1.853,48.28,4.04,-118,4.00,
2026-09-02T18:51:16,2,1.829,46.34,45.8700,26.9,1.848,47.83,4.06,-119,3.75,
2026-09-02T18:51:17,2,1.848,47.83,45.8580,26.9,1.853,48.21,4.05,-118,4.25,
2026-09-02T18:51:19,2,1.828,46.22,45.8590,26.9,1.862,48.99,4.07,-118,4.25,
2026-09-02T18:51:20,2,1.845,47.57,45.8690,26.9,1.849,47.96,4.05,-118,4.25,
2026-09-02T18:51:21,2,1.830,46.41,45.8750,26.9,1.849,47.96,4.05,-119,4.00,
2026-09-02T18:51:22,2,1.834,46.73,45.8720,26.9,1.849,47.89,4.06,-118,3.75,
2026-09-02T18:51:25,2,1.832,46.54,45.8720,26.9,1.852,48.15,4.05,-119,4.25,
2026-09-02T18:51:26,2,1.849,47.89,45.8670,26.9,1.850,48.02,4.05,-118,4.00,
2026-09-02T18:51:27,2,1.839,47.12,45.8760,26.9,1.853,48.21,4.04,-118,4.00,
2026-09-02T18:51:28,2,1.830,46.41,45.8700,26.9,1.847,47.76,4.06,-118,3.75,
2026-09-02T18:51:30,2,1.831,46.47,45.8650,26.9,1.849,47.96,4.05,-118,4.00,
2026-09-02T18:51:31,2,1.831,46.47,45.8700,26.9,1.854,48.34,4.06,-118,4.25,
2026-09-02T18:51:32,2,1.846,47.70,45.8700,26.9,1.853,48.28,4.03,-118,4.00,
2026-09-02T18:51:33,2,1.833,46.60,45.8640,26.9,1.849,47.89,4.05,-118,4.00,
2026-09-02T18:51:35,2,1.845,47.63,45.8640,26.9,1.852,48.15,4.03,-118,3.75,
2026-09-02T18:51:37,2,1.830,46.41,45.8720,26.9,1.847,47.76,4.06,-118,3.75,
2026-09-02T18:51:39,2,1.830,46.41,45.8740,26.9,1.850,48.02,4.05,-118,3.75,
2026-09-02T18:51:41,2,1.845,47.63,45.8570,26.9,1.851,48.08,4.03,-118,3.75,
2026-09-02T18:51:42,2,1.832,46.54,45.8520,26.9,1.850,48.02,4.05,-118,4.25,
2026-09-02T18:51:43,2,1.829,46.34,45.8520,26.9,1.848,47.83,4.06,-118,4.00,
2026-09-02T18:51:44,2,1.845,47.57,45.8580,26.9,1.849,47.89,4.03,-118,4.25,
2026-09-02T18:51:45,2,1.833,46.60,45.8610,26.9,1.847,47.76,4.05,-118,3.75,
2026-09-02T18:51:46,2,1.845,47.63,45.8570,26.9,1.850,48.02,4.05,-118,4.00,
2026-09-02T18:51:48,2,1.845,47.63,45.8480,26.9,1.850,48.02,4.04,-119,3.50,
2026-09-02T18:51:49,2,1.830,46.41,45.8460,26.9,1.848,47.83,4.06,-118,3.75,
2026-09-02T18:51:50,2,1.859,48.73,45.8400,26.9,1.848,47.83,4.05,-118,4.00,
2026-09-02T18:51:51,2,1.830,46.41,45.8450,26.9,1.855,48.41,4.06,-118,4.00,
2026-09-02T18:51:52,2,1.830,46.41,45.8380,26.9,1.849,47.89,4.07,-118,3.75,
2026-09-02T18:51:53,2,1.846,47.70,45.8440,26.9,1.849,47.96,4.03,-118,3.75,
2026-09-02T18:51:54,2,1.830,46.41,45.8490,26.9,1.849,47.96,4.06,-118,3.75,
2026-09-02T18:51:55,2,1.847,47.76,45.8470,26.9,1.849,47.89,4.05,-119,3.75,
2026-09-02T18:51:56,2,1.845,47.57,45.8400,26.9,1.850,48.02,4.04,-119,3.75,
2026-09-02T18:51:57,2,1.832,46.54,45.8360,26.9,1.848,47.83,4.06,-118,3.75,
2026-09-02T18:51:58,2,1.845,47.63,45.8390,26.9,1.849,47.96,4.05,-119,3.75,
2026-09-02T18:52:00,2,1.846,47.70,45.8440,26.9,1.850,48.02,4.05,-118,3.50,
2026-09-02T18:52:01,2,1.830,46.41,45.8450,26.9,1.842,47.38,4.06,-118,3.50,
2026-09-02T18:52:02,2,1.845,47.57,45.8510,26.9,1.851,48.08,4.03,-118,4.00,
2026-09-02T18:52:03,2,1.833,46.60,45.8520,26.9,1.850,48.02,4.05,-118,4.00,
2026-09-02T18:52:04,2,1.845,47.63,45.8440,26.9,1.849,47.96,4.05,-118,4.00,
2026-09-02T18:52:05,2,1.843,47.44,45.8380,26.9,1.849,47.96,4.04,-119,3.75,
2026-09-02T18:52:06,2,1.831,46.47,45.8270,26.9,1.845,47.63,4.06,-118,4.25,
2026-09-02T18:52:07,2,1.845,47.57,45.8300,26.9,1.852,48.15,4.05,-119,3.75,
2026-09-02T18:52:08,2,1.828,46.28,45.8270,26.9,1.849,47.96,4.05,-118,4.25,
2026-09-02T18:52:09,2,1.830,46.41,45.8280,26.9,1.845,47.63,4.06,-118,4.00,
2026-09-02T18:52:10,2,1.845,47.57,45.8260,26.9,1.852,48.15,4.03,-118,4.25,
2026-09-02T18:52:12,2,1.832,46.54,45.8320,26.9,1.849,47.96,4.05,-118,4.00,
2026-09-02T18:52:13,2,1.847,47.76,45.8250,26.9,1.849,47.96,4.05,-118,4.00,
2026-09-02T18:52:14,2,1.845,47.63,45.8300,26.9,1.853,48.28,4.03,-118,4.00,
2026-09-02T18:52:15,2,1.830,46.41,45.8370,26.9,1.850,48.02,4.00,-115,4.25,
2026-09-02T18:52:16,2,1.846,47.70,45.8380,26.9,1.849,47.96,4.05,-118,4.00,
2026-09-02T18:52:17,2,1.829,46.34,45.8450,26.9,1.849,47.96,4.05,-118,4.25,
2026-09-02T18:52:18,2,1.828,46.22,45.8380,26.9,1.849,47.96,4.06,-118,4.00,
2026-09-02T18:52:19,2,1.844,47.50,45.8450,26.9,1.849,47.96,4.05,-118,4.25,
2026-09-02T18:52:21,2,1.849,47.89,45.8550,26.9,1.849,47.96,4.05,-118,4.25,
2026-09-02T18:52:22,2,1.844,47.50,45.8390,26.9,1.851,48.08,4.04,-118,4.25,
2026-09-02T18:52:24,2,1.832,46.54,45.8350,26.9,1.849,47.96,4.05,-118,3.50,
2026-09-02T18:52:25,2,1.847,47.76,45.8360,26.9,1.850,48.02,4.05,-118,4.00,
2026-09-02T18:52:27,2,1.830,46.41,45.8330,26.9,1.847,47.76,4.07,-118,4.00,
2026-09-02T18:52:28,2,1.857,48.54,45.8430,26.9,1.851,48.08,4.04,-119,4.00,
2026-09-02T18:52:30,2,1.828,46.28,45.8480,26.9,1.848,47.83,4.06,-119,3.75,
2026-09-02T18:52:32,2,1.829,46.34,45.8380,26.9,1.849,47.96,4.04,-118,4.00,
2026-09-02T18:52:33,2,1.845,47.57,45.8340,26.9,1.850,48.02,4.05,-118,3.75,
2026-09-02T18:52:35,2,1.845,47.63,45.8180,26.9,1.850,48.02,4.04,-118,4.75,
2026-09-02T18:52:36,2,1.827,46.15,45.8240,26.9,1.849,47.89,4.06,-118,3.75,
2026-09-02T18:52:37,2,1.842,47.38,45.8350,26.9,1.849,47.96,4.05,-119,3.00,
2026-09-02T18:52:38,2,1.832,46.54,45.8170,26.9,1.848,47.83,4.05,-119,3.75,
2026-09-02T18:52:39,2,1.826,46.09,45.8350,26.9,1.847,47.76,4.07,-119,3.50,
2026-09-02T18:52:40,2,1.845,47.63,45.8220,26.9,1.851,48.08,4.03,-118,3.75,
2026-09-02T18:52:41,2,1.831,46.47,45.8060,26.9,1.850,48.02,4.05,-119,3.50,
2026-09-02T18:52:42,2,1.847,47.76,45.8180,26.9,1.848,47.83,4.05,-118,3.50,
2026-09-02T18:52:43,2,1.843,47.44,45.8230,26.9,1.851,48.08,4.04,-119,3.50,
2026-09-02T18:52:44,2,1.830,46.41,45.8200,26.9,1.850,48.02,4.06,-118,3.75,
2026-09-02T18:52:45,2,1.843,47.44,45.8210,26.9,1.853,48.28,4.05,-118,3.25,
2026-09-02T18:52:47,2,1.825,46.02,45.8270,26.9,1.848,47.83,4.04,-118,3.50,
2026-09-02T18:52:49,2,1.843,47.44,45.8220,26.9,1.848,47.83,4.05,-119,3.50,
2026-09-02T18:52:50,2,1.828,46.28,45.8270,26.9,1.847,47.76,4.05,-119,3.00,
2026-09-02T18:52:51,2,1.846,47.70,45.8240,26.9,1.849,47.89,4.05,-119,3.50,
2026-09-02T18:52:52,2,1.845,47.63,45.8380,26.9,1.854,48.34,4.03,-119,3.00,
2026-09-02T18:52:53,2,1.832,46.54,45.8420,26.9,1.851,48.08,4.05,-118,3.75,
2026-09-02T18:52:54,2,1.846,47.70,45.8520,26.9,1.848,47.83,4.05,-119,4.25,
2026-09-02T18:52:55,2,1.831,46.47,45.8440,26.9,1.847,47.76,4.05,-119,3.25,
2026-09-02T18:52:56,2,1.831,46.47,45.8350,26.9,1.849,47.96,4.06,-119,3.25,
2026-09-02T18:52:57,2,1.845,47.63,45.8430,26.9,1.848,47.83,4.05,-119,3.50,
2026-09-02T18:52:59,2,1.830,46.41,45.8390,26.9,1.849,47.96,4.05,-119,3.50,
2026-09-02T18:53:00,2,1.849,47.89,45.8530,26.9,1.850,48.02,4.05,-119,3.75,
2026-09-02T18:53:01,2,1.845,47.57,45.8520,26.9,1.849,47.96,4.03,-119,3.50,
2026-09-02T18:53:02,2,1.834,46.73,45.8570,26.9,1.851,48.08,4.05,-119,3.50,
2026-09-02T18:53:03,2,1.845,47.57,45.8500,26.9,1.849,47.96,4.05,-119,3.25,
2026-09-02T18:53:04,2,1.830,46.41,45.8550,26.9,1.853,48.21,4.05,-119,3.25,
2026-09-02T18:53:05,2,1.828,46.28,45.8530,26.9,1.848,47.83,4.06,-119,3.00,
2026-09-02T18:53:06,2,1.845,47.57,45.8530,26.9,1.852,48.15,4.05,-118,3.50,
2026-09-02T18:53:07,2,1.829,46.34,45.8520,26.9,1.851,48.08,4.05,-119,3.25,
2026-09-02T18:53:08,2,1.849,47.89,45.8550,26.9,1.850,48.02,4.04,-119,3.25,
2026-09-02T18:53:09,2,1.845,47.57,45.8560,26.9,1.852,48.15,4.04,-119,3.50,
2026-09-02T18:53:11,2,1.831,46.47,45.8580,26.9,1.850,48.02,4.05,-118,3.50,
2026-09-02T18:53:12,2,1.845,47.63,45.8480,26.9,1.849,47.96,4.05,-119,3.25,
2026-09-02T18:53:13,2,1.832,46.54,45.8500,26.9,1.852,48.15,4.05,-118,3.25,
2026-09-02T18:53:14,2,1.832,46.54,45.8450,26.9,1.848,47.83,4.05,-119,3.50,
2026-09-02T18:53:15,2,1.846,47.70,45.8400,26.9,1.849,47.96,4.05,-119,3.75,
2026-09-02T18:53:16,2,1.834,46.73,45.8590,26.9,1.851,48.08,4.05,-119,3.25,
2026-09-02T18:53:18,2,1.844,47.50,45.8520,26.9,1.862,48.92,4.05,-119,3.75,
2026-09-02T18:53:19,2,1.829,46.34,45.8440,26.9,1.853,48.28,4.05,-119,3.50,
2026-09-02T18:53:20,2,1.846,47.70,45.8370,26.9,1.850,48.02,4.05,-119,3.25,
2026-09-02T18:53:24,2,1.844,47.50,45.8370,26.9,1.849,47.96,4.05,-119,3.50,
2026-09-02T18:53:25,2,1.831,46.47,45.8290,26.9,1.849,47.89,4.05,-118,3.50,
2026-09-02T18:53:26,2,1.828,46.22,45.8280,26.9,1.849,47.96,4.06,-119,3.50,
2026-09-02T18:53:27,2,1.845,47.57,45.8310,26.9,1.849,47.89,4.05,-119,3.25,
2026-09-02T18:53:29,2,1.850,48.02,45.8190,26.9,1.849,47.96,4.05,-119,3.50,
2026-09-02T18:53:30,2,1.844,47.50,45.8200,26.9,1.850,48.02,4.03,-119,3.75,
2026-09-02T18:53:31,2,1.830,46.41,45.8260,26.9,1.849,47.89,4.05,-119,3.25,
2026-09-02T18:53:32,2,1.845,47.63,45.8260,26.9,1.849,47.89,4.05,-119,3.50,
2026-09-02T18:53:34,2,1.832,46.54,45.8200,26.9,1.849,47.96,4.05,-119,3.50,
2026-09-02T18:53:35,2,1.818,45.44,45.8250,26.9,1.847,47.76,4.06,-118,3.75,
2026-09-02T18:53:36,2,1.844,47.50,45.8160,26.9,1.849,47.96,4.05,-118,4.00,
2026-09-02T18:53:37,2,1.831,46.47,45.8090,26.9,1.849,47.96,4.05,-119,3.50,
2026-09-02T18:53:38,2,1.847,47.76,45.8150,26.9,1.847,47.76,4.05,-118,4.25,
2026-09-02T18:53:39,2,1.839,47.12,45.8130,26.9,1.851,48.08,4.03,-118,4.00,
2026-09-02T18:53:40,2,1.831,46.47,45.8220,26.9,1.851,48.08,4.05,-119,3.50,
2026-09-02T18:53:41,2,1.833,46.67,45.8130,26.9,1.851,48.08,4.05,-119,3.25,
2026-09-02T18:53:42,2,1.832,46.54,45.8140,26.9,1.853,48.21,4.05,-118,4.00,
2026-09-02T18:53:43,2,1.830,46.41,45.8130,26.9,1.847,47.76,4.05,-118,4.00,
2026-09-02T18:53:44,2,1.843,47.44,45.8020,26.9,1.850,48.02,4.05,-118,4.50,
2026-09-02T18:53:46,2,1.831,46.47,45.8090,26.9,1.853,48.21,4.05,-118,3.50,
2026-09-02T18:53:47,2,1.846,47.70,45.8070,26.9,1.849,47.96,4.05,-119,3.00,
2026-09-02T18:53:48,2,1.828,46.22,45.8030,26.9,1.849,47.96,4.05,-119,3.50,
2026-09-02T18:53:49,2,1.832,46.54,45.8040,26.9,1.852,48.15,4.05,-119,3.50,
2026-09-02T18:53:50,2,1.844,47.50,45.8090,26.9,1.849,47.89,4.05,-119,3.50,
2026-09-02T18:53:51,2,1.830,46.41,45.8160,26.9,1.853,48.28,4.05,-118,4.25,
2026-09-02T18:53:52,2,1.829,46.34,45.8020,26.9,1.849,47.89,4.05,-119,3.75,
2026-09-02T18:53:53,2,1.833,46.67,45.8220,26.9,1.849,47.89,4.05,-119,3.50,
2026-09-02T18:53:54,2,1.829,46.34,45.8170,26.9,1.846,47.70,4.05,-118,3.75,
2026-09-02T18:53:55,2,1.848,47.83,45.8210,26.9,1.851,48.08,4.05,-119,3.75,
2026-09-02T18:53:56,2,1.845,47.57,45.8270,26.9,1.849,47.96,4.04,-119,3.75,
2026-09-02T18:53:58,2,1.845,47.57,45.8250,26.9,1.850,48.02,4.05,-118,3.50,
2026-09-02T18:53:59,2,1.846,47.70,45.8250,26.9,1.849,47.89,4.05,-119,3.50,
2026-09-02T18:54:00,2,1.841,47.25,45.8230,26.9,1.850,48.02,4.03,-119,3.50,
2026-09-02T18:54:01,2,1.833,46.60,45.8230,26.9,1.851,48.08,4.05,-118,4.00,
2026-09-02T18:54:02,2,1.844,47.50,45.8300,26.9,1.848,47.83,4.05,-119,3.75,
2026-09-02T18:54:03,2,1.827,46.15,45.8350,26.9,1.851,48.08,4.05,-118,3.25,
2026-09-02T18:54:04,2,1.829,46.34,45.8510,26.9,1.852,48.15,4.06,-118,3.50,
2026-09-02T18:54:05,2,1.841,47.25,45.8430,26.9,1.849,47.96,4.05,-118,3.75,
2026-09-02T18:54:06,2,1.818,45.44,45.8400,26.9,1.850,48.02,4.05,-119,3.50,
2026-09-02T18:54:07,2,1.846,47.70,45.8370,26.9,1.849,47.96,4.05,-119,3.50,
2026-09-02T18:54:10,2,1.831,46.47,45.8390,26.9,1.844,47.50,4.05,-119,3.25,
2026-09-02T18:54:11,2,1.844,47.50,45.8390,26.9,1.847,47.76,4.05,-119,3.50,
2026-09-02T18:54:12,2,1.831,46.47,45.8300,26.9,1.849,47.96,4.05,-119,3.25,
2026-09-02T18:54:13,2,1.831,46.47,45.8330,26.9,1.849,47.96,4.05,-119,3.50,
2026-09-02T18:54:15,2,1.826,46.09,45.8240,26.9,1.850,48.02,4.05,-118,3.75,
2026-09-02T18:54:16,2,1.845,47.63,45.8200,26.9,1.851,48.08,4.05,-118,3.50,
2026-09-02T18:54:17,2,1.841,47.25,45.8160,26.9,1.850,48.02,4.05,-118,4.00,
2026-09-02T18:54:18,2,1.824,45.89,45.8160,26.9,1.851,48.08,4.05,-118,4.00,
2026-09-02T18:54:21,2,1.833,46.60,45.8220,26.9,1.849,47.96,4.05,-118,4.00,
2026-09-02T18:54:22,2,1.833,46.67,45.8150,26.9,1.853,48.21,4.05,-118,4.25,
2026-09-02T18:54:23,2,1.845,47.57,45.8030,26.9,1.850,48.02,4.05,-118,3.25,
2026-09-02T18:54:24,2,1.827,46.15,45.8100,26.9,1.849,47.89,4.05,-118,3.75,
2026-09-02T18:54:26,2,1.841,47.31,45.8030,26.9,1.849,47.89,4.05,-119,3.75,
2026-09-02T18:54:27,2,1.830,46.41,45.7910,26.9,1.850,48.02,4.05,-118,3.75,
2026-09-02T18:54:28,2,1.844,47.50,45.7850,26.9,1.850,48.02,4.05,-118,3.75,
2026-09-02T18:54:29,2,1.830,46.41,45.7840,26.9,1.849,47.96,4.04,-118,3.75,
2026-09-02T18:54:31,2,1.843,47.44,45.7840,26.9,1.847,47.76,4.05,-119,4.75,
2026-09-02T18:54:33,2,1.830,46.41,45.7760,26.9,1.849,47.89,4.05,-118,3.50,
2026-09-02T18:54:34,2,1.848,47.83,45.7720,26.9,1.851,48.08,4.04,-118,3.75,
2026-09-02T18:54:35,2,1.841,47.31,45.7710,26.9,1.850,48.02,4.05,-118,3.50,
2026-09-02T18:54:36,2,1.830,46.41,45.7750,26.9,1.850,48.02,4.04,-119,4.00,
2026-09-02T18:54:37,2,1.845,47.63,45.7780,26.9,1.846,47.70,4.05,-118,3.50,
2026-09-02T18:54:38,2,1.831,46.47,45.7840,26.9,1.851,48.08,4.04,-118,3.75,
2026-09-02T18:54:39,2,1.831,46.47,45.7870,26.9,1.851,48.08,4.05,-119,3.75,
2026-09-02T18:54:40,2,1.841,47.25,45.7840,26.9,1.848,47.83,4.05,-118,3.50,
2026-09-02T18:54:41,2,1.830,46.41,45.7810,26.9,1.850,48.02,4.04,-118,4.25,
2026-09-02T18:54:42,2,1.847,47.76,45.7980,26.9,1.851,48.08,4.03,-118,4.00,
2026-09-02T18:54:43,2,1.842,47.38,45.7870,26.9,1.849,47.89,4.05,-118,4.00,
2026-09-02T18:54:45,2,1.829,46.34,45.7880,26.9,1.851,48.08,4.05,-118,4.25,
2026-09-02T18:54:46,2,1.845,47.63,45.7820,26.9,1.848,47.83,4.05,-119,4.25,
2026-09-02T18:54:47,2,1.831,46.47,45.7830,26.9,1.849,47.89,4.07,-118,4.00,
2026-09-02T18:54:48,2,1.833,46.60,45.7930,26.9,1.849,47.96,4.05,-119,4.00,
2026-09-02T18:54:49,2,1.841,47.25,45.8020,26.9,1.852,48.15,4.05,-118,4.25,
2026-09-02T18:54:50,2,1.831,46.47,45.7990,26.9,1.850,48.02,4.05,-118,4.25,
2026-09-02T18:54:51,2,1.848,47.83,45.7920,26.9,1.851,48.08,4.03,-119,4.25,
2026-09-02T18:54:52,2,1.844,47.50,45.7990,26.9,1.851,48.08,4.05,-118,4.00,
2026-09-02T18:54:53,2,1.828,46.22,45.8000,26.9,1.850,48.02,4.05,-119,4.25,
2026-09-02T18:54:54,2,1.845,47.63,45.7960,26.9,1.845,47.63,4.05,-118,4.00,
2026-09-02T18:54:56,2,1.828,46.22,45.7890,26.9,1.850,48.02,4.06,-118,3.75,
2026-09-02T18:54:57,2,1.833,46.60,45.7900,26.9,1.849,47.96,4.05,-119,3.75,
2026-09-02T18:54:58,2,1.844,47.50,45.7790,26.9,1.849,47.96,4.05,-119,3.75,
2026-09-02T18:54:59,2,1.831,46.47,45.7810,26.9,1.852,48.15,4.05,-119,4.00,
2026-09-02T18:55:00,2,1.845,47.63,45.7760,26.9,1.855,48.41,4.04,-119,3.50,
2026-09-02T18:55:01,2,1.843,47.44,45.7710,26.9,1.851,48.08,4.05,-118,3.75,
2026-09-02T18:55:02,2,1.831,46.47,45.7700,26.9,1.850,48.02,4.05,-119,3.25,
2026-09-02T18:55:03,2,1.845,47.63,45.7710,26.9,1.848,47.83,4.05,-118,3.50,
2026-09-02T18:55:04,2,1.845,47.57,45.7690,26.9,1.852,48.15,4.05,-118,3.75,
2026-09-02T18:55:05,2,1.830,46.41,45.7720,26.9,1.849,47.96,4.05,-118,4.25,
2026-09-02T18:55:06,2,1.843,47.44,45.7820,26.9,1.848,47.83,4.05,-118,3.75,
2026-09-02T18:55:08,2,1.832,46.54,45.7830,26.9,1.851,48.08,4.04,-119,4.00,
2026-09-02T18:55:09,2,1.844,47.50,45.7720,26.9,1.849,47.89,4.05,-118,4.25,
2026-09-02T18:55:10,2,1.844,47.50,45.7840,26.9,1.843,47.44,4.05,-118,4.00,
2026-09-02T18:55:12,2,1.845,47.57,45.7870,26.9,1.852,48.15,4.04,-118,4.00,
2026-09-02T18:55:13,2,1.843,47.44,45.7920,26.9,1.848,47.83,4.05,-118,4.25,
2026-09-02T18:55:14,2,1.829,46.34,45.7930,26.9,1.854,48.34,4.05,-118,4.50,
2026-09-02T18:55:15,2,1.842,47.38,45.8020,26.9,1.849,47.96,4.05,-118,4.00,
2026-09-02T18:55:17,2,1.827,46.15,45.7950,26.9,1.857,48.54,4.05,-118,4.00,
2026-09-02T18:55:18,2,1.838,47.05,45.7950,26.9,1.851,48.08,4.05,-119,3.50,
2026-09-02T18:55:20,2,1.831,46.47,45.7900,26.9,1.852,48.15,4.05,-118,3.75,
2026-09-02T18:55:21,2,1.846,47.70,45.7930,26.9,1.853,48.21,4.04,-119,3.50,
2026-09-02T18:55:23,2,1.832,46.54,45.7970,26.9,1.851,48.08,4.05,-119,3.25,
2026-09-02T18:55:24,2,1.845,47.57,45.8010,26.9,1.853,48.21,4.05,-119,3.50,
2026-09-02T18:55:25,2,1.830,46.41,45.8020,26.9,1.848,47.83,4.06,-119,3.00,
2026-09-02T18:55:26,2,1.832,46.54,45.7960,26.9,1.851,48.08,4.05,-119,3.50,
2026-09-02T18:55:27,2,1.841,47.25,45.7920,26.9,1.849,47.96,4.05,-119,3.25,
2026-09-02T18:55:28,2,1.834,46.73,45.7950,26.9,1.851,48.08,4.04,-119,3.25,
2026-09-02T18:55:29,2,1.845,47.63,45.7880,26.9,1.853,48.21,4.03,-119,3.00,
2026-09-02T18:55:30,2,1.841,47.25,45.7880,26.9,1.849,47.89,4.05,-119,3.00,
2026-09-02T18:55:32,2,1.830,46.41,45.7820,26.9,1.849,47.96,4.05,-119,3.25,
2026-09-02T18:55:33,2,1.842,47.38,45.7820,26.9,1.849,47.96,4.05,-119,3.25,
2026-09-02T18:55:34,2,1.829,46.34,45.7820,26.9,1.845,47.63,4.06,-119,3.25,
2026-09-02T18:55:35,2,1.829,46.34,45.7850,26.9,1.850,48.02,4.05,-119,3.25,
2026-09-02T18:55:36,2,1.846,47.70,45.7850,26.9,1.852,48.15,4.05,-118,3.50,
2026-09-02T18:55:37,2,1.830,46.41,45.7790,26.9,1.851,48.08,4.05,-118,3.75,
2026-09-02T18:55:38,2,1.848,47.83,45.7890,26.9,1.852,48.15,4.03,-118,4.00,
2026-09-02T18:55:39,2,1.844,47.50,45.7900,26.9,1.853,48.21,4.04,-118,3.50,
2026-09-02T18:55:40,2,1.832,46.54,45.7950,26.9,1.849,47.96,4.05,-119,3.25,
2026-09-02T18:55:41,2,1.844,47.50,45.7900,26.9,1.849,47.96,4.05,-118,3.75,
2026-09-02T18:55:42,2,1.831,46.47,45.7780,26.9,1.848,47.83,4.06,-118,3.75,
2026-09-02T18:55:44,2,1.831,46.47,45.7870,26.9,1.850,48.02,4.05,-118,4.00,
2026-09-02T18:55:45,2,1.843,47.44,45.7860,26.9,1.849,47.96,4.05,-118,3.75,
2026-09-02T18:55:46,2,1.829,46.34,45.7880,26.9,1.849,47.96,4.05,-119,4.00,
2026-09-02T18:55:47,2,1.850,48.02,45.7880,26.9,1.851,48.08,4.03,-118,4.00,
2026-09-02T18:55:48,2,1.843,47.44,45.7880,26.9,1.853,48.21,4.05,-118,4.00,
2026-09-02T18:55:49,2,1.828,46.22,45.7770,26.9,1.849,47.96,4.05,-118,4.25,
2026-09-02T18:55:50,2,1.845,47.63,45.7660,26.9,1.853,48.21,4.05,-118,4.25,
2026-09-02T18:55:51,2,1.828,46.22,45.7660,26.9,1.848,47.83,4.06,-118,4.75,
2026-09-02T18:55:52,2,1.829,46.34,45.7640,26.9,1.851,48.08,4.05,-118,4.00,
2026-09-02T18:55:53,2,1.843,47.44,45.7610,26.9,1.849,47.96,4.05,-118,3.75,
2026-09-02T18:55:55,2,1.829,46.34,45.7690,26.9,1.842,47.38,4.06,-118,4.00,
2026-09-02T18:55:56,2,1.845,47.63,45.7550,26.9,1.851,48.08,4.03,-118,3.50,
2026-09-02T18:55:57,2,1.841,47.31,45.7600,26.9,1.848,47.83,4.05,-118,3.75,
2026-09-02T18:55:58,2,1.829,46.34,45.7600,26.9,1.851,48.08,4.05,-118,3.75,
2026-09-02T18:55:59,2,1.849,47.89,45.7560,26.9,1.850,48.02,4.03,-118,3.75,
2026-09-02T18:56:00,2,1.829,46.34,45.7410,26.9,1.848,47.83,4.06,-118,4.00,
2026-09-02T18:56:01,2,1.828,46.28,45.7480,26.9,1.838,47.05,4.05,-118,4.00,
2026-09-02T18:56:02,2,1.833,46.60,45.7590,26.9,1.850,48.02,4.05,-118,3.75,
2026-09-02T18:56:03,2,1.827,46.15,45.7500,26.9,1.849,47.96,4.06,-118,4.25,
2026-09-02T18:56:04,2,1.831,46.47,45.7480,26.9,1.850,48.02,4.05,-118,4.25,
2026-09-02T18:56:05,2,1.843,47.44,45.7410,26.9,1.849,47.96,4.05,-118,4.00,
2026-09-02T18:56:07,2,1.833,46.67,45.7430,26.9,1.849,47.89,4.04,-118,3.75,
2026-09-02T18:56:09,2,1.841,47.25,45.7520,26.9,1.849,47.89,4.05,-118,3.50,
2026-09-02T18:56:10,2,1.828,46.22,45.7520,26.9,1.851,48.08,4.05,-118,3.75,
2026-09-02T18:56:11,2,1.842,47.38,45.7660,26.9,1.848,47.83,4.05,-118,4.00,
2026-09-02T18:56:12,2,1.829,46.34,45.7670,26.9,1.848,47.83,4.06,-118,3.50,
2026-09-02T18:56:14,2,1.842,47.38,45.7640,26.9,1.849,47.96,4.05,-119,3.75,
2026-09-02T18:56:15,2,1.829,46.34,45.7760,26.9,1.851,48.08,4.04,-118,3.75,
2026-09-02T18:56:16,2,1.845,47.57,45.7810,26.9,1.853,48.28,4.04,-118,4.00,
2026-09-02T18:56:17,2,1.842,47.38,45.7900,26.9,1.846,47.70,4.05,-118,4.00,
2026-09-02T18:56:20,2,1.842,47.38,45.7930,26.9,1.841,47.31,4.05,-119,3.75,
2026-09-02T18:56:21,2,1.829,46.34,45.7940,26.9,1.849,47.89,4.06,-119,3.75,
2026-09-02T18:56:22,2,1.830,46.41,45.7870,26.9,1.849,47.96,4.05,-118,4.50,
2026-09-02T18:56:23,2,1.845,47.57,45.7870,26.9,1.863,49.05,4.05,-119,3.50,
2026-09-02T18:56:25,2,1.849,47.89,45.7900,26.9,1.853,48.21,4.03,-118,3.75,
2026-09-02T18:56:26,2,1.843,47.44,45.7930,26.9,1.852,48.15,4.05,-119,3.00,
2026-09-02T18:56:27,2,1.833,46.60,45.7890,26.9,1.848,47.83,4.04,-118,4.25,
2026-09-02T18:56:28,2,1.846,47.70,45.7830,26.9,1.852,48.15,4.04,-119,3.75,
2026-09-02T18:56:29,2,1.827,46.15,45.7820,26.9,1.851,48.08,4.07,-119,3.50,
2026-09-02T18:56:31,2,1.827,46.15,45.7760,26.9,1.851,48.08,4.05,-120,3.00,
2026-09-02T18:56:32,2,1.843,47.44,45.7720,26.9,1.848,47.83,4.05,-119,3.75,
2026-09-02T18:56:33,2,1.828,46.28,45.7650,26.9,1.846,47.70,4.06,-119,3.25,
2026-09-02T18:56:34,2,1.847,47.76,45.7540,26.9,1.852,48.15,4.03,-118,3.50,
2026-09-02T18:56:35,2,1.840,47.18,45.7470,26.9,1.853,48.21,4.04,-118,4.00,
2026-09-02T18:56:36,2,1.828,46.22,45.7370,26.9,1.851,48.08,4.04,-118,4.00,
2026-09-02T18:56:37,2,1.843,47.44,45.7240,26.9,1.849,47.96,4.04,-118,4.25,
2026-09-02T18:56:38,2,1.828,46.22,45.7240,26.9,1.848,47.83,4.06,-118,3.75,
2026-09-02T18:56:39,2,1.828,46.28,45.7240,26.9,1.850,48.02,4.05,-118,3.75,
2026-09-02T18:56:40,2,1.843,47.44,45.7220,26.9,1.848,47.83,4.05,-118,4.50,
2026-09-02T18:56:42,2,1.828,46.28,45.7220,26.9,1.849,47.89,4.07,-118,4.25,
2026-09-02T18:56:43,2,1.846,47.70,45.7150,26.9,1.849,47.96,4.03,-118,3.75,
2026-09-02T18:56:44,2,1.842,47.38,45.7120,26.9,1.849,47.96,4.05,-118,4.00,
2026-09-02T18:56:45,2,1.828,46.28,45.7070,26.9,1.850,48.02,4.05,-118,4.00,
2026-09-02T18:56:46,2,1.845,47.57,45.7080,26.9,1.851,48.08,4.03,-118,5.00,
2026-09-02T18:56:47,2,1.829,46.34,45.6990,26.9,1.849,47.89,4.06,-118,4.25,
2026-09-02T18:56:48,2,1.829,46.34,45.7090,26.9,1.849,47.96,4.05,-118,4.00,
2026-09-02T18:56:49,2,1.841,47.31,45.7100,26.9,1.849,47.89,4.05,-118,4.00,
2026-09-02T18:56:50,2,1.828,46.22,45.7110,26.9,1.849,47.96,4.06,-118,4.25,
2026-09-02T18:56:51,2,1.847,47.76,45.7160,26.9,1.855,48.41,4.03,-118,4.00,
2026-09-02T18:56:52,2,1.841,47.31,45.7190,26.9,1.849,47.96,4.05,-118,3.75,
2026-09-02T18:56:54,2,1.828,46.28,45.7210,26.9,1.851,48.08,4.05,-118,3.75,
2026-09-02T18:56:55,2,1.854,48.34,45.7310,26.9,1.851,48.08,4.03,-118,4.00,
2026-09-02T18:56:56,2,1.829,46.34,45.7260,26.9,1.847,47.76,4.06,-118,3.75,
2026-09-02T18:56:57,2,1.828,46.22,45.7320,26.9,1.849,47.96,4.05,-118,4.00,
2026-09-02T18:56:58,2,1.845,47.57,45.7380,26.9,1.851,48.08,4.04,-119,4.25,
2026-09-02T18:56:59,2,1.833,46.60,45.7360,26.9,1.849,47.89,4.06,-118,4.25,
2026-09-02T18:57:00,2,1.847,47.76,45.7420,26.9,1.851,48.08,4.03,-118,4.00,
2026-09-02T18:57:01,2,1.839,47.12,45.7400,26.9,1.838,47.05,4.05,-118,4.00,
2026-09-02T18:57:02,2,1.828,46.28,45.7500,26.9,1.849,47.96,4.06,-118,4.50,
2026-09-02T18:57:03,2,1.843,47.44,45.7590,26.9,1.850,48.02,4.03,-118,4.00,
2026-09-02T18:57:04,2,1.828,46.28,45.7590,26.9,1.848,47.00,0.00,-109,0.00,
2026-09-02T18:57:06,2,1.829,46.34,45.7600,26.9,1.850,48.02,4.05,-118,4.50,
2026-09-02T18:57:07,2,1.841,47.31,45.7580,26.9,1.850,48.02,4.03,-118,4.00,
2026-09-02T18:57:08,2,1.830,46.41,45.7630,26.9,1.848,47.83,4.06,-118,4.00,
2026-09-02T18:57:09,2,1.845,47.57,45.7580,26.9,1.854,48.34,4.03,-118,4.25,
2026-09-02T18:57:11,2,1.828,46.28,45.7610,26.9,1.863,49.05,4.06,-118,4.50,
2026-09-02T18:57:12,2,1.844,47.50,45.7680,26.9,1.855,48.41,4.03,-118,4.00,
2026-09-02T18:57:13,2,1.833,46.60,45.7750,26.9,1.848,47.83,4.05,-118,4.00,
2026-09-02T18:57:14,2,1.828,46.28,45.7720,26.9,1.851,48.08,4.05,-119,3.50,
2026-09-02T18:57:16,2,1.837,46.92,45.7770,26.9,1.844,47.50,4.06,-118,4.50,
2026-09-02T18:57:18,2,1.829,46.34,45.7760,26.9,1.849,47.96,4.05,-118,4.25,
2026-09-02T18:57:19,2,1.844,47.50,45.7810,26.9,1.848,47.83,4.05,-118,4.00,
2026-09-02T18:57:20,2,1.827,46.15,45.7790,26.9,1.849,47.96,4.06,-118,4.75,
2026-09-02T18:57:22,2,1.842,47.38,45.7630,26.9,1.849,47.96,4.05,-119,3.75,
2026-09-02T18:57:23,2,1.833,46.60,45.7580,26.9,1.850,48.02,4.04,-118,4.25,
2026-09-02T18:57:24,2,1.845,47.57,45.7540,26.9,1.849,47.96,4.03,-119,3.75,
2026-09-02T18:57:25,2,1.829,46.34,45.7750,26.9,1.849,47.89,4.06,-118,4.00,
2026-09-02T18:57:26,2,1.828,46.28,45.7620,26.9,1.849,47.96,4.05,-118,3.75,
2026-09-02T18:57:27,2,1.844,47.50,45.7630,26.9,1.849,47.89,4.03,-118,4.00,
2026-09-02T18:57:29,2,1.831,46.47,45.7640,26.9,1.846,47.70,4.06,-118,3.50,
2026-09-02T18:57:30,2,1.845,47.63,45.7820,26.9,1.851,48.08,4.03,-118,4.00,
2026-09-02T18:57:31,2,1.842,47.38,45.7780,26.9,1.853,48.21,4.04,-118,4.00,
2026-09-02T18:57:32,2,1.820,45.57,45.7780,26.9,1.847,47.76,4.06,-119,3.50,
2026-09-02T18:57:33,2,1.845,47.63,45.7770,26.9,1.853,48.21,4.03,-119,3.50,
2026-09-02T18:57:34,2,1.829,46.34,45.7740,26.9,1.846,47.70,4.06,-119,3.50,
2026-09-02T18:57:35,2,1.828,46.28,45.7760,26.9,1.854,48.34,4.04,-118,3.50,
2026-09-02T18:57:36,2,1.842,47.38,45.7730,26.9,1.851,48.08,4.04,-118,3.75,
2026-09-02T18:57:37,2,1.829,46.34,45.7720,26.9,1.850,48.02,4.06,-119,4.00,
2026-09-02T18:57:38,2,1.845,47.57,45.7700,26.9,1.851,48.08,4.03,-118,4.00,
2026-09-02T18:57:39,2,1.841,47.31,45.7630,26.9,1.849,47.96,4.05,-118,3.75,
2026-09-02T18:57:41,2,1.833,46.60,45.7640,26.9,1.850,48.02,4.06,-119,3.50,
2026-09-02T18:57:42,2,1.845,47.57,45.7640,26.9,1.851,48.08,4.04,-119,3.75,
2026-09-02T18:57:43,2,1.832,46.54,45.7700,26.9,1.846,47.70,4.06,-118,3.50,
2026-09-02T18:57:44,2,1.831,46.47,45.7680,26.9,1.849,47.96,4.05,-118,4.00,
2026-09-02T18:57:45,2,1.843,47.44,45.7720,26.9,1.851,48.08,4.04,-118,4.00,
2026-09-02T18:57:46,2,1.828,46.28,45.7780,26.9,1.846,47.70,4.06,-118,3.75,
2026-09-02T18:57:47,2,1.845,47.57,45.7770,26.9,1.851,48.08,4.03,-118,3.75,
2026-09-02T18:57:48,2,1.841,47.31,45.7710,26.9,1.849,47.89,4.05,-119,3.75,
2026-09-02T18:57:49,2,1.831,46.47,45.7650,26.9,1.840,47.18,4.06,-118,3.75,
2026-09-02T18:57:50,2,1.845,47.57,45.7740,26.9,1.852,48.15,4.03,-118,3.50,
2026-09-02T18:57:51,2,1.828,46.28,45.7690,26.9,1.849,47.89,4.06,-118,4.00,
2026-09-02T18:57:53,2,1.832,46.54,45.7650,26.9,1.844,47.50,4.05,-119,3.50,
2026-09-02T18:57:54,2,1.841,47.31,45.7640,26.9,1.851,48.08,4.03,-119,3.75,
2026-09-02T18:57:55,2,1.828,46.22,45.7580,26.9,1.845,47.57,4.06,-118,3.50,
2026-09-02T18:57:56,2,1.849,47.96,45.7570,26.9,1.850,48.02,4.03,-119,3.75,
2026-09-02T18:57:57,2,1.843,47.44,45.7610,26.9,1.847,47.76,4.05,-119,4.00,
2026-09-02T18:57:58,2,1.827,46.15,45.7550,26.9,1.846,47.70,4.06,-118,4.00,
2026-09-02T18:57:59,2,1.845,47.57,45.7580,26.9,1.851,48.08,4.03,-118,3.75,
2026-09-02T18:58:00,2,1.827,46.15,45.7550,26.9,1.849,47.89,4.06,-118,3.50,
2026-09-02T18:58:01,2,1.828,46.28,45.7580,26.9,1.851,48.08,4.00,-113,3.25,
2026-09-02T18:58:02,2,1.844,47.50,45.7590,26.9,1.843,47.44,4.04,-118,3.75,
2026-09-02T18:58:03,2,1.829,46.34,45.7700,26.9,1.849,47.89,4.06,-118,3.50,
2026-09-02T18:58:05,2,1.848,47.83,45.7530,26.9,1.852,48.15,4.03,-118,3.75,
2026-09-02T18:58:06,2,1.844,47.50,45.7490,26.9,1.849,47.89,4.04,-118,4.00,
2026-09-02T18:58:08,2,1.844,47.50,45.7510,26.9,1.852,48.15,4.03,-119,3.50,
2026-09-02T18:58:09,2,1.844,47.50,45.7510,26.9,1.848,47.83,4.06,-118,3.50,
2026-09-02T18:58:10,2,1.829,46.34,45.7410,26.9,1.845,47.63,4.06,-118,3.75,
2026-09-02T18:58:11,2,1.846,47.70,45.7410,26.9,1.852,48.15,4.04,-118,4.00,
2026-09-02T18:58:13,2,1.846,47.70,45.7300,26.9,1.853,48.21,4.03,-118,3.75,
2026-09-02T18:58:14,2,1.842,47.38,45.7350,26.9,1.853,48.21,4.03,-118,4.50,
2026-09-02T18:58:16,2,1.828,46.28,45.7290,26.9,1.846,47.70,4.06,-118,4.00,
2026-09-02T18:58:17,2,1.845,47.57,45.7230,26.9,1.849,47.89,4.03,-118,4.25,
2026-09-02T18:58:19,2,1.828,46.28,45.7210,26.9,1.849,47.96,4.06,-118,3.50,
2026-09-02T18:58:20,2,1.842,47.38,45.7240,26.9,1.850,48.02,4.03,-119,3.50,
2026-09-02T18:58:21,2,1.829,46.34,45.7230,26.9,1.849,47.89,4.06,-119,3.75,
2026-09-02T18:58:22,2,1.849,47.89,45.7140,26.9,1.866,49.25,4.02,-118,4.00,
2026-09-02T18:58:23,2,1.839,47.12,45.7060,26.9,1.851,48.08,4.03,-118,4.25,
2026-09-02T18:58:24,2,1.828,46.28,45.7120,26.9,1.848,47.83,4.06,-118,3.75,
2026-09-02T18:58:25,2,1.845,47.57,45.7110,26.9,1.851,48.08,4.03,-118,3.50,
2026-09-02T18:58:26,2,1.829,46.34,45.7190,26.9,1.849,47.96,4.06,-118,4.00,
2026-09-02T18:58:28,2,1.826,46.09,45.7130,26.9,1.847,47.76,4.06,-118,4.00,
2026-09-02T18:58:29,2,1.844,47.50,45.7160,26.9,1.851,48.08,4.04,-118,4.00,
2026-09-02T18:58:30,2,1.828,46.22,45.7240,26.9,1.848,47.83,4.06,-118,4.00,
2026-09-02T18:58:31,2,1.849,47.89,45.7230,26.9,1.850,48.02,4.03,-118,4.00,
2026-09-02T18:58:32,2,1.842,47.38,45.7340,26.9,1.854,48.34,4.03,-118,3.75,
2026-09-02T18:58:33,2,1.830,46.41,45.7420,26.9,1.851,48.08,4.06,-118,3.75,
2026-09-02T18:58:34,2,1.845,47.57,45.7350,26.9,1.850,48.02,4.03,-118,4.25,
2026-09-02T18:58:35,2,1.828,46.22,45.7390,26.9,1.846,47.70,4.06,-118,3.75,
2026-09-02T18:58:36,2,1.828,46.28,45.7400,26.9,1.847,47.76,4.06,-118,4.25,
2026-09-02T18:58:37,2,1.841,47.31,45.7400,26.9,1.850,48.02,4.04,-118,4.50,
2026-09-02T18:58:38,2,1.828,46.28,45.7500,26.9,1.849,47.89,4.06,-118,4.25,
2026-09-02T18:58:40,2,1.841,47.31,45.7510,26.9,1.847,47.76,4.05,-118,4.00,
2026-09-02T18:58:41,2,1.846,47.70,45.7420,26.9,1.850,48.02,4.03,-118,4.25,
2026-09-02T18:58:42,2,1.828,46.22,45.7400,26.9,1.847,47.76,4.06,-118,4.25,
2026-09-02T18:58:43,2,1.844,47.50,45.7400,26.9,1.852,48.15,4.03,-118,4.00,
2026-09-02T18:58:44,2,1.833,46.67,45.7450,26.9,1.851,48.08,4.03,-118,4.00,
2026-09-02T18:58:45,2,1.830,46.41,45.7430,26.9,1.848,47.83,4.06,-118,3.75,
2026-09-02T18:58:46,2,1.844,47.50,45.7320,26.9,1.847,47.76,4.03,-119,4.00,
2026-09-02T18:58:47,2,1.826,46.09,45.7310,26.9,1.847,47.76,4.06,-118,4.50,
2026-09-02T18:58:48,2,1.828,46.22,45.7360,26.9,1.848,47.83,4.06,-118,4.25,
2026-09-02T18:58:49,2,1.843,47.44,45.7310,26.9,1.850,48.02,4.03,-118,4.00,
2026-09-02T18:58:50,2,1.828,46.22,45.7330,26.9,1.848,47.83,4.06,-118,4.25,
2026-09-02T18:58:52,2,1.845,47.63,45.7230,26.9,1.852,48.15,4.03,-119,4.00,
2026-09-02T18:58:53,2,1.843,47.44,45.7240,26.9,1.850,48.02,4.04,-118,4.00,
2026-09-02T18:58:54,2,1.828,46.22,45.7280,26.9,1.850,48.02,4.06,-118,4.25,
2026-09-02T18:58:55,2,1.842,47.38,45.7290,26.9,1.850,48.02,4.03,-118,3.75,
2026-09-02T18:58:56,2,1.827,46.15,45.7260,26.9,1.841,47.31,4.06,-119,3.50,
2026-09-02T18:58:57,2,1.828,46.22,45.7200,26.9,1.848,47.83,4.06,-118,3.75,
2026-09-02T18:58:58,2,1.845,47.57,45.7190,26.9,1.853,48.21,4.03,-119,3.25,
2026-09-02T18:58:59,2,1.831,46.47,45.7250,26.9,1.848,47.83,4.06,-119,3.75,
2026-09-02T18:59:00,2,1.845,47.57,45.7330,26.9,1.855,48.41,4.03,-118,3.50,
2026-09-02T18:59:01,2,1.845,47.63,45.7360,26.9,1.850,48.02,4.04,-118,3.75,
2026-09-02T18:59:03,2,1.828,46.22,45.7390,26.9,1.847,47.76,4.06,-118,3.50,
2026-09-02T18:59:05,2,1.828,46.28,45.7510,26.9,1.842,47.38,4.06,-119,3.50,
2026-09-02T18:59:06,2,1.829,46.34,45.7630,26.9,1.846,47.70,4.06,-119,3.50,
2026-09-02T18:59:07,2,1.841,47.25,45.7630,26.9,1.851,48.08,4.03,-119,3.25,
2026-09-02T18:59:08,2,1.829,46.34,45.7600,26.9,1.847,47.76,4.05,-118,3.75,
2026-09-02T18:59:10,2,1.841,47.25,45.7680,26.9,1.851,48.08,4.04,-119,3.50,
2026-09-02T18:59:11,2,1.828,46.28,45.7700,26.9,1.845,47.63,4.06,-118,3.50,
2026-09-02T18:59:12,2,1.844,47.50,45.7690,26.9,1.850,48.02,4.03,-119,3.25,
2026-09-02T18:59:13,2,1.820,45.57,45.7680,26.9,1.848,47.83,4.05,-118,3.25,
2026-09-02T18:59:16,2,1.845,47.63,45.7670,26.9,1.849,47.96,4.04,-119,3.25,
2026-09-02T18:59:17,2,1.827,46.15,45.7730,26.9,1.847,47.76,4.06,-119,3.50,
2026-09-02T18:59:18,2,1.846,47.70,45.7720,26.9,1.848,47.83,4.05,-119,3.75,
2026-09-02T18:59:19,2,1.841,47.31,45.7660,26.9,1.848,47.83,4.03,-119,3.50,
2026-09-02T18:59:20,2,1.830,46.41,45.7660,26.9,1.848,47.83,4.06,-118,3.25,
2026-09-02T18:59:21,2,1.844,47.50,45.7770,26.9,1.851,48.08,4.03,-119,3.50,
2026-09-02T18:59:22,2,1.829,46.34,45.7740,26.9,1.849,47.96,4.05,-119,3.50,
2026-09-02T18:59:23,2,1.828,46.22,45.7770,26.9,1.845,47.63,4.06,-119,3.50,
2026-09-02T18:59:24,2,1.844,47.50,45.7710,26.9,1.850,48.02,4.03,-119,3.50,
2026-09-02T18:59:25,2,1.828,46.22,45.7630,26.9,1.847,47.76,4.06,-118,3.50,
2026-09-02T18:59:27,2,1.846,47.70,45.7690,26.9,1.849,47.89,4.04,-119,3.75,
2026-09-02T18:59:28,2,1.845,47.63,45.7620,26.9,1.852,48.15,4.03,-119,3.50,
2026-09-02T18:59:29,2,1.829,46.34,45.7630,26.9,1.849,47.89,4.06,-118,3.75,
2026-09-02T18:59:30,2,1.845,47.63,45.7630,26.9,1.853,48.28,4.03,-119,3.25,
2026-09-02T18:59:31,2,1.830,46.41,45.7570,26.9,1.848,47.83,4.05,-119,4.00,
2026-09-02T18:59:32,2,1.841,47.25,45.7570,26.9,1.848,47.83,4.06,-118,3.75,
2026-09-02T18:59:33,2,1.845,47.57,45.7500,26.9,1.851,48.08,4.03,-119,3.50,
2026-09-02T18:59:34,2,1.828,46.22,45.7500,26.9,1.847,47.76,4.06,-118,3.75,
2026-09-02T18:59:35,2,1.848,47.83,45.7530,26.9,1.848,47.83,4.04,-118,3.75,
2026-09-02T18:59:36,2,1.844,47.50,45.7500,26.9,1.849,47.96,4.03,-119,4.00,
2026-09-02T18:59:37,2,1.828,46.22,45.7540,26.9,1.848,47.83,4.06,-118,4.00,
2026-09-02T18:59:39,2,1.844,47.50,45.7500,26.9,1.848,47.83,4.04,-118,3.75,
2026-09-02T18:59:40,2,1.832,46.54,45.7550,26.9,1.849,47.96,4.05,-119,3.50,
2026-09-02T18:59:41,2,1.828,46.22,45.7530,26.9,1.847,47.76,4.06,-117,4.75,
2026-09-02T18:59:42,2,1.845,47.57,45.7520,26.9,1.852,48.15,4.02,-118,4.00,
2026-09-02T18:59:43,2,1.831,46.47,45.7480,26.9,1.851,48.08,4.05,-118,3.75,
2026-09-02T18:59:44,2,1.851,48.08,45.7470,26.9,1.849,47.96,4.05,-119,3.50,
2026-09-02T18:59:45,2,1.843,47.44,45.7520,26.9,1.847,47.76,4.03,-119,3.75,
2026-09-02T18:59:46,2,1.832,46.54,45.7540,26.9,1.850,48.02,4.06,-119,3.75,
2026-09-02T18:59:47,2,1.844,47.50,45.7600,26.9,1.847,47.76,4.04,-119,3.75,
2026-09-02T18:59:48,2,1.828,46.28,45.7530,26.9,1.849,47.96,4.05,-119,3.50,
2026-09-02T18:59:50,2,1.832,46.54,45.7560,26.9,1.849,47.96,4.06,-119,3.25,
2026-09-02T18:59:51,2,1.845,47.57,45.7500,26.9,1.849,47.96,4.03,-118,3.75,
2026-09-02T18:59:52,2,1.828,46.28,45.7490,26.9,1.849,47.89,4.05,-119,3.50,
2026-09-02T18:59:53,2,1.845,47.57,45.7480,26.9,1.849,47.96,4.04,-119,4.25,
2026-09-02T18:59:54,2,1.845,47.57,45.7540,26.9,1.850,48.02,4.03,-118,4.25,
2026-09-02T18:59:55,2,1.828,46.22,45.7580,26.9,1.849,47.89,4.06,-118,4.50,
2026-09-02T18:59:56,2,1.845,47.57,45.7600,26.9,1.849,47.96,4.04,-118,4.25,
2026-09-02T18:59:57,2,1.831,46.47,45.7610,26.9,1.851,48.08,4.04,-119,4.00,
2026-09-02T18:59:58,2,1.832,46.54,45.7680,26.9,1.849,47.89,4.06,-118,4.25,
2026-09-02T18:59:59,2,1.844,47.50,45.7660,26.9,1.850,48.02,4.03,-118,4.00,
2026-09-02T19:00:02,2,1.831,46.47,45.7510,26.9,1.849,47.96,4.06,-118,4.25,
2026-09-02T19:00:03,2,1.845,47.57,45.7530,26.9,1.850,48.02,4.04,-118,4.50,
2026-09-02T19:00:04,2,1.829,46.34,45.7560,26.9,1.853,48.21,4.06,-118,4.00,
2026-09-02T19:00:05,2,1.848,47.83,45.7460,26.9,1.850,48.02,4.04,-118,4.50,
2026-09-02T19:00:07,2,1.829,46.34,45.7360,26.9,1.847,47.76,4.06,-117,5.25,
2026-09-02T19:00:08,2,1.842,47.38,45.7380,26.9,1.849,47.89,4.05,-118,4.75,
2026-09-02T19:00:09,2,1.830,46.41,45.7410,26.9,1.850,48.02,4.05,-118,4.50,
2026-09-02T19:00:10,2,1.828,46.22,45.7440,26.9,1.850,48.02,4.06,-118,4.25,
2026-09-02T19:00:12,2,1.828,46.28,45.7520,26.9,1.849,47.89,4.05,-118,4.25,
2026-09-02T19:00:14,2,1.845,47.63,45.7470,26.9,1.848,47.83,4.05,-118,4.25,
2026-09-02T19:00:15,2,1.843,47.44,45.7420,26.9,1.852,48.15,4.03,-118,4.25,
2026-09-02T19:00:16,2,1.824,45.89,45.7430,26.9,1.846,47.70,4.06,-118,4.25,
2026-09-02T19:00:17,2,1.845,47.57,45.7350,26.9,1.849,47.89,4.05,-118,4.00,
2026-09-02T19:00:18,2,1.829,46.34,45.7390,26.9,1.852,48.15,4.05,-118,4.00,
2026-09-02T19:00:19,2,1.828,46.28,45.7300,26.9,1.848,47.83,4.06,-118,4.00,
2026-09-02T19:00:20,2,1.842,47.38,45.7430,26.9,1.852,48.15,4.03,-118,4.25,
2026-09-02T19:00:21,2,1.829,46.34,45.7370,26.9,1.849,47.96,4.05,-119,3.75,
2026-09-02T19:00:22,2,1.845,47.57,45.7340,26.9,1.847,47.76,4.05,-119,3.50,
2026-09-02T19:00:23,2,1.843,47.44,45.7260,26.9,1.853,48.28,4.03,-118,3.50,
2026-09-02T19:00:24,2,1.829,46.34,45.7370,26.9,1.848,47.83,4.06,-118,3.75,
2026-09-02T19:00:26,2,1.844,47.50,45.7370,26.9,1.848,47.83,4.04,-118,3.50,
2026-09-02T19:00:27,2,1.829,46.34,45.7440,26.9,1.849,47.89,4.05,-119,3.50,
2026-09-02T19:00:28,2,1.829,46.34,45.7430,26.9,1.850,48.02,4.06,-118,3.50,
2026-09-02T19:00:29,2,1.844,47.50,45.7560,26.9,1.850,48.02,4.03,-119,3.25,
2026-09-02T19:00:30,2,1.828,46.22,45.7490,26.9,1.862,48.99,4.05,-119,3.75,
2026-09-02T19:00:31,2,1.849,47.89,45.7500,26.9,1.849,47.89,4.05,-118,3.50,
2026-09-02T19:00:32,2,1.844,47.50,45.7530,26.9,1.851,48.08,4.03,-118,3.75,
2026-09-02T19:00:33,2,1.828,46.22,45.7600,26.9,1.849,47.89,4.05,-118,4.25,
2026-09-02T19:00:34,2,1.845,47.57,45.7670,26.9,1.849,47.89,4.05,-118,4.25,
2026-09-02T19:00:35,2,1.830,46.41,45.7590,26.9,1.849,47.96,4.04,-119,3.75,
2026-09-02T19:00:37,2,1.827,46.15,45.7610,26.9,1.848,47.83,4.05,-118,4.00,
2026-09-02T19:00:38,2,1.845,47.63,45.7590,26.9,1.848,47.83,4.05,-118,4.25,
2026-09-02T19:00:39,2,1.828,46.28,45.7580,26.9,1.838,47.05,4.05,-118,4.25,
2026-09-02T19:00:40,2,1.846,47.70,45.7720,26.9,1.843,47.44,4.04,-118,4.00,
2026-09-02T19:00:41,2,1.843,47.44,45.7800,26.9,1.852,48.15,4.03,-118,3.75,
2026-09-02T19:00:42,2,1.830,46.41,45.7870,26.9,1.848,47.83,4.05,-118,3.75,
2026-09-02T19:00:43,2,1.843,47.44,45.7990,26.9,1.849,47.89,4.05,-118,4.25,
2026-09-02T19:00:44,2,1.820,45.57,45.8040,26.9,1.848,47.83,4.04,-118,4.50,
2026-09-02T19:00:45,2,1.829,46.34,45.8010,26.9,1.847,47.76,4.06,-118,4.25,
2026-09-02T19:00:46,2,1.842,47.38,45.7950,26.9,1.853,48.21,4.04,-118,3.75,
2026-09-02T19:00:47,2,1.828,46.28,45.7900,26.9,1.845,47.63,4.05,-118,4.25,
2026-09-02T19:00:49,2,1.845,47.63,45.7770,26.9,1.849,47.89,4.05,-118,4.00,
2026-09-02T19:00:50,2,1.843,47.44,45.7750,26.9,1.851,48.08,4.03,-118,4.00,
2026-09-02T19:00:51,2,1.831,46.47,45.7750,26.9,1.841,47.25,4.05,-118,3.75,
2026-09-02T19:00:52,2,1.844,47.50,45.7700,26.9,1.849,47.89,4.05,-118,4.25,
2026-09-02T19:00:53,2,1.830,46.41,45.7620,26.9,1.852,48.15,4.04,-119,4.25,
2026-09-02T19:00:54,2,1.832,46.54,45.7670,26.9,1.845,47.57,4.06,-118,4.50,
2026-09-02T19:00:55,2,1.841,47.31,45.7620,26.9,1.850,48.02,4.05,-118,4.25,
2026-09-02T19:00:56,2,1.829,46.34,45.7760,26.9,1.847,47.76,4.05,-118,3.75,
2026-09-02T19:00:58,2,1.843,47.44,45.7760,26.9,1.849,47.96,4.03,-118,3.75,
2026-09-02T19:00:59,2,1.832,46.54,45.7700,26.9,1.849,47.89,4.04,-118,4.50,
2026-09-02T19:01:01,2,1.848,47.83,45.7610,26.9,1.839,47.12,4.04,-119,4.00,
2026-09-02T19:01:02,2,1.828,46.28,45.7620,26.9,1.849,47.89,4.04,-118,3.75,
2026-09-02T19:01:04,2,1.843,47.44,45.7520,26.9,1.850,48.02,4.04,-118,4.00,
2026-09-02T19:01:05,2,1.829,46.34,45.7510,26.9,1.850,48.02,4.04,-118,4.50,
2026-09-02T19:01:06,2,1.845,47.63,45.7540,26.9,1.841,47.31,4.04,-119,3.50,
2026-09-02T19:01:07,2,1.845,47.63,45.7410,26.9,1.847,47.76,4.05,-119,3.25,
2026-09-02T19:01:09,2,1.844,47.50,45.7360,26.9,1.838,47.05,4.05,-119,3.50,
2026-09-02T19:01:10,2,1.831,46.47,45.7360,26.9,1.849,47.89,4.04,-119,3.50,
2026-09-02T19:01:11,2,1.830,46.41,45.7450,26.9,1.847,47.76,4.05,-119,3.50,
2026-09-02T19:01:13,2,1.840,47.18,45.7350,26.9,1.849,47.89,4.04,-119,3.75,
2026-09-02T19:01:14,2,1.828,46.22,45.7210,26.9,1.848,47.83,4.05,-119,3.50,
2026-09-02T19:01:15,2,1.829,46.34,45.7140,26.9,1.848,47.83,4.06,-119,3.75,
2026-09-02T19:01:16,2,1.841,47.31,45.7250,26.9,1.850,48.02,4.05,-119,3.50,
2026-09-02T19:01:17,2,1.829,46.34,45.7210,26.9,1.849,47.89,4.04,-118,3.50,
2026-09-02T19:01:18,2,1.845,47.57,45.7140,26.9,1.849,47.89,4.04,-119,3.75,
2026-09-02T19:01:19,2,1.842,47.38,45.7110,26.9,1.850,48.02,4.03,-119,3.50,
2026-09-02T19:01:20,2,1.828,46.28,45.7090,26.9,1.849,47.96,4.05,-119,3.50,
2026-09-02T19:01:21,2,1.843,47.44,45.7120,26.9,1.847,47.76,4.05,-119,3.50,
2026-09-02T19:01:22,2,1.831,46.47,45.7030,26.9,1.849,47.89,4.05,-119,3.50,
2026-09-02T19:01:23,2,1.827,46.15,45.7040,26.9,1.845,47.63,4.06,-119,3.50,
2026-09-02T19:01:25,2,1.842,47.38,45.7090,26.9,1.849,47.96,4.05,-119,3.50,
2026-09-02T19:01:26,2,1.828,46.22,45.7080,26.9,1.849,47.89,4.04,-118,3.75,
2026-09-02T19:01:27,2,1.846,47.70,45.7000,26.9,1.849,47.96,4.04,-119,3.50,
2026-09-02T19:01:28,2,1.842,47.38,45.7170,26.9,1.851,48.08,4.03,-119,3.25,
2026-09-02T19:01:29,2,1.829,46.34,45.7240,26.9,1.849,47.96,4.05,-119,3.25,
2026-09-02T19:01:30,2,1.841,47.31,45.7250,26.9,1.851,48.08,4.05,-119,3.25,
2026-09-02T19:01:31,2,1.829,46.34,45.7200,26.9,1.849,47.89,4.04,-119,3.25,
2026-09-02T19:01:32,2,1.828,46.28,45.7250,26.9,1.847,47.76,4.06,-118,3.50,
2026-09-02T19:01:33,2,1.842,47.38,45.7300,26.9,1.850,48.02,4.05,-119,3.75,
2026-09-02T19:01:34,2,1.833,46.67,45.7310,26.9,1.849,47.96,4.05,-119,3.50,
2026-09-02T19:01:36,2,1.845,47.63,45.7300,26.9,1.848,47.83,4.04,-119,3.50,
2026-09-02T19:01:37,2,1.840,47.18,45.7160,26.9,1.850,48.02,4.05,-119,3.25,
2026-09-02T19:01:38,2,1.830,46.41,45.7160,26.9,1.847,47.76,4.05,-118,3.50,
2026-09-02T19:01:39,2,1.842,47.38,45.7220,26.9,1.846,47.70,4.04,-119,3.00,
2026-09-02T19:01:40,2,1.828,46.28,45.7240,26.9,1.847,47.76,4.04,-119,3.25,
2026-09-02T19:01:41,2,1.817,45.38,45.7230,26.9,1.849,47.89,4.05,-119,3.50,
2026-09-02T19:01:42,2,1.843,47.44,45.7330,26.9,1.847,47.76,4.04,-119,3.75,
2026-09-02T19:01:43,2,1.832,46.54,45.7270,26.9,1.851,48.08,4.05,-119,3.25,
2026-09-02T19:01:44,2,1.845,47.57,45.7230,26.9,1.848,47.83,4.04,-119,3.50,
2026-09-02T19:01:45,2,1.841,47.31,45.7280,26.9,1.848,47.83,4.05,-119,3.50,
2026-09-02T19:01:46,2,1.828,46.28,45.7280,26.9,1.853,48.28,4.05,-119,3.25,
2026-09-02T19:01:48,2,1.841,47.31,45.7230,26.9,1.848,47.83,4.05,-119,3.50,
2026-09-02T19:01:49,2,1.833,46.60,45.7340,26.9,1.850,48.02,4.05,-119,3.25,
2026-09-02T19:01:50,2,1.828,46.22,45.7390,26.9,1.851,48.08,4.05,-119,3.50,
2026-09-02T19:01:51,2,1.843,47.44,45.7370,26.9,1.849,47.89,4.05,-119,3.50,
2026-09-02T19:01:52,2,1.831,46.47,45.7290,26.9,1.850,48.02,4.04,-119,3.75,
2026-09-02T19:01:53,2,1.847,47.76,45.7290,26.9,1.849,47.89,4.05,-119,3.25,
2026-09-02T19:01:55,2,1.828,46.28,45.7460,26.9,1.849,47.89,4.05,-119,3.50,
2026-09-02T19:01:56,2,1.844,47.50,45.7540,26.9,1.848,47.83,4.05,-119,3.50,
2026-09-02T19:01:57,2,1.831,46.47,45.7570,26.9,1.849,47.96,4.05,-119,3.00,
2026-09-02T19:01:58,2,1.829,46.34,45.7650,26.9,1.849,47.89,4.05,-119,3.50,
2026-09-02T19:02:01,2,1.829,46.34,45.7630,26.9,1.853,48.21,4.04,-119,3.25,
2026-09-02T19:02:02,2,1.843,47.44,45.7580,26.9,1.849,47.89,4.04,-118,3.75,
2026-09-02T19:02:03,2,1.843,47.44,45.7510,26.9,1.847,47.76,4.05,-119,3.50,
2026-09-02T19:02:04,2,1.830,46.41,45.7460,26.9,1.849,47.89,4.04,-119,3.25,
2026-09-02T19:02:06,2,1.828,46.28,45.7410,26.9,1.861,48.86,4.05,-119,3.50,
2026-09-02T19:02:07,2,1.828,46.22,45.7400,26.9,1.849,47.89,4.05,-119,3.25,
2026-09-02T19:02:08,2,1.837,46.99,45.7340,26.9,1.848,47.83,4.04,-118,3.50,
2026-09-02T19:02:09,2,1.829,46.34,45.7380,26.9,1.862,48.92,4.05,-119,3.25,
2026-09-02T19:02:12,2,1.840,47.18,45.7440,26.9,1.849,47.89,4.05,-119,3.50,
2026-09-02T19:02:13,2,1.830,46.41,45.7430,26.9,1.850,48.02,4.05,-119,3.50,
2026-09-02T19:02:14,2,1.841,47.31,45.7410,26.9,1.849,47.89,4.04,-119,3.50,
2026-09-02T19:02:15,2,1.828,46.28,45.7270,26.9,1.847,47.76,4.06,-119,3.50,
2026-09-02T19:02:16,2,1.829,46.34,45.7250,26.9,1.849,47.89,4.05,-118,3.50,
2026-09-02T19:02:17,2,1.843,47.44,45.7240,26.9,1.849,47.89,4.04,-119,3.50,
2026-09-02T19:02:18,2,1.829,46.34,45.7110,26.9,1.848,47.83,4.05,-119,3.50,
2026-09-02T19:02:19,2,1.839,47.12,45.7160,26.9,1.849,47.89,4.05,-119,3.50,
2026-09-02T19:02:20,2,1.840,47.18,45.7160,26.9,1.845,47.63,4.04,-119,3.50,
2026-09-02T19:02:21,2,1.829,46.34,45.7210,26.9,1.847,47.76,4.05,-118,4.00,
2026-09-02T19:02:23,2,1.844,47.50,45.7240,26.9,1.852,48.15,4.04,-119,3.75,
2026-09-02T19:02:24,2,1.841,47.31,45.7210,26.9,1.848,47.83,4.05,-118,3.25,
2026-09-02T19:02:25,2,1.828,46.28,45.7250,26.9,1.847,47.76,4.05,-118,3.25,
2026-09-02T19:02:26,2,1.841,47.31,45.7240,26.9,1.850,48.02,4.04,-119,3.50,
2026-09-02T19:02:27,2,1.830,46.41,45.7260,26.9,1.849,47.96,4.04,-119,3.25,
2026-09-02T19:02:28,2,1.830,46.41,45.7140,26.9,1.850,48.02,4.05,-118,3.25,
2026-09-02T19:02:29,2,1.840,47.18,45.7140,26.9,1.848,47.83,4.05,-118,3.25,
2026-09-02T19:02:30,2,1.828,46.22,45.7130,26.9,1.848,47.83,4.05,-119,3.00,
2026-09-02T19:02:31,2,1.847,47.76,45.7110,26.9,1.849,47.89,4.04,-118,3.50,
2026-09-02T19:02:32,2,1.841,47.31,45.7210,26.9,1.847,47.76,4.05,-118,3.75,
2026-09-02T19:02:33,2,1.827,46.15,45.7280,26.9,1.849,47.96,4.05,-119,3.25,
2026-09-02T19:02:35,2,1.842,47.38,45.7380,26.9,1.850,48.02,4.05,-119,3.50,
2026-09-02T19:02:36,2,1.829,46.34,45.7250,26.9,1.853,48.28,4.04,-119,3.50,
2026-09-02T19:02:37,2,1.831,46.47,45.7220,26.9,1.848,47.83,4.05,-119,3.25,
2026-09-02T19:02:38,2,1.844,47.50,45.7290,26.9,1.850,48.02,4.05,-119,3.75,
2026-09-02T19:02:39,2,1.829,46.34,45.7300,26.9,1.849,47.96,4.05,-119,3.50,
2026-09-02T19:02:40,2,1.845,47.63,45.7360,26.9,1.848,47.83,4.03,-119,3.50,
2026-09-02T19:02:41,2,1.843,47.44,45.7360,26.9,1.848,47.83,4.05,-119,3.50,
2026-09-02T19:02:42,2,1.833,46.60,45.7350,26.9,1.851,48.08,4.05,-119,3.00,
2026-09-02T19:02:44,2,1.828,46.28,45.7350,26.9,1.845,47.63,4.06,-119,3.25,
2026-09-02T19:02:45,2,1.828,46.22,45.7360,26.9,1.853,48.21,4.05,-119,3.25,
2026-09-02T19:02:47,2,1.845,47.57,45.7380,26.9,1.848,47.83,4.05,-119,3.00,
2026-09-02T19:02:48,2,1.831,46.47,45.7360,26.9,1.851,48.08,4.04,-119,3.25,
2026-09-02T19:02:49,2,1.845,47.63,45.7450,26.9,1.851,48.08,4.03,-119,3.25,
2026-09-02T19:02:50,2,1.844,47.50,45.7330,26.9,1.849,47.89,4.05,-119,3.25,
2026-09-02T19:02:52,2,1.844,47.50,45.7270,26.9,1.851,48.08,4.04,-119,3.50,
2026-09-02T19:02:53,2,1.830,46.41,45.7210,26.9,1.849,47.96,4.06,-119,3.25,
2026-09-02T19:02:54,2,1.829,46.34,45.7090,26.9,1.850,48.02,4.05,-118,3.50,
2026-09-02T19:02:55,2,1.841,47.25,45.7180,26.9,1.846,47.70,4.04,-119,3.25,
2026-09-02T19:02:57,2,1.846,47.70,45.7210,26.9,1.855,48.41,4.03,-119,3.50,
2026-09-02T19:02:59,2,1.842,47.38,45.7140,26.9,1.849,47.89,4.05,-119,3.25,
2026-09-02T19:03:00,2,1.828,46.22,45.7150,26.9,1.849,47.96,4.04,-119,3.50,
2026-09-02T19:03:01,2,1.845,47.57,45.7040,26.9,1.849,47.96,4.04,-119,3.75,
2026-09-02T19:03:03,2,1.819,45.51,45.7140,26.9,1.849,47.96,4.05,-119,3.50,
2026-09-02T19:03:04,2,1.841,47.31,45.7210,26.9,1.849,47.89,4.05,-119,3.25,
2026-09-02T19:03:05,2,1.829,46.34,45.7200,26.9,1.853,48.21,4.04,-119,3.50,
2026-09-02T19:03:06,2,1.849,47.89,45.7170,26.9,1.850,48.02,4.03,-119,3.50,
2026-09-02T19:03:08,2,1.830,46.41,45.7160,26.9,1.851,48.08,4.05,-119,3.50,
2026-09-02T19:03:10,2,1.844,47.50,45.7120,26.9,1.849,47.96,4.03,-119,3.00,
2026-09-02T19:03:11,2,1.826,46.09,45.7230,26.9,1.839,47.12,4.06,-119,3.50,
2026-09-02T19:03:12,2,1.829,46.34,45.7200,26.9,1.848,47.83,4.05,-119,3.25,
2026-09-02T19:03:13,2,1.843,47.44,45.7190,26.9,1.848,47.83,4.05,-119,3.25,
2026-09-02T19:03:14,2,1.827,46.15,45.7180,26.9,1.845,47.63,4.06,-119,3.50,
2026-09-02T19:03:15,2,1.837,46.92,45.7130,26.9,1.850,48.02,4.05,-120,3.00,
2026-09-02T19:03:16,2,1.841,47.31,45.7060,26.9,1.855,48.41,4.05,-119,3.25,
2026-09-02T19:03:17,2,1.829,46.34,45.7050,26.9,1.849,47.96,4.04,-119,3.50,
2026-09-02T19:03:18,2,1.846,47.70,45.7000,26.9,1.851,48.08,4.03,-119,3.00,
2026-09-02T19:03:19,2,1.841,47.31,45.7020,26.9,1.847,47.76,4.04,-119,3.50,
2026-09-02T19:03:20,2,1.828,46.22,45.7090,26.9,1.847,47.76,4.05,-119,3.00,
2026-09-02T19:03:22,2,1.843,47.44,45.7030,26.9,1.850,48.02,4.05,-119,3.50,
2026-09-02T19:03:23,2,1.829,46.34,45.7050,26.9,1.845,47.63,4.06,-119,3.00,
2026-09-02T19:03:24,2,1.830,46.41,45.6990,26.9,1.847,47.76,4.05,-120,2.25,
2026-09-02T19:03:25,2,1.841,47.25,45.6950,26.9,1.848,47.83,4.05,-118,4.00,
2026-09-02T19:03:26,2,1.817,45.38,45.6960,26.9,1.858,48.60,4.04,-118,3.75,
2026-09-02T19:03:27,2,1.845,47.57,45.6900,26.9,1.849,47.96,4.03,-118,3.75,
2026-09-02T19:03:28,2,1.828,46.28,45.6850,26.9,1.848,47.83,4.04,-119,3.75,
2026-09-02T19:03:29,2,1.828,46.22,45.6970,26.9,1.850,48.02,4.04,-118,4.00,
2026-09-02T19:03:30,2,1.842,47.38,45.6940,26.9,1.848,47.83,4.05,-118,3.50,
2026-09-02T19:03:31,2,1.829,46.34,45.6910,26.9,1.848,47.83,4.06,-118,3.75,
2026-09-02T19:03:32,2,1.831,46.47,45.6830,26.9,1.860,48.79,4.04,-118,4.00,
2026-09-02T19:03:34,2,1.843,47.44,45.6900,26.9,1.849,47.89,4.04,-118,4.25,
2026-09-02T19:03:35,2,1.828,46.28,45.6960,26.9,1.850,48.02,4.04,-119,3.75,
2026-09-02T19:03:36,2,1.859,48.73,45.6970,26.9,1.853,48.28,4.03,-118,3.75,
2026-09-02T19:03:37,2,1.842,47.38,45.7020,26.9,1.849,47.89,4.05,-118,3.75,
2026-09-02T19:03:38,2,1.829,46.34,45.7090,26.9,1.853,48.21,4.04,-118,4.00,
2026-09-02T19:03:39,2,1.843,47.44,45.7130,26.9,1.847,47.76,4.05,-119,3.75,
2026-09-02T19:03:40,2,1.827,46.15,45.7140,26.9,1.864,49.12,4.06,-118,3.50,
2026-09-02T19:03:41,2,1.835,46.80,45.7200,26.9,1.849,47.89,4.04,-118,3.75,
2026-09-02T19:03:42,2,1.841,47.31,45.7090,26.9,1.849,47.89,4.05,-118,3.25,
2026-09-02T19:03:43,2,1.822,45.76,45.7160,26.9,1.848,47.83,4.06,-118,3.75,
2026-09-02T19:03:44,2,1.844,47.50,45.7190,26.9,1.853,48.28,4.03,-118,3.25,
2026-09-02T19:03:46,2,1.843,47.44,45.7270,26.9,1.850,48.02,4.05,-119,3.50,
2026-09-02T19:03:47,2,1.828,46.28,45.7250,26.9,1.849,47.96,4.04,-119,3.50,
2026-09-02T19:03:49,2,1.827,46.15,45.7140,26.9,1.848,47.83,4.06,-119,3.25,
2026-09-02T19:03:50,2,1.829,46.34,45.7110,26.9,1.849,47.96,4.04,-118,4.25,
2026-09-02T19:03:51,2,1.844,47.50,45.7180,26.9,1.847,47.76,4.05,-119,3.50,
2026-09-02T19:03:52,2,1.831,46.47,45.7320,26.9,1.847,47.76,4.06,-119,3.50,
2026-09-02T19:03:54,2,1.840,47.18,45.7250,26.9,1.848,47.83,4.04,-119,3.50,
2026-09-02T19:03:55,2,1.828,46.28,45.7320,26.9,1.849,47.89,4.04,-119,3.25,
2026-09-02T19:03:57,2,1.844,47.50,45.7350,26.9,1.852,48.15,4.03,-119,3.50,
2026-09-02T19:03:58,2,1.828,46.22,45.7330,26.9,1.849,47.89,4.06,-119,3.25,
2026-09-02T19:04:00,2,1.844,47.50,45.7320,26.9,1.849,47.89,4.05,-119,3.50,
2026-09-02T19:04:01,2,1.841,47.31,45.7290,26.9,1.849,47.89,4.06,-118,3.50,
2026-09-02T19:04:02,2,1.846,47.70,45.7330,26.9,1.849,47.89,4.03,-119,3.50,
2026-09-02T19:04:03,2,1.839,47.12,45.7250,26.9,1.850,48.02,4.05,-119,3.50,
2026-09-02T19:04:05,2,1.832,46.54,45.7180,26.9,1.851,48.08,4.03,-119,3.50,
2026-09-02T19:04:06,2,1.828,46.22,45.7180,26.9,1.847,47.76,4.06,-119,3.50,
2026-09-02T19:04:07,2,1.832,46.54,45.7250,26.9,1.849,47.89,4.03,-119,3.50,
2026-09-02T19:04:09,2,1.842,47.38,45.7290,26.9,1.848,47.83,4.04,-119,3.25,
2026-09-02T19:04:10,2,1.832,46.54,45.7280,26.9,1.848,47.83,4.06,-119,3.50,
2026-09-02T19:04:11,2,1.846,47.70,45.7340,26.9,1.851,48.08,4.03,-119,3.25,
2026-09-02T19:04:12,2,1.840,47.18,45.7250,26.9,1.848,47.83,4.04,-119,3.25,
2026-09-02T19:04:13,2,1.830,46.41,45.7090,26.9,1.847,47.76,4.06,-119,3.00,
2026-09-02T19:04:14,2,1.844,47.50,45.7150,26.9,1.850,48.02,4.03,-119,3.00,
2026-09-02T19:04:15,2,1.830,46.41,45.7160,26.9,1.851,48.08,4.06,-119,3.50,
2026-09-02T19:04:16,2,1.829,46.34,45.7040,26.9,1.848,47.83,4.04,-119,3.25,
2026-09-02T19:04:17,2,1.841,47.31,45.7010,26.9,1.849,47.89,4.03,-119,3.00,
2026-09-02T19:04:18,2,1.828,46.22,45.7020,26.9,1.847,47.76,4.06,-119,3.25,
2026-09-02T19:04:19,2,1.828,46.28,45.7020,26.9,1.849,47.89,4.04,-119,3.75,
2026-09-02T19:04:21,2,1.841,47.25,45.7010,26.9,1.849,47.89,4.04,-119,3.50,
2026-09-02T19:04:22,2,1.828,46.22,45.6950,26.9,1.845,47.63,4.06,-119,3.50,
2026-09-02T19:04:23,2,1.846,47.70,45.7010,26.9,1.849,47.96,4.03,-119,3.25,
2026-09-02T19:04:24,2,1.843,47.44,45.7110,26.9,1.847,47.76,4.05,-119,3.25,
2026-09-02T19:04:25,2,1.828,46.22,45.7060,26.9,1.847,47.76,4.05,-119,3.50,
2026-09-02T19:04:26,2,1.846,47.70,45.7040,26.9,1.861,48.86,4.04,-119,3.25,
2026-09-02T19:04:27,2,1.828,46.28,45.7060,26.9,1.845,47.63,4.06,-119,3.25,
2026-09-02T19:04:28,2,1.833,46.60,45.7100,26.9,1.847,47.76,4.05,-119,3.25,
2026-09-02T19:04:29,2,1.841,47.25,45.7190,26.9,1.849,47.96,4.04,-119,3.25,
2026-09-02T19:04:30,2,1.825,46.02,45.7080,26.9,1.848,47.83,4.06,-118,3.50,
2026-09-02T19:04:31,2,1.846,47.70,45.7090,26.9,1.849,47.96,4.03,-118,4.00,
2026-09-02T19:04:33,2,1.841,47.31,45.7150,26.9,1.849,47.89,4.04,-118,3.50,
2026-09-02T19:04:34,2,1.841,47.31,45.7170,26.9,1.848,47.83,4.04,-119,3.25,
2026-09-02T19:04:35,2,1.845,47.57,45.7150,26.9,1.848,47.83,4.03,-120,1.75,
2026-09-02T19:04:36,2,1.829,46.34,45.7170,26.9,1.847,47.76,4.06,-118,4.25,
2026-09-02T19:04:37,2,1.828,46.28,45.7220,26.9,1.847,47.76,4.04,-121,-0.25,18
2026-09-02T19:04:38,2,1.841,47.25,45.7180,26.9,1.847,47.76,4.04,-121,0.00,
2026-09-02T19:04:39,2,1.828,46.28,45.7150,26.9,1.849,47.89,4.06,-120,1.50,
2026-09-02T19:04:40,2,1.847,47.76,45.7230,26.9,1.851,48.08,4.02,-121,1.50,
2026-09-02T19:04:41,2,1.841,47.31,45.7320,26.9,1.848,47.83,4.05,-121,1.00,
2026-09-02T19:04:42,2,1.833,46.60,45.7330,26.9,1.856,48.47,4.04,-121,0.50,
2026-09-02T19:04:44,2,1.845,47.63,45.7270,26.9,1.849,47.96,4.03,-121,0.25,
2026-09-02T19:04:45,2,1.832,46.54,45.7240,26.9,1.846,47.70,4.00,-114,2.75,
2026-09-02T19:04:46,2,1.831,46.47,45.7230,26.9,1.854,48.34,4.04,-122,-1.75,
2026-09-02T19:04:47,2,1.843,47.44,45.7210,26.9,1.849,47.89,4.03,-121,1.00,
2026-09-02T19:04:48,2,1.832,46.54,45.8060,26.9,1.851,48.08,4.06,-121,1.00,
2026-09-02T19:04:49,2,1.850,48.02,45.8450,26.9,1.856,48.47,4.02,-121,1.00,
2026-09-02T19:04:51,2,1.834,46.73,45.9580,26.9,1.855,48.41,4.06,-119,3.50,
2026-09-02T19:04:52,2,1.848,47.83,46.0530,26.9,1.861,48.86,4.03,-119,3.75,
2026-09-02T19:04:53,2,1.836,46.86,46.1370,26.9,1.859,48.73,4.06,-118,3.75,
2026-09-02T19:04:54,2,1.837,46.99,46.1960,26.9,1.860,48.79,4.04,-118,4.00,
2026-09-02T19:04:57,2,1.837,46.92,46.3040,26.9,1.858,48.67,4.05,-119,3.50,
2026-09-02T19:04:58,2,1.855,48.41,46.3430,26.9,1.863,49.05,4.03,-118,3.75,
2026-09-02T19:04:59,2,1.851,48.08,46.3880,26.9,1.863,49.05,4.04,-119,3.25,
2026-09-02T19:05:00,2,1.840,47.18,46.4680,26.9,1.861,48.86,4.06,-119,3.25,
2026-09-02T19:05:02,2,1.839,47.12,46.5310,26.9,1.865,49.18,4.06,-119,3.00,
2026-09-02T19:05:03,2,1.845,47.57,46.5800,26.9,1.865,49.18,4.05,-118,4.00,
2026-09-02T19:05:04,2,1.855,48.41,46.6320,26.9,1.868,49.44,4.03,-120,2.25,
2026-09-02T19:05:05,2,1.840,47.18,46.6810,26.9,1.864,49.12,4.06,-123,-3.50,
2026-09-02T19:05:06,2,1.860,48.79,46.7320,26.9,1.869,49.50,4.03,-120,1.75,
2026-09-02T19:05:08,2,1.856,48.47,46.7820,26.9,1.865,49.18,4.05,-119,3.00,
2026-09-02T19:05:09,2,1.841,47.25,46.7640,26.9,1.863,49.05,4.06,-119,3.25,
2026-09-02T19:05:10,2,1.858,48.60,46.7700,26.9,1.864,49.12,4.03,-119,3.50,
2026-09-02T19:05:11,2,1.843,47.44,46.7990,26.9,1.861,48.86,4.04,-119,3.50,
2026-09-02T19:05:12,2,1.845,47.57,46.7720,26.9,1.863,49.05,4.04,-118,4.00,
2026-09-02T19:05:13,2,1.858,48.67,46.7540,26.9,1.863,49.05,4.03,-119,3.00,
2026-09-02T19:05:14,2,1.841,47.31,46.7660,26.9,1.859,48.73,4.06,-119,3.25,
2026-09-02T19:05:15,2,1.839,47.12,46.7730,26.9,1.862,48.92,4.04,-119,3.00,
2026-09-02T19:05:16,2,1.855,48.41,46.8010,26.9,1.850,48.02,4.04,-119,3.25,
2026-09-02T19:05:17,2,1.834,46.73,46.8150,26.9,1.858,48.67,4.06,-119,2.75,
2026-09-02T19:05:18,2,1.860,48.79,46.8460,26.9,1.861,48.86,4.03,-119,3.25,
2026-09-02T19:05:20,2,1.858,48.67,46.8980,26.9,1.859,48.73,4.04,-119,3.25,
2026-09-02T19:05:21,2,1.848,47.83,46.9230,26.9,1.861,48.86,4.04,-119,3.50,
2026-09-02T19:05:22,2,1.862,48.92,46.9660,26.9,1.862,48.99,4.03,-119,3.00,
2026-09-02T19:05:23,2,1.843,47.44,47.0390,26.9,1.853,48.21,4.06,-119,3.00,
2026-09-02T19:05:24,2,1.846,47.70,47.0660,26.9,1.860,48.79,4.04,-122,-1.50,
2026-09-02T19:05:25,2,1.858,48.60,47.1030,26.9,1.860,48.79,4.04,-119,3.25,
2026-09-02T19:05:26,2,1.847,47.76,47.1280,26.9,1.858,48.67,4.06,-121,1.50,
2026-09-02T19:05:27,2,1.870,49.57,47.1540,26.9,1.862,48.99,4.02,-120,2.50,
2026-09-02T19:05:28,2,1.862,48.99,47.1770,26.9,1.858,48.67,4.05,-122,-0.75,
2026-09-02T19:05:29,2,1.848,47.83,47.2020,26.9,1.860,48.79,4.06,-123,-6.25,
2026-09-02T19:05:31,2,1.864,49.12,47.2300,26.9,1.862,48.99,4.03,-124,-5.25,
2026-09-02T19:05:32,2,1.848,47.83,47.2520,26.9,1.857,48.54,4.06,-123,-3.25,
2026-09-02T19:05:33,2,1.850,48.02,47.2660,26.9,1.868,49.44,4.04,-120,2.25,
2026-09-02T19:05:34,2,1.864,49.12,47.2820,26.9,1.863,49.05,4.03,-122,0.50,
2026-09-02T19:05:35,2,1.851,48.08,47.3540,26.9,1.856,48.47,4.06,-120,2.25,
2026-09-02T19:05:36,2,1.870,49.63,47.3950,26.9,1.862,48.99,4.03,-118,4.00,
2026-09-02T19:05:37,2,1.862,48.92,47.4260,26.9,1.862,48.99,4.04,-118,3.75,
2026-09-02T19:05:38,2,1.849,47.96,47.4380,26.9,1.862,48.92,4.06,-119,3.00,19
2026-09-02T19:05:39,2,1.862,48.92,47.4270,26.9,1.866,49.25,4.03,-121,1.00,
2026-09-02T19:05:40,2,1.848,47.83,47.4190,26.9,1.862,48.92,4.05,-121,1.50,
2026-09-02T19:05:41,2,1.850,48.02,47.4180,26.9,1.865,49.18,4.04,-121,1.50,
2026-09-02T19:05:43,2,1.863,49.05,47.4060,26.9,1.870,49.57,4.03,-120,2.00,
2026-09-02T19:05:44,2,1.845,47.57,47.3930,26.9,1.862,48.99,4.06,-120,2.25,
2026-09-02T19:05:45,2,1.870,49.57,47.3780,26.9,1.865,49.18,4.02,-120,2.25,
2026-09-02T19:05:46,2,1.861,48.86,47.3680,26.9,1.862,48.99,4.04,-121,1.75,
2026-09-02T19:05:48,2,1.863,49.05,47.3580,26.9,1.870,49.57,4.03,-120,1.75,
2026-09-02T19:05:49,2,1.846,47.70,47.3630,26.9,1.864,49.12,4.06,-120,2.00,
2026-09-02T19:05:50,2,1.850,48.02,47.3560,26.9,1.868,49.44,4.04,-119,3.25,
2026-09-02T19:05:51,2,1.865,49.18,47.3540,26.9,1.868,49.44,4.03,-119,3.50,
2026-09-02T19:05:53,2,1.871,49.70,47.3790,26.9,1.869,49.50,4.02,-119,3.50,
2026-09-02T19:05:55,2,1.859,48.73,47.3940,26.9,1.861,48.86,4.04,-120,2.50,
2026-09-02T19:05:56,2,1.850,48.02,47.3710,26.9,1.862,48.99,4.06,-120,2.50,
2026-09-02T19:05:57,2,1.870,49.57,47.3670,26.9,1.863,49.05,4.03,-120,2.25,
2026-09-02T19:05:59,2,1.852,48.15,47.4200,26.9,1.863,49.05,4.04,-120,2.75,
2026-09-02T19:06:00,2,1.867,49.37,47.4510,26.9,1.865,49.18,4.03,-119,3.00,
2026-09-02T19:06:01,2,1.852,48.15,47.4800,26.9,1.862,48.92,4.06,-121,2.25,
2026-09-02T19:06:02,2,1.855,48.41,47.5120,26.9,1.869,49.50,4.04,-120,2.25,
2026-09-02T19:06:03,2,1.866,49.31,47.5600,26.9,1.863,49.05,4.05,-120,1.50,
2026-09-02T19:06:04,2,1.855,48.41,47.6050,26.9,1.862,48.92,4.05,-121,1.50,
2026-09-02T19:06:05,2,1.870,49.63,47.6380,26.9,1.869,49.50,4.03,-120,2.25,
2026-09-02T19:06:07,2,1.865,49.18,47.6720,26.9,1.863,49.05,4.05,-120,2.25,
2026-09-02T19:06:08,2,1.852,48.15,47.6910,26.9,1.862,48.92,4.05,-120,2.00,
2026-09-02T19:06:09,2,1.872,49.76,47.7110,26.9,1.868,49.44,4.03,-119,2.75,
2026-09-02T19:06:10,2,1.853,48.28,47.7560,26.9,1.863,49.05,4.06,-119,3.00,
2026-09-02T19:06:11,2,1.854,48.34,47.7680,26.9,1.868,49.44,4.04,-119,2.50,
2026-09-02T19:06:12,2,1.869,49.50,47.7760,26.9,1.866,49.25,4.03,-119,2.50,
2026-09-02T19:06:13,2,1.853,48.28,47.7820,26.9,1.864,49.12,4.06,-120,2.25,
2026-09-02T19:06:14,2,1.874,49.89,47.7860,26.9,1.871,49.70,4.02,-119,3.00,
2026-09-02T19:06:15,2,1.867,49.37,47.7820,26.9,1.862,48.99,4.04,-121,1.25,
2026-09-02T19:06:16,2,1.856,48.47,47.7690,26.9,1.862,48.99,4.06,-120,2.00,
2026-09-02T19:06:18,2,1.870,49.63,47.7760,26.9,1.870,49.57,4.03,-120,2.00,
2026-09-02T19:06:19,2,1.855,48.41,47.7830,26.9,1.862,48.92,4.06,-120,1.75,
2026-09-02T19:06:20,2,1.855,48.41,47.7840,26.9,1.865,49.18,4.04,-120,2.00,
2026-09-02T19:06:21,2,1.869,49.50,47.7930,26.9,1.865,49.18,4.03,-120,2.00,
2026-09-02T19:06:22,2,1.858,48.60,47.7960,26.9,1.863,49.05,4.05,-121,1.75,
2026-09-02T19:06:23,2,1.874,49.89,47.7860,26.9,1.866,49.25,4.02,-120,2.00,
2026-09-02T19:06:24,2,1.868,49.44,47.7820,26.9,1.862,48.99,4.04,-120,1.75,
2026-09-02T19:06:25,2,1.850,48.02,47.7720,26.9,1.862,48.99,4.06,-120,1.75,
2026-09-02T19:06:26,2,1.872,49.76,47.7830,26.9,1.868,49.44,4.03,-120,2.50,
2026-09-02T19:06:27,2,1.852,48.15,47.7810,26.9,1.862,48.99,4.06,-119,3.00,
2026-09-02T19:06:28,2,1.854,48.34,47.7810,26.9,1.865,49.18,4.04,-120,2.50,
2026-09-02T19:06:30,2,1.870,49.63,47.7650,26.9,1.865,49.18,4.03,-119,2.75,
2026-09-02T19:06:31,2,1.853,48.21,47.7530,26.9,1.862,48.92,4.06,-120,2.50,
2026-09-02T19:06:32,2,1.874,49.95,47.7490,26.9,1.869,49.50,4.02,-120,2.25,
2026-09-02T19:06:33,2,1.868,49.44,47.7540,26.9,1.862,48.99,4.04,-120,2.50,
2026-09-02T19:06:34,2,1.853,48.21,47.7560,26.9,1.862,48.99,4.06,-119,3.00,
2026-09-02T19:06:35,2,1.872,49.76,47.7630,26.9,1.865,49.18,4.03,-121,1.50,
2026-09-02T19:06:36,2,1.852,48.15,47.7600,26.9,1.866,49.25,4.06,-120,2.00,
2026-09-02T19:06:37,2,1.854,48.34,47.7410,26.9,1.864,49.12,4.06,-120,2.00,
2026-09-02T19:06:38,2,1.866,49.31,47.7330,26.9,1.865,49.18,4.03,-120,2.00,
2026-09-02T19:06:39,2,1.850,48.02,47.7230,26.9,1.862,48.99,4.06,-120,2.25,
2026-09-02T19:06:40,2,1.874,49.89,47.7040,26.9,1.869,49.50,4.02,-120,2.25,
2026-09-02T19:06:42,2,1.870,49.57,47.6930,26.9,1.865,49.18,4.03,-120,2.25,
2026-09-02T19:06:43,2,1.852,48.15,47.6810,26.9,1.862,48.99,4.05,-120,2.00,
2026-09-02T19:06:45,2,1.853,48.28,47.6540,26.9,1.863,49.05,4.04,-120,2.25,
2026-09-02T19:06:46,2,1.849,47.96,47.6400,26.9,1.862,48.99,4.06,-120,2.25,
2026-09-02T19:06:47,2,1.868,49.44,47.6350,26.9,1.865,49.18,4.03,-120,2.00,
2026-09-02T19:06:48,2,1.851,48.08,47.6150,26.9,1.862,48.92,4.06,-120,2.50,
2026-09-02T19:06:50,2,1.866,49.31,47.6020,26.9,1.868,49.44,4.03,-120,2.25,
2026-09-02T19:06:51,2,1.852,48.15,47.5950,26.9,1.862,48.92,4.06,-120,2.25,
2026-09-02T19:06:52,2,1.870,49.63,47.5760,26.9,1.867,49.37,4.02,-120,2.00,
2026-09-02T19:06:54,2,1.863,49.05,47.5540,26.9,1.862,48.99,4.04,-120,2.00,
2026-09-02T19:06:56,2,1.870,49.57,47.5250,26.9,1.865,49.18,4.03,-120,2.00,
2026-09-02T19:06:57,2,1.849,47.96,47.5090,26.9,1.863,49.05,4.06,-120,2.25,
2026-09-02T19:06:58,2,1.852,48.15,47.5050,26.9,1.865,49.18,4.04,-120,2.00,
2026-09-02T19:06:59,2,1.864,49.12,47.4980,26.9,1.864,49.12,4.03,-120,2.00,
2026-09-02T19:07:00,2,1.849,47.96,47.4930,26.9,1.863,49.05,4.06,-120,2.25,
2026-09-02T19:07:01,2,1.870,49.57,47.4790,26.9,1.859,48.73,4.02,-120,2.25,
2026-09-02T19:07:02,2,1.863,49.05,47.4770,26.9,1.860,48.79,4.04,-120,2.25,
2026-09-02T19:07:03,2,1.849,47.96,47.4640,26.9,1.862,48.99,4.06,-120,2.00,
2026-09-02T19:07:04,2,1.863,49.05,47.4630,26.9,1.866,49.31,4.03,-120,1.50,
2026-09-02T19:07:06,2,1.849,47.96,47.4610,26.9,1.862,48.99,4.06,-120,2.00,
2026-09-02T19:07:07,2,1.849,47.96,47.4410,26.9,1.869,49.50,4.04,-121,2.25,
2026-09-02T19:07:08,2,1.863,49.05,47.4270,26.9,1.869,49.50,4.03,-120,1.75,
2026-09-02T19:07:09,2,1.847,47.76,47.4140,26.9,1.862,48.92,4.06,-121,2.00,
2026-09-02T19:07:10,2,1.865,49.18,47.4180,26.9,1.868,49.44,4.02,-120,2.50,
2026-09-02T19:07:11,2,1.868,49.44,47.4110,26.9,1.869,49.50,4.03,-120,2.25,
2026-09-02T19:07:12,2,1.849,47.96,47.3990,26.9,1.853,48.21,4.06,-120,2.50,
2026-09-02T19:07:13,2,1.863,49.05,47.3970,26.9,1.866,49.25,4.03,-120,1.75,
2026-09-02T19:07:14,2,1.848,47.83,47.3810,26.9,1.863,49.05,4.06,-120,2.00,
2026-09-02T19:07:15,2,1.850,48.02,47.3760,26.9,1.873,49.83,4.05,-120,2.00,
2026-09-02T19:07:17,2,1.863,49.05,47.3610,26.9,1.868,49.44,4.03,-120,2.50,
2026-09-02T19:07:18,2,1.848,47.83,47.3670,26.9,1.862,48.99,4.05,-120,2.25,
2026-09-02T19:07:19,2,1.870,49.63,47.3590,26.9,1.870,49.63,4.02,-120,2.00,
2026-09-02T19:07:20,2,1.862,48.99,47.3520,26.9,1.866,49.25,4.03,-120,2.25,
2026-09-02T19:07:21,2,1.849,47.89,47.3530,26.9,1.862,48.92,4.05,-120,1.75,
2026-09-02T19:07:22,2,1.867,49.37,47.3520,26.9,1.865,49.18,4.02,-121,2.00,
2026-09-02T19:07:23,2,1.849,47.89,47.3490,26.9,1.864,49.12,4.06,-120,2.25,
2026-09-02T19:07:24,2,1.851,48.08,47.3460,26.9,1.865,49.18,4.06,-120,2.00,
2026-09-02T19:07:25,2,1.862,48.99,47.3400,26.9,1.868,49.44,4.03,-120,1.75,
2026-09-02T19:07:26,2,1.844,47.50,47.3430,26.9,1.866,49.25,4.06,-120,2.25,
2026-09-02T19:07:27,2,1.869,49.50,47.3390,26.9,1.868,49.44,4.02,-120,2.25,
2026-09-02T19:07:29,2,1.862,48.92,47.3350,26.9,1.864,49.12,4.03,-120,2.00,
2026-09-02T19:07:30,2,1.848,47.83,47.3380,26.9,1.863,49.05,4.06,-120,2.00,
2026-09-02T19:07:31,2,1.867,49.37,47.3320,26.9,1.870,49.57,4.03,-120,2.25,
2026-09-02T19:07:32,2,1.847,47.76,47.3340,26.9,1.863,49.05,4.06,-120,2.25,
2026-09-02T19:07:33,2,1.847,47.76,47.3240,26.9,1.864,49.12,4.06,-120,1.75,
2026-09-02T19:07:34,2,1.862,48.99,47.3300,26.9,1.864,49.12,4.03,-120,2.00,
2026-09-02T19:07:35,2,1.848,47.83,47.3280,26.9,1.864,49.12,4.06,-120,2.00,
2026-09-02T19:07:36,2,1.849,47.96,47.3320,26.9,1.866,49.25,4.04,-120,2.00,
2026-09-02T19:07:37,2,1.862,48.99,47.3220,26.9,1.866,49.25,4.03,-120,2.00,
2026-09-02T19:07:38,2,1.848,47.83,47.3210,26.9,1.863,49.05,4.06,-120,2.25,
2026-09-02T19:07:39,2,1.864,49.12,47.3210,26.9,1.871,49.70,4.02,-120,1.75,
2026-09-02T19:07:42,2,1.848,47.83,47.3020,26.9,1.866,49.25,4.06,-120,2.25,
2026-09-02T19:07:43,2,1.865,49.18,47.2950,26.9,1.870,49.63,4.03,-120,2.00,
2026-09-02T19:07:44,2,1.846,47.70,47.2950,26.9,1.864,49.12,4.06,-120,2.00,
2026-09-02T19:07:45,2,1.849,47.89,47.2910,26.9,1.853,48.28,4.04,-120,2.00,
2026-09-02T19:07:47,2,1.848,47.83,47.2830,26.9,1.863,49.05,4.06,-120,2.25,
2026-09-02T19:07:48,2,1.864,49.12,47.2830,26.9,1.870,49.63,4.03,-120,2.25,
2026-09-02T19:07:49,2,1.864,49.12,47.2810,26.9,1.866,49.25,4.03,-120,2.25,
2026-09-02T19:07:50,2,1.847,47.76,47.2740,26.9,1.864,49.12,4.06,-120,2.25,
2026-09-02T19:07:53,2,1.846,47.70,47.2590,26.9,1.862,48.99,4.06,-120,2.00,
2026-09-02T19:07:54,2,1.853,48.21,47.2670,26.9,1.863,49.05,4.05,-120,2.00,
2026-09-02T19:07:55,2,1.861,48.86,47.2620,26.9,1.866,49.31,4.03,-120,2.00,
2026-09-02T19:07:56,2,1.849,47.89,47.2420,26.9,1.864,49.12,4.06,-120,2.00,
2026-09-02T19:07:57,2,1.867,49.37,47.2460,26.9,1.865,49.18,4.03,-120,2.25,
2026-09-02T19:07:58,2,1.861,48.86,47.2360,26.9,1.866,49.31,4.03,-120,2.00,
2026-09-02T19:07:59,2,1.846,47.70,47.2290,26.9,1.866,49.25,4.06,-120,2.25,
2026-09-02T19:08:00,2,1.865,49.18,47.2270,26.9,1.866,49.25,4.02,-120,2.00,
2026-09-02T19:08:01,2,1.847,47.76,47.2230,26.9,1.862,48.99,4.05,-120,2.25,
2026-09-02T19:08:02,2,1.845,47.57,47.2190,26.9,1.863,49.05,4.06,-121,2.00,
2026-09-02T19:08:04,2,1.875,50.02,47.2140,26.9,1.870,49.63,4.03,-120,2.50,
2026-09-02T19:08:05,2,1.846,47.70,47.2120,26.9,1.863,49.05,4.05,-120,2.00,
2026-09-02T19:08:06,2,1.869,49.50,47.2010,26.9,1.865,49.18,4.02,-120,2.00,
2026-09-02T19:08:07,2,1.862,48.92,47.2050,26.9,1.866,49.25,4.03,-120,2.25,
2026-09-02T19:08:08,2,1.846,47.70,47.2060,26.9,1.862,48.92,4.05,-120,2.00,
2026-09-02T19:08:09,2,1.862,48.99,47.1930,26.9,1.866,49.25,4.03,-120,2.25,
2026-09-02T19:08:10,2,1.847,47.76,47.1930,26.9,1.862,48.92,4.06,-120,2.00,
2026-09-02T19:08:11,2,1.845,47.63,47.1950,26.9,1.864,49.12,4.06,-120,2.25,
2026-09-02T19:08:12,2,1.862,48.92,47.1890,26.9,1.869,49.50,4.03,-120,2.25,
2026-09-02T19:08:13,2,1.846,47.70,47.1880,26.9,1.862,48.99,4.05,-120,2.00,
2026-09-02T19:08:14,2,1.869,49.50,47.1870,26.9,1.868,49.44,4.02,-120,2.25,
2026-09-02T19:08:16,2,1.863,49.05,47.1890,26.9,1.870,49.63,4.03,-120,2.25,
2026-09-02T19:08:17,2,1.849,47.89,47.1980,26.9,1.862,48.99,4.05,-120,2.00,
2026-09-02T19:08:18,2,1.863,49.05,47.1900,26.9,1.868,49.44,4.02,-120,2.25,
2026-09-02T19:08:19,2,1.847,47.76,47.1860,26.9,1.864,49.12,4.06,-120,2.00,
2026-09-02T19:08:20,2,1.845,47.63,47.1990,26.9,1.863,49.05,4.06,-120,1.75,
2026-09-02T19:08:21,2,1.862,48.92,47.2060,26.9,1.870,49.57,4.02,-120,2.25,
2026-09-02T19:08:22,2,1.846,47.70,47.2040,26.9,1.863,49.05,4.06,-120,1.75,
2026-09-02T19:08:23,2,1.863,49.05,47.1950,26.9,1.864,49.12,4.03,-120,2.25,
2026-09-02T19:08:24,2,1.861,48.86,47.2000,26.9,1.873,49.83,4.03,-120,2.00,
2026-09-02T19:08:25,2,1.846,47.70,47.2070,26.9,1.861,48.86,4.05,-120,2.00,
2026-09-02T19:08:26,2,1.864,49.12,47.1950,26.9,1.868,49.44,4.02,-120,2.25,
2026-09-02T19:08:28,2,1.849,47.89,47.1990,26.9,1.870,49.63,4.04,-120,2.25,
2026-09-02T19:08:29,2,1.849,47.89,47.1950,26.9,1.863,49.05,4.06,-120,2.00,
2026-09-02T19:08:30,2,1.862,48.92,47.2020,26.9,1.866,49.25,4.03,-120,2.25,
2026-09-02T19:08:31,2,1.845,47.63,47.1960,26.9,1.864,49.12,4.06,-120,2.00,
2026-09-02T19:08:32,2,1.862,48.92,47.1960,26.9,1.862,48.99,4.05,-120,2.00,
2026-09-02T19:08:33,2,1.862,48.92,47.1950,26.9,1.868,49.44,4.03,-120,1.75,
2026-09-02T19:08:34,2,1.848,47.83,47.1950,26.9,1.863,49.05,4.06,-120,2.25,
2026-09-02T19:08:35,2,1.862,48.99,47.1800,26.9,1.866,49.31,4.02,-120,1.75,
2026-09-02T19:08:36,2,1.861,48.86,47.1790,26.9,1.864,49.12,4.03,-120,2.25,
2026-09-02T19:08:38,2,1.862,48.92,47.1710,26.9,1.865,49.18,4.02,-120,2.25,
2026-09-02T19:08:40,2,1.844,47.50,47.1780,26.9,1.862,48.99,4.06,-120,2.25,
2026-09-02T19:08:41,2,1.837,46.92,47.1580,26.9,1.865,49.18,4.05,-120,2.25,
2026-09-02T19:08:42,2,1.860,48.79,47.1560,26.9,1.866,49.31,4.03,-120,2.00,
2026-09-02T19:08:44,2,1.864,49.12,47.1440,26.9,1.870,49.57,4.02,-120,2.25,
2026-09-02T19:08:45,2,1.860,48.79,47.1370,26.9,1.871,49.70,4.03,-121,2.00,
2026-09-02T19:08:46,2,1.845,47.57,47.1330,26.9,1.862,48.99,4.05,-120,2.00,
2026-09-02T19:08:47,2,1.859,48.73,47.1280,26.9,1.868,49.44,4.02,-120,2.00,
2026-09-02T19:08:49,2,1.842,47.38,47.1370,26.9,1.863,49.05,4.05,-120,2.00,
2026-09-02T19:08:51,2,1.860,48.79,47.1330,26.9,1.869,49.50,4.03,-120,1.75,
2026-09-02T19:08:52,2,1.849,47.96,47.1300,26.9,1.863,49.05,4.06,-120,1.75,
2026-09-02T19:08:53,2,1.863,49.05,47.1430,26.9,1.870,49.57,4.04,-120,2.25,
2026-09-02T19:08:55,2,1.838,47.05,47.1440,26.9,1.862,48.99,4.06,-120,2.00,
2026-09-02T19:08:56,2,1.860,48.79,47.1410,26.9,1.868,49.44,4.02,-120,2.50,
2026-09-02T19:08:57,2,1.845,47.63,47.1430,26.9,1.865,49.18,4.04,-120,1.75,
2026-09-02T19:08:58,2,1.845,47.63,47.1460,26.9,1.863,49.05,4.05,-120,2.25,
2026-09-02T19:08:59,2,1.858,48.67,47.1380,26.9,1.870,49.63,4.02,-120,2.25,
2026-09-02T19:09:00,2,1.846,47.70,47.1480,26.9,1.861,48.86,4.06,-120,2.25,
2026-09-02T19:09:01,2,1.862,48.99,47.1360,26.9,1.863,49.05,4.04,-120,2.00,
2026-09-02T19:09:03,2,1.861,48.86,47.1380,26.9,1.859,48.73,4.03,-120,2.25,
2026-09-02T19:09:04,2,1.847,47.76,47.1370,26.9,1.862,48.99,4.06,-120,2.25,
2026-09-02T19:09:05,2,1.862,48.92,47.1360,26.9,1.866,49.25,4.03,-120,2.00,
2026-09-02T19:09:06,2,1.845,47.57,47.1360,26.9,1.861,48.86,4.04,-120,2.00,
2026-09-02T19:09:07,2,1.845,47.57,47.1260,26.9,1.862,48.99,4.06,-120,1.75,
2026-09-02T19:09:08,2,1.859,48.73,47.1140,26.9,1.866,49.25,4.03,-120,1.75,
2026-09-02T19:09:09,2,1.845,47.57,47.1210,26.9,1.866,49.25,4.06,-120,2.00,
2026-09-02T19:09:10,2,1.860,48.79,47.1110,26.9,1.865,49.18,4.04,-120,2.25,
2026-09-02T19:09:11,2,1.860,48.79,47.1080,26.9,1.866,49.25,4.03,-120,2.25,
2026-09-02T19:09:12,2,1.846,47.70,47.1040,26.9,1.866,49.25,4.06,-120,2.25,
2026-09-02T19:09:13,2,1.865,49.18,47.1040,26.9,1.870,49.57,4.03,-120,2.25,
2026-09-02T19:09:15,2,1.846,47.70,47.1000,26.9,1.864,49.12,4.04,-120,2.00,
2026-09-02T19:09:16,2,1.847,47.76,47.0970,26.9,1.862,48.99,4.06,-120,2.25,
2026-09-02T19:09:17,2,1.862,48.92,47.1000,26.9,1.870,49.57,4.03,-120,2.00,
2026-09-02T19:09:18,2,1.845,47.63,47.0960,26.9,1.862,48.99,4.06,-120,1.75,
2026-09-02T19:09:19,2,1.862,48.92,47.0990,26.9,1.865,49.18,4.04,-120,2.50,
2026-09-02T19:09:20,2,1.861,48.86,47.0980,26.9,1.866,49.25,4.03,-120,2.25,
2026-09-02T19:09:21,2,1.847,47.76,47.0930,26.9,1.861,48.86,4.05,-120,2.00,
2026-09-02T19:09:22,2,1.865,49.18,47.0990,26.9,1.869,49.50,4.02,-120,2.25,
2026-09-02T19:09:23,2,1.846,47.70,47.1010,26.9,1.863,49.05,4.04,-120,2.00,
2026-09-02T19:09:24,2,1.845,47.57,47.1000,26.9,1.864,49.12,4.06,-120,2.25,
2026-09-02T19:09:25,2,1.860,48.79,47.1000,26.9,1.867,49.37,4.02,-120,2.00,
2026-09-02T19:09:27,2,1.841,47.25,47.0990,26.9,1.862,48.99,4.04,-120,2.00,
2026-09-02T19:09:28,2,1.866,49.25,47.0990,26.9,1.862,48.99,4.04,-120,2.00,
2026-09-02T19:09:29,2,1.858,48.67,47.0970,26.9,1.864,49.12,4.03,-120,2.25,
2026-09-02T19:09:30,2,1.845,47.57,47.1060,26.9,1.862,48.99,4.06,-120,2.25,
2026-09-02T19:09:31,2,1.861,48.86,47.1060,26.9,1.864,49.12,4.04,-120,2.00,
2026-09-02T19:09:32,2,1.847,47.76,47.0940,26.9,1.863,49.05,4.04,-120,1.75,
2026-09-02T19:09:33,2,1.844,47.50,47.0880,26.9,1.862,48.99,4.06,-120,2.25,
2026-09-02T19:09:35,2,1.845,47.63,47.0780,26.9,1.864,49.12,4.04,-120,1.75,
2026-09-02T19:09:36,2,1.845,47.63,47.0800,26.9,1.864,49.12,4.06,-120,2.25,
2026-09-02T19:09:38,2,1.861,48.86,47.0890,26.9,1.866,49.25,4.03,-120,2.00,
2026-09-02T19:09:39,2,1.844,47.50,47.0860,26.9,1.863,49.05,4.04,-120,2.50,
2026-09-02T19:09:41,2,1.859,48.73,47.0680,26.9,1.869,49.50,4.03,-120,2.00,
2026-09-02T19:09:42,2,1.845,47.57,47.0630,26.9,1.863,49.05,4.06,-120,2.00,
2026-09-02T19:09:43,2,1.859,48.73,47.0630,26.9,1.869,49.50,4.03,-120,2.25,
2026-09-02T19:09:44,2,1.844,47.50,47.0560,26.9,1.863,49.05,4.04,-120,2.25,
2026-09-02T19:09:46,2,1.858,48.67,47.0630,26.9,1.867,49.37,4.03,-120,2.25,
2026-09-02T19:09:47,2,1.844,47.50,47.0570,26.9,1.863,49.05,4.06,-120,2.00,
2026-09-02T19:09:48,2,1.861,48.86,47.0520,26.9,1.865,49.18,4.04,-120,2.25,
2026-09-02T19:09:50,2,1.860,48.79,47.0510,26.9,1.866,49.31,4.03,-120,1.75,
2026-09-02T19:09:52,2,1.860,48.79,47.0520,26.9,1.868,49.44,4.02,-120,2.00,
2026-09-02T19:09:53,2,1.845,47.63,47.0520,26.9,1.864,49.12,4.04,-120,2.25,
2026-09-02T19:09:54,2,1.843,47.44,47.0600,26.9,1.862,48.92,4.06,-120,2.25,
2026-09-02T19:09:55,2,1.859,48.73,47.0600,26.9,1.867,49.37,4.03,-120,2.25,
2026-09-02T19:09:56,2,1.845,47.63,47.0540,26.9,1.859,48.73,4.06,-120,2.25,
2026-09-02T19:09:57,2,1.864,49.12,47.0490,26.9,1.864,49.12,4.04,-120,1.75,
2026-09-02T19:09:58,2,1.860,48.79,47.0450,26.9,1.867,49.37,4.03,-120,2.25,
2026-09-02T19:09:59,2,1.843,47.44,47.0510,26.9,1.864,49.12,4.05,-120,2.25,
2026-09-02T19:10:00,2,1.859,48.73,47.0480,26.9,1.868,49.44,4.04,-120,2.00,
2026-09-02T19:10:02,2,1.843,47.44,47.0530,26.9,1.867,49.37,4.04,-120,2.25,
2026-09-02T19:10:03,2,1.845,47.57,47.0500,26.9,1.862,48.92,4.06,-120,2.25,
2026-09-02T19:10:04,2,1.860,48.79,47.0440,26.9,1.870,49.57,4.02,-120,1.75,
2026-09-02T19:10:05,2,1.845,47.57,47.0500,26.9,1.868,49.44,4.04,-120,2.00,
2026-09-02T19:10:06,2,1.863,49.05,47.0480,26.9,1.864,49.12,4.04,-120,2.25,
2026-09-02T19:10:07,2,1.860,48.79,47.0530,26.9,1.866,49.31,4.03,-120,2.25,
2026-09-02T19:10:08,2,1.845,47.63,47.0590,26.9,1.864,49.12,4.06,-120,2.00,
2026-09-02T19:10:09,2,1.863,49.05,47.0560,26.9,1.864,49.12,4.04,-120,2.00,
2026-09-02T19:10:10,2,1.848,47.83,47.0590,26.9,1.864,49.12,4.04,-120,2.75,
2026-09-02T19:10:11,2,1.846,47.70,47.0490,26.9,1.863,49.05,4.05,-120,2.25,
2026-09-02T19:10:12,2,1.861,48.86,47.0510,26.9,1.866,49.31,4.03,-120,2.00,
2026-09-02T19:10:14,2,1.845,47.57,47.0560,26.9,1.864,49.12,4.04,-120,2.00,
2026-09-02T19:10:15,2,1.863,49.05,47.0480,26.9,1.865,49.18,4.04,-120,1.75,
2026-09-02T19:10:16,2,1.858,48.60,47.0580,26.9,1.869,49.50,4.02,-120,2.00,
2026-09-02T19:10:17,2,1.845,47.63,47.0500,26.9,1.861,48.86,4.05,-120,2.00,
2026-09-02T19:10:18,2,1.859,48.73,47.0480,26.9,1.853,48.28,4.03,-120,2.25,
2026-09-02T19:10:19,2,1.846,47.70,47.0430,26.9,1.866,49.25,4.04,-120,2.25,
2026-09-02T19:10:20,2,1.846,47.70,47.0490,26.9,1.865,49.18,4.05,-120,2.25,
2026-09-02T19:10:21,2,1.858,48.67,47.0450,26.9,1.866,49.31,4.02,-120,2.50,
2026-09-02T19:10:22,2,1.845,47.57,47.0550,26.9,1.866,49.25,4.04,-120,2.25,
2026-09-02T19:10:23,2,1.864,49.12,47.0550,26.9,1.881,50.47,4.04,-120,2.00,
2026-09-02T19:10:25,2,1.859,48.73,47.0600,26.9,1.867,49.37,4.03,-120,2.25,
2026-09-02T19:10:26,2,1.845,47.57,47.0580,26.9,1.864,49.12,4.05,-120,2.25,
2026-09-02T19:10:27,2,1.861,48.86,47.0430,26.9,1.864,49.12,4.04,-120,2.00,
2026-09-02T19:10:28,2,1.845,47.63,47.0440,26.9,1.866,49.25,4.02,-120,2.50,
2026-09-02T19:10:29,2,1.838,47.05,47.0420,26.9,1.861,48.86,4.06,-120,2.00,
2026-09-02T19:10:30,2,1.861,48.86,47.0460,26.9,1.868,49.44,4.02,-120,2.25,
2026-09-02T19:10:31,2,1.843,47.44,47.0590,26.9,1.863,49.05,5.00,-112,2.75,
2026-09-02T19:10:32,2,1.845,47.57,47.0600,26.9,1.862,48.92,4.06,-120,2.00,
2026-09-02T19:10:33,2,1.862,48.92,47.0650,26.9,1.866,49.31,4.03,-119,2.25,
2026-09-02T19:10:34,2,1.845,47.57,47.0730,26.9,1.866,49.25,4.05,-120,2.25,
2026-09-02T19:10:35,2,1.862,48.92,47.0660,26.9,1.865,49.18,4.04,-120,2.00,
2026-09-02T19:10:38,2,1.845,47.57,47.0710,26.9,1.863,49.05,4.06,-120,2.00,
2026-09-02T19:10:39,2,1.858,48.67,47.0770,26.9,1.863,49.05,4.04,-120,2.50,
2026-09-02T19:10:40,2,1.848,47.83,47.0900,26.9,1.868,49.44,4.04,-120,2.50,
2026-09-02T19:10:41,2,1.845,47.57,47.0990,26.9,1.862,48.99,4.06,-120,2.00,
2026-09-02T19:10:43,2,1.846,47.70,47.0910,26.9,1.864,49.12,4.04,-120,2.50,
2026-09-02T19:10:44,2,1.863,49.05,47.0910,26.9,1.862,48.92,4.03,-120,2.25,
2026-09-02T19:10:45,2,1.862,48.92,47.0890,26.9,1.869,49.50,4.03,-120,1.75,
2026-09-02T19:10:46,2,1.843,47.44,47.1020,26.9,1.864,49.12,4.06,-120,2.25,
2026-09-02T19:10:49,2,1.844,47.50,47.1040,26.9,1.865,49.18,4.04,-120,2.25,
2026-09-02T19:10:50,2,1.841,47.31,47.1060,26.9,1.869,49.50,4.05,-120,2.25,
2026-09-02T19:10:51,2,1.858,48.67,47.0940,26.9,1.866,49.25,4.02,-120,2.50,
2026-09-02T19:10:52,2,1.845,47.63,47.0980,26.9,1.865,49.18,4.04,-120,2.00,
2026-09-02T19:10:53,2,1.861,48.86,47.0950,26.9,1.863,49.05,4.04,-120,2.00,
2026-09-02T19:10:54,2,1.858,48.67,47.0830,26.9,1.869,49.50,4.03,-120,2.00,
2026-09-02T19:10:55,2,1.845,47.63,47.0810,26.9,1.863,49.05,4.05,-120,1.75,
2026-09-02T19:10:56,2,1.860,48.79,47.0940,26.9,1.862,48.99,4.04,-120,2.25,
2026-09-02T19:10:57,2,1.848,47.83,47.0920,26.9,1.865,49.18,4.04,-120,2.25,
2026-09-02T19:10:58,2,1.845,47.63,47.0870,26.9,1.858,48.60,4.05,-120,2.25,
2026-09-02T19:10:59,2,1.862,48.92,47.0680,26.9,1.867,49.37,4.02,-120,2.25,
2026-09-02T19:11:01,2,1.845,47.57,47.0650,26.9,1.865,49.18,4.04,-120,2.25,
2026-09-02T19:11:02,2,1.863,49.05,47.0630,26.9,1.864,49.12,4.04,-120,2.25,
2026-09-02T19:11:03,2,1.858,48.60,47.0690,26.9,1.864,49.12,4.03,-120,2.00,
2026-09-02T19:11:04,2,1.847,47.76,47.0610,26.9,1.862,48.99,4.05,-120,2.25,
2026-09-02T19:11:05,2,1.858,48.67,47.0620,26.9,1.869,49.50,4.04,-120,3.00,
2026-09-02T19:11:06,2,1.845,47.63,47.0520,26.9,1.866,49.25,4.04,-120,2.25,
2026-09-02T19:11:07,2,1.845,47.63,47.0450,26.9,1.862,48.99,4.04,-120,2.00,
2026-09-02T19:11:08,2,1.860,48.79,47.0340,26.9,1.870,49.57,4.03,-120,2.00,
2026-09-02T19:11:09,2,1.848,47.83,47.0290,26.9,1.865,49.18,4.04,-120,2.25,
2026-09-02T19:11:10,2,1.862,48.99,47.0370,26.9,1.862,48.99,4.04,-120,2.25,
2026-09-02T19:11:12,2,1.858,48.67,47.0320,26.9,1.866,49.31,4.03,-120,2.00,
2026-09-02T19:11:13,2,1.846,47.70,47.0220,26.9,1.864,49.12,4.04,-120,1.75,
2026-09-02T19:11:14,2,1.861,48.86,47.0220,26.9,1.866,49.25,4.04,-120,2.25,
2026-09-02T19:11:15,2,1.844,47.50,47.0310,26.9,1.865,49.18,4.03,-120,1.75,
2026-09-02T19:11:16,2,1.852,48.15,47.0250,26.9,1.858,48.67,4.06,-120,1.50,
2026-09-02T19:11:17,2,1.858,48.67,47.0260,26.9,1.864,49.12,4.04,-120,2.25,
2026-09-02T19:11:18,2,1.832,46.54,47.0270,26.9,1.865,49.18,4.04,-120,2.25,
2026-09-02T19:11:19,2,1.862,48.99,47.0290,26.9,1.864,49.12,4.04,-120,2.25,
2026-09-02T19:11:20,2,1.861,48.86,47.0280,26.9,1.868,49.44,4.02,-120,2.25,
2026-09-02T19:11:21,2,1.845,47.57,47.0360,26.9,1.864,49.12,4.04,-120,2.25,
2026-09-02T19:11:22,2,1.859,48.73,47.0340,26.9,1.863,49.05,4.04,-120,2.00,
2026-09-02T19:11:24,2,1.845,47.57,47.0330,26.9,1.866,49.25,4.04,-120,2.25,
2026-09-02T19:11:25,2,1.845,47.63,47.0310,26.9,1.863,49.05,4.06,-120,2.25,
2026-09-02T19:11:26,2,1.859,48.73,47.0390,26.9,1.866,49.31,4.04,-120,2.00,
2026-09-02T19:11:27,2,1.845,47.57,47.0480,26.9,1.864,49.12,4.04,-120,1.75,
2026-09-02T19:11:28,2,1.862,48.92,47.0550,26.9,1.863,49.05,4.04,-120,2.50,
2026-09-02T19:11:29,2,1.859,48.73,47.0530,26.9,1.869,49.50,4.02,-120,1.75,
2026-09-02T19:11:30,2,1.846,47.70,47.0540,26.9,1.866,49.25,4.04,-120,2.00,
2026-09-02T19:11:31,2,1.860,48.79,47.0580,26.9,1.869,49.50,4.04,-120,2.50,
2026-09-02T19:11:32,2,1.862,48.92,47.0570,26.9,1.866,49.25,4.02,-120,2.25,
2026-09-02T19:11:34,2,1.859,48.73,47.0540,26.9,1.867,49.37,4.04,-120,2.00,
2026-09-02T19:11:36,2,1.845,47.63,47.0550,26.9,1.866,49.25,4.04,-120,2.00,
2026-09-02T19:11:37,2,1.845,47.63,47.0520,26.9,1.864,49.12,4.05,-120,2.00,
2026-09-02T19:11:38,2,1.861,48.86,47.0480,26.9,1.868,49.44,4.03,-120,2.25,
2026-09-02T19:11:40,2,1.865,49.18,47.0620,26.9,1.865,49.18,4.04,-120,2.25,
2026-09-02T19:11:41,2,1.859,48.73,47.0590,26.9,1.867,49.37,4.02,-120,2.25,
2026-09-02T19:11:42,2,1.854,48.34,47.0570,26.9,1.863,49.05,4.06,-121,2.00,
2026-09-02T19:11:43,2,1.859,48.73,47.0560,26.9,1.863,49.05,4.04,-120,2.50,
2026-09-02T19:11:45,2,1.845,47.57,47.0410,26.9,1.864,49.12,4.06,-120,2.00,
2026-09-02T19:11:46,2,1.858,48.60,47.0410,26.9,1.862,48.99,4.04,-120,2.25,
2026-09-02T19:11:48,2,1.846,47.70,47.0370,26.9,1.864,49.12,4.04,-120,2.00,
2026-09-02T19:11:49,2,1.861,48.86,47.0360,26.9,1.863,49.05,4.04,-120,2.25,
2026-09-02T19:11:50,2,1.864,49.12,47.0400,26.9,1.872,49.76,4.03,-120,2.00,
2026-09-02T19:11:51,2,1.845,47.57,47.0360,26.9,1.865,49.18,4.04,-120,2.25,
2026-09-02T19:11:52,2,1.862,48.92,47.0350,26.9,1.871,49.70,4.04,-120,2.00,
2026-09-02T19:11:53,2,1.843,47.44,47.0240,26.9,1.865,49.18,4.04,-120,2.25,
2026-09-02T19:11:54,2,1.842,47.38,47.0210,26.9,1.862,48.99,4.05,-120,1.75,
2026-09-02T19:11:55,2,1.859,48.73,47.0220,26.9,1.865,49.18,4.04,-120,2.25,
2026-09-02T19:11:56,2,1.838,47.05,47.0230,26.9,1.866,49.25,4.04,-120,2.00,
2026-09-02T19:11:57,2,1.863,49.05,47.0350,26.9,1.864,49.12,4.04,-120,2.00,
2026-09-02T19:11:59,2,1.870,49.63,47.0370,26.9,1.866,49.25,4.03,-120,2.00,
2026-09-02T19:12:00,2,1.845,47.63,47.0290,26.9,1.866,49.25,4.04,-121,2.00,
2026-09-02T19:12:01,2,1.862,48.92,47.0300,26.9,1.864,49.12,4.04,-120,2.25,
2026-09-02T19:12:02,2,1.844,47.50,47.0250,26.9,1.864,49.12,4.04,-120,2.00,
2026-09-02T19:12:03,2,1.845,47.57,47.0330,26.9,1.863,49.05,4.05,-120,2.00,
2026-09-02T19:12:04,2,1.858,48.67,47.0360,26.9,1.865,49.18,4.04,-120,2.00,
2026-09-02T19:12:05,2,1.846,47.70,47.0400,26.9,1.855,48.41,4.04,-120,1.75,
2026-09-02T19:12:06,2,1.858,48.60,47.0360,26.9,1.863,49.05,4.05,-120,1.75,
2026-09-02T19:12:07,2,1.858,48.60,47.0380,26.9,1.864,49.12,4.02,-120,2.25,
2026-09-02T19:12:08,2,1.845,47.63,47.0390,26.9,1.864,49.12,4.04,-120,2.00,
2026-09-02T19:12:09,2,1.858,48.60,47.0440,26.9,1.865,49.18,4.04,-120,2.25,
2026-09-02T19:12:11,2,1.858,48.60,47.0430,26.9,1.869,49.50,4.03,-120,1.75,
2026-09-02T19:12:12,2,1.857,48.54,47.0380,26.9,1.865,49.18,4.05,-120,1.75,
2026-09-02T19:12:13,2,1.860,48.79,47.0400,26.9,1.866,49.25,4.04,-120,2.25,
2026-09-02T19:12:14,2,1.845,47.57,47.0570,26.9,1.865,49.18,4.04,-120,2.25,
2026-09-02T19:12:15,2,1.845,47.57,47.0580,26.9,1.862,48.99,4.05,-120,2.25,
2026-09-02T19:12:16,2,1.870,49.57,47.0640,26.9,1.866,49.25,4.04,-120,2.50,
2026-09-02T19:12:17,2,1.846,47.70,47.0560,26.9,1.862,48.99,4.04,-120,2.25,
2026-09-02T19:12:18,2,1.859,48.73,47.0440,26.9,1.866,49.31,4.04,-120,2.00,
2026-09-02T19:12:19,2,1.862,48.92,47.0510,26.9,1.870,49.63,4.01,-120,2.00,
2026-09-02T19:12:20,2,1.846,47.70,47.0520,26.9,1.864,49.12,4.04,-120,2.25,
2026-09-02T19:12:21,2,1.862,48.99,47.0450,26.9,1.864,49.12,4.04,-120,2.25,
2026-09-02T19:12:23,2,1.848,47.83,47.0530,26.9,1.868,49.44,4.04,-120,2.00,
2026-09-02T19:12:24,2,1.851,48.08,47.0470,26.9,1.862,48.99,4.06,-120,2.25,
2026-09-02T19:12:25,2,1.859,48.73,47.0490,26.9,1.864,49.12,4.04,-120,2.25,
2026-09-02T19:12:26,2,1.844,47.50,47.0500,26.9,1.860,48.79,4.04,-120,2.25,
2026-09-02T19:12:27,2,1.862,48.92,47.0460,26.9,1.866,49.25,4.03,-120,2.25,
2026-09-02T19:12:28,2,1.859,48.73,47.0410,26.9,1.869,49.50,4.02,-120,2.25,
2026-09-02T19:12:29,2,1.849,47.96,47.0370,26.9,1.866,49.25,4.04,-120,2.00,
2026-09-02T19:12:31,2,1.845,47.57,47.0410,26.9,1.865,49.18,4.04,-120,2.00,
2026-09-02T19:12:32,2,1.845,47.63,47.0460,26.9,1.861,48.86,4.06,-120,2.25,
2026-09-02T19:12:33,2,1.858,48.67,47.0440,26.9,1.866,49.31,4.04,-120,2.25,
2026-09-02T19:12:35,2,1.845,47.63,47.0320,26.9,1.862,48.99,4.04,-120,2.25,
2026-09-02T19:12:37,2,1.858,48.60,47.0330,26.9,1.865,49.18,4.02,-120,2.50,
2026-09-02T19:12:38,2,1.844,47.50,47.0370,26.9,1.870,49.57,4.04,-120,2.25,
2026-09-02T19:12:39,2,1.860,48.79,47.0280,26.9,1.864,49.12,4.04,-120,2.25,
2026-09-02T19:12:40,2,1.843,47.44,47.0260,26.9,1.866,49.31,4.04,-120,2.00,
2026-09-02T19:12:42,2,1.860,48.79,47.0370,26.9,1.863,49.05,4.04,-120,2.25,
2026-09-02T19:12:43,2,1.846,47.70,47.0310,26.9,1.866,49.31,4.04,-120,2.00,
2026-09-02T19:12:44,2,1.841,47.25,47.0260,26.9,1.864,49.12,4.06,-120,2.00,
2026-09-02T19:12:45,2,1.858,48.60,47.0260,26.9,1.864,49.12,4.04,-120,2.00,
2026-09-02T19:12:47,2,1.845,47.63,47.0300,26.9,1.865,49.18,4.04,-120,2.00,
2026-09-02T19:12:48,2,1.862,48.92,47.0360,26.9,1.862,48.92,4.04,-120,2.00,
2026-09-02T19:12:49,2,1.861,48.86,47.0400,26.9,1.866,49.31,4.02,-120,2.25,
2026-09-02T19:12:50,2,1.845,47.63,47.0510,26.9,1.870,49.63,4.04,-120,2.00,
2026-09-02T19:12:51,2,1.858,48.67,47.0550,26.9,1.862,48.92,4.04,-120,2.25,
2026-09-02T19:12:52,2,1.845,47.57,47.0460,26.9,1.864,49.12,4.04,-120,2.00,
2026-09-02T19:12:53,2,1.838,47.05,47.0450,26.9,1.863,49.05,4.05,-120,2.25,
2026-09-02T19:12:54,2,1.859,48.73,47.0500,26.9,1.867,49.37,4.05,-120,2.00,
2026-09-02T19:12:55,2,1.845,47.63,47.0550,26.9,1.864,49.12,4.04,-120,2.00,
2026-09-02T19:12:56,2,1.864,49.12,47.0540,26.9,1.865,49.18,4.04,-120,2.00,
2026-09-02T19:12:58,2,1.858,48.67,47.0630,26.9,1.861,48.86,4.02,-120,2.00,
2026-09-02T19:12:59,2,1.846,47.70,47.0640,26.9,1.866,49.25,4.04,-120,1.75,
2026-09-02T19:13:00,2,1.860,48.79,47.0630,26.9,1.882,50.53,4.04,-120,2.25,
2026-09-02T19:13:01,2,1.845,47.63,47.0620,26.9,1.865,49.18,4.04,-120,2.00,
2026-09-02T19:13:02,2,1.844,47.50,47.0570,26.9,1.866,49.25,4.06,-120,2.00,
2026-09-02T19:13:03,2,1.859,48.73,47.0630,26.9,1.863,49.05,4.04,-120,2.25,
2026-09-02T19:13:04,2,1.845,47.63,47.0670,26.9,1.864,49.12,4.04,-120,2.00,
2026-09-02T19:13:05,2,1.866,49.25,47.0620,26.9,1.864,49.12,4.04,-120,2.00,
2026-09-02T19:13:06,2,1.861,48.86,47.0650,26.9,1.880,50.41,4.02,-120,2.00,
2026-09-02T19:13:07,2,1.845,47.57,47.0620,26.9,1.866,49.31,4.04,-120,2.00,
2026-09-02T19:13:08,2,1.862,48.92,47.0600,26.9,1.864,49.12,4.04,-120,2.25,
2026-09-02T19:13:10,2,1.847,47.76,47.0640,26.9,1.864,49.12,4.03,-120,2.00,
2026-09-02T19:13:11,2,1.841,47.31,47.0500,26.9,1.866,49.25,4.05,-120,2.25,
2026-09-02T19:13:12,2,1.856,48.47,47.0420,26.9,1.865,49.18,4.04,-120,2.00,
2026-09-02T19:13:13,2,1.845,47.57,47.0350,26.9,1.863,49.05,4.04,-121,2.00,
2026-09-02T19:13:14,2,1.860,48.79,47.0400,26.9,1.862,48.92,4.03,-120,2.50,
2026-09-02T19:13:15,2,1.858,48.60,47.0350,26.9,1.862,48.92,4.04,-120,2.50,
2026-09-02T19:13:16,2,1.845,47.57,47.0390,26.9,1.864,49.12,4.04,-120,2.00,
2026-09-02T19:13:17,2,1.860,48.79,47.0230,26.9,1.863,49.05,4.04,-120,2.25,
2026-09-02T19:13:18,2,1.858,48.60,47.0220,26.9,1.866,49.25,4.02,-120,1.50,
2026-09-02T19:13:19,2,1.846,47.70,47.0140,26.9,1.864,49.12,4.04,-120,2.25,
2026-09-02T19:13:20,2,1.860,48.79,47.0100,26.9,1.865,49.18,4.04,-120,2.25,
2026-09-02T19:13:22,2,1.844,47.50,47.0000,26.9,1.867,49.37,4.04,-120,2.00,
2026-09-02T19:13:23,2,1.843,47.44,47.0040,26.9,1.864,49.12,4.05,-120,2.00,
2026-09-02T19:13:24,2,1.857,48.54,46.9950,26.9,1.864,49.12,4.05,-120,2.25,
2026-09-02T19:13:25,2,1.845,47.57,46.9890,26.9,1.859,48.73,4.05,-120,2.25,
2026-09-02T19:13:26,2,1.862,48.99,46.9940,26.9,1.864,49.12,4.04,-120,1.75,
2026-09-02T19:13:28,2,1.845,47.63,46.9910,26.9,1.865,49.18,4.04,-120,2.25,
2026-09-02T19:13:29,2,1.856,48.47,46.9890,26.9,1.865,49.18,4.04,-120,2.25,
2026-09-02T19:13:30,2,1.845,47.57,46.9870,26.9,1.864,49.12,4.04,-120,2.00,
2026-09-02T19:13:31,2,1.845,47.57,46.9790,26.9,1.862,48.92,4.06,-120,2.25,
2026-09-02T19:13:34,2,1.844,47.50,46.9820,26.9,1.870,49.57,4.04,-120,2.25,
2026-09-02T19:13:35,2,1.863,49.05,46.9740,26.9,1.862,48.99,4.03,-120,1.75,
2026-09-02T19:13:36,2,1.858,48.67,46.9690,26.9,1.872,49.76,4.02,-120,2.00,
2026-09-02T19:13:37,2,1.846,47.70,46.9670,26.9,1.881,50.47,4.04,-120,2.00,
2026-09-02T19:13:39,2,1.831,46.47,46.9860,26.9,1.864,49.12,4.04,-120,2.25,
2026-09-02T19:13:40,2,1.844,47.50,46.9850,26.9,1.862,48.92,4.05,-120,2.25,
2026-09-02T19:13:41,2,1.859,48.73,46.9910,26.9,1.865,49.18,4.04,-120,2.00,
2026-09-02T19:13:42,2,1.846,47.70,46.9920,26.9,1.863,49.05,4.04,-120,2.25,
2026-09-02T19:13:43,2,1.862,48.99,46.9890,26.9,1.866,49.25,4.03,-120,2.25,
2026-09-02T19:13:45,2,1.858,48.60,46.9940,26.9,1.874,49.95,4.02,-121,2.00,
2026-09-02T19:13:46,2,1.841,47.25,46.9930,26.9,1.864,49.12,4.04,-120,2.25,
2026-09-02T19:13:47,2,1.858,48.67,46.9820,26.9,1.863,49.05,4.04,-120,2.25,
2026-09-02T19:13:48,2,1.845,47.57,46.9820,26.9,1.865,49.18,4.04,-121,1.75,
2026-09-02T19:13:49,2,1.845,47.57,46.9770,26.9,1.863,49.05,4.05,-120,2.00,
2026-09-02T19:13:50,2,1.859,48.73,46.9870,26.9,1.865,49.18,4.04,-120,2.50,
2026-09-02T19:13:51,2,1.843,47.44,46.9910,26.9,1.866,49.25,4.04,-120,2.00,
2026-09-02T19:13:52,2,1.845,47.63,46.9930,26.9,1.862,48.92,4.05,-121,2.00,
2026-09-02T19:13:53,2,1.858,48.60,46.9880,26.9,1.867,49.37,4.04,-120,2.00,
2026-09-02T19:13:54,2,1.844,47.50,46.9920,26.9,1.863,49.05,4.04,-120,2.25,
2026-09-02T19:13:55,2,1.860,48.79,46.9880,26.9,1.864,49.12,4.03,-120,2.25,
2026-09-02T19:13:57,2,1.859,48.73,46.9810,26.9,1.866,49.31,4.02,-120,2.00,
2026-09-02T19:13:58,2,1.837,46.99,46.9860,26.9,1.865,49.18,4.04,-120,2.50,
2026-09-02T19:13:59,2,1.857,48.54,46.9780,26.9,1.861,48.86,4.04,-120,2.50,
2026-09-02T19:14:00,2,1.845,47.57,46.9740,26.9,1.862,48.99,4.04,-120,2.00,
2026-09-02T19:14:01,2,1.844,47.50,46.9790,26.9,1.862,48.92,4.05,-120,2.00,
2026-09-02T19:14:02,2,1.858,48.60,46.9830,26.9,1.862,48.99,4.04,-120,2.00,
2026-09-02T19:14:03,2,1.845,47.57,46.9910,26.9,1.862,48.92,4.04,-120,2.25,
2026-09-02T19:14:04,2,1.860,48.79,46.9950,26.9,1.864,49.12,4.04,-120,2.00,
2026-09-02T19:14:05,2,1.860,48.79,46.9980,26.9,1.866,49.31,4.02,-120,2.25,
2026-09-02T19:14:06,2,1.846,47.70,47.0000,26.9,1.862,48.99,4.04,-120,2.00,
2026-09-02T19:14:07,2,1.859,48.73,47.0020,26.9,1.862,48.99,4.04,-120,2.00,
2026-09-02T19:14:09,2,1.844,47.50,46.9920,26.9,1.864,49.12,4.04,-120,2.00,
2026-09-02T19:14:10,2,1.846,47.70,46.9970,26.9,1.863,49.05,4.06,-120,2.25,
2026-09-02T19:14:11,2,1.858,48.60,46.9910,26.9,1.862,48.99,4.04,-120,2.25,
2026-09-02T19:14:12,2,1.845,47.57,46.9920,26.9,1.865,49.18,4.04,-120,2.00,
2026-09-02T19:14:13,2,1.863,49.05,46.9970,26.9,1.864,49.12,4.03,-120,2.00,
2026-09-02T19:14:14,2,1.870,49.63,46.9940,26.9,1.879,50.34,4.02,-120,2.25,
2026-09-02T19:14:15,2,1.843,47.44,47.0040,26.9,1.863,49.05,4.04,-120,2.00,
2026-09-02T19:14:16,2,1.860,48.79,47.0150,26.9,1.863,49.05,4.04,-120,2.25,
2026-09-02T19:14:17,2,1.845,47.57,47.0110,26.9,1.863,49.05,4.04,-120,2.00,
2026-09-02T19:14:18,2,1.844,47.50,47.0110,26.9,1.864,49.12,4.06,-120,2.00,
2026-09-02T19:14:19,2,1.859,48.73,47.0190,26.9,1.865,49.18,4.04,-120,2.25,
2026-09-02T19:14:21,2,1.858,48.67,47.0250,26.9,1.863,49.05,4.04,-120,2.25,
2026-09-02T19:14:22,2,1.862,48.92,47.0220,26.9,1.864,49.12,4.04,-120,2.25,
2026-09-02T19:14:23,2,1.860,48.79,47.0150,26.9,1.866,49.25,4.02,-120,2.25,
2026-09-02T19:14:25,2,1.858,48.67,47.0140,26.9,1.862,48.92,4.03,-120,1.75,
2026-09-02T19:14:26,2,1.846,47.70,47.0210,26.9,1.866,49.25,4.03,-120,2.25,
2026-09-02T19:14:27,2,1.833,46.67,47.0250,26.9,1.860,48.79,4.05,-120,2.25,
2026-09-02T19:14:28,2,1.858,48.67,47.0320,26.9,1.863,49.05,4.04,-120,2.00,
2026-09-02T19:14:30,2,1.843,47.44,47.0240,26.9,1.862,48.92,4.05,-120,2.00,
2026-09-02T19:14:32,2,1.876,50.08,47.0220,26.9,1.864,49.12,4.04,-120,2.25,
2026-09-02T19:14:33,2,1.846,47.70,47.0250,26.9,1.868,49.44,4.04,-120,1.75,
2026-09-02T19:14:34,2,1.862,48.99,47.0170,26.9,1.864,49.12,4.04,-120,2.50,
2026-09-02T19:14:36,2,1.845,47.63,46.9980,26.9,1.863,49.05,4.04,-120,2.50,
2026-09-02T19:14:37,2,1.858,48.67,47.0060,26.9,1.866,49.25,4.04,-120,2.00,
2026-09-02T19:14:38,2,1.845,47.63,47.0070,26.9,1.862,48.99,4.04,-120,2.25,
2026-09-02T19:14:39,2,1.845,47.63,47.0070,26.9,1.862,48.99,4.05,-120,2.50,
2026-09-02T19:14:41,2,1.845,47.63,47.0140,26.9,1.865,49.18,4.04,-120,2.50,
2026-09-02T19:14:42,2,1.860,48.79,47.0250,26.9,1.866,49.31,4.03,-120,1.75,
2026-09-02T19:14:44,2,1.859,48.73,47.0210,26.9,1.870,49.57,4.02,-120,2.00,
2026-09-02T19:14:45,2,1.844,47.50,47.0180,26.9,1.862,48.99,4.04,-121,2.50,
2026-09-02T19:14:46,2,1.860,48.79,47.0200,26.9,1.866,49.25,4.04,-120,2.50,
2026-09-02T19:14:47,2,1.845,47.57,47.0240,26.9,1.862,48.99,4.04,-120,2.25,
2026-09-02T19:14:48,2,1.845,47.57,47.0280,26.9,1.862,48.99,4.05,-120,2.25,
2026-09-02T19:14:49,2,1.859,48.73,47.0290,26.9,1.866,49.31,4.04,-120,2.25,
2026-09-02T19:14:50,2,1.844,47.50,47.0300,26.9,1.867,49.37,4.04,-120,2.50,
2026-09-02T19:14:51,2,1.862,48.92,47.0360,26.9,1.866,49.25,4.04,-120,2.25,
2026-09-02T19:14:52,2,1.858,48.60,47.0340,26.9,1.868,49.44,4.02,-120,1.75,
2026-09-02T19:14:53,2,1.844,47.50,47.0400,26.9,1.863,49.05,4.04,-120,1.75,
2026-09-02T19:14:54,2,1.860,48.79,47.0380,26.9,1.864,49.12,4.04,-120,2.25,
2026-09-02T19:14:56,2,1.845,47.63,47.0370,26.9,1.866,49.25,4.04,-120,2.00,
2026-09-02T19:14:57,2,1.844,47.50,47.0380,26.9,1.862,48.99,4.05,-120,2.00,
2026-09-02T19:14:58,2,1.859,48.73,47.0300,26.9,1.870,49.63,4.04,-120,2.00,
2026-09-02T19:14:59,2,1.845,47.57,47.0210,26.9,1.866,49.25,4.04,-120,2.25,
2026-09-02T19:15:00,2,1.862,48.92,47.0080,26.9,1.863,49.05,4.03,-120,2.25,
2026-09-02T19:15:01,2,1.856,48.47,47.0000,26.9,1.866,49.25,4.02,-120,2.25,
2026-09-02T19:15:02,2,1.845,47.57,46.9940,26.9,1.864,49.12,4.04,-120,2.00,
2026-09-02T19:15:03,2,1.859,48.73,46.9920,26.9,1.863,49.05,4.04,-120,2.25,
2026-09-02T19:15:04,2,1.843,47.44,46.9840,26.9,1.865,49.18,4.04,-120,2.50,
2026-09-02T19:15:05,2,1.845,47.63,46.9860,26.9,1.864,49.12,4.06,-120,1.75,
2026-09-02T19:15:06,2,1.855,48.41,46.9960,26.9,1.864,49.12,4.04,-120,2.25,
2026-09-02T19:15:08,2,1.846,47.70,46.9880,26.9,1.870,49.57,4.04,-120,2.00,
2026-09-02T19:15:09,2,1.855,48.41,46.9820,26.9,1.865,49.18,4.05,-120,2.25,
2026-09-02T19:15:10,2,1.858,48.60,46.9780,26.9,1.869,49.50,4.04,-120,2.25,
2026-09-02T19:15:11,2,1.843,47.44,46.9670,26.9,1.864,49.12,4.04,-120,2.00,
2026-09-02T19:15:12,2,1.860,48.79,46.9730,26.9,1.860,48.79,4.04,-120,2.00,
2026-09-02T19:15:13,2,1.874,49.95,46.9760,26.9,1.865,49.18,4.03,-120,2.00,
2026-09-02T19:15:14,2,1.844,47.50,46.9900,26.9,1.862,48.99,4.04,-120,2.25,
2026-09-02T19:15:15,2,1.859,48.73,46.9900,26.9,1.868,49.44,4.04,-120,2.00,
2026-09-02T19:15:16,2,1.850,48.02,46.9930,26.9,1.862,48.99,4.04,-120,2.00,
2026-09-02T19:15:17,2,1.845,47.57,46.9950,26.9,1.863,49.05,4.05,-120,2.25,
2026-09-02T19:15:19,2,1.858,48.60,46.9990,26.9,1.857,48.54,4.04,-120,2.00,
2026-09-02T19:15:20,2,1.844,47.50,46.9980,26.9,1.863,49.05,4.04,-120,2.00,
2026-09-02T19:15:22,2,1.859,48.73,47.0050,26.9,1.869,49.50,4.02,-120,2.25,
2026-09-02T19:15:23,2,1.844,47.50,47.0090,26.9,1.865,49.18,4.04,-120,2.00,
2026-09-02T19:15:24,2,1.858,48.67,47.0110,26.9,1.863,49.05,4.04,-120,2.25,
2026-09-02T19:15:25,2,1.847,47.76,47.0090,26.9,1.857,48.54,4.04,-120,2.00,
2026-09-02T19:15:27,2,1.858,48.67,47.0040,26.9,1.863,49.05,4.04,-120,2.25,
2026-09-02T19:15:28,2,1.847,47.76,46.9970,26.9,1.870,49.57,4.04,-120,2.00,
2026-09-02T19:15:29,2,1.860,48.79,46.9980,26.9,1.865,49.18,4.04,-120,2.00,
2026-09-02T19:15:31,2,1.861,48.86,47.0140,26.9,1.865,49.18,4.02,-120,2.50,
2026-09-02T19:15:33,2,1.859,48.73,47.0130,26.9,1.862,48.92,4.04,-121,1.75,
2026-09-02T19:15:34,2,1.846,47.70,47.0040,26.9,1.863,49.05,4.04,-120,2.25,
2026-09-02T19:15:35,2,1.849,47.89,47.0050,26.9,1.862,48.99,4.05,-120,2.00,
2026-09-02T19:15:36,2,1.858,48.67,47.0070,26.9,1.865,49.18,4.03,-120,2.00,
2026-09-02T19:15:38,2,1.863,49.05,46.9960,26.9,1.865,49.18,4.03,-120,2.00,
2026-09-02T19:15:39,2,1.860,48.79,46.9950,26.9,1.865,49.18,4.02,-120,2.25,
2026-09-02T19:15:40,2,1.845,47.57,46.9980,26.9,1.864,49.12,4.04,-120,2.25,
2026-09-02T19:15:41,2,1.858,48.67,46.9970,26.9,1.862,48.99,4.04,-120,2.25,
2026-09-02T19:15:43,2,1.845,47.63,46.9930,26.9,1.864,49.12,4.04,-120,2.25,
2026-09-02T19:15:44,2,1.844,47.50,46.9780,26.9,1.862,48.92,4.06,-120,2.00,
2026-09-02T19:15:45,2,1.858,48.67,46.9730,26.9,1.862,48.92,4.04,-120,2.00,
2026-09-02T19:15:46,2,1.845,47.57,46.9690,26.9,1.864,49.12,4.04,-120,2.00,
2026-09-02T19:15:47,2,1.866,49.25,46.9790,26.9,1.867,49.37,4.04,-120,2.25,
2026-09-02T19:15:48,2,1.858,48.67,46.9840,26.9,1.866,49.25,4.04,-120,2.25,
2026-09-02T19:15:49,2,1.839,47.12,46.9920,26.9,1.865,49.18,4.04,-120,2.25,
2026-09-02T19:15:50,2,1.859,48.73,46.9910,26.9,1.866,49.31,4.04,-120,2.00,
2026-09-02T19:15:51,2,1.841,47.25,46.9910,26.9,1.865,49.18,4.03,-120,2.25,
2026-09-02T19:15:52,2,1.844,47.50,46.9910,26.9,1.864,49.12,4.04,-120,2.25,
2026-09-02T19:15:53,2,1.858,48.67,46.9840,26.9,1.868,49.44,4.04,-120,2.00,
2026-09-02T19:15:55,2,1.845,47.57,46.9880,26.9,1.864,49.12,4.04,-120,2.25,
2026-09-02T19:15:56,2,1.855,48.41,46.9950,26.9,1.862,48.99,4.05,-120,2.00,
2026-09-02T19:15:57,2,1.860,48.79,47.0030,26.9,1.864,49.12,4.04,-120,2.00,
2026-09-02T19:15:58,2,1.845,47.57,47.0150,26.9,1.865,49.18,4.04,-120,2.00,
2026-09-02T19:15:59,2,1.860,48.79,47.0220,26.9,1.862,48.92,4.04,-120,2.25,
2026-09-02T19:16:00,2,1.858,48.67,47.0200,26.9,1.866,49.25,4.02,-120,1.75,
2026-09-02T19:16:01,2,1.847,47.76,47.0210,26.9,1.866,49.31,4.04,-120,2.25,
2026-09-02T19:16:02,2,1.859,48.73,47.0210,26.9,1.865,49.18,4.04,-120,2.25,
2026-09-02T19:16:03,2,1.845,47.63,47.0410,26.9,1.867,49.37,4.04,-120,2.50,
2026-09-02T19:16:04,2,1.849,47.89,47.0410,26.9,1.863,49.05,4.05,-120,2.25,
2026-09-02T19:16:06,2,1.856,48.47,47.0360,26.9,1.868,49.44,4.04,-120,2.25,
2026-09-02T19:16:07,2,1.849,47.89,47.0360,26.9,1.863,49.05,4.04,-120,2.25,
2026-09-02T19:16:08,2,1.862,48.92,47.0280,26.9,1.866,49.25,4.04,-120,2.00,
2026-09-02T19:16:09,2,1.860,48.79,47.0230,26.9,1.869,49.50,4.02,-120,2.00,
2026-09-02T19:16:10,2,1.845,47.63,47.0190,26.9,1.865,49.18,4.04,-120,2.25,
2026-09-02T19:16:11,2,1.858,48.67,47.0200,26.9,1.864,49.12,4.04,-120,2.25,
2026-09-02T19:16:12,2,1.846,47.70,47.0110,26.9,1.866,49.25,4.04,-120,2.25,
2026-09-02T19:16:13,2,1.843,47.44,47.0170,26.9,1.862,48.99,4.05,-120,2.25,
2026-09-02T19:16:14,2,1.860,48.79,47.0190,26.9,1.868,49.44,4.03,-120,2.00,
2026-09-02T19:16:15,2,1.844,47.50,47.0090,26.9,1.863,49.05,4.04,-120,2.00,
2026-09-02T19:16:16,2,1.861,48.86,46.9980,26.9,1.866,49.25,4.03,-120,2.00,
2026-09-02T19:16:19,2,1.845,47.63,46.9830,26.9,1.865,49.18,4.03,-120,2.00,
2026-09-02T19:16:20,2,1.859,48.73,46.9700,26.9,1.864,49.12,4.04,-120,2.25,
2026-09-02T19:16:21,2,1.844,47.50,46.9740,26.9,1.866,49.25,4.04,-120,2.25,
2026-09-02T19:16:22,2,1.845,47.63,46.9730,26.9,1.858,48.60,4.05,-120,2.00,
2026-09-02T19:16:24,2,1.841,47.31,46.9670,26.9,1.864,49.12,4.04,-120,1.75,
2026-09-02T19:16:25,2,1.862,48.92,46.9660,26.9,1.863,49.05,4.03,-121,2.25,
2026-09-02T19:16:26,2,1.858,48.67,46.9690,26.9,1.858,48.67,4.04,-120,2.00,
2026-09-02T19:16:27,2,1.845,47.57,46.9620,26.9,1.868,49.44,4.04,-120,2.00,
2026-09-02T19:16:30,2,1.845,47.57,46.9680,26.9,1.866,49.25,4.04,-120,2.75,
2026-09-02T19:16:31,2,1.845,47.63,46.9730,26.9,1.863,49.05,4.04,-120,2.00,
2026-09-02T19:16:32,2,1.857,48.54,46.9820,26.9,1.864,49.12,4.04,-120,2.00,
2026-09-02T19:16:33,2,1.840,47.18,46.9760,26.9,1.865,49.18,4.04,-120,2.25,
2026-09-02T19:16:35,2,1.860,48.79,46.9800,26.9,1.864,49.12,4.04,-120,2.25,
2026-09-02T19:16:36,2,1.845,47.63,46.9820,26.9,1.868,49.44,4.04,-120,2.25,
2026-09-02T19:16:37,2,1.862,48.92,46.9890,26.9,1.864,49.12,4.04,-120,2.00,
2026-09-02T19:16:38,2,1.858,48.67,46.9940,26.9,1.864,49.12,4.02,-120,1.50,
2026-09-02T19:16:39,2,1.846,47.70,47.0040,26.9,1.863,49.05,4.04,-120,2.25,
2026-09-02T19:16:40,2,1.860,48.79,47.0070,26.9,1.877,50.15,4.03,-120,1.75,
2026-09-02T19:16:42,2,1.845,47.57,47.0200,26.9,1.866,49.25,4.03,-120,1.75,
2026-09-02T19:16:43,2,1.843,47.44,47.0140,26.9,1.862,48.99,4.05,-121,1.75,
2026-09-02T19:16:44,2,1.856,48.47,47.0130,26.9,1.866,49.25,4.04,-120,2.00,
2026-09-02T19:16:45,2,1.845,47.63,47.0140,26.9,1.868,49.44,4.04,-120,2.50,
2026-09-02T19:16:46,2,1.862,48.99,47.0110,26.9,1.868,49.44,4.03,-120,2.00,
2026-09-02T19:16:47,2,1.859,48.73,47.0240,26.9,1.865,49.18,4.02,-120,1.75,
2026-09-02T19:16:48,2,1.844,47.50,47.0200,26.9,1.866,49.25,4.04,-120,2.50,
2026-09-02T19:16:49,2,1.858,48.67,47.0130,26.9,1.863,49.05,4.04,-120,2.00,
2026-09-02T19:16:50,2,1.844,47.50,47.0010,26.9,1.865,49.18,4.04,-120,2.25,
2026-09-02T19:16:51,2,1.844,47.50,47.0040,26.9,1.860,48.79,4.05,-120,2.00,
2026-09-02T19:16:53,2,1.858,48.60,47.0130,26.9,1.863,49.05,4.04,-120,2.00,
2026-09-02T19:16:54,2,1.844,47.50,47.0130,26.9,1.866,49.25,4.04,-120,2.00,
2026-09-02T19:16:55,2,1.862,48.99,47.0170,26.9,1.865,49.18,4.04,-120,2.00,
2026-09-02T19:16:56,2,1.858,48.67,47.0140,26.9,1.869,49.50,4.02,-120,2.25,
2026-09-02T19:16:57,2,1.845,47.57,47.0070,26.9,1.865,49.18,4.04,-120,2.25,
2026-09-02T19:16:58,2,1.859,48.73,47.0060,26.9,1.864,49.12,4.04,-120,2.00,
2026-09-02T19:16:59,2,1.845,47.63,47.0050,26.9,1.863,49.05,4.04,-120,2.25,
2026-09-02T19:17:00,2,1.843,47.44,46.9990,26.9,1.864,49.12,4.05,-120,2.00,
2026-09-02T19:17:01,2,1.857,48.54,46.9760,26.9,1.862,48.92,4.04,-120,2.00,
2026-09-02T19:17:02,2,1.846,47.70,46.9810,26.9,1.866,49.25,4.04,-120,2.00,
2026-09-02T19:17:03,2,1.860,48.79,46.9750,26.9,1.862,48.92,4.03,-120,2.00,
2026-09-02T19:17:05,2,1.856,48.47,46.9750,26.9,1.867,49.37,4.04,-120,1.75,
2026-09-02T19:17:06,2,1.845,47.57,46.9780,26.9,1.863,49.05,4.04,-120,2.25,
2026-09-02T19:17:07,2,1.861,48.86,46.9820,26.9,1.862,48.99,4.04,-120,2.00,
2026-09-02T19:17:08,2,1.845,47.63,46.9880,26.9,1.864,49.12,4.04,-120,2.00,
2026-09-02T19:17:09,2,1.845,47.57,47.0000,26.9,1.870,49.63,4.04,-120,2.25,
2026-09-02T19:17:10,2,1.859,48.73,47.0070,26.9,1.866,49.25,4.04,-120,2.00,
2026-09-02T19:17:11,2,1.845,47.57,47.0030,26.9,1.866,49.25,4.04,-120,2.50,
2026-09-02T19:17:12,2,1.849,47.89,47.0020,26.9,1.863,49.05,4.03,-120,2.00,
2026-09-02T19:17:13,2,1.859,48.73,46.9970,26.9,1.865,49.18,4.04,-120,2.00,
2026-09-02T19:17:14,2,1.845,47.57,46.9990,26.9,1.865,49.18,4.04,-120,2.25,
2026-09-02T19:17:15,2,1.862,48.92,46.9950,26.9,1.863,49.05,4.04,-120,2.25,
2026-09-02T19:17:17,2,1.859,48.73,46.9960,26.9,1.866,49.31,4.02,-120,2.50,
2026-09-02T19:17:18,2,1.847,47.76,47.0030,26.9,1.858,48.67,4.04,-120,1.75,
2026-09-02T19:17:19,2,1.858,48.67,46.9940,26.9,1.862,48.92,4.04,-120,2.50,
2026-09-02T19:17:21,2,1.845,47.57,46.9970,26.9,1.862,48.92,4.06,-120,2.50,
2026-09-02T19:17:22,2,1.857,48.54,47.0070,26.9,1.864,49.12,4.04,-120,2.00,
2026-09-02T19:17:23,2,1.844,47.50,47.0110,26.9,1.869,49.50,4.04,-120,2.25,
2026-09-02T19:17:24,2,1.861,48.86,47.0140,26.9,1.862,48.99,4.03,-120,2.25,
2026-09-02T19:17:26,2,1.844,47.50,47.0060,26.9,1.864,49.12,4.04,-120,2.00,
2026-09-02T19:17:27,2,1.859,48.73,46.9980,26.9,1.866,49.25,4.04,-120,2.00,
2026-09-02T19:17:29,2,1.845,47.63,46.9950,26.9,1.864,49.12,4.04,-120,2.00,
2026-09-02T19:17:30,2,1.843,47.44,46.9890,26.9,1.862,48.99,4.05,-120,2.50,
2026-09-02T19:17:32,2,1.847,47.76,46.9760,26.9,1.865,49.18,4.04,-120,3.00,
2026-09-02T19:17:33,2,1.859,48.73,46.9830,26.9,1.863,49.05,4.03,-120,2.25,
2026-09-02T19:17:34,2,1.858,48.67,46.9710,26.9,1.865,49.18,4.02,-120,2.25,
2026-09-02T19:17:35,2,1.845,47.57,46.9730,26.9,1.863,49.05,4.04,-120,2.00,
2026-09-02T19:17:36,2,1.858,48.67,46.9680,26.9,1.862,48.99,4.04,-120,2.50,
2026-09-02T19:17:37,2,1.843,47.44,46.9690,26.9,1.864,49.12,4.04,-120,2.50,
2026-09-02T19:17:38,2,1.845,47.57,46.9690,26.9,1.860,48.79,4.05,-120,2.25,
2026-09-02T19:17:40,2,1.861,48.86,46.9820,26.9,1.863,49.05,4.04,-120,2.25,
2026-09-02T19:17:41,2,1.844,47.50,46.9840,26.9,1.866,49.25,4.04,-120,2.25,
2026-09-02T19:17:42,2,1.862,48.99,46.9770,26.9,1.863,49.05,4.03,-120,2.25,
2026-09-02T19:17:43,2,1.857,48.54,46.9740,26.9,1.873,49.83,4.04,-120,2.00,
2026-09-02T19:17:44,2,1.845,47.57,46.9580,26.9,1.866,49.25,4.03,-120,2.25,
2026-09-02T19:17:45,2,1.859,48.73,46.9690,26.9,1.866,49.25,4.04,-120,2.25,
2026-09-02T19:17:46,2,1.842,47.38,46.9650,26.9,1.864,49.12,4.03,-120,2.25,
2026-09-02T19:17:47,2,1.843,47.44,46.9580,26.9,1.864,49.12,4.04,-120,2.50,
2026-09-02T19:17:48,2,1.858,48.60,46.9560,26.9,1.866,49.25,4.04,-121,1.75,
2026-09-02T19:17:49,2,1.844,47.50,46.9620,26.9,1.866,49.25,4.04,-120,2.00,
2026-09-02T19:17:50,2,1.862,48.99,46.9520,26.9,1.862,48.99,4.03,-120,2.00,
2026-09-02T19:17:52,2,1.858,48.60,46.9520,26.9,1.865,49.18,4.04,-120,2.50,
2026-09-02T19:17:53,2,1.844,47.50,46.9570,26.9,1.865,49.18,4.04,-120,2.50,
2026-09-02T19:17:54,2,1.857,48.54,46.9520,26.9,1.858,48.60,4.04,-120,2.25,
2026-09-02T19:17:55,2,1.845,47.63,46.9550,26.9,1.866,49.25,4.03,-120,2.00,
2026-09-02T19:17:56,2,1.845,47.63,46.9540,26.9,1.867,49.37,4.04,-120,2.25,
2026-09-02T19:17:57,2,1.861,48.86,46.9530,26.9,1.865,49.18,4.04,-121,2.25,
2026-09-02T19:17:58,2,1.845,47.57,46.9600,26.9,1.865,49.18,4.04,-120,2.25,
2026-09-02T19:17:59,2,1.861,48.86,46.9580,26.9,1.864,49.12,4.03,-120,2.00,
2026-09-02T19:18:00,2,1.857,48.54,46.9560,26.9,1.862,48.99,4.04,-120,2.25,
2026-09-02T19:18:01,2,1.846,47.70,46.9690,26.9,1.865,49.18,4.04,-120,2.00,
2026-09-02T19:18:02,2,1.860,48.79,46.9700,26.9,1.865,49.18,4.04,-120,2.50,
2026-09-02T19:18:04,2,1.860,48.79,46.9720,26.9,1.862,48.99,4.02,-120,2.50,
2026-09-02T19:18:05,2,1.847,47.76,46.9850,26.9,1.864,49.12,4.04,-120,2.25,
2026-09-02T19:18:06,2,1.862,48.99,46.9950,26.9,1.866,49.25,4.04,-120,2.25,
2026-09-02T19:18:07,2,1.845,47.57,47.0020,26.9,1.865,49.18,4.03,-120,2.00,
2026-09-02T19:18:08,2,1.847,47.76,47.0080,26.9,1.864,49.12,4.05,-120,2.50,
2026-09-02T19:18:09,2,1.862,48.92,47.0000,26.9,1.864,49.12,4.04,-120,2.00,
2026-09-02T19:18:10,2,1.844,47.50,46.9930,26.9,1.862,48.99,4.04,-119,2.00,
2026-09-02T19:18:11,2,1.858,48.67,46.9930,26.9,1.859,48.73,4.03,-120,2.00,
2026-09-02T19:18:12,2,1.859,48.73,47.0000,26.9,1.867,49.37,4.02,-120,2.00,
2026-09-02T19:18:13,2,1.847,47.76,46.9930,26.9,1.865,49.18,4.04,-120,2.00,
2026-09-02T19:18:14,2,1.874,49.89,46.9880,26.9,1.854,48.34,4.04,-120,2.25,
2026-09-02T19:18:16,2,1.842,47.38,47.0000,26.9,1.866,49.25,4.04,-120,2.00,
2026-09-02T19:18:18,2,1.858,48.60,47.0000,26.9,1.862,48.92,4.04,-120,2.75,
2026-09-02T19:18:19,2,1.844,47.50,46.9900,26.9,1.865,49.18,4.04,-120,2.00,
2026-09-02T19:18:20,2,1.859,48.73,46.9880,26.9,1.861,48.86,4.03,-120,2.50,
2026-09-02T19:18:21,2,1.856,48.47,46.9810,26.9,1.861,48.86,4.04,-120,2.00,
2026-09-02T19:18:23,2,1.858,48.60,46.9620,26.9,1.867,49.37,4.04,-120,2.00,
2026-09-02T19:18:24,2,1.845,47.63,46.9680,26.9,1.864,49.12,4.03,-120,1.75,
2026-09-02T19:18:25,2,1.846,47.70,46.9710,26.9,1.870,49.63,4.04,-120,2.25,
2026-09-02T19:18:26,2,1.858,48.60,46.9610,26.9,1.864,49.12,4.04,-120,2.25,
2026-09-02T19:18:29,2,1.865,49.18,46.9710,26.9,1.865,49.18,4.03,-120,2.00,
2026-09-02T19:18:30,2,1.857,48.54,46.9810,26.9,1.862,48.92,4.04,-120,2.25,
2026-09-02T19:18:31,2,1.845,47.57,46.9740,26.9,1.863,49.05,4.04,-120,2.00,
2026-09-02T19:18:32,2,1.859,48.73,46.9830,26.9,1.864,49.12,4.03,-120,2.00,
2026-09-02T19:18:33,2,1.843,47.44,46.9860,26.9,1.864,49.12,4.03,-120,2.25,
2026-09-02T19:18:34,2,1.845,47.57,46.9930,26.9,1.865,49.18,4.04,-120,2.50,
2026-09-02T19:18:35,2,1.860,48.79,46.9870,26.9,1.863,49.05,4.04,-120,2.50,
2026-09-02T19:18:36,2,1.847,47.76,46.9910,26.9,1.869,49.50,4.03,-120,2.00,
2026-09-02T19:18:37,2,1.863,49.05,46.9930,26.9,1.862,48.99,4.04,-120,2.25,
2026-09-02T19:18:39,2,1.861,48.86,47.0050,26.9,1.865,49.18,4.02,-120,2.00,
2026-09-02T19:18:40,2,1.844,47.50,46.9990,26.9,1.867,49.37,4.04,-120,2.25,
2026-09-02T19:18:41,2,1.860,48.79,47.0010,26.9,1.863,49.05,4.03,-120,2.50,
2026-09-02T19:18:42,2,1.847,47.76,46.9940,26.9,1.869,49.50,4.03,-120,2.25,
2026-09-02T19:18:43,2,1.845,47.57,47.0040,26.9,1.863,49.05,4.04,-120,2.25,
2026-09-02T19:18:44,2,1.858,48.67,46.9870,26.9,1.864,49.12,4.04,-120,2.25,
2026-09-02T19:18:45,2,1.843,47.44,46.9850,26.9,1.863,49.05,4.04,-120,2.00,
2026-09-02T19:18:46,2,1.845,47.57,46.9800,26.9,1.864,49.12,4.05,-120,2.50,
2026-09-02T19:18:47,2,1.857,48.54,46.9650,26.9,1.862,48.99,4.03,-120,2.25,
2026-09-02T19:18:48,2,1.845,47.63,46.9630,26.9,1.864,49.12,4.04,-120,2.25,
2026-09-02T19:18:49,2,1.859,48.73,46.9570,26.9,1.864,49.12,4.04,-120,2.50,
2026-09-02T19:18:51,2,1.857,48.54,46.9650,26.9,1.866,49.25,4.02,-120,2.25,
2026-09-02T19:18:52,2,1.847,47.76,46.9610,26.9,1.866,49.31,4.04,-120,2.50,
2026-09-02T19:18:53,2,1.858,48.60,46.9520,26.9,1.865,49.18,4.04,-120,2.25,
2026-09-02T19:18:54,2,1.844,47.50,46.9560,26.9,1.866,49.25,4.03,-120,2.50,
2026-09-02T19:18:55,2,1.843,47.44,46.9590,26.9,1.864,49.12,4.04,-120,2.25,
2026-09-02T19:18:56,2,1.855,48.41,46.9610,26.9,1.870,49.63,4.04,-120,2.00,
2026-09-02T19:18:57,2,1.845,47.63,46.9540,26.9,1.864,49.12,4.04,-120,2.00,
2026-09-02T19:18:58,2,1.858,48.67,46.9430,26.9,1.863,49.05,4.04,-120,2.50,
2026-09-02T19:18:59,2,1.856,48.47,46.9500,26.9,1.864,49.12,4.04,-120,2.25,
2026-09-02T19:19:00,2,1.846,47.70,46.9520,26.9,1.864,49.12,4.04,-120,2.25,
2026-09-02T19:19:01,2,1.858,48.60,46.9560,26.9,1.864,49.12,4.04,-120,2.25,
2026-09-02T19:19:03,2,1.845,47.63,46.9540,26.9,1.864,49.12,4.03,-120,2.00,
2026-09-02T19:19:04,2,1.844,47.50,46.9420,26.9,1.866,49.25,4.04,-120,2.25,
2026-09-02T19:19:05,2,1.858,48.67,46.9470,26.9,1.866,49.25,4.04,-120,2.25,
2026-09-02T19:19:06,2,1.843,47.44,46.9470,26.9,1.866,49.25,4.03,-120,2.50,
2026-09-02T19:19:07,2,1.859,48.73,46.9560,26.9,1.864,49.12,4.03,-120,1.75,
2026-09-02T19:19:08,2,1.858,48.67,46.9530,26.9,1.864,49.12,4.04,-120,2.50,
2026-09-02T19:19:09,2,1.844,47.50,46.9570,26.9,1.863,49.05,4.04,-120,2.00,
2026-09-02T19:19:10,2,1.858,48.60,46.9520,26.9,1.866,49.25,4.04,-120,2.50,
2026-09-02T19:19:11,2,1.846,47.70,46.9570,26.9,1.868,49.44,4.03,-120,2.25,
2026-09-02T19:19:12,2,1.845,47.57,46.9620,26.9,1.865,49.18,4.04,-120,2.00,
2026-09-02T19:19:15,2,1.844,47.50,46.9460,26.9,1.864,49.12,4.04,-120,2.00,
2026-09-02T19:19:16,2,1.861,48.86,46.9380,26.9,1.866,49.25,4.03,-120,2.50,
2026-09-02T19:19:17,2,1.857,48.54,46.9340,26.9,1.862,48.99,4.04,-120,2.50,
2026-09-02T19:19:18,2,1.843,47.44,46.9360,26.9,1.866,49.25,4.04,-120,2.75,
2026-09-02T19:19:20,2,1.845,47.63,46.9220,26.9,1.864,49.12,4.03,-120,2.00,
2026-09-02T19:19:21,2,1.844,47.50,46.9330,26.9,1.867,49.37,4.04,-120,2.50,
2026-09-02T19:19:22,2,1.861,48.86,46.9390,26.9,1.865,49.18,4.04,-120,1.75,
2026-09-02T19:19:23,2,1.845,47.57,46.9360,26.9,1.863,49.05,4.03,-120,2.25,
2026-09-02T19:19:26,2,1.854,48.34,46.9460,26.9,1.864,49.12,4.04,-120,2.00,
2026-09-02T19:19:27,2,1.844,47.50,46.9440,26.9,1.863,49.05,4.04,-120,2.00,
2026-09-02T19:19:28,2,1.860,48.79,46.9410,26.9,1.864,49.12,4.03,-120,2.00,
2026-09-02T19:19:29,2,1.845,47.63,46.9270,26.9,1.867,49.37,4.05,-120,2.25,
2026-09-02T19:19:30,2,1.846,47.70,46.9350,26.9,1.865,49.18,4.04,-120,2.25,
2026-09-02T19:19:31,2,1.857,48.54,46.9390,26.9,1.864,49.12,4.04,-120,2.50,
2026-09-02T19:19:32,2,1.845,47.57,46.9370,26.9,1.880,50.41,4.03,-120,2.00,
2026-09-02T19:19:33,2,1.846,47.70,46.9470,26.9,1.864,49.12,4.04,-120,2.25,
2026-09-02T19:19:34,2,1.858,48.60,46.9550,26.9,1.866,49.31,4.03,-120,2.25,
2026-09-02T19:19:35,2,1.846,47.70,46.9530,26.9,1.866,49.31,4.04,-120,2.00,
2026-09-02T19:19:36,2,1.860,48.79,46.9500,26.9,1.863,49.05,4.03,-121,2.25,
2026-09-02T19:19:38,2,1.858,48.60,46.9490,26.9,1.858,48.67,4.03,-120,2.50,
2026-09-02T19:19:39,2,1.845,47.63,46.9490,26.9,1.862,48.99,4.04,-120,2.25,
2026-09-02T19:19:40,2,1.857,48.54,46.9580,26.9,1.866,49.31,4.04,-120,2.25,
2026-09-02T19:19:41,2,1.846,47.70,46.9500,26.9,1.865,49.18,4.04,-120,2.25,
2026-09-02T19:19:42,2,1.845,47.57,46.9520,26.9,1.875,50.02,4.04,-120,2.25,
2026-09-02T19:19:43,2,1.857,48.54,46.9570,26.9,1.864,49.12,4.04,-120,2.50,
2026-09-02T19:19:44,2,1.845,47.57,46.9530,26.9,1.864,49.12,4.03,-120,2.00,
2026-09-02T19:19:45,2,1.862,48.99,46.9450,26.9,1.863,49.05,4.03,-120,2.25,
2026-09-02T19:19:46,2,1.856,48.47,46.9420,26.9,1.865,49.18,4.04,-120,2.50,
2026-09-02T19:19:47,2,1.846,47.70,46.9480,26.9,1.869,49.50,4.04,-120,2.25,
2026-09-02T19:19:48,2,1.857,48.54,46.9460,26.9,1.862,48.92,4.03,-120,2.25,
2026-09-02T19:19:50,2,1.847,47.76,46.9470,26.9,1.869,49.50,4.03,-120,2.00,
2026-09-02T19:19:51,2,1.844,47.50,46.9410,26.9,1.866,49.31,4.04,-120,2.25,
2026-09-02T19:19:52,2,1.858,48.60,46.9400,26.9,1.864,49.12,4.04,-120,2.25,
2026-09-02T19:19:53,2,1.842,47.38,46.9430,26.9,1.870,49.57,4.03,-120,2.25,
2026-09-02T19:19:54,2,1.860,48.79,46.9450,26.9,1.866,49.31,4.03,-120,2.25,
2026-09-02T19:19:55,2,1.856,48.47,46.9430,26.9,1.864,49.12,4.03,-120,2.25,
2026-09-02T19:19:56,2,1.844,47.50,46.9510,26.9,1.861,48.86,4.04,-120,2.50,
2026-09-02T19:19:57,2,1.858,48.60,46.9480,26.9,1.865,49.18,4.04,-120,2.25,
2026-09-02T19:19:58,2,1.846,47.70,46.9560,26.9,1.866,49.31,4.03,-120,2.50,
2026-09-02T19:19:59,2,1.845,47.57,46.9460,26.9,1.864,49.12,4.03,-120,2.00,
2026-09-02T19:20:00,2,1.855,48.41,46.9470,26.9,1.862,48.99,4.03,-120,2.00,
2026-09-02T19:20:02,2,1.844,47.50,46.9520,26.9,1.862,48.92,4.03,-120,2.25,
2026-09-02T19:20:03,2,1.861,48.86,46.9520,26.9,1.864,49.12,4.03,-120,2.00,
2026-09-02T19:20:04,2,1.861,48.86,46.9540,26.9,1.864,49.12,4.04,-120,2.25,
2026-09-02T19:20:05,2,1.846,47.70,46.9650,26.9,1.866,49.25,4.04,-120,2.00,
2026-09-02T19:20:06,2,1.857,48.54,46.9670,26.9,1.863,49.05,4.03,-120,2.25,
2026-09-02T19:20:07,2,1.846,47.70,46.9680,26.9,1.866,49.25,4.03,-120,2.25,
2026-09-02T19:20:08,2,1.846,47.70,46.9720,26.9,1.865,49.18,4.04,-120,2.25,
2026-09-02T19:20:09,2,1.858,48.60,46.9750,26.9,1.865,49.18,4.03,-120,2.00,
2026-09-02T19:20:11,2,1.865,49.18,46.9920,26.9,1.869,49.50,4.02,-120,2.25,
2026-09-02T19:20:13,2,1.860,48.79,47.0020,26.9,1.862,48.92,4.04,-120,2.25,
2026-09-02T19:20:14,2,1.844,47.50,46.9900,26.9,1.866,49.25,4.03,-120,2.00,
2026-09-02T19:20:15,2,1.860,48.79,46.9810,26.9,1.865,49.18,4.03,-120,2.25,
2026-09-02T19:20:17,2,1.846,47.70,46.9940,26.9,1.868,49.44,4.04,-120,2.25,
2026-09-02T19:20:18,2,1.861,48.86,46.9830,26.9,1.864,49.12,4.04,-120,2.00,
2026-09-02T19:20:19,2,1.846,47.70,46.9850,26.9,1.863,49.05,4.04,-120,2.00,
2026-09-02T19:20:20,2,1.849,47.96,46.9820,26.9,1.866,49.25,4.02,-120,2.25,
2026-09-02T19:20:22,2,1.843,47.44,46.9850,26.9,1.862,48.99,4.04,-120,2.25,
2026-09-02T19:20:23,2,1.860,48.79,46.9900,26.9,1.863,49.05,4.03,-120,2.00,
2026-09-02T19:20:25,2,1.854,48.34,46.9980,26.9,1.861,48.86,4.03,-120,2.25,
2026-09-02T19:20:26,2,1.844,47.50,46.9950,26.9,1.865,49.18,4.04,-120,2.25,
2026-09-02T19:20:27,2,1.858,48.60,46.9920,26.9,1.865,49.18,4.03,-120,2.00,
2026-09-02T19:20:28,2,1.845,47.63,46.9900,26.9,1.866,49.25,4.04,-120,2.25,
2026-09-02T19:20:29,2,1.845,47.57,46.9940,26.9,1.862,48.92,4.04,-120,2.00,
2026-09-02T19:20:30,2,1.857,48.54,46.9940,26.9,1.863,49.05,4.04,-120,2.25,
2026-09-02T19:20:31,2,1.845,47.63,46.9850,26.9,1.864,49.12,4.04,-120,2.00,
2026-09-02T19:20:32,2,1.862,48.99,46.9810,26.9,1.863,49.05,4.04,-120,2.00,
2026-09-02T19:20:33,2,1.858,48.67,46.9960,26.9,1.858,48.67,4.04,-120,2.50,
2026-09-02T19:20:34,2,1.845,47.57,46.9960,26.9,1.862,48.99,4.04,-120,1.75,
2026-09-02T19:20:35,2,1.859,48.73,47.0030,26.9,1.867,49.37,4.04,-120,2.25,
2026-09-02T19:20:37,2,1.845,47.63,47.0030,26.9,1.854,48.34,4.03,-120,2.50,
2026-09-02T19:20:38,2,1.847,47.76,47.0030,26.9,1.866,49.25,4.03,-120,2.50,
2026-09-02T19:20:39,2,1.860,48.79,47.0060,26.9,1.862,48.92,4.03,-120,2.50,
2026-09-02T19:20:40,2,1.845,47.57,47.0070,26.9,1.863,49.05,4.03,-120,2.25,
2026-09-02T19:20:41,2,1.862,48.92,46.9990,26.9,1.862,48.99,4.03,-120,2.00,
2026-09-02T19:20:42,2,1.858,48.67,47.0100,26.9,1.863,49.05,4.04,-120,2.25,
2026-09-02T19:20:43,2,1.844,47.50,47.0090,26.9,1.862,48.99,4.04,-120,2.25,
2026-09-02T19:20:44,2,1.861,48.86,47.0100,26.9,1.862,48.99,4.04,-120,2.25,
2026-09-02T19:20:45,2,1.845,47.57,47.0100,26.9,1.862,48.99,4.05,-120,2.25,
2026-09-02T19:20:46,2,1.846,47.70,47.0120,26.9,1.868,49.44,4.03,-120,2.25,
2026-09-02T19:20:47,2,1.859,48.73,47.0140,26.9,1.862,48.99,4.04,-120,2.25,
2026-09-02T19:20:49,2,1.847,47.76,47.0220,26.9,1.865,49.18,4.03,-120,2.00,
2026-09-02T19:20:50,2,1.860,48.79,47.0210,26.9,1.869,49.50,4.02,-120,2.00,
2026-09-02T19:20:51,2,1.858,48.60,47.0080,26.9,1.863,49.05,4.04,-120,2.00,
2026-09-02T19:20:52,2,1.845,47.57,46.9980,26.9,1.871,49.70,4.03,-120,2.25,
2026-09-02T19:20:53,2,1.859,48.73,46.9840,26.9,1.863,49.05,4.04,-120,2.00,
2026-09-02T19:20:54,2,1.841,47.31,46.9880,26.9,1.866,49.25,4.05,-120,2.00,
2026-09-02T19:20:55,2,1.847,47.76,46.9760,26.9,1.865,49.18,4.03,-120,2.25,
2026-09-02T19:20:56,2,1.858,48.60,46.9730,26.9,1.862,48.99,4.04,-120,2.00,
2026-09-02T19:20:57,2,1.847,47.76,46.9660,26.9,1.862,48.99,4.03,-120,2.25,
2026-09-02T19:20:58,2,1.862,48.99,46.9620,26.9,1.862,48.99,4.02,-120,2.00,
2026-09-02T19:21:00,2,1.861,48.86,46.9720,26.9,1.865,49.18,4.04,-120,2.00,
2026-09-02T19:21:01,2,1.845,47.63,46.9770,26.9,1.863,49.05,4.04,-120,2.00,
2026-09-02T19:21:02,2,1.862,48.92,46.9810,26.9,1.864,49.12,4.04,-120,2.00,
2026-09-02T19:21:03,2,1.845,47.63,46.9670,26.9,1.851,48.08,4.04,-120,2.00,
2026-09-02T19:21:04,2,1.860,48.79,46.9560,26.9,1.866,49.25,4.03,-120,2.00,
2026-09-02T19:21:05,2,1.858,48.60,46.9610,26.9,1.864,49.12,4.03,-120,2.25,
2026-09-02T19:21:06,2,1.844,47.50,46.9620,26.9,1.868,49.44,4.03,-120,2.25,
2026-09-02T19:21:08,2,1.857,48.54,46.9560,26.9,1.867,49.37,4.04,-120,2.00,
2026-09-02T19:21:09,2,1.846,47.70,46.9640,26.9,1.864,49.12,4.03,-120,2.50,
2026-09-02T19:21:10,2,1.858,48.60,46.9750,26.9,1.864,49.12,4.03,-120,2.50,
2026-09-02T19:21:12,2,1.873,49.83,46.9810,26.9,1.865,49.18,4.04,-120,2.75,
2026-09-02T19:21:14,2,1.857,48.54,46.9800,26.9,1.863,49.05,4.03,-120,2.25,
2026-09-02T19:21:15,2,1.847,47.76,46.9910,26.9,1.865,49.18,4.04,-120,2.00,
2026-09-02T19:21:16,2,1.837,46.99,46.9930,26.9,1.866,49.25,4.04,-120,2.50,
2026-09-02T19:21:17,2,1.857,48.54,46.9970,26.9,1.864,49.12,4.03,-120,2.25,
2026-09-02T19:21:19,2,1.859,48.73,46.9940,26.9,1.866,49.25,4.02,-120,2.00,
2026-09-02T19:21:20,2,1.856,48.47,46.9900,26.9,1.874,49.89,4.04,-120,2.25,
2026-09-02T19:21:21,2,1.842,47.38,46.9910,26.9,1.866,49.25,4.04,-120,2.00,
2026-09-02T19:21:22,2,1.858,48.67,46.9850,26.9,1.862,48.99,4.03,-120,2.25,
2026-09-02T19:21:25,2,1.844,47.50,46.9740,26.9,1.864,49.12,4.03,-120,2.00,
2026-09-02T19:21:26,2,1.858,48.67,46.9640,26.9,1.864,49.12,4.03,-120,1.75,
2026-09-02T19:21:27,2,1.845,47.57,46.9650,26.9,1.865,49.18,4.03,-120,1.75,
2026-09-02T19:21:28,2,1.862,48.99,46.9560,26.9,1.864,49.12,4.02,-120,2.25,
2026-09-02T19:21:29,2,1.857,48.54,46.9480,26.9,1.863,49.05,4.03,-120,2.25,
2026-09-02T19:21:30,2,1.845,47.57,46.9410,26.9,1.866,49.25,4.04,-120,2.50,
2026-09-02T19:21:31,2,1.857,48.54,46.9380,26.9,1.857,48.54,4.03,-120,1.75,
2026-09-02T19:21:33,2,1.842,47.38,46.9300,26.9,1.878,50.28,4.03,-120,2.00,
2026-09-02T19:21:34,2,1.864,49.12,46.9300,26.9,1.863,49.05,4.03,-120,2.00,
2026-09-02T19:21:36,2,1.845,47.57,46.9260,26.9,1.865,49.18,4.03,-120,2.00,
2026-09-02T19:21:37,2,1.865,49.18,46.9190,26.9,1.868,49.44,4.02,-120,2.25,
2026-09-02T19:21:38,2,1.855,48.41,46.9210,26.9,1.863,49.05,4.03,-120,2.25,
2026-09-02T19:21:39,2,1.845,47.63,46.9190,26.9,1.862,48.99,4.04,-120,2.25,
2026-09-02T19:21:40,2,1.858,48.67,46.9130,26.9,1.864,49.12,4.03,-120,1.50,
2026-09-02T19:21:41,2,1.844,47.50,46.9030,26.9,1.865,49.18,4.05,-120,2.00,
2026-09-02T19:21:42,2,1.843,47.44,46.9060,26.9,1.863,49.05,4.04,-120,2.00,
2026-09-02T19:21:43,2,1.858,48.60,46.9000,26.9,1.865,49.18,4.04,-120,2.25,
2026-09-02T19:21:44,2,1.845,47.63,46.9180,26.9,1.866,49.25,4.03,-120,2.00,
2026-09-02T19:21:45,2,1.858,48.60,46.9270,26.9,1.864,49.12,4.04,-120,2.25,
2026-09-02T19:21:47,2,1.855,48.41,46.9330,26.9,1.862,48.99,4.04,-120,2.25,
2026-09-02T19:21:48,2,1.845,47.57,46.9330,26.9,1.865,49.18,4.04,-120,2.25,
2026-09-02T19:21:49,2,1.858,48.67,46.9350,26.9,1.864,49.12,4.03,-120,2.25,
2026-09-02T19:21:50,2,1.858,48.60,46.9340,26.9,1.862,48.99,4.04,-120,2.25,
2026-09-02T19:21:51,2,1.844,47.50,46.9270,26.9,1.862,48.99,4.03,-120,2.25,
2026-09-02T19:21:52,2,1.858,48.60,46.9420,26.9,1.864,49.12,4.04,-120,2.00,
2026-09-02T19:21:53,2,1.844,47.50,46.9390,26.9,1.866,49.25,4.05,-120,2.25,
2026-09-02T19:21:54,2,1.844,47.50,46.9290,26.9,1.867,49.37,4.04,-120,2.00,
2026-09-02T19:21:55,2,1.862,48.92,46.9330,26.9,1.862,48.92,4.03,-120,2.25,
2026-09-02T19:21:56,2,1.845,47.57,46.9400,26.9,1.865,49.18,4.04,-120,2.00,
2026-09-02T19:21:57,2,1.862,48.92,46.9430,26.9,1.866,49.25,4.02,-120,2.25,
2026-09-02T19:21:59,2,1.858,48.60,46.9550,26.9,1.856,48.47,4.04,-120,2.00,
2026-09-02T19:22:00,2,1.845,47.57,46.9630,26.9,1.863,49.05,4.04,-121,2.00,
2026-09-02T19:22:01,2,1.858,48.67,46.9620,26.9,1.863,49.05,4.03,-120,2.25,
2026-09-02T19:22:02,2,1.844,47.50,46.9780,26.9,1.862,48.92,4.05,-120,1.50,
2026-09-02T19:22:03,2,1.841,47.31,46.9900,26.9,1.865,49.18,4.04,-120,2.50,
2026-09-02T19:22:05,2,1.845,47.57,46.9780,26.9,1.863,49.05,4.04,-120,2.00,
2026-09-02T19:22:06,2,1.862,48.92,46.9700,26.9,1.865,49.18,4.02,-120,2.25,
2026-09-02T19:22:07,2,1.858,48.60,46.9680,26.9,1.862,48.92,4.04,-120,2.50,
2026-09-02T19:22:08,2,1.845,47.57,46.9810,26.9,1.863,49.05,4.04,-120,2.25,
2026-09-02T19:22:11,2,1.844,47.50,46.9820,26.9,1.860,48.79,4.05,-120,2.25,
2026-09-02T19:22:12,2,1.843,47.44,46.9900,26.9,1.865,49.18,4.03,-120,2.00,
2026-09-02T19:22:13,2,1.857,48.54,46.9900,26.9,1.866,49.25,4.03,-120,2.25,
2026-09-02T19:22:14,2,1.847,47.76,46.9970,26.9,1.866,49.25,4.03,-120,2.00,
2026-09-02T19:22:16,2,1.857,48.54,46.9910,26.9,1.865,49.18,4.02,-120,2.50,
2026-09-02T19:22:17,2,1.846,47.70,46.9940,26.9,1.864,49.12,4.03,-120,2.00,
2026-09-02T19:22:18,2,1.861,48.86,46.9920,26.9,1.862,48.92,4.03,-120,2.25,
2026-09-02T19:22:19,2,1.845,47.63,46.9850,26.9,1.862,48.92,4.05,-120,2.00,
2026-09-02T19:22:21,2,1.858,48.60,46.9950,26.9,1.862,48.99,4.04,-120,2.50,
2026-09-02T19:22:23,2,1.845,47.63,46.9980,26.9,1.865,49.18,4.03,-120,2.50,
2026-09-02T19:22:24,2,1.863,49.05,46.9970,26.9,1.866,49.31,4.02,-120,2.25,
2026-09-02T19:22:25,2,1.857,48.54,46.9970,26.9,1.863,49.05,4.03,-120,2.00,
2026-09-02T19:22:26,2,1.842,47.38,46.9920,26.9,1.868,49.44,4.03,-120,1.75,
2026-09-02T19:22:27,2,1.859,48.73,47.0040,26.9,1.859,48.73,4.03,-120,2.00,
2026-09-02T19:22:28,2,1.841,47.31,46.9860,26.9,1.863,49.05,4.04,-120,2.00,
2026-09-02T19:22:29,2,1.842,47.38,46.9870,26.9,1.864,49.12,4.04,-120,2.00,
2026-09-02T19:22:31,2,1.843,47.44,46.9740,26.9,1.862,48.92,4.05,-120,2.00,
2026-09-02T19:22:32,2,1.839,47.12,46.9820,26.9,1.865,49.18,4.03,-120,2.25,
2026-09-02T19:22:34,2,1.859,48.73,46.9730,26.9,1.866,49.25,4.03,-120,1.75,
2026-09-02T19:22:35,2,1.845,47.57,46.9790,26.9,1.862,48.99,4.04,-120,2.00,
2026-09-02T19:22:36,2,1.858,48.67,46.9790,26.9,1.864,49.12,4.02,-120,2.00,
2026-09-02T19:22:37,2,1.858,48.60,46.9670,26.9,1.861,48.86,4.03,-120,2.25,
2026-09-02T19:22:38,2,1.845,47.57,46.9620,26.9,1.863,49.05,4.04,-120,1.75,
2026-09-02T19:22:39,2,1.874,49.95,46.9570,26.9,1.865,49.18,4.03,-120,2.00,
2026-09-02T19:22:40,2,1.842,47.38,46.9480,26.9,1.864,49.12,4.05,-120,2.00,
2026-09-02T19:22:41,2,1.844,47.50,46.9420,26.9,1.863,49.05,4.02,-120,2.25,
2026-09-02T19:22:42,2,1.857,48.54,46.9450,26.9,1.865,49.18,4.03,-120,2.00,
2026-09-02T19:22:43,2,1.845,47.57,46.9370,26.9,1.853,48.28,4.03,-120,1.75,
2026-09-02T19:22:44,2,1.861,48.86,46.9440,26.9,1.866,49.31,4.02,-120,2.50,
2026-09-02T19:22:46,2,1.856,48.47,46.9420,26.9,1.862,48.99,4.04,-120,2.75,
2026-09-02T19:22:47,2,1.846,47.70,46.9500,26.9,1.861,48.86,4.04,-121,2.25,
2026-09-02T19:22:48,2,1.858,48.60,46.9450,26.9,1.862,48.99,4.04,-120,2.00,
2026-09-02T19:22:49,2,1.841,47.31,46.9470,26.9,1.862,48.99,4.05,-120,2.00,
2026-09-02T19:22:50,2,1.845,47.57,46.9400,26.9,1.867,49.37,4.03,-120,2.25,
2026-09-02T19:22:51,2,1.858,48.60,46.9430,25.9,1.863,49.05,4.03,-120,2.75,
2026-09-02T19:22:52,2,1.844,47.50,46.9330,25.9,1.868,49.44,4.03,-120,1.75,
2026-09-02T19:22:53,2,1.862,48.99,46.9430,26.9,1.865,49.18,4.02,-120,2.50,
2026-09-02T19:22:54,2,1.856,48.47,46.9450,26.9,1.862,48.99,4.04,-120,2.00,
2026-09-02T19:22:55,2,1.845,47.57,46.9490,26.9,1.865,49.18,4.03,-120,2.00,
2026-09-02T19:22:56,2,1.858,48.60,46.9420,25.9,1.862,48.92,4.04,-120,2.00,
2026-09-02T19:22:58,2,1.844,47.50,46.9620,26.9,1.862,48.92,4.05,-121,2.25,
2026-09-02T19:22:59,2,1.845,47.57,46.9650,26.9,1.869,49.50,4.03,-120,2.00,
2026-09-02T19:23:00,2,1.859,48.73,46.9550,25.9,1.864,49.12,4.03,-120,2.25,
2026-09-02T19:23:01,2,1.842,47.38,46.9600,26.9,1.864,49.12,4.00,-113,3.50,
2026-09-02T19:23:02,2,1.866,49.25,46.9380,26.9,1.865,49.18,4.01,-120,1.75,
2026-09-02T19:23:03,2,1.856,48.47,46.9470,26.9,1.862,48.99,4.03,-120,1.50,
2026-09-02T19:23:04,2,1.847,47.76,46.9470,26.9,1.870,49.57,4.03,-120,2.25,
2026-09-02T19:23:05,2,1.859,48.73,46.9370,26.9,1.865,49.18,4.02,-120,2.00,
2026-09-02T19:23:07,2,1.844,47.50,46.9390,26.9,1.869,49.50,4.03,-120,2.00,
2026-09-02T19:23:08,2,1.862,48.92,46.9410,26.9,1.864,49.12,4.03,-120,2.00,
2026-09-02T19:23:10,2,1.842,47.38,46.9500,26.9,1.870,49.63,4.05,-120,2.50,
2026-09-02T19:23:11,2,1.862,48.99,46.9570,26.9,1.865,49.18,4.02,-120,2.00,
2026-09-02T19:23:13,2,1.845,47.63,46.9670,26.9,1.865,49.18,4.03,-120,2.25,
2026-09-02T19:23:14,2,1.862,48.92,46.9660,25.9,1.867,49.37,4.02,-120,2.25,
2026-09-02T19:23:15,2,1.850,48.02,46.9720,26.9,1.862,48.92,4.04,-120,2.50,
2026-09-02T19:23:16,2,1.844,47.50,46.9680,26.9,1.864,49.12,4.03,-120,2.00,
2026-09-02T19:23:18,2,1.845,47.57,46.9540,26.9,1.863,49.05,4.04,-120,2.25,
2026-09-02T19:23:19,2,1.843,47.44,46.9600,26.9,1.857,48.54,4.04,-120,2.25,
2026-09-02T19:23:20,2,1.859,48.73,46.9690,26.9,1.863,49.05,4.03,-120,2.00,
2026-09-02T19:23:22,2,1.845,47.63,46.9750,26.9,1.866,49.25,4.03,-120,2.25,
2026-09-02T19:23:23,2,1.861,48.86,46.9910,26.9,1.870,49.63,4.02,-120,2.00,
2026-09-02T19:23:24,2,1.858,48.60,46.9830,26.9,1.863,49.05,4.04,-120,2.25,
2026-09-02T19:23:25,2,1.842,47.38,46.9890,26.9,1.866,49.25,4.04,-120,1.75,
2026-09-02T19:23:26,2,1.859,48.73,46.9820,25.9,1.862,48.99,4.03,-120,2.00,
2026-09-02T19:23:27,2,1.844,47.50,46.9900,26.9,1.866,49.31,4.05,-120,2.25,
2026-09-02T19:23:28,2,1.845,47.57,46.9910,26.9,1.862,48.99,4.04,-120,2.00,
2026-09-02T19:23:29,2,1.856,48.47,46.9770,25.9,1.862,48.99,4.03,-120,2.25,
2026-09-02T19:23:30,2,1.844,47.50,46.9870,25.9,1.869,49.50,4.03,-120,2.25,
2026-09-02T19:23:31,2,1.862,48.92,46.9830,26.9,1.865,49.18,4.02,-120,2.00,
2026-09-02T19:23:33,2,1.856,48.47,46.9740,26.9,1.862,48.99,4.04,-120,2.25,
2026-09-02T19:23:34,2,1.844,47.50,46.9660,25.9,1.862,48.99,4.03,-120,1.75,
2026-09-02T19:23:35,2,1.860,48.79,46.9600,25.9,1.862,48.99,4.03,-120,2.25,
2026-09-02T19:23:36,2,1.842,47.38,46.9640,25.9,1.858,48.67,4.05,-120,2.00,
2026-09-02T19:23:37,2,1.845,47.57,46.9680,25.9,1.863,49.05,4.03,-120,2.00,
2026-09-02T19:23:38,2,1.846,47.70,46.9710,25.9,1.860,48.79,4.04,-120,2.25,
2026-09-02T19:23:39,2,1.845,47.57,46.9720,25.9,1.862,48.99,4.05,-120,2.00,
2026-09-02T19:23:40,2,1.862,48.92,46.9690,25.9,1.865,49.18,4.02,-121,2.00,
2026-09-02T19:23:41,2,1.856,48.47,46.9690,25.9,1.863,49.05,4.03,-120,2.00,
2026-09-02T19:23:42,2,1.842,47.38,46.9640,25.9,1.866,49.25,4.03,-120,2.00,
2026-09-02T19:23:43,2,1.860,48.79,46.9590,25.9,1.867,49.37,4.02,-120,2.25,
2026-09-02T19:23:45,2,1.858,48.60,46.9700,25.9,1.861,48.86,4.04,-120,2.25,
2026-09-02T19:23:46,2,1.844,47.50,46.9600,25.9,1.864,49.12,4.03,-120,2.25,
2026-09-02T19:23:47,2,1.858,48.67,46.9670,25.9,1.865,49.18,4.03,-120,2.00,
2026-09-02T19:23:48,2,1.842,47.38,46.9660,25.9,1.864,49.12,4.05,-120,1.75,
2026-09-02T19:23:49,2,1.860,48.79,46.9660,25.9,1.866,49.25,4.02,-120,2.50,
2026-09-02T19:23:50,2,1.858,48.60,46.9620,25.9,1.862,48.99,4.03,-120,2.00,
2026-09-02T19:23:51,2,1.845,47.57,46.9590,25.9,1.865,49.18,4.03,-120,2.00,
2026-09-02T19:23:52,2,1.861,48.86,46.9630,25.9,1.861,48.86,4.02,-120,2.00,
2026-09-02T19:23:53,2,1.858,48.60,46.9600,25.9,1.862,48.99,4.04,-120,2.00,
2026-09-02T19:23:54,2,1.844,47.50,46.9520,25.9,1.864,49.12,4.03,-120,2.25,
2026-09-02T19:23:55,2,1.861,48.86,46.9510,25.9,1.862,48.99,4.03,-120,1.75,
2026-09-02T19:23:57,2,1.845,47.57,46.9480,25.9,1.862,48.99,4.05,-120,2.00,
2026-09-02T19:23:58,2,1.845,47.63,46.9470,25.9,1.869,49.50,4.03,-120,2.25,
2026-09-02T19:23:59,2,1.857,48.54,46.9500,25.9,1.863,49.05,4.03,-120,1.75,
2026-09-02T19:24:00,2,1.845,47.57,46.9470,25.9,1.869,49.50,4.03,-120,2.00,
2026-09-02T19:24:01,2,1.859,48.73,46.9450,25.9,1.866,49.25,4.02,-120,2.25,
2026-09-02T19:24:02,2,1.858,48.60,46.9490,25.9,1.863,49.05,4.04,-120,2.00,
2026-09-02T19:24:04,2,1.857,48.54,46.9480,25.9,1.863,49.05,4.03,-120,2.25,
2026-09-02T19:24:05,2,1.844,47.50,46.9590,25.9,1.862,48.99,4.05,-121,2.00,
2026-09-02T19:24:06,2,1.845,47.57,46.9510,25.9,1.865,49.18,4.03,-120,2.00,
2026-09-02T19:24:07,2,1.858,48.67,46.9550,25.9,1.864,49.12,4.03,-120,2.75,
2026-09-02T19:24:10,2,1.860,48.79,46.9420,25.9,1.866,49.25,4.02,-120,2.25,
2026-09-02T19:24:11,2,1.856,48.47,46.9440,25.9,1.863,49.05,4.04,-120,2.25,
2026-09-02T19:24:12,2,1.845,47.57,46.9340,25.9,1.863,49.05,4.04,-120,2.00,
2026-09-02T19:24:13,2,1.864,49.12,46.9420,25.9,1.864,49.12,4.02,-120,2.25,
2026-09-02T19:24:15,2,1.838,47.05,46.9540,25.9,1.866,49.25,4.03,-120,2.00,
2026-09-02T19:24:16,2,1.857,48.54,46.9560,25.9,1.864,49.12,4.04,-120,2.00,
2026-09-02T19:24:17,2,1.841,47.31,46.9570,25.9,1.861,48.86,4.05,-120,2.00,
2026-09-02T19:24:18,2,1.864,49.12,46.9510,25.9,1.864,49.12,4.01,-120,1.75,
2026-09-02T19:24:20,2,1.855,48.41,46.9460,25.9,1.864,49.12,4.03,-120,1.75,
2026-09-02T19:24:21,2,1.844,47.50,46.9490,25.9,1.865,49.18,4.03,-120,2.00,
2026-09-02T19:24:22,2,1.860,48.79,46.9550,25.9,1.868,49.44,4.02,-120,2.00,
2026-09-02T19:24:23,2,1.845,47.63,46.9320,25.9,1.862,48.99,4.04,-121,2.25,
2026-09-02T19:24:24,2,1.845,47.57,46.9380,25.9,1.862,48.99,4.04,-120,2.25,
2026-09-02T19:24:25,2,1.859,48.73,46.9450,25.9,1.864,49.12,4.03,-120,2.00,
2026-09-02T19:24:27,2,1.864,49.12,46.9530,25.9,1.861,48.86,4.01,-120,2.00,
2026-09-02T19:24:28,2,1.857,48.54,46.9550,25.9,1.863,49.05,4.03,-120,2.00,
2026-09-02T19:24:29,2,1.844,47.50,46.9620,25.9,1.866,49.31,4.03,-120,1.50,
2026-09-02T19:24:32,2,1.843,47.44,46.9670,25.9,1.863,49.05,4.05,-120,2.00,
2026-09-02T19:24:33,2,1.845,47.57,46.9770,25.9,1.865,49.18,4.03,-120,1.75,
2026-09-02T19:24:34,2,1.860,48.79,46.9670,25.9,1.863,49.05,4.03,-120,2.25,
2026-09-02T19:24:35,2,1.843,47.44,46.9560,25.9,1.863,49.05,4.05,-120,2.50,
2026-09-02T19:24:36,2,1.861,48.86,46.9590,25.9,1.865,49.18,4.02,-120,1.75,
2026-09-02T19:24:37,2,1.856,48.47,46.9640,25.9,1.865,49.18,4.03,-120,2.25,
2026-09-02T19:24:38,2,1.842,47.38,46.9560,25.9,1.864,49.12,4.03,-120,2.00,
2026-09-02T19:24:39,2,1.861,48.86,46.9560,25.9,1.867,49.37,4.02,-120,2.00,
2026-09-02T19:24:40,2,1.857,48.54,46.9540,25.9,1.861,48.86,4.03,-120,2.00,
2026-09-02T19:24:41,2,1.847,47.76,46.9520,25.9,1.866,49.31,4.03,-120,1.75,
2026-09-02T19:24:42,2,1.858,48.60,46.9680,25.9,1.864,49.12,4.03,-120,2.25,
2026-09-02T19:24:44,2,1.858,48.67,46.9700,25.9,1.862,48.99,4.04,-120,2.25,
2026-09-02T19:24:45,2,1.849,47.89,46.9730,25.9,1.865,49.18,4.03,-120,2.00,
2026-09-02T19:24:46,2,1.858,48.60,46.9650,25.9,1.864,49.12,4.03,-120,2.00,
2026-09-02T19:24:47,2,1.845,47.57,46.9510,25.9,1.862,48.99,4.03,-120,2.00,
2026-09-02T19:24:48,2,1.862,48.92,46.9600,25.9,1.866,49.25,4.02,-120,1.75,
2026-09-02T19:24:49,2,1.856,48.47,46.9590,25.9,1.862,48.92,4.03,-120,2.00,
2026-09-02T19:24:50,2,1.844,47.50,46.9590,25.9,1.870,49.63,4.03,-120,2.25,
2026-09-02T19:24:51,2,1.859,48.73,46.9480,25.9,1.863,49.05,4.02,-120,2.00,
2026-09-02T19:24:52,2,1.843,47.44,46.9450,25.9,1.863,49.05,4.05,-120,2.00,
2026-09-02T19:24:53,2,1.843,47.44,46.9480,25.9,1.865,49.18,4.03,-120,1.75,
2026-09-02T19:24:54,2,1.857,48.54,46.9560,25.9,1.863,49.05,4.03,-120,1.75,
2026-09-02T19:24:56,2,1.843,47.44,46.9530,25.9,1.865,49.18,4.05,-120,2.25,
2026-09-02T19:24:57,2,1.860,48.79,46.9460,25.9,1.868,49.44,4.02,-120,2.25,
2026-09-02T19:24:58,2,1.858,48.60,46.9500,25.9,1.865,49.18,4.03,-120,1.50,
2026-09-02T19:24:59,2,1.845,47.57,46.9680,25.9,1.863,49.05,4.03,-120,2.25,
2026-09-02T19:25:01,2,1.846,47.70,46.9690,25.9,1.864,49.12,4.05,-120,2.00,
2026-09-02T19:25:02,2,1.845,47.63,46.9650,25.9,1.865,49.18,4.03,-120,1.75,
2026-09-02T19:25:03,2,1.859,48.73,46.9670,25.9,1.865,49.18,4.03,-120,2.25,
2026-09-02T19:25:04,2,1.843,47.44,46.9580,25.9,1.853,48.21,4.05,-120,2.00,
2026-09-02T19:25:07,2,1.858,48.60,46.9580,25.9,1.862,48.99,4.04,-120,2.00,
2026-09-02T19:25:08,2,1.846,47.70,46.9630,25.9,1.862,48.99,4.03,-120,2.25,
2026-09-02T19:25:09,2,1.862,48.99,46.9590,25.9,1.863,49.05,4.02,-120,2.25,
2026-09-02T19:25:10,2,1.844,47.50,46.9610,25.9,1.862,48.92,4.05,-120,2.25,
2026-09-02T19:25:12,2,1.859,48.73,46.9780,25.9,1.862,48.99,4.03,-120,2.00,
2026-09-02T19:25:13,2,1.845,47.57,46.9910,25.9,1.864,49.12,4.05,-120,2.00,
2026-09-02T19:25:14,2,1.863,49.05,46.9910,25.9,1.866,49.25,4.01,-120,2.00,
2026-09-02T19:25:15,2,1.857,48.54,46.9990,25.9,1.862,48.99,4.04,-120,2.00,
2026-09-02T19:25:16,2,1.845,47.57,46.9960,25.9,1.857,48.54,4.03,-120,2.00,
2026-09-02T19:25:17,2,1.859,48.73,46.9920,25.9,1.865,49.18,4.02,-120,2.00,
2026-09-02T19:25:19,2,1.841,47.31,46.9820,25.9,1.862,48.92,4.05,-120,2.00,
2026-09-02T19:25:20,2,1.851,48.08,46.9790,25.9,1.864,49.12,4.03,-120,2.00,
2026-09-02T19:25:21,2,1.857,48.54,46.9890,25.9,1.864,49.12,4.03,-120,1.75,
2026-09-02T19:25:22,2,1.842,47.38,46.9810,25.9,1.863,49.05,4.05,-120,2.00,
2026-09-02T19:25:23,2,1.844,47.50,46.9820,25.9,1.864,49.12,4.03,-120,2.00,
2026-09-02T19:25:24,2,1.857,48.54,46.9880,25.9,1.865,49.18,4.03,-120,1.75,
2026-09-02T19:25:25,2,1.843,47.44,46.9930,25.9,1.862,48.99,4.05,-120,2.25,
2026-09-02T19:25:26,2,1.858,48.67,46.9940,25.9,1.865,49.18,4.02,-120,2.00,
2026-09-02T19:25:27,2,1.858,48.67,46.9890,25.9,1.866,49.25,4.04,-120,2.00,
2026-09-02T19:25:28,2,1.846,47.70,46.9870,25.9,1.862,48.99,4.03,-120,2.00,
2026-09-02T19:25:29,2,1.861,48.86,46.9880,25.9,1.873,49.83,4.02,-120,1.75,
2026-09-02T19:25:31,2,1.844,47.50,46.9910,25.9,1.862,48.99,4.05,-121,1.75,
2026-09-02T19:25:32,2,1.845,47.57,46.9900,25.9,1.863,49.05,4.03,-120,2.25,
2026-09-02T19:25:33,2,1.857,48.54,46.9810,25.9,1.862,48.99,4.02,-120,2.50,
2026-09-02T19:25:34,2,1.845,47.57,46.9610,25.9,1.862,48.99,4.05,-120,2.00,
2026-09-02T19:25:35,2,1.863,49.05,46.9570,25.9,1.868,49.44,4.02,-120,1.75,
2026-09-02T19:25:36,2,1.858,48.67,46.9680,25.9,1.862,48.99,4.03,-120,2.50,
2026-09-02T19:25:38,2,1.858,48.67,46.9630,25.9,1.867,49.37,4.02,-120,2.00,
2026-09-02T19:25:39,2,1.843,47.44,46.9660,25.9,1.865,49.18,4.04,-120,2.00,
2026-09-02T19:25:40,2,1.846,47.70,46.9580,25.9,1.862,48.99,4.03,-120,2.00,
2026-09-02T19:25:41,2,1.858,48.67,46.9590,25.9,1.863,49.05,4.03,-121,1.75,
2026-09-02T19:25:43,2,1.845,47.57,46.9610,25.9,1.863,49.05,4.05,-120,2.00,
2026-09-02T19:25:44,2,1.861,48.86,46.9690,25.9,1.865,49.18,4.01,-120,2.00,
2026-09-02T19:25:45,2,1.856,48.47,46.9670,25.9,1.864,49.12,4.03,-120,1.75,
2026-09-02T19:25:46,2,1.845,47.63,46.9590,25.9,1.868,49.44,4.03,-120,2.25,
2026-09-02T19:25:47,2,1.858,48.60,46.9680,25.9,1.869,49.50,4.02,-120,2.25,
2026-09-02T19:25:48,2,1.844,47.50,46.9700,25.9,1.862,48.99,4.05,-120,2.50,
2026-09-02T19:25:49,2,1.844,47.50,46.9740,25.9,1.863,49.05,4.03,-120,2.50,
2026-09-02T19:25:50,2,1.859,48.73,46.9660,25.9,1.863,49.05,4.03,-120,2.00,
2026-09-02T19:25:51,2,1.845,47.63,46.9660,25.9,1.862,48.99,4.05,-120,2.25,
2026-09-02T19:25:52,2,1.865,49.18,46.9690,25.9,1.866,49.25,4.02,-120,2.25,
2026-09-02T19:25:54,2,1.858,48.67,46.9850,25.9,1.866,49.25,4.03,-120,2.25,
2026-09-02T19:25:55,2,1.845,47.63,46.9990,25.9,1.866,49.25,4.03,-120,2.00,
2026-09-02T19:25:56,2,1.863,49.05,47.0040,25.9,1.865,49.18,4.02,-120,2.00,
2026-09-02T19:25:58,2,1.849,47.89,47.0150,25.9,1.864,49.12,4.04,-120,2.25,
2026-09-02T19:25:59,2,1.858,48.67,47.0140,25.9,1.864,49.12,4.03,-120,2.00,
2026-09-02T19:26:00,2,1.846,47.70,47.0010,25.9,1.860,48.79,4.05,-120,2.00,
2026-09-02T19:26:01,2,1.845,47.57,47.0090,25.9,1.863,49.05,4.03,-120,2.25,
2026-09-02T19:26:03,2,1.842,47.38,47.0010,25.9,1.861,48.86,4.05,-120,2.50,
2026-09-02T19:26:04,2,1.860,48.79,47.0010,25.9,1.864,49.12,4.02,-120,2.00,
2026-09-02T19:26:06,2,1.858,48.60,47.0030,25.9,1.863,49.05,4.04,-120,2.25,
2026-09-02T19:26:07,2,1.845,47.63,47.0050,25.9,1.861,48.86,4.03,-120,1.75,
2026-09-02T19:26:09,2,1.844,47.50,46.9940,25.9,1.862,48.92,4.04,-120,2.25,
2026-09-02T19:26:10,2,1.844,47.50,46.9950,25.9,1.865,49.18,4.03,-120,2.00,
2026-09-02T19:26:11,2,1.857,48.54,46.9990,25.9,1.866,49.25,4.03,-120,2.25,
2026-09-02T19:26:12,2,1.845,47.57,46.9960,25.9,1.861,48.86,4.05,-120,2.25,
2026-09-02T19:26:13,2,1.863,49.05,46.9910,25.9,1.880,50.41,4.02,-120,1.75,
2026-09-02T19:26:14,2,1.857,48.54,46.9750,25.9,1.862,48.92,4.04,-121,2.25,
2026-09-02T19:26:15,2,1.845,47.57,46.9720,25.9,1.864,49.12,4.03,-120,2.25,
2026-09-02T19:26:16,2,1.859,48.73,46.9680,25.9,1.860,48.79,4.02,-120,1.75,
2026-09-02T19:26:18,2,1.845,47.57,46.9620,25.9,1.864,49.12,4.05,-120,1.75,
2026-09-02T19:26:19,2,1.846,47.70,46.9540,25.9,1.866,49.25,4.04,-120,2.00,
2026-09-02T19:26:20,2,1.857,48.54,46.9510,25.9,1.862,48.99,4.03,-120,1.75,
2026-09-02T19:26:21,2,1.844,47.50,46.9380,25.9,1.862,48.92,4.05,-120,2.00,
2026-09-02T19:26:22,2,1.863,49.05,46.9430,25.9,1.866,49.31,4.01,-120,2.00,
2026-09-02T19:26:23,2,1.858,48.60,46.9470,25.9,1.864,49.12,4.04,-120,2.00,
2026-09-02T19:26:24,2,1.845,47.57,46.9510,25.9,1.864,49.12,4.03,-120,2.25,
2026-09-02T19:26:25,2,1.861,48.86,46.9520,25.9,1.869,49.50,4.02,-120,1.75,
2026-09-02T19:26:26,2,1.845,47.57,46.9520,25.9,1.868,49.44,4.05,-120,2.00,
2026-09-02T19:26:27,2,1.843,47.44,46.9570,25.9,1.862,48.99,4.03,-120,1.75,
2026-09-02T19:26:28,2,1.858,48.67,46.9520,25.9,1.866,49.25,4.03,-120,2.25,
2026-09-02T19:26:30,2,1.842,47.38,46.9510,25.9,1.861,48.86,4.05,-120,2.25,
2026-09-02T19:26:31,2,1.862,48.92,46.9490,25.9,1.867,49.37,4.01,-121,2.25,
2026-09-02T19:26:32,2,1.858,48.60,46.9410,25.9,1.866,49.25,4.04,-120,2.50,
2026-09-02T19:26:33,2,1.846,47.70,46.9370,25.9,1.865,49.18,4.03,-120,2.00,
2026-09-02T19:26:34,2,1.860,48.79,46.9410,25.9,1.865,49.18,4.01,-120,2.00,
2026-09-02T19:26:35,2,1.844,47.50,46.9360,25.9,1.862,48.92,4.05,-120,2.25,
2026-09-02T19:26:36,2,1.846,47.70,46.9470,25.9,1.868,49.44,4.03,-120,2.00,
2026-09-02T19:26:37,2,1.858,48.60,46.9480,25.9,1.863,49.05,4.03,-120,1.75,
2026-09-02T19:26:38,2,1.846,47.70,46.9420,25.9,1.862,48.92,4.05,-121,1.50,
2026-09-02T19:26:39,2,1.862,48.92,46.9400,25.9,1.866,49.25,4.02,-120,2.00,
2026-09-02T19:26:41,2,1.857,48.54,46.9420,25.9,1.862,48.99,4.03,-121,1.75,
2026-09-02T19:26:42,2,1.839,47.12,46.9480,25.9,1.867,49.37,4.05,-120,2.00,
2026-09-02T19:26:43,2,1.860,48.79,46.9450,25.9,1.866,49.31,4.02,-120,2.00,
2026-09-02T19:26:44,2,1.844,47.50,46.9430,25.9,1.862,48.99,4.03,-120,2.00,
2026-09-02T19:26:45,2,1.846,47.70,46.9470,25.9,1.866,49.31,4.03,-121,1.75,
2026-09-02T19:26:46,2,1.858,48.67,46.9490,25.9,1.865,49.18,4.02,-120,2.00,
2026-09-02T19:26:47,2,1.859,48.73,46.9420,25.9,1.862,48.92,4.05,-120,1.75,
2026-09-02T19:26:48,2,1.846,47.70,46.9490,25.9,1.866,49.25,4.04,-120,2.50,
2026-09-02T19:26:49,2,1.857,48.54,46.9460,25.9,1.863,49.05,4.03,-120,1.50,
2026-09-02T19:26:50,2,1.842,47.38,46.9450,25.9,1.853,48.28,4.05,-120,2.25,
2026-09-02T19:26:51,2,1.859,48.73,46.9590,25.9,1.865,49.18,4.01,-120,1.75,
2026-09-02T19:26:53,2,1.858,48.67,46.9620,25.9,1.862,48.99,4.04,-120,2.25,
2026-09-02T19:26:55,2,1.859,48.73,46.9720,25.9,1.866,49.31,4.02,-120,2.00,
2026-09-02T19:26:56,2,1.843,47.44,46.9650,25.9,1.862,48.92,4.05,-120,2.50,
2026-09-02T19:26:57,2,1.841,47.31,46.9690,25.9,1.864,49.12,4.03,-120,2.25,
2026-09-02T19:26:58,2,1.858,48.67,46.9710,25.9,1.864,49.12,4.03,-120,2.25,
2026-09-02T19:27:00,2,1.861,48.86,46.9640,25.9,1.863,49.05,4.01,-120,1.75,
2026-09-02T19:27:01,2,1.857,48.54,46.9690,25.9,1.862,48.92,4.03,-120,2.25,
2026-09-02T19:27:02,2,1.842,47.38,46.9630,25.9,1.867,49.37,4.03,-120,2.00,
2026-09-02T19:27:03,2,1.858,48.67,46.9530,25.9,1.868,49.44,4.02,-120,2.25,
2026-09-02T19:27:06,2,1.845,47.57,46.9500,25.9,1.862,48.99,4.03,-120,1.75,
2026-09-02T19:27:07,2,1.862,48.92,46.9390,25.9,1.863,49.05,4.03,-120,1.75,
2026-09-02T19:27:08,2,1.845,47.63,46.9420,25.9,1.861,48.86,4.04,-120,2.25,
2026-09-02T19:27:09,2,1.862,48.92,46.9440,25.9,1.864,49.12,4.02,-120,2.00,
2026-09-02T19:27:11,2,1.845,47.57,46.9430,25.9,1.862,48.99,4.03,-120,2.00,
2026-09-02T19:27:12,2,1.862,48.99,46.9430,25.9,1.865,49.18,4.02,-120,1.75,
2026-09-02T19:27:13,2,1.838,47.05,46.9520,25.9,1.861,48.86,4.04,-120,2.75,
2026-09-02T19:27:14,2,1.843,47.44,46.9510,25.9,1.868,49.44,4.03,-120,2.00,
2026-09-02T19:27:15,2,1.856,48.47,46.9520,25.9,1.863,49.05,4.03,-120,1.75,
2026-09-02T19:27:17,2,1.849,47.96,46.9580,25.9,1.853,48.21,4.04,-120,2.00,
2026-09-02T19:27:18,2,1.862,48.92,46.9500,25.9,1.866,49.31,4.01,-120,1.75,
2026-09-02T19:27:19,2,1.857,48.54,46.9520,25.9,1.864,49.12,4.03,-120,2.50,
2026-09-02T19:27:20,2,1.847,47.76,46.9460,25.9,1.862,48.99,4.05,-120,1.75,
2026-09-02T19:27:21,2,1.858,48.67,46.9440,25.9,1.864,49.12,4.00,-120,2.25,
2026-09-02T19:27:22,2,1.842,47.38,46.9440,25.9,1.862,48.99,4.05,-120,2.00,
2026-09-02T19:27:23,2,1.846,47.70,46.9450,25.9,1.864,49.12,4.03,-120,2.25,
2026-09-02T19:27:24,2,1.860,48.79,46.9330,25.9,1.866,49.31,4.02,-120,2.00,
2026-09-02T19:27:25,2,1.845,47.57,46.9340,25.9,1.861,48.86,4.05,-120,1.75,
2026-09-02T19:27:26,2,1.864,49.12,46.9420,25.9,1.864,49.12,4.01,-120,2.50,
2026-09-02T19:27:28,2,1.856,48.47,46.9400,25.9,1.864,49.12,4.03,-120,1.75,
2026-09-02T19:27:29,2,1.841,47.31,46.9460,25.9,1.861,48.86,4.05,-120,2.50,
2026-09-02T19:27:30,2,1.858,48.67,46.9510,25.9,1.865,49.18,4.02,-120,2.25,
2026-09-02T19:27:31,2,1.842,47.38,46.9540,25.9,1.861,48.86,4.04,-120,2.25,
2026-09-02T19:27:32,2,1.848,47.83,46.9570,25.9,1.864,49.12,4.03,-120,2.25,
2026-09-02T19:27:33,2,1.858,48.67,46.9410,25.9,1.864,49.12,4.02,-120,2.00,
2026-09-02T19:27:34,2,1.845,47.57,46.9390,25.9,1.862,48.92,4.04,-120,2.25,
2026-09-02T19:27:35,2,1.874,49.89,46.9420,25.9,1.866,49.31,4.02,-120,2.00,
2026-09-02T19:27:36,2,1.858,48.67,46.9350,25.9,1.863,49.05,4.03,-120,2.00,
2026-09-02T19:27:37,2,1.843,47.44,46.9410,25.9,1.865,49.18,4.05,-120,2.00,
2026-09-02T19:27:38,2,1.862,48.99,46.9430,25.9,1.865,49.18,4.02,-120,2.25,
2026-09-02T19:27:40,2,1.857,48.54,46.9480,25.9,1.862,48.99,4.03,-120,2.00,
2026-09-02T19:27:41,2,1.847,47.76,46.9530,25.9,1.878,50.28,4.03,-120,2.25,
2026-09-02T19:27:42,2,1.858,48.67,46.9530,25.9,1.866,49.25,4.02,-120,1.75,
2026-09-02T19:27:43,2,1.842,47.38,46.9590,25.9,1.865,49.18,4.04,-120,2.00,
2026-09-02T19:27:44,2,1.845,47.63,46.9650,25.9,1.862,48.99,4.03,-120,2.25,
2026-09-02T19:27:45,2,1.858,48.67,46.9640,25.9,1.863,49.05,4.03,-121,2.25,
2026-09-02T19:27:46,2,1.841,47.31,46.9620,25.9,1.862,48.99,4.05,-120,2.25,
2026-09-02T19:27:47,2,1.861,48.86,46.9670,25.9,1.864,49.12,4.01,-120,2.00,
2026-09-02T19:27:48,2,1.858,48.67,46.9560,25.9,1.862,48.92,4.03,-120,1.75,
2026-09-02T19:27:49,2,1.845,47.57,46.9480,25.9,1.856,48.47,4.03,-120,2.50,
2026-09-02T19:27:52,2,1.845,47.57,46.9430,25.9,1.862,48.92,4.05,-120,1.75,
2026-09-02T19:27:53,2,1.843,47.44,46.9400,25.9,1.863,49.05,4.03,-120,2.25,
2026-09-02T19:27:54,2,1.858,48.67,46.9450,25.9,1.863,49.05,4.03,-120,2.25,
2026-09-02T19:27:55,2,1.843,47.44,46.9460,25.9,1.862,48.99,4.05,-120,2.00,
2026-09-02T19:27:57,2,1.857,48.54,46.9480,25.9,1.864,49.12,4.03,-120,2.00,
2026-09-02T19:27:58,2,1.847,47.76,46.9450,25.9,1.862,48.92,4.05,-120,2.00,
2026-09-02T19:27:59,2,1.858,48.67,46.9530,25.9,1.865,49.18,4.02,-120,2.25,
2026-09-02T19:28:00,2,1.843,47.44,46.9510,25.9,1.862,48.99,4.04,-120,2.00,
2026-09-02T19:28:02,2,1.859,48.73,46.9600,25.9,1.865,49.18,4.01,-120,2.25,
2026-09-02T19:28:04,2,1.841,47.31,46.9530,25.9,1.861,48.86,4.05,-120,2.25,
2026-09-02T19:28:05,2,1.862,48.99,46.9560,25.9,1.864,49.12,4.01,-120,2.25,
2026-09-02T19:28:06,2,1.859,48.73,46.9620,25.9,1.863,49.05,4.03,-120,1.75,
2026-09-02T19:28:08,2,1.860,48.79,46.9740,25.9,1.868,49.44,4.02,-120,2.00,
2026-09-02T19:28:09,2,1.841,47.31,46.9760,25.9,1.863,49.05,4.05,-120,2.00,
2026-09-02T19:28:10,2,1.846,47.70,46.9730,25.9,1.862,48.99,4.03,-120,2.00,
2026-09-02T19:28:11,2,1.862,48.99,46.9700,25.9,1.865,49.18,4.02,-121,1.75,
2026-09-02T19:28:12,2,1.844,47.50,46.9650,25.9,1.863,49.05,4.04,-120,2.00,
2026-09-02T19:28:13,2,1.848,47.83,46.9710,25.9,1.863,49.05,4.03,-120,2.00,
2026-09-02T19:28:15,2,1.857,48.54,46.9760,25.9,1.863,49.05,4.03,-121,2.25,
2026-09-02T19:28:16,2,1.841,47.31,46.9750,25.9,1.861,48.86,4.04,-120,2.50,
2026-09-02T19:28:17,2,1.862,48.92,46.9810,25.9,1.865,49.18,4.01,-121,2.25,
2026-09-02T19:28:18,2,1.857,48.54,46.9700,25.9,1.864,49.12,4.03,-120,2.00,
2026-09-02T19:28:19,2,1.845,47.63,46.9650,25.9,1.864,49.12,4.03,-120,2.25,
2026-09-02T19:28:20,2,1.860,48.79,46.9680,25.9,1.864,49.12,4.01,-120,2.50,
2026-09-02T19:28:21,2,1.845,47.63,46.9710,25.9,1.861,48.86,4.05,-120,2.00,
2026-09-02T19:28:22,2,1.846,47.70,46.9770,25.9,1.863,49.05,4.03,-120,2.25,
2026-09-02T19:28:23,2,1.858,48.60,46.9770,25.9,1.864,49.12,4.04,-120,2.00,
2026-09-02T19:28:24,2,1.843,47.44,46.9820,25.9,1.861,48.86,4.04,-120,2.00,
2026-09-02T19:28:25,2,1.862,48.92,46.9780,25.9,1.863,49.05,4.02,-120,1.75,
2026-09-02T19:28:27,2,1.857,48.54,46.9770,25.9,1.862,48.99,4.02,-120,2.00,
2026-09-02T19:28:28,2,1.845,47.63,46.9700,25.9,1.865,49.18,4.05,-120,2.00,
2026-09-02T19:28:29,2,1.859,48.73,46.9640,25.9,1.868,49.44,4.02,-120,2.50,
2026-09-02T19:28:31,2,1.845,47.63,46.9590,25.9,1.863,49.05,4.03,-120,2.25,
2026-09-02T19:28:32,2,1.862,48.99,46.9590,25.9,1.867,49.37,4.02,-120,1.75,
2026-09-02T19:28:33,2,1.843,47.44,46.9550,25.9,1.862,48.92,4.04,-120,2.25,
2026-09-02T19:28:34,2,1.862,48.92,46.9440,25.9,1.870,49.57,4.01,-120,1.75,
2026-09-02T19:28:35,2,1.858,48.67,46.9340,25.9,1.862,48.99,4.03,-120,2.25,
2026-09-02T19:28:36,2,1.845,47.57,46.9370,25.9,1.862,48.92,4.05,-120,1.75,
2026-09-02T19:28:37,2,1.859,48.73,46.9420,25.9,1.864,49.12,4.01,-120,2.25,
2026-09-02T19:28:39,2,1.844,47.50,46.9490,25.9,1.864,49.12,4.05,-120,2.00,
2026-09-02T19:28:40,2,1.844,47.50,46.9540,25.9,1.866,49.25,4.02,-120,2.00,
2026-09-02T19:28:41,2,1.858,48.67,46.9500,25.9,1.864,49.12,4.02,-120,2.00,
2026-09-02T19:28:42,2,1.843,47.44,46.9450,25.9,1.864,49.12,4.05,-120,2.25,
2026-09-02T19:28:43,2,1.863,49.05,46.9520,25.9,1.868,49.44,4.01,-120,2.25,
2026-09-02T19:28:44,2,1.855,48.41,46.9410,25.9,1.861,48.86,4.03,-121,2.25,
2026-09-02T19:28:45,2,1.841,47.31,46.9300,25.9,1.862,48.99,4.04,-120,2.25,
2026-09-02T19:28:46,2,1.858,48.67,46.9370,25.9,1.868,49.44,4.01,-120,2.00,
2026-09-02T19:28:48,2,1.841,47.31,46.9430,25.9,1.863,49.05,4.03,-120,2.00,
2026-09-02T19:28:49,2,1.859,48.73,46.9380,25.9,1.864,49.12,4.01,-120,2.25,
2026-09-02T19:28:51,2,1.845,47.63,46.9500,25.9,1.862,48.99,4.05,-120,1.75,
2026-09-02T19:28:52,2,1.843,47.44,46.9570,25.9,1.864,49.12,4.03,-120,2.75,
2026-09-02T19:28:54,2,1.842,47.38,46.9590,25.9,1.861,48.86,4.04,-120,2.25,
2026-09-02T19:28:55,2,1.862,48.92,46.9620,25.9,1.866,49.25,4.02,-120,2.00,
2026-09-02T19:28:56,2,1.874,49.89,46.9650,25.9,1.868,49.44,4.03,-120,2.00,
2026-09-02T19:28:57,2,1.841,47.31,46.9540,25.9,1.864,49.12,4.02,-120,2.25,
2026-09-02T19:28:59,2,1.844,47.50,46.9700,25.9,1.864,49.12,4.05,-120,2.25,
2026-09-02T19:29:00,2,1.845,47.63,46.9690,25.9,1.865,49.18,4.03,-120,1.75,
2026-09-02T19:29:01,2,1.858,48.67,46.9640,25.9,1.863,49.05,4.02,-120,1.75,
2026-09-02T19:29:03,2,1.843,47.44,46.9540,25.9,1.862,48.99,4.04,-121,2.00,
2026-09-02T19:29:05,2,1.855,48.41,46.9400,25.9,1.863,49.05,4.03,-120,2.00,
2026-09-02T19:29:06,2,1.837,46.92,46.9420,25.9,1.865,49.18,4.05,-120,2.50,
2026-09-02T19:29:07,2,1.860,48.79,46.9490,25.9,1.866,49.25,4.02,-120,2.00,
2026-09-02T19:29:08,2,1.842,47.38,46.9520,25.9,1.862,48.92,4.04,-120,2.00,
2026-09-02T19:29:09,2,1.844,47.50,46.9470,25.9,1.863,49.05,4.03,-120,2.50,
2026-09-02T19:29:10,2,1.858,48.67,46.9450,25.9,1.866,49.31,4.02,-120,2.00,
2026-09-02T19:29:11,2,1.845,47.57,46.9390,25.9,1.861,48.86,4.04,-120,2.50,
2026-09-02T19:29:12,2,1.862,48.92,46.9420,25.9,1.864,49.12,4.01,-120,2.25,
2026-09-02T19:29:14,2,1.856,48.47,46.9410,25.9,1.868,49.44,4.03,-120,2.25,
2026-09-02T19:29:15,2,1.841,47.31,46.9420,25.9,1.862,48.99,4.05,-120,2.00,
2026-09-02T19:29:16,2,1.860,48.79,46.9380,25.9,1.864,49.12,4.01,-120,2.00,
2026-09-02T19:29:17,2,1.841,47.31,46.9250,25.9,1.864,49.12,4.04,-120,2.00,
2026-09-02T19:29:18,2,1.843,47.44,46.9200,25.9,1.866,49.25,4.03,-120,2.00,
2026-09-02T19:29:19,2,1.857,48.54,46.9080,25.9,1.865,49.18,4.01,-120,2.00,
2026-09-02T19:29:20,2,1.843,47.44,46.9040,25.9,1.878,50.21,4.05,-120,2.00,
2026-09-02T19:29:21,2,1.862,48.99,46.9200,25.9,1.867,49.37,4.01,-120,2.25,
2026-09-02T19:29:22,2,1.859,48.73,46.9190,25.9,1.864,49.12,4.03,-120,2.00,
2026-09-02T19:29:23,2,1.842,47.38,46.9100,25.9,1.866,49.31,4.05,-120,2.00,
2026-09-02T19:29:24,2,1.859,48.73,46.9080,25.9,1.869,49.50,4.02,-120,2.25,
2026-09-02T19:29:26,2,1.843,47.44,46.9150,25.9,1.861,48.86,4.05,-120,2.25,
2026-09-02T19:29:27,2,1.837,46.92,46.9110,25.9,1.866,49.31,4.03,-120,2.00,
2026-09-02T19:29:28,2,1.858,48.67,46.9140,25.9,1.866,49.25,4.01,-120,1.75,
2026-09-02T19:29:29,2,1.844,47.50,46.9200,25.9,1.861,48.86,4.05,-120,1.75,
2026-09-02T19:29:30,2,1.864,49.12,46.9220,25.9,1.866,49.31,4.01,-120,2.25,
2026-09-02T19:29:31,2,1.857,48.54,46.9170,25.9,1.865,49.18,4.03,-120,2.50,
2026-09-02T19:29:32,2,1.842,47.38,46.9130,25.9,1.863,49.05,4.05,-120,2.25,
2026-09-02T19:29:33,2,1.860,48.79,46.9090,25.9,1.864,49.12,4.01,-120,2.00,
2026-09-02T19:29:34,2,1.843,47.44,46.9110,25.9,1.862,48.99,4.04,-120,2.00,
2026-09-02T19:29:35,2,1.845,47.63,46.9210,25.9,1.862,48.92,4.04,-120,2.25,
2026-09-02T19:29:36,2,1.857,48.54,46.9240,25.9,1.866,49.25,4.02,-120,2.50,
2026-09-02T19:29:38,2,1.840,47.18,46.9340,25.9,1.862,48.99,4.04,-120,2.00,
2026-09-02T19:29:39,2,1.844,47.50,46.9340,25.9,1.862,48.99,4.03,-120,2.25,
2026-09-02T19:29:40,2,1.859,48.73,46.9430,25.9,1.866,49.25,4.01,-120,2.25,
2026-09-02T19:29:41,2,1.845,47.63,46.9280,25.9,1.862,48.92,4.05,-120,2.25,
2026-09-02T19:29:42,2,1.861,48.86,46.9270,25.9,1.866,49.25,4.02,-120,2.00,
2026-09-02T19:29:43,2,1.858,48.60,46.9390,25.9,1.869,49.50,4.03,-120,2.00,
2026-09-02T19:29:44,2,1.843,47.44,46.9340,25.9,1.861,48.86,4.04,-118,1.25,
2026-09-02T19:29:46,2,1.841,47.25,46.9390,25.9,1.851,48.08,4.04,-120,2.00,
2026-09-02T19:29:47,2,1.845,47.63,46.9240,25.9,1.863,49.05,4.03,-120,2.25,
2026-09-02T19:29:48,2,1.855,48.41,46.9180,25.9,1.865,49.18,4.02,-120,2.25,
2026-09-02T19:29:51,2,1.860,48.79,46.9020,25.9,1.865,49.18,4.02,-120,2.00,
2026-09-02T19:29:52,2,1.856,48.47,46.9120,25.9,1.864,49.12,4.03,-120,2.25,
2026-09-02T19:29:53,2,1.841,47.31,46.9110,25.9,1.863,49.05,4.05,-120,1.75,
2026-09-02T19:29:54,2,1.859,48.73,46.9090,25.9,1.865,49.18,4.02,-120,2.25,
2026-09-02T19:29:56,2,1.844,47.50,46.9170,25.9,1.864,49.12,4.03,-120,2.50,
2026-09-02T19:29:57,2,1.858,48.67,46.9190,25.9,1.865,49.18,4.02,-120,2.25,
2026-09-02T19:29:58,2,1.844,47.50,46.9150,25.9,1.863,49.05,4.05,-120,2.25,
2026-09-02T19:29:59,2,1.862,48.99,46.9070,25.9,1.868,49.44,4.01,-120,2.25,
2026-09-02T19:30:02,2,1.843,47.44,46.9230,25.9,1.864,49.12,4.04,-120,2.25,
2026-09-02T19:30:03,2,1.860,48.79,46.9100,25.9,1.866,49.25,4.01,-120,2.25,
2026-09-02T19:30:04,2,1.842,47.38,46.9130,25.9,1.861,48.86,4.04,-120,2.00,
2026-09-02T19:30:05,2,1.844,47.50,46.9230,25.9,1.862,48.92,4.05,-120,1.75,
2026-09-02T19:30:06,2,1.858,48.60,46.9230,25.9,1.870,49.57,4.01,-120,2.25,
2026-09-02T19:30:07,2,1.844,47.50,46.9260,25.9,1.862,48.99,4.04,-120,2.25,
2026-09-02T19:30:08,2,1.862,48.99,46.9330,25.9,1.866,49.25,4.01,-120,2.00,
2026-09-02T19:30:09,2,1.858,48.60,46.9430,25.9,1.866,49.25,4.02,-120,2.00,
2026-09-02T19:30:10,2,1.845,47.63,46.9460,25.9,1.856,48.47,4.05,-120,2.00,
2026-09-02T19:30:11,2,1.862,48.92,46.9430,25.9,1.865,49.18,4.02,-120,2.25,
2026-09-02T19:30:13,2,1.846,47.70,46.9500,25.9,1.862,48.92,4.05,-120,2.25,
2026-09-02T19:30:15,2,1.858,48.60,46.9420,25.9,1.865,49.18,4.02,-120,1.50,
2026-09-02T19:30:16,2,1.843,47.44,46.9300,25.9,1.861,48.86,4.05,-120,2.25,
2026-09-02T19:30:17,2,1.846,47.70,46.9200,25.9,1.868,49.44,4.03,-120,2.00,
2026-09-02T19:30:18,2,1.857,48.54,46.9270,25.9,1.863,49.05,4.02,-120,2.00,
2026-09-02T19:30:19,2,1.843,47.44,46.9370,25.9,1.864,49.12,4.05,-120,1.75,
2026-09-02T19:30:20,2,1.862,48.92,46.9360,25.9,1.866,49.25,4.01,-120,2.25,
2026-09-02T19:30:21,2,1.858,48.60,46.9380,25.9,1.863,49.05,4.03,-121,2.25,
2026-09-02T19:30:22,2,1.845,47.63,46.9570,25.9,1.867,49.37,4.05,-120,2.00,
2026-09-02T19:30:23,2,1.858,48.67,46.9560,25.9,1.865,49.18,4.02,-120,2.25,
2026-09-02T19:30:25,2,1.843,47.44,46.9540,25.9,1.863,49.05,4.05,-120,2.50,
2026-09-02T19:30:26,2,1.843,47.44,46.9410,25.9,1.863,49.05,4.03,-120,2.00,
2026-09-02T19:30:27,2,1.858,48.67,46.9410,25.9,1.870,49.57,4.02,-120,2.25,
2026-09-02T19:30:28,2,1.843,47.44,46.9370,25.9,1.865,49.18,4.04,-120,2.00,
2026-09-02T19:30:29,2,1.861,48.86,46.9340,25.9,1.864,49.12,4.01,-120,2.25,
2026-09-02T19:30:30,2,1.857,48.54,46.9280,25.9,1.860,48.79,4.02,-120,2.00,
2026-09-02T19:30:31,2,1.842,47.38,46.9290,25.9,1.862,48.92,4.05,-120,2.50,
2026-09-02T19:30:32,2,1.859,48.73,46.9280,25.9,1.869,49.50,4.02,-120,2.50,
2026-09-02T19:30:33,2,1.847,47.76,46.9280,25.9,1.862,48.99,4.04,-120,2.00,
2026-09-02T19:30:34,2,1.843,47.44,46.9360,25.9,1.862,48.99,4.04,-120,2.00,
2026-09-02T19:30:35,2,1.860,48.79,46.9280,25.9,1.874,49.95,4.02,-121,2.25,
2026-09-02T19:30:37,2,1.845,47.57,46.9240,25.9,1.862,48.99,4.04,-120,2.00,
2026-09-02T19:30:38,2,1.859,48.73,46.9300,25.9,1.865,49.18,4.01,-121,2.00,
2026-09-02T19:30:39,2,1.858,48.60,46.9270,25.9,1.859,48.73,4.02,-120,2.00,
2026-09-02T19:30:40,2,1.843,47.44,46.9290,25.9,1.862,48.99,4.04,-120,2.00,
2026-09-02T19:30:41,2,1.858,48.67,46.9280,25.9,1.866,49.25,4.02,-120,2.00,
2026-09-02T19:30:42,2,1.845,47.63,46.9250,25.9,1.862,48.99,4.05,-120,2.25,
2026-09-02T19:30:43,2,1.842,47.38,46.9300,25.9,1.862,48.92,4.04,-120,2.25,
2026-09-02T19:30:44,2,1.864,49.12,46.9280,25.9,1.866,49.25,4.02,-120,1.75,
2026-09-02T19:30:45,2,1.842,47.38,46.9400,25.9,1.862,48.92,4.04,-120,2.00,
2026-09-02T19:30:48,2,1.858,48.60,46.9370,25.9,1.864,49.12,4.02,-120,2.00,
2026-09-02T19:30:49,2,1.844,47.50,46.9340,25.9,1.862,48.92,4.05,-120,2.75,
2026-09-02T19:30:50,2,1.859,48.73,46.9410,25.9,1.869,49.50,4.01,-120,1.75,
2026-09-02T19:30:51,2,1.844,47.50,46.9490,25.9,1.866,49.25,4.04,-120,2.50,
2026-09-02T19:30:53,2,1.860,48.79,46.9520,25.9,1.864,49.12,4.02,-120,2.25,
2026-09-02T19:30:54,2,1.843,47.44,46.9360,25.9,1.861,48.86,4.05,-120,2.00,
2026-09-02T19:30:55,2,1.845,47.57,46.9410,25.9,1.870,49.63,4.03,-120,2.25,
2026-09-02T19:30:56,2,1.860,48.79,46.9480,25.9,1.866,49.31,4.02,-120,2.25,
2026-09-02T19:30:58,2,1.861,48.86,46.9480,25.9,1.863,49.05,4.01,-120,2.00,
2026-09-02T19:31:00,2,1.857,48.54,46.9530,25.9,1.862,48.99,4.03,-120,2.25,
2026-09-02T19:31:01,2,1.843,47.44,46.9510,25.9,1.863,49.05,4.05,-120,2.00,
2026-09-02T19:31:02,2,1.860,48.79,46.9410,25.9,1.864,49.12,4.02,-120,2.00,
2026-09-02T19:31:03,2,1.845,47.57,46.9560,25.9,1.863,49.05,4.04,-120,2.25,
2026-09-02T19:31:04,2,1.838,47.05,46.9640,25.9,1.864,49.12,4.05,-120,2.50,
2026-09-02T19:31:05,2,1.858,48.67,46.9610,25.9,1.865,49.18,4.02,-120,2.00,
2026-09-02T19:31:06,2,1.841,47.31,46.9700,25.9,1.861,48.86,4.04,-120,2.50,
2026-09-02T19:31:07,2,1.862,48.92,46.9750,25.9,1.866,49.25,4.01,-120,2.25,
2026-09-02T19:31:08,2,1.858,48.60,46.9860,25.9,1.866,49.25,4.02,-120,2.25,
2026-09-02T19:31:09,2,1.843,47.44,46.9720,25.9,1.863,49.05,4.04,-120,2.25,
2026-09-02T19:31:10,2,1.860,48.79,46.9670,25.9,1.865,49.18,4.02,-120,2.00,
2026-09-02T19:31:12,2,1.842,47.38,46.9720,25.9,1.862,48.99,4.04,-120,1.75,
2026-09-02T19:31:13,2,1.838,47.05,46.9720,25.9,1.862,48.99,4.05,-120,2.25,
2026-09-02T19:31:14,2,1.859,48.73,46.9770,25.9,1.865,49.18,4.02,-120,2.25,
2026-09-02T19:31:15,2,1.843,47.44,47.0000,25.9,1.862,48.92,4.04,-120,2.25,
2026-09-02T19:31:16,2,1.861,48.86,47.0050,25.9,1.869,49.50,4.01,-120,2.25,
2026-09-02T19:31:17,2,1.858,48.60,47.0010,25.9,1.864,49.12,4.02,-120,2.50,
2026-09-02T19:31:18,2,1.847,47.76,46.9930,25.9,1.860,48.79,4.04,-120,2.00,
2026-09-02T19:31:19,2,1.858,48.67,46.9980,25.9,1.866,49.25,4.01,-120,2.25,
2026-09-02T19:31:20,2,1.843,47.44,46.9880,25.9,1.861,48.86,4.04,-120,2.00,
2026-09-02T19:31:21,2,1.841,47.31,46.9960,25.9,1.861,48.86,4.04,-120,2.25,
2026-09-02T19:31:22,2,1.861,48.86,46.9810,25.9,1.867,49.37,4.02,-120,2.00,
2026-09-02T19:31:24,2,1.845,47.57,46.9850,25.9,1.862,48.92,4.04,-120,2.25,
2026-09-02T19:31:25,2,1.858,48.67,46.9890,25.9,1.865,49.18,4.01,-120,2.00,
2026-09-02T19:31:26,2,1.860,48.79,46.9860,25.9,1.864,49.12,4.02,-120,2.00,
2026-09-02T19:31:27,2,1.845,47.57,46.9810,25.9,1.863,49.05,4.05,-120,2.25,
2026-09-02T19:31:28,2,1.859,48.73,46.9860,25.9,1.866,49.31,4.02,-120,2.00,
2026-09-02T19:31:29,2,1.846,47.70,46.9890,25.9,1.861,48.86,4.05,-120,2.00,
2026-09-02T19:31:30,2,1.844,47.50,46.9920,25.9,1.863,49.05,4.04,-120,2.00,
2026-09-02T19:31:31,2,1.858,48.60,46.9850,25.9,1.870,49.63,4.02,-120,2.50,
2026-09-02T19:31:32,2,1.841,47.31,46.9790,25.9,1.860,48.79,4.05,-120,2.50,
2026-09-02T19:31:33,2,1.863,49.05,46.9800,25.9,1.867,49.37,4.01,-120,2.00,
2026-09-02T19:31:35,2,1.858,48.67,46.9660,25.9,1.865,49.18,4.01,-120,2.25,
2026-09-02T19:31:36,2,1.841,47.31,46.9750,25.9,1.862,48.92,4.05,-120,2.50,
2026-09-02T19:31:37,2,1.862,48.92,46.9790,25.9,1.866,49.31,4.01,-120,2.25,
2026-09-02T19:31:38,2,1.843,47.44,46.9890,25.9,1.866,49.25,4.03,-120,2.50,
2026-09-02T19:31:39,2,1.841,47.31,46.9890,25.9,1.863,49.05,4.05,-120,2.25,
2026-09-02T19:31:40,2,1.874,49.95,46.9900,25.9,1.867,49.37,4.01,-120,2.25,
2026-09-02T19:31:41,2,1.843,47.44,46.9810,25.9,1.861,48.86,4.04,-120,2.25,
2026-09-02T19:31:42,2,1.863,49.05,46.9820,25.9,1.863,49.05,4.03,-120,2.00,
2026-09-02T19:31:44,2,1.843,47.44,46.9590,25.9,1.862,48.92,4.04,-120,2.25,
2026-09-02T19:31:45,2,1.861,48.86,46.9650,25.9,1.865,49.18,4.01,-120,2.25,
2026-09-02T19:31:47,2,1.844,47.50,46.9760,25.9,1.865,49.18,4.03,-120,2.50,
2026-09-02T19:31:48,2,1.843,47.44,46.9690,25.9,1.853,48.21,4.04,-120,2.25,
2026-09-02T19:31:50,2,1.843,47.44,46.9530,25.9,1.863,49.05,4.04,-120,2.25,
2026-09-02T19:31:51,2,1.858,48.67,46.9620,25.9,1.865,49.18,4.05,-120,2.25,
2026-09-02T19:31:52,2,1.857,48.54,46.9670,25.9,1.866,49.31,4.02,-120,2.25,
2026-09-02T19:31:53,2,1.843,47.44,46.9730,25.9,1.862,48.92,4.04,-120,2.25,
2026-09-02T19:31:55,2,1.856,48.47,46.9630,25.9,1.866,49.31,4.02,-120,2.25,
2026-09-02T19:31:56,2,1.843,47.44,46.9600,25.9,1.865,49.18,4.05,-120,1.75,
2026-09-02T19:31:57,2,1.858,48.60,46.9440,25.9,1.866,49.25,4.02,-120,2.75,
2026-09-02T19:31:59,2,1.843,47.44,46.9520,25.9,1.861,48.86,4.04,-119,2.50,
2026-09-02T19:32:00,2,1.842,47.38,46.9400,25.9,1.862,48.99,4.04,-120,2.50,
2026-09-02T19:32:01,2,1.861,48.86,46.9460,25.9,1.865,49.18,4.02,-120,2.50,
2026-09-02T19:32:02,2,1.844,47.50,46.9440,25.9,1.865,49.18,4.04,-120,2.00,
2026-09-02T19:32:03,2,1.861,48.86,46.9460,25.9,1.870,49.63,4.01,-120,2.00,
2026-09-02T19:32:04,2,1.856,48.47,46.9440,25.9,1.864,49.12,4.02,-120,2.25,
2026-09-02T19:32:05,2,1.845,47.63,46.9340,25.9,1.862,48.99,4.04,-120,2.25,
2026-09-02T19:32:06,2,1.861,48.86,46.9250,25.9,1.864,49.12,4.01,-120,2.50,
2026-09-02T19:32:07,2,1.843,47.44,46.9320,25.9,1.863,49.05,4.03,-120,2.50,
2026-09-02T19:32:08,2,1.843,47.44,46.9330,25.9,1.862,48.92,4.04,-120,2.75,
2026-09-02T19:32:09,2,1.857,48.54,46.9310,25.9,1.864,49.12,4.02,-120,2.25,
2026-09-02T19:32:11,2,1.843,47.44,46.9240,25.9,1.861,48.86,4.04,-120,1.75,
2026-09-02T19:32:12,2,1.860,48.79,46.9220,25.9,1.862,48.99,4.03,-120,2.00,
2026-09-02T19:32:13,2,1.858,48.60,46.9160,25.9,1.864,49.12,4.01,-120,1.75,
2026-09-02T19:32:14,2,1.841,47.31,46.9210,25.9,1.865,49.18,4.04,-120,2.50,
2026-09-02T19:32:15,2,1.860,48.79,46.9230,25.9,1.866,49.31,4.01,-120,2.00,
2026-09-02T19:32:16,2,1.844,47.50,46.9210,25.9,1.864,49.12,4.03,-120,2.50,
2026-09-02T19:32:17,2,1.843,47.44,46.9340,25.9,1.861,48.86,4.04,-120,2.25,
2026-09-02T19:32:18,2,1.858,48.60,46.9380,25.9,1.862,48.92,4.01,-120,2.25,
2026-09-02T19:32:19,2,1.843,47.44,46.9490,25.9,1.861,48.86,4.04,-120,2.25,
2026-09-02T19:32:20,2,1.861,48.86,46.9400,25.9,1.864,49.12,4.02,-120,2.00,
2026-09-02T19:32:22,2,1.859,48.73,46.9460,25.9,1.865,49.18,4.02,-120,2.00,
2026-09-02T19:32:23,2,1.841,47.31,46.9550,25.9,1.865,49.18,4.04,-120,2.25,
2026-09-02T19:32:24,2,1.862,48.92,46.9730,25.9,1.864,49.12,4.01,-120,2.25,
2026-09-02T19:32:25,2,1.845,47.57,46.9830,25.9,1.864,49.12,4.04,-120,1.75,
2026-09-02T19:32:26,2,1.843,47.44,46.9830,25.9,1.862,48.99,4.04,-120,2.00,
2026-09-02T19:32:27,2,1.862,48.99,46.9840,25.9,1.864,49.12,4.01,-120,2.50,
2026-09-02T19:32:28,2,1.845,47.57,46.9810,25.9,1.862,48.99,4.04,-120,2.25,
2026-09-02T19:32:29,2,1.865,49.18,46.9880,25.9,1.865,49.18,4.03,-120,2.00,
2026-09-02T19:32:30,2,1.858,48.60,46.9930,25.9,1.872,49.76,4.02,-120,2.25,
2026-09-02T19:32:31,2,1.847,47.76,47.0010,25.9,1.864,49.12,4.05,-120,2.00,
2026-09-02T19:32:32,2,1.861,48.86,46.9990,25.9,1.869,49.50,4.01,-120,2.25,
2026-09-02T19:32:34,2,1.845,47.57,46.9990,25.9,1.864,49.12,4.03,-120,2.25,
2026-09-02T19:32:35,2,1.846,47.70,47.0010,25.9,1.862,48.99,4.04,-120,2.50,
2026-09-02T19:32:36,2,1.858,48.67,46.9960,25.9,1.870,49.63,4.02,-120,2.00,
2026-09-02T19:32:37,2,1.845,47.57,47.0000,25.9,1.864,49.12,4.03,-120,2.50,
2026-09-02T19:32:38,2,1.862,48.99,46.9990,25.9,1.864,49.12,4.02,-120,2.25,
2026-09-02T19:32:39,2,1.857,48.54,46.9890,25.9,1.866,49.25,4.02,-120,2.25,
2026-09-02T19:32:41,2,1.857,48.54,46.9860,25.9,1.862,48.99,4.03,-120,2.00,
2026-09-02T19:32:42,2,1.845,47.57,46.9890,25.9,1.865,49.18,4.02,-120,2.00,
2026-09-02T19:32:43,2,1.845,47.63,46.9790,25.9,1.862,48.92,4.05,-120,2.25,
2026-09-02T19:32:44,2,1.859,48.73,46.9840,25.9,1.865,49.18,4.01,-120,2.25,
2026-09-02T19:32:47,2,1.845,47.57,46.9690,25.9,1.862,48.92,4.04,-120,2.00,
2026-09-02T19:32:48,2,1.858,48.67,46.9620,25.9,1.853,48.21,4.01,-120,2.00,
2026-09-02T19:32:49,2,1.841,47.31,46.9670,25.9,1.861,48.86,4.04,-120,2.00,
2026-09-02T19:32:50,2,1.859,48.73,46.9680,25.9,1.863,49.05,4.02,-120,2.00,
2026-09-02T19:32:52,2,1.845,47.57,46.9660,25.9,1.862,48.99,4.04,-121,1.75,
2026-09-02T19:32:53,2,1.861,48.86,46.9780,25.9,1.870,49.63,4.01,-120,2.25,
2026-09-02T19:32:54,2,1.845,47.63,46.9810,25.9,1.864,49.12,4.03,-120,2.00,
2026-09-02T19:32:55,2,1.842,47.38,46.9890,25.9,1.865,49.18,4.04,-120,2.25,
2026-09-02T19:32:56,2,1.859,48.73,46.9850,25.9,1.866,49.25,4.01,-120,2.25,
2026-09-02T19:32:58,2,1.843,47.44,46.9790,25.9,1.861,48.86,4.03,-120,1.75,
2026-09-02T19:32:59,2,1.856,48.47,46.9740,25.9,1.863,49.05,4.02,-120,1.75,
2026-09-02T19:33:00,2,1.849,47.89,46.9970,25.9,1.867,49.37,4.01,-120,2.00,
2026-09-02T19:33:01,2,1.845,47.57,46.9920,25.9,1.863,49.05,4.04,-120,2.00,
2026-09-02T19:33:02,2,1.857,48.54,46.9930,25.9,1.865,49.18,4.03,-120,2.00,
2026-09-02T19:33:03,2,1.845,47.57,46.9940,25.9,1.862,48.99,4.03,-120,2.25,
2026-09-02T19:33:04,2,1.843,47.44,46.9990,25.9,1.863,49.05,4.05,-120,1.75,
2026-09-02T19:33:05,2,1.857,48.54,47.0120,25.9,1.871,49.70,4.01,-120,2.25,
2026-09-02T19:33:06,2,1.845,47.63,47.0230,25.9,1.863,49.05,4.03,-120,2.25,
2026-09-02T19:33:07,2,1.861,48.86,47.0320,25.9,1.865,49.18,4.03,-120,2.25,
2026-09-02T19:33:09,2,1.858,48.67,47.0300,25.9,1.864,49.12,4.02,-120,2.00,
2026-09-02T19:33:10,2,1.845,47.57,47.0390,25.9,1.858,48.67,4.04,-121,1.75,
2026-09-02T19:33:11,2,1.861,48.86,47.0350,25.9,1.867,49.37,4.03,-120,2.00,
2026-09-02T19:33:12,2,1.845,47.57,47.0430,25.9,1.865,49.18,4.03,-120,2.25,
2026-09-02T19:33:13,2,1.841,47.31,47.0250,25.9,1.865,49.18,4.04,-120,2.00,
2026-09-02T19:33:14,2,1.861,48.86,47.0180,25.9,1.865,49.18,4.01,-120,2.00,
2026-09-02T19:33:15,2,1.846,47.70,47.0170,25.9,1.864,49.12,4.03,-120,2.00,
2026-09-02T19:33:16,2,1.861,48.86,47.0170,25.9,1.863,49.05,4.03,-120,1.75,
2026-09-02T19:33:17,2,1.875,50.02,47.0250,25.9,1.864,49.12,4.01,-120,2.25,
2026-09-02T19:33:18,2,1.844,47.50,47.0250,25.9,1.862,48.92,4.05,-120,1.75,
2026-09-02T19:33:19,2,1.860,48.79,47.0140,25.9,1.867,49.37,4.03,-120,2.00,
2026-09-02T19:33:21,2,1.843,47.44,47.0060,25.9,1.865,49.18,4.03,-120,2.00,
2026-09-02T19:33:22,2,1.841,47.31,47.0070,25.9,1.871,49.70,4.04,-120,2.25,
2026-09-02T19:33:23,2,1.859,48.73,47.0090,25.9,1.865,49.18,4.01,-120,2.25,
2026-09-02T19:33:24,2,1.845,47.63,47.0060,25.9,1.864,49.12,4.03,-120,2.25,
2026-09-02T19:33:25,2,1.862,48.99,46.9890,25.9,1.863,49.05,4.02,-121,2.25,
2026-09-02T19:33:26,2,1.859,48.73,46.9730,25.9,1.867,49.37,4.01,-120,2.00,
2026-09-02T19:33:27,2,1.843,47.44,46.9620,25.9,1.861,48.86,4.05,-120,2.25,
2026-09-02T19:33:28,2,1.861,48.86,46.9540,25.9,1.866,49.25,4.02,-120,1.75,
2026-09-02T19:33:29,2,1.846,47.70,46.9450,25.9,1.867,49.37,4.03,-120,2.00,
2026-09-02T19:33:30,2,1.843,47.44,46.9460,25.9,1.865,49.18,4.05,-120,2.00,
2026-09-02T19:33:31,2,1.857,48.54,46.9450,25.9,1.862,48.99,4.03,-120,2.00,
2026-09-02T19:33:33,2,1.848,47.83,46.9430,25.9,1.863,49.05,4.03,-120,2.00,
2026-09-02T19:33:34,2,1.845,47.57,46.9510,25.9,1.865,49.18,4.04,-120,2.25,
2026-09-02T19:33:35,2,1.859,48.73,46.9520,25.9,1.866,49.25,4.02,-120,1.75,
2026-09-02T19:33:36,2,1.846,47.70,46.9490,25.9,1.862,48.92,4.03,-120,2.00,
2026-09-02T19:33:38,2,1.859,48.73,46.9510,25.9,1.866,49.25,4.01,-120,1.75,
2026-09-02T19:33:39,2,1.844,47.50,46.9490,25.9,1.862,48.99,4.04,-121,2.25,
2026-09-02T19:33:40,2,1.858,48.67,46.9540,25.9,1.862,48.92,4.03,-121,2.00,
2026-09-02T19:33:41,2,1.844,47.50,46.9620,25.9,1.862,48.99,4.03,-120,2.00,
2026-09-02T19:33:43,2,1.862,48.92,46.9520,25.9,1.865,49.18,4.01,-120,1.75,
2026-09-02T19:33:45,2,1.844,47.50,46.9530,25.9,1.862,48.99,4.03,-120,2.00,
2026-09-02T19:33:46,2,1.862,48.92,46.9660,25.9,1.864,49.12,4.02,-120,2.00,
2026-09-02T19:33:47,2,1.857,48.54,46.9730,25.9,1.862,48.99,4.01,-121,2.25,
2026-09-02T19:33:49,2,1.858,48.60,46.9780,25.9,1.863,49.05,4.03,-120,2.00,
2026-09-02T19:33:50,2,1.845,47.63,46.9790,25.9,1.870,49.63,4.03,-120,2.25,
2026-09-02T19:33:51,2,1.844,47.50,46.9690,25.9,1.862,48.92,4.04,-120,1.75,
2026-09-02T19:33:52,2,1.858,48.60,46.9610,25.9,1.870,49.63,4.01,-120,2.50,
2026-09-02T19:33:54,2,1.851,48.08,46.9560,25.9,1.864,49.12,4.02,-120,2.00,
2026-09-02T19:33:56,2,1.858,48.60,46.9650,25.9,1.865,49.18,4.02,-120,2.50,
2026-09-02T19:33:57,2,1.844,47.50,46.9560,25.9,1.862,48.99,4.04,-120,2.00,
2026-09-02T19:33:58,2,1.858,48.60,46.9410,25.9,1.866,49.25,4.03,-120,2.25,
2026-09-02T19:33:59,2,1.843,47.44,46.9380,25.9,1.864,49.12,4.03,-120,2.75,
2026-09-02T19:34:00,2,1.844,47.50,46.9370,25.9,1.864,49.12,4.05,-120,2.25,
2026-09-02T19:34:01,2,1.857,48.54,46.9350,25.9,1.868,49.44,4.02,-120,2.25,
2026-09-02T19:34:02,2,1.845,47.57,46.9340,25.9,1.865,49.18,4.03,-120,2.25,
2026-09-02T19:34:03,2,1.861,48.86,46.9370,25.9,1.864,49.12,4.03,-120,2.25,
2026-09-02T19:34:04,2,1.856,48.47,46.9340,25.9,1.866,49.25,4.01,-120,2.50,
2026-09-02T19:34:05,2,1.843,47.44,46.9240,25.9,1.864,49.12,4.03,-120,1.75,
2026-09-02T19:34:06,2,1.858,48.67,46.9210,25.9,1.864,49.12,4.03,-120,2.00,
2026-09-02T19:34:08,2,1.845,47.63,46.9240,25.9,1.867,49.37,4.03,-120,2.00,
2026-09-02T19:34:09,2,1.844,47.50,46.9210,25.9,1.860,48.79,4.04,-120,2.00,
2026-09-02T19:34:10,2,1.854,48.34,46.9210,25.9,1.868,49.44,4.03,-120,2.25,
2026-09-02T19:34:11,2,1.845,47.57,46.9270,25.9,1.866,49.25,4.03,-120,1.75,
2026-09-02T19:34:12,2,1.853,48.28,46.9280,25.9,1.866,49.25,4.04,-120,2.00,
2026-09-02T19:34:13,2,1.858,48.67,46.9310,25.9,1.866,49.31,4.02,-120,2.25,
2026-09-02T19:34:14,2,1.842,47.38,46.9270,25.9,1.859,48.73,4.03,-120,2.25,
2026-09-02T19:34:15,2,1.860,48.79,46.9290,25.9,1.862,48.92,4.03,-120,2.25,
2026-09-02T19:34:16,2,1.856,48.47,46.9360,25.9,1.868,49.44,4.01,-121,2.00,
2026-09-02T19:34:17,2,1.838,47.05,46.9410,25.9,1.861,48.86,4.04,-120,2.25,
2026-09-02T19:34:18,2,1.858,48.67,46.9400,25.9,1.863,49.05,4.03,-120,2.00,
2026-09-02T19:34:20,2,1.845,47.63,46.9430,25.9,1.861,48.86,4.03,-120,1.75,
2026-09-02T19:34:21,2,1.844,47.50,46.9500,25.9,1.862,48.99,4.04,-120,2.25,
2026-09-02T19:34:22,2,1.868,49.44,46.9470,25.9,1.869,49.50,4.01,-120,2.25,
2026-09-02T19:34:23,2,1.845,47.63,46.9400,25.9,1.864,49.12,4.03,-120,1.75,
2026-09-02T19:34:24,2,1.860,48.79,46.9370,25.9,1.862,48.99,4.02,-121,2.25,
2026-09-02T19:34:25,2,1.858,48.67,46.9480,25.9,1.863,49.05,4.02,-120,2.25,
2026-09-02T19:34:26,2,1.841,47.31,46.9500,25.9,1.863,49.05,4.04,-120,2.00,
2026-09-02T19:34:27,2,1.858,48.60,46.9500,25.9,1.864,49.12,4.03,-120,1.75,
2026-09-02T19:34:28,2,1.846,47.70,46.9460,25.9,1.864,49.12,4.03,-120,2.00,
2026-09-02T19:34:29,2,1.845,47.63,46.9480,25.9,1.862,48.99,4.04,-120,2.00,
2026-09-02T19:34:30,2,1.860,48.79,46.9470,25.9,1.869,49.50,4.01,-120,2.00,
2026-09-02T19:34:32,2,1.842,47.38,46.9480,25.9,1.863,49.05,4.03,-120,1.50,
2026-09-02T19:34:33,2,1.859,48.73,46.9510,25.9,1.862,48.92,4.02,-120,2.00,
2026-09-02T19:34:35,2,1.843,47.44,46.9250,25.9,1.862,48.99,4.04,-120,2.00,
2026-09-02T19:34:36,2,1.857,48.54,46.9280,25.9,1.865,49.18,4.03,-120,2.00,
2026-09-02T19:34:37,2,1.841,47.31,46.9330,25.9,1.868,49.44,4.03,-120,2.00,
2026-09-02T19:34:38,2,1.841,47.25,46.9310,25.9,1.861,48.86,4.04,-120,2.50,
2026-09-02T19:34:40,2,1.844,47.50,46.9090,25.9,1.864,49.12,4.03,-120,1.75,
2026-09-02T19:34:41,2,1.876,50.08,46.9060,25.9,1.861,48.86,4.03,-120,2.25,
2026-09-02T19:34:42,2,1.857,48.54,46.9080,25.9,1.866,49.25,4.02,-121,2.00,
2026-09-02T19:34:44,2,1.843,47.44,46.9100,25.9,1.865,49.18,4.03,-120,2.00,
2026-09-02T19:34:46,2,1.844,47.50,46.9140,25.9,1.866,49.31,4.03,-120,2.25,
2026-09-02T19:34:47,2,1.842,47.38,46.9130,25.9,1.862,48.92,4.04,-120,2.25,
2026-09-02T19:34:48,2,1.857,48.54,46.9210,25.9,1.863,49.05,4.03,-120,2.25,
2026-09-02T19:34:49,2,1.842,47.38,46.9190,25.9,1.862,48.92,4.03,-120,2.00,
2026-09-02T19:34:51,2,1.856,48.47,46.9090,25.9,1.863,49.05,4.01,-120,2.50,
2026-09-02T19:34:52,2,1.841,47.31,46.9160,25.9,1.863,49.05,4.03,-120,2.25,
2026-09-02T19:34:53,2,1.858,48.67,46.9210,25.9,1.863,49.05,4.03,-120,2.00,
2026-09-02T19:34:55,2,1.845,47.57,46.9270,25.9,1.862,48.99,4.03,-120,1.75,
2026-09-02T19:34:56,2,1.842,47.38,46.9340,25.9,1.863,49.05,4.04,-120,2.50,
2026-09-02T19:34:57,2,1.857,48.54,46.9220,25.9,1.862,48.92,4.03,-120,2.00,
2026-09-02T19:34:58,2,1.843,47.44,46.9210,25.9,1.863,49.05,4.03,-120,1.75,
2026-09-02T19:34:59,2,1.842,47.38,46.9310,25.9,1.862,48.99,4.04,-120,2.00,
2026-09-02T19:35:00,2,1.859,48.73,46.9410,25.9,1.866,49.31,4.01,-120,2.00,
2026-09-02T19:35:01,2,1.844,47.50,46.9430,25.9,1.866,49.25,4.03,-120,2.00,
2026-09-02T19:35:02,2,1.858,48.67,46.9300,25.9,1.865,49.18,4.03,-120,2.50,
2026-09-02T19:35:03,2,1.858,48.60,46.9400,25.9,1.868,49.44,4.01,-120,2.25,
2026-09-02T19:35:04,2,1.846,47.70,46.9470,25.9,1.862,48.92,4.04,-120,1.75,
2026-09-02T19:35:05,2,1.857,48.54,46.9520,25.9,1.863,49.05,4.02,-120,2.00,
2026-09-02T19:35:07,2,1.838,47.05,46.9450,25.9,1.868,49.44,4.03,-120,2.00,
2026-09-02T19:35:08,2,1.843,47.44,46.9480,25.9,1.863,49.05,4.04,-120,2.25,
2026-09-02T19:35:09,2,1.857,48.54,46.9490,25.9,1.869,49.50,4.01,-121,2.00,
2026-09-02T19:35:10,2,1.846,47.70,46.9510,25.9,1.863,49.05,4.03,-120,2.00,
2026-09-02T19:35:11,2,1.856,48.47,46.9570,25.9,1.863,49.05,4.02,-120,2.25,
2026-09-02T19:35:12,2,1.857,48.54,46.9580,25.9,1.864,49.12,4.01,-120,2.25,
2026-09-02T19:35:13,2,1.847,47.76,46.9490,25.9,1.863,49.05,4.04,-120,1.75,
2026-09-02T19:35:14,2,1.859,48.73,46.9510,25.9,1.867,49.37,4.03,-120,2.00,
2026-09-02T19:35:15,2,1.837,46.99,46.9430,25.9,1.862,48.92,4.03,-120,1.75,
2026-09-02T19:35:16,2,1.843,47.44,46.9510,25.9,1.863,49.05,4.05,-120,1.75,
2026-09-02T19:35:17,2,1.857,48.54,46.9510,25.9,1.865,49.18,4.03,-120,2.00,
2026-09-02T19:35:19,2,1.843,47.44,46.9490,25.9,1.862,48.99,4.03,-120,2.50,
2026-09-02T19:35:20,2,1.861,48.86,46.9440,25.9,1.863,49.05,4.03,-120,2.25,
2026-09-02T19:35:22,2,1.843,47.44,46.9370,25.9,1.863,49.05,4.03,-120,2.00,
2026-09-02T19:35:23,2,1.853,48.28,46.9390,25.9,1.863,49.05,4.03,-120,2.25,
2026-09-02T19:35:24,2,1.845,47.63,46.9310,25.9,1.866,49.31,4.03,-121,2.00,
2026-09-02T19:35:25,2,1.841,47.31,46.9330,25.9,1.861,48.86,4.04,-120,2.25,
2026-09-02T19:35:26,2,1.857,48.54,46.9290,25.9,1.862,48.99,4.03,-120,2.00,
2026-09-02T19:35:27,2,1.844,47.50,46.9290,25.9,1.862,48.99,4.03,-120,2.25,
2026-09-02T19:35:28,2,1.861,48.86,46.9190,25.9,1.864,49.12,4.02,-120,2.25,
2026-09-02T19:35:29,2,1.861,48.86,46.9120,25.9,1.867,49.37,4.01,-120,2.25,
2026-09-02T19:35:31,2,1.844,47.50,46.9270,25.9,1.858,48.60,4.00,-113,3.00,
2026-09-02T19:35:32,2,1.858,48.60,46.9280,25.9,1.862,48.99,4.02,-120,2.25,
2026-09-02T19:35:33,2,1.843,47.44,46.9360,25.9,1.869,49.50,4.03,-120,2.25,
2026-09-02T19:35:34,2,1.841,47.31,46.9320,25.9,1.862,48.92,4.04,-120,2.00,
2026-09-02T19:35:35,2,1.857,48.54,46.9340,25.9,1.864,49.12,4.03,-120,2.00,
2026-09-02T19:35:37,2,1.862,48.99,46.9410,25.9,1.864,49.12,4.02,-120,1.75,
2026-09-02T19:35:38,2,1.857,48.54,46.9500,25.9,1.867,49.37,4.01,-120,2.25,
2026-09-02T19:35:39,2,1.843,47.44,46.9450,25.9,1.865,49.18,4.01,-120,1.50,
2026-09-02T19:35:40,2,1.859,48.73,46.9420,25.9,1.865,49.18,4.03,-120,2.00,
2026-09-02T19:35:43,2,1.844,47.50,46.9490,25.9,1.861,48.86,4.04,-120,2.00,
2026-09-02T19:35:44,2,1.857,48.54,46.9440,25.9,1.860,48.79,4.03,-120,2.25,
2026-09-02T19:35:45,2,1.840,47.18,46.9330,25.9,1.865,49.18,4.03,-120,2.25,
2026-09-02T19:35:46,2,1.862,48.92,46.9410,25.9,1.864,49.12,4.03,-120,2.25,
2026-09-02T19:35:48,2,1.845,47.63,46.9360,25.9,1.863,49.05,4.03,-120,2.00,
2026-09-02T19:35:49,2,1.861,48.86,46.9350,25.9,1.865,49.18,4.01,-120,2.50,
2026-09-02T19:35:50,2,1.844,47.50,46.9400,25.9,1.865,49.18,4.03,-120,2.00,
2026-09-02T19:35:51,2,1.845,47.63,46.9420,25.9,1.866,49.25,4.03,-120,1.75,
2026-09-02T19:35:52,2,1.858,48.67,46.9380,25.9,1.864,49.12,4.03,-120,2.00,
2026-09-02T19:35:54,2,1.844,47.50,46.9360,25.9,1.863,49.05,4.03,-120,2.00,
2026-09-02T19:35:55,2,1.842,47.38,46.9350,25.9,1.861,48.86,4.04,-120,2.00,
2026-09-02T19:35:56,2,1.846,47.70,46.9350,25.9,1.864,49.12,4.03,-121,2.50,
2026-09-02T19:35:57,2,1.844,47.50,46.9280,25.9,1.864,49.12,4.03,-120,2.25,
2026-09-02T19:35:58,2,1.858,48.60,46.9250,25.9,1.862,48.99,4.02,-120,2.00,
2026-09-02T19:35:59,2,1.860,48.79,46.9280,25.9,1.865,49.18,4.01,-120,2.25,
2026-09-02T19:36:00,2,1.844,47.50,46.9280,25.9,1.864,49.12,4.03,-120,2.25,
2026-09-02T19:36:01,2,1.860,48.79,46.9210,25.9,1.876,50.08,4.03,-120,2.00,
2026-09-02T19:36:02,2,1.844,47.50,46.9240,25.9,1.866,49.25,4.03,-120,2.25,
2026-09-02T19:36:03,2,1.834,46.73,46.9290,25.9,1.862,48.92,4.04,-120,2.25,
2026-09-02T19:36:04,2,1.855,48.41,46.9290,25.9,1.862,48.92,4.03,-120,2.00,
2026-09-02T19:36:06,2,1.844,47.50,46.9290,25.9,1.862,48.92,4.03,-120,2.00,
2026-09-02T19:36:08,2,1.858,48.60,46.9140,25.9,1.870,49.63,4.01,-120,2.00,
2026-09-02T19:36:09,2,1.843,47.44,46.9330,25.9,1.864,49.12,4.03,-120,2.25,
2026-09-02T19:36:10,2,1.858,48.60,46.9350,25.9,1.862,48.99,4.03,-120,1.75,
2026-09-02T19:36:11,2,1.843,47.44,46.9370,25.9,1.865,49.18,4.03,-120,1.75,
2026-09-02T19:36:12,2,1.841,47.25,46.9340,25.9,1.862,48.92,4.04,-120,2.00,
2026-09-02T19:36:13,2,1.858,48.60,46.9260,25.9,1.866,49.25,4.03,-120,1.75,
2026-09-02T19:36:14,2,1.847,47.76,46.9310,25.9,1.865,49.18,4.03,-120,2.00,
2026-09-02T19:36:15,2,1.862,48.92,46.9300,25.9,1.864,49.12,4.03,-120,1.75,
2026-09-02T19:36:16,2,1.861,48.86,46.9380,25.9,1.865,49.18,4.01,-120,1.50,
2026-09-02T19:36:18,2,1.843,47.44,46.9360,25.9,1.864,49.12,4.03,-120,2.25,
2026-09-02T19:36:19,2,1.858,48.67,46.9310,25.9,1.863,49.05,4.02,-120,2.00,
2026-09-02T19:36:20,2,1.844,47.50,46.9460,25.9,1.865,49.18,4.02,-120,2.00,
2026-09-02T19:36:21,2,1.845,47.63,46.9490,25.9,1.866,49.25,4.03,-120,2.25,
2026-09-02T19:36:22,2,1.862,48.99,46.9520,25.9,1.865,49.18,4.03,-120,1.50,
2026-09-02T19:36:23,2,1.844,47.50,46.9460,25.9,1.868,49.44,4.03,-120,2.00,
2026-09-02T19:36:24,2,1.862,48.99,46.9540,25.9,1.862,48.99,4.02,-120,2.00,
2026-09-02T19:36:25,2,1.860,48.79,46.9570,25.9,1.863,49.05,4.03,-120,2.00,
2026-09-02T19:36:26,2,1.841,47.31,46.9760,25.9,1.864,49.12,4.03,-120,2.00,
2026-09-02T19:36:27,2,1.857,48.54,46.9840,25.9,1.867,49.37,4.03,-120,1.75,
2026-09-02T19:36:29,2,1.846,47.70,46.9820,25.9,1.864,49.12,4.02,-120,2.00,
2026-09-02T19:36:30,2,1.842,47.38,46.9710,25.9,1.863,49.05,4.03,-120,2.25,
2026-09-02T19:36:31,2,1.858,48.60,46.9730,25.9,1.864,49.12,4.03,-120,2.00,
2026-09-02T19:36:32,2,1.841,47.31,46.9520,25.9,1.864,49.12,4.03,-120,2.00,
2026-09-02T19:36:34,2,1.872,49.76,46.9630,25.9,1.862,48.92,4.03,-120,2.25,
2026-09-02T19:36:35,2,1.843,47.44,46.9690,25.9,1.866,49.31,4.02,-120,2.25,
2026-09-02T19:36:36,2,1.850,48.02,46.9690,25.9,1.858,48.67,4.03,-120,2.00,
2026-09-02T19:36:37,2,1.845,47.57,46.9800,25.9,1.865,49.18,4.02,-120,1.50,
2026-09-02T19:36:39,2,1.858,48.60,46.9790,25.9,1.865,49.18,4.03,-120,2.00,
2026-09-02T19:36:41,2,1.844,47.50,46.9720,25.9,1.863,49.05,4.03,-120,2.00,
2026-09-02T19:36:42,2,1.862,48.99,46.9660,25.9,1.862,48.92,4.02,-121,2.00,
2026-09-02T19:36:43,2,1.858,48.67,46.9620,25.9,1.864,49.12,4.03,-120,2.25,
2026-09-02T19:36:45,2,1.861,48.86,46.9410,25.9,1.862,48.92,4.03,-120,2.50,
2026-09-02T19:36:46,2,1.847,47.76,46.9400,25.9,1.864,49.12,4.03,-120,2.00,
2026-09-02T19:36:47,2,1.845,47.57,46.9410,25.9,1.865,49.18,4.03,-120,2.25,
2026-09-02T19:36:48,2,1.856,48.47,46.9540,25.9,1.862,48.99,4.03,-120,2.50,
2026-09-02T19:36:49,2,1.845,47.57,46.9570,25.9,1.862,48.99,4.03,-120,1.75,
2026-09-02T19:36:50,2,1.845,47.63,46.9470,25.9,1.864,49.12,4.03,-120,1.75,
2026-09-02T19:36:51,2,1.858,48.60,46.9450,25.9,1.862,48.92,4.03,-120,2.25,
2026-09-02T19:36:53,2,1.844,47.50,46.9580,25.9,1.863,49.05,4.03,-120,1.75,
2026-09-02T19:36:54,2,1.858,48.67,46.9670,25.9,1.862,48.99,4.03,-120,2.25,
2026-09-02T19:36:55,2,1.855,48.41,46.9640,25.9,1.862,48.92,4.03,-120,1.75,
2026-09-02T19:36:56,2,1.844,47.50,46.9510,25.9,1.863,49.05,4.03,-120,1.75,
2026-09-02T19:36:57,2,1.858,48.60,46.9360,25.9,1.862,48.99,4.03,-120,2.25,
2026-09-02T19:36:58,2,1.845,47.63,46.9270,25.9,1.866,49.25,4.02,-120,2.25,
2026-09-02T19:36:59,2,1.845,47.57,46.9340,25.9,1.865,49.18,4.03,-120,2.00,
2026-09-02T19:37:00,2,1.860,48.79,46.9390,25.9,1.864,49.12,4.03,-120,1.75,
2026-09-02T19:37:01,2,1.845,47.63,46.9510,25.9,1.863,49.05,4.02,-120,2.00,
2026-09-02T19:37:02,2,1.861,48.86,46.9530,25.9,1.864,49.12,4.02,-120,2.00,
2026-09-02T19:37:03,2,1.856,48.47,46.9570,25.9,1.862,48.99,4.03,-120,2.00,
2026-09-02T19:37:05,2,1.852,48.15,46.9590,25.9,1.862,48.99,4.03,-120,2.00,
2026-09-02T19:37:06,2,1.858,48.60,46.9560,25.9,1.865,49.18,4.03,-120,2.25,
2026-09-02T19:37:07,2,1.845,47.63,46.9500,25.9,1.862,48.99,4.03,-120,2.25,
2026-09-02T19:37:08,2,1.838,47.05,46.9480,25.9,1.866,49.25,4.03,-120,2.25,
2026-09-02T19:37:09,2,1.858,48.67,46.9440,25.9,1.862,48.99,4.03,-120,2.25,
2026-09-02T19:37:11,2,1.861,48.86,46.9480,25.9,1.863,49.05,4.02,-120,2.00,
2026-09-02T19:37:12,2,1.858,48.60,46.9430,25.9,1.863,49.05,4.03,-120,2.00,
2026-09-02T19:37:13,2,1.844,47.50,46.9430,25.9,1.868,49.44,4.03,-120,2.25,
2026-09-02T19:37:14,2,1.857,48.54,46.9470,25.9,1.864,49.12,4.03,-120,1.75,
2026-09-02T19:37:16,2,1.845,47.63,46.9360,25.9,1.863,49.05,4.02,-120,2.00,
2026-09-02T19:37:17,2,1.843,47.44,46.9440,25.9,1.867,49.37,4.02,-120,2.25,
2026-09-02T19:37:18,2,1.858,48.60,46.9390,25.9,1.863,49.05,4.03,-120,2.00,
2026-09-02T19:37:19,2,1.842,47.38,46.9240,25.9,1.860,48.79,4.03,-120,2.00,
2026-09-02T19:37:20,2,1.859,48.73,46.9240,25.9,1.863,49.05,4.02,-120,2.25,
2026-09-02T19:37:21,2,1.856,48.47,46.9210,25.9,1.862,48.92,4.03,-120,2.00,
2026-09-02T19:37:22,2,1.845,47.57,46.9200,25.9,1.864,49.12,4.03,-120,2.25,
2026-09-02T19:37:23,2,1.858,48.60,46.9200,25.9,1.862,48.99,4.02,-120,2.00,
2026-09-02T19:37:24,2,1.841,47.31,46.9220,25.9,1.862,48.92,4.04,-121,2.25,
2026-09-02T19:37:25,2,1.842,47.38,46.9290,25.9,1.870,49.63,4.03,-120,2.25,
2026-09-02T19:37:26,2,1.859,48.73,46.9280,25.9,1.863,49.05,4.02,-120,2.00,
2026-09-02T19:37:28,2,1.843,47.44,46.9290,25.9,1.869,49.50,4.03,-120,2.00,
2026-09-02T19:37:29,2,1.867,49.37,46.9150,25.9,1.865,49.18,4.01,-120,2.00,
2026-09-02T19:37:31,2,1.844,47.50,46.9140,25.9,1.861,48.86,4.03,-120,2.25,
2026-09-02T19:37:32,2,1.859,48.73,46.9230,25.9,1.862,48.99,4.03,-120,2.00,
2026-09-02T19:37:33,2,1.844,47.50,46.9190,25.9,1.860,48.79,4.04,-120,2.25,
2026-09-02T19:37:34,2,1.845,47.57,46.9200,25.9,1.864,49.12,4.03,-120,2.00,
2026-09-02T19:37:36,2,1.846,47.70,46.9250,25.9,1.865,49.18,4.02,-120,2.00,
2026-09-02T19:37:37,2,1.862,48.99,46.9400,25.9,1.855,48.41,4.01,-120,1.75,
2026-09-02T19:37:38,2,1.855,48.41,46.9360,25.9,1.864,49.12,4.03,-120,2.25,
2026-09-02T19:37:40,2,1.848,47.83,46.9460,25.9,1.864,49.12,4.03,-120,2.50,
2026-09-02T19:37:42,2,1.841,47.31,46.9290,25.9,1.862,48.99,4.04,-120,2.25,
2026-09-02T19:37:43,2,1.839,47.12,46.9370,25.9,1.865,49.18,4.03,-120,2.25,
2026-09-02T19:37:44,2,1.858,48.67,46.9390,25.9,1.862,48.99,4.03,-120,2.25,
2026-09-02T19:37:45,2,1.845,47.63,46.9370,25.9,1.866,49.31,4.02,-120,2.00,
2026-09-02T19:37:46,2,1.861,48.86,46.9410,25.9,1.866,49.31,4.02,-120,1.75,
2026-09-02T19:37:47,2,1.856,48.47,46.9360,25.9,1.864,49.12,4.03,-120,2.00,
2026-09-02T19:37:48,2,1.843,47.44,46.9500,25.9,1.864,49.12,4.02,-120,2.50,
2026-09-02T19:37:49,2,1.859,48.73,46.9560,25.9,1.865,49.18,4.02,-120,2.00,
2026-09-02T19:37:50,2,1.858,48.67,46.9590,25.9,1.863,49.05,4.03,-120,1.75,
2026-09-02T19:37:52,2,1.845,47.63,46.9600,25.9,1.863,49.05,4.03,-120,2.00,
2026-09-02T19:37:53,2,1.859,48.73,46.9460,25.9,1.864,49.12,4.03,-120,2.00,
2026-09-02T19:37:54,2,1.844,47.50,46.9470,25.9,1.874,49.95,4.04,-120,2.50,
2026-09-02T19:37:55,2,1.843,47.44,46.9540,25.9,1.868,49.44,4.03,-120,1.75,
2026-09-02T19:37:56,2,1.856,48.47,46.9530,25.9,1.862,48.92,4.03,-120,1.75,
2026-09-02T19:37:57,2,1.845,47.57,46.9480,25.9,1.862,48.99,4.02,-120,2.50,
2026-09-02T19:37:58,2,1.862,48.99,46.9570,25.9,1.864,49.12,4.01,-120,1.75,
2026-09-02T19:37:59,2,1.858,48.60,46.9570,25.9,1.866,49.25,4.03,-120,1.75,
2026-09-02T19:38:00,2,1.845,47.63,46.9740,25.9,1.863,49.05,4.03,-120,2.00,
2026-09-02T19:38:01,2,1.860,48.79,46.9720,25.9,1.863,49.05,4.03,-120,2.00,
2026-09-02T19:38:03,2,1.843,47.44,46.9760,25.9,1.862,48.99,4.04,-120,2.50,
2026-09-02T19:38:04,2,1.845,47.63,46.9680,25.9,1.863,49.05,4.02,-120,2.00,
2026-09-02T19:38:05,2,1.857,48.54,46.9670,25.9,1.861,48.86,4.03,-120,2.25,
2026-09-02T19:38:06,2,1.845,47.63,46.9540,25.9,1.863,49.05,4.02,-120,2.25,
2026-09-02T19:38:07,2,1.861,48.86,46.9520,25.9,1.865,49.18,4.01,-120,2.00,
2026-09-02T19:38:08,2,1.852,48.15,46.9380,25.9,1.865,49.18,4.03,-120,2.25,
2026-09-02T19:38:09,2,1.845,47.63,46.9410,25.9,1.861,48.86,4.03,-120,2.25,
2026-09-02T19:38:10,2,1.860,48.79,46.9380,25.9,1.862,48.99,4.03,-121,2.00,
2026-09-02T19:38:11,2,1.844,47.50,46.9370,25.9,1.861,48.86,4.04,-120,2.25,
2026-09-02T19:38:12,2,1.845,47.63,46.9430,25.9,1.866,49.25,4.03,-120,2.00,
2026-09-02T19:38:13,2,1.859,48.73,46.9390,25.9,1.862,48.92,4.03,-120,2.25,
2026-09-02T19:38:15,2,1.845,47.63,46.9390,25.9,1.861,48.86,4.02,-120,2.25,
2026-09-02T19:38:16,2,1.864,49.12,46.9280,25.9,1.865,49.18,4.01,-120,2.00,
2026-09-02T19:38:17,2,1.856,48.47,46.9290,25.9,1.861,48.86,4.03,-120,1.75,
2026-09-02T19:38:18,2,1.845,47.57,46.9290,25.9,1.863,49.05,4.03,-120,2.25,
2026-09-02T19:38:19,2,1.858,48.67,46.9260,25.9,1.863,49.05,4.01,-120,2.25,
2026-09-02T19:38:20,2,1.843,47.44,46.9240,25.9,1.861,48.86,4.04,-120,2.25,
2026-09-02T19:38:21,2,1.843,47.44,46.9280,25.9,1.862,48.99,4.03,-120,2.00,
2026-09-02T19:38:22,2,1.858,48.60,46.9250,25.9,1.863,49.05,4.03,-120,1.75,
2026-09-02T19:38:23,2,1.844,47.50,46.9170,25.9,1.860,48.79,4.04,-120,2.25,
2026-09-02T19:38:24,2,1.853,48.28,46.9170,25.9,1.862,48.99,4.01,-120,2.00,
2026-09-02T19:38:25,2,1.858,48.60,46.9370,25.9,1.864,49.12,4.03,-120,2.00,
2026-09-02T19:38:28,2,1.859,48.73,46.9340,25.9,1.866,49.31,4.01,-120,2.00,
2026-09-02T19:38:29,2,1.842,47.38,46.9370,25.9,1.857,48.54,4.04,-120,2.00,
2026-09-02T19:38:30,2,1.843,47.44,46.9380,25.9,1.866,49.25,4.03,-120,2.00,
2026-09-02T19:38:31,2,1.857,48.54,46.9370,25.9,1.861,48.86,4.02,-120,2.25,
2026-09-02T19:38:33,2,1.863,49.05,46.9350,25.9,1.864,49.12,4.01,-120,2.25,
2026-09-02T19:38:34,2,1.856,48.47,46.9310,25.9,1.862,48.99,4.03,-120,2.50,
2026-09-02T19:38:35,2,1.842,47.38,46.9350,25.9,1.864,49.12,4.02,-120,1.75,
2026-09-02T19:38:36,2,1.858,48.60,46.9380,25.9,1.866,49.25,4.01,-120,2.00,
2026-09-02T19:38:39,2,1.844,47.50,46.9300,25.9,1.866,49.31,4.02,-120,2.25,
2026-09-02T19:38:40,2,1.857,48.54,46.9350,25.9,1.866,49.25,4.03,-120,2.00,
2026-09-02T19:38:41,2,1.837,46.99,46.9130,25.9,1.863,49.05,4.04,-120,2.00,
2026-09-02T19:38:43,2,1.855,48.41,46.9270,25.9,1.862,48.99,4.03,-120,2.00,
2026-09-02T19:38:44,2,1.844,47.50,46.9250,25.9,1.868,49.44,4.02,-120,2.00,
2026-09-02T19:38:45,2,1.861,48.86,46.9180,25.9,1.866,49.25,4.01,-120,1.75,
2026-09-02T19:38:47,2,1.845,47.63,46.9280,25.9,1.869,49.50,4.02,-120,2.25,
2026-09-02T19:38:48,2,1.875,50.02,46.9290,25.9,1.866,49.25,4.01,-120,2.25,
2026-09-02T19:38:50,2,1.841,47.31,46.9300,25.9,1.861,48.86,4.04,-120,2.00,
2026-09-02T19:38:51,2,1.845,47.57,46.9300,25.9,1.862,48.99,4.03,-120,1.75,
2026-09-02T19:38:52,2,1.854,48.34,46.9320,25.9,1.866,49.25,4.03,-120,2.25,
2026-09-02T19:38:53,2,1.844,47.50,46.9300,25.9,1.860,48.79,4.04,-120,2.25,
2026-09-02T19:38:54,2,1.858,48.67,46.9230,25.9,1.862,48.99,4.01,-120,2.00,
2026-09-02T19:38:55,2,1.857,48.54,46.9110,25.9,1.862,48.99,4.03,-120,2.50,
2026-09-02T19:38:56,2,1.843,47.44,46.9020,25.9,1.864,49.12,4.02,-120,2.00,
2026-09-02T19:38:57,2,1.859,48.73,46.9150,25.9,1.865,49.18,4.01,-120,2.25,
2026-09-02T19:38:58,2,1.845,47.63,46.9070,25.9,1.862,48.99,4.04,-120,2.00,
2026-09-02T19:38:59,2,1.845,47.57,46.9190,25.9,1.863,49.05,4.02,-120,2.00,
2026-09-02T19:39:00,2,1.857,48.54,46.9310,25.9,1.862,48.99,4.03,-121,2.25,
2026-09-02T19:39:02,2,1.844,47.50,46.9270,25.9,1.861,48.86,4.04,-120,2.00,
2026-09-02T19:39:03,2,1.861,48.86,46.9130,25.9,1.868,49.44,4.01,-120,1.75,
2026-09-02T19:39:04,2,1.856,48.47,46.9100,25.9,1.862,48.99,4.03,-120,2.00,
2026-09-02T19:39:05,2,1.845,47.63,46.9060,25.9,1.862,48.92,4.02,-120,2.00,
2026-09-02T19:39:06,2,1.859,48.73,46.9060,25.9,1.866,49.25,4.01,-120,2.00,
2026-09-02T19:39:07,2,1.842,47.38,46.9080,25.9,1.862,48.99,4.04,-120,2.00,
2026-09-02T19:39:08,2,1.844,47.50,46.9110,25.9,1.863,49.05,4.03,-120,2.00,
2026-09-02T19:39:09,2,1.855,48.41,46.9180,25.9,1.864,49.12,4.03,-120,2.00,
2026-09-02T19:39:10,2,1.844,47.50,46.9130,25.9,1.856,48.47,4.04,-120,2.00,
2026-09-02T19:39:11,2,1.862,48.92,46.9160,25.9,1.865,49.18,4.01,-120,2.00,
2026-09-02T19:39:12,2,1.856,48.47,46.9130,25.9,1.863,49.05,4.03,-120,2.50,
2026-09-02T19:39:14,2,1.844,47.50,46.9100,25.9,1.865,49.18,4.02,-120,2.00,
2026-09-02T19:39:15,2,1.861,48.86,46.9220,25.9,1.860,48.79,4.01,-120,2.00,
2026-09-02T19:39:16,2,1.843,47.44,46.9450,25.9,1.862,48.92,4.04,-120,1.75,
2026-09-02T19:39:17,2,1.845,47.57,46.9420,25.9,1.865,49.18,4.03,-120,2.00,
2026-09-02T19:39:18,2,1.857,48.54,46.9430,25.9,1.868,49.44,4.01,-120,2.25,
2026-09-02T19:39:19,2,1.843,47.44,46.9300,25.9,1.867,49.37,4.04,-120,2.25,
2026-09-02T19:39:20,2,1.866,49.25,46.9230,25.9,1.864,49.12,4.01,-120,2.25,
2026-09-02T19:39:21,2,1.858,48.60,46.9210,25.9,1.864,49.12,4.03,-120,2.00,
2026-09-02T19:39:22,2,1.843,47.44,46.9280,25.9,1.862,48.99,4.04,-120,2.25,
2026-09-02T19:39:24,2,1.842,47.38,46.9290,25.9,1.864,49.12,4.04,-120,2.00,
2026-09-02T19:39:27,2,1.860,48.79,46.9240,25.9,1.867,49.37,4.01,-120,1.75,
2026-09-02T19:39:28,2,1.844,47.50,46.9290,25.9,1.862,48.99,4.04,-120,2.00,
2026-09-02T19:39:30,2,1.856,48.47,46.9240,25.9,1.862,48.99,4.03,-120,1.75,
2026-09-02T19:39:31,2,1.847,47.76,46.9300,25.9,1.861,48.86,4.04,-120,2.25,
2026-09-02T19:39:32,2,1.861,48.86,46.9370,25.9,1.868,49.44,4.01,-120,2.25,
2026-09-02T19:39:33,2,1.844,47.50,46.9350,25.9,1.860,48.79,4.04,-120,2.00,
2026-09-02T19:39:35,2,1.858,48.67,46.9400,25.9,1.864,49.12,4.01,-120,2.25,
2026-09-02T19:39:37,2,1.843,47.44,46.9400,25.9,1.862,48.92,4.04,-120,2.00,
2026-09-02T19:39:38,2,1.862,48.99,46.9400,25.9,1.864,49.12,4.01,-120,1.75,
2026-09-02T19:39:39,2,1.857,48.54,46.9310,25.9,1.862,48.92,4.03,-120,1.75,
2026-09-02T19:39:41,2,1.860,48.79,46.9410,25.9,1.864,49.12,4.01,-120,2.25,
2026-09-02T19:39:42,2,1.844,47.50,46.9420,25.9,1.865,49.18,4.04,-120,2.00,
2026-09-02T19:39:43,2,1.845,47.57,46.9380,25.9,1.863,49.05,4.03,-120,1.75,
2026-09-02T19:39:44,2,1.870,49.63,46.9490,25.9,1.864,49.12,4.02,-120,2.25,
2026-09-02T19:39:45,2,1.843,47.44,46.9470,25.9,1.862,48.99,4.04,-120,1.75,
2026-09-02T19:39:46,2,1.856,48.47,46.9510,25.9,1.865,49.18,4.02,-120,2.25,
2026-09-02T19:39:47,2,1.859,48.73,46.9450,25.9,1.862,48.92,4.01,-120,2.00,
2026-09-02T19:39:49,2,1.844,47.50,46.9450,25.9,1.861,48.86,4.04,-120,2.00,
2026-09-02T19:39:50,2,1.859,48.73,46.9420,25.9,1.866,49.25,4.01,-120,2.25,
2026-09-02T19:39:51,2,1.853,48.21,46.9280,25.9,1.862,48.99,4.03,-120,2.25,
2026-09-02T19:39:52,2,1.842,47.38,46.9290,25.9,1.863,49.05,4.04,-120,2.25,
2026-09-02T19:39:53,2,1.858,48.60,46.9330,25.9,1.869,49.50,4.01,-120,2.25,
2026-09-02T19:39:54,2,1.843,47.44,46.9340,25.9,1.862,48.92,4.04,-120,2.50,
2026-09-02T19:39:55,2,1.842,47.38,46.9320,25.9,1.864,49.12,4.02,-120,2.00,
2026-09-02T19:39:56,2,1.860,48.79,46.9330,25.9,1.866,49.25,4.01,-120,1.75,
2026-09-02T19:39:57,2,1.843,47.44,46.9290,25.9,1.860,48.79,4.04,-120,2.25,
2026-09-02T19:39:58,2,1.861,48.86,46.9350,25.9,1.868,49.44,4.01,-120,2.25,
2026-09-02T19:39:59,2,1.858,48.67,46.9410,25.9,1.866,49.31,4.03,-120,2.25,
2026-09-02T19:40:01,2,1.845,47.57,46.9380,25.9,1.863,49.05,4.04,-120,1.75,
2026-09-02T19:40:02,2,1.860,48.79,46.9450,25.9,1.863,49.05,4.01,-120,2.00,
2026-09-02T19:40:03,2,1.845,47.57,46.9440,25.9,1.862,48.99,4.04,-120,2.00,
2026-09-02T19:40:04,2,1.846,47.70,46.9370,25.9,1.862,48.99,4.02,-120,2.25,
2026-09-02T19:40:05,2,1.858,48.60,46.9400,25.9,1.865,49.18,4.01,-120,2.50,
2026-09-02T19:40:06,2,1.846,47.70,46.9420,25.9,1.862,48.92,4.04,-120,1.50,
2026-09-02T19:40:07,2,1.862,48.92,46.9360,25.9,1.864,49.12,4.01,-120,2.00,
2026-09-02T19:40:08,2,1.857,48.54,46.9290,25.9,1.863,49.05,4.03,-120,2.25,
2026-09-02T19:40:09,2,1.845,47.57,46.9290,25.9,1.862,48.92,4.04,-120,2.00,
2026-09-02T19:40:10,2,1.862,48.92,46.9370,25.9,1.865,49.18,4.01,-120,2.25,
2026-09-02T19:40:11,2,1.844,47.50,46.9390,25.9,1.864,49.12,4.04,-120,2.25,
2026-09-02T19:40:13,2,1.843,47.44,46.9370,25.9,1.866,49.25,4.02,-120,1.50,
2026-09-02T19:40:14,2,9.800,48.79,4.0000,7.0,1.866,49.25,4.00,-120,-1.00,
2026-09-02T19:40:15,2,1.841,47.31,46.9140,25.9,1.861,48.86,4.04,-120,2.25,
2026-09-02T19:40:16,2,1.862,48.92,46.9100,25.9,1.866,49.25,4.01,-120,1.75,
2026-09-02T19:40:17,2,1.856,48.47,46.9170,25.9,1.856,48.47,4.03,-120,1.75,
2026-09-02T19:40:18,2,1.844,47.50,46.9230,25.9,1.862,48.99,4.04,-120,2.00,
2026-09-02T19:40:19,2,1.864,49.12,46.9230,25.9,1.866,49.25,4.01,-120,2.75,
2026-09-02T19:40:21,2,1.845,47.63,46.9190,25.9,1.862,48.99,4.04,-120,2.00,
2026-09-02T19:40:22,2,1.858,48.60,46.9220,25.9,1.866,49.31,4.01,-120,1.75,
2026-09-02T19:40:23,2,1.844,47.50,46.9210,25.9,1.863,49.05,4.04,-120,2.00,
2026-09-02T19:40:25,2,1.862,48.99,46.9170,25.9,1.870,49.63,4.00,-120,1.75,
2026-09-02T19:40:27,2,1.845,47.63,46.9180,25.9,1.866,49.25,4.04,-120,2.00,
2026-09-02T19:40:28,2,1.859,48.73,46.9220,25.9,1.868,49.44,4.00,-120,2.00,
2026-09-02T19:40:29,2,1.845,47.57,46.9220,25.9,1.862,48.99,4.04,-120,1.75,
2026-09-02T19:40:30,2,1.845,47.63,46.9060,25.9,1.862,48.92,4.04,-120,2.25,
2026-09-02T19:40:32,2,1.841,47.31,46.9060,25.9,1.862,48.92,4.04,-121,2.00,
2026-09-02T19:40:33,2,1.862,48.92,46.9040,25.9,1.867,49.37,4.00,-120,2.00,
2026-09-02T19:40:34,2,1.858,48.60,46.9120,25.9,1.864,49.12,4.01,-120,2.00,
2026-09-02T19:40:36,2,1.842,47.38,46.9230,25.9,1.868,49.44,4.04,-120,2.00,
2026-09-02T19:40:38,2,1.841,47.31,46.9180,25.9,1.862,48.92,4.04,-120,2.25,
2026-09-02T19:40:39,2,1.843,47.44,46.9140,25.9,1.861,48.86,4.04,-120,2.00,
2026-09-02T19:40:40,2,1.860,48.79,46.9190,25.9,1.862,48.99,4.01,-120,1.75,
2026-09-02T19:40:41,2,1.843,47.44,46.9210,25.9,1.851,48.08,4.02,-120,2.00,
2026-09-02T19:40:42,2,1.864,49.12,46.9120,25.9,1.865,49.18,4.00,-120,2.00,
2026-09-02T19:40:43,2,1.858,48.60,46.9170,25.9,1.864,49.12,4.01,-120,2.00,
2026-09-02T19:40:44,2,1.853,48.28,46.9150,25.9,1.863,49.05,4.04,-120,2.00,
2026-09-02T19:40:45,2,1.858,48.67,46.9220,25.9,1.867,49.37,4.01,-120,2.25,
2026-09-02T19:40:46,2,1.840,47.18,46.9240,25.9,1.863,49.05,4.04,-120,2.50,
2026-09-02T19:40:48,2,1.844,47.50,46.9180,25.9,1.862,48.92,4.04,-120,2.25,
2026-09-02T19:40:49,2,1.861,48.86,46.9150,25.9,1.871,49.70,4.01,-120,2.00,
2026-09-02T19:40:50,2,1.843,47.44,46.9290,25.9,1.863,49.05,4.04,-120,2.00,
2026-09-02T19:40:51,2,1.846,47.70,46.9330,25.9,1.862,48.99,4.04,-121,2.00,
2026-09-02T19:40:52,2,1.856,48.47,46.9260,25.9,1.865,49.18,4.02,-120,2.25,
2026-09-02T19:40:53,2,1.843,47.44,46.9200,25.9,1.862,48.92,4.04,-120,2.50,
2026-09-02T19:40:54,2,1.863,49.05,46.9230,25.9,1.866,49.25,4.01,-121,2.00,
2026-09-02T19:40:55,2,1.857,48.54,46.9200,25.9,1.864,49.12,4.01,-120,2.25,
2026-09-02T19:40:56,2,1.841,47.31,46.9190,25.9,1.863,49.05,4.04,-120,1.75,
2026-09-02T19:40:57,2,1.860,48.79,46.9190,25.9,1.866,49.25,4.01,-121,2.25,
2026-09-02T19:40:58,2,1.841,47.31,46.9160,25.9,1.862,48.92,4.04,-120,2.00,
2026-09-02T19:41:00,2,1.841,47.31,46.9160,25.9,1.862,48.92,4.04,-120,2.25,
2026-09-02T19:41:01,2,1.857,48.54,46.9070,25.9,1.866,49.25,4.01,-120,2.00,
2026-09-02T19:41:02,2,1.845,47.57,46.9060,25.9,1.861,48.86,4.03,-120,2.00,
2026-09-02T19:41:03,2,1.858,48.67,46.8990,25.9,1.866,49.25,4.00,-120,2.00,
2026-09-02T19:41:04,2,1.858,48.67,46.9060,25.9,1.865,49.18,4.01,-120,2.00,
2026-09-02T19:41:05,2,1.844,47.50,46.8970,25.9,1.877,50.15,4.03,-120,2.25,
2026-09-02T19:41:06,2,1.856,48.47,46.9000,25.9,1.864,49.12,4.01,-120,2.00,
2026-09-02T19:41:07,2,1.844,47.50,46.9130,25.9,1.861,48.86,4.04,-120,2.50,
2026-09-02T19:41:08,2,1.844,47.50,46.9160,25.9,1.861,48.86,4.04,-120,2.00,
2026-09-02T19:41:09,2,1.857,48.54,46.9140,25.9,1.866,49.25,4.01,-120,2.25,
2026-09-02T19:41:10,2,1.845,47.57,46.9230,25.9,1.863,49.05,4.04,-120,2.25,
2026-09-02T19:41:12,2,1.862,48.92,46.9210,25.9,1.866,49.25,4.01,-120,2.00,
2026-09-02T19:41:13,2,1.859,48.73,46.9320,25.9,1.866,49.25,4.01,-120,2.00,
2026-09-02T19:41:14,2,1.845,47.63,46.9410,25.9,1.862,48.92,4.04,-120,2.00,
2026-09-02T19:41:15,2,1.859,48.73,46.9480,25.9,1.863,49.05,4.01,-120,2.00,
2026-09-02T19:41:16,2,1.843,47.44,46.9570,25.9,1.862,48.99,4.03,-120,2.00,
2026-09-02T19:41:18,2,1.856,48.47,46.9670,25.9,1.868,49.44,4.01,-120,2.25,
2026-09-02T19:41:19,2,1.845,47.57,46.9590,25.9,1.861,48.86,4.04,-120,1.75,
2026-09-02T19:41:20,2,1.862,48.92,46.9690,25.9,1.864,49.12,4.02,-120,2.25,
2026-09-02T19:41:21,2,1.859,48.73,46.9780,25.9,1.872,49.76,4.01,-120,2.00,
2026-09-02T19:41:24,2,1.859,48.73,46.9900,25.9,1.864,49.12,4.01,-120,2.00,
2026-09-02T19:41:25,2,1.846,47.70,46.9960,25.9,1.864,49.12,4.02,-120,2.25,
2026-09-02T19:41:26,2,1.845,47.57,46.9920,25.9,1.860,48.79,4.04,-120,2.00,
2026-09-02T19:41:27,2,1.859,48.73,46.9800,25.9,1.869,49.50,4.01,-120,2.25,
2026-09-02T19:41:29,2,1.861,48.86,46.9790,25.9,1.873,49.83,4.02,-120,2.25,
2026-09-02T19:41:30,2,1.860,48.79,46.9750,25.9,1.868,49.44,4.01,-120,2.25,
2026-09-02T19:41:31,2,1.843,47.44,46.9700,25.9,1.862,48.92,4.04,-120,2.25,
2026-09-02T19:41:32,2,1.860,48.79,46.9600,25.9,1.865,49.18,4.01,-120,2.25,
2026-09-02T19:41:35,2,1.843,47.44,46.9410,25.9,1.862,48.99,4.04,-120,2.25,
2026-09-02T19:41:36,2,1.859,48.73,46.9230,25.9,1.869,49.50,4.01,-120,2.00,
2026-09-02T19:41:37,2,1.843,47.44,46.9120,25.9,1.861,48.86,4.04,-120,2.25,
2026-09-02T19:41:38,2,1.862,48.99,46.9160,25.9,1.862,48.99,4.02,-120,1.75,
2026-09-02T19:41:39,2,1.858,48.67,46.9060,25.9,1.867,49.37,4.01,-120,2.00,
2026-09-02T19:41:40,2,1.841,47.31,46.8980,25.9,1.863,49.05,4.04,-120,2.25,
2026-09-02T19:41:41,2,1.859,48.73,46.8860,25.9,1.866,49.31,4.00,-121,1.75,
2026-09-02T19:41:42,2,1.844,47.50,46.8760,25.9,1.863,49.05,4.03,-120,2.00,
2026-09-02T19:41:43,2,1.843,47.44,46.8720,25.9,1.862,48.92,4.04,-120,2.00,
2026-09-02T19:41:44,2,1.859,48.73,46.8710,25.9,1.868,49.44,4.01,-120,2.25,
2026-09-02T19:41:45,2,1.843,47.44,46.8750,25.9,1.859,48.73,4.04,-120,2.25,
2026-09-02T19:41:47,2,1.851,48.08,46.8840,25.9,1.866,49.25,4.04,-120,1.75,
2026-09-02T19:41:48,2,1.858,48.60,46.8880,25.9,1.866,49.25,4.01,-120,2.00,
2026-09-02T19:41:49,2,1.842,47.38,46.8860,25.9,1.862,48.99,4.04,-120,2.00,
2026-09-02T19:41:50,2,1.861,48.86,46.8870,25.9,1.867,49.37,4.01,-120,2.25,
2026-09-02T19:41:51,2,1.859,48.73,46.9010,25.9,1.865,49.18,4.01,-120,2.00,
2026-09-02T19:41:52,2,1.845,47.57,46.9080,25.9,1.862,48.99,4.04,-120,2.00,
2026-09-02T19:41:53,2,1.858,48.60,46.9110,25.9,1.863,49.05,4.01,-120,2.00,
2026-09-02T19:41:54,2,1.846,47.70,46.9130,25.9,1.864,49.12,4.03,-120,1.75,
2026-09-02T19:41:55,2,1.841,47.31,46.9280,25.9,1.862,48.99,4.03,-120,2.25,
2026-09-02T19:41:56,2,1.861,48.86,46.9280,25.9,1.863,49.05,4.01,-120,2.00,
2026-09-02T19:41:57,2,1.843,47.44,46.9160,25.9,1.862,48.92,4.04,-121,2.00,
2026-09-02T19:41:59,2,1.860,48.79,46.9120,25.9,1.863,49.05,4.02,-120,1.75,
2026-09-02T19:42:00,2,1.858,48.60,46.9300,25.9,1.862,48.99,4.01,-120,1.50,
2026-09-02T19:42:01,2,1.843,47.44,46.9310,25.9,1.860,48.79,4.04,-120,2.00,
2026-09-02T19:42:02,2,1.858,48.60,46.9420,25.9,1.866,49.25,4.01,-120,2.25,
2026-09-02T19:42:03,2,1.842,47.38,46.9380,25.9,1.863,49.05,4.03,-120,1.75,
2026-09-02T19:42:04,2,1.842,47.38,46.9340,25.9,1.860,48.79,4.04,-120,2.25,
2026-09-02T19:42:05,2,1.858,48.60,46.9310,25.9,1.864,49.12,4.01,-120,2.50,
2026-09-02T19:42:06,2,1.843,47.44,46.9160,25.9,1.862,48.99,4.04,-120,2.00,
2026-09-02T19:42:07,2,1.862,48.92,46.9210,25.9,1.864,49.12,4.02,-121,2.25,
2026-09-02T19:42:08,2,1.858,48.60,46.9150,25.9,1.865,49.18,4.01,-120,1.75,
2026-09-02T19:42:10,2,1.842,47.38,46.9260,25.9,1.864,49.12,4.04,-120,2.25,
2026-09-02T19:42:11,2,1.862,48.92,46.9240,25.9,1.866,49.25,4.01,-120,2.00,
2026-09-02T19:42:12,2,1.843,47.44,46.9160,25.9,1.864,49.12,4.02,-120,2.00,
2026-09-02T19:42:13,2,1.842,47.38,46.9240,25.9,1.862,48.92,4.03,-121,2.00,
2026-09-02T19:42:14,2,1.859,48.73,46.9320,25.9,1.866,49.25,4.05,-116,3.00,
2026-09-02T19:42:15,2,1.844,47.50,46.9310,25.9,1.865,49.18,4.03,-120,2.00,
2026-09-02T19:42:16,2,1.862,48.92,46.9330,25.9,1.863,49.05,4.02,-120,2.25,
2026-09-02T19:42:17,2,1.858,48.67,46.9400,25.9,1.865,49.18,4.01,-120,2.00,
2026-09-02T19:42:18,2,1.845,47.57,46.9460,25.9,1.862,48.92,4.04,-120,2.00,
2026-09-02T19:42:20,2,1.842,47.38,46.9450,25.9,1.863,49.05,4.03,-120,2.00,
2026-09-02T19:42:22,2,1.845,47.63,46.9540,25.9,1.860,48.79,4.04,-120,2.25,
2026-09-02T19:42:23,2,1.861,48.86,46.9590,25.9,1.870,49.63,4.01,-120,2.00,
2026-09-02T19:42:24,2,1.845,47.57,46.9640,25.9,1.864,49.12,4.03,-120,2.00,
2026-09-02T19:42:26,2,1.858,48.60,46.9740,25.9,1.864,49.12,4.01,-120,1.75,
2026-09-02T19:42:27,2,1.845,47.57,46.9820,25.9,1.861,48.86,4.04,-120,2.25,
2026-09-02T19:42:28,2,1.859,48.73,46.9730,25.9,1.865,49.18,4.02,-120,2.00,
2026-09-02T19:42:29,2,1.844,47.50,46.9730,25.9,1.863,49.05,4.02,-120,2.00,
2026-09-02T19:42:31,2,1.859,48.73,46.9760,25.9,1.864,49.12,4.01,-120,2.25,
2026-09-02T19:42:32,2,1.849,47.89,46.9730,25.9,1.862,48.99,4.02,-120,2.00,
2026-09-02T19:42:34,2,1.862,48.99,46.9570,25.9,1.862,48.99,4.02,-120,2.00,
2026-09-02T19:42:35,2,1.859,48.73,46.9470,25.9,1.865,49.18,4.01,-120,2.00,
2026-09-02T19:42:36,2,1.845,47.57,46.9470,25.9,1.862,48.92,4.05,-120,1.75,
2026-09-02T19:42:37,2,1.859,48.73,46.9420,25.9,1.864,49.12,4.02,-121,1.75,
2026-09-02T19:42:38,2,1.845,47.57,46.9410,25.9,1.860,48.79,4.02,-120,2.00,
2026-09-02T19:42:39,2,1.841,47.31,46.9460,25.9,1.861,48.86,4.04,-120,2.25,
2026-09-02T19:42:40,2,1.858,48.60,46.9360,25.9,1.866,49.25,4.01,-120,2.00,
2026-09-02T19:42:41,2,1.842,47.38,46.9360,25.9,1.876,50.08,4.03,-120,2.00,
2026-09-02T19:42:42,2,1.842,47.38,46.9190,25.9,1.862,48.99,4.03,-120,2.00,
2026-09-02T19:42:43,2,1.858,48.60,46.9270,25.9,1.864,49.12,4.01,-120,2.25,
2026-09-02T19:42:44,2,1.841,47.31,46.9200,25.9,1.861,48.86,4.04,-120,2.00,
2026-09-02T19:42:46,2,1.859,48.73,46.9190,25.9,1.864,49.12,4.02,-121,2.25,
2026-09-02T19:42:47,2,1.860,48.79,46.9090,25.9,1.864,49.12,4.01,-120,2.25,
2026-09-02T19:42:48,2,1.843,47.44,46.9220,25.9,1.859,48.73,4.04,-120,2.25,
2026-09-02T19:42:49,2,1.856,48.47,46.9130,25.9,1.864,49.12,4.03,-120,2.00,
2026-09-02T19:42:50,2,1.845,47.57,46.9170,25.9,1.862,48.99,4.03,-120,2.25,
2026-09-02T19:42:51,2,1.832,46.54,46.9040,25.9,1.873,49.83,4.04,-120,2.00,
2026-09-02T19:42:52,2,1.858,48.60,46.9100,25.9,1.865,49.18,4.01,-121,2.50,
2026-09-02T19:42:53,2,1.843,47.44,46.9140,25.9,1.870,49.63,4.02,-120,2.00,
2026-09-02T19:42:54,2,1.859,48.73,46.9230,25.9,1.865,49.18,4.02,-120,2.50,
2026-09-02T19:42:55,2,1.856,48.47,46.9290,25.9,1.866,49.25,4.01,-120,2.25,
2026-09-02T19:42:57,2,1.843,47.44,46.9280,25.9,1.861,48.86,4.04,-120,2.25,
2026-09-02T19:42:58,2,1.860,48.79,46.9290,25.9,1.864,49.12,4.02,-120,2.00,
2026-09-02T19:42:59,2,1.845,47.57,46.9300,25.9,1.863,49.05,4.02,-120,2.25,
2026-09-02T19:43:00,2,1.844,47.50,46.9370,25.9,1.860,48.79,4.04,-120,2.75,
2026-09-02T19:43:01,2,1.853,48.28,46.9350,25.9,1.874,49.95,4.01,-120,2.25,
2026-09-02T19:43:03,2,1.859,48.73,46.9520,25.9,1.862,48.99,4.02,-120,1.75,
2026-09-02T19:43:04,2,1.858,48.60,46.9490,25.9,1.865,49.18,4.01,-120,1.75,
2026-09-02T19:43:05,2,1.845,47.57,46.9390,25.9,1.862,48.99,4.04,-120,2.00,
2026-09-02T19:43:06,2,1.859,48.73,46.9390,25.9,1.858,48.60,4.02,-120,2.25,
2026-09-02T19:43:07,2,1.844,47.50,46.9400,25.9,1.863,49.05,4.02,-120,2.00,
2026-09-02T19:43:09,2,1.840,47.18,46.9340,25.9,1.862,48.99,4.04,-120,1.75,
2026-09-02T19:43:10,2,1.858,48.67,46.9300,25.9,1.866,49.25,4.01,-120,2.25,
2026-09-02T19:43:11,2,1.843,47.44,46.9380,25.9,1.865,49.18,4.02,-120,1.75,
2026-09-02T19:43:12,2,1.862,48.99,46.9230,25.9,1.864,49.12,4.02,-120,2.00,
2026-09-02T19:43:13,2,1.858,48.60,46.9270,25.9,1.865,49.18,4.01,-121,2.25,
2026-09-02T19:43:14,2,1.844,47.50,46.9200,25.9,1.861,48.86,4.02,-120,2.50,
2026-09-02T19:43:15,2,1.862,48.92,46.9210,25.9,1.865,49.18,4.03,-120,2.00,
2026-09-02T19:43:17,2,1.854,48.34,46.9180,25.9,1.862,48.99,4.04,-120,2.25,
2026-09-02T19:43:18,2,1.857,48.54,46.9160,25.9,1.864,49.12,4.02,-120,2.00,
2026-09-02T19:43:19,2,1.850,48.02,46.9130,25.9,1.866,49.25,4.02,-120,2.25,
2026-09-02T19:43:21,2,1.860,48.79,46.9010,25.9,1.865,49.18,4.02,-120,1.75,
2026-09-02T19:43:23,2,1.848,47.83,46.8910,25.9,1.864,49.12,4.02,-120,2.00,
2026-09-02T19:43:24,2,1.859,48.73,46.8970,25.9,1.863,49.05,4.02,-120,2.25,
2026-09-02T19:43:25,2,1.844,47.50,46.9010,25.9,1.864,49.12,4.02,-120,2.25,
2026-09-02T19:43:26,2,1.845,47.57,46.8950,25.9,1.862,48.92,4.04,-120,2.25,
2026-09-02T19:43:28,2,1.857,48.54,46.8940,25.9,1.866,49.31,4.02,-120,2.25,
2026-09-02T19:43:29,2,1.862,48.92,46.9020,25.9,1.864,49.12,4.02,-120,2.25,
2026-09-02T19:43:30,2,1.858,48.60,46.9030,25.9,1.863,49.05,4.01,-120,1.50,
2026-09-02T19:43:31,2,1.844,47.50,46.8950,25.9,1.866,49.31,4.03,-120,1.75,
2026-09-02T19:43:33,2,1.859,48.73,46.9060,25.9,1.869,49.50,4.02,-120,2.00,
2026-09-02T19:43:34,2,1.847,47.76,46.8990,25.9,1.863,49.05,4.02,-120,2.00,
2026-09-02T19:43:35,2,1.844,47.50,46.8850,25.9,1.861,48.86,4.04,-120,2.50,
2026-09-02T19:43:36,2,1.862,48.92,46.8970,25.9,1.863,49.05,4.03,-120,2.00,
2026-09-02T19:43:37,2,1.845,47.57,46.8940,25.9,1.864,49.12,4.03,-120,1.75,
2026-09-02T19:43:38,2,1.841,47.31,46.9030,25.9,1.862,48.99,4.04,-120,2.00,
2026-09-02T19:43:39,2,1.856,48.47,46.9020,25.9,1.866,49.25,4.02,-120,2.25,
2026-09-02T19:43:40,2,1.844,47.50,46.9200,25.9,1.868,49.44,4.03,-120,2.00,
2026-09-02T19:43:41,2,1.862,48.92,46.9080,25.9,1.861,48.86,4.02,-120,2.00,
2026-09-02T19:43:42,2,1.858,48.67,46.9160,25.9,1.866,49.25,4.01,-120,1.50,
2026-09-02T19:43:44,2,1.844,47.50,46.9150,25.9,1.863,49.05,4.02,-120,2.25,
2026-09-02T19:43:45,2,1.858,48.60,46.9120,25.9,1.866,49.25,4.02,-120,2.75,
2026-09-02T19:43:46,2,1.848,47.83,46.9140,25.9,1.866,49.25,4.02,-121,2.25,
2026-09-02T19:43:47,2,1.842,47.38,46.9130,25.9,1.862,48.99,4.04,-120,2.00,
2026-09-02T19:43:48,2,1.857,48.54,46.9190,25.9,1.864,49.12,4.02,-120,2.50,
2026-09-02T19:43:49,2,1.843,47.44,46.9110,25.9,1.866,49.31,4.03,-120,2.25,
2026-09-02T19:43:51,2,1.858,48.60,46.9000,25.9,1.864,49.12,4.01,-120,2.25,
2026-09-02T19:43:52,2,1.842,47.38,46.8870,25.9,1.864,49.12,4.03,-120,2.50,
2026-09-02T19:43:53,2,1.858,48.67,46.8960,25.9,1.874,49.89,4.02,-120,2.00,
2026-09-02T19:43:54,2,1.853,48.21,46.9050,25.9,1.864,49.12,4.03,-120,2.25,
2026-09-02T19:43:56,2,1.841,47.31,46.9130,25.9,1.862,48.92,4.04,-120,2.25,
2026-09-02T19:43:57,2,1.862,48.92,46.9090,25.9,1.862,48.99,4.02,-120,2.00,
2026-09-02T19:43:58,2,1.844,47.50,46.9080,25.9,1.868,49.44,4.02,-120,2.25,
2026-09-02T19:43:59,2,1.859,48.73,46.9060,25.9,1.863,49.05,4.02,-120,2.00,
2026-09-02T19:44:00,2,1.858,48.60,46.8990,25.9,1.870,49.63,4.01,-120,2.00,
2026-09-02T19:44:01,2,1.843,47.44,46.9200,25.9,1.866,49.25,4.02,-121,2.00,
2026-09-02T19:44:02,2,1.857,48.54,46.9090,25.9,1.862,48.99,4.03,-120,2.00,
2026-09-02T19:44:03,2,1.844,47.50,46.9000,25.9,1.865,49.18,4.03,-120,2.00,
2026-09-02T19:44:04,2,1.841,47.25,46.9080,25.9,1.859,48.73,4.03,-120,2.00,
2026-09-02T19:44:05,2,1.858,48.60,46.9140,25.9,1.865,49.18,4.03,-120,2.00,
2026-09-02T19:44:06,2,1.845,47.57,46.9130,25.9,1.862,48.99,4.03,-120,1.75,
2026-09-02T19:44:08,2,1.861,48.86,46.9160,25.9,1.863,49.05,4.02,-120,2.25,
2026-09-02T19:44:09,2,1.856,48.47,46.9090,25.9,1.864,49.12,4.02,-120,2.00,
2026-09-02T19:44:10,2,1.842,47.38,46.9160,25.9,1.865,49.18,4.03,-120,2.00,
2026-09-02T19:44:11,2,1.858,48.60,46.9230,25.9,1.860,48.79,4.03,-120,2.25,
2026-09-02T19:44:12,2,1.841,47.25,46.9390,25.9,1.864,49.12,4.02,-120,1.75,
2026-09-02T19:44:14,2,1.857,48.54,46.9210,25.9,1.862,48.92,4.02,-120,2.50,
2026-09-02T19:44:15,2,1.845,47.57,46.9170,25.9,1.863,49.05,4.02,-120,2.50,
2026-09-02T19:44:16,2,1.862,48.99,46.9040,25.9,1.863,49.05,4.02,-120,2.25,
2026-09-02T19:44:17,2,1.856,48.47,46.9110,25.9,1.862,48.99,4.02,-120,2.00,
2026-09-02T19:44:20,2,1.858,48.60,46.9220,25.9,1.863,49.05,4.02,-120,2.50,
2026-09-02T19:44:21,2,1.843,47.44,46.9170,25.9,1.862,48.99,4.02,-121,2.00,
2026-09-02T19:44:22,2,1.846,47.70,46.9200,25.9,1.865,49.18,4.02,-120,2.25,
2026-09-02T19:44:23,2,1.858,48.60,46.9200,25.9,1.867,49.37,4.03,-120,2.00,
2026-09-02T19:44:25,2,1.858,48.67,46.9140,25.9,1.865,49.18,4.02,-120,2.25,
2026-09-02T19:44:26,2,1.858,48.67,46.9290,25.9,1.862,48.99,4.03,-120,2.25,
2026-09-02T19:44:27,2,1.845,47.57,46.9270,25.9,1.864,49.12,4.02,-120,2.50,
2026-09-02T19:44:28,2,1.859,48.73,46.9360,25.9,1.862,48.99,4.02,-120,2.00,
2026-09-02T19:44:29,2,1.858,48.60,46.9340,25.9,1.862,48.99,4.03,-120,2.00,
2026-09-02T19:44:31,2,1.845,47.63,46.9450,25.9,1.862,48.99,4.02,-120,2.50,
2026-09-02T19:44:32,2,1.858,48.67,46.9420,25.9,1.862,48.92,4.02,-120,1.75,
2026-09-02T19:44:33,2,1.844,47.50,46.9390,25.9,1.864,49.12,4.03,-120,2.00,
2026-09-02T19:44:34,2,1.845,47.57,46.9490,25.9,1.864,49.12,4.02,-120,2.25,
2026-09-02T19:44:35,2,1.850,48.02,46.9560,25.9,1.862,48.92,4.03,-120,2.00,
2026-09-02T19:44:36,2,1.845,47.63,46.9580,25.9,1.865,49.18,4.02,-120,2.00,
2026-09-02T19:44:37,2,1.860,48.79,46.9480,25.9,1.862,48.99,4.02,-120,2.25,
2026-09-02T19:44:38,2,1.858,48.67,46.9360,25.9,1.862,48.92,4.03,-120,2.00,
2026-09-02T19:44:39,2,1.843,47.44,46.9270,25.9,1.863,49.05,4.02,-120,2.00,
2026-09-02T19:44:40,2,1.861,48.86,46.9310,25.9,1.866,49.31,4.02,-120,2.50,
2026-09-02T19:44:41,2,1.844,47.50,46.9300,25.9,1.864,49.12,4.02,-120,2.25,
2026-09-02T19:44:43,2,1.843,47.44,46.9280,25.9,1.864,49.12,4.03,-120,2.00,
2026-09-02T19:44:44,2,1.855,48.41,46.9340,25.9,1.863,49.05,4.02,-120,2.00,
2026-09-02T19:44:45,2,1.847,47.76,46.9280,25.9,1.864,49.12,4.02,-120,2.25,
2026-09-02T19:44:46,2,1.860,48.79,46.9200,25.9,1.864,49.12,4.02,-120,2.25,
2026-09-02T19:44:47,2,1.859,48.73,46.9290,25.9,1.860,48.79,4.03,-120,2.00,
2026-09-02T19:44:48,2,1.844,47.50,46.9230,25.9,1.864,49.12,4.03,-120,2.25,
2026-09-02T19:44:49,2,1.858,48.67,46.9310,25.9,1.865,49.18,4.02,-120,2.00,
2026-09-02T19:44:50,2,1.845,47.63,46.9250,25.9,1.866,49.31,4.02,-120,2.00,
2026-09-02T19:44:51,2,1.842,47.38,46.9300,25.9,1.864,49.12,4.02,-120,2.00,
2026-09-02T19:44:52,2,1.856,48.47,46.9350,25.9,1.875,50.02,4.02,-120,2.50,
2026-09-02T19:44:53,2,1.844,47.50,46.9390,25.9,1.861,48.86,4.02,-120,2.25,
2026-09-02T19:44:55,2,1.861,48.86,46.9320,25.9,1.864,49.12,4.00,-121,1.75,
2026-09-02T19:44:56,2,1.858,48.67,46.9310,25.9,1.865,49.18,4.02,-120,1.75,
2026-09-02T19:44:57,2,1.845,47.63,46.9310,25.9,1.864,49.12,4.02,-120,2.25,
2026-09-02T19:44:58,2,1.862,48.92,46.9330,25.9,1.863,49.05,4.02,-120,2.00,
2026-09-02T19:44:59,2,1.842,47.38,46.9390,25.9,1.861,48.86,4.02,-120,2.50,
2026-09-02T19:45:00,2,1.834,46.73,46.9390,25.9,1.862,48.99,4.02,-120,2.50,
2026-09-02T19:45:01,2,1.857,48.54,46.9330,25.9,1.862,48.92,4.02,-120,2.25,
2026-09-02T19:45:02,2,1.844,47.50,46.9340,25.9,1.863,49.05,4.02,-120,2.25,
2026-09-02T19:45:03,2,1.862,48.92,46.9350,25.9,1.864,49.12,4.00,-120,2.25,
2026-09-02T19:45:04,2,1.858,48.60,46.9390,25.9,1.865,49.18,4.02,-120,2.25,
2026-09-02T19:45:05,2,1.847,47.76,46.9440,25.9,1.862,48.92,4.02,-121,2.00,
2026-09-02T19:45:07,2,1.859,48.73,46.9480,25.9,1.863,49.05,4.02,-120,2.50,
2026-09-02T19:45:08,2,1.842,47.38,46.9380,25.9,1.862,48.99,4.04,-121,2.50,
2026-09-02T19:45:09,2,1.844,47.50,46.9430,25.9,1.862,48.92,4.02,-120,2.25,
2026-09-02T19:45:11,2,1.844,47.50,46.9440,25.9,1.863,49.05,4.02,-120,2.25,
2026-09-02T19:45:12,2,1.841,47.25,46.9480,25.9,1.863,49.05,4.02,-120,2.25,
2026-09-02T19:45:13,2,1.857,48.54,46.9460,25.9,1.867,49.37,4.02,-120,2.25,
2026-09-02T19:45:14,2,1.846,47.70,46.9540,25.9,1.866,49.25,4.02,-120,2.25,
2026-09-02T19:45:16,2,1.858,48.60,46.9550,25.9,1.862,48.99,4.03,-120,2.25,
2026-09-02T19:45:18,2,1.843,47.44,46.9610,25.9,1.870,49.63,4.02,-120,2.25,
2026-09-02T19:45:19,2,1.857,48.54,46.9650,25.9,1.862,48.92,4.02,-120,2.25,
2026-09-02T19:45:20,2,1.845,47.57,46.9600,25.9,1.863,49.05,4.04,-120,2.00,
2026-09-02T19:45:22,2,1.857,48.54,46.9600,25.9,1.866,49.25,4.02,-120,2.25,
2026-09-02T19:45:24,2,1.861,48.86,46.9580,25.9,1.865,49.18,4.00,-120,2.25,
2026-09-02T19:45:25,2,1.857,48.54,46.9580,25.9,1.862,48.92,4.03,-120,1.75,
2026-09-02T19:45:26,2,1.845,47.57,46.9540,25.9,1.865,49.18,4.02,-120,2.00,
2026-09-02T19:45:27,2,1.859,48.73,46.9600,25.9,1.860,48.79,4.02,-120,2.25,
2026-09-02T19:45:28,2,1.843,47.44,46.9650,25.9,1.858,48.60,4.04,-120,2.25,
2026-09-02T19:45:30,2,1.844,47.50,46.9550,25.9,1.863,49.05,4.03,-120,2.25,
2026-09-02T19:45:31,2,1.858,48.67,46.9520,25.9,1.862,48.99,4.02,-120,2.00,
2026-09-02T19:45:32,2,1.844,47.50,46.9490,25.9,1.864,49.12,4.02,-120,1.75,
2026-09-02T19:45:33,2,1.862,48.92,46.9510,25.9,1.864,49.12,4.01,-121,2.00,
2026-09-02T19:45:34,2,1.858,48.67,46.9430,25.9,1.865,49.18,4.02,-120,2.25,
2026-09-02T19:45:35,2,1.843,47.44,46.9500,25.9,1.868,49.44,4.02,-120,2.50,
2026-09-02T19:45:36,2,1.860,48.79,46.9560,25.9,1.861,48.86,4.03,-120,2.25,
2026-09-02T19:45:37,2,1.843,47.44,46.9530,25.9,1.862,48.92,4.03,-121,2.00,
2026-09-02T19:45:38,2,1.845,47.57,46.9460,25.9,1.864,49.12,4.02,-120,1.75,
2026-09-02T19:45:39,2,1.857,48.54,46.9560,25.9,1.865,49.18,4.02,-120,2.00,
2026-09-02T19:45:40,2,1.845,47.63,46.9470,25.9,1.865,49.18,4.02,-120,2.00,
2026-09-02T19:45:42,2,1.862,48.99,46.9560,25.9,1.869,49.50,4.01,-120,1.75,
2026-09-02T19:45:43,2,1.856,48.47,46.9550,25.9,1.863,49.05,4.03,-120,2.00,
2026-09-02T19:45:44,2,1.845,47.57,46.9650,25.9,1.865,49.18,4.02,-120,2.00,
2026-09-02T19:45:45,2,1.858,48.67,46.9590,25.9,1.864,49.12,4.02,-120,2.00,
2026-09-02T19:45:46,2,1.844,47.50,46.9570,25.9,1.862,48.92,4.04,-120,2.50,
2026-09-02T19:45:47,2,1.848,47.83,46.9600,25.9,1.862,48.92,4.02,-120,2.25,
2026-09-02T19:45:48,2,1.858,48.60,46.9580,25.9,1.862,48.92,4.02,-120,2.00,
2026-09-02T19:45:49,2,1.844,47.50,46.9620,25.9,1.861,48.86,4.04,-120,2.25,
2026-09-02T19:45:50,2,1.862,48.99,46.9670,25.9,1.865,49.18,4.01,-120,2.25,
2026-09-02T19:45:51,2,1.856,48.47,46.9670,25.9,1.862,48.99,4.02,-120,2.25,
2026-09-02T19:45:52,2,1.846,47.70,46.9740,25.9,1.862,48.99,4.02,-120,2.25,
2026-09-02T19:45:54,2,1.858,48.67,46.9780,25.9,1.866,49.25,4.01,-120,1.75,
2026-09-02T19:45:55,2,1.844,47.50,46.9700,25.9,1.863,49.05,4.04,-120,2.00,
2026-09-02T19:45:56,2,1.845,47.63,46.9660,25.9,1.864,49.12,4.02,-120,1.75,
2026-09-02T19:45:57,2,1.858,48.60,46.9700,25.9,1.862,48.99,4.02,-120,2.50,
2026-09-02T19:45:58,2,1.845,47.63,46.9740,25.9,1.863,49.05,4.04,-120,2.25,
2026-09-02T19:45:59,2,1.859,48.73,46.9750,25.9,1.864,49.12,4.01,-120,2.00,
2026-09-02T19:46:00,2,1.858,48.67,46.9850,25.9,1.862,48.92,4.02,-120,1.75,
2026-09-02T19:46:01,2,1.846,47.70,46.9850,25.9,1.866,49.25,4.02,-120,2.00,
2026-09-02T19:46:02,2,1.864,49.12,46.9960,25.9,1.865,49.18,4.01,-120,2.50,
2026-09-02T19:46:03,2,1.856,48.47,46.9910,25.9,1.854,48.34,4.02,-120,2.00,
2026-09-02T19:46:04,2,1.847,47.76,46.9830,25.9,1.864,49.12,4.02,-120,2.50,
2026-09-02T19:46:06,2,1.862,48.92,46.9870,25.9,1.858,48.67,4.02,-120,1.75,
2026-09-02T19:46:08,2,1.844,47.50,46.9660,25.9,1.863,49.05,4.02,-120,2.00,
2026-09-02T19:46:09,2,1.856,48.47,46.9660,25.9,1.862,48.92,4.02,-120,1.75,
2026-09-02T19:46:10,2,1.845,47.57,46.9580,25.9,1.863,49.05,4.02,-120,2.00,
2026-09-02T19:46:11,2,1.862,48.92,46.9530,25.9,1.864,49.12,4.01,-120,2.00,
2026-09-02T19:46:13,2,1.843,47.44,46.9530,25.9,1.861,48.86,4.02,-120,2.25,
2026-09-02T19:46:14,2,1.858,48.67,46.9620,25.9,1.862,48.92,4.02,-120,2.25,
2026-09-02T19:46:15,2,1.842,47.38,46.9580,25.9,1.860,48.79,4.03,-120,2.00,
2026-09-02T19:46:17,2,1.844,47.50,46.9570,25.9,1.866,49.31,4.02,-120,2.25,
2026-09-02T19:46:19,2,1.845,47.57,46.9800,25.9,1.865,49.18,4.04,-120,2.25,
2026-09-02T19:46:20,2,1.864,49.12,46.9690,25.9,1.866,49.25,4.01,-120,2.00,
2026-09-02T19:46:21,2,1.858,48.60,46.9670,25.9,1.864,49.12,4.02,-120,2.25,
2026-09-02T19:46:22,2,1.844,47.50,46.9590,25.9,1.865,49.18,4.02,-120,2.75,
2026-09-02T19:46:24,2,1.844,47.50,46.9570,25.9,1.860,48.79,4.04,-120,2.25,
2026-09-02T19:46:25,2,1.844,47.50,46.9600,25.9,1.864,49.12,4.02,-120,2.25,
2026-09-02T19:46:26,2,1.854,48.34,46.9560,25.9,1.858,48.60,4.02,-120,2.25,
2026-09-02T19:46:27,2,1.846,47.70,46.9680,25.9,1.862,48.92,4.03,-120,2.00,
2026-09-02T19:46:29,2,1.861,48.86,46.9840,25.9,1.865,49.18,4.01,-120,2.25,
2026-09-02T19:46:30,2,1.870,49.57,46.9790,25.9,1.863,49.05,4.02,-120,2.00,
2026-09-02T19:46:31,2,1.846,47.70,46.9760,25.9,1.866,49.31,4.02,-120,2.00,
2026-09-02T19:46:32,2,1.860,48.79,46.9680,25.9,1.864,49.12,4.01,-120,2.00,
2026-09-02T19:46:33,2,1.844,47.50,46.9790,25.9,1.862,48.92,4.04,-120,2.25,
2026-09-02T19:46:34,2,1.839,47.12,46.9680,25.9,1.864,49.12,4.02,-120,2.00,
2026-09-02T19:46:35,2,1.855,48.41,46.9570,25.9,1.861,48.86,4.02,-120,1.75,
2026-09-02T19:46:36,2,1.845,47.57,46.9640,25.9,1.862,48.99,4.04,-120,2.25,
2026-09-02T19:46:37,2,1.863,49.05,46.9460,25.9,1.868,49.44,4.01,-120,2.50,
2026-09-02T19:46:38,2,1.856,48.47,46.9490,25.9,1.862,48.92,4.02,-120,2.00,
2026-09-02T19:46:39,2,1.845,47.57,46.9380,25.9,1.865,49.18,4.01,-120,2.00,
2026-09-02T19:46:41,2,1.860,48.79,46.9350,25.9,1.864,49.12,4.01,-120,2.25,
2026-09-02T19:46:42,2,1.846,47.70,46.9340,25.9,1.862,48.92,4.03,-120,2.00,
2026-09-02T19:46:43,2,1.845,47.57,46.9410,25.9,1.856,48.47,4.02,-120,2.25,
2026-09-02T19:46:44,2,1.858,48.67,46.9520,25.9,1.864,49.12,4.02,-120,2.25,
2026-09-02T19:46:45,2,1.844,47.50,46.9490,25.9,1.862,48.92,4.04,-120,2.25,
2026-09-02T19:46:46,2,1.866,49.25,46.9530,25.9,1.864,49.12,4.01,-120,2.50,
2026-09-02T19:46:47,2,1.857,48.54,46.9590,25.9,1.862,48.92,4.03,-120,2.25,
2026-09-02T19:46:48,2,1.845,47.57,46.9500,25.9,1.863,49.05,4.02,-120,2.25,
2026-09-02T19:46:49,2,1.861,48.86,46.9540,25.9,1.865,49.18,4.01,-120,2.00,
2026-09-02T19:46:50,2,1.857,48.54,46.9400,25.9,1.863,49.05,4.03,-120,2.00,
2026-09-02T19:46:51,2,1.843,47.44,46.9490,25.9,1.863,49.05,4.01,-120,2.00,
2026-09-02T19:46:53,2,1.859,48.73,46.9540,25.9,1.863,49.05,4.01,-120,2.00,
2026-09-02T19:46:54,2,1.842,47.38,46.9490,25.9,1.864,49.12,4.04,-120,2.25,
2026-09-02T19:46:55,2,1.843,47.44,46.9570,25.9,1.864,49.12,4.02,-120,2.25,
2026-09-02T19:46:56,2,1.856,48.47,46.9460,25.9,1.862,48.92,4.02,-120,2.50,
2026-09-02T19:46:57,2,1.844,47.50,46.9590,25.9,1.860,48.79,4.03,-120,2.25,
2026-09-02T19:46:58,2,1.860,48.79,46.9530,25.9,1.862,48.99,4.01,-120,2.25,
2026-09-02T19:46:59,2,1.860,48.79,46.9610,25.9,1.864,49.12,4.02,-120,2.00,
2026-09-02T19:47:00,2,1.845,47.63,46.9570,25.9,1.863,49.05,4.02,-121,2.25,
2026-09-02T19:47:01,2,1.854,48.34,46.9590,25.9,1.864,49.12,4.01,-120,2.25,
2026-09-02T19:47:02,2,1.845,47.57,46.9560,25.9,1.862,48.92,4.04,-120,2.25,
2026-09-02T19:47:05,2,1.859,48.73,46.9430,25.9,1.853,48.21,4.03,-120,2.50,
2026-09-02T19:47:06,2,1.842,47.38,46.9320,25.9,1.860,48.79,4.03,-120,2.25,
2026-09-02T19:47:07,2,1.861,48.86,46.9200,25.9,1.865,49.18,4.01,-120,2.00,
2026-09-02T19:47:08,2,1.856,48.47,46.9230,25.9,1.868,49.44,4.02,-121,1.75,
2026-09-02T19:47:10,2,1.859,48.73,46.9330,25.9,1.862,48.99,4.01,-120,2.50,
2026-09-02T19:47:11,2,1.842,47.38,46.9130,25.9,1.859,48.73,4.04,-120,2.25,
2026-09-02T19:47:13,2,1.857,48.54,46.9090,25.9,1.862,48.99,4.03,-120,2.25,
2026-09-02T19:47:16,2,1.867,49.37,46.9060,25.9,1.866,49.25,4.01,-120,2.25,
2026-09-02T19:47:17,2,1.856,48.47,46.9200,25.9,1.864,49.12,4.02,-120,2.25,
2026-09-02T19:47:18,2,1.843,47.44,46.9200,25.9,1.863,49.05,4.02,-120,2.00,
2026-09-02T19:47:19,2,1.859,48.73,46.9160,25.9,1.866,49.25,4.01,-120,2.25,
2026-09-02T19:47:21,2,1.844,47.50,46.9090,25.9,1.862,48.99,4.02,-120,2.00,
2026-09-02T19:47:22,2,1.857,48.54,46.9150,25.9,1.864,49.12,4.01,-120,2.25,
2026-09-02T19:47:23,2,1.844,47.50,46.9260,25.9,1.862,48.92,4.04,-120,2.00,
2026-09-02T19:47:24,2,1.861,48.86,46.9160,25.9,1.864,49.12,4.01,-121,1.75,
2026-09-02T19:47:25,2,1.858,48.67,46.9140,25.9,1.863,49.05,4.03,-120,1.75,
2026-09-02T19:47:26,2,1.845,47.57,46.9170,25.9,1.861,48.86,4.04,-120,2.25,
2026-09-02T19:47:28,2,1.860,48.79,46.9260,25.9,1.862,48.99,4.01,-120,2.75,
2026-09-02T19:47:29,2,1.856,48.47,46.9220,25.9,1.862,48.92,4.02,-120,1.75,
2026-09-02T19:47:30,2,1.839,47.12,46.9280,25.9,1.866,49.25,4.02,-121,2.00,
2026-09-02T19:47:31,2,1.860,48.79,46.9300,25.9,1.864,49.12,4.01,-120,2.25,
2026-09-02T19:47:32,2,1.844,47.50,46.9240,25.9,1.863,49.05,4.04,-120,2.00,
2026-09-02T19:47:33,2,1.848,47.83,46.9310,25.9,1.864,49.12,4.02,-120,2.50,
2026-09-02T19:47:34,2,1.856,48.47,46.9370,25.9,1.862,48.99,4.02,-120,1.75,
2026-09-02T19:47:35,2,1.829,46.34,46.9320,25.9,1.862,48.92,4.04,-120,2.00,
2026-09-02T19:47:36,2,1.862,48.92,46.9180,25.9,1.869,49.50,4.01,-120,2.25,
2026-09-02T19:47:37,2,1.856,48.47,46.9250,25.9,1.863,49.05,4.02,-120,2.25,
2026-09-02T19:47:38,2,1.844,47.50,46.9260,25.9,1.865,49.18,4.02,-120,2.25,
2026-09-02T19:47:40,2,1.859,48.73,46.9250,25.9,1.865,49.18,4.01,-120,1.75,
2026-09-02T19:47:41,2,1.843,47.44,46.9230,25.9,1.856,48.47,4.03,-120,2.00,
2026-09-02T19:47:42,2,1.842,47.38,46.9270,25.9,1.865,49.18,4.02,-120,1.75,
2026-09-02T19:47:43,2,1.858,48.60,46.9180,25.9,1.862,48.92,4.02,-120,2.00,
2026-09-02T19:47:44,2,1.841,47.31,46.9260,25.9,1.860,48.79,4.04,-120,1.75,
2026-09-02T19:47:45,2,1.861,48.86,46.9340,25.9,1.861,48.86,4.00,-120,2.25,
2026-09-02T19:47:46,2,1.857,48.54,46.9300,25.9,1.863,49.05,4.02,-120,2.00,
2026-09-02T19:47:47,2,1.844,47.50,46.9280,25.9,1.864,49.12,4.02,-120,1.75,
2026-09-02T19:47:48,2,1.862,48.99,46.9350,25.9,1.865,49.18,4.01,-120,1.75,
2026-09-02T19:47:49,2,1.844,47.50,46.9270,25.9,1.864,49.12,4.04,-120,2.00,
2026-09-02T19:47:51,2,1.846,47.70,46.9240,25.9,1.864,49.12,4.02,-120,2.25,
2026-09-02T19:47:52,2,1.858,48.67,46.9380,25.9,1.864,49.12,4.01,-120,1.75,
2026-09-02T19:47:53,2,1.846,47.70,46.9360,25.9,1.860,48.79,4.04,-120,2.00,
2026-09-02T19:47:54,2,1.863,49.05,46.9400,25.9,1.864,49.12,4.01,-120,2.25,
2026-09-02T19:47:55,2,1.857,48.54,46.9400,25.9,1.862,48.92,4.02,-120,2.25,
2026-09-02T19:47:56,2,1.845,47.57,46.9330,25.9,1.861,48.86,4.04,-120,2.00,
2026-09-02T19:47:57,2,1.858,48.67,46.9350,25.9,1.866,49.31,4.01,-120,2.25,
2026-09-02T19:47:58,2,1.844,47.50,46.9240,25.9,1.862,48.92,4.03,-120,2.25,
2026-09-02T19:47:59,2,1.843,47.44,46.9250,25.9,1.862,48.99,4.02,-120,2.25,
2026-09-02T19:48:01,2,1.843,47.44,46.9350,25.9,1.862,48.92,4.04,-120,2.00,
2026-09-02T19:48:03,2,1.868,49.44,46.9270,25.9,1.865,49.18,4.00,-120,1.75,
2026-09-02T19:48:04,2,1.857,48.54,46.9200,25.9,1.864,49.12,4.02,-120,1.75,
2026-09-02T19:48:05,2,1.838,47.05,46.9110,25.9,1.860,48.79,4.04,-120,2.00,
2026-09-02T19:48:07,2,1.858,48.60,46.9160,25.9,1.862,48.99,4.02,-120,2.25,
2026-09-02T19:48:08,2,1.844,47.50,46.9190,25.9,1.864,49.12,4.02,-120,2.25,
2026-09-02T19:48:09,2,1.861,48.86,46.9250,25.9,1.864,49.12,4.01,-120,1.75,
2026-09-02T19:48:10,2,1.838,47.05,46.9280,25.9,1.862,48.99,4.04,-120,1.75,
2026-09-02T19:48:12,2,1.858,48.60,46.9300,25.9,1.862,48.99,4.02,-120,1.75,
2026-09-02T19:48:13,2,1.843,47.44,46.9350,25.9,1.863,49.05,4.04,-120,2.00,
2026-09-02T19:48:15,2,1.861,48.86,46.9290,25.9,1.864,49.12,4.00,-120,2.25,
2026-09-02T19:48:16,2,1.858,48.60,46.9450,25.9,1.862,48.92,4.02,-120,2.00,
2026-09-02T19:48:18,2,1.862,48.99,46.9510,25.9,1.863,49.05,4.01,-120,2.00,
2026-09-02T19:48:19,2,1.841,47.31,46.9390,25.9,1.861,48.86,4.04,-120,2.25,
2026-09-02T19:48:20,2,1.845,47.63,46.9340,25.9,1.862,48.99,4.02,-120,2.00,
2026-09-02T19:48:22,2,1.842,47.38,46.9400,25.9,1.864,49.12,4.04,-120,2.00,
2026-09-02T19:48:23,2,1.863,49.05,46.9500,25.9,1.862,48.99,4.01,-120,2.00,
2026-09-02T19:48:24,2,1.858,48.60,46.9480,25.9,1.863,49.05,4.02,-120,1.75,
2026-09-02T19:48:25,2,1.843,47.44,46.9470,25.9,1.862,48.99,4.03,-120,1.75,
2026-09-02T19:48:27,2,1.856,48.47,46.9400,25.9,1.865,49.18,4.01,-120,2.75,
2026-09-02T19:48:28,2,1.843,47.44,46.9460,25.9,1.864,49.12,4.03,-120,1.75,
2026-09-02T19:48:29,2,1.845,47.57,46.9480,25.9,1.862,48.92,4.02,-120,2.25,
2026-09-02T19:48:30,2,1.859,48.73,46.9430,25.9,1.862,48.92,4.01,-120,2.00,
2026-09-02T19:48:31,2,1.843,47.44,46.9410,25.9,1.865,49.18,4.04,-120,2.00,
2026-09-02T19:48:32,2,1.862,48.99,46.9430,25.9,1.867,49.37,4.00,-120,2.25,
2026-09-02T19:48:33,2,1.856,48.47,46.9410,25.9,1.864,49.12,4.02,-120,2.00,
2026-09-02T19:48:34,2,1.845,47.57,46.9400,25.9,1.866,49.25,4.04,-120,2.00,
2026-09-02T19:48:35,2,1.861,48.86,46.9490,25.9,1.864,49.12,4.00,-120,2.00,
2026-09-02T19:48:36,2,1.844,47.50,46.9510,25.9,1.862,48.99,4.03,-120,2.50,
2026-09-02T19:48:38,2,1.844,47.50,46.9470,25.9,1.879,50.34,4.02,-120,1.50,
2026-09-02T19:48:39,2,1.859,48.73,46.9420,25.9,1.862,48.99,4.01,-120,2.00,
2026-09-02T19:48:40,2,1.842,47.38,46.9470,25.9,1.863,49.05,4.04,-120,2.00,
2026-09-02T19:48:41,2,1.864,49.12,46.9370,25.9,1.866,49.25,4.01,-120,2.25,
2026-09-02T19:48:42,2,1.859,48.73,46.9410,25.9,1.863,49.05,4.02,-120,2.00,
2026-09-02T19:48:43,2,1.849,47.96,46.9370,25.9,1.862,48.99,4.03,-120,1.75,
2026-09-02T19:48:44,2,1.859,48.73,46.9380,25.9,1.862,48.99,4.00,-120,1.75,
2026-09-02T19:48:45,2,1.857,48.54,46.9490,25.9,1.864,49.12,4.02,-120,2.25,
2026-09-02T19:48:46,2,1.846,47.70,46.9490,25.9,1.864,49.12,4.02,-120,1.75,
2026-09-02T19:48:47,2,1.859,48.73,46.9440,25.9,1.868,49.44,4.01,-120,2.25,
2026-09-02T19:48:48,2,1.843,47.44,46.9440,25.9,1.863,49.05,4.03,-120,2.25,
2026-09-02T19:48:50,2,1.845,47.63,46.9450,25.9,1.866,49.25,4.02,-120,2.25,
2026-09-02T19:48:51,2,1.858,48.60,46.9440,25.9,1.863,49.05,4.02,-120,2.25,
2026-09-02T19:48:52,2,1.841,47.31,46.9230,25.9,1.863,49.05,4.03,-120,2.00,
2026-09-02T19:48:53,2,1.859,48.73,46.9300,25.9,1.865,49.18,4.00,-120,2.00,
2026-09-02T19:48:54,2,1.855,48.41,46.9380,25.9,1.863,49.05,4.02,-121,2.00,
2026-09-02T19:48:55,2,1.841,47.25,46.9290,25.9,1.864,49.12,4.04,-120,2.00,
2026-09-02T19:48:57,2,1.842,47.38,46.9280,25.9,1.863,49.05,4.00,-114,3.25,
2026-09-02T19:48:58,2,1.846,47.70,46.9300,25.9,1.866,49.31,4.02,-120,2.25,
2026-09-02T19:48:59,2,1.859,48.73,46.9240,25.9,1.865,49.18,4.01,-120,2.00,
2026-09-02T19:49:00,2,1.843,47.44,46.9250,25.9,1.860,48.79,4.03,-120,2.25,
2026-09-02T19:49:02,2,1.878,50.28,46.9320,25.9,1.879,50.34,4.01,-120,2.00,
2026-09-02T19:49:04,2,1.847,47.76,46.9260,25.9,1.862,48.99,4.04,-120,2.25,
2026-09-02T19:49:05,2,1.858,48.67,46.9150,25.9,1.853,48.28,4.01,-120,2.25,
2026-09-02T19:49:06,2,1.844,47.50,46.9280,25.9,1.861,48.86,4.03,-120,2.00,
2026-09-02T19:49:07,2,1.844,47.50,46.9240,25.9,1.863,49.05,4.02,-120,2.00,
2026-09-02T19:49:09,2,1.843,47.44,46.9080,25.9,1.862,48.92,4.03,-120,2.25,
2026-09-02T19:49:10,2,1.863,49.05,46.9110,25.9,1.866,49.31,4.00,-120,2.00,
2026-09-02T19:49:11,2,1.858,48.67,46.9170,25.9,1.862,48.92,4.02,-120,2.00,
2026-09-02T19:49:12,2,1.840,47.18,46.9210,25.9,1.862,48.99,4.04,-120,2.25,
2026-09-02T19:49:15,2,1.840,47.18,46.9080,25.9,1.862,48.92,4.03,-120,2.00,
2026-09-02T19:49:16,2,1.845,47.57,46.8990,25.9,1.862,48.99,4.02,-120,2.25,
2026-09-02T19:49:17,2,1.858,48.60,46.8930,25.9,1.865,49.18,4.01,-120,2.25,
2026-09-02T19:49:18,2,1.843,47.44,46.8880,25.9,1.861,48.86,4.03,-120,1.75,
2026-09-02T19:49:19,2,1.862,48.99,46.8980,25.9,1.865,49.18,4.01,-120,2.25,
2026-09-02T19:49:20,2,1.856,48.47,46.8990,25.9,1.864,49.12,4.02,-120,2.00,
2026-09-02T19:49:21,2,1.843,47.44,46.8980,25.9,1.872,49.76,4.03,-120,2.00,
2026-09-02T19:49:22,2,1.858,48.60,46.8920,25.9,1.863,49.05,4.01,-120,2.25,
2026-09-02T19:49:23,2,1.843,47.44,46.8940,25.9,1.861,48.86,4.04,-120,1.75,
2026-09-02T19:49:25,2,1.845,47.57,46.8950,25.9,1.865,49.18,4.03,-120,1.75,
2026-09-02T19:49:26,2,1.857,48.54,46.9010,25.9,1.866,49.25,4.01,-120,2.25,
2026-09-02T19:49:27,2,1.843,47.44,46.8960,25.9,1.862,48.92,4.04,-120,2.00,
2026-09-02T19:49:28,2,1.866,49.25,46.9050,25.9,1.866,49.31,4.01,-120,2.25,
2026-09-02T19:49:29,2,1.858,48.60,46.9040,25.9,1.866,49.25,4.01,-120,2.00,
2026-09-02T19:49:30,2,1.842,47.38,46.9070,25.9,1.866,49.25,4.04,-120,2.00,
2026-09-02T19:49:31,2,1.860,48.79,46.9080,25.9,1.866,49.31,4.01,-120,2.00,
2026-09-02T19:49:32,2,1.845,47.57,46.9090,25.9,1.862,48.99,4.02,-120,2.25,
2026-09-02T19:49:33,2,1.841,47.31,46.9110,25.9,1.862,48.99,4.04,-120,2.25,
2026-09-02T19:49:34,2,1.858,48.60,46.9000,25.9,1.864,49.12,4.01,-120,2.00,
2026-09-02T19:49:35,2,1.844,47.50,46.9070,25.9,1.865,49.18,4.04,-120,2.50,
2026-09-02T19:49:37,2,1.847,47.76,46.9140,25.9,1.862,48.99,4.02,-120,2.50,
2026-09-02T19:49:38,2,1.857,48.54,46.9200,25.9,1.866,49.25,4.01,-120,1.75,
2026-09-02T19:49:39,2,1.841,47.25,46.9150,25.9,1.862,48.99,4.03,-120,2.00,
2026-09-02T19:49:40,2,1.859,48.73,46.9310,25.9,1.866,49.25,4.00,-120,2.00,
2026-09-02T19:49:41,2,1.856,48.47,46.9290,25.9,1.855,48.41,4.02,-120,2.00,
2026-09-02T19:49:42,2,1.846,47.70,46.9350,25.9,1.863,49.05,4.03,-120,1.75,
2026-09-02T19:49:43,2,1.858,48.60,46.9410,25.9,1.864,49.12,4.01,-120,2.25,
2026-09-02T19:49:44,2,1.842,47.38,46.9420,25.9,1.862,48.99,4.03,-120,2.25,
2026-09-02T19:49:45,2,1.837,46.99,46.9430,25.9,1.867,49.37,4.02,-120,1.50,
2026-09-02T19:49:46,2,1.859,48.73,46.9430,25.9,1.864,49.12,4.01,-120,2.00,
2026-09-02T19:49:47,2,1.843,47.44,46.9400,25.9,1.862,48.92,4.04,-120,2.00,
2026-09-02T19:49:49,2,1.858,48.67,46.9260,25.9,1.865,49.18,4.00,-120,2.25,
2026-09-02T19:49:51,2,1.843,47.44,46.9320,25.9,1.851,48.08,4.04,-120,2.25,
2026-09-02T19:49:52,2,1.861,48.86,46.9350,25.9,1.866,49.25,4.00,-120,2.00,
2026-09-02T19:49:53,2,1.842,47.38,46.9290,25.9,1.861,48.86,4.03,-120,2.25,
2026-09-02T19:49:54,2,1.847,47.76,46.9400,25.9,1.863,49.05,4.02,-116,2.75,
2026-09-02T19:49:55,2,1.859,48.73,46.9420,25.9,1.865,49.18,4.01,-120,2.25,
2026-09-02T19:49:57,2,1.862,48.92,46.9390,25.9,1.870,49.57,4.00,-120,2.00,
2026-09-02T19:49:58,2,1.857,48.54,46.9450,25.9,1.864,49.12,4.01,-120,2.25,
2026-09-02T19:50:01,2,1.858,48.60,46.9310,25.9,1.862,48.99,4.00,-120,2.25,
2026-09-02T19:50:02,2,1.842,47.38,46.9360,25.9,1.862,48.92,4.04,-120,2.50,
2026-09-02T19:50:03,2,1.841,47.31,46.9270,25.9,1.861,48.86,4.03,-120,2.25,
2026-09-02T19:50:04,2,1.858,48.60,46.9260,25.9,1.866,49.25,4.01,-120,2.00,
2026-09-02T19:50:06,2,1.860,48.79,46.9170,25.9,1.865,49.18,4.00,-120,1.75,
2026-09-02T19:50:07,2,1.857,48.54,46.9130,25.9,1.863,49.05,4.01,-120,1.75,
2026-09-02T19:50:08,2,1.845,47.57,46.9220,25.9,1.860,48.79,4.03,-120,2.00,
2026-09-02T19:50:09,2,1.860,48.79,46.9170,25.9,1.867,49.37,4.00,-120,1.75,
2026-09-02T19:50:12,2,1.844,47.50,46.9160,25.9,1.862,48.99,4.02,-120,2.00,
2026-09-02T19:50:13,2,1.858,48.67,46.9180,25.9,1.855,48.41,4.01,-120,2.25,
2026-09-02T19:50:14,2,1.845,47.63,46.9130,25.9,1.860,48.79,4.03,-120,2.00,
2026-09-02T19:50:15,2,1.858,48.67,46.9110,25.9,1.866,49.25,4.01,-120,2.00,
2026-09-02T19:50:16,2,1.858,48.67,46.9130,25.9,1.869,49.50,4.01,-120,2.25,
2026-09-02T19:50:17,2,1.845,47.57,46.9150,25.9,1.863,49.05,4.03,-120,1.75,
2026-09-02T19:50:18,2,1.859,48.73,46.9170,25.9,1.864,49.12,4.01,-120,2.00,
2026-09-02T19:50:19,2,1.856,48.47,46.9140,25.9,1.878,50.28,4.02,-120,2.00,
2026-09-02T19:50:20,2,1.842,47.38,46.9090,25.9,1.865,49.18,4.03,-120,1.75,
2026-09-02T19:50:21,2,1.858,48.60,46.9090,25.9,1.864,49.12,4.01,-120,2.25,
2026-09-02T19:50:22,2,1.842,47.38,46.9030,25.9,1.861,48.86,4.04,-120,2.00,
2026-09-02T19:50:24,2,1.842,47.38,46.9110,25.9,1.866,49.25,4.02,-120,2.00,
2026-09-02T19:50:25,2,1.856,48.47,46.9110,25.9,1.865,49.18,4.01,-120,2.00,
2026-09-02T19:50:26,2,1.847,47.76,46.9240,25.9,1.862,48.99,4.04,-120,2.25,
2026-09-02T19:50:27,2,1.860,48.79,46.9340,25.9,1.865,49.18,4.00,-121,1.75,
2026-09-02T19:50:28,2,1.859,48.73,46.9340,25.9,1.866,49.25,4.01,-120,2.00,
2026-09-02T19:50:29,2,1.844,47.50,46.9350,25.9,1.862,48.92,4.04,-120,2.00,
2026-09-02T19:50:30,2,1.858,48.67,46.9450,25.9,1.865,49.18,4.01,-120,2.50,
2026-09-02T19:50:31,2,1.842,47.38,46.9370,25.9,1.863,49.05,4.03,-120,1.75,
2026-09-02T19:50:32,2,1.842,47.38,46.9300,25.9,1.862,48.99,4.03,-121,2.00,
2026-09-02T19:50:33,2,1.855,48.41,46.9300,25.9,1.868,49.44,4.01,-120,2.25,
2026-09-02T19:50:34,2,1.843,47.44,46.9310,25.9,1.863,49.05,4.03,-120,2.00,
2026-09-02T19:50:36,2,1.861,48.86,46.9360,25.9,1.868,49.44,4.00,-120,2.00,
2026-09-02T19:50:37,2,1.858,48.67,46.9350,25.9,1.863,49.05,4.01,-120,2.25,
2026-09-02T19:50:38,2,1.841,47.25,46.9270,25.9,1.862,48.99,4.03,-120,2.25,
2026-09-02T19:50:39,2,1.859,48.73,46.9350,25.9,1.868,49.44,4.01,-120,2.25,
2026-09-02T19:50:40,2,1.842,47.38,46.9370,25.9,1.862,48.99,4.03,-121,1.75,
2026-09-02T19:50:41,2,1.844,47.50,46.9400,25.9,1.860,48.79,4.03,-120,1.75,
2026-09-02T19:50:42,2,1.858,48.67,46.9400,25.9,1.865,49.18,4.00,-121,2.00,
2026-09-02T19:50:43,2,1.842,47.38,46.9330,25.9,1.861,48.86,4.03,-120,2.00,
2026-09-02T19:50:44,2,1.861,48.86,46.9370,25.9,1.866,49.25,4.00,-120,2.00,
2026-09-02T19:50:45,2,1.857,48.54,46.9270,25.9,1.864,49.12,4.01,-120,2.50,
2026-09-02T19:50:46,2,1.843,47.44,46.9260,25.9,1.865,49.18,4.03,-120,2.25,
2026-09-02T19:50:48,2,1.858,48.67,46.9160,25.9,1.864,49.12,4.01,-120,2.50,
2026-09-02T19:50:49,2,1.840,47.18,46.9210,25.9,1.862,48.99,4.03,-120,2.00,
2026-09-02T19:50:50,2,1.845,47.63,46.9170,25.9,1.863,49.05,4.04,-120,2.00,
2026-09-02T19:50:51,2,1.857,48.54,46.9090,25.9,1.864,49.12,4.01,-120,2.00,
2026-09-02T19:50:52,2,1.840,47.18,46.9050,25.9,1.864,49.12,4.03,-120,2.25,
2026-09-02T19:50:53,2,1.862,48.92,46.9040,25.9,1.869,49.50,4.00,-120,2.25,
2026-09-02T19:50:54,2,1.857,48.54,46.9040,25.9,1.866,49.25,4.01,-120,2.25,
2026-09-02T19:50:55,2,1.844,47.50,46.8940,25.9,1.864,49.12,4.03,-120,1.75,
2026-09-02T19:50:59,2,1.845,47.57,46.8980,25.9,1.863,49.05,4.03,-120,1.75,
2026-09-02T19:51:00,2,1.860,48.79,46.8970,25.9,1.869,49.50,4.00,-121,2.25,
2026-09-02T19:51:01,2,1.841,47.31,46.9040,25.9,1.861,48.86,4.03,-120,2.00,
2026-09-02T19:51:03,2,1.857,48.54,46.9120,25.9,1.865,49.18,4.01,-120,2.25,
2026-09-02T19:51:04,2,1.843,47.44,46.9040,25.9,1.862,48.92,4.03,-120,2.00,
2026-09-02T19:51:05,2,1.862,48.92,46.9090,25.9,1.865,49.18,4.01,-121,2.00,
2026-09-02T19:51:06,2,1.852,48.15,46.8990,25.9,1.862,48.92,4.02,-120,2.00,
2026-09-02T19:51:08,2,1.859,48.73,46.9140,25.9,1.866,49.25,3.99,-120,2.00,
2026-09-02T19:51:09,2,1.845,47.63,46.9180,25.9,1.862,48.92,4.03,-121,1.50,
2026-09-02T19:51:11,2,1.845,47.63,46.9220,25.9,1.856,48.47,4.04,-120,2.00,
2026-09-02T19:51:12,2,1.859,48.73,46.9300,25.9,1.864,49.12,4.01,-120,2.00,
2026-09-02T19:51:13,2,1.846,47.70,46.9430,25.9,1.863,49.05,4.04,-120,2.25,
2026-09-02T19:51:14,2,1.860,48.79,46.9460,25.9,1.865,49.18,4.00,-120,2.00,
2026-09-02T19:51:15,2,1.859,48.73,46.9500,25.9,1.866,49.25,4.01,-120,2.00,
2026-09-02T19:51:16,2,1.843,47.44,46.9540,25.9,1.865,49.18,4.04,-120,1.75,
2026-09-02T19:51:17,2,1.859,48.73,46.9530,25.9,1.864,49.12,4.01,-120,2.25,
2026-09-02T19:51:18,2,1.843,47.44,46.9580,25.9,1.861,48.86,4.03,-120,2.50,
2026-09-02T19:51:19,2,1.843,47.44,46.9580,25.9,1.862,48.92,4.03,-120,2.50,
2026-09-02T19:51:20,2,1.859,48.73,46.9570,25.9,1.863,49.05,4.01,-120,2.00,
2026-09-02T19:51:21,2,1.844,47.50,46.9520,25.9,1.862,48.99,4.04,-120,2.25,
2026-09-02T19:51:23,2,1.860,48.79,46.9490,25.9,1.866,49.31,4.00,-120,2.25,
2026-09-02T19:51:24,2,1.858,48.60,46.9570,25.9,1.864,49.12,4.01,-120,2.50,
2026-09-02T19:51:25,2,1.842,47.38,46.9600,25.9,1.858,48.60,4.04,-120,2.00,
2026-09-02T19:51:26,2,1.858,48.67,46.9720,25.9,1.865,49.18,4.00,-120,1.75,
2026-09-02T19:51:27,2,1.845,47.57,46.9550,25.9,1.858,48.67,4.03,-120,2.00,
2026-09-02T19:51:28,2,1.845,47.63,46.9590,25.9,1.865,49.18,4.03,-120,2.00,
2026-09-02T19:51:29,2,1.856,48.47,46.9480,25.9,1.863,49.05,4.01,-120,2.00,
2026-09-02T19:51:30,2,1.844,47.50,46.9410,25.9,1.862,48.99,4.03,-120,2.25,
2026-09-02T19:51:31,2,1.870,49.63,46.9420,25.9,1.864,49.12,4.02,-120,2.25,
2026-09-02T19:51:32,2,1.858,48.67,46.9290,25.9,1.864,49.12,4.01,-120,2.00,
2026-09-02T19:51:35,2,1.858,48.67,46.9440,25.9,1.863,49.05,4.00,-120,2.00,
2026-09-02T19:51:36,2,1.843,47.44,46.9410,25.9,1.862,48.99,4.02,-120,2.25,
2026-09-02T19:51:37,2,1.841,47.25,46.9380,25.9,1.861,48.86,4.04,-120,2.25,
2026-09-02T19:51:39,2,1.845,47.57,46.9320,25.9,1.862,48.99,4.03,-120,2.00,
2026-09-02T19:51:40,2,1.862,48.99,46.9310,25.9,1.864,49.12,4.02,-120,2.25,
2026-09-02T19:51:41,2,1.858,48.60,46.9340,25.9,1.867,49.37,4.01,-120,1.75,
2026-09-02T19:51:42,2,1.847,47.76,46.9370,25.9,1.862,48.99,4.03,-121,2.25,
2026-09-02T19:51:43,2,1.860,48.79,46.9410,25.9,1.865,49.18,4.00,-121,2.00,
2026-09-02T19:51:44,2,1.860,48.79,46.9370,25.9,1.862,48.99,4.02,-120,2.25,
2026-09-02T19:51:45,2,1.841,47.31,46.9410,25.9,1.862,48.99,4.04,-120,2.25,
2026-09-02T19:51:47,2,1.858,48.67,46.9350,25.9,1.869,49.50,4.01,-120,2.25,
2026-09-02T19:51:48,2,1.845,47.57,46.9400,25.9,1.862,48.92,4.03,-120,2.00,
2026-09-02T19:51:49,2,1.861,48.86,46.9490,25.9,1.863,49.05,4.01,-120,1.75,
2026-09-02T19:51:50,2,1.860,48.79,46.9460,25.9,1.866,49.25,4.00,-120,1.75,
2026-09-02T19:51:51,2,1.842,47.38,46.9500,25.9,1.863,49.05,4.04,-120,2.50,
2026-09-02T19:51:52,2,1.859,48.73,46.9540,25.9,1.868,49.44,4.01,-120,1.75,
2026-09-02T19:51:54,2,1.842,47.38,46.9400,25.9,1.872,49.76,4.04,-121,2.00,
2026-09-02T19:51:55,2,1.859,48.73,46.9450,25.9,1.864,49.12,4.00,-120,1.75,
2026-09-02T19:51:56,2,1.844,47.50,46.9320,25.9,1.862,48.99,4.04,-120,2.00,
2026-09-02T19:51:58,2,1.859,48.73,46.9390,25.9,1.863,49.05,4.02,-120,2.00,
2026-09-02T19:52:00,2,1.843,47.44,46.9370,25.9,1.862,48.92,4.04,-120,2.00,
2026-09-02T19:52:01,2,1.860,48.79,46.9320,25.9,1.869,49.50,4.00,-120,2.00,
2026-09-02T19:52:02,2,1.857,48.54,46.9250,25.9,1.865,49.18,4.01,-120,2.50,
2026-09-02T19:52:03,2,1.845,47.57,46.9240,25.9,1.853,48.21,4.03,-120,2.00,
2026-09-02T19:52:05,2,1.843,47.44,46.9300,25.9,1.864,49.12,4.02,-120,2.25,
2026-09-02T19:52:06,2,1.850,48.02,46.9270,25.9,1.863,49.05,4.03,-120,2.00,
2026-09-02T19:52:07,2,1.857,48.54,46.9270,25.9,1.865,49.18,4.01,-120,2.00,
2026-09-02T19:52:08,2,1.843,47.44,46.9110,25.9,1.862,48.92,4.03,-120,2.25,
2026-09-02T19:52:10,2,1.861,48.86,46.9070,25.9,1.865,49.18,4.02,-120,2.25,
2026-09-02T19:52:11,2,1.859,48.73,46.9180,25.9,1.874,49.95,4.00,-120,2.00,
2026-09-02T19:52:12,2,1.845,47.57,46.9180,25.9,1.863,49.05,4.03,-120,2.00,
2026-09-02T19:52:13,2,1.858,48.60,46.9230,25.9,1.866,49.25,4.01,-120,2.50,
2026-09-02T19:52:14,2,1.844,47.50,46.9160,25.9,1.861,48.86,4.02,-120,2.25,
2026-09-02T19:52:15,2,1.842,47.38,46.9100,25.9,1.861,48.86,4.03,-120,2.50,
2026-09-02T19:52:16,2,1.859,48.73,46.9140,25.9,1.863,49.05,4.00,-120,2.00,
2026-09-02T19:52:17,2,1.841,47.31,46.9120,25.9,1.861,48.86,4.03,-120,2.25,
2026-09-02T19:52:18,2,1.858,48.67,46.9120,25.9,1.867,49.37,4.02,-120,2.25,
2026-09-02T19:52:19,2,1.859,48.73,46.8970,25.9,1.866,49.25,4.01,-120,2.25,
2026-09-02T19:52:20,2,1.841,47.25,46.8990,25.9,1.862,48.99,4.03,-120,2.00,
2026-09-02T19:52:22,2,1.858,48.67,46.9060,25.9,1.866,49.31,4.00,-120,2.25,
2026-09-02T19:52:23,2,1.845,47.63,46.9070,25.9,1.864,49.12,4.02,-120,2.25,
2026-09-02T19:52:25,2,1.856,48.47,46.8960,25.9,1.862,48.99,4.01,-121,2.25,
2026-09-02T19:52:26,2,1.842,47.38,46.9000,25.9,1.862,48.92,4.03,-120,2.00,
2026-09-02T19:52:27,2,1.862,48.92,46.8940,25.9,1.863,49.05,4.02,-120,2.25,
2026-09-02T19:52:28,2,1.857,48.54,46.9040,25.9,1.864,49.12,4.01,-120,2.00,
2026-09-02T19:52:29,2,1.843,47.44,46.8950,25.9,1.863,49.05,4.03,-120,2.00,
2026-09-02T19:52:30,2,1.858,48.67,46.8870,25.9,1.864,49.12,4.00,-120,2.25,
2026-09-02T19:52:31,2,1.853,48.21,46.8840,25.9,1.863,49.05,4.02,-120,2.00,
2026-09-02T19:52:32,2,1.842,47.38,46.8950,25.9,1.861,48.86,4.04,-120,2.00,
2026-09-02T19:52:34,2,1.861,48.86,46.8950,25.9,1.865,49.18,4.01,-120,2.00,
2026-09-02T19:52:35,2,1.844,47.50,46.9010,25.9,1.870,49.63,4.03,-121,2.00,
2026-09-02T19:52:36,2,1.858,48.67,46.9120,25.9,1.864,49.12,4.02,-120,2.25,
2026-09-02T19:52:37,2,1.853,48.28,46.9070,25.9,1.868,49.44,4.01,-120,2.00,
2026-09-02T19:52:38,2,1.844,47.50,46.9070,25.9,1.862,48.92,4.03,-120,2.00,
2026-09-02T19:52:39,2,1.859,48.73,46.9180,25.9,1.869,49.50,4.02,-121,2.25,
2026-09-02T19:52:40,2,1.844,47.50,46.9160,25.9,1.862,48.99,4.02,-120,2.00,
2026-09-02T19:52:41,2,1.843,47.44,46.9050,25.9,1.861,48.86,4.03,-120,2.00,
2026-09-02T19:52:42,2,1.857,48.54,46.9010,25.9,1.867,49.37,4.01,-121,2.00,
2026-09-02T19:52:43,2,1.842,47.38,46.9020,25.9,1.862,48.99,4.02,-120,2.25,
2026-09-02T19:52:45,2,1.862,48.92,46.8990,25.9,1.863,49.05,4.02,-120,1.75,
2026-09-02T19:52:46,2,1.858,48.60,46.8980,25.9,1.864,49.12,4.00,-120,2.00,
2026-09-02T19:52:47,2,1.834,46.73,46.8950,25.9,1.862,48.92,4.03,-120,2.00,
2026-09-02T19:52:48,2,1.858,48.60,46.8960,25.9,1.863,49.05,4.02,-120,2.00,
2026-09-02T19:52:51,2,1.859,48.73,46.9120,25.9,1.869,49.50,4.00,-120,2.00,
2026-09-02T19:52:52,2,1.838,47.05,46.9070,25.9,1.863,49.05,4.02,-120,2.25,
2026-09-02T19:52:53,2,1.858,48.67,46.9120,25.9,1.870,49.63,4.02,-120,2.25,
2026-09-02T19:52:54,2,1.858,48.60,46.9210,25.9,1.863,49.05,4.01,-120,2.00,
2026-09-02T19:52:57,2,1.860,48.79,46.9050,25.9,1.866,49.25,4.02,-120,2.00,
2026-09-02T19:52:58,2,1.859,48.73,46.9120,25.9,1.866,49.25,4.00,-120,2.00,
2026-09-02T19:52:59,2,1.844,47.50,46.9030,25.9,1.866,49.31,4.03,-120,2.25,
2026-09-02T19:53:00,2,1.859,48.73,46.9060,25.9,1.868,49.44,4.00,-120,2.00,
2026-09-02T19:53:02,2,1.844,47.50,46.9210,25.9,1.858,48.67,4.03,-120,2.25,
2026-09-02T19:53:03,2,1.858,48.67,46.9150,25.9,1.862,48.99,4.01,-120,1.75,
2026-09-02T19:53:04,2,1.845,47.63,46.9170,25.9,1.861,48.86,4.03,-120,2.25,
2026-09-02T19:53:05,2,1.856,48.47,46.9210,25.9,1.862,48.99,4.02,-120,2.50,
2026-09-02T19:53:06,2,1.856,48.47,46.9170,25.9,1.861,48.86,4.01,-120,2.00,
2026-09-02T19:53:07,2,1.844,47.50,46.9340,25.9,1.860,48.79,4.03,-120,2.25,
2026-09-02T19:53:09,2,1.859,48.73,46.9420,25.9,1.865,49.18,4.01,-120,2.00,
2026-09-02T19:53:10,2,1.838,47.05,46.9310,25.9,1.862,48.92,4.02,-120,2.00,
2026-09-02T19:53:11,2,1.843,47.44,46.9380,25.9,1.862,48.92,4.03,-120,2.25,
2026-09-02T19:53:12,2,1.858,48.60,46.9400,25.9,1.865,49.18,4.01,-120,2.00,
2026-09-02T19:53:13,2,1.844,47.50,46.9320,25.9,1.863,49.05,4.02,-121,2.00,
2026-09-02T19:53:14,2,1.872,49.76,46.9340,25.9,1.863,49.05,4.02,-120,1.75,
2026-09-02T19:53:15,2,1.858,48.67,46.9270,25.9,1.866,49.25,4.01,-120,2.00,
2026-09-02T19:53:16,2,1.845,47.57,46.9370,25.9,1.862,48.92,4.03,-120,2.00,
2026-09-02T19:53:17,2,1.858,48.67,46.9400,25.9,1.862,48.99,4.01,-120,2.00,
2026-09-02T19:53:18,2,1.843,47.44,46.9540,25.9,1.862,48.99,4.02,-121,2.00,
2026-09-02T19:53:19,2,1.844,47.50,46.9670,25.9,1.859,48.73,4.03,-120,1.50,
2026-09-02T19:53:21,2,1.858,48.60,46.9720,25.9,1.866,49.31,4.00,-120,2.00,
2026-09-02T19:53:22,2,1.845,47.63,46.9680,25.9,1.862,48.92,4.02,-120,1.75,
2026-09-02T19:53:23,2,1.852,48.15,46.9770,25.9,1.862,48.99,4.01,-120,2.00,
2026-09-02T19:53:24,2,1.858,48.67,46.9670,25.9,1.865,49.18,4.00,-120,2.00,
2026-09-02T19:53:25,2,1.845,47.63,46.9640,25.9,1.862,48.99,4.03,-120,2.25,
2026-09-02T19:53:26,2,1.858,48.60,46.9610,25.9,1.862,48.99,4.02,-120,2.25,
2026-09-02T19:53:27,2,1.845,47.57,46.9580,25.9,1.864,49.12,4.02,-120,2.25,
2026-09-02T19:53:28,2,1.843,47.44,46.9540,25.9,1.864,49.12,4.04,-120,2.25,
2026-09-02T19:53:30,2,1.844,47.50,46.9520,25.9,1.862,48.99,4.02,-120,2.00,
2026-09-02T19:53:32,2,1.864,49.12,46.9420,25.9,1.867,49.37,4.01,-120,2.25,
2026-09-02T19:53:33,2,1.859,48.73,46.9500,25.9,1.865,49.18,4.01,-120,2.25,
2026-09-02T19:53:34,2,1.842,47.38,46.9500,25.9,1.858,48.67,4.03,-120,2.25,
2026-09-02T19:53:35,2,1.858,48.67,46.9480,25.9,1.866,49.25,4.02,-120,2.00,
2026-09-02T19:53:36,2,1.843,47.44,46.9400,25.9,1.864,49.12,4.02,-120,2.00,
2026-09-02T19:53:37,2,1.842,47.38,46.9380,25.9,1.861,48.86,4.03,-120,2.25,
2026-09-02T19:53:38,2,1.858,48.67,46.9220,25.9,1.867,49.37,4.00,-120,2.00,
2026-09-02T19:53:39,2,1.843,47.44,46.9120,25.9,1.864,49.12,4.02,-120,2.25,
2026-09-02T19:53:40,2,1.843,47.44,46.9070,25.9,1.862,48.92,4.03,-120,2.25,
2026-09-02T19:53:41,2,1.858,48.60,46.9160,25.9,1.866,49.25,4.00,-116,2.75,
2026-09-02T19:53:42,2,1.845,47.57,46.9180,25.9,1.862,48.99,4.03,-120,2.00,
2026-09-02T19:53:44,2,1.857,48.54,46.9150,25.9,1.862,48.99,4.02,-120,2.25,
2026-09-02T19:53:45,2,1.857,48.54,46.9290,25.9,1.866,49.25,4.01,-120,2.25,
2026-09-02T19:53:46,2,1.841,47.31,46.9330,25.9,1.863,49.05,4.03,-120,2.25,
2026-09-02T19:53:48,2,1.845,47.63,46.9290,25.9,1.858,48.67,4.02,-120,2.00,
2026-09-02T19:53:49,2,1.845,47.57,46.9320,25.9,1.863,49.05,4.03,-120,1.75,
2026-09-02T19:53:50,2,1.857,48.54,46.9380,25.9,1.866,49.31,4.01,-120,2.00,
2026-09-02T19:53:51,2,1.845,47.63,46.9420,25.9,1.865,49.18,4.02,-120,2.00,
2026-09-02T19:53:53,2,1.858,48.67,46.9180,25.9,1.862,48.92,4.00,-120,2.25,
2026-09-02T19:53:54,2,1.843,47.44,46.9190,25.9,1.860,48.79,4.03,-120,2.25,
2026-09-02T19:53:56,2,1.855,48.41,46.9260,25.9,1.862,48.92,4.02,-120,2.00,
2026-09-02T19:53:57,2,1.844,47.50,46.9250,25.9,1.866,49.25,4.02,-120,2.25,
2026-09-02T19:53:59,2,1.858,48.60,46.9360,25.9,1.864,49.12,4.00,-120,2.25,
2026-09-02T19:54:00,2,1.844,47.50,46.9330,25.9,1.863,49.05,4.02,-120,2.00,
2026-09-02T19:54:01,2,1.859,48.73,46.9230,25.9,1.862,48.99,4.01,-120,2.00,
2026-09-02T19:54:02,2,1.855,48.41,46.9230,25.9,1.864,49.12,4.00,-120,2.00,
2026-09-02T19:54:03,2,1.840,47.18,46.9230,25.9,1.862,48.99,4.04,-120,2.00,
2026-09-02T19:54:04,2,1.858,48.60,46.9210,25.9,1.864,49.12,4.02,-120,2.00,
2026-09-02T19:54:05,2,1.847,47.76,46.9190,25.9,1.862,48.99,4.02,-120,2.00,
2026-09-02T19:54:06,2,1.844,47.50,46.9150,25.9,1.861,48.86,4.03,-120,2.25,
2026-09-02T19:54:08,2,1.860,48.79,46.9120,25.9,1.865,49.18,4.00,-120,2.25,
2026-09-02T19:54:09,2,1.844,47.50,46.9140,25.9,1.864,49.12,4.02,-120,2.25,
2026-09-02T19:54:10,2,1.849,47.89,46.9060,25.9,1.862,48.99,4.02,-120,2.25,
2026-09-02T19:54:11,2,1.858,48.60,46.8970,25.9,1.869,49.50,4.01,-120,1.75,
2026-09-02T19:54:12,2,1.842,47.38,46.9040,25.9,1.862,48.92,4.03,-120,1.75,
2026-09-02T19:54:14,2,1.844,47.50,46.9080,25.9,1.863,49.05,4.02,-120,2.50,
2026-09-02T19:54:15,2,1.845,47.57,46.9030,25.9,1.863,49.05,4.03,-121,2.25,
2026-09-02T19:54:16,2,1.858,48.60,46.8880,25.9,1.865,49.18,4.02,-120,2.50,
2026-09-02T19:54:17,2,1.844,47.50,46.8910,25.9,1.864,49.12,4.02,-120,2.00,
2026-09-02T19:54:19,2,1.860,48.79,46.8910,25.9,1.863,49.05,4.01,-120,1.75,
2026-09-02T19:54:20,2,1.856,48.47,46.8940,25.9,1.863,49.05,4.00,-120,2.25,
2026-09-02T19:54:21,2,1.843,47.44,46.8930,25.9,1.878,50.21,4.02,-120,2.25,
2026-09-02T19:54:22,2,1.858,48.60,46.8850,25.9,1.000,49.18,4.00,-120,0.00,
2026-09-02T19:54:23,2,1.842,47.38,46.8800,25.9,1.863,49.05,4.02,-120,2.00,
2026-09-02T19:54:24,2,1.842,47.38,46.8720,25.9,1.860,48.79,4.03,-120,2.25,
2026-09-02T19:54:25,2,1.858,48.60,46.8750,25.9,1.865,49.18,4.02,-120,2.00,
2026-09-02T19:54:26,2,1.844,47.50,46.8720,25.9,1.865,49.18,4.02,-120,2.25,
2026-09-02T19:54:27,2,1.853,48.28,46.8840,25.9,1.861,48.86,4.03,-120,2.00,
2026-09-02T19:54:28,2,1.858,48.60,46.8730,25.9,1.865,49.18,4.00,-120,2.25,
2026-09-02T19:54:29,2,1.844,47.50,46.8670,25.9,1.865,49.18,4.02,-120,2.00,
2026-09-02T19:54:31,2,1.857,48.54,46.8690,25.9,1.862,48.99,4.02,-121,2.00,
2026-09-02T19:54:32,2,1.858,48.60,46.8710,25.9,1.862,48.99,4.00,-121,-0.25,
2026-09-02T19:54:33,2,1.842,47.38,46.8670,25.9,1.861,48.86,4.03,-120,2.50,
2026-09-02T19:54:34,2,1.858,48.60,46.8720,25.9,1.864,49.12,4.02,-120,2.00,
2026-09-02T19:54:35,2,1.844,47.50,46.8760,25.9,1.864,49.12,4.02,-120,2.25,
2026-09-02T19:54:36,2,1.844,47.50,46.8860,25.9,1.863,49.05,4.03,-120,2.00,
2026-09-02T19:54:37,2,1.858,48.60,46.8860,25.9,1.865,49.18,4.00,-120,2.00,
2026-09-02T19:54:39,2,1.859,48.73,46.8670,25.9,1.872,49.76,4.02,-120,2.00,
2026-09-02T19:54:40,2,1.859,48.73,46.8700,25.9,1.869,49.50,4.00,-120,1.75,
2026-09-02T19:54:41,2,1.842,47.38,46.8730,25.9,1.858,48.60,4.03,-121,1.75,
2026-09-02T19:54:43,2,1.858,48.60,46.8800,25.9,1.862,48.99,4.02,-120,1.75,
2026-09-02T19:54:45,2,1.843,47.44,46.8760,25.9,1.862,48.92,4.02,-120,2.00,
2026-09-02T19:54:46,2,1.858,48.60,46.8830,25.9,1.865,49.18,4.02,-120,2.00,
2026-09-02T19:54:47,2,1.842,47.38,46.8720,25.9,1.862,48.92,4.02,-120,2.25,
2026-09-02T19:54:48,2,1.858,48.60,46.8790,25.9,1.864,49.12,4.01,-120,2.00,
2026-09-02T19:54:50,2,1.846,47.70,46.8870,25.9,1.863,49.05,4.02,-120,2.00,
2026-09-02T19:54:51,2,1.858,48.67,46.8890,25.9,1.862,48.92,4.02,-120,2.25,
2026-09-02T19:54:52,2,1.846,47.70,46.8910,25.9,1.878,50.28,4.02,-120,2.25,
2026-09-02T19:54:53,2,1.845,47.63,46.8970,25.9,1.862,48.92,4.03,-120,2.00,
2026-09-02T19:54:56,2,1.848,47.83,46.8840,25.9,1.860,48.79,4.02,-120,1.75,
2026-09-02T19:54:57,2,1.860,48.79,46.8850,25.9,1.864,49.12,4.01,-120,2.00,
2026-09-02T19:54:58,2,1.857,48.54,46.8910,25.9,1.863,49.05,4.00,-120,2.25,
2026-09-02T19:54:59,2,1.842,47.38,46.8930,25.9,1.862,48.99,4.02,-120,2.00,
2026-09-02T19:55:00,2,1.854,48.34,46.8860,25.9,1.866,49.25,4.01,-120,2.00,
2026-09-02T19:55:01,2,1.841,47.31,46.8750,25.9,1.865,49.18,4.00,-120,1.75,
2026-09-02T19:55:02,2,1.843,47.44,46.8660,25.9,1.861,48.86,4.03,-120,2.00,
2026-09-02T19:55:04,2,1.844,47.50,46.8600,25.9,1.863,49.05,4.02,-120,2.00,
2026-09-02T19:55:06,2,1.862,48.92,46.8610,25.9,1.863,49.05,4.01,-120,2.00,
2026-09-02T19:55:07,2,1.858,48.60,46.8550,25.9,1.867,49.37,4.00,-120,2.00,
2026-09-02T19:55:08,2,1.843,47.44,46.8590,25.9,1.863,49.05,4.02,-120,2.25,
2026-09-02T19:55:09,2,1.857,48.54,46.8590,25.9,1.863,49.05,4.01,-120,2.00,
2026-09-02T19:55:10,2,1.841,47.31,46.8610,25.9,1.864,49.12,4.01,-120,2.25,
2026-09-02T19:55:11,2,1.842,47.38,46.8590,25.9,1.863,49.05,4.03,-120,2.25,
2026-09-02T19:55:12,2,1.856,48.47,46.8630,25.9,1.865,49.18,4.02,-120,2.25,
2026-09-02T19:55:13,2,1.842,47.38,46.8600,25.9,1.863,49.05,4.01,-120,2.25,
2026-09-02T19:55:14,2,1.841,47.31,46.8670,25.9,1.862,48.99,4.03,-120,1.50,
2026-09-02T19:55:15,2,1.855,48.41,46.8760,25.9,1.864,49.12,4.02,-120,2.00,
2026-09-02T19:55:16,2,1.845,47.63,46.8830,25.9,1.867,49.37,4.02,-120,2.25,
2026-09-02T19:55:18,2,1.860,48.79,46.8730,25.9,1.862,48.92,4.02,-120,2.00,
2026-09-02T19:55:19,2,1.857,48.54,46.8870,25.9,1.865,49.18,4.01,-120,2.25,
2026-09-02T19:55:20,2,1.845,47.57,46.8960,25.9,1.862,48.99,4.02,-120,2.50,
2026-09-02T19:55:21,2,1.862,48.92,46.9110,25.9,1.862,48.99,4.02,-120,2.00,
2026-09-02T19:55:22,2,1.841,47.31,46.9120,25.9,1.864,49.12,4.02,-120,2.25,
2026-09-02T19:55:23,2,1.843,47.44,46.9130,25.9,1.863,49.05,4.03,-120,2.00,
2026-09-02T19:55:25,2,1.844,47.50,46.9200,25.9,1.866,49.25,4.02,-120,2.25,
2026-09-02T19:55:26,2,1.862,48.92,46.9250,25.9,1.863,49.05,4.02,-120,2.00,
2026-09-02T19:55:27,2,1.858,48.60,46.9240,25.9,1.864,49.12,4.00,-120,2.50,
2026-09-02T19:55:28,2,1.844,47.50,46.9210,25.9,1.862,48.99,4.02,-120,2.00,
2026-09-02T19:55:31,2,1.843,47.44,46.9100,25.9,1.858,48.67,4.02,-120,2.00,
2026-09-02T19:55:32,2,1.841,47.31,46.9070,25.9,1.863,49.05,4.03,-120,1.75,
2026-09-02T19:55:33,2,1.857,48.54,46.9070,25.9,1.862,48.92,4.02,-120,2.25,
2026-09-02T19:55:34,2,1.844,47.50,46.9070,25.9,1.865,49.18,4.02,-120,1.75,
2026-09-02T19:55:36,2,1.858,48.60,46.8990,25.9,1.863,49.05,4.00,-120,2.25,
2026-09-02T19:55:37,2,1.849,47.89,46.8950,25.9,1.862,48.92,4.02,-120,2.25,
2026-09-02T19:55:38,2,1.858,48.60,46.8790,25.9,1.862,48.99,4.02,-120,1.75,
2026-09-02T19:55:39,2,1.843,47.44,46.8690,25.9,1.864,49.12,4.01,-120,2.00,
2026-09-02T19:55:42,2,1.853,48.28,46.8680,25.9,1.862,48.92,4.02,-120,2.00,
2026-09-02T19:55:43,2,1.850,48.02,46.8710,25.9,1.864,49.12,4.02,-120,2.25,
2026-09-02T19:55:44,2,1.860,48.79,46.8680,25.9,1.862,48.99,4.01,-120,2.25,
2026-09-02T19:55:45,2,1.855,48.41,46.8700,25.9,1.862,48.99,4.01,-120,2.00,
2026-09-02T19:55:47,2,1.851,48.08,46.8480,25.9,1.864,49.12,4.01,-120,2.25,
2026-09-02T19:55:48,2,1.843,47.44,46.8560,25.9,1.862,48.99,4.02,-120,2.25,
2026-09-02T19:55:49,2,1.841,47.31,46.8660,25.9,1.864,49.12,4.02,-120,2.00,
2026-09-02T19:55:50,2,1.857,48.54,46.8650,25.9,1.862,48.99,4.02,-120,2.25,
2026-09-02T19:55:53,2,1.863,49.05,46.8710,25.9,1.863,49.05,4.01,-120,1.75,
2026-09-02T19:55:54,2,1.856,48.47,46.8770,25.9,1.863,49.05,4.01,-120,2.25,
2026-09-02T19:55:55,2,1.841,47.31,46.8840,25.9,1.865,49.18,4.02,-120,2.25,
2026-09-02T19:55:56,2,1.848,47.83,46.8890,25.9,1.862,48.92,4.02,-120,2.25,
2026-09-02T19:55:57,2,1.844,47.50,46.9030,25.9,1.862,48.99,4.01,-120,2.00,
2026-09-02T19:55:58,2,1.845,47.57,46.9090,25.9,1.862,48.92,4.02,-120,2.00,
2026-09-02T19:55:59,2,1.856,48.47,46.9110,25.9,1.863,49.05,4.01,-120,2.00,
2026-09-02T19:56:00,2,1.845,47.63,46.9120,25.9,1.863,49.05,4.02,-120,1.50,
2026-09-02T19:56:01,2,1.844,47.50,46.9200,25.9,1.862,48.99,4.03,-120,2.50,
2026-09-02T19:56:02,2,1.854,48.34,46.9280,25.9,1.864,49.12,4.02,-120,2.25,
2026-09-02T19:56:03,2,1.845,47.57,46.9410,25.9,1.864,49.12,4.01,-120,2.25,
2026-09-02T19:56:05,2,1.859,48.73,46.9420,25.9,1.863,49.05,4.02,-120,2.00,
2026-09-02T19:56:06,2,1.860,48.79,46.9380,25.9,1.865,49.18,4.00,-120,2.00,
2026-09-02T19:56:07,2,1.841,47.31,46.9520,25.9,1.863,49.05,4.02,-120,2.00,
2026-09-02T19:56:08,2,1.857,48.54,46.9460,25.9,1.853,48.28,4.02,-120,1.75,
2026-09-02T19:56:09,2,1.839,47.12,46.9350,25.9,1.864,49.12,4.02,-120,2.25,
2026-09-02T19:56:10,2,1.844,47.50,46.9280,25.9,1.863,49.05,4.03,-120,2.25,
2026-09-02T19:56:11,2,1.858,48.67,46.9300,25.9,1.862,48.99,4.02,-120,2.00,
2026-09-02T19:56:12,2,1.845,47.57,46.9290,25.9,1.862,48.92,4.01,-120,1.75,
2026-09-02T19:56:13,2,1.861,48.86,46.9170,25.9,1.861,48.86,4.01,-120,2.00,
2026-09-02T19:56:14,2,1.859,48.73,46.9200,25.9,1.865,49.18,4.01,-120,2.50,
2026-09-02T19:56:15,2,1.844,47.50,46.9100,25.9,1.861,48.86,4.02,-120,1.75,
2026-09-02T19:56:17,2,1.857,48.54,46.9130,25.9,1.862,48.92,4.02,-120,2.25,
2026-09-02T19:56:18,2,1.845,47.63,46.9060,25.9,1.866,49.25,4.02,-120,2.25,
2026-09-02T19:56:19,2,1.843,47.44,46.9080,25.9,1.863,49.05,4.02,-120,2.25,
2026-09-02T19:56:20,2,1.858,48.67,46.9020,25.9,1.863,49.05,4.02,-120,2.00,
2026-09-02T19:56:21,2,1.844,47.50,46.8830,25.9,1.865,49.18,4.01,-120,2.25,
2026-09-02T19:56:22,2,1.861,48.86,46.8880,25.9,1.863,49.05,4.01,-120,2.50,
2026-09-02T19:56:23,2,1.856,48.47,46.8760,25.9,1.862,48.99,4.02,-120,2.00,
2026-09-02T19:56:25,2,1.858,48.60,46.8830,25.9,1.863,49.05,4.01,-121,1.75,
2026-09-02T19:56:26,2,1.845,47.57,46.9010,25.9,1.866,49.25,4.02,-120,2.25,
2026-09-02T19:56:27,2,1.845,47.57,46.8930,25.9,1.863,49.05,4.02,-120,2.00,
2026-09-02T19:56:29,2,1.858,48.60,46.8990,25.9,1.862,48.99,4.02,-120,2.00,
2026-09-02T19:56:30,2,1.845,47.63,46.9190,25.9,1.868,49.44,4.02,-120,1.75,
2026-09-02T19:56:31,2,1.861,48.86,46.9170,25.9,1.863,49.05,4.01,-120,2.25,
2026-09-02T19:56:33,2,1.842,47.38,46.9150,25.9,1.862,48.99,4.02,-120,2.25,
2026-09-02T19:56:34,2,1.859,48.73,46.9040,25.9,1.863,49.05,4.02,-120,2.00,
2026-09-02T19:56:36,2,1.843,47.44,46.9040,25.9,1.864,49.12,4.02,-120,2.25,
2026-09-02T19:56:38,2,1.844,47.50,46.9200,25.9,1.869,49.50,4.01,-120,2.00,
2026-09-02T19:56:40,2,1.842,47.38,46.9250,25.9,1.860,48.79,4.03,-120,2.00,
2026-09-02T19:56:41,2,1.856,48.47,46.9280,25.9,1.862,48.92,4.02,-120,2.25,
2026-09-02T19:56:42,2,1.845,47.63,46.9200,25.9,1.862,48.99,4.01,-120,2.00,
2026-09-02T19:56:44,2,1.859,48.73,46.9210,25.9,1.864,49.12,4.02,-120,2.00,
2026-09-02T19:56:45,2,1.842,47.38,46.9210,25.9,1.863,49.05,4.02,-120,2.25,
2026-09-02T19:56:46,2,1.857,48.54,46.9180,25.9,1.865,49.18,4.02,-120,2.00,
2026-09-02T19:56:47,2,1.841,47.31,46.9220,25.9,1.864,49.12,4.01,-120,2.25,
2026-09-02T19:56:50,2,1.845,47.63,46.9080,25.9,1.859,48.73,4.02,-120,2.00,
2026-09-02T19:56:52,2,1.848,47.83,46.9160,25.9,1.863,49.05,4.02,-120,1.75,
2026-09-02T19:56:53,2,1.857,48.54,46.9180,25.9,1.862,48.92,4.01,-120,2.00,
2026-09-02T19:56:54,2,1.845,47.63,46.9220,25.9,1.862,48.99,4.02,-120,2.25,
2026-09-02T19:56:55,2,1.857,48.54,46.9250,25.9,1.862,48.99,4.01,-120,2.50,
2026-09-02T19:56:56,2,1.846,47.70,46.9230,25.9,1.862,48.92,4.01,-120,2.00,
2026-09-02T19:56:57,2,1.844,47.50,46.9220,25.9,1.863,49.05,4.02,-120,2.00,
2026-09-02T19:56:58,2,1.855,48.41,46.9130,25.9,1.866,49.31,4.01,-120,2.25,
2026-09-02T19:56:59,2,1.843,47.44,46.9130,25.9,1.863,49.05,4.02,-120,2.25,
2026-09-02T19:57:00,2,1.859,48.73,46.9200,25.9,1.861,48.86,4.01,-120,2.25,
2026-09-02T19:57:01,2,1.857,48.54,46.9240,25.9,1.863,49.05,4.02,-120,2.50,
2026-09-02T19:57:02,2,1.847,47.76,46.9370,25.9,1.866,49.25,4.02,-120,2.00,
2026-09-02T19:57:04,2,1.858,48.67,46.9290,25.9,1.864,49.12,4.02,-120,2.00,
2026-09-02T19:57:05,2,1.843,47.44,46.9210,25.9,1.864,49.12,4.01,-120,2.50,
2026-09-02T19:57:06,2,1.845,47.57,46.9230,25.9,1.864,49.12,4.02,-120,2.50,
2026-09-02T19:57:07,2,1.857,48.54,46.9280,25.9,1.861,48.86,4.02,-120,2.25,
2026-09-02T19:57:08,2,1.844,47.50,46.9260,25.9,1.862,48.99,4.01,-120,2.00,
2026-09-02T19:57:09,2,1.862,48.99,46.9180,25.9,1.864,49.12,4.01,-120,2.50,
2026-09-02T19:57:10,2,1.858,48.60,46.9280,25.9,1.865,49.18,4.02,-120,2.00,
2026-09-02T19:57:11,2,1.845,47.57,46.9240,25.9,1.866,49.25,4.02,-120,2.00,
2026-09-02T19:57:12,2,1.858,48.60,46.9270,25.9,1.862,48.92,4.02,-120,2.00,
2026-09-02T19:57:13,2,1.847,47.76,46.9390,25.9,1.865,49.18,4.00,-120,2.25,
2026-09-02T19:57:14,2,1.845,47.57,46.9420,25.9,1.866,49.25,4.02,-120,2.25,
2026-09-02T19:57:16,2,1.857,48.54,46.9320,25.9,1.863,49.05,4.02,-120,2.25,
2026-09-02T19:57:17,2,1.844,47.50,46.9420,25.9,1.870,49.63,4.02,-120,2.25,
2026-09-02T19:57:18,2,1.842,47.38,46.9490,25.9,1.862,48.92,4.02,-120,2.25,
2026-09-02T19:57:19,2,1.861,48.86,46.9460,25.9,1.862,48.99,4.02,-120,2.50,
2026-09-02T19:57:20,2,1.845,47.57,46.9390,25.9,1.862,48.99,4.02,-120,2.00,
2026-09-02T19:57:21,2,1.861,48.86,46.9250,25.9,1.863,49.05,4.01,-120,2.25,
2026-09-02T19:57:22,2,1.855,48.41,46.9200,25.9,1.864,49.12,4.02,-120,2.50,
2026-09-02T19:57:23,2,1.845,47.57,46.9260,25.9,1.865,49.18,4.02,-120,1.75,
2026-09-02T19:57:24,2,1.858,48.67,46.9220,25.9,1.863,49.05,4.02,-120,2.25,
2026-09-02T19:57:25,2,1.832,46.54,46.9220,25.9,1.863,49.05,4.01,-120,2.00,
2026-09-02T19:57:26,2,1.844,47.50,46.9210,25.9,1.862,48.92,4.02,-120,2.00,
2026-09-02T19:57:28,2,1.860,48.79,46.9170,25.9,1.863,49.05,4.02,-120,2.25,
2026-09-02T19:57:30,2,1.857,48.54,46.9130,25.9,1.862,48.92,4.01,-120,2.25,
2026-09-02T19:57:31,2,1.855,48.41,46.9110,25.9,1.863,49.05,4.02,-120,2.00,
2026-09-02T19:57:32,2,1.845,47.63,46.9060,25.9,1.866,49.25,4.02,-120,2.00,
2026-09-02T19:57:33,2,1.856,48.47,46.9000,25.9,1.863,49.05,4.01,-121,2.25,
2026-09-02T19:57:35,2,1.845,47.63,46.9090,25.9,1.864,49.12,4.02,-120,2.00,
2026-09-02T19:57:36,2,1.856,48.47,46.9040,25.9,1.866,49.25,4.02,-120,2.25,
2026-09-02T19:57:37,2,1.843,47.44,46.9100,25.9,1.862,48.92,4.02,-120,2.25,
2026-09-02T19:57:39,2,1.861,48.86,46.9090,25.9,1.864,49.12,4.02,-120,2.00,
2026-09-02T19:57:41,2,1.845,47.57,46.9070,25.9,1.861,48.86,4.02,-120,2.25,
2026-09-02T19:57:42,2,1.858,48.60,46.9150,25.9,1.864,49.12,4.02,-120,2.25,
2026-09-02T19:57:43,2,1.845,47.57,46.9140,25.9,1.866,49.25,4.01,-120,2.25,
2026-09-02T19:57:44,2,1.845,47.63,46.9270,25.9,1.864,49.12,4.02,-120,2.50,
2026-09-02T19:57:45,2,1.856,48.47,46.9260,25.9,1.864,49.12,4.02,-120,2.25,
2026-09-02T19:57:46,2,1.846,47.70,46.9130,25.9,1.866,49.25,4.02,-120,2.25,
2026-09-02T19:57:47,2,1.862,48.99,46.9150,25.9,1.864,49.12,4.00,-120,1.75,
2026-09-02T19:57:48,2,1.855,48.41,46.9130,25.9,1.868,49.44,4.02,-120,2.50,
2026-09-02T19:57:49,2,1.843,47.44,46.9160,25.9,1.863,49.05,4.01,-120,1.75,
2026-09-02T19:57:51,2,1.856,48.47,46.9170,25.9,1.864,49.12,4.01,-120,2.25,
2026-09-02T19:57:52,2,1.841,47.31,46.9180,25.9,1.863,49.05,4.02,-120,1.75,
2026-09-02T19:57:53,2,1.845,47.57,46.9150,25.9,1.863,49.05,4.02,-120,2.25,
2026-09-02T19:57:54,2,1.855,48.41,46.9020,25.9,1.865,49.18,4.02,-120,2.25,
2026-09-02T19:57:55,2,1.842,47.38,46.9120,25.9,1.867,49.37,4.01,-120,2.25,
2026-09-02T19:57:56,2,1.843,47.44,46.9150,25.9,1.866,49.25,4.01,-120,2.50,
2026-09-02T19:57:57,2,1.857,48.54,46.9030,25.9,1.862,48.99,4.02,-120,2.00,
2026-09-02T19:57:58,2,1.845,47.57,46.9190,25.9,1.862,48.99,4.02,-120,2.00,
2026-09-02T19:57:59,2,1.860,48.79,46.9250,25.9,1.865,49.18,4.01,-120,2.25,
2026-09-02T19:58:00,2,1.861,48.86,46.9450,25.9,1.862,48.99,4.02,-120,2.25,
2026-09-02T19:58:01,2,1.839,47.12,46.9360,25.9,1.862,48.99,4.01,-120,2.25,
2026-09-02T19:58:03,2,1.858,48.67,46.9320,25.9,1.860,48.79,4.01,-120,2.00,
2026-09-02T19:58:04,2,1.846,47.70,46.9480,25.9,1.864,49.12,4.01,-120,1.75,
2026-09-02T19:58:05,2,1.843,47.44,46.9430,25.9,1.866,49.25,4.02,-120,2.00,
2026-09-02T19:58:06,2,1.857,48.54,46.9500,25.9,1.862,48.99,4.02,-120,2.00,
2026-09-02T19:58:07,2,1.845,47.63,46.9560,25.9,1.864,49.12,4.02,-120,2.50,
2026-09-02T19:58:08,2,1.862,48.99,46.9520,25.9,1.864,49.12,4.01,-120,2.25,
2026-09-02T19:58:09,2,1.857,48.54,46.9390,25.9,1.862,48.99,4.02,-120,2.00,
2026-09-02T19:58:10,2,1.843,47.44,46.9440,25.9,1.860,48.79,4.02,-120,2.00,
2026-09-02T19:58:11,2,1.858,48.67,46.9420,25.9,1.862,48.92,4.01,-120,1.75,
2026-09-02T19:58:12,2,1.843,47.44,46.9390,25.9,1.863,49.05,4.02,-120,2.00,
2026-09-02T19:58:13,2,1.843,47.44,46.9340,25.9,1.863,49.05,4.02,-120,2.25,
2026-09-02T19:58:15,2,1.858,48.67,46.9300,25.9,1.864,49.12,4.02,-120,2.25,
2026-09-02T19:58:16,2,1.843,47.44,46.9350,25.9,1.864,49.12,4.01,-120,2.00,
2026-09-02T19:58:17,2,1.863,49.05,46.9480,25.9,1.862,48.92,4.00,-120,2.00,
2026-09-02T19:58:18,2,1.859,48.73,46.9380,25.9,1.863,49.05,4.02,-120,2.25,
2026-09-02T19:58:19,2,1.842,47.38,46.9340,25.9,1.862,48.92,4.02,-119,2.50,
2026-09-02T19:58:20,2,1.857,48.54,46.9250,25.9,1.850,48.02,4.02,-120,2.00,
2026-09-02T19:58:21,2,1.842,47.38,46.9180,25.9,1.863,49.05,4.03,-120,2.25,
2026-09-02T19:58:22,2,1.841,47.25,46.9200,25.9,1.865,49.18,4.02,-120,1.75,
2026-09-02T19:58:23,2,1.857,48.54,46.9090,25.9,1.861,48.86,4.02,-120,2.00,
2026-09-02T19:58:24,2,1.843,47.44,46.9040,25.9,1.864,49.12,4.02,-120,2.00,
2026-09-02T19:58:27,2,1.855,48.41,46.9060,25.9,1.865,49.18,4.02,-120,1.75,
2026-09-02T19:58:28,2,1.843,47.44,46.9110,25.9,1.865,49.18,4.02,-120,2.25,
2026-09-02T19:58:29,2,1.860,48.79,46.9150,25.9,1.864,49.12,4.02,-120,1.75,
2026-09-02T19:58:30,2,1.855,48.41,46.9120,25.9,1.863,49.05,4.02,-120,2.00,
2026-09-02T19:58:32,2,1.858,48.60,46.9240,25.9,1.863,49.05,4.01,-120,2.00,
2026-09-02T19:58:33,2,1.843,47.44,46.9260,25.9,1.864,49.12,4.01,-120,2.50,
2026-09-02T19:58:34,2,1.844,47.50,46.9220,25.9,1.867,49.37,4.01,-120,2.00,
2026-09-02T19:58:35,2,1.857,48.54,46.9210,25.9,1.862,48.99,4.01,-120,2.00,
2026-09-02T19:58:38,2,1.859,48.73,46.9180,25.9,1.863,49.05,4.01,-120,1.75,
2026-09-02T19:58:39,2,1.856,48.47,46.9190,25.9,1.863,49.05,4.02,-120,2.25,
2026-09-02T19:58:40,2,1.842,47.38,46.9130,25.9,1.862,48.99,4.02,-120,2.00,
2026-09-02T19:58:41,2,1.856,48.47,46.9200,25.9,1.861,48.86,4.01,-120,2.00,
2026-09-02T19:58:42,2,1.845,47.63,46.9110,25.9,1.865,49.18,4.01,-120,2.25,
2026-09-02T19:58:43,2,1.847,47.76,46.9160,25.9,1.864,49.12,4.02,-120,1.75,
2026-09-02T19:58:44,2,1.855,48.41,46.9170,25.9,1.862,48.92,4.02,-120,2.00,
2026-09-02T19:58:45,2,1.843,47.44,46.9160,25.9,1.862,48.92,4.01,-120,1.75,
2026-09-02T19:58:46,2,1.865,49.18,46.9100,25.9,1.862,48.99,4.00,-120,2.00,
2026-09-02T19:58:47,2,1.857,48.54,46.9130,25.9,1.863,49.05,4.02,-120,2.75,
2026-09-02T19:58:48,2,1.845,47.57,46.9100,25.9,1.863,49.05,4.02,-121,2.00,
2026-09-02T19:58:50,2,1.858,48.60,46.9160,25.9,1.863,49.05,4.02,-120,2.25,
2026-09-02T19:58:51,2,1.846,47.70,46.9250,25.9,1.860,48.79,4.03,-120,2.00,
2026-09-02T19:58:52,2,1.844,47.50,46.9260,25.9,1.858,48.67,4.01,-120,2.25,
2026-09-02T19:58:53,2,1.856,48.47,46.9260,25.9,1.863,49.05,4.02,-120,2.00,
2026-09-02T19:58:54,2,1.843,47.44,46.9350,25.9,1.865,49.18,4.02,-120,2.50,
2026-09-02T19:58:55,2,1.860,48.79,46.9310,25.9,1.868,49.44,4.01,-120,2.00,
2026-09-02T19:58:56,2,1.856,48.47,46.9200,25.9,1.863,49.05,4.02,-120,2.00,
2026-09-02T19:58:57,2,1.847,47.76,46.9250,25.9,1.864,49.12,4.02,-120,2.25,
2026-09-02T19:58:58,2,1.859,48.73,46.9190,25.9,1.862,48.92,4.01,-120,2.25,
2026-09-02T19:58:59,2,1.855,48.41,46.9320,25.9,1.866,49.31,4.02,-120,2.25,
2026-09-02T19:59:00,2,1.845,47.63,46.9360,25.9,1.863,49.05,4.01,-120,2.25,
2026-09-02T19:59:02,2,1.858,48.67,46.9390,25.9,1.862,48.99,4.01,-120,2.25,
2026-09-02T19:59:03,2,1.844,47.50,46.9420,25.9,1.864,49.12,4.01,-120,2.00,
2026-09-02T19:59:04,2,1.839,47.12,46.9410,25.9,1.865,49.18,4.02,-120,2.00,
2026-09-02T19:59:05,2,1.856,48.47,46.9350,25.9,1.865,49.18,4.02,-120,2.00,
2026-09-02T19:59:06,2,1.843,47.44,46.9370,25.9,1.863,49.05,4.02,-120,2.25,
2026-09-02T19:59:07,2,1.859,48.73,46.9340,25.9,1.865,49.18,4.01,-120,2.00,
2026-09-02T19:59:08,2,1.855,48.41,46.9240,25.9,1.862,48.92,4.01,-120,2.50,
2026-09-02T19:59:09,2,1.845,47.57,46.9210,25.9,1.861,48.86,4.02,-120,2.00,
2026-09-02T19:59:10,2,1.857,48.54,46.9100,25.9,1.864,49.12,4.02,-120,1.75,
2026-09-02T19:59:11,2,1.845,47.57,46.9160,25.9,1.864,49.12,4.01,-120,2.25,
2026-09-02T19:59:13,2,1.845,47.63,46.9090,25.9,1.870,49.63,4.02,-120,2.25,
2026-09-02T19:59:14,2,1.857,48.54,46.9100,25.9,1.862,48.92,4.02,-120,2.00,
2026-09-02T19:59:15,2,1.848,47.83,46.9020,25.9,1.862,48.99,4.02,-120,2.50,
2026-09-02T19:59:16,2,1.862,48.92,46.9070,25.9,1.864,49.12,4.00,-120,2.00,
2026-09-02T19:59:17,2,1.856,48.47,46.9020,25.9,1.861,48.86,4.00,-115,2.00,
2026-09-02T19:59:18,2,1.846,47.70,46.9050,25.9,1.864,49.12,4.01,-120,2.25,
2026-09-02T19:59:19,2,1.858,48.60,46.9020,25.9,1.862,48.99,4.01,-120,2.25,
2026-09-02T19:59:20,2,1.841,47.31,46.8990,25.9,1.865,49.18,4.03,-120,2.25,
2026-09-02T19:59:21,2,1.843,47.44,46.8960,25.9,1.862,48.92,4.02,-120,2.25,
2026-09-02T19:59:23,2,1.844,47.50,46.8900,25.9,1.862,48.92,4.01,-120,2.50,
2026-09-02T19:59:25,2,1.861,48.86,46.8870,25.9,1.864,49.12,4.00,-120,2.25,
2026-09-02T19:59:26,2,1.858,48.60,46.8960,25.9,1.864,49.12,4.01,-120,2.25,
2026-09-02T19:59:27,2,1.843,47.44,46.9140,25.9,1.863,49.05,4.02,-120,2.25,
2026-09-02T19:59:29,2,1.858,48.60,46.9080,25.9,1.862,48.99,4.01,-121,2.25,
2026-09-02T19:59:30,2,1.845,47.57,46.9070,25.9,1.863,49.05,4.02,-120,2.25,
2026-09-02T19:59:31,2,1.855,48.41,46.9020,25.9,1.866,49.25,4.02,-120,2.00,
2026-09-02T19:59:32,2,1.843,47.44,46.9110,25.9,1.876,50.08,4.01,-120,2.00,
2026-09-02T19:59:34,2,1.855,48.41,46.9260,25.9,1.864,49.12,4.02,-120,2.25,
2026-09-02T19:59:35,2,1.843,47.44,46.9410,25.9,1.863,49.05,4.02,-120,2.25,
2026-09-02T19:59:37,2,1.860,48.79,46.9410,25.9,1.862,48.99,4.01,-120,2.25,
2026-09-02T19:59:38,2,1.858,48.60,46.9400,25.9,1.865,49.18,4.01,-120,2.25,
2026-09-02T19:59:39,2,1.847,47.76,46.9390,25.9,1.863,49.05,4.02,-120,2.00,
2026-09-02T19:59:40,2,1.856,48.47,46.9480,25.9,1.864,49.12,4.01,-120,2.00,
2026-09-02T19:59:41,2,1.845,47.57,46.9520,25.9,1.862,48.99,4.01,-120,2.00,
2026-09-02T19:59:42,2,1.837,46.92,46.9580,25.9,1.862,48.92,4.02,-120,2.00,
2026-09-02T19:59:43,2,1.857,48.54,46.9550,25.9,1.866,49.25,4.02,-120,2.25,
2026-09-02T19:59:44,2,1.846,47.70,46.9540,25.9,1.866,49.25,4.01,-120,2.25,
2026-09-02T19:59:45,2,1.862,48.99,46.9470,25.9,1.863,49.05,4.00,-121,2.00,
2026-09-02T19:59:46,2,1.856,48.47,46.9540,25.9,1.863,49.05,4.02,-120,1.75,
2026-09-02T19:59:47,2,1.843,47.44,46.9600,25.9,1.864,49.12,4.02,-120,2.25,
2026-09-02T19:59:49,2,1.858,48.67,46.9540,25.9,1.863,49.05,4.01,-120,2.25,
2026-09-02T19:59:50,2,1.843,47.44,46.9600,25.9,1.862,48.92,4.03,-120,2.50,
2026-09-02T19:59:51,2,1.845,47.57,46.9710,25.9,1.862,48.99,4.02,-120,2.50,
2026-09-02T19:59:52,2,1.858,48.67,46.9570,25.9,1.856,48.47,4.01,-120,2.00,
2026-09-02T19:59:53,2,1.846,47.70,46.9580,25.9,1.862,48.99,4.01,-120,2.25,
2026-09-02T19:59:54,2,1.862,48.99,46.9520,25.9,1.866,49.25,4.00,-120,2.00,
2026-09-02T19:59:55,2,1.856,48.47,46.9420,25.9,1.862,48.99,4.02,-120,2.00,
2026-09-02T19:59:56,2,1.844,47.50,46.9380,25.9,1.868,49.44,4.01,-120,2.25,
2026-09-02T19:59:57,2,1.859,48.73,46.9360,25.9,1.862,48.99,4.01,-120,2.25,
2026-09-02T19:59:58,2,1.845,47.57,46.9350,25.9,1.862,48.92,4.03,-120,1.75,
2026-09-02T20:00:00,2,1.843,47.44,46.9430,25.9,1.864,49.12,4.01,-120,2.25,
2026-09-02T20:00:01,2,1.858,48.60,46.9340,25.9,1.863,49.05,4.02,-120,2.25,
2026-09-02T20:00:02,2,1.845,47.57,46.9300,25.9,1.862,48.99,4.01,-120,2.00,
2026-09-02T20:00:03,2,1.844,47.50,46.9320,25.9,1.862,48.92,4.02,-120,2.25,
2026-09-02T20:00:04,2,1.856,48.47,46.9330,25.9,1.864,49.12,4.02,-120,2.25,
2026-09-02T20:00:05,2,1.848,47.83,46.9360,25.9,1.863,49.05,4.02,-120,2.00,
2026-09-02T20:00:06,2,1.859,48.73,46.9440,25.9,1.862,48.99,4.02,-120,2.00,
2026-09-02T20:00:07,2,1.856,48.47,46.9440,25.9,1.861,48.86,4.02,-120,2.25,
2026-09-02T20:00:08,2,1.841,47.31,46.9390,25.9,1.864,49.12,4.02,-120,2.25,
2026-09-02T20:00:09,2,1.858,48.60,46.9440,25.9,1.864,49.12,4.02,-120,2.00,
2026-09-02T20:00:10,2,1.844,47.50,46.9470,25.9,1.871,49.70,4.01,-120,2.25,
2026-09-02T20:00:12,2,1.845,47.57,46.9410,25.9,1.868,49.44,4.02,-120,2.25,
2026-09-02T20:00:13,2,1.857,48.54,46.9370,25.9,1.864,49.12,4.02,-120,2.00,
2026-09-02T20:00:14,2,1.853,48.21,46.9370,25.9,1.865,49.18,4.00,-113,4.25,
2026-09-02T20:00:15,2,1.861,48.86,46.9440,25.9,1.863,49.05,4.01,-121,2.25,
2026-09-02T20:00:16,2,1.858,48.67,46.9370,25.9,1.862,48.99,4.02,-120,2.25,
2026-09-02T20:00:17,2,1.845,47.63,46.9460,25.9,1.866,49.31,4.01,-120,2.25,
2026-09-02T20:00:18,2,1.859,48.73,46.9490,25.9,1.863,49.05,4.01,-120,2.25,
2026-09-02T20:00:20,2,1.844,47.50,46.9390,25.9,1.864,49.12,4.02,-120,2.25,
2026-09-02T20:00:21,2,1.860,48.79,46.9460,25.9,1.865,49.18,4.01,-120,2.00,
2026-09-02T20:00:22,2,1.843,47.44,46.9520,25.9,1.863,49.05,4.01,-120,2.00,
2026-09-02T20:00:24,2,1.866,49.31,46.9420,25.9,1.864,49.12,4.00,-120,2.00,
2026-09-02T20:00:26,2,1.845,47.57,46.9430,25.9,1.866,49.31,4.01,-120,2.25,
2026-09-02T20:00:27,2,1.858,48.60,46.9250,25.9,1.867,49.37,4.02,-120,2.00,
2026-09-02T20:00:28,2,1.843,47.44,46.9330,25.9,1.866,49.31,4.03,-120,2.00,
2026-09-02T20:00:29,2,1.842,47.38,46.9220,25.9,1.863,49.05,4.01,-120,2.25,
2026-09-02T20:00:31,2,1.846,47.70,46.9340,25.9,1.869,49.50,4.01,-120,2.00,
2026-09-02T20:00:32,2,1.862,48.99,46.9360,25.9,1.863,49.05,4.00,-120,2.00,
2026-09-02T20:00:33,2,1.856,48.47,46.9300,25.9,1.862,48.99,4.01,-121,2.25,
2026-09-02T20:00:34,2,1.845,47.57,46.9290,25.9,1.867,49.37,4.01,-120,2.25,
2026-09-02T20:00:36,2,1.858,48.60,46.9240,25.9,1.864,49.12,4.02,-120,2.25,
2026-09-02T20:00:37,2,1.841,47.31,46.9220,25.9,1.863,49.05,4.03,-120,1.75,
2026-09-02T20:00:38,2,1.843,47.44,46.9280,25.9,1.863,49.05,4.01,-120,2.00,
2026-09-02T20:00:39,2,1.858,48.60,46.9240,25.9,1.863,49.05,4.02,-120,2.50,
2026-09-02T20:00:40,2,1.844,47.50,46.9280,25.9,1.865,49.18,4.01,-120,2.25,
2026-09-02T20:00:41,2,1.842,47.38,46.9200,25.9,1.864,49.12,4.02,-120,2.50,
2026-09-02T20:00:42,2,1.857,48.54,46.9100,25.9,1.869,49.50,4.02,-120,2.25,
2026-09-02T20:00:43,2,1.844,47.50,46.9130,25.9,1.866,49.25,4.01,-121,2.00,
2026-09-02T20:00:44,2,1.863,49.05,46.9070,25.9,1.863,49.05,4.01,-120,2.00,
2026-09-02T20:00:45,2,1.853,48.28,46.8960,25.9,1.862,48.92,4.01,-120,1.75,
2026-09-02T20:00:47,2,1.842,47.38,46.8910,25.9,1.863,49.05,4.02,-121,2.00,
2026-09-02T20:00:48,2,1.856,48.47,46.8990,25.9,1.868,49.44,4.01,-120,2.25,
2026-09-02T20:00:49,2,1.843,47.44,46.8940,25.9,1.862,48.99,4.03,-120,2.00,
2026-09-02T20:00:50,2,1.841,47.31,46.9010,25.9,1.850,48.02,4.01,-120,2.00,
2026-09-02T20:00:51,2,1.854,48.34,46.9020,25.9,1.864,49.12,4.01,-120,2.50,
2026-09-02T20:00:52,2,1.844,47.50,46.9030,25.9,1.864,49.12,4.01,-120,2.00,
2026-09-02T20:00:53,2,1.862,48.92,46.9100,25.9,1.865,49.18,4.00,-120,2.00,
2026-09-02T20:00:54,2,1.856,48.47,46.8990,25.9,1.862,48.99,4.01,-120,2.00,
2026-09-02T20:00:55,2,1.836,46.86,46.8920,25.9,1.863,49.05,4.02,-120,1.75,
2026-09-02T20:00:56,2,1.858,48.67,46.8950,25.9,1.863,49.05,4.02,-120,2.00,
2026-09-02T20:00:57,2,1.837,46.92,46.9010,25.9,1.862,48.99,4.03,-120,2.00,
2026-09-02T20:00:59,2,1.844,47.50,46.8910,25.9,1.863,49.05,4.02,-120,2.00,
2026-09-02T20:01:00,2,1.859,48.73,46.9010,25.9,1.862,48.99,4.01,-120,2.00,
2026-09-02T20:01:01,2,1.842,47.38,46.9070,25.9,1.865,49.18,4.02,-120,2.00,
2026-09-02T20:01:02,2,1.862,48.99,46.9190,25.9,1.868,49.44,4.00,-120,2.25,
2026-09-02T20:01:03,2,1.858,48.67,46.9200,25.9,1.863,49.05,4.01,-120,2.25,
2026-09-02T20:01:04,2,1.843,47.44,46.9210,25.9,1.865,49.18,4.02,-120,2.25,
2026-09-02T20:01:05,2,1.857,48.54,46.9340,25.9,1.861,48.86,4.02,-120,2.00,
2026-09-02T20:01:06,2,1.844,47.50,46.9390,25.9,1.860,48.79,4.03,-120,2.25,
2026-09-02T20:01:07,2,1.841,47.25,46.9440,25.9,1.876,50.08,4.02,-120,2.00,
2026-09-02T20:01:08,2,1.858,48.67,46.9440,25.9,1.863,49.05,4.01,-120,2.00,
2026-09-02T20:01:09,2,1.845,47.63,46.9490,25.9,1.864,49.12,4.01,-120,2.00,
2026-09-02T20:01:11,2,1.863,49.05,46.9390,25.9,1.862,48.99,4.00,-118,2.00,
2026-09-02T20:01:12,2,1.853,48.28,46.9330,25.9,1.862,48.92,4.02,-120,2.00,
2026-09-02T20:01:13,2,1.844,47.50,46.9380,25.9,1.863,49.05,4.01,-120,2.25,
2026-09-02T20:01:14,2,1.856,48.47,46.9420,25.9,1.862,48.99,4.02,-120,2.25,
2026-09-02T20:01:15,2,1.844,47.50,46.9350,25.9,1.861,48.86,4.03,-120,2.25,
2026-09-02T20:01:17,2,1.852,48.15,46.9320,25.9,1.869,49.50,4.01,-120,1.50,
2026-09-02T20:01:18,2,1.844,47.50,46.9440,25.9,1.862,48.99,4.01,-120,2.00,
2026-09-02T20:01:19,2,1.862,48.92,46.9380,25.9,1.863,49.05,4.00,-120,2.25,
2026-09-02T20:01:20,2,1.858,48.60,46.9350,25.9,1.863,49.05,4.02,-120,2.50,
2026-09-02T20:01:23,2,1.857,48.54,46.9140,25.9,1.863,49.05,4.01,-121,2.25,
2026-09-02T20:01:24,2,1.845,47.57,46.9130,25.9,1.863,49.05,4.03,-120,2.25,
2026-09-02T20:01:25,2,1.844,47.50,46.9140,25.9,1.863,49.05,4.02,-120,2.00,
2026-09-02T20:01:26,2,1.857,48.54,46.9080,25.9,1.865,49.18,4.02,-120,2.00,
2026-09-02T20:01:28,2,1.844,47.50,46.9050,25.9,1.866,49.25,4.02,-120,2.25,
2026-09-02T20:01:29,2,1.857,48.54,46.8950,25.9,1.862,48.99,4.02,-120,2.25,
2026-09-02T20:01:30,2,1.845,47.57,46.8900,25.9,1.864,49.12,4.01,-120,2.25,
2026-09-02T20:01:31,2,1.875,50.02,46.8870,25.9,1.864,49.12,4.00,-120,2.25,
2026-09-02T20:01:32,2,1.854,48.34,46.8900,25.9,1.864,49.12,4.01,-120,2.25,
2026-09-02T20:01:34,2,1.842,47.38,46.8760,25.9,1.865,49.18,4.01,-121,1.75,
2026-09-02T20:01:35,2,1.855,48.41,46.8820,25.9,1.864,49.12,4.01,-120,2.25,
2026-09-02T20:01:36,2,1.843,47.44,46.8760,25.9,1.862,48.99,4.03,-120,2.00,
2026-09-02T20:01:37,2,1.844,47.50,46.8720,25.9,1.862,48.92,4.02,-120,2.25,
2026-09-02T20:01:38,2,1.857,48.54,46.8690,25.9,1.853,48.28,4.00,-120,2.00,
2026-09-02T20:01:39,2,1.845,47.57,46.8720,25.9,1.863,49.05,4.01,-120,2.00,
2026-09-02T20:01:40,2,1.861,48.86,46.8780,25.9,1.864,49.12,4.00,-120,2.00,
2026-09-02T20:01:41,2,1.858,48.60,46.8800,25.9,1.863,49.05,4.01,-120,2.00,
2026-09-02T20:01:42,2,1.844,47.50,46.8910,25.9,1.866,49.25,4.01,-120,2.25,
2026-09-02T20:01:43,2,1.858,48.60,46.8940,25.9,1.862,48.99,4.02,-120,2.50,
2026-09-02T20:01:44,2,1.844,47.50,46.8950,25.9,1.864,49.12,4.03,-120,2.00,
2026-09-02T20:01:46,2,1.843,47.44,46.8960,25.9,1.867,49.37,4.02,-120,2.00,
2026-09-02T20:01:47,2,1.857,48.54,46.8980,25.9,1.862,48.92,4.01,-120,2.00,
2026-09-02T20:01:48,2,1.845,47.63,46.8970,25.9,1.864,49.12,4.01,-120,2.00,
2026-09-02T20:01:49,2,1.862,48.99,46.9030,25.9,1.864,49.12,4.00,-120,2.25,
2026-09-02T20:01:50,2,1.855,48.41,46.9020,25.9,1.862,48.99,4.02,-120,1.50,
2026-09-02T20:01:51,2,1.845,47.63,46.9050,25.9,1.866,49.25,4.01,-120,1.75,
2026-09-02T20:01:52,2,1.858,48.67,46.9030,25.9,1.864,49.12,4.01,-120,2.50,
2026-09-02T20:01:53,2,1.842,47.38,46.9130,25.9,1.863,49.05,4.03,-121,1.75,
2026-09-02T20:01:54,2,1.844,47.50,46.9060,25.9,1.864,49.12,4.02,-120,1.50,
2026-09-02T20:01:55,2,1.854,48.34,46.9110,25.9,1.862,48.99,4.02,-120,2.25,
2026-09-02T20:01:56,2,1.843,47.44,46.9220,25.9,1.865,49.18,4.03,-120,2.25,
2026-09-02T20:01:58,2,1.861,48.86,46.9260,25.9,1.865,49.18,4.00,-120,2.00,
2026-09-02T20:01:59,2,1.856,48.47,46.9190,25.9,1.862,48.99,4.02,-120,2.25,
2026-09-02T20:02:00,2,1.845,47.63,46.9130,25.9,1.865,49.18,4.01,-120,2.00,
2026-09-02T20:02:01,2,1.861,48.86,46.9160,25.9,1.866,49.25,4.00,-120,2.00,
2026-09-02T20:02:02,2,1.845,47.57,46.9180,25.9,1.862,48.99,4.02,-120,2.00,
2026-09-02T20:02:03,2,1.845,47.57,46.9090,25.9,1.862,48.99,4.01,-120,2.00,
2026-09-02T20:02:04,2,1.858,48.67,46.8990,25.9,1.862,48.99,4.01,-120,2.25,
2026-09-02T20:02:05,2,1.842,47.38,46.8930,25.9,1.860,48.79,4.03,-120,2.25,
2026-09-02T20:02:06,2,1.844,47.50,46.8970,25.9,1.867,49.37,4.02,-120,2.00,
2026-09-02T20:02:07,2,1.855,48.41,46.8940,25.9,1.862,48.99,4.00,-115,1.75,
2026-09-02T20:02:08,2,1.843,47.44,46.9030,25.9,1.865,49.18,4.01,-120,2.50,
2026-09-02T20:02:10,2,1.858,48.60,46.9010,25.9,1.866,49.25,4.00,-120,1.75,
2026-09-02T20:02:11,2,1.860,48.79,46.9150,25.9,1.865,49.18,4.02,-120,1.75,
2026-09-02T20:02:12,2,1.845,47.63,46.9190,25.9,1.865,49.18,4.01,-120,2.50,
2026-09-02T20:02:14,2,1.846,47.70,46.9150,25.9,1.859,48.73,4.03,-120,2.00,
2026-09-02T20:02:15,2,1.843,47.44,46.9060,25.9,1.863,49.05,4.01,-120,2.25,
2026-09-02T20:02:16,2,1.848,47.83,46.9030,25.9,1.863,49.05,4.01,-120,2.25,
2026-09-02T20:02:17,2,1.844,47.50,46.9050,25.9,1.865,49.18,4.01,-120,2.25,
2026-09-02T20:02:19,2,1.857,48.54,46.9040,25.9,1.862,48.92,4.01,-120,2.00,
2026-09-02T20:02:21,2,1.844,47.50,46.8920,25.9,1.862,48.99,4.01,-120,2.25,
2026-09-02T20:02:22,2,1.860,48.79,46.8870,25.9,1.862,48.92,4.01,-120,2.25,
2026-09-02T20:02:23,2,1.843,47.44,46.8940,25.9,1.862,48.92,4.03,-120,1.75,
2026-09-02T20:02:25,2,1.856,48.47,46.9120,25.9,1.864,49.12,4.02,-121,2.50,
2026-09-02T20:02:26,2,1.844,47.50,46.9040,25.9,1.865,49.18,4.01,-120,1.75,
2026-09-02T20:02:27,2,1.861,48.86,46.9140,25.9,1.865,49.18,4.00,-120,2.00,
2026-09-02T20:02:28,2,1.856,48.47,46.9090,25.9,1.862,48.92,4.01,-120,2.25,
2026-09-02T20:02:29,2,1.840,47.18,46.9070,25.9,1.863,49.05,4.02,-120,2.25,
2026-09-02T20:02:30,2,1.858,48.60,46.9010,25.9,1.865,49.18,4.00,-120,2.25,
2026-09-02T20:02:31,2,1.842,47.38,46.9090,25.9,1.861,48.86,4.03,-120,2.00,
2026-09-02T20:02:33,2,1.845,47.63,46.9100,25.9,1.863,49.05,4.01,-120,2.00,
2026-09-02T20:02:34,2,1.857,48.54,46.9160,25.9,1.862,48.99,4.01,-120,1.75,
2026-09-02T20:02:35,2,1.844,47.50,46.9240,25.9,1.859,48.73,4.03,-120,2.25,
2026-09-02T20:02:36,2,1.862,48.92,46.9210,25.9,1.866,49.31,4.00,-121,1.75,
2026-09-02T20:02:37,2,1.858,48.67,46.9320,25.9,1.862,48.99,4.01,-120,2.00,
2026-09-02T20:02:38,2,1.848,47.83,46.9360,25.9,1.862,48.92,4.01,-120,2.00,
2026-09-02T20:02:39,2,1.865,49.18,46.9420,25.9,1.864,49.12,4.00,-120,2.50,
2026-09-02T20:02:40,2,1.842,47.38,46.9570,25.9,1.863,49.05,4.03,-120,2.00,
2026-09-02T20:02:41,2,1.845,47.57,46.9510,25.9,1.868,49.44,4.00,-120,1.50,
2026-09-02T20:02:42,2,1.857,48.54,46.9520,25.9,1.862,48.99,4.02,-120,2.00,
2026-09-02T20:02:43,2,1.845,47.63,46.9440,25.9,1.862,48.92,4.03,-120,2.00,
2026-09-02T20:02:45,2,1.845,47.57,46.9350,25.9,1.853,48.28,4.01,-120,2.00,
2026-09-02T20:02:46,2,1.855,48.41,46.9300,25.9,1.863,49.05,4.01,-120,2.50,
2026-09-02T20:02:47,2,1.842,47.38,46.9280,25.9,1.868,49.44,4.01,-120,2.00,
2026-09-02T20:02:48,2,1.861,48.86,46.9250,25.9,1.866,49.25,4.00,-120,2.00,
2026-09-02T20:02:49,2,1.853,48.28,46.9340,25.9,1.865,49.18,4.02,-120,2.25,
2026-09-02T20:02:50,2,1.845,47.57,46.9360,25.9,1.870,49.57,4.01,-120,2.00,
2026-09-02T20:02:51,2,1.858,48.60,46.9280,25.9,1.862,48.99,4.02,-120,2.00,
2026-09-02T20:02:52,2,1.845,47.57,46.9320,25.9,1.862,48.99,4.03,-120,2.00,
2026-09-02T20:02:53,2,1.845,47.57,46.9270,25.9,1.864,49.12,4.01,-120,2.00,
2026-09-02T20:02:54,2,1.855,48.41,46.9260,25.9,1.866,49.31,4.01,-120,1.75,
2026-09-02T20:02:55,2,1.845,47.63,46.9200,25.9,1.866,49.31,4.01,-120,1.50,
2026-09-02T20:02:57,2,1.860,48.79,46.9250,25.9,1.865,49.18,3.99,-120,2.00,
2026-09-02T20:02:58,2,1.856,48.47,46.9170,25.9,1.865,49.18,4.01,-120,2.25,
2026-09-02T20:02:59,2,1.843,47.44,46.9180,25.9,1.863,49.05,4.02,-120,2.25,
2026-09-02T20:03:00,2,1.858,48.60,46.9150,25.9,1.862,48.99,4.01,-121,1.50,
2026-09-02T20:03:01,2,1.844,47.50,46.9160,25.9,1.862,48.99,4.02,-120,1.75,
2026-09-02T20:03:02,2,1.844,47.50,46.9210,25.9,1.865,49.18,4.01,-120,2.25,
2026-09-02T20:03:03,2,1.854,48.34,46.9240,25.9,1.862,48.99,4.02,-120,2.00,
2026-09-02T20:03:04,2,1.841,47.25,46.9200,25.9,1.862,48.99,4.03,-120,2.00,
2026-09-02T20:03:05,2,1.861,48.86,46.9170,25.9,1.869,49.50,4.00,-120,2.25,
2026-09-02T20:03:06,2,1.859,48.73,46.9200,25.9,1.862,48.99,4.01,-120,2.25,
2026-09-02T20:03:07,2,1.844,47.50,46.9210,25.9,1.864,49.12,4.02,-120,1.75,
2026-09-02T20:03:09,2,1.858,48.60,46.9200,25.9,1.862,48.99,4.00,-120,2.00,
2026-09-02T20:03:11,2,1.845,47.57,46.9140,25.9,1.862,48.92,4.02,-120,1.75,
2026-09-02T20:03:12,2,1.858,48.67,46.9050,25.9,1.862,48.99,4.01,-120,2.25,
2026-09-02T20:03:13,2,1.841,47.31,46.9000,25.9,1.863,49.05,4.03,-120,1.75,
2026-09-02T20:03:14,2,1.862,48.99,46.8950,25.9,1.866,49.25,4.00,-120,2.25,
2026-09-02T20:03:16,2,1.843,47.44,46.8980,25.9,1.863,49.05,4.01,-120,2.00,
2026-09-02T20:03:17,2,1.861,48.86,46.9020,25.9,1.866,49.25,4.00,-120,2.25,
2026-09-02T20:03:18,2,1.844,47.50,46.9110,25.9,1.862,48.92,4.03,-120,2.00,
2026-09-02T20:03:20,2,1.846,47.70,46.9050,25.9,1.865,49.18,4.01,-120,2.00,
2026-09-02T20:03:22,2,1.843,47.44,46.9140,25.9,1.862,48.99,4.03,-120,2.00,
2026-09-02T20:03:23,2,1.857,48.54,46.9120,25.9,1.865,49.18,4.01,-120,2.25,
2026-09-02T20:03:24,2,1.855,48.41,46.9190,25.9,1.877,50.15,4.01,-120,2.25,
2026-09-02T20:03:25,2,1.844,47.50,46.9190,25.9,1.865,49.18,4.01,-120,2.00,
2026-09-02T20:03:26,2,1.861,48.86,46.9180,25.9,1.866,49.25,4.00,-120,2.50,
2026-09-02T20:03:27,2,1.857,48.54,46.9130,25.9,1.863,49.05,4.02,-120,2.25,
2026-09-02T20:03:28,2,1.843,47.44,46.9160,25.9,1.862,48.92,4.01,-120,2.75,
2026-09-02T20:03:29,2,1.859,48.73,46.9150,25.9,1.861,48.86,4.01,-120,1.75,
2026-09-02T20:03:30,2,1.845,47.63,46.9150,25.9,1.862,48.92,4.03,-120,1.75,
2026-09-02T20:03:32,2,1.845,47.63,46.9140,25.9,1.864,49.12,4.01,-120,2.00,
2026-09-02T20:03:33,2,1.857,48.54,46.9250,25.9,1.864,49.12,4.02,-120,2.00,
2026-09-02T20:03:34,2,1.844,47.50,46.9380,25.9,1.859,48.73,4.02,-120,2.00,
2026-09-02T20:03:35,2,1.860,48.79,46.9300,25.9,1.864,49.12,4.00,-120,2.00,
2026-09-02T20:03:36,2,1.858,48.67,46.9340,25.9,1.862,48.92,4.01,-120,2.25,
2026-09-02T20:03:37,2,1.844,47.50,46.9300,25.9,1.869,49.50,4.01,-121,2.25,
2026-09-02T20:03:38,2,1.861,48.86,46.9200,25.9,1.866,49.25,4.01,-120,2.00,
2026-09-02T20:03:39,2,1.841,47.31,46.9200,25.9,1.860,48.79,4.03,-120,2.25,
2026-09-02T20:03:40,2,1.833,46.67,46.9130,25.9,1.864,49.12,4.02,-120,2.25,
2026-09-02T20:03:41,2,1.856,48.47,46.9120,25.9,1.862,48.99,4.02,-120,2.25,
2026-09-02T20:03:42,2,1.854,48.34,46.9130,25.9,1.854,48.34,4.03,-120,2.00,
2026-09-02T20:03:44,2,1.860,48.79,46.9170,25.9,1.863,49.05,4.00,-120,2.00,
2026-09-02T20:03:45,2,1.859,48.73,46.9120,25.9,1.863,49.05,4.02,-120,1.75,
2026-09-02T20:03:46,2,1.845,47.63,46.9250,25.9,1.867,49.37,4.01,-120,2.50,
2026-09-02T20:03:47,2,1.857,48.54,46.9300,25.9,1.864,49.12,4.00,-120,2.00,
2026-09-02T20:03:48,2,1.844,47.50,46.9310,25.9,1.862,48.99,4.03,-120,2.00,
2026-09-02T20:03:49,2,1.845,47.57,46.9370,25.9,1.864,49.12,4.01,-120,2.25,
2026-09-02T20:03:50,2,1.857,48.54,46.9320,25.9,1.865,49.18,4.02,-120,1.75,
2026-09-02T20:03:51,2,1.842,47.38,46.9370,25.9,1.862,48.92,4.02,-120,2.00,
2026-09-02T20:03:52,2,1.863,49.05,46.9240,25.9,1.865,49.18,4.00,-121,1.75,
2026-09-02T20:03:53,2,1.857,48.54,46.9210,25.9,1.863,49.05,4.01,-120,2.25,
2026-09-02T20:03:54,2,1.848,47.83,46.9180,25.9,1.864,49.12,4.01,-120,2.00,
2026-09-02T20:03:56,2,1.858,48.67,46.9190,25.9,1.865,49.18,4.00,-120,1.75,
2026-09-02T20:03:57,2,1.845,47.57,46.9310,25.9,1.861,48.86,4.03,-120,1.75,
2026-09-02T20:03:58,2,1.844,47.50,46.9360,25.9,1.861,48.86,4.01,-120,2.25,
2026-09-02T20:03:59,2,1.858,48.60,46.9350,25.9,1.868,49.44,4.00,-120,2.00,
2026-09-02T20:04:00,2,1.842,47.38,46.9450,25.9,1.858,48.67,4.03,-120,1.50,
2026-09-02T20:04:01,2,1.869,49.50,46.9440,25.9,1.865,49.18,4.00,-121,1.75,
2026-09-02T20:04:02,2,1.856,48.47,46.9540,25.9,1.863,49.05,4.02,-120,2.00,
2026-09-02T20:04:03,2,1.844,47.50,46.9490,25.9,1.860,48.79,4.03,-120,2.00,
2026-09-02T20:04:04,2,1.861,48.86,46.9520,25.9,1.864,49.12,4.00,-120,2.25,
2026-09-02T20:04:05,2,1.846,47.70,46.9480,25.9,1.862,48.99,4.02,-120,2.25,
2026-09-02T20:04:08,2,1.860,48.79,46.9410,25.9,1.864,49.12,4.00,-120,2.00,
2026-09-02T20:04:09,2,1.845,47.63,46.9350,25.9,1.862,48.92,4.03,-120,2.25,
2026-09-02T20:04:10,2,1.845,47.63,46.9380,25.9,1.878,50.21,4.01,-120,2.25,
2026-09-02T20:04:11,2,1.856,48.47,46.9390,25.9,1.861,48.86,4.02,-120,2.00,
2026-09-02T20:04:13,2,1.863,49.05,46.9530,25.9,1.865,49.18,4.00,-120,2.00,
2026-09-02T20:04:14,2,1.856,48.47,46.9560,25.9,1.864,49.12,4.02,-120,2.50,
2026-09-02T20:04:15,2,1.845,47.57,46.9610,25.9,1.862,48.99,4.01,-120,2.00,
2026-09-02T20:04:16,2,1.858,48.67,46.9600,25.9,1.866,49.25,4.00,-120,2.25,
2026-09-02T20:04:19,2,1.848,47.83,46.9570,25.9,1.863,49.05,4.01,-120,2.25,
2026-09-02T20:04:20,2,1.856,48.47,46.9560,25.9,1.862,48.99,4.02,-120,2.00,
2026-09-02T20:04:21,2,1.842,47.38,46.9420,25.9,1.862,48.99,4.03,-120,1.75,
2026-09-02T20:04:22,2,1.862,48.92,46.9390,25.9,1.866,49.25,4.00,-120,2.00,
2026-09-02T20:04:23,2,1.856,48.47,46.9400,25.9,1.862,48.92,4.01,-120,2.00,
2026-09-02T20:04:24,2,1.845,47.57,46.9470,25.9,1.860,48.79,4.03,-121,2.75,
2026-09-02T20:04:25,2,1.863,49.05,46.9440,25.9,1.866,49.25,4.00,-120,2.00,
2026-09-02T20:04:26,2,1.842,47.38,46.9410,25.9,1.863,49.05,4.02,-120,2.00,
2026-09-02T20:04:27,2,1.846,47.70,46.9410,25.9,1.862,48.92,4.01,-120,2.00,
2026-09-02T20:04:28,2,1.859,48.73,46.9370,25.9,1.862,48.99,4.00,-120,2.00,
2026-09-02T20:04:29,2,1.843,47.44,46.9320,25.9,1.862,48.92,4.03,-120,2.25,
2026-09-02T20:04:31,2,1.863,49.05,46.9210,25.9,1.868,49.44,4.00,-120,2.00,
2026-09-02T20:04:32,2,1.855,48.41,46.9110,25.9,1.862,48.99,4.01,-120,2.00,
2026-09-02T20:04:33,2,1.841,47.31,46.9070,25.9,1.863,49.05,4.03,-120,2.00,
2026-09-02T20:04:34,2,1.863,49.05,46.9080,25.9,1.865,49.18,4.00,-120,2.25,
2026-09-02T20:04:35,2,1.842,47.38,46.9000,25.9,1.863,49.05,4.03,-120,2.25,
2026-09-02T20:04:36,2,1.845,47.63,46.9030,25.9,1.864,49.12,4.01,-120,1.75,
2026-09-02T20:04:37,2,1.858,48.60,46.8980,25.9,1.868,49.44,4.00,-120,2.50,
2026-09-02T20:04:38,2,1.843,47.44,46.8920,25.9,1.861,48.86,4.03,-120,1.75,
2026-09-02T20:04:39,2,1.862,48.92,46.8950,25.9,1.865,49.18,4.00,-120,2.00,
2026-09-02T20:04:40,2,1.857,48.54,46.8970,25.9,1.865,49.18,4.01,-120,2.25,
2026-09-02T20:04:41,2,1.845,47.63,46.8950,25.9,1.862,48.92,4.03,-120,2.25,
2026-09-02T20:04:43,2,1.859,48.73,46.8950,25.9,1.864,49.12,4.00,-120,2.25,
2026-09-02T20:04:44,2,1.842,47.38,46.8900,25.9,1.862,48.99,4.03,-120,2.25,
2026-09-02T20:04:45,2,1.845,47.57,46.8990,25.9,1.864,49.12,4.01,-120,2.00,
2026-09-02T20:04:46,2,1.858,48.60,46.9010,25.9,1.866,49.25,4.00,-120,1.75,
2026-09-02T20:04:47,2,1.842,47.38,46.8970,25.9,1.856,48.47,4.02,-120,2.25,
2026-09-02T20:04:48,2,1.845,47.63,46.8970,25.9,1.864,49.12,4.01,-120,2.25,
2026-09-02T20:04:49,2,1.856,48.47,46.9040,25.9,1.862,48.99,4.01,-120,2.25,
2026-09-02T20:04:50,2,1.843,47.44,46.9150,25.9,1.861,48.86,4.03,-120,2.00,
2026-09-02T20:04:51,2,1.860,48.79,46.9330,25.9,1.858,48.67,4.00,-120,1.75,
2026-09-02T20:04:52,2,1.855,48.41,46.9290,25.9,1.862,48.99,4.00,-120,2.25,
2026-09-02T20:04:54,2,1.839,47.12,46.9260,25.9,1.863,49.05,4.03,-120,1.75,
2026-09-02T20:04:55,2,1.858,48.60,46.9270,25.9,1.866,49.31,4.00,-120,2.00,
2026-09-02T20:04:56,2,1.843,47.44,46.9240,25.9,1.862,48.99,4.03,-120,2.25,
2026-09-02T20:04:57,2,1.845,47.63,46.9260,25.9,1.865,49.18,4.01,-120,2.50,
2026-09-02T20:04:58,2,1.858,48.67,46.9320,25.9,1.863,49.05,4.00,-120,2.25,
2026-09-02T20:04:59,2,1.844,47.50,46.9310,25.9,1.862,48.92,4.02,-120,2.25,
2026-09-02T20:05:00,2,1.858,48.67,46.9370,25.9,1.866,49.25,4.00,-120,2.25,
2026-09-02T20:05:01,2,1.857,48.54,46.9350,25.9,1.862,48.92,4.01,-120,1.75,
2026-09-02T20:05:02,2,1.843,47.44,46.9360,25.9,1.862,48.99,4.03,-120,1.75,
2026-09-02T20:05:04,2,1.841,47.25,46.9290,25.9,1.861,48.86,4.03,-120,1.75,
2026-09-02T20:05:06,2,1.841,47.25,46.9260,25.9,1.865,49.18,4.01,-120,2.00,
2026-09-02T20:05:07,2,1.858,48.67,46.9240,25.9,1.863,49.05,4.01,-120,2.00,
2026-09-02T20:05:08,2,1.842,47.38,46.9220,25.9,1.863,49.05,4.02,-120,2.00,
2026-09-02T20:05:10,2,1.855,48.41,46.9230,25.9,1.863,49.05,4.02,-120,2.50,
2026-09-02T20:05:11,2,1.843,47.44,46.9170,25.9,1.866,49.25,4.03,-120,2.25,
2026-09-02T20:05:12,2,1.861,48.86,46.9210,25.9,1.863,49.05,4.00,-120,2.00,
2026-09-02T20:05:13,2,1.843,47.44,46.9180,25.9,1.863,49.05,4.03,-120,2.00,
2026-09-02T20:05:15,2,1.857,48.54,46.9220,25.9,1.865,49.18,4.00,-120,2.00,
2026-09-02T20:05:16,2,1.843,47.44,46.9200,25.9,1.861,48.86,4.03,-120,2.50,
2026-09-02T20:05:18,2,1.861,48.86,46.9240,25.9,1.864,49.12,4.00,-120,2.00,
2026-09-02T20:05:19,2,1.856,48.47,46.9220,25.9,1.862,48.99,4.01,-120,2.00,
2026-09-02T20:05:20,2,1.843,47.44,46.9180,25.9,1.854,48.34,4.02,-120,2.00,
2026-09-02T20:05:21,2,1.858,48.60,46.9170,25.9,1.865,49.18,3.99,-120,2.00,
2026-09-02T20:05:22,2,1.842,47.38,46.9160,25.9,1.862,48.99,4.03,-120,1.75,
2026-09-02T20:05:23,2,1.841,47.31,46.9210,25.9,1.862,48.99,4.02,-120,2.00,
2026-09-02T20:05:24,2,1.858,48.67,46.9170,25.9,1.866,49.25,4.00,-120,1.75,
2026-09-02T20:05:25,2,1.844,47.50,46.9130,25.9,1.862,48.92,4.03,-120,2.25,
2026-09-02T20:05:26,2,1.858,48.60,46.9150,25.9,1.865,49.18,4.00,-120,2.00,
2026-09-02T20:05:27,2,1.857,48.54,46.9200,25.9,1.863,49.05,3.99,-120,1.75,
2026-09-02T20:05:28,2,1.844,47.50,46.9170,25.9,1.862,48.99,4.03,-120,2.00,
2026-09-02T20:05:30,2,1.860,48.79,46.9150,25.9,1.867,49.37,4.00,-121,2.00,
2026-09-02T20:05:31,2,1.856,48.47,46.9060,25.9,1.864,49.12,4.01,-120,2.25,
2026-09-02T20:05:32,2,1.844,47.50,46.8950,25.9,1.861,48.86,4.02,-120,2.25,
2026-09-02T20:05:33,2,1.857,48.54,46.9000,25.9,1.864,49.12,4.00,-120,2.00,
2026-09-02T20:05:34,2,1.844,47.50,46.9020,25.9,1.862,48.92,4.03,-120,2.00,
2026-09-02T20:05:35,2,1.848,47.83,46.8920,25.9,1.864,49.12,4.01,-120,2.25,
2026-09-02T20:05:36,2,1.856,48.47,46.8970,25.9,1.864,49.12,4.00,-120,2.00,
2026-09-02T20:05:37,2,1.843,47.44,46.8940,25.9,1.861,48.86,4.03,-120,1.75,
2026-09-02T20:05:38,2,1.859,48.73,46.8900,25.9,1.866,49.25,4.00,-120,2.00,
2026-09-02T20:05:39,2,1.854,48.34,46.8900,25.9,1.863,49.05,4.01,-120,2.25,
2026-09-02T20:05:41,2,1.842,47.38,46.9000,25.9,1.861,48.86,4.03,-120,1.75,
2026-09-02T20:05:42,2,1.858,48.67,46.9010,25.9,1.864,49.12,4.00,-120,2.25,
2026-09-02T20:05:43,2,1.843,47.44,46.8950,25.9,1.862,48.99,4.02,-120,1.75,
2026-09-02T20:05:44,2,1.841,47.31,46.8990,25.9,1.862,48.92,4.01,-120,2.25,
2026-09-02T20:05:45,2,1.859,48.73,46.9050,25.9,1.863,49.05,4.00,-120,2.50,
2026-09-02T20:05:46,2,1.841,47.31,46.9060,25.9,1.863,49.05,4.03,-120,2.00,
2026-09-02T20:05:47,2,1.862,48.99,46.9030,25.9,1.866,49.25,4.00,-120,2.00,
2026-09-02T20:05:48,2,1.856,48.47,46.9090,25.9,1.864,49.12,4.01,-120,2.00,
2026-09-02T20:05:49,2,1.841,47.31,46.9140,25.9,1.861,48.86,4.03,-120,2.00,
2026-09-02T20:05:50,2,1.859,48.73,46.9080,25.9,1.862,48.99,4.00,-120,2.25,
2026-09-02T20:05:51,2,1.843,47.44,46.9120,25.9,1.860,48.79,4.03,-120,2.25,
2026-09-02T20:05:53,2,1.842,47.38,46.9200,25.9,1.862,48.92,4.02,-120,2.00,
2026-09-02T20:05:54,2,1.860,48.79,46.9210,25.9,1.866,49.31,4.00,-120,1.75,
2026-09-02T20:05:56,2,1.861,48.86,46.9210,25.9,1.862,48.99,4.00,-121,2.00,
2026-09-02T20:05:57,2,1.861,48.86,46.9130,25.9,1.864,49.12,4.00,-120,1.75,
2026-09-02T20:05:58,2,1.841,47.31,46.9110,25.9,1.858,48.67,4.03,-120,2.00,
2026-09-02T20:05:59,2,1.860,48.79,46.9030,25.9,1.864,49.12,3.99,-120,2.00,
2026-09-02T20:06:01,2,1.845,47.57,46.9060,25.9,1.862,48.99,4.02,-120,2.25,
2026-09-02T20:06:02,2,1.858,48.60,46.9070,25.9,1.865,49.18,4.00,-120,1.75,
2026-09-02T20:06:03,2,1.843,47.44,46.9070,25.9,1.860,48.79,4.02,-120,2.00,
2026-09-02T20:06:05,2,1.862,48.92,46.9100,25.9,1.868,49.44,4.00,-121,2.00,
2026-09-02T20:06:07,2,1.845,47.57,46.9170,25.9,1.866,49.25,4.03,-120,2.00,
2026-09-02T20:06:08,2,1.872,49.76,46.9090,25.9,1.864,49.12,4.00,-120,2.00,
2026-09-02T20:06:09,2,1.845,47.63,46.9030,25.9,1.862,48.99,4.01,-121,2.00,
2026-09-02T20:06:10,2,1.844,47.50,46.9030,25.9,1.859,48.73,4.03,-120,2.25,
2026-09-02T20:06:12,2,1.843,47.44,46.9150,25.9,1.862,48.99,4.03,-120,2.00,
2026-09-02T20:06:13,2,1.846,47.70,46.9080,25.9,1.866,49.25,4.01,-120,2.00,
2026-09-02T20:06:14,2,1.859,48.73,46.9090,25.9,1.870,49.57,4.00,-120,2.00,
2026-09-02T20:06:15,2,1.842,47.38,46.9170,25.9,1.861,48.86,4.02,-120,1.75,
2026-09-02T20:06:17,2,1.858,48.67,46.9060,25.9,1.866,49.31,4.00,-120,1.75,
2026-09-02T20:06:18,2,1.858,48.60,46.9070,25.9,1.862,48.92,4.02,-120,2.25,
2026-09-02T20:06:19,2,1.845,47.63,46.9200,25.9,1.861,48.86,4.03,-120,2.00,
2026-09-02T20:06:20,2,1.855,48.41,46.9160,25.9,1.866,49.25,4.00,-120,2.25,
2026-09-02T20:06:21,2,1.844,47.50,46.9030,25.9,1.863,49.05,4.02,-120,2.25,
2026-09-02T20:06:22,2,1.845,47.63,46.9050,25.9,1.865,49.18,4.03,-120,2.00,
2026-09-02T20:06:23,2,1.858,48.67,46.9160,25.9,1.865,49.18,4.00,-120,2.00,
2026-09-02T20:06:24,2,1.844,47.50,46.9130,25.9,1.860,48.79,4.03,-120,2.25,
2026-09-02T20:06:25,2,1.859,48.73,46.9060,25.9,1.864,49.12,3.99,-120,1.75,
2026-09-02T20:06:26,2,1.856,48.47,46.9000,25.9,1.864,49.12,4.00,-120,2.00,
2026-09-02T20:06:28,2,1.841,47.25,46.9080,25.9,1.853,48.28,4.03,-120,2.50,
2026-09-02T20:06:29,2,1.859,48.73,46.9070,25.9,1.866,49.31,4.00,-120,2.00,
2026-09-02T20:06:30,2,1.842,47.38,46.9060,25.9,1.865,49.18,4.02,-120,2.00,
2026-09-02T20:06:31,2,1.841,47.31,46.9020,25.9,1.864,49.12,4.03,-120,2.25,
2026-09-02T20:06:32,2,1.871,49.70,46.8990,25.9,1.865,49.18,4.00,-120,2.50,
2026-09-02T20:06:33,2,1.842,47.38,46.9140,25.9,1.861,48.86,4.03,-120,2.25,
2026-09-02T20:06:34,2,1.863,49.05,46.9210,25.9,1.868,49.44,3.99,-120,2.00,
2026-09-02T20:06:35,2,1.858,48.60,46.9180,25.9,1.862,48.92,4.00,-120,1.50,
2026-09-02T20:06:36,2,1.843,47.44,46.9220,25.9,1.865,49.18,4.02,-120,2.50,
2026-09-02T20:06:37,2,1.859,48.73,46.9270,25.9,1.865,49.18,3.99,-120,2.00,
2026-09-02T20:06:38,2,1.841,47.31,46.9350,25.9,1.862,48.92,4.03,-120,2.25,
2026-09-02T20:06:40,2,1.845,47.57,46.9310,25.9,1.864,49.12,4.02,-120,1.75,
2026-09-02T20:06:41,2,1.871,49.70,46.9370,25.9,1.866,49.25,4.00,-120,2.25,
2026-09-02T20:06:42,2,1.844,47.50,46.9520,25.9,1.862,48.92,4.03,-120,2.25,
2026-09-02T20:06:43,2,1.862,48.99,46.9470,25.9,1.867,49.37,3.99,-120,2.00,
2026-09-02T20:06:44,2,1.857,48.54,46.9530,25.9,1.866,49.25,4.00,-120,2.25,
2026-09-02T20:06:45,2,1.844,47.50,46.9640,25.9,1.861,48.86,4.03,-120,2.00,
2026-09-02T20:06:46,2,1.859,48.73,46.9590,25.9,1.866,49.31,3.99,-120,2.25,
2026-09-02T20:06:47,2,1.844,47.50,46.9510,25.9,1.858,48.67,4.02,-120,1.75,
2026-09-02T20:06:48,2,1.844,47.50,46.9590,25.9,1.861,48.86,4.02,-120,2.50,
2026-09-02T20:06:49,2,1.858,48.60,46.9610,25.9,1.866,49.31,4.00,-120,2.00,
2026-09-02T20:06:50,2,1.843,47.44,46.9680,25.9,1.862,48.99,4.02,-120,2.00,
2026-09-02T20:06:53,2,1.862,48.92,46.9700,25.9,1.865,49.18,4.00,-120,2.75,
2026-09-02T20:06:54,2,1.844,47.50,46.9620,25.9,1.864,49.12,4.02,-120,2.25,
2026-09-02T20:06:55,2,1.850,48.02,46.9680,25.9,1.864,49.12,3.99,-120,2.25,
2026-09-02T20:06:56,2,1.857,48.54,46.9670,25.9,1.867,49.37,4.00,-120,1.75,
2026-09-02T20:06:58,2,1.858,48.67,46.9580,25.9,1.866,49.25,4.00,-120,3.00,
2026-09-02T20:06:59,2,1.844,47.50,46.9530,25.9,1.863,49.05,4.03,-120,1.75,
2026-09-02T20:07:00,2,1.845,47.57,46.9490,25.9,1.862,48.92,4.03,-120,2.25,
2026-09-02T20:07:01,2,1.858,48.60,46.9400,25.9,1.866,49.25,4.00,-120,2.00,
2026-09-02T20:07:04,2,1.862,48.92,46.9350,25.9,1.869,49.50,3.99,-120,1.75,
2026-09-02T20:07:05,2,1.858,48.67,46.9210,25.9,1.865,49.18,4.00,-120,1.75,
2026-09-02T20:07:06,2,1.843,47.44,46.9230,25.9,1.862,48.92,4.02,-121,2.00,
2026-09-02T20:07:07,2,1.859,48.73,46.9280,25.9,1.866,49.25,4.00,-120,2.25,
2026-09-02T20:07:09,2,1.846,47.70,46.9220,25.9,1.862,48.92,4.02,-120,2.25,
2026-09-02T20:07:11,2,1.843,47.44,46.9250,25.9,1.862,48.99,4.03,-120,2.00,
2026-09-02T20:07:12,2,1.862,48.99,46.9240,25.9,1.865,49.18,3.99,-120,2.00,
2026-09-02T20:07:13,2,1.856,48.47,46.9190,25.9,1.865,49.18,4.00,-120,2.00,
2026-09-02T20:07:15,2,1.841,47.31,46.9210,25.9,1.862,48.92,4.03,-120,2.50,
2026-09-02T20:07:16,2,1.858,48.60,46.9050,25.9,1.866,49.25,3.99,-120,2.00,
2026-09-02T20:07:17,2,1.843,47.44,46.9250,25.9,1.862,48.99,4.03,-120,2.25,
2026-09-02T20:07:18,2,1.843,47.44,46.9230,25.9,1.861,48.86,4.03,-120,2.25,
2026-09-02T20:07:19,2,1.858,48.67,46.9220,25.9,1.866,49.25,3.99,-120,2.00,
2026-09-02T20:07:20,2,1.843,47.44,46.9210,25.9,1.862,48.92,4.02,-120,2.00,
2026-09-02T20:07:21,2,1.861,48.86,46.9250,25.9,1.864,49.12,3.99,-120,2.00,
2026-09-02T20:07:22,2,1.857,48.54,46.9360,25.9,1.864,49.12,3.99,-120,2.00,
2026-09-02T20:07:23,2,1.845,47.63,46.9320,25.9,1.862,48.99,4.03,-120,1.75,
2026-09-02T20:07:24,2,1.860,48.79,46.9350,25.9,1.863,49.05,3.99,-120,2.25,
2026-09-02T20:07:25,2,1.838,47.05,46.9360,25.9,1.865,49.18,4.03,-120,2.25,
2026-09-02T20:07:27,2,1.841,47.31,46.9370,25.9,1.862,48.92,4.03,-120,2.25,
2026-09-02T20:07:28,2,1.860,48.79,46.9380,25.9,1.864,49.12,4.00,-120,2.25,
2026-09-02T20:07:29,2,1.843,47.44,46.9370,25.9,1.860,48.79,4.03,-120,2.00,
2026-09-02T20:07:30,2,1.857,48.54,46.9380,25.9,1.862,48.99,4.01,-120,2.00,
2026-09-02T20:07:31,2,1.856,48.47,46.9460,25.9,1.865,49.18,4.00,-120,2.00,
2026-09-02T20:07:32,2,1.845,47.63,46.9450,25.9,1.868,49.44,4.03,-120,2.25,
2026-09-02T20:07:33,2,1.862,48.92,46.9470,25.9,1.862,48.92,3.99,-120,2.00,
2026-09-02T20:07:34,2,1.857,48.54,46.9350,25.9,1.863,49.05,4.00,-120,2.00,
2026-09-02T20:07:35,2,1.844,47.50,46.9450,25.9,1.862,48.92,4.02,-120,1.75,
2026-09-02T20:07:36,2,1.858,48.67,46.9400,25.9,1.866,49.25,4.00,-120,2.00,
2026-09-02T20:07:37,2,1.845,47.63,46.9400,25.9,1.863,49.05,4.02,-120,2.25,
2026-09-02T20:07:39,2,1.843,47.44,46.9390,25.9,1.861,48.86,4.02,-120,2.25,
2026-09-02T20:07:40,2,1.858,48.60,46.9390,25.9,1.865,49.18,4.00,-120,2.00,
2026-09-02T20:07:41,2,1.845,47.57,46.9390,25.9,1.850,48.02,4.02,-120,2.00,
2026-09-02T20:07:42,2,1.859,48.73,46.9270,25.9,1.866,49.31,3.99,-120,2.25,
2026-09-02T20:07:43,2,1.852,48.15,46.9370,25.9,1.866,49.25,4.00,-120,2.00,
2026-09-02T20:07:44,2,1.843,47.44,46.9410,25.9,1.862,48.99,4.03,-121,2.00,
2026-09-02T20:07:45,2,1.862,48.92,46.9320,25.9,1.863,49.05,3.99,-120,2.25,
2026-09-02T20:07:46,2,1.843,47.44,46.9340,25.9,1.862,48.99,4.03,-120,2.00,
2026-09-02T20:07:47,2,1.853,48.28,46.9360,25.9,1.865,49.18,4.03,-120,2.25,
2026-09-02T20:07:48,2,1.859,48.73,46.9360,25.9,1.865,49.18,0.00,-111,3.75,
2026-09-02T20:07:49,2,1.855,48.41,46.9390,25.9,1.862,48.92,4.02,-120,1.75,
2026-09-02T20:07:51,2,1.862,48.92,46.9380,25.9,1.866,49.25,3.99,-120,2.25,
2026-09-02T20:07:52,2,1.858,48.67,46.9510,25.9,1.870,49.57,4.00,-120,1.75,
2026-09-02T20:07:53,2,1.843,47.44,46.9540,25.9,1.862,48.92,4.03,-120,2.25,
2026-09-02T20:07:55,2,1.848,47.83,46.9650,25.9,1.861,48.86,4.03,-120,2.50,
2026-09-02T20:07:56,2,1.845,47.57,46.9620,25.9,1.863,49.05,4.02,-120,2.00,
2026-09-02T20:07:57,2,1.859,48.73,46.9580,25.9,1.881,50.47,4.00,-120,2.00,
2026-09-02T20:07:58,2,1.841,47.31,46.9660,25.9,1.861,48.86,4.02,-120,2.25,
2026-09-02T20:08:00,2,1.859,48.73,46.9710,25.9,1.869,49.50,4.00,-120,2.25,
2026-09-02T20:08:01,2,1.844,47.50,46.9700,25.9,1.862,48.92,4.02,-120,2.00,
2026-09-02T20:08:03,2,1.862,48.99,46.9730,25.9,1.866,49.25,4.00,-120,2.00,
2026-09-02T20:08:04,2,1.845,47.57,46.9700,25.9,1.864,49.12,4.01,-120,2.00,
2026-09-02T20:08:06,2,1.862,48.92,46.9790,25.9,1.865,49.18,3.99,-120,2.00,
2026-09-02T20:08:07,2,1.844,47.50,46.9820,25.9,1.861,48.86,4.03,-120,1.75,
2026-09-02T20:08:08,2,1.863,49.05,46.9730,25.9,1.863,49.05,4.01,-120,2.25,
2026-09-02T20:08:09,2,1.858,48.60,46.9710,25.9,1.866,49.25,4.00,-120,2.00,
2026-09-02T20:08:10,2,1.844,47.50,46.9660,25.9,1.861,48.86,4.03,-120,2.00,
2026-09-02T20:08:11,2,1.859,48.73,46.9520,25.9,1.863,49.05,4.00,-121,2.00,
2026-09-02T20:08:12,2,1.860,48.79,46.9490,25.9,1.864,49.12,4.00,-120,2.00,
2026-09-02T20:08:14,2,1.844,47.50,46.9490,25.9,1.864,49.12,4.02,-120,2.00,
2026-09-02T20:08:15,2,1.858,48.67,46.9500,25.9,1.866,49.25,3.99,-120,2.00,
2026-09-02T20:08:16,2,1.844,47.50,46.9370,25.9,1.864,49.12,4.03,-120,2.00,
2026-09-02T20:08:17,2,1.847,47.76,46.9460,25.9,1.860,48.79,4.03,-120,2.25,
2026-09-02T20:08:18,2,1.859,48.73,46.9450,25.9,1.866,49.25,4.00,-120,1.50,
2026-09-02T20:08:19,2,1.842,47.38,46.9430,25.9,1.862,48.99,4.02,-120,2.00,
2026-09-02T20:08:20,2,1.862,48.92,46.9440,25.9,1.866,49.31,3.99,-120,2.00,
2026-09-02T20:08:21,2,1.859,48.73,46.9500,25.9,1.869,49.50,4.00,-120,2.00,
2026-09-02T20:08:22,2,1.841,47.31,46.9480,25.9,1.862,48.99,4.02,-120,2.25,
2026-09-02T20:08:23,2,1.857,48.54,46.9460,25.9,1.866,49.31,4.00,-120,2.00,
2026-09-02T20:08:24,2,1.845,47.63,46.9420,25.9,1.858,48.67,4.02,-120,2.00,
2026-09-02T20:08:26,2,1.841,47.31,46.9460,25.9,1.861,48.86,4.02,-120,2.25,
2026-09-02T20:08:27,2,1.859,48.73,46.9420,25.9,1.862,48.99,4.00,-120,1.75,
2026-09-02T20:08:28,2,1.843,47.44,46.9310,25.9,1.860,48.79,4.03,-120,2.25,
2026-09-02T20:08:29,2,1.860,48.79,46.9380,25.9,1.863,49.05,3.99,-120,1.75,
2026-09-02T20:08:30,2,1.859,48.73,46.9360,25.9,1.864,49.12,4.00,-120,2.00,
2026-09-02T20:08:31,2,1.842,47.38,46.9310,25.9,1.862,48.92,4.02,-120,2.50,
2026-09-02T20:08:32,2,1.860,48.79,46.9160,25.9,1.865,49.18,4.00,-120,1.50,
2026-09-02T20:08:33,2,1.842,47.38,46.9130,25.9,1.859,48.73,4.03,-120,2.00,
2026-09-02T20:08:34,2,1.842,47.38,46.9140,25.9,1.868,49.44,4.03,-120,1.75,
2026-09-02T20:08:35,2,1.858,48.60,46.9240,25.9,1.864,49.12,4.00,-120,2.00,
2026-09-02T20:08:36,2,1.842,47.38,46.9230,25.9,1.862,48.99,4.02,-120,2.00,
2026-09-02T20:08:38,2,1.859,48.73,46.9210,25.9,1.864,49.12,4.01,-120,2.25,
2026-09-02T20:08:39,2,1.858,48.67,46.9210,25.9,1.864,49.12,4.00,-120,2.25,
2026-09-02T20:08:40,2,1.843,47.44,46.9150,25.9,1.864,49.12,4.02,-120,2.00,
2026-09-02T20:08:41,2,1.858,48.67,46.9120,25.9,1.866,49.31,3.99,-120,1.75,
2026-09-02T20:08:42,2,1.843,47.44,46.9030,25.9,1.863,49.05,4.01,-120,2.00,
2026-09-02T20:08:43,2,1.843,47.44,46.9120,25.9,1.864,49.12,4.02,-120,2.50,
2026-09-02T20:08:44,2,1.858,48.60,46.9050,25.9,1.866,49.31,4.00,-120,2.00,
2026-09-02T20:08:46,2,1.863,49.05,46.8970,25.9,1.864,49.12,4.01,-120,2.25,
2026-09-02T20:08:47,2,1.852,48.15,46.9050,25.9,1.863,49.05,4.00,-120,2.25,
2026-09-02T20:08:48,2,1.844,47.50,46.9110,25.9,1.861,48.86,4.02,-120,1.75,
2026-09-02T20:08:50,2,1.861,48.86,46.9120,25.9,1.866,49.31,4.00,-121,2.00,
2026-09-02T20:08:52,2,1.843,47.44,46.9450,25.9,1.866,49.31,4.03,-120,1.75,
2026-09-02T20:08:53,2,1.856,48.47,46.9420,25.9,1.866,49.25,4.00,-120,2.25,
2026-09-02T20:08:54,2,1.844,47.50,46.9420,25.9,1.862,48.99,4.03,-120,2.00,
2026-09-02T20:08:55,2,1.842,47.38,46.9400,25.9,1.862,48.92,4.03,-120,2.25,
2026-09-02T20:08:57,2,1.843,47.44,46.9360,25.9,1.858,48.60,4.02,-120,2.00,
2026-09-02T20:08:58,2,1.861,48.86,46.9310,25.9,1.866,49.31,3.99,-120,2.50,
2026-09-02T20:08:59,2,1.858,48.67,46.9280,25.9,1.865,49.18,4.00,-120,2.25,
2026-09-02T20:09:01,2,1.843,47.44,46.9310,25.9,1.862,48.99,4.02,-121,2.25,
2026-09-02T20:09:03,2,1.844,47.50,46.9440,25.9,1.862,48.99,4.02,-120,2.00,
2026-09-02T20:09:04,2,1.844,47.50,46.9490,25.9,1.864,49.12,4.03,-120,2.25,
2026-09-02T20:09:05,2,1.858,48.67,46.9450,25.9,1.863,49.05,4.00,-120,1.75,
2026-09-02T20:09:06,2,1.845,47.57,46.9480,25.9,1.862,48.99,4.03,-120,1.75,
2026-09-02T20:09:07,2,1.863,49.05,46.9410,25.9,1.866,49.31,3.99,-120,2.00,
2026-09-02T20:09:08,2,1.856,48.47,46.9490,25.9,1.865,49.18,4.00,-120,2.00,
2026-09-02T20:09:09,2,1.843,47.44,46.9390,25.9,1.862,48.99,4.03,-120,2.00,
2026-09-02T20:09:10,2,1.858,48.67,46.9390,25.9,1.864,49.12,4.00,-120,2.25,
2026-09-02T20:09:11,2,1.845,47.57,46.9300,25.9,1.862,48.92,4.01,-120,1.75,
2026-09-02T20:09:13,2,1.844,47.50,46.9190,25.9,1.862,48.99,4.03,-120,2.00,
2026-09-02T20:09:14,2,1.858,48.67,46.9220,25.9,1.866,49.31,4.00,-120,2.00,
2026-09-02T20:09:15,2,1.843,47.44,46.9180,25.9,1.862,48.92,4.03,-120,2.00,
2026-09-02T20:09:16,2,1.858,48.60,46.9170,25.9,1.866,49.25,4.01,-120,2.25,
2026-09-02T20:09:17,2,1.845,47.63,46.9190,25.9,1.855,48.41,4.00,-120,2.00,
2026-09-02T20:09:18,2,1.843,47.44,46.9190,25.9,1.862,48.99,4.02,-120,2.25,
2026-09-02T20:09:19,2,1.858,48.60,46.9130,25.9,1.869,49.50,4.00,-120,2.25,
2026-09-02T20:09:20,2,1.845,47.57,46.9130,25.9,1.863,49.05,4.01,-121,2.00,
2026-09-02T20:09:21,2,1.842,47.38,46.9120,25.9,1.864,49.12,4.03,-120,2.00,
2026-09-02T20:09:22,2,1.857,48.54,46.9190,25.9,1.865,49.18,4.00,-120,2.00,
2026-09-02T20:09:23,2,1.842,47.38,46.9190,25.9,1.861,48.86,4.03,-120,2.00,
2026-09-02T20:09:25,2,1.859,48.73,46.9090,25.9,1.863,49.05,4.01,-120,1.75,
2026-09-02T20:09:26,2,1.858,48.67,46.9110,25.9,1.867,49.37,4.00,-120,2.00,
2026-09-02T20:09:27,2,1.843,47.44,46.9100,25.9,1.862,48.92,4.02,-120,2.00,
2026-09-02T20:09:28,2,1.860,48.79,46.9000,25.9,1.862,48.99,4.00,-120,1.75,
2026-09-02T20:09:29,2,1.837,46.99,46.9000,25.9,1.865,49.18,4.02,-120,2.00,
2026-09-02T20:09:30,2,1.842,47.38,46.9010,25.9,1.862,48.92,4.03,-120,2.25,
2026-09-02T20:09:31,2,1.858,48.60,46.9040,25.9,1.865,49.18,4.00,-120,2.25,
2026-09-02T20:09:32,2,1.844,47.50,46.9110,25.9,1.864,49.12,4.02,-120,2.75,
2026-09-02T20:09:33,2,1.861,48.86,46.9180,25.9,1.862,48.92,4.01,-120,2.00,
2026-09-02T20:09:34,2,1.857,48.54,46.9200,25.9,1.863,49.05,4.00,-120,2.00,
2026-09-02T20:09:35,2,1.843,47.44,46.9140,25.9,1.862,48.99,4.02,-120,1.75,
2026-09-02T20:09:37,2,1.854,48.34,46.9150,25.9,1.866,49.25,3.99,-120,2.50,
2026-09-02T20:09:38,2,1.845,47.63,46.9210,25.9,1.864,49.12,4.01,-120,2.25,
2026-09-02T20:09:39,2,1.843,47.44,46.9220,25.9,1.861,48.86,4.02,-120,2.25,
2026-09-02T20:09:40,2,1.859,48.73,46.9270,25.9,1.865,49.18,4.00,-120,2.00,
2026-09-02T20:09:41,2,1.841,47.31,46.9250,25.9,1.862,48.92,4.01,-120,2.25,
2026-09-02T20:09:43,2,1.858,48.60,46.9210,25.9,1.863,49.05,3.99,-120,2.00,
2026-09-02T20:09:44,2,1.844,47.50,46.9310,25.9,1.860,48.79,4.03,-120,2.00,
2026-09-02T20:09:45,2,1.859,48.73,46.9250,25.9,1.863,49.05,4.01,-120,1.75,
2026-09-02T20:09:46,2,1.858,48.60,46.9300,25.9,1.865,49.18,4.00,-120,2.00,
2026-09-02T20:09:49,2,1.861,48.86,46.9330,25.9,1.865,49.18,4.00,-120,2.00,
2026-09-02T20:09:50,2,1.843,47.44,46.9480,25.9,1.865,49.18,4.01,-120,2.25,
2026-09-02T20:09:51,2,1.845,47.57,46.9490,25.9,1.864,49.12,4.02,-120,2.00,
2026-09-02T20:09:52,2,1.864,49.12,46.9530,25.9,1.863,49.05,3.99,-120,2.00,
2026-09-02T20:09:54,2,1.874,49.89,46.9380,25.9,1.863,49.05,4.01,-120,1.75,
2026-09-02T20:09:55,2,1.857,48.54,46.9460,25.9,1.869,49.50,4.00,-120,2.25,
2026-09-02T20:09:56,2,1.843,47.44,46.9520,25.9,1.861,48.86,4.02,-120,2.00,
2026-09-02T20:09:57,2,1.856,48.47,46.9410,25.9,1.866,49.25,4.00,-120,2.25,
2026-09-02T20:09:58,2,1.845,47.63,46.9280,25.9,1.864,49.12,4.01,-120,2.25,
2026-09-02T20:10:00,2,1.842,47.38,46.9280,25.9,1.865,49.18,4.02,-120,2.25,
2026-09-02T20:10:01,2,1.858,48.67,46.9300,25.9,1.864,49.12,4.00,-120,2.25,
2026-09-02T20:10:02,2,1.847,47.76,46.9240,25.9,1.862,48.92,4.02,-120,2.25,
2026-09-02T20:10:03,2,1.859,48.73,46.9190,25.9,1.862,48.92,4.01,-121,2.25,
2026-09-02T20:10:04,2,1.856,48.47,46.9130,25.9,1.866,49.25,4.00,-120,2.00,
2026-09-02T20:10:05,2,1.844,47.50,46.9180,25.9,1.862,48.92,4.02,-120,2.25,
2026-09-02T20:10:06,2,1.855,48.41,46.9200,25.9,1.865,49.18,3.99,-120,2.00,
2026-09-02T20:10:07,2,1.844,47.50,46.9110,25.9,1.862,48.92,4.01,-120,2.75,
2026-09-02T20:10:08,2,1.841,47.31,46.9180,25.9,1.862,48.92,4.03,-120,2.00,
2026-09-02T20:10:09,2,1.858,48.60,46.9060,25.9,1.853,48.21,4.00,-120,2.25,
2026-09-02T20:10:10,2,1.844,47.50,46.9030,25.9,1.860,48.79,4.01,-120,2.25,
2026-09-02T20:10:12,2,1.861,48.86,46.9000,25.9,1.863,49.05,4.01,-120,2.25,
2026-09-02T20:10:13,2,1.856,48.47,46.8790,25.9,1.863,49.05,4.00,-120,2.25,
2026-09-02T20:10:14,2,1.841,47.25,46.8990,25.9,1.862,48.92,4.03,-120,2.25,
2026-09-02T20:10:15,2,1.856,48.47,46.8920,25.9,1.862,48.99,4.01,-120,2.50,
2026-09-02T20:10:16,2,1.842,47.38,46.8840,25.9,1.867,49.37,4.01,-120,2.25,
2026-09-02T20:10:17,2,1.844,47.50,46.8930,25.9,1.862,48.99,4.03,-120,2.00,
2026-09-02T20:10:18,2,1.858,48.60,46.8970,25.9,1.864,49.12,4.00,-120,2.25,
2026-09-02T20:10:19,2,1.844,47.50,46.9110,25.9,1.863,49.05,4.01,-120,2.00,
2026-09-02T20:10:20,2,1.861,48.86,46.9120,25.9,1.865,49.18,4.00,-120,2.00,
2026-09-02T20:10:21,2,1.857,48.54,46.9000,25.9,1.866,49.25,4.00,-120,2.00,
2026-09-02T20:10:22,2,1.840,47.18,46.8990,25.9,1.863,49.05,4.03,-120,2.00,
2026-09-02T20:10:24,2,1.861,48.86,46.8960,25.9,1.864,49.12,4.01,-120,2.25,
2026-09-02T20:10:25,2,1.844,47.50,46.8970,25.9,1.864,49.12,4.01,-120,2.25,
2026-09-02T20:10:26,2,1.841,47.31,46.8960,25.9,1.862,48.92,4.03,-120,2.25,
2026-09-02T20:10:27,2,1.858,48.60,46.8990,25.9,1.865,49.18,3.99,-120,2.00,
2026-09-02T20:10:28,2,1.848,47.83,46.9020,25.9,1.863,49.05,4.01,-120,2.00,
2026-09-02T20:10:29,2,1.858,48.60,46.9120,25.9,1.864,49.12,4.01,-120,2.50,
2026-09-02T20:10:30,2,1.857,48.54,46.9160,25.9,1.865,49.18,4.00,-120,2.25,
2026-09-02T20:10:31,2,1.842,47.38,46.9150,25.9,1.864,49.12,4.02,-120,2.25,
2026-09-02T20:10:32,2,1.859,48.73,46.9230,25.9,1.863,49.05,4.01,-120,1.50,
2026-09-02T20:10:33,2,1.857,48.54,46.9190,25.9,1.866,49.25,3.99,-119,2.25,
2026-09-02T20:10:35,2,1.845,47.63,46.9100,25.9,1.862,48.99,4.02,-120,2.00,
2026-09-02T20:10:36,2,1.858,48.67,46.9140,25.9,1.869,49.50,4.00,-120,2.25,
2026-09-02T20:10:37,2,1.845,47.63,46.9220,25.9,1.865,49.18,4.01,-120,1.75,
2026-09-02T20:10:38,2,1.846,47.70,46.9140,25.9,1.862,48.92,4.02,-120,2.25,
2026-09-02T20:10:40,2,1.845,47.63,46.9150,25.9,1.865,49.18,4.01,-120,2.25,
2026-09-02T20:10:41,2,1.858,48.60,46.9210,25.9,1.865,49.18,4.01,-120,2.25,
2026-09-02T20:10:42,2,1.858,48.60,46.9260,25.9,1.865,49.18,4.00,-120,2.25,
2026-09-02T20:10:43,2,1.842,47.38,46.9280,25.9,1.866,49.31,4.02,-120,2.25,
2026-09-02T20:10:45,2,1.845,47.57,46.9310,25.9,1.863,49.05,4.01,-121,2.00,
2026-09-02T20:10:47,2,1.845,47.57,46.9270,25.9,1.863,49.05,4.03,-120,2.00,
2026-09-02T20:10:48,2,1.857,48.54,46.9320,25.9,1.866,49.25,3.99,-120,1.75,
2026-09-02T20:10:49,2,1.843,47.44,46.9170,25.9,1.865,49.18,4.01,-120,2.00,
2026-09-02T20:10:51,2,1.858,48.67,46.9100,25.9,1.870,49.57,4.00,-120,2.00,
2026-09-02T20:10:52,2,1.842,47.38,46.9250,25.9,1.862,48.99,4.02,-120,2.25,
2026-09-02T20:10:53,2,1.856,48.47,46.9230,25.9,1.860,48.79,4.01,-120,2.00,
2026-09-02T20:10:54,2,1.845,47.63,46.9200,25.9,1.865,49.18,4.01,-120,2.50,
2026-09-02T20:10:55,2,1.838,47.05,46.9150,25.9,1.862,48.92,4.02,-120,2.25,
2026-09-02T20:10:56,2,1.859,48.73,46.9130,25.9,1.864,49.12,3.99,-119,1.75,
2026-09-02T20:10:57,2,1.844,47.50,46.9020,25.9,1.869,49.50,4.01,-120,2.25,
2026-09-02T20:10:59,2,1.861,48.86,46.9190,25.9,1.862,48.92,4.01,-120,2.00,
2026-09-02T20:11:00,2,1.859,48.73,46.9150,25.9,1.864,49.12,4.00,-120,1.75,
2026-09-02T20:11:01,2,1.842,47.38,46.9110,25.9,1.863,49.05,4.02,-120,2.25,
2026-09-02T20:11:02,2,1.858,48.60,46.9110,25.9,1.862,48.99,4.01,-120,2.25,
2026-09-02T20:11:03,2,1.843,47.44,46.9110,25.9,1.862,48.99,4.01,-120,2.25,
2026-09-02T20:11:04,2,1.843,47.44,46.9150,25.9,1.852,48.15,4.03,-120,2.25,
2026-09-02T20:11:05,2,1.857,48.54,46.9010,25.9,1.865,49.18,4.01,-120,2.25,
2026-09-02T20:11:06,2,1.845,47.57,46.9020,25.9,1.864,49.12,4.01,-120,2.00,
2026-09-02T20:11:07,2,1.862,48.99,46.8970,25.9,1.864,49.12,4.01,-120,2.00,
2026-09-02T20:11:08,2,1.857,48.54,46.9000,25.9,1.865,49.18,3.99,-120,2.25,
2026-09-02T20:11:09,2,1.846,47.70,46.9040,25.9,1.863,49.05,4.01,-120,2.25,
2026-09-02T20:11:11,2,1.857,48.54,46.9020,25.9,1.870,49.57,4.01,-120,2.25,
2026-09-02T20:11:12,2,1.843,47.44,46.8970,25.9,1.863,49.05,4.01,-120,2.25,
2026-09-02T20:11:13,2,1.842,47.38,46.9010,25.9,1.863,49.05,4.01,-121,2.00,
2026-09-02T20:11:14,2,1.856,48.47,46.9020,25.9,1.870,49.63,4.01,-120,2.00,
2026-09-02T20:11:15,2,1.845,47.57,46.9070,25.9,1.864,49.12,4.01,-120,2.75,
2026-09-02T20:11:16,2,1.842,47.38,46.9030,25.9,1.862,48.99,4.02,-120,2.00,
2026-09-02T20:11:17,2,1.859,48.73,46.9100,25.9,1.865,49.18,4.00,-120,2.00,
2026-09-02T20:11:18,2,1.842,47.38,46.8970,25.9,1.863,49.05,4.01,-120,2.00,
2026-09-02T20:11:19,2,1.859,48.73,46.8960,25.9,1.864,49.12,4.01,-120,2.25,
2026-09-02T20:11:20,2,1.855,48.41,46.8970,25.9,1.866,49.31,4.00,-120,2.00,
2026-09-02T20:11:22,2,1.843,47.44,46.8910,25.9,1.863,49.05,4.02,-120,2.00,
2026-09-02T20:11:23,2,1.858,48.60,46.8860,25.9,1.866,49.31,4.01,-121,2.00,
2026-09-02T20:11:24,2,1.848,47.83,46.8870,25.9,1.865,49.18,4.01,-120,2.25,
2026-09-02T20:11:25,2,1.844,47.50,46.9000,25.9,1.862,48.99,4.02,-120,2.00,
2026-09-02T20:11:26,2,1.858,48.67,46.9000,25.9,1.869,49.50,3.99,-120,2.25,
2026-09-02T20:11:27,2,1.845,47.63,46.9020,25.9,1.864,49.12,4.01,-120,2.25,
2026-09-02T20:11:28,2,1.858,48.67,46.9010,25.9,1.861,48.86,4.01,-120,2.00,
2026-09-02T20:11:29,2,1.858,48.67,46.8990,25.9,1.865,49.18,4.00,-120,1.75,
2026-09-02T20:11:30,2,1.845,47.57,46.9060,25.9,1.850,48.02,4.02,-120,2.00,
2026-09-02T20:11:31,2,1.856,48.47,46.9140,25.9,1.862,48.99,4.01,-120,2.00,
2026-09-02T20:11:32,2,1.843,47.44,46.9120,25.9,1.864,49.12,4.01,-120,2.25,
2026-09-02T20:11:34,2,1.842,47.38,46.9020,25.9,1.863,49.05,4.03,-120,2.50,
2026-09-02T20:11:35,2,1.858,48.67,46.9050,25.9,1.863,49.05,4.01,-120,2.00,
2026-09-02T20:11:37,2,1.861,48.86,46.9220,25.9,1.862,48.99,4.00,-120,2.25,
2026-09-02T20:11:38,2,1.856,48.47,46.9260,25.9,1.864,49.12,3.99,-120,2.00,
2026-09-02T20:11:39,2,1.843,47.44,46.9270,25.9,1.868,49.44,4.01,-120,2.00,
2026-09-02T20:11:40,2,1.858,48.67,46.9260,25.9,1.864,49.12,4.01,-120,2.00,
2026-09-02T20:11:42,2,1.842,47.38,46.9390,25.9,1.861,48.86,4.02,-120,2.50,
2026-09-02T20:11:43,2,1.860,48.79,46.9430,25.9,1.864,49.12,4.01,-120,2.00,
2026-09-02T20:11:44,2,1.843,47.44,46.9390,25.9,1.866,49.25,4.01,-120,2.00,
2026-09-02T20:11:46,2,1.863,49.05,46.9330,25.9,1.862,48.99,4.01,-120,2.25,
2026-09-02T20:11:48,2,1.843,47.44,46.9360,25.9,1.863,49.05,4.01,-120,1.75,
2026-09-02T20:11:49,2,1.859,48.73,46.9400,25.9,1.862,48.99,4.01,-120,2.00,
2026-09-02T20:11:50,2,1.843,47.44,46.9370,25.9,1.862,48.99,4.01,-120,2.25,
2026-09-02T20:11:51,2,1.844,47.50,46.9280,25.9,1.875,50.02,4.02,-120,2.00,
2026-09-02T20:11:52,2,1.858,48.67,46.9340,25.9,1.864,49.12,4.01,-120,2.25,
2026-09-02T20:11:53,2,1.857,48.54,46.9430,25.9,1.865,49.18,4.01,-120,1.75,
2026-09-02T20:11:54,2,1.843,47.44,46.9450,25.9,1.862,48.99,4.02,-120,2.00,
2026-09-02T20:11:55,2,1.858,48.60,46.9520,25.9,1.866,49.25,4.00,-120,2.00,
2026-09-02T20:11:56,2,1.847,47.76,46.9430,25.9,1.866,49.25,4.01,-120,2.25,
2026-09-02T20:11:58,2,1.859,48.73,46.9270,25.9,1.866,49.31,4.01,-120,1.75,
2026-09-02T20:11:59,2,1.855,48.41,46.9440,25.9,1.864,49.12,3.99,-120,2.25,
2026-09-02T20:12:00,2,1.842,47.38,46.9460,25.9,1.862,48.99,4.01,-120,2.00,
2026-09-02T20:12:01,2,1.857,48.54,46.9410,25.9,1.866,49.25,4.01,-120,2.00,
2026-09-02T20:12:02,2,1.844,47.50,46.9410,25.9,1.864,49.12,4.01,-120,2.00,
2026-09-02T20:12:03,2,1.845,47.57,46.9270,25.9,1.852,48.15,4.02,-120,2.00,
2026-09-02T20:12:04,2,1.855,48.41,46.9270,25.9,1.861,48.86,4.01,-120,2.25,
2026-09-02T20:12:05,2,1.843,47.44,46.9320,25.9,1.864,49.12,4.01,-120,2.50,
2026-09-02T20:12:06,2,1.864,49.12,46.9270,25.9,1.863,49.05,4.00,-120,2.25,
2026-09-02T20:12:07,2,1.857,48.54,46.9140,25.9,1.865,49.18,4.00,-120,2.00,
2026-09-02T20:12:09,2,1.844,47.50,46.9270,25.9,1.863,49.05,4.01,-120,1.75,
2026-09-02T20:12:10,2,1.854,48.34,46.9210,25.9,1.862,48.99,4.01,-120,2.25,
2026-09-02T20:12:11,2,1.846,47.70,46.9170,25.9,1.864,49.12,4.01,-120,2.00,
2026-09-02T20:12:12,2,1.842,47.38,46.9110,25.9,1.863,49.05,4.02,-121,2.25,
2026-09-02T20:12:13,2,1.856,48.47,46.9150,25.9,1.864,49.12,4.01,-120,2.00,
2026-09-02T20:12:14,2,1.835,46.80,46.9100,25.9,1.865,49.18,4.01,-120,2.00,
2026-09-02T20:12:15,2,1.860,48.79,46.9000,25.9,1.864,49.12,4.01,-120,2.25,
2026-09-02T20:12:16,2,1.856,48.47,46.9110,25.9,1.865,49.18,4.00,-120,2.00,
2026-09-02T20:12:17,2,1.843,47.44,46.9170,25.9,1.863,49.05,4.01,-120,2.00,
2026-09-02T20:12:18,2,1.853,48.28,46.9020,25.9,1.864,49.12,4.01,-120,1.75,
2026-09-02T20:12:19,2,1.843,47.44,46.8960,25.9,1.869,49.50,4.01,-120,2.00,
2026-09-02T20:12:21,2,1.844,47.50,46.8910,25.9,1.861,48.86,4.03,-120,2.25,
2026-09-02T20:12:22,2,1.858,48.67,46.8860,25.9,1.863,49.05,4.01,-120,2.00,
2026-09-02T20:12:23,2,1.842,47.38,46.8940,25.9,1.864,49.12,4.01,-120,2.25,
2026-09-02T20:12:24,2,1.864,49.12,46.9090,25.9,1.865,49.18,4.01,-120,2.50,
2026-09-02T20:12:25,2,1.858,48.60,46.9020,25.9,1.870,49.57,4.00,-120,2.00,
2026-09-02T20:12:26,2,1.844,47.50,46.9040,25.9,1.864,49.12,4.01,-120,2.25,
2026-09-02T20:12:27,2,1.858,48.67,46.9110,25.9,1.860,48.79,4.01,-120,1.75,
2026-09-02T20:12:28,2,1.844,47.50,46.8970,25.9,1.863,49.05,4.01,-120,2.25,
2026-09-02T20:12:29,2,1.845,47.63,46.9170,25.9,1.863,49.05,4.01,-120,2.25,
2026-09-02T20:12:30,2,1.858,48.60,46.9150,25.9,1.862,48.92,4.01,-120,1.75,
2026-09-02T20:12:31,2,1.843,47.44,46.9190,25.9,1.864,49.12,4.01,-120,2.00,
2026-09-02T20:12:34,2,1.858,48.67,46.9090,25.9,1.862,48.99,4.01,-120,2.00,
2026-09-02T20:12:35,2,1.841,47.25,46.9210,25.9,1.862,48.99,4.01,-120,2.25,
2026-09-02T20:12:36,2,1.863,49.05,46.9120,25.9,1.864,49.12,4.01,-120,2.75,
2026-09-02T20:12:37,2,1.856,48.47,46.9150,25.9,1.866,49.25,3.99,-120,1.75,
2026-09-02T20:12:39,2,1.857,48.54,46.9130,25.9,1.862,48.99,4.01,-120,2.25,
2026-09-02T20:12:40,2,1.845,47.57,46.9210,25.9,1.866,49.25,4.01,-120,2.25,
2026-09-02T20:12:41,2,1.845,47.57,46.9170,25.9,1.860,48.79,4.02,-120,2.50,
2026-09-02T20:12:42,2,1.858,48.60,46.9260,25.9,1.861,48.86,4.01,-120,2.00,
2026-09-02T20:12:45,2,1.860,48.79,46.9170,25.9,1.862,48.99,4.01,-121,2.25,
2026-09-02T20:12:46,2,1.858,48.60,46.9160,25.9,1.866,49.25,3.99,-120,2.00,
2026-09-02T20:12:47,2,1.857,48.54,46.9200,25.9,1.864,49.12,4.01,-120,2.50,
2026-09-02T20:12:48,2,1.858,48.60,46.9100,25.9,1.865,49.18,4.01,-120,2.25,
2026-09-02T20:12:49,2,1.844,47.50,46.9010,25.9,1.863,49.05,4.01,-120,2.00,
2026-09-02T20:12:50,2,1.841,47.31,46.9110,25.9,1.874,49.95,4.03,-120,2.00,
2026-09-02T20:12:51,2,1.856,48.47,46.9150,25.9,1.858,48.67,4.01,-120,2.00,
2026-09-02T20:12:52,2,1.846,47.70,46.9130,25.9,1.864,49.12,4.01,-120,2.00,
2026-09-02T20:12:54,2,1.858,48.60,46.9110,25.9,1.862,48.99,4.01,-120,2.00,
2026-09-02T20:12:56,2,1.844,47.50,46.9080,25.9,1.868,49.44,4.01,-120,2.25,
2026-09-02T20:12:57,2,1.860,48.79,46.8970,25.9,1.863,49.05,4.01,-120,2.00,
2026-09-02T20:12:58,2,1.844,47.50,46.8850,25.9,1.870,49.57,4.01,-120,2.00,
2026-09-02T20:12:59,2,1.843,47.44,46.9040,25.9,1.864,49.12,4.01,-120,2.25,
2026-09-02T20:13:00,2,1.860,48.79,46.8930,25.9,1.865,49.18,4.01,-120,2.00,
2026-09-02T20:13:01,2,1.845,47.57,46.8970,25.9,1.865,49.18,4.01,-120,2.00,
2026-09-02T20:13:02,2,1.852,48.15,46.8890,25.9,1.865,49.18,4.02,-120,2.00,
2026-09-02T20:13:03,2,1.858,48.67,46.8860,25.9,1.863,49.05,4.01,-120,1.75,
2026-09-02T20:13:04,2,1.843,47.44,46.8800,25.9,1.864,49.12,4.01,-121,2.25,
2026-09-02T20:13:05,2,1.858,48.67,46.8760,25.9,1.863,49.05,4.01,-120,1.75,
2026-09-02T20:13:06,2,1.858,48.60,46.8710,25.9,1.864,49.12,3.99,-120,2.00,
2026-09-02T20:13:08,2,1.847,47.76,46.8770,25.9,1.864,49.12,4.01,-120,2.25,
2026-09-02T20:13:09,2,1.857,48.54,46.8910,25.9,1.863,49.05,4.01,-120,1.75,
2026-09-02T20:13:10,2,1.842,47.38,46.8970,25.9,1.863,49.05,4.01,-120,2.25,
2026-09-02T20:13:12,2,1.858,48.60,46.8990,25.9,1.863,49.05,4.01,-120,2.00,
2026-09-02T20:13:13,2,1.845,47.57,46.9060,25.9,1.864,49.12,4.01,-120,1.75,
2026-09-02T20:13:14,2,1.858,48.60,46.9090,25.9,1.863,49.05,4.01,-120,2.25,
2026-09-02T20:13:15,2,1.858,48.67,46.9070,25.9,1.869,49.50,4.00,-120,2.00,
2026-09-02T20:13:16,2,1.845,47.63,46.9170,25.9,1.854,48.34,4.01,-120,2.00,
2026-09-02T20:13:17,2,1.856,48.47,46.9240,25.9,1.863,49.05,4.01,-120,2.25,
2026-09-02T20:13:18,2,1.844,47.50,46.9300,25.9,1.864,49.12,4.01,-120,2.00,
2026-09-02T20:13:20,2,1.844,47.50,46.9260,25.9,1.862,48.92,4.01,-121,2.25,
2026-09-02T20:13:21,2,1.858,48.60,46.9190,25.9,1.868,49.44,4.01,-121,2.25,
2026-09-02T20:13:22,2,1.843,47.44,46.9250,25.9,1.862,48.99,4.01,-120,2.25,
2026-09-02T20:13:23,2,1.861,48.86,46.9270,25.9,1.866,49.25,4.01,-120,2.50,
2026-09-02T20:13:24,2,1.858,48.60,46.9340,25.9,1.865,49.18,4.01,-120,2.00,
2026-09-02T20:13:25,2,1.842,47.38,46.9390,25.9,1.864,49.12,4.01,-120,2.25,
2026-09-02T20:13:26,2,1.859,48.73,46.9340,25.9,1.862,48.92,4.00,-120,1.75,
2026-09-02T20:13:27,2,1.846,47.70,46.9330,25.9,1.863,49.05,4.01,-120,2.00,
2026-09-02T20:13:28,2,1.845,47.63,46.9300,25.9,1.865,49.18,4.01,-120,1.50,
2026-09-02T20:13:30,2,1.844,47.50,46.9400,25.9,1.864,49.12,4.00,-120,2.25,
2026-09-02T20:13:32,2,1.861,48.86,46.9420,25.9,1.863,49.05,4.00,-120,1.75,
2026-09-02T20:13:33,2,1.855,48.41,46.9330,25.9,1.864,49.12,4.01,-120,2.00,
2026-09-02T20:13:34,2,1.844,47.50,46.9350,25.9,1.863,49.05,4.01,-120,2.25,
2026-09-02T20:13:36,2,1.842,47.38,46.9170,25.9,1.866,49.25,4.01,-120,2.00,
2026-09-02T20:13:37,2,1.845,47.57,46.9150,25.9,1.863,49.05,4.01,-120,2.25,
2026-09-02T20:13:38,2,1.857,48.54,46.9220,25.9,1.862,48.92,4.01,-120,2.00,
2026-09-02T20:13:39,2,1.845,47.57,46.9180,25.9,1.867,49.37,4.01,-120,2.25,
2026-09-02T20:13:41,2,1.856,48.47,46.9230,25.9,1.865,49.18,4.01,-120,2.25,
2026-09-02T20:13:42,2,1.845,47.57,46.9360,25.9,1.862,48.99,4.01,-120,2.00,
2026-09-02T20:13:44,2,1.859,48.73,46.9310,25.9,1.862,48.99,4.00,-121,2.00,
2026-09-02T20:13:45,2,1.858,48.67,46.9310,25.9,1.867,49.37,4.00,-120,2.25,
2026-09-02T20:13:47,2,1.856,48.47,46.9300,25.9,1.864,49.12,4.01,-120,2.00,
2026-09-02T20:13:48,2,1.841,47.25,46.9280,25.9,1.862,48.99,4.01,-120,2.25,
2026-09-02T20:13:49,2,1.845,47.63,46.9260,25.9,1.863,49.05,4.01,-120,2.50,
2026-09-02T20:13:50,2,1.856,48.47,46.9230,25.9,1.865,49.18,4.01,-120,2.00,
2026-09-02T20:13:51,2,1.843,47.44,46.9190,25.9,1.862,48.99,4.01,-120,2.00,
2026-09-02T20:13:52,2,1.859,48.73,46.9190,25.9,1.863,49.05,4.01,-120,1.75,
2026-09-02T20:13:53,2,1.855,48.41,46.9150,25.9,1.863,49.05,4.01,-120,2.00,
2026-09-02T20:13:55,2,1.845,47.63,46.9160,25.9,1.864,49.12,4.01,-120,2.25,
2026-09-02T20:13:56,2,1.858,48.67,46.9200,25.9,1.864,49.12,4.01,-120,2.25,
2026-09-02T20:13:57,2,1.843,47.44,46.9220,25.9,1.865,49.18,4.01,-120,2.25,
2026-09-02T20:13:58,2,1.843,47.44,46.9230,25.9,1.880,50.41,4.01,-120,2.25,
2026-09-02T20:13:59,2,1.857,48.54,46.9240,25.9,1.862,48.99,4.01,-120,2.25,
2026-09-02T20:14:00,2,1.844,47.50,46.9240,25.9,1.862,48.99,4.01,-120,2.00,
2026-09-02T20:14:01,2,1.859,48.73,46.9220,25.9,1.864,49.12,4.01,-120,2.00,
2026-09-02T20:14:02,2,1.857,48.54,46.9070,25.9,1.862,48.99,4.01,-120,2.25,
2026-09-02T20:14:03,2,1.844,47.50,46.9090,25.9,1.862,48.99,4.01,-120,2.25,
2026-09-02T20:14:04,2,1.858,48.67,46.8900,25.9,1.866,49.25,4.01,-120,2.50,
2026-09-02T20:14:05,2,1.846,47.70,46.9020,25.9,1.863,49.05,4.01,-120,2.00,
2026-09-02T20:14:07,2,1.843,47.44,46.9170,25.9,1.862,48.92,4.01,-120,1.75,
2026-09-02T20:14:08,2,1.858,48.60,46.9180,25.9,1.862,48.99,4.01,-120,2.25,
2026-09-02T20:14:09,2,1.845,47.57,46.8980,25.9,1.862,48.99,4.01,-120,2.25,
2026-09-02T20:14:10,2,1.862,48.99,46.9000,25.9,1.860,48.79,4.01,-120,2.25,
2026-09-02T20:14:11,2,1.857,48.54,46.9110,25.9,1.862,48.99,4.01,-120,2.00,
2026-09-02T20:14:12,2,1.844,47.50,46.9170,25.9,1.862,48.99,4.01,-121,2.00,
2026-09-02T20:14:13,2,1.858,48.67,46.9100,25.9,1.863,49.05,4.00,-120,2.00,
2026-09-02T20:14:14,2,1.841,47.31,46.9010,25.9,1.864,49.12,4.02,-120,2.75,
2026-09-02T20:14:15,2,1.847,47.76,46.9020,25.9,1.862,48.99,4.01,-120,2.00,
2026-09-02T20:14:16,2,1.857,48.54,46.8970,25.9,1.862,48.92,4.01,-120,2.00,
2026-09-02T20:14:17,2,1.846,47.70,46.8980,25.9,1.864,49.12,4.01,-120,2.25,
2026-09-02T20:14:19,2,1.857,48.54,46.8950,25.9,1.866,49.31,4.01,-120,1.75,
2026-09-02T20:14:20,2,1.858,48.60,46.8990,25.9,1.866,49.25,4.01,-120,2.25,
2026-09-02T20:14:21,2,1.844,47.50,46.8920,25.9,1.863,49.05,4.01,-120,2.25,
2026-09-02T20:14:22,2,1.858,48.67,46.9030,25.9,1.874,49.95,4.00,-121,2.25,
2026-09-02T20:14:23,2,1.854,48.34,46.9020,25.9,1.862,48.92,4.01,-120,2.00,
2026-09-02T20:14:24,2,1.843,47.44,46.9130,25.9,1.862,48.92,4.01,-120,2.00,
2026-09-02T20:14:25,2,1.853,48.28,46.9090,25.9,1.864,49.12,4.01,-120,2.00,
2026-09-02T20:14:27,2,1.842,47.38,46.8980,25.9,1.869,49.50,4.01,-120,2.00,
2026-09-02T20:14:28,2,1.858,48.60,46.8990,25.9,1.864,49.12,4.01,-120,2.00,
2026-09-02T20:14:29,2,1.841,47.25,46.9160,25.9,1.865,49.18,4.01,-120,2.00,
2026-09-02T20:14:31,2,1.861,48.86,46.9190,25.9,1.862,48.99,4.01,-120,2.00,
2026-09-02T20:14:33,2,1.842,47.38,46.8920,25.9,1.862,48.92,4.01,-120,2.25,
2026-09-02T20:14:34,2,1.857,48.54,46.9020,25.9,1.865,49.18,4.01,-120,2.25,
2026-09-02T20:14:35,2,1.843,47.44,46.8990,25.9,1.865,49.18,4.00,-120,2.00,
2026-09-02T20:14:36,2,1.844,47.50,46.9000,25.9,1.863,49.05,4.01,-120,2.25,
2026-09-02T20:14:38,2,1.841,47.31,46.9010,25.9,1.866,49.25,4.01,-120,2.00,
2026-09-02T20:14:39,2,1.859,48.73,46.9000,25.9,1.859,48.73,4.01,-119,2.25,
2026-09-02T20:14:40,2,1.858,48.60,46.9050,25.9,1.862,48.99,4.01,-120,2.00,
2026-09-02T20:14:42,2,1.845,47.63,46.9060,25.9,1.863,49.05,4.01,-120,2.00,
2026-09-02T20:14:44,2,1.841,47.31,46.9040,25.9,1.861,48.86,4.02,-120,2.25,
2026-09-02T20:14:45,2,1.842,47.38,46.9130,25.9,1.863,49.05,4.01,-120,2.00,
2026-09-02T20:14:46,2,1.855,48.41,46.9140,25.9,1.866,49.25,4.01,-120,2.25,
2026-09-02T20:14:47,2,1.841,47.31,46.9080,25.9,1.866,49.25,4.01,-120,2.00,
2026-09-02T20:14:48,2,1.864,49.12,46.9050,25.9,1.864,49.12,3.99,-120,2.25,
2026-09-02T20:14:49,2,1.858,48.60,46.9070,25.9,1.862,48.92,4.01,-120,2.25,
2026-09-02T20:14:50,2,1.845,47.57,46.9060,25.9,1.851,48.08,4.01,-120,2.00,
2026-09-02T20:14:51,2,1.858,48.67,46.9140,25.9,1.863,49.05,4.01,-120,2.50,
2026-09-02T20:14:52,2,1.841,47.31,46.9250,25.9,1.862,48.92,4.02,-120,2.00,
2026-09-02T20:14:54,2,1.843,47.44,46.9180,25.9,1.864,49.12,4.01,-120,2.00,
2026-09-02T20:14:55,2,1.858,48.60,46.9160,25.9,1.864,49.12,4.01,-120,2.00,
2026-09-02T20:14:56,2,1.842,47.38,46.9170,25.9,1.866,49.25,4.01,-120,2.50,
2026-09-02T20:14:57,2,1.847,47.76,46.9180,25.9,1.862,48.92,4.01,-120,2.00,
2026-09-02T20:14:58,2,1.856,48.47,46.9250,25.9,1.862,48.92,4.01,-120,2.00,
2026-09-02T20:14:59,2,1.845,47.57,46.9280,25.9,1.862,48.99,4.01,-120,2.00,
2026-09-02T20:15:00,2,1.861,48.86,46.9320,25.9,1.862,48.99,4.01,-120,2.25,
2026-09-02T20:15:01,2,1.858,48.60,46.9320,25.9,1.864,49.12,4.01,-120,2.00,
2026-09-02T20:15:02,2,1.847,47.76,46.9230,25.9,1.868,49.44,4.01,-120,2.00,
2026-09-02T20:15:03,2,1.857,48.54,46.9080,25.9,1.859,48.73,4.01,-120,2.25,
2026-09-02T20:15:04,2,1.845,47.57,46.9090,25.9,1.864,49.12,4.01,-120,2.25,
2026-09-02T20:15:06,2,1.845,47.63,46.9180,25.9,1.863,49.05,4.01,-120,2.00,
2026-09-02T20:15:07,2,1.859,48.73,46.9140,25.9,1.863,49.05,4.01,-120,2.50,
2026-09-02T20:15:08,2,1.844,47.50,46.9170,25.9,1.862,48.99,4.01,-120,2.25,
2026-09-02T20:15:09,2,1.860,48.79,46.9220,25.9,1.862,48.99,4.01,-120,2.25,
2026-09-02T20:15:10,2,1.856,48.47,46.9170,25.9,1.866,49.25,4.01,-120,2.25,
2026-09-02T20:15:11,2,1.845,47.57,46.9210,25.9,1.863,49.05,4.01,-120,2.25,
2026-09-02T20:15:12,2,1.858,48.60,46.9160,25.9,1.865,49.18,4.01,-120,2.00,
2026-09-02T20:15:13,2,1.844,47.50,46.9180,25.9,1.865,49.18,4.02,-120,2.25,
2026-09-02T20:15:14,2,1.842,47.38,46.9170,25.9,1.870,49.57,4.01,-120,2.00,
2026-09-02T20:15:15,2,1.858,48.60,46.9050,25.9,1.864,49.12,4.01,-120,2.00,
2026-09-02T20:15:16,2,1.845,47.57,46.8990,25.9,1.865,49.18,4.00,-120,2.00,
2026-09-02T20:15:18,2,1.862,48.99,46.8950,25.9,1.863,49.05,3.99,-120,2.25,
2026-09-02T20:15:19,2,1.858,48.60,46.9020,25.9,1.866,49.25,4.01,-120,2.25,
2026-09-02T20:15:20,2,1.843,47.44,46.9110,25.9,1.865,49.18,4.01,-120,2.25,
2026-09-02T20:15:21,2,1.858,48.60,46.9090,25.9,1.864,49.12,4.01,-120,2.00,
2026-09-02T20:15:22,2,1.845,47.57,46.9170,25.9,1.863,49.05,4.02,-120,2.25,
2026-09-02T20:15:23,2,1.845,47.57,46.9230,25.9,1.865,49.18,4.01,-117,2.50,
2026-09-02T20:15:24,2,1.856,48.47,46.9250,25.9,1.862,48.99,4.01,-120,2.00,
2026-09-02T20:15:25,2,1.845,47.57,46.9180,25.9,1.866,49.31,4.01,-120,2.00,
2026-09-02T20:15:26,2,1.862,48.92,46.9220,25.9,1.866,49.25,3.98,-120,2.00,
2026-09-02T20:15:27,2,1.859,48.73,46.9180,25.9,1.863,49.05,4.01,-120,1.50,
2026-09-02T20:15:30,2,1.860,48.79,46.9220,25.9,1.864,49.12,3.99,-120,2.25,
2026-09-02T20:15:31,2,1.842,47.38,46.9200,25.9,1.864,49.12,4.01,-120,1.75,
2026-09-02T20:15:32,2,1.845,47.63,46.9160,25.9,1.864,49.12,4.01,-120,2.25,
2026-09-02T20:15:33,2,1.858,48.67,46.9040,25.9,1.863,49.05,4.01,-120,1.75,
2026-09-02T20:15:35,2,1.845,47.63,46.9280,25.9,1.879,50.34,4.01,-120,2.25,
2026-09-02T20:15:36,2,1.856,48.47,46.9320,25.9,1.865,49.18,4.01,-120,2.50,
2026-09-02T20:15:37,2,1.843,47.44,46.9360,25.9,1.863,49.05,4.01,-121,1.75,
2026-09-02T20:15:38,2,1.860,48.79,46.9230,25.9,1.862,48.99,4.01,-120,2.25,
2026-09-02T20:15:41,2,1.846,47.70,46.9170,25.9,1.863,49.05,4.01,-120,1.75,
2026-09-02T20:15:42,2,1.858,48.60,46.9220,25.9,1.866,49.25,4.01,-121,1.75,
2026-09-02T20:15:43,2,1.844,47.50,46.9270,25.9,1.862,48.99,4.02,-120,2.50,
2026-09-02T20:15:44,2,1.842,47.38,46.9150,25.9,1.862,48.92,4.01,-120,2.00,
2026-09-02T20:15:45,2,1.858,48.60,46.9180,25.9,1.862,48.99,4.01,-120,2.25,
2026-09-02T20:15:46,2,1.845,47.63,46.9250,25.9,1.865,49.18,4.01,-120,2.50,
2026-09-02T20:15:47,2,1.870,49.63,46.9300,25.9,1.866,49.25,3.99,-120,2.25,
2026-09-02T20:15:48,2,1.855,48.41,46.9390,25.9,1.864,49.12,4.01,-120,2.00,
2026-09-02T20:15:49,2,1.845,47.57,46.9240,25.9,1.866,49.25,4.01,-120,2.25,
2026-09-02T20:15:50,2,1.857,48.54,46.9210,25.9,1.863,49.05,4.01,-120,2.25,
2026-09-02T20:15:51,2,1.841,47.31,46.9250,25.9,1.865,49.18,4.02,-120,2.25,
2026-09-02T20:15:53,2,1.845,47.63,46.9180,25.9,1.850,48.02,4.01,-120,2.00,
2026-09-02T20:15:54,2,1.858,48.60,46.9170,25.9,1.863,49.05,4.01,-120,2.25,
2026-09-02T20:15:55,2,1.847,47.76,46.9160,25.9,1.866,49.31,4.01,-120,1.75,
2026-09-02T20:15:56,2,1.861,48.86,46.9150,25.9,1.865,49.18,3.99,-120,2.50,
2026-09-02T20:15:57,2,1.855,48.41,46.9110,25.9,1.862,48.92,4.01,-120,2.25,
2026-09-02T20:15:58,2,1.849,47.89,46.9160,25.9,1.864,49.12,4.01,-120,1.75,
2026-09-02T20:15:59,2,1.862,48.92,46.9160,25.9,1.862,48.99,4.01,-120,1.50,
2026-09-02T20:16:00,2,1.842,47.38,46.9140,25.9,1.862,48.92,4.02,-120,2.50,
2026-09-02T20:16:01,2,1.843,47.44,46.9020,25.9,1.865,49.18,4.01,-121,1.75,
2026-09-02T20:16:02,2,1.855,48.41,46.8960,25.9,1.861,48.86,4.01,-120,2.00,
2026-09-02T20:16:03,2,1.843,47.44,46.8990,25.9,1.866,49.25,4.00,-120,2.25,
2026-09-02T20:16:05,2,1.862,48.92,46.9150,25.9,1.864,49.12,3.99,-120,2.50,
2026-09-02T20:16:06,2,1.856,48.47,46.9140,25.9,1.862,48.99,4.01,-120,2.00,
2026-09-02T20:16:07,2,1.845,47.63,46.9150,25.9,1.862,48.92,4.01,-120,2.00,
2026-09-02T20:16:08,2,1.858,48.60,46.9190,25.9,1.864,49.12,4.01,-120,2.00,
2026-09-02T20:16:09,2,1.845,47.63,46.9140,25.9,1.864,49.12,4.01,-120,2.25,
2026-09-02T20:16:10,2,1.845,47.57,46.9230,25.9,1.862,48.99,4.01,-120,2.25,
2026-09-02T20:16:11,2,1.858,48.67,46.9260,25.9,1.862,48.92,4.01,-120,2.25,
2026-09-02T20:16:12,2,1.842,47.38,46.9280,25.9,1.865,49.18,4.01,-120,1.75,
2026-09-02T20:16:13,2,1.845,47.57,46.9240,25.9,1.863,49.05,4.01,-120,2.00,
2026-09-02T20:16:14,2,1.854,48.34,46.9220,25.9,1.863,49.05,4.01,-120,2.25,
2026-09-02T20:16:16,2,1.844,47.50,46.9140,25.9,1.862,48.99,4.01,-120,2.00,
2026-09-02T20:16:17,2,1.860,48.79,46.9150,25.9,1.864,49.12,3.99,-120,2.50,
2026-09-02T20:16:18,2,1.857,48.54,46.9160,25.9,1.862,48.99,4.01,-120,2.00,
2026-09-02T20:16:19,2,1.844,47.50,46.9250,25.9,1.864,49.12,4.01,-120,2.00,
2026-09-02T20:16:20,2,1.857,48.54,46.9360,25.9,1.862,48.99,4.00,-121,2.25,
2026-09-02T20:16:21,2,1.842,47.38,46.9380,25.9,1.856,48.47,4.02,-120,2.25,
2026-09-02T20:16:22,2,1.844,47.50,46.9290,25.9,1.862,48.99,4.01,-120,2.00,
2026-09-02T20:16:23,2,1.858,48.60,46.9280,25.9,1.863,49.05,4.01,-120,2.50,
2026-09-02T20:16:24,2,1.844,47.50,46.9200,25.9,1.870,49.57,4.01,-120,2.00,
2026-09-02T20:16:26,2,1.858,48.60,46.9380,25.9,1.862,48.99,4.01,-120,2.00,
2026-09-02T20:16:28,2,1.855,48.41,46.9370,25.9,1.865,49.18,4.00,-120,2.00,
2026-09-02T20:16:29,2,1.856,48.47,46.9210,25.9,1.862,48.99,4.01,-120,2.25,
2026-09-02T20:16:30,2,1.844,47.50,46.9140,25.9,1.865,49.18,4.02,-120,2.00,
2026-09-02T20:16:32,2,1.858,48.60,46.9230,25.9,1.864,49.12,4.01,-120,2.50,
2026-09-02T20:16:33,2,1.845,47.57,46.9400,25.9,1.868,49.44,4.00,-120,2.50,
2026-09-02T20:16:34,2,1.869,49.50,46.9390,25.9,1.865,49.18,3.99,-120,2.25,
2026-09-02T20:16:35,2,1.854,48.34,46.9330,25.9,1.864,49.12,4.01,-120,2.00,
2026-09-02T20:16:37,2,1.874,49.95,46.9370,25.9,1.869,49.50,4.01,-120,2.00,
2026-09-02T20:16:38,2,1.844,47.50,46.9360,25.9,1.862,48.92,4.02,-120,2.00,
2026-09-02T20:16:40,2,1.845,47.57,46.9290,25.9,1.864,49.12,4.01,-120,2.25,
2026-09-02T20:16:41,2,1.857,48.54,46.9300,25.9,1.862,48.92,4.00,-121,1.75,
2026-09-02T20:16:42,2,1.846,47.70,46.9330,25.9,1.870,49.63,4.01,-120,1.75,
2026-09-02T20:16:43,2,1.862,48.92,46.9240,25.9,1.865,49.18,3.99,-120,1.75,
2026-09-02T20:16:44,2,1.858,48.67,46.9200,25.9,1.863,49.05,4.01,-120,2.50,
2026-09-02T20:16:45,2,1.849,47.89,46.9260,25.9,1.866,49.31,4.01,-120,2.50,
2026-09-02T20:16:46,2,1.858,48.60,46.9140,25.9,1.862,48.99,4.00,-120,1.75,
2026-09-02T20:16:47,2,1.843,47.44,46.9080,25.9,1.862,48.99,4.02,-120,2.50,
2026-09-02T20:16:48,2,1.842,47.38,46.9190,25.9,1.865,49.18,4.01,-120,1.75,
2026-09-02T20:16:49,2,1.856,48.47,46.9150,25.9,1.862,48.99,4.00,-120,2.25,
2026-09-02T20:16:50,2,1.842,47.38,46.9220,25.9,1.859,48.73,4.03,-120,2.00,
2026-09-02T20:16:52,2,1.842,47.38,46.9140,25.9,1.855,48.41,4.01,-120,2.25,
2026-09-02T20:16:53,2,1.858,48.67,46.9130,25.9,1.863,49.05,4.01,-120,2.25,
2026-09-02T20:16:54,2,1.843,47.44,46.9130,25.9,1.865,49.18,4.01,-120,2.00,
2026-09-02T20:16:55,2,1.859,48.73,46.9250,25.9,1.865,49.18,3.99,-120,2.25,
2026-09-02T20:16:56,2,1.858,48.60,46.9250,25.9,1.864,49.12,4.01,-120,2.00,
2026-09-02T20:16:57,2,1.842,47.38,46.9230,25.9,1.863,49.05,4.01,-120,2.00,
2026-09-02T20:16:58,2,1.858,48.67,46.9150,25.9,1.862,48.99,4.01,-120,2.25,
2026-09-02T20:16:59,2,1.843,47.44,46.9130,25.9,1.864,49.12,4.03,-120,2.00,
2026-09-02T20:17:00,2,1.844,47.50,46.9110,25.9,1.863,49.05,4.00,-120,1.75,
2026-09-02T20:17:01,2,1.858,48.60,46.9080,25.9,1.863,49.05,4.01,-120,2.25,
2026-09-02T20:17:03,2,1.844,47.50,46.9140,25.9,1.866,49.31,4.01,-120,2.25,
2026-09-02T20:17:04,2,1.860,48.79,46.9080,25.9,1.868,49.44,3.99,-120,2.25,
2026-09-02T20:17:05,2,1.857,48.54,46.9060,25.9,1.866,49.25,4.01,-120,2.50,
2026-09-02T20:17:06,2,1.844,47.50,46.8980,25.9,1.866,49.25,4.01,-120,2.25,
2026-09-02T20:17:07,2,1.858,48.67,46.8930,25.9,1.864,49.12,4.01,-120,2.00,
2026-09-02T20:17:08,2,1.842,47.38,46.8890,25.9,1.862,48.99,4.02,-120,2.25,
2026-09-02T20:17:09,2,1.845,47.63,46.8890,25.9,1.865,49.18,4.00,-120,2.00,
2026-09-02T20:17:10,2,1.857,48.54,46.8900,25.9,1.864,49.12,4.01,-120,2.50,
2026-09-02T20:17:11,2,1.844,47.50,46.8980,25.9,1.866,49.31,4.01,-120,2.25,
2026-09-02T20:17:12,2,1.861,48.86,46.8930,25.9,1.865,49.18,3.99,-120,2.50,
2026-09-02T20:17:13,2,1.854,48.34,46.8910,25.9,1.864,49.12,4.01,-120,2.25,
2026-09-02T20:17:15,2,1.843,47.44,46.8800,25.9,1.864,49.12,4.00,-120,2.00,
2026-09-02T20:17:16,2,1.858,48.60,46.8860,25.9,1.864,49.12,4.01,-120,2.25,
2026-09-02T20:17:17,2,1.842,47.38,46.8780,25.9,1.862,48.92,4.02,-120,2.00,
2026-09-02T20:17:18,2,1.844,47.50,46.8800,25.9,1.864,49.12,4.01,-120,2.50,
2026-09-02T20:17:19,2,1.856,48.47,46.8880,25.9,1.862,48.92,4.01,-120,2.25,
2026-09-02T20:17:20,2,1.843,47.44,46.8870,25.9,1.865,49.18,4.00,-120,2.00,
2026-09-02T20:17:21,2,1.866,49.25,46.8900,25.9,1.866,49.25,3.99,-120,2.00,
2026-09-02T20:17:23,2,1.845,47.57,46.8870,25.9,1.866,49.31,4.00,-120,1.75,
2026-09-02T20:17:24,2,1.860,48.79,46.9050,25.9,1.862,48.99,3.99,-120,2.00,
2026-09-02T20:17:25,2,1.855,48.41,46.9140,25.9,1.865,49.18,4.01,-120,2.00,
2026-09-02T20:17:27,2,1.845,47.57,46.9180,25.9,1.863,49.05,4.01,-121,2.00,
2026-09-02T20:17:29,2,1.841,47.25,46.9160,25.9,1.860,48.79,4.01,-120,2.25,
2026-09-02T20:17:30,2,1.844,47.50,46.9160,25.9,1.862,48.99,4.01,-120,2.00,
2026-09-02T20:17:31,2,1.856,48.47,46.9090,25.9,1.862,48.99,4.01,-120,2.50,
2026-09-02T20:17:32,2,1.842,47.38,46.9100,25.9,1.862,48.99,4.01,-120,2.25,
2026-09-02T20:17:34,2,1.859,48.73,46.9100,25.9,1.862,48.99,4.01,-120,2.25,
2026-09-02T20:17:35,2,1.844,47.50,46.9030,25.9,1.864,49.12,4.00,-120,2.50,
2026-09-02T20:17:36,2,1.858,48.67,46.9040,25.9,1.865,49.18,4.01,-120,2.25,
2026-09-02T20:17:37,2,1.845,47.57,46.9110,25.9,1.866,49.25,4.02,-120,2.00,
2026-09-02T20:17:39,2,1.844,47.50,46.9070,25.9,1.863,49.05,4.01,-120,2.25,
2026-09-02T20:17:40,2,1.850,48.02,46.9020,25.9,1.866,49.31,4.00,-120,2.25,
2026-09-02T20:17:41,2,1.844,47.50,46.9030,25.9,1.864,49.12,4.01,-120,1.75,
2026-09-02T20:17:42,2,1.863,49.05,46.9050,25.9,1.869,49.50,3.99,-120,2.50,
2026-09-02T20:17:43,2,1.857,48.54,46.9030,25.9,1.865,49.18,4.01,-120,2.25,
2026-09-02T20:17:44,2,1.845,47.57,46.8920,25.9,1.867,49.37,4.01,-120,2.50,
2026-09-02T20:17:45,2,1.858,48.67,46.8850,25.9,1.864,49.12,4.01,-120,2.00,
2026-09-02T20:17:46,2,1.843,47.44,46.8880,25.9,1.862,48.99,4.02,-120,2.00,
2026-09-02T20:17:47,2,1.844,47.50,46.8940,25.9,1.864,49.12,4.01,-120,2.25,
2026-09-02T20:17:48,2,1.859,48.73,46.8800,25.9,1.862,48.92,4.01,-120,2.25,
2026-09-02T20:17:50,2,1.843,47.44,46.8880,25.9,1.865,49.18,4.01,-120,2.25,
2026-09-02T20:17:51,2,1.862,48.92,46.8890,25.9,1.865,49.18,3.99,-120,2.00,
2026-09-02T20:17:52,2,1.854,48.34,46.9010,25.9,1.866,49.25,4.01,-120,2.50,
2026-09-02T20:17:53,2,1.844,47.50,46.8930,25.9,1.864,49.12,4.01,-120,2.00,
2026-09-02T20:17:54,2,1.856,48.47,46.8980,25.9,1.874,49.89,4.01,-120,2.00,
2026-09-02T20:17:55,2,1.842,47.38,46.9020,25.9,1.861,48.86,4.02,-120,2.25,
2026-09-02T20:17:56,2,1.845,47.57,46.9140,25.9,1.864,49.12,4.01,-120,2.25,
2026-09-02T20:17:57,2,1.856,48.47,46.9180,25.9,1.862,48.92,4.00,-120,2.00,
2026-09-02T20:17:58,2,1.845,47.57,46.9230,25.9,1.865,49.18,4.00,-120,2.25,
2026-09-02T20:17:59,2,1.855,48.41,46.9270,25.9,1.866,49.25,4.01,-120,2.50,
2026-09-02T20:18:00,2,1.858,48.60,46.9220,25.9,1.865,49.18,4.01,-120,2.25,
2026-09-02T20:18:02,2,1.845,47.57,46.9340,25.9,1.864,49.12,4.01,-120,2.25,
2026-09-02T20:18:03,2,1.861,48.86,46.9240,25.9,1.864,49.12,3.99,-120,1.75,
2026-09-02T20:18:04,2,1.857,48.54,46.9370,25.9,1.864,49.12,4.01,-120,2.25,
2026-09-02T20:18:05,2,1.845,47.57,46.9350,25.9,1.863,49.05,4.01,-120,2.25,
2026-09-02T20:18:06,2,1.859,48.73,46.9360,25.9,1.862,48.92,4.01,-120,2.50,
2026-09-02T20:18:07,2,1.843,47.44,46.9300,25.9,1.861,48.86,4.02,-120,2.50,
2026-09-02T20:18:08,2,1.844,47.50,46.9420,25.9,1.866,49.31,4.01,-120,2.00,
2026-09-02T20:18:09,2,1.859,48.73,46.9350,25.9,1.864,49.12,4.01,-120,2.25,
2026-09-02T20:18:10,2,1.845,47.57,46.9340,25.9,1.864,49.12,4.00,-120,2.25,
2026-09-02T20:18:11,2,1.862,48.92,46.9290,25.9,1.866,49.25,3.99,-120,2.25,
2026-09-02T20:18:12,2,1.853,48.21,46.9250,25.9,1.862,48.99,4.01,-120,2.00,
2026-09-02T20:18:14,2,1.845,47.63,46.9230,25.9,1.865,49.18,4.01,-120,2.75,
2026-09-02T20:18:15,2,1.857,48.54,46.9250,25.9,1.866,49.25,4.01,-120,2.50,
2026-09-02T20:18:16,2,1.843,47.44,46.9180,25.9,1.862,48.92,4.02,-120,2.00,
2026-09-02T20:18:17,2,1.845,47.57,46.9160,25.9,1.864,49.12,4.01,-120,2.50,
2026-09-02T20:18:18,2,1.858,48.60,46.9150,25.9,1.862,48.99,4.01,-120,2.00,
2026-09-02T20:18:20,2,1.860,48.79,46.9300,25.9,1.869,49.50,3.98,-120,2.00,
2026-09-02T20:18:21,2,1.858,48.60,46.9240,25.9,1.862,48.99,4.01,-120,2.00,
2026-09-02T20:18:22,2,1.845,47.63,46.9290,25.9,1.865,49.18,4.01,-120,2.50,
2026-09-02T20:18:23,2,1.875,50.02,46.9210,25.9,1.862,48.99,4.01,-120,2.25,
2026-09-02T20:18:26,2,1.845,47.63,46.9130,25.9,1.865,49.18,4.00,-120,2.25,
2026-09-02T20:18:27,2,1.858,48.60,46.9170,25.9,1.859,48.73,4.01,-120,2.25,
2026-09-02T20:18:28,2,1.837,46.99,46.9280,25.9,1.864,49.12,4.00,-120,2.50,
2026-09-02T20:18:29,2,1.862,48.92,46.9280,25.9,1.872,49.76,3.99,-119,2.25,
2026-09-02T20:18:31,2,1.846,47.70,46.9380,25.9,1.866,49.25,4.01,-120,2.25,
2026-09-02T20:18:32,2,1.860,48.79,46.9350,25.9,1.874,49.89,4.01,-120,2.00,
2026-09-02T20:18:33,2,1.843,47.44,46.9360,25.9,1.861,48.86,4.02,-120,1.75,
2026-09-02T20:18:34,2,1.845,47.63,46.9350,25.9,1.864,49.12,4.01,-121,2.25,
2026-09-02T20:18:35,2,1.856,48.47,46.9350,25.9,1.863,49.05,4.01,-120,2.25,
2026-09-02T20:18:37,2,1.843,47.44,46.9400,25.9,1.864,49.12,4.02,-120,2.25,
2026-09-02T20:18:38,2,1.845,47.63,46.9430,25.9,1.865,49.18,4.01,-120,1.75,
2026-09-02T20:18:39,2,1.855,48.41,46.9510,25.9,1.866,49.25,4.01,-120,2.25,
2026-09-02T20:18:40,2,1.845,47.57,46.9360,25.9,1.866,49.25,4.01,-120,2.25,
2026-09-02T20:18:41,2,1.862,48.99,46.9450,25.9,1.866,49.25,3.99,-120,2.50,
2026-09-02T20:18:42,2,1.858,48.60,46.9390,25.9,1.863,49.05,4.01,-120,2.25,
2026-09-02T20:18:43,2,1.845,47.57,46.9460,25.9,1.863,49.05,4.01,-120,2.50,
2026-09-02T20:18:44,2,1.850,48.02,46.9530,25.9,1.864,49.12,4.01,-120,2.75,
2026-09-02T20:18:45,2,1.844,47.50,46.9550,25.9,1.862,48.99,4.02,-120,2.25,
2026-09-02T20:18:46,2,1.845,47.57,46.9510,25.9,1.869,49.50,4.00,-120,2.25,
2026-09-02T20:18:47,2,1.853,48.28,46.9570,25.9,1.862,48.99,4.01,-120,1.75,
2026-09-02T20:18:49,2,1.844,47.50,46.9510,25.9,1.862,48.99,4.01,-120,2.00,
2026-09-02T20:18:50,2,1.862,48.99,46.9560,25.9,1.870,49.63,3.99,-120,2.00,
2026-09-02T20:18:51,2,1.857,48.54,46.9590,25.9,1.864,49.12,4.01,-120,2.50,
2026-09-02T20:18:52,2,1.838,47.05,46.9630,25.9,1.864,49.12,4.01,-120,2.50,
2026-09-02T20:18:53,2,1.858,48.60,46.9680,25.9,1.863,49.05,4.01,-121,2.00,
2026-09-02T20:18:54,2,1.842,47.38,46.9710,25.9,1.861,48.86,4.02,-120,2.50,
2026-09-02T20:18:55,2,1.849,47.96,46.9770,25.9,1.863,49.05,4.01,-120,2.50,
2026-09-02T20:18:56,2,1.852,48.15,46.9710,25.9,1.863,49.05,4.01,-120,2.00,
2026-09-02T20:18:57,2,1.845,47.63,46.9640,25.9,1.865,49.18,4.00,-120,2.25,
2026-09-02T20:18:58,2,1.862,48.99,46.9630,25.9,1.865,49.18,3.99,-120,2.00,
2026-09-02T20:18:59,2,1.858,48.67,46.9620,25.9,1.864,49.12,4.00,-120,2.00,
2026-09-02T20:19:01,2,1.844,47.50,46.9480,25.9,1.864,49.12,4.01,-120,2.25,
2026-09-02T20:19:02,2,1.858,48.60,46.9420,25.9,1.864,49.12,4.00,-120,2.00,
2026-09-02T20:19:03,2,1.844,47.50,46.9390,25.9,1.862,48.99,4.02,-120,2.25,
2026-09-02T20:19:04,2,1.844,47.50,46.9370,25.9,1.866,49.25,4.01,-120,2.50,
2026-09-02T20:19:05,2,1.862,48.92,46.9370,25.9,1.862,48.92,4.00,-120,2.25,
2026-09-02T20:19:06,2,1.842,47.38,46.9370,25.9,1.864,49.12,4.02,-120,2.25,
2026-09-02T20:19:07,2,1.866,49.25,46.9220,25.9,1.864,49.12,3.98,-120,2.00,
2026-09-02T20:19:08,2,1.854,48.34,46.9200,25.9,1.865,49.18,4.00,-120,2.00,
2026-09-02T20:19:09,2,1.845,47.57,46.9270,25.9,1.866,49.25,4.01,-120,2.00,
2026-09-02T20:19:10,2,1.858,48.67,46.9220,25.9,1.865,49.18,3.99,-120,2.25,
2026-09-02T20:19:11,2,1.858,48.60,46.9240,25.9,1.864,49.12,4.00,-120,2.25,
2026-09-02T20:19:13,2,1.843,47.44,46.9280,25.9,1.863,49.05,4.01,-120,2.25,
2026-09-02T20:19:14,2,1.857,48.54,46.9240,25.9,1.863,49.05,4.01,-120,2.25,
2026-09-02T20:19:15,2,1.842,47.38,46.9230,25.9,1.863,49.05,4.02,-120,2.00,
2026-09-02T20:19:17,2,1.857,48.54,46.9460,25.9,1.865,49.18,4.00,-120,2.00,
2026-09-02T20:19:18,2,1.845,47.63,46.9300,25.9,1.865,49.18,4.01,-120,2.50,
2026-09-02T20:19:19,2,1.857,48.54,46.9330,25.9,1.868,49.44,3.99,-120,1.75,
2026-09-02T20:19:20,2,1.854,48.34,46.9430,25.9,1.864,49.12,4.01,-120,2.00,
2026-09-02T20:19:22,2,1.856,48.47,46.9530,25.9,1.864,49.12,4.01,-120,2.25,
2026-09-02T20:19:23,2,1.845,47.63,46.9510,25.9,1.862,48.99,4.02,-120,2.50,
2026-09-02T20:19:25,2,1.845,47.63,46.9570,25.9,1.865,49.18,4.01,-120,1.75,
2026-09-02T20:19:26,2,1.861,48.86,46.9520,25.9,1.865,49.18,4.01,-120,2.25,
2026-09-02T20:19:28,2,1.860,48.79,46.9810,25.9,1.869,49.50,3.99,-120,2.00,
2026-09-02T20:19:29,2,1.857,48.54,46.9660,25.9,1.859,48.73,4.01,-120,2.25,
2026-09-02T20:19:30,2,1.845,47.63,46.9770,25.9,1.864,49.12,4.01,-121,2.00,
2026-09-02T20:19:31,2,1.859,48.73,46.9670,25.9,1.862,48.99,4.01,-120,2.00,
2026-09-02T20:19:32,2,1.838,47.05,46.9590,25.9,1.877,50.15,4.02,-120,2.00,
2026-09-02T20:19:33,2,1.846,47.70,46.9680,25.9,1.865,49.18,4.01,-120,2.50,
2026-09-02T20:19:34,2,1.858,48.60,46.9560,25.9,1.863,49.05,4.01,-120,2.50,
2026-09-02T20:19:36,2,1.843,47.44,46.9560,25.9,1.864,49.12,4.02,-120,2.00,
2026-09-02T20:19:37,2,1.869,49.50,46.9480,25.9,1.866,49.31,3.99,-120,1.75,
2026-09-02T20:19:38,2,1.856,48.47,46.9450,25.9,1.864,49.12,4.01,-120,2.00,
2026-09-02T20:19:39,2,1.845,47.57,46.9420,25.9,1.866,49.31,4.00,-120,2.25,
2026-09-02T20:19:40,2,1.859,48.73,46.9410,25.9,1.866,49.31,3.99,-120,1.75,
2026-09-02T20:19:41,2,1.859,48.73,46.9470,25.9,1.863,49.05,4.01,-120,2.50,
2026-09-02T20:19:42,2,1.841,47.31,46.9400,25.9,1.863,49.05,4.01,-120,2.00,
2026-09-02T20:19:43,2,1.853,48.28,46.9420,25.9,1.862,48.92,4.01,-120,2.00,
2026-09-02T20:19:44,2,1.842,47.38,46.9420,25.9,1.863,49.05,4.02,-120,2.50,
2026-09-02T20:19:45,2,1.844,47.50,46.9470,25.9,1.863,49.05,4.01,-120,2.00,
2026-09-02T20:19:46,2,1.856,48.47,46.9350,25.9,1.863,49.05,4.01,-120,2.50,
2026-09-02T20:19:48,2,1.842,47.38,46.9180,25.9,1.865,49.18,4.01,-121,2.25,
2026-09-02T20:19:49,2,1.861,48.86,46.9130,25.9,1.864,49.12,3.99,-120,2.00,
2026-09-02T20:19:50,2,1.860,48.79,46.9160,25.9,1.864,49.12,4.01,-120,1.75,
2026-09-02T20:19:51,2,1.843,47.44,46.9190,25.9,1.863,49.05,4.01,-120,2.25,
2026-09-02T20:19:52,2,1.858,48.60,46.9160,25.9,1.863,49.05,4.01,-120,2.25,
2026-09-02T20:19:53,2,1.842,47.38,46.9040,25.9,1.864,49.12,4.02,-120,2.25,
2026-09-02T20:19:54,2,1.843,47.44,46.9060,25.9,1.865,49.18,4.01,-120,2.25,
2026-09-02T20:19:55,2,1.858,48.60,46.8990,25.9,1.864,49.12,4.01,-120,2.25,
2026-09-02T20:19:56,2,1.845,47.63,46.9020,25.9,1.866,49.25,4.00,-120,2.00,
2026-09-02T20:19:57,2,1.862,48.99,46.9060,25.9,1.867,49.37,3.99,-120,2.25,
2026-09-02T20:19:58,2,1.860,48.79,46.8940,25.9,1.863,49.05,4.00,-120,2.25,
2026-09-02T20:20:00,2,1.845,47.57,46.9030,25.9,1.863,49.05,4.01,-120,2.50,
2026-09-02T20:20:01,2,1.858,48.67,46.9030,25.9,1.863,49.05,4.01,-120,2.50,
2026-09-02T20:20:02,2,1.842,47.38,46.8930,25.9,1.862,48.99,4.02,-120,2.25,
2026-09-02T20:20:03,2,1.843,47.44,46.8880,25.9,1.865,49.18,4.00,-120,2.25,
2026-09-02T20:20:04,2,1.857,48.54,46.8780,25.9,1.863,49.05,4.01,-120,2.25,
2026-09-02T20:20:05,2,1.851,48.08,46.8760,25.9,1.862,48.99,4.02,-120,1.75,
2026-09-02T20:20:06,2,1.862,48.99,46.8820,25.9,1.868,49.44,3.99,-120,2.25,
2026-09-02T20:20:07,2,1.857,48.54,46.8880,25.9,1.864,49.12,4.01,-120,2.50,
2026-09-02T20:20:08,2,1.844,47.50,46.8910,25.9,1.874,49.89,4.00,-120,2.25,
2026-09-02T20:20:09,2,1.859,48.73,46.8820,25.9,1.866,49.25,3.99,-120,1.75,
2026-09-02T20:20:10,2,1.843,47.44,46.8870,25.9,1.863,49.05,4.01,-120,2.00,
2026-09-02T20:20:12,2,1.843,47.44,46.8910,25.9,1.864,49.12,4.01,-120,1.75,
2026-09-02T20:20:14,2,1.843,47.44,46.9150,25.9,1.862,48.99,4.02,-120,2.50,
2026-09-02T20:20:15,2,1.842,47.38,46.9240,25.9,1.865,49.18,4.01,-120,2.25,
2026-09-02T20:20:16,2,1.844,47.50,46.9090,25.9,1.864,49.12,4.01,-120,2.75,
2026-09-02T20:20:17,2,1.845,47.57,46.9030,25.9,1.869,49.50,4.00,-120,2.00,
2026-09-02T20:20:19,2,1.858,48.60,46.9080,25.9,1.866,49.25,4.00,-120,2.25,
2026-09-02T20:20:20,2,1.843,47.44,46.9030,25.9,1.862,48.99,4.01,-120,2.25,
2026-09-02T20:20:21,2,1.858,48.67,46.9010,25.9,1.862,48.99,4.01,-120,2.50,
2026-09-02T20:20:23,2,1.841,47.31,46.9130,25.9,1.862,48.99,4.02,-120,2.50,
2026-09-02T20:20:25,2,1.856,48.47,46.9290,25.9,1.864,49.12,4.01,-120,2.00,
2026-09-02T20:20:26,2,1.845,47.57,46.9270,25.9,1.866,49.25,4.00,-120,2.25,
2026-09-02T20:20:27,2,1.859,48.73,46.9280,25.9,1.860,48.79,3.99,-119,2.25,
2026-09-02T20:20:28,2,1.854,48.34,46.9320,25.9,1.861,48.86,4.01,-120,2.50,
2026-09-02T20:20:29,2,1.845,47.63,46.9300,25.9,1.863,49.05,4.00,-120,2.25,
2026-09-02T20:20:30,2,1.858,48.60,46.9290,25.9,1.862,48.99,4.01,-120,2.00,
2026-09-02T20:20:31,2,1.845,47.63,46.9250,25.9,1.863,49.05,4.02,-121,2.00,
2026-09-02T20:20:32,2,1.845,47.57,46.9250,25.9,1.863,49.05,4.01,-120,2.50,
2026-09-02T20:20:33,2,1.858,48.60,46.9240,25.9,1.856,48.47,4.01,-120,2.00,
2026-09-02T20:20:35,2,1.835,46.80,46.9150,25.9,1.862,48.92,4.02,-120,2.25,
2026-09-02T20:20:36,2,1.861,48.86,46.9140,25.9,1.866,49.25,3.99,-120,2.25,
2026-09-02T20:20:37,2,1.862,48.99,46.9200,25.9,1.866,49.25,4.01,-120,2.00,
2026-09-02T20:20:38,2,1.844,47.50,46.9230,25.9,1.865,49.18,4.00,-120,2.25,
2026-09-02T20:20:39,2,1.858,48.60,46.9220,25.9,1.870,49.63,3.99,-120,2.25,
2026-09-02T20:20:40,2,1.841,47.31,46.9340,25.9,1.860,48.79,4.02,-120,2.50,
2026-09-02T20:20:41,2,1.842,47.38,46.9390,25.9,1.863,49.05,4.01,-120,2.00,
2026-09-02T20:20:42,2,1.857,48.54,46.9350,25.9,1.863,49.05,4.00,-120,2.00,
2026-09-02T20:20:43,2,1.844,47.50,46.9330,25.9,1.862,48.99,4.02,-120,2.25,
2026-09-02T20:20:44,2,1.862,48.99,46.9340,25.9,1.864,49.12,3.99,-120,2.00,
2026-09-02T20:20:45,2,1.853,48.21,46.9380,25.9,1.863,49.05,4.01,-120,2.25,
2026-09-02T20:20:47,2,1.845,47.63,46.9310,25.9,1.870,49.57,4.01,-120,2.00,
2026-09-02T20:20:48,2,1.859,48.73,46.9310,25.9,1.866,49.31,3.99,-120,2.25,
2026-09-02T20:20:49,2,1.844,47.50,46.9280,25.9,1.865,49.18,4.02,-120,2.25,
2026-09-02T20:20:50,2,1.847,47.76,46.9260,25.9,1.863,49.05,4.00,-120,2.00,
2026-09-02T20:20:51,2,1.858,48.60,46.9290,25.9,1.864,49.12,4.01,-120,2.25,
2026-09-02T20:20:52,2,1.843,47.44,46.9260,25.9,1.861,48.86,4.02,-120,2.25,
2026-09-02T20:20:53,2,1.844,47.50,46.9280,25.9,1.864,49.12,4.00,-120,2.25,
2026-09-02T20:20:54,2,1.862,48.92,46.9220,25.9,1.864,49.12,4.01,-120,1.75,
2026-09-02T20:20:55,2,1.844,47.50,46.9200,25.9,1.869,49.50,4.00,-120,2.00,
2026-09-02T20:20:56,2,1.859,48.73,46.9250,25.9,1.866,49.25,3.99,-120,2.25,
2026-09-02T20:20:57,2,1.856,48.47,46.9300,25.9,1.862,48.99,4.00,-120,2.50,
2026-09-02T20:20:59,2,1.844,47.50,46.9270,25.9,1.864,49.12,4.01,-120,2.50,
2026-09-02T20:21:00,2,1.858,48.67,46.9230,25.9,1.862,48.99,4.01,-120,2.25,
2026-09-02T20:21:01,2,1.845,47.57,46.9170,25.9,1.862,48.92,4.02,-120,2.25,
2026-09-02T20:21:02,2,1.845,47.63,46.9070,25.9,1.863,49.05,4.01,-120,2.00,
2026-09-02T20:21:03,2,1.855,48.41,46.9210,25.9,1.862,48.92,4.01,-120,2.25,
2026-09-02T20:21:04,2,1.861,48.86,46.9120,25.9,1.863,49.05,4.02,-120,2.00,
2026-09-02T20:21:05,2,1.860,48.79,46.9070,25.9,1.866,49.25,3.99,-120,2.00,
2026-09-02T20:21:06,2,1.856,48.47,46.9170,25.9,1.862,48.99,4.01,-121,2.00,
2026-09-02T20:21:07,2,1.843,47.44,46.9240,25.9,1.863,49.05,4.00,-121,2.00,
2026-09-02T20:21:08,2,1.857,48.54,46.9300,25.9,1.865,49.18,3.99,-120,2.25,
2026-09-02T20:21:11,2,1.845,47.57,46.9330,25.9,1.864,49.12,4.01,-120,2.00,
2026-09-02T20:21:12,2,1.858,48.67,46.9300,25.9,1.870,49.63,4.01,-120,2.00,
2026-09-02T20:21:13,2,1.842,47.38,46.9400,25.9,1.862,48.92,4.02,-120,2.25,
2026-09-02T20:21:14,2,1.866,49.31,46.9530,25.9,1.870,49.57,3.99,-119,2.00,
2026-09-02T20:21:16,2,1.845,47.63,46.9560,25.9,1.864,49.12,4.01,-120,2.50,
2026-09-02T20:21:17,2,1.862,48.92,46.9510,25.9,1.864,49.12,3.99,-120,2.00,
2026-09-02T20:21:18,2,1.842,47.38,46.9450,25.9,1.862,48.99,4.02,-120,2.25,
2026-09-02T20:21:19,2,1.848,47.83,46.9450,25.9,1.863,49.05,4.01,-120,2.50,
2026-09-02T20:21:22,2,1.842,47.38,46.9480,25.9,1.862,48.99,4.02,-120,1.75,
2026-09-02T20:21:23,2,1.863,49.05,46.9580,25.9,1.866,49.31,3.99,-120,2.25,
2026-09-02T20:21:24,2,1.859,48.73,46.9510,25.9,1.868,49.44,4.01,-120,2.00,
2026-09-02T20:21:25,2,1.844,47.50,46.9610,25.9,1.867,49.37,4.00,-120,2.50,
2026-09-02T20:21:26,2,1.859,48.73,46.9610,25.9,1.865,49.18,3.99,-120,2.00,
2026-09-02T20:21:27,2,1.845,47.63,46.9530,25.9,1.862,48.99,4.02,-120,2.25,
2026-09-02T20:21:28,2,1.845,47.63,46.9520,25.9,1.866,49.25,4.00,-120,2.00,
2026-09-02T20:21:29,2,1.860,48.79,46.9500,25.9,1.862,48.99,4.00,-120,2.00,
2026-09-02T20:21:30,2,1.843,47.44,46.9540,25.9,1.864,49.12,4.02,-120,2.50,
2026-09-02T20:21:31,2,1.843,47.44,46.9530,25.9,1.866,49.25,4.01,-120,2.25,
2026-09-02T20:21:32,2,1.857,48.54,46.9530,25.9,1.876,50.08,4.01,-120,2.25,
2026-09-02T20:21:34,2,1.841,47.31,46.9430,25.9,1.863,49.05,4.00,-120,2.00,
2026-09-02T20:21:35,2,1.862,48.92,46.9340,25.9,1.866,49.31,3.99,-120,1.50,
2026-09-02T20:21:36,2,1.858,48.67,46.9360,25.9,1.865,49.18,4.01,-120,2.00,
2026-09-02T20:21:37,2,1.844,47.50,46.9420,25.9,1.863,49.05,4.00,-120,2.25,
2026-09-02T20:21:38,2,1.859,48.73,46.9410,25.9,1.866,49.25,4.00,-120,2.00,
2026-09-02T20:21:39,2,1.843,47.44,46.9380,25.9,1.866,49.31,4.02,-120,2.50,
2026-09-02T20:21:40,2,1.843,47.44,46.9340,25.9,1.865,49.18,4.00,-120,2.25,
2026-09-02T20:21:41,2,1.856,48.47,46.9290,25.9,1.863,49.05,4.00,-120,2.00,
2026-09-02T20:21:42,2,1.841,47.31,46.9270,25.9,1.865,49.18,4.01,-120,2.25,
2026-09-02T20:21:43,2,1.858,48.67,46.9240,25.9,1.866,49.25,3.99,-119,2.25,
2026-09-02T20:21:44,2,1.856,48.47,46.9300,25.9,1.863,49.05,4.00,-120,1.75,
2026-09-02T20:21:46,2,1.845,47.57,46.9450,25.9,1.870,49.57,4.00,-120,2.50,
2026-09-02T20:21:47,2,1.857,48.54,46.9480,25.9,1.864,49.12,3.99,-120,2.50,
2026-09-02T20:21:48,2,1.843,47.44,46.9370,25.9,1.866,49.25,4.02,-120,2.25,
2026-09-02T20:21:49,2,1.844,47.50,46.9400,25.9,1.864,49.12,4.00,-120,2.00,
2026-09-02T20:21:50,2,1.853,48.21,46.9370,25.9,1.865,49.18,4.00,-120,2.00,
2026-09-02T20:21:51,2,1.843,47.44,46.9390,25.9,1.865,49.18,4.01,-120,2.50,
2026-09-02T20:21:52,2,1.866,49.25,46.9350,25.9,1.866,49.25,3.99,-120,2.25,
2026-09-02T20:21:53,2,1.858,48.60,46.9310,25.9,1.865,49.18,4.01,-120,2.00,
2026-09-02T20:21:54,2,1.844,47.50,46.9380,25.9,1.862,48.99,4.00,-121,2.00,
2026-09-02T20:21:55,2,1.859,48.73,46.9420,25.9,1.871,49.70,3.99,-120,2.25,
2026-09-02T20:21:57,2,1.843,47.44,46.9410,25.9,1.862,48.99,4.02,-120,2.00,
2026-09-02T20:21:58,2,1.845,47.57,46.9480,25.9,1.865,49.18,4.01,-120,2.25,
2026-09-02T20:21:59,2,1.857,48.54,46.9500,25.9,1.862,48.99,4.01,-120,2.00,
2026-09-02T20:22:00,2,1.844,47.50,46.9710,25.9,1.862,48.92,4.02,-120,2.00,
2026-09-02T20:22:01,2,1.863,49.05,46.9670,25.9,1.865,49.18,3.99,-119,2.25,
2026-09-02T20:22:02,2,1.855,48.41,46.9680,25.9,1.864,49.12,4.01,-120,2.25,
2026-09-02T20:22:03,2,1.845,47.57,46.9690,25.9,1.863,49.05,4.00,-120,2.00,
2026-09-02T20:22:04,2,1.849,47.96,46.9650,25.9,1.869,49.50,3.99,-120,1.75,
2026-09-02T20:22:05,2,1.857,48.54,46.9550,25.9,1.863,49.05,4.00,-120,2.00,
2026-09-02T20:22:07,2,1.857,48.54,46.9630,25.9,1.864,49.12,4.00,-120,2.50,
2026-09-02T20:22:09,2,1.840,47.18,46.9660,25.9,1.862,48.99,4.02,-120,2.50,
2026-09-02T20:22:10,2,1.845,47.63,46.9560,25.9,1.865,49.18,4.00,-120,2.25,
2026-09-02T20:22:11,2,1.857,48.54,46.9600,25.9,1.861,48.86,4.01,-120,2.50,
2026-09-02T20:22:13,2,1.861,48.86,46.9630,25.9,1.864,49.12,3.99,-120,2.25,
2026-09-02T20:22:14,2,1.859,48.73,46.9600,25.9,1.863,49.05,4.01,-120,2.00,
2026-09-02T20:22:15,2,1.843,47.44,46.9550,25.9,1.869,49.50,4.01,-120,2.25,
2026-09-02T20:22:16,2,1.857,48.54,46.9570,25.9,1.863,49.05,3.99,-120,2.00,
2026-09-02T20:22:18,2,1.844,47.50,46.9510,25.9,1.863,49.05,3.99,-120,2.50,
2026-09-02T20:22:19,2,1.857,48.54,46.9430,25.9,1.861,48.86,4.01,-120,2.25,
2026-09-02T20:22:21,2,1.843,47.44,46.9340,25.9,1.862,48.92,4.02,-120,2.00,
2026-09-02T20:22:22,2,1.860,48.79,46.9390,25.9,1.863,49.05,3.99,-119,2.50,
2026-09-02T20:22:23,2,1.850,48.02,46.9380,25.9,1.863,49.05,4.00,-120,2.25,
2026-09-02T20:22:24,2,1.845,47.57,46.9320,25.9,1.864,49.12,4.00,-120,2.00,
2026-09-02T20:22:25,2,1.858,48.60,46.9290,25.9,1.869,49.50,3.99,-120,2.00,
2026-09-02T20:22:26,2,1.842,47.38,46.9260,25.9,1.865,49.18,4.02,-120,2.50,
2026-09-02T20:22:27,2,1.844,47.50,46.9160,25.9,1.862,48.99,4.00,-120,2.25,
2026-09-02T20:22:28,2,1.856,48.47,46.9050,25.9,1.863,49.05,4.01,-120,2.00,
2026-09-02T20:22:29,2,1.847,47.76,46.9190,25.9,1.861,48.86,4.02,-120,2.50,
2026-09-02T20:22:30,2,1.862,48.99,46.9110,25.9,1.866,49.25,3.99,-119,2.25,
2026-09-02T20:22:31,2,1.856,48.47,46.9060,25.9,1.863,49.05,4.01,-120,2.25,
2026-09-02T20:22:33,2,1.848,47.83,46.9270,25.9,1.866,49.25,4.00,-120,2.50,
2026-09-02T20:22:34,2,1.860,48.79,46.9170,25.9,1.866,49.31,3.99,-120,2.25,
2026-09-02T20:22:35,2,1.845,47.63,46.9280,25.9,1.862,48.92,4.02,-120,2.00,
2026-09-02T20:22:36,2,1.845,47.57,46.9120,25.9,1.868,49.44,4.01,-120,2.25,
2026-09-02T20:22:37,2,1.856,48.47,46.9140,25.9,1.863,49.05,4.01,-120,2.25,
2026-09-02T20:22:38,2,1.841,47.31,46.9140,25.9,1.861,48.86,4.02,-120,2.50,
2026-09-02T20:22:39,2,1.842,47.38,46.9160,25.9,1.862,48.99,4.01,-120,2.25,
2026-09-02T20:22:40,2,1.856,48.47,46.9290,25.9,1.862,48.99,4.01,-120,2.25,
2026-09-02T20:22:41,2,1.846,47.70,46.9190,25.9,1.866,49.31,4.01,-120,2.50,
2026-09-02T20:22:42,2,1.861,48.86,46.9220,25.9,1.864,49.12,3.98,-120,2.25,
2026-09-02T20:22:44,2,1.859,48.73,46.9310,25.9,1.862,48.99,4.01,-120,2.25,
2026-09-02T20:22:45,2,1.845,47.63,46.9260,25.9,1.865,49.18,4.00,-120,2.25,
2026-09-02T20:22:46,2,1.858,48.60,46.9300,25.9,1.862,48.92,4.01,-120,2.50,
2026-09-02T20:22:47,2,1.842,47.38,46.9330,25.9,1.863,49.05,4.02,-120,2.25,
2026-09-02T20:22:48,2,1.845,47.57,46.9370,25.9,1.863,49.05,4.00,-120,2.25,
2026-09-02T20:22:49,2,1.859,48.73,46.9290,25.9,1.862,48.99,4.00,-120,2.25,
2026-09-02T20:22:50,2,1.843,47.44,46.9410,25.9,1.867,49.37,4.02,-120,2.25,
2026-09-02T20:22:51,2,1.862,48.99,46.9460,25.9,1.864,49.12,3.99,-119,2.25,
2026-09-02T20:22:52,2,1.856,48.47,46.9400,25.9,1.863,49.05,4.00,-120,2.00,
2026-09-02T20:22:53,2,1.844,47.50,46.9420,25.9,1.863,49.05,4.00,-120,2.00,
2026-09-02T20:22:54,2,1.860,48.79,46.9510,25.9,1.868,49.44,3.99,-120,2.00,
2026-09-02T20:22:56,2,1.843,47.44,46.9480,25.9,1.858,48.60,4.01,-120,2.00,
2026-09-02T20:22:57,2,1.844,47.50,46.9500,25.9,1.866,49.25,4.00,-120,2.00,
2026-09-02T20:22:58,2,1.858,48.60,46.9490,25.9,1.865,49.18,4.01,-120,2.25,
2026-09-02T20:22:59,2,1.843,47.44,46.9460,25.9,1.861,48.86,4.02,-120,2.50,
2026-09-02T20:23:00,2,1.864,49.12,46.9380,25.9,1.865,49.18,3.99,-120,2.50,
2026-09-02T20:23:01,2,1.857,48.54,46.9490,25.9,1.862,48.92,4.01,-120,2.00,
2026-09-02T20:23:02,2,1.862,48.92,46.9470,25.9,1.866,49.31,4.00,-120,2.25,
2026-09-02T20:23:04,2,1.843,47.44,46.9570,25.9,1.863,49.05,4.02,-120,2.00,
2026-09-02T20:23:05,2,1.847,47.76,46.9520,25.9,1.863,49.05,4.01,-121,2.25,
2026-09-02T20:23:06,2,1.858,48.67,46.9570,25.9,1.863,49.05,4.00,-120,1.75,
2026-09-02T20:23:08,2,1.845,47.63,46.9580,25.9,1.862,48.99,4.02,-120,2.50,
2026-09-02T20:23:10,2,1.858,48.60,46.9690,25.9,1.862,48.92,4.01,-120,2.25,
2026-09-02T20:23:11,2,1.846,47.70,46.9650,25.9,1.879,50.34,4.00,-120,2.25,
2026-09-02T20:23:12,2,1.860,48.79,46.9530,25.9,1.865,49.18,3.99,-120,2.25,
2026-09-02T20:23:13,2,1.872,49.76,46.9570,25.9,1.861,48.86,4.01,-120,2.25,
2026-09-02T20:23:15,2,1.858,48.60,46.9500,25.9,1.862,48.99,4.00,-120,2.25,
2026-09-02T20:23:16,2,1.844,47.50,46.9530,25.9,1.862,48.99,4.02,-120,2.25,
2026-09-02T20:23:17,2,1.845,47.57,46.9550,25.9,1.863,49.05,4.00,-120,2.25,
2026-09-02T20:23:18,2,1.858,48.60,46.9560,25.9,1.864,49.12,4.01,-120,2.25,
2026-09-02T20:23:20,2,1.846,47.70,46.9660,25.9,1.866,49.25,4.02,-120,2.25,
2026-09-02T20:23:21,2,1.859,48.73,46.9650,25.9,1.866,49.25,3.99,-120,2.25,
2026-09-02T20:23:22,2,1.858,48.60,46.9600,25.9,1.861,48.86,4.01,-120,2.50,
2026-09-02T20:23:23,2,1.838,47.05,46.9470,25.9,1.866,49.25,4.00,-120,2.00,
2026-09-02T20:23:24,2,1.858,48.60,46.9360,25.9,1.863,49.05,3.99,-120,2.00,
2026-09-02T20:23:25,2,1.841,47.31,46.9380,25.9,1.862,48.99,4.02,-120,2.00,
2026-09-02T20:23:26,2,1.845,47.57,46.9260,25.9,1.863,49.05,4.00,-120,2.25,
2026-09-02T20:23:27,2,1.856,48.47,46.9200,25.9,1.866,49.25,4.00,-120,2.25,
2026-09-02T20:23:28,2,1.841,47.25,46.9220,25.9,1.861,48.86,4.02,-120,2.25,
2026-09-02T20:23:29,2,1.859,48.73,46.9150,25.9,1.863,49.05,3.99,-120,2.25,
2026-09-02T20:23:31,2,1.855,48.41,46.9210,25.9,1.864,49.12,4.00,-120,2.25,
2026-09-02T20:23:32,2,1.844,47.50,46.9140,25.9,1.863,49.05,4.00,-120,2.00,
2026-09-02T20:23:33,2,1.854,48.34,46.9220,25.9,1.866,49.25,3.99,-120,2.25,
2026-09-02T20:23:34,2,1.844,47.50,46.9190,25.9,1.862,48.92,4.02,-120,2.00,
2026-09-02T20:23:35,2,1.846,47.70,46.9140,25.9,1.864,49.12,4.01,-120,2.25,
2026-09-02T20:23:36,2,1.856,48.47,46.9190,25.9,1.863,49.05,4.00,-120,2.25,
2026-09-02T20:23:37,2,1.845,47.63,46.9180,25.9,1.863,49.05,4.02,-120,2.50,
2026-09-02T20:23:38,2,1.864,49.12,46.9170,25.9,1.865,49.18,3.99,-120,2.25,
2026-09-02T20:23:39,2,1.856,48.47,46.9100,25.9,1.863,49.05,4.00,-120,2.00,
2026-09-02T20:23:40,2,1.844,47.50,46.9140,25.9,1.876,50.08,4.00,-120,2.25,
2026-09-02T20:23:41,2,1.858,48.67,46.9150,25.9,1.864,49.12,3.99,-120,2.25,
2026-09-02T20:23:43,2,1.842,47.38,46.9150,25.9,1.862,48.92,4.01,-120,2.25,
2026-09-02T20:23:44,2,1.839,47.12,46.9210,25.9,1.864,49.12,4.00,-120,2.00,
2026-09-02T20:23:45,2,1.858,48.67,46.9250,25.9,1.864,49.12,4.01,-120,2.25,
2026-09-02T20:23:46,2,1.841,47.25,46.9340,25.9,1.863,49.05,4.01,-120,2.50,
2026-09-02T20:23:47,2,1.854,48.34,46.9350,25.9,1.865,49.18,4.00,-120,2.25,
2026-09-02T20:23:48,2,1.857,48.54,46.9280,25.9,1.862,48.99,4.01,-120,2.50,
2026-09-02T20:23:49,2,1.839,47.12,46.9330,25.9,1.864,49.12,4.02,-120,1.75,
2026-09-02T20:23:50,2,1.859,48.73,46.9280,25.9,1.864,49.12,3.99,-121,-1.50,
2026-09-02T20:23:51,2,1.856,48.47,46.9260,25.9,1.866,49.25,4.01,-121,-0.25,
2026-09-02T20:23:52,2,1.845,47.63,46.9280,25.9,1.864,49.12,4.01,-123,-2.75,
2026-09-02T20:23:53,2,1.858,48.60,46.9190,25.9,1.868,49.44,3.99,-123,-3.00,
2026-09-02T20:23:55,2,1.841,47.31,46.9220,25.9,1.862,48.92,4.00,-117,1.75,
2026-09-02T20:23:56,2,1.858,48.67,46.9270,25.9,1.865,49.18,4.01,-123,-3.00,
